<VTKFile type="UnstructuredGrid" version="0.1" byte_order="LittleEndian" header_type="UInt32" compressor="vtkZLibDataCompressor">
  <UnstructuredGrid>
    <Piece NumberOfPoints="1394" NumberOfCells="1393">
      <PointData>
        <DataArray type="Float32" Name="Scalar" format="ascii" RangeMin="0.08544921875" RangeMax="16.953033447265625">
          0.08544922 3.4485931 0.119018555 0.875885 0.13428497 0.7507553
          0.15564728 0.4882965 0.16785431 3.0915222 0.21973419 1.4679413
          0.27161407 0.8239975 0.31433865 0.5157623 0.31433868 0.76906586
          0.3204422 4.098633 0.33264923 0.88809204 0.34485626 2.8840027
          0.34485626 2.3224564 0.36927032 0.39064026 0.7599106 0.39979553
          0.41505432 0.7385483 0.41505432 0.43946838 1.1841202 0.43946838
          0.85146326 0.4486237 0.45777893 0.6195221 0.4608307 0.46998596
          1.2024307 0.4882965 2.7527695 0.5035553 2.7130966 0.5035553
          0.70497894 0.5035553 3.4089203 0.56459045 1.5228729 0.5737457
          0.59510803 4.333626 0.5981598 1.0559387 2.1942825 0.63173676
          1.1963272 0.640892 0.6439438 0.67446136 2.8962097 0.7019272
          0.72634125 0.7873764 0.729393 5.4109344 3.5889742 0.91555786
          1.5686493 0.7812729 0.7873764 3.8697436 1.1871719 0.7965317
          1.3916473 0.875885 0.8331528 5.2919083 0.8392563 3.0243835
          0.8392563 0.875885 2.9023132 2.658165 0.91555786 0.9796448
          0.93081665 0.9430237 3.448593 0.94607544 0.9491272 1.4618378
          0.97354126 0.976593 8.557388 2.645958 1.0162659 2.807701
          1.0193176 1.0437317 5.185097 1.0498352 6.070129 4.712059
          1.0742493 8.062988 1.0742493 3.2959976 1.1139221 3.946045
          1.135292 1.2848282 1.1505508 1.1536026 1.3061905 1.1536026
          2.7893906 1.1749649 1.1841202 3.277687 3.6866379 1.2268448
          3.4699554 1.2512589 1.2726213 2.9725037 1.2787247 3.5920258
          2.4720001 1.3306046 5.493332 1.3550186 1.6724167 1.7273484
          1.4069061 3.5584562 1.4099579 1.434372 4.6082916 1.4374237
          1.4557343 1.5839081 9.781181 1.5167693 8.536026 1.5228728
          1.8555222 1.5411835 2.847374 1.6174773 1.6357956 2.835167
          1.6571579 3.9246826 1.6632614 2.6154327 9.347817 1.6998825
          3.5462492 1.7029341 2.2003858 1.7914352 4.5014796 1.794487
          1.8280563 2.3163528 1.8433151 2.7924423 2.3773956 1.8890991
          1.9013062 3.5340421 1.9348755 4.1230545 1.9348755 1.9348755
          2.3926544 1.9440308 1.9714966 3.006073 1.9776001 4.400772
          2.0508423 2.941986 2.0508423 2.6490097 2.0722046 2.2156448
          2.0752563 2.0813599 2.0905151 2.1210327 2.139351 5.035553
          2.1576614 4.8036118 2.175972 3.8636398 2.9725037 2.2370071
          2.2858353 2.917572 2.288887 2.2919388 2.6337512 2.3041458
          9.167763 2.3041458 3.8941648 2.313301 2.981659 3.289894
          2.3224564 3.8026047 8.523819 2.3316116 3.106781 2.337715
          3.5554047 2.3834991 2.9450378 2.3926544 2.6886826 3.9857178
          2.4323273 5.2003555 2.4384308 2.4658966 2.4689484 2.487259
          3.3814545 2.4933624 3.1495132 2.4964142 3.1983414 2.548294
          3.106781 2.5513458 8.80764 2.5666046 3.5584564 2.5818634
          2.5971222 2.6154327 7.684563 3.421127 2.6245956 2.6306992
          2.633751 3.2105484 6.131172 2.6551132 4.736473 2.6795273
          2.682579 4.773094 2.7130966 5.3956757 2.7375107 3.0091245
          2.7527695 2.7527695 3.2685318 2.7619247 2.7649765 3.204445
          2.7741318 2.8992615 2.7924423 2.9511414 2.7985458 3.5523527
          2.8107529 2.8107529 2.8229597 2.8412704 7.7730637 2.8534775
          8.346809 2.8717878 5.1484756 2.8840027 2.8870544 4.2603836
          2.8901062 4.290901 2.8931582 4.1138916 3.1495132 3.07016
          2.9084167 6.0548706 4.0742188 2.9511414 3.2502213 2.9602966
          3.6652756 2.9633484 2.9633484 3.4699557 6.7018657 3.082367
          4.367195 3.030487 3.421127 3.0549011 3.2197037 3.0549011
          4.3610916 3.0610046 3.204445 3.0610046 3.0640564 3.7812424
          3.0671082 4.046753 3.0671082 3.07016 3.5309908 4.318367
          3.0976257 3.1006775 4.7822495 4.8219223 3.106781 6.0365596
          3.8178635 3.106781 3.787346 3.118988 3.118988 3.1220398
          4.6418686 3.1220398 3.3204117 3.1250992 4.931793 3.1373062
          3.6042328 4.1993484 3.1556168 4.2146072 3.1800308 4.095581
          8.349861 3.2074966 3.6805344 3.8666916 3.5096283 3.2593765
          3.7446213 3.26548 3.2715836 3.6439135 3.2837906 3.2868423
          3.9796143 3.289894 4.0742188 3.2898943 3.2959979 7.733391
          3.314308 3.3143082 6.10675 3.31736 4.6327133 3.3265152
          4.0528564 3.3356705 3.3356705 3.366188 3.9613037 3.3753507
          5.3926234 3.3845065 6.90329 3.3997653 4.3855133 3.4028168
          3.4058685 4.1627274 3.411972 6.0731807 3.6896894 3.9643555
          3.9796143 3.4608002 4.229866 3.836174 3.4730072 6.665245
          3.4791107 4.1749344 3.4943695 5.752739 3.500473 4.895172
          3.5065763 4.388565 3.51268 7.702873 3.5187836 3.9826658
          3.5187836 5.8442917 3.5218353 4.068115 3.5401459 3.8544846
          5.9907837 3.5462494 3.552353 3.6530685 4.7303696 3.576767
          5.8778687 3.579819 5.154579 5.0386047 4.165779 3.610336
          3.613388 5.1881485 3.6256027 4.428238 3.6439133 4.391617
          5.4750214 5.6459274 3.671379 6.9338074 3.671379 3.6805344
          3.6866379 4.0284424 3.6957932 4.538101 3.7202075 6.543167
          3.747673 5.2400284 3.7629316 3.7690353 4.4099274 3.9643555
          3.7842941 3.8056564 3.8087082 3.8117602 3.8422775 3.8331223
          5.801567 4.1505203 4.2603836 3.8636398 6.277657 3.8666916
          4.828026 4.30616 3.8789062 4.2024 3.8880615 4.727318
          3.9216309 3.9368896 4.367195 3.958252 3.958252 3.9643552
          6.6347275 3.9674075 4.13221 4.345833 4.010132 4.962311
          4.043701 4.055908 4.1749344 4.071167 4.3519363 4.083374
          4.321419 4.0925293 4.0955815 5.121002 4.0986323 4.1047363
          6.7873154 4.1138916 5.9205933 4.1169434 4.1169434 4.119995
          4.675438 4.1230545 4.8921204 4.1230545 5.4994354 4.129158
          4.4557037 4.1352615 4.403824 4.141365 4.8310776 4.141365
          4.983673 4.1505203 4.1627274 4.8463364 4.165779 5.087433
          6.826988 4.168831 4.9043274 4.1718826 4.1749344 5.075226
          4.3488846 4.181038 4.2024 6.057922 4.354988 4.2115555
          5.1240616 6.9063416 4.229866 4.235969 4.638817 4.2390213
          4.2481766 4.257332 6.2379837 4.257332 4.6906967 4.2725906
          4.687645 4.281746 4.2847977 7.4587255 7.8005295 4.2970047
          4.647972 4.318367 6.8575063 4.727318 4.345833 5.78936
          4.3519363 4.513687 4.35804 4.35804 5.4506073 4.3610916
          4.3641434 6.2929153 4.763939 4.541153 5.2522354 4.3946686
          6.1098022 4.8036118 4.403824 4.4465485 5.73748 4.4190826
          7.5777435 4.4251857 4.4831696 4.428238 4.773094 4.428238
          4.818871 4.8188705 4.4312897 5.206459 4.4618073 5.8687057
          4.4709625 4.480118 5.716118 5.0447083 4.498428 4.5075836
          5.7832565 4.513687 5.1759415 4.51979 4.538101 4.538101
          7.129128 4.983673 4.5472565 4.5594635 4.5625153 4.8310776
          4.565567 4.5716705 8.224739 4.577774 4.577774 6.076233
          4.577774 4.577774 4.589981 4.5960846 4.986725 4.9440002
          4.6204987 5.304115 4.6204987 4.623558 5.3132706 4.62661
          4.6296616 4.6327133 4.9440002 6.1677938 4.635765 5.6215057
          8.673363 6.4027863 4.6418686 4.6449203 6.668297 6.1067505
          4.651024 4.651024 4.651024 4.983673 4.6571274 5.1026917
          4.687645 4.9928284 5.4719696 4.6906967 6.28376 4.6937485
          5.3285294 4.699852 5.816826 4.7059555 4.85244 5.0019836
          4.7120595 4.8463364 5.230873 4.736473 6.7842636 4.7425766
          7.3732758 4.74868 4.962311 4.7578354 4.770043 5.1362686
          4.788353 5.3010635 4.788353 5.163735 4.8188705 5.618454
          5.749687 7.6021576 4.8341293 4.8341293 4.8463364 6.90329
          5.0477595 4.846337 5.7130666 5.972473 4.8554916 4.8676987
          5.075226 4.8676987 5.29496 4.886017 5.526901 4.8890686
          4.8921204 5.7832565 7.0192566 4.907379 6.2654495 5.194252
          4.9378963 5.603195 4.9409485 5.5635223 4.947052 7.544174
          6.0823364 7.003998 4.962311 4.983673 8.081299 4.998932
          5.554367 4.986725 5.7954636 4.986725 4.986725 7.733391
          6.0701294 5.0538635 5.011139 5.0172424 5.8107224 5.0263977
          5.0263977 5.0294495 5.197304 5.0355535 5.969421 5.0386047
          5.0538635 6.286812 5.310219 5.084381 5.087433 5.108795
          5.087433 5.0904846 5.8564982 5.1057434 5.1912003 5.755791
          5.1667857 9.213539 5.1728897 5.182045 5.5726776 5.1881485
          5.7344284 6.2013626 6.012146 5.2156143 5.2278214 6.0670776
          5.8564987 5.2400284 6.4699254 5.2735977 5.2797017 5.7679977
          8.291878 5.9358525 5.5848846 5.3071666 5.417038 5.5391083
          5.3376846 5.3651505 5.389572 7.361061 5.401779 8.038574
          5.4078827 6.5645294 5.4078827 5.9175415 9.421065 5.4628143
          6.03656 6.5645294 5.478073 5.49028 6.5401154 5.493332
          5.493332 5.505539 5.505539 5.5116425 6.405838 5.514694
          5.5330048 5.932801 5.5513153 7.965332 5.554367 5.554367
          6.756798 5.7710495 5.5757294 5.5757294 5.5757294 5.578781
          6.567581 5.6001434 6.4882355 6.7354355 5.6581345 5.661186
          8.11792 5.664238 5.6703415 5.9785767 5.700859 5.7069626
          6.207466 7.647941 7.1077576 7.5502777 6.2562943 5.764946
          6.744591 5.764946 6.064026 9.128091 6.5126495 5.774101
          5.926697 5.792412 5.8015666 5.8931274 6.6621933 6.3142776
          5.8198776 5.84124 6.286812 5.847344 6.2440867 6.3570023
          6.244087 5.8717575 6.076233 8.658104 5.899231 8.212532
          5.908386 7.0253606 5.9114385 6.6316757 5.926697 5.926697
          5.9328003 6.411942 6.8666615 5.9419556 5.9450073 6.4119415
          5.948059 5.9541626 6.8788757 5.9663696 8.188118 6.454666
          5.9724736 8.078247 5.9785767 6.805626 5.9816284 6.0060425
          6.3875275 6.0335083 6.3570023 6.0548706 9.021271 6.064026
          8.410904 6.067077 6.1220093 6.6652446 7.9348145 6.595047
          10.650963 6.082336 10.037537 6.0884395 6.1403275 7.916504
          6.1067505 6.262398 6.848351 6.1098022 7.693718 6.112854
          6.40889 6.1189575 6.1281204 6.137275 6.1372757 6.3753204
          7.4770355 6.1769485 6.186104 6.7079697 6.210518 6.210518
          6.2257767 7.580795 6.2257767 6.228829 6.2410355 6.2501903
          7.544174 6.28376 7.757805 6.271553 7.1138616 7.351906
          6.2990184 6.6835556 7.104706 6.3722687 6.3966827 6.3966827
          7.040619 7.260353 7.2176285 6.4088893 6.6713486 6.418045
          6.707969 6.802574 6.491287 6.5034943 6.741539 6.509598
          6.894134 6.5126495 7.6967697 6.534012 6.9734797 6.659141
          6.543167 6.848351 6.546219 6.5492706 7.2939224 6.5523224
          7.3274918 6.5523224 6.558426 7.650994 6.5614777 7.0375676
          6.570633 7.284767 6.58284 9.418015 6.5858917 8.200326
          6.6042023 6.607254 7.248146 6.619461 7.8310475 7.245094
          6.6347275 6.8269887 7.6998215 6.6682963 6.8361435 7.052826
          6.6744 6.842247 6.6866074 7.2695084 6.692711 6.692711
          8.166756 7.458725 6.704918 7.989746 6.7110214 7.586899
          6.729332 6.7323837 8.838157 7.010102 6.741539 7.574692
          6.7842636 7.443466 8.215584 6.7964706 6.9002385 6.811729
          6.8147817 7.5472264 6.836143 7.2023697 7.3427505 6.8483505
          6.857506 7.39769 7.058929 7.339699 7.3793793 7.367165
          8.963287 7.293923 6.9582214 6.967376 7.2298355 6.982636
          7.07724 7.0009456 7.129128 7.0345154 7.061981 8.526871
          7.0680847 7.721184 7.083343 7.089447 7.284767 7.4495697
          7.11081 7.6876144 7.15049 7.9073486 7.187111 7.208473
          7.2573013 7.470932 8.505508 7.2786636 8.090453 7.5624847
          7.7150803 7.287819 7.4678802 7.3122325 7.535019 7.312233
          7.318336 7.354958 7.32444 7.32444 7.3671646 7.339699
          8.008057 8.056885 7.498398 7.379379 7.3793793 7.382431
          7.6265793 7.742546 7.6143646 7.473984 7.5502777 7.473984
          7.9195557 7.681511 7.522812 7.544174 7.99585 8.343758
          7.568588 8.435318 7.57164 10.577713 8.273567 7.599106
          7.6021576 8.035522 7.64489 7.831047 7.9836426 8.090454
          7.666252 7.669304 7.8524094 7.669304 7.81884 7.6723557
          8.020264 7.678459 7.681511 8.566544 8.731346 8.200325
          7.7150807 8.273567 7.7303386 7.7333903 7.9439697 7.9836426
          7.965332 7.7761154 7.937866 7.791374 8.1942215 7.840203
          7.846306 8.24305 8.764915 7.8768315 7.879883 7.879883
          7.8829346 7.885987 8.355964 7.8981934 9.19828 7.904297
          8.9236145 7.9195557 8.5421295 8.392593 8.059937 7.9592285
          8.282722 7.9622803 8.319344 7.9683833 7.983642 8.581802
          7.9836426 9.350868 7.9866943 8.352913 9.140297 8.008057
          8.163704 8.337654 8.062988 8.19117 8.279671 8.087402
          8.697777 8.343758 8.120972 8.496353 8.133186 8.270515
          8.145393 8.264412 8.154549 8.206429 8.160653 8.249153
          8.178963 8.185066 8.218636 9.396652 8.236947 8.410904
          8.24305 8.630637 8.249153 8.581802 8.294929 8.288826
          8.511612 8.301033 8.865623 8.310188 8.319344 10.2237015
          8.334602 9.543137 8.50856 8.484146 8.896149 8.728294
          8.352914 8.395645 8.359016 8.645897 8.362068 8.377335
          9.0121155 8.838158 10.040588 8.410904 8.734398 8.423111
          8.682517 8.444473 8.493301 8.813744 8.981597 8.661156
          8.597061 8.587906 8.600113 8.600113 9.088409 8.822899
          8.630638 8.792381 8.639793 8.648949 8.673363 8.667259
          9.411911 8.679466 8.725243 8.679466 9.030426 8.6886215
          9.033478 8.716087 9.820855 8.725243 8.786278 9.173866
          8.804588 8.908357 8.899201 8.822899 10.141304 8.893097
          8.874786 9.482101 8.880891 9.384445 8.890045 8.954132
          8.908356 8.908356 8.963287 9.350868 9.1586075 8.981598
          9.1586075 8.996857 9.277626 8.999908 9.134193 8.999908
          9.021271 9.033478 9.018219 9.021271 9.051788 9.0243225
          9.115875 9.063996 9.076202 9.164711 9.079253 9.140297
          9.121979 10.242012 9.131142 9.17997 9.134193 9.317299
          9.137245 9.469894 9.152504 9.155557 9.28373 9.436325
          9.326455 9.225746 9.183022 9.189125 9.222693 9.30204
          9.222694 9.265419 9.228798 9.244057 9.256265 9.308144
          9.2593155 9.646905 9.442429 9.286781 9.433273 9.332558
          9.47905 9.341713 9.396652 10.287788 9.350868 9.402755
          9.598068 9.3600235 9.372237 9.570602 9.457688 9.408859
          9.475998 9.411911 9.802543 9.411911 9.433273 9.912415
          9.436325 9.433273 9.527878 9.509567 9.475998 10.068054
          9.546188 9.878845 9.509567 9.6072235 9.53093 9.662163
          9.540085 9.54924 9.555344 10.071106 9.579758 9.613327
          9.598068 9.656059 9.643852 9.634697 9.775078 9.747612
          9.775078 10.003967 9.866631 10.16877 9.875793 9.912415
          9.8880005 10.412918 9.903259 11.154518 9.909363 10.150459
          9.982605 9.930725 10.019226 9.93988 10.1352005 9.97345
          10.000916 10.071106 10.016174 10.1352005 10.02533 10.644858
          10.071106 10.040588 10.107727 10.04364 10.055847 11.377304
          10.168769 10.129097 10.171822 10.132149 10.156563 10.16877
          10.174873 10.174873 10.174873 10.202339 10.260323 10.205391
          10.327461 10.208443 10.3244095 10.226753 11.17588 10.23896
          10.306099 10.245064 10.431229 10.284737 10.287788 10.406815
          10.293892 10.345772 10.379349 10.327461 10.68148 10.351875
          10.403763 10.449539 10.440384 10.446487 10.473953 10.525833
          10.489212 10.727257 10.702843 10.971405 10.754723 10.92868
          11.33152 10.9530945 10.956146 11.224709 11.224709 11.716057
          11.612289 16.953033
        </DataArray>
        <DataArray type="UInt8" Name="ttkMaskScalarField" format="ascii" RangeMin="0" RangeMax="0">
          0 0 0 0 0 0
          0 0 0 0 0 0
          0 0 0 0 0 0
          0 0 0 0 0 0
          0 0 0 0 0 0
          0 0 0 0 0 0
          0 0 0 0 0 0
          0 0 0 0 0 0
          0 0 0 0 0 0
          0 0 0 0 0 0
          0 0 0 0 0 0
          0 0 0 0 0 0
          0 0 0 0 0 0
          0 0 0 0 0 0
          0 0 0 0 0 0
          0 0 0 0 0 0
          0 0 0 0 0 0
          0 0 0 0 0 0
          0 0 0 0 0 0
          0 0 0 0 0 0
          0 0 0 0 0 0
          0 0 0 0 0 0
          0 0 0 0 0 0
          0 0 0 0 0 0
          0 0 0 0 0 0
          0 0 0 0 0 0
          0 0 0 0 0 0
          0 0 0 0 0 0
          0 0 0 0 0 0
          0 0 0 0 0 0
          0 0 0 0 0 0
          0 0 0 0 0 0
          0 0 0 0 0 0
          0 0 0 0 0 0
          0 0 0 0 0 0
          0 0 0 0 0 0
          0 0 0 0 0 0
          0 0 0 0 0 0
          0 0 0 0 0 0
          0 0 0 0 0 0
          0 0 0 0 0 0
          0 0 0 0 0 0
          0 0 0 0 0 0
          0 0 0 0 0 0
          0 0 0 0 0 0
          0 0 0 0 0 0
          0 0 0 0 0 0
          0 0 0 0 0 0
          0 0 0 0 0 0
          0 0 0 0 0 0
          0 0 0 0 0 0
          0 0 0 0 0 0
          0 0 0 0 0 0
          0 0 0 0 0 0
          0 0 0 0 0 0
          0 0 0 0 0 0
          0 0 0 0 0 0
          0 0 0 0 0 0
          0 0 0 0 0 0
          0 0 0 0 0 0
          0 0 0 0 0 0
          0 0 0 0 0 0
          0 0 0 0 0 0
          0 0 0 0 0 0
          0 0 0 0 0 0
          0 0 0 0 0 0
          0 0 0 0 0 0
          0 0 0 0 0 0
          0 0 0 0 0 0
          0 0 0 0 0 0
          0 0 0 0 0 0
          0 0 0 0 0 0
          0 0 0 0 0 0
          0 0 0 0 0 0
          0 0 0 0 0 0
          0 0 0 0 0 0
          0 0 0 0 0 0
          0 0 0 0 0 0
          0 0 0 0 0 0
          0 0 0 0 0 0
          0 0 0 0 0 0
          0 0 0 0 0 0
          0 0 0 0 0 0
          0 0 0 0 0 0
          0 0 0 0 0 0
          0 0 0 0 0 0
          0 0 0 0 0 0
          0 0 0 0 0 0
          0 0 0 0 0 0
          0 0 0 0 0 0
          0 0 0 0 0 0
          0 0 0 0 0 0
          0 0 0 0 0 0
          0 0 0 0 0 0
          0 0 0 0 0 0
          0 0 0 0 0 0
          0 0 0 0 0 0
          0 0 0 0 0 0
          0 0 0 0 0 0
          0 0 0 0 0 0
          0 0 0 0 0 0
          0 0 0 0 0 0
          0 0 0 0 0 0
          0 0 0 0 0 0
          0 0 0 0 0 0
          0 0 0 0 0 0
          0 0 0 0 0 0
          0 0 0 0 0 0
          0 0 0 0 0 0
          0 0 0 0 0 0
          0 0 0 0 0 0
          0 0 0 0 0 0
          0 0 0 0 0 0
          0 0 0 0 0 0
          0 0 0 0 0 0
          0 0 0 0 0 0
          0 0 0 0 0 0
          0 0 0 0 0 0
          0 0 0 0 0 0
          0 0 0 0 0 0
          0 0 0 0 0 0
          0 0 0 0 0 0
          0 0 0 0 0 0
          0 0 0 0 0 0
          0 0 0 0 0 0
          0 0 0 0 0 0
          0 0 0 0 0 0
          0 0 0 0 0 0
          0 0 0 0 0 0
          0 0 0 0 0 0
          0 0 0 0 0 0
          0 0 0 0 0 0
          0 0 0 0 0 0
          0 0 0 0 0 0
          0 0 0 0 0 0
          0 0 0 0 0 0
          0 0 0 0 0 0
          0 0 0 0 0 0
          0 0 0 0 0 0
          0 0 0 0 0 0
          0 0 0 0 0 0
          0 0 0 0 0 0
          0 0 0 0 0 0
          0 0 0 0 0 0
          0 0 0 0 0 0
          0 0 0 0 0 0
          0 0 0 0 0 0
          0 0 0 0 0 0
          0 0 0 0 0 0
          0 0 0 0 0 0
          0 0 0 0 0 0
          0 0 0 0 0 0
          0 0 0 0 0 0
          0 0 0 0 0 0
          0 0 0 0 0 0
          0 0 0 0 0 0
          0 0 0 0 0 0
          0 0 0 0 0 0
          0 0 0 0 0 0
          0 0 0 0 0 0
          0 0 0 0 0 0
          0 0 0 0 0 0
          0 0 0 0 0 0
          0 0 0 0 0 0
          0 0 0 0 0 0
          0 0 0 0 0 0
          0 0 0 0 0 0
          0 0 0 0 0 0
          0 0 0 0 0 0
          0 0 0 0 0 0
          0 0 0 0 0 0
          0 0 0 0 0 0
          0 0 0 0 0 0
          0 0 0 0 0 0
          0 0 0 0 0 0
          0 0 0 0 0 0
          0 0 0 0 0 0
          0 0 0 0 0 0
          0 0 0 0 0 0
          0 0 0 0 0 0
          0 0 0 0 0 0
          0 0 0 0 0 0
          0 0 0 0 0 0
          0 0 0 0 0 0
          0 0 0 0 0 0
          0 0 0 0 0 0
          0 0 0 0 0 0
          0 0 0 0 0 0
          0 0 0 0 0 0
          0 0 0 0 0 0
          0 0 0 0 0 0
          0 0 0 0 0 0
          0 0 0 0 0 0
          0 0 0 0 0 0
          0 0 0 0 0 0
          0 0 0 0 0 0
          0 0 0 0 0 0
          0 0 0 0 0 0
          0 0 0 0 0 0
          0 0 0 0 0 0
          0 0 0 0 0 0
          0 0 0 0 0 0
          0 0 0 0 0 0
          0 0 0 0 0 0
          0 0 0 0 0 0
          0 0 0 0 0 0
          0 0 0 0 0 0
          0 0 0 0 0 0
          0 0 0 0 0 0
          0 0 0 0 0 0
          0 0 0 0 0 0
          0 0 0 0 0 0
          0 0 0 0 0 0
          0 0 0 0 0 0
          0 0 0 0 0 0
          0 0 0 0 0 0
          0 0 0 0 0 0
          0 0 0 0 0 0
          0 0 0 0 0 0
          0 0 0 0 0 0
          0 0 0 0 0 0
          0 0 0 0 0 0
          0 0 0 0 0 0
          0 0 0 0 0 0
          0 0 0 0 0 0
          0 0 0 0 0 0
          0 0 0 0 0 0
          0 0 0 0 0 0
          0 0 0 0 0 0
          0 0 0 0 0 0
          0 0 0 0 0 0
          0 0 0 0 0 0
          0 0
        </DataArray>
      </PointData>
      <CellData Scalars="SegmentationId">
        <DataArray type="Int32" Name="SegmentationId" format="ascii" RangeMin="0" RangeMax="1392">
          0 1 2 3 4 5
          6 7 8 9 10 11
          12 13 14 15 16 17
          18 19 20 21 22 23
          24 701 25 26 27 705
          28 29 30 31 715 32
          33 34 35 36 719 37
          38 712 700 711 706 39
          40 725 41 704 42 43
          44 714 45 1234 699 708
          46 733 47 48 49 50
          51 52 736 53 54 55
          56 722 57 58 59 60
          61 62 63 64 713 65
          731 723 716 66 67 68
          69 744 746 70 71 728
          72 73 74 75 76 735
          703 77 78 720 79 759
          757 80 81 82 83 753
          84 85 755 86 87 88
          89 1237 90 91 92 93
          94 95 96 97 98 99
          100 101 102 103 104 105
          106 107 778 765 777 108
          109 110 111 112 113 114
          767 115 710 116 117 772
          118 119 771 120 121 122
          123 794 124 125 126 127
          128 129 130 131 132 763
          133 134 135 784 745 776
          136 782 137 138 792 139
          718 140 141 717 142 143
          144 145 747 768 146 147
          738 148 149 150 761 151
          760 152 153 709 154 155
          156 157 724 1246 732 158
          783 775 791 159 809 160
          161 162 750 801 787 773
          806 730 163 164 165 166
          167 168 169 170 1241 171
          1259 702 172 173 798 174
          789 175 176 177 178 179
          180 181 796 827 182 183
          797 808 822 184 831 820
          823 185 186 807 187 748
          188 189 817 190 191 742
          192 193 194 195 833 196
          197 198 199 200 795 201
          202 203 204 1235 205 803
          819 734 698 206 749 818
          207 208 209 210 211 851
          212 213 214 215 826 769
          216 764 217 1244 218 790
          754 800 219 220 840 751
          835 221 222 223 224 841
          863 816 225 226 838 227
          228 869 1268 229 230 839
          231 232 233 824 234 830
          788 235 236 237 1260 238
          875 876 862 781 239 240
          873 727 241 242 786 243
          762 244 743 245 246 847
          247 883 858 248 884 1258
          860 1252 249 870 250 825
          846 251 1251 252 843 842
          253 254 837 255 256 707
          257 815 258 259 260 261
          770 262 263 264 890 265
          266 267 268 888 269 852
          270 1271 271 272 273 855
          901 274 891 275 880 276
          836 853 277 278 279 280
          281 282 813 908 283 284
          285 814 286 913 287 1233
          886 721 288 1284 903 885
          289 907 290 291 292 821
          293 1264 882 850 1276 867
          294 774 295 895 874 296
          297 298 299 866 300 920
          894 301 302 303 922 304
          766 305 306 916 307 871
          308 309 1282 310 311 312
          313 314 315 316 317 318
          319 320 756 321 322 323
          324 325 326 915 327 906
          832 328 329 1250 330 331
          332 333 898 334 911 335
          910 336 337 338 1238 339
          881 931 938 340 934 341
          342 343 953 344 923 804
          828 345 346 1253 780 1280
          347 924 1256 879 933 896
          348 349 350 937 1262 351
          952 352 353 354 355 356
          357 892 857 900 358 834
          359 360 963 943 361 956
          1281 362 363 897 959 946
          364 365 939 366 948 974
          971 367 368 369 370 371
          779 372 373 960 930 1298
          374 979 902 964 375 899
          376 377 378 947 379 980
          887 905 1289 812 1255 976
          380 381 929 382 739 383
          865 982 1270 1254 793 925
          384 385 1299 872 386 942
          387 388 729 965 958 940
          389 1285 941 950 390 391
          392 848 805 393 394 395
          726 1263 917 396 984 1272
          397 398 752 399 400 893
          401 402 403 404 966 405
          1305 406 407 1303 408 989
          985 409 410 411 412 991
          413 969 1296 944 992 414
          415 416 417 418 419 962
          927 986 957 1007 856 1386
          420 421 990 1307 422 928
          967 1283 423 973 424 877
          977 951 425 426 861 427
          981 1000 926 428 864 1014
          429 430 431 1005 889 432
          433 1015 434 998 1002 435
          436 437 438 439 978 1004
          440 441 1008 442 1249 443
          1009 444 829 995 1257 445
          904 446 1011 447 987 740
          1003 1021 936 1017 448 1286
          449 845 450 1028 919 451
          452 453 1312 454 1239 455
          456 1033 1012 457 458 1279
          1013 459 460 461 462 463
          909 464 1016 1038 465 1031
          1034 968 466 878 1329 949
          1278 1040 918 467 1026 1316
          1045 468 1331 1027 469 470
          1269 997 471 1036 1022 1319
          472 1043 988 1327 473 474
          475 1333 476 477 996 478
          1049 479 480 481 482 483
          484 994 1311 1304 485 486
          487 1039 488 489 490 1047
          1054 491 1317 1061 1245 854
          492 945 1058 493 1046 494
          495 496 1247 497 1313 1065
          498 499 500 1037 1050 501
          1010 1001 954 502 1267 503
          1391 1025 504 505 1335 1075
          506 1302 1066 507 1295 1338
          508 914 1042 1023 1051 1326
          961 849 1277 868 509 510
          1053 511 512 1020 1332 1287
          1019 513 1315 1048 1275 1337
          514 515 1081 516 517 1064
          1322 518 1076 1082 932 519
          520 1078 521 1318 1080 1071
          1062 522 1073 1067 523 1059
          1086 524 1055 1091 525 526
          527 528 529 1056 530 1325
          1095 1294 1094 1274 1341 1085
          955 531 1324 532 533 1292
          1074 1340 1350 912 1352 1089
          534 535 1300 1306 536 1092
          1044 970 537 1077 1079 1098
          1343 538 539 1320 921 1041
          1070 540 1288 541 1291 1097
          542 1297 1057 543 544 545
          546 547 548 1103 802 1087
          1035 1052 1261 859 1339 549
          1084 550 551 844 975 1387
          1308 810 552 553 1093 1107
          1105 1063 554 555 1106 556
          557 558 559 560 561 562
          1088 1273 563 1099 1321 1109
          1110 564 565 1112 999 566
          567 1390 568 1356 569 1069
          1100 570 1096 1108 1104 993
          1357 1353 741 571 1024 972
          572 1090 1342 1006 573 574
          575 576 577 1123 1068 578
          579 1310 1130 1345 1129 1334
          1128 1018 1388 1323 935 580
          581 1111 582 1360 1127 1126
          1113 1336 1309 1118 583 1240
          1385 584 585 1119 586 587
          1354 1351 1349 811 1265 1122
          588 1115 589 590 591 1135
          1138 1030 592 1131 593 1101
          594 1266 595 1125 1348 1143
          1133 1236 1083 758 1117 737
          1314 1120 1243 596 1358 1145
          597 1132 598 599 1139 600
          1114 1366 601 1149 1290 602
          603 1142 604 1124 605 1151
          606 1359 1148 1141 1355 607
          1147 608 799 1144 1361 609
          1072 1363 1134 610 611 612
          1362 1347 1367 613 614 1156
          1161 1160 615 1371 1162 616
          617 618 619 1140 620 621
          1029 1167 622 1152 1153 1168
          1169 623 624 625 1146 1171
          626 1170 627 1166 628 629
          1346 1173 630 631 1369 1164
          1172 785 1155 1174 632 633
          1116 983 634 635 1178 636
          637 638 639 1180 1165 1177
          640 1179 1181 1175 1373 641
          642 1248 643 1121 1163 644
          645 1159 1183 1185 1186 646
          1150 647 648 1060 1293 1374
          649 1189 1389 1368 1375 1377
          1176 650 1187 1184 1158 651
          1378 1392 652 653 1137 1365
          1193 654 1376 655 656 1372
          1191 1195 657 1197 1182 1196
          1192 658 1198 659 1242 1188
          1154 660 661 1370 662 663
          664 1344 1201 665 666 667
          1207 668 1199 669 1205 670
          1032 1328 671 672 673 1190
          1208 1211 1194 1210 674 675
          1209 1206 1157 1204 1213 1381
          1200 676 1212 677 1215 1214
          678 679 680 1136 681 682
          1364 683 1216 684 1382 685
          686 1220 1218 687 1217 1223
          688 1383 1225 1222 1202 1221
          689 690 1226 1227 691 1228
          1102 1330 1301 1224 692 1229
          693 694 695 696 1231 1203
          1219 1384 1380 1230 1379 697
          1232
        </DataArray>
        <DataArray type="Int32" Name="upNodeId" format="ascii" RangeMin="25" RangeMax="1393">
          296 58 44 25 241 102
          51 29 46 395 59 207
          152 29 45 59 43 25
          82 55 44 34 82 86
          189 51 186 40 34 291
          105 40 445 73 140 85
          55 43 212 46 45 49
          654 322 61 49 107 105
          361 84 95 57 638 229
          84 57 214 58 181 85
          61 68 207 295 73 101
          68 1139 178 198 198 622
          761 526 1064 275 368 91
          178 92 194 101 91 269
          86 194 337 298 92 224
          323 95 163 662 113 116
          318 116 500 102 108 1300
          108 1137 107 121 204 121
          662 113 202 366 173 1249
          313 141 152 480 212 150
          195 155 195 311 402 202
          158 155 227 463 217 179
          142 150 140 141 142 594
          544 357 158 173 225 181
          216 227 177 1225 364 226
          272 348 1135 246 317 224
          218 184 379 628 177 216
          163 184 286 254 258 244
          1172 319 225 286 1006 293
          368 241 179 262 186 778
          319 532 293 539 189 650
          402 228 357 291 267 204
          259 311 213 229 220 267
          315 254 220 214 348 1021
          213 1113 615 313 217 434
          439 397 255 226 238 258
          754 218 388 228 264 331
          272 299 866 238 240 259
          457 244 294 263 455 260
          264 345 383 246 240 310
          269 443 255 540 548 752
          352 347 366 262 510 280
          569 324 422 263 426 392
          260 1114 310 334 360 305
          569 341 322 280 329 275
          323 345 377 389 388 315
          1017 294 769 295 507 384
          364 324 371 649 298 901
          459 305 413 299 296 763
          338 374 376 427 594 354
          857 419 700 566 374 460
          1011 378 718 318 379 386
          356 748 329 317 330 330
          361 530 724 331 616 597
          415 622 624 471 461 659
          334 688 903 434 347 337
          381 338 352 485 341 834
          633 360 466 373 540 356
          386 354 427 355 355 713
          411 435 384 548 801 549
          441 778 424 528 377 392
          389 458 371 373 378 419
          376 459 852 376 383 439
          406 447 381 576 413 426
          424 485 420 449 395 466
          444 449 415 612 397 549
          411 880 730 406 455 422
          518 565 665 474 510 465
          551 579 518 444 465 555
          605 886 567 420 602 474
          448 448 748 756 451 613
          463 902 445 509 451 435
          792 522 443 457 520 565
          969 1024 441 513 895 576
          447 529 507 526 460 709
          483 483 628 656 461 471
          806 458 536 500 488 635
          772 543 473 473 698 988
          478 538 547 545 629 478
          547 722 649 696 598 480
          513 707 620 545 598 488
          529 928 580 551 528 550
          532 1090 566 764 555 530
          522 584 572 641 538 644
          509 635 573 782 687 1156
          816 520 859 771 638 584
          581 609 544 586 658 803
          573 645 715 558 588 536
          556 632 579 878 558 960
          575 698 539 586 614 556
          543 640 580 617 616 581
          597 686 550 699 602 992
          567 605 900 599 609 695
          743 572 603 639 670 641
          708 911 695 614 799 626
          685 685 677 575 979 767
          909 588 1067 708 587 675
          711 587 659 1018 762 601
          632 617 714 613 639 633
          627 742 601 675 599 603
          612 805 643 654 615 640
          611 611 720 626 625 720
          643 650 625 645 701 620
          1231 658 627 678 624 697
          785 750 629 701 707 806
          792 760 721 644 824 754
          677 704 1103 736 683 700
          761 715 655 672 683 688
          656 957 655 1061 841 665
          729 772 1264 753 842 672
          824 832 722 764 696 670
          714 678 817 718 960 735
          686 1048 721 687 877 711
          705 697 704 736 762 843
          743 709 825 877 873 729
          1071 699 746 750 769 786
          997 903 705 924 982 797
          876 758 1213 829 753 735
          733 730 782 713 786 725
          855 808 725 733 804 794
          810 795 724 765 1152 866
          1087 912 758 851 767 746
          742 816 909 821 896 763
          820 969 897 752 1081 823
          1066 883 765 808 880 813
          756 771 760 809 785 1200
          794 1123 820 797 776 856
          1042 847 1376 776 1320 857
          781 1039 798 825 892 1008
          819 873 924 813 804 781
          801 812 974 795 847 803
          869 799 805 989 896 823
          841 797 798 829 978 802
          802 1020 810 926 821 843
          809 886 955 862 856 923
          812 851 817 862 883 915
          938 933 819 859 860 832
          834 902 868 882 895 874
          898 842 1009 906 854 852
          893 906 944 951 1320 998
          860 914 882 854 941 1263
          855 1085 900 936 1027 868
          935 923 887 941 876 1010
          869 889 916 890 874 939
          878 1078 968 1055 944 890
          990 935 1176 910 897 938
          898 987 892 966 1088 887
          893 899 926 981 889 899
          931 939 954 936 957 910
          982 965 917 953 962 901
          959 916 1191 945 912 934
          914 920 927 987 911 915
          962 931 927 917 920 928
          1136 1014 966 959 942 934
          967 1007 933 951 974 1038
          1018 953 942 955 998 981
          1123 971 1132 989 1069 984
          1012 945 967 970 977 1024
          956 954 956 958 1058 1062
          1008 1011 965 958 979 968
          975 1027 1021 1014 995 1019
          971 977 970 994 1039 978
          983 1041 975 1005 983 1006
          988 995 1056 984 1112 1007
          1067 1127 1374 997 990 1099
          992 1005 994 1060 1020 1042
          1026 1053 1070 1017 1030 1025
          1059 1263 1026 1009 1010 1140
          1166 1012 1019 1084 1070 1055
          1098 1048 1059 1038 1025 1044
          1051 1047 1043 1044 1043 1053
          1112 1083 1030 1093 1168 1090
          1047 1098 1152 1117 1230 1041
          1188 1056 1138 1121 1051 1062
          1063 1101 1107 1064 1061 1060
          1141 1058 1251 1114 1115 1218
          1071 1077 1063 1081 1110 1140
          1088 1078 1069 1066 1082 1100
          1161 1111 1101 1077 1131 1097
          1096 1086 1084 1095 1085 1082
          1115 1083 1089 1256 1135 1086
          1087 1089 1093 1095 1097 1125
          1147 1099 1147 1096 1100 1125
          1142 1104 1103 1110 1134 1104
          1107 1178 1121 1111 1347 1282
          1113 1117 1133 1129 1183 1165
          1122 1122 1150 1127 1197 1177
          1134 1321 1167 1129 1159 1137
          1133 1131 1173 1132 1172 1141
          1136 1156 1138 1192 1139 1142
          1153 1144 1144 1145 1145 1150
          1210 1174 1170 1166 1153 1155
          1264 1155 1260 1159 1177 1163
          1203 1161 1204 1163 1302 1165
          1203 1167 1173 1168 1170 1226
          1174 1187 1178 1184 1176 1334
          1183 1182 1182 1276 1255 1189
          1187 1184 1200 1188 1192 1189
          1249 1191 1252 1197 1222 1223
          1240 1215 1201 1205 1205 1206
          1201 1204 1213 1222 1206 1211
          1210 1211 1224 1251 1215 1219
          1219 1350 1227 1218 1245 1272
          1224 1230 1223 1241 1269 1246
          1225 1226 1227 1234 1234 1260
          1231 1240 1243 1241 1239 1239
          1252 1244 1294 1243 1245 1270
          1256 1244 1246 1265 1255 1275
          1257 1354 1258 1276 1289 1258
          1275 1257 1286 1265 1271 1274
          1269 1301 1267 1309 1268 1268
          1267 1270 1271 1279 1278 1272
          1274 1325 1278 1283 1305 1290
          1279 1282 1296 1284 1283 1284
          1286 1328 1289 1291 1295 1290
          1291 1293 1293 1294 1295 1296
          1298 1298 1300 1316 1301 1302
          1305 1338 1310 1309 1366 1385
          1335 1310 1314 1318 1333 1314
          1316 1326 1318 1332 1321 1326
          1375 1327 1329 1327 1325 1390
          1329 1328 1332 1337 1340 1336
          1333 1334 1335 1336 1337 1338
          1340 1343 1342 1342 1343 1347
          1352 1360 1358 1350 1386 1357
          1352 1367 1354 1358 1357 1365
          1361 1360 1363 1377 1361 1363
          1364 1364 1365 1366 1367 1370
          1370 1371 1371 1373 1373 1374
          1375 1376 1377 1379 1379 1384
          1386 1389 1385 1384 1387 1388
          1387 1388 1389 1390 1392 1392
          1393
        </DataArray>
        <DataArray type="Int32" Name="downNodeId" format="ascii" RangeMin="0" RangeMax="1392">
          0 1 2 3 4 5
          6 7 8 9 10 11
          12 13 14 15 16 17
          18 19 20 21 22 23
          24 25 26 27 28 29
          30 31 32 33 34 35
          36 37 38 39 40 41
          42 43 44 45 46 47
          48 49 50 51 52 53
          54 55 56 57 58 59
          60 61 62 63 64 65
          66 67 68 69 70 71
          72 73 74 75 76 77
          78 79 80 81 82 83
          84 85 86 87 88 89
          90 91 92 93 94 95
          96 97 98 99 100 101
          102 103 104 105 106 107
          108 109 110 111 112 113
          114 115 116 117 118 119
          120 121 122 123 124 125
          126 127 128 129 130 131
          132 133 134 135 136 137
          138 139 140 141 142 143
          144 145 146 147 148 149
          150 151 152 153 154 155
          156 157 158 159 160 161
          162 163 164 165 166 167
          168 169 170 171 172 173
          174 175 176 177 178 179
          180 181 182 183 184 185
          186 187 188 189 190 191
          192 193 194 195 196 197
          198 199 200 201 202 203
          204 205 206 207 208 209
          210 211 212 213 214 215
          216 217 218 219 220 221
          222 223 224 225 226 227
          228 229 230 231 232 233
          234 235 236 237 238 239
          240 241 242 243 244 245
          246 247 248 249 250 251
          252 253 254 255 256 257
          258 259 260 261 262 263
          264 265 266 267 268 269
          270 271 272 273 274 275
          276 277 278 279 280 281
          282 283 284 285 286 287
          288 289 290 291 292 293
          294 295 296 297 298 299
          300 301 302 303 304 305
          306 307 308 309 310 311
          312 313 314 315 316 317
          318 319 320 321 322 323
          324 325 326 327 328 329
          330 331 332 333 334 335
          336 337 338 339 340 341
          342 343 344 345 346 347
          348 349 350 351 352 353
          354 355 356 357 358 359
          360 361 362 363 364 365
          366 367 368 369 370 371
          372 373 374 375 376 377
          378 379 380 381 382 383
          384 385 386 387 388 389
          390 391 392 393 394 395
          396 397 398 399 400 401
          402 403 404 405 406 407
          408 409 410 411 412 413
          414 415 416 417 418 419
          420 421 422 423 424 425
          426 427 428 429 430 431
          432 433 434 435 436 437
          438 439 440 441 442 443
          444 445 446 447 448 449
          450 451 452 453 454 455
          456 457 458 459 460 461
          462 463 464 465 466 467
          468 469 470 471 472 473
          474 475 476 477 478 479
          480 481 482 483 484 485
          486 487 488 489 490 491
          492 493 494 495 496 497
          498 499 500 501 502 503
          504 505 506 507 508 509
          510 511 512 513 514 515
          516 517 518 519 520 521
          522 523 524 525 526 527
          528 529 530 531 532 533
          534 535 536 537 538 539
          540 541 542 543 544 545
          546 547 548 549 550 551
          552 553 554 555 556 557
          558 559 560 561 562 563
          564 565 566 567 568 569
          570 571 572 573 574 575
          576 577 578 579 580 581
          582 583 584 585 586 587
          588 589 590 591 592 593
          594 595 596 597 598 599
          600 601 602 603 604 605
          606 607 608 609 610 611
          612 613 614 615 616 617
          618 619 620 621 622 623
          624 625 626 627 628 629
          630 631 632 633 634 635
          636 637 638 639 640 641
          642 643 644 645 646 647
          648 649 650 651 652 653
          654 655 656 657 658 659
          660 661 662 663 664 665
          666 667 668 669 670 671
          672 673 674 675 676 677
          678 679 680 681 682 683
          684 685 686 687 688 689
          690 691 692 693 694 695
          696 697 698 699 700 701
          702 703 704 705 706 707
          708 709 710 711 712 713
          714 715 716 717 718 719
          720 721 722 723 724 725
          726 727 728 729 730 731
          732 733 734 735 736 737
          738 739 740 741 742 743
          744 745 746 747 748 749
          750 751 752 753 754 755
          756 757 758 759 760 761
          762 763 764 765 766 767
          768 769 770 771 772 773
          774 775 776 777 778 779
          780 781 782 783 784 785
          786 787 788 789 790 791
          792 793 794 795 796 797
          798 799 800 801 802 803
          804 805 806 807 808 809
          810 811 812 813 814 815
          816 817 818 819 820 821
          822 823 824 825 826 827
          828 829 830 831 832 833
          834 835 836 837 838 839
          840 841 842 843 844 845
          846 847 848 849 850 851
          852 853 854 855 856 857
          858 859 860 861 862 863
          864 865 866 867 868 869
          870 871 872 873 874 875
          876 877 878 879 880 881
          882 883 884 885 886 887
          888 889 890 891 892 893
          894 895 896 897 898 899
          900 901 902 903 904 905
          906 907 908 909 910 911
          912 913 914 915 916 917
          918 919 920 921 922 923
          924 925 926 927 928 929
          930 931 932 933 934 935
          936 937 938 939 940 941
          942 943 944 945 946 947
          948 949 950 951 952 953
          954 955 956 957 958 959
          960 961 962 963 964 965
          966 967 968 969 970 971
          972 973 974 975 976 977
          978 979 980 981 982 983
          984 985 986 987 988 989
          990 991 992 993 994 995
          996 997 998 999 1000 1001
          1002 1003 1004 1005 1006 1007
          1008 1009 1010 1011 1012 1013
          1014 1015 1016 1017 1018 1019
          1020 1021 1022 1023 1024 1025
          1026 1027 1028 1029 1030 1031
          1032 1033 1034 1035 1036 1037
          1038 1039 1040 1041 1042 1043
          1044 1045 1046 1047 1048 1049
          1050 1051 1052 1053 1054 1055
          1056 1057 1058 1059 1060 1061
          1062 1063 1064 1065 1066 1067
          1068 1069 1070 1071 1072 1073
          1074 1075 1076 1077 1078 1079
          1080 1081 1082 1083 1084 1085
          1086 1087 1088 1089 1090 1091
          1092 1093 1094 1095 1096 1097
          1098 1099 1100 1101 1102 1103
          1104 1105 1106 1107 1108 1109
          1110 1111 1112 1113 1114 1115
          1116 1117 1118 1119 1120 1121
          1122 1123 1124 1125 1126 1127
          1128 1129 1130 1131 1132 1133
          1134 1135 1136 1137 1138 1139
          1140 1141 1142 1143 1144 1145
          1146 1147 1148 1149 1150 1151
          1152 1153 1154 1155 1156 1157
          1158 1159 1160 1161 1162 1163
          1164 1165 1166 1167 1168 1169
          1170 1171 1172 1173 1174 1175
          1176 1177 1178 1179 1180 1181
          1182 1183 1184 1185 1186 1187
          1188 1189 1190 1191 1192 1193
          1194 1195 1196 1197 1198 1199
          1200 1201 1202 1203 1204 1205
          1206 1207 1208 1209 1210 1211
          1212 1213 1214 1215 1216 1217
          1218 1219 1220 1221 1222 1223
          1224 1225 1226 1227 1228 1229
          1230 1231 1232 1233 1234 1235
          1236 1237 1238 1239 1240 1241
          1242 1243 1244 1245 1246 1247
          1248 1249 1250 1251 1252 1253
          1254 1255 1256 1257 1258 1259
          1260 1261 1262 1263 1264 1265
          1266 1267 1268 1269 1270 1271
          1272 1273 1274 1275 1276 1277
          1278 1279 1280 1281 1282 1283
          1284 1285 1286 1287 1288 1289
          1290 1291 1292 1293 1294 1295
          1296 1297 1298 1299 1300 1301
          1302 1303 1304 1305 1306 1307
          1308 1309 1310 1311 1312 1313
          1314 1315 1316 1317 1318 1319
          1320 1321 1322 1323 1324 1325
          1326 1327 1328 1329 1330 1331
          1332 1333 1334 1335 1336 1337
          1338 1339 1340 1341 1342 1343
          1344 1345 1346 1347 1348 1349
          1350 1351 1352 1353 1354 1355
          1356 1357 1358 1359 1360 1361
          1362 1363 1364 1365 1366 1367
          1368 1369 1370 1371 1372 1373
          1374 1375 1376 1377 1378 1379
          1380 1381 1382 1383 1384 1385
          1386 1387 1388 1389 1390 1391
          1392
        </DataArray>
        <DataArray type="Int32" Name="RegionSize" format="ascii" RangeMin="0" RangeMax="1900">
          35 2 1 1 8 1
          0 1 0 14 1 11
          3 1 0 0 0 0
          1 0 0 1 6 1
          9 0 1 2 1 44
          6 0 21 4 17 1
          0 0 6 0 1 0
          27 20 0 0 3 2
          14 5 2 2 21 16
          0 1 4 0 30 2
          0 1 17 15 1 0
          0 95 28 1 0 10
          12 16 39 1 10 2
          1 0 9 1 2 0
          0 27 33 4 0 0
          7 3 10 27 0 4
          12 0 3 0 0 102
          0 29 0 3 16 1
          50 0 3 14 0 72
          4 0 9 26 10 1
          3 6 1 11 6 5
          3 0 0 10 0 2
          0 0 0 0 1 11
          8 2 2 1 15 6
          3 1 0 72 8 8
          3 3 130 4 1 5
          0 0 23 10 0 0
          0 2 0 3 5 1
          19 4 4 0 18 2
          9 0 0 1 0 23
          1 35 0 1 1 12
          15 0 8 14 0 1
          0 2 7 1 2 0
          1 0 0 0 17 10
          2 26 16 16 0 0
          6 3 7 9 0 0
          29 0 2 0 2 3
          0 2 77 3 11 0
          5 2 0 1 12 0
          0 6 5 0 0 3
          19 4 0 3 46 8
          10 1 2 0 2 0
          3 1 8 2 6 3
          0 27 4 0 2 6
          25 1 2 1 2 4
          0 0 2 1 0 25
          27 0 29 0 5 2
          1 1 0 7 0 13
          6 0 2 2 0 21
          0 4 14 0 16 12
          8 0 10 11 1 47
          21 1 13 1 11 8
          2 44 0 0 2 8
          3 10 4 1 19 13
          4 7 12 5 0 15
          2 17 10 0 15 0
          0 0 6 1 0 23
          11 0 1 3 7 9
          4 0 1 0 0 4
          15 19 26 13 20 4
          2 48 3 1 0 0
          2 0 0 0 0 1
          0 5 29 0 2 3
          0 11 0 5 0 9
          19 2 6 0 1 4
          1 0 0 8 0 7
          1 22 9 0 2 0
          16 3 6 0 3 1
          2 1 0 10 0 5
          3 39 6 0 4 6
          9 2 14 9 16 5
          12 7 3 2 1 0
          17 0 0 6 1 2
          9 97 0 2 17 7
          1 11 0 41 2 16
          0 22 3 1 0 1
          5 0 18 6 16 14
          5 27 0 0 19 12
          0 6 1 11 1 0
          4 3 6 2 6 0
          3 4 1 51 0 0
          0 23 54 0 1 0
          0 26 2 3 1 0
          0 1 13 2 0 3
          0 2 0 13 4 39
          14 0 19 28 0 0
          2 1 2 1 5 7
          0 1 4 0 32 0
          0 14 1 11 2 10
          0 1 0 1 3 1
          0 0 2 28 4 26
          1 10 1 17 0 13
          0 0 8 3 15 10
          22 0 1 2 1 0
          2 20 13 2 11 6
          4 1 9 1 24 6
          45 0 32 10 1 67
          2 0 0 7 11 4
          29 0 3 0 0 1
          3 2 0 8 0 1
          0 110 6 11 0 1
          0 0 3 6 0 11
          3 1 2 2 22 1
          19 1 1 1 0 6
          18 18 1 52 7 95
          0 3 53 0 4 24
          1 0 35 0 1 1
          3 27 0 1 1 0
          0 19 2 11 3 0
          13 16 46 0 13 1
          5 13 11 1 0 1
          1 0 5 0 24 1
          1 7 0 9 2 9
          1 0 0 0 2 15
          1 2 35 115 11 0
          9 0 2 3 0 16
          10 7 0 51 20 79
          0 0 12 14 0 1
          1 1 1 0 4 3
          12 31 1 0 7 2
          14 36 1 3 68 30
          9 2 0 22 1 0
          0 7 7 7 6 0
          4 8 6 0 15 7
          12 12 1 0 17 2
          1 1 0 0 5 19
          10 7 3 0 1 3
          52 8 35 1 18 19
          0 33 1 12 28 9
          1 1 57 1 6 0
          2 1 24 0 0 7
          12 0 0 8 1 0
          1 0 2 28 4 7
          0 36 0 18 22 16
          2 22 66 2 16 41
          0 0 1 3 1 1
          22 36 0 2 5 26
          0 14 3 27 2 0
          1 5 4 0 19 0
          2 2 14 7 13 1
          0 8 36 10 0 14
          0 33 0 1 8 0
          11 4 41 12 4 49
          0 4 13 0 1 1
          0 9 41 9 33 5
          3 0 8 7 3 3
          5 43 0 1 68 0
          5 2 4 0 0 22
          4 38 26 0 24 38
          3 7 2 13 29 0
          8 58 57 6 0 0
          0 0 0 23 3 6
          1 2 3 5 5 24
          9 5 126 4 2 11
          42 1 2 7 109 6
          2 1 0 10 36 6
          3 1 54 35 4 10
          3 0 13 7 6 4
          0 0 0 2 1 36
          15 58 0 0 16 8
          2 5 23 2 1 10
          7 23 1 1 68 22
          0 1 7 71 0 34
          8 7 3 1 19 1
          16 13 17 6 1 57
          6 0 7 6 56 47
          0 42 47 0 0 0
          1 4 1 5 1 11
          65 8 19 93 185 2
          8 1 1 3 1 62
          99 10 3 5 9 3
          2 8 0 2 20 1
          0 3 0 3 28 0
          29 15 2 2 6 9
          45 2 1 7 0 1
          2 17 10 46 1 27
          13 1 31 1 9 10
          18 114 3 0 4 10
          2 24 90 10 1 4
          1 0 0 20 38 0
          0 0 0 40 58 8
          1 9 7 28 0 0
          2 8 0 18 24 7
          5 4 13 27 1 2
          31 5 0 42 10 32
          2 30 7 96 77 2
          0 59 6 0 8 2
          217 10 0 2 1 4
          1 7 2 6 230 3
          23 35 32 13 30 36
          7 0 31 0 3 95
          6 4 0 1 27 0
          18 35 4 15 43 0
          3 32 1 57 17 7
          1 19 5 62 53 3
          75 1 37 9 22 36
          117 17 24 6 2 0
          19 6 285 0 0 56
          10 12 9 53 5 0
          0 3 0 18 0 0
          2 15 0 0 41 89
          93 0 1 3 104 23
          0 14 1 13 2 5
          61 71 0 1 20 1
          3 15 24 119 0 0
          14 84 0 0 104 0
          0 0 4 85 55 8
          2 18 57 155 154 0
          0 49 0 4 17 0
          0 34 7 73 1 0
          0 6 0 5 1 5
          0 2 82 6 6 41
          30 1 128 0 14 0
          65 58 0 0 2 14
          93 3 104 0 0 39
          31 107 0 15 28 16
          459 0 32 1 90 107
          205 2 1 140 5 7
          5 3 293 0 0 0
          80 0 60 0 80 0
          9 115 1 0 0 26
          0 3 269 0 0 1
          0 26 39 21 51 6
          12 0 9 0 1 198
          0 0 0 64 14 0
          79 4 103 0 68 1
          0 89 0 2 79 127
          0 104 19 29 80 81
          0 0 74 193 1 200
          214 16 100 170 0 771
          4 3 2 0 668 2
          2 0 239 102 609 2
          1900
        </DataArray>
        <DataArray type="Float64" Name="RegionSpan" format="ascii" RangeMin="1" RangeMax="178.9105987548828">
          3.1622776985168457 1.4142135381698608 1 2.2360680103302 3 2.8284270763397217
          1 2 1 3.605551242828369 2 4.123105525970459
          2 2 1 1 1 1
          1.4142135381698608 1 1 1 3.1622776985168457 2.2360680103302
          3.605551242828369 1.4142135381698608 1 1 2 4.123105525970459
          2.2360680103302 1.4142135381698608 4.123105525970459 1 4.242640495300293 1
          1 1 3.605551242828369 1 1 1.4142135381698608
          4.123105525970459 4.123105525970459 2 1.4142135381698608 2.2360680103302 1.4142135381698608
          2 3.605551242828369 2.2360680103302 2.8284270763397217 6 4
          1 2.2360680103302 2 4.4721360206604 6.324555397033691 4
          1 3.605551242828369 3.1622776985168457 3 2 1
          1 6.082762718200684 4.123105525970459 1 1.4142135381698608 4.242640495300293
          1.4142135381698608 4.4721360206604 7.071067810058594 1.4142135381698608 2.2360680103302 1
          1 1 2 1.4142135381698608 5 1.4142135381698608
          1.4142135381698608 7.6157732009887695 5.099019527435303 1 1 1
          3 3 2.8284270763397217 6 1 9.05538558959961
          3.1622776985168457 1 3.1622776985168457 1 1 13.45362377166748
          3.605551242828369 3.605551242828369 1 5 3.1622776985168457 1.4142135381698608
          7.071067810058594 1 2 3.1622776985168457 1 9.219544410705566
          2.2360680103302 1 13 2.8284270763397217 3 1
          2.2360680103302 7.071067810058594 1.4142135381698608 2 1 3
          1 1 1 3.605551242828369 1 2
          1 1 1 1 1 1.4142135381698608
          3 1.4142135381698608 1.4142135381698608 2 2.8284270763397217 2.2360680103302
          1.4142135381698608 1 1 6.4031243324279785 2.2360680103302 2.2360680103302
          1.4142135381698608 2 8.246211051940918 2 2 1.4142135381698608
          1 1 4.4721360206604 3.1622776985168457 1 1
          1 6.4031243324279785 1 1 3 2.2360680103302
          3.1622776985168457 1.4142135381698608 1.4142135381698608 1 4.123105525970459 1.4142135381698608
          3.605551242828369 1 1.4142135381698608 1.4142135381698608 2.2360680103302 3.605551242828369
          1 8.9442720413208 1 1 1.4142135381698608 2.2360680103302
          3.1622776985168457 1 2.2360680103302 7.071067810058594 1 1.4142135381698608
          1 1 9.433980941772461 2 2 1
          2.2360680103302 1 1 1 7 5
          2.8284270763397217 4 4.123105525970459 7.280109882354736 1 1
          2.2360680103302 2.2360680103302 5.099019527435303 4 2.8284270763397217 1
          5 2 1.4142135381698608 1 1.4142135381698608 1.4142135381698608
          1 2 19.416488647460938 2.8284270763397217 12.165525436401367 1.4142135381698608
          3 7.280109882354736 1 1.4142135381698608 2.2360680103302 1
          1 2.2360680103302 2 1 8.9442720413208 1.4142135381698608
          9.219544410705566 2.2360680103302 1 2.2360680103302 2.2360680103302 2.8284270763397217
          3.1622776985168457 1.4142135381698608 1.4142135381698608 1 1 1
          3 1 2.8284270763397217 10.770329475402832 2 1.4142135381698608
          2 4.4721360206604 6.4031243324279785 1.4142135381698608 3.605551242828369 12.649110794067383
          4.4721360206604 1 1.4142135381698608 2 1.4142135381698608 12.649110794067383
          1 1 1.4142135381698608 1 1 2
          4.123105525970459 1 4.4721360206604 1 2.2360680103302 2
          2 2 1 2.2360680103302 1.4142135381698608 3.605551242828369
          4.123105525970459 1.4142135381698608 1 9.219544410705566 1.4142135381698608 7.071067810058594
          1.4142135381698608 8.062257766723633 3.605551242828369 1 4.242640495300293 5.099019527435303
          3 1 3.605551242828369 2.8284270763397217 1 5.099019527435303
          5 1 3.1622776985168457 1.4142135381698608 8.602325439453125 5.656854152679443
          2 9.899495124816895 1 5.385164737701416 1 16.031219482421875
          2.8284270763397217 5 2.2360680103302 1 4.123105525970459 2.8284270763397217
          2.2360680103302 3.605551242828369 2.2360680103302 3 1 3.605551242828369
          27.073972702026367 5.099019527435303 2.2360680103302 1 19.92485809326172 1
          1.4142135381698608 14.866068840026855 16.76305389404297 1 1 4.4721360206604
          2.2360680103302 1 1 2.2360680103302 2.2360680103302 18.027755737304688
          9.433980941772461 1.4142135381698608 1 1 19.92485809326172 2.8284270763397217
          4.123105525970459 24.73863410949707 5.385164737701416 5.830951690673828 5.385164737701416 1.4142135381698608
          2 6.7082037925720215 2 1.4142135381698608 5.830951690673828 1
          2.8284270763397217 1 5 1 1 2
          1 7.071067810058594 3.605551242828369 1 9.848857879638672 6.4031243324279785
          1.4142135381698608 6.082762718200684 1 1.4142135381698608 1 5
          15.65247631072998 2 6 1 2 3
          1 1 1.4142135381698608 3.1622776985168457 1 7.211102485656738
          1 3.605551242828369 4.123105525970459 1 2.2360680103302 1
          5.830951690673828 2.2360680103302 2 1 2 1
          1.4142135381698608 1 1 9.433980941772461 1 2.8284270763397217
          1.4142135381698608 7.6157732009887695 2.2360680103302 1 2 1.4142135381698608
          11.180339813232422 2 5.099019527435303 4 6.324555397033691 4.123105525970459
          7.8102498054504395 3 1.4142135381698608 2.2360680103302 1 1
          6.324555397033691 1 1.4142135381698608 25.961509704589844 1.4142135381698608 2
          2.2360680103302 13.152946472167969 1 7.280109882354736 2.2360680103302 6.7082037925720215
          11.180339813232422 3.605551242828369 1 29.068883895874023 4 3.1622776985168457
          1.4142135381698608 27.892650604248047 1 1.4142135381698608 1 2
          2 27.20294189453125 4 8.602325439453125 9.05538558959961 5
          3.1622776985168457 3 1 2.2360680103302 2.2360680103302 1.4142135381698608
          1 1.4142135381698608 1.4142135381698608 6.324555397033691 1 2
          2.2360680103302 1.4142135381698608 2 1.4142135381698608 2.2360680103302 1
          2 2 1 38.20994567871094 1 4.123105525970459
          1 5 15 1 1.4142135381698608 1
          1 2.2360680103302 1 2.2360680103302 1 1
          1 1.4142135381698608 16.155494689941406 1.4142135381698608 1 1
          1.4142135381698608 1.4142135381698608 1 3.1622776985168457 1 5.099019527435303
          5.656854152679443 1 5.830951690673828 8.9442720413208 1 1
          1 1 10.440306663513184 2 2 2.8284270763397217
          2 2 1.4142135381698608 1 14.142135620117188 1
          2.2360680103302 2 7.8102498054504395 3.605551242828369 14.866068840026855 4.4721360206604
          1 1 3.1622776985168457 1.4142135381698608 1.4142135381698608 2.2360680103302
          3 1 1 9.219544410705566 11.704699516296387 2.8284270763397217
          1 5 8.9442720413208 3.605551242828369 4.4721360206604 3
          1 1 2.8284270763397217 3.605551242828369 4.4721360206604 3.1622776985168457
          4.123105525970459 1 1 1.4142135381698608 1 1
          1.4142135381698608 7.6157732009887695 3.1622776985168457 1.4142135381698608 4.123105525970459 6.7082037925720215
          2 1.4142135381698608 2 1.4142135381698608 4.123105525970459 2
          5.385164737701416 1 8.062257766723633 3 3 14
          1 1 2 2 4 1.4142135381698608
          30.479501724243164 1 1.4142135381698608 1 1 1
          4.4721360206604 1 1 4 1.4142135381698608 8.602325439453125
          1 13.928388595581055 17.464248657226562 13.601470947265625 1 2
          1 1 3.1622776985168457 2.2360680103302 1 2
          3.1622776985168457 5.099019527435303 2 7.071067810058594 9.219544410705566 15.29705810546875
          4.4721360206604 1.4142135381698608 15.231546401977539 1.4142135381698608 7.8102498054504395 3.605551242828369
          12.529964447021484 5.830951690673828 10.049875259399414 17.69180679321289 5.099019527435303 53.141319274902344
          1.4142135381698608 2 16.552946090698242 2.2360680103302 3.1622776985168457 6.082762718200684
          1 1 3.605551242828369 2 1.4142135381698608 2
          2 10.630146026611328 7.280109882354736 3 1 1
          1 3.1622776985168457 7.071067810058594 2.2360680103302 1.4142135381698608 1
          15.620499610900879 2.2360680103302 5 1 4.4721360206604 3.605551242828369
          1.4142135381698608 3.1622776985168457 8.9442720413208 1 1 2
          1 1 1.4142135381698608 1 5.385164737701416 1.4142135381698608
          9.433980941772461 3.1622776985168457 1 20.59126091003418 2 3.605551242828369
          2 1 1 1 2.2360680103302 7.6157732009887695
          1.4142135381698608 3.605551242828369 16.124515533447266 29.73213768005371 2 1
          2.2360680103302 1 2 2.2360680103302 1 4
          2.8284270763397217 3.1622776985168457 2.2360680103302 19.72308349609375 3.1622776985168457 7.211102485656738
          1 1 2.8284270763397217 6 1 4.123105525970459
          12.206555366516113 7 1 2 1.4142135381698608 7.071067810058594
          3.605551242828369 20.124610900878906 1 1 6.324555397033691 2
          3 16.492422103881836 4.123105525970459 3 5.099019527435303 9.486832618713379
          2 2 1.4142135381698608 1.4142135381698608 11.704699516296387 1
          1 15.264337539672852 3.1622776985168457 6.324555397033691 2 1
          1.4142135381698608 2 2 1 5.385164737701416 22.022714614868164
          3 3.1622776985168457 3.1622776985168457 1 8.602325439453125 1.4142135381698608
          2.2360680103302 2 4 1.4142135381698608 8.062257766723633 2.2360680103302
          5.099019527435303 3.1622776985168457 1 1.4142135381698608 6 4.123105525970459
          9.848857879638672 10.630146026611328 5.099019527435303 4.4721360206604 3.605551242828369 6.7082037925720215
          1 5 1 3.1622776985168457 8.062257766723633 1.4142135381698608
          1 1 11.045360565185547 1 18.439088821411133 1
          1.4142135381698608 1.4142135381698608 4.4721360206604 1.4142135381698608 1 11.401754379272461
          9.05538558959961 1 1 3.605551242828369 1 1
          2.2360680103302 1 5.830951690673828 15.033296585083008 4.123105525970459 2
          2 4.123105525970459 1 3.605551242828369 19.79899024963379 16.6433162689209
          7.211102485656738 16.401220321655273 17.11724281311035 2 5 27.20294189453125
          2 1 10.770329475402832 3.1622776985168457 1.4142135381698608 1.4142135381698608
          7.280109882354736 17.0880069732666 1 3.1622776985168457 2.2360680103302 17.464248657226562
          1 24.413110733032227 4.123105525970459 19.10497283935547 2 1
          2 23.409399032592773 2 1 32.572994232177734 1
          2 2 3.1622776985168457 2.2360680103302 4 1
          1 6.324555397033691 13.34166431427002 15.132745742797852 1 4.242640495300293
          1 5.385164737701416 1 1 2 8.5440034866333
          2.2360680103302 1 20.248456954956055 1.4142135381698608 8 4.123105525970459
          1.4142135381698608 4.242640495300293 7.8102498054504395 1 3.1622776985168457 1
          1 3 23.706539154052734 2.2360680103302 20.124610900878906 7.071067810058594
          1.4142135381698608 1 3.605551242828369 2 3.1622776985168457 2.2360680103302
          16.124515533447266 47.92702865600586 3 1.4142135381698608 14.142135620117188 1.4142135381698608
          21.931713104248047 5.385164737701416 2.2360680103302 1 16.6433162689209 53.5350341796875
          1.4142135381698608 6.4031243324279785 2 1 11.661903381347656 43.96589660644531
          2.2360680103302 7.211102485656738 2.2360680103302 7.8102498054504395 16.278820037841797 55.4707145690918
          4.123105525970459 58.18075180053711 26.90724754333496 7.071067810058594 1 1
          4 1 1 10.198039054870605 45.12205505371094 33.241539001464844
          1.4142135381698608 2.8284270763397217 13.03840446472168 20 51.107730865478516 37.336307525634766
          3.1622776985168457 3 16 1.4142135381698608 2 5.099019527435303
          12.041594505310059 1 4.242640495300293 7 25 1.4142135381698608
          2.2360680103302 2 1 20.615528106689453 2.2360680103302 1.4142135381698608
          2.2360680103302 1 24.698177337646484 22.825424194335938 3.605551242828369 1.4142135381698608
          1 1.4142135381698608 5.656854152679443 2.8284270763397217 2 1.4142135381698608
          1 1 1 4.123105525970459 1.4142135381698608 4.123105525970459
          2.8284270763397217 40.31128692626953 1.4142135381698608 13 7.211102485656738 3.605551242828369
          5 2.2360680103302 3.1622776985168457 3 1.4142135381698608 11.401754379272461
          52 9.219544410705566 37.36308288574219 4.123105525970459 42.57933807373047 50.91168975830078
          1 1 29.4108829498291 13.601470947265625 1.4142135381698608 20
          24.20743751525879 19.72308349609375 2 1.4142135381698608 5.385164737701416 2.2360680103302
          16.76305389404297 3.1622776985168457 5 11 29.20616340637207 13
          29.154760360717773 1 13.03840446472168 3.605551242828369 59.07622146606445 5.830951690673828
          1 37.10795211791992 12.206555366516113 1 1 1
          1 2.8284270763397217 1 27.20294189453125 20.124610900878906 4.123105525970459
          3.605551242828369 5 11.180339813232422 40.224369049072266 70.00714111328125 1.4142135381698608
          7 1 1 3 5 24.331050872802734
          45 34.98571014404297 1 2.2360680103302 3.605551242828369 3.605551242828369
          1.4142135381698608 5.099019527435303 1 1 3.605551242828369 1
          1 3 1.4142135381698608 2.2360680103302 3.605551242828369 1
          4.123105525970459 20.59126091003418 2.2360680103302 2.2360680103302 7.071067810058594 9.219544410705566
          16.6433162689209 2 1 18.601076126098633 2.2360680103302 1.4142135381698608
          1 37.48332977294922 3.1622776985168457 33.0151481628418 1 6.7082037925720215
          21.3775577545166 1 47.70744323730469 2.2360680103302 7.211102485656738 6.082762718200684
          8.602325439453125 40.853397369384766 12.041594505310059 1 1.4142135381698608 9.05538558959961
          2 6.324555397033691 48.041648864746094 15 1 2.8284270763397217
          1.4142135381698608 1 1 29.42787742614746 24.166091918945312 1
          1 9.433980941772461 1.4142135381698608 9.219544410705566 2 18.601076126098633
          106.38138580322266 71.44927978515625 19 52.801513671875 5 1
          1.4142135381698608 13.34166431427002 1 29.4108829498291 91.3509750366211 7.8102498054504395
          5 13.928388595581055 35.693138122558594 30.4138126373291 2 77.46611785888672
          91.26335144042969 2.8284270763397217 1 30 5 5
          28.160255432128906 69.63475799560547 11 7.211102485656738 30.08321762084961 2.2360680103302
          1.4142135381698608 50.03998565673828 2.2360680103302 1 4 2
          77.6208724975586 7.071067810058594 1 2.2360680103302 1 6.7082037925720215
          1 33.541019439697266 2.2360680103302 63.90618133544922 31.827661514282227 13.45362377166748
          75 26.570659637451172 58.07753372192383 9.848857879638672 39.81205749511719 86.97700500488281
          3.1622776985168457 2.2360680103302 29.20616340637207 1 73.24616241455078 75.18643188476562
          2.8284270763397217 3.1622776985168457 1 1 51.61395263671875 1.4142135381698608
          24.083189010620117 39.66106414794922 1.4142135381698608 80.15609741210938 65.79513549804688 1
          1.4142135381698608 113.21660614013672 1 105.99056243896484 6 72.24956512451172
          1 107.71257781982422 25.63201141357422 83.57032775878906 71.56814575195312 2.2360680103302
          112.01785278320312 1 35.84689712524414 26.832815170288086 145.086181640625 4.123105525970459
          98.37174224853516 37.735923767089844 39.217342376708984 3.1622776985168457 3 1
          36.12478256225586 95.4620361328125 87.28115844726562 1.4142135381698608 1 71.19690704345703
          5.099019527435303 64.53681182861328 3 80.80841827392578 4 1
          1 1.4142135381698608 1 35.38361358642578 1 1
          64.14047241210938 106.25440979003906 1 3.1622776985168457 12.206555366516113 44.04542922973633
          96.31718444824219 1 1 1 67.779052734375 46.52956008911133
          1 5 1 40.360870361328125 1.4142135381698608 2.8284270763397217
          57.28001403808594 53.36665725708008 1 1 6 2.2360680103302
          51.89412307739258 36.67424011230469 65.0691909790039 88.56636047363281 1 1
          16.401220321655273 60.14149856567383 1 1 84.69356536865234 1.4142135381698608
          1 1 2.2360680103302 23.323806762695312 29.546573638916016 3
          2.2360680103302 23.853721618652344 30.5941162109375 83.6002426147461 70.06425476074219 1
          1 5.656854152679443 1 2.8284270763397217 3 1
          1 106.00471496582031 5 16.124515533447266 2 1
          1.4142135381698608 2 1 5.385164737701416 24.083189010620117 178.9105987548828
          1 2 123.9072265625 8.062257766723633 4.123105525970459 18.027755737304688
          65.79513549804688 1 22.203603744506836 1.4142135381698608 8.246211051940918 1
          119.88744354248047 74.4311752319336 1 1 110.39022064208984 26.07680892944336
          71.0633544921875 2.2360680103302 89.84430694580078 1.4142135381698608 1 99.40824890136719
          77.82672882080078 80.41144561767578 1 105.36128234863281 106.04244232177734 88.58893585205078
          131.8256378173828 1 95.75489807128906 2.2360680103302 114.62983703613281 100.17984008789062
          55.71355438232422 1.4142135381698608 2 165.0242462158203 3 3
          1.4142135381698608 125.93649291992188 129.6302490234375 1 1 1
          59.13543701171875 1 22.022714614868164 1 145.72576904296875 1.4142135381698608
          9.219544410705566 124.45079040527344 2.2360680103302 1 1 6.082762718200684
          2.2360680103302 44.283180236816406 53.413482666015625 2.8284270763397217 1 1.4142135381698608
          1.4142135381698608 61.52235412597656 6.324555397033691 26.248809814453125 132.92478942871094 14.866068840026855
          104.44615936279297 1 1.4142135381698608 1 26.832815170288086 31.575305938720703
          1 1 1 116.2497329711914 2.2360680103302 1
          60.30754470825195 2.2360680103302 36.2353401184082 1 56.56854248046875 1
          1 116.8417739868164 1.4142135381698608 1.4142135381698608 128.09762573242188 58.18075180053711
          1 31.240999221801758 17.8885440826416 16.76305389404297 5.385164737701416 14.21267032623291
          1 1 32.80244064331055 8.062257766723633 1.4142135381698608 32.202484130859375
          145.4544677734375 5.099019527435303 156.52476501464844 147.51271057128906 1.4142135381698608 37.336307525634766
          1.4142135381698608 2.2360680103302 2 1.4142135381698608 16.124515533447266 5.830951690673828
          4.123105525970459 7.071067810058594 7.6157732009887695 14.317821502685547 9.219544410705566 1
          33.2866325378418
        </DataArray>
      </CellData>
      <Points>
        <DataArray type="Float32" Name="Points" NumberOfComponents="3" format="ascii" RangeMin="0" RangeMax="223.45021816950637">
          103 10 0 106 9 0
          8 159 0 7 158 0
          97 34 0 96 34 0
          8 154 0 6 155 0
          140 109 0 143 109 0
          15 21 0 13 23 0
          7 157 0 7 156 0
          18 121 0 16 121 0
          150 32 0 149 32 0
          95 70 0 92 68 0
          135 140 0 137 140 0
          131 51 0 135 52 0
          92 110 0 94 110 0
          16 119 0 80 120 0
          81 120 0 137 141 0
          112 34 0 113 34 0
          6 156 0 105 110 0
          106 109 0 11 154 0
          11 155 0 96 33 0
          1 125 0 1 124 0
          103 108 0 85 122 0
          83 123 0 13 114 0
          10 112 0 103 31 0
          102 31 0 82 119 0
          82 120 0 1 122 0
          15 117 0 153 37 0
          155 38 0 81 121 0
          23 147 0 24 143 0
          0 100 0 0 99 0
          4 127 0 132 140 0
          133 140 0 11 156 0
          113 35 0 154 85 0
          151 87 0 149 31 0
          81 118 0 80 119 0
          75 83 0 79 84 0
          109 35 0 96 32 0
          151 33 0 156 37 0
          13 96 0 13 94 0
          82 122 0 96 110 0
          98 109 0 9 154 0
          62 43 0 68 43 0
          36 8 0 32 8 0
          83 122 0 135 125 0
          135 123 0 5 152 0
          95 32 0 99 34 0
          138 53 0 47 44 0
          44 44 0 0 97 0
          24 39 0 25 39 0
          100 34 0 103 97 0
          97 98 0 100 30 0
          131 134 0 131 135 0
          130 136 0 81 33 0
          78 36 0 11 4 0
          10 3 0 2 103 0
          31 2 0 24 3 0
          129 138 0 130 139 0
          40 103 0 42 102 0
          100 109 0 101 109 0
          101 30 0 7 109 0
          7 108 0 142 137 0
          140 137 0 26 40 0
          133 128 0 134 127 0
          88 122 0 85 5 0
          85 6 0 6 108 0
          159 40 0 158 40 0
          151 154 0 151 157 0
          5 106 0 9 16 0
          9 22 0 38 72 0
          37 72 0 107 110 0
          10 89 0 11 92 0
          108 110 0 139 0 0
          140 3 0 12 23 0
          17 21 0 16 21 0
          35 48 0 39 53 0
          42 55 0 152 33 0
          152 34 0 138 150 0
          137 147 0 37 71 0
          159 98 0 159 100 0
          25 114 0 24 111 0
          122 101 0 122 102 0
          31 65 0 143 56 0
          142 54 0 123 102 0
          124 102 0 74 131 0
          72 129 0 151 90 0
          134 65 0 133 65 0
          28 9 0 30 8 0
          157 39 0 31 7 0
          150 101 0 150 103 0
          101 27 0 101 28 0
          159 103 0 5 129 0
          5 128 0 158 39 0
          158 122 0 158 123 0
          96 18 0 98 15 0
          90 65 0 89 65 0
          22 101 0 22 99 0
          140 129 0 141 129 0
          133 64 0 5 127 0
          124 103 0 142 129 0
          89 10 0 88 9 0
          91 30 0 94 30 0
          22 2 0 21 3 0
          139 127 0 4 150 0
          88 38 0 89 39 0
          159 123 0 67 129 0
          66 129 0 102 45 0
          106 50 0 128 61 0
          126 60 0 141 144 0
          139 145 0 132 64 0
          159 109 0 159 107 0
          86 108 0 93 121 0
          93 123 0 132 130 0
          132 132 0 91 66 0
          91 65 0 10 111 0
          9 111 0 9 130 0
          93 2 0 94 5 0
          66 128 0 89 40 0
          5 105 0 87 7 0
          86 7 0 132 45 0
          132 44 0 13 134 0
          13 131 0 24 12 0
          25 10 0 17 75 0
          20 76 0 38 87 0
          37 86 0 138 126 0
          86 6 0 95 100 0
          94 96 0 121 101 0
          45 100 0 144 109 0
          23 98 0 67 130 0
          19 97 0 37 85 0
          13 156 0 121 100 0
          98 124 0 97 124 0
          61 2 0 63 3 0
          67 114 0 67 115 0
          20 5 0 39 123 0
          39 124 0 136 146 0
          157 121 0 157 122 0
          151 103 0 135 145 0
          109 135 0 109 133 0
          40 124 0 130 137 0
          132 43 0 109 132 0
          135 122 0 0 0 0
          5 0 0 54 158 0
          50 158 0 56 124 0
          57 128 0 89 64 0
          146 110 0 146 111 0
          138 68 0 136 67 0
          128 38 0 126 39 0
          156 86 0 137 125 0
          12 131 0 85 42 0
          92 66 0 68 115 0
          108 132 0 71 147 0
          70 146 0 132 63 0
          24 123 0 22 123 0
          147 24 0 141 133 0
          70 115 0 72 116 0
          73 116 0 145 91 0
          146 90 0 137 158 0
          139 157 0 11 130 0
          11 131 0 108 131 0
          144 7 0 142 6 0
          104 17 0 104 15 0
          94 123 0 17 136 0
          16 135 0 145 110 0
          157 86 0 96 10 0
          95 12 0 24 8 0
          76 68 0 74 66 0
          90 122 0 128 141 0
          129 140 0 23 110 0
          68 130 0 24 79 0
          25 79 0 38 122 0
          39 122 0 106 139 0
          106 136 0 152 75 0
          151 75 0 130 46 0
          104 22 0 104 20 0
          148 71 0 149 72 0
          155 118 0 136 120 0
          135 121 0 65 127 0
          158 86 0 34 130 0
          33 130 0 108 34 0
          50 112 0 51 113 0
          152 157 0 141 6 0
          131 63 0 21 109 0
          22 109 0 92 67 0
          24 57 0 25 61 0
          74 116 0 156 57 0
          152 55 0 43 44 0
          37 121 0 148 145 0
          146 145 0 124 60 0
          151 73 0 48 102 0
          47 102 0 57 10 0
          58 12 0 84 58 0
          82 55 0 146 14 0
          145 10 0 159 85 0
          88 90 0 88 91 0
          107 8 0 126 106 0
          74 117 0 52 45 0
          108 6 0 1 137 0
          1 136 0 21 128 0
          99 82 0 102 82 0
          49 103 0 49 102 0
          134 16 0 136 13 0
          50 33 0 48 31 0
          52 46 0 159 91 0
          122 131 0 117 131 0
          26 81 0 26 82 0
          4 82 0 3 79 0
          12 93 0 154 99 0
          146 150 0 144 150 0
          135 47 0 51 114 0
          133 149 0 133 148 0
          41 89 0 0 11 0
          1 13 0 70 145 0
          105 34 0 149 159 0
          150 73 0 76 39 0
          84 28 0 83 30 0
          142 159 0 139 159 0
          82 48 0 82 47 0
          54 115 0 69 141 0
          154 0 0 155 2 0
          147 111 0 89 122 0
          139 105 0 138 106 0
          159 77 0 159 78 0
          33 129 0 31 126 0
          63 14 0 65 15 0
          64 127 0 19 108 0
          19 109 0 140 5 0
          94 14 0 20 129 0
          0 136 0 71 115 0
          71 116 0 151 18 0
          149 20 0 17 129 0
          95 122 0 56 92 0
          58 97 0 99 73 0
          98 72 0 63 127 0
          132 154 0 132 152 0
          99 126 0 100 127 0
          150 72 0 97 123 0
          96 123 0 140 4 0
          27 82 0 108 5 0
          54 48 0 109 6 0
          25 81 0 15 129 0
          137 106 0 139 107 0
          89 91 0 159 80 0
          154 105 0 115 87 0
          115 88 0 26 124 0
          25 124 0 116 88 0
          32 17 0 33 14 0
          126 40 0 17 128 0
          128 42 0 123 90 0
          119 89 0 25 80 0
          141 156 0 129 46 0
          104 33 0 29 154 0
          30 156 0 43 158 0
          43 156 0 50 104 0
          50 103 0 81 88 0
          82 88 0 125 13 0
          126 14 0 34 84 0
          35 84 0 105 33 0
          82 89 0 86 89 0
          72 35 0 71 34 0
          153 80 0 119 23 0
          121 22 0 154 106 0
          16 4 0 18 4 0
          159 95 0 159 93 0
          115 17 0 115 21 0
          130 146 0 65 4 0
          64 8 0 1 139 0
          23 142 0 113 120 0
          112 122 0 129 146 0
          96 122 0 49 1 0
          47 7 0 106 82 0
          105 82 0 39 111 0
          38 112 0 30 158 0
          114 7 0 116 6 0
          123 65 0 63 126 0
          70 129 0 98 61 0
          100 62 0 22 140 0
          36 121 0 112 89 0
          138 118 0 137 119 0
          95 5 0 24 27 0
          23 28 0 82 46 0
          61 113 0 63 113 0
          96 127 0 158 82 0
          79 43 0 69 10 0
          66 11 0 95 15 0
          81 85 0 81 86 0
          17 108 0 121 15 0
          120 16 0 80 84 0
          81 84 0 124 25 0
          123 24 0 52 106 0
          51 105 0 133 157 0
          114 131 0 113 131 0
          4 13 0 5 14 0
          58 14 0 150 118 0
          149 117 0 82 86 0
          71 129 0 97 0 0
          95 0 0 104 6 0
          104 7 0 83 86 0
          22 139 0 35 143 0
          30 143 0 149 94 0
          126 15 0 101 128 0
          19 0 0 20 0 0
          14 156 0 51 147 0
          53 148 0 48 30 0
          10 36 0 8 37 0
          86 88 0 41 90 0
          105 81 0 55 118 0
          54 117 0 146 18 0
          137 16 0 136 15 0
          123 23 0 66 18 0
          66 17 0 111 123 0
          78 42 0 107 83 0
          107 82 0 34 120 0
          127 150 0 127 149 0
          111 117 0 29 83 0
          37 112 0 139 81 0
          136 86 0 62 125 0
          69 43 0 54 116 0
          130 159 0 131 159 0
          102 129 0 101 129 0
          76 19 0 76 17 0
          36 112 0 86 52 0
          84 50 0 56 119 0
          56 121 0 27 19 0
          26 18 0 2 145 0
          2 146 0 0 117 0
          97 127 0 99 125 0
          20 140 0 68 0 0
          70 3 0 41 147 0
          39 151 0 108 84 0
          108 83 0 17 107 0
          75 16 0 122 23 0
          69 33 0 69 34 0
          149 95 0 101 22 0
          148 159 0 51 110 0
          100 75 0 123 14 0
          122 22 0 70 34 0
          149 46 0 151 48 0
          83 87 0 44 27 0
          45 30 0 1 142 0
          146 19 0 90 93 0
          90 92 0 63 133 0
          64 134 0 41 155 0
          41 156 0 136 14 0
          31 83 0 32 84 0
          27 149 0 71 54 0
          75 55 0 103 130 0
          110 88 0 110 86 0
          109 85 0 144 18 0
          51 9 0 50 5 0
          108 85 0 134 105 0
          0 116 0 62 75 0
          63 67 0 152 94 0
          145 159 0 148 20 0
          147 20 0 153 94 0
          159 150 0 159 148 0
          76 21 0 153 95 0
          100 22 0 63 57 0
          62 56 0 64 9 0
          65 134 0 65 16 0
          90 13 0 46 66 0
          47 66 0 154 95 0
          33 13 0 140 90 0
          34 11 0 58 128 0
          74 106 0 75 106 0
          75 107 0 76 101 0
          75 104 0 121 25 0
          122 25 0 103 25 0
          82 140 0 78 138 0
          35 113 0 13 105 0
          14 106 0 157 3 0
          154 5 0 77 41 0
          117 22 0 46 8 0
          80 66 0 78 66 0
          27 125 0 96 87 0
          93 86 0 144 17 0
          15 51 0 16 51 0
          71 41 0 66 134 0
          68 33 0 8 3 0
          64 10 0 56 118 0
          68 32 0 69 140 0
          22 28 0 61 13 0
          115 46 0 116 48 0
          45 10 0 46 9 0
          42 156 0 91 94 0
          20 24 0 1 78 0
          0 78 0 32 114 0
          92 85 0 79 0 0
          80 3 0 7 37 0
          148 117 0 62 55 0
          15 106 0 81 109 0
          80 108 0 2 79 0
          100 2 0 99 1 0
          119 52 0 118 49 0
          28 125 0 157 159 0
          155 159 0 16 106 0
          153 5 0 16 52 0
          66 135 0 75 23 0
          75 36 0 0 141 0
          59 124 0 69 139 0
          92 94 0 151 11 0
          149 12 0 101 75 0
          69 65 0 71 65 0
          115 23 0 151 55 0
          41 30 0 147 115 0
          83 65 0 133 12 0
          109 21 0 5 4 0
          6 4 0 137 33 0
          137 32 0 14 49 0
          10 106 0 0 77 0
          42 91 0 34 119 0
          40 31 0 144 15 0
          60 53 0 17 0 0
          143 15 0 42 92 0
          5 85 0 118 16 0
          116 16 0 72 104 0
          11 121 0 68 61 0
          68 64 0 2 8 0
          118 1 0 118 3 0
          7 0 0 9 0 0
          138 31 0 92 95 0
          72 65 0 47 67 0
          131 106 0 97 7 0
          66 136 0 126 107 0
          136 30 0 137 31 0
          118 6 0 109 53 0
          109 55 0 73 66 0
          42 64 0 15 159 0
          112 79 0 112 76 0
          129 26 0 130 29 0
          16 0 0 109 61 0
          108 60 0 62 123 0
          1 79 0 144 46 0
          146 47 0 0 26 0
          1 23 0 110 20 0
          72 66 0 14 4 0
          72 12 0 118 99 0
          3 36 0 2 43 0
          0 40 0 70 103 0
          69 103 0 155 51 0
          112 21 0 113 21 0
          67 3 0 58 33 0
          57 34 0 137 88 0
          137 89 0 68 139 0
          107 60 0 68 103 0
          59 98 0 70 104 0
          30 118 0 10 122 0
          118 98 0 50 29 0
          75 56 0 139 90 0
          157 72 0 154 74 0
          67 136 0 16 159 0
          109 22 0 105 0 0
          101 1 0 111 21 0
          79 56 0 71 104 0
          61 99 0 80 115 0
          113 59 0 111 59 0
          23 95 0 93 95 0
          131 30 0 50 127 0
          51 126 0 22 85 0
          64 102 0 138 89 0
          139 32 0 30 126 0
          89 87 0 45 111 0
          100 64 0 108 57 0
          108 58 0 18 12 0
          20 12 0 73 151 0
          73 149 0 44 20 0
          44 19 0 90 34 0
          55 48 0 29 126 0
          44 17 0 68 77 0
          71 78 0 54 1 0
          52 2 0 0 36 0
          31 95 0 30 95 0
          139 33 0 44 15 0
          59 51 0 59 52 0
          18 37 0 15 40 0
          60 52 0 116 94 0
          152 48 0 0 20 0
          0 21 0 49 76 0
          49 74 0 56 49 0
          23 94 0 83 53 0
          103 78 0 51 28 0
          139 89 0 133 27 0
          55 35 0 55 34 0
          133 85 0 134 85 0
          71 3 0 109 72 0
          106 72 0 158 45 0
          117 71 0 119 72 0
          139 40 0 138 39 0
          57 49 0 159 11 0
          156 13 0 71 139 0
          20 86 0 136 115 0
          88 18 0 89 17 0
          126 56 0 82 54 0
          128 24 0 62 101 0
          58 50 0 57 50 0
          116 61 0 115 62 0
          55 36 0 1 21 0
          132 10 0 94 58 0
          67 138 0 115 60 0
          8 1 0 155 47 0
          19 159 0 150 7 0
          10 0 0 29 96 0
          28 96 0 89 0 0
          89 1 0 44 2 0
          45 2 0 113 64 0
          61 24 0 64 23 0
          159 28 0 159 25 0
          156 46 0 71 155 0
          73 155 0 75 74 0
          118 39 0 118 38 0
          29 62 0 28 61 0
          158 146 0 74 155 0
          138 37 0 137 37 0
          43 98 0 39 0 0
          36 2 0 58 51 0
          73 154 0 149 8 0
          148 9 0 82 78 0
          82 80 0 124 66 0
          93 58 0 93 57 0
          56 36 0 92 57 0
          56 1 0 41 18 0
          42 17 0 119 61 0
          39 146 0 50 72 0
          159 22 0 68 14 0
          67 15 0 101 67 0
          112 7 0 119 37 0
          119 36 0 48 89 0
          47 89 0 47 157 0
          120 35 0 143 33 0
          145 33 0 131 17 0
          45 57 0 48 58 0
          91 142 0 96 142 0
          142 69 0 48 157 0
          41 135 0 38 137 0
          130 17 0 130 16 0
          156 151 0 23 105 0
          26 61 0 49 18 0
          50 18 0 159 154 0
          159 153 0 41 63 0
          40 63 0 13 42 0
          129 16 0 117 42 0
          59 37 0 84 108 0
          120 73 0 159 32 0
          117 49 0 40 62 0
          77 71 0 79 11 0
          35 18 0 126 68 0
          126 67 0 78 73 0
          50 69 0 50 19 0
          146 56 0 145 56 0
          52 15 0 54 148 0
          35 19 0 159 35 0
          3 7 0 55 73 0
          57 72 0 63 145 0
          65 148 0 47 88 0
          32 60 0 60 83 0
          61 81 0 49 90 0
          68 57 0 21 155 0
          21 153 0 73 4 0
          72 4 0 37 138 0
          141 16 0 140 16 0
          154 133 0 153 136 0
          155 14 0 155 13 0
          113 69 0 137 4 0
          137 3 0 42 131 0
          112 75 0 111 75 0
          64 76 0 128 115 0
          128 113 0 42 4 0
          21 159 0 21 158 0
          52 142 0 50 144 0
          124 7 0 125 8 0
          127 110 0 127 109 0
          85 108 0 142 32 0
          111 74 0 154 13 0
          110 74 0 52 78 0
          55 151 0 55 150 0
          9 10 0 10 11 0
          10 12 0 159 37 0
          147 56 0 136 0 0
          136 2 0 32 107 0
          34 109 0 50 90 0
          88 137 0 84 140 0
          47 135 0 50 131 0
          131 6 0 54 152 0
          127 107 0 153 12 0
          106 75 0 107 74 0
          87 79 0 86 81 0
          49 58 0 72 94 0
          72 98 0 51 90 0
          0 16 0 82 94 0
          82 93 0 134 0 0
          135 0 0 130 6 0
          36 26 0 35 28 0
          51 59 0 116 39 0
          141 14 0 68 7 0
          68 8 0 116 107 0
          118 105 0 11 8 0
          123 5 0 123 6 0
          59 38 0 82 62 0
          83 61 0 53 63 0
          52 62 0 82 18 0
          81 18 0 53 55 0
          54 56 0 146 0 0
          146 1 0 105 156 0
          105 150 0 55 56 0
          140 44 0 142 43 0
          68 159 0 68 158 0
          59 40 0 90 158 0
          86 159 0 71 122 0
          158 139 0 155 138 0
          128 9 0 128 12 0
          34 96 0 33 96 0
          33 59 0 51 60 0
          81 156 0 81 159 0
          51 55 0 128 81 0
          129 81 0 35 97 0
          34 97 0 142 41 0
          143 42 0 113 103 0
          113 102 0 48 124 0
          47 124 0 139 10 0
          139 11 0 14 48 0
          76 158 0 76 159 0
          153 27 0 153 28 0
          153 137 0 117 136 0
          117 137 0 17 45 0
          97 91 0 97 90 0
          45 123 0 46 124 0
          68 94 0 70 92 0
          129 82 0 114 157 0
          114 158 0 51 61 0
          131 82 0 135 10 0
          135 9 0 52 61 0
          113 108 0 114 108 0
          115 158 0 102 88 0
          101 89 0 82 159 0
          100 88 0 101 88 0
          62 154 0 64 155 0
          117 158 0 53 80 0
          129 134 0 123 49 0
          124 49 0 126 118 0
          127 118 0 35 61 0
          88 100 0 87 100 0
          78 159 0 87 99 0
          124 50 0 52 73 0
          87 98 0 118 138 0
          118 137 0 149 62 0
          149 60 0 119 159 0
          119 158 0 20 38 0
          4 6 0 118 158 0
          58 57 0 121 159 0
          10 62 0 9 62 0
          125 50 0 157 130 0
          87 61 0 87 60 0
          14 11 0 15 11 0
          123 77 0 123 76 0
          85 147 0 83 148 0
          124 128 0 123 129 0
          93 52 0 93 53 0
          94 54 0 94 53 0
          122 88 0 122 87 0
          100 146 0 101 144 0
          13 69 0 14 70 0
          144 62 0 144 60 0
          97 159 0 94 159 0
          0 56 0 0 59 0
          87 152 0 88 153 0
          42 140 0 101 122 0
          100 122 0 42 117 0
          42 116 0 42 141 0
          3 72 0 4 72 0
          41 116 0 41 115 0
          5 71 0 2 31 0
          88 104 0 0 74 0
          2 73 0 88 105 0
          9 61 0 3 61 0
          0 75 0 104 122 0
          104 123 0 114 146 0
          113 145 0 115 147 0
          115 146 0 103 122 0
          103 121 0 63 85 0
          63 84 0 159 132 0
          159 131 0 86 135 0
          86 134 0 7 56 0
          6 54 0 43 118 0
          43 117 0 100 155 0
          99 157 0 85 134 0
          98 143 0 99 143 0
          35 159 0 34 159 0
          87 135 0 156 65 0
          157 64 0 108 159 0
          107 159 0 110 148 0
          110 149 0 129 122 0
          130 122 0 122 123 0
          123 124 0 13 32 0
          14 31 0 8 69 0
          5 53 0 8 48 0
          6 47 0 0 61 0
          9 68 0 10 53 0
          3 54 0 1 70 0
          1 69 0 29 52 0
          <InformationKey name="L2_NORM_RANGE" location="vtkDataArray" length="2">
            <Value index="0">
              0
            </Value>
            <Value index="1">
              223.45021817
            </Value>
          </InformationKey>
        </DataArray>
      </Points>
      <Cells>
        <DataArray type="Int64" Name="connectivity" format="ascii" RangeMin="0" RangeMax="1393">
          0 1 2 3 4 5
          6 7 8 9 10 11
          12 13 14 15 16 17
          18 19 20 21 22 23
          24 25 26 15 27 28
          29 21 30 31 32 7
          33 34 35 36 37 5
          38 39 40 34 41 42
          43 44 7 13 45 46
          47 48 49 39 15 50
          51 52 53 48 54 55
          56 57 39 58 59 60
          61 36 62 31 63 64
          65 17 48 28 66 67
          68 69 31 70 5 71
          28 67 17 72 73 52
          74 75 67 76 77 78
          13 79 80 81 82 83
          84 76 36 79 85 86
          79 3 3 87 21 60
          88 71 71 89 90 23
          91 92 93 57 94 95
          96 89 97 98 89 99
          100 101 102 101 103 104
          105 106 57 107 108 109
          110 111 112 113 114 115
          116 99 117 118 119 120
          121 95 34 115 122 123
          76 42 60 120 42 124
          125 126 127 118 128 129
          130 131 115 78 118 132
          133 134 135 136 78 137
          138 139 140 137 141 142
          143 11 144 145 95 146
          11 145 147 148 149 72
          52 150 151 152 72 150
          145 134 153 136 154 155
          156 157 158 159 136 160
          161 162 163 164 137 25
          165 166 167 64 168 169
          170 171 150 172 173 171
          174 175 176 177 178 155
          179 180 181 172 182 183
          184 185 186 187 188 189
          190 191 192 169 193 58
          194 164 195 191 196 197
          198 199 200 201 58 180
          164 159 191 202 203 87
          204 205 206 183 207 208
          209 210 211 212 213 214
          169 215 216 217 25 218
          219 220 221 222 172 129
          223 224 225 226 180 227
          228 229 230 208 231 205
          232 132 132 226 233 234
          235 236 237 238 239 240
          241 242 243 244 245 202
          246 234 247 248 159 249
          250 113 251 9 252 189
          208 253 99 46 189 254
          255 244 87 256 257 249
          258 259 226 44 260 261
          46 177 262 263 264 201
          44 50 265 266 267 152
          268 269 270 175 120 271
          171 83 272 273 274 266
          101 275 276 236 277 273
          278 86 155 217 279 280
          152 271 281 282 283 284
          23 162 285 187 286 287
          288 289 290 291 64 292
          271 214 86 293 294 238
          205 295 187 224 224 296
          297 263 273 298 299 300
          301 215 302 303 129 304
          202 293 214 305 183 269
          263 306 83 240 307 308
          309 310 311 312 313 314
          315 298 316 317 318 319
          320 220 293 305 321 322
          305 123 9 323 324 292
          325 326 240 327 328 329
          220 330 331 332 333 157
          334 253 335 336 337 338
          339 340 341 342 236 343
          292 310 344 345 346 347
          238 314 269 348 314 322
          349 350 253 351 310 352
          298 340 353 354 355 70
          266 338 356 357 123 111
          358 131 359 317 215 360
          361 362 363 296 111 275
          364 365 366 308 367 368
          369 92 338 370 371 372
          373 212 374 342 375 376
          377 378 234 126 379 380
          381 382 383 352 384 385
          50 303 386 1 249 387
          308 388 92 389 1 390
          391 392 126 197 303 393
          394 395 396 397 398 399
          400 401 402 389 352 403
          404 405 406 407 408 409
          410 139 322 227 175 411
          412 413 162 414 415 357
          275 222 416 417 222 417
          139 75 244 418 419 420
          421 300 70 422 131 423
          342 424 425 104 426 427
          428 429 430 431 357 432
          417 350 300 433 434 435
          436 287 350 332 437 124
          438 439 124 388 388 330
          440 441 442 354 354 443
          444 445 446 351 447 448
          317 449 450 326 332 413
          217 411 451 393 452 392
          453 454 330 454 455 456
          393 457 454 458 413 372
          201 327 459 460 461 462
          351 463 75 254 464 465
          466 467 212 360 468 347
          157 362 469 470 113 376
          471 449 472 407 376 397
          473 390 449 382 389 474
          475 390 390 319 360 289
          407 476 227 477 478 439
          439 479 480 385 319 345
          372 465 481 441 411 482
          483 484 296 19 362 448
          485 486 487 484 347 424
          488 489 490 291 19 462
          491 457 291 492 493 494
          495 476 496 312 497 343
          177 498 499 500 501 502
          503 504 476 336 505 506
          507 508 509 510 511 498
          457 486 512 506 385 513
          514 515 424 516 517 518
          519 482 520 521 397 504
          482 522 523 522 343 414
          524 525 465 526 527 528
          345 185 392 529 530 55
          531 532 533 526 534 458
          535 536 537 538 287 323
          458 306 539 540 541 500
          542 543 289 544 545 463
          463 546 547 548 323 479
          486 477 55 549 550 370
          477 107 522 403 484 551
          552 553 526 553 554 229
          555 556 557 431 312 429
          558 559 306 470 470 560
          382 142 403 561 431 562
          563 564 185 565 566 567
          506 567 448 568 569 570
          571 572 573 574 575 576
          429 577 578 579 567 572
          504 576 580 581 582 378
          583 584 572 585 586 166
          166 546 587 588 589 590
          553 577 591 585 441 561
          592 549 593 594 561 595
          596 508 597 467 598 599
          600 256 601 602 603 401
          604 605 606 513 607 418
          608 538 609 610 142 611
          612 613 614 574 615 616
          617 532 618 562 619 620
          370 621 622 623 532 624
          336 625 626 540 627 628
          546 629 630 81 631 610
          632 633 634 635 498 199
          636 637 540 638 639 640
          538 620 641 642 643 644
          645 646 107 647 648 560
          467 649 549 650 418 510
          651 652 256 646 653 654
          655 656 657 568 560 259
          658 637 574 659 259 649
          326 565 660 661 662 595
          565 663 199 422 577 633
          664 423 576 665 327 599
          462 666 599 521 508 667
          668 518 669 515 670 671
          513 672 649 635 673 674
          646 675 676 611 677 678
          679 680 681 682 683 613
          684 685 500 686 401 674
          518 659 687 688 340 689
          690 691 692 691 611 693
          620 656 694 695 656 696
          479 697 698 647 699 700
          510 685 595 701 633 702
          703 704 705 701 610 432
          706 707 637 708 701 709
          647 650 710 663 711 712
          713 528 714 680 715 445
          197 716 717 718 719 709
          423 702 585 672 672 678
          720 489 709 721 521 722
          678 69 723 284 515 661
          724 725 726 725 727 728
          635 689 729 730 725 728
          489 722 528 261 659 730
          284 642 422 731 663 590
          732 733 734 638 590 716
          735 736 104 427 737 738
          427 739 730 740 689 579
          716 731 229 588 579 559
          741 536 742 743 650 744
          445 616 745 746 562 295
          747 693 748 749 81 750
          680 751 661 752 613 399
          753 106 722 644 616 754
          642 755 756 752 757 433
          758 556 378 759 261 754
          760 761 762 763 764 502
          69 765 754 564 556 766
          767 768 638 769 432 755
          770 746 771 772 134 581
          773 605 774 584 502 682
          775 712 776 736 777 778
          779 409 682 654 780 781
          755 665 782 783 784 744
          702 623 785 786 693 704
          736 787 788 738 789 749
          790 751 791 708 752 792
          793 675 691 551 665 794
          623 786 433 795 796 765
          797 798 799 666 800 801
          802 740 803 368 674 804
          584 805 738 435 568 787
          666 806 399 807 731 808
          809 810 811 812 749 813
          787 814 815 768 588 781
          685 816 551 494 817 621
          704 456 818 804 456 819
          712 820 644 821 822 819
          823 816 409 824 825 826
          728 827 744 828 581 420
          829 830 420 831 819 304
          832 833 834 835 836 812
          765 837 494 696 838 801
          839 718 816 625 840 697
          781 841 751 842 843 387
          844 845 846 543 847 848
          849 329 718 850 675 851
          852 853 854 855 801 830
          856 821 414 492 857 858
          740 525 859 629 329 743
          768 860 295 739 861 862
          525 826 863 864 812 845
          865 808 743 866 106 867
          708 868 387 869 605 870
          830 866 871 872 696 395
          873 874 368 875 876 877
          629 794 564 878 879 880
          881 882 883 795 866 806
          884 858 254 824 885 874
          886 460 874 887 621 888
          889 828 890 869 739 640
          804 891 892 688 893 721
          894 895 896 842 897 851
          536 763 898 808 826 877
          828 814 899 900 808 901
          877 901 688 902 903 827
          460 904 901 841 640 792
          824 860 721 516 559 905
          906 907 821 867 860 908
          827 887 909 837 887 778
          858 907 910 855 911 912
          625 913 778 914 915 882
          882 628 845 916 841 772
          917 443 851 529 746 918
          794 919 920 548 921 922
          923 924 814 769 925 926
          927 928 772 929 930 474
          443 931 932 928 933 934
          935 936 937 872 938 939
          940 916 763 941 769 919
          792 929 942 943 944 945
          946 820 869 947 948 671
          949 950 951 952 837 918
          474 953 954 908 929 955
          820 943 867 810 395 956
          957 891 628 958 916 959
          960 961 907 922 962 963
          964 652 965 966 304 967
          968 969 918 934 891 961
          970 971 972 953 973 974
          795 975 922 848 976 913
          810 924 786 977 652 878
          978 979 492 980 981 955
          919 931 855 982 983 904
          984 985 516 958 955 982
          986 987 958 963 961 988
          989 950 878 759 931 975
          990 807 548 991 842 992
          848 993 924 994 982 380
          671 995 380 959 529 996
          435 997 998 835 999 1000
          928 941 1001 1002 1003 1004
          697 977 975 686 686 912
          835 994 1005 987 941 1004
          912 992 959 1002 992 594
          1006 1007 1008 1009 1002 979
          1010 995 1011 1012 908 1000
          806 1013 1014 1015 904 914
          1004 936 594 888 1016 1017
          1018 707 987 993 1019 1012
          914 905 1000 939 953 985
          950 864 1020 1021 913 1022
          963 895 1023 1024 943 1025
          1012 1026 1027 997 934 1013
          997 1028 1029 1030 1031 544
          1032 1033 1034 988 1035 1033
          936 1036 1037 1038 993 1039
          988 880 905 405 1033 991
          759 1036 1036 695 995 967
          654 1040 1041 952 994 280
          1042 1009 1043 1044 991 1045
          979 1021 1013 1030 967 1028
          543 1046 1028 875 1021 900
          1047 1048 1049 1050 888 1040
          1040 1051 1052 1048 1030 248
          900 570 695 1044 1053 1054
          985 1025 807 1055 1048 1015
          1025 700 1056 1057 1058 1059
          977 805 570 971 895 1060
          971 667 1061 1051 667 1046
          1062 1063 1046 902 1044 868
          1064 1065 805 1066 939 1067
          1068 365 1069 1070 1071 1072
          1073 1074 1075 945 1076 1065
          1051 926 248 956 1015 1077
          880 1078 926 1026 956 1045
          405 1079 1026 1067 1080 969
          1009 1081 1082 783 1083 1074
          365 1017 707 1072 1045 1084
          902 1085 280 1086 1087 1088
          1089 1084 544 1088 1072 1066
          1065 1055 952 1090 1091 1070
          1092 1093 1070 1094 1095 602
          1096 1086 1097 1081 1098 831
          1099 1100 1101 1102 1103 1050
          1017 1104 875 1054 1105 1106
          1050 1107 868 1085 1088 1039
          1084 1108 1109 1110 1111 1112
          1086 109 783 761 1113 1063
          1114 1115 1085 1038 1116 1117
          1066 348 1118 1119 969 1120
          1054 798 1121 1122 1038 1108
          1074 850 1063 1123 761 1077
          1039 980 1108 966 109 1024
          1124 853 853 1125 700 1126
          1127 1128 1024 1129 1067 1110
          798 1122 1130 1131 1132 1133
          1134 1135 1136 1137 1138 1079
          1122 1139 966 947 1140 1125
          1141 1119 850 1090 1125 1142
          1090 1143 1079 218 947 1137
          1137 833 833 1142 980 1093
          1142 1139 602 1133 1144 1145
          1146 1147 1093 1060 1148 1147
          1139 1135 1135 1126 1133 1145
          1081 1149 1060 1150 1126 750
          1110 1123 1151 1152 750 1150
          1150 1112 1153 1154 1155 1107
          1112 1129 1156 1157 1158 1159
          1123 282 1129 1100 1055 1160
          282 1161 348 1162 1119 1163
          1164 1165 1100 1165 1166 1167
          1168 1057 1169 1170 1107 1171
          1165 1152 864 1172 1173 1174
          1145 1161 1175 1176 1057 148
          1177 1160 1161 1131 1178 1179
          1131 1022 1022 242 1160 1115
          1152 1007 218 624 1007 1106
          148 1180 1106 98 98 1149
          1077 1181 1115 1182 1149 1182
          1183 1184 1182 1184 1184 1167
          1185 1186 1147 1187 1188 1189
          1190 1078 1167 1181 1191 1192
          831 766 1181 1192 1193 1194
          1192 1176 624 1171 1195 1196
          1197 1198 1176 1128 1199 1200
          1128 1196 1201 1202 1196 1163
          1203 1198 1163 1174 1078 1179
          1174 1094 1094 1189 1204 1205
          1189 1187 1206 1207 242 1154
          1179 1208 1187 974 1209 1210
          974 1162 1171 1211 1154 1211
          1212 1213 1214 1215 1216 1217
          1211 1207 1162 1208 1208 862
          1218 1104 1219 1180 1207 1217
          1104 160 1217 996 1220 1221
          996 1170 1180 1222 1223 1224
          1225 1226 1227 1228 1229 1230
          1170 1231 1232 1231 1233 1234
          862 1230 1230 1200 1235 813
          1198 1222 1200 1234 1231 1236
          1234 1186 1237 1236 1238 1239
          1240 1117 1186 1228 1236 1241
          1242 1241 813 1243 1244 1245
          1228 1120 1246 1247 1248 1249
          1120 1239 1241 1102 1250 1224
          1251 1252 1222 1253 1224 1254
          1239 210 210 1205 1205 1245
          1245 1255 1256 1255 1257 1194
          1102 733 733 1226 1258 1259
          1260 1252 1255 1261 1262 1261
          1263 1221 1264 1265 1266 1267
          1261 1259 1226 1247 1252 1268
          1269 1143 1259 1265 1265 1254
          1247 1270 1254 1215 1271 1272
          1273 1274 160 1275 1276 1277
          1117 1213 1221 1278 1279 1277
          1280 1272 1215 1274 1143 1281
          1274 1270 1277 1282 1283 1284
          1194 1253 1285 1286 1287 1288
          945 1289 766 1290 1270 1290
          1291 1288 1288 1268 1290 1282
          1253 1292 1268 1293 1282 1249
          1249 1284 1294 1295 1284 1293
          1272 1296 1213 1297 1298 1299
          1293 1292 1292 1159 1300 1301
          1302 1303 1159 1296 1296 1303
          1303 1281 1304 1305 1281 1278
          1306 1307 1308 1309 1278 1299
          1299 1307 1307 1310 1311 1310
          1310 1267 1267 1309 1309 1301
          1301 1312 1313 1312 1312 146
          1314 1315 146 1286 1286 1202
          1202 1297 1316 1317 1318 1319
          1297 1289 1320 1321 1322 1323
          1324 1325 1289 1319 1319 1326
          1327 1328 1329 1330 1331 1326
          1326 1315 1332 1333 1315 1328
          1334 1335 1328 1172 1336 1333
          872 1337 1172 1338 1339 1340
          1341 1338 1342 1295 1295 1343
          1333 1340 1338 1305 1305 1335
          1340 1344 1345 1346 1347 1348
          1335 1330 1330 1210 1210 1325
          1325 1348 1348 1344 1344 1317
          1317 1346 1349 1350 1346 1351
          1352 1351 1351 1350 1350 1157
          1353 1354 1355 1356 1357 1358
          1157 1243 1359 1360 1361 1362
          1243 1354 1363 1364 1354 1275
          1365 1358 1275 1362 1366 1367
          1368 1369 1362 1356 1358 1370
          1371 1372 1356 1369 1369 1370
          1373 1374 1370 1374 1374 1367
          1367 1321 1321 1364 1364 1375
          1376 1375 1377 1378 1375 1378
          1378 1379 1380 1379 1379 1059
          1059 1337 1337 870 870 1372
          1372 1381 1382 1381 1381 1383
          1384 1360 1385 1386 1387 1323
          1388 1383 1383 1389 1323 1390
          1360 1389 1389 1390 1390 1386
          1386 1343 1343 1391 1392 1391
          1391 1393
        </DataArray>
        <DataArray type="Int64" Name="offsets" format="ascii" RangeMin="2" RangeMax="2786">
          2 4 6 8 10 12
          14 16 18 20 22 24
          26 28 30 32 34 36
          38 40 42 44 46 48
          50 52 54 56 58 60
          62 64 66 68 70 72
          74 76 78 80 82 84
          86 88 90 92 94 96
          98 100 102 104 106 108
          110 112 114 116 118 120
          122 124 126 128 130 132
          134 136 138 140 142 144
          146 148 150 152 154 156
          158 160 162 164 166 168
          170 172 174 176 178 180
          182 184 186 188 190 192
          194 196 198 200 202 204
          206 208 210 212 214 216
          218 220 222 224 226 228
          230 232 234 236 238 240
          242 244 246 248 250 252
          254 256 258 260 262 264
          266 268 270 272 274 276
          278 280 282 284 286 288
          290 292 294 296 298 300
          302 304 306 308 310 312
          314 316 318 320 322 324
          326 328 330 332 334 336
          338 340 342 344 346 348
          350 352 354 356 358 360
          362 364 366 368 370 372
          374 376 378 380 382 384
          386 388 390 392 394 396
          398 400 402 404 406 408
          410 412 414 416 418 420
          422 424 426 428 430 432
          434 436 438 440 442 444
          446 448 450 452 454 456
          458 460 462 464 466 468
          470 472 474 476 478 480
          482 484 486 488 490 492
          494 496 498 500 502 504
          506 508 510 512 514 516
          518 520 522 524 526 528
          530 532 534 536 538 540
          542 544 546 548 550 552
          554 556 558 560 562 564
          566 568 570 572 574 576
          578 580 582 584 586 588
          590 592 594 596 598 600
          602 604 606 608 610 612
          614 616 618 620 622 624
          626 628 630 632 634 636
          638 640 642 644 646 648
          650 652 654 656 658 660
          662 664 666 668 670 672
          674 676 678 680 682 684
          686 688 690 692 694 696
          698 700 702 704 706 708
          710 712 714 716 718 720
          722 724 726 728 730 732
          734 736 738 740 742 744
          746 748 750 752 754 756
          758 760 762 764 766 768
          770 772 774 776 778 780
          782 784 786 788 790 792
          794 796 798 800 802 804
          806 808 810 812 814 816
          818 820 822 824 826 828
          830 832 834 836 838 840
          842 844 846 848 850 852
          854 856 858 860 862 864
          866 868 870 872 874 876
          878 880 882 884 886 888
          890 892 894 896 898 900
          902 904 906 908 910 912
          914 916 918 920 922 924
          926 928 930 932 934 936
          938 940 942 944 946 948
          950 952 954 956 958 960
          962 964 966 968 970 972
          974 976 978 980 982 984
          986 988 990 992 994 996
          998 1000 1002 1004 1006 1008
          1010 1012 1014 1016 1018 1020
          1022 1024 1026 1028 1030 1032
          1034 1036 1038 1040 1042 1044
          1046 1048 1050 1052 1054 1056
          1058 1060 1062 1064 1066 1068
          1070 1072 1074 1076 1078 1080
          1082 1084 1086 1088 1090 1092
          1094 1096 1098 1100 1102 1104
          1106 1108 1110 1112 1114 1116
          1118 1120 1122 1124 1126 1128
          1130 1132 1134 1136 1138 1140
          1142 1144 1146 1148 1150 1152
          1154 1156 1158 1160 1162 1164
          1166 1168 1170 1172 1174 1176
          1178 1180 1182 1184 1186 1188
          1190 1192 1194 1196 1198 1200
          1202 1204 1206 1208 1210 1212
          1214 1216 1218 1220 1222 1224
          1226 1228 1230 1232 1234 1236
          1238 1240 1242 1244 1246 1248
          1250 1252 1254 1256 1258 1260
          1262 1264 1266 1268 1270 1272
          1274 1276 1278 1280 1282 1284
          1286 1288 1290 1292 1294 1296
          1298 1300 1302 1304 1306 1308
          1310 1312 1314 1316 1318 1320
          1322 1324 1326 1328 1330 1332
          1334 1336 1338 1340 1342 1344
          1346 1348 1350 1352 1354 1356
          1358 1360 1362 1364 1366 1368
          1370 1372 1374 1376 1378 1380
          1382 1384 1386 1388 1390 1392
          1394 1396 1398 1400 1402 1404
          1406 1408 1410 1412 1414 1416
          1418 1420 1422 1424 1426 1428
          1430 1432 1434 1436 1438 1440
          1442 1444 1446 1448 1450 1452
          1454 1456 1458 1460 1462 1464
          1466 1468 1470 1472 1474 1476
          1478 1480 1482 1484 1486 1488
          1490 1492 1494 1496 1498 1500
          1502 1504 1506 1508 1510 1512
          1514 1516 1518 1520 1522 1524
          1526 1528 1530 1532 1534 1536
          1538 1540 1542 1544 1546 1548
          1550 1552 1554 1556 1558 1560
          1562 1564 1566 1568 1570 1572
          1574 1576 1578 1580 1582 1584
          1586 1588 1590 1592 1594 1596
          1598 1600 1602 1604 1606 1608
          1610 1612 1614 1616 1618 1620
          1622 1624 1626 1628 1630 1632
          1634 1636 1638 1640 1642 1644
          1646 1648 1650 1652 1654 1656
          1658 1660 1662 1664 1666 1668
          1670 1672 1674 1676 1678 1680
          1682 1684 1686 1688 1690 1692
          1694 1696 1698 1700 1702 1704
          1706 1708 1710 1712 1714 1716
          1718 1720 1722 1724 1726 1728
          1730 1732 1734 1736 1738 1740
          1742 1744 1746 1748 1750 1752
          1754 1756 1758 1760 1762 1764
          1766 1768 1770 1772 1774 1776
          1778 1780 1782 1784 1786 1788
          1790 1792 1794 1796 1798 1800
          1802 1804 1806 1808 1810 1812
          1814 1816 1818 1820 1822 1824
          1826 1828 1830 1832 1834 1836
          1838 1840 1842 1844 1846 1848
          1850 1852 1854 1856 1858 1860
          1862 1864 1866 1868 1870 1872
          1874 1876 1878 1880 1882 1884
          1886 1888 1890 1892 1894 1896
          1898 1900 1902 1904 1906 1908
          1910 1912 1914 1916 1918 1920
          1922 1924 1926 1928 1930 1932
          1934 1936 1938 1940 1942 1944
          1946 1948 1950 1952 1954 1956
          1958 1960 1962 1964 1966 1968
          1970 1972 1974 1976 1978 1980
          1982 1984 1986 1988 1990 1992
          1994 1996 1998 2000 2002 2004
          2006 2008 2010 2012 2014 2016
          2018 2020 2022 2024 2026 2028
          2030 2032 2034 2036 2038 2040
          2042 2044 2046 2048 2050 2052
          2054 2056 2058 2060 2062 2064
          2066 2068 2070 2072 2074 2076
          2078 2080 2082 2084 2086 2088
          2090 2092 2094 2096 2098 2100
          2102 2104 2106 2108 2110 2112
          2114 2116 2118 2120 2122 2124
          2126 2128 2130 2132 2134 2136
          2138 2140 2142 2144 2146 2148
          2150 2152 2154 2156 2158 2160
          2162 2164 2166 2168 2170 2172
          2174 2176 2178 2180 2182 2184
          2186 2188 2190 2192 2194 2196
          2198 2200 2202 2204 2206 2208
          2210 2212 2214 2216 2218 2220
          2222 2224 2226 2228 2230 2232
          2234 2236 2238 2240 2242 2244
          2246 2248 2250 2252 2254 2256
          2258 2260 2262 2264 2266 2268
          2270 2272 2274 2276 2278 2280
          2282 2284 2286 2288 2290 2292
          2294 2296 2298 2300 2302 2304
          2306 2308 2310 2312 2314 2316
          2318 2320 2322 2324 2326 2328
          2330 2332 2334 2336 2338 2340
          2342 2344 2346 2348 2350 2352
          2354 2356 2358 2360 2362 2364
          2366 2368 2370 2372 2374 2376
          2378 2380 2382 2384 2386 2388
          2390 2392 2394 2396 2398 2400
          2402 2404 2406 2408 2410 2412
          2414 2416 2418 2420 2422 2424
          2426 2428 2430 2432 2434 2436
          2438 2440 2442 2444 2446 2448
          2450 2452 2454 2456 2458 2460
          2462 2464 2466 2468 2470 2472
          2474 2476 2478 2480 2482 2484
          2486 2488 2490 2492 2494 2496
          2498 2500 2502 2504 2506 2508
          2510 2512 2514 2516 2518 2520
          2522 2524 2526 2528 2530 2532
          2534 2536 2538 2540 2542 2544
          2546 2548 2550 2552 2554 2556
          2558 2560 2562 2564 2566 2568
          2570 2572 2574 2576 2578 2580
          2582 2584 2586 2588 2590 2592
          2594 2596 2598 2600 2602 2604
          2606 2608 2610 2612 2614 2616
          2618 2620 2622 2624 2626 2628
          2630 2632 2634 2636 2638 2640
          2642 2644 2646 2648 2650 2652
          2654 2656 2658 2660 2662 2664
          2666 2668 2670 2672 2674 2676
          2678 2680 2682 2684 2686 2688
          2690 2692 2694 2696 2698 2700
          2702 2704 2706 2708 2710 2712
          2714 2716 2718 2720 2722 2724
          2726 2728 2730 2732 2734 2736
          2738 2740 2742 2744 2746 2748
          2750 2752 2754 2756 2758 2760
          2762 2764 2766 2768 2770 2772
          2774 2776 2778 2780 2782 2784
          2786
        </DataArray>
        <DataArray type="UInt8" Name="types" format="ascii" RangeMin="3" RangeMax="3">
          3 3 3 3 3 3
          3 3 3 3 3 3
          3 3 3 3 3 3
          3 3 3 3 3 3
          3 3 3 3 3 3
          3 3 3 3 3 3
          3 3 3 3 3 3
          3 3 3 3 3 3
          3 3 3 3 3 3
          3 3 3 3 3 3
          3 3 3 3 3 3
          3 3 3 3 3 3
          3 3 3 3 3 3
          3 3 3 3 3 3
          3 3 3 3 3 3
          3 3 3 3 3 3
          3 3 3 3 3 3
          3 3 3 3 3 3
          3 3 3 3 3 3
          3 3 3 3 3 3
          3 3 3 3 3 3
          3 3 3 3 3 3
          3 3 3 3 3 3
          3 3 3 3 3 3
          3 3 3 3 3 3
          3 3 3 3 3 3
          3 3 3 3 3 3
          3 3 3 3 3 3
          3 3 3 3 3 3
          3 3 3 3 3 3
          3 3 3 3 3 3
          3 3 3 3 3 3
          3 3 3 3 3 3
          3 3 3 3 3 3
          3 3 3 3 3 3
          3 3 3 3 3 3
          3 3 3 3 3 3
          3 3 3 3 3 3
          3 3 3 3 3 3
          3 3 3 3 3 3
          3 3 3 3 3 3
          3 3 3 3 3 3
          3 3 3 3 3 3
          3 3 3 3 3 3
          3 3 3 3 3 3
          3 3 3 3 3 3
          3 3 3 3 3 3
          3 3 3 3 3 3
          3 3 3 3 3 3
          3 3 3 3 3 3
          3 3 3 3 3 3
          3 3 3 3 3 3
          3 3 3 3 3 3
          3 3 3 3 3 3
          3 3 3 3 3 3
          3 3 3 3 3 3
          3 3 3 3 3 3
          3 3 3 3 3 3
          3 3 3 3 3 3
          3 3 3 3 3 3
          3 3 3 3 3 3
          3 3 3 3 3 3
          3 3 3 3 3 3
          3 3 3 3 3 3
          3 3 3 3 3 3
          3 3 3 3 3 3
          3 3 3 3 3 3
          3 3 3 3 3 3
          3 3 3 3 3 3
          3 3 3 3 3 3
          3 3 3 3 3 3
          3 3 3 3 3 3
          3 3 3 3 3 3
          3 3 3 3 3 3
          3 3 3 3 3 3
          3 3 3 3 3 3
          3 3 3 3 3 3
          3 3 3 3 3 3
          3 3 3 3 3 3
          3 3 3 3 3 3
          3 3 3 3 3 3
          3 3 3 3 3 3
          3 3 3 3 3 3
          3 3 3 3 3 3
          3 3 3 3 3 3
          3 3 3 3 3 3
          3 3 3 3 3 3
          3 3 3 3 3 3
          3 3 3 3 3 3
          3 3 3 3 3 3
          3 3 3 3 3 3
          3 3 3 3 3 3
          3 3 3 3 3 3
          3 3 3 3 3 3
          3 3 3 3 3 3
          3 3 3 3 3 3
          3 3 3 3 3 3
          3 3 3 3 3 3
          3 3 3 3 3 3
          3 3 3 3 3 3
          3 3 3 3 3 3
          3 3 3 3 3 3
          3 3 3 3 3 3
          3 3 3 3 3 3
          3 3 3 3 3 3
          3 3 3 3 3 3
          3 3 3 3 3 3
          3 3 3 3 3 3
          3 3 3 3 3 3
          3 3 3 3 3 3
          3 3 3 3 3 3
          3 3 3 3 3 3
          3 3 3 3 3 3
          3 3 3 3 3 3
          3 3 3 3 3 3
          3 3 3 3 3 3
          3 3 3 3 3 3
          3 3 3 3 3 3
          3 3 3 3 3 3
          3 3 3 3 3 3
          3 3 3 3 3 3
          3 3 3 3 3 3
          3 3 3 3 3 3
          3 3 3 3 3 3
          3 3 3 3 3 3
          3 3 3 3 3 3
          3 3 3 3 3 3
          3 3 3 3 3 3
          3 3 3 3 3 3
          3 3 3 3 3 3
          3 3 3 3 3 3
          3 3 3 3 3 3
          3 3 3 3 3 3
          3 3 3 3 3 3
          3 3 3 3 3 3
          3 3 3 3 3 3
          3 3 3 3 3 3
          3 3 3 3 3 3
          3 3 3 3 3 3
          3 3 3 3 3 3
          3 3 3 3 3 3
          3 3 3 3 3 3
          3 3 3 3 3 3
          3 3 3 3 3 3
          3 3 3 3 3 3
          3 3 3 3 3 3
          3 3 3 3 3 3
          3 3 3 3 3 3
          3 3 3 3 3 3
          3 3 3 3 3 3
          3 3 3 3 3 3
          3 3 3 3 3 3
          3 3 3 3 3 3
          3 3 3 3 3 3
          3 3 3 3 3 3
          3 3 3 3 3 3
          3 3 3 3 3 3
          3 3 3 3 3 3
          3 3 3 3 3 3
          3 3 3 3 3 3
          3 3 3 3 3 3
          3 3 3 3 3 3
          3 3 3 3 3 3
          3 3 3 3 3 3
          3 3 3 3 3 3
          3 3 3 3 3 3
          3 3 3 3 3 3
          3 3 3 3 3 3
          3 3 3 3 3 3
          3 3 3 3 3 3
          3 3 3 3 3 3
          3 3 3 3 3 3
          3 3 3 3 3 3
          3 3 3 3 3 3
          3 3 3 3 3 3
          3 3 3 3 3 3
          3 3 3 3 3 3
          3 3 3 3 3 3
          3 3 3 3 3 3
          3 3 3 3 3 3
          3 3 3 3 3 3
          3 3 3 3 3 3
          3 3 3 3 3 3
          3 3 3 3 3 3
          3 3 3 3 3 3
          3 3 3 3 3 3
          3 3 3 3 3 3
          3 3 3 3 3 3
          3 3 3 3 3 3
          3 3 3 3 3 3
          3 3 3 3 3 3
          3 3 3 3 3 3
          3 3 3 3 3 3
          3 3 3 3 3 3
          3 3 3 3 3 3
          3 3 3 3 3 3
          3 3 3 3 3 3
          3 3 3 3 3 3
          3 3 3 3 3 3
          3 3 3 3 3 3
          3 3 3 3 3 3
          3 3 3 3 3 3
          3 3 3 3 3 3
          3 3 3 3 3 3
          3 3 3 3 3 3
          3 3 3 3 3 3
          3 3 3 3 3 3
          3 3 3 3 3 3
          3 3 3 3 3 3
          3 3 3 3 3 3
          3 3 3 3 3 3
          3 3 3 3 3 3
          3 3 3 3 3 3
          3 3 3 3 3 3
          3 3 3 3 3 3
          3 3 3 3 3 3
          3 3 3 3 3 3
          3 3 3 3 3 3
          3 3 3 3 3 3
          3 3 3 3 3 3
          3 3 3 3 3 3
          3 3 3 3 3 3
          3 3 3 3 3 3
          3 3 3 3 3 3
          3 3 3 3 3 3
          3 3 3 3 3 3
          3 3 3 3 3 3
          3 3 3 3 3 3
          3 3 3 3 3 3
          3 3 3 3 3 3
          3 3 3 3 3 3
          3 3 3 3 3 3
          3
        </DataArray>
      </Cells>
    </Piece>
  </UnstructuredGrid>
</VTKFile>
