<VTKFile type="UnstructuredGrid" version="0.1" byte_order="LittleEndian" header_type="UInt32" compressor="vtkZLibDataCompressor">
  <UnstructuredGrid>
    <Piece NumberOfPoints="1631" NumberOfCells="1630">
      <PointData>
        <DataArray type="Float32" Name="Scalar" format="ascii" RangeMin="0.6378402709960938" RangeMax="18.881805419921875">
          0.6378403 1.9501344 0.7019272 1.7883835 0.70803076 2.0355835
          0.7934799 2.1851273 1.0498352 1.9806519 1.1078186 1.1505508
          2.633751 1.2482071 2.7130966 1.4069061 4.428238 1.4435272
          2.7497177 1.4984589 1.6327438 1.6327438 1.9898071 1.6907272
          2.02948 1.7914352 2.7558212 1.7944871 2.9114685 1.8982543
          2.2919388 4.589981 3.152565 2.240059 2.4384308 2.340767
          2.9999695 2.3560257 2.3712845 2.4048615 2.8901062 2.4292755
          3.2013931 2.5574493 3.2013931 2.670372 3.7446213 3.329567
          2.8656845 3.0549011 2.9664001 3.1342545 2.9877625 2.9877625
          4.2878494 3.01828 3.2502213 3.0243835 3.0274353 4.1016846
          3.042694 3.0549011 3.094574 3.7659836 3.1312027 3.848381
          3.2380142 3.1617203 4.99588 3.1708755 7.1901627 3.1739273
          3.5706635 3.1861343 3.8300705 3.1891863 4.7791977 3.9033203
          3.2074966 5.6001434 3.63781 3.2715833 3.7018967 3.274635
          3.2929459 3.305153 3.622551 3.3143082 3.341774 3.3478775
          3.3478775 3.7171555 3.36924 3.4730072 3.7293625 3.4821625
          3.6530685 3.5035248 4.7547836 3.5096283 3.9613035 3.5340424
          4.177986 3.5431976 4.0406494 3.5431976 4.6937485 3.56456
          3.671379 3.5950775 3.6256027 3.8148117 3.8209152 3.659172
          3.6622236 3.6866379 3.8422778 3.6896894 3.6957932 4.165779
          3.9185789 3.8300707 5.6001434 3.784294 4.3855133 4.651024
          4.806663 3.9643555 4.9684143 4.0253906 4.8036118 4.0284424
          4.4618073 4.1261063 4.05896 5.624565 4.0803223 4.1169434
          4.098633 5.8778687 4.1138916 4.5106354 4.1840897 5.441452
          4.1840897 4.2390213 4.1871414 5.0782776 4.1962967 4.2024
          5.1759415 4.2085037 5.0660706 4.2237625 4.8585434 4.3397293
          4.257332 4.2756424 4.287849 6.781212 4.3122635 4.3366776
          4.3397293 5.13932 4.4831696 4.345833 4.971466 4.388565
          4.4068756 4.4160314 4.9440002 5.404831 4.4343414 4.9409485
          4.437393 4.4740143 5.3163223 4.480118 4.9684143 4.684593
          4.6449203 4.525894 4.525894 4.672386 4.525894 4.528946
          4.699852 4.5442047 4.7212143 4.5472565 4.6906967 4.580826
          5.700859 4.5838776 4.5869293 4.7944565 4.5869293 4.828026
          5.343788 4.5960846 5.0782776 4.638817 4.9378967 4.6449203
          4.773094 4.6540756 4.6571274 4.669335 4.7791977 4.699852
          4.9684143 5.09964 4.7791977 5.3285294 4.788353 4.931793
          4.9623113 4.8036118 4.8738103 4.8097157 4.9775696 4.815819
          4.828026 4.947052 5.322426 4.8463364 4.8554916 4.8890686
          4.8921204 5.133217 4.907379 4.910431 5.1271133 4.922638
          4.934845 4.9378967 5.334633 6.012146 4.9928284 5.2247696
          5.9694214 5.0080867 5.011139 4.986725 6.295967 4.9897766
          5.322426 4.9897766 5.4322968 7.483139 4.99588 5.209511
          5.0172424 5.3743134 5.02945 5.063019 6.418045 6.6469345
          5.896179 5.084381 5.319374 5.1057434 5.4689183 5.111847
          5.3407364 5.1240616 5.1240616 5.3010635 5.3163223 6.2044144
          5.355995 5.1484756 5.368202 5.1515274 5.1606827 5.310219
          5.1637344 5.169838 5.777153 5.1850967 5.426193 5.1881485
          6.2654495 5.194252 5.2095113 5.230873 5.2125626 5.221718
          5.5726776 5.2278214 6.4302516 5.2644424 5.682549 5.2644424
          5.5085907 5.2705455 5.2735977 5.2888565 5.54216 5.2919083
          5.481125 5.3010635 5.307167 5.7222214 6.027405 5.6703415
          5.3498917 5.5757294 5.3620987 5.4475555 5.3834686 5.728325
          5.389572 5.853447 5.3956757 6.2898636 5.441452 5.4048314
          5.9297485 5.413986 5.98468 6.0823364 5.4475555 5.624565
          5.4628143 5.505539 5.468918 5.9816284 5.4719696 5.4750214
          5.8687053 5.4750214 5.700859 5.478073 6.08844 5.49028
          5.7252736 5.505539 6.143379 5.7863083 5.517746 5.5207977
          6.1403275 5.688652 5.5482635 5.874817 5.5482635 5.7344284
          5.5482635 6.4912877 5.6215057 5.7557907 5.825981 5.627617
          6.3661575 5.6306686 6.445511 5.648979 6.2685013 5.652031
          5.6581345 5.908386 5.676445 5.7344284 5.6978073 5.700859
          5.752739 5.7313766 5.804619 5.7344284 5.887024 5.813774
          5.73748 6.073181 5.804619 5.7557907 5.7557907 5.9541626
          5.777153 5.8442917 5.780205 5.7832565 5.801567 5.801567
          5.801567 5.9480596 5.8473434 5.804619 6.3875275 5.8076706
          5.8229294 5.8351364 6.405838 6.1891556 6.03656 5.8473434
          6.1952596 5.887024 6.433304 5.935852 5.887024 6.311226
          5.9053345 6.7598495 5.908386 6.4760284 6.0701294 6.1769485
          5.9541626 6.5157013 6.0579224 5.9572144 6.7720566 5.9572144
          6.5126495 5.963318 6.0670776 6.53096 5.9694214 5.975525
          6.2410355 5.9816284 5.98468 6.3692093 6.0457153 5.996887
          6.77816 5.996887 6.430252 6.8391953 6.012146 6.170845
          6.0182495 6.3264847 6.0213013 6.1769485 6.0213013 6.418045
          6.027405 6.0335083 6.1494827 6.2898636 6.03656 6.048767
          6.4119415 6.0548706 6.0670776 6.5889435 6.097595 6.0792847
          6.216621 6.097595 6.4119415 6.262398 6.100647 6.100647
          6.1677933 6.1189575 6.1922073 6.1220093 6.2898636 6.134224
          7.568588 6.1372757 6.1403275 6.714073 6.271553 6.146431
          6.1616898 6.1647415 6.33564 6.1800003 6.4607697 6.198311
          6.2044144 6.2044144 6.433304 6.2257767 7.1932144 6.23188
          6.234932 7.443466 6.2898636 6.2532425 6.2532425 6.262398
          7.0192566 6.2898636 6.274605 6.756798 6.2807083 6.5370636
          6.286812 6.4363556 6.5248566 6.457718 6.2898636 6.2898636
          6.4119415 6.3783727 6.2929153 6.308174 6.47908 6.3295364
          6.418045 6.3417435 6.543167 6.344795 6.8117294 6.363106
          6.4272003 6.366157 6.491287 6.3692093 6.4485626 6.4027863
          6.790367 6.4119415 6.665245 6.6347275 6.5034943 6.4485626
          6.4943385 6.625572 6.4607697 6.4760284 8.301033 6.6347275
          6.4882355 6.4973907 6.5004425 6.4973907 6.4973907 6.7598495
          6.4973907 6.6499863 6.4973907 6.595047 6.509598 6.6835556
          6.595047 6.5248566 6.6591415 6.7110214 6.5614777 6.5767365
          6.5858917 6.826988 6.5980988 6.613358 7.15049 6.6469345
          6.6499867 8.349861 6.735436 6.6866074 6.7842636 6.6957626
          6.814781 6.701866 8.081299 6.701866 6.988739 6.7110214
          6.8391953 6.7140727 7.8524094 6.717125 7.309181 6.7506943
          7.1077576 6.756798 7.9989014 9.057892 6.765953 7.049774
          6.97348 6.781212 7.098603 6.781212 6.793419 7.2450943
          6.793419 7.02536 6.7995224 6.875824 6.8361435 6.961273
          6.842247 6.8788757 6.8819275 10.068054 6.9216003 7.184059
          6.9460144 7.9073486 6.9704285 7.223732 7.394638 6.982636
          7.02536 6.991791 7.2298355 6.9948425 7.876831 7.000946
          7.113861 7.000946 7.275612 7.003998 7.003998 7.184059
          7.0101013 7.0345154 7.611313 7.0314636 7.1260757 7.0589294
          7.0467224 7.052826 7.0986023 7.065033 7.07724 7.171852
          7.0833435 7.0986023 7.2115245 7.101654 7.4678802 7.1260757
          7.647941 7.1657486 7.32444 7.556381 7.1901627 7.263405
          7.3458023 7.2389913 8.038574 7.2389913 7.260353 7.257301
          7.4160004 7.2664566 8.2949295 7.300026 7.3183365 7.5136566
          7.34275 8.73745 7.3671646 7.6967697 7.3915863 7.867668
          7.394638 7.51976 7.4007416 7.498398 7.4007416 8.093506
          7.4037933 7.901245 7.4037933 7.498398 7.4037933 7.409897
          8.337654 7.4861913 7.431259 7.6021576 7.437363 8.233894
          7.4526215 7.4495697 7.4495697 7.4526215 7.458725 7.5685883
          7.4678802 7.7364426 7.4770355 7.6174164 7.4800873 7.608261
          8.252205 7.510605 9.164711 7.5777435 7.6601486 7.541122
          7.8402023 7.544174 7.5533295 7.7639084 7.5655365 7.5655365
          8.926666 7.6021576 7.9470215 7.867668 7.632683 7.611313
          7.6143646 8.081299 7.8096848 7.620468 7.986694 7.7028728
          7.6723557 8.276619 7.6845627 7.690666 7.702873 7.821892
          7.754753 7.8371506 7.757805 7.806633 7.7639084 9.277626
          7.770012 7.7852707 7.7883224 7.7883224 7.8157883 7.806633
          8.084351 7.965332 7.992798 7.855461 8.426163 7.8646164
          8.319344 7.9378657 7.876831 8.606216 7.8981934 8.230843
          9.463791 7.913452 8.301033 7.913452 8.694725 7.916504
          7.9195557 8.258308 7.9256597 7.9622803 7.9439697 7.977539
          7.9592285 7.9470215 7.953125 8.078247 7.9592285 7.980591
          8.578751 7.989746 8.996857 8.005005 8.017212 8.032471
          8.810692 8.316292 8.044678 8.0477295 8.383438 8.053833
          8.291878 8.212532 8.108765 8.102661 8.325447 8.145393
          8.459732 8.175911 8.178963 8.185066 8.236946 8.19117
          8.926666 8.1942215 8.383438 8.197273 8.206429 8.224739
          8.630638 8.255257 8.236946 8.407852 9.076202 8.26136
          8.392593 8.264412 8.468887 8.279671 8.285774 8.792381
          8.291878 8.43837 8.563492 8.392593 8.514664 8.310188
          8.31324 9.225746 8.3193445 8.316292 8.459732 8.380386
          8.340706 8.343758 8.499405 8.343758 8.355965 8.383438
          8.447525 8.73745 8.398697 8.4414215 8.911407 8.432266
          8.505508 8.43837 8.551285 8.893097 8.484146 8.557388
          8.502457 8.554337 8.511612 11.246071 8.5299225 10.040588
          8.545181 8.652 8.548233 8.700829 8.554337 8.584854
          8.722191 8.587906 8.603165 9.009064 8.734398 8.609268
          8.719139 8.627586 8.63369 8.636742 8.8992 8.642845
          8.645897 8.725243 8.658104 8.664207 9.088409 8.679466
          8.6886215 9.225746 8.697777 9.6530075 8.70388 8.713036
          8.767967 8.713036 8.771019 8.920563 8.728294 8.944977
          8.731346 8.749657 8.832054 9.598068 8.740501 8.740501
          8.896149 8.764915 8.944977 8.764915 9.268471 8.819847
          8.792381 8.792381 8.792381 9.222694 8.804588 8.960235
          8.877838 8.829002 8.871727 8.832054 9.695732 8.838158
          8.996856 8.844261 8.844261 8.908357 8.847313 9.546188
          8.85952 8.896149 8.877838 9.100616 8.877838 9.3936
          8.886993 9.735405 8.890045 9.0243225 9.060944 8.896149
          8.966339 8.905304 8.98465 8.926666 9.076202 9.060944
          8.960236 9.875793 9.131142 8.969391 8.975494 8.978546
          9.3936 9.1464 8.987701 9.115875 8.996857 9.195229
          9.033478 10.000916 9.0243225 9.292885 9.073151 9.076202
          9.253212 9.195229 9.237953 9.103668 9.115875 11.081268
          9.121979 9.12809 9.53093 9.335609 9.1586075 9.3600235
          9.161659 9.216591 9.518723 9.167763 9.17997 9.183022
          11.27964 9.183022 9.1830225 9.189125 10.672325 9.2715225
          9.570601 9.25016 9.399704 9.332558 9.298988 10.278633
          9.30204 9.311195 9.3936 9.326454 9.833061 9.341713
          9.814751 9.347816 9.494308 9.3600235 9.994812 9.628593
          9.387497 9.570602 9.521774 9.6072235 9.402755 9.823906
          9.4058075 9.833061 9.411911 9.47905 9.460739 9.762871
          9.469894 9.475998 10.174873 9.491257 9.49736 9.717094
          10.031433 9.54924 9.823906 9.561447 9.62249 9.582809
          9.8422165 9.582809 9.591965 9.826958 9.781181 9.604172
          9.839166 9.6072235 9.634697 9.808647 9.646904 10.275581
          9.6530075 9.668266 9.802544 9.668266 9.9887085 9.671318
          9.747612 9.686577 9.695732 9.897156 10.065002 9.701836
          9.717094 9.72625 9.735405 9.735405 10.214546 9.7415085
          10.599075 9.747611 9.817802 10.379349 9.781181 9.784233
          10.104675 9.790337 10.092468 9.790337 9.79644 9.955139
          9.805595 10.028381 10.293892 10.757774 9.817802 10.544144
          10.208443 10.116882 10.040588 9.851372 9.897156 9.8880005
          9.918518 9.891052 9.933777 10.119934 9.936829 10.037537
          9.949036 9.964294 9.9887085 10.058899 10.129097 9.997864
          10.129097 10.02533 10.248116 10.046692 11.197243 10.040588
          10.049744 10.824913 10.049744 10.354927 10.055847 10.065002
          10.391556 10.071106 10.083313 10.361031 10.083313 10.696739
          10.129097 10.177925 10.129097 10.180977 10.129097 10.357979
          10.177925 10.138252 10.159615 10.229805 10.339668 10.177925
          11.661125 10.22065 10.229805 10.251167 10.339668 10.266426
          10.699791 10.27253 11.487167 10.29084 10.281685 10.281685
          10.931732 10.318306 10.437332 10.330513 10.333565 10.419022
          10.345772 11.438339 10.446487 11.224709 10.367134 11.621445
          10.370186 10.736412 10.385452 11.072113 10.516678 10.403763
          12.094482 10.41597 10.501419 10.422073 10.5716095 10.431229
          10.614334 10.431229 11.438339 10.950043 10.437332 10.452591
          10.916473 10.46785 10.638756 10.4709015 10.702843 10.473953
          10.504471 10.510574 10.620438 10.528885 10.528885 10.815758
          10.553299 10.580765 10.696739 10.596024 10.898163 10.599075
          11.041595 11.20945 10.608231 10.91037 10.617386 10.782188
          10.620438 10.708946 10.626549 10.647911 10.901215 10.815758
          10.675377 10.843224 10.687584 11.435287 10.693687 10.760826
          10.974457 11.08432 11.142311 10.71505 10.809654 10.71505
          10.809654 10.736412 10.754723 10.882904 10.754723 11.6824875
          10.769981 10.769981 11.291847 10.776085 10.882904 10.794395
          11.236916 10.797447 10.98056 10.803551 10.889008 10.8066025
          10.827965 10.809654 10.940887 10.812706 10.998871 10.8188095
          10.821861 11.008026 10.821861 10.824913 10.992767 10.858482
          10.827965 10.831017 11.029388 10.834068 10.922577 10.846274
          10.852379 10.971405 10.85543 10.889008 10.855431 10.867638
          10.867638 10.873749 11.017181 10.919525 10.882904 11.035492
          10.889008 11.499374 10.92868 11.185036 11.008026 10.986664
          11.243019 11.008026 12.137215 11.017181 12.137215 11.40477
          11.044647 11.185036 11.059906 11.136208 11.072113 11.249123
          11.087372 11.764885 11.090424 11.181984 11.099579 11.426132
          11.117889 11.404769 11.20945 11.145363 11.398666 11.148415
          11.50853 11.154518 11.15757 11.481064 11.169777 11.169777
          11.340675 11.17588 11.996827 11.181984 11.612289 11.352882
          11.185036 11.355934 11.20945 11.410873 11.197243 11.2002945
          11.203346 11.218605 11.941895 11.337624 11.224709 11.859489
          11.236916 11.661125 11.243019 11.282693 11.26133 11.26133
          11.981567 11.27964 11.920532 11.328468 11.395615 11.294899
          11.297951 11.307106 11.429184 11.307106 11.316261 11.658073
          11.316261 11.804558 11.322365 11.374252 11.328468 11.337624
          11.389511 11.343727 11.349831 11.40477 11.371194 11.358986
          11.529892 11.371193 11.374252 11.578721 11.389511 11.862541
          11.554306 11.630608 11.413925 11.75573 11.42308 11.441391
          11.432236 12.402725 11.444443 11.441391 11.502426 11.4474945
          11.993774 11.465805 11.471909 11.57872 12.018188 11.499374
          11.566513 11.50853 11.50853 12.274544 11.520737 12.433243
          12.085327 11.551254 11.587875 11.557358 11.557358 11.56041
          12.067017 11.670281 11.581773 11.593979 12.033447 11.600081
          11.941895 11.6824875 11.688591 11.642815 11.902222 11.749626
          11.667229 12.195198 11.667229 12.060913 11.673332 11.777092
          11.676384 11.700798 11.685539 11.685539 12.1768875 11.691643
          11.767937 11.700798 12.015137 11.70385 11.713005 12.195199
          11.728265 12.106689 11.737419 12.137215 11.758781 11.82592
          11.80761 12.060913 11.819817 11.859489 11.853386 11.999878
          11.859489 11.88086 11.896118 11.868646 11.890015 12.1768875
          11.893066 11.963257 11.911378 11.89917 11.89917 12.921539
          12.125008 11.91748 12.329475 12.237923 11.938843 11.941895
          11.972412 11.941895 11.951051 11.972412 12.067017 11.984619
          12.115845 12.00293 12.005981 12.42714 12.009033 12.012085
          12.173836 12.131111 12.02124 12.027344 12.2653885 12.112793
          12.033447 12.524796 12.039551 12.05481 12.561417 12.793358
          12.079224 12.1768875 12.091431 12.149422 12.097534 12.417984
          12.097534 12.414931 12.280647 12.115845 12.240974 12.134163
          12.228767 12.143318 12.503433 12.155525 12.170784 12.408829
          12.173836 12.387466 12.466813 12.1768875 12.311165 12.204352
          12.201302 12.332527 12.253181 12.256232 12.448502 12.3722
          12.26844 12.323372 12.280647 12.405778 12.283699 12.295906
          12.356941 12.311165 12.460709 12.56752 12.332527 12.341682
          12.344734 12.488174 12.350839 12.363045 12.402725 12.369148
          12.4118805 12.387466 12.579727 12.390518 12.698753 12.69265
          12.408829 12.726218 12.421037 12.546158 12.427139 12.823875
          12.540054 12.457657 12.704857 12.485123 12.756736 12.561417
          12.500381 12.555313 13.260292 12.524796 12.546159 13.361
          12.598038 12.585831 13.174843 12.622459 12.6132965 12.616348
          13.006988 12.677391 12.628563 12.631615 13.32743 12.643822
          12.955108 12.652977 12.927643 12.662132 12.753686 12.668236
          13.1534815 12.677391 12.927643 12.677391 12.680443 12.756737
          12.74453 12.811668 12.74453 13.293861 12.753684 13.064972
          12.756737 13.049713 12.775046 12.802514 12.79641 12.9062805
          12.8482895 12.9062805 12.952058 12.918488 12.976471 12.985626
          13.000885 13.13517 13.016144 13.052765 13.074127 13.058868
          13.074127 13.068024 13.064973 13.080231 13.272499 13.1138
          13.483078 13.251137 13.541061 13.171791 13.794365 13.177895
          13.272499 13.223671 13.235878 13.397629 13.25724 13.507493
          13.25724 13.660088 13.418991 13.956116 13.275552 13.281654
          13.394577 13.299965 13.324379 13.672295 13.348793 13.397629
          13.373215 13.4769745 13.406784 13.455612 13.43425 13.568528
          13.443406 13.650932 13.495285 13.660088 13.495285 13.528854
          13.718071 13.528854 13.544113 13.901184 13.55632 13.663139
          13.666192 13.605148 14.249092 13.611252 13.647881 13.684502
          13.653984 13.678398 13.773003 14.014099 13.705864 13.849297
          13.78521 13.721123 13.94696 13.745537 13.800468 13.995789
          13.8554 13.934753 13.87677 14.313179 14.096497 14.285713
          14.252144 14.313179 14.676353 14.642784 18.881805
        </DataArray>
        <DataArray type="UInt8" Name="ttkMaskScalarField" format="ascii" RangeMin="0" RangeMax="0">
          0 0 0 0 0 0
          0 0 0 0 0 0
          0 0 0 0 0 0
          0 0 0 0 0 0
          0 0 0 0 0 0
          0 0 0 0 0 0
          0 0 0 0 0 0
          0 0 0 0 0 0
          0 0 0 0 0 0
          0 0 0 0 0 0
          0 0 0 0 0 0
          0 0 0 0 0 0
          0 0 0 0 0 0
          0 0 0 0 0 0
          0 0 0 0 0 0
          0 0 0 0 0 0
          0 0 0 0 0 0
          0 0 0 0 0 0
          0 0 0 0 0 0
          0 0 0 0 0 0
          0 0 0 0 0 0
          0 0 0 0 0 0
          0 0 0 0 0 0
          0 0 0 0 0 0
          0 0 0 0 0 0
          0 0 0 0 0 0
          0 0 0 0 0 0
          0 0 0 0 0 0
          0 0 0 0 0 0
          0 0 0 0 0 0
          0 0 0 0 0 0
          0 0 0 0 0 0
          0 0 0 0 0 0
          0 0 0 0 0 0
          0 0 0 0 0 0
          0 0 0 0 0 0
          0 0 0 0 0 0
          0 0 0 0 0 0
          0 0 0 0 0 0
          0 0 0 0 0 0
          0 0 0 0 0 0
          0 0 0 0 0 0
          0 0 0 0 0 0
          0 0 0 0 0 0
          0 0 0 0 0 0
          0 0 0 0 0 0
          0 0 0 0 0 0
          0 0 0 0 0 0
          0 0 0 0 0 0
          0 0 0 0 0 0
          0 0 0 0 0 0
          0 0 0 0 0 0
          0 0 0 0 0 0
          0 0 0 0 0 0
          0 0 0 0 0 0
          0 0 0 0 0 0
          0 0 0 0 0 0
          0 0 0 0 0 0
          0 0 0 0 0 0
          0 0 0 0 0 0
          0 0 0 0 0 0
          0 0 0 0 0 0
          0 0 0 0 0 0
          0 0 0 0 0 0
          0 0 0 0 0 0
          0 0 0 0 0 0
          0 0 0 0 0 0
          0 0 0 0 0 0
          0 0 0 0 0 0
          0 0 0 0 0 0
          0 0 0 0 0 0
          0 0 0 0 0 0
          0 0 0 0 0 0
          0 0 0 0 0 0
          0 0 0 0 0 0
          0 0 0 0 0 0
          0 0 0 0 0 0
          0 0 0 0 0 0
          0 0 0 0 0 0
          0 0 0 0 0 0
          0 0 0 0 0 0
          0 0 0 0 0 0
          0 0 0 0 0 0
          0 0 0 0 0 0
          0 0 0 0 0 0
          0 0 0 0 0 0
          0 0 0 0 0 0
          0 0 0 0 0 0
          0 0 0 0 0 0
          0 0 0 0 0 0
          0 0 0 0 0 0
          0 0 0 0 0 0
          0 0 0 0 0 0
          0 0 0 0 0 0
          0 0 0 0 0 0
          0 0 0 0 0 0
          0 0 0 0 0 0
          0 0 0 0 0 0
          0 0 0 0 0 0
          0 0 0 0 0 0
          0 0 0 0 0 0
          0 0 0 0 0 0
          0 0 0 0 0 0
          0 0 0 0 0 0
          0 0 0 0 0 0
          0 0 0 0 0 0
          0 0 0 0 0 0
          0 0 0 0 0 0
          0 0 0 0 0 0
          0 0 0 0 0 0
          0 0 0 0 0 0
          0 0 0 0 0 0
          0 0 0 0 0 0
          0 0 0 0 0 0
          0 0 0 0 0 0
          0 0 0 0 0 0
          0 0 0 0 0 0
          0 0 0 0 0 0
          0 0 0 0 0 0
          0 0 0 0 0 0
          0 0 0 0 0 0
          0 0 0 0 0 0
          0 0 0 0 0 0
          0 0 0 0 0 0
          0 0 0 0 0 0
          0 0 0 0 0 0
          0 0 0 0 0 0
          0 0 0 0 0 0
          0 0 0 0 0 0
          0 0 0 0 0 0
          0 0 0 0 0 0
          0 0 0 0 0 0
          0 0 0 0 0 0
          0 0 0 0 0 0
          0 0 0 0 0 0
          0 0 0 0 0 0
          0 0 0 0 0 0
          0 0 0 0 0 0
          0 0 0 0 0 0
          0 0 0 0 0 0
          0 0 0 0 0 0
          0 0 0 0 0 0
          0 0 0 0 0 0
          0 0 0 0 0 0
          0 0 0 0 0 0
          0 0 0 0 0 0
          0 0 0 0 0 0
          0 0 0 0 0 0
          0 0 0 0 0 0
          0 0 0 0 0 0
          0 0 0 0 0 0
          0 0 0 0 0 0
          0 0 0 0 0 0
          0 0 0 0 0 0
          0 0 0 0 0 0
          0 0 0 0 0 0
          0 0 0 0 0 0
          0 0 0 0 0 0
          0 0 0 0 0 0
          0 0 0 0 0 0
          0 0 0 0 0 0
          0 0 0 0 0 0
          0 0 0 0 0 0
          0 0 0 0 0 0
          0 0 0 0 0 0
          0 0 0 0 0 0
          0 0 0 0 0 0
          0 0 0 0 0 0
          0 0 0 0 0 0
          0 0 0 0 0 0
          0 0 0 0 0 0
          0 0 0 0 0 0
          0 0 0 0 0 0
          0 0 0 0 0 0
          0 0 0 0 0 0
          0 0 0 0 0 0
          0 0 0 0 0 0
          0 0 0 0 0 0
          0 0 0 0 0 0
          0 0 0 0 0 0
          0 0 0 0 0 0
          0 0 0 0 0 0
          0 0 0 0 0 0
          0 0 0 0 0 0
          0 0 0 0 0 0
          0 0 0 0 0 0
          0 0 0 0 0 0
          0 0 0 0 0 0
          0 0 0 0 0 0
          0 0 0 0 0 0
          0 0 0 0 0 0
          0 0 0 0 0 0
          0 0 0 0 0 0
          0 0 0 0 0 0
          0 0 0 0 0 0
          0 0 0 0 0 0
          0 0 0 0 0 0
          0 0 0 0 0 0
          0 0 0 0 0 0
          0 0 0 0 0 0
          0 0 0 0 0 0
          0 0 0 0 0 0
          0 0 0 0 0 0
          0 0 0 0 0 0
          0 0 0 0 0 0
          0 0 0 0 0 0
          0 0 0 0 0 0
          0 0 0 0 0 0
          0 0 0 0 0 0
          0 0 0 0 0 0
          0 0 0 0 0 0
          0 0 0 0 0 0
          0 0 0 0 0 0
          0 0 0 0 0 0
          0 0 0 0 0 0
          0 0 0 0 0 0
          0 0 0 0 0 0
          0 0 0 0 0 0
          0 0 0 0 0 0
          0 0 0 0 0 0
          0 0 0 0 0 0
          0 0 0 0 0 0
          0 0 0 0 0 0
          0 0 0 0 0 0
          0 0 0 0 0 0
          0 0 0 0 0 0
          0 0 0 0 0 0
          0 0 0 0 0 0
          0 0 0 0 0 0
          0 0 0 0 0 0
          0 0 0 0 0 0
          0 0 0 0 0 0
          0 0 0 0 0 0
          0 0 0 0 0 0
          0 0 0 0 0 0
          0 0 0 0 0 0
          0 0 0 0 0 0
          0 0 0 0 0 0
          0 0 0 0 0 0
          0 0 0 0 0 0
          0 0 0 0 0 0
          0 0 0 0 0 0
          0 0 0 0 0 0
          0 0 0 0 0 0
          0 0 0 0 0 0
          0 0 0 0 0 0
          0 0 0 0 0 0
          0 0 0 0 0 0
          0 0 0 0 0 0
          0 0 0 0 0 0
          0 0 0 0 0 0
          0 0 0 0 0 0
          0 0 0 0 0 0
          0 0 0 0 0 0
          0 0 0 0 0 0
          0 0 0 0 0 0
          0 0 0 0 0 0
          0 0 0 0 0 0
          0 0 0 0 0 0
          0 0 0 0 0 0
          0 0 0 0 0 0
          0 0 0 0 0 0
          0 0 0 0 0 0
          0 0 0 0 0 0
          0 0 0 0 0 0
          0 0 0 0 0 0
          0 0 0 0 0 0
          0 0 0 0 0 0
          0 0 0 0 0 0
          0 0 0 0 0 0
          0 0 0 0 0 0
          0 0 0 0 0
        </DataArray>
      </PointData>
      <CellData Scalars="SegmentationId">
        <DataArray type="Int32" Name="SegmentationId" format="ascii" RangeMin="0" RangeMax="1629">
          0 1 2 3 4 5
          6 7 8 9 10 11
          12 13 818 14 15 16
          817 821 826 1455 819 820
          17 829 18 19 20 21
          22 832 23 822 24 823
          825 827 25 831 828 26
          27 28 830 29 30 31
          32 1458 33 34 35 836
          835 36 37 38 39 40
          833 840 41 1460 838 42
          43 44 45 46 849 47
          48 49 50 51 52 53
          54 55 56 57 58 844
          59 851 60 1461 855 61
          62 861 63 64 65 848
          853 854 834 841 66 862
          1464 845 1459 863 850 852
          1465 857 67 68 69 859
          70 71 72 839 73 870
          1467 864 858 74 1468 75
          76 77 78 79 874 80
          81 82 837 83 84 85
          878 86 865 87 88 89
          824 90 91 868 92 93
          883 872 94 95 96 97
          98 99 100 101 102 103
          1456 104 105 106 887 879
          107 108 109 886 896 890
          860 110 888 889 856 897
          846 111 899 112 892 867
          113 898 114 115 116 893
          117 118 877 1473 119 120
          121 122 123 900 124 125
          895 882 881 903 1478 866
          885 1476 902 901 126 127
          128 1475 842 129 1624 1481
          130 131 132 876 873 894
          133 1466 134 135 136 137
          905 904 880 138 139 140
          141 142 875 143 144 145
          916 146 147 148 1488 149
          920 150 151 152 153 154
          155 156 913 157 915 928
          884 1487 908 1479 1480 906
          912 1472 158 1474 159 914
          910 160 161 162 1457 163
          164 918 909 1484 925 165
          1485 166 167 911 168 169
          170 171 927 172 173 937
          924 174 175 926 176 177
          178 921 930 847 938 179
          936 869 180 181 182 183
          184 1470 185 923 1492 186
          187 940 891 929 942 931
          188 946 189 1496 190 952
          191 192 947 193 917 194
          195 957 196 197 198 958
          955 199 200 962 201 959
          202 956 963 203 932 939
          945 871 204 953 205 1477
          206 207 951 934 966 960
          208 1499 209 210 211 1469
          212 213 214 1486 215 935
          216 217 1463 218 219 220
          221 1483 222 223 974 224
          982 225 226 984 227 972
          1501 954 228 1491 941 229
          1625 230 231 232 233 234
          235 236 944 943 237 983
          238 239 990 978 980 1494
          240 1502 991 989 241 1482
          242 243 994 244 245 246
          973 247 248 249 1512 919
          950 1497 250 251 252 933
          995 253 254 1004 1505 992
          255 907 256 986 979 257
          1489 258 259 260 261 948
          975 262 1510 961 263 964
          264 1014 985 988 1007 1005
          981 1010 922 977 965 996
          1002 949 265 1012 1513 1500
          266 968 267 1006 268 1506
          1495 1015 269 270 271 272
          1017 1018 1507 273 971 969
          1493 274 1003 1001 1008 275
          276 277 987 1022 1517 1509
          278 1627 1516 1490 1471 279
          1020 280 1515 1508 1504 281
          282 283 284 285 1514 286
          1498 287 1626 288 1000 289
          1019 967 290 970 976 1011
          291 292 1026 1013 293 294
          295 1009 1027 1023 296 1030
          1519 297 1518 1041 298 299
          300 1040 301 1039 302 1029
          303 304 305 306 307 308
          309 999 1050 1038 310 1052
          311 1035 312 1054 313 314
          315 1055 316 1036 317 1033
          1048 1053 318 1024 319 1056
          1043 1051 843 320 997 1057
          1045 1046 321 322 1037 323
          1063 1061 324 1049 325 1032
          326 1060 327 1522 328 329
          1524 330 331 332 333 334
          335 336 1064 337 338 998
          339 340 341 1078 342 1058
          343 344 345 1021 1079 1070
          1073 346 1074 1069 347 348
          349 1462 350 351 993 1511
          1084 1076 352 1086 1523 353
          354 1081 355 1089 1059 1529
          356 357 358 1067 1526 359
          1080 360 361 1085 362 363
          364 365 366 1096 367 1097
          1098 1532 1094 1083 1031 368
          369 1093 1068 370 1047 371
          1072 1044 372 373 374 375
          376 1106 377 1088 378 379
          1109 380 1110 1540 1108 381
          1091 382 1534 1034 383 384
          385 1062 386 387 388 1539
          1028 1090 1099 1071 389 1115
          390 391 392 393 394 395
          396 397 1117 398 1103 1077
          1118 399 1530 1531 1107 400
          401 1092 402 403 404 1535
          1065 1104 1016 405 406 1527
          407 1101 1129 1127 1075 408
          409 410 1025 411 1131 412
          1114 1120 1538 1124 413 1123
          1100 414 415 1126 1133 1132
          1116 1521 1536 416 1130 417
          1134 418 1520 419 420 421
          1140 1136 422 1135 1528 1111
          423 424 425 1102 426 427
          1122 428 429 430 431 1139
          432 433 434 435 1105 436
          1147 437 438 439 1143 1141
          1146 440 441 1537 1066 1154
          442 443 1155 444 445 1151
          1152 446 447 1125 448 449
          1113 1160 450 1159 451 452
          453 454 455 456 1163 1541
          457 458 459 460 1542 1156
          461 1169 1145 462 1167 1144
          1166 1119 1087 463 1153 1157
          1162 464 1174 465 466 467
          1177 468 1165 469 1112 1142
          1173 470 1181 1503 1547 1548
          471 472 1175 1544 1148 1170
          473 474 1179 475 476 1553
          1185 477 478 1082 479 480
          481 482 483 484 1554 1180
          1188 1161 1128 1149 1550 485
          1182 1158 1546 1095 1189 486
          487 488 489 1549 1558 490
          491 492 1187 493 1193 1178
          1171 1191 494 495 496 497
          1121 498 499 1200 500 1196
          501 1533 1555 1186 1168 502
          503 1203 1559 504 505 506
          1183 507 508 1205 1207 1560
          1210 509 510 1150 511 512
          513 514 515 1164 516 1566
          517 518 519 520 1172 521
          522 1214 1201 523 1556 524
          525 526 527 1212 528 1216
          1195 529 1219 1198 1204 1208
          1194 1199 1209 1206 530 1176
          531 532 1224 1215 1225 533
          534 535 1222 536 537 1213
          1197 538 1545 539 1223 1552
          1227 1138 540 1230 1543 541
          542 543 1228 544 1551 1042
          545 546 547 1221 1220 1525
          1226 548 1569 549 1237 1567
          550 551 1202 1238 1571 552
          1628 1565 1217 553 554 1239
          1229 555 556 557 1211 1192
          558 559 1561 1234 560 561
          562 1564 1242 563 1232 1241
          1235 564 565 1563 566 1233
          567 568 1572 569 570 571
          1246 572 1255 573 574 575
          576 1259 577 578 1260 579
          580 1247 581 1252 582 583
          584 1218 585 1253 586 1577
          587 588 1257 589 1261 590
          591 592 1236 1263 1243 1258
          1268 593 594 595 1249 596
          597 1562 1275 598 599 600
          1267 601 602 603 604 1273
          1274 605 606 1278 1262 607
          608 609 1231 610 1286 611
          612 613 1271 614 615 616
          617 1288 618 1293 619 1276
          1280 620 1283 1292 621 1264
          1270 1266 1256 1580 1578 622
          1245 1284 1574 1291 1573 1282
          623 1287 1579 1298 1285 624
          1294 625 1289 1295 1265 626
          627 1250 628 1184 1290 629
          630 631 632 1302 1557 633
          634 635 636 637 638 639
          1305 640 1301 641 1297 1269
          642 643 644 1311 1316 1568
          645 1570 646 1281 647 648
          1318 1137 1303 649 650 1190
          651 1320 1279 652 653 654
          655 656 657 658 1326 659
          1324 660 1312 661 662 1585
          1314 663 664 1333 665 1590
          1587 666 1330 1308 1307 1331
          1315 1321 667 668 1306 1325
          669 1272 1254 1329 1337 670
          1339 671 672 673 1310 1244
          674 1296 1341 1309 675 676
          677 1332 678 1583 679 680
          681 1343 1342 1334 682 1346
          683 684 1313 1248 1588 685
          1327 1319 1240 686 687 1348
          688 689 1575 1277 1581 690
          1629 691 1355 692 693 694
          695 696 1591 1336 697 1304
          1357 1354 1328 698 699 1592
          700 1363 701 1582 1335 702
          1365 703 704 1601 705 706
          1351 1368 707 1323 708 709
          1350 1317 710 711 1367 1371
          1589 1322 712 1340 1586 1364
          713 714 715 716 1358 1373
          717 718 1349 719 720 721
          1362 1353 1600 1347 722 1593
          723 1251 724 725 1360 1595
          726 1372 1596 1576 727 1361
          1299 1300 728 1380 729 730
          731 1375 1379 1366 732 1356
          1352 1359 733 1388 1584 1384
          1597 1608 734 1376 735 1344
          1598 736 737 738 739 1387
          1390 1370 740 1609 741 742
          743 1392 744 745 1395 746
          1386 747 1394 1338 1391 748
          1385 1397 1382 1381 749 750
          1374 1345 1389 751 1605 1602
          752 1393 753 1383 1377 754
          1606 1398 755 1401 1611 1378
          1604 1396 756 1607 757 758
          1405 759 760 761 762 763
          764 1407 765 766 767 1610
          1612 1399 1402 768 769 770
          1411 1400 771 1613 772 1599
          773 1418 1414 1594 774 775
          1419 776 1369 1413 1410 1420
          1409 1421 1603 777 1406 778
          1417 779 780 1416 781 1426
          1425 1424 782 783 1422 1412
          784 1404 785 786 787 1430
          788 789 1423 1429 1427 790
          791 1415 792 793 1408 794
          1403 795 1434 1436 1431 1618
          1616 796 797 1439 1437 1428
          798 799 1432 800 801 1615
          802 803 1438 804 805 806
          1442 807 1433 1440 1444 1446
          1435 1619 1621 808 1441 809
          810 1449 1620 1614 811 1447
          812 813 1443 1451 1448 1617
          1450 1622 814 1445 815 1452
          1453 1623 816 1454
        </DataArray>
        <DataArray type="Int32" Name="upNodeId" format="ascii" RangeMin="14" RangeMax="1630">
          18 14 22 23 19 19
          33 35 144 36 22 18
          20 14 21 37 40 20
          23 21 25 33 162 54
          25 31 44 37 36 39
          31 61 60 35 98 40
          70 39 54 49 49 53
          44 134 162 64 64 117
          61 60 53 99 98 106
          63 218 608 83 103 180
          107 63 309 83 87 95
          70 106 85 144 85 99
          107 96 95 97 88 178
          109 122 113 174 91 96
          91 87 101 88 102 134
          109 122 105 101 121 102
          97 108 104 310 140 104
          103 105 108 113 167 187
          121 117 209 185 147 120
          313 119 361 119 151 120
          124 124 286 218 130 226
          130 242 225 194 138 140
          147 138 551 174 167 236
          150 194 212 178 151 206
          280 205 150 180 264 210
          172 166 242 171 166 176
          177 173 326 210 184 191
          271 227 204 172 179 171
          179 187 225 182 173 176
          204 182 177 211 229 191
          185 184 268 201 208 206
          201 195 213 212 207 267
          226 227 195 236 209 235
          205 234 213 208 313 269
          207 386 217 211 250 377
          217 220 229 221 457 266
          284 220 651 457 221 246
          276 234 264 479 526 365
          235 265 291 270 266 260
          263 431 273 275 284 262
          246 340 271 283 443 361
          250 252 276 307 252 482
          260 321 300 286 269 303
          296 263 262 327 265 291
          303 267 391 268 270 319
          280 273 308 275 300 283
          288 329 358 449 285 369
          383 309 285 288 405 312
          296 299 310 381 312 359
          325 406 299 328 417 307
          343 325 416 322 360 331
          321 308 327 386 498 338
          353 319 467 487 444 331
          368 322 326 369 333 329
          338 333 365 328 340 335
          335 347 363 351 403 348
          360 348 373 355 358 355
          343 368 347 353 371 431
          356 471 351 405 356 381
          473 427 394 359 363 429
          391 377 484 370 370 459
          547 493 402 425 371 373
          509 399 549 508 401 512
          383 438 394 401 468 396
          550 483 564 423 460 424
          480 417 396 419 450 399
          402 476 459 403 518 423
          408 406 416 408 434 477
          442 429 422 428 455 664
          468 449 540 445 419 422
          424 443 427 484 425 462
          434 428 445 491 450 438
          509 485 442 610 482 641
          454 460 471 583 444 462
          455 453 544 513 486 510
          490 512 453 454 475 470
          479 467 495 540 498 478
          470 514 559 481 551 476
          497 489 473 559 555 477
          475 478 531 480 481 483
          485 490 525 506 487 486
          489 491 499 493 497 523
          495 499 770 524 504 505
          508 506 505 546 528 504
          520 510 514 549 532 513
          519 518 530 538 520 651
          519 561 521 521 523 524
          603 525 528 526 531 547
          530 782 538 532 542 554
          560 738 575 563 546 700
          542 623 544 599 555 729
          550 903 589 573 554 564
          597 583 561 560 616 585
          573 566 566 563 571 571
          608 567 567 575 1055 606
          709 589 612 630 641 584
          613 706 600 621 584 607
          587 585 587 670 601 591
          591 600 623 595 595 605
          605 597 611 599 647 603
          601 606 676 607 625 613
          612 610 661 619 611 616
          627 625 733 618 618 638
          619 621 768 630 676 627
          729 656 844 638 681 704
          647 657 653 741 708 654
          656 778 652 667 755 645
          654 645 653 657 652 665
          684 673 664 661 669 673
          758 921 666 677 699 666
          687 768 669 884 665 667
          677 670 717 703 675 675
          739 695 726 681 682 758
          763 733 684 682 687 703
          697 698 699 693 939 693
          706 695 696 696 740 697
          698 723 700 728 708 792
          775 704 715 819 709 754
          726 960 769 832 715 760
          717 722 724 720 720 722
          737 775 723 724 741 815
          728 898 737 755 792 782
          858 773 739 786 858 738
          740 767 752 743 743 777
          798 752 763 756 883 787
          769 960 754 822 756 759
          759 791 909 760 767 789
          770 800 782 855 795 773
          814 788 806 777 932 776
          776 799 778 789 784 791
          802 787 799 784 786 797
          788 845 795 797 796 815
          881 804 798 796 800 810
          921 874 802 813 804 811
          806 1255 811 1045 827 810
          834 813 855 814 832 822
          839 819 899 843 838 881
          827 899 878 839 840 878
          834 910 838 933 844 987
          843 840 851 852 882 909
          852 886 845 848 861 978
          848 875 851 887 937 859
          875 861 859 874 931 888
          869 886 868 868 993 896
          882 880 970 877 869 880
          911 954 1000 900 898 904
          877 890 888 890 883 903
          894 884 887 908 904 905
          896 1025 917 894 900 953
          918 914 908 929 902 1040
          902 902 914 905 940 910
          933 936 928 934 911 917
          978 1221 931 918 969 928
          946 950 930 967 937 940
          1259 929 969 939 930 1138
          932 934 936 938 973 955
          938 945 945 954 946 1085
          950 952 1020 955 952 1014
          965 1038 983 953 974 968
          981 967 1017 1021 963 1004
          965 963 1070 968 993 970
          973 983 995 974 1043 1018
          981 987 982 1023 982 1019
          1006 1022 984 1022 1013 984
          995 1084 1020 1000 1011 1037
          1003 1004 1029 1054 1014 1011
          1037 1003 1013 1076 1054 1129
          1016 1006 1101 1017 1019 1060
          1059 1045 1034 1016 1042 1089
          1153 1021 1018 1123 1023 1075
          1061 1040 1047 1025 1028 1028
          1030 1042 1029 1030 1034 1062
          1044 1085 1038 1060 1052 1067
          1055 1044 1066 1080 1043 1048
          1241 1048 1047 1062 1052 1172
          1096 1070 1059 1103 1080 1061
          1089 1098 1142 1064 1067 1071
          1064 1129 1074 1066 1097 1072
          1071 1079 1093 1072 1074 1334
          1075 1076 1079 1097 1098 1084
          1085 1094 1144 1307 1088 1088
          1094 1200 1101 1093 1110 1110
          1123 1103 1106 1096 1299 1112
          1249 1329 1150 1106 1219 1120
          1411 1334 1117 1125 1131 1298
          1202 1112 1150 1196 1136 1145
          1117 1131 1144 1120 1133 1138
          1168 1145 1125 1133 1143 1193
          1216 1247 1195 1136 1158 1158
          1146 1241 1142 1194 1167 1178
          1297 1143 1154 1146 1204 1222
          1228 1163 1164 1154 1153 1187
          1341 1178 1163 1167 1262 1188
          1172 1251 1205 1190 1188 1164
          1174 1201 1201 1168 1208 1251
          1210 1174 1187 1207 1183 1183
          1214 1222 1198 1205 1203 1191
          1194 1185 1185 1196 1212 1190
          1197 1215 1191 1193 1309 1195
          1215 1197 1198 1202 1200 1240
          1210 1204 1203 1209 1207 1208
          1209 1254 1262 1219 1212 1422
          1214 1423 1216 1290 1221 1238
          1227 1227 1256 1228 1256 1355
          1236 1294 1288 1245 1240 1287
          1311 1238 1306 1245 1274 1236
          1390 1328 1277 1278 1246 1291
          1287 1290 1246 1247 1259 1249
          1381 1272 1254 1365 1333 1261
          1255 1328 1261 1291 1387 1274
          1377 1270 1286 1387 1272 1295
          1270 1332 1358 1278 1283 1297
          1277 1299 1284 1286 1289 1281
          1284 1315 1281 1283 1323 1288
          1289 1366 1365 1317 1294 1298
          1330 1332 1353 1300 1295 1300
          1467 1306 1309 1307 1302 1302
          1310 1389 1310 1322 1315 1397
          1381 1317 1311 1321 1321 1445
          1477 1409 1325 1325 1329 1333
          1407 1322 1323 1337 1337 1341
          1400 1380 1330 1340 1344 1374
          1352 1377 1355 1434 1405 1340
          1357 1346 1342 1342 1344 1433
          1346 1356 1352 1396 1353 1435
          1414 1421 1357 1389 1356 1374
          1361 1358 1361 1404 1363 1363
          1391 1366 1368 1371 1368 1380
          1371 1431 1384 1375 1375 1532
          1418 1384 1453 1439 1391 1431
          1390 1386 1396 1385 1385 1386
          1406 1405 1417 1434 1407 1406
          1397 1476 1404 1429 1419 1409
          1400 1443 1415 1486 1423 1493
          1523 1411 1415 1414 1430 1435
          1425 1419 1473 1472 1446 1417
          1422 1418 1421 1440 1472 1425
          1438 1445 1485 1429 1439 1470
          1464 1430 1433 1481 1451 1440
          1437 1438 1437 1446 1455 1441
          1441 1443 1478 1462 1452 1451
          1453 1468 1452 1459 1478 1480
          1455 1494 1493 1467 1477 1483
          1459 1464 1466 1462 1471 1495
          1466 1471 1512 1468 1511 1470
          1483 1473 1514 1476 1489 1485
          1480 1527 1488 1513 1481 1486
          1519 1492 1491 1562 1488 1514
          1489 1491 1572 1492 1494 1497
          1495 1497 1555 1500 1500 1540
          1507 1507 1570 1536 1534 1518
          1553 1511 1533 1555 1534 1512
          1513 1518 1521 1526 1567 1545
          1519 1521 1542 1523 1525 1525
          1532 1526 1527 1530 1530 1535
          1533 1537 1538 1535 1553 1536
          1537 1538 1540 1552 1542 1562
          1545 1549 1548 1547 1547 1548
          1549 1552 1564 1583 1559 1589
          1564 1611 1563 1559 1576 1563
          1586 1598 1578 1567 1619 1576
          1574 1570 1583 1602 1572 1575
          1574 1582 1575 1577 1577 1578
          1581 1592 1581 1582 1586 1596
          1599 1599 1589 1606 1596 1592
          1616 1600 1601 1623 1601 1600
          1604 1598 1606 1603 1603 1602
          1609 1604 1621 1613 1610 1618
          1609 1610 1611 1613 1620 1618
          1617 1616 1617 1627 1619 1620
          1621 1623 1625 1625 1626 1626
          1627 1629 1629 1630
        </DataArray>
        <DataArray type="Int32" Name="downNodeId" format="ascii" RangeMin="0" RangeMax="1629">
          0 1 2 3 4 5
          6 7 8 9 10 11
          12 13 14 15 16 17
          18 19 20 21 22 23
          24 25 26 27 28 29
          30 31 32 33 34 35
          36 37 38 39 40 41
          42 43 44 45 46 47
          48 49 50 51 52 53
          54 55 56 57 58 59
          60 61 62 63 64 65
          66 67 68 69 70 71
          72 73 74 75 76 77
          78 79 80 81 82 83
          84 85 86 87 88 89
          90 91 92 93 94 95
          96 97 98 99 100 101
          102 103 104 105 106 107
          108 109 110 111 112 113
          114 115 116 117 118 119
          120 121 122 123 124 125
          126 127 128 129 130 131
          132 133 134 135 136 137
          138 139 140 141 142 143
          144 145 146 147 148 149
          150 151 152 153 154 155
          156 157 158 159 160 161
          162 163 164 165 166 167
          168 169 170 171 172 173
          174 175 176 177 178 179
          180 181 182 183 184 185
          186 187 188 189 190 191
          192 193 194 195 196 197
          198 199 200 201 202 203
          204 205 206 207 208 209
          210 211 212 213 214 215
          216 217 218 219 220 221
          222 223 224 225 226 227
          228 229 230 231 232 233
          234 235 236 237 238 239
          240 241 242 243 244 245
          246 247 248 249 250 251
          252 253 254 255 256 257
          258 259 260 261 262 263
          264 265 266 267 268 269
          270 271 272 273 274 275
          276 277 278 279 280 281
          282 283 284 285 286 287
          288 289 290 291 292 293
          294 295 296 297 298 299
          300 301 302 303 304 305
          306 307 308 309 310 311
          312 313 314 315 316 317
          318 319 320 321 322 323
          324 325 326 327 328 329
          330 331 332 333 334 335
          336 337 338 339 340 341
          342 343 344 345 346 347
          348 349 350 351 352 353
          354 355 356 357 358 359
          360 361 362 363 364 365
          366 367 368 369 370 371
          372 373 374 375 376 377
          378 379 380 381 382 383
          384 385 386 387 388 389
          390 391 392 393 394 395
          396 397 398 399 400 401
          402 403 404 405 406 407
          408 409 410 411 412 413
          414 415 416 417 418 419
          420 421 422 423 424 425
          426 427 428 429 430 431
          432 433 434 435 436 437
          438 439 440 441 442 443
          444 445 446 447 448 449
          450 451 452 453 454 455
          456 457 458 459 460 461
          462 463 464 465 466 467
          468 469 470 471 472 473
          474 475 476 477 478 479
          480 481 482 483 484 485
          486 487 488 489 490 491
          492 493 494 495 496 497
          498 499 500 501 502 503
          504 505 506 507 508 509
          510 511 512 513 514 515
          516 517 518 519 520 521
          522 523 524 525 526 527
          528 529 530 531 532 533
          534 535 536 537 538 539
          540 541 542 543 544 545
          546 547 548 549 550 551
          552 553 554 555 556 557
          558 559 560 561 562 563
          564 565 566 567 568 569
          570 571 572 573 574 575
          576 577 578 579 580 581
          582 583 584 585 586 587
          588 589 590 591 592 593
          594 595 596 597 598 599
          600 601 602 603 604 605
          606 607 608 609 610 611
          612 613 614 615 616 617
          618 619 620 621 622 623
          624 625 626 627 628 629
          630 631 632 633 634 635
          636 637 638 639 640 641
          642 643 644 645 646 647
          648 649 650 651 652 653
          654 655 656 657 658 659
          660 661 662 663 664 665
          666 667 668 669 670 671
          672 673 674 675 676 677
          678 679 680 681 682 683
          684 685 686 687 688 689
          690 691 692 693 694 695
          696 697 698 699 700 701
          702 703 704 705 706 707
          708 709 710 711 712 713
          714 715 716 717 718 719
          720 721 722 723 724 725
          726 727 728 729 730 731
          732 733 734 735 736 737
          738 739 740 741 742 743
          744 745 746 747 748 749
          750 751 752 753 754 755
          756 757 758 759 760 761
          762 763 764 765 766 767
          768 769 770 771 772 773
          774 775 776 777 778 779
          780 781 782 783 784 785
          786 787 788 789 790 791
          792 793 794 795 796 797
          798 799 800 801 802 803
          804 805 806 807 808 809
          810 811 812 813 814 815
          816 817 818 819 820 821
          822 823 824 825 826 827
          828 829 830 831 832 833
          834 835 836 837 838 839
          840 841 842 843 844 845
          846 847 848 849 850 851
          852 853 854 855 856 857
          858 859 860 861 862 863
          864 865 866 867 868 869
          870 871 872 873 874 875
          876 877 878 879 880 881
          882 883 884 885 886 887
          888 889 890 891 892 893
          894 895 896 897 898 899
          900 901 902 903 904 905
          906 907 908 909 910 911
          912 913 914 915 916 917
          918 919 920 921 922 923
          924 925 926 927 928 929
          930 931 932 933 934 935
          936 937 938 939 940 941
          942 943 944 945 946 947
          948 949 950 951 952 953
          954 955 956 957 958 959
          960 961 962 963 964 965
          966 967 968 969 970 971
          972 973 974 975 976 977
          978 979 980 981 982 983
          984 985 986 987 988 989
          990 991 992 993 994 995
          996 997 998 999 1000 1001
          1002 1003 1004 1005 1006 1007
          1008 1009 1010 1011 1012 1013
          1014 1015 1016 1017 1018 1019
          1020 1021 1022 1023 1024 1025
          1026 1027 1028 1029 1030 1031
          1032 1033 1034 1035 1036 1037
          1038 1039 1040 1041 1042 1043
          1044 1045 1046 1047 1048 1049
          1050 1051 1052 1053 1054 1055
          1056 1057 1058 1059 1060 1061
          1062 1063 1064 1065 1066 1067
          1068 1069 1070 1071 1072 1073
          1074 1075 1076 1077 1078 1079
          1080 1081 1082 1083 1084 1085
          1086 1087 1088 1089 1090 1091
          1092 1093 1094 1095 1096 1097
          1098 1099 1100 1101 1102 1103
          1104 1105 1106 1107 1108 1109
          1110 1111 1112 1113 1114 1115
          1116 1117 1118 1119 1120 1121
          1122 1123 1124 1125 1126 1127
          1128 1129 1130 1131 1132 1133
          1134 1135 1136 1137 1138 1139
          1140 1141 1142 1143 1144 1145
          1146 1147 1148 1149 1150 1151
          1152 1153 1154 1155 1156 1157
          1158 1159 1160 1161 1162 1163
          1164 1165 1166 1167 1168 1169
          1170 1171 1172 1173 1174 1175
          1176 1177 1178 1179 1180 1181
          1182 1183 1184 1185 1186 1187
          1188 1189 1190 1191 1192 1193
          1194 1195 1196 1197 1198 1199
          1200 1201 1202 1203 1204 1205
          1206 1207 1208 1209 1210 1211
          1212 1213 1214 1215 1216 1217
          1218 1219 1220 1221 1222 1223
          1224 1225 1226 1227 1228 1229
          1230 1231 1232 1233 1234 1235
          1236 1237 1238 1239 1240 1241
          1242 1243 1244 1245 1246 1247
          1248 1249 1250 1251 1252 1253
          1254 1255 1256 1257 1258 1259
          1260 1261 1262 1263 1264 1265
          1266 1267 1268 1269 1270 1271
          1272 1273 1274 1275 1276 1277
          1278 1279 1280 1281 1282 1283
          1284 1285 1286 1287 1288 1289
          1290 1291 1292 1293 1294 1295
          1296 1297 1298 1299 1300 1301
          1302 1303 1304 1305 1306 1307
          1308 1309 1310 1311 1312 1313
          1314 1315 1316 1317 1318 1319
          1320 1321 1322 1323 1324 1325
          1326 1327 1328 1329 1330 1331
          1332 1333 1334 1335 1336 1337
          1338 1339 1340 1341 1342 1343
          1344 1345 1346 1347 1348 1349
          1350 1351 1352 1353 1354 1355
          1356 1357 1358 1359 1360 1361
          1362 1363 1364 1365 1366 1367
          1368 1369 1370 1371 1372 1373
          1374 1375 1376 1377 1378 1379
          1380 1381 1382 1383 1384 1385
          1386 1387 1388 1389 1390 1391
          1392 1393 1394 1395 1396 1397
          1398 1399 1400 1401 1402 1403
          1404 1405 1406 1407 1408 1409
          1410 1411 1412 1413 1414 1415
          1416 1417 1418 1419 1420 1421
          1422 1423 1424 1425 1426 1427
          1428 1429 1430 1431 1432 1433
          1434 1435 1436 1437 1438 1439
          1440 1441 1442 1443 1444 1445
          1446 1447 1448 1449 1450 1451
          1452 1453 1454 1455 1456 1457
          1458 1459 1460 1461 1462 1463
          1464 1465 1466 1467 1468 1469
          1470 1471 1472 1473 1474 1475
          1476 1477 1478 1479 1480 1481
          1482 1483 1484 1485 1486 1487
          1488 1489 1490 1491 1492 1493
          1494 1495 1496 1497 1498 1499
          1500 1501 1502 1503 1504 1505
          1506 1507 1508 1509 1510 1511
          1512 1513 1514 1515 1516 1517
          1518 1519 1520 1521 1522 1523
          1524 1525 1526 1527 1528 1529
          1530 1531 1532 1533 1534 1535
          1536 1537 1538 1539 1540 1541
          1542 1543 1544 1545 1546 1547
          1548 1549 1550 1551 1552 1553
          1554 1555 1556 1557 1558 1559
          1560 1561 1562 1563 1564 1565
          1566 1567 1568 1569 1570 1571
          1572 1573 1574 1575 1576 1577
          1578 1579 1580 1581 1582 1583
          1584 1585 1586 1587 1588 1589
          1590 1591 1592 1593 1594 1595
          1596 1597 1598 1599 1600 1601
          1602 1603 1604 1605 1606 1607
          1608 1609 1610 1611 1612 1613
          1614 1615 1616 1617 1618 1619
          1620 1621 1622 1623 1624 1625
          1626 1627 1628 1629
        </DataArray>
        <DataArray type="Int32" Name="RegionSize" format="ascii" RangeMin="0" RangeMax="402">
          1 6 8 12 5 5
          3 0 6 13 0 0
          1 0 8 1 0 1
          2 1 5 26 16 17
          0 3 1 0 3 0
          0 19 0 2 8 5
          12 0 0 1 6 1
          0 4 11 0 0 11
          0 4 0 2 6 3
          4 7 11 1 8 2
          30 1 4 19 7 3
          0 2 9 2 15 3
          1 0 3 0 0 9
          0 3 3 11 1 12
          0 1 0 1 14 1
          1 7 1 0 2 2
          0 12 1 38 5 0
          1 2 3 23 16 29
          35 0 24 3 0 7
          20 0 30 0 2 1
          6 1 33 0 11 0
          0 4 7 4 25 0
          0 0 16 2 5 4
          41 3 5 6 0 2
          9 2 0 3 8 3
          48 1 3 0 3 1
          0 0 12 1 1 2
          23 6 1 0 2 0
          3 0 1 3 1 4
          5 0 7 71 11 2
          1 0 22 4 1 3
          0 2 0 1 2 17
          0 0 0 9 0 5
          0 3 0 0 8 3
          0 9 0 0 8 39
          0 5 3 0 11 3
          4 1 23 12 2 68
          4 1 1 33 17 21
          0 13 1 3 0 5
          4 45 10 0 6 1
          1 9 6 0 5 6
          7 0 1 1 6 6
          26 3 2 0 0 3
          1 0 3 4 2 3
          7 4 8 4 5 5
          37 1 1 2 1 8
          2 4 2 17 23 3
          12 25 0 3 35 0
          26 0 0 22 0 3
          2 8 17 1 8 40
          4 1 11 4 5 1
          0 0 97 47 29 1
          1 5 14 6 3 0
          0 3 1 5 5 0
          0 0 5 5 21 1
          0 0 0 12 1 3
          0 0 4 1 49 0
          0 2 0 0 2 18
          1 4 0 44 0 2
          5 18 15 0 23 4
          2 7 5 35 0 26
          5 7 3 12 8 1
          11 60 2 6 0 67
          0 15 1 4 5 3
          7 2 51 1 2 1
          9 6 0 2 23 0
          1 6 2 10 8 4
          2 14 1 4 82 1
          31 1 0 0 1 23
          4 2 36 10 0 0
          0 0 0 23 0 11
          0 1 13 4 2 4
          4 5 32 5 3 11
          8 0 0 7 6 2
          17 3 3 3 2 20
          14 2 0 0 47 80
          2 2 0 29 3 0
          1 5 9 0 5 4
          4 1 22 11 4 3
          0 2 17 16 4 2
          15 10 6 3 3 1
          16 2 1 24 18 28
          0 16 32 1 0 4
          0 14 0 4 3 0
          1 11 40 1 14 2
          53 0 6 13 48 6
          1 0 0 2 29 24
          10 6 7 16 26 0
          5 13 31 20 63 0
          1 11 6 0 32 2
          3 10 26 3 45 8
          19 41 4 3 3 1
          2 2 26 31 6 1
          2 2 108 13 1 102
          33 0 2 147 47 2
          7 62 4 10 4 46
          1 5 2 2 0 0
          0 0 14 17 1 43
          0 37 3 48 0 0
          0 0 0 11 3 58
          7 43 13 31 1 0
          28 18 21 0 16 44
          80 0 8 0 19 1
          3 22 2 133 5 2
          4 4 3 44 4 11
          89 1 0 9 3 0
          0 9 30 1 10 0
          0 0 1 3 1 124
          4 0 1 0 69 2
          5 28 4 7 3 0
          3 62 1 24 0 46
          5 12 4 137 14 0
          2 9 6 63 8 50
          10 1 0 11 54 3
          2 0 0 61 14 2
          0 0 0 11 3 2
          34 13 14 1 64 9
          6 0 38 9 1 4
          103 31 1 5 0 1
          0 13 0 0 0 0
          2 6 1 9 59 6
          6 9 102 1 3 3
          4 6 0 4 2 1
          11 5 125 10 0 117
          5 0 1 0 17 3
          0 25 24 4 13 0
          19 3 40 4 39 0
          0 6 0 1 2 23
          21 2 5 0 8 4
          0 5 22 29 46 1
          4 0 2 1 3 0
          9 10 49 25 0 9
          23 0 0 3 28 44
          20 27 30 1 3 0
          15 25 36 25 2 0
          56 9 1 6 158 7
          0 0 1 3 0 6
          0 1 6 0 0 23
          1 10 1 14 50 5
          14 0 1 0 7 4
          0 0 0 7 99 24
          0 0 14 2 8 25
          2 0 0 1 1 1
          1 49 0 41 10 2
          1 0 16 0 5 36
          2 10 17 0 5 5
          0 3 8 2 20 8
          4 1 19 0 40 136
          2 14 13 0 1 8
          10 3 12 2 3 15
          0 0 12 0 68 29
          2 3 17 13 13 45
          5 22 10 0 6 80
          18 4 0 20 1 4
          11 0 5 2 29 24
          11 3 35 3 49 3
          31 6 85 5 19 9
          1 0 9 84 24 5
          3 5 12 0 63 10
          5 152 2 3 1 4
          1 0 8 1 2 5
          1 161 17 3 57 4
          0 9 19 0 0 1
          6 2 0 17 66 4
          108 6 1 13 2 5
          1 1 2 15 1 112
          4 0 1 7 66 20
          0 1 19 2 4 4
          4 4 5 24 6 170
          23 0 6 18 23 22
          12 4 13 55 1 31
          1 1 5 24 50 1
          0 3 60 1 1 10
          92 1 5 0 0 2
          11 0 0 8 5 12
          3 1 10 2 41 63
          4 6 10 16 2 76
          2 2 22 0 9 3
          1 1 7 1 2 47
          44 6 24 1 0 98
          8 0 5 18 39 1
          0 10 166 17 0 1
          1 19 0 0 28 4
          32 27 7 64 12 43
          38 15 139 0 0 7
          21 0 21 6 3 3
          0 186 3 0 44 1
          0 7 0 1 1 12
          1 61 4 42 5 63
          1 5 68 3 3 2
          12 0 91 0 9 22
          18 0 1 0 2 0
          8 8 72 0 7 0
          25 3 1 2 0 0
          29 3 1 0 6 0
          1 0 28 3 38 0
          2 8 11 0 1 0
          0 14 0 52 0 1
          1 1 3 4 5 12
          0 4 15 19 16 1
          105 0 17 24 0 0
          0 14 10 44 16 18
          20 20 24 7 60 0
          1 47 3 103 13 26
          0 8 12 50 72 1
          11 0 2 0 4 0
          23 8 3 2 34 4
          4 1 0 4 94 7
          7 105 0 11 7 0
          1 31 4 3 16 68
          13 5 12 9 0 0
          1 10 0 0 9 1
          10 1 61 0 2 19
          1 1 0 5 3 33
          16 9 30 4 31 53
          10 15 3 0 2 15
          16 2 75 2 10 0
          59 7 0 0 3 38
          5 81 8 80 2 4
          14 20 0 33 1 1
          16 8 5 98 0 99
          18 3 5 4 11 8
          6 8 11 12 9 7
          1 0 5 0 5 6
          29 2 105 11 1 3
          0 3 46 7 0 8
          2 56 48 0 1 64
          1 4 0 5 49 1
          41 6 2 19 0 10
          28 112 2 24 3 13
          2 1 1 0 17 0
          192 7 1 7 10 6
          0 6 0 1 5 4
          0 2 4 12 2 3
          12 0 95 3 0 14
          0 6 7 4 20 9
          0 20 21 23 6 26
          3 4 3 47 0 3
          4 2 4 17 3 149
          1 7 0 9 25 1
          32 32 3 231 0 5
          7 1 0 0 2 3
          0 59 1 14 1 2
          0 0 0 0 78 1
          0 0 25 2 73 0
          6 12 15 24 1 2
          56 18 2 6 15 125
          5 4 0 39 26 3
          15 23 4 10 20 1
          26 48 6 74 0 5
          123 0 7 2 0 3
          7 38 3 4 3 12
          16 138 2 0 5 1
          2 8 1 75 0 20
          3 12 32 206 1 0
          46 2 1 58 5 0
          53 26 40 1 104 3
          29 0 0 9 0 18
          0 149 0 10 230 12
          0 17 2 0 0 51
          4 8 11 41 14 1
          3 58 3 1 63 0
          76 1 4 28 0 34
          71 3 0 46 47 6
          0 6 68 1 3 57
          1 0 187 3 0 0
          3 0 1 3 1 11
          180 2 38 1 5 3
          0 21 14 88 1 184
          0 0 0 12 12 71
          25 363 3 51 1 46
          0 402 0 397
        </DataArray>
        <DataArray type="Float64" Name="RegionSpan" format="ascii" RangeMin="1" RangeMax="133.41664123535156">
          2 4 3.1622776985168457 3.605551242828369 1.4142135381698608 3.1622776985168457
          1 1.4142135381698608 2.2360680103302 3 1 1
          1 1 2.8284270763397217 1.4142135381698608 1.4142135381698608 1
          1.4142135381698608 2.2360680103302 2.2360680103302 6.082762718200684 4.123105525970459 3.605551242828369
          1 2 1 1 2.8284270763397217 1
          1 5.656854152679443 1 3.1622776985168457 3 2.2360680103302
          5 2.2360680103302 1 2 9.433980941772461 2
          1 2.2360680103302 2.2360680103302 1 1.4142135381698608 2.8284270763397217
          1 11.180339813232422 1 2.2360680103302 2.2360680103302 4
          10.29563045501709 2.2360680103302 4 2 2.2360680103302 1.4142135381698608
          6.324555397033691 8.602325439453125 2 10.770329475402832 2.8284270763397217 1.4142135381698608
          1 2 2.2360680103302 1 2 2
          1.4142135381698608 1 1.4142135381698608 1 1 3
          1 2 1.4142135381698608 3 2.2360680103302 11.401754379272461
          1 7.071067810058594 1 8.5440034866333 2 1
          1 3.1622776985168457 1.4142135381698608 1 2.2360680103302 3.1622776985168457
          12.649110794067383 15.132745742797852 1.4142135381698608 11.045360565185547 4 1.4142135381698608
          6.4031243324279785 6.4031243324279785 4.123105525970459 16.278820037841797 12 8.062257766723633
          15 2.2360680103302 7.071067810058594 3.605551242828369 1.4142135381698608 12
          4 1 4.123105525970459 3.605551242828369 1.4142135381698608 2
          9.486832618713379 4 8.062257766723633 1 7.211102485656738 1
          1 3.1622776985168457 1.4142135381698608 2 13.892443656921387 1
          1.4142135381698608 1 7.6157732009887695 3 2 2.2360680103302
          21.21320343017578 2.2360680103302 4.123105525970459 3.1622776985168457 1 1.4142135381698608
          3.1622776985168457 1 1 3.1622776985168457 4.123105525970459 1
          16.155494689941406 2.2360680103302 1.4142135381698608 1 2 1
          1 1 3.1622776985168457 1 1 2.2360680103302
          13 3.605551242828369 1.4142135381698608 1 4.123105525970459 5.385164737701416
          2 1 1.4142135381698608 1.4142135381698608 5.385164737701416 24.041629791259766
          2.8284270763397217 1 25.298221588134766 27.892650604248047 7 5
          5.830951690673828 1 15.524174690246582 2.2360680103302 3 3.1622776985168457
          1 1.4142135381698608 1 2 1 5.099019527435303
          1 1 3.605551242828369 4.242640495300293 1 2
          1 1.4142135381698608 1 3 3.1622776985168457 2.2360680103302
          10.198039054870605 5 3.1622776985168457 10.770329475402832 1 3
          2.2360680103302 34.438350677490234 8.062257766723633 2 3 1.4142135381698608
          1.4142135381698608 5 6 2.8284270763397217 7.211102485656738 5
          3.1622776985168457 2 1.4142135381698608 5.099019527435303 5 6
          1 10.770329475402832 2 1 1 4
          3.605551242828369 3.1622776985168457 4.4721360206604 1 2 2
          1 2.8284270763397217 2.2360680103302 1.4142135381698608 2 2.2360680103302
          28.44292449951172 1 1.4142135381698608 2.2360680103302 5 2
          47.92702865600586 2 1 1 1 2
          1 1 6 2.2360680103302 21.02379608154297 2.2360680103302
          6 21.3775577545166 3.1622776985168457 21.587032318115234 49.81967544555664 4.4721360206604
          34.058773040771484 2.2360680103302 1.4142135381698608 24.83948516845703 1 24.331050872802734
          1 2 2.2360680103302 3.1622776985168457 20.124610900878906 2.2360680103302
          2.2360680103302 15.033296585083008 5.099019527435303 19.10497283935547 2 1
          23 1 1 9 1 2.8284270763397217
          1.4142135381698608 2.8284270763397217 25 1 2.2360680103302 2
          6 1 2.8284270763397217 5 2.2360680103302 1
          1.4142135381698608 19.209373474121094 40.31128692626953 13.892443656921387 7 1
          1 4.4721360206604 4.4721360206604 2.8284270763397217 3.1622776985168457 1
          1 6 2 4.242640495300293 8.062257766723633 1
          1 2.8284270763397217 3 27.018512725830078 32.649654388427734 2
          1 1.4142135381698608 1 5 2 1.4142135381698608
          1 1 1 1 14.03566837310791 1
          1 2 1 1 2 3
          2.2360680103302 1.4142135381698608 1 13.03840446472168 1 3.1622776985168457
          1.4142135381698608 3.605551242828369 5.099019527435303 1.4142135381698608 16.155494689941406 2.8284270763397217
          2 3.605551242828369 3.1622776985168457 30.232433319091797 1 2.2360680103302
          3.1622776985168457 4 1.4142135381698608 5 31.906112670898438 28.44292449951172
          3.605551242828369 30.4138126373291 2.2360680103302 2.2360680103302 1 13.152946472167969
          1 4 1.4142135381698608 5 1.4142135381698608 5.385164737701416
          3.1622776985168457 1.4142135381698608 17.20465087890625 1 1.4142135381698608 1
          2.8284270763397217 7.071067810058594 1 1.4142135381698608 6.082762718200684 1
          2 2 1.4142135381698608 26 2.2360680103302 5
          8.9442720413208 40.112342834472656 2.2360680103302 15.033296585083008 18.384777069091797 1.4142135381698608
          19.646883010864258 1 1 1 1 3.1622776985168457
          2 1.4142135381698608 5 5 1 2
          1 1.4142135381698608 1.4142135381698608 6.4031243324279785 2.2360680103302 6
          1 2.8284270763397217 8.5440034866333 3.605551242828369 2 4.242640495300293
          2.2360680103302 3 21.21320343017578 2.2360680103302 1.4142135381698608 1.4142135381698608
          13.928388595581055 1 1.4142135381698608 2 5 2.2360680103302
          48.08325958251953 5.099019527435303 2.2360680103302 1.4142135381698608 1.4142135381698608 7.280109882354736
          8.062257766723633 1 1 5 5 70.45565795898438
          1 6.324555397033691 1 8 3.1622776985168457 1
          9 2.8284270763397217 3.1622776985168457 1.4142135381698608 2 9.848857879638672
          1.4142135381698608 1.4142135381698608 39.408119201660156 4 3.1622776985168457 48.754486083984375
          1 13.03840446472168 8.5440034866333 58.18075180053711 5.385164737701416 3.605551242828369
          7.8102498054504395 18.788293838500977 3.1622776985168457 9.05538558959961 6.7082037925720215 35.38361358642578
          3.1622776985168457 10.049875259399414 1 39.11521530151367 17.20465087890625 14.866068840026855
          1 42.72002029418945 6 1.4142135381698608 1 24.1867733001709
          5 21.954498291015625 1 1.4142135381698608 2 1
          3 23.34523582458496 23.021728515625 2 10.770329475402832 4.4721360206604
          11.313708305358887 1.4142135381698608 9.848857879638672 8.5440034866333 3.605551242828369 2.2360680103302
          1 1 2.2360680103302 12.529964447021484 26.172504425048828 12.206555366516113
          2.2360680103302 18.601076126098633 3.1622776985168457 34 38.11823654174805 1
          23.0867919921875 4 32 2 61.98386764526367 1
          2 3.605551242828369 2.2360680103302 1 33 1.4142135381698608
          9.219544410705566 2 77.10382843017578 1.4142135381698608 39.11521530151367 5
          34.48188018798828 7 2.2360680103302 5.099019527435303 31.890438079833984 3.605551242828369
          1 2 1.4142135381698608 25 2.2360680103302 1
          1 3 69.31810760498047 1.4142135381698608 2 26.172504425048828
          7.071067810058594 1 82.87943267822266 3.1622776985168457 5.099019527435303 1
          3 44.94440841674805 2.8284270763397217 8.5440034866333 2.8284270763397217 40.31128692626953
          1.4142135381698608 3 1 1.4142135381698608 1 1
          1.4142135381698608 3.1622776985168457 72.56031799316406 2.8284270763397217 2.2360680103302 34.01470184326172
          1 47.53945541381836 2 33.541019439697266 1 1
          1 65.29930877685547 1.4142135381698608 4 2 31.890438079833984
          27.312999725341797 2.8284270763397217 2.8284270763397217 65 1.4142135381698608 2
          44.92215347290039 15.524174690246582 39.051246643066406 1 18.439088821411133 62.96824645996094
          55.009090423583984 2.8284270763397217 2 1 14.142135620117188 1
          26.570659637451172 32.75667953491211 2 15.132745742797852 2.2360680103302 3
          2.2360680103302 2.8284270763397217 2 26.90724754333496 2 2.2360680103302
          30.805843353271484 2 1 3.605551242828369 3.605551242828369 1
          1 2 21.095022201538086 1 3 4.242640495300293
          1 1 1 5 1 6
          2 1.4142135381698608 1 8.602325439453125 22.360679626464844 2.2360680103302
          2.2360680103302 8 3 5.385164737701416 2.2360680103302 1
          3 46.3249397277832 1.4142135381698608 4.4721360206604 5 37.64305877685547
          3.1622776985168457 48.383880615234375 2 2.2360680103302 50.635955810546875 1
          2.2360680103302 2 3.1622776985168457 54.00925827026367 6.082762718200684 6.324555397033691
          3 1 1 31.827661514282227 42.54409408569336 1
          1.4142135381698608 1 1 47.01063537597656 5.385164737701416 2.2360680103302
          1 1 1 41.400482177734375 2 2
          32.557640075683594 3.605551242828369 67.08203887939453 1 107.2800064086914 2.2360680103302
          2 3.1622776985168457 5 2.8284270763397217 5.099019527435303 3.1622776985168457
          85.14693450927734 9.848857879638672 1 2.2360680103302 1.4142135381698608 1
          1 25.806976318359375 1 2 1 1
          2.2360680103302 2.2360680103302 15.55634880065918 3.1622776985168457 7.280109882354736 2.2360680103302
          81.32035064697266 1.4142135381698608 60.728904724121094 4.4721360206604 1 3.1622776985168457
          1.4142135381698608 3.605551242828369 1 4 1.4142135381698608 94.33981323242188
          75.96051788330078 3.1622776985168457 90.13877868652344 6.7082037925720215 1 8.062257766723633
          1.4142135381698608 1 1 1 4.123105525970459 2.2360680103302
          1 3 11.180339813232422 2.2360680103302 87.6584243774414 6
          39.560081481933594 1.4142135381698608 6.7082037925720215 80.05622863769531 7.8102498054504395 1
          1 1.4142135381698608 1 1 3.1622776985168457 100.22474670410156
          5.099019527435303 2 7.6157732009887695 1 2 22.203603744506836
          1.4142135381698608 5.385164737701416 71.00704193115234 10.816654205322266 38.910152435302734 2
          2.2360680103302 1 5.385164737701416 1 2.2360680103302 1
          55.081756591796875 4.123105525970459 86 49.36598205566406 1 3.1622776985168457
          7.071067810058594 1 1.4142135381698608 51.62363815307617 10.630146026611328 49.658836364746094
          5.099019527435303 5 7.211102485656738 2.2360680103302 61.717098236083984 1
          97.51409912109375 6.324555397033691 99.32270812988281 4.4721360206604 1 1
          39.81205749511719 113.05308532714844 1 113.75851440429688 40 3.605551242828369
          1 1 1 2 1 2
          3.605551242828369 1.4142135381698608 2 1 1 9.486832618713379
          1 4 1.4142135381698608 5.099019527435303 15.65247631072998 2.2360680103302
          35.693138122558594 1 2.2360680103302 1 1 1.4142135381698608
          2 1.4142135381698608 1 5.385164737701416 3.605551242828369 10.049875259399414
          1 1 17.69180679321289 1.4142135381698608 1 8.9442720413208
          3.1622776985168457 1 1 2.2360680103302 2.2360680103302 1
          5.099019527435303 12.083045959472656 1 70.45565795898438 3 2.2360680103302
          1.4142135381698608 1 2.2360680103302 1.4142135381698608 120.33287048339844 96.50906372070312
          2 4.123105525970459 3.605551242828369 1 8.246211051940918 3
          1 2.2360680103302 12.369317054748535 1.4142135381698608 79.83106994628906 10.816654205322266
          4.123105525970459 86.37129211425781 40.79215621948242 1 6.082762718200684 31.890438079833984
          5.099019527435303 3 5.385164737701416 1 1 3.605551242828369
          2.2360680103302 2 14 2 12.369317054748535 5.099019527435303
          2 1 3.1622776985168457 4.242640495300293 23.53720474243164 61.032779693603516
          1.4142135381698608 2.2360680103302 12.206555366516113 25.553865432739258 34.71310806274414 51.244510650634766
          2.2360680103302 7.071067810058594 19.416488647460938 1 1.4142135381698608 19.416488647460938
          3.1622776985168457 1.4142135381698608 1 7.280109882354736 1 3
          4.123105525970459 1 3.1622776985168457 2 58.94064712524414 7.071067810058594
          82.15229797363281 2 52.46903991699219 10 11.180339813232422 2
          12.083045959472656 4.242640495300293 99.82484436035156 10.198039054870605 11.704699516296387 3
          2 1 3 92.9139404296875 10.440306663513184 2.2360680103302
          1 2 2 1.4142135381698608 44.68780517578125 7.211102485656738
          14.317821502685547 3.1622776985168457 1.4142135381698608 3 2.8284270763397217 3
          8.062257766723633 1 3.1622776985168457 2.2360680103302 1 2.2360680103302
          1.4142135381698608 87.86353302001953 9.899495124816895 5.385164737701416 6.324555397033691 2
          1 23.194826126098633 51.4781494140625 1 1 1
          5.385164737701416 1.4142135381698608 1 17.464248657226562 76.216796875 96.60745239257812
          85.08818817138672 5 1 8.5440034866333 2.8284270763397217 1.4142135381698608
          2 1.4142135381698608 1.4142135381698608 4.123105525970459 1 93.23625946044922
          2.2360680103302 1 1 3 12.041594505310059 3
          1 2 3.1622776985168457 2.2360680103302 4.123105525970459 2.2360680103302
          2.8284270763397217 3.1622776985168457 2.2360680103302 115.25623321533203 2.8284270763397217 19.235383987426758
          2 1 101.59232330322266 4.123105525970459 110.63905334472656 7.6157732009887695
          4 6.082762718200684 20.615528106689453 94.02127075195312 2 119.20570373535156
          1 1.4142135381698608 114.28472900390625 74.09453582763672 68.96376037597656 1
          1 3 38.60051727294922 1.4142135381698608 1.4142135381698608 2.2360680103302
          51.41984176635742 1 10.049875259399414 1 5.385164737701416 2.2360680103302
          3.1622776985168457 1 1 24 5.830951690673828 2.8284270763397217
          3.1622776985168457 1.4142135381698608 14.764822959899902 2 22.803508758544922 27.892650604248047
          2 3.605551242828369 3.1622776985168457 16.124515533447266 1 52.77309799194336
          23.021728515625 2.2360680103302 19.10497283935547 1 20.02498435974121 8.9442720413208
          2 1 3.1622776985168457 26.925823211669922 105.3043212890625 5
          25.05992889404297 61.073726654052734 64.25729370117188 1 1 11.704699516296387
          10.770329475402832 1 1.4142135381698608 7.280109882354736 54.08327102661133 32.893768310546875
          1 4 30.08321762084961 57.80138397216797 1 2.2360680103302
          2 84.148681640625 2 1 8.5440034866333 23
          5.830951690673828 4.123105525970459 1.4142135381698608 66.21178436279297 3.1622776985168457 91.83136749267578
          7.280109882354736 5 5.830951690673828 1 1 2.2360680103302
          4 1 3.1622776985168457 2.2360680103302 2 1
          1 27.58622932434082 1 1 67.5351791381836 1
          1 5.830951690673828 1 3 2 5
          1.4142135381698608 5 2.8284270763397217 87.20092010498047 2.2360680103302 13.03840446472168
          2 2.2360680103302 68.65857696533203 1.4142135381698608 5.099019527435303 1
          4.123105525970459 1 9.219544410705566 2.2360680103302 6.082762718200684 3.605551242828369
          5 1.4142135381698608 1.4142135381698608 1 3.1622776985168457 1
          2.2360680103302 7.071067810058594 16.155494689941406 1.4142135381698608 3 1
          44.55333709716797 3 2.2360680103302 1.4142135381698608 1 14.317821502685547
          20.02498435974121 1.4142135381698608 1 10.440306663513184 2 1
          1 1.4142135381698608 11.180339813232422 2.2360680103302 10 1
          1 2.2360680103302 14.142135620117188 1.4142135381698608 1 1.4142135381698608
          1 73.35530090332031 1 117.54573822021484 1 47.88528060913086
          1.4142135381698608 1.4142135381698608 43.416587829589844 33.241539001464844 2.8284270763397217 35.35533905029297
          2 9 96.66436767578125 27.80287742614746 70.66116333007812 1
          96.64884948730469 3.1622776985168457 41.04875183105469 96.93812561035156 6 2.8284270763397217
          1 1.4142135381698608 21.095022201538086 95.7757797241211 41.19466018676758 4.123105525970459
          32.280025482177734 4.123105525970459 99.36800384521484 2.2360680103302 129.63409423828125 1
          1 60.008331298828125 2.8284270763397217 64.49806213378906 2.2360680103302 5.099019527435303
          1 2.2360680103302 3 27.73084831237793 35.80502700805664 1
          3.1622776985168457 1 3.1622776985168457 1 2.2360680103302 1.4142135381698608
          5.385164737701416 4.4721360206604 1 2 115.00434875488281 3
          1 2.2360680103302 1.4142135381698608 43.416587829589844 85.4400405883789 7.280109882354736
          3.1622776985168457 44.384681701660156 1.4142135381698608 7.6157732009887695 2 1
          1 21 6.7082037925720215 2.2360680103302 3.605551242828369 21.587032318115234
          2.8284270763397217 12.041594505310059 22.56102752685547 3.1622776985168457 1 1
          2.2360680103302 3.605551242828369 1.4142135381698608 1 2.8284270763397217 1
          59.05929183959961 1.4142135381698608 52 1 2.2360680103302 7.211102485656738
          4 1.4142135381698608 1 63.812225341796875 2.2360680103302 62.17716598510742
          73.53910827636719 3 2.2360680103302 4 21.095022201538086 20.615528106689453
          4.123105525970459 3.605551242828369 2.2360680103302 1 12.041594505310059 39.20458984375
          5 3.1622776985168457 29.154760360717773 13.152946472167969 64.35060119628906 1
          2 2.2360680103302 1 1 11 16.031219482421875
          2.2360680103302 9.05538558959961 28.319604873657227 13.928388595581055 1 2.2360680103302
          7.211102485656738 3.1622776985168457 1 22.671567916870117 1 1.4142135381698608
          5 38.94868469238281 41.1096076965332 39.11521530151367 1 20.615528106689453
          3.1622776985168457 2.2360680103302 25 2.2360680103302 17.464248657226562 2.8284270763397217
          5.830951690673828 1 11.704699516296387 2.8284270763397217 4 102.53292083740234
          1 1 9.05538558959961 132.01893615722656 110.04090118408203 2.2360680103302
          27.294687271118164 2 122.3315200805664 2.2360680103302 1.4142135381698608 2.2360680103302
          1 2 122.64175415039062 4 1 9.219544410705566
          2.2360680103302 133.41664123535156 104.63746643066406 1 1 95.01578521728516
          1.4142135381698608 14.866068840026855 1 21.189620971679688 2 1.4142135381698608
          55.10898208618164 2.2360680103302 1.4142135381698608 50.695167541503906 1.4142135381698608 2.2360680103302
          6.7082037925720215 63.51377868652344 1.4142135381698608 3.605551242828369 2 2.2360680103302
          2.2360680103302 3.605551242828369 1.4142135381698608 1 39.357337951660156 79.15807342529297
          92.04889678955078 2 1 5.830951690673828 6.324555397033691 4.123105525970459
          1 4.123105525970459 1 2.2360680103302 5.099019527435303 23.34523582458496
          1 1 4.4721360206604 3.1622776985168457 1.4142135381698608 2
          4.123105525970459 2.2360680103302 15.81138801574707 9.219544410705566 1 18.11077117919922
          1 10.049875259399414 4 1.4142135381698608 8.062257766723633 130.23056030273438
          1 8.5440034866333 114.17967987060547 19.02629852294922 3 91.39474487304688
          6.7082037925720215 2.8284270763397217 2 18.027755737304688 1 2
          2.2360680103302 111.57060241699219 111.12605285644531 5 1.4142135381698608 3.1622776985168457
          4.123105525970459 8.5440034866333 1 6.4031243324279785 14.03566837310791 9.219544410705566
          22.090721130371094 43.26661682128906 1 31.575305938720703 1.4142135381698608 14.317821502685547
          12.727922439575195 1 1 1 1.4142135381698608 4.123105525970459
          2.2360680103302 3.1622776985168457 1 13.45362377166748 1 1.4142135381698608
          1 2 1 1 17.492855072021484 2
          3.1622776985168457 1 3.605551242828369 16.278820037841797 24.083189010620117 1
          2 48.041648864746094 7.071067810058594 20.51828384399414 1 1
          16.124515533447266 5.385164737701416 3.605551242828369 1.4142135381698608 75.64390563964844 9.433980941772461
          2.2360680103302 4.242640495300293 1 9 20.808652877807617 1
          45.80392837524414 18.384777069091797 2 3.1622776985168457 9.899495124816895 5
          86.27861785888672 114.49017333984375 2.2360680103302 47.6340217590332 1 1.4142135381698608
          108.46658325195312 1.4142135381698608 3.605551242828369 1 1 2.2360680103302
          3.1622776985168457 133.13526916503906 2.2360680103302 2.2360680103302 2 56.93856430053711
          14.866068840026855 16 2.2360680103302 1.4142135381698608 3.1622776985168457 1
          42.54409408569336 39.39543151855469 1.4142135381698608 94.72592163085938 1 102.78618621826172
          2.8284270763397217 17.464248657226562 103.5857162475586 102.72779846191406 2 1
          100.00499725341797 2 3.605551242828369 99.03534698486328 4.123105525970459 4.242640495300293
          8.062257766723633 89.87213134765625 76.5375747680664 1 36.619667053222656 2
          42.48529052734375 1 1.4142135381698608 11.180339813232422 1 90.8019790649414
          60.406951904296875 49.40647888183594 1 3 12.083045959472656 6.324555397033691
          1 8.062257766723633 2.2360680103302 1 1 7.071067810058594
          2 2.2360680103302 11.401754379272461 108.24047088623047 3 1
          1.4142135381698608 104.39348602294922 4 1.4142135381698608 7.280109882354736 1
          70.1783447265625 2 75.00666809082031 25.553865432739258 3 56.603885650634766
          65.45991516113281 3.1622776985168457 1 40.31128692626953 47.16990661621094 8
          1 2 52.92447280883789 1 2.2360680103302 69.2603759765625
          1 1 48.10405349731445 2.2360680103302 1 1.4142135381698608
          5.385164737701416 1 1.4142135381698608 5.099019527435303 1 92.95697784423828
          92.09777069091797 2.8284270763397217 5.385164737701416 1.4142135381698608 3.1622776985168457 2.2360680103302
          1 48.10405349731445 6 14 1 16.278820037841797
          1.4142135381698608 1 2 4.4721360206604 31.400636672973633 10.630146026611328
          13.601470947265625 33.541019439697266 2.2360680103302 28.160255432128906 1.4142135381698608 68.62215423583984
          51.41984176635742 7.071067810058594 1.4142135381698608 70.00714111328125
        </DataArray>
      </CellData>
      <Points>
        <DataArray type="Float32" Name="Points" NumberOfComponents="3" format="ascii" RangeMin="2.23606797749979" RangeMax="222.73975846265077">
          159 65 0 157 65 0
          149 6 0 145 6 0
          159 10 0 156 9 0
          156 69 0 158 66 0
          142 2 0 141 3 0
          138 4 0 141 10 0
          142 10 0 140 8 0
          141 7 0 156 54 0
          154 55 0 126 55 0
          129 55 0 155 9 0
          157 64 0 145 68 0
          145 69 0 144 6 0
          143 4 0 152 1 0
          151 0 0 138 7 0
          139 6 0 146 69 0
          146 71 0 155 5 0
          156 63 0 146 72 0
          148 71 0 158 4 0
          157 4 0 150 0 0
          131 53 0 148 1 0
          149 1 0 149 71 0
          144 67 0 136 6 0
          137 6 0 154 78 0
          157 78 0 133 52 0
          155 63 0 147 1 0
          141 84 0 139 84 0
          156 4 0 130 8 0
          132 9 0 131 59 0
          132 59 0 133 58 0
          135 65 0 137 63 0
          144 66 0 138 84 0
          87 37 0 89 36 0
          158 80 0 135 84 0
          151 72 0 156 30 0
          157 32 0 122 0 0
          126 0 0 155 60 0
          155 62 0 145 61 0
          144 59 0 149 42 0
          148 41 0 139 12 0
          159 22 0 157 22 0
          130 57 0 142 58 0
          141 57 0 133 51 0
          133 84 0 136 54 0
          135 52 0 153 55 0
          91 36 0 138 13 0
          143 65 0 144 65 0
          140 56 0 157 61 0
          156 61 0 139 54 0
          138 54 0 125 73 0
          122 73 0 135 61 0
          136 61 0 101 90 0
          103 90 0 122 59 0
          123 58 0 153 90 0
          156 90 0 108 90 0
          106 91 0 105 91 0
          157 75 0 157 76 0
          140 54 0 132 10 0
          136 62 0 138 56 0
          139 55 0 158 76 0
          140 68 0 142 67 0
          154 76 0 158 77 0
          100 37 0 137 73 0
          133 73 0 147 84 0
          147 11 0 46 7 0
          47 0 0 140 46 0
          143 44 0 146 41 0
          145 42 0 135 58 0
          106 82 0 106 78 0
          135 59 0 135 60 0
          54 6 0 53 2 0
          118 90 0 119 91 0
          138 67 0 110 86 0
          158 32 0 134 61 0
          155 47 0 154 47 0
          133 61 0 153 23 0
          154 20 0 137 36 0
          136 35 0 150 17 0
          150 15 0 127 49 0
          132 73 0 144 43 0
          128 49 0 129 2 0
          159 90 0 149 84 0
          152 13 0 151 15 0
          142 64 0 149 13 0
          137 72 0 119 74 0
          120 91 0 143 48 0
          142 47 0 151 56 0
          145 19 0 145 20 0
          141 64 0 117 83 0
          121 82 0 144 53 0
          144 52 0 157 58 0
          121 92 0 155 21 0
          142 81 0 142 82 0
          123 92 0 159 84 0
          159 83 0 150 59 0
          151 59 0 151 60 0
          152 60 0 142 102 0
          145 101 0 143 52 0
          120 47 0 120 46 0
          132 90 0 130 91 0
          155 18 0 157 99 0
          154 101 0 159 87 0
          158 88 0 158 58 0
          125 91 0 127 91 0
          147 12 0 135 34 0
          141 81 0 141 80 0
          158 86 0 129 73 0
          119 46 0 156 85 0
          118 51 0 120 52 0
          120 49 0 120 53 0
          148 12 0 149 56 0
          149 57 0 137 70 0
          147 90 0 148 90 0
          135 90 0 154 46 0
          153 101 0 46 0 0
          26 14 0 26 12 0
          145 21 0 126 23 0
          125 22 0 149 58 0
          107 75 0 102 83 0
          100 84 0 145 15 0
          143 50 0 121 49 0
          50 0 0 143 55 0
          149 59 0 102 42 0
          102 45 0 37 9 0
          36 8 0 127 65 0
          128 66 0 151 32 0
          100 47 0 149 54 0
          135 47 0 132 46 0
          123 22 0 122 83 0
          137 40 0 151 43 0
          148 101 0 26 11 0
          139 69 0 131 24 0
          129 24 0 116 54 0
          117 54 0 36 7 0
          140 90 0 144 90 0
          127 25 0 27 9 0
          153 19 0 133 3 0
          134 3 0 130 66 0
          136 90 0 138 90 0
          148 54 0 113 64 0
          115 62 0 159 6 0
          158 7 0 133 28 0
          131 28 0 52 0 0
          125 45 0 125 46 0
          131 45 0 120 94 0
          122 93 0 116 38 0
          116 40 0 128 35 0
          128 33 0 79 80 0
          78 80 0 111 86 0
          99 84 0 113 82 0
          115 82 0 130 69 0
          131 69 0 128 25 0
          115 47 0 117 46 0
          37 5 0 104 82 0
          136 80 0 137 81 0
          78 79 0 131 46 0
          18 16 0 18 14 0
          112 47 0 114 48 0
          8 4 0 9 1 0
          133 65 0 123 37 0
          125 36 0 90 84 0
          92 85 0 110 84 0
          119 25 0 118 25 0
          124 94 0 124 93 0
          101 37 0 120 24 0
          118 24 0 124 12 0
          122 14 0 101 80 0
          100 79 0 128 80 0
          130 82 0 145 47 0
          144 47 0 39 14 0
          38 12 0 84 80 0
          99 79 0 135 98 0
          137 96 0 110 82 0
          36 1 0 37 3 0
          32 10 0 31 10 0
          129 32 0 107 37 0
          124 68 0 124 67 0
          117 25 0 92 49 0
          96 47 0 116 30 0
          118 28 0 115 94 0
          118 93 0 31 9 0
          86 81 0 86 80 0
          147 101 0 102 81 0
          18 13 0 123 67 0
          18 12 0 17 12 0
          30 9 0 129 41 0
          129 42 0 99 77 0
          127 40 0 127 42 0
          17 11 0 37 4 0
          17 10 0 124 66 0
          34 18 0 34 19 0
          34 20 0 85 80 0
          30 8 0 116 25 0
          131 94 0 129 94 0
          16 9 0 157 108 0
          158 107 0 98 77 0
          16 8 0 106 70 0
          107 71 0 32 22 0
          15 4 0 121 15 0
          120 16 0 116 19 0
          115 22 0 112 67 0
          112 68 0 149 99 0
          54 88 0 57 87 0
          106 63 0 110 63 0
          87 81 0 130 36 0
          7 23 0 10 21 0
          151 52 0 92 31 0
          90 32 0 104 32 0
          103 34 0 114 24 0
          115 24 0 52 13 0
          93 85 0 24 2 0
          24 6 0 14 3 0
          29 28 0 30 29 0
          87 83 0 12 30 0
          11 27 0 141 39 0
          140 38 0 131 5 0
          120 27 0 119 27 0
          111 37 0 110 36 0
          131 35 0 131 34 0
          96 72 0 98 74 0
          87 82 0 32 24 0
          31 23 0 14 10 0
          151 51 0 107 43 0
          105 43 0 150 98 0
          10 14 0 12 13 0
          95 85 0 139 95 0
          117 69 0 150 49 0
          151 50 0 114 90 0
          119 16 0 30 21 0
          31 21 0 29 20 0
          30 20 0 72 78 0
          72 79 0 112 7 0
          109 6 0 30 31 0
          10 0 0 141 99 0
          38 17 0 31 22 0
          131 33 0 130 29 0
          130 30 0 117 68 0
          117 18 0 12 10 0
          11 19 0 101 69 0
          104 69 0 149 110 0
          150 108 0 115 41 0
          146 156 0 145 157 0
          29 19 0 109 36 0
          159 106 0 65 81 0
          67 81 0 33 16 0
          129 18 0 128 20 0
          9 26 0 8 25 0
          127 96 0 128 95 0
          11 8 0 21 14 0
          52 14 0 33 15 0
          29 24 0 130 39 0
          138 40 0 20 22 0
          21 22 0 41 17 0
          40 17 0 110 52 0
          112 50 0 151 106 0
          154 107 0 39 21 0
          38 22 0 129 0 0
          31 28 0 130 97 0
          131 96 0 104 54 0
          107 53 0 28 24 0
          113 40 0 117 43 0
          131 37 0 149 48 0
          150 48 0 128 28 0
          21 23 0 102 104 0
          96 104 0 20 21 0
          108 47 0 107 47 0
          34 4 0 33 4 0
          45 18 0 44 17 0
          21 26 0 21 24 0
          106 47 0 110 47 0
          88 32 0 113 38 0
          19 0 0 13 12 0
          43 17 0 11 17 0
          149 33 0 18 0 0
          31 1 0 31 2 0
          13 11 0 100 53 0
          102 54 0 58 87 0
          129 153 0 133 153 0
          132 97 0 32 2 0
          32 3 0 90 73 0
          92 73 0 108 23 0
          111 21 0 95 41 0
          96 43 0 30 0 0
          30 1 0 159 49 0
          158 48 0 3 16 0
          3 14 0 124 31 0
          123 30 0 72 46 0
          76 43 0 64 87 0
          47 22 0 46 20 0
          95 31 0 122 34 0
          123 34 0 69 81 0
          96 52 0 98 51 0
          71 82 0 70 82 0
          96 31 0 154 104 0
          2 4 0 4 4 0
          98 42 0 99 42 0
          52 95 0 57 94 0
          15 24 0 15 25 0
          40 102 0 43 102 0
          60 10 0 58 12 0
          87 34 0 143 159 0
          125 15 0 158 157 0
          157 156 0 45 103 0
          48 103 0 2 1 0
          2 2 0 84 48 0
          85 49 0 125 16 0
          154 94 0 154 93 0
          90 77 0 89 78 0
          68 80 0 15 26 0
          13 27 0 123 77 0
          124 77 0 3 12 0
          153 92 0 153 93 0
          156 156 0 155 156 0
          155 155 0 131 105 0
          132 104 0 112 14 0
          112 16 0 94 61 0
          96 63 0 156 153 0
          155 154 0 156 25 0
          112 32 0 113 32 0
          3 11 0 107 0 0
          109 0 0 89 41 0
          88 41 0 23 30 0
          23 29 0 115 0 0
          117 0 0 98 62 0
          78 42 0 153 156 0
          151 37 0 151 39 0
          119 32 0 119 34 0
          25 38 0 26 36 0
          150 159 0 148 159 0
          9 39 0 9 40 0
          4 43 0 7 41 0
          52 80 0 55 78 0
          159 151 0 158 151 0
          152 156 0 105 98 0
          105 96 0 2 27 0
          82 34 0 83 34 0
          77 47 0 74 47 0
          148 154 0 158 150 0
          148 153 0 10 40 0
          1 27 0 112 10 0
          15 41 0 15 39 0
          11 37 0 10 38 0
          108 6 0 24 31 0
          156 152 0 60 69 0
          68 69 0 153 153 0
          150 154 0 89 93 0
          87 92 0 152 153 0
          57 78 0 60 78 0
          25 32 0 89 101 0
          93 103 0 139 108 0
          141 108 0 25 33 0
          118 88 0 118 87 0
          123 103 0 125 102 0
          12 38 0 107 12 0
          110 13 0 97 57 0
          85 54 0 88 54 0
          110 0 0 14 39 0
          25 34 0 14 38 0
          91 60 0 92 60 0
          86 92 0 103 59 0
          80 121 0 75 119 0
          101 58 0 48 104 0
          13 38 0 70 85 0
          70 84 0 92 94 0
          90 94 0 12 35 0
          87 91 0 69 90 0
          68 88 0 125 157 0
          123 157 0 22 39 0
          1 38 0 3 36 0
          103 7 0 106 6 0
          52 106 0 100 5 0
          101 5 0 143 27 0
          144 25 0 21 40 0
          134 107 0 133 107 0
          142 108 0 1 24 0
          10 34 0 9 34 0
          143 108 0 143 109 0
          0 24 0 145 109 0
          121 158 0 147 122 0
          149 121 0 132 158 0
          131 157 0 67 88 0
          136 154 0 97 0 0
          96 1 0 107 3 0
          126 102 0 82 60 0
          86 60 0 95 2 0
          128 101 0 117 8 0
          13 44 0 13 45 0
          6 40 0 72 69 0
          73 68 0 118 8 0
          88 55 0 65 84 0
          66 84 0 97 18 0
          101 17 0 87 112 0
          89 113 0 101 6 0
          55 106 0 153 117 0
          152 119 0 80 47 0
          151 121 0 152 122 0
          159 146 0 0 32 0
          0 31 0 95 104 0
          89 53 0 133 152 0
          121 153 0 122 153 0
          98 94 0 101 93 0
          112 1 0 101 7 0
          103 101 0 5 40 0
          89 18 0 91 18 0
          104 25 0 103 26 0
          128 155 0 88 61 0
          154 122 0 86 57 0
          85 59 0 90 113 0
          87 61 0 50 25 0
          49 25 0 93 112 0
          82 44 0 82 45 0
          73 93 0 113 3 0
          113 4 0 74 67 0
          4 46 0 123 155 0
          139 112 0 141 111 0
          112 2 0 111 2 0
          78 132 0 72 130 0
          73 115 0 69 113 0
          156 117 0 155 117 0
          4 47 0 40 29 0
          122 154 0 159 145 0
          158 145 0 4 36 0
          48 121 0 49 121 0
          5 36 0 19 54 0
          18 54 0 75 93 0
          50 120 0 146 118 0
          146 120 0 158 144 0
          3 51 0 2 51 0
          40 30 0 115 103 0
          119 103 0 17 53 0
          74 58 0 69 59 0
          153 147 0 155 146 0
          2 50 0 10 48 0
          12 47 0 1 49 0
          2 49 0 17 54 0
          8 49 0 9 48 0
          94 112 0 0 34 0
          153 42 0 83 113 0
          1 34 0 4 52 0
          3 52 0 84 64 0
          85 63 0 150 130 0
          150 129 0 20 43 0
          153 41 0 20 44 0
          137 158 0 135 159 0
          159 117 0 158 117 0
          101 0 0 145 113 0
          145 112 0 136 141 0
          136 144 0 159 121 0
          157 122 0 16 55 0
          83 95 0 84 95 0
          63 110 0 61 109 0
          127 116 0 128 115 0
          85 98 0 85 96 0
          89 120 0 85 121 0
          145 146 0 147 149 0
          118 154 0 117 154 0
          3 49 0 128 114 0
          129 113 0 130 112 0
          16 50 0 143 121 0
          143 122 0 61 84 0
          156 131 0 153 131 0
          134 111 0 16 49 0
          117 153 0 133 119 0
          136 117 0 18 49 0
          116 157 0 116 155 0
          18 124 0 16 124 0
          119 154 0 44 120 0
          119 155 0 26 44 0
          68 58 0 82 69 0
          84 70 0 153 115 0
          137 159 0 81 114 0
          33 108 0 40 107 0
          19 49 0 58 32 0
          57 31 0 15 48 0
          142 132 0 141 131 0
          97 100 0 96 100 0
          75 71 0 150 128 0
          29 44 0 20 116 0
          24 115 0 15 124 0
          54 30 0 73 119 0
          23 123 0 79 59 0
          132 149 0 76 72 0
          76 74 0 153 126 0
          123 147 0 123 150 0
          139 131 0 18 59 0
          18 58 0 77 101 0
          80 101 0 28 112 0
          29 114 0 60 108 0
          60 107 0 107 108 0
          107 106 0 141 129 0
          137 116 0 52 29 0
          130 121 0 71 118 0
          0 79 0 1 78 0
          41 121 0 38 121 0
          127 125 0 129 123 0
          130 131 0 127 131 0
          129 122 0 8 63 0
          9 60 0 136 145 0
          131 148 0 137 114 0
          67 111 0 59 94 0
          59 92 0 70 118 0
          7 54 0 156 37 0
          155 37 0 8 54 0
          80 107 0 81 107 0
          85 108 0 87 123 0
          88 122 0 64 72 0
          63 72 0 67 7 0
          114 109 0 109 109 0
          81 101 0 66 54 0
          64 56 0 151 139 0
          150 140 0 81 108 0
          83 108 0 126 130 0
          140 135 0 141 134 0
          135 148 0 30 114 0
          149 142 0 84 108 0
          68 7 0 72 53 0
          75 53 0 50 51 0
          47 51 0 155 128 0
          154 128 0 126 128 0
          2 76 0 145 140 0
          147 139 0 63 100 0
          61 102 0 66 114 0
          136 128 0 138 129 0
          70 111 0 72 109 0
          58 24 0 29 116 0
          37 121 0 0 82 0
          78 114 0 84 101 0
          68 117 0 74 40 0
          76 40 0 78 96 0
          78 95 0 73 108 0
          93 117 0 92 117 0
          88 0 0 88 1 0
          120 150 0 148 138 0
          75 110 0 74 109 0
          148 139 0 88 2 0
          34 121 0 112 154 0
          113 154 0 69 112 0
          87 4 0 67 117 0
          19 66 0 17 64 0
          15 140 0 12 141 0
          10 59 0 74 0 0
          72 0 0 58 26 0
          42 57 0 39 59 0
          52 115 0 55 114 0
          69 116 0 131 125 0
          45 52 0 56 102 0
          33 121 0 54 120 0
          156 135 0 133 125 0
          99 113 0 98 113 0
          12 59 0 93 159 0
          98 159 0 55 120 0
          38 59 0 68 101 0
          68 100 0 84 128 0
          85 129 0 0 138 0
          7 140 0 154 139 0
          67 100 0 109 149 0
          113 149 0 43 43 0
          44 43 0 45 41 0
          0 84 0 66 100 0
          11 141 0 20 138 0
          31 120 0 42 54 0
          79 15 0 75 16 0
          27 118 0 28 119 0
          1 63 0 4 62 0
          0 57 0 75 149 0
          82 147 0 103 159 0
          71 97 0 62 26 0
          63 26 0 51 77 0
          52 77 0 98 121 0
          97 119 0 40 43 0
          30 120 0 88 28 0
          90 29 0 120 129 0
          122 129 0 5 80 0
          5 79 0 70 97 0
          86 129 0 0 58 0
          60 26 0 24 123 0
          7 125 0 8 125 0
          63 27 0 108 117 0
          106 117 0 36 44 0
          39 40 0 138 20 0
          137 21 0 44 47 0
          12 67 0 14 65 0
          48 35 0 49 33 0
          110 118 0 108 118 0
          86 6 0 65 133 0
          64 132 0 18 122 0
          36 116 0 36 115 0
          5 146 0 9 147 0
          105 117 0 64 116 0
          79 128 0 8 81 0
          104 115 0 48 111 0
          49 110 0 61 115 0
          62 116 0 63 116 0
          7 58 0 7 59 0
          103 147 0 105 146 0
          19 121 0 27 126 0
          27 123 0 24 67 0
          24 66 0 3 132 0
          0 132 0 2 128 0
          4 127 0 50 37 0
          49 36 0 23 66 0
          63 96 0 77 128 0
          76 127 0 75 127 0
          6 125 0 0 131 0
          67 63 0 67 64 0
          62 97 0 71 127 0
          73 128 0 69 104 0
          70 104 0 102 115 0
          102 114 0 9 83 0
          50 117 0 5 126 0
          6 67 0 6 66 0
          14 64 0 15 63 0
          63 132 0 134 138 0
          133 138 0 71 106 0
          71 105 0 23 65 0
          61 131 0 62 132 0
          110 144 0 108 146 0
          125 143 0 125 144 0
          77 0 0 78 0 0
          72 129 0 13 135 0
          9 134 0 48 139 0
          44 138 0 64 131 0
          53 41 0 53 42 0
          59 39 0 59 38 0
          9 77 0 7 79 0
          82 156 0 87 155 0
          8 108 0 8 109 0
          38 52 0 40 53 0
          58 45 0 58 42 0
          71 13 0 105 154 0
          105 155 0 33 51 0
          30 52 0 54 42 0
          15 145 0 12 146 0
          71 14 0 44 112 0
          45 110 0 7 110 0
          10 104 0 91 134 0
          93 130 0 53 43 0
          63 62 0 61 62 0
          70 43 0 84 4 0
          106 155 0 66 130 0
          69 44 0 61 124 0
          64 125 0 1 71 0
          71 130 0 7 129 0
          75 138 0 73 138 0
          4 86 0 4 85 0
          82 5 0 86 141 0
          84 144 0 71 141 0
          73 139 0 5 73 0
          5 128 0 81 145 0
          0 71 0 32 61 0
          32 62 0 7 72 0
          79 9 0 81 6 0
          159 43 0 158 44 0
          61 61 0 3 71 0
          10 147 0 21 137 0
          65 62 0 6 128 0
          115 113 0 117 114 0
          57 37 0 0 145 0
          1 146 0 56 37 0
          31 67 0 33 66 0
          36 71 0 36 68 0
          109 155 0 68 130 0
          19 102 0 21 101 0
          64 38 0 63 38 0
          24 143 0 20 146 0
          9 73 0 10 73 0
          11 73 0 16 99 0
          17 101 0 11 74 0
          65 39 0 64 39 0
          23 139 0 66 126 0
          35 65 0 35 66 0
          41 134 0 42 136 0
          103 139 0 97 143 0
          0 143 0 124 139 0
          124 138 0 74 16 0
          72 137 0 16 107 0
          12 110 0 0 87 0
          0 88 0 74 23 0
          71 22 0 12 100 0
          11 102 0 73 15 0
          85 126 0 94 151 0
          96 153 0 76 9 0
          24 96 0 22 98 0
          88 146 0 84 146 0
          56 129 0 56 130 0
          57 130 0 58 130 0
          82 16 0 93 148 0
          92 150 0 97 125 0
          95 125 0 69 148 0
          67 149 0 22 100 0
          17 147 0 18 145 0
          5 103 0 6 103 0
          66 47 0 68 47 0
          94 125 0 93 126 0
          109 128 0 110 128 0
          31 55 0 31 54 0
          70 30 0 71 31 0
          38 67 0 38 68 0
          27 122 0 10 103 0
          30 74 0 29 76 0
          68 37 0 67 38 0
          14 73 0 15 72 0
          102 133 0 100 132 0
          102 156 0 22 92 0
          23 93 0 71 136 0
          71 33 0 30 78 0
          67 127 0 66 150 0
          32 57 0 32 56 0
          70 35 0 98 148 0
          99 148 0 24 139 0
          48 127 0 52 126 0
          110 129 0 88 152 0
          90 151 0 72 148 0
          70 22 0 105 122 0
          105 121 0 75 20 0
          37 80 0 34 79 0
          43 137 0 33 130 0
          35 130 0 114 129 0
          63 43 0 62 43 0
          97 134 0 96 134 0
          62 141 0 66 141 0
          30 151 0 29 150 0
          14 102 0 8 134 0
          91 147 0 26 150 0
          15 137 0 56 157 0
          58 157 0 71 135 0
          24 88 0 24 86 0
          33 90 0 34 88 0
          29 71 0 57 140 0
          56 139 0 18 97 0
          19 97 0 29 136 0
          69 145 0 43 65 0
          44 65 0 99 152 0
          30 136 0 31 135 0
          30 134 0 31 134 0
          32 135 0 33 86 0
          34 86 0 45 64 0
          60 140 0 22 90 0
          35 131 0 96 143 0
          27 85 0 26 86 0
          34 87 0 32 85 0
          33 85 0 100 152 0
          114 143 0 82 26 0
          82 28 0 115 143 0
          36 83 0 7 132 0
          23 86 0 22 149 0
          9 90 0 9 89 0
          58 158 0 92 145 0
          46 62 0 21 87 0
          22 88 0 4 113 0
          5 111 0 29 83 0
          26 83 0 26 82 0
          49 157 0 21 149 0
          0 108 0 0 110 0
          30 130 0 29 157 0
          31 158 0 0 93 0
          0 94 0 30 93 0
          31 92 0 82 22 0
          81 23 0 0 120 0
          2 117 0 17 77 0
          16 77 0 45 155 0
          44 155 0 20 73 0
          22 72 0 37 153 0
          40 154 0 93 141 0
          91 142 0 33 159 0
          42 155 0 21 147 0
          14 77 0 13 78 0
          108 135 0 105 134 0
          21 75 0 20 75 0
          0 112 0 1 113 0
          17 94 0 17 95 0
          98 130 0 15 77 0
          15 79 0 18 74 0
          19 74 0 22 78 0
          24 78 0 98 129 0
          11 93 0 11 92 0
          47 157 0 39 132 0
          40 132 0 101 124 0
          100 125 0 18 86 0
          18 85 0 13 152 0
          14 152 0 7 159 0
          4 159 0 0 97 0
          46 156 0 14 153 0
          39 157 0 0 102 0
          1 104 0 0 98 0
          27 105 0 27 106 0
          24 107 0 26 107 0
          41 148 0 39 149 0
          60 154 0 17 152 0
          28 106 0 58 147 0
          59 148 0 0 159 0
          64 50 0 65 49 0
          8 94 0 8 93 0
          20 154 0 22 154 0
          30 106 0 6 117 0
          43 86 0 40 87 0
          6 118 0 12 159 0
          0 153 0 0 154 0
          2 154 0 38 147 0
          38 148 0 14 158 0
          50 145 0 50 144 0
          5 157 0 5 156 0
          5 120 0 47 148 0
          45 149 0 5 121 0
          6 155 0 7 157 0
          38 149 0 5 155 0
          4 118 0 12 155 0
          38 144 0 39 143 0
          39 151 0 38 126 0
          36 127 0 4 119 0
          24 159 0 25 159 0
          47 145 0 48 144 0
          49 144 0 52 142 0
          20 158 0 18 157 0
          41 93 0 40 92 0
          53 135 0 54 134 0
          52 65 0
          <InformationKey name="L2_NORM_RANGE" location="vtkDataArray" length="2">
            <Value index="0">
              2.2360679775
            </Value>
            <Value index="1">
              222.73975846
            </Value>
          </InformationKey>
        </DataArray>
      </Points>
      <Cells>
        <DataArray type="Int64" Name="connectivity" format="ascii" RangeMin="0" RangeMax="1630">
          0 1 2 3 4 5
          6 7 8 9 10 9
          11 12 13 14 15 16
          17 18 19 5 20 1
          21 22 23 3 3 24
          25 26 27 28 29 22
          1 7 9 24 22 30
          24 12 5 31 7 32
          33 30 30 34 35 36
          37 26 38 18 39 40
          41 34 34 42 43 44
          12 14 45 46 14 28
          18 47 26 40 48 32
          40 49 28 49 50 51
          52 36 53 54 36 31
          55 56 57 56 58 59
          60 42 49 44 61 51
          62 63 64 46 51 65
          32 66 67 68 69 70
          71 72 73 74 75 76
          44 77 42 66 78 79
          66 72 56 80 81 82
          83 47 84 65 85 86
          87 16 47 86 88 63
          89 77 90 91 92 82
          93 94 95 96 97 98
          99 100 101 102 103 104
          105 106 107 108 72 91
          109 108 86 80 110 111
          80 96 96 112 113 54
          114 100 108 102 115 116
          117 111 118 119 82 112
          91 94 94 120 46 121
          63 122 123 124 111 121
          112 74 74 116 121 120
          116 104 65 125 77 126
          120 119 100 59 127 128
          129 130 131 132 104 133
          134 135 136 137 138 139
          59 137 140 141 137 133
          133 142 119 142 102 143
          144 68 142 145 146 147
          148 145 149 150 151 152
          153 154 145 155 156 124
          157 132 158 155 54 159
          160 106 161 125 162 163
          155 164 165 154 124 166
          167 98 168 141 169 170
          16 171 172 173 174 164
          132 76 175 176 177 178
          164 179 141 180 181 150
          182 183 184 180 185 186
          187 188 189 190 191 192
          193 178 194 195 196 197
          31 198 199 200 201 202
          203 179 180 204 125 183
          205 204 206 126 207 152
          183 208 179 190 190 186
          106 202 209 208 186 188
          188 210 98 211 204 197
          76 130 212 195 208 213
          214 215 195 216 130 170
          217 215 126 218 219 220
          221 166 222 223 197 224
          225 147 226 200 154 218
          218 163 227 128 228 229
          230 173 231 232 233 220
          215 216 234 135 235 236
          202 223 173 237 170 238
          223 210 216 239 128 240
          178 238 210 241 166 211
          220 242 243 244 245 246
          247 248 238 241 68 249
          250 244 241 242 242 251
          252 253 254 232 255 176
          152 256 147 257 200 258
          259 229 211 260 261 262
          263 264 265 246 266 267
          232 268 229 269 163 270
          271 272 273 248 274 275
          276 251 277 278 150 198
          279 280 281 282 283 139
          251 239 284 285 286 253
          287 288 239 285 289 290
          285 267 291 292 293 294
          295 143 296 236 297 298
          299 300 301 268 267 275
          302 303 275 260 268 262
          176 298 260 224 246 304
          224 213 213 264 236 305
          264 171 198 270 306 307
          270 272 308 294 272 280
          253 309 310 311 312 313
          314 315 171 316 317 318
          319 320 280 79 248 316
          316 309 143 321 322 323
          309 300 324 325 326 122
          262 327 328 323 329 330
          331 332 333 334 300 325
          335 336 337 338 325 288
          294 339 340 332 341 342
          298 343 344 345 346 347
          348 292 288 307 307 303
          79 237 122 349 350 351
          323 352 135 305 353 354
          355 356 357 358 359 347
          360 361 305 343 362 192
          292 318 343 363 364 311
          365 351 332 363 192 258
          303 336 336 278 311 366
          367 366 347 368 369 370
          363 371 372 373 366 374
          375 345 376 374 351 377
          378 379 278 313 380 379
          381 339 339 361 382 368
          383 352 384 385 368 269
          374 386 387 388 389 371
          371 321 390 386 352 327
          391 392 379 393 386 394
          395 330 313 370 330 396
          345 304 139 240 397 398
          370 399 400 399 258 401
          402 403 404 405 361 406
          318 407 399 385 385 377
          408 409 377 410 411 412
          413 414 415 416 240 417
          418 320 419 420 421 394
          327 416 422 423 320 424
          425 426 427 428 237 429
          430 431 432 433 434 435
          436 437 304 338 438 424
          439 440 394 441 442 410
          424 406 443 444 445 401
          410 373 446 447 416 431
          406 448 373 334 449 342
          321 448 334 450 451 452
          448 453 454 396 455 456
          457 458 459 460 461 462
          463 423 464 315 342 465
          338 466 467 440 440 456
          468 435 469 282 456 393
          431 398 435 407 407 470
          471 450 393 458 458 466
          396 472 473 441 269 420
          474 409 475 476 450 453
          477 478 479 290 480 481
          420 482 483 433 484 388
          485 486 453 358 282 470
          358 460 466 487 488 489
          490 491 492 493 315 494
          441 495 496 417 497 487
          487 482 482 498 460 499
          500 256 244 354 501 502
          401 465 433 349 503 504
          470 499 505 506 507 508
          509 510 511 159 354 444
          423 512 513 514 499 392
          388 508 515 516 392 452
          517 498 498 504 444 518
          452 437 504 510 256 428
          437 476 510 495 290 519
          428 520 398 356 476 493
          493 514 356 472 521 522
          514 405 495 512 472 523
          524 502 405 522 525 526
          502 527 528 529 512 530
          349 414 522 520 531 530
          532 533 534 535 536 529
          529 537 530 494 520 506
          538 412 414 539 409 491
          494 540 541 447 417 542
          491 543 506 537 544 249
          545 540 546 547 447 548
          540 548 537 523 548 527
          549 550 523 519 527 535
          519 257 257 518 551 403
          535 542 552 553 542 543
          518 539 539 554 555 556
          557 558 559 560 561 562
          563 564 543 533 565 566
          465 554 567 568 554 489
          569 570 489 516 571 572
          533 426 403 573 574 575
          412 576 426 556 159 429
          577 578 579 486 556 547
          516 558 580 581 582 583
          584 576 508 585 558 585
          547 564 586 587 564 587
          429 70 588 589 585 589
          589 562 590 591 592 593
          594 595 587 575 596 597
          576 598 599 481 562 600
          601 602 603 604 605 606
          607 608 609 600 610 611
          612 613 486 583 600 613
          583 614 615 616 613 617
          618 617 575 606 619 568
          617 620 621 620 622 623
          624 623 620 578 625 626
          578 570 627 628 570 550
          606 616 616 593 629 630
          550 611 631 632 623 602
          593 597 611 478 70 633
          634 635 478 626 626 581
          597 636 602 632 637 638
          639 640 581 640 641 642
          640 635 635 608 643 644
          608 598 645 630 568 636
          646 572 632 647 648 649
          636 642 650 651 652 653
          598 628 654 655 656 657
          658 659 660 661 662 663
          664 647 665 666 642 667
          668 669 670 671 481 672
          673 663 674 672 675 657
          672 655 676 667 628 677
          678 679 680 681 682 462
          249 633 667 683 657 681
          663 684 685 686 647 687
          655 688 689 690 691 687
          692 693 633 644 694 683
          695 696 462 677 677 669
          687 688 669 614 697 698
          683 699 614 700 701 700
          702 703 681 704 705 706
          700 651 630 707 688 684
          708 709 710 638 711 679
          651 707 707 693 712 699
          679 713 714 715 716 690
          693 717 718 719 720 717
          721 604 722 704 723 724
          717 724 725 726 704 713
          724 715 713 727 715 566
          690 728 566 661 729 730
          731 732 699 653 653 733
          734 735 604 595 736 737
          661 706 595 738 739 740
          741 742 743 733 744 745
          746 698 733 747 748 749
          698 750 751 750 752 747
          750 753 754 732 747 727
          727 749 749 659 755 756
          706 728 757 758 728 753
          572 671 759 730 760 553
          761 762 638 763 764 703
          765 766 767 762 753 560
          560 726 703 768 726 769
          659 770 771 770 770 772
          773 774 775 769 776 709
          777 778 779 780 781 782
          783 740 784 738 769 737
          785 786 737 778 671 787
          778 787 788 789 684 790
          787 745 745 768 791 792
          793 526 709 794 795 553
          796 797 798 799 768 763
          644 800 740 801 526 802
          803 772 804 805 763 806
          807 806 732 808 806 666
          772 792 666 809 810 789
          811 812 813 782 553 808
          814 809 809 766 815 816
          766 801 782 817 801 799
          792 816 818 819 789 756
          730 820 821 822 823 774
          799 819 819 794 816 824
          774 686 808 825 794 812
          826 827 812 822 828 829
          822 802 830 831 802 829
          832 833 834 835 836 824
          824 837 829 827 838 797
          827 800 800 742 756 786
          839 840 841 735 842 843
          735 844 845 846 847 820
          786 835 848 843 849 850
          851 840 852 853 835 850
          854 837 855 856 857 846
          858 859 742 649 860 861
          837 844 862 853 863 864
          865 866 846 867 840 790
          853 866 868 869 870 817
          844 871 649 872 817 873
          874 871 875 876 871 864
          877 878 879 880 864 881
          866 876 882 872 883 881
          797 825 884 885 886 887
          762 888 881 869 889 890
          872 890 891 892 893 894
          895 867 896 897 898 899
          900 901 890 888 888 897
          902 903 904 905 906 907
          908 909 825 758 876 910
          911 901 901 912 850 887
          913 912 897 780 820 573
          867 914 780 696 696 878
          915 916 869 910 878 917
          887 894 918 919 912 920
          921 914 922 909 923 924
          914 925 926 927 894 916
          928 929 758 930 843 931
          909 930 932 930 930 927
          573 917 910 933 917 856
          934 859 935 936 916 937
          790 938 856 903 903 920
          939 873 940 941 927 885
          942 925 943 944 920 937
          925 945 946 947 948 949
          686 950 951 880 952 933
          953 954 955 929 956 944
          957 719 937 949 929 958
          949 805 885 938 805 936
          859 959 938 960 961 962
          936 959 880 963 959 963
          719 905 933 945 964 965
          966 947 967 968 969 970
          963 962 945 968 971 972
          973 974 975 976 947 977
          978 924 968 979 924 980
          905 981 962 950 982 983
          984 985 986 987 988 989
          738 974 990 987 991 992
          987 980 993 892 974 899
          994 960 950 977 980 995
          944 979 899 996 997 998
          999 981 960 861 979 1000
          1001 1002 1003 1000 1004 1005
          873 1006 1007 1008 1009 1010
          981 1008 1000 1011 977 1010
          1010 995 1012 1013 1014 970
          861 907 1015 1016 1017 1018
          1019 1020 1021 989 1022 1023
          892 1024 1025 972 995 1016
          1026 1018 1027 1020 1028 1011
          1029 1030 907 1024 1031 1032
          1033 1034 1020 1006 989 1035
          1036 983 1006 1005 1037 1038
          1039 1040 1041 833 1042 1043
          1016 1034 1044 1045 1011 1046
          972 1047 1048 985 1034 998
          983 1049 998 1002 1005 1050
          970 1051 985 931 1008 1052
          1002 919 1053 1054 919 1054
          1055 1056 1057 1045 1054 1023
          1023 1056 1056 1043 1058 1059
          1060 1061 1062 965 1043 976
          1063 1038 1064 1065 1018 1066
          976 591 1067 1061 931 1068
          1069 1070 1045 996 996 1071
          1061 1072 833 1071 1073 1052
          1052 1059 1071 1065 1074 1075
          1076 1077 1078 992 1065 1040
          1079 1080 1024 1070 591 1051
          1081 1046 1082 1083 1084 1085
          1040 1086 1038 1066 1051 1087
          1059 1086 1088 1032 1086 1089
          1090 1068 1068 1091 1066 1092
          1093 1087 1094 1095 992 1096
          1087 1092 1092 1089 1097 1098
          1089 1050 1050 1030 1030 1095
          1099 1091 1100 1083 1095 1013
          1070 965 1101 1102 1103 1104
          1105 1106 1013 1107 965 1107
          1108 1102 1109 1110 1107 1035
          1046 1096 1111 1112 1113 1112
          1114 1049 1096 1080 1102 1115
          1116 1077 1077 1117 1091 1118
          1083 1119 1120 1121 1122 1123
          1035 1115 1124 1125 1080 1126
          1127 1128 1129 1098 1115 1130
          1131 1132 1133 1134 1135 1136
          1112 1137 1138 1118 1118 1123
          1139 1140 1141 1142 1143 1144
          1145 1130 1130 1134 1146 1104
          1147 1126 1126 1148 1149 958
          1150 1151 1049 1144 1152 1132
          1132 1148 1153 1154 1155 1156
          1157 1158 1032 1159 1160 1161
          1134 1142 1162 1163 1148 1163
          1164 1165 1166 1072 1142 1085
          1167 1168 958 1169 1170 1171
          1172 1173 1174 1154 1085 1175
          1154 1165 1104 1176 1144 1177
          1165 1178 1179 1180 1181 1182
          1183 1175 1123 1047 1184 1185
          1186 1187 1047 1171 1175 1180
          1188 1169 1189 1190 1191 1192
          1163 1075 1193 1194 1195 1196
          1197 1198 1199 1192 1180 1182
          1182 1200 1201 1202 1203 1202
          1169 1151 1151 1204 1205 1194
          1206 1207 1208 1200 1075 1185
          1209 1210 1200 1211 1212 1211
          1213 1214 1215 1177 1171 1216
          1217 1196 1218 1219 1220 1221
          1222 1168 1211 1223 1224 1223
          1223 1140 1225 1226 1185 1198
          1192 1227 1228 1229 1198 1221
          1221 1156 1230 1231 1156 1161
          1168 1229 1161 1227 1140 1216
          1227 1137 1216 1110 1232 1233
          1110 1207 1202 1176 1137 1219
          1219 1234 1176 1210 1196 1204
          1235 1234 1210 1236 1204 1190
          1234 1125 1207 1226 1237 1238
          1226 1214 1239 1240 1214 1158
          1229 1241 1158 941 1242 1243
          1244 1245 1125 1245 1246 1247
          941 1178 1177 1247 1248 1249
          1250 1251 1252 1253 1254 1255
          1245 1256 1178 1233 1257 1258
          1259 1260 1261 1243 1262 1263
          1264 1256 1265 1266 1267 1251
          1251 1268 1269 1270 1243 1271
          1272 1273 1233 1274 1072 1275
          1276 1258 1277 1241 1278 1274
          1256 1159 1274 954 1159 1119
          1279 1280 1119 1281 1282 1236
          1194 1283 1284 1285 1286 1287
          1236 831 831 1270 1247 1287
          1288 1275 1289 1290 954 1266
          1291 1292 1287 1293 1190 1294
          1295 1290 1296 1281 1297 1298
          1299 1293 1300 1301 1302 1303
          1304 1273 1293 1305 1306 1173
          1281 1271 1307 1117 1266 1308
          1309 1294 1310 1311 1271 1312
          1273 1308 1313 1314 1315 1312
          1312 1305 1316 1317 1305 1255
          1308 1311 1318 1319 1294 1283
          1258 1320 1255 1253 1311 1136
          1241 1321 1275 1301 1322 1323
          1324 1325 1253 1298 1298 1325
          1326 1327 1173 1263 1136 1231
          1117 1106 1325 1328 1329 1328
          1328 1330 1331 1332 1333 1330
          1334 1335 1263 1314 1106 1336
          1337 1280 1231 1320 1330 1260
          1260 1338 1339 1338 1340 1341
          1342 1343 1314 1344 1345 1346
          1320 1346 1347 1121 1348 1285
          1349 1350 1338 1335 1335 1317
          1317 1351 1352 1351 1346 1187
          1353 1354 1355 1356 1270 1321
          1121 1357 1321 1358 1359 1360
          1301 1361 1285 1292 1098 1249
          1362 1363 1364 1365 1351 1357
          1366 1367 1368 1369 1357 1370
          1187 1370 1370 1358 1371 1372
          1358 1369 1373 1374 1369 1361
          1375 1376 1377 1323 1378 1379
          1380 1381 1382 1383 1361 1367
          1323 1332 1384 1374 1249 1360
          1374 1385 1367 1303 1303 1385
          1386 1387 1388 1389 1385 1389
          1390 1391 1389 1319 1392 1393
          1283 1394 1319 1393 1395 1356
          1393 1394 1396 1397 1398 1399
          1394 1400 1401 1400 1402 1403
          1360 1404 1400 1399 1405 1406
          1292 1407 1408 1391 1409 1397
          1356 1268 1280 1410 1411 1376
          1412 1413 1399 1413 1413 1410
          1410 1414 1290 1365 1415 1416
          1332 1363 1268 1350 1391 1414
          1417 1336 1418 1419 1420 1387
          1421 1422 1376 1423 1336 1344
          1424 1354 1425 1426 1354 1427
          1428 1429 1430 1240 1431 1432
          1387 1433 1365 1128 1414 1427
          1350 1381 1434 1435 1344 1379
          1436 1437 1128 1423 1438 1439
          1440 1441 1381 1442 1427 1416
          1443 1238 1416 1404 1404 1383
          1423 1444 1445 1441 1383 1437
          1238 1446 1240 1341 1447 1448
          1437 1422 1449 1407 1450 1451
          1452 1453 1422 1435 1435 1372
          1397 1454 1455 1456 1372 1444
          1363 1457 1379 1446 1458 1457
          1457 1442 1446 1459 1407 1460
          1444 1460 1460 1426 1461 1462
          1426 1463 1464 1465 1341 1456
          1442 1406 1466 1467 1468 1465
          1469 1470 1471 1462 1456 1472
          1465 1459 1406 1473 1474 1432
          1459 1327 1475 1343 1476 1477
          1478 1470 1470 1453 1479 1480
          1481 1463 1463 1482 1483 1484
          1453 1480 1485 1482 1480 1486
          1327 1467 1467 1487 1488 1451
          1451 1477 1482 1439 1441 1489
          1439 1419 1490 1491 1492 1448
          1419 1472 1343 1493 1462 1494
          1495 1496 1472 1454 1454 1429
          1497 1498 1477 1499 1500 1501
          1448 1502 1429 1494 1503 1489
          1494 1491 1491 1501 1504 1505
          1501 1499 1499 1473 1432 1506
          1473 1484 1484 1506 1507 1508
          1506 1509 1510 1509 1511 1512
          1509 1513 1514 1513 1515 1516
          1517 1518 1519 1520 1521 1522
          1523 1524 1513 1487 1525 1526
          1527 1508 1528 1520 1487 1486
          1486 1496 1496 1522 1489 1529
          1530 1531 1532 1533 1534 1535
          1522 1498 1498 1529 1536 1537
          1529 1433 1538 1539 1433 1539
          1540 1403 1539 1531 1531 1493
          1493 1541 1542 1541 1543 1544
          1541 1526 1545 1546 1403 1547
          1526 1544 1520 1524 1544 1518
          1518 1546 1546 1547 1547 1512
          1548 1549 1512 1537 1550 1502
          1537 1535 1551 1552 1553 1554
          1535 1555 1556 1555 1555 1554
          1554 1552 1552 1549 1557 1558
          1559 1560 1549 1561 1524 1562
          1563 1558 1508 1564 1565 1566
          1567 1561 1568 1569 1561 1566
          1570 1571 1572 1573 1502 1574
          1566 1533 1558 1575 1576 1569
          1577 1578 1533 1516 1579 1560
          1580 1581 1516 1505 1582 1583
          1505 1578 1584 1585 1578 1583
          1583 1586 1569 1586 1586 1574
          1574 1587 1588 1589 1590 1587
          1587 1585 1585 1571 1560 1591
          1592 1593 1594 1593 1571 1562
          1595 1596 1597 1591 1562 1589
          1598 1599 1600 1601 1589 1602
          1603 1604 1605 1602 1606 1601
          1591 1607 1608 1573 1573 1596
          1593 1609 1601 1609 1602 1581
          1581 1610 1609 1607 1607 1611
          1612 1613 1596 1614 1615 1616
          1617 1610 1610 1614 1614 1564
          1564 1613 1618 1619 1613 1616
          1620 1621 1622 1599 1599 1621
          1621 1623 1616 1575 1575 1619
          1619 1611 1611 1604 1624 1625
          1604 1625 1626 1627 1625 1627
          1627 1623 1623 1628 1629 1628
          1628 1630
        </DataArray>
        <DataArray type="Int64" Name="offsets" format="ascii" RangeMin="2" RangeMax="3260">
          2 4 6 8 10 12
          14 16 18 20 22 24
          26 28 30 32 34 36
          38 40 42 44 46 48
          50 52 54 56 58 60
          62 64 66 68 70 72
          74 76 78 80 82 84
          86 88 90 92 94 96
          98 100 102 104 106 108
          110 112 114 116 118 120
          122 124 126 128 130 132
          134 136 138 140 142 144
          146 148 150 152 154 156
          158 160 162 164 166 168
          170 172 174 176 178 180
          182 184 186 188 190 192
          194 196 198 200 202 204
          206 208 210 212 214 216
          218 220 222 224 226 228
          230 232 234 236 238 240
          242 244 246 248 250 252
          254 256 258 260 262 264
          266 268 270 272 274 276
          278 280 282 284 286 288
          290 292 294 296 298 300
          302 304 306 308 310 312
          314 316 318 320 322 324
          326 328 330 332 334 336
          338 340 342 344 346 348
          350 352 354 356 358 360
          362 364 366 368 370 372
          374 376 378 380 382 384
          386 388 390 392 394 396
          398 400 402 404 406 408
          410 412 414 416 418 420
          422 424 426 428 430 432
          434 436 438 440 442 444
          446 448 450 452 454 456
          458 460 462 464 466 468
          470 472 474 476 478 480
          482 484 486 488 490 492
          494 496 498 500 502 504
          506 508 510 512 514 516
          518 520 522 524 526 528
          530 532 534 536 538 540
          542 544 546 548 550 552
          554 556 558 560 562 564
          566 568 570 572 574 576
          578 580 582 584 586 588
          590 592 594 596 598 600
          602 604 606 608 610 612
          614 616 618 620 622 624
          626 628 630 632 634 636
          638 640 642 644 646 648
          650 652 654 656 658 660
          662 664 666 668 670 672
          674 676 678 680 682 684
          686 688 690 692 694 696
          698 700 702 704 706 708
          710 712 714 716 718 720
          722 724 726 728 730 732
          734 736 738 740 742 744
          746 748 750 752 754 756
          758 760 762 764 766 768
          770 772 774 776 778 780
          782 784 786 788 790 792
          794 796 798 800 802 804
          806 808 810 812 814 816
          818 820 822 824 826 828
          830 832 834 836 838 840
          842 844 846 848 850 852
          854 856 858 860 862 864
          866 868 870 872 874 876
          878 880 882 884 886 888
          890 892 894 896 898 900
          902 904 906 908 910 912
          914 916 918 920 922 924
          926 928 930 932 934 936
          938 940 942 944 946 948
          950 952 954 956 958 960
          962 964 966 968 970 972
          974 976 978 980 982 984
          986 988 990 992 994 996
          998 1000 1002 1004 1006 1008
          1010 1012 1014 1016 1018 1020
          1022 1024 1026 1028 1030 1032
          1034 1036 1038 1040 1042 1044
          1046 1048 1050 1052 1054 1056
          1058 1060 1062 1064 1066 1068
          1070 1072 1074 1076 1078 1080
          1082 1084 1086 1088 1090 1092
          1094 1096 1098 1100 1102 1104
          1106 1108 1110 1112 1114 1116
          1118 1120 1122 1124 1126 1128
          1130 1132 1134 1136 1138 1140
          1142 1144 1146 1148 1150 1152
          1154 1156 1158 1160 1162 1164
          1166 1168 1170 1172 1174 1176
          1178 1180 1182 1184 1186 1188
          1190 1192 1194 1196 1198 1200
          1202 1204 1206 1208 1210 1212
          1214 1216 1218 1220 1222 1224
          1226 1228 1230 1232 1234 1236
          1238 1240 1242 1244 1246 1248
          1250 1252 1254 1256 1258 1260
          1262 1264 1266 1268 1270 1272
          1274 1276 1278 1280 1282 1284
          1286 1288 1290 1292 1294 1296
          1298 1300 1302 1304 1306 1308
          1310 1312 1314 1316 1318 1320
          1322 1324 1326 1328 1330 1332
          1334 1336 1338 1340 1342 1344
          1346 1348 1350 1352 1354 1356
          1358 1360 1362 1364 1366 1368
          1370 1372 1374 1376 1378 1380
          1382 1384 1386 1388 1390 1392
          1394 1396 1398 1400 1402 1404
          1406 1408 1410 1412 1414 1416
          1418 1420 1422 1424 1426 1428
          1430 1432 1434 1436 1438 1440
          1442 1444 1446 1448 1450 1452
          1454 1456 1458 1460 1462 1464
          1466 1468 1470 1472 1474 1476
          1478 1480 1482 1484 1486 1488
          1490 1492 1494 1496 1498 1500
          1502 1504 1506 1508 1510 1512
          1514 1516 1518 1520 1522 1524
          1526 1528 1530 1532 1534 1536
          1538 1540 1542 1544 1546 1548
          1550 1552 1554 1556 1558 1560
          1562 1564 1566 1568 1570 1572
          1574 1576 1578 1580 1582 1584
          1586 1588 1590 1592 1594 1596
          1598 1600 1602 1604 1606 1608
          1610 1612 1614 1616 1618 1620
          1622 1624 1626 1628 1630 1632
          1634 1636 1638 1640 1642 1644
          1646 1648 1650 1652 1654 1656
          1658 1660 1662 1664 1666 1668
          1670 1672 1674 1676 1678 1680
          1682 1684 1686 1688 1690 1692
          1694 1696 1698 1700 1702 1704
          1706 1708 1710 1712 1714 1716
          1718 1720 1722 1724 1726 1728
          1730 1732 1734 1736 1738 1740
          1742 1744 1746 1748 1750 1752
          1754 1756 1758 1760 1762 1764
          1766 1768 1770 1772 1774 1776
          1778 1780 1782 1784 1786 1788
          1790 1792 1794 1796 1798 1800
          1802 1804 1806 1808 1810 1812
          1814 1816 1818 1820 1822 1824
          1826 1828 1830 1832 1834 1836
          1838 1840 1842 1844 1846 1848
          1850 1852 1854 1856 1858 1860
          1862 1864 1866 1868 1870 1872
          1874 1876 1878 1880 1882 1884
          1886 1888 1890 1892 1894 1896
          1898 1900 1902 1904 1906 1908
          1910 1912 1914 1916 1918 1920
          1922 1924 1926 1928 1930 1932
          1934 1936 1938 1940 1942 1944
          1946 1948 1950 1952 1954 1956
          1958 1960 1962 1964 1966 1968
          1970 1972 1974 1976 1978 1980
          1982 1984 1986 1988 1990 1992
          1994 1996 1998 2000 2002 2004
          2006 2008 2010 2012 2014 2016
          2018 2020 2022 2024 2026 2028
          2030 2032 2034 2036 2038 2040
          2042 2044 2046 2048 2050 2052
          2054 2056 2058 2060 2062 2064
          2066 2068 2070 2072 2074 2076
          2078 2080 2082 2084 2086 2088
          2090 2092 2094 2096 2098 2100
          2102 2104 2106 2108 2110 2112
          2114 2116 2118 2120 2122 2124
          2126 2128 2130 2132 2134 2136
          2138 2140 2142 2144 2146 2148
          2150 2152 2154 2156 2158 2160
          2162 2164 2166 2168 2170 2172
          2174 2176 2178 2180 2182 2184
          2186 2188 2190 2192 2194 2196
          2198 2200 2202 2204 2206 2208
          2210 2212 2214 2216 2218 2220
          2222 2224 2226 2228 2230 2232
          2234 2236 2238 2240 2242 2244
          2246 2248 2250 2252 2254 2256
          2258 2260 2262 2264 2266 2268
          2270 2272 2274 2276 2278 2280
          2282 2284 2286 2288 2290 2292
          2294 2296 2298 2300 2302 2304
          2306 2308 2310 2312 2314 2316
          2318 2320 2322 2324 2326 2328
          2330 2332 2334 2336 2338 2340
          2342 2344 2346 2348 2350 2352
          2354 2356 2358 2360 2362 2364
          2366 2368 2370 2372 2374 2376
          2378 2380 2382 2384 2386 2388
          2390 2392 2394 2396 2398 2400
          2402 2404 2406 2408 2410 2412
          2414 2416 2418 2420 2422 2424
          2426 2428 2430 2432 2434 2436
          2438 2440 2442 2444 2446 2448
          2450 2452 2454 2456 2458 2460
          2462 2464 2466 2468 2470 2472
          2474 2476 2478 2480 2482 2484
          2486 2488 2490 2492 2494 2496
          2498 2500 2502 2504 2506 2508
          2510 2512 2514 2516 2518 2520
          2522 2524 2526 2528 2530 2532
          2534 2536 2538 2540 2542 2544
          2546 2548 2550 2552 2554 2556
          2558 2560 2562 2564 2566 2568
          2570 2572 2574 2576 2578 2580
          2582 2584 2586 2588 2590 2592
          2594 2596 2598 2600 2602 2604
          2606 2608 2610 2612 2614 2616
          2618 2620 2622 2624 2626 2628
          2630 2632 2634 2636 2638 2640
          2642 2644 2646 2648 2650 2652
          2654 2656 2658 2660 2662 2664
          2666 2668 2670 2672 2674 2676
          2678 2680 2682 2684 2686 2688
          2690 2692 2694 2696 2698 2700
          2702 2704 2706 2708 2710 2712
          2714 2716 2718 2720 2722 2724
          2726 2728 2730 2732 2734 2736
          2738 2740 2742 2744 2746 2748
          2750 2752 2754 2756 2758 2760
          2762 2764 2766 2768 2770 2772
          2774 2776 2778 2780 2782 2784
          2786 2788 2790 2792 2794 2796
          2798 2800 2802 2804 2806 2808
          2810 2812 2814 2816 2818 2820
          2822 2824 2826 2828 2830 2832
          2834 2836 2838 2840 2842 2844
          2846 2848 2850 2852 2854 2856
          2858 2860 2862 2864 2866 2868
          2870 2872 2874 2876 2878 2880
          2882 2884 2886 2888 2890 2892
          2894 2896 2898 2900 2902 2904
          2906 2908 2910 2912 2914 2916
          2918 2920 2922 2924 2926 2928
          2930 2932 2934 2936 2938 2940
          2942 2944 2946 2948 2950 2952
          2954 2956 2958 2960 2962 2964
          2966 2968 2970 2972 2974 2976
          2978 2980 2982 2984 2986 2988
          2990 2992 2994 2996 2998 3000
          3002 3004 3006 3008 3010 3012
          3014 3016 3018 3020 3022 3024
          3026 3028 3030 3032 3034 3036
          3038 3040 3042 3044 3046 3048
          3050 3052 3054 3056 3058 3060
          3062 3064 3066 3068 3070 3072
          3074 3076 3078 3080 3082 3084
          3086 3088 3090 3092 3094 3096
          3098 3100 3102 3104 3106 3108
          3110 3112 3114 3116 3118 3120
          3122 3124 3126 3128 3130 3132
          3134 3136 3138 3140 3142 3144
          3146 3148 3150 3152 3154 3156
          3158 3160 3162 3164 3166 3168
          3170 3172 3174 3176 3178 3180
          3182 3184 3186 3188 3190 3192
          3194 3196 3198 3200 3202 3204
          3206 3208 3210 3212 3214 3216
          3218 3220 3222 3224 3226 3228
          3230 3232 3234 3236 3238 3240
          3242 3244 3246 3248 3250 3252
          3254 3256 3258 3260
        </DataArray>
        <DataArray type="UInt8" Name="types" format="ascii" RangeMin="3" RangeMax="3">
          3 3 3 3 3 3
          3 3 3 3 3 3
          3 3 3 3 3 3
          3 3 3 3 3 3
          3 3 3 3 3 3
          3 3 3 3 3 3
          3 3 3 3 3 3
          3 3 3 3 3 3
          3 3 3 3 3 3
          3 3 3 3 3 3
          3 3 3 3 3 3
          3 3 3 3 3 3
          3 3 3 3 3 3
          3 3 3 3 3 3
          3 3 3 3 3 3
          3 3 3 3 3 3
          3 3 3 3 3 3
          3 3 3 3 3 3
          3 3 3 3 3 3
          3 3 3 3 3 3
          3 3 3 3 3 3
          3 3 3 3 3 3
          3 3 3 3 3 3
          3 3 3 3 3 3
          3 3 3 3 3 3
          3 3 3 3 3 3
          3 3 3 3 3 3
          3 3 3 3 3 3
          3 3 3 3 3 3
          3 3 3 3 3 3
          3 3 3 3 3 3
          3 3 3 3 3 3
          3 3 3 3 3 3
          3 3 3 3 3 3
          3 3 3 3 3 3
          3 3 3 3 3 3
          3 3 3 3 3 3
          3 3 3 3 3 3
          3 3 3 3 3 3
          3 3 3 3 3 3
          3 3 3 3 3 3
          3 3 3 3 3 3
          3 3 3 3 3 3
          3 3 3 3 3 3
          3 3 3 3 3 3
          3 3 3 3 3 3
          3 3 3 3 3 3
          3 3 3 3 3 3
          3 3 3 3 3 3
          3 3 3 3 3 3
          3 3 3 3 3 3
          3 3 3 3 3 3
          3 3 3 3 3 3
          3 3 3 3 3 3
          3 3 3 3 3 3
          3 3 3 3 3 3
          3 3 3 3 3 3
          3 3 3 3 3 3
          3 3 3 3 3 3
          3 3 3 3 3 3
          3 3 3 3 3 3
          3 3 3 3 3 3
          3 3 3 3 3 3
          3 3 3 3 3 3
          3 3 3 3 3 3
          3 3 3 3 3 3
          3 3 3 3 3 3
          3 3 3 3 3 3
          3 3 3 3 3 3
          3 3 3 3 3 3
          3 3 3 3 3 3
          3 3 3 3 3 3
          3 3 3 3 3 3
          3 3 3 3 3 3
          3 3 3 3 3 3
          3 3 3 3 3 3
          3 3 3 3 3 3
          3 3 3 3 3 3
          3 3 3 3 3 3
          3 3 3 3 3 3
          3 3 3 3 3 3
          3 3 3 3 3 3
          3 3 3 3 3 3
          3 3 3 3 3 3
          3 3 3 3 3 3
          3 3 3 3 3 3
          3 3 3 3 3 3
          3 3 3 3 3 3
          3 3 3 3 3 3
          3 3 3 3 3 3
          3 3 3 3 3 3
          3 3 3 3 3 3
          3 3 3 3 3 3
          3 3 3 3 3 3
          3 3 3 3 3 3
          3 3 3 3 3 3
          3 3 3 3 3 3
          3 3 3 3 3 3
          3 3 3 3 3 3
          3 3 3 3 3 3
          3 3 3 3 3 3
          3 3 3 3 3 3
          3 3 3 3 3 3
          3 3 3 3 3 3
          3 3 3 3 3 3
          3 3 3 3 3 3
          3 3 3 3 3 3
          3 3 3 3 3 3
          3 3 3 3 3 3
          3 3 3 3 3 3
          3 3 3 3 3 3
          3 3 3 3 3 3
          3 3 3 3 3 3
          3 3 3 3 3 3
          3 3 3 3 3 3
          3 3 3 3 3 3
          3 3 3 3 3 3
          3 3 3 3 3 3
          3 3 3 3 3 3
          3 3 3 3 3 3
          3 3 3 3 3 3
          3 3 3 3 3 3
          3 3 3 3 3 3
          3 3 3 3 3 3
          3 3 3 3 3 3
          3 3 3 3 3 3
          3 3 3 3 3 3
          3 3 3 3 3 3
          3 3 3 3 3 3
          3 3 3 3 3 3
          3 3 3 3 3 3
          3 3 3 3 3 3
          3 3 3 3 3 3
          3 3 3 3 3 3
          3 3 3 3 3 3
          3 3 3 3 3 3
          3 3 3 3 3 3
          3 3 3 3 3 3
          3 3 3 3 3 3
          3 3 3 3 3 3
          3 3 3 3 3 3
          3 3 3 3 3 3
          3 3 3 3 3 3
          3 3 3 3 3 3
          3 3 3 3 3 3
          3 3 3 3 3 3
          3 3 3 3 3 3
          3 3 3 3 3 3
          3 3 3 3 3 3
          3 3 3 3 3 3
          3 3 3 3 3 3
          3 3 3 3 3 3
          3 3 3 3 3 3
          3 3 3 3 3 3
          3 3 3 3 3 3
          3 3 3 3 3 3
          3 3 3 3 3 3
          3 3 3 3 3 3
          3 3 3 3 3 3
          3 3 3 3 3 3
          3 3 3 3 3 3
          3 3 3 3 3 3
          3 3 3 3 3 3
          3 3 3 3 3 3
          3 3 3 3 3 3
          3 3 3 3 3 3
          3 3 3 3 3 3
          3 3 3 3 3 3
          3 3 3 3 3 3
          3 3 3 3 3 3
          3 3 3 3 3 3
          3 3 3 3 3 3
          3 3 3 3 3 3
          3 3 3 3 3 3
          3 3 3 3 3 3
          3 3 3 3 3 3
          3 3 3 3 3 3
          3 3 3 3 3 3
          3 3 3 3 3 3
          3 3 3 3 3 3
          3 3 3 3 3 3
          3 3 3 3 3 3
          3 3 3 3 3 3
          3 3 3 3 3 3
          3 3 3 3 3 3
          3 3 3 3 3 3
          3 3 3 3 3 3
          3 3 3 3 3 3
          3 3 3 3 3 3
          3 3 3 3 3 3
          3 3 3 3 3 3
          3 3 3 3 3 3
          3 3 3 3 3 3
          3 3 3 3 3 3
          3 3 3 3 3 3
          3 3 3 3 3 3
          3 3 3 3 3 3
          3 3 3 3 3 3
          3 3 3 3 3 3
          3 3 3 3 3 3
          3 3 3 3 3 3
          3 3 3 3 3 3
          3 3 3 3 3 3
          3 3 3 3 3 3
          3 3 3 3 3 3
          3 3 3 3 3 3
          3 3 3 3 3 3
          3 3 3 3 3 3
          3 3 3 3 3 3
          3 3 3 3 3 3
          3 3 3 3 3 3
          3 3 3 3 3 3
          3 3 3 3 3 3
          3 3 3 3 3 3
          3 3 3 3 3 3
          3 3 3 3 3 3
          3 3 3 3 3 3
          3 3 3 3 3 3
          3 3 3 3 3 3
          3 3 3 3 3 3
          3 3 3 3 3 3
          3 3 3 3 3 3
          3 3 3 3 3 3
          3 3 3 3 3 3
          3 3 3 3 3 3
          3 3 3 3 3 3
          3 3 3 3 3 3
          3 3 3 3 3 3
          3 3 3 3 3 3
          3 3 3 3 3 3
          3 3 3 3 3 3
          3 3 3 3 3 3
          3 3 3 3 3 3
          3 3 3 3 3 3
          3 3 3 3 3 3
          3 3 3 3 3 3
          3 3 3 3 3 3
          3 3 3 3 3 3
          3 3 3 3 3 3
          3 3 3 3 3 3
          3 3 3 3 3 3
          3 3 3 3 3 3
          3 3 3 3 3 3
          3 3 3 3 3 3
          3 3 3 3 3 3
          3 3 3 3 3 3
          3 3 3 3 3 3
          3 3 3 3 3 3
          3 3 3 3 3 3
          3 3 3 3 3 3
          3 3 3 3 3 3
          3 3 3 3 3 3
          3 3 3 3 3 3
          3 3 3 3 3 3
          3 3 3 3 3 3
          3 3 3 3 3 3
          3 3 3 3 3 3
          3 3 3 3 3 3
          3 3 3 3 3 3
          3 3 3 3 3 3
          3 3 3 3 3 3
          3 3 3 3 3 3
          3 3 3 3 3 3
          3 3 3 3 3 3
          3 3 3 3 3 3
          3 3 3 3 3 3
          3 3 3 3 3 3
          3 3 3 3 3 3
          3 3 3 3 3 3
          3 3 3 3 3 3
          3 3 3 3 3 3
          3 3 3 3
        </DataArray>
      </Cells>
    </Piece>
  </UnstructuredGrid>
</VTKFile>
