source,target,source_scalar,target_scalar
14892,14891,0.184266074421598,0.1347617112322005
14892,14893,0.184266074421598,0.09370201052144099
11524,11364,0.24752379739647545,0.1252208739570339
11524,11525,0.24752379739647545,0.2156683156473433
11526,11686,0.3266665580834657,0.27686601500328345
11526,11524,0.3266665580834657,0.24752379739647545
15556,15716,0.3930067958813844,0.1671889628083316
15556,15557,0.3930067958813844,0.2883212696987237
10881,10720,0.4405119123674836,0.07281643896424782
10881,10882,0.4405119123674836,0.12428234806994362
15728,15888,0.4456815283833476,0.3943593650603397
15728,15727,0.4456815283833476,0.395464139506462
15728,15570,0.4456815283833476,0.09456390514875336
7688,7529,0.4499316391510586,0.3446869750465552
7688,7848,0.4499316391510586,0.19845490278604178
14435,14595,0.45555087845494563,0.3886844464145981
14435,14436,0.45555087845494563,0.36221074521515806
14734,14574,0.4765068874000665,0.425891280530424
14734,14892,0.4765068874000665,0.184266074421598
14573,14413,0.5043709062842782,0.39753291295371446
14573,14734,0.5043709062842782,0.4765068874000665
11043,11526,0.5074050658891391,0.3266665580834657
11043,10881,0.5074050658891391,0.4405119123674836
11687,11043,0.5224888443677679,0.5074050658891391
11687,11848,0.5224888443677679,0.4314963843921111
7524,7684,0.5552794472637408,0.5399336546296354
7524,7522,0.5552794472637408,0.07915840797475608
14092,13771,0.5691663706256677,0.42328056144497056
14092,14573,0.5691663706256677,0.5043709062842782
8168,7688,0.5952335490816366,0.4499316391510586
8168,8328,0.5952335490816366,0.45574310446900246
17821,17661,0.6146659582636137,0.2164545513869292
17821,17981,0.6146659582636137,0.2836448083745813
13770,13610,0.6242318971536056,0.4869230306757537
13770,14092,0.6242318971536056,0.5691663706256677
8807,8646,0.6285413228264852,0.34277879191113786
8807,8809,0.6285413228264852,0.19548759603442942
13349,13189,0.6368978802448004,0.38979329791542655
13349,13669,0.6368978802448004,0.4096358136179734
9983,9823,0.6413230956411025,0.5621520623740333
9983,10143,0.6413230956411025,0.5522577153211965
12008,11687,0.6478648140605652,0.5224888443677679
12008,12009,0.6478648140605652,0.6380053931827164
8329,8807,0.6636781463385094,0.6285413228264852
8329,8168,0.6636781463385094,0.5952335490816366
13824,13664,0.6666454008216837,0.39928456578048416
13824,13825,0.6666454008216837,0.2742309945815259
16991,16990,0.6887458373506289,0.2265751609768996
16991,17153,0.6887458373506289,0.37254440227651053
11523,12008,0.6926613901039553,0.6478648140605652
11523,11522,0.6926613901039553,0.5766707944650826
18276,18436,0.7024846682084642,0.6945211601110513
18276,18277,0.7024846682084642,0.6244895465025568
12015,11855,0.7092015543390732,0.6205576692665495
12015,12014,0.7092015543390732,0.5550707783484158
14570,13770,0.7106771591991334,0.6242318971536056
14570,14569,0.7106771591991334,0.5820338667547943
17151,16991,0.7113029841427426,0.6887458373506289
17151,17312,0.7113029841427426,0.5008712482790368
13762,13602,0.7253933344578111,0.6334629416900344
13762,13922,0.7253933344578111,0.7210045468425719
15080,15239,0.7397093349658924,0.25816123782254025
15080,15081,0.7397093349658924,0.47556850793451944
15387,15227,0.746863642311958,0.6766193865793327
15387,15547,0.746863642311958,0.685789059485815
15387,15386,0.746863642311958,0.5974342188242774
11683,11523,0.7489763082587041,0.6926613901039553
11683,11843,0.7489763082587041,0.7163039290732035
15398,15080,0.7498539898777765,0.7397093349658924
15398,15556,0.7498539898777765,0.3930067958813844
13601,13762,0.7545189599644866,0.7253933344578111
13601,13600,0.7545189599644866,0.6189788134869687
14755,14435,0.7802425022090226,0.45555087845494563
14755,14915,0.7802425022090226,0.6251866187589874
15075,14755,0.7983086589335305,0.7802425022090226
15075,15235,0.7983086589335305,0.5649583254275354
7370,8329,0.8077769066748381,0.6636781463385094
7370,7371,0.8077769066748381,0.3825008155619859
11201,11683,0.8299278890508051,0.7489763082587041
11201,11361,0.8299278890508051,0.8064820503229644
14082,13601,0.8305488264512392,0.7545189599644866
14082,14081,0.8305488264512392,0.7410072091080188
14082,14083,0.8305488264512392,0.7810414390741063
15395,15075,0.8447433625337991,0.7983086589335305
15395,15398,0.8447433625337991,0.7498539898777765
13826,13824,0.863440535403487,0.6666454008216837
13826,13827,0.863440535403487,0.845496794308941
7845,8325,0.8707290312960091,0.7120722453666023
7845,7524,0.8707290312960091,0.5552794472637408
17488,17328,0.8761028519968952,0.8681699579705594
17488,17487,0.8761028519968952,0.8161058293223437
11360,11520,0.8926043811307606,0.5333754613872901
11360,11201,0.8926043811307606,0.8299278890508051
15548,15387,0.892992692799091,0.746863642311958
15548,15708,0.892992692799091,0.8500453318319131
14249,14570,0.8948769891007208,0.7106771591991334
14249,14248,0.8948769891007208,0.8065904944665477
7366,7206,0.9257999966355644,0.9088424645331773
7366,7845,0.9257999966355644,0.8707290312960091
7366,7370,0.9257999966355644,0.8077769066748381
14601,14600,0.9300747765587342,0.8886165894095247
14601,14602,0.9300747765587342,0.7745601353162648
6726,6566,0.931653815022741,0.751202609255035
6726,6727,0.931653815022741,0.5578790614952779
13668,13826,0.9385612630730774,0.863440535403487
13668,13349,0.9385612630730774,0.6368978802448004
18141,17821,0.9442725591266754,0.6146659582636137
18141,18144,0.9442725591266754,0.23713131614046037
12004,11360,0.9572692848654377,0.8926043811307606
12004,12164,0.9572692848654377,0.9303158701817433
20500,20341,0.9793547981394192,0.9302731181783668
20500,20660,0.9793547981394192,0.9035960665111116
6729,6889,0.9910726668037975,0.7864332910310934
6729,6726,0.9910726668037975,0.931653815022741
6082,5922,0.9958377919153258,0.40821049162666767
6082,6081,0.9958377919153258,0.2355316460798084
17828,18148,0.9965631479328965,0.39210202333798927
17828,17827,0.9965631479328965,0.6324409695534599
17342,17022,1.0036648875955811,0.8200250749942293
17342,18141,1.0036648875955811,0.9442725591266754
17342,17343,1.0036648875955811,0.6731525057992077
16047,15728,1.0413864538867064,0.4456815283833476
16047,16046,1.0413864538867064,0.8775172993141835
13440,13120,1.0430487195692832,0.9324694102733125
13440,14082,1.0430487195692832,0.8305488264512392
236,76,1.0502778355318998,0.8808977077911715
236,395,1.0502778355318998,1.0273163105366558
12648,12004,1.0582451982191061,0.9572692848654377
12648,12647,1.0582451982191061,0.9361269235893808
13449,14249,1.0583544915847405,0.8948769891007208
13449,13448,1.0583544915847405,0.9734198604338512
14721,14720,1.0732783052658728,0.836155709679854
14721,14722,1.0732783052658728,1.021112964565373
13473,13313,1.073652779955979,1.0512211982555142
13473,13472,1.073652779955979,0.8599028657526694
16196,15395,1.0872977456184991,0.8447433625337991
16196,16197,1.0872977456184991,1.0632039583383597
17503,17342,1.1018013700901548,1.0036648875955811
17503,17504,1.1018013700901548,1.0754177217683636
12172,12648,1.1169956030030936,1.0582451982191061
12172,12015,1.1169956030030936,0.7092015543390732
555,236,1.1343254167537238,1.0502778355318998
555,554,1.1343254167537238,1.1278679283310442
12969,13129,1.1397932345164365,1.0497789923434577
12969,12968,1.1397932345164365,1.1356520599323445
13312,13473,1.1415143854238323,1.073652779955979
13312,13311,1.1415143854238323,1.006748276558381
14603,14763,1.1439625868559922,1.121144984310039
14603,14601,1.1439625868559922,0.9300747765587342
12808,12172,1.1456410296574382,1.1169956030030936
12808,12969,1.1456410296574382,1.1397932345164365
12487,12808,1.1578060017228717,1.1456410296574382
12487,12486,1.1578060017228717,0.9963207858180876
17170,17488,1.1607567825452247,0.8761028519968952
17170,17171,1.1607567825452247,0.9929468600800606
8982,8662,1.165209717851459,0.03015645044556173
8982,9142,1.165209717851459,1.0962174525931583
14401,13440,1.1870432139313591,1.0430487195692832
14401,14721,1.1870432139313591,1.0732783052658728
16357,16196,1.1881047050095772,1.0872977456184991
16357,16518,1.1881047050095772,1.0529030234304644
972,813,1.201918230215144,0.7474762765056977
972,971,1.201918230215144,0.5947390780596885
20497,20337,1.2160845727527336,1.13975577131648
20497,20500,1.2160845727527336,0.9793547981394192
13184,13024,1.2259015205618833,1.1607575672220443
13184,13668,1.2259015205618833,0.9385612630730774
13289,12487,1.2392260324975033,1.1578060017228717
13289,13449,1.2392260324975033,1.0583544915847405
20823,20497,1.2405293012673995,1.2160845727527336
20823,20824,1.2405293012673995,1.0262158458945512
713,555,1.2488314113430292,1.1343254167537238
713,872,1.2488314113430292,1.178803671288124
6405,6729,1.249976215961566,0.9910726668037975
6405,6404,1.249976215961566,0.15774304474516807
20177,20823,1.2532909831790018,1.2405293012673995
20177,20176,1.2532909831790018,1.113717419566398
14598,16357,1.2562888500358285,1.1881047050095772
14598,14603,1.2562888500358285,1.1439625868559922
79,713,1.2609224444514804,1.2488314113430292
79,80,1.2609224444514804,1.246137887555027
227,67,1.2671743807368203,1.1152904834931008
227,226,1.2671743807368203,1.2665463732211113
73,79,1.270186202286568,1.2609224444514804
73,72,1.270186202286568,1.2200200677145605
66,227,1.2791987168461874,1.2671743807368203
66,65,1.2791987168461874,1.2710728260343171
16519,16679,1.2867530048818578,1.2561508091727833
16519,14598,1.2867530048818578,1.2562888500358285
18146,17503,1.2935123963195014,1.1018013700901548
18146,17828,1.2935123963195014,0.9965631479328965
17323,17483,1.3036544404165518,1.2356498525668285
17323,17322,1.3036544404165518,1.2229164774880161
71,70,1.3134274549230258,1.2991181742036872
71,73,1.3134274549230258,1.270186202286568
16198,16519,1.3162339559433598,1.2867530048818578
16198,16199,1.3162339559433598,1.2333681048788432
17643,17323,1.316321606848555,1.3036544404165518
17643,17642,1.316321606848555,1.2943914208065317
6083,6082,1.318169785011571,0.9958377919153258
6083,6405,1.318169785011571,1.249976215961566
14882,14401,1.3353986705767635,1.1870432139313591
14882,15042,1.3353986705767635,1.1663462588098399
14882,14883,1.3353986705767635,1.2484015805662398
13151,12990,1.3369033797484542,1.0853967558882156
13151,13312,1.3369033797484542,1.1415143854238323
12967,13289,1.3389680837329663,1.2392260324975033
12967,13127,1.3389680837329663,1.2295076813907821
7048,6083,1.346456406497671,1.318169785011571
7048,7366,1.346456406497671,0.9257999966355644
14085,14882,1.3501952117226845,1.3353986705767635
14085,12967,1.3501952117226845,1.3389680837329663
386,66,1.3684045318363547,1.2791987168461874
386,385,1.3684045318363547,1.3580117676570056
19210,19370,1.3717043296851663,1.3498400514470414
19210,19211,1.3717043296851663,1.3702383782123362
16227,16387,1.37208939818363,1.124285102165274
16227,16226,1.37208939818363,1.1947298719945492
19855,20177,1.3814010780713863,1.2532909831790018
19855,19854,1.3814010780713863,1.2645313651895231
17802,17643,1.3840649230279058,1.316321606848555
17802,17801,1.3840649230279058,1.272543258431032
17021,16861,1.3859132635773506,1.3118904936272195
17021,18146,1.3859132635773506,1.2935123963195014
14587,14747,1.4012358271657346,1.0909061162914546
14587,14586,1.4012358271657346,1.3469386986844036
14746,14587,1.4288887277093516,1.4012358271657346
14746,15548,1.4288887277093516,0.892992692799091
17644,17802,1.439079893309707,1.3840649230279058
17644,17170,1.439079893309707,1.1607567825452247
69,386,1.4434101746494143,1.3684045318363547
69,71,1.4434101746494143,1.3134274549230258
444,284,1.4444497391732978,1.3495850463025736
444,445,1.4444497391732978,1.3589302892151902
1131,972,1.4490807417032852,1.201918230215144
1131,1130,1.4490807417032852,1.2876921465544782
16983,16662,1.4532012278766553,1.2349165429036715
16983,16984,1.4532012278766553,1.2554268219777938
7211,7048,1.4535905354066794,1.346456406497671
7211,7212,1.4535905354066794,0.7515316823166627
449,289,1.4591880834913864,1.2651755269010783
449,450,1.4591880834913864,1.417170867585434
290,130,1.461693857243212,1.3136127788997842
290,449,1.461693857243212,1.4591880834913864
290,291,1.461693857243212,1.443594405834946
607,447,1.4753973955729052,1.4114919500770229
607,767,1.4753973955729052,1.4643690505725353
607,608,1.4753973955729052,1.3982514701543214
287,127,1.4757356955010863,1.327246046932528
287,607,1.4757356955010863,1.4753973955729052
287,286,1.4757356955010863,1.3712132264395362
287,290,1.4757356955010863,1.461693857243212
17797,18276,1.4765708961144193,0.7024846682084642
17797,17798,1.4765708961144193,1.4480685448370463
12001,14085,1.4769938631575275,1.3501952117226845
12001,12161,1.4769938631575275,1.4388309019347785
285,125,1.48263088282621,1.3937423403438238
285,444,1.48263088282621,1.4444497391732978
285,287,1.48263088282621,1.4757356955010863
15084,16047,1.5066654270850393,1.0413864538867064
15084,16198,1.5066654270850393,1.3162339559433598
612,772,1.5150458554201296,1.4132987446014058
612,613,1.5150458554201296,1.4679268020870353
611,285,1.519800113925335,1.48263088282621
611,612,1.519800113925335,1.5150458554201296
19051,19210,1.5220677375543727,1.3717043296851663
19051,19052,1.5220677375543727,1.49702568935056
604,611,1.5347532938883512,1.519800113925335
604,603,1.5347532938883512,1.5339468673400274
16821,16983,1.5497699175350115,1.4532012278766553
16821,16981,1.5497699175350115,1.3674659579985085
131,604,1.5722519290363084,1.5347532938883512
131,132,1.5722519290363084,1.5395588508310794
13005,12845,1.575527215346525,1.111957840594105
13005,13166,1.575527215346525,1.2321764012239962
933,131,1.5929930764264901,1.5722519290363084
933,934,1.5929930764264901,1.5611210127442148
770,933,1.5960136314150077,1.5929930764264901
770,930,1.5960136314150077,1.5450804599821248
12162,12001,1.5986864220879233,1.4769938631575275
12162,12322,1.5986864220879233,1.5939661486015675
17000,15084,1.6058586552132443,1.5066654270850393
17000,17644,1.6058586552132443,1.439079893309707
1380,1540,1.610321543867766,1.5953746455909095
1380,1379,1.610321543867766,1.5896853865207403
949,1109,1.6154376603625409,1.5477925375872272
949,950,1.6154376603625409,1.5392354975548657
63,69,1.6188477348695154,1.4434101746494143
63,62,1.6188477348695154,1.6025145475477423
292,770,1.621541640910732,1.5960136314150077
292,294,1.621541640910732,1.4449422376957293
931,292,1.6283535215879557,1.621541640910732
931,1091,1.6283535215879557,1.60829265342133
469,309,1.6328591494663385,1.4906100402732758
469,470,1.6328591494663385,1.6121748880161566
13007,13005,1.633752017509289,1.575527215346525
13007,13009,1.633752017509289,1.033310754822704
12160,12320,1.6475782636897371,1.4699320130945102
12160,12162,1.6475782636897371,1.5986864220879233
17143,16821,1.6556160777751623,1.5497699175350115
17143,17142,1.6556160777751623,1.5189374339180233
629,469,1.6583908856627498,1.6328591494663385
629,628,1.6583908856627498,1.6486899550298242
310,150,1.6591522868911575,1.5757341991387985
310,629,1.6591522868911575,1.6583908856627498
310,311,1.6591522868911575,1.60052817862196
790,310,1.6594516776879145,1.6591522868911575
790,949,1.6594516776879145,1.6154376603625409
18308,17021,1.6602587536178162,1.3859132635773506
18308,18309,1.6602587536178162,1.3927015733287422
17800,17797,1.6809508171804035,1.4765708961144193
17800,17000,1.6809508171804035,1.6058586552132443
295,135,1.6873056759093654,1.5709008731563678
295,931,1.6873056759093654,1.6283535215879557
295,296,1.6873056759093654,1.648946977253965
1110,790,1.6887396258742788,1.6594516776879145
1110,1270,1.6887396258742788,1.6653362154105424
1110,1111,1.6887396258742788,1.6297593383623188
9136,8976,1.6927186897772912,1.6559748959426057
9136,9296,1.6927186897772912,1.5347055734429984
9136,9137,1.6927186897772912,1.2501396643964195
639,1119,1.6990358763643365,1.5641804204803738
639,638,1.6990358763643365,1.6183404684522402
19532,19051,1.7003749096869745,1.5220677375543727
19532,19855,1.7003749096869745,1.3814010780713863
948,1110,1.7038342897438254,1.6887396258742788
948,787,1.7038342897438254,1.6257854937410265
958,639,1.7123114671642734,1.6990358763643365
958,797,1.7123114671642734,1.6153813352308661
8977,9136,1.715524794698739,1.6927186897772912
8977,8982,1.715524794698739,1.165209717851459
637,477,1.7155950077075548,1.7101362728288756
637,958,1.7155950077075548,1.7123114671642734
637,636,1.7155950077075548,1.7054069147562714
123,295,1.7170384095379814,1.6873056759093654
123,122,1.7170384095379814,1.6301690586552924
791,948,1.7204630128860483,1.7038342897438254
791,792,1.7204630128860483,1.6425644148436493
84,63,1.7208380695363195,1.6188477348695154
84,85,1.7208380695363195,1.6231039544471173
632,472,1.7219124796654084,1.7104023211819501
632,791,1.7219124796654084,1.7204630128860483
632,633,1.7219124796654084,1.6720450654686032
252,92,1.7235974600551978,1.6253850864895167
252,732,1.7235974600551978,1.4896246271418383
252,251,1.7235974600551978,1.6764878505532856
1432,1272,1.724157415649996,1.698001949331128
1432,1592,1.724157415649996,1.6065936454432335
1432,1433,1.724157415649996,1.684808812910147
479,319,1.7298448075532304,1.6972934967098368
479,637,1.7298448075532304,1.7155950077075548
1439,479,1.736577433843963,1.7298448075532304
1439,1438,1.736577433843963,1.7210343308745317
1753,1914,1.7405863089563693,1.619059939077184
1753,1432,1.7405863089563693,1.724157415649996
635,475,1.7425360448774272,1.7043949056098409
635,1439,1.7425360448774272,1.736577433843963
151,632,1.746635253445106,1.7219124796654084
151,152,1.746635253445106,1.662634916347213
1431,151,1.7549046195116798,1.746635253445106
1431,1753,1.7549046195116798,1.7405863089563693
91,252,1.7563366096169266,1.7235974600551978
91,90,1.7563366096169266,1.6312084897447217
474,314,1.7588155297024528,1.60502996233671
474,635,1.7588155297024528,1.7425360448774272
315,155,1.759829505829701,1.7229655193713382
315,474,1.759829505829701,1.7588155297024528
315,316,1.759829505829701,1.6484156378598636
89,249,1.7734766154056136,1.7696407370725837
89,91,1.7734766154056136,1.7563366096169266
17006,16846,1.7768364966367927,1.7603095199394303
17006,17800,1.7768364966367927,1.6809508171804035
634,315,1.7790800294111178,1.759829505829701
634,1431,1.7790800294111178,1.7549046195116798
61,84,1.781250658808865,1.7208380695363195
61,60,1.781250658808865,1.702182767413081
1274,1114,1.7857294730902953,1.723457230749128
1274,1275,1.7857294730902953,1.770862497013039
21146,19532,1.7873365132048755,1.7003749096869745
21146,21147,1.7873365132048755,1.7705210009753556
627,467,1.7917398046764,1.7844669202791417
627,634,1.7917398046764,1.7790800294111178
1434,1274,1.792318028095667,1.7857294730902953
1434,627,1.792318028095667,1.7917398046764
19528,21146,1.794008004934024,1.7873365132048755
19528,19527,1.794008004934024,1.4115335301880765
22353,22352,1.7953558737591626,1.631070495394711
22353,22354,1.7953558737591626,1.7104422465913915
1590,1434,1.7965852240573705,1.792318028095667
1590,1750,1.7965852240573705,1.730957024167563
317,157,1.803207833101111,1.7126167908333703
317,1590,1.803207833101111,1.7965852240573705
1751,317,1.8058037202429693,1.803207833101111
1751,1911,1.8058037202429693,1.7724823770037355
956,1116,1.8090989668101694,1.7234012227660234
956,955,1.8090989668101694,1.7058962552866994
956,1751,1.8090989668101694,1.8058037202429693
1107,956,1.809807927518101,1.8090989668101694
1107,1106,1.809807927518101,1.8029261447069593
17475,17006,1.8229775067287965,1.7768364966367927
17475,17151,1.8229775067287965,0.7113029841427426
148,1107,1.8250608139017053,1.809807927518101
148,147,1.8250608139017053,1.7295013162058122
946,148,1.8283726388082702,1.8250608139017053
946,945,1.8283726388082702,1.8056873753781477
15551,14746,1.828573220783798,1.4288887277093516
15551,15552,1.828573220783798,1.7021938843885285
1117,946,1.8300597811640749,1.8283726388082702
1117,1277,1.8300597811640749,1.770663556853877
889,89,1.8307390009919902,1.7734766154056136
889,1049,1.8307390009919902,1.7838151810083027
1912,1117,1.8317871428749777,1.8300597811640749
1912,2072,1.8317871428749777,1.7966744447076792
1209,889,1.8343846667423809,1.8307390009919902
1209,1369,1.8343846667423809,1.8301886098081923
15553,17475,1.8364628348641676,1.8229775067287965
15553,15551,1.8364628348641676,1.828573220783798
17121,16961,1.8395305125754504,1.796509886761364
17121,17120,1.8395305125754504,1.4846074985370663
17121,17122,1.8395305125754504,1.7143173066787605
17009,16849,1.8444483587608198,1.8346993234755757
17009,15553,1.8444483587608198,1.8364628348641676
6450,6449,1.8448714391590475,1.8184031802300324
6450,6452,1.8448714391590475,1.5145217059088314
307,1912,1.84986018019661,1.8317871428749777
307,306,1.84986018019661,1.849185891442535
3354,3514,1.8519445245216277,1.777264156967565
3354,3355,1.8519445245216277,1.8016814579153593
1759,307,1.8530004515468423,1.84986018019661
1759,1919,1.8530004515468423,1.8331815625709524
1508,61,1.8533871038893313,1.781250658808865
1508,1667,1.8533871038893313,1.8061813247554794
1674,1508,1.8538503285501946,1.8533871038893313
1674,1676,1.8538503285501946,1.7775500228854832
1437,1759,1.8587938608453871,1.8530004515468423
1437,1597,1.8587938608453871,1.797695203428674
1529,1209,1.8694094818664047,1.8343846667423809
1529,1691,1.8694094818664047,1.7987632305876766
88,1529,1.8729272958905598,1.8694094818664047
88,1674,1.8729272958905598,1.8538503285501946
18791,18631,1.874744880944506,1.8675134157820474
18791,18792,1.874744880944506,1.815993959466965
1666,1665,1.8799411987877321,1.8343450604593938
1666,88,1.8799411987877321,1.8729272958905598
2232,1437,1.893100679100005,1.8587938608453871
2232,2392,1.893100679100005,1.8606786468513363
2232,2233,1.893100679100005,1.8038129999345378
16698,16537,1.8939486795868867,0.7988196886016822
16698,16699,1.8939486795868867,1.8584643221192574
12496,12160,1.8948248713310185,1.6475782636897371
12496,12656,1.8948248713310185,1.726014783860723
887,1666,1.8971134515255101,1.8799411987877321
887,886,1.8971134515255101,1.892588540993988
895,887,1.8989606880865846,1.8971134515255101
895,1380,1.8989606880865846,1.610321543867766
5787,5946,1.9036619946139939,1.3166448140147056
5787,5788,1.9036619946139939,1.8773977427271635
14567,12496,1.9072375538094155,1.8948248713310185
14567,14727,1.9072375538094155,1.8036870005972951
121,123,1.9105959001662196,1.7170384095379814
121,120,1.9105959001662196,1.893683412154982
18721,18720,1.9111100485782664,1.90621063099375
18721,18882,1.9111100485782664,1.7798524890442586
3353,3354,1.912473459196607,1.8519445245216277
3353,3192,1.912473459196607,1.8123511851071403
1915,2232,1.9133856288277489,1.893100679100005
1915,1916,1.9133856288277489,1.8674833317239006
1253,121,1.9157343246529754,1.9105959001662196
1253,1413,1.9157343246529754,1.8496578721610701
3515,3353,1.917965741872259,1.912473459196607
3515,3675,1.917965741872259,1.9106376662051423
3515,3516,1.917965741872259,1.8818490186038161
3032,3515,1.920284274168703,1.917965741872259
3032,3033,1.920284274168703,1.8968563051887037
17370,17210,1.920863998767029,1.4666830264312494
17370,17369,1.920863998767029,1.8445156076824896
1664,1824,1.92776467852917,1.8724778350143532
1664,895,1.92776467852917,1.8989606880865846
1749,1915,1.9294066019564484,1.9133856288277489
1749,1909,1.9294066019564484,1.9268970240533254
1734,1894,1.93578525868173,1.927456791920058
1734,1735,1.93578525868173,1.8661099854436487
2011,1664,1.9385258672288541,1.92776467852917
2011,2010,1.9385258672288541,1.9172255002082879
2011,2172,1.9385258672288541,1.8735143918205313
1521,1681,1.9385534085715286,1.9220388494652711
1521,1520,1.9385534085715286,1.9354277041028891
1521,1522,1.9385534085715286,1.930059523056165
10240,9920,1.9385729725680811,1.4625619949427604
10240,14567,1.9385729725680811,1.9072375538094155
8480,8320,1.9566016572113387,1.7250995012082568
8480,9120,1.9566016572113387,1.2516075032207148
776,1253,1.9622684237051635,1.9157343246529754
776,777,1.9622684237051635,1.9571321712327698
1574,776,1.9626719001313768,1.9622684237051635
1574,1734,1.9626719001313768,1.93578525868173
298,1574,1.9642925948156615,1.9626719001313768
298,299,1.9642925948156615,1.914471470654234
17146,17143,1.9686438759281288,1.6556160777751623
17146,17009,1.9686438759281288,1.8444483587608198
2346,2185,1.9729470989025228,1.8839472319076456
2346,2347,1.9729470989025228,1.8551547876588972
16700,18308,1.9766100689071664,1.6602587536178162
16700,16698,1.9766100689071664,1.8939486795868867
1519,2011,1.9800058633595645,1.9385258672288541
1519,1521,1.9800058633595645,1.9385534085715286
5971,5811,1.9832423568130195,1.9617192796424614
5971,5970,1.9832423568130195,1.8691209037133971
2554,2714,1.990001725757215,1.9225822882826327
2554,2555,1.990001725757215,1.9883275745129332
13953,13151,1.9923452064089835,1.3369033797484542
13953,17146,1.9923452064089835,1.9686438759281288
2874,2554,2.0028967308524748,1.990001725757215
2874,3032,2.0028967308524748,1.920284274168703
146,1749,2.0057352316361663,1.9294066019564484
146,145,2.0057352316361663,1.904972144323965
3834,2874,2.0060892011952722,2.0028967308524748
3834,3833,2.0060892011952722,2.0031480098798
305,146,2.0082702043640155,2.0057352316361663
305,304,2.0082702043640155,1.9085664728993006
3351,3511,2.0087102023094503,1.968177133529476
3351,3350,2.0087102023094503,1.9860085275646675
3351,3834,2.0087102023094503,2.0060892011952722
2549,2709,2.0113472574718,1.9252906463482056
2549,2550,2.0113472574718,1.9304009543498377
13621,13781,2.0128980547313455,1.962636335298478
13621,13620,2.0128980547313455,1.9114475073596742
2076,305,2.0165671206683133,2.0082702043640155
2076,2077,2.0165671206683133,1.9825103514802298
1344,1519,2.0196468691763045,1.9800058633595645
1344,1343,2.0196468691763045,2.0148441887447577
3512,3351,2.0215070121758343,2.0087102023094503
3512,3672,2.0215070121758343,2.011600826318706
6131,5971,2.0268135065744324,1.9832423568130195
6131,6450,2.0268135065744324,1.8448714391590475
2394,2076,2.0282727609059714,2.0165671206683133
2394,3512,2.0282727609059714,2.0215070121758343
2390,2394,2.030813077442252,2.0282727609059714
2390,2549,2.030813077442252,2.0113472574718
18880,18721,2.031712539894315,1.9111100485782664
18880,19040,2.031712539894315,1.8913812233279135
3030,2870,2.0375605867620523,2.033591677442112
3030,2390,2.0375605867620523,2.030813077442252
1736,1896,2.039732779030501,2.007248985487173
1736,298,2.039732779030501,1.9642925948156615
2551,3030,2.0471316646390547,2.0375605867620523
2551,2711,2.0471316646390547,1.9909996430463976
2237,2551,2.050785602570045,2.0471316646390547
2237,2397,2.050785602570045,2.0200666500394733
2237,2238,2.050785602570045,2.020503995362565
3517,2237,2.055828580692645,2.050785602570045
3517,3677,2.055828580692645,2.0423959132651412
1503,1344,2.058803210411979,2.0196468691763045
1503,1502,2.058803210411979,2.0252922883595836
1862,1503,2.066227653803683,2.058803210411979
1862,2346,2.066227653803683,1.9729470989025228
1948,1947,2.071797981002396,2.0114117002990466
1948,1789,2.071797981002396,2.015016003557857
3029,3028,2.0756720435844525,2.028752324212833
3029,3517,2.0756720435844525,2.055828580692645
139,1736,2.075936042417217,2.039732779030501
139,140,2.075936042417217,1.9235836522398566
3548,3388,2.0771090504289402,1.8256202041102214
3548,3708,2.0771090504289402,1.9764960964424605
3548,3547,2.0771090504289402,1.950857643022986
5810,5650,2.078239625537365,2.068506987918688
5810,6131,2.078239625537365,2.0268135065744324
41,40,2.0841751637956234,1.9486463569859185
41,42,2.0841751637956234,1.915877579947199
300,139,2.085267348020801,2.075936042417217
300,301,2.085267348020801,1.9746150259838189
624,3029,2.085322958667399,2.0756720435844525
624,623,2.085322958667399,2.0800086705525125
12816,10240,2.0853280604570448,1.9385729725680811
12816,12817,2.0853280604570448,2.0156109238324262
94,1862,2.093199116134492,2.066227653803683
94,95,2.093199116134492,2.016758729476145
2675,2835,2.093769862020064,2.0712943091040668
2675,2676,2.093769862020064,2.0338396025338548
141,300,2.094473973018826,2.085267348020801
141,142,2.094473973018826,1.9423581965649608
143,624,2.1056856814460367,2.085322958667399
143,141,2.1056856814460367,2.094473973018826
3339,3499,2.1117358704927875,2.0395232417688183
3339,3340,2.1117358704927875,2.087548115656362
302,143,2.1150520610743038,2.1056856814460367
302,462,2.1150520610743038,2.044648734580656
12979,12819,2.126966666128858,2.067801480347774
12979,13139,2.126966666128858,1.9940465408425792
44,41,2.1317635040247205,2.0841751637956234
44,45,2.1317635040247205,1.9067635654345632
2548,302,2.1343537977173344,2.1150520610743038
2548,2547,2.1343537977173344,2.117173579327246
1256,2548,2.1401299272923353,2.1343537977173344
1256,1257,2.1401299272923353,2.1052483427206052
51,50,2.147963656747321,1.820066214568836
51,52,2.147963656747321,2.083257187857473
2399,1256,2.149516442744993,2.1401299272923353
2399,2719,2.149516442744993,2.0683100653646633
3037,2399,2.1498689117812924,2.149516442744993
3037,3038,2.1498689117812924,2.129801329087656
2715,3037,2.1520403740108502,2.1498689117812924
2715,2716,2.1520403740108502,2.090900952398763
1897,2715,2.156170043242921,2.1520403740108502
1897,2057,2.156170043242921,2.1558685862106732
1897,1899,2.156170043242921,2.138241263224791
16853,13953,2.156559592852444,1.9923452064089835
16853,16700,2.156559592852444,1.9766100689071664
210,51,2.1580412452107933,2.147963656747321
210,370,2.1580412452107933,2.1531476137799372
419,259,2.1739528518984534,2.076040322039508
419,94,2.1739528518984534,2.093199116134492
13460,13621,2.176573363497825,2.0128980547313455
13460,12979,2.176573363497825,2.126966666128858
257,97,2.181716972720691,2.067138821280794
257,419,2.181716972720691,2.1739528518984534
21228,21068,2.183527495617694,1.9947124979393
21228,21387,2.183527495617694,1.46304214622112
3027,2867,2.183753703647196,2.1299184064797534
3027,1897,2.183753703647196,2.156170043242921
622,3027,2.1862979273787024,2.183753703647196
622,782,2.1862979273787024,2.172108054486939
2144,257,2.18920003218017,2.181716972720691
2144,2143,2.18920003218017,2.1644014433973866
14264,14104,2.189615487147103,2.110464900302631
14264,16853,2.189615487147103,2.156559592852444
3709,3869,2.200636858516245,2.169402856754699
3709,3548,2.200636858516245,2.0771090504289402
12818,12816,2.2023095667957064,2.0853280604570448
12818,13460,2.2023095667957064,2.176573363497825
2707,622,2.2075484466433495,2.1862979273787024
2707,2706,2.2075484466433495,2.168477373904094
14105,13945,2.209603711527694,2.191167564524072
14105,14264,2.209603711527694,2.189615487147103
18469,14105,2.2127396906398675,2.209603711527694
18469,18470,2.2127396906398675,2.144179787622321
2836,2675,2.212910838630527,2.093769862020064
2836,2837,2.212910838630527,2.1066490150670663
371,210,2.223376546472751,2.1580412452107933
371,532,2.223376546472751,2.073865288031995
212,371,2.2303247273412703,2.223376546472751
212,213,2.2303247273412703,2.221900909370012
11055,10735,2.2343880002507444,1.7555501322281586
11055,12818,2.2343880002507444,2.2023095667957064
2152,2144,2.2356043659625313,2.18920003218017
2152,2312,2.2356043659625313,2.218654117222997
53,212,2.2455445698881267,2.2303247273412703
53,55,2.2455445698881267,2.138719643493786
58,2152,2.2462010229269507,2.2356043659625313
58,57,2.2462010229269507,2.238374611880331
1570,2707,2.2536912912592157,2.2075484466433495
1570,1730,2.2536912912592157,2.2518581872941943
2217,1570,2.258274827198906,2.2536912912592157
2217,2377,2.258274827198906,2.181996705348276
2217,2218,2.258274827198906,2.1943480269447218
2546,2217,2.2612342639214877,2.258274827198906
2546,2545,2.2612342639214877,2.191729519876195
15893,18469,2.263089391549997,2.2127396906398675
15893,15894,2.263089391549997,2.0600199036614155
698,58,2.265115790914112,2.2462010229269507
698,697,2.265115790914112,2.2392358200500397
48,53,2.2701615853612815,2.2455445698881267
48,44,2.2701615853612815,2.1317635040247205
3342,3182,2.2855505504529976,2.269857527544107
3342,3339,2.2855505504529976,2.1117358704927875
3497,3342,2.293090207209539,2.2855505504529976
3497,3657,2.293090207209539,2.2682381382958408
2053,2546,2.2992834095142793,2.2612342639214877
2053,2213,2.2992834095142793,2.2506472515241427
2053,2052,2.2992834095142793,2.297132575277708
939,2053,2.300697345752334,2.2992834095142793
939,940,2.300697345752334,2.2877149606026648
3821,3497,2.305485093839076,2.293090207209539
3821,3822,2.305485093839076,2.1862577158718635
6776,5810,2.3102157639847616,2.078239625537365
6776,6937,2.3102157639847616,2.1048168661241498
56,216,2.3209676984008922,2.299188096435705
56,48,2.3209676984008922,2.2701615853612815
56,698,2.3209676984008922,2.265115790914112
13941,11055,2.321317264888082,2.2343880002507444
13941,13942,2.321317264888082,2.2814701224496026
6778,6618,2.337096378176005,2.303676097427322
6778,6776,2.337096378176005,2.3102157639847616
2866,939,2.34098153319847,2.300697345752334
2866,2865,2.34098153319847,2.282049475459875
2150,56,2.3443888557338948,2.3209676984008922
2150,2310,2.3443888557338948,2.331255971592282
2705,2866,2.3458718909570715,2.34098153319847
2705,2704,2.3458718909570715,2.2693170037913495
2379,2705,2.3493827614598732,2.3458718909570715
2379,2539,2.3493827614598732,2.3023898386934816
2298,2138,2.3584827652440357,2.33942145910761
2298,2297,2.3584827652440357,2.3031154851492017
2298,2299,2.3584827652440357,2.356049301337803
2458,2298,2.3711206012169117,2.3584827652440357
2458,2618,2.3711206012169117,2.3484629988973196
3024,3023,2.3734522809669722,2.3424480937681285
3024,2379,2.3734522809669722,2.3493827614598732
2536,2535,2.3736903951971273,2.291319679611665
2536,3024,2.3736903951971273,2.3734522809669722
527,2150,2.375370086578333,2.3443888557338948
527,528,2.375370086578333,2.275825002889781
2512,2352,2.3773438325311704,2.3233628485285056
2512,527,2.3773438325311704,2.375370086578333
2984,2512,2.3840251656624103,2.3773438325311704
2984,2983,2.3840251656624103,2.3383265519436085
21774,21773,2.385962077552305,2.378789891077548
21774,21776,2.385962077552305,2.2692285909848677
3022,3821,2.3893941559031693,2.305485093839076
3022,2536,2.3893941559031693,2.3736903951971273
18630,15893,2.401118469675708,2.263089391549997
18630,18791,2.401118469675708,1.874744880944506
1820,2984,2.4187735489571702,2.3840251656624103
1820,1819,2.4187735489571702,2.384955235506756
5488,5167,2.4214586022232236,2.3025639028212925
5488,6778,2.4214586022232236,2.337096378176005
13943,18630,2.4214829260861843,2.401118469675708
13943,13941,2.4214829260861843,2.321317264888082
2617,2458,2.4269537321289514,2.3711206012169117
2617,2777,2.4269537321289514,2.3948502386693296
2617,2616,2.4269537321289514,2.426127952672077
1339,1820,2.4340117669635717,2.4187735489571702
1339,1338,2.4340117669635717,2.3533824979412916
2513,2836,2.4380017435709584,2.212910838630527
2513,1339,2.4380017435709584,2.4340117669635717
941,3022,2.43818141845058,2.3893941559031693
941,1101,2.43818141845058,2.4257879556120545
2456,2617,2.4398061672724722,2.4269537321289514
2456,2455,2.4398061672724722,2.4052024124073528
1017,2513,2.450720598458127,2.4380017435709584
1017,1177,2.450720598458127,2.4506172432637916
15365,13943,2.4524507196668566,2.4214829260861843
15365,15366,2.4524507196668566,2.4509083036555785
2700,941,2.457952003867554,2.43818141845058
2700,2701,2.457952003867554,2.41097744435136
4031,3709,2.4618693117590236,2.200636858516245
4031,4032,2.4618693117590236,2.0948910222071975
2937,2456,2.4680432001864245,2.4398061672724722
2937,2938,2.4680432001864245,2.3181261316068906
11053,15365,2.4736593522222012,2.4524507196668566
11053,11052,2.4736593522222012,2.420631559929832
1979,1017,2.4752972785606198,2.450720598458127
1979,2937,2.4752972785606198,2.4680432001864245
2542,2382,2.484171444567647,2.434369121386237
2542,2700,2.484171444567647,2.457952003867554
118,2542,2.4850931145405633,2.484171444567647
118,117,2.4850931145405633,2.4173495562303193
4972,4811,2.4859633396581113,1.6636748257395395
4972,5132,2.4859633396581113,2.306652128641202
19044,19528,2.489738755256467,1.794008004934024
19044,18880,2.489738755256467,2.031712539894315
4143,118,2.4928968013485995,2.4850931145405633
4143,4304,2.4928968013485995,2.4799186186567943
856,1979,2.4970225217777116,2.4752972785606198
856,855,2.4970225217777116,2.457485325960857
2222,4143,2.533571418661719,2.4928968013485995
2222,2223,2.533571418661719,2.515351749420516
2812,856,2.536799665367861,2.4970225217777116
2812,3132,2.536799665367861,2.512631417511946
2672,2812,2.5469900317564784,2.536799665367861
2672,2832,2.5469900317564784,2.5125948347655123
2177,2672,2.549280063133449,2.5469900317564784
2177,2337,2.549280063133449,2.5368372220860778
116,276,2.5514107421701824,2.4678026022365778
116,115,2.5514107421701824,2.439566139124224
116,2222,2.5514107421701824,2.533571418661719
339,20,2.5517779027972365,1.5019700125672055
339,497,2.5517779027972365,2.2767379983220026
1102,116,2.562313612602193,2.5514107421701824
1102,1262,2.562313612602193,2.532745202896121
1332,1172,2.571716000032788,2.54408428729624
1332,1333,2.571716000032788,2.5573614625092214
17765,17925,2.580233661397253,2.5033722752938434
17765,17764,2.580233661397253,2.4489305837687936
18592,18752,2.5861938782599303,2.5374240022616323
18592,18591,2.5861938782599303,2.5160676775001236
18592,11053,2.5861938782599303,2.4736593522222012
1581,1102,2.5873405856426963,2.562313612602193
1581,1582,2.5873405856426963,2.55088108334657
8000,7211,2.5901166941108023,1.4535905354066794
8000,8480,2.5901166941108023,1.9566016572113387
108,269,2.5920129200174773,2.5633521358364844
108,107,2.5920129200174773,2.4188359063107847
1012,2177,2.598696874136413,2.549280063133449
1012,1332,2.598696874136413,2.571716000032788
275,1581,2.6078349137768893,2.5873405856426963
275,274,2.6078349137768893,2.4631268367632493
3292,1012,2.615071971193885,2.598696874136413
3292,3291,2.615071971193885,2.584883542163742
2295,3292,2.619716919391142,2.615071971193885
2295,2294,2.619716919391142,2.614654350900245
507,347,2.629073828945747,2.4869743073924786
507,189,2.629073828945747,2.127356406192298
267,108,2.629821805424751,2.5920129200174773
267,427,2.629821805424751,2.480769873343846
267,266,2.629821805424751,2.558016528712643
3014,275,2.6310692020861555,2.6078349137768893
3014,3013,2.6310692020861555,2.6231617599423793
1744,3014,2.645217377132313,2.6310692020861555
1744,1904,2.645217377132313,2.5907500393697314
4162,4482,2.656482169614914,1.9027399609161586
4162,4161,2.656482169614914,2.4016098606686547
9133,8977,2.66100330335521,1.715524794698739
9133,8000,2.66100330335521,2.5901166941108023
2134,2295,2.66300589570246,2.619716919391142
2134,2133,2.66300589570246,2.659220460329452
4624,1744,2.6653085313630815,2.645217377132313
4624,4623,2.6653085313630815,2.5845887225253965
31,507,2.66939212811915,2.629073828945747
31,32,2.66939212811915,2.6063755433264015
3259,2134,2.6721379001473133,2.66300589570246
3259,3260,2.6721379001473133,2.6226812747811508
657,339,2.6828392437618365,2.5517779027972365
657,656,2.6828392437618365,2.4812987005887237
426,267,2.6843464556342966,2.629821805424751
426,425,2.6843464556342966,2.6732921784075994
17444,17765,2.6903342811806183,2.580233661397253
17444,17121,2.6903342811806183,1.8395305125754504
2498,3259,2.696303098401459,2.6721379001473133
2498,2658,2.696303098401459,2.6901124688078344
1817,2498,2.6977203216429957,2.696303098401459
1817,1816,2.6977203216429957,2.656768869849796
106,426,2.70150521010439,2.6843464556342966
106,105,2.70150521010439,2.620173636262818
15367,18592,2.702142058140041,2.5861938782599303
15367,15527,2.702142058140041,2.581361755874641
429,106,2.712536182291214,2.70150521010439
429,430,2.712536182291214,2.68369390350967
15905,16227,2.721948447054566,1.37208939818363
15905,15742,2.721948447054566,1.8261673794262627
2531,4624,2.72403715733772,2.6653085313630815
2531,2530,2.72403715733772,2.677045112580011
431,271,2.7277392557202473,2.6633403681992935
431,429,2.7277392557202473,2.712536182291214
431,432,2.7277392557202473,2.6366865383971287
2680,1817,2.7299229972121575,2.6977203216429957
2680,2681,2.7299229972121575,2.7241111028649403
167,327,2.7305194981201564,1.9340605120193484
167,168,2.7305194981201564,2.54589055848136
342,657,2.731207619974539,2.6828392437618365
342,662,2.731207619974539,1.7686513818632184
109,431,2.731739208834858,2.7277392557202473
109,110,2.731739208834858,2.656734157062941
24056,23896,2.7320378239542533,2.5829240596677456
24056,24697,2.7320378239542533,1.915639584820662
2853,2531,2.736133199302249,2.72403715733772
2853,2852,2.736133199302249,2.696859355488313
5616,5776,2.736715080720325,2.5461428880542445
5616,5615,2.736715080720325,2.229842810422229
16328,16168,2.743373021409305,2.4641928206079675
16328,16327,2.743373021409305,2.467923517233994
351,31,2.7480359571621005,2.66939212811915
351,673,2.7480359571621005,2.308496016322629
3261,3421,2.749608976779049,2.7491233015844196
3261,2680,2.749608976779049,2.7299229972121575
19126,19286,2.7648075177394724,2.6700058790972463
19126,19125,2.7648075177394724,2.6279150845819736
23897,23737,2.7652963877242223,2.6649512575495833
23897,24056,2.7652963877242223,2.7320378239542533
4063,3903,2.765621585908014,2.726376538973879
4063,4064,2.765621585908014,2.723848714470387
113,2853,2.7669034348137553,2.736133199302249
113,112,2.7669034348137553,2.6029334906920174
3465,3261,2.769662490559049,2.749608976779049
3465,3625,2.769662490559049,2.7572900522120762
2841,3465,2.7713228664696876,2.769662490559049
2841,2842,2.7713228664696876,2.7526110687245953
3262,3102,2.772034874587303,2.7565515305953303
3262,2841,2.772034874587303,2.7713228664696876
272,113,2.7794963822548007,2.7669034348137553
272,109,2.7794963822548007,2.731739208834858
4305,272,2.7833842826936404,2.7794963822548007
4305,4306,2.7833842826936404,2.780704801158789
4160,4320,2.7840238128282473,1.9981130517768502
4160,4162,2.7840238128282473,2.656482169614914
1974,3262,2.7917321469731524,2.772034874587303
1974,1975,2.7917321469731524,2.7861673427392253
2033,1873,2.794952021954187,2.78546535988949
2033,1974,2.794952021954187,2.7917321469731524
1488,1328,2.7973138442721677,2.695849571535525
1488,1487,2.7973138442721677,2.7909892578771003
3624,2033,2.8019376727878154,2.794952021954187
3624,3784,2.8019376727878154,2.775265286953734
3943,3624,2.8090462167549393,2.8019376727878154
3943,3942,2.8090462167549393,2.7617151623377922
2524,2684,2.813629366584738,2.741880171947518
2524,2525,2.813629366584738,2.706098474173289
21548,21228,2.8181768250344144,2.183527495617694
21548,21549,2.8181768250344144,2.434601260134709
5133,4972,2.819719624784493,2.4859633396581113
5133,5294,2.819719624784493,2.323591610266489
3467,3943,2.8297877727458554,2.8090462167549393
3467,3627,2.8297877727458554,2.787265177268199
2526,2686,2.8331560601763397,2.728014477327918
2526,2524,2.8331560601763397,2.813629366584738
2111,1948,2.835498348227684,2.071797981002396
2111,2272,2.835498348227684,2.7260187584435527
20650,20810,2.8434442807341385,2.8390227623144106
20650,19044,2.8434442807341385,2.489738755256467
18084,17444,2.8436036162449607,2.6903342811806183
18084,20650,2.8436036162449607,2.8434442807341385
831,351,2.8461978124834206,2.7480359571621005
831,830,2.8461978124834206,2.8208785977748145
595,4305,2.8500504001926266,2.7833842826936404
595,915,2.8500504001926266,2.783083302670009
584,744,2.8537919869008537,2.8535397877019197
584,3467,2.8537919869008537,2.8297877727458554
584,595,2.8537919869008537,2.8500504001926266
13339,13184,2.8570389220537824,1.2259015205618833
13339,13338,2.8570389220537824,2.555666702888163
2932,2772,2.860704586531418,2.8011243898109246
2932,2933,2.860704586531418,2.8232615985740215
2690,584,2.867019817984564,2.8537919869008537
2690,2689,2.867019817984564,2.8204412276970157
3507,2690,2.869033034464918,2.867019817984564
3507,3667,2.869033034464918,2.8362133633794153
2209,3507,2.873077374089812,2.869033034464918
2209,2208,2.873077374089812,2.8728328795525058
22567,22405,2.8798956166255913,2.4812370940922865
22567,22727,2.8798956166255913,2.856378648094603
18086,18084,2.8802712580050094,2.8436036162449607
18086,18087,2.8802712580050094,2.8793380840706595
1169,2209,2.8814271311527375,2.873077374089812
1169,1488,2.8814271311527375,2.7973138442721677
13337,13176,2.8854946608566543,2.441027605396728
13337,13339,2.8854946608566543,2.8570389220537824
2682,2522,2.885549553482481,2.8832285361589474
2682,1169,2.885549553482481,2.8814271311527375
2682,2526,2.885549553482481,2.8331560601763397
655,1131,2.886289799466109,1.4490807417032852
655,342,2.886289799466109,2.731207619974539
3742,3582,2.8885851077479416,2.829813581737126
3742,4063,2.8885851077479416,2.765621585908014
3422,2682,2.8916068345626305,2.885549553482481
3422,3742,2.8916068345626305,2.8885851077479416
3422,3423,2.8916068345626305,2.8882132151034194
18744,18583,2.892307398139783,2.7842325495274105
18744,18745,2.892307398139783,2.805656739074564
1490,1650,2.8933654539735274,2.8707878735066465
1490,3422,2.8933654539735274,2.8916068345626305
5614,5133,2.8947620725900722,2.819719624784493
5614,5616,2.8947620725900722,2.736715080720325
2949,1490,2.899846080324643,2.8933654539735274
2949,2948,2.899846080324643,2.853115233668597
5641,5801,2.9002657876074367,2.8544418699521397
5641,5642,2.9002657876074367,2.4946498317078
17777,17617,2.9014036717875396,2.864726053989154
17777,17937,2.9014036717875396,2.4865141006855773
17777,17776,2.9014036717875396,2.8490022903650845
18965,18645,2.9022401575365486,2.7653071474221926
18965,19126,2.9022401575365486,2.7648075177394724
2934,2949,2.9038884018586892,2.899846080324643
2934,2932,2.9038884018586892,2.860704586531418
12841,12679,2.907596052401788,2.1286945586866337
12841,13007,2.907596052401788,1.633752017509289
5104,2934,2.9114729502200607,2.9038884018586892
5104,5103,2.9114729502200607,2.9088720355556172
18904,18744,2.9114883447042015,2.892307398139783
18904,18903,2.9114883447042015,2.7952404134569027
358,5104,2.9168445589086858,2.9114729502200607
358,357,2.9168445589086858,2.903539151196609
2950,358,2.9209303978214263,2.9168445589086858
2950,3110,2.9209303978214263,2.9094221651545804
3007,2847,2.9223980740681106,2.8834563918914533
3007,3167,2.9223980740681106,2.872154229547895
3007,3008,2.9223980740681106,2.797142336834748
18743,18904,2.9226264414577408,2.9114883447042015
18743,18742,2.9226264414577408,2.6406677796032074
3010,2950,2.92448308453209,2.9209303978214263
3010,3007,2.92448308453209,2.9223980740681106
505,831,2.9286738918024025,2.8461978124834206
505,655,2.9286738918024025,2.886289799466109
914,1074,2.9300701297757983,2.887992310942273
914,3010,2.9300701297757983,2.92448308453209
21319,21479,2.9432126407474004,2.9233159131075612
21319,21156,2.9432126407474004,1.9019621651207785
17616,17777,2.9515067771901182,2.9014036717875396
17616,17615,2.9515067771901182,2.8651167326793896
1712,1552,2.9653611795498107,2.953260669014464
1712,914,2.9653611795498107,2.9300701297757983
16326,16166,2.967087382647554,2.921983931246144
16326,16328,2.967087382647554,2.743373021409305
4627,4467,2.9678721578770064,2.9571581189332283
4627,4787,2.9678721578770064,2.937790963592228
4627,1712,2.9678721578770064,2.9653611795498107
20998,21319,2.9704919134067307,2.9432126407474004
20998,21001,2.9704919134067307,2.4595889963052477
18582,18743,2.972543383131422,2.9226264414577408
18582,18581,2.972543383131422,2.787331210504466
1234,4627,2.9937803839449546,2.9678721578770064
1234,1393,2.9937803839449546,2.8702646937648226
2204,1234,2.9963922779899703,2.9937803839449546
2204,2203,2.9963922779899703,2.9478145725923093
21137,18086,3.002138846884751,2.8802712580050094
21137,21774,3.002138846884751,2.385962077552305
676,505,3.0057050948179973,2.9286738918024025
676,2204,3.0057050948179973,2.9963922779899703
3266,3426,3.0089545430135654,2.9426970302306046
3266,3265,3.0089545430135654,2.9497722734084837
3266,676,3.0089545430135654,3.0057050948179973
20837,20677,3.015165400204694,2.8937482989814862
20837,20998,3.015165400204694,2.9704919134067307
4222,3266,3.0166494572913796,3.0089545430135654
4222,4382,3.0166494572913796,3.0005267794323798
4383,4222,3.0177659993075614,3.0166494572913796
4383,4543,3.0177659993075614,2.9845223573566044
20245,20405,3.0190462984970754,2.8924199027293547
20245,20246,3.0190462984970754,2.7775687454759472
17458,17616,3.0211906067654537,2.9515067771901182
17458,15367,3.0211906067654537,2.702142058140041
21468,21137,3.0292635583935597,3.002138846884751
21468,21469,3.0292635583935597,3.0103298141979966
5264,4383,3.0318959748820618,3.0177659993075614
5264,5423,3.0318959748820618,2.8999582282136953
5422,5582,3.036053757476394,3.0024020674587635
5422,5264,3.036053757476394,3.0318959748820618
20564,20245,3.0470294896790864,3.0190462984970754
20564,20725,3.0470294896790864,2.830792667130296
1486,1803,3.0474384717072103,2.840719878394554
1486,5422,3.0474384717072103,3.036053757476394
3427,1486,3.0572221021636454,3.0474384717072103
3427,3587,3.0572221021636454,3.0490482579402207
3427,3428,3.0572221021636454,3.0523994758599775
3165,3427,3.0687685507519973,3.0572221021636454
3165,3325,3.0687685507519973,3.0077843511539037
16007,17458,3.07086660790377,3.0211906067654537
16007,16326,3.07086660790377,2.967087382647554
3326,3486,3.0731323562613517,3.0592426569218483
3326,3165,3.0731323562613517,3.0687685507519973
2449,2609,3.0744555439840946,3.0211508222680465
2449,3326,3.0744555439840946,3.0731323562613517
23564,23403,3.080238455220706,2.4381483768869963
23564,23565,3.080238455220706,3.0591556213509983
18099,18259,3.1137106409477324,3.0150208507489427
18099,16007,3.1137106409477324,3.07086660790377
2044,1884,3.1152980751180297,3.059086782839843
2044,2449,3.1152980751180297,3.0744555439840946
6546,6706,3.119864372277332,3.0258391922924637
6546,6545,3.119864372277332,3.0828268754496784
6546,6547,3.119864372277332,3.0616691262762723
13014,13013,3.122976605684441,3.060513847195247
13014,13337,3.122976605684441,2.8854946608566543
3807,3967,3.12513101272018,3.1049660849949303
3807,3808,3.12513101272018,3.0618991387610603
18421,18582,3.125767166258683,2.972543383131422
18421,18420,3.125767166258683,3.0408440677820936
4257,4097,3.1288308941464913,3.120769767865012
4257,2044,3.1288308941464913,3.1152980751180297
4417,4257,3.129141749057172,3.1288308941464913
4417,4577,3.129141749057172,3.0632856940518325
19066,18421,3.1299705857920714,3.125767166258683
19066,19067,3.1299705857920714,3.1283022977707753
6707,6546,3.1420590955230656,3.119864372277332
6707,6867,3.1420590955230656,3.0870830616698677
3472,4417,3.1485763640664794,3.129141749057172
3472,3632,3.1485763640664794,3.133225008355784
23724,23564,3.1496686094991033,3.080238455220706
23724,23884,3.1496686094991033,2.9402560592292626
3331,3472,3.1516900755086517,3.1485763640664794
3331,3491,3.1516900755086517,3.144838331861379
4941,3331,3.1575179186636704,3.1516900755086517
4941,4940,3.1575179186636704,3.1375941156753058
4607,4767,3.1578686792482906,3.0892125028519364
4607,4608,3.1578686792482906,3.080499408663434
1625,1465,3.1688854051517175,3.0731695403397463
1625,2111,3.1688854051517175,2.835498348227684
2929,4941,3.178584779204522,3.1575179186636704
2929,2928,3.178584779204522,3.1549885219442766
17131,16971,3.1823303472736004,3.073253810935129
17131,17132,3.1823303472736004,2.9220819543295415
5254,5094,3.193767526219775,3.1558748149711833
5254,5413,3.193767526219775,3.118885975321718
5254,5255,3.193767526219775,3.1737741589096053
3649,2929,3.1953489087718236,3.178584779204522
3649,3807,3.1953489087718236,3.12513101272018
15539,18099,3.1979207685716853,3.1137106409477324
15539,15540,3.1979207685716853,3.1611480359851245
24351,24031,3.2000107133957605,3.08078387365018
24351,24512,3.2000107133957605,3.1519544975162566
5417,5257,3.2082770225288364,3.1181062566339004
5417,5418,3.2082770225288364,3.170968475182085
19108,19586,3.209809336400702,2.165469649216533
19108,19109,3.209809336400702,3.077435294964228
26,3649,3.211043222713603,3.1953489087718236
26,25,3.211043222713603,3.051687004293388
16811,17131,3.214530588332596,3.1823303472736004
16811,16812,3.214530588332596,3.1080812207902486
9926,9133,3.2267189449144573,2.66100330335521
9926,9927,3.2267189449144573,3.1801614891740515
4926,5086,3.228409469092079,3.2255737192618383
4926,4925,3.228409469092079,3.116258799755459
4926,4607,3.228409469092079,3.1578686792482906
3950,4110,3.2284965865776853,3.226832511180647
3950,26,3.2284965865776853,3.211043222713603
16810,15539,3.2294420840477134,3.1979207685716853
16810,16811,3.2294420840477134,3.214530588332596
4929,4926,3.23046650236036,3.228409469092079
4929,4930,3.23046650236036,3.152857785492147
5097,5417,3.2317392465761667,3.2082770225288364
5097,5096,3.2317392465761667,3.14070858619258
5097,5098,3.2317392465761667,3.1758265874438147
18949,19108,3.239726435815953,3.209809336400702
18949,16810,3.239726435815953,3.2294420840477134
18260,19066,3.2414122092717945,3.1299705857920714
18260,18949,3.2414122092717945,3.239726435815953
5412,5252,3.2439692416059005,3.2295101382491755
5412,5254,3.2439692416059005,3.193767526219775
1077,3950,3.24896227602957,3.2284965865776853
1077,1237,3.24896227602957,3.246223034321941
5402,5562,3.250169796299274,3.2459097313530583
5402,5403,3.250169796299274,3.2458134080647523
4449,4289,3.255975857487151,3.2085046165869953
4449,4929,3.255975857487151,3.23046650236036
7027,6707,3.258586576208768,3.1420590955230656
7027,7028,3.258586576208768,3.2434600890992487
18930,18770,3.2588723731570157,3.133500103508095
18930,19567,3.2588723731570157,0.3530137574465741
4129,1077,3.2645846959723333,3.24896227602957
4129,4449,3.2645846959723333,3.255975857487151
4129,4130,3.2645846959723333,3.220566167685613
5485,5641,3.2659636520212088,2.9002657876074367
5485,5488,3.2659636520212088,2.4214586022232236
4934,5412,3.26670836396006,3.2439692416059005
4934,4935,3.26670836396006,3.1924667867045935
5095,4934,3.2669467407447716,3.26670836396006
5095,5097,3.2669467407447716,3.2317392465761667
4939,5095,3.2693579762661424,3.2669467407447716
4939,4129,3.2693579762661424,3.2645846959723333
2753,1625,3.270608975479145,3.1688854051517175
2753,2913,3.270608975479145,3.151664216546751
1556,4939,3.2757687339968973,3.2693579762661424
1556,1557,3.2757687339968973,3.248484541267118
1397,1556,3.2785394710169498,3.2757687339968973
1397,1398,3.2785394710169498,3.2736492114830194
12852,12841,3.2830819613114,2.907596052401788
12852,13014,3.2830819613114,3.122976605684441
4126,4286,3.285273762913999,3.223212204175733
4126,4125,3.285273762913999,3.2108933282584995
4126,1397,3.285273762913999,3.2785394710169498
6222,6062,3.289189570033098,3.286598566821581
6222,6223,3.289189570033098,3.1251873859457144
24673,24351,3.2904318582943124,3.2000107133957605
24673,24674,3.2904318582943124,3.2292864564185413
22250,21468,3.290445628687153,3.0292635583935597
22250,22567,3.290445628687153,2.8798956166255913
1963,4126,3.2910213306313008,3.285273762913999
1963,2123,3.2910213306313008,3.1939675352720367
5741,5740,3.292233420258953,3.2604123566505083
5741,1963,3.292233420258953,3.2910213306313008
23886,23724,3.2944568555435123,3.1496686094991033
23886,23887,3.2944568555435123,3.1700746861652234
3393,3233,3.2985357369732635,3.2617578037056525
3393,3394,3.2985357369732635,3.29458996922149
5084,5741,3.2994112855177806,3.292233420258953
5084,5083,3.2994112855177806,3.2860210316614067
6385,7027,3.306581689556607,3.258586576208768
6385,6222,3.306581689556607,3.289189570033098
6064,5084,3.312302805866501,3.2994112855177806
6064,6385,3.312302805866501,3.306581689556607
36,6064,3.313764525658768,3.312302805866501
36,35,3.313764525658768,3.2496310859951243
4931,5091,3.318922641211169,3.258674928569928
4931,36,3.318922641211169,3.313764525658768
4931,4772,3.318922641211169,3.2396308996770578
22939,23099,3.3260907161848143,3.2182662820873995
22939,22938,3.3260907161848143,3.212260854445011
19387,18260,3.3304170679831677,3.2414122092717945
19387,19547,3.3304170679831677,3.041703642848176
5082,5402,3.346460002614362,3.250169796299274
5082,4931,3.346460002614362,3.318922641211169
4131,5082,3.35344395906464,3.346460002614362
4131,4291,3.35344395906464,3.2804005570993864
5087,4131,3.3581922936579427,3.35344395906464
5087,5408,3.3581922936579427,3.2537085344628096
3804,5087,3.359887081226191,3.3581922936579427
3804,3803,3.359887081226191,3.343534133903171
3073,2753,3.366810748792068,3.270608975479145
3073,3393,3.366810748792068,3.2985357369732635
9,167,3.36830170038954,2.7305194981201564
9,10,3.36830170038954,3.0376045372689267
985,3804,3.369999184654965,3.359887081226191
985,1145,3.369999184654965,3.359533894054371
18931,18930,3.3715407610160186,3.2588723731570157
18931,18932,3.3715407610160186,3.344385134930629
18452,18293,3.372977663012936,3.1400233766900554
18452,18931,3.372977663012936,3.3715407610160186
5575,985,3.3747601949682178,3.369999184654965
5575,5735,3.3747601949682178,3.3318404167817843
5936,5614,3.3754528500798657,2.8947620725900722
5936,5937,3.3754528500798657,3.2835660235857724
21764,22250,3.383087373850774,3.290445628687153
21764,21442,3.383087373850774,3.1596136426545938
21761,21764,3.3865928809590033,3.383087373850774
21761,21760,3.3865928809590033,3.3593510251164336
19447,18965,3.3962915990973253,2.9022401575365486
19447,19767,3.3962915990973253,2.683901217359284
1882,5575,3.4097668214229144,3.3747601949682178
1882,1881,3.4097668214229144,3.401869220790484
24675,24835,3.410663559471813,3.376080749882431
24675,24673,3.410663559471813,3.2904318582943124
3554,3073,3.4123622794690753,3.366810748792068
3554,4031,3.4123622794690753,2.4618693117590236
5107,1882,3.414246246621014,3.4097668214229144
5107,5267,3.414246246621014,3.381472492442048
5899,5107,3.4172814108741814,3.414246246621014
5899,5898,3.4172814108741814,3.4155952914475147
5736,5899,3.4228352165248994,3.4172814108741814
5736,5896,3.4228352165248994,3.399803941259232
1721,5736,3.4306002898194006,3.4228352165248994
1721,1720,3.4306002898194006,3.4014799232069404
5241,1721,3.430626343947786,3.4306002898194006
5241,5240,3.430626343947786,3.4169118262403173
5400,5241,3.434092090625085,3.430626343947786
5400,5399,3.434092090625085,3.4165276243635256
23417,23257,3.4351245633986034,3.388818001088172
23417,23897,3.4351245633986034,2.7652963877242223
22190,22030,3.4365591713593124,3.4246999115197405
22190,22353,3.4365591713593124,1.7953558737591626
2104,2263,3.4470065277035147,3.1851954921260015
2104,3554,3.4470065277035147,3.4123622794690753
2562,2402,3.4505705314084705,2.9938031300839456
2562,2561,3.4505705314084705,2.8109270555217156
3802,5400,3.4551589672604517,3.434092090625085
3802,3962,3.4551589672604517,3.436439216351374
20962,21761,3.457729111572425,3.3865928809590033
20962,20961,3.457729111572425,3.429721924764681
20673,20512,3.4717020310318176,2.813473147922619
20673,20837,3.4717020310318176,3.015165400204694
4592,3802,3.478906866676152,3.4551589672604517
4592,4593,3.478906866676152,3.466534565331295
5756,5916,3.4790640755482167,3.411450563241971
5756,5755,3.4790640755482167,3.43165521520764
5756,5757,3.4790640755482167,3.4563576264927987
5897,4592,3.482282151869012,3.478906866676152
5897,6057,3.482282151869012,3.4198249293779273
21870,21548,3.4824135400176393,2.8181768250344144
21870,22190,3.4824135400176393,3.4365591713593124
2039,1878,3.483819678648314,3.439737724116661
2039,5897,3.483819678648314,3.482282151869012
21346,20867,3.4904812863860397,3.111533363065525
21346,21347,3.4904812863860397,3.22447880113545
17193,17033,3.4948779536296426,3.486254450139195
17193,17192,3.4948779536296426,2.590917486494669
1305,2039,3.5034927087832175,3.483819678648314
1305,2104,3.5034927087832175,3.4470065277035147
19417,19257,3.5064719304930896,3.426272145707704
19417,19897,3.5064719304930896,3.0211725982085733
5079,1305,3.5096990355625324,3.5034927087832175
5079,5078,3.5096990355625324,3.500187164607137
24189,24675,3.511109896477106,3.410663559471813
24189,24188,3.511109896477106,3.4933892183430433
20960,21120,3.5312579319182102,3.295573102103183
20960,20962,3.5312579319182102,3.457729111572425
21504,21343,3.540284227021302,3.3218137550424047
21504,21346,3.540284227021302,3.4904812863860397
5915,5756,3.5443821596103864,3.4790640755482167
5915,6075,3.5443821596103864,3.5318097804358697
4547,5079,3.5504530185872487,3.5096990355625324
4547,4707,3.5504530185872487,3.5357336173302754
10786,9983,3.55135251786894,0.6413230956411025
10786,11107,3.55135251786894,2.611980417204281
6058,4547,3.5571965419212734,3.5504530185872487
6058,6218,3.5571965419212734,3.508176363380969
16484,20960,3.5764866443336403,3.5312579319182102
16484,19387,3.5764866443336403,3.3304170679831677
5032,5192,3.5875879300642675,3.543335926780826
5032,5033,3.5875879300642675,3.482675955583341
20212,20532,3.596152509992987,3.367905075444425
20212,20213,3.596152509992987,3.463434623351416
5077,4917,3.5973094539633106,3.594768641748223
5077,6058,3.5973094539633106,3.5571965419212734
20087,19447,3.598387904113893,3.3962915990973253
20087,20564,3.598387904113893,3.0470294896790864
4908,5077,3.604080978963376,3.5973094539633106
4908,5068,3.604080978963376,3.5859667302392344
3236,4908,3.6061537555096512,3.604080978963376
3236,3237,3.6061537555096512,3.4488361537442995
3928,3236,3.61020183103121,3.6061537555096512
3928,3927,3.61020183103121,3.562373380255586
4876,4718,3.6148292753279687,3.498480280992274
4876,4875,3.6148292753279687,3.554532350914989
23258,22939,3.6150642556533343,3.3260907161848143
23258,23417,3.6150642556533343,3.4351245633986034
4874,5032,3.623603811050855,3.5875879300642675
4874,4876,3.623603811050855,3.6148292753279687
3558,3928,3.623737989050856,3.61020183103121
3558,3559,3.623737989050856,3.606932363167993
22582,23063,3.63194992654785,2.9722736553002673
22582,22581,3.63194992654785,3.6280126566521798
3241,3558,3.6414568619172494,3.623737989050856
3241,3242,3.6414568619172494,3.611623205984894
25077,25237,3.646764466799044,3.582870171145598
25077,25076,3.646764466799044,3.5789890932462924
4916,3241,3.650709541781445,3.6414568619172494
4916,4915,3.650709541781445,3.617123297014519
4086,4085,3.651738781995647,3.622609914948125
4086,4916,3.651738781995647,3.650709541781445
24355,24189,3.66095763586518,3.511109896477106
24355,24356,3.66095763586518,3.6014286813131893
5598,4086,3.66254867352075,3.651738781995647
5598,5915,3.66254867352075,3.5443821596103864
1158,5598,3.664490238943595,3.66254867352075
1158,1318,3.664490238943595,3.6641635324349546
20053,20212,3.6724283746112203,3.596152509992987
20053,19417,3.6724283746112203,3.5064719304930896
22458,22137,3.6746201491509143,2.2612976798637185
22458,22618,3.6746201491509143,3.571457152474398
962,1122,3.677398195135043,3.1095379568781043
962,963,3.677398195135043,2.9213269143791862
16557,16397,3.678163131155377,3.6624975939888995
16557,16558,3.678163131155377,3.4316767448018406
6237,1158,3.679600144054777,3.664490238943595
6237,6238,3.679600144054777,3.6628714547849293
6234,6237,3.6805343500027625,3.679600144054777
6234,6233,3.6805343500027625,3.6695819709403783
22400,22560,3.7052198652247634,3.6876479918349747
22400,16484,3.7052198652247634,3.5764866443336403
6049,6234,3.7079944126128295,3.6805343500027625
6049,6208,3.7079944126128295,3.5269748005191404
18295,18455,3.7100566356398006,3.4618132090348936
18295,18452,3.7100566356398006,3.372977663012936
4084,4243,3.7156459737163656,3.647983724528441
4084,6049,3.7156459737163656,3.7079944126128295
15450,15289,3.7174458100801613,3.237381220256405
15450,15451,3.7174458100801613,3.58877474972939
20515,20355,3.727464097039925,3.7227930684164425
20515,20673,3.727464097039925,3.4717020310318176
10417,10257,3.7336999058333005,3.6494617376118024
10417,22400,3.7336999058333005,3.7052198652247634
10084,9926,3.7373140246410457,3.2267189449144573
10084,10417,3.7373140246410457,3.7336999058333005
15851,10084,3.7438974879744427,3.7373140246410457
15851,15852,3.7438974879744427,3.6913997657739857
23558,23886,3.753881150997097,3.2944568555435123
23558,23717,3.753881150997097,3.2678932747786864
1623,1622,3.7555372780369107,3.309846736587896
1623,4084,3.7555372780369107,3.7156459737163656
18290,18295,3.757369917245471,3.7100566356398006
18290,15851,3.757369917245471,3.7438974879744427
5593,5433,3.761332171562782,3.7387412183280677
5593,1623,3.761332171562782,3.7555372780369107
5593,5592,3.761332171562782,3.729801110964903
6232,5593,3.7662142302230825,3.761332171562782
6232,6392,3.7662142302230825,3.7641842024946426
6122,5485,3.7723246962142722,3.2659636520212088
6122,6124,3.7723246962142722,3.717442311610905
21631,18290,3.7825947706188257,3.757369917245471
21631,20515,3.7825947706188257,3.727464097039925
16078,16238,3.792020629175688,3.677302093344828
16078,15917,3.792020629175688,3.637224921602823
3561,6232,3.7952080905885563,3.7662142302230825
3561,3562,3.7952080905885563,3.7896667222152645
4398,4238,3.799341080595137,3.7343916175374727
4398,4874,3.799341080595137,3.623603811050855
5892,3561,3.8020204259516928,3.7952080905885563
5892,6052,3.8020204259516928,3.7419025502857286
1621,1939,3.804009117357007,3.0488587968836134
1621,5892,3.804009117357007,3.8020204259516928
5030,1621,3.8044043000488297,3.804009117357007
5030,4398,3.8044043000488297,3.799341080595137
20211,21631,3.80651143336612,3.7825947706188257
20211,20053,3.80651143336612,3.6724283746112203
21956,20211,3.8069176699918503,3.80651143336612
21956,21957,3.8069176699918503,3.7941085375738823
25364,25524,3.8127432998739463,3.7999068136273695
25364,25363,3.8127432998739463,3.481487533897813
22421,22582,3.81664003590222,3.63194992654785
22421,21956,3.81664003590222,3.8069176699918503
5912,5030,3.8215932807962365,3.8044043000488297
5912,5911,3.8215932807962365,3.8204432094136296
6212,5912,3.8240636485223396,3.8215932807962365
6212,6213,3.8240636485223396,3.8092631411423428
5872,6352,3.8328369570956053,3.6609514758587602
5872,5873,3.8328369570956053,3.771601588388379
8448,8128,3.8351831129125546,3.5389711897587683
8448,8609,3.8351831129125546,3.8288318324838078
16398,16078,3.8425804911743144,3.792020629175688
16398,16557,3.8425804911743144,3.678163131155377
4279,6212,3.849351416665644,3.8240636485223396
4279,4278,3.849351416665644,3.830945860271183
4403,4279,3.8499102158564615,3.849351416665644
4403,4562,3.8499102158564615,3.813908842801264
20160,22421,3.851422418608605,3.81664003590222
20160,20320,3.851422418608605,3.708239875962916
5432,5272,3.8528617465932546,3.845152658227011
5432,4403,3.8528617465932546,3.8499102158564615
5877,5432,3.8728545806308463,3.8528617465932546
5877,6037,3.8728545806308463,3.8441042609565264
22778,22458,3.8792505926689875,3.6746201491509143
22778,23258,3.8792505926689875,3.6150642556533343
24066,24226,3.9078925574745282,3.571203566089491
24066,24065,3.9078925574745282,3.8964024544271747
24066,24067,3.9078925574745282,3.8498313722174298
5392,5872,3.908280426613893,3.8328369570956053
5392,5877,3.908280426613893,3.8728545806308463
5372,5532,3.9223890105713064,3.8600847084114873
5372,5392,3.9223890105713064,3.908280426613893
5751,5372,3.925267628109757,3.9223890105713064
5751,5750,3.925267628109757,3.9162644815402836
7679,7359,3.9310604662036917,3.8868785652626276
7679,7839,3.9310604662036917,3.89897082161667
7183,5751,3.9336404824151674,3.925267628109757
7183,7182,3.9336404824151674,3.9271701885087666
4700,4860,3.941720114537084,3.9344005428409305
4700,7183,3.941720114537084,3.9336404824151674
21196,21036,3.9447600561204905,3.3889627135116176
21196,21357,3.9447600561204905,3.599311276447788
3734,4700,3.9466720878085892,3.941720114537084
3734,3733,3.9466720878085892,3.9134952149364435
5708,3734,3.9544607838379697,3.9466720878085892
5708,5868,3.9544607838379697,3.95295434273163
21644,21804,3.961266734391364,3.9301067525144213
21644,20160,3.961266734391364,3.851422418608605
5691,5851,3.96129952685903,3.9548719586627135
5691,5708,3.96129952685903,3.9544607838379697
4076,5691,3.969169672208741,3.96129952685903
4076,4075,3.969169672208741,3.9635046094101862
16172,21644,3.969251382363433,3.961266734391364
16172,16173,3.969251382363433,3.895308795623795
5496,6122,3.9903296465986506,3.7723246962142722
5496,5497,3.9903296465986506,3.8885209204979474
5850,4076,4.00701817995772,3.969169672208741
5850,6010,4.00701817995772,3.9897416952333264
5850,5849,4.00701817995772,3.981506163924824
18298,18297,4.010537775298638,3.9739643565737115
18298,16172,4.010537775298638,3.969251382363433
4861,5850,4.012666515271625,4.00701817995772
4861,5021,4.012666515271625,3.9793820926694807
7678,7679,4.02023816687754,3.9310604662036917
7678,7677,4.02023816687754,4.014060529590289
8771,8448,4.0247177003643015,3.8351831129125546
8771,8772,4.0247177003643015,3.97526776064766
25217,25377,4.032920562450411,3.3853948826302447
25217,25056,4.032920562450411,3.0314875043413037
6531,4861,4.043713468888238,4.012666515271625
6531,6691,4.043713468888238,4.0424466330599165
24036,23558,4.0530527080402265,3.753881150997097
24036,24355,4.0530527080402265,3.66095763586518
6188,6347,4.071373349049206,4.0335808292793
6188,6531,4.071373349049206,4.043713468888238
7648,7488,4.073737079366936,4.05492445314002
7648,8771,4.073737079366936,4.0247177003643015
5498,5338,4.074975465004196,4.072409769104285
5498,5496,4.074975465004196,3.9903296465986506
25521,25520,4.075235397814836,3.5342862361669924
25521,25364,4.075235397814836,3.8127432998739463
9092,7648,4.083208037858838,4.073737079366936
9092,9413,4.083208037858838,3.746883006673577
23936,24096,4.088503307523491,3.987230347096497
23936,23777,4.088503307523491,3.8718431256573735
24013,24173,4.088592749778611,4.045274023552763
24013,23852,4.088592749778611,3.921224756236009
6879,6188,4.08982098908304,4.071373349049206
6879,7678,4.08982098908304,4.02023816687754
17609,17449,4.094608976395056,4.074279137759233
17609,18298,4.094608976395056,4.010537775298638
23479,23318,4.097702157999635,3.871105474149028
23479,23799,4.097702157999635,3.7205581770840928
9894,9092,4.1013297969173275,4.083208037858838
9894,10214,4.1013297969173275,4.033391159448397
14967,14807,4.113585769487683,4.020510541815982
14967,15450,4.113585769487683,3.7174458100801613
7489,7008,4.125828961015122,3.954104366994589
7489,9894,4.125828961015122,4.1013297969173275
15914,15754,4.142661158205446,4.129582500133336
15914,16398,4.142661158205446,3.8425804911743144
24546,24066,4.145208990099705,3.9078925574745282
24546,24866,4.145208990099705,3.485010594710817
10419,17609,4.146856603440174,4.094608976395056
10419,10420,4.146856603440174,3.934869100293573
6182,6342,4.147476154433336,4.1415194434866285
6182,6183,4.147476154433336,4.146057053521301
6533,6879,4.148314880971235,4.08982098908304
6533,6693,4.148314880971235,4.139639408195288
6849,6533,4.151486014763245,4.148314880971235
6849,7489,4.151486014763245,4.125828961015122
5179,5019,4.158181723208712,4.148929733987022
5179,5498,4.158181723208712,4.074975465004196
5179,5180,4.158181723208712,4.140615363918539
4859,6849,4.172292406837848,4.151486014763245
4859,5179,4.172292406837848,4.158181723208712
10580,10419,4.17679846727549,4.146856603440174
10580,10581,4.17679846727549,4.172561310262207
6692,4859,4.183469072691072,4.172292406837848
6692,6852,4.183469072691072,4.158361082529542
15753,15752,4.184918672295467,4.108086734749302
15753,15914,4.184918672295467,4.142661158205446
6184,6344,4.1912716275691535,4.1765897387094935
6184,6182,4.1912716275691535,4.147476154433336
22906,10580,4.200111372271717,4.17679846727549
22906,22907,4.200111372271717,4.1963076689679015
23547,24036,4.210363045203424,4.0530527080402265
23547,22906,4.210363045203424,4.200111372271717
11661,11501,4.214352516690644,4.123975550652588
11661,11660,4.214352516690644,4.151275484260061
11661,11662,4.214352516690644,4.154547804409488
6185,6025,4.221980707667535,4.214872324561819
6185,6184,4.221980707667535,4.1912716275691535
6346,6185,4.223256856038882,4.221980707667535
6346,6692,4.223256856038882,4.183469072691072
7502,6346,4.228849609665561,4.223256856038882
7502,7662,4.228849609665561,4.196704490349247
21802,23547,4.23555633436382,4.210363045203424
21802,21962,4.23555633436382,4.141863356642176
6697,7502,4.239228343634504,4.228849609665561
6697,6857,4.239228343634504,4.233692588086733
5933,5936,4.261339689279119,3.3754528500798657
5933,5932,4.261339689279119,3.5466194016366384
6023,5863,4.261702572094997,4.192759377150382
6023,6697,4.261702572094997,4.239228343634504
25337,22778,4.262845994400362,3.8792505926689875
25337,25496,4.262845994400362,4.135769804017825
7002,6023,4.2709870886666135,4.261702572094997
7002,7162,4.2709870886666135,4.225568705414104
14806,14646,4.271083837461127,4.162009401308941
14806,14967,4.271083837461127,4.113585769487683
23370,21802,4.273393598754829,4.23555633436382
23370,23371,4.273393598754829,4.256388840037458
16544,23370,4.278250872340223,4.273393598754829
16544,15905,4.278250872340223,2.721948447054566
6167,6327,4.286396238263745,4.2673804681427825
6167,7002,4.286396238263745,4.2709870886666135
22122,16544,4.289053846544772,4.278250872340223
22122,22123,4.289053846544772,3.9787248663113575
15125,15285,4.314148493363347,4.298329939704479
15125,15124,4.314148493363347,4.155023015102249
24014,24013,4.326494785637185,4.088592749778611
24014,24015,4.326494785637185,4.290468810830547
9595,9434,4.34085982310161,4.193626527131586
9595,9755,4.34085982310161,4.337240261201508
6501,6500,4.342634804581904,4.316751381602319
6501,6167,4.342634804581904,4.286396238263745
7661,6501,4.344578100337593,4.342634804581904
7661,7660,4.344578100337593,4.288545241696866
7326,7325,4.3552388722958595,4.354665302729266
7326,7661,4.3552388722958595,4.344578100337593
18326,18167,4.361199037134905,4.01614972549911
18326,20087,4.361199037134905,3.598387904113893
5342,7326,4.363428358984121,4.3552388722958595
5342,5502,4.363428358984121,4.330988651475354
5702,5542,4.363954933050035,4.3604966494612
5702,5342,4.363954933050035,4.363428358984121
12222,12062,4.36569127364939,4.244025812452115
12222,12382,4.36569127364939,4.2197220829934405
12222,12221,4.36569127364939,4.160179579122162
7000,5702,4.366761719412273,4.363954933050035
7000,7160,4.366761719412273,4.351614061481703
14485,14806,4.371516986854058,4.271083837461127
14485,14484,4.371516986854058,4.332987085200011
7490,7000,4.374202265877175,4.366761719412273
7490,7491,4.374202265877175,4.357635636208039
5661,5821,4.385772769497899,4.3321777242576935
5661,7490,4.385772769497899,4.374202265877175
14644,14485,4.39162256379721,4.371516986854058
14644,14643,4.39162256379721,4.370436544619101
6818,6658,4.394361447775745,4.32600466009361
6818,6977,4.394361447775745,4.379883900282602
6099,6259,4.400128356251224,4.198071258588829
6099,6098,4.400128356251224,4.1870381933384575
6997,5661,4.410306232022569,4.385772769497899
6997,6998,4.410306232022569,4.406105676906804
23531,22122,4.4107068880436024,4.289053846544772
23531,24014,4.4107068880436024,4.326494785637185
6499,6818,4.4290735594290345,4.394361447775745
6499,6997,4.4290735594290345,4.410306232022569
5938,5933,4.4299444551159874,4.261339689279119
5938,6099,4.4299444551159874,4.400128356251224
9436,9595,4.444089179877747,4.34085982310161
9436,9437,4.444089179877747,4.296592621114979
7641,6499,4.446860209918089,4.4290735594290345
7641,7640,4.446860209918089,4.4220586069360905
9276,9116,4.4486604208137495,4.366226285357486
9276,9436,4.4486604208137495,4.444089179877747
11546,11386,4.448782771566287,3.911534101804055
11546,11547,4.448782771566287,4.396004616394402
15286,14644,4.45214473658814,4.39162256379721
15286,15125,4.45214473658814,4.314148493363347
9278,9118,4.456619272369488,4.412221409165245
9278,9276,4.456619272369488,4.4486604208137495
8954,9278,4.459851666650219,4.456619272369488
8954,8955,4.459851666650219,4.425428161530391
5663,5823,4.460818423509969,4.412345762232601
5663,7641,4.460818423509969,4.446860209918089
6647,5663,4.461655859358993,4.460818423509969
6647,6807,4.461655859358993,4.44379739844729
7452,7612,4.463524471041953,4.351208841720777
7452,7453,4.463524471041953,4.38064258823438
9914,8954,4.47392356187779,4.459851666650219
9914,10074,4.47392356187779,4.445411574973493
9914,9913,4.47392356187779,4.4624079743573875
7479,6647,4.474204701940546,4.461655859358993
7479,7478,4.474204701940546,4.405044829095091
9117,8957,4.48024772695076,4.463272135097069
9117,9914,4.48024772695076,4.47392356187779
10741,23531,4.48268341150485,4.4107068880436024
10741,10742,4.48268341150485,4.192851935491238
14323,15286,4.485589903818603,4.45214473658814
14323,14322,4.485589903818603,4.398036425022393
9080,8920,4.487803028677724,4.45489753308291
9080,9079,4.487803028677724,4.408023360079702
8634,9117,4.490404790787773,4.48024772695076
8634,8633,4.490404790787773,4.42400991981058
15435,15753,4.50399601772114,4.184918672295467
15435,15436,4.50399601772114,4.503893944013364
7333,7479,4.506013404963751,4.474204701940546
7333,7493,4.506013404963751,4.502113428445959
8959,7333,4.5084849168498575,4.506013404963751
8959,8634,4.5084849168498575,4.490404790787773
7797,7637,4.5240487226588275,4.484888535145952
7797,8959,4.5240487226588275,4.5084849168498575
18970,18812,4.5289398310434485,3.6525130204445087
18970,18326,4.5289398310434485,4.361199037134905
22446,22606,4.534598116550097,4.450114507005348
22446,22445,4.534598116550097,4.522514301482555
10938,10937,4.537653572304232,4.292702296705
10938,10786,4.537653572304232,3.55135251786894
17686,18970,4.542530947861846,4.5289398310434485
17686,17370,4.542530947861846,1.920863998767029
6419,5938,4.5482754171103705,4.4299444551159874
6419,6420,4.5482754171103705,4.403014786113405
9241,9080,4.5557863649980606,4.487803028677724
9241,9242,4.5557863649980606,4.553926395897087
25027,24546,4.569361525640435,4.145208990099705
25027,25507,4.569361525640435,2.940542793817995
6164,6004,4.583826760210015,4.561549793458705
6164,7797,4.583826760210015,4.5240487226588275
6164,6163,4.583826760210015,4.5470144281089855
18017,17686,4.584593952488277,4.542530947861846
18017,18337,4.584593952488277,4.217219040951488
8597,8757,4.5858713010768195,4.579546423882721
8597,8598,4.5858713010768195,4.553641819362082
8599,9241,4.598438978051447,4.5557863649980606
8599,8597,4.598438978051447,4.5858713010768195
22286,22446,4.602100709471225,4.534598116550097
22286,22287,4.602100709471225,4.475118751322132
23156,21870,4.61271353111966,3.4824135400176393
23156,23479,4.61271353111966,4.097702157999635
5844,6164,4.612747072808914,4.583826760210015
5844,5843,4.612747072808914,4.569474622449781
18798,18638,4.615543352123687,4.093232031935329
18798,18797,4.615543352123687,4.457465028105705
17510,17193,4.618534501975184,3.4948779536296426
17510,10741,4.618534501975184,4.48268341150485
9758,5844,4.618627933560319,4.612747072808914
9758,9918,4.618627933560319,4.615641561351251
11743,12222,4.619377417025431,4.36569127364939
11743,10938,4.619377417025431,4.537653572304232
5281,17510,4.632736784970971,4.618534501975184
5281,5280,4.632736784970971,4.088133300466156
16876,15435,4.633166562034662,4.50399601772114
16876,5281,4.633166562034662,4.632736784970971
7336,9758,4.633811988526486,4.618627933560319
7336,7496,4.633811988526486,4.62806229359011
18637,18798,4.634870249076085,4.615543352123687
18637,16876,4.634870249076085,4.633166562034662
8118,7336,4.636533437022944,4.633811988526486
8118,8278,4.636533437022944,4.5311066129856705
7993,8118,4.638689789475757,4.636533437022944
7993,7992,4.638689789475757,4.603543802863259
8473,8313,4.6412957557632115,4.578440204596045
8473,7993,4.6412957557632115,4.638689789475757
7497,8473,4.64781864223441,4.6412957557632115
7497,7657,4.64781864223441,4.594284891028611
8439,7497,4.6481338329245325,4.64781864223441
8439,8599,4.6481338329245325,4.598438978051447
23360,18637,4.649829049259618,4.634870249076085
23360,23520,4.649829049259618,4.630531858832366
5686,8439,4.653409514241931,4.6481338329245325
5686,5685,4.653409514241931,4.652989406855066
9917,5686,4.654243109418242,4.653409514241931
9917,10237,4.654243109418242,4.589397217826596
20387,23360,4.656573457109397,4.649829049259618
20387,21504,4.656573457109397,3.540284227021302
10935,11094,4.662256464618734,4.169393687284256
10935,11743,4.662256464618734,4.619377417025431
11387,11546,4.662869039803926,4.448782771566287
11387,11389,4.662869039803926,3.819148731003436
7817,9917,4.677202756994181,4.654243109418242
7817,7977,4.677202756994181,4.677068093960493
23538,20387,4.677874130614003,4.656573457109397
23538,23537,4.677874130614003,4.653131952258845
15136,14817,4.678078235835192,4.107521028344114
15136,14323,4.678078235835192,4.485589903818603
8312,7817,4.678318090612799,4.677202756994181
8312,8311,4.678318090612799,4.655524083435725
2902,8312,4.680896223546792,4.678318090612799
2902,2903,4.680896223546792,4.611356625127813
10395,2902,4.697142175770422,4.680896223546792
10395,10555,4.697142175770422,4.669466373649784
4364,4204,4.701143705997153,4.668911119961135
4364,10395,4.701143705997153,4.697142175770422
6115,5787,4.732831299225499,1.9036619946139939
6115,5957,4.732831299225499,4.6173637715195115
12702,10935,4.7377592401606,4.662256464618734
12702,12852,4.7377592401606,3.2830819613114
4692,4372,4.739821078083038,4.590855374478403
4692,4364,4.739821078083038,4.701143705997153
10743,10583,4.740264383783414,4.479501610773515
10743,23538,4.740264383783414,4.677874130614003
24001,24320,4.740566965924664,4.556291370829374
24001,23842,4.740566965924664,4.666033213814556
9236,4692,4.742595314812287,4.739821078083038
9236,9235,4.742595314812287,4.6976475341144255
7955,9236,4.743682807973005,4.742595314812287
7955,8115,4.743682807973005,4.74088047273403
5958,7955,4.74894097046146,4.743682807973005
5958,6115,4.74894097046146,4.732831299225499
21967,22286,4.75114321908281,4.602100709471225
21967,10743,4.75114321908281,4.740264383783414
14162,14002,4.754403102125705,4.662363209274854
14162,15136,4.754403102125705,4.678078235835192
6644,5958,4.7546949738327315,4.74894097046146
6644,6643,4.7546949738327315,4.751718798450753
21041,18017,4.757248487394218,4.584593952488277
21041,21196,4.757248487394218,3.9447600561204905
25152,21967,4.761383027522901,4.75114321908281
25152,25472,4.761383027522901,4.6604062173699745
12836,25152,4.762444566126589,4.761383027522901
12836,12702,4.762444566126589,4.7377592401606
6975,6644,4.763621976544968,4.7546949738327315
6975,7452,4.763621976544968,4.463524471041953
8151,6975,4.784693457111289,4.763621976544968
8151,8150,4.784693457111289,4.776001438734432
8916,8151,4.785556594586031,4.784693457111289
8916,8915,4.785556594586031,4.780574438530356
23680,12836,4.787655340413743,4.762444566126589
23680,24001,4.787655340413743,4.740566965924664
24162,23680,4.792410011240071,4.787655340413743
24162,24482,4.792410011240071,4.567526152882596
9074,8916,4.79692914146885,4.785556594586031
9074,9073,4.79692914146885,4.78344517268088
6592,9074,4.799295202986325,4.79692914146885
6592,6752,4.799295202986325,4.7090359319449195
9007,8527,4.810584110417087,3.134306232801722
9007,9167,4.810584110417087,4.342346449972735
12297,11661,4.8130284015558225,4.214352516690644
12297,12457,4.8130284015558225,4.807663667958088
4967,6419,4.834274250548617,4.5482754171103705
4967,4966,4.834274250548617,4.536521057161692
7975,6592,4.836413468849319,4.799295202986325
7975,8135,4.836413468849319,4.835281247728177
8136,7975,4.853786467341475,4.836413468849319
8136,8296,4.853786467341475,4.823457439390152
7107,6947,4.8578439176191255,4.72822517229186
7107,8136,4.8578439176191255,4.853786467341475
12471,12311,4.858786282421956,4.831103722779632
12471,12472,4.858786282421956,4.650137950516951
8114,7107,4.8599729547825,4.8578439176191255
8114,8274,4.8599729547825,4.840420651117652
10071,8114,4.866719732998305,4.8599729547825
10071,10230,4.866719732998305,4.789164911742733
10558,10071,4.870287062297157,4.866719732998305
10558,10718,4.870287062297157,4.824868888366965
8297,10558,4.887847812500988,4.870287062297157
8297,8457,4.887847812500988,4.836034600201874
8297,8298,4.887847812500988,4.866294830578328
11519,11199,4.888325924785116,4.880908626232361
11519,11839,4.888325924785116,4.847186182235158
11039,11519,4.892025277198602,4.888325924785116
11039,11038,4.892025277198602,4.839296381229332
10717,8297,4.893503416124323,4.887847812500988
10717,10877,4.893503416124323,4.851732256092201
24804,24162,4.893641691347607,4.792410011240071
24804,24805,4.893641691347607,4.75095750728395
24965,24804,4.906435424219498,4.893641691347607
24965,25125,4.906435424219498,4.84471670779697
24965,24966,4.906435424219498,4.783505901654497
21209,21368,4.909570278226579,4.520649787148029
21209,21210,4.909570278226579,4.8929950441972965
24121,23156,4.912064880365424,4.61271353111966
24121,24281,4.912064880365424,4.866682300064533
19455,19295,4.91824618641898,4.627927572721834
19455,19456,4.91824618641898,4.605720601151939
11037,10717,4.921885850421035,4.893503416124323
11037,11039,4.921885850421035,4.892025277198602
6627,11037,4.923390320033647,4.921885850421035
6627,6628,4.923390320033647,4.75668059324747
6470,6310,4.926442497404032,4.925173893597126
6470,6627,4.926442497404032,4.923390320033647
23214,24965,4.927599149967736,4.906435424219498
23214,23215,4.927599149967736,4.895767553711565
6262,4967,4.931364438396735,4.834274250548617
6262,6470,4.931364438396735,4.926442497404032
9882,6262,4.938532371018982,4.931364438396735
9882,10042,4.938532371018982,4.936884720711822
22795,22635,4.938630516846857,4.74185279262768
22795,22953,4.938630516846857,3.8465569603617547
24818,24978,4.942594113889375,4.865977503936622
24818,24657,4.942594113889375,4.8544880138126
25126,23214,4.951443934083767,4.927599149967736
25126,25127,4.951443934083767,4.760819495316261
6251,9882,4.964003422858182,4.938532371018982
6251,25126,4.964003422858182,4.951443934083767
24964,6251,4.973371395240476,4.964003422858182
24964,24963,4.973371395240476,4.968715007936366
24337,24818,4.982593392553452,4.942594113889375
24337,24964,4.982593392553452,4.973371395240476
8098,8258,4.990172102630752,4.987181959891248
8098,8097,4.990172102630752,4.966200801781462
4806,24337,4.9912251049810274,4.982593392553452
4806,4805,4.9912251049810274,4.776780638637869
10388,4806,5.0183284702354936,4.9912251049810274
10388,10387,5.0183284702354936,4.9955595172960265
19134,21041,5.032255247434162,4.757248487394218
19134,19455,5.032255247434162,4.91824618641898
10904,10388,5.041360253981727,5.0183284702354936
10904,11387,5.041360253981727,4.662869039803926
19457,19617,5.051709844030819,4.924338954183434
19457,19134,5.051709844030819,5.032255247434162
24800,10904,5.052901443408141,5.041360253981727
24800,25120,5.052901443408141,4.871695732134695
8257,8098,5.058725823430408,4.990172102630752
8257,8417,5.058725823430408,5.054839774770588
10866,10706,5.071591990890588,5.022176796498646
10866,12297,5.071591990890588,4.8130284015558225
10866,10867,5.071591990890588,4.931406822620336
645,9,5.0764121480538416,3.36830170038954
645,962,5.0764121480538416,3.677398195135043
10707,24800,5.080039083430807,5.052901443408141
10707,10866,5.080039083430807,5.071591990890588
10707,10708,5.080039083430807,5.035322655971705
10873,10707,5.092427940244381,5.080039083430807
10873,10872,5.092427940244381,5.092269815409779
5444,5284,5.099459639714198,4.792692935366792
5444,10873,5.099459639714198,5.092427940244381
10868,5444,5.109310403761665,5.099459639714198
10868,10869,5.109310403761665,5.101192921043251
21047,19457,5.111690889111251,5.051709844030819
21047,21209,5.111690889111251,4.909570278226579
3863,3862,5.111928543515825,5.109178159557181
3863,10868,5.111928543515825,5.109310403761665
10029,9868,5.132716418796575,5.12083559226946
10029,10188,5.132716418796575,5.093591502109206
7617,3863,5.138438334849022,5.111928543515825
7617,8257,5.138438334849022,5.058725823430408
10689,7617,5.139058787558086,5.138438334849022
10689,10688,5.139058787558086,5.093581157030879
11553,11393,5.139464626573403,4.974067407179515
11553,10689,5.139464626573403,5.139058787558086
9713,11553,5.141177532220851,5.139464626573403
9713,9873,5.141177532220851,5.10970502569441
4645,9713,5.146865879731024,5.141177532220851
4645,4160,5.146865879731024,2.7840238128282473
19777,21047,5.147318488347108,5.111690889111251
19777,19937,5.147318488347108,4.86910831780895
10846,10845,5.148043265548036,5.118200010806057
10846,10847,5.148043265548036,5.061002573232016
14613,4645,5.149281854355648,5.146865879731024
14613,14614,5.149281854355648,5.029209318473687
10546,14613,5.151139399669301,5.149281854355648
10546,10545,5.151139399669301,5.113912255240592
24441,24121,5.155504399733536,4.912064880365424
24441,24442,5.155504399733536,4.874503016481345
16262,16422,5.166366790886457,5.039947622407509
16262,16263,5.166366790886457,5.075768927527601
24962,10546,5.1667935085834085,5.151139399669301
24962,25122,5.1667935085834085,5.162505328508059
7462,24962,5.170021113809253,5.1667935085834085
7462,7782,5.170021113809253,5.149286888706133
10187,10027,5.172146805494695,5.140976776277535
10187,10029,5.172146805494695,5.132716418796575
10687,10846,5.184249327204699,5.148043265548036
10687,7462,5.184249327204699,5.170021113809253
13,645,5.185160417695998,5.0764121480538416
13,10687,5.185160417695998,5.184249327204699
8577,13,5.185815064702188,5.185160417695998
8577,8578,5.185815064702188,5.125546522246859
7281,8577,5.192762342995521,5.185815064702188
7281,7280,5.192762342995521,5.132748715753396
10851,7281,5.198105722146744,5.192762342995521
10851,10850,5.198105722146744,5.197198033094858
12479,10851,5.20496354616454,5.198105722146744
12479,12799,5.20496354616454,5.114558543094725
14001,13841,5.212738659113359,5.068941712498599
14001,14162,5.212738659113359,4.754403102125705
12468,12471,5.217550714663564,4.858786282421956
12468,12467,5.217550714663564,5.193544311027645
7440,12479,5.2179694555574585,5.20496354616454
7440,7438,5.2179694555574585,4.9784741881908205
14318,14317,5.221973803939121,5.126447995608272
14318,14001,5.221973803939121,5.212738659113359
162,0,5.223104531781296,3.430263808721256
162,7440,5.223104531781296,5.2179694555574585
14157,13997,5.234408208499934,5.140920260440485
14157,14318,5.234408208499934,5.221973803939121
14003,13843,5.234688594914366,5.114981587722175
14003,14157,5.234688594914366,5.234408208499934
10684,162,5.236460978234321,5.223104531781296
10684,10683,5.236460978234321,5.235795652420772
14231,14229,5.241262428420684,4.9155462064096325
14231,14232,5.241262428420684,5.113589081659536
10524,10684,5.247567969540924,5.236460978234321
10524,10525,5.247567969540924,5.227934536395872
14226,14224,5.250992973225974,5.160776689934062
14226,14231,5.250992973225974,5.241262428420684
9390,10187,5.251588948227271,5.172146805494695
9390,10524,5.251588948227271,5.247567969540924
13907,14226,5.260735942035832,5.250992973225974
13907,13906,5.260735942035832,5.2393997136205614
10679,9390,5.264788518300929,5.251588948227271
10679,10678,5.264788518300929,5.257187216148145
11243,11403,5.265484885216176,5.181171938791452
11243,11244,5.265484885216176,5.0379261222534195
13387,13227,5.270642527630065,5.106825576816209
13387,13388,5.270642527630065,5.226486848563519
13228,13387,5.270929322798515,5.270642527630065
13228,13229,5.270929322798515,5.1644960757368406
13216,13056,5.291333396304253,5.221304316490762
13216,13217,5.291333396304253,5.102294085161772
10992,11152,5.296474833731717,5.284744152057948
10992,10993,5.296474833731717,5.295640186479726
7948,10679,5.299313174275878,5.264788518300929
7948,8268,5.299313174275878,5.1909582903715945
11313,11473,5.309669714791434,5.248777098555673
11313,10992,5.309669714791434,5.296474833731717
11313,11314,5.309669714791434,5.283898805858931
11309,11469,5.311095630126617,5.303135688959713
11309,11310,5.311095630126617,5.277645100812122
9792,9791,5.313161923815744,4.926952523162656
9792,9793,5.313161923815744,4.892209776624194
9872,7948,5.316319875402832,5.299313174275878
9872,10032,5.316319875402832,5.268314779523328
8751,9872,5.319325335966031,5.316319875402832
8751,8750,5.319325335966031,5.311123311936605
24576,23936,5.321672407508015,4.088503307523491
24576,25217,5.321672407508015,4.032920562450411
13278,8751,5.323147187416319,5.319325335966031
13278,13277,5.323147187416319,5.310175942543199
14071,13911,5.326811740827189,5.264403156348708
14071,13907,5.326811740827189,5.260735942035832
8429,13278,5.327640541077331,5.323147187416319
8429,8588,5.327640541077331,5.318961295139507
8262,8429,5.331855425471441,5.327640541077331
8262,8422,5.331855425471441,5.32897832051786
8262,8263,5.331855425471441,5.286383713351384
10036,8262,5.342122861382467,5.331855425471441
10036,10035,5.342122861382467,5.320911263579398
10997,10837,5.3451988785903035,5.344169460032229
10997,10998,5.3451988785903035,5.342276946424193
11470,11309,5.34635064122935,5.311095630126617
11470,11471,5.34635064122935,5.252118021782732
10999,10036,5.348623651191407,5.342122861382467
10999,10997,5.348623651191407,5.3451988785903035
25161,10999,5.352760264096526,5.348623651191407
25161,25162,5.352760264096526,5.3014279130892765
11002,10842,5.357063019920595,5.3275187740174275
11002,25161,5.357063019920595,5.352760264096526
11472,11313,5.358570786700917,5.309669714791434
11472,11632,5.358570786700917,5.301580226060123
11472,11470,5.358570786700917,5.34635064122935
2576,11002,5.36014113362176,5.357063019920595
2576,2571,5.36014113362176,0.06024289318235319
14073,13913,5.362746542920117,5.339151384072575
14073,14071,5.362746542920117,5.326811740827189
13996,13836,5.385947438219057,5.3476010208694325
13996,14003,5.385947438219057,5.234688594914366
13996,13995,5.385947438219057,5.324793565524486
25002,2576,5.397461107698805,5.36014113362176
25002,25003,5.397461107698805,5.3638918391273185
21981,25002,5.40635473305929,5.397461107698805
21981,21980,5.40635473305929,5.338428257588242
13905,13745,5.408190170916241,5.362787974326757
13905,14073,5.408190170916241,5.362746542920117
11319,21981,5.411572085473615,5.40635473305929
11319,11478,5.411572085473615,5.3601295212478774
8088,8248,5.413823217398152,5.331441433647402
8088,11319,5.413823217398152,5.411572085473615
12305,8088,5.42311003535521,5.413823217398152
12305,12468,5.42311003535521,5.217550714663564
14543,13905,5.429318493059308,5.408190170916241
14543,14703,5.429318493059308,5.402403595141186
22146,12305,5.430112289559152,5.42311003535521
22146,22147,5.430112289559152,5.414581249703664
13226,13066,5.43642245921605,5.433809823402067
13226,13225,5.43642245921605,5.357008521919543
13226,13228,5.43642245921605,5.270929322798515
13840,13996,5.437177155749269,5.385947438219057
13840,13839,5.437177155749269,5.421623311227653
13385,13226,5.44628510188545,5.43642245921605
13385,13384,5.44628510188545,5.319243959484034
10833,10673,5.448139500466146,5.339088439354813
10833,11472,5.448139500466146,5.358570786700917
13994,22146,5.463483519761921,5.430112289559152
13994,13840,5.463483519761921,5.437177155749269
3861,3859,5.468982642188427,5.187620976803518
3861,13994,5.468982642188427,5.463483519761921
23424,25027,5.4696675800573615,4.569361525640435
23424,25337,5.4696675800573615,4.262845994400362
10355,3861,5.474367333401802,5.468982642188427
10355,10515,5.474367333401802,5.466520365478297
13424,14543,5.480614734101751,5.429318493059308
13424,13423,5.480614734101751,5.440726965935363
10990,10830,5.486705431658795,5.46289672290925
10990,10833,5.486705431658795,5.448139500466146
10829,10355,5.4867913500200105,5.474367333401802
10829,10990,5.4867913500200105,5.486705431658795
10672,10829,5.495368983923532,5.4867913500200105
10672,10671,5.495368983923532,5.467642546698344
13862,13385,5.500462949946089,5.44628510188545
13862,14022,5.500462949946089,5.305386670852465
13862,13861,5.500462949946089,5.48160080031665
8247,8407,5.509018301138268,5.348957298015151
8247,10672,5.509018301138268,5.495368983923532
13104,8247,5.51078971905475,5.509018301138268
13104,13103,5.51078971905475,5.461708457986144
13218,13058,5.510884839453395,5.46582932802675
13218,13216,5.510884839453395,5.291333396304253
14712,13424,5.524418683685175,5.480614734101751
14712,14872,5.524418683685175,5.463742095652232
13264,13104,5.52465098053805,5.51078971905475
13264,14712,5.52465098053805,5.524418683685175
11475,13264,5.524894525388399,5.52465098053805
11475,11476,5.524894525388399,5.510563716851637
21847,19777,5.529372920031446,5.147318488347108
21847,22007,5.529372920031446,5.496358530189118
5462,11475,5.529999142937959,5.524894525388399
5462,5461,5.529999142937959,5.4588006716720585
13057,12897,5.530345573181509,5.444019385468884
13057,13218,5.530345573181509,5.510884839453395
13231,13862,5.53079849777056,5.500462949946089
13231,13232,5.53079849777056,5.49630963808025
11484,5462,5.531204668167116,5.529999142937959
11484,11483,5.531204668167116,5.495087659754025
11507,11484,5.5387436235011975,5.531204668167116
11507,11508,5.5387436235011975,5.509549628380736
21979,23424,5.5393987052420774,5.4696675800573615
21979,11507,5.5393987052420774,5.5387436235011975
11628,21979,5.539738916225194,5.5393987052420774
11628,11627,5.539738916225194,5.503222656152984
13434,13594,5.539892246003232,5.531107161229549
13434,13275,5.539892246003232,5.513205800765342
9785,11628,5.545351505697679,5.539738916225194
9785,9786,5.545351505697679,5.4644166457886465
9706,9785,5.550276040971959,5.545351505697679
9706,9705,5.550276040971959,5.51105456875116
12896,13057,5.551591572503947,5.530345573181509
12896,12895,5.551591572503947,5.49619732428284
13274,9706,5.554599930664804,5.550276040971959
13274,13434,5.554599930664804,5.539892246003232
13837,13677,5.566551359900187,5.36330338908482
13837,13274,5.566551359900187,5.554599930664804
11477,13837,5.5676071152468944,5.566551359900187
11477,11637,5.5676071152468944,5.530128368089778
12948,11477,5.5698796276316385,5.5676071152468944
12948,13108,5.5698796276316385,5.518352014171501
8406,12948,5.570548266383835,5.5698796276316385
8406,8723,5.570548266383835,5.102308670087983
10063,9903,5.577073340437356,5.536904521874814
10063,8406,5.577073340437356,5.570548266383835
14863,10063,5.585622942149114,5.577073340437356
14863,15023,5.585622942149114,5.582134174202487
14863,14862,5.585622942149114,5.553782905289293
14615,14863,5.608477044656645,5.585622942149114
14615,14616,5.608477044656645,5.5948594052468
9161,9160,5.615619351779379,5.345972584425712
9161,9162,5.615619351779379,5.511089685223103
9641,9801,5.665569147405816,5.544610246754492
9641,9640,5.665569147405816,5.592601894462314
13233,13073,5.669384634700789,5.554600414023488
13233,13231,5.669384634700789,5.53079849777056
8371,9007,5.685198429634396,4.810584110417087
8371,8372,5.685198429634396,5.314040758281588
24982,24823,5.687082438850107,5.577361396979052
24982,14615,5.687082438850107,5.608477044656645
24599,25077,5.698778607848114,3.646764466799044
24599,24441,5.698778607848114,5.155504399733536
11643,24982,5.709832587269049,5.687082438850107
11643,11642,5.709832587269049,5.669119878299988
9742,9582,5.724548797491922,5.693899820060297
9742,11643,5.724548797491922,5.709832587269049
11248,11088,5.7246952840681296,5.59052044313231
11248,11249,5.7246952840681296,5.672812595218714
9946,9742,5.726694243493381,5.724548797491922
9946,9947,5.726694243493381,5.543925014635695
11306,9946,5.728467875787073,5.726694243493381
11306,11305,5.728467875787073,5.696665415741065
20551,11306,5.733434927401958,5.728467875787073
20551,21847,5.733434927401958,5.529372920031446
24587,24427,5.734672051479153,5.45874975087867
24587,24588,5.734672051479153,5.436139785002012
9481,9161,5.736943916535537,5.615619351779379
9481,9641,5.736943916535537,5.665569147405816
14138,20551,5.74193282466723,5.733434927401958
14138,14298,5.74193282466723,5.683612124719155
14861,14138,5.753410197845486,5.74193282466723
14861,14860,5.753410197845486,5.712319410461957
12734,12896,5.759399665141255,5.551591572503947
12734,12733,5.759399665141255,5.740871599918045
11465,14861,5.777180990023359,5.753410197845486
11465,11625,5.777180990023359,5.7262890910327044
12037,11717,5.783574889077898,5.704753578208769
12037,11465,5.783574889077898,5.777180990023359
9316,9476,5.785384871423614,5.756411744758066
9316,9318,5.785384871423614,5.48266068456293
13412,13572,5.786541297246689,5.744435646047128
13412,13413,5.786541297246689,5.770671177108656
9319,9481,5.787350739391582,5.736943916535537
9319,9316,5.787350739391582,5.785384871423614
7548,7388,5.804128757944675,5.522134627545201
7548,7708,5.804128757944675,5.317414488194152
11353,12037,5.807652523619146,5.783574889077898
11353,11513,5.807652523619146,5.7759018890436655
11402,11243,5.821117521139986,5.265484885216176
11402,11562,5.821117521139986,5.593140779258151
11402,11401,5.821117521139986,5.6687618897796295
14051,13891,5.825867017428979,5.75469197179871
14051,14052,5.825867017428979,5.676968669482794
13892,13412,5.827713481813555,5.786541297246689
13892,14051,5.827713481813555,5.825867017428979
13414,11353,5.829311567002126,5.807652523619146
13414,13892,5.829311567002126,5.827713481813555
12771,12930,5.834349286086497,5.811037637150741
12771,13414,5.834349286086497,5.829311567002126
9475,9792,5.835023277918496,5.313161923815744
9475,9319,5.835023277918496,5.787350739391582
13540,12734,5.857555472093063,5.759399665141255
13540,13233,5.857555472093063,5.669384634700789
12929,13088,5.857710196490134,5.80792335694283
12929,12771,5.857710196490134,5.834349286086497
16106,16262,5.861193444403781,5.166366790886457
16106,16107,5.861193444403781,5.795129083808834
22957,22795,5.862679531008551,4.938630516846857
22957,22959,5.862679531008551,5.638302396312409
14458,12929,5.866547560620553,5.857710196490134
14458,14457,5.866547560620553,5.844499096969673
13731,14458,5.871938835967886,5.866547560620553
13731,13730,5.871938835967886,5.840064053064964
10919,10759,5.8737753256997065,5.626209400680675
10919,10918,5.8737753256997065,5.774852484660087
13249,13731,5.8817406461549515,5.871938835967886
13249,13250,5.8817406461549515,5.842303255089258
13060,13540,5.882183938569428,5.857555472093063
13060,13061,5.882183938569428,5.824744094627566
14341,13060,5.885781853425904,5.882183938569428
14341,13249,5.885781853425904,5.8817406461549515
13917,14341,5.90217708701097,5.885781853425904
13917,14077,5.90217708701097,5.840663274905776
19772,13917,5.903417585659895,5.90217708701097
19772,19932,5.903417585659895,5.851837619477467
8672,8512,5.912618386210991,5.7284717639474065
8672,8673,5.912618386210991,5.910172711434309
10599,10919,5.930680007433722,5.8737753256997065
10599,10598,5.930680007433722,5.752271332433651
15343,19772,5.9418544056915525,5.903417585659895
15343,15503,5.9418544056915525,5.876693763135298
7913,8233,5.957386817722885,5.621867679590824
7913,15343,5.957386817722885,5.9418544056915525
15354,7913,5.972297163959829,5.957386817722885
15354,15355,5.972297163959829,5.9486725450349915
13408,13407,5.9723886460364,5.9706551821425915
13408,15354,5.9723886460364,5.972297163959829
10926,11402,5.987435705581639,5.821117521139986
10926,11248,5.987435705581639,5.7246952840681296
15499,13408,5.99813476653374,5.9723886460364
15499,15659,5.99813476653374,5.958055921206549
15499,15498,5.99813476653374,5.98529155480835
15678,15518,6.003666984474906,5.936452513826967
15678,15677,6.003666984474906,5.863622141026144
15663,15499,6.0120216841204845,5.99813476653374
15663,15662,6.0120216841204845,5.959845709808142
15517,15357,6.0235578269875125,6.0020529570351675
15517,15678,6.0235578269875125,6.003666984474906
15517,15516,6.0235578269875125,5.954108371777643
9787,15663,6.0354913415727065,6.0120216841204845
9787,9475,6.0354913415727065,5.835023277918496
24396,24236,6.042776309728323,5.999110139323483
24396,24557,6.042776309728323,5.178730297625494
20411,9787,6.047223010763566,6.0354913415727065
20411,20412,6.047223010763566,5.943602716144187
22960,23120,6.049782362121337,5.977577877773606
22960,22957,6.049782362121337,5.862679531008551
7738,20411,6.060926798552445,6.047223010763566
7738,8057,6.060926798552445,5.966012285187294
15514,7738,6.061514862448235,6.060926798552445
15514,15675,6.061514862448235,5.9852004999058845
15356,15517,6.067318507433801,6.0235578269875125
15356,15514,6.067318507433801,6.061514862448235
9324,15356,6.06947287836094,6.067318507433801
9324,8371,6.06947287836094,5.685198429634396
12411,12251,6.070408011577801,5.92126800481087
12411,12410,6.070408011577801,6.01012641136398
12411,9324,6.070408011577801,6.06947287836094
15341,12411,6.074028670551477,6.070408011577801
15341,15501,6.074028670551477,6.073949003409716
13397,13237,6.093729234361622,6.047512287309301
13397,13398,6.093729234361622,6.061757957260938
12088,12248,6.095940293436381,6.024430327893738
12088,12087,6.095940293436381,5.978073188091841
21513,21512,6.100973763938027,6.098909625151406
21513,15341,6.100973763938027,6.074028670551477
12250,12090,6.10666458335216,6.075603446073109
12250,21513,6.10666458335216,6.100973763938027
13238,13078,6.115671919193155,6.009931326630185
13238,13397,6.115671919193155,6.093729234361622
13238,13239,6.115671919193155,6.101611597649183
13243,13083,6.117588697853434,6.049803981974952
13243,13403,6.117588697853434,6.081758514018766
13243,13244,6.117588697853434,6.0728644507803775
12185,12250,6.120534493350019,6.10666458335216
12185,12505,6.120534493350019,5.981213891756635
15348,12185,6.12712315853721,6.120534493350019
15348,15508,6.12712315853721,6.090533093583224
11410,15348,6.1339746216347635,6.12712315853721
11410,10926,6.1339746216347635,5.987435705581639
12883,12723,6.1490072253093375,6.148778937445987
12883,13043,6.1490072253093375,6.128918995752946
7866,11410,6.158121434197821,6.1339746216347635
7866,7548,6.158121434197821,5.804128757944675
12089,12088,6.165564540023377,6.095940293436381
12089,7866,6.165564540023377,6.158121434197821
13246,12089,6.166564988725284,6.165564540023377
13246,13243,6.166564988725284,6.117588697853434
12086,12246,6.17255547338341,5.9535287230523695
12086,13246,6.17255547338341,6.166564988725284
14957,14797,6.1757624335065335,6.103330059916065
14957,12086,6.1757624335065335,6.17255547338341
23588,23428,6.177797072558719,6.03539788873428
23588,14957,6.177797072558719,6.1757624335065335
9802,23588,6.179732820683562,6.177797072558719
9802,9962,6.179732820683562,6.174946316106454
13077,9802,6.186225251424593,6.179732820683562
13077,13238,6.186225251424593,6.115671919193155
15985,13077,6.190381339065485,6.186225251424593
15985,16145,6.190381339065485,6.183243145277438
12247,15985,6.2065714377162395,6.190381339065485
12247,12407,6.2065714377162395,6.007327443454396
10921,12247,6.21330531657789,6.2065714377162395
10921,10599,6.21330531657789,5.930680007433722
13085,12925,6.216439561707247,6.190178158653547
13085,10921,6.216439561707247,6.21330531657789
15826,13085,6.218105681437675,6.216439561707247
15826,15987,6.218105681437675,6.092467750187153
16468,16308,6.223376721539355,6.125660865054859
16468,16467,6.223376721539355,6.106825831889013
16148,16468,6.226434998306066,6.223376721539355
16148,15826,6.226434998306066,6.218105681437675
16146,16306,6.231045908499223,6.207275644930267
16146,16148,6.231045908499223,6.226434998306066
17077,16917,6.238101455471374,6.222042306646612
17077,17397,6.238101455471374,5.982056760250511
17077,17076,6.238101455471374,6.113049905894403
12564,12404,6.259984931163931,6.196414004313313
12564,12883,6.259984931163931,6.1490072253093375
16153,16146,6.2681703016093095,6.231045908499223
16153,16313,6.2681703016093095,6.1939900796756735
12405,12564,6.269901859590597,6.259984931163931
12405,16153,6.269901859590597,6.2681703016093095
16149,12405,6.2751315159977725,6.269901859590597
16149,16150,6.2751315159977725,6.268798932862824
14717,16149,6.347460508436758,6.2751315159977725
14717,14718,6.347460508436758,6.31664027689448
11754,11594,6.347729714501309,6.346831452269719
11754,14717,6.347729714501309,6.347460508436758
17236,17077,6.3481947442967055,6.238101455471374
17236,17235,6.3481947442967055,6.320074952652788
16466,11754,6.352340386760191,6.347729714501309
16466,16465,6.352340386760191,6.338836625721238
16312,16466,6.355863403227916,6.352340386760191
16312,16472,6.355863403227916,6.251642010344962
16312,16311,6.355863403227916,6.326779187911356
17395,17236,6.3589562732250595,6.3481947442967055
17395,17555,6.3589562732250595,6.308051294171122
17395,17394,6.3589562732250595,6.326377388678464
22481,22960,6.364611161867666,6.049782362121337
22481,22482,6.364611161867666,6.213034974519886
15281,16312,6.365519336876204,6.355863403227916
15281,15441,6.365519336876204,6.3139101930488835
16770,16930,6.379956412848788,6.313860399165944
16770,16452,6.379956412848788,5.973282228471646
12416,12256,6.389881754160118,6.341386335989212
12416,15281,6.389881754160118,6.365519336876204
23281,22481,6.409779330438735,6.364611161867666
23281,23441,6.409779330438735,6.329758540196766
23442,23602,6.411673821429802,6.377824190080502
23442,23281,6.411673821429802,6.409779330438735
22001,12416,6.421263509870383,6.389881754160118
22001,22000,6.421263509870383,6.416945237210059
3538,3378,6.430189158402131,6.198398412201648
3538,22001,6.430189158402131,6.421263509870383
3538,3537,6.430189158402131,6.385002762295872
10499,10659,6.4534231640237225,6.441911773736937
10499,10500,6.4534231640237225,6.396510079242554
8674,8834,6.460471929033755,6.413175646482546
8674,8672,6.460471929033755,5.912618386210991
10819,10499,6.469699146390986,6.4534231640237225
10819,10978,6.469699146390986,6.4392219171679175
10819,10820,6.469699146390986,6.437120899320917
12094,3538,6.478626084187262,6.430189158402131
12094,12095,6.478626084187262,6.44568806260679
17714,17395,6.482494346442379,6.3589562732250595
17714,18515,6.482494346442379,5.263803489706338
3377,3217,6.488091069098208,6.154536725267415
3377,12094,6.488091069098208,6.478626084187262
11770,11610,6.4886697764250725,6.441136795116158
11770,3377,6.4886697764250725,6.488091069098208
10501,11770,6.500061073478866,6.4886697764250725
10501,10819,6.500061073478866,6.469699146390986
15976,16770,6.512154804947056,6.379956412848788
15976,10501,6.512154804947056,6.500061073478866
10977,10817,6.516410636658663,6.4717488232260125
10977,15976,6.516410636658663,6.512154804947056
15618,10977,6.51745069708432,6.516410636658663
15618,15778,6.51745069708432,6.399015146234922
17089,15618,6.526238610192081,6.51745069708432
17089,17088,6.526238610192081,6.513812124079332
16637,16477,6.53302730907224,6.527567969358447
16637,16797,6.53302730907224,6.506058687648199
11140,17089,6.535296896830933,6.526238610192081
11140,11300,6.535296896830933,6.520068242996692
23108,11140,6.5390092502572505,6.535296896830933
23108,23442,6.5390092502572505,6.411673821429802
15939,23108,6.541040484179514,6.5390092502572505
15939,16106,6.541040484179514,5.861193444403781
19152,17714,6.5485546864002355,6.482494346442379
19152,19151,6.5485546864002355,6.405598393884075
8510,8350,6.5620907756921785,6.3875535764666385
8510,8674,6.5620907756921785,6.460471929033755
11937,11777,6.570233547780649,6.550556757753201
11937,15939,6.570233547780649,6.541040484179514
14843,14683,6.576872158016051,6.464551670302896
14843,14842,6.576872158016051,6.409981306341049
17248,11937,6.5792963753625155,6.570233547780649
17248,17408,6.5792963753625155,6.553908218992351
12886,17248,6.58519339392458,6.5792963753625155
12886,13046,6.58519339392458,6.562885455621052
16958,17118,6.607570740894661,6.540771996904156
16958,16637,6.607570740894661,6.53302730907224
16958,16959,6.607570740894661,6.539369209543966
16317,12886,6.619442664061849,6.58519339392458
16317,16958,6.619442664061849,6.607570740894661
14682,14843,6.620483508372479,6.576872158016051
14682,14681,6.620483508372479,6.52601827686083
11608,11448,6.623911241562577,6.606558787354298
11608,16317,6.623911241562577,6.619442664061849
16919,16759,6.632514159136329,6.603401864384669
16919,19152,6.632514159136329,6.5485546864002355
11611,11451,6.6395509220724795,6.625843584588714
11611,11608,6.6395509220724795,6.623911241562577
11621,11611,6.654862056671197,6.6395509220724795
11621,11620,6.654862056671197,6.631031300751478
16297,11621,6.657621619438529,6.654862056671197
16297,16457,6.657621619438529,6.628749442789921
8994,8510,6.659640392835364,6.5620907756921785
8994,16297,6.659640392835364,6.657621619438529
11298,8994,6.676459219066818,6.659640392835364
11298,11458,6.676459219066818,6.671548565449207
11294,10973,6.688725111520467,6.469439055251604
11294,11295,6.688725111520467,6.679587176570999
18207,18047,6.696981428564606,6.6280306627376175
18207,18367,6.696981428564606,6.611128272078252
17117,11298,6.697088806717012,6.676459219066818
17117,17277,6.697088806717012,6.6067371760995925
10813,10653,6.702311286866353,6.683692293146887
10813,11294,6.702311286866353,6.688725111520467
14841,14682,6.708645811042538,6.620483508372479
14841,14840,6.708645811042538,6.706188064558429
11293,10813,6.713666317379909,6.702311286866353
11293,11453,6.713666317379909,6.6730519301686995
11614,17117,6.714121036848314,6.697088806717012
11614,11615,6.714121036848314,6.6570794911339295
17437,11614,6.72037334880933,6.714121036848314
17437,17438,6.72037334880933,6.693222316361873
10122,17437,6.7298949236207,6.72037334880933
10122,10282,6.7298949236207,6.471579847852797
13882,10122,6.7362260400003855,6.7298949236207
13882,14042,6.7362260400003855,6.688405725731745
14202,13882,6.737286753160741,6.7362260400003855
14202,14841,6.737286753160741,6.708645811042538
14202,14203,6.737286753160741,6.729948649661831
11454,11293,6.742014506865672,6.713666317379909
11454,14202,6.742014506865672,6.737286753160741
11450,11290,6.758620899528132,6.729135887134175
11450,11454,6.758620899528132,6.742014506865672
16599,16919,6.75879015804115,6.632514159136329
16599,16600,6.75879015804115,6.741277238623483
19310,16599,6.7596417271711795,6.75879015804115
19310,19786,6.7596417271711795,1.7323489860573296
11129,10969,6.774001614926932,6.719390552303667
11129,11450,6.774001614926932,6.758620899528132
11616,11456,6.7775174619712235,6.648206121683589
11616,11129,6.7775174619712235,6.774001614926932
14687,11616,6.782663537889978,6.7775174619712235
14687,14847,6.782663537889978,6.778935408274111
17887,14687,6.805205194766925,6.782663537889978
17887,18207,6.805205194766925,6.696981428564606
17887,17886,6.805205194766925,6.752234090454611
13206,17887,6.825021003265891,6.805205194766925
13206,13207,6.825021003265891,6.7448583597747405
16601,19310,6.825592902642549,6.7596417271711795
16601,16602,6.825592902642549,6.622816686129281
24075,23915,6.85147246577768,6.824367199754572
24075,24396,6.85147246577768,6.042776309728323
11596,13206,6.888547448977615,6.825021003265891
11596,11757,6.888547448977615,6.822961688769329
10655,10495,6.896366385531839,6.8391513266699
10655,11596,6.896366385531839,6.888547448977615
18026,17866,6.909627424911518,6.7208136162265895
18026,18187,6.909627424911518,6.780810707365536
10652,10655,6.912668514496429,6.896366385531839
10652,10651,6.912668514496429,6.905260522156829
17867,18026,6.9224722557987155,6.909627424911518
17867,17868,6.9224722557987155,6.748480135535084
18046,10652,6.930548427519808,6.912668514496429
18046,18045,6.930548427519808,6.890451342139255
14197,18046,6.950040436500917,6.930548427519808
14197,14198,6.950040436500917,6.946313129512874
12101,14197,6.977135918724361,6.950040436500917
12101,12261,6.977135918724361,6.924064682792079
18073,17913,6.993323597475759,6.986225904553151
18073,18233,6.993323597475759,6.792470408027446
19482,19642,6.99817143711125,6.709577904402703
19482,19481,6.99817143711125,6.801646147479102
17758,12101,7.006236722929326,6.977135918724361
17758,17918,7.006236722929326,6.999661708415097
19815,19655,7.062620576558546,7.049483377035514
19815,19813,7.062620576558546,6.918852580083312
7871,17758,7.066632428498463,7.006236722929326
7871,7872,7.066632428498463,6.888374362475273
23755,7871,7.08219729474848,7.066632428498463
23755,24075,7.08219729474848,6.85147246577768
17912,18073,7.090431756621182,6.993323597475759
17912,17911,7.090431756621182,7.090057129854036
17595,23755,7.092680161560447,7.08219729474848
17595,17755,7.092680161560447,7.08083547307221
17754,17912,7.13452288121732,7.090431756621182
17754,17595,7.13452288121732,7.092680161560447
12552,12392,7.172901117557713,7.104221789377047
12552,17754,7.172901117557713,7.13452288121732
18029,17867,7.1826630467468,6.9224722557987155
18029,18030,7.1826630467468,7.179778189191064
12391,12231,7.206614694738798,7.055902642615876
12391,12552,7.206614694738798,7.172901117557713
17917,12391,7.22446756540261,7.206614694738798
17917,18077,7.22446756540261,7.150835575852254
18190,18029,7.254506349596602,7.1826630467468
18190,16601,7.254506349596602,6.825592902642549
10151,17917,7.256528957282053,7.22446756540261
10151,10152,7.256528957282053,7.253152392075443
18714,10151,7.259687603629046,7.256528957282053
18714,18874,7.259687603629046,7.240633955026764
5138,4978,7.263910856707769,7.261153030692114
5138,18714,7.263910856707769,7.259687603629046
14509,5138,7.26950719722761,7.263910856707769
14509,14510,7.26950719722761,7.243614667307605
19656,19496,7.272424361425301,7.264764902457849
19656,19815,7.272424361425301,7.062620576558546
19656,19657,7.272424361425301,7.179297937543462
14670,14509,7.289777436296151,7.26950719722761
14670,14671,7.289777436296151,7.240732336144363
14356,14670,7.308168535605369,7.289777436296151
14356,14515,7.308168535605369,7.143982283301428
19800,19482,7.315920185136648,6.99817143711125
19800,20437,7.315920185136648,4.874402664730414
24764,24924,7.320172128913139,7.237049299213644
24764,24599,7.320172128913139,5.698778607848114
20289,20288,7.326777215519311,7.045511982478971
20289,20449,7.326777215519311,7.325450018921593
20315,20155,7.328181400451133,7.250055706196396
20315,20475,7.328181400451133,7.230962568685483
25038,14356,7.3499001314487105,7.308168535605369
25038,25521,7.3499001314487105,4.075235397814836
20287,20289,7.353845788641314,7.326777215519311
20287,20447,7.353845788641314,7.343292394335847
20287,20286,7.353845788641314,7.264355296578432
17897,17737,7.378212514991085,7.369463122889664
17897,18057,7.378212514991085,7.1604767022500235
17897,17896,7.378212514991085,7.264935365348053
17897,17898,7.378212514991085,7.3730025620855715
14672,25038,7.3872420906649365,7.3499001314487105
14672,14832,7.3872420906649365,7.332100634909188
12720,14672,7.389798773724074,7.3872420906649365
12720,12719,7.389798773724074,7.343208334279717
11598,11438,7.392262858551359,7.291263722139301
11598,12720,7.392262858551359,7.389798773724074
17736,17897,7.39262259440223,7.378212514991085
17736,17735,7.39262259440223,7.280892681720181
17734,11598,7.4032067311289795,7.392262858551359
17734,17736,7.4032067311289795,7.39262259440223
20476,20315,7.413087881210813,7.328181400451133
20476,20477,7.413087881210813,7.333514366463092
20126,20287,7.417694234526119,7.353845788641314
20126,20125,7.417694234526119,7.408850577402918
20593,24764,7.418911427620616,7.320172128913139
20593,19800,7.418911427620616,7.315920185136648
17751,17734,7.423246739302859,7.4032067311289795
17751,17750,7.423246739302859,7.414891344254793
20156,20476,7.424150798075098,7.413087881210813
20156,19839,7.424150798075098,7.043098656399631
19495,19335,7.4281104026639,7.373334666659681
19495,19656,7.4281104026639,7.272424361425301
17864,17751,7.428338283001749,7.423246739302859
17864,18190,7.428338283001749,7.254506349596602
14994,17864,7.430149171021378,7.428338283001749
14994,14993,7.430149171021378,7.369877076281791
17895,14994,7.4397076513971365,7.430149171021378
17895,18055,7.4397076513971365,7.396292310826151
19319,17895,7.452507374575742,7.4397076513971365
19319,20593,7.452507374575742,7.418911427620616
23993,23834,7.472790257035719,7.239962526491504
23993,23992,7.472790257035719,7.354797107491863
24151,24150,7.483669272799075,7.401860433017876
24151,23993,7.483669272799075,7.472790257035719
19336,19495,7.485594093655868,7.4281104026639
19336,19337,7.485594093655868,7.463251625194805
19970,20126,7.490652003749243,7.417694234526119
19970,19336,7.490652003749243,7.485594093655868
16938,19319,7.495584603620395,7.452507374575742
16938,17098,7.495584603620395,7.482135128368382
20473,20156,7.496143114365136,7.424150798075098
20473,20472,7.496143114365136,7.471566302443204
15487,16938,7.4973692128534015,7.495584603620395
15487,15807,7.4973692128534015,7.377786902769362
7395,15487,7.505937111671565,7.4973692128534015
7395,7396,7.505937111671565,7.2275938339560595
23676,24151,7.51399968145352,7.483669272799075
23676,23677,7.51399968145352,7.303803991998812
23678,23518,7.519079720096547,7.4676976240611905
23678,23676,7.519079720096547,7.51399968145352
15810,15650,7.5337137176190785,7.525759770934497
15810,7395,7.5337137176190785,7.505937111671565
24925,25085,7.540037910337595,7.279952626155754
24925,15810,7.540037910337595,7.5337137176190785
17261,24925,7.546671828614686,7.540037910337595
17261,17420,7.546671828614686,7.520374900244428
17417,17257,7.55630319082857,7.55296557779163
17417,17261,7.55630319082857,7.546671828614686
18876,17417,7.563717053020366,7.55630319082857
18876,19037,7.563717053020366,7.390668261237117
9676,18876,7.564632654317762,7.563717053020366
9676,9675,7.564632654317762,7.551954953993769
23358,23678,7.565157013687478,7.519079720096547
23358,23199,7.565157013687478,7.388077200290913
19492,19332,7.579683359141247,7.5325766513077035
19492,19970,7.579683359141247,7.490652003749243
19017,19492,7.586877855226677,7.579683359141247
19017,19018,7.586877855226677,7.5840448669903076
19357,9676,7.591307814021057,7.564632654317762
19357,20473,7.591307814021057,7.496143114365136
18379,19357,7.598425833927136,7.591307814021057
18379,18698,7.598425833927136,7.4656578966149025
20639,20959,7.618338226200551,7.537751613255383
20639,18379,7.618338226200551,7.598425833927136
7397,7557,7.623952637815398,7.564608080868179
7397,20639,7.623952637815398,7.618338226200551
7397,7398,7.623952637815398,7.476874485466748
19019,7397,7.627006769838821,7.623952637815398
19019,19017,7.627006769838821,7.586877855226677
24310,23358,7.631652685569664,7.565157013687478
24310,24470,7.631652685569664,7.587963051028733
25247,25407,7.646195642919757,7.468363204504868
25247,19019,7.646195642919757,7.627006769838821
24309,24310,7.646578779512144,7.631652685569664
24309,24308,7.646578779512144,7.583325867264078
15472,25247,7.648989376922728,7.646195642919757
15472,15473,7.648989376922728,7.54650012742037
23005,22845,7.662800241989008,7.585878465956589
23005,15472,7.662800241989008,7.648989376922728
17563,23005,7.664697901426248,7.662800241989008
17563,17562,7.664697901426248,7.661632032478655
24627,24467,7.6744359041402,7.540386100400427
24627,24628,7.6744359041402,7.663222364121808
22053,21893,7.685947258210077,7.589895441975443
22053,22052,7.685947258210077,7.610196268350249
24468,24309,7.692456425638039,7.646578779512144
24468,24627,7.692456425638039,7.6744359041402
19356,17563,7.71458580582855,7.664697901426248
19356,19516,7.71458580582855,7.702804160731464
19349,19667,7.717866747933511,7.391672738315642
19349,19350,7.717866747933511,7.715707127803091
11123,10963,7.724726095882912,7.67654702475864
11123,11122,7.724726095882912,7.713714070802336
12237,19356,7.728897779523319,7.71458580582855
12237,12397,7.728897779523319,7.703748582238986
11283,11123,7.7437460910218086,7.724726095882912
11283,12237,7.7437460910218086,7.728897779523319
21733,22053,7.753555824999446,7.685947258210077
21733,21732,7.753555824999446,7.696812787754561
20631,20630,7.762878872985444,7.7183548256261325
20631,11283,7.762878872985444,7.7437460910218086
19191,19349,7.78028892860828,7.717866747933511
19191,20631,7.78028892860828,7.762878872985444
23166,19191,7.807179649698738,7.78028892860828
23166,23007,7.807179649698738,7.664967355778636
9837,23166,7.812478653998063,7.807179649698738
9837,9997,7.812478653998063,7.75789171607151
14132,13972,7.827799335218094,7.75625162977794
14132,9837,7.827799335218094,7.812478653998063
20451,14132,7.835972209806879,7.827799335218094
20451,20452,7.835972209806879,7.6975095582138
25067,24587,7.838911326532204,5.734672051479153
25067,25227,7.838911326532204,7.573646123323688
11601,11441,7.8407072681758665,7.774503570751809
11601,20451,7.8407072681758665,7.835972209806879
24307,24468,7.841501751957626,7.692456425638039
24307,24306,7.841501751957626,7.830246821783263
24471,24307,7.843616076657397,7.841501751957626
24471,24472,7.843616076657397,7.780193225283374
21731,21891,7.8461763531093816,7.658803180525982
21731,21733,7.8461763531093816,7.753555824999446
21243,21083,7.8511570164586075,7.838258830425093
21243,21403,7.8511570164586075,7.466300010211789
23183,23023,7.893910076498012,7.824842986072432
23183,23182,7.893910076498012,7.86542704814567
7559,11601,7.910063492375742,7.8407072681758665
7559,7560,7.910063492375742,7.905904613122395
23341,23501,7.9106255318058905,7.854048948985046
23341,23183,7.9106255318058905,7.893910076498012
7561,7401,7.916820974661876,7.8294389699446425
7561,7559,7.916820974661876,7.910063492375742
7561,7562,7.916820974661876,7.58680078751518
21244,21243,7.922013468559499,7.8511570164586075
21244,21245,7.922013468559499,7.90309502776286
7717,7561,7.924835622858369,7.916820974661876
7717,7718,7.924835622858369,7.913996340118037
23343,23341,7.959852942623322,7.9106255318058905
23343,23503,7.959852942623322,7.849107467844162
23621,24576,7.978246939997865,5.321672407508015
23621,23782,7.978246939997865,7.591790691168551
3523,2562,7.985873257152002,3.4505705314084705
3523,7717,7.985873257152002,7.924835622858369
22051,21731,7.988292902907134,7.8461763531093816
22051,22050,7.988292902907134,7.943023114859075
24421,23621,7.990697920842115,7.978246939997865
24421,24582,7.990697920842115,7.9561456252032
21263,21103,7.992946041746001,7.81395360972429
21263,21262,7.992946041746001,7.884198331222586
17902,3523,8.007917124340594,7.985873257152002
17902,18062,8.007917124340594,7.932167022379629
18861,17902,8.009435838716986,8.007917124340594
18861,18862,8.009435838716986,7.929529691999725
22700,22860,8.021378040291335,7.88553936566683
22700,22701,8.021378040291335,7.934514605391176
10647,18861,8.021633902616317,8.009435838716986
10647,10646,8.021633902616317,7.920792028394899
20297,10647,8.046795120260466,8.021633902616317
20297,20457,8.046795120260466,8.005143996795338
20943,21263,8.048953918036858,7.992946041746001
20943,20942,8.048953918036858,8.04665146222615
21102,20943,8.062289198187916,8.048953918036858
21102,21101,8.062289198187916,8.01383012217093
23502,23343,8.063202204333798,7.959852942623322
23502,23662,8.063202204333798,7.78075348860118
23180,22700,8.079049684233729,8.021378040291335
23180,23502,8.079049684233729,8.063202204333798
22687,22527,8.1081881937575,8.073443602899431
22687,20297,8.1081881937575,8.046795120260466
22375,22535,8.11194234840637,8.028359162021692
22375,22051,8.11194234840637,7.988292902907134
21105,21102,8.123989633512316,8.062289198187916
21105,21106,8.123989633512316,8.047947559339658
18853,18693,8.126131231530486,8.094520837250892
18853,22687,8.126131231530486,8.1081881937575
22536,22696,8.13462448524862,8.063043985497833
22536,22375,8.13462448524862,8.11194234840637
22536,22377,8.13462448524862,8.132745689404736
20948,21108,8.13476710053248,8.0405171364
20948,18853,8.13476710053248,8.126131231530486
25581,25577,8.136317052041063,7.698273447226378
25581,25582,8.136317052041063,8.063876499974164
23784,25067,8.14145665136585,7.838911326532204
23784,24421,8.14145665136585,7.990697920842115
22863,22703,8.161174241252763,8.11522798798886
22863,23180,8.161174241252763,8.079049684233729
25097,24453,8.17209328372967,6.173174178628163
25097,25581,8.17209328372967,8.136317052041063
21261,21105,8.173573139083018,8.123989633512316
21261,21260,8.173573139083018,8.140423001385708
21107,20948,8.176290566795567,8.13476710053248
21107,21267,8.176290566795567,7.985141518208233
21107,21261,8.176290566795567,8.173573139083018
22702,22542,8.184638332225783,8.060632377787396
22702,22863,8.184638332225783,8.161174241252763
21246,21086,8.240550614670562,8.22441503822745
21246,21244,8.240550614670562,7.922013468559499
22823,22983,8.260962855172764,7.764399933202408
22823,22824,8.260962855172764,8.102783081601169
21247,21567,8.267614920202883,8.17466156934732
21247,21246,8.267614920202883,8.240550614670562
22538,22702,8.284686939646983,8.184638332225783
22538,22536,8.284686939646983,8.13462448524862
23984,22538,8.293344104407467,8.284686939646983
23984,24471,8.293344104407467,7.843616076657397
22496,22177,8.294269118780536,7.992955723291304
22496,23784,8.294269118780536,8.14145665136585
25087,21107,8.308688340702162,8.176290566795567
25087,25088,8.308688340702162,8.241124434345865
23623,23463,8.32773821270295,8.195462135090068
23623,22496,8.32773821270295,8.294269118780536
23144,22823,8.337861540505463,8.260962855172764
23144,23304,8.337861540505463,8.272682461425191
24244,25087,8.374823563044576,8.308688340702162
24244,24243,8.374823563044576,8.238317235551643
23303,23144,8.37572450238776,8.337861540505463
23303,23623,8.37572450238776,8.32773821270295
6756,24244,8.382606531039052,8.374823563044576
6756,6757,8.382606531039052,8.332080012036485
22697,23984,8.384714483432091,8.293344104407467
22697,22857,8.384714483432091,8.19168708284813
20926,6756,8.397222064763868,8.382606531039052
20926,21247,8.397222064763868,8.267614920202883
19983,20926,8.419483722844365,8.397222064763868
19983,19982,8.419483722844365,8.372850846591232
21748,19983,8.441578427575196,8.419483722844365
21748,21908,8.441578427575196,8.434974166262249
20463,20303,8.461152997799465,8.406763977484761
20463,21748,8.461152997799465,8.441578427575196
25089,20463,8.47713018745292,8.461152997799465
25089,25097,8.47713018745292,8.17209328372967
24554,25089,8.482119206566779,8.47713018745292
24554,24553,8.482119206566779,8.412429115584514
25541,23303,8.52218233150461,8.37572450238776
25541,25543,8.52218233150461,8.296337845629804
21746,24554,8.527195278186385,8.482119206566779
21746,21906,8.527195278186385,8.428165761584767
22068,21746,8.53531301983654,8.527195278186385
22068,22067,8.53531301983654,8.278010001596822
22386,22697,8.540988430582926,8.384714483432091
22386,22068,8.540988430582926,8.53531301983654
21899,22059,8.568318562901254,8.543090338094727
21899,21898,8.568318562901254,8.497636350287102
21736,22386,8.576449543917162,8.540988430582926
21736,21737,8.576449543917162,8.571708509790259
21739,21736,8.583099822457376,8.576449543917162
21739,21899,8.583099822457376,8.568318562901254
1767,21739,8.610723795466917,8.583099822457376
1767,1927,8.610723795466917,8.3083785212756
10798,10638,8.727785278039498,8.719827774105354
10798,1767,8.727785278039498,8.610723795466917
23925,10798,8.736798712899468,8.727785278039498
23925,23927,8.736798712899468,8.233241783542878
10476,23925,8.778152094546964,8.736798712899468
10476,10636,8.778152094546964,8.696863709788982
22504,25541,8.831225739690558,8.52218233150461
22504,10476,8.831225739690558,8.778152094546964
22237,22077,8.865128234677222,8.863173979752082
22237,22504,8.865128234677222,8.831225739690558
25586,22237,8.983141784687891,8.865128234677222
25586,25587,8.983141784687891,8.976790790335203
24903,25586,9.007826599888444,8.983141784687891
24903,25063,9.007826599888444,8.783982695798828
25427,25267,9.058232089596466,9.050445035543856
25427,24903,9.058232089596466,9.007826599888444
21914,25427,9.075826322196338,9.058232089596466
21914,21913,9.075826322196338,9.016892244537717
22074,21914,9.089300727126888,9.075826322196338
22074,22075,9.089300727126888,8.997499533008234
22821,22661,9.101006860743595,8.950886056973046
22821,22074,9.101006860743595,9.089300727126888
21912,22821,9.142717152242149,9.101006860743595
21912,22072,9.142717152242149,9.03095419765832
9651,21912,9.169065505417965,9.142717152242149
9651,9811,9.169065505417965,9.015813966509015
25112,9651,9.209852510957818,9.169065505417965
25112,25272,9.209852510957818,9.084191175555066
22714,25112,9.341917980080732,9.209852510957818
22714,22713,9.341917980080732,9.313038651902586
19792,22714,9.388635024067568,9.341917980080732
19792,19952,9.388635024067568,9.371310079870279
9812,19792,9.46342451009508,9.388635024067568
9812,9972,9.46342451009508,9.358447675050192
24959,9812,9.682817734328996,9.46342451009508
24959,25599,9.682817734328996,9.078279302464514
21696,24959,10.226153740430155,9.682817734328996
21696,21695,10.226153740430155,10.169479149819887
21540,21220,10.44035445797765,10.068786388271304
21540,21696,10.44035445797765,10.226153740430155
3526,21540,10.81993334300252,10.44035445797765
3526,3527,10.81993334300252,10.627035600655786
