method_id,metric,field,phase1_value,phase2a_recomputed_value,absolute_difference,status
b_e2,psnruv,cnn_mean,31.192500433861134,31.192500433861134,0.0,PASS
b_e2,psnruv,candidate_mean,32.68894034404412,32.68894034404409,2.842170943040401e-14,PASS
b_e2,psnruv,mean_raw_delta,1.4964399101829775,1.4964399101829777,2.220446049250313e-16,PASS
b_e2,psnruv,mean_improvement_delta,1.4964399101829775,1.4964399101829777,2.220446049250313e-16,PASS
b_e2,psnruv,median_improvement_delta,1.5858834516708598,1.5858834516708598,0.0,PASS
b_e2,psnruv,n_improved,168,168,0.0,PASS
b_e2,psnruv,n_worsened,0,0,0.0,PASS
b_e2,psnruv,n_tied,0,0,0.0,PASS
b_e2,psnruv,n_valid,168,168,0.0,PASS
b_e2,ssim_speed,cnn_mean,,,,PASS
b_e2,ssim_speed,candidate_mean,,,,PASS
b_e2,ssim_speed,mean_raw_delta,,,,PASS
b_e2,ssim_speed,mean_improvement_delta,,,,PASS
b_e2,ssim_speed,median_improvement_delta,,,,PASS
b_e2,ssim_speed,n_improved,,,,PASS
b_e2,ssim_speed,n_worsened,,,,PASS
b_e2,ssim_speed,n_tied,,,,PASS
b_e2,ssim_speed,n_valid,0,0,0.0,PASS
b_e2,speed_mae,cnn_mean,0.6940701629397319,0.6940701629397316,3.3306690738754696e-16,PASS
b_e2,speed_mae,candidate_mean,0.5684218234352497,0.5684218234352498,1.1102230246251565e-16,PASS
b_e2,speed_mae,mean_raw_delta,-0.12564833950448212,-0.12564833950448215,2.7755575615628914e-17,PASS
b_e2,speed_mae,mean_improvement_delta,0.12564833950448212,0.12564833950448215,2.7755575615628914e-17,PASS
b_e2,speed_mae,median_improvement_delta,0.1218462958690496,0.1218462958690496,0.0,PASS
b_e2,speed_mae,n_improved,168,168,0.0,PASS
b_e2,speed_mae,n_worsened,0,0,0.0,PASS
b_e2,speed_mae,n_tied,0,0,0.0,PASS
b_e2,speed_mae,n_valid,168,168,0.0,PASS
b_e2,speed_rmse,cnn_mean,1.1077586003651096,1.1077586003651088,8.881784197001252e-16,PASS
b_e2,speed_rmse,candidate_mean,0.9629228498438168,0.9629228498438172,3.3306690738754696e-16,PASS
b_e2,speed_rmse,mean_raw_delta,-0.14483575052129283,-0.14483575052129283,0.0,PASS
b_e2,speed_rmse,mean_improvement_delta,0.14483575052129283,0.14483575052129283,0.0,PASS
b_e2,speed_rmse,median_improvement_delta,0.133559956749573,0.133559956749573,0.0,PASS
b_e2,speed_rmse,n_improved,168,168,0.0,PASS
b_e2,speed_rmse,n_worsened,0,0,0.0,PASS
b_e2,speed_rmse,n_tied,0,0,0.0,PASS
b_e2,speed_rmse,n_valid,168,168,0.0,PASS
b_e2,wpd_mae,cnn_mean,231.67091095165674,231.67091095165674,0.0,PASS
b_e2,wpd_mae,candidate_mean,183.41701014952937,183.41701014952932,5.684341886080802e-14,PASS
b_e2,wpd_mae,mean_raw_delta,-48.253900802127376,-48.253900802127376,0.0,PASS
b_e2,wpd_mae,mean_improvement_delta,48.253900802127376,48.253900802127376,0.0,PASS
b_e2,wpd_mae,median_improvement_delta,42.5262496371341,42.5262496371341,0.0,PASS
b_e2,wpd_mae,n_improved,168,168,0.0,PASS
b_e2,wpd_mae,n_worsened,0,0,0.0,PASS
b_e2,wpd_mae,n_tied,0,0,0.0,PASS
b_e2,wpd_mae,n_valid,168,168,0.0,PASS
b_e2,wpd_w1,cnn_mean,45.27127092112853,45.271270921128526,7.105427357601002e-15,PASS
b_e2,wpd_w1,candidate_mean,16.08684255251199,16.08684255251199,0.0,PASS
b_e2,wpd_w1,mean_raw_delta,-29.184428368616544,-29.184428368616565,2.1316282072803006e-14,PASS
b_e2,wpd_w1,mean_improvement_delta,29.184428368616544,29.184428368616565,2.1316282072803006e-14,PASS
b_e2,wpd_w1,median_improvement_delta,29.935676982496105,29.935676982496105,0.0,PASS
b_e2,wpd_w1,n_improved,157,157,0.0,PASS
b_e2,wpd_w1,n_worsened,11,11,0.0,PASS
b_e2,wpd_w1,n_tied,0,0,0.0,PASS
b_e2,wpd_w1,n_valid,168,168,0.0,PASS
b_e2,wpd_bias_abs,cnn_mean,35.343902938857745,35.343902938857745,0.0,PASS
b_e2,wpd_bias_abs,candidate_mean,12.68513175597048,12.685131755970483,3.552713678800501e-15,PASS
b_e2,wpd_bias_abs,mean_raw_delta,-22.658771182887268,-22.65877118288727,3.552713678800501e-15,PASS
b_e2,wpd_bias_abs,mean_improvement_delta,22.658771182887268,22.65877118288727,3.552713678800501e-15,PASS
b_e2,wpd_bias_abs,median_improvement_delta,23.263788078080584,23.263788078080584,0.0,PASS
b_e2,wpd_bias_abs,n_improved,140,140,0.0,PASS
b_e2,wpd_bias_abs,n_worsened,28,28,0.0,PASS
b_e2,wpd_bias_abs,n_tied,0,0,0.0,PASS
b_e2,wpd_bias_abs,n_valid,168,168,0.0,PASS
b_e2,grad_mae,cnn_mean,0.3490557204526641,0.3490557204526642,1.1102230246251565e-16,PASS
b_e2,grad_mae,candidate_mean,0.3120032967125004,0.31200329671250043,5.551115123125783e-17,PASS
b_e2,grad_mae,mean_raw_delta,-0.037052423740163744,-0.037052423740163765,2.0816681711721685e-17,PASS
b_e2,grad_mae,mean_improvement_delta,0.037052423740163744,0.037052423740163765,2.0816681711721685e-17,PASS
b_e2,grad_mae,median_improvement_delta,0.03774108392187264,0.03774108392187264,0.0,PASS
b_e2,grad_mae,n_improved,168,168,0.0,PASS
b_e2,grad_mae,n_worsened,0,0,0.0,PASS
b_e2,grad_mae,n_tied,0,0,0.0,PASS
b_e2,grad_mae,n_valid,168,168,0.0,PASS
b_e2,grad_w1,cnn_mean,0.23294292018237558,0.23294292018237575,1.6653345369377348e-16,PASS
b_e2,grad_w1,candidate_mean,0.15426182485335077,0.15426182485335077,0.0,PASS
b_e2,grad_w1,mean_raw_delta,-0.07868109532902483,-0.07868109532902483,0.0,PASS
b_e2,grad_w1,mean_improvement_delta,0.07868109532902483,0.07868109532902483,0.0,PASS
b_e2,grad_w1,median_improvement_delta,0.08337970931762956,0.08337970931762956,0.0,PASS
b_e2,grad_w1,n_improved,162,162,0.0,PASS
b_e2,grad_w1,n_worsened,6,6,0.0,PASS
b_e2,grad_w1,n_tied,0,0,0.0,PASS
b_e2,grad_w1,n_valid,168,168,0.0,PASS
b_e2,grad_kurtosis_abs_delta,cnn_mean,3.7003760441443694,3.70037604414437,4.440892098500626e-16,PASS
b_e2,grad_kurtosis_abs_delta,candidate_mean,2.9747054279552594,2.9747054279552594,0.0,PASS
b_e2,grad_kurtosis_abs_delta,mean_raw_delta,-0.7256706161891101,-0.7256706161891101,0.0,PASS
b_e2,grad_kurtosis_abs_delta,mean_improvement_delta,0.7256706161891101,0.7256706161891101,0.0,PASS
b_e2,grad_kurtosis_abs_delta,median_improvement_delta,-0.28469732671105596,-0.28469732671105596,0.0,PASS
b_e2,grad_kurtosis_abs_delta,n_improved,72,72,0.0,PASS
b_e2,grad_kurtosis_abs_delta,n_worsened,96,96,0.0,PASS
b_e2,grad_kurtosis_abs_delta,n_tied,0,0,0.0,PASS
b_e2,grad_kurtosis_abs_delta,n_valid,168,168,0.0,PASS
b_e2,psd_log_l2,cnn_mean,0.8335247431666106,0.833524743166611,3.3306690738754696e-16,PASS
b_e2,psd_log_l2,candidate_mean,0.8508610050202419,0.8508610050202419,0.0,PASS
b_e2,psd_log_l2,mean_raw_delta,0.017336261853631296,0.0173362618536313,3.469446951953614e-18,PASS
b_e2,psd_log_l2,mean_improvement_delta,-0.017336261853631296,-0.0173362618536313,3.469446951953614e-18,PASS
b_e2,psd_log_l2,median_improvement_delta,0.005007870549460225,0.005007870549460225,0.0,PASS
b_e2,psd_log_l2,n_improved,86,86,0.0,PASS
b_e2,psd_log_l2,n_worsened,82,82,0.0,PASS
b_e2,psd_log_l2,n_tied,0,0,0.0,PASS
b_e2,psd_log_l2,n_valid,168,168,0.0,PASS
b_e2,psd_slope_abs_delta,cnn_mean,0.9150108562505738,0.9150108562505733,4.440892098500626e-16,PASS
b_e2,psd_slope_abs_delta,candidate_mean,1.202895420433148,1.2028954204331481,2.220446049250313e-16,PASS
b_e2,psd_slope_abs_delta,mean_raw_delta,0.28788456418257397,0.28788456418257397,0.0,PASS
b_e2,psd_slope_abs_delta,mean_improvement_delta,-0.28788456418257397,-0.28788456418257397,0.0,PASS
b_e2,psd_slope_abs_delta,median_improvement_delta,-0.2945631788931947,-0.2945631788931947,0.0,PASS
b_e2,psd_slope_abs_delta,n_improved,0,0,0.0,PASS
b_e2,psd_slope_abs_delta,n_worsened,168,168,0.0,PASS
b_e2,psd_slope_abs_delta,n_tied,0,0,0.0,PASS
b_e2,psd_slope_abs_delta,n_valid,168,168,0.0,PASS
b_e2,exceed_abs_t5,cnn_mean,0.004242333333333336,0.004242333333333336,0.0,PASS
b_e2,exceed_abs_t5,candidate_mean,0.0020346666666666716,0.0020346666666666716,0.0,PASS
b_e2,exceed_abs_t5,mean_raw_delta,-0.0022076666666666646,-0.0022076666666666646,0.0,PASS
b_e2,exceed_abs_t5,mean_improvement_delta,0.0022076666666666646,0.0022076666666666646,0.0,PASS
b_e2,exceed_abs_t5,median_improvement_delta,0.0023200000000000442,0.0023200000000000442,0.0,PASS
b_e2,exceed_abs_t5,n_improved,132,132,0.0,PASS
b_e2,exceed_abs_t5,n_worsened,36,36,0.0,PASS
b_e2,exceed_abs_t5,n_tied,0,0,0.0,PASS
b_e2,exceed_abs_t5,n_valid,168,168,0.0,PASS
b_e2,exceed_abs_t10,cnn_mean,0.006580809523809519,0.006580809523809515,4.336808689942018e-18,PASS
b_e2,exceed_abs_t10,candidate_mean,0.00263711904761905,0.00263711904761905,0.0,PASS
b_e2,exceed_abs_t10,mean_raw_delta,-0.0039436904761904696,-0.003943690476190468,1.734723475976807e-18,PASS
b_e2,exceed_abs_t10,mean_improvement_delta,0.0039436904761904696,0.003943690476190468,1.734723475976807e-18,PASS
b_e2,exceed_abs_t10,median_improvement_delta,0.0025900000000000367,0.0025900000000000367,0.0,PASS
b_e2,exceed_abs_t10,n_improved,134,134,0.0,PASS
b_e2,exceed_abs_t10,n_worsened,34,34,0.0,PASS
b_e2,exceed_abs_t10,n_tied,0,0,0.0,PASS
b_e2,exceed_abs_t10,n_valid,168,168,0.0,PASS
b_e2,exceed_abs_t15,cnn_mean,0.0062105,0.0062104999999999955,4.336808689942018e-18,PASS
b_e2,exceed_abs_t15,candidate_mean,0.0018069047619047613,0.0018069047619047628,1.5178830414797062e-18,PASS
b_e2,exceed_abs_t15,mean_raw_delta,-0.004403595238095239,-0.004403595238095236,2.6020852139652106e-18,PASS
b_e2,exceed_abs_t15,mean_improvement_delta,0.004403595238095239,0.004403595238095236,2.6020852139652106e-18,PASS
b_e2,exceed_abs_t15,median_improvement_delta,0.0028399999999999996,0.0028399999999999996,0.0,PASS
b_e2,exceed_abs_t15,n_improved,141,141,0.0,PASS
b_e2,exceed_abs_t15,n_worsened,27,27,0.0,PASS
b_e2,exceed_abs_t15,n_tied,0,0,0.0,PASS
b_e2,exceed_abs_t15,n_valid,168,168,0.0,PASS
b_e2,exceed_abs_p90,cnn_mean,0.010253619047619053,0.010253619047619051,1.734723475976807e-18,PASS
b_e2,exceed_abs_p90,candidate_mean,0.0027916428571428615,0.0027916428571428606,8.673617379884035e-19,PASS
b_e2,exceed_abs_p90,mean_raw_delta,-0.007461976190476192,-0.0074619761904761925,8.673617379884035e-19,PASS
b_e2,exceed_abs_p90,mean_improvement_delta,0.007461976190476192,0.0074619761904761925,8.673617379884035e-19,PASS
b_e2,exceed_abs_p90,median_improvement_delta,0.006087999999999996,0.006087999999999996,0.0,PASS
b_e2,exceed_abs_p90,n_improved,148,148,0.0,PASS
b_e2,exceed_abs_p90,n_worsened,20,20,0.0,PASS
b_e2,exceed_abs_p90,n_tied,0,0,0.0,PASS
b_e2,exceed_abs_p90,n_valid,168,168,0.0,PASS
b_e2,comp_curve_l1,cnn_mean,115.52777777777779,115.52777777777774,4.263256414560601e-14,PASS
b_e2,comp_curve_l1,candidate_mean,88.00595238095238,88.00595238095238,0.0,PASS
b_e2,comp_curve_l1,mean_raw_delta,-27.5218253968254,-27.5218253968254,0.0,PASS
b_e2,comp_curve_l1,mean_improvement_delta,27.5218253968254,27.5218253968254,0.0,PASS
b_e2,comp_curve_l1,median_improvement_delta,26.5,26.5,0.0,PASS
b_e2,comp_curve_l1,n_improved,155,155,0.0,PASS
b_e2,comp_curve_l1,n_worsened,13,13,0.0,PASS
b_e2,comp_curve_l1,n_tied,0,0,0.0,PASS
b_e2,comp_curve_l1,n_valid,168,168,0.0,PASS
b_e2,comp_abs_t5,cnn_mean,64.38095238095238,64.38095238095238,0.0,PASS
b_e2,comp_abs_t5,candidate_mean,56.166666666666664,56.166666666666664,0.0,PASS
b_e2,comp_abs_t5,mean_raw_delta,-8.214285714285714,-8.214285714285714,0.0,PASS
b_e2,comp_abs_t5,mean_improvement_delta,8.214285714285714,8.214285714285714,0.0,PASS
b_e2,comp_abs_t5,median_improvement_delta,5.5,5.5,0.0,PASS
b_e2,comp_abs_t5,n_improved,135,135,0.0,PASS
b_e2,comp_abs_t5,n_worsened,28,28,0.0,PASS
b_e2,comp_abs_t5,n_tied,5,5,0.0,PASS
b_e2,comp_abs_t5,n_valid,168,168,0.0,PASS
b_e2,comp_abs_t10,cnn_mean,187.16666666666666,187.16666666666666,0.0,PASS
b_e2,comp_abs_t10,candidate_mean,167.58928571428572,167.58928571428572,0.0,PASS
b_e2,comp_abs_t10,mean_raw_delta,-19.577380952380953,-19.577380952380953,0.0,PASS
b_e2,comp_abs_t10,mean_improvement_delta,19.577380952380953,19.577380952380953,0.0,PASS
b_e2,comp_abs_t10,median_improvement_delta,17.5,17.5,0.0,PASS
b_e2,comp_abs_t10,n_improved,134,134,0.0,PASS
b_e2,comp_abs_t10,n_worsened,34,34,0.0,PASS
b_e2,comp_abs_t10,n_tied,0,0,0.0,PASS
b_e2,comp_abs_t10,n_valid,168,168,0.0,PASS
b_e2,comp_abs_t15,cnn_mean,116.80952380952381,116.80952380952381,0.0,PASS
b_e2,comp_abs_t15,candidate_mean,77.4702380952381,77.4702380952381,0.0,PASS
b_e2,comp_abs_t15,mean_raw_delta,-39.339285714285715,-39.339285714285715,0.0,PASS
b_e2,comp_abs_t15,mean_improvement_delta,39.339285714285715,39.339285714285715,0.0,PASS
b_e2,comp_abs_t15,median_improvement_delta,36.5,36.5,0.0,PASS
b_e2,comp_abs_t15,n_improved,150,150,0.0,PASS
b_e2,comp_abs_t15,n_worsened,17,17,0.0,PASS
b_e2,comp_abs_t15,n_tied,1,1,0.0,PASS
b_e2,comp_abs_t15,n_valid,168,168,0.0,PASS
b_e2,pd_distance,cnn_mean,27.406283078086062,27.406283078086055,7.105427357601002e-15,PASS
b_e2,pd_distance,candidate_mean,23.98758167822224,23.98758167822223,1.0658141036401503e-14,PASS
b_e2,pd_distance,mean_raw_delta,-3.4187013998638194,-3.418701399863816,3.552713678800501e-15,PASS
b_e2,pd_distance,mean_improvement_delta,3.4187013998638194,3.418701399863816,3.552713678800501e-15,PASS
b_e2,pd_distance,median_improvement_delta,3.5686212561646897,3.5686212561646897,0.0,PASS
b_e2,pd_distance,n_improved,166,166,0.0,PASS
b_e2,pd_distance,n_worsened,2,2,0.0,PASS
b_e2,pd_distance,n_tied,0,0,0.0,PASS
b_e2,pd_distance,n_valid,168,168,0.0,PASS
b_e2,mt_distance,cnn_mean,5.867795200574966,5.867795200574966,0.0,PASS
b_e2,mt_distance,candidate_mean,5.677425131911323,5.677425131911323,0.0,PASS
b_e2,mt_distance,mean_raw_delta,-0.19037006866364253,-0.19037006866364253,0.0,PASS
b_e2,mt_distance,mean_improvement_delta,0.19037006866364253,0.19037006866364253,0.0,PASS
b_e2,mt_distance,median_improvement_delta,0.0861814022064209,0.0861814022064209,0.0,PASS
b_e2,mt_distance,n_improved,90,90,0.0,PASS
b_e2,mt_distance,n_worsened,78,78,0.0,PASS
b_e2,mt_distance,n_tied,0,0,0.0,PASS
b_e2,mt_distance,n_valid,168,168,0.0,PASS
bicubic,psnruv,cnn_mean,31.192500433861134,31.192500433861134,0.0,PASS
bicubic,psnruv,candidate_mean,32.22024489796834,32.22024489796837,2.842170943040401e-14,PASS
bicubic,psnruv,mean_raw_delta,1.0277444641072029,1.0277444641072024,4.440892098500626e-16,PASS
bicubic,psnruv,mean_improvement_delta,1.0277444641072029,1.0277444641072024,4.440892098500626e-16,PASS
bicubic,psnruv,median_improvement_delta,0.9856644365572613,0.9856644365572613,0.0,PASS
bicubic,psnruv,n_improved,168,168,0.0,PASS
bicubic,psnruv,n_worsened,0,0,0.0,PASS
bicubic,psnruv,n_tied,0,0,0.0,PASS
bicubic,psnruv,n_valid,168,168,0.0,PASS
bicubic,ssim_speed,cnn_mean,,,,PASS
bicubic,ssim_speed,candidate_mean,,,,PASS
bicubic,ssim_speed,mean_raw_delta,,,,PASS
bicubic,ssim_speed,mean_improvement_delta,,,,PASS
bicubic,ssim_speed,median_improvement_delta,,,,PASS
bicubic,ssim_speed,n_improved,,,,PASS
bicubic,ssim_speed,n_worsened,,,,PASS
bicubic,ssim_speed,n_tied,,,,PASS
bicubic,ssim_speed,n_valid,0,0,0.0,PASS
bicubic,speed_mae,cnn_mean,0.6940701629397319,0.6940701629397316,3.3306690738754696e-16,PASS
bicubic,speed_mae,candidate_mean,0.596289377222885,0.596289377222885,0.0,PASS
bicubic,speed_mae,mean_raw_delta,-0.09778078571684681,-0.09778078571684681,0.0,PASS
bicubic,speed_mae,mean_improvement_delta,0.09778078571684681,0.09778078571684681,0.0,PASS
bicubic,speed_mae,median_improvement_delta,0.09872785766255626,0.09872785766255626,0.0,PASS
bicubic,speed_mae,n_improved,168,168,0.0,PASS
bicubic,speed_mae,n_worsened,0,0,0.0,PASS
bicubic,speed_mae,n_tied,0,0,0.0,PASS
bicubic,speed_mae,n_valid,168,168,0.0,PASS
bicubic,speed_rmse,cnn_mean,1.1077586003651096,1.1077586003651088,8.881784197001252e-16,PASS
bicubic,speed_rmse,candidate_mean,1.0156229105954462,1.0156229105954468,6.661338147750939e-16,PASS
bicubic,speed_rmse,mean_raw_delta,-0.09213568976966333,-0.0921356897696633,2.7755575615628914e-17,PASS
bicubic,speed_rmse,mean_improvement_delta,0.09213568976966333,0.0921356897696633,2.7755575615628914e-17,PASS
bicubic,speed_rmse,median_improvement_delta,0.08687177789903111,0.08687177789903111,0.0,PASS
bicubic,speed_rmse,n_improved,168,168,0.0,PASS
bicubic,speed_rmse,n_worsened,0,0,0.0,PASS
bicubic,speed_rmse,n_tied,0,0,0.0,PASS
bicubic,speed_rmse,n_valid,168,168,0.0,PASS
bicubic,wpd_mae,cnn_mean,231.67091095165674,231.67091095165674,0.0,PASS
bicubic,wpd_mae,candidate_mean,193.54026913735314,193.540269137353,1.4210854715202004e-13,PASS
bicubic,wpd_mae,mean_raw_delta,-38.1306418143036,-38.13064181430359,1.4210854715202004e-14,PASS
bicubic,wpd_mae,mean_improvement_delta,38.1306418143036,38.13064181430359,1.4210854715202004e-14,PASS
bicubic,wpd_mae,median_improvement_delta,35.06789580866423,35.06789580866423,0.0,PASS
bicubic,wpd_mae,n_improved,168,168,0.0,PASS
bicubic,wpd_mae,n_worsened,0,0,0.0,PASS
bicubic,wpd_mae,n_tied,0,0,0.0,PASS
bicubic,wpd_mae,n_valid,168,168,0.0,PASS
bicubic,wpd_w1,cnn_mean,45.27127092112853,45.271270921128526,7.105427357601002e-15,PASS
bicubic,wpd_w1,candidate_mean,55.51034812461865,55.510348124618694,4.263256414560601e-14,PASS
bicubic,wpd_w1,mean_raw_delta,10.23907720349012,10.239077203490124,3.552713678800501e-15,PASS
bicubic,wpd_w1,mean_improvement_delta,-10.23907720349012,-10.239077203490124,3.552713678800501e-15,PASS
bicubic,wpd_w1,median_improvement_delta,-6.870661504857818,-6.870661504857818,0.0,PASS
bicubic,wpd_w1,n_improved,61,61,0.0,PASS
bicubic,wpd_w1,n_worsened,107,107,0.0,PASS
bicubic,wpd_w1,n_tied,0,0,0.0,PASS
bicubic,wpd_w1,n_valid,168,168,0.0,PASS
bicubic,wpd_bias_abs,cnn_mean,35.343902938857745,35.343902938857745,0.0,PASS
bicubic,wpd_bias_abs,candidate_mean,41.22437202840623,41.22437202840623,0.0,PASS
bicubic,wpd_bias_abs,mean_raw_delta,5.880469089548486,5.880469089548486,0.0,PASS
bicubic,wpd_bias_abs,mean_improvement_delta,-5.880469089548486,-5.880469089548486,0.0,PASS
bicubic,wpd_bias_abs,median_improvement_delta,-1.1509120862871214,-1.1509120862871214,0.0,PASS
bicubic,wpd_bias_abs,n_improved,78,78,0.0,PASS
bicubic,wpd_bias_abs,n_worsened,90,90,0.0,PASS
bicubic,wpd_bias_abs,n_tied,0,0,0.0,PASS
bicubic,wpd_bias_abs,n_valid,168,168,0.0,PASS
bicubic,grad_mae,cnn_mean,0.3490557204526641,0.3490557204526642,1.1102230246251565e-16,PASS
bicubic,grad_mae,candidate_mean,0.3696363608464772,0.3696363608464772,0.0,PASS
bicubic,grad_mae,mean_raw_delta,0.0205806403938131,0.020580640393813094,6.938893903907228e-18,PASS
bicubic,grad_mae,mean_improvement_delta,-0.0205806403938131,-0.020580640393813094,6.938893903907228e-18,PASS
bicubic,grad_mae,median_improvement_delta,-0.019488129729619413,-0.019488129729619413,0.0,PASS
bicubic,grad_mae,n_improved,9,9,0.0,PASS
bicubic,grad_mae,n_worsened,159,159,0.0,PASS
bicubic,grad_mae,n_tied,0,0,0.0,PASS
bicubic,grad_mae,n_valid,168,168,0.0,PASS
bicubic,grad_w1,cnn_mean,0.23294292018237558,0.23294292018237575,1.6653345369377348e-16,PASS
bicubic,grad_w1,candidate_mean,0.3281883217175685,0.32818832171756845,5.551115123125783e-17,PASS
bicubic,grad_w1,mean_raw_delta,0.09524540153519293,0.09524540153519294,1.3877787807814457e-17,PASS
bicubic,grad_w1,mean_improvement_delta,-0.09524540153519293,-0.09524540153519294,1.3877787807814457e-17,PASS
bicubic,grad_w1,median_improvement_delta,-0.08420626814665962,-0.08420626814665962,0.0,PASS
bicubic,grad_w1,n_improved,0,0,0.0,PASS
bicubic,grad_w1,n_worsened,168,168,0.0,PASS
bicubic,grad_w1,n_tied,0,0,0.0,PASS
bicubic,grad_w1,n_valid,168,168,0.0,PASS
bicubic,grad_kurtosis_abs_delta,cnn_mean,3.7003760441443694,3.70037604414437,4.440892098500626e-16,PASS
bicubic,grad_kurtosis_abs_delta,candidate_mean,6.616287724880248,6.6162877248802445,3.552713678800501e-15,PASS
bicubic,grad_kurtosis_abs_delta,mean_raw_delta,2.9159116807358787,2.9159116807358765,2.220446049250313e-15,PASS
bicubic,grad_kurtosis_abs_delta,mean_improvement_delta,-2.9159116807358787,-2.9159116807358765,2.220446049250313e-15,PASS
bicubic,grad_kurtosis_abs_delta,median_improvement_delta,-3.507457407019105,-3.507457407019105,0.0,PASS
bicubic,grad_kurtosis_abs_delta,n_improved,32,32,0.0,PASS
bicubic,grad_kurtosis_abs_delta,n_worsened,136,136,0.0,PASS
bicubic,grad_kurtosis_abs_delta,n_tied,0,0,0.0,PASS
bicubic,grad_kurtosis_abs_delta,n_valid,168,168,0.0,PASS
bicubic,psd_log_l2,cnn_mean,0.8335247431666106,0.833524743166611,3.3306690738754696e-16,PASS
bicubic,psd_log_l2,candidate_mean,1.3625464052880067,1.362546405288007,2.220446049250313e-16,PASS
bicubic,psd_log_l2,mean_raw_delta,0.5290216621213962,0.529021662121396,2.220446049250313e-16,PASS
bicubic,psd_log_l2,mean_improvement_delta,-0.5290216621213962,-0.529021662121396,2.220446049250313e-16,PASS
bicubic,psd_log_l2,median_improvement_delta,-0.4464283399289225,-0.4464283399289225,0.0,PASS
bicubic,psd_log_l2,n_improved,0,0,0.0,PASS
bicubic,psd_log_l2,n_worsened,168,168,0.0,PASS
bicubic,psd_log_l2,n_tied,0,0,0.0,PASS
bicubic,psd_log_l2,n_valid,168,168,0.0,PASS
bicubic,psd_slope_abs_delta,cnn_mean,0.9150108562505738,0.9150108562505733,4.440892098500626e-16,PASS
bicubic,psd_slope_abs_delta,candidate_mean,1.6683939052516956,1.6683939052516963,6.661338147750939e-16,PASS
bicubic,psd_slope_abs_delta,mean_raw_delta,0.7533830490011217,0.7533830490011215,2.220446049250313e-16,PASS
bicubic,psd_slope_abs_delta,mean_improvement_delta,-0.7533830490011217,-0.7533830490011215,2.220446049250313e-16,PASS
bicubic,psd_slope_abs_delta,median_improvement_delta,-0.6264906148791475,-0.6264906148791475,0.0,PASS
bicubic,psd_slope_abs_delta,n_improved,0,0,0.0,PASS
bicubic,psd_slope_abs_delta,n_worsened,168,168,0.0,PASS
bicubic,psd_slope_abs_delta,n_tied,0,0,0.0,PASS
bicubic,psd_slope_abs_delta,n_valid,168,168,0.0,PASS
bicubic,exceed_abs_t5,cnn_mean,0.004242333333333336,0.004242333333333336,0.0,PASS
bicubic,exceed_abs_t5,candidate_mean,0.009455761904761911,0.009455761904761913,1.734723475976807e-18,PASS
bicubic,exceed_abs_t5,mean_raw_delta,0.0052134285714285755,0.005213428571428575,8.673617379884035e-19,PASS
bicubic,exceed_abs_t5,mean_improvement_delta,-0.0052134285714285755,-0.005213428571428575,8.673617379884035e-19,PASS
bicubic,exceed_abs_t5,median_improvement_delta,-0.005431999999999992,-0.005431999999999992,0.0,PASS
bicubic,exceed_abs_t5,n_improved,17,17,0.0,PASS
bicubic,exceed_abs_t5,n_worsened,151,151,0.0,PASS
bicubic,exceed_abs_t5,n_tied,0,0,0.0,PASS
bicubic,exceed_abs_t5,n_valid,168,168,0.0,PASS
bicubic,exceed_abs_t10,cnn_mean,0.006580809523809519,0.006580809523809515,4.336808689942018e-18,PASS
bicubic,exceed_abs_t10,candidate_mean,0.00851180952380952,0.008511809523809527,6.938893903907228e-18,PASS
bicubic,exceed_abs_t10,mean_raw_delta,0.0019310000000000009,0.0019310000000000015,6.505213034913027e-19,PASS
bicubic,exceed_abs_t10,mean_improvement_delta,-0.0019310000000000009,-0.0019310000000000015,6.505213034913027e-19,PASS
bicubic,exceed_abs_t10,median_improvement_delta,-0.0013100000000000056,-0.0013100000000000056,0.0,PASS
bicubic,exceed_abs_t10,n_improved,55,55,0.0,PASS
bicubic,exceed_abs_t10,n_worsened,113,113,0.0,PASS
bicubic,exceed_abs_t10,n_tied,0,0,0.0,PASS
bicubic,exceed_abs_t10,n_valid,168,168,0.0,PASS
bicubic,exceed_abs_t15,cnn_mean,0.0062105,0.0062104999999999955,4.336808689942018e-18,PASS
bicubic,exceed_abs_t15,candidate_mean,0.007366833333333333,0.0073668333333333355,2.6020852139652106e-18,PASS
bicubic,exceed_abs_t15,mean_raw_delta,0.0011563333333333339,0.0011563333333333339,0.0,PASS
bicubic,exceed_abs_t15,mean_improvement_delta,-0.0011563333333333339,-0.0011563333333333339,0.0,PASS
bicubic,exceed_abs_t15,median_improvement_delta,-0.0007660000000000193,-0.0007660000000000193,0.0,PASS
bicubic,exceed_abs_t15,n_improved,59,59,0.0,PASS
bicubic,exceed_abs_t15,n_worsened,108,108,0.0,PASS
bicubic,exceed_abs_t15,n_tied,1,1,0.0,PASS
bicubic,exceed_abs_t15,n_valid,168,168,0.0,PASS
bicubic,exceed_abs_p90,cnn_mean,0.010253619047619053,0.010253619047619051,1.734723475976807e-18,PASS
bicubic,exceed_abs_p90,candidate_mean,0.01089626190476191,0.010896261904761905,5.204170427930421e-18,PASS
bicubic,exceed_abs_p90,mean_raw_delta,0.0006426428571428582,0.0006426428571428577,5.421010862427522e-19,PASS
bicubic,exceed_abs_p90,mean_improvement_delta,-0.0006426428571428582,-0.0006426428571428577,5.421010862427522e-19,PASS
bicubic,exceed_abs_p90,median_improvement_delta,-0.000779999999999996,-0.000779999999999996,0.0,PASS
bicubic,exceed_abs_p90,n_improved,72,72,0.0,PASS
bicubic,exceed_abs_p90,n_worsened,96,96,0.0,PASS
bicubic,exceed_abs_p90,n_tied,0,0,0.0,PASS
bicubic,exceed_abs_p90,n_valid,168,168,0.0,PASS
bicubic,comp_curve_l1,cnn_mean,115.52777777777779,115.52777777777774,4.263256414560601e-14,PASS
bicubic,comp_curve_l1,candidate_mean,173.18551587301587,173.1855158730159,2.842170943040401e-14,PASS
bicubic,comp_curve_l1,mean_raw_delta,57.657738095238095,57.657738095238074,2.1316282072803006e-14,PASS
bicubic,comp_curve_l1,mean_improvement_delta,-57.657738095238095,-57.657738095238074,2.1316282072803006e-14,PASS
bicubic,comp_curve_l1,median_improvement_delta,-54.08333333333333,-54.08333333333333,0.0,PASS
bicubic,comp_curve_l1,n_improved,0,0,0.0,PASS
bicubic,comp_curve_l1,n_worsened,168,168,0.0,PASS
bicubic,comp_curve_l1,n_tied,0,0,0.0,PASS
bicubic,comp_curve_l1,n_valid,168,168,0.0,PASS
bicubic,comp_abs_t5,cnn_mean,64.38095238095238,64.38095238095238,0.0,PASS
bicubic,comp_abs_t5,candidate_mean,79.29166666666667,79.29166666666667,0.0,PASS
bicubic,comp_abs_t5,mean_raw_delta,14.910714285714286,14.910714285714286,0.0,PASS
bicubic,comp_abs_t5,mean_improvement_delta,-14.910714285714286,-14.910714285714286,0.0,PASS
bicubic,comp_abs_t5,median_improvement_delta,-12.0,-12.0,0.0,PASS
bicubic,comp_abs_t5,n_improved,2,2,0.0,PASS
bicubic,comp_abs_t5,n_worsened,161,161,0.0,PASS
bicubic,comp_abs_t5,n_tied,5,5,0.0,PASS
bicubic,comp_abs_t5,n_valid,168,168,0.0,PASS
bicubic,comp_abs_t10,cnn_mean,187.16666666666666,187.16666666666666,0.0,PASS
bicubic,comp_abs_t10,candidate_mean,271.8154761904762,271.8154761904762,0.0,PASS
bicubic,comp_abs_t10,mean_raw_delta,84.64880952380952,84.64880952380952,0.0,PASS
bicubic,comp_abs_t10,mean_improvement_delta,-84.64880952380952,-84.64880952380952,0.0,PASS
bicubic,comp_abs_t10,median_improvement_delta,-80.5,-80.5,0.0,PASS
bicubic,comp_abs_t10,n_improved,0,0,0.0,PASS
bicubic,comp_abs_t10,n_worsened,168,168,0.0,PASS
bicubic,comp_abs_t10,n_tied,0,0,0.0,PASS
bicubic,comp_abs_t10,n_valid,168,168,0.0,PASS
bicubic,comp_abs_t15,cnn_mean,116.80952380952381,116.80952380952381,0.0,PASS
bicubic,comp_abs_t15,candidate_mean,177.57738095238096,177.57738095238096,0.0,PASS
bicubic,comp_abs_t15,mean_raw_delta,60.767857142857146,60.767857142857146,0.0,PASS
bicubic,comp_abs_t15,mean_improvement_delta,-60.767857142857146,-60.767857142857146,0.0,PASS
bicubic,comp_abs_t15,median_improvement_delta,-58.5,-58.5,0.0,PASS
bicubic,comp_abs_t15,n_improved,0,0,0.0,PASS
bicubic,comp_abs_t15,n_worsened,167,167,0.0,PASS
bicubic,comp_abs_t15,n_tied,1,1,0.0,PASS
bicubic,comp_abs_t15,n_valid,168,168,0.0,PASS
bicubic,pd_distance,cnn_mean,,,,PASS
bicubic,pd_distance,candidate_mean,,,,PASS
bicubic,pd_distance,mean_raw_delta,,,,PASS
bicubic,pd_distance,mean_improvement_delta,,,,PASS
bicubic,pd_distance,median_improvement_delta,,,,PASS
bicubic,pd_distance,n_improved,,,,PASS
bicubic,pd_distance,n_worsened,,,,PASS
bicubic,pd_distance,n_tied,,,,PASS
bicubic,pd_distance,n_valid,0,0,0.0,PASS
bicubic,mt_distance,cnn_mean,,,,PASS
bicubic,mt_distance,candidate_mean,,,,PASS
bicubic,mt_distance,mean_raw_delta,,,,PASS
bicubic,mt_distance,mean_improvement_delta,,,,PASS
bicubic,mt_distance,median_improvement_delta,,,,PASS
bicubic,mt_distance,n_improved,,,,PASS
bicubic,mt_distance,n_worsened,,,,PASS
bicubic,mt_distance,n_tied,,,,PASS
bicubic,mt_distance,n_valid,0,0,0.0,PASS
c_e2,psnruv,cnn_mean,31.192500433861134,31.192500433861134,0.0,PASS
c_e2,psnruv,candidate_mean,32.73294424889662,32.732944248896615,7.105427357601002e-15,PASS
c_e2,psnruv,mean_raw_delta,1.5404438150354796,1.5404438150354793,2.220446049250313e-16,PASS
c_e2,psnruv,mean_improvement_delta,1.5404438150354796,1.5404438150354793,2.220446049250313e-16,PASS
c_e2,psnruv,median_improvement_delta,1.6361125338526534,1.6361125338526534,0.0,PASS
c_e2,psnruv,n_improved,168,168,0.0,PASS
c_e2,psnruv,n_worsened,0,0,0.0,PASS
c_e2,psnruv,n_tied,0,0,0.0,PASS
c_e2,psnruv,n_valid,168,168,0.0,PASS
c_e2,ssim_speed,cnn_mean,,,,PASS
c_e2,ssim_speed,candidate_mean,,,,PASS
c_e2,ssim_speed,mean_raw_delta,,,,PASS
c_e2,ssim_speed,mean_improvement_delta,,,,PASS
c_e2,ssim_speed,median_improvement_delta,,,,PASS
c_e2,ssim_speed,n_improved,,,,PASS
c_e2,ssim_speed,n_worsened,,,,PASS
c_e2,ssim_speed,n_tied,,,,PASS
c_e2,ssim_speed,n_valid,0,0,0.0,PASS
c_e2,speed_mae,cnn_mean,0.6940701629397319,0.6940701629397316,3.3306690738754696e-16,PASS
c_e2,speed_mae,candidate_mean,0.5648566418942202,0.5648566418942201,1.1102230246251565e-16,PASS
c_e2,speed_mae,mean_raw_delta,-0.1292135210455116,-0.1292135210455116,0.0,PASS
c_e2,speed_mae,mean_improvement_delta,0.1292135210455116,0.1292135210455116,0.0,PASS
c_e2,speed_mae,median_improvement_delta,0.12403909806235941,0.12403909806235941,0.0,PASS
c_e2,speed_mae,n_improved,168,168,0.0,PASS
c_e2,speed_mae,n_worsened,0,0,0.0,PASS
c_e2,speed_mae,n_tied,0,0,0.0,PASS
c_e2,speed_mae,n_valid,168,168,0.0,PASS
c_e2,speed_rmse,cnn_mean,1.1077586003651096,1.1077586003651088,8.881784197001252e-16,PASS
c_e2,speed_rmse,candidate_mean,0.956648963016771,0.9566489630167713,2.220446049250313e-16,PASS
c_e2,speed_rmse,mean_raw_delta,-0.15110963734833863,-0.15110963734833874,1.1102230246251565e-16,PASS
c_e2,speed_rmse,mean_improvement_delta,0.15110963734833863,0.15110963734833874,1.1102230246251565e-16,PASS
c_e2,speed_rmse,median_improvement_delta,0.13688963564579026,0.13688963564579026,0.0,PASS
c_e2,speed_rmse,n_improved,168,168,0.0,PASS
c_e2,speed_rmse,n_worsened,0,0,0.0,PASS
c_e2,speed_rmse,n_tied,0,0,0.0,PASS
c_e2,speed_rmse,n_valid,168,168,0.0,PASS
c_e2,wpd_mae,cnn_mean,231.67091095165674,231.67091095165674,0.0,PASS
c_e2,wpd_mae,candidate_mean,182.91063460560918,182.91063460560912,5.684341886080802e-14,PASS
c_e2,wpd_mae,mean_raw_delta,-48.76027634604756,-48.76027634604756,0.0,PASS
c_e2,wpd_mae,mean_improvement_delta,48.76027634604756,48.76027634604756,0.0,PASS
c_e2,wpd_mae,median_improvement_delta,42.48471572259207,42.48471572259207,0.0,PASS
c_e2,wpd_mae,n_improved,168,168,0.0,PASS
c_e2,wpd_mae,n_worsened,0,0,0.0,PASS
c_e2,wpd_mae,n_tied,0,0,0.0,PASS
c_e2,wpd_mae,n_valid,168,168,0.0,PASS
c_e2,wpd_w1,cnn_mean,45.27127092112853,45.271270921128526,7.105427357601002e-15,PASS
c_e2,wpd_w1,candidate_mean,12.909754732649752,12.909754732649752,0.0,PASS
c_e2,wpd_w1,mean_raw_delta,-32.36151618847878,-32.361516188478795,1.4210854715202004e-14,PASS
c_e2,wpd_w1,mean_improvement_delta,32.36151618847878,32.361516188478795,1.4210854715202004e-14,PASS
c_e2,wpd_w1,median_improvement_delta,34.84584698578899,34.84584698578899,0.0,PASS
c_e2,wpd_w1,n_improved,166,166,0.0,PASS
c_e2,wpd_w1,n_worsened,2,2,0.0,PASS
c_e2,wpd_w1,n_tied,0,0,0.0,PASS
c_e2,wpd_w1,n_valid,168,168,0.0,PASS
c_e2,wpd_bias_abs,cnn_mean,35.343902938857745,35.343902938857745,0.0,PASS
c_e2,wpd_bias_abs,candidate_mean,6.703762910533207,6.703762910533212,4.440892098500626e-15,PASS
c_e2,wpd_bias_abs,mean_raw_delta,-28.64014002832454,-28.64014002832451,3.197442310920451e-14,PASS
c_e2,wpd_bias_abs,mean_improvement_delta,28.64014002832454,28.64014002832451,3.197442310920451e-14,PASS
c_e2,wpd_bias_abs,median_improvement_delta,32.309038844920885,32.309038844920885,0.0,PASS
c_e2,wpd_bias_abs,n_improved,148,148,0.0,PASS
c_e2,wpd_bias_abs,n_worsened,20,20,0.0,PASS
c_e2,wpd_bias_abs,n_tied,0,0,0.0,PASS
c_e2,wpd_bias_abs,n_valid,168,168,0.0,PASS
c_e2,grad_mae,cnn_mean,0.3490557204526641,0.3490557204526642,1.1102230246251565e-16,PASS
c_e2,grad_mae,candidate_mean,0.3115675575842548,0.31156755758425475,5.551115123125783e-17,PASS
c_e2,grad_mae,mean_raw_delta,-0.0374881628684093,-0.037488162868409315,1.3877787807814457e-17,PASS
c_e2,grad_mae,mean_improvement_delta,0.0374881628684093,0.037488162868409315,1.3877787807814457e-17,PASS
c_e2,grad_mae,median_improvement_delta,0.038322845938492056,0.038322845938492056,0.0,PASS
c_e2,grad_mae,n_improved,168,168,0.0,PASS
c_e2,grad_mae,n_worsened,0,0,0.0,PASS
c_e2,grad_mae,n_tied,0,0,0.0,PASS
c_e2,grad_mae,n_valid,168,168,0.0,PASS
c_e2,grad_w1,cnn_mean,0.23294292018237558,0.23294292018237575,1.6653345369377348e-16,PASS
c_e2,grad_w1,candidate_mean,0.1581902346613526,0.15819023466135262,2.7755575615628914e-17,PASS
c_e2,grad_w1,mean_raw_delta,-0.07475268552102302,-0.07475268552102306,4.163336342344337e-17,PASS
c_e2,grad_w1,mean_improvement_delta,0.07475268552102302,0.07475268552102306,4.163336342344337e-17,PASS
c_e2,grad_w1,median_improvement_delta,0.07949206928266618,0.07949206928266618,0.0,PASS
c_e2,grad_w1,n_improved,165,165,0.0,PASS
c_e2,grad_w1,n_worsened,3,3,0.0,PASS
c_e2,grad_w1,n_tied,0,0,0.0,PASS
c_e2,grad_w1,n_valid,168,168,0.0,PASS
c_e2,grad_kurtosis_abs_delta,cnn_mean,3.7003760441443694,3.70037604414437,4.440892098500626e-16,PASS
c_e2,grad_kurtosis_abs_delta,candidate_mean,2.9537210067424366,2.953721006742436,4.440892098500626e-16,PASS
c_e2,grad_kurtosis_abs_delta,mean_raw_delta,-0.7466550374019328,-0.746655037401933,1.1102230246251565e-16,PASS
c_e2,grad_kurtosis_abs_delta,mean_improvement_delta,0.7466550374019328,0.746655037401933,1.1102230246251565e-16,PASS
c_e2,grad_kurtosis_abs_delta,median_improvement_delta,-0.13001348105308352,-0.13001348105308352,0.0,PASS
c_e2,grad_kurtosis_abs_delta,n_improved,80,80,0.0,PASS
c_e2,grad_kurtosis_abs_delta,n_worsened,88,88,0.0,PASS
c_e2,grad_kurtosis_abs_delta,n_tied,0,0,0.0,PASS
c_e2,grad_kurtosis_abs_delta,n_valid,168,168,0.0,PASS
c_e2,psd_log_l2,cnn_mean,0.8335247431666106,0.833524743166611,3.3306690738754696e-16,PASS
c_e2,psd_log_l2,candidate_mean,0.858852600896507,0.858852600896507,0.0,PASS
c_e2,psd_log_l2,mean_raw_delta,0.02532785772989634,0.025327857729896326,1.3877787807814457e-17,PASS
c_e2,psd_log_l2,mean_improvement_delta,-0.02532785772989634,-0.025327857729896326,1.3877787807814457e-17,PASS
c_e2,psd_log_l2,median_improvement_delta,-0.0038026737447373615,-0.0038026737447373615,0.0,PASS
c_e2,psd_log_l2,n_improved,79,79,0.0,PASS
c_e2,psd_log_l2,n_worsened,89,89,0.0,PASS
c_e2,psd_log_l2,n_tied,0,0,0.0,PASS
c_e2,psd_log_l2,n_valid,168,168,0.0,PASS
c_e2,psd_slope_abs_delta,cnn_mean,0.9150108562505738,0.9150108562505733,4.440892098500626e-16,PASS
c_e2,psd_slope_abs_delta,candidate_mean,1.250858490637028,1.2508584906370288,8.881784197001252e-16,PASS
c_e2,psd_slope_abs_delta,mean_raw_delta,0.3358476343864542,0.33584763438645426,5.551115123125783e-17,PASS
c_e2,psd_slope_abs_delta,mean_improvement_delta,-0.3358476343864542,-0.33584763438645426,5.551115123125783e-17,PASS
c_e2,psd_slope_abs_delta,median_improvement_delta,-0.32449047411861803,-0.32449047411861803,0.0,PASS
c_e2,psd_slope_abs_delta,n_improved,0,0,0.0,PASS
c_e2,psd_slope_abs_delta,n_worsened,168,168,0.0,PASS
c_e2,psd_slope_abs_delta,n_tied,0,0,0.0,PASS
c_e2,psd_slope_abs_delta,n_valid,168,168,0.0,PASS
c_e2,exceed_abs_t5,cnn_mean,0.004242333333333336,0.004242333333333336,0.0,PASS
c_e2,exceed_abs_t5,candidate_mean,0.002216523809523815,0.002216523809523815,0.0,PASS
c_e2,exceed_abs_t5,mean_raw_delta,-0.0020258095238095213,-0.0020258095238095213,0.0,PASS
c_e2,exceed_abs_t5,mean_improvement_delta,0.0020258095238095213,0.0020258095238095213,0.0,PASS
c_e2,exceed_abs_t5,median_improvement_delta,0.0022900000000000142,0.0022900000000000142,0.0,PASS
c_e2,exceed_abs_t5,n_improved,131,131,0.0,PASS
c_e2,exceed_abs_t5,n_worsened,37,37,0.0,PASS
c_e2,exceed_abs_t5,n_tied,0,0,0.0,PASS
c_e2,exceed_abs_t5,n_valid,168,168,0.0,PASS
c_e2,exceed_abs_t10,cnn_mean,0.006580809523809519,0.006580809523809515,4.336808689942018e-18,PASS
c_e2,exceed_abs_t10,candidate_mean,0.002413047619047621,0.002413047619047621,0.0,PASS
c_e2,exceed_abs_t10,mean_raw_delta,-0.004167761904761898,-0.004167761904761899,8.673617379884035e-19,PASS
c_e2,exceed_abs_t10,mean_improvement_delta,0.004167761904761898,0.004167761904761899,8.673617379884035e-19,PASS
c_e2,exceed_abs_t10,median_improvement_delta,0.002808000000000005,0.002808000000000005,0.0,PASS
c_e2,exceed_abs_t10,n_improved,126,126,0.0,PASS
c_e2,exceed_abs_t10,n_worsened,42,42,0.0,PASS
c_e2,exceed_abs_t10,n_tied,0,0,0.0,PASS
c_e2,exceed_abs_t10,n_valid,168,168,0.0,PASS
c_e2,exceed_abs_t15,cnn_mean,0.0062105,0.0062104999999999955,4.336808689942018e-18,PASS
c_e2,exceed_abs_t15,candidate_mean,0.0015110476190476182,0.0015110476190476182,0.0,PASS
c_e2,exceed_abs_t15,mean_raw_delta,-0.004699452380952381,-0.004699452380952378,3.469446951953614e-18,PASS
c_e2,exceed_abs_t15,mean_improvement_delta,0.004699452380952381,0.004699452380952378,3.469446951953614e-18,PASS
c_e2,exceed_abs_t15,median_improvement_delta,0.0031079999999999927,0.0031079999999999927,0.0,PASS
c_e2,exceed_abs_t15,n_improved,140,140,0.0,PASS
c_e2,exceed_abs_t15,n_worsened,28,28,0.0,PASS
c_e2,exceed_abs_t15,n_tied,0,0,0.0,PASS
c_e2,exceed_abs_t15,n_valid,168,168,0.0,PASS
c_e2,exceed_abs_p90,cnn_mean,0.010253619047619053,0.010253619047619051,1.734723475976807e-18,PASS
c_e2,exceed_abs_p90,candidate_mean,0.0016504523809523811,0.0016504523809523807,4.336808689942018e-19,PASS
c_e2,exceed_abs_p90,mean_raw_delta,-0.00860316666666667,-0.00860316666666667,0.0,PASS
c_e2,exceed_abs_p90,mean_improvement_delta,0.00860316666666667,0.00860316666666667,0.0,PASS
c_e2,exceed_abs_p90,median_improvement_delta,0.00667800000000001,0.00667800000000001,0.0,PASS
c_e2,exceed_abs_p90,n_improved,155,155,0.0,PASS
c_e2,exceed_abs_p90,n_worsened,13,13,0.0,PASS
c_e2,exceed_abs_p90,n_tied,0,0,0.0,PASS
c_e2,exceed_abs_p90,n_valid,168,168,0.0,PASS
c_e2,comp_curve_l1,cnn_mean,115.52777777777779,115.52777777777774,4.263256414560601e-14,PASS
c_e2,comp_curve_l1,candidate_mean,91.86904761904762,91.8690476190476,1.4210854715202004e-14,PASS
c_e2,comp_curve_l1,mean_raw_delta,-23.658730158730158,-23.658730158730148,1.0658141036401503e-14,PASS
c_e2,comp_curve_l1,mean_improvement_delta,23.658730158730158,23.658730158730148,1.0658141036401503e-14,PASS
c_e2,comp_curve_l1,median_improvement_delta,22.5,22.5,0.0,PASS
c_e2,comp_curve_l1,n_improved,154,154,0.0,PASS
c_e2,comp_curve_l1,n_worsened,14,14,0.0,PASS
c_e2,comp_curve_l1,n_tied,0,0,0.0,PASS
c_e2,comp_curve_l1,n_valid,168,168,0.0,PASS
c_e2,comp_abs_t5,cnn_mean,64.38095238095238,64.38095238095238,0.0,PASS
c_e2,comp_abs_t5,candidate_mean,56.55357142857143,56.55357142857143,0.0,PASS
c_e2,comp_abs_t5,mean_raw_delta,-7.8273809523809526,-7.8273809523809526,0.0,PASS
c_e2,comp_abs_t5,mean_improvement_delta,7.8273809523809526,7.8273809523809526,0.0,PASS
c_e2,comp_abs_t5,median_improvement_delta,5.0,5.0,0.0,PASS
c_e2,comp_abs_t5,n_improved,127,127,0.0,PASS
c_e2,comp_abs_t5,n_worsened,28,28,0.0,PASS
c_e2,comp_abs_t5,n_tied,13,13,0.0,PASS
c_e2,comp_abs_t5,n_valid,168,168,0.0,PASS
c_e2,comp_abs_t10,cnn_mean,187.16666666666666,187.16666666666666,0.0,PASS
c_e2,comp_abs_t10,candidate_mean,175.98214285714286,175.98214285714286,0.0,PASS
c_e2,comp_abs_t10,mean_raw_delta,-11.18452380952381,-11.18452380952381,0.0,PASS
c_e2,comp_abs_t10,mean_improvement_delta,11.18452380952381,11.18452380952381,0.0,PASS
c_e2,comp_abs_t10,median_improvement_delta,10.0,10.0,0.0,PASS
c_e2,comp_abs_t10,n_improved,114,114,0.0,PASS
c_e2,comp_abs_t10,n_worsened,51,51,0.0,PASS
c_e2,comp_abs_t10,n_tied,3,3,0.0,PASS
c_e2,comp_abs_t10,n_valid,168,168,0.0,PASS
c_e2,comp_abs_t15,cnn_mean,116.80952380952381,116.80952380952381,0.0,PASS
c_e2,comp_abs_t15,candidate_mean,82.26190476190476,82.26190476190476,0.0,PASS
c_e2,comp_abs_t15,mean_raw_delta,-34.54761904761905,-34.54761904761905,0.0,PASS
c_e2,comp_abs_t15,mean_improvement_delta,34.54761904761905,34.54761904761905,0.0,PASS
c_e2,comp_abs_t15,median_improvement_delta,29.0,29.0,0.0,PASS
c_e2,comp_abs_t15,n_improved,144,144,0.0,PASS
c_e2,comp_abs_t15,n_worsened,24,24,0.0,PASS
c_e2,comp_abs_t15,n_tied,0,0,0.0,PASS
c_e2,comp_abs_t15,n_valid,168,168,0.0,PASS
c_e2,pd_distance,cnn_mean,27.406283078086062,27.406283078086055,7.105427357601002e-15,PASS
c_e2,pd_distance,candidate_mean,24.268599327509868,24.26859932750987,3.552713678800501e-15,PASS
c_e2,pd_distance,mean_raw_delta,-3.1376837505761936,-3.1376837505761923,1.3322676295501878e-15,PASS
c_e2,pd_distance,mean_improvement_delta,3.1376837505761936,3.1376837505761923,1.3322676295501878e-15,PASS
c_e2,pd_distance,median_improvement_delta,3.301166761481518,3.301166761481518,0.0,PASS
c_e2,pd_distance,n_improved,165,165,0.0,PASS
c_e2,pd_distance,n_worsened,3,3,0.0,PASS
c_e2,pd_distance,n_tied,0,0,0.0,PASS
c_e2,pd_distance,n_valid,168,168,0.0,PASS
c_e2,mt_distance,cnn_mean,5.867795200574966,5.867795200574966,0.0,PASS
c_e2,mt_distance,candidate_mean,5.662811040878296,5.662811040878296,0.0,PASS
c_e2,mt_distance,mean_raw_delta,-0.2049841596966698,-0.2049841596966698,0.0,PASS
c_e2,mt_distance,mean_improvement_delta,0.2049841596966698,0.2049841596966698,0.0,PASS
c_e2,mt_distance,median_improvement_delta,0.061630964279174805,0.061630964279174805,0.0,PASS
c_e2,mt_distance,n_improved,94,94,0.0,PASS
c_e2,mt_distance,n_worsened,74,74,0.0,PASS
c_e2,mt_distance,n_tied,0,0,0.0,PASS
c_e2,mt_distance,n_valid,168,168,0.0,PASS
candidate_b,psnruv,cnn_mean,31.192500433861134,31.192500433861134,0.0,PASS
candidate_b,psnruv,candidate_mean,33.519826687852806,33.5198266878528,7.105427357601002e-15,PASS
candidate_b,psnruv,mean_raw_delta,2.3273262539916706,2.3273262539916706,0.0,PASS
candidate_b,psnruv,mean_improvement_delta,2.3273262539916706,2.3273262539916706,0.0,PASS
candidate_b,psnruv,median_improvement_delta,2.3397634889275043,2.3397634889275043,0.0,PASS
candidate_b,psnruv,n_improved,168,168,0.0,PASS
candidate_b,psnruv,n_worsened,0,0,0.0,PASS
candidate_b,psnruv,n_tied,0,0,0.0,PASS
candidate_b,psnruv,n_valid,168,168,0.0,PASS
candidate_b,ssim_speed,cnn_mean,,,,PASS
candidate_b,ssim_speed,candidate_mean,,,,PASS
candidate_b,ssim_speed,mean_raw_delta,,,,PASS
candidate_b,ssim_speed,mean_improvement_delta,,,,PASS
candidate_b,ssim_speed,median_improvement_delta,,,,PASS
candidate_b,ssim_speed,n_improved,,,,PASS
candidate_b,ssim_speed,n_worsened,,,,PASS
candidate_b,ssim_speed,n_tied,,,,PASS
candidate_b,ssim_speed,n_valid,0,0,0.0,PASS
candidate_b,speed_mae,cnn_mean,0.6940701629397319,0.6940701629397316,3.3306690738754696e-16,PASS
candidate_b,speed_mae,candidate_mean,0.5140811588466916,0.5140811588466916,0.0,PASS
candidate_b,speed_mae,mean_raw_delta,-0.17998900409304025,-0.17998900409304022,2.7755575615628914e-17,PASS
candidate_b,speed_mae,mean_improvement_delta,0.17998900409304025,0.17998900409304022,2.7755575615628914e-17,PASS
candidate_b,speed_mae,median_improvement_delta,0.17712607084901094,0.17712607084901094,0.0,PASS
candidate_b,speed_mae,n_improved,168,168,0.0,PASS
candidate_b,speed_mae,n_worsened,0,0,0.0,PASS
candidate_b,speed_mae,n_tied,0,0,0.0,PASS
candidate_b,speed_mae,n_valid,168,168,0.0,PASS
candidate_b,speed_rmse,cnn_mean,1.1077586003651096,1.1077586003651088,8.881784197001252e-16,PASS
candidate_b,speed_rmse,candidate_mean,0.8762791858731421,0.8762791858731417,4.440892098500626e-16,PASS
candidate_b,speed_rmse,mean_raw_delta,-0.23147941449196757,-0.23147941449196768,1.1102230246251565e-16,PASS
candidate_b,speed_rmse,mean_improvement_delta,0.23147941449196757,0.23147941449196768,1.1102230246251565e-16,PASS
candidate_b,speed_rmse,median_improvement_delta,0.20969452193106425,0.20969452193106425,0.0,PASS
candidate_b,speed_rmse,n_improved,168,168,0.0,PASS
candidate_b,speed_rmse,n_worsened,0,0,0.0,PASS
candidate_b,speed_rmse,n_tied,0,0,0.0,PASS
candidate_b,speed_rmse,n_valid,168,168,0.0,PASS
candidate_b,wpd_mae,cnn_mean,231.67091095165674,231.67091095165674,0.0,PASS
candidate_b,wpd_mae,candidate_mean,164.59352863034053,164.59352863034056,2.842170943040401e-14,PASS
candidate_b,wpd_mae,mean_raw_delta,-67.0773823213162,-67.0773823213162,0.0,PASS
candidate_b,wpd_mae,mean_improvement_delta,67.0773823213162,67.0773823213162,0.0,PASS
candidate_b,wpd_mae,median_improvement_delta,62.79678518565643,62.79678518565643,0.0,PASS
candidate_b,wpd_mae,n_improved,168,168,0.0,PASS
candidate_b,wpd_mae,n_worsened,0,0,0.0,PASS
candidate_b,wpd_mae,n_tied,0,0,0.0,PASS
candidate_b,wpd_mae,n_valid,168,168,0.0,PASS
candidate_b,wpd_w1,cnn_mean,45.27127092112853,45.271270921128526,7.105427357601002e-15,PASS
candidate_b,wpd_w1,candidate_mean,26.68694395259363,26.68694395259362,1.0658141036401503e-14,PASS
candidate_b,wpd_w1,mean_raw_delta,-18.584326968534906,-18.58432696853491,3.552713678800501e-15,PASS
candidate_b,wpd_w1,mean_improvement_delta,18.584326968534906,18.58432696853491,3.552713678800501e-15,PASS
candidate_b,wpd_w1,median_improvement_delta,18.352715469469718,18.352715469469718,0.0,PASS
candidate_b,wpd_w1,n_improved,138,138,0.0,PASS
candidate_b,wpd_w1,n_worsened,30,30,0.0,PASS
candidate_b,wpd_w1,n_tied,0,0,0.0,PASS
candidate_b,wpd_w1,n_valid,168,168,0.0,PASS
candidate_b,wpd_bias_abs,cnn_mean,35.343902938857745,35.343902938857745,0.0,PASS
candidate_b,wpd_bias_abs,candidate_mean,19.68905221286368,19.689052212863682,3.552713678800501e-15,PASS
candidate_b,wpd_bias_abs,mean_raw_delta,-15.654850725994068,-15.65485072599407,1.7763568394002505e-15,PASS
candidate_b,wpd_bias_abs,mean_improvement_delta,15.654850725994068,15.65485072599407,1.7763568394002505e-15,PASS
candidate_b,wpd_bias_abs,median_improvement_delta,17.311721759650688,17.311721759650688,0.0,PASS
candidate_b,wpd_bias_abs,n_improved,123,123,0.0,PASS
candidate_b,wpd_bias_abs,n_worsened,45,45,0.0,PASS
candidate_b,wpd_bias_abs,n_tied,0,0,0.0,PASS
candidate_b,wpd_bias_abs,n_valid,168,168,0.0,PASS
candidate_b,grad_mae,cnn_mean,0.3490557204526641,0.3490557204526642,1.1102230246251565e-16,PASS
candidate_b,grad_mae,candidate_mean,0.31240406358805717,0.3124040635880573,1.1102230246251565e-16,PASS
candidate_b,grad_mae,mean_raw_delta,-0.03665165686460693,-0.03665165686460693,0.0,PASS
candidate_b,grad_mae,mean_improvement_delta,0.03665165686460693,0.03665165686460693,0.0,PASS
candidate_b,grad_mae,median_improvement_delta,0.03711876915684306,0.03711876915684306,0.0,PASS
candidate_b,grad_mae,n_improved,168,168,0.0,PASS
candidate_b,grad_mae,n_worsened,0,0,0.0,PASS
candidate_b,grad_mae,n_tied,0,0,0.0,PASS
candidate_b,grad_mae,n_valid,168,168,0.0,PASS
candidate_b,grad_w1,cnn_mean,0.23294292018237558,0.23294292018237575,1.6653345369377348e-16,PASS
candidate_b,grad_w1,candidate_mean,0.19961299822975367,0.1996129982297536,8.326672684688674e-17,PASS
candidate_b,grad_w1,mean_raw_delta,-0.033329921952621924,-0.03332992195262191,1.3877787807814457e-17,PASS
candidate_b,grad_w1,mean_improvement_delta,0.033329921952621924,0.03332992195262191,1.3877787807814457e-17,PASS
candidate_b,grad_w1,median_improvement_delta,0.03892702416018236,0.03892702416018236,0.0,PASS
candidate_b,grad_w1,n_improved,150,150,0.0,PASS
candidate_b,grad_w1,n_worsened,18,18,0.0,PASS
candidate_b,grad_w1,n_tied,0,0,0.0,PASS
candidate_b,grad_w1,n_valid,168,168,0.0,PASS
candidate_b,grad_kurtosis_abs_delta,cnn_mean,3.7003760441443694,3.70037604414437,4.440892098500626e-16,PASS
candidate_b,grad_kurtosis_abs_delta,candidate_mean,2.937408212757929,2.93740821275793,8.881784197001252e-16,PASS
candidate_b,grad_kurtosis_abs_delta,mean_raw_delta,-0.7629678313864401,-0.7629678313864403,2.220446049250313e-16,PASS
candidate_b,grad_kurtosis_abs_delta,mean_improvement_delta,0.7629678313864401,0.7629678313864403,2.220446049250313e-16,PASS
candidate_b,grad_kurtosis_abs_delta,median_improvement_delta,0.21690869751082253,0.21690869751082253,0.0,PASS
candidate_b,grad_kurtosis_abs_delta,n_improved,97,97,0.0,PASS
candidate_b,grad_kurtosis_abs_delta,n_worsened,71,71,0.0,PASS
candidate_b,grad_kurtosis_abs_delta,n_tied,0,0,0.0,PASS
candidate_b,grad_kurtosis_abs_delta,n_valid,168,168,0.0,PASS
candidate_b,psd_log_l2,cnn_mean,0.8335247431666106,0.833524743166611,3.3306690738754696e-16,PASS
candidate_b,psd_log_l2,candidate_mean,0.9754215585976205,0.9754215585976201,3.3306690738754696e-16,PASS
candidate_b,psd_log_l2,mean_raw_delta,0.14189681543100988,0.14189681543100993,5.551115123125783e-17,PASS
candidate_b,psd_log_l2,mean_improvement_delta,-0.14189681543100988,-0.14189681543100993,5.551115123125783e-17,PASS
candidate_b,psd_log_l2,median_improvement_delta,-0.10686087063531957,-0.10686087063531957,0.0,PASS
candidate_b,psd_log_l2,n_improved,2,2,0.0,PASS
candidate_b,psd_log_l2,n_worsened,166,166,0.0,PASS
candidate_b,psd_log_l2,n_tied,0,0,0.0,PASS
candidate_b,psd_log_l2,n_valid,168,168,0.0,PASS
candidate_b,psd_slope_abs_delta,cnn_mean,0.9150108562505738,0.9150108562505733,4.440892098500626e-16,PASS
candidate_b,psd_slope_abs_delta,candidate_mean,1.3176934681473131,1.317693468147313,2.220446049250313e-16,PASS
candidate_b,psd_slope_abs_delta,mean_raw_delta,0.40268261189673915,0.40268261189673915,0.0,PASS
candidate_b,psd_slope_abs_delta,mean_improvement_delta,-0.40268261189673915,-0.40268261189673915,0.0,PASS
candidate_b,psd_slope_abs_delta,median_improvement_delta,-0.34807557900016955,-0.34807557900016955,0.0,PASS
candidate_b,psd_slope_abs_delta,n_improved,0,0,0.0,PASS
candidate_b,psd_slope_abs_delta,n_worsened,168,168,0.0,PASS
candidate_b,psd_slope_abs_delta,n_tied,0,0,0.0,PASS
candidate_b,psd_slope_abs_delta,n_valid,168,168,0.0,PASS
candidate_b,exceed_abs_t5,cnn_mean,0.004242333333333336,0.004242333333333336,0.0,PASS
candidate_b,exceed_abs_t5,candidate_mean,0.004886714285714284,0.004886714285714284,0.0,PASS
candidate_b,exceed_abs_t5,mean_raw_delta,0.0006443809523809481,0.0006443809523809481,0.0,PASS
candidate_b,exceed_abs_t5,mean_improvement_delta,-0.0006443809523809481,-0.0006443809523809481,0.0,PASS
candidate_b,exceed_abs_t5,median_improvement_delta,-0.0005320000000000324,-0.0005320000000000324,0.0,PASS
candidate_b,exceed_abs_t5,n_improved,63,63,0.0,PASS
candidate_b,exceed_abs_t5,n_worsened,105,105,0.0,PASS
candidate_b,exceed_abs_t5,n_tied,0,0,0.0,PASS
candidate_b,exceed_abs_t5,n_valid,168,168,0.0,PASS
candidate_b,exceed_abs_t10,cnn_mean,0.006580809523809519,0.006580809523809515,4.336808689942018e-18,PASS
candidate_b,exceed_abs_t10,candidate_mean,0.003645595238095238,0.0036455952380952386,4.336808689942018e-19,PASS
candidate_b,exceed_abs_t10,mean_raw_delta,-0.0029352142857142815,-0.002935214285714281,4.336808689942018e-19,PASS
candidate_b,exceed_abs_t10,mean_improvement_delta,0.0029352142857142815,0.002935214285714281,4.336808689942018e-19,PASS
candidate_b,exceed_abs_t10,median_improvement_delta,0.0024460000000000037,0.0024460000000000037,0.0,PASS
candidate_b,exceed_abs_t10,n_improved,129,129,0.0,PASS
candidate_b,exceed_abs_t10,n_worsened,39,39,0.0,PASS
candidate_b,exceed_abs_t10,n_tied,0,0,0.0,PASS
candidate_b,exceed_abs_t10,n_valid,168,168,0.0,PASS
candidate_b,exceed_abs_t15,cnn_mean,0.0062105,0.0062104999999999955,4.336808689942018e-18,PASS
candidate_b,exceed_abs_t15,candidate_mean,0.0034733333333333335,0.0034733333333333343,8.673617379884035e-19,PASS
candidate_b,exceed_abs_t15,mean_raw_delta,-0.002737166666666666,-0.0027371666666666655,4.336808689942018e-19,PASS
candidate_b,exceed_abs_t15,mean_improvement_delta,0.002737166666666666,0.0027371666666666655,4.336808689942018e-19,PASS
candidate_b,exceed_abs_t15,median_improvement_delta,0.0013040000000000135,0.0013040000000000135,0.0,PASS
candidate_b,exceed_abs_t15,n_improved,126,126,0.0,PASS
candidate_b,exceed_abs_t15,n_worsened,42,42,0.0,PASS
candidate_b,exceed_abs_t15,n_tied,0,0,0.0,PASS
candidate_b,exceed_abs_t15,n_valid,168,168,0.0,PASS
candidate_b,exceed_abs_p90,cnn_mean,0.010253619047619053,0.010253619047619051,1.734723475976807e-18,PASS
candidate_b,exceed_abs_p90,candidate_mean,0.005087023809523815,0.005087023809523816,8.673617379884035e-19,PASS
candidate_b,exceed_abs_p90,mean_raw_delta,-0.0051665952380952375,-0.0051665952380952375,0.0,PASS
candidate_b,exceed_abs_p90,mean_improvement_delta,0.0051665952380952375,0.0051665952380952375,0.0,PASS
candidate_b,exceed_abs_p90,median_improvement_delta,0.004423999999999997,0.004423999999999997,0.0,PASS
candidate_b,exceed_abs_p90,n_improved,140,140,0.0,PASS
candidate_b,exceed_abs_p90,n_worsened,28,28,0.0,PASS
candidate_b,exceed_abs_p90,n_tied,0,0,0.0,PASS
candidate_b,exceed_abs_p90,n_valid,168,168,0.0,PASS
candidate_b,comp_curve_l1,cnn_mean,115.52777777777779,115.52777777777774,4.263256414560601e-14,PASS
candidate_b,comp_curve_l1,candidate_mean,112.32539682539684,112.3253968253968,4.263256414560601e-14,PASS
candidate_b,comp_curve_l1,mean_raw_delta,-3.2023809523809517,-3.202380952380954,2.220446049250313e-15,PASS
candidate_b,comp_curve_l1,mean_improvement_delta,3.2023809523809517,3.202380952380954,2.220446049250313e-15,PASS
candidate_b,comp_curve_l1,median_improvement_delta,5.083333333333329,5.083333333333329,0.0,PASS
candidate_b,comp_curve_l1,n_improved,112,112,0.0,PASS
candidate_b,comp_curve_l1,n_worsened,56,56,0.0,PASS
candidate_b,comp_curve_l1,n_tied,0,0,0.0,PASS
candidate_b,comp_curve_l1,n_valid,168,168,0.0,PASS
candidate_b,comp_abs_t5,cnn_mean,64.38095238095238,64.38095238095238,0.0,PASS
candidate_b,comp_abs_t5,candidate_mean,58.714285714285715,58.714285714285715,0.0,PASS
candidate_b,comp_abs_t5,mean_raw_delta,-5.666666666666667,-5.666666666666667,0.0,PASS
candidate_b,comp_abs_t5,mean_improvement_delta,5.666666666666667,5.666666666666667,0.0,PASS
candidate_b,comp_abs_t5,median_improvement_delta,3.0,3.0,0.0,PASS
candidate_b,comp_abs_t5,n_improved,119,119,0.0,PASS
candidate_b,comp_abs_t5,n_worsened,35,35,0.0,PASS
candidate_b,comp_abs_t5,n_tied,14,14,0.0,PASS
candidate_b,comp_abs_t5,n_valid,168,168,0.0,PASS
candidate_b,comp_abs_t10,cnn_mean,187.16666666666666,187.16666666666666,0.0,PASS
candidate_b,comp_abs_t10,candidate_mean,189.20833333333334,189.20833333333334,0.0,PASS
candidate_b,comp_abs_t10,mean_raw_delta,2.0416666666666665,2.0416666666666665,0.0,PASS
candidate_b,comp_abs_t10,mean_improvement_delta,-2.0416666666666665,-2.0416666666666665,0.0,PASS
candidate_b,comp_abs_t10,median_improvement_delta,-2.0,-2.0,0.0,PASS
candidate_b,comp_abs_t10,n_improved,76,76,0.0,PASS
candidate_b,comp_abs_t10,n_worsened,89,89,0.0,PASS
candidate_b,comp_abs_t10,n_tied,3,3,0.0,PASS
candidate_b,comp_abs_t10,n_valid,168,168,0.0,PASS
candidate_b,comp_abs_t15,cnn_mean,116.80952380952381,116.80952380952381,0.0,PASS
candidate_b,comp_abs_t15,candidate_mean,110.25,110.25,0.0,PASS
candidate_b,comp_abs_t15,mean_raw_delta,-6.559523809523809,-6.559523809523809,0.0,PASS
candidate_b,comp_abs_t15,mean_improvement_delta,6.559523809523809,6.559523809523809,0.0,PASS
candidate_b,comp_abs_t15,median_improvement_delta,7.0,7.0,0.0,PASS
candidate_b,comp_abs_t15,n_improved,114,114,0.0,PASS
candidate_b,comp_abs_t15,n_worsened,52,52,0.0,PASS
candidate_b,comp_abs_t15,n_tied,2,2,0.0,PASS
candidate_b,comp_abs_t15,n_valid,168,168,0.0,PASS
candidate_b,pd_distance,cnn_mean,27.406283078086062,27.406283078086055,7.105427357601002e-15,PASS
candidate_b,pd_distance,candidate_mean,22.706997671157215,22.706997671157218,3.552713678800501e-15,PASS
candidate_b,pd_distance,mean_raw_delta,-4.699285406928847,-4.699285406928845,1.7763568394002505e-15,PASS
candidate_b,pd_distance,mean_improvement_delta,4.699285406928847,4.699285406928845,1.7763568394002505e-15,PASS
candidate_b,pd_distance,median_improvement_delta,5.1465946835723635,5.1465946835723635,0.0,PASS
candidate_b,pd_distance,n_improved,166,166,0.0,PASS
candidate_b,pd_distance,n_worsened,2,2,0.0,PASS
candidate_b,pd_distance,n_tied,0,0,0.0,PASS
candidate_b,pd_distance,n_valid,168,168,0.0,PASS
candidate_b,mt_distance,cnn_mean,5.867795200574966,5.867795200574966,0.0,PASS
candidate_b,mt_distance,candidate_mean,6.161181682632083,6.161181682632083,0.0,PASS
candidate_b,mt_distance,mean_raw_delta,0.29338648205711726,0.29338648205711726,0.0,PASS
candidate_b,mt_distance,mean_improvement_delta,-0.29338648205711726,-0.29338648205711726,0.0,PASS
candidate_b,mt_distance,median_improvement_delta,-0.3227808475494385,-0.3227808475494385,0.0,PASS
candidate_b,mt_distance,n_improved,40,40,0.0,PASS
candidate_b,mt_distance,n_worsened,128,128,0.0,PASS
candidate_b,mt_distance,n_tied,0,0,0.0,PASS
candidate_b,mt_distance,n_valid,168,168,0.0,PASS
candidate_c,psnruv,cnn_mean,31.192500433861134,31.192500433861134,0.0,PASS
candidate_c,psnruv,candidate_mean,33.480668555804094,33.4806685558041,7.105427357601002e-15,PASS
candidate_c,psnruv,mean_raw_delta,2.2881681219429533,2.2881681219429546,1.3322676295501878e-15,PASS
candidate_c,psnruv,mean_improvement_delta,2.2881681219429533,2.2881681219429546,1.3322676295501878e-15,PASS
candidate_c,psnruv,median_improvement_delta,2.335965618543554,2.335965618543554,0.0,PASS
candidate_c,psnruv,n_improved,168,168,0.0,PASS
candidate_c,psnruv,n_worsened,0,0,0.0,PASS
candidate_c,psnruv,n_tied,0,0,0.0,PASS
candidate_c,psnruv,n_valid,168,168,0.0,PASS
candidate_c,ssim_speed,cnn_mean,,,,PASS
candidate_c,ssim_speed,candidate_mean,,,,PASS
candidate_c,ssim_speed,mean_raw_delta,,,,PASS
candidate_c,ssim_speed,mean_improvement_delta,,,,PASS
candidate_c,ssim_speed,median_improvement_delta,,,,PASS
candidate_c,ssim_speed,n_improved,,,,PASS
candidate_c,ssim_speed,n_worsened,,,,PASS
candidate_c,ssim_speed,n_tied,,,,PASS
candidate_c,ssim_speed,n_valid,0,0,0.0,PASS
candidate_c,speed_mae,cnn_mean,0.6940701629397319,0.6940701629397316,3.3306690738754696e-16,PASS
candidate_c,speed_mae,candidate_mean,0.514673630980392,0.5146736309803922,2.220446049250313e-16,PASS
candidate_c,speed_mae,mean_raw_delta,-0.1793965319593398,-0.17939653195933983,2.7755575615628914e-17,PASS
candidate_c,speed_mae,mean_improvement_delta,0.1793965319593398,0.17939653195933983,2.7755575615628914e-17,PASS
candidate_c,speed_mae,median_improvement_delta,0.17360303197123914,0.17360303197123914,0.0,PASS
candidate_c,speed_mae,n_improved,168,168,0.0,PASS
candidate_c,speed_mae,n_worsened,0,0,0.0,PASS
candidate_c,speed_mae,n_tied,0,0,0.0,PASS
candidate_c,speed_mae,n_valid,168,168,0.0,PASS
candidate_c,speed_rmse,cnn_mean,1.1077586003651096,1.1077586003651088,8.881784197001252e-16,PASS
candidate_c,speed_rmse,candidate_mean,0.8796379856523427,0.8796379856523429,1.1102230246251565e-16,PASS
candidate_c,speed_rmse,mean_raw_delta,-0.22812061471276698,-0.22812061471276704,5.551115123125783e-17,PASS
candidate_c,speed_rmse,mean_improvement_delta,0.22812061471276698,0.22812061471276704,5.551115123125783e-17,PASS
candidate_c,speed_rmse,median_improvement_delta,0.20384966493767728,0.20384966493767728,0.0,PASS
candidate_c,speed_rmse,n_improved,168,168,0.0,PASS
candidate_c,speed_rmse,n_worsened,0,0,0.0,PASS
candidate_c,speed_rmse,n_tied,0,0,0.0,PASS
candidate_c,speed_rmse,n_valid,168,168,0.0,PASS
candidate_c,wpd_mae,cnn_mean,231.67091095165674,231.67091095165674,0.0,PASS
candidate_c,wpd_mae,candidate_mean,165.94468049775796,165.94468049775801,5.684341886080802e-14,PASS
candidate_c,wpd_mae,mean_raw_delta,-65.72623045389878,-65.72623045389876,1.4210854715202004e-14,PASS
candidate_c,wpd_mae,mean_improvement_delta,65.72623045389878,65.72623045389876,1.4210854715202004e-14,PASS
candidate_c,wpd_mae,median_improvement_delta,61.474490092898634,61.474490092898634,0.0,PASS
candidate_c,wpd_mae,n_improved,168,168,0.0,PASS
candidate_c,wpd_mae,n_worsened,0,0,0.0,PASS
candidate_c,wpd_mae,n_tied,0,0,0.0,PASS
candidate_c,wpd_mae,n_valid,168,168,0.0,PASS
candidate_c,wpd_w1,cnn_mean,45.27127092112853,45.271270921128526,7.105427357601002e-15,PASS
candidate_c,wpd_w1,candidate_mean,16.154361978800274,16.154361978800292,1.7763568394002505e-14,PASS
candidate_c,wpd_w1,mean_raw_delta,-29.116908942328262,-29.11690894232825,1.0658141036401503e-14,PASS
candidate_c,wpd_w1,mean_improvement_delta,29.116908942328262,29.11690894232825,1.0658141036401503e-14,PASS
candidate_c,wpd_w1,median_improvement_delta,30.227266318422274,30.227266318422274,0.0,PASS
candidate_c,wpd_w1,n_improved,162,162,0.0,PASS
candidate_c,wpd_w1,n_worsened,6,6,0.0,PASS
candidate_c,wpd_w1,n_tied,0,0,0.0,PASS
candidate_c,wpd_w1,n_valid,168,168,0.0,PASS
candidate_c,wpd_bias_abs,cnn_mean,35.343902938857745,35.343902938857745,0.0,PASS
candidate_c,wpd_bias_abs,candidate_mean,7.985822841162225,7.985822841162222,2.6645352591003757e-15,PASS
candidate_c,wpd_bias_abs,mean_raw_delta,-27.358080097695524,-27.358080097695524,0.0,PASS
candidate_c,wpd_bias_abs,mean_improvement_delta,27.358080097695524,27.358080097695524,0.0,PASS
candidate_c,wpd_bias_abs,median_improvement_delta,29.435227119783683,29.435227119783683,0.0,PASS
candidate_c,wpd_bias_abs,n_improved,156,156,0.0,PASS
candidate_c,wpd_bias_abs,n_worsened,12,12,0.0,PASS
candidate_c,wpd_bias_abs,n_tied,0,0,0.0,PASS
candidate_c,wpd_bias_abs,n_valid,168,168,0.0,PASS
candidate_c,grad_mae,cnn_mean,0.3490557204526641,0.3490557204526642,1.1102230246251565e-16,PASS
candidate_c,grad_mae,candidate_mean,0.3104558406345368,0.31045584063453685,5.551115123125783e-17,PASS
candidate_c,grad_mae,mean_raw_delta,-0.03859987981812734,-0.03859987981812737,2.7755575615628914e-17,PASS
candidate_c,grad_mae,mean_improvement_delta,0.03859987981812734,0.03859987981812737,2.7755575615628914e-17,PASS
candidate_c,grad_mae,median_improvement_delta,0.038943258844218925,0.038943258844218925,0.0,PASS
candidate_c,grad_mae,n_improved,168,168,0.0,PASS
candidate_c,grad_mae,n_worsened,0,0,0.0,PASS
candidate_c,grad_mae,n_tied,0,0,0.0,PASS
candidate_c,grad_mae,n_valid,168,168,0.0,PASS
candidate_c,grad_w1,cnn_mean,0.23294292018237558,0.23294292018237575,1.6653345369377348e-16,PASS
candidate_c,grad_w1,candidate_mean,0.1941583086077908,0.19415830860779085,5.551115123125783e-17,PASS
candidate_c,grad_w1,mean_raw_delta,-0.038784611574584814,-0.03878461157458481,6.938893903907228e-18,PASS
candidate_c,grad_w1,mean_improvement_delta,0.038784611574584814,0.03878461157458481,6.938893903907228e-18,PASS
candidate_c,grad_w1,median_improvement_delta,0.04430854962564677,0.04430854962564677,0.0,PASS
candidate_c,grad_w1,n_improved,153,153,0.0,PASS
candidate_c,grad_w1,n_worsened,15,15,0.0,PASS
candidate_c,grad_w1,n_tied,0,0,0.0,PASS
candidate_c,grad_w1,n_valid,168,168,0.0,PASS
candidate_c,grad_kurtosis_abs_delta,cnn_mean,3.7003760441443694,3.70037604414437,4.440892098500626e-16,PASS
candidate_c,grad_kurtosis_abs_delta,candidate_mean,3.2762048237107586,3.276204823710759,4.440892098500626e-16,PASS
candidate_c,grad_kurtosis_abs_delta,mean_raw_delta,-0.4241712204336111,-0.4241712204336111,0.0,PASS
candidate_c,grad_kurtosis_abs_delta,mean_improvement_delta,0.4241712204336111,0.4241712204336111,0.0,PASS
candidate_c,grad_kurtosis_abs_delta,median_improvement_delta,0.13037480714579264,0.13037480714579264,0.0,PASS
candidate_c,grad_kurtosis_abs_delta,n_improved,94,94,0.0,PASS
candidate_c,grad_kurtosis_abs_delta,n_worsened,74,74,0.0,PASS
candidate_c,grad_kurtosis_abs_delta,n_tied,0,0,0.0,PASS
candidate_c,grad_kurtosis_abs_delta,n_valid,168,168,0.0,PASS
candidate_c,psd_log_l2,cnn_mean,0.8335247431666106,0.833524743166611,3.3306690738754696e-16,PASS
candidate_c,psd_log_l2,candidate_mean,0.9527179364237268,0.9527179364237264,4.440892098500626e-16,PASS
candidate_c,psd_log_l2,mean_raw_delta,0.11919319325711623,0.11919319325711623,0.0,PASS
candidate_c,psd_log_l2,mean_improvement_delta,-0.11919319325711623,-0.11919319325711623,0.0,PASS
candidate_c,psd_log_l2,median_improvement_delta,-0.08532563340654964,-0.08532563340654964,0.0,PASS
candidate_c,psd_log_l2,n_improved,8,8,0.0,PASS
candidate_c,psd_log_l2,n_worsened,160,160,0.0,PASS
candidate_c,psd_log_l2,n_tied,0,0,0.0,PASS
candidate_c,psd_log_l2,n_valid,168,168,0.0,PASS
candidate_c,psd_slope_abs_delta,cnn_mean,0.9150108562505738,0.9150108562505733,4.440892098500626e-16,PASS
candidate_c,psd_slope_abs_delta,candidate_mean,1.2718841266117669,1.2718841266117675,6.661338147750939e-16,PASS
candidate_c,psd_slope_abs_delta,mean_raw_delta,0.35687327036119293,0.35687327036119293,0.0,PASS
candidate_c,psd_slope_abs_delta,mean_improvement_delta,-0.35687327036119293,-0.35687327036119293,0.0,PASS
candidate_c,psd_slope_abs_delta,median_improvement_delta,-0.3260489242209041,-0.3260489242209041,0.0,PASS
candidate_c,psd_slope_abs_delta,n_improved,0,0,0.0,PASS
candidate_c,psd_slope_abs_delta,n_worsened,168,168,0.0,PASS
candidate_c,psd_slope_abs_delta,n_tied,0,0,0.0,PASS
candidate_c,psd_slope_abs_delta,n_valid,168,168,0.0,PASS
candidate_c,exceed_abs_t5,cnn_mean,0.004242333333333336,0.004242333333333336,0.0,PASS
candidate_c,exceed_abs_t5,candidate_mean,0.005546261904761905,0.005546261904761905,0.0,PASS
candidate_c,exceed_abs_t5,mean_raw_delta,0.001303928571428569,0.001303928571428569,0.0,PASS
candidate_c,exceed_abs_t5,mean_improvement_delta,-0.001303928571428569,-0.001303928571428569,0.0,PASS
candidate_c,exceed_abs_t5,median_improvement_delta,-0.0011180000000000079,-0.0011180000000000079,0.0,PASS
candidate_c,exceed_abs_t5,n_improved,48,48,0.0,PASS
candidate_c,exceed_abs_t5,n_worsened,119,119,0.0,PASS
candidate_c,exceed_abs_t5,n_tied,1,1,0.0,PASS
candidate_c,exceed_abs_t5,n_valid,168,168,0.0,PASS
candidate_c,exceed_abs_t10,cnn_mean,0.006580809523809519,0.006580809523809515,4.336808689942018e-18,PASS
candidate_c,exceed_abs_t10,candidate_mean,0.0035751666666666657,0.003575166666666665,8.673617379884035e-19,PASS
candidate_c,exceed_abs_t10,mean_raw_delta,-0.0030056428571428543,-0.0030056428571428534,8.673617379884035e-19,PASS
candidate_c,exceed_abs_t10,mean_improvement_delta,0.0030056428571428543,0.0030056428571428534,8.673617379884035e-19,PASS
candidate_c,exceed_abs_t10,median_improvement_delta,0.0021960000000000313,0.0021960000000000313,0.0,PASS
candidate_c,exceed_abs_t10,n_improved,112,112,0.0,PASS
candidate_c,exceed_abs_t10,n_worsened,56,56,0.0,PASS
candidate_c,exceed_abs_t10,n_tied,0,0,0.0,PASS
candidate_c,exceed_abs_t10,n_valid,168,168,0.0,PASS
candidate_c,exceed_abs_t15,cnn_mean,0.0062105,0.0062104999999999955,4.336808689942018e-18,PASS
candidate_c,exceed_abs_t15,candidate_mean,0.0015469999999999998,0.0015469999999999993,4.336808689942018e-19,PASS
candidate_c,exceed_abs_t15,mean_raw_delta,-0.004663499999999999,-0.004663500000000003,3.469446951953614e-18,PASS
candidate_c,exceed_abs_t15,mean_improvement_delta,0.004663499999999999,0.004663500000000003,3.469446951953614e-18,PASS
candidate_c,exceed_abs_t15,median_improvement_delta,0.0028340000000000027,0.0028340000000000027,0.0,PASS
candidate_c,exceed_abs_t15,n_improved,148,148,0.0,PASS
candidate_c,exceed_abs_t15,n_worsened,19,19,0.0,PASS
candidate_c,exceed_abs_t15,n_tied,1,1,0.0,PASS
candidate_c,exceed_abs_t15,n_valid,168,168,0.0,PASS
candidate_c,exceed_abs_p90,cnn_mean,0.010253619047619053,0.010253619047619051,1.734723475976807e-18,PASS
candidate_c,exceed_abs_p90,candidate_mean,0.0022987857142857154,0.0022987857142857154,0.0,PASS
candidate_c,exceed_abs_p90,mean_raw_delta,-0.007954833333333336,-0.007954833333333336,0.0,PASS
candidate_c,exceed_abs_p90,mean_improvement_delta,0.007954833333333336,0.007954833333333336,0.0,PASS
candidate_c,exceed_abs_p90,median_improvement_delta,0.006448000000000002,0.006448000000000002,0.0,PASS
candidate_c,exceed_abs_p90,n_improved,156,156,0.0,PASS
candidate_c,exceed_abs_p90,n_worsened,12,12,0.0,PASS
candidate_c,exceed_abs_p90,n_tied,0,0,0.0,PASS
candidate_c,exceed_abs_p90,n_valid,168,168,0.0,PASS
candidate_c,comp_curve_l1,cnn_mean,115.52777777777779,115.52777777777774,4.263256414560601e-14,PASS
candidate_c,comp_curve_l1,candidate_mean,112.70138888888889,112.70138888888881,7.105427357601002e-14,PASS
candidate_c,comp_curve_l1,mean_raw_delta,-2.8263888888888884,-2.8263888888888906,2.220446049250313e-15,PASS
candidate_c,comp_curve_l1,mean_improvement_delta,2.8263888888888884,2.8263888888888906,2.220446049250313e-15,PASS
candidate_c,comp_curve_l1,median_improvement_delta,4.250000000000014,4.250000000000014,0.0,PASS
candidate_c,comp_curve_l1,n_improved,109,109,0.0,PASS
candidate_c,comp_curve_l1,n_worsened,58,58,0.0,PASS
candidate_c,comp_curve_l1,n_tied,1,1,0.0,PASS
candidate_c,comp_curve_l1,n_valid,168,168,0.0,PASS
candidate_c,comp_abs_t5,cnn_mean,64.38095238095238,64.38095238095238,0.0,PASS
candidate_c,comp_abs_t5,candidate_mean,61.904761904761905,61.904761904761905,0.0,PASS
candidate_c,comp_abs_t5,mean_raw_delta,-2.4761904761904763,-2.4761904761904763,0.0,PASS
candidate_c,comp_abs_t5,mean_improvement_delta,2.4761904761904763,2.4761904761904763,0.0,PASS
candidate_c,comp_abs_t5,median_improvement_delta,1.0,1.0,0.0,PASS
candidate_c,comp_abs_t5,n_improved,91,91,0.0,PASS
candidate_c,comp_abs_t5,n_worsened,63,63,0.0,PASS
candidate_c,comp_abs_t5,n_tied,14,14,0.0,PASS
candidate_c,comp_abs_t5,n_valid,168,168,0.0,PASS
candidate_c,comp_abs_t10,cnn_mean,187.16666666666666,187.16666666666666,0.0,PASS
candidate_c,comp_abs_t10,candidate_mean,200.0,200.0,0.0,PASS
candidate_c,comp_abs_t10,mean_raw_delta,12.833333333333334,12.833333333333334,0.0,PASS
candidate_c,comp_abs_t10,mean_improvement_delta,-12.833333333333334,-12.833333333333334,0.0,PASS
candidate_c,comp_abs_t10,median_improvement_delta,-11.0,-11.0,0.0,PASS
candidate_c,comp_abs_t10,n_improved,46,46,0.0,PASS
candidate_c,comp_abs_t10,n_worsened,118,118,0.0,PASS
candidate_c,comp_abs_t10,n_tied,4,4,0.0,PASS
candidate_c,comp_abs_t10,n_valid,168,168,0.0,PASS
candidate_c,comp_abs_t15,cnn_mean,116.80952380952381,116.80952380952381,0.0,PASS
candidate_c,comp_abs_t15,candidate_mean,105.80952380952381,105.80952380952381,0.0,PASS
candidate_c,comp_abs_t15,mean_raw_delta,-11.0,-11.0,0.0,PASS
candidate_c,comp_abs_t15,mean_improvement_delta,11.0,11.0,0.0,PASS
candidate_c,comp_abs_t15,median_improvement_delta,10.0,10.0,0.0,PASS
candidate_c,comp_abs_t15,n_improved,122,122,0.0,PASS
candidate_c,comp_abs_t15,n_worsened,45,45,0.0,PASS
candidate_c,comp_abs_t15,n_tied,1,1,0.0,PASS
candidate_c,comp_abs_t15,n_valid,168,168,0.0,PASS
candidate_c,pd_distance,cnn_mean,27.406283078086062,27.406283078086055,7.105427357601002e-15,PASS
candidate_c,pd_distance,candidate_mean,22.494387345643272,22.494387345643283,1.0658141036401503e-14,PASS
candidate_c,pd_distance,mean_raw_delta,-4.91189573244279,-4.911895732442791,8.881784197001252e-16,PASS
candidate_c,pd_distance,mean_improvement_delta,4.91189573244279,4.911895732442791,8.881784197001252e-16,PASS
candidate_c,pd_distance,median_improvement_delta,5.094996478720905,5.094996478720905,0.0,PASS
candidate_c,pd_distance,n_improved,168,168,0.0,PASS
candidate_c,pd_distance,n_worsened,0,0,0.0,PASS
candidate_c,pd_distance,n_tied,0,0,0.0,PASS
candidate_c,pd_distance,n_valid,168,168,0.0,PASS
candidate_c,mt_distance,cnn_mean,5.867795200574966,5.867795200574966,0.0,PASS
candidate_c,mt_distance,candidate_mean,6.080286664622171,6.080286664622171,0.0,PASS
candidate_c,mt_distance,mean_raw_delta,0.21249146404720487,0.21249146404720487,0.0,PASS
candidate_c,mt_distance,mean_improvement_delta,-0.21249146404720487,-0.21249146404720487,0.0,PASS
candidate_c,mt_distance,median_improvement_delta,-0.27164292335510254,-0.27164292335510254,0.0,PASS
candidate_c,mt_distance,n_improved,52,52,0.0,PASS
candidate_c,mt_distance,n_worsened,116,116,0.0,PASS
candidate_c,mt_distance,n_tied,0,0,0.0,PASS
candidate_c,mt_distance,n_valid,168,168,0.0,PASS
f1_grad_e2,psnruv,cnn_mean,31.192500433861134,31.192500433861134,0.0,PASS
f1_grad_e2,psnruv,candidate_mean,32.49494049551153,32.494940495511536,7.105427357601002e-15,PASS
f1_grad_e2,psnruv,mean_raw_delta,1.302440061650394,1.3024400616503942,2.220446049250313e-16,PASS
f1_grad_e2,psnruv,mean_improvement_delta,1.302440061650394,1.3024400616503942,2.220446049250313e-16,PASS
f1_grad_e2,psnruv,median_improvement_delta,1.3744318260755701,1.3744318260755701,0.0,PASS
f1_grad_e2,psnruv,n_improved,168,168,0.0,PASS
f1_grad_e2,psnruv,n_worsened,0,0,0.0,PASS
f1_grad_e2,psnruv,n_tied,0,0,0.0,PASS
f1_grad_e2,psnruv,n_valid,168,168,0.0,PASS
f1_grad_e2,ssim_speed,cnn_mean,,,,PASS
f1_grad_e2,ssim_speed,candidate_mean,,,,PASS
f1_grad_e2,ssim_speed,mean_raw_delta,,,,PASS
f1_grad_e2,ssim_speed,mean_improvement_delta,,,,PASS
f1_grad_e2,ssim_speed,median_improvement_delta,,,,PASS
f1_grad_e2,ssim_speed,n_improved,,,,PASS
f1_grad_e2,ssim_speed,n_worsened,,,,PASS
f1_grad_e2,ssim_speed,n_tied,,,,PASS
f1_grad_e2,ssim_speed,n_valid,0,0,0.0,PASS
f1_grad_e2,speed_mae,cnn_mean,0.6940701629397319,0.6940701629397316,3.3306690738754696e-16,PASS
f1_grad_e2,speed_mae,candidate_mean,0.5899138082189178,0.5899138082189177,1.1102230246251565e-16,PASS
f1_grad_e2,speed_mae,mean_raw_delta,-0.104156354720814,-0.10415635472081404,4.163336342344337e-17,PASS
f1_grad_e2,speed_mae,mean_improvement_delta,0.104156354720814,0.10415635472081404,4.163336342344337e-17,PASS
f1_grad_e2,speed_mae,median_improvement_delta,0.09964674000827639,0.09964674000827639,0.0,PASS
f1_grad_e2,speed_mae,n_improved,168,168,0.0,PASS
f1_grad_e2,speed_mae,n_worsened,0,0,0.0,PASS
f1_grad_e2,speed_mae,n_tied,0,0,0.0,PASS
f1_grad_e2,speed_mae,n_valid,168,168,0.0,PASS
f1_grad_e2,speed_rmse,cnn_mean,1.1077586003651096,1.1077586003651088,8.881784197001252e-16,PASS
f1_grad_e2,speed_rmse,candidate_mean,0.989075208141753,0.9890752081417526,3.3306690738754696e-16,PASS
f1_grad_e2,speed_rmse,mean_raw_delta,-0.11868339222335673,-0.11868339222335669,4.163336342344337e-17,PASS
f1_grad_e2,speed_rmse,mean_improvement_delta,0.11868339222335673,0.11868339222335669,4.163336342344337e-17,PASS
f1_grad_e2,speed_rmse,median_improvement_delta,0.10859014318553134,0.10859014318553134,0.0,PASS
f1_grad_e2,speed_rmse,n_improved,168,168,0.0,PASS
f1_grad_e2,speed_rmse,n_worsened,0,0,0.0,PASS
f1_grad_e2,speed_rmse,n_tied,0,0,0.0,PASS
f1_grad_e2,speed_rmse,n_valid,168,168,0.0,PASS
f1_grad_e2,wpd_mae,cnn_mean,231.67091095165674,231.67091095165674,0.0,PASS
f1_grad_e2,wpd_mae,candidate_mean,190.68965408431572,190.68965408431572,0.0,PASS
f1_grad_e2,wpd_mae,mean_raw_delta,-40.98125686734102,-40.981256867341,1.4210854715202004e-14,PASS
f1_grad_e2,wpd_mae,mean_improvement_delta,40.98125686734102,40.981256867341,1.4210854715202004e-14,PASS
f1_grad_e2,wpd_mae,median_improvement_delta,35.608793178971865,35.608793178971865,0.0,PASS
f1_grad_e2,wpd_mae,n_improved,168,168,0.0,PASS
f1_grad_e2,wpd_mae,n_worsened,0,0,0.0,PASS
f1_grad_e2,wpd_mae,n_tied,0,0,0.0,PASS
f1_grad_e2,wpd_mae,n_valid,168,168,0.0,PASS
f1_grad_e2,wpd_w1,cnn_mean,45.27127092112853,45.271270921128526,7.105427357601002e-15,PASS
f1_grad_e2,wpd_w1,candidate_mean,24.732185186891716,24.732185186891712,3.552713678800501e-15,PASS
f1_grad_e2,wpd_w1,mean_raw_delta,-20.539085734236817,-20.539085734236824,7.105427357601002e-15,PASS
f1_grad_e2,wpd_w1,mean_improvement_delta,20.539085734236817,20.539085734236824,7.105427357601002e-15,PASS
f1_grad_e2,wpd_w1,median_improvement_delta,21.849402252382237,21.849402252382237,0.0,PASS
f1_grad_e2,wpd_w1,n_improved,156,156,0.0,PASS
f1_grad_e2,wpd_w1,n_worsened,12,12,0.0,PASS
f1_grad_e2,wpd_w1,n_tied,0,0,0.0,PASS
f1_grad_e2,wpd_w1,n_valid,168,168,0.0,PASS
f1_grad_e2,wpd_bias_abs,cnn_mean,35.343902938857745,35.343902938857745,0.0,PASS
f1_grad_e2,wpd_bias_abs,candidate_mean,22.637720081699943,22.637720081699936,7.105427357601002e-15,PASS
f1_grad_e2,wpd_bias_abs,mean_raw_delta,-12.706182857157804,-12.70618285715781,5.329070518200751e-15,PASS
f1_grad_e2,wpd_bias_abs,mean_improvement_delta,12.706182857157804,12.70618285715781,5.329070518200751e-15,PASS
f1_grad_e2,wpd_bias_abs,median_improvement_delta,14.140159549785494,14.140159549785494,0.0,PASS
f1_grad_e2,wpd_bias_abs,n_improved,141,141,0.0,PASS
f1_grad_e2,wpd_bias_abs,n_worsened,27,27,0.0,PASS
f1_grad_e2,wpd_bias_abs,n_tied,0,0,0.0,PASS
f1_grad_e2,wpd_bias_abs,n_valid,168,168,0.0,PASS
f1_grad_e2,grad_mae,cnn_mean,0.3490557204526641,0.3490557204526642,1.1102230246251565e-16,PASS
f1_grad_e2,grad_mae,candidate_mean,0.31253494510834556,0.31253494510834545,1.1102230246251565e-16,PASS
f1_grad_e2,grad_mae,mean_raw_delta,-0.03652077534431856,-0.03652077534431855,6.938893903907228e-18,PASS
f1_grad_e2,grad_mae,mean_improvement_delta,0.03652077534431856,0.03652077534431855,6.938893903907228e-18,PASS
f1_grad_e2,grad_mae,median_improvement_delta,0.03713989384611069,0.03713989384611069,0.0,PASS
f1_grad_e2,grad_mae,n_improved,168,168,0.0,PASS
f1_grad_e2,grad_mae,n_worsened,0,0,0.0,PASS
f1_grad_e2,grad_mae,n_tied,0,0,0.0,PASS
f1_grad_e2,grad_mae,n_valid,168,168,0.0,PASS
f1_grad_e2,grad_w1,cnn_mean,0.23294292018237558,0.23294292018237575,1.6653345369377348e-16,PASS
f1_grad_e2,grad_w1,candidate_mean,0.13811306553305527,0.13811306553305533,5.551115123125783e-17,PASS
f1_grad_e2,grad_w1,mean_raw_delta,-0.09482985464932035,-0.09482985464932037,1.3877787807814457e-17,PASS
f1_grad_e2,grad_w1,mean_improvement_delta,0.09482985464932035,0.09482985464932037,1.3877787807814457e-17,PASS
f1_grad_e2,grad_w1,median_improvement_delta,0.10095104581633603,0.10095104581633603,0.0,PASS
f1_grad_e2,grad_w1,n_improved,167,167,0.0,PASS
f1_grad_e2,grad_w1,n_worsened,1,1,0.0,PASS
f1_grad_e2,grad_w1,n_tied,0,0,0.0,PASS
f1_grad_e2,grad_w1,n_valid,168,168,0.0,PASS
f1_grad_e2,grad_kurtosis_abs_delta,cnn_mean,3.7003760441443694,3.70037604414437,4.440892098500626e-16,PASS
f1_grad_e2,grad_kurtosis_abs_delta,candidate_mean,3.2600759938201143,3.2600759938201143,0.0,PASS
f1_grad_e2,grad_kurtosis_abs_delta,mean_raw_delta,-0.44030005032425545,-0.4403000503242557,2.220446049250313e-16,PASS
f1_grad_e2,grad_kurtosis_abs_delta,mean_improvement_delta,0.44030005032425545,0.4403000503242557,2.220446049250313e-16,PASS
f1_grad_e2,grad_kurtosis_abs_delta,median_improvement_delta,-0.7028876428006914,-0.7028876428006914,0.0,PASS
f1_grad_e2,grad_kurtosis_abs_delta,n_improved,68,68,0.0,PASS
f1_grad_e2,grad_kurtosis_abs_delta,n_worsened,100,100,0.0,PASS
f1_grad_e2,grad_kurtosis_abs_delta,n_tied,0,0,0.0,PASS
f1_grad_e2,grad_kurtosis_abs_delta,n_valid,168,168,0.0,PASS
f1_grad_e2,psd_log_l2,cnn_mean,0.8335247431666106,0.833524743166611,3.3306690738754696e-16,PASS
f1_grad_e2,psd_log_l2,candidate_mean,0.8146748449514062,0.8146748449514062,0.0,PASS
f1_grad_e2,psd_log_l2,mean_raw_delta,-0.018849898215204466,-0.01884989821520446,6.938893903907228e-18,PASS
f1_grad_e2,psd_log_l2,mean_improvement_delta,0.018849898215204466,0.01884989821520446,6.938893903907228e-18,PASS
f1_grad_e2,psd_log_l2,median_improvement_delta,0.035360093814533367,0.035360093814533367,0.0,PASS
f1_grad_e2,psd_log_l2,n_improved,119,119,0.0,PASS
f1_grad_e2,psd_log_l2,n_worsened,49,49,0.0,PASS
f1_grad_e2,psd_log_l2,n_tied,0,0,0.0,PASS
f1_grad_e2,psd_log_l2,n_valid,168,168,0.0,PASS
f1_grad_e2,psd_slope_abs_delta,cnn_mean,0.9150108562505738,0.9150108562505733,4.440892098500626e-16,PASS
f1_grad_e2,psd_slope_abs_delta,candidate_mean,1.1385358943732429,1.1385358943732424,4.440892098500626e-16,PASS
f1_grad_e2,psd_slope_abs_delta,mean_raw_delta,0.22352503812266894,0.22352503812266886,8.326672684688674e-17,PASS
f1_grad_e2,psd_slope_abs_delta,mean_improvement_delta,-0.22352503812266894,-0.22352503812266886,8.326672684688674e-17,PASS
f1_grad_e2,psd_slope_abs_delta,median_improvement_delta,-0.18624748183833728,-0.18624748183833728,0.0,PASS
f1_grad_e2,psd_slope_abs_delta,n_improved,3,3,0.0,PASS
f1_grad_e2,psd_slope_abs_delta,n_worsened,165,165,0.0,PASS
f1_grad_e2,psd_slope_abs_delta,n_tied,0,0,0.0,PASS
f1_grad_e2,psd_slope_abs_delta,n_valid,168,168,0.0,PASS
f1_grad_e2,exceed_abs_t5,cnn_mean,0.004242333333333336,0.004242333333333336,0.0,PASS
f1_grad_e2,exceed_abs_t5,candidate_mean,0.002536261904761906,0.002536261904761906,0.0,PASS
f1_grad_e2,exceed_abs_t5,mean_raw_delta,-0.0017060714285714298,-0.0017060714285714298,0.0,PASS
f1_grad_e2,exceed_abs_t5,mean_improvement_delta,0.0017060714285714298,0.0017060714285714298,0.0,PASS
f1_grad_e2,exceed_abs_t5,median_improvement_delta,0.0016259999999999608,0.0016259999999999608,0.0,PASS
f1_grad_e2,exceed_abs_t5,n_improved,123,123,0.0,PASS
f1_grad_e2,exceed_abs_t5,n_worsened,45,45,0.0,PASS
f1_grad_e2,exceed_abs_t5,n_tied,0,0,0.0,PASS
f1_grad_e2,exceed_abs_t5,n_valid,168,168,0.0,PASS
f1_grad_e2,exceed_abs_t10,cnn_mean,0.006580809523809519,0.006580809523809515,4.336808689942018e-18,PASS
f1_grad_e2,exceed_abs_t10,candidate_mean,0.005151904761904762,0.005151904761904761,8.673617379884035e-19,PASS
f1_grad_e2,exceed_abs_t10,mean_raw_delta,-0.0014289047619047569,-0.0014289047619047565,4.336808689942018e-19,PASS
f1_grad_e2,exceed_abs_t10,mean_improvement_delta,0.0014289047619047569,0.0014289047619047565,4.336808689942018e-19,PASS
f1_grad_e2,exceed_abs_t10,median_improvement_delta,0.0018299999999999775,0.0018299999999999775,0.0,PASS
f1_grad_e2,exceed_abs_t10,n_improved,117,117,0.0,PASS
f1_grad_e2,exceed_abs_t10,n_worsened,51,51,0.0,PASS
f1_grad_e2,exceed_abs_t10,n_tied,0,0,0.0,PASS
f1_grad_e2,exceed_abs_t10,n_valid,168,168,0.0,PASS
f1_grad_e2,exceed_abs_t15,cnn_mean,0.0062105,0.0062104999999999955,4.336808689942018e-18,PASS
f1_grad_e2,exceed_abs_t15,candidate_mean,0.002673071428571429,0.0026730714285714296,4.336808689942018e-19,PASS
f1_grad_e2,exceed_abs_t15,mean_raw_delta,-0.0035374285714285703,-0.0035374285714285703,0.0,PASS
f1_grad_e2,exceed_abs_t15,mean_improvement_delta,0.0035374285714285703,0.0035374285714285703,0.0,PASS
f1_grad_e2,exceed_abs_t15,median_improvement_delta,0.002568000000000001,0.002568000000000001,0.0,PASS
f1_grad_e2,exceed_abs_t15,n_improved,143,143,0.0,PASS
f1_grad_e2,exceed_abs_t15,n_worsened,25,25,0.0,PASS
f1_grad_e2,exceed_abs_t15,n_tied,0,0,0.0,PASS
f1_grad_e2,exceed_abs_t15,n_valid,168,168,0.0,PASS
f1_grad_e2,exceed_abs_p90,cnn_mean,0.010253619047619053,0.010253619047619051,1.734723475976807e-18,PASS
f1_grad_e2,exceed_abs_p90,candidate_mean,0.004664357142857148,0.004664357142857146,1.734723475976807e-18,PASS
f1_grad_e2,exceed_abs_p90,mean_raw_delta,-0.005589261904761904,-0.005589261904761904,0.0,PASS
f1_grad_e2,exceed_abs_p90,mean_improvement_delta,0.005589261904761904,0.005589261904761904,0.0,PASS
f1_grad_e2,exceed_abs_p90,median_improvement_delta,0.0045600000000000016,0.0045600000000000016,0.0,PASS
f1_grad_e2,exceed_abs_p90,n_improved,141,141,0.0,PASS
f1_grad_e2,exceed_abs_p90,n_worsened,27,27,0.0,PASS
f1_grad_e2,exceed_abs_p90,n_tied,0,0,0.0,PASS
f1_grad_e2,exceed_abs_p90,n_valid,168,168,0.0,PASS
f1_grad_e2,comp_curve_l1,cnn_mean,115.52777777777779,115.52777777777774,4.263256414560601e-14,PASS
f1_grad_e2,comp_curve_l1,candidate_mean,81.18154761904762,81.18154761904763,1.4210854715202004e-14,PASS
f1_grad_e2,comp_curve_l1,mean_raw_delta,-34.34623015873016,-34.34623015873016,0.0,PASS
f1_grad_e2,comp_curve_l1,mean_improvement_delta,34.34623015873016,34.34623015873016,0.0,PASS
f1_grad_e2,comp_curve_l1,median_improvement_delta,32.833333333333336,32.833333333333336,0.0,PASS
f1_grad_e2,comp_curve_l1,n_improved,166,166,0.0,PASS
f1_grad_e2,comp_curve_l1,n_worsened,2,2,0.0,PASS
f1_grad_e2,comp_curve_l1,n_tied,0,0,0.0,PASS
f1_grad_e2,comp_curve_l1,n_valid,168,168,0.0,PASS
f1_grad_e2,comp_abs_t5,cnn_mean,64.38095238095238,64.38095238095238,0.0,PASS
f1_grad_e2,comp_abs_t5,candidate_mean,50.726190476190474,50.726190476190474,0.0,PASS
f1_grad_e2,comp_abs_t5,mean_raw_delta,-13.654761904761905,-13.654761904761905,0.0,PASS
f1_grad_e2,comp_abs_t5,mean_improvement_delta,13.654761904761905,13.654761904761905,0.0,PASS
f1_grad_e2,comp_abs_t5,median_improvement_delta,8.5,8.5,0.0,PASS
f1_grad_e2,comp_abs_t5,n_improved,142,142,0.0,PASS
f1_grad_e2,comp_abs_t5,n_worsened,17,17,0.0,PASS
f1_grad_e2,comp_abs_t5,n_tied,9,9,0.0,PASS
f1_grad_e2,comp_abs_t5,n_valid,168,168,0.0,PASS
f1_grad_e2,comp_abs_t10,cnn_mean,187.16666666666666,187.16666666666666,0.0,PASS
f1_grad_e2,comp_abs_t10,candidate_mean,150.74404761904762,150.74404761904762,0.0,PASS
f1_grad_e2,comp_abs_t10,mean_raw_delta,-36.42261904761905,-36.42261904761905,0.0,PASS
f1_grad_e2,comp_abs_t10,mean_improvement_delta,36.42261904761905,36.42261904761905,0.0,PASS
f1_grad_e2,comp_abs_t10,median_improvement_delta,32.0,32.0,0.0,PASS
f1_grad_e2,comp_abs_t10,n_improved,154,154,0.0,PASS
f1_grad_e2,comp_abs_t10,n_worsened,13,13,0.0,PASS
f1_grad_e2,comp_abs_t10,n_tied,1,1,0.0,PASS
f1_grad_e2,comp_abs_t10,n_valid,168,168,0.0,PASS
f1_grad_e2,comp_abs_t15,cnn_mean,116.80952380952381,116.80952380952381,0.0,PASS
f1_grad_e2,comp_abs_t15,candidate_mean,71.92857142857143,71.92857142857143,0.0,PASS
f1_grad_e2,comp_abs_t15,mean_raw_delta,-44.88095238095238,-44.88095238095238,0.0,PASS
f1_grad_e2,comp_abs_t15,mean_improvement_delta,44.88095238095238,44.88095238095238,0.0,PASS
f1_grad_e2,comp_abs_t15,median_improvement_delta,43.0,43.0,0.0,PASS
f1_grad_e2,comp_abs_t15,n_improved,156,156,0.0,PASS
f1_grad_e2,comp_abs_t15,n_worsened,12,12,0.0,PASS
f1_grad_e2,comp_abs_t15,n_tied,0,0,0.0,PASS
f1_grad_e2,comp_abs_t15,n_valid,168,168,0.0,PASS
f1_grad_e2,pd_distance,cnn_mean,27.406283078086062,27.406283078086055,7.105427357601002e-15,PASS
f1_grad_e2,pd_distance,candidate_mean,23.838249287609397,23.838249287609386,1.0658141036401503e-14,PASS
f1_grad_e2,pd_distance,mean_raw_delta,-3.568033790476664,-3.568033790476664,0.0,PASS
f1_grad_e2,pd_distance,mean_improvement_delta,3.568033790476664,3.568033790476664,0.0,PASS
f1_grad_e2,pd_distance,median_improvement_delta,3.770550204008366,3.770550204008366,0.0,PASS
f1_grad_e2,pd_distance,n_improved,166,166,0.0,PASS
f1_grad_e2,pd_distance,n_worsened,2,2,0.0,PASS
f1_grad_e2,pd_distance,n_tied,0,0,0.0,PASS
f1_grad_e2,pd_distance,n_valid,168,168,0.0,PASS
f1_grad_e2,mt_distance,cnn_mean,5.867795200574966,5.867795200574966,0.0,PASS
f1_grad_e2,mt_distance,candidate_mean,5.656570005984533,5.656570005984533,0.0,PASS
f1_grad_e2,mt_distance,mean_raw_delta,-0.2112251945904323,-0.2112251945904323,0.0,PASS
f1_grad_e2,mt_distance,mean_improvement_delta,0.2112251945904323,0.2112251945904323,0.0,PASS
f1_grad_e2,mt_distance,median_improvement_delta,0.10047245025634766,0.10047245025634766,0.0,PASS
f1_grad_e2,mt_distance,n_improved,98,98,0.0,PASS
f1_grad_e2,mt_distance,n_worsened,70,70,0.0,PASS
f1_grad_e2,mt_distance,n_tied,0,0,0.0,PASS
f1_grad_e2,mt_distance,n_valid,168,168,0.0,PASS
f2_grad_levelset_e2,psnruv,cnn_mean,31.192500433861134,31.192500433861134,0.0,PASS
f2_grad_levelset_e2,psnruv,candidate_mean,32.57624426913368,32.576244269133674,7.105427357601002e-15,PASS
f2_grad_levelset_e2,psnruv,mean_raw_delta,1.3837438352725429,1.3837438352725424,4.440892098500626e-16,PASS
f2_grad_levelset_e2,psnruv,mean_improvement_delta,1.3837438352725429,1.3837438352725424,4.440892098500626e-16,PASS
f2_grad_levelset_e2,psnruv,median_improvement_delta,1.4646527942668524,1.4646527942668524,0.0,PASS
f2_grad_levelset_e2,psnruv,n_improved,168,168,0.0,PASS
f2_grad_levelset_e2,psnruv,n_worsened,0,0,0.0,PASS
f2_grad_levelset_e2,psnruv,n_tied,0,0,0.0,PASS
f2_grad_levelset_e2,psnruv,n_valid,168,168,0.0,PASS
f2_grad_levelset_e2,ssim_speed,cnn_mean,,,,PASS
f2_grad_levelset_e2,ssim_speed,candidate_mean,,,,PASS
f2_grad_levelset_e2,ssim_speed,mean_raw_delta,,,,PASS
f2_grad_levelset_e2,ssim_speed,mean_improvement_delta,,,,PASS
f2_grad_levelset_e2,ssim_speed,median_improvement_delta,,,,PASS
f2_grad_levelset_e2,ssim_speed,n_improved,,,,PASS
f2_grad_levelset_e2,ssim_speed,n_worsened,,,,PASS
f2_grad_levelset_e2,ssim_speed,n_tied,,,,PASS
f2_grad_levelset_e2,ssim_speed,n_valid,0,0,0.0,PASS
f2_grad_levelset_e2,speed_mae,cnn_mean,0.6940701629397319,0.6940701629397316,3.3306690738754696e-16,PASS
f2_grad_levelset_e2,speed_mae,candidate_mean,0.5788023360297931,0.5788023360297933,1.1102230246251565e-16,PASS
f2_grad_levelset_e2,speed_mae,mean_raw_delta,-0.11526782690993868,-0.11526782690993877,8.326672684688674e-17,PASS
f2_grad_levelset_e2,speed_mae,mean_improvement_delta,0.11526782690993868,0.11526782690993877,8.326672684688674e-17,PASS
f2_grad_levelset_e2,speed_mae,median_improvement_delta,0.1116343051951432,0.1116343051951432,0.0,PASS
f2_grad_levelset_e2,speed_mae,n_improved,168,168,0.0,PASS
f2_grad_levelset_e2,speed_mae,n_worsened,0,0,0.0,PASS
f2_grad_levelset_e2,speed_mae,n_tied,0,0,0.0,PASS
f2_grad_levelset_e2,speed_mae,n_valid,168,168,0.0,PASS
f2_grad_levelset_e2,speed_rmse,cnn_mean,1.1077586003651096,1.1077586003651088,8.881784197001252e-16,PASS
f2_grad_levelset_e2,speed_rmse,candidate_mean,0.9776430659760245,0.9776430659760248,3.3306690738754696e-16,PASS
f2_grad_levelset_e2,speed_rmse,mean_raw_delta,-0.13011553438908527,-0.1301155343890853,2.7755575615628914e-17,PASS
f2_grad_levelset_e2,speed_rmse,mean_improvement_delta,0.13011553438908527,0.1301155343890853,2.7755575615628914e-17,PASS
f2_grad_levelset_e2,speed_rmse,median_improvement_delta,0.11882408178684051,0.11882408178684051,0.0,PASS
f2_grad_levelset_e2,speed_rmse,n_improved,168,168,0.0,PASS
f2_grad_levelset_e2,speed_rmse,n_worsened,0,0,0.0,PASS
f2_grad_levelset_e2,speed_rmse,n_tied,0,0,0.0,PASS
f2_grad_levelset_e2,speed_rmse,n_valid,168,168,0.0,PASS
f2_grad_levelset_e2,wpd_mae,cnn_mean,231.67091095165674,231.67091095165674,0.0,PASS
f2_grad_levelset_e2,wpd_mae,candidate_mean,186.82297844900262,186.82297844900262,0.0,PASS
f2_grad_levelset_e2,wpd_mae,mean_raw_delta,-44.84793250265411,-44.84793250265413,2.1316282072803006e-14,PASS
f2_grad_levelset_e2,wpd_mae,mean_improvement_delta,44.84793250265411,44.84793250265413,2.1316282072803006e-14,PASS
f2_grad_levelset_e2,wpd_mae,median_improvement_delta,39.619152975026225,39.619152975026225,0.0,PASS
f2_grad_levelset_e2,wpd_mae,n_improved,168,168,0.0,PASS
f2_grad_levelset_e2,wpd_mae,n_worsened,0,0,0.0,PASS
f2_grad_levelset_e2,wpd_mae,n_tied,0,0,0.0,PASS
f2_grad_levelset_e2,wpd_mae,n_valid,168,168,0.0,PASS
f2_grad_levelset_e2,wpd_w1,cnn_mean,45.27127092112853,45.271270921128526,7.105427357601002e-15,PASS
f2_grad_levelset_e2,wpd_w1,candidate_mean,20.152909762121467,20.15290976212146,7.105427357601002e-15,PASS
f2_grad_levelset_e2,wpd_w1,mean_raw_delta,-25.11836115900707,-25.118361159007062,7.105427357601002e-15,PASS
f2_grad_levelset_e2,wpd_w1,mean_improvement_delta,25.11836115900707,25.118361159007062,7.105427357601002e-15,PASS
f2_grad_levelset_e2,wpd_w1,median_improvement_delta,26.05968149286399,26.05968149286399,0.0,PASS
f2_grad_levelset_e2,wpd_w1,n_improved,158,158,0.0,PASS
f2_grad_levelset_e2,wpd_w1,n_worsened,10,10,0.0,PASS
f2_grad_levelset_e2,wpd_w1,n_tied,0,0,0.0,PASS
f2_grad_levelset_e2,wpd_w1,n_valid,168,168,0.0,PASS
f2_grad_levelset_e2,wpd_bias_abs,cnn_mean,35.343902938857745,35.343902938857745,0.0,PASS
f2_grad_levelset_e2,wpd_bias_abs,candidate_mean,17.42103958843389,17.42103958843388,7.105427357601002e-15,PASS
f2_grad_levelset_e2,wpd_bias_abs,mean_raw_delta,-17.922863350423857,-17.922863350423857,0.0,PASS
f2_grad_levelset_e2,wpd_bias_abs,mean_improvement_delta,17.922863350423857,17.922863350423857,0.0,PASS
f2_grad_levelset_e2,wpd_bias_abs,median_improvement_delta,19.727879499145445,19.727879499145445,0.0,PASS
f2_grad_levelset_e2,wpd_bias_abs,n_improved,151,151,0.0,PASS
f2_grad_levelset_e2,wpd_bias_abs,n_worsened,17,17,0.0,PASS
f2_grad_levelset_e2,wpd_bias_abs,n_tied,0,0,0.0,PASS
f2_grad_levelset_e2,wpd_bias_abs,n_valid,168,168,0.0,PASS
f2_grad_levelset_e2,grad_mae,cnn_mean,0.3490557204526641,0.3490557204526642,1.1102230246251565e-16,PASS
f2_grad_levelset_e2,grad_mae,candidate_mean,0.31217573416409516,0.31217573416409533,1.6653345369377348e-16,PASS
f2_grad_levelset_e2,grad_mae,mean_raw_delta,-0.03687998628856898,-0.036879986288568985,6.938893903907228e-18,PASS
f2_grad_levelset_e2,grad_mae,mean_improvement_delta,0.03687998628856898,0.036879986288568985,6.938893903907228e-18,PASS
f2_grad_levelset_e2,grad_mae,median_improvement_delta,0.03730530928126338,0.03730530928126338,0.0,PASS
f2_grad_levelset_e2,grad_mae,n_improved,168,168,0.0,PASS
f2_grad_levelset_e2,grad_mae,n_worsened,0,0,0.0,PASS
f2_grad_levelset_e2,grad_mae,n_tied,0,0,0.0,PASS
f2_grad_levelset_e2,grad_mae,n_valid,168,168,0.0,PASS
f2_grad_levelset_e2,grad_w1,cnn_mean,0.23294292018237558,0.23294292018237575,1.6653345369377348e-16,PASS
f2_grad_levelset_e2,grad_w1,candidate_mean,0.14587529091820356,0.14587529091820353,2.7755575615628914e-17,PASS
f2_grad_levelset_e2,grad_w1,mean_raw_delta,-0.08706762926417204,-0.08706762926417204,0.0,PASS
f2_grad_levelset_e2,grad_w1,mean_improvement_delta,0.08706762926417204,0.08706762926417204,0.0,PASS
f2_grad_levelset_e2,grad_w1,median_improvement_delta,0.09233241825286435,0.09233241825286435,0.0,PASS
f2_grad_levelset_e2,grad_w1,n_improved,167,167,0.0,PASS
f2_grad_levelset_e2,grad_w1,n_worsened,1,1,0.0,PASS
f2_grad_levelset_e2,grad_w1,n_tied,0,0,0.0,PASS
f2_grad_levelset_e2,grad_w1,n_valid,168,168,0.0,PASS
f2_grad_levelset_e2,grad_kurtosis_abs_delta,cnn_mean,3.7003760441443694,3.70037604414437,4.440892098500626e-16,PASS
f2_grad_levelset_e2,grad_kurtosis_abs_delta,candidate_mean,3.1482794361114306,3.1482794361114297,8.881784197001252e-16,PASS
f2_grad_levelset_e2,grad_kurtosis_abs_delta,mean_raw_delta,-0.5520966080329387,-0.5520966080329386,1.1102230246251565e-16,PASS
f2_grad_levelset_e2,grad_kurtosis_abs_delta,mean_improvement_delta,0.5520966080329387,0.5520966080329386,1.1102230246251565e-16,PASS
f2_grad_levelset_e2,grad_kurtosis_abs_delta,median_improvement_delta,-0.5005773796284494,-0.5005773796284494,0.0,PASS
f2_grad_levelset_e2,grad_kurtosis_abs_delta,n_improved,68,68,0.0,PASS
f2_grad_levelset_e2,grad_kurtosis_abs_delta,n_worsened,100,100,0.0,PASS
f2_grad_levelset_e2,grad_kurtosis_abs_delta,n_tied,0,0,0.0,PASS
f2_grad_levelset_e2,grad_kurtosis_abs_delta,n_valid,168,168,0.0,PASS
f2_grad_levelset_e2,psd_log_l2,cnn_mean,0.8335247431666106,0.833524743166611,3.3306690738754696e-16,PASS
f2_grad_levelset_e2,psd_log_l2,candidate_mean,0.8291560766038579,0.8291560766038577,2.220446049250313e-16,PASS
f2_grad_levelset_e2,psd_log_l2,mean_raw_delta,-0.004368666562752764,-0.004368666562752774,1.0408340855860843e-17,PASS
f2_grad_levelset_e2,psd_log_l2,mean_improvement_delta,0.004368666562752764,0.004368666562752774,1.0408340855860843e-17,PASS
f2_grad_levelset_e2,psd_log_l2,median_improvement_delta,0.021211857106990806,0.021211857106990806,0.0,PASS
f2_grad_levelset_e2,psd_log_l2,n_improved,105,105,0.0,PASS
f2_grad_levelset_e2,psd_log_l2,n_worsened,63,63,0.0,PASS
f2_grad_levelset_e2,psd_log_l2,n_tied,0,0,0.0,PASS
f2_grad_levelset_e2,psd_log_l2,n_valid,168,168,0.0,PASS
f2_grad_levelset_e2,psd_slope_abs_delta,cnn_mean,0.9150108562505738,0.9150108562505733,4.440892098500626e-16,PASS
f2_grad_levelset_e2,psd_slope_abs_delta,candidate_mean,1.1477532572980493,1.1477532572980496,2.220446049250313e-16,PASS
f2_grad_levelset_e2,psd_slope_abs_delta,mean_raw_delta,0.23274240104747548,0.23274240104747554,5.551115123125783e-17,PASS
f2_grad_levelset_e2,psd_slope_abs_delta,mean_improvement_delta,-0.23274240104747548,-0.23274240104747554,5.551115123125783e-17,PASS
f2_grad_levelset_e2,psd_slope_abs_delta,median_improvement_delta,-0.18857994238050185,-0.18857994238050185,0.0,PASS
f2_grad_levelset_e2,psd_slope_abs_delta,n_improved,2,2,0.0,PASS
f2_grad_levelset_e2,psd_slope_abs_delta,n_worsened,166,166,0.0,PASS
f2_grad_levelset_e2,psd_slope_abs_delta,n_tied,0,0,0.0,PASS
f2_grad_levelset_e2,psd_slope_abs_delta,n_valid,168,168,0.0,PASS
f2_grad_levelset_e2,exceed_abs_t5,cnn_mean,0.004242333333333336,0.004242333333333336,0.0,PASS
f2_grad_levelset_e2,exceed_abs_t5,candidate_mean,0.0021150952380952406,0.0021150952380952406,0.0,PASS
f2_grad_levelset_e2,exceed_abs_t5,mean_raw_delta,-0.0021272380952380952,-0.0021272380952380952,0.0,PASS
f2_grad_levelset_e2,exceed_abs_t5,mean_improvement_delta,0.0021272380952380952,0.0021272380952380952,0.0,PASS
f2_grad_levelset_e2,exceed_abs_t5,median_improvement_delta,0.0022199999999999998,0.0022199999999999998,0.0,PASS
f2_grad_levelset_e2,exceed_abs_t5,n_improved,132,132,0.0,PASS
f2_grad_levelset_e2,exceed_abs_t5,n_worsened,36,36,0.0,PASS
f2_grad_levelset_e2,exceed_abs_t5,n_tied,0,0,0.0,PASS
f2_grad_levelset_e2,exceed_abs_t5,n_valid,168,168,0.0,PASS
f2_grad_levelset_e2,exceed_abs_t10,cnn_mean,0.006580809523809519,0.006580809523809515,4.336808689942018e-18,PASS
f2_grad_levelset_e2,exceed_abs_t10,candidate_mean,0.0034752142857142846,0.003475214285714285,4.336808689942018e-19,PASS
f2_grad_levelset_e2,exceed_abs_t10,mean_raw_delta,-0.0031055952380952354,-0.0031055952380952346,8.673617379884035e-19,PASS
f2_grad_levelset_e2,exceed_abs_t10,mean_improvement_delta,0.0031055952380952354,0.0031055952380952346,8.673617379884035e-19,PASS
f2_grad_levelset_e2,exceed_abs_t10,median_improvement_delta,0.002600000000000019,0.002600000000000019,0.0,PASS
f2_grad_levelset_e2,exceed_abs_t10,n_improved,126,126,0.0,PASS
f2_grad_levelset_e2,exceed_abs_t10,n_worsened,42,42,0.0,PASS
f2_grad_levelset_e2,exceed_abs_t10,n_tied,0,0,0.0,PASS
f2_grad_levelset_e2,exceed_abs_t10,n_valid,168,168,0.0,PASS
f2_grad_levelset_e2,exceed_abs_t15,cnn_mean,0.0062105,0.0062104999999999955,4.336808689942018e-18,PASS
f2_grad_levelset_e2,exceed_abs_t15,candidate_mean,0.0022630952380952377,0.002263095238095238,4.336808689942018e-19,PASS
f2_grad_levelset_e2,exceed_abs_t15,mean_raw_delta,-0.003947404761904761,-0.00394740476190476,1.734723475976807e-18,PASS
f2_grad_levelset_e2,exceed_abs_t15,mean_improvement_delta,0.003947404761904761,0.00394740476190476,1.734723475976807e-18,PASS
f2_grad_levelset_e2,exceed_abs_t15,median_improvement_delta,0.00298,0.00298,0.0,PASS
f2_grad_levelset_e2,exceed_abs_t15,n_improved,143,143,0.0,PASS
f2_grad_levelset_e2,exceed_abs_t15,n_worsened,25,25,0.0,PASS
f2_grad_levelset_e2,exceed_abs_t15,n_tied,0,0,0.0,PASS
f2_grad_levelset_e2,exceed_abs_t15,n_valid,168,168,0.0,PASS
f2_grad_levelset_e2,exceed_abs_p90,cnn_mean,0.010253619047619053,0.010253619047619051,1.734723475976807e-18,PASS
f2_grad_levelset_e2,exceed_abs_p90,candidate_mean,0.0038472142857142906,0.0038472142857142897,8.673617379884035e-19,PASS
f2_grad_levelset_e2,exceed_abs_p90,mean_raw_delta,-0.006406404761904762,-0.006406404761904759,2.6020852139652106e-18,PASS
f2_grad_levelset_e2,exceed_abs_p90,mean_improvement_delta,0.006406404761904762,0.006406404761904759,2.6020852139652106e-18,PASS
f2_grad_levelset_e2,exceed_abs_p90,median_improvement_delta,0.005383999999999993,0.005383999999999993,0.0,PASS
f2_grad_levelset_e2,exceed_abs_p90,n_improved,150,150,0.0,PASS
f2_grad_levelset_e2,exceed_abs_p90,n_worsened,18,18,0.0,PASS
f2_grad_levelset_e2,exceed_abs_p90,n_tied,0,0,0.0,PASS
f2_grad_levelset_e2,exceed_abs_p90,n_valid,168,168,0.0,PASS
f2_grad_levelset_e2,comp_curve_l1,cnn_mean,115.52777777777779,115.52777777777774,4.263256414560601e-14,PASS
f2_grad_levelset_e2,comp_curve_l1,candidate_mean,83.07837301587301,83.078373015873,1.4210854715202004e-14,PASS
f2_grad_levelset_e2,comp_curve_l1,mean_raw_delta,-32.44940476190476,-32.44940476190476,0.0,PASS
f2_grad_levelset_e2,comp_curve_l1,mean_improvement_delta,32.44940476190476,32.44940476190476,0.0,PASS
f2_grad_levelset_e2,comp_curve_l1,median_improvement_delta,32.25,32.25,0.0,PASS
f2_grad_levelset_e2,comp_curve_l1,n_improved,159,159,0.0,PASS
f2_grad_levelset_e2,comp_curve_l1,n_worsened,8,8,0.0,PASS
f2_grad_levelset_e2,comp_curve_l1,n_tied,1,1,0.0,PASS
f2_grad_levelset_e2,comp_curve_l1,n_valid,168,168,0.0,PASS
f2_grad_levelset_e2,comp_abs_t5,cnn_mean,64.38095238095238,64.38095238095238,0.0,PASS
f2_grad_levelset_e2,comp_abs_t5,candidate_mean,53.17261904761905,53.17261904761905,0.0,PASS
f2_grad_levelset_e2,comp_abs_t5,mean_raw_delta,-11.208333333333334,-11.208333333333334,0.0,PASS
f2_grad_levelset_e2,comp_abs_t5,mean_improvement_delta,11.208333333333334,11.208333333333334,0.0,PASS
f2_grad_levelset_e2,comp_abs_t5,median_improvement_delta,8.0,8.0,0.0,PASS
f2_grad_levelset_e2,comp_abs_t5,n_improved,139,139,0.0,PASS
f2_grad_levelset_e2,comp_abs_t5,n_worsened,21,21,0.0,PASS
f2_grad_levelset_e2,comp_abs_t5,n_tied,8,8,0.0,PASS
f2_grad_levelset_e2,comp_abs_t5,n_valid,168,168,0.0,PASS
f2_grad_levelset_e2,comp_abs_t10,cnn_mean,187.16666666666666,187.16666666666666,0.0,PASS
f2_grad_levelset_e2,comp_abs_t10,candidate_mean,158.20238095238096,158.20238095238096,0.0,PASS
f2_grad_levelset_e2,comp_abs_t10,mean_raw_delta,-28.964285714285715,-28.964285714285715,0.0,PASS
f2_grad_levelset_e2,comp_abs_t10,mean_improvement_delta,28.964285714285715,28.964285714285715,0.0,PASS
f2_grad_levelset_e2,comp_abs_t10,median_improvement_delta,24.0,24.0,0.0,PASS
f2_grad_levelset_e2,comp_abs_t10,n_improved,147,147,0.0,PASS
f2_grad_levelset_e2,comp_abs_t10,n_worsened,20,20,0.0,PASS
f2_grad_levelset_e2,comp_abs_t10,n_tied,1,1,0.0,PASS
f2_grad_levelset_e2,comp_abs_t10,n_valid,168,168,0.0,PASS
f2_grad_levelset_e2,comp_abs_t15,cnn_mean,116.80952380952381,116.80952380952381,0.0,PASS
f2_grad_levelset_e2,comp_abs_t15,candidate_mean,71.9047619047619,71.9047619047619,0.0,PASS
f2_grad_levelset_e2,comp_abs_t15,mean_raw_delta,-44.904761904761905,-44.904761904761905,0.0,PASS
f2_grad_levelset_e2,comp_abs_t15,mean_improvement_delta,44.904761904761905,44.904761904761905,0.0,PASS
f2_grad_levelset_e2,comp_abs_t15,median_improvement_delta,45.0,45.0,0.0,PASS
f2_grad_levelset_e2,comp_abs_t15,n_improved,153,153,0.0,PASS
f2_grad_levelset_e2,comp_abs_t15,n_worsened,13,13,0.0,PASS
f2_grad_levelset_e2,comp_abs_t15,n_tied,2,2,0.0,PASS
f2_grad_levelset_e2,comp_abs_t15,n_valid,168,168,0.0,PASS
f2_grad_levelset_e2,pd_distance,cnn_mean,27.406283078086062,27.406283078086055,7.105427357601002e-15,PASS
f2_grad_levelset_e2,pd_distance,candidate_mean,23.748107956316563,23.748107956316563,0.0,PASS
f2_grad_levelset_e2,pd_distance,mean_raw_delta,-3.658175121769499,-3.658175121769499,0.0,PASS
f2_grad_levelset_e2,pd_distance,mean_improvement_delta,3.658175121769499,3.658175121769499,0.0,PASS
f2_grad_levelset_e2,pd_distance,median_improvement_delta,3.8281866186912747,3.8281866186912747,0.0,PASS
f2_grad_levelset_e2,pd_distance,n_improved,166,166,0.0,PASS
f2_grad_levelset_e2,pd_distance,n_worsened,2,2,0.0,PASS
f2_grad_levelset_e2,pd_distance,n_tied,0,0,0.0,PASS
f2_grad_levelset_e2,pd_distance,n_valid,168,168,0.0,PASS
f2_grad_levelset_e2,mt_distance,cnn_mean,5.867795200574966,5.867795200574966,0.0,PASS
f2_grad_levelset_e2,mt_distance,candidate_mean,5.674229775156293,5.674229775156293,0.0,PASS
f2_grad_levelset_e2,mt_distance,mean_raw_delta,-0.1935654254186721,-0.1935654254186721,0.0,PASS
f2_grad_levelset_e2,mt_distance,mean_improvement_delta,0.1935654254186721,0.1935654254186721,0.0,PASS
f2_grad_levelset_e2,mt_distance,median_improvement_delta,0.1341099739074707,0.1341099739074707,0.0,PASS
f2_grad_levelset_e2,mt_distance,n_improved,102,102,0.0,PASS
f2_grad_levelset_e2,mt_distance,n_worsened,66,66,0.0,PASS
f2_grad_levelset_e2,mt_distance,n_tied,0,0,0.0,PASS
f2_grad_levelset_e2,mt_distance,n_valid,168,168,0.0,PASS
f3_grad_crit,psnruv,cnn_mean,31.192500433861134,31.192500433861134,0.0,PASS
f3_grad_crit,psnruv,candidate_mean,33.30415748036943,33.30415748036944,7.105427357601002e-15,PASS
f3_grad_crit,psnruv,mean_raw_delta,2.111657046508298,2.1116570465082987,4.440892098500626e-16,PASS
f3_grad_crit,psnruv,mean_improvement_delta,2.111657046508298,2.1116570465082987,4.440892098500626e-16,PASS
f3_grad_crit,psnruv,median_improvement_delta,2.1129093787373563,2.1129093787373563,0.0,PASS
f3_grad_crit,psnruv,n_improved,168,168,0.0,PASS
f3_grad_crit,psnruv,n_worsened,0,0,0.0,PASS
f3_grad_crit,psnruv,n_tied,0,0,0.0,PASS
f3_grad_crit,psnruv,n_valid,168,168,0.0,PASS
f3_grad_crit,ssim_speed,cnn_mean,,,,PASS
f3_grad_crit,ssim_speed,candidate_mean,,,,PASS
f3_grad_crit,ssim_speed,mean_raw_delta,,,,PASS
f3_grad_crit,ssim_speed,mean_improvement_delta,,,,PASS
f3_grad_crit,ssim_speed,median_improvement_delta,,,,PASS
f3_grad_crit,ssim_speed,n_improved,,,,PASS
f3_grad_crit,ssim_speed,n_worsened,,,,PASS
f3_grad_crit,ssim_speed,n_tied,,,,PASS
f3_grad_crit,ssim_speed,n_valid,0,0,0.0,PASS
f3_grad_crit,speed_mae,cnn_mean,0.6940701629397319,0.6940701629397316,3.3306690738754696e-16,PASS
f3_grad_crit,speed_mae,candidate_mean,0.5325824956996197,0.5325824956996195,2.220446049250313e-16,PASS
f3_grad_crit,speed_mae,mean_raw_delta,-0.1614876672401121,-0.16148766724011207,2.7755575615628914e-17,PASS
f3_grad_crit,speed_mae,mean_improvement_delta,0.1614876672401121,0.16148766724011207,2.7755575615628914e-17,PASS
f3_grad_crit,speed_mae,median_improvement_delta,0.1524483873186695,0.1524483873186695,0.0,PASS
f3_grad_crit,speed_mae,n_improved,168,168,0.0,PASS
f3_grad_crit,speed_mae,n_worsened,0,0,0.0,PASS
f3_grad_crit,speed_mae,n_tied,0,0,0.0,PASS
f3_grad_crit,speed_mae,n_valid,168,168,0.0,PASS
f3_grad_crit,speed_rmse,cnn_mean,1.1077586003651096,1.1077586003651088,8.881784197001252e-16,PASS
f3_grad_crit,speed_rmse,candidate_mean,0.902555409298848,0.9025554092988483,2.220446049250313e-16,PASS
f3_grad_crit,speed_rmse,mean_raw_delta,-0.20520319106626156,-0.2052031910662615,5.551115123125783e-17,PASS
f3_grad_crit,speed_rmse,mean_improvement_delta,0.20520319106626156,0.2052031910662615,5.551115123125783e-17,PASS
f3_grad_crit,speed_rmse,median_improvement_delta,0.18407706776558602,0.18407706776558602,0.0,PASS
f3_grad_crit,speed_rmse,n_improved,168,168,0.0,PASS
f3_grad_crit,speed_rmse,n_worsened,0,0,0.0,PASS
f3_grad_crit,speed_rmse,n_tied,0,0,0.0,PASS
f3_grad_crit,speed_rmse,n_valid,168,168,0.0,PASS
f3_grad_crit,wpd_mae,cnn_mean,231.67091095165674,231.67091095165674,0.0,PASS
f3_grad_crit,wpd_mae,candidate_mean,174.19762658177615,174.1976265817761,5.684341886080802e-14,PASS
f3_grad_crit,wpd_mae,mean_raw_delta,-57.47328436988058,-57.47328436988059,7.105427357601002e-15,PASS
f3_grad_crit,wpd_mae,mean_improvement_delta,57.47328436988058,57.47328436988059,7.105427357601002e-15,PASS
f3_grad_crit,wpd_mae,median_improvement_delta,50.39026879870637,50.39026879870637,0.0,PASS
f3_grad_crit,wpd_mae,n_improved,168,168,0.0,PASS
f3_grad_crit,wpd_mae,n_worsened,0,0,0.0,PASS
f3_grad_crit,wpd_mae,n_tied,0,0,0.0,PASS
f3_grad_crit,wpd_mae,n_valid,168,168,0.0,PASS
f3_grad_crit,wpd_w1,cnn_mean,45.27127092112853,45.271270921128526,7.105427357601002e-15,PASS
f3_grad_crit,wpd_w1,candidate_mean,32.02049600677772,32.020496006777755,3.552713678800501e-14,PASS
f3_grad_crit,wpd_w1,mean_raw_delta,-13.250774914350814,-13.250774914350819,5.329070518200751e-15,PASS
f3_grad_crit,wpd_w1,mean_improvement_delta,13.250774914350814,13.250774914350819,5.329070518200751e-15,PASS
f3_grad_crit,wpd_w1,median_improvement_delta,12.198479658329681,12.198479658329681,0.0,PASS
f3_grad_crit,wpd_w1,n_improved,150,150,0.0,PASS
f3_grad_crit,wpd_w1,n_worsened,18,18,0.0,PASS
f3_grad_crit,wpd_w1,n_tied,0,0,0.0,PASS
f3_grad_crit,wpd_w1,n_valid,168,168,0.0,PASS
f3_grad_crit,wpd_bias_abs,cnn_mean,35.343902938857745,35.343902938857745,0.0,PASS
f3_grad_crit,wpd_bias_abs,candidate_mean,28.3295402046012,28.32954020460119,1.0658141036401503e-14,PASS
f3_grad_crit,wpd_bias_abs,mean_raw_delta,-7.014362734256542,-7.014362734256546,4.440892098500626e-15,PASS
f3_grad_crit,wpd_bias_abs,mean_improvement_delta,7.014362734256542,7.014362734256546,4.440892098500626e-15,PASS
f3_grad_crit,wpd_bias_abs,median_improvement_delta,5.925882613529902,5.925882613529902,0.0,PASS
f3_grad_crit,wpd_bias_abs,n_improved,133,133,0.0,PASS
f3_grad_crit,wpd_bias_abs,n_worsened,35,35,0.0,PASS
f3_grad_crit,wpd_bias_abs,n_tied,0,0,0.0,PASS
f3_grad_crit,wpd_bias_abs,n_valid,168,168,0.0,PASS
f3_grad_crit,grad_mae,cnn_mean,0.3490557204526641,0.3490557204526642,1.1102230246251565e-16,PASS
f3_grad_crit,grad_mae,candidate_mean,0.30870469608646645,0.3087046960864662,2.220446049250313e-16,PASS
f3_grad_crit,grad_mae,mean_raw_delta,-0.040351024366197696,-0.040351024366197696,0.0,PASS
f3_grad_crit,grad_mae,mean_improvement_delta,0.040351024366197696,0.040351024366197696,0.0,PASS
f3_grad_crit,grad_mae,median_improvement_delta,0.04111520273680089,0.04111520273680089,0.0,PASS
f3_grad_crit,grad_mae,n_improved,168,168,0.0,PASS
f3_grad_crit,grad_mae,n_worsened,0,0,0.0,PASS
f3_grad_crit,grad_mae,n_tied,0,0,0.0,PASS
f3_grad_crit,grad_mae,n_valid,168,168,0.0,PASS
f3_grad_crit,grad_w1,cnn_mean,0.23294292018237558,0.23294292018237575,1.6653345369377348e-16,PASS
f3_grad_crit,grad_w1,candidate_mean,0.17549853654913208,0.17549853654913208,0.0,PASS
f3_grad_crit,grad_w1,mean_raw_delta,-0.05744438363324351,-0.05744438363324348,2.7755575615628914e-17,PASS
f3_grad_crit,grad_w1,mean_improvement_delta,0.05744438363324351,0.05744438363324348,2.7755575615628914e-17,PASS
f3_grad_crit,grad_w1,median_improvement_delta,0.06525496324167819,0.06525496324167819,0.0,PASS
f3_grad_crit,grad_w1,n_improved,154,154,0.0,PASS
f3_grad_crit,grad_w1,n_worsened,14,14,0.0,PASS
f3_grad_crit,grad_w1,n_tied,0,0,0.0,PASS
f3_grad_crit,grad_w1,n_valid,168,168,0.0,PASS
f3_grad_crit,grad_kurtosis_abs_delta,cnn_mean,3.7003760441443694,3.70037604414437,4.440892098500626e-16,PASS
f3_grad_crit,grad_kurtosis_abs_delta,candidate_mean,2.5255854243148987,2.525585424314899,4.440892098500626e-16,PASS
f3_grad_crit,grad_kurtosis_abs_delta,mean_raw_delta,-1.1747906198294704,-1.1747906198294704,0.0,PASS
f3_grad_crit,grad_kurtosis_abs_delta,mean_improvement_delta,1.1747906198294704,1.1747906198294704,0.0,PASS
f3_grad_crit,grad_kurtosis_abs_delta,median_improvement_delta,0.48690679909472934,0.48690679909472934,0.0,PASS
f3_grad_crit,grad_kurtosis_abs_delta,n_improved,103,103,0.0,PASS
f3_grad_crit,grad_kurtosis_abs_delta,n_worsened,65,65,0.0,PASS
f3_grad_crit,grad_kurtosis_abs_delta,n_tied,0,0,0.0,PASS
f3_grad_crit,grad_kurtosis_abs_delta,n_valid,168,168,0.0,PASS
f3_grad_crit,psd_log_l2,cnn_mean,0.8335247431666106,0.833524743166611,3.3306690738754696e-16,PASS
f3_grad_crit,psd_log_l2,candidate_mean,0.9028608380619149,0.9028608380619149,0.0,PASS
f3_grad_crit,psd_log_l2,mean_raw_delta,0.06933609489530437,0.06933609489530441,4.163336342344337e-17,PASS
f3_grad_crit,psd_log_l2,mean_improvement_delta,-0.06933609489530437,-0.06933609489530441,4.163336342344337e-17,PASS
f3_grad_crit,psd_log_l2,median_improvement_delta,-0.043202100286212186,-0.043202100286212186,0.0,PASS
f3_grad_crit,psd_log_l2,n_improved,35,35,0.0,PASS
f3_grad_crit,psd_log_l2,n_worsened,133,133,0.0,PASS
f3_grad_crit,psd_log_l2,n_tied,0,0,0.0,PASS
f3_grad_crit,psd_log_l2,n_valid,168,168,0.0,PASS
f3_grad_crit,psd_slope_abs_delta,cnn_mean,0.9150108562505738,0.9150108562505733,4.440892098500626e-16,PASS
f3_grad_crit,psd_slope_abs_delta,candidate_mean,1.6221370882671495,1.6221370882671498,2.220446049250313e-16,PASS
f3_grad_crit,psd_slope_abs_delta,mean_raw_delta,0.7071262320165758,0.7071262320165755,2.220446049250313e-16,PASS
f3_grad_crit,psd_slope_abs_delta,mean_improvement_delta,-0.7071262320165758,-0.7071262320165755,2.220446049250313e-16,PASS
f3_grad_crit,psd_slope_abs_delta,median_improvement_delta,-0.6914847842203383,-0.6914847842203383,0.0,PASS
f3_grad_crit,psd_slope_abs_delta,n_improved,0,0,0.0,PASS
f3_grad_crit,psd_slope_abs_delta,n_worsened,168,168,0.0,PASS
f3_grad_crit,psd_slope_abs_delta,n_tied,0,0,0.0,PASS
f3_grad_crit,psd_slope_abs_delta,n_valid,168,168,0.0,PASS
f3_grad_crit,exceed_abs_t5,cnn_mean,0.004242333333333336,0.004242333333333336,0.0,PASS
f3_grad_crit,exceed_abs_t5,candidate_mean,0.006268999999999999,0.0062689999999999985,8.673617379884035e-19,PASS
f3_grad_crit,exceed_abs_t5,mean_raw_delta,0.0020266666666666636,0.0020266666666666636,0.0,PASS
f3_grad_crit,exceed_abs_t5,mean_improvement_delta,-0.0020266666666666636,-0.0020266666666666636,0.0,PASS
f3_grad_crit,exceed_abs_t5,median_improvement_delta,-0.0015940000000000398,-0.0015940000000000398,0.0,PASS
f3_grad_crit,exceed_abs_t5,n_improved,38,38,0.0,PASS
f3_grad_crit,exceed_abs_t5,n_worsened,130,130,0.0,PASS
f3_grad_crit,exceed_abs_t5,n_tied,0,0,0.0,PASS
f3_grad_crit,exceed_abs_t5,n_valid,168,168,0.0,PASS
f3_grad_crit,exceed_abs_t10,cnn_mean,0.006580809523809519,0.006580809523809515,4.336808689942018e-18,PASS
f3_grad_crit,exceed_abs_t10,candidate_mean,0.0086315,0.008631500000000004,3.469446951953614e-18,PASS
f3_grad_crit,exceed_abs_t10,mean_raw_delta,0.0020506904761904803,0.0020506904761904803,0.0,PASS
f3_grad_crit,exceed_abs_t10,mean_improvement_delta,-0.0020506904761904803,-0.0020506904761904803,0.0,PASS
f3_grad_crit,exceed_abs_t10,median_improvement_delta,-0.0009420000000000261,-0.0009420000000000261,0.0,PASS
f3_grad_crit,exceed_abs_t10,n_improved,77,77,0.0,PASS
f3_grad_crit,exceed_abs_t10,n_worsened,91,91,0.0,PASS
f3_grad_crit,exceed_abs_t10,n_tied,0,0,0.0,PASS
f3_grad_crit,exceed_abs_t10,n_valid,168,168,0.0,PASS
f3_grad_crit,exceed_abs_t15,cnn_mean,0.0062105,0.0062104999999999955,4.336808689942018e-18,PASS
f3_grad_crit,exceed_abs_t15,candidate_mean,0.0032577619047619044,0.0032577619047619057,1.3010426069826053e-18,PASS
f3_grad_crit,exceed_abs_t15,mean_raw_delta,-0.002952738095238095,-0.002952738095238095,0.0,PASS
f3_grad_crit,exceed_abs_t15,mean_improvement_delta,0.002952738095238095,0.002952738095238095,0.0,PASS
f3_grad_crit,exceed_abs_t15,median_improvement_delta,0.0015300000000000036,0.0015300000000000036,0.0,PASS
f3_grad_crit,exceed_abs_t15,n_improved,130,130,0.0,PASS
f3_grad_crit,exceed_abs_t15,n_worsened,38,38,0.0,PASS
f3_grad_crit,exceed_abs_t15,n_tied,0,0,0.0,PASS
f3_grad_crit,exceed_abs_t15,n_valid,168,168,0.0,PASS
f3_grad_crit,exceed_abs_p90,cnn_mean,0.010253619047619053,0.010253619047619051,1.734723475976807e-18,PASS
f3_grad_crit,exceed_abs_p90,candidate_mean,0.004575738095238093,0.004575738095238095,2.6020852139652106e-18,PASS
f3_grad_crit,exceed_abs_p90,mean_raw_delta,-0.00567788095238096,-0.005677880952380961,8.673617379884035e-19,PASS
f3_grad_crit,exceed_abs_p90,mean_improvement_delta,0.00567788095238096,0.005677880952380961,8.673617379884035e-19,PASS
f3_grad_crit,exceed_abs_p90,median_improvement_delta,0.0037800000000000056,0.0037800000000000056,0.0,PASS
f3_grad_crit,exceed_abs_p90,n_improved,135,135,0.0,PASS
f3_grad_crit,exceed_abs_p90,n_worsened,33,33,0.0,PASS
f3_grad_crit,exceed_abs_p90,n_tied,0,0,0.0,PASS
f3_grad_crit,exceed_abs_p90,n_valid,168,168,0.0,PASS
f3_grad_crit,comp_curve_l1,cnn_mean,115.52777777777779,115.52777777777774,4.263256414560601e-14,PASS
f3_grad_crit,comp_curve_l1,candidate_mean,96.75099206349206,96.75099206349202,4.263256414560601e-14,PASS
f3_grad_crit,comp_curve_l1,mean_raw_delta,-18.776785714285715,-18.776785714285715,0.0,PASS
f3_grad_crit,comp_curve_l1,mean_improvement_delta,18.776785714285715,18.776785714285715,0.0,PASS
f3_grad_crit,comp_curve_l1,median_improvement_delta,21.833333333333343,21.833333333333343,0.0,PASS
f3_grad_crit,comp_curve_l1,n_improved,150,150,0.0,PASS
f3_grad_crit,comp_curve_l1,n_worsened,18,18,0.0,PASS
f3_grad_crit,comp_curve_l1,n_tied,0,0,0.0,PASS
f3_grad_crit,comp_curve_l1,n_valid,168,168,0.0,PASS
f3_grad_crit,comp_abs_t5,cnn_mean,64.38095238095238,64.38095238095238,0.0,PASS
f3_grad_crit,comp_abs_t5,candidate_mean,57.17261904761905,57.17261904761905,0.0,PASS
f3_grad_crit,comp_abs_t5,mean_raw_delta,-7.208333333333333,-7.208333333333333,0.0,PASS
f3_grad_crit,comp_abs_t5,mean_improvement_delta,7.208333333333333,7.208333333333333,0.0,PASS
f3_grad_crit,comp_abs_t5,median_improvement_delta,4.0,4.0,0.0,PASS
f3_grad_crit,comp_abs_t5,n_improved,121,121,0.0,PASS
f3_grad_crit,comp_abs_t5,n_worsened,41,41,0.0,PASS
f3_grad_crit,comp_abs_t5,n_tied,6,6,0.0,PASS
f3_grad_crit,comp_abs_t5,n_valid,168,168,0.0,PASS
f3_grad_crit,comp_abs_t10,cnn_mean,187.16666666666666,187.16666666666666,0.0,PASS
f3_grad_crit,comp_abs_t10,candidate_mean,179.16666666666666,179.16666666666666,0.0,PASS
f3_grad_crit,comp_abs_t10,mean_raw_delta,-8.0,-8.0,0.0,PASS
f3_grad_crit,comp_abs_t10,mean_improvement_delta,8.0,8.0,0.0,PASS
f3_grad_crit,comp_abs_t10,median_improvement_delta,6.5,6.5,0.0,PASS
f3_grad_crit,comp_abs_t10,n_improved,102,102,0.0,PASS
f3_grad_crit,comp_abs_t10,n_worsened,66,66,0.0,PASS
f3_grad_crit,comp_abs_t10,n_tied,0,0,0.0,PASS
f3_grad_crit,comp_abs_t10,n_valid,168,168,0.0,PASS
f3_grad_crit,comp_abs_t15,cnn_mean,116.80952380952381,116.80952380952381,0.0,PASS
f3_grad_crit,comp_abs_t15,candidate_mean,86.14285714285714,86.14285714285714,0.0,PASS
f3_grad_crit,comp_abs_t15,mean_raw_delta,-30.666666666666668,-30.666666666666668,0.0,PASS
f3_grad_crit,comp_abs_t15,mean_improvement_delta,30.666666666666668,30.666666666666668,0.0,PASS
f3_grad_crit,comp_abs_t15,median_improvement_delta,28.5,28.5,0.0,PASS
f3_grad_crit,comp_abs_t15,n_improved,143,143,0.0,PASS
f3_grad_crit,comp_abs_t15,n_worsened,23,23,0.0,PASS
f3_grad_crit,comp_abs_t15,n_tied,2,2,0.0,PASS
f3_grad_crit,comp_abs_t15,n_valid,168,168,0.0,PASS
f3_grad_crit,pd_distance,cnn_mean,27.406283078086062,27.406283078086055,7.105427357601002e-15,PASS
f3_grad_crit,pd_distance,candidate_mean,22.017884447329436,22.01788444732943,7.105427357601002e-15,PASS
f3_grad_crit,pd_distance,mean_raw_delta,-5.388398630756623,-5.388398630756623,0.0,PASS
f3_grad_crit,pd_distance,mean_improvement_delta,5.388398630756623,5.388398630756623,0.0,PASS
f3_grad_crit,pd_distance,median_improvement_delta,5.661531336349517,5.661531336349517,0.0,PASS
f3_grad_crit,pd_distance,n_improved,168,168,0.0,PASS
f3_grad_crit,pd_distance,n_worsened,0,0,0.0,PASS
f3_grad_crit,pd_distance,n_tied,0,0,0.0,PASS
f3_grad_crit,pd_distance,n_valid,168,168,0.0,PASS
f3_grad_crit,mt_distance,cnn_mean,5.867795200574966,5.867795200574966,0.0,PASS
f3_grad_crit,mt_distance,candidate_mean,5.984007384095873,5.984007384095873,0.0,PASS
f3_grad_crit,mt_distance,mean_raw_delta,0.11621218352090745,0.11621218352090745,0.0,PASS
f3_grad_crit,mt_distance,mean_improvement_delta,-0.11621218352090745,-0.11621218352090745,0.0,PASS
f3_grad_crit,mt_distance,median_improvement_delta,-0.22591423988342285,-0.22591423988342285,0.0,PASS
f3_grad_crit,mt_distance,n_improved,61,61,0.0,PASS
f3_grad_crit,mt_distance,n_worsened,107,107,0.0,PASS
f3_grad_crit,mt_distance,n_tied,0,0,0.0,PASS
f3_grad_crit,mt_distance,n_valid,168,168,0.0,PASS
gan,psnruv,cnn_mean,31.192500433861134,31.192500433861134,0.0,PASS
gan,psnruv,candidate_mean,29.137980689020093,29.137980689020115,2.1316282072803006e-14,PASS
gan,psnruv,mean_raw_delta,-2.0545197448410435,-2.0545197448410426,8.881784197001252e-16,PASS
gan,psnruv,mean_improvement_delta,-2.0545197448410435,-2.0545197448410426,8.881784197001252e-16,PASS
gan,psnruv,median_improvement_delta,-2.0738365705928032,-2.0738365705928032,0.0,PASS
gan,psnruv,n_improved,0,0,0.0,PASS
gan,psnruv,n_worsened,168,168,0.0,PASS
gan,psnruv,n_tied,0,0,0.0,PASS
gan,psnruv,n_valid,168,168,0.0,PASS
gan,ssim_speed,cnn_mean,,,,PASS
gan,ssim_speed,candidate_mean,,,,PASS
gan,ssim_speed,mean_raw_delta,,,,PASS
gan,ssim_speed,mean_improvement_delta,,,,PASS
gan,ssim_speed,median_improvement_delta,,,,PASS
gan,ssim_speed,n_improved,,,,PASS
gan,ssim_speed,n_worsened,,,,PASS
gan,ssim_speed,n_tied,,,,PASS
gan,ssim_speed,n_valid,0,0,0.0,PASS
gan,speed_mae,cnn_mean,0.6940701629397319,0.6940701629397316,3.3306690738754696e-16,PASS
gan,speed_mae,candidate_mean,0.9025943703961116,0.9025943703961109,6.661338147750939e-16,PASS
gan,speed_mae,mean_raw_delta,0.20852420745637978,0.20852420745637973,5.551115123125783e-17,PASS
gan,speed_mae,mean_improvement_delta,-0.20852420745637978,-0.20852420745637973,5.551115123125783e-17,PASS
gan,speed_mae,median_improvement_delta,-0.21137545571503047,-0.21137545571503047,0.0,PASS
gan,speed_mae,n_improved,0,0,0.0,PASS
gan,speed_mae,n_worsened,168,168,0.0,PASS
gan,speed_mae,n_tied,0,0,0.0,PASS
gan,speed_mae,n_valid,168,168,0.0,PASS
gan,speed_rmse,cnn_mean,1.1077586003651096,1.1077586003651088,8.881784197001252e-16,PASS
gan,speed_rmse,candidate_mean,1.3774876431640928,1.3774876431640923,4.440892098500626e-16,PASS
gan,speed_rmse,mean_raw_delta,0.269729042798983,0.2697290427989832,1.6653345369377348e-16,PASS
gan,speed_rmse,mean_improvement_delta,-0.269729042798983,-0.2697290427989832,1.6653345369377348e-16,PASS
gan,speed_rmse,median_improvement_delta,-0.2747472905313052,-0.2747472905313052,0.0,PASS
gan,speed_rmse,n_improved,0,0,0.0,PASS
gan,speed_rmse,n_worsened,168,168,0.0,PASS
gan,speed_rmse,n_tied,0,0,0.0,PASS
gan,speed_rmse,n_valid,168,168,0.0,PASS
gan,wpd_mae,cnn_mean,231.67091095165674,231.67091095165674,0.0,PASS
gan,wpd_mae,candidate_mean,310.732777807134,310.732777807134,0.0,PASS
gan,wpd_mae,mean_raw_delta,79.06186685547729,79.06186685547732,2.842170943040401e-14,PASS
gan,wpd_mae,mean_improvement_delta,-79.06186685547729,-79.06186685547732,2.842170943040401e-14,PASS
gan,wpd_mae,median_improvement_delta,-79.01559648382005,-79.01559648382005,0.0,PASS
gan,wpd_mae,n_improved,0,0,0.0,PASS
gan,wpd_mae,n_worsened,168,168,0.0,PASS
gan,wpd_mae,n_tied,0,0,0.0,PASS
gan,wpd_mae,n_valid,168,168,0.0,PASS
gan,wpd_w1,cnn_mean,45.27127092112853,45.271270921128526,7.105427357601002e-15,PASS
gan,wpd_w1,candidate_mean,85.61912548348971,85.61912548348968,2.842170943040401e-14,PASS
gan,wpd_w1,mean_raw_delta,40.347854562361185,40.34785456236118,7.105427357601002e-15,PASS
gan,wpd_w1,mean_improvement_delta,-40.347854562361185,-40.34785456236118,7.105427357601002e-15,PASS
gan,wpd_w1,median_improvement_delta,-23.410428307242015,-23.410428307242015,0.0,PASS
gan,wpd_w1,n_improved,49,49,0.0,PASS
gan,wpd_w1,n_worsened,119,119,0.0,PASS
gan,wpd_w1,n_tied,0,0,0.0,PASS
gan,wpd_w1,n_valid,168,168,0.0,PASS
gan,wpd_bias_abs,cnn_mean,35.343902938857745,35.343902938857745,0.0,PASS
gan,wpd_bias_abs,candidate_mean,78.72364020264483,78.7236402026448,2.842170943040401e-14,PASS
gan,wpd_bias_abs,mean_raw_delta,43.37973726378709,43.379737263787085,7.105427357601002e-15,PASS
gan,wpd_bias_abs,mean_improvement_delta,-43.37973726378709,-43.379737263787085,7.105427357601002e-15,PASS
gan,wpd_bias_abs,median_improvement_delta,-25.168495853641453,-25.168495853641453,0.0,PASS
gan,wpd_bias_abs,n_improved,53,53,0.0,PASS
gan,wpd_bias_abs,n_worsened,115,115,0.0,PASS
gan,wpd_bias_abs,n_tied,0,0,0.0,PASS
gan,wpd_bias_abs,n_valid,168,168,0.0,PASS
gan,grad_mae,cnn_mean,0.3490557204526641,0.3490557204526642,1.1102230246251565e-16,PASS
gan,grad_mae,candidate_mean,0.38060764296460575,0.3806076429646057,5.551115123125783e-17,PASS
gan,grad_mae,mean_raw_delta,0.03155192251194161,0.03155192251194162,6.938893903907228e-18,PASS
gan,grad_mae,mean_improvement_delta,-0.03155192251194161,-0.03155192251194162,6.938893903907228e-18,PASS
gan,grad_mae,median_improvement_delta,-0.030978193666867798,-0.030978193666867798,0.0,PASS
gan,grad_mae,n_improved,0,0,0.0,PASS
gan,grad_mae,n_worsened,168,168,0.0,PASS
gan,grad_mae,n_tied,0,0,0.0,PASS
gan,grad_mae,n_valid,168,168,0.0,PASS
gan,grad_w1,cnn_mean,0.23294292018237558,0.23294292018237575,1.6653345369377348e-16,PASS
gan,grad_w1,candidate_mean,0.05644121261272426,0.056441212612724244,1.3877787807814457e-17,PASS
gan,grad_w1,mean_raw_delta,-0.17650170756965133,-0.17650170756965142,8.326672684688674e-17,PASS
gan,grad_w1,mean_improvement_delta,0.17650170756965133,0.17650170756965142,8.326672684688674e-17,PASS
gan,grad_w1,median_improvement_delta,0.1839498062082908,0.1839498062082908,0.0,PASS
gan,grad_w1,n_improved,167,167,0.0,PASS
gan,grad_w1,n_worsened,1,1,0.0,PASS
gan,grad_w1,n_tied,0,0,0.0,PASS
gan,grad_w1,n_valid,168,168,0.0,PASS
gan,grad_kurtosis_abs_delta,cnn_mean,3.7003760441443694,3.70037604414437,4.440892098500626e-16,PASS
gan,grad_kurtosis_abs_delta,candidate_mean,4.2010163062727415,4.201016306272741,8.881784197001252e-16,PASS
gan,grad_kurtosis_abs_delta,mean_raw_delta,0.5006402621283728,0.5006402621283729,1.1102230246251565e-16,PASS
gan,grad_kurtosis_abs_delta,mean_improvement_delta,-0.5006402621283728,-0.5006402621283729,1.1102230246251565e-16,PASS
gan,grad_kurtosis_abs_delta,median_improvement_delta,-0.5067694766210389,-0.5067694766210389,0.0,PASS
gan,grad_kurtosis_abs_delta,n_improved,72,72,0.0,PASS
gan,grad_kurtosis_abs_delta,n_worsened,96,96,0.0,PASS
gan,grad_kurtosis_abs_delta,n_tied,0,0,0.0,PASS
gan,grad_kurtosis_abs_delta,n_valid,168,168,0.0,PASS
gan,psd_log_l2,cnn_mean,0.8335247431666106,0.833524743166611,3.3306690738754696e-16,PASS
gan,psd_log_l2,candidate_mean,0.5138878375747625,0.5138878375747623,2.220446049250313e-16,PASS
gan,psd_log_l2,mean_raw_delta,-0.31963690559184815,-0.31963690559184826,1.1102230246251565e-16,PASS
gan,psd_log_l2,mean_improvement_delta,0.31963690559184815,0.31963690559184826,1.1102230246251565e-16,PASS
gan,psd_log_l2,median_improvement_delta,0.39580385168866516,0.39580385168866516,0.0,PASS
gan,psd_log_l2,n_improved,143,143,0.0,PASS
gan,psd_log_l2,n_worsened,25,25,0.0,PASS
gan,psd_log_l2,n_tied,0,0,0.0,PASS
gan,psd_log_l2,n_valid,168,168,0.0,PASS
gan,psd_slope_abs_delta,cnn_mean,0.9150108562505738,0.9150108562505733,4.440892098500626e-16,PASS
gan,psd_slope_abs_delta,candidate_mean,0.9481880822688981,0.9481880822688981,0.0,PASS
gan,psd_slope_abs_delta,mean_raw_delta,0.033177226018324193,0.033177226018324166,2.7755575615628914e-17,PASS
gan,psd_slope_abs_delta,mean_improvement_delta,-0.033177226018324193,-0.033177226018324166,2.7755575615628914e-17,PASS
gan,psd_slope_abs_delta,median_improvement_delta,0.0430805862395201,0.0430805862395201,0.0,PASS
gan,psd_slope_abs_delta,n_improved,91,91,0.0,PASS
gan,psd_slope_abs_delta,n_worsened,77,77,0.0,PASS
gan,psd_slope_abs_delta,n_tied,0,0,0.0,PASS
gan,psd_slope_abs_delta,n_valid,168,168,0.0,PASS
gan,exceed_abs_t5,cnn_mean,0.004242333333333336,0.004242333333333336,0.0,PASS
gan,exceed_abs_t5,candidate_mean,0.008154000000000003,0.008154000000000008,5.204170427930421e-18,PASS
gan,exceed_abs_t5,mean_raw_delta,0.003911666666666667,0.0039116666666666675,8.673617379884035e-19,PASS
gan,exceed_abs_t5,mean_improvement_delta,-0.003911666666666667,-0.0039116666666666675,8.673617379884035e-19,PASS
gan,exceed_abs_t5,median_improvement_delta,-0.0033360000000000056,-0.0033360000000000056,0.0,PASS
gan,exceed_abs_t5,n_improved,56,56,0.0,PASS
gan,exceed_abs_t5,n_worsened,112,112,0.0,PASS
gan,exceed_abs_t5,n_tied,0,0,0.0,PASS
gan,exceed_abs_t5,n_valid,168,168,0.0,PASS
gan,exceed_abs_t10,cnn_mean,0.006580809523809519,0.006580809523809515,4.336808689942018e-18,PASS
gan,exceed_abs_t10,candidate_mean,0.024296452380952377,0.02429645238095237,6.938893903907228e-18,PASS
gan,exceed_abs_t10,mean_raw_delta,0.017715642857142857,0.01771564285714286,3.469446951953614e-18,PASS
gan,exceed_abs_t10,mean_improvement_delta,-0.017715642857142857,-0.01771564285714286,3.469446951953614e-18,PASS
gan,exceed_abs_t10,median_improvement_delta,-0.014337999999999962,-0.014337999999999962,0.0,PASS
gan,exceed_abs_t10,n_improved,26,26,0.0,PASS
gan,exceed_abs_t10,n_worsened,142,142,0.0,PASS
gan,exceed_abs_t10,n_tied,0,0,0.0,PASS
gan,exceed_abs_t10,n_valid,168,168,0.0,PASS
gan,exceed_abs_t15,cnn_mean,0.0062105,0.0062104999999999955,4.336808689942018e-18,PASS
gan,exceed_abs_t15,candidate_mean,0.009597547619047617,0.009597547619047617,0.0,PASS
gan,exceed_abs_t15,mean_raw_delta,0.003387047619047618,0.0033870476190476194,1.3010426069826053e-18,PASS
gan,exceed_abs_t15,mean_improvement_delta,-0.003387047619047618,-0.0033870476190476194,1.3010426069826053e-18,PASS
gan,exceed_abs_t15,median_improvement_delta,-0.00086,-0.00086,0.0,PASS
gan,exceed_abs_t15,n_improved,67,67,0.0,PASS
gan,exceed_abs_t15,n_worsened,101,101,0.0,PASS
gan,exceed_abs_t15,n_tied,0,0,0.0,PASS
gan,exceed_abs_t15,n_valid,168,168,0.0,PASS
gan,exceed_abs_p90,cnn_mean,0.010253619047619053,0.010253619047619051,1.734723475976807e-18,PASS
gan,exceed_abs_p90,candidate_mean,0.012345999999999998,0.012346,1.734723475976807e-18,PASS
gan,exceed_abs_p90,mean_raw_delta,0.0020923809523809445,0.002092380952380945,4.336808689942018e-19,PASS
gan,exceed_abs_p90,mean_improvement_delta,-0.0020923809523809445,-0.002092380952380945,4.336808689942018e-19,PASS
gan,exceed_abs_p90,median_improvement_delta,-0.0019780000000000006,-0.0019780000000000006,0.0,PASS
gan,exceed_abs_p90,n_improved,64,64,0.0,PASS
gan,exceed_abs_p90,n_worsened,104,104,0.0,PASS
gan,exceed_abs_p90,n_tied,0,0,0.0,PASS
gan,exceed_abs_p90,n_valid,168,168,0.0,PASS
gan,comp_curve_l1,cnn_mean,115.52777777777779,115.52777777777774,4.263256414560601e-14,PASS
gan,comp_curve_l1,candidate_mean,124.65674603174602,124.65674603174602,0.0,PASS
gan,comp_curve_l1,mean_raw_delta,9.128968253968253,9.128968253968255,1.7763568394002505e-15,PASS
gan,comp_curve_l1,mean_improvement_delta,-9.128968253968253,-9.128968253968255,1.7763568394002505e-15,PASS
gan,comp_curve_l1,median_improvement_delta,-15.583333333333332,-15.583333333333332,0.0,PASS
gan,comp_curve_l1,n_improved,75,75,0.0,PASS
gan,comp_curve_l1,n_worsened,93,93,0.0,PASS
gan,comp_curve_l1,n_tied,0,0,0.0,PASS
gan,comp_curve_l1,n_valid,168,168,0.0,PASS
gan,comp_abs_t5,cnn_mean,64.38095238095238,64.38095238095238,0.0,PASS
gan,comp_abs_t5,candidate_mean,23.81547619047619,23.81547619047619,0.0,PASS
gan,comp_abs_t5,mean_raw_delta,-40.56547619047619,-40.56547619047619,0.0,PASS
gan,comp_abs_t5,mean_improvement_delta,40.56547619047619,40.56547619047619,0.0,PASS
gan,comp_abs_t5,median_improvement_delta,26.0,26.0,0.0,PASS
gan,comp_abs_t5,n_improved,135,135,0.0,PASS
gan,comp_abs_t5,n_worsened,32,32,0.0,PASS
gan,comp_abs_t5,n_tied,1,1,0.0,PASS
gan,comp_abs_t5,n_valid,168,168,0.0,PASS
gan,comp_abs_t10,cnn_mean,187.16666666666666,187.16666666666666,0.0,PASS
gan,comp_abs_t10,candidate_mean,72.89285714285714,72.89285714285714,0.0,PASS
gan,comp_abs_t10,mean_raw_delta,-114.27380952380952,-114.27380952380952,0.0,PASS
gan,comp_abs_t10,mean_improvement_delta,114.27380952380952,114.27380952380952,0.0,PASS
gan,comp_abs_t10,median_improvement_delta,119.5,119.5,0.0,PASS
gan,comp_abs_t10,n_improved,150,150,0.0,PASS
gan,comp_abs_t10,n_worsened,17,17,0.0,PASS
gan,comp_abs_t10,n_tied,1,1,0.0,PASS
gan,comp_abs_t10,n_valid,168,168,0.0,PASS
gan,comp_abs_t15,cnn_mean,116.80952380952381,116.80952380952381,0.0,PASS
gan,comp_abs_t15,candidate_mean,149.91071428571428,149.91071428571428,0.0,PASS
gan,comp_abs_t15,mean_raw_delta,33.101190476190474,33.101190476190474,0.0,PASS
gan,comp_abs_t15,mean_improvement_delta,-33.101190476190474,-33.101190476190474,0.0,PASS
gan,comp_abs_t15,median_improvement_delta,-18.5,-18.5,0.0,PASS
gan,comp_abs_t15,n_improved,68,68,0.0,PASS
gan,comp_abs_t15,n_worsened,99,99,0.0,PASS
gan,comp_abs_t15,n_tied,1,1,0.0,PASS
gan,comp_abs_t15,n_valid,168,168,0.0,PASS
gan,pd_distance,cnn_mean,27.406283078086062,27.406283078086055,7.105427357601002e-15,PASS
gan,pd_distance,candidate_mean,20.864090023128004,20.864090023128004,0.0,PASS
gan,pd_distance,mean_raw_delta,-6.542193054958055,-6.542193054958054,8.881784197001252e-16,PASS
gan,pd_distance,mean_improvement_delta,6.542193054958055,6.542193054958054,8.881784197001252e-16,PASS
gan,pd_distance,median_improvement_delta,6.757109770388814,6.757109770388814,0.0,PASS
gan,pd_distance,n_improved,166,166,0.0,PASS
gan,pd_distance,n_worsened,2,2,0.0,PASS
gan,pd_distance,n_tied,0,0,0.0,PASS
gan,pd_distance,n_valid,168,168,0.0,PASS
gan,mt_distance,cnn_mean,5.867795200574966,5.867795200574966,0.0,PASS
gan,mt_distance,candidate_mean,8.348149540878477,8.348149540878477,0.0,PASS
gan,mt_distance,mean_raw_delta,2.4803543403035118,2.4803543403035118,0.0,PASS
gan,mt_distance,mean_improvement_delta,-2.4803543403035118,-2.4803543403035118,0.0,PASS
gan,mt_distance,median_improvement_delta,-1.913480281829834,-1.913480281829834,0.0,PASS
gan,mt_distance,n_improved,20,20,0.0,PASS
gan,mt_distance,n_worsened,148,148,0.0,PASS
gan,mt_distance,n_tied,0,0,0.0,PASS
gan,mt_distance,n_valid,168,168,0.0,PASS
grad_levelset,psnruv,cnn_mean,31.192500433861134,31.192500433861134,0.0,PASS
grad_levelset,psnruv,candidate_mean,33.463386286987415,33.463386286987415,0.0,PASS
grad_levelset,psnruv,mean_raw_delta,2.2708858531262783,2.2708858531262774,8.881784197001252e-16,PASS
grad_levelset,psnruv,mean_improvement_delta,2.2708858531262783,2.2708858531262774,8.881784197001252e-16,PASS
grad_levelset,psnruv,median_improvement_delta,2.3038956407907367,2.3038956407907367,0.0,PASS
grad_levelset,psnruv,n_improved,168,168,0.0,PASS
grad_levelset,psnruv,n_worsened,0,0,0.0,PASS
grad_levelset,psnruv,n_tied,0,0,0.0,PASS
grad_levelset,psnruv,n_valid,168,168,0.0,PASS
grad_levelset,ssim_speed,cnn_mean,,,,PASS
grad_levelset,ssim_speed,candidate_mean,,,,PASS
grad_levelset,ssim_speed,mean_raw_delta,,,,PASS
grad_levelset,ssim_speed,mean_improvement_delta,,,,PASS
grad_levelset,ssim_speed,median_improvement_delta,,,,PASS
grad_levelset,ssim_speed,n_improved,,,,PASS
grad_levelset,ssim_speed,n_worsened,,,,PASS
grad_levelset,ssim_speed,n_tied,,,,PASS
grad_levelset,ssim_speed,n_valid,0,0,0.0,PASS
grad_levelset,speed_mae,cnn_mean,0.6940701629397319,0.6940701629397316,3.3306690738754696e-16,PASS
grad_levelset,speed_mae,candidate_mean,0.5185479052709763,0.518547905270976,2.220446049250313e-16,PASS
grad_levelset,speed_mae,mean_raw_delta,-0.17552225766875554,-0.17552225766875557,2.7755575615628914e-17,PASS
grad_levelset,speed_mae,mean_improvement_delta,0.17552225766875554,0.17552225766875557,2.7755575615628914e-17,PASS
grad_levelset,speed_mae,median_improvement_delta,0.17249596744358695,0.17249596744358695,0.0,PASS
grad_levelset,speed_mae,n_improved,168,168,0.0,PASS
grad_levelset,speed_mae,n_worsened,0,0,0.0,PASS
grad_levelset,speed_mae,n_tied,0,0,0.0,PASS
grad_levelset,speed_mae,n_valid,168,168,0.0,PASS
grad_levelset,speed_rmse,cnn_mean,1.1077586003651096,1.1077586003651088,8.881784197001252e-16,PASS
grad_levelset,speed_rmse,candidate_mean,0.8843569304574563,0.8843569304574569,5.551115123125783e-16,PASS
grad_levelset,speed_rmse,mean_raw_delta,-0.22340166990765326,-0.22340166990765334,8.326672684688674e-17,PASS
grad_levelset,speed_rmse,mean_improvement_delta,0.22340166990765326,0.22340166990765334,8.326672684688674e-17,PASS
grad_levelset,speed_rmse,median_improvement_delta,0.20039516287372017,0.20039516287372017,0.0,PASS
grad_levelset,speed_rmse,n_improved,168,168,0.0,PASS
grad_levelset,speed_rmse,n_worsened,0,0,0.0,PASS
grad_levelset,speed_rmse,n_tied,0,0,0.0,PASS
grad_levelset,speed_rmse,n_valid,168,168,0.0,PASS
grad_levelset,wpd_mae,cnn_mean,231.67091095165674,231.67091095165674,0.0,PASS
grad_levelset,wpd_mae,candidate_mean,166.17505392020385,166.1750539202038,5.684341886080802e-14,PASS
grad_levelset,wpd_mae,mean_raw_delta,-65.49585703145289,-65.49585703145289,0.0,PASS
grad_levelset,wpd_mae,mean_improvement_delta,65.49585703145289,65.49585703145289,0.0,PASS
grad_levelset,wpd_mae,median_improvement_delta,61.37647671589311,61.37647671589311,0.0,PASS
grad_levelset,wpd_mae,n_improved,168,168,0.0,PASS
grad_levelset,wpd_mae,n_worsened,0,0,0.0,PASS
grad_levelset,wpd_mae,n_tied,0,0,0.0,PASS
grad_levelset,wpd_mae,n_valid,168,168,0.0,PASS
grad_levelset,wpd_w1,cnn_mean,45.27127092112853,45.271270921128526,7.105427357601002e-15,PASS
grad_levelset,wpd_w1,candidate_mean,27.967716307319435,27.96771630731942,1.4210854715202004e-14,PASS
grad_levelset,wpd_w1,mean_raw_delta,-17.303554613809098,-17.3035546138091,3.552713678800501e-15,PASS
grad_levelset,wpd_w1,mean_improvement_delta,17.303554613809098,17.3035546138091,3.552713678800501e-15,PASS
grad_levelset,wpd_w1,median_improvement_delta,17.822544156725776,17.822544156725776,0.0,PASS
grad_levelset,wpd_w1,n_improved,128,128,0.0,PASS
grad_levelset,wpd_w1,n_worsened,40,40,0.0,PASS
grad_levelset,wpd_w1,n_tied,0,0,0.0,PASS
grad_levelset,wpd_w1,n_valid,168,168,0.0,PASS
grad_levelset,wpd_bias_abs,cnn_mean,35.343902938857745,35.343902938857745,0.0,PASS
grad_levelset,wpd_bias_abs,candidate_mean,22.304955805957928,22.304955805957924,3.552713678800501e-15,PASS
grad_levelset,wpd_bias_abs,mean_raw_delta,-13.038947132899818,-13.038947132899818,0.0,PASS
grad_levelset,wpd_bias_abs,mean_improvement_delta,13.038947132899818,13.038947132899818,0.0,PASS
grad_levelset,wpd_bias_abs,median_improvement_delta,16.816556021991854,16.816556021991854,0.0,PASS
grad_levelset,wpd_bias_abs,n_improved,114,114,0.0,PASS
grad_levelset,wpd_bias_abs,n_worsened,54,54,0.0,PASS
grad_levelset,wpd_bias_abs,n_tied,0,0,0.0,PASS
grad_levelset,wpd_bias_abs,n_valid,168,168,0.0,PASS
grad_levelset,grad_mae,cnn_mean,0.3490557204526641,0.3490557204526642,1.1102230246251565e-16,PASS
grad_levelset,grad_mae,candidate_mean,0.3115995487367239,0.3115995487367239,0.0,PASS
grad_levelset,grad_mae,mean_raw_delta,-0.037456171715940186,-0.03745617171594017,1.3877787807814457e-17,PASS
grad_levelset,grad_mae,mean_improvement_delta,0.037456171715940186,0.03745617171594017,1.3877787807814457e-17,PASS
grad_levelset,grad_mae,median_improvement_delta,0.03826297277239063,0.03826297277239063,0.0,PASS
grad_levelset,grad_mae,n_improved,168,168,0.0,PASS
grad_levelset,grad_mae,n_worsened,0,0,0.0,PASS
grad_levelset,grad_mae,n_tied,0,0,0.0,PASS
grad_levelset,grad_mae,n_valid,168,168,0.0,PASS
grad_levelset,grad_w1,cnn_mean,0.23294292018237558,0.23294292018237575,1.6653345369377348e-16,PASS
grad_levelset,grad_w1,candidate_mean,0.19432274703721855,0.19432274703721866,1.1102230246251565e-16,PASS
grad_levelset,grad_w1,mean_raw_delta,-0.038620173145157054,-0.038620173145157075,2.0816681711721685e-17,PASS
grad_levelset,grad_w1,mean_improvement_delta,0.038620173145157054,0.038620173145157075,2.0816681711721685e-17,PASS
grad_levelset,grad_w1,median_improvement_delta,0.04569678567906431,0.04569678567906431,0.0,PASS
grad_levelset,grad_w1,n_improved,150,150,0.0,PASS
grad_levelset,grad_w1,n_worsened,18,18,0.0,PASS
grad_levelset,grad_w1,n_tied,0,0,0.0,PASS
grad_levelset,grad_w1,n_valid,168,168,0.0,PASS
grad_levelset,grad_kurtosis_abs_delta,cnn_mean,3.7003760441443694,3.70037604414437,4.440892098500626e-16,PASS
grad_levelset,grad_kurtosis_abs_delta,candidate_mean,2.8487062035138413,2.84870620351384,1.3322676295501878e-15,PASS
grad_levelset,grad_kurtosis_abs_delta,mean_raw_delta,-0.8516698406305279,-0.8516698406305279,0.0,PASS
grad_levelset,grad_kurtosis_abs_delta,mean_improvement_delta,0.8516698406305279,0.8516698406305279,0.0,PASS
grad_levelset,grad_kurtosis_abs_delta,median_improvement_delta,0.3215205034785633,0.3215205034785633,0.0,PASS
grad_levelset,grad_kurtosis_abs_delta,n_improved,97,97,0.0,PASS
grad_levelset,grad_kurtosis_abs_delta,n_worsened,71,71,0.0,PASS
grad_levelset,grad_kurtosis_abs_delta,n_tied,0,0,0.0,PASS
grad_levelset,grad_kurtosis_abs_delta,n_valid,168,168,0.0,PASS
grad_levelset,psd_log_l2,cnn_mean,0.8335247431666106,0.833524743166611,3.3306690738754696e-16,PASS
grad_levelset,psd_log_l2,candidate_mean,0.9424934429004153,0.9424934429004153,0.0,PASS
grad_levelset,psd_log_l2,mean_raw_delta,0.10896869973380467,0.10896869973380471,4.163336342344337e-17,PASS
grad_levelset,psd_log_l2,mean_improvement_delta,-0.10896869973380467,-0.10896869973380471,4.163336342344337e-17,PASS
grad_levelset,psd_log_l2,median_improvement_delta,-0.06944536627459175,-0.06944536627459175,0.0,PASS
grad_levelset,psd_log_l2,n_improved,10,10,0.0,PASS
grad_levelset,psd_log_l2,n_worsened,158,158,0.0,PASS
grad_levelset,psd_log_l2,n_tied,0,0,0.0,PASS
grad_levelset,psd_log_l2,n_valid,168,168,0.0,PASS
grad_levelset,psd_slope_abs_delta,cnn_mean,0.9150108562505738,0.9150108562505733,4.440892098500626e-16,PASS
grad_levelset,psd_slope_abs_delta,candidate_mean,1.3017876534831534,1.3017876534831536,2.220446049250313e-16,PASS
grad_levelset,psd_slope_abs_delta,mean_raw_delta,0.3867767972325796,0.38677679723257957,5.551115123125783e-17,PASS
grad_levelset,psd_slope_abs_delta,mean_improvement_delta,-0.3867767972325796,-0.38677679723257957,5.551115123125783e-17,PASS
grad_levelset,psd_slope_abs_delta,median_improvement_delta,-0.34298408073209846,-0.34298408073209846,0.0,PASS
grad_levelset,psd_slope_abs_delta,n_improved,0,0,0.0,PASS
grad_levelset,psd_slope_abs_delta,n_worsened,168,168,0.0,PASS
grad_levelset,psd_slope_abs_delta,n_tied,0,0,0.0,PASS
grad_levelset,psd_slope_abs_delta,n_valid,168,168,0.0,PASS
grad_levelset,exceed_abs_t5,cnn_mean,0.004242333333333336,0.004242333333333336,0.0,PASS
grad_levelset,exceed_abs_t5,candidate_mean,0.004163357142857147,0.004163357142857145,1.734723475976807e-18,PASS
grad_levelset,exceed_abs_t5,mean_raw_delta,-7.897619047618983e-05,-7.897619047618983e-05,0.0,PASS
grad_levelset,exceed_abs_t5,mean_improvement_delta,7.897619047618983e-05,7.897619047618983e-05,0.0,PASS
grad_levelset,exceed_abs_t5,median_improvement_delta,0.00019000000000002348,0.00019000000000002348,0.0,PASS
grad_levelset,exceed_abs_t5,n_improved,94,94,0.0,PASS
grad_levelset,exceed_abs_t5,n_worsened,74,74,0.0,PASS
grad_levelset,exceed_abs_t5,n_tied,0,0,0.0,PASS
grad_levelset,exceed_abs_t5,n_valid,168,168,0.0,PASS
grad_levelset,exceed_abs_t10,cnn_mean,0.006580809523809519,0.006580809523809515,4.336808689942018e-18,PASS
grad_levelset,exceed_abs_t10,candidate_mean,0.0040596666666666646,0.004059666666666665,8.673617379884035e-19,PASS
grad_levelset,exceed_abs_t10,mean_raw_delta,-0.0025211428571428546,-0.0025211428571428546,0.0,PASS
grad_levelset,exceed_abs_t10,mean_improvement_delta,0.0025211428571428546,0.0025211428571428546,0.0,PASS
grad_levelset,exceed_abs_t10,median_improvement_delta,0.0020880000000000204,0.0020880000000000204,0.0,PASS
grad_levelset,exceed_abs_t10,n_improved,116,116,0.0,PASS
grad_levelset,exceed_abs_t10,n_worsened,52,52,0.0,PASS
grad_levelset,exceed_abs_t10,n_tied,0,0,0.0,PASS
grad_levelset,exceed_abs_t10,n_valid,168,168,0.0,PASS
grad_levelset,exceed_abs_t15,cnn_mean,0.0062105,0.0062104999999999955,4.336808689942018e-18,PASS
grad_levelset,exceed_abs_t15,candidate_mean,0.0037411904761904774,0.003741190476190478,4.336808689942018e-19,PASS
grad_levelset,exceed_abs_t15,mean_raw_delta,-0.0024693095238095225,-0.002469309523809522,4.336808689942018e-19,PASS
grad_levelset,exceed_abs_t15,mean_improvement_delta,0.0024693095238095225,0.002469309523809522,4.336808689942018e-19,PASS
grad_levelset,exceed_abs_t15,median_improvement_delta,0.0012439999999999997,0.0012439999999999997,0.0,PASS
grad_levelset,exceed_abs_t15,n_improved,117,117,0.0,PASS
grad_levelset,exceed_abs_t15,n_worsened,51,51,0.0,PASS
grad_levelset,exceed_abs_t15,n_tied,0,0,0.0,PASS
grad_levelset,exceed_abs_t15,n_valid,168,168,0.0,PASS
grad_levelset,exceed_abs_p90,cnn_mean,0.010253619047619053,0.010253619047619051,1.734723475976807e-18,PASS
grad_levelset,exceed_abs_p90,candidate_mean,0.005486642857142863,0.005486642857142861,1.734723475976807e-18,PASS
grad_levelset,exceed_abs_p90,mean_raw_delta,-0.00476697619047619,-0.0047669761904761895,8.673617379884035e-19,PASS
grad_levelset,exceed_abs_p90,mean_improvement_delta,0.00476697619047619,0.0047669761904761895,8.673617379884035e-19,PASS
grad_levelset,exceed_abs_p90,median_improvement_delta,0.0038919999999999927,0.0038919999999999927,0.0,PASS
grad_levelset,exceed_abs_p90,n_improved,131,131,0.0,PASS
grad_levelset,exceed_abs_p90,n_worsened,37,37,0.0,PASS
grad_levelset,exceed_abs_p90,n_tied,0,0,0.0,PASS
grad_levelset,exceed_abs_p90,n_valid,168,168,0.0,PASS
grad_levelset,comp_curve_l1,cnn_mean,115.52777777777779,115.52777777777774,4.263256414560601e-14,PASS
grad_levelset,comp_curve_l1,candidate_mean,109.31845238095238,109.31845238095238,0.0,PASS
grad_levelset,comp_curve_l1,mean_raw_delta,-6.209325396825396,-6.209325396825396,0.0,PASS
grad_levelset,comp_curve_l1,mean_improvement_delta,6.209325396825396,6.209325396825396,0.0,PASS
grad_levelset,comp_curve_l1,median_improvement_delta,8.249999999999993,8.249999999999993,0.0,PASS
grad_levelset,comp_curve_l1,n_improved,121,121,0.0,PASS
grad_levelset,comp_curve_l1,n_worsened,46,46,0.0,PASS
grad_levelset,comp_curve_l1,n_tied,1,1,0.0,PASS
grad_levelset,comp_curve_l1,n_valid,168,168,0.0,PASS
grad_levelset,comp_abs_t5,cnn_mean,64.38095238095238,64.38095238095238,0.0,PASS
grad_levelset,comp_abs_t5,candidate_mean,58.595238095238095,58.595238095238095,0.0,PASS
grad_levelset,comp_abs_t5,mean_raw_delta,-5.785714285714286,-5.785714285714286,0.0,PASS
grad_levelset,comp_abs_t5,mean_improvement_delta,5.785714285714286,5.785714285714286,0.0,PASS
grad_levelset,comp_abs_t5,median_improvement_delta,3.0,3.0,0.0,PASS
grad_levelset,comp_abs_t5,n_improved,119,119,0.0,PASS
grad_levelset,comp_abs_t5,n_worsened,35,35,0.0,PASS
grad_levelset,comp_abs_t5,n_tied,14,14,0.0,PASS
grad_levelset,comp_abs_t5,n_valid,168,168,0.0,PASS
grad_levelset,comp_abs_t10,cnn_mean,187.16666666666666,187.16666666666666,0.0,PASS
grad_levelset,comp_abs_t10,candidate_mean,184.80357142857142,184.80357142857142,0.0,PASS
grad_levelset,comp_abs_t10,mean_raw_delta,-2.363095238095238,-2.363095238095238,0.0,PASS
grad_levelset,comp_abs_t10,mean_improvement_delta,2.363095238095238,2.363095238095238,0.0,PASS
grad_levelset,comp_abs_t10,median_improvement_delta,1.5,1.5,0.0,PASS
grad_levelset,comp_abs_t10,n_improved,89,89,0.0,PASS
grad_levelset,comp_abs_t10,n_worsened,76,76,0.0,PASS
grad_levelset,comp_abs_t10,n_tied,3,3,0.0,PASS
grad_levelset,comp_abs_t10,n_valid,168,168,0.0,PASS
grad_levelset,comp_abs_t15,cnn_mean,116.80952380952381,116.80952380952381,0.0,PASS
grad_levelset,comp_abs_t15,candidate_mean,106.68452380952381,106.68452380952381,0.0,PASS
grad_levelset,comp_abs_t15,mean_raw_delta,-10.125,-10.125,0.0,PASS
grad_levelset,comp_abs_t15,mean_improvement_delta,10.125,10.125,0.0,PASS
grad_levelset,comp_abs_t15,median_improvement_delta,10.0,10.0,0.0,PASS
grad_levelset,comp_abs_t15,n_improved,122,122,0.0,PASS
grad_levelset,comp_abs_t15,n_worsened,44,44,0.0,PASS
grad_levelset,comp_abs_t15,n_tied,2,2,0.0,PASS
grad_levelset,comp_abs_t15,n_valid,168,168,0.0,PASS
grad_levelset,pd_distance,cnn_mean,27.406283078086062,27.406283078086055,7.105427357601002e-15,PASS
grad_levelset,pd_distance,candidate_mean,22.61935891216629,22.619358912166298,7.105427357601002e-15,PASS
grad_levelset,pd_distance,mean_raw_delta,-4.78692416591977,-4.786924165919772,1.7763568394002505e-15,PASS
grad_levelset,pd_distance,mean_improvement_delta,4.78692416591977,4.786924165919772,1.7763568394002505e-15,PASS
grad_levelset,pd_distance,median_improvement_delta,5.122358929538494,5.122358929538494,0.0,PASS
grad_levelset,pd_distance,n_improved,164,164,0.0,PASS
grad_levelset,pd_distance,n_worsened,4,4,0.0,PASS
grad_levelset,pd_distance,n_tied,0,0,0.0,PASS
grad_levelset,pd_distance,n_valid,168,168,0.0,PASS
grad_levelset,mt_distance,cnn_mean,5.867795200574966,5.867795200574966,0.0,PASS
grad_levelset,mt_distance,candidate_mean,6.19958542074476,6.19958542074476,0.0,PASS
grad_levelset,mt_distance,mean_raw_delta,0.331790220169794,0.331790220169794,0.0,PASS
grad_levelset,mt_distance,mean_improvement_delta,-0.331790220169794,-0.331790220169794,0.0,PASS
grad_levelset,mt_distance,median_improvement_delta,-0.39609742164611816,-0.39609742164611816,0.0,PASS
grad_levelset,mt_distance,n_improved,41,41,0.0,PASS
grad_levelset,mt_distance,n_worsened,127,127,0.0,PASS
grad_levelset,mt_distance,n_tied,0,0,0.0,PASS
grad_levelset,mt_distance,n_valid,168,168,0.0,PASS
grad_only,psnruv,cnn_mean,31.192500433861134,31.192500433861134,0.0,PASS
grad_only,psnruv,candidate_mean,33.36983942441476,33.36983942441476,0.0,PASS
grad_only,psnruv,mean_raw_delta,2.1773389905536185,2.1773389905536185,0.0,PASS
grad_only,psnruv,mean_improvement_delta,2.1773389905536185,2.1773389905536185,0.0,PASS
grad_only,psnruv,median_improvement_delta,2.2085496995591107,2.2085496995591107,0.0,PASS
grad_only,psnruv,n_improved,168,168,0.0,PASS
grad_only,psnruv,n_worsened,0,0,0.0,PASS
grad_only,psnruv,n_tied,0,0,0.0,PASS
grad_only,psnruv,n_valid,168,168,0.0,PASS
grad_only,ssim_speed,cnn_mean,,,,PASS
grad_only,ssim_speed,candidate_mean,,,,PASS
grad_only,ssim_speed,mean_raw_delta,,,,PASS
grad_only,ssim_speed,mean_improvement_delta,,,,PASS
grad_only,ssim_speed,median_improvement_delta,,,,PASS
grad_only,ssim_speed,n_improved,,,,PASS
grad_only,ssim_speed,n_worsened,,,,PASS
grad_only,ssim_speed,n_tied,,,,PASS
grad_only,ssim_speed,n_valid,0,0,0.0,PASS
grad_only,speed_mae,cnn_mean,0.6940701629397319,0.6940701629397316,3.3306690738754696e-16,PASS
grad_only,speed_mae,candidate_mean,0.5285827102061723,0.5285827102061722,1.1102230246251565e-16,PASS
grad_only,speed_mae,mean_raw_delta,-0.16548745273355947,-0.16548745273355947,0.0,PASS
grad_only,speed_mae,mean_improvement_delta,0.16548745273355947,0.16548745273355947,0.0,PASS
grad_only,speed_mae,median_improvement_delta,0.16034815256958002,0.16034815256958002,0.0,PASS
grad_only,speed_mae,n_improved,168,168,0.0,PASS
grad_only,speed_mae,n_worsened,0,0,0.0,PASS
grad_only,speed_mae,n_tied,0,0,0.0,PASS
grad_only,speed_mae,n_valid,168,168,0.0,PASS
grad_only,speed_rmse,cnn_mean,1.1077586003651096,1.1077586003651088,8.881784197001252e-16,PASS
grad_only,speed_rmse,candidate_mean,0.8962827164617422,0.8962827164617424,2.220446049250313e-16,PASS
grad_only,speed_rmse,mean_raw_delta,-0.21147588390336755,-0.21147588390336747,8.326672684688674e-17,PASS
grad_only,speed_rmse,mean_improvement_delta,0.21147588390336755,0.21147588390336747,8.326672684688674e-17,PASS
grad_only,speed_rmse,median_improvement_delta,0.18590248646080704,0.18590248646080704,0.0,PASS
grad_only,speed_rmse,n_improved,168,168,0.0,PASS
grad_only,speed_rmse,n_worsened,0,0,0.0,PASS
grad_only,speed_rmse,n_tied,0,0,0.0,PASS
grad_only,speed_rmse,n_valid,168,168,0.0,PASS
grad_only,wpd_mae,cnn_mean,231.67091095165674,231.67091095165674,0.0,PASS
grad_only,wpd_mae,candidate_mean,169.55099701426758,169.55099701426755,2.842170943040401e-14,PASS
grad_only,wpd_mae,mean_raw_delta,-62.11991393738915,-62.11991393738913,2.1316282072803006e-14,PASS
grad_only,wpd_mae,mean_improvement_delta,62.11991393738915,62.11991393738913,2.1316282072803006e-14,PASS
grad_only,wpd_mae,median_improvement_delta,57.6030968212081,57.6030968212081,0.0,PASS
grad_only,wpd_mae,n_improved,168,168,0.0,PASS
grad_only,wpd_mae,n_worsened,0,0,0.0,PASS
grad_only,wpd_mae,n_tied,0,0,0.0,PASS
grad_only,wpd_mae,n_valid,168,168,0.0,PASS
grad_only,wpd_w1,cnn_mean,45.27127092112853,45.271270921128526,7.105427357601002e-15,PASS
grad_only,wpd_w1,candidate_mean,22.811365174088074,22.81136517408807,3.552713678800501e-15,PASS
grad_only,wpd_w1,mean_raw_delta,-22.45990574704046,-22.459905747040455,3.552713678800501e-15,PASS
grad_only,wpd_w1,mean_improvement_delta,22.45990574704046,22.459905747040455,3.552713678800501e-15,PASS
grad_only,wpd_w1,median_improvement_delta,22.864248760157302,22.864248760157302,0.0,PASS
grad_only,wpd_w1,n_improved,136,136,0.0,PASS
grad_only,wpd_w1,n_worsened,32,32,0.0,PASS
grad_only,wpd_w1,n_tied,0,0,0.0,PASS
grad_only,wpd_w1,n_valid,168,168,0.0,PASS
grad_only,wpd_bias_abs,cnn_mean,35.343902938857745,35.343902938857745,0.0,PASS
grad_only,wpd_bias_abs,candidate_mean,17.503852077113216,17.503852077113216,0.0,PASS
grad_only,wpd_bias_abs,mean_raw_delta,-17.84005086174453,-17.84005086174453,0.0,PASS
grad_only,wpd_bias_abs,mean_improvement_delta,17.84005086174453,17.84005086174453,0.0,PASS
grad_only,wpd_bias_abs,median_improvement_delta,20.859505492817934,20.859505492817934,0.0,PASS
grad_only,wpd_bias_abs,n_improved,118,118,0.0,PASS
grad_only,wpd_bias_abs,n_worsened,50,50,0.0,PASS
grad_only,wpd_bias_abs,n_tied,0,0,0.0,PASS
grad_only,wpd_bias_abs,n_valid,168,168,0.0,PASS
grad_only,grad_mae,cnn_mean,0.3490557204526641,0.3490557204526642,1.1102230246251565e-16,PASS
grad_only,grad_mae,candidate_mean,0.30881811157693567,0.3088181115769355,1.6653345369377348e-16,PASS
grad_only,grad_mae,mean_raw_delta,-0.040237608875728435,-0.04023760887572844,6.938893903907228e-18,PASS
grad_only,grad_mae,mean_improvement_delta,0.040237608875728435,0.04023760887572844,6.938893903907228e-18,PASS
grad_only,grad_mae,median_improvement_delta,0.04166061470078619,0.04166061470078619,0.0,PASS
grad_only,grad_mae,n_improved,168,168,0.0,PASS
grad_only,grad_mae,n_worsened,0,0,0.0,PASS
grad_only,grad_mae,n_tied,0,0,0.0,PASS
grad_only,grad_mae,n_valid,168,168,0.0,PASS
grad_only,grad_w1,cnn_mean,0.23294292018237558,0.23294292018237575,1.6653345369377348e-16,PASS
grad_only,grad_w1,candidate_mean,0.17512782848217615,0.17512782848217612,2.7755575615628914e-17,PASS
grad_only,grad_w1,mean_raw_delta,-0.05781509170019947,-0.057815091700199446,2.0816681711721685e-17,PASS
grad_only,grad_w1,mean_improvement_delta,0.05781509170019947,0.057815091700199446,2.0816681711721685e-17,PASS
grad_only,grad_w1,median_improvement_delta,0.06755936687495369,0.06755936687495369,0.0,PASS
grad_only,grad_w1,n_improved,154,154,0.0,PASS
grad_only,grad_w1,n_worsened,14,14,0.0,PASS
grad_only,grad_w1,n_tied,0,0,0.0,PASS
grad_only,grad_w1,n_valid,168,168,0.0,PASS
grad_only,grad_kurtosis_abs_delta,cnn_mean,3.7003760441443694,3.70037604414437,4.440892098500626e-16,PASS
grad_only,grad_kurtosis_abs_delta,candidate_mean,2.509812645224294,2.5098126452242915,2.6645352591003757e-15,PASS
grad_only,grad_kurtosis_abs_delta,mean_raw_delta,-1.1905633989200755,-1.1905633989200755,0.0,PASS
grad_only,grad_kurtosis_abs_delta,mean_improvement_delta,1.1905633989200755,1.1905633989200755,0.0,PASS
grad_only,grad_kurtosis_abs_delta,median_improvement_delta,0.2687708372574251,0.2687708372574251,0.0,PASS
grad_only,grad_kurtosis_abs_delta,n_improved,97,97,0.0,PASS
grad_only,grad_kurtosis_abs_delta,n_worsened,71,71,0.0,PASS
grad_only,grad_kurtosis_abs_delta,n_tied,0,0,0.0,PASS
grad_only,grad_kurtosis_abs_delta,n_valid,168,168,0.0,PASS
grad_only,psd_log_l2,cnn_mean,0.8335247431666106,0.833524743166611,3.3306690738754696e-16,PASS
grad_only,psd_log_l2,candidate_mean,0.8930335765670441,0.8930335765670441,0.0,PASS
grad_only,psd_log_l2,mean_raw_delta,0.05950883340043343,0.05950883340043346,3.469446951953614e-17,PASS
grad_only,psd_log_l2,mean_improvement_delta,-0.05950883340043343,-0.05950883340043346,3.469446951953614e-17,PASS
grad_only,psd_log_l2,median_improvement_delta,-0.014459814066460464,-0.014459814066460464,0.0,PASS
grad_only,psd_log_l2,n_improved,72,72,0.0,PASS
grad_only,psd_log_l2,n_worsened,96,96,0.0,PASS
grad_only,psd_log_l2,n_tied,0,0,0.0,PASS
grad_only,psd_log_l2,n_valid,168,168,0.0,PASS
grad_only,psd_slope_abs_delta,cnn_mean,0.9150108562505738,0.9150108562505733,4.440892098500626e-16,PASS
grad_only,psd_slope_abs_delta,candidate_mean,1.3906777914375639,1.3906777914375639,0.0,PASS
grad_only,psd_slope_abs_delta,mean_raw_delta,0.47566693518699,0.47566693518699,0.0,PASS
grad_only,psd_slope_abs_delta,mean_improvement_delta,-0.47566693518699,-0.47566693518699,0.0,PASS
grad_only,psd_slope_abs_delta,median_improvement_delta,-0.4197613542336913,-0.4197613542336913,0.0,PASS
grad_only,psd_slope_abs_delta,n_improved,0,0,0.0,PASS
grad_only,psd_slope_abs_delta,n_worsened,168,168,0.0,PASS
grad_only,psd_slope_abs_delta,n_tied,0,0,0.0,PASS
grad_only,psd_slope_abs_delta,n_valid,168,168,0.0,PASS
grad_only,exceed_abs_t5,cnn_mean,0.004242333333333336,0.004242333333333336,0.0,PASS
grad_only,exceed_abs_t5,candidate_mean,0.003612309523809529,0.003612309523809528,8.673617379884035e-19,PASS
grad_only,exceed_abs_t5,mean_raw_delta,-0.0006300238095238072,-0.0006300238095238072,0.0,PASS
grad_only,exceed_abs_t5,mean_improvement_delta,0.0006300238095238072,0.0006300238095238072,0.0,PASS
grad_only,exceed_abs_t5,median_improvement_delta,0.0007019999999999804,0.0007019999999999804,0.0,PASS
grad_only,exceed_abs_t5,n_improved,105,105,0.0,PASS
grad_only,exceed_abs_t5,n_worsened,63,63,0.0,PASS
grad_only,exceed_abs_t5,n_tied,0,0,0.0,PASS
grad_only,exceed_abs_t5,n_valid,168,168,0.0,PASS
grad_only,exceed_abs_t10,cnn_mean,0.006580809523809519,0.006580809523809515,4.336808689942018e-18,PASS
grad_only,exceed_abs_t10,candidate_mean,0.0036443571428571423,0.0036443571428571415,8.673617379884035e-19,PASS
grad_only,exceed_abs_t10,mean_raw_delta,-0.002936452380952377,-0.0029364523809523777,8.673617379884035e-19,PASS
grad_only,exceed_abs_t10,mean_improvement_delta,0.002936452380952377,0.0029364523809523777,8.673617379884035e-19,PASS
grad_only,exceed_abs_t10,median_improvement_delta,0.0024099999999999677,0.0024099999999999677,0.0,PASS
grad_only,exceed_abs_t10,n_improved,117,117,0.0,PASS
grad_only,exceed_abs_t10,n_worsened,51,51,0.0,PASS
grad_only,exceed_abs_t10,n_tied,0,0,0.0,PASS
grad_only,exceed_abs_t10,n_valid,168,168,0.0,PASS
grad_only,exceed_abs_t15,cnn_mean,0.0062105,0.0062104999999999955,4.336808689942018e-18,PASS
grad_only,exceed_abs_t15,candidate_mean,0.0030612142857142847,0.0030612142857142843,4.336808689942018e-19,PASS
grad_only,exceed_abs_t15,mean_raw_delta,-0.0031492857142857143,-0.0031492857142857134,8.673617379884035e-19,PASS
grad_only,exceed_abs_t15,mean_improvement_delta,0.0031492857142857143,0.0031492857142857134,8.673617379884035e-19,PASS
grad_only,exceed_abs_t15,median_improvement_delta,0.0013599999999999999,0.0013599999999999999,0.0,PASS
grad_only,exceed_abs_t15,n_improved,123,123,0.0,PASS
grad_only,exceed_abs_t15,n_worsened,45,45,0.0,PASS
grad_only,exceed_abs_t15,n_tied,0,0,0.0,PASS
grad_only,exceed_abs_t15,n_valid,168,168,0.0,PASS
grad_only,exceed_abs_p90,cnn_mean,0.010253619047619053,0.010253619047619051,1.734723475976807e-18,PASS
grad_only,exceed_abs_p90,candidate_mean,0.004123095238095243,0.004123095238095243,0.0,PASS
grad_only,exceed_abs_p90,mean_raw_delta,-0.00613052380952381,-0.006130523809523806,3.469446951953614e-18,PASS
grad_only,exceed_abs_p90,mean_improvement_delta,0.00613052380952381,0.006130523809523806,3.469446951953614e-18,PASS
grad_only,exceed_abs_p90,median_improvement_delta,0.005403999999999999,0.005403999999999999,0.0,PASS
grad_only,exceed_abs_p90,n_improved,137,137,0.0,PASS
grad_only,exceed_abs_p90,n_worsened,31,31,0.0,PASS
grad_only,exceed_abs_p90,n_tied,0,0,0.0,PASS
grad_only,exceed_abs_p90,n_valid,168,168,0.0,PASS
grad_only,comp_curve_l1,cnn_mean,115.52777777777779,115.52777777777774,4.263256414560601e-14,PASS
grad_only,comp_curve_l1,candidate_mean,97.13492063492063,97.13492063492065,1.4210854715202004e-14,PASS
grad_only,comp_curve_l1,mean_raw_delta,-18.392857142857142,-18.392857142857142,0.0,PASS
grad_only,comp_curve_l1,mean_improvement_delta,18.392857142857142,18.392857142857142,0.0,PASS
grad_only,comp_curve_l1,median_improvement_delta,21.25,21.25,0.0,PASS
grad_only,comp_curve_l1,n_improved,146,146,0.0,PASS
grad_only,comp_curve_l1,n_worsened,22,22,0.0,PASS
grad_only,comp_curve_l1,n_tied,0,0,0.0,PASS
grad_only,comp_curve_l1,n_valid,168,168,0.0,PASS
grad_only,comp_abs_t5,cnn_mean,64.38095238095238,64.38095238095238,0.0,PASS
grad_only,comp_abs_t5,candidate_mean,54.00595238095238,54.00595238095238,0.0,PASS
grad_only,comp_abs_t5,mean_raw_delta,-10.375,-10.375,0.0,PASS
grad_only,comp_abs_t5,mean_improvement_delta,10.375,10.375,0.0,PASS
grad_only,comp_abs_t5,median_improvement_delta,6.0,6.0,0.0,PASS
grad_only,comp_abs_t5,n_improved,135,135,0.0,PASS
grad_only,comp_abs_t5,n_worsened,25,25,0.0,PASS
grad_only,comp_abs_t5,n_tied,8,8,0.0,PASS
grad_only,comp_abs_t5,n_valid,168,168,0.0,PASS
grad_only,comp_abs_t10,cnn_mean,187.16666666666666,187.16666666666666,0.0,PASS
grad_only,comp_abs_t10,candidate_mean,167.73214285714286,167.73214285714286,0.0,PASS
grad_only,comp_abs_t10,mean_raw_delta,-19.43452380952381,-19.43452380952381,0.0,PASS
grad_only,comp_abs_t10,mean_improvement_delta,19.43452380952381,19.43452380952381,0.0,PASS
grad_only,comp_abs_t10,median_improvement_delta,17.5,17.5,0.0,PASS
grad_only,comp_abs_t10,n_improved,129,129,0.0,PASS
grad_only,comp_abs_t10,n_worsened,38,38,0.0,PASS
grad_only,comp_abs_t10,n_tied,1,1,0.0,PASS
grad_only,comp_abs_t10,n_valid,168,168,0.0,PASS
grad_only,comp_abs_t15,cnn_mean,116.80952380952381,116.80952380952381,0.0,PASS
grad_only,comp_abs_t15,candidate_mean,93.875,93.875,0.0,PASS
grad_only,comp_abs_t15,mean_raw_delta,-22.93452380952381,-22.93452380952381,0.0,PASS
grad_only,comp_abs_t15,mean_improvement_delta,22.93452380952381,22.93452380952381,0.0,PASS
grad_only,comp_abs_t15,median_improvement_delta,20.5,20.5,0.0,PASS
grad_only,comp_abs_t15,n_improved,137,137,0.0,PASS
grad_only,comp_abs_t15,n_worsened,30,30,0.0,PASS
grad_only,comp_abs_t15,n_tied,1,1,0.0,PASS
grad_only,comp_abs_t15,n_valid,168,168,0.0,PASS
grad_only,pd_distance,cnn_mean,27.406283078086062,27.406283078086055,7.105427357601002e-15,PASS
grad_only,pd_distance,candidate_mean,22.9326269066382,22.932626906638195,3.552713678800501e-15,PASS
grad_only,pd_distance,mean_raw_delta,-4.473656171447863,-4.473656171447862,8.881784197001252e-16,PASS
grad_only,pd_distance,mean_improvement_delta,4.473656171447863,4.473656171447862,8.881784197001252e-16,PASS
grad_only,pd_distance,median_improvement_delta,5.2438278770124285,5.2438278770124285,0.0,PASS
grad_only,pd_distance,n_improved,157,157,0.0,PASS
grad_only,pd_distance,n_worsened,11,11,0.0,PASS
grad_only,pd_distance,n_tied,0,0,0.0,PASS
grad_only,pd_distance,n_valid,168,168,0.0,PASS
grad_only,mt_distance,cnn_mean,5.867795200574966,5.867795200574966,0.0,PASS
grad_only,mt_distance,candidate_mean,6.055993423575447,6.055993423575447,0.0,PASS
grad_only,mt_distance,mean_raw_delta,0.188198223000481,0.188198223000481,0.0,PASS
grad_only,mt_distance,mean_improvement_delta,-0.188198223000481,-0.188198223000481,0.0,PASS
grad_only,mt_distance,median_improvement_delta,-0.20493626594543457,-0.20493626594543457,0.0,PASS
grad_only,mt_distance,n_improved,66,66,0.0,PASS
grad_only,mt_distance,n_worsened,102,102,0.0,PASS
grad_only,mt_distance,n_tied,0,0,0.0,PASS
grad_only,mt_distance,n_valid,168,168,0.0,PASS
levelset_only,psnruv,cnn_mean,31.192500433861134,31.192500433861134,0.0,PASS
levelset_only,psnruv,candidate_mean,33.78863409851316,33.78863409851315,7.105427357601002e-15,PASS
levelset_only,psnruv,mean_raw_delta,2.5961336646520157,2.596133664652016,4.440892098500626e-16,PASS
levelset_only,psnruv,mean_improvement_delta,2.5961336646520157,2.596133664652016,4.440892098500626e-16,PASS
levelset_only,psnruv,median_improvement_delta,2.6201648489023484,2.6201648489023484,0.0,PASS
levelset_only,psnruv,n_improved,168,168,0.0,PASS
levelset_only,psnruv,n_worsened,0,0,0.0,PASS
levelset_only,psnruv,n_tied,0,0,0.0,PASS
levelset_only,psnruv,n_valid,168,168,0.0,PASS
levelset_only,ssim_speed,cnn_mean,,,,PASS
levelset_only,ssim_speed,candidate_mean,,,,PASS
levelset_only,ssim_speed,mean_raw_delta,,,,PASS
levelset_only,ssim_speed,mean_improvement_delta,,,,PASS
levelset_only,ssim_speed,median_improvement_delta,,,,PASS
levelset_only,ssim_speed,n_improved,,,,PASS
levelset_only,ssim_speed,n_worsened,,,,PASS
levelset_only,ssim_speed,n_tied,,,,PASS
levelset_only,ssim_speed,n_valid,0,0,0.0,PASS
levelset_only,speed_mae,cnn_mean,0.6940701629397319,0.6940701629397316,3.3306690738754696e-16,PASS
levelset_only,speed_mae,candidate_mean,0.4937004699307671,0.4937004699307671,0.0,PASS
levelset_only,speed_mae,mean_raw_delta,-0.20036969300896465,-0.20036969300896465,0.0,PASS
levelset_only,speed_mae,mean_improvement_delta,0.20036969300896465,0.20036969300896465,0.0,PASS
levelset_only,speed_mae,median_improvement_delta,0.1974070504148312,0.1974070504148312,0.0,PASS
levelset_only,speed_mae,n_improved,168,168,0.0,PASS
levelset_only,speed_mae,n_worsened,0,0,0.0,PASS
levelset_only,speed_mae,n_tied,0,0,0.0,PASS
levelset_only,speed_mae,n_valid,168,168,0.0,PASS
levelset_only,speed_rmse,cnn_mean,1.1077586003651096,1.1077586003651088,8.881784197001252e-16,PASS
levelset_only,speed_rmse,candidate_mean,0.854198953932004,0.854198953932004,0.0,PASS
levelset_only,speed_rmse,mean_raw_delta,-0.2535596464331058,-0.2535596464331059,1.1102230246251565e-16,PASS
levelset_only,speed_rmse,mean_improvement_delta,0.2535596464331058,0.2535596464331059,1.1102230246251565e-16,PASS
levelset_only,speed_rmse,median_improvement_delta,0.23229076774120055,0.23229076774120055,0.0,PASS
levelset_only,speed_rmse,n_improved,168,168,0.0,PASS
levelset_only,speed_rmse,n_worsened,0,0,0.0,PASS
levelset_only,speed_rmse,n_tied,0,0,0.0,PASS
levelset_only,speed_rmse,n_valid,168,168,0.0,PASS
levelset_only,wpd_mae,cnn_mean,231.67091095165674,231.67091095165674,0.0,PASS
levelset_only,wpd_mae,candidate_mean,158.05501357764263,158.05501357764265,2.842170943040401e-14,PASS
levelset_only,wpd_mae,mean_raw_delta,-73.61589737401411,-73.61589737401411,0.0,PASS
levelset_only,wpd_mae,mean_improvement_delta,73.61589737401411,73.61589737401411,0.0,PASS
levelset_only,wpd_mae,median_improvement_delta,70.48555187537252,70.48555187537252,0.0,PASS
levelset_only,wpd_mae,n_improved,168,168,0.0,PASS
levelset_only,wpd_mae,n_worsened,0,0,0.0,PASS
levelset_only,wpd_mae,n_tied,0,0,0.0,PASS
levelset_only,wpd_mae,n_valid,168,168,0.0,PASS
levelset_only,wpd_w1,cnn_mean,45.27127092112853,45.271270921128526,7.105427357601002e-15,PASS
levelset_only,wpd_w1,candidate_mean,33.194311059727596,33.19431105972759,7.105427357601002e-15,PASS
levelset_only,wpd_w1,mean_raw_delta,-12.076959861400939,-12.076959861400935,3.552713678800501e-15,PASS
levelset_only,wpd_w1,mean_improvement_delta,12.076959861400939,12.076959861400935,3.552713678800501e-15,PASS
levelset_only,wpd_w1,median_improvement_delta,13.536223574709021,13.536223574709021,0.0,PASS
levelset_only,wpd_w1,n_improved,130,130,0.0,PASS
levelset_only,wpd_w1,n_worsened,38,38,0.0,PASS
levelset_only,wpd_w1,n_tied,0,0,0.0,PASS
levelset_only,wpd_w1,n_valid,168,168,0.0,PASS
levelset_only,wpd_bias_abs,cnn_mean,35.343902938857745,35.343902938857745,0.0,PASS
levelset_only,wpd_bias_abs,candidate_mean,23.20170051310063,23.201700513100633,3.552713678800501e-15,PASS
levelset_only,wpd_bias_abs,mean_raw_delta,-12.142202425757116,-12.142202425757116,0.0,PASS
levelset_only,wpd_bias_abs,mean_improvement_delta,12.142202425757116,12.142202425757116,0.0,PASS
levelset_only,wpd_bias_abs,median_improvement_delta,15.319974420770818,15.319974420770818,0.0,PASS
levelset_only,wpd_bias_abs,n_improved,120,120,0.0,PASS
levelset_only,wpd_bias_abs,n_worsened,48,48,0.0,PASS
levelset_only,wpd_bias_abs,n_tied,0,0,0.0,PASS
levelset_only,wpd_bias_abs,n_valid,168,168,0.0,PASS
levelset_only,grad_mae,cnn_mean,0.3490557204526641,0.3490557204526642,1.1102230246251565e-16,PASS
levelset_only,grad_mae,candidate_mean,0.32402047114241306,0.32402047114241317,1.1102230246251565e-16,PASS
levelset_only,grad_mae,mean_raw_delta,-0.02503524931025105,-0.02503524931025105,0.0,PASS
levelset_only,grad_mae,mean_improvement_delta,0.02503524931025105,0.02503524931025105,0.0,PASS
levelset_only,grad_mae,median_improvement_delta,0.0237528419443494,0.0237528419443494,0.0,PASS
levelset_only,grad_mae,n_improved,168,168,0.0,PASS
levelset_only,grad_mae,n_worsened,0,0,0.0,PASS
levelset_only,grad_mae,n_tied,0,0,0.0,PASS
levelset_only,grad_mae,n_valid,168,168,0.0,PASS
levelset_only,grad_w1,cnn_mean,0.23294292018237558,0.23294292018237575,1.6653345369377348e-16,PASS
levelset_only,grad_w1,candidate_mean,0.2491534256072174,0.2491534256072174,0.0,PASS
levelset_only,grad_w1,mean_raw_delta,0.016210505424841808,0.01621050542484181,3.469446951953614e-18,PASS
levelset_only,grad_w1,mean_improvement_delta,-0.016210505424841808,-0.01621050542484181,3.469446951953614e-18,PASS
levelset_only,grad_w1,median_improvement_delta,-0.0110270443991283,-0.0110270443991283,0.0,PASS
levelset_only,grad_w1,n_improved,33,33,0.0,PASS
levelset_only,grad_w1,n_worsened,135,135,0.0,PASS
levelset_only,grad_w1,n_tied,0,0,0.0,PASS
levelset_only,grad_w1,n_valid,168,168,0.0,PASS
levelset_only,grad_kurtosis_abs_delta,cnn_mean,3.7003760441443694,3.70037604414437,4.440892098500626e-16,PASS
levelset_only,grad_kurtosis_abs_delta,candidate_mean,5.261340299407154,5.261340299407155,8.881784197001252e-16,PASS
levelset_only,grad_kurtosis_abs_delta,mean_raw_delta,1.5609642552627843,1.5609642552627836,6.661338147750939e-16,PASS
levelset_only,grad_kurtosis_abs_delta,mean_improvement_delta,-1.5609642552627843,-1.5609642552627836,6.661338147750939e-16,PASS
levelset_only,grad_kurtosis_abs_delta,median_improvement_delta,-1.1447507425400527,-1.1447507425400527,0.0,PASS
levelset_only,grad_kurtosis_abs_delta,n_improved,57,57,0.0,PASS
levelset_only,grad_kurtosis_abs_delta,n_worsened,111,111,0.0,PASS
levelset_only,grad_kurtosis_abs_delta,n_tied,0,0,0.0,PASS
levelset_only,grad_kurtosis_abs_delta,n_valid,168,168,0.0,PASS
levelset_only,psd_log_l2,cnn_mean,0.8335247431666106,0.833524743166611,3.3306690738754696e-16,PASS
levelset_only,psd_log_l2,candidate_mean,1.133066286809463,1.1330662868094632,2.220446049250313e-16,PASS
levelset_only,psd_log_l2,mean_raw_delta,0.29954154364285235,0.29954154364285224,1.1102230246251565e-16,PASS
levelset_only,psd_log_l2,mean_improvement_delta,-0.29954154364285235,-0.29954154364285224,1.1102230246251565e-16,PASS
levelset_only,psd_log_l2,median_improvement_delta,-0.2514391945847396,-0.2514391945847396,0.0,PASS
levelset_only,psd_log_l2,n_improved,0,0,0.0,PASS
levelset_only,psd_log_l2,n_worsened,168,168,0.0,PASS
levelset_only,psd_log_l2,n_tied,0,0,0.0,PASS
levelset_only,psd_log_l2,n_valid,168,168,0.0,PASS
levelset_only,psd_slope_abs_delta,cnn_mean,0.9150108562505738,0.9150108562505733,4.440892098500626e-16,PASS
levelset_only,psd_slope_abs_delta,candidate_mean,1.4633287703643219,1.4633287703643216,2.220446049250313e-16,PASS
levelset_only,psd_slope_abs_delta,mean_raw_delta,0.5483179141137481,0.5483179141137475,5.551115123125783e-16,PASS
levelset_only,psd_slope_abs_delta,mean_improvement_delta,-0.5483179141137481,-0.5483179141137475,5.551115123125783e-16,PASS
levelset_only,psd_slope_abs_delta,median_improvement_delta,-0.5011833901212057,-0.5011833901212057,0.0,PASS
levelset_only,psd_slope_abs_delta,n_improved,0,0,0.0,PASS
levelset_only,psd_slope_abs_delta,n_worsened,168,168,0.0,PASS
levelset_only,psd_slope_abs_delta,n_tied,0,0,0.0,PASS
levelset_only,psd_slope_abs_delta,n_valid,168,168,0.0,PASS
levelset_only,exceed_abs_t5,cnn_mean,0.004242333333333336,0.004242333333333336,0.0,PASS
levelset_only,exceed_abs_t5,candidate_mean,0.006518190476190481,0.006518190476190478,3.469446951953614e-18,PASS
levelset_only,exceed_abs_t5,mean_raw_delta,0.0022758571428571454,0.0022758571428571454,0.0,PASS
levelset_only,exceed_abs_t5,mean_improvement_delta,-0.0022758571428571454,-0.0022758571428571454,0.0,PASS
levelset_only,exceed_abs_t5,median_improvement_delta,-0.0021900000000000253,-0.0021900000000000253,0.0,PASS
levelset_only,exceed_abs_t5,n_improved,22,22,0.0,PASS
levelset_only,exceed_abs_t5,n_worsened,146,146,0.0,PASS
levelset_only,exceed_abs_t5,n_tied,0,0,0.0,PASS
levelset_only,exceed_abs_t5,n_valid,168,168,0.0,PASS
levelset_only,exceed_abs_t10,cnn_mean,0.006580809523809519,0.006580809523809515,4.336808689942018e-18,PASS
levelset_only,exceed_abs_t10,candidate_mean,0.004467690476190476,0.004467690476190475,8.673617379884035e-19,PASS
levelset_only,exceed_abs_t10,mean_raw_delta,-0.002113119047619044,-0.0021131190476190442,4.336808689942018e-19,PASS
levelset_only,exceed_abs_t10,mean_improvement_delta,0.002113119047619044,0.0021131190476190442,4.336808689942018e-19,PASS
levelset_only,exceed_abs_t10,median_improvement_delta,0.0014419999999999988,0.0014419999999999988,0.0,PASS
levelset_only,exceed_abs_t10,n_improved,112,112,0.0,PASS
levelset_only,exceed_abs_t10,n_worsened,56,56,0.0,PASS
levelset_only,exceed_abs_t10,n_tied,0,0,0.0,PASS
levelset_only,exceed_abs_t10,n_valid,168,168,0.0,PASS
levelset_only,exceed_abs_t15,cnn_mean,0.0062105,0.0062104999999999955,4.336808689942018e-18,PASS
levelset_only,exceed_abs_t15,candidate_mean,0.0043257619047619034,0.004325761904761903,8.673617379884035e-19,PASS
levelset_only,exceed_abs_t15,mean_raw_delta,-0.0018847380952380958,-0.0018847380952380967,8.673617379884035e-19,PASS
levelset_only,exceed_abs_t15,mean_improvement_delta,0.0018847380952380958,0.0018847380952380967,8.673617379884035e-19,PASS
levelset_only,exceed_abs_t15,median_improvement_delta,0.0008180000000000197,0.0008180000000000197,0.0,PASS
levelset_only,exceed_abs_t15,n_improved,117,117,0.0,PASS
levelset_only,exceed_abs_t15,n_worsened,51,51,0.0,PASS
levelset_only,exceed_abs_t15,n_tied,0,0,0.0,PASS
levelset_only,exceed_abs_t15,n_valid,168,168,0.0,PASS
levelset_only,exceed_abs_p90,cnn_mean,0.010253619047619053,0.010253619047619051,1.734723475976807e-18,PASS
levelset_only,exceed_abs_p90,candidate_mean,0.006196738095238101,0.0061967380952381,8.673617379884035e-19,PASS
levelset_only,exceed_abs_p90,mean_raw_delta,-0.004056880952380952,-0.0040568809523809524,8.673617379884035e-19,PASS
levelset_only,exceed_abs_p90,mean_improvement_delta,0.004056880952380952,0.0040568809523809524,8.673617379884035e-19,PASS
levelset_only,exceed_abs_p90,median_improvement_delta,0.0036840000000000067,0.0036840000000000067,0.0,PASS
levelset_only,exceed_abs_p90,n_improved,136,136,0.0,PASS
levelset_only,exceed_abs_p90,n_worsened,32,32,0.0,PASS
levelset_only,exceed_abs_p90,n_tied,0,0,0.0,PASS
levelset_only,exceed_abs_p90,n_valid,168,168,0.0,PASS
levelset_only,comp_curve_l1,cnn_mean,115.52777777777779,115.52777777777774,4.263256414560601e-14,PASS
levelset_only,comp_curve_l1,candidate_mean,143.03571428571428,143.03571428571422,5.684341886080802e-14,PASS
levelset_only,comp_curve_l1,mean_raw_delta,27.507936507936506,27.5079365079365,7.105427357601002e-15,PASS
levelset_only,comp_curve_l1,mean_improvement_delta,-27.507936507936506,-27.5079365079365,7.105427357601002e-15,PASS
levelset_only,comp_curve_l1,median_improvement_delta,-25.583333333333336,-25.583333333333336,0.0,PASS
levelset_only,comp_curve_l1,n_improved,4,4,0.0,PASS
levelset_only,comp_curve_l1,n_worsened,164,164,0.0,PASS
levelset_only,comp_curve_l1,n_tied,0,0,0.0,PASS
levelset_only,comp_curve_l1,n_valid,168,168,0.0,PASS
levelset_only,comp_abs_t5,cnn_mean,64.38095238095238,64.38095238095238,0.0,PASS
levelset_only,comp_abs_t5,candidate_mean,69.68452380952381,69.68452380952381,0.0,PASS
levelset_only,comp_abs_t5,mean_raw_delta,5.303571428571429,5.303571428571429,0.0,PASS
levelset_only,comp_abs_t5,mean_improvement_delta,-5.303571428571429,-5.303571428571429,0.0,PASS
levelset_only,comp_abs_t5,median_improvement_delta,-4.0,-4.0,0.0,PASS
levelset_only,comp_abs_t5,n_improved,37,37,0.0,PASS
levelset_only,comp_abs_t5,n_worsened,115,115,0.0,PASS
levelset_only,comp_abs_t5,n_tied,16,16,0.0,PASS
levelset_only,comp_abs_t5,n_valid,168,168,0.0,PASS
levelset_only,comp_abs_t10,cnn_mean,187.16666666666666,187.16666666666666,0.0,PASS
levelset_only,comp_abs_t10,candidate_mean,232.0654761904762,232.0654761904762,0.0,PASS
levelset_only,comp_abs_t10,mean_raw_delta,44.898809523809526,44.898809523809526,0.0,PASS
levelset_only,comp_abs_t10,mean_improvement_delta,-44.898809523809526,-44.898809523809526,0.0,PASS
levelset_only,comp_abs_t10,median_improvement_delta,-43.0,-43.0,0.0,PASS
levelset_only,comp_abs_t10,n_improved,2,2,0.0,PASS
levelset_only,comp_abs_t10,n_worsened,164,164,0.0,PASS
levelset_only,comp_abs_t10,n_tied,2,2,0.0,PASS
levelset_only,comp_abs_t10,n_valid,168,168,0.0,PASS
levelset_only,comp_abs_t15,cnn_mean,116.80952380952381,116.80952380952381,0.0,PASS
levelset_only,comp_abs_t15,candidate_mean,144.10714285714286,144.10714285714286,0.0,PASS
levelset_only,comp_abs_t15,mean_raw_delta,27.297619047619047,27.297619047619047,0.0,PASS
levelset_only,comp_abs_t15,mean_improvement_delta,-27.297619047619047,-27.297619047619047,0.0,PASS
levelset_only,comp_abs_t15,median_improvement_delta,-21.5,-21.5,0.0,PASS
levelset_only,comp_abs_t15,n_improved,23,23,0.0,PASS
levelset_only,comp_abs_t15,n_worsened,142,142,0.0,PASS
levelset_only,comp_abs_t15,n_tied,3,3,0.0,PASS
levelset_only,comp_abs_t15,n_valid,168,168,0.0,PASS
levelset_only,pd_distance,cnn_mean,27.406283078086062,27.406283078086055,7.105427357601002e-15,PASS
levelset_only,pd_distance,candidate_mean,29.59526828694034,29.595268286940343,3.552713678800501e-15,PASS
levelset_only,pd_distance,mean_raw_delta,2.1889852088542763,2.188985208854277,8.881784197001252e-16,PASS
levelset_only,pd_distance,mean_improvement_delta,-2.1889852088542763,-2.188985208854277,8.881784197001252e-16,PASS
levelset_only,pd_distance,median_improvement_delta,-2.022059192738716,-2.022059192738716,0.0,PASS
levelset_only,pd_distance,n_improved,10,10,0.0,PASS
levelset_only,pd_distance,n_worsened,158,158,0.0,PASS
levelset_only,pd_distance,n_tied,0,0,0.0,PASS
levelset_only,pd_distance,n_valid,168,168,0.0,PASS
levelset_only,mt_distance,cnn_mean,5.867795200574966,5.867795200574966,0.0,PASS
levelset_only,mt_distance,candidate_mean,6.007606157234737,6.007606157234737,0.0,PASS
levelset_only,mt_distance,mean_raw_delta,0.13981095665977114,0.13981095665977114,0.0,PASS
levelset_only,mt_distance,mean_improvement_delta,-0.13981095665977114,-0.13981095665977114,0.0,PASS
levelset_only,mt_distance,median_improvement_delta,-0.19900155067443848,-0.19900155067443848,0.0,PASS
levelset_only,mt_distance,n_improved,64,64,0.0,PASS
levelset_only,mt_distance,n_worsened,104,104,0.0,PASS
levelset_only,mt_distance,n_tied,0,0,0.0,PASS
levelset_only,mt_distance,n_valid,168,168,0.0,PASS
speed_grad,psnruv,cnn_mean,31.192500433861134,31.192500433861134,0.0,PASS
speed_grad,psnruv,candidate_mean,33.47256336371026,33.472563363710236,2.1316282072803006e-14,PASS
speed_grad,psnruv,mean_raw_delta,2.2800629298491195,2.2800629298491195,0.0,PASS
speed_grad,psnruv,mean_improvement_delta,2.2800629298491195,2.2800629298491195,0.0,PASS
speed_grad,psnruv,median_improvement_delta,2.315640396368771,2.315640396368771,0.0,PASS
speed_grad,psnruv,n_improved,168,168,0.0,PASS
speed_grad,psnruv,n_worsened,0,0,0.0,PASS
speed_grad,psnruv,n_tied,0,0,0.0,PASS
speed_grad,psnruv,n_valid,168,168,0.0,PASS
speed_grad,ssim_speed,cnn_mean,,,,PASS
speed_grad,ssim_speed,candidate_mean,,,,PASS
speed_grad,ssim_speed,mean_raw_delta,,,,PASS
speed_grad,ssim_speed,mean_improvement_delta,,,,PASS
speed_grad,ssim_speed,median_improvement_delta,,,,PASS
speed_grad,ssim_speed,n_improved,,,,PASS
speed_grad,ssim_speed,n_worsened,,,,PASS
speed_grad,ssim_speed,n_tied,,,,PASS
speed_grad,ssim_speed,n_valid,0,0,0.0,PASS
speed_grad,speed_mae,cnn_mean,0.6940701629397319,0.6940701629397316,3.3306690738754696e-16,PASS
speed_grad,speed_mae,candidate_mean,0.5178990092116215,0.5178990092116218,3.3306690738754696e-16,PASS
speed_grad,speed_mae,mean_raw_delta,-0.17617115372811035,-0.17617115372811037,2.7755575615628914e-17,PASS
speed_grad,speed_mae,mean_improvement_delta,0.17617115372811035,0.17617115372811037,2.7755575615628914e-17,PASS
speed_grad,speed_mae,median_improvement_delta,0.172519695169473,0.172519695169473,0.0,PASS
speed_grad,speed_mae,n_improved,168,168,0.0,PASS
speed_grad,speed_mae,n_worsened,0,0,0.0,PASS
speed_grad,speed_mae,n_tied,0,0,0.0,PASS
speed_grad,speed_mae,n_valid,168,168,0.0,PASS
speed_grad,speed_rmse,cnn_mean,1.1077586003651096,1.1077586003651088,8.881784197001252e-16,PASS
speed_grad,speed_rmse,candidate_mean,0.8812768517194042,0.8812768517194046,4.440892098500626e-16,PASS
speed_grad,speed_rmse,mean_raw_delta,-0.22648174864570544,-0.22648174864570553,8.326672684688674e-17,PASS
speed_grad,speed_rmse,mean_improvement_delta,0.22648174864570544,0.22648174864570553,8.326672684688674e-17,PASS
speed_grad,speed_rmse,median_improvement_delta,0.20411218339733442,0.20411218339733442,0.0,PASS
speed_grad,speed_rmse,n_improved,168,168,0.0,PASS
speed_grad,speed_rmse,n_worsened,0,0,0.0,PASS
speed_grad,speed_rmse,n_tied,0,0,0.0,PASS
speed_grad,speed_rmse,n_valid,168,168,0.0,PASS
speed_grad,wpd_mae,cnn_mean,231.67091095165674,231.67091095165674,0.0,PASS
speed_grad,wpd_mae,candidate_mean,166.05865127527937,166.05865127527937,0.0,PASS
speed_grad,wpd_mae,mean_raw_delta,-65.61225967637738,-65.6122596763774,2.842170943040401e-14,PASS
speed_grad,wpd_mae,mean_improvement_delta,65.61225967637738,65.6122596763774,2.842170943040401e-14,PASS
speed_grad,wpd_mae,median_improvement_delta,61.286060576467335,61.286060576467335,0.0,PASS
speed_grad,wpd_mae,n_improved,168,168,0.0,PASS
speed_grad,wpd_mae,n_worsened,0,0,0.0,PASS
speed_grad,wpd_mae,n_tied,0,0,0.0,PASS
speed_grad,wpd_mae,n_valid,168,168,0.0,PASS
speed_grad,wpd_w1,cnn_mean,45.27127092112853,45.271270921128526,7.105427357601002e-15,PASS
speed_grad,wpd_w1,candidate_mean,23.64598794930052,23.645987949300512,7.105427357601002e-15,PASS
speed_grad,wpd_w1,mean_raw_delta,-21.625282971828014,-21.62528297182802,7.105427357601002e-15,PASS
speed_grad,wpd_w1,mean_improvement_delta,21.625282971828014,21.62528297182802,7.105427357601002e-15,PASS
speed_grad,wpd_w1,median_improvement_delta,21.943421129185086,21.943421129185086,0.0,PASS
speed_grad,wpd_w1,n_improved,135,135,0.0,PASS
speed_grad,wpd_w1,n_worsened,33,33,0.0,PASS
speed_grad,wpd_w1,n_tied,0,0,0.0,PASS
speed_grad,wpd_w1,n_valid,168,168,0.0,PASS
speed_grad,wpd_bias_abs,cnn_mean,35.343902938857745,35.343902938857745,0.0,PASS
speed_grad,wpd_bias_abs,candidate_mean,15.67530801045236,15.675308010452376,1.5987211554602254e-14,PASS
speed_grad,wpd_bias_abs,mean_raw_delta,-19.668594928405387,-19.668594928405383,3.552713678800501e-15,PASS
speed_grad,wpd_bias_abs,mean_improvement_delta,19.668594928405387,19.668594928405383,3.552713678800501e-15,PASS
speed_grad,wpd_bias_abs,median_improvement_delta,21.84694027400385,21.84694027400385,0.0,PASS
speed_grad,wpd_bias_abs,n_improved,122,122,0.0,PASS
speed_grad,wpd_bias_abs,n_worsened,46,46,0.0,PASS
speed_grad,wpd_bias_abs,n_tied,0,0,0.0,PASS
speed_grad,wpd_bias_abs,n_valid,168,168,0.0,PASS
speed_grad,grad_mae,cnn_mean,0.3490557204526641,0.3490557204526642,1.1102230246251565e-16,PASS
speed_grad,grad_mae,candidate_mean,0.3123017177143877,0.31230171771438775,5.551115123125783e-17,PASS
speed_grad,grad_mae,mean_raw_delta,-0.03675400273827641,-0.03675400273827639,2.0816681711721685e-17,PASS
speed_grad,grad_mae,mean_improvement_delta,0.03675400273827641,0.03675400273827639,2.0816681711721685e-17,PASS
speed_grad,grad_mae,median_improvement_delta,0.03731451287147469,0.03731451287147469,0.0,PASS
speed_grad,grad_mae,n_improved,168,168,0.0,PASS
speed_grad,grad_mae,n_worsened,0,0,0.0,PASS
speed_grad,grad_mae,n_tied,0,0,0.0,PASS
speed_grad,grad_mae,n_valid,168,168,0.0,PASS
speed_grad,grad_w1,cnn_mean,0.23294292018237558,0.23294292018237575,1.6653345369377348e-16,PASS
speed_grad,grad_w1,candidate_mean,0.1958593688536483,0.19585936885364819,1.1102230246251565e-16,PASS
speed_grad,grad_w1,mean_raw_delta,-0.03708355132872731,-0.037083551328727316,6.938893903907228e-18,PASS
speed_grad,grad_w1,mean_improvement_delta,0.03708355132872731,0.037083551328727316,6.938893903907228e-18,PASS
speed_grad,grad_w1,median_improvement_delta,0.043082958816739875,0.043082958816739875,0.0,PASS
speed_grad,grad_w1,n_improved,153,153,0.0,PASS
speed_grad,grad_w1,n_worsened,15,15,0.0,PASS
speed_grad,grad_w1,n_tied,0,0,0.0,PASS
speed_grad,grad_w1,n_valid,168,168,0.0,PASS
speed_grad,grad_kurtosis_abs_delta,cnn_mean,3.7003760441443694,3.70037604414437,4.440892098500626e-16,PASS
speed_grad,grad_kurtosis_abs_delta,candidate_mean,2.9340305874682193,2.9340305874682198,4.440892098500626e-16,PASS
speed_grad,grad_kurtosis_abs_delta,mean_raw_delta,-0.76634545667615,-0.7663454566761501,1.1102230246251565e-16,PASS
speed_grad,grad_kurtosis_abs_delta,mean_improvement_delta,0.76634545667615,0.7663454566761501,1.1102230246251565e-16,PASS
speed_grad,grad_kurtosis_abs_delta,median_improvement_delta,0.21605120244997078,0.21605120244997078,0.0,PASS
speed_grad,grad_kurtosis_abs_delta,n_improved,94,94,0.0,PASS
speed_grad,grad_kurtosis_abs_delta,n_worsened,74,74,0.0,PASS
speed_grad,grad_kurtosis_abs_delta,n_tied,0,0,0.0,PASS
speed_grad,grad_kurtosis_abs_delta,n_valid,168,168,0.0,PASS
speed_grad,psd_log_l2,cnn_mean,0.8335247431666106,0.833524743166611,3.3306690738754696e-16,PASS
speed_grad,psd_log_l2,candidate_mean,0.9693656545146748,0.9693656545146749,1.1102230246251565e-16,PASS
speed_grad,psd_log_l2,mean_raw_delta,0.13584091134806417,0.13584091134806417,0.0,PASS
speed_grad,psd_log_l2,mean_improvement_delta,-0.13584091134806417,-0.13584091134806417,0.0,PASS
speed_grad,psd_log_l2,median_improvement_delta,-0.10278433316269686,-0.10278433316269686,0.0,PASS
speed_grad,psd_log_l2,n_improved,2,2,0.0,PASS
speed_grad,psd_log_l2,n_worsened,166,166,0.0,PASS
speed_grad,psd_log_l2,n_tied,0,0,0.0,PASS
speed_grad,psd_log_l2,n_valid,168,168,0.0,PASS
speed_grad,psd_slope_abs_delta,cnn_mean,0.9150108562505738,0.9150108562505733,4.440892098500626e-16,PASS
speed_grad,psd_slope_abs_delta,candidate_mean,1.2875171426244076,1.2875171426244072,4.440892098500626e-16,PASS
speed_grad,psd_slope_abs_delta,mean_raw_delta,0.3725062863738337,0.3725062863738339,1.6653345369377348e-16,PASS
speed_grad,psd_slope_abs_delta,mean_improvement_delta,-0.3725062863738337,-0.3725062863738339,1.6653345369377348e-16,PASS
speed_grad,psd_slope_abs_delta,median_improvement_delta,-0.31023049141182046,-0.31023049141182046,0.0,PASS
speed_grad,psd_slope_abs_delta,n_improved,0,0,0.0,PASS
speed_grad,psd_slope_abs_delta,n_worsened,168,168,0.0,PASS
speed_grad,psd_slope_abs_delta,n_tied,0,0,0.0,PASS
speed_grad,psd_slope_abs_delta,n_valid,168,168,0.0,PASS
speed_grad,exceed_abs_t5,cnn_mean,0.004242333333333336,0.004242333333333336,0.0,PASS
speed_grad,exceed_abs_t5,candidate_mean,0.005011547619047621,0.00501154761904762,8.673617379884035e-19,PASS
speed_grad,exceed_abs_t5,mean_raw_delta,0.0007692142857142847,0.0007692142857142847,0.0,PASS
speed_grad,exceed_abs_t5,mean_improvement_delta,-0.0007692142857142847,-0.0007692142857142847,0.0,PASS
speed_grad,exceed_abs_t5,median_improvement_delta,-0.0005540000000000544,-0.0005540000000000544,0.0,PASS
speed_grad,exceed_abs_t5,n_improved,67,67,0.0,PASS
speed_grad,exceed_abs_t5,n_worsened,101,101,0.0,PASS
speed_grad,exceed_abs_t5,n_tied,0,0,0.0,PASS
speed_grad,exceed_abs_t5,n_valid,168,168,0.0,PASS
speed_grad,exceed_abs_t10,cnn_mean,0.006580809523809519,0.006580809523809515,4.336808689942018e-18,PASS
speed_grad,exceed_abs_t10,candidate_mean,0.003300880952380949,0.003300880952380948,8.673617379884035e-19,PASS
speed_grad,exceed_abs_t10,mean_raw_delta,-0.0032799285714285712,-0.0032799285714285704,8.673617379884035e-19,PASS
speed_grad,exceed_abs_t10,mean_improvement_delta,0.0032799285714285712,0.0032799285714285704,8.673617379884035e-19,PASS
speed_grad,exceed_abs_t10,median_improvement_delta,0.002474000000000018,0.002474000000000018,0.0,PASS
speed_grad,exceed_abs_t10,n_improved,118,118,0.0,PASS
speed_grad,exceed_abs_t10,n_worsened,50,50,0.0,PASS
speed_grad,exceed_abs_t10,n_tied,0,0,0.0,PASS
speed_grad,exceed_abs_t10,n_valid,168,168,0.0,PASS
speed_grad,exceed_abs_t15,cnn_mean,0.0062105,0.0062104999999999955,4.336808689942018e-18,PASS
speed_grad,exceed_abs_t15,candidate_mean,0.003115833333333334,0.0031158333333333355,1.3010426069826053e-18,PASS
speed_grad,exceed_abs_t15,mean_raw_delta,-0.0030946666666666657,-0.003094666666666665,8.673617379884035e-19,PASS
speed_grad,exceed_abs_t15,mean_improvement_delta,0.0030946666666666657,0.003094666666666665,8.673617379884035e-19,PASS
speed_grad,exceed_abs_t15,median_improvement_delta,0.0014539999999999987,0.0014539999999999987,0.0,PASS
speed_grad,exceed_abs_t15,n_improved,120,120,0.0,PASS
speed_grad,exceed_abs_t15,n_worsened,48,48,0.0,PASS
speed_grad,exceed_abs_t15,n_tied,0,0,0.0,PASS
speed_grad,exceed_abs_t15,n_valid,168,168,0.0,PASS
speed_grad,exceed_abs_p90,cnn_mean,0.010253619047619053,0.010253619047619051,1.734723475976807e-18,PASS
speed_grad,exceed_abs_p90,candidate_mean,0.0042261666666666715,0.004226166666666671,8.673617379884035e-19,PASS
speed_grad,exceed_abs_p90,mean_raw_delta,-0.006027452380952382,-0.00602745238095238,1.734723475976807e-18,PASS
speed_grad,exceed_abs_p90,mean_improvement_delta,0.006027452380952382,0.00602745238095238,1.734723475976807e-18,PASS
speed_grad,exceed_abs_p90,median_improvement_delta,0.0057819999999999955,0.0057819999999999955,0.0,PASS
speed_grad,exceed_abs_p90,n_improved,139,139,0.0,PASS
speed_grad,exceed_abs_p90,n_worsened,29,29,0.0,PASS
speed_grad,exceed_abs_p90,n_tied,0,0,0.0,PASS
speed_grad,exceed_abs_p90,n_valid,168,168,0.0,PASS
speed_grad,comp_curve_l1,cnn_mean,115.52777777777779,115.52777777777774,4.263256414560601e-14,PASS
speed_grad,comp_curve_l1,candidate_mean,111.32936507936508,111.32936507936513,5.684341886080802e-14,PASS
speed_grad,comp_curve_l1,mean_raw_delta,-4.198412698412698,-4.198412698412695,2.6645352591003757e-15,PASS
speed_grad,comp_curve_l1,mean_improvement_delta,4.198412698412698,4.198412698412695,2.6645352591003757e-15,PASS
speed_grad,comp_curve_l1,median_improvement_delta,6.250000000000007,6.250000000000007,0.0,PASS
speed_grad,comp_curve_l1,n_improved,120,120,0.0,PASS
speed_grad,comp_curve_l1,n_worsened,48,48,0.0,PASS
speed_grad,comp_curve_l1,n_tied,0,0,0.0,PASS
speed_grad,comp_curve_l1,n_valid,168,168,0.0,PASS
speed_grad,comp_abs_t5,cnn_mean,64.38095238095238,64.38095238095238,0.0,PASS
speed_grad,comp_abs_t5,candidate_mean,58.80952380952381,58.80952380952381,0.0,PASS
speed_grad,comp_abs_t5,mean_raw_delta,-5.571428571428571,-5.571428571428571,0.0,PASS
speed_grad,comp_abs_t5,mean_improvement_delta,5.571428571428571,5.571428571428571,0.0,PASS
speed_grad,comp_abs_t5,median_improvement_delta,3.0,3.0,0.0,PASS
speed_grad,comp_abs_t5,n_improved,112,112,0.0,PASS
speed_grad,comp_abs_t5,n_worsened,42,42,0.0,PASS
speed_grad,comp_abs_t5,n_tied,14,14,0.0,PASS
speed_grad,comp_abs_t5,n_valid,168,168,0.0,PASS
speed_grad,comp_abs_t10,cnn_mean,187.16666666666666,187.16666666666666,0.0,PASS
speed_grad,comp_abs_t10,candidate_mean,188.0,188.0,0.0,PASS
speed_grad,comp_abs_t10,mean_raw_delta,0.8333333333333334,0.8333333333333334,0.0,PASS
speed_grad,comp_abs_t10,mean_improvement_delta,-0.8333333333333334,-0.8333333333333334,0.0,PASS
speed_grad,comp_abs_t10,median_improvement_delta,-2.0,-2.0,0.0,PASS
speed_grad,comp_abs_t10,n_improved,79,79,0.0,PASS
speed_grad,comp_abs_t10,n_worsened,87,87,0.0,PASS
speed_grad,comp_abs_t10,n_tied,2,2,0.0,PASS
speed_grad,comp_abs_t10,n_valid,168,168,0.0,PASS
speed_grad,comp_abs_t15,cnn_mean,116.80952380952381,116.80952380952381,0.0,PASS
speed_grad,comp_abs_t15,candidate_mean,109.125,109.125,0.0,PASS
speed_grad,comp_abs_t15,mean_raw_delta,-7.684523809523809,-7.684523809523809,0.0,PASS
speed_grad,comp_abs_t15,mean_improvement_delta,7.684523809523809,7.684523809523809,0.0,PASS
speed_grad,comp_abs_t15,median_improvement_delta,7.0,7.0,0.0,PASS
speed_grad,comp_abs_t15,n_improved,114,114,0.0,PASS
speed_grad,comp_abs_t15,n_worsened,49,49,0.0,PASS
speed_grad,comp_abs_t15,n_tied,5,5,0.0,PASS
speed_grad,comp_abs_t15,n_valid,168,168,0.0,PASS
speed_grad,pd_distance,cnn_mean,27.406283078086062,27.406283078086055,7.105427357601002e-15,PASS
speed_grad,pd_distance,candidate_mean,22.970622717354576,22.970622717354583,7.105427357601002e-15,PASS
speed_grad,pd_distance,mean_raw_delta,-4.435660360731483,-4.435660360731482,8.881784197001252e-16,PASS
speed_grad,pd_distance,mean_improvement_delta,4.435660360731483,4.435660360731482,8.881784197001252e-16,PASS
speed_grad,pd_distance,median_improvement_delta,4.870081954694452,4.870081954694452,0.0,PASS
speed_grad,pd_distance,n_improved,164,164,0.0,PASS
speed_grad,pd_distance,n_worsened,4,4,0.0,PASS
speed_grad,pd_distance,n_tied,0,0,0.0,PASS
speed_grad,pd_distance,n_valid,168,168,0.0,PASS
speed_grad,mt_distance,cnn_mean,5.867795200574966,5.867795200574966,0.0,PASS
speed_grad,mt_distance,candidate_mean,6.290474925722394,6.290474925722394,0.0,PASS
speed_grad,mt_distance,mean_raw_delta,0.42267972514742896,0.42267972514742896,0.0,PASS
speed_grad,mt_distance,mean_improvement_delta,-0.42267972514742896,-0.42267972514742896,0.0,PASS
speed_grad,mt_distance,median_improvement_delta,-0.4818105697631836,-0.4818105697631836,0.0,PASS
speed_grad,mt_distance,n_improved,42,42,0.0,PASS
speed_grad,mt_distance,n_worsened,126,126,0.0,PASS
speed_grad,mt_distance,n_tied,0,0,0.0,PASS
speed_grad,mt_distance,n_valid,168,168,0.0,PASS
speed_levelset,psnruv,cnn_mean,31.192500433861134,31.192500433861134,0.0,PASS
speed_levelset,psnruv,candidate_mean,33.7789016593977,33.7789016593977,0.0,PASS
speed_levelset,psnruv,mean_raw_delta,2.58640122553656,2.58640122553656,0.0,PASS
speed_levelset,psnruv,mean_improvement_delta,2.58640122553656,2.58640122553656,0.0,PASS
speed_levelset,psnruv,median_improvement_delta,2.6077002211395595,2.6077002211395595,0.0,PASS
speed_levelset,psnruv,n_improved,168,168,0.0,PASS
speed_levelset,psnruv,n_worsened,0,0,0.0,PASS
speed_levelset,psnruv,n_tied,0,0,0.0,PASS
speed_levelset,psnruv,n_valid,168,168,0.0,PASS
speed_levelset,ssim_speed,cnn_mean,,,,PASS
speed_levelset,ssim_speed,candidate_mean,,,,PASS
speed_levelset,ssim_speed,mean_raw_delta,,,,PASS
speed_levelset,ssim_speed,mean_improvement_delta,,,,PASS
speed_levelset,ssim_speed,median_improvement_delta,,,,PASS
speed_levelset,ssim_speed,n_improved,,,,PASS
speed_levelset,ssim_speed,n_worsened,,,,PASS
speed_levelset,ssim_speed,n_tied,,,,PASS
speed_levelset,ssim_speed,n_valid,0,0,0.0,PASS
speed_levelset,speed_mae,cnn_mean,0.6940701629397319,0.6940701629397316,3.3306690738754696e-16,PASS
speed_levelset,speed_mae,candidate_mean,0.4933673942059962,0.4933673942059965,3.3306690738754696e-16,PASS
speed_levelset,speed_mae,mean_raw_delta,-0.20070276873373563,-0.20070276873373563,0.0,PASS
speed_levelset,speed_mae,mean_improvement_delta,0.20070276873373563,0.20070276873373563,0.0,PASS
speed_levelset,speed_mae,median_improvement_delta,0.1972876347754035,0.1972876347754035,0.0,PASS
speed_levelset,speed_mae,n_improved,168,168,0.0,PASS
speed_levelset,speed_mae,n_worsened,0,0,0.0,PASS
speed_levelset,speed_mae,n_tied,0,0,0.0,PASS
speed_levelset,speed_mae,n_valid,168,168,0.0,PASS
speed_levelset,speed_rmse,cnn_mean,1.1077586003651096,1.1077586003651088,8.881784197001252e-16,PASS
speed_levelset,speed_rmse,candidate_mean,0.8530594091440766,0.8530594091440766,0.0,PASS
speed_levelset,speed_rmse,mean_raw_delta,-0.25469919122103296,-0.2546991912210328,1.6653345369377348e-16,PASS
speed_levelset,speed_rmse,mean_improvement_delta,0.25469919122103296,0.2546991912210328,1.6653345369377348e-16,PASS
speed_levelset,speed_rmse,median_improvement_delta,0.23421732701433162,0.23421732701433162,0.0,PASS
speed_levelset,speed_rmse,n_improved,168,168,0.0,PASS
speed_levelset,speed_rmse,n_worsened,0,0,0.0,PASS
speed_levelset,speed_rmse,n_tied,0,0,0.0,PASS
speed_levelset,speed_rmse,n_valid,168,168,0.0,PASS
speed_levelset,wpd_mae,cnn_mean,231.67091095165674,231.67091095165674,0.0,PASS
speed_levelset,wpd_mae,candidate_mean,157.91647645651003,157.91647645651003,0.0,PASS
speed_levelset,wpd_mae,mean_raw_delta,-73.75443449514671,-73.75443449514671,0.0,PASS
speed_levelset,wpd_mae,mean_improvement_delta,73.75443449514671,73.75443449514671,0.0,PASS
speed_levelset,wpd_mae,median_improvement_delta,70.74539643409834,70.74539643409834,0.0,PASS
speed_levelset,wpd_mae,n_improved,168,168,0.0,PASS
speed_levelset,wpd_mae,n_worsened,0,0,0.0,PASS
speed_levelset,wpd_mae,n_tied,0,0,0.0,PASS
speed_levelset,wpd_mae,n_valid,168,168,0.0,PASS
speed_levelset,wpd_w1,cnn_mean,45.27127092112853,45.271270921128526,7.105427357601002e-15,PASS
speed_levelset,wpd_w1,candidate_mean,31.896608009505115,31.896608009505133,1.7763568394002505e-14,PASS
speed_levelset,wpd_w1,mean_raw_delta,-13.374662911623416,-13.374662911623416,0.0,PASS
speed_levelset,wpd_w1,mean_improvement_delta,13.374662911623416,13.374662911623416,0.0,PASS
speed_levelset,wpd_w1,median_improvement_delta,13.87230053822649,13.87230053822649,0.0,PASS
speed_levelset,wpd_w1,n_improved,137,137,0.0,PASS
speed_levelset,wpd_w1,n_worsened,31,31,0.0,PASS
speed_levelset,wpd_w1,n_tied,0,0,0.0,PASS
speed_levelset,wpd_w1,n_valid,168,168,0.0,PASS
speed_levelset,wpd_bias_abs,cnn_mean,35.343902938857745,35.343902938857745,0.0,PASS
speed_levelset,wpd_bias_abs,candidate_mean,21.239794796735378,21.239794796735378,0.0,PASS
speed_levelset,wpd_bias_abs,mean_raw_delta,-14.104108142122367,-14.104108142122367,0.0,PASS
speed_levelset,wpd_bias_abs,mean_improvement_delta,14.104108142122367,14.104108142122367,0.0,PASS
speed_levelset,wpd_bias_abs,median_improvement_delta,16.163461746899188,16.163461746899188,0.0,PASS
speed_levelset,wpd_bias_abs,n_improved,122,122,0.0,PASS
speed_levelset,wpd_bias_abs,n_worsened,46,46,0.0,PASS
speed_levelset,wpd_bias_abs,n_tied,0,0,0.0,PASS
speed_levelset,wpd_bias_abs,n_valid,168,168,0.0,PASS
speed_levelset,grad_mae,cnn_mean,0.3490557204526641,0.3490557204526642,1.1102230246251565e-16,PASS
speed_levelset,grad_mae,candidate_mean,0.32276050229350844,0.32276050229350856,1.1102230246251565e-16,PASS
speed_levelset,grad_mae,mean_raw_delta,-0.026295218159155635,-0.02629521815915563,6.938893903907228e-18,PASS
speed_levelset,grad_mae,mean_improvement_delta,0.026295218159155635,0.02629521815915563,6.938893903907228e-18,PASS
speed_levelset,grad_mae,median_improvement_delta,0.025301997156381706,0.025301997156381706,0.0,PASS
speed_levelset,grad_mae,n_improved,168,168,0.0,PASS
speed_levelset,grad_mae,n_worsened,0,0,0.0,PASS
speed_levelset,grad_mae,n_tied,0,0,0.0,PASS
speed_levelset,grad_mae,n_valid,168,168,0.0,PASS
speed_levelset,grad_w1,cnn_mean,0.23294292018237558,0.23294292018237575,1.6653345369377348e-16,PASS
speed_levelset,grad_w1,candidate_mean,0.24571511538175703,0.24571511538175722,1.942890293094024e-16,PASS
speed_levelset,grad_w1,mean_raw_delta,0.01277219519938145,0.012772195199381447,3.469446951953614e-18,PASS
speed_levelset,grad_w1,mean_improvement_delta,-0.01277219519938145,-0.012772195199381447,3.469446951953614e-18,PASS
speed_levelset,grad_w1,median_improvement_delta,-0.008253585229603025,-0.008253585229603025,0.0,PASS
speed_levelset,grad_w1,n_improved,46,46,0.0,PASS
speed_levelset,grad_w1,n_worsened,122,122,0.0,PASS
speed_levelset,grad_w1,n_tied,0,0,0.0,PASS
speed_levelset,grad_w1,n_valid,168,168,0.0,PASS
speed_levelset,grad_kurtosis_abs_delta,cnn_mean,3.7003760441443694,3.70037604414437,4.440892098500626e-16,PASS
speed_levelset,grad_kurtosis_abs_delta,candidate_mean,5.271491014423601,5.2714910144236,8.881784197001252e-16,PASS
speed_levelset,grad_kurtosis_abs_delta,mean_raw_delta,1.571114970279232,1.5711149702792309,1.1102230246251565e-15,PASS
speed_levelset,grad_kurtosis_abs_delta,mean_improvement_delta,-1.571114970279232,-1.5711149702792309,1.1102230246251565e-15,PASS
speed_levelset,grad_kurtosis_abs_delta,median_improvement_delta,-1.0172671620010343,-1.0172671620010343,0.0,PASS
speed_levelset,grad_kurtosis_abs_delta,n_improved,55,55,0.0,PASS
speed_levelset,grad_kurtosis_abs_delta,n_worsened,113,113,0.0,PASS
speed_levelset,grad_kurtosis_abs_delta,n_tied,0,0,0.0,PASS
speed_levelset,grad_kurtosis_abs_delta,n_valid,168,168,0.0,PASS
speed_levelset,psd_log_l2,cnn_mean,0.8335247431666106,0.833524743166611,3.3306690738754696e-16,PASS
speed_levelset,psd_log_l2,candidate_mean,1.1219448468879327,1.1219448468879325,2.220446049250313e-16,PASS
speed_levelset,psd_log_l2,mean_raw_delta,0.2884201037213222,0.28842010372132215,5.551115123125783e-17,PASS
speed_levelset,psd_log_l2,mean_improvement_delta,-0.2884201037213222,-0.28842010372132215,5.551115123125783e-17,PASS
speed_levelset,psd_log_l2,median_improvement_delta,-0.24095473357794514,-0.24095473357794514,0.0,PASS
speed_levelset,psd_log_l2,n_improved,0,0,0.0,PASS
speed_levelset,psd_log_l2,n_worsened,168,168,0.0,PASS
speed_levelset,psd_log_l2,n_tied,0,0,0.0,PASS
speed_levelset,psd_log_l2,n_valid,168,168,0.0,PASS
speed_levelset,psd_slope_abs_delta,cnn_mean,0.9150108562505738,0.9150108562505733,4.440892098500626e-16,PASS
speed_levelset,psd_slope_abs_delta,candidate_mean,1.449169852592245,1.4491698525922454,4.440892098500626e-16,PASS
speed_levelset,psd_slope_abs_delta,mean_raw_delta,0.5341589963416712,0.5341589963416712,0.0,PASS
speed_levelset,psd_slope_abs_delta,mean_improvement_delta,-0.5341589963416712,-0.5341589963416712,0.0,PASS
speed_levelset,psd_slope_abs_delta,median_improvement_delta,-0.48988954923284367,-0.48988954923284367,0.0,PASS
speed_levelset,psd_slope_abs_delta,n_improved,0,0,0.0,PASS
speed_levelset,psd_slope_abs_delta,n_worsened,168,168,0.0,PASS
speed_levelset,psd_slope_abs_delta,n_tied,0,0,0.0,PASS
speed_levelset,psd_slope_abs_delta,n_valid,168,168,0.0,PASS
speed_levelset,exceed_abs_t5,cnn_mean,0.004242333333333336,0.004242333333333336,0.0,PASS
speed_levelset,exceed_abs_t5,candidate_mean,0.006855095238095238,0.006855095238095238,0.0,PASS
speed_levelset,exceed_abs_t5,mean_raw_delta,0.002612761904761903,0.002612761904761903,0.0,PASS
speed_levelset,exceed_abs_t5,mean_improvement_delta,-0.002612761904761903,-0.002612761904761903,0.0,PASS
speed_levelset,exceed_abs_t5,median_improvement_delta,-0.0026100000000000567,-0.0026100000000000567,0.0,PASS
speed_levelset,exceed_abs_t5,n_improved,16,16,0.0,PASS
speed_levelset,exceed_abs_t5,n_worsened,152,152,0.0,PASS
speed_levelset,exceed_abs_t5,n_tied,0,0,0.0,PASS
speed_levelset,exceed_abs_t5,n_valid,168,168,0.0,PASS
speed_levelset,exceed_abs_t10,cnn_mean,0.006580809523809519,0.006580809523809515,4.336808689942018e-18,PASS
speed_levelset,exceed_abs_t10,candidate_mean,0.004481833333333332,0.0044818333333333325,8.673617379884035e-19,PASS
speed_levelset,exceed_abs_t10,mean_raw_delta,-0.002098976190476188,-0.0020989761904761876,4.336808689942018e-19,PASS
speed_levelset,exceed_abs_t10,mean_improvement_delta,0.002098976190476188,0.0020989761904761876,4.336808689942018e-19,PASS
speed_levelset,exceed_abs_t10,median_improvement_delta,0.0012520000000000048,0.0012520000000000048,0.0,PASS
speed_levelset,exceed_abs_t10,n_improved,112,112,0.0,PASS
speed_levelset,exceed_abs_t10,n_worsened,56,56,0.0,PASS
speed_levelset,exceed_abs_t10,n_tied,0,0,0.0,PASS
speed_levelset,exceed_abs_t10,n_valid,168,168,0.0,PASS
speed_levelset,exceed_abs_t15,cnn_mean,0.0062105,0.0062104999999999955,4.336808689942018e-18,PASS
speed_levelset,exceed_abs_t15,candidate_mean,0.004109428571428571,0.004109428571428572,8.673617379884035e-19,PASS
speed_levelset,exceed_abs_t15,mean_raw_delta,-0.002101071428571428,-0.0021010714285714283,4.336808689942018e-19,PASS
speed_levelset,exceed_abs_t15,mean_improvement_delta,0.002101071428571428,0.0021010714285714283,4.336808689942018e-19,PASS
speed_levelset,exceed_abs_t15,median_improvement_delta,0.0009599999999999986,0.0009599999999999986,0.0,PASS
speed_levelset,exceed_abs_t15,n_improved,119,119,0.0,PASS
speed_levelset,exceed_abs_t15,n_worsened,49,49,0.0,PASS
speed_levelset,exceed_abs_t15,n_tied,0,0,0.0,PASS
speed_levelset,exceed_abs_t15,n_valid,168,168,0.0,PASS
speed_levelset,exceed_abs_p90,cnn_mean,0.010253619047619053,0.010253619047619051,1.734723475976807e-18,PASS
speed_levelset,exceed_abs_p90,candidate_mean,0.005986523809523815,0.005986523809523815,0.0,PASS
speed_levelset,exceed_abs_p90,mean_raw_delta,-0.004267095238095237,-0.004267095238095238,8.673617379884035e-19,PASS
speed_levelset,exceed_abs_p90,mean_improvement_delta,0.004267095238095237,0.004267095238095238,8.673617379884035e-19,PASS
speed_levelset,exceed_abs_p90,median_improvement_delta,0.004040000000000002,0.004040000000000002,0.0,PASS
speed_levelset,exceed_abs_p90,n_improved,135,135,0.0,PASS
speed_levelset,exceed_abs_p90,n_worsened,33,33,0.0,PASS
speed_levelset,exceed_abs_p90,n_tied,0,0,0.0,PASS
speed_levelset,exceed_abs_p90,n_valid,168,168,0.0,PASS
speed_levelset,comp_curve_l1,cnn_mean,115.52777777777779,115.52777777777774,4.263256414560601e-14,PASS
speed_levelset,comp_curve_l1,candidate_mean,141.48710317460316,141.48710317460313,2.842170943040401e-14,PASS
speed_levelset,comp_curve_l1,mean_raw_delta,25.9593253968254,25.959325396825392,7.105427357601002e-15,PASS
speed_levelset,comp_curve_l1,mean_improvement_delta,-25.9593253968254,-25.959325396825392,7.105427357601002e-15,PASS
speed_levelset,comp_curve_l1,median_improvement_delta,-24.333333333333343,-24.333333333333343,0.0,PASS
speed_levelset,comp_curve_l1,n_improved,5,5,0.0,PASS
speed_levelset,comp_curve_l1,n_worsened,163,163,0.0,PASS
speed_levelset,comp_curve_l1,n_tied,0,0,0.0,PASS
speed_levelset,comp_curve_l1,n_valid,168,168,0.0,PASS
speed_levelset,comp_abs_t5,cnn_mean,64.38095238095238,64.38095238095238,0.0,PASS
speed_levelset,comp_abs_t5,candidate_mean,69.4047619047619,69.4047619047619,0.0,PASS
speed_levelset,comp_abs_t5,mean_raw_delta,5.023809523809524,5.023809523809524,0.0,PASS
speed_levelset,comp_abs_t5,mean_improvement_delta,-5.023809523809524,-5.023809523809524,0.0,PASS
speed_levelset,comp_abs_t5,median_improvement_delta,-3.0,-3.0,0.0,PASS
speed_levelset,comp_abs_t5,n_improved,40,40,0.0,PASS
speed_levelset,comp_abs_t5,n_worsened,115,115,0.0,PASS
speed_levelset,comp_abs_t5,n_tied,13,13,0.0,PASS
speed_levelset,comp_abs_t5,n_valid,168,168,0.0,PASS
speed_levelset,comp_abs_t10,cnn_mean,187.16666666666666,187.16666666666666,0.0,PASS
speed_levelset,comp_abs_t10,candidate_mean,230.2202380952381,230.2202380952381,0.0,PASS
speed_levelset,comp_abs_t10,mean_raw_delta,43.05357142857143,43.05357142857143,0.0,PASS
speed_levelset,comp_abs_t10,mean_improvement_delta,-43.05357142857143,-43.05357142857143,0.0,PASS
speed_levelset,comp_abs_t10,median_improvement_delta,-42.0,-42.0,0.0,PASS
speed_levelset,comp_abs_t10,n_improved,2,2,0.0,PASS
speed_levelset,comp_abs_t10,n_worsened,165,165,0.0,PASS
speed_levelset,comp_abs_t10,n_tied,1,1,0.0,PASS
speed_levelset,comp_abs_t10,n_valid,168,168,0.0,PASS
speed_levelset,comp_abs_t15,cnn_mean,116.80952380952381,116.80952380952381,0.0,PASS
speed_levelset,comp_abs_t15,candidate_mean,142.07142857142858,142.07142857142858,0.0,PASS
speed_levelset,comp_abs_t15,mean_raw_delta,25.261904761904763,25.261904761904763,0.0,PASS
speed_levelset,comp_abs_t15,mean_improvement_delta,-25.261904761904763,-25.261904761904763,0.0,PASS
speed_levelset,comp_abs_t15,median_improvement_delta,-19.0,-19.0,0.0,PASS
speed_levelset,comp_abs_t15,n_improved,24,24,0.0,PASS
speed_levelset,comp_abs_t15,n_worsened,142,142,0.0,PASS
speed_levelset,comp_abs_t15,n_tied,2,2,0.0,PASS
speed_levelset,comp_abs_t15,n_valid,168,168,0.0,PASS
speed_levelset,pd_distance,cnn_mean,27.406283078086062,27.406283078086055,7.105427357601002e-15,PASS
speed_levelset,pd_distance,candidate_mean,29.436290755840098,29.436290755840098,0.0,PASS
speed_levelset,pd_distance,mean_raw_delta,2.0300076777540372,2.0300076777540372,0.0,PASS
speed_levelset,pd_distance,mean_improvement_delta,-2.0300076777540372,-2.0300076777540372,0.0,PASS
speed_levelset,pd_distance,median_improvement_delta,-1.8839094863495518,-1.8839094863495518,0.0,PASS
speed_levelset,pd_distance,n_improved,11,11,0.0,PASS
speed_levelset,pd_distance,n_worsened,157,157,0.0,PASS
speed_levelset,pd_distance,n_tied,0,0,0.0,PASS
speed_levelset,pd_distance,n_valid,168,168,0.0,PASS
speed_levelset,mt_distance,cnn_mean,5.867795200574966,5.867795200574966,0.0,PASS
speed_levelset,mt_distance,candidate_mean,5.944104677154904,5.944104677154904,0.0,PASS
speed_levelset,mt_distance,mean_raw_delta,0.07630947657993861,0.07630947657993861,0.0,PASS
speed_levelset,mt_distance,mean_improvement_delta,-0.07630947657993861,-0.07630947657993861,0.0,PASS
speed_levelset,mt_distance,median_improvement_delta,-0.11710715293884277,-0.11710715293884277,0.0,PASS
speed_levelset,mt_distance,n_improved,66,66,0.0,PASS
speed_levelset,mt_distance,n_worsened,102,102,0.0,PASS
speed_levelset,mt_distance,n_tied,0,0,0.0,PASS
speed_levelset,mt_distance,n_valid,168,168,0.0,PASS
speed_only,psnruv,cnn_mean,31.192500433861134,31.192500433861134,0.0,PASS
speed_only,psnruv,candidate_mean,33.789361310598466,33.789361310598466,0.0,PASS
speed_only,psnruv,mean_raw_delta,2.5968608767373276,2.5968608767373267,8.881784197001252e-16,PASS
speed_only,psnruv,mean_improvement_delta,2.5968608767373276,2.5968608767373267,8.881784197001252e-16,PASS
speed_only,psnruv,median_improvement_delta,2.6172779823507497,2.6172779823507497,0.0,PASS
speed_only,psnruv,n_improved,168,168,0.0,PASS
speed_only,psnruv,n_worsened,0,0,0.0,PASS
speed_only,psnruv,n_tied,0,0,0.0,PASS
speed_only,psnruv,n_valid,168,168,0.0,PASS
speed_only,ssim_speed,cnn_mean,,,,PASS
speed_only,ssim_speed,candidate_mean,,,,PASS
speed_only,ssim_speed,mean_raw_delta,,,,PASS
speed_only,ssim_speed,mean_improvement_delta,,,,PASS
speed_only,ssim_speed,median_improvement_delta,,,,PASS
speed_only,ssim_speed,n_improved,,,,PASS
speed_only,ssim_speed,n_worsened,,,,PASS
speed_only,ssim_speed,n_tied,,,,PASS
speed_only,ssim_speed,n_valid,0,0,0.0,PASS
speed_only,speed_mae,cnn_mean,0.6940701629397319,0.6940701629397316,3.3306690738754696e-16,PASS
speed_only,speed_mae,candidate_mean,0.4943152568705337,0.4943152568705335,1.6653345369377348e-16,PASS
speed_only,speed_mae,mean_raw_delta,-0.19975490606919818,-0.1997549060691982,2.7755575615628914e-17,PASS
speed_only,speed_mae,mean_improvement_delta,0.19975490606919818,0.1997549060691982,2.7755575615628914e-17,PASS
speed_only,speed_mae,median_improvement_delta,0.19667157348680794,0.19667157348680794,0.0,PASS
speed_only,speed_mae,n_improved,168,168,0.0,PASS
speed_only,speed_mae,n_worsened,0,0,0.0,PASS
speed_only,speed_mae,n_tied,0,0,0.0,PASS
speed_only,speed_mae,n_valid,168,168,0.0,PASS
speed_only,speed_rmse,cnn_mean,1.1077586003651096,1.1077586003651088,8.881784197001252e-16,PASS
speed_only,speed_rmse,candidate_mean,0.8532017743888024,0.8532017743888028,4.440892098500626e-16,PASS
speed_only,speed_rmse,mean_raw_delta,-0.2545568259763073,-0.25455682597630724,5.551115123125783e-17,PASS
speed_only,speed_rmse,mean_improvement_delta,0.2545568259763073,0.25455682597630724,5.551115123125783e-17,PASS
speed_only,speed_rmse,median_improvement_delta,0.23406052666640614,0.23406052666640614,0.0,PASS
speed_only,speed_rmse,n_improved,168,168,0.0,PASS
speed_only,speed_rmse,n_worsened,0,0,0.0,PASS
speed_only,speed_rmse,n_tied,0,0,0.0,PASS
speed_only,speed_rmse,n_valid,168,168,0.0,PASS
speed_only,wpd_mae,cnn_mean,231.67091095165674,231.67091095165674,0.0,PASS
speed_only,wpd_mae,candidate_mean,158.33374847976074,158.3337484797607,5.684341886080802e-14,PASS
speed_only,wpd_mae,mean_raw_delta,-73.337162471896,-73.33716247189602,2.842170943040401e-14,PASS
speed_only,wpd_mae,mean_improvement_delta,73.337162471896,73.33716247189602,2.842170943040401e-14,PASS
speed_only,wpd_mae,median_improvement_delta,70.1992748184246,70.1992748184246,0.0,PASS
speed_only,wpd_mae,n_improved,168,168,0.0,PASS
speed_only,wpd_mae,n_worsened,0,0,0.0,PASS
speed_only,wpd_mae,n_tied,0,0,0.0,PASS
speed_only,wpd_mae,n_valid,168,168,0.0,PASS
speed_only,wpd_w1,cnn_mean,45.27127092112853,45.271270921128526,7.105427357601002e-15,PASS
speed_only,wpd_w1,candidate_mean,35.87613140155216,35.87613140155215,7.105427357601002e-15,PASS
speed_only,wpd_w1,mean_raw_delta,-9.395139519576379,-9.395139519576375,3.552713678800501e-15,PASS
speed_only,wpd_w1,mean_improvement_delta,9.395139519576379,9.395139519576375,3.552713678800501e-15,PASS
speed_only,wpd_w1,median_improvement_delta,10.575500650085578,10.575500650085578,0.0,PASS
speed_only,wpd_w1,n_improved,120,120,0.0,PASS
speed_only,wpd_w1,n_worsened,48,48,0.0,PASS
speed_only,wpd_w1,n_tied,0,0,0.0,PASS
speed_only,wpd_w1,n_valid,168,168,0.0,PASS
speed_only,wpd_bias_abs,cnn_mean,35.343902938857745,35.343902938857745,0.0,PASS
speed_only,wpd_bias_abs,candidate_mean,26.443069018908822,26.443069018908805,1.7763568394002505e-14,PASS
speed_only,wpd_bias_abs,mean_raw_delta,-8.900833919948925,-8.900833919948923,1.7763568394002505e-15,PASS
speed_only,wpd_bias_abs,mean_improvement_delta,8.900833919948925,8.900833919948923,1.7763568394002505e-15,PASS
speed_only,wpd_bias_abs,median_improvement_delta,11.745322798686319,11.745322798686319,0.0,PASS
speed_only,wpd_bias_abs,n_improved,113,113,0.0,PASS
speed_only,wpd_bias_abs,n_worsened,55,55,0.0,PASS
speed_only,wpd_bias_abs,n_tied,0,0,0.0,PASS
speed_only,wpd_bias_abs,n_valid,168,168,0.0,PASS
speed_only,grad_mae,cnn_mean,0.3490557204526641,0.3490557204526642,1.1102230246251565e-16,PASS
speed_only,grad_mae,candidate_mean,0.32420891978223315,0.32420891978223315,0.0,PASS
speed_only,grad_mae,mean_raw_delta,-0.02484680067043096,-0.02484680067043096,0.0,PASS
speed_only,grad_mae,mean_improvement_delta,0.02484680067043096,0.02484680067043096,0.0,PASS
speed_only,grad_mae,median_improvement_delta,0.023796080723832214,0.023796080723832214,0.0,PASS
speed_only,grad_mae,n_improved,168,168,0.0,PASS
speed_only,grad_mae,n_worsened,0,0,0.0,PASS
speed_only,grad_mae,n_tied,0,0,0.0,PASS
speed_only,grad_mae,n_valid,168,168,0.0,PASS
speed_only,grad_w1,cnn_mean,0.23294292018237558,0.23294292018237575,1.6653345369377348e-16,PASS
speed_only,grad_w1,candidate_mean,0.24909343584849447,0.24909343584849447,0.0,PASS
speed_only,grad_w1,mean_raw_delta,0.01615051566611885,0.016150515666118852,3.469446951953614e-18,PASS
speed_only,grad_w1,mean_improvement_delta,-0.01615051566611885,-0.016150515666118852,3.469446951953614e-18,PASS
speed_only,grad_w1,median_improvement_delta,-0.010731243836320459,-0.010731243836320459,0.0,PASS
speed_only,grad_w1,n_improved,35,35,0.0,PASS
speed_only,grad_w1,n_worsened,133,133,0.0,PASS
speed_only,grad_w1,n_tied,0,0,0.0,PASS
speed_only,grad_w1,n_valid,168,168,0.0,PASS
speed_only,grad_kurtosis_abs_delta,cnn_mean,3.7003760441443694,3.70037604414437,4.440892098500626e-16,PASS
speed_only,grad_kurtosis_abs_delta,candidate_mean,5.131221651056194,5.13122165105619,3.552713678800501e-15,PASS
speed_only,grad_kurtosis_abs_delta,mean_raw_delta,1.430845606911824,1.4308456069118234,6.661338147750939e-16,PASS
speed_only,grad_kurtosis_abs_delta,mean_improvement_delta,-1.430845606911824,-1.4308456069118234,6.661338147750939e-16,PASS
speed_only,grad_kurtosis_abs_delta,median_improvement_delta,-0.8162179948824795,-0.8162179948824795,0.0,PASS
speed_only,grad_kurtosis_abs_delta,n_improved,59,59,0.0,PASS
speed_only,grad_kurtosis_abs_delta,n_worsened,109,109,0.0,PASS
speed_only,grad_kurtosis_abs_delta,n_tied,0,0,0.0,PASS
speed_only,grad_kurtosis_abs_delta,n_valid,168,168,0.0,PASS
speed_only,psd_log_l2,cnn_mean,0.8335247431666106,0.833524743166611,3.3306690738754696e-16,PASS
speed_only,psd_log_l2,candidate_mean,1.1310550816441978,1.1310550816441975,2.220446049250313e-16,PASS
speed_only,psd_log_l2,mean_raw_delta,0.29753033847758714,0.2975303384775872,5.551115123125783e-17,PASS
speed_only,psd_log_l2,mean_improvement_delta,-0.29753033847758714,-0.2975303384775872,5.551115123125783e-17,PASS
speed_only,psd_log_l2,median_improvement_delta,-0.2498165191752166,-0.2498165191752166,0.0,PASS
speed_only,psd_log_l2,n_improved,0,0,0.0,PASS
speed_only,psd_log_l2,n_worsened,168,168,0.0,PASS
speed_only,psd_log_l2,n_tied,0,0,0.0,PASS
speed_only,psd_log_l2,n_valid,168,168,0.0,PASS
speed_only,psd_slope_abs_delta,cnn_mean,0.9150108562505738,0.9150108562505733,4.440892098500626e-16,PASS
speed_only,psd_slope_abs_delta,candidate_mean,1.4547588985534412,1.4547588985534408,4.440892098500626e-16,PASS
speed_only,psd_slope_abs_delta,mean_raw_delta,0.5397480423028673,0.5397480423028674,1.1102230246251565e-16,PASS
speed_only,psd_slope_abs_delta,mean_improvement_delta,-0.5397480423028673,-0.5397480423028674,1.1102230246251565e-16,PASS
speed_only,psd_slope_abs_delta,median_improvement_delta,-0.496307848786371,-0.496307848786371,0.0,PASS
speed_only,psd_slope_abs_delta,n_improved,0,0,0.0,PASS
speed_only,psd_slope_abs_delta,n_worsened,168,168,0.0,PASS
speed_only,psd_slope_abs_delta,n_tied,0,0,0.0,PASS
speed_only,psd_slope_abs_delta,n_valid,168,168,0.0,PASS
speed_only,exceed_abs_t5,cnn_mean,0.004242333333333336,0.004242333333333336,0.0,PASS
speed_only,exceed_abs_t5,candidate_mean,0.006556357142857146,0.006556357142857143,2.6020852139652106e-18,PASS
speed_only,exceed_abs_t5,mean_raw_delta,0.002314023809523811,0.002314023809523811,0.0,PASS
speed_only,exceed_abs_t5,mean_improvement_delta,-0.002314023809523811,-0.002314023809523811,0.0,PASS
speed_only,exceed_abs_t5,median_improvement_delta,-0.0021380000000000288,-0.0021380000000000288,0.0,PASS
speed_only,exceed_abs_t5,n_improved,21,21,0.0,PASS
speed_only,exceed_abs_t5,n_worsened,147,147,0.0,PASS
speed_only,exceed_abs_t5,n_tied,0,0,0.0,PASS
speed_only,exceed_abs_t5,n_valid,168,168,0.0,PASS
speed_only,exceed_abs_t10,cnn_mean,0.006580809523809519,0.006580809523809515,4.336808689942018e-18,PASS
speed_only,exceed_abs_t10,candidate_mean,0.004892476190476189,0.00489247619047619,8.673617379884035e-19,PASS
speed_only,exceed_abs_t10,mean_raw_delta,-0.00168833333333333,-0.00168833333333333,0.0,PASS
speed_only,exceed_abs_t10,mean_improvement_delta,0.00168833333333333,0.00168833333333333,0.0,PASS
speed_only,exceed_abs_t10,median_improvement_delta,0.0017679999999999918,0.0017679999999999918,0.0,PASS
speed_only,exceed_abs_t10,n_improved,115,115,0.0,PASS
speed_only,exceed_abs_t10,n_worsened,53,53,0.0,PASS
speed_only,exceed_abs_t10,n_tied,0,0,0.0,PASS
speed_only,exceed_abs_t10,n_valid,168,168,0.0,PASS
speed_only,exceed_abs_t15,cnn_mean,0.0062105,0.0062104999999999955,4.336808689942018e-18,PASS
speed_only,exceed_abs_t15,candidate_mean,0.004753880952380951,0.00475388095238095,8.673617379884035e-19,PASS
speed_only,exceed_abs_t15,mean_raw_delta,-0.001456619047619048,-0.0014566190476190473,6.505213034913027e-19,PASS
speed_only,exceed_abs_t15,mean_improvement_delta,0.001456619047619048,0.0014566190476190473,6.505213034913027e-19,PASS
speed_only,exceed_abs_t15,median_improvement_delta,0.0006479999999999999,0.0006479999999999999,0.0,PASS
speed_only,exceed_abs_t15,n_improved,112,112,0.0,PASS
speed_only,exceed_abs_t15,n_worsened,56,56,0.0,PASS
speed_only,exceed_abs_t15,n_tied,0,0,0.0,PASS
speed_only,exceed_abs_t15,n_valid,168,168,0.0,PASS
speed_only,exceed_abs_p90,cnn_mean,0.010253619047619053,0.010253619047619051,1.734723475976807e-18,PASS
speed_only,exceed_abs_p90,candidate_mean,0.006950928571428577,0.006950928571428576,8.673617379884035e-19,PASS
speed_only,exceed_abs_p90,mean_raw_delta,-0.0033026904761904756,-0.003302690476190477,1.3010426069826053e-18,PASS
speed_only,exceed_abs_p90,mean_improvement_delta,0.0033026904761904756,0.003302690476190477,1.3010426069826053e-18,PASS
speed_only,exceed_abs_p90,median_improvement_delta,0.0031679999999999903,0.0031679999999999903,0.0,PASS
speed_only,exceed_abs_p90,n_improved,131,131,0.0,PASS
speed_only,exceed_abs_p90,n_worsened,37,37,0.0,PASS
speed_only,exceed_abs_p90,n_tied,0,0,0.0,PASS
speed_only,exceed_abs_p90,n_valid,168,168,0.0,PASS
speed_only,comp_curve_l1,cnn_mean,115.52777777777779,115.52777777777774,4.263256414560601e-14,PASS
speed_only,comp_curve_l1,candidate_mean,142.19940476190476,142.19940476190487,1.1368683772161603e-13,PASS
speed_only,comp_curve_l1,mean_raw_delta,26.67162698412698,26.671626984126977,3.552713678800501e-15,PASS
speed_only,comp_curve_l1,mean_improvement_delta,-26.67162698412698,-26.671626984126977,3.552713678800501e-15,PASS
speed_only,comp_curve_l1,median_improvement_delta,-25.91666666666667,-25.91666666666667,0.0,PASS
speed_only,comp_curve_l1,n_improved,6,6,0.0,PASS
speed_only,comp_curve_l1,n_worsened,161,161,0.0,PASS
speed_only,comp_curve_l1,n_tied,1,1,0.0,PASS
speed_only,comp_curve_l1,n_valid,168,168,0.0,PASS
speed_only,comp_abs_t5,cnn_mean,64.38095238095238,64.38095238095238,0.0,PASS
speed_only,comp_abs_t5,candidate_mean,69.21428571428571,69.21428571428571,0.0,PASS
speed_only,comp_abs_t5,mean_raw_delta,4.833333333333333,4.833333333333333,0.0,PASS
speed_only,comp_abs_t5,mean_improvement_delta,-4.833333333333333,-4.833333333333333,0.0,PASS
speed_only,comp_abs_t5,median_improvement_delta,-3.0,-3.0,0.0,PASS
speed_only,comp_abs_t5,n_improved,45,45,0.0,PASS
speed_only,comp_abs_t5,n_worsened,112,112,0.0,PASS
speed_only,comp_abs_t5,n_tied,11,11,0.0,PASS
speed_only,comp_abs_t5,n_valid,168,168,0.0,PASS
speed_only,comp_abs_t10,cnn_mean,187.16666666666666,187.16666666666666,0.0,PASS
speed_only,comp_abs_t10,candidate_mean,230.00595238095238,230.00595238095238,0.0,PASS
speed_only,comp_abs_t10,mean_raw_delta,42.839285714285715,42.839285714285715,0.0,PASS
speed_only,comp_abs_t10,mean_improvement_delta,-42.839285714285715,-42.839285714285715,0.0,PASS
speed_only,comp_abs_t10,median_improvement_delta,-43.0,-43.0,0.0,PASS
speed_only,comp_abs_t10,n_improved,5,5,0.0,PASS
speed_only,comp_abs_t10,n_worsened,163,163,0.0,PASS
speed_only,comp_abs_t10,n_tied,0,0,0.0,PASS
speed_only,comp_abs_t10,n_valid,168,168,0.0,PASS
speed_only,comp_abs_t15,cnn_mean,116.80952380952381,116.80952380952381,0.0,PASS
speed_only,comp_abs_t15,candidate_mean,143.57142857142858,143.57142857142858,0.0,PASS
speed_only,comp_abs_t15,mean_raw_delta,26.761904761904763,26.761904761904763,0.0,PASS
speed_only,comp_abs_t15,mean_improvement_delta,-26.761904761904763,-26.761904761904763,0.0,PASS
speed_only,comp_abs_t15,median_improvement_delta,-22.0,-22.0,0.0,PASS
speed_only,comp_abs_t15,n_improved,24,24,0.0,PASS
speed_only,comp_abs_t15,n_worsened,142,142,0.0,PASS
speed_only,comp_abs_t15,n_tied,2,2,0.0,PASS
speed_only,comp_abs_t15,n_valid,168,168,0.0,PASS
speed_only,pd_distance,cnn_mean,27.406283078086062,27.406283078086055,7.105427357601002e-15,PASS
speed_only,pd_distance,candidate_mean,29.578276619692105,29.578276619692105,0.0,PASS
speed_only,pd_distance,mean_raw_delta,2.171993541606045,2.171993541606046,8.881784197001252e-16,PASS
speed_only,pd_distance,mean_improvement_delta,-2.171993541606045,-2.171993541606046,8.881784197001252e-16,PASS
speed_only,pd_distance,median_improvement_delta,-1.9958314877322216,-1.9958314877322216,0.0,PASS
speed_only,pd_distance,n_improved,9,9,0.0,PASS
speed_only,pd_distance,n_worsened,159,159,0.0,PASS
speed_only,pd_distance,n_tied,0,0,0.0,PASS
speed_only,pd_distance,n_valid,168,168,0.0,PASS
speed_only,mt_distance,cnn_mean,5.867795200574966,5.867795200574966,0.0,PASS
speed_only,mt_distance,candidate_mean,5.999594864391145,5.999594864391145,0.0,PASS
speed_only,mt_distance,mean_raw_delta,0.13179966381617955,0.13179966381617955,0.0,PASS
speed_only,mt_distance,mean_improvement_delta,-0.13179966381617955,-0.13179966381617955,0.0,PASS
speed_only,mt_distance,median_improvement_delta,-0.18034911155700684,-0.18034911155700684,0.0,PASS
speed_only,mt_distance,n_improved,61,61,0.0,PASS
speed_only,mt_distance,n_worsened,107,107,0.0,PASS
speed_only,mt_distance,n_tied,0,0,0.0,PASS
speed_only,mt_distance,n_valid,168,168,0.0,PASS
uv,psnruv,cnn_mean,31.192500433861134,31.192500433861134,0.0,PASS
uv,psnruv,candidate_mean,33.78924941632876,33.789249416328786,2.842170943040401e-14,PASS
uv,psnruv,mean_raw_delta,2.596748982467617,2.5967489824676155,1.3322676295501878e-15,PASS
uv,psnruv,mean_improvement_delta,2.596748982467617,2.5967489824676155,1.3322676295501878e-15,PASS
uv,psnruv,median_improvement_delta,2.620486571895448,2.620486571895448,0.0,PASS
uv,psnruv,n_improved,168,168,0.0,PASS
uv,psnruv,n_worsened,0,0,0.0,PASS
uv,psnruv,n_tied,0,0,0.0,PASS
uv,psnruv,n_valid,168,168,0.0,PASS
uv,ssim_speed,cnn_mean,,,,PASS
uv,ssim_speed,candidate_mean,,,,PASS
uv,ssim_speed,mean_raw_delta,,,,PASS
uv,ssim_speed,mean_improvement_delta,,,,PASS
uv,ssim_speed,median_improvement_delta,,,,PASS
uv,ssim_speed,n_improved,,,,PASS
uv,ssim_speed,n_worsened,,,,PASS
uv,ssim_speed,n_tied,,,,PASS
uv,ssim_speed,n_valid,0,0,0.0,PASS
uv,speed_mae,cnn_mean,0.6940701629397319,0.6940701629397316,3.3306690738754696e-16,PASS
uv,speed_mae,candidate_mean,0.495796154586908,0.49579615458690796,5.551115123125783e-17,PASS
uv,speed_mae,mean_raw_delta,-0.19827400835282377,-0.19827400835282377,0.0,PASS
uv,speed_mae,mean_improvement_delta,0.19827400835282377,0.19827400835282377,0.0,PASS
uv,speed_mae,median_improvement_delta,0.1955016510632726,0.1955016510632726,0.0,PASS
uv,speed_mae,n_improved,168,168,0.0,PASS
uv,speed_mae,n_worsened,0,0,0.0,PASS
uv,speed_mae,n_tied,0,0,0.0,PASS
uv,speed_mae,n_valid,168,168,0.0,PASS
uv,speed_rmse,cnn_mean,1.1077586003651096,1.1077586003651088,8.881784197001252e-16,PASS
uv,speed_rmse,candidate_mean,0.8554678434057079,0.8554678434057085,5.551115123125783e-16,PASS
uv,speed_rmse,mean_raw_delta,-0.2522907569594016,-0.25229075695940156,5.551115123125783e-17,PASS
uv,speed_rmse,mean_improvement_delta,0.2522907569594016,0.25229075695940156,5.551115123125783e-17,PASS
uv,speed_rmse,median_improvement_delta,0.23141116035626613,0.23141116035626613,0.0,PASS
uv,speed_rmse,n_improved,168,168,0.0,PASS
uv,speed_rmse,n_worsened,0,0,0.0,PASS
uv,speed_rmse,n_tied,0,0,0.0,PASS
uv,speed_rmse,n_valid,168,168,0.0,PASS
uv,wpd_mae,cnn_mean,231.67091095165674,231.67091095165674,0.0,PASS
uv,wpd_mae,candidate_mean,158.9769313928651,158.9769313928652,8.526512829121202e-14,PASS
uv,wpd_mae,mean_raw_delta,-72.69397955879161,-72.69397955879161,0.0,PASS
uv,wpd_mae,mean_improvement_delta,72.69397955879161,72.69397955879161,0.0,PASS
uv,wpd_mae,median_improvement_delta,69.51223074288153,69.51223074288153,0.0,PASS
uv,wpd_mae,n_improved,168,168,0.0,PASS
uv,wpd_mae,n_worsened,0,0,0.0,PASS
uv,wpd_mae,n_tied,0,0,0.0,PASS
uv,wpd_mae,n_valid,168,168,0.0,PASS
uv,wpd_w1,cnn_mean,45.27127092112853,45.271270921128526,7.105427357601002e-15,PASS
uv,wpd_w1,candidate_mean,39.392707249834544,39.392707249834565,2.1316282072803006e-14,PASS
uv,wpd_w1,mean_raw_delta,-5.878563671293996,-5.878563671293997,8.881784197001252e-16,PASS
uv,wpd_w1,mean_improvement_delta,5.878563671293996,5.878563671293997,8.881784197001252e-16,PASS
uv,wpd_w1,median_improvement_delta,8.047669130340026,8.047669130340026,0.0,PASS
uv,wpd_w1,n_improved,111,111,0.0,PASS
uv,wpd_w1,n_worsened,57,57,0.0,PASS
uv,wpd_w1,n_tied,0,0,0.0,PASS
uv,wpd_w1,n_valid,168,168,0.0,PASS
uv,wpd_bias_abs,cnn_mean,35.343902938857745,35.343902938857745,0.0,PASS
uv,wpd_bias_abs,candidate_mean,31.30333604832265,31.30333604832263,1.7763568394002505e-14,PASS
uv,wpd_bias_abs,mean_raw_delta,-4.040566890535099,-4.040566890535103,3.552713678800501e-15,PASS
uv,wpd_bias_abs,mean_improvement_delta,4.040566890535099,4.040566890535103,3.552713678800501e-15,PASS
uv,wpd_bias_abs,median_improvement_delta,8.673247116769288,8.673247116769288,0.0,PASS
uv,wpd_bias_abs,n_improved,104,104,0.0,PASS
uv,wpd_bias_abs,n_worsened,64,64,0.0,PASS
uv,wpd_bias_abs,n_tied,0,0,0.0,PASS
uv,wpd_bias_abs,n_valid,168,168,0.0,PASS
uv,grad_mae,cnn_mean,0.3490557204526641,0.3490557204526642,1.1102230246251565e-16,PASS
uv,grad_mae,candidate_mean,0.3247428378749332,0.32474283787493324,5.551115123125783e-17,PASS
uv,grad_mae,mean_raw_delta,-0.024312882577730916,-0.024312882577730927,1.0408340855860843e-17,PASS
uv,grad_mae,mean_improvement_delta,0.024312882577730916,0.024312882577730927,1.0408340855860843e-17,PASS
uv,grad_mae,median_improvement_delta,0.023218286457566878,0.023218286457566878,0.0,PASS
uv,grad_mae,n_improved,168,168,0.0,PASS
uv,grad_mae,n_worsened,0,0,0.0,PASS
uv,grad_mae,n_tied,0,0,0.0,PASS
uv,grad_mae,n_valid,168,168,0.0,PASS
uv,grad_w1,cnn_mean,0.23294292018237558,0.23294292018237575,1.6653345369377348e-16,PASS
uv,grad_w1,candidate_mean,0.2496098073035561,0.24960980730355598,1.3877787807814457e-16,PASS
uv,grad_w1,mean_raw_delta,0.016666887121180484,0.016666887121180484,0.0,PASS
uv,grad_w1,mean_improvement_delta,-0.016666887121180484,-0.016666887121180484,0.0,PASS
uv,grad_w1,median_improvement_delta,-0.011160021854712807,-0.011160021854712807,0.0,PASS
uv,grad_w1,n_improved,32,32,0.0,PASS
uv,grad_w1,n_worsened,136,136,0.0,PASS
uv,grad_w1,n_tied,0,0,0.0,PASS
uv,grad_w1,n_valid,168,168,0.0,PASS
uv,grad_kurtosis_abs_delta,cnn_mean,3.7003760441443694,3.70037604414437,4.440892098500626e-16,PASS
uv,grad_kurtosis_abs_delta,candidate_mean,5.579251153128264,5.579251153128267,2.6645352591003757e-15,PASS
uv,grad_kurtosis_abs_delta,mean_raw_delta,1.878875108983895,1.8788751089838958,6.661338147750939e-16,PASS
uv,grad_kurtosis_abs_delta,mean_improvement_delta,-1.878875108983895,-1.8788751089838958,6.661338147750939e-16,PASS
uv,grad_kurtosis_abs_delta,median_improvement_delta,-1.4298193545526505,-1.4298193545526505,0.0,PASS
uv,grad_kurtosis_abs_delta,n_improved,55,55,0.0,PASS
uv,grad_kurtosis_abs_delta,n_worsened,113,113,0.0,PASS
uv,grad_kurtosis_abs_delta,n_tied,0,0,0.0,PASS
uv,grad_kurtosis_abs_delta,n_valid,168,168,0.0,PASS
uv,psd_log_l2,cnn_mean,0.8335247431666106,0.833524743166611,3.3306690738754696e-16,PASS
uv,psd_log_l2,candidate_mean,1.133796467252087,1.1337964672520873,2.220446049250313e-16,PASS
uv,psd_log_l2,mean_raw_delta,0.3002717240854764,0.3002717240854765,5.551115123125783e-17,PASS
uv,psd_log_l2,mean_improvement_delta,-0.3002717240854764,-0.3002717240854765,5.551115123125783e-17,PASS
uv,psd_log_l2,median_improvement_delta,-0.25399975439182665,-0.25399975439182665,0.0,PASS
uv,psd_log_l2,n_improved,0,0,0.0,PASS
uv,psd_log_l2,n_worsened,168,168,0.0,PASS
uv,psd_log_l2,n_tied,0,0,0.0,PASS
uv,psd_log_l2,n_valid,168,168,0.0,PASS
uv,psd_slope_abs_delta,cnn_mean,0.9150108562505738,0.9150108562505733,4.440892098500626e-16,PASS
uv,psd_slope_abs_delta,candidate_mean,1.4560029134850594,1.4560029134850592,2.220446049250313e-16,PASS
uv,psd_slope_abs_delta,mean_raw_delta,0.5409920572344856,0.5409920572344857,1.1102230246251565e-16,PASS
uv,psd_slope_abs_delta,mean_improvement_delta,-0.5409920572344856,-0.5409920572344857,1.1102230246251565e-16,PASS
uv,psd_slope_abs_delta,median_improvement_delta,-0.4972161958077114,-0.4972161958077114,0.0,PASS
uv,psd_slope_abs_delta,n_improved,0,0,0.0,PASS
uv,psd_slope_abs_delta,n_worsened,168,168,0.0,PASS
uv,psd_slope_abs_delta,n_tied,0,0,0.0,PASS
uv,psd_slope_abs_delta,n_valid,168,168,0.0,PASS
uv,exceed_abs_t5,cnn_mean,0.004242333333333336,0.004242333333333336,0.0,PASS
uv,exceed_abs_t5,candidate_mean,0.005876952380952384,0.005876952380952385,8.673617379884035e-19,PASS
uv,exceed_abs_t5,mean_raw_delta,0.0016346190476190477,0.0016346190476190477,0.0,PASS
uv,exceed_abs_t5,mean_improvement_delta,-0.0016346190476190477,-0.0016346190476190477,0.0,PASS
uv,exceed_abs_t5,median_improvement_delta,-0.0014940000000000508,-0.0014940000000000508,0.0,PASS
uv,exceed_abs_t5,n_improved,41,41,0.0,PASS
uv,exceed_abs_t5,n_worsened,127,127,0.0,PASS
uv,exceed_abs_t5,n_tied,0,0,0.0,PASS
uv,exceed_abs_t5,n_valid,168,168,0.0,PASS
uv,exceed_abs_t10,cnn_mean,0.006580809523809519,0.006580809523809515,4.336808689942018e-18,PASS
uv,exceed_abs_t10,candidate_mean,0.0054696428571428535,0.005469642857142855,1.734723475976807e-18,PASS
uv,exceed_abs_t10,mean_raw_delta,-0.0011111666666666661,-0.0011111666666666661,0.0,PASS
uv,exceed_abs_t10,mean_improvement_delta,0.0011111666666666661,0.0011111666666666661,0.0,PASS
uv,exceed_abs_t10,median_improvement_delta,0.0011359999999999981,0.0011359999999999981,0.0,PASS
uv,exceed_abs_t10,n_improved,109,109,0.0,PASS
uv,exceed_abs_t10,n_worsened,59,59,0.0,PASS
uv,exceed_abs_t10,n_tied,0,0,0.0,PASS
uv,exceed_abs_t10,n_valid,168,168,0.0,PASS
uv,exceed_abs_t15,cnn_mean,0.0062105,0.0062104999999999955,4.336808689942018e-18,PASS
uv,exceed_abs_t15,candidate_mean,0.005337119047619047,0.005337119047619051,3.469446951953614e-18,PASS
uv,exceed_abs_t15,mean_raw_delta,-0.0008733809523809519,-0.0008733809523809519,0.0,PASS
uv,exceed_abs_t15,mean_improvement_delta,0.0008733809523809519,0.0008733809523809519,0.0,PASS
uv,exceed_abs_t15,median_improvement_delta,0.0003880000000000012,0.0003880000000000012,0.0,PASS
uv,exceed_abs_t15,n_improved,100,100,0.0,PASS
uv,exceed_abs_t15,n_worsened,68,68,0.0,PASS
uv,exceed_abs_t15,n_tied,0,0,0.0,PASS
uv,exceed_abs_t15,n_valid,168,168,0.0,PASS
uv,exceed_abs_p90,cnn_mean,0.010253619047619053,0.010253619047619051,1.734723475976807e-18,PASS
uv,exceed_abs_p90,candidate_mean,0.00786880952380953,0.007868809523809526,3.469446951953614e-18,PASS
uv,exceed_abs_p90,mean_raw_delta,-0.002384809523809524,-0.002384809523809523,8.673617379884035e-19,PASS
uv,exceed_abs_p90,mean_improvement_delta,0.002384809523809524,0.002384809523809523,8.673617379884035e-19,PASS
uv,exceed_abs_p90,median_improvement_delta,0.002231999999999998,0.002231999999999998,0.0,PASS
uv,exceed_abs_p90,n_improved,116,116,0.0,PASS
uv,exceed_abs_p90,n_worsened,52,52,0.0,PASS
uv,exceed_abs_p90,n_tied,0,0,0.0,PASS
uv,exceed_abs_p90,n_valid,168,168,0.0,PASS
uv,comp_curve_l1,cnn_mean,115.52777777777779,115.52777777777774,4.263256414560601e-14,PASS
uv,comp_curve_l1,candidate_mean,141.9156746031746,141.91567460317472,1.1368683772161603e-13,PASS
uv,comp_curve_l1,mean_raw_delta,26.387896825396826,26.387896825396837,1.0658141036401503e-14,PASS
uv,comp_curve_l1,mean_improvement_delta,-26.387896825396826,-26.387896825396837,1.0658141036401503e-14,PASS
uv,comp_curve_l1,median_improvement_delta,-24.916666666666675,-24.916666666666675,0.0,PASS
uv,comp_curve_l1,n_improved,4,4,0.0,PASS
uv,comp_curve_l1,n_worsened,163,163,0.0,PASS
uv,comp_curve_l1,n_tied,1,1,0.0,PASS
uv,comp_curve_l1,n_valid,168,168,0.0,PASS
uv,comp_abs_t5,cnn_mean,64.38095238095238,64.38095238095238,0.0,PASS
uv,comp_abs_t5,candidate_mean,68.88095238095238,68.88095238095238,0.0,PASS
uv,comp_abs_t5,mean_raw_delta,4.5,4.5,0.0,PASS
uv,comp_abs_t5,mean_improvement_delta,-4.5,-4.5,0.0,PASS
uv,comp_abs_t5,median_improvement_delta,-3.0,-3.0,0.0,PASS
uv,comp_abs_t5,n_improved,44,44,0.0,PASS
uv,comp_abs_t5,n_worsened,112,112,0.0,PASS
uv,comp_abs_t5,n_tied,12,12,0.0,PASS
uv,comp_abs_t5,n_valid,168,168,0.0,PASS
uv,comp_abs_t10,cnn_mean,187.16666666666666,187.16666666666666,0.0,PASS
uv,comp_abs_t10,candidate_mean,228.8095238095238,228.8095238095238,0.0,PASS
uv,comp_abs_t10,mean_raw_delta,41.642857142857146,41.642857142857146,0.0,PASS
uv,comp_abs_t10,mean_improvement_delta,-41.642857142857146,-41.642857142857146,0.0,PASS
uv,comp_abs_t10,median_improvement_delta,-41.5,-41.5,0.0,PASS
uv,comp_abs_t10,n_improved,3,3,0.0,PASS
uv,comp_abs_t10,n_worsened,165,165,0.0,PASS
uv,comp_abs_t10,n_tied,0,0,0.0,PASS
uv,comp_abs_t10,n_valid,168,168,0.0,PASS
uv,comp_abs_t15,cnn_mean,116.80952380952381,116.80952380952381,0.0,PASS
uv,comp_abs_t15,candidate_mean,143.5654761904762,143.5654761904762,0.0,PASS
uv,comp_abs_t15,mean_raw_delta,26.75595238095238,26.75595238095238,0.0,PASS
uv,comp_abs_t15,mean_improvement_delta,-26.75595238095238,-26.75595238095238,0.0,PASS
uv,comp_abs_t15,median_improvement_delta,-21.5,-21.5,0.0,PASS
uv,comp_abs_t15,n_improved,28,28,0.0,PASS
uv,comp_abs_t15,n_worsened,139,139,0.0,PASS
uv,comp_abs_t15,n_tied,1,1,0.0,PASS
uv,comp_abs_t15,n_valid,168,168,0.0,PASS
uv,pd_distance,cnn_mean,27.406283078086062,27.406283078086055,7.105427357601002e-15,PASS
uv,pd_distance,candidate_mean,29.612120109960603,29.612120109960593,1.0658141036401503e-14,PASS
uv,pd_distance,mean_raw_delta,2.2058370318745433,2.2058370318745437,4.440892098500626e-16,PASS
uv,pd_distance,mean_improvement_delta,-2.2058370318745433,-2.2058370318745437,4.440892098500626e-16,PASS
uv,pd_distance,median_improvement_delta,-2.0523099248358943,-2.0523099248358943,0.0,PASS
uv,pd_distance,n_improved,9,9,0.0,PASS
uv,pd_distance,n_worsened,159,159,0.0,PASS
uv,pd_distance,n_tied,0,0,0.0,PASS
uv,pd_distance,n_valid,168,168,0.0,PASS
uv,mt_distance,cnn_mean,5.867795200574966,5.867795200574966,0.0,PASS
uv,mt_distance,candidate_mean,6.011865703832536,6.011865703832536,0.0,PASS
uv,mt_distance,mean_raw_delta,0.14407050325756982,0.14407050325756982,0.0,PASS
uv,mt_distance,mean_improvement_delta,-0.14407050325756982,-0.14407050325756982,0.0,PASS
uv,mt_distance,median_improvement_delta,-0.16756701469421387,-0.16756701469421387,0.0,PASS
uv,mt_distance,n_improved,64,64,0.0,PASS
uv,mt_distance,n_worsened,104,104,0.0,PASS
uv,mt_distance,n_tied,0,0,0.0,PASS
uv,mt_distance,n_valid,168,168,0.0,PASS
uv_crit,psnruv,cnn_mean,31.192500433861134,31.192500433861134,0.0,PASS
uv_crit,psnruv,candidate_mean,33.655150678889235,33.65515067888923,7.105427357601002e-15,PASS
uv_crit,psnruv,mean_raw_delta,2.4626502450280947,2.4626502450280943,4.440892098500626e-16,PASS
uv_crit,psnruv,mean_improvement_delta,2.4626502450280947,2.4626502450280943,4.440892098500626e-16,PASS
uv_crit,psnruv,median_improvement_delta,2.4830138879068766,2.4830138879068766,0.0,PASS
uv_crit,psnruv,n_improved,168,168,0.0,PASS
uv_crit,psnruv,n_worsened,0,0,0.0,PASS
uv_crit,psnruv,n_tied,0,0,0.0,PASS
uv_crit,psnruv,n_valid,168,168,0.0,PASS
uv_crit,ssim_speed,cnn_mean,,,,PASS
uv_crit,ssim_speed,candidate_mean,,,,PASS
uv_crit,ssim_speed,mean_raw_delta,,,,PASS
uv_crit,ssim_speed,mean_improvement_delta,,,,PASS
uv_crit,ssim_speed,median_improvement_delta,,,,PASS
uv_crit,ssim_speed,n_improved,,,,PASS
uv_crit,ssim_speed,n_worsened,,,,PASS
uv_crit,ssim_speed,n_tied,,,,PASS
uv_crit,ssim_speed,n_valid,0,0,0.0,PASS
uv_crit,speed_mae,cnn_mean,0.6940701629397319,0.6940701629397316,3.3306690738754696e-16,PASS
uv_crit,speed_mae,candidate_mean,0.5038023488315495,0.5038023488315495,0.0,PASS
uv_crit,speed_mae,mean_raw_delta,-0.19026781410818228,-0.19026781410818228,0.0,PASS
uv_crit,speed_mae,mean_improvement_delta,0.19026781410818228,0.19026781410818228,0.0,PASS
uv_crit,speed_mae,median_improvement_delta,0.18616467437592038,0.18616467437592038,0.0,PASS
uv_crit,speed_mae,n_improved,168,168,0.0,PASS
uv_crit,speed_mae,n_worsened,0,0,0.0,PASS
uv_crit,speed_mae,n_tied,0,0,0.0,PASS
uv_crit,speed_mae,n_valid,168,168,0.0,PASS
uv_crit,speed_rmse,cnn_mean,1.1077586003651096,1.1077586003651088,8.881784197001252e-16,PASS
uv_crit,speed_rmse,candidate_mean,0.8667425753641315,0.8667425753641315,0.0,PASS
uv_crit,speed_rmse,mean_raw_delta,-0.24101602500097816,-0.2410160250009782,5.551115123125783e-17,PASS
uv_crit,speed_rmse,mean_improvement_delta,0.24101602500097816,0.2410160250009782,5.551115123125783e-17,PASS
uv_crit,speed_rmse,median_improvement_delta,0.216365731366504,0.216365731366504,0.0,PASS
uv_crit,speed_rmse,n_improved,168,168,0.0,PASS
uv_crit,speed_rmse,n_worsened,0,0,0.0,PASS
uv_crit,speed_rmse,n_tied,0,0,0.0,PASS
uv_crit,speed_rmse,n_valid,168,168,0.0,PASS
uv_crit,wpd_mae,cnn_mean,231.67091095165674,231.67091095165674,0.0,PASS
uv_crit,wpd_mae,candidate_mean,163.04171960727152,163.04171960727152,0.0,PASS
uv_crit,wpd_mae,mean_raw_delta,-68.62919134438522,-68.62919134438525,2.842170943040401e-14,PASS
uv_crit,wpd_mae,mean_improvement_delta,68.62919134438522,68.62919134438525,2.842170943040401e-14,PASS
uv_crit,wpd_mae,median_improvement_delta,65.18302936277472,65.18302936277472,0.0,PASS
uv_crit,wpd_mae,n_improved,168,168,0.0,PASS
uv_crit,wpd_mae,n_worsened,0,0,0.0,PASS
uv_crit,wpd_mae,n_tied,0,0,0.0,PASS
uv_crit,wpd_mae,n_valid,168,168,0.0,PASS
uv_crit,wpd_w1,cnn_mean,45.27127092112853,45.271270921128526,7.105427357601002e-15,PASS
uv_crit,wpd_w1,candidate_mean,21.827575151262813,21.827575151262806,7.105427357601002e-15,PASS
uv_crit,wpd_w1,mean_raw_delta,-23.443695769865723,-23.443695769865723,0.0,PASS
uv_crit,wpd_w1,mean_improvement_delta,23.443695769865723,23.443695769865723,0.0,PASS
uv_crit,wpd_w1,median_improvement_delta,24.444324302851758,24.444324302851758,0.0,PASS
uv_crit,wpd_w1,n_improved,160,160,0.0,PASS
uv_crit,wpd_w1,n_worsened,8,8,0.0,PASS
uv_crit,wpd_w1,n_tied,0,0,0.0,PASS
uv_crit,wpd_w1,n_valid,168,168,0.0,PASS
uv_crit,wpd_bias_abs,cnn_mean,35.343902938857745,35.343902938857745,0.0,PASS
uv_crit,wpd_bias_abs,candidate_mean,14.03026983697246,14.030269836972458,1.7763568394002505e-15,PASS
uv_crit,wpd_bias_abs,mean_raw_delta,-21.313633101885284,-21.313633101885287,3.552713678800501e-15,PASS
uv_crit,wpd_bias_abs,mean_improvement_delta,21.313633101885284,21.313633101885287,3.552713678800501e-15,PASS
uv_crit,wpd_bias_abs,median_improvement_delta,21.768082797774596,21.768082797774596,0.0,PASS
uv_crit,wpd_bias_abs,n_improved,147,147,0.0,PASS
uv_crit,wpd_bias_abs,n_worsened,21,21,0.0,PASS
uv_crit,wpd_bias_abs,n_tied,0,0,0.0,PASS
uv_crit,wpd_bias_abs,n_valid,168,168,0.0,PASS
uv_crit,grad_mae,cnn_mean,0.3490557204526641,0.3490557204526642,1.1102230246251565e-16,PASS
uv_crit,grad_mae,candidate_mean,0.3184242545251984,0.3184242545251984,0.0,PASS
uv_crit,grad_mae,mean_raw_delta,-0.030631465927465722,-0.030631465927465715,6.938893903907228e-18,PASS
uv_crit,grad_mae,mean_improvement_delta,0.030631465927465722,0.030631465927465715,6.938893903907228e-18,PASS
uv_crit,grad_mae,median_improvement_delta,0.030344885086226375,0.030344885086226375,0.0,PASS
uv_crit,grad_mae,n_improved,168,168,0.0,PASS
uv_crit,grad_mae,n_worsened,0,0,0.0,PASS
uv_crit,grad_mae,n_tied,0,0,0.0,PASS
uv_crit,grad_mae,n_valid,168,168,0.0,PASS
uv_crit,grad_w1,cnn_mean,0.23294292018237558,0.23294292018237575,1.6653345369377348e-16,PASS
uv_crit,grad_w1,candidate_mean,0.22953153861852565,0.2295315386185257,5.551115123125783e-17,PASS
uv_crit,grad_w1,mean_raw_delta,-0.0034113815638499288,-0.003411381563849928,8.673617379884035e-19,PASS
uv_crit,grad_w1,mean_improvement_delta,0.0034113815638499288,0.003411381563849928,8.673617379884035e-19,PASS
uv_crit,grad_w1,median_improvement_delta,0.006275266102186289,0.006275266102186289,0.0,PASS
uv_crit,grad_w1,n_improved,119,119,0.0,PASS
uv_crit,grad_w1,n_worsened,49,49,0.0,PASS
uv_crit,grad_w1,n_tied,0,0,0.0,PASS
uv_crit,grad_w1,n_valid,168,168,0.0,PASS
uv_crit,grad_kurtosis_abs_delta,cnn_mean,3.7003760441443694,3.70037604414437,4.440892098500626e-16,PASS
uv_crit,grad_kurtosis_abs_delta,candidate_mean,6.379810748200391,6.379810748200391,0.0,PASS
uv_crit,grad_kurtosis_abs_delta,mean_raw_delta,2.679434704056021,2.6794347040560216,4.440892098500626e-16,PASS
uv_crit,grad_kurtosis_abs_delta,mean_improvement_delta,-2.679434704056021,-2.6794347040560216,4.440892098500626e-16,PASS
uv_crit,grad_kurtosis_abs_delta,median_improvement_delta,-2.4607026000214045,-2.4607026000214045,0.0,PASS
uv_crit,grad_kurtosis_abs_delta,n_improved,43,43,0.0,PASS
uv_crit,grad_kurtosis_abs_delta,n_worsened,125,125,0.0,PASS
uv_crit,grad_kurtosis_abs_delta,n_tied,0,0,0.0,PASS
uv_crit,grad_kurtosis_abs_delta,n_valid,168,168,0.0,PASS
uv_crit,psd_log_l2,cnn_mean,0.8335247431666106,0.833524743166611,3.3306690738754696e-16,PASS
uv_crit,psd_log_l2,candidate_mean,1.0503967895510902,1.0503967895510908,6.661338147750939e-16,PASS
uv_crit,psd_log_l2,mean_raw_delta,0.2168720463844796,0.2168720463844796,0.0,PASS
uv_crit,psd_log_l2,mean_improvement_delta,-0.2168720463844796,-0.2168720463844796,0.0,PASS
uv_crit,psd_log_l2,median_improvement_delta,-0.18348141915079436,-0.18348141915079436,0.0,PASS
uv_crit,psd_log_l2,n_improved,0,0,0.0,PASS
uv_crit,psd_log_l2,n_worsened,168,168,0.0,PASS
uv_crit,psd_log_l2,n_tied,0,0,0.0,PASS
uv_crit,psd_log_l2,n_valid,168,168,0.0,PASS
uv_crit,psd_slope_abs_delta,cnn_mean,0.9150108562505738,0.9150108562505733,4.440892098500626e-16,PASS
uv_crit,psd_slope_abs_delta,candidate_mean,1.393654018543535,1.3936540185435349,2.220446049250313e-16,PASS
uv_crit,psd_slope_abs_delta,mean_raw_delta,0.4786431622929612,0.4786431622929608,4.440892098500626e-16,PASS
uv_crit,psd_slope_abs_delta,mean_improvement_delta,-0.4786431622929612,-0.4786431622929608,4.440892098500626e-16,PASS
uv_crit,psd_slope_abs_delta,median_improvement_delta,-0.4580922544248446,-0.4580922544248446,0.0,PASS
uv_crit,psd_slope_abs_delta,n_improved,0,0,0.0,PASS
uv_crit,psd_slope_abs_delta,n_worsened,168,168,0.0,PASS
uv_crit,psd_slope_abs_delta,n_tied,0,0,0.0,PASS
uv_crit,psd_slope_abs_delta,n_valid,168,168,0.0,PASS
uv_crit,exceed_abs_t5,cnn_mean,0.004242333333333336,0.004242333333333336,0.0,PASS
uv_crit,exceed_abs_t5,candidate_mean,0.007727833333333338,0.00772783333333334,1.734723475976807e-18,PASS
uv_crit,exceed_abs_t5,mean_raw_delta,0.0034855000000000025,0.0034855000000000025,0.0,PASS
uv_crit,exceed_abs_t5,mean_improvement_delta,-0.0034855000000000025,-0.0034855000000000025,0.0,PASS
uv_crit,exceed_abs_t5,median_improvement_delta,-0.003282000000000007,-0.003282000000000007,0.0,PASS
uv_crit,exceed_abs_t5,n_improved,10,10,0.0,PASS
uv_crit,exceed_abs_t5,n_worsened,158,158,0.0,PASS
uv_crit,exceed_abs_t5,n_tied,0,0,0.0,PASS
uv_crit,exceed_abs_t5,n_valid,168,168,0.0,PASS
uv_crit,exceed_abs_t10,cnn_mean,0.006580809523809519,0.006580809523809515,4.336808689942018e-18,PASS
uv_crit,exceed_abs_t10,candidate_mean,0.006550857142857143,0.0065508571428571465,3.469446951953614e-18,PASS
uv_crit,exceed_abs_t10,mean_raw_delta,-2.9952380952376666e-05,-2.9952380952376666e-05,0.0,PASS
uv_crit,exceed_abs_t10,mean_improvement_delta,2.9952380952376666e-05,2.9952380952376666e-05,0.0,PASS
uv_crit,exceed_abs_t10,median_improvement_delta,8.399999999999033e-05,8.399999999999033e-05,0.0,PASS
uv_crit,exceed_abs_t10,n_improved,84,84,0.0,PASS
uv_crit,exceed_abs_t10,n_worsened,84,84,0.0,PASS
uv_crit,exceed_abs_t10,n_tied,0,0,0.0,PASS
uv_crit,exceed_abs_t10,n_valid,168,168,0.0,PASS
uv_crit,exceed_abs_t15,cnn_mean,0.0062105,0.0062104999999999955,4.336808689942018e-18,PASS
uv_crit,exceed_abs_t15,candidate_mean,0.0017195714285714282,0.0017195714285714288,6.505213034913027e-19,PASS
uv_crit,exceed_abs_t15,mean_raw_delta,-0.004490928571428572,-0.00449092857142857,1.734723475976807e-18,PASS
uv_crit,exceed_abs_t15,mean_improvement_delta,0.004490928571428572,0.00449092857142857,1.734723475976807e-18,PASS
uv_crit,exceed_abs_t15,median_improvement_delta,0.0028900000000000097,0.0028900000000000097,0.0,PASS
uv_crit,exceed_abs_t15,n_improved,141,141,0.0,PASS
uv_crit,exceed_abs_t15,n_worsened,27,27,0.0,PASS
uv_crit,exceed_abs_t15,n_tied,0,0,0.0,PASS
uv_crit,exceed_abs_t15,n_valid,168,168,0.0,PASS
uv_crit,exceed_abs_p90,cnn_mean,0.010253619047619053,0.010253619047619051,1.734723475976807e-18,PASS
uv_crit,exceed_abs_p90,candidate_mean,0.0022411666666666643,0.002241166666666664,4.336808689942018e-19,PASS
uv_crit,exceed_abs_p90,mean_raw_delta,-0.008012452380952387,-0.008012452380952387,0.0,PASS
uv_crit,exceed_abs_p90,mean_improvement_delta,0.008012452380952387,0.008012452380952387,0.0,PASS
uv_crit,exceed_abs_p90,median_improvement_delta,0.006366000000000004,0.006366000000000004,0.0,PASS
uv_crit,exceed_abs_p90,n_improved,151,151,0.0,PASS
uv_crit,exceed_abs_p90,n_worsened,17,17,0.0,PASS
uv_crit,exceed_abs_p90,n_tied,0,0,0.0,PASS
uv_crit,exceed_abs_p90,n_valid,168,168,0.0,PASS
uv_crit,comp_curve_l1,cnn_mean,115.52777777777779,115.52777777777774,4.263256414560601e-14,PASS
uv_crit,comp_curve_l1,candidate_mean,133.60416666666666,133.60416666666666,0.0,PASS
uv_crit,comp_curve_l1,mean_raw_delta,18.07638888888889,18.076388888888882,7.105427357601002e-15,PASS
uv_crit,comp_curve_l1,mean_improvement_delta,-18.07638888888889,-18.076388888888882,7.105427357601002e-15,PASS
uv_crit,comp_curve_l1,median_improvement_delta,-16.083333333333332,-16.083333333333332,0.0,PASS
uv_crit,comp_curve_l1,n_improved,12,12,0.0,PASS
uv_crit,comp_curve_l1,n_worsened,154,154,0.0,PASS
uv_crit,comp_curve_l1,n_tied,2,2,0.0,PASS
uv_crit,comp_curve_l1,n_valid,168,168,0.0,PASS
uv_crit,comp_abs_t5,cnn_mean,64.38095238095238,64.38095238095238,0.0,PASS
uv_crit,comp_abs_t5,candidate_mean,68.94642857142857,68.94642857142857,0.0,PASS
uv_crit,comp_abs_t5,mean_raw_delta,4.565476190476191,4.565476190476191,0.0,PASS
uv_crit,comp_abs_t5,mean_improvement_delta,-4.565476190476191,-4.565476190476191,0.0,PASS
uv_crit,comp_abs_t5,median_improvement_delta,-2.0,-2.0,0.0,PASS
uv_crit,comp_abs_t5,n_improved,39,39,0.0,PASS
uv_crit,comp_abs_t5,n_worsened,113,113,0.0,PASS
uv_crit,comp_abs_t5,n_tied,16,16,0.0,PASS
uv_crit,comp_abs_t5,n_valid,168,168,0.0,PASS
uv_crit,comp_abs_t10,cnn_mean,187.16666666666666,187.16666666666666,0.0,PASS
uv_crit,comp_abs_t10,candidate_mean,230.05357142857142,230.05357142857142,0.0,PASS
uv_crit,comp_abs_t10,mean_raw_delta,42.88690476190476,42.88690476190476,0.0,PASS
uv_crit,comp_abs_t10,mean_improvement_delta,-42.88690476190476,-42.88690476190476,0.0,PASS
uv_crit,comp_abs_t10,median_improvement_delta,-42.0,-42.0,0.0,PASS
uv_crit,comp_abs_t10,n_improved,3,3,0.0,PASS
uv_crit,comp_abs_t10,n_worsened,164,164,0.0,PASS
uv_crit,comp_abs_t10,n_tied,1,1,0.0,PASS
uv_crit,comp_abs_t10,n_valid,168,168,0.0,PASS
uv_crit,comp_abs_t15,cnn_mean,116.80952380952381,116.80952380952381,0.0,PASS
uv_crit,comp_abs_t15,candidate_mean,129.92857142857142,129.92857142857142,0.0,PASS
uv_crit,comp_abs_t15,mean_raw_delta,13.119047619047619,13.119047619047619,0.0,PASS
uv_crit,comp_abs_t15,mean_improvement_delta,-13.119047619047619,-13.119047619047619,0.0,PASS
uv_crit,comp_abs_t15,median_improvement_delta,-5.0,-5.0,0.0,PASS
uv_crit,comp_abs_t15,n_improved,65,65,0.0,PASS
uv_crit,comp_abs_t15,n_worsened,99,99,0.0,PASS
uv_crit,comp_abs_t15,n_tied,4,4,0.0,PASS
uv_crit,comp_abs_t15,n_valid,168,168,0.0,PASS
uv_crit,pd_distance,cnn_mean,27.406283078086062,27.406283078086055,7.105427357601002e-15,PASS
uv_crit,pd_distance,candidate_mean,29.114333402447333,29.11433340244734,7.105427357601002e-15,PASS
uv_crit,pd_distance,mean_raw_delta,1.7080503243612726,1.7080503243612721,4.440892098500626e-16,PASS
uv_crit,pd_distance,mean_improvement_delta,-1.7080503243612726,-1.7080503243612721,4.440892098500626e-16,PASS
uv_crit,pd_distance,median_improvement_delta,-1.525957582854149,-1.525957582854149,0.0,PASS
uv_crit,pd_distance,n_improved,12,12,0.0,PASS
uv_crit,pd_distance,n_worsened,156,156,0.0,PASS
uv_crit,pd_distance,n_tied,0,0,0.0,PASS
uv_crit,pd_distance,n_valid,168,168,0.0,PASS
uv_crit,mt_distance,cnn_mean,5.867795200574966,5.867795200574966,0.0,PASS
uv_crit,mt_distance,candidate_mean,5.689883058979397,5.689883058979397,0.0,PASS
uv_crit,mt_distance,mean_raw_delta,-0.17791214159556798,-0.17791214159556798,0.0,PASS
uv_crit,mt_distance,mean_improvement_delta,0.17791214159556798,0.17791214159556798,0.0,PASS
uv_crit,mt_distance,median_improvement_delta,0.0706171989440918,0.0706171989440918,0.0,PASS
uv_crit,mt_distance,n_improved,94,94,0.0,PASS
uv_crit,mt_distance,n_worsened,74,74,0.0,PASS
uv_crit,mt_distance,n_tied,0,0,0.0,PASS
uv_crit,mt_distance,n_valid,168,168,0.0,PASS
uv_e2,psnruv,cnn_mean,31.192500433861134,31.192500433861134,0.0,PASS
uv_e2,psnruv,candidate_mean,32.57518872653585,32.57518872653585,0.0,PASS
uv_e2,psnruv,mean_raw_delta,1.3826882926747113,1.3826882926747113,0.0,PASS
uv_e2,psnruv,mean_improvement_delta,1.3826882926747113,1.3826882926747113,0.0,PASS
uv_e2,psnruv,median_improvement_delta,1.45967583694609,1.45967583694609,0.0,PASS
uv_e2,psnruv,n_improved,168,168,0.0,PASS
uv_e2,psnruv,n_worsened,0,0,0.0,PASS
uv_e2,psnruv,n_tied,0,0,0.0,PASS
uv_e2,psnruv,n_valid,168,168,0.0,PASS
uv_e2,ssim_speed,cnn_mean,,,,PASS
uv_e2,ssim_speed,candidate_mean,,,,PASS
uv_e2,ssim_speed,mean_raw_delta,,,,PASS
uv_e2,ssim_speed,mean_improvement_delta,,,,PASS
uv_e2,ssim_speed,median_improvement_delta,,,,PASS
uv_e2,ssim_speed,n_improved,,,,PASS
uv_e2,ssim_speed,n_worsened,,,,PASS
uv_e2,ssim_speed,n_tied,,,,PASS
uv_e2,ssim_speed,n_valid,0,0,0.0,PASS
uv_e2,speed_mae,cnn_mean,0.6940701629397319,0.6940701629397316,3.3306690738754696e-16,PASS
uv_e2,speed_mae,candidate_mean,0.5788691901846453,0.578869190184645,3.3306690738754696e-16,PASS
uv_e2,speed_mae,mean_raw_delta,-0.11520097275508641,-0.11520097275508638,2.7755575615628914e-17,PASS
uv_e2,speed_mae,mean_improvement_delta,0.11520097275508641,0.11520097275508638,2.7755575615628914e-17,PASS
uv_e2,speed_mae,median_improvement_delta,0.11168501071297668,0.11168501071297668,0.0,PASS
uv_e2,speed_mae,n_improved,168,168,0.0,PASS
uv_e2,speed_mae,n_worsened,0,0,0.0,PASS
uv_e2,speed_mae,n_tied,0,0,0.0,PASS
uv_e2,speed_mae,n_valid,168,168,0.0,PASS
uv_e2,speed_rmse,cnn_mean,1.1077586003651096,1.1077586003651088,8.881784197001252e-16,PASS
uv_e2,speed_rmse,candidate_mean,0.9773130501283449,0.9773130501283447,2.220446049250313e-16,PASS
uv_e2,speed_rmse,mean_raw_delta,-0.1304455502367648,-0.13044555023676482,2.7755575615628914e-17,PASS
uv_e2,speed_rmse,mean_improvement_delta,0.1304455502367648,0.13044555023676482,2.7755575615628914e-17,PASS
uv_e2,speed_rmse,median_improvement_delta,0.12174309623556112,0.12174309623556112,0.0,PASS
uv_e2,speed_rmse,n_improved,168,168,0.0,PASS
uv_e2,speed_rmse,n_worsened,0,0,0.0,PASS
uv_e2,speed_rmse,n_tied,0,0,0.0,PASS
uv_e2,speed_rmse,n_valid,168,168,0.0,PASS
uv_e2,wpd_mae,cnn_mean,231.67091095165674,231.67091095165674,0.0,PASS
uv_e2,wpd_mae,candidate_mean,187.62101505757965,187.6210150575796,5.684341886080802e-14,PASS
uv_e2,wpd_mae,mean_raw_delta,-44.049895894077075,-44.0498958940771,2.842170943040401e-14,PASS
uv_e2,wpd_mae,mean_improvement_delta,44.049895894077075,44.0498958940771,2.842170943040401e-14,PASS
uv_e2,wpd_mae,median_improvement_delta,38.808215547062886,38.808215547062886,0.0,PASS
uv_e2,wpd_mae,n_improved,168,168,0.0,PASS
uv_e2,wpd_mae,n_worsened,0,0,0.0,PASS
uv_e2,wpd_mae,n_tied,0,0,0.0,PASS
uv_e2,wpd_mae,n_valid,168,168,0.0,PASS
uv_e2,wpd_w1,cnn_mean,45.27127092112853,45.271270921128526,7.105427357601002e-15,PASS
uv_e2,wpd_w1,candidate_mean,21.2812465746837,21.281246574683696,3.552713678800501e-15,PASS
uv_e2,wpd_w1,mean_raw_delta,-23.990024346444834,-23.990024346444855,2.1316282072803006e-14,PASS
uv_e2,wpd_w1,mean_improvement_delta,23.990024346444834,23.990024346444855,2.1316282072803006e-14,PASS
uv_e2,wpd_w1,median_improvement_delta,24.725461459255612,24.725461459255612,0.0,PASS
uv_e2,wpd_w1,n_improved,152,152,0.0,PASS
uv_e2,wpd_w1,n_worsened,16,16,0.0,PASS
uv_e2,wpd_w1,n_tied,0,0,0.0,PASS
uv_e2,wpd_w1,n_valid,168,168,0.0,PASS
uv_e2,wpd_bias_abs,cnn_mean,35.343902938857745,35.343902938857745,0.0,PASS
uv_e2,wpd_bias_abs,candidate_mean,17.110070972594787,17.110070972594787,0.0,PASS
uv_e2,wpd_bias_abs,mean_raw_delta,-18.23383196626296,-18.233831966262958,3.552713678800501e-15,PASS
uv_e2,wpd_bias_abs,mean_improvement_delta,18.23383196626296,18.233831966262958,3.552713678800501e-15,PASS
uv_e2,wpd_bias_abs,median_improvement_delta,22.282191187520233,22.282191187520233,0.0,PASS
uv_e2,wpd_bias_abs,n_improved,143,143,0.0,PASS
uv_e2,wpd_bias_abs,n_worsened,25,25,0.0,PASS
uv_e2,wpd_bias_abs,n_tied,0,0,0.0,PASS
uv_e2,wpd_bias_abs,n_valid,168,168,0.0,PASS
uv_e2,grad_mae,cnn_mean,0.3490557204526641,0.3490557204526642,1.1102230246251565e-16,PASS
uv_e2,grad_mae,candidate_mean,0.31806267778494085,0.31806267778494074,1.1102230246251565e-16,PASS
uv_e2,grad_mae,mean_raw_delta,-0.03099304266772327,-0.0309930426677233,2.7755575615628914e-17,PASS
uv_e2,grad_mae,mean_improvement_delta,0.03099304266772327,0.0309930426677233,2.7755575615628914e-17,PASS
uv_e2,grad_mae,median_improvement_delta,0.031223042578616023,0.031223042578616023,0.0,PASS
uv_e2,grad_mae,n_improved,168,168,0.0,PASS
uv_e2,grad_mae,n_worsened,0,0,0.0,PASS
uv_e2,grad_mae,n_tied,0,0,0.0,PASS
uv_e2,grad_mae,n_valid,168,168,0.0,PASS
uv_e2,grad_w1,cnn_mean,0.23294292018237558,0.23294292018237575,1.6653345369377348e-16,PASS
uv_e2,grad_w1,candidate_mean,0.16944461578113354,0.1694446157811335,2.7755575615628914e-17,PASS
uv_e2,grad_w1,mean_raw_delta,-0.06349830440124206,-0.06349830440124203,2.7755575615628914e-17,PASS
uv_e2,grad_w1,mean_improvement_delta,0.06349830440124206,0.06349830440124203,2.7755575615628914e-17,PASS
uv_e2,grad_w1,median_improvement_delta,0.06523246114019787,0.06523246114019787,0.0,PASS
uv_e2,grad_w1,n_improved,159,159,0.0,PASS
uv_e2,grad_w1,n_worsened,9,9,0.0,PASS
uv_e2,grad_w1,n_tied,0,0,0.0,PASS
uv_e2,grad_w1,n_valid,168,168,0.0,PASS
uv_e2,grad_kurtosis_abs_delta,cnn_mean,3.7003760441443694,3.70037604414437,4.440892098500626e-16,PASS
uv_e2,grad_kurtosis_abs_delta,candidate_mean,3.2223355560352887,3.2223355560352887,0.0,PASS
uv_e2,grad_kurtosis_abs_delta,mean_raw_delta,-0.4780404881090806,-0.47804048810908095,3.3306690738754696e-16,PASS
uv_e2,grad_kurtosis_abs_delta,mean_improvement_delta,0.4780404881090806,0.47804048810908095,3.3306690738754696e-16,PASS
uv_e2,grad_kurtosis_abs_delta,median_improvement_delta,-0.2008965783080825,-0.2008965783080825,0.0,PASS
uv_e2,grad_kurtosis_abs_delta,n_improved,80,80,0.0,PASS
uv_e2,grad_kurtosis_abs_delta,n_worsened,88,88,0.0,PASS
uv_e2,grad_kurtosis_abs_delta,n_tied,0,0,0.0,PASS
uv_e2,grad_kurtosis_abs_delta,n_valid,168,168,0.0,PASS
uv_e2,psd_log_l2,cnn_mean,0.8335247431666106,0.833524743166611,3.3306690738754696e-16,PASS
uv_e2,psd_log_l2,candidate_mean,0.8377783048584866,0.8377783048584866,0.0,PASS
uv_e2,psd_log_l2,mean_raw_delta,0.004253561691876071,0.004253561691876074,3.469446951953614e-18,PASS
uv_e2,psd_log_l2,mean_improvement_delta,-0.004253561691876071,-0.004253561691876074,3.469446951953614e-18,PASS
uv_e2,psd_log_l2,median_improvement_delta,0.008220226113392903,0.008220226113392903,0.0,PASS
uv_e2,psd_log_l2,n_improved,95,95,0.0,PASS
uv_e2,psd_log_l2,n_worsened,73,73,0.0,PASS
uv_e2,psd_log_l2,n_tied,0,0,0.0,PASS
uv_e2,psd_log_l2,n_valid,168,168,0.0,PASS
uv_e2,psd_slope_abs_delta,cnn_mean,0.9150108562505738,0.9150108562505733,4.440892098500626e-16,PASS
uv_e2,psd_slope_abs_delta,candidate_mean,1.120621924007067,1.120621924007067,0.0,PASS
uv_e2,psd_slope_abs_delta,mean_raw_delta,0.205611067756493,0.20561106775649293,5.551115123125783e-17,PASS
uv_e2,psd_slope_abs_delta,mean_improvement_delta,-0.205611067756493,-0.20561106775649293,5.551115123125783e-17,PASS
uv_e2,psd_slope_abs_delta,median_improvement_delta,-0.179013057539734,-0.179013057539734,0.0,PASS
uv_e2,psd_slope_abs_delta,n_improved,3,3,0.0,PASS
uv_e2,psd_slope_abs_delta,n_worsened,165,165,0.0,PASS
uv_e2,psd_slope_abs_delta,n_tied,0,0,0.0,PASS
uv_e2,psd_slope_abs_delta,n_valid,168,168,0.0,PASS
uv_e2,exceed_abs_t5,cnn_mean,0.004242333333333336,0.004242333333333336,0.0,PASS
uv_e2,exceed_abs_t5,candidate_mean,0.00253969047619048,0.00253969047619048,0.0,PASS
uv_e2,exceed_abs_t5,mean_raw_delta,-0.001702642857142856,-0.001702642857142856,0.0,PASS
uv_e2,exceed_abs_t5,mean_improvement_delta,0.001702642857142856,0.001702642857142856,0.0,PASS
uv_e2,exceed_abs_t5,median_improvement_delta,0.0018999999999999573,0.0018999999999999573,0.0,PASS
uv_e2,exceed_abs_t5,n_improved,121,121,0.0,PASS
uv_e2,exceed_abs_t5,n_worsened,47,47,0.0,PASS
uv_e2,exceed_abs_t5,n_tied,0,0,0.0,PASS
uv_e2,exceed_abs_t5,n_valid,168,168,0.0,PASS
uv_e2,exceed_abs_t10,cnn_mean,0.006580809523809519,0.006580809523809515,4.336808689942018e-18,PASS
uv_e2,exceed_abs_t10,candidate_mean,0.003506928571428571,0.00350692857142857,8.673617379884035e-19,PASS
uv_e2,exceed_abs_t10,mean_raw_delta,-0.003073880952380949,-0.003073880952380949,0.0,PASS
uv_e2,exceed_abs_t10,mean_improvement_delta,0.003073880952380949,0.003073880952380949,0.0,PASS
uv_e2,exceed_abs_t10,median_improvement_delta,0.0019359999999999933,0.0019359999999999933,0.0,PASS
uv_e2,exceed_abs_t10,n_improved,132,132,0.0,PASS
uv_e2,exceed_abs_t10,n_worsened,36,36,0.0,PASS
uv_e2,exceed_abs_t10,n_tied,0,0,0.0,PASS
uv_e2,exceed_abs_t10,n_valid,168,168,0.0,PASS
uv_e2,exceed_abs_t15,cnn_mean,0.0062105,0.0062104999999999955,4.336808689942018e-18,PASS
uv_e2,exceed_abs_t15,candidate_mean,0.0024855714285714277,0.0024855714285714286,8.673617379884035e-19,PASS
uv_e2,exceed_abs_t15,mean_raw_delta,-0.0037249285714285713,-0.0037249285714285713,0.0,PASS
uv_e2,exceed_abs_t15,mean_improvement_delta,0.0037249285714285713,0.0037249285714285713,0.0,PASS
uv_e2,exceed_abs_t15,median_improvement_delta,0.0025020000000000042,0.0025020000000000042,0.0,PASS
uv_e2,exceed_abs_t15,n_improved,141,141,0.0,PASS
uv_e2,exceed_abs_t15,n_worsened,27,27,0.0,PASS
uv_e2,exceed_abs_t15,n_tied,0,0,0.0,PASS
uv_e2,exceed_abs_t15,n_valid,168,168,0.0,PASS
uv_e2,exceed_abs_p90,cnn_mean,0.010253619047619053,0.010253619047619051,1.734723475976807e-18,PASS
uv_e2,exceed_abs_p90,candidate_mean,0.0037326428571428615,0.0037326428571428636,2.168404344971009e-18,PASS
uv_e2,exceed_abs_p90,mean_raw_delta,-0.006520976190476192,-0.006520976190476192,0.0,PASS
uv_e2,exceed_abs_p90,mean_improvement_delta,0.006520976190476192,0.006520976190476192,0.0,PASS
uv_e2,exceed_abs_p90,median_improvement_delta,0.005321999999999993,0.005321999999999993,0.0,PASS
uv_e2,exceed_abs_p90,n_improved,144,144,0.0,PASS
uv_e2,exceed_abs_p90,n_worsened,24,24,0.0,PASS
uv_e2,exceed_abs_p90,n_tied,0,0,0.0,PASS
uv_e2,exceed_abs_p90,n_valid,168,168,0.0,PASS
uv_e2,comp_curve_l1,cnn_mean,115.52777777777779,115.52777777777774,4.263256414560601e-14,PASS
uv_e2,comp_curve_l1,candidate_mean,97.15376984126985,97.15376984126986,1.4210854715202004e-14,PASS
uv_e2,comp_curve_l1,mean_raw_delta,-18.374007936507937,-18.37400793650794,3.552713678800501e-15,PASS
uv_e2,comp_curve_l1,mean_improvement_delta,18.374007936507937,18.37400793650794,3.552713678800501e-15,PASS
uv_e2,comp_curve_l1,median_improvement_delta,18.583333333333332,18.583333333333332,0.0,PASS
uv_e2,comp_curve_l1,n_improved,154,154,0.0,PASS
uv_e2,comp_curve_l1,n_worsened,14,14,0.0,PASS
uv_e2,comp_curve_l1,n_tied,0,0,0.0,PASS
uv_e2,comp_curve_l1,n_valid,168,168,0.0,PASS
uv_e2,comp_abs_t5,cnn_mean,64.38095238095238,64.38095238095238,0.0,PASS
uv_e2,comp_abs_t5,candidate_mean,58.232142857142854,58.232142857142854,0.0,PASS
uv_e2,comp_abs_t5,mean_raw_delta,-6.148809523809524,-6.148809523809524,0.0,PASS
uv_e2,comp_abs_t5,mean_improvement_delta,6.148809523809524,6.148809523809524,0.0,PASS
uv_e2,comp_abs_t5,median_improvement_delta,3.0,3.0,0.0,PASS
uv_e2,comp_abs_t5,n_improved,117,117,0.0,PASS
uv_e2,comp_abs_t5,n_worsened,39,39,0.0,PASS
uv_e2,comp_abs_t5,n_tied,12,12,0.0,PASS
uv_e2,comp_abs_t5,n_valid,168,168,0.0,PASS
uv_e2,comp_abs_t10,cnn_mean,187.16666666666666,187.16666666666666,0.0,PASS
uv_e2,comp_abs_t10,candidate_mean,178.11309523809524,178.11309523809524,0.0,PASS
uv_e2,comp_abs_t10,mean_raw_delta,-9.053571428571429,-9.053571428571429,0.0,PASS
uv_e2,comp_abs_t10,mean_improvement_delta,9.053571428571429,9.053571428571429,0.0,PASS
uv_e2,comp_abs_t10,median_improvement_delta,6.0,6.0,0.0,PASS
uv_e2,comp_abs_t10,n_improved,107,107,0.0,PASS
uv_e2,comp_abs_t10,n_worsened,57,57,0.0,PASS
uv_e2,comp_abs_t10,n_tied,4,4,0.0,PASS
uv_e2,comp_abs_t10,n_valid,168,168,0.0,PASS
uv_e2,comp_abs_t15,cnn_mean,116.80952380952381,116.80952380952381,0.0,PASS
uv_e2,comp_abs_t15,candidate_mean,89.85714285714286,89.85714285714286,0.0,PASS
uv_e2,comp_abs_t15,mean_raw_delta,-26.952380952380953,-26.952380952380953,0.0,PASS
uv_e2,comp_abs_t15,mean_improvement_delta,26.952380952380953,26.952380952380953,0.0,PASS
uv_e2,comp_abs_t15,median_improvement_delta,24.5,24.5,0.0,PASS
uv_e2,comp_abs_t15,n_improved,143,143,0.0,PASS
uv_e2,comp_abs_t15,n_worsened,23,23,0.0,PASS
uv_e2,comp_abs_t15,n_tied,2,2,0.0,PASS
uv_e2,comp_abs_t15,n_valid,168,168,0.0,PASS
uv_e2,pd_distance,cnn_mean,27.406283078086062,27.406283078086055,7.105427357601002e-15,PASS
uv_e2,pd_distance,candidate_mean,25.072073820293586,25.072073820293586,0.0,PASS
uv_e2,pd_distance,mean_raw_delta,-2.334209257792476,-2.3342092577924753,4.440892098500626e-16,PASS
uv_e2,pd_distance,mean_improvement_delta,2.334209257792476,2.3342092577924753,4.440892098500626e-16,PASS
uv_e2,pd_distance,median_improvement_delta,2.538629223348808,2.538629223348808,0.0,PASS
uv_e2,pd_distance,n_improved,160,160,0.0,PASS
uv_e2,pd_distance,n_worsened,8,8,0.0,PASS
uv_e2,pd_distance,n_tied,0,0,0.0,PASS
uv_e2,pd_distance,n_valid,168,168,0.0,PASS
uv_e2,mt_distance,cnn_mean,5.867795200574966,5.867795200574966,0.0,PASS
uv_e2,mt_distance,candidate_mean,5.593966117927006,5.593966117927006,0.0,PASS
uv_e2,mt_distance,mean_raw_delta,-0.2738290826479594,-0.2738290826479594,0.0,PASS
uv_e2,mt_distance,mean_improvement_delta,0.2738290826479594,0.2738290826479594,0.0,PASS
uv_e2,mt_distance,median_improvement_delta,0.13367772102355957,0.13367772102355957,0.0,PASS
uv_e2,mt_distance,n_improved,104,104,0.0,PASS
uv_e2,mt_distance,n_worsened,64,64,0.0,PASS
uv_e2,mt_distance,n_tied,0,0,0.0,PASS
uv_e2,mt_distance,n_valid,168,168,0.0,PASS
