<VTKFile type="UnstructuredGrid" version="0.1" byte_order="LittleEndian" header_type="UInt32" compressor="vtkZLibDataCompressor">
  <UnstructuredGrid>
    <Piece NumberOfPoints="2508" NumberOfCells="2508">
      <PointData Scalars="CriticalType">
        <DataArray type="Int32" Name="NodeId" format="ascii" RangeMin="0" RangeMax="2507">
          0 1 2 3 4 5
          6 7 8 9 10 11
          12 13 14 15 16 17
          18 19 20 21 22 23
          24 25 26 27 28 29
          30 31 32 33 34 35
          36 37 38 39 40 41
          42 43 44 45 46 47
          48 49 50 51 52 53
          54 55 56 57 58 59
          60 61 62 63 64 65
          66 67 68 69 70 71
          72 73 74 75 76 77
          78 79 80 81 82 83
          84 85 86 87 88 89
          90 91 92 93 94 95
          96 97 98 99 100 101
          102 103 104 105 106 107
          108 109 110 111 112 113
          114 115 116 117 118 119
          120 121 122 123 124 125
          126 127 128 129 130 131
          132 133 134 135 136 137
          138 139 140 141 142 143
          144 145 146 147 148 149
          150 151 152 153 154 155
          156 157 158 159 160 161
          162 163 164 165 166 167
          168 169 170 171 172 173
          174 175 176 177 178 179
          180 181 182 183 184 185
          186 187 188 189 190 191
          192 193 194 195 196 197
          198 199 200 201 202 203
          204 205 206 207 208 209
          210 211 212 213 214 215
          216 217 218 219 220 221
          222 223 224 225 226 227
          228 229 230 231 232 233
          234 235 236 237 238 239
          240 241 242 243 244 245
          246 247 248 249 250 251
          252 253 254 255 256 257
          258 259 260 261 262 263
          264 265 266 267 268 269
          270 271 272 273 274 275
          276 277 278 279 280 281
          282 283 284 285 286 287
          288 289 290 291 292 293
          294 295 296 297 298 299
          300 301 302 303 304 305
          306 307 308 309 310 311
          312 313 314 315 316 317
          318 319 320 321 322 323
          324 325 326 327 328 329
          330 331 332 333 334 335
          336 337 338 339 340 341
          342 343 344 345 346 347
          348 349 350 351 352 353
          354 355 356 357 358 359
          360 361 362 363 364 365
          366 367 368 369 370 371
          372 373 374 375 376 377
          378 379 380 381 382 383
          384 385 386 387 388 389
          390 391 392 393 394 395
          396 397 398 399 400 401
          402 403 404 405 406 407
          408 409 410 411 412 413
          414 415 416 417 418 419
          420 421 422 423 424 425
          426 427 428 429 430 431
          432 433 434 435 436 437
          438 439 440 441 442 443
          444 445 446 447 448 449
          450 451 452 453 454 455
          456 457 458 459 460 461
          462 463 464 465 466 467
          468 469 470 471 472 473
          474 475 476 477 478 479
          480 481 482 483 484 485
          486 487 488 489 490 491
          492 493 494 495 496 497
          498 499 500 501 502 503
          504 505 506 507 508 509
          510 511 512 513 514 515
          516 517 518 519 520 521
          522 523 524 525 526 527
          528 529 530 531 532 533
          534 535 536 537 538 539
          540 541 542 543 544 545
          546 547 548 549 550 551
          552 553 554 555 556 557
          558 559 560 561 562 563
          564 565 566 567 568 569
          570 571 572 573 574 575
          576 577 578 579 580 581
          582 583 584 585 586 587
          588 589 590 591 592 593
          594 595 596 597 598 599
          600 601 602 603 604 605
          606 607 608 609 610 611
          612 613 614 615 616 617
          618 619 620 621 622 623
          624 625 626 627 628 629
          630 631 632 633 634 635
          636 637 638 639 640 641
          642 643 644 645 646 647
          648 649 650 651 652 653
          654 655 656 657 658 659
          660 661 662 663 664 665
          666 667 668 669 670 671
          672 673 674 675 676 677
          678 679 680 681 682 683
          684 685 686 687 688 689
          690 691 692 693 694 695
          696 697 698 699 700 701
          702 703 704 705 706 707
          708 709 710 711 712 713
          714 715 716 717 718 719
          720 721 722 723 724 725
          726 727 728 729 730 731
          732 733 734 735 736 737
          738 739 740 741 742 743
          744 745 746 747 748 749
          750 751 752 753 754 755
          756 757 758 759 760 761
          762 763 764 765 766 767
          768 769 770 771 772 773
          774 775 776 777 778 779
          780 781 782 783 784 785
          786 787 788 789 790 791
          792 793 794 795 796 797
          798 799 800 801 802 803
          804 805 806 807 808 809
          810 811 812 813 814 815
          816 817 818 819 820 821
          822 823 824 825 826 827
          828 829 830 831 832 833
          834 835 836 837 838 839
          840 841 842 843 844 845
          846 847 848 849 850 851
          852 853 854 855 856 857
          858 859 860 861 862 863
          864 865 866 867 868 869
          870 871 872 873 874 875
          876 877 878 879 880 881
          882 883 884 885 886 887
          888 889 890 891 892 893
          894 895 896 897 898 899
          900 901 902 903 904 905
          906 907 908 909 910 911
          912 913 914 915 916 917
          918 919 920 921 922 923
          924 925 926 927 928 929
          930 931 932 933 934 935
          936 937 938 939 940 941
          942 943 944 945 946 947
          948 949 950 951 952 953
          954 955 956 957 958 959
          960 961 962 963 964 965
          966 967 968 969 970 971
          972 973 974 975 976 977
          978 979 980 981 982 983
          984 985 986 987 988 989
          990 991 992 993 994 995
          996 997 998 999 1000 1001
          1002 1003 1004 1005 1006 1007
          1008 1009 1010 1011 1012 1013
          1014 1015 1016 1017 1018 1019
          1020 1021 1022 1023 1024 1025
          1026 1027 1028 1029 1030 1031
          1032 1033 1034 1035 1036 1037
          1038 1039 1040 1041 1042 1043
          1044 1045 1046 1047 1048 1049
          1050 1051 1052 1053 1054 1055
          1056 1057 1058 1059 1060 1061
          1062 1063 1064 1065 1066 1067
          1068 1069 1070 1071 1072 1073
          1074 1075 1076 1077 1078 1079
          1080 1081 1082 1083 1084 1085
          1086 1087 1088 1089 1090 1091
          1092 1093 1094 1095 1096 1097
          1098 1099 1100 1101 1102 1103
          1104 1105 1106 1107 1108 1109
          1110 1111 1112 1113 1114 1115
          1116 1117 1118 1119 1120 1121
          1122 1123 1124 1125 1126 1127
          1128 1129 1130 1131 1132 1133
          1134 1135 1136 1137 1138 1139
          1140 1141 1142 1143 1144 1145
          1146 1147 1148 1149 1150 1151
          1152 1153 1154 1155 1156 1157
          1158 1159 1160 1161 1162 1163
          1164 1165 1166 1167 1168 1169
          1170 1171 1172 1173 1174 1175
          1176 1177 1178 1179 1180 1181
          1182 1183 1184 1185 1186 1187
          1188 1189 1190 1191 1192 1193
          1194 1195 1196 1197 1198 1199
          1200 1201 1202 1203 1204 1205
          1206 1207 1208 1209 1210 1211
          1212 1213 1214 1215 1216 1217
          1218 1219 1220 1221 1222 1223
          1224 1225 1226 1227 1228 1229
          1230 1231 1232 1233 1234 1235
          1236 1237 1238 1239 1240 1241
          1242 1243 1244 1245 1246 1247
          1248 1249 1250 1251 1252 1253
          1254 1255 1256 1257 1258 1259
          1260 1261 1262 1263 1264 1265
          1266 1267 1268 1269 1270 1271
          1272 1273 1274 1275 1276 1277
          1278 1279 1280 1281 1282 1283
          1284 1285 1286 1287 1288 1289
          1290 1291 1292 1293 1294 1295
          1296 1297 1298 1299 1300 1301
          1302 1303 1304 1305 1306 1307
          1308 1309 1310 1311 1312 1313
          1314 1315 1316 1317 1318 1319
          1320 1321 1322 1323 1324 1325
          1326 1327 1328 1329 1330 1331
          1332 1333 1334 1335 1336 1337
          1338 1339 1340 1341 1342 1343
          1344 1345 1346 1347 1348 1349
          1350 1351 1352 1353 1354 1355
          1356 1357 1358 1359 1360 1361
          1362 1363 1364 1365 1366 1367
          1368 1369 1370 1371 1372 1373
          1374 1375 1376 1377 1378 1379
          1380 1381 1382 1383 1384 1385
          1386 1387 1388 1389 1390 1391
          1392 1393 1394 1395 1396 1397
          1398 1399 1400 1401 1402 1403
          1404 1405 1406 1407 1408 1409
          1410 1411 1412 1413 1414 1415
          1416 1417 1418 1419 1420 1421
          1422 1423 1424 1425 1426 1427
          1428 1429 1430 1431 1432 1433
          1434 1435 1436 1437 1438 1439
          1440 1441 1442 1443 1444 1445
          1446 1447 1448 1449 1450 1451
          1452 1453 1454 1455 1456 1457
          1458 1459 1460 1461 1462 1463
          1464 1465 1466 1467 1468 1469
          1470 1471 1472 1473 1474 1475
          1476 1477 1478 1479 1480 1481
          1482 1483 1484 1485 1486 1487
          1488 1489 1490 1491 1492 1493
          1494 1495 1496 1497 1498 1499
          1500 1501 1502 1503 1504 1505
          1506 1507 1508 1509 1510 1511
          1512 1513 1514 1515 1516 1517
          1518 1519 1520 1521 1522 1523
          1524 1525 1526 1527 1528 1529
          1530 1531 1532 1533 1534 1535
          1536 1537 1538 1539 1540 1541
          1542 1543 1544 1545 1546 1547
          1548 1549 1550 1551 1552 1553
          1554 1555 1556 1557 1558 1559
          1560 1561 1562 1563 1564 1565
          1566 1567 1568 1569 1570 1571
          1572 1573 1574 1575 1576 1577
          1578 1579 1580 1581 1582 1583
          1584 1585 1586 1587 1588 1589
          1590 1591 1592 1593 1594 1595
          1596 1597 1598 1599 1600 1601
          1602 1603 1604 1605 1606 1607
          1608 1609 1610 1611 1612 1613
          1614 1615 1616 1617 1618 1619
          1620 1621 1622 1623 1624 1625
          1626 1627 1628 1629 1630 1631
          1632 1633 1634 1635 1636 1637
          1638 1639 1640 1641 1642 1643
          1644 1645 1646 1647 1648 1649
          1650 1651 1652 1653 1654 1655
          1656 1657 1658 1659 1660 1661
          1662 1663 1664 1665 1666 1667
          1668 1669 1670 1671 1672 1673
          1674 1675 1676 1677 1678 1679
          1680 1681 1682 1683 1684 1685
          1686 1687 1688 1689 1690 1691
          1692 1693 1694 1695 1696 1697
          1698 1699 1700 1701 1702 1703
          1704 1705 1706 1707 1708 1709
          1710 1711 1712 1713 1714 1715
          1716 1717 1718 1719 1720 1721
          1722 1723 1724 1725 1726 1727
          1728 1729 1730 1731 1732 1733
          1734 1735 1736 1737 1738 1739
          1740 1741 1742 1743 1744 1745
          1746 1747 1748 1749 1750 1751
          1752 1753 1754 1755 1756 1757
          1758 1759 1760 1761 1762 1763
          1764 1765 1766 1767 1768 1769
          1770 1771 1772 1773 1774 1775
          1776 1777 1778 1779 1780 1781
          1782 1783 1784 1785 1786 1787
          1788 1789 1790 1791 1792 1793
          1794 1795 1796 1797 1798 1799
          1800 1801 1802 1803 1804 1805
          1806 1807 1808 1809 1810 1811
          1812 1813 1814 1815 1816 1817
          1818 1819 1820 1821 1822 1823
          1824 1825 1826 1827 1828 1829
          1830 1831 1832 1833 1834 1835
          1836 1837 1838 1839 1840 1841
          1842 1843 1844 1845 1846 1847
          1848 1849 1850 1851 1852 1853
          1854 1855 1856 1857 1858 1859
          1860 1861 1862 1863 1864 1865
          1866 1867 1868 1869 1870 1871
          1872 1873 1874 1875 1876 1877
          1878 1879 1880 1881 1882 1883
          1884 1885 1886 1887 1888 1889
          1890 1891 1892 1893 1894 1895
          1896 1897 1898 1899 1900 1901
          1902 1903 1904 1905 1906 1907
          1908 1909 1910 1911 1912 1913
          1914 1915 1916 1917 1918 1919
          1920 1921 1922 1923 1924 1925
          1926 1927 1928 1929 1930 1931
          1932 1933 1934 1935 1936 1937
          1938 1939 1940 1941 1942 1943
          1944 1945 1946 1947 1948 1949
          1950 1951 1952 1953 1954 1955
          1956 1957 1958 1959 1960 1961
          1962 1963 1964 1965 1966 1967
          1968 1969 1970 1971 1972 1973
          1974 1975 1976 1977 1978 1979
          1980 1981 1982 1983 1984 1985
          1986 1987 1988 1989 1990 1991
          1992 1993 1994 1995 1996 1997
          1998 1999 2000 2001 2002 2003
          2004 2005 2006 2007 2008 2009
          2010 2011 2012 2013 2014 2015
          2016 2017 2018 2019 2020 2021
          2022 2023 2024 2025 2026 2027
          2028 2029 2030 2031 2032 2033
          2034 2035 2036 2037 2038 2039
          2040 2041 2042 2043 2044 2045
          2046 2047 2048 2049 2050 2051
          2052 2053 2054 2055 2056 2057
          2058 2059 2060 2061 2062 2063
          2064 2065 2066 2067 2068 2069
          2070 2071 2072 2073 2074 2075
          2076 2077 2078 2079 2080 2081
          2082 2083 2084 2085 2086 2087
          2088 2089 2090 2091 2092 2093
          2094 2095 2096 2097 2098 2099
          2100 2101 2102 2103 2104 2105
          2106 2107 2108 2109 2110 2111
          2112 2113 2114 2115 2116 2117
          2118 2119 2120 2121 2122 2123
          2124 2125 2126 2127 2128 2129
          2130 2131 2132 2133 2134 2135
          2136 2137 2138 2139 2140 2141
          2142 2143 2144 2145 2146 2147
          2148 2149 2150 2151 2152 2153
          2154 2155 2156 2157 2158 2159
          2160 2161 2162 2163 2164 2165
          2166 2167 2168 2169 2170 2171
          2172 2173 2174 2175 2176 2177
          2178 2179 2180 2181 2182 2183
          2184 2185 2186 2187 2188 2189
          2190 2191 2192 2193 2194 2195
          2196 2197 2198 2199 2200 2201
          2202 2203 2204 2205 2206 2207
          2208 2209 2210 2211 2212 2213
          2214 2215 2216 2217 2218 2219
          2220 2221 2222 2223 2224 2225
          2226 2227 2228 2229 2230 2231
          2232 2233 2234 2235 2236 2237
          2238 2239 2240 2241 2242 2243
          2244 2245 2246 2247 2248 2249
          2250 2251 2252 2253 2254 2255
          2256 2257 2258 2259 2260 2261
          2262 2263 2264 2265 2266 2267
          2268 2269 2270 2271 2272 2273
          2274 2275 2276 2277 2278 2279
          2280 2281 2282 2283 2284 2285
          2286 2287 2288 2289 2290 2291
          2292 2293 2294 2295 2296 2297
          2298 2299 2300 2301 2302 2303
          2304 2305 2306 2307 2308 2309
          2310 2311 2312 2313 2314 2315
          2316 2317 2318 2319 2320 2321
          2322 2323 2324 2325 2326 2327
          2328 2329 2330 2331 2332 2333
          2334 2335 2336 2337 2338 2339
          2340 2341 2342 2343 2344 2345
          2346 2347 2348 2349 2350 2351
          2352 2353 2354 2355 2356 2357
          2358 2359 2360 2361 2362 2363
          2364 2365 2366 2367 2368 2369
          2370 2371 2372 2373 2374 2375
          2376 2377 2378 2379 2380 2381
          2382 2383 2384 2385 2386 2387
          2388 2389 2390 2391 2392 2393
          2394 2395 2396 2397 2398 2399
          2400 2401 2402 2403 2404 2405
          2406 2407 2408 2409 2410 2411
          2412 2413 2414 2415 2416 2417
          2418 2419 2420 2421 2422 2423
          2424 2425 2426 2427 2428 2429
          2430 2431 2432 2433 2434 2435
          2436 2437 2438 2439 2440 2441
          2442 2443 2444 2445 2446 2447
          2448 2449 2450 2451 2452 2453
          2454 2455 2456 2457 2458 2459
          2460 2461 2462 2463 2464 2465
          2466 2467 2468 2469 2470 2471
          2472 2473 2474 2475 2476 2477
          2478 2479 2480 2481 2482 2483
          2484 2485 2486 2487 2488 2489
          2490 2491 2492 2493 2494 2495
          2496 2497 2498 2499 2500 2501
          2502 2503 2504 2505 2506 2507
        </DataArray>
        <DataArray type="Float32" Name="Scalar" format="ascii" RangeMin="0.02943546511232853" RangeMax="21.392749786376953">
          0.029435465 0.0342291 0.038735956 0.04282738 0.045417 0.05276155
          0.0571295 0.061341148 0.061900903 0.064501695 0.06834363 0.070999086
          0.08158009 0.08219035 0.09602901 0.10715949 0.10743317 0.11059582
          0.11505163 0.11531384 0.12551486 0.12720913 0.13189651 0.13556267
          0.14392659 0.14858021 0.15053244 0.15838993 0.15936501 0.1596715
          0.1607198 0.16813926 0.16825382 0.17401677 0.18504813 0.19111507
          0.1931979 0.19532597 0.1965517 0.1976879 0.19819444 0.20726472
          0.21207753 0.21470648 0.21515656 0.21791571 0.21946931 0.22586982
          0.22666007 0.23014158 0.23603155 0.23849092 0.24186578 0.24876407
          0.25159332 0.25301406 0.25538173 0.25640124 0.2565893 0.2665664
          0.26702347 0.26714063 0.2698781 0.27067998 0.2767941 0.28843766
          0.28969976 0.29284468 0.2967034 0.2971003 0.298984 0.3003226
          0.30133685 0.3052289 0.30870244 0.31217775 0.31415737 0.31418017
          0.31443647 0.32032895 0.33009222 0.33453977 0.34162554 0.34293216
          0.34439924 0.34656134 0.350247 0.35179684 0.35236636 0.35605645
          0.35884124 0.35928604 0.35953614 0.36147606 0.3627486 0.36294726
          0.36334246 0.368859 0.3734883 0.37408853 0.37470862 0.37835056
          0.38530543 0.3854081 0.38878685 0.388861 0.39075968 0.39108425
          0.39303008 0.3964492 0.39649323 0.39707914 0.39711913 0.39820898
          0.40562478 0.40703768 0.40912527 0.40928543 0.41790044 0.42251557
          0.4231206 0.42989686 0.43200386 0.44031417 0.4405947 0.44436797
          0.4463806 0.44713497 0.45043084 0.45084563 0.4537667 0.45415172
          0.45535973 0.46183038 0.46431485 0.47064105 0.47539222 0.48079556
          0.4809521 0.48237982 0.48509347 0.48606727 0.48651809 0.4866179
          0.4876804 0.48806357 0.4912224 0.49408266 0.49418548 0.49507234
          0.4958932 0.49699724 0.49728823 0.5047085 0.5076755 0.50819576
          0.51028675 0.5104285 0.51065797 0.5132393 0.51472634 0.5148018
          0.5151724 0.51781565 0.5186237 0.5188811 0.52406645 0.5251183
          0.52534276 0.52723384 0.5314479 0.532693 0.53392035 0.5370561
          0.5424422 0.5441213 0.54638565 0.549708 0.5504072 0.5504276
          0.5527587 0.55320895 0.55356205 0.55404747 0.5558445 0.55662197
          0.55991316 0.56136847 0.5634481 0.5660401 0.5699714 0.57042617
          0.57307965 0.5755852 0.5844467 0.58690506 0.5902178 0.5935076
          0.59529513 0.5965007 0.59846497 0.5996398 0.6002184 0.6026826
          0.6033596 0.60390216 0.60936373 0.6101179 0.61015356 0.6132617
          0.6158269 0.6205134 0.6215805 0.62395054 0.62980783 0.6298599
          0.63259995 0.63370496 0.63526565 0.6376297 0.6394278 0.6438609
          0.6449558 0.64779884 0.6505077 0.6511619 0.6529551 0.6564612
          0.6642241 0.6656525 0.66771245 0.6686828 0.66959006 0.6706124
          0.6715315 0.67166126 0.671933 0.6736922 0.6764952 0.6792811
          0.6805358 0.6816008 0.6851436 0.6873163 0.69055796 0.6926254
          0.6946892 0.69514424 0.7002003 0.70067227 0.70072854 0.701835
          0.7029218 0.703566 0.7062533 0.70645493 0.7091157 0.71314216
          0.7139376 0.7195444 0.72109056 0.72153467 0.722844 0.7236152
          0.7300788 0.74007607 0.74120003 0.74280965 0.74513745 0.74799573
          0.74951977 0.7550436 0.7652807 0.76663804 0.77058864 0.7728674
          0.7738672 0.77584004 0.77945864 0.7799939 0.7819036 0.78345597
          0.7880053 0.7887115 0.7911239 0.79294264 0.7931238 0.79716027
          0.80026394 0.80063564 0.8026749 0.80491763 0.8085102 0.80853873
          0.81414235 0.8146561 0.81490546 0.81625605 0.82032967 0.8239855
          0.8249415 0.82665443 0.8266957 0.82871205 0.82975787 0.8362612
          0.83670276 0.8386898 0.83964854 0.843805 0.84587926 0.8462248
          0.8474138 0.84983337 0.8531712 0.8536859 0.85689896 0.8595577
          0.86347616 0.8657319 0.8660095 0.87159956 0.8724582 0.8745144
          0.8760872 0.87716484 0.8775196 0.880233 0.8809679 0.88414514
          0.8852085 0.889611 0.8898499 0.8906596 0.89486283 0.89655405
          0.8996894 0.9035781 0.9046521 0.90745664 0.9085014 0.9122798
          0.91422665 0.9158218 0.9187411 0.9188431 0.91890067 0.9216894
          0.9228811 0.9276379 0.92784667 0.9290561 0.93001276 0.93117297
          0.9330633 0.9385151 0.93914926 0.94087756 0.94287413 0.9469189
          0.9474399 0.9482102 0.9484574 0.95141095 0.9519262 0.95440525
          0.957188 0.9583536 0.9613812 0.96178716 0.9644245 0.9649224
          0.96593535 0.9660015 0.9660783 0.96983254 0.97422093 0.97572994
          0.97663456 0.9774448 0.9778148 0.97884554 0.978865 0.98024714
          0.98254013 0.98488045 0.986957 0.9874586 0.99233997 0.99521846
          0.9963098 0.99921674 1.0000088 1.0004479 1.002025 1.0078973
          1.0084713 1.0105923 1.0107225 1.0109031 1.0145862 1.0159094
          1.0190576 1.019836 1.0210743 1.0214837 1.0234807 1.026241
          1.0272683 1.0300244 1.0323498 1.0326891 1.0356354 1.035798
          1.0381049 1.0406951 1.0424998 1.0465174 1.0469118 1.0571147
          1.057834 1.0609586 1.0611289 1.0625632 1.0626073 1.0689592
          1.0705106 1.0706296 1.0775428 1.078038 1.0894834 1.0901687
          1.0902822 1.0915357 1.0919014 1.0979121 1.098706 1.1042207
          1.1054271 1.1064458 1.1067263 1.1152226 1.116155 1.1175317
          1.1199436 1.1214591 1.1214601 1.1224661 1.1232461 1.1277574
          1.1278747 1.1280484 1.1285701 1.1304921 1.1338736 1.1505855
          1.1640815 1.1648996 1.1650279 1.168333 1.1728244 1.1754109
          1.1808825 1.1921126 1.1930145 1.19347 1.1945794 1.1971676
          1.2008574 1.2010189 1.2051197 1.2134788 1.2137957 1.2138232
          1.2179404 1.2196422 1.2223079 1.2257017 1.2289325 1.2304138
          1.2304752 1.2314291 1.2349669 1.2359468 1.2379174 1.2420764
          1.2474573 1.2476172 1.2487488 1.2501059 1.2503123 1.2536873
          1.2624594 1.271378 1.2726818 1.2761077 1.2791145 1.2792339
          1.2812829 1.282312 1.285169 1.2889138 1.2906709 1.2914426
          1.3009661 1.3038136 1.3063827 1.306811 1.3106579 1.3115553
          1.3130766 1.3134205 1.3172354 1.3211511 1.3215694 1.3228756
          1.3243563 1.3269686 1.327204 1.3273697 1.3278029 1.3310978
          1.3314109 1.3314458 1.3326383 1.3353045 1.3399223 1.3435621
          1.345257 1.3472542 1.3536355 1.3546427 1.356191 1.3580688
          1.3596498 1.3610837 1.3612039 1.3614893 1.3646913 1.3656344
          1.3709636 1.3822882 1.385631 1.3894354 1.3909019 1.4011548
          1.401361 1.4024241 1.4060814 1.4092407 1.4099058 1.4112512
          1.4147831 1.4167968 1.4228312 1.4232231 1.425289 1.427506
          1.4304106 1.4322661 1.4342194 1.4425409 1.444163 1.4496852
          1.4517764 1.453759 1.4595178 1.461908 1.4634603 1.4686747
          1.4729403 1.47345 1.4753842 1.4773105 1.4837817 1.4886312
          1.4962626 1.498098 1.5013448 1.503639 1.513445 1.514406
          1.5184903 1.5187255 1.5207291 1.5232729 1.5312405 1.5388682
          1.5426009 1.5450962 1.5521907 1.5536088 1.554277 1.5682322
          1.5695988 1.5722023 1.5739759 1.579365 1.5867456 1.5881863
          1.5898001 1.59424 1.6006318 1.6006452 1.6120815 1.6132506
          1.6181777 1.6202691 1.6213428 1.6215096 1.6227348 1.6272994
          1.6344674 1.6534879 1.6572849 1.6575137 1.6585531 1.6585631
          1.6591614 1.6631333 1.6759336 1.6759709 1.6771423 1.6836833
          1.6842476 1.685916 1.6870779 1.6962745 1.698171 1.6983365
          1.6988423 1.6999007 1.702746 1.7088828 1.7093923 1.7127761
          1.7134173 1.7135339 1.7135375 1.7136312 1.7310987 1.7312138
          1.7394117 1.7447436 1.7490525 1.753613 1.7559984 1.7576487
          1.7596058 1.7699544 1.772321 1.778948 1.7890636 1.7944877
          1.7962757 1.8013053 1.8017523 1.8029845 1.8117676 1.8136226
          1.8156154 1.8196659 1.8205345 1.8224338 1.8315945 1.8321745
          1.8553265 1.863965 1.8639989 1.8703269 1.879583 1.883551
          1.885079 1.886054 1.8922603 1.8934644 1.8994062 1.9029137
          1.912717 1.9181494 1.9243528 1.9296676 1.9390393 1.9453956
          1.9467113 1.9470379 1.9478638 1.9484977 1.9494827 1.9555418
          1.955956 1.9744917 1.9895948 1.9913278 1.9923017 1.993282
          2.0016596 2.0061438 2.0072615 2.0075464 2.0104473 2.0105166
          2.011093 2.013019 2.0147393 2.016289 2.0172186 2.0198312
          2.026871 2.0286176 2.031719 2.0321596 2.0367267 2.0372248
          2.0476825 2.05114 2.0538971 2.0589974 2.0670428 2.0694447
          2.0743003 2.0756612 2.0765383 2.07762 2.0783548 2.0785584
          2.0816848 2.0858088 2.0897877 2.0923984 2.0942585 2.0967512
          2.0970254 2.0986528 2.1003122 2.1032698 2.110406 2.120499
          2.1234987 2.1236951 2.1264088 2.1337645 2.1352727 2.1424954
          2.1433427 2.1448612 2.1454177 2.1457288 2.1545236 2.1664202
          2.1672666 2.1704717 2.1704915 2.1715484 2.171835 2.1739056
          2.1803732 2.1814153 2.1821022 2.1828074 2.1838171 2.1896446
          2.1899784 2.1926048 2.206175 2.2096317 2.212267 2.2130563
          2.2150102 2.2265508 2.2293296 2.2316031 2.2322721 2.2348988
          2.2425385 2.2457697 2.2486057 2.2486928 2.2498012 2.2498832
          2.2499318 2.2582107 2.2601156 2.264414 2.266213 2.269379
          2.2772882 2.2790074 2.2794013 2.28185 2.283653 2.284652
          2.2891698 2.2891936 2.2932594 2.3022428 2.3084385 2.3120153
          2.3132415 2.3211567 2.3249447 2.3252923 2.3311322 2.3331263
          2.3417354 2.3456345 2.3509848 2.356718 2.3586962 2.3663223
          2.367514 2.3716938 2.3751469 2.3752882 2.3817947 2.3877635
          2.3949003 2.3964717 2.398063 2.409041 2.4243472 2.428227
          2.4306767 2.4309006 2.4330308 2.4360578 2.4372873 2.4395194
          2.4418879 2.4422297 2.4430873 2.4440563 2.4474154 2.4582927
          2.4598 2.4689515 2.4720643 2.473668 2.4810483 2.4829566
          2.4903355 2.490711 2.4925222 2.499551 2.5008664 2.508911
          2.5091834 2.5129135 2.5172682 2.5195127 2.520255 2.5250046
          2.5259445 2.526825 2.5271692 2.5272596 2.530256 2.5304286
          2.530716 2.532629 2.5333436 2.5341516 2.5384984 2.5424619
          2.5451097 2.54906 2.5516822 2.5541477 2.5622685 2.5624309
          2.5692046 2.5706606 2.5745342 2.5798295 2.5805542 2.5952756
          2.5975707 2.6059864 2.6068249 2.6082063 2.612033 2.6141925
          2.6200514 2.6227925 2.626776 2.6321516 2.637706 2.646324
          2.655249 2.6553686 2.6644313 2.6724572 2.676142 2.680398
          2.684338 2.6929023 2.6971407 2.701786 2.7071536 2.7104163
          2.7104342 2.715845 2.7163007 2.7211971 2.7351213 2.7511213
          2.7575853 2.759061 2.7670794 2.7803822 2.7852585 2.8038666
          2.807728 2.8191156 2.834093 2.8351383 2.8374486 2.842914
          2.8445642 2.8459175 2.847065 2.8580997 2.8644476 2.864652
          2.8660128 2.8696215 2.8767526 2.8809652 2.88131 2.8920124
          2.8920794 2.8992736 2.9003932 2.901588 2.9069114 2.9182532
          2.930535 2.936837 2.9371147 2.9377623 2.941711 2.9436986
          2.94844 2.9491663 2.9604743 2.9666555 2.9782636 2.9790666
          2.9792187 2.9851756 2.9882405 2.9915228 2.997427 3.0089488
          3.0115175 3.0121605 3.0216377 3.0224032 3.0234702 3.0301278
          3.030137 3.0351408 3.0378225 3.0385172 3.0477161 3.0487642
          3.0572505 3.0585017 3.0597713 3.0757205 3.0759523 3.0820477
          3.0882015 3.1076076 3.1097305 3.1261811 3.1325264 3.1385903
          3.1449382 3.1560056 3.1631467 3.1659753 3.1835334 3.1869273
          3.1875648 3.194609 3.2137089 3.217151 3.21844 3.2343457
          3.2457495 3.2515233 3.2705684 3.2722077 3.2862866 3.2874885
          3.2903378 3.2919872 3.2929995 3.2936068 3.299694 3.3224652
          3.3246307 3.3327823 3.3383925 3.3472311 3.3490498 3.3547616
          3.3655238 3.3671293 3.3693867 3.3782682 3.380361 3.3821173
          3.3876164 3.388691 3.3919773 3.4184265 3.420241 3.424037
          3.427479 3.429571 3.4336138 3.4341803 3.435274 3.4459667
          3.446584 3.4515984 3.4517503 3.4517992 3.461441 3.4649155
          3.4694948 3.4697168 3.4881358 3.4896762 3.507816 3.5158362
          3.5172427 3.5246794 3.5307145 3.5333922 3.5336084 3.5398962
          3.5404563 3.5449514 3.5467527 3.5474887 3.5490873 3.5548356
          3.5747955 3.5793304 3.580883 3.5830288 3.5898144 3.5917833
          3.5986962 3.6004455 3.6063187 3.6109853 3.6113167 3.6116455
          3.6129606 3.618778 3.62301 3.6317317 3.6339753 3.640166
          3.643196 3.6548743 3.6577811 3.6683962 3.6871784 3.6876433
          3.6907206 3.6916773 3.691786 3.6949725 3.697098 3.7007165
          3.7009819 3.7024295 3.7093716 3.717647 3.7196891 3.7259421
          3.7299876 3.7392073 3.7466528 3.7535102 3.7562902 3.7587924
          3.7597592 3.7650394 3.782964 3.784599 3.785262 3.793983
          3.7986748 3.8051276 3.8177903 3.823029 3.8236923 3.8344324
          3.834622 3.8398921 3.8401587 3.8416862 3.841701 3.8436017
          3.8445501 3.8576937 3.8620598 3.8667781 3.8746333 3.8772535
          3.882872 3.8856027 3.9004836 3.9036186 3.9103658 3.934698
          3.945403 3.950457 3.9518635 3.9592283 3.9621565 3.96585
          3.967222 3.9729319 3.9849787 3.9857368 3.9903858 3.9994938
          4.0011096 4.0014772 4.0063906 4.0206237 4.0248137 4.0414147
          4.0424495 4.0430717 4.0613503 4.0632253 4.0656323 4.070849
          4.074488 4.086418 4.087388 4.09078 4.0960493 4.099745
          4.104895 4.1080256 4.1191187 4.1205516 4.1398687 4.140256
          4.163687 4.1728187 4.1731234 4.175137 4.1892924 4.190085
          4.2182136 4.221234 4.222438 4.2306128 4.2489963 4.24921
          4.2496142 4.2636743 4.26492 4.285995 4.2957387 4.308827
          4.3434105 4.348782 4.3539586 4.35551 4.3557415 4.3581815
          4.3624067 4.370223 4.371555 4.3720393 4.3756723 4.3784556
          4.3804007 4.3818245 4.3934026 4.394708 4.395841 4.4031157
          4.403139 4.4093833 4.417391 4.424723 4.4392905 4.444597
          4.44576 4.4516068 4.495685 4.5015965 4.5183644 4.519198
          4.5317664 4.533102 4.5342855 4.5363 4.5657043 4.5657287
          4.5684867 4.568489 4.582986 4.5859537 4.5869884 4.593533
          4.6173697 4.624321 4.624901 4.627904 4.6328526 4.632943
          4.635376 4.6457944 4.650159 4.650509 4.6565785 4.659106
          4.665503 4.6796336 4.684687 4.700592 4.710308 4.7116294
          4.715715 4.7183666 4.7216845 4.741963 4.742729 4.7465935
          4.7526145 4.7528753 4.75585 4.758935 4.776917 4.7798147
          4.78737 4.79673 4.801337 4.80899 4.809697 4.8121295
          4.8139977 4.8142014 4.8156514 4.8202124 4.823817 4.825531
          4.8304667 4.841925 4.8419523 4.843554 4.8450747 4.863433
          4.8641257 4.866176 4.8723154 4.8822465 4.8845925 4.885261
          4.889302 4.895672 4.899838 4.9004936 4.9017987 4.9026375
          4.9028435 4.9052567 4.9165297 4.9171042 4.9349933 4.941423
          4.942316 4.9430733 4.9910817 5.0075145 5.0100803 5.0108204
          5.021664 5.030436 5.0334177 5.0455832 5.048923 5.052409
          5.0539026 5.0586195 5.0669937 5.074755 5.079021 5.093326
          5.093815 5.0971103 5.1066523 5.1120048 5.114911 5.1238084
          5.12944 5.135076 5.1396213 5.1401014 5.145895 5.1479225
          5.1504693 5.1581936 5.164261 5.171612 5.1797585 5.1843314
          5.189094 5.1927013 5.2065144 5.2267823 5.242405 5.244309
          5.2453504 5.2685275 5.2943025 5.294633 5.299477 5.3131776
          5.3262033 5.3289742 5.3368716 5.3488097 5.3621407 5.3673806
          5.368886 5.380144 5.389871 5.3978148 5.4000664 5.4058194
          5.4112678 5.412014 5.426889 5.4482837 5.4582334 5.4587536
          5.459137 5.473248 5.4733205 5.4734983 5.476784 5.4798546
          5.4842296 5.4898825 5.507141 5.5078826 5.53158 5.536998
          5.54262 5.549268 5.5550594 5.561897 5.5622964 5.5720067
          5.5739055 5.5796394 5.595395 5.5994644 5.607703 5.609398
          5.6106763 5.611134 5.6125345 5.615443 5.617361 5.6244836
          5.62593 5.639233 5.6431155 5.652275 5.6574116 5.658927
          5.6643867 5.684407 5.692482 5.714737 5.7437005 5.7496433
          5.7513285 5.7535143 5.754317 5.782534 5.78947 5.8062167
          5.8112936 5.8152146 5.827738 5.831342 5.8333583 5.837563
          5.8718996 5.8765516 5.89942 5.904503 5.9052215 5.9081364
          5.908399 5.9133444 5.9175963 5.9210324 5.927174 5.929263
          5.934266 5.958179 5.9600325 5.9602056 5.9923797 6.000693
          6.0760612 6.0775776 6.0836353 6.084164 6.0927024 6.1086993
          6.109433 6.114662 6.1198735 6.1226497 6.122798 6.1250577
          6.151309 6.154686 6.1571116 6.165063 6.1688027 6.1723046
          6.173164 6.1749706 6.186222 6.186515 6.187513 6.189269
          6.193357 6.194244 6.1968107 6.203643 6.2079563 6.2193565
          6.251885 6.259206 6.267294 6.2747602 6.27536 6.277972
          6.284882 6.289715 6.292859 6.3027024 6.3197217 6.3245955
          6.33858 6.356083 6.3704953 6.3857474 6.405374 6.40593
          6.4126782 6.419435 6.4334044 6.4446993 6.4454393 6.4487185
          6.464744 6.473441 6.4754963 6.4777446 6.4948134 6.496732
          6.5335546 6.5620866 6.572913 6.5783963 6.5823817 6.58263
          6.597961 6.609457 6.633592 6.687945 6.7267027 6.7311373
          6.734151 6.744499 6.749999 6.7556148 6.767884 6.774885
          6.7876086 6.790507 6.7912354 6.792066 6.818271 6.8324122
          6.83952 6.8657384 6.8659787 6.8807716 6.893608 6.908754
          6.916814 6.922732 6.931366 6.9570875 6.9644437 7.0029616
          7.0207815 7.026423 7.0355315 7.0384917 7.053085 7.0570717
          7.0588064 7.065396 7.0713415 7.072717 7.074005 7.077387
          7.0817637 7.0876966 7.1071734 7.115167 7.1269093 7.138033
          7.152038 7.157695 7.158763 7.162266 7.164737 7.1660085
          7.1699896 7.174069 7.1852975 7.200001 7.2073135 7.225041
          7.2293158 7.271286 7.2802644 7.2819786 7.290174 7.307153
          7.3122015 7.330026 7.331574 7.3317733 7.3331957 7.3362446
          7.34361 7.3500285 7.3687043 7.376928 7.383424 7.401447
          7.4088907 7.424661 7.433119 7.448306 7.457359 7.487253
          7.4934144 7.5153337 7.5197067 7.5735645 7.5766068 7.5846305
          7.595715 7.6161985 7.6267443 7.6353183 7.648031 7.6501803
          7.65434 7.6571765 7.658988 7.6622 7.6629143 7.6654825
          7.6753945 7.6757317 7.686367 7.687805 7.694792 7.6966157
          7.6984677 7.7057967 7.7068276 7.716465 7.736763 7.7397738
          7.7542195 7.7575154 7.7582555 7.7703304 7.7726855 7.774407
          7.7876954 7.7948027 7.820418 7.82636 7.8440995 7.8570347
          7.8615327 7.866725 7.8677654 7.869427 7.885928 7.9075108
          7.9179034 7.945135 7.945286 7.9471793 7.955133 7.9932327
          8.004355 8.0141535 8.018393 8.032729 8.039945 8.045796
          8.046689 8.048917 8.057302 8.058131 8.06451 8.06625
          8.070461 8.087178 8.093888 8.117628 8.125381 8.140014
          8.152136 8.152979 8.16561 8.173565 8.193196 8.204429
          8.205249 8.2077 8.224255 8.236731 8.241534 8.257572
          8.265082 8.265701 8.278061 8.283631 8.285508 8.2871475
          8.322775 8.330587 8.332514 8.35102 8.352698 8.35363
          8.369231 8.370961 8.372974 8.383969 8.420698 8.431795
          8.432036 8.432546 8.442087 8.456147 8.456433 8.459018
          8.466539 8.505426 8.509733 8.512762 8.530298 8.530582
          8.53309 8.53722 8.543626 8.550168 8.554989 8.572824
          8.582562 8.585232 8.592168 8.594756 8.594934 8.598468
          8.620231 8.635464 8.641849 8.655377 8.675497 8.6782875
          8.692842 8.696342 8.706162 8.720462 8.748992 8.751506
          8.757245 8.760654 8.766917 8.770703 8.786237 8.791662
          8.7928505 8.798536 8.80296 8.8113985 8.81408 8.817613
          8.837917 8.854025 8.8653145 8.892067 8.894447 8.932808
          8.936856 8.974071 9.016578 9.023019 9.059139 9.097752
          9.13624 9.144583 9.146381 9.146792 9.1517725 9.164467
          9.169548 9.187025 9.198795 9.2129755 9.225329 9.229008
          9.242239 9.250265 9.2525 9.256398 9.272209 9.280391
          9.280696 9.282952 9.304242 9.328836 9.330174 9.3372135
          9.341714 9.355162 9.367697 9.37332 9.377507 9.392005
          9.412723 9.413628 9.421701 9.430265 9.432214 9.445643
          9.449147 9.449915 9.454877 9.47662 9.476763 9.479749
          9.49395 9.496644 9.5064335 9.512789 9.515619 9.525794
          9.53124 9.558951 9.561098 9.5730095 9.573799 9.579655
          9.601681 9.606928 9.611318 9.618067 9.626097 9.635685
          9.648513 9.6523905 9.658251 9.667605 9.679086 9.688767
          9.692541 9.712219 9.713389 9.718128 9.723713 9.725278
          9.725434 9.744529 9.749408 9.753775 9.759706 9.759974
          9.760353 9.765821 9.767667 9.772115 9.77268 9.774378
          9.799613 9.800197 9.800344 9.805683 9.829352 9.829856
          9.835967 9.835998 9.841067 9.852135 9.855044 9.856558
          9.863762 9.864607 9.865023 9.874103 9.8784 9.879789
          9.886401 9.893716 9.9162245 9.953505 9.957355 9.963434
          9.96673 9.973515 9.974245 9.975247 9.988916 9.989175
          9.99285 10.002226 10.0051 10.011518 10.011583 10.015263
          10.036965 10.048142 10.055199 10.058008 10.063333 10.063742
          10.071119 10.079223 10.084899 10.08655 10.099201 10.10173
          10.103126 10.120706 10.125219 10.137425 10.1385975 10.139652
          10.144502 10.163317 10.163832 10.166275 10.171146 10.1835165
          10.191064 10.195552 10.19627 10.197314 10.212202 10.213099
          10.215567 10.215865 10.217947 10.232055 10.256858 10.258873
          10.259078 10.2604265 10.264312 10.265077 10.267861 10.272784
          10.284474 10.285209 10.286283 10.291464 10.299498 10.299577
          10.299652 10.301345 10.302576 10.3081255 10.322629 10.323235
          10.33136 10.332656 10.3371525 10.344055 10.352398 10.361071
          10.363021 10.363467 10.370067 10.372004 10.375135 10.377776
          10.382632 10.386367 10.390809 10.409211 10.41519 10.415821
          10.420958 10.425662 10.431636 10.433611 10.438676 10.448794
          10.449682 10.451842 10.453451 10.454607 10.45753 10.458797
          10.4631405 10.470085 10.472838 10.473667 10.475732 10.476904
          10.483241 10.483759 10.486518 10.497913 10.498657 10.5066185
          10.511206 10.511787 10.515681 10.515876 10.523348 10.526756
          10.532412 10.534605 10.535257 10.536272 10.537949 10.541758
          10.542392 10.543513 10.550866 10.554178 10.556421 10.564563
          10.568379 10.57188 10.575968 10.57838 10.601909 10.607372
          10.616875 10.617439 10.619937 10.620704 10.623763 10.627285
          10.628354 10.628571 10.6302805 10.632919 10.643175 10.644374
          10.648407 10.65988 10.66404 10.677943 10.68756 10.695184
          10.700799 10.701568 10.707079 10.714392 10.714583 10.723496
          10.724924 10.729471 10.730619 10.732502 10.73453 10.7501745
          10.750427 10.75291 10.753759 10.758173 10.774074 10.775559
          10.776695 10.780914 10.783427 10.78622 10.787881 10.788062
          10.790164 10.793855 10.799993 10.802781 10.808213 10.809105
          10.813109 10.827491 10.827753 10.831632 10.840544 10.842277
          10.843678 10.844843 10.847146 10.847531 10.848273 10.850698
          10.850794 10.851274 10.853163 10.854472 10.854846 10.856141
          10.862973 10.869575 10.871445 10.8744545 10.88643 10.894897
          10.896858 10.903136 10.903147 10.905756 10.906707 10.908028
          10.91627 10.919966 10.926918 10.930467 10.932266 10.933762
          10.94257 10.943855 10.944681 10.952255 10.960523 10.961052
          10.964428 10.966744 10.96785 10.972259 10.977023 10.981461
          10.986389 10.991174 10.996273 11.012587 11.029636 11.040809
          11.046768 11.049576 11.049749 11.0499525 11.050079 11.0531225
          11.056634 11.061302 11.064233 11.075468 11.085306 11.091857
          11.093858 11.095265 11.101308 11.103209 11.103938 11.106697
          11.125458 11.132756 11.140937 11.14514 11.145531 11.146737
          11.147721 11.151426 11.155333 11.158398 11.17149 11.175452
          11.177372 11.182498 11.187749 11.193849 11.194211 11.199167
          11.21057 11.221545 11.230634 11.23092 11.233368 11.234062
          11.234844 11.250697 11.262287 11.272006 11.272864 11.284077
          11.287558 11.288408 11.2978325 11.306599 11.315648 11.31915
          11.321514 11.323711 11.359524 11.366145 11.369793 11.386222
          11.387244 11.389873 11.392955 11.399214 11.3997555 11.414148
          11.421194 11.426064 11.439763 11.446203 11.453671 11.461538
          11.463623 11.467602 11.472615 11.47403 11.584895 11.585798
          11.596081 11.603472 11.605213 11.611027 11.616955 11.63121
          11.635563 11.642099 11.64297 11.670112 11.686234 11.690731
          11.695062 11.702054 11.7201805 11.726811 11.730772 11.73099
          11.739746 11.74367 11.7477865 11.752407 11.75573 11.75729
          11.763211 11.77982 11.81096 11.820276 11.837822 11.840834
          11.85039 11.8529415 11.861609 11.862583 11.898512 11.902642
          11.922156 11.936122 11.94852 11.976129 11.979488 11.995121
          12.001175 12.016534 12.016538 12.034259 12.044285 12.058732
          12.068741 12.069243 12.089794 12.099035 12.116419 12.119853
          12.131639 12.133125 12.151253 12.152918 12.161679 12.182697
          12.183397 12.187761 12.195959 12.198986 12.203053 12.23398
          12.242272 12.246857 12.247467 12.251563 12.290392 12.303856
          12.315154 12.337622 12.340302 12.348039 12.355543 12.356029
          12.385046 12.389089 12.407223 12.424387 12.457549 12.470521
          12.475653 12.487755 12.518429 12.543531 12.549601 12.5566225
          12.581648 12.584686 12.587735 12.588159 12.608252 12.64275
          12.645711 12.657774 12.659739 12.6691 12.676395 12.684237
          12.708701 12.710913 12.721686 12.724648 12.746678 12.749484
          12.7755 12.786845 12.803791 12.816515 12.836675 12.844315
          12.846625 12.857188 12.874396 12.875627 12.894678 12.899935
          12.9046135 12.908143 12.920682 12.93283 13.010103 13.01653
          13.016719 13.027434 13.068053 13.077436 13.121045 13.148192
          13.148497 13.188244 13.228416 13.286108 13.301117 13.302177
          13.419016 13.463551 13.473454 13.475737 13.484731 13.485953
          13.511911 13.538736 13.553521 13.596477 13.601416 13.645693
          13.652506 13.662086 13.678755 13.687102 13.687439 13.818236
          13.8253355 13.852638 13.907476 13.940114 13.981547 13.991794
          14.066325 14.0965805 14.102113 14.176311 14.210743 14.240214
          14.247469 14.255108 14.297731 14.314897 14.333498 14.338961
          14.339505 14.341853 14.355074 14.374561 14.379497 14.399977
          14.404408 14.4211445 14.426413 14.433234 14.444323 14.466846
          14.499245 14.524462 14.544919 14.55034 14.637729 14.668186
          14.688825 14.771821 14.774724 14.779168 14.804567 14.853908
          14.874055 14.877058 14.878868 14.885536 14.92994 14.94974
          15.006991 15.0169935 15.029005 15.035919 15.038285 15.044332
          15.057824 15.082208 15.093814 15.098387 15.108085 15.137063
          15.141861 15.145634 15.190462 15.190878 15.194097 15.21661
          15.220593 15.258376 15.2755995 15.287673 15.297727 15.30236
          15.304661 15.308973 15.313547 15.317186 15.319106 15.330163
          15.335996 15.349789 15.3514595 15.358274 15.360925 15.362463
          15.364699 15.366129 15.371468 15.413197 15.416282 15.418428
          15.418492 15.423457 15.436931 15.439692 15.452437 15.4619
          15.465052 15.4652815 15.474946 15.482581 15.486681 15.490684
          15.498656 15.499794 15.537737 15.54873 15.554174 15.55861
          15.603143 15.644954 15.678527 15.678785 15.699834 15.718282
          15.718549 15.726961 15.73675 15.737932 15.758308 15.769062
          15.787544 15.796479 15.803778 15.816658 15.834326 15.858243
          15.863036 15.873465 15.880476 15.884986 15.885365 15.891403
          15.893868 15.89857 15.89953 15.900359 15.90185 15.906968
          15.933711 15.934908 15.936026 15.9466505 15.9508295 15.955275
          15.964817 15.987851 15.990203 16.0069 16.009027 16.015356
          16.020819 16.025352 16.040457 16.064045 16.096333 16.096848
          16.106604 16.112024 16.158472 16.174583 16.19502 16.259245
          16.330986 16.376158 16.387478 16.41912 16.452456 16.469149
          16.535032 16.546537 16.547756 16.593538 16.596748 16.605122
          16.62351 16.638914 16.654984 16.688297 16.760334 16.763847
          16.773117 16.792892 16.792992 16.794767 16.795856 16.823057
          16.823832 16.874252 16.876543 16.878338 16.88276 16.951897
          17.037035 17.037617 17.09087 17.111471 17.171062 21.39275
        </DataArray>
        <DataArray type="Int32" Name="VertexId" format="ascii" RangeMin="13" RangeMax="25598">
          2206 12446 617 10189 473 1888
          8194 2356 475 7896 11953 771
          1595 7577 6061 9865 11965 1553
          11779 1240 5745 11809 5740 1837
          8535 2223 1741 2225 918 384
          1873 466 1579 11802 11796 11943
          1569 11798 619 1995 1386 2224
          1729 622 997 150 2027 3015
          10033 2047 2228 2552 12280 9055
          1675 1577 6239 10821 637 5741
          11797 778 147 6698 131 11409
          1875 2360 2992 2678 12284 1879
          10372 1408 1743 12451 12775 10355
          474 3312 1568 2542 1079 4791
          1078 7734 6379 1733 1580 1757
          12436 3495 8090 2519 11795 10793
          7735 11948 13078 1414 12916 2383
          7015 1836 12289 6539 831 1020
          1239 1891 7333 3175 2546 311
          10311 6380 151 1065 3359 5578
          909 1918 109 1835 5902 11485
          7005 11169 1017 5579 2387 627
          2045 4665 5919 2386 12064 746
          11645 12129 2860 464 307 10297
          55 8411 906 1578 7413 12448
          10524 1713 1732 2046 11950 3813
          5747 472 11787 1347 53 2480
          1555 13076 301 2319 10026 1087
          6056 9955 1548 704 11947 3152
          1547 10823 6716 2877 757 626
          7027 1592 10036 2079 477 3651
          2200 11804 12293 5746 1573 12450
          461 2556 2700 1184 1833 11945
          10196 4155 1883 1731 2687 9861
          1884 1717 7895 2035 11772 1593
          54 6556 1746 2038 460 12292
          10931 995 10822 1708 2479 62
          10534 2078 10179 11799 6078 9537
          10363 2554 7530 3940 996 10848
          7231 10032 5896 7573 1877 4629
          4441 4789 11651 3653 373 11774
          272 2875 148 3811 11776 213
          593 3155 939 1248 774 10843
          534 12756 779 4132 669 8413
          3178 2557 10035 10985 3972 2879
          10499 7000 10345 1917 3154 3513
          10825 11773 4609 10672 9344 2876
          1906 11777 4933 2533 7989 433
          111 1340 701 9058 6201 9634
          11810 9038 4345 9252 860 9018
          2041 2390 8527 9327 4505 11250
          2534 4290 9635 10040 862 10792
          6376 10501 11616 8734 2686 4130
          6234 10789 11164 11781 4110 5081
          8718 589 5253 11252 4436 1672
          3008 917 12443 7891 8735 6985
          601 9017 9377 770 5219 2529
          5093 12295 7228 2531 1415 3965
          7002 10523 9822 10346 10181 8878
          3480 8038 7732 12921 1673 7040
          1993 9805 13080 3165 10339 11165
          695 3644 1225 7016 1596 6987
          6906 2239 9966 10661 6588 123
          10340 1559 6884 11489 60 6530
          133 10021 6377 3804 5732 10500
          7198 1338 4445 2688 3007 10974
          1710 8680 8573 4755 5573 374
          4449 10664 1181 7887 4601 6433
          2995 8215 4285 670 4116 7146
          9057 11251 7375 5096 4284 908
          3967 7174 2643 9248 10511 9354
          6586 3968 6213 12274 4596 7809
          12909 7883 3325 605 3999 7645
          2318 11004 6363 7570 4276 3792
          4295 4134 6747 9355 10790 3934
          7571 5256 6053 6896 4936 6746
          2325 6882 7648 1339 694 6372
          6362 3633 4931 6681 8205 7251
          13071 6236 7810 7052 3354 7050
          7051 10682 7888 6881 2484 4945
          12911 9162 3477 4026 8147 9965
          544 6883 7792 7486 9892 4185
          223 606 7472 1217 6902 7473
          2510 6864 7630 282 3839 7631
          3951 4472 7679 7411 8011 3662
          6047 6430 7046 5084 855 7315
          11424 4924 1111 599 7209 11140
          6664 8356 7490 8355 8412 7067
          1024 5103 3794 2664 10768 7489
          61 9979 389 6429 952 8206
          4142 7045 8148 1337 4158 6996
          7491 116 7725 8046 9161 10307
          2985 568 7156 10201 5086 7817
          762 1681 115 7851 7314 602
          3981 3501 7978 7646 2824 3821
          5085 4139 3507 3938 2830 8142
          9646 1840 11006 10543 4734 2650
          6665 7070 7677 9573 12912 7308
          5563 4298 6511 10148 5723 4621
          4462 9028 3982 10943 9539 3187
          10928 6509 6904 9164 9163 7726
          2642 9572 9165 6510 9250 6997
          9734 7037 9187 5729 5567 405
          7048 5188 7977 10129 2505 13886
          9893 7884 5727 5392 7686 1854
          9833 563 3347 566 3506 10373
          6893 4908 11294 5233 3142 6669
          3143 1186 9348 11423 9332 13557
          6037 6035 6038 4572 10785 4909
          9503 7521 3440 9347 6420 6036
          8196 8408 13397 86 3628 7025
          7678 2791 5684 3930 9205 69
          4573 8409 1698 8250 3275 7366
          1334 3939 7856 7367 7533 8672
          8919 11265 12702 3788 10128 10596
          4416 1538 7674 6410 245 8435
          1211 404 11767 9005 666 9405
          10290 1537 3273 1214 11768 5871
          660 8184 571 1335 8517 10214
          10935 7832 9733 7706 9340 6121
          1215 8276 10638 9082 7361 13713
          13553 740 2007 5711 9180 4211
          7973 9341 229 9682 7525 6419
          7813 254 570 8938 10174 1526
          7191 10477 8512 9174 9522 10001
          6730 4241 4097 573 1212 10450
          2976 8303 10162 1813 98 572
          6753 8592 2166 10165 9080 12901
          8591 12581 10581 10443 899 7546
          8445 10015 13728 8914 413 8776
          9566 8439 100 4253 12421 10689
          10172 8777 1205 1381 4515 9350
          7084 2466 4575 3274 12741 5921
          10276 8882 7676 9841 10161 13723
          11923 7359 9565 1190 6001 9406
          13883 4410 7855 4411 8775 3111
          9975 7033 8100 3622 1366 4061
          891 3249 10444 11605 13059 1688
          3932 8759 8593 12382 6900 6400
          9243 8612 1529 8503 9048 8765
          992 7939 4373 8344 3124 9817
          12900 9526 1494 11289 5037 7816
          3621 9210 13064 6543 3115 8280
          8772 1939 668 5600 11754 9050
          11760 8727 9047 9366 8026 5452
          9691 5680 3120 9923 9736 2964
          11753 11763 10164 11918 11916 2979
          11915 10173 5842 9532 8492 8456
          2646 208 8619 74 10488 12905
          4875 10487 8332 9762 9735 5361
          13 5521 3413 11759 11922 328
          3260 8498 11766 11449 9919 3761
          9763 10810 8025 1823 79 14239
          4498 10970 4883 7244 4420 8615
          5035 10209 8796 14078 5518 16959
          9813 4372 9653 14079 17439 17919
          5200 16319 18 12244 5033 5358
          5512 17279 7866 7940 12897 5043
          17759 9898 4721 12737 7926 72
          187 338 12243 8861 8162 3093
          178 16479 1822 9020 49 3899
          3915 5601 12231 15999 12233 3606
          16159 2599 5511 4501 5995 12073
          7505 7504 6606 2948 8798 8002
          3091 3411 3900 347 3755 9282
          9758 227 17916 17756 15508 193
          12232 339 6317 10210 6974 14533
          4016 8087 9918 14230 14698 6158
          9275 8797 15358 15678 3897 7755
          353 14074 14529 15023 4813 14369
          14029 14678 3445 13869 554 14072
          1004 10902 10080 5836 5931 10742
          14213 11726 4655 14071 4017 9738
          14073 14695 15020 6926 38 8959
          14076 14515 14373 14053 9436 15195
          15025 14860 9152 10752 13663 15024
          3727 4654 2280 3898 2938 8958
          2939 15034 15030 7590 15029 15355
          15035 14862 9276 11220 15027 663
          1002 9601 9921 8815 9597 14718
          394 14531 14518 4656 3571 12213
          14713 5132 3728 14530 14878 3699
          14553 14354 15191 164 14714 3579
          17111 3859 2440 18717 7592 8961
          5168 9121 12217 7341 175 18718
          15664 7501 8073 4385 195 12048
          8102 11566 7750 9900 490 10754
          13502 17112 15665 4032 239 4386
          2891 330 14062 7913 4224 16151
          15992 4225 11060 1764 491 8800
          8960 12057 17264 2451 14226 14386
          12053 13901 204 9278 11358 8640
          6802 14060 14061 7434 6642 7594
          4063 7912 13503 205 4329 7759
          166 15173 15336 6763 2733 13431
          15014 12000 8222 9108 9899 13112
          8629 13272 4011 15176 2297 11887
          12209 4167 7295 19358 16944 7104
          4168 16464 12314 4353 4490 13432
          480 16304 2892 7746 2457 19198
          2291 7757 7265 16940 17100 13184
          4010 8229 14008 11659 15977 12318
          12049 1774 2105 3200 8628 15978
          1128 4351 15656 686 7747 4978
          19678 15657 4979 19518 10539 5336
          14173 12955 16936 3690 4056 11686
          12633 3372 8789 3694 3212 16777
          1798 3691 12954 14010 1775 6023
          8474 11552 5300 5141 12163 11528
          6495 5819 1478 3719 8951 3530
          14171 7264 11847 1944 14012 7713
          13344 13181 3854 12635 11401 12634
          13852 13107 11713 5499 11402 5659
          14169 2603 14011 2724 1945 2602
          7135 11527 4849 13268 20158 19998
          9582 9613 5338 5490 16451 5864
          9452 12959 11553 16291 16931 16932
          5339 13119 12043 11846 12315 12470
          11205 1648 15806 9293 12630 3367
          482 22558 9741 9424 9453 9771
          15807 11039 3528 3072 3046 9772
          5330 12161 12044 5977 14790 14783
          1920 9423 3376 11367 9111 2911
          3536 15801 3205 9305 7426 15800
          7903 2400 14614 11189 2912 5337
          14463 2898 4484 14303 12192 969
          1646 3042 3390 3044 4324 5813
          2738 4857 1922 2566 11203 2406
          11392 15426 14453 11845 19669 2255
          14775 19510 1488 1958 11497 14774
          10409 10885 13513 5812 11201 2241
          5017 7399 1783 10884 9608 9448
          11045 12145 12306 3680 1647 11204
          4001 7558 14498 11695 14937 14623
          21758 11873 7287 14131 14454 14936
          11696 3842 3681 14338 10893 11680
          14312 13130 12305 15101 1929 12786
          23198 7126 21117 12519 14942 11054
          14318 14473 14313 21918 11533 23359
          14319 14500 14501 13993 21438 1633
          23199 13843 1788 11693 13844 1473
          22393 14779 10888 10552 14311 3393
          23038 20958 11052 23839 14451 2110
          6966 7127 21598 12680 21437 13193
          4038 14948 3233 11353 11511 11671
          11513 21111 21753 13838 23679 6628
          10232 1787 14291 13829 9144 14452
          1949 13678 6948 17723 20794 17563
          11717 11351 12520 22715 17021 12681
          21593 13987 13986 15298 3235 3234
          11399 7603 9459 17183 9300 7443
          25589 17782 13830 16860 25109 17182
          13470 15138 25269 25274 21909 25435
          12975 15294 5467 15290 15295 21590
          16223 21747 25113 25114 16224 24958
          25275 25277 21748 12828 25598 12028
          2583 16186 19366 15291 6144 2423
          13488 12974 5466 12337 25436 24946
          25596 25117 24140 17020 25112 6145
          24468 9628 9627 17715 17716 25426
          21099 17553 16058 24799 15898 17713
          24628 25427 24947 12333 12506 16221
          20138 24152 19978 20943 12029 16807
          16378 12332 12348 18298 14730 24146
          24150 20459 12178 13628 13809 21743
          20299 24147 13629 16218 16222 21104
          21744 25423 23827 15406 16539 21738
          23343 25424 12496 12648 21102 12488
          13467 23988 16093 21578 13649 12507
          13468 17517 15248 23345 23816 23655
          12186 23656 18563 23344 15933 23506
          15407 16580 23023 15088 20615 23183
          13810 18423 24938 20935 12027 23977
          20455 20933 23338 18262 18402 16259
          20775 17548 18495 18562 17678 18102
          18030 24463 20774 16900 22540 17709
          17870 17821 21414 21255 17677 22538
          20931 18498 24460 22541 21733 18337
          23497 22218 17698 20772 18336 18513
          21574 18353 17053 16741 18338 22533
          17058 16899 17537 16498 15760 17703
          19043 17220 24452 17697 18422 22855
          13121 13149 17378 16563 16570 17218
          16575 25418 16410 15600 17194 22373
          16416 16078 17705 13122 17542 17543
          21245 16080 23971 16890 18019 16735
          16079 16730 15920 20444 24133 22694
          16984 17354 20285 16870 24132 16561
          25099 16562 16564 18111 22045 20926
          17778 25568 25572 16018 18503 15856
          18883 19897 16873 18488 21687 17985
          17779 14905 15858 18342 17363 22206
          18490 20058 18935 19280 17033 19290
          20921 14123 22043 22203 18302 22317
          17688 20439 17823 20762 20057 16872
          18489 18163 20548 16824 18491 19293
          19288 17846 18809 18301 20440 16338
          18936 18649 25244 20400 19203 25245
          19131 17847 20080 16709 25081 25574
          20918 19289 17042 19106 17689 24926
          19133 18480 14744 14738 21718 16181
          25088 20758 23326 16522 20226 18005
          17685 18959 24605 18641 25083 24925
          22795 23486 17686 16182 20083 15218
          14745 20078 18640 14721 24766 23804
          18482 19698 18800 20241 20386 19120
          19692 23805 19303 20079 21398 16340
          21879 19598 20435 21719 19745 23323
          19759 20436 13965 20113 20242 19758
          22635 23324 17456 16233 17457 20883
          17303 24443 19308 16820 21193 19954
          24444 19143 19763 17645 16819 19309
          19604 20563 16209 21209 19906 21235
          16393 14258 13930 15058 19691 20703
          20093 16049 20704 21236 18123 23320
          22166 20429 17643 20562 20882 16691
          19053 22307 18307 20490 15386 14418
          20568 13939 18468 14094 16687 20108
          21675 21368 23321 19629 23318 21676
          16532 19789 14098 17648 18880 23275
          22007 25237 16981 18721 21833 20875
          19949 18306 19110 20073 20888 18467
          23319 21345 20269 23436 18770 20567
          20234 19424 16527 19298 16364 14253
          19139 19263 21517 20533 19778 20716
          15538 21047 21207 23115 23435 17647
          16980 20090 14262 15385 20103 25077
          19264 25235 19930 20908 23749 13640
          24120 25236 20091 20105 19943 20903
          20106 23751 18784 22468 23316 24121
          23795 20425 17644 15221 24071 14421
          21546 19109 22467 20850 20493 23911
          20749 19052 24118 15683 15381 17831
          21384 19776 22028 15543 24913 21025
          16848 18932 17493 21708 24119 20168
          23317 19273 20265 18953 17964 20691
          21385 15680 14255 20898 18952 23594
          21710 20095 13482 22184 23476 21219
          13761 19416 22505 13958 13638 20094
          19540 25234 23750 21868 19113 22025
          22995 20905 17832 21867 13956 17670
          16847 21058 22988 15844 21064 13601
          21857 22996 15843 23308 22504 21709
          16012 17671 17494 13794 20811 15222
          20575 13793 15541 22019 22513 17007
          15681 22947 20415 22508 20578 22788
          25195 20374 21828 20541 24389 24434
          21507 23148 22018 22498 22985 21508
          24594 14756 23310 22193 22348 13479
          24229 23788 22668 22665 24227 20418
          22034 24068 13798 21292 22510 25034
          24873 22353 23468 20542 16359 15852
          19087 25035 22669 18928 20738 23309
          22500 22809 13957 18445 22340 24110
          22649 24712 22138 24872 21542 16812
          21658 19539 21653 24108 23948 22819
          22499 19381 24109 18285 13920 22659
          24550 23303 21819 21693 23143 22496
          21818 24874 23609 22497 21978 19215
          16008 16360 16996 25517 23290 16811
          23283 21694 21131 25352 19567 21483
          25516 23289 25360 14753 25353 23449
          14754 15073 21340 16165 19233 24083
          23441 23765 23744 14750 23442 21341
          19566 19216 23440 21645 24398 24238
          21484 23766 25227 21500 14911 18754
          23424 25359 16998 25067 23293 23292
          14430 19374 17150 23925 21167 24103
          24560 24881 23778 24865 25530 17159
          24706 21974 24104 23579 25041 24407
          24559 24405 24245 23619 16997 24883
          14591 24247 24058 25365 17928 24893
          16999 25364 24418 25042 17315 23898
          19401 19402 24572 25212 24219 25535
          23581 24885 24858 25367 25380 24252
          25373 24218 24095 24697 24254 24860
          25044 17311 24258 24888 24898 17927
          22938 22779 25048 19079 25180 24738
          19080 18438 25019 23093 22936 24379
          25058 24859 24698 18571 22131 20800
          22132 22934 22609 22770 22453 18731
          18439 22293 23254 22614 22610 22455
          21318 22096 24853 21479 22121 21478
          23248 23569 22451 24854 21480 21934
          22929 23733 23573 23408 21962 21773
          21935 16033 24048 21626 24851 21948
          24852 24209 24046 24049 15873 22925
          22926 23888 20483 24531 20353 21947
          22764 20193 24691 21442 21600 22765
          20833 20981 24047 21441 17771 22413
          22254 20513 24848 24849 23062 20835
          17612 22901 21121 22902 23220 20675
          22242 21631 22899 23061 21622 22403
          24805 24846 24687 21464 24003 21300
          21472 21954 24015 24483 21624 24013
          21794 25124 22428 22268 21623 23366
          23688 22080 24005 22880 22436 24964
          23205 24008 24018 23535 23537 22402
          22437 24006 23536 22881 24164 23208
          20181 21140 23703 23047 21301 23206
          22587 23379 24803 24843 24163 24643
          20343 20180 24844 23233 23368 23527
          24014 23848 24804 22081 23694 23541
          24017 24808 20664 24010 21920 22433
          22914 22885 24038 22915 23235 22730
          22884 24810 24519 23231 24841 24682
          23232 24329 23215 24023 23718 23072
          24009 23234 23863 20828 20663 24360
          23554 23228 23216 24328 24039 23878
          23394 23396 24809 24807 24838 23236
          23557 24839 20023 22593 23227 23717
          20344 24033 24028 20183 24030 24029
          24818 25314 23548 24034 20829 24025
          24995 24833 24024 24513 24345 24353
          24828 24185 25309 24658 24508 24821
          25294 24823 24822 25450 25290 24668
          24834 24974 24826 24349 25145 25471
          24827 24819 25299 25142 25298 18587
        </DataArray>
        <DataArray type="Int32" Name="CriticalType" format="ascii" RangeMin="0" RangeMax="4">
          0 0 0 0 0 0
          0 0 0 0 0 0
          0 0 0 0 0 0
          0 0 0 0 0 0
          0 0 0 0 0 0
          0 0 0 0 0 0
          0 0 0 0 0 1
          1 0 0 0 0 0
          0 1 0 0 0 0
          0 0 0 0 0 1
          1 1 0 0 0 0
          0 0 0 0 1 0
          0 0 1 0 0 0
          1 0 1 0 0 0
          1 0 0 0 1 0
          0 0 0 1 1 0
          1 0 0 0 0 1
          0 1 0 1 0 0
          1 0 0 1 0 0
          0 1 1 0 0 0
          0 0 0 1 1 0
          0 0 0 1 1 0
          0 0 0 1 0 0
          1 1 0 1 1 0
          0 0 1 1 0 1
          0 1 1 1 1 0
          0 1 0 0 0 0
          1 1 0 0 1 0
          0 0 0 0 1 1
          1 0 0 0 0 1
          0 0 0 0 1 0
          1 1 0 1 1 1
          1 0 1 0 0 1
          1 0 0 1 0 0
          1 0 1 1 0 1
          1 1 0 1 1 1
          0 0 1 1 1 0
          0 1 0 1 1 0
          0 1 0 0 1 0
          0 1 1 1 1 0
          0 1 0 1 0 0
          0 0 1 1 0 1
          0 0 0 1 1 0
          0 1 1 0 0 0
          1 1 1 0 1 1
          0 0 0 1 1 0
          1 1 0 0 0 1
          1 1 0 0 0 1
          1 0 0 0 0 0
          1 0 0 0 1 0
          1 1 0 0 1 1
          1 0 1 0 1 1
          0 0 1 0 1 1
          0 0 0 1 0 0
          0 1 0 0 0 0
          0 1 1 0 1 0
          0 1 1 1 0 0
          1 1 0 1 1 0
          1 1 0 1 0 1
          0 0 1 0 1 0
          1 0 1 0 1 1
          0 0 1 1 1 0
          0 1 0 1 0 0
          1 1 0 1 0 0
          1 1 1 1 0 1
          0 0 0 1 1 0
          1 0 1 0 1 1
          1 1 1 0 1 0
          1 1 1 1 0 1
          1 1 0 0 1 1
          0 1 0 0 1 0
          0 1 0 1 1 0
          0 0 1 0 0 0
          1 1 0 0 1 0
          0 1 1 1 1 0
          1 1 1 0 1 1
          0 0 0 1 1 1
          1 1 1 1 0 0
          0 1 1 0 1 0
          1 1 1 1 1 0
          1 0 1 0 0 1
          1 1 0 1 0 1
          1 1 0 0 0 1
          0 0 0 1 1 1
          1 1 0 1 0 0
          0 0 0 0 1 0
          0 1 0 1 1 1
          0 0 0 1 1 1
          1 1 1 0 0 1
          1 1 0 1 1 1
          0 1 1 1 1 0
          1 0 0 1 1 0
          0 0 1 1 0 0
          0 0 1 1 1 1
          0 1 0 1 1 1
          1 0 0 0 1 0
          1 1 1 0 0 0
          1 1 0 0 1 1
          0 1 0 1 1 0
          1 0 1 0 1 0
          1 0 1 0 1 1
          1 1 1 1 1 1
          0 1 1 1 0 0
          1 0 1 0 1 0
          1 1 1 0 0 0
          1 0 1 1 1 1
          1 0 1 1 0 1
          1 1 0 1 0 0
          0 0 1 0 1 1
          1 0 0 1 0 1
          1 0 1 0 0 1
          1 0 0 0 0 0
          1 1 0 1 0 0
          0 1 0 1 1 0
          0 1 0 1 1 0
          0 1 0 0 1 0
          0 1 0 1 0 0
          0 1 0 0 1 0
          0 0 0 1 1 1
          1 1 1 0 0 0
          1 1 0 0 1 0
          1 0 0 1 1 0
          0 1 1 0 1 1
          1 0 1 0 0 0
          0 1 1 1 1 0
          1 0 1 0 1 1
          0 1 0 0 0 1
          1 0 1 0 1 0
          1 0 0 0 1 1
          0 1 1 0 1 0
          0 0 1 1 1 1
          0 1 0 1 0 1
          0 0 1 1 1 0
          1 1 1 1 1 0
          0 1 1 1 0 1
          1 0 1 1 1 1
          0 1 0 0 1 0
          1 0 1 0 0 1
          1 1 1 1 1 1
          1 0 1 0 0 1
          1 0 0 1 0 1
          1 0 1 0 0 1
          4 0 0 1 1 1
          1 0 1 0 0 1
          0 1 1 1 0 0
          0 0 1 0 0 1
          1 1 1 0 0 1
          1 1 1 1 0 0
          1 0 1 0 0 1
          0 1 1 0 1 0
          0 4 0 1 1 0
          0 0 1 1 0 1
          1 0 1 0 0 0
          0 1 0 1 1 1
          1 0 0 0 0 0
          0 1 1 1 0 0
          1 0 0 0 1 1
          0 1 1 1 0 1
          1 0 1 1 0 1
          0 0 1 0 0 0
          1 1 1 1 1 0
          0 1 0 0 0 0
          1 0 1 1 0 1
          0 1 0 1 0 1
          1 1 1 1 1 0
          0 1 0 1 0 0
          1 1 0 1 0 0
          0 1 1 0 0 1
          0 1 0 1 0 0
          1 0 0 0 0 1
          0 0 1 1 0 0
          0 0 0 1 1 1
          0 0 0 1 1 1
          1 1 0 1 0 0
          1 0 1 1 0 0
          0 1 1 0 0 1
          0 1 0 1 0 1
          1 0 0 0 1 1
          1 1 1 0 1 1
          1 1 1 1 1 0
          1 0 1 1 1 0
          0 1 1 1 1 0
          1 1 1 0 1 1
          0 1 1 0 0 0
          0 1 0 0 1 1
          0 1 0 0 1 0
          1 1 1 0 0 1
          0 1 1 0 1 1
          0 1 0 1 0 0
          1 1 1 0 1 0
          1 1 0 0 0 1
          1 0 0 1 0 1
          0 1 1 0 1 1
          1 1 1 1 0 0
          1 0 0 1 0 0
          1 0 0 0 1 0
          0 1 0 1 0 1
          0 0 0 0 1 0
          1 0 0 1 1 1
          0 1 1 0 1 1
          1 1 0 0 1 0
          1 1 0 0 0 0
          1 0 0 0 1 1
          0 1 0 1 1 0
          0 1 1 1 1 0
          0 0 0 0 1 0
          1 0 1 0 1 1
          0 1 1 0 1 0
          1 0 0 1 0 0
          1 0 1 0 0 1
          0 1 0 0 1 1
          1 1 1 0 0 1
          1 0 0 0 1 1
          1 0 1 0 1 1
          1 1 1 1 0 1
          0 0 0 0 0 1
          0 0 1 1 0 1
          1 1 0 1 1 0
          0 0 0 1 1 0
          1 0 1 0 1 0
          1 1 1 0 0 1
          1 1 1 1 0 0
          0 1 0 1 1 0
          1 0 1 0 1 1
          1 0 0 0 1 1
          0 0 0 1 0 1
          0 1 1 1 1 0
          1 0 1 0 0 1
          1 0 0 1 0 1
          0 1 1 1 1 1
          0 0 0 1 0 1
          1 0 1 1 0 1
          1 0 0 0 1 1
          0 1 0 0 0 1
          0 1 0 0 1 1
          1 1 1 1 0 1
          0 0 1 0 1 1
          0 0 0 0 1 1
          0 0 1 1 0 0
          1 0 1 1 0 0
          1 0 0 1 1 1
          0 1 1 0 1 0
          1 1 1 0 0 0
          1 1 1 0 1 1
          1 1 1 0 0 1
          1 0 0 0 1 0
          1 1 1 0 1 1
          1 1 1 0 1 1
          0 1 1 1 0 1
          1 0 1 0 0 1
          1 0 0 0 1 1
          0 0 1 0 0 1
          0 1 1 0 0 0
          0 0 0 0 1 1
          0 0 0 1 1 0
          1 0 1 0 0 0
          0 0 0 1 0 1
          0 1 1 0 1 0
          1 1 0 1 1 1
          0 0 1 0 1 0
          0 0 0 1 1 1
          1 1 1 0 0 0
          0 0 1 0 1 0
          0 1 1 0 0 0
          1 0 1 0 0 0
          1 1 1 1 1 1
          1 0 0 0 1 0
          0 1 1 0 1 1
          0 1 0 1 1 1
          1 0 0 0 0 0
          0 1 0 1 1 1
          1 0 0 1 0 1
          1 0 0 0 1 1
          1 0 0 0 0 1
          1 0 0 1 0 1
          0 1 1 0 0 1
          1 1 0 1 1 0
          0 0 1 1 0 0
          1 1 0 1 1 0
          1 1 0 1 1 0
          0 1 0 0 0 0
          0 0 0 1 1 0
          0 1 1 0 0 1
          0 0 1 1 0 1
          1 0 1 1 0 1
          0 0 0 0 1 1
          1 1 1 0 1 1
          0 1 1 0 1 0
          1 1 1 0 0 1
          0 0 0 0 0 0
          1 0 0 0 0 0
          1 0 1 1 0 1
          0 0 0 0 1 0
          0 0 0 1 0 0
          0 0 1 1 1 1
          1 0 0 1 1 0
          0 0 0 1 1 1
          1 1 0 0 1 1
          1 1 0 1 0 1
          0 1 1 0 1 0
          1 0 0 0 0 0
          1 1 0 0 0 1
          0 0 0 0 1 1
          0 1 1 1 0 0
          1 0 1 0 1 0
          1 0 1 1 1 1
          0 1 0 1 1 1
          0 0 0 1 0 0
          1 1 1 0 1 1
          1 1 0 0 1 0
          1 0 0 0 0 1
          1 1 0 0 1 1
          1 0 0 0 1 0
          1 0 1 1 1 0
          0 1 1 1 0 0
          0 0 0 1 1 0
          0 0 0 0 0 1
          0 0 0 0 0 0
          0 1 1 0 0 1
          1 1 1 0 0 0
          1 0 0 1 1 0
          1 1 0 0 0 1
          1 0 1 0 0 1
          1 1 1 0 1 1
          1 0 1 0 0 1
          1 1 1 1 1 1
          1 0 0 1 0 1
          1 0 1 0 0 0
          0 1 1 0 1 0
          1 0 1 0 0 1
          0 0 1 0 0 1
          0 1 1 0 0 1
          1 1 0 0 1 0
          0 1 0 0 0 1
          0 1 0 0 1 1
          1 0 1 0 1 1
          1 0 1 0 1 1
          0 0 1 0 1 0
          0 1 0 0 0 1
          0 1 1 1 1 1
          0 1 1 1 0 0
          1 1 0 0 1 1
          0 1 1 0 1 1
          0 1 1 0 1 1
          0 1 1 0 0 1
          1 0 1 0 0 1
          0 1 1 0 0 0
          0 1 1 0 0 1
          1 0 0 0 1 1
          1 0 1 1 0 1
          1 1 1 0 0 0
          0 1 1 1 0 1
          0 1 1 1 1 1
          0 0 1 0 1 0
          1 0 0 1 1 0
          0 1 0 0 1 0
          1 1 1 1 1 1
          1 0 0 0 1 0
          1 1 0 1 1 0
          1 1 0 0 0 1
          0 1 1 0 0 0
          1 1 0 0 1 1
          1 1 0 1 0 0
          0 0 0 0 1 1
          1 1 1 0 0 1
          1 1 0 1 1 1
          1 1 0 1 0 1
          0 1 0 1 1 0
          0 0 0 0 0 0
          1 1 1 0 1 0
          1 0 1 1 1 0
          1 1 0 0 0 0
          4 1 0 1 1 1
          0 1 0 1 0 0
          1 0 0 1 0 1
          1 1 0 0 1 0
          1 1 1 0 0 1
          0 1 1 0 0 1
          1 0 1 0 0 1
          1 1 1 0 0 0
          1 1 0 0 0 1
          1 1 1 0 1 1
          0 0 0 0 0 1
          0 0 1 1 1 0
          1 0 1 1 1 1
          1 0 0 0 0 0
          1 0 0 1 1 0
          1 1 1 0 0 1
          0 1 1 0 0 1
          0 0 1 1 0 0
          1 1 0 1 0 0
          1 0 1 1 0 1
          0 0 1 1 0 0
          0 0 1 0 0 0
          1 0 0 0 1 0
          1 0 0 1 1 0
          0 0 0 0 0 1
          0 0 0 0 0 1
          1 1 1 1 1 0
          0 1 0 0 1 4
          1 1 0 0 1 1
          0 1 1 0 1 1
          1 1 1 1 1 1
          1 0 0 0 1 0
          0 0 0 1 0 1
          1 0 0 0 0 1
          1 0 0 0 0 1
          1 1 1 0 1 1
          0 0 1 1 1 1
          1 0 1 1 0 1
          0 1 0 1 1 1
          1 0 0 1 0 1
          0 0 1 1 1 0
          1 0 1 0 0 1
          0 1 0 1 0 0
          0 0 1 0 1 1
          1 1 0 1 0 1
          1 1 0 1 1 3
        </DataArray>
        <DataArray type="Int32" Name="RegionSize" format="ascii" RangeMin="0" RangeMax="193">
          0 5 4 10 0 0
          2 7 3 1 3 2
          1 1 3 3 1 3
          2 0 3 1 0 1
          5 0 2 0 0 2
          0 1 0 1 0 2
          0 0 0 1 3 4
          0 3 2 0 3 3
          0 3 1 4 5 3
          0 0 5 0 0 3
          0 12 0 1 2 1
          1 0 0 0 9 3
          0 0 4 0 9 2
          8 2 6 0 0 5
          0 0 0 0 0 1
          2 1 2 2 2 1
          1 1 2 1 1 6
          1 0 0 0 1 1
          2 0 2 6 0 0
          4 1 3 0 2 0
          6 0 4 5 2 0
          7 2 3 3 0 0
          0 0 1 1 14 0
          0 1 1 0 3 3
          0 3 2 8 0 3
          2 0 2 5 0 1
          0 0 1 2 1 0
          1 2 0 0 3 2
          0 2 0 1 1 4
          1 0 0 2 0 2
          5 0 0 0 4 4
          1 1 0 8 0 5
          4 1 13 1 0 3
          0 11 0 0 0 3
          6 0 1 0 4 1
          1 0 0 2 13 2
          1 0 1 7 4 1
          3 0 0 20 11 0
          2 3 7 3 16 2
          5 2 24 9 12 0
          4 17 0 0 0 2
          2 1 2 2 0 3
          0 1 0 17 0 1
          1 7 19 0 1 0
          3 1 12 0 5 1
          0 1 0 1 8 3
          3 0 4 2 6 5
          8 2 1 0 0 0
          6 0 0 1 6 0
          9 2 0 3 0 0
          6 8 6 6 2 3
          11 0 9 1 5 7
          0 0 0 0 7 18
          2 3 0 3 2 3
          0 9 0 0 1 0
          1 1 5 0 2 2
          2 1 1 1 14 1
          4 5 2 0 35 2
          14 1 4 6 0 3
          7 2 4 0 0 1
          3 0 3 1 0 8
          0 0 4 4 0 0
          1 4 1 2 0 3
          0 4 0 16 4 1
          12 0 6 1 0 0
          3 0 0 0 4 6
          4 4 0 0 9 2
          0 6 3 0 0 1
          18 2 0 7 0 9
          7 8 8 0 7 16
          0 6 0 8 46 0
          0 20 0 5 1 0
          1 1 34 0 0 0
          24 37 0 0 17 0
          1 64 0 19 21 9
          6 0 0 7 12 1
          1 0 1 1 5 4
          1 2 13 6 0 0
          0 6 3 0 19 0
          0 35 7 1 5 2
          6 0 43 0 0 2
          4 3 1 17 0 34
          1 25 0 8 3 0
          1 1 0 1 11 11
          21 7 0 6 0 3
          4 1 0 0 1 0
          1 1 1 23 4 36
          0 0 0 4 6 0
          0 15 8 0 0 1
          2 18 0 3 26 1
          4 4 6 21 14 0
          40 0 0 22 2 0
          1 3 0 31 0 0
          0 1 15 7 11 4
          0 11 0 11 2 4
          17 1 4 0 67 8
          5 10 7 13 1 10
          3 4 0 0 19 7
          0 6 0 7 23 0
          0 1 66 3 46 0
          16 0 20 0 1 6
          39 0 15 0 12 30
          0 17 3 21 0 1
          5 31 5 0 7 8
          2 31 21 0 1 5
          11 0 0 2 8 4
          10 0 50 16 0 9
          30 19 0 4 2 0
          0 0 21 0 19 22
          0 1 5 12 0 132
          4 0 35 0 0 11
          2 6 11 2 6 1
          8 4 1 43 1 0
          0 3 0 0 10 0
          2 27 2 102 4 1
          1 1 1 2 0 0
          1 9 0 2 2 3
          0 3 3 0 22 0
          12 1 0 18 11 1
          6 3 13 0 0 27
          10 15 2 3 2 0
          39 1 0 19 1 6
          0 13 8 0 1 8
          59 3 3 1 0 5
          1 23 0 7 7 0
          28 12 1 0 3 20
          6 5 0 3 1 0
          0 0 15 2 5 0
          29 0 5 0 4 8
          3 1 2 4 11 0
          0 2 9 1 1 19
          1 1 1 93 17 13
          0 7 6 2 25 2
          24 2 0 2 48 0
          0 4 0 15 2 1
          7 0 7 2 27 5
          1 23 0 0 1 2
          7 4 8 2 0 4
          7 1 12 25 0 35
          7 0 33 0 0 3
          0 0 0 3 0 13
          11 0 8 0 5 0
          0 0 1 3 1 0
          18 13 20 0 0 10
          3 5 6 34 0 11
          1 0 45 0 1 4
          15 1 17 0 0 9
          7 21 2 41 0 0
          16 4 27 1 0 14
          1 19 40 0 108 0
          5 13 1 1 2 8
          5 7 32 43 2 64
          5 0 1 0 2 0
          6 20 2 10 1 59
          6 0 3 0 0 2
          0 13 129 15 0 0
          2 1 0 0 0 6
          0 3 12 5 0 2
          3 0 5 43 1 1
          1 0 18 0 1 1
          2 6 1 15 113 0
          1 16 0 1 1 2
          18 0 54 11 2 27
          0 14 1 85 1 38
          0 6 4 6 54 3
          0 59 0 13 11 0
          7 13 0 46 7 2
          0 38 3 0 5 96
          1 1 1 44 1 4
          16 2 0 0 3 16
          0 2 0 23 0 0
          2 0 0 97 34 4
          0 0 0 1 12 27
          1 1 1 20 3 0
          21 2 1 45 2 0
          0 4 88 3 1 3
          0 2 0 2 0 4
          1 2 0 3 2 0
          17 48 0 2 18 0
          15 0 5 4 12 1
          65 0 4 0 0 1
          0 10 29 20 3 0
          2 25 3 3 94 10
          1 76 14 0 1 0
          10 5 0 0 0 15
          0 34 0 0 15 1
          7 65 4 0 0 21
          0 1 12 2 6 52
          3 2 0 4 0 0
          0 49 40 12 15 0
          1 38 12 0 0 6
          48 0 0 35 12 59
          1 17 38 0 41 2
          16 11 9 81 2 1
          39 0 0 20 1 0
          55 1 4 2 83 0
          0 3 0 10 0 17
          0 0 0 0 47 0
          1 0 2 6 28 8
          1 36 8 0 10 2
          123 8 0 0 15 1
          19 44 3 5 0 7
          29 0 0 4 5 56
          3 8 0 8 17 0
          0 6 20 15 68 0
          1 0 5 0 7 1
          7 0 40 0 2 10
          1 11 45 0 19 3
          42 0 1 6 4 1
          0 0 69 10 0 17
          0 5 0 0 3 3
          0 6 27 0 0 9
          22 1 0 0 24 0
          0 0 44 5 4 20
          95 1 26 3 0 64
          0 0 0 0 1 46
          0 0 1 33 0 9
          5 36 0 4 49 0
          2 1 2 10 8 2
          31 10 26 0 16 0
          6 23 75 0 1 1
          73 3 0 59 8 1
          5 57 0 5 8 0
          32 0 24 6 12 5
          69 0 0 8 1 18
          0 0 0 8 1 47
          0 0 1 38 75 0
          3 0 2 0 0 3
          47 12 0 7 0 0
          0 4 5 1 50 2
          5 0 4 18 4 7
          41 0 36 55 0 3
          64 0 1 0 29 17
          0 28 0 0 0 75
          1 63 0 0 0 5
          7 4 2 10 1 92
          1 15 2 1 6 163
          0 0 1 1 100 5
          0 0 0 4 0 0
          13 0 65 1 0 1
          2 0 2 4 4 4
          13 3 101 1 3 0
          0 15 32 0 1 2
          8 44 1 0 9 30
          28 22 68 0 0 11
          66 10 0 0 29 2
          12 35 0 0 2 47
          51 25 10 0 0 38
          1 127 3 75 1 1
          22 0 42 1 0 19
          46 0 0 0 23 53
          3 7 74 0 0 8
          1 193 8 0 1 0
          0 1 0 0 4 22
          0 0 0 0 32 0
          4 0 89 4 1 0
          0 16 27 5 0 28
          7 15 165 2 0 2
          2 0 9 8 8 32
          0 0 3 0 48 0
          14 0 0 5 28 13
          16 10 111 0 0 0
          0 1 85 1 51 52
          1 16 39 5 34 0
          5 0 27 0 0 0
          1 14 3 7 6 3
          47 0 2 0 29 0
          3 0 21 0 1 33
          0 44 0 30 0 129
          5 0 1 0 0 0
          0 1 0 1 46 46
          1 3 0 14 0 2
          18 0 6 0 8 7
          86 0 0 0 0 11
          52 3 1 2 0 1
          0 16 37 1 1 15
          0 21 0 49 6 1
          0 0 17 24 0 0
          2 14 1 57 0 0
          0 33 7 41 11 0
          0 87 0 5 1 1
          0 1 4 1 2 2
          1 10 0 1 0 39
          0 2 9 27 0 11
          18 1 13 29 0 28
          4 0 2 0 5 11
          0 5 5 1 1 54
          2 10 35 2 40 0
          88 0 72 40 3 135
          0 9 2 0 1 1
          5 3 0 1 10 3
          30 1 4 18 4 81
          0 0 1 5 4 1
          1 2 0 35 2 11
          1 0 6 37 24 6
          1 5 4 5 30 0
          0 0 1 2 8 12
          17 39 0 2 14 4
          15 0 1 15 2 15
          0 3 22 10 15 0
          24 0 0 6 1 0
          21 19 0 6 1 12
          0 1 1 0 2 30
          2 0 69 5 0 1
          3 1 0 11 8 0
          2 4 21 5 8 18
          3 76 0 2 25 6
          0 0 1 20 1 0
          9 1 4 0 5 29
          15 69 0 0 0 0
          2 0 0 0 6 5
          19 24 0 3 39 7
          44 0 0 1 3 0
          7 1 15 2 10 0
          1 19 16 36 2 1
          1 3 0 1 69 1
          0 7 0 6 0 3
          0 0 0 0 1 0
          0 2 22 0 0 4
          2 57 5 0 0 0
          7 0 0 10 3 0
          4 19 1 1 0 1
          4 2 4 1 3 0
          10 5 0 0 2 10
          4 0 20 2 3 8
          4 6 0 7 28 3
          18 0 0 5 0 9
          9 0 23 0 1 1
          0 3 29 0 13 2
          6 0 6 0 1 32
          3 1 5 0 1 9
          3 34 14 1 2 3
          25 1 0 1 9 0
          1 25 3 1 2 3
          0 23 0 0 2 10
          7 0 22 0 8 4
          3 1 10 0 0 24
          0 0 15 1 7 1
          0 6 0 0 0 1
          1 4 0 0 22 0
          0 4 33 4 5 0
          15 5 1 0 0 17
          3 11 1 0 1 17
          1 2 22 0 39 8
          0 1 21 1 0 28
          13 0 77 0 0 0
          1 0 60 0 1 0
          0 2 10 1 1 4
          16 6 0 0 7 33
          22 1 5 2 0 1
          4 5 40 2 0 0
          0 8 9 11 1 48
          0 5 0 1 1 34
          0 0 40 0 0 1
          38 0 0 4 66 0
          0 2 8 0 26 0
          4 7 7 0 21 12
          43 0 0 2 13 0
          1 10 4 159 6 0
          9 27 1 0 0 10
          0 61 23 1 1 1
          10 41 3 0 0 15
          0 12 0 90 2 2
          0 0 2 1 0 10
          6 9 40 1 0 33
          5 47 0 6 26 7
          14 20 0 20 0 8
          1 42 1 13 79 0
          1 0 2 0 7 0
          5 14 4 8 37 0
          7 0 1 55 0 0
          21 51 0 0 1 4
          6 40 5 39 32 2
          0 80 4 1 0 2
          5 0 0 56 7 1
          10 15 0 1 36 0
          3 12 32 1 1 22
          0 10 33 0 1 1
          45 0 2 2 1 7
          17 1 88 0 0 6
          70 1 0 0 0 0
          25 22 35 0 4 123
          0 1 0 0 0 1
          1 1 16 1 23 1
          10 0 2 0 54 1
          86 0 0 2 0 1
          46 1 0 0 17 0
          2 16 13 0 0 12
          0 8 13 0 0 10
          1 5 31 3 0 0
          10 13 0 64 4 0
          42 1 34 3 0 9
          1 1 3 61 5 3
          0 0 9 1 1 0
          34 0 3 4 3 1
          63 0 0 0 8 1
          2 0 0 0 0 5
          0 0 0 0 0 1
          31 0 1 6 1 0
          0 0 2 0 0 2
          1 16 0 0 0 2
          1 4 41 0 0 2
          1 2 22 4 0 23
          41 1 1 0 8 0
          0 0 0 15 0 11
          42 0 1 0 0 11
          1 2 0 0 0 5
          4 0 1 2 2 21
          0 0 4 2 4 6
          22 0 0 3 0 5
          0 31 0 17 1 7
          47 1 0 114 0 3
          0 3 17 15 31 0
          7 0 21 0 1 7
          0 21 4 46 1 0
          1 0 3 0 6 0
          19 1 1 24 4 26
          0 22 0 21 108 108
        </DataArray>
        <DataArray type="Int32" Name="RegionSpan" format="ascii" RangeMin="1" RangeMax="172">
          1 2 1 3 1 1
          1 2 1 1 2 3
          2 2 2 1 2 1
          2 1 3 2 1 1
          3 1 2 1 1 1
          1 2 1 2 1 2
          1 1 1 1 1 3
          2 2 1 1 2 1
          1 3 1 2 3 2
          1 1 3 1 1 4
          2 2 1 1 2 1
          2 1 1 1 4 2
          1 1 3 1 3 1
          2 1 3 1 1 2
          1 1 1 1 5 1
          2 2 1 2 5 1
          1 2 2 1 1 3
          1 1 1 1 1 1
          2 1 1 3 1 1
          3 3 2 1 3 1
          2 1 2 2 3 1
          3 2 2 7 1 1
          1 1 1 9 4 1
          5 2 1 3 2 2
          1 1 2 7 1 5
          1 2 1 5 3 1
          1 5 1 1 1 1
          3 2 1 1 6 1
          1 2 1 2 2 2
          1 1 1 2 1 5
          2 1 1 1 9 1
          2 7 1 10 2 2
          1 2 3 1 1 14
          1 3 1 7 1 1
          5 1 2 3 1 3
          1 3 1 1 8 13
          2 1 3 4 1 1
          1 1 1 11 2 1
          1 3 2 1 4 2
          1 3 7 1 4 1
          1 3 1 2 1 1
          1 1 14 8 1 1
          1 1 1 8 5 1
          1 4 9 1 1 1
          7 2 9 1 19 3
          1 2 1 2 1 1
          4 3 1 1 3 6
          5 1 1 1 1 2
          3 1 1 2 1 1
          29 1 1 2 2 1
          6 16 2 2 2 1
          10 1 4 1 2 2
          1 1 5 1 12 10
          2 1 1 22 1 3
          1 2 1 1 1 1
          2 4 12 1 2 1
          2 5 2 6 5 2
          3 12 1 8 24 1
          2 1 3 2 1 4
          3 2 4 1 2 1
          5 1 7 2 1 4
          1 1 5 4 5 1
          1 40 1 1 1 1
          2 16 1 15 1 2
          16 3 5 3 1 4
          1 1 1 2 18 2
          25 3 5 1 5 2
          16 7 2 1 3 2
          14 5 1 2 1 3
          6 3 2 1 6 27
          1 12 1 2 11 1
          1 5 1 12 2 1
          2 1 10 1 1 1
          3 2 1 1 3 1
          1 21 1 3 4 2
          3 5 7 3 9 2
          1 1 1 7 1 9
          2 19 18 7 1 1
          1 5 36 1 37 1
          2 22 4 2 2 2
          1 1 20 1 1 2
          2 2 2 1 1 4
          5 38 1 2 2 2
          2 1 1 3 48 3
          14 6 1 6 1 1
          2 1 1 1 3 1
          1 27 1 36 4 21
          1 1 1 1 9 4
          6 30 42 1 1 2
          8 5 1 4 20 1
          2 3 4 9 34 1
          48 1 1 2 2 1
          1 2 2 7 1 1
          1 1 7 5 6 26
          1 30 1 28 2 17
          20 1 1 1 29 1
          3 5 18 4 1 4
          5 6 1 1 24 9
          1 17 1 5 21 1
          3 1 31 2 12 1
          7 1 9 1 2 2
          5 2 6 1 4 14
          1 2 4 31 1 1
          5 5 1 1 29 2
          2 7 23 1 1 3
          10 1 1 2 34 1
          6 1 26 9 1 22
          23 11 1 2 2 1
          1 1 11 1 3 9
          4 1 2 15 1 16
          2 1 41 1 1 3
          2 2 2 2 3 1
          2 1 1 22 1 1
          1 2 1 6 12 1
          1 13 2 29 7 2
          2 1 2 2 1 1
          1 6 1 8 2 1
          1 2 1 1 27 1
          2 1 1 15 23 3
          11 9 7 1 1 4
          3 16 1 2 4 1
          28 1 1 25 1 1
          1 29 3 1 15 9
          22 1 2 1 1 1
          2 9 22 8 4 1
          8 3 3 1 7 21
          3 13 1 2 2 1
          8 1 17 1 2 1
          54 1 1 1 3 7
          2 40 28 2 3 1
          1 2 8 2 30 30
          1 2 1 10 2 12
          1 3 4 3 32 3
          8 6 3 2 37 1
          1 6 1 18 1 28
          34 1 7 3 12 4
          2 17 1 1 2 1
          52 2 21 2 1 1
          9 5 50 16 20 16
          3 1 35 1 1 36
          4 1 1 2 1 30
          35 1 90 1 2 43
          45 1 1 71 55 12
          42 4 2 1 1 3
          1 2 2 39 1 3
          1 1 4 1 1 56
          14 1 47 1 1 60
          21 4 2 43 1 1
          64 1 43 2 1 23
          1 48 14 1 50 1
          2 2 2 3 4 2
          2 3 3 48 1 45
          2 1 1 1 1 1
          3 51 1 58 43 82
          5 1 1 1 1 2
          1 5 41 3 1 1
          7 1 1 1 5 5
          1 3 28 2 1 2
          8 1 52 14 1 5
          1 1 68 1 1 2
          1 2 45 57 40 1
          1 15 1 1 1 1
          10 1 41 5 1 76
          1 80 2 8 1 15
          2 1 2 6 23 2
          1 75 1 13 3 1
          59 4 1 44 3 2
          1 15 2 1 3 72
          1 1 2 3 1 2
          10 1 1 1 1 80
          1 1 69 59 1 1
          2 1 1 66 18 2
          1 1 1 2 4 93
          3 2 1 97 3 1
          4 3 2 8 1 1
          1 113 115 2 1 2
          1 2 1 2 1 2
          4 1 1 1 2 2
          3 5 2 1 116 19
          27 2 5 23 2 1
          104 1 4 5 3 1
          1 10 8 16 7 1
          1 37 4 2 25 5
          1 35 2 1 2 1
          2 1 1 1 20 72
          1 39 1 1 24 1
          60 13 2 1 1 124
          1 11 116 2 29 112
          1 1 1 2 1 1
          113 49 5 2 5 1
          2 90 2 1 1 94
          87 1 1 6 2 27
          1 1 74 1 24 2
          30 5 1 41 1 2
          40 1 1 104 1 1
          32 1 2 2 33 1
          1 1 1 91 1 101
          1 1 1 1 23 1
          2 1 2 2 3 19
          2 122 2 1 144 149
          128 8 1 1 89 1
          21 31 1 2 1 3
          101 1 1 2 47 132
          1 12 1 48 85 1
          1 31 11 59 92 1
          1 1 1 1 110 1
          24 1 51 1 2 29
          2 13 28 1 6 1
          60 1 1 14 2 1
          64 1 39 2 1 34
          1 2 1 1 1 44
          3 74 150 1 1 62
          52 1 1 1 51 2
          2 1 43 2 2 5
          48 2 111 43 1 103
          1 1 1 1 1 70
          1 1 1 4 1 36
          4 6 1 3 143 1
          2 1 1 138 165 1
          150 4 128 1 120 1
          43 157 39 1 1 47
          42 4 40 88 3 1
          2 8 1 3 139 1
          11 1 66 1 74 75
          17 1 1 2 3 56
          1 1 1 99 2 25
          1 2 26 8 12 1
          4 1 2 1 1 61
          59 3 1 5 1 172
          1 151 10 115 91 2
          3 1 3 7 3 8
          39 1 60 9 1 10
          72 1 1 1 73 41
          1 50 1 1 1 34
          1 58 1 1 3 3
          4 1 117 99 1 61
          1 4 3 1 152 85
          1 1 1 1 17 4
          1 1 2 7 1 1
          22 1 17 2 1 1
          1 1 1 4 92 86
          2 56 162 2 7 1
          9 158 78 1 1 1
          1 113 1 1 98 66
          74 80 128 1 1 2
          76 3 1 1 84 2
          135 46 1 1 43 81
          87 43 121 1 36 48
          2 71 1 129 1 124
          98 1 74 1 1 51
          23 1 1 1 64 42
          2 2 29 1 1 2
          1 3 3 1 2 1
          1 1 1 1 67 92
          1 1 1 1 90 1
          1 1 69 3 2 1
          1 4 3 104 1 19
          1 3 39 1 1 1
          3 5 3 3 7 43
          1 1 102 1 61 1
          3 1 1 115 56 55
          5 3 32 1 1 1
          1 2 119 1 17 5
          1 16 142 4 5 1
          151 1 130 1 1 1
          25 101 1 4 87 4
          90 1 1 1 101 1
          1 150 136 1 144 156
          1 18 1 124 1 69
          2 1 1 1 1 1
          1 2 1 2 70 110
          2 2 1 107 1 109
          25 1 3 1 119 6
          44 1 1 1 1 45
          24 1 1 2 1 2
          1 24 31 1 1 1
          49 76 1 20 3 2
          1 1 12 7 1 1
          8 10 1 5 2 1
          29 15 2 2 2 1
          1 73 1 1 1 2
          1 2 2 2 5 1
          1 73 1 1 1 9
          1 2 11 67 1 52
          12 1 106 104 1 5
          2 1 1 1 8 5
          1 11 73 1 9 17
          1 2 25 2 9 1
          76 2 49 5 1 28
          1 3 2 1 1 2
          2 1 1 1 2 2
          2 1 3 33 2 3
          1 1 1 1 1 1
          1 2 1 65 1 2
          1 1 61 34 4 3
          2 2 2 4 30 1
          1 1 1 60 64 2
          33 3 1 1 8 3
          26 2 1 85 2 59
          1 15 8 2 9 1
          50 1 1 2 2 1
          28 37 1 2 1 58
          1 1 1 1 2 9
          1 53 59 2 1 1
          4 1 2 5 58 1
          2 1 2 2 3 53
          1 16 1 2 2 6
          1 1 1 41 1 1
          37 81 53 1 5 50
          6 23 1 1 6 1
          5 1 1 1 4 29
          39 6 1 2 8 25
          22 1 1 1 5 1
          64 1 41 4 11 1
          2 74 8 34 1 1
          1 1 1 2 41 1
          1 1 1 2 1 2
          1 1 1 1 1 1
          1 4 80 1 1 3
          60 1 9 1 1 1
          5 1 1 11 4 1
          44 1 1 1 1 60
          21 2 22 1 2 13
          35 1 3 1 33 91
          26 1 5 2 2 11
          9 1 16 2 43 3
          16 1 1 3 1 41
          3 1 42 1 1 2
          1 40 12 1 3 2
          42 1 65 1 1 60
          2 1 2 1 1 6
          1 41 2 1 2 3
          14 8 1 1 9 1
          1 32 1 2 2 18
          1 74 1 1 5 5
          22 1 97 1 6 3
          4 1 63 1 29 70
          1 1 96 1 65 1
          1 38 1 1 1 37
          1 44 29 1 33 2
          1 38 25 5 1 1
          62 2 1 1 112 128
          1 12 2 1 7 45
          1 17 34 1 2 14
          1 16 27 1 1 52
          5 1 41 1 1 6
          1 16 2 1 1 1
          1 3 2 1 2 49
          15 2 1 1 88 73
          40 2 3 15 1 18
          47 70 91 1 1 1
          1 8 49 57 1 105
          1 1 65 51 19 92
          1 1 74 1 5 1
          14 1 1 2 16 1
          1 2 2 1 12 1
          80 92 73 52 112 31
          34 1 1 1 31 1
          1 27 1 97 3 1
          32 29 1 1 1 88
          1 30 11 1 1 1
          19 20 1 1 20 76
          2 28 1 64 3 2
          1 1 2 1 2 18
          30 69 5 1 1 8
          3 29 1 50 62 9
          19 28 1 18 1 81
          1 76 1 41 29 1
          1 1 1 1 2 1
          20 51 23 2 3 1
          6 1 14 88 2 1
          82 65 1 1 1 2
          68 2 1 67 14 3
          1 32 2 5 1 2
          28 1 1 8 2 7
          35 36 1 2 11 1
          71 79 99 1 1 60
          1 32 10 1 1 67
          38 1 1 1 2 39
          40 1 17 1 1 3
          46 2 1 1 1 28
          27 6 5 1 1 4
          1 1 1 1 1 2
          2 1 15 25 12 1
          5 1 5 10 29 2
          41 1 1 2 1 1
          59 1 1 1 45 1
          6 49 30 1 1 3
          1 33 13 1 1 8
          2 1 34 2 1 1
          21 31 1 58 1 1
          24 1 34 3 1 21
          1 1 2 27 1 1
          1 1 25 1 1 1
          2 1 1 2 5 1
          5 1 1 6 2 1
          2 1 1 1 1 1
          1 1 1 1 1 3
          10 2 3 5 1 1
          1 1 2 1 10 2
          9 20 1 1 3 9
          1 37 30 1 1 2
          2 7 14 1 7 5
          21 1 1 1 35 1
          1 1 1 25 1 6
          39 1 1 1 1 14
          1 1 1 1 1 23
          25 11 20 1 28 25
          1 1 10 31 1 5
          28 1 2 30 1 10
          1 15 1 7 10 24
          1 1 1 21 1 3
          1 2 6 20 26 1
          12 1 9 1 1 8
          1 7 2 8 1 1
          2 1 3 1 24 2
          20 15 1 7 3 5
          8 3 1 4 42 42
        </DataArray>
      </PointData>
      <CellData>
      </CellData>
      <Points>
        <DataArray type="Float32" Name="Points" NumberOfComponents="3" format="ascii" RangeMin="3" RangeMax="224.1539649437413">
          126 13 0 126 77 0
          137 3 0 109 63 0
          153 2 0 128 11 0
          34 51 0 116 14 0
          155 2 0 56 49 0
          113 74 0 131 4 0
          155 9 0 57 47 0
          141 37 0 105 61 0
          125 74 0 113 9 0
          99 73 0 120 7 0
          145 35 0 129 73 0
          140 35 0 77 11 0
          55 53 0 143 13 0
          141 10 0 145 13 0
          118 5 0 64 2 0
          113 11 0 146 2 0
          139 9 0 122 73 0
          116 73 0 103 74 0
          129 9 0 118 73 0
          139 3 0 75 12 0
          106 8 0 144 13 0
          129 10 0 142 3 0
          37 6 0 150 0 0
          107 12 0 135 18 0
          113 62 0 127 12 0
          148 13 0 152 15 0
          120 76 0 95 56 0
          75 10 0 137 9 0
          159 38 0 101 67 0
          157 3 0 141 35 0
          117 73 0 138 4 0
          147 0 0 138 41 0
          131 0 0 49 71 0
          115 11 0 120 14 0
          112 18 0 118 16 0
          124 76 0 119 11 0
          132 64 0 128 8 0
          143 10 0 131 77 0
          135 79 0 115 64 0
          154 2 0 112 20 0
          128 9 0 142 15 0
          119 6 0 151 29 0
          118 6 0 54 48 0
          139 39 0 133 10 0
          140 9 0 157 10 0
          116 77 0 135 21 0
          90 50 0 119 15 0
          115 73 0 73 67 0
          55 48 0 108 74 0
          118 81 0 134 8 0
          116 80 0 143 14 0
          135 43 0 76 11 0
          129 76 0 139 40 0
          31 5 0 60 6 0
          119 7 0 131 11 0
          133 45 0 135 19 0
          146 15 0 151 1 0
          71 64 0 140 39 0
          151 0 0 105 6 0
          159 20 0 138 34 0
          109 5 0 158 11 0
          109 0 0 75 11 0
          142 36 0 125 71 0
          125 43 0 129 69 0
          57 6 0 139 34 0
          147 14 0 147 3 0
          125 12 0 25 29 0
          159 36 0 146 14 0
          64 75 0 106 4 0
          125 72 0 129 75 0
          140 17 0 144 2 0
          147 1 0 57 64 0
          55 0 0 91 52 0
          106 5 0 138 9 0
          53 46 0 128 77 0
          124 65 0 113 10 0
          132 10 0 126 12 0
          110 74 0 133 23 0
          147 35 0 152 2 0
          107 73 0 67 8 0
          53 0 0 80 15 0
          115 9 0 116 81 0
          141 1 0 79 14 0
          106 62 0 127 6 0
          136 37 0 35 62 0
          108 9 0 64 4 0
          107 74 0 112 19 0
          107 9 0 103 67 0
          156 41 0 157 17 0
          117 4 0 146 3 0
          147 43 0 152 9 0
          116 62 0 159 12 0
          157 2 0 131 22 0
          120 13 0 124 73 0
          133 76 0 146 35 0
          133 9 0 130 77 0
          141 2 0 156 15 0
          140 16 0 64 7 0
          73 11 0 105 74 0
          116 63 0 155 25 0
          123 11 0 131 10 0
          127 16 0 101 61 0
          124 11 0 117 10 0
          55 49 0 115 12 0
          92 73 0 153 9 0
          54 0 0 156 40 0
          146 10 0 118 12 0
          140 2 0 132 76 0
          51 68 0 35 6 0
          102 67 0 108 10 0
          79 15 0 62 0 0
          134 65 0 158 12 0
          99 63 0 119 73 0
          158 37 0 97 59 0
          123 64 0 154 15 0
          10 47 0 100 24 0
          36 6 0 128 67 0
          31 45 0 112 62 0
          136 36 0 53 47 0
          117 11 0 149 28 0
          121 27 0 149 29 0
          131 72 0 133 22 0
          53 2 0 94 73 0
          112 1 0 155 17 0
          148 0 0 131 23 0
          96 73 0 53 1 0
          113 3 0 115 19 0
          139 5 0 128 7 0
          134 4 0 123 67 0
          54 3 0 116 79 0
          139 4 0 132 25 0
          29 4 0 93 52 0
          138 19 0 157 15 0
          115 62 0 105 68 0
          132 24 0 159 17 0
          99 65 0 120 43 0
          105 64 0 157 11 0
          114 19 0 153 21 0
          105 67 0 93 73 0
          129 28 0 112 66 0
          64 58 0 156 17 0
          146 11 0 97 73 0
          133 30 0 133 15 0
          149 49 0 113 2 0
          111 0 0 60 8 0
          61 4 0 98 56 0
          121 38 0 34 60 0
          130 73 0 78 56 0
          25 27 0 132 57 0
          60 5 0 58 56 0
          121 12 0 150 14 0
          47 53 0 47 58 0
          25 28 0 50 70 0
          134 15 0 130 26 0
          35 60 0 120 62 0
          62 5 0 72 67 0
          136 39 0 101 65 0
          96 72 0 94 54 0
          126 16 0 130 25 0
          154 38 0 69 67 0
          124 69 0 101 73 0
          110 25 0 121 31 0
          78 54 0 109 3 0
          133 32 0 52 70 0
          116 27 0 72 10 0
          128 18 0 117 5 0
          123 77 0 51 49 0
          95 54 0 105 43 0
          121 3 0 57 56 0
          97 58 0 130 4 0
          99 32 0 129 15 0
          133 31 0 135 76 0
          28 45 0 131 15 0
          135 8 0 125 24 0
          122 43 0 123 65 0
          62 61 0 106 64 0
          101 63 0 78 55 0
          120 21 0 38 50 0
          52 48 0 121 80 0
          73 10 0 0 44 0
          73 12 0 45 61 0
          120 81 0 125 19 0
          99 64 0 125 69 0
          55 4 0 124 22 0
          105 7 0 136 43 0
          156 9 0 107 43 0
          26 43 0 159 13 0
          46 62 0 101 66 0
          28 41 0 123 0 0
          100 64 0 119 9 0
          4 43 0 129 71 0
          60 0 0 130 40 0
          133 0 0 101 62 0
          137 39 0 124 23 0
          132 35 0 100 65 0
          158 44 0 58 8 0
          125 27 0 128 16 0
          127 18 0 94 68 0
          110 10 0 40 54 0
          93 53 0 115 29 0
          133 34 0 54 2 0
          129 27 0 104 66 0
          61 7 0 47 49 0
          121 28 0 33 40 0
          115 18 0 55 51 0
          125 26 0 30 4 0
          116 25 0 106 44 0
          97 56 0 51 70 0
          15 46 0 136 31 0
          124 26 0 108 5 0
          127 24 0 134 44 0
          83 16 0 128 57 0
          111 65 0 74 58 0
          26 41 0 128 24 0
          133 38 0 114 76 0
          116 28 0 129 48 0
          109 80 0 43 49 0
          125 20 0 125 3 0
          159 24 0 125 47 0
          78 14 0 124 68 0
          123 39 0 50 47 0
          116 26 0 112 23 0
          135 26 0 134 25 0
          27 42 0 75 58 0
          70 67 0 94 24 0
          51 47 0 136 32 0
          133 37 0 16 43 0
          136 30 0 26 42 0
          85 14 0 2 43 0
          128 47 0 59 8 0
          54 4 0 132 39 0
          122 39 0 113 22 0
          131 30 0 121 41 0
          45 51 0 51 45 0
          111 81 0 156 38 0
          130 48 0 12 44 0
          154 20 0 10 44 0
          11 44 0 122 66 0
          48 49 0 1 43 0
          84 15 0 145 30 0
          111 80 0 42 57 0
          117 21 0 26 25 0
          147 50 0 45 62 0
          64 3 0 3 43 0
          112 48 0 126 46 0
          132 61 0 25 26 0
          63 1 0 126 3 0
          112 46 0 97 7 0
          22 43 0 113 46 0
          110 15 0 144 42 0
          110 47 0 122 1 0
          159 23 0 111 47 0
          111 24 0 152 27 0
          159 47 0 51 46 0
          11 50 0 142 22 0
          127 37 0 30 40 0
          6 44 0 124 31 0
          55 5 0 115 45 0
          64 71 0 124 30 0
          151 6 0 119 3 0
          9 45 0 100 69 0
          104 41 0 36 52 0
          130 46 0 35 52 0
          92 52 0 27 44 0
          64 6 0 143 31 0
          114 23 0 104 16 0
          48 67 0 129 46 0
          61 0 0 59 62 0
          69 2 0 29 40 0
          152 5 0 46 51 0
          142 25 0 5 44 0
          148 50 0 57 8 0
          158 25 0 116 43 0
          131 46 0 116 0 0
          45 48 0 46 50 0
          41 57 0 67 64 0
          105 18 0 88 3 0
          116 44 0 121 63 0
          126 31 0 137 48 0
          122 4 0 81 10 0
          115 0 0 11 49 0
          114 45 0 122 3 0
          141 24 0 141 21 0
          138 49 0 126 47 0
          104 17 0 141 23 0
          125 31 0 139 25 0
          147 21 0 98 24 0
          110 17 0 142 50 0
          46 60 0 80 11 0
          126 68 0 143 65 0
          94 29 0 90 16 0
          105 41 0 30 44 0
          157 47 0 133 59 0
          112 80 0 108 45 0
          123 34 0 138 26 0
          111 40 0 68 63 0
          123 35 0 141 28 0
          142 27 0 68 56 0
          142 24 0 63 68 0
          99 59 0 147 19 0
          48 68 0 109 40 0
          24 43 0 44 57 0
          43 57 0 46 48 0
          82 16 0 132 59 0
          45 57 0 110 40 0
          130 57 0 117 43 0
          134 60 0 157 43 0
          67 57 0 129 35 0
          127 34 0 85 2 0
          8 44 0 68 32 0
          137 49 0 49 63 0
          105 15 0 126 86 0
          133 61 0 44 49 0
          127 35 0 112 33 0
          6 48 0 94 11 0
          73 61 0 83 3 0
          147 20 0 86 3 0
          146 21 0 133 64 0
          13 43 0 108 30 0
          94 70 0 113 32 0
          102 19 0 109 41 0
          103 19 0 66 7 0
          68 58 0 63 71 0
          52 58 0 117 84 0
          117 37 0 115 37 0
          118 37 0 92 28 0
          65 67 0 109 30 0
          63 59 0 1 47 0
          80 21 0 67 58 0
          20 40 0 116 37 0
          36 51 0 88 52 0
          117 83 0 86 0 0
          108 22 0 145 43 0
          158 47 0 71 17 0
          84 35 0 90 24 0
          85 57 0 69 0 0
          93 28 0 89 52 0
          98 10 0 90 51 0
          75 20 0 6 46 0
          54 8 0 99 24 0
          16 49 0 7 46 0
          13 47 0 32 54 0
          119 55 0 65 70 0
          62 79 0 108 23 0
          48 63 0 36 66 0
          96 27 0 98 9 0
          154 47 0 10 40 0
          85 1 0 115 52 0
          91 7 0 84 2 0
          87 73 0 45 56 0
          26 4 0 125 58 0
          50 64 0 97 9 0
          73 20 0 94 7 0
          88 73 0 111 36 0
          20 4 0 24 51 0
          91 3 0 55 8 0
          37 53 0 134 63 0
          55 68 0 152 48 0
          133 60 0 26 48 0
          60 58 0 41 38 0
          95 7 0 116 51 0
          78 66 0 122 56 0
          1 46 0 113 85 0
          113 84 0 100 4 0
          87 12 0 111 35 0
          60 57 0 51 26 0
          133 49 0 61 58 0
          69 1 0 82 60 0
          5 47 0 19 40 0
          133 48 0 94 1 0
          90 3 0 138 55 0
          94 63 0 86 9 0
          151 44 0 77 65 0
          32 53 0 54 57 0
          82 59 0 81 62 0
          10 42 0 81 26 0
          97 25 0 93 3 0
          92 7 0 50 65 0
          96 18 0 143 51 0
          82 63 0 53 11 0
          98 0 0 92 3 0
          33 42 0 112 53 0
          86 13 0 85 63 0
          120 56 0 101 80 0
          111 53 0 101 78 0
          21 66 0 43 65 0
          99 5 0 26 47 0
          125 52 0 95 62 0
          128 85 0 114 55 0
          93 2 0 136 54 0
          126 59 0 119 52 0
          100 0 0 93 26 0
          101 77 0 129 66 0
          92 63 0 137 54 0
          85 7 0 101 8 0
          35 28 0 70 58 0
          44 44 0 66 15 0
          95 28 0 74 20 0
          101 79 0 1 37 0
          36 64 0 82 55 0
          156 47 0 81 61 0
          81 63 0 123 85 0
          83 74 0 159 45 0
          125 59 0 70 7 0
          81 37 0 126 58 0
          123 86 0 90 27 0
          15 49 0 91 27 0
          135 54 0 71 19 0
          55 62 0 153 43 0
          100 50 0 102 22 0
          86 8 0 61 25 0
          91 5 0 49 20 0
          44 65 0 85 72 0
          99 81 0 88 10 0
          92 24 0 119 54 0
          113 53 0 62 77 0
          20 43 0 0 40 0
          123 57 0 132 53 0
          89 9 0 23 53 0
          88 56 0 125 54 0
          32 6 0 99 49 0
          53 27 0 24 52 0
          84 19 0 57 61 0
          100 80 0 86 59 0
          54 9 0 89 70 0
          77 31 0 136 48 0
          101 22 0 90 57 0
          104 81 0 143 40 0
          75 19 0 120 51 0
          132 54 0 19 12 0
          28 4 0 0 35 0
          74 73 0 90 56 0
          80 73 0 87 54 0
          87 56 0 86 58 0
          26 50 0 12 34 0
          91 60 0 80 35 0
          80 19 0 3 62 0
          136 60 0 84 18 0
          73 73 0 83 73 0
          84 63 0 78 74 0
          76 74 0 99 18 0
          75 74 0 93 63 0
          82 36 0 92 59 0
          12 53 0 136 52 0
          86 16 0 48 1 0
          139 53 0 74 0 0
          88 65 0 105 80 0
          75 30 0 87 65 0
          12 52 0 2 61 0
          135 60 0 81 33 0
          13 0 0 81 34 0
          53 21 0 79 73 0
          82 74 0 8 2 0
          60 20 0 18 53 0
          86 73 0 89 71 0
          159 61 0 81 23 0
          3 61 0 90 67 0
          25 50 0 63 11 0
          79 0 0 159 88 0
          18 28 0 90 68 0
          83 30 0 44 45 0
          100 27 0 135 53 0
          75 31 0 129 63 0
          156 54 0 158 87 0
          78 34 0 159 105 0
          53 61 0 52 27 0
          53 60 0 159 87 0
          159 108 0 159 111 0
          80 32 0 159 101 0
          18 0 0 84 76 0
          73 31 0 78 33 0
          72 34 0 159 107 0
          26 49 0 100 49 0
          97 80 0 83 31 0
          159 110 0 138 61 0
          81 29 0 97 79 0
          86 49 0 72 0 0
          27 1 0 18 2 0
          83 76 0 61 55 0
          2 51 0 53 19 0
          18 1 0 159 102 0
          62 11 0 60 56 0
          49 0 0 59 24 0
          75 24 0 1 35 0
          71 76 0 159 99 0
          73 76 0 86 22 0
          159 100 0 39 16 0
          71 34 0 21 28 0
          75 37 0 73 75 0
          145 46 0 144 46 0
          46 41 0 68 18 0
          158 54 0 2 50 0
          51 19 0 51 21 0
          60 24 0 27 2 0
          75 23 0 2 58 0
          158 60 0 67 1 0
          156 111 0 156 110 0
          148 96 0 33 1 0
          72 76 0 19 2 0
          77 39 0 130 63 0
          94 43 0 133 90 0
          16 25 0 87 50 0
          158 61 0 150 88 0
          138 91 0 78 38 0
          155 57 0 157 54 0
          158 95 0 158 97 0
          57 24 0 75 48 0
          33 2 0 154 87 0
          129 90 0 143 93 0
          13 30 0 129 89 0
          109 87 0 118 91 0
          85 21 0 109 86 0
          74 3 0 152 87 0
          44 6 0 22 68 0
          0 63 0 76 36 0
          11 37 0 22 67 0
          133 88 0 46 73 0
          15 29 0 151 87 0
          17 25 0 138 60 0
          153 87 0 135 91 0
          140 93 0 46 43 0
          38 0 0 159 55 0
          156 87 0 115 90 0
          133 89 0 133 87 0
          156 58 0 155 94 0
          145 93 0 140 92 0
          32 57 0 32 67 0
          63 85 0 144 93 0
          47 23 0 14 29 0
          40 14 0 58 24 0
          58 18 0 158 55 0
          59 18 0 154 93 0
          150 93 0 70 47 0
          149 93 0 155 95 0
          155 93 0 142 92 0
          156 57 0 20 70 0
          147 93 0 23 4 0
          42 6 0 1 60 0
          1 62 0 15 55 0
          157 59 0 158 91 0
          74 2 0 131 90 0
          118 90 0 16 29 0
          51 22 0 53 76 0
          153 91 0 12 32 0
          48 23 0 130 90 0
          158 92 0 19 23 0
          153 90 0 114 89 0
          151 94 0 4 1 0
          154 91 0 59 22 0
          151 106 0 19 24 0
          40 15 0 157 116 0
          72 47 0 1 56 0
          48 32 0 1 57 0
          57 76 0 141 45 0
          15 1 0 158 116 0
          144 97 0 141 46 0
          73 50 0 65 27 0
          35 1 0 48 75 0
          102 50 0 46 72 0
          70 48 0 140 61 0
          10 3 0 34 67 0
          62 84 0 152 106 0
          145 97 0 32 25 0
          79 1 0 66 27 0
          11 18 0 10 2 0
          142 87 0 73 49 0
          64 26 0 151 100 0
          152 99 0 65 26 0
          20 69 0 4 11 0
          11 3 0 0 55 0
          0 56 0 57 75 0
          144 107 0 51 15 0
          146 88 0 146 89 0
          53 75 0 141 86 0
          44 1 0 158 57 0
          158 70 0 0 54 0
          82 42 0 140 87 0
          141 87 0 74 46 0
          82 41 0 74 47 0
          63 25 0 72 49 0
          63 84 0 45 1 0
          9 27 0 79 48 0
          6 1 0 133 94 0
          136 95 0 43 42 0
          13 17 0 151 83 0
          134 93 0 0 75 0
          62 51 0 148 56 0
          139 61 0 152 81 0
          149 53 0 152 82 0
          11 25 0 136 94 0
          57 14 0 47 74 0
          49 76 0 7 26 0
          95 45 0 158 120 0
          144 105 0 64 44 0
          8 26 0 144 102 0
          154 76 0 33 27 0
          10 28 0 152 83 0
          0 3 0 144 101 0
          12 18 0 66 48 0
          57 15 0 158 119 0
          51 14 0 77 48 0
          65 45 0 140 105 0
          140 106 0 64 82 0
          10 25 0 69 51 0
          88 87 0 139 72 0
          137 99 0 158 76 0
          49 75 0 14 11 0
          25 13 0 0 20 0
          148 53 0 138 99 0
          8 7 0 31 27 0
          136 97 0 46 4 0
          67 48 0 18 31 0
          158 122 0 137 97 0
          19 31 0 158 121 0
          139 65 0 56 33 0
          93 88 0 155 80 0
          136 105 0 10 23 0
          56 25 0 6 73 0
          153 78 0 12 21 0
          149 54 0 14 23 0
          12 20 0 137 104 0
          38 11 0 11 23 0
          154 80 0 90 87 0
          15 11 0 103 37 0
          154 52 0 32 72 0
          20 33 0 21 32 0
          3 76 0 8 72 0
          95 40 0 59 36 0
          38 9 0 39 23 0
          151 55 0 10 22 0
          91 88 0 64 45 0
          7 74 0 24 12 0
          92 87 0 33 48 0
          64 83 0 61 82 0
          14 24 0 155 78 0
          41 71 0 154 78 0
          92 86 0 147 81 0
          33 73 0 59 34 0
          42 71 0 59 35 0
          89 88 0 43 16 0
          91 87 0 4 17 0
          25 12 0 42 16 0
          95 44 0 7 72 0
          49 30 0 148 82 0
          158 125 0 158 124 0
          142 59 0 13 60 0
          58 33 0 50 34 0
          131 102 0 104 36 0
          12 59 0 159 80 0
          33 72 0 131 101 0
          131 105 0 132 105 0
          59 33 0 159 81 0
          43 75 0 6 74 0
          155 76 0 150 77 0
          5 70 0 48 10 0
          126 98 0 13 58 0
          150 78 0 7 21 0
          2 3 0 158 140 0
          141 60 0 144 58 0
          13 59 0 11 61 0
          127 98 0 159 68 0
          8 22 0 32 19 0
          6 19 0 12 61 0
          50 33 0 1 76 0
          44 75 0 57 37 0
          70 92 0 63 92 0
          0 12 0 143 58 0
          16 21 0 7 71 0
          151 56 0 31 18 0
          16 22 0 121 98 0
          5 20 0 25 58 0
          66 46 0 120 98 0
          63 49 0 0 15 0
          54 91 0 149 69 0
          32 18 0 57 33 0
          63 90 0 18 18 0
          4 28 0 63 89 0
          32 76 0 9 6 0
          46 10 0 2 19 0
          30 21 0 4 19 0
          4 27 0 53 36 0
          18 17 0 57 30 0
          2 12 0 6 16 0
          3 70 0 6 15 0
          32 71 0 66 96 0
          53 90 0 5 74 0
          149 122 0 15 14 0
          55 92 0 150 121 0
          48 9 0 38 12 0
          137 71 0 54 92 0
          9 65 0 5 68 0
          73 84 0 52 36 0
          1 70 0 1 14 0
          57 31 0 39 46 0
          23 11 0 4 68 0
          8 60 0 8 59 0
          5 69 0 145 75 0
          146 76 0 0 23 0
          47 10 0 4 70 0
          1 25 0 38 47 0
          98 90 0 15 73 0
          57 93 0 63 91 0
          158 135 0 33 74 0
          87 45 0 51 88 0
          54 90 0 56 93 0
          16 73 0 2 24 0
          1 23 0 98 89 0
          13 68 0 0 73 0
          72 89 0 10 82 0
          145 76 0 61 94 0
          9 12 0 146 79 0
          158 144 0 86 44 0
          157 131 0 39 78 0
          62 93 0 14 69 0
          78 89 0 73 90 0
          73 89 0 158 136 0
          13 72 0 159 145 0
          79 89 0 100 90 0
          101 90 0 73 87 0
          158 133 0 33 10 0
          159 144 0 83 86 0
          28 11 0 13 73 0
          84 86 0 33 9 0
          153 139 0 59 92 0
          8 68 0 152 65 0
          71 89 0 33 21 0
          158 143 0 158 130 0
          12 69 0 159 148 0
          51 90 0 30 13 0
          86 43 0 87 44 0
          158 134 0 40 79 0
          157 133 0 73 82 0
          38 25 0 68 93 0
          33 20 0 153 70 0
          151 71 0 151 72 0
          153 71 0 151 131 0
          153 135 0 78 86 0
          159 147 0 68 41 0
          152 63 0 27 11 0
          51 89 0 69 86 0
          24 57 0 52 90 0
          29 12 0 78 85 0
          68 43 0 123 110 0
          154 129 0 123 109 0
          37 73 0 151 70 0
          40 78 0 155 141 0
          61 106 0 41 79 0
          153 134 0 67 87 0
          66 87 0 98 95 0
          35 20 0 34 20 0
          39 71 0 83 47 0
          19 59 0 63 107 0
          20 58 0 83 46 0
          149 159 0 22 111 0
          70 86 0 60 105 0
          149 156 0 62 107 0
          30 84 0 98 94 0
          149 157 0 154 157 0
          149 136 0 155 158 0
          15 81 0 94 95 0
          27 34 0 90 95 0
          95 95 0 150 134 0
          63 101 0 147 135 0
          153 156 0 154 156 0
          64 101 0 158 155 0
          155 157 0 157 157 0
          148 135 0 28 80 0
          158 159 0 28 75 0
          23 16 0 26 101 0
          6 121 0 91 95 0
          64 38 0 23 15 0
          48 84 0 14 81 0
          26 34 0 17 77 0
          156 158 0 146 155 0
          156 159 0 157 156 0
          140 150 0 60 106 0
          152 156 0 65 38 0
          148 152 0 28 60 0
          27 60 0 115 110 0
          116 110 0 146 158 0
          139 131 0 113 109 0
          58 100 0 159 154 0
          58 99 0 113 110 0
          148 153 0 147 158 0
          147 155 0 13 77 0
          26 78 0 61 101 0
          138 125 0 152 150 0
          138 124 0 143 130 0
          29 75 0 7 105 0
          58 102 0 12 77 0
          28 77 0 58 114 0
          10 92 0 146 150 0
          150 150 0 139 127 0
          18 76 0 28 85 0
          49 86 0 143 135 0
          139 126 0 147 150 0
          29 85 0 58 101 0
          62 101 0 144 131 0
          144 135 0 143 158 0
          147 148 0 46 96 0
          59 103 0 138 135 0
          143 145 0 144 158 0
          16 78 0 8 79 0
          142 131 0 8 78 0
          27 84 0 148 149 0
          93 100 0 138 134 0
          49 85 0 27 78 0
          28 84 0 77 109 0
          48 95 0 145 145 0
          136 148 0 135 147 0
          26 76 0 136 147 0
          3 116 0 144 145 0
          93 99 0 146 146 0
          47 96 0 100 103 0
          143 143 0 48 94 0
          135 128 0 143 144 0
          50 86 0 23 115 0
          138 155 0 135 130 0
          27 75 0 137 149 0
          135 127 0 133 130 0
          138 145 0 22 114 0
          2 115 0 99 101 0
          135 129 0 108 109 0
          95 115 0 2 116 0
          78 110 0 22 113 0
          110 112 0 143 152 0
          134 129 0 100 105 0
          140 140 0 109 110 0
          110 111 0 61 111 0
          134 133 0 135 132 0
          77 110 0 138 140 0
          131 130 0 98 115 0
          140 152 0 141 140 0
          133 135 0 97 114 0
          137 146 0 138 138 0
          98 110 0 132 129 0
          96 114 0 113 115 0
          134 134 0 113 114 0
          93 106 0 101 104 0
          98 114 0 133 140 0
          98 106 0 99 105 0
          97 109 0 18 103 0
          80 98 0 103 110 0
          3 119 0 100 107 0
          132 152 0 97 110 0
          22 115 0 135 142 0
          1 82 0 29 82 0
          98 108 0 83 103 0
          90 103 0 98 107 0
          95 103 0 138 158 0
          90 102 0 80 97 0
          74 107 0 133 139 0
          96 102 0 78 100 0
          105 110 0 2 82 0
          102 109 0 103 109 0
          125 132 0 80 100 0
          131 149 0 90 105 0
          99 112 0 95 104 0
          79 100 0 90 104 0
          80 99 0 124 127 0
          133 150 0 134 141 0
          24 106 0 74 108 0
          125 126 0 70 105 0
          132 150 0 81 103 0
          139 156 0 82 103 0
          84 103 0 31 113 0
          125 137 0 126 130 0
          18 111 0 128 159 0
          132 159 0 18 100 0
          103 115 0 16 99 0
          3 118 0 57 124 0
          73 105 0 88 115 0
          87 135 0 65 112 0
          19 111 0 25 93 0
          18 99 0 102 114 0
          83 108 0 126 138 0
          90 115 0 58 125 0
          55 118 0 80 120 0
          73 106 0 90 120 0
          121 130 0 43 88 0
          123 137 0 123 138 0
          62 114 0 77 139 0
          88 110 0 119 127 0
          63 111 0 122 129 0
          57 125 0 72 105 0
          89 115 0 83 113 0
          68 128 0 24 105 0
          91 115 0 93 120 0
          88 120 0 86 111 0
          89 117 0 61 114 0
          120 127 0 18 102 0
          56 118 0 89 116 0
          124 157 0 80 127 0
          3 120 0 125 157 0
          91 119 0 87 111 0
          80 125 0 69 104 0
          121 156 0 134 159 0
          118 130 0 89 120 0
          82 106 0 66 119 0
          89 110 0 126 155 0
          93 119 0 80 115 0
          24 92 0 18 92 0
          118 135 0 21 101 0
          128 156 0 118 129 0
          126 145 0 42 103 0
          66 126 0 85 112 0
          85 110 0 79 118 0
          125 153 0 81 116 0
          123 156 0 125 155 0
          75 142 0 126 146 0
          86 110 0 22 101 0
          83 125 0 18 95 0
          25 92 0 78 125 0
          80 116 0 1 92 0
          126 154 0 124 148 0
          82 115 0 18 123 0
          80 117 0 81 126 0
          66 127 0 80 119 0
          12 123 0 125 148 0
          103 120 0 79 125 0
          118 133 0 20 102 0
          119 136 0 78 122 0
          115 127 0 119 135 0
          65 123 0 123 145 0
          79 123 0 116 127 0
          45 87 0 113 125 0
          82 126 0 78 123 0
          75 141 0 124 145 0
          16 109 0 73 101 0
          17 109 0 83 130 0
          23 108 0 123 152 0
          108 120 0 20 105 0
          73 132 0 114 124 0
          124 152 0 103 119 0
          83 123 0 45 110 0
          19 105 0 109 120 0
          84 122 0 83 128 0
          49 101 0 89 132 0
          66 124 0 115 132 0
          73 102 0 18 89 0
          10 87 0 18 94 0
          11 123 0 63 129 0
          93 125 0 49 100 0
          64 129 0 116 132 0
          43 113 0 120 145 0
          86 138 0 109 127 0
          43 110 0 82 128 0
          82 130 0 51 104 0
          13 119 0 67 139 0
          67 114 0 10 128 0
          26 96 0 18 90 0
          88 128 0 19 87 0
          68 115 0 14 88 0
          47 104 0 108 125 0
          75 135 0 88 133 0
          121 145 0 109 122 0
          118 145 0 76 135 0
          52 103 0 109 123 0
          18 88 0 48 110 0
          0 118 0 75 145 0
          87 137 0 117 157 0
          21 106 0 1 117 0
          73 136 0 75 130 0
          109 124 0 66 114 0
          70 119 0 73 125 0
          88 130 0 67 115 0
          119 145 0 65 133 0
          109 126 0 76 146 0
          50 117 0 87 128 0
          74 126 0 64 121 0
          47 103 0 98 120 0
          44 102 0 13 89 0
          99 119 0 63 120 0
          77 134 0 53 128 0
          98 123 0 76 129 0
          18 97 0 87 131 0
          87 132 0 75 144 0
          75 146 0 47 110 0
          20 106 0 90 125 0
          22 89 0 25 96 0
          103 125 0 117 156 0
          64 120 0 115 157 0
          90 124 0 108 130 0
          69 148 0 40 85 0
          120 150 0 116 157 0
          91 125 0 105 125 0
          103 124 0 103 130 0
          106 125 0 71 148 0
          64 117 0 68 140 0
          116 145 0 121 150 0
          115 148 0 105 127 0
          44 110 0 21 95 0
          71 150 0 21 90 0
          106 134 0 69 119 0
          67 140 0 50 130 0
          13 128 0 71 149 0
          109 129 0 12 119 0
          118 150 0 3 98 0
          21 96 0 71 111 0
          104 133 0 96 123 0
          108 137 0 23 97 0
          113 155 0 65 131 0
          48 105 0 52 118 0
          53 109 0 108 135 0
          119 150 0 8 126 0
          117 145 0 73 120 0
          105 126 0 73 118 0
          44 112 0 51 129 0
          105 133 0 0 98 0
          15 89 0 98 130 0
          72 118 0 74 147 0
          110 135 0 95 125 0
          42 84 0 104 138 0
          116 146 0 99 132 0
          1 86 0 56 121 0
          105 140 0 38 87 0
          38 85 0 94 125 0
          20 122 0 114 157 0
          70 148 0 108 136 0
          73 119 0 105 137 0
          115 143 0 105 130 0
          72 111 0 107 136 0
          36 87 0 70 110 0
          47 105 0 98 131 0
          108 143 0 4 99 0
          104 131 0 1 85 0
          97 136 0 116 143 0
          3 99 0 108 145 0
          104 140 0 109 135 0
          12 100 0 71 110 0
          54 109 0 34 86 0
          11 130 0 22 95 0
          95 128 0 33 86 0
          21 97 0 99 137 0
          113 140 0 47 106 0
          1 98 0 67 143 0
          95 127 0 108 140 0
          98 128 0 68 142 0
          75 157 0 54 127 0
          68 136 0 61 128 0
          69 152 0 114 152 0
          67 134 0 108 144 0
          98 137 0 98 140 0
          105 143 0 68 134 0
          114 153 0 36 92 0
          110 145 0 113 138 0
          108 139 0 39 84 0
          69 151 0 108 148 0
          108 141 0 105 141 0
          67 151 0 98 127 0
          114 137 0 68 150 0
          38 86 0 12 133 0
          110 140 0 74 156 0
          73 155 0 113 139 0
          108 146 0 62 128 0
          39 102 0 12 99 0
          47 119 0 75 156 0
          109 141 0 48 118 0
          98 129 0 109 145 0
          100 140 0 89 142 0
          37 87 0 45 115 0
          100 139 0 110 150 0
          89 141 0 72 154 0
          58 138 0 72 155 0
          102 134 0 12 105 0
          58 135 0 19 122 0
          53 135 0 108 150 0
          108 149 0 99 142 0
          99 140 0 21 121 0
          109 150 0 45 114 0
          0 87 0 99 141 0
          70 153 0 103 145 0
          59 136 0 93 135 0
          103 144 0 96 140 0
          58 136 0 74 155 0
          89 147 0 97 140 0
          58 137 0 15 120 0
          8 100 0 40 102 0
          36 106 0 77 159 0
          90 145 0 11 105 0
          83 145 0 94 135 0
          11 132 0 72 158 0
          47 122 0 43 134 0
          76 159 0 89 145 0
          80 158 0 33 92 0
          73 158 0 89 146 0
          34 92 0 33 94 0
          60 133 0 5 101 0
          33 120 0 83 150 0
          81 146 0 85 148 0
          64 148 0 30 92 0
          82 146 0 61 133 0
          46 122 0 16 120 0
          80 146 0 45 135 0
          78 152 0 78 151 0
          44 134 0 86 148 0
          107 157 0 60 134 0
          31 93 0 34 117 0
          64 146 0 79 158 0
          38 106 0 107 156 0
          93 145 0 92 145 0
          30 90 0 14 121 0
          30 107 0 85 149 0
          47 132 0 103 150 0
          80 153 0 81 155 0
          98 148 0 65 155 0
          90 159 0 39 107 0
          66 154 0 54 137 0
          104 150 0 59 147 0
          81 156 0 87 152 0
          79 153 0 85 152 0
          85 151 0 99 147 0
          37 106 0 83 155 0
          31 91 0 87 151 0
          58 150 0 85 158 0
          8 112 0 93 155 0
          39 106 0 84 158 0
          98 152 0 82 156 0
          35 108 0 58 149 0
          41 121 0 42 121 0
          92 153 0 92 157 0
          59 151 0 95 159 0
          61 147 0 85 155 0
          58 155 0 87 158 0
          100 158 0 92 151 0
          93 158 0 58 151 0
          95 150 0 57 154 0
          94 151 0 60 155 0
          84 156 0 31 108 0
          98 151 0 88 155 0
          98 155 0 7 112 0
          58 143 0 59 142 0
          88 156 0 39 119 0
          60 157 0 98 154 0
          40 119 0 38 115 0
          59 156 0 53 144 0
          56 143 0 59 152 0
          98 156 0 59 155 0
          58 154 0 11 116 0
          51 138 0 0 130 0
          52 138 0 54 143 0
          49 141 0 50 142 0
          53 140 0 11 117 0
          39 115 0 53 139 0
          54 145 0 54 141 0
          50 141 0 55 140 0
          38 133 0 16 138 0
          53 155 0 39 134 0
          41 138 0 38 134 0
          48 145 0 49 147 0
          51 140 0 54 155 0
          40 134 0 14 137 0
          49 143 0 53 148 0
          53 147 0 48 146 0
          42 137 0 13 136 0
          15 137 0 33 100 0
          48 150 0 26 135 0
          51 155 0 28 137 0
          52 155 0 49 151 0
          46 150 0 49 150 0
          33 99 0 45 143 0
          46 143 0 48 149 0
          3 128 0 51 153 0
          33 127 0 27 137 0
          44 142 0 33 126 0
          51 154 0 2 134 0
          0 135 0 45 142 0
          33 130 0 21 131 0
          47 150 0 1 134 0
          11 111 0 13 140 0
          14 139 0 33 128 0
          48 155 0 49 155 0
          22 144 0 35 130 0
          12 110 0 21 143 0
          1 132 0 22 143 0
          20 145 0 35 129 0
          2 139 0 31 135 0
          19 143 0 21 144 0
          22 135 0 3 140 0
          5 155 0 46 155 0
          47 154 0 24 134 0
          3 150 0 20 133 0
          32 134 0 34 137 0
          15 150 0 3 153 0
          24 135 0 13 150 0
          34 136 0 4 157 0
          28 140 0 28 139 0
          23 135 0 6 146 0
          8 148 0 0 138 0
          5 150 0 0 143 0
          36 140 0 4 156 0
          5 145 0 8 150 0
          18 150 0 15 147 0
          17 147 0 2 140 0
          37 140 0 6 150 0
          16 147 0 1 143 0
          4 151 0 8 145 0
          21 126 0 20 132 0
          23 148 0 7 144 0
          21 133 0 6 145 0
          27 141 0 19 146 0
          3 155 0 43 155 0
          3 151 0 3 154 0
          23 127 0 20 126 0
          44 155 0 33 145 0
          8 146 0 7 147 0
          14 150 0 8 149 0
          4 155 0 1 138 0
          14 148 0 21 147 0
          17 150 0 8 155 0
          24 129 0 10 150 0
          0 137 0 33 140 0
          34 143 0 5 143 0
          38 150 0 35 143 0
          35 145 0 10 142 0
          4 143 0 10 155 0
          39 153 0 31 145 0
          41 155 0 42 154 0
          32 145 0 9 152 0
          15 145 0 23 150 0
          38 148 0 32 144 0
          9 150 0 34 145 0
          23 149 0 28 130 0
          23 129 0 40 152 0
          34 147 0 28 145 0
          16 145 0 8 152 0
          39 150 0 38 149 0
          34 146 0 36 146 0
          9 155 0 7 155 0
          38 155 0 36 145 0
          37 147 0 39 155 0
          23 125 0 33 141 0
          27 145 0 37 148 0
          24 127 0 33 150 0
          28 150 0 23 126 0
          30 150 0 29 150 0
          18 155 0 34 158 0
          28 147 0 34 150 0
          29 130 0 25 150 0
          35 156 0 33 155 0
          24 150 0 33 153 0
          25 152 0 33 152 0
          28 155 0 25 151 0
          29 158 0 18 154 0
          28 153 0 21 155 0
          14 158 0 23 155 0
          22 155 0 10 159 0
          10 158 0 28 154 0
          34 155 0 14 156 0
          26 155 0 29 152 0
          25 157 0 31 159 0
          27 155 0 19 155 0
          19 158 0 22 157 0
          18 158 0 27 116 0
          <InformationKey name="L2_NORM_RANGE" location="vtkDataArray" length="2">
            <Value index="0">
              3
            </Value>
            <Value index="1">
              224.15396494
            </Value>
          </InformationKey>
        </DataArray>
      </Points>
      <Cells>
        <DataArray type="Int64" Name="connectivity" format="ascii" RangeMin="0" RangeMax="2507">
          0 1 2 3 4 5
          6 7 8 9 10 11
          12 13 14 15 16 17
          18 19 20 21 22 23
          24 25 26 27 28 29
          30 31 32 33 34 35
          36 37 38 39 40 41
          42 43 44 45 46 47
          48 49 50 51 52 53
          54 55 56 57 58 59
          60 61 62 63 64 65
          66 67 68 69 70 71
          72 73 74 75 76 77
          78 79 80 81 82 83
          84 85 86 87 88 89
          90 91 92 93 94 95
          96 97 98 99 100 101
          102 103 104 105 106 107
          108 109 110 111 112 113
          114 115 116 117 118 119
          120 121 122 123 124 125
          126 127 128 129 130 131
          132 133 134 135 136 137
          138 139 140 141 142 143
          144 145 146 147 148 149
          150 151 152 153 154 155
          156 157 158 159 160 161
          162 163 164 165 166 167
          168 169 170 171 172 173
          174 175 176 177 178 179
          180 181 182 183 184 185
          186 187 188 189 190 191
          192 193 194 195 196 197
          198 199 200 201 202 203
          204 205 206 207 208 209
          210 211 212 213 214 215
          216 217 218 219 220 221
          222 223 224 225 226 227
          228 229 230 231 232 233
          234 235 236 237 238 239
          240 241 242 243 244 245
          246 247 248 249 250 251
          252 253 254 255 256 257
          258 259 260 261 262 263
          264 265 266 267 268 269
          270 271 272 273 274 275
          276 277 278 279 280 281
          282 283 284 285 286 287
          288 289 290 291 292 293
          294 295 296 297 298 299
          300 301 302 303 304 305
          306 307 308 309 310 311
          312 313 314 315 316 317
          318 319 320 321 322 323
          324 325 326 327 328 329
          330 331 332 333 334 335
          336 337 338 339 340 341
          342 343 344 345 346 347
          348 349 350 351 352 353
          354 355 356 357 358 359
          360 361 362 363 364 365
          366 367 368 369 370 371
          372 373 374 375 376 377
          378 379 380 381 382 383
          384 385 386 387 388 389
          390 391 392 393 394 395
          396 397 398 399 400 401
          402 403 404 405 406 407
          408 409 410 411 412 413
          414 415 416 417 418 419
          420 421 422 423 424 425
          426 427 428 429 430 431
          432 433 434 435 436 437
          438 439 440 441 442 443
          444 445 446 447 448 449
          450 451 452 453 454 455
          456 457 458 459 460 461
          462 463 464 465 466 467
          468 469 470 471 472 473
          474 475 476 477 478 479
          480 481 482 483 484 485
          486 487 488 489 490 491
          492 493 494 495 496 497
          498 499 500 501 502 503
          504 505 506 507 508 509
          510 511 512 513 514 515
          516 517 518 519 520 521
          522 523 524 525 526 527
          528 529 530 531 532 533
          534 535 536 537 538 539
          540 541 542 543 544 545
          546 547 548 549 550 551
          552 553 554 555 556 557
          558 559 560 561 562 563
          564 565 566 567 568 569
          570 571 572 573 574 575
          576 577 578 579 580 581
          582 583 584 585 586 587
          588 589 590 591 592 593
          594 595 596 597 598 599
          600 601 602 603 604 605
          606 607 608 609 610 611
          612 613 614 615 616 617
          618 619 620 621 622 623
          624 625 626 627 628 629
          630 631 632 633 634 635
          636 637 638 639 640 641
          642 643 644 645 646 647
          648 649 650 651 652 653
          654 655 656 657 658 659
          660 661 662 663 664 665
          666 667 668 669 670 671
          672 673 674 675 676 677
          678 679 680 681 682 683
          684 685 686 687 688 689
          690 691 692 693 694 695
          696 697 698 699 700 701
          702 703 704 705 706 707
          708 709 710 711 712 713
          714 715 716 717 718 719
          720 721 722 723 724 725
          726 727 728 729 730 731
          732 733 734 735 736 737
          738 739 740 741 742 743
          744 745 746 747 748 749
          750 751 752 753 754 755
          756 757 758 759 760 761
          762 763 764 765 766 767
          768 769 770 771 772 773
          774 775 776 777 778 779
          780 781 782 783 784 785
          786 787 788 789 790 791
          792 793 794 795 796 797
          798 799 800 801 802 803
          804 805 806 807 808 809
          810 811 812 813 814 815
          816 817 818 819 820 821
          822 823 824 825 826 827
          828 829 830 831 832 833
          834 835 836 837 838 839
          840 841 842 843 844 845
          846 847 848 849 850 851
          852 853 854 855 856 857
          858 859 860 861 862 863
          864 865 866 867 868 869
          870 871 872 873 874 875
          876 877 878 879 880 881
          882 883 884 885 886 887
          888 889 890 891 892 893
          894 895 896 897 898 899
          900 901 902 903 904 905
          906 907 908 909 910 911
          912 913 914 915 916 917
          918 919 920 921 922 923
          924 925 926 927 928 929
          930 931 932 933 934 935
          936 937 938 939 940 941
          942 943 944 945 946 947
          948 949 950 951 952 953
          954 955 956 957 958 959
          960 961 962 963 964 965
          966 967 968 969 970 971
          972 973 974 975 976 977
          978 979 980 981 982 983
          984 985 986 987 988 989
          990 991 992 993 994 995
          996 997 998 999 1000 1001
          1002 1003 1004 1005 1006 1007
          1008 1009 1010 1011 1012 1013
          1014 1015 1016 1017 1018 1019
          1020 1021 1022 1023 1024 1025
          1026 1027 1028 1029 1030 1031
          1032 1033 1034 1035 1036 1037
          1038 1039 1040 1041 1042 1043
          1044 1045 1046 1047 1048 1049
          1050 1051 1052 1053 1054 1055
          1056 1057 1058 1059 1060 1061
          1062 1063 1064 1065 1066 1067
          1068 1069 1070 1071 1072 1073
          1074 1075 1076 1077 1078 1079
          1080 1081 1082 1083 1084 1085
          1086 1087 1088 1089 1090 1091
          1092 1093 1094 1095 1096 1097
          1098 1099 1100 1101 1102 1103
          1104 1105 1106 1107 1108 1109
          1110 1111 1112 1113 1114 1115
          1116 1117 1118 1119 1120 1121
          1122 1123 1124 1125 1126 1127
          1128 1129 1130 1131 1132 1133
          1134 1135 1136 1137 1138 1139
          1140 1141 1142 1143 1144 1145
          1146 1147 1148 1149 1150 1151
          1152 1153 1154 1155 1156 1157
          1158 1159 1160 1161 1162 1163
          1164 1165 1166 1167 1168 1169
          1170 1171 1172 1173 1174 1175
          1176 1177 1178 1179 1180 1181
          1182 1183 1184 1185 1186 1187
          1188 1189 1190 1191 1192 1193
          1194 1195 1196 1197 1198 1199
          1200 1201 1202 1203 1204 1205
          1206 1207 1208 1209 1210 1211
          1212 1213 1214 1215 1216 1217
          1218 1219 1220 1221 1222 1223
          1224 1225 1226 1227 1228 1229
          1230 1231 1232 1233 1234 1235
          1236 1237 1238 1239 1240 1241
          1242 1243 1244 1245 1246 1247
          1248 1249 1250 1251 1252 1253
          1254 1255 1256 1257 1258 1259
          1260 1261 1262 1263 1264 1265
          1266 1267 1268 1269 1270 1271
          1272 1273 1274 1275 1276 1277
          1278 1279 1280 1281 1282 1283
          1284 1285 1286 1287 1288 1289
          1290 1291 1292 1293 1294 1295
          1296 1297 1298 1299 1300 1301
          1302 1303 1304 1305 1306 1307
          1308 1309 1310 1311 1312 1313
          1314 1315 1316 1317 1318 1319
          1320 1321 1322 1323 1324 1325
          1326 1327 1328 1329 1330 1331
          1332 1333 1334 1335 1336 1337
          1338 1339 1340 1341 1342 1343
          1344 1345 1346 1347 1348 1349
          1350 1351 1352 1353 1354 1355
          1356 1357 1358 1359 1360 1361
          1362 1363 1364 1365 1366 1367
          1368 1369 1370 1371 1372 1373
          1374 1375 1376 1377 1378 1379
          1380 1381 1382 1383 1384 1385
          1386 1387 1388 1389 1390 1391
          1392 1393 1394 1395 1396 1397
          1398 1399 1400 1401 1402 1403
          1404 1405 1406 1407 1408 1409
          1410 1411 1412 1413 1414 1415
          1416 1417 1418 1419 1420 1421
          1422 1423 1424 1425 1426 1427
          1428 1429 1430 1431 1432 1433
          1434 1435 1436 1437 1438 1439
          1440 1441 1442 1443 1444 1445
          1446 1447 1448 1449 1450 1451
          1452 1453 1454 1455 1456 1457
          1458 1459 1460 1461 1462 1463
          1464 1465 1466 1467 1468 1469
          1470 1471 1472 1473 1474 1475
          1476 1477 1478 1479 1480 1481
          1482 1483 1484 1485 1486 1487
          1488 1489 1490 1491 1492 1493
          1494 1495 1496 1497 1498 1499
          1500 1501 1502 1503 1504 1505
          1506 1507 1508 1509 1510 1511
          1512 1513 1514 1515 1516 1517
          1518 1519 1520 1521 1522 1523
          1524 1525 1526 1527 1528 1529
          1530 1531 1532 1533 1534 1535
          1536 1537 1538 1539 1540 1541
          1542 1543 1544 1545 1546 1547
          1548 1549 1550 1551 1552 1553
          1554 1555 1556 1557 1558 1559
          1560 1561 1562 1563 1564 1565
          1566 1567 1568 1569 1570 1571
          1572 1573 1574 1575 1576 1577
          1578 1579 1580 1581 1582 1583
          1584 1585 1586 1587 1588 1589
          1590 1591 1592 1593 1594 1595
          1596 1597 1598 1599 1600 1601
          1602 1603 1604 1605 1606 1607
          1608 1609 1610 1611 1612 1613
          1614 1615 1616 1617 1618 1619
          1620 1621 1622 1623 1624 1625
          1626 1627 1628 1629 1630 1631
          1632 1633 1634 1635 1636 1637
          1638 1639 1640 1641 1642 1643
          1644 1645 1646 1647 1648 1649
          1650 1651 1652 1653 1654 1655
          1656 1657 1658 1659 1660 1661
          1662 1663 1664 1665 1666 1667
          1668 1669 1670 1671 1672 1673
          1674 1675 1676 1677 1678 1679
          1680 1681 1682 1683 1684 1685
          1686 1687 1688 1689 1690 1691
          1692 1693 1694 1695 1696 1697
          1698 1699 1700 1701 1702 1703
          1704 1705 1706 1707 1708 1709
          1710 1711 1712 1713 1714 1715
          1716 1717 1718 1719 1720 1721
          1722 1723 1724 1725 1726 1727
          1728 1729 1730 1731 1732 1733
          1734 1735 1736 1737 1738 1739
          1740 1741 1742 1743 1744 1745
          1746 1747 1748 1749 1750 1751
          1752 1753 1754 1755 1756 1757
          1758 1759 1760 1761 1762 1763
          1764 1765 1766 1767 1768 1769
          1770 1771 1772 1773 1774 1775
          1776 1777 1778 1779 1780 1781
          1782 1783 1784 1785 1786 1787
          1788 1789 1790 1791 1792 1793
          1794 1795 1796 1797 1798 1799
          1800 1801 1802 1803 1804 1805
          1806 1807 1808 1809 1810 1811
          1812 1813 1814 1815 1816 1817
          1818 1819 1820 1821 1822 1823
          1824 1825 1826 1827 1828 1829
          1830 1831 1832 1833 1834 1835
          1836 1837 1838 1839 1840 1841
          1842 1843 1844 1845 1846 1847
          1848 1849 1850 1851 1852 1853
          1854 1855 1856 1857 1858 1859
          1860 1861 1862 1863 1864 1865
          1866 1867 1868 1869 1870 1871
          1872 1873 1874 1875 1876 1877
          1878 1879 1880 1881 1882 1883
          1884 1885 1886 1887 1888 1889
          1890 1891 1892 1893 1894 1895
          1896 1897 1898 1899 1900 1901
          1902 1903 1904 1905 1906 1907
          1908 1909 1910 1911 1912 1913
          1914 1915 1916 1917 1918 1919
          1920 1921 1922 1923 1924 1925
          1926 1927 1928 1929 1930 1931
          1932 1933 1934 1935 1936 1937
          1938 1939 1940 1941 1942 1943
          1944 1945 1946 1947 1948 1949
          1950 1951 1952 1953 1954 1955
          1956 1957 1958 1959 1960 1961
          1962 1963 1964 1965 1966 1967
          1968 1969 1970 1971 1972 1973
          1974 1975 1976 1977 1978 1979
          1980 1981 1982 1983 1984 1985
          1986 1987 1988 1989 1990 1991
          1992 1993 1994 1995 1996 1997
          1998 1999 2000 2001 2002 2003
          2004 2005 2006 2007 2008 2009
          2010 2011 2012 2013 2014 2015
          2016 2017 2018 2019 2020 2021
          2022 2023 2024 2025 2026 2027
          2028 2029 2030 2031 2032 2033
          2034 2035 2036 2037 2038 2039
          2040 2041 2042 2043 2044 2045
          2046 2047 2048 2049 2050 2051
          2052 2053 2054 2055 2056 2057
          2058 2059 2060 2061 2062 2063
          2064 2065 2066 2067 2068 2069
          2070 2071 2072 2073 2074 2075
          2076 2077 2078 2079 2080 2081
          2082 2083 2084 2085 2086 2087
          2088 2089 2090 2091 2092 2093
          2094 2095 2096 2097 2098 2099
          2100 2101 2102 2103 2104 2105
          2106 2107 2108 2109 2110 2111
          2112 2113 2114 2115 2116 2117
          2118 2119 2120 2121 2122 2123
          2124 2125 2126 2127 2128 2129
          2130 2131 2132 2133 2134 2135
          2136 2137 2138 2139 2140 2141
          2142 2143 2144 2145 2146 2147
          2148 2149 2150 2151 2152 2153
          2154 2155 2156 2157 2158 2159
          2160 2161 2162 2163 2164 2165
          2166 2167 2168 2169 2170 2171
          2172 2173 2174 2175 2176 2177
          2178 2179 2180 2181 2182 2183
          2184 2185 2186 2187 2188 2189
          2190 2191 2192 2193 2194 2195
          2196 2197 2198 2199 2200 2201
          2202 2203 2204 2205 2206 2207
          2208 2209 2210 2211 2212 2213
          2214 2215 2216 2217 2218 2219
          2220 2221 2222 2223 2224 2225
          2226 2227 2228 2229 2230 2231
          2232 2233 2234 2235 2236 2237
          2238 2239 2240 2241 2242 2243
          2244 2245 2246 2247 2248 2249
          2250 2251 2252 2253 2254 2255
          2256 2257 2258 2259 2260 2261
          2262 2263 2264 2265 2266 2267
          2268 2269 2270 2271 2272 2273
          2274 2275 2276 2277 2278 2279
          2280 2281 2282 2283 2284 2285
          2286 2287 2288 2289 2290 2291
          2292 2293 2294 2295 2296 2297
          2298 2299 2300 2301 2302 2303
          2304 2305 2306 2307 2308 2309
          2310 2311 2312 2313 2314 2315
          2316 2317 2318 2319 2320 2321
          2322 2323 2324 2325 2326 2327
          2328 2329 2330 2331 2332 2333
          2334 2335 2336 2337 2338 2339
          2340 2341 2342 2343 2344 2345
          2346 2347 2348 2349 2350 2351
          2352 2353 2354 2355 2356 2357
          2358 2359 2360 2361 2362 2363
          2364 2365 2366 2367 2368 2369
          2370 2371 2372 2373 2374 2375
          2376 2377 2378 2379 2380 2381
          2382 2383 2384 2385 2386 2387
          2388 2389 2390 2391 2392 2393
          2394 2395 2396 2397 2398 2399
          2400 2401 2402 2403 2404 2405
          2406 2407 2408 2409 2410 2411
          2412 2413 2414 2415 2416 2417
          2418 2419 2420 2421 2422 2423
          2424 2425 2426 2427 2428 2429
          2430 2431 2432 2433 2434 2435
          2436 2437 2438 2439 2440 2441
          2442 2443 2444 2445 2446 2447
          2448 2449 2450 2451 2452 2453
          2454 2455 2456 2457 2458 2459
          2460 2461 2462 2463 2464 2465
          2466 2467 2468 2469 2470 2471
          2472 2473 2474 2475 2476 2477
          2478 2479 2480 2481 2482 2483
          2484 2485 2486 2487 2488 2489
          2490 2491 2492 2493 2494 2495
          2496 2497 2498 2499 2500 2501
          2502 2503 2504 2505 2506 2507
        </DataArray>
        <DataArray type="Int64" Name="offsets" format="ascii" RangeMin="1" RangeMax="2508">
          1 2 3 4 5 6
          7 8 9 10 11 12
          13 14 15 16 17 18
          19 20 21 22 23 24
          25 26 27 28 29 30
          31 32 33 34 35 36
          37 38 39 40 41 42
          43 44 45 46 47 48
          49 50 51 52 53 54
          55 56 57 58 59 60
          61 62 63 64 65 66
          67 68 69 70 71 72
          73 74 75 76 77 78
          79 80 81 82 83 84
          85 86 87 88 89 90
          91 92 93 94 95 96
          97 98 99 100 101 102
          103 104 105 106 107 108
          109 110 111 112 113 114
          115 116 117 118 119 120
          121 122 123 124 125 126
          127 128 129 130 131 132
          133 134 135 136 137 138
          139 140 141 142 143 144
          145 146 147 148 149 150
          151 152 153 154 155 156
          157 158 159 160 161 162
          163 164 165 166 167 168
          169 170 171 172 173 174
          175 176 177 178 179 180
          181 182 183 184 185 186
          187 188 189 190 191 192
          193 194 195 196 197 198
          199 200 201 202 203 204
          205 206 207 208 209 210
          211 212 213 214 215 216
          217 218 219 220 221 222
          223 224 225 226 227 228
          229 230 231 232 233 234
          235 236 237 238 239 240
          241 242 243 244 245 246
          247 248 249 250 251 252
          253 254 255 256 257 258
          259 260 261 262 263 264
          265 266 267 268 269 270
          271 272 273 274 275 276
          277 278 279 280 281 282
          283 284 285 286 287 288
          289 290 291 292 293 294
          295 296 297 298 299 300
          301 302 303 304 305 306
          307 308 309 310 311 312
          313 314 315 316 317 318
          319 320 321 322 323 324
          325 326 327 328 329 330
          331 332 333 334 335 336
          337 338 339 340 341 342
          343 344 345 346 347 348
          349 350 351 352 353 354
          355 356 357 358 359 360
          361 362 363 364 365 366
          367 368 369 370 371 372
          373 374 375 376 377 378
          379 380 381 382 383 384
          385 386 387 388 389 390
          391 392 393 394 395 396
          397 398 399 400 401 402
          403 404 405 406 407 408
          409 410 411 412 413 414
          415 416 417 418 419 420
          421 422 423 424 425 426
          427 428 429 430 431 432
          433 434 435 436 437 438
          439 440 441 442 443 444
          445 446 447 448 449 450
          451 452 453 454 455 456
          457 458 459 460 461 462
          463 464 465 466 467 468
          469 470 471 472 473 474
          475 476 477 478 479 480
          481 482 483 484 485 486
          487 488 489 490 491 492
          493 494 495 496 497 498
          499 500 501 502 503 504
          505 506 507 508 509 510
          511 512 513 514 515 516
          517 518 519 520 521 522
          523 524 525 526 527 528
          529 530 531 532 533 534
          535 536 537 538 539 540
          541 542 543 544 545 546
          547 548 549 550 551 552
          553 554 555 556 557 558
          559 560 561 562 563 564
          565 566 567 568 569 570
          571 572 573 574 575 576
          577 578 579 580 581 582
          583 584 585 586 587 588
          589 590 591 592 593 594
          595 596 597 598 599 600
          601 602 603 604 605 606
          607 608 609 610 611 612
          613 614 615 616 617 618
          619 620 621 622 623 624
          625 626 627 628 629 630
          631 632 633 634 635 636
          637 638 639 640 641 642
          643 644 645 646 647 648
          649 650 651 652 653 654
          655 656 657 658 659 660
          661 662 663 664 665 666
          667 668 669 670 671 672
          673 674 675 676 677 678
          679 680 681 682 683 684
          685 686 687 688 689 690
          691 692 693 694 695 696
          697 698 699 700 701 702
          703 704 705 706 707 708
          709 710 711 712 713 714
          715 716 717 718 719 720
          721 722 723 724 725 726
          727 728 729 730 731 732
          733 734 735 736 737 738
          739 740 741 742 743 744
          745 746 747 748 749 750
          751 752 753 754 755 756
          757 758 759 760 761 762
          763 764 765 766 767 768
          769 770 771 772 773 774
          775 776 777 778 779 780
          781 782 783 784 785 786
          787 788 789 790 791 792
          793 794 795 796 797 798
          799 800 801 802 803 804
          805 806 807 808 809 810
          811 812 813 814 815 816
          817 818 819 820 821 822
          823 824 825 826 827 828
          829 830 831 832 833 834
          835 836 837 838 839 840
          841 842 843 844 845 846
          847 848 849 850 851 852
          853 854 855 856 857 858
          859 860 861 862 863 864
          865 866 867 868 869 870
          871 872 873 874 875 876
          877 878 879 880 881 882
          883 884 885 886 887 888
          889 890 891 892 893 894
          895 896 897 898 899 900
          901 902 903 904 905 906
          907 908 909 910 911 912
          913 914 915 916 917 918
          919 920 921 922 923 924
          925 926 927 928 929 930
          931 932 933 934 935 936
          937 938 939 940 941 942
          943 944 945 946 947 948
          949 950 951 952 953 954
          955 956 957 958 959 960
          961 962 963 964 965 966
          967 968 969 970 971 972
          973 974 975 976 977 978
          979 980 981 982 983 984
          985 986 987 988 989 990
          991 992 993 994 995 996
          997 998 999 1000 1001 1002
          1003 1004 1005 1006 1007 1008
          1009 1010 1011 1012 1013 1014
          1015 1016 1017 1018 1019 1020
          1021 1022 1023 1024 1025 1026
          1027 1028 1029 1030 1031 1032
          1033 1034 1035 1036 1037 1038
          1039 1040 1041 1042 1043 1044
          1045 1046 1047 1048 1049 1050
          1051 1052 1053 1054 1055 1056
          1057 1058 1059 1060 1061 1062
          1063 1064 1065 1066 1067 1068
          1069 1070 1071 1072 1073 1074
          1075 1076 1077 1078 1079 1080
          1081 1082 1083 1084 1085 1086
          1087 1088 1089 1090 1091 1092
          1093 1094 1095 1096 1097 1098
          1099 1100 1101 1102 1103 1104
          1105 1106 1107 1108 1109 1110
          1111 1112 1113 1114 1115 1116
          1117 1118 1119 1120 1121 1122
          1123 1124 1125 1126 1127 1128
          1129 1130 1131 1132 1133 1134
          1135 1136 1137 1138 1139 1140
          1141 1142 1143 1144 1145 1146
          1147 1148 1149 1150 1151 1152
          1153 1154 1155 1156 1157 1158
          1159 1160 1161 1162 1163 1164
          1165 1166 1167 1168 1169 1170
          1171 1172 1173 1174 1175 1176
          1177 1178 1179 1180 1181 1182
          1183 1184 1185 1186 1187 1188
          1189 1190 1191 1192 1193 1194
          1195 1196 1197 1198 1199 1200
          1201 1202 1203 1204 1205 1206
          1207 1208 1209 1210 1211 1212
          1213 1214 1215 1216 1217 1218
          1219 1220 1221 1222 1223 1224
          1225 1226 1227 1228 1229 1230
          1231 1232 1233 1234 1235 1236
          1237 1238 1239 1240 1241 1242
          1243 1244 1245 1246 1247 1248
          1249 1250 1251 1252 1253 1254
          1255 1256 1257 1258 1259 1260
          1261 1262 1263 1264 1265 1266
          1267 1268 1269 1270 1271 1272
          1273 1274 1275 1276 1277 1278
          1279 1280 1281 1282 1283 1284
          1285 1286 1287 1288 1289 1290
          1291 1292 1293 1294 1295 1296
          1297 1298 1299 1300 1301 1302
          1303 1304 1305 1306 1307 1308
          1309 1310 1311 1312 1313 1314
          1315 1316 1317 1318 1319 1320
          1321 1322 1323 1324 1325 1326
          1327 1328 1329 1330 1331 1332
          1333 1334 1335 1336 1337 1338
          1339 1340 1341 1342 1343 1344
          1345 1346 1347 1348 1349 1350
          1351 1352 1353 1354 1355 1356
          1357 1358 1359 1360 1361 1362
          1363 1364 1365 1366 1367 1368
          1369 1370 1371 1372 1373 1374
          1375 1376 1377 1378 1379 1380
          1381 1382 1383 1384 1385 1386
          1387 1388 1389 1390 1391 1392
          1393 1394 1395 1396 1397 1398
          1399 1400 1401 1402 1403 1404
          1405 1406 1407 1408 1409 1410
          1411 1412 1413 1414 1415 1416
          1417 1418 1419 1420 1421 1422
          1423 1424 1425 1426 1427 1428
          1429 1430 1431 1432 1433 1434
          1435 1436 1437 1438 1439 1440
          1441 1442 1443 1444 1445 1446
          1447 1448 1449 1450 1451 1452
          1453 1454 1455 1456 1457 1458
          1459 1460 1461 1462 1463 1464
          1465 1466 1467 1468 1469 1470
          1471 1472 1473 1474 1475 1476
          1477 1478 1479 1480 1481 1482
          1483 1484 1485 1486 1487 1488
          1489 1490 1491 1492 1493 1494
          1495 1496 1497 1498 1499 1500
          1501 1502 1503 1504 1505 1506
          1507 1508 1509 1510 1511 1512
          1513 1514 1515 1516 1517 1518
          1519 1520 1521 1522 1523 1524
          1525 1526 1527 1528 1529 1530
          1531 1532 1533 1534 1535 1536
          1537 1538 1539 1540 1541 1542
          1543 1544 1545 1546 1547 1548
          1549 1550 1551 1552 1553 1554
          1555 1556 1557 1558 1559 1560
          1561 1562 1563 1564 1565 1566
          1567 1568 1569 1570 1571 1572
          1573 1574 1575 1576 1577 1578
          1579 1580 1581 1582 1583 1584
          1585 1586 1587 1588 1589 1590
          1591 1592 1593 1594 1595 1596
          1597 1598 1599 1600 1601 1602
          1603 1604 1605 1606 1607 1608
          1609 1610 1611 1612 1613 1614
          1615 1616 1617 1618 1619 1620
          1621 1622 1623 1624 1625 1626
          1627 1628 1629 1630 1631 1632
          1633 1634 1635 1636 1637 1638
          1639 1640 1641 1642 1643 1644
          1645 1646 1647 1648 1649 1650
          1651 1652 1653 1654 1655 1656
          1657 1658 1659 1660 1661 1662
          1663 1664 1665 1666 1667 1668
          1669 1670 1671 1672 1673 1674
          1675 1676 1677 1678 1679 1680
          1681 1682 1683 1684 1685 1686
          1687 1688 1689 1690 1691 1692
          1693 1694 1695 1696 1697 1698
          1699 1700 1701 1702 1703 1704
          1705 1706 1707 1708 1709 1710
          1711 1712 1713 1714 1715 1716
          1717 1718 1719 1720 1721 1722
          1723 1724 1725 1726 1727 1728
          1729 1730 1731 1732 1733 1734
          1735 1736 1737 1738 1739 1740
          1741 1742 1743 1744 1745 1746
          1747 1748 1749 1750 1751 1752
          1753 1754 1755 1756 1757 1758
          1759 1760 1761 1762 1763 1764
          1765 1766 1767 1768 1769 1770
          1771 1772 1773 1774 1775 1776
          1777 1778 1779 1780 1781 1782
          1783 1784 1785 1786 1787 1788
          1789 1790 1791 1792 1793 1794
          1795 1796 1797 1798 1799 1800
          1801 1802 1803 1804 1805 1806
          1807 1808 1809 1810 1811 1812
          1813 1814 1815 1816 1817 1818
          1819 1820 1821 1822 1823 1824
          1825 1826 1827 1828 1829 1830
          1831 1832 1833 1834 1835 1836
          1837 1838 1839 1840 1841 1842
          1843 1844 1845 1846 1847 1848
          1849 1850 1851 1852 1853 1854
          1855 1856 1857 1858 1859 1860
          1861 1862 1863 1864 1865 1866
          1867 1868 1869 1870 1871 1872
          1873 1874 1875 1876 1877 1878
          1879 1880 1881 1882 1883 1884
          1885 1886 1887 1888 1889 1890
          1891 1892 1893 1894 1895 1896
          1897 1898 1899 1900 1901 1902
          1903 1904 1905 1906 1907 1908
          1909 1910 1911 1912 1913 1914
          1915 1916 1917 1918 1919 1920
          1921 1922 1923 1924 1925 1926
          1927 1928 1929 1930 1931 1932
          1933 1934 1935 1936 1937 1938
          1939 1940 1941 1942 1943 1944
          1945 1946 1947 1948 1949 1950
          1951 1952 1953 1954 1955 1956
          1957 1958 1959 1960 1961 1962
          1963 1964 1965 1966 1967 1968
          1969 1970 1971 1972 1973 1974
          1975 1976 1977 1978 1979 1980
          1981 1982 1983 1984 1985 1986
          1987 1988 1989 1990 1991 1992
          1993 1994 1995 1996 1997 1998
          1999 2000 2001 2002 2003 2004
          2005 2006 2007 2008 2009 2010
          2011 2012 2013 2014 2015 2016
          2017 2018 2019 2020 2021 2022
          2023 2024 2025 2026 2027 2028
          2029 2030 2031 2032 2033 2034
          2035 2036 2037 2038 2039 2040
          2041 2042 2043 2044 2045 2046
          2047 2048 2049 2050 2051 2052
          2053 2054 2055 2056 2057 2058
          2059 2060 2061 2062 2063 2064
          2065 2066 2067 2068 2069 2070
          2071 2072 2073 2074 2075 2076
          2077 2078 2079 2080 2081 2082
          2083 2084 2085 2086 2087 2088
          2089 2090 2091 2092 2093 2094
          2095 2096 2097 2098 2099 2100
          2101 2102 2103 2104 2105 2106
          2107 2108 2109 2110 2111 2112
          2113 2114 2115 2116 2117 2118
          2119 2120 2121 2122 2123 2124
          2125 2126 2127 2128 2129 2130
          2131 2132 2133 2134 2135 2136
          2137 2138 2139 2140 2141 2142
          2143 2144 2145 2146 2147 2148
          2149 2150 2151 2152 2153 2154
          2155 2156 2157 2158 2159 2160
          2161 2162 2163 2164 2165 2166
          2167 2168 2169 2170 2171 2172
          2173 2174 2175 2176 2177 2178
          2179 2180 2181 2182 2183 2184
          2185 2186 2187 2188 2189 2190
          2191 2192 2193 2194 2195 2196
          2197 2198 2199 2200 2201 2202
          2203 2204 2205 2206 2207 2208
          2209 2210 2211 2212 2213 2214
          2215 2216 2217 2218 2219 2220
          2221 2222 2223 2224 2225 2226
          2227 2228 2229 2230 2231 2232
          2233 2234 2235 2236 2237 2238
          2239 2240 2241 2242 2243 2244
          2245 2246 2247 2248 2249 2250
          2251 2252 2253 2254 2255 2256
          2257 2258 2259 2260 2261 2262
          2263 2264 2265 2266 2267 2268
          2269 2270 2271 2272 2273 2274
          2275 2276 2277 2278 2279 2280
          2281 2282 2283 2284 2285 2286
          2287 2288 2289 2290 2291 2292
          2293 2294 2295 2296 2297 2298
          2299 2300 2301 2302 2303 2304
          2305 2306 2307 2308 2309 2310
          2311 2312 2313 2314 2315 2316
          2317 2318 2319 2320 2321 2322
          2323 2324 2325 2326 2327 2328
          2329 2330 2331 2332 2333 2334
          2335 2336 2337 2338 2339 2340
          2341 2342 2343 2344 2345 2346
          2347 2348 2349 2350 2351 2352
          2353 2354 2355 2356 2357 2358
          2359 2360 2361 2362 2363 2364
          2365 2366 2367 2368 2369 2370
          2371 2372 2373 2374 2375 2376
          2377 2378 2379 2380 2381 2382
          2383 2384 2385 2386 2387 2388
          2389 2390 2391 2392 2393 2394
          2395 2396 2397 2398 2399 2400
          2401 2402 2403 2404 2405 2406
          2407 2408 2409 2410 2411 2412
          2413 2414 2415 2416 2417 2418
          2419 2420 2421 2422 2423 2424
          2425 2426 2427 2428 2429 2430
          2431 2432 2433 2434 2435 2436
          2437 2438 2439 2440 2441 2442
          2443 2444 2445 2446 2447 2448
          2449 2450 2451 2452 2453 2454
          2455 2456 2457 2458 2459 2460
          2461 2462 2463 2464 2465 2466
          2467 2468 2469 2470 2471 2472
          2473 2474 2475 2476 2477 2478
          2479 2480 2481 2482 2483 2484
          2485 2486 2487 2488 2489 2490
          2491 2492 2493 2494 2495 2496
          2497 2498 2499 2500 2501 2502
          2503 2504 2505 2506 2507 2508
        </DataArray>
        <DataArray type="UInt8" Name="types" format="ascii" RangeMin="1" RangeMax="1">
          1 1 1 1 1 1
          1 1 1 1 1 1
          1 1 1 1 1 1
          1 1 1 1 1 1
          1 1 1 1 1 1
          1 1 1 1 1 1
          1 1 1 1 1 1
          1 1 1 1 1 1
          1 1 1 1 1 1
          1 1 1 1 1 1
          1 1 1 1 1 1
          1 1 1 1 1 1
          1 1 1 1 1 1
          1 1 1 1 1 1
          1 1 1 1 1 1
          1 1 1 1 1 1
          1 1 1 1 1 1
          1 1 1 1 1 1
          1 1 1 1 1 1
          1 1 1 1 1 1
          1 1 1 1 1 1
          1 1 1 1 1 1
          1 1 1 1 1 1
          1 1 1 1 1 1
          1 1 1 1 1 1
          1 1 1 1 1 1
          1 1 1 1 1 1
          1 1 1 1 1 1
          1 1 1 1 1 1
          1 1 1 1 1 1
          1 1 1 1 1 1
          1 1 1 1 1 1
          1 1 1 1 1 1
          1 1 1 1 1 1
          1 1 1 1 1 1
          1 1 1 1 1 1
          1 1 1 1 1 1
          1 1 1 1 1 1
          1 1 1 1 1 1
          1 1 1 1 1 1
          1 1 1 1 1 1
          1 1 1 1 1 1
          1 1 1 1 1 1
          1 1 1 1 1 1
          1 1 1 1 1 1
          1 1 1 1 1 1
          1 1 1 1 1 1
          1 1 1 1 1 1
          1 1 1 1 1 1
          1 1 1 1 1 1
          1 1 1 1 1 1
          1 1 1 1 1 1
          1 1 1 1 1 1
          1 1 1 1 1 1
          1 1 1 1 1 1
          1 1 1 1 1 1
          1 1 1 1 1 1
          1 1 1 1 1 1
          1 1 1 1 1 1
          1 1 1 1 1 1
          1 1 1 1 1 1
          1 1 1 1 1 1
          1 1 1 1 1 1
          1 1 1 1 1 1
          1 1 1 1 1 1
          1 1 1 1 1 1
          1 1 1 1 1 1
          1 1 1 1 1 1
          1 1 1 1 1 1
          1 1 1 1 1 1
          1 1 1 1 1 1
          1 1 1 1 1 1
          1 1 1 1 1 1
          1 1 1 1 1 1
          1 1 1 1 1 1
          1 1 1 1 1 1
          1 1 1 1 1 1
          1 1 1 1 1 1
          1 1 1 1 1 1
          1 1 1 1 1 1
          1 1 1 1 1 1
          1 1 1 1 1 1
          1 1 1 1 1 1
          1 1 1 1 1 1
          1 1 1 1 1 1
          1 1 1 1 1 1
          1 1 1 1 1 1
          1 1 1 1 1 1
          1 1 1 1 1 1
          1 1 1 1 1 1
          1 1 1 1 1 1
          1 1 1 1 1 1
          1 1 1 1 1 1
          1 1 1 1 1 1
          1 1 1 1 1 1
          1 1 1 1 1 1
          1 1 1 1 1 1
          1 1 1 1 1 1
          1 1 1 1 1 1
          1 1 1 1 1 1
          1 1 1 1 1 1
          1 1 1 1 1 1
          1 1 1 1 1 1
          1 1 1 1 1 1
          1 1 1 1 1 1
          1 1 1 1 1 1
          1 1 1 1 1 1
          1 1 1 1 1 1
          1 1 1 1 1 1
          1 1 1 1 1 1
          1 1 1 1 1 1
          1 1 1 1 1 1
          1 1 1 1 1 1
          1 1 1 1 1 1
          1 1 1 1 1 1
          1 1 1 1 1 1
          1 1 1 1 1 1
          1 1 1 1 1 1
          1 1 1 1 1 1
          1 1 1 1 1 1
          1 1 1 1 1 1
          1 1 1 1 1 1
          1 1 1 1 1 1
          1 1 1 1 1 1
          1 1 1 1 1 1
          1 1 1 1 1 1
          1 1 1 1 1 1
          1 1 1 1 1 1
          1 1 1 1 1 1
          1 1 1 1 1 1
          1 1 1 1 1 1
          1 1 1 1 1 1
          1 1 1 1 1 1
          1 1 1 1 1 1
          1 1 1 1 1 1
          1 1 1 1 1 1
          1 1 1 1 1 1
          1 1 1 1 1 1
          1 1 1 1 1 1
          1 1 1 1 1 1
          1 1 1 1 1 1
          1 1 1 1 1 1
          1 1 1 1 1 1
          1 1 1 1 1 1
          1 1 1 1 1 1
          1 1 1 1 1 1
          1 1 1 1 1 1
          1 1 1 1 1 1
          1 1 1 1 1 1
          1 1 1 1 1 1
          1 1 1 1 1 1
          1 1 1 1 1 1
          1 1 1 1 1 1
          1 1 1 1 1 1
          1 1 1 1 1 1
          1 1 1 1 1 1
          1 1 1 1 1 1
          1 1 1 1 1 1
          1 1 1 1 1 1
          1 1 1 1 1 1
          1 1 1 1 1 1
          1 1 1 1 1 1
          1 1 1 1 1 1
          1 1 1 1 1 1
          1 1 1 1 1 1
          1 1 1 1 1 1
          1 1 1 1 1 1
          1 1 1 1 1 1
          1 1 1 1 1 1
          1 1 1 1 1 1
          1 1 1 1 1 1
          1 1 1 1 1 1
          1 1 1 1 1 1
          1 1 1 1 1 1
          1 1 1 1 1 1
          1 1 1 1 1 1
          1 1 1 1 1 1
          1 1 1 1 1 1
          1 1 1 1 1 1
          1 1 1 1 1 1
          1 1 1 1 1 1
          1 1 1 1 1 1
          1 1 1 1 1 1
          1 1 1 1 1 1
          1 1 1 1 1 1
          1 1 1 1 1 1
          1 1 1 1 1 1
          1 1 1 1 1 1
          1 1 1 1 1 1
          1 1 1 1 1 1
          1 1 1 1 1 1
          1 1 1 1 1 1
          1 1 1 1 1 1
          1 1 1 1 1 1
          1 1 1 1 1 1
          1 1 1 1 1 1
          1 1 1 1 1 1
          1 1 1 1 1 1
          1 1 1 1 1 1
          1 1 1 1 1 1
          1 1 1 1 1 1
          1 1 1 1 1 1
          1 1 1 1 1 1
          1 1 1 1 1 1
          1 1 1 1 1 1
          1 1 1 1 1 1
          1 1 1 1 1 1
          1 1 1 1 1 1
          1 1 1 1 1 1
          1 1 1 1 1 1
          1 1 1 1 1 1
          1 1 1 1 1 1
          1 1 1 1 1 1
          1 1 1 1 1 1
          1 1 1 1 1 1
          1 1 1 1 1 1
          1 1 1 1 1 1
          1 1 1 1 1 1
          1 1 1 1 1 1
          1 1 1 1 1 1
          1 1 1 1 1 1
          1 1 1 1 1 1
          1 1 1 1 1 1
          1 1 1 1 1 1
          1 1 1 1 1 1
          1 1 1 1 1 1
          1 1 1 1 1 1
          1 1 1 1 1 1
          1 1 1 1 1 1
          1 1 1 1 1 1
          1 1 1 1 1 1
          1 1 1 1 1 1
          1 1 1 1 1 1
          1 1 1 1 1 1
          1 1 1 1 1 1
          1 1 1 1 1 1
          1 1 1 1 1 1
          1 1 1 1 1 1
          1 1 1 1 1 1
          1 1 1 1 1 1
          1 1 1 1 1 1
          1 1 1 1 1 1
          1 1 1 1 1 1
          1 1 1 1 1 1
          1 1 1 1 1 1
          1 1 1 1 1 1
          1 1 1 1 1 1
          1 1 1 1 1 1
          1 1 1 1 1 1
          1 1 1 1 1 1
          1 1 1 1 1 1
          1 1 1 1 1 1
          1 1 1 1 1 1
          1 1 1 1 1 1
          1 1 1 1 1 1
          1 1 1 1 1 1
          1 1 1 1 1 1
          1 1 1 1 1 1
          1 1 1 1 1 1
          1 1 1 1 1 1
          1 1 1 1 1 1
          1 1 1 1 1 1
          1 1 1 1 1 1
          1 1 1 1 1 1
          1 1 1 1 1 1
          1 1 1 1 1 1
          1 1 1 1 1 1
          1 1 1 1 1 1
          1 1 1 1 1 1
          1 1 1 1 1 1
          1 1 1 1 1 1
          1 1 1 1 1 1
          1 1 1 1 1 1
          1 1 1 1 1 1
          1 1 1 1 1 1
          1 1 1 1 1 1
          1 1 1 1 1 1
          1 1 1 1 1 1
          1 1 1 1 1 1
          1 1 1 1 1 1
          1 1 1 1 1 1
          1 1 1 1 1 1
          1 1 1 1 1 1
          1 1 1 1 1 1
          1 1 1 1 1 1
          1 1 1 1 1 1
          1 1 1 1 1 1
          1 1 1 1 1 1
          1 1 1 1 1 1
          1 1 1 1 1 1
          1 1 1 1 1 1
          1 1 1 1 1 1
          1 1 1 1 1 1
          1 1 1 1 1 1
          1 1 1 1 1 1
          1 1 1 1 1 1
          1 1 1 1 1 1
          1 1 1 1 1 1
          1 1 1 1 1 1
          1 1 1 1 1 1
          1 1 1 1 1 1
          1 1 1 1 1 1
          1 1 1 1 1 1
          1 1 1 1 1 1
          1 1 1 1 1 1
          1 1 1 1 1 1
          1 1 1 1 1 1
          1 1 1 1 1 1
          1 1 1 1 1 1
          1 1 1 1 1 1
          1 1 1 1 1 1
          1 1 1 1 1 1
          1 1 1 1 1 1
          1 1 1 1 1 1
          1 1 1 1 1 1
          1 1 1 1 1 1
          1 1 1 1 1 1
          1 1 1 1 1 1
          1 1 1 1 1 1
          1 1 1 1 1 1
          1 1 1 1 1 1
          1 1 1 1 1 1
          1 1 1 1 1 1
          1 1 1 1 1 1
          1 1 1 1 1 1
          1 1 1 1 1 1
          1 1 1 1 1 1
          1 1 1 1 1 1
          1 1 1 1 1 1
          1 1 1 1 1 1
          1 1 1 1 1 1
          1 1 1 1 1 1
          1 1 1 1 1 1
          1 1 1 1 1 1
          1 1 1 1 1 1
          1 1 1 1 1 1
          1 1 1 1 1 1
          1 1 1 1 1 1
          1 1 1 1 1 1
          1 1 1 1 1 1
          1 1 1 1 1 1
          1 1 1 1 1 1
          1 1 1 1 1 1
          1 1 1 1 1 1
          1 1 1 1 1 1
          1 1 1 1 1 1
          1 1 1 1 1 1
          1 1 1 1 1 1
          1 1 1 1 1 1
          1 1 1 1 1 1
          1 1 1 1 1 1
          1 1 1 1 1 1
          1 1 1 1 1 1
          1 1 1 1 1 1
          1 1 1 1 1 1
          1 1 1 1 1 1
          1 1 1 1 1 1
          1 1 1 1 1 1
          1 1 1 1 1 1
          1 1 1 1 1 1
          1 1 1 1 1 1
          1 1 1 1 1 1
          1 1 1 1 1 1
          1 1 1 1 1 1
          1 1 1 1 1 1
          1 1 1 1 1 1
          1 1 1 1 1 1
          1 1 1 1 1 1
          1 1 1 1 1 1
          1 1 1 1 1 1
          1 1 1 1 1 1
          1 1 1 1 1 1
          1 1 1 1 1 1
          1 1 1 1 1 1
          1 1 1 1 1 1
          1 1 1 1 1 1
          1 1 1 1 1 1
          1 1 1 1 1 1
          1 1 1 1 1 1
          1 1 1 1 1 1
          1 1 1 1 1 1
          1 1 1 1 1 1
          1 1 1 1 1 1
          1 1 1 1 1 1
          1 1 1 1 1 1
          1 1 1 1 1 1
          1 1 1 1 1 1
          1 1 1 1 1 1
          1 1 1 1 1 1
          1 1 1 1 1 1
          1 1 1 1 1 1
          1 1 1 1 1 1
          1 1 1 1 1 1
          1 1 1 1 1 1
          1 1 1 1 1 1
          1 1 1 1 1 1
          1 1 1 1 1 1
          1 1 1 1 1 1
          1 1 1 1 1 1
          1 1 1 1 1 1
          1 1 1 1 1 1
          1 1 1 1 1 1
          1 1 1 1 1 1
          1 1 1 1 1 1
          1 1 1 1 1 1
          1 1 1 1 1 1
          1 1 1 1 1 1
          1 1 1 1 1 1
          1 1 1 1 1 1
          1 1 1 1 1 1
          1 1 1 1 1 1
          1 1 1 1 1 1
          1 1 1 1 1 1
          1 1 1 1 1 1
          1 1 1 1 1 1
          1 1 1 1 1 1
          1 1 1 1 1 1
          1 1 1 1 1 1
        </DataArray>
      </Cells>
    </Piece>
  </UnstructuredGrid>
</VTKFile>
