<VTKFile type="UnstructuredGrid" version="0.1" byte_order="LittleEndian" header_type="UInt32" compressor="vtkZLibDataCompressor">
  <UnstructuredGrid>
    <Piece NumberOfPoints="2783" NumberOfCells="2782">
      <PointData>
        <DataArray type="Float32" Name="Scalar" format="ascii" RangeMin="0.6780765056610107" RangeMax="8.525307655334473">
          0.6780765 1.3195325 0.8788232 1.1421893 0.9289127 1.325922
          0.99567866 1.1956538 1.1086468 1.6475407 1.2976595 1.8609242
          1.2993214 1.7667668 1.300228 1.3081069 1.5444019 1.3285058
          1.8016474 1.4159163 1.7796143 1.4234194 1.4257951 2.0448058
          1.5221624 2.162851 1.5406499 2.2239833 1.576195 1.9761884
          1.6330485 1.9179567 1.6403698 1.6432098 1.7470495 1.653574
          1.9111853 1.665103 1.9421914 1.6715647 1.9924493 1.6989623
          1.7440846 1.7375976 1.7417257 1.8614047 1.7500297 2.0650094
          1.7605665 2.0190752 1.7632622 1.8551649 1.7676128 1.7760887
          2.8198342 1.7825907 1.9976943 1.8008729 2.106423 1.8084005
          1.8965126 1.8150873 2.2156568 1.8254197 1.8688189 1.9781153
          1.8735875 1.9573702 1.8842899 2.2824905 1.8882185 1.9547158
          1.8942459 1.8950127 2.2812588 1.9134676 1.8988359 2.1057396
          1.9074789 1.9087104 2.118041 1.9104705 2.127428 2.1945064
          2.0574644 1.9560745 2.1987834 2.0393481 1.9633045 2.0195076
          1.96931 1.9735621 2.1351383 1.9760666 2.1154814 2.2773154
          2.0515354 1.9952203 1.9956408 2.0069873 2.2312722 2.012956
          2.0157626 2.083363 2.097939 2.0299766 2.0610502 2.0371246
          2.1729648 2.3023825 2.0466533 2.0475736 2.0511253 2.0518405
          2.141104 2.1012573 2.0654967 2.0740783 2.0808594 2.1804357
          2.1477315 2.0934408 2.0958004 2.3757129 2.101982 2.105008
          2.2715282 2.2182477 2.1059182 2.1275885 2.109959 2.3077614
          2.1206026 2.3629436 2.251226 2.1464474 2.139815 2.3391247
          2.2396865 2.1424177 2.314613 2.1568391 2.1571605 2.1754491
          2.1784475 2.2915995 2.1792676 2.1793394 2.2691586 2.4092233
          2.1846755 2.3189704 2.187807 2.1889894 2.2376454 2.1904655
          2.523996 2.3031445 2.372559 2.208089 2.209399 2.4607182
          2.2107463 2.3066814 2.2144604 2.2152836 2.4213097 2.221451
          2.2215912 2.5490122 2.2231839 2.3144236 2.2243016 2.2796555
          2.225185 2.6395369 2.226591 2.427353 2.241553 2.2439003
          2.5261424 2.2447708 2.245303 2.5298638 2.2518318 2.2548556
          2.3172157 2.261237 2.2642126 2.5071537 2.2643135 2.3379505
          2.2677476 2.268086 2.404467 2.2711093 2.2858522 2.31563
          2.4473758 2.2782505 2.4257774 2.2802207 2.3818052 2.3830497
          2.3001895 2.2843192 2.5148296 2.429872 2.288332 2.2919652
          2.3260388 2.2958634 2.477137 2.3865955 2.3014286 2.400134
          2.3037236 2.6114159 2.3953638 2.3122191 2.312737 2.435008
          2.3870103 2.4551296 2.3172798 2.325206 2.4058871 2.3259923
          2.42932 2.3311288 2.392137 2.3322759 2.4426205 2.33456
          2.472343 2.340546 2.4317744 2.3438678 2.5692203 2.3485267
          2.5483623 2.3563886 2.3617232 2.4641824 2.362679 2.4076262
          2.3659492 2.3698466 2.3710754 2.4136693 2.374351 2.374479
          2.3958254 2.3932817 2.3796506 2.3807223 2.4290195 2.3824468
          2.6912286 2.3855815 2.3860507 2.3880246 2.5639656 2.392588
          2.4181917 2.3930607 2.407664 2.3943064 2.657757 2.400514
          2.4506798 2.402688 2.4035585 2.569082 2.6318781 2.4051392
          2.4355202 2.4082508 2.6256793 2.4777498 2.4161334 2.416495
          2.4177744 2.7542443 2.4403248 2.4208884 2.5255427 2.4841542
          2.5176346 2.4291623 2.837806 2.4485123 2.4333682 2.4365485
          2.5270567 2.4380012 2.5366378 2.438851 2.6380296 2.4764173
          2.448864 2.5432675 2.4815168 2.4511032 2.4534338 2.6595278
          2.4556313 2.4946797 2.4603922 2.461882 2.5510364 2.4628515
          2.4646113 2.7981074 2.470434 2.4746058 2.5367498 2.634495
          2.4822547 2.5708213 2.483403 2.907471 2.4834485 3.0969248
          2.4839787 2.6039581 2.48472 2.506963 2.485856 2.5123503
          2.486831 2.4884415 2.6718912 2.4898777 2.6104515 2.4903352
          2.642163 2.4920406 2.6924758 2.5299895 2.546469 2.5223653
          2.5426362 2.5243273 2.52464 2.7425983 2.524961 2.5730698
          2.5290458 2.5482922 2.5338058 2.6136618 2.5665808 2.5448685
          2.602301 2.687542 2.746763 2.5531216 2.5544271 2.5609431
          2.6103709 2.5649943 2.6911328 2.6135483 2.833818 2.8381236
          2.5778317 2.5785868 2.6419616 2.5943038 2.6970055 2.5945647
          2.6029556 3.178109 2.62234 2.6786666 2.8467672 2.613927
          2.7775354 2.61458 2.6800756 2.616077 2.7661028 2.618405
          2.648629 2.6265445 3.0464706 2.6271877 2.6343188 2.6639197
          2.6376257 2.6649039 2.7752368 2.638837 2.7732215 2.7781594
          2.640735 2.6414433 2.6770248 2.6468189 2.6969578 2.6536946
          2.7751446 2.7900696 2.6636992 2.7363641 2.6657352 2.666113
          2.71204 2.6665244 2.667466 3.081808 2.7245681 2.6749082
          3.632733 2.6758463 3.013619 2.7298057 2.6790757 2.6822312
          2.966518 2.6847367 2.827874 2.685596 2.7218604 2.689447
          2.6919763 2.865841 2.692864 2.7753258 2.6939502 2.7824395
          2.7546015 2.6999009 2.8278215 2.7014575 3.0078785 2.711427
          2.752904 2.7126598 2.7518682 2.7146 2.7212303 2.7413163
          2.736073 2.7242064 2.7538414 2.7268062 2.761549 2.7271934
          2.7298212 2.889842 2.8578913 2.7381537 2.8157194 2.7391129
          2.7405574 2.826239 2.7976086 2.744775 2.7582924 2.7465787
          2.7779245 2.7474444 2.7475398 2.8157241 2.749426 2.88162
          2.752938 2.7978666 2.8391762 2.760824 2.855054 2.7619097
          2.8390677 2.7625043 2.8493712 2.7894235 2.7670016 2.9838424
          2.767473 2.7892256 2.7680082 2.7699862 3.1884627 2.770427
          2.7724233 2.8450499 2.773838 2.9970636 2.9188929 2.8336358
          2.8963277 2.7804723 2.9608 2.781117 2.9564698 2.7836235
          2.8069203 2.7838168 2.7845325 2.977823 2.7861884 3.1596682
          2.8270285 2.8236356 2.790363 2.7905772 2.7924569 3.161186
          2.793471 2.79576 3.0092316 2.7976239 2.8330836 2.8022265
          2.8466249 2.8051443 2.8063557 2.8496535 2.8064432 2.839948
          2.8083224 2.8325644 2.8157194 3.0418112 2.8161037 2.8880868
          2.8168283 2.8423324 2.9313233 2.8198774 3.170694 2.8205698
          2.8916752 2.8210793 2.8219604 2.8614583 2.822422 3.458075
          2.8232825 2.8251884 2.8270943 3.1292892 2.9156935 2.8284247
          2.830566 3.063489 2.9009283 2.8330204 3.415875 2.8441007
          2.834516 2.836891 2.876487 3.20458 2.9603565 2.8395698
          2.8413694 2.9927456 2.8430138 2.9208066 2.844247 2.8549347
          2.844912 2.8732884 2.8461714 2.846377 3.0079536 2.8494325
          2.9706402 2.8521676 3.3298063 2.8535573 3.3924427 2.8636954
          2.8560796 2.899929 2.8613238 2.945439 2.8624718 2.897349
          2.8644073 3.1441903 2.869412 2.8830476 2.870914 3.2126148
          2.8729506 2.8765495 2.9261854 2.9131906 2.883456 2.8840861
          2.8845375 3.3181214 2.8859844 2.9907095 2.8869872 2.8885481
          3.0956807 3.112973 2.9913 2.895293 2.9715002 2.8955097
          2.974202 2.8985648 2.9365447 2.9017794 2.9912083 3.039396
          2.907493 2.964014 2.9084768 3.0403209 2.9110742 2.992505
          2.9121532 2.9124634 3.0074534 3.0088046 2.9873023 2.9197404
          2.921257 2.9228122 2.9784296 2.923336 3.00442 2.9254124
          2.9514468 2.9260497 2.9272218 2.93104 3.2466655 2.938453
          2.9386888 3.214019 2.9408703 3.2152817 3.1246054 2.9457862
          2.9470637 3.119306 2.947235 2.950076 3.1490507 2.9532864
          3.0043087 2.959072 3.2376928 2.960141 3.0398211 3.0253906
          2.9610305 3.126724 2.962573 3.011989 2.9656966 3.5054636
          2.9659069 3.0386162 2.9660473 3.0109344 2.9694295 2.9701614
          2.971114 2.971646 3.0323913 2.9733274 3.0464346 2.9834836
          3.0509496 3.0511045 2.9873059 3.311077 2.9873707 3.0643966
          2.98838 2.9996238 3.0247319 3.0157979 2.993284 3.0672112
          2.9965243 2.9969811 3.1327307 3.0530484 3.000094 3.0025773
          3.029648 3.0033126 3.003804 3.332408 3.0573475 3.0044484
          4.3055396 3.005032 3.1171038 3.0843399 3.008218 3.0586982
          3.0122113 3.242182 3.0140812 3.2261863 3.0140884 3.0335717
          3.0185125 3.0425277 3.0202763 3.0422192 3.020414 3.467373
          3.0221274 3.1180837 3.0221481 3.0338151 3.0230188 3.1762888
          3.0449033 3.0248518 3.0257926 3.0462105 3.0281484 3.0312006
          3.3211467 3.031809 3.3022542 3.033147 3.47019 3.0334234
          3.1290376 3.0470984 3.0417848 3.0342162 3.0465856 3.0943608
          3.0393283 3.0838358 3.0398474 3.218749 3.1396055 3.045445
          3.2392118 3.0750442 3.0511835 3.1558712 3.0512211 3.0810876
          3.0520165 3.1157296 3.056421 3.2054222 3.0569184 3.0593598
          3.1218412 3.059456 3.4759307 3.0602005 3.0626912 3.1238358
          3.135888 3.2154627 3.081228 3.0695794 3.0727375 3.073592
          3.0765004 3.1557937 3.0767906 3.1981363 3.0767987 3.0777588
          3.1226695 3.123723 3.0813522 3.1207943 3.081726 3.1421914
          3.0819356 3.0829093 3.140018 3.0983415 3.0904372 3.0920599
          3.2356856 3.0921023 3.1269853 3.092584 3.0935836 3.237858
          3.3420286 3.101723 3.3251095 3.1033382 3.1679084 3.1058848
          3.109885 3.12467 3.110158 3.2359319 3.1107633 3.1594694
          3.1133988 3.2983465 3.1144745 3.2695212 3.1147864 3.415082
          3.11487 3.236179 3.1163728 3.1190948 3.4779377 3.1211207
          3.3072674 3.1341686 3.1253333 3.2915826 3.125898 3.1443717
          3.1259396 3.126243 3.183081 3.1281185 3.3289487 3.1295896
          3.2073312 3.1296945 3.1301384 3.1304457 3.1868386 3.1340475
          3.1344635 3.179529 3.1369522 3.1442027 3.1386192 3.3991725
          3.1391544 3.196392 3.139302 3.1393626 3.1667004 3.139388
          3.1402745 3.2466254 3.1429796 3.1576507 3.1789114 3.1443777
          3.1460772 3.2334712 3.1528306 3.155289 3.2356465 3.2198136
          3.3015683 3.1567383 3.1770186 3.1577985 3.358361 3.1581416
          3.3346329 3.1584373 3.3541934 3.1591806 3.1597373 3.2805276
          3.1598437 3.2544146 3.2015908 3.1624956 3.1646757 3.234218
          3.1667733 3.218289 3.1670034 3.1675866 3.216871 3.2648206
          3.1756861 3.2132878 3.1836677 3.1783774 3.2402277 3.1797252
          3.1806967 3.2231114 3.1848073 3.2389297 3.1885047 3.1925273
          3.3753376 3.1935427 3.516013 3.1951396 3.1953669 3.3245184
          3.213442 3.1965556 3.3354318 3.1976454 3.1979637 3.1999717
          3.2289944 3.2005332 3.2008061 3.2401567 3.201328 3.2463007
          3.2637086 3.202004 3.3341224 3.2027254 3.3468363 3.2049434
          3.3517103 3.2056215 3.2667065 3.2094557 3.232334 3.2486718
          3.2126188 3.3807518 3.2140388 3.2148519 3.3168352 3.215546
          3.264857 3.2160592 3.21613 3.2666554 3.2470522 3.2168934
          3.217151 3.4673698 3.3065357 3.2217681 3.224132 3.299039
          3.2990391 3.2304685 3.2513633 3.230935 3.301699 3.2316287
          3.267009 3.2339633 3.234901 3.3051543 3.2357895 3.3266413
          3.3136504 3.2761757 3.306083 3.2410629 3.3321939 3.288122
          3.2426543 3.2951348 3.24338 3.2702625 3.28952 3.2499428
          3.4267945 3.2478216 3.2510762 3.2526457 3.417912 3.3116908
          3.2549841 3.4398236 3.2563891 3.2866397 3.2573864 3.2846289
          3.2605321 3.3261893 3.3311818 3.2651372 3.2974207 3.2660935
          3.2768495 3.266176 3.4305718 3.2963653 3.2667167 3.279654
          3.2727554 3.267316 3.2676306 3.2678056 3.2691045 3.3757722
          3.3541174 3.272699 3.2854116 3.272865 3.580373 3.2739565
          3.3092504 3.274306 3.3151374 3.2757971 3.7057753 3.343064
          3.2790573 3.2793097 3.279401 3.2797506 3.4734583 3.280136
          3.3397183 3.2809076 3.346499 3.2823627 3.4128034 3.2824974
          3.3373477 3.2837377 3.3123202 3.2847803 3.3082907 3.2848015
          3.5200417 3.288812 3.3839219 3.291567 3.298926 3.3908224
          3.2937784 3.2939384 3.2961476 3.357577 3.2967567 3.5390542
          3.2976837 3.4744253 3.2988706 3.3561294 3.3178818 3.3551311
          3.3065438 3.4260497 3.3081286 3.3968587 3.3086185 3.3189926
          3.3103166 3.3103843 3.377445 3.6890635 3.3112676 3.431574
          3.3136709 3.3443162 3.3187227 3.3814335 3.3219144 3.3190336
          3.3190598 3.3191788 4.430757 3.3205838 3.321326 3.3225281
          3.3343475 3.3235173 3.3306692 3.3262827 3.3274696 3.390956
          3.327543 3.6102176 3.358426 3.3320463 3.5923712 3.346918
          3.3435817 3.334792 3.374565 3.3377929 3.3384304 3.3387544
          3.4497206 3.3429623 3.5552583 3.4074435 3.3435476 3.395015
          3.345469 3.345913 3.3459249 3.708536 3.3490534 3.3487072
          3.4046588 3.3668625 3.3505151 3.350535 3.3538866 3.42883
          3.3540754 3.3552392 3.377307 3.4671445 3.3572578 3.4130125
          3.3574402 3.4738224 3.3583527 3.394388 3.3603957 3.4240522
          3.3605635 3.3605986 3.3612425 3.4587564 3.3639288 3.3644178
          3.3678935 3.5277429 3.3727279 3.4982386 3.3742616 3.8215625
          3.3753827 3.6177957 3.375497 3.5579474 3.4069967 3.3785925
          3.4758792 3.3793342 3.4283152 3.3806336 3.4128249 3.3812773
          3.4508443 3.5522673 3.383716 3.4720526 3.486938 3.3850775
          3.3856165 3.4243963 3.386262 3.525025 3.3864543 3.386925
          3.3885496 3.3898644 3.449291 3.4052887 3.3925922 3.4170375
          3.3931453 3.3936007 3.5103505 3.4081075 3.394783 3.4139016
          3.4046273 3.3960276 3.4372826 3.3966086 3.4404984 3.3966658
          3.4912524 3.3974576 3.400015 3.4009726 3.7290037 3.402744
          3.4724317 3.4196522 3.4055948 3.6596231 3.4056096 3.406033
          3.411265 3.4064782 3.418021 3.4513912 3.4098415 3.4751348
          3.4118953 3.5473568 3.4125144 3.4126365 3.5586534 3.42364
          3.4132535 3.4574852 3.4540565 3.4988234 3.4170568 3.4178865
          3.4180436 3.4180017 3.4474473 3.4185472 3.4438336 3.4191859
          3.725556 3.4199557 3.5239356 3.422131 3.4871066 3.4563878
          3.4335334 3.4714346 3.4615145 3.4280043 3.5159478 3.428409
          3.563271 3.4624186 3.429917 3.466679 3.4355068 3.4488802
          3.4376974 3.4385984 3.4387846 3.466218 3.561216 3.443527
          3.6247065 3.443922 3.46298 3.6032526 3.4477103 3.5140705
          3.44954 3.4549167 3.458989 3.457606 3.4598806 3.4987423
          3.4647872 3.4754424 3.4648798 3.5115488 3.5466948 3.4680402
          3.5110326 3.4695928 3.5567589 3.4697814 3.4802103 3.469945
          3.5391443 3.5843568 3.4975698 3.4714808 3.536803 3.4719608
          3.5777206 3.4722998 3.472336 3.4727662 3.646625 3.4741306
          3.5477867 3.6198602 3.475616 3.5606396 3.717152 3.4806886
          3.5141811 3.4816623 3.5060549 3.4823496 3.5294793 3.4828975
          3.4967253 3.4831583 3.6255398 3.4850314 3.5547693 3.4876966
          3.4901354 3.5429237 3.490223 3.5880365 3.528862 3.5197222
          3.50211 3.502444 3.5040972 3.7116094 3.5086687 3.5512416
          3.5089843 3.5766363 3.5096319 3.519384 3.5098937 3.5805717
          3.5203042 3.5115535 3.5384414 3.5138526 3.5142756 3.5157661
          3.5171838 3.519404 3.8355968 3.5197155 3.557077 3.5205708
          3.5201375 3.544712 3.521403 3.5573118 3.5239873 3.71783
          3.5243757 3.5475407 3.543946 3.5270705 3.785059 3.5291138
          3.5308251 3.5954406 3.531409 3.5314152 3.6559582 3.5316381
          4.5060062 3.5328047 3.5350533 3.5352857 3.6288674 3.537422
          3.5793219 3.5396318 3.5829153 3.6071138 3.5456362 3.694127
          3.557551 3.5475607 3.5479047 3.5741522 3.5497134 3.6013381
          3.5504665 3.5515883 3.5544667 3.6189125 3.5550864 3.6069689
          3.5977018 3.556376 3.5987568 3.5756855 3.8773458 3.6168258
          3.5632188 3.691333 3.5682094 3.5723934 3.5736248 3.7225811
          3.5745275 3.5771608 3.6316078 3.5863938 3.6166048 3.580165
          3.5889852 3.5811985 3.7338958 3.7495317 3.5841072 3.701386
          3.5853496 3.5856931 3.6063766 3.5871978 3.703892 3.588448
          3.6583848 3.58906 3.7162411 3.5905175 3.5921082 3.8722854
          3.641927 3.5927887 3.6371918 3.5937355 3.5959253 3.6157274
          3.5960658 3.6067467 3.5982437 3.696332 3.5984826 3.6280751
          3.6519094 3.5989347 3.6621215 3.6029336 3.6694336 3.6114757
          3.604018 3.608847 4.144122 3.6297536 3.609865 3.6099446
          3.9509306 3.6722975 3.6249518 3.6119294 3.612467 3.8296359
          3.6126623 3.677917 3.6148903 3.8268292 3.6193209 3.620782
          3.683772 3.6244247 3.624464 3.6926997 3.7392776 3.6617196
          3.6333663 3.6648471 3.6337285 3.727739 3.6339996 3.6702552
          3.6456501 4.0542397 3.6834056 3.6496391 3.6928122 3.6499424
          3.73821 3.6508942 3.7913027 3.6677895 3.6531978 3.6900048
          3.6537008 3.7049227 3.658923 3.6601844 3.6948922 3.6603239
          3.7557893 3.6605356 3.6626763 3.6645894 3.6726234 3.6651258
          3.6668994 3.9676898 3.667417 3.6687677 3.856889 3.6706247
          3.7534728 3.6745012 3.801707 4.1434064 3.677999 3.8493202
          3.6789439 3.7978072 3.6792738 4.013858 3.679414 3.6959903
          3.6831636 3.9380257 3.6833494 3.7094986 3.6867795 3.8356106
          3.6877856 3.9655414 3.7009752 3.689492 4.05254 3.690539
          3.805868 3.691149 3.9685447 3.7868724 3.692107 3.7812483
          3.6950781 3.6947258 3.7223818 3.6988707 3.7500138 3.6989179
          3.7004836 3.7600255 3.7016296 3.8366253 3.7023704 3.7401671
          3.7026777 3.7297266 3.7078547 3.7489676 3.7132592 3.7444503
          3.714193 3.9808033 3.7217462 3.898515 3.7265306 3.77615
          3.790328 3.728798 3.7583811 3.7294977 3.7640088 3.7294998
          3.739502 3.730154 4.4524727 3.7319634 4.903997 3.7326458
          3.7327106 3.8279548 3.7334788 3.7690442 3.7339597 3.8541594
          3.7353086 3.7683065 3.8546383 3.7386043 3.7705715 3.745955
          3.7938187 3.7500486 3.790185 3.7513719 3.8428457 3.7514322
          4.2587333 3.756132 3.9007635 3.756419 4.072854 3.7573028
          3.8714585 3.857104 3.7656012 3.8756435 3.7702582 4.3089066
          3.7728238 3.8215897 3.7808332 3.8903403 3.7840843 4.0324287
          3.7843802 3.998228 3.7879534 4.19333 3.78838 3.8886936
          4.0264206 3.867983 3.7930923 3.8079128 3.793596 3.8381186
          3.793623 3.794969 3.9706151 3.7954192 3.8035126 3.8020844
          3.8167124 3.8026283 3.9026196 3.8027918 3.8580613 3.8047273
          3.8089051 3.8048954 3.8481612 3.8059416 3.8078587 3.809018
          3.8107386 3.8911664 3.8131557 4.0331483 3.8143792 3.870225
          3.816846 3.9011385 3.817023 3.8184717 3.949 3.8195646
          3.8236349 3.824883 3.894711 3.8251173 3.8512774 3.827541
          4.1341505 3.8277721 3.9776583 3.8284025 3.8287137 3.926391
          3.8329082 3.8692799 3.8340309 3.8502138 3.9201047 3.842087
          3.8421752 3.9684944 3.8448045 3.8482673 3.8777192 3.8495212
          3.8705673 3.9049883 3.8529167 3.9701471 3.9070013 3.8561673
          3.8618999 3.8709254 3.8586066 3.8589277 3.865407 3.8606527
          3.993453 3.8693182 3.9293454 3.8712854 3.9045715 4.134039
          3.8775077 3.9046848 3.8777673 4.002207 3.8786514 3.8807502
          3.882325 4.455862 3.8925152 4.099177 3.8987694 4.02213
          3.9016988 3.9465902 3.9193828 3.902911 3.9650166 3.9036207
          3.9039884 3.952559 4.0417485 3.9661942 3.9051137 3.9244573
          3.9175649 3.9124434 3.9984717 3.912599 4.0732007 3.917248
          3.919243 4.0344443 3.931387 3.922395 4.708788 3.9229357
          4.0036445 3.9235961 3.924129 3.9578826 3.9243472 4.1436334
          3.9243522 4.025602 3.925907 4.1050687 3.9261138 4.6302147
          3.927045 4.158457 3.9282308 3.928977 3.9337964 4.110916
          3.936883 3.9663782 3.9373302 3.9380243 4.068108 4.0634985
          3.9418406 4.215501 3.9439604 3.9478502 4.062254 3.9486244
          4.009112 4.1725354 3.950905 4.0312605 3.951823 4.0693383
          3.9587412 4.115237 3.9632123 3.9651618 4.022746 3.992721
          3.9666605 4.0776496 3.9673493 4.0099077 4.158091 3.967832
          3.968337 4.0666504 4.033184 3.9803407 3.9702823 4.1932607
          3.9703724 3.9940498 3.9710197 3.9727771 3.9729846 3.9736376
          4.0295486 3.9768422 4.0695214 4.0441313 3.9789646 3.9791634
          4.0635967 3.9796946 4.3211107 3.9818888 4.046734 3.983401
          4.0115933 3.9835541 3.9916003 4.060525 4.05658 3.9932678
          4.00182 3.9933832 3.9948423 4.110325 3.997757 3.998423
          4.1239033 4.105162 4.0963116 4.004015 4.0238795 4.0071716
          4.048381 4.0105495 4.0595407 4.016925 4.013519 4.070891
          4.016473 4.01801 4.019164 4.077848 4.0194635 4.082914
          4.0277658 4.2148166 4.027912 4.1322784 4.0318327 4.2427106
          4.06436 4.032701 4.032955 4.180652 4.114424 4.036172
          4.0773053 4.036473 4.0376563 4.0377197 4.073426 4.0401263
          4.0590515 4.1839094 4.043512 4.0483885 4.0486703 4.070076
          4.0487556 4.103404 4.0501876 4.1392055 4.0503273 4.146501
          4.0518374 4.0926995 4.067224 4.0530357 4.05335 4.133045
          4.0547695 4.057975 4.0929055 4.059481 4.311916 4.059844
          4.060659 4.061884 4.062768 4.2122946 4.177704 4.064321
          4.0867877 4.065544 4.0678716 4.2694273 4.070004 4.096047
          4.0702004 4.257326 4.0702543 4.070575 4.076748 4.0706935
          4.1557508 4.1219254 4.0743074 4.0773745 4.3691564 4.0778327
          4.2249026 4.077834 4.1227217 4.078067 4.0945086 4.0792236
          4.097131 4.0804086 4.2195215 4.0815454 4.1062164 4.0817466
          4.084563 4.1142187 4.0849485 4.30849 4.2128415 4.0899916
          4.116559 4.0925655 4.1389585 4.0928507 4.294352 4.0933156
          4.1223745 4.0938177 4.1896405 4.0940604 4.0944953 4.483298
          4.2701106 4.0945992 4.0948153 4.099464 4.1645174 4.127504
          4.104524 4.1311507 4.1534925 4.1052775 4.106349 4.1199393
          4.1439977 4.1111455 4.205323 4.2088246 4.1144075 4.443967
          4.224779 4.115372 4.195963 4.116729 4.117962 4.1893578
          4.1183376 4.1186643 4.2771273 4.1196527 4.170594 4.1299133
          4.4892406 4.1311913 4.221682 4.1359653 4.1330204 4.184249
          4.2096896 4.1364684 4.4604297 4.4341493 4.13906 4.1521487
          4.140783 4.147332 4.1956563 4.1478057 4.155833 4.148922
          4.199595 4.1522684 4.152553 4.380054 4.1552186 4.266884
          4.1554995 4.2121735 4.179507 4.401868 4.1589265 4.2899604
          4.1594963 4.162519 4.1635203 4.375241 4.219664 4.165214
          4.259828 4.165315 4.2787204 4.1673265 4.212026 4.1682606
          4.1695642 4.1695685 4.270497 4.17924 4.1717067 4.234997
          4.1741896 4.200922 4.1748343 4.2204113 4.177046 4.257668
          4.1771693 4.25114 4.179777 4.2572317 4.2472706 4.180874
          4.181204 4.1815825 4.235129 4.185055 4.26695 4.225827
          4.1920724 4.3472524 4.463721 4.1956015 4.3008657 4.4814878
          4.197203 4.3852 4.197767 4.249573 4.2001343 4.3336673
          4.2026787 4.218477 4.204525 4.310135 4.205706 4.3999305
          4.21439 4.209339 4.336865 4.21195 4.212207 4.236715
          4.212611 4.246857 4.2128725 4.312157 4.214241 4.371021
          4.2752166 4.2810926 4.2818656 4.215712 4.380833 4.2178006
          4.2451043 4.2453127 4.3112025 4.2217507 4.2426767 4.2276483
          4.2268887 4.229358 4.2484646 4.2303863 4.275983 4.3542323
          4.236189 4.3066916 4.2376695 4.3170476 4.238708 4.258505
          4.240837 4.2416515 4.244231 4.326512 4.2499313 4.356922
          4.2541876 4.256385 4.381213 4.256586 4.3301177 4.3901734
          4.2601514 4.296096 4.26035 4.3797455 4.260602 4.2621336
          4.290856 4.262623 4.2663236 4.277427 4.274235 4.2759614
          4.467547 4.2764993 4.4475546 4.2771516 4.2821784 4.279398
          4.2810664 4.312506 4.526142 4.281207 4.305222 4.400389
          4.283603 4.3358493 4.286048 4.3771276 4.28741 4.468732
          4.3597407 4.292351 4.292823 4.3001175 4.2942543 4.4595714
          4.320367 4.2958245 4.2958536 4.3442483 4.296654 4.3618355
          4.2981176 4.4413424 4.3005166 4.3326 4.464869 4.3024406
          4.306709 4.337259 4.309898 4.4299526 4.3196225 4.5048933
          4.320337 4.437008 4.320842 4.321949 4.693862 4.330469
          4.4606743 4.496596 4.33402 4.3770566 4.336457 4.4574027
          4.3372126 4.405231 4.3401594 4.363567 4.3521986 4.34633
          4.524515 4.3500648 4.4748254 4.3983536 4.3548026 4.355883
          4.3576565 4.387752 4.3592563 4.5994678 4.3669534 4.42875
          4.368348 4.7748785 4.48623 4.406359 4.381238 5.069607
          4.3821793 4.7444334 4.3826795 4.3850408 4.41809 4.3868256
          4.3938613 4.4115005 4.3950047 4.4976983 4.395233 4.3988624
          4.448913 4.4002013 4.4530168 4.428559 4.4293 4.411213
          4.5644736 4.4115863 4.4144716 4.414555 4.662034 4.415318
          4.4759517 4.415959 4.42961 4.4278717 4.425688 4.425822
          4.441401 4.426423 4.4274607 4.6147575 4.4286666 4.626891
          4.429291 4.5058255 4.438641 4.445711 4.4528575 4.5951505
          4.465 4.4543962 4.6299376 4.4568787 4.467633 4.6017356
          4.533742 4.4605803 4.4606237 4.5232415 4.462158 4.4972787
          4.4645195 4.479371 4.465489 4.467435 4.5073094 4.468923
          4.49491 4.4795303 4.519313 4.5040803 4.4823914 4.5231743
          4.742563 4.493594 4.4968653 4.6282496 4.4973197 4.508734
          4.501387 4.497739 4.598039 4.499571 4.5017023 4.6539164
          4.502339 4.92646 4.5049376 4.7548227 4.6801124 4.5098524
          4.5437 4.5167646 4.732096 4.517683 4.632437 4.5198236
          4.520468 4.6027646 4.59353 4.5292 4.578479 4.530561
          4.69375 4.5315843 4.610334 4.5339026 4.9322352 4.534172
          4.544075 4.547636 4.552335 4.5553746 4.570045 4.5593543
          4.575971 4.5619245 4.9855447 4.563133 4.6778383 4.5646105
          4.70014 4.565122 4.5937 4.568072 4.6036525 4.5702252
          4.622094 4.5752635 4.581733 4.773487 4.5836883 4.587958
          4.7835965 4.597854 4.635941 4.599855 4.6834884 4.624498
          4.6096244 4.6171474 4.6098495 4.7581735 4.7551355 4.6195984
          4.620248 4.6674323 4.6498566 4.6257935 4.686124 4.628285
          4.7544866 4.637503 4.6567736 4.6478763 4.693204 4.6645017
          4.669504 4.6703463 4.688819 4.7015753 4.6929994 4.723696
          4.754308 4.8068733 4.8246436 4.7123675 4.8021665 4.7204943
          4.806687 4.7210665 4.724512 4.724466 4.776503 4.72738
          4.75875 4.7335343 4.7442846 4.7339063 4.7561326 4.7394032
          4.7567205 4.743749 4.7577257 4.923846 4.755073 4.991198
          4.772923 4.762302 4.7631936 4.774553 4.765482 4.7831903
          4.766985 4.7691493 4.775018 4.809784 4.8001523 4.784671
          4.7869782 4.8779993 4.7885885 5.1150045 4.8100657 4.915602
          4.8153367 4.901946 4.8153644 4.97527 4.8209934 4.8302126
          4.8242383 4.906289 4.8256497 4.8861284 4.8278537 4.8943563
          4.854705 4.8825645 4.8550677 4.8581014 5.1213617 4.8657336
          4.958746 4.8680024 4.9043083 4.8697886 5.040367 4.8699017
          5.090617 4.8809576 4.947144 4.8852773 4.9569035 4.88771
          4.9262705 4.8904324 4.906707 4.8939567 4.9180083 4.903233
          4.8983173 4.898706 4.903531 5.0901217 4.9944253 4.906044
          4.9825516 4.907288 4.9079823 4.9599 4.9082985 4.918581
          4.913915 4.971848 4.921648 5.037772 4.938229 5.0128055
          4.9458923 4.9472756 4.9483438 4.968307 4.948689 4.9614277
          4.9523277 4.991873 4.9528766 5.0265183 4.9591107 5.048838
          4.960896 5.035693 4.9676104 4.9779296 4.9864564 4.9693875
          5.0350647 4.9715357 5.2301393 5.0163608 4.9780583 4.980132
          5.024906 4.9820366 5.005789 4.9864125 5.1628385 4.9932866
          4.996318 5.1567397 5.001194 5.017409 5.008171 5.1560216
          5.0088754 5.0875087 5.009209 5.087924 5.014478 5.0336995
          5.017892 5.0827518 5.0179586 5.055027 5.0195613 5.0347815
          5.019775 5.1352935 5.064929 5.0308337 5.1540756 5.0319057
          5.059787 5.0347457 5.051756 5.154524 5.0437527 5.122366
          5.0491767 5.1516695 5.0640883 5.0852814 5.0658484 5.181906
          5.0671835 5.2134314 5.0712395 5.0823355 5.308889 5.085356
          5.1009393 5.0903387 5.1193624 5.088496 5.089874 5.2899146
          5.0960054 5.2057104 5.1203938 5.1078753 5.1205688 5.1081185
          5.2031302 5.1082172 5.108523 5.141403 5.173529 5.1178355
          5.1181903 5.1678104 5.1950393 5.1224275 5.184747 5.1312904
          5.149466 5.132908 5.1346292 5.134983 5.3507705 5.1397486
          5.1582317 5.230374 5.168449 5.2094374 5.1685343 5.3002825
          5.2477355 5.1828957 5.1914277 5.188021 5.3204474 5.190104
          5.2016735 5.2606354 5.204818 5.4384894 5.2071705 5.2244334
          5.269216 5.261054 5.3885393 5.266442 5.2882886 5.268633
          5.272363 5.3647075 5.276543 5.434306 5.2907186 5.5613756
          5.2929626 5.326831 5.2963004 5.3631635 5.2966094 5.326252
          5.324238 5.318554 5.319569 5.673479 5.344655 5.335178
          5.5090675 5.341398 5.341831 5.5096354 5.347224 5.514385
          5.3547373 5.384755 5.361354 5.398052 5.3641844 5.378039
          5.3684044 5.389501 5.6034174 5.396559 5.40303 5.4132447
          5.4047923 5.4265037 5.60601 5.4497004 5.4459734 5.602787
          5.450562 5.548913 5.453032 5.478643 5.509812 5.487321
          5.5270615 5.508229 5.652098 5.515571 5.5510445 5.532672
          5.688632 5.5341253 5.8933506 5.539796 5.5470448 5.579096
          5.5544863 5.67714 5.555597 5.608378 5.6321597 5.603471
          5.709754 5.610784 5.6854296 5.6112366 5.6666546 5.628759
          5.6554866 5.6579576 5.7043 5.7702994 5.682928 5.7285833
          5.7035856 5.7996607 5.724843 5.759963 5.7269254 5.7305255
          5.843129 5.7361856 6.133691 5.760954 6.00908 5.767284
          6.0323157 5.962683 5.8039336 5.886156 5.8065724 5.8230596
          5.862894 5.8253126 5.915781 5.826857 6.2137027 5.855382
          5.8630357 5.859438 5.87014 5.9108663 5.9505625 5.9526715
          5.974882 5.978534 6.0267906 5.9791665 6.0463095 5.9886336
          6.1422915 6.0045004 6.1688304 6.025394 6.0360236 6.0325623
          6.3072243 6.0350523 6.0686994 6.059992 6.1224103 6.0600576
          6.276657 6.0667706 6.0776434 6.0711193 6.075028 6.0911827
          6.141412 6.092226 6.3374314 6.0979195 6.1232886 6.1185865
          6.214866 6.119186 6.1317964 6.26063 6.1389875 6.208026
          6.1624036 6.2565165 6.165803 6.266653 6.25169 6.193433
          6.2922993 6.204101 6.2132173 6.246477 6.2279415 6.3035603
          6.2581444 6.272932 6.3465605 6.283622 6.3741336 6.350057
          6.3942904 6.3286977 6.6379843 6.342789 6.427908 6.6882763
          6.3468027 6.557754 6.3853283 6.391762 6.523547 6.4174714
          6.5240574 6.431529 7.166974 6.433042 6.520237 6.4507666
          6.557598 6.4831815 6.5247965 6.4839225 6.543669 6.485576
          6.724578 6.48941 6.9013944 6.506459 6.6907997 6.517884
          6.519007 6.5445337 6.5417047 6.616133 6.549706 6.578229
          6.5803647 6.5591693 6.5956783 6.562609 6.578865 6.635144
          6.6436725 7.200733 6.656839 7.2443852 6.688228 6.8635416
          6.691315 6.8389034 6.7689013 6.728794 6.906253 6.7288237
          6.805768 6.764383 6.8026834 6.8226027 6.8189483 6.838579
          6.8607783 6.839509 7.048876 6.8533716 6.856821 7.000878
          6.921878 6.8901467 6.8905854 7.019955 6.923511 7.067465
          6.951076 7.035162 6.9595113 7.059645 6.996562 7.056021
          7.132864 7.180303 7.0762377 7.1439013 7.088059 7.1826425
          7.1288404 7.4075813 7.21336 7.196447 7.325828 7.2866335
          7.3242874 7.5293436 7.4405875 7.435393 7.4672017 7.5777583
          7.5684695 7.560631 7.746396 7.7346587 8.525308
        </DataArray>
        <DataArray type="UInt8" Name="ttkMaskScalarField" format="ascii" RangeMin="0" RangeMax="0">
          0 0 0 0 0 0
          0 0 0 0 0 0
          0 0 0 0 0 0
          0 0 0 0 0 0
          0 0 0 0 0 0
          0 0 0 0 0 0
          0 0 0 0 0 0
          0 0 0 0 0 0
          0 0 0 0 0 0
          0 0 0 0 0 0
          0 0 0 0 0 0
          0 0 0 0 0 0
          0 0 0 0 0 0
          0 0 0 0 0 0
          0 0 0 0 0 0
          0 0 0 0 0 0
          0 0 0 0 0 0
          0 0 0 0 0 0
          0 0 0 0 0 0
          0 0 0 0 0 0
          0 0 0 0 0 0
          0 0 0 0 0 0
          0 0 0 0 0 0
          0 0 0 0 0 0
          0 0 0 0 0 0
          0 0 0 0 0 0
          0 0 0 0 0 0
          0 0 0 0 0 0
          0 0 0 0 0 0
          0 0 0 0 0 0
          0 0 0 0 0 0
          0 0 0 0 0 0
          0 0 0 0 0 0
          0 0 0 0 0 0
          0 0 0 0 0 0
          0 0 0 0 0 0
          0 0 0 0 0 0
          0 0 0 0 0 0
          0 0 0 0 0 0
          0 0 0 0 0 0
          0 0 0 0 0 0
          0 0 0 0 0 0
          0 0 0 0 0 0
          0 0 0 0 0 0
          0 0 0 0 0 0
          0 0 0 0 0 0
          0 0 0 0 0 0
          0 0 0 0 0 0
          0 0 0 0 0 0
          0 0 0 0 0 0
          0 0 0 0 0 0
          0 0 0 0 0 0
          0 0 0 0 0 0
          0 0 0 0 0 0
          0 0 0 0 0 0
          0 0 0 0 0 0
          0 0 0 0 0 0
          0 0 0 0 0 0
          0 0 0 0 0 0
          0 0 0 0 0 0
          0 0 0 0 0 0
          0 0 0 0 0 0
          0 0 0 0 0 0
          0 0 0 0 0 0
          0 0 0 0 0 0
          0 0 0 0 0 0
          0 0 0 0 0 0
          0 0 0 0 0 0
          0 0 0 0 0 0
          0 0 0 0 0 0
          0 0 0 0 0 0
          0 0 0 0 0 0
          0 0 0 0 0 0
          0 0 0 0 0 0
          0 0 0 0 0 0
          0 0 0 0 0 0
          0 0 0 0 0 0
          0 0 0 0 0 0
          0 0 0 0 0 0
          0 0 0 0 0 0
          0 0 0 0 0 0
          0 0 0 0 0 0
          0 0 0 0 0 0
          0 0 0 0 0 0
          0 0 0 0 0 0
          0 0 0 0 0 0
          0 0 0 0 0 0
          0 0 0 0 0 0
          0 0 0 0 0 0
          0 0 0 0 0 0
          0 0 0 0 0 0
          0 0 0 0 0 0
          0 0 0 0 0 0
          0 0 0 0 0 0
          0 0 0 0 0 0
          0 0 0 0 0 0
          0 0 0 0 0 0
          0 0 0 0 0 0
          0 0 0 0 0 0
          0 0 0 0 0 0
          0 0 0 0 0 0
          0 0 0 0 0 0
          0 0 0 0 0 0
          0 0 0 0 0 0
          0 0 0 0 0 0
          0 0 0 0 0 0
          0 0 0 0 0 0
          0 0 0 0 0 0
          0 0 0 0 0 0
          0 0 0 0 0 0
          0 0 0 0 0 0
          0 0 0 0 0 0
          0 0 0 0 0 0
          0 0 0 0 0 0
          0 0 0 0 0 0
          0 0 0 0 0 0
          0 0 0 0 0 0
          0 0 0 0 0 0
          0 0 0 0 0 0
          0 0 0 0 0 0
          0 0 0 0 0 0
          0 0 0 0 0 0
          0 0 0 0 0 0
          0 0 0 0 0 0
          0 0 0 0 0 0
          0 0 0 0 0 0
          0 0 0 0 0 0
          0 0 0 0 0 0
          0 0 0 0 0 0
          0 0 0 0 0 0
          0 0 0 0 0 0
          0 0 0 0 0 0
          0 0 0 0 0 0
          0 0 0 0 0 0
          0 0 0 0 0 0
          0 0 0 0 0 0
          0 0 0 0 0 0
          0 0 0 0 0 0
          0 0 0 0 0 0
          0 0 0 0 0 0
          0 0 0 0 0 0
          0 0 0 0 0 0
          0 0 0 0 0 0
          0 0 0 0 0 0
          0 0 0 0 0 0
          0 0 0 0 0 0
          0 0 0 0 0 0
          0 0 0 0 0 0
          0 0 0 0 0 0
          0 0 0 0 0 0
          0 0 0 0 0 0
          0 0 0 0 0 0
          0 0 0 0 0 0
          0 0 0 0 0 0
          0 0 0 0 0 0
          0 0 0 0 0 0
          0 0 0 0 0 0
          0 0 0 0 0 0
          0 0 0 0 0 0
          0 0 0 0 0 0
          0 0 0 0 0 0
          0 0 0 0 0 0
          0 0 0 0 0 0
          0 0 0 0 0 0
          0 0 0 0 0 0
          0 0 0 0 0 0
          0 0 0 0 0 0
          0 0 0 0 0 0
          0 0 0 0 0 0
          0 0 0 0 0 0
          0 0 0 0 0 0
          0 0 0 0 0 0
          0 0 0 0 0 0
          0 0 0 0 0 0
          0 0 0 0 0 0
          0 0 0 0 0 0
          0 0 0 0 0 0
          0 0 0 0 0 0
          0 0 0 0 0 0
          0 0 0 0 0 0
          0 0 0 0 0 0
          0 0 0 0 0 0
          0 0 0 0 0 0
          0 0 0 0 0 0
          0 0 0 0 0 0
          0 0 0 0 0 0
          0 0 0 0 0 0
          0 0 0 0 0 0
          0 0 0 0 0 0
          0 0 0 0 0 0
          0 0 0 0 0 0
          0 0 0 0 0 0
          0 0 0 0 0 0
          0 0 0 0 0 0
          0 0 0 0 0 0
          0 0 0 0 0 0
          0 0 0 0 0 0
          0 0 0 0 0 0
          0 0 0 0 0 0
          0 0 0 0 0 0
          0 0 0 0 0 0
          0 0 0 0 0 0
          0 0 0 0 0 0
          0 0 0 0 0 0
          0 0 0 0 0 0
          0 0 0 0 0 0
          0 0 0 0 0 0
          0 0 0 0 0 0
          0 0 0 0 0 0
          0 0 0 0 0 0
          0 0 0 0 0 0
          0 0 0 0 0 0
          0 0 0 0 0 0
          0 0 0 0 0 0
          0 0 0 0 0 0
          0 0 0 0 0 0
          0 0 0 0 0 0
          0 0 0 0 0 0
          0 0 0 0 0 0
          0 0 0 0 0 0
          0 0 0 0 0 0
          0 0 0 0 0 0
          0 0 0 0 0 0
          0 0 0 0 0 0
          0 0 0 0 0 0
          0 0 0 0 0 0
          0 0 0 0 0 0
          0 0 0 0 0 0
          0 0 0 0 0 0
          0 0 0 0 0 0
          0 0 0 0 0 0
          0 0 0 0 0 0
          0 0 0 0 0 0
          0 0 0 0 0 0
          0 0 0 0 0 0
          0 0 0 0 0 0
          0 0 0 0 0 0
          0 0 0 0 0 0
          0 0 0 0 0 0
          0 0 0 0 0 0
          0 0 0 0 0 0
          0 0 0 0 0 0
          0 0 0 0 0 0
          0 0 0 0 0 0
          0 0 0 0 0 0
          0 0 0 0 0 0
          0 0 0 0 0 0
          0 0 0 0 0 0
          0 0 0 0 0 0
          0 0 0 0 0 0
          0 0 0 0 0 0
          0 0 0 0 0 0
          0 0 0 0 0 0
          0 0 0 0 0 0
          0 0 0 0 0 0
          0 0 0 0 0 0
          0 0 0 0 0 0
          0 0 0 0 0 0
          0 0 0 0 0 0
          0 0 0 0 0 0
          0 0 0 0 0 0
          0 0 0 0 0 0
          0 0 0 0 0 0
          0 0 0 0 0 0
          0 0 0 0 0 0
          0 0 0 0 0 0
          0 0 0 0 0 0
          0 0 0 0 0 0
          0 0 0 0 0 0
          0 0 0 0 0 0
          0 0 0 0 0 0
          0 0 0 0 0 0
          0 0 0 0 0 0
          0 0 0 0 0 0
          0 0 0 0 0 0
          0 0 0 0 0 0
          0 0 0 0 0 0
          0 0 0 0 0 0
          0 0 0 0 0 0
          0 0 0 0 0 0
          0 0 0 0 0 0
          0 0 0 0 0 0
          0 0 0 0 0 0
          0 0 0 0 0 0
          0 0 0 0 0 0
          0 0 0 0 0 0
          0 0 0 0 0 0
          0 0 0 0 0 0
          0 0 0 0 0 0
          0 0 0 0 0 0
          0 0 0 0 0 0
          0 0 0 0 0 0
          0 0 0 0 0 0
          0 0 0 0 0 0
          0 0 0 0 0 0
          0 0 0 0 0 0
          0 0 0 0 0 0
          0 0 0 0 0 0
          0 0 0 0 0 0
          0 0 0 0 0 0
          0 0 0 0 0 0
          0 0 0 0 0 0
          0 0 0 0 0 0
          0 0 0 0 0 0
          0 0 0 0 0 0
          0 0 0 0 0 0
          0 0 0 0 0 0
          0 0 0 0 0 0
          0 0 0 0 0 0
          0 0 0 0 0 0
          0 0 0 0 0 0
          0 0 0 0 0 0
          0 0 0 0 0 0
          0 0 0 0 0 0
          0 0 0 0 0 0
          0 0 0 0 0 0
          0 0 0 0 0 0
          0 0 0 0 0 0
          0 0 0 0 0 0
          0 0 0 0 0 0
          0 0 0 0 0 0
          0 0 0 0 0 0
          0 0 0 0 0 0
          0 0 0 0 0 0
          0 0 0 0 0 0
          0 0 0 0 0 0
          0 0 0 0 0 0
          0 0 0 0 0 0
          0 0 0 0 0 0
          0 0 0 0 0 0
          0 0 0 0 0 0
          0 0 0 0 0 0
          0 0 0 0 0 0
          0 0 0 0 0 0
          0 0 0 0 0 0
          0 0 0 0 0 0
          0 0 0 0 0 0
          0 0 0 0 0 0
          0 0 0 0 0 0
          0 0 0 0 0 0
          0 0 0 0 0 0
          0 0 0 0 0 0
          0 0 0 0 0 0
          0 0 0 0 0 0
          0 0 0 0 0 0
          0 0 0 0 0 0
          0 0 0 0 0 0
          0 0 0 0 0 0
          0 0 0 0 0 0
          0 0 0 0 0 0
          0 0 0 0 0 0
          0 0 0 0 0 0
          0 0 0 0 0 0
          0 0 0 0 0 0
          0 0 0 0 0 0
          0 0 0 0 0 0
          0 0 0 0 0 0
          0 0 0 0 0 0
          0 0 0 0 0 0
          0 0 0 0 0 0
          0 0 0 0 0 0
          0 0 0 0 0 0
          0 0 0 0 0 0
          0 0 0 0 0 0
          0 0 0 0 0 0
          0 0 0 0 0 0
          0 0 0 0 0 0
          0 0 0 0 0 0
          0 0 0 0 0 0
          0 0 0 0 0 0
          0 0 0 0 0 0
          0 0 0 0 0 0
          0 0 0 0 0 0
          0 0 0 0 0 0
          0 0 0 0 0 0
          0 0 0 0 0 0
          0 0 0 0 0 0
          0 0 0 0 0 0
          0 0 0 0 0 0
          0 0 0 0 0 0
          0 0 0 0 0 0
          0 0 0 0 0 0
          0 0 0 0 0 0
          0 0 0 0 0 0
          0 0 0 0 0 0
          0 0 0 0 0 0
          0 0 0 0 0 0
          0 0 0 0 0 0
          0 0 0 0 0 0
          0 0 0 0 0 0
          0 0 0 0 0 0
          0 0 0 0 0 0
          0 0 0 0 0 0
          0 0 0 0 0 0
          0 0 0 0 0 0
          0 0 0 0 0 0
          0 0 0 0 0 0
          0 0 0 0 0 0
          0 0 0 0 0 0
          0 0 0 0 0 0
          0 0 0 0 0 0
          0 0 0 0 0 0
          0 0 0 0 0 0
          0 0 0 0 0 0
          0 0 0 0 0 0
          0 0 0 0 0 0
          0 0 0 0 0 0
          0 0 0 0 0 0
          0 0 0 0 0 0
          0 0 0 0 0 0
          0 0 0 0 0 0
          0 0 0 0 0 0
          0 0 0 0 0 0
          0 0 0 0 0 0
          0 0 0 0 0 0
          0 0 0 0 0 0
          0 0 0 0 0 0
          0 0 0 0 0 0
          0 0 0 0 0 0
          0 0 0 0 0 0
          0 0 0 0 0 0
          0 0 0 0 0 0
          0 0 0 0 0 0
          0 0 0 0 0 0
          0 0 0 0 0 0
          0 0 0 0 0 0
          0 0 0 0 0 0
          0 0 0 0 0 0
          0 0 0 0 0 0
          0 0 0 0 0 0
          0 0 0 0 0 0
          0 0 0 0 0 0
          0 0 0 0 0 0
          0 0 0 0 0 0
          0 0 0 0 0 0
          0 0 0 0 0 0
          0 0 0 0 0 0
          0 0 0 0 0 0
          0 0 0 0 0 0
          0 0 0 0 0 0
          0 0 0 0 0 0
          0 0 0 0 0 0
          0 0 0 0 0 0
          0 0 0 0 0 0
          0 0 0 0 0 0
          0 0 0 0 0 0
          0 0 0 0 0 0
          0 0 0 0 0 0
          0 0 0 0 0 0
          0 0 0 0 0 0
          0 0 0 0 0 0
          0 0 0 0 0 0
          0 0 0 0 0 0
          0 0 0 0 0 0
          0 0 0 0 0 0
          0 0 0 0 0 0
          0 0 0 0 0 0
          0 0 0 0 0 0
          0 0 0 0 0 0
          0 0 0 0 0 0
          0 0 0 0 0 0
          0 0 0 0 0 0
          0 0 0 0 0 0
          0 0 0 0 0
        </DataArray>
      </PointData>
      <CellData Scalars="SegmentationId">
        <DataArray type="Int32" Name="SegmentationId" format="ascii" RangeMin="0" RangeMax="2781">
          0 1 2 3 4 1399
          1401 5 6 7 8 1398
          1400 9 10 11 12 13
          14 1406 15 16 17 18
          1411 19 20 21 22 23
          24 1416 1412 25 26 27
          1403 28 29 1405 30 31
          1404 32 33 34 1419 1402
          1425 35 36 37 38 39
          40 1423 41 42 43 44
          1413 1432 1410 1414 1429 45
          1427 46 47 48 49 1409
          1426 1415 50 51 1421 52
          53 54 1418 1435 55 56
          1442 1407 57 58 59 1438
          60 1440 1441 1417 61 62
          63 2543 64 65 1443 1445
          66 67 1431 68 1422 69
          1437 1433 70 2541 2545 1436
          71 1444 72 2549 2776 73
          74 1408 2540 75 76 77
          78 1446 79 80 81 82
          2542 1434 83 84 85 86
          87 1424 1451 88 89 90
          2539 91 92 93 1439 1457
          1465 94 95 96 97 1454
          98 99 100 101 102 103
          104 1455 105 1447 1452 106
          1463 107 1430 1428 108 1474
          109 1453 110 111 1478 112
          1461 1467 113 1460 2547 114
          115 1472 1450 2552 1469 116
          1456 117 118 1479 119 120
          121 1471 1449 122 123 124
          125 126 127 1448 128 129
          130 2548 131 132 2550 133
          134 1476 135 2546 136 137
          1501 1495 138 1486 139 140
          2777 141 1492 1496 1481 142
          143 144 1473 145 1484 1500
          2563 146 2551 1497 147 148
          149 1503 150 1504 1475 1494
          1498 151 1485 2557 1489 152
          1483 1508 153 154 155 2564
          1487 2553 2559 156 1506 157
          158 2556 159 160 1459 161
          162 1493 163 164 1488 165
          1517 1480 2778 2554 166 167
          168 169 2558 170 171 172
          173 174 175 176 1519 1527
          1470 1528 1477 2562 177 1458
          178 179 180 1511 1466 1513
          181 1468 1535 182 1514 1522
          1532 1516 183 1533 2574 1491
          1462 1520 184 185 186 1502
          187 2569 1507 1490 1523 1537
          188 189 190 191 1538 192
          1526 1539 1530 1482 2566 1536
          193 194 195 196 1548 1509
          197 198 1543 199 2570 200
          1515 201 1464 202 203 1541
          1531 204 1553 205 1505 1518
          206 1550 1551 207 208 209
          210 1529 211 212 2573 2576
          213 1546 214 215 216 2561
          217 1540 1499 218 2572 219
          220 1554 1542 221 222 223
          1557 224 225 226 1563 227
          1566 228 229 1569 230 1576
          1556 231 232 233 1572 1534
          234 235 2555 236 237 238
          1570 1578 239 1584 1510 1575
          1580 240 1574 241 242 1547
          243 244 245 246 247 248
          1552 249 1555 2568 1565 1545
          1581 1571 250 251 1573 252
          253 254 255 1589 2579 2565
          256 257 258 259 260 1597
          261 1598 1521 262 263 264
          265 1594 266 267 1577 1582
          268 269 1420 270 271 272
          273 274 275 1600 276 1579
          1613 277 1567 1562 278 279
          1607 280 1602 2578 2560 281
          282 1512 2575 1586 1619 283
          1606 284 1610 285 1621 286
          287 2580 288 289 1603 1604
          1587 290 1605 291 292 1624
          1585 293 2582 294 1614 295
          2596 296 1564 297 298 299
          1625 1620 300 1583 1633 301
          302 303 304 305 1609 306
          1635 1612 307 308 2588 1640
          309 1630 2586 310 1524 311
          312 313 314 315 1637 2585
          2581 316 1623 317 318 319
          320 321 1636 322 323 2544
          1649 324 325 326 1631 327
          328 329 330 1652 331 1593
          332 333 1643 1592 334 335
          1645 336 337 338 1561 339
          340 1627 341 1642 342 343
          1663 1595 1650 344 1588 2589
          345 346 347 1639 1644 1653
          1647 1622 348 349 350 1591
          1671 351 352 353 354 1659
          1651 355 356 1648 1568 1626
          357 1678 1601 2584 2601 358
          1560 359 360 1679 361 362
          363 364 365 366 1673 367
          2592 368 369 1675 370 371
          1666 372 373 1682 1687 374
          1665 375 2571 1661 376 1646
          2602 1608 1684 1683 1689 377
          1690 1667 1549 1696 2608 1668
          1691 378 379 380 2591 381
          382 2603 2593 383 384 385
          386 1617 1670 1672 387 388
          389 1705 390 391 392 393
          1700 1707 394 395 1558 396
          397 2606 2587 398 399 400
          401 402 2607 1641 1525 2779
          403 404 405 406 407 408
          1708 409 410 411 412 1701
          413 2583 1686 414 1657 1712
          415 1703 1711 1721 1706 2598
          1722 416 417 418 419 1662
          1717 420 1695 1616 421 422
          423 424 1674 425 1735 426
          2595 427 428 429 430 431
          432 1715 1714 433 1713 434
          1632 1738 1732 435 436 1658
          437 438 1709 1699 439 1743
          440 441 442 443 1724 1596
          444 445 1599 446 447 1741
          448 449 450 1720 1611 451
          1688 1752 1544 452 1745 1737
          453 454 1733 2577 455 1736
          1590 456 457 458 459 460
          1740 461 462 463 1710 464
          465 466 467 1764 468 469
          2567 470 1702 471 1734 472
          1634 473 1756 2625 1655 474
          475 1656 1757 476 477 478
          1755 479 480 1754 1697 1758
          481 1759 482 1681 1766 483
          484 485 1772 1744 486 1753
          487 1746 1716 488 1723 1728
          1660 1718 2590 1698 1767 2624
          489 1680 490 491 1768 1742
          1654 1777 492 2599 2626 493
          1779 494 1751 495 496 497
          498 2627 1765 1774 499 500
          501 1775 2623 502 1781 503
          504 505 506 1726 1786 507
          1798 508 509 510 511 2617
          1793 512 513 514 1795 515
          516 1750 517 518 519 520
          1790 521 522 2635 1789 2611
          523 1812 524 1731 525 526
          1785 527 2631 528 1792 529
          1725 530 1813 1778 2612 1803
          1780 1693 1782 2629 2615 2630
          1730 531 1810 532 1800 533
          534 1669 535 1796 1809 2605
          536 1801 1773 2636 1638 537
          1818 538 539 540 541 1692
          542 2613 543 544 1762 1719
          1791 545 1783 546 547 2614
          1628 1826 1814 548 1784 1676
          1769 1825 1748 549 1763 1808
          550 551 552 1805 2600 553
          1824 554 2628 1821 555 556
          557 1806 1770 1835 558 2638
          559 560 1771 561 562 2619
          1749 1819 563 1834 564 565
          1815 566 1747 1839 567 568
          569 570 571 572 1846 573
          574 575 2640 1760 576 577
          1797 1840 1820 578 579 580
          2604 581 1822 582 1854 583
          584 585 586 587 588 589
          2622 1827 1629 590 591 592
          1844 593 1833 594 595 596
          1817 597 1739 598 599 600
          1868 1837 2597 601 602 603
          604 2643 2642 2652 605 1872
          606 607 608 1807 1859 1841
          609 1864 1727 1618 1862 610
          611 1787 612 1873 2632 613
          614 1877 615 616 2650 1843
          1857 2621 1830 617 1853 618
          1838 619 1794 2634 2633 620
          1865 621 622 623 1788 1866
          624 1879 625 1878 626 1886
          1861 627 1831 1855 1887 2656
          1893 2651 1876 628 1615 1845
          2594 629 2646 2649 1891 630
          631 1889 1885 1860 1776 1685
          632 633 634 635 1694 1888
          636 637 1856 638 639 1870
          640 1804 1842 641 2618 1874
          1895 642 1852 1704 1729 1899
          643 644 645 646 647 648
          2616 1882 649 650 651 1867
          1909 1903 1848 1894 2620 652
          653 654 1664 1907 655 656
          657 658 1863 1897 1896 659
          660 1892 1906 661 662 1883
          1761 663 1917 664 665 2654
          1811 666 2660 2641 667 1881
          668 669 1858 670 1847 2653
          671 1908 672 673 674 675
          676 677 678 1901 679 1919
          1816 1900 680 1912 2657 1924
          681 1905 1875 1927 682 1904
          683 684 685 1915 686 2644
          687 1911 688 1832 689 1898
          1923 1925 2662 1851 2639 1938
          2658 690 1884 691 692 693
          1936 694 2661 1916 695 1902
          1933 696 1799 1918 697 1934
          698 1920 699 700 1946 701
          1913 702 1948 703 704 705
          1829 706 707 1929 708 709
          2647 710 711 1941 712 1937
          713 2659 714 1949 1957 1940
          1943 1962 715 716 1828 1963
          717 718 719 720 1956 2670
          1955 1850 1939 721 2655 722
          723 724 1890 1969 1910 1959
          1932 2669 1945 1559 725 726
          727 1954 2645 728 1967 729
          730 731 2672 732 733 1930
          1951 734 1871 735 736 737
          1982 1960 738 739 1971 740
          741 742 1984 743 1961 1973
          744 1979 1987 745 1966 746
          747 748 749 750 751 1986
          1968 752 753 2609 754 1978
          755 756 1942 757 1970 1975
          1935 758 1980 2671 1993 1958
          759 760 761 2677 2663 762
          763 764 1950 2667 1802 765
          1836 1995 1914 766 767 1952
          1921 1926 768 2648 1944 1880
          769 1972 770 1869 771 772
          2637 773 774 775 776 777
          1947 778 779 1976 780 2005
          2680 2004 2007 781 2006 1983
          2001 782 783 784 1988 1981
          785 786 787 2012 2002 2011
          788 2019 2017 789 2020 790
          2010 791 2000 792 793 1928
          2673 794 795 2021 2015 1977
          796 797 798 2666 799 800
          1991 1989 801 802 803 2037
          804 805 1998 806 807 2034
          2041 808 809 810 811 2038
          812 813 814 815 1849 2028
          2049 816 817 2675 818 819
          2016 820 821 1965 822 823
          1922 1996 2003 2035 824 825
          2022 826 2042 827 1990 828
          2056 2051 829 2018 2043 830
          2664 2682 2040 831 832 833
          2061 2062 2676 2055 834 2046
          2059 2780 835 2025 1953 2026
          2665 836 2058 837 838 839
          840 2033 2029 2044 841 2050
          2009 842 2023 2047 843 2039
          844 845 846 2065 2066 2073
          847 2681 848 849 850 2077
          851 2685 2057 852 853 854
          855 856 857 2074 858 859
          2054 860 861 862 2064 2088
          863 864 865 866 1994 867
          868 2071 869 870 2048 871
          1964 872 2093 2082 873 874
          2072 875 1997 2689 2090 876
          877 1985 878 879 2099 1999
          2060 880 881 2036 882 883
          884 885 886 2053 887 888
          889 2106 2008 890 891 892
          893 2105 894 895 2063 2109
          896 897 2031 898 2075 2115
          2067 2080 899 900 2095 2102
          901 2113 902 1992 903 2121
          904 905 906 2070 2100 2118
          2084 2683 907 908 2107 2096
          909 2030 910 911 2045 2128
          2078 912 913 914 915 916
          2119 917 2687 2112 2695 918
          919 920 921 922 923 2081
          924 925 1974 926 2133 927
          2132 928 2120 929 2114 930
          931 2094 932 2143 2110 933
          2144 934 2103 2691 935 2091
          2097 2108 936 2134 937 938
          939 940 2679 2024 2076 2131
          941 2150 2130 942 2101 943
          944 2123 945 946 947 948
          949 2124 950 951 2146 952
          953 2138 954 2141 955 956
          957 958 2156 959 960 2149
          2688 2157 2069 961 2135 962
          2085 2122 963 2159 964 2116
          2089 965 2160 966 2700 2098
          967 2162 968 969 970 971
          972 2171 2690 2165 2155 2117
          2702 973 2169 974 2126 975
          2140 2674 2052 2699 976 2163
          977 2136 978 2147 2083 2692
          2170 2137 979 980 981 2703
          982 983 2698 984 985 2152
          2183 2678 2087 986 987 988
          989 2168 990 991 992 993
          994 995 2189 996 2151 997
          998 999 1000 2175 2713 2196
          1001 2129 1002 1003 1004 2139
          2190 1005 2176 2166 1006 2104
          2032 1007 2182 2174 1008 1009
          2184 1010 2197 1011 1012 2172
          1013 2181 1014 2686 1015 2194
          2706 1016 2145 1017 2704 1018
          1019 2212 2125 2092 1020 1021
          2208 2158 2711 2198 2179 1022
          2694 2154 2714 1023 2220 1024
          1025 2705 2203 1026 2213 1027
          1028 1029 1030 2219 2127 1031
          2218 2723 2214 2701 2221 2206
          1032 2200 1033 1034 1035 2201
          2148 2199 2225 2185 2192 1036
          1037 1038 1039 1040 1041 2187
          2202 2697 2234 2195 1042 2721
          1043 2222 1044 2177 1045 2235
          2193 1046 1047 2232 1048 2693
          2239 1049 1050 1051 2188 2233
          1052 1053 1054 2164 1055 1056
          2230 1057 1058 2245 1059 2204
          1060 2241 1677 2223 2724 2161
          2027 1061 2209 2716 2142 2215
          2240 2224 1062 1063 2709 1064
          2111 1065 2226 2229 1066 2250
          2207 1067 2242 1068 2211 1069
          2610 1070 2247 1071 2696 1072
          2260 2236 1073 1074 2227 1075
          1076 2719 2248 2259 1077 1078
          2153 2216 2191 2256 2243 2231
          2186 2217 2228 2725 1079 1080
          1081 2205 1082 2262 2722 1083
          1084 1085 2727 1086 2210 1087
          2707 2268 2258 2728 1088 2269
          1089 1090 1091 1092 1093 2267
          1094 1095 1096 1097 2280 2275
          1098 2264 1099 2274 2278 2251
          1823 2708 2253 1100 2249 2279
          2173 1101 2238 2271 2013 1102
          2272 1103 2068 1104 2257 2246
          2180 1105 1106 2255 1107 2684
          1108 2283 2733 2735 1109 2237
          2286 2244 1110 2261 2277 2289
          1111 2712 1112 2167 2720 2178
          1113 2291 2730 1114 2288 1115
          2270 1116 1117 2298 1118 1119
          2294 2252 1120 2731 1931 2290
          2296 1121 1122 1123 2292 1124
          1125 2293 2287 2715 2726 1126
          1127 1128 2717 1129 1130 2302
          2310 1131 1132 1133 1134 1135
          1136 2273 1137 1138 1139 2311
          1140 1141 2312 2306 1142 1143
          1144 2739 2316 2284 1145 2297
          2263 1146 2729 2305 2317 1147
          1148 2308 2281 2323 1149 1150
          2318 2743 1151 2282 2295 1152
          2285 2086 2304 2321 1153 1154
          2742 2299 2328 2276 1155 2325
          1156 1157 2314 2668 2322 2326
          2330 1158 2736 2307 2254 2315
          2781 2079 1159 1160 1161 2331
          1162 2334 1163 2303 1164 1165
          1166 2710 1167 2336 2266 2732
          2327 2301 2737 2329 2337 2338
          2339 2324 2738 1168 1169 1170
          1171 1172 2340 2319 2341 2265
          1173 2335 2342 2320 1174 1175
          1176 2345 2332 2333 2741 2344
          1177 1178 1179 1180 1181 2343
          1182 1183 2351 1184 1185 1186
          1187 1188 1189 1190 2346 1191
          2355 1192 2353 1193 1194 1195
          2354 1196 1197 2349 2366 2367
          2014 2358 1198 2352 2364 1199
          1200 1201 1202 2348 2365 2370
          1203 2734 2363 2300 2309 1204
          1205 2361 1206 1207 1208 1209
          1210 2362 2357 1211 2369 1212
          2374 1213 2373 1214 1215 2371
          2350 2379 1216 1217 1218 2368
          2313 1219 2382 2740 2375 1220
          2745 1221 1222 2746 1223 1224
          1225 2372 1226 2744 2386 1227
          1228 1229 1230 2383 2376 1231
          1232 2747 1233 2393 2380 2378
          2390 2359 1234 2377 1235 2397
          2392 2396 1236 2749 1237 1238
          2718 1239 1240 2391 2400 1241
          2388 2389 1242 1243 2405 2750
          2360 1244 2404 1245 1246 1247
          1248 2347 1249 1250 2410 2412
          2408 2356 2398 1251 1252 1253
          1254 1255 2394 1256 2411 2415
          2399 2395 2751 2387 2385 2417
          2384 2413 1257 1258 2416 2401
          1259 2414 1260 1261 2420 2753
          2422 2409 1262 2407 1263 2418
          2402 2424 2381 2748 2755 2754
          1264 1265 1266 2427 1267 1268
          2426 2406 1269 1270 1271 1272
          2419 2403 1273 1274 2421 2434
          2433 2431 1275 1276 1277 2436
          1278 2752 1279 1280 2432 1281
          2428 1282 2441 2439 2425 1283
          1284 2440 2443 1285 2444 1286
          2429 2423 1287 2757 1288 1289
          1290 1291 1292 2435 2437 2448
          2438 1293 2449 1294 1295 1296
          1297 2447 2453 1298 1299 2430
          2758 2446 2442 1300 2445 2759
          1301 1302 1303 2760 2450 2458
          1304 2457 2756 2454 1305 2456
          2451 1306 2459 2455 1307 1308
          2460 1309 1310 2462 1311 1312
          2463 2461 1313 1314 1315 1316
          1317 2464 1318 1319 2469 2472
          1320 2468 2452 2473 2470 2761
          1321 2762 2474 1322 1323 1324
          1325 2466 1326 2475 2467 1327
          1328 2479 2476 1329 1330 1331
          2481 1332 1333 2484 1334 1335
          1336 1337 1338 2482 2487 1339
          2465 1340 2485 2477 1341 1342
          2478 1343 1344 2489 2493 2471
          2488 1345 2764 2765 2490 1346
          2763 2491 1347 2483 1348 2492
          2494 2480 1349 2486 1350 2495
          1351 2766 2496 1352 1353 2500
          1354 2498 1355 1356 1357 1358
          1359 1360 1361 1362 1363 1364
          2503 2501 2768 2505 1365 2506
          2771 2772 2504 2499 1366 1367
          2512 1368 2769 2511 2510 2773
          2497 1369 1370 1371 2767 2509
          1372 2507 1373 1374 1375 2519
          1376 2518 1377 2520 2521 2516
          1378 1379 1380 2523 2515 1381
          1382 2508 2517 2775 1383 1384
          1385 1386 2524 2528 2526 2522
          1387 2527 2525 1388 1389 1390
          2529 2530 2502 2770 2531 1391
          2513 2774 2514 1392 1393 2533
          2532 1394 2535 1395 2534 1396
          2537 2536 1397 2538
        </DataArray>
        <DataArray type="Int32" Name="upNodeId" format="ascii" RangeMin="5" RangeMax="2782">
          11 5 12 6 5 6
          24 47 36 47 11 12
          19 42 39 19 85 121
          39 144 71 62 24 32
          32 60 63 73 31 31
          71 36 48 93 80 46
          42 63 482 46 76 106
          76 55 139 48 62 60
          55 72 66 171 64 64
          170 61 104 61 109 73
          111 66 85 132 91 133
          84 81 72 113 108 81
          166 89 89 80 111 148
          91 93 97 100 92 84
          122 180 121 92 100 97
          115 101 109 106 101 115
          127 118 108 104 214 113
          127 165 140 139 112 133
          112 184 207 155 117 117
          200 150 188 118 165 140
          166 122 132 148 175 155
          163 242 192 175 149 305
          181 211 188 274 183 149
          183 144 249 180 324 163
          187 168 362 150 251 192
          171 362 310 181 313 168
          200 190 324 300 199 187
          236 170 173 189 265 250
          173 217 219 178 302 255
          178 189 195 283 222 232
          219 232 345 184 230 236
          258 223 211 190 271 217
          195 238 254 199 225 264
          280 207 214 256 333 323
          230 277 283 239 256 251
          225 243 223 231 228 243
          252 242 392 228 239 222
          252 323 329 231 247 249
          240 370 254 238 255 268
          243 332 356 259 264 240
          259 353 284 247 250 305
          430 263 309 265 290 258
          303 505 266 263 271 274
          345 277 311 316 360 282
          266 268 284 319 285 282
          371 302 298 360 285 325
          329 300 470 280 313 317
          303 310 290 358 334 562
          730 342 342 299 301 298
          379 344 366 299 316 394
          301 314 309 321 318 325
          321 419 332 311 335 317
          314 333 322 347 319 318
          322 331 335 331 340 389
          422 358 370 340 343 389
          391 334 346 502 366 506
          353 365 398 356 343 818
          346 344 352 347 383 521
          449 385 437 352 365 368
          686 482 383 373 373 374
          447 444 451 398 368 371
          382 397 505 446 461 374
          414 382 379 391 402 385
          718 408 1389 648 419 411
          414 444 604 495 406 392
          406 394 397 536 402 448
          408 454 431 494 640 411
          427 426 451 418 413 454
          429 434 431 418 413 552
          530 478 427 491 467 422
          432 450 430 426 479 543
          432 434 429 448 469 437
          508 528 447 507 522 460
          616 459 536 828 446 449
          517 629 570 450 459 501
          460 556 597 593 461 475
          495 613 803 492 475 489
          467 469 806 489 644 470
          500 478 479 520 521 524
          510 501 498 679 494 507
          550 512 581 814 553 492
          532 1180 491 506 520 498
          500 765 510 569 524 703
          560 1131 520 502 514 508
          541 846 532 596 541 514
          512 625 528 572 517 527
          540 556 550 641 530 522
          572 607 527 1014 1094 534
          540 559 534 586 570 543
          557 786 560 544 852 552
          553 544 578 604 568 568
          597 994 621 557 569 729
          738 623 609 562 559 612
          596 581 582 622 674 600
          677 624 616 639 643 617
          578 582 625 639 614 636
          591 623 607 586 900 591
          613 640 856 859 755 600
          748 636 791 593 635 621
          888 675 648 660 761 612
          646 1238 672 609 645 679
          644 614 703 646 666 685
          622 635 629 689 617 690
          985 704 630 624 677 630
          658 651 705 658 770 694
          660 675 663 641 1019 645
          697 2042 643 745 722 672
          651 646 698 666 663 895
          748 873 669 674 681 680
          1193 746 670 816 682 682
          694 684 690 669 1001 973
          670 1198 764 688 678 687
          728 680 685 721 868 678
          681 704 781 684 686 891
          687 688 705 697 689 709
          722 795 714 743 698 848
          730 728 714 751 1215 709
          754 774 860 715 715 765
          738 721 794 838 818 752
          718 753 749 784 745 806
          782 731 743 781 884 762
          729 889 731 1030 764 752
          1007 813 753 756 886 802
          770 966 927 1130 887 814
          852 746 749 1216 761 751
          978 791 755 754 782 756
          772 957 788 803 824 762
          788 794 1013 774 850 772
          994 827 884 868 786 821
          895 787 1106 834 886 809
          809 784 802 899 821 787
          797 850 820 797 879 795
          820 883 869 971 816 817
          1058 1022 1050 985 827 838
          943 908 843 817 881 813
          867 887 864 846 914 854
          825 824 825 860 888 893
          869 871 854 828 834 867
          890 859 1071 1254 856 1006
          855 1024 843 914 848 874
          908 892 898 913 1020 1040
          891 1046 966 864 920 878
          903 957 855 874 1080 871
          992 927 873 915 883 919
          901 898 1192 878 976 900
          901 893 969 970 881 906
          972 922 879 890 892 889
          974 913 903 1010 989 906
          989 935 899 1020 975 915
          1018 953 960 928 955 904
          1148 935 922 904 943 978
          953 1135 987 1162 952 948
          1008 920 919 1016 964 936
          1154 928 962 940 930 1019
          987 936 1074 1049 940 930
          951 1328 982 991 1462 951
          1032 973 971 1024 972 1207
          1029 948 1039 1125 1025 988
          976 980 1260 952 960 970
          955 1084 968 1092 1462 1016
          962 1056 964 1284 968 1001
          1210 972 969 974 1053 993
          975 1051 977 977 982 980
          1147 1104 988 996 993 1051
          1076 1437 1131 1155 991 1030
          1035 992 996 1006 1058 1082
          1003 1040 1130 2136 1032 1003
          1039 1010 1021 1015 1007 1008
          1013 1022 1018 1093 1366 1014
          1015 1021 1059 1344 1041 1437
          1025 1029 1034 1180 1034 1070
          1148 1254 1172 1035 1135 1305
          1118 1100 1076 1046 1053 1041
          1464 1043 1080 1043 1111 1066
          1111 1172 1049 1152 1059 1050
          1056 1147 1075 1191 1127 1208
          1070 1192 1071 1098 1145 1207
          1098 1181 1082 1066 1075 1270
          1232 1558 1074 1125 1375 1311
          1092 1100 1117 1214 1150 1084
          1126 1173 1301 1202 1224 1154
          1146 1268 1126 1104 1191 1170
          1093 1094 1112 1132 1106 1244
          1119 1129 1110 1158 1163 1229
          1118 1110 1112 1150 1479 1205
          1119 1117 1141 1406 1127 1121
          1137 1129 1174 1121 1211 1132
          1292 1163 1181 1312 1145 1144
          1178 1175 1234 1198 1137 1152
          1141 1138 1167 1138 1144 1165
          1475 1155 1265 1225 1146 1177
          1156 1199 1184 1253 1167 1316
          1185 1190 1156 1173 1158 1169
          1162 1174 1199 1189 1165 1314
          1382 1169 1186 1357 1249 1170
          1178 1176 1210 1175 1177 1176
          1182 1211 1184 1229 1182 1214
          1186 1233 1185 1190 1189 1212
          1246 1215 1193 1291 1212 1202
          1245 1307 1217 1285 1333 1231
          1281 1325 1205 1216 1231 1208
          1245 1396 1217 1295 1238 1232
          1378 1291 1313 1224 1470 1225
          1250 1239 1273 1230 1384 1303
          1230 1239 1284 1287 1338 1271
          1233 1244 1259 1234 1281 1307
          1260 1466 1273 1246 1299 1323
          1256 1329 1259 1262 1249 1283
          1333 1250 1253 1287 1470 1256
          1366 1329 1262 1572 1308 1268
          1263 1289 1263 1265 1309 1270
          1471 1293 1288 1523 1271 1283
          1572 1305 1347 1375 1403 2194
          1308 1307 1386 1295 1326 1285
          1289 1292 1331 1288 1293 1362
          1446 1338 1309 1310 1299 1301
          1320 1355 1331 1326 1313 1303
          1376 1310 1361 1350 1353 1322
          1608 1316 1311 1312 1314 1374
          1323 1442 1320 1344 1362 1474
          1322 1389 1325 1328 1388 1336
          1373 1336 1340 1384 1488 1499
          1446 1456 1340 1359 1347 1460
          1361 1404 1350 1469 1353 1606
          1394 1393 1374 1357 1372 1360
          1355 1451 1385 1400 1411 1359
          1420 1367 1363 1360 1363 1878
          1387 1372 1367 1668 1423 1383
          1403 1569 1426 1420 1373 1376
          1563 1378 1386 1396 1382 1434
          1383 1444 1493 1385 1479 1388
          1387 1393 1394 1410 1414 1477
          1421 1400 1404 1766 1433 1445
          1491 1529 1418 1439 1423 1461
          1406 1421 1411 1448 1505 1410
          1426 1414 1499 1418 1424 1466
          1681 1433 1421 1424 1590 1434
          1504 1439 1445 1537 1875 1582
          1536 1725 1450 1660 1465 1491
          1444 1573 1676 1455 1442 1763
          1544 1685 1524 1520 1448 1449
          1449 1451 1455 1450 1464 1473
          1500 1681 1510 1456 1460 1574
          1495 1493 1461 1465 1482 1498
          1473 1469 1477 1496 1700 1471
          1582 1474 1620 1482 1475 1488
          1518 1528 1498 1509 1511 1509
          1494 2146 2358 1528 1566 1514
          1495 1587 1513 1588 1516 1494
          1511 1496 1500 1504 1533 1529
          1505 1527 1578 1505 1995 1510
          1622 1797 1605 1591 1513 1516
          1607 1514 1520 2046 1518 1559
          1523 1616 1524 1741 1712 1533
          1527 1926 1615 1537 1735 1598
          1547 1575 1622 1536 1689 1541
          1541 1544 1553 1625 1592 1547
          1548 1580 1548 1559 1588 1553
          1558 1625 1617 1744 1601 1598
          1623 1587 1666 1560 1560 1606
          1563 1619 1585 1566 1868 1695
          1569 1574 1650 1573 1599 1584
          1590 1575 1640 1584 1580 1578
          1684 1640 1585 1610 2046 1602
          1591 1631 1686 1633 1599 1596
          1603 1592 1596 1741 1597 1708
          1597 1601 1603 1605 1654 1602
          1619 1607 1629 1615 1867 1608
          1610 1630 1616 1716 1666 2042
          2150 1689 1617 1623 1832 1620
          1633 1731 1630 1629 1663 1639
          1674 1631 1660 1670 1752 1677
          1647 1637 1714 1798 1637 1639
          1746 1647 1655 2281 1717 1763
          1671 1876 1734 1650 1836 2257
          1654 1892 1681 1655 1663 1716
          1842 1678 1685 1787 1779 1953
          1670 1668 1777 1720 1906 1739
          1674 1788 1671 1676 1847 1684
          1677 1732 1678 1686 1705 1804
          1721 1891 1734 1784 1745 1695
          1699 1925 1705 1709 1699 1714
          1744 1738 1789 1754 1709 1780
          2058 1700 1708 1755 1723 1868
          1774 1768 1715 1725 1712 1721
          1841 1744 1715 1859 1837 1717
          1830 1720 1733 1752 1723 1756
          1772 1727 1727 1796 1837 1731
          1876 1807 1813 1732 1733 1738
          1735 1766 1952 1864 1739 1746
          1978 1782 1745 1915 1774 1846
          1754 1802 1797 1772 1799 1770
          1919 1798 1755 1756 1770 1768
          1791 1834 1873 1879 1819 1785
          1919 1866 1832 1842 1777 1821
          1780 2050 1847 1779 1785 1866
          1782 1788 1946 1911 1784 1816
          1830 1816 1787 1796 1789 1799
          1791 2005 1875 1829 1992 1829
          1801 1906 1846 1889 1856 1801
          1889 1802 1804 2088 1807 1963
          1858 1813 1826 1831 1957 1839
          1826 1819 1844 2045 1948 1849
          1871 1821 2031 1839 1857 1923
          1953 2175 2006 1952 1834 1831
          1844 1836 1841 1897 1860 1862
          1857 1886 1878 1849 1855 1867
          1877 1937 1939 2142 1877 1962
          1929 1855 1911 1922 1923 2013
          1897 1856 1860 1858 1859 1904
          1862 2177 1864 1960 1869 1871
          1869 1920 1941 1873 2154 2137
          1879 1883 1939 1929 1892 1883
          1915 1926 1928 1890 1932 1886
          1995 2094 1890 2003 1925 1944
          1891 1913 2113 2026 1904 1920
          2090 1958 1996 2016 1943 1937
          1946 2007 1912 1913 1969 1934
          1959 1993 1987 1912 1928 1923
          1991 1983 1957 1996 1960 1970
          1922 2004 1964 1932 1970 2074
          2159 2039 1941 2173 2101 1985
          1934 2064 1948 1956 2048 1993
          2110 1951 2068 1943 1951 1944
          1958 1972 1956 1982 1959 2051
          2089 2009 2019 2021 2095 1980
          1981 2031 1964 1962 2049 1977
          1963 1966 1969 1966 1972 1984
          2011 1982 2077 2043 1977 2053
          1994 1992 2045 1978 1980 2060
          1981 1983 1984 1985 1987 1994
          2080 1991 2090 2096 2061 2004
          2007 2104 2003 2049 2009 2034
          2093 2019 2027 2006 2015 2013
          2005 2011 2074 2021 2077 2026
          2165 2016 2144 2015 2039 2034
          2022 2022 2052 2206 2041 2112
          2027 2066 2092 2167 2083 2041
          2177 2037 2153 2056 2092 2072
          2037 2084 2140 2043 2063 2161
          2063 2044 2070 2044 2048 2112
          2050 2135 2051 2093 2070 2052
          2053 2056 2191 2138 2058 2094
          2060 2278 2061 2064 2157 2180
          2066 2091 2068 2152 2072 2114
          2095 2085 2076 2076 2205 2169
          2080 2108 2167 2088 2083 2103
          2238 2084 2085 2089 2131 2315
          2110 2091 2176 2096 2115 2097
          2442 2104 2097 2101 2296 2138
          2123 2103 2113 2110 2108 2117
          2184 2135 2115 2145 2114 2148
          2136 2129 2117 2133 2221 2123
          2133 2129 2265 2170 2134 2128
          2153 2141 2128 2246 2131 2194
          2253 2134 2161 2145 2137 2142
          2150 2140 2193 2154 2141 2144
          2257 2152 2152 2146 2148 2235
          2162 2256 2157 2166 2162 2240
          2210 2175 2204 2159 2182 2173
          2171 2163 2163 2165 2195 2166
          2169 2206 2179 2170 2171 2176
          2200 2190 2203 2293 2179 2205
          2190 2180 2182 2254 2184 2196
          2187 2237 2187 2193 2263 2373
          2191 2196 2299 2195 2271 2200
          2265 2213 2289 2258 2203 2253
          2241 2204 2210 2281 2233 2229
          2277 2245 2213 2374 2214 2214
          2221 2299 2229 2225 2228 2400
          2270 2225 2279 2234 2242 2228
          2250 2245 2233 2240 2313 2241
          2319 2234 2235 2237 2259 2238
          2242 2272 2251 2270 2246 2247
          2305 2301 2247 2251 2250 2267
          2262 2254 2273 2263 2256 2298
          2258 2296 2259 2262 2264 2278
          2264 2276 2267 2273 2279 2272
          2301 2274 2271 2280 2274 2276
          2277 2285 2280 2285 2297 2326
          2289 2333 2324 2325 2287 2287
          2317 2293 2358 2306 2295 2302
          2303 2295 2304 2297 2371 2298
          2300 2300 2302 2403 2303 2304
          2305 2306 2312 2312 2314 2318
          2374 2333 2313 2314 2315 2317
          2327 2318 2319 2323 2323 2344
          2461 2324 2325 2326 2327 2333
          2367 2355 2394 2336 2361 2336
          2348 2352 2344 2346 2355 2467
          2384 2359 2431 2454 2346 2377
          2348 2383 2352 2372 2362 2368
          2356 2356 2357 2452 2357 2361
          2359 2406 2399 2362 2367 2368
          2386 2369 2393 2369 2373 2371
          2394 2372 2377 2431 2430 2413
          2399 2383 2386 2390 2388 2404
          2422 2384 2388 2433 2390 2429
          2393 2395 2402 2428 2504 2395
          2415 2400 2402 2421 2422 2409
          2403 2484 2421 2404 2406 2461
          2409 2482 2416 2413 2481 2448
          2449 2415 2430 2416 2425 2445
          2436 2427 2474 2439 2425 2479
          2437 2427 2435 2428 2429 2433
          2480 2435 2468 2436 2478 2467
          2437 2439 2446 2442 2489 2502
          2445 2449 2521 2446 2448 2456
          2453 2464 2452 2515 2453 2454
          2456 2499 2465 2466 2497 2464
          2476 2488 2465 2485 2466 2476
          2468 2482 2495 2491 2477 2488
          2474 2497 2533 2483 2477 2478
          2479 2480 2481 2483 2505 2484
          2485 2489 2501 2520 2506 2491
          2494 2494 2524 2496 2495 2496
          2499 2507 2551 2501 2503 2502
          2503 2504 2505 2506 2507 2511
          2542 2514 2511 2514 2538 2550
          2515 2520 2573 2527 2536 2526
          2521 2525 2525 2524 2588 2526
          2527 2531 2559 2531 2560 2533
          2562 2536 2541 2545 2538 2540
          2540 2551 2541 2542 2545 2576
          2546 2546 2548 2548 2550 2578
          2553 2553 2575 2559 2569 2562
          2561 2564 2584 2560 2561 2564
          2576 2569 2570 2592 2618 2570
          2575 2574 2573 2589 2589 2574
          2579 2583 2578 2595 2579 2583
          2591 2587 2585 2584 2585 2587
          2594 2588 2591 2604 2598 2592
          2594 2605 2595 2598 2601 2604
          2601 2611 2652 2605 2629 2632
          2623 2611 2617 2618 2614 2620
          2663 2614 2615 2663 2615 2617
          2619 2619 2621 2620 2621 2623
          2624 2624 2629 2631 2636 2655
          2658 2631 2635 2632 2635 2677
          2640 2636 2640 2649 2673 2652
          2643 2673 2643 2649 2654 2679
          2650 2664 2677 2650 2655 2654
          2670 2661 2658 2661 2668 2671
          2667 2675 2662 2662 2664 2666
          2666 2676 2667 2668 2670 2676
          2671 2675 2681 2681 2684 2679
          2683 2687 2718 2683 2689 2722
          2709 2684 2689 2687 2709 2701
          2701 2702 2762 2700 2708 2703
          2705 2725 2743 2723 2705 2700
          2706 2702 2703 2706 2716 2707
          2707 2708 2712 2714 2715 2712
          2714 2716 2715 2717 2717 2718
          2722 2766 2768 2740 2723 2725
          2735 2729 2744 2731 2729 2731
          2733 2733 2734 2734 2735 2739
          2753 2739 2750 2740 2745 2743
          2744 2751 2745 2750 2756 2752
          2755 2751 2752 2755 2753 2756
          2760 2763 2760 2761 2764 2772
          2761 2762 2763 2764 2767 2766
          2767 2768 2771 2771 2776 2772
          2774 2774 2776 2779 2778 2778
          2779 2781 2781 2782
        </DataArray>
        <DataArray type="Int32" Name="downNodeId" format="ascii" RangeMin="0" RangeMax="2781">
          0 1 2 3 4 5
          6 7 8 9 10 11
          12 13 14 15 16 17
          18 19 20 21 22 23
          24 25 26 27 28 29
          30 31 32 33 34 35
          36 37 38 39 40 41
          42 43 44 45 46 47
          48 49 50 51 52 53
          54 55 56 57 58 59
          60 61 62 63 64 65
          66 67 68 69 70 71
          72 73 74 75 76 77
          78 79 80 81 82 83
          84 85 86 87 88 89
          90 91 92 93 94 95
          96 97 98 99 100 101
          102 103 104 105 106 107
          108 109 110 111 112 113
          114 115 116 117 118 119
          120 121 122 123 124 125
          126 127 128 129 130 131
          132 133 134 135 136 137
          138 139 140 141 142 143
          144 145 146 147 148 149
          150 151 152 153 154 155
          156 157 158 159 160 161
          162 163 164 165 166 167
          168 169 170 171 172 173
          174 175 176 177 178 179
          180 181 182 183 184 185
          186 187 188 189 190 191
          192 193 194 195 196 197
          198 199 200 201 202 203
          204 205 206 207 208 209
          210 211 212 213 214 215
          216 217 218 219 220 221
          222 223 224 225 226 227
          228 229 230 231 232 233
          234 235 236 237 238 239
          240 241 242 243 244 245
          246 247 248 249 250 251
          252 253 254 255 256 257
          258 259 260 261 262 263
          264 265 266 267 268 269
          270 271 272 273 274 275
          276 277 278 279 280 281
          282 283 284 285 286 287
          288 289 290 291 292 293
          294 295 296 297 298 299
          300 301 302 303 304 305
          306 307 308 309 310 311
          312 313 314 315 316 317
          318 319 320 321 322 323
          324 325 326 327 328 329
          330 331 332 333 334 335
          336 337 338 339 340 341
          342 343 344 345 346 347
          348 349 350 351 352 353
          354 355 356 357 358 359
          360 361 362 363 364 365
          366 367 368 369 370 371
          372 373 374 375 376 377
          378 379 380 381 382 383
          384 385 386 387 388 389
          390 391 392 393 394 395
          396 397 398 399 400 401
          402 403 404 405 406 407
          408 409 410 411 412 413
          414 415 416 417 418 419
          420 421 422 423 424 425
          426 427 428 429 430 431
          432 433 434 435 436 437
          438 439 440 441 442 443
          444 445 446 447 448 449
          450 451 452 453 454 455
          456 457 458 459 460 461
          462 463 464 465 466 467
          468 469 470 471 472 473
          474 475 476 477 478 479
          480 481 482 483 484 485
          486 487 488 489 490 491
          492 493 494 495 496 497
          498 499 500 501 502 503
          504 505 506 507 508 509
          510 511 512 513 514 515
          516 517 518 519 520 521
          522 523 524 525 526 527
          528 529 530 531 532 533
          534 535 536 537 538 539
          540 541 542 543 544 545
          546 547 548 549 550 551
          552 553 554 555 556 557
          558 559 560 561 562 563
          564 565 566 567 568 569
          570 571 572 573 574 575
          576 577 578 579 580 581
          582 583 584 585 586 587
          588 589 590 591 592 593
          594 595 596 597 598 599
          600 601 602 603 604 605
          606 607 608 609 610 611
          612 613 614 615 616 617
          618 619 620 621 622 623
          624 625 626 627 628 629
          630 631 632 633 634 635
          636 637 638 639 640 641
          642 643 644 645 646 647
          648 649 650 651 652 653
          654 655 656 657 658 659
          660 661 662 663 664 665
          666 667 668 669 670 671
          672 673 674 675 676 677
          678 679 680 681 682 683
          684 685 686 687 688 689
          690 691 692 693 694 695
          696 697 698 699 700 701
          702 703 704 705 706 707
          708 709 710 711 712 713
          714 715 716 717 718 719
          720 721 722 723 724 725
          726 727 728 729 730 731
          732 733 734 735 736 737
          738 739 740 741 742 743
          744 745 746 747 748 749
          750 751 752 753 754 755
          756 757 758 759 760 761
          762 763 764 765 766 767
          768 769 770 771 772 773
          774 775 776 777 778 779
          780 781 782 783 784 785
          786 787 788 789 790 791
          792 793 794 795 796 797
          798 799 800 801 802 803
          804 805 806 807 808 809
          810 811 812 813 814 815
          816 817 818 819 820 821
          822 823 824 825 826 827
          828 829 830 831 832 833
          834 835 836 837 838 839
          840 841 842 843 844 845
          846 847 848 849 850 851
          852 853 854 855 856 857
          858 859 860 861 862 863
          864 865 866 867 868 869
          870 871 872 873 874 875
          876 877 878 879 880 881
          882 883 884 885 886 887
          888 889 890 891 892 893
          894 895 896 897 898 899
          900 901 902 903 904 905
          906 907 908 909 910 911
          912 913 914 915 916 917
          918 919 920 921 922 923
          924 925 926 927 928 929
          930 931 932 933 934 935
          936 937 938 939 940 941
          942 943 944 945 946 947
          948 949 950 951 952 953
          954 955 956 957 958 959
          960 961 962 963 964 965
          966 967 968 969 970 971
          972 973 974 975 976 977
          978 979 980 981 982 983
          984 985 986 987 988 989
          990 991 992 993 994 995
          996 997 998 999 1000 1001
          1002 1003 1004 1005 1006 1007
          1008 1009 1010 1011 1012 1013
          1014 1015 1016 1017 1018 1019
          1020 1021 1022 1023 1024 1025
          1026 1027 1028 1029 1030 1031
          1032 1033 1034 1035 1036 1037
          1038 1039 1040 1041 1042 1043
          1044 1045 1046 1047 1048 1049
          1050 1051 1052 1053 1054 1055
          1056 1057 1058 1059 1060 1061
          1062 1063 1064 1065 1066 1067
          1068 1069 1070 1071 1072 1073
          1074 1075 1076 1077 1078 1079
          1080 1081 1082 1083 1084 1085
          1086 1087 1088 1089 1090 1091
          1092 1093 1094 1095 1096 1097
          1098 1099 1100 1101 1102 1103
          1104 1105 1106 1107 1108 1109
          1110 1111 1112 1113 1114 1115
          1116 1117 1118 1119 1120 1121
          1122 1123 1124 1125 1126 1127
          1128 1129 1130 1131 1132 1133
          1134 1135 1136 1137 1138 1139
          1140 1141 1142 1143 1144 1145
          1146 1147 1148 1149 1150 1151
          1152 1153 1154 1155 1156 1157
          1158 1159 1160 1161 1162 1163
          1164 1165 1166 1167 1168 1169
          1170 1171 1172 1173 1174 1175
          1176 1177 1178 1179 1180 1181
          1182 1183 1184 1185 1186 1187
          1188 1189 1190 1191 1192 1193
          1194 1195 1196 1197 1198 1199
          1200 1201 1202 1203 1204 1205
          1206 1207 1208 1209 1210 1211
          1212 1213 1214 1215 1216 1217
          1218 1219 1220 1221 1222 1223
          1224 1225 1226 1227 1228 1229
          1230 1231 1232 1233 1234 1235
          1236 1237 1238 1239 1240 1241
          1242 1243 1244 1245 1246 1247
          1248 1249 1250 1251 1252 1253
          1254 1255 1256 1257 1258 1259
          1260 1261 1262 1263 1264 1265
          1266 1267 1268 1269 1270 1271
          1272 1273 1274 1275 1276 1277
          1278 1279 1280 1281 1282 1283
          1284 1285 1286 1287 1288 1289
          1290 1291 1292 1293 1294 1295
          1296 1297 1298 1299 1300 1301
          1302 1303 1304 1305 1306 1307
          1308 1309 1310 1311 1312 1313
          1314 1315 1316 1317 1318 1319
          1320 1321 1322 1323 1324 1325
          1326 1327 1328 1329 1330 1331
          1332 1333 1334 1335 1336 1337
          1338 1339 1340 1341 1342 1343
          1344 1345 1346 1347 1348 1349
          1350 1351 1352 1353 1354 1355
          1356 1357 1358 1359 1360 1361
          1362 1363 1364 1365 1366 1367
          1368 1369 1370 1371 1372 1373
          1374 1375 1376 1377 1378 1379
          1380 1381 1382 1383 1384 1385
          1386 1387 1388 1389 1390 1391
          1392 1393 1394 1395 1396 1397
          1398 1399 1400 1401 1402 1403
          1404 1405 1406 1407 1408 1409
          1410 1411 1412 1413 1414 1415
          1416 1417 1418 1419 1420 1421
          1422 1423 1424 1425 1426 1427
          1428 1429 1430 1431 1432 1433
          1434 1435 1436 1437 1438 1439
          1440 1441 1442 1443 1444 1445
          1446 1447 1448 1449 1450 1451
          1452 1453 1454 1455 1456 1457
          1458 1459 1460 1461 1462 1463
          1464 1465 1466 1467 1468 1469
          1470 1471 1472 1473 1474 1475
          1476 1477 1478 1479 1480 1481
          1482 1483 1484 1485 1486 1487
          1488 1489 1490 1491 1492 1493
          1494 1495 1496 1497 1498 1499
          1500 1501 1502 1503 1504 1505
          1506 1507 1508 1509 1510 1511
          1512 1513 1514 1515 1516 1517
          1518 1519 1520 1521 1522 1523
          1524 1525 1526 1527 1528 1529
          1530 1531 1532 1533 1534 1535
          1536 1537 1538 1539 1540 1541
          1542 1543 1544 1545 1546 1547
          1548 1549 1550 1551 1552 1553
          1554 1555 1556 1557 1558 1559
          1560 1561 1562 1563 1564 1565
          1566 1567 1568 1569 1570 1571
          1572 1573 1574 1575 1576 1577
          1578 1579 1580 1581 1582 1583
          1584 1585 1586 1587 1588 1589
          1590 1591 1592 1593 1594 1595
          1596 1597 1598 1599 1600 1601
          1602 1603 1604 1605 1606 1607
          1608 1609 1610 1611 1612 1613
          1614 1615 1616 1617 1618 1619
          1620 1621 1622 1623 1624 1625
          1626 1627 1628 1629 1630 1631
          1632 1633 1634 1635 1636 1637
          1638 1639 1640 1641 1642 1643
          1644 1645 1646 1647 1648 1649
          1650 1651 1652 1653 1654 1655
          1656 1657 1658 1659 1660 1661
          1662 1663 1664 1665 1666 1667
          1668 1669 1670 1671 1672 1673
          1674 1675 1676 1677 1678 1679
          1680 1681 1682 1683 1684 1685
          1686 1687 1688 1689 1690 1691
          1692 1693 1694 1695 1696 1697
          1698 1699 1700 1701 1702 1703
          1704 1705 1706 1707 1708 1709
          1710 1711 1712 1713 1714 1715
          1716 1717 1718 1719 1720 1721
          1722 1723 1724 1725 1726 1727
          1728 1729 1730 1731 1732 1733
          1734 1735 1736 1737 1738 1739
          1740 1741 1742 1743 1744 1745
          1746 1747 1748 1749 1750 1751
          1752 1753 1754 1755 1756 1757
          1758 1759 1760 1761 1762 1763
          1764 1765 1766 1767 1768 1769
          1770 1771 1772 1773 1774 1775
          1776 1777 1778 1779 1780 1781
          1782 1783 1784 1785 1786 1787
          1788 1789 1790 1791 1792 1793
          1794 1795 1796 1797 1798 1799
          1800 1801 1802 1803 1804 1805
          1806 1807 1808 1809 1810 1811
          1812 1813 1814 1815 1816 1817
          1818 1819 1820 1821 1822 1823
          1824 1825 1826 1827 1828 1829
          1830 1831 1832 1833 1834 1835
          1836 1837 1838 1839 1840 1841
          1842 1843 1844 1845 1846 1847
          1848 1849 1850 1851 1852 1853
          1854 1855 1856 1857 1858 1859
          1860 1861 1862 1863 1864 1865
          1866 1867 1868 1869 1870 1871
          1872 1873 1874 1875 1876 1877
          1878 1879 1880 1881 1882 1883
          1884 1885 1886 1887 1888 1889
          1890 1891 1892 1893 1894 1895
          1896 1897 1898 1899 1900 1901
          1902 1903 1904 1905 1906 1907
          1908 1909 1910 1911 1912 1913
          1914 1915 1916 1917 1918 1919
          1920 1921 1922 1923 1924 1925
          1926 1927 1928 1929 1930 1931
          1932 1933 1934 1935 1936 1937
          1938 1939 1940 1941 1942 1943
          1944 1945 1946 1947 1948 1949
          1950 1951 1952 1953 1954 1955
          1956 1957 1958 1959 1960 1961
          1962 1963 1964 1965 1966 1967
          1968 1969 1970 1971 1972 1973
          1974 1975 1976 1977 1978 1979
          1980 1981 1982 1983 1984 1985
          1986 1987 1988 1989 1990 1991
          1992 1993 1994 1995 1996 1997
          1998 1999 2000 2001 2002 2003
          2004 2005 2006 2007 2008 2009
          2010 2011 2012 2013 2014 2015
          2016 2017 2018 2019 2020 2021
          2022 2023 2024 2025 2026 2027
          2028 2029 2030 2031 2032 2033
          2034 2035 2036 2037 2038 2039
          2040 2041 2042 2043 2044 2045
          2046 2047 2048 2049 2050 2051
          2052 2053 2054 2055 2056 2057
          2058 2059 2060 2061 2062 2063
          2064 2065 2066 2067 2068 2069
          2070 2071 2072 2073 2074 2075
          2076 2077 2078 2079 2080 2081
          2082 2083 2084 2085 2086 2087
          2088 2089 2090 2091 2092 2093
          2094 2095 2096 2097 2098 2099
          2100 2101 2102 2103 2104 2105
          2106 2107 2108 2109 2110 2111
          2112 2113 2114 2115 2116 2117
          2118 2119 2120 2121 2122 2123
          2124 2125 2126 2127 2128 2129
          2130 2131 2132 2133 2134 2135
          2136 2137 2138 2139 2140 2141
          2142 2143 2144 2145 2146 2147
          2148 2149 2150 2151 2152 2153
          2154 2155 2156 2157 2158 2159
          2160 2161 2162 2163 2164 2165
          2166 2167 2168 2169 2170 2171
          2172 2173 2174 2175 2176 2177
          2178 2179 2180 2181 2182 2183
          2184 2185 2186 2187 2188 2189
          2190 2191 2192 2193 2194 2195
          2196 2197 2198 2199 2200 2201
          2202 2203 2204 2205 2206 2207
          2208 2209 2210 2211 2212 2213
          2214 2215 2216 2217 2218 2219
          2220 2221 2222 2223 2224 2225
          2226 2227 2228 2229 2230 2231
          2232 2233 2234 2235 2236 2237
          2238 2239 2240 2241 2242 2243
          2244 2245 2246 2247 2248 2249
          2250 2251 2252 2253 2254 2255
          2256 2257 2258 2259 2260 2261
          2262 2263 2264 2265 2266 2267
          2268 2269 2270 2271 2272 2273
          2274 2275 2276 2277 2278 2279
          2280 2281 2282 2283 2284 2285
          2286 2287 2288 2289 2290 2291
          2292 2293 2294 2295 2296 2297
          2298 2299 2300 2301 2302 2303
          2304 2305 2306 2307 2308 2309
          2310 2311 2312 2313 2314 2315
          2316 2317 2318 2319 2320 2321
          2322 2323 2324 2325 2326 2327
          2328 2329 2330 2331 2332 2333
          2334 2335 2336 2337 2338 2339
          2340 2341 2342 2343 2344 2345
          2346 2347 2348 2349 2350 2351
          2352 2353 2354 2355 2356 2357
          2358 2359 2360 2361 2362 2363
          2364 2365 2366 2367 2368 2369
          2370 2371 2372 2373 2374 2375
          2376 2377 2378 2379 2380 2381
          2382 2383 2384 2385 2386 2387
          2388 2389 2390 2391 2392 2393
          2394 2395 2396 2397 2398 2399
          2400 2401 2402 2403 2404 2405
          2406 2407 2408 2409 2410 2411
          2412 2413 2414 2415 2416 2417
          2418 2419 2420 2421 2422 2423
          2424 2425 2426 2427 2428 2429
          2430 2431 2432 2433 2434 2435
          2436 2437 2438 2439 2440 2441
          2442 2443 2444 2445 2446 2447
          2448 2449 2450 2451 2452 2453
          2454 2455 2456 2457 2458 2459
          2460 2461 2462 2463 2464 2465
          2466 2467 2468 2469 2470 2471
          2472 2473 2474 2475 2476 2477
          2478 2479 2480 2481 2482 2483
          2484 2485 2486 2487 2488 2489
          2490 2491 2492 2493 2494 2495
          2496 2497 2498 2499 2500 2501
          2502 2503 2504 2505 2506 2507
          2508 2509 2510 2511 2512 2513
          2514 2515 2516 2517 2518 2519
          2520 2521 2522 2523 2524 2525
          2526 2527 2528 2529 2530 2531
          2532 2533 2534 2535 2536 2537
          2538 2539 2540 2541 2542 2543
          2544 2545 2546 2547 2548 2549
          2550 2551 2552 2553 2554 2555
          2556 2557 2558 2559 2560 2561
          2562 2563 2564 2565 2566 2567
          2568 2569 2570 2571 2572 2573
          2574 2575 2576 2577 2578 2579
          2580 2581 2582 2583 2584 2585
          2586 2587 2588 2589 2590 2591
          2592 2593 2594 2595 2596 2597
          2598 2599 2600 2601 2602 2603
          2604 2605 2606 2607 2608 2609
          2610 2611 2612 2613 2614 2615
          2616 2617 2618 2619 2620 2621
          2622 2623 2624 2625 2626 2627
          2628 2629 2630 2631 2632 2633
          2634 2635 2636 2637 2638 2639
          2640 2641 2642 2643 2644 2645
          2646 2647 2648 2649 2650 2651
          2652 2653 2654 2655 2656 2657
          2658 2659 2660 2661 2662 2663
          2664 2665 2666 2667 2668 2669
          2670 2671 2672 2673 2674 2675
          2676 2677 2678 2679 2680 2681
          2682 2683 2684 2685 2686 2687
          2688 2689 2690 2691 2692 2693
          2694 2695 2696 2697 2698 2699
          2700 2701 2702 2703 2704 2705
          2706 2707 2708 2709 2710 2711
          2712 2713 2714 2715 2716 2717
          2718 2719 2720 2721 2722 2723
          2724 2725 2726 2727 2728 2729
          2730 2731 2732 2733 2734 2735
          2736 2737 2738 2739 2740 2741
          2742 2743 2744 2745 2746 2747
          2748 2749 2750 2751 2752 2753
          2754 2755 2756 2757 2758 2759
          2760 2761 2762 2763 2764 2765
          2766 2767 2768 2769 2770 2771
          2772 2773 2774 2775 2776 2777
          2778 2779 2780 2781
        </DataArray>
        <DataArray type="Int32" Name="RegionSize" format="ascii" RangeMin="0" RangeMax="235">
          6 1 2 0 0 0
          20 3 3 4 0 0
          7 2 5 0 9 7
          5 25 5 5 0 0
          6 1 3 6 0 0
          12 1 7 4 8 0
          1 2 26 5 2 11
          5 1 5 0 2 1
          1 1 0 10 2 0
          5 4 1 0 5 0
          7 8 18 7 6 4
          8 0 0 4 0 7
          6 2 0 1 4 4
          0 2 3 3 2 0
          19 27 0 0 0 3
          0 2 0 0 0 0
          2 4 0 0 20 2
          0 3 0 1 2 0
          0 10 2 12 2 2
          3 1 6 0 37 1
          2 0 5 1 3 1
          0 13 1 1 0 6
          20 12 2 5 0 0
          0 0 11 0 3 0
          7 0 6 0 11 0
          1 7 3 0 8 0
          0 0 1 0 0 0
          1 0 0 21 18 2
          1 1 6 1 2 9
          0 2 0 2 9 1
          6 14 11 0 7 4
          4 4 4 0 57 1
          0 2 1 1 0 1
          2 2 2 0 2 0
          0 2 2 4 1 1
          0 5 0 1 2 0
          2 2 4 3 0 0
          5 24 1 0 0 0
          9 6 2 0 8 2
          0 1 13 0 1 0
          14 5 3 0 0 1
          3 6 0 1 7 1
          9 5 2 0 1 0
          19 7 1 1 2 17
          1 0 6 1 3 0
          2 15 0 5 1 0
          1 21 7 0 4 0
          18 2 5 27 2 6
          11 0 45 0 0 0
          3 1 1 0 0 4
          1 7 6 12 0 1
          1 1 0 1 2 2
          0 1 10 2 1 0
          2 2 1 18 53 27
          8 7 0 1 0 2
          8 1 0 27 38 18
          0 1 3 0 18 8
          5 0 15 0 29 45
          0 5 2 0 16 1
          7 3 2 1 8 0
          6 1 8 0 0 24
          17 0 7 0 3 6
          2 3 9 0 0 0
          3 45 10 5 53 27
          0 7 16 0 1 1
          0 0 2 7 1 5
          1 24 2 3 4 0
          5 0 1 0 0 0
          20 0 0 6 0 9
          6 0 0 0 32 3
          0 1 6 0 3 3
          0 1 0 23 44 0
          9 0 5 0 0 4
          5 0 2 4 0 1
          2 0 0 1 16 2
          4 15 1 1 0 0
          0 1 4 38 10 14
          0 0 24 0 6 0
          0 17 11 0 0 2
          0 11 0 5 8 8
          1 0 4 6 0 0
          0 12 0 3 0 0
          4 0 8 1 0 3
          3 11 14 0 8 0
          1 24 7 60 4 0
          3 7 9 0 0 0
          0 43 1 1 14 0
          21 0 0 11 21 0
          14 3 5 1 18 0
          55 12 1 0 12 0
          19 2 1 4 2 0
          2 8 0 0 0 4
          29 69 0 1 2 84
          0 26 5 0 4 1
          5 1 1 0 21 7
          3 1 23 1 0 1
          1 0 16 0 7 21
          4 0 2 5 4 0
          2 0 1 5 0 36
          6 5 16 2 0 0
          2 4 0 0 9 0
          0 6 0 2 0 1
          13 6 4 3 1 8
          6 1 1 1 39 6
          36 7 0 1 5 23
          20 0 0 0 4 5
          1 22 0 2 6 0
          0 1 1 8 6 1
          33 3 2 3 0 0
          6 2 0 0 21 1
          14 0 0 1 13 7
          0 6 0 4 3 0
          1 0 3 5 3 1
          1 0 4 5 1 1
          0 0 31 15 3 25
          5 2 0 1 4 1
          0 61 30 0 4 1
          1 3 8 10 0 0
          1 8 1 2 1 0
          1 26 1 0 34 0
          2 19 4 0 6 1
          0 1 6 7 0 65
          6 2 0 0 1 1
          5 7 0 12 2 14
          3 0 3 2 4 2
          4 21 1 0 8 0
          20 2 1 0 0 0
          4 0 8 0 0 0
          0 3 35 2 12 0
          7 0 3 3 0 0
          0 0 16 3 6 0
          28 0 9 0 0 17
          1 2 2 156 0 41
          3 3 1 3 23 3
          2 1 3 0 1 0
          0 0 4 2 19 2
          0 9 0 1 24 7
          1 2 62 0 0 33
          5 0 1 3 1 3
          1 4 0 1 0 0
          0 0 0 9 3 7
          6 4 11 0 1 0
          4 1 1 29 14 0
          4 2 2 0 0 0
          2 0 6 16 7 1
          1 0 3 5 13 2
          1 1 0 5 0 4
          0 0 5 2 1 0
          35 76 12 25 1 5
          3 1 2 1 0 5
          31 1 0 2 49 1
          1 3 1 3 0 1
          0 0 0 12 1 0
          2 2 8 0 0 1
          0 0 1 7 5 0
          2 3 0 0 2 27
          4 0 0 2 11 2
          0 9 0 0 1 0
          43 1 11 4 23 1
          0 7 0 6 8 3
          1 0 4 11 2 0
          25 0 0 20 19 10
          4 2 4 0 4 4
          10 4 16 0 11 1
          0 18 0 6 11 13
          0 9 9 20 1 2
          9 0 0 26 0 0
          1 25 0 0 4 3
          9 0 18 0 8 4
          1 13 8 5 45 9
          1 20 2 3 1 7
          0 0 0 17 43 2
          8 0 5 20 0 0
          7 0 7 5 4 77
          2 3 4 0 0 0
          10 8 0 18 0 3
          35 4 0 9 3 0
          0 5 0 0 42 0
          3 5 1 6 5 0
          53 58 9 1 0 0
          10 4 8 5 10 2
          0 3 0 0 2 0
          0 5 40 1 0 3
          7 0 16 0 0 0
          1 0 0 0 4 1
          7 0 45 5 0 0
          1 3 8 11 2 17
          2 0 0 11 4 0
          0 15 5 2 3 0
          0 0 1 0 18 0
          3 29 2 0 6 9
          39 10 9 1 1 3
          0 1 0 54 20 0
          13 0 0 0 9 3
          1 23 1 8 1 3
          40 0 1 8 1 1
          11 15 18 0 0 0
          11 0 1 18 11 0
          0 26 5 16 1 20
          1 4 0 1 4 7
          1 0 1 0 0 4
          1 8 18 2 10 12
          10 1 4 31 3 21
          0 0 1 0 1 0
          26 84 0 1 0 0
          10 2 9 0 138 0
          0 0 5 20 0 0
          0 0 4 0 9 0
          1 0 7 0 1 9
          7 1 6 4 0 6
          0 0 3 11 2 17
          2 0 17 0 2 32
          10 7 0 1 3 15
          1 1 0 31 0 0
          0 31 0 0 6 7
          5 4 41 12 1 12
          0 1 0 1 0 10
          1 10 0 7 0 5
          13 22 0 4 15 9
          62 1 51 0 0 1
          4 0 5 15 0 34
          2 1 43 2 0 2
          6 12 0 0 33 4
          5 1 37 0 0 3
          2 1 0 34 0 0
          18 0 0 3 6 22
          0 30 0 0 7 58
          3 28 0 3 5 57
          0 2 0 0 2 10
          30 0 41 0 0 3
          0 0 18 12 7 12
          3 30 32 0 1 0
          0 55 47 2 2 0
          2 0 72 0 0 3
          4 0 5 0 3 0
          0 10 1 0 19 0
          1 0 10 0 5 53
          2 1 63 2 15 0
          3 7 0 9 0 3
          42 0 7 5 0 34
          1 7 1 3 10 7
          0 0 16 3 35 0
          0 6 1 3 7 1
          0 0 6 20 2 0
          42 27 0 0 2 7
          7 16 6 22 16 32
          0 2 0 2 1 0
          26 6 13 0 2 2
          26 3 1 14 1 0
          77 14 25 0 1 0
          25 1 2 0 29 16
          4 4 2 10 23 19
          1 4 42 18 17 0
          28 3 31 2 3 31
          16 3 0 47 7 10
          0 1 1 15 6 0
          14 22 0 2 0 12
          1 1 10 0 1 19
          55 2 1 5 0 123
          1 1 0 0 7 0
          13 1 0 9 8 3
          3 0 0 26 1 0
          3 7 1 63 0 0
          5 1 0 0 18 0
          28 3 0 0 2 0
          0 9 9 1 0 3
          7 16 4 1 1 2
          100 22 0 6 10 3
          1 0 37 1 0 7
          5 16 0 34 4 15
          25 2 0 5 0 0
          0 0 0 122 14 2
          0 49 0 2 0 5
          0 15 0 8 0 1
          0 1 0 9 6 7
          12 1 1 0 76 2
          1 1 0 0 11 5
          0 12 0 0 4 0
          44 1 8 26 0 0
          2 0 1 15 70 2
          1 9 0 0 2 0
          25 3 0 10 0 0
          0 1 0 1 0 0
          8 0 44 0 3 3
          0 129 0 0 23 7
          1 0 15 1 3 10
          5 24 2 1 10 13
          1 11 0 1 0 16
          1 0 0 3 4 27
          0 3 0 0 8 9
          0 1 0 1 1 7
          34 0 0 0 0 0
          17 0 14 4 45 0
          0 0 2 0 1 2
          1 2 5 0 9 0
          14 5 3 0 1 0
          0 16 3 15 13 0
          1 0 6 1 0 26
          1 4 0 61 4 1
          0 0 13 2 0 8
          2 1 2 3 0 2
          1 24 0 0 0 0
          0 42 0 5 0 0
          0 1 4 60 0 1
          4 9 1 0 0 4
          3 17 3 1 1 0
          36 1 0 39 0 2
          1 0 17 3 14 7
          0 10 2 0 2 4
          0 8 22 1 1 80
          11 10 4 0 10 0
          1 12 7 9 10 2
          0 56 1 2 1 3
          2 0 0 0 0 4
          1 1 13 0 0 4
          11 82 9 0 0 0
          1 4 0 0 3 0
          0 0 20 0 1 0
          0 0 1 0 33 33
          0 7 0 0 1 9
          2 0 10 40 1 5
          13 4 29 18 0 0
          8 0 42 0 2 1
          0 2 1 4 0 0
          19 1 0 1 38 2
          4 10 2 7 4 0
          3 1 13 16 3 0
          1 6 26 0 31 0
          0 35 17 0 14 2
          0 0 1 0 9 0
          2 3 2 12 5 36
          0 15 0 1 0 25
          1 6 42 13 0 0
          3 0 0 0 1 40
          5 18 4 0 0 2
          1 5 6 1 0 78
          9 0 0 8 0 15
          29 0 0 0 9 33
          3 0 0 1 0 2
          12 0 2 28 0 8
          0 6 4 0 23 5
          1 0 13 14 9 3
          28 18 0 1 7 3
          28 3 21 26 0 3
          13 0 9 0 51 0
          11 0 47 0 11 1
          36 5 0 0 13 0
          6 11 16 45 2 9
          0 39 2 31 1 2
          18 1 0 22 8 1
          2 20 0 85 6 0
          2 0 3 0 42 0
          5 2 39 12 3 38
          0 0 1 0 0 69
          0 1 0 5 6 6
          2 6 1 9 23 0
          4 45 1 0 0 38
          8 0 56 1 1 4
          7 1 1 0 44 8
          4 0 0 0 2 4
          0 0 3 12 1 0
          44 1 0 10 21 40
          0 8 0 20 53 1
          0 15 4 1 4 0
          28 2 0 29 3 4
          0 2 6 14 18 72
          65 0 3 0 16 1
          0 1 51 23 3 1
          2 0 62 6 0 1
          108 5 0 0 0 7
          1 28 3 0 0 33
          0 0 104 0 4 0
          2 1 4 19 2 7
          24 1 0 0 56 0
          3 0 17 44 0 4
          3 13 0 0 6 0
          7 10 14 56 1 0
          34 7 51 9 1 79
          0 0 0 2 28 2
          22 1 8 157 2 5
          17 14 0 1 0 3
          0 78 0 14 0 0
          0 6 0 55 19 2
          4 0 3 9 3 3
          3 2 78 0 0 0
          3 0 2 6 3 10
          0 31 2 110 0 2
          4 10 26 1 15 70
          2 1 2 0 1 24
          0 0 235 0 2 0
          0 0 2 2 30 4
          17 1 40 0 0 2
          31 0 0 1 1 10
          0 2 0 0 39 0
          0 0 0 15 1 22
          0 12 80 3 9 0
          0 29 0 0 0 0
          1 5 12 1 0 1
          44 0 1 1 3 31
          1 33 0 0 1 0
          23 6 2 4 8 2
          41 1 0 28 0 0
          1 16 0 5 62 1
          0 0 1 2 0 2
          0 3 1 1 3 60
          20 2 0 28 0 10
          24 18 0 17 0 1
          62 1 0 12 11 1
          11 1 0 2 0 0
          51 1 83 0 0 0
          0 0 0 0 0 83
          0 3 6 0 0 2
          0 2 7 0 29 7
          6 2 6 5 11 21
          22 56 0 0 4 10
          0 15 1 0 15 27
          22 5 1 20 0 14
          36 27 1 69 40 24
          0 0 0 69 0 0
          9 32 1 1 0 0
          25 41 0 0 18 8
          1 53 4 0 1 19
          9 33 0 0 3 0
          33 0 20 13 29 0
          0 11 28 0 63 1
          48 0 0 138 0 0
          0 1 0 1 0 39
          5 0 55 0 6 0
          0 1 19 0 3 36
          60 0 0 0 0 49
          2 1 0 37 6 17
          0 18 25 3 0 2
          33 0 8 34 0 0
          50 0 4 70 0 1
          12 84 0 1 0 0
          6 30 0 15 0 31
          1 41 2 7 50 13
          0 17 50 0 1 2
          4 22 0 5 5 2
          0 15 31 0 1 0
          12 0 0 60 0 2
          0 2 2 2 19 2
          1 1 0 72 2 0
          2 4 0 13 2 3
          35 0 4 2 5 0
          9 37 0 4 1 58
          0 4 7 13 0 11
          1 27 51 0 1 4
          0 78 18 1 2 0
          0 7 8 1 0 0
          0 1 0 20 1 0
          5 4 19 0 0 0
          0 0 17 32 0 4
          41 3 17 3 3 37
          1 39 9 2 0 31
          0 16 0 14 0 26
          5 0 3 2 51 0
          1 6 2 58 6 1
          1 0 31 4 13 11
          1 12 44 1 0 5
          5 10 8 1 24 0
          0 23 41 0 4 40
          23 0 32 0 12 0
          5 48 0 58
        </DataArray>
        <DataArray type="Float64" Name="RegionSpan" format="ascii" RangeMin="1" RangeMax="154.18495178222656">
          2.2360680103302 1.4142135381698608 1.4142135381698608 1 1 2.2360680103302
          4.123105525970459 2.2360680103302 2.2360680103302 1 1.4142135381698608 3
          4.4721360206604 1 1.4142135381698608 1 1.4142135381698608 2.2360680103302
          2 10.29563045501709 2.2360680103302 2 1 1
          6.082762718200684 1.4142135381698608 2.2360680103302 2.2360680103302 1.4142135381698608 1
          2.2360680103302 1 3 2 1.4142135381698608 1
          2 1.4142135381698608 5.385164737701416 5 1.4142135381698608 3
          3.1622776985168457 1 2.2360680103302 1 2 2.8284270763397217
          6.4031243324279785 1 1 2.8284270763397217 1 1
          1.4142135381698608 3.605551242828369 1 1.4142135381698608 2.8284270763397217 1
          2.8284270763397217 5.656854152679443 12 4.242640495300293 3.1622776985168457 2
          9.433980941772461 1 1 2 1 3.605551242828369
          3.1622776985168457 1.4142135381698608 1 1 5 2
          1 1.4142135381698608 2.8284270763397217 4.123105525970459 1 1
          8.246211051940918 16 1 1 1 4.123105525970459
          1 2 2.2360680103302 2.2360680103302 1.4142135381698608 1
          1 6.082762718200684 1.4142135381698608 1 8.485280990600586 4.123105525970459
          1 1.4142135381698608 1.4142135381698608 2 4 1
          2.2360680103302 4.242640495300293 2.8284270763397217 6 7.6157732009887695 2.8284270763397217
          2.2360680103302 1.4142135381698608 2 3.605551242828369 7.6157732009887695 2.2360680103302
          1 1.4142135381698608 11.045360565185547 1 2.8284270763397217 1
          1.4142135381698608 3.1622776985168457 1.4142135381698608 1.4142135381698608 1 3.1622776985168457
          3.605551242828369 3.605551242828369 2 2 1 1
          1 3.605551242828369 4.123105525970459 1.4142135381698608 2 1
          6.4031243324279785 1 3 1 5.656854152679443 1.4142135381698608
          1.4142135381698608 1.4142135381698608 2.2360680103302 1 2 6.082762718200684
          1 1 1 1 1.4142135381698608 1
          1 1.4142135381698608 1 5.830951690673828 1.4142135381698608 1.4142135381698608
          14.21267032623291 1.4142135381698608 3.1622776985168457 4 1 5.385164737701416
          1 1.4142135381698608 1 2.8284270763397217 4.4721360206604 1
          15.81138801574707 7.071067810058594 3.1622776985168457 2 3.605551242828369 3
          1.4142135381698608 5 3.605551242828369 13.601470947265625 4.123105525970459 1
          2.2360680103302 1.4142135381698608 1.4142135381698608 2.2360680103302 1 2
          2.2360680103302 4 2.2360680103302 1 1 1
          1 2 2.2360680103302 5.385164737701416 1 1
          1 6.4031243324279785 1.4142135381698608 2.2360680103302 12.529964447021484 1
          1.4142135381698608 3.1622776985168457 2 6 1 1
          5.830951690673828 3.605551242828369 1.4142135381698608 1.4142135381698608 1 1
          10 2.2360680103302 4.123105525970459 3.1622776985168457 14.317821502685547 1
          1.4142135381698608 1 3 1 1 2
          12.165525436401367 1.4142135381698608 7.071067810058594 2.2360680103302 1 1.4142135381698608
          2 4.4721360206604 1 4.4721360206604 3.1622776985168457 3.1622776985168457
          10 2.2360680103302 2.2360680103302 13.928388595581055 2 1
          3.1622776985168457 13.34166431427002 1 1 1 7.211102485656738
          3.1622776985168457 5.385164737701416 10 1 2.2360680103302 1.4142135381698608
          1 14.03566837310791 1 3.1622776985168457 3.1622776985168457 1
          1 1.4142135381698608 2.2360680103302 1 2.8284270763397217 1
          6.7082037925720215 3.605551242828369 4.123105525970459 10.770329475402832 2.2360680103302 2
          2.2360680103302 1 14.03566837310791 1 1.4142135381698608 1
          1.4142135381698608 2.2360680103302 1 1 1 2
          20.248456954956055 11.045360565185547 20.615528106689453 11.704699516296387 1 2
          1.4142135381698608 1 1 21.954498291015625 7.211102485656738 10.198039054870605
          1 4.4721360206604 18 1 2.2360680103302 6.324555397033691
          16.552946090698242 4 1 20.248456954956055 18.601076126098633 5.830951690673828
          4.123105525970459 1.4142135381698608 1 1.4142135381698608 1 3.605551242828369
          2.8284270763397217 17.8885440826416 1.4142135381698608 8.246211051940918 18.439088821411133 4
          1 1.4142135381698608 1 1 3.1622776985168457 3.605551242828369
          13.416407585144043 18 22.803508758544922 5.385164737701416 14.142135620117188 5.099019527435303
          1 1.4142135381698608 1.4142135381698608 1 10.198039054870605 2
          2 2 4.4721360206604 2 3 1
          2.2360680103302 1 5.830951690673828 1 1 12.083045959472656
          19.92485809326172 1 2.2360680103302 1 1.4142135381698608 24.75883674621582
          2 10.198039054870605 17.492855072021484 1 1 1
          2.2360680103302 14.764822959899902 3.1622776985168457 2.2360680103302 11.704699516296387 18.384777069091797
          1 5 3.1622776985168457 1 2 5
          1.4142135381698608 3.1622776985168457 8.062257766723633 3 4.4721360206604 1.4142135381698608
          1 20.39607810974121 2.2360680103302 1.4142135381698608 2.2360680103302 1
          6.7082037925720215 1 1.4142135381698608 1 2.2360680103302 1
          1.4142135381698608 1 1 17.20465087890625 1 5.385164737701416
          4.242640495300293 1 1.4142135381698608 1 20.39607810974121 10.630146026611328
          1 1.4142135381698608 28.844409942626953 1 2.2360680103302 1.4142135381698608
          1 7.211102485656738 1.4142135381698608 3.1622776985168457 24.83948516845703 2.2360680103302
          2 1 9.433980941772461 1 1 2.2360680103302
          2 1 1.4142135381698608 3 1 1
          2.2360680103302 1 2 9.05538558959961 14.866068840026855 2.2360680103302
          2 5.099019527435303 1 1 22.203603744506836 1
          1 1 2 12.165525436401367 1 13.416407585144043
          1 1 4.242640495300293 1 2 1.4142135381698608
          1 24.20743751525879 4.123105525970459 1 1.4142135381698608 2.2360680103302
          1 8.9442720413208 1 2.2360680103302 13.03840446472168 8.246211051940918
          1.4142135381698608 1 8.5440034866333 1.4142135381698608 1 1.4142135381698608
          1 4 1 9.433980941772461 1 1.4142135381698608
          1 1 18.439088821411133 2.2360680103302 1 1
          3.605551242828369 2.8284270763397217 7.280109882354736 11.704699516296387 18.027755737304688 1
          1.4142135381698608 4.242640495300293 12.206555366516113 16.76305389404297 5.830951690673828 1
          17 1 20.02498435974121 1 12.206555366516113 1
          1.4142135381698608 17 1.4142135381698608 1 11.401754379272461 4.4721360206604
          5.099019527435303 1 3 5 2.2360680103302 1.4142135381698608
          15.132745742797852 1 10.630146026611328 1.4142135381698608 9.219544410705566 1.4142135381698608
          16.492422103881836 2.2360680103302 3 1 3.1622776985168457 1
          16.155494689941406 5.385164737701416 2.2360680103302 1.4142135381698608 4.242640495300293 1
          1 2 1 1 2.2360680103302 1
          6.324555397033691 13.45362377166748 1 2 14.142135620117188 9
          1 28.160255432128906 3.605551242828369 1 3.605551242828369 1
          2.2360680103302 1 2.2360680103302 1 2 4.242640495300293
          13.45362377166748 2.2360680103302 5 1 1 1
          2 1.4142135381698608 13.928388595581055 1 3.1622776985168457 23.76972770690918
          8.9442720413208 1 3.1622776985168457 1.4142135381698608 3 1
          1 1 1 21.931713104248047 1 31.890438079833984
          1 3.1622776985168457 13.601470947265625 2.2360680103302 1 1
          2 3 1 1.4142135381698608 5.099019527435303 1
          1.4142135381698608 25.961509704589844 1 2 1 1.4142135381698608
          32.202484130859375 9.433980941772461 29.681644439697266 1 4 7.280109882354736
          2.2360680103302 1 1 47.75981521606445 14.317821502685547 14.764822959899902
          20.808652877807617 17 1 1.4142135381698608 2.2360680103302 3.605551242828369
          15.620499610900879 1 1 1.4142135381698608 1 5.385164737701416
          1.4142135381698608 4.242640495300293 1 1.4142135381698608 2.2360680103302 1.4142135381698608
          1 1.4142135381698608 1 8.246211051940918 3 1
          4.4721360206604 1.4142135381698608 1 23.021728515625 1 1
          1.4142135381698608 1 1 1 21.840330123901367 2
          16.278820037841797 1 1.4142135381698608 16.031219482421875 3.1622776985168457 2.2360680103302
          5 2 1 14.142135620117188 13.928388595581055 1.4142135381698608
          2.2360680103302 1.4142135381698608 13.601470947265625 4.4721360206604 1 3.605551242828369
          6.324555397033691 3.1622776985168457 2 24.331050872802734 44.72135925292969 1
          18.027755737304688 4 6.324555397033691 18.681541442871094 5.830951690673828 4
          3.1622776985168457 1 1.4142135381698608 1 30.528675079345703 1.4142135381698608
          1 28.017850875854492 39.293766021728516 1 1 2
          1.4142135381698608 2.2360680103302 4.123105525970459 41.1096076965332 1 1
          1 17.69180679321289 1 2.2360680103302 1.4142135381698608 1
          10.29563045501709 13.34166431427002 1 1 5.830951690673828 1
          1 21.3775577545166 5.099019527435303 1 1 1
          1 1 42.43819046020508 1 1.4142135381698608 24.020824432373047
          2.2360680103302 1 1 1 2 1
          10.630146026611328 2 1 3.1622776985168457 1 10.440306663513184
          1.4142135381698608 13 9.899495124816895 1 2.2360680103302 10.816654205322266
          1.4142135381698608 13 82.8070068359375 21 9.433980941772461 27.073972702026367
          56.75385284423828 1 1 1.4142135381698608 1 12.165525436401367
          3.1622776985168457 1 2 1.4142135381698608 1 1
          1 1.4142135381698608 3.1622776985168457 2 21.470911026000977 1
          4 1 2 1.4142135381698608 1 1.4142135381698608
          1 3.605551242828369 4.123105525970459 2.8284270763397217 2.2360680103302 1
          19.646883010864258 1.4142135381698608 4 1 1 22.022714614868164
          1 1 2 24.020824432373047 1 23.021728515625
          1 1 1.4142135381698608 1.4142135381698608 15.132745742797852 2.8284270763397217
          1 1 5.099019527435303 1.4142135381698608 1 2.2360680103302
          1.4142135381698608 1 2.2360680103302 2 11.045360565185547 2.2360680103302
          1.4142135381698608 15.033296585083008 1 1 7.211102485656738 2.8284270763397217
          1 1 20 6.7082037925720215 1 38.4837646484375
          5 1 2.2360680103302 2.2360680103302 2.2360680103302 2
          2 2.2360680103302 1 1 5 1.4142135381698608
          1 1 1 1.4142135381698608 1.4142135381698608 3
          4.123105525970459 1 2.2360680103302 1 1 1
          5.099019527435303 2.8284270763397217 37.121421813964844 23.53720474243164 2.2360680103302 1
          1 2.2360680103302 2.2360680103302 1 1 1
          2 1 2.2360680103302 13 2.2360680103302 2.2360680103302
          1 3.1622776985168457 1.4142135381698608 3.605551242828369 2.2360680103302 2.2360680103302
          1.4142135381698608 1 24.20743751525879 12.165525436401367 1 13.45362377166748
          1 2 14.764822959899902 1.4142135381698608 2.2360680103302 2.2360680103302
          3.605551242828369 25.179357528686523 12.529964447021484 3 2 5.385164737701416
          2.2360680103302 5.385164737701416 2.2360680103302 1.4142135381698608 2 27.20294189453125
          5 3.1622776985168457 1 17.029386520385742 11.180339813232422 1.4142135381698608
          3 2.2360680103302 1.4142135381698608 2.2360680103302 1 1
          1 3.605551242828369 2 8.602325439453125 1.4142135381698608 1
          1.4142135381698608 1 5.385164737701416 1 1.4142135381698608 1.4142135381698608
          1.4142135381698608 1 2 5.099019527435303 8.062257766723633 1
          1 2 1 1 1 5
          1.4142135381698608 1 1 2.8284270763397217 10.440306663513184 2.2360680103302
          1.4142135381698608 12.206555366516113 1 1 2 1
          10.198039054870605 2 3.1622776985168457 2.2360680103302 25.298221588134766 7.071067810058594
          1 1.4142135381698608 1.4142135381698608 4.242640495300293 2.2360680103302 1.4142135381698608
          9.848857879638672 1 28.635643005371094 3.605551242828369 30.4138126373291 1
          5.656854152679443 1 24.59674835205078 4.123105525970459 14.317821502685547 19.697715759277344
          3 2.2360680103302 7.280109882354736 4.4721360206604 21.540658950805664 5.830951690673828
          5.385164737701416 1.4142135381698608 21.40093421936035 1 60.074954986572266 1
          1 4 1 4 1.4142135381698608 10.198039054870605
          1 19.02629852294922 3 59.236812591552734 2.8284270763397217 1
          24.515300750732422 1 1 3.605551242828369 1 6
          2 35.22782897949219 1 1 20.880613327026367 42.04759216308594
          50.48762130737305 1 23 1 2.2360680103302 8.485280990600586
          20.2237491607666 1.4142135381698608 2.2360680103302 3.1622776985168457 6.7082037925720215 4.242640495300293
          7.8102498054504395 32.80244064331055 2 3 2 4.242640495300293
          1.4142135381698608 1.4142135381698608 1.4142135381698608 21.840330123901367 11.180339813232422 1
          3 1 5.385164737701416 15.81138801574707 1 1
          2.2360680103302 2.2360680103302 6 43.8292121887207 2.2360680103302 52.345008850097656
          1 1 6 1 1.4142135381698608 5.830951690673828
          39.20458984375 2.2360680103302 1 3.1622776985168457 1 1
          20.02498435974121 2.2360680103302 2.8284270763397217 5.656854152679443 1 1
          1.4142135381698608 2.2360680103302 1 1 16.031219482421875 1
          3.1622776985168457 3.1622776985168457 22.360679626464844 4.123105525970459 1 1.4142135381698608
          44.283180236816406 32.015621185302734 1 2 1 1
          6.4031243324279785 2 2.8284270763397217 3 5.385164737701416 2
          1.4142135381698608 2 1 1 1 1.4142135381698608
          58.00862121582031 43.8292121887207 29.73213768005371 1 1 1.4142135381698608
          7.211102485656738 1 7.6157732009887695 1 1 1
          3.1622776985168457 1 3.1622776985168457 1.4142135381698608 1.4142135381698608 1.4142135381698608
          26.172504425048828 2.2360680103302 35.1710090637207 2.2360680103302 1 1.4142135381698608
          1 5.385164737701416 5 17.804492950439453 1 28.460498809814453
          1 1 1 2.2360680103302 6.7082037925720215 2
          1 11.180339813232422 5.099019527435303 1.4142135381698608 22.090721130371094 1
          1 23.021728515625 1 9.433980941772461 39.924930572509766 1
          2.2360680103302 26.4007568359375 1 1.4142135381698608 34.36568069458008 6.324555397033691
          29.154760360717773 5 5 2 1 2.2360680103302
          2 1 3 46.40043258666992 7.211102485656738 1
          50.15974426269531 1 1 1 8.062257766723633 2.2360680103302
          1.4142135381698608 48.10405349731445 2.2360680103302 2.2360680103302 2 50.15974426269531
          48.10405349731445 1 1 3.605551242828369 9 3.1622776985168457
          29.698484420776367 10.198039054870605 21.3775577545166 1 4 2.2360680103302
          38.587562561035156 1 20.880613327026367 41.67733383178711 30 1
          1 30.08321762084961 44.384681701660156 25.01999282836914 2.2360680103302 59.05929183959961
          1 1.4142135381698608 1 1.4142135381698608 3.1622776985168457 6
          1 1 19.92485809326172 1 1 9.05538558959961
          1 1.4142135381698608 87.46427917480469 2.2360680103302 8.246211051940918 18.973665237426758
          5 1.4142135381698608 4.4721360206604 57.982757568359375 2.8284270763397217 56.46237564086914
          1.4142135381698608 1 1 1 1 1.4142135381698608
          27.658634185791016 54.7813835144043 1 1.4142135381698608 1 1.4142135381698608
          21.540658950805664 6.7082037925720215 11.045360565185547 77.5241928100586 62.169124603271484 1.4142135381698608
          1 1.4142135381698608 7.8102498054504395 19.416488647460938 1 1
          1 1.4142135381698608 8.485280990600586 2.2360680103302 55.17245864868164 1
          1 65.29930877685547 75.27283477783203 1 2 73.24616241455078
          2 1.4142135381698608 68.50547790527344 2 1 11.045360565185547
          1.4142135381698608 1 69.89277648925781 22.203603744506836 1 54.037025451660156
          2.2360680103302 1.4142135381698608 23.706539154052734 1.4142135381698608 2 37.64305877685547
          3.605551242828369 4 1.4142135381698608 1 2.2360680103302 3.1622776985168457
          2.2360680103302 1 1 47.85394287109375 1 34
          1.4142135381698608 63.5688591003418 1 2.2360680103302 8.246211051940918 1
          2.2360680103302 18 22.803508758544922 1 2 13
          1 2 1 3 1.4142135381698608 16.124515533447266
          1 50.447994232177734 1 6.324555397033691 1 2.2360680103302
          2.2360680103302 52.15361785888672 123.00406646728516 138.51353454589844 45.89117431640625 3
          41.03656768798828 1 77.23341369628906 1 1 1
          43.8292121887207 1.4142135381698608 18.027755737304688 26.90724754333496 1 18
          3.1622776985168457 1 75.1664810180664 2.2360680103302 1 2
          2.2360680103302 1.4142135381698608 1 1 67.62396240234375 1.4142135381698608
          2.2360680103302 2.2360680103302 67.11929321289062 1.4142135381698608 1 1.4142135381698608
          2.2360680103302 1 1 67.72000885009766 1.4142135381698608 1
          9.05538558959961 1 1 3.1622776985168457 3.605551242828369 43.416587829589844
          1 66.7607650756836 1.4142135381698608 46.48655700683594 9.899495124816895 24.083189010620117
          3.605551242828369 22.022714614868164 1 2 2 63.95310592651367
          1 1.4142135381698608 1 1 9.486832618713379 16.6433162689209
          4 3.605551242828369 20.248456954956055 1 5.656854152679443 1
          1.4142135381698608 1 8 46.615447998046875 2.2360680103302 84.2911605834961
          47.75981521606445 44.271888732910156 85.28775024414062 1 2.2360680103302 1
          1 14.21267032623291 56.035701751708984 1.4142135381698608 2 1
          2 1 75.00666809082031 1 1.4142135381698608 2.2360680103302
          34.71310806274414 1.4142135381698608 14.03566837310791 1.4142135381698608 1 1
          2.8284270763397217 67.89698028564453 1.4142135381698608 1 65.30696868896484 1
          1.4142135381698608 1 32.202484130859375 1 2.2360680103302 45.486263275146484
          2.2360680103302 2.8284270763397217 66.18912506103516 1 5 1
          1.4142135381698608 3 1 1.4142135381698608 1 7.6157732009887695
          19.72308349609375 1 1.4142135381698608 8.246211051940918 1 5.099019527435303
          2.2360680103302 2 3.1622776985168457 2.2360680103302 18.601076126098633 59.6824951171875
          3.1622776985168457 1 37.64305877685547 25.079872131347656 49.57822036743164 1.4142135381698608
          1.4142135381698608 4.123105525970459 1.4142135381698608 42.54409408569336 70.43436431884766 1
          1.4142135381698608 1 66.18912506103516 63.56099319458008 4.4721360206604 1.4142135381698608
          42.42640686035156 20.880613327026367 1.4142135381698608 1.4142135381698608 2.2360680103302 62.7694206237793
          5 76.5506362915039 1.4142135381698608 48.041648864746094 45.607017517089844 105.75916290283203
          1 2.8284270763397217 1 4.4721360206604 1.4142135381698608 1
          65.29930877685547 2.8284270763397217 2.2360680103302 1 1.4142135381698608 1.4142135381698608
          92.19544219970703 1.4142135381698608 2.2360680103302 5 1 1.4142135381698608
          30.08321762084961 61.22091293334961 29.120439529418945 1 2.2360680103302 2
          15.81138801574707 1 1 1.4142135381698608 3.1622776985168457 27.018512725830078
          2 1 1.4142135381698608 5 25.179357528686523 82.09750366210938
          1.4142135381698608 62.96824645996094 46.81879806518555 3.605551242828369 24.020824432373047 1
          52.63079071044922 3.1622776985168457 40.4474983215332 1 2.2360680103302 76.02631378173828
          72.09021759033203 3 1 57.070133209228516 7.8102498054504395 7
          1 1 1 7.6157732009887695 3.1622776985168457 1.4142135381698608
          27.892650604248047 43.104522705078125 1 2.2360680103302 1 29.42787742614746
          1 1 71.7844009399414 1 1.4142135381698608 5.656854152679443
          114.03946685791016 1 1.4142135381698608 2.2360680103302 1 48.27007293701172
          1 1 1 1 25.63201141357422 1.4142135381698608
          55.03635025024414 2.2360680103302 1 15.620499610900879 3.1622776985168457 1.4142135381698608
          92.89241027832031 1 1 38.18376541137695 2.2360680103302 1.4142135381698608
          5.385164737701416 88 3.1622776985168457 21.21320343017578 1 1
          2 2 1.4142135381698608 1 2.2360680103302 1.4142135381698608
          23 1.4142135381698608 1 2.2360680103302 5.656854152679443 1
          5.385164737701416 5.830951690673828 25.179357528686523 1.4142135381698608 1 2
          14.422204971313477 38.62641525268555 10 7.211102485656738 2.2360680103302 10.198039054870605
          55.865909576416016 70.72481536865234 1 10.29563045501709 5.099019527435303 77.23341369628906
          28.301942825317383 1 48.3735466003418 1 1 2.2360680103302
          2.2360680103302 11.180339813232422 24 63.639610290527344 1 36.67424011230469
          22.472204208374023 1 3.1622776985168457 28.65309715270996 1.4142135381698608 3.1622776985168457
          1 1 1 13.34166431427002 7.071067810058594 5
          1 52.345008850097656 1.4142135381698608 1 1 6.7082037925720215
          1 41.231056213378906 1.4142135381698608 3.605551242828369 1 2
          1.4142135381698608 1 1 13.892443656921387 2.2360680103302 2.2360680103302
          5.099019527435303 1 1 1 33.734256744384766 2.2360680103302
          1 1 1 1 3 2.2360680103302
          1 39.924930572509766 1 1 2.2360680103302 1.4142135381698608
          39.458839416503906 1 14.422204971313477 9.219544410705566 1 1
          22.472204208374023 1 19.79899024963379 40.804412841796875 91.54779815673828 1
          1 2 1.4142135381698608 1 1 1.4142135381698608
          72.18032836914062 1 1 6.4031243324279785 1.4142135381698608 1
          1 1 1 2.8284270763397217 1 1
          3.1622776985168457 68 44.0113639831543 1 1 1.4142135381698608
          1 86.02325439453125 1 1 62.64982223510742 11.180339813232422
          1 1 111.57060241699219 1 2 31.906112670898438
          5.385164737701416 59.05929183959961 2 1 59.9416389465332 10.630146026611328
          1 4.123105525970459 1 3.605551242828369 1 64.28063201904297
          1 1 1.4142135381698608 30.805843353271484 55.71355438232422 23.323806762695312
          2.2360680103302 9.219544410705566 1 1 52.39274597167969 12.041594505310059
          1 2.2360680103302 1 1.4142135381698608 2 2.2360680103302
          53.75872039794922 1 1.4142135381698608 1 1 1
          2 1 66.7607650756836 111.64676666259766 11.313708305358887 1
          1.4142135381698608 1.4142135381698608 1 1 1 4
          1 2.2360680103302 2.2360680103302 1 76.41989135742188 1
          102.35721588134766 1 3.605551242828369 1 3.1622776985168457 1
          1 16.970561981201172 1.4142135381698608 3.1622776985168457 102.48902130126953 1
          1.4142135381698608 1 6.082762718200684 4.4721360206604 1 97.06183624267578
          20.615528106689453 1.4142135381698608 1.4142135381698608 88.48163604736328 1.4142135381698608 1.4142135381698608
          1 1 2.2360680103302 2 2 98.41239929199219
          1 23.76972770690918 29.068883895874023 1 51.4781494140625 2.2360680103302
          1 72.44308471679688 1 1 1 1.4142135381698608
          1 107.91200256347656 1 2.2360680103302 1.4142135381698608 1
          1 38.327537536621094 1.4142135381698608 26 1 1
          2 2 1.4142135381698608 1 1 87.92041778564453
          2 38.897300720214844 12.806248664855957 1 1 1
          2.2360680103302 4.123105525970459 1 50.93132781982422 1 13
          2.2360680103302 1.4142135381698608 5.385164737701416 2.2360680103302 3.605551242828369 3.1622776985168457
          1 5.099019527435303 2.2360680103302 1 1 2.2360680103302
          1 57.00876998901367 13.601470947265625 50.91168975830078 69.20259857177734 52.009613037109375
          46.840152740478516 2.2360680103302 35.35533905029297 1 75 1
          3.1622776985168457 10.440306663513184 3.605551242828369 6.4031243324279785 3.1622776985168457 2
          1 98.89894104003906 1 2 2.2360680103302 23.34523582458496
          7.211102485656738 2 1 1 1 93.64827728271484
          2 1.4142135381698608 44.0113639831543 1 1 2.2360680103302
          54.00925827026367 18.439088821411133 2 1 1.4142135381698608 1
          1 2.2360680103302 1 1 3 1
          1 1 44.94440841674805 1 3 1.4142135381698608
          1 1 2.2360680103302 3.605551242828369 28.160255432128906 108.7474136352539
          1 8.602325439453125 1 1 2.2360680103302 10.198039054870605
          5.099019527435303 1 10.198039054870605 52.009613037109375 1.4142135381698608 2
          2 2 53.75872039794922 9.219544410705566 1 1.4142135381698608
          15.65247631072998 1 19.84943389892578 1 2 3.1622776985168457
          1 10.198039054870605 1 12.727922439575195 1 64.51356506347656
          56.88584899902344 2.2360680103302 1.4142135381698608 1 60.008331298828125 1
          3.1622776985168457 3.605551242828369 2 2.2360680103302 2.2360680103302 1
          2 2 93.4772720336914 12.041594505310059 2.2360680103302 1
          90.09439849853516 28.017850875854492 39.051246643066406 1 86.03487396240234 1
          1 11.045360565185547 13.34166431427002 1 40.52159881591797 3
          1.4142135381698608 1 1 65.4904556274414 78.025634765625 1
          58.30952072143555 100.40418243408203 32.202484130859375 29.068883895874023 39.69886779785156 28.460498809814453
          1 11.045360565185547 1 2.2360680103302 1 23.430749893188477
          1.4142135381698608 4.4721360206604 86.12781524658203 4.123105525970459 1.4142135381698608 1
          1.4142135381698608 1 1 1 1.4142135381698608 9
          129.49517822265625 100.60317993164062 2 2 1 3
          1.4142135381698608 30.528675079345703 2 9.848857879638672 1 34.928497314453125
          67.47592163085938 1 1 2.2360680103302 1.4142135381698608 5.385164737701416
          44.9110221862793 1 1 1 4.123105525970459 52
          2.2360680103302 1 1 4.123105525970459 1 3.1622776985168457
          91.23595428466797 1 1.4142135381698608 63.639610290527344 1 4.123105525970459
          1 79.39773559570312 6.7082037925720215 85.5628433227539 127.88275909423828 3.1622776985168457
          7.280109882354736 1 77.36924743652344 7.8102498054504395 19.416488647460938 75.59100341796875
          94.93682098388672 92.13577270507812 1 1 76.16429901123047 2.2360680103302
          105.10946655273438 1.4142135381698608 126.49110412597656 76.53103637695312 1 2
          87.32124328613281 1 30.805843353271484 1.4142135381698608 110.57124328613281 1.4142135381698608
          13.601470947265625 1 110.63905334472656 1 6.324555397033691 1.4142135381698608
          112.94689178466797 3.605551242828369 1.4142135381698608 1 130.64837646484375 1.4142135381698608
          2.8284270763397217 109.60382843017578 10 124.35433197021484 1.4142135381698608 1
          2 130.29197692871094 2.2360680103302 145 1.4142135381698608 7.280109882354736
          5.099019527435303 25.612497329711914 130.60244750976562 36.34556198120117 4.123105525970459 2
          2.2360680103302 51.62363815307617 1.4142135381698608 51.244510650634766 31.11269760131836 1.4142135381698608
          1 1 4.123105525970459 1 29.42787742614746 1.4142135381698608
          2.8284270763397217 2.2360680103302 36.24913787841797 12.041594505310059 2 41.48493576049805
          1 1 2 1 1 18.384777069091797
          1 1.4142135381698608 1 3 24.73863410949707 7.280109882354736
          1.4142135381698608 76.05918884277344 1.4142135381698608 2 40.01249694824219 2.2360680103302
          6.7082037925720215 39.81205749511719 2.2360680103302 1 78.4091796875 108.85311126708984
          3.605551242828369 1 100.42410278320312 30.463092803955078 26.832815170288086 1.4142135381698608
          4.123105525970459 1 12.041594505310059 1 81.54139709472656 3.605551242828369
          1.4142135381698608 1.4142135381698608 1 2.8284270763397217 2.2360680103302 12.206555366516113
          1 2.2360680103302 24.020824432373047 53 1.4142135381698608 33.95585250854492
          99.6242904663086 1 1.4142135381698608 84.5813217163086 95.13148498535156 12.806248664855957
          1.4142135381698608 5 1 3 30.364452362060547 2.2360680103302
          1 45.27692413330078 53.075416564941406 1.4142135381698608 92.19544219970703 1.4142135381698608
          54.5618896484375 2.2360680103302 1 64.03124237060547 1 2
          10.29563045501709 13.416407585144043 2.2360680103302 65.21502685546875 5.656854152679443 109.73149108886719
          15 1 1.4142135381698608 1 55.081756591796875 1
          1 76.6093978881836 120.92973327636719 9.848857879638672 4.4721360206604 1
          2 1 65 1 1.4142135381698608 26.4007568359375
          101.82828521728516 1.4142135381698608 1 1 1 2.2360680103302
          1 65.19202423095703 1.4142135381698608 1 1 52.39274597167969
          1 1 61.269893646240234 2.8284270763397217 1.4142135381698608 1
          2.2360680103302 78.29431915283203 68.94200134277344 68 2.2360680103302 55.71355438232422
          49.47726821899414 1 4.4721360206604 1.4142135381698608 56.51548385620117 1
          1 1.4142135381698608 88.23831176757812 95.21029663085938 1 2.8284270763397217
          2.2360680103302 58.830265045166016 1 2 26.925823211669922 1
          26.832815170288086 4.123105525970459 52.801513671875 53 1.4142135381698608 1
          23.76972770690918 3.605551242828369 9.433980941772461 5.656854152679443 1 15.524174690246582
          1 1.4142135381698608 3.605551242828369 7.280109882354736 34.058773040771484 6.7082037925720215
          57.21887969970703 1 7.6157732009887695 131.24404907226562 2.8284270763397217 3.1622776985168457
          16.401220321655273 5 1 1.4142135381698608 1 68.818603515625
          1 56.04462432861328 1 3.1622776985168457 1.4142135381698608 1
          1.4142135381698608 48.010414123535156 1 45.607017517089844 3.1622776985168457 26.925823211669922
          25.495098114013672 3.1622776985168457 41.617305755615234 4.123105525970459 26.62705421447754 63.411354064941406
          38.01315689086914 29.529645919799805 58.215118408203125 1 1 1
          2 1 139.4632568359375 72.18032836914062 35.84689712524414 55.56977462768555
          1 114.03946685791016 8.062257766723633 28.635643005371094 1 2.2360680103302
          2.2360680103302 105.22357177734375 143.19915771484375 93.81364440917969 7.211102485656738 30.4138126373291
          1.4142135381698608 1.4142135381698608 1 1 1 28.635643005371094
          1 1 31.78049659729004 1 1.4142135381698608 1
          1 1 2 1.4142135381698608 14.560219764709473 2
          33.83784866333008 1.4142135381698608 33.734256744384766 1 1 1
          48.041648864746094 1.4142135381698608 1 2.2360680103302 121.43310546875 92.6552734375
          5 2 1 35.902645111083984 59.50630187988281 1
          1 1 1 54.58937454223633 2.8284270763397217 11.661903381347656
          1 30.232433319091797 35.35533905029297 3.1622776985168457 4.242640495300293 1
          1 11.704699516296387 1.4142135381698608 1 1 1.4142135381698608
          1.4142135381698608 54.4058837890625 54.708316802978516 1 2 1
          21.189620971679688 1 3.605551242828369 1 1 30.08321762084961
          3.1622776985168457 27.459060668945312 1 1.4142135381698608 1.4142135381698608 1
          29.4108829498291 2.2360680103302 2.2360680103302 40.26164245605469 144.5856170654297 2.2360680103302
          111.89280700683594 2 1.4142135381698608 38.18376541137695 1 1
          1 76.53103637695312 1 77.78174591064453 78.26238250732422 1.4142135381698608
          1 1.4142135381698608 2.8284270763397217 1.4142135381698608 2.2360680103302 1
          1 54.4058837890625 1 103.4069595336914 101.212646484375 49.648765563964844
          3.605551242828369 2.2360680103302 1 84.01190185546875 1 8.5440034866333
          87.82368469238281 24.75883674621582 1 78.4091796875 1 1.4142135381698608
          62.93647766113281 2 1 5.099019527435303 54.33230972290039 1.4142135381698608
          85 3 1 2.2360680103302 2.2360680103302 33.060550689697266
          46.22769546508789 1.4142135381698608 17 1 1 1
          1 3.1622776985168457 1.4142135381698608 1 4.4721360206604 61.13100814819336
          5.830951690673828 2 2 1 1 1
          1 1 2.2360680103302 1.4142135381698608 23.34523582458496 19.10497283935547
          52.77309799194336 60.41522979736328 17.11724281311035 35.22782897949219 12.727922439575195 52.49761962890625
          55.36244201660156 150.233154296875 1.4142135381698608 1 2.2360680103302 111.8659896850586
          1.4142135381698608 12.041594505310059 1 1 10.816654205322266 103.00485229492188
          154.18495178222656 2.2360680103302 1.4142135381698608 17.492855072021484 1 52.239830017089844
          2.2360680103302 52.49761962890625 54.81787872314453 48.041648864746094 49.47726821899414 52.611785888671875
          1 1 1 70.23532104492188 1 1
          25 42 1.4142135381698608 1.4142135381698608 1.4142135381698608 1.4142135381698608
          107.37783813476562 106.56922912597656 1 1 5.099019527435303 43.600460052490234
          12 54.5618896484375 1.4142135381698608 1 1.4142135381698608 52.77309799194336
          3.1622776985168457 55.4707145690918 1.4142135381698608 1 54.00925827026367 1
          37.58989334106445 1 13.601470947265625 33.30165100097656 22 1
          1 56.29387283325195 49.01020431518555 1.4142135381698608 16.031219482421875 1.4142135381698608
          54.5710563659668 2.2360680103302 1 55.31726837158203 1 1
          1 2.2360680103302 1 9.899495124816895 64.76110076904297 61.057350158691406
          5.385164737701416 1 44.777225494384766 1 2.2360680103302 1
          1 1.4142135381698608 23.25940704345703 1 2.2360680103302 53.16013717651367
          15.033296585083008 2 6.7082037925720215 1.4142135381698608 8.062257766723633 17.262676239013672
          2.8284270763397217 1 1 56.4358024597168 55.90169906616211 22.825424194335938
          1.4142135381698608 22.360679626464844 30.805843353271484 3 1 42.01190185546875
          11.180339813232422 1.4142135381698608 58.18075180053711 58.051700592041016 1 1
          71.16881561279297 1.4142135381698608 2.2360680103302 40.04996871948242 1 1.4142135381698608
          5.385164737701416 25.612497329711914 1 1 1 1
          3.1622776985168457 51.7397346496582 1 5.099019527435303 33.83784866333008 41.59326934814453
          1 56.080299377441406 2.2360680103302 15.81138801574707 49.20365905761719 5.830951690673828
          1.4142135381698608 50 43.73785400390625 1.4142135381698608 2.2360680103302 1
          2 45.31004333496094 1.4142135381698608 35 18.384777069091797 2
          1.4142135381698608 49.57822036743164 5 1.4142135381698608 1 1
          37.57658767700195 1 1 39.4461669921875 1 2
          1 1.4142135381698608 1.4142135381698608 1 57.384666442871094 2
          3.605551242828369 2.2360680103302 3 6.082762718200684 1 1
          3.605551242828369 1.4142135381698608 1 26.419689178466797 28.17800521850586 3.605551242828369
          25.079872131347656 1 22.135944366455078 6.7082037925720215 20 1
          20.39607810974121 17.029386520385742 1 2 1 21.40093421936035
          2.2360680103302 2.2360680103302 3.1622776985168457 7.280109882354736 1 4.4721360206604
          1.4142135381698608 21.21320343017578 21.260292053222656 1 1.4142135381698608 1.4142135381698608
          1 2 4.123105525970459 1.4142135381698608 2 1
          1 2 2.2360680103302 2 1 1
          2 1.4142135381698608 15.264337539672852 23.021728515625 1 1.4142135381698608
          4.4721360206604 24.083189010620117 21.540658950805664 3.605551242828369 1 1
          7.280109882354736 1 17 17.029386520385742 2.2360680103302 17.8885440826416
          27.018512725830078 2.2360680103302 3.605551242828369 1.4142135381698608 26.172504425048828 21.63330841064453
          2 2 3 1 1.4142135381698608 18
          1 19 1.4142135381698608 3.605551242828369 4.4721360206604 21.095022201538086
          2 1 2 13.928388595581055 10.29563045501709 1
          1 4.4721360206604 5.099019527435303 26.172504425048828 2 2
          1.4142135381698608 1.4142135381698608 21.095022201538086 3.1622776985168457 10.770329475402832 11.045360565185547
          1 2.2360680103302 2.2360680103302 1 1 1.4142135381698608
          17.69180679321289 27.80287742614746 10.198039054870605 3.605551242828369 24.83948516845703 1
          3.1622776985168457 14.560219764709473 10.770329475402832 1 2.2360680103302 1.4142135381698608
          12.041594505310059 1 3 1 4.123105525970459 1
          5.385164737701416 4 1 8.5440034866333
        </DataArray>
      </CellData>
      <Points>
        <DataArray type="Float32" Name="Points" NumberOfComponents="3" format="ascii" RangeMin="3" RangeMax="224.8599564173221">
          109 115 0 107 116 0
          158 151 0 157 150 0
          111 117 0 110 116 0
          158 153 0 158 152 0
          156 150 0 159 148 0
          148 135 0 149 137 0
          141 133 0 143 134 0
          150 137 0 106 117 0
          106 114 0 143 131 0
          143 132 0 133 5 0
          132 6 0 106 113 0
          138 7 0 137 6 0
          153 142 0 154 144 0
          130 6 0 115 119 0
          128 19 0 126 18 0
          123 6 0 125 6 0
          159 147 0 153 148 0
          153 149 0 146 134 0
          147 135 0 151 158 0
          149 159 0 113 9 0
          111 10 0 143 135 0
          144 134 0 144 133 0
          127 16 0 153 152 0
          110 3 0 110 5 0
          113 13 0 112 12 0
          126 6 0 127 6 0
          148 158 0 102 151 0
          107 153 0 141 128 0
          142 129 0 105 4 0
          108 4 0 159 156 0
          158 156 0 115 121 0
          117 122 0 153 153 0
          117 142 0 117 143 0
          159 159 0 159 158 0
          135 150 0 133 152 0
          101 11 0 101 10 0
          101 9 0 136 15 0
          135 14 0 155 154 0
          124 144 0 123 144 0
          154 155 0 159 83 0
          157 81 0 110 10 0
          145 133 0 152 156 0
          102 13 0 140 153 0
          142 153 0 151 153 0
          130 20 0 129 20 0
          118 143 0 105 9 0
          103 9 0 114 2 0
          114 3 0 120 142 0
          110 9 0 109 9 0
          111 12 0 157 47 0
          159 47 0 103 13 0
          111 6 0 114 10 0
          130 16 0 157 79 0
          156 79 0 151 152 0
          153 145 0 121 6 0
          155 144 0 156 78 0
          131 16 0 132 152 0
          131 152 0 104 13 0
          105 12 0 130 152 0
          149 89 0 150 89 0
          108 9 0 113 4 0
          123 143 0 124 22 0
          150 90 0 100 7 0
          101 6 0 124 143 0
          119 122 0 112 4 0
          143 153 0 154 78 0
          137 19 0 135 21 0
          139 133 0 105 7 0
          120 22 0 122 23 0
          132 153 0 139 158 0
          137 158 0 125 141 0
          120 141 0 159 48 0
          95 12 0 97 10 0
          138 133 0 135 12 0
          134 13 0 153 90 0
          133 19 0 132 20 0
          96 9 0 132 21 0
          133 21 0 128 134 0
          127 137 0 154 159 0
          140 156 0 135 158 0
          121 153 0 123 153 0
          154 77 0 154 76 0
          134 21 0 153 76 0
          123 147 0 120 7 0
          142 140 0 140 140 0
          134 14 0 119 124 0
          137 127 0 138 127 0
          82 137 0 79 137 0
          133 153 0 155 51 0
          78 136 0 130 122 0
          129 124 0 155 159 0
          91 148 0 93 148 0
          123 23 0 111 16 0
          111 15 0 140 139 0
          118 4 0 118 5 0
          130 22 0 131 21 0
          120 124 0 159 94 0
          158 94 0 146 138 0
          147 138 0 98 11 0
          121 143 0 143 81 0
          144 82 0 155 90 0
          156 89 0 136 11 0
          129 152 0 117 2 0
          116 2 0 152 140 0
          128 152 0 133 23 0
          133 22 0 128 124 0
          126 126 0 133 154 0
          148 154 0 149 154 0
          158 58 0 159 55 0
          152 75 0 158 91 0
          159 53 0 158 52 0
          116 120 0 115 16 0
          156 88 0 151 83 0
          150 84 0 152 80 0
          153 79 0 149 84 0
          148 84 0 151 86 0
          151 84 0 94 148 0
          95 146 0 116 16 0
          117 16 0 98 146 0
          97 146 0 120 118 0
          119 118 0 152 74 0
          117 6 0 119 6 0
          124 127 0 130 23 0
          117 17 0 156 51 0
          147 84 0 144 151 0
          117 119 0 146 87 0
          147 85 0 130 11 0
          143 151 0 127 150 0
          128 151 0 117 109 0
          117 111 0 130 24 0
          133 155 0 115 113 0
          116 112 0 144 149 0
          145 149 0 122 147 0
          130 21 0 126 117 0
          124 116 0 123 149 0
          123 148 0 145 150 0
          149 79 0 148 79 0
          155 94 0 133 9 0
          132 9 0 82 121 0
          83 122 0 146 89 0
          145 82 0 126 138 0
          120 157 0 120 155 0
          147 153 0 95 7 0
          96 7 0 145 85 0
          138 151 0 88 125 0
          87 123 0 152 81 0
          123 154 0 115 19 0
          115 18 0 147 145 0
          147 146 0 83 148 0
          84 148 0 141 157 0
          145 144 0 146 144 0
          122 150 0 142 156 0
          122 2 0 123 2 0
          146 147 0 147 147 0
          87 147 0 128 139 0
          127 139 0 117 112 0
          150 70 0 149 72 0
          95 145 0 106 16 0
          105 16 0 126 140 0
          129 158 0 130 156 0
          157 39 0 155 39 0
          42 148 0 43 146 0
          159 87 0 159 86 0
          79 147 0 78 147 0
          128 23 0 129 22 0
          148 147 0 121 11 0
          120 10 0 112 0 0
          110 1 0 143 144 0
          144 144 0 77 147 0
          76 147 0 118 21 0
          127 155 0 111 19 0
          111 18 0 126 156 0
          137 146 0 136 146 0
          147 79 0 123 128 0
          117 21 0 118 3 0
          153 53 0 154 53 0
          146 148 0 122 128 0
          107 18 0 114 115 0
          144 139 0 123 116 0
          108 17 0 109 19 0
          110 19 0 73 148 0
          75 150 0 147 80 0
          89 148 0 119 128 0
          84 122 0 119 14 0
          118 13 0 69 142 0
          69 141 0 154 94 0
          94 159 0 96 156 0
          116 23 0 157 90 0
          149 54 0 80 154 0
          79 154 0 81 158 0
          80 159 0 73 143 0
          72 142 0 115 23 0
          85 122 0 112 157 0
          110 157 0 109 153 0
          123 138 0 123 140 0
          104 19 0 105 19 0
          82 147 0 83 154 0
          83 155 0 74 134 0
          68 141 0 86 122 0
          125 150 0 122 118 0
          121 118 0 122 114 0
          121 114 0 123 117 0
          96 19 0 98 19 0
          75 151 0 73 151 0
          74 151 0 79 159 0
          133 134 0 131 133 0
          113 23 0 18 87 0
          15 88 0 147 66 0
          148 68 0 140 83 0
          99 19 0 155 34 0
          156 31 0 99 47 0
          100 47 0 53 146 0
          51 146 0 50 147 0
          149 31 0 146 31 0
          108 22 0 109 21 0
          113 22 0 101 114 0
          70 143 0 130 146 0
          131 147 0 106 45 0
          107 47 0 140 84 0
          80 148 0 138 45 0
          139 45 0 73 135 0
          153 93 0 154 93 0
          53 145 0 100 114 0
          112 22 0 74 153 0
          74 152 0 70 144 0
          53 144 0 48 147 0
          95 16 0 124 159 0
          124 158 0 81 147 0
          140 30 0 141 30 0
          150 73 0 139 43 0
          139 44 0 72 145 0
          73 146 0 140 45 0
          147 74 0 148 76 0
          156 29 0 155 30 0
          111 23 0 139 139 0
          137 44 0 136 125 0
          136 126 0 157 74 0
          156 74 0 150 50 0
          151 50 0 73 144 0
          107 51 0 109 51 0
          124 26 0 123 26 0
          145 30 0 88 159 0
          91 159 0 120 114 0
          78 154 0 81 154 0
          128 128 0 127 128 0
          123 114 0 78 152 0
          73 139 0 111 140 0
          111 141 0 85 135 0
          85 136 0 75 144 0
          74 144 0 101 47 0
          137 29 0 138 29 0
          83 93 0 81 93 0
          111 24 0 111 123 0
          150 72 0 138 139 0
          132 56 0 129 53 0
          112 123 0 96 113 0
          98 113 0 111 26 0
          111 25 0 103 23 0
          104 23 0 148 55 0
          100 22 0 101 20 0
          134 129 0 135 129 0
          139 29 0 140 29 0
          21 156 0 20 158 0
          105 50 0 104 49 0
          135 145 0 135 146 0
          99 150 0 103 43 0
          104 44 0 123 134 0
          123 135 0 110 25 0
          129 120 0 129 121 0
          98 130 0 98 134 0
          141 31 0 104 24 0
          0 155 0 1 155 0
          102 48 0 100 20 0
          4 154 0 3 154 0
          143 31 0 66 80 0
          68 82 0 71 147 0
          136 44 0 143 42 0
          142 41 0 90 126 0
          140 79 0 71 148 0
          149 48 0 149 49 0
          152 44 0 152 45 0
          101 24 0 101 23 0
          137 142 0 138 141 0
          103 48 0 129 0 0
          129 1 0 128 119 0
          127 119 0 36 154 0
          40 151 0 68 127 0
          67 129 0 102 24 0
          70 153 0 71 153 0
          94 1 0 95 0 0
          154 31 0 118 28 0
          135 33 0 136 31 0
          141 46 0 140 46 0
          53 137 0 56 138 0
          48 146 0 112 125 0
          114 124 0 143 43 0
          144 43 0 112 141 0
          23 105 0 23 107 0
          109 158 0 109 157 0
          118 29 0 140 70 0
          140 71 0 50 141 0
          132 145 0 145 40 0
          146 40 0 153 39 0
          109 28 0 139 79 0
          146 33 0 139 14 0
          138 14 0 158 41 0
          148 41 0 148 42 0
          133 29 0 132 27 0
          64 142 0 64 141 0
          110 49 0 133 128 0
          133 127 0 145 43 0
          105 51 0 144 34 0
          132 127 0 101 112 0
          102 112 0 100 1 0
          100 2 0 78 156 0
          76 156 0 133 144 0
          96 0 0 122 70 0
          119 71 0 108 47 0
          38 126 0 35 127 0
          103 139 0 102 138 0
          98 0 0 148 43 0
          143 66 0 144 66 0
          101 2 0 108 140 0
          109 140 0 147 34 0
          146 34 0 140 64 0
          141 64 0 129 42 0
          128 39 0 113 142 0
          142 64 0 142 65 0
          109 29 0 146 42 0
          73 88 0 73 91 0
          127 0 0 128 0 0
          147 39 0 151 32 0
          20 159 0 99 112 0
          3 153 0 142 34 0
          143 34 0 146 50 0
          147 49 0 143 50 0
          144 50 0 112 49 0
          105 102 0 106 104 0
          23 158 0 23 157 0
          124 132 0 125 132 0
          76 158 0 157 64 0
          108 150 0 108 151 0
          75 159 0 59 148 0
          57 149 0 124 130 0
          127 39 0 150 42 0
          149 42 0 128 2 0
          104 97 0 103 97 0
          101 3 0 33 52 0
          30 49 0 145 44 0
          134 128 0 109 48 0
          156 64 0 98 114 0
          1 152 0 2 152 0
          16 156 0 17 157 0
          133 42 0 133 43 0
          137 24 0 137 23 0
          108 60 0 108 61 0
          86 7 0 87 8 0
          121 133 0 122 133 0
          149 34 0 148 34 0
          98 158 0 98 157 0
          70 137 0 68 137 0
          113 28 0 113 27 0
          113 48 0 131 61 0
          130 64 0 28 118 0
          27 116 0 71 83 0
          69 83 0 44 144 0
          44 145 0 147 45 0
          135 29 0 95 22 0
          96 21 0 129 2 0
          107 62 0 132 41 0
          63 131 0 64 131 0
          106 61 0 95 125 0
          94 125 0 144 54 0
          132 139 0 131 139 0
          137 123 0 136 124 0
          115 47 0 114 47 0
          78 93 0 79 94 0
          44 146 0 120 135 0
          121 135 0 116 151 0
          117 151 0 144 52 0
          69 157 0 70 156 0
          2 156 0 19 158 0
          67 148 0 66 148 0
          1 156 0 50 140 0
          118 72 0 118 71 0
          84 89 0 83 91 0
          95 155 0 153 61 0
          154 61 0 70 135 0
          115 127 0 115 126 0
          109 64 0 108 64 0
          129 52 0 64 148 0
          65 148 0 153 37 0
          106 60 0 58 153 0
          58 152 0 144 76 0
          144 77 0 140 72 0
          130 34 0 131 34 0
          141 71 0 53 156 0
          54 154 0 93 126 0
          92 126 0 70 134 0
          99 27 0 100 27 0
          138 61 0 138 59 0
          65 152 0 66 152 0
          75 93 0 77 93 0
          103 135 0 103 136 0
          111 136 0 114 135 0
          11 155 0 12 155 0
          57 139 0 38 61 0
          39 61 0 32 114 0
          31 113 0 155 41 0
          45 152 0 45 153 0
          144 74 0 145 74 0
          80 94 0 141 13 0
          141 12 0 118 70 0
          46 145 0 137 52 0
          137 53 0 155 42 0
          23 108 0 63 136 0
          64 137 0 66 131 0
          111 63 0 110 63 0
          137 54 0 138 54 0
          94 138 0 94 136 0
          117 34 0 116 33 0
          137 59 0 91 126 0
          90 127 0 90 128 0
          90 142 0 88 144 0
          138 55 0 141 50 0
          145 70 0 140 50 0
          92 142 0 92 143 0
          145 69 0 132 49 0
          133 49 0 118 69 0
          107 138 0 98 156 0
          142 27 0 20 105 0
          21 105 0 73 108 0
          73 107 0 108 135 0
          107 136 0 107 105 0
          51 151 0 51 150 0
          39 142 0 39 143 0
          134 52 0 143 26 0
          139 24 0 140 24 0
          98 154 0 99 153 0
          13 155 0 104 32 0
          105 34 0 115 45 0
          154 26 0 153 28 0
          97 156 0 18 158 0
          108 65 0 118 68 0
          107 67 0 107 68 0
          116 32 0 94 155 0
          102 137 0 25 102 0
          23 103 0 108 91 0
          107 89 0 33 128 0
          58 134 0 60 134 0
          116 31 0 70 103 0
          71 105 0 135 52 0
          115 44 0 140 25 0
          139 26 0 40 143 0
          112 39 0 113 39 0
          81 113 0 80 113 0
          133 51 0 98 124 0
          97 125 0 30 126 0
          27 126 0 98 140 0
          98 141 0 106 34 0
          136 53 0 111 159 0
          111 158 0 51 139 0
          43 155 0 33 126 0
          108 68 0 125 32 0
          125 31 0 113 64 0
          113 63 0 133 50 0
          115 42 0 115 43 0
          107 34 0 79 113 0
          85 42 0 87 41 0
          63 133 0 108 34 0
          119 37 0 118 36 0
          14 155 0 8 155 0
          10 154 0 117 42 0
          116 41 0 101 33 0
          100 33 0 113 40 0
          120 32 0 119 32 0
          100 39 0 101 38 0
          139 61 0 106 31 0
          113 41 0 123 36 0
          124 38 0 7 154 0
          123 45 0 125 44 0
          113 42 0 114 43 0
          82 113 0 62 152 0
          114 71 0 100 32 0
          30 112 0 134 82 0
          136 81 0 40 142 0
          159 24 0 157 25 0
          101 37 0 101 36 0
          60 143 0 61 143 0
          97 152 0 96 152 0
          106 58 0 109 37 0
          108 36 0 33 136 0
          32 136 0 132 69 0
          131 70 0 134 48 0
          113 52 0 113 51 0
          101 34 0 102 96 0
          41 141 0 31 136 0
          90 155 0 92 155 0
          104 141 0 101 35 0
          102 34 0 112 150 0
          114 150 0 54 153 0
          55 153 0 125 50 0
          126 50 0 153 10 0
          152 10 0 33 137 0
          26 116 0 107 137 0
          73 103 0 3 126 0
          1 125 0 88 134 0
          87 135 0 87 13 0
          86 13 0 25 107 0
          24 107 0 93 130 0
          91 130 0 126 51 0
          127 51 0 112 34 0
          114 34 0 124 79 0
          125 76 0 82 114 0
          81 112 0 128 59 0
          129 58 0 48 150 0
          150 9 0 107 57 0
          68 133 0 68 132 0
          52 131 0 49 133 0
          130 65 0 81 89 0
          116 40 0 0 158 0
          115 156 0 25 117 0
          117 39 0 26 115 0
          33 132 0 32 131 0
          126 34 0 125 34 0
          24 117 0 70 110 0
          71 110 0 106 100 0
          69 82 0 40 146 0
          92 156 0 93 156 0
          84 108 0 83 108 0
          130 58 0 26 126 0
          114 136 0 8 86 0
          6 83 0 34 137 0
          86 11 0 61 156 0
          61 155 0 60 155 0
          60 154 0 72 107 0
          106 148 0 106 149 0
          104 87 0 105 89 0
          108 57 0 156 18 0
          153 19 0 127 32 0
          73 105 0 98 137 0
          88 133 0 113 72 0
          108 88 0 82 87 0
          81 88 0 82 98 0
          82 97 0 33 134 0
          131 66 0 131 65 0
          0 159 0 128 32 0
          150 17 0 152 18 0
          88 12 0 71 113 0
          73 112 0 124 50 0
          74 112 0 80 88 0
          134 73 0 134 74 0
          109 56 0 122 34 0
          123 34 0 3 157 0
          99 43 0 98 43 0
          136 75 0 135 75 0
          89 40 0 112 61 0
          35 123 0 35 124 0
          0 125 0 113 60 0
          55 122 0 56 124 0
          83 107 0 124 49 0
          153 22 0 153 23 0
          38 119 0 37 122 0
          136 118 0 133 117 0
          87 47 0 87 48 0
          159 139 0 158 140 0
          71 111 0 58 121 0
          58 123 0 128 79 0
          128 78 0 81 111 0
          29 121 0 75 118 0
          77 118 0 81 110 0
          118 60 0 115 60 0
          76 110 0 131 68 0
          135 37 0 134 38 0
          23 112 0 25 112 0
          28 121 0 31 131 0
          3 158 0 153 24 0
          152 25 0 95 139 0
          111 68 0 110 68 0
          93 136 0 33 118 0
          32 117 0 108 55 0
          68 106 0 69 106 0
          134 58 0 136 71 0
          137 71 0 68 98 0
          69 98 0 155 22 0
          156 22 0 135 58 0
          129 77 0 43 110 0
          44 111 0 135 65 0
          134 66 0 61 130 0
          95 40 0 97 41 0
          98 42 0 120 40 0
          119 41 0 133 66 0
          132 66 0 33 139 0
          31 141 0 31 140 0
          120 77 0 121 77 0
          69 99 0 57 124 0
          23 109 0 100 43 0
          135 69 0 135 70 0
          74 116 0 115 130 0
          135 74 0 60 130 0
          137 58 0 127 77 0
          128 77 0 148 26 0
          149 26 0 48 159 0
          50 158 0 112 57 0
          111 57 0 143 21 0
          142 22 0 33 130 0
          131 67 0 26 120 0
          114 66 0 141 1 0
          141 3 0 145 12 0
          143 11 0 134 72 0
          97 51 0 98 51 0
          133 71 0 132 71 0
          32 139 0 26 121 0
          88 140 0 89 140 0
          68 100 0 90 50 0
          89 49 0 63 159 0
          65 158 0 126 78 0
          86 18 0 86 16 0
          77 116 0 77 117 0
          98 138 0 157 22 0
          38 138 0 38 139 0
          85 39 0 85 40 0
          125 54 0 126 54 0
          28 158 0 84 16 0
          83 16 0 98 61 0
          99 62 0 89 0 0
          90 0 0 143 16 0
          142 17 0 70 86 0
          26 114 0 59 158 0
          59 157 0 117 57 0
          118 57 0 39 62 0
          25 114 0 82 16 0
          0 124 0 66 111 0
          68 110 0 85 45 0
          29 159 0 54 121 0
          37 59 0 115 75 0
          116 74 0 122 74 0
          122 73 0 78 98 0
          78 97 0 58 130 0
          58 131 0 47 112 0
          46 112 0 66 103 0
          67 102 0 48 133 0
          37 131 0 38 132 0
          10 159 0 10 158 0
          155 23 0 26 123 0
          98 63 0 125 75 0
          155 122 0 154 123 0
          62 92 0 63 92 0
          95 130 0 96 130 0
          123 75 0 123 74 0
          43 114 0 44 113 0
          85 17 0 127 47 0
          126 47 0 69 86 0
          38 133 0 35 59 0
          45 112 0 68 10 0
          70 10 0 70 15 0
          69 15 0 124 75 0
          48 131 0 48 132 0
          116 55 0 115 55 0
          103 158 0 102 156 0
          35 140 0 34 141 0
          36 133 0 158 16 0
          157 17 0 73 8 0
          144 14 0 145 13 0
          88 48 0 86 114 0
          88 113 0 0 104 0
          1 101 0 67 16 0
          100 62 0 94 118 0
          95 118 0 63 96 0
          63 95 0 79 5 0
          80 5 0 47 132 0
          92 42 0 93 44 0
          35 141 0 63 94 0
          136 88 0 137 88 0
          65 98 0 67 98 0
          81 5 0 55 120 0
          77 107 0 78 107 0
          8 158 0 8 157 0
          76 99 0 103 130 0
          104 130 0 101 63 0
          68 13 0 54 124 0
          62 81 0 62 82 0
          152 19 0 46 132 0
          38 113 0 38 114 0
          14 89 0 159 107 0
          159 106 0 118 75 0
          64 98 0 118 76 0
          39 155 0 153 133 0
          153 134 0 78 5 0
          94 46 0 71 87 0
          40 155 0 108 109 0
          109 109 0 26 141 0
          27 142 0 121 65 0
          120 67 0 43 133 0
          44 132 0 105 130 0
          159 126 0 158 127 0
          152 21 0 92 121 0
          92 120 0 53 124 0
          72 96 0 73 95 0
          64 124 0 65 124 0
          147 62 0 147 61 0
          95 50 0 96 50 0
          101 131 0 96 58 0
          98 55 0 76 11 0
          76 10 0 145 14 0
          71 118 0 72 117 0
          32 159 0 50 134 0
          146 14 0 81 130 0
          81 132 0 105 87 0
          134 77 0 88 112 0
          155 138 0 154 139 0
          15 86 0 16 86 0
          75 10 0 54 128 0
          0 123 0 69 118 0
          70 118 0 133 78 0
          88 108 0 87 108 0
          89 41 0 14 88 0
          146 4 0 145 6 0
          153 125 0 153 124 0
          46 156 0 45 156 0
          148 125 0 149 126 0
          0 122 0 148 14 0
          147 14 0 3 131 0
          3 129 0 75 5 0
          76 5 0 26 130 0
          103 90 0 103 89 0
          106 86 0 86 112 0
          44 157 0 71 120 0
          72 119 0 43 131 0
          44 131 0 13 88 0
          77 6 0 26 131 0
          81 19 0 153 123 0
          113 100 0 114 101 0
          0 121 0 80 19 0
          75 8 0 133 100 0
          134 102 0 90 135 0
          90 134 0 19 90 0
          41 63 0 40 63 0
          91 57 0 92 58 0
          93 81 0 93 84 0
          120 55 0 119 55 0
          145 106 0 146 107 0
          23 126 0 24 126 0
          127 111 0 127 112 0
          77 1 0 78 2 0
          108 108 0 63 82 0
          104 84 0 88 89 0
          87 91 0 54 89 0
          56 89 0 63 79 0
          67 120 0 69 119 0
          96 45 0 146 61 0
          146 60 0 40 115 0
          39 116 0 118 100 0
          66 115 0 65 114 0
          57 2 0 58 2 0
          70 95 0 69 96 0
          89 42 0 148 12 0
          89 52 0 88 53 0
          30 145 0 31 144 0
          79 84 0 78 86 0
          52 116 0 53 117 0
          123 58 0 124 58 0
          151 126 0 88 54 0
          46 115 0 78 15 0
          79 14 0 46 116 0
          90 42 0 32 63 0
          34 61 0 158 3 0
          159 5 0 150 126 0
          63 117 0 64 116 0
          24 134 0 25 135 0
          58 96 0 59 97 0
          66 90 0 68 89 0
          6 125 0 125 83 0
          125 82 0 134 103 0
          89 51 0 34 146 0
          34 145 0 98 78 0
          97 78 0 45 130 0
          135 105 0 58 68 0
          56 68 0 69 1 0
          69 2 0 9 126 0
          8 125 0 41 115 0
          125 65 0 126 64 0
          44 67 0 42 64 0
          157 129 0 157 128 0
          122 62 0 125 61 0
          63 3 0 63 2 0
          143 120 0 141 121 0
          0 76 0 3 76 0
          3 135 0 3 134 0
          156 120 0 83 5 0
          90 55 0 90 56 0
          40 112 0 39 112 0
          55 68 0 9 121 0
          8 124 0 120 50 0
          119 51 0 93 52 0
          94 52 0 19 126 0
          17 125 0 38 109 0
          38 110 0 19 113 0
          19 114 0 48 119 0
          48 120 0 156 128 0
          7 124 0 16 125 0
          126 86 0 125 85 0
          97 84 0 99 83 0
          18 111 0 19 111 0
          80 39 0 80 40 0
          60 97 0 128 90 0
          127 90 0 108 126 0
          109 126 0 58 82 0
          60 81 0 46 121 0
          47 121 0 79 60 0
          82 59 0 58 91 0
          57 90 0 58 3 0
          73 123 0 72 123 0
          0 130 0 2 129 0
          17 116 0 18 115 0
          55 3 0 48 121 0
          96 78 0 95 78 0
          53 3 0 83 36 0
          83 37 0 20 122 0
          21 121 0 46 120 0
          89 104 0 89 105 0
          61 96 0 41 136 0
          41 135 0 77 13 0
          64 1 0 33 148 0
          33 147 0 79 128 0
          79 130 0 75 125 0
          77 124 0 65 15 0
          66 15 0 153 128 0
          59 70 0 59 69 0
          55 5 0 55 4 0
          127 89 0 28 48 0
          10 91 0 9 89 0
          148 123 0 148 124 0
          83 128 0 83 127 0
          43 118 0 44 117 0
          20 126 0 42 137 0
          42 138 0 45 120 0
          146 108 0 79 12 0
          52 68 0 50 117 0
          60 115 0 60 116 0
          23 132 0 15 105 0
          14 106 0 18 140 0
          19 140 0 23 131 0
          21 131 0 22 131 0
          56 2 0 44 48 0
          42 51 0 16 121 0
          16 122 0 104 82 0
          86 1 0 87 0 0
          1 99 0 2 99 0
          158 118 0 158 119 0
          83 54 0 85 53 0
          33 81 0 32 79 0
          5 100 0 4 100 0
          114 102 0 56 1 0
          93 75 0 92 75 0
          63 16 0 64 16 0
          57 89 0 21 141 0
          22 141 0 149 107 0
          14 80 0 12 81 0
          79 11 0 73 13 0
          73 12 0 68 93 0
          68 94 0 129 91 0
          12 124 0 13 123 0
          84 0 0 85 0 0
          97 89 0 98 89 0
          95 77 0 101 101 0
          101 102 0 123 86 0
          37 107 0 38 107 0
          6 131 0 5 131 0
          114 103 0 157 120 0
          21 136 0 21 135 0
          94 78 0 18 118 0
          48 53 0 47 53 0
          123 87 0 3 120 0
          17 119 0 13 106 0
          99 82 0 60 102 0
          61 102 0 60 15 0
          59 15 0 59 92 0
          3 119 0 120 105 0
          119 105 0 112 96 0
          109 97 0 123 110 0
          123 111 0 14 122 0
          15 122 0 83 58 0
          97 82 0 97 83 0
          149 4 0 33 150 0
          33 149 0 93 85 0
          158 115 0 158 116 0
          100 83 0 80 35 0
          80 36 0 12 106 0
          60 2 0 49 124 0
          49 122 0 51 68 0
          12 123 0 97 92 0
          96 92 0 19 121 0
          18 121 0 96 82 0
          11 106 0 3 99 0
          85 129 0 85 128 0
          158 135 0 157 136 0
          47 2 0 47 1 0
          76 85 0 75 85 0
          118 103 0 118 102 0
          61 3 0 93 78 0
          29 152 0 28 153 0
          95 80 0 12 119 0
          12 120 0 68 3 0
          95 92 0 108 95 0
          108 96 0 19 131 0
          20 131 0 52 70 0
          20 140 0 150 4 0
          73 15 0 72 16 0
          14 129 0 13 130 0
          18 135 0 19 135 0
          4 76 0 5 76 0
          55 98 0 56 98 0
          100 84 0 52 71 0
          16 130 0 18 129 0
          91 75 0 46 136 0
          46 135 0 43 71 0
          44 71 0 149 106 0
          18 130 0 60 3 0
          88 70 0 89 71 0
          148 104 0 50 92 0
          50 91 0 50 90 0
          58 15 0 60 16 0
          18 91 0 122 89 0
          11 77 0 12 76 0
          121 90 0 21 143 0
          21 142 0 129 92 0
          71 2 0 21 140 0
          71 3 0 93 97 0
          93 96 0 8 107 0
          10 106 0 123 91 0
          122 91 0 41 52 0
          42 52 0 73 17 0
          73 16 0 31 98 0
          30 98 0 19 136 0
          20 135 0 42 53 0
          60 5 0 60 4 0
          3 81 0 5 82 0
          51 90 0 56 100 0
          57 100 0 96 101 0
          96 100 0 33 99 0
          32 98 0 85 55 0
          86 55 0 10 130 0
          11 130 0 10 81 0
          26 56 0 28 56 0
          43 53 0 46 1 0
          13 131 0 84 62 0
          83 62 0 13 129 0
          58 115 0 58 116 0
          16 105 0 33 159 0
          55 95 0 56 95 0
          93 77 0 23 48 0
          24 47 0 55 6 0
          30 79 0 29 81 0
          99 92 0 20 92 0
          19 92 0 149 102 0
          157 124 0 157 123 0
          11 131 0 88 76 0
          90 77 0 82 62 0
          112 77 0 52 56 0
          50 57 0 130 105 0
          130 106 0 15 130 0
          95 100 0 156 118 0
          84 56 0 74 35 0
          75 38 0 98 100 0
          6 76 0 109 94 0
          56 6 0 124 93 0
          123 93 0 60 105 0
          60 104 0 52 97 0
          52 98 0 135 107 0
          45 10 0 46 11 0
          90 85 0 90 86 0
          46 53 0 72 4 0
          110 85 0 6 100 0
          66 6 0 65 6 0
          111 78 0 155 118 0
          89 97 0 90 97 0
          82 60 0 63 8 0
          63 7 0 146 112 0
          147 112 0 93 68 0
          93 65 0 24 46 0
          89 72 0 13 78 0
          13 77 0 150 101 0
          111 85 0 129 88 0
          39 104 0 38 105 0
          112 91 0 111 91 0
          20 48 0 21 48 0
          120 95 0 122 94 0
          133 94 0 133 93 0
          35 158 0 30 97 0
          62 7 0 129 108 0
          62 68 0 148 112 0
          148 111 0 159 113 0
          63 69 0 45 53 0
          3 78 0 83 76 0
          83 78 0 13 85 0
          93 90 0 93 91 0
          15 137 0 16 136 0
          55 85 0 55 86 0
          90 73 0 90 72 0
          33 104 0 33 106 0
          92 94 0 93 94 0
          65 4 0 115 89 0
          115 88 0 65 5 0
          93 103 0 92 105 0
          118 88 0 118 87 0
          102 72 0 102 71 0
          25 150 0 24 153 0
          62 6 0 47 3 0
          13 79 0 40 68 0
          41 66 0 40 105 0
          40 104 0 90 74 0
          131 104 0 53 93 0
          53 94 0 11 134 0
          12 134 0 91 68 0
          92 68 0 122 96 0
          121 96 0 49 71 0
          96 73 0 97 73 0
          73 22 0 73 19 0
          6 110 0 7 109 0
          13 76 0 6 82 0
          11 136 0 11 135 0
          5 117 0 4 117 0
          90 98 0 7 136 0
          5 137 0 130 95 0
          131 95 0 25 46 0
          60 77 0 60 78 0
          137 97 0 136 98 0
          48 3 0 85 25 0
          86 25 0 43 54 0
          95 87 0 94 86 0
          48 71 0 42 102 0
          41 103 0 73 27 0
          75 27 0 84 78 0
          95 69 0 95 70 0
          35 105 0 35 106 0
          48 5 0 105 74 0
          106 73 0 8 81 0
          140 105 0 140 106 0
          48 73 0 47 73 0
          50 5 0 49 5 0
          66 2 0 48 58 0
          142 117 0 142 118 0
          73 60 0 73 61 0
          33 102 0 46 73 0
          13 136 0 14 133 0
          125 95 0 124 95 0
          80 65 0 81 64 0
          46 101 0 46 100 0
          84 74 0 45 100 0
          158 133 0 33 55 0
          28 84 0 28 83 0
          12 92 0 12 91 0
          56 76 0 55 76 0
          48 12 0 47 87 0
          46 86 0 0 80 0
          1 80 0 48 100 0
          148 114 0 148 113 0
          138 105 0 137 106 0
          123 98 0 122 99 0
          135 95 0 134 95 0
          110 78 0 109 78 0
          51 55 0 103 79 0
          102 78 0 47 68 0
          48 6 0 93 95 0
          143 100 0 144 99 0
          26 94 0 28 96 0
          78 50 0 79 51 0
          75 72 0 76 72 0
          88 96 0 48 72 0
          129 96 0 51 10 0
          40 79 0 36 80 0
          53 76 0 77 46 0
          78 44 0 7 99 0
          88 85 0 89 84 0
          18 46 0 18 47 0
          28 82 0 63 73 0
          62 73 0 57 74 0
          58 73 0 8 99 0
          60 73 0 1 141 0
          1 139 0 61 73 0
          9 99 0 18 96 0
          18 94 0 24 43 0
          25 43 0 139 99 0
          138 99 0 85 27 0
          74 61 0 142 111 0
          143 112 0 85 28 0
          68 35 0 71 35 0
          13 99 0 14 98 0
          83 73 0 57 75 0
          75 39 0 137 107 0
          19 43 0 20 44 0
          62 74 0 53 81 0
          54 81 0 8 112 0
          8 111 0 71 58 0
          76 37 0 29 55 0
          9 137 0 8 137 0
          11 141 0 12 139 0
          97 104 0 98 104 0
          86 75 0 3 114 0
          4 113 0 78 68 0
          79 67 0 107 79 0
          108 78 0 17 82 0
          53 74 0 53 75 0
          28 53 0 17 83 0
          45 105 0 44 106 0
          19 78 0 18 79 0
          59 11 0 78 75 0
          80 76 0 59 10 0
          17 98 0 16 98 0
          7 28 0 7 26 0
          68 40 0 70 41 0
          5 97 0 92 101 0
          92 100 0 26 90 0
          25 89 0 78 70 0
          78 69 0 15 98 0
          8 96 0 7 96 0
          50 1 0 72 56 0
          73 56 0 53 10 0
          53 8 0 23 38 0
          24 38 0 13 33 0
          13 34 0 80 77 0
          81 76 0 71 42 0
          74 56 0 55 104 0
          56 104 0 76 56 0
          77 56 0 28 67 0
          30 66 0 8 94 0
          8 95 0 65 62 0
          64 61 0 82 72 0
          83 72 0 15 48 0
          16 48 0 80 70 0
          80 71 0 24 39 0
          55 14 0 56 15 0
          6 96 0 15 94 0
          17 93 0 38 100 0
          36 101 0 73 43 0
          74 43 0 75 56 0
          152 1 0 152 0 0
          51 78 0 52 78 0
          25 39 0 80 72 0
          68 56 0 70 58 0
          81 73 0 23 90 0
          22 90 0 63 65 0
          62 65 0 74 51 0
          75 50 0 45 86 0
          19 96 0 63 61 0
          26 39 0 49 64 0
          48 65 0 12 99 0
          138 109 0 138 108 0
          48 88 0 63 64 0
          39 55 0 150 115 0
          149 115 0 7 141 0
          8 140 0 82 69 0
          82 68 0 125 100 0
          124 100 0 159 6 0
          26 92 0 75 53 0
          76 52 0 49 77 0
          49 76 0 70 62 0
          71 61 0 21 99 0
          21 100 0 37 77 0
          73 42 0 21 38 0
          21 150 0 20 150 0
          43 85 0 43 86 0
          10 96 0 10 97 0
          13 36 0 40 55 0
          68 60 0 69 60 0
          45 99 0 45 98 0
          37 76 0 38 74 0
          55 32 0 56 34 0
          18 38 0 17 39 0
          3 94 0 2 93 0
          8 71 0 8 70 0
          67 62 0 67 61 0
          36 73 0 36 72 0
          73 71 0 74 71 0
          66 38 0 67 38 0
          42 59 0 42 60 0
          1 92 0 3 23 0
          4 23 0 65 29 0
          66 29 0 156 0 0
          156 1 0 8 31 0
          8 29 0 35 95 0
          34 96 0 45 79 0
          45 77 0 33 74 0
          34 73 0 20 53 0
          20 52 0 71 65 0
          71 64 0 6 24 0
          5 24 0 19 40 0
          20 39 0 124 102 0
          124 101 0 0 92 0
          154 1 0 58 55 0
          57 55 0 4 24 0
          1 71 0 2 71 0
          43 88 0 43 87 0
          56 60 0 56 61 0
          8 69 0 10 37 0
          83 83 0 83 82 0
          57 54 0 3 70 0
          0 70 0 0 71 0
          48 81 0 49 81 0
          32 76 0 31 77 0
          30 70 0 31 71 0
          22 60 0 22 59 0
          63 32 0 63 31 0
          45 90 0 45 89 0
          3 69 0 1 110 0
          1 111 0 24 85 0
          25 85 0 7 73 0
          3 68 0 5 70 0
          4 71 0 32 72 0
          56 55 0 60 57 0
          59 55 0 58 35 0
          0 23 0 2 23 0
          19 149 0 18 150 0
          30 42 0 29 42 0
          85 82 0 85 81 0
          64 47 0 64 48 0
          9 37 0 32 73 0
          33 69 0 32 70 0
          9 143 0 9 142 0
          63 30 0 64 29 0
          37 89 0 35 91 0
          3 72 0 38 95 0
          37 95 0 20 55 0
          21 55 0 6 31 0
          7 31 0 12 40 0
          68 50 0 68 49 0
          28 42 0 28 43 0
          30 75 0 31 75 0
          135 113 0 136 113 0
          60 45 0 61 44 0
          66 48 0 159 9 0
          159 10 0 69 68 0
          70 67 0 1 94 0
          67 48 0 0 91 0
          24 68 0 26 67 0
          17 33 0 18 34 0
          70 50 0 63 45 0
          63 46 0 8 41 0
          9 41 0 67 49 0
          8 46 0 9 46 0
          57 31 0 69 51 0
          7 35 0 7 36 0
          68 51 0 60 30 0
          61 30 0 26 63 0
          26 62 0 57 30 0
          35 92 0 9 42 0
          36 93 0 10 70 0
          9 71 0 11 32 0
          8 50 0 9 49 0
          67 67 0 68 67 0
          59 30 0 61 43 0
          62 42 0 48 40 0
          49 40 0 152 112 0
          151 112 0 11 42 0
          0 35 0 1 34 0
          59 44 0 59 45 0
          63 34 0 39 48 0
          38 48 0 0 67 0
          1 67 0 63 35 0
          58 48 0 59 48 0
          55 20 0 55 19 0
          0 30 0 1 31 0
          12 69 0 11 70 0
          4 48 0 5 47 0
          22 71 0 23 70 0
          58 44 0 58 43 0
          49 41 0 48 45 0
          60 46 0 55 45 0
          56 44 0 60 47 0
          62 52 0 63 51 0
          51 28 0 50 25 0
          12 71 0 13 70 0
          60 49 0 60 48 0
          25 66 0 26 66 0
          1 33 0 53 30 0
          52 30 0 4 36 0
          5 36 0 54 35 0
          53 36 0 48 25 0
          49 24 0 2 32 0
          54 47 0 54 48 0
          50 45 0 51 45 0
          50 24 0 0 65 0
          0 66 0 50 35 0
          52 34 0 0 40 0
          0 41 0 51 46 0
          11 52 0 48 30 0
          49 30 0 43 25 0
          44 27 0 11 53 0
          55 48 0 52 46 0
          42 21 0 41 21 0
          39 22 0 53 31 0
          56 48 0 0 45 0
          1 44 0 21 65 0
          23 63 0 53 23 0
          52 23 0 40 3 0
          41 3 0 53 21 0
          54 20 0 38 21 0
          39 1 0 40 1 0
          18 28 0 17 29 0
          18 69 0 19 69 0
          38 20 0 0 50 0
          1 49 0 18 25 0
          16 24 0 45 45 0
          46 45 0 33 40 0
          32 41 0 43 23 0
          53 40 0 53 41 0
          44 28 0 34 88 0
          35 88 0 17 67 0
          16 67 0 40 43 0
          39 40 0 15 60 0
          16 60 0 40 35 0
          0 62 0 1 62 0
          46 28 0 2 54 0
          3 53 0 5 61 0
          4 62 0 8 60 0
          6 61 0 48 19 0
          48 18 0 33 20 0
          33 18 0 38 25 0
          39 24 0 23 10 0
          23 12 0 8 58 0
          9 57 0 10 60 0
          9 61 0 33 1 0
          32 1 0 15 24 0
          43 41 0 32 0 0
          43 40 0 30 17 0
          30 18 0 38 15 0
          38 17 0 11 61 0
          10 61 0 45 18 0
          44 17 0 24 13 0
          32 18 0 18 27 0
          40 18 0 42 17 0
          38 28 0 38 27 0
          38 32 0 38 31 0
          35 21 0 22 29 0
          21 30 0 20 30 0
          19 30 0 42 42 0
          39 11 0 38 11 0
          38 10 0 30 2 0
          30 1 0 43 32 0
          43 31 0 40 10 0
          25 13 0 30 31 0
          33 32 0 28 15 0
          29 15 0 32 5 0
          18 15 0 19 14 0
          25 14 0 20 13 0
          26 14 0 27 14 0
          27 15 0 23 0 0
          27 1 0 33 6 0
          34 5 0 34 33 0
          36 33 0 34 28 0
          35 28 0 40 8 0
          39 8 0 33 11 0
          31 11 0 9 3 0
          8 1 0 13 21 0
          13 23 0 38 8 0
          35 5 0 36 5 0
          23 18 0 23 17 0
          38 9 0 28 13 0
          21 11 0 35 3 0
          36 3 0 29 13 0
          22 17 0 25 16 0
          0 15 0 2 14 0
          3 0 0 5 3 0
          19 18 0 20 17 0
          27 7 0 27 9 0
          29 11 0 27 23 0
          24 23 0 29 28 0
          29 29 0 30 10 0
          28 10 0 29 10 0
          30 8 0 31 7 0
          25 30 0 15 18 0
          17 18 0 26 30 0
          3 17 0 3 19 0
          29 22 0 8 0 0
          24 22 0 12 3 0
          18 5 0 18 7 0
          19 8 0 21 8 0
          16 3 0 15 2 0
          13 2 0 16 5 0
          17 5 0 17 3 0
          6 18 0 5 18 0
          19 1 0 20 1 0
          1 11 0 2 12 0
          1 17 0 3 14 0
          1 13 0 0 13 0
          10 13 0 11 11 0
          14 11 0 13 11 0
          12 9 0 12 10 0
          10 15 0 11 15 0
          8 10 0 8 11 0
          0 7 0
          <InformationKey name="L2_NORM_RANGE" location="vtkDataArray" length="2">
            <Value index="0">
              3
            </Value>
            <Value index="1">
              224.85995642
            </Value>
          </InformationKey>
        </DataArray>
      </Points>
      <Cells>
        <DataArray type="Int64" Name="connectivity" format="ascii" RangeMin="0" RangeMax="2782">
          0 1 2 3 4 5
          6 7 8 3 3 7
          7 9 10 11 12 13
          14 11 15 1 1 5
          5 16 17 18 19 20
          21 16 22 23 24 25
          26 20 16 27 28 29
          30 31 32 9 33 34
          9 34 35 36 37 38
          39 40 41 42 43 42
          44 29 42 13 34 45
          46 47 48 49 50 51
          13 18 52 38 53 54
          20 51 55 56 57 58
          18 56 59 60 61 62
          63 45 51 31 11 36
          45 60 64 65 66 67
          68 69 70 71 72 71
          73 74 60 75 76 77
          78 75 79 80 81 40
          36 82 75 67 31 23
          38 83 71 84 85 86
          67 87 88 89 90 65
          91 92 93 94 29 89
          65 95 40 96 97 96
          98 49 56 82 99 100
          101 84 102 47 49 103
          89 104 105 106 107 87
          87 108 23 109 110 25
          111 106 112 104 96 103
          113 114 84 115 106 80
          47 58 116 115 117 114
          118 119 103 120 121 94
          122 77 104 123 115 92
          124 119 125 126 77 127
          128 62 58 129 130 86
          94 129 80 131 132 133
          82 134 129 135 92 135
          136 137 114 138 139 140
          135 120 120 126 141 127
          142 95 25 108 108 83
          143 100 144 145 146 134
          147 148 119 149 150 151
          152 145 153 154 155 156
          83 157 86 158 159 140
          160 161 162 163 164 154
          165 163 62 27 127 166
          167 109 168 169 170 148
          27 171 172 173 174 175
          176 138 100 177 154 151
          138 69 178 175 179 180
          181 157 182 183 134 173
          184 137 185 186 187 169
          188 189 190 191 192 171
          193 194 148 74 195 196
          126 197 95 198 199 200
          173 196 201 202 74 203
          69 204 205 206 196 207
          208 204 145 197 209 210
          211 212 204 213 214 215
          109 203 157 215 216 217
          163 131 131 218 219 194
          220 221 171 222 140 158
          197 186 186 223 224 202
          151 210 225 226 227 228
          210 191 229 230 231 232
          233 234 191 133 137 123
          235 236 237 238 239 240
          241 218 242 243 244 212
          133 245 246 236 247 177
          248 230 158 249 250 222
          251 252 123 253 254 249
          255 256 202 149 257 258
          203 253 259 245 260 213
          213 256 222 240 261 262
          230 252 263 264 265 166
          253 266 267 268 218 228
          252 226 215 207 269 270
          271 249 272 273 194 274
          275 276 226 232 245 266
          266 276 277 278 149 279
          249 264 280 200 281 156
          282 283 264 284 285 286
          166 198 200 287 177 221
          256 288 289 290 228 291
          207 284 236 223 292 161
          221 217 276 243 293 294
          295 296 297 298 284 299
          232 291 198 270 291 279
          300 301 270 302 303 299
          304 305 223 206 306 307
          308 298 161 302 309 310
          311 262 243 189 312 313
          314 234 234 183 315 316
          299 288 212 180 279 287
          302 317 318 319 320 321
          322 323 324 325 287 325
          326 327 328 329 330 307
          331 332 333 334 335 336
          337 327 307 296 327 338
          189 329 329 339 206 286
          288 340 341 342 156 310
          343 340 344 345 346 273
          286 294 180 347 294 316
          348 339 183 238 339 349
          350 351 296 301 316 342
          342 349 301 352 353 347
          340 352 349 354 240 355
          169 356 310 317 357 268
          358 354 359 360 262 355
          361 362 352 319 273 363
          238 364 319 336 347 365
          366 278 367 368 369 370
          371 274 354 360 372 373
          325 363 360 334 334 374
          217 351 363 375 351 376
          377 378 379 380 381 382
          383 374 374 368 278 384
          385 386 387 54 274 375
          388 389 317 389 390 391
          298 392 393 394 175 395
          396 370 397 384 368 305
          336 398 399 400 384 290
          401 402 268 403 305 391
          404 405 389 398 391 332
          406 362 407 408 409 380
          410 411 332 412 413 414
          415 416 398 345 375 417
          418 405 380 394 419 420
          421 422 423 424 355 258
          425 424 362 338 258 400
          426 427 338 408 428 429
          430 412 400 431 370 432
          433 434 435 436 437 417
          408 438 439 440 441 395
          442 443 424 444 445 431
          412 446 447 448 449 432
          417 443 450 444 444 451
          405 452 453 454 455 438
          456 457 443 458 345 356
          459 460 461 462 356 283
          463 440 464 465 466 467
          440 460 438 448 468 446
          446 429 283 469 432 382
          460 470 471 472 448 392
          473 474 475 476 382 477
          478 479 480 481 482 427
          483 484 485 402 486 378
          394 487 488 489 402 490
          392 462 429 481 378 491
          462 477 395 492 493 494
          495 496 431 403 497 498
          499 422 500 501 502 503
          481 504 477 498 403 505
          506 458 507 469 508 509
          510 505 511 512 458 313
          513 514 469 454 313 465
          515 516 517 376 518 519
          520 521 498 491 522 523
          524 525 454 434 465 474
          526 527 528 529 54 530
          531 532 533 534 535 504
          536 537 538 539 540 457
          505 365 541 516 457 523
          504 514 542 543 434 521
          422 544 545 519 546 547
          523 548 549 550 514 516
          491 364 364 551 552 470
          553 554 290 555 365 537
          474 556 470 554 557 551
          521 529 558 559 529 472
          560 561 551 487 562 563
          564 565 487 492 566 527
          567 568 516 452 376 476
          476 561 569 570 519 563
          571 572 573 574 563 575
          472 565 576 577 452 575
          578 579 537 490 580 467
          575 581 582 583 427 548
          584 585 586 587 588 451
          565 534 554 585 589 590
          467 420 585 591 592 591
          593 494 594 595 596 597
          598 581 527 544 599 600
          451 601 534 602 603 604
          605 321 492 577 581 606
          607 556 577 530 548 608
          609 610 321 611 612 613
          614 615 616 617 618 479
          619 620 591 621 544 622
          490 590 623 608 561 559
          624 620 625 626 627 628
          629 630 631 602 590 570
          632 579 633 634 530 630
          608 501 635 436 636 637
          638 639 579 640 641 613
          642 643 644 628 645 646
          630 496 647 648 496 597
          649 650 651 652 556 416
          494 653 654 655 656 606
          613 657 658 659 660 661
          662 604 420 663 664 525
          665 512 570 626 666 547
          604 657 667 668 669 670
          606 610 501 648 626 489
          671 672 479 622 622 673
          674 675 676 677 678 679
          597 617 610 615 602 679
          617 680 559 681 682 683
          684 680 685 686 489 687
          679 653 688 652 689 690
          691 568 692 693 648 663
          628 694 695 696 697 621
          620 698 436 699 568 661
          700 681 621 657 512 701
          663 668 657 690 702 703
          416 643 704 705 706 707
          681 611 708 709 710 711
          712 713 714 715 716 717
          718 719 680 720 721 720
          653 687 722 723 724 673
          690 707 725 726 727 728
          668 717 729 730 731 732
          707 733 717 734 735 736
          661 737 738 711 611 670
          652 739 740 741 615 734
          734 709 525 677 711 742
          709 723 720 386 743 744
          723 736 670 733 386 683
          736 694 733 672 672 745
          673 699 746 747 748 749
          750 751 687 701 752 753
          754 323 694 737 701 749
          755 756 757 758 759 745
          760 761 547 762 677 763
          683 764 765 764 766 543
          767 601 745 739 768 769
          770 771 772 373 773 774
          749 411 764 775 776 777
          778 779 411 698 780 509
          781 782 739 783 699 751
          784 742 785 786 787 788
          789 600 790 791 737 783
          600 792 323 732 783 774
          793 794 795 796 797 775
          798 799 800 801 802 803
          601 686 804 805 806 807
          808 809 810 811 751 532
          812 587 698 715 715 777
          813 814 643 655 777 756
          815 816 756 646 774 640
          775 761 761 782 640 799
          799 817 818 819 820 821
          822 503 823 824 655 788
          788 821 825 769 732 826
          543 762 827 828 829 817
          830 595 831 832 686 786
          833 741 817 583 834 835
          762 703 836 837 838 839
          840 841 842 801 843 844
          845 844 742 779 782 803
          846 847 779 835 848 837
          583 849 837 828 821 850
          851 849 852 853 646 747
          854 850 855 856 769 857
          747 858 859 719 849 860
          861 862 863 864 865 866
          867 675 803 832 503 771
          868 869 870 871 509 872
          873 860 874 875 844 796
          876 877 878 811 879 880
          796 555 532 881 882 883
          719 884 860 824 373 884
          885 763 850 650 835 886
          887 857 888 889 824 883
          884 484 890 841 832 877
          484 891 892 639 893 894
          895 896 897 637 898 899
          841 900 901 902 903 872
          904 881 771 753 905 906
          907 871 908 909 910 911
          872 912 913 914 915 916
          555 744 917 918 753 805
          919 880 828 920 921 922
          587 923 924 819 883 900
          900 906 637 925 926 889
          927 928 639 807 763 705
          929 930 931 856 932 933
          880 934 935 911 936 937
          877 922 741 938 857 634
          939 934 889 886 940 941
          705 942 906 875 943 944
          945 946 947 948 922 853
          853 891 949 909 875 791
          950 951 856 912 786 923
          952 953 801 954 811 944
          650 954 791 955 891 847
          744 914 909 956 886 930
          957 958 703 959 960 961
          962 963 911 964 847 965
          634 966 934 955 967 948
          923 965 965 869 968 816
          944 959 969 970 871 971
          972 973 974 975 976 977
          978 979 912 920 881 933
          930 980 981 982 983 984
          985 986 933 963 920 987
          988 989 948 990 991 693
          992 971 993 984 994 995
          807 996 963 989 997 990
          990 998 999 1000 1001 1002
          1003 1004 1005 1006 955 998
          984 1007 1008 728 1009 858
          1010 902 989 946 1011 1012
          1013 1014 869 977 1015 1016
          1017 1018 1019 1020 1021 1022
          977 938 1023 1024 1025 1026
          998 975 975 961 959 942
          1027 964 964 1028 1029 1030
          819 1031 1032 1006 1033 980
          961 987 1034 1035 987 982
          1036 1037 982 1030 1038 726
          805 1039 1040 946 1030 941
          941 951 942 1041 858 1042
          946 956 728 1043 951 1044
          956 1044 938 1002 1044 1024
          816 1045 1046 1047 1024 1022
          1048 1049 1002 1042 1050 1043
          1051 1052 675 1053 1054 550
          971 1055 1022 1004 954 792
          1056 1057 1004 928 928 1049
          1042 899 595 862 1058 1059
          1049 1060 1061 916 1062 809
          1063 1064 1065 1007 726 1060
          1066 1016 1060 953 1067 1068
          1069 1070 899 794 794 979
          979 826 1071 864 953 958
          1072 1073 1074 1075 826 572
          572 1070 1070 1068 980 1076
          1077 1078 958 1079 693 1053
          914 1020 1068 1014 864 1080
          1081 539 902 1080 1020 1082
          1083 966 1084 896 1085 1086
          1014 1057 792 970 1087 1088
          1007 1089 1090 1091 1080 1052
          1057 918 1092 1041 1093 1079
          1094 1095 1016 1096 916 925
          1079 1096 1097 1098 1096 1099
          1100 1098 1101 1086 918 996
          1102 1103 1104 1076 996 866
          866 1035 1043 1045 1105 1106
          1041 1107 1108 1109 1110 1111
          1035 1082 1112 937 862 894
          1076 1113 1114 1115 1116 1012
          1117 1113 1118 1119 1120 1059
          1121 1099 1099 1106 1122 1123
          1124 1125 1126 1127 1082 995
          894 1018 1128 1129 1130 1131
          995 1031 1106 1091 1052 1132
          1133 1134 1135 1136 1137 1028
          925 1138 1139 1140 1059 1141
          1142 1143 1028 1144 1145 986
          1146 1147 1148 1149 1150 1138
          1151 1047 1152 1107 1153 1154
          1031 1073 1073 574 574 1155
          1156 1157 1158 839 1159 1160
          1113 1161 1162 1163 1091 1164
          1165 1166 1167 1168 1169 1170
          1047 1089 1171 1164 839 1155
          1172 1136 1173 1174 1175 1176
          1164 1161 1098 1132 1155 1177
          1178 1179 1180 1109 1181 1182
          1183 1184 1132 1163 1089 1185
          1161 1182 1186 1187 1182 1157
          1188 1189 1190 1168 1191 1119
          1018 1192 1138 1115 1109 1193
          1194 1195 1163 1196 809 1197
          550 730 1157 1184 1198 1103
          1199 1177 970 1200 1201 1202
          1184 1200 1200 1193 1203 1204
          1205 1206 1177 1055 1207 1208
          1209 1210 1193 1147 1115 1211
          1147 1212 1045 1213 966 1214
          1215 1216 1136 1202 1217 1218
          1103 1219 1220 1221 986 1212
          1055 1140 1212 1166 1222 1223
          1166 973 1224 1185 1225 1213
          1226 1227 973 1204 1168 1228
          1229 1230 1204 1223 1231 1232
          1202 1233 1234 1235 1223 1154
          1154 1195 1236 1237 1086 1039
          1140 1196 1185 1211 1196 1237
          1237 1238 1211 1187 1195 1214
          1239 1170 539 1238 1119 1134
          1238 1232 1240 1241 1214 1219
          1219 1221 1232 1227 1242 1243
          1244 1245 1227 758 1221 713
          1107 1246 937 1243 713 1143
          1247 1248 1249 1250 1251 1252
          1253 1254 730 1255 1213 1256
          1257 1258 1259 1260 1143 1176
          1261 814 1262 1256 1176 1111
          1263 1248 1012 1264 1111 1252
          1265 1266 1039 659 1187 1125
          1243 1267 1268 1246 1134 1269
          758 1144 814 1270 1252 1210
          1271 1272 1273 1274 1275 1276
          1277 1278 1279 1280 1281 1282
          1144 1278 1210 1274 1283 1037
          1284 1285 1286 1287 1170 1288
          1278 1241 1256 1160 1125 1289
          1241 1197 1197 1258 1290 1250
          1291 1026 1292 1293 659 1276
          1274 1245 1294 1295 1296 1297
          1298 1299 1300 1301 1160 1289
          1248 1302 1245 1235 1303 1304
          1305 1255 1235 1272 1272 1216
          1306 1285 1307 1270 1216 1299
          896 1075 1308 1301 1299 1302
          1309 1310 1311 1312 1289 1149
          1026 1313 1314 1315 1302 1313
          1313 1208 1316 1317 1208 1123
          1318 1319 1320 1321 1149 1322
          1323 1324 1123 1288 1288 1304
          1325 1310 1276 1088 1326 1327
          1328 1129 1329 1330 1331 1332
          1333 1312 1334 1250 1335 1336
          1258 1266 1337 1338 1304 1254
          1037 1315 1254 1189 1339 1340
          1285 1322 1322 1321 1315 1341
          1342 1343 1246 1287 1189 1317
          1321 1344 1345 1295 1266 1141
          1346 1347 1348 1349 1350 1340
          1295 1338 1351 1269 1141 1282
          1352 1353 1282 1344 1354 1355
          1088 1356 1357 1358 1250 1359
          1312 1360 1317 1218 1344 1131
          1131 1192 1192 1228 1269 1361
          1228 1297 1362 1363 1218 1347
          1364 1078 1365 1341 1366 1367
          1347 1359 1368 414 1359 1260
          1297 1000 1369 1370 1260 1371
          1338 1372 1373 1371 1000 1374
          1301 1280 1375 1376 1340 1377
          1378 1343 1255 1379 1380 1374
          1381 1382 1371 1327 1383 1384
          1287 1355 1385 1386 1374 1356
          1387 1388 1389 1358 1390 1391
          1078 1392 1393 1394 1395 1361
          1327 1233 1396 1397 1398 1399
          1356 1349 1400 1401 1402 1403
          1358 1404 1405 1406 1349 1382
          1407 1408 1233 1409 1410 1411
          1382 1399 1399 1411 1355 1412
          1341 1413 1411 1397 1414 1409
          1415 1416 1075 1417 1409 1418
          1419 1330 1420 1421 1422 1423
          1424 1408 1397 1372 1372 1353
          1361 1425 1129 1267 1353 1336
          1426 1264 1267 1230 1427 1428
          1429 1418 1430 1431 1230 1432
          1418 1403 1280 1174 1403 1370
          1336 1413 1413 1394 1370 1392
          414 1433 1434 1435 1436 1437
          1438 1439 1394 1404 1392 1386
          1440 1441 1264 1442 1443 1444
          1445 1446 1447 1448 1404 1449
          1450 1451 1452 1417 1330 1453
          1386 1179 1454 1439 1179 1406
          1455 1456 1457 1458 1459 1433
          1433 1423 1406 1435 1460 1377
          1461 1449 1435 1462 1463 1293
          1464 1465 1466 1442 1449 1439
          1467 1462 1408 1468 1439 1428
          1469 1470 1417 1451 1462 1444
          1471 1472 1423 1473 1474 1475
          1476 1477 1478 1479 1480 1481
          1482 1483 1484 1485 1442 1446
          1428 1431 1486 1487 1488 1489
          1053 1490 1491 1363 1451 1492
          1493 1494 1495 1496 1363 1497
          1498 1499 1431 1456 1444 1500
          1343 1500 1501 1401 1456 1490
          1500 1481 1481 1095 1401 1502
          1503 1504 1505 1465 1506 1507
          1490 1379 1379 1384 1508 1509
          1510 1511 1512 1432 1384 1453
          1453 1485 1006 1513 1514 1515
          1095 1502 1485 1388 1293 1437
          1516 1517 1518 1519 1388 1319
          1270 1475 1319 1367 1520 1521
          1502 1513 1367 1206 1206 1376
          1522 1523 1437 1524 1525 1515
          1174 1526 1527 1528 1529 1526
          1513 1530 1531 1532 1533 1534
          1535 1524 1536 1537 1538 1539
          1376 1511 1540 1541 1542 1543
          1446 1544 1545 1546 1432 1530
          1530 1528 1511 1517 1517 1504
          1547 1470 1515 1548 1377 1448
          1504 1458 1549 1550 1551 1552
          1553 1458 1470 1554 1458 1507
          1555 1556 1557 1558 1559 1560
          1526 1561 1507 1543 1528 1546
          1562 1563 1543 1539 1539 1499
          1564 1565 1546 1523 1566 1567
          1523 1324 1568 1569 1499 1497
          1570 1571 1572 1573 1324 1548
          1497 1550 1574 1575 1576 1577
          1550 1472 1524 1578 1448 1579
          1580 1581 1582 1583 1584 1556
          1548 1477 1585 1586 1587 1588
          1477 1588 1472 1494 1589 1590
          1591 1592 1593 1594 1588 1581
          1595 1596 1597 1598 1494 1596
          1599 1567 1600 1544 1581 1590
          1596 1127 1601 1592 1602 1603
          1604 1605 1606 1607 1590 1579
          1608 1609 1610 1541 1611 1612
          1613 1614 1127 1614 1567 1391
          1614 1425 1615 1616 1617 1618
          1425 1537 1619 1620 1621 1622
          1537 1421 1623 1509 1624 1625
          1421 1487 1626 1627 1628 1629
          1310 1468 1487 1583 1509 1630
          1583 1629 1631 1598 1632 1552
          1552 1633 1634 1630 1598 1618
          1635 1636 1475 1565 1637 1638
          1629 1561 1618 1639 1640 1641
          1541 1642 1544 1627 1643 1644
          1468 1645 1561 1594 1594 1644
          1646 1571 1647 1648 1649 1650
          1644 1648 1648 1607 1579 1645
          1627 1560 1651 1652 1607 1638
          1638 1616 1645 1563 1653 1654
          1560 1577 1391 1655 1563 1360
          1360 1636 1656 1657 1636 1569
          1658 1659 1660 1612 1661 696
          1662 1663 1577 1586 1569 1603
          1603 1609 1664 1665 1616 1521
          1521 1642 1666 1667 1556 1657
          1609 1654 1668 1669 1592 1670
          1671 1672 1673 1639 1674 1483
          1654 1675 1657 1676 1639 1677
          1678 1679 1642 1680 1681 1682
          1683 1684 1685 1680 1680 1670
          1686 1687 1670 1679 1630 1688
          1689 1690 1691 1692 1693 1492
          1694 1695 1696 1697 1698 1699
          1679 1625 1700 1701 1702 1703
          1625 1652 1704 1705 1706 1465
          1707 1688 1652 1669 1688 1659
          1708 1709 1710 1711 1712 1496
          1713 1714 1483 1715 1716 1717
          1718 1675 1669 1416 1719 1720
          1721 1722 1612 1723 1724 1725
          1416 1672 1726 1727 1675 1695
          1695 1489 1728 1729 1730 1633
          1672 1677 1731 1732 1489 1711
          1677 1641 1711 1733 1734 1735
          1736 1737 1465 1738 1739 1699
          1740 1741 1633 1742 1496 1622
          1641 1743 1744 1745 1746 1733
          1586 1747 1748 1743 1749 1682
          1750 1605 1751 1752 1753 1754
          1622 1755 1756 1747 1757 1758
          1759 1760 1743 1519 1519 1650
          1761 1762 1763 1764 1765 1620
          1766 1767 1733 1768 1769 1770
          1771 1479 1650 1573 1747 1737
          1772 1773 1774 1605 1573 1770
          1775 1776 1682 1777 1770 1692
          1659 1778 1692 1722 1779 1780
          1781 1676 1722 1764 1737 1782
          1783 1784 1764 1785 1786 1785
          1479 1787 1788 1777 1785 1667
          1789 1697 1790 1791 1792 1793
          1667 1732 1732 1780 1780 1752
          1699 1578 1578 1441 1794 1795
          1796 1797 1752 1725 1725 1687
          1798 1799 1571 1800 1801 1742
          1802 1803 1605 1767 1742 1804
          1687 1755 1805 1806 1807 1558
          1808 1784 1809 1810 1811 1812
          1676 1813 1814 1684 1755 1762
          1762 1782 1782 1812 1815 1768
          1816 1817 1818 1819 1820 1821
          1822 1823 1824 1825 1492 1826
          1827 1813 1828 1829 1441 1665
          1830 1709 1768 1720 1831 1832
          1812 1758 1833 1834 1784 1729
          1835 1715 1767 1826 1836 1829
          1837 1800 1720 1727 1838 1839
          1715 1840 1758 1741 1841 1842
          1800 1778 1843 1842 1741 1714
          1826 1787 1844 1754 1714 1810
          1727 1817 1754 1845 1846 1473
          1817 1847 1848 1849 1850 1847
          1851 1852 1853 1723 1787 1804
          1558 1854 1684 1855 1810 1852
          1856 1854 1852 1806 1806 1735
          1857 1858 1735 1791 1859 1860
          1861 1862 1791 1793 1863 1864
          1865 1866 1867 1868 1869 1870
          1871 1864 1793 1825 1872 1873
          1874 1875 1842 1876 1877 1878
          1879 1880 1825 1832 1881 1882
          1832 1870 1883 1884 1885 1886
          1887 1717 1888 1889 1864 1890
          1891 1795 1892 1819 1847 1866
          1778 1873 1866 1701 1665 1773
          1893 1894 1819 1895 1896 1897
          1701 1884 1777 1898 1899 1412
          1870 1878 1900 1901 1773 1655
          1709 1902 1903 1904 1873 1905
          1906 1907 1804 1902 1729 1908
          1909 1910 1878 1901 1911 1840
          1912 1913 1914 1886 1915 1916
          1917 1894 1901 1855 1855 1895
          1884 1862 1862 1776 1776 1918
          1895 1897 1919 1920 1897 1797
          1921 1922 1797 1923 1924 1880
          1829 1923 1655 1925 1620 1926
          1923 1821 1927 1928 1880 1929
          1930 1823 1821 1931 1932 1905
          1473 1910 1697 1705 1902 1931
          1412 1803 1823 1575 1933 1934
          1935 1936 1937 1938 1931 1898
          1939 1554 1940 1941 1898 1936
          1942 1943 1944 1745 1854 1945
          1936 1738 1738 1946 1705 1947
          1948 1949 1950 1918 1951 1925
          1952 1953 1894 1954 1955 1956
          1957 1958 1959 1960 1961 1904
          1962 1839 1963 1964 1918 1965
          1966 1946 1723 1967 1968 1969
          1970 1971 1972 1973 1974 1975
          1840 1965 1965 1934 1946 1886
          1976 1977 1803 1978 1979 1868
          1980 1956 1981 1922 1813 1982
          1925 1913 1983 1984 1913 1985
          1886 1938 1986 1982 1745 1987
          1575 1988 1989 1990 1934 1926
          1910 1991 1992 1993 1994 1995
          1938 1969 1996 1997 1969 1876
          1998 1999 2000 2001 1904 1973
          2002 2003 1905 2004 2005 2006
          1926 1960 2007 2004 1960 1945
          1945 1954 2008 2009 1839 1999
          2010 2011 1876 1971 2012 2013
          2014 2015 2004 2016 1795 2017
          1717 2018 2019 2020 2021 2022
          1999 2023 1868 1882 1954 1985
          1971 1908 1922 2024 2025 2026
          1908 1860 1860 2027 1985 1967
          2028 2027 2027 2009 2029 2030
          2031 2032 1967 2011 1982 2033
          2034 2035 2009 2026 2036 2037
          2038 2039 2040 1849 2041 1875
          2026 1799 1799 2022 2042 2043
          2022 2023 2023 1978 2011 2030
          1978 1995 2030 1975 1995 2039
          2044 2045 1975 1977 2046 1953
          2047 2048 2049 2050 1977 1984
          1849 1964 1973 2051 2039 1943
          1554 2024 1956 2016 2052 2053
          2054 2055 2056 2017 2057 2058
          2059 1890 2060 2061 1943 1916
          1984 1845 1845 2032 1890 1987
          1964 2018 2062 2033 2016 1949
          2063 2064 2032 1958 2065 2066
          1916 2061 2067 1990 2061 2053
          1958 2068 2069 2068 2070 2071
          2017 2072 2073 2074 2018 2075
          2068 2058 2076 2077 2078 2079
          2080 2081 1949 2082 2058 2074
          2083 1920 2084 2085 2086 2087
          1882 2088 2089 2079 2090 2091
          2053 2085 2092 2093 2094 2095
          2085 2035 2096 2097 1990 2098
          2099 2097 2074 2100 696 2101
          2035 2100 2100 2001 1875 2075
          1565 1834 2102 2103 2001 2013
          2024 2055 1834 2101 2013 2071
          2071 2037 2037 2088 2104 2105
          2106 2107 2088 1760 2108 1941
          1760 2043 2109 2110 2043 2050
          2050 1997 2111 2112 2097 2113
          1997 2077 2114 2115 2077 2006
          2116 2117 2006 2091 2118 2119
          2101 2020 2120 2121 2091 2122
          2123 2122 1987 2124 2125 2126
          2122 2045 2033 2127 2128 2081
          2129 1858 2045 2082 2130 2131
          2132 2133 2082 2093 2093 2121
          2121 2015 2134 2135 2136 2137
          1858 2003 2015 2115 1953 2138
          2115 2048 2079 2139 2055 2140
          1941 2141 2020 2051 2048 2140
          2140 1993 2142 2143 2144 2107
          2145 2146 1993 2131 2147 1947
          2131 2003 2051 2127 2148 2149
          2150 2151 2152 2103 2127 2139
          2153 2154 2003 2119 2155 2156
          2075 1064 1947 2157 2119 2149
          2139 2158 2159 2160 2149 2146
          2161 2158 2162 2157 2163 2164
          2165 2166 2167 2168 2146 2169
          2170 2087 2171 2172 2173 2169
          2174 2175 2169 2135 2157 1332
          2176 2177 2135 2168 2178 2098
          2158 2154 2168 1929 2103 1907
          1064 1663 1929 2095 2107 2179
          2180 1928 2095 2172 2172 2066
          1907 1703 2181 2117 2066 2117
          2154 1532 1532 2156 2182 2183
          2156 2184 2185 2186 1663 2112
          2187 2188 2117 2184 2087 2189
          1928 2190 2191 1889 2192 2193
          2112 1988 2194 2195 1988 1991
          2196 2197 2098 2198 2184 2198
          2198 2064 2199 2200 2064 2188
          2188 2126 2081 2072 2201 2202
          2126 2166 2166 2197 2197 2138
          2203 2204 1991 2205 2206 2207
          1889 2208 2138 2202 1920 2124
          2209 2205 2202 2113 2113 2195
          2210 2211 2195 2151 2212 2213
          2151 2214 2215 2216 2217 2214
          2214 2179 2218 2219 2220 2221
          2205 2105 2105 2213 2222 2223
          2179 2200 1332 2224 2200 2204
          2213 2164 2225 2226 2227 2228
          2229 2230 2204 2207 2231 2177
          2232 2233 2207 2193 2193 2190
          2124 1690 2072 2234 2235 2236
          2237 2238 2239 2240 2190 2226
          2241 2242 2243 2244 2226 2244
          2244 2160 2245 2223 2246 2236
          2247 2248 2249 2250 2251 2252
          2253 2254 2160 2248 2255 2256
          2257 2258 2259 2260 2248 2250
          2261 2262 2263 2240 2250 2234
          2236 2189 2264 2265 2266 2233
          2267 2268 2234 2258 2258 2183
          2183 2216 2269 2270 2216 2133
          2133 2260 2271 2272 2189 2273
          2233 2254 2260 2175 2274 2275
          2276 2277 2240 2278 2175 2275
          2275 2273 2279 2262 2280 2281
          2262 2282 2273 2211 2283 2284
          2177 2219 2211 2186 2285 2286
          2186 2230 1703 2143 2230 2270
          2270 2282 2287 2288 2289 2110
          2282 2288 2219 2290 2288 2281
          2164 2284 2291 2256 2281 2272
          2292 2278 2293 2294 2254 2224
          2224 2295 2272 2294 2284 2290
          2294 2238 2296 2297 2290 2295
          2238 2297 2110 2298 2256 2299
          2295 2228 1690 2300 2301 2302
          2303 2304 2305 2306 2297 2306
          2307 2308 2306 2208 2309 1534
          2228 2310 2311 2312 2313 2314
          2315 2316 2208 2312 2317 2318
          2312 2298 2143 2319 2298 2286
          2286 2320 2223 2320 2320 2314
          2278 2321 2314 2316 2316 2318
          2318 2277 2277 2310 2310 2322
          2323 2322 2324 2325 2326 2327
          2328 2242 2329 2300 2322 2265
          2265 2325 2325 2137 2137 2308
          2330 2331 2308 2327 2327 2268
          2268 2332 2333 2332 2334 2335
          2336 2337 2332 2302 2302 2304
          2304 2299 2299 2331 2331 2300
          2338 2339 2340 2341 2342 2343
          2344 2345 2346 2347 2300 2345
          2348 2349 2350 2351 2345 2335
          2352 2353 2354 2341 2355 2356
          2357 2358 2359 2360 2361 2362
          2363 2364 2335 2353 2365 2366
          2353 2349 2367 2368 2349 2351
          2369 2370 2371 2372 2373 2374
          2351 2375 2376 2375 2377 2378
          2341 2379 2375 2378 2378 2347
          1534 2360 2360 2380 2381 2382
          2347 2372 2372 2339 2383 2374
          2384 2385 2386 2387 2388 2389
          2339 2387 2374 2221 2387 2319
          2390 2343 2319 2370 2370 2366
          2221 2362 2242 2391 2392 2393
          2394 2382 2366 2368 2395 2385
          2396 2397 2398 2399 2400 2401
          2402 2403 2368 2358 2358 2399
          2404 2405 2385 2397 2406 2407
          2399 2389 2408 2409 2397 2410
          2411 2412 2413 2414 2389 2409
          2343 2415 2409 2252 2416 2410
          2417 2418 2419 2403 2382 2420
          2252 2321 2421 2422 2410 2418
          2321 2401 2401 2380 2423 2337
          2380 2420 2424 2425 2426 2427
          2420 2393 2428 2429 2430 2431
          2432 2433 2393 2415 2434 2391
          2415 2427 2427 2435 2436 2437
          2438 2439 2440 2441 2442 2443
          2418 2444 2403 2435 2445 2446
          2447 2448 2435 2441 2449 2450
          2441 2412 2412 2407 2407 2405
          2391 2451 2362 2450 2452 2453
          2405 2439 2454 2455 2450 2356
          2439 2448 2448 2444 2456 2457
          2444 2141 2458 2459 2460 2461
          2141 2437 2462 2433 2463 2464
          2437 2457 2457 2431 2465 2466
          2431 2467 2433 2468 2469 2379
          2470 2471 2379 2467 2467 2364
          2364 2466 2472 2473 2466 2474
          2475 2476 2477 2478 2479 2468
          2480 2481 2337 2482 2483 2474
          2484 2485 2468 2476 2474 2481
          2476 2453 2356 2425 2453 2486
          2487 2488 2489 2490 2491 2482
          2492 2443 2493 2478 2443 2494
          2495 2496 2481 2490 2490 2455
          2455 2446 2446 2451 2451 2429
          2429 2496 2425 2497 2496 2422
          2422 2485 2485 2459 2498 2499
          2500 2501 2482 2502 2459 2488
          2503 2504 2488 2504 2505 2506
          2507 2508 2504 2486 2486 2508
          2508 2473 2478 2509 2510 2511
          2473 2499 2512 2513 2499 2461
          2461 2513 2513 2414 2414 2497
          2497 2502 2502 2509 2509 2514
          2515 2516 2517 2518 2519 2514
          2514 2518 2520 2521 2522 2523
          2518 2471 2471 2501 2524 2525
          2526 2527 2528 2529 2530 2531
          2501 2464 2464 2532 2533 2532
          2534 2506 2506 2535 2532 2531
          2531 2527 2527 2536 2537 2538
          2539 2536 2540 2541 2536 2494
          2542 2543 2494 2529 2544 2545
          2546 2547 2529 2521 2548 2549
          2521 2549 2550 2511 2549 2545
          2545 2516 2516 2547 2551 2552
          2553 2554 2547 2554 2554 2555
          2556 2555 2555 2523 2557 2558
          2523 2559 2511 2559 2560 2561
          2559 2538 2562 2563 2564 2543
          2565 2566 2567 2568 2569 2570
          2538 2541 2541 2566 2566 2568
          2543 2552 2571 2563 2568 2572
          2573 2574 2575 2576 2577 2572
          2578 2561 2563 2579 2572 2525
          2580 2581 2582 2581 2525 2579
          2579 2583 2561 2584 2552 2558
          2585 2586 2558 2583 2583 2584
          2587 2588 2589 2590 2591 2592
          2584 2570 2570 2592 2592 2590
          2593 2594 2590 2535 2535 2588
          2581 2595 2596 2597 2588 2574
          2574 2594 2598 2599 2594 2586
          2586 2597 2600 2601 2602 2595
          2597 2601 2603 2604 2605 2606
          2601 2599 2607 2608 2609 2610
          2595 2611 2599 2604 2612 2613
          2614 2576 2615 2616 2617 2618
          2619 2620 2604 2616 2621 2622
          2623 2620 2616 2622 2622 2613
          2624 2625 2613 2625 2576 2626
          2625 2618 2618 2626 2626 2611
          2627 2628 2611 2628 2628 2608
          2629 2630 2631 2632 2633 2634
          2635 2636 2608 2630 2637 2638
          2630 2610 2610 2638 2639 2640
          2641 2642 2638 2632 2632 2642
          2643 2644 2645 2646 2647 2606
          2642 2648 2649 2646 2650 2648
          2648 2644 2651 2652 2653 2654
          2655 2656 2657 2658 2659 2640
          2644 2656 2656 2634 2660 2652
          2606 2661 2662 2663 2652 2636
          2634 2663 2664 2665 2666 2667
          2636 2668 2669 2670 2671 2672
          2663 2672 2672 2658 2620 2673
          2658 2673 2674 2675 2673 2668
          2668 2665 2665 2661 2676 2675
          2661 2667 2667 2670 2677 2678
          2646 2678 2679 2680 2670 2654
          2675 2681 2640 2682 2683 2684
          2654 2681 2685 2686 2678 2687
          2688 2689 2681 2680 2680 2686
          2690 2682 2691 2689 2682 2692
          2693 2692 2686 2694 2695 2696
          2697 2698 2699 2700 2701 2702
          2703 2704 2705 2706 2707 2708
          2709 2710 2711 2704 2712 2698
          2698 2713 2692 2694 2694 2702
          2702 2713 2714 2715 2704 2716
          2713 2716 2716 2700 2700 2717
          2689 2718 2719 2720 2721 2717
          2717 2718 2722 2715 2718 2720
          2720 2723 2715 2723 2723 2684
          2684 2687 2724 2725 2726 2727
          2728 2729 2687 2710 2710 2706
          2730 2731 2706 2732 2733 2734
          2735 2736 2737 2732 2732 2736
          2738 2739 2736 2739 2740 2741
          2739 2741 2741 2731 2731 2742
          2743 2744 2745 2742 2746 2747
          2742 2729 2729 2748 2749 2708
          2750 2734 2708 2751 2734 2748
          2748 2747 2752 2753 2754 2755
          2756 2757 2758 2751 2747 2755
          2751 2757 2755 2744 2744 2753
          2759 2760 2757 2761 2753 2760
          2762 2763 2764 2765 2766 2767
          2760 2763 2763 2696 2696 2761
          2761 2765 2765 2768 2769 2725
          2725 2768 2768 2727 2727 2770
          2771 2770 2772 2773 2770 2767
          2767 2774 2775 2774 2774 2773
          2776 2777 2773 2778 2779 2778
          2778 2777 2777 2780 2781 2780
          2780 2782
        </DataArray>
        <DataArray type="Int64" Name="offsets" format="ascii" RangeMin="2" RangeMax="5564">
          2 4 6 8 10 12
          14 16 18 20 22 24
          26 28 30 32 34 36
          38 40 42 44 46 48
          50 52 54 56 58 60
          62 64 66 68 70 72
          74 76 78 80 82 84
          86 88 90 92 94 96
          98 100 102 104 106 108
          110 112 114 116 118 120
          122 124 126 128 130 132
          134 136 138 140 142 144
          146 148 150 152 154 156
          158 160 162 164 166 168
          170 172 174 176 178 180
          182 184 186 188 190 192
          194 196 198 200 202 204
          206 208 210 212 214 216
          218 220 222 224 226 228
          230 232 234 236 238 240
          242 244 246 248 250 252
          254 256 258 260 262 264
          266 268 270 272 274 276
          278 280 282 284 286 288
          290 292 294 296 298 300
          302 304 306 308 310 312
          314 316 318 320 322 324
          326 328 330 332 334 336
          338 340 342 344 346 348
          350 352 354 356 358 360
          362 364 366 368 370 372
          374 376 378 380 382 384
          386 388 390 392 394 396
          398 400 402 404 406 408
          410 412 414 416 418 420
          422 424 426 428 430 432
          434 436 438 440 442 444
          446 448 450 452 454 456
          458 460 462 464 466 468
          470 472 474 476 478 480
          482 484 486 488 490 492
          494 496 498 500 502 504
          506 508 510 512 514 516
          518 520 522 524 526 528
          530 532 534 536 538 540
          542 544 546 548 550 552
          554 556 558 560 562 564
          566 568 570 572 574 576
          578 580 582 584 586 588
          590 592 594 596 598 600
          602 604 606 608 610 612
          614 616 618 620 622 624
          626 628 630 632 634 636
          638 640 642 644 646 648
          650 652 654 656 658 660
          662 664 666 668 670 672
          674 676 678 680 682 684
          686 688 690 692 694 696
          698 700 702 704 706 708
          710 712 714 716 718 720
          722 724 726 728 730 732
          734 736 738 740 742 744
          746 748 750 752 754 756
          758 760 762 764 766 768
          770 772 774 776 778 780
          782 784 786 788 790 792
          794 796 798 800 802 804
          806 808 810 812 814 816
          818 820 822 824 826 828
          830 832 834 836 838 840
          842 844 846 848 850 852
          854 856 858 860 862 864
          866 868 870 872 874 876
          878 880 882 884 886 888
          890 892 894 896 898 900
          902 904 906 908 910 912
          914 916 918 920 922 924
          926 928 930 932 934 936
          938 940 942 944 946 948
          950 952 954 956 958 960
          962 964 966 968 970 972
          974 976 978 980 982 984
          986 988 990 992 994 996
          998 1000 1002 1004 1006 1008
          1010 1012 1014 1016 1018 1020
          1022 1024 1026 1028 1030 1032
          1034 1036 1038 1040 1042 1044
          1046 1048 1050 1052 1054 1056
          1058 1060 1062 1064 1066 1068
          1070 1072 1074 1076 1078 1080
          1082 1084 1086 1088 1090 1092
          1094 1096 1098 1100 1102 1104
          1106 1108 1110 1112 1114 1116
          1118 1120 1122 1124 1126 1128
          1130 1132 1134 1136 1138 1140
          1142 1144 1146 1148 1150 1152
          1154 1156 1158 1160 1162 1164
          1166 1168 1170 1172 1174 1176
          1178 1180 1182 1184 1186 1188
          1190 1192 1194 1196 1198 1200
          1202 1204 1206 1208 1210 1212
          1214 1216 1218 1220 1222 1224
          1226 1228 1230 1232 1234 1236
          1238 1240 1242 1244 1246 1248
          1250 1252 1254 1256 1258 1260
          1262 1264 1266 1268 1270 1272
          1274 1276 1278 1280 1282 1284
          1286 1288 1290 1292 1294 1296
          1298 1300 1302 1304 1306 1308
          1310 1312 1314 1316 1318 1320
          1322 1324 1326 1328 1330 1332
          1334 1336 1338 1340 1342 1344
          1346 1348 1350 1352 1354 1356
          1358 1360 1362 1364 1366 1368
          1370 1372 1374 1376 1378 1380
          1382 1384 1386 1388 1390 1392
          1394 1396 1398 1400 1402 1404
          1406 1408 1410 1412 1414 1416
          1418 1420 1422 1424 1426 1428
          1430 1432 1434 1436 1438 1440
          1442 1444 1446 1448 1450 1452
          1454 1456 1458 1460 1462 1464
          1466 1468 1470 1472 1474 1476
          1478 1480 1482 1484 1486 1488
          1490 1492 1494 1496 1498 1500
          1502 1504 1506 1508 1510 1512
          1514 1516 1518 1520 1522 1524
          1526 1528 1530 1532 1534 1536
          1538 1540 1542 1544 1546 1548
          1550 1552 1554 1556 1558 1560
          1562 1564 1566 1568 1570 1572
          1574 1576 1578 1580 1582 1584
          1586 1588 1590 1592 1594 1596
          1598 1600 1602 1604 1606 1608
          1610 1612 1614 1616 1618 1620
          1622 1624 1626 1628 1630 1632
          1634 1636 1638 1640 1642 1644
          1646 1648 1650 1652 1654 1656
          1658 1660 1662 1664 1666 1668
          1670 1672 1674 1676 1678 1680
          1682 1684 1686 1688 1690 1692
          1694 1696 1698 1700 1702 1704
          1706 1708 1710 1712 1714 1716
          1718 1720 1722 1724 1726 1728
          1730 1732 1734 1736 1738 1740
          1742 1744 1746 1748 1750 1752
          1754 1756 1758 1760 1762 1764
          1766 1768 1770 1772 1774 1776
          1778 1780 1782 1784 1786 1788
          1790 1792 1794 1796 1798 1800
          1802 1804 1806 1808 1810 1812
          1814 1816 1818 1820 1822 1824
          1826 1828 1830 1832 1834 1836
          1838 1840 1842 1844 1846 1848
          1850 1852 1854 1856 1858 1860
          1862 1864 1866 1868 1870 1872
          1874 1876 1878 1880 1882 1884
          1886 1888 1890 1892 1894 1896
          1898 1900 1902 1904 1906 1908
          1910 1912 1914 1916 1918 1920
          1922 1924 1926 1928 1930 1932
          1934 1936 1938 1940 1942 1944
          1946 1948 1950 1952 1954 1956
          1958 1960 1962 1964 1966 1968
          1970 1972 1974 1976 1978 1980
          1982 1984 1986 1988 1990 1992
          1994 1996 1998 2000 2002 2004
          2006 2008 2010 2012 2014 2016
          2018 2020 2022 2024 2026 2028
          2030 2032 2034 2036 2038 2040
          2042 2044 2046 2048 2050 2052
          2054 2056 2058 2060 2062 2064
          2066 2068 2070 2072 2074 2076
          2078 2080 2082 2084 2086 2088
          2090 2092 2094 2096 2098 2100
          2102 2104 2106 2108 2110 2112
          2114 2116 2118 2120 2122 2124
          2126 2128 2130 2132 2134 2136
          2138 2140 2142 2144 2146 2148
          2150 2152 2154 2156 2158 2160
          2162 2164 2166 2168 2170 2172
          2174 2176 2178 2180 2182 2184
          2186 2188 2190 2192 2194 2196
          2198 2200 2202 2204 2206 2208
          2210 2212 2214 2216 2218 2220
          2222 2224 2226 2228 2230 2232
          2234 2236 2238 2240 2242 2244
          2246 2248 2250 2252 2254 2256
          2258 2260 2262 2264 2266 2268
          2270 2272 2274 2276 2278 2280
          2282 2284 2286 2288 2290 2292
          2294 2296 2298 2300 2302 2304
          2306 2308 2310 2312 2314 2316
          2318 2320 2322 2324 2326 2328
          2330 2332 2334 2336 2338 2340
          2342 2344 2346 2348 2350 2352
          2354 2356 2358 2360 2362 2364
          2366 2368 2370 2372 2374 2376
          2378 2380 2382 2384 2386 2388
          2390 2392 2394 2396 2398 2400
          2402 2404 2406 2408 2410 2412
          2414 2416 2418 2420 2422 2424
          2426 2428 2430 2432 2434 2436
          2438 2440 2442 2444 2446 2448
          2450 2452 2454 2456 2458 2460
          2462 2464 2466 2468 2470 2472
          2474 2476 2478 2480 2482 2484
          2486 2488 2490 2492 2494 2496
          2498 2500 2502 2504 2506 2508
          2510 2512 2514 2516 2518 2520
          2522 2524 2526 2528 2530 2532
          2534 2536 2538 2540 2542 2544
          2546 2548 2550 2552 2554 2556
          2558 2560 2562 2564 2566 2568
          2570 2572 2574 2576 2578 2580
          2582 2584 2586 2588 2590 2592
          2594 2596 2598 2600 2602 2604
          2606 2608 2610 2612 2614 2616
          2618 2620 2622 2624 2626 2628
          2630 2632 2634 2636 2638 2640
          2642 2644 2646 2648 2650 2652
          2654 2656 2658 2660 2662 2664
          2666 2668 2670 2672 2674 2676
          2678 2680 2682 2684 2686 2688
          2690 2692 2694 2696 2698 2700
          2702 2704 2706 2708 2710 2712
          2714 2716 2718 2720 2722 2724
          2726 2728 2730 2732 2734 2736
          2738 2740 2742 2744 2746 2748
          2750 2752 2754 2756 2758 2760
          2762 2764 2766 2768 2770 2772
          2774 2776 2778 2780 2782 2784
          2786 2788 2790 2792 2794 2796
          2798 2800 2802 2804 2806 2808
          2810 2812 2814 2816 2818 2820
          2822 2824 2826 2828 2830 2832
          2834 2836 2838 2840 2842 2844
          2846 2848 2850 2852 2854 2856
          2858 2860 2862 2864 2866 2868
          2870 2872 2874 2876 2878 2880
          2882 2884 2886 2888 2890 2892
          2894 2896 2898 2900 2902 2904
          2906 2908 2910 2912 2914 2916
          2918 2920 2922 2924 2926 2928
          2930 2932 2934 2936 2938 2940
          2942 2944 2946 2948 2950 2952
          2954 2956 2958 2960 2962 2964
          2966 2968 2970 2972 2974 2976
          2978 2980 2982 2984 2986 2988
          2990 2992 2994 2996 2998 3000
          3002 3004 3006 3008 3010 3012
          3014 3016 3018 3020 3022 3024
          3026 3028 3030 3032 3034 3036
          3038 3040 3042 3044 3046 3048
          3050 3052 3054 3056 3058 3060
          3062 3064 3066 3068 3070 3072
          3074 3076 3078 3080 3082 3084
          3086 3088 3090 3092 3094 3096
          3098 3100 3102 3104 3106 3108
          3110 3112 3114 3116 3118 3120
          3122 3124 3126 3128 3130 3132
          3134 3136 3138 3140 3142 3144
          3146 3148 3150 3152 3154 3156
          3158 3160 3162 3164 3166 3168
          3170 3172 3174 3176 3178 3180
          3182 3184 3186 3188 3190 3192
          3194 3196 3198 3200 3202 3204
          3206 3208 3210 3212 3214 3216
          3218 3220 3222 3224 3226 3228
          3230 3232 3234 3236 3238 3240
          3242 3244 3246 3248 3250 3252
          3254 3256 3258 3260 3262 3264
          3266 3268 3270 3272 3274 3276
          3278 3280 3282 3284 3286 3288
          3290 3292 3294 3296 3298 3300
          3302 3304 3306 3308 3310 3312
          3314 3316 3318 3320 3322 3324
          3326 3328 3330 3332 3334 3336
          3338 3340 3342 3344 3346 3348
          3350 3352 3354 3356 3358 3360
          3362 3364 3366 3368 3370 3372
          3374 3376 3378 3380 3382 3384
          3386 3388 3390 3392 3394 3396
          3398 3400 3402 3404 3406 3408
          3410 3412 3414 3416 3418 3420
          3422 3424 3426 3428 3430 3432
          3434 3436 3438 3440 3442 3444
          3446 3448 3450 3452 3454 3456
          3458 3460 3462 3464 3466 3468
          3470 3472 3474 3476 3478 3480
          3482 3484 3486 3488 3490 3492
          3494 3496 3498 3500 3502 3504
          3506 3508 3510 3512 3514 3516
          3518 3520 3522 3524 3526 3528
          3530 3532 3534 3536 3538 3540
          3542 3544 3546 3548 3550 3552
          3554 3556 3558 3560 3562 3564
          3566 3568 3570 3572 3574 3576
          3578 3580 3582 3584 3586 3588
          3590 3592 3594 3596 3598 3600
          3602 3604 3606 3608 3610 3612
          3614 3616 3618 3620 3622 3624
          3626 3628 3630 3632 3634 3636
          3638 3640 3642 3644 3646 3648
          3650 3652 3654 3656 3658 3660
          3662 3664 3666 3668 3670 3672
          3674 3676 3678 3680 3682 3684
          3686 3688 3690 3692 3694 3696
          3698 3700 3702 3704 3706 3708
          3710 3712 3714 3716 3718 3720
          3722 3724 3726 3728 3730 3732
          3734 3736 3738 3740 3742 3744
          3746 3748 3750 3752 3754 3756
          3758 3760 3762 3764 3766 3768
          3770 3772 3774 3776 3778 3780
          3782 3784 3786 3788 3790 3792
          3794 3796 3798 3800 3802 3804
          3806 3808 3810 3812 3814 3816
          3818 3820 3822 3824 3826 3828
          3830 3832 3834 3836 3838 3840
          3842 3844 3846 3848 3850 3852
          3854 3856 3858 3860 3862 3864
          3866 3868 3870 3872 3874 3876
          3878 3880 3882 3884 3886 3888
          3890 3892 3894 3896 3898 3900
          3902 3904 3906 3908 3910 3912
          3914 3916 3918 3920 3922 3924
          3926 3928 3930 3932 3934 3936
          3938 3940 3942 3944 3946 3948
          3950 3952 3954 3956 3958 3960
          3962 3964 3966 3968 3970 3972
          3974 3976 3978 3980 3982 3984
          3986 3988 3990 3992 3994 3996
          3998 4000 4002 4004 4006 4008
          4010 4012 4014 4016 4018 4020
          4022 4024 4026 4028 4030 4032
          4034 4036 4038 4040 4042 4044
          4046 4048 4050 4052 4054 4056
          4058 4060 4062 4064 4066 4068
          4070 4072 4074 4076 4078 4080
          4082 4084 4086 4088 4090 4092
          4094 4096 4098 4100 4102 4104
          4106 4108 4110 4112 4114 4116
          4118 4120 4122 4124 4126 4128
          4130 4132 4134 4136 4138 4140
          4142 4144 4146 4148 4150 4152
          4154 4156 4158 4160 4162 4164
          4166 4168 4170 4172 4174 4176
          4178 4180 4182 4184 4186 4188
          4190 4192 4194 4196 4198 4200
          4202 4204 4206 4208 4210 4212
          4214 4216 4218 4220 4222 4224
          4226 4228 4230 4232 4234 4236
          4238 4240 4242 4244 4246 4248
          4250 4252 4254 4256 4258 4260
          4262 4264 4266 4268 4270 4272
          4274 4276 4278 4280 4282 4284
          4286 4288 4290 4292 4294 4296
          4298 4300 4302 4304 4306 4308
          4310 4312 4314 4316 4318 4320
          4322 4324 4326 4328 4330 4332
          4334 4336 4338 4340 4342 4344
          4346 4348 4350 4352 4354 4356
          4358 4360 4362 4364 4366 4368
          4370 4372 4374 4376 4378 4380
          4382 4384 4386 4388 4390 4392
          4394 4396 4398 4400 4402 4404
          4406 4408 4410 4412 4414 4416
          4418 4420 4422 4424 4426 4428
          4430 4432 4434 4436 4438 4440
          4442 4444 4446 4448 4450 4452
          4454 4456 4458 4460 4462 4464
          4466 4468 4470 4472 4474 4476
          4478 4480 4482 4484 4486 4488
          4490 4492 4494 4496 4498 4500
          4502 4504 4506 4508 4510 4512
          4514 4516 4518 4520 4522 4524
          4526 4528 4530 4532 4534 4536
          4538 4540 4542 4544 4546 4548
          4550 4552 4554 4556 4558 4560
          4562 4564 4566 4568 4570 4572
          4574 4576 4578 4580 4582 4584
          4586 4588 4590 4592 4594 4596
          4598 4600 4602 4604 4606 4608
          4610 4612 4614 4616 4618 4620
          4622 4624 4626 4628 4630 4632
          4634 4636 4638 4640 4642 4644
          4646 4648 4650 4652 4654 4656
          4658 4660 4662 4664 4666 4668
          4670 4672 4674 4676 4678 4680
          4682 4684 4686 4688 4690 4692
          4694 4696 4698 4700 4702 4704
          4706 4708 4710 4712 4714 4716
          4718 4720 4722 4724 4726 4728
          4730 4732 4734 4736 4738 4740
          4742 4744 4746 4748 4750 4752
          4754 4756 4758 4760 4762 4764
          4766 4768 4770 4772 4774 4776
          4778 4780 4782 4784 4786 4788
          4790 4792 4794 4796 4798 4800
          4802 4804 4806 4808 4810 4812
          4814 4816 4818 4820 4822 4824
          4826 4828 4830 4832 4834 4836
          4838 4840 4842 4844 4846 4848
          4850 4852 4854 4856 4858 4860
          4862 4864 4866 4868 4870 4872
          4874 4876 4878 4880 4882 4884
          4886 4888 4890 4892 4894 4896
          4898 4900 4902 4904 4906 4908
          4910 4912 4914 4916 4918 4920
          4922 4924 4926 4928 4930 4932
          4934 4936 4938 4940 4942 4944
          4946 4948 4950 4952 4954 4956
          4958 4960 4962 4964 4966 4968
          4970 4972 4974 4976 4978 4980
          4982 4984 4986 4988 4990 4992
          4994 4996 4998 5000 5002 5004
          5006 5008 5010 5012 5014 5016
          5018 5020 5022 5024 5026 5028
          5030 5032 5034 5036 5038 5040
          5042 5044 5046 5048 5050 5052
          5054 5056 5058 5060 5062 5064
          5066 5068 5070 5072 5074 5076
          5078 5080 5082 5084 5086 5088
          5090 5092 5094 5096 5098 5100
          5102 5104 5106 5108 5110 5112
          5114 5116 5118 5120 5122 5124
          5126 5128 5130 5132 5134 5136
          5138 5140 5142 5144 5146 5148
          5150 5152 5154 5156 5158 5160
          5162 5164 5166 5168 5170 5172
          5174 5176 5178 5180 5182 5184
          5186 5188 5190 5192 5194 5196
          5198 5200 5202 5204 5206 5208
          5210 5212 5214 5216 5218 5220
          5222 5224 5226 5228 5230 5232
          5234 5236 5238 5240 5242 5244
          5246 5248 5250 5252 5254 5256
          5258 5260 5262 5264 5266 5268
          5270 5272 5274 5276 5278 5280
          5282 5284 5286 5288 5290 5292
          5294 5296 5298 5300 5302 5304
          5306 5308 5310 5312 5314 5316
          5318 5320 5322 5324 5326 5328
          5330 5332 5334 5336 5338 5340
          5342 5344 5346 5348 5350 5352
          5354 5356 5358 5360 5362 5364
          5366 5368 5370 5372 5374 5376
          5378 5380 5382 5384 5386 5388
          5390 5392 5394 5396 5398 5400
          5402 5404 5406 5408 5410 5412
          5414 5416 5418 5420 5422 5424
          5426 5428 5430 5432 5434 5436
          5438 5440 5442 5444 5446 5448
          5450 5452 5454 5456 5458 5460
          5462 5464 5466 5468 5470 5472
          5474 5476 5478 5480 5482 5484
          5486 5488 5490 5492 5494 5496
          5498 5500 5502 5504 5506 5508
          5510 5512 5514 5516 5518 5520
          5522 5524 5526 5528 5530 5532
          5534 5536 5538 5540 5542 5544
          5546 5548 5550 5552 5554 5556
          5558 5560 5562 5564
        </DataArray>
        <DataArray type="UInt8" Name="types" format="ascii" RangeMin="3" RangeMax="3">
          3 3 3 3 3 3
          3 3 3 3 3 3
          3 3 3 3 3 3
          3 3 3 3 3 3
          3 3 3 3 3 3
          3 3 3 3 3 3
          3 3 3 3 3 3
          3 3 3 3 3 3
          3 3 3 3 3 3
          3 3 3 3 3 3
          3 3 3 3 3 3
          3 3 3 3 3 3
          3 3 3 3 3 3
          3 3 3 3 3 3
          3 3 3 3 3 3
          3 3 3 3 3 3
          3 3 3 3 3 3
          3 3 3 3 3 3
          3 3 3 3 3 3
          3 3 3 3 3 3
          3 3 3 3 3 3
          3 3 3 3 3 3
          3 3 3 3 3 3
          3 3 3 3 3 3
          3 3 3 3 3 3
          3 3 3 3 3 3
          3 3 3 3 3 3
          3 3 3 3 3 3
          3 3 3 3 3 3
          3 3 3 3 3 3
          3 3 3 3 3 3
          3 3 3 3 3 3
          3 3 3 3 3 3
          3 3 3 3 3 3
          3 3 3 3 3 3
          3 3 3 3 3 3
          3 3 3 3 3 3
          3 3 3 3 3 3
          3 3 3 3 3 3
          3 3 3 3 3 3
          3 3 3 3 3 3
          3 3 3 3 3 3
          3 3 3 3 3 3
          3 3 3 3 3 3
          3 3 3 3 3 3
          3 3 3 3 3 3
          3 3 3 3 3 3
          3 3 3 3 3 3
          3 3 3 3 3 3
          3 3 3 3 3 3
          3 3 3 3 3 3
          3 3 3 3 3 3
          3 3 3 3 3 3
          3 3 3 3 3 3
          3 3 3 3 3 3
          3 3 3 3 3 3
          3 3 3 3 3 3
          3 3 3 3 3 3
          3 3 3 3 3 3
          3 3 3 3 3 3
          3 3 3 3 3 3
          3 3 3 3 3 3
          3 3 3 3 3 3
          3 3 3 3 3 3
          3 3 3 3 3 3
          3 3 3 3 3 3
          3 3 3 3 3 3
          3 3 3 3 3 3
          3 3 3 3 3 3
          3 3 3 3 3 3
          3 3 3 3 3 3
          3 3 3 3 3 3
          3 3 3 3 3 3
          3 3 3 3 3 3
          3 3 3 3 3 3
          3 3 3 3 3 3
          3 3 3 3 3 3
          3 3 3 3 3 3
          3 3 3 3 3 3
          3 3 3 3 3 3
          3 3 3 3 3 3
          3 3 3 3 3 3
          3 3 3 3 3 3
          3 3 3 3 3 3
          3 3 3 3 3 3
          3 3 3 3 3 3
          3 3 3 3 3 3
          3 3 3 3 3 3
          3 3 3 3 3 3
          3 3 3 3 3 3
          3 3 3 3 3 3
          3 3 3 3 3 3
          3 3 3 3 3 3
          3 3 3 3 3 3
          3 3 3 3 3 3
          3 3 3 3 3 3
          3 3 3 3 3 3
          3 3 3 3 3 3
          3 3 3 3 3 3
          3 3 3 3 3 3
          3 3 3 3 3 3
          3 3 3 3 3 3
          3 3 3 3 3 3
          3 3 3 3 3 3
          3 3 3 3 3 3
          3 3 3 3 3 3
          3 3 3 3 3 3
          3 3 3 3 3 3
          3 3 3 3 3 3
          3 3 3 3 3 3
          3 3 3 3 3 3
          3 3 3 3 3 3
          3 3 3 3 3 3
          3 3 3 3 3 3
          3 3 3 3 3 3
          3 3 3 3 3 3
          3 3 3 3 3 3
          3 3 3 3 3 3
          3 3 3 3 3 3
          3 3 3 3 3 3
          3 3 3 3 3 3
          3 3 3 3 3 3
          3 3 3 3 3 3
          3 3 3 3 3 3
          3 3 3 3 3 3
          3 3 3 3 3 3
          3 3 3 3 3 3
          3 3 3 3 3 3
          3 3 3 3 3 3
          3 3 3 3 3 3
          3 3 3 3 3 3
          3 3 3 3 3 3
          3 3 3 3 3 3
          3 3 3 3 3 3
          3 3 3 3 3 3
          3 3 3 3 3 3
          3 3 3 3 3 3
          3 3 3 3 3 3
          3 3 3 3 3 3
          3 3 3 3 3 3
          3 3 3 3 3 3
          3 3 3 3 3 3
          3 3 3 3 3 3
          3 3 3 3 3 3
          3 3 3 3 3 3
          3 3 3 3 3 3
          3 3 3 3 3 3
          3 3 3 3 3 3
          3 3 3 3 3 3
          3 3 3 3 3 3
          3 3 3 3 3 3
          3 3 3 3 3 3
          3 3 3 3 3 3
          3 3 3 3 3 3
          3 3 3 3 3 3
          3 3 3 3 3 3
          3 3 3 3 3 3
          3 3 3 3 3 3
          3 3 3 3 3 3
          3 3 3 3 3 3
          3 3 3 3 3 3
          3 3 3 3 3 3
          3 3 3 3 3 3
          3 3 3 3 3 3
          3 3 3 3 3 3
          3 3 3 3 3 3
          3 3 3 3 3 3
          3 3 3 3 3 3
          3 3 3 3 3 3
          3 3 3 3 3 3
          3 3 3 3 3 3
          3 3 3 3 3 3
          3 3 3 3 3 3
          3 3 3 3 3 3
          3 3 3 3 3 3
          3 3 3 3 3 3
          3 3 3 3 3 3
          3 3 3 3 3 3
          3 3 3 3 3 3
          3 3 3 3 3 3
          3 3 3 3 3 3
          3 3 3 3 3 3
          3 3 3 3 3 3
          3 3 3 3 3 3
          3 3 3 3 3 3
          3 3 3 3 3 3
          3 3 3 3 3 3
          3 3 3 3 3 3
          3 3 3 3 3 3
          3 3 3 3 3 3
          3 3 3 3 3 3
          3 3 3 3 3 3
          3 3 3 3 3 3
          3 3 3 3 3 3
          3 3 3 3 3 3
          3 3 3 3 3 3
          3 3 3 3 3 3
          3 3 3 3 3 3
          3 3 3 3 3 3
          3 3 3 3 3 3
          3 3 3 3 3 3
          3 3 3 3 3 3
          3 3 3 3 3 3
          3 3 3 3 3 3
          3 3 3 3 3 3
          3 3 3 3 3 3
          3 3 3 3 3 3
          3 3 3 3 3 3
          3 3 3 3 3 3
          3 3 3 3 3 3
          3 3 3 3 3 3
          3 3 3 3 3 3
          3 3 3 3 3 3
          3 3 3 3 3 3
          3 3 3 3 3 3
          3 3 3 3 3 3
          3 3 3 3 3 3
          3 3 3 3 3 3
          3 3 3 3 3 3
          3 3 3 3 3 3
          3 3 3 3 3 3
          3 3 3 3 3 3
          3 3 3 3 3 3
          3 3 3 3 3 3
          3 3 3 3 3 3
          3 3 3 3 3 3
          3 3 3 3 3 3
          3 3 3 3 3 3
          3 3 3 3 3 3
          3 3 3 3 3 3
          3 3 3 3 3 3
          3 3 3 3 3 3
          3 3 3 3 3 3
          3 3 3 3 3 3
          3 3 3 3 3 3
          3 3 3 3 3 3
          3 3 3 3 3 3
          3 3 3 3 3 3
          3 3 3 3 3 3
          3 3 3 3 3 3
          3 3 3 3 3 3
          3 3 3 3 3 3
          3 3 3 3 3 3
          3 3 3 3 3 3
          3 3 3 3 3 3
          3 3 3 3 3 3
          3 3 3 3 3 3
          3 3 3 3 3 3
          3 3 3 3 3 3
          3 3 3 3 3 3
          3 3 3 3 3 3
          3 3 3 3 3 3
          3 3 3 3 3 3
          3 3 3 3 3 3
          3 3 3 3 3 3
          3 3 3 3 3 3
          3 3 3 3 3 3
          3 3 3 3 3 3
          3 3 3 3 3 3
          3 3 3 3 3 3
          3 3 3 3 3 3
          3 3 3 3 3 3
          3 3 3 3 3 3
          3 3 3 3 3 3
          3 3 3 3 3 3
          3 3 3 3 3 3
          3 3 3 3 3 3
          3 3 3 3 3 3
          3 3 3 3 3 3
          3 3 3 3 3 3
          3 3 3 3 3 3
          3 3 3 3 3 3
          3 3 3 3 3 3
          3 3 3 3 3 3
          3 3 3 3 3 3
          3 3 3 3 3 3
          3 3 3 3 3 3
          3 3 3 3 3 3
          3 3 3 3 3 3
          3 3 3 3 3 3
          3 3 3 3 3 3
          3 3 3 3 3 3
          3 3 3 3 3 3
          3 3 3 3 3 3
          3 3 3 3 3 3
          3 3 3 3 3 3
          3 3 3 3 3 3
          3 3 3 3 3 3
          3 3 3 3 3 3
          3 3 3 3 3 3
          3 3 3 3 3 3
          3 3 3 3 3 3
          3 3 3 3 3 3
          3 3 3 3 3 3
          3 3 3 3 3 3
          3 3 3 3 3 3
          3 3 3 3 3 3
          3 3 3 3 3 3
          3 3 3 3 3 3
          3 3 3 3 3 3
          3 3 3 3 3 3
          3 3 3 3 3 3
          3 3 3 3 3 3
          3 3 3 3 3 3
          3 3 3 3 3 3
          3 3 3 3 3 3
          3 3 3 3 3 3
          3 3 3 3 3 3
          3 3 3 3 3 3
          3 3 3 3 3 3
          3 3 3 3 3 3
          3 3 3 3 3 3
          3 3 3 3 3 3
          3 3 3 3 3 3
          3 3 3 3 3 3
          3 3 3 3 3 3
          3 3 3 3 3 3
          3 3 3 3 3 3
          3 3 3 3 3 3
          3 3 3 3 3 3
          3 3 3 3 3 3
          3 3 3 3 3 3
          3 3 3 3 3 3
          3 3 3 3 3 3
          3 3 3 3 3 3
          3 3 3 3 3 3
          3 3 3 3 3 3
          3 3 3 3 3 3
          3 3 3 3 3 3
          3 3 3 3 3 3
          3 3 3 3 3 3
          3 3 3 3 3 3
          3 3 3 3 3 3
          3 3 3 3 3 3
          3 3 3 3 3 3
          3 3 3 3 3 3
          3 3 3 3 3 3
          3 3 3 3 3 3
          3 3 3 3 3 3
          3 3 3 3 3 3
          3 3 3 3 3 3
          3 3 3 3 3 3
          3 3 3 3 3 3
          3 3 3 3 3 3
          3 3 3 3 3 3
          3 3 3 3 3 3
          3 3 3 3 3 3
          3 3 3 3 3 3
          3 3 3 3 3 3
          3 3 3 3 3 3
          3 3 3 3 3 3
          3 3 3 3 3 3
          3 3 3 3 3 3
          3 3 3 3 3 3
          3 3 3 3 3 3
          3 3 3 3 3 3
          3 3 3 3 3 3
          3 3 3 3 3 3
          3 3 3 3 3 3
          3 3 3 3 3 3
          3 3 3 3 3 3
          3 3 3 3 3 3
          3 3 3 3 3 3
          3 3 3 3 3 3
          3 3 3 3 3 3
          3 3 3 3 3 3
          3 3 3 3 3 3
          3 3 3 3 3 3
          3 3 3 3 3 3
          3 3 3 3 3 3
          3 3 3 3 3 3
          3 3 3 3 3 3
          3 3 3 3 3 3
          3 3 3 3 3 3
          3 3 3 3 3 3
          3 3 3 3 3 3
          3 3 3 3 3 3
          3 3 3 3 3 3
          3 3 3 3 3 3
          3 3 3 3 3 3
          3 3 3 3 3 3
          3 3 3 3 3 3
          3 3 3 3 3 3
          3 3 3 3 3 3
          3 3 3 3 3 3
          3 3 3 3 3 3
          3 3 3 3 3 3
          3 3 3 3 3 3
          3 3 3 3 3 3
          3 3 3 3 3 3
          3 3 3 3 3 3
          3 3 3 3 3 3
          3 3 3 3 3 3
          3 3 3 3 3 3
          3 3 3 3 3 3
          3 3 3 3 3 3
          3 3 3 3 3 3
          3 3 3 3 3 3
          3 3 3 3 3 3
          3 3 3 3 3 3
          3 3 3 3 3 3
          3 3 3 3 3 3
          3 3 3 3 3 3
          3 3 3 3 3 3
          3 3 3 3 3 3
          3 3 3 3 3 3
          3 3 3 3 3 3
          3 3 3 3 3 3
          3 3 3 3 3 3
          3 3 3 3 3 3
          3 3 3 3 3 3
          3 3 3 3 3 3
          3 3 3 3 3 3
          3 3 3 3 3 3
          3 3 3 3 3 3
          3 3 3 3 3 3
          3 3 3 3 3 3
          3 3 3 3 3 3
          3 3 3 3 3 3
          3 3 3 3 3 3
          3 3 3 3 3 3
          3 3 3 3 3 3
          3 3 3 3 3 3
          3 3 3 3 3 3
          3 3 3 3 3 3
          3 3 3 3 3 3
          3 3 3 3 3 3
          3 3 3 3 3 3
          3 3 3 3 3 3
          3 3 3 3 3 3
          3 3 3 3 3 3
          3 3 3 3 3 3
          3 3 3 3 3 3
          3 3 3 3 3 3
          3 3 3 3 3 3
          3 3 3 3 3 3
          3 3 3 3 3 3
          3 3 3 3 3 3
          3 3 3 3 3 3
          3 3 3 3 3 3
          3 3 3 3 3 3
          3 3 3 3 3 3
          3 3 3 3 3 3
          3 3 3 3 3 3
          3 3 3 3 3 3
          3 3 3 3 3 3
          3 3 3 3 3 3
          3 3 3 3 3 3
          3 3 3 3 3 3
          3 3 3 3 3 3
          3 3 3 3 3 3
          3 3 3 3 3 3
          3 3 3 3 3 3
          3 3 3 3 3 3
          3 3 3 3 3 3
          3 3 3 3 3 3
          3 3 3 3 3 3
          3 3 3 3 3 3
          3 3 3 3 3 3
          3 3 3 3 3 3
          3 3 3 3 3 3
          3 3 3 3 3 3
          3 3 3 3 3 3
          3 3 3 3
        </DataArray>
      </Cells>
    </Piece>
  </UnstructuredGrid>
</VTKFile>
