<VTKFile type="UnstructuredGrid" version="0.1" byte_order="LittleEndian" header_type="UInt32" compressor="vtkZLibDataCompressor">
  <UnstructuredGrid>
    <Piece NumberOfPoints="2060" NumberOfCells="2060">
      <PointData Scalars="CriticalType">
        <DataArray type="Int32" Name="NodeId" format="ascii" RangeMin="0" RangeMax="2059">
          0 1 2 3 4 5
          6 7 8 9 10 11
          12 13 14 15 16 17
          18 19 20 21 22 23
          24 25 26 27 28 29
          30 31 32 33 34 35
          36 37 38 39 40 41
          42 43 44 45 46 47
          48 49 50 51 52 53
          54 55 56 57 58 59
          60 61 62 63 64 65
          66 67 68 69 70 71
          72 73 74 75 76 77
          78 79 80 81 82 83
          84 85 86 87 88 89
          90 91 92 93 94 95
          96 97 98 99 100 101
          102 103 104 105 106 107
          108 109 110 111 112 113
          114 115 116 117 118 119
          120 121 122 123 124 125
          126 127 128 129 130 131
          132 133 134 135 136 137
          138 139 140 141 142 143
          144 145 146 147 148 149
          150 151 152 153 154 155
          156 157 158 159 160 161
          162 163 164 165 166 167
          168 169 170 171 172 173
          174 175 176 177 178 179
          180 181 182 183 184 185
          186 187 188 189 190 191
          192 193 194 195 196 197
          198 199 200 201 202 203
          204 205 206 207 208 209
          210 211 212 213 214 215
          216 217 218 219 220 221
          222 223 224 225 226 227
          228 229 230 231 232 233
          234 235 236 237 238 239
          240 241 242 243 244 245
          246 247 248 249 250 251
          252 253 254 255 256 257
          258 259 260 261 262 263
          264 265 266 267 268 269
          270 271 272 273 274 275
          276 277 278 279 280 281
          282 283 284 285 286 287
          288 289 290 291 292 293
          294 295 296 297 298 299
          300 301 302 303 304 305
          306 307 308 309 310 311
          312 313 314 315 316 317
          318 319 320 321 322 323
          324 325 326 327 328 329
          330 331 332 333 334 335
          336 337 338 339 340 341
          342 343 344 345 346 347
          348 349 350 351 352 353
          354 355 356 357 358 359
          360 361 362 363 364 365
          366 367 368 369 370 371
          372 373 374 375 376 377
          378 379 380 381 382 383
          384 385 386 387 388 389
          390 391 392 393 394 395
          396 397 398 399 400 401
          402 403 404 405 406 407
          408 409 410 411 412 413
          414 415 416 417 418 419
          420 421 422 423 424 425
          426 427 428 429 430 431
          432 433 434 435 436 437
          438 439 440 441 442 443
          444 445 446 447 448 449
          450 451 452 453 454 455
          456 457 458 459 460 461
          462 463 464 465 466 467
          468 469 470 471 472 473
          474 475 476 477 478 479
          480 481 482 483 484 485
          486 487 488 489 490 491
          492 493 494 495 496 497
          498 499 500 501 502 503
          504 505 506 507 508 509
          510 511 512 513 514 515
          516 517 518 519 520 521
          522 523 524 525 526 527
          528 529 530 531 532 533
          534 535 536 537 538 539
          540 541 542 543 544 545
          546 547 548 549 550 551
          552 553 554 555 556 557
          558 559 560 561 562 563
          564 565 566 567 568 569
          570 571 572 573 574 575
          576 577 578 579 580 581
          582 583 584 585 586 587
          588 589 590 591 592 593
          594 595 596 597 598 599
          600 601 602 603 604 605
          606 607 608 609 610 611
          612 613 614 615 616 617
          618 619 620 621 622 623
          624 625 626 627 628 629
          630 631 632 633 634 635
          636 637 638 639 640 641
          642 643 644 645 646 647
          648 649 650 651 652 653
          654 655 656 657 658 659
          660 661 662 663 664 665
          666 667 668 669 670 671
          672 673 674 675 676 677
          678 679 680 681 682 683
          684 685 686 687 688 689
          690 691 692 693 694 695
          696 697 698 699 700 701
          702 703 704 705 706 707
          708 709 710 711 712 713
          714 715 716 717 718 719
          720 721 722 723 724 725
          726 727 728 729 730 731
          732 733 734 735 736 737
          738 739 740 741 742 743
          744 745 746 747 748 749
          750 751 752 753 754 755
          756 757 758 759 760 761
          762 763 764 765 766 767
          768 769 770 771 772 773
          774 775 776 777 778 779
          780 781 782 783 784 785
          786 787 788 789 790 791
          792 793 794 795 796 797
          798 799 800 801 802 803
          804 805 806 807 808 809
          810 811 812 813 814 815
          816 817 818 819 820 821
          822 823 824 825 826 827
          828 829 830 831 832 833
          834 835 836 837 838 839
          840 841 842 843 844 845
          846 847 848 849 850 851
          852 853 854 855 856 857
          858 859 860 861 862 863
          864 865 866 867 868 869
          870 871 872 873 874 875
          876 877 878 879 880 881
          882 883 884 885 886 887
          888 889 890 891 892 893
          894 895 896 897 898 899
          900 901 902 903 904 905
          906 907 908 909 910 911
          912 913 914 915 916 917
          918 919 920 921 922 923
          924 925 926 927 928 929
          930 931 932 933 934 935
          936 937 938 939 940 941
          942 943 944 945 946 947
          948 949 950 951 952 953
          954 955 956 957 958 959
          960 961 962 963 964 965
          966 967 968 969 970 971
          972 973 974 975 976 977
          978 979 980 981 982 983
          984 985 986 987 988 989
          990 991 992 993 994 995
          996 997 998 999 1000 1001
          1002 1003 1004 1005 1006 1007
          1008 1009 1010 1011 1012 1013
          1014 1015 1016 1017 1018 1019
          1020 1021 1022 1023 1024 1025
          1026 1027 1028 1029 1030 1031
          1032 1033 1034 1035 1036 1037
          1038 1039 1040 1041 1042 1043
          1044 1045 1046 1047 1048 1049
          1050 1051 1052 1053 1054 1055
          1056 1057 1058 1059 1060 1061
          1062 1063 1064 1065 1066 1067
          1068 1069 1070 1071 1072 1073
          1074 1075 1076 1077 1078 1079
          1080 1081 1082 1083 1084 1085
          1086 1087 1088 1089 1090 1091
          1092 1093 1094 1095 1096 1097
          1098 1099 1100 1101 1102 1103
          1104 1105 1106 1107 1108 1109
          1110 1111 1112 1113 1114 1115
          1116 1117 1118 1119 1120 1121
          1122 1123 1124 1125 1126 1127
          1128 1129 1130 1131 1132 1133
          1134 1135 1136 1137 1138 1139
          1140 1141 1142 1143 1144 1145
          1146 1147 1148 1149 1150 1151
          1152 1153 1154 1155 1156 1157
          1158 1159 1160 1161 1162 1163
          1164 1165 1166 1167 1168 1169
          1170 1171 1172 1173 1174 1175
          1176 1177 1178 1179 1180 1181
          1182 1183 1184 1185 1186 1187
          1188 1189 1190 1191 1192 1193
          1194 1195 1196 1197 1198 1199
          1200 1201 1202 1203 1204 1205
          1206 1207 1208 1209 1210 1211
          1212 1213 1214 1215 1216 1217
          1218 1219 1220 1221 1222 1223
          1224 1225 1226 1227 1228 1229
          1230 1231 1232 1233 1234 1235
          1236 1237 1238 1239 1240 1241
          1242 1243 1244 1245 1246 1247
          1248 1249 1250 1251 1252 1253
          1254 1255 1256 1257 1258 1259
          1260 1261 1262 1263 1264 1265
          1266 1267 1268 1269 1270 1271
          1272 1273 1274 1275 1276 1277
          1278 1279 1280 1281 1282 1283
          1284 1285 1286 1287 1288 1289
          1290 1291 1292 1293 1294 1295
          1296 1297 1298 1299 1300 1301
          1302 1303 1304 1305 1306 1307
          1308 1309 1310 1311 1312 1313
          1314 1315 1316 1317 1318 1319
          1320 1321 1322 1323 1324 1325
          1326 1327 1328 1329 1330 1331
          1332 1333 1334 1335 1336 1337
          1338 1339 1340 1341 1342 1343
          1344 1345 1346 1347 1348 1349
          1350 1351 1352 1353 1354 1355
          1356 1357 1358 1359 1360 1361
          1362 1363 1364 1365 1366 1367
          1368 1369 1370 1371 1372 1373
          1374 1375 1376 1377 1378 1379
          1380 1381 1382 1383 1384 1385
          1386 1387 1388 1389 1390 1391
          1392 1393 1394 1395 1396 1397
          1398 1399 1400 1401 1402 1403
          1404 1405 1406 1407 1408 1409
          1410 1411 1412 1413 1414 1415
          1416 1417 1418 1419 1420 1421
          1422 1423 1424 1425 1426 1427
          1428 1429 1430 1431 1432 1433
          1434 1435 1436 1437 1438 1439
          1440 1441 1442 1443 1444 1445
          1446 1447 1448 1449 1450 1451
          1452 1453 1454 1455 1456 1457
          1458 1459 1460 1461 1462 1463
          1464 1465 1466 1467 1468 1469
          1470 1471 1472 1473 1474 1475
          1476 1477 1478 1479 1480 1481
          1482 1483 1484 1485 1486 1487
          1488 1489 1490 1491 1492 1493
          1494 1495 1496 1497 1498 1499
          1500 1501 1502 1503 1504 1505
          1506 1507 1508 1509 1510 1511
          1512 1513 1514 1515 1516 1517
          1518 1519 1520 1521 1522 1523
          1524 1525 1526 1527 1528 1529
          1530 1531 1532 1533 1534 1535
          1536 1537 1538 1539 1540 1541
          1542 1543 1544 1545 1546 1547
          1548 1549 1550 1551 1552 1553
          1554 1555 1556 1557 1558 1559
          1560 1561 1562 1563 1564 1565
          1566 1567 1568 1569 1570 1571
          1572 1573 1574 1575 1576 1577
          1578 1579 1580 1581 1582 1583
          1584 1585 1586 1587 1588 1589
          1590 1591 1592 1593 1594 1595
          1596 1597 1598 1599 1600 1601
          1602 1603 1604 1605 1606 1607
          1608 1609 1610 1611 1612 1613
          1614 1615 1616 1617 1618 1619
          1620 1621 1622 1623 1624 1625
          1626 1627 1628 1629 1630 1631
          1632 1633 1634 1635 1636 1637
          1638 1639 1640 1641 1642 1643
          1644 1645 1646 1647 1648 1649
          1650 1651 1652 1653 1654 1655
          1656 1657 1658 1659 1660 1661
          1662 1663 1664 1665 1666 1667
          1668 1669 1670 1671 1672 1673
          1674 1675 1676 1677 1678 1679
          1680 1681 1682 1683 1684 1685
          1686 1687 1688 1689 1690 1691
          1692 1693 1694 1695 1696 1697
          1698 1699 1700 1701 1702 1703
          1704 1705 1706 1707 1708 1709
          1710 1711 1712 1713 1714 1715
          1716 1717 1718 1719 1720 1721
          1722 1723 1724 1725 1726 1727
          1728 1729 1730 1731 1732 1733
          1734 1735 1736 1737 1738 1739
          1740 1741 1742 1743 1744 1745
          1746 1747 1748 1749 1750 1751
          1752 1753 1754 1755 1756 1757
          1758 1759 1760 1761 1762 1763
          1764 1765 1766 1767 1768 1769
          1770 1771 1772 1773 1774 1775
          1776 1777 1778 1779 1780 1781
          1782 1783 1784 1785 1786 1787
          1788 1789 1790 1791 1792 1793
          1794 1795 1796 1797 1798 1799
          1800 1801 1802 1803 1804 1805
          1806 1807 1808 1809 1810 1811
          1812 1813 1814 1815 1816 1817
          1818 1819 1820 1821 1822 1823
          1824 1825 1826 1827 1828 1829
          1830 1831 1832 1833 1834 1835
          1836 1837 1838 1839 1840 1841
          1842 1843 1844 1845 1846 1847
          1848 1849 1850 1851 1852 1853
          1854 1855 1856 1857 1858 1859
          1860 1861 1862 1863 1864 1865
          1866 1867 1868 1869 1870 1871
          1872 1873 1874 1875 1876 1877
          1878 1879 1880 1881 1882 1883
          1884 1885 1886 1887 1888 1889
          1890 1891 1892 1893 1894 1895
          1896 1897 1898 1899 1900 1901
          1902 1903 1904 1905 1906 1907
          1908 1909 1910 1911 1912 1913
          1914 1915 1916 1917 1918 1919
          1920 1921 1922 1923 1924 1925
          1926 1927 1928 1929 1930 1931
          1932 1933 1934 1935 1936 1937
          1938 1939 1940 1941 1942 1943
          1944 1945 1946 1947 1948 1949
          1950 1951 1952 1953 1954 1955
          1956 1957 1958 1959 1960 1961
          1962 1963 1964 1965 1966 1967
          1968 1969 1970 1971 1972 1973
          1974 1975 1976 1977 1978 1979
          1980 1981 1982 1983 1984 1985
          1986 1987 1988 1989 1990 1991
          1992 1993 1994 1995 1996 1997
          1998 1999 2000 2001 2002 2003
          2004 2005 2006 2007 2008 2009
          2010 2011 2012 2013 2014 2015
          2016 2017 2018 2019 2020 2021
          2022 2023 2024 2025 2026 2027
          2028 2029 2030 2031 2032 2033
          2034 2035 2036 2037 2038 2039
          2040 2041 2042 2043 2044 2045
          2046 2047 2048 2049 2050 2051
          2052 2053 2054 2055 2056 2057
          2058 2059
        </DataArray>
        <DataArray type="Float32" Name="Scalar" format="ascii" RangeMin="0.10833412408828735" RangeMax="26.120901107788086">
          0.108334124 0.21253558 0.30792513 0.3409364 0.34706834 0.36020663
          0.39350662 0.41452008 0.41642913 0.42468983 0.44877484 0.45491263
          0.45735282 0.5002501 0.51169914 0.5416164 0.55044353 0.5558558
          0.56786877 0.5971172 0.6582476 0.6640545 0.6785137 0.6987709
          0.70896775 0.7101239 0.7352638 0.75609154 0.81369036 0.8545121
          0.85456115 0.880473 0.8993681 0.9036971 0.91464657 0.93209
          0.9544893 0.97719955 0.9852502 1.0094701 1.0139881 1.0163118
          1.0614651 1.0691423 1.089565 1.0922252 1.1129208 1.1151242
          1.1307412 1.1415154 1.1468958 1.185936 1.1987817 1.2020456
          1.2027467 1.2178122 1.241011 1.2618077 1.2771745 1.2844893
          1.2864759 1.3023651 1.3088044 1.3089149 1.3184607 1.3407246
          1.3871379 1.4034264 1.4114345 1.4218149 1.4420422 1.4472268
          1.4534837 1.4710865 1.4820759 1.5001305 1.501691 1.5020019
          1.5088089 1.5197634 1.5231661 1.5298501 1.5343119 1.5406073
          1.5558276 1.5651844 1.5816118 1.587743 1.6005378 1.6028082
          1.6130122 1.6169224 1.6171657 1.6237247 1.6364169 1.6404196
          1.6447892 1.6465338 1.6554092 1.6671019 1.6787635 1.6841034
          1.7052574 1.7124858 1.717444 1.718198 1.7295127 1.7575029
          1.7587798 1.7649434 1.7784483 1.7881713 1.7924566 1.8039435
          1.8099785 1.8118767 1.8128691 1.82605 1.8402948 1.8430747
          1.8441424 1.8460325 1.8528094 1.8545579 1.8567148 1.8622415
          1.8715572 1.8720055 1.8786367 1.8795434 1.8811717 1.8839724
          1.8849387 1.8874083 1.8883034 1.8896004 1.8963423 1.8963789
          1.8986182 1.9169682 1.9391117 1.943239 1.9441708 1.9617857
          1.9660381 1.9742745 1.9769281 1.983992 1.9886247 1.9960732
          2.00129 2.0147445 2.0177386 2.018092 2.0199823 2.0201206
          2.0227995 2.0458927 2.05106 2.05557 2.0683978 2.072866
          2.0896256 2.1013296 2.1149194 2.1216376 2.1866767 2.1988604
          2.2158008 2.218659 2.2231188 2.2286816 2.232264 2.2580268
          2.2612712 2.262635 2.2644362 2.2653701 2.2664552 2.2761445
          2.2904491 2.2937157 2.2950416 2.3040736 2.327928 2.3281639
          2.3291116 2.3652024 2.365464 2.3692405 2.3827085 2.383667
          2.3925464 2.416612 2.418688 2.419979 2.4283297 2.4392362
          2.450821 2.4559329 2.4580574 2.4592912 2.4606001 2.4675884
          2.4793613 2.4840417 2.4886732 2.4921658 2.5006387 2.5122447
          2.513674 2.5175445 2.5204663 2.5251772 2.5258737 2.529583
          2.5315924 2.5517938 2.5520618 2.554996 2.555446 2.5648136
          2.5806832 2.5809422 2.5867312 2.5914056 2.5960355 2.6038651
          2.6040113 2.6051116 2.6078384 2.618643 2.620262 2.6227982
          2.6248658 2.6324255 2.6441934 2.6506412 2.6562774 2.66334
          2.6634974 2.692321 2.6995146 2.7122803 2.7411158 2.752868
          2.7546184 2.7587082 2.7632153 2.7744777 2.7808511 2.8113062
          2.8218567 2.835293 2.8452528 2.8551579 2.8632114 2.8752122
          2.878389 2.88548 2.8894322 2.895652 2.8971577 2.899474
          2.90109 2.9020634 2.9250886 2.9262304 2.9284377 2.9359312
          2.9567246 2.958739 2.9652457 2.9714231 2.9778116 2.9817648
          2.9870036 2.9932206 2.9975812 3.0029075 3.0152068 3.017107
          3.0224104 3.0655344 3.1085458 3.1264098 3.12687 3.127208
          3.1365614 3.139422 3.140152 3.1469219 3.1541245 3.1571546
          3.1663036 3.1695368 3.1779585 3.1793306 3.1852193 3.1976912
          3.2151096 3.216389 3.2461758 3.2657228 3.267034 3.2832458
          3.290598 3.3101523 3.310232 3.3130534 3.314653 3.3192384
          3.323607 3.3299298 3.3364537 3.339273 3.3394713 3.339915
          3.360712 3.3617811 3.3808236 3.3859835 3.389805 3.393163
          3.406619 3.4080608 3.4229171 3.4288223 3.4376593 3.4391348
          3.4391508 3.4414713 3.4417193 3.4453886 3.4461975 3.452632
          3.4609544 3.4710472 3.4733663 3.481058 3.4906566 3.4923055
          3.492493 3.496988 3.505789 3.5077837 3.514014 3.5155947
          3.5236828 3.525561 3.5322516 3.5450668 3.5556812 3.5576694
          3.582797 3.5866075 3.5900288 3.5963955 3.5990782 3.6019175
          3.6031902 3.605301 3.6228633 3.6293955 3.6324427 3.6351187
          3.6355543 3.6386888 3.6423626 3.6433227 3.6625178 3.6641903
          3.678652 3.686998 3.6973622 3.7072208 3.712066 3.7129047
          3.7185717 3.7216613 3.7355301 3.7442684 3.744411 3.7479777
          3.7542536 3.7590346 3.75904 3.7666023 3.7794068 3.7839973
          3.7939036 3.7988312 3.8049402 3.8082333 3.8093538 3.822711
          3.8317482 3.8479493 3.8679729 3.8709679 3.8771873 3.8772464
          3.8805487 3.8843663 3.8930194 3.9003174 3.9130824 3.9152796
          3.9163373 3.936418 3.9444404 3.961233 3.9643974 3.9649096
          3.9717848 3.981025 3.9823804 3.9862676 3.9920998 3.993701
          3.996029 3.9967759 3.9987574 4.010459 4.021035 4.0225415
          4.0316467 4.0403905 4.042212 4.0496264 4.050442 4.0724764
          4.07551 4.079007 4.085036 4.087993 4.110632 4.1132703
          4.1141806 4.135742 4.139336 4.1540623 4.1546426 4.1647663
          4.1812897 4.189791 4.2049007 4.20503 4.2181196 4.2239175
          4.2367544 4.244687 4.2460093 4.250356 4.2576056 4.270772
          4.270846 4.279755 4.2843227 4.289014 4.3030677 4.3042235
          4.3122253 4.3231516 4.326012 4.327384 4.332126 4.33763
          4.3460174 4.3572526 4.361179 4.3624744 4.3626604 4.3734326
          4.3802347 4.381345 4.38138 4.3859487 4.408131 4.4143143
          4.4234195 4.4337873 4.4404545 4.4408393 4.4424343 4.444468
          4.452673 4.455448 4.457556 4.4582624 4.46828 4.468404
          4.474707 4.47974 4.48439 4.487564 4.489692 4.4967294
          4.49941 4.5010953 4.5033402 4.5183992 4.5269504 4.527772
          4.5284204 4.528997 4.5336776 4.53656 4.545184 4.545603
          4.553489 4.5556555 4.5674644 4.570664 4.572947 4.5805993
          4.5810456 4.585426 4.587955 4.5953918 4.5997777 4.6087313
          4.6367517 4.642213 4.644822 4.6470695 4.654573 4.6578155
          4.661047 4.6630073 4.6665797 4.6731977 4.6877246 4.70535
          4.71053 4.7114644 4.720828 4.724487 4.7287807 4.73493
          4.7465463 4.7503114 4.7545476 4.7697263 4.779294 4.7810473
          4.8002357 4.801438 4.8023086 4.8068523 4.8111506 4.812797
          4.8140984 4.817192 4.8177485 4.8202767 4.820699 4.8280745
          4.839011 4.840821 4.847259 4.8570104 4.8622937 4.8691397
          4.8749084 4.9111123 4.9142723 4.915625 4.9303265 4.9316463
          4.9325666 4.933069 4.9419084 4.9560657 4.959169 4.9750876
          4.9780664 4.9786773 4.989081 4.9970293 5.0049944 5.0058584
          5.0129237 5.019402 5.0199127 5.026926 5.0361276 5.059532
          5.0700254 5.0739975 5.0753837 5.0839095 5.0869737 5.093956
          5.097166 5.0977354 5.1032996 5.1043267 5.110315 5.111394
          5.1147075 5.119473 5.123655 5.1306543 5.131833 5.1319847
          5.136944 5.138717 5.139814 5.14283 5.146816 5.147971
          5.153211 5.1576667 5.1619816 5.163405 5.166171 5.176964
          5.179187 5.188086 5.188516 5.1908536 5.1916676 5.195221
          5.1984277 5.2131686 5.217505 5.2203836 5.227479 5.2386417
          5.24199 5.2582173 5.2593265 5.2614317 5.262767 5.2718215
          5.2789836 5.282622 5.2896657 5.3137374 5.3175063 5.3186216
          5.323452 5.3244586 5.3253837 5.337762 5.3378534 5.3403115
          5.342429 5.343006 5.3608685 5.364864 5.3655396 5.3665824
          5.36946 5.3800573 5.398357 5.398373 5.40147 5.4131002
          5.436216 5.4379344 5.4468436 5.450499 5.467277 5.467836
          5.475175 5.495527 5.497369 5.504722 5.515349 5.523845
          5.530346 5.549662 5.5640545 5.573873 5.584551 5.5892444
          5.589602 5.595608 5.600436 5.6022263 5.6090293 5.6302824
          5.632138 5.6374307 5.6434793 5.6557684 5.667572 5.67195
          5.6859827 5.690314 5.6971917 5.6977954 5.721609 5.7360005
          5.738924 5.745295 5.7488594 5.752334 5.761052 5.777649
          5.779781 5.78013 5.780557 5.790465 5.804964 5.805243
          5.8150725 5.81605 5.821433 5.8258405 5.8307023 5.836665
          5.840745 5.8450265 5.850939 5.85673 5.863062 5.8632317
          5.8635936 5.8708334 5.8724036 5.8806443 5.8849044 5.8882647
          5.8909073 5.892225 5.914959 5.9151006 5.92048 5.9212127
          5.9247346 5.929177 5.9347515 5.943012 5.943724 5.9475403
          5.951009 5.9597025 5.9720106 5.984537 5.9869075 6.0005417
          6.020444 6.0280366 6.0281115 6.0285363 6.039457 6.0536075
          6.05962 6.0689406 6.0750203 6.076355 6.078545 6.0810194
          6.08884 6.0909977 6.0946107 6.0975094 6.111997 6.1133695
          6.117021 6.1172132 6.122967 6.1254354 6.126767 6.1305723
          6.134321 6.135728 6.138426 6.1590877 6.1629963 6.1654816
          6.1741347 6.17688 6.1775675 6.1816096 6.1901584 6.190344
          6.204133 6.2080584 6.213475 6.2247615 6.2295737 6.2295876
          6.2322474 6.2363186 6.2363553 6.238491 6.2401032 6.2413564
          6.2416134 6.2425604 6.247859 6.2498875 6.250595 6.2529545
          6.2547884 6.2569013 6.257003 6.263242 6.2637234 6.2663374
          6.2753363 6.2843804 6.284403 6.288468 6.291708 6.2922597
          6.2929378 6.3010554 6.3062053 6.3122926 6.3140445 6.3182387
          6.3276396 6.339471 6.342009 6.3474765 6.348315 6.351539
          6.3562627 6.3670807 6.3688393 6.371691 6.394476 6.398137
          6.4125776 6.4142265 6.418601 6.41904 6.4327035 6.455272
          6.4585567 6.4714932 6.471729 6.4748483 6.475109 6.484198
          6.489591 6.490744 6.497879 6.4989576 6.508671 6.5108466
          6.5124793 6.523391 6.5324273 6.5448685 6.553776 6.5561495
          6.558772 6.5636344 6.5873623 6.5998697 6.600779 6.611178
          6.628872 6.6290317 6.629164 6.6293473 6.645281 6.652312
          6.65284 6.656535 6.657197 6.671265 6.6712704 6.673517
          6.6752095 6.6874895 6.6924505 6.6942225 6.6964803 6.7000566
          6.702066 6.7024727 6.7027617 6.7151127 6.7154007 6.7156515
          6.717082 6.7202735 6.7358165 6.737213 6.738502 6.7451916
          6.756808 6.760519 6.7633014 6.764164 6.7720327 6.7740393
          6.776716 6.7822375 6.7868147 6.7871604 6.7943773 6.803158
          6.8061633 6.8110166 6.8121085 6.8175364 6.8262095 6.8298388
          6.8315578 6.835993 6.8386254 6.841798 6.847088 6.8573985
          6.8648815 6.8673825 6.871261 6.8756814 6.883052 6.8933215
          6.898657 6.909875 6.912692 6.9131327 6.913532 6.9175744
          6.9197774 6.91981 6.9202776 6.922255 6.936537 6.93995
          6.9454055 6.9458838 6.953396 6.9601855 6.9743876 6.9755764
          6.9946194 6.9947567 7.001315 7.0028253 7.0146294 7.014887
          7.0174837 7.0182323 7.021667 7.0220666 7.0277176 7.0299754
          7.030385 7.0397034 7.0400233 7.0447016 7.049469 7.0644484
          7.0675683 7.068514 7.0713468 7.077219 7.079589 7.08432
          7.0855646 7.089242 7.098087 7.100447 7.105353 7.107277
          7.1092234 7.1143413 7.1225758 7.123894 7.137715 7.1468024
          7.148952 7.1559024 7.160109 7.161042 7.165002 7.1674886
          7.1696315 7.1730466 7.175581 7.1763606 7.179492 7.180412
          7.1841598 7.1852527 7.1874113 7.1890025 7.1958523 7.1967344
          7.197573 7.199635 7.2041297 7.2048106 7.21412 7.2146463
          7.2148457 7.226546 7.2342396 7.237954 7.239629 7.2401495
          7.241494 7.244904 7.2496004 7.2517014 7.2539616 7.2541757
          7.2594867 7.269655 7.272272 7.2741184 7.2749486 7.278748
          7.2887645 7.2900095 7.2939115 7.310405 7.318668 7.3194027
          7.3197384 7.3210516 7.335897 7.3403735 7.341345 7.3476906
          7.3492217 7.350552 7.353596 7.3578873 7.3591843 7.360419
          7.360514 7.3612103 7.3620844 7.3634214 7.364754 7.367588
          7.3683424 7.3705945 7.371047 7.377524 7.3804975 7.3822894
          7.385844 7.3903575 7.3904963 7.3921223 7.3921623 7.3922057
          7.394502 7.397868 7.4096613 7.411085 7.4141564 7.417427
          7.4176755 7.4190354 7.4219484 7.422014 7.4234586 7.4256635
          7.4269648 7.4354863 7.4360185 7.4444475 7.4612722 7.462041
          7.4640036 7.466036 7.4717555 7.4722104 7.4741507 7.474955
          7.475188 7.4767957 7.4800653 7.4893556 7.4964786 7.5018477
          7.5020523 7.5024347 7.508577 7.5110426 7.5217137 7.5289645
          7.533531 7.5350804 7.535477 7.5490093 7.553334 7.5561447
          7.565254 7.5661077 7.5699596 7.5714846 7.576072 7.579773
          7.584081 7.5883403 7.5891557 7.5926394 7.5930176 7.5931087
          7.5944157 7.598983 7.6034946 7.611985 7.615211 7.6166887
          7.617838 7.619638 7.622871 7.6230965 7.6232014 7.62504
          7.6422124 7.651366 7.6562915 7.657814 7.658377 7.6633334
          7.666461 7.6727657 7.67577 7.6794524 7.682291 7.6849794
          7.6893725 7.689849 7.6920247 7.693368 7.7139807 7.7148943
          7.7235494 7.724521 7.724707 7.7267866 7.738819 7.7423105
          7.7479615 7.749449 7.7518024 7.7586865 7.771905 7.775069
          7.784623 7.786199 7.7884274 7.7970943 7.820716 7.8213973
          7.837866 7.8422174 7.8467164 7.851954 7.862606 7.8630037
          7.8695893 7.870202 7.8708873 7.8753157 7.885124 7.888168
          7.8898387 7.8910494 7.891929 7.8931794 7.8936434 7.904699
          7.9071417 7.9089804 7.9223294 7.9253607 7.9285083 7.9395266
          7.9400587 7.9438033 7.948466 7.9549556 7.960424 7.969336
          7.9809194 7.9810395 7.9844117 7.9852095 7.9865456 7.9899063
          7.992442 7.999049 8.001489 8.01001 8.011676 8.012803
          8.014662 8.016295 8.018205 8.027194 8.029227 8.029569
          8.0321 8.036521 8.03759 8.03868 8.05191 8.052644
          8.055514 8.057225 8.061143 8.062986 8.063224 8.064187
          8.0667515 8.067895 8.068238 8.069251 8.077483 8.081668
          8.095313 8.095377 8.101273 8.101909 8.106789 8.110762
          8.110787 8.111197 8.117976 8.11845 8.120421 8.122032
          8.12233 8.132111 8.132421 8.133878 8.137514 8.139381
          8.143082 8.149553 8.153486 8.159259 8.1621 8.16352
          8.171674 8.179098 8.179434 8.183462 8.186259 8.189371
          8.19079 8.191074 8.198785 8.214485 8.217886 8.219089
          8.223293 8.227644 8.233148 8.248435 8.25019 8.2538805
          8.254614 8.267512 8.268902 8.270567 8.270632 8.281858
          8.2833395 8.285613 8.292402 8.295052 8.299794 8.307125
          8.31219 8.315508 8.316821 8.317487 8.342059 8.342301
          8.342418 8.34933 8.35072 8.353777 8.354815 8.355242
          8.359421 8.366601 8.368131 8.369849 8.370423 8.372918
          8.375785 8.376543 8.378825 8.394243 8.406453 8.408334
          8.409559 8.412006 8.421174 8.422291 8.423959 8.424018
          8.427476 8.427871 8.431972 8.433535 8.439926 8.444766
          8.4464035 8.446727 8.4541855 8.455019 8.458163 8.464659
          8.465049 8.465404 8.466018 8.466863 8.4737625 8.474912
          8.476328 8.4771385 8.477256 8.477358 8.4798975 8.503425
          8.504449 8.504674 8.506918 8.5146055 8.514776 8.516407
          8.517279 8.517776 8.519966 8.522761 8.525344 8.526799
          8.531682 8.541964 8.543015 8.543278 8.543706 8.547666
          8.548709 8.55426 8.557128 8.558454 8.558537 8.559551
          8.576543 8.5788 8.588131 8.58977 8.590322 8.591064
          8.593434 8.594499 8.594748 8.600197 8.601474 8.60191
          8.61541 8.616306 8.628688 8.636755 8.638763 8.640977
          8.648364 8.6512985 8.656082 8.657562 8.661291 8.662059
          8.664706 8.666778 8.670905 8.67321 8.674414 8.674945
          8.686182 8.689475 8.690161 8.692324 8.693194 8.699542
          8.702458 8.703553 8.717714 8.719638 8.719814 8.723025
          8.726735 8.734225 8.735667 8.736378 8.738405 8.741873
          8.743827 8.748269 8.749919 8.753885 8.760838 8.76623
          8.766615 8.783558 8.783999 8.784611 8.784872 8.786695
          8.791239 8.794046 8.800203 8.805705 8.807419 8.810871
          8.812881 8.8227625 8.824866 8.826343 8.827359 8.828092
          8.83244 8.835362 8.835553 8.839081 8.839545 8.844669
          8.847367 8.848861 8.850408 8.852575 8.854607 8.85463
          8.863354 8.865237 8.877521 8.880023 8.885845 8.894262
          8.897066 8.900943 8.904437 8.905924 8.908966 8.91307
          8.917291 8.917953 8.927049 8.936157 8.93668 8.938197
          8.938879 8.942895 8.943247 8.94765 8.948992 8.952987
          8.954714 8.957471 8.958142 8.964052 8.967368 8.967442
          8.970055 8.970657 8.973933 8.975006 8.976318 8.977121
          8.977272 8.978406 8.981602 8.984694 8.987866 8.991194
          9.001899 9.005779 9.006 9.010044 9.014706 9.02522
          9.03273 9.036095 9.036277 9.039086 9.044883 9.046402
          9.047 9.054201 9.057802 9.06016 9.061628 9.066485
          9.070536 9.070628 9.07272 9.07327 9.073985 9.075518
          9.078324 9.0794525 9.08617 9.093484 9.096107 9.096395
          9.101662 9.105238 9.132832 9.1336775 9.138791 9.161652
          9.1625595 9.170941 9.171192 9.172351 9.175668 9.1800585
          9.184197 9.188784 9.190624 9.199151 9.202655 9.2056875
          9.206022 9.22256 9.228807 9.228967 9.229991 9.233767
          9.234812 9.239132 9.239953 9.242889 9.244648 9.246375
          9.246384 9.258845 9.259238 9.267705 9.270643 9.270675
          9.276548 9.281197 9.287656 9.295923 9.297136 9.299518
          9.300422 9.307844 9.309025 9.309777 9.310063 9.315198
          9.325605 9.327022 9.3304615 9.336673 9.339437 9.342625
          9.34691 9.350105 9.353743 9.358859 9.35908 9.365079
          9.368526 9.368794 9.371636 9.37168 9.382896 9.389261
          9.390755 9.391056 9.415721 9.41623 9.418507 9.421056
          9.421082 9.429283 9.43712 9.43739 9.441976 9.442282
          9.457054 9.4582 9.459137 9.462386 9.466649 9.473757
          9.477634 9.478796 9.481851 9.483774 9.491426 9.495127
          9.500762 9.504373 9.506598 9.507124 9.509101 9.510393
          9.511375 9.516758 9.5186405 9.52203 9.5323925 9.532971
          9.537947 9.538141 9.539188 9.546461 9.549686 9.552248
          9.558266 9.563053 9.567869 9.568412 9.581529 9.582169
          9.583916 9.589773 9.602917 9.605103 9.6058655 9.617548
          9.621849 9.625579 9.62602 9.629751 9.631242 9.632202
          9.635078 9.655352 9.661415 9.666035 9.666973 9.675079
          9.688801 9.692123 9.694243 9.696042 9.701651 9.702549
          9.709363 9.711082 9.712618 9.718531 9.72107 9.72563
          9.727989 9.736187 9.739333 9.741081 9.741346 9.741779
          9.743106 9.747791 9.75041 9.751837 9.754321 9.754961
          9.76092 9.763628 9.77215 9.773691 9.778223 9.779553
          9.779931 9.789777 9.792258 9.794293 9.796001 9.800156
          9.801126 9.803146 9.814296 9.81448 9.821084 9.834254
          9.838408 9.844791 9.854868 9.855672 9.858965 9.859724
          9.860808 9.863699 9.866632 9.866947 9.871876 9.874375
          9.881037 9.88384 9.887925 9.888776 9.88969 9.894057
          9.900328 9.92375 9.934195 9.938786 9.943609 9.94473
          9.945359 9.951107 9.951677 9.952341 9.954472 9.955865
          9.959145 9.961791 9.964236 9.966429 9.967282 9.971894
          9.973624 9.974112 9.986351 9.989185 9.990952 9.992418
          10.002164 10.007869 10.014859 10.021787 10.023797 10.028595
          10.032191 10.036878 10.039255 10.040953 10.043051 10.044217
          10.044264 10.049993 10.0538435 10.054723 10.055325 10.068127
          10.072873 10.073378 10.07518 10.076762 10.077778 10.078917
          10.082086 10.082315 10.086721 10.089448 10.0911665 10.093165
          10.104421 10.106148 10.111596 10.1125765 10.120371 10.127319
          10.12918 10.133026 10.133149 10.135421 10.136831 10.137999
          10.138525 10.142406 10.146324 10.151571 10.15505 10.155708
          10.1558895 10.156004 10.161978 10.16749 10.168055 10.172609
          10.176334 10.178299 10.182369 10.196454 10.196822 10.20616
          10.207299 10.208272 10.21222 10.2158785 10.222577 10.2267685
          10.232057 10.232485 10.23332 10.235853 10.245434 10.247252
          10.25059 10.251442 10.2536 10.253848 10.253986 10.256122
          10.269369 10.270606 10.272811 10.278742 10.279047 10.279265
          10.280751 10.287564 10.288061 10.290178 10.291622 10.297295
          10.299537 10.299967 10.30199 10.303464 10.303943 10.3063
          10.310365 10.3119955 10.312437 10.31858 10.321415 10.325218
          10.325803 10.3277025 10.331153 10.334404 10.338352 10.341416
          10.3427515 10.345496 10.346851 10.347691 10.349116 10.349476
          10.354757 10.358923 10.359442 10.359563 10.360546 10.361927
          10.367727 10.381441 10.385007 10.387032 10.389812 10.394737
          10.403206 10.403797 10.411282 10.415169 10.419824 10.423272
          10.425732 10.431842 10.432462 10.437181 10.450639 10.46113
          10.464356 10.474982 10.479544 10.50333 10.507006 10.519099
          10.522588 10.526612 10.542648 10.550188 10.557744 10.560112
          10.567449 10.574004 10.583223 10.585577 10.587166 10.603773
          10.604436 10.610536 10.611025 10.611458 10.637209 10.642736
          10.644836 10.654995 10.662667 10.674645 10.707603 10.71401
          10.72262 10.722929 10.723049 10.724806 10.726748 10.73201
          10.737504 10.741649 10.742351 10.742606 10.743882 10.745121
          10.746791 10.750399 10.760525 10.767699 10.76931 10.775156
          10.775561 10.7791195 10.781272 10.787179 10.787743 10.797907
          10.80314 10.804688 10.812243 10.813049 10.817205 10.822522
          10.825204 10.829188 10.834913 10.835477 10.838696 10.843686
          10.856136 10.858677 10.863748 10.865381 10.866588 10.890363
          10.90143 10.9055605 10.918594 10.928067 10.932101 10.938578
          10.952178 10.976875 10.979962 10.98486 10.98989 10.990299
          10.997606 11.013839 11.022363 11.028173 11.0364275 11.039808
          11.043024 11.044202 11.045486 11.052761 11.054139 11.058284
          11.071311 11.071542 11.074726 11.094781 11.110761 11.114559
          11.121492 11.1261635 11.128417 11.138201 11.149737 11.170398
          11.181064 11.188229 11.190927 11.194678 11.196068 11.196237
          11.214985 11.219571 11.219858 11.242749 11.255141 11.255779
          11.262975 11.267251 11.279754 11.290162 11.290852 11.301443
          11.309951 11.373248 11.399049 11.405084 11.420309 11.420758
          11.43761 11.447428 11.472518 11.491806 11.4949255 11.4952135
          11.510359 11.517548 11.544276 11.562874 11.570365 11.585451
          11.603637 11.604933 11.606092 11.609013 11.610301 11.614334
          11.650752 11.653055 11.654103 11.662519 11.702724 11.709812
          11.714002 11.723475 11.727961 11.849591 11.867683 11.869303
          11.877681 11.91686 11.997095 12.005925 12.040423 12.050718
          12.246759 12.253718 12.257141 12.27638 12.276917 12.279771
          12.312654 12.331817 12.332837 12.408527 12.445223 12.529022
          12.631171 12.646629 12.709897 12.713837 12.879598 12.929414
          13.023771 13.118591 13.226643 13.245866 13.477739 13.958864
          14.159715 15.504927 15.605729 16.441843 16.449125 17.91652
          17.96549 26.120901
        </DataArray>
        <DataArray type="Int32" Name="VertexId" format="ascii" RangeMin="1" RangeMax="25599">
          4740 17288 1317 1529 20294 16805
          20003 24651 24967 24806 17608 21197
          19683 19975 21034 5430 19444 8778
          19378 20614 17448 21731 1543 14387
          19539 19362 19538 16282 5378 6586
          20747 21422 13753 19376 16322 5372
          23541 6747 6746 13797 5059 25130
          5056 8703 19680 19121 8939 17866
          24807 20387 19377 14229 19843 25288
          5268 8779 22222 14388 25286 20454
          1861 22862 13914 14545 17226 13605
          5219 13519 17580 20617 11558 5754
          15098 9183 8134 16764 14546 22055
          5428 17260 22210 20135 15381 19282
          17784 15519 20876 13926 20943 17420
          10696 13119 15624 1154 15049 16002
          20873 21290 22857 4899 21081 14120
          21893 1866 21069 24324 16044 19201
          19738 22700 21900 20321 13913 16205
          22860 20875 22859 17138 11556 20874
          2498 20160 1545 1544 20138 13765
          3625 6943 14892 20966 16162 20299
          4898 10973 17065 21254 18411 18090
          20942 5911 14728 25289 22216 20320
          20652 17623 8863 22060 17225 19523
          20001 18696 4687 11557 9143 17783
          16319 22848 21355 13195 1155 15259
          22056 20298 22377 20096 16204 13757
          21581 7088 21068 22059 18250 13116
          14087 17439 14889 21388 4787 24648
          1703 22050 5870 7976 24485 23010
          23333 21936 21094 16793 6032 8135
          14891 2178 16120 20458 21414 14086
          9140 23655 23489 13960 15054 7461
          18895 23494 22901 5912 15520 5751
          17620 2889 13117 23495 782 13034
          13194 22097 11616 16976 18750 9117
          21867 2019 13916 23817 2587 20616
          16630 21229 1102 5374 2319 13197
          5871 23334 16359 6167 19175 18912
          16715 17906 22096 23176 20023 13577
          17300 23009 18957 13911 15530 17460
          15258 1546 23186 2750 6924 9141
          23185 21231 2337 13278 15213 17770
          23490 21230 15671 24296 18428 4503
          16632 16631 17621 15680 19451 12985
          17697 18958 3376 6926 8616 23816
          2104 8979 658 23329 15370 5849
          6925 942 16639 4775 19073 21774
          15959 17196 3530 141 18880 5847
          23976 2589 21548 19450 21219 21453
          18913 23220 1311 12663 2405 15514
          19335 7283 1423 8460 15945 6391
          24768 9537 19040 17743 9139 17444
          15852 1263 19613 5362 4102 3852
          20833 14327 16633 16763 14556 29
          8620 5010 4170 19702 7086 2625
          21134 16644 25482 17036 21295 21293
          10799 10049 15193 18106 5508 5524
          21294 4947 15944 1312 3218 6231
          21057 16479 21133 16201 20971 17957
          17116 4850 17583 15692 13443 12955
          1664 5848 660 16119 24128 16156
          14843 1947 18130 3298 25248 14006
          17946 18308 3694 14396 1025 12956
          14713 19612 15163 18589 24130 3138
          659 25583 3052 14166 14761 19057
          21058 20991 15095 24129 9263 16312
          19706 23971 14681 14936 344 5012
          15513 15354 18752 14861 15003 17136
          21128 21454 5011 3462 3463 621
          622 17276 16311 1920 7010 6686
          14323 18338 13633 9698 14407 17115
          14862 16317 18228 19705 25430 19934
          15839 5258 13385 9697 20143 6007
          2137 18631 15667 3210 25572 13444
          17118 1946 3987 23989 461 10211
          10045 14520 14353 80 5706 18108
          20489 5691 14484 13878 11990 5686
          9262 19015 13634 3316 21776 3800
          8336 17904 5927 3697 14001 20490
          15991 19395 2107 3804 20738 5364
          20376 662 17812 17299 14324 3265
          3536 16121 16347 24449 2385 25088
          9599 3217 18068 13894 23520 23668
          4095 24773 3160 11178 8299 4363
          15548 14682 9598 13841 19557 23843
          15509 14440 12472 10209 15948 2892
          15025 8298 1168 14162 4147 12385
          4011 6559 10046 2407 14004 6807
          186 16186 64 18892 12824 3483
          19930 3942 18549 647 25093 2305
          4506 11294 18173 1904 11118 18018
          17811 4581 21618 3779 4364 19999
          18470 24933 19771 4505 20992 19556
          21778 18415 20302 2956 23911 17546
          3321 13733 9504 24775 18469 23522
          18630 4124 3964 4452 23431 23508
          10959 22880 11177 17965 23829 22577
          2100 6647 21315 21183 3460 20216
          18388 11665 3276 15024 3116 15345
          14521 16688 367 5837 3641 20325
          13895 18414 3322 16687 9344 24163
          18335 3780 18218 653 3320 18793
          25570 25579 5097 13734 4667 10466
          18633 13630 7617 14772 5867 17531
          10533 23591 15346 9626 4453 3643
          2797 1145 24940 8518 6603 1239
          3379 22417 24939 18794 19632 7116
          25296 9466 23042 6763 3613 13631
          15947 3158 13310 17635 3373 414
          22882 15378 18145 3614 24320 23386
          4890 18336 18121 2885 6965 11992
          17795 7893 23842 20351 20700 47
          23521 207 5050 2808 7618 5155
          7913 6204 1039 12708 21155 23385
          8054 3186 20512 2510 3219 6205
          655 2671 22738 8241 25107 3519
          23203 25261 18334 2101 17520 5495
          22898 7730 4479 103 19095 9561
          20671 11638 2886 20511 7412 4666
          2866 23202 2511 1266 9 22578
          20978 8560 23363 20659 16710 5739
          19255 14514 18992 1629 3935 544
          9201 16383 24953 9040 25194 90
          18058 23985 18217 24952 412 16581
          9041 21987 92 24304 6848 7922
          7439 21224 15608 10795 12392 22263
          7894 9961 8081 252 4994 14030
          7958 894 16181 1345 7733 14031
          23984 25295 14513 2873 1 21138
          10796 1265 18146 16711 24303 7830
          18127 20656 18341 7762 16346 7473
          2082 5738 162 23411 91 1556
          734 413 25580 2855 19234 20539
          7599 3839 24989 23399 9563 896
          12634 18123 15292 875 17960 5494
          13470 2 5154 11827 8400 6911
          1397 19676 1036 15290 4830 20654
          7332 5478 1132 9708 17519 6102
          16024 17533 895 972 16023 6396
          13048 2046 16669 7278 847 19677
          3685 2349 23547 5941 2969 7411
          15291 876 12710 20818 11109 2809
          13309 1725 7636 1564 5519 7554
          9985 691 1885 15635 18546 19152
          24479 375 1724 2711 2549 6920
          2945 2171 16813 11089 15129 18547
          1442 11584 7571 17791 3686 21665
          689 7918 20682 20524 9227 16021
          378 393 2487 3364 377 22950
          849 2388 1441 720 8393 2765
          20523 21021 12552 22423 23409 1654
          3524 11113 9034 690 5318 7595
          10591 1814 21664 8720 23410 14774
          7916 23427 1537 8600 23245 15288
          2332 22916 6310 2551 5993 14
          419 14185 2691 19035 9995 598
          2971 16548 11114 19513 24669 3507
          12062 7634 12565 1428 1268 6800
          1750 18870 23546 12063 12082 21666
          761 4669 2871 4449 11423 22767
          313 6631 14025 5320 7919 7666
          159 12900 6639 5992 1698 2618
          7111 2693 23428 20337 23110 2617
          15113 22080 19194 20045 7917 3083
          21394 2445 3907 1037 16184 4448
          9213 16549 20199 5319 15226 7956
          317 11112 2605 9214 9950 3747
          14012 692 11424 3200 7505 11580
          24960 1919 21751 20506 6949 10673
          10353 757 7667 18369 20505 12243
          5119 372 12404 12901 1491 18710
          23882 15442 8876 9548 24322 1430
          11947 21027 4800 6909 12548 7108
          10663 8817 7665 12242 13185 20868
          4959 18048 20545 10310 921 8875
          8878 158 8713 9038 11585 832
          5162 12641 25492 23237 9195 6479
          2879 24829 14288 3039 1233 10317
          37 1429 420 12802 18671 12580
          15386 20205 12069 212 15123 7110
          316 9036 16814 1677 8950 6799
          11749 6793 4450 18774 23134 6150
          6470 9717 19594 1590 11422 8873
          10485 12199 19435 17132 25172 10912
          21234 18209 12039 8279 15124 20039
          9648 10645 12403 258 10360 11376
          8313 14515 8553 6791 1143 6101
          13869 15283 10752 19674 551 791
          17951 14199 11898 20846 13697 8234
          10033 2925 12365 7081 12068 11909
          3433 4991 116 5617 540 12432
          10032 6953 3434 39 9988 12564
          24962 9006 16547 11739 10948 3201
          6379 1492 10468 20361 3448 22410
          16217 22613 3288 7232 1993 1331
          23903 235 14347 10513 22007 12268
          23880 16101 15175 7231 614 1517
          12893 2370 19183 19032 9523 20667
          12354 16057 12566 25332 13056 25508
          15866 12195 1234 259 9522 23743
          10191 15336 7233 10361 8410 11811
          6378 12530 9008 1216 12848 5161
          12689 11677 12108 23085 5163 11645
          4241 21829 24710 10823 632 17633
          2125 256 13028 13536 194 25031
          1362 24796 10148 38 2239 953
          11503 6656 13058 22480 6418 11972
          14348 7680 12018 9719 23407 1110
          389 6540 13292 15335 25599 12590
          9177 11812 11315 552 4566 118
          14788 6539 17981 4402 12 4401
          490 6860 25463 5603 10925 114
          17982 86 10399 9007 9948 132
          10239 7428 8951 20050 23893 12367
          14019 23563 2859 1913 24358 13054
          25048 15797 12369 22425 2858 6420
          21556 1273 3178 6299 24028 11428
          87 13376 1594 10339 13086 11073
          610 1272 1113 13938 9169 23733
          13696 7133 22250 3355 6560 18850
          15552 22585 14175 15604 611 12431
          292 23693 12019 1402 25510 21639
          14018 9477 20686 17887 15176 21302
          3177 468 24198 22400 12529 25189
          799 24871 1912 11316 10994 22072
          21555 23373 6977 9168 24027 11918
          6541 6419 1550 23053 1514 12366
          10500 8731 10340 12429 19800 10271
          7268 22962 13453 13932 23213 23533
          1937 24550 8443 12683 15444 1837
          3354 20211 7748 23052 491 25468
          6581 6459 3284 22995 25015 4160
          7289 4977 5703 1593 21301 23838
          22630 13931 23156 16432 21463 7132
          3924 7189 11155 23419 3918 22996
          21557 3125 639 24406 9513 115
          12192 13183 6263 17010 8766 15936
          9676 22071 17397 18705 2861 7588
          388 8891 10644 3470 8745 13184
          15713 6978 12193 9353 8730 7129
          4819 11086 10501 11962 16431 22933
          10834 8927 14176 3253 12525 296
          8602 22752 16508 11166 19345 12763
          3356 469 7373 16743 10179 3978
          22591 13451 13429 21638 4720 8767
          13589 3880 22802 7310 8388 7311
          8905 9018 3917 10035 129 649
          485 6816 12923 14171 4040 21524
          6496 22754 13452 173 15551 16256
          22037 16096 9329 4875 24385 11006
          22592 4820 15616 24189 22604 24386
          12410 13888 13502 6883 18318 4972
          19185 18004 21877 8218 4812 4480
          11332 16061 21958 21685 1354 11643
          24435 24727 17239 21646 22672 15553
          11961 289 12368 126 8095 11644
          19637 4431 25597 5237 21798 3254
          2040 14995 11192 16409 8444 25466
          446 4408 10546 22605 12214 23998
          19139 24360 14475 390 3604 21174
          14314 7900 1834 12279 21965 22831
          6298 12611 4876 12757 24015 21462
          4391 10384 8059 5139 5122 7851
          8107 25014 5932 23575 8272 1254
          14853 12282 12122 20077 23926 14048
          1896 21806 1898 11803 286 18860
          1960 5920 12055 8273 12079 8069
          11697 12569 12602 14474 1800 21013
          8416 1897 3419 287 122 6723
          9973 25558 2097 1738 1573 4230
          9479 22490 5960 16334 23421 24598
          13822 10708 11625 14059 13343 10247
          14610 4272 18979 10268 25182 25308
          1093 5121 3237 12442 23855 13662
          6098 7053 7936 1880 12571 5138
          12774 1733 12120 17843 10707 14285
          7468 8998 25237 10712 25183 18859
          25238 4978 3658 24436 10267 8271
          22650 25144 17312 25532 124 16610
          5456 3681 16410 18923 10086 12603
          10246 8096 14102 7469 13250 15043
          15202 21759 7213 21279 15776 6091
          21845 22553 22128 7871 11853 25519
          14797 22993 2311 5959 19917 3420
          14636 12212 6410 24751 21278 11680
          12155 25304 23478 2310 23552 4180
          112 3236 17313 22393 1935 23318
          21684 12858 432 113 10224 24246
          5764 23873 12522 1936 21599 20269
          7875 14855 10777 11353 11819 23874
          22876 25542 20435 5409 7361 12445
          24752 13726 9764 13659 12699 10385
          6403 12605 5250 7872 14317 11199
          16915 11840 121 22488 11410 25212
          8093 25518 25552 23951 25232 13497
          12856 25077 23635 18041 9925 21853
          12773 13727 20595 25235 9447 7695
          23459 25072 25530 14796 22079 25236
          1482 18199 17076 25372 10872 7694
          25069 125 12857 10085 23795 24430
          6250 11358 8003 13410 13093 22109
          5282 25535 17075 8012 22303 24431
          23953 9845 25553 14416 17881 24691
          10938 11818 3398 433 18137 21114
          17236 23922 7853 21919 3399 23298
          23923 13334 23232 11203 23475 11193
          23625 1614 22878 23604 16727 25230
          25534 9685 18764 4914 19488 14951
          13494 23952 24113 21653 22304 9924
          8094 9748 9589 11196 8002 19486
          15150 21493 13661 25222 9703 13012
          19483 8489 4463 1613 21692 13011
          19645 11036 22783 18200 22784 22714
          5613 14990 19903 20950 24107 23468
          21693 19490 9606 20311 23465 13984
          25539 13942 9001 25217 24267 16452
          13824 21532 19642 22270 11352 19487
          25220 25059 25058 25382 5772 23467
          19904 25538 16728 24417 9862 6081
          19489 25221 13177 20312 9811 5242
          4464 4913 10295 9442 25540 23941
          19987 20723 9602 8841 10294 22877
          16931 16930 11693 24422 13987 18647
          20147 23942 9124 18807 24415 13827
          23302 25060 21280 10456 8683 10455
          24416 8801 25338 12174 11522 20563
          9283 4860 15278 16772 20949 12597
          24412 12014 16612 24104 10728 24240
          25339 15810 24375 24374 22138 25522
          10568 14308 10241 24081 8491 16131
          11051 15119 7320 11371 8962 11211
          14148 10242 24259 15971 10251 5082
          24572 16291 24251 11529 24410 8806
          4542 11372 9122 7481 8961 11369
          10250 21980 11206 4597 10720 8807
          10890 11208 10560 12328 12302 13973
          14742 14902 12142 12329 23436 25154
          23595 17321 8480 25153 9174 8640
          13813 17322 9333 3869 14750 8206
          15248 15088 8046 14591 3711 7367
          7366 11225 11065 11381 11540 8668
          8509 8341
        </DataArray>
        <DataArray type="Int32" Name="CriticalType" format="ascii" RangeMin="0" RangeMax="4">
          0 0 0 0 0 0
          0 0 0 0 0 0
          0 0 0 0 0 0
          0 0 1 0 0 0
          0 0 1 0 0 0
          0 0 0 0 0 0
          0 0 1 0 0 0
          0 0 0 0 0 0
          1 0 1 0 1 0
          0 1 0 1 1 1
          0 0 0 0 0 0
          1 0 0 0 0 0
          0 0 0 0 1 0
          1 0 0 1 0 1
          0 0 0 0 0 1
          0 0 0 0 0 0
          0 0 0 1 0 0
          1 0 0 0 0 1
          0 0 0 0 1 0
          1 1 1 0 0 1
          0 0 0 1 0 1
          0 0 0 0 1 0
          1 0 0 0 0 0
          1 0 0 1 0 1
          0 0 1 1 1 1
          1 0 0 1 0 1
          0 0 1 0 1 0
          1 1 1 0 1 0
          1 0 1 1 1 0
          0 0 1 0 0 1
          1 1 0 0 1 0
          0 0 1 0 0 1
          1 0 0 1 1 1
          0 0 0 1 0 0
          0 0 0 1 0 1
          0 0 1 1 0 0
          1 0 0 0 0 0
          0 1 1 0 0 1
          0 1 0 1 0 1
          1 1 0 0 0 0
          0 0 1 1 0 0
          0 1 0 1 0 1
          1 1 0 0 0 1
          1 0 1 1 1 1
          1 1 0 0 0 0
          0 1 1 1 0 0
          0 1 0 0 1 1
          0 0 0 1 1 0
          1 1 0 0 0 0
          0 0 0 0 0 0
          1 1 1 1 0 0
          1 1 0 0 0 0
          1 0 0 0 0 0
          0 0 1 0 1 1
          0 1 0 0 0 0
          0 0 1 1 0 0
          1 0 0 1 1 0
          0 1 0 1 0 1
          0 0 0 0 0 0
          1 1 1 1 0 1
          0 1 1 1 1 0
          0 1 1 1 0 0
          0 1 0 1 0 0
          0 0 0 0 0 0
          1 0 1 1 0 1
          1 1 0 1 0 1
          1 0 0 1 0 1
          1 0 0 1 0 0
          0 1 0 1 0 0
          1 1 1 0 1 1
          1 1 1 0 1 0
          1 1 1 0 0 0
          0 0 0 0 1 1
          1 1 0 1 0 1
          1 0 0 1 0 1
          0 0 0 1 0 1
          1 1 0 0 1 0
          0 0 0 0 0 1
          0 1 0 0 0 1
          1 1 1 0 1 0
          0 1 0 0 0 1
          1 0 1 0 1 1
          0 1 0 1 1 0
          1 1 0 1 0 1
          0 1 1 0 0 0
          0 0 0 0 0 0
          0 1 1 1 0 0
          1 1 0 1 0 1
          0 1 0 1 1 0
          1 0 1 1 1 0
          1 0 0 1 1 0
          0 1 0 0 0 1
          0 1 0 1 0 1
          1 1 0 0 1 0
          0 1 1 1 1 1
          1 0 1 0 0 1
          0 0 0 1 1 0
          1 0 1 0 0 1
          1 0 1 0 1 0
          0 1 0 0 1 1
          1 0 0 1 1 0
          1 0 0 0 1 1
          1 1 1 1 1 1
          0 1 0 0 1 0
          1 0 1 1 0 0
          1 0 0 0 1 0
          1 1 1 0 1 1
          1 0 0 0 0 0
          0 1 1 1 0 0
          0 1 0 1 0 1
          1 1 0 0 1 0
          1 1 0 1 0 0
          0 1 0 0 1 1
          1 0 1 0 0 0
          1 1 1 0 1 0
          0 0 0 0 1 1
          0 0 0 0 1 1
          1 0 0 0 1 0
          0 1 1 1 0 0
          1 0 0 0 0 0
          1 0 1 1 0 1
          1 1 1 0 0 1
          0 0 1 0 0 0
          1 0 0 1 1 1
          0 0 0 0 0 0
          1 0 1 1 0 0
          1 0 0 0 1 0
          0 1 0 0 0 0
          1 0 1 1 0 0
          0 0 0 1 1 1
          1 1 1 0 0 1
          1 1 1 1 1 0
          1 0 1 1 1 0
          1 1 0 0 1 0
          1 1 1 0 1 1
          1 1 0 0 1 0
          1 1 0 0 1 1
          1 1 1 1 1 0
          1 0 0 0 0 1
          1 0 0 0 1 0
          0 1 1 1 1 1
          0 0 0 1 1 1
          0 1 0 0 0 1
          1 1 1 1 0 1
          1 0 0 0 1 0
          1 0 1 0 0 1
          0 0 1 0 0 0
          1 0 0 0 1 1
          0 0 1 0 1 0
          0 0 0 0 0 1
          0 0 1 0 1 0
          1 1 1 1 0 0
          1 1 1 1 0 0
          1 0 0 1 1 1
          0 1 1 1 1 1
          0 0 0 0 0 1
          1 0 0 1 0 0
          0 0 0 0 0 0
          1 0 1 0 0 1
          0 1 0 0 1 0
          0 0 1 1 0 1
          0 1 1 0 0 0
          0 0 1 0 1 0
          0 0 0 1 1 0
          0 1 1 1 1 1
          0 0 1 0 1 0
          0 0 0 1 1 1
          0 1 0 1 0 1
          0 1 1 1 0 1
          0 1 1 0 0 0
          0 0 0 0 0 0
          0 1 1 0 1 0
          0 0 0 1 0 1
          0 0 0 1 1 0
          0 0 0 1 1 1
          0 1 1 1 0 1
          1 0 1 0 1 1
          0 1 0 1 1 1
          0 0 0 1 0 1
          0 1 0 1 0 1
          0 1 1 1 1 1
          1 1 0 1 0 1
          1 1 1 0 0 1
          0 0 1 1 0 1
          1 0 0 1 1 1
          0 0 1 1 0 0
          1 1 1 1 1 1
          0 1 1 0 0 0
          1 1 1 1 1 1
          1 1 1 1 0 0
          1 1 0 0 0 1
          0 1 0 1 1 1
          0 1 0 0 1 0
          1 4 1 0 0 1
          1 0 1 1 1 1
          0 1 1 1 0 0
          0 0 1 0 0 1
          0 1 0 1 0 0
          1 1 0 1 0 1
          0 1 0 1 0 1
          0 1 1 1 0 0
          1 1 1 1 1 1
          1 0 1 1 0 0
          1 0 0 1 0 1
          1 0 1 1 1 0
          0 1 0 1 1 1
          1 1 1 0 1 0
          1 1 1 1 1 0
          1 0 1 0 0 0
          1 0 0 1 1 1
          0 0 0 1 0 0
          0 1 0 1 0 1
          0 1 0 0 1 1
          0 0 0 0 0 0
          1 0 0 1 1 0
          1 0 1 0 0 0
          0 1 0 0 0 1
          0 1 0 0 1 0
          0 0 0 0 0 1
          1 1 0 0 0 1
          0 1 1 0 0 1
          1 0 1 0 0 1
          0 1 0 0 1 1
          1 0 1 1 1 0
          1 0 1 1 1 0
          1 0 1 1 1 1
          0 1 1 1 0 0
          1 0 0 1 1 0
          1 1 1 0 0 1
          0 0 1 1 0 1
          1 0 0 0 1 1
          0 1 0 0 1 1
          1 1 0 1 1 0
          1 1 0 0 0 0
          0 0 1 1 1 0
          1 1 0 0 0 1
          0 1 1 0 0 1
          1 1 1 0 0 1
          0 0 1 1 0 0
          1 1 0 1 1 1
          1 1 1 1 0 1
          0 1 1 1 1 1
          0 1 1 0 1 1
          1 0 1 0 1 1
          1 0 1 0 0 0
          1 1 0 1 1 0
          0 1 0 1 1 4
          1 0 1 0 0 1
          1 1 1 1 0 1
          1 1 1 1 1 0
          1 1 1 1 1 0
          0 1 1 0 0 1
          1 1 1 1 0 1
          0 0 0 0 1 0
          1 0 1 1 1 1
          1 1 0 0 1 0
          0 1 1 0 0 1
          1 1 1 0 0 1
          1 0 1 0 1 1
          0 1 0 0 1 1
          0 1 0 1 0 1
          0 1 0 1 1 0
          0 0 1 0 0 1
          1 0 1 0 0 1
          0 0 1 0 0 0
          1 1 0 1 0 0
          0 0 1 0 0 1
          0 1 0 1 1 0
          0 0 1 1 1 1
          1 1 0 1 1 1
          0 1 0 1 0 1
          0 0 1 1 0 1
          1 0 0 1 1 0
          0 0 1 1 1 0
          1 1 1 0 0 1
          1 1 0 1 1 1
          1 0 1 1 1 1
          0 1 1 1 1 1
          0 1 0 0 1 1
          1 1 1 1 1 1
          1 0 0 0 0 0
          1 1 1 0 0 1
          1 1 0 1 0 0
          1 0 1 0 1 1
          1 0 1 0 0 0
          0 1 0 1 1 1
          1 1 0 0 1 0
          1 1 0 1 0 1
          0 1 1 1 0 1
          1 0 0 1 1 1
          1 0 1 1 1 1
          1 1 0 0 0 1
          0 0 0 0 1 0
          1 0 0 0 1 1
          1 1 1 1 1 0
          0 1 1 1 1 0
          0 1 0 0 0 0
          0 1 0 0 0 0
          1 1 1 0 0 0
          0 1 1 1 0 1
          1 0 0 1 1 1
          0 1 1 1 1 0
          1 1 0 1 1 0
          1 0 1 1 0 1
          0 0 1 1 1 1
          1 1 0 1 1 1
          1 0 1 1 1 1
          1 0 1 0 1 1
          0 0 0 1 0 1
          1 1 1 0 0 1
          1 1 1 0 1 1
          1 0 1 0 1 0
          0 1 1 0 0 0
          0 0 0 1 0 1
          1 1 0 1 1 1
          0 1 0 0 0 0
          1 0 1 0 1 0
          0 1 0 0 1 0
          1 1 1 1 1 1
          0 0 1 1 1 1
          1 1 1 0 1 1
          1 1 1 1 1 0
          1 1 0 0 1 0
          0 0 1 1 1 1
          0 1 1 0 0 0
          1 1 0 1 0 1
          1 1 1 0 1 1
          1 0 0 0 1 1
          1 0 0 1 1 1
          0 1 1 1 0 0
          1 0 0 1 0 1
          1 0 0 1 1 0
          0 1 0 0 0 1
          1 1 1 1 0 1
          1 1 0 0 1 0
          1 1 1 1 1 1
          1 1 0 1 0 1
          1 1 1 0 0 0
          0 1 1 1 0 0
          1 0 0 1 0 1
          1 1 1 0 0 0
          0 1 1 1 1 0
          1 0 1 0 1 0
          1 3
        </DataArray>
        <DataArray type="Int32" Name="RegionSize" format="ascii" RangeMin="0" RangeMax="809">
          1 0 3 32 0 6
          1 2 3 1 1 3
          0 2 2 3 9 0
          0 1 23 7 1 0
          0 2 1 4 2 1
          2 5 0 0 6 3
          13 0 24 5 0 4
          1 0 2 3 0 17
          1 15 18 1 4 1
          0 8 4 2 6 0
          3 9 1 0 1 0
          2 4 1 4 0 1
          2 1 7 1 18 2
          3 0 0 10 10 21
          0 8 0 1 0 12
          16 2 11 0 2 0
          0 6 2 1 56 0
          7 1 1 1 0 2
          10 0 1 0 5 1
          1 0 12 3 0 0
          6 0 0 2 0 0
          9 27 2 7 11 0
          11 12 0 0 1 0
          5 1 1 3 1 0
          4 0 13 2 6 0
          16 4 14 33 2 2
          1 2 67 1 9 0
          2 0 10 16 8 1
          1 4 1 6 3 0
          0 9 0 1 2 2
          4 11 0 0 36 0
          1 0 3 3 1 7
          3 0 0 2 15 13
          0 0 0 14 0 16
          4 0 2 0 0 14
          0 9 1 0 0 0
          1 0 19 1 2 12
          2 4 2 1 4 10
          4 3 1 28 9 22
          22 2 5 8 1 0
          3 3 4 25 4 12
          0 1 0 5 2 0
          3 2 0 2 0 3
          4 0 25 28 2 4
          11 2 4 5 2 4
          0 3 6 4 0 8
          11 2 4 0 6 14
          5 0 0 12 14 0
          1 0 0 11 0 1
          0 1 2 4 0 1
          9 10 38 11 2 0
          0 31 0 1 4 0
          61 5 0 0 0 1
          3 1 10 0 13 0
          0 3 0 4 3 1
          4 2 6 7 0 4
          25 1 3 8 16 1
          0 32 37 37 0 0
          2 5 3 1 29 2
          0 0 5 19 0 23
          0 5 0 19 6 5
          0 4 8 3 1 0
          9 3 0 0 1 1
          0 2 2 0 5 0
          4 4 2 1 10 1
          12 11 2 0 0 40
          2 14 2 4 2 11
          6 2 0 0 1 0
          0 40 0 22 3 1
          0 6 2 0 4 2
          0 12 11 0 9 0
          2 0 2 5 8 8
          3 3 0 0 5 7
          16 0 0 16 21 7
          2 1 38 23 0 4
          14 1 4 6 2 32
          9 1 0 3 5 4
          3 0 4 13 1 2
          0 2 0 13 8 1
          2 12 4 11 3 3
          9 2 24 2 0 17
          12 1 35 3 10 11
          4 4 0 38 1 9
          0 41 0 2 3 33
          0 2 7 0 0 0
          2 1 2 0 0 0
          6 1 39 1 0 1
          48 14 5 0 2 2
          1 34 10 1 38 16
          10 9 6 10 69 0
          25 0 3 10 12 1
          0 2 2 10 0 10
          0 69 2 20 0 10
          15 15 0 0 25 8
          0 0 21 3 6 6
          8 0 5 1 2 19
          0 0 0 7 0 1
          1 0 4 0 0 3
          13 1 2 4 14 0
          1 0 1 16 8 14
          14 3 0 16 0 0
          18 0 0 8 0 5
          0 72 1 45 11 4
          0 32 0 2 3 0
          9 2 1 53 0 7
          2 0 0 3 37 5
          29 20 87 0 9 3
          38 6 0 28 0 3
          0 23 45 43 12 7
          2 13 0 11 0 9
          29 58 0 0 11 2
          1 28 1 6 1 0
          0 4 3 0 8 13
          4 0 1 0 2 0
          3 8 25 3 38 4
          5 0 8 1 1 1
          1 2 0 0 2 3
          17 0 0 0 0 1
          0 38 13 2 3 2
          1 2 5 6 0 1
          0 18 16 36 3 8
          5 0 3 1 5 22
          0 0 6 1 0 1
          7 0 1 52 32 3
          0 14 0 0 11 1
          1 0 0 20 0 8
          5 4 0 1 4 0
          0 10 1 0 0 1
          0 19 1 0 0 0
          2 0 0 11 0 0
          2 18 13 2 0 13
          9 19 92 4 7 15
          3 1 10 7 4 2
          12 30 0 2 0 0
          0 2 73 7 35 11
          16 13 1 7 45 0
          4 0 0 0 47 41
          5 16 7 96 19 3
          13 0 0 1 1 5
          100 0 0 6 10 0
          0 36 18 23 6 20
          6 3 2 6 7 18
          1 14 0 0 0 2
          0 1 2 7 3 2
          63 0 4 0 24 3
          32 0 0 6 0 15
          7 2 19 0 1 1
          17 1 0 10 8 54
          0 0 19 0 2 0
          0 0 0 0 4 14
          0 5 3 0 10 0
          0 8 1 13 2 1
          8 1 4 12 0 0
          48 0 3 15 4 1
          2 4 7 5 15 14
          0 2 1 4 4 21
          4 6 1 3 0 1
          0 0 2 1 6 0
          16 0 4 1 0 2
          0 1 0 0 7 1
          1 1 7 9 0 7
          1 7 31 0 0 6
          5 1 2 0 1 0
          0 1 0 3 5 0
          1 19 0 20 20 20
          7 4 8 0 45 3
          0 0 0 13 8 16
          0 16 2 9 0 5
          0 5 6 24 2 24
          7 9 0 1 0 2
          1 3 3 0 0 0
          2 1 4 1 18 0
          0 0 0 7 0 48
          1 0 0 14 9 0
          3 0 4 5 9 3
          1 15 10 0 2 0
          1 1 9 3 22 0
          0 1 1 4 8 13
          0 1 2 9 0 24
          0 10 9 9 0 14
          7 14 5 29 75 4
          2 8 0 14 0 0
          12 2 3 0 1 43
          0 0 25 39 19 0
          1 1 0 59 4 1
          0 0 1 5 3 0
          58 6 3 19 2 10
          5 2 3 2 0 8
          39 0 1 4 35 2
          1 6 2 6 0 2
          28 23 0 0 3 22
          1 4 0 22 0 4
          0 4 1 6 12 2
          4 15 16 0 1 0
          9 1 56 28 0 40
          0 2 22 20 0 0
          0 5 28 0 2 21
          0 0 0 4 9 0
          13 23 0 1 5 2
          2 21 5 16 0 18
          0 26 22 7 4 5
          44 6 10 0 8 25
          29 0 12 3 1 0
          18 0 0 7 0 0
          2 10 7 2 50 4
          0 0 2 5 4 87
          83 3 26 0 2 2
          36 27 14 40 22 0
          5 2 3 7 0 0
          20 5 1 37 7 18
          1 0 0 0 3 1
          1 7 0 51 7 6
          17 10 0 0 2 5
          1 3 2 7 5 0
          22 0 0 2 9 0
          0 0 24 1 0 0
          0 4 0 0 0 5
          8 0 0 0 4 0
          0 0 0 0 1 37
          49 1 1 0 6 3
          0 0 16 6 0 3
          3 0 4 0 6 5
          0 8 0 0 0 2
          13 1 27 4 1 0
          40 2 22 48 38 0
          6 2 22 48 7 0
          0 5 10 1 2 0
          19 1 1 1 21 2
          15 2 6 0 1 0
          0 0 0 23 3 9
          9 1 0 0 0 1
          0 9 1 1 19 16
          7 0 0 14 18 1
          5 16 0 0 2 2
          0 1 13 6 3 2
          18 5 0 0 0 15
          4 3 2 6 1 11
          49 6 8 2 0 9
          0 0 16 51 0 0
          13 18 1 45 3 4
          55 1 3 6 0 25
          0 4 48 2 0 9
          0 17 19 0 0 16
          1 0 6 1 1 6
          0 1 1 0 0 0
          0 4 2 18 25 2
          0 2 0 52 42 19
          5 0 26 0 1 5
          3 1 15 22 0 0
          3 1 5 5 1 1
          98 9 0 29 5 1
          0 6 21 0 0 15
          13 13 73 1 0 39
          0 0 1 1 5 1
          9 1 3 16 19 4
          9 30 0 0 28 0
          5 21 5 1 1 16
          31 22 27 0 0 1
          15 0 6 15 37 7
          1 38 1 1 18 0
          0 21 2 1 1 10
          0 12 0 12 44 1
          0 0 6 0 1 50
          20 7 32 6 1 49
          1 0 26 0 0 3
          41 8 0 23 0 1
          2 0 27 0 4 2
          0 8 0 26 1 0
          0 1 16 24 0 81
          6 9 0 3 2 47
          3 0 1 55 0 6
          6 5 26 6 0 97
          4 1 0 0 30 5
          0 0 2 8 17 0
          10 3 34 0 0 4
          22 0 0 3 17 13
          9 0 5 6 12 1
          1 14 61 5 1 43
          0 11 0 2 56 6
          9 21 39 8 8 40
          5 0 0 1 0 4
          14 6 11 3 0 23
          1 7 1 112 0 0
          22 0 7 0 46 0
          2 0 30 0 2 0
          0 1 0 15 16 3
          2 36 1 0 14 0
          36 8 0 19 3 49
          0 2 23 7 0 10
          2 0 0 3 37 9
          2 0 4 10 2 7
          0 131 1 0 1 32
          5 2 0 0 2 0
          6 0 0 2 2 9
          2 11 10 8 6 0
          0 9 8 11 137 0
          1 81 0 1 1 3
          0 2 0 0 0 1
          2 3 46 0 1 0
          1 1 2 35 0 5
          50 0 0 6 1 1
          1 0 23 1 2 0
          0 11 1 1 13 1
          27 0 0 43 0 0
          1 0 8 4 4 4
          4 3 0 0 1 10
          13 0 0 4 75 32
          2 0 13 3 94 2
          3 0 1 0 0 23
          30 2 81 0 0 56
          2 0 93 0 41 3
          65 0 36 0 41 0
          0 19 75 1 0 0
          0 4 0 85 0 4
          30 66 0 81 17 29
          0 56 0 1 0 0
          0 0 6 0 20 0
          0 52 0 0 19 1
          10 11 18 4 35 46
          0 0 5 1 25 5
          26 3 8 0 17 40
          28 2 5 94 2 1
          13 246 0 0 10 0
          0 1 9 14 6 87
          0 1 55 1 0 0
          2 15 0 16 0 32
          11 32 84 0 10 96
          3 1 1 0 57 59
          6 2 0 8 1 58
          1 0 59 63 1 2
          74 1 0 25 2 275
          12 0 0 32 78 0
          0 159 1 0 0 2
          75 5 83 0 1 43
          3 10 0 0 105 0
          7 21 4 123 0 37
          12 299 2 41 0 21
          88 193 500 0 0 0
          0 1 44 61 0 0
          182 0 0 209 0 159
          26 96 619 2 0 0
          0 140 30 261 677 0
          809 0 284 0 254 0
          232 232
        </DataArray>
        <DataArray type="Int32" Name="RegionSpan" format="ascii" RangeMin="1" RangeMax="171">
          1 1 2 6 1 4
          1 3 1 1 1 2
          1 1 1 2 2 1
          1 1 2 2 1 1
          1 1 1 3 1 1
          2 3 1 1 1 2
          2 1 3 3 1 1
          2 1 3 1 1 2
          3 3 5 1 2 2
          1 3 2 2 3 2
          2 2 1 1 1 1
          2 2 1 1 1 2
          1 2 1 1 6 2
          3 1 1 6 3 4
          1 2 1 1 1 3
          3 2 2 1 1 1
          1 3 2 1 5 1
          3 2 1 1 1 2
          3 1 1 1 3 1
          1 1 3 2 1 3
          1 1 1 1 1 2
          2 5 1 2 3 1
          5 2 1 1 1 1
          4 1 1 4 1 2
          2 1 3 3 2 3
          6 2 3 3 2 2
          1 1 6 1 3 1
          2 1 2 2 3 1
          3 2 1 9 3 1
          1 3 2 1 1 3
          4 5 1 1 2 1
          1 1 2 1 1 3
          2 1 1 2 5 2
          1 1 1 6 1 3
          2 1 2 1 1 6
          1 2 1 1 1 1
          3 1 2 1 1 3
          2 7 5 1 2 16
          1 1 1 3 3 5
          4 2 2 1 1 1
          2 2 2 9 2 2
          1 2 1 8 1 1
          2 10 1 1 1 2
          15 1 5 7 3 6
          6 2 2 2 1 2
          1 2 5 7 1 1
          2 12 2 1 4 7
          2 1 1 8 2 1
          1 2 1 2 1 2
          1 1 2 2 1 1
          29 3 4 2 1 1
          1 5 1 1 2 1
          29 2 1 1 1 1
          2 1 9 1 7 5
          1 4 1 2 1 2
          1 1 2 4 1 3
          4 1 1 6 3 2
          1 16 7 5 1 1
          1 1 3 1 5 2
          1 8 3 3 1 13
          1 2 2 6 3 2
          1 1 2 9 1 1
          4 1 1 2 1 1
          1 1 2 1 1 1
          2 1 2 9 3 11
          4 2 1 3 1 2
          3 5 1 2 2 8
          2 1 1 2 1 1
          1 31 1 2 2 1
          1 12 5 1 2 3
          6 2 8 1 3 1
          1 1 6 2 2 3
          1 2 1 1 6 3
          11 3 1 13 3 6
          8 1 4 4 1 4
          3 1 2 2 2 18
          9 1 1 1 9 2
          1 1 2 4 1 10
          1 5 1 5 2 2
          7 34 7 2 10 1
          3 4 4 1 1 11
          3 1 6 1 9 17
          1 5 1 19 2 2
          2 4 1 4 3 33
          1 7 2 1 1 1
          1 1 1 1 1 1
          2 1 9 2 1 2
          5 10 3 3 1 5
          1 8 2 2 16 2
          4 3 7 8 16 1
          11 1 3 3 5 2
          1 4 1 2 1 6
          1 10 1 6 1 2
          4 19 1 1 12 2
          1 2 18 1 3 2
          15 1 28 1 2 7
          1 1 1 15 1 2
          3 1 2 1 1 2
          3 2 5 2 21 1
          1 23 1 2 2 6
          10 2 1 2 2 1
          2 1 1 2 2 17
          1 12 2 3 4 2
          1 6 1 2 3 1
          9 1 5 6 1 3
          1 1 1 2 4 2
          11 3 18 1 9 5
          5 2 1 3 1 2
          1 1 2 33 3 2
          1 9 1 8 1 1
          6 12 1 1 6 2
          2 6 1 22 2 1
          1 2 2 1 13 4
          5 1 2 1 1 1
          2 4 8 1 4 1
          2 1 2 2 5 7
          1 2 1 1 13 5
          3 1 1 1 6 2
          1 44 7 8 1 1
          2 3 4 3 1 2
          1 2 6 4 1 3
          10 1 2 1 3 9
          1 1 16 1 1 1
          8 1 1 5 27 5
          1 4 1 1 4 1
          1 1 44 10 1 3
          2 2 1 1 5 1
          1 42 2 1 1 1
          1 3 2 1 1 1
          2 1 1 10 2 3
          2 14 2 2 1 5
          2 7 12 9 8 3
          4 2 9 3 2 1
          10 11 1 1 2 1
          2 3 44 2 25 3
          5 7 1 2 5 1
          8 3 1 1 14 11
          1 4 4 4 7 2
          4 1 1 1 1 4
          10 1 1 1 11 1
          1 19 2 20 2 20
          3 1 1 43 2 3
          1 36 1 1 1 1
          2 1 24 11 3 2
          12 1 2 1 13 2
          6 1 1 2 1 3
          3 2 7 1 1 1
          5 1 1 3 23 3
          1 1 10 1 14 1
          1 1 1 1 2 3
          1 2 5 1 5 1
          1 3 13 3 1 1
          2 5 23 7 1 1
          3 1 1 2 1 8
          1 5 2 41 3 8
          1 1 1 2 1 26
          4 2 1 7 1 2
          1 1 2 1 2 1
          33 1 2 2 1 14
          1 2 1 1 10 1
          1 1 21 5 1 7
          1 2 9 1 1 2
          3 1 8 1 43 1
          1 1 1 2 44 1
          1 3 2 8 8 8
          4 2 3 1 7 2
          1 1 1 5 30 2
          1 2 1 8 1 3
          1 7 2 3 2 21
          1 3 1 1 1 2
          2 2 2 1 1 1
          1 4 2 1 24 1
          1 1 1 2 1 2
          2 1 1 5 4 1
          1 1 2 2 6 2
          1 13 8 1 3 3
          12 1 15 2 7 1
          1 2 1 16 3 9
          1 1 1 5 1 2
          1 4 2 5 1 9
          3 1 1 30 14 19
          3 4 1 8 1 2
          4 3 2 1 1 10
          1 1 14 24 5 2
          2 2 1 3 31 2
          1 1 40 32 1 1
          55 4 4 3 1 15
          2 31 1 1 1 2
          13 7 2 2 12 2
          10 25 2 4 1 1
          18 26 1 1 1 8
          1 5 1 18 1 10
          1 10 2 3 10 1
          1 27 10 1 1 2
          16 1 15 12 3 14
          1 1 2 14 1 1
          1 2 39 1 1 7
          1 8 1 2 2 1
          3 10 1 2 3 5
          1 8 3 36 1 19
          1 4 7 2 2 2
          19 7 8 3 53 8
          5 1 12 23 2 1
          1 1 1 6 1 2
          1 3 2 2 7 1
          1 44 1 14 3 37
          25 15 10 1 4 2
          11 45 8 27 7 1
          26 1 12 2 1 1
          16 2 1 38 4 2
          1 1 1 1 2 1
          1 3 1 15 2 8
          3 2 1 1 1 2
          1 2 3 1 1 1
          57 1 1 1 3 1
          11 1 11 1 1 1
          1 10 1 1 1 2
          2 16 1 1 18 1
          1 1 1 1 1 29
          24 2 1 1 3 5
          1 1 5 3 1 15
          2 1 15 1 3 6
          1 24 1 1 2 2
          4 1 2 18 2 1
          25 2 28 18 16 1
          28 1 17 7 1 2
          1 2 9 1 1 1
          2 1 1 1 33 1
          36 2 55 1 1 1
          1 1 1 6 3 12
          35 1 1 1 2 3
          1 12 1 2 36 34
          11 42 1 14 2 2
          2 44 1 1 1 2
          1 1 14 35 49 1
          40 23 1 1 1 25
          2 42 2 4 1 3
          43 35 22 2 1 71
          1 1 5 31 1 1
          77 2 2 3 78 24
          22 1 51 76 1 25
          1 2 13 21 12 24
          1 4 23 1 8 19
          15 1 95 1 3 27
          13 2 25 1 1 1
          19 78 1 9 38 2
          1 1 1 18 34 3
          40 1 5 1 2 14
          12 37 65 12 1 4
          8 2 2 48 20 1
          57 2 23 28 2 1
          1 2 3 1 1 6
          13 39 59 37 1 32
          1 1 1 1 44 1
          28 1 66 45 13 4
          11 65 1 1 55 1
          1 3 64 1 1 19
          27 121 4 1 1 1
          29 1 78 4 16 24
          1 71 2 1 11 2
          1 140 1 12 1 171
          1 15 1 24 14 1
          1 1 32 1 1 79
          20 2 26 1 1 31
          1 1 48 1 1 1
          29 3 1 6 1 1
          2 1 2 1 2 11
          1 2 1 68 1 1
          1 1 28 2 10 75
          32 2 1 2 23 48
          2 1 1 14 1 4
          2 2 20 69 1 57
          3 1 1 64 35 2
          1 1 37 76 75 1
          38 92 117 1 1 15
          71 9 1 60 48 49
          4 1 44 73 79 1
          1 66 46 43 2 86
          1 7 1 1 86 148
          1 120 39 4 20 96
          2 1 1 2 1 2
          100 19 40 1 1 38
          1 13 1 53 1 1
          62 1 3 1 83 7
          1 1 31 1 1 1
          1 40 1 26 46 55
          2 119 1 1 57 1
          104 50 1 51 2 96
          1 21 41 8 1 21
          6 1 1 70 103 8
          4 1 129 26 50 106
          108 77 1 1 1 82
          2 1 1 1 6 1
          5 1 1 2 87 24
          7 46 99 60 99 1
          1 115 100 11 78 1
          1 92 1 1 1 3
          1 5 1 1 1 1
          2 44 53 1 1 1
          1 4 2 89 1 9
          83 1 1 12 2 1
          1 104 101 1 5 1
          10 30 1 3 139 1
          19 1 1 124 1 7
          1 1 13 72 76 41
          80 75 1 124 98 44
          118 1 169 166 124 4
          2 1 83 2 12 1
          1 1 1 15 1 100
          4 70 36 1 1 70
          3 1 50 1 93 2
          55 1 147 1 98 1
          1 49 89 1 1 1
          1 2 1 80 1 84
          62 57 1 63 90 65
          1 53 1 1 1 1
          1 1 4 1 101 1
          1 106 1 1 77 1
          55 32 93 140 56 143
          1 1 2 1 145 48
          31 2 45 1 103 152
          81 2 104 99 4 1
          31 76 1 1 3 1
          1 1 2 145 14 159
          1 2 143 2 1 1
          51 35 1 36 1 68
          102 18 89 1 16 53
          3 1 1 1 98 54
          9 2 1 31 61 103
          1 121 54 45 1 1
          7 1 1 28 2 9
          6 1 1 119 79 1
          1 12 1 1 1 1
          70 7 122 2 1 125
          65 65 1 1 127 1
          65 111 1 114 12 83
          4 123 2 113 1 13
          2 8 34 1 1 1
          1 121 133 96 1 1
          43 1 1 108 1 61
          24 51 36 2 1 1
          1 44 43 68 33 1
          29 1 5 1 21 1
          8 8
        </DataArray>
      </PointData>
      <CellData>
      </CellData>
      <Points>
        <DataArray type="Float32" Name="Points" NumberOfComponents="3" format="ascii" RangeMin="1" RangeMax="224.8599564173221">
          100 29 0 8 108 0
          37 8 0 89 9 0
          134 126 0 5 105 0
          3 125 0 11 154 0
          7 156 0 6 155 0
          8 110 0 77 132 0
          3 123 0 135 124 0
          74 131 0 150 33 0
          84 121 0 138 54 0
          18 121 0 134 128 0
          8 109 0 131 135 0
          103 9 0 147 89 0
          19 122 0 2 121 0
          18 122 0 122 101 0
          98 33 0 26 41 0
          107 129 0 142 133 0
          153 85 0 16 121 0
          2 102 0 92 33 0
          21 147 0 27 42 0
          26 42 0 37 86 0
          99 31 0 10 157 0
          96 31 0 63 54 0
          0 123 0 81 119 0
          139 55 0 106 111 0
          7 155 0 67 127 0
          17 121 0 149 88 0
          3 124 0 8 158 0
          148 32 0 139 54 0
          142 138 0 148 89 0
          6 158 0 134 127 0
          101 11 0 142 142 0
          154 86 0 145 90 0
          106 107 0 5 85 0
          99 32 0 79 84 0
          140 109 0 137 128 0
          38 72 0 154 35 0
          58 94 0 63 57 0
          134 50 0 124 104 0
          146 90 0 135 137 0
          148 33 0 140 107 0
          130 138 0 135 125 0
          21 96 0 82 120 0
          24 111 0 159 96 0
          76 130 0 6 87 0
          143 130 0 140 108 0
          136 66 0 159 81 0
          104 97 0 34 7 0
          9 94 0 2 100 0
          73 130 0 10 133 0
          137 142 0 99 30 0
          121 131 0 40 88 0
          133 136 0 106 11 0
          109 131 0 4 152 0
          44 100 0 1 120 0
          58 123 0 140 141 0
          140 136 0 1 127 0
          153 86 0 45 101 0
          140 142 0 75 130 0
          139 142 0 18 107 0
          36 72 0 74 130 0
          98 15 0 0 126 0
          105 9 0 104 9 0
          138 125 0 5 86 0
          105 22 0 63 43 0
          12 93 0 6 131 0
          2 101 0 139 126 0
          98 30 0 93 68 0
          105 106 0 134 132 0
          11 115 0 10 113 0
          142 130 0 151 36 0
          8 92 0 9 158 0
          136 138 0 0 127 0
          12 129 0 23 110 0
          63 55 0 140 137 0
          105 107 0 3 122 0
          1 125 0 136 116 0
          47 29 0 37 72 0
          23 57 0 23 111 0
          159 101 0 128 142 0
          75 133 0 75 82 0
          35 7 0 59 95 0
          136 137 0 138 126 0
          137 139 0 96 125 0
          44 101 0 157 85 0
          141 134 0 48 44 0
          108 131 0 139 137 0
          10 114 0 156 81 0
          7 88 0 159 108 0
          9 93 0 108 133 0
          147 29 0 8 154 0
          103 10 0 130 137 0
          110 36 0 136 49 0
          5 153 0 130 143 0
          133 145 0 16 137 0
          134 131 0 153 104 0
          112 37 0 135 50 0
          11 93 0 98 13 0
          120 100 0 138 127 0
          134 133 0 6 88 0
          20 57 0 135 147 0
          129 146 0 40 87 0
          14 94 0 101 46 0
          15 118 0 134 146 0
          21 143 0 152 36 0
          0 97 0 151 35 0
          20 110 0 9 18 0
          157 81 0 135 146 0
          142 4 0 74 81 0
          74 82 0 17 138 0
          96 72 0 16 106 0
          30 117 0 157 56 0
          107 136 0 99 12 0
          156 86 0 137 148 0
          27 16 0 136 128 0
          150 103 0 109 132 0
          142 6 0 94 33 0
          79 14 0 77 82 0
          111 36 0 134 145 0
          39 102 0 87 38 0
          135 119 0 32 118 0
          75 104 0 146 111 0
          16 138 0 136 144 0
          23 125 0 137 84 0
          20 108 0 129 143 0
          77 118 0 151 86 0
          10 97 0 20 109 0
          58 95 0 106 9 0
          146 144 0 30 17 0
          44 43 0 21 57 0
          145 144 0 111 132 0
          97 14 0 158 82 0
          13 95 0 10 111 0
          130 146 0 110 132 0
          151 97 0 136 151 0
          28 115 0 23 28 0
          152 103 0 151 103 0
          21 110 0 0 98 0
          91 121 0 25 81 0
          97 110 0 78 118 0
          16 21 0 46 43 0
          136 53 0 136 148 0
          24 13 0 19 56 0
          18 4 0 129 145 0
          10 96 0 89 36 0
          45 43 0 142 5 0
          159 103 0 135 29 0
          33 119 0 14 136 0
          119 99 0 76 107 0
          10 22 0 141 0 0
          0 118 0 87 36 0
          136 149 0 29 16 0
          108 134 0 90 121 0
          99 132 0 13 134 0
          33 118 0 20 145 0
          31 8 0 23 79 0
          5 15 0 154 96 0
          135 120 0 83 45 0
          143 8 0 140 52 0
          105 99 0 151 39 0
          128 154 0 97 59 0
          0 119 0 143 110 0
          19 57 0 4 109 0
          12 99 0 143 7 0
          93 122 0 82 33 0
          102 25 0 12 24 0
          33 130 0 87 89 0
          153 103 0 123 104 0
          156 90 0 29 0 0
          140 53 0 50 31 0
          10 26 0 22 123 0
          46 44 0 65 16 0
          14 132 0 4 104 0
          42 159 0 76 106 0
          15 133 0 13 133 0
          79 67 0 129 62 0
          153 94 0 26 113 0
          68 34 0 84 34 0
          14 133 0 147 30 0
          104 99 0 32 8 0
          18 20 0 151 38 0
          97 131 0 159 102 0
          13 132 0 41 101 0
          11 131 0 37 112 0
          156 106 0 50 30 0
          143 109 0 12 98 0
          3 84 0 155 80 0
          64 10 0 88 36 0
          20 4 0 119 100 0
          128 150 0 156 100 0
          123 92 0 27 12 0
          50 113 0 98 20 0
          128 157 0 86 87 0
          26 112 0 68 114 0
          14 23 0 156 89 0
          65 6 0 156 80 0
          153 91 0 92 122 0
          123 94 0 29 116 0
          130 150 0 98 19 0
          19 4 0 143 159 0
          12 19 0 86 88 0
          41 92 0 17 119 0
          98 131 0 31 131 0
          55 94 0 129 150 0
          143 57 0 152 101 0
          26 123 0 131 149 0
          121 91 0 56 93 0
          24 2 0 52 31 0
          153 96 0 154 95 0
          32 117 0 141 92 0
          123 93 0 16 107 0
          8 132 0 14 134 0
          51 31 0 102 21 0
          103 21 0 141 3 0
          142 3 0 156 107 0
          151 101 0 0 12 0
          130 43 0 126 41 0
          83 89 0 98 114 0
          33 85 0 98 60 0
          7 90 0 155 106 0
          142 92 0 157 101 0
          148 113 0 25 123 0
          150 158 0 94 124 0
          159 98 0 138 32 0
          105 83 0 97 60 0
          143 125 0 87 37 0
          57 13 0 71 116 0
          147 97 0 10 20 0
          132 159 0 4 84 0
          158 106 0 26 12 0
          147 24 0 149 149 0
          141 2 0 131 63 0
          125 62 0 120 90 0
          113 89 0 80 0 0
          106 35 0 28 113 0
          9 128 0 91 35 0
          84 90 0 118 86 0
          150 74 0 86 35 0
          142 57 0 135 118 0
          34 85 0 116 20 0
          16 136 0 120 23 0
          16 52 0 144 111 0
          7 37 0 17 23 0
          81 87 0 10 128 0
          151 99 0 35 121 0
          27 13 0 124 23 0
          98 129 0 84 33 0
          56 127 0 22 4 0
          52 111 0 19 108 0
          84 89 0 65 20 0
          16 22 0 121 100 0
          27 102 0 129 152 0
          145 14 0 128 156 0
          159 59 0 17 20 0
          148 112 0 134 86 0
          0 147 0 148 147 0
          95 25 0 133 154 0
          120 19 0 138 69 0
          139 51 0 43 27 0
          28 97 0 122 91 0
          158 59 0 81 86 0
          37 122 0 3 149 0
          149 96 0 40 90 0
          152 77 0 129 63 0
          108 99 0 12 18 0
          145 93 0 138 51 0
          48 7 0 82 88 0
          147 25 0 65 77 0
          11 25 0 159 40 0
          126 62 0 7 15 0
          84 87 0 87 42 0
          26 1 0 26 101 0
          64 0 0 12 118 0
          24 80 0 123 21 0
          90 124 0 102 24 0
          149 115 0 7 4 0
          133 156 0 65 14 0
          26 28 0 94 70 0
          93 113 0 144 11 0
          78 69 0 98 112 0
          51 111 0 101 28 0
          18 135 0 99 23 0
          44 27 0 159 124 0
          70 115 0 133 155 0
          91 123 0 25 28 0
          32 131 0 36 122 0
          18 136 0 15 115 0
          142 126 0 76 18 0
          71 149 0 106 109 0
          121 20 0 133 85 0
          64 59 0 135 154 0
          69 115 0 2 147 0
          70 116 0 124 25 0
          124 24 0 132 27 0
          71 146 0 148 146 0
          79 68 0 0 143 0
          137 69 0 45 112 0
          149 148 0 17 141 0
          20 13 0 87 41 0
          35 133 0 63 132 0
          100 21 0 56 126 0
          148 114 0 145 72 0
          76 20 0 144 93 0
          76 19 0 145 95 0
          121 90 0 48 104 0
          47 2 0 77 36 0
          121 22 0 5 127 0
          135 86 0 14 115 0
          122 20 0 47 104 0
          64 58 0 3 151 0
          95 114 0 100 23 0
          138 113 0 13 4 0
          120 20 0 73 117 0
          130 159 0 139 159 0
          137 31 0 134 85 0
          27 29 0 66 65 0
          73 116 0 30 85 0
          97 47 0 52 92 0
          107 36 0 91 109 0
          133 65 0 71 147 0
          146 95 0 26 60 0
          133 27 0 123 22 0
          77 17 0 25 7 0
          140 155 0 38 53 0
          43 41 0 119 7 0
          19 21 0 17 140 0
          139 155 0 74 117 0
          112 122 0 76 44 0
          16 158 0 26 59 0
          2 144 0 43 42 0
          93 22 0 31 85 0
          107 99 0 118 19 0
          30 83 0 35 110 0
          13 21 0 94 2 0
          2 143 0 18 96 0
          65 113 0 94 22 0
          0 152 0 26 146 0
          90 30 0 96 114 0
          41 113 0 5 18 0
          85 43 0 152 74 0
          35 111 0 53 49 0
          2 149 0 31 127 0
          60 129 0 47 0 0
          1 147 0 47 1 0
          90 31 0 88 17 0
          98 47 0 35 32 0
          73 49 0 124 38 0
          79 6 0 68 79 0
          35 132 0 25 146 0
          54 50 0 146 19 0
          32 128 0 110 15 0
          19 20 0 125 38 0
          15 4 0 111 16 0
          18 142 0 81 51 0
          147 156 0 159 21 0
          3 145 0 141 157 0
          94 114 0 21 13 0
          80 109 0 55 34 0
          18 143 0 50 48 0
          159 27 0 103 0 0
          55 119 0 121 59 0
          31 129 0 118 72 0
          6 18 0 31 128 0
          52 46 0 26 29 0
          146 17 0 2 145 0
          111 15 0 146 7 0
          9 0 0 18 141 0
          18 131 0 80 53 0
          3 146 0 19 129 0
          70 104 0 139 35 0
          55 120 0 114 90 0
          112 118 0 29 10 0
          95 24 0 64 3 0
          81 57 0 63 102 0
          153 155 0 80 56 0
          74 157 0 90 0 0
          138 112 0 145 149 0
          137 113 0 152 155 0
          92 2 0 101 103 0
          81 56 0 67 137 0
          92 0 0 144 151 0
          128 42 0 82 49 0
          79 46 0 104 132 0
          88 97 0 75 67 0
          72 77 0 23 139 0
          54 49 0 41 62 0
          81 50 0 92 1 0
          34 31 0 110 87 0
          118 49 0 94 5 0
          21 101 0 65 8 0
          53 48 0 111 87 0
          144 149 0 15 158 0
          113 90 0 153 17 0
          1 0 0 18 132 0
          76 67 0 145 7 0
          66 113 0 71 104 0
          143 151 0 150 48 0
          47 113 0 16 129 0
          101 114 0 82 48 0
          26 102 0 113 46 0
          2 13 0 138 35 0
          2 1 0 51 146 0
          91 0 0 116 9 0
          94 4 0 93 2 0
          140 159 0 135 17 0
          34 120 0 59 128 0
          79 47 0 159 23 0
          29 156 0 39 146 0
          123 59 0 96 5 0
          154 78 0 43 113 0
          92 95 0 75 5 0
          40 112 0 54 34 0
          30 84 0 2 0 0
          34 32 0 147 73 0
          80 52 0 31 43 0
          117 8 0 156 122 0
          76 6 0 90 95 0
          30 30 0 14 129 0
          132 45 0 38 34 0
          12 7 0 108 60 0
          79 109 0 22 38 0
          24 100 0 93 109 0
          95 5 0 12 6 0
          23 100 0 156 39 0
          88 81 0 126 12 0
          29 104 0 78 45 0
          47 5 0 157 122 0
          5 23 0 109 14 0
          27 147 0 21 37 0
          89 18 0 51 46 0
          91 95 0 76 5 0
          70 79 0 18 130 0
          69 69 0 89 17 0
          29 83 0 125 10 0
          116 47 0 124 9 0
          79 34 0 34 47 0
          65 62 0 51 4 0
          125 11 0 115 97 0
          146 115 0 112 119 0
          159 152 0 55 2 0
          124 10 0 151 16 0
          149 15 0 40 43 0
          65 18 0 91 13 0
          13 105 0 49 69 0
          89 94 0 147 115 0
          2 9 0 64 72 0
          51 47 0 31 111 0
          6 23 0 65 135 0
          49 4 0 78 49 0
          42 129 0 44 128 0
          107 57 0 21 100 0
          58 2 0 73 2 0
          87 15 0 4 21 0
          57 2 0 70 143 0
          49 5 0 148 14 0
          1 9 0 80 4 0
          73 52 0 45 17 0
          43 128 0 61 131 0
          72 78 0 23 140 0
          49 146 0 54 10 0
          4 22 0 73 69 0
          74 56 0 50 4 0
          38 33 0 75 47 0
          31 66 0 54 11 0
          64 135 0 80 54 0
          50 146 0 54 92 0
          76 49 0 67 146 0
          97 9 0 120 53 0
          45 145 0 88 95 0
          92 14 0 36 143 0
          70 39 0 151 15 0
          73 37 0 14 0 0
          99 2 0 105 88 0
          131 16 0 155 118 0
          75 62 0 118 3 0
          91 18 0 68 103 0
          74 69 0 153 121 0
          29 154 0 147 21 0
          62 75 0 114 47 0
          85 78 0 148 8 0
          148 7 0 80 42 0
          150 10 0 150 117 0
          26 147 0 63 75 0
          82 75 0 66 135 0
          121 4 0 29 29 0
          151 17 0 129 27 0
          63 71 0 47 142 0
          153 1 0 71 41 0
          105 87 0 40 33 0
          79 49 0 146 47 0
          159 0 0 100 80 0
          79 41 0 72 37 0
          98 10 0 58 16 0
          71 44 0 133 16 0
          68 146 0 17 127 0
          70 144 0 57 16 0
          73 94 0 0 138 0
          154 119 0 45 125 0
          77 49 0 43 19 0
          114 133 0 45 15 0
          67 24 0 77 6 0
          24 101 0 128 27 0
          93 57 0 69 103 0
          39 126 0 39 33 0
          26 95 0 116 49 0
          157 1 0 72 69 0
          45 16 0 94 57 0
          30 62 0 67 23 0
          92 87 0 52 4 0
          64 71 0 0 20 0
          145 46 0 60 72 0
          0 156 0 159 11 0
          151 135 0 26 128 0
          69 43 0 113 66 0
          113 64 0 117 4 0
          147 47 0 129 114 0
          25 128 0 83 76 0
          159 31 0 52 2 0
          84 77 0 101 80 0
          51 9 0 150 116 0
          42 149 0 82 96 0
          76 55 0 108 59 0
          2 152 0 150 8 0
          107 74 0 67 131 0
          0 30 0 29 43 0
          68 78 0 68 44 0
          103 66 0 17 55 0
          145 47 0 82 76 0
          65 82 0 68 130 0
          159 30 0 128 112 0
          65 128 0 70 64 0
          121 5 0 75 55 0
          78 55 0 158 0 0
          73 54 0 78 56 0
          65 72 0 32 5 0
          42 32 0 1 79 0
          52 159 0 37 145 0
          75 57 0 79 40 0
          159 17 0 29 155 0
          48 89 0 159 18 0
          113 7 0 77 64 0
          37 0 0 149 8 0
          100 2 0 2 80 0
          111 116 0 100 78 0
          26 96 0 45 126 0
          69 75 0 52 1 0
          83 94 0 70 44 0
          156 1 0 76 56 0
          14 105 0 77 10 0
          150 55 0 79 42 0
          69 73 0 73 42 0
          130 27 0 54 117 0
          94 144 0 70 38 0
          70 40 0 117 60 0
          74 122 0 150 9 0
          62 71 0 73 55 0
          85 65 0 39 76 0
          75 121 0 12 107 0
          52 157 0 32 68 0
          114 132 0 129 113 0
          39 75 0 119 51 0
          84 94 0 39 125 0
          48 60 0 85 66 0
          83 77 0 98 1 0
          120 64 0 16 71 0
          153 51 0 115 90 0
          73 53 0 71 42 0
          23 7 0 21 38 0
          109 86 0 83 95 0
          32 67 0 154 122 0
          71 3 0 151 4 0
          31 112 0 119 88 0
          58 74 0 46 130 0
          97 85 0 74 51 0
          113 62 0 45 18 0
          45 77 0 41 44 0
          68 75 0 69 74 0
          73 21 0 31 31 0
          116 0 0 17 35 0
          60 3 0 112 77 0
          112 62 0 73 43 0
          74 21 0 39 0 0
          68 62 0 84 78 0
          2 156 0 46 56 0
          67 103 0 59 73 0
          68 68 0 1 20 0
          139 39 0 52 9 0
          68 65 0 41 127 0
          88 21 0 10 140 0
          57 101 0 53 141 0
          88 20 0 32 45 0
          73 12 0 51 8 0
          63 149 0 75 1 0
          107 89 0 113 65 0
          87 137 0 108 76 0
          40 149 0 101 100 0
          135 94 0 31 45 0
          134 3 0 77 9 0
          93 80 0 130 14 0
          143 119 0 152 118 0
          83 59 0 27 129 0
          34 77 0 57 100 0
          86 78 0 52 158 0
          96 81 0 68 159 0
          26 99 0 35 76 0
          114 7 0 99 1 0
          82 59 0 63 148 0
          111 63 0 136 95 0
          33 45 0 121 64 0
          90 52 0 131 73 0
          138 39 0 50 78 0
          48 56 0 96 7 0
          48 80 0 41 32 0
          49 79 0 157 72 0
          108 75 0 45 144 0
          43 32 0 125 72 0
          81 26 0 69 136 0
          70 154 0 103 67 0
          152 3 0 33 110 0
          45 13 0 96 1 0
          68 81 0 96 84 0
          34 1 0 71 156 0
          82 8 0 156 154 0
          68 63 0 38 0 0
          159 13 0 153 5 0
          143 71 0 96 41 0
          98 81 0 80 140 0
          18 40 0 132 74 0
          108 89 0 0 48 0
          18 75 0 119 60 0
          47 146 0 150 6 0
          69 2 0 140 40 0
          12 83 0 135 95 0
          159 159 0 110 78 0
          57 57 0 132 73 0
          115 70 0 72 3 0
          86 28 0 118 0 0
          68 92 0 139 40 0
          61 112 0 82 27 0
          12 0 0 81 27 0
          10 3 0 140 42 0
          23 159 0 3 35 0
          45 68 0 114 0 0
          62 112 0 86 0 0
          159 64 0 47 56 0
          28 62 0 132 0 0
          159 63 0 68 46 0
          151 55 0 50 125 0
          53 149 0 47 77 0
          99 87 0 43 147 0
          139 17 0 153 11 0
          38 152 0 94 81 0
          88 156 0 117 98 0
          49 77 0 25 140 0
          138 17 0 20 40 0
          116 134 0 153 7 0
          138 19 0 59 39 0
          28 150 0 68 71 0
          87 0 0 96 83 0
          154 9 0 99 64 0
          126 81 0 33 69 0
          130 3 0 152 7 0
          153 6 0 18 87 0
          49 57 0 53 148 0
          96 85 0 93 44 0
          10 139 0 155 20 0
          0 41 0 130 117 0
          32 97 0 25 141 0
          95 88 0 84 97 0
          131 3 0 111 77 0
          132 1 0 13 148 0
          19 75 0 122 8 0
          70 159 0 39 135 0
          98 87 0 37 59 0
          46 129 0 127 111 0
          136 94 0 22 133 0
          137 19 0 148 2 0
          38 151 0 0 140 0
          49 78 0 69 157 0
          159 4 0 71 155 0
          152 11 0 116 70 0
          114 68 0 152 137 0
          115 134 0 13 146 0
          97 43 0 48 57 0
          27 150 0 78 74 0
          141 40 0 19 40 0
          110 9 0 13 144 0
          74 9 0 46 77 0
          100 65 0 91 54 0
          100 64 0 109 77 0
          120 123 0 31 64 0
          68 45 0 82 143 0
          13 84 0 12 87 0
          13 145 0 13 147 0
          17 12 0 70 153 0
          123 52 0 43 79 0
          84 96 0 77 11 0
          154 20 0 51 126 0
          68 48 0 12 144 0
          11 3 0 28 159 0
          21 41 0 59 40 0
          84 20 0 115 143 0
          55 156 0 0 26 0
          89 45 0 17 31 0
          103 35 0 153 9 0
          21 133 0 158 148 0
          70 141 0 11 87 0
          116 144 0 112 102 0
          23 134 0 92 44 0
          84 24 0 149 44 0
          115 69 0 59 146 0
          78 24 0 116 143 0
          117 134 0 85 19 0
          159 3 0 86 152 0
          73 59 0 115 0 0
          32 76 0 63 82 0
          23 39 0 50 106 0
          126 54 0 96 99 0
          76 60 0 151 137 0
          117 108 0 145 116 0
          141 17 0 68 47 0
          68 2 0 91 55 0
          84 66 0 110 21 0
          105 54 0 64 82 0
          33 98 0 98 43 0
          33 76 0 73 58 0
          90 54 0 89 44 0
          19 30 0 46 69 0
          101 65 0 122 74 0
          111 102 0 53 143 0
          114 67 0 127 55 0
          96 88 0 53 20 0
          45 78 0 136 1 0
          122 53 0 32 142 0
          28 103 0 126 69 0
          145 120 0 123 79 0
          156 20 0 149 2 0
          13 46 0 103 104 0
          99 63 0 138 24 0
          31 141 0 11 84 0
          149 83 0 38 135 0
          80 29 0 127 54 0
          149 84 0 40 24 0
          82 142 0 110 45 0
          68 52 0 111 45 0
          105 55 0 58 56 0
          77 24 0 115 62 0
          129 0 0 9 4 0
          5 3 0 96 42 0
          123 80 0 91 88 0
          40 25 0 84 134 0
          96 40 0 34 142 0
          12 84 0 13 1 0
          31 97 0 96 101 0
          117 137 0 96 100 0
          49 58 0 75 30 0
          65 152 0 126 68 0
          32 141 0 20 30 0
          96 97 0 29 151 0
          44 141 0 66 152 0
          90 77 0 128 86 0
          62 84 0 3 43 0
          78 114 0 12 31 0
          145 119 0 84 112 0
          117 136 0 58 51 0
          12 30 0 0 28 0
          132 70 0 61 100 0
          38 137 0 85 135 0
          74 8 0 123 72 0
          115 152 0 87 154 0
          119 107 0 46 135 0
          112 141 0 33 97 0
          121 74 0 129 1 0
          48 77 0 126 0 0
          95 50 0 124 72 0
          117 122 0 111 27 0
          157 159 0 117 32 0
          38 136 0 54 20 0
          120 12 0 115 93 0
          152 69 0 89 102 0
          124 52 0 26 159 0
          126 2 0 88 27 0
          146 65 0 45 141 0
          54 76 0 158 149 0
          99 119 0 40 152 0
          75 90 0 70 2 0
          84 22 0 54 132 0
          74 89 0 60 49 0
          74 11 0 119 76 0
          45 137 0 111 142 0
          58 39 0 131 78 0
          76 30 0 117 79 0
          15 150 0 22 134 0
          71 27 0 144 64 0
          59 50 0 19 32 0
          2 32 0 11 49 0
          107 50 0 54 156 0
          12 37 0 55 147 0
          112 51 0 134 7 0
          133 92 0 122 76 0
          122 75 0 77 125 0
          86 149 0 128 87 0
          136 11 0 46 136 0
          138 11 0 123 73 0
          126 1 0 140 117 0
          40 12 0 0 37 0
          55 75 0 113 51 0
          79 75 0 69 50 0
          17 73 0 89 78 0
          122 78 0 74 90 0
          40 11 0 53 131 0
          96 52 0 137 11 0
          59 21 0 127 1 0
          122 0 0 3 42 0
          53 62 0 118 159 0
          17 13 0 138 10 0
          133 9 0 70 26 0
          39 59 0 90 140 0
          40 37 0 14 102 0
          61 146 0 118 153 0
          62 86 0 148 66 0
          105 72 0 139 87 0
          63 83 0 7 64 0
          50 91 0 112 26 0
          99 118 0 28 64 0
          62 157 0 28 158 0
          133 6 0 1 32 0
          37 20 0 122 77 0
          15 149 0 62 85 0
          18 38 0 13 44 0
          96 49 0 120 11 0
          91 78 0 18 32 0
          134 79 0 133 10 0
          120 75 0 83 111 0
          147 66 0 45 89 0
          108 46 0 38 56 0
          117 157 0 152 66 0
          63 157 0 139 117 0
          118 157 0 18 31 0
          138 22 0 116 152 0
          27 64 0 111 51 0
          90 141 0 24 157 0
          32 108 0 92 159 0
          124 0 0 130 103 0
          16 34 0 1 23 0
          90 102 0 43 118 0
          6 63 0 123 78 0
          6 64 0 96 50 0
          22 88 0 109 46 0
          130 82 0 3 94 0
          2 95 0 159 135 0
          13 45 0 159 132 0
          96 98 0 11 38 0
          85 136 0 153 140 0
          48 138 0 31 49 0
          13 74 0 79 159 0
          77 92 0 113 143 0
          71 14 0 39 37 0
          77 124 0 60 21 0
          76 91 0 52 76 0
          10 40 0 111 154 0
          158 132 0 0 73 0
          155 75 0 24 158 0
          118 146 0 70 14 0
          32 147 0 20 26 0
          112 0 0 36 20 0
          33 108 0 153 139 0
          15 12 0 118 145 0
          84 135 0 58 80 0
          112 2 0 113 0 0
          144 63 0 86 151 0
          4 36 0 33 149 0
          42 78 0 16 12 0
          159 134 0 109 126 0
          35 49 0 135 92 0
          57 67 0 153 70 0
          139 73 0 34 149 0
          156 142 0 102 159 0
          115 127 0 129 33 0
          1 46 0 125 77 0
          112 154 0 126 85 0
          4 61 0 59 85 0
          59 79 0 145 64 0
          3 40 0 125 78 0
          130 32 0 32 49 0
          77 89 0 159 69 0
          115 105 0 0 74 0
          121 0 0 88 140 0
          50 71 0 92 157 0
          93 50 0 78 159 0
          112 159 0 111 149 0
          112 157 0 57 84 0
          56 80 0 117 156 0
          115 147 0 121 112 0
          5 62 0 93 136 0
          133 79 0 127 85 0
          115 128 0 115 157 0
          7 59 0 15 48 0
          99 146 0 112 156 0
          90 159 0 76 92 0
          159 137 0 116 157 0
          42 9 0 119 113 0
          116 106 0 92 158 0
          152 67 0 14 48 0
          109 156 0 125 0 0
          57 80 0 5 63 0
          115 148 0 110 152 0
          10 39 0 158 70 0
          3 50 0 130 83 0
          133 81 0 29 138 0
          2 33 0 95 159 0
          115 106 0 12 50 0
          63 139 0 111 152 0
          113 149 0 85 61 0
          113 159 0 16 90 0
          121 111 0 51 154 0
          58 68 0 138 73 0
          38 21 0 113 2 0
          57 113 0 154 131 0
          116 107 0 82 149 0
          13 49 0 159 136 0
          39 21 0 98 145 0
          83 149 0 54 83 0
          32 145 0 3 70 0
          115 146 0 153 69 0
          105 147 0 14 10 0
          158 142 0 84 147 0
          87 104 0 110 157 0
          94 159 0 85 60 0
          44 117 0 114 30 0
          128 121 0 71 93 0
          54 84 0 112 149 0
          113 150 0 53 135 0
          64 139 0 4 62 0
          94 50 0 148 60 0
          149 59 0 156 69 0
          2 50 0 126 121 0
          110 94 0 53 134 0
          61 85 0 102 157 0
          103 60 0 52 81 0
          123 121 0 9 53 0
          143 27 0 13 10 0
          92 135 0 51 81 0
          125 122 0 156 68 0
          63 142 0 120 113 0
          64 142 0 154 141 0
          13 35 0 110 93 0
          63 124 0 150 130 0
          107 150 0 108 146 0
          93 135 0 130 121 0
          6 60 0 151 126 0
          105 146 0 64 87 0
          99 159 0 22 87 0
          41 56 0 97 157 0
          107 151 0 132 102 0
          64 86 0 92 134 0
          122 122 0 30 139 0
          152 70 0 127 121 0
          100 157 0 99 156 0
          98 156 0 102 158 0
          12 36 0 107 146 0
          64 124 0 98 159 0
          88 104 0 97 152 0
          102 61 0 1 38 0
          129 121 0 101 157 0
          57 82 0 152 126 0
          51 61 0 122 32 0
          144 27 0 113 30 0
          55 64 0 2 59 0
          100 159 0 101 149 0
          147 124 0 83 129 0
          2 60 0 41 55 0
          54 64 0 157 142 0
          131 105 0 130 105 0
          13 73 0 102 152 0
          67 87 0 87 116 0
          147 125 0 102 149 0
          4 57 0 87 117 0
          95 152 0 67 86 0
          102 145 0 100 156 0
          0 133 0 56 65 0
          43 54 0 55 65 0
          96 152 0 1 55 0
          58 158 0 14 76 0
          2 72 0 83 128 0
          3 58 0 60 30 0
          78 95 0 132 104 0
          149 130 0 117 78 0
          92 152 0 14 75 0
          132 103 0 104 150 0
          8 67 0 80 151 0
          59 158 0 130 98 0
          55 152 0 54 152 0
          58 138 0 82 159 0
          8 66 0 68 89 0
          1 64 0 81 150 0
          11 53 0 131 100 0
          11 69 0 79 94 0
          120 45 0 11 71 0
          2 56 0 11 70 0
          68 88 0 2 64 0
          99 151 0 131 99 0
          11 64 0 122 31 0
          92 153 0 131 101 0
          91 151 0 9 72 0
          90 152 0 6 55 0
          62 28 0 12 71 0
          2 57 0 121 46 0
          1 56 0 9 71 0
          10 64 0 60 137 0
          6 70 0 117 28 0
          0 67 0 7 55 0
          10 68 0 8 70 0
          0 66 0 8 77 0
          142 76 0 53 87 0
          22 92 0 22 93 0
          142 75 0 9 77 0
          76 146 0 34 157 0
          75 147 0 41 108 0
          0 53 0 33 157 0
          54 57 0 0 54 0
          53 86 0 42 108 0
          53 58 0 29 24 0
          30 92 0 46 51 0
          48 95 0 48 94 0
          46 50 0 31 91 0
          31 23 0 7 46 0
          6 46 0 25 70 0
          25 69 0 21 71 0
          20 72 0 28 54 0
          29 53 0 21 52 0
          <InformationKey name="L2_NORM_RANGE" location="vtkDataArray" length="2">
            <Value index="0">
              1
            </Value>
            <Value index="1">
              224.85995642
            </Value>
          </InformationKey>
        </DataArray>
      </Points>
      <Cells>
        <DataArray type="Int64" Name="connectivity" format="ascii" RangeMin="0" RangeMax="2059">
          0 1 2 3 4 5
          6 7 8 9 10 11
          12 13 14 15 16 17
          18 19 20 21 22 23
          24 25 26 27 28 29
          30 31 32 33 34 35
          36 37 38 39 40 41
          42 43 44 45 46 47
          48 49 50 51 52 53
          54 55 56 57 58 59
          60 61 62 63 64 65
          66 67 68 69 70 71
          72 73 74 75 76 77
          78 79 80 81 82 83
          84 85 86 87 88 89
          90 91 92 93 94 95
          96 97 98 99 100 101
          102 103 104 105 106 107
          108 109 110 111 112 113
          114 115 116 117 118 119
          120 121 122 123 124 125
          126 127 128 129 130 131
          132 133 134 135 136 137
          138 139 140 141 142 143
          144 145 146 147 148 149
          150 151 152 153 154 155
          156 157 158 159 160 161
          162 163 164 165 166 167
          168 169 170 171 172 173
          174 175 176 177 178 179
          180 181 182 183 184 185
          186 187 188 189 190 191
          192 193 194 195 196 197
          198 199 200 201 202 203
          204 205 206 207 208 209
          210 211 212 213 214 215
          216 217 218 219 220 221
          222 223 224 225 226 227
          228 229 230 231 232 233
          234 235 236 237 238 239
          240 241 242 243 244 245
          246 247 248 249 250 251
          252 253 254 255 256 257
          258 259 260 261 262 263
          264 265 266 267 268 269
          270 271 272 273 274 275
          276 277 278 279 280 281
          282 283 284 285 286 287
          288 289 290 291 292 293
          294 295 296 297 298 299
          300 301 302 303 304 305
          306 307 308 309 310 311
          312 313 314 315 316 317
          318 319 320 321 322 323
          324 325 326 327 328 329
          330 331 332 333 334 335
          336 337 338 339 340 341
          342 343 344 345 346 347
          348 349 350 351 352 353
          354 355 356 357 358 359
          360 361 362 363 364 365
          366 367 368 369 370 371
          372 373 374 375 376 377
          378 379 380 381 382 383
          384 385 386 387 388 389
          390 391 392 393 394 395
          396 397 398 399 400 401
          402 403 404 405 406 407
          408 409 410 411 412 413
          414 415 416 417 418 419
          420 421 422 423 424 425
          426 427 428 429 430 431
          432 433 434 435 436 437
          438 439 440 441 442 443
          444 445 446 447 448 449
          450 451 452 453 454 455
          456 457 458 459 460 461
          462 463 464 465 466 467
          468 469 470 471 472 473
          474 475 476 477 478 479
          480 481 482 483 484 485
          486 487 488 489 490 491
          492 493 494 495 496 497
          498 499 500 501 502 503
          504 505 506 507 508 509
          510 511 512 513 514 515
          516 517 518 519 520 521
          522 523 524 525 526 527
          528 529 530 531 532 533
          534 535 536 537 538 539
          540 541 542 543 544 545
          546 547 548 549 550 551
          552 553 554 555 556 557
          558 559 560 561 562 563
          564 565 566 567 568 569
          570 571 572 573 574 575
          576 577 578 579 580 581
          582 583 584 585 586 587
          588 589 590 591 592 593
          594 595 596 597 598 599
          600 601 602 603 604 605
          606 607 608 609 610 611
          612 613 614 615 616 617
          618 619 620 621 622 623
          624 625 626 627 628 629
          630 631 632 633 634 635
          636 637 638 639 640 641
          642 643 644 645 646 647
          648 649 650 651 652 653
          654 655 656 657 658 659
          660 661 662 663 664 665
          666 667 668 669 670 671
          672 673 674 675 676 677
          678 679 680 681 682 683
          684 685 686 687 688 689
          690 691 692 693 694 695
          696 697 698 699 700 701
          702 703 704 705 706 707
          708 709 710 711 712 713
          714 715 716 717 718 719
          720 721 722 723 724 725
          726 727 728 729 730 731
          732 733 734 735 736 737
          738 739 740 741 742 743
          744 745 746 747 748 749
          750 751 752 753 754 755
          756 757 758 759 760 761
          762 763 764 765 766 767
          768 769 770 771 772 773
          774 775 776 777 778 779
          780 781 782 783 784 785
          786 787 788 789 790 791
          792 793 794 795 796 797
          798 799 800 801 802 803
          804 805 806 807 808 809
          810 811 812 813 814 815
          816 817 818 819 820 821
          822 823 824 825 826 827
          828 829 830 831 832 833
          834 835 836 837 838 839
          840 841 842 843 844 845
          846 847 848 849 850 851
          852 853 854 855 856 857
          858 859 860 861 862 863
          864 865 866 867 868 869
          870 871 872 873 874 875
          876 877 878 879 880 881
          882 883 884 885 886 887
          888 889 890 891 892 893
          894 895 896 897 898 899
          900 901 902 903 904 905
          906 907 908 909 910 911
          912 913 914 915 916 917
          918 919 920 921 922 923
          924 925 926 927 928 929
          930 931 932 933 934 935
          936 937 938 939 940 941
          942 943 944 945 946 947
          948 949 950 951 952 953
          954 955 956 957 958 959
          960 961 962 963 964 965
          966 967 968 969 970 971
          972 973 974 975 976 977
          978 979 980 981 982 983
          984 985 986 987 988 989
          990 991 992 993 994 995
          996 997 998 999 1000 1001
          1002 1003 1004 1005 1006 1007
          1008 1009 1010 1011 1012 1013
          1014 1015 1016 1017 1018 1019
          1020 1021 1022 1023 1024 1025
          1026 1027 1028 1029 1030 1031
          1032 1033 1034 1035 1036 1037
          1038 1039 1040 1041 1042 1043
          1044 1045 1046 1047 1048 1049
          1050 1051 1052 1053 1054 1055
          1056 1057 1058 1059 1060 1061
          1062 1063 1064 1065 1066 1067
          1068 1069 1070 1071 1072 1073
          1074 1075 1076 1077 1078 1079
          1080 1081 1082 1083 1084 1085
          1086 1087 1088 1089 1090 1091
          1092 1093 1094 1095 1096 1097
          1098 1099 1100 1101 1102 1103
          1104 1105 1106 1107 1108 1109
          1110 1111 1112 1113 1114 1115
          1116 1117 1118 1119 1120 1121
          1122 1123 1124 1125 1126 1127
          1128 1129 1130 1131 1132 1133
          1134 1135 1136 1137 1138 1139
          1140 1141 1142 1143 1144 1145
          1146 1147 1148 1149 1150 1151
          1152 1153 1154 1155 1156 1157
          1158 1159 1160 1161 1162 1163
          1164 1165 1166 1167 1168 1169
          1170 1171 1172 1173 1174 1175
          1176 1177 1178 1179 1180 1181
          1182 1183 1184 1185 1186 1187
          1188 1189 1190 1191 1192 1193
          1194 1195 1196 1197 1198 1199
          1200 1201 1202 1203 1204 1205
          1206 1207 1208 1209 1210 1211
          1212 1213 1214 1215 1216 1217
          1218 1219 1220 1221 1222 1223
          1224 1225 1226 1227 1228 1229
          1230 1231 1232 1233 1234 1235
          1236 1237 1238 1239 1240 1241
          1242 1243 1244 1245 1246 1247
          1248 1249 1250 1251 1252 1253
          1254 1255 1256 1257 1258 1259
          1260 1261 1262 1263 1264 1265
          1266 1267 1268 1269 1270 1271
          1272 1273 1274 1275 1276 1277
          1278 1279 1280 1281 1282 1283
          1284 1285 1286 1287 1288 1289
          1290 1291 1292 1293 1294 1295
          1296 1297 1298 1299 1300 1301
          1302 1303 1304 1305 1306 1307
          1308 1309 1310 1311 1312 1313
          1314 1315 1316 1317 1318 1319
          1320 1321 1322 1323 1324 1325
          1326 1327 1328 1329 1330 1331
          1332 1333 1334 1335 1336 1337
          1338 1339 1340 1341 1342 1343
          1344 1345 1346 1347 1348 1349
          1350 1351 1352 1353 1354 1355
          1356 1357 1358 1359 1360 1361
          1362 1363 1364 1365 1366 1367
          1368 1369 1370 1371 1372 1373
          1374 1375 1376 1377 1378 1379
          1380 1381 1382 1383 1384 1385
          1386 1387 1388 1389 1390 1391
          1392 1393 1394 1395 1396 1397
          1398 1399 1400 1401 1402 1403
          1404 1405 1406 1407 1408 1409
          1410 1411 1412 1413 1414 1415
          1416 1417 1418 1419 1420 1421
          1422 1423 1424 1425 1426 1427
          1428 1429 1430 1431 1432 1433
          1434 1435 1436 1437 1438 1439
          1440 1441 1442 1443 1444 1445
          1446 1447 1448 1449 1450 1451
          1452 1453 1454 1455 1456 1457
          1458 1459 1460 1461 1462 1463
          1464 1465 1466 1467 1468 1469
          1470 1471 1472 1473 1474 1475
          1476 1477 1478 1479 1480 1481
          1482 1483 1484 1485 1486 1487
          1488 1489 1490 1491 1492 1493
          1494 1495 1496 1497 1498 1499
          1500 1501 1502 1503 1504 1505
          1506 1507 1508 1509 1510 1511
          1512 1513 1514 1515 1516 1517
          1518 1519 1520 1521 1522 1523
          1524 1525 1526 1527 1528 1529
          1530 1531 1532 1533 1534 1535
          1536 1537 1538 1539 1540 1541
          1542 1543 1544 1545 1546 1547
          1548 1549 1550 1551 1552 1553
          1554 1555 1556 1557 1558 1559
          1560 1561 1562 1563 1564 1565
          1566 1567 1568 1569 1570 1571
          1572 1573 1574 1575 1576 1577
          1578 1579 1580 1581 1582 1583
          1584 1585 1586 1587 1588 1589
          1590 1591 1592 1593 1594 1595
          1596 1597 1598 1599 1600 1601
          1602 1603 1604 1605 1606 1607
          1608 1609 1610 1611 1612 1613
          1614 1615 1616 1617 1618 1619
          1620 1621 1622 1623 1624 1625
          1626 1627 1628 1629 1630 1631
          1632 1633 1634 1635 1636 1637
          1638 1639 1640 1641 1642 1643
          1644 1645 1646 1647 1648 1649
          1650 1651 1652 1653 1654 1655
          1656 1657 1658 1659 1660 1661
          1662 1663 1664 1665 1666 1667
          1668 1669 1670 1671 1672 1673
          1674 1675 1676 1677 1678 1679
          1680 1681 1682 1683 1684 1685
          1686 1687 1688 1689 1690 1691
          1692 1693 1694 1695 1696 1697
          1698 1699 1700 1701 1702 1703
          1704 1705 1706 1707 1708 1709
          1710 1711 1712 1713 1714 1715
          1716 1717 1718 1719 1720 1721
          1722 1723 1724 1725 1726 1727
          1728 1729 1730 1731 1732 1733
          1734 1735 1736 1737 1738 1739
          1740 1741 1742 1743 1744 1745
          1746 1747 1748 1749 1750 1751
          1752 1753 1754 1755 1756 1757
          1758 1759 1760 1761 1762 1763
          1764 1765 1766 1767 1768 1769
          1770 1771 1772 1773 1774 1775
          1776 1777 1778 1779 1780 1781
          1782 1783 1784 1785 1786 1787
          1788 1789 1790 1791 1792 1793
          1794 1795 1796 1797 1798 1799
          1800 1801 1802 1803 1804 1805
          1806 1807 1808 1809 1810 1811
          1812 1813 1814 1815 1816 1817
          1818 1819 1820 1821 1822 1823
          1824 1825 1826 1827 1828 1829
          1830 1831 1832 1833 1834 1835
          1836 1837 1838 1839 1840 1841
          1842 1843 1844 1845 1846 1847
          1848 1849 1850 1851 1852 1853
          1854 1855 1856 1857 1858 1859
          1860 1861 1862 1863 1864 1865
          1866 1867 1868 1869 1870 1871
          1872 1873 1874 1875 1876 1877
          1878 1879 1880 1881 1882 1883
          1884 1885 1886 1887 1888 1889
          1890 1891 1892 1893 1894 1895
          1896 1897 1898 1899 1900 1901
          1902 1903 1904 1905 1906 1907
          1908 1909 1910 1911 1912 1913
          1914 1915 1916 1917 1918 1919
          1920 1921 1922 1923 1924 1925
          1926 1927 1928 1929 1930 1931
          1932 1933 1934 1935 1936 1937
          1938 1939 1940 1941 1942 1943
          1944 1945 1946 1947 1948 1949
          1950 1951 1952 1953 1954 1955
          1956 1957 1958 1959 1960 1961
          1962 1963 1964 1965 1966 1967
          1968 1969 1970 1971 1972 1973
          1974 1975 1976 1977 1978 1979
          1980 1981 1982 1983 1984 1985
          1986 1987 1988 1989 1990 1991
          1992 1993 1994 1995 1996 1997
          1998 1999 2000 2001 2002 2003
          2004 2005 2006 2007 2008 2009
          2010 2011 2012 2013 2014 2015
          2016 2017 2018 2019 2020 2021
          2022 2023 2024 2025 2026 2027
          2028 2029 2030 2031 2032 2033
          2034 2035 2036 2037 2038 2039
          2040 2041 2042 2043 2044 2045
          2046 2047 2048 2049 2050 2051
          2052 2053 2054 2055 2056 2057
          2058 2059
        </DataArray>
        <DataArray type="Int64" Name="offsets" format="ascii" RangeMin="1" RangeMax="2060">
          1 2 3 4 5 6
          7 8 9 10 11 12
          13 14 15 16 17 18
          19 20 21 22 23 24
          25 26 27 28 29 30
          31 32 33 34 35 36
          37 38 39 40 41 42
          43 44 45 46 47 48
          49 50 51 52 53 54
          55 56 57 58 59 60
          61 62 63 64 65 66
          67 68 69 70 71 72
          73 74 75 76 77 78
          79 80 81 82 83 84
          85 86 87 88 89 90
          91 92 93 94 95 96
          97 98 99 100 101 102
          103 104 105 106 107 108
          109 110 111 112 113 114
          115 116 117 118 119 120
          121 122 123 124 125 126
          127 128 129 130 131 132
          133 134 135 136 137 138
          139 140 141 142 143 144
          145 146 147 148 149 150
          151 152 153 154 155 156
          157 158 159 160 161 162
          163 164 165 166 167 168
          169 170 171 172 173 174
          175 176 177 178 179 180
          181 182 183 184 185 186
          187 188 189 190 191 192
          193 194 195 196 197 198
          199 200 201 202 203 204
          205 206 207 208 209 210
          211 212 213 214 215 216
          217 218 219 220 221 222
          223 224 225 226 227 228
          229 230 231 232 233 234
          235 236 237 238 239 240
          241 242 243 244 245 246
          247 248 249 250 251 252
          253 254 255 256 257 258
          259 260 261 262 263 264
          265 266 267 268 269 270
          271 272 273 274 275 276
          277 278 279 280 281 282
          283 284 285 286 287 288
          289 290 291 292 293 294
          295 296 297 298 299 300
          301 302 303 304 305 306
          307 308 309 310 311 312
          313 314 315 316 317 318
          319 320 321 322 323 324
          325 326 327 328 329 330
          331 332 333 334 335 336
          337 338 339 340 341 342
          343 344 345 346 347 348
          349 350 351 352 353 354
          355 356 357 358 359 360
          361 362 363 364 365 366
          367 368 369 370 371 372
          373 374 375 376 377 378
          379 380 381 382 383 384
          385 386 387 388 389 390
          391 392 393 394 395 396
          397 398 399 400 401 402
          403 404 405 406 407 408
          409 410 411 412 413 414
          415 416 417 418 419 420
          421 422 423 424 425 426
          427 428 429 430 431 432
          433 434 435 436 437 438
          439 440 441 442 443 444
          445 446 447 448 449 450
          451 452 453 454 455 456
          457 458 459 460 461 462
          463 464 465 466 467 468
          469 470 471 472 473 474
          475 476 477 478 479 480
          481 482 483 484 485 486
          487 488 489 490 491 492
          493 494 495 496 497 498
          499 500 501 502 503 504
          505 506 507 508 509 510
          511 512 513 514 515 516
          517 518 519 520 521 522
          523 524 525 526 527 528
          529 530 531 532 533 534
          535 536 537 538 539 540
          541 542 543 544 545 546
          547 548 549 550 551 552
          553 554 555 556 557 558
          559 560 561 562 563 564
          565 566 567 568 569 570
          571 572 573 574 575 576
          577 578 579 580 581 582
          583 584 585 586 587 588
          589 590 591 592 593 594
          595 596 597 598 599 600
          601 602 603 604 605 606
          607 608 609 610 611 612
          613 614 615 616 617 618
          619 620 621 622 623 624
          625 626 627 628 629 630
          631 632 633 634 635 636
          637 638 639 640 641 642
          643 644 645 646 647 648
          649 650 651 652 653 654
          655 656 657 658 659 660
          661 662 663 664 665 666
          667 668 669 670 671 672
          673 674 675 676 677 678
          679 680 681 682 683 684
          685 686 687 688 689 690
          691 692 693 694 695 696
          697 698 699 700 701 702
          703 704 705 706 707 708
          709 710 711 712 713 714
          715 716 717 718 719 720
          721 722 723 724 725 726
          727 728 729 730 731 732
          733 734 735 736 737 738
          739 740 741 742 743 744
          745 746 747 748 749 750
          751 752 753 754 755 756
          757 758 759 760 761 762
          763 764 765 766 767 768
          769 770 771 772 773 774
          775 776 777 778 779 780
          781 782 783 784 785 786
          787 788 789 790 791 792
          793 794 795 796 797 798
          799 800 801 802 803 804
          805 806 807 808 809 810
          811 812 813 814 815 816
          817 818 819 820 821 822
          823 824 825 826 827 828
          829 830 831 832 833 834
          835 836 837 838 839 840
          841 842 843 844 845 846
          847 848 849 850 851 852
          853 854 855 856 857 858
          859 860 861 862 863 864
          865 866 867 868 869 870
          871 872 873 874 875 876
          877 878 879 880 881 882
          883 884 885 886 887 888
          889 890 891 892 893 894
          895 896 897 898 899 900
          901 902 903 904 905 906
          907 908 909 910 911 912
          913 914 915 916 917 918
          919 920 921 922 923 924
          925 926 927 928 929 930
          931 932 933 934 935 936
          937 938 939 940 941 942
          943 944 945 946 947 948
          949 950 951 952 953 954
          955 956 957 958 959 960
          961 962 963 964 965 966
          967 968 969 970 971 972
          973 974 975 976 977 978
          979 980 981 982 983 984
          985 986 987 988 989 990
          991 992 993 994 995 996
          997 998 999 1000 1001 1002
          1003 1004 1005 1006 1007 1008
          1009 1010 1011 1012 1013 1014
          1015 1016 1017 1018 1019 1020
          1021 1022 1023 1024 1025 1026
          1027 1028 1029 1030 1031 1032
          1033 1034 1035 1036 1037 1038
          1039 1040 1041 1042 1043 1044
          1045 1046 1047 1048 1049 1050
          1051 1052 1053 1054 1055 1056
          1057 1058 1059 1060 1061 1062
          1063 1064 1065 1066 1067 1068
          1069 1070 1071 1072 1073 1074
          1075 1076 1077 1078 1079 1080
          1081 1082 1083 1084 1085 1086
          1087 1088 1089 1090 1091 1092
          1093 1094 1095 1096 1097 1098
          1099 1100 1101 1102 1103 1104
          1105 1106 1107 1108 1109 1110
          1111 1112 1113 1114 1115 1116
          1117 1118 1119 1120 1121 1122
          1123 1124 1125 1126 1127 1128
          1129 1130 1131 1132 1133 1134
          1135 1136 1137 1138 1139 1140
          1141 1142 1143 1144 1145 1146
          1147 1148 1149 1150 1151 1152
          1153 1154 1155 1156 1157 1158
          1159 1160 1161 1162 1163 1164
          1165 1166 1167 1168 1169 1170
          1171 1172 1173 1174 1175 1176
          1177 1178 1179 1180 1181 1182
          1183 1184 1185 1186 1187 1188
          1189 1190 1191 1192 1193 1194
          1195 1196 1197 1198 1199 1200
          1201 1202 1203 1204 1205 1206
          1207 1208 1209 1210 1211 1212
          1213 1214 1215 1216 1217 1218
          1219 1220 1221 1222 1223 1224
          1225 1226 1227 1228 1229 1230
          1231 1232 1233 1234 1235 1236
          1237 1238 1239 1240 1241 1242
          1243 1244 1245 1246 1247 1248
          1249 1250 1251 1252 1253 1254
          1255 1256 1257 1258 1259 1260
          1261 1262 1263 1264 1265 1266
          1267 1268 1269 1270 1271 1272
          1273 1274 1275 1276 1277 1278
          1279 1280 1281 1282 1283 1284
          1285 1286 1287 1288 1289 1290
          1291 1292 1293 1294 1295 1296
          1297 1298 1299 1300 1301 1302
          1303 1304 1305 1306 1307 1308
          1309 1310 1311 1312 1313 1314
          1315 1316 1317 1318 1319 1320
          1321 1322 1323 1324 1325 1326
          1327 1328 1329 1330 1331 1332
          1333 1334 1335 1336 1337 1338
          1339 1340 1341 1342 1343 1344
          1345 1346 1347 1348 1349 1350
          1351 1352 1353 1354 1355 1356
          1357 1358 1359 1360 1361 1362
          1363 1364 1365 1366 1367 1368
          1369 1370 1371 1372 1373 1374
          1375 1376 1377 1378 1379 1380
          1381 1382 1383 1384 1385 1386
          1387 1388 1389 1390 1391 1392
          1393 1394 1395 1396 1397 1398
          1399 1400 1401 1402 1403 1404
          1405 1406 1407 1408 1409 1410
          1411 1412 1413 1414 1415 1416
          1417 1418 1419 1420 1421 1422
          1423 1424 1425 1426 1427 1428
          1429 1430 1431 1432 1433 1434
          1435 1436 1437 1438 1439 1440
          1441 1442 1443 1444 1445 1446
          1447 1448 1449 1450 1451 1452
          1453 1454 1455 1456 1457 1458
          1459 1460 1461 1462 1463 1464
          1465 1466 1467 1468 1469 1470
          1471 1472 1473 1474 1475 1476
          1477 1478 1479 1480 1481 1482
          1483 1484 1485 1486 1487 1488
          1489 1490 1491 1492 1493 1494
          1495 1496 1497 1498 1499 1500
          1501 1502 1503 1504 1505 1506
          1507 1508 1509 1510 1511 1512
          1513 1514 1515 1516 1517 1518
          1519 1520 1521 1522 1523 1524
          1525 1526 1527 1528 1529 1530
          1531 1532 1533 1534 1535 1536
          1537 1538 1539 1540 1541 1542
          1543 1544 1545 1546 1547 1548
          1549 1550 1551 1552 1553 1554
          1555 1556 1557 1558 1559 1560
          1561 1562 1563 1564 1565 1566
          1567 1568 1569 1570 1571 1572
          1573 1574 1575 1576 1577 1578
          1579 1580 1581 1582 1583 1584
          1585 1586 1587 1588 1589 1590
          1591 1592 1593 1594 1595 1596
          1597 1598 1599 1600 1601 1602
          1603 1604 1605 1606 1607 1608
          1609 1610 1611 1612 1613 1614
          1615 1616 1617 1618 1619 1620
          1621 1622 1623 1624 1625 1626
          1627 1628 1629 1630 1631 1632
          1633 1634 1635 1636 1637 1638
          1639 1640 1641 1642 1643 1644
          1645 1646 1647 1648 1649 1650
          1651 1652 1653 1654 1655 1656
          1657 1658 1659 1660 1661 1662
          1663 1664 1665 1666 1667 1668
          1669 1670 1671 1672 1673 1674
          1675 1676 1677 1678 1679 1680
          1681 1682 1683 1684 1685 1686
          1687 1688 1689 1690 1691 1692
          1693 1694 1695 1696 1697 1698
          1699 1700 1701 1702 1703 1704
          1705 1706 1707 1708 1709 1710
          1711 1712 1713 1714 1715 1716
          1717 1718 1719 1720 1721 1722
          1723 1724 1725 1726 1727 1728
          1729 1730 1731 1732 1733 1734
          1735 1736 1737 1738 1739 1740
          1741 1742 1743 1744 1745 1746
          1747 1748 1749 1750 1751 1752
          1753 1754 1755 1756 1757 1758
          1759 1760 1761 1762 1763 1764
          1765 1766 1767 1768 1769 1770
          1771 1772 1773 1774 1775 1776
          1777 1778 1779 1780 1781 1782
          1783 1784 1785 1786 1787 1788
          1789 1790 1791 1792 1793 1794
          1795 1796 1797 1798 1799 1800
          1801 1802 1803 1804 1805 1806
          1807 1808 1809 1810 1811 1812
          1813 1814 1815 1816 1817 1818
          1819 1820 1821 1822 1823 1824
          1825 1826 1827 1828 1829 1830
          1831 1832 1833 1834 1835 1836
          1837 1838 1839 1840 1841 1842
          1843 1844 1845 1846 1847 1848
          1849 1850 1851 1852 1853 1854
          1855 1856 1857 1858 1859 1860
          1861 1862 1863 1864 1865 1866
          1867 1868 1869 1870 1871 1872
          1873 1874 1875 1876 1877 1878
          1879 1880 1881 1882 1883 1884
          1885 1886 1887 1888 1889 1890
          1891 1892 1893 1894 1895 1896
          1897 1898 1899 1900 1901 1902
          1903 1904 1905 1906 1907 1908
          1909 1910 1911 1912 1913 1914
          1915 1916 1917 1918 1919 1920
          1921 1922 1923 1924 1925 1926
          1927 1928 1929 1930 1931 1932
          1933 1934 1935 1936 1937 1938
          1939 1940 1941 1942 1943 1944
          1945 1946 1947 1948 1949 1950
          1951 1952 1953 1954 1955 1956
          1957 1958 1959 1960 1961 1962
          1963 1964 1965 1966 1967 1968
          1969 1970 1971 1972 1973 1974
          1975 1976 1977 1978 1979 1980
          1981 1982 1983 1984 1985 1986
          1987 1988 1989 1990 1991 1992
          1993 1994 1995 1996 1997 1998
          1999 2000 2001 2002 2003 2004
          2005 2006 2007 2008 2009 2010
          2011 2012 2013 2014 2015 2016
          2017 2018 2019 2020 2021 2022
          2023 2024 2025 2026 2027 2028
          2029 2030 2031 2032 2033 2034
          2035 2036 2037 2038 2039 2040
          2041 2042 2043 2044 2045 2046
          2047 2048 2049 2050 2051 2052
          2053 2054 2055 2056 2057 2058
          2059 2060
        </DataArray>
        <DataArray type="UInt8" Name="types" format="ascii" RangeMin="1" RangeMax="1">
          1 1 1 1 1 1
          1 1 1 1 1 1
          1 1 1 1 1 1
          1 1 1 1 1 1
          1 1 1 1 1 1
          1 1 1 1 1 1
          1 1 1 1 1 1
          1 1 1 1 1 1
          1 1 1 1 1 1
          1 1 1 1 1 1
          1 1 1 1 1 1
          1 1 1 1 1 1
          1 1 1 1 1 1
          1 1 1 1 1 1
          1 1 1 1 1 1
          1 1 1 1 1 1
          1 1 1 1 1 1
          1 1 1 1 1 1
          1 1 1 1 1 1
          1 1 1 1 1 1
          1 1 1 1 1 1
          1 1 1 1 1 1
          1 1 1 1 1 1
          1 1 1 1 1 1
          1 1 1 1 1 1
          1 1 1 1 1 1
          1 1 1 1 1 1
          1 1 1 1 1 1
          1 1 1 1 1 1
          1 1 1 1 1 1
          1 1 1 1 1 1
          1 1 1 1 1 1
          1 1 1 1 1 1
          1 1 1 1 1 1
          1 1 1 1 1 1
          1 1 1 1 1 1
          1 1 1 1 1 1
          1 1 1 1 1 1
          1 1 1 1 1 1
          1 1 1 1 1 1
          1 1 1 1 1 1
          1 1 1 1 1 1
          1 1 1 1 1 1
          1 1 1 1 1 1
          1 1 1 1 1 1
          1 1 1 1 1 1
          1 1 1 1 1 1
          1 1 1 1 1 1
          1 1 1 1 1 1
          1 1 1 1 1 1
          1 1 1 1 1 1
          1 1 1 1 1 1
          1 1 1 1 1 1
          1 1 1 1 1 1
          1 1 1 1 1 1
          1 1 1 1 1 1
          1 1 1 1 1 1
          1 1 1 1 1 1
          1 1 1 1 1 1
          1 1 1 1 1 1
          1 1 1 1 1 1
          1 1 1 1 1 1
          1 1 1 1 1 1
          1 1 1 1 1 1
          1 1 1 1 1 1
          1 1 1 1 1 1
          1 1 1 1 1 1
          1 1 1 1 1 1
          1 1 1 1 1 1
          1 1 1 1 1 1
          1 1 1 1 1 1
          1 1 1 1 1 1
          1 1 1 1 1 1
          1 1 1 1 1 1
          1 1 1 1 1 1
          1 1 1 1 1 1
          1 1 1 1 1 1
          1 1 1 1 1 1
          1 1 1 1 1 1
          1 1 1 1 1 1
          1 1 1 1 1 1
          1 1 1 1 1 1
          1 1 1 1 1 1
          1 1 1 1 1 1
          1 1 1 1 1 1
          1 1 1 1 1 1
          1 1 1 1 1 1
          1 1 1 1 1 1
          1 1 1 1 1 1
          1 1 1 1 1 1
          1 1 1 1 1 1
          1 1 1 1 1 1
          1 1 1 1 1 1
          1 1 1 1 1 1
          1 1 1 1 1 1
          1 1 1 1 1 1
          1 1 1 1 1 1
          1 1 1 1 1 1
          1 1 1 1 1 1
          1 1 1 1 1 1
          1 1 1 1 1 1
          1 1 1 1 1 1
          1 1 1 1 1 1
          1 1 1 1 1 1
          1 1 1 1 1 1
          1 1 1 1 1 1
          1 1 1 1 1 1
          1 1 1 1 1 1
          1 1 1 1 1 1
          1 1 1 1 1 1
          1 1 1 1 1 1
          1 1 1 1 1 1
          1 1 1 1 1 1
          1 1 1 1 1 1
          1 1 1 1 1 1
          1 1 1 1 1 1
          1 1 1 1 1 1
          1 1 1 1 1 1
          1 1 1 1 1 1
          1 1 1 1 1 1
          1 1 1 1 1 1
          1 1 1 1 1 1
          1 1 1 1 1 1
          1 1 1 1 1 1
          1 1 1 1 1 1
          1 1 1 1 1 1
          1 1 1 1 1 1
          1 1 1 1 1 1
          1 1 1 1 1 1
          1 1 1 1 1 1
          1 1 1 1 1 1
          1 1 1 1 1 1
          1 1 1 1 1 1
          1 1 1 1 1 1
          1 1 1 1 1 1
          1 1 1 1 1 1
          1 1 1 1 1 1
          1 1 1 1 1 1
          1 1 1 1 1 1
          1 1 1 1 1 1
          1 1 1 1 1 1
          1 1 1 1 1 1
          1 1 1 1 1 1
          1 1 1 1 1 1
          1 1 1 1 1 1
          1 1 1 1 1 1
          1 1 1 1 1 1
          1 1 1 1 1 1
          1 1 1 1 1 1
          1 1 1 1 1 1
          1 1 1 1 1 1
          1 1 1 1 1 1
          1 1 1 1 1 1
          1 1 1 1 1 1
          1 1 1 1 1 1
          1 1 1 1 1 1
          1 1 1 1 1 1
          1 1 1 1 1 1
          1 1 1 1 1 1
          1 1 1 1 1 1
          1 1 1 1 1 1
          1 1 1 1 1 1
          1 1 1 1 1 1
          1 1 1 1 1 1
          1 1 1 1 1 1
          1 1 1 1 1 1
          1 1 1 1 1 1
          1 1 1 1 1 1
          1 1 1 1 1 1
          1 1 1 1 1 1
          1 1 1 1 1 1
          1 1 1 1 1 1
          1 1 1 1 1 1
          1 1 1 1 1 1
          1 1 1 1 1 1
          1 1 1 1 1 1
          1 1 1 1 1 1
          1 1 1 1 1 1
          1 1 1 1 1 1
          1 1 1 1 1 1
          1 1 1 1 1 1
          1 1 1 1 1 1
          1 1 1 1 1 1
          1 1 1 1 1 1
          1 1 1 1 1 1
          1 1 1 1 1 1
          1 1 1 1 1 1
          1 1 1 1 1 1
          1 1 1 1 1 1
          1 1 1 1 1 1
          1 1 1 1 1 1
          1 1 1 1 1 1
          1 1 1 1 1 1
          1 1 1 1 1 1
          1 1 1 1 1 1
          1 1 1 1 1 1
          1 1 1 1 1 1
          1 1 1 1 1 1
          1 1 1 1 1 1
          1 1 1 1 1 1
          1 1 1 1 1 1
          1 1 1 1 1 1
          1 1 1 1 1 1
          1 1 1 1 1 1
          1 1 1 1 1 1
          1 1 1 1 1 1
          1 1 1 1 1 1
          1 1 1 1 1 1
          1 1 1 1 1 1
          1 1 1 1 1 1
          1 1 1 1 1 1
          1 1 1 1 1 1
          1 1 1 1 1 1
          1 1 1 1 1 1
          1 1 1 1 1 1
          1 1 1 1 1 1
          1 1 1 1 1 1
          1 1 1 1 1 1
          1 1 1 1 1 1
          1 1 1 1 1 1
          1 1 1 1 1 1
          1 1 1 1 1 1
          1 1 1 1 1 1
          1 1 1 1 1 1
          1 1 1 1 1 1
          1 1 1 1 1 1
          1 1 1 1 1 1
          1 1 1 1 1 1
          1 1 1 1 1 1
          1 1 1 1 1 1
          1 1 1 1 1 1
          1 1 1 1 1 1
          1 1 1 1 1 1
          1 1 1 1 1 1
          1 1 1 1 1 1
          1 1 1 1 1 1
          1 1 1 1 1 1
          1 1 1 1 1 1
          1 1 1 1 1 1
          1 1 1 1 1 1
          1 1 1 1 1 1
          1 1 1 1 1 1
          1 1 1 1 1 1
          1 1 1 1 1 1
          1 1 1 1 1 1
          1 1 1 1 1 1
          1 1 1 1 1 1
          1 1 1 1 1 1
          1 1 1 1 1 1
          1 1 1 1 1 1
          1 1 1 1 1 1
          1 1 1 1 1 1
          1 1 1 1 1 1
          1 1 1 1 1 1
          1 1 1 1 1 1
          1 1 1 1 1 1
          1 1 1 1 1 1
          1 1 1 1 1 1
          1 1 1 1 1 1
          1 1 1 1 1 1
          1 1 1 1 1 1
          1 1 1 1 1 1
          1 1 1 1 1 1
          1 1 1 1 1 1
          1 1 1 1 1 1
          1 1 1 1 1 1
          1 1 1 1 1 1
          1 1 1 1 1 1
          1 1 1 1 1 1
          1 1 1 1 1 1
          1 1 1 1 1 1
          1 1 1 1 1 1
          1 1 1 1 1 1
          1 1 1 1 1 1
          1 1 1 1 1 1
          1 1 1 1 1 1
          1 1 1 1 1 1
          1 1 1 1 1 1
          1 1 1 1 1 1
          1 1 1 1 1 1
          1 1 1 1 1 1
          1 1 1 1 1 1
          1 1 1 1 1 1
          1 1 1 1 1 1
          1 1 1 1 1 1
          1 1 1 1 1 1
          1 1 1 1 1 1
          1 1 1 1 1 1
          1 1 1 1 1 1
          1 1 1 1 1 1
          1 1 1 1 1 1
          1 1 1 1 1 1
          1 1 1 1 1 1
          1 1 1 1 1 1
          1 1 1 1 1 1
          1 1 1 1 1 1
          1 1 1 1 1 1
          1 1 1 1 1 1
          1 1 1 1 1 1
          1 1 1 1 1 1
          1 1 1 1 1 1
          1 1 1 1 1 1
          1 1 1 1 1 1
          1 1 1 1 1 1
          1 1 1 1 1 1
          1 1 1 1 1 1
          1 1 1 1 1 1
          1 1 1 1 1 1
          1 1 1 1 1 1
          1 1 1 1 1 1
          1 1 1 1 1 1
          1 1 1 1 1 1
          1 1 1 1 1 1
          1 1 1 1 1 1
          1 1 1 1 1 1
          1 1 1 1 1 1
          1 1 1 1 1 1
          1 1 1 1 1 1
          1 1 1 1 1 1
          1 1 1 1 1 1
          1 1 1 1 1 1
          1 1 1 1 1 1
          1 1 1 1 1 1
          1 1 1 1 1 1
          1 1 1 1 1 1
          1 1 1 1 1 1
          1 1 1 1 1 1
          1 1 1 1 1 1
          1 1 1 1 1 1
          1 1 1 1 1 1
          1 1 1 1 1 1
          1 1 1 1 1 1
          1 1 1 1 1 1
          1 1 1 1 1 1
          1 1 1 1 1 1
          1 1 1 1 1 1
          1 1 1 1 1 1
          1 1 1 1 1 1
          1 1 1 1 1 1
          1 1 1 1 1 1
          1 1 1 1 1 1
          1 1 1 1 1 1
          1 1 1 1 1 1
          1 1
        </DataArray>
      </Cells>
    </Piece>
  </UnstructuredGrid>
</VTKFile>
