<VTKFile type="UnstructuredGrid" version="0.1" byte_order="LittleEndian" header_type="UInt32" compressor="vtkZLibDataCompressor">
  <UnstructuredGrid>
    <Piece NumberOfPoints="2060" NumberOfCells="2059">
      <PointData>
        <DataArray type="Float32" Name="Scalar" format="ascii" RangeMin="0.10833412408828735" RangeMax="26.120901107788086">
          0.108334124 1.6671019 0.21253558 0.6582476 0.30792513 2.0683978
          0.3409364 6.8121085 0.34706834 1.2844893 0.36020663 3.393163
          0.39350662 1.1987817 0.41452008 2.2761445 0.41642913 1.1307412
          0.42468983 0.44877484 0.45491263 2.05106 0.45735282 0.5002501
          1.5298501 0.51169914 1.8118767 0.5416164 1.5088089 0.55044353
          1.5406073 0.5558558 1.2178122 0.56786877 0.7352638 0.5971172
          2.899474 0.6640545 1.7052574 0.6785137 1.8545579 0.6987709
          1.2618077 0.70896775 0.7101239 1.7575029 1.1468958 0.75609154
          3.4453886 0.81369036 1.3871379 0.8545121 0.9852502 0.85456115
          2.2231188 0.880473 1.8986182 0.8993681 1.7924566 0.9036971
          0.91464657 1.8811717 0.93209 2.618643 0.9544893 3.3101523
          0.97719955 7.3921223 1.0094701 2.4592912 1.0139881 1.0163118
          1.943239 1.0614651 1.8849387 1.0691423 1.9769281 1.089565
          1.0922252 1.1129208 1.1151242 4.9750876 1.2771745 1.1415154
          7.417427 3.481058 1.185936 1.9960732 1.2020456 1.2027467
          3.0152068 1.241011 1.983992 1.501691 1.2864759 2.2904491
          1.3023651 1.8099785 1.3088044 1.3089149 1.3184607 1.9886247
          1.3407246 1.8622415 1.4034264 2.6227982 1.4114345 1.6028082
          1.4218149 2.419979 1.4420422 2.018092 1.4472268 2.4921658
          1.4534837 2.8218567 1.4710865 1.4820759 2.383667 1.5001305
          2.7744777 1.5020019 2.5122447 1.5197634 1.5231661 2.2937157
          2.365464 1.5343119 5.495527 2.9932206 1.5558276 2.0201206
          1.5651844 4.1812897 1.5816118 1.587743 1.6005378 3.6423626
          1.6130122 5.0753837 1.6169224 2.5204663 1.6171657 3.5900288
          1.6237247 1.6364169 2.2644362 1.6404196 1.6447892 1.8430747
          1.6465338 3.6228633 1.6554092 1.8128691 1.6787635 8.83244
          1.6841034 2.0896256 1.7124858 2.835293 1.717444 1.718198
          2.327928 1.7295127 2.1866767 1.7587798 5.111394 1.7649434
          1.7784483 1.7881713 1.9617857 2.5867312 1.8039435 2.1149194
          1.82605 3.993701 1.8402948 1.8441424 2.8894322 1.8460325
          1.8528094 1.8567148 2.1013296 2.4392362 1.8715572 4.021035
          1.8720055 7.3922057 1.8786367 2.3925464 1.8795434 3.996029
          2.9714231 1.8839724 1.8874083 4.817192 1.8883034 1.8896004
          1.8963423 2.232264 1.8963789 2.2158008 1.9169682 1.9391117
          1.9441708 2.00129 1.9660381 3.6324427 1.9742745 5.166171
          3.3808236 2.0147445 4.381345 2.0177386 3.6386888 7.6562915
          2.0199823 2.8752122 2.9652457 2.0227995 3.605301 2.0458927
          2.7587082 8.132111 2.05557 2.5315924 3.5963955 2.072866
          2.2286816 2.1216376 4.1647663 3.6293955 2.1988604 2.218659
          3.4906566 2.6051116 2.2580268 2.2612712 2.262635 4.0403905
          2.2653701 2.2664552 3.5866075 2.5809422 2.4283297 2.2950416
          2.6248658 2.3040736 5.176964 2.3281639 2.3291116 2.6324255
          2.3652024 2.6995146 2.3692405 3.4417193 2.3827085 2.8971577
          2.416612 2.418688 3.7072208 2.6038651 4.110632 2.450821
          2.4559329 2.5251772 2.4580574 2.90109 4.38138 2.4606001
          2.4675884 5.667572 2.4793613 3.8772464 2.4840417 2.4886732
          2.5006387 2.513674 2.8113062 2.5175445 4.250356 2.895652
          2.5258737 3.139422 2.529583 2.5517938 2.5520618 2.554996
          2.555446 3.8082333 2.5648136 4.587955 2.5806832 3.2461758
          2.5914056 3.017107 2.5960355 3.216389 2.7122803 2.6040113
          2.958739 2.9020634 2.6078384 4.3572526 2.620262 5.323452
          4.5953918 5.262767 2.6441934 2.6506412 4.2239175 2.6562774
          3.323607 2.66334 3.290598 2.6634974 3.5077837 2.692321
          4.4337873 4.408131 2.878389 2.7411158 2.752868 5.153211
          2.7546184 3.1264098 2.7632153 2.7808511 3.12687 3.961233
          2.8452528 2.8551579 2.8632114 3.1365614 3.389805 2.88548
          3.822711 3.7666023 2.9250886 3.9717848 2.9262304 3.2151096
          2.9284377 2.9359312 4.915625 2.9567246 3.7542536 3.496988
          2.9778116 3.2657228 2.9817648 4.779294 2.9870036 4.8280745
          2.9975812 3.75904 3.0029075 3.4609544 3.0224104 4.279755
          3.0655344 3.1085458 3.8317482 3.6433227 3.127208 3.686998
          3.4080608 3.140152 3.1469219 5.217505 3.1541245 3.1571546
          3.9967759 3.1663036 3.1695368 3.1779585 3.1793306 4.3030677
          3.1852193 3.1976912 4.457556 6.1172132 3.7988312 3.267034
          3.8805487 3.2832458 3.5155947 3.9823804 5.7360005 3.310232
          3.3130534 3.314653 4.724487 3.3192384 3.936418 3.3299298
          5.584551 3.3364537 3.339273 3.3394713 3.339915 3.6019175
          3.360712 4.5183992 3.3617811 4.20503 5.147971 3.3859835
          5.3800573 3.406619 4.0316467 3.4229171 3.4288223 4.468404
          3.4376593 4.801438 3.4391348 3.4391508 4.9303265 3.4414713
          3.8709679 4.042212 4.5010953 3.4461975 3.452632 4.7465463
          4.3802347 3.4710472 3.4733663 4.71053 5.398373 3.4923055
          4.812797 3.492493 4.7697263 3.505789 9.368794 6.238491
          3.514014 3.582797 3.5236828 5.0700254 3.525561 4.6470695
          3.5322516 3.7939036 3.5450668 3.5556812 7.1763606 3.5576694
          4.3734326 5.436216 5.984537 3.5990782 4.528997 4.6877246
          3.6031902 4.135742 5.163405 3.6351187 5.589602 3.6355543
          3.9987574 3.6625178 4.270772 3.6641903 3.7839973 3.678652
          3.6973622 3.712066 3.9003174 3.7129047 3.7185717 3.9920998
          3.7216613 3.7355301 4.839011 3.7442684 3.744411 4.527772
          3.7479777 4.33763 3.7590346 5.0049944 4.49941 3.7794068
          6.0005417 3.981025 3.8049402 3.8093538 5.110315 4.47974
          3.8479493 5.804964 3.8679729 4.6578155 4.7287807 3.8771873
          4.642213 4.1540623 4.46828 3.8843663 3.8930194 3.9130824
          3.9152796 3.9163373 3.9444404 4.585426 6.93995 3.9643974
          3.9649096 4.1141806 3.9862676 4.487564 4.8622937 4.010459
          4.0225415 4.1132703 4.0496264 6.2547884 4.050442 6.111997
          4.0724764 5.777649 4.07551 4.489692 4.079007 4.085036
          4.087993 4.270846 4.452673 4.139336 4.5336776 4.1546426
          4.189791 4.2049007 7.160109 7.2741184 4.2181196 4.9419084
          4.2367544 6.91981 4.244687 5.0129237 4.2460093 4.6367517
          4.2576056 5.1984277 4.2843227 4.289014 5.0869737 4.8202767
          4.3042235 4.3122253 4.720828 4.3231516 5.136944 4.326012
          6.190344 4.327384 6.841798 4.332126 4.3460174 4.444468
          4.361179 4.3624744 7.689849 4.3626604 5.5892444 4.6630073
          4.3859487 5.4379344 4.4143143 5.146816 4.4234195 7.397868
          4.4404545 9.94473 4.4408393 4.4424343 4.9325666 4.455448
          4.9316463 5.8258405 4.4582624 5.0199127 4.9142723 4.840821
          4.474707 4.48439 6.291708 4.6731977 4.4967294 6.717082
          8.427871 4.5033402 6.250595 4.5269504 4.5284204 5.1147075
          4.53656 4.545184 5.632138 4.545603 5.059532 4.553489
          5.9869075 4.5556555 4.9111123 4.5674644 5.1916676 4.570664
          4.572947 4.5805993 4.5810456 7.533531 7.6893725 4.5997777
          4.6087313 5.1306543 5.4131002 4.644822 4.654573 4.661047
          6.4585567 4.6665797 6.553776 6.5108466 4.70535 7.100447
          5.467277 4.7114644 5.2789836 6.629164 4.73493 5.0977354
          5.779781 4.7503114 4.7545476 5.1576667 6.65284 4.7810473
          4.8002357 4.8023086 4.8068523 9.066485 4.8111506 6.1816096
          4.8140984 7.5289645 4.8177485 5.821433 5.8909073 4.820699
          5.549662 6.2416134 4.847259 4.8570104 5.188086 6.351539
          4.8691397 6.5561495 4.8749084 4.9970293 5.364864 5.8882647
          5.721609 4.933069 4.9560657 5.131833 4.959169 5.282622
          6.247859 4.9780664 5.1619816 4.9786773 5.2203836 4.989081
          5.0058584 5.600436 5.24199 5.019402 5.3186216 5.026926
          5.3175063 5.0361276 6.2322474 5.0739975 5.475175 5.0839095
          5.093956 5.343006 5.097166 5.1032996 5.1043267 6.8673825
          5.951009 6.05962 5.119473 6.371691 5.123655 5.2896657
          5.1319847 7.749449 5.138717 5.139814 5.6374307 5.14283
          6.6712704 7.1890025 8.852575 6.6752095 5.179187 5.504722
          5.188516 5.1908536 5.195221 5.3608685 5.2131686 6.284403
          9.510393 5.227479 5.2386417 5.2582173 5.2593265 5.2614317
          8.783999 5.2718215 6.490744 6.3140445 7.1874113 6.3276396
          5.3137374 6.2569013 7.8708873 5.3244586 7.7139807 5.3253837
          5.337762 9.789777 5.3378534 5.3403115 6.4125776 5.342429
          5.761052 5.9212127 5.81605 5.3655396 6.7000566 5.3665824
          6.5448685 5.36946 6.2080584 5.398357 6.611178 5.40147
          6.3562627 7.999049 7.2401495 5.4468436 5.450499 5.467836
          6.2753363 5.892225 6.508671 5.497369 6.2363553 5.515349
          7.3804975 5.523845 5.530346 5.6434793 5.5640545 6.339471
          5.573873 5.8724036 6.348315 5.595608 6.134321 5.6022263
          5.8806443 5.6090293 6.2922597 5.6302824 5.9347515 5.6557684
          6.652312 8.917953 5.67195 6.3688393 5.6859827 6.9175744
          5.690314 5.6971917 5.6977954 5.8635936 5.840745 5.738924
          5.745295 5.7488594 5.752334 5.914959 6.4989576 5.78013
          5.780557 5.790465 6.138426 5.805243 6.3010554 5.8150725
          6.0750203 5.8307023 6.475109 5.836665 5.8450265 6.1901584
          5.850939 5.85673 7.508577 5.863062 5.8632317 5.8708334
          8.600197 8.029569 5.8849044 7.1143413 6.2363186 6.5636344
          5.9151006 5.92048 8.342059 6.2295876 5.9247346 5.929177
          6.394476 5.943012 6.6293473 5.943724 5.9475403 5.9597025
          6.213475 5.9720106 7.462041 6.2498875 6.020444 6.08884
          6.0280366 7.891929 6.0281115 6.076355 6.0285363 6.039457
          8.543706 6.0536075 6.2637234 6.0689406 6.204133 6.078545
          6.1590877 6.0810194 6.922255 6.0909977 7.107277 6.0946107
          6.0975094 6.2401032 6.1133695 6.117021 6.2929378 6.122967
          6.9755764 6.1254354 6.126767 6.871261 6.1305723 6.8756814
          6.135728 9.635078 6.1629963 6.1654816 6.1741347 7.2541757
          6.17688 6.1775675 6.803158 6.7633014 6.2247615 7.1225758
          6.2295737 6.3670807 6.455272 7.0400233 6.835993 7.622871
          6.2413564 7.353596 6.2425604 7.239629 6.2529545 7.068514
          6.7720327 7.5891557 6.257003 6.263242 6.936537 6.2843804
          6.2663374 6.497879 6.7451916 6.288468 7.1852527 7.5699596
          7.4176755 6.3062053 7.4767957 6.3122926 7.4722104 8.069251
          6.3182387 6.342009 6.628872 6.3474765 6.6290317 7.5926394
          8.120421 9.070536 6.913532 8.19079 6.398137 7.350552
          6.4142265 6.418601 6.41904 6.4327035 9.02522 6.4714932
          6.471729 6.4748483 7.377524 7.244904 6.484198 7.7148943
          6.489591 7.5217137 8.101909 7.0644484 6.5124793 8.03759
          6.523391 6.6924505 6.5324273 8.973933 6.8315578 7.7267866
          6.558772 6.5873623 7.098087 6.5998697 6.600779 6.738502
          7.237954 6.645281 7.269655 8.543015 6.656535 6.657197
          6.671265 6.7027617 6.673517 8.068238 7.8936434 6.6874895
          6.9131327 6.6942225 6.6964803 6.702066 8.179098 6.7024727
          6.8262095 8.016295 6.7151127 7.0028253 6.7154007 6.7156515
          7.7970943 7.278748 6.7202735 6.9946194 6.7358165 6.737213
          8.942895 7.367588 6.756808 6.8386254 6.760519 7.2939115
          6.764164 7.7479615 6.7740393 6.9202776 6.776716 6.7822375
          7.165002 6.7868147 6.8648815 6.7871604 6.7943773 6.8061633
          6.8110166 7.9810395 7.030385 6.8175364 6.898657 7.2900095
          6.8298388 7.1958523 6.847088 7.6920247 6.8573985 7.272272
          7.5350804 6.883052 6.8933215 7.904699 6.909875 6.912692
          7.4256635 7.2517014 6.9197774 7.724707 7.1967344 8.25019
          8.036521 6.9454055 7.21412 6.9458838 6.953396 7.179492
          6.9601855 7.657814 6.9743876 8.11845 7.3921623 6.9947567
          7.001315 7.5931087 7.0146294 7.014887 7.0174837 7.0182323
          7.021667 7.0220666 7.2041297 7.0277176 7.5018477 7.0299754
          7.0397034 7.0447016 7.049469 7.079589 7.0675683 7.0713468
          7.888168 7.077219 7.08432 7.579773 7.0855646 7.611985
          7.089242 7.105353 7.411085 7.4219484 7.1092234 7.4234586
          7.8422174 7.5024347 7.123894 7.137715 7.1468024 7.148952
          7.565254 7.1559024 7.5944157 7.3634214 7.161042 7.1674886
          7.1696315 7.4354863 7.1730466 7.175581 7.474955 7.180412
          7.1841598 7.5561447 7.3591843 8.064187 7.9089804 7.197573
          9.973624 7.199635 8.58977 7.2048106 7.4444475 7.2146463
          7.786199 7.2148457 7.6422124 7.226546 7.2342396 7.5110426
          7.241494 7.2496004 7.6633334 7.2539616 7.2594867 8.900943
          7.2749486 8.370423 7.862606 7.2887645 9.07327 7.5490093
          7.4612722 7.310405 7.318668 7.4096613 7.3194027 7.615211
          7.3197384 7.8898387 7.3210516 8.186259 7.335897 8.865237
          7.3403735 7.341345 7.3476906 7.9852095 7.3492217 7.3578873
          7.651366 7.6230965 7.360419 7.360514 7.3612103 7.3620844
          7.67577 7.364754 8.027194 7.3683424 7.992442 7.3705945
          7.724521 7.371047 7.8695893 7.3822894 7.385844 8.117976
          7.3903575 7.3904963 9.233767 8.01001 7.394502 8.133878
          7.4141564 8.153486 7.4893556 7.4190354 7.422014 7.9223294
          8.061143 7.5661077 7.4269648 7.4360185 7.6166887 7.4640036
          8.110762 7.466036 7.4717555 8.03868 7.4741507 7.475188
          9.172351 7.4800653 9.709363 7.4964786 7.5020523 8.1621
          8.062986 8.055514 8.984694 7.6727657 7.9253607 7.535477
          7.820716 7.553334 7.658377 7.693368 8.137514 7.5714846
          8.012803 7.576072 8.378825 7.775069 7.584081 7.8213973
          7.5883403 7.870202 8.095313 7.5930176 9.838408 7.598983
          8.248435 7.6034946 8.2538805 7.617838 7.619638 7.6232014
          7.62504 8.359421 8.516407 8.057225 8.970055 7.666461
          9.132832 7.7235494 7.6794524 7.682291 7.6849794 9.558266
          8.375785 8.850408 8.474912 7.738819 8.295052 7.7423105
          7.7518024 7.8931794 7.7586865 8.557128 7.771905 8.504449
          7.784623 8.143082 7.7884274 8.662059 9.228967 7.837866
          7.8467164 8.307125 7.851954 9.743106 7.969336 7.8630037
          8.526799 8.0667515 7.948466 8.723025 7.8753157 8.183462
          7.885124 8.179434 7.8910494 8.369849 9.202655 9.229991
          7.9071417 7.9285083 7.9395266 8.506918 7.9400587 7.9438033
          8.952987 8.063224 7.9549556 7.960424 9.415721 7.9809194
          7.9844117 8.223293 7.9865456 9.945359 7.9899063 8.412006
          8.948992 8.001489 8.270567 8.011676 8.525344 8.171674
          8.014662 8.424018 8.439926 8.018205 8.880023 8.029227
          8.139381 8.0321 9.239132 9.549686 9.478796 8.05191
          8.198785 8.052644 8.794046 8.149553 8.703553 8.954714
          8.067895 8.743827 8.077483 8.93668 8.081668 8.285613
          8.315508 8.095377 8.110787 8.101273 8.106789 8.590322
          8.111197 10.002164 8.67321 9.073985 8.122032 9.299518
          8.12233 8.342301 8.132421 8.594499 8.897066 8.464659
          8.159259 8.465404 8.16352 8.591064 8.738405 8.977272
          8.189371 8.477256 8.191074 9.070628 8.214485 9.036277
          8.217886 8.6512985 8.219089 8.227644 10.120371 8.233148
          8.558537 8.4771385 8.254614 8.267512 8.268902 9.005779
          8.270632 9.309025 8.281858 8.2833395 9.054201 9.234812
          8.292402 8.465049 8.299794 9.350105 8.543278 8.31219
          10.46113 8.648364 8.316821 8.317487 9.093484 9.014706
          8.342418 8.34933 8.35072 9.342625 8.353777 10.072873
          8.354815 8.355242 8.844669 8.61541 8.366601 8.368131
          8.636755 8.674945 8.372918 8.531682 8.376543 8.686182
          8.8227625 8.394243 8.734225 8.406453 8.503425 8.408334
          8.409559 8.548709 8.421174 8.422291 8.594748 8.423959
          8.588131 8.427476 9.258845 8.558454 8.431972 8.433535
          8.517776 8.444766 8.4464035 8.446727 8.4541855 8.576543
          8.455019 8.748269 8.458163 8.638763 8.719814 8.656082
          8.466018 8.784611 8.466863 8.670905 8.4737625 9.07272
          8.476328 8.477358 10.334404 8.4798975 8.504674 8.810871
          8.5146055 8.726735 8.514776 9.617548 8.517279 9.096107
          8.519966 8.958142 8.522761 8.967442 8.541964 8.699542
          8.547666 9.010044 8.904437 8.55426 9.03273 8.559551
          8.784872 8.5788 8.978406 11.074726 9.287656 8.593434
          8.835553 8.824866 8.601474 8.60191 8.616306 8.693194
          8.628688 8.640977 8.905924 8.657562 8.661291 9.244648
          8.967368 8.664706 8.666778 8.943247 9.694243 8.674414
          9.300422 8.927049 8.689475 8.690161 9.08617 8.692324
          8.736378 8.702458 9.62602 8.791239 8.717714 8.719638
          8.863354 8.735667 8.894262 8.741873 8.749919 8.835362
          8.753885 8.828092 8.760838 8.76623 8.766615 8.938197
          8.783558 9.754961 8.786695 9.365079 8.800203 8.805705
          8.807419 9.442282 8.812881 9.382896 8.826343 9.483774
          8.827359 9.057802 9.961791 8.885845 8.839081 8.839545
          8.936157 8.847367 8.848861 8.91307 8.854607 8.85463
          9.105238 10.040953 8.877521 9.259238 9.206022 9.315198
          8.908966 9.047 8.917291 9.270675 9.821084 8.987866
          8.938879 9.170941 10.168055 8.94765 9.276548 9.0794525
          8.957471 8.964052 9.046402 8.970657 8.975006 9.161652
          8.976318 8.977121 8.981602 9.934195 9.171192 8.991194
          9.814296 9.001899 9.1625595 9.006 9.339437 9.06016
          9.036095 10.415169 9.039086 9.044883 9.552248 9.061628
          9.281197 9.078324 9.874375 9.075518 10.044264 9.581529
          9.096395 9.101662 9.228807 9.943609 10.866588 9.1336775
          9.43712 9.138791 9.1800585 9.358859 9.421082 9.175668
          9.310063 9.184197 9.563053 9.188784 9.190624 9.701651
          9.199151 9.2056875 9.22256 9.773691 9.863699 9.736187
          9.421056 9.239953 9.242889 9.246375 9.246384 9.81448
          10.068127 9.267705 9.516758 9.270643 9.666035 9.477634
          9.974112 9.295923 9.5323925 9.297136 9.75041 9.52203
          9.327022 9.307844 9.711082 9.309777 11.849591 9.37168
          9.325605 9.751837 9.3304615 10.279047 9.336673 9.866632
          9.546461 9.72563 9.34691 9.353743 9.778223 9.35908
          9.539188 9.368526 9.712618 9.371636 9.568412 9.389261
          9.582169 9.390755 9.391056 9.459137 9.41623 9.77215
          9.418507 9.429283 10.232057 9.43739 11.196237 9.441976
          9.741346 9.457054 9.632202 9.4582 10.055325 9.462386
          9.466649 9.473757 10.31858 9.506598 10.341416 9.481851
          9.666973 9.491426 9.495127 9.727989 9.500762 10.082315
          9.504373 9.507124 9.967282 9.509101 9.696042 9.511375
          9.589773 9.951677 9.5186405 9.605103 9.532971 9.800156
          9.537947 9.538141 10.843686 9.834254 9.779553 9.754321
          9.567869 9.741081 9.583916 9.88384 9.629751 9.602917
          9.971894 9.6058655 10.161978 9.621849 9.625579 9.801126
          10.036878 9.631242 9.763628 9.655352 9.661415 9.966429
          9.675079 9.688801 9.741779 9.692123 9.702549 9.881037
          9.718531 9.72107 9.796001 9.739333 9.860808 9.747791
          9.803146 9.76092 10.137999 9.779931 9.888776 10.082086
          9.792258 9.794293 9.900328 10.208272 10.12918 10.07518
          10.16749 9.844791 10.007869 9.854868 10.039255 9.855672
          10.2536 9.858965 10.287564 9.859724 11.013839 10.028595
          9.866947 10.432462 9.871876 10.290178 9.887925 10.750399
          9.88969 10.303464 9.894057 9.92375 10.077778 10.279265
          9.938786 9.990952 9.951107 9.952341 10.151571 9.954472
          11.022363 9.955865 10.178299 9.959145 10.253848 9.964236
          10.021787 10.044217 10.15505 9.986351 10.299537 9.989185
          9.992418 10.156004 10.014859 10.023797 10.385007 10.054723
          10.032191 10.076762 10.093165 10.349476 10.043051 10.078917
          10.049993 10.136831 10.0538435 10.347691 10.138525 10.073378
          10.269369 10.086721 10.3427515 10.089448 10.394737 10.0911665
          10.345496 10.104421 10.71401 10.106148 10.813049 10.111596
          10.23332 10.1125765 10.146324 10.127319 10.142406 10.133026
          10.232485 10.133149 10.519099 10.135421 10.583223 10.155708
          10.299967 10.1558895 10.312437 10.361927 10.172609 10.278742
          10.176334 10.522588 10.182369 10.331153 10.196454 10.474982
          10.196822 10.251442 10.20616 10.464356 10.207299 10.288061
          10.21222 10.291622 10.2158785 10.338352 10.222577 10.2267685
          10.737504 10.303943 10.235853 10.256122 10.245434 10.742351
          10.247252 10.25059 10.253986 10.359563 10.270606 10.674645
          10.272811 10.367727 10.359442 10.280751 10.423272 10.325218
          10.297295 10.310365 10.30199 10.557744 10.3063 10.787179
          10.3119955 10.425732 10.354757 10.321415 10.507006 10.325803
          10.3277025 10.431842 10.389812 10.349116 10.346851 10.360546
          10.358923 11.071311 10.381441 10.387032 11.149737 10.787743
          10.403206 10.743882 10.403797 10.611458 10.411282 10.990299
          10.419824 10.834913 10.829188 10.437181 10.9055605 10.450639
          10.797907 10.479544 10.863748 10.50333 10.574004 10.542648
          10.526612 10.550188 10.654995 10.560112 10.644836 10.567449
          10.722929 10.585577 10.587166 10.838696 10.603773 10.642736
          10.604436 10.781272 10.610536 11.420309 10.611025 10.90143
          10.637209 10.662667 10.707603 10.72262 10.817205 10.723049
          10.825204 10.724806 11.196068 10.726748 10.76931 10.73201
          10.822522 10.7791195 10.741649 10.856136 10.979962 10.742606
          10.865381 10.745121 10.775561 10.746791 10.760525 10.98486
          10.767699 10.812243 10.775156 11.219858 10.80314 10.858677
          10.804688 11.071542 10.932101 10.835477 11.121492 10.98989
          10.890363 11.585451 10.918594 10.928067 10.938578 11.044202
          10.952178 11.043024 10.976875 11.170398 11.181064 11.110761
          10.997606 11.194678 11.028173 11.242749 11.0364275 11.058284
          11.039808 11.052761 11.045486 11.054139 11.301443 11.094781
          11.114559 11.544276 11.1261635 11.702724 11.128417 11.262975
          11.138201 11.219571 11.309951 11.188229 11.650752 11.190927
          11.447428 11.214985 11.603637 11.255141 11.255779 11.405084
          11.290162 11.267251 11.562874 11.279754 11.290852 11.723475
          11.517548 11.373248 11.510359 11.399049 11.420758 11.43761
          11.4952135 11.472518 11.662519 11.491806 11.4949255 11.654103
          11.653055 11.604933 11.570365 11.714002 11.610301 11.606092
          11.609013 11.709812 11.614334 11.869303 11.877681 11.727961
          11.91686 11.867683 11.997095 12.253718 12.005925 12.27638
          12.040423 12.257141 12.050718 12.631171 12.246759 12.312654
          12.276917 12.279771 12.408527 12.331817 12.646629 12.332837
          12.529022 12.445223 12.709897 13.118591 12.713837 13.477739
          12.879598 13.245866 12.929414 13.226643 13.023771 14.159715
          13.958864 15.605729 15.504927 16.449125 16.441843 17.96549
          17.91652 26.120901
        </DataArray>
        <DataArray type="UInt8" Name="ttkMaskScalarField" format="ascii" RangeMin="0" RangeMax="0">
          0 0 0 0 0 0
          0 0 0 0 0 0
          0 0 0 0 0 0
          0 0 0 0 0 0
          0 0 0 0 0 0
          0 0 0 0 0 0
          0 0 0 0 0 0
          0 0 0 0 0 0
          0 0 0 0 0 0
          0 0 0 0 0 0
          0 0 0 0 0 0
          0 0 0 0 0 0
          0 0 0 0 0 0
          0 0 0 0 0 0
          0 0 0 0 0 0
          0 0 0 0 0 0
          0 0 0 0 0 0
          0 0 0 0 0 0
          0 0 0 0 0 0
          0 0 0 0 0 0
          0 0 0 0 0 0
          0 0 0 0 0 0
          0 0 0 0 0 0
          0 0 0 0 0 0
          0 0 0 0 0 0
          0 0 0 0 0 0
          0 0 0 0 0 0
          0 0 0 0 0 0
          0 0 0 0 0 0
          0 0 0 0 0 0
          0 0 0 0 0 0
          0 0 0 0 0 0
          0 0 0 0 0 0
          0 0 0 0 0 0
          0 0 0 0 0 0
          0 0 0 0 0 0
          0 0 0 0 0 0
          0 0 0 0 0 0
          0 0 0 0 0 0
          0 0 0 0 0 0
          0 0 0 0 0 0
          0 0 0 0 0 0
          0 0 0 0 0 0
          0 0 0 0 0 0
          0 0 0 0 0 0
          0 0 0 0 0 0
          0 0 0 0 0 0
          0 0 0 0 0 0
          0 0 0 0 0 0
          0 0 0 0 0 0
          0 0 0 0 0 0
          0 0 0 0 0 0
          0 0 0 0 0 0
          0 0 0 0 0 0
          0 0 0 0 0 0
          0 0 0 0 0 0
          0 0 0 0 0 0
          0 0 0 0 0 0
          0 0 0 0 0 0
          0 0 0 0 0 0
          0 0 0 0 0 0
          0 0 0 0 0 0
          0 0 0 0 0 0
          0 0 0 0 0 0
          0 0 0 0 0 0
          0 0 0 0 0 0
          0 0 0 0 0 0
          0 0 0 0 0 0
          0 0 0 0 0 0
          0 0 0 0 0 0
          0 0 0 0 0 0
          0 0 0 0 0 0
          0 0 0 0 0 0
          0 0 0 0 0 0
          0 0 0 0 0 0
          0 0 0 0 0 0
          0 0 0 0 0 0
          0 0 0 0 0 0
          0 0 0 0 0 0
          0 0 0 0 0 0
          0 0 0 0 0 0
          0 0 0 0 0 0
          0 0 0 0 0 0
          0 0 0 0 0 0
          0 0 0 0 0 0
          0 0 0 0 0 0
          0 0 0 0 0 0
          0 0 0 0 0 0
          0 0 0 0 0 0
          0 0 0 0 0 0
          0 0 0 0 0 0
          0 0 0 0 0 0
          0 0 0 0 0 0
          0 0 0 0 0 0
          0 0 0 0 0 0
          0 0 0 0 0 0
          0 0 0 0 0 0
          0 0 0 0 0 0
          0 0 0 0 0 0
          0 0 0 0 0 0
          0 0 0 0 0 0
          0 0 0 0 0 0
          0 0 0 0 0 0
          0 0 0 0 0 0
          0 0 0 0 0 0
          0 0 0 0 0 0
          0 0 0 0 0 0
          0 0 0 0 0 0
          0 0 0 0 0 0
          0 0 0 0 0 0
          0 0 0 0 0 0
          0 0 0 0 0 0
          0 0 0 0 0 0
          0 0 0 0 0 0
          0 0 0 0 0 0
          0 0 0 0 0 0
          0 0 0 0 0 0
          0 0 0 0 0 0
          0 0 0 0 0 0
          0 0 0 0 0 0
          0 0 0 0 0 0
          0 0 0 0 0 0
          0 0 0 0 0 0
          0 0 0 0 0 0
          0 0 0 0 0 0
          0 0 0 0 0 0
          0 0 0 0 0 0
          0 0 0 0 0 0
          0 0 0 0 0 0
          0 0 0 0 0 0
          0 0 0 0 0 0
          0 0 0 0 0 0
          0 0 0 0 0 0
          0 0 0 0 0 0
          0 0 0 0 0 0
          0 0 0 0 0 0
          0 0 0 0 0 0
          0 0 0 0 0 0
          0 0 0 0 0 0
          0 0 0 0 0 0
          0 0 0 0 0 0
          0 0 0 0 0 0
          0 0 0 0 0 0
          0 0 0 0 0 0
          0 0 0 0 0 0
          0 0 0 0 0 0
          0 0 0 0 0 0
          0 0 0 0 0 0
          0 0 0 0 0 0
          0 0 0 0 0 0
          0 0 0 0 0 0
          0 0 0 0 0 0
          0 0 0 0 0 0
          0 0 0 0 0 0
          0 0 0 0 0 0
          0 0 0 0 0 0
          0 0 0 0 0 0
          0 0 0 0 0 0
          0 0 0 0 0 0
          0 0 0 0 0 0
          0 0 0 0 0 0
          0 0 0 0 0 0
          0 0 0 0 0 0
          0 0 0 0 0 0
          0 0 0 0 0 0
          0 0 0 0 0 0
          0 0 0 0 0 0
          0 0 0 0 0 0
          0 0 0 0 0 0
          0 0 0 0 0 0
          0 0 0 0 0 0
          0 0 0 0 0 0
          0 0 0 0 0 0
          0 0 0 0 0 0
          0 0 0 0 0 0
          0 0 0 0 0 0
          0 0 0 0 0 0
          0 0 0 0 0 0
          0 0 0 0 0 0
          0 0 0 0 0 0
          0 0 0 0 0 0
          0 0 0 0 0 0
          0 0 0 0 0 0
          0 0 0 0 0 0
          0 0 0 0 0 0
          0 0 0 0 0 0
          0 0 0 0 0 0
          0 0 0 0 0 0
          0 0 0 0 0 0
          0 0 0 0 0 0
          0 0 0 0 0 0
          0 0 0 0 0 0
          0 0 0 0 0 0
          0 0 0 0 0 0
          0 0 0 0 0 0
          0 0 0 0 0 0
          0 0 0 0 0 0
          0 0 0 0 0 0
          0 0 0 0 0 0
          0 0 0 0 0 0
          0 0 0 0 0 0
          0 0 0 0 0 0
          0 0 0 0 0 0
          0 0 0 0 0 0
          0 0 0 0 0 0
          0 0 0 0 0 0
          0 0 0 0 0 0
          0 0 0 0 0 0
          0 0 0 0 0 0
          0 0 0 0 0 0
          0 0 0 0 0 0
          0 0 0 0 0 0
          0 0 0 0 0 0
          0 0 0 0 0 0
          0 0 0 0 0 0
          0 0 0 0 0 0
          0 0 0 0 0 0
          0 0 0 0 0 0
          0 0 0 0 0 0
          0 0 0 0 0 0
          0 0 0 0 0 0
          0 0 0 0 0 0
          0 0 0 0 0 0
          0 0 0 0 0 0
          0 0 0 0 0 0
          0 0 0 0 0 0
          0 0 0 0 0 0
          0 0 0 0 0 0
          0 0 0 0 0 0
          0 0 0 0 0 0
          0 0 0 0 0 0
          0 0 0 0 0 0
          0 0 0 0 0 0
          0 0 0 0 0 0
          0 0 0 0 0 0
          0 0 0 0 0 0
          0 0 0 0 0 0
          0 0 0 0 0 0
          0 0 0 0 0 0
          0 0 0 0 0 0
          0 0 0 0 0 0
          0 0 0 0 0 0
          0 0 0 0 0 0
          0 0 0 0 0 0
          0 0 0 0 0 0
          0 0 0 0 0 0
          0 0 0 0 0 0
          0 0 0 0 0 0
          0 0 0 0 0 0
          0 0 0 0 0 0
          0 0 0 0 0 0
          0 0 0 0 0 0
          0 0 0 0 0 0
          0 0 0 0 0 0
          0 0 0 0 0 0
          0 0 0 0 0 0
          0 0 0 0 0 0
          0 0 0 0 0 0
          0 0 0 0 0 0
          0 0 0 0 0 0
          0 0 0 0 0 0
          0 0 0 0 0 0
          0 0 0 0 0 0
          0 0 0 0 0 0
          0 0 0 0 0 0
          0 0 0 0 0 0
          0 0 0 0 0 0
          0 0 0 0 0 0
          0 0 0 0 0 0
          0 0 0 0 0 0
          0 0 0 0 0 0
          0 0 0 0 0 0
          0 0 0 0 0 0
          0 0 0 0 0 0
          0 0 0 0 0 0
          0 0 0 0 0 0
          0 0 0 0 0 0
          0 0 0 0 0 0
          0 0 0 0 0 0
          0 0 0 0 0 0
          0 0 0 0 0 0
          0 0 0 0 0 0
          0 0 0 0 0 0
          0 0 0 0 0 0
          0 0 0 0 0 0
          0 0 0 0 0 0
          0 0 0 0 0 0
          0 0 0 0 0 0
          0 0 0 0 0 0
          0 0 0 0 0 0
          0 0 0 0 0 0
          0 0 0 0 0 0
          0 0 0 0 0 0
          0 0 0 0 0 0
          0 0 0 0 0 0
          0 0 0 0 0 0
          0 0 0 0 0 0
          0 0 0 0 0 0
          0 0 0 0 0 0
          0 0 0 0 0 0
          0 0 0 0 0 0
          0 0 0 0 0 0
          0 0 0 0 0 0
          0 0 0 0 0 0
          0 0 0 0 0 0
          0 0 0 0 0 0
          0 0 0 0 0 0
          0 0 0 0 0 0
          0 0 0 0 0 0
          0 0 0 0 0 0
          0 0 0 0 0 0
          0 0 0 0 0 0
          0 0 0 0 0 0
          0 0 0 0 0 0
          0 0 0 0 0 0
          0 0 0 0 0 0
          0 0 0 0 0 0
          0 0 0 0 0 0
          0 0 0 0 0 0
          0 0 0 0 0 0
          0 0 0 0 0 0
          0 0 0 0 0 0
          0 0 0 0 0 0
          0 0 0 0 0 0
          0 0 0 0 0 0
          0 0 0 0 0 0
          0 0 0 0 0 0
          0 0 0 0 0 0
          0 0 0 0 0 0
          0 0 0 0 0 0
          0 0 0 0 0 0
          0 0 0 0 0 0
          0 0 0 0 0 0
          0 0 0 0 0 0
          0 0 0 0 0 0
          0 0 0 0 0 0
          0 0 0 0 0 0
          0 0 0 0 0 0
          0 0 0 0 0 0
          0 0 0 0 0 0
          0 0 0 0 0 0
          0 0 0 0 0 0
          0 0 0 0 0 0
          0 0
        </DataArray>
      </PointData>
      <CellData Scalars="SegmentationId">
        <DataArray type="Int32" Name="SegmentationId" format="ascii" RangeMin="0" RangeMax="2058">
          0 1 2 3 4 5
          6 7 8 9 10 11
          12 13 14 15 16 17
          18 19 1032 20 21 22
          23 24 1046 25 26 27
          28 29 30 31 32 33
          34 35 1053 36 37 38
          39 40 41 42 43 44
          1039 45 1057 46 1037 47
          48 1045 49 1049 1067 1035
          50 51 52 53 54 55
          1052 56 57 58 59 60
          61 62 63 64 1071 65
          1043 66 67 1041 68 1044
          69 70 71 72 73 1075
          74 75 76 77 78 79
          80 81 82 1031 83 84
          1047 85 86 87 88 1050
          89 90 91 92 1056 93
          1070 1042 1091 94 95 1089
          96 97 98 1048 99 1073
          100 101 102 103 1058 104
          1063 105 106 107 108 109
          1055 110 111 1062 112 1097
          113 114 1064 1068 1072 1861
          1879 115 116 1077 117 1083
          118 119 1040 120 1033 121
          1108 1100 1877 122 1095 123
          1866 124 1054 2056 1107 125
          126 127 1088 128 129 1038
          1069 1081 130 131 1094 132
          133 134 1106 135 136 1080
          1103 137 138 1076 1872 1119
          139 140 141 1061 142 143
          144 145 146 1078 147 1863
          148 149 1086 1129 150 151
          1115 152 153 154 155 156
          157 1127 1117 158 159 1871
          160 1121 161 1059 162 1074
          1123 1124 163 164 165 166
          167 168 1125 1886 169 170
          171 1114 172 1870 173 1135
          1079 1093 174 175 176 1112
          1155 177 1099 1876 1131 1858
          1130 1157 178 179 180 181
          182 1143 1873 1134 183 184
          185 1153 186 187 1864 1141
          188 189 190 1882 1154 191
          1156 1137 192 193 194 195
          196 197 198 199 200 201
          1159 1142 1140 1161 202 203
          1148 1060 204 205 206 207
          1147 208 209 210 211 212
          213 214 1172 215 1166 1036
          216 1178 217 218 219 220
          221 222 1126 1051 223 224
          1179 225 226 1151 1118 227
          228 1860 229 1149 230 1174
          231 232 233 234 235 236
          1195 1122 1087 1175 237 1180
          238 1113 1090 1145 1109 239
          240 1111 1183 1184 241 242
          243 1168 244 1128 245 246
          247 248 249 250 251 252
          1199 253 1164 1190 254 1205
          1198 1185 255 1138 256 1210
          1167 257 258 1189 259 1133
          1173 260 261 1206 262 263
          264 1892 265 1217 266 267
          1158 1893 1888 268 1208 1098
          1104 1170 1223 269 1101 270
          1225 1120 1219 271 272 273
          274 275 276 277 1884 1885
          1224 1207 278 1220 279 1116
          1084 280 281 1182 282 1146
          283 284 285 1136 286 1204
          1874 1165 287 288 1171 289
          290 291 292 293 294 1901
          295 1867 296 297 298 1201
          1218 1110 1230 299 1887 300
          301 1150 302 303 304 1245
          1906 305 1891 306 1883 1186
          307 1222 308 1880 1229 309
          1252 1865 310 1181 311 1211
          312 1202 1231 313 314 315
          316 317 318 319 320 321
          322 1221 1139 1253 323 324
          1236 1216 325 1197 326 1215
          327 1264 328 1908 1238 329
          1192 330 1240 1176 1899 331
          1191 332 333 1905 1162 334
          335 1187 336 337 338 1193
          339 1105 340 1258 341 1163
          1209 1898 342 343 1265 344
          345 1262 1274 1160 1188 1254
          1278 346 1233 347 348 1065
          349 350 351 1909 1212 352
          1235 353 1255 354 355 1260
          1196 356 1085 357 1239 358
          359 1273 360 361 1903 1096
          1275 362 363 1269 1282 364
          1241 365 366 367 1249 1895
          1152 1281 1284 1297 1286 1267
          368 1279 369 370 1263 371
          1237 372 1169 1285 373 374
          1303 375 376 377 1244 378
          1875 1283 1296 379 1288 1916
          1144 380 381 382 383 384
          385 1291 1312 1923 386 387
          388 1310 389 1314 390 1307
          1268 1248 391 392 1897 393
          1289 1082 394 1320 395 396
          397 1300 398 399 1177 1247
          1203 400 1287 401 402 403
          1259 1298 1326 404 1132 405
          406 407 408 409 1293 1325
          410 411 412 413 1316 1228
          1302 414 415 416 1214 417
          418 1904 1277 1292 419 420
          1339 421 422 423 424 425
          1337 426 1328 1330 427 1305
          1336 1342 1338 428 429 1927
          430 431 1918 432 433 434
          1347 435 436 1896 1261 1213
          437 438 439 440 441 442
          1301 443 1930 1361 444 445
          1359 446 447 448 1227 449
          450 1890 451 452 453 454
          1329 455 1340 1365 456 457
          458 459 460 1900 1345 1242
          1364 1319 1358 461 462 1353
          1371 1351 1323 1356 1368 463
          1290 464 1868 1919 1257 465
          1226 1357 466 467 1363 468
          1322 1935 1304 469 1915 1331
          1369 1341 470 471 1348 472
          1914 1327 473 474 1902 1344
          1321 1378 1333 1295 1354 475
          1315 476 477 478 479 1380
          1907 480 481 482 1343 483
          484 1309 1386 1392 1395 1272
          485 486 487 1318 1270 1280
          488 1934 489 490 491 1350
          1387 1388 1335 1355 492 1332
          1894 493 494 495 1299 496
          1306 497 1397 498 499 1317
          500 501 1402 502 503 504
          1256 505 506 507 1938 1406
          508 509 1940 510 1399 511
          512 513 514 515 516 1376
          517 518 1034 519 1408 520
          1419 1410 1415 1243 521 522
          1421 1294 1372 1373 523 524
          1423 525 526 1404 1391 1334
          527 1234 1418 1937 1382 1308
          528 529 530 531 532 1370
          1412 533 534 1409 535 536
          537 538 539 540 541 542
          1859 543 1427 544 545 1922
          546 1381 547 548 1441 549
          550 551 1400 1271 552 1367
          553 1390 1377 554 555 556
          557 558 1232 559 1420 560
          561 562 563 1200 1432 564
          565 1383 1431 1926 1424 1454
          566 567 1436 568 1430 569
          570 571 572 1911 1917 1447
          573 1439 574 1450 575 1375
          576 1401 1426 1462 577 1461
          578 1951 1416 579 580 581
          582 583 584 585 586 587
          588 1438 1379 589 1472 590
          591 592 593 1452 594 1444
          595 596 597 1393 1324 598
          599 600 601 1389 1921 1102
          602 1250 1467 1445 603 1066
          1475 604 1869 605 1446 1428
          606 1451 607 1487 1957 1948
          608 609 610 1385 611 1453
          612 1384 613 1493 614 1437
          615 1481 1346 1490 1932 1881
          1266 1458 616 1476 617 1455
          1448 1492 1413 618 619 1442
          620 621 1942 2057 622 1435
          1449 623 624 1443 1468 1488
          625 626 1505 1955 627 628
          1460 1474 1507 1433 1498 1463
          629 1506 1477 630 631 632
          1889 1246 1425 1963 1311 1394
          1913 1480 1429 1925 633 634
          1417 1910 635 636 637 1959
          638 1459 639 1411 1497 1501
          640 1947 641 642 1967 643
          1517 1502 1519 644 645 1440
          1469 646 1360 1514 1931 1466
          647 1478 1486 1958 648 649
          650 651 1527 652 653 1972
          654 1422 655 1473 656 657
          1479 1366 658 1531 659 1499
          660 1944 661 1962 662 1936
          663 1529 1396 1491 664 665
          1920 1541 1495 1509 1540 1533
          1971 666 1403 1510 667 668
          1526 669 670 1946 671 1489
          1545 672 1482 1434 1939 673
          674 1862 675 1484 1513 2055
          1966 1980 1485 676 1496 677
          1976 1407 1524 1523 1470 678
          1928 679 1542 680 681 682
          1534 683 684 1504 1943 1961
          685 686 687 1536 688 689
          690 1544 691 1512 692 1520
          693 1559 694 695 1352 1548
          696 697 698 699 700 701
          1565 702 703 1525 1464 704
          1572 705 1500 706 707 708
          709 1973 710 711 712 1538
          713 1405 714 715 1578 716
          717 718 719 720 721 1975
          1571 1550 722 723 724 1960
          725 1585 1552 726 727 1576
          1516 728 1528 729 730 1953
          731 1583 732 733 1537 1522
          1573 734 1557 1983 1362 735
          1577 736 1515 1952 1979 737
          1586 738 1580 1457 1582 1551
          739 1549 1579 1349 740 741
          1584 742 743 1593 1588 744
          1567 1555 1999 745 746 1518
          747 748 1590 1974 749 1968
          1574 750 751 752 1606 1600
          753 1987 754 755 1599 1982
          1595 1575 756 2001 1566 757
          1950 1587 758 759 760 761
          762 763 1912 1589 1602 764
          2007 1613 765 766 767 1594
          768 1977 1605 769 770 1619
          1092 1618 1604 771 772 1570
          773 774 1949 1929 775 776
          1998 1471 777 1539 2008 1617
          1558 1610 2002 1996 778 1631
          779 1607 1630 1629 1543 1621
          780 1414 2004 781 1624 1530
          2009 782 1598 783 1616 2000
          1615 784 1398 785 786 787
          1970 1603 788 2013 1988 789
          790 1560 791 1601 1991 1632
          1646 792 1554 793 794 1648
          1635 1562 1628 2017 795 1276
          1924 1553 1591 1465 1647 796
          1969 1640 1612 1941 1597 797
          798 1633 1508 799 800 1641
          1645 1637 2058 1945 801 1654
          802 803 804 805 1878 806
          1642 807 1652 1954 1659 1483
          1989 1985 808 809 1609 810
          811 1581 1634 812 813 1636
          1638 1650 2003 814 815 1547
          1611 816 1561 817 1661 1639
          818 1994 819 820 2015 1568
          821 1563 822 1655 823 1623
          824 1194 825 2012 1626 826
          827 828 1532 829 830 1664
          1986 831 1653 832 833 1625
          834 835 1677 836 837 838
          2019 1620 839 1627 840 841
          842 843 1689 844 845 1657
          846 1663 847 1990 1665 848
          849 850 1673 1686 1608 1649
          1511 1656 851 1675 1694 1676
          852 1692 853 2021 854 1596
          855 856 1614 2030 857 1682
          1374 858 859 2018 2014 860
          861 862 2028 2023 1658 863
          1494 1667 1674 864 865 1997
          1687 1684 866 1696 1681 1704
          1521 867 1666 1669 2022 1622
          868 1702 1678 1660 1672 1981
          869 1313 870 871 1707 1693
          1701 2011 1644 1662 1706 2020
          1503 872 873 874 875 876
          1984 2024 1671 877 878 2005
          1705 1697 879 1709 880 881
          1718 882 1643 883 2016 1251
          1535 884 2025 885 886 887
          888 2010 889 1703 1690 1698
          1456 2031 890 891 1720 892
          1546 1710 893 1726 894 2037
          895 1708 1711 1721 896 1730
          1651 897 898 1732 1683 1691
          1569 899 2029 1733 1719 2034
          1933 1688 900 901 902 1736
          903 904 905 906 1556 907
          1728 908 909 910 1734 2026
          1993 1744 1743 1722 1964 911
          912 1729 1699 1978 1956 913
          914 1724 915 916 917 918
          919 2032 920 921 922 923
          1679 1745 1742 924 925 926
          927 1754 1712 1725 928 1761
          2036 929 930 1750 1670 1763
          931 1713 1756 1759 1757 932
          1727 1748 933 1717 2027 934
          2038 935 1749 1685 936 1768
          937 938 1752 1592 1758 2006
          1737 1739 939 1735 2040 2035
          2042 940 2045 1765 1774 1764
          1775 941 1731 942 2039 1738
          943 944 945 1992 946 1767
          1771 1773 1715 947 948 1564
          1755 1753 1995 949 1772 1746
          1751 950 1784 951 1769 952
          953 1783 1747 954 955 956
          957 958 959 1778 960 1789
          1786 1785 961 1766 1793 1740
          962 1787 963 964 965 966
          1760 967 1762 968 1777 969
          970 1716 971 972 1797 973
          1801 2044 1790 1770 2041 1782
          974 975 1804 1741 1794 1798
          1795 1802 1780 976 1788 1695
          1799 1806 2043 1800 1700 977
          1792 1781 978 979 2047 980
          981 982 1810 1803 1809 1779
          983 1714 1723 984 985 986
          1812 1811 987 1816 988 1815
          2046 2048 1965 989 2050 1818
          1807 990 991 992 1776 1813
          1817 993 994 2033 1796 1680
          995 1821 1805 1814 996 997
          1820 998 999 1828 1000 2053
          1825 1001 1002 1826 1791 1003
          1004 1823 1005 1006 1007 1832
          1830 1831 2049 1827 1008 1808
          1824 2052 1009 1010 1836 1011
          1822 2051 1834 1833 1819 1837
          1835 1829 1012 1668 1013 1838
          2054 1839 1840 1014 1015 1016
          1017 1844 1842 1841 1018 1019
          1845 1020 1021 1846 1022 1848
          1843 1847 1849 1023 1024 1025
          1026 1853 1852 1851 1850 1027
          1854 1028 1855 1029 1856 1030
          1857
        </DataArray>
        <DataArray type="Int32" Name="upNodeId" format="ascii" RangeMin="20" RangeMax="2059">
          99 20 160 902 59 323
          52 179 48 48 20 158
          52 81 115 78 83 55
          26 59 263 102 123 57
          26 107 50 333 66 38
          170 138 112 50 130 231
          307 38 1047 201 66 141
          132 146 107 83 55 575
          58 1055 339 57 149 58
          78 280 147 76 141 81
          180 114 112 76 148 125
          99 233 89 195 153 207
          252 146 191 333 249 102
          209 89 181 188 667 277
          155 444 115 125 138 368
          590 212 356 160 176 130
          119 362 116 132 1422 201
          162 253 170 184 166 149
          599 114 147 143 224 166
          116 119 164 419 153 158
          260 143 123 180 163 197
          424 1049 192 420 273 163
          231 553 148 188 172 172
          168 207 176 179 162 150
          364 155 616 168 575 150
          320 475 367 1118 257 272
          361 247 1231 216 357 252
          164 195 171 443 363 224
          171 340 229 181 263 212
          197 427 192 229 355 184
          223 196 234 191 617 247
          235 242 196 332 234 280
          262 223 375 227 227 436
          257 213 264 476 262 688
          401 213 307 209 273 355
          251 453 261 235 289 216
          233 242 553 419 393 518
          302 253 249 281 301 243
          271 265 289 469 642 519
          634 243 363 449 312 306
          345 481 478 258 339 612
          251 285 277 261 286 272
          411 260 258 301 288 322
          264 265 395 387 286 323
          281 302 414 300 393 567
          271 332 384 343 303 544
          557 303 386 288 336 285
          457 322 396 300 369 373
          340 325 361 626 306 421
          375 345 453 460 320 373
          312 488 763 391 402 347
          416 695 357 544 537 414
          409 676 325 336 356 359
          501 447 611 368 655 343
          369 426 391 491 547 386
          568 399 428 499 387 540
          474 367 534 401 657 551
          347 543 1567 789 354 354
          588 525 390 384 981 473
          362 359 660 741 505 532
          402 439 364 615 420 678
          427 422 481 436 455 389
          551 449 396 499 405 439
          418 457 558 395 503 399
          467 580 498 389 743 390
          415 443 418 416 405 598
          493 706 527 538 523 441
          490 568 411 409 474 428
          441 475 517 929 493 422
          415 438 467 438 517 495
          421 478 562 424 547 426
          460 437 437 798 760 701
          496 557 476 447 455 456
          486 444 506 543 706 490
          456 626 974 1011 572 469
          925 582 522 527 624 667
          486 488 532 592 555 525
          536 606 779 909 634 495
          485 473 496 1129 677 491
          529 501 523 661 485 610
          1051 506 1703 498 519 570
          522 569 711 584 566 559
          599 540 558 808 531 882
          505 1303 796 503 555 572
          518 534 600 612 684 587
          742 565 622 590 529 562
          1086 606 1128 531 569 617
          603 659 677 536 660 537
          603 834 850 538 845 963
          664 845 636 664 860 595
          702 796 743 613 864 610
          566 559 600 1493 565 777
          567 1085 710 726 588 673
          792 595 570 619 821 851
          580 579 651 725 694 808
          611 613 579 604 637 794
          614 627 616 587 582 680
          630 584 641 640 637 592
          786 666 636 792 624 649
          711 598 694 913 619 738
          750 825 604 638 642 638
          1141 615 685 868 614 649
          627 987 622 1431 870 680
          673 669 750 702 641 630
          650 806 640 1601 725 870
          651 659 688 929 1406 841
          814 986 816 655 799 661
          1160 1132 650 1669 657 828
          700 731 709 763 875 849
          781 1051 666 857 669 822
          1189 1001 822 678 700 804
          727 844 788 676 1042 695
          686 710 817 722 686 816
          820 768 684 723 809 685
          734 850 742 863 1447 824
          923 701 909 860 720 714
          768 726 720 728 722 760
          843 728 714 770 709 811
          727 752 794 741 838 821
          731 778 811 1082 738 814
          723 1359 798 1199 857 967
          787 734 853 787 1276 785
          785 826 781 861 789 799
          809 782 875 1067 795 777
          756 1166 753 756 1342 802
          752 780 753 780 771 1189
          927 965 771 790 834 770
          810 788 935 786 914 915
          778 1632 795 802 824 779
          1007 804 899 882 890 782
          790 1042 1129 968 823 833
          950 907 1112 838 806 1028
          817 833 841 810 1000 955
          892 1100 823 928 805 828
          805 842 887 985 1094 913
          826 1056 1075 1071 1215 842
          825 820 858 859 1101 1228
          864 1494 922 1248 849 1047
          1027 851 859 858 967 861
          1481 922 843 1041 1003 1133
          844 1084 1221 1067 899 953
          1202 872 1466 853 906 1137
          892 868 962 1133 863 890
          886 999 886 915 1009 902
          1340 872 955 878 923 1214
          1168 921 878 1303 887 1084
          1243 904 1195 939 907 1149
          1013 936 1094 1453 914 1037
          908 1016 1149 1140 908 926
          906 976 912 912 1041 1000
          904 1183 948 918 1015 988
          921 939 918 999 1130 1010
          1087 926 935 962 928 925
          1169 950 1061 1015 1005 927
          1136 989 965 936 1258 1201
          994 986 982 1119 1227 1048
          948 1071 1103 953 981 1276
          1082 974 985 992 1079 1027
          976 1003 1009 992 1075 958
          963 1007 1163 958 968 1097
          1107 1037 987 1048 1053 1058
          1060 1153 1081 1001 1016 1227
          1092 1104 1035 1005 982 1028
          1063 1035 1073 1103 994 989
          1091 1195 988 1030 1211 1171
          1716 1353 1137 1087 1065 1147
          1116 1010 1013 1183 1083 1100
          1011 1166 1121 1153 1086 1119
          1063 1079 1147 1441 1288 1156
          1497 1089 1066 1169 1052 1108
          1164 1246 1435 1030 1049 1185
          1185 1060 1052 1117 1113 1053
          1056 1089 1124 1085 1171 1197
          1188 1135 1061 1158 1164 1081
          1226 1055 1529 1191 1066 1091
          1233 1288 1128 1124 1238 1058
          1077 1117 1101 1172 1208 1093
          1065 1092 1109 1073 1108 1132
          1223 1083 1203 1188 1093 1097
          1077 1515 1644 1246 1208 1168
          1240 1107 1209 1206 1473 1123
          1206 1173 1150 1156 1120 1131
          1234 1109 1113 1193 1292 1145
          1151 1159 1218 1231 1680 1104
          1131 1257 1112 1259 1120 1130
          1123 1118 1116 1121 1203 1136
          1284 1331 1207 1464 1135 1140
          1508 1134 1163 1209 1215 1614
          1290 1134 1145 1159 1240 1430
          1141 1150 1319 1197 1269 1234
          1173 1233 1167 1346 1326 1159
          1158 1236 1373 1527 1151 1167
          1160 1223 1271 1656 1181 1337
          1212 1178 1391 1245 1244 1202
          1353 1287 1522 1238 1172 1528
          1218 1181 1244 1199 1178 1328
          1201 1457 1210 1191 1574 1236
          1211 1193 1254 1212 1704 1226
          1297 1456 1263 1214 1336 1242
          1301 1306 1437 1243 1210 1235
          1207 1531 1612 1591 1250 1342
          1411 1319 1271 1237 1221 1387
          1458 1263 1398 1248 1450 1267
          1273 1224 1287 1237 1224 1228
          1354 1722 1377 1258 1498 1547
          1277 1235 1357 1250 1259 1328
          1440 1242 1313 1315 1245 1355
          1269 1331 1313 1396 1470 1322
          1257 1495 1254 1484 1369 1267
          1301 1756 1340 1348 1297 1321
          1440 1273 1477 1348 1550 1337
          1489 1530 1359 1314 1561 1341
          1859 1368 1284 1277 1503 1480
          1396 1368 1559 1740 1453 1427
          1362 1314 1290 1365 1379 1338
          1292 1380 1417 1393 1325 1373
          1344 1325 1306 1358 1352 1315
          1537 1347 1354 1333 1341 1369
          1362 1321 1350 1399 1366 1390
          1370 1326 1407 1376 1496 1379
          1336 1322 1358 1827 1365 1352
          1344 1415 1333 1392 1625 1347
          1504 1346 1460 1390 1338 1377
          1463 1385 1614 1350 1355 1479
          1442 1632 1366 1437 1482 1408
          1370 1471 1457 1958 1544 1357
          1424 1387 1392 1418 1418 1435
          1422 1384 1447 1508 1393 1612
          1443 1398 1380 1384 1534 1462
          1376 1441 1454 1640 1548 1448
          1391 1484 1502 1411 1385 1395
          1628 1410 1464 1462 1434 1399
          1407 1395 1439 1408 1493 1559
          1430 1406 1423 1421 1591 1529
          1451 1661 1415 1417 1410 1565
          1431 1466 1421 1456 1583 1423
          1570 1424 1458 1593 1490 1711
          1522 1427 1438 1537 1449 1434
          1448 1445 1656 1479 1481 1507
          1438 1731 1538 1524 1439 1442
          1553 1450 1443 1445 1488 1449
          1541 1495 1678 1451 1474 1454
          1513 1774 1460 1542 1473 1501
          1488 1481 1463 1553 1544 1470
          1487 1501 1477 1511 1524 1496
          1471 1474 1700 1514 1480 1676
          1512 1502 1482 1515 1489 1558
          1491 1498 1851 1487 1613 1558
          1491 1490 1497 1511 1543 1494
          1503 1500 1691 1500 1513 1734
          1514 1512 1504 1618 1541 1507
          1526 1702 1930 1580 1517 1530
          1563 1578 1527 1517 1563 1552
          1615 1601 1642 1625 1526 1528
          1538 1665 1531 1534 1687 1651
          1542 1577 1552 1704 1543 1547
          1677 1739 1550 1603 1577 1635
          1590 1548 1717 1606 1658 1605
          1555 1645 1555 2019 1583 1569
          1659 1561 1804 1688 1611 1649
          1606 1565 1666 1567 1610 1569
          1646 1593 1617 1570 1574 1619
          1617 1586 1578 1664 1603 1644
          1580 1788 1586 1973 1654 1619
          1631 1738 1590 1661 1651 1821
          1598 1829 1703 1636 1611 1650
          1747 1598 1605 1714 1739 1641
          1621 1706 1621 1610 1623 1673
          1618 1925 1613 1679 1615 1623
          1667 1660 1653 1716 1628 1635
          1693 1629 1715 1629 1772 1756
          1930 1674 1729 1631 1663 1640
          1669 1680 1713 1636 1649 1677
          1655 1666 1641 1642 1645 1692
          1665 1646 1650 1678 1672 1654
          1653 1687 1729 1655 1672 1658
          1686 1700 1659 1660 1663 1675
          1788 1664 1673 1667 1763 1711
          1695 1746 1674 1804 1698 1675
          1783 1676 1679 1758 1742 1686
          1773 1723 1730 1796 1807 1945
          1688 1727 1691 1856 1692 1693
          1809 1695 1903 1702 1815 1698
          1706 1744 1805 1720 1713 1740
          1734 1731 1723 1767 1946 1777
          1797 1714 1725 1715 1733 1717
          1768 1720 1812 1758 1722 1771
          1725 1730 1733 1727 1844 1737
          1737 1743 1751 1835 1743 1745
          1773 1762 1833 1738 1742 1796
          1764 1751 1744 1800 1745 1746
          1747 1762 1830 1847 1831 1771
          1889 1917 1790 1766 1764 1765
          1783 1789 1865 1874 1763 1765
          1812 1766 1767 1768 1772 1813
          1820 1777 1774 1841 1789 1803
          1866 1827 1826 1861 1795 1860
          1808 1795 1810 1828 1809 1896
          1816 1790 1797 1799 1898 1805
          1841 1799 1803 1800 1839 1810
          1807 1887 1820 1842 1847 1838
          1853 1808 1813 1865 1823 1823
          1818 1815 1870 1816 1818 1911
          1821 1854 1836 1828 1864 1826
          1861 1855 1846 1829 1830 1834
          1831 1833 1840 1834 1835 1836
          1838 1842 1839 1840 1844 1956
          1851 1860 1846 1966 1853 1912
          1900 1881 1943 1854 1922 1855
          1921 1856 1859 1933 1913 1862
          1928 1862 1864 1873 1866 1898
          1868 1868 1870 1885 1873 1884
          1891 1874 1881 1917 1924 1883
          1910 1990 1932 1883 1896 1884
          1885 1887 1888 1888 1889 1891
          1918 1900 1920 1972 1906 1919
          1909 1926 1940 1929 1903 1908
          1921 1906 1941 1916 1908 1976
          1909 1910 1911 1912 1913 1918
          1927 1916 1957 1927 1919 1920
          1922 1936 1924 1962 1925 1926
          1928 1936 1929 1932 1942 2003
          1933 1941 1942 1940 1957 1951
          1950 1967 1968 1943 1960 1946
          1945 1971 1950 1977 1955 1953
          1951 1953 1968 1955 1962 1956
          1958 1985 1960 1961 1961 1966
          2000 2014 1980 1975 1967 1971
          1986 2010 1993 1972 1973 1975
          2004 1976 1977 1980 1986 1989
          1983 2001 1983 1985 2017 1989
          1999 1998 1999 1990 1993 2001
          1997 1998 2013 1997 2012 2011
          2000 2012 2003 2005 2016 2004
          2005 2008 2008 2015 2010 2021
          2011 2013 2014 2015 2016 2017
          2022 2019 2023 2021 2024 2022
          2023 2024 2029 2031 2030 2040
          2029 2030 2031 2034 2034 2037
          2037 2041 2039 2039 2042 2040
          2041 2042 2047 2050 2049 2048
          2047 2048 2049 2050 2052 2052
          2054 2054 2056 2056 2058 2058
          2059
        </DataArray>
        <DataArray type="Int32" Name="downNodeId" format="ascii" RangeMin="0" RangeMax="2058">
          0 1 2 3 4 5
          6 7 8 9 10 11
          12 13 14 15 16 17
          18 19 20 21 22 23
          24 25 26 27 28 29
          30 31 32 33 34 35
          36 37 38 39 40 41
          42 43 44 45 46 47
          48 49 50 51 52 53
          54 55 56 57 58 59
          60 61 62 63 64 65
          66 67 68 69 70 71
          72 73 74 75 76 77
          78 79 80 81 82 83
          84 85 86 87 88 89
          90 91 92 93 94 95
          96 97 98 99 100 101
          102 103 104 105 106 107
          108 109 110 111 112 113
          114 115 116 117 118 119
          120 121 122 123 124 125
          126 127 128 129 130 131
          132 133 134 135 136 137
          138 139 140 141 142 143
          144 145 146 147 148 149
          150 151 152 153 154 155
          156 157 158 159 160 161
          162 163 164 165 166 167
          168 169 170 171 172 173
          174 175 176 177 178 179
          180 181 182 183 184 185
          186 187 188 189 190 191
          192 193 194 195 196 197
          198 199 200 201 202 203
          204 205 206 207 208 209
          210 211 212 213 214 215
          216 217 218 219 220 221
          222 223 224 225 226 227
          228 229 230 231 232 233
          234 235 236 237 238 239
          240 241 242 243 244 245
          246 247 248 249 250 251
          252 253 254 255 256 257
          258 259 260 261 262 263
          264 265 266 267 268 269
          270 271 272 273 274 275
          276 277 278 279 280 281
          282 283 284 285 286 287
          288 289 290 291 292 293
          294 295 296 297 298 299
          300 301 302 303 304 305
          306 307 308 309 310 311
          312 313 314 315 316 317
          318 319 320 321 322 323
          324 325 326 327 328 329
          330 331 332 333 334 335
          336 337 338 339 340 341
          342 343 344 345 346 347
          348 349 350 351 352 353
          354 355 356 357 358 359
          360 361 362 363 364 365
          366 367 368 369 370 371
          372 373 374 375 376 377
          378 379 380 381 382 383
          384 385 386 387 388 389
          390 391 392 393 394 395
          396 397 398 399 400 401
          402 403 404 405 406 407
          408 409 410 411 412 413
          414 415 416 417 418 419
          420 421 422 423 424 425
          426 427 428 429 430 431
          432 433 434 435 436 437
          438 439 440 441 442 443
          444 445 446 447 448 449
          450 451 452 453 454 455
          456 457 458 459 460 461
          462 463 464 465 466 467
          468 469 470 471 472 473
          474 475 476 477 478 479
          480 481 482 483 484 485
          486 487 488 489 490 491
          492 493 494 495 496 497
          498 499 500 501 502 503
          504 505 506 507 508 509
          510 511 512 513 514 515
          516 517 518 519 520 521
          522 523 524 525 526 527
          528 529 530 531 532 533
          534 535 536 537 538 539
          540 541 542 543 544 545
          546 547 548 549 550 551
          552 553 554 555 556 557
          558 559 560 561 562 563
          564 565 566 567 568 569
          570 571 572 573 574 575
          576 577 578 579 580 581
          582 583 584 585 586 587
          588 589 590 591 592 593
          594 595 596 597 598 599
          600 601 602 603 604 605
          606 607 608 609 610 611
          612 613 614 615 616 617
          618 619 620 621 622 623
          624 625 626 627 628 629
          630 631 632 633 634 635
          636 637 638 639 640 641
          642 643 644 645 646 647
          648 649 650 651 652 653
          654 655 656 657 658 659
          660 661 662 663 664 665
          666 667 668 669 670 671
          672 673 674 675 676 677
          678 679 680 681 682 683
          684 685 686 687 688 689
          690 691 692 693 694 695
          696 697 698 699 700 701
          702 703 704 705 706 707
          708 709 710 711 712 713
          714 715 716 717 718 719
          720 721 722 723 724 725
          726 727 728 729 730 731
          732 733 734 735 736 737
          738 739 740 741 742 743
          744 745 746 747 748 749
          750 751 752 753 754 755
          756 757 758 759 760 761
          762 763 764 765 766 767
          768 769 770 771 772 773
          774 775 776 777 778 779
          780 781 782 783 784 785
          786 787 788 789 790 791
          792 793 794 795 796 797
          798 799 800 801 802 803
          804 805 806 807 808 809
          810 811 812 813 814 815
          816 817 818 819 820 821
          822 823 824 825 826 827
          828 829 830 831 832 833
          834 835 836 837 838 839
          840 841 842 843 844 845
          846 847 848 849 850 851
          852 853 854 855 856 857
          858 859 860 861 862 863
          864 865 866 867 868 869
          870 871 872 873 874 875
          876 877 878 879 880 881
          882 883 884 885 886 887
          888 889 890 891 892 893
          894 895 896 897 898 899
          900 901 902 903 904 905
          906 907 908 909 910 911
          912 913 914 915 916 917
          918 919 920 921 922 923
          924 925 926 927 928 929
          930 931 932 933 934 935
          936 937 938 939 940 941
          942 943 944 945 946 947
          948 949 950 951 952 953
          954 955 956 957 958 959
          960 961 962 963 964 965
          966 967 968 969 970 971
          972 973 974 975 976 977
          978 979 980 981 982 983
          984 985 986 987 988 989
          990 991 992 993 994 995
          996 997 998 999 1000 1001
          1002 1003 1004 1005 1006 1007
          1008 1009 1010 1011 1012 1013
          1014 1015 1016 1017 1018 1019
          1020 1021 1022 1023 1024 1025
          1026 1027 1028 1029 1030 1031
          1032 1033 1034 1035 1036 1037
          1038 1039 1040 1041 1042 1043
          1044 1045 1046 1047 1048 1049
          1050 1051 1052 1053 1054 1055
          1056 1057 1058 1059 1060 1061
          1062 1063 1064 1065 1066 1067
          1068 1069 1070 1071 1072 1073
          1074 1075 1076 1077 1078 1079
          1080 1081 1082 1083 1084 1085
          1086 1087 1088 1089 1090 1091
          1092 1093 1094 1095 1096 1097
          1098 1099 1100 1101 1102 1103
          1104 1105 1106 1107 1108 1109
          1110 1111 1112 1113 1114 1115
          1116 1117 1118 1119 1120 1121
          1122 1123 1124 1125 1126 1127
          1128 1129 1130 1131 1132 1133
          1134 1135 1136 1137 1138 1139
          1140 1141 1142 1143 1144 1145
          1146 1147 1148 1149 1150 1151
          1152 1153 1154 1155 1156 1157
          1158 1159 1160 1161 1162 1163
          1164 1165 1166 1167 1168 1169
          1170 1171 1172 1173 1174 1175
          1176 1177 1178 1179 1180 1181
          1182 1183 1184 1185 1186 1187
          1188 1189 1190 1191 1192 1193
          1194 1195 1196 1197 1198 1199
          1200 1201 1202 1203 1204 1205
          1206 1207 1208 1209 1210 1211
          1212 1213 1214 1215 1216 1217
          1218 1219 1220 1221 1222 1223
          1224 1225 1226 1227 1228 1229
          1230 1231 1232 1233 1234 1235
          1236 1237 1238 1239 1240 1241
          1242 1243 1244 1245 1246 1247
          1248 1249 1250 1251 1252 1253
          1254 1255 1256 1257 1258 1259
          1260 1261 1262 1263 1264 1265
          1266 1267 1268 1269 1270 1271
          1272 1273 1274 1275 1276 1277
          1278 1279 1280 1281 1282 1283
          1284 1285 1286 1287 1288 1289
          1290 1291 1292 1293 1294 1295
          1296 1297 1298 1299 1300 1301
          1302 1303 1304 1305 1306 1307
          1308 1309 1310 1311 1312 1313
          1314 1315 1316 1317 1318 1319
          1320 1321 1322 1323 1324 1325
          1326 1327 1328 1329 1330 1331
          1332 1333 1334 1335 1336 1337
          1338 1339 1340 1341 1342 1343
          1344 1345 1346 1347 1348 1349
          1350 1351 1352 1353 1354 1355
          1356 1357 1358 1359 1360 1361
          1362 1363 1364 1365 1366 1367
          1368 1369 1370 1371 1372 1373
          1374 1375 1376 1377 1378 1379
          1380 1381 1382 1383 1384 1385
          1386 1387 1388 1389 1390 1391
          1392 1393 1394 1395 1396 1397
          1398 1399 1400 1401 1402 1403
          1404 1405 1406 1407 1408 1409
          1410 1411 1412 1413 1414 1415
          1416 1417 1418 1419 1420 1421
          1422 1423 1424 1425 1426 1427
          1428 1429 1430 1431 1432 1433
          1434 1435 1436 1437 1438 1439
          1440 1441 1442 1443 1444 1445
          1446 1447 1448 1449 1450 1451
          1452 1453 1454 1455 1456 1457
          1458 1459 1460 1461 1462 1463
          1464 1465 1466 1467 1468 1469
          1470 1471 1472 1473 1474 1475
          1476 1477 1478 1479 1480 1481
          1482 1483 1484 1485 1486 1487
          1488 1489 1490 1491 1492 1493
          1494 1495 1496 1497 1498 1499
          1500 1501 1502 1503 1504 1505
          1506 1507 1508 1509 1510 1511
          1512 1513 1514 1515 1516 1517
          1518 1519 1520 1521 1522 1523
          1524 1525 1526 1527 1528 1529
          1530 1531 1532 1533 1534 1535
          1536 1537 1538 1539 1540 1541
          1542 1543 1544 1545 1546 1547
          1548 1549 1550 1551 1552 1553
          1554 1555 1556 1557 1558 1559
          1560 1561 1562 1563 1564 1565
          1566 1567 1568 1569 1570 1571
          1572 1573 1574 1575 1576 1577
          1578 1579 1580 1581 1582 1583
          1584 1585 1586 1587 1588 1589
          1590 1591 1592 1593 1594 1595
          1596 1597 1598 1599 1600 1601
          1602 1603 1604 1605 1606 1607
          1608 1609 1610 1611 1612 1613
          1614 1615 1616 1617 1618 1619
          1620 1621 1622 1623 1624 1625
          1626 1627 1628 1629 1630 1631
          1632 1633 1634 1635 1636 1637
          1638 1639 1640 1641 1642 1643
          1644 1645 1646 1647 1648 1649
          1650 1651 1652 1653 1654 1655
          1656 1657 1658 1659 1660 1661
          1662 1663 1664 1665 1666 1667
          1668 1669 1670 1671 1672 1673
          1674 1675 1676 1677 1678 1679
          1680 1681 1682 1683 1684 1685
          1686 1687 1688 1689 1690 1691
          1692 1693 1694 1695 1696 1697
          1698 1699 1700 1701 1702 1703
          1704 1705 1706 1707 1708 1709
          1710 1711 1712 1713 1714 1715
          1716 1717 1718 1719 1720 1721
          1722 1723 1724 1725 1726 1727
          1728 1729 1730 1731 1732 1733
          1734 1735 1736 1737 1738 1739
          1740 1741 1742 1743 1744 1745
          1746 1747 1748 1749 1750 1751
          1752 1753 1754 1755 1756 1757
          1758 1759 1760 1761 1762 1763
          1764 1765 1766 1767 1768 1769
          1770 1771 1772 1773 1774 1775
          1776 1777 1778 1779 1780 1781
          1782 1783 1784 1785 1786 1787
          1788 1789 1790 1791 1792 1793
          1794 1795 1796 1797 1798 1799
          1800 1801 1802 1803 1804 1805
          1806 1807 1808 1809 1810 1811
          1812 1813 1814 1815 1816 1817
          1818 1819 1820 1821 1822 1823
          1824 1825 1826 1827 1828 1829
          1830 1831 1832 1833 1834 1835
          1836 1837 1838 1839 1840 1841
          1842 1843 1844 1845 1846 1847
          1848 1849 1850 1851 1852 1853
          1854 1855 1856 1857 1858 1859
          1860 1861 1862 1863 1864 1865
          1866 1867 1868 1869 1870 1871
          1872 1873 1874 1875 1876 1877
          1878 1879 1880 1881 1882 1883
          1884 1885 1886 1887 1888 1889
          1890 1891 1892 1893 1894 1895
          1896 1897 1898 1899 1900 1901
          1902 1903 1904 1905 1906 1907
          1908 1909 1910 1911 1912 1913
          1914 1915 1916 1917 1918 1919
          1920 1921 1922 1923 1924 1925
          1926 1927 1928 1929 1930 1931
          1932 1933 1934 1935 1936 1937
          1938 1939 1940 1941 1942 1943
          1944 1945 1946 1947 1948 1949
          1950 1951 1952 1953 1954 1955
          1956 1957 1958 1959 1960 1961
          1962 1963 1964 1965 1966 1967
          1968 1969 1970 1971 1972 1973
          1974 1975 1976 1977 1978 1979
          1980 1981 1982 1983 1984 1985
          1986 1987 1988 1989 1990 1991
          1992 1993 1994 1995 1996 1997
          1998 1999 2000 2001 2002 2003
          2004 2005 2006 2007 2008 2009
          2010 2011 2012 2013 2014 2015
          2016 2017 2018 2019 2020 2021
          2022 2023 2024 2025 2026 2027
          2028 2029 2030 2031 2032 2033
          2034 2035 2036 2037 2038 2039
          2040 2041 2042 2043 2044 2045
          2046 2047 2048 2049 2050 2051
          2052 2053 2054 2055 2056 2057
          2058
        </DataArray>
        <DataArray type="Int32" Name="RegionSize" format="ascii" RangeMin="0" RangeMax="809">
          1 0 3 32 0 6
          1 2 3 1 1 3
          0 2 2 3 9 0
          0 1 23 7 1 0
          0 2 1 4 2 1
          2 5 0 0 6 3
          13 0 24 5 0 4
          1 0 2 3 0 17
          1 15 18 1 4 1
          0 8 4 2 6 0
          3 9 1 0 1 0
          2 4 1 4 0 1
          2 1 7 1 18 2
          3 0 0 10 10 21
          0 8 0 1 0 12
          16 2 11 0 2 0
          0 6 2 1 56 0
          7 1 1 1 0 2
          10 0 1 0 5 1
          1 0 12 3 0 0
          6 0 0 2 0 0
          9 27 2 7 11 0
          11 12 0 0 1 0
          5 1 1 3 1 0
          4 0 13 2 6 0
          16 4 14 33 2 2
          1 2 67 1 9 0
          2 0 10 16 8 1
          1 4 1 6 3 0
          0 9 0 1 2 2
          4 11 0 0 36 0
          1 0 3 3 1 7
          3 0 0 2 15 13
          0 0 0 14 0 16
          4 0 2 0 0 14
          0 9 1 0 0 0
          1 0 19 1 2 12
          2 4 2 1 4 10
          4 3 1 28 9 22
          22 2 5 8 1 0
          3 3 4 25 4 12
          0 1 0 5 2 0
          3 2 0 2 0 3
          4 0 25 28 2 4
          11 2 4 5 2 4
          0 3 6 4 0 8
          11 2 4 0 6 14
          5 0 0 12 14 0
          1 0 0 11 0 1
          0 1 2 4 0 1
          9 10 38 11 2 0
          0 31 0 1 4 0
          61 5 0 0 0 1
          3 1 10 0 13 0
          0 3 0 4 3 1
          4 2 6 7 0 4
          25 1 3 8 16 1
          0 32 37 37 0 0
          2 5 3 1 29 2
          0 0 5 19 0 23
          0 5 0 19 6 5
          0 4 8 3 1 0
          9 3 0 0 1 1
          0 2 2 0 5 0
          4 4 2 1 10 1
          12 11 2 0 0 40
          2 14 2 4 2 11
          6 2 0 0 1 0
          0 40 0 22 3 1
          0 6 2 0 4 2
          0 12 11 0 9 0
          2 0 2 5 8 8
          3 3 0 0 5 7
          16 0 0 16 21 7
          2 1 38 23 0 4
          14 1 4 6 2 32
          9 1 0 3 5 4
          3 0 4 13 1 2
          0 2 0 13 8 1
          2 12 4 11 3 3
          9 2 24 2 0 17
          12 1 35 3 10 11
          4 4 0 38 1 9
          0 41 0 2 3 33
          0 2 7 0 0 0
          2 1 2 0 0 0
          6 1 39 1 0 1
          48 14 5 0 2 2
          1 34 10 1 38 16
          10 9 6 10 69 0
          25 0 3 10 12 1
          0 2 2 10 0 10
          0 69 2 20 0 10
          15 15 0 0 25 8
          0 0 21 3 6 6
          8 0 5 1 2 19
          0 0 0 7 0 1
          1 0 4 0 0 3
          13 1 2 4 14 0
          1 0 1 16 8 14
          14 3 0 16 0 0
          18 0 0 8 0 5
          0 72 1 45 11 4
          0 32 0 2 3 0
          9 2 1 53 0 7
          2 0 0 3 37 5
          29 20 87 0 9 3
          38 6 0 28 0 3
          0 23 45 43 12 7
          2 13 0 11 0 9
          29 58 0 0 11 2
          1 28 1 6 1 0
          0 4 3 0 8 13
          4 0 1 0 2 0
          3 8 25 3 38 4
          5 0 8 1 1 1
          1 2 0 0 2 3
          17 0 0 0 0 1
          0 38 13 2 3 2
          1 2 5 6 0 1
          0 18 16 36 3 8
          5 0 3 1 5 22
          0 0 6 1 0 1
          7 0 1 52 32 3
          0 14 0 0 11 1
          1 0 0 20 0 8
          5 4 0 1 4 0
          0 10 1 0 0 1
          0 19 1 0 0 0
          2 0 0 11 0 0
          2 18 13 2 0 13
          9 19 92 4 7 15
          3 1 10 7 4 2
          12 30 0 2 0 0
          0 2 73 7 35 11
          16 13 1 7 45 0
          4 0 0 0 47 41
          5 16 7 96 19 3
          13 0 0 1 1 5
          100 0 0 6 10 0
          0 36 18 23 6 20
          6 3 2 6 7 18
          1 14 0 0 0 2
          0 1 2 7 3 2
          63 0 4 0 24 3
          32 0 0 6 0 15
          7 2 19 0 1 1
          17 1 0 10 8 54
          0 0 19 0 2 0
          0 0 0 0 4 14
          0 5 3 0 10 0
          0 8 1 13 2 1
          8 1 4 12 0 0
          48 0 3 15 4 1
          2 4 7 5 15 14
          0 2 1 4 4 21
          4 6 1 3 0 1
          0 0 2 1 6 0
          16 0 4 1 0 2
          0 1 0 0 7 1
          1 1 7 9 0 7
          1 7 31 0 0 6
          5 1 2 0 1 0
          0 1 0 3 5 0
          1 19 0 20 20 20
          7 4 8 0 45 3
          0 0 0 13 8 16
          0 16 2 9 0 5
          0 5 6 24 2 24
          7 9 0 1 0 2
          1 3 3 0 0 0
          2 1 4 1 18 0
          0 0 0 7 0 48
          1 0 0 14 9 0
          3 0 4 5 9 3
          1 15 10 0 2 0
          1 1 9 3 22 0
          0 1 1 4 8 13
          0 1 2 9 0 24
          0 10 9 9 0 14
          7 14 5 29 75 4
          2 8 0 14 0 0
          12 2 3 0 1 43
          0 0 25 39 19 0
          1 1 0 59 4 1
          0 0 1 5 3 0
          58 6 3 19 2 10
          5 2 3 2 0 8
          39 0 1 4 35 2
          1 6 2 6 0 2
          28 23 0 0 3 22
          1 4 0 22 0 4
          0 4 1 6 12 2
          4 15 16 0 1 0
          9 1 56 28 0 40
          0 2 22 20 0 0
          0 5 28 0 2 21
          0 0 0 4 9 0
          13 23 0 1 5 2
          2 21 5 16 0 18
          0 26 22 7 4 5
          44 6 10 0 8 25
          29 0 12 3 1 0
          18 0 0 7 0 0
          2 10 7 2 50 4
          0 0 2 5 4 87
          83 3 26 0 2 2
          36 27 14 40 22 0
          5 2 3 7 0 0
          20 5 1 37 7 18
          1 0 0 0 3 1
          1 7 0 51 7 6
          17 10 0 0 2 5
          1 3 2 7 5 0
          22 0 0 2 9 0
          0 0 24 1 0 0
          0 4 0 0 0 5
          8 0 0 0 4 0
          0 0 0 0 1 37
          49 1 1 0 6 3
          0 0 16 6 0 3
          3 0 4 0 6 5
          0 8 0 0 0 2
          13 1 27 4 1 0
          40 2 22 48 38 0
          6 2 22 48 7 0
          0 5 10 1 2 0
          19 1 1 1 21 2
          15 2 6 0 1 0
          0 0 0 23 3 9
          9 1 0 0 0 1
          0 9 1 1 19 16
          7 0 0 14 18 1
          5 16 0 0 2 2
          0 1 13 6 3 2
          18 5 0 0 0 15
          4 3 2 6 1 11
          49 6 8 2 0 9
          0 0 16 51 0 0
          13 18 1 45 3 4
          55 1 3 6 0 25
          0 4 48 2 0 9
          0 17 19 0 0 16
          1 0 6 1 1 6
          0 1 1 0 0 0
          0 4 2 18 25 2
          0 2 0 52 42 19
          5 0 26 0 1 5
          3 1 15 22 0 0
          3 1 5 5 1 1
          98 9 0 29 5 1
          0 6 21 0 0 15
          13 13 73 1 0 39
          0 0 1 1 5 1
          9 1 3 16 19 4
          9 30 0 0 28 0
          5 21 5 1 1 16
          31 22 27 0 0 1
          15 0 6 15 37 7
          1 38 1 1 18 0
          0 21 2 1 1 10
          0 12 0 12 44 1
          0 0 6 0 1 50
          20 7 32 6 1 49
          1 0 26 0 0 3
          41 8 0 23 0 1
          2 0 27 0 4 2
          0 8 0 26 1 0
          0 1 16 24 0 81
          6 9 0 3 2 47
          3 0 1 55 0 6
          6 5 26 6 0 97
          4 1 0 0 30 5
          0 0 2 8 17 0
          10 3 34 0 0 4
          22 0 0 3 17 13
          9 0 5 6 12 1
          1 14 61 5 1 43
          0 11 0 2 56 6
          9 21 39 8 8 40
          5 0 0 1 0 4
          14 6 11 3 0 23
          1 7 1 112 0 0
          22 0 7 0 46 0
          2 0 30 0 2 0
          0 1 0 15 16 3
          2 36 1 0 14 0
          36 8 0 19 3 49
          0 2 23 7 0 10
          2 0 0 3 37 9
          2 0 4 10 2 7
          0 131 1 0 1 32
          5 2 0 0 2 0
          6 0 0 2 2 9
          2 11 10 8 6 0
          0 9 8 11 137 0
          1 81 0 1 1 3
          0 2 0 0 0 1
          2 3 46 0 1 0
          1 1 2 35 0 5
          50 0 0 6 1 1
          1 0 23 1 2 0
          0 11 1 1 13 1
          27 0 0 43 0 0
          1 0 8 4 4 4
          4 3 0 0 1 10
          13 0 0 4 75 32
          2 0 13 3 94 2
          3 0 1 0 0 23
          30 2 81 0 0 56
          2 0 93 0 41 3
          65 0 36 0 41 0
          0 19 75 1 0 0
          0 4 0 85 0 4
          30 66 0 81 17 29
          0 56 0 1 0 0
          0 0 6 0 20 0
          0 52 0 0 19 1
          10 11 18 4 35 46
          0 0 5 1 25 5
          26 3 8 0 17 40
          28 2 5 94 2 1
          13 246 0 0 10 0
          0 1 9 14 6 87
          0 1 55 1 0 0
          2 15 0 16 0 32
          11 32 84 0 10 96
          3 1 1 0 57 59
          6 2 0 8 1 58
          1 0 59 63 1 2
          74 1 0 25 2 275
          12 0 0 32 78 0
          0 159 1 0 0 2
          75 5 83 0 1 43
          3 10 0 0 105 0
          7 21 4 123 0 37
          12 299 2 41 0 21
          88 193 500 0 0 0
          0 1 44 61 0 0
          182 0 0 209 0 159
          26 96 619 2 0 0
          0 140 30 261 677 0
          809 0 284 0 254 0
          232
        </DataArray>
        <DataArray type="Float64" Name="RegionSpan" format="ascii" RangeMin="1" RangeMax="171.32717895507812">
          1.4142135381698608 1 2.2360680103302 6.324555397033691 1 4.123105525970459
          1 3 1 1 1 2.2360680103302
          1 1 1.4142135381698608 2 2.2360680103302 1
          1 1 2.8284270763397217 2.2360680103302 1 1
          1 1.4142135381698608 1.4142135381698608 3.1622776985168457 1.4142135381698608 1
          2.2360680103302 3 1 1 1 2
          2.2360680103302 1 3.1622776985168457 3.1622776985168457 1 1.4142135381698608
          2.2360680103302 1 3.1622776985168457 1.4142135381698608 1 2
          3.1622776985168457 3.1622776985168457 5.385164737701416 1.4142135381698608 2 2
          1 3.1622776985168457 2.2360680103302 2.2360680103302 3 2.2360680103302
          2.2360680103302 2 1 1 1 1
          2 2.8284270763397217 1 1.4142135381698608 1 2.2360680103302
          1 2 1 1 6.4031243324279785 2.2360680103302
          3.605551242828369 1 1 6.082762718200684 3 4.4721360206604
          1 2 1 1.4142135381698608 1 3.1622776985168457
          3.1622776985168457 2 2 1 1 1
          1 3.1622776985168457 2 1 5 1
          3.1622776985168457 2 1 1.4142135381698608 1 2.8284270763397217
          3.605551242828369 1 1 1 3 1
          1 1 3.605551242828369 2 1 3.1622776985168457
          1.4142135381698608 1 1 1.4142135381698608 1 2.2360680103302
          2.2360680103302 5.099019527435303 1 2.2360680103302 3.605551242828369 1
          5 2.2360680103302 1 1 1.4142135381698608 1
          4.123105525970459 1 1.4142135381698608 4.123105525970459 1 2.2360680103302
          2.2360680103302 1 3.1622776985168457 3.1622776985168457 2.2360680103302 3.605551242828369
          6.082762718200684 2.2360680103302 3.1622776985168457 3.605551242828369 2 2.2360680103302
          1 1.4142135381698608 6.7082037925720215 1 3.1622776985168457 1
          2.2360680103302 1 2.8284270763397217 2.2360680103302 3 1.4142135381698608
          3.605551242828369 2 1.4142135381698608 9 3 1
          1 3.1622776985168457 2 1.4142135381698608 1 3.1622776985168457
          4.4721360206604 5.656854152679443 1 1.4142135381698608 2.8284270763397217 1
          1 1 2 1 1.4142135381698608 3.1622776985168457
          2.8284270763397217 1.4142135381698608 1 2.2360680103302 5.385164737701416 2.2360680103302
          1 1 1 6.324555397033691 1.4142135381698608 3.1622776985168457
          2.2360680103302 1 2.2360680103302 1.4142135381698608 1 6.4031243324279785
          1 2.2360680103302 1.4142135381698608 1.4142135381698608 1 1
          3 1 2.8284270763397217 1 1.4142135381698608 3.1622776985168457
          2.2360680103302 7.6157732009887695 5 1 2 16
          1 1 1 3.605551242828369 3.605551242828369 5.656854152679443
          4 2.2360680103302 2.2360680103302 1 1 1
          2.2360680103302 2 2 9 2.2360680103302 2.8284270763397217
          1 2 1 8.062257766723633 1 1.4142135381698608
          2.8284270763397217 10.29563045501709 1 1.4142135381698608 1 2
          15.132745742797852 1 5.099019527435303 7.280109882354736 3.1622776985168457 6.324555397033691
          6.324555397033691 2.8284270763397217 2.2360680103302 2 1.4142135381698608 2
          1 2 5.385164737701416 7.211102485656738 1 1.4142135381698608
          2.2360680103302 12.369317054748535 2.8284270763397217 1 4 7.6157732009887695
          2.2360680103302 1 1 8.062257766723633 2.8284270763397217 1
          1.4142135381698608 2.2360680103302 1 2.8284270763397217 1 2
          1 1 2 2 1 1
          29.017236709594727 3.605551242828369 4.4721360206604 2.2360680103302 1.4142135381698608 1
          1.4142135381698608 5.099019527435303 1 1.4142135381698608 2 1
          29.27456283569336 2.8284270763397217 1 1 1 1
          2.2360680103302 1 9.433980941772461 1 7.280109882354736 5
          1 4.123105525970459 1 2 1 2.2360680103302
          1.4142135381698608 1.4142135381698608 2.8284270763397217 4.4721360206604 1 3.1622776985168457
          4.4721360206604 1 1.4142135381698608 6.4031243324279785 3.605551242828369 2
          1.4142135381698608 16.124515533447266 7.280109882354736 5.385164737701416 1 1
          1 1 3 1 5 2.2360680103302
          1.4142135381698608 8.9442720413208 3 3.605551242828369 1 13.601470947265625
          1 2.2360680103302 2.2360680103302 6.7082037925720215 3.1622776985168457 2.2360680103302
          1 1.4142135381698608 2.2360680103302 9.433980941772461 1 1
          4.123105525970459 1.4142135381698608 1 2 1 1.4142135381698608
          1 1 2.2360680103302 1 1 1
          2.2360680103302 1.4142135381698608 2.2360680103302 9 3.1622776985168457 11.401754379272461
          4.123105525970459 2.8284270763397217 1 3.1622776985168457 1 2.8284270763397217
          3 5 1 2.2360680103302 2.2360680103302 8.9442720413208
          2 1 1.4142135381698608 2.2360680103302 1 1
          1 31.256999969482422 1 2.2360680103302 2.8284270763397217 1
          1.4142135381698608 12.369317054748535 5.656854152679443 1 2.2360680103302 3.1622776985168457
          6.324555397033691 2.8284270763397217 8.062257766723633 1 3.1622776985168457 1
          1.4142135381698608 1.4142135381698608 6.4031243324279785 2.2360680103302 2.2360680103302 3.1622776985168457
          1 2 1 1 6.7082037925720215 3
          11.401754379272461 3.605551242828369 1 13.928388595581055 3.605551242828369 6.4031243324279785
          8.062257766723633 1.4142135381698608 4 4.242640495300293 1.4142135381698608 4.4721360206604
          3.605551242828369 1 2.2360680103302 2.8284270763397217 2 18.439088821411133
          9.899495124816895 1.4142135381698608 1 1 9.486832618713379 2
          1 1 2.8284270763397217 4 1.4142135381698608 10.29563045501709
          1 5 1 5 2 2.8284270763397217
          7.211102485656738 34.525352478027344 7.8102498054504395 2.2360680103302 10 1.4142135381698608
          3.1622776985168457 4.123105525970459 4.123105525970459 1.4142135381698608 1 11.313708305358887
          3.605551242828369 1.4142135381698608 6 1 9.219544410705566 17.72004508972168
          1 5 1 19.209373474121094 2.2360680103302 2
          2.2360680103302 4.4721360206604 1 4.123105525970459 3.1622776985168457 33.105892181396484
          1 7.8102498054504395 2 1 1 1
          1 1 1 1 1 1
          2.2360680103302 1.4142135381698608 9.433980941772461 2.2360680103302 1 2
          5.830951690673828 10.29563045501709 3 3.1622776985168457 1 5.830951690673828
          1 8.485280990600586 2.2360680103302 2.2360680103302 16.6433162689209 2.8284270763397217
          4.4721360206604 3.1622776985168457 7.6157732009887695 8.485280990600586 16.124515533447266 1
          11.401754379272461 1 3 3.605551242828369 5.830951690673828 2.2360680103302
          1.4142135381698608 4.123105525970459 1.4142135381698608 2 1 6
          1 10 1.4142135381698608 6.324555397033691 1.4142135381698608 2.8284270763397217
          4.4721360206604 19.10497283935547 1 1 12.206555366516113 2.8284270763397217
          1 2.2360680103302 18.027755737304688 1.4142135381698608 3.1622776985168457 2.8284270763397217
          15.81138801574707 1 28.861740112304688 1 2 7.071067810058594
          1 1 1 15.264337539672852 1.4142135381698608 2
          3 1 2.2360680103302 1 1 2.2360680103302
          3.1622776985168457 2 5.656854152679443 2.2360680103302 21.954498291015625 1
          1 23.853721618652344 1 2.2360680103302 2 6.082762718200684
          10.198039054870605 2.2360680103302 1 2.8284270763397217 2.2360680103302 1
          2.8284270763397217 1 1 2.8284270763397217 2.2360680103302 17.69180679321289
          1.4142135381698608 12.369317054748535 2 3.605551242828369 4.123105525970459 2.2360680103302
          1 6.082762718200684 1 2 3.605551242828369 1
          9.848857879638672 1 5.656854152679443 6.324555397033691 1 3.1622776985168457
          1.4142135381698608 1 1 2 4.123105525970459 2
          11.661903381347656 3.1622776985168457 18.788293838500977 1 9.433980941772461 5.830951690673828
          5 2 1 3 1 2.2360680103302
          1 1.4142135381698608 2.8284270763397217 33.541019439697266 3 2.2360680103302
          1 9.848857879638672 1 8.9442720413208 1 1.4142135381698608
          6.082762718200684 12.806248664855957 1 1 6.082762718200684 2
          2 6.4031243324279785 1 22.847318649291992 2 1
          1 2 2 1 13 4.4721360206604
          5.099019527435303 1 2.2360680103302 1 1.4142135381698608 1
          2.2360680103302 4 8.602325439453125 1 4 1
          2.8284270763397217 1 2.2360680103302 2 5 7.6157732009887695
          1 2 1.4142135381698608 1 13.152946472167969 5
          3.605551242828369 1 1 1 6.082762718200684 2
          1 44.18144226074219 7 8.5440034866333 1 1
          2 3 4 3.605551242828369 1 2
          1 2.8284270763397217 6.4031243324279785 4.123105525970459 1 3
          10.049875259399414 1.4142135381698608 2.2360680103302 1 3 9
          1 1 16.970561981201172 1.4142135381698608 1 1
          8.9442720413208 1 1 5.830951690673828 27.294687271118164 5.099019527435303
          1 4.123105525970459 1 1 4.4721360206604 1
          1.4142135381698608 1 44.59820556640625 10 1 3
          2.2360680103302 2.2360680103302 1 1 5 1.4142135381698608
          1 42.48529052734375 2 1 1 1
          1.4142135381698608 3.605551242828369 2.2360680103302 1.4142135381698608 1 1
          2 1 1 10 2.2360680103302 3.605551242828369
          2.2360680103302 14.317821502685547 2 2 1 5
          2.8284270763397217 7.6157732009887695 12.041594505310059 9.433980941772461 8.5440034866333 3.1622776985168457
          4 2 9.433980941772461 3.1622776985168457 2.2360680103302 1.4142135381698608
          10.770329475402832 11.313708305358887 1 1 2.8284270763397217 1.4142135381698608
          2.2360680103302 3.605551242828369 44.55333709716797 2.2360680103302 25 3.605551242828369
          5.099019527435303 7 1 2.2360680103302 5.385164737701416 1
          8.602325439453125 3.1622776985168457 1 1 14.866068840026855 11.180339813232422
          1.4142135381698608 4.242640495300293 4.123105525970459 4.4721360206604 7.280109882354736 2
          4 1 1 1 1.4142135381698608 4.123105525970459
          10.29563045501709 1 1 1 11.661903381347656 1
          1 19.313207626342773 2.2360680103302 20.02498435974121 2 20.124610900878906
          3.605551242828369 1.4142135381698608 1.4142135381698608 43.84062194824219 2 3
          1 36.055511474609375 1 1 1 1
          2.2360680103302 1.4142135381698608 24.20743751525879 11.180339813232422 3 2.8284270763397217
          12.806248664855957 1 2 1 13.601470947265625 2.2360680103302
          6.7082037925720215 1 1.4142135381698608 2.2360680103302 1 3.1622776985168457
          3.605551242828369 2 7.211102485656738 1 1.4142135381698608 1.4142135381698608
          5.385164737701416 1.4142135381698608 1 3 23.34523582458496 3.1622776985168457
          1 1 10.440306663513184 1 14.866068840026855 1
          1 1 1.4142135381698608 1 2.2360680103302 3.1622776985168457
          1 2.2360680103302 5 1 5.385164737701416 1
          1.4142135381698608 3.1622776985168457 13.34166431427002 3.605551242828369 1 1
          2.8284270763397217 5 23.34523582458496 7.6157732009887695 1 1
          3.605551242828369 1 1.4142135381698608 2 1 8.602325439453125
          1.4142135381698608 5.830951690673828 2 41.761226654052734 3 8.5440034866333
          1 1 1.4142135381698608 2.2360680103302 1 26.248809814453125
          4.123105525970459 2.2360680103302 1 7.211102485656738 1 2
          1 1 2 1.4142135381698608 2.8284270763397217 1.4142135381698608
          33.241539001464844 1 2 2.2360680103302 1 14.03566837310791
          1 2.8284270763397217 1 1 10.440306663513184 1
          1 1 21.931713104248047 5.830951690673828 1 7.071067810058594
          1 2.8284270763397217 9.219544410705566 1 1 2.8284270763397217
          3 1.4142135381698608 8.062257766723633 1 43.382022857666016 1
          1 1 1 2.2360680103302 44.29446792602539 1
          1 3.605551242828369 2.8284270763397217 8.062257766723633 8.062257766723633 8.602325439453125
          4.242640495300293 2 3 1 7.071067810058594 2.2360680103302
          1 1 1 5.385164737701416 30.4138126373291 2
          1 2 1 8.246211051940918 1 3.605551242828369
          1.4142135381698608 7.071067810058594 2 3.605551242828369 2 21.189620971679688
          1.4142135381698608 3 1.4142135381698608 1 1 2.2360680103302
          2 2 2 1 1.4142135381698608 1
          1 4.123105525970459 2 1 24.698177337646484 1
          1 1 1 2.2360680103302 1 2.8284270763397217
          2 1.4142135381698608 1 5 4 1
          1.4142135381698608 1.4142135381698608 2 2.8284270763397217 6.7082037925720215 2
          1 13.03840446472168 8.9442720413208 1.4142135381698608 3.1622776985168457 3.605551242828369
          12 1.4142135381698608 15.55634880065918 2.2360680103302 7.280109882354736 1.4142135381698608
          1 2.2360680103302 1 16.031219482421875 3.1622776985168457 9.219544410705566
          1 1.4142135381698608 1 5 1.4142135381698608 2
          1 4 2.8284270763397217 5 1 9.848857879638672
          3.1622776985168457 1.4142135381698608 1.4142135381698608 30.610456466674805 14.422204971313477 19.209373474121094
          3 4.123105525970459 1 8.246211051940918 1 2.2360680103302
          4.4721360206604 3.1622776985168457 2.8284270763397217 1 1 10.29563045501709
          1 1 14.422204971313477 24.20743751525879 5 2
          2.2360680103302 2 1.4142135381698608 3 31.827661514282227 2
          1 1 40.52159881591797 32.4499626159668 1 1
          55.71355438232422 4.123105525970459 4.123105525970459 3.605551242828369 1.4142135381698608 15.264337539672852
          2.2360680103302 31.240999221801758 1.4142135381698608 1 1 2.2360680103302
          13.416407585144043 7.211102485656738 2.2360680103302 2.2360680103302 12.529964447021484 2.2360680103302
          10.198039054870605 25 2.2360680103302 4.4721360206604 1 1.4142135381698608
          18.027755737304688 26.4007568359375 1.4142135381698608 1 1 8.062257766723633
          1 5 1 18.384777069091797 1.4142135381698608 10.049875259399414
          1 10.049875259399414 2 3.1622776985168457 10.29563045501709 1
          1.4142135381698608 27.459060668945312 10.440306663513184 1 1 2
          16.124515533447266 1 15.55634880065918 12.041594505310059 3 14.866068840026855
          1 1.4142135381698608 2 14.142135620117188 1 1
          1 2 39.458839416503906 1 1.4142135381698608 7.8102498054504395
          1 8.246211051940918 1 2.8284270763397217 2.2360680103302 1
          3.605551242828369 10.198039054870605 1 2 3 5.099019527435303
          1.4142135381698608 8.5440034866333 3.605551242828369 36.22154235839844 1 19.92485809326172
          1.4142135381698608 4 7.6157732009887695 2.8284270763397217 2 2
          19.209373474121094 7.280109882354736 8.062257766723633 3 53.851646423339844 8.602325439453125
          5 1 12.649110794067383 23.0867919921875 2 1
          1.4142135381698608 1.4142135381698608 1 6 1.4142135381698608 2
          1 3.605551242828369 2.2360680103302 2.8284270763397217 7.6157732009887695 1
          1 44.40720748901367 1.4142135381698608 14.866068840026855 3.605551242828369 37.013511657714844
          25.495098114013672 15.65247631072998 10 1 4.123105525970459 2.2360680103302
          11.180339813232422 45.221675872802734 8 27.166154861450195 7.6157732009887695 1
          26.4007568359375 1 12.806248664855957 2.8284270763397217 1 1
          16.124515533447266 2.2360680103302 1 38.01315689086914 4.123105525970459 2.2360680103302
          1 1 1.4142135381698608 1.4142135381698608 2 1.4142135381698608
          1.4142135381698608 3 1 15.29705810546875 2.2360680103302 8.9442720413208
          3.1622776985168457 2 1 1 1.4142135381698608 2.2360680103302
          1 2.2360680103302 3 1.4142135381698608 1.4142135381698608 1
          57.384666442871094 1 1 1.4142135381698608 3.605551242828369 1
          11.313708305358887 1 11.180339813232422 1.4142135381698608 1 1
          1 10.049875259399414 1 1 1 2.8284270763397217
          2.2360680103302 16.401220321655273 1 1 18.357559204101562 1
          1 1 1 1 1 29.681644439697266
          24.698177337646484 2 1 1 3.1622776985168457 5.385164737701416
          1 1.4142135381698608 5.099019527435303 3.605551242828369 1 15.29705810546875
          2.8284270763397217 1 15.132745742797852 1 3.1622776985168457 6.7082037925720215
          1 24.1867733001709 1 1 2.2360680103302 2
          4 1 2.8284270763397217 18.601076126098633 2.2360680103302 1
          25.238859176635742 2 28.319604873657227 18.681541442871094 16.401220321655273 1
          28.792360305786133 1 17 7 1.4142135381698608 2.8284270763397217
          1 2.2360680103302 9.219544410705566 1.4142135381698608 1.4142135381698608 1
          2 1 1 1.4142135381698608 33.941123962402344 1.4142135381698608
          36.359317779541016 2.2360680103302 55.31726837158203 1 1 1.4142135381698608
          1 1 1.4142135381698608 6.4031243324279785 3.1622776985168457 12.165525436401367
          35.1710090637207 1 1 1 2 3.1622776985168457
          1 12 1.4142135381698608 2.2360680103302 36.878177642822266 34.13209533691406
          11.045360565185547 42.95346450805664 1 14.21267032623291 2.2360680103302 2
          2.8284270763397217 44.283180236816406 1.4142135381698608 1 1 2
          1 1.4142135381698608 14.21267032623291 35.22782897949219 49.648765563964844 1
          40.31128692626953 23.34523582458496 1 1 1 25.961509704589844
          2 42.20189666748047 2.2360680103302 4.123105525970459 1 3
          43.8292121887207 35.510562896728516 22.803508758544922 2.2360680103302 1 71.56116485595703
          1 1 5.099019527435303 31.38471031188965 1 1
          77.93586730957031 2.8284270763397217 2.2360680103302 3 78.92401123046875 24.83948516845703
          22.803508758544922 1.4142135381698608 51.97114562988281 76.40026092529297 1 25.63201141357422
          1 2.2360680103302 13.416407585144043 21.260292053222656 12.727922439575195 24.1867733001709
          1 4.4721360206604 23.53720474243164 1 8.246211051940918 19.02629852294922
          15 1 95.75489807128906 1 3.1622776985168457 27.58622932434082
          13.601470947265625 2 25.495098114013672 1 1 1
          19.313207626342773 78.8733139038086 1 9.899495124816895 38.94868469238281 2
          1 1 1 18.357559204101562 34.828147888183594 3.605551242828369
          40.49691390991211 1 5.385164737701416 1 2.2360680103302 14.764822959899902
          12.206555366516113 37.2155876159668 65.51335906982422 12.529964447021484 1 4.123105525970459
          8.246211051940918 2 2 48.25971221923828 20.615528106689453 1
          57 2.2360680103302 23.021728515625 28.792360305786133 2 1
          1 2 3.605551242828369 1 1 6.324555397033691
          13 39.051246643066406 59.66573715209961 37.013511657714844 1 32.24903106689453
          1.4142135381698608 1 1.4142135381698608 1 44.777225494384766 1
          28.635643005371094 1.4142135381698608 66.5732650756836 45.880279541015625 13.03840446472168 4.123105525970459
          11.704699516296387 65.29930877685547 1 1 55.44366455078125 1
          1 3.1622776985168457 64.40496826171875 1 1.4142135381698608 19.646883010864258
          27.784887313842773 121.59358215332031 4.123105525970459 1 1.4142135381698608 1.4142135381698608
          29.068883895874023 1.4142135381698608 78.23043060302734 4 16.124515533447266 24.083189010620117
          1 71.30918884277344 2 1 11.045360565185547 2.2360680103302
          1 140.65560913085938 1.4142135381698608 12.083045959472656 1.4142135381698608 171.32717895507812
          1 15.81138801574707 1 24.413110733032227 14.866068840026855 1.4142135381698608
          1 1.4142135381698608 32.24903106689453 1.4142135381698608 1.4142135381698608 79.5110092163086
          20.124610900878906 2.2360680103302 26.248809814453125 1 1 31.14482307434082
          1.4142135381698608 1 48 1 1 1.4142135381698608
          29.154760360717773 3.605551242828369 1.4142135381698608 6.082762718200684 1 1.4142135381698608
          2 1 2.2360680103302 1 2 11
          1 2.8284270763397217 1 68.02940368652344 1 1
          1 1.4142135381698608 28.65309715270996 2 10.440306663513184 75.92759704589844
          32.24903106689453 2 1 2.2360680103302 23.0867919921875 48.60041046142578
          2 1.4142135381698608 1 14.21267032623291 1 4.4721360206604
          2.2360680103302 2 20.248456954956055 69.85699462890625 1 57.80138397216797
          3.1622776985168457 1 1 64.38167572021484 35.11410140991211 2.2360680103302
          1 1 37.161808013916016 76.10519409179688 75.1664810180664 1
          38.587562561035156 92.9139404296875 117.0469970703125 1 1 15.81138801574707
          71.84706115722656 9 1 60.530982971191406 48.66210174560547 49.51767349243164
          4.4721360206604 1 44.94440841674805 73.00685119628906 79.92496490478516 1
          1 66.2872543334961 46.097721099853516 43.90899658203125 2.8284270763397217 86.83317565917969
          1 7.6157732009887695 1 1 86.97700500488281 148.44863891601562
          1.4142135381698608 120.33702850341797 39.623226165771484 4.4721360206604 20.51828384399414 96.50906372070312
          2.2360680103302 1 1 2 1 2
          100.4987564086914 19.235383987426758 40.804412841796875 1.4142135381698608 1 38.897300720214844
          1.4142135381698608 13.601470947265625 1 53.600372314453125 1 1.4142135381698608
          62.96824645996094 1 3.1622776985168457 1 83.48652648925781 7.280109882354736
          1.4142135381698608 1 31.240999221801758 1 1 1
          1 40.70626449584961 1 26.4007568359375 46.06517028808594 55.578773498535156
          2.2360680103302 119.8832778930664 1 1 57.07889175415039 1
          104.62313079833984 50.80354309082031 1 51.41984176635742 2 96.5660400390625
          1 21.540658950805664 41.01219177246094 8.062257766723633 1 21.02379608154297
          6.4031243324279785 1.4142135381698608 1 70.21395874023438 103.09703826904297 8.9442720413208
          4.123105525970459 1 129.71121215820312 26.172504425048828 50.635955810546875 106.79419708251953
          108.85311126708984 77.10382843017578 1.4142135381698608 1 1 82.3468246459961
          2.2360680103302 1 1 1.4142135381698608 6.324555397033691 1
          5.385164737701416 1 1 2 87.29833984375 24.413110733032227
          7.071067810058594 46.27094268798828 99.46356201171875 60.20797348022461 99.28242492675781 1.4142135381698608
          1 115.36463928222656 100.40916442871094 11.180339813232422 78.26238250732422 1
          1 92.76313781738281 1 1 1 3
          1 5 1 1 1 1
          2 44.643028259277344 53.075416564941406 1 1.4142135381698608 1
          1.4142135381698608 4.123105525970459 2.2360680103302 89.69392395019531 1 9.05538558959961
          83.48652648925781 1 1 12.727922439575195 2.2360680103302 1.4142135381698608
          1.4142135381698608 104.9952392578125 101.49384307861328 1.4142135381698608 5.656854152679443 1
          10 30.870698928833008 1 3.605551242828369 139.51702880859375 1.4142135381698608
          19.72308349609375 1 1.4142135381698608 124.90796661376953 1 7.280109882354736
          1 1 13.152946472167969 72.94518280029297 76.27581787109375 41.43669891357422
          80.15609741210938 75.27283477783203 1 124.32618713378906 98.65596771240234 44.94440841674805
          118.20744323730469 1 169.95587158203125 166.20770263671875 124.19742584228516 4
          2.2360680103302 1 83.00602722167969 2.2360680103302 12.083045959472656 1.4142135381698608
          1 1 1 15.620499610900879 1 100.16985321044922
          4 70.21395874023438 36.12478256225586 1 1 70.80254364013672
          3.605551242828369 1.4142135381698608 50.21951675415039 1 93.92018127441406 2.8284270763397217
          55.73149871826172 1.4142135381698608 147.27525329589844 1 98.27003479003906 1.4142135381698608
          1 49.648765563964844 89.04492950439453 1 1.4142135381698608 1
          1.4142135381698608 2 1 80.52949523925781 1 84.59905242919922
          62.265560150146484 57.628116607666016 1 63.06346130371094 90.00555419921875 65.11528015136719
          1.4142135381698608 53.23532485961914 1 1 1 1
          1.4142135381698608 1 4 1 101.83319854736328 1
          1 106.40018463134766 1 1.4142135381698608 77.93586730957031 1
          55.56977462768555 32.31098937988281 93.5574722290039 140.16062927246094 56.79788589477539 143.0034942626953
          1 1 2 1.4142135381698608 145.34442138671875 48.30113983154297
          31.240999221801758 2 45.221675872802734 1 103.5857162475586 152.55490112304688
          81.88406372070312 2.2360680103302 104.69479370117188 99.32270812988281 4.242640495300293 1
          31.14482307434082 76.216796875 1 1 3 1
          1 1 2.2360680103302 145 14.866068840026855 159.67779541015625
          1 2.2360680103302 143.73587036132812 2.8284270763397217 1 1
          51 35.34119415283203 1.4142135381698608 36.8917350769043 1 68.60028839111328
          102.70345306396484 18.248287200927734 89.94442749023438 1 16.278820037841797 53.46026611328125
          3.1622776985168457 1 1 1 98.47334289550781 54.5618896484375
          9.433980941772461 2.8284270763397217 1.4142135381698608 31.064449310302734 61.057350158691406 103.0436782836914
          1 121.27654266357422 54.708316802978516 45.7055778503418 1 1.4142135381698608
          7.8102498054504395 1.4142135381698608 1 28.861740112304688 2.2360680103302 9.05538558959961
          6.324555397033691 1 1 119.62023162841797 79.4040298461914 1
          1 12.529964447021484 1.4142135381698608 1 1 1.4142135381698608
          70.21395874023438 7 122.18428802490234 2 1 125.63439178466797
          65 65.4369888305664 1.4142135381698608 1 127.12198638916016 1
          65.94694519042969 111.83023071289062 1.4142135381698608 114.75626373291016 12.041594505310059 83.40863037109375
          4 123.00406646728516 2 113.26517486572266 1 13.34166431427002
          2.8284270763397217 8.9442720413208 34.828147888183594 1 1 1
          1 121.34249114990234 133.01502990722656 96.2081069946289 1.4142135381698608 1
          43.17406463623047 1 1 108.15729522705078 1.4142135381698608 61.91122817993164
          24.59674835205078 51.195701599121094 36.34556198120117 2.2360680103302 1.4142135381698608 1
          1 44.04542922973633 43.65776062011719 68 33.970577239990234 1
          29.832868576049805 1 5.830951690673828 1.4142135381698608 21.02379608154297 1.4142135381698608
          8.062257766723633
        </DataArray>
      </CellData>
      <Points>
        <DataArray type="Float32" Name="Points" NumberOfComponents="3" format="ascii" RangeMin="1" RangeMax="224.8599564173221">
          100 29 0 99 30 0
          8 108 0 8 109 0
          37 8 0 35 7 0
          89 9 0 87 15 0
          134 126 0 134 127 0
          5 105 0 4 109 0
          3 125 0 3 124 0
          11 154 0 8 154 0
          7 156 0 7 155 0
          6 155 0 8 110 0
          77 132 0 75 133 0
          3 123 0 135 124 0
          135 125 0 74 131 0
          75 130 0 150 33 0
          148 33 0 84 121 0
          82 120 0 138 54 0
          139 54 0 18 121 0
          18 122 0 134 128 0
          10 111 0 131 135 0
          133 136 0 103 9 0
          104 9 0 147 89 0
          148 89 0 19 122 0
          2 121 0 1 120 0
          17 121 0 122 101 0
          123 104 0 98 33 0
          99 32 0 26 41 0
          26 42 0 107 129 0
          108 131 0 142 133 0
          142 130 0 153 85 0
          153 86 0 16 121 0
          2 102 0 2 101 0
          92 33 0 94 33 0
          21 147 0 20 145 0
          27 42 0 29 43 0
          37 86 0 40 87 0
          99 31 0 10 157 0
          9 158 0 96 31 0
          98 30 0 63 54 0
          63 55 0 0 123 0
          81 119 0 139 55 0
          106 111 0 106 109 0
          6 158 0 67 127 0
          68 130 0 22 123 0
          149 88 0 3 122 0
          8 158 0 148 32 0
          136 53 0 142 138 0
          140 137 0 146 90 0
          101 11 0 103 10 0
          142 142 0 140 142 0
          154 86 0 145 90 0
          106 107 0 105 107 0
          5 85 0 5 86 0
          79 84 0 77 82 0
          140 109 0 140 108 0
          137 128 0 138 127 0
          38 72 0 37 72 0
          154 35 0 152 36 0
          58 94 0 58 95 0
          63 57 0 134 50 0
          135 50 0 124 104 0
          151 86 0 135 137 0
          151 35 0 140 107 0
          130 138 0 130 137 0
          134 131 0 21 96 0
          18 96 0 78 118 0
          24 111 0 23 111 0
          159 96 0 159 98 0
          76 130 0 6 87 0
          143 130 0 143 109 0
          136 66 0 137 69 0
          159 81 0 157 81 0
          104 97 0 104 99 0
          34 7 0 9 94 0
          9 93 0 2 100 0
          73 130 0 74 130 0
          10 133 0 13 132 0
          137 142 0 139 142 0
          121 131 0 117 134 0
          40 88 0 136 137 0
          106 11 0 106 9 0
          109 131 0 4 152 0
          5 153 0 44 100 0
          44 101 0 58 123 0
          56 126 0 140 141 0
          140 136 0 1 127 0
          0 127 0 156 86 0
          45 101 0 137 139 0
          18 107 0 16 107 0
          36 72 0 98 15 0
          97 14 0 0 126 0
          105 9 0 138 125 0
          138 126 0 6 88 0
          105 22 0 103 21 0
          63 43 0 68 44 0
          12 93 0 11 93 0
          6 131 0 8 132 0
          0 98 0 139 126 0
          93 68 0 94 70 0
          105 106 0 134 132 0
          11 115 0 10 114 0
          10 113 0 141 134 0
          151 36 0 8 92 0
          136 138 0 1 125 0
          12 129 0 11 131 0
          23 110 0 64 58 0
          0 119 0 136 116 0
          135 118 0 47 29 0
          50 30 0 39 75 0
          23 57 0 21 57 0
          21 110 0 159 101 0
          159 102 0 128 142 0
          129 143 0 69 136 0
          75 82 0 74 82 0
          32 8 0 59 95 0
          139 137 0 96 125 0
          94 124 0 41 101 0
          157 85 0 48 44 0
          46 44 0 109 132 0
          156 81 0 7 88 0
          159 108 0 156 107 0
          108 133 0 147 29 0
          147 30 0 99 12 0
          134 133 0 110 36 0
          111 36 0 136 49 0
          3 151 0 130 143 0
          133 145 0 134 145 0
          16 137 0 16 138 0
          153 104 0 153 103 0
          112 37 0 13 95 0
          98 13 0 120 100 0
          119 100 0 136 128 0
          7 90 0 20 57 0
          135 147 0 135 146 0
          129 146 0 130 146 0
          34 85 0 14 94 0
          101 46 0 98 47 0
          15 118 0 17 119 0
          134 146 0 21 143 0
          0 97 0 20 110 0
          20 109 0 9 18 0
          10 20 0 158 82 0
          142 4 0 142 5 0
          74 81 0 17 138 0
          96 72 0 16 106 0
          30 117 0 29 116 0
          157 56 0 158 59 0
          107 136 0 108 134 0
          137 148 0 136 148 0
          27 16 0 29 16 0
          136 144 0 150 103 0
          151 103 0 110 132 0
          142 6 0 91 35 0
          79 14 0 77 17 0
          81 86 0 107 36 0
          39 102 0 87 38 0
          87 37 0 135 119 0
          135 120 0 32 118 0
          33 118 0 75 104 0
          76 106 0 146 111 0
          144 111 0 16 136 0
          145 144 0 23 125 0
          137 84 0 135 86 0
          20 108 0 129 145 0
          77 118 0 10 97 0
          10 96 0 56 93 0
          146 144 0 30 17 0
          44 43 0 45 43 0
          19 57 0 111 132 0
          98 19 0 156 89 0
          151 97 0 153 96 0
          136 151 0 136 149 0
          28 115 0 23 28 0
          25 28 0 152 103 0
          26 112 0 4 104 0
          91 121 0 90 121 0
          25 81 0 24 80 0
          97 110 0 98 112 0
          16 21 0 14 23 0
          46 43 0 140 53 0
          24 13 0 26 12 0
          19 56 0 18 4 0
          19 4 0 12 98 0
          89 36 0 88 36 0
          143 7 0 159 103 0
          135 29 0 137 31 0
          33 119 0 14 136 0
          14 134 0 119 99 0
          76 107 0 10 22 0
          141 0 0 141 2 0
          0 118 0 87 36 0
          27 13 0 104 132 0
          92 122 0 99 132 0
          98 131 0 13 134 0
          13 133 0 32 117 0
          25 146 0 31 8 0
          23 79 0 5 15 0
          7 15 0 154 96 0
          131 149 0 83 45 0
          85 43 0 143 8 0
          140 52 0 105 99 0
          151 39 0 151 38 0
          128 154 0 129 152 0
          97 59 0 97 60 0
          5 127 0 143 110 0
          26 59 0 12 99 0
          142 3 0 93 122 0
          82 33 0 84 33 0
          102 25 0 102 24 0
          12 24 0 33 130 0
          32 131 0 87 89 0
          86 88 0 151 101 0
          121 100 0 156 90 0
          29 0 0 26 1 0
          142 57 0 50 31 0
          10 26 0 11 25 0
          43 42 0 65 16 0
          65 14 0 14 132 0
          12 118 0 42 159 0
          40 152 0 71 104 0
          15 133 0 14 133 0
          79 67 0 79 68 0
          129 62 0 129 63 0
          153 94 0 153 91 0
          26 113 0 68 34 0
          72 37 0 84 34 0
          86 35 0 107 99 0
          29 10 0 18 20 0
          17 20 0 147 25 0
          97 131 0 157 101 0
          47 104 0 37 112 0
          35 111 0 156 106 0
          51 31 0 3 84 0
          4 84 0 155 80 0
          156 80 0 64 10 0
          20 4 0 128 150 0
          129 150 0 156 100 0
          123 92 0 123 93 0
          27 12 0 50 113 0
          51 111 0 98 20 0
          128 157 0 128 156 0
          86 87 0 28 113 0
          68 114 0 69 115 0
          16 22 0 65 6 0
          64 3 0 154 95 0
          123 94 0 130 150 0
          100 21 0 22 4 0
          143 159 0 147 156 0
          12 19 0 12 18 0
          84 87 0 41 92 0
          40 90 0 25 123 0
          98 129 0 31 131 0
          55 94 0 143 57 0
          152 101 0 26 123 0
          121 91 0 122 91 0
          54 92 0 24 2 0
          52 31 0 142 92 0
          141 92 0 19 108 0
          44 27 0 102 21 0
          141 3 0 155 106 0
          0 12 0 2 13 0
          130 43 0 128 42 0
          126 41 0 125 38 0
          83 89 0 84 89 0
          98 114 0 33 85 0
          98 60 0 158 106 0
          151 99 0 148 113 0
          148 112 0 150 158 0
          138 32 0 105 83 0
          105 87 0 94 57 0
          143 125 0 142 126 0
          57 13 0 54 11 0
          71 116 0 70 116 0
          147 97 0 149 96 0
          132 159 0 130 159 0
          147 24 0 149 149 0
          149 148 0 144 11 0
          131 63 0 125 62 0
          126 62 0 120 90 0
          121 90 0 113 89 0
          111 87 0 80 0 0
          80 4 0 106 35 0
          9 128 0 10 128 0
          84 90 0 118 86 0
          115 90 0 150 74 0
          152 74 0 138 51 0
          116 20 0 118 19 0
          120 23 0 121 22 0
          16 52 0 17 55 0
          7 37 0 11 38 0
          17 23 0 81 87 0
          18 136 0 35 121 0
          36 122 0 21 13 0
          124 23 0 124 24 0
          91 123 0 101 28 0
          56 127 0 52 111 0
          34 120 0 82 88 0
          65 20 0 65 18 0
          117 98 0 27 102 0
          26 102 0 145 14 0
          159 59 0 148 114 0
          134 86 0 0 147 0
          1 147 0 148 147 0
          148 146 0 95 25 0
          95 24 0 133 154 0
          133 155 0 120 19 0
          120 20 0 138 69 0
          139 51 0 43 27 0
          28 97 0 26 96 0
          153 51 0 37 122 0
          3 149 0 144 93 0
          31 85 0 152 77 0
          108 99 0 145 93 0
          132 45 0 48 7 0
          47 5 0 156 39 0
          65 77 0 63 75 0
          13 21 0 159 40 0
          133 65 0 70 79 0
          87 42 0 87 41 0
          15 4 0 26 101 0
          64 0 0 14 115 0
          29 83 0 123 21 0
          90 124 0 149 115 0
          7 4 0 9 4 0
          133 156 0 65 8 0
          26 28 0 100 78 0
          93 113 0 94 114 0
          146 17 0 78 69 0
          96 114 0 47 113 0
          18 135 0 99 23 0
          100 23 0 54 34 0
          159 124 0 157 122 0
          70 115 0 135 154 0
          74 117 0 26 29 0
          35 132 0 15 115 0
          76 18 0 76 19 0
          71 149 0 71 147 0
          101 114 0 121 20 0
          122 20 0 133 85 0
          134 85 0 64 59 0
          2 147 0 2 149 0
          73 116 0 124 25 0
          123 22 0 132 27 0
          133 27 0 71 146 0
          76 67 0 0 143 0
          2 143 0 45 112 0
          17 141 0 17 140 0
          20 13 0 35 133 0
          63 132 0 61 131 0
          55 120 0 138 112 0
          145 72 0 147 73 0
          76 20 0 146 95 0
          145 95 0 119 88 0
          48 104 0 47 2 0
          47 1 0 77 36 0
          79 34 0 17 127 0
          50 106 0 65 62 0
          95 114 0 94 22 0
          138 113 0 13 4 0
          73 117 0 139 155 0
          139 159 0 140 159 0
          128 87 0 27 29 0
          66 65 0 30 85 0
          97 47 0 52 92 0
          103 35 0 91 109 0
          93 109 0 123 59 0
          68 146 0 154 78 0
          26 60 0 138 35 0
          74 21 0 25 7 0
          23 7 0 140 155 0
          38 53 0 38 56 0
          43 41 0 119 7 0
          117 8 0 19 21 0
          19 20 0 18 141 0
          141 157 0 112 122 0
          112 119 0 76 44 0
          78 45 0 16 158 0
          15 158 0 2 144 0
          51 46 0 93 22 0
          30 84 0 101 100 0
          128 27 0 30 83 0
          35 110 0 94 2 0
          94 4 0 2 145 0
          23 100 0 65 113 0
          66 113 0 0 152 0
          2 152 0 26 146 0
          90 30 0 90 31 0
          41 113 0 43 113 0
          5 18 0 6 18 0
          40 112 0 53 49 0
          54 49 0 31 127 0
          31 128 0 60 129 0
          59 128 0 47 0 0
          3 146 0 88 17 0
          89 17 0 98 43 0
          35 32 0 34 32 0
          73 49 0 75 47 0
          124 38 0 79 6 0
          68 79 0 31 129 0
          18 143 0 54 50 0
          146 19 0 32 128 0
          110 15 0 111 15 0
          12 6 0 111 16 0
          18 142 0 81 51 0
          81 50 0 159 21 0
          159 23 0 3 145 0
          137 113 0 80 109 0
          79 109 0 55 34 0
          50 48 0 53 48 0
          159 27 0 103 0 0
          100 2 0 55 119 0
          121 59 0 118 72 0
          116 70 0 27 129 0
          52 46 0 29 29 0
          145 7 0 109 14 0
          146 7 0 9 0 0
          12 0 0 18 132 0
          18 131 0 80 53 0
          80 52 0 19 129 0
          18 130 0 70 104 0
          139 35 0 114 90 0
          113 90 0 112 118 0
          32 5 0 82 48 0
          81 57 0 81 56 0
          63 102 0 67 103 0
          153 155 0 152 155 0
          80 56 0 74 157 0
          70 159 0 90 0 0
          91 0 0 145 149 0
          144 149 0 92 2 0
          92 1 0 101 103 0
          80 54 0 67 137 0
          66 135 0 92 0 0
          144 151 0 143 151 0
          82 49 0 79 46 0
          79 47 0 88 97 0
          88 95 0 75 67 0
          72 77 0 72 78 0
          23 139 0 23 140 0
          41 62 0 39 59 0
          34 31 0 110 87 0
          118 49 0 116 49 0
          94 5 0 21 101 0
          21 100 0 51 47 0
          153 17 0 151 17 0
          1 0 0 2 0 0
          14 129 0 74 69 0
          148 14 0 75 121 0
          150 48 0 147 47 0
          16 129 0 24 101 0
          113 46 0 114 47 0
          6 23 0 130 27 0
          2 1 0 51 146 0
          50 146 0 93 2 0
          116 9 0 95 5 0
          147 115 0 135 17 0
          133 16 0 14 105 0
          159 30 0 29 156 0
          29 155 0 39 146 0
          37 145 0 121 64 0
          96 5 0 92 95 0
          91 95 0 75 5 0
          76 5 0 54 117 0
          43 32 0 5 3 0
          38 33 0 143 71 0
          31 43 0 117 4 0
          156 122 0 76 6 0
          90 95 0 30 30 0
          127 54 0 38 34 0
          12 7 0 108 60 0
          108 59 0 69 103 0
          22 38 0 21 38 0
          24 100 0 111 116 0
          96 7 0 147 21 0
          88 81 0 86 78 0
          126 12 0 125 11 0
          29 104 0 28 103 0
          49 5 0 154 122 0
          5 23 0 27 147 0
          26 147 0 21 37 0
          89 18 0 89 94 0
          77 6 0 69 69 0
          72 69 0 19 75 0
          125 10 0 116 47 0
          124 9 0 124 10 0
          34 47 0 33 45 0
          68 68 0 51 4 0
          50 4 0 115 97 0
          146 115 0 159 152 0
          156 154 0 55 2 0
          57 2 0 130 14 0
          151 16 0 151 15 0
          149 15 0 40 43 0
          41 44 0 67 23 0
          91 13 0 92 14 0
          13 105 0 49 69 0
          46 69 0 150 116 0
          2 9 0 1 9 0
          64 72 0 64 71 0
          31 111 0 31 112 0
          65 135 0 64 135 0
          49 4 0 78 49 0
          79 49 0 42 129 0
          43 128 0 44 128 0
          107 57 0 58 2 0
          73 2 0 75 1 0
          91 18 0 4 21 0
          4 22 0 52 4 0
          70 143 0 70 144 0
          73 52 0 73 53 0
          45 17 0 45 16 0
          45 126 0 49 146 0
          54 10 0 1 20 0
          73 69 0 74 56 0
          75 55 0 39 33 0
          31 66 0 32 67 0
          57 16 0 47 146 0
          57 100 0 76 49 0
          77 49 0 67 146 0
          97 9 0 98 10 0
          120 53 0 119 51 0
          45 145 0 45 144 0
          68 78 0 36 143 0
          70 39 0 70 38 0
          73 37 0 14 0 0
          99 2 0 105 88 0
          131 16 0 155 118 0
          154 119 0 75 62 0
          77 64 0 118 3 0
          68 103 0 153 121 0
          29 154 0 148 7 0
          62 75 0 85 78 0
          84 78 0 148 8 0
          80 42 0 79 42 0
          150 10 0 150 9 0
          150 117 0 82 75 0
          82 76 0 65 128 0
          121 4 0 121 5 0
          31 31 0 149 8 0
          129 27 0 63 71 0
          47 142 0 153 1 0
          156 1 0 71 41 0
          70 40 0 101 80 0
          40 33 0 146 47 0
          159 0 0 158 0 0
          100 80 0 79 41 0
          79 40 0 58 16 0
          71 44 0 70 44 0
          25 128 0 63 148 0
          52 9 0 73 94 0
          76 91 0 0 138 0
          0 140 0 45 125 0
          78 56 0 43 19 0
          45 18 0 114 133 0
          114 132 0 45 15 0
          67 24 0 2 80 0
          93 57 0 39 126 0
          39 125 0 26 95 0
          157 1 0 91 55 0
          30 62 0 28 62 0
          60 3 0 92 87 0
          91 88 0 52 1 0
          65 72 0 0 20 0
          145 46 0 145 47 0
          60 72 0 62 71 0
          0 156 0 2 156 0
          159 11 0 159 13 0
          151 135 0 151 137 0
          26 128 0 69 43 0
          113 66 0 113 65 0
          113 64 0 129 114 0
          129 113 0 12 107 0
          83 76 0 159 31 0
          52 2 0 84 77 0
          83 77 0 51 9 0
          152 118 0 42 149 0
          40 149 0 82 96 0
          83 95 0 76 55 0
          112 62 0 150 8 0
          107 74 0 108 75 0
          67 131 0 0 30 0
          0 28 0 31 45 0
          103 66 0 103 67 0
          65 82 0 68 81 0
          159 18 0 128 112 0
          70 64 0 68 65 0
          114 7 0 76 56 0
          78 55 0 73 54 0
          73 55 0 42 32 0
          41 32 0 1 79 0
          52 159 0 52 158 0
          75 57 0 159 17 0
          29 151 0 48 89 0
          50 91 0 113 7 0
          37 0 0 34 1 0
          99 1 0 26 99 0
          103 104 0 85 66 0
          41 127 0 69 75 0
          68 75 0 83 94 0
          84 94 0 71 42 0
          152 3 0 77 10 0
          77 9 0 150 55 0
          151 55 0 74 51 0
          69 73 0 69 74 0
          73 42 0 73 43 0
          138 39 0 94 144 0
          90 141 0 117 60 0
          119 60 0 74 122 0
          150 6 0 85 65 0
          39 76 0 52 157 0
          32 68 0 62 112 0
          130 117 0 35 76 0
          122 53 0 48 60 0
          49 58 0 109 86 0
          98 1 0 120 64 0
          16 71 0 17 73 0
          159 63 0 23 39 0
          33 69 0 71 3 0
          72 3 0 151 4 0
          58 74 0 59 73 0
          46 130 0 46 129 0
          97 85 0 96 85 0
          113 62 0 45 13 0
          45 77 0 46 77 0
          58 51 0 73 21 0
          116 0 0 118 0 0
          17 35 0 18 38 0
          51 8 0 112 77 0
          111 77 0 111 63 0
          88 20 0 77 11 0
          39 0 0 38 0 0
          68 62 0 68 63 0
          46 56 0 47 56 0
          78 114 0 12 30 0
          139 39 0 88 21 0
          10 140 0 10 139 0
          57 101 0 53 141 0
          53 143 0 82 59 0
          32 45 0 73 12 0
          74 11 0 63 149 0
          107 89 0 108 89 0
          87 137 0 85 136 0
          108 76 0 43 147 0
          111 102 0 135 94 0
          135 95 0 134 3 0
          131 3 0 82 8 0
          93 80 0 94 81 0
          138 17 0 143 119 0
          145 116 0 83 59 0
          33 110 0 34 77 0
          61 100 0 79 75 0
          54 156 0 96 81 0
          98 81 0 68 159 0
          11 87 0 96 1 0
          70 153 0 114 67 0
          136 95 0 21 41 0
          90 52 0 90 54 0
          131 73 0 132 73 0
          139 40 0 50 78 0
          49 79 0 48 56 0
          48 80 0 49 78 0
          157 72 0 155 75 0
          109 77 0 40 25 0
          125 72 0 124 72 0
          81 26 0 81 27 0
          70 154 0 71 155 0
          68 2 0 68 71 0
          96 84 0 96 83 0
          71 156 0 69 157 0
          11 3 0 156 20 0
          153 5 0 153 6 0
          96 41 0 96 42 0
          80 140 0 82 142 0
          18 40 0 19 40 0
          132 74 0 0 48 0
          1 46 0 18 75 0
          136 94 0 152 7 0
          69 2 0 140 40 0
          12 83 0 11 84 0
          159 159 0 157 159 0
          110 78 0 57 57 0
          58 56 0 132 70 0
          115 70 0 87 0 0
          86 28 0 88 27 0
          122 8 0 68 92 0
          71 93 0 141 40 0
          61 112 0 82 27 0
          13 1 0 80 29 0
          10 3 0 140 42 0
          23 159 0 26 159 0
          3 35 0 4 36 0
          45 68 0 114 0 0
          115 0 0 115 134 0
          86 0 0 159 64 0
          48 57 0 31 64 0
          132 0 0 132 1 0
          68 46 0 68 45 0
          149 44 0 50 125 0
          51 126 0 53 149 0
          53 148 0 47 77 0
          99 87 0 98 87 0
          139 17 0 153 11 0
          152 11 0 38 152 0
          38 151 0 88 156 0
          87 154 0 127 111 0
          49 77 0 25 140 0
          25 141 0 20 40 0
          116 134 0 153 7 0
          138 19 0 137 19 0
          59 39 0 59 40 0
          28 150 0 27 150 0
          84 96 0 110 9 0
          154 9 0 153 9 0
          99 64 0 100 64 0
          126 81 0 123 80 0
          130 3 0 18 87 0
          16 90 0 49 57 0
          93 44 0 92 44 0
          155 20 0 154 20 0
          0 41 0 3 42 0
          32 97 0 31 97 0
          95 88 0 96 88 0
          84 97 0 136 1 0
          13 148 0 13 147 0
          39 135 0 38 135 0
          84 66 0 37 59 0
          149 84 0 22 133 0
          21 133 0 148 2 0
          149 2 0 0 133 0
          48 77 0 159 4 0
          159 3 0 115 69 0
          114 68 0 152 137 0
          13 146 0 13 145 0
          97 43 0 78 74 0
          110 21 0 13 144 0
          74 9 0 74 8 0
          45 78 0 100 65 0
          91 54 0 101 65 0
          105 72 0 120 123 0
          117 122 0 33 76 0
          82 143 0 13 84 0
          12 84 0 12 87 0
          12 144 0 17 12 0
          17 13 0 70 141 0
          123 52 0 43 79 0
          76 60 0 68 48 0
          68 47 0 28 159 0
          84 20 0 85 19 0
          115 143 0 116 143 0
          55 156 0 0 26 0
          89 45 0 89 44 0
          17 31 0 18 32 0
          158 148 0 158 149 0
          116 144 0 112 102 0
          23 134 0 22 134 0
          84 24 0 84 22 0
          59 146 0 55 147 0
          78 24 0 77 24 0
          113 143 0 141 17 0
          86 152 0 73 59 0
          73 58 0 32 76 0
          63 82 0 64 82 0
          126 54 0 96 99 0
          96 100 0 153 139 0
          117 108 0 119 107 0
          145 119 0 54 20 0
          105 54 0 105 55 0
          33 98 0 33 97 0
          27 64 0 99 63 0
          19 30 0 20 30 0
          50 71 0 122 74 0
          121 74 0 34 142 0
          127 55 0 53 20 0
          111 45 0 32 142 0
          126 69 0 126 68 0
          145 120 0 123 79 0
          13 46 0 13 45 0
          96 97 0 138 24 0
          138 22 0 31 141 0
          32 141 0 149 83 0
          124 52 0 115 62 0
          40 24 0 84 147 0
          110 45 0 68 52 0
          69 50 0 129 0 0
          129 1 0 96 40 0
          123 78 0 84 134 0
          84 135 0 40 11 0
          96 101 0 117 137 0
          117 136 0 96 98 0
          51 61 0 75 30 0
          76 30 0 65 152 0
          66 152 0 45 141 0
          58 39 0 44 141 0
          38 136 0 90 77 0
          89 78 0 128 86 0
          62 84 0 63 83 0
          3 43 0 12 31 0
          84 112 0 83 111 0
          1 23 0 1 32 0
          111 142 0 38 137 0
          85 135 0 123 72 0
          115 152 0 116 152 0
          86 151 0 46 135 0
          46 136 0 112 141 0
          14 102 0 107 50 0
          52 76 0 126 0 0
          126 1 0 95 50 0
          96 49 0 123 73 0
          115 93 0 111 27 0
          112 26 0 117 32 0
          117 28 0 70 2 0
          120 12 0 120 11 0
          152 69 0 152 67 0
          89 102 0 90 102 0
          113 51 0 28 158 0
          126 2 0 146 65 0
          147 66 0 54 76 0
          55 75 0 99 119 0
          99 118 0 75 90 0
          74 90 0 54 132 0
          53 131 0 74 89 0
          60 49 0 59 50 0
          119 76 0 120 75 0
          45 137 0 131 78 0
          133 79 0 117 79 0
          117 78 0 15 150 0
          15 149 0 71 27 0
          70 26 0 144 64 0
          144 63 0 19 32 0
          2 32 0 11 49 0
          12 50 0 122 75 0
          51 154 0 12 37 0
          61 146 0 112 51 0
          134 7 0 133 6 0
          133 92 0 135 92 0
          122 76 0 77 125 0
          77 124 0 86 149 0
          139 87 0 136 11 0
          137 11 0 48 138 0
          138 11 0 127 1 0
          140 117 0 139 117 0
          40 12 0 0 37 0
          1 38 0 111 51 0
          45 89 0 91 78 0
          122 78 0 122 77 0
          96 52 0 96 50 0
          138 10 0 59 21 0
          60 21 0 122 0 0
          121 0 0 53 62 0
          118 159 0 118 157 0
          36 20 0 133 9 0
          133 10 0 90 140 0
          40 37 0 39 37 0
          118 153 0 62 86 0
          62 85 0 148 66 0
          7 64 0 6 64 0
          28 64 0 62 157 0
          63 157 0 37 20 0
          16 34 0 13 44 0
          18 31 0 134 79 0
          145 64 0 108 46 0
          109 46 0 35 49 0
          117 157 0 152 66 0
          2 95 0 117 156 0
          112 154 0 42 78 0
          88 140 0 24 157 0
          24 158 0 32 108 0
          33 108 0 92 159 0
          90 159 0 124 0 0
          125 0 0 130 103 0
          130 105 0 20 26 0
          43 118 0 44 117 0
          6 63 0 5 63 0
          22 88 0 22 87 0
          130 82 0 130 83 0
          3 94 0 159 135 0
          159 134 0 14 48 0
          159 132 0 158 132 0
          153 140 0 31 49 0
          32 49 0 13 74 0
          13 73 0 79 159 0
          78 159 0 77 92 0
          76 92 0 71 14 0
          70 14 0 118 145 0
          77 89 0 10 40 0
          10 39 0 111 154 0
          0 73 0 0 74 0
          118 146 0 32 147 0
          32 145 0 113 0 0
          112 0 0 16 12 0
          34 149 0 154 131 0
          15 12 0 109 126 0
          58 80 0 59 79 0
          112 2 0 113 2 0
          3 40 0 33 149 0
          42 9 0 57 67 0
          58 68 0 153 70 0
          153 69 0 139 73 0
          138 73 0 156 142 0
          154 141 0 102 159 0
          102 158 0 115 127 0
          115 128 0 129 33 0
          130 32 0 125 77 0
          125 78 0 126 85 0
          127 85 0 4 61 0
          4 62 0 59 85 0
          61 85 0 159 69 0
          158 70 0 115 105 0
          115 106 0 98 145 0
          92 157 0 92 158 0
          93 50 0 94 50 0
          112 159 0 113 159 0
          111 149 0 112 149 0
          112 157 0 112 156 0
          57 84 0 54 84 0
          56 80 0 57 80 0
          115 147 0 115 148 0
          121 112 0 121 111 0
          5 62 0 93 136 0
          93 135 0 133 81 0
          115 157 0 116 157 0
          7 59 0 6 60 0
          15 48 0 99 146 0
          159 137 0 159 136 0
          119 113 0 120 113 0
          116 106 0 83 149 0
          13 49 0 109 156 0
          110 157 0 111 152 0
          110 152 0 2 33 0
          3 50 0 2 50 0
          29 138 0 30 139 0
          95 159 0 94 159 0
          116 107 0 63 139 0
          64 139 0 113 149 0
          85 61 0 85 60 0
          115 146 0 57 113 0
          38 21 0 39 21 0
          82 149 0 102 145 0
          54 83 0 3 70 0
          2 72 0 152 70 0
          105 147 0 105 146 0
          14 10 0 13 10 0
          158 142 0 157 142 0
          87 104 0 88 104 0
          98 159 0 114 30 0
          113 30 0 128 121 0
          127 121 0 113 150 0
          57 82 0 53 135 0
          53 134 0 149 59 0
          148 60 0 156 69 0
          156 68 0 126 121 0
          125 122 0 110 94 0
          110 93 0 102 157 0
          103 60 0 102 61 0
          52 81 0 51 81 0
          123 121 0 122 122 0
          9 53 0 11 53 0
          143 27 0 144 27 0
          92 135 0 63 142 0
          64 142 0 13 35 0
          12 36 0 63 124 0
          64 124 0 150 130 0
          149 130 0 107 150 0
          107 151 0 108 146 0
          107 146 0 92 134 0
          130 121 0 129 121 0
          2 60 0 151 126 0
          152 126 0 64 87 0
          64 86 0 99 159 0
          41 56 0 41 55 0
          97 157 0 98 156 0
          132 102 0 132 103 0
          100 157 0 101 157 0
          99 156 0 100 156 0
          100 159 0 97 152 0
          96 152 0 54 64 0
          122 32 0 122 31 0
          55 64 0 2 59 0
          101 149 0 102 149 0
          147 124 0 147 125 0
          83 129 0 83 128 0
          3 58 0 43 54 0
          131 105 0 132 104 0
          102 152 0 104 150 0
          67 87 0 67 86 0
          87 116 0 87 117 0
          4 57 0 95 152 0
          82 159 0 56 65 0
          55 65 0 99 151 0
          1 55 0 1 56 0
          58 158 0 59 158 0
          14 76 0 14 75 0
          8 66 0 60 30 0
          62 28 0 78 95 0
          79 94 0 92 152 0
          92 153 0 8 67 0
          80 151 0 81 150 0
          54 152 0 130 98 0
          131 99 0 55 152 0
          58 138 0 60 137 0
          2 64 0 68 89 0
          68 88 0 1 64 0
          131 100 0 11 69 0
          11 70 0 120 45 0
          121 46 0 11 71 0
          2 56 0 2 57 0
          12 71 0 131 101 0
          11 64 0 10 64 0
          90 152 0 91 151 0
          9 72 0 9 71 0
          6 55 0 7 55 0
          10 68 0 6 70 0
          8 70 0 0 67 0
          0 66 0 22 93 0
          8 77 0 9 77 0
          142 76 0 142 75 0
          53 87 0 53 86 0
          22 92 0 75 147 0
          76 146 0 34 157 0
          33 157 0 41 108 0
          42 108 0 0 53 0
          0 54 0 54 57 0
          53 58 0 48 94 0
          29 24 0 31 23 0
          30 92 0 31 91 0
          46 51 0 46 50 0
          48 95 0 6 46 0
          7 46 0 25 69 0
          25 70 0 20 72 0
          21 71 0 29 53 0
          28 54 0 21 52 0
          <InformationKey name="L2_NORM_RANGE" location="vtkDataArray" length="2">
            <Value index="0">
              1
            </Value>
            <Value index="1">
              224.85995642
            </Value>
          </InformationKey>
        </DataArray>
      </Points>
      <Cells>
        <DataArray type="Int64" Name="connectivity" format="ascii" RangeMin="0" RangeMax="2059">
          0 1 2 3 4 5
          6 7 8 9 10 11
          12 13 14 15 16 17
          18 17 19 3 20 21
          22 13 23 24 25 26
          27 28 29 30 31 32
          33 34 35 9 3 36
          37 38 39 40 41 42
          43 34 44 45 34 46
          47 48 49 50 51 52
          53 54 55 56 57 58
          59 46 60 61 62 63
          64 65 66 52 52 67
          68 69 70 50 71 72
          73 74 75 76 77 45
          78 30 79 32 80 81
          17 82 83 84 46 85
          86 42 13 87 88 82
          89 28 32 90 91 92
          42 93 82 72 9 24
          94 95 96 97 98 58
          99 93 100 101 102 103
          50 1 104 105 106 107
          108 109 110 111 112 113
          114 115 116 76 117 118
          119 48 93 120 121 38
          28 122 123 107 124 125
          24 126 127 128 30 129
          130 131 132 133 134 26
          135 103 136 56 107 137
          138 139 140 141 142 143
          144 5 145 146 147 61
          148 149 150 151 152 153
          1 74 154 155 156 69
          38 157 158 159 160 54
          161 162 163 164 45 87
          165 166 167 97 168 92
          169 170 58 171 172 164
          97 153 26 149 153 173
          174 175 176 111 149 21
          177 178 179 170 180 40
          40 95 181 182 103 183
          184 185 186 187 188 189
          190 191 61 192 193 182
          74 63 194 195 196 101
          197 126 198 199 200 199
          56 201 202 113 203 146
          72 15 204 157 170 205
          206 207 208 131 76 209
          92 201 101 81 87 205
          205 210 211 212 213 214
          111 215 216 217 131 218
          219 220 221 222 21 223
          224 225 5 226 227 115
          157 173 182 109 173 228
          229 230 164 231 232 171
          201 228 233 234 54 235
          228 125 199 36 236 141
          237 183 238 239 146 189
          240 235 241 242 15 162
          95 243 125 244 245 246
          247 118 162 248 249 222
          250 251 252 253 126 244
          254 255 256 246 118 90
          189 257 258 243 259 260
          109 261 244 261 183 262
          263 217 264 265 266 267
          69 268 269 257 270 271
          272 273 274 265 275 65
          113 122 276 192 122 242
          277 278 279 280 141 281
          265 251 282 283 284 225
          225 105 285 253 286 195
          287 175 288 289 290 291
          292 293 243 159 171 120
          294 295 296 297 261 298
          299 300 235 301 302 283
          63 303 304 305 105 306
          246 307 251 298 308 231
          309 310 311 312 313 314
          315 316 317 318 253 319
          298 320 321 85 322 323
          324 278 222 325 326 129
          120 281 327 328 278 218
          115 329 159 178 330 320
          331 297 332 333 217 334
          320 267 335 301 178 336
          281 337 257 328 36 11
          267 295 301 293 338 339
          340 341 342 289 343 344
          345 300 300 255 218 346
          192 347 348 349 350 351
          352 353 129 349 354 355
          356 333 90 357 295 325
          358 359 360 334 361 362
          325 341 328 363 364 365
          333 234 283 366 367 220
          368 369 370 314 371 372
          373 260 374 316 375 280
          376 377 378 210 379 365
          341 312 297 380 293 381
          349 382 383 384 385 386
          314 387 65 388 389 226
          390 351 391 392 393 339
          312 394 395 396 397 366
          398 357 399 143 400 401
          402 403 404 405 210 406
          407 137 334 408 11 347
          409 363 366 410 411 382
          412 413 414 415 416 355
          417 418 419 420 255 421
          48 422 423 337 424 425
          357 426 427 214 428 429
          85 273 234 430 431 432
          433 386 347 434 435 436
          316 437 438 439 386 439
          440 441 442 443 444 445
          446 346 447 448 449 450
          439 151 242 401 143 451
          226 452 453 454 401 455
          456 384 220 457 151 207
          231 458 207 191 459 460
          461 239 214 462 137 318
          363 262 463 464 465 466
          467 432 365 310 468 362
          260 422 469 470 471 457
          472 473 474 359 475 476
          477 336 478 479 480 420
          346 481 482 483 355 484
          337 466 485 486 466 445
          445 487 382 230 488 473
          289 387 489 470 336 490
          362 491 492 493 494 495
          420 496 497 498 273 499
          384 500 501 418 502 329
          470 394 503 426 504 421
          505 499 394 212 506 507
          329 508 509 491 510 462
          339 487 487 511 387 481
          512 511 473 507 175 513
          191 372 372 319 462 514
          515 185 185 415 516 410
          410 377 239 517 421 517
          518 519 520 521 522 523
          524 525 526 353 527 268
          528 405 262 464 517 529
          511 530 457 133 531 532
          499 434 533 493 230 500
          133 529 534 369 535 536
          405 537 538 539 310 303
          540 541 542 543 544 545
          280 495 546 547 464 128
          529 530 359 380 548 455
          549 550 377 551 552 443
          553 554 555 556 557 558
          559 560 561 307 481 513
          562 563 303 450 564 525
          565 566 567 568 450 413
          426 569 212 403 268 498
          570 571 319 563 572 573
          574 575 318 532 576 577
          578 484 579 306 563 580
          530 545 581 582 380 583
          584 585 500 586 413 587
          588 166 491 425 589 476
          513 590 525 591 592 593
          484 454 422 594 595 596
          403 479 597 551 479 539
          598 291 454 429 532 599
          600 323 601 602 603 604
          605 606 607 608 609 610
          611 139 612 569 613 514
          614 615 507 556 291 616
          306 591 617 582 618 248
          545 619 498 620 621 568
          443 554 622 451 495 392
          623 619 569 624 625 626
          591 496 455 627 628 629
          429 630 631 627 554 632
          392 630 496 633 634 635
          425 636 637 596 638 486
          434 639 351 640 641 573
          642 586 415 587 643 599
          644 645 646 608 432 647
          648 344 195 649 650 651
          551 652 653 441 353 654
          476 655 587 635 656 580
          657 658 514 659 660 661
          662 483 608 663 586 664
          344 665 418 666 582 590
          580 406 667 639 539 663
          668 669 670 671 81 672
          673 674 675 676 677 209
          663 604 483 543 678 679
          543 680 681 585 585 682
          683 684 685 671 604 550
          441 686 687 688 139 632
          689 655 550 547 690 691
          692 583 635 490 693 666
          694 695 490 658 166 696
          599 697 698 699 700 669
          619 701 669 305 702 701
          556 703 704 458 705 706
          707 708 573 674 406 691
          323 676 639 709 674 610
          458 710 209 711 248 679
          712 654 658 713 714 697
          715 636 610 682 716 680
          547 717 718 719 369 684
          676 720 721 665 722 711
          680 664 723 620 724 271
          725 508 307 726 727 728
          632 729 671 730 701 731
          732 408 684 733 682 571
          305 734 735 736 737 717
          738 739 740 430 741 742
          743 744 691 745 717 746
          664 381 747 748 749 750
          751 752 408 575 753 688
          430 754 755 713 620 756
          451 757 571 758 759 756
          760 460 630 744 761 762
          688 763 128 764 765 766
          713 396 767 768 769 388
          770 771 654 651 772 773
          774 775 396 771 568 731
          460 776 777 778 679 602
          779 780 781 782 783 706
          602 784 706 626 771 606
          785 786 271 787 788 789
          790 791 792 523 793 560
          794 633 666 795 388 796
          797 778 798 652 799 795
          800 801 744 775 523 521
          636 802 803 801 804 796
          805 806 493 746 807 808
          809 763 746 810 651 672
          583 452 811 812 813 659
          796 745 814 815 816 808
          817 818 819 696 820 729
          795 780 821 822 775 519
          780 823 824 754 665 825
          652 826 763 784 801 827
          828 826 829 830 745 831
          832 831 833 834 784 752
          835 836 837 437 838 733
          696 782 839 840 841 748
          452 842 606 843 486 647
          844 845 846 847 848 849
          850 845 851 852 853 854
          697 810 855 856 810 849
          849 856 857 858 859 757
          845 860 861 862 863 858
          864 865 521 624 866 806
          867 868 381 766 869 870
          871 686 872 873 874 875
          778 815 876 877 806 843
          858 854 878 789 879 558
          880 881 882 762 883 884
          647 593 815 885 558 840
          856 865 752 768 840 566
          886 887 888 889 831 890
          686 891 826 892 766 893
          437 812 865 719 894 895
          655 773 896 890 672 728
          843 868 596 897 898 899
          519 900 733 901 902 889
          903 904 854 905 906 742
          762 905 905 907 719 908
          909 910 590 911 782 695
          868 834 808 912 913 914
          915 916 729 917 918 907
          731 699 773 776 919 920
          921 922 776 923 659 924
          756 640 889 925 789 926
          699 927 834 750 928 67
          742 929 930 661 931 922
          932 920 933 825 890 836
          624 934 935 926 936 802
          937 938 812 939 940 941
          942 764 728 943 907 944
          802 842 764 884 627 945
          946 947 948 949 950 951
          750 827 626 952 661 953
          954 900 827 708 955 956
          957 941 958 786 754 885
          920 959 922 960 633 959
          836 875 961 962 786 7
          640 963 964 949 965 899
          966 967 708 791 968 969
          711 970 971 972 949 967
          973 594 974 908 748 943
          975 976 977 978 967 979
          980 981 982 892 983 984
          593 985 986 987 988 911
          989 990 959 873 908 991
          992 993 994 995 885 984
          996 997 900 993 998 999
          1000 952 1001 1002 1003 1004
          1005 1004 1006 938 884 897
          1007 978 1008 1009 7 1010
          1011 1012 978 1013 1014 1015
          952 972 892 981 993 1012
          560 960 1016 1017 1018 1019
          1004 1020 695 999 873 870
          875 956 1021 904 1022 541
          1012 1023 1024 891 1025 1026
          972 1013 926 1027 791 860
          1028 1029 541 1030 999 862
          860 987 904 1031 508 1032
          1033 1034 1035 730 1036 1037
          1038 1039 1040 1041 870 1042
          987 1010 1043 916 1044 1045
          981 945 1046 448 1047 830
          1048 818 1049 536 1050 910
          1051 1052 1053 1054 1055 929
          1010 1002 1056 939 891 962
          1057 1052 1058 914 945 1059
          1060 629 899 881 1061 1062
          1063 1059 1059 887 1064 1065
          1066 1067 1068 991 956 709
          629 1042 1069 1070 862 1071
          1072 1073 825 1074 887 1075
          1076 758 1077 995 1078 1041
          1079 1080 1081 1082 536 1083
          1084 1027 1002 1037 1085 895
          1086 1087 1088 1083 1089 1090
          448 1045 1037 1034 1091 1030
          1092 1093 910 979 730 1015
          709 1094 1015 1095 1030 1096
          1097 1098 1099 1100 1052 953
          1101 1020 1034 1102 1103 1104
          1105 1106 1107 1019 1108 985
          960 1009 897 1109 758 901
          1110 537 939 847 1111 1112
          1027 1074 1113 615 881 1039
          1114 1087 962 1054 1019 1104
          537 1115 1116 1117 985 1118
          1119 1120 1013 1121 995 1122
          1123 1023 1124 1125 1126 1127
          1128 1129 1130 1131 1132 1133
          1134 1094 1135 187 1136 1137
          1138 1137 929 1073 895 1125
          1139 1140 1094 1141 1142 1070
          1143 912 1144 1121 1145 1146
          1083 649 1147 1096 991 1148
          1149 1150 1151 1152 1153 1026
          938 1154 768 1129 1155 1075
          1156 1157 1158 84 1159 1160
          67 1161 1042 1122 187 1093
          1162 1163 575 1117 1125 616
          1070 1146 1164 1165 84 1071
          912 1166 1167 1140 1071 923
          1168 1169 1073 1170 1026 1171
          1172 1102 1087 1080 1173 1174
          1102 1090 1122 1127 842 736
          1175 1176 1177 1109 1178 1179
          916 1150 1180 1171 1090 1065
          1181 1166 914 1182 1183 1184
          1166 1131 1185 1170 1054 970
          1186 1187 1075 1067 818 1188
          1109 1189 943 1190 649 1191
          615 1189 1020 1192 1193 1194
          1121 1118 1195 1196 1093 1197
          1080 1198 1171 1174 911 1141
          1199 1200 1201 1202 1065 1203
          1204 1205 1206 1207 901 1208
          923 223 1209 1210 1045 1082
          1082 1197 1211 1212 1213 893
          1067 1214 1127 1196 1174 1017
          1215 1191 1216 215 893 1106
          1141 1112 1217 1179 1218 1029
          1106 1219 1140 1220 215 1221
          1039 1222 1196 1152 1112 997
          1223 1224 1191 1225 1146 1062
          1226 1188 1227 917 1228 1229
          616 1230 566 1225 1017 1203
          1197 1207 736 1187 941 1231
          1225 703 1152 1194 1029 1232
          953 1148 1233 1234 1235 1198
          997 1192 703 1163 1236 1237
          1238 1239 1240 1241 1203 1207
          1242 1154 1104 1243 1244 1245
          984 1246 1194 1205 1205 1237
          1247 734 1074 1176 1248 1249
          1250 1251 1118 1252 1253 1254
          1154 1255 1207 1256 734 1257
          1258 1259 1260 1261 1062 947
          1129 1100 1262 1263 847 1264
          1237 1165 970 1169 1023 1265
          1266 1208 1096 1252 1169 1261
          1192 823 1267 1256 1268 1269
          1270 1032 1271 1272 1256 1273
          1274 1161 1275 1276 1252 1243
          1277 1095 1009 1200 1278 1279
          1137 1255 1280 1281 1282 1157
          1150 1283 757 1284 1285 1286
          1161 969 1287 1288 1200 1289
          1290 1291 979 1292 1293 1294
          1148 976 1295 1273 823 1296
          1297 1221 1032 1298 947 1299
          1179 1300 1301 1302 1303 852
          1189 1304 1221 1232 1170 1249
          1188 1305 1273 944 1095 1306
          1255 1307 1308 1286 969 1309
          917 927 1310 1311 1312 1313
          1208 1314 1315 1316 1317 1263
          944 1305 1318 1316 1176 924
          1316 1319 1320 1321 1157 1322
          1041 1031 924 1323 1324 1325
          1326 1327 223 1296 1328 1329
          1163 1302 1198 1214 1296 1269
          1243 1330 1305 1289 1165 1331
          1332 1333 1187 1259 1334 1335
          1289 1234 976 1220 1261 1331
          1259 1336 1131 1337 1338 1339
          927 1212 1340 1341 1302 1279
          1342 1343 1344 1345 1346 1313
          1279 1291 1347 1348 1349 963
          1212 1350 1031 1283 1214 1351
          1352 1330 1353 1314 1354 1355
          1286 1350 1356 1357 1358 1254
          1359 1360 1313 1361 1362 822
          1234 1363 1364 1365 1249 1366
          1367 1368 1314 1369 1370 1219
          1371 1327 830 1372 1327 1373
          1374 1336 1375 1369 1376 1377
          1378 1379 1380 990 1381 1382
          1219 1383 1384 1363 1385 1230
          1263 1386 1117 1387 1388 1389
          1230 1202 1390 1391 1202 1392
          1393 1394 1395 1396 1397 1245
          1398 1399 1283 1396 1400 1292
          1401 1402 1403 1404 1291 1333
          1405 1406 594 1407 1408 1319
          1409 1410 1292 1366 1411 1345
          1412 1383 1413 1351 1414 1415
          1416 1417 1418 1419 1331 1420
          1363 1421 1333 1241 1422 1423
          1424 1425 1426 1427 1232 1387
          1428 1288 1351 1339 1339 1402
          1429 1430 1431 1386 1396 1404
          1241 1399 1432 1433 1269 1410
          1434 1435 1436 1437 1220 1407
          1438 1439 1410 1239 1440 1441
          1442 1420 1288 1389 1254 1322
          1389 1443 1444 1445 963 1229
          1366 1415 852 1335 1446 1447
          1399 1448 1449 877 1239 1419
          1407 1294 1350 1450 1451 1452
          1415 1421 1453 1454 1404 1272
          1100 1455 1319 1456 1335 1329
          1457 1458 1329 1306 1402 1435
          822 1459 1460 1459 1461 1133
          1383 155 1462 1463 1464 787
          1386 1224 1419 1394 1465 1299
          1369 1466 1345 1309 1421 1391
          1467 1463 1468 1469 1245 1470
          1471 1425 1472 1115 1425 1473
          1322 1474 1475 1476 1387 1477
          1391 1257 1478 1343 1479 1480
          1481 1304 1463 1445 1445 1482
          1483 1484 1306 1485 1486 1222
          1487 1470 1420 1488 1257 1417
          1435 1423 1394 1482 1489 1490
          1482 1452 1336 645 1491 1377
          1309 1231 1417 726 1492 1493
          1494 1495 1496 1300 1497 1160
          1498 1499 1500 1501 726 1433
          1423 1392 1452 1485 1502 1503
          1485 710 1304 951 1504 1495
          1505 1284 1506 1507 1433 1493
          1508 1509 1392 1458 1459 1307
          1510 1511 1512 1513 1495 1514
          155 1264 1493 1382 1458 1515
          1516 1406 1517 1518 1382 1488
          1519 1477 1520 1521 1231 1251
          710 1447 1522 934 1523 1524
          1488 1515 1133 1525 1526 1527
          1294 1528 1515 1490 1490 1448
          1330 1529 1115 1311 1448 1466
          1466 1521 1530 1531 1521 1518
          1532 1533 787 1341 1477 1534
          1518 1499 1311 1535 1499 1473
          1536 1537 990 1538 1473 1441
          1539 1540 1284 1190 1272 1541
          1307 1531 1542 934 1441 1443
          1543 1529 1470 1456 1443 1337
          1222 1544 1545 1541 951 1355
          1546 1547 1548 1528 1549 1427
          1337 1454 1454 1535 1550 1551
          1190 1552 1535 1373 1553 1554
          1555 1556 1355 1480 1557 1450
          1447 1182 1373 1360 934 1558
          1450 1559 1560 1323 1343 1561
          1562 1544 1563 1564 1544 1558
          1531 1559 1360 1513 1513 1120
          1559 1547 1565 1566 645 925
          925 1372 1341 1567 1427 1568
          1120 1567 1323 1537 1569 1570
          1567 1552 1541 1556 1480 1439
          1372 1571 1439 1533 1572 1524
          1573 1574 1524 1575 1224 1576
          1577 1578 1579 1580 1547 1361
          1556 1581 1537 1582 1552 1246
          1182 1580 1583 1581 1580 1584
          1585 1586 1587 720 1588 1589
          1590 1437 1264 1574 1591 1265
          1528 1527 1592 1593 1574 1298
          1246 1469 1265 1594 1160 1595
          1361 1540 1298 1596 1597 1584
          1598 1281 1469 1566 1599 1325
          1600 1601 1406 1602 1527 1357
          1603 1604 1605 1596 1533 1606
          1540 1607 1566 1476 1456 1608
          1609 1610 1611 1612 1325 1613
          1476 1614 1615 1616 1357 1614
          1617 1618 1584 1507 1529 1619
          1620 1621 1614 1365 1622 1623
          1624 1625 1558 1626 1377 1627
          1628 1610 1365 1503 1629 1630
          1581 436 1631 1632 1503 1619
          1633 1634 436 1511 1635 1636
          1619 1509 1509 1276 1637 1638
          1639 1636 1640 1641 1276 1582
          1642 1643 1644 1604 1596 1184
          1582 1578 1645 1646 1578 1641
          1647 1648 1649 1650 1507 1638
          1651 1652 1653 1654 1641 1607
          1655 1501 1656 1595 1657 1658
          1607 1659 1300 1660 1661 577
          1511 1662 1663 1626 1664 1665
          1666 1667 1668 1659 1659 1613
          1669 1670 1671 1602 720 1672
          1673 1674 1604 1675 1676 1674
          1613 1632 1610 1677 1678 1679
          1680 1571 1681 1682 1632 1564
          1626 1683 1299 1586 1564 1677
          1229 1684 1586 1685 1686 1687
          1636 1098 1571 1484 1638 1606
          1688 1689 1674 1690 1691 1692
          1677 1690 1693 1694 1437 1348
          1695 1576 1696 1697 1484 1698
          1690 1652 1699 1700 1652 1474
          877 739 1701 1210 1702 1703
          1606 1662 1662 1627 1704 1601
          1705 1706 1707 1630 1474 1672
          1672 1589 1589 1616 1708 1709
          1184 1593 1616 1634 1634 1665
          1710 1534 1711 1712 1627 1650
          1665 1687 1595 1594 1713 1698
          1687 1706 1650 1712 1706 1612
          1251 1714 1715 1551 1612 1621
          1621 1685 1685 1700 1501 1716
          1717 1646 1700 1643 1643 1679
          1593 1684 1630 1718 1684 1514
          1719 1720 739 1721 1722 1697
          1723 1623 1712 1724 1679 1716
          1697 1725 1716 1554 1554 1683
          1601 1726 1534 1727 1683 1714
          1210 1728 1729 1730 1731 1732
          1733 1734 1735 1736 1737 1738
          1714 1625 1594 1739 1625 1568
          1740 1741 1742 1709 1568 1689
          1709 1743 1689 1720 1744 1745
          1720 1575 1746 1747 1748 1724
          1724 1675 1749 1750 1551 1751
          1752 1753 1575 1703 577 1379
          1281 1570 1754 1525 1675 1730
          1755 1756 1757 1758 1759 1760
          1761 1762 1514 1670 1763 1764
          1703 1692 1670 1765 1692 1608
          1098 1766 1608 1753 1767 1768
          1769 1726 1753 1321 1770 1771
          1321 1764 1730 1732 1772 1765
          1764 1739 1773 1774 1739 1775
          1776 1775 1698 1777 1732 1778
          1525 1779 1780 1777 1765 1781
          1570 1728 1782 1783 1784 1785
          1775 1654 1654 1727 1602 1734
          1379 1786 1787 1778 1727 1750
          1777 1788 1750 1781 1781 1721
          1721 1667 1667 1783 1789 1790
          1791 1792 1793 1794 1778 1771
          1795 1796 1797 1798 1799 1800
          1801 1802 1348 1786 1803 1804
          1726 1725 1805 1806 1807 1808
          1809 1810 1783 1718 1718 1804
          1786 1768 1804 1802 1802 1756
          1756 1766 1766 1694 1811 1812
          1813 1814 1771 1760 1694 1538
          1728 1815 1538 1806 1816 1817
          1818 1819 1760 1430 1820 1821
          1822 1823 1824 1825 1826 1827
          1828 1829 1725 1825 1830 1831
          1832 1833 1834 1743 1835 1836
          1646 1837 1806 1800 1800 1762
          1838 1839 1840 1841 1842 1751
          1843 1815 1825 1839 1734 1817
          1762 1788 1844 1845 1839 1831
          1788 1736 1846 1847 1848 1814
          1817 1849 1623 1792 1751 1850
          1851 1852 1736 1829 1829 1812
          1743 1808 1831 1853 1854 1853
          1768 1855 1812 1747 1856 1857
          1747 1837 1837 1855 1858 1859
          1855 1658 1860 1861 1814 1862
          1658 1833 1863 1864 1853 1821
          1865 1823 1866 1867 1821 1868
          1430 1660 1833 1790 1660 1869
          1790 1794 1794 1785 1870 1871
          1785 1869 1869 1779 1779 1862
          1862 1850 1872 1849 1850 1845
          1845 1871 1871 1774 1815 1873
          1849 1561 1874 1827 1774 1868
          1875 1876 1868 1852 1792 1877
          1878 1879 1880 1881 1882 1883
          1561 1861 1884 1885 1852 1867
          1861 1886 1867 1741 1741 1368
          1887 1888 1889 1890 1368 1891
          1827 1892 1823 1891 1891 1864
          1893 1894 1864 1819 1808 1841
          1819 1895 1896 1895 1895 1857
          1897 1898 1857 1894 1899 1900
          1901 1902 1894 1810 1810 1881
          1903 1798 1904 1905 1906 1907
          1908 1909 1910 1911 1912 1913
          1881 1907 1914 1836 1907 1900
          1900 1898 1898 1847 1915 1916
          1847 1916 1916 1796 1796 1902
          1917 1918 1902 1879 1919 1920
          1921 1922 1923 1924 1925 1926
          1836 1927 1928 1929 1841 1930
          1931 1932 1879 1745 1933 1934
          1935 1886 1745 1924 1936 1937
          1938 1939 1924 1934 1940 1941
          1934 1927 1927 1909 1909 1859
          1859 1877 1877 1890 1890 1918
          1942 1943 1944 1939 1939 1945
          1798 1943 1918 1926 1926 1920
          1920 1885 1886 1946 1885 1905
          1947 1948 1905 1682 1682 1929
          1929 1892 1943 1946 1892 1932
          1932 1913 1576 1949 1950 1951
          1913 1888 1888 1937 1952 1949
          1953 1930 1946 1945 1954 1955
          1956 1957 1958 1959 1930 1960
          1937 1883 1949 1961 1883 1758
          1962 1738 1738 1963 1758 1957
          1964 1965 1966 1967 1968 1969
          1957 1955 1955 1969 1970 1960
          1969 1967 1971 1948 1967 1873
          1873 1455 1945 1972 1455 1961
          1973 1974 1961 1974 1974 1876
          1948 1975 1976 1977 1978 1979
          1980 1981 1876 1959 1959 1963
          1960 1982 1983 1984 1985 1986
          1963 1922 1922 1648 1648 1981
          1987 1988 1981 1941 1941 1965
          1965 1979 1989 1982 1990 1991
          1979 1992 1993 1994 1995 1992
          1992 1972 1996 1997 1972 1991
          1982 1998 1999 2000 2001 1998
          1991 1911 1911 1986 2002 1994
          2003 2004 1986 2000 2005 2006
          2007 2004 2008 2009 2004 2010
          2000 1975 1998 2009 1975 1951
          1994 2011 2012 2013 1951 1988
          1988 2011 2011 2014 2015 2014
          2016 2017 2014 1984 2018 2019
          1984 2010 2010 2006 2009 1977
          2006 2017 1977 2013 2017 1997
          2013 2020 1997 1618 2021 2022
          1618 2019 2023 2024 2019 2020
          2020 2022 2022 2024 2024 2025
          2026 2027 2028 2029 2030 2031
          2032 2025 2025 2029 2029 2027
          2027 2033 2034 2033 2035 2036
          2033 2036 2037 2038 2039 2040
          2036 2040 2041 2042 2040 2031
          2031 2038 2038 2042 2042 2043
          2044 2045 2046 2047 2048 2049
          2050 2043 2043 2049 2049 2047
          2047 2045 2045 2051 2052 2051
          2051 2053 2054 2053 2053 2055
          2056 2055 2055 2057 2058 2057
          2057 2059
        </DataArray>
        <DataArray type="Int64" Name="offsets" format="ascii" RangeMin="2" RangeMax="4118">
          2 4 6 8 10 12
          14 16 18 20 22 24
          26 28 30 32 34 36
          38 40 42 44 46 48
          50 52 54 56 58 60
          62 64 66 68 70 72
          74 76 78 80 82 84
          86 88 90 92 94 96
          98 100 102 104 106 108
          110 112 114 116 118 120
          122 124 126 128 130 132
          134 136 138 140 142 144
          146 148 150 152 154 156
          158 160 162 164 166 168
          170 172 174 176 178 180
          182 184 186 188 190 192
          194 196 198 200 202 204
          206 208 210 212 214 216
          218 220 222 224 226 228
          230 232 234 236 238 240
          242 244 246 248 250 252
          254 256 258 260 262 264
          266 268 270 272 274 276
          278 280 282 284 286 288
          290 292 294 296 298 300
          302 304 306 308 310 312
          314 316 318 320 322 324
          326 328 330 332 334 336
          338 340 342 344 346 348
          350 352 354 356 358 360
          362 364 366 368 370 372
          374 376 378 380 382 384
          386 388 390 392 394 396
          398 400 402 404 406 408
          410 412 414 416 418 420
          422 424 426 428 430 432
          434 436 438 440 442 444
          446 448 450 452 454 456
          458 460 462 464 466 468
          470 472 474 476 478 480
          482 484 486 488 490 492
          494 496 498 500 502 504
          506 508 510 512 514 516
          518 520 522 524 526 528
          530 532 534 536 538 540
          542 544 546 548 550 552
          554 556 558 560 562 564
          566 568 570 572 574 576
          578 580 582 584 586 588
          590 592 594 596 598 600
          602 604 606 608 610 612
          614 616 618 620 622 624
          626 628 630 632 634 636
          638 640 642 644 646 648
          650 652 654 656 658 660
          662 664 666 668 670 672
          674 676 678 680 682 684
          686 688 690 692 694 696
          698 700 702 704 706 708
          710 712 714 716 718 720
          722 724 726 728 730 732
          734 736 738 740 742 744
          746 748 750 752 754 756
          758 760 762 764 766 768
          770 772 774 776 778 780
          782 784 786 788 790 792
          794 796 798 800 802 804
          806 808 810 812 814 816
          818 820 822 824 826 828
          830 832 834 836 838 840
          842 844 846 848 850 852
          854 856 858 860 862 864
          866 868 870 872 874 876
          878 880 882 884 886 888
          890 892 894 896 898 900
          902 904 906 908 910 912
          914 916 918 920 922 924
          926 928 930 932 934 936
          938 940 942 944 946 948
          950 952 954 956 958 960
          962 964 966 968 970 972
          974 976 978 980 982 984
          986 988 990 992 994 996
          998 1000 1002 1004 1006 1008
          1010 1012 1014 1016 1018 1020
          1022 1024 1026 1028 1030 1032
          1034 1036 1038 1040 1042 1044
          1046 1048 1050 1052 1054 1056
          1058 1060 1062 1064 1066 1068
          1070 1072 1074 1076 1078 1080
          1082 1084 1086 1088 1090 1092
          1094 1096 1098 1100 1102 1104
          1106 1108 1110 1112 1114 1116
          1118 1120 1122 1124 1126 1128
          1130 1132 1134 1136 1138 1140
          1142 1144 1146 1148 1150 1152
          1154 1156 1158 1160 1162 1164
          1166 1168 1170 1172 1174 1176
          1178 1180 1182 1184 1186 1188
          1190 1192 1194 1196 1198 1200
          1202 1204 1206 1208 1210 1212
          1214 1216 1218 1220 1222 1224
          1226 1228 1230 1232 1234 1236
          1238 1240 1242 1244 1246 1248
          1250 1252 1254 1256 1258 1260
          1262 1264 1266 1268 1270 1272
          1274 1276 1278 1280 1282 1284
          1286 1288 1290 1292 1294 1296
          1298 1300 1302 1304 1306 1308
          1310 1312 1314 1316 1318 1320
          1322 1324 1326 1328 1330 1332
          1334 1336 1338 1340 1342 1344
          1346 1348 1350 1352 1354 1356
          1358 1360 1362 1364 1366 1368
          1370 1372 1374 1376 1378 1380
          1382 1384 1386 1388 1390 1392
          1394 1396 1398 1400 1402 1404
          1406 1408 1410 1412 1414 1416
          1418 1420 1422 1424 1426 1428
          1430 1432 1434 1436 1438 1440
          1442 1444 1446 1448 1450 1452
          1454 1456 1458 1460 1462 1464
          1466 1468 1470 1472 1474 1476
          1478 1480 1482 1484 1486 1488
          1490 1492 1494 1496 1498 1500
          1502 1504 1506 1508 1510 1512
          1514 1516 1518 1520 1522 1524
          1526 1528 1530 1532 1534 1536
          1538 1540 1542 1544 1546 1548
          1550 1552 1554 1556 1558 1560
          1562 1564 1566 1568 1570 1572
          1574 1576 1578 1580 1582 1584
          1586 1588 1590 1592 1594 1596
          1598 1600 1602 1604 1606 1608
          1610 1612 1614 1616 1618 1620
          1622 1624 1626 1628 1630 1632
          1634 1636 1638 1640 1642 1644
          1646 1648 1650 1652 1654 1656
          1658 1660 1662 1664 1666 1668
          1670 1672 1674 1676 1678 1680
          1682 1684 1686 1688 1690 1692
          1694 1696 1698 1700 1702 1704
          1706 1708 1710 1712 1714 1716
          1718 1720 1722 1724 1726 1728
          1730 1732 1734 1736 1738 1740
          1742 1744 1746 1748 1750 1752
          1754 1756 1758 1760 1762 1764
          1766 1768 1770 1772 1774 1776
          1778 1780 1782 1784 1786 1788
          1790 1792 1794 1796 1798 1800
          1802 1804 1806 1808 1810 1812
          1814 1816 1818 1820 1822 1824
          1826 1828 1830 1832 1834 1836
          1838 1840 1842 1844 1846 1848
          1850 1852 1854 1856 1858 1860
          1862 1864 1866 1868 1870 1872
          1874 1876 1878 1880 1882 1884
          1886 1888 1890 1892 1894 1896
          1898 1900 1902 1904 1906 1908
          1910 1912 1914 1916 1918 1920
          1922 1924 1926 1928 1930 1932
          1934 1936 1938 1940 1942 1944
          1946 1948 1950 1952 1954 1956
          1958 1960 1962 1964 1966 1968
          1970 1972 1974 1976 1978 1980
          1982 1984 1986 1988 1990 1992
          1994 1996 1998 2000 2002 2004
          2006 2008 2010 2012 2014 2016
          2018 2020 2022 2024 2026 2028
          2030 2032 2034 2036 2038 2040
          2042 2044 2046 2048 2050 2052
          2054 2056 2058 2060 2062 2064
          2066 2068 2070 2072 2074 2076
          2078 2080 2082 2084 2086 2088
          2090 2092 2094 2096 2098 2100
          2102 2104 2106 2108 2110 2112
          2114 2116 2118 2120 2122 2124
          2126 2128 2130 2132 2134 2136
          2138 2140 2142 2144 2146 2148
          2150 2152 2154 2156 2158 2160
          2162 2164 2166 2168 2170 2172
          2174 2176 2178 2180 2182 2184
          2186 2188 2190 2192 2194 2196
          2198 2200 2202 2204 2206 2208
          2210 2212 2214 2216 2218 2220
          2222 2224 2226 2228 2230 2232
          2234 2236 2238 2240 2242 2244
          2246 2248 2250 2252 2254 2256
          2258 2260 2262 2264 2266 2268
          2270 2272 2274 2276 2278 2280
          2282 2284 2286 2288 2290 2292
          2294 2296 2298 2300 2302 2304
          2306 2308 2310 2312 2314 2316
          2318 2320 2322 2324 2326 2328
          2330 2332 2334 2336 2338 2340
          2342 2344 2346 2348 2350 2352
          2354 2356 2358 2360 2362 2364
          2366 2368 2370 2372 2374 2376
          2378 2380 2382 2384 2386 2388
          2390 2392 2394 2396 2398 2400
          2402 2404 2406 2408 2410 2412
          2414 2416 2418 2420 2422 2424
          2426 2428 2430 2432 2434 2436
          2438 2440 2442 2444 2446 2448
          2450 2452 2454 2456 2458 2460
          2462 2464 2466 2468 2470 2472
          2474 2476 2478 2480 2482 2484
          2486 2488 2490 2492 2494 2496
          2498 2500 2502 2504 2506 2508
          2510 2512 2514 2516 2518 2520
          2522 2524 2526 2528 2530 2532
          2534 2536 2538 2540 2542 2544
          2546 2548 2550 2552 2554 2556
          2558 2560 2562 2564 2566 2568
          2570 2572 2574 2576 2578 2580
          2582 2584 2586 2588 2590 2592
          2594 2596 2598 2600 2602 2604
          2606 2608 2610 2612 2614 2616
          2618 2620 2622 2624 2626 2628
          2630 2632 2634 2636 2638 2640
          2642 2644 2646 2648 2650 2652
          2654 2656 2658 2660 2662 2664
          2666 2668 2670 2672 2674 2676
          2678 2680 2682 2684 2686 2688
          2690 2692 2694 2696 2698 2700
          2702 2704 2706 2708 2710 2712
          2714 2716 2718 2720 2722 2724
          2726 2728 2730 2732 2734 2736
          2738 2740 2742 2744 2746 2748
          2750 2752 2754 2756 2758 2760
          2762 2764 2766 2768 2770 2772
          2774 2776 2778 2780 2782 2784
          2786 2788 2790 2792 2794 2796
          2798 2800 2802 2804 2806 2808
          2810 2812 2814 2816 2818 2820
          2822 2824 2826 2828 2830 2832
          2834 2836 2838 2840 2842 2844
          2846 2848 2850 2852 2854 2856
          2858 2860 2862 2864 2866 2868
          2870 2872 2874 2876 2878 2880
          2882 2884 2886 2888 2890 2892
          2894 2896 2898 2900 2902 2904
          2906 2908 2910 2912 2914 2916
          2918 2920 2922 2924 2926 2928
          2930 2932 2934 2936 2938 2940
          2942 2944 2946 2948 2950 2952
          2954 2956 2958 2960 2962 2964
          2966 2968 2970 2972 2974 2976
          2978 2980 2982 2984 2986 2988
          2990 2992 2994 2996 2998 3000
          3002 3004 3006 3008 3010 3012
          3014 3016 3018 3020 3022 3024
          3026 3028 3030 3032 3034 3036
          3038 3040 3042 3044 3046 3048
          3050 3052 3054 3056 3058 3060
          3062 3064 3066 3068 3070 3072
          3074 3076 3078 3080 3082 3084
          3086 3088 3090 3092 3094 3096
          3098 3100 3102 3104 3106 3108
          3110 3112 3114 3116 3118 3120
          3122 3124 3126 3128 3130 3132
          3134 3136 3138 3140 3142 3144
          3146 3148 3150 3152 3154 3156
          3158 3160 3162 3164 3166 3168
          3170 3172 3174 3176 3178 3180
          3182 3184 3186 3188 3190 3192
          3194 3196 3198 3200 3202 3204
          3206 3208 3210 3212 3214 3216
          3218 3220 3222 3224 3226 3228
          3230 3232 3234 3236 3238 3240
          3242 3244 3246 3248 3250 3252
          3254 3256 3258 3260 3262 3264
          3266 3268 3270 3272 3274 3276
          3278 3280 3282 3284 3286 3288
          3290 3292 3294 3296 3298 3300
          3302 3304 3306 3308 3310 3312
          3314 3316 3318 3320 3322 3324
          3326 3328 3330 3332 3334 3336
          3338 3340 3342 3344 3346 3348
          3350 3352 3354 3356 3358 3360
          3362 3364 3366 3368 3370 3372
          3374 3376 3378 3380 3382 3384
          3386 3388 3390 3392 3394 3396
          3398 3400 3402 3404 3406 3408
          3410 3412 3414 3416 3418 3420
          3422 3424 3426 3428 3430 3432
          3434 3436 3438 3440 3442 3444
          3446 3448 3450 3452 3454 3456
          3458 3460 3462 3464 3466 3468
          3470 3472 3474 3476 3478 3480
          3482 3484 3486 3488 3490 3492
          3494 3496 3498 3500 3502 3504
          3506 3508 3510 3512 3514 3516
          3518 3520 3522 3524 3526 3528
          3530 3532 3534 3536 3538 3540
          3542 3544 3546 3548 3550 3552
          3554 3556 3558 3560 3562 3564
          3566 3568 3570 3572 3574 3576
          3578 3580 3582 3584 3586 3588
          3590 3592 3594 3596 3598 3600
          3602 3604 3606 3608 3610 3612
          3614 3616 3618 3620 3622 3624
          3626 3628 3630 3632 3634 3636
          3638 3640 3642 3644 3646 3648
          3650 3652 3654 3656 3658 3660
          3662 3664 3666 3668 3670 3672
          3674 3676 3678 3680 3682 3684
          3686 3688 3690 3692 3694 3696
          3698 3700 3702 3704 3706 3708
          3710 3712 3714 3716 3718 3720
          3722 3724 3726 3728 3730 3732
          3734 3736 3738 3740 3742 3744
          3746 3748 3750 3752 3754 3756
          3758 3760 3762 3764 3766 3768
          3770 3772 3774 3776 3778 3780
          3782 3784 3786 3788 3790 3792
          3794 3796 3798 3800 3802 3804
          3806 3808 3810 3812 3814 3816
          3818 3820 3822 3824 3826 3828
          3830 3832 3834 3836 3838 3840
          3842 3844 3846 3848 3850 3852
          3854 3856 3858 3860 3862 3864
          3866 3868 3870 3872 3874 3876
          3878 3880 3882 3884 3886 3888
          3890 3892 3894 3896 3898 3900
          3902 3904 3906 3908 3910 3912
          3914 3916 3918 3920 3922 3924
          3926 3928 3930 3932 3934 3936
          3938 3940 3942 3944 3946 3948
          3950 3952 3954 3956 3958 3960
          3962 3964 3966 3968 3970 3972
          3974 3976 3978 3980 3982 3984
          3986 3988 3990 3992 3994 3996
          3998 4000 4002 4004 4006 4008
          4010 4012 4014 4016 4018 4020
          4022 4024 4026 4028 4030 4032
          4034 4036 4038 4040 4042 4044
          4046 4048 4050 4052 4054 4056
          4058 4060 4062 4064 4066 4068
          4070 4072 4074 4076 4078 4080
          4082 4084 4086 4088 4090 4092
          4094 4096 4098 4100 4102 4104
          4106 4108 4110 4112 4114 4116
          4118
        </DataArray>
        <DataArray type="UInt8" Name="types" format="ascii" RangeMin="3" RangeMax="3">
          3 3 3 3 3 3
          3 3 3 3 3 3
          3 3 3 3 3 3
          3 3 3 3 3 3
          3 3 3 3 3 3
          3 3 3 3 3 3
          3 3 3 3 3 3
          3 3 3 3 3 3
          3 3 3 3 3 3
          3 3 3 3 3 3
          3 3 3 3 3 3
          3 3 3 3 3 3
          3 3 3 3 3 3
          3 3 3 3 3 3
          3 3 3 3 3 3
          3 3 3 3 3 3
          3 3 3 3 3 3
          3 3 3 3 3 3
          3 3 3 3 3 3
          3 3 3 3 3 3
          3 3 3 3 3 3
          3 3 3 3 3 3
          3 3 3 3 3 3
          3 3 3 3 3 3
          3 3 3 3 3 3
          3 3 3 3 3 3
          3 3 3 3 3 3
          3 3 3 3 3 3
          3 3 3 3 3 3
          3 3 3 3 3 3
          3 3 3 3 3 3
          3 3 3 3 3 3
          3 3 3 3 3 3
          3 3 3 3 3 3
          3 3 3 3 3 3
          3 3 3 3 3 3
          3 3 3 3 3 3
          3 3 3 3 3 3
          3 3 3 3 3 3
          3 3 3 3 3 3
          3 3 3 3 3 3
          3 3 3 3 3 3
          3 3 3 3 3 3
          3 3 3 3 3 3
          3 3 3 3 3 3
          3 3 3 3 3 3
          3 3 3 3 3 3
          3 3 3 3 3 3
          3 3 3 3 3 3
          3 3 3 3 3 3
          3 3 3 3 3 3
          3 3 3 3 3 3
          3 3 3 3 3 3
          3 3 3 3 3 3
          3 3 3 3 3 3
          3 3 3 3 3 3
          3 3 3 3 3 3
          3 3 3 3 3 3
          3 3 3 3 3 3
          3 3 3 3 3 3
          3 3 3 3 3 3
          3 3 3 3 3 3
          3 3 3 3 3 3
          3 3 3 3 3 3
          3 3 3 3 3 3
          3 3 3 3 3 3
          3 3 3 3 3 3
          3 3 3 3 3 3
          3 3 3 3 3 3
          3 3 3 3 3 3
          3 3 3 3 3 3
          3 3 3 3 3 3
          3 3 3 3 3 3
          3 3 3 3 3 3
          3 3 3 3 3 3
          3 3 3 3 3 3
          3 3 3 3 3 3
          3 3 3 3 3 3
          3 3 3 3 3 3
          3 3 3 3 3 3
          3 3 3 3 3 3
          3 3 3 3 3 3
          3 3 3 3 3 3
          3 3 3 3 3 3
          3 3 3 3 3 3
          3 3 3 3 3 3
          3 3 3 3 3 3
          3 3 3 3 3 3
          3 3 3 3 3 3
          3 3 3 3 3 3
          3 3 3 3 3 3
          3 3 3 3 3 3
          3 3 3 3 3 3
          3 3 3 3 3 3
          3 3 3 3 3 3
          3 3 3 3 3 3
          3 3 3 3 3 3
          3 3 3 3 3 3
          3 3 3 3 3 3
          3 3 3 3 3 3
          3 3 3 3 3 3
          3 3 3 3 3 3
          3 3 3 3 3 3
          3 3 3 3 3 3
          3 3 3 3 3 3
          3 3 3 3 3 3
          3 3 3 3 3 3
          3 3 3 3 3 3
          3 3 3 3 3 3
          3 3 3 3 3 3
          3 3 3 3 3 3
          3 3 3 3 3 3
          3 3 3 3 3 3
          3 3 3 3 3 3
          3 3 3 3 3 3
          3 3 3 3 3 3
          3 3 3 3 3 3
          3 3 3 3 3 3
          3 3 3 3 3 3
          3 3 3 3 3 3
          3 3 3 3 3 3
          3 3 3 3 3 3
          3 3 3 3 3 3
          3 3 3 3 3 3
          3 3 3 3 3 3
          3 3 3 3 3 3
          3 3 3 3 3 3
          3 3 3 3 3 3
          3 3 3 3 3 3
          3 3 3 3 3 3
          3 3 3 3 3 3
          3 3 3 3 3 3
          3 3 3 3 3 3
          3 3 3 3 3 3
          3 3 3 3 3 3
          3 3 3 3 3 3
          3 3 3 3 3 3
          3 3 3 3 3 3
          3 3 3 3 3 3
          3 3 3 3 3 3
          3 3 3 3 3 3
          3 3 3 3 3 3
          3 3 3 3 3 3
          3 3 3 3 3 3
          3 3 3 3 3 3
          3 3 3 3 3 3
          3 3 3 3 3 3
          3 3 3 3 3 3
          3 3 3 3 3 3
          3 3 3 3 3 3
          3 3 3 3 3 3
          3 3 3 3 3 3
          3 3 3 3 3 3
          3 3 3 3 3 3
          3 3 3 3 3 3
          3 3 3 3 3 3
          3 3 3 3 3 3
          3 3 3 3 3 3
          3 3 3 3 3 3
          3 3 3 3 3 3
          3 3 3 3 3 3
          3 3 3 3 3 3
          3 3 3 3 3 3
          3 3 3 3 3 3
          3 3 3 3 3 3
          3 3 3 3 3 3
          3 3 3 3 3 3
          3 3 3 3 3 3
          3 3 3 3 3 3
          3 3 3 3 3 3
          3 3 3 3 3 3
          3 3 3 3 3 3
          3 3 3 3 3 3
          3 3 3 3 3 3
          3 3 3 3 3 3
          3 3 3 3 3 3
          3 3 3 3 3 3
          3 3 3 3 3 3
          3 3 3 3 3 3
          3 3 3 3 3 3
          3 3 3 3 3 3
          3 3 3 3 3 3
          3 3 3 3 3 3
          3 3 3 3 3 3
          3 3 3 3 3 3
          3 3 3 3 3 3
          3 3 3 3 3 3
          3 3 3 3 3 3
          3 3 3 3 3 3
          3 3 3 3 3 3
          3 3 3 3 3 3
          3 3 3 3 3 3
          3 3 3 3 3 3
          3 3 3 3 3 3
          3 3 3 3 3 3
          3 3 3 3 3 3
          3 3 3 3 3 3
          3 3 3 3 3 3
          3 3 3 3 3 3
          3 3 3 3 3 3
          3 3 3 3 3 3
          3 3 3 3 3 3
          3 3 3 3 3 3
          3 3 3 3 3 3
          3 3 3 3 3 3
          3 3 3 3 3 3
          3 3 3 3 3 3
          3 3 3 3 3 3
          3 3 3 3 3 3
          3 3 3 3 3 3
          3 3 3 3 3 3
          3 3 3 3 3 3
          3 3 3 3 3 3
          3 3 3 3 3 3
          3 3 3 3 3 3
          3 3 3 3 3 3
          3 3 3 3 3 3
          3 3 3 3 3 3
          3 3 3 3 3 3
          3 3 3 3 3 3
          3 3 3 3 3 3
          3 3 3 3 3 3
          3 3 3 3 3 3
          3 3 3 3 3 3
          3 3 3 3 3 3
          3 3 3 3 3 3
          3 3 3 3 3 3
          3 3 3 3 3 3
          3 3 3 3 3 3
          3 3 3 3 3 3
          3 3 3 3 3 3
          3 3 3 3 3 3
          3 3 3 3 3 3
          3 3 3 3 3 3
          3 3 3 3 3 3
          3 3 3 3 3 3
          3 3 3 3 3 3
          3 3 3 3 3 3
          3 3 3 3 3 3
          3 3 3 3 3 3
          3 3 3 3 3 3
          3 3 3 3 3 3
          3 3 3 3 3 3
          3 3 3 3 3 3
          3 3 3 3 3 3
          3 3 3 3 3 3
          3 3 3 3 3 3
          3 3 3 3 3 3
          3 3 3 3 3 3
          3 3 3 3 3 3
          3 3 3 3 3 3
          3 3 3 3 3 3
          3 3 3 3 3 3
          3 3 3 3 3 3
          3 3 3 3 3 3
          3 3 3 3 3 3
          3 3 3 3 3 3
          3 3 3 3 3 3
          3 3 3 3 3 3
          3 3 3 3 3 3
          3 3 3 3 3 3
          3 3 3 3 3 3
          3 3 3 3 3 3
          3 3 3 3 3 3
          3 3 3 3 3 3
          3 3 3 3 3 3
          3 3 3 3 3 3
          3 3 3 3 3 3
          3 3 3 3 3 3
          3 3 3 3 3 3
          3 3 3 3 3 3
          3 3 3 3 3 3
          3 3 3 3 3 3
          3 3 3 3 3 3
          3 3 3 3 3 3
          3 3 3 3 3 3
          3 3 3 3 3 3
          3 3 3 3 3 3
          3 3 3 3 3 3
          3 3 3 3 3 3
          3 3 3 3 3 3
          3 3 3 3 3 3
          3 3 3 3 3 3
          3 3 3 3 3 3
          3 3 3 3 3 3
          3 3 3 3 3 3
          3 3 3 3 3 3
          3 3 3 3 3 3
          3 3 3 3 3 3
          3 3 3 3 3 3
          3 3 3 3 3 3
          3 3 3 3 3 3
          3 3 3 3 3 3
          3 3 3 3 3 3
          3 3 3 3 3 3
          3 3 3 3 3 3
          3 3 3 3 3 3
          3 3 3 3 3 3
          3 3 3 3 3 3
          3 3 3 3 3 3
          3 3 3 3 3 3
          3 3 3 3 3 3
          3 3 3 3 3 3
          3 3 3 3 3 3
          3 3 3 3 3 3
          3 3 3 3 3 3
          3 3 3 3 3 3
          3 3 3 3 3 3
          3 3 3 3 3 3
          3 3 3 3 3 3
          3 3 3 3 3 3
          3 3 3 3 3 3
          3 3 3 3 3 3
          3 3 3 3 3 3
          3 3 3 3 3 3
          3 3 3 3 3 3
          3 3 3 3 3 3
          3 3 3 3 3 3
          3 3 3 3 3 3
          3 3 3 3 3 3
          3 3 3 3 3 3
          3 3 3 3 3 3
          3 3 3 3 3 3
          3 3 3 3 3 3
          3 3 3 3 3 3
          3 3 3 3 3 3
          3 3 3 3 3 3
          3 3 3 3 3 3
          3 3 3 3 3 3
          3 3 3 3 3 3
          3 3 3 3 3 3
          3 3 3 3 3 3
          3 3 3 3 3 3
          3 3 3 3 3 3
          3 3 3 3 3 3
          3 3 3 3 3 3
          3 3 3 3 3 3
          3 3 3 3 3 3
          3 3 3 3 3 3
          3 3 3 3 3 3
          3 3 3 3 3 3
          3 3 3 3 3 3
          3 3 3 3 3 3
          3
        </DataArray>
      </Cells>
    </Piece>
  </UnstructuredGrid>
</VTKFile>
