<VTKFile type="UnstructuredGrid" version="0.1" byte_order="LittleEndian" header_type="UInt32" compressor="vtkZLibDataCompressor">
  <UnstructuredGrid>
    <Piece NumberOfPoints="2590" NumberOfCells="2590">
      <PointData Scalars="CriticalType">
        <DataArray type="Int32" Name="NodeId" format="ascii" RangeMin="0" RangeMax="2589">
          0 1 2 3 4 5
          6 7 8 9 10 11
          12 13 14 15 16 17
          18 19 20 21 22 23
          24 25 26 27 28 29
          30 31 32 33 34 35
          36 37 38 39 40 41
          42 43 44 45 46 47
          48 49 50 51 52 53
          54 55 56 57 58 59
          60 61 62 63 64 65
          66 67 68 69 70 71
          72 73 74 75 76 77
          78 79 80 81 82 83
          84 85 86 87 88 89
          90 91 92 93 94 95
          96 97 98 99 100 101
          102 103 104 105 106 107
          108 109 110 111 112 113
          114 115 116 117 118 119
          120 121 122 123 124 125
          126 127 128 129 130 131
          132 133 134 135 136 137
          138 139 140 141 142 143
          144 145 146 147 148 149
          150 151 152 153 154 155
          156 157 158 159 160 161
          162 163 164 165 166 167
          168 169 170 171 172 173
          174 175 176 177 178 179
          180 181 182 183 184 185
          186 187 188 189 190 191
          192 193 194 195 196 197
          198 199 200 201 202 203
          204 205 206 207 208 209
          210 211 212 213 214 215
          216 217 218 219 220 221
          222 223 224 225 226 227
          228 229 230 231 232 233
          234 235 236 237 238 239
          240 241 242 243 244 245
          246 247 248 249 250 251
          252 253 254 255 256 257
          258 259 260 261 262 263
          264 265 266 267 268 269
          270 271 272 273 274 275
          276 277 278 279 280 281
          282 283 284 285 286 287
          288 289 290 291 292 293
          294 295 296 297 298 299
          300 301 302 303 304 305
          306 307 308 309 310 311
          312 313 314 315 316 317
          318 319 320 321 322 323
          324 325 326 327 328 329
          330 331 332 333 334 335
          336 337 338 339 340 341
          342 343 344 345 346 347
          348 349 350 351 352 353
          354 355 356 357 358 359
          360 361 362 363 364 365
          366 367 368 369 370 371
          372 373 374 375 376 377
          378 379 380 381 382 383
          384 385 386 387 388 389
          390 391 392 393 394 395
          396 397 398 399 400 401
          402 403 404 405 406 407
          408 409 410 411 412 413
          414 415 416 417 418 419
          420 421 422 423 424 425
          426 427 428 429 430 431
          432 433 434 435 436 437
          438 439 440 441 442 443
          444 445 446 447 448 449
          450 451 452 453 454 455
          456 457 458 459 460 461
          462 463 464 465 466 467
          468 469 470 471 472 473
          474 475 476 477 478 479
          480 481 482 483 484 485
          486 487 488 489 490 491
          492 493 494 495 496 497
          498 499 500 501 502 503
          504 505 506 507 508 509
          510 511 512 513 514 515
          516 517 518 519 520 521
          522 523 524 525 526 527
          528 529 530 531 532 533
          534 535 536 537 538 539
          540 541 542 543 544 545
          546 547 548 549 550 551
          552 553 554 555 556 557
          558 559 560 561 562 563
          564 565 566 567 568 569
          570 571 572 573 574 575
          576 577 578 579 580 581
          582 583 584 585 586 587
          588 589 590 591 592 593
          594 595 596 597 598 599
          600 601 602 603 604 605
          606 607 608 609 610 611
          612 613 614 615 616 617
          618 619 620 621 622 623
          624 625 626 627 628 629
          630 631 632 633 634 635
          636 637 638 639 640 641
          642 643 644 645 646 647
          648 649 650 651 652 653
          654 655 656 657 658 659
          660 661 662 663 664 665
          666 667 668 669 670 671
          672 673 674 675 676 677
          678 679 680 681 682 683
          684 685 686 687 688 689
          690 691 692 693 694 695
          696 697 698 699 700 701
          702 703 704 705 706 707
          708 709 710 711 712 713
          714 715 716 717 718 719
          720 721 722 723 724 725
          726 727 728 729 730 731
          732 733 734 735 736 737
          738 739 740 741 742 743
          744 745 746 747 748 749
          750 751 752 753 754 755
          756 757 758 759 760 761
          762 763 764 765 766 767
          768 769 770 771 772 773
          774 775 776 777 778 779
          780 781 782 783 784 785
          786 787 788 789 790 791
          792 793 794 795 796 797
          798 799 800 801 802 803
          804 805 806 807 808 809
          810 811 812 813 814 815
          816 817 818 819 820 821
          822 823 824 825 826 827
          828 829 830 831 832 833
          834 835 836 837 838 839
          840 841 842 843 844 845
          846 847 848 849 850 851
          852 853 854 855 856 857
          858 859 860 861 862 863
          864 865 866 867 868 869
          870 871 872 873 874 875
          876 877 878 879 880 881
          882 883 884 885 886 887
          888 889 890 891 892 893
          894 895 896 897 898 899
          900 901 902 903 904 905
          906 907 908 909 910 911
          912 913 914 915 916 917
          918 919 920 921 922 923
          924 925 926 927 928 929
          930 931 932 933 934 935
          936 937 938 939 940 941
          942 943 944 945 946 947
          948 949 950 951 952 953
          954 955 956 957 958 959
          960 961 962 963 964 965
          966 967 968 969 970 971
          972 973 974 975 976 977
          978 979 980 981 982 983
          984 985 986 987 988 989
          990 991 992 993 994 995
          996 997 998 999 1000 1001
          1002 1003 1004 1005 1006 1007
          1008 1009 1010 1011 1012 1013
          1014 1015 1016 1017 1018 1019
          1020 1021 1022 1023 1024 1025
          1026 1027 1028 1029 1030 1031
          1032 1033 1034 1035 1036 1037
          1038 1039 1040 1041 1042 1043
          1044 1045 1046 1047 1048 1049
          1050 1051 1052 1053 1054 1055
          1056 1057 1058 1059 1060 1061
          1062 1063 1064 1065 1066 1067
          1068 1069 1070 1071 1072 1073
          1074 1075 1076 1077 1078 1079
          1080 1081 1082 1083 1084 1085
          1086 1087 1088 1089 1090 1091
          1092 1093 1094 1095 1096 1097
          1098 1099 1100 1101 1102 1103
          1104 1105 1106 1107 1108 1109
          1110 1111 1112 1113 1114 1115
          1116 1117 1118 1119 1120 1121
          1122 1123 1124 1125 1126 1127
          1128 1129 1130 1131 1132 1133
          1134 1135 1136 1137 1138 1139
          1140 1141 1142 1143 1144 1145
          1146 1147 1148 1149 1150 1151
          1152 1153 1154 1155 1156 1157
          1158 1159 1160 1161 1162 1163
          1164 1165 1166 1167 1168 1169
          1170 1171 1172 1173 1174 1175
          1176 1177 1178 1179 1180 1181
          1182 1183 1184 1185 1186 1187
          1188 1189 1190 1191 1192 1193
          1194 1195 1196 1197 1198 1199
          1200 1201 1202 1203 1204 1205
          1206 1207 1208 1209 1210 1211
          1212 1213 1214 1215 1216 1217
          1218 1219 1220 1221 1222 1223
          1224 1225 1226 1227 1228 1229
          1230 1231 1232 1233 1234 1235
          1236 1237 1238 1239 1240 1241
          1242 1243 1244 1245 1246 1247
          1248 1249 1250 1251 1252 1253
          1254 1255 1256 1257 1258 1259
          1260 1261 1262 1263 1264 1265
          1266 1267 1268 1269 1270 1271
          1272 1273 1274 1275 1276 1277
          1278 1279 1280 1281 1282 1283
          1284 1285 1286 1287 1288 1289
          1290 1291 1292 1293 1294 1295
          1296 1297 1298 1299 1300 1301
          1302 1303 1304 1305 1306 1307
          1308 1309 1310 1311 1312 1313
          1314 1315 1316 1317 1318 1319
          1320 1321 1322 1323 1324 1325
          1326 1327 1328 1329 1330 1331
          1332 1333 1334 1335 1336 1337
          1338 1339 1340 1341 1342 1343
          1344 1345 1346 1347 1348 1349
          1350 1351 1352 1353 1354 1355
          1356 1357 1358 1359 1360 1361
          1362 1363 1364 1365 1366 1367
          1368 1369 1370 1371 1372 1373
          1374 1375 1376 1377 1378 1379
          1380 1381 1382 1383 1384 1385
          1386 1387 1388 1389 1390 1391
          1392 1393 1394 1395 1396 1397
          1398 1399 1400 1401 1402 1403
          1404 1405 1406 1407 1408 1409
          1410 1411 1412 1413 1414 1415
          1416 1417 1418 1419 1420 1421
          1422 1423 1424 1425 1426 1427
          1428 1429 1430 1431 1432 1433
          1434 1435 1436 1437 1438 1439
          1440 1441 1442 1443 1444 1445
          1446 1447 1448 1449 1450 1451
          1452 1453 1454 1455 1456 1457
          1458 1459 1460 1461 1462 1463
          1464 1465 1466 1467 1468 1469
          1470 1471 1472 1473 1474 1475
          1476 1477 1478 1479 1480 1481
          1482 1483 1484 1485 1486 1487
          1488 1489 1490 1491 1492 1493
          1494 1495 1496 1497 1498 1499
          1500 1501 1502 1503 1504 1505
          1506 1507 1508 1509 1510 1511
          1512 1513 1514 1515 1516 1517
          1518 1519 1520 1521 1522 1523
          1524 1525 1526 1527 1528 1529
          1530 1531 1532 1533 1534 1535
          1536 1537 1538 1539 1540 1541
          1542 1543 1544 1545 1546 1547
          1548 1549 1550 1551 1552 1553
          1554 1555 1556 1557 1558 1559
          1560 1561 1562 1563 1564 1565
          1566 1567 1568 1569 1570 1571
          1572 1573 1574 1575 1576 1577
          1578 1579 1580 1581 1582 1583
          1584 1585 1586 1587 1588 1589
          1590 1591 1592 1593 1594 1595
          1596 1597 1598 1599 1600 1601
          1602 1603 1604 1605 1606 1607
          1608 1609 1610 1611 1612 1613
          1614 1615 1616 1617 1618 1619
          1620 1621 1622 1623 1624 1625
          1626 1627 1628 1629 1630 1631
          1632 1633 1634 1635 1636 1637
          1638 1639 1640 1641 1642 1643
          1644 1645 1646 1647 1648 1649
          1650 1651 1652 1653 1654 1655
          1656 1657 1658 1659 1660 1661
          1662 1663 1664 1665 1666 1667
          1668 1669 1670 1671 1672 1673
          1674 1675 1676 1677 1678 1679
          1680 1681 1682 1683 1684 1685
          1686 1687 1688 1689 1690 1691
          1692 1693 1694 1695 1696 1697
          1698 1699 1700 1701 1702 1703
          1704 1705 1706 1707 1708 1709
          1710 1711 1712 1713 1714 1715
          1716 1717 1718 1719 1720 1721
          1722 1723 1724 1725 1726 1727
          1728 1729 1730 1731 1732 1733
          1734 1735 1736 1737 1738 1739
          1740 1741 1742 1743 1744 1745
          1746 1747 1748 1749 1750 1751
          1752 1753 1754 1755 1756 1757
          1758 1759 1760 1761 1762 1763
          1764 1765 1766 1767 1768 1769
          1770 1771 1772 1773 1774 1775
          1776 1777 1778 1779 1780 1781
          1782 1783 1784 1785 1786 1787
          1788 1789 1790 1791 1792 1793
          1794 1795 1796 1797 1798 1799
          1800 1801 1802 1803 1804 1805
          1806 1807 1808 1809 1810 1811
          1812 1813 1814 1815 1816 1817
          1818 1819 1820 1821 1822 1823
          1824 1825 1826 1827 1828 1829
          1830 1831 1832 1833 1834 1835
          1836 1837 1838 1839 1840 1841
          1842 1843 1844 1845 1846 1847
          1848 1849 1850 1851 1852 1853
          1854 1855 1856 1857 1858 1859
          1860 1861 1862 1863 1864 1865
          1866 1867 1868 1869 1870 1871
          1872 1873 1874 1875 1876 1877
          1878 1879 1880 1881 1882 1883
          1884 1885 1886 1887 1888 1889
          1890 1891 1892 1893 1894 1895
          1896 1897 1898 1899 1900 1901
          1902 1903 1904 1905 1906 1907
          1908 1909 1910 1911 1912 1913
          1914 1915 1916 1917 1918 1919
          1920 1921 1922 1923 1924 1925
          1926 1927 1928 1929 1930 1931
          1932 1933 1934 1935 1936 1937
          1938 1939 1940 1941 1942 1943
          1944 1945 1946 1947 1948 1949
          1950 1951 1952 1953 1954 1955
          1956 1957 1958 1959 1960 1961
          1962 1963 1964 1965 1966 1967
          1968 1969 1970 1971 1972 1973
          1974 1975 1976 1977 1978 1979
          1980 1981 1982 1983 1984 1985
          1986 1987 1988 1989 1990 1991
          1992 1993 1994 1995 1996 1997
          1998 1999 2000 2001 2002 2003
          2004 2005 2006 2007 2008 2009
          2010 2011 2012 2013 2014 2015
          2016 2017 2018 2019 2020 2021
          2022 2023 2024 2025 2026 2027
          2028 2029 2030 2031 2032 2033
          2034 2035 2036 2037 2038 2039
          2040 2041 2042 2043 2044 2045
          2046 2047 2048 2049 2050 2051
          2052 2053 2054 2055 2056 2057
          2058 2059 2060 2061 2062 2063
          2064 2065 2066 2067 2068 2069
          2070 2071 2072 2073 2074 2075
          2076 2077 2078 2079 2080 2081
          2082 2083 2084 2085 2086 2087
          2088 2089 2090 2091 2092 2093
          2094 2095 2096 2097 2098 2099
          2100 2101 2102 2103 2104 2105
          2106 2107 2108 2109 2110 2111
          2112 2113 2114 2115 2116 2117
          2118 2119 2120 2121 2122 2123
          2124 2125 2126 2127 2128 2129
          2130 2131 2132 2133 2134 2135
          2136 2137 2138 2139 2140 2141
          2142 2143 2144 2145 2146 2147
          2148 2149 2150 2151 2152 2153
          2154 2155 2156 2157 2158 2159
          2160 2161 2162 2163 2164 2165
          2166 2167 2168 2169 2170 2171
          2172 2173 2174 2175 2176 2177
          2178 2179 2180 2181 2182 2183
          2184 2185 2186 2187 2188 2189
          2190 2191 2192 2193 2194 2195
          2196 2197 2198 2199 2200 2201
          2202 2203 2204 2205 2206 2207
          2208 2209 2210 2211 2212 2213
          2214 2215 2216 2217 2218 2219
          2220 2221 2222 2223 2224 2225
          2226 2227 2228 2229 2230 2231
          2232 2233 2234 2235 2236 2237
          2238 2239 2240 2241 2242 2243
          2244 2245 2246 2247 2248 2249
          2250 2251 2252 2253 2254 2255
          2256 2257 2258 2259 2260 2261
          2262 2263 2264 2265 2266 2267
          2268 2269 2270 2271 2272 2273
          2274 2275 2276 2277 2278 2279
          2280 2281 2282 2283 2284 2285
          2286 2287 2288 2289 2290 2291
          2292 2293 2294 2295 2296 2297
          2298 2299 2300 2301 2302 2303
          2304 2305 2306 2307 2308 2309
          2310 2311 2312 2313 2314 2315
          2316 2317 2318 2319 2320 2321
          2322 2323 2324 2325 2326 2327
          2328 2329 2330 2331 2332 2333
          2334 2335 2336 2337 2338 2339
          2340 2341 2342 2343 2344 2345
          2346 2347 2348 2349 2350 2351
          2352 2353 2354 2355 2356 2357
          2358 2359 2360 2361 2362 2363
          2364 2365 2366 2367 2368 2369
          2370 2371 2372 2373 2374 2375
          2376 2377 2378 2379 2380 2381
          2382 2383 2384 2385 2386 2387
          2388 2389 2390 2391 2392 2393
          2394 2395 2396 2397 2398 2399
          2400 2401 2402 2403 2404 2405
          2406 2407 2408 2409 2410 2411
          2412 2413 2414 2415 2416 2417
          2418 2419 2420 2421 2422 2423
          2424 2425 2426 2427 2428 2429
          2430 2431 2432 2433 2434 2435
          2436 2437 2438 2439 2440 2441
          2442 2443 2444 2445 2446 2447
          2448 2449 2450 2451 2452 2453
          2454 2455 2456 2457 2458 2459
          2460 2461 2462 2463 2464 2465
          2466 2467 2468 2469 2470 2471
          2472 2473 2474 2475 2476 2477
          2478 2479 2480 2481 2482 2483
          2484 2485 2486 2487 2488 2489
          2490 2491 2492 2493 2494 2495
          2496 2497 2498 2499 2500 2501
          2502 2503 2504 2505 2506 2507
          2508 2509 2510 2511 2512 2513
          2514 2515 2516 2517 2518 2519
          2520 2521 2522 2523 2524 2525
          2526 2527 2528 2529 2530 2531
          2532 2533 2534 2535 2536 2537
          2538 2539 2540 2541 2542 2543
          2544 2545 2546 2547 2548 2549
          2550 2551 2552 2553 2554 2555
          2556 2557 2558 2559 2560 2561
          2562 2563 2564 2565 2566 2567
          2568 2569 2570 2571 2572 2573
          2574 2575 2576 2577 2578 2579
          2580 2581 2582 2583 2584 2585
          2586 2587 2588 2589
        </DataArray>
        <DataArray type="Float32" Name="Scalar" format="ascii" RangeMin="0.03467811644077301" RangeMax="12.015246391296387">
          0.034678116 0.046364155 0.051851746 0.05277639 0.054029383 0.06353743
          0.06660374 0.07203556 0.08451314 0.08894849 0.094592385 0.09470137
          0.09572144 0.0958162 0.105409026 0.10878137 0.10917029 0.11047893
          0.111519635 0.11277672 0.11451635 0.11809588 0.11986267 0.13538064
          0.13725312 0.14023423 0.14138147 0.14681791 0.15218893 0.15280746
          0.15841532 0.15935509 0.16316608 0.1673353 0.17263871 0.17381638
          0.17507666 0.17534617 0.17559223 0.17806587 0.17808962 0.18204357
          0.1825371 0.18943413 0.19471247 0.19901575 0.20127259 0.20173348
          0.2029789 0.20618482 0.20882319 0.22308567 0.22426488 0.22540234
          0.22607034 0.22619876 0.23031777 0.23337106 0.23517643 0.2386823
          0.24016035 0.24360675 0.24479438 0.24595007 0.24622934 0.24635747
          0.2505366 0.25622332 0.25775373 0.26099825 0.27861392 0.2892413
          0.29214457 0.2927606 0.296328 0.29883102 0.3110929 0.31225044
          0.3134861 0.3155322 0.3199059 0.32303262 0.32340363 0.32571986
          0.3257522 0.32601115 0.32924283 0.33009022 0.33366546 0.33393753
          0.33471167 0.33522987 0.3451811 0.34557688 0.34734985 0.35020447
          0.3525061 0.3574793 0.36563456 0.3669717 0.3684151 0.37173936
          0.3759447 0.3767351 0.3769673 0.38742974 0.3876383 0.39035133
          0.39080298 0.3967849 0.40059924 0.40231812 0.40234196 0.41226938
          0.41816258 0.419174 0.41923672 0.42372182 0.4267418 0.42827642
          0.4316705 0.4329506 0.43534112 0.4392613 0.43951383 0.44799995
          0.45651287 0.46146905 0.46438497 0.47158295 0.4798557 0.4836166
          0.4856879 0.48647475 0.493323 0.49530655 0.49612862 0.4964692
          0.49809286 0.5041767 0.50468177 0.5078847 0.5085574 0.50991744
          0.51882744 0.5191331 0.5281697 0.5327248 0.53537005 0.5356637
          0.53763694 0.54037 0.5420304 0.5434371 0.54744935 0.55352366
          0.55426234 0.55618477 0.55854994 0.5622709 0.56577104 0.56688863
          0.57001156 0.57328784 0.57723254 0.5853129 0.5881414 0.58998394
          0.5907451 0.5946668 0.59745204 0.6001042 0.60258675 0.61609167
          0.6265957 0.6296593 0.6323652 0.63249683 0.63551694 0.6371777
          0.639969 0.6404125 0.64914304 0.6564611 0.6607342 0.6639331
          0.6657488 0.66684705 0.66732335 0.6689593 0.67064995 0.67552096
          0.68677104 0.693048 0.6930873 0.6958076 0.7002265 0.70344305
          0.7085583 0.7088896 0.71116424 0.71666574 0.72461754 0.72570854
          0.72729075 0.7279092 0.73539555 0.74052334 0.74719983 0.7536234
          0.7553622 0.75986886 0.7667726 0.7705583 0.7736812 0.77468026
          0.77591616 0.77747357 0.7785379 0.7822373 0.7876701 0.78804374
          0.7884455 0.8043062 0.8137627 0.81570345 0.8180174 0.8322648
          0.83611536 0.8361865 0.8392723 0.8398262 0.8403127 0.84529024
          0.8476468 0.85610664 0.86376226 0.8653918 0.8680958 0.8733288
          0.8824411 0.88448817 0.88474524 0.89904 0.8992666 0.89983094
          0.900641 0.9021689 0.9070832 0.9083623 0.9190731 0.9192032
          0.92233914 0.92672503 0.93182766 0.9357265 0.9453811 0.9470572
          0.9471531 0.9522217 0.9531953 0.95369256 0.95448947 0.9591284
          0.9595145 0.96119606 0.9704799 0.97383124 0.98036927 0.9942878
          1.0039922 1.0081663 1.0098355 1.0118294 1.0162212 1.0173379
          1.0260941 1.0290074 1.0300901 1.0309942 1.0348694 1.0381252
          1.0395304 1.0443257 1.0547413 1.0571578 1.0575662 1.0580281
          1.0605596 1.0659753 1.0683696 1.068537 1.0716553 1.0733534
          1.0828362 1.0833267 1.0897516 1.0926759 1.0949948 1.1027858
          1.1041203 1.1100403 1.1115223 1.1156195 1.1157093 1.1197374
          1.1253451 1.1260055 1.1263921 1.1265258 1.1354245 1.1368974
          1.139584 1.1438394 1.1471468 1.1499064 1.1560996 1.1676525
          1.1679177 1.1690695 1.1799254 1.1804332 1.1815382 1.1819102
          1.184891 1.1994137 1.2006772 1.2015938 1.2043182 1.2102152
          1.2147547 1.2189058 1.2236648 1.2261851 1.237067 1.2476578
          1.2516676 1.26159 1.2638388 1.264862 1.2660636 1.2682579
          1.269759 1.2704561 1.2718295 1.2733258 1.2766509 1.2785352
          1.2828842 1.2839407 1.2860723 1.2869532 1.2930623 1.2945322
          1.2968463 1.3015554 1.3016407 1.3115261 1.3163332 1.3189679
          1.3271809 1.3276851 1.32851 1.3375599 1.3452754 1.3471972
          1.3509198 1.3527584 1.3528256 1.3632925 1.3656495 1.366083
          1.3674119 1.3675798 1.3722235 1.3760585 1.3762254 1.3820231
          1.385452 1.3908056 1.3909107 1.3939962 1.3941741 1.4006548
          1.4020522 1.4044088 1.4058456 1.4063269 1.4075869 1.4077705
          1.40835 1.4086401 1.4096198 1.4099709 1.4122849 1.412764
          1.4132023 1.4169042 1.4191599 1.4199795 1.4241099 1.4246446
          1.425404 1.4274154 1.4293188 1.4296613 1.4306127 1.4306933
          1.4344871 1.435317 1.4397554 1.4403317 1.4413391 1.4452395
          1.445436 1.4454826 1.4541658 1.456543 1.4574051 1.4593731
          1.459891 1.4620584 1.4623251 1.4673697 1.4674453 1.4683524
          1.4705665 1.472794 1.4743932 1.4780034 1.4786958 1.4792814
          1.4846027 1.4877067 1.4894432 1.4957097 1.5029753 1.5040712
          1.5042547 1.5057693 1.5091866 1.5157144 1.5166619 1.5171746
          1.5198163 1.5242094 1.524469 1.5253422 1.5258629 1.5264434
          1.5265534 1.5274765 1.5276173 1.5279156 1.5285649 1.5295532
          1.5302379 1.5325422 1.5338597 1.5339435 1.5341582 1.5356492
          1.5391659 1.5400974 1.5406853 1.5434512 1.5447795 1.5502636
          1.560052 1.56232 1.5668621 1.5713115 1.5732479 1.573692
          1.5787821 1.5825862 1.5828774 1.5846969 1.5876262 1.5898845
          1.5908169 1.5910254 1.5913174 1.5937816 1.5955894 1.597168
          1.599388 1.6026112 1.6059662 1.6080934 1.6103603 1.6131812
          1.615587 1.6163758 1.6242012 1.6252381 1.6260564 1.627224
          1.6285734 1.6287179 1.6306432 1.6340706 1.6384324 1.6399783
          1.6434231 1.6462277 1.6520692 1.6522559 1.6537083 1.6540475
          1.6565572 1.6585002 1.6660422 1.6721274 1.6725036 1.6730301
          1.673109 1.6748497 1.67527 1.6770773 1.6788838 1.6838374
          1.6845678 1.688732 1.6903503 1.6917967 1.6921656 1.6939058
          1.6940476 1.7006692 1.7066575 1.7081074 1.7086756 1.7098253
          1.7144642 1.7179964 1.7193477 1.7197129 1.7244118 1.7244174
          1.7260175 1.730081 1.7301873 1.7338243 1.7350677 1.7362113
          1.7363255 1.741471 1.7473946 1.7536508 1.7576193 1.7618678
          1.7693132 1.7708328 1.7775015 1.7790841 1.7866359 1.7919734
          1.7930655 1.7935513 1.7959703 1.808465 1.8089732 1.8166914
          1.8219099 1.822937 1.8229852 1.8260589 1.8285593 1.8290321
          1.83356 1.8371369 1.8387966 1.8402225 1.8423933 1.8436384
          1.8508416 1.8532932 1.8532947 1.8572052 1.8572086 1.8576592
          1.8577683 1.8586035 1.8606836 1.8637894 1.8667008 1.8705093
          1.8712277 1.8754636 1.8777387 1.8781636 1.8792881 1.8811169
          1.8818167 1.8819844 1.882328 1.88361 1.8858396 1.8868208
          1.8868822 1.8878576 1.891249 1.8985316 1.9176674 1.9181819
          1.9182204 1.923068 1.9239662 1.9254844 1.9275199 1.9295697
          1.9410158 1.9412335 1.9438599 1.9464369 1.9492296 1.9508516
          1.9556823 1.9579755 1.9628366 1.963524 1.964271 1.9683709
          1.9709314 1.9741818 1.9747647 1.984169 1.9859829 1.9911768
          1.9984546 1.9990901 2.004833 2.00542 2.0068753 2.0090191
          2.00989 2.0142763 2.0186477 2.0262845 2.0357103 2.0383005
          2.0463176 2.0479174 2.0499666 2.0694528 2.0702164 2.0829492
          2.083631 2.0838454 2.089072 2.0924213 2.0927277 2.0970004
          2.0975757 2.1001532 2.1181257 2.1228104 2.123883 2.126306
          2.1294365 2.1328452 2.1353376 2.1354 2.1419444 2.1424525
          2.1445591 2.1473267 2.1477096 2.1506126 2.1517532 2.1579773
          2.1628468 2.1639292 2.164542 2.166074 2.1693902 2.170041
          2.1745443 2.1776016 2.179949 2.1805398 2.1859286 2.1864204
          2.1919224 2.1927416 2.1931741 2.1945865 2.1946962 2.196644
          2.1977742 2.2005692 2.2009923 2.20401 2.2067978 2.2148347
          2.2151015 2.218034 2.2208602 2.2230732 2.2265625 2.227814
          2.2296245 2.232645 2.235583 2.2399096 2.2405238 2.245978
          2.247979 2.2490335 2.2542868 2.2591822 2.263919 2.2644913
          2.265187 2.2715998 2.276326 2.282868 2.2831523 2.2850866
          2.2874017 2.287408 2.2893882 2.2950563 2.3075316 2.3148081
          2.315391 2.3206792 2.3302448 2.3315535 2.3326018 2.3335292
          2.340316 2.343359 2.345188 2.3452492 2.3484232 2.3494298
          2.3496892 2.3518817 2.3532944 2.359089 2.363523 2.3715472
          2.3788998 2.379781 2.384306 2.388035 2.3883305 2.390573
          2.3948486 2.4001672 2.4011443 2.404062 2.4058714 2.4107444
          2.4181113 2.4229817 2.4272807 2.4304488 2.4361472 2.4458916
          2.450625 2.4507585 2.4536788 2.4683404 2.4728172 2.4743123
          2.476346 2.4767296 2.4774005 2.4802015 2.493105 2.4953194
          2.4966106 2.4989023 2.499109 2.4997034 2.5075388 2.5101414
          2.5136654 2.519122 2.5250313 2.5250967 2.5329015 2.534131
          2.541833 2.552667 2.5591652 2.559729 2.5600526 2.5622113
          2.5652647 2.578245 2.5816493 2.5829122 2.5902827 2.5928714
          2.5961945 2.6013508 2.6020322 2.6086133 2.6114447 2.6175745
          2.6193273 2.6223104 2.623332 2.6246436 2.6287282 2.6322281
          2.6522563 2.6545584 2.656415 2.6569393 2.657152 2.6581419
          2.6582778 2.6619222 2.6634147 2.6637728 2.668568 2.6731775
          2.6734838 2.679744 2.6859202 2.6923523 2.6926947 2.6945164
          2.6975203 2.6988058 2.7029412 2.7104924 2.7107015 2.7299564
          2.7311428 2.741629 2.7428248 2.7455144 2.7614887 2.7653232
          2.7655015 2.7702599 2.7722766 2.7761736 2.7852795 2.7855716
          2.7865322 2.7886076 2.7905345 2.7913914 2.793994 2.7963877
          2.7971008 2.7972572 2.8010266 2.8053017 2.8068178 2.8124866
          2.8184037 2.8188314 2.8212118 2.8298388 2.8304527 2.8314726
          2.840271 2.84079 2.843467 2.8447998 2.848673 2.853211
          2.8569038 2.8584433 2.8608499 2.8661325 2.8662593 2.8670485
          2.868409 2.869828 2.8701034 2.8701098 2.8721542 2.8746626
          2.8760147 2.8779886 2.880363 2.8881123 2.89552 2.8987923
          2.9052875 2.9088326 2.912967 2.9185798 2.9262133 2.9275665
          2.9278538 2.9305513 2.9365551 2.9422634 2.9458337 2.9473937
          2.950255 2.9535048 2.9535058 2.9535475 2.9539688 2.9590447
          2.959541 2.9628408 2.9676347 2.9724674 2.9727867 2.9767365
          2.9849753 2.9972122 2.9976985 2.9998457 3.0007193 3.0057077
          3.0139613 3.0159085 3.0184665 3.0209434 3.0240152 3.0264857
          3.0266452 3.0420203 3.0448508 3.0494366 3.0496554 3.064724
          3.0679061 3.0703928 3.0798013 3.0857215 3.086667 3.0880547
          3.089768 3.0902343 3.1072059 3.107459 3.1079898 3.1093981
          3.1175914 3.1176734 3.1264317 3.128355 3.129127 3.1320703
          3.1337795 3.1358924 3.1523542 3.1543286 3.1554933 3.1579945
          3.1663287 3.1706138 3.1770344 3.1848583 3.1883883 3.1936305
          3.2000608 3.2017477 3.2032561 3.2047768 3.2075567 3.2096565
          3.2107766 3.2123115 3.2201762 3.2203062 3.2290914 3.2335467
          3.2399874 3.2410977 3.2473602 3.2483852 3.2498791 3.2523592
          3.2738953 3.2740319 3.2746654 3.2747135 3.2770002 3.2810373
          3.28371 3.2839808 3.2853775 3.2934961 3.2962365 3.2964606
          3.3003576 3.300816 3.3018303 3.305459 3.3122127 3.3142087
          3.3156643 3.3157485 3.3162932 3.3205583 3.3239377 3.3318121
          3.3333387 3.3359191 3.342013 3.3471794 3.3557043 3.3568482
          3.361501 3.3642125 3.3677647 3.3761513 3.3773162 3.3773615
          3.378004 3.3832545 3.3862076 3.38798 3.388522 3.3888028
          3.3960009 3.3990483 3.400931 3.4026506 3.4047565 3.4302251
          3.430695 3.4310586 3.4343643 3.4344864 3.4365997 3.4405153
          3.4415252 3.4480684 3.4492018 3.4494832 3.45072 3.4513664
          3.4562888 3.4630377 3.4689398 3.473534 3.4784327 3.478988
          3.4846144 3.4851727 3.488645 3.4973946 3.499404 3.5044832
          3.506065 3.5069356 3.5128448 3.5134714 3.5188012 3.519753
          3.5284243 3.5374737 3.542243 3.545218 3.5462437 3.5490143
          3.5564678 3.558766 3.5595322 3.5664341 3.5793195 3.580473
          3.5815806 3.5907671 3.5924563 3.594396 3.5991468 3.6024907
          3.6119118 3.6161373 3.6178553 3.6190872 3.6218424 3.62214
          3.6226134 3.6231406 3.627018 3.6302845 3.630585 3.6336157
          3.6449497 3.6477067 3.650566 3.663868 3.6643155 3.6655385
          3.6669784 3.678704 3.6812446 3.682034 3.6858442 3.6938443
          3.6939497 3.6957421 3.700599 3.7074883 3.7094455 3.7099879
          3.715341 3.7155583 3.7157407 3.717013 3.7185583 3.7201974
          3.7209318 3.7219903 3.730447 3.7334902 3.7352052 3.7353077
          3.7366433 3.7387655 3.7392638 3.7396832 3.7400935 3.7429814
          3.7431633 3.7442496 3.7456868 3.7568336 3.7597086 3.7622206
          3.7665243 3.7669556 3.7676759 3.7695587 3.77245 3.7733204
          3.776752 3.777357 3.7786236 3.7847247 3.785667 3.7859638
          3.791862 3.794538 3.79917 3.8037827 3.814282 3.8160627
          3.8188574 3.8307598 3.8308287 3.8469195 3.8497033 3.8507247
          3.852555 3.8558927 3.8574831 3.8650968 3.8704474 3.8776095
          3.878717 3.884501 3.8845549 3.8880188 3.8915246 3.8930366
          3.907476 3.9078968 3.9117036 3.914912 3.9154756 3.9205432
          3.9231648 3.9233122 3.9251122 3.9307032 3.9374478 3.9447377
          3.947595 3.9502625 3.9619913 3.9651673 3.9687274 3.9703119
          3.9731493 3.9756744 3.9850094 3.9880621 3.994056 3.9942238
          3.9963193 3.9987419 4.0065317 4.0074763 4.011167 4.0150695
          4.019654 4.0209455 4.0216923 4.023423 4.024888 4.0279436
          4.0396614 4.0483346 4.0563664 4.057956 4.0641785 4.0654426
          4.0692177 4.074081 4.0744185 4.075321 4.075474 4.0781054
          4.0782137 4.079371 4.0802546 4.08081 4.08387 4.0852795
          4.088829 4.095801 4.0971766 4.0978727 4.100604 4.1024394
          4.105426 4.1150565 4.1250825 4.1298633 4.1311083 4.1334906
          4.133852 4.141295 4.142795 4.145015 4.149477 4.1572914
          4.1580887 4.1591187 4.160368 4.1722035 4.1752553 4.179078
          4.182796 4.1899524 4.189956 4.1951747 4.1971455 4.2016716
          4.2030544 4.211751 4.2132945 4.216411 4.2175965 4.2206707
          4.2218523 4.226843 4.230251 4.2396975 4.240439 4.2422705
          4.2425456 4.2462177 4.251358 4.252021 4.255902 4.2563
          4.2566686 4.2571826 4.2831554 4.284782 4.2869253 4.287396
          4.288114 4.293881 4.295856 4.3199115 4.322669 4.325275
          4.3265686 4.3330708 4.3361077 4.3374925 4.339486 4.340139
          4.341878 4.34702 4.347156 4.3578815 4.3597884 4.3624845
          4.3633657 4.3640103 4.3730865 4.3832994 4.386692 4.388596
          4.393314 4.3962607 4.397224 4.4027977 4.4079185 4.416183
          4.417324 4.421423 4.422187 4.422372 4.4379735 4.4398446
          4.445774 4.446461 4.458014 4.463948 4.4648666 4.468217
          4.474028 4.484152 4.500375 4.50147 4.50485 4.5077324
          4.5101376 4.510576 4.5117593 4.512124 4.5150137 4.5186
          4.52278 4.5275726 4.52767 4.53008 4.5304775 4.548039
          4.548609 4.5523186 4.5592837 4.562824 4.5667686 4.5710263
          4.571132 4.571211 4.571355 4.572052 4.575107 4.5786443
          4.5946007 4.595456 4.5966334 4.608128 4.610147 4.6108193
          4.6114626 4.6115336 4.612856 4.614526 4.6191745 4.6197367
          4.6228256 4.626586 4.6299534 4.6355085 4.637848 4.64204
          4.644947 4.6455693 4.645665 4.6518946 4.6519585 4.652573
          4.666622 4.6670833 4.676804 4.6811237 4.6838555 4.684125
          4.6845336 4.688159 4.688353 4.6926317 4.6932077 4.69345
          4.698746 4.7075596 4.7081137 4.7275825 4.731242 4.734261
          4.741805 4.7424197 4.744248 4.754838 4.7557726 4.7626557
          4.76557 4.7673717 4.768442 4.7703514 4.770584 4.772894
          4.776274 4.784782 4.7896447 4.789942 4.791956 4.797873
          4.7979083 4.8019457 4.80346 4.803575 4.806501 4.808746
          4.8097787 4.81432 4.8196535 4.824284 4.825262 4.8334417
          4.8353252 4.8354173 4.836598 4.842176 4.844085 4.8449216
          4.8456655 4.8565574 4.8596606 4.863806 4.869889 4.8734975
          4.8753066 4.8817677 4.882337 4.8873262 4.8879943 4.8959136
          4.903232 4.905231 4.9052753 4.9064827 4.9078345 4.908324
          4.9195666 4.926363 4.926376 4.950442 4.9516363 4.958896
          4.9635777 4.9664507 4.966593 4.9773903 4.977408 4.9868937
          4.9882708 4.9937763 4.9940085 4.9954414 5.006796 5.0108795
          5.01321 5.0135617 5.016917 5.0206504 5.021187 5.023016
          5.0243077 5.0273724 5.0350337 5.044461 5.0496845 5.0499973
          5.0568876 5.0581574 5.0654936 5.0678186 5.068233 5.069613
          5.069757 5.0741897 5.0747476 5.0748863 5.07586 5.076558
          5.0768576 5.0812693 5.0876656 5.089002 5.0914307 5.093436
          5.095368 5.0955153 5.0957584 5.0969825 5.098092 5.098153
          5.0990987 5.1001368 5.101118 5.10424 5.104263 5.104894
          5.1071215 5.10791 5.108232 5.1107607 5.1115985 5.1155977
          5.120329 5.1221395 5.128182 5.1302547 5.1306815 5.1317616
          5.1324267 5.1328335 5.139576 5.144185 5.1442704 5.1446853
          5.146307 5.147616 5.154636 5.1565156 5.1668253 5.168371
          5.184196 5.1845016 5.1863484 5.1873384 5.1876717 5.1891603
          5.1903434 5.190468 5.190582 5.1925774 5.19344 5.194296
          5.1963415 5.199809 5.201392 5.2047386 5.2104783 5.2115397
          5.2128706 5.2174063 5.2181435 5.219435 5.2211657 5.2244525
          5.2304115 5.2324505 5.232519 5.2330284 5.2357717 5.2401953
          5.24453 5.2460194 5.246465 5.2544084 5.2547927 5.2568083
          5.2568474 5.2588825 5.262078 5.2642236 5.266422 5.2673965
          5.267787 5.2708178 5.2786403 5.278906 5.2878785 5.287974
          5.289068 5.289797 5.2907224 5.2909217 5.291909 5.2986856
          5.3051095 5.3131733 5.318094 5.3195677 5.3239756 5.3247895
          5.3259144 5.3263054 5.339409 5.345288 5.3469253 5.3480253
          5.348681 5.3529997 5.3558426 5.3588467 5.361177 5.3638043
          5.3643565 5.3651214 5.3670135 5.367998 5.369819 5.385581
          5.3869042 5.395545 5.396946 5.3978066 5.4055724 5.407612
          5.408235 5.4086127 5.409214 5.4103413 5.4113255 5.414632
          5.4147263 5.415915 5.4170675 5.4195895 5.424881 5.427013
          5.4323897 5.4339705 5.4353867 5.4396844 5.4402566 5.443279
          5.451944 5.4523487 5.459167 5.460829 5.4613066 5.462745
          5.465919 5.467498 5.470732 5.4709554 5.4767427 5.4785333
          5.4910364 5.49273 5.4929247 5.493389 5.4972634 5.500159
          5.5006876 5.5007563 5.501754 5.5028057 5.5041614 5.504946
          5.5061984 5.507533 5.5075755 5.5103827 5.5124183 5.5133033
          5.513396 5.5156903 5.517638 5.5181074 5.519899 5.5200415
          5.5254354 5.527975 5.528416 5.530862 5.5317307 5.5330844
          5.5349464 5.536785 5.537632 5.539301 5.5416627 5.5467815
          5.547068 5.547773 5.549432 5.553322 5.553696 5.553802
          5.5603595 5.560534 5.5610943 5.561752 5.5618916 5.5630417
          5.5641313 5.56613 5.567108 5.5702286 5.5720053 5.572979
          5.573855 5.5740356 5.5764866 5.576712 5.580291 5.5819144
          5.583031 5.587844 5.5929112 5.5931044 5.593573 5.594961
          5.597403 5.5975904 5.5980415 5.599564 5.600842 5.6015663
          5.603001 5.603728 5.604726 5.6067686 5.60711 5.607504
          5.609722 5.6131983 5.6143255 5.615374 5.6213365 5.624238
          5.6247005 5.627505 5.628064 5.628121 5.629278 5.6293445
          5.6316366 5.632131 5.6326575 5.6335053 5.633869 5.6350336
          5.638456 5.638638 5.639462 5.641898 5.6421647 5.643563
          5.6460304 5.6461773 5.6477423 5.648516 5.650708 5.6508
          5.652202 5.652838 5.6543765 5.6544394 5.6582747 5.6609025
          5.661516 5.66758 5.6682267 5.6721883 5.6732726 5.6751447
          5.6754513 5.676508 5.6845903 5.687081 5.6896706 5.692248
          5.6979966 5.6987286 5.702175 5.7043586 5.7075605 5.7111545
          5.7151046 5.7170463 5.7179427 5.718119 5.719161 5.719414
          5.7215877 5.7227974 5.7278285 5.7468204 5.7520266 5.7582803
          5.760022 5.7614813 5.7622943 5.764504 5.767481 5.767488
          5.7695975 5.7726 5.7738895 5.7786736 5.7828293 5.789575
          5.7953897 5.7979116 5.7986865 5.7996216 5.8022532 5.804723
          5.8058944 5.80842 5.810299 5.8110604 5.813277 5.8138285
          5.8154354 5.8159466 5.8198643 5.8209877 5.8292103 5.829461
          5.838265 5.839679 5.843179 5.843341 5.8547773 5.855385
          5.8599305 5.86226 5.863996 5.8653455 5.8674374 5.871645
          5.8724303 5.8743477 5.879567 5.880089 5.880294 5.8804827
          5.880877 5.8822217 5.8828635 5.8856106 5.8858585 5.8882546
          5.893407 5.895635 5.895829 5.8970146 5.9028425 5.903341
          5.90357 5.9046707 5.9092803 5.9105134 5.9136434 5.916058
          5.9194884 5.9196663 5.9241242 5.9245787 5.9434667 5.946381
          5.948293 5.951026 5.9596343 5.962523 5.9627066 5.9672437
          5.9705215 5.972887 5.975744 5.980303 5.984616 5.985361
          5.986484 5.9899282 5.992913 5.9937587 5.996064 5.996095
          5.9968843 6.0014973 6.0043445 6.0047607 6.018005 6.0199027
          6.021965 6.0229273 6.023189 6.0253725 6.0323153 6.035445
          6.038551 6.0424595 6.0426836 6.0488625 6.0582695 6.0629168
          6.065128 6.0678177 6.0683637 6.068372 6.068425 6.0714774
          6.0741673 6.078842 6.0800843 6.084127 6.084235 6.084748
          6.08907 6.0920024 6.0974965 6.0988054 6.104768 6.1086645
          6.112069 6.1125226 6.112982 6.1156526 6.1159396 6.116718
          6.1175942 6.1177835 6.12004 6.123592 6.1244626 6.1252866
          6.13018 6.131557 6.133735 6.13526 6.136994 6.141435
          6.14384 6.149385 6.1512976 6.154426 6.1563478 6.158865
          6.1603155 6.160458 6.1655707 6.166203 6.171696 6.17595
          6.177554 6.1784 6.181311 6.18189 6.183567 6.1861315
          6.188306 6.1929398 6.193064 6.1980715 6.199823 6.202611
          6.203369 6.206346 6.2076783 6.2096295 6.209836 6.2109733
          6.216901 6.220943 6.2233467 6.2241817 6.230342 6.232373
          6.2383027 6.2396073 6.244229 6.2498326 6.2554507 6.265809
          6.2668686 6.275278 6.275814 6.281924 6.2865176 6.2985725
          6.301237 6.3086596 6.310132 6.3120065 6.319082 6.320956
          6.322287 6.3253374 6.3330903 6.3351765 6.3367615 6.3444157
          6.3454256 6.3508763 6.354323 6.3543553 6.3561516 6.357655
          6.359158 6.367406 6.3681636 6.370699 6.3710527 6.374144
          6.379967 6.384915 6.3908553 6.3923283 6.398456 6.400267
          6.4149895 6.415934 6.4206033 6.424834 6.4261355 6.4290786
          6.4328785 6.4338927 6.43417 6.4356456 6.4375362 6.445641
          6.446334 6.446543 6.4475517 6.4489584 6.4504137 6.4511166
          6.4515395 6.456344 6.457193 6.457697 6.4588313 6.4645596
          6.4806776 6.4826264 6.484458 6.485642 6.4870987 6.487809
          6.4904375 6.4962354 6.496481 6.4979196 6.5006747 6.503171
          6.503244 6.5036106 6.503823 6.5060067 6.5063043 6.5073133
          6.5074105 6.5108995 6.516352 6.5178304 6.5213428 6.524021
          6.525302 6.526284 6.5350986 6.5382276 6.5390673 6.539694
          6.5405684 6.54211 6.542839 6.5446997 6.5468283 6.5480537
          6.5542397 6.5548964 6.5603027 6.5626297 6.5657377 6.5673165
          6.567645 6.5685716 6.5686893 6.5706916 6.571316 6.5714574
          6.5719213 6.576865 6.5819306 6.585728 6.5974345 6.5989013
          6.6019998 6.6111913 6.6154485 6.6173534 6.620513 6.6259274
          6.631596 6.6367636 6.641307 6.6413317 6.6472783 6.6493173
          6.653292 6.6554437 6.65832 6.6642756 6.665529 6.6658416
          6.6689878 6.6716213 6.6746693 6.676487 6.679028 6.6798267
          6.6818814 6.6831813 6.688229 6.689094 6.691868 6.692957
          6.6938086 6.6985345 6.700398 6.7010965 6.703169 6.7055836
          6.7064133 6.712832 6.7133503 6.7144723 6.7178807 6.72305
          6.72346 6.7256675 6.727139 6.728593 6.7340007 6.7375565
          6.73812 6.740554 6.746568 6.7563887 6.756483 6.761644
          6.7621436 6.7627516 6.7657857 6.7707815 6.7711077 6.7712197
          6.7728524 6.774208 6.7872763 6.788244 6.7917485 6.7962995
          6.8006926 6.803368 6.804686 6.8072743 6.809973 6.8137813
          6.8170257 6.817339 6.8180566 6.821717 6.8254995 6.8267856
          6.835186 6.835545 6.841267 6.8482647 6.849747 6.8518395
          6.8552747 6.8574514 6.8611984 6.8649 6.869809 6.8746047
          6.8779683 6.879629 6.8854923 6.8985524 6.9062443 6.9066296
          6.9078984 6.90927 6.9140444 6.914809 6.919334 6.9219937
          6.9225287 6.922825 6.927627 6.9372888 6.9386806 6.9439087
          6.953135 6.9543233 6.9565086 6.9570575 6.9606285 6.9623995
          6.9653573 6.965849 6.9691267 6.970133 6.971077 6.97204
          6.9736514 6.9795203 6.9832773 6.986305 6.9868975 6.988863
          6.996893 6.9980025 7.0054817 7.0070024 7.007806 7.0084534
          7.0122747 7.015207 7.0195003 7.0217934 7.02367 7.0268445
          7.0285997 7.0335593 7.0338902 7.037047 7.042165 7.0429053
          7.0541606 7.054684 7.055454 7.061302 7.062422 7.0642986
          7.0652585 7.0713058 7.0791545 7.0833945 7.0835342 7.084691
          7.0910397 7.093489 7.094737 7.1038904 7.105065 7.1111827
          7.1115136 7.1124816 7.1170216 7.117612 7.124444 7.127786
          7.129893 7.1302485 7.131491 7.132218 7.134388 7.134445
          7.134526 7.1418905 7.1424108 7.1427712 7.151743 7.1578016
          7.1617775 7.1649113 7.1661086 7.1671557 7.167209 7.167655
          7.168865 7.1720743 7.174014 7.1774187 7.1777267 7.17873
          7.189872 7.189935 7.1917615 7.192558 7.193955 7.194168
          7.1957064 7.1963444 7.197801 7.1995664 7.1996565 7.2051015
          7.2091703 7.2100215 7.211097 7.212146 7.2132187 7.2134285
          7.214957 7.220364 7.2215085 7.226036 7.2269874 7.2270575
          7.2270722 7.228754 7.231743 7.2387333 7.24525 7.2453537
          7.2465906 7.250653 7.2520976 7.252529 7.2553267 7.256839
          7.259393 7.259855 7.2623754 7.2646046 7.26871 7.273324
          7.275276 7.2753425 7.278458 7.286185 7.286237 7.290988
          7.2915344 7.2966084 7.2977633 7.298112 7.300166 7.3024087
          7.3057237 7.3059115 7.311099 7.3115935 7.312984 7.3153043
          7.317526 7.325986 7.333142 7.3334436 7.337581 7.3377957
          7.3380504 7.3498397 7.35003 7.352241 7.35304 7.3539734
          7.358038 7.3603797 7.368148 7.3827744 7.3843956 7.3913403
          7.396251 7.3984303 7.402096 7.4032454 7.4054546 7.4057145
          7.4078403 7.4088116 7.410047 7.410776 7.4130387 7.416736
          7.4191523 7.4222627 7.423488 7.424694 7.4265375 7.433648
          7.442656 7.4430456 7.4460177 7.455421 7.456053 7.4580975
          7.459114 7.459438 7.4693217 7.4695477 7.4716663 7.4732704
          7.4793344 7.48121 7.481323 7.4814754 7.4817357 7.484103
          7.4875216 7.4888024 7.4909005 7.491093 7.4948025 7.4988103
          7.5015903 7.501609 7.5039964 7.5066786 7.506685 7.506706
          7.5117188 7.512033 7.5125585 7.514393 7.5169463 7.51861
          7.530034 7.530293 7.535538 7.536688 7.538864 7.5409174
          7.5446334 7.5480413 7.551005 7.563967 7.5647783 7.565278
          7.566817 7.568614 7.5702605 7.5792913 7.5822887 7.5823846
          7.5863743 7.5910983 7.5950627 7.596609 7.599995 7.6030197
          7.6044083 7.610141 7.6160965 7.6222177 7.6236453 7.6307993
          7.634993 7.643029 7.644507 7.6450486 7.6502237 7.658365
          7.6611814 7.663923 7.6679273 7.678519 7.6787257 7.681044
          7.684151 7.6875315 7.6881566 7.6926794 7.6929693 7.698189
          7.7033753 7.707425 7.707459 7.70747 7.7107816 7.713019
          7.714133 7.7218747 7.7221513 7.724045 7.7243586 7.724765
          7.727122 7.7285585 7.7303996 7.730956 7.7322426 7.732369
          7.733897 7.736964 7.737015 7.745535 7.7479978 7.7556734
          7.7612395 7.7652063 7.766772 7.773431 7.775362 7.7770233
          7.778256 7.7844005 7.784768 7.7859297 7.7907453 7.7923403
          7.796805 7.7975025 7.8025656 7.804474 7.8075757 7.813647
          7.814807 7.8153977 7.8165903 7.8176208 7.8199897 7.820393
          7.831743 7.8318605 7.833615 7.8446293 7.845474 7.852864
          7.8554 7.8698077 7.8710003 7.878207 7.87999 7.8820415
          7.882994 7.884949 7.888529 7.8971686 7.9004 7.9007077
          7.9094143 7.916719 7.9255857 7.929429 7.929684 7.9313984
          7.9386563 7.9543786 7.969177 7.9723053 7.982386 7.9845443
          7.995975 7.9966617 7.998936 8.025144 8.037114 8.048515
          8.049741 8.050462 8.056702 8.057001 8.06524 8.066118
          8.0686035 8.068615 8.088061 8.114622 8.116108 8.132694
          8.136216 8.139295 8.142752 8.166861 8.177518 8.182561
          8.194743 8.194974 8.199888 8.216135 8.225916 8.267776
          8.276915 8.277601 8.29719 8.309504 8.324226 8.367935
          8.378425 8.381002 8.395716 8.414557 8.429476 8.430964
          8.441142 8.4729395 8.494568 8.539013 8.544951 8.549302
          8.551957 8.562787 8.570006 8.610624 8.618149 8.620268
          8.701175 8.721699 8.756902 12.015246
        </DataArray>
        <DataArray type="Int32" Name="VertexId" format="ascii" RangeMin="1" RangeMax="25598">
          13972 15742 17347 13803 11558 7869
          7059 13967 17023 5783 15579 17185
          1790 4815 23797 14128 16062 16703
          8345 14285 13489 14937 10592 7701
          14282 8347 2111 3395 13647 21390
          4976 24119 20914 15581 23950 14602
          14933 21045 23146 23788 16863 15582
          16698 15580 6581 14122 4816 3073
          14776 10108 5938 22989 14442 2272
          14127 17184 15098 11879 14772 3234
          22026 7708 14770 23955 6742 22823
          8346 14293 23793 22362 5776 13488
          22165 12202 20721 17186 6741 20076
          23796 14283 15902 17666 3556 14777
          14454 14773 14614 16541 13807 17507
          24423 23310 14278 23949 16382 12404
          10271 4651 4652 8183 14292 21042
          16700 16064 16386 22523 10270 14286
          14775 6903 14289 2271 8343 14129
          14771 16223 23478 15403 8021 21756
          22522 14449 6743 22506 5937 23629
          15097 23637 6101 21043 22078 22658
          15258 2753 3555 23149 23307 19825
          23157 8029 21551 16545 21917 17231
          6422 8341 21708 21595 12367 14452
          15242 8181 23951 3233 21048 1951
          21231 13638 22838 11719 23794 22661
          21041 23945 12200 17070 22826 5456
          3394 13167 16746 7538 7378 23317
          8342 4518 21115 23308 14921 24105
          21047 14279 24100 7704 24592 7861
          21535 13654 7698 15243 7703 15103
          24589 12851 24261 4164 23123 21209
          22505 21842 22678 672 13799 13814
          24428 22821 12366 7392 13328 20240
          22496 20073 23306 5143 20792 24255
          12687 21843 19986 20074 12847 15082
          10591 22998 5483 24108 22345 21872
          21550 17230 21374 13156 4328 12726
          18835 24097 14761 7868 24588 16055
          12531 22029 16907 514 24096 13171
          22497 13853 13330 21549 22175 24432
          22349 4841 19912 12686 4320 22673
          22189 21712 22994 21370 13009 13000
          5002 13317 5303 24117 7065 16585
          15893 4321 21867 673 15736 7873
          22833 22660 20878 22834 19913 24098
          17068 13162 6907 15884 4357 4358
          21876 15724 15136 12838 4660 4819
          22348 21210 14781 20879 7064 10103
          21375 12839 9470 9782 21208 24936
          9944 22399 23330 12691 22335 20281
          15894 13160 20080 19646 12998 6915
          12673 15102 11084 9783 5964 12995
          19639 21363 13155 14298 7712 147
          8194 14297 14939 3545 8982 23325
          992 24754 12994 3526 9143 16206
          21236 22169 4196 3527 24918 20400
          20147 11233 11244 23804 8822 15620
          5646 21559 21372 11708 19156 466
          468 9142 306 23324 19985 19323
          3524 24753 19112 308 4183 3865
          19590 24454 3525 2896 19591 9147
          23294 9462 10583 4680 139 7551
          947 458 9299 24133 1586 144
          8033 24758 20954 299 9148 1107
          14150 788 5804 23612 922 304
          21856 5486 23932 4187 21398 18995
          23806 461 24136 23805 16526 22849
          15941 23456 18514 462 141 24123
          16366 19319 300 21720 11234 1750
          23643 16046 460 23455 19272 1749
          12187 5798 2396 13209 17067 23772
          22168 5606 17069 1262 293 1912
          9460 21558 20308 7074 9305 12030
          23169 1911 21557 7066 9789 5001
          2066 1906 23963 21077 12725 12031
          15781 944 12509 4833 945 17996
          19428 12029 3705 455 10904 942
          24296 22964 12027 7692 24092 5446
          6088 4502 1113 9146 3867 4025
          5929 22351 12510 23616 22352 1112
          10913 5423 23292 16690 23293 18152
          24453 19479 18151 5322 2713 23814
          20629 8978 16689 6267 24455 19491
          21719 6426 14494 6605 19664 22480
          18476 21397 3053 2714 19654 5281
          2871 22239 1916 9138 5589 2712
          18316 19485 25216 6272 4350 191
          24571 23168 2733 2550 154 18154
          19987 153 4020 25217 6120 18638
          20288 23492 23974 19429 16747 3710
          21275 1915 5123 19974 6445 19665
          20766 23653 3228 21596 5585 4352
          18193 2586 4834 3550 351 2734
          835 3229 5424 675 1093 20713
          21699 19503 11409 21035 20876 20309
          19649 22641 2728 6121 3195 4179
          2888 19492 5911 21859 1386 19496
          934 19321 7048 18637 23127 5913
          20952 5906 3035 21735 2059 14306
          20286 285 2587 16586 19650 3388
          3813 5594 5912 11731 20552 25557
          24572 20148 5910 23491 11864 19814
          5799 2906 19495 7211 121 6406
          6082 25560 21406 14307 18353 2057
          20279 20606 11248 3696 6246 5592
          5914 2746 11865 5746 2742 20287
          25078 20387 5901 20610 20227 284
          5752 6890 9134 19158 447 286
          6083 21918 21727 24128 1306 5742
          2533 15298 281 7527 2536 7687
          2423 20630 22967 20280 5760 14626
          21410 16262 20292 1466 5920 22151
          8334 8174 1880 21757 808 5956
          9295 2856 19645 8812 2531 2532
          18631 23181 2537 128 3695 11411
          24289 2696 20604 24087 2054 2534
          2214 4780 21567 8972 19119 24288
          21731 22532 19424 25559 4618 21249
          18959 7041 2424 4315 23968 6759
          23336 23928 5797 23496 5419 5954
          13530 1407 12701 1248 2583 22535
          22047 5420 5955 2740 6114 20451
          2739 7408 19663 3496 21409 9798
          22373 19973 5599 17811 19425 7243
          19647 3335 20608 1134 25580 6761
          10118 22375 22531 4779 14952 6884
          20456 18675 7244 7089 7088 3494
          20119 1927 5919 985 814 974
          23821 21411 2087 5759 21565 17812
          1145 25419 112 13501 1288 5598
          7249 21732 21090 22046 968 4941
          4312 14477 20935 4313 1607 9958
          1765 26 20617 1448 16558 14333
          24622 20936 16718 4301 11896 1767
          23501 914 1221 12233 8488 18621
          2209 20616 2210 117 12072 1606
          21242 19418 18462 17238 24781 1932
          21241 18608 20933 17806 16261 22857
          3983 14315 15116 14955 4145 23017
          278 2092 23344 10276 1887 188
          4460 12073 12698 20218 3992 4306
          1727 3835 14975 4152 24140 14956
          3985 4159 14476 7187 1937 3825
          19416 17487 13529 17646 8169 3987
          4146 4318 2242 17807 747 3982
          21580 19417 1615 1296 21739 2097
          23184 7836 19580 7507 16439 11575
          10280 1393 7347 11576 20253 2402
          588 1231 1136 13500 1614 21266
          1071 1395 21510 3967 13 907
          10120 1454 11894 14819 275 1561
          22542 14950 7185 21830 15916 1394
          1441 21582 8526 16076 7524 21744
          22700 7525 15 21351 21422 14977
          13690 1868 19579 11 1235 14006
          106 14646 1717 14 1877 18127
          1708 14314 19500 14797 16423 17967
          755 3003 422 337 107 7894
          21100 1860 20575 14498 18447 15283
          3240 12 13837 9128 21260 4042
          19606 13041 21583 19421 101 2018
          18032 173 102 3324 20411 1383
          8968 5410 3400 20781 5734 6701
          1859 20780 11740 20735 8806 6
          3164 19765 11260 4129 9176 9020
          3326 6541 24396 5728 21424 11739
          24237 5574 8047 1058 960 1920
          5568 1120 24922 1059 23827 1142
          13997 9178 11419 99 8807 18771
          9019 497 13038 3166 2509 13506
          8480 14658 13345 3325 15445 983
          24762 7 9177 9608 1376 820
          4932 979 744 9003 20543 16759
          2995 2349 2511 5896 2034 2510
          5737 4933 10625 9450 24721 13344
          2035 14640 18613 10091 10783 2513
          2512 1696 14480 2356 18612 5090
          7992 9501 8855 14804 9015 8844
          9008 2998 9932 15444 10784 259
          7512 17641 17482 18451 12658 9013
          19770 9330 9500 13827 7572 12978
          19771 14326 21986 14969 20904 11374
          2838 2658 17687 2665 8848 17639
          9811 94 9818 13843 10621 22710
          12498 23030 23348 2666 18776 11214
          11212 2657 2663 17640 23826 21664
          3480 25566 21343 17846 2984 24723
          96 2980 13351 2664 11373 18616
          9014 3321 9171 9169 9491 12818
          4041 9485 10777 23508 3783 9822
          16273 9324 11102 6211 7990 4045
          21061 3307 2982 21987 2825 25448
          10780 11106 10135 14809 6612 16407
          15121 13298 9659 4044 22870 11105
          23264 14662 23190 14163 21504 9662
          16888 3146 13138 95 6611 6212
          20099 22390 13188 16087 20054 21222
          20864 10293 21748 21063 257 13357
          4121 10456 18933 10619 17278 21062
          20055 20258 3298 10457 17754 16406
          5564 14661 16086 5724 17235 10887
          10294 9816 4441 3619 4281 733
          3138 16727 13348 20579 3309 18932
          3962 20419 410 9807 3308 17636
          13039 9967 3463 21220 17477 572
          4103 732 8324 13349 16443 11048
          89 3943 15389 8360 21114 1052
          3620 10888 22550 25565 12887 892
          12014 2652 571 13779 8520 22947
          12013 15219 22227 13619 23106 2813
          4106 4105 1372 22787 17316 22386
          17476 15230 1 19249 14584 21588
          23746 15224 2004 4114 3791 11749
          5082 23429 4423 4263 14185 14100
          3955 14578 12867 13939 18391 3096
          14425 19089 3472 9441 13027 4922
          11209 20263 18012 2647 2809 22071
          2810 22230 13033 2808 20268 17542
          2804 13192 19469 16023 20428 249
          18331 2802 15950 16893 4741 14507
          14419 15703 4581 17703 5225 14903
          17702 2963 17692 20262 14738 17372
          9281 2645 17371 3286 24869 2122
          17248 23587 15068 9273 24709 160
          15863 15769 16737 15928 16435 3443
          6668 14909 11750 1366 3284 4579
          3126 22142 2440 4419 6040 8797
          5881 3245 17852 17212 25356 2121
          12874 17116 15544 3764 3926 1846
          2439 22463 14505 3604 14506 17409
          17379 20855 5381 16110 9592 19303
          8955 23268 16577 14504 17249 4085
          3405 4905 21013 18375 25357 20856
          21982 1526 9350 20854 8478 23195
          8318 7153 19461 8956 22304 5061
          7005 25280 3932 23036 16830 17377
          23515 8638 5702 3931 25571 7584
          12547 12707 17150 16990 18869 9594
          19462 5542 9433 8953 17117 14350
          6824 17541 2612 48 54 18182
          4249 6183 19622 6181 543 4731
          9593 14343 4250 6021 7468 5859
          7466 16672 17376 7740 14349 6845
          538 16189 19673 12969 5700 6676
          81 17378 215 12808 18187 5877
          18022 220 4573 19626 6023 19512
          16441 9189 4569 7305 84 4409
          12970 8223 9190 6674 6038 6675
          16187 16188 7306 3252 16346 23675
          6834 24316 2454 16826 19513 7901
          18072 12968 25412 214 7741 7467
          8384 1969 17058 18189 4886 17788
          18030 4727 18206 8224 18434 7149
          4239 18711 2956 225 6989 64
          18184 16508 16668 16898 3092 17629
          6666 16986 2797 4240 18275 2613
          244 6663 4077 379 3594 224
          18177 18183 7739 4078 9989 384
          5989 4559 4399 5828 18176 7308
          23903 82 46 3435 23744 6135
          15788 9027 15789 5712 18666 9187
          216 7151 1202 4554 6678 5984
          24219 63 2773 18497 4555 5829
          5191 8777 5177 6832 18188 11202
          18337 23836 3736 6468 11203 6030
          5823 5016 1362 10794 17275 79
          20850 15471 15630 20851 5983 3576
          8618 25441 11682 24635 10239 8062
          24475 1677 13218 17083 4387 5333
          5017 1837 80 4852 5848 23839
          6134 5509 4391 4232 6308 18378
          5173 1817 5994 6654 4911 5690
          4909 4873 10800 1492 210 4212
          2449 7158 4549 10881 11522 17725
          5686 5688 8389 5194 17566 5689
          25430 5034 6815 5993 8266 6655
          10391 2631 4550 23998 6493 4749
          7619 19312 7801 25346 3265 5393
          5684 19313 5847 18826 18198 5524
          4065 2448 6010 3894 13700 5850
          17082 3589 4053 848 5187 6998
          3587 4388 7459 4751 3735 5188
          6146 5011 18038 5678 25270 1020
          13862 11200 17577 5491 5553 6478
          6463 11201 2450 18377 7296 6304
          5519 13861 25347 690 5839 3750
          5655 25591 3087 8105 5838 1994
          25431 5339 5338 6809 5175 6623
          7297 8106 3427 11275 6318 528
          1012 17736 3898 10231 10401 23890
          18367 3586 6810 9673 3588 3738
          5230 5660 5650 8227 24800 13868
          7641 387 10155 24536 689 3111
          13860 8133 546 69 7945 5499
          9094 24377 2153 5231 10002 24960
          6806 237 14673 4534 8935 17085
          11774 5815 14028 9675 6807 7601
          10168 8294 18360 72 1497 74
          8078 6792 9033 10307 8293 24221
          73 1021 8772 9830 21007 6950
          8130 9994 694 78 9032 19835
          6799 6801 1189 8454 7113 8438
          21008 4694 7763 6798 7283 1333
          7442 1827 7603 9245 6800 6794
          9831 6951 8773 6789 7769 24055
          24056 7760 9674 7268 7970 18697
          6954 2146 68 7112 2149 2309
          1987 7446 7108 8278 10173 20478
          10387 8399 9834 2148 7915 1187
          8239 9995 9047 8403 10076 9999
          872 10171 23861 7594 7589 8088
          8560 7607 8400 8930 10226 10172
          7434 8243 9363 9680 12800 8568
          7914 7278 8931 10228 10170 8086
          8878 8407 7928 8408 7925 2462
          16639 234 18200 14888 7118 1503
          9199 8090 17562 9679 12801 10386
          8248 1511 11162 7588 14566 15483
          25014 10470 10000 1506 11440 7930
          9839 1671 1666 18545 8556 9202
          10006 8397 8880 8554 16799 17561
          8728 1347 8555 24855 8881 14995
          9205 9360 9039 9693 1502 9203
          14513 19351 8923 1188 18363 1031
          18523 9083 14850 8414 14567 8419
          9853 15801 10697 8258 10952 11435
          13764 8115 14994 9076 9889 12605
          10978 17919 10480 8254 10809 19035
          25118 7955 2303 1980 8603 9882
          8767 10337 18874 1979 9077 13441
          9567 18067 18387 25275 24958 13281
          15369 9731 17908 14889 19834 10814
          10683 10498 8927 11320 19996 11679
          24182 25598 15367 15207 11768 25434
          24987 23707 13606 25596 12078 10843
          15370 9727 19995 9411 9251 12237
          25436 19235 18227 8915 24993 9738
          9725 23255 10629 23385 19075 23893
          23716 14883 10654 10658 13443 10975
          10176 11161 9056 8898 23555 24498
          8755 22123 9547 18719 8895 9218
          9057 9058 19359 9566 10661 8738
          9577 24022 11597 10879 25597 17759
          13380 9720 12578 13444 10719 9578
          24500 10362 23886 9417 8896 10822
          25018 10662 9698 14080 10827 10522
          9071 9722 10501 10528 10367 24858
          15491 22287 10527 9880 24351 19039
          12737 10649 11187 18705 16010 21958
          9385 21804 11999 16011 11785 24499
          10676 9386 9558 25327 8913 14400
          11640 23256 16008 10535 11839 16009
          9857 20041 9225 23544 10536 14241
          11480 9398 17740 16460 12576 19882
          23387 14723 14561 24044 13921 21641
          11927 18879 23858 21801 14881 11028
          11283 18701 24340 23231 23885 10215
          19199 20158 24512 23715 18258 10203
          12115 12577 18259 24818 10526 11454
          24193 12318 11199 10361 10533 21799
          12158 24849 9552 10531 20359 16483
          10375 23230 10824 15327 11992 15200
          9896 24353 18413 24352 10530 21970
          20200 10373 11123 9873 24161 20797
          10505 18410 16003 11602 13275 11513
          16781 15843 18248 10506 24320 23699
          9551 13277 22083 9871 24657 18702
          15178 16969 11601 9872 15166 24673
          15167 21603 13276 15008 11833 16621
          23553 11353 18249 9712 18081 18252
          12277 16811 23077 16323 21319 15201
          15325 17268 17429 18246 17739 25011
          18247 18415 20033 15488 23842 13552
          22251 17608 23840 17260 13895 19873
          23888 12116 21954 22088 17262 18717
          23554 16000 14070 17420 18883 20999
          17428 17124 12598 18083 20840 16943
          21159 13755 23841 19220 21956 13243
          22093 22914 25169 11335 16138 22252
          22246 23399 17929 22913 18564 21763
          11303 19221 21303 16299 16459 16298
          16783 14077 17430 13919 18724 16964
          18242 10195 13918 17285 11788 18243
          17102 18085 12633 13595 11787 18721
          10194 17287 17261 12473 22247 13599
          21766 12130 16950 21623 22932 13759
          23236 18722 16001 24001 25484 23685
          19213 21776 12438 17600 21463 19368
          19544 17423 17263 11182 23393 19384
          12958 21631 25485 22609 21935 13598
          24843 17605 23847 22090 22098 13082
          11982 16800 11175 21792 22449 17253
          24525 24198 11958 18893 21632 24831
          19362 17764 24523 24033 19371 21768
          22933 13712 23695 24364 12746 21767
          19372 16801 11492 24683 12760 22755
          21765 21633 25478 19203 12129 21308
          20508 20642 24524 16632 17601 13083
          15976 23683 17252 23848 25464 11651
          24519 22245 17745 12906 11183 22430
          13111 12302 21938 12759 24838 12140
          11823 11977 13565 12143 21154 12429
          23696 12141 17905 12761 12951 19049
          21155 11172 11013 12913 20640 20818
          16791 13587 10671 20503 20978 12442
          17109 12123 20018 12443 12122 20500
          20641 22272 20000 20663 11330 15977
          16628 24997 21305 11496 20349 20345
          20830 11328 19858 10830 20659 13428
          13748 19206 13728 15679 21939 14696
          19366 25137 15501 20013 12268 13747
          14233 14073 23087 11168 13239 13405
          20171 20172 20829 20003 11331 16788
          19841 13400 21294 23239 23878 20020
          14072 15498 24679 13401 24521 19853
          23243 13079 16453 25158 23088 25465
          11310 20019 22922 19843 12619 15835
          15660 23720 11151 13255 21297 20162
          12459 13415 14052 14877 13069 23560
          24522 14856 12782 16133 23201 15673
          23361 12935 15197 12783 15037 13097
          22423 20968 16155 13568 14717 22921
          21128 15995 13572 16154 23242 12937
          15674 14383 11952 20815 22583 13573
          13095 11953 20816 23213 25461 14377
          14536 15029 22734 14860 22733 15987
          14038 23373 14198 15359 15192 23208
          13582 13583 15988 23367 15985 15668
          15191 15193 13901 25462 16144 15828
          13902 14520 14521 12572
        </DataArray>
        <DataArray type="Int32" Name="CriticalType" format="ascii" RangeMin="0" RangeMax="4">
          0 0 0 0 0 0
          0 0 0 0 0 0
          0 0 0 0 0 0
          0 0 0 0 0 0
          0 0 0 0 0 0
          0 0 0 0 0 0
          0 0 0 0 1 1
          0 1 0 1 1 0
          0 0 0 0 1 0
          1 1 0 0 0 0
          0 0 0 0 0 0
          1 0 0 0 0 1
          0 0 0 1 4 0
          1 1 1 0 0 1
          0 1 1 0 1 1
          0 0 0 1 4 0
          0 0 1 0 1 0
          1 0 0 0 1 1
          1 0 0 1 1 1
          1 1 0 0 0 0
          1 1 1 0 1 1
          1 1 1 1 0 0
          1 1 1 1 0 0
          0 1 0 1 0 0
          1 0 0 0 0 1
          0 1 1 1 0 1
          1 0 0 1 1 0
          1 0 1 0 1 1
          1 0 0 0 1 1
          1 0 0 1 0 4
          1 1 0 0 0 1
          0 0 1 1 1 0
          0 0 1 0 0 0
          1 0 1 0 1 1
          0 1 1 0 1 0
          0 0 1 0 0 0
          0 1 0 1 1 1
          1 1 0 1 1 0
          1 1 0 0 1 0
          0 0 1 1 1 0
          0 0 0 0 1 0
          1 0 1 1 0 1
          0 0 0 1 0 0
          1 1 0 0 1 0
          0 1 1 1 0 0
          0 1 1 1 1 0
          1 1 0 1 1 1
          0 0 0 0 0 1
          0 1 0 0 0 1
          1 1 0 1 1 0
          1 1 0 0 1 0
          1 0 0 1 1 0
          1 1 1 0 1 0
          0 1 0 1 0 0
          0 1 1 0 1 0
          0 1 1 0 0 0
          1 0 1 0 0 0
          0 0 1 1 0 1
          0 0 1 0 1 0
          0 0 1 0 0 0
          0 1 1 1 1 0
          0 1 0 1 0 0
          0 0 1 0 1 0
          0 1 0 1 0 1
          0 0 0 0 0 0
          1 1 0 1 1 1
          0 1 1 0 0 1
          1 1 0 0 0 1
          0 0 0 1 0 0
          0 0 0 1 0 0
          1 0 1 0 1 0
          1 1 1 1 1 1
          0 0 0 0 1 1
          1 0 1 0 0 0
          1 1 0 1 0 0
          1 1 1 1 1 1
          0 1 1 1 1 1
          1 0 0 0 1 0
          0 1 1 1 1 1
          1 1 1 0 1 1
          0 1 0 1 1 1
          1 0 1 1 1 1
          1 0 0 0 1 0
          1 1 1 1 0 0
          0 0 1 0 1 0
          1 1 0 0 0 0
          0 1 1 1 0 0
          0 1 0 1 0 1
          1 0 0 0 0 0
          0 1 0 1 0 1
          1 1 0 1 0 0
          0 0 1 1 1 0
          1 1 1 0 1 1
          0 1 0 1 0 1
          0 0 1 1 1 1
          0 1 1 1 0 0
          0 0 0 0 1 1
          0 1 0 1 0 1
          1 1 0 1 0 0
          1 1 0 1 0 0
          1 0 1 0 0 0
          0 0 1 1 1 1
          0 0 1 0 1 0
          1 1 1 1 0 1
          1 0 1 1 0 0
          0 0 0 1 1 1
          0 1 1 0 1 0
          1 1 1 4 0 1
          1 0 0 0 1 1
          1 1 0 1 0 1
          1 1 0 0 0 1
          0 1 1 0 0 1
          0 1 1 1 0 1
          0 0 0 1 1 0
          0 1 0 1 0 0
          1 0 1 0 0 1
          1 0 1 1 1 1
          0 1 1 0 0 1
          1 0 1 1 0 1
          0 0 0 1 0 0
          1 0 1 0 1 0
          0 1 1 1 0 0
          0 0 0 1 1 0
          0 1 1 0 1 1
          1 0 1 0 1 0
          1 1 0 0 1 0
          1 1 1 0 0 1
          0 1 1 1 0 1
          0 1 1 0 1 1
          1 0 0 0 0 1
          0 1 1 1 1 1
          1 1 0 0 0 1
          1 1 1 1 1 1
          0 0 0 1 0 1
          0 0 0 1 0 1
          0 1 1 0 0 1
          1 0 0 0 0 0
          0 1 1 0 0 1
          0 0 1 0 1 0
          1 0 1 0 1 0
          0 0 0 0 0 1
          1 1 0 1 0 1
          1 1 1 0 0 0
          1 1 1 1 1 1
          1 0 1 0 0 1
          0 0 1 1 1 0
          4 1 0 1 0 1
          0 1 0 0 1 1
          1 0 0 0 0 0
          0 0 1 1 0 1
          1 0 1 1 1 0
          1 0 0 0 0 1
          1 1 1 0 1 1
          0 1 1 1 0 1
          0 0 0 1 0 0
          1 1 0 1 1 1
          1 0 1 0 1 0
          0 0 0 1 1 0
          1 1 1 1 1 1
          1 0 0 0 1 0
          0 0 0 0 1 0
          0 1 0 0 1 0
          0 0 1 1 0 0
          1 1 1 0 1 1
          1 0 1 0 0 0
          4 1 0 1 0 0
          1 1 0 1 0 0
          0 1 0 0 1 1
          1 1 1 0 0 1
          1 1 0 1 0 0
          1 0 1 0 1 0
          1 1 0 1 0 0
          0 1 0 1 0 1
          1 1 1 0 0 0
          0 1 1 0 1 1
          0 1 0 0 0 1
          1 1 0 1 0 1
          1 0 0 0 0 0
          1 1 1 1 1 1
          0 0 0 1 1 1
          0 0 1 1 1 1
          1 0 1 1 0 0
          0 0 1 1 1 0
          1 1 0 0 0 0
          1 0 0 0 1 0
          0 0 0 0 0 0
          1 0 0 1 0 1
          0 1 0 1 1 0
          0 0 0 1 0 1
          0 0 0 1 1 1
          1 1 1 1 1 1
          1 0 0 1 0 0
          0 1 1 0 1 0
          0 0 1 1 1 0
          1 0 0 1 0 0
          1 0 1 1 1 1
          0 0 1 1 1 1
          0 1 1 1 1 1
          0 0 0 0 0 0
          1 0 0 1 1 1
          0 0 0 1 0 1
          1 1 0 1 0 1
          0 1 1 1 1 0
          1 1 0 0 1 0
          1 1 1 0 0 1
          1 1 0 0 1 0
          1 1 1 1 1 0
          0 1 1 1 0 0
          0 1 0 0 1 0
          1 1 1 1 1 1
          0 0 1 0 1 0
          1 0 0 1 1 1
          0 1 1 1 0 1
          1 1 0 0 0 1
          0 0 0 0 0 0
          0 0 0 1 0 0
          1 0 0 1 0 0
          1 1 1 0 1 1
          1 0 0 0 0 0
          1 1 0 1 0 0
          0 1 0 0 1 1
          1 0 0 0 0 0
          1 0 1 0 0 1
          1 1 0 1 1 0
          1 1 1 0 0 0
          0 1 0 0 1 1
          1 0 0 1 1 0
          0 1 1 0 1 0
          1 0 0 1 0 0
          1 0 1 1 0 1
          1 0 1 0 0 1
          1 0 0 1 1 0
          0 0 0 1 0 0
          0 1 1 1 1 1
          1 1 0 0 1 1
          1 1 0 1 0 0
          1 0 0 1 1 1
          0 0 0 1 0 0
          0 1 0 1 0 0
          0 1 0 1 0 0
          1 1 1 1 1 0
          0 1 0 0 0 0
          0 0 1 0 0 0
          1 1 1 1 0 0
          0 1 1 0 1 1
          0 0 0 0 1 0
          0 1 0 0 0 0
          1 0 1 1 1 0
          1 0 0 0 0 1
          1 0 1 0 1 1
          0 1 1 0 1 1
          1 0 0 0 1 0
          1 1 1 1 4 1
          0 0 0 0 0 0
          1 1 0 1 0 0
          0 1 0 0 1 0
          0 0 1 1 1 1
          1 1 1 1 1 1
          1 1 0 1 0 1
          0 1 1 1 0 1
          0 0 1 0 1 1
          0 1 1 1 1 0
          0 0 1 0 0 1
          1 0 0 0 1 0
          0 1 1 0 1 1
          0 0 0 1 1 0
          1 1 0 0 1 1
          0 0 1 0 1 0
          0 0 1 1 1 1
          1 1 0 0 0 1
          1 0 0 0 0 0
          1 1 1 0 0 0
          1 1 0 1 1 0
          1 0 0 0 0 0
          0 1 0 0 1 0
          0 0 0 0 1 0
          0 1 0 0 1 1
          0 1 0 1 0 1
          0 0 1 1 1 1
          0 0 0 0 0 0
          0 1 1 1 0 1
          0 1 0 0 0 1
          1 0 1 0 0 1
          0 1 1 1 1 1
          1 1 1 0 1 0
          0 0 0 0 1 0
          0 1 1 1 0 1
          1 1 1 0 0 1
          0 0 1 0 1 0
          1 0 1 0 1 1
          1 1 1 0 1 1
          0 1 0 1 1 0
          1 1 1 0 1 1
          0 0 1 1 0 0
          1 0 0 0 1 1
          1 0 1 0 1 1
          0 1 1 1 0 1
          0 0 0 0 1 1
          0 1 1 0 1 0
          0 0 0 0 1 0
          0 0 0 1 1 1
          1 1 0 1 0 0
          0 0 1 1 1 0
          0 0 0 1 0 0
          1 1 0 1 0 1
          1 0 1 0 1 0
          1 1 1 1 0 0
          1 1 1 0 1 1
          1 0 1 1 0 1
          1 1 1 1 0 0
          0 0 1 1 0 0
          1 1 0 0 1 0
          0 0 0 0 0 0
          0 1 1 0 0 1
          1 1 0 0 0 0
          1 0 1 1 1 0
          0 0 1 1 1 0
          0 1 1 0 1 0
          0 0 0 1 1 1
          1 0 0 1 0 0
          0 0 1 0 0 1
          1 1 1 0 0 0
          1 1 0 0 1 1
          1 1 1 1 1 0
          1 1 1 0 1 1
          1 1 0 1 0 1
          1 1 0 0 1 0
          1 1 0 1 1 1
          0 0 1 0 0 0
          0 0 1 1 0 0
          0 1 1 0 1 0
          0 0 1 1 1 0
          0 0 0 0 1 1
          0 1 1 1 1 0
          0 0 1 0 0 0
          0 0 0 1 0 1
          0 0 1 0 0 1
          1 1 1 0 1 1
          1 0 1 0 0 0
          0 0 1 0 1 1
          0 0 1 1 0 1
          1 1 0 0 0 0
          1 0 0 0 0 0
          1 1 0 1 0 1
          0 1 1 0 1 1
          1 0 0 1 1 1
          0 0 0 1 1 0
          0 1 0 0 0 1
          0 1 1 0 0 1
          0 0 1 1 0 0
          1 1 0 1 0 0
          0 1 0 1 0 1
          0 1 0 0 1 0
          0 1 0 0 1 1
          1 0 1 1 1 1
          1 1 0 0 0 1
          1 1 0 0 1 0
          1 1 0 1 1 1
          0 0 1 0 1 0
          1 1 0 1 0 1
          0 1 1 0 1 1
          0 0 1 1 0 1
          1 0 0 0 0 0
          1 1 1 0 0 0
          1 1 0 1 1 1
          1 1 1 0 0 1
          0 0 0 0 0 0
          0 1 0 1 1 1
          1 0 0 0 1 1
          0 0 1 1 0 1
          1 0 1 1 1 1
          0 1 1 1 0 1
          0 1 0 1 0 1
          1 0 0 0 1 1
          1 1 0 1 0 0
          0 0 0 0 0 1
          1 1 0 0 0 1
          1 0 0 1 0 0
          1 0 0 0 1 0
          1 0 1 0 1 0
          0 0 1 0 0 1
          0 0 1 1 0 1
          1 1 0 0 1 1
          1 0 1 0 1 1
          1 0 1 0 0 1
          1 1 0 1 1 0
          1 1 1 1 1 0
          0 0 0 0 0 1
          1 1 1 1 0 0
          0 0 1 0 1 0
          0 0 1 0 1 1
          1 0 1 0 1 1
          0 0 0 1 0 0
          0 0 1 0 1 0
          0 0 1 1 1 1
          0 1 0 1 0 0
          1 1 0 1 0 1
          1 1 0 1 0 1
          1 1 0 1 1 0
          0 0 1 0 1 4
          0 1 1 1 0 1
          0 1 0 1 1 0
          0 0 1 1 0 0
          1 0 0 1 0 0
          1 1 1 1 1 1
          1 0 1 0 0 0
          1 0 0 0 1 0
          1 0 0 1 1 0
          1 1 0 1 0 1
          0 1 1 1 1 1
          0 0 1 1 1 1
          0 0 0 0 1 0
          1 1 0 0 1 1
          0 1 0 1 0 1
          0 1 1 0 1 1
          1 0 0 1 1 0
          1 1 1 1 0 1
          0 1 0 1 1 1
          0 1 0 1 0 0
          1 0 1 0 1 1
          1 1 1 0 1 1
          1 1 0 1 0 0
          1 0 0 1 1 0
          0 0 0 1 1 1
          1 1 0 1 1 1
          1 0 0 0 1 1
          1 1 1 0 0 0
          1 0 0 1 1 0
          0 1 1 1 0 0
          0 1 1 1 0 0
          1 1 0 1 1 1
          1 0 1 3
        </DataArray>
        <DataArray type="Int32" Name="RegionSize" format="ascii" RangeMin="0" RangeMax="304">
          1 0 3 1 5 0
          1 0 0 7 0 0
          5 1 0 0 3 1
          1 2 0 0 1 3
          0 1 0 0 1 0
          1 7 4 0 0 0
          1 2 1 2 3 0
          2 2 0 0 5 1
          0 3 5 0 3 6
          1 1 0 5 0 0
          1 2 3 0 0 3
          1 0 2 2 2 0
          10 4 1 2 4 5
          2 3 2 0 0 0
          0 0 3 0 1 1
          8 1 2 2 4 2
          0 0 26 0 0 0
          10 0 0 0 12 1
          0 0 0 1 5 5
          0 12 1 1 1 0
          6 4 3 2 1 3
          5 2 0 0 1 2
          5 1 0 2 0 0
          0 8 1 12 0 3
          7 0 0 1 0 46
          0 0 1 1 0 0
          2 4 0 0 7 1
          0 0 14 0 2 6
          45 1 0 0 12 0
          2 1 0 1 2 6
          13 30 1 0 1 1
          1 1 2 1 47 3
          0 2 13 7 11 0
          0 0 2 2 0 6
          1 2 14 3 23 0
          0 0 6 1 2 0
          0 19 0 0 25 0
          17 1 8 0 10 0
          1 4 1 1 7 0
          0 0 16 45 14 1
          0 0 0 0 2 0
          2 5 13 0 1 16
          0 2 0 9 0 0
          0 1 2 0 4 1
          2 28 14 9 0 1
          2 25 7 4 27 2
          0 1 0 5 6 17
          0 1 1 0 0 4
          4 24 4 0 0 11
          18 0 1 0 63 0
          1 0 6 0 9 8
          5 1 2 10 75 8
          2 0 4 0 8 1
          6 13 1 13 2 0
          1 8 13 0 4 2
          5 4 24 2 0 0
          2 0 14 0 1 0
          0 0 15 5 0 4
          0 0 99 1 14 2
          0 0 13 6 1 0
          0 23 1 1 0 2
          0 19 0 5 4 1
          0 0 9 6 7 0
          1 7 4 17 0 4
          0 1 2 1 3 0
          66 7 1 4 6 0
          6 3 0 0 19 12
          27 11 0 1 0 1
          0 0 0 0 1 2
          0 0 2 3 0 0
          0 0 1 2 0 2
          4 38 1 1 17 17
          0 1 6 2 0 0
          14 0 1 2 4 0
          2 0 0 0 0 0
          5 4 1 1 27 17
          0 8 0 35 16 16
          8 0 0 2 15 5
          0 15 0 0 9 18
          3 0 16 11 16 1
          0 2 0 1 0 2
          12 0 8 4 15 52
          26 0 0 0 29 0
          0 3 23 29 0 1
          1 0 15 0 3 0
          0 26 6 0 0 1
          0 24 24 1 2 3
          0 0 2 34 7 3
          0 0 1 9 1 0
          1 8 0 7 0 78
          0 33 1 19 0 0
          1 1 4 71 1 0
          1 69 69 0 4 2
          0 9 0 1 1 0
          0 0 0 0 3 52
          0 1 9 5 1 1
          0 1 1 0 1 0
          0 14 0 24 0 1
          12 1 0 40 15 2
          2 1 2 69 1 0
          0 1 65 12 1 1
          1 2 1 15 2 62
          4 2 0 3 2 4
          3 0 2 93 1 0
          16 0 10 49 2 0
          2 1 2 3 1 88
          0 0 20 2 17 0
          3 2 74 3 5 4
          5 0 0 4 54 2
          5 24 2 6 1 1
          40 0 0 0 0 37
          1 9 9 0 0 15
          0 2 36 0 0 15
          0 0 2 8 13 7
          0 5 19 24 5 0
          27 0 0 0 0 0
          30 7 0 6 3 68
          0 7 5 0 0 6
          43 1 2 64 0 0
          1 1 0 2 1 0
          7 5 35 6 29 2
          0 18 3 37 0 0
          0 0 7 35 10 0
          1 28 19 0 41 0
          43 1 8 1 1 1
          1 1 0 1 98 0
          0 22 7 1 1 21
          1 0 43 5 7 6
          0 0 41 0 76 64
          18 0 0 0 0 11
          5 0 11 1 3 11
          23 23 11 3 1 1
          29 4 4 151 0 41
          0 0 0 10 0 2
          0 2 1 1 0 0
          0 0 2 2 2 77
          9 6 10 0 2 1
          0 3 28 2 0 20
          0 1 18 7 43 2
          21 3 87 0 1 0
          1 1 0 0 0 3
          10 9 0 8 1 8
          23 25 50 12 0 0
          0 5 8 7 70 3
          1 0 5 0 1 4
          0 0 1 0 3 0
          0 2 0 62 1 103
          0 4 0 1 5 11
          96 11 0 0 1 0
          0 0 2 2 5 11
          0 0 1 2 62 2
          5 0 2 10 0 3
          23 2 40 1 4 5
          1 66 72 3 0 0
          9 0 11 39 1 2
          7 26 0 1 100 0
          1 0 5 0 9 6
          0 6 0 0 4 0
          24 23 3 8 7 94
          15 1 3 1 66 12
          0 0 0 1 42 6
          0 0 1 1 38 1
          2 9 2 50 0 1
          0 8 7 0 17 15
          9 2 24 0 0 0
          14 12 1 12 0 0
          3 92 1 17 0 0
          0 19 0 0 2 7
          10 26 20 0 0 17
          10 25 0 29 2 0
          13 0 11 0 52 1
          1 30 4 8 2 2
          17 11 0 31 0 5
          17 43 3 1 1 0
          1 27 15 1 76 9
          9 12 0 0 0 7
          7 16 2 4 5 88
          17 0 0 0 1 0
          7 1 55 7 0 31
          3 0 1 0 1 6
          1 2 49 2 2 12
          55 0 18 34 0 1
          0 2 5 11 14 0
          40 12 1 1 2 0
          12 0 0 0 36 0
          4 0 0 3 1 0
          14 1 0 3 0 28
          1 37 0 6 16 0
          0 1 4 6 3 18
          2 2 4 4 0 38
          0 49 1 22 3 6
          55 1 3 19 5 1
          5 3 65 0 12 0
          3 1 0 36 59 28
          32 0 2 0 0 1
          8 0 13 31 1 37
          1 0 7 12 1 27
          2 12 17 0 55 28
          1 1 0 0 0 0
          14 0 0 0 39 51
          0 0 0 22 3 2
          10 1 0 2 9 6
          0 0 11 22 37 0
          0 49 0 1 0 0
          19 15 19 0 0 11
          7 36 1 0 7 0
          2 31 31 7 39 0
          0 1 13 61 6 0
          1 4 0 0 26 1
          47 2 20 0 31 0
          0 1 2 0 1 0
          66 9 0 57 1 3
          0 1 64 16 0 1
          6 13 2 2 0 134
          1 6 4 0 2 2
          0 1 0 3 4 1
          16 2 0 26 6 12
          12 28 12 0 16 28
          78 0 2 1 0 0
          20 46 0 14 0 0
          2 10 8 0 10 26
          50 2 0 1 0 1
          40 0 21 0 3 2
          2 1 0 4 42 0
          4 42 30 0 0 3
          0 5 0 1 1 25
          3 0 0 4 10 1
          9 71 2 2 11 2
          8 0 0 5 0 3
          41 0 5 1 1 7
          22 0 72 1 1 27
          52 0 0 43 0 0
          2 0 2 19 0 0
          0 16 0 14 5 2
          14 14 1 10 6 2
          32 17 0 40 0 0
          12 2 0 1 31 40
          3 3 1 86 0 0
          1 8 0 42 0 5
          0 150 0 6 2 1
          2 28 1 71 4 0
          5 3 3 3 1 0
          0 2 31 0 2 4
          3 24 3 27 1 0
          0 14 29 0 41 8
          5 0 0 0 18 0
          2 5 0 0 0 2
          21 2 3 13 5 0
          7 0 0 0 1 5
          24 1 2 0 65 0
          0 0 0 0 5 22
          11 6 0 2 5 0
          3 10 73 5 5 4
          0 4 0 0 2 0
          30 34 3 3 0 0
          1 9 0 0 0 0
          0 0 3 11 0 18
          1 4 1 12 57 1
          1 29 1 5 2 0
          0 1 52 12 4 2
          2 0 10 1 27 3
          0 5 19 53 4 0
          0 0 106 4 3 12
          2 1 0 1 31 1
          10 16 6 0 16 9
          6 1 0 31 3 0
          1 4 0 0 60 14
          0 1 30 6 37 0
          0 0 1 29 4 14
          52 12 0 0 9 8
          54 0 8 0 1 0
          4 14 12 0 0 0
          48 1 0 33 4 0
          26 3 0 2 0 0
          0 35 7 4 13 0
          0 0 1 3 39 0
          1 7 2 0 6 10
          0 4 0 15 1 0
          3 9 7 36 11 26
          0 0 3 0 4 1
          0 4 5 24 0 16
          2 2 0 0 0 16
          43 1 1 1 0 7
          0 8 0 2 4 3
          15 3 3 0 25 0
          0 0 0 0 27 0
          0 24 3 0 0 0
          10 2 8 1 0 9
          0 0 10 0 14 2
          5 0 0 0 3 6
          14 1 0 1 1 14
          3 8 0 9 16 5
          24 0 13 2 10 24
          0 1 11 45 0 0
          28 0 0 1 12 15
          10 3 6 0 3 27
          0 5 75 81 11 49
          3 2 3 0 0 21
          4 3 34 0 84 3
          9 0 2 0 28 0
          3 0 0 3 1 9
          2 21 0 74 2 1
          0 0 1 39 23 0
          0 1 5 28 2 1
          8 29 0 1 0 18
          0 0 2 7 20 0
          5 2 5 23 5 0
          21 5 13 0 8 33
          0 1 2 76 0 21
          0 23 7 54 1 5
          0 0 19 17 0 1
          7 26 9 4 73 3
          3 0 5 1 2 0
          0 0 53 0 0 1
          14 84 1 0 0 0
          9 0 0 42 5 1
          1 0 13 0 22 3
          0 15 25 2 29 1
          2 0 0 2 3 4
          13 0 2 45 0 2
          0 0 0 0 5 7
          16 4 31 2 0 0
          1 54 0 1 5 0
          0 6 3 12 12 0
          14 0 16 0 10 2
          13 10 0 5 0 18
          73 5 6 1 6 1
          3 33 8 20 46 24
          1 0 97 0 3 30
          11 0 7 36 3 1
          0 20 9 0 48 3
          0 1 2 4 33 0
          0 0 0 1 6 23
          0 16 0 75 3 1
          0 0 36 0 0 1
          0 0 0 30 3 4
          15 6 14 0 0 5
          14 8 1 0 14 33
          37 0 6 0 5 0
          0 0 13 3 6 1
          0 3 8 0 0 0
          31 4 0 0 0 0
          40 2 2 1 0 0
          0 0 1 10 0 35
          0 4 13 0 5 8
          6 0 1 1 37 0
          0 0 2 26 72 0
          0 0 0 1 10 6
          3 6 17 0 0 35
          4 5 1 4 2 0
          1 17 0 8 0 6
          0 8 0 27 10 2
          9 2 2 8 17 0
          0 27 0 0 1 1
          10 1 38 2 0 0
          4 42 2 1 0 4
          1 19 1 0 0 0
          32 0 2 9 7 62
          0 0 8 0 7 1
          3 18 1 5 0 8
          0 13 20 1 4 13
          0 0 3 26 0 6
          71 3 0 1 1 1
          1 3 15 0 4 0
          30 0 2 2 7 18
          2 3 16 1 0 28
          0 3 1 0 0 1
          0 10 1 27 16 1
          13 0 6 0 19 22
          8 4 68 0 0 13
          0 0 6 3 0 4
          0 15 0 21 3 3
          1 28 3 5 0 16
          29 0 0 0 15 3
          0 14 0 41 0 0
          1 2 0 0 12 0
          44 4 1 1 0 20
          4 0 8 26 0 0
          0 0 2 0 28 0
          12 0 1 0 7 2
          0 0 30 0 0 5
          0 1 7 6 1 15
          14 23 1 0 0 0
          0 0 37 0 1 34
          1 0 1 1 0 0
          1 22 0 8 12 0
          0 5 15 42 3 0
          0 4 1 1 0 4
          3 11 77 16 0 1
          2 0 3 0 22 6
          0 0 10 0 19 5
          34 0 47 0 1 32
          0 0 2 8 0 0
          0 0 6 0 26 1
          0 2 2 35 1 5
          2 44 0 1 0 1
          1 20 1 18 1 0
          3 0 0 4 0 14
          4 4 4 29 0 4
          4 3 5 2 9 1
          1 0 52 23 0 12
          0 5 0 4 56 1
          1 0 17 5 1 0
          29 3 1 15 0 2
          7 9 3 8 10 1
          21 0 103 8 1 0
          1 1 0 2 10 0
          33 0 0 0 22 1
          8 25 2 0 0 18
          0 0 0 7 3 25
          0 0 2 5 3 19
          0 0 1 2 3 0
          2 31 0 0 18 34
          0 27 2 12 0 20
          0 1 16 0 4 13
          13 0 3 4 18 0
          1 6 4 8 0 29
          1 34 2 1 19 45
          0 23 1 10 0 2
          11 0 20 0 0 18
          32 0 10 0 5 18
          37 42 0 53 0 1
          66 0 0 69 0 0
          0 0 0 16 2 4
          77 2 0 4 34 4
          76 6 0 0 7 13
          2 6 112 0 0 0
          54 7 0 19 58 0
          0 23 17 77 0 0
          0 25 51 22 0 3
          0 53 0 5 1 75
          25 0 304 304
        </DataArray>
        <DataArray type="Int32" Name="RegionSpan" format="ascii" RangeMin="1" RangeMax="192">
          2 1 1 2 1 1
          2 1 1 2 1 1
          1 1 1 1 1 1
          1 2 1 1 1 1
          1 1 1 1 1 1
          1 2 3 1 1 1
          1 2 2 1 2 2
          2 2 1 2 4 2
          1 2 1 1 1 1
          2 2 1 1 1 1
          2 1 1 1 1 2
          3 1 2 1 1 2
          2 2 2 2 2 2
          1 3 3 1 1 2
          1 1 1 1 3 8
          2 2 1 2 2 2
          1 1 6 1 1 1
          4 1 1 1 2 3
          4 1 1 3 6 2
          2 7 1 1 1 1
          4 8 2 2 4 3
          1 3 2 2 1 1
          10 3 1 5 1 1
          1 7 1 18 1 1
          8 1 1 2 1 13
          1 1 3 8 1 9
          2 1 1 3 4 1
          6 1 6 1 2 12
          15 1 1 1 2 9
          3 1 1 5 1 4
          8 3 1 1 1 3
          1 1 5 1 25 1
          1 2 7 4 1 1
          4 1 2 1 15 6
          2 5 2 2 3 1
          1 1 12 1 1 1
          1 3 1 1 13 2
          8 12 2 11 14 1
          1 1 1 1 29 1
          1 1 12 16 4 2
          1 1 1 1 2 1
          3 3 5 3 1 5
          1 1 1 3 1 1
          1 5 1 1 12 1
          1 24 22 17 1 1
          1 18 8 2 12 1
          13 14 1 17 7 14
          1 2 1 1 1 2
          2 20 2 1 1 14
          13 2 2 9 27 1
          3 2 2 1 5 4
          1 1 1 20 29 1
          24 2 2 1 27 1
          2 29 1 2 1 1
          1 6 23 1 1 1
          1 4 27 1 1 1
          20 1 14 1 1 1
          1 1 5 36 1 13
          1 1 10 1 2 1
          1 1 23 2 1 1
          1 38 2 14 2 2
          1 5 1 3 2 1
          1 1 40 3 28 1
          1 15 2 2 1 3
          1 1 1 2 3 1
          15 28 2 1 4 2
          3 5 2 1 4 2
          29 4 1 2 1 3
          1 1 1 2 1 2
          1 1 1 2 1 1
          2 1 1 1 32 1
          57 29 12 1 24 2
          1 1 2 2 2 2
          36 1 2 2 2 1
          20 1 1 8 1 1
          1 5 2 17 8 2
          1 6 18 35 2 2
          4 1 1 1 10 2
          1 2 2 7 38 10
          1 10 4 3 5 17
          1 29 1 32 2 20
          39 1 10 17 19 9
          58 1 1 1 26 1
          2 2 23 7 1 1
          2 1 68 1 3 1
          2 24 1 1 1 1
          1 15 38 2 2 2
          1 2 1 79 2 2
          2 1 1 2 2 1
          1 33 1 15 1 107
          2 11 1 45 1 1
          1 1 2 11 1 1
          2 21 18 1 18 4
          1 2 1 1 1 3
          1 1 8 20 18 10
          1 17 2 34 1 1
          1 1 1 1 12 1
          1 18 1 26 1 13
          119 2 1 28 3 1
          24 3 2 106 1 1
          2 1 18 4 2 1
          2 1 5 3 4 18
          2 2 2 2 32 3
          39 3 4 16 1 2
          29 1 3 44 1 1
          1 1 1 2 2 3
          1 2 52 1 29 1
          8 57 34 6 1 3
          59 1 1 1 26 2
          10 8 1 4 1 5
          10 1 1 1 1 2
          1 6 7 1 1 73
          1 9 31 4 1 91
          1 1 1 38 19 2
          1 7 2 5 1 1
          80 1 2 1 1 2
          108 2 17 17 60 41
          1 2 4 1 1 2
          8 1 2 148 1 2
          2 1 1 57 1 1
          116 3 169 2 40 2
          1 123 147 172 1 1
          1 1 3 14 24 1
          1 18 1 1 25 3
          113 1 3 1 2 1
          2 6 1 1 82 1
          6 1 9 1 1 133
          1 4 159 2 2 40
          1 9 4 1 51 8
          12 1 1 1 1 2
          2 2 169 1 76 107
          189 144 5 1 2 17
          122 4 7 58 3 3
          1 1 1 3 1 2
          1 2 2 2 1 4
          1 2 117 1 2 1
          4 3 2 1 2 1
          1 3 16 1 1 119
          1 1 88 3 29 1
          12 1 13 1 10 1
          2 1 1 1 1 180
          12 56 1 63 1 83
          3 3 108 5 1 1
          30 3 2 7 164 1
          1 1 2 1 1 2
          1 1 1 1 71 1
          12 16 1 95 1 35
          1 2 1 1 172 182
          191 4 1 1 2 1
          1 1 2 2 2 90
          2 1 2 87 59 2
          4 1 2 2 1 8
          59 76 24 2 10 42
          2 9 43 3 1 1
          3 1 3 76 1 1
          164 108 1 71 80 10
          21 1 2 1 3 2
          1 2 1 2 9 1
          9 73 69 36 13 3
          8 1 2 1 8 2
          1 1 1 1 94 3
          1 1 1 1 3 1
          1 2 83 51 1 1
          148 148 4 1 109 5
          47 2 147 1 1 1
          33 45 1 11 1 1
          1 59 1 19 1 1
          1 9 1 1 104 80
          105 44 60 1 1 5
          3 111 1 29 1 1
          24 1 54 1 52 1
          2 119 2 1 1 2
          4 113 1 26 1 178
          192 13 2 2 2 1
          1 129 11 1 87 5
          4 1 1 1 1 33
          6 25 1 59 2 17
          4 1 1 1 1 1
          16 20 50 22 1 43
          2 1 1 4 5 32
          1 1 55 7 2 69
          44 1 10 33 1 1
          1 1 6 41 85 1
          80 4 1 1 1 1
          12 1 1 1 37 1
          2 1 1 2 1 1
          8 1 1 9 1 47
          1 7 1 112 70 1
          1 1 1 43 2 108
          1 2 2 17 62 59
          3 41 2 2 39 59
          161 1 2 136 2 1
          2 21 68 1 55 1
          1 1 3 70 2 7
          34 1 1 8 1 1
          40 1 38 48 2 113
          2 1 87 35 4 49
          1 32 52 2 89 50
          1 1 1 1 1 1
          48 1 1 1 43 24
          1 1 1 59 1 2
          43 73 1 47 2 18
          1 17 29 30 74 1
          3 53 1 1 2 1
          24 28 38 1 1 47
          14 50 1 1 5 1
          37 87 3 67 65 1
          1 1 72 97 2 1
          1 3 1 1 9 1
          8 2 31 87 54 2
          1 1 5 1 34 1
          11 3 1 74 2 14
          1 21 21 79 1 114
          15 124 1 1 1 137
          1 2 2 1 2 1
          1 2 1 12 2 1
          4 1 1 6 2 3
          37 42 13 1 59 34
          156 1 2 1 1 1
          2 96 1 16 1 1
          1 57 3 1 21 29
          75 1 1 2 1 1
          5 1 20 1 2 85
          1 2 1 90 38 1
          102 4 50 1 1 1
          1 2 1 1 167 131
          2 1 1 27 86 1
          2 65 8 1 2 1
          15 1 1 23 1 1
          43 1 4 106 1 74
          52 1 83 1 1 11
          110 1 1 3 2 1
          2 1 2 61 1 1
          1 51 14 90 3 20
          140 28 1 2 35 9
          10 83 1 13 1 1
          60 2 1 2 92 61
          1 1 1 109 1 1
          1 73 1 14 1 3
          1 55 1 2 2 1
          1 55 3 4 2 1
          2 3 3 2 1 1
          1 1 33 1 1 2
          71 72 15 24 1 1
          1 64 23 1 21 25
          1 1 1 1 9 1
          1 5 1 1 1 1
          10 1 13 25 17 1
          112 1 1 1 1 30
          26 1 3 1 32 1
          1 2 1 1 136 161
          4 3 1 1 2 1
          4 145 50 2 2 1
          1 3 1 1 1 1
          82 15 1 2 1 1
          1 9 1 1 3 1
          1 1 70 69 3 5
          3 12 9 25 68 1
          44 29 1 3 1 1
          1 78 74 2 2 2
          1 1 34 1 123 51
          1 22 149 47 67 1
          1 1 15 2 1 5
          7 2 1 1 44 1
          2 13 5 1 39 2
          2 1 1 5 11 1
          68 171 1 1 110 40
          1 1 71 2 5 1
          1 1 67 80 3 1
          74 3 1 1 3 138
          152 1 2 1 1 1
          2 11 27 1 1 1
          6 5 1 4 10 1
          31 2 1 1 1 1
          1 15 2 1 85 1
          1 1 1 3 173 1
          1 1 2 1 3 15
          1 6 1 9 1 2
          1 3 25 53 19 23
          1 1 1 1 2 1
          1 7 3 19 1 6
          3 2 1 1 1 28
          103 1 2 2 1 52
          1 36 20 43 9 6
          47 105 55 1 172 1
          1 1 1 1 49 1
          1 101 5 4 1 15
          14 79 140 1 1 15
          1 1 173 1 15 1
          158 1 3 1 12 34
          19 1 1 1 46 119
          2 6 1 150 135 3
          80 2 29 2 10 14
          1 1 23 54 1 1
          83 1 1 1 26 73
          89 1 60 1 48 25
          1 4 42 33 2 4
          1 1 1 1 51 98
          2 73 49 1 44 1
          2 1 1 1 55 1
          2 1 1 87 1 145
          1 55 1 59 1 1
          1 1 24 56 62 1
          1 1 1 116 1 1
          102 27 1 42 1 43
          1 1 3 2 21 1
          62 2 65 108 2 1
          91 6 57 1 67 134
          2 1 44 30 1 36
          1 18 50 45 1 2
          1 1 48 39 1 1
          11 81 2 1 70 1
          1 1 1 1 1 1
          1 8 8 1 1 2
          10 9 2 1 1 1
          57 1 18 61 4 1
          1 1 3 1 49 1
          1 121 80 2 16 1
          1 1 1 80 145 59
          20 1 2 22 1 2
          1 1 1 1 3 16
          51 5 55 1 1 1
          13 72 1 1 17 64
          50 45 103 103 4 1
          5 2 49 1 52 44
          94 4 1 3 1 120
          61 3 2 1 2 1
          46 52 1 31 4 44
          2 1 44 1 2 5
          2 1 19 21 1 1
          1 62 71 1 76 1
          1 1 8 72 107 1
          1 1 1 1 172 132
          1 126 13 123 1 1
          1 1 126 1 1 1
          1 1 1 159 1 165
          4 2 11 1 1 2
          122 5 13 1 57 113
          126 1 12 1 2 1
          1 1 62 1 34 92
          1 1 2 3 1 5
          21 4 1 1 1 1
          12 2 1 1 1 1
          1 2 1 28 1 27
          1 3 118 1 95 15
          96 1 1 156 23 1
          1 1 1 41 26 1
          1 1 1 1 3 6
          2 21 99 1 1 112
          3 3 1 29 1 1
          15 83 1 15 1 1
          1 48 1 111 3 1
          5 1 1 2 106 1
          1 65 1 1 4 96
          8 1 13 3 1 2
          8 100 1 1 1 50
          9 5 2 1 86 1
          77 2 1 58 149 25
          1 1 12 1 3 1
          3 4 1 1 1 30
          1 85 117 1 32 65
          1 1 38 109 1 133
          54 2 1 1 1 1
          3 11 32 1 1 1
          7 1 1 2 107 14
          111 50 95 1 1 156
          1 1 1 1 1 2
          1 108 1 7 2 6
          64 1 2 1 19 75
          2 2 72 1 1 2
          1 1 2 3 3 2
          1 42 3 110 1 5
          1 8 1 7 1 124
          20 1 1 1 99 54
          8 114 1 99 1 1
          1 2 1 1 3 29
          113 2 2 1 1 18
          2 1 2 102 1 1
          2 1 1 1 2 1
          5 1 1 1 23 1
          1 1 60 1 1 3
          1 1 102 3 1 2
          96 129 1 1 1 5
          2 1 146 1 3 7
          1 1 1 2 1 2
          1 109 1 5 12 1
          116 134 32 156 3 1
          1 1 1 1 1 1
          3 17 142 2 1 2
          2 1 3 1 5 2
          1 1 119 1 4 140
          137 1 135 1 5 27
          1 1 1 5 1 1
          1 1 111 1 95 1
          1 2 113 11 1 5
          1 58 1 8 1 1
          82 95 1 44 1 2
          19 64 1 14 1 7
          3 33 2 52 8 3
          1 1 60 1 131 12
          1 5 37 12 1 12
          1 13 1 38 26 2
          1 1 6 24 1 1
          2 3 1 146 1 1
          144 36 40 30 147 29
          117 1 41 4 1 1
          2 1 1 1 2 1
          38 1 1 2 110 1
          3 112 1 4 1 115
          1 130 6 120 4 7
          1 1 108 41 8 139
          1 1 1 2 20 1
          37 121 1 1 40 6
          1 30 1 14 1 106
          1 2 118 1 38 148
          43 1 3 4 129 1
          16 114 108 115 1 114
          1 111 2 16 27 34
          1 16 1 139 1 1
          40 1 113 1 16 145
          12 5 23 1 95 6
          112 8 1 139 1 1
          157 1 1 15 2 1
          1 1 1 29 127 34
          149 1 1 120 115 24
          138 4 1 1 123 3
          23 112 126 1 1 1
          4 2 1 136 4 1
          1 119 41 19 1 1
          1 15 148 154 1 1
          2 146 1 135 4 13
          21 1 31 31
        </DataArray>
      </PointData>
      <CellData>
      </CellData>
      <Points>
        <DataArray type="Float32" Name="Points" NumberOfComponents="3" format="ascii" RangeMin="1" RangeMax="224.1539649437413">
          52 87 0 62 98 0
          67 108 0 43 86 0
          38 72 0 29 49 0
          19 44 0 47 87 0
          63 106 0 23 36 0
          59 97 0 65 107 0
          30 11 0 15 30 0
          117 148 0 48 88 0
          62 100 0 63 104 0
          25 52 0 45 89 0
          49 84 0 57 93 0
          32 66 0 21 48 0
          42 89 0 27 52 0
          31 13 0 35 21 0
          47 85 0 110 133 0
          16 31 0 119 150 0
          114 130 0 61 97 0
          110 149 0 42 91 0
          53 93 0 85 131 0
          106 144 0 108 148 0
          63 105 0 62 97 0
          58 104 0 60 97 0
          21 41 0 42 88 0
          16 30 0 33 19 0
          56 92 0 28 63 0
          18 37 0 109 143 0
          42 90 0 32 14 0
          47 88 0 64 107 0
          58 94 0 39 74 0
          52 92 0 34 20 0
          106 137 0 28 48 0
          50 92 0 115 149 0
          22 42 0 103 142 0
          26 52 0 53 89 0
          113 148 0 122 139 0
          16 36 0 48 84 0
          85 138 0 42 76 0
          81 129 0 66 107 0
          21 42 0 76 125 0
          116 148 0 43 89 0
          62 99 0 66 110 0
          36 22 0 57 92 0
          54 90 0 53 92 0
          54 91 0 61 103 0
          47 86 0 67 109 0
          103 152 0 110 145 0
          38 89 0 109 149 0
          62 102 0 84 77 0
          31 64 0 11 29 0
          12 29 0 23 51 0
          52 89 0 82 131 0
          60 104 0 64 100 0
          66 102 0 123 140 0
          30 64 0 46 89 0
          55 92 0 23 43 0
          49 89 0 31 14 0
          23 52 0 49 88 0
          51 92 0 63 101 0
          118 146 0 43 96 0
          21 50 0 156 135 0
          122 140 0 49 90 0
          23 42 0 106 140 0
          17 37 0 109 147 0
          57 94 0 117 147 0
          21 38 0 83 131 0
          158 137 0 98 141 0
          58 95 0 33 17 0
          35 22 0 109 144 0
          107 145 0 145 123 0
          117 144 0 29 50 0
          111 134 0 65 103 0
          157 136 0 111 107 0
          22 40 0 21 52 0
          108 135 0 155 134 0
          47 77 0 52 90 0
          42 95 0 21 51 0
          111 149 0 33 20 0
          88 131 0 31 12 0
          111 132 0 38 85 0
          118 142 0 39 73 0
          114 148 0 101 141 0
          81 131 0 105 149 0
          40 76 0 110 106 0
          106 142 0 16 34 0
          34 21 0 47 82 0
          106 104 0 18 47 0
          18 46 0 117 145 0
          22 52 0 38 28 0
          155 131 0 108 145 0
          41 93 0 105 150 0
          87 131 0 39 89 0
          100 150 0 24 48 0
          112 153 0 21 49 0
          95 134 0 54 85 0
          18 48 0 43 95 0
          23 48 0 63 94 0
          109 153 0 51 80 0
          101 151 0 4 26 0
          83 144 0 89 132 0
          105 140 0 82 136 0
          118 141 0 32 4 0
          39 86 0 54 86 0
          108 152 0 101 142 0
          46 77 0 32 46 0
          48 83 0 80 126 0
          96 140 0 73 125 0
          106 145 0 23 32 0
          152 129 0 95 151 0
          47 79 0 83 136 0
          146 124 0 74 125 0
          47 80 0 42 94 0
          31 66 0 118 143 0
          43 34 0 108 150 0
          105 139 0 112 136 0
          110 134 0 110 107 0
          94 133 0 36 82 0
          8 27 0 86 79 0
          115 117 0 97 150 0
          41 92 0 28 49 0
          108 153 0 55 100 0
          51 78 0 109 137 0
          107 105 0 34 3 0
          96 150 0 51 82 0
          97 140 0 93 86 0
          50 83 0 109 134 0
          95 138 0 112 152 0
          109 139 0 41 30 0
          72 124 0 46 79 0
          0 27 0 113 141 0
          109 138 0 112 135 0
          114 143 0 90 133 0
          49 81 0 40 81 0
          42 31 0 37 83 0
          23 33 0 117 150 0
          25 44 0 105 103 0
          53 99 0 1 27 0
          107 136 0 33 4 0
          56 98 0 33 49 0
          113 142 0 100 141 0
          78 130 0 114 142 0
          73 124 0 98 150 0
          108 106 0 42 82 0
          27 43 0 44 99 0
          37 27 0 38 27 0
          116 136 0 44 98 0
          96 94 0 38 80 0
          20 29 0 19 30 0
          108 139 0 90 132 0
          61 92 0 79 130 0
          24 44 0 23 63 0
          95 133 0 39 80 0
          30 59 0 22 61 0
          88 132 0 136 155 0
          24 62 0 159 139 0
          130 145 0 51 79 0
          95 139 0 121 126 0
          54 99 0 40 82 0
          80 125 0 126 122 0
          38 81 0 35 43 0
          33 79 0 62 94 0
          44 69 0 23 61 0
          44 37 0 35 81 0
          119 122 0 83 133 0
          35 82 0 58 89 0
          32 48 0 147 0 0
          34 51 0 57 89 0
          59 93 0 25 22 0
          22 56 0 125 145 0
          32 6 0 114 154 0
          34 81 0 6 22 0
          23 57 0 46 101 0
          116 132 0 89 138 0
          36 26 0 7 22 0
          118 155 0 80 127 0
          147 125 0 33 70 0
          44 70 0 124 148 0
          22 55 0 100 97 0
          46 35 0 119 134 0
          92 133 0 28 73 0
          116 119 0 146 2 0
          148 2 0 22 57 0
          146 1 0 124 145 0
          145 124 0 123 120 0
          4 22 0 113 154 0
          72 119 0 148 1 0
          23 26 0 25 24 0
          70 122 0 134 152 0
          5 22 0 16 18 0
          71 122 0 27 57 0
          94 145 0 22 59 0
          23 66 0 40 29 0
          139 0 0 31 47 0
          147 5 0 138 2 0
          19 58 0 133 150 0
          146 9 0 144 0 0
          33 50 0 118 154 0
          154 130 0 139 1 0
          28 57 0 147 6 0
          70 88 0 148 4 0
          44 36 0 92 147 0
          122 5 0 144 1 0
          96 136 0 46 34 0
          92 149 0 27 26 0
          118 133 0 115 118 0
          126 148 0 141 2 0
          136 150 0 125 148 0
          46 103 0 129 142 0
          101 99 0 96 146 0
          114 115 0 142 2 0
          141 0 0 123 150 0
          46 102 0 119 120 0
          140 1 0 120 135 0
          34 70 0 150 10 0
          123 147 0 46 100 0
          140 2 0 95 146 0
          72 120 0 149 10 0
          27 76 0 38 36 0
          156 14 0 89 82 0
          107 106 0 92 148 0
          88 138 0 6 35 0
          109 106 0 142 7 0
          133 1 0 152 11 0
          20 59 0 118 134 0
          148 126 0 34 44 0
          25 58 0 30 75 0
          129 144 0 151 11 0
          117 134 0 26 44 0
          29 61 0 41 31 0
          146 12 0 146 11 0
          123 149 0 117 131 0
          85 79 0 31 75 0
          101 98 0 144 5 0
          29 78 0 33 30 0
          145 5 0 76 112 0
          68 121 0 29 75 0
          25 23 0 135 2 0
          24 68 0 142 5 0
          136 151 0 84 143 0
          27 75 0 12 48 0
          92 150 0 6 34 0
          8 38 0 22 28 0
          153 6 0 26 57 0
          27 24 0 25 25 0
          9 37 0 111 139 0
          30 78 0 96 147 0
          112 139 0 152 6 0
          33 68 0 143 33 0
          92 145 0 50 104 0
          93 145 0 72 113 0
          133 152 0 119 121 0
          71 113 0 42 33 0
          153 16 0 134 148 0
          149 128 0 18 56 0
          49 104 0 27 39 0
          135 152 0 131 121 0
          119 135 0 26 40 0
          94 90 0 45 41 0
          144 122 0 80 140 0
          76 115 0 117 133 0
          13 19 0 154 16 0
          134 122 0 1 33 0
          151 17 0 159 138 0
          156 11 0 18 57 0
          149 34 0 152 16 0
          76 114 0 125 121 0
          96 157 0 32 39 0
          30 27 0 31 1 0
          91 153 0 128 144 0
          13 17 0 150 15 0
          154 0 0 74 113 0
          147 124 0 153 0 0
          20 25 0 97 157 0
          40 38 0 78 116 0
          128 126 0 132 146 0
          134 149 0 69 121 0
          107 104 0 30 23 0
          155 132 0 155 11 0
          3 32 0 134 124 0
          45 40 0 145 122 0
          126 129 0 133 147 0
          28 20 0 156 134 0
          145 34 0 32 27 0
          113 113 0 26 16 0
          34 30 0 30 22 0
          31 2 0 14 17 0
          35 5 0 29 20 0
          144 33 0 35 4 0
          133 6 0 73 129 0
          99 135 0 143 121 0
          49 71 0 75 131 0
          76 130 0 149 126 0
          129 122 0 81 141 0
          8 17 0 41 38 0
          155 19 0 19 26 0
          8 18 0 132 121 0
          151 36 0 99 136 0
          106 8 0 136 121 0
          134 5 0 121 120 0
          8 44 0 77 116 0
          87 144 0 153 36 0
          152 130 0 146 36 0
          155 18 0 135 135 0
          139 12 0 66 89 0
          126 126 0 125 1 0
          27 16 0 106 103 0
          130 122 0 28 21 0
          133 23 0 154 34 0
          152 36 0 51 73 0
          72 128 0 117 159 0
          92 153 0 148 125 0
          150 36 0 131 146 0
          24 74 0 134 123 0
          39 36 0 26 18 0
          135 121 0 11 45 0
          121 0 0 6 40 0
          2 38 0 120 159 0
          126 133 0 67 89 0
          113 114 0 137 12 0
          119 126 0 126 128 0
          48 70 0 16 23 0
          6 39 0 152 34 0
          154 36 0 26 17 0
          25 74 0 146 35 0
          22 17 0 127 126 0
          118 156 0 67 127 0
          141 36 0 130 128 0
          67 126 0 124 1 0
          152 35 0 10 43 0
          14 57 0 118 119 0
          127 2 0 126 1 0
          3 38 0 158 136 0
          127 135 0 128 150 0
          26 8 0 142 35 0
          133 15 0 98 95 0
          121 1 0 7 47 0
          136 15 0 7 48 0
          23 15 0 150 128 0
          87 143 0 120 126 0
          0 36 0 66 91 0
          130 133 0 102 101 0
          132 126 0 26 9 0
          0 37 0 71 138 0
          14 52 0 14 51 0
          120 11 0 157 135 0
          8 5 0 36 37 0
          15 58 0 136 17 0
          125 122 0 12 55 0
          131 15 0 132 15 0
          71 116 0 141 144 0
          137 15 0 128 0 0
          15 23 0 51 71 0
          129 151 0 136 16 0
          124 128 0 87 150 0
          134 12 0 134 15 0
          134 13 0 140 29 0
          127 134 0 12 56 0
          79 119 0 128 151 0
          131 135 0 132 140 0
          64 121 0 119 159 0
          138 28 0 129 132 0
          79 118 0 1 44 0
          24 15 0 155 26 0
          128 149 0 39 42 0
          136 145 0 88 149 0
          37 36 0 136 146 0
          139 33 0 34 37 0
          90 84 0 127 8 0
          61 79 0 128 7 0
          23 16 0 135 140 0
          127 137 0 140 33 0
          35 37 0 20 17 0
          34 38 0 131 127 0
          19 17 0 48 46 0
          143 122 0 136 21 0
          129 133 0 38 61 0
          133 139 0 133 124 0
          159 34 0 51 111 0
          65 121 0 43 45 0
          127 122 0 135 20 0
          128 128 0 14 7 0
          140 159 0 41 42 0
          38 63 0 135 139 0
          131 140 0 139 29 0
          72 93 0 4 43 0
          136 127 0 115 116 0
          44 45 0 49 44 0
          48 44 0 134 21 0
          119 125 0 7 12 0
          159 36 0 25 6 0
          14 5 0 14 6 0
          141 148 0 131 133 0
          7 13 0 159 35 0
          125 134 0 52 111 0
          25 7 0 139 158 0
          112 0 0 61 84 0
          8 8 0 158 34 0
          49 45 0 132 135 0
          130 131 0 126 137 0
          8 6 0 141 30 0
          152 26 0 77 90 0
          135 130 0 153 26 0
          7 10 0 38 62 0
          5 11 0 26 0 0
          137 128 0 8 9 0
          78 103 0 93 89 0
          142 153 0 136 130 0
          78 104 0 141 26 0
          56 74 0 7 11 0
          141 146 0 114 5 0
          101 7 0 73 76 0
          8 53 0 61 116 0
          129 13 0 136 128 0
          130 13 0 117 0 0
          72 75 0 6 10 0
          122 132 0 58 121 0
          62 115 0 118 107 0
          141 154 0 12 12 0
          121 132 0 48 116 0
          133 130 0 46 111 0
          101 101 0 137 142 0
          143 24 0 75 89 0
          76 94 0 75 93 0
          145 25 0 137 143 0
          118 1 0 12 13 0
          144 145 0 36 64 0
          127 11 0 28 1 0
          140 27 0 73 75 0
          58 79 0 58 126 0
          152 24 0 146 26 0
          127 10 0 155 23 0
          95 93 0 152 25 0
          140 150 0 76 93 0
          145 24 0 159 25 0
          76 90 0 147 44 0
          17 12 0 145 23 0
          56 121 0 47 109 0
          89 84 0 46 110 0
          9 51 0 147 24 0
          146 25 0 158 26 0
          2 14 0 47 111 0
          107 4 0 142 24 0
          140 134 0 57 121 0
          15 10 0 16 8 0
          139 135 0 17 13 0
          144 144 0 156 48 0
          60 122 0 147 46 0
          119 102 0 55 72 0
          40 64 0 113 8 0
          147 45 0 56 72 0
          93 126 0 2 15 0
          108 3 0 111 7 0
          16 7 0 60 84 0
          14 10 0 146 132 0
          111 6 0 115 8 0
          70 134 0 127 24 0
          13 0 0 107 5 0
          40 63 0 14 9 0
          54 74 0 99 92 0
          115 1 0 121 9 0
          142 140 0 70 93 0
          145 44 0 70 136 0
          76 99 0 114 8 0
          1 9 0 142 134 0
          46 53 0 76 100 0
          4 47 0 144 135 0
          140 141 0 5 47 0
          15 0 0 71 133 0
          142 133 0 97 93 0
          90 85 0 108 11 0
          59 122 0 11 0 0
          115 7 0 86 87 0
          106 0 0 86 91 0
          117 10 0 14 0 0
          117 11 0 47 113 0
          108 10 0 74 89 0
          140 121 0 77 92 0
          103 102 0 47 112 0
          115 4 0 123 18 0
          102 2 0 17 2 0
          107 0 0 54 49 0
          140 131 0 100 11 0
          95 128 0 98 90 0
          47 115 0 83 95 0
          40 20 0 12 0 0
          77 86 0 8 57 0
          140 132 0 42 25 0
          86 122 0 81 81 0
          143 134 0 61 121 0
          101 0 0 98 12 0
          112 112 0 13 1 0
          102 0 0 124 20 0
          91 127 0 103 8 0
          8 56 0 130 33 0
          40 21 0 141 129 0
          134 35 0 141 41 0
          99 11 0 140 129 0
          60 73 0 95 129 0
          6 55 0 6 0 0
          124 19 0 85 123 0
          60 70 0 129 25 0
          56 57 0 60 56 0
          126 20 0 141 40 0
          76 152 0 128 35 0
          144 133 0 59 73 0
          77 151 0 134 34 0
          47 50 0 98 6 0
          0 6 0 0 12 0
          128 34 0 0 7 0
          122 155 0 99 6 0
          147 148 0 22 7 0
          77 87 0 58 57 0
          59 71 0 99 0 0
          7 55 0 51 117 0
          59 56 0 17 3 0
          78 81 0 126 19 0
          109 15 0 66 84 0
          0 53 0 98 91 0
          65 83 0 125 20 0
          85 96 0 23 6 0
          122 154 0 7 0 0
          57 57 0 8 60 0
          96 8 0 20 5 0
          132 30 0 19 6 0
          104 4 0 43 56 0
          63 128 0 119 104 0
          115 18 0 109 14 0
          111 15 0 136 36 0
          114 12 0 110 15 0
          137 35 0 133 30 0
          65 66 0 10 59 0
          81 154 0 64 83 0
          115 12 0 80 91 0
          53 116 0 11 63 0
          63 67 0 113 15 0
          112 15 0 96 10 0
          80 90 0 116 14 0
          52 116 0 130 31 0
          152 49 0 61 59 0
          55 55 0 84 92 0
          55 56 0 44 55 0
          48 56 0 118 18 0
          12 62 0 84 96 0
          64 67 0 99 1 0
          152 46 0 41 110 0
          42 109 0 51 115 0
          18 79 0 53 56 0
          90 123 0 50 58 0
          60 59 0 67 86 0
          52 47 0 18 81 0
          91 123 0 86 89 0
          66 137 0 89 93 0
          104 130 0 14 71 0
          118 17 0 98 16 0
          87 110 0 105 16 0
          48 55 0 39 110 0
          51 61 0 94 0 0
          58 61 0 83 86 0
          61 66 0 150 141 0
          18 78 0 150 143 0
          148 145 0 106 16 0
          56 117 0 14 70 0
          12 70 0 97 16 0
          103 16 0 40 110 0
          146 148 0 64 135 0
          120 21 0 126 159 0
          63 133 0 86 111 0
          104 18 0 83 154 0
          96 0 0 100 18 0
          71 83 0 104 16 0
          13 71 0 56 116 0
          54 56 0 121 20 0
          51 57 0 49 57 0
          51 59 0 18 80 0
          41 25 0 45 59 0
          57 67 0 148 146 0
          103 23 0 62 61 0
          113 101 0 44 58 0
          62 69 0 131 38 0
          150 49 0 45 25 0
          101 131 0 107 20 0
          102 18 0 67 137 0
          105 17 0 8 159 0
          60 67 0 66 69 0
          55 63 0 89 92 0
          52 41 0 87 102 0
          81 94 0 18 83 0
          59 60 0 44 25 0
          150 142 0 65 69 0
          64 145 0 102 91 0
          150 144 0 83 88 0
          64 134 0 62 60 0
          88 105 0 106 19 0
          18 82 0 95 0 0
          51 41 0 132 38 0
          99 125 0 150 139 0
          68 82 0 87 100 0
          54 125 0 102 132 0
          64 130 0 53 64 0
          148 135 0 103 131 0
          97 1 0 77 83 0
          121 25 0 56 65 0
          53 118 0 59 66 0
          158 107 0 102 131 0
          55 125 0 98 126 0
          98 20 0 57 65 0
          154 110 0 86 102 0
          124 34 0 101 91 0
          86 100 0 124 35 0
          115 107 0 7 68 0
          54 64 0 56 61 0
          121 27 0 99 22 0
          121 26 0 93 4 0
          98 19 0 87 104 0
          68 83 0 99 128 0
          109 20 0 52 118 0
          122 24 0 99 127 0
          90 2 0 47 61 0
          108 20 0 36 110 0
          79 81 0 47 62 0
          103 21 0 100 132 0
          37 109 0 92 3 0
          103 25 0 92 4 0
          4 52 0 69 83 0
          123 102 0 8 69 0
          89 0 0 103 24 0
          29 96 0 40 52 0
          154 131 0 92 6 0
          100 22 0 8 68 0
          150 140 0 125 159 0
          87 80 0 92 5 0
          14 75 0 92 16 0
          91 3 0 19 86 0
          40 53 0 67 143 0
          13 75 0 19 95 0
          147 138 0 19 85 0
          66 144 0 93 17 0
          106 25 0 105 25 0
          92 8 0 67 142 0
          36 108 0 146 139 0
          36 109 0 30 95 0
          1 0 0 49 120 0
          24 91 0 148 134 0
          66 148 0 24 95 0
          84 12 0 114 25 0
          111 23 0 69 73 0
          122 31 0 69 146 0
          103 27 0 103 26 0
          105 88 0 20 88 0
          115 24 0 18 91 0
          67 80 0 19 87 0
          151 114 0 56 19 0
          25 90 0 49 119 0
          112 21 0 1 59 0
          67 81 0 122 30 0
          9 70 0 103 126 0
          92 112 0 87 16 0
          89 17 0 151 137 0
          90 17 0 150 138 0
          73 81 0 88 17 0
          108 126 0 102 109 0
          84 17 0 72 82 0
          109 121 0 23 100 0
          108 127 0 89 1 0
          91 114 0 82 17 0
          110 99 0 93 105 0
          101 29 0 107 90 0
          19 90 0 23 98 0
          101 28 0 103 110 0
          105 32 0 23 93 0
          102 110 0 83 18 0
          92 110 0 102 126 0
          18 92 0 92 108 0
          1 58 0 85 16 0
          91 108 0 86 20 0
          69 155 0 42 13 0
          128 107 0 67 147 0
          28 94 0 153 57 0
          69 154 0 0 1 0
          23 99 0 89 98 0
          97 104 0 88 99 0
          115 102 0 83 21 0
          108 41 0 29 93 0
          70 73 0 86 8 0
          84 20 0 99 28 0
          86 19 0 62 138 0
          40 15 0 99 27 0
          120 37 0 157 54 0
          121 36 0 45 20 0
          92 111 0 92 107 0
          76 158 0 41 13 0
          74 80 0 156 106 0
          24 97 0 84 23 0
          86 24 0 86 11 0
          39 15 0 63 140 0
          105 90 0 84 22 0
          106 90 0 129 108 0
          99 108 0 55 130 0
          101 33 0 110 100 0
          152 59 0 103 120 0
          155 55 0 68 145 0
          97 103 0 104 90 0
          129 107 0 85 25 0
          45 21 0 105 30 0
          53 131 0 135 114 0
          77 158 0 56 130 0
          62 137 0 86 9 0
          70 58 0 54 130 0
          158 52 0 155 144 0
          158 51 0 113 44 0
          101 121 0 156 55 0
          64 139 0 101 31 0
          125 43 0 0 158 0
          92 24 0 156 143 0
          30 105 0 97 108 0
          155 146 0 158 53 0
          102 35 0 91 24 0
          131 159 0 64 47 0
          67 78 0 67 79 0
          30 107 0 30 106 0
          149 117 0 154 59 0
          102 121 0 102 34 0
          153 58 0 153 55 0
          157 106 0 110 89 0
          104 42 0 101 109 0
          52 16 0 48 0 0
          54 0 0 102 113 0
          89 26 0 103 38 0
          102 122 0 101 38 0
          63 3 0 91 29 0
          153 59 0 103 89 0
          90 26 0 101 37 0
          108 46 0 99 36 0
          106 46 0 32 104 0
          96 108 0 60 48 0
          109 89 0 125 42 0
          58 3 0 29 101 0
          153 122 0 9 81 0
          100 35 0 116 41 0
          81 0 0 98 108 0
          55 1 0 8 80 0
          107 113 0 117 36 0
          102 112 0 60 1 0
          93 28 0 106 122 0
          103 37 0 152 121 0
          121 102 0 69 57 0
          89 28 0 105 45 0
          84 0 0 89 27 0
          10 81 0 63 51 0
          70 57 0 114 41 0
          118 37 0 115 41 0
          27 101 0 28 101 0
          106 45 0 52 20 0
          26 102 0 155 147 0
          114 42 0 156 151 0
          54 15 0 26 105 0
          153 121 0 61 49 0
          152 112 0 8 81 0
          132 158 0 54 1 0
          61 48 0 107 46 0
          64 52 0 49 12 0
          98 106 0 109 113 0
          86 30 0 28 111 0
          110 112 0 87 29 0
          126 113 0 64 51 0
          34 115 0 109 44 0
          79 26 0 151 116 0
          76 18 0 65 1 0
          109 43 0 64 0 0
          104 113 0 28 103 0
          28 104 0 98 105 0
          52 19 0 29 110 0
          106 41 0 26 106 0
          77 17 0 80 26 0
          35 114 0 53 16 0
          84 1 0 103 41 0
          77 25 0 59 2 0
          74 22 0 64 1 0
          97 113 0 103 113 0
          59 48 0 78 25 0
          69 62 0 64 2 0
          69 37 0 79 28 0
          79 27 0 68 36 0
          96 113 0 108 45 0
          63 149 0 82 0 0
          46 0 0 75 21 0
          64 148 0 55 38 0
          108 98 0 67 56 0
          109 98 0 112 35 0
          106 116 0 67 57 0
          56 1 0 111 44 0
          82 7 0 74 28 0
          118 41 0 64 37 0
          59 151 0 63 0 0
          53 17 0 97 115 0
          75 28 0 69 36 0
          71 32 0 137 54 0
          57 32 0 112 42 0
          108 113 0 2 70 0
          97 114 0 156 148 0
          56 23 0 68 40 0
          3 70 0 110 37 0
          63 36 0 56 31 0
          82 8 0 74 67 0
          155 107 0 79 0 0
          50 130 0 111 96 0
          110 97 0 51 130 0
          63 37 0 56 22 0
          138 53 0 1 159 0
          2 73 0 155 153 0
          159 63 0 62 50 0
          155 152 0 77 10 0
          98 82 0 123 106 0
          67 27 0 53 33 0
          57 31 0 77 11 0
          80 0 0 52 30 0
          88 36 0 159 148 0
          54 38 0 69 34 0
          71 27 0 72 26 0
          68 39 0 138 114 0
          53 32 0 57 11 0
          74 37 0 94 41 0
          111 30 0 90 35 0
          109 30 0 73 30 0
          80 67 0 52 9 0
          50 1 0 52 26 0
          49 15 0 118 44 0
          69 28 0 1 68 0
          2 72 0 125 110 0
          86 35 0 88 35 0
          69 52 0 74 32 0
          126 109 0 89 35 0
          150 158 0 74 31 0
          95 42 0 73 37 0
          106 51 0 95 41 0
          151 64 0 71 16 0
          70 28 0 158 149 0
          93 40 0 109 29 0
          99 47 0 112 120 0
          121 48 0 66 158 0
          65 20 0 113 33 0
          84 35 0 113 120 0
          87 36 0 106 117 0
          118 113 0 84 34 0
          65 25 0 48 15 0
          90 37 0 54 24 0
          100 85 0 90 36 0
          122 106 0 69 22 0
          53 25 0 48 5 0
          67 32 0 118 43 0
          67 22 0 68 27 0
          99 46 0 111 29 0
          55 23 0 68 32 0
          66 38 0 51 31 0
          118 112 0 78 35 0
          150 157 0 60 6 0
          102 86 0 0 70 0
          137 109 0 51 34 0
          113 34 0 78 40 0
          63 40 0 1 70 0
          50 15 0 137 114 0
          96 45 0 64 39 0
          79 34 0 101 86 0
          67 158 0 50 4 0
          79 36 0 70 23 0
          55 35 0 151 159 0
          47 19 0 105 50 0
          78 36 0 74 12 0
          151 158 0 59 33 0
          58 33 0 89 42 0
          55 32 0 63 41 0
          97 45 0 106 50 0
          67 21 0 75 70 0
          78 39 0 48 3 0
          52 6 0 136 110 0
          58 24 0 151 63 0
          1 65 0 50 149 0
          127 114 0 66 22 0
          90 42 0 73 60 0
          68 22 0 58 23 0
          110 32 0 60 35 0
          50 35 0 67 51 0
          0 155 0 108 86 0
          121 47 0 67 2 0
          75 63 0 56 153 0
          49 4 0 71 19 0
          100 86 0 133 50 0
          66 3 0 69 0 0
          105 49 0 59 34 0
          134 56 0 57 152 0
          73 13 0 111 32 0
          82 62 0 0 156 0
          86 42 0 77 1 0
          113 91 0 54 28 0
          135 55 0 125 106 0
          94 73 0 55 36 0
          108 87 0 75 60 0
          87 42 0 81 47 0
          88 63 0 134 51 0
          120 114 0 72 0 0
          57 9 0 74 0 0
          78 50 0 72 42 0
          73 56 0 67 64 0
          133 51 0 61 151 0
          73 0 0 61 6 0
          132 54 0 70 61 0
          47 131 0 70 43 0
          130 50 0 74 62 0
          54 4 0 78 0 0
          72 56 0 155 123 0
          79 42 0 81 42 0
          69 7 0 134 52 0
          73 44 0 118 52 0
          48 131 0 54 29 0
          83 48 0 78 42 0
          83 45 0 53 8 0
          82 46 0 67 11 0
          83 47 0 125 57 0
          80 42 0 74 42 0
          71 61 0 71 43 0
          133 54 0 69 42 0
          89 48 0 55 150 0
          56 150 0 80 48 0
          74 60 0 68 45 0
          130 49 0 137 116 0
          74 43 0 66 13 0
          68 0 0 72 44 0
          69 13 0 69 14 0
          67 12 0 86 46 0
          68 44 0 118 51 0
          93 63 0 158 127 0
          147 64 0 79 52 0
          74 61 0 68 13 0
          75 49 0 67 7 0
          79 51 0 75 62 0
          87 56 0 83 52 0
          156 62 0 79 62 0
          72 5 0 91 63 0
          21 149 0 74 47 0
          69 47 0 88 50 0
          80 53 0 87 47 0
          80 52 0 130 55 0
          146 63 0 92 63 0
          74 46 0 83 51 0
          83 58 0 80 60 0
          0 80 0 88 53 0
          74 49 0 78 45 0
          131 55 0 148 63 0
          90 63 0 86 50 0
          78 55 0 87 52 0
          88 49 0 88 52 0
          85 49 0 62 15 0
          159 103 0 74 1 0
          120 113 0 8 93 0
          78 44 0 63 9 0
          79 57 0 90 50 0
          122 109 0 79 60 0
          1 80 0 146 64 0
          88 51 0 71 9 0
          122 69 0 68 47 0
          6 91 0 123 96 0
          54 156 0 70 65 0
          80 62 0 66 9 0
          80 71 0 90 49 0
          79 61 0 71 10 0
          66 10 0 145 115 0
          76 53 0 82 57 0
          86 62 0 77 52 0
          80 55 0 74 53 0
          159 104 0 121 109 0
          88 54 0 67 8 0
          75 53 0 55 155 0
          81 55 0 115 93 0
          85 57 0 80 58 0
          79 56 0 93 60 0
          62 9 0 83 57 0
          113 90 0 151 120 0
          123 55 0 68 7 0
          123 114 0 71 6 0
          123 115 0 123 56 0
          130 92 0 94 52 0
          7 91 0 99 52 0
          93 61 0 121 98 0
          137 66 0 98 51 0
          72 68 0 75 71 0
          4 86 0 115 50 0
          114 93 0 116 56 0
          129 61 0 125 78 0
          98 68 0 159 111 0
          80 65 0 94 51 0
          89 67 0 155 118 0
          158 156 0 115 49 0
          63 14 0 60 12 0
          123 53 0 122 61 0
          127 54 0 97 64 0
          154 117 0 59 12 0
          117 56 0 1 84 0
          127 59 0 147 112 0
          147 114 0 155 157 0
          158 155 0 1 83 0
          9 96 0 131 60 0
          148 111 0 9 93 0
          154 123 0 94 67 0
          123 66 0 98 65 0
          127 55 0 120 70 0
          156 124 0 159 72 0
          22 151 0 158 159 0
          7 96 0 7 95 0
          88 73 0 154 158 0
          27 156 0 27 148 0
          6 85 0 156 159 0
          78 75 0 123 67 0
          10 96 0 127 60 0
          155 124 0 131 58 0
          131 57 0 77 76 0
          156 158 0 35 120 0
          147 113 0 115 55 0
          33 156 0 138 60 0
          125 60 0 55 145 0
          69 66 0 25 146 0
          35 119 0 53 149 0
          36 148 0 3 93 0
          94 66 0 98 66 0
          3 84 0 95 68 0
          96 63 0 121 69 0
          96 56 0 98 55 0
          35 147 0 18 153 0
          115 54 0 43 138 0
          107 59 0 159 116 0
          95 55 0 98 57 0
          97 56 0 98 56 0
          159 120 0 126 59 0
          101 66 0 98 54 0
          137 59 0 22 150 0
          77 72 0 159 67 0
          157 159 0 159 110 0
          100 83 0 120 60 0
          98 78 0 4 84 0
          159 66 0 138 59 0
          20 153 0 122 64 0
          46 149 0 137 58 0
          96 55 0 102 67 0
          58 156 0 102 66 0
          98 60 0 0 88 0
          107 67 0 122 65 0
          111 56 0 122 60 0
          101 65 0 128 65 0
          127 64 0 58 155 0
          131 96 0 47 139 0
          127 65 0 120 61 0
          31 152 0 159 118 0
          97 79 0 89 66 0
          147 69 0 145 116 0
          10 100 0 38 137 0
          105 58 0 44 136 0
          159 74 0 11 100 0
          105 73 0 19 153 0
          116 66 0 106 58 0
          118 59 0 47 158 0
          113 55 0 0 90 0
          120 72 0 56 145 0
          8 100 0 135 65 0
          159 73 0 9 100 0
          97 61 0 41 125 0
          105 57 0 24 147 0
          136 65 0 1 89 0
          120 71 0 118 58 0
          140 110 0 140 102 0
          96 78 0 42 124 0
          27 146 0 3 92 0
          1 91 0 44 150 0
          1 87 0 41 135 0
          87 74 0 159 117 0
          18 149 0 41 136 0
          1 93 0 148 68 0
          83 70 0 141 116 0
          20 152 0 31 145 0
          45 149 0 135 63 0
          159 119 0 158 125 0
          32 153 0 35 148 0
          18 114 0 123 63 0
          115 75 0 97 78 0
          19 114 0 18 155 0
          126 65 0 94 71 0
          33 151 0 158 76 0
          159 69 0 121 64 0
          133 65 0 39 136 0
          158 75 0 49 155 0
          112 59 0 131 65 0
          39 127 0 3 103 0
          135 64 0 30 145 0
          104 67 0 127 95 0
          152 74 0 0 95 0
          136 61 0 33 152 0
          13 115 0 32 152 0
          130 65 0 50 137 0
          40 126 0 133 64 0
          83 69 0 113 61 0
          1 151 0 157 129 0
          105 65 0 10 115 0
          3 100 0 82 72 0
          155 82 0 153 71 0
          141 104 0 3 99 0
          8 114 0 106 65 0
          0 152 0 19 148 0
          111 59 0 157 82 0
          3 138 0 111 61 0
          17 154 0 142 116 0
          138 94 0 9 106 0
          81 72 0 112 61 0
          126 94 0 33 154 0
          127 94 0 3 135 0
          156 82 0 128 93 0
          153 73 0 141 103 0
          33 147 0 153 70 0
          9 114 0 112 60 0
          1 113 0 12 114 0
          117 76 0 11 105 0
          37 144 0 3 102 0
          39 133 0 1 95 0
          125 95 0 148 107 0
          149 108 0 6 114 0
          139 110 0 51 156 0
          7 114 0 15 115 0
          33 125 0 128 96 0
          2 149 0 112 84 0
          11 139 0 8 110 0
          0 149 0 140 107 0
          135 86 0 33 124 0
          48 149 0 116 75 0
          34 137 0 8 138 0
          142 107 0 157 116 0
          34 147 0 0 100 0
          150 87 0 140 108 0
          3 118 0 39 131 0
          148 108 0 4 107 0
          118 78 0 3 113 0
          40 130 0 143 105 0
          39 132 0 155 85 0
          1 149 0 20 120 0
          36 137 0 123 82 0
          13 138 0 34 143 0
          49 157 0 135 70 0
          138 100 0 12 139 0
          6 139 0 39 146 0
          9 112 0 33 143 0
          4 116 0 3 136 0
          103 70 0 21 120 0
          23 133 0 139 101 0
          139 102 0 138 101 0
          143 104 0 157 87 0
          150 108 0 159 86 0
          4 117 0 4 106 0
          2 114 0 115 63 0
          158 86 0 5 108 0
          108 73 0 3 114 0
          142 106 0 5 113 0
          153 78 0 155 84 0
          107 73 0 1 117 0
          114 63 0 7 108 0
          141 107 0 153 77 0
          7 139 0 159 84 0
          6 136 0 130 75 0
          150 105 0 23 135 0
          52 143 0 159 85 0
          36 145 0 2 117 0
          1 100 0 1 150 0
          44 159 0 5 148 0
          13 120 0 16 136 0
          118 77 0 0 110 0
          23 134 0 8 121 0
          24 122 0 143 108 0
          143 107 0 142 69 0
          33 146 0 24 121 0
          158 80 0 31 135 0
          45 159 0 49 141 0
          15 137 0 158 84 0
          43 155 0 5 110 0
          7 149 0 10 138 0
          18 138 0 122 81 0
          142 74 0 0 105 0
          135 69 0 32 136 0
          49 140 0 133 107 0
          45 153 0 38 151 0
          118 74 0 13 118 0
          32 135 0 31 155 0
          2 121 0 4 111 0
          43 153 0 33 150 0
          11 121 0 8 136 0
          53 143 0 112 85 0
          15 148 0 44 152 0
          106 79 0 7 136 0
          12 121 0 1 105 0
          132 71 0 43 154 0
          120 79 0 35 142 0
          5 136 0 33 135 0
          38 159 0 3 120 0
          129 75 0 28 133 0
          28 128 0 2 129 0
          44 153 0 152 103 0
          1 110 0 123 81 0
          136 99 0 3 148 0
          132 107 0 8 149 0
          24 159 0 131 72 0
          39 153 0 5 139 0
          145 110 0 106 80 0
          143 69 0 30 140 0
          151 81 0 142 76 0
          18 137 0 119 79 0
          38 155 0 140 75 0
          143 73 0 137 74 0
          125 84 0 143 75 0
          34 132 0 109 77 0
          16 148 0 141 75 0
          145 111 0 121 79 0
          151 80 0 9 119 0
          35 132 0 132 69 0
          133 68 0 113 80 0
          0 129 0 18 130 0
          151 104 0 147 84 0
          111 66 0 23 128 0
          18 131 0 122 77 0
          149 106 0 123 75 0
          18 125 0 123 77 0
          122 75 0 20 128 0
          1 129 0 32 139 0
          0 125 0 23 129 0
          130 70 0 137 99 0
          148 103 0 37 156 0
          25 133 0 136 71 0
          29 127 0 25 127 0
          30 130 0 128 70 0
          18 124 0 110 67 0
          19 129 0 148 83 0
          148 85 0 6 120 0
          128 85 0 159 97 0
          19 137 0 136 91 0
          6 121 0 17 157 0
          141 96 0 13 125 0
          108 76 0 147 85 0
          153 88 0 153 87 0
          47 144 0 128 69 0
          119 82 0 125 83 0
          11 126 0 12 126 0
          29 130 0 3 125 0
          131 70 0 148 104 0
          1 124 0 120 83 0
          14 133 0 39 145 0
          38 149 0 20 125 0
          152 87 0 138 96 0
          39 154 0 121 83 0
          41 153 0 13 124 0
          43 145 0 119 81 0
          133 102 0 38 157 0
          48 144 0 25 159 0
          110 70 0 19 125 0
          42 143 0 3 124 0
          139 78 0 155 98 0
          140 97 0 40 148 0
          111 69 0 135 82 0
          17 133 0 2 126 0
          139 77 0 135 83 0
          132 87 0 157 92 0
          109 81 0 40 147 0
          42 153 0 136 92 0
          142 79 0 133 100 0
          1 145 0 153 97 0
          1 146 0 135 80 0
          157 94 0 143 79 0
          157 93 0 137 81 0
          23 140 0 8 131 0
          155 100 0 128 84 0
          157 91 0 41 143 0
          8 132 0 155 99 0
          132 84 0 154 100 0
          42 145 0 137 80 0
          154 97 0 143 89 0
          112 74 0 15 130 0
          23 141 0 133 84 0
          135 81 0 113 74 0
          16 130 0 13 145 0
          21 159 0 137 89 0
          136 90 0 149 93 0
          14 142 0 140 92 0
          13 142 0 147 99 0
          118 87 0 13 146 0
          118 88 0 159 95 0
          152 94 0 8 145 0
          142 84 0 143 84 0
          148 99 0 7 146 0
          145 99 0 148 97 0
          151 94 0 153 94 0
          141 86 0 22 159 0
          144 100 0 148 98 0
          142 86 0 120 90 0
          121 90 0 92 78 0
          <InformationKey name="L2_NORM_RANGE" location="vtkDataArray" length="2">
            <Value index="0">
              1
            </Value>
            <Value index="1">
              224.15396494
            </Value>
          </InformationKey>
        </DataArray>
      </Points>
      <Cells>
        <DataArray type="Int64" Name="connectivity" format="ascii" RangeMin="0" RangeMax="2589">
          0 1 2 3 4 5
          6 7 8 9 10 11
          12 13 14 15 16 17
          18 19 20 21 22 23
          24 25 26 27 28 29
          30 31 32 33 34 35
          36 37 38 39 40 41
          42 43 44 45 46 47
          48 49 50 51 52 53
          54 55 56 57 58 59
          60 61 62 63 64 65
          66 67 68 69 70 71
          72 73 74 75 76 77
          78 79 80 81 82 83
          84 85 86 87 88 89
          90 91 92 93 94 95
          96 97 98 99 100 101
          102 103 104 105 106 107
          108 109 110 111 112 113
          114 115 116 117 118 119
          120 121 122 123 124 125
          126 127 128 129 130 131
          132 133 134 135 136 137
          138 139 140 141 142 143
          144 145 146 147 148 149
          150 151 152 153 154 155
          156 157 158 159 160 161
          162 163 164 165 166 167
          168 169 170 171 172 173
          174 175 176 177 178 179
          180 181 182 183 184 185
          186 187 188 189 190 191
          192 193 194 195 196 197
          198 199 200 201 202 203
          204 205 206 207 208 209
          210 211 212 213 214 215
          216 217 218 219 220 221
          222 223 224 225 226 227
          228 229 230 231 232 233
          234 235 236 237 238 239
          240 241 242 243 244 245
          246 247 248 249 250 251
          252 253 254 255 256 257
          258 259 260 261 262 263
          264 265 266 267 268 269
          270 271 272 273 274 275
          276 277 278 279 280 281
          282 283 284 285 286 287
          288 289 290 291 292 293
          294 295 296 297 298 299
          300 301 302 303 304 305
          306 307 308 309 310 311
          312 313 314 315 316 317
          318 319 320 321 322 323
          324 325 326 327 328 329
          330 331 332 333 334 335
          336 337 338 339 340 341
          342 343 344 345 346 347
          348 349 350 351 352 353
          354 355 356 357 358 359
          360 361 362 363 364 365
          366 367 368 369 370 371
          372 373 374 375 376 377
          378 379 380 381 382 383
          384 385 386 387 388 389
          390 391 392 393 394 395
          396 397 398 399 400 401
          402 403 404 405 406 407
          408 409 410 411 412 413
          414 415 416 417 418 419
          420 421 422 423 424 425
          426 427 428 429 430 431
          432 433 434 435 436 437
          438 439 440 441 442 443
          444 445 446 447 448 449
          450 451 452 453 454 455
          456 457 458 459 460 461
          462 463 464 465 466 467
          468 469 470 471 472 473
          474 475 476 477 478 479
          480 481 482 483 484 485
          486 487 488 489 490 491
          492 493 494 495 496 497
          498 499 500 501 502 503
          504 505 506 507 508 509
          510 511 512 513 514 515
          516 517 518 519 520 521
          522 523 524 525 526 527
          528 529 530 531 532 533
          534 535 536 537 538 539
          540 541 542 543 544 545
          546 547 548 549 550 551
          552 553 554 555 556 557
          558 559 560 561 562 563
          564 565 566 567 568 569
          570 571 572 573 574 575
          576 577 578 579 580 581
          582 583 584 585 586 587
          588 589 590 591 592 593
          594 595 596 597 598 599
          600 601 602 603 604 605
          606 607 608 609 610 611
          612 613 614 615 616 617
          618 619 620 621 622 623
          624 625 626 627 628 629
          630 631 632 633 634 635
          636 637 638 639 640 641
          642 643 644 645 646 647
          648 649 650 651 652 653
          654 655 656 657 658 659
          660 661 662 663 664 665
          666 667 668 669 670 671
          672 673 674 675 676 677
          678 679 680 681 682 683
          684 685 686 687 688 689
          690 691 692 693 694 695
          696 697 698 699 700 701
          702 703 704 705 706 707
          708 709 710 711 712 713
          714 715 716 717 718 719
          720 721 722 723 724 725
          726 727 728 729 730 731
          732 733 734 735 736 737
          738 739 740 741 742 743
          744 745 746 747 748 749
          750 751 752 753 754 755
          756 757 758 759 760 761
          762 763 764 765 766 767
          768 769 770 771 772 773
          774 775 776 777 778 779
          780 781 782 783 784 785
          786 787 788 789 790 791
          792 793 794 795 796 797
          798 799 800 801 802 803
          804 805 806 807 808 809
          810 811 812 813 814 815
          816 817 818 819 820 821
          822 823 824 825 826 827
          828 829 830 831 832 833
          834 835 836 837 838 839
          840 841 842 843 844 845
          846 847 848 849 850 851
          852 853 854 855 856 857
          858 859 860 861 862 863
          864 865 866 867 868 869
          870 871 872 873 874 875
          876 877 878 879 880 881
          882 883 884 885 886 887
          888 889 890 891 892 893
          894 895 896 897 898 899
          900 901 902 903 904 905
          906 907 908 909 910 911
          912 913 914 915 916 917
          918 919 920 921 922 923
          924 925 926 927 928 929
          930 931 932 933 934 935
          936 937 938 939 940 941
          942 943 944 945 946 947
          948 949 950 951 952 953
          954 955 956 957 958 959
          960 961 962 963 964 965
          966 967 968 969 970 971
          972 973 974 975 976 977
          978 979 980 981 982 983
          984 985 986 987 988 989
          990 991 992 993 994 995
          996 997 998 999 1000 1001
          1002 1003 1004 1005 1006 1007
          1008 1009 1010 1011 1012 1013
          1014 1015 1016 1017 1018 1019
          1020 1021 1022 1023 1024 1025
          1026 1027 1028 1029 1030 1031
          1032 1033 1034 1035 1036 1037
          1038 1039 1040 1041 1042 1043
          1044 1045 1046 1047 1048 1049
          1050 1051 1052 1053 1054 1055
          1056 1057 1058 1059 1060 1061
          1062 1063 1064 1065 1066 1067
          1068 1069 1070 1071 1072 1073
          1074 1075 1076 1077 1078 1079
          1080 1081 1082 1083 1084 1085
          1086 1087 1088 1089 1090 1091
          1092 1093 1094 1095 1096 1097
          1098 1099 1100 1101 1102 1103
          1104 1105 1106 1107 1108 1109
          1110 1111 1112 1113 1114 1115
          1116 1117 1118 1119 1120 1121
          1122 1123 1124 1125 1126 1127
          1128 1129 1130 1131 1132 1133
          1134 1135 1136 1137 1138 1139
          1140 1141 1142 1143 1144 1145
          1146 1147 1148 1149 1150 1151
          1152 1153 1154 1155 1156 1157
          1158 1159 1160 1161 1162 1163
          1164 1165 1166 1167 1168 1169
          1170 1171 1172 1173 1174 1175
          1176 1177 1178 1179 1180 1181
          1182 1183 1184 1185 1186 1187
          1188 1189 1190 1191 1192 1193
          1194 1195 1196 1197 1198 1199
          1200 1201 1202 1203 1204 1205
          1206 1207 1208 1209 1210 1211
          1212 1213 1214 1215 1216 1217
          1218 1219 1220 1221 1222 1223
          1224 1225 1226 1227 1228 1229
          1230 1231 1232 1233 1234 1235
          1236 1237 1238 1239 1240 1241
          1242 1243 1244 1245 1246 1247
          1248 1249 1250 1251 1252 1253
          1254 1255 1256 1257 1258 1259
          1260 1261 1262 1263 1264 1265
          1266 1267 1268 1269 1270 1271
          1272 1273 1274 1275 1276 1277
          1278 1279 1280 1281 1282 1283
          1284 1285 1286 1287 1288 1289
          1290 1291 1292 1293 1294 1295
          1296 1297 1298 1299 1300 1301
          1302 1303 1304 1305 1306 1307
          1308 1309 1310 1311 1312 1313
          1314 1315 1316 1317 1318 1319
          1320 1321 1322 1323 1324 1325
          1326 1327 1328 1329 1330 1331
          1332 1333 1334 1335 1336 1337
          1338 1339 1340 1341 1342 1343
          1344 1345 1346 1347 1348 1349
          1350 1351 1352 1353 1354 1355
          1356 1357 1358 1359 1360 1361
          1362 1363 1364 1365 1366 1367
          1368 1369 1370 1371 1372 1373
          1374 1375 1376 1377 1378 1379
          1380 1381 1382 1383 1384 1385
          1386 1387 1388 1389 1390 1391
          1392 1393 1394 1395 1396 1397
          1398 1399 1400 1401 1402 1403
          1404 1405 1406 1407 1408 1409
          1410 1411 1412 1413 1414 1415
          1416 1417 1418 1419 1420 1421
          1422 1423 1424 1425 1426 1427
          1428 1429 1430 1431 1432 1433
          1434 1435 1436 1437 1438 1439
          1440 1441 1442 1443 1444 1445
          1446 1447 1448 1449 1450 1451
          1452 1453 1454 1455 1456 1457
          1458 1459 1460 1461 1462 1463
          1464 1465 1466 1467 1468 1469
          1470 1471 1472 1473 1474 1475
          1476 1477 1478 1479 1480 1481
          1482 1483 1484 1485 1486 1487
          1488 1489 1490 1491 1492 1493
          1494 1495 1496 1497 1498 1499
          1500 1501 1502 1503 1504 1505
          1506 1507 1508 1509 1510 1511
          1512 1513 1514 1515 1516 1517
          1518 1519 1520 1521 1522 1523
          1524 1525 1526 1527 1528 1529
          1530 1531 1532 1533 1534 1535
          1536 1537 1538 1539 1540 1541
          1542 1543 1544 1545 1546 1547
          1548 1549 1550 1551 1552 1553
          1554 1555 1556 1557 1558 1559
          1560 1561 1562 1563 1564 1565
          1566 1567 1568 1569 1570 1571
          1572 1573 1574 1575 1576 1577
          1578 1579 1580 1581 1582 1583
          1584 1585 1586 1587 1588 1589
          1590 1591 1592 1593 1594 1595
          1596 1597 1598 1599 1600 1601
          1602 1603 1604 1605 1606 1607
          1608 1609 1610 1611 1612 1613
          1614 1615 1616 1617 1618 1619
          1620 1621 1622 1623 1624 1625
          1626 1627 1628 1629 1630 1631
          1632 1633 1634 1635 1636 1637
          1638 1639 1640 1641 1642 1643
          1644 1645 1646 1647 1648 1649
          1650 1651 1652 1653 1654 1655
          1656 1657 1658 1659 1660 1661
          1662 1663 1664 1665 1666 1667
          1668 1669 1670 1671 1672 1673
          1674 1675 1676 1677 1678 1679
          1680 1681 1682 1683 1684 1685
          1686 1687 1688 1689 1690 1691
          1692 1693 1694 1695 1696 1697
          1698 1699 1700 1701 1702 1703
          1704 1705 1706 1707 1708 1709
          1710 1711 1712 1713 1714 1715
          1716 1717 1718 1719 1720 1721
          1722 1723 1724 1725 1726 1727
          1728 1729 1730 1731 1732 1733
          1734 1735 1736 1737 1738 1739
          1740 1741 1742 1743 1744 1745
          1746 1747 1748 1749 1750 1751
          1752 1753 1754 1755 1756 1757
          1758 1759 1760 1761 1762 1763
          1764 1765 1766 1767 1768 1769
          1770 1771 1772 1773 1774 1775
          1776 1777 1778 1779 1780 1781
          1782 1783 1784 1785 1786 1787
          1788 1789 1790 1791 1792 1793
          1794 1795 1796 1797 1798 1799
          1800 1801 1802 1803 1804 1805
          1806 1807 1808 1809 1810 1811
          1812 1813 1814 1815 1816 1817
          1818 1819 1820 1821 1822 1823
          1824 1825 1826 1827 1828 1829
          1830 1831 1832 1833 1834 1835
          1836 1837 1838 1839 1840 1841
          1842 1843 1844 1845 1846 1847
          1848 1849 1850 1851 1852 1853
          1854 1855 1856 1857 1858 1859
          1860 1861 1862 1863 1864 1865
          1866 1867 1868 1869 1870 1871
          1872 1873 1874 1875 1876 1877
          1878 1879 1880 1881 1882 1883
          1884 1885 1886 1887 1888 1889
          1890 1891 1892 1893 1894 1895
          1896 1897 1898 1899 1900 1901
          1902 1903 1904 1905 1906 1907
          1908 1909 1910 1911 1912 1913
          1914 1915 1916 1917 1918 1919
          1920 1921 1922 1923 1924 1925
          1926 1927 1928 1929 1930 1931
          1932 1933 1934 1935 1936 1937
          1938 1939 1940 1941 1942 1943
          1944 1945 1946 1947 1948 1949
          1950 1951 1952 1953 1954 1955
          1956 1957 1958 1959 1960 1961
          1962 1963 1964 1965 1966 1967
          1968 1969 1970 1971 1972 1973
          1974 1975 1976 1977 1978 1979
          1980 1981 1982 1983 1984 1985
          1986 1987 1988 1989 1990 1991
          1992 1993 1994 1995 1996 1997
          1998 1999 2000 2001 2002 2003
          2004 2005 2006 2007 2008 2009
          2010 2011 2012 2013 2014 2015
          2016 2017 2018 2019 2020 2021
          2022 2023 2024 2025 2026 2027
          2028 2029 2030 2031 2032 2033
          2034 2035 2036 2037 2038 2039
          2040 2041 2042 2043 2044 2045
          2046 2047 2048 2049 2050 2051
          2052 2053 2054 2055 2056 2057
          2058 2059 2060 2061 2062 2063
          2064 2065 2066 2067 2068 2069
          2070 2071 2072 2073 2074 2075
          2076 2077 2078 2079 2080 2081
          2082 2083 2084 2085 2086 2087
          2088 2089 2090 2091 2092 2093
          2094 2095 2096 2097 2098 2099
          2100 2101 2102 2103 2104 2105
          2106 2107 2108 2109 2110 2111
          2112 2113 2114 2115 2116 2117
          2118 2119 2120 2121 2122 2123
          2124 2125 2126 2127 2128 2129
          2130 2131 2132 2133 2134 2135
          2136 2137 2138 2139 2140 2141
          2142 2143 2144 2145 2146 2147
          2148 2149 2150 2151 2152 2153
          2154 2155 2156 2157 2158 2159
          2160 2161 2162 2163 2164 2165
          2166 2167 2168 2169 2170 2171
          2172 2173 2174 2175 2176 2177
          2178 2179 2180 2181 2182 2183
          2184 2185 2186 2187 2188 2189
          2190 2191 2192 2193 2194 2195
          2196 2197 2198 2199 2200 2201
          2202 2203 2204 2205 2206 2207
          2208 2209 2210 2211 2212 2213
          2214 2215 2216 2217 2218 2219
          2220 2221 2222 2223 2224 2225
          2226 2227 2228 2229 2230 2231
          2232 2233 2234 2235 2236 2237
          2238 2239 2240 2241 2242 2243
          2244 2245 2246 2247 2248 2249
          2250 2251 2252 2253 2254 2255
          2256 2257 2258 2259 2260 2261
          2262 2263 2264 2265 2266 2267
          2268 2269 2270 2271 2272 2273
          2274 2275 2276 2277 2278 2279
          2280 2281 2282 2283 2284 2285
          2286 2287 2288 2289 2290 2291
          2292 2293 2294 2295 2296 2297
          2298 2299 2300 2301 2302 2303
          2304 2305 2306 2307 2308 2309
          2310 2311 2312 2313 2314 2315
          2316 2317 2318 2319 2320 2321
          2322 2323 2324 2325 2326 2327
          2328 2329 2330 2331 2332 2333
          2334 2335 2336 2337 2338 2339
          2340 2341 2342 2343 2344 2345
          2346 2347 2348 2349 2350 2351
          2352 2353 2354 2355 2356 2357
          2358 2359 2360 2361 2362 2363
          2364 2365 2366 2367 2368 2369
          2370 2371 2372 2373 2374 2375
          2376 2377 2378 2379 2380 2381
          2382 2383 2384 2385 2386 2387
          2388 2389 2390 2391 2392 2393
          2394 2395 2396 2397 2398 2399
          2400 2401 2402 2403 2404 2405
          2406 2407 2408 2409 2410 2411
          2412 2413 2414 2415 2416 2417
          2418 2419 2420 2421 2422 2423
          2424 2425 2426 2427 2428 2429
          2430 2431 2432 2433 2434 2435
          2436 2437 2438 2439 2440 2441
          2442 2443 2444 2445 2446 2447
          2448 2449 2450 2451 2452 2453
          2454 2455 2456 2457 2458 2459
          2460 2461 2462 2463 2464 2465
          2466 2467 2468 2469 2470 2471
          2472 2473 2474 2475 2476 2477
          2478 2479 2480 2481 2482 2483
          2484 2485 2486 2487 2488 2489
          2490 2491 2492 2493 2494 2495
          2496 2497 2498 2499 2500 2501
          2502 2503 2504 2505 2506 2507
          2508 2509 2510 2511 2512 2513
          2514 2515 2516 2517 2518 2519
          2520 2521 2522 2523 2524 2525
          2526 2527 2528 2529 2530 2531
          2532 2533 2534 2535 2536 2537
          2538 2539 2540 2541 2542 2543
          2544 2545 2546 2547 2548 2549
          2550 2551 2552 2553 2554 2555
          2556 2557 2558 2559 2560 2561
          2562 2563 2564 2565 2566 2567
          2568 2569 2570 2571 2572 2573
          2574 2575 2576 2577 2578 2579
          2580 2581 2582 2583 2584 2585
          2586 2587 2588 2589
        </DataArray>
        <DataArray type="Int64" Name="offsets" format="ascii" RangeMin="1" RangeMax="2590">
          1 2 3 4 5 6
          7 8 9 10 11 12
          13 14 15 16 17 18
          19 20 21 22 23 24
          25 26 27 28 29 30
          31 32 33 34 35 36
          37 38 39 40 41 42
          43 44 45 46 47 48
          49 50 51 52 53 54
          55 56 57 58 59 60
          61 62 63 64 65 66
          67 68 69 70 71 72
          73 74 75 76 77 78
          79 80 81 82 83 84
          85 86 87 88 89 90
          91 92 93 94 95 96
          97 98 99 100 101 102
          103 104 105 106 107 108
          109 110 111 112 113 114
          115 116 117 118 119 120
          121 122 123 124 125 126
          127 128 129 130 131 132
          133 134 135 136 137 138
          139 140 141 142 143 144
          145 146 147 148 149 150
          151 152 153 154 155 156
          157 158 159 160 161 162
          163 164 165 166 167 168
          169 170 171 172 173 174
          175 176 177 178 179 180
          181 182 183 184 185 186
          187 188 189 190 191 192
          193 194 195 196 197 198
          199 200 201 202 203 204
          205 206 207 208 209 210
          211 212 213 214 215 216
          217 218 219 220 221 222
          223 224 225 226 227 228
          229 230 231 232 233 234
          235 236 237 238 239 240
          241 242 243 244 245 246
          247 248 249 250 251 252
          253 254 255 256 257 258
          259 260 261 262 263 264
          265 266 267 268 269 270
          271 272 273 274 275 276
          277 278 279 280 281 282
          283 284 285 286 287 288
          289 290 291 292 293 294
          295 296 297 298 299 300
          301 302 303 304 305 306
          307 308 309 310 311 312
          313 314 315 316 317 318
          319 320 321 322 323 324
          325 326 327 328 329 330
          331 332 333 334 335 336
          337 338 339 340 341 342
          343 344 345 346 347 348
          349 350 351 352 353 354
          355 356 357 358 359 360
          361 362 363 364 365 366
          367 368 369 370 371 372
          373 374 375 376 377 378
          379 380 381 382 383 384
          385 386 387 388 389 390
          391 392 393 394 395 396
          397 398 399 400 401 402
          403 404 405 406 407 408
          409 410 411 412 413 414
          415 416 417 418 419 420
          421 422 423 424 425 426
          427 428 429 430 431 432
          433 434 435 436 437 438
          439 440 441 442 443 444
          445 446 447 448 449 450
          451 452 453 454 455 456
          457 458 459 460 461 462
          463 464 465 466 467 468
          469 470 471 472 473 474
          475 476 477 478 479 480
          481 482 483 484 485 486
          487 488 489 490 491 492
          493 494 495 496 497 498
          499 500 501 502 503 504
          505 506 507 508 509 510
          511 512 513 514 515 516
          517 518 519 520 521 522
          523 524 525 526 527 528
          529 530 531 532 533 534
          535 536 537 538 539 540
          541 542 543 544 545 546
          547 548 549 550 551 552
          553 554 555 556 557 558
          559 560 561 562 563 564
          565 566 567 568 569 570
          571 572 573 574 575 576
          577 578 579 580 581 582
          583 584 585 586 587 588
          589 590 591 592 593 594
          595 596 597 598 599 600
          601 602 603 604 605 606
          607 608 609 610 611 612
          613 614 615 616 617 618
          619 620 621 622 623 624
          625 626 627 628 629 630
          631 632 633 634 635 636
          637 638 639 640 641 642
          643 644 645 646 647 648
          649 650 651 652 653 654
          655 656 657 658 659 660
          661 662 663 664 665 666
          667 668 669 670 671 672
          673 674 675 676 677 678
          679 680 681 682 683 684
          685 686 687 688 689 690
          691 692 693 694 695 696
          697 698 699 700 701 702
          703 704 705 706 707 708
          709 710 711 712 713 714
          715 716 717 718 719 720
          721 722 723 724 725 726
          727 728 729 730 731 732
          733 734 735 736 737 738
          739 740 741 742 743 744
          745 746 747 748 749 750
          751 752 753 754 755 756
          757 758 759 760 761 762
          763 764 765 766 767 768
          769 770 771 772 773 774
          775 776 777 778 779 780
          781 782 783 784 785 786
          787 788 789 790 791 792
          793 794 795 796 797 798
          799 800 801 802 803 804
          805 806 807 808 809 810
          811 812 813 814 815 816
          817 818 819 820 821 822
          823 824 825 826 827 828
          829 830 831 832 833 834
          835 836 837 838 839 840
          841 842 843 844 845 846
          847 848 849 850 851 852
          853 854 855 856 857 858
          859 860 861 862 863 864
          865 866 867 868 869 870
          871 872 873 874 875 876
          877 878 879 880 881 882
          883 884 885 886 887 888
          889 890 891 892 893 894
          895 896 897 898 899 900
          901 902 903 904 905 906
          907 908 909 910 911 912
          913 914 915 916 917 918
          919 920 921 922 923 924
          925 926 927 928 929 930
          931 932 933 934 935 936
          937 938 939 940 941 942
          943 944 945 946 947 948
          949 950 951 952 953 954
          955 956 957 958 959 960
          961 962 963 964 965 966
          967 968 969 970 971 972
          973 974 975 976 977 978
          979 980 981 982 983 984
          985 986 987 988 989 990
          991 992 993 994 995 996
          997 998 999 1000 1001 1002
          1003 1004 1005 1006 1007 1008
          1009 1010 1011 1012 1013 1014
          1015 1016 1017 1018 1019 1020
          1021 1022 1023 1024 1025 1026
          1027 1028 1029 1030 1031 1032
          1033 1034 1035 1036 1037 1038
          1039 1040 1041 1042 1043 1044
          1045 1046 1047 1048 1049 1050
          1051 1052 1053 1054 1055 1056
          1057 1058 1059 1060 1061 1062
          1063 1064 1065 1066 1067 1068
          1069 1070 1071 1072 1073 1074
          1075 1076 1077 1078 1079 1080
          1081 1082 1083 1084 1085 1086
          1087 1088 1089 1090 1091 1092
          1093 1094 1095 1096 1097 1098
          1099 1100 1101 1102 1103 1104
          1105 1106 1107 1108 1109 1110
          1111 1112 1113 1114 1115 1116
          1117 1118 1119 1120 1121 1122
          1123 1124 1125 1126 1127 1128
          1129 1130 1131 1132 1133 1134
          1135 1136 1137 1138 1139 1140
          1141 1142 1143 1144 1145 1146
          1147 1148 1149 1150 1151 1152
          1153 1154 1155 1156 1157 1158
          1159 1160 1161 1162 1163 1164
          1165 1166 1167 1168 1169 1170
          1171 1172 1173 1174 1175 1176
          1177 1178 1179 1180 1181 1182
          1183 1184 1185 1186 1187 1188
          1189 1190 1191 1192 1193 1194
          1195 1196 1197 1198 1199 1200
          1201 1202 1203 1204 1205 1206
          1207 1208 1209 1210 1211 1212
          1213 1214 1215 1216 1217 1218
          1219 1220 1221 1222 1223 1224
          1225 1226 1227 1228 1229 1230
          1231 1232 1233 1234 1235 1236
          1237 1238 1239 1240 1241 1242
          1243 1244 1245 1246 1247 1248
          1249 1250 1251 1252 1253 1254
          1255 1256 1257 1258 1259 1260
          1261 1262 1263 1264 1265 1266
          1267 1268 1269 1270 1271 1272
          1273 1274 1275 1276 1277 1278
          1279 1280 1281 1282 1283 1284
          1285 1286 1287 1288 1289 1290
          1291 1292 1293 1294 1295 1296
          1297 1298 1299 1300 1301 1302
          1303 1304 1305 1306 1307 1308
          1309 1310 1311 1312 1313 1314
          1315 1316 1317 1318 1319 1320
          1321 1322 1323 1324 1325 1326
          1327 1328 1329 1330 1331 1332
          1333 1334 1335 1336 1337 1338
          1339 1340 1341 1342 1343 1344
          1345 1346 1347 1348 1349 1350
          1351 1352 1353 1354 1355 1356
          1357 1358 1359 1360 1361 1362
          1363 1364 1365 1366 1367 1368
          1369 1370 1371 1372 1373 1374
          1375 1376 1377 1378 1379 1380
          1381 1382 1383 1384 1385 1386
          1387 1388 1389 1390 1391 1392
          1393 1394 1395 1396 1397 1398
          1399 1400 1401 1402 1403 1404
          1405 1406 1407 1408 1409 1410
          1411 1412 1413 1414 1415 1416
          1417 1418 1419 1420 1421 1422
          1423 1424 1425 1426 1427 1428
          1429 1430 1431 1432 1433 1434
          1435 1436 1437 1438 1439 1440
          1441 1442 1443 1444 1445 1446
          1447 1448 1449 1450 1451 1452
          1453 1454 1455 1456 1457 1458
          1459 1460 1461 1462 1463 1464
          1465 1466 1467 1468 1469 1470
          1471 1472 1473 1474 1475 1476
          1477 1478 1479 1480 1481 1482
          1483 1484 1485 1486 1487 1488
          1489 1490 1491 1492 1493 1494
          1495 1496 1497 1498 1499 1500
          1501 1502 1503 1504 1505 1506
          1507 1508 1509 1510 1511 1512
          1513 1514 1515 1516 1517 1518
          1519 1520 1521 1522 1523 1524
          1525 1526 1527 1528 1529 1530
          1531 1532 1533 1534 1535 1536
          1537 1538 1539 1540 1541 1542
          1543 1544 1545 1546 1547 1548
          1549 1550 1551 1552 1553 1554
          1555 1556 1557 1558 1559 1560
          1561 1562 1563 1564 1565 1566
          1567 1568 1569 1570 1571 1572
          1573 1574 1575 1576 1577 1578
          1579 1580 1581 1582 1583 1584
          1585 1586 1587 1588 1589 1590
          1591 1592 1593 1594 1595 1596
          1597 1598 1599 1600 1601 1602
          1603 1604 1605 1606 1607 1608
          1609 1610 1611 1612 1613 1614
          1615 1616 1617 1618 1619 1620
          1621 1622 1623 1624 1625 1626
          1627 1628 1629 1630 1631 1632
          1633 1634 1635 1636 1637 1638
          1639 1640 1641 1642 1643 1644
          1645 1646 1647 1648 1649 1650
          1651 1652 1653 1654 1655 1656
          1657 1658 1659 1660 1661 1662
          1663 1664 1665 1666 1667 1668
          1669 1670 1671 1672 1673 1674
          1675 1676 1677 1678 1679 1680
          1681 1682 1683 1684 1685 1686
          1687 1688 1689 1690 1691 1692
          1693 1694 1695 1696 1697 1698
          1699 1700 1701 1702 1703 1704
          1705 1706 1707 1708 1709 1710
          1711 1712 1713 1714 1715 1716
          1717 1718 1719 1720 1721 1722
          1723 1724 1725 1726 1727 1728
          1729 1730 1731 1732 1733 1734
          1735 1736 1737 1738 1739 1740
          1741 1742 1743 1744 1745 1746
          1747 1748 1749 1750 1751 1752
          1753 1754 1755 1756 1757 1758
          1759 1760 1761 1762 1763 1764
          1765 1766 1767 1768 1769 1770
          1771 1772 1773 1774 1775 1776
          1777 1778 1779 1780 1781 1782
          1783 1784 1785 1786 1787 1788
          1789 1790 1791 1792 1793 1794
          1795 1796 1797 1798 1799 1800
          1801 1802 1803 1804 1805 1806
          1807 1808 1809 1810 1811 1812
          1813 1814 1815 1816 1817 1818
          1819 1820 1821 1822 1823 1824
          1825 1826 1827 1828 1829 1830
          1831 1832 1833 1834 1835 1836
          1837 1838 1839 1840 1841 1842
          1843 1844 1845 1846 1847 1848
          1849 1850 1851 1852 1853 1854
          1855 1856 1857 1858 1859 1860
          1861 1862 1863 1864 1865 1866
          1867 1868 1869 1870 1871 1872
          1873 1874 1875 1876 1877 1878
          1879 1880 1881 1882 1883 1884
          1885 1886 1887 1888 1889 1890
          1891 1892 1893 1894 1895 1896
          1897 1898 1899 1900 1901 1902
          1903 1904 1905 1906 1907 1908
          1909 1910 1911 1912 1913 1914
          1915 1916 1917 1918 1919 1920
          1921 1922 1923 1924 1925 1926
          1927 1928 1929 1930 1931 1932
          1933 1934 1935 1936 1937 1938
          1939 1940 1941 1942 1943 1944
          1945 1946 1947 1948 1949 1950
          1951 1952 1953 1954 1955 1956
          1957 1958 1959 1960 1961 1962
          1963 1964 1965 1966 1967 1968
          1969 1970 1971 1972 1973 1974
          1975 1976 1977 1978 1979 1980
          1981 1982 1983 1984 1985 1986
          1987 1988 1989 1990 1991 1992
          1993 1994 1995 1996 1997 1998
          1999 2000 2001 2002 2003 2004
          2005 2006 2007 2008 2009 2010
          2011 2012 2013 2014 2015 2016
          2017 2018 2019 2020 2021 2022
          2023 2024 2025 2026 2027 2028
          2029 2030 2031 2032 2033 2034
          2035 2036 2037 2038 2039 2040
          2041 2042 2043 2044 2045 2046
          2047 2048 2049 2050 2051 2052
          2053 2054 2055 2056 2057 2058
          2059 2060 2061 2062 2063 2064
          2065 2066 2067 2068 2069 2070
          2071 2072 2073 2074 2075 2076
          2077 2078 2079 2080 2081 2082
          2083 2084 2085 2086 2087 2088
          2089 2090 2091 2092 2093 2094
          2095 2096 2097 2098 2099 2100
          2101 2102 2103 2104 2105 2106
          2107 2108 2109 2110 2111 2112
          2113 2114 2115 2116 2117 2118
          2119 2120 2121 2122 2123 2124
          2125 2126 2127 2128 2129 2130
          2131 2132 2133 2134 2135 2136
          2137 2138 2139 2140 2141 2142
          2143 2144 2145 2146 2147 2148
          2149 2150 2151 2152 2153 2154
          2155 2156 2157 2158 2159 2160
          2161 2162 2163 2164 2165 2166
          2167 2168 2169 2170 2171 2172
          2173 2174 2175 2176 2177 2178
          2179 2180 2181 2182 2183 2184
          2185 2186 2187 2188 2189 2190
          2191 2192 2193 2194 2195 2196
          2197 2198 2199 2200 2201 2202
          2203 2204 2205 2206 2207 2208
          2209 2210 2211 2212 2213 2214
          2215 2216 2217 2218 2219 2220
          2221 2222 2223 2224 2225 2226
          2227 2228 2229 2230 2231 2232
          2233 2234 2235 2236 2237 2238
          2239 2240 2241 2242 2243 2244
          2245 2246 2247 2248 2249 2250
          2251 2252 2253 2254 2255 2256
          2257 2258 2259 2260 2261 2262
          2263 2264 2265 2266 2267 2268
          2269 2270 2271 2272 2273 2274
          2275 2276 2277 2278 2279 2280
          2281 2282 2283 2284 2285 2286
          2287 2288 2289 2290 2291 2292
          2293 2294 2295 2296 2297 2298
          2299 2300 2301 2302 2303 2304
          2305 2306 2307 2308 2309 2310
          2311 2312 2313 2314 2315 2316
          2317 2318 2319 2320 2321 2322
          2323 2324 2325 2326 2327 2328
          2329 2330 2331 2332 2333 2334
          2335 2336 2337 2338 2339 2340
          2341 2342 2343 2344 2345 2346
          2347 2348 2349 2350 2351 2352
          2353 2354 2355 2356 2357 2358
          2359 2360 2361 2362 2363 2364
          2365 2366 2367 2368 2369 2370
          2371 2372 2373 2374 2375 2376
          2377 2378 2379 2380 2381 2382
          2383 2384 2385 2386 2387 2388
          2389 2390 2391 2392 2393 2394
          2395 2396 2397 2398 2399 2400
          2401 2402 2403 2404 2405 2406
          2407 2408 2409 2410 2411 2412
          2413 2414 2415 2416 2417 2418
          2419 2420 2421 2422 2423 2424
          2425 2426 2427 2428 2429 2430
          2431 2432 2433 2434 2435 2436
          2437 2438 2439 2440 2441 2442
          2443 2444 2445 2446 2447 2448
          2449 2450 2451 2452 2453 2454
          2455 2456 2457 2458 2459 2460
          2461 2462 2463 2464 2465 2466
          2467 2468 2469 2470 2471 2472
          2473 2474 2475 2476 2477 2478
          2479 2480 2481 2482 2483 2484
          2485 2486 2487 2488 2489 2490
          2491 2492 2493 2494 2495 2496
          2497 2498 2499 2500 2501 2502
          2503 2504 2505 2506 2507 2508
          2509 2510 2511 2512 2513 2514
          2515 2516 2517 2518 2519 2520
          2521 2522 2523 2524 2525 2526
          2527 2528 2529 2530 2531 2532
          2533 2534 2535 2536 2537 2538
          2539 2540 2541 2542 2543 2544
          2545 2546 2547 2548 2549 2550
          2551 2552 2553 2554 2555 2556
          2557 2558 2559 2560 2561 2562
          2563 2564 2565 2566 2567 2568
          2569 2570 2571 2572 2573 2574
          2575 2576 2577 2578 2579 2580
          2581 2582 2583 2584 2585 2586
          2587 2588 2589 2590
        </DataArray>
        <DataArray type="UInt8" Name="types" format="ascii" RangeMin="1" RangeMax="1">
          1 1 1 1 1 1
          1 1 1 1 1 1
          1 1 1 1 1 1
          1 1 1 1 1 1
          1 1 1 1 1 1
          1 1 1 1 1 1
          1 1 1 1 1 1
          1 1 1 1 1 1
          1 1 1 1 1 1
          1 1 1 1 1 1
          1 1 1 1 1 1
          1 1 1 1 1 1
          1 1 1 1 1 1
          1 1 1 1 1 1
          1 1 1 1 1 1
          1 1 1 1 1 1
          1 1 1 1 1 1
          1 1 1 1 1 1
          1 1 1 1 1 1
          1 1 1 1 1 1
          1 1 1 1 1 1
          1 1 1 1 1 1
          1 1 1 1 1 1
          1 1 1 1 1 1
          1 1 1 1 1 1
          1 1 1 1 1 1
          1 1 1 1 1 1
          1 1 1 1 1 1
          1 1 1 1 1 1
          1 1 1 1 1 1
          1 1 1 1 1 1
          1 1 1 1 1 1
          1 1 1 1 1 1
          1 1 1 1 1 1
          1 1 1 1 1 1
          1 1 1 1 1 1
          1 1 1 1 1 1
          1 1 1 1 1 1
          1 1 1 1 1 1
          1 1 1 1 1 1
          1 1 1 1 1 1
          1 1 1 1 1 1
          1 1 1 1 1 1
          1 1 1 1 1 1
          1 1 1 1 1 1
          1 1 1 1 1 1
          1 1 1 1 1 1
          1 1 1 1 1 1
          1 1 1 1 1 1
          1 1 1 1 1 1
          1 1 1 1 1 1
          1 1 1 1 1 1
          1 1 1 1 1 1
          1 1 1 1 1 1
          1 1 1 1 1 1
          1 1 1 1 1 1
          1 1 1 1 1 1
          1 1 1 1 1 1
          1 1 1 1 1 1
          1 1 1 1 1 1
          1 1 1 1 1 1
          1 1 1 1 1 1
          1 1 1 1 1 1
          1 1 1 1 1 1
          1 1 1 1 1 1
          1 1 1 1 1 1
          1 1 1 1 1 1
          1 1 1 1 1 1
          1 1 1 1 1 1
          1 1 1 1 1 1
          1 1 1 1 1 1
          1 1 1 1 1 1
          1 1 1 1 1 1
          1 1 1 1 1 1
          1 1 1 1 1 1
          1 1 1 1 1 1
          1 1 1 1 1 1
          1 1 1 1 1 1
          1 1 1 1 1 1
          1 1 1 1 1 1
          1 1 1 1 1 1
          1 1 1 1 1 1
          1 1 1 1 1 1
          1 1 1 1 1 1
          1 1 1 1 1 1
          1 1 1 1 1 1
          1 1 1 1 1 1
          1 1 1 1 1 1
          1 1 1 1 1 1
          1 1 1 1 1 1
          1 1 1 1 1 1
          1 1 1 1 1 1
          1 1 1 1 1 1
          1 1 1 1 1 1
          1 1 1 1 1 1
          1 1 1 1 1 1
          1 1 1 1 1 1
          1 1 1 1 1 1
          1 1 1 1 1 1
          1 1 1 1 1 1
          1 1 1 1 1 1
          1 1 1 1 1 1
          1 1 1 1 1 1
          1 1 1 1 1 1
          1 1 1 1 1 1
          1 1 1 1 1 1
          1 1 1 1 1 1
          1 1 1 1 1 1
          1 1 1 1 1 1
          1 1 1 1 1 1
          1 1 1 1 1 1
          1 1 1 1 1 1
          1 1 1 1 1 1
          1 1 1 1 1 1
          1 1 1 1 1 1
          1 1 1 1 1 1
          1 1 1 1 1 1
          1 1 1 1 1 1
          1 1 1 1 1 1
          1 1 1 1 1 1
          1 1 1 1 1 1
          1 1 1 1 1 1
          1 1 1 1 1 1
          1 1 1 1 1 1
          1 1 1 1 1 1
          1 1 1 1 1 1
          1 1 1 1 1 1
          1 1 1 1 1 1
          1 1 1 1 1 1
          1 1 1 1 1 1
          1 1 1 1 1 1
          1 1 1 1 1 1
          1 1 1 1 1 1
          1 1 1 1 1 1
          1 1 1 1 1 1
          1 1 1 1 1 1
          1 1 1 1 1 1
          1 1 1 1 1 1
          1 1 1 1 1 1
          1 1 1 1 1 1
          1 1 1 1 1 1
          1 1 1 1 1 1
          1 1 1 1 1 1
          1 1 1 1 1 1
          1 1 1 1 1 1
          1 1 1 1 1 1
          1 1 1 1 1 1
          1 1 1 1 1 1
          1 1 1 1 1 1
          1 1 1 1 1 1
          1 1 1 1 1 1
          1 1 1 1 1 1
          1 1 1 1 1 1
          1 1 1 1 1 1
          1 1 1 1 1 1
          1 1 1 1 1 1
          1 1 1 1 1 1
          1 1 1 1 1 1
          1 1 1 1 1 1
          1 1 1 1 1 1
          1 1 1 1 1 1
          1 1 1 1 1 1
          1 1 1 1 1 1
          1 1 1 1 1 1
          1 1 1 1 1 1
          1 1 1 1 1 1
          1 1 1 1 1 1
          1 1 1 1 1 1
          1 1 1 1 1 1
          1 1 1 1 1 1
          1 1 1 1 1 1
          1 1 1 1 1 1
          1 1 1 1 1 1
          1 1 1 1 1 1
          1 1 1 1 1 1
          1 1 1 1 1 1
          1 1 1 1 1 1
          1 1 1 1 1 1
          1 1 1 1 1 1
          1 1 1 1 1 1
          1 1 1 1 1 1
          1 1 1 1 1 1
          1 1 1 1 1 1
          1 1 1 1 1 1
          1 1 1 1 1 1
          1 1 1 1 1 1
          1 1 1 1 1 1
          1 1 1 1 1 1
          1 1 1 1 1 1
          1 1 1 1 1 1
          1 1 1 1 1 1
          1 1 1 1 1 1
          1 1 1 1 1 1
          1 1 1 1 1 1
          1 1 1 1 1 1
          1 1 1 1 1 1
          1 1 1 1 1 1
          1 1 1 1 1 1
          1 1 1 1 1 1
          1 1 1 1 1 1
          1 1 1 1 1 1
          1 1 1 1 1 1
          1 1 1 1 1 1
          1 1 1 1 1 1
          1 1 1 1 1 1
          1 1 1 1 1 1
          1 1 1 1 1 1
          1 1 1 1 1 1
          1 1 1 1 1 1
          1 1 1 1 1 1
          1 1 1 1 1 1
          1 1 1 1 1 1
          1 1 1 1 1 1
          1 1 1 1 1 1
          1 1 1 1 1 1
          1 1 1 1 1 1
          1 1 1 1 1 1
          1 1 1 1 1 1
          1 1 1 1 1 1
          1 1 1 1 1 1
          1 1 1 1 1 1
          1 1 1 1 1 1
          1 1 1 1 1 1
          1 1 1 1 1 1
          1 1 1 1 1 1
          1 1 1 1 1 1
          1 1 1 1 1 1
          1 1 1 1 1 1
          1 1 1 1 1 1
          1 1 1 1 1 1
          1 1 1 1 1 1
          1 1 1 1 1 1
          1 1 1 1 1 1
          1 1 1 1 1 1
          1 1 1 1 1 1
          1 1 1 1 1 1
          1 1 1 1 1 1
          1 1 1 1 1 1
          1 1 1 1 1 1
          1 1 1 1 1 1
          1 1 1 1 1 1
          1 1 1 1 1 1
          1 1 1 1 1 1
          1 1 1 1 1 1
          1 1 1 1 1 1
          1 1 1 1 1 1
          1 1 1 1 1 1
          1 1 1 1 1 1
          1 1 1 1 1 1
          1 1 1 1 1 1
          1 1 1 1 1 1
          1 1 1 1 1 1
          1 1 1 1 1 1
          1 1 1 1 1 1
          1 1 1 1 1 1
          1 1 1 1 1 1
          1 1 1 1 1 1
          1 1 1 1 1 1
          1 1 1 1 1 1
          1 1 1 1 1 1
          1 1 1 1 1 1
          1 1 1 1 1 1
          1 1 1 1 1 1
          1 1 1 1 1 1
          1 1 1 1 1 1
          1 1 1 1 1 1
          1 1 1 1 1 1
          1 1 1 1 1 1
          1 1 1 1 1 1
          1 1 1 1 1 1
          1 1 1 1 1 1
          1 1 1 1 1 1
          1 1 1 1 1 1
          1 1 1 1 1 1
          1 1 1 1 1 1
          1 1 1 1 1 1
          1 1 1 1 1 1
          1 1 1 1 1 1
          1 1 1 1 1 1
          1 1 1 1 1 1
          1 1 1 1 1 1
          1 1 1 1 1 1
          1 1 1 1 1 1
          1 1 1 1 1 1
          1 1 1 1 1 1
          1 1 1 1 1 1
          1 1 1 1 1 1
          1 1 1 1 1 1
          1 1 1 1 1 1
          1 1 1 1 1 1
          1 1 1 1 1 1
          1 1 1 1 1 1
          1 1 1 1 1 1
          1 1 1 1 1 1
          1 1 1 1 1 1
          1 1 1 1 1 1
          1 1 1 1 1 1
          1 1 1 1 1 1
          1 1 1 1 1 1
          1 1 1 1 1 1
          1 1 1 1 1 1
          1 1 1 1 1 1
          1 1 1 1 1 1
          1 1 1 1 1 1
          1 1 1 1 1 1
          1 1 1 1 1 1
          1 1 1 1 1 1
          1 1 1 1 1 1
          1 1 1 1 1 1
          1 1 1 1 1 1
          1 1 1 1 1 1
          1 1 1 1 1 1
          1 1 1 1 1 1
          1 1 1 1 1 1
          1 1 1 1 1 1
          1 1 1 1 1 1
          1 1 1 1 1 1
          1 1 1 1 1 1
          1 1 1 1 1 1
          1 1 1 1 1 1
          1 1 1 1 1 1
          1 1 1 1 1 1
          1 1 1 1 1 1
          1 1 1 1 1 1
          1 1 1 1 1 1
          1 1 1 1 1 1
          1 1 1 1 1 1
          1 1 1 1 1 1
          1 1 1 1 1 1
          1 1 1 1 1 1
          1 1 1 1 1 1
          1 1 1 1 1 1
          1 1 1 1 1 1
          1 1 1 1 1 1
          1 1 1 1 1 1
          1 1 1 1 1 1
          1 1 1 1 1 1
          1 1 1 1 1 1
          1 1 1 1 1 1
          1 1 1 1 1 1
          1 1 1 1 1 1
          1 1 1 1 1 1
          1 1 1 1 1 1
          1 1 1 1 1 1
          1 1 1 1 1 1
          1 1 1 1 1 1
          1 1 1 1 1 1
          1 1 1 1 1 1
          1 1 1 1 1 1
          1 1 1 1 1 1
          1 1 1 1 1 1
          1 1 1 1 1 1
          1 1 1 1 1 1
          1 1 1 1 1 1
          1 1 1 1 1 1
          1 1 1 1 1 1
          1 1 1 1 1 1
          1 1 1 1 1 1
          1 1 1 1 1 1
          1 1 1 1 1 1
          1 1 1 1 1 1
          1 1 1 1 1 1
          1 1 1 1 1 1
          1 1 1 1 1 1
          1 1 1 1 1 1
          1 1 1 1 1 1
          1 1 1 1 1 1
          1 1 1 1 1 1
          1 1 1 1 1 1
          1 1 1 1 1 1
          1 1 1 1 1 1
          1 1 1 1 1 1
          1 1 1 1 1 1
          1 1 1 1 1 1
          1 1 1 1 1 1
          1 1 1 1 1 1
          1 1 1 1 1 1
          1 1 1 1 1 1
          1 1 1 1 1 1
          1 1 1 1 1 1
          1 1 1 1 1 1
          1 1 1 1 1 1
          1 1 1 1 1 1
          1 1 1 1 1 1
          1 1 1 1 1 1
          1 1 1 1 1 1
          1 1 1 1 1 1
          1 1 1 1 1 1
          1 1 1 1 1 1
          1 1 1 1 1 1
          1 1 1 1 1 1
          1 1 1 1 1 1
          1 1 1 1 1 1
          1 1 1 1 1 1
          1 1 1 1 1 1
          1 1 1 1 1 1
          1 1 1 1 1 1
          1 1 1 1 1 1
          1 1 1 1 1 1
          1 1 1 1 1 1
          1 1 1 1 1 1
          1 1 1 1 1 1
          1 1 1 1 1 1
          1 1 1 1 1 1
          1 1 1 1 1 1
          1 1 1 1 1 1
          1 1 1 1 1 1
          1 1 1 1 1 1
          1 1 1 1 1 1
          1 1 1 1 1 1
          1 1 1 1 1 1
          1 1 1 1 1 1
          1 1 1 1 1 1
          1 1 1 1 1 1
          1 1 1 1 1 1
          1 1 1 1 1 1
          1 1 1 1 1 1
          1 1 1 1 1 1
          1 1 1 1 1 1
          1 1 1 1 1 1
          1 1 1 1 1 1
          1 1 1 1 1 1
          1 1 1 1 1 1
          1 1 1 1 1 1
          1 1 1 1 1 1
          1 1 1 1 1 1
          1 1 1 1 1 1
          1 1 1 1 1 1
          1 1 1 1 1 1
          1 1 1 1 1 1
          1 1 1 1 1 1
          1 1 1 1
        </DataArray>
      </Cells>
    </Piece>
  </UnstructuredGrid>
</VTKFile>
