<VTKFile type="UnstructuredGrid" version="0.1" byte_order="LittleEndian" header_type="UInt32" compressor="vtkZLibDataCompressor">
  <UnstructuredGrid>
    <Piece NumberOfPoints="2468" NumberOfCells="1235">
      <PointData>
        <DataArray type="Int32" Name="ttkVertexScalarField" format="ascii" RangeMin="13" RangeMax="25567">
          20718 23699 4812 19107 4975 4973
          25558 23290 5136 5135 25397 25398
          4649 4650 22993 23475 24594 24915
          13963 9944 11233 12842 11715 11393
          12036 11876 23310 23311 14133 14286
          23801 24601 23002 23483 24581 24911
          24591 24433 11072 11232 14284 14124
          13650 13973 11554 11555 5618 5458
          23638 23318 12197 11878 13489 13649
          23631 23471 20880 20720 22193 22675
          13328 13488 14454 14293 20557 20558
          12358 12357 13167 13327 13812 13811
          21043 20882 21854 21368 12360 12519
          22684 22844 12521 12680 14289 13970
          12841 12681 13162 13322 16702 15739
          21693 21853 12679 12519 14128 14288
          14615 14614 22515 22194 13649 13809
          22354 22355 13005 13006 23159 23000
          15256 14936 15417 15416 16381 16541
          21205 21204 16220 16380 12405 13682
          21530 21531 16059 16060 13004 13164
          13160 13161 22027 22031 21076 21877
          21756 20950 13324 13325 10750 10910
          23488 23486 13798 13799 8665 7701
          21367 21366 1955 3072 24585 24584
          1314 1794 8826 8825 8504 8664
          8342 8343 22510 22352 7222 7062
          22366 22525 8021 8181 24755 24754
          2596 2435 23954 23793 17184 17024
          16100 13369 17506 17504 23476 23477
          22340 22497 15567 15407 17992 17828
          22653 22495 17830 17991 25071 25230
          14278 14119 140 4859 3226 4187
          11548 11388 17230 19315 15939 15940
          17069 17070 22019 22018 10107 9947
          1585 783 19664 19331 1393 917
          25227 24907 19481 20761 10110 10109
          8173 7856 3552 3390 23644 23484
          3391 3392 12030 11870 12566 12565
          23167 23327 22170 22330 23957 23956
          12673 12834 24098 24099 136 137
          19636 19479 15456 15776 25548 25547
          11871 11711 19319 19478 3685 3845
          12675 12676 2912 2593 25384 25385
          12352 12193 23007 23166 25223 25222
          24251 23932 23775 23776 1793 1634
          12353 12354 23156 23315 18834 17871
          25383 25064 24273 23480 24736 24738
          23767 23929 602 127 5487 6120
          1115 950 24589 25070 23450 23451
          2113 1954 16584 16421 22349 22190
          25567 25565 23305 23306 24118 24277
          14174 14494 23133 23131 3209 3369
          515 674 21594 21595 22831 22832
          763 603 22399 22239 3205 3365
          5326 5486 23287 23447 2091 2890
          24577 24578 24415 24417 920 760
          21273 21433 20122 19964 17815 17655
          2410 2250 16745 16744 3236 3076
          3056 3374 19323 19482 24285 23806
          19595 19755 23966 24125 23639 23798
          3556 3396 24429 24430 6730 6570
          23141 23949 19168 19166 22664 22824
          4681 4679 7051 7211 5165 5325
          18297 18137 18458 18298 750 910
          5431 5430 5910 5749 36 196
          3217 3376 2098 1940 1784 1626
          19986 19825 14655 15296 20952 21113
          24767 24766 13531 13852 6078 5754
          4037 4036 6891 6892 6891 6731
          1941 1942 19501 19662 1607 1768
          24733 24732 22679 22678 18619 18618
          21917 21916 5915 5917 23947 23627
          18032 18192 3541 3542 5752 5751
          21232 21714 3221 3381 22666 22827
          22342 22503 16422 16423 20127 20126
          5630 5470 20147 20306 2425 2266
          19329 19328 22238 22078 3555 3394
          4358 4198 2424 2105 18941 18780
          2581 2746 22662 22822 1129 1289
          7555 7395 17817 17657 25551 25391
          1935 2734 607 448 17711 17391
          23786 23461 13692 13691 18140 18139
          2903 2901 17979 17978 1443 1604
          2417 2418 16261 16260 19745 19905
          20309 20148 4842 4841 2905 3065
          5740 5580 23782 23783 651 810
          2875 2874 4519 4359 18460 18300
          20626 20466 3195 3035 19426 19586
          22521 22680 19267 19587 18353 18354
          926 766 971 970 18622 18621
          1867 1710 6382 6384 15135 14975
          19958 19798 19278 19114 19497 19500
          19649 19647 4794 4793 5003 4843
          20603 20443 193 354 19116 19276
          1225 1066 12727 12726 19261 19103
          21674 21835 20278 19800 1139 1619
          20630 20789 2247 2407 6061 5903
          6074 6073 13370 13371 19105 19265
          181 182 19112 19270 20 21
          1287 1288 19333 19495 25539 25378
          20767 21563 19336 19496 21245 21086
          967 1127 497 498 336 337
          20467 20307 6129 6128 24935 24774
          13 333 1546 1388 16906 16746
          6884 7044 7508 7509 16278 16431
          23434 23274 7346 7348 21589 21429
          5322 4517 20628 20468 15777 15778
          5161 5002 5161 5321 7345 7026
          19814 19652 1217 901 1724 1565
          1056 1057 20470 20629 21750 21749
          10415 10257 5000 5160 13853 14013
          15443 15440 4839 4999 23596 23436
          4516 4356 13862 14337 4678 4838
          9931 9932 21270 20951 20631 20790
          6768 6608 21911 21910 14803 14963
          10250 10253 14961 15120 14802 14962
          6023 5056 7412 7570 9769 9770
          10729 10733 6404 6564 10417 10418
          14507 14183 14185 14347 10255 10256
          7733 7573 13048 13047 14346 14345
          1691 1211 6184 6183 21431 21430
          1370 1530 8698 9333 21268 21269
          4121 2839 3960 3961 2017 1698
          9342 9019 25131 23874 19183 19343
          8054 7893 15142 14664 4442 4282
          9181 9341 24647 24968 8859 8858
          9503 9502 20151 20310 1686 1688
          21912 21752 7090 7089 19987 19988
          13453 13460 20462 19821 14100 14103
          21592 21591 4763 4603 9020 9180
          9610 9611 24805 24806 7091 7250
          2019 1701 20138 20297 13779 13782
          6373 6374 6505 6504 20904 21223
          14179 14020 8536 8537 19819 19658
          13458 13456 20312 20471 12176 12177
          25134 25133 3160 3000 15956 16117
          3322 3321 10091 10093 6666 6665
          24643 24644 2811 2652 8375 8374
          12817 12657 17569 17886 21424 21102
          8317 8316 59 692 259 260
          22386 21905 11210 11050 3459 2980
          7892 7891 13679 13680 10569 10571
          55 58 5376 5541 4576 3931
          14095 14097 4415 4575 12819 12659
          2493 2494 2649 2809 12811 12814
          8373 8053 6852 7014 16799 18070
          13138 12979 14657 14656 7013 6853
          24236 24396 18054 18052 3963 3803
          4737 4736 24076 24077 13539 14016
          20582 20583 9334 9495 12171 12172
          13132 13135 9496 9497 16443 16441
          3289 2968 2965 3126 6692 6854
          18538 18375 2163 2004 38 197
          14414 14418 16978 16822 25038 24879
          8851 8850 3768 3608 4732 4733
          8535 8856 6981 6823 9494 9493
          15305 15464 9012 9011 15466 15465
          5380 5379 8855 8695 2333 2334
          7001 6845 3929 3928 11213 11053
          9015 9014 14829 14669 16272 16273
          9016 9017 694 535 9814 9654
          687 199 25440 25121 21339 21181
          9975 9815 17736 17895 848 847
          13940 13941 2328 2013 11045 11047
          12011 12012 17246 18682 16410 16409
          4092 4252 14990 14989 201 523
          13769 13771 15792 16112 4445 4285
          16927 17087 25446 25128 20901 20902
          724 725 362 202 524 525
          14977 14976 18519 18678 18820 18977
          6013 5857 7323 7163 4607 4606
          14501 14500 9985 9984 49 369
          21227 21387 379 378 2640 2801
          14330 13529 14010 14170 14820 14821
          2805 2806 15931 16090 21016 20699
          13294 13295 9269 9109 13700 13859
          5087 4927 87 247 23103 22945
          16567 16407 16190 16191 2641 2643
          16908 20115 4258 3614 17581 18059
          9594 9275 18180 18340 7784 7303
          7623 7624 18839 19157 15932 16091
          7302 7142 10239 9438 22139 22141
          7810 7491 14986 14826 16897 16575
          14895 14899 24230 24071 20475 20474
          20639 20797 5569 5409 17891 17731
          17699 18019 7955 7638 3114 2959
          15471 16108 15934 16093 15216 15220
          15458 15139 20795 20794 367 368
          3277 3117 14492 14332 23424 23426
          22555 22075 23067 22914 23039 22879
          17724 17564 7645 7648 18997 18838
          8590 8272 19782 19622 15147 14987
          15943 15619 10306 10146 18549 19026
          4222 4389 22556 22397 9432 9273
          5537 5538 5692 5695 6950 6159
          15468 15148 4724 4727 5046 5045
          10081 10084 7644 7169 14332 14172
          24703 24545 7327 7326 11913 11911
          5686 5527 7329 7486 14653 14333
          15162 15321 3280 3121 11752 11912
          15621 15782 51 211 17072 16751
          23745 23585 6147 6628 18363 18203
          5665 5826 21018 21019 21979 21980
          23036 22877 17593 17434 7136 6818
          10467 10466 7468 7626 3759 3599
          7433 7111 18041 18200 4240 4402
          2956 2957 1157 1316 16332 16180
          5980 5823 8258 7456 22453 22455
          3890 3729 2789 2950 4051 3891
          20105 20264 21170 21012 19028 18868
          21278 21117 8419 8259 12074 12073
          5175 5505 25025 24707 4914 4754
          21492 21494 23263 23265 12480 12482
          16419 16097 3088 2447 14256 14257
          2627 2628 1807 1646 3761 3441
          7949 7789 17739 18057 6962 6319
          7776 7936 15842 15845 19940 19620
          2441 2281 19619 19459 4372 4211
          11524 11526 5235 5234 20102 20101
          1498 1497 24867 24866 21812 21652
          8923 8605 6815 6339 15613 15773
          4243 4566 7608 7447 4855 4694
          1800 1799 4236 4238 5340 5338
          8107 7787 20375 20216 1802 1801
          547 546 3268 3270 5208 5049
          7792 6674 8269 8111 16988 17148
          7286 7126 18202 18840 226 385
          3403 2922 17747 18545 18175 18336
          4232 4233 7471 7631 15291 15131
          5048 4888 20210 20212 17384 17382
          24657 24816 10721 10882 65 66
          12800 12802 4080 4083 18066 17906
          1974 1655 5365 5366 5024 5184
          5556 5555 16989 16990 15369 15211
          17535 17855 21116 20956 1659 1499
          15537 15538 6966 6965 7975 7974
          14562 14404 7755 7595 8723 8402
          3266 3108 15935 15454 6641 6642
          17131 17132 17630 17470 16645 16487
          25126 25127 18681 18521 8136 8135
          5344 5343 16183 16184 15854 15695
          9921 9923 17224 16742 5330 5489
          3246 2925 10788 10628 21814 21654
          5034 5037 5359 5360 5021 5182
          7269 7270 17396 17237 5877 5876
          4072 4077 5995 5997 17217 17214
          20689 20529 6317 6316 17428 17588
          5519 5521 23255 23257 15452 15612
          714 716 8078 8077 5332 5333
          5353 5356 8239 8238 8081 8080
          19893 20054 5847 5848 16803 16644
          1820 1660 7759 7758 5331 4683
          16265 16264 5499 5502 7442 7443
          1816 1656 17544 17542 6340 6500
          5015 5018 8262 7619 553 554
          1811 1331 5195 5197 4375 5831
          24066 23907 5193 5194 16488 16329
          15293 15133 7601 6796 20273 20432
          15525 15527 16266 16425 4717 4877
          20751 20909 24859 24860 4704 4698
          6988 7146 6485 6164 15614 15775
          17446 17447 4215 4214 18990 18830
          5674 5676 7119 7279 17716 17554
          8248 8247 1981 1821 1353 1513
          2934 2613 3078 2918 2773 2774
          8090 8089 8761 8443 4714 4716
          15201 15202 15849 15851 17054 17053
          19348 19346 9363 9203 7765 7604
          20433 20752 22918 22765 1192 1193
          5992 6312 15056 15058 18831 17867
          2772 2291 15045 14887 18189 18349
          2615 2614 10402 10403 17235 17076
          232 233 10949 10948 18510 18670
          19179 18531 1982 3734 3744 4066
          5029 4708 18693 19014 4538 4378
          7291 6971 17566 17726 18865 19025
          19180 19340 5670 5349 1332 1333
          9206 9365 1030 870 16428 16588
          21620 20188 3258 3259 9045 9204
          6650 6649 1031 1183 3256 3101
          17718 17877 23710 23557 18508 18509
          1033 1035 19723 19728 24350 24505
          19567 19566 21330 21332 19176 19177
          10948 10947 18029 18351 872 873
          25022 24862 20498 18909 9393 9392
          9405 9404 9718 9559 4202 4203
          25316 25323 69 70 9371 9368
          10037 9878 11109 11108 7929 8086
          18233 18232 9062 8903 10337 10015
          17941 17783 18671 18672 17288 17289
          23520 22564 3879 3718 19219 18900
          2620 2460 18367 18365 17084 17243
          20681 20522 20691 20531 17400 17399
          18190 18030 23380 23222 20825 21144
          22596 21961 23738 23739 11110 11269
          14736 14737 19393 19545 8574 8736
          9716 9237 9528 9529 9034 8875
          16741 16581 8735 8734 19548 19390
          22286 22127 22762 22761 21009 20851
          24529 23732 5069 4909 14684 14843
          19862 20020 4201 4200 24331 24491
          3558 3398 25167 24851 4525 4526
          17933 18255 7933 7772 9235 8915
          8252 8094 19405 19409 8416 8576
          9887 9886 9998 9678 19953 19633
          20976 20817 22934 23095 3100 2940
          10064 9904 13600 13601 5007 5170
          68 228 3733 3573 20364 20366
          12319 11679 17916 18072 22740 22428
          18273 18274 6200 6040 9679 9519
          17923 17603 5972 5810 5169 5168
          9086 8926 8731 8728 6519 6521
          24040 24354 18425 18266 4040 4039
          16096 15936 16447 16606 22775 22936
          18750 18591 21803 21327 19032 19031
          9053 8893 18582 18423 4523 4522
          20114 19954 25492 25334 16011 16012
          17765 17924 24050 24370 13920 13921
          20509 20508 23889 23890 18064 18382
          9859 9536 13118 12798 9216 9214
          11312 10993 22931 22932 15689 15531
          15992 16471 4362 4361 22585 22582
          15685 15687 19514 19673 11129 11130
          17952 17953 9570 9408 13437 13278
          21610 21451 21964 21806 4364 4365
          7576 7577 24539 24540 20966 21440
          21284 21125 10187 10026 18715 18873
          4684 4686 19848 19691 25011 25169
          6453 6292 21469 21465 24330 24650
          20035 20191 18420 18104 23238 23403
          11638 10999 11956 11797 16790 16950
          10027 9867 10844 10685 10029 10028
          10181 10180 21944 21626 11441 10642
          20193 20034 7575 7414 13571 14207
          22758 22282 10962 11121 10523 10364
          11606 10650 13253 13412 7255 7096
          6774 6933 1184 1344 7095 6935
          22928 22770 16167 16168 22573 22255
          10372 10052 24022 23865 10960 10961
          20961 20484 11761 11921 14397 14078
          8704 8056 14716 14557 10695 10534
          18554 18870 14724 14726 11760 11920
          11760 10310 19519 19679 24015 24174
          10800 10801 8541 8542 19363 18568
          13759 13599 19399 19072 22443 22602
          10645 10644 19198 19199 22753 22755
          8220 8380 19212 19371 21639 21479
          17600 17601 11829 11510 10377 10215
          11134 10975 13407 13085 23248 23250
          12759 11960 11162 11002 23405 23406
          10051 9891 15035 14876 19226 18903
          19037 19834 11942 11624 13111 12473
          15195 16627 25331 25013 12899 12584
          22445 22446 18878 18397 9185 9025
          21641 21162 11658 11498 20043 20045
          10858 10698 11443 11602 23083 23084
          10472 11115 24335 24334 23082 22924
          23082 23242 17776 17936 19835 19194
          11339 11179 16305 16464 23077 23080
          11660 11500 19878 19714 22240 22080
          15826 15986 12457 12298 19357 19677
          20342 20341 11807 11484 19373 19532
          11980 11821 20844 20684 11645 11647
          19079 19240 16809 16811 20184 20024
          24356 24196 11620 11460 20331 20645
          15360 15363 8217 8218 23073 23074
          17930 17611 23532 23214 17455 17457
          24195 24196 12426 12267 11938 11619
          19075 19077 22269 21951 15507 15667
          19196 19356 18733 18897 11794 11635
          11488 11007 12291 11970 11777 11618
          21153 20988 11781 11463 11962 11802
          13061 13053 20980 20346 16155 16474
          13068 13225 18088 17929 12739 11945
          9667 9507 23391 23231 11435 11595
          15029 15188 12416 12256 12255 12256
          11595 11755 13396 13072 12423 12582
          12775 14682 20503 20662 11274 11114
          13887 13250 11973 11491 24693 24373
          14072 13752 16633 16793 14213 13416
          9829 9828 11436 11437 23208 23049
          24199 24198 12737 12258 12596 12278
          13275 12796 17280 17282 24833 24832
          11434 11594 19712 19871 14700 14064
          12907 12430 12929 12607 24511 24508
          22422 22107 24018 24342 24204 23884
          24994 24999 22747 22432 23722 23876
          20832 20199 24682 24683 15835 16632
          16154 15994 23878 23720 12588 12748
          14550 15173 16294 16133 15516 15675
          23885 24045 17112 17749 18881 19041
          13375 13377 16317 16477 22115 21955
          14863 14862 23686 23699 13099 12940
          15489 15490 24160 24000 12571 12251
          18720 18561 14865 14864 16157 16794
          15501 15660 24521 24522 15038 15037
          15496 16456 24161 21932 16475 16316
          18563 18723 15341 17260 24026 24028
          13897 13737 22590 22589 15010 14369
          24008 24167 24008 22577 12892 12732
          16319 16478 15345 15026 24515 24514
          24823 24822 14546 14544 24180 24178
          14848 15327 22258 22099 13414 13255
          20480 20162 22401 21289 23696 23852
          14218 14059 14866 14707 23842 23843
          16940 16620 23682 23841 16142 15982
          22902 22903 23219 23061 16461 16301
          16296 16137 21764 21923 23376 23217
          22894 23211 23534 23375 15989 15670
          22409 22727 15510 15191 23702 23544
          21614 21615
        </DataArray>
        <DataArray type="Int32" Name="CriticalType" format="ascii" RangeMin="0" RangeMax="3">
          0 3 0 1 0 1
          0 1 0 1 0 1
          0 1 0 1 0 1
          0 1 0 1 0 1
          0 1 0 1 0 1
          0 1 0 1 0 1
          0 1 0 1 0 1
          0 1 0 1 0 1
          0 1 0 1 0 1
          0 1 0 1 0 1
          0 1 0 1 0 1
          0 1 0 1 0 1
          0 1 0 1 0 1
          0 1 0 1 0 1
          0 1 0 1 0 1
          0 1 0 1 0 1
          0 1 0 1 2 3
          0 1 0 1 0 1
          0 1 0 1 0 1
          0 1 0 1 0 1
          0 1 0 1 2 3
          2 3 0 1 0 1
          0 1 2 3 0 1
          0 1 0 1 0 1
          0 1 0 1 0 1
          0 1 0 1 0 1
          0 1 0 1 0 1
          0 1 0 1 0 1
          0 1 0 1 0 1
          0 1 0 1 0 1
          0 1 0 1 0 1
          0 1 0 1 0 1
          2 3 0 1 0 1
          0 1 0 1 0 1
          0 1 0 1 2 3
          0 1 0 1 0 1
          0 1 0 1 2 3
          0 1 0 1 2 3
          0 1 0 1 0 1
          0 1 2 3 0 1
          0 1 0 1 0 1
          0 1 0 1 0 1
          2 3 0 1 0 1
          2 3 0 1 0 1
          2 3 2 3 0 1
          0 1 0 1 0 1
          2 3 2 3 0 1
          2 3 2 3 0 1
          0 1 0 1 0 1
          0 1 2 3 0 1
          2 3 0 1 2 3
          0 1 0 1 2 3
          0 1 2 3 0 1
          0 1 0 1 2 3
          0 1 0 1 0 1
          0 1 2 3 0 1
          2 3 2 3 0 1
          0 1 0 1 0 1
          0 1 0 1 0 1
          0 1 0 1 2 3
          0 1 2 3 2 3
          0 1 2 3 0 1
          2 3 0 1 0 1
          0 1 0 1 0 1
          0 1 0 1 0 1
          0 1 0 1 0 1
          2 3 0 1 0 1
          0 1 0 1 0 1
          2 3 0 1 0 1
          0 1 2 3 2 3
          0 1 0 1 0 1
          2 3 2 3 0 1
          0 1 0 1 2 3
          0 1 2 3 2 3
          2 3 2 3 2 3
          2 3 0 1 0 1
          2 3 0 1 0 1
          0 1 0 1 2 3
          0 1 2 3 0 1
          2 3 2 3 0 1
          0 1 2 3 2 3
          2 3 2 3 0 1
          2 3 0 1 2 3
          2 3 2 3 0 1
          2 3 0 1 0 1
          0 1 0 1 2 3
          0 1 2 3 0 1
          2 3 0 1 2 3
          0 1 2 3 0 1
          2 3 2 3 0 1
          2 3 2 3 2 3
          0 1 0 1 0 1
          0 1 2 3 0 1
          2 3 2 3 0 1
          2 3 2 3 2 3
          0 1 0 1 2 3
          0 1 2 3 2 3
          0 1 2 3 2 3
          2 3 0 1 2 3
          0 1 2 3 0 1
          2 3 0 1 2 3
          2 3 0 1 2 3
          2 3 2 3 2 3
          2 3 0 1 2 3
          2 3 2 3 0 1
          0 1 0 1 0 1
          0 1 0 1 0 1
          2 3 2 3 0 1
          2 3 2 3 2 3
          2 3 0 1 2 3
          0 1 2 3 0 1
          0 1 2 3 0 1
          0 1 2 3 2 3
          2 3 0 1 2 3
          0 1 2 3 2 3
          2 3 0 1 0 1
          0 1 2 3 2 3
          0 1 0 1 0 1
          0 1 2 3 2 3
          0 1 0 1 2 3
          0 1 0 1 0 1
          0 1 0 1 2 3
          0 1 0 1 2 3
          0 1 0 1 0 1
          0 1 0 1 0 1
          0 1 0 1 0 1
          0 1 0 1 0 1
          0 1 2 3 0 1
          2 3 2 3 2 3
          0 1 2 3 0 1
          2 3 0 1 0 1
          2 3 0 1 2 3
          2 3 2 3 0 1
          0 1 0 1 0 1
          0 1 0 1 2 3
          0 1 2 3 0 1
          0 1 2 3 0 1
          2 3 2 3 0 1
          0 1 0 1 0 1
          0 1 0 1 2 3
          0 1 0 1 2 3
          2 3 0 1 0 1
          2 3 2 3 2 3
          0 1 0 1 0 1
          0 1 0 1 2 3
          0 1 0 1 0 1
          2 3 0 1 0 1
          0 1 2 3 0 1
          0 1 0 1 2 3
          0 1 2 3 0 1
          0 1 0 1 0 1
          0 1 0 1 0 1
          0 1 0 1 2 3
          0 1 0 1 0 1
          0 1 0 1 0 1
          2 3 0 1 0 1
          2 3 0 1 2 3
          0 1 2 3 0 1
          0 1 2 3 2 3
          0 1 0 1 2 3
          2 3 0 1 0 1
          2 3 0 1 2 3
          0 1 0 1 0 1
          2 3 0 1 0 1
          2 3 2 3 0 1
          2 3 0 1 0 1
          0 1 0 1 0 1
          0 1 0 1 2 3
          0 1 0 1 2 3
          0 1 0 1 0 1
          2 3 0 1 0 1
          0 1 0 1 2 3
          2 3 0 1 0 1
          2 3 2 3 0 1
          2 3 2 3 2 3
          2 3 0 1 0 1
          2 3 0 1 2 3
          2 3 2 3 0 1
          2 3 0 1 2 3
          2 3 2 3 0 1
          0 1 0 1 0 1
          0 1 2 3 2 3
          0 1 0 1 0 1
          0 1 2 3 0 1
          0 1 0 1 0 1
          0 1 2 3 0 1
          0 1 0 1 0 1
          2 3 0 1 0 1
          2 3 2 3 2 3
          0 1 0 1 0 1
          2 3 0 1 0 1
          0 1 0 1 2 3
          0 1 0 1 2 3
          2 3 0 1 0 1
          0 1 2 3 2 3
          2 3 2 3 0 1
          2 3 0 1 0 1
          0 1 2 3 2 3
          0 1 0 1 0 1
          0 1 2 3 2 3
          0 1 2 3 0 1
          2 3 2 3 2 3
          0 1 0 1 0 1
          0 1 2 3 2 3
          2 3 0 1 0 1
          0 1 0 1 0 1
          0 1 0 1 0 1
          2 3 2 3 0 1
          0 1 0 1 0 1
          0 1 0 1 0 1
          2 3 0 1 0 1
          2 3 0 1 0 1
          0 1 0 1 0 1
          0 1 2 3 0 1
          2 3 0 1 2 3
          0 1 0 1 2 3
          0 1 2 3 0 1
          0 1 0 1 2 3
          0 1 2 3 0 1
          0 1 0 1 2 3
          0 1 0 1 0 1
          0 1 2 3 0 1
          2 3 0 1 0 1
          2 3 0 1 0 1
          2 3 0 1 2 3
          0 1 0 1 2 3
          2 3 2 3 0 1
          0 1 2 3 0 1
          0 1 0 1 2 3
          0 1 2 3 2 3
          2 3 0 1 0 1
          0 1 0 1 0 1
          0 1 2 3 0 1
          0 1 2 3 0 1
          0 1 2 3 0 1
          2 3 2 3 0 1
          0 1 0 1 2 3
          0 1 0 1 0 1
          2 3 2 3 0 1
          0 1 0 1 0 1
          2 3 2 3 2 3
          0 1 0 1 0 1
          2 3 2 3 0 1
          2 3 0 1 2 3
          0 1 0 1 2 3
          2 3 0 1 0 1
          2 3 0 1 2 3
          0 1 0 1 0 1
          2 3 0 1 2 3
          0 1 0 1 0 1
          0 1 0 1 0 1
          2 3 2 3 0 1
          0 1 0 1 2 3
          2 3 2 3 0 1
          2 3 2 3 2 3
          2 3 2 3 0 1
          2 3 2 3 2 3
          2 3 2 3 0 1
          2 3 2 3 0 1
          0 1 2 3 2 3
          2 3 0 1 2 3
          2 3 2 3 2 3
          0 1 2 3 0 1
          2 3 2 3 2 3
          0 1 0 1 0 1
          0 1 2 3 0 1
          0 1 2 3 2 3
          0 1 0 1 2 3
          2 3 0 1 2 3
          2 3 0 1 0 1
          2 3 2 3 2 3
          2 3 0 1 0 1
          2 3 2 3 2 3
          0 1 0 1 0 1
          2 3 2 3 2 3
          2 3 2 3 2 3
          2 3 2 3 2 3
          2 3 2 3 2 3
          0 1 0 1 2 3
          0 1 0 1 2 3
          2 3 2 3 2 3
          2 3 0 1 2 3
          2 3 0 1 0 1
          0 1 2 3 2 3
          2 3 2 3 2 3
          2 3 0 1 0 1
          0 1 0 1 0 1
          0 1 0 1 0 1
          0 1 2 3 2 3
          0 1 2 3 0 1
          0 1 2 3 0 1
          0 1 2 3 0 1
          2 3 2 3 2 3
          0 1 2 3 2 3
          2 3 0 1 0 1
          0 1 0 1 2 3
          2 3 0 1 0 1
          2 3 0 1 0 1
          2 3 0 1 0 1
          0 1 0 1 2 3
          0 1 2 3 0 1
          0 1 2 3 0 1
          2 3 0 1 0 1
          0 1 2 3 2 3
          2 3 2 3 2 3
          0 1 0 1 2 3
          0 1 0 1 2 3
          2 3 2 3 2 3
          2 3 2 3 0 1
          0 1 2 3 0 1
          0 1 2 3 2 3
          0 1 2 3 2 3
          2 3 2 3 2 3
          0 1 0 1 2 3
          2 3 2 3 2 3
          0 1 0 1 0 1
          2 3 0 1 2 3
          2 3 0 1 2 3
          0 1 0 1 2 3
          0 1 0 1 2 3
          2 3 0 1 2 3
          0 1 0 1 2 3
          0 1 2 3 0 1
          2 3 0 1 0 1
          2 3 2 3 0 1
          0 1 2 3 2 3
          0 1 2 3 0 1
          0 1 0 1 0 1
          2 3 0 1 0 1
          2 3 0 1 2 3
          0 1 2 3 0 1
          0 1 0 1 0 1
          2 3 0 1 2 3
          2 3 0 1 0 1
          0 1 2 3 0 1
          2 3 0 1 2 3
          2 3 0 1 0 1
          2 3 2 3 2 3
          2 3 2 3 0 1
          0 1 0 1 0 1
          0 1 0 1 0 1
          2 3 0 1 0 1
          2 3 2 3 2 3
          2 3 0 1 0 1
          2 3 2 3 0 1
          0 1 2 3 2 3
          2 3 0 1 2 3
          2 3 0 1 0 1
          0 1 2 3 2 3
          0 1 0 1 2 3
          0 1 2 3 0 1
          2 3 0 1 2 3
          2 3 0 1 0 1
          2 3 2 3 0 1
          2 3 2 3 2 3
          2 3 0 1 2 3
          2 3 2 3 0 1
          2 3 2 3 2 3
          2 3 2 3 2 3
          2 3 0 1 2 3
          2 3 2 3 0 1
          0 1 0 1 2 3
          0 1 0 1 2 3
          2 3 2 3 0 1
          2 3 2 3 2 3
          0 1 0 1 2 3
          2 3 2 3 2 3
          2 3 0 1 2 3
          0 1 0 1 0 1
          2 3 0 1 0 1
          2 3 2 3 2 3
          2 3 0 1 2 3
          2 3 2 3 2 3
          2 3 2 3 0 1
          2 3 2 3 2 3
          2 3 2 3 0 1
          0 1 0 1 0 1
          2 3 2 3 2 3
          2 3 2 3 0 1
          2 3 2 3 2 3
          0 1 0 1 0 1
          2 3 2 3 0 1
          2 3 2 3 2 3
          2 3 2 3 0 1
          2 3 2 3 0 1
          2 3 2 3 2 3
          2 3 2 3 2 3
          2 3 2 3 2 3
          2 3 0 1 2 3
          2 3 2 3 2 3
          2 3 2 3 2 3
          2 3 2 3 0 1
          2 3 0 1 2 3
          0 1 2 3 2 3
          0 1 0 1 2 3
          2 3 0 1 2 3
          0 1 2 3 2 3
          2 3 2 3 2 3
          2 3 2 3 2 3
          2 3 2 3 2 3
          2 3 2 3 2 3
          2 3 2 3 2 3
          2 3 2 3 2 3
          2 3 2 3 2 3
          2 3 2 3 2 3
          2 3 2 3 2 3
          2 3 2 3 2 3
          2 3 2 3 2 3
          2 3 2 3 2 3
          2 3 2 3 2 3
          2 3 2 3 2 3
          2 3
        </DataArray>
        <DataArray type="Float32" Name="Coordinates" NumberOfComponents="3" format="ascii" RangeMin="9.219544457292887" RangeMax="213.84573879317773">
          78 129 0 19 148 0
          12 30 0 67 119 0
          15 31 0 13 31 0
          118 159 0 90 145 0
          16 32 0 15 32 0
          117 158 0 118 158 0
          9 29 0 10 29 0
          113 143 0 115 146 0
          114 153 0 115 155 0
          43 87 0 24 62 0
          33 70 0 42 80 0
          35 73 0 33 71 0
          36 75 0 36 74 0
          110 145 0 111 145 0
          53 88 0 46 89 0
          121 148 0 121 153 0
          122 143 0 123 146 0
          101 153 0 111 155 0
          111 153 0 113 152 0
          32 69 0 32 70 0
          44 89 0 44 88 0
          50 85 0 53 87 0
          34 72 0 35 72 0
          18 35 0 18 34 0
          118 147 0 118 145 0
          37 76 0 38 74 0
          49 84 0 49 85 0
          111 147 0 111 146 0
          80 130 0 80 129 0
          113 138 0 115 141 0
          48 83 0 48 84 0
          54 90 0 53 89 0
          77 128 0 78 128 0
          38 77 0 37 77 0
          47 82 0 47 83 0
          52 86 0 51 86 0
          83 131 0 82 130 0
          94 136 0 88 133 0
          40 77 0 39 78 0
          124 141 0 124 142 0
          41 78 0 40 79 0
          49 89 0 50 87 0
          41 80 0 41 79 0
          42 82 0 42 83 0
          62 104 0 59 98 0
          93 135 0 93 136 0
          39 79 0 39 78 0
          48 88 0 48 89 0
          55 91 0 54 91 0
          115 140 0 114 138 0
          49 85 0 49 86 0
          114 139 0 115 139 0
          45 81 0 46 81 0
          119 144 0 120 143 0
          56 95 0 56 93 0
          57 96 0 56 96 0
          61 102 0 61 103 0
          85 132 0 84 132 0
          60 101 0 60 102 0
          85 77 0 82 85 0
          90 134 0 91 134 0
          59 100 0 60 100 0
          44 81 0 44 82 0
          40 82 0 41 82 0
          107 137 0 111 137 0
          116 131 0 117 136 0
          156 135 0 150 130 0
          44 83 0 45 83 0
          30 67 0 30 68 0
          128 146 0 126 146 0
          38 86 0 39 86 0
          25 54 0 21 48 0
          87 133 0 86 133 0
          35 12 0 32 19 0
          105 153 0 104 153 0
          34 8 0 34 11 0
          26 55 0 25 55 0
          24 53 0 24 54 0
          22 52 0 23 52 0
          110 140 0 112 139 0
          22 45 0 22 44 0
          126 139 0 125 140 0
          21 50 0 21 51 0
          115 154 0 114 154 0
          36 16 0 35 15 0
          114 149 0 113 148 0
          64 107 0 64 106 0
          100 100 0 89 83 0
          66 109 0 64 109 0
          116 146 0 117 146 0
          100 139 0 97 140 0
          47 97 0 47 96 0
          72 112 0 68 111 0
          93 141 0 95 140 0
          70 111 0 71 112 0
          111 156 0 110 157 0
          38 89 0 39 88 0
          140 0 0 59 30 0
          26 20 0 27 26 0
          28 72 0 28 71 0
          110 107 0 115 120 0
          99 99 0 100 99 0
          109 106 0 110 106 0
          99 137 0 98 137 0
          27 63 0 27 62 0
          145 9 0 143 4 0
          144 122 0 131 120 0
          113 8 0 117 5 0
          107 157 0 107 155 0
          121 121 0 121 129 0
          30 63 0 29 63 0
          13 51 0 16 49 0
          32 22 0 30 21 0
          124 147 0 124 146 0
          31 21 0 32 21 0
          30 75 0 30 74 0
          86 78 0 85 78 0
          127 144 0 127 145 0
          90 138 0 90 139 0
          117 149 0 116 149 0
          33 79 0 34 80 0
          98 150 0 99 150 0
          136 0 0 137 0 0
          116 122 0 119 121 0
          96 96 0 96 98 0
          108 159 0 107 159 0
          31 74 0 31 73 0
          119 120 0 118 121 0
          5 23 0 5 24 0
          35 79 0 36 79 0
          32 18 0 33 16 0
          104 158 0 105 158 0
          32 77 0 33 76 0
          127 143 0 126 144 0
          103 157 0 102 157 0
          91 151 0 92 149 0
          95 148 0 96 148 0
          33 11 0 34 10 0
          33 77 0 34 77 0
          116 144 0 115 145 0
          114 117 0 111 111 0
          103 158 0 104 156 0
          113 151 0 120 146 0
          96 154 0 98 154 0
          87 148 0 89 149 0
          122 3 0 127 0 0
          47 34 0 40 38 0
          155 6 0 150 5 0
          109 153 0 110 156 0
          90 146 0 91 146 0
          33 13 0 34 12 0
          104 103 0 101 102 0
          109 139 0 110 138 0
          127 159 0 125 159 0
          105 145 0 106 145 0
          118 150 0 117 151 0
          94 88 0 94 90 0
          93 144 0 91 144 0
          9 20 0 9 21 0
          35 3 0 34 4 0
          154 134 0 155 134 0
          111 142 0 112 142 0
          123 4 0 123 3 0
          159 139 0 159 138 0
          5 20 0 5 21 0
          46 33 0 46 34 0
          87 145 0 87 146 0
          11 13 0 10 18 0
          97 153 0 98 153 0
          95 152 0 97 152 0
          120 5 0 120 4 0
          153 132 0 153 133 0
          122 125 0 124 124 0
          55 111 0 55 110 0
          10 15 0 10 14 0
          105 104 0 104 104 0
          36 20 0 36 19 0
          16 19 0 14 21 0
          123 120 0 122 121 0
          125 151 0 126 148 0
          75 122 0 75 123 0
          126 149 0 125 150 0
          119 147 0 118 148 0
          36 22 0 36 21 0
          109 152 0 110 152 0
          10 42 0 10 41 0
          101 144 0 109 149 0
          128 119 0 126 119 0
          104 141 0 104 142 0
          41 29 0 39 29 0
          11 44 0 11 45 0
          45 32 0 45 33 0
          57 114 0 57 113 0
          58 115 0 58 114 0
          110 4 0 110 5 0
          151 33 0 150 33 0
          150 36 0 149 35 0
          36 0 0 36 1 0
          17 20 0 16 21 0
          18 13 0 20 12 0
          24 11 0 26 10 0
          146 124 0 145 123 0
          95 91 0 96 95 0
          152 130 0 153 131 0
          127 154 0 126 154 0
          91 84 0 92 86 0
          158 37 0 154 35 0
          37 25 0 36 25 0
          11 43 0 12 43 0
          11 43 0 11 42 0
          21 12 0 22 12 0
          141 121 0 142 122 0
          7 10 0 8 11 0
          93 154 0 92 154 0
          119 141 0 118 141 0
          59 116 0 58 116 0
          157 136 0 156 136 0
          155 36 0 157 36 0
          107 149 0 107 147 0
          112 112 0 112 113 0
          21 22 0 22 22 0
          152 35 0 151 35 0
          112 132 0 114 135 0
          21 20 0 21 21 0
          106 141 0 107 142 0
          102 139 0 103 140 0
          102 102 0 103 102 0
          127 125 0 126 125 0
          30 35 0 30 34 0
          147 125 0 146 126 0
          25 15 0 26 14 0
          129 120 0 128 120 0
          158 138 0 158 137 0
          35 22 0 34 21 0
          38 27 0 38 26 0
          24 15 0 25 13 0
          61 118 0 60 117 0
          21 16 0 26 17 0
          102 141 0 102 142 0
          9 7 0 9 8 0
          35 47 0 35 46 0
          57 111 0 57 110 0
          111 159 0 111 158 0
          15 12 0 14 17 0
          127 3 0 128 2 0
          111 110 0 111 108 0
          106 148 0 101 146 0
          92 85 0 91 85 0
          60 113 0 59 113 0
          23 18 0 21 18 0
          59 112 0 58 112 0
          3 9 0 4 10 0
          17 15 0 18 15 0
          101 101 0 100 101 0
          65 123 0 65 124 0
          149 126 0 148 125 0
          42 30 0 41 30 0
          25 18 0 25 19 0
          140 35 0 140 34 0
          102 148 0 103 148 0
          11 4 0 10 5 0
          155 17 0 154 17 0
          39 28 0 39 27 0
          60 115 0 60 114 0
          146 128 0 146 127 0
          155 19 0 155 18 0
          66 121 0 66 122 0
          121 140 0 120 141 0
          67 120 0 67 122 0
          113 114 0 114 114 0
          126 5 0 126 4 0
          11 6 0 10 6 0
          62 116 0 61 116 0
          107 11 0 110 10 0
          142 39 0 144 39 0
          95 94 0 95 93 0
          118 124 0 118 123 0
          78 120 0 74 119 0
          137 121 0 140 121 0
          129 122 0 127 122 0
          154 29 0 153 29 0
          43 31 0 43 30 0
          123 128 0 123 127 0
          33 1 0 34 2 0
          76 119 0 76 120 0
          105 7 0 106 6 0
          87 79 0 86 79 0
          61 120 0 63 119 0
          74 135 0 75 136 0
          118 126 0 120 123 0
          19 7 0 19 10 0
          150 128 0 149 129 0
          7 14 0 7 15 0
          141 37 0 143 36 0
          154 37 0 153 37 0
          90 83 0 91 83 0
          65 119 0 65 120 0
          21 1 0 22 1 0
          72 119 0 70 120 0
          20 0 0 21 0 0
          7 8 0 8 8 0
          133 120 0 135 121 0
          99 159 0 98 158 0
          127 129 0 123 134 0
          136 120 0 136 121 0
          125 132 0 126 131 0
          7 6 0 7 7 0
          17 3 0 18 3 0
          16 2 0 17 2 0
          147 127 0 147 126 0
          49 38 0 48 38 0
          135 155 0 134 154 0
          13 0 0 13 2 0
          106 9 0 108 8 0
          106 105 0 106 104 0
          4 43 0 4 44 0
          148 46 0 149 46 0
          118 101 0 111 102 0
          74 146 0 74 145 0
          146 45 0 148 45 0
          149 134 0 149 133 0
          42 33 0 37 28 0
          148 128 0 148 127 0
          97 98 0 98 98 0
          41 32 0 42 31 0
          41 32 0 41 33 0
          145 45 0 146 43 0
          134 123 0 132 122 0
          97 7 0 101 5 0
          124 10 0 125 9 0
          96 6 0 97 6 0
          150 127 0 149 128 0
          150 135 0 149 135 0
          15 65 0 17 64 0
          40 31 0 40 32 0
          93 86 0 93 87 0
          83 96 0 80 96 0
          39 30 0 39 31 0
          76 147 0 76 146 0
          36 28 0 36 27 0
          102 86 0 97 89 0
          38 29 0 38 30 0
          11 62 0 12 62 0
          150 132 0 151 130 0
          151 128 0 150 129 0
          48 42 0 48 41 0
          151 136 0 150 136 0
          83 92 0 83 93 0
          10 64 0 13 64 0
          81 93 0 80 94 0
          82 92 0 82 93 0
          103 37 0 96 31 0
          52 46 0 50 47 0
          9 61 0 10 61 0
          9 67 0 13 67 0
          4 40 0 4 41 0
          17 65 0 18 65 0
          107 90 0 103 88 0
          105 88 0 107 89 0
          15 64 0 16 64 0
          53 48 0 53 47 0
          88 81 0 87 81 0
          106 89 0 105 89 0
          91 10 0 91 7 0
          104 38 0 103 38 0
          151 133 0 150 133 0
          90 8 0 90 9 0
          58 54 0 53 58 0
          148 132 0 149 132 0
          121 25 0 119 17 0
          120 24 0 121 24 0
          97 12 0 98 10 0
          62 58 0 59 56 0
          11 157 0 34 149 0
          143 119 0 143 120 0
          54 50 0 53 49 0
          102 94 0 104 91 0
          122 27 0 122 26 0
          61 57 0 61 58 0
          7 154 0 8 156 0
          59 55 0 58 55 0
          63 59 0 62 59 0
          151 125 0 150 126 0
          86 10 0 88 10 0
          152 136 0 152 135 0
          50 44 0 49 44 0
          147 124 0 148 124 0
          13 84 0 20 84 0
          142 127 0 141 123 0
          20 88 0 23 88 0
          152 134 0 151 134 0
          123 29 0 123 28 0
          60 56 0 60 57 0
          10 60 0 11 60 0
          5 155 0 6 155 0
          51 44 0 50 45 0
          99 12 0 101 10 0
          138 125 0 137 126 0
          19 86 0 22 86 0
          133 39 0 134 39 0
          105 40 0 104 40 0
          104 130 0 103 132 0
          99 88 0 100 87 0
          56 53 0 57 53 0
          139 123 0 138 122 0
          18 84 0 16 84 0
          152 126 0 151 127 0
          16 76 0 17 76 0
          14 157 0 13 157 0
          120 19 0 120 18 0
          116 99 0 117 100 0
          122 20 0 121 20 0
          11 63 0 13 63 0
          106 41 0 105 41 0
          3 154 0 4 154 0
          91 17 0 92 16 0
          55 52 0 54 52 0
          17 80 0 17 79 0
          129 109 0 126 111 0
          144 133 0 142 131 0
          157 51 0 156 51 0
          59 0 0 52 4 0
          99 1 0 100 1 0
          146 139 0 145 136 0
          10 70 0 10 69 0
          99 21 0 100 18 0
          52 49 0 51 49 0
          79 85 0 80 85 0
          9 66 0 11 66 0
          55 0 0 58 0 0
          96 33 0 101 34 0
          96 28 0 91 24 0
          15 88 0 17 88 0
          95 27 0 95 28 0
          19 80 0 19 79 0
          93 15 0 94 15 0
          89 16 0 89 17 0
          11 80 0 14 80 0
          53 52 0 53 50 0
          132 42 0 134 43 0
          159 104 0 150 112 0
          18 82 0 19 81 0
          97 91 0 96 91 0
          133 43 0 133 42 0
          76 151 0 76 152 0
          134 112 0 132 112 0
          123 24 0 123 23 0
          97 29 0 96 29 0
          76 150 0 77 150 0
          99 84 0 96 87 0
          102 128 0 103 128 0
          54 58 0 55 59 0
          11 76 0 12 76 0
          12 82 0 15 82 0
          56 59 0 57 59 0
          123 102 0 121 102 0
          89 20 0 88 18 0
          85 18 0 86 19 0
          132 41 0 134 42 0
          138 115 0 135 114 0
          83 13 0 84 12 0
          38 0 0 37 1 0
          14 90 0 18 90 0
          18 106 0 22 105 0
          78 156 0 79 155 0
          51 55 0 50 55 0
          88 23 0 88 22 0
          92 29 0 93 29 0
          55 53 0 56 55 0
          101 43 0 103 42 0
          54 59 0 53 59 0
          105 95 0 104 96 0
          52 56 0 51 56 0
          106 96 0 105 96 0
          100 33 0 99 33 0
          55 55 0 55 54 0
          93 14 0 94 14 0
          121 43 0 125 42 0
          89 24 0 88 24 0
          13 70 0 13 69 0
          55 56 0 54 56 0
          109 92 0 109 91 0
          112 101 0 113 101 0
          56 56 0 57 56 0
          54 4 0 55 3 0
          54 61 0 54 60 0
          47 4 0 39 1 0
          0 159 0 1 157 0
          59 133 0 61 132 0
          55 62 0 55 61 0
          136 110 0 135 111 0
          48 5 0 47 5 0
          20 87 0 21 87 0
          88 14 0 93 12 0
          5 69 0 7 69 0
          11 75 0 12 75 0
          126 107 0 122 116 0
          90 102 0 89 102 0
          92 25 0 92 26 0
          110 93 0 109 93 0
          41 1 0 43 3 0
          9 86 0 11 86 0
          112 98 0 112 100 0
          125 27 0 125 26 0
          127 105 0 127 106 0
          6 159 0 8 157 0
          101 130 0 102 130 0
          84 4 0 85 4 0
          42 2 0 42 1 0
          44 3 0 45 3 0
          97 93 0 96 93 0
          119 115 0 118 116 0
          100 117 0 97 118 0
          93 37 0 97 36 0
          123 45 0 123 44 0
          127 28 0 126 28 0
          101 90 0 100 90 0
          65 62 0 64 62 0
          49 0 0 49 2 0
          107 132 0 107 133 0
          59 2 0 58 2 0
          80 16 0 81 17 0
          90 89 0 89 84 0
          90 87 0 90 88 0
          100 92 0 101 92 0
          85 17 0 86 17 0
          91 99 0 90 100 0
          56 131 0 59 129 0
          14 83 0 15 83 0
          149 57 0 149 56 0
          100 85 0 99 86 0
          127 31 0 127 30 0
          87 0 0 87 1 0
          63 144 0 65 143 0
          87 103 0 87 102 0
          30 101 0 31 101 0
          81 16 0 83 16 0
          108 105 0 115 125 0
          98 26 0 94 22 0
          141 109 0 139 112 0
          154 59 0 155 57 0
          100 113 0 100 114 0
          104 48 0 103 45 0
          103 47 0 104 47 0
          119 117 0 117 119 0
          92 99 0 91 100 0
          102 45 0 102 44 0
          159 63 0 158 58 0
          59 138 0 61 138 0
          130 48 0 131 46 0
          106 93 0 106 92 0
          97 105 0 95 103 0
          15 93 0 19 93 0
          70 151 0 71 150 0
          155 127 0 154 127 0
          159 128 0 157 129 0
          129 34 0 129 33 0
          131 111 0 131 110 0
          99 110 0 99 112 0
          115 49 0 118 47 0
          74 19 0 79 18 0
          111 96 0 108 100 0
          94 99 0 93 100 0
          16 95 0 20 95 0
          98 96 0 99 94 0
          155 129 0 154 129 0
          47 2 0 48 2 0
          77 20 0 77 19 0
          92 90 0 92 89 0
          64 146 0 66 146 0
          155 140 0 155 137 0
          27 144 0 34 143 0
          159 143 0 159 142 0
          124 110 0 124 109 0
          125 47 0 128 47 0
          117 118 0 118 117 0
          110 53 0 112 51 0
          102 123 0 102 122 0
          107 94 0 107 93 0
          103 99 0 99 97 0
          66 64 0 66 63 0
          149 115 0 146 118 0
          62 26 0 69 27 0
          156 140 0 157 139 0
          152 58 0 153 57 0
          97 34 0 98 34 0
          92 35 0 95 35 0
          70 43 0 79 38 0
          108 96 0 108 94 0
          84 29 0 87 29 0
          86 31 0 85 31 0
          1 63 0 4 63 0
          124 47 0 129 44 0
          92 89 0 92 88 0
          63 154 0 65 153 0
          127 45 0 126 45 0
          73 74 0 71 74 0
          86 35 0 87 34 0
          129 45 0 126 46 0
          93 91 0 93 89 0
          122 94 0 121 95 0
          80 20 0 81 19 0
          72 73 0 72 74 0
          101 97 0 102 98 0
          51 0 0 51 1 0
          112 106 0 111 104 0
          65 148 0 65 147 0
          67 38 0 68 41 0
          123 114 0 123 113 0
          65 35 0 66 36 0
          58 131 0 59 131 0
          59 137 0 60 137 0
          156 143 0 157 142 0
          153 109 0 154 108 0
          96 44 0 98 42 0
          67 65 0 66 65 0
          108 46 0 106 47 0
          79 23 0 79 22 0
          73 46 0 71 44 0
          121 112 0 120 113 0
          80 26 0 82 27 0
          76 18 0 77 18 0
          37 7 0 36 8 0
          12 102 0 20 101 0
          60 37 0 63 36 0
          98 51 0 96 46 0
          53 140 0 55 140 0
          50 24 0 49 23 0
          69 17 0 70 18 0
          51 25 0 51 24 0
          105 125 0 104 126 0
          50 132 0 52 131 0
          148 118 0 148 117 0
          158 132 0 157 131 0
          99 52 0 99 51 0
          74 75 0 73 75 0
          55 32 0 65 34 0
          65 156 0 67 154 0
          114 30 0 114 29 0
          52 134 0 54 134 0
          63 145 0 65 145 0
          0 78 0 2 78 0
          99 102 0 97 100 0
          48 19 0 47 15 0
          16 89 0 17 89 0
          67 16 0 68 16 0
          47 11 0 46 10 0
          81 23 0 81 21 0
          109 49 0 109 48 0
          139 110 0 137 112 0
          82 43 0 79 39 0
          96 48 0 96 49 0
          2 99 0 5 99 0
          100 124 0 100 122 0
          41 15 0 41 14 0
          99 122 0 99 121 0
          52 27 0 51 26 0
          4 72 0 6 72 0
          115 32 0 114 32 0
          102 125 0 101 125 0
          58 9 0 57 9 0
          67 155 0 66 155 0
          52 136 0 52 135 0
          123 55 0 125 53 0
          95 42 0 99 39 0
          93 97 0 93 98 0
          83 26 0 86 28 0
          88 47 0 87 46 0
          55 30 0 54 29 0
          40 11 0 39 11 0
          76 26 0 78 26 0
          60 33 0 58 33 0
          107 50 0 107 48 0
          55 127 0 56 126 0
          42 11 0 41 11 0
          67 3 0 66 3 0
          68 20 0 70 20 0
          88 32 0 89 31 0
          112 48 0 114 41 0
          109 51 0 111 50 0
          28 106 0 28 107 0
          86 45 0 86 44 0
          122 113 0 120 117 0
          66 1 0 65 2 0
          43 21 0 42 18 0
          147 110 0 145 115 0
          95 113 0 96 114 0
          72 26 0 73 26 0
          111 46 0 111 47 0
          91 95 0 91 94 0
          88 31 0 88 30 0
          50 126 0 52 126 0
          104 108 0 102 108 0
          17 154 0 16 155 0
          1 67 0 2 68 0
          65 0 0 66 0 0
          0 80 0 2 80 0
          80 25 0 83 25 0
          146 112 0 146 111 0
          54 12 0 55 10 0
          85 33 0 86 33 0
          64 31 0 64 32 0
          116 34 0 115 34 0
          29 106 0 30 106 0
          9 96 0 11 95 0
          95 109 0 95 111 0
          156 131 0 156 130 0
          59 10 0 59 9 0
          17 97 0 18 97 0
          86 43 0 85 43 0
          135 49 0 134 49 0
          2 91 0 4 90 0
          75 48 0 75 47 0
          83 54 0 82 52 0
          66 20 0 68 19 0
          95 99 0 94 96 0
          81 41 0 82 41 0
          11 107 0 12 107 0
          30 110 0 30 109 0
          5 104 0 7 103 0
          6 157 0 7 157 0
          121 116 0 121 115 0
          136 50 0 135 50 0
          64 33 0 63 33 0
          23 101 0 24 101 0
          14 99 0 15 98 0
          1 62 0 3 62 0
          104 107 0 102 104 0
          50 33 0 49 34 0
          46 20 0 45 18 0
          68 67 0 68 66 0
          54 136 0 54 135 0
          74 31 0 77 31 0
          79 33 0 80 33 0
          61 31 0 62 32 0
          69 45 0 70 45 0
          116 108 0 117 107 0
          117 36 0 116 36 0
          72 25 0 77 25 0
          75 37 0 77 37 0
          97 107 0 94 107 0
          49 129 0 49 128 0
          77 39 0 76 39 0
          148 108 0 148 109 0
          79 34 0 81 34 0
          55 145 0 57 145 0
          92 96 0 92 97 0
          74 4 0 76 4 0
          78 50 0 77 50 0
          52 33 0 53 33 0
          73 33 0 76 33 0
          79 51 0 78 51 0
          81 50 0 80 50 0
          53 124 0 54 125 0
          87 36 0 88 36 0
          3 105 0 4 104 0
          60 11 0 60 10 0
          79 48 0 78 48 0
          51 33 0 43 29 0
          105 101 0 104 101 0
          59 34 0 62 34 0
          82 46 0 83 46 0
          56 11 0 56 10 0
          104 109 0 102 109 0
          100 39 0 100 40 0
          55 31 0 58 31 0
          102 51 0 99 47 0
          73 3 0 74 3 0
          51 11 0 51 8 0
          75 32 0 77 32 0
          55 27 0 71 36 0
          66 150 0 67 149 0
          73 32 0 74 32 0
          8 103 0 9 102 0
          93 95 0 93 94 0
          81 47 0 76 42 0
          113 126 0 112 127 0
          5 97 0 7 97 0
          106 101 0 105 102 0
          77 29 0 77 30 0
          111 129 0 109 130 0
          59 155 0 60 155 0
          64 29 0 58 29 0
          108 43 0 106 44 0
          85 40 0 84 38 0
          94 97 0 95 98 0
          6 109 0 7 109 0
          55 26 0 54 26 0
          110 118 0 110 117 0
          74 35 0 76 35 0
          79 44 0 79 45 0
          116 110 0 114 109 0
          88 51 0 87 51 0
          61 12 0 61 11 0
          73 8 0 73 9 0
          54 18 0 53 16 0
          38 19 0 38 18 0
          53 17 0 54 17 0
          90 50 0 89 50 0
          121 54 0 123 52 0
          74 29 0 76 29 0
          1 95 0 2 95 0
          9 99 0 11 99 0
          94 106 0 93 106 0
          148 120 0 146 120 0
          83 58 0 83 57 0
          85 48 0 84 47 0
          113 127 0 112 129 0
          38 143 0 45 142 0
          72 7 0 73 7 0
          72 37 0 72 39 0
          16 94 0 18 94 0
          111 117 0 107 111 0
          52 17 0 51 14 0
          5 94 0 7 93 0
          109 113 0 109 114 0
          55 16 0 54 16 0
          2 65 0 3 65 0
          115 107 0 116 106 0
          72 1 0 73 1 0
          69 68 0 68 68 0
          110 115 0 110 116 0
          139 119 0 131 115 0
          62 12 0 54 23 0
          64 23 0 66 25 0
          69 31 0 68 29 0
          133 116 0 134 118 0
          58 28 0 58 27 0
          91 45 0 91 43 0
          126 109 0 126 110 0
          145 117 0 145 118 0
          140 119 0 140 120 0
          70 35 0 69 33 0
          52 8 0 53 8 0
          86 57 0 85 58 0
          70 6 0 70 5 0
          108 102 0 108 103 0
          20 135 0 28 126 0
          58 20 0 59 20 0
          85 56 0 84 57 0
          90 41 0 89 41 0
          71 6 0 63 7 0
          56 20 0 61 19 0
          118 110 0 117 111 0
          30 148 0 37 147 0
          108 115 0 109 115 0
          73 6 0 75 6 0
          43 123 0 48 123 0
          30 152 0 25 153 0
          47 122 0 46 122 0
          50 133 0 52 133 0
          136 119 0 137 119 0
          68 68 0 67 68 0
          109 112 0 111 114 0
          72 5 0 73 5 0
          62 156 0 62 155 0
          18 128 0 29 118 0
          113 58 0 112 58 0
          125 58 0 124 58 0
          118 60 0 119 59 0
          42 26 0 43 26 0
          36 158 0 43 158 0
          69 0 0 70 0 0
          91 58 0 88 58 0
          117 62 0 118 61 0
          69 69 0 68 69 0
          89 49 0 86 50 0
          153 113 0 152 113 0
          102 56 0 103 55 0
          97 64 0 95 62 0
          21 112 0 23 111 0
          111 116 0 112 116 0
          8 108 0 9 108 0
          0 147 0 4 141 0
          39 24 0 38 23 0
          19 120 0 20 118 0
          60 16 0 60 15 0
          127 114 0 125 114 0
          124 106 0 123 107 0
          41 129 0 42 128 0
          51 129 0 51 128 0
          120 108 0 119 108 0
          110 113 0 110 112 0
          20 146 0 22 145 0
          25 130 0 24 132 0
          36 141 0 41 137 0
          58 148 0 59 148 0
          70 69 0 69 70 0
          16 92 0 17 92 0
          33 121 0 25 122 0
          94 53 0 96 54 0
          116 60 0 117 57 0
          88 59 0 89 59 0
          74 56 0 75 55 0
          101 104 0 101 103 0
          95 54 0 94 54 0
          28 122 0 30 121 0
          46 139 0 47 138 0
          42 142 0 41 142 0
          49 131 0 51 130 0
          49 153 0 52 148 0
          109 31 0 109 30 0
          124 91 0 123 92 0
          22 124 0 20 125 0
          41 26 0 40 26 0
          11 152 0 11 153 0
          38 22 0 38 21 0
          47 157 0 51 155 0
          45 28 0 46 28 0
          13 112 0 15 114 0
          93 49 0 92 48 0
          115 57 0 115 55 0
          92 51 0 94 50 0
          45 121 0 49 121 0
          96 52 0 96 53 0
          127 61 0 126 61 0
          78 62 0 78 60 0
          113 124 0 113 122 0
          16 131 0 17 130 0
          54 143 0 55 144 0
          60 19 0 60 18 0
          144 62 0 144 61 0
          0 85 0 1 85 0
          47 31 0 50 32 0
          68 0 0 68 1 0
          53 23 0 53 22 0
          44 127 0 46 127 0
          159 76 0 159 72 0
          156 111 0 152 112 0
          20 142 0 28 140 0
          33 114 0 34 114 0
          120 38 0 120 37 0
          79 60 0 79 59 0
          3 112 0 3 110 0
          52 37 0 50 36 0
          49 32 0 48 32 0
          126 56 0 126 55 0
          91 54 0 88 54 0
          119 40 0 121 40 0
          40 150 0 34 152 0
          25 115 0 26 114 0
          40 25 0 39 25 0
          96 100 0 96 99 0
          127 102 0 126 103 0
          55 142 0 56 143 0
          30 117 0 31 116 0
          43 136 0 47 133 0
          152 118 0 151 118 0
          93 56 0 93 55 0
          22 116 0 23 115 0
          43 28 0 42 28 0
          114 125 0 114 124 0
          52 159 0 54 158 0
          11 100 0 12 100 0
          5 111 0 4 112 0
          50 150 0 50 152 0
          0 87 0 1 87 0
          29 128 0 28 128 0
          49 149 0 50 149 0
          144 112 0 142 114 0
          99 61 0 96 59 0
          158 81 0 158 79 0
          96 57 0 94 57 0
          112 70 0 113 68 0
          51 143 0 52 143 0
          9 98 0 11 97 0
          152 99 0 151 102 0
          42 27 0 41 27 0
          25 141 0 22 141 0
          5 98 0 7 98 0
          154 121 0 153 122 0
          89 69 0 90 69 0
          32 112 0 33 112 0
          130 59 0 128 58 0
          157 83 0 158 82 0
          10 135 0 11 134 0
          44 137 0 46 136 0
          44 27 0 45 27 0
          56 47 0 57 47 0
          59 153 0 60 153 0
          6 131 0 0 134 0
          4 133 0 5 132 0
          107 63 0 106 62 0
          155 116 0 153 117 0
          44 29 0 46 29 0
          8 124 0 11 123 0
          51 156 0 49 157 0
          53 40 0 52 39 0
          29 134 0 25 134 0
          10 152 0 10 154 0
          35 125 0 31 126 0
          20 115 0 24 113 0
          38 145 0 43 146 0
          118 72 0 119 68 0
          116 74 0 117 73 0
          150 104 0 150 105 0
          107 62 0 107 61 0
          124 67 0 125 66 0
          109 62 0 108 62 0
          101 63 0 100 63 0
          24 137 0 26 135 0
          81 71 0 82 66 0
          33 126 0 34 125 0
          55 47 0 54 46 0
          131 84 0 127 88 0
          38 142 0 42 139 0
          82 68 0 81 69 0
          123 65 0 124 64 0
          86 72 0 90 66 0
          133 82 0 132 83 0
          55 45 0 56 44 0
          54 42 0 53 43 0
          64 7 0 64 8 0
          55 44 0 55 43 0
          48 143 0 50 142 0
          7 101 0 8 101 0
          13 141 0 15 139 0
          132 64 0 132 62 0
          22 150 0 25 149 0
          80 68 0 81 68 0
          1 131 0 4 128 0
          81 73 0 81 74 0
          157 89 0 158 87 0
          64 54 0 56 50 0
          156 91 0 157 90 0
          135 66 0 134 65 0
          154 115 0 150 117 0
          4 92 0 6 92 0
          80 73 0 80 74 0
          80 73 0 70 64 0
          159 121 0 159 122 0
          15 150 0 14 151 0
          80 67 0 81 67 0
          61 53 0 62 53 0
          3 121 0 8 116 0
          159 85 0 159 84 0
          39 121 0 32 119 0
          43 140 0 42 141 0
          85 66 0 84 66 0
          158 119 0 159 119 0
          33 142 0 35 142 0
          60 51 0 60 52 0
          12 120 0 11 121 0
          39 135 0 39 134 0
          0 110 0 1 110 0
          149 73 0 150 71 0
          137 64 0 135 63 0
          94 69 0 95 68 0
          127 83 0 125 81 0
          48 145 0 50 145 0
          119 79 0 120 74 0
          122 69 0 122 68 0
          45 146 0 46 146 0
          131 62 0 131 61 0
          155 93 0 156 92 0
          26 120 0 23 118 0
          157 118 0 154 123 0
          102 74 0 104 72 0
          151 81 0 153 77 0
          155 94 0 147 103 0
          51 158 0 53 156 0
          99 80 0 104 78 0
          45 140 0 46 140 0
          158 117 0 157 114 0
          65 57 0 65 56 0
          41 135 0 42 132 0
          138 72 0 138 71 0
          43 125 0 45 125 0
          138 67 0 138 66 0
          83 71 0 82 72 0
          43 144 0 44 144 0
          72 65 0 75 69 0
          15 152 0 14 152 0
          42 144 0 44 143 0
          42 144 0 42 145 0
          16 111 0 16 112 0
          155 123 0 154 119 0
          139 70 0 139 69 0
          145 101 0 144 102 0
          37 144 0 40 144 0
          140 72 0 140 71 0
          38 124 0 34 123 0
          0 139 0 0 138 0
          146 98 0 146 99 0
          137 77 0 138 76 0
          157 120 0 157 122 0
          22 127 0 21 127 0
          127 73 0 124 71 0
          13 121 0 12 122 0
          140 74 0 141 73 0
          44 130 0 44 129 0
          125 72 0 127 72 0
          39 119 0 40 120 0
          9 105 0 11 105 0
          24 126 0 24 125 0
          36 152 0 36 151 0
          100 72 0 100 71 0
          11 127 0 5 129 0
          0 96 0 3 96 0
          57 51 0 58 51 0
          33 144 0 34 144 0
          10 112 0 11 110 0
          12 147 0 14 145 0
          15 109 0 17 109 0
          35 151 0 36 151 0
          106 77 0 107 76 0
          98 74 0 99 72 0
          35 119 0 37 119 0
          29 139 0 31 137 0
          147 96 0 147 97 0
          156 119 0 156 120 0
          13 117 0 17 118 0
          114 73 0 115 72 0
          128 71 0 127 68 0
          131 76 0 130 74 0
          97 73 0 98 72 0
          33 132 0 28 131 0
          101 73 0 103 71 0
          122 74 0 122 73 0
          101 81 0 93 81 0
          20 131 0 26 127 0
          155 100 0 154 102 0
          108 81 0 105 82 0
          8 113 0 9 112 0
          99 79 0 105 74 0
          67 60 0 67 59 0
          31 146 0 31 145 0
          75 71 0 75 72 0
          149 93 0 148 94 0
          96 77 0 96 76 0
          95 76 0 96 76 0
          75 72 0 75 73 0
          116 83 0 112 81 0
          103 77 0 102 78 0
          135 79 0 122 91 0
          23 128 0 22 129 0
          74 70 0 74 69 0
          127 86 0 130 82 0
          133 74 0 131 71 0
          53 154 0 53 152 0
          152 87 0 152 85 0
          153 103 0 153 104 0
          133 88 0 136 83 0
          69 61 0 68 61 0
          76 71 0 77 71 0
          8 145 0 9 144 0
          39 151 0 38 151 0
          97 79 0 98 76 0
          116 78 0 118 76 0
          155 82 0 156 79 0
          0 108 0 2 108 0
          33 155 0 32 155 0
          74 71 0 74 72 0
          32 123 0 31 124 0
          140 91 0 144 87 0
          107 80 0 110 77 0
          129 80 0 127 78 0
          31 153 0 28 153 0
          22 140 0 27 138 0
          18 150 0 22 152 0
          44 151 0 44 149 0
          34 156 0 39 156 0
          27 142 0 32 140 0
          42 148 0 36 149 0
          32 130 0 39 126 0
          42 154 0 43 154 0
          155 98 0 152 103 0
          154 100 0 154 99 0
          38 149 0 40 148 0
          108 78 0 108 79 0
          150 90 0 133 94 0
          134 101 0 133 100 0
          156 96 0 155 97 0
          45 149 0 45 150 0
          152 106 0 149 110 0
          1 118 0 1 119 0
          95 83 0 97 83 0
          157 101 0 157 102 0
          35 138 0 35 137 0
          143 92 0 142 92 0
          6 148 0 19 148 0
          139 81 0 140 80 0
          129 96 0 130 96 0
          0 151 0 0 150 0
          91 78 0 91 76 0
          0 117 0 1 116 0
          145 92 0 144 92 0
          157 100 0 154 104 0
          141 96 0 140 97 0
          41 153 0 42 153 0
          158 93 0 157 93 0
          136 96 0 136 102 0
          1 151 0 12 137 0
          155 102 0 156 101 0
          3 116 0 3 117 0
          141 95 0 140 107 0
          26 150 0 28 150 0
          137 86 0 137 85 0
          30 141 0 29 141 0
          130 93 0 129 89 0
          8 150 0 7 151 0
          8 150 0 17 141 0
          92 80 0 92 79 0
          159 101 0 158 102 0
          145 95 0 146 93 0
          35 153 0 34 153 0
          23 155 0 22 155 0
          146 90 0 144 90 0
          20 151 0 18 151 0
          128 92 0 127 95 0
          18 139 0 19 138 0
          134 83 0 135 82 0
          0 128 0 2 126 0
          1 140 0 9 133 0
          16 148 0 12 149 0
          138 88 0 139 87 0
          146 92 0 147 91 0
          2 149 0 3 149 0
          140 105 0 140 103 0
          2 148 0 1 149 0
          142 100 0 142 99 0
          22 143 0 23 143 0
          19 145 0 21 144 0
          141 102 0 141 101 0
          136 101 0 137 100 0
          4 136 0 3 137 0
          16 146 0 17 145 0
          14 143 0 11 145 0
          14 147 0 15 146 0
          149 99 0 150 97 0
          9 140 0 7 142 0
          150 96 0 151 94 0
          22 148 0 24 147 0
          14 135 0 15 135 0
          <InformationKey name="L2_NORM_RANGE" location="vtkDataArray" length="2">
            <Value index="0">
              9.2195444573
            </Value>
            <Value index="1">
              213.84573879
            </Value>
          </InformationKey>
        </DataArray>
      </PointData>
      <CellData>
        <DataArray type="Int32" Name="PairIdentifier" format="ascii" RangeMin="-1" RangeMax="1233">
          0 1 2 3 4 5
          6 7 8 9 10 11
          12 13 14 15 16 17
          18 19 20 21 22 23
          24 25 26 27 28 29
          30 31 32 33 34 35
          36 37 38 39 40 41
          42 43 44 45 46 47
          48 49 50 51 52 53
          54 55 56 57 58 59
          60 61 62 63 64 65
          66 67 68 69 70 71
          72 73 74 75 76 77
          78 79 80 81 82 83
          84 85 86 87 88 89
          90 91 92 93 94 95
          96 97 98 99 100 101
          102 103 104 105 106 107
          108 109 110 111 112 113
          114 115 116 117 118 119
          120 121 122 123 124 125
          126 127 128 129 130 131
          132 133 134 135 136 137
          138 139 140 141 142 143
          144 145 146 147 148 149
          150 151 152 153 154 155
          156 157 158 159 160 161
          162 163 164 165 166 167
          168 169 170 171 172 173
          174 175 176 177 178 179
          180 181 182 183 184 185
          186 187 188 189 190 191
          192 193 194 195 196 197
          198 199 200 201 202 203
          204 205 206 207 208 209
          210 211 212 213 214 215
          216 217 218 219 220 221
          222 223 224 225 226 227
          228 229 230 231 232 233
          234 235 236 237 238 239
          240 241 242 243 244 245
          246 247 248 249 250 251
          252 253 254 255 256 257
          258 259 260 261 262 263
          264 265 266 267 268 269
          270 271 272 273 274 275
          276 277 278 279 280 281
          282 283 284 285 286 287
          288 289 290 291 292 293
          294 295 296 297 298 299
          300 301 302 303 304 305
          306 307 308 309 310 311
          312 313 314 315 316 317
          318 319 320 321 322 323
          324 325 326 327 328 329
          330 331 332 333 334 335
          336 337 338 339 340 341
          342 343 344 345 346 347
          348 349 350 351 352 353
          354 355 356 357 358 359
          360 361 362 363 364 365
          366 367 368 369 370 371
          372 373 374 375 376 377
          378 379 380 381 382 383
          384 385 386 387 388 389
          390 391 392 393 394 395
          396 397 398 399 400 401
          402 403 404 405 406 407
          408 409 410 411 412 413
          414 415 416 417 418 419
          420 421 422 423 424 425
          426 427 428 429 430 431
          432 433 434 435 436 437
          438 439 440 441 442 443
          444 445 446 447 448 449
          450 451 452 453 454 455
          456 457 458 459 460 461
          462 463 464 465 466 467
          468 469 470 471 472 473
          474 475 476 477 478 479
          480 481 482 483 484 485
          486 487 488 489 490 491
          492 493 494 495 496 497
          498 499 500 501 502 503
          504 505 506 507 508 509
          510 511 512 513 514 515
          516 517 518 519 520 521
          522 523 524 525 526 527
          528 529 530 531 532 533
          534 535 536 537 538 539
          540 541 542 543 544 545
          546 547 548 549 550 551
          552 553 554 555 556 557
          558 559 560 561 562 563
          564 565 566 567 568 569
          570 571 572 573 574 575
          576 577 578 579 580 581
          582 583 584 585 586 587
          588 589 590 591 592 593
          594 595 596 597 598 599
          600 601 602 603 604 605
          606 607 608 609 610 611
          612 613 614 615 616 617
          618 619 620 621 622 623
          624 625 626 627 628 629
          630 631 632 633 634 635
          636 637 638 639 640 641
          642 643 644 645 646 647
          648 649 650 651 652 653
          654 655 656 657 658 659
          660 661 662 663 664 665
          666 667 668 669 670 671
          672 673 674 675 676 677
          678 679 680 681 682 683
          684 685 686 687 688 689
          690 691 692 693 694 695
          696 697 698 699 700 701
          702 703 704 705 706 707
          708 709 710 711 712 713
          714 715 716 717 718 719
          720 721 722 723 724 725
          726 727 728 729 730 731
          732 733 734 735 736 737
          738 739 740 741 742 743
          744 745 746 747 748 749
          750 751 752 753 754 755
          756 757 758 759 760 761
          762 763 764 765 766 767
          768 769 770 771 772 773
          774 775 776 777 778 779
          780 781 782 783 784 785
          786 787 788 789 790 791
          792 793 794 795 796 797
          798 799 800 801 802 803
          804 805 806 807 808 809
          810 811 812 813 814 815
          816 817 818 819 820 821
          822 823 824 825 826 827
          828 829 830 831 832 833
          834 835 836 837 838 839
          840 841 842 843 844 845
          846 847 848 849 850 851
          852 853 854 855 856 857
          858 859 860 861 862 863
          864 865 866 867 868 869
          870 871 872 873 874 875
          876 877 878 879 880 881
          882 883 884 885 886 887
          888 889 890 891 892 893
          894 895 896 897 898 899
          900 901 902 903 904 905
          906 907 908 909 910 911
          912 913 914 915 916 917
          918 919 920 921 922 923
          924 925 926 927 928 929
          930 931 932 933 934 935
          936 937 938 939 940 941
          942 943 944 945 946 947
          948 949 950 951 952 953
          954 955 956 957 958 959
          960 961 962 963 964 965
          966 967 968 969 970 971
          972 973 974 975 976 977
          978 979 980 981 982 983
          984 985 986 987 988 989
          990 991 992 993 994 995
          996 997 998 999 1000 1001
          1002 1003 1004 1005 1006 1007
          1008 1009 1010 1011 1012 1013
          1014 1015 1016 1017 1018 1019
          1020 1021 1022 1023 1024 1025
          1026 1027 1028 1029 1030 1031
          1032 1033 1034 1035 1036 1037
          1038 1039 1040 1041 1042 1043
          1044 1045 1046 1047 1048 1049
          1050 1051 1052 1053 1054 1055
          1056 1057 1058 1059 1060 1061
          1062 1063 1064 1065 1066 1067
          1068 1069 1070 1071 1072 1073
          1074 1075 1076 1077 1078 1079
          1080 1081 1082 1083 1084 1085
          1086 1087 1088 1089 1090 1091
          1092 1093 1094 1095 1096 1097
          1098 1099 1100 1101 1102 1103
          1104 1105 1106 1107 1108 1109
          1110 1111 1112 1113 1114 1115
          1116 1117 1118 1119 1120 1121
          1122 1123 1124 1125 1126 1127
          1128 1129 1130 1131 1132 1133
          1134 1135 1136 1137 1138 1139
          1140 1141 1142 1143 1144 1145
          1146 1147 1148 1149 1150 1151
          1152 1153 1154 1155 1156 1157
          1158 1159 1160 1161 1162 1163
          1164 1165 1166 1167 1168 1169
          1170 1171 1172 1173 1174 1175
          1176 1177 1178 1179 1180 1181
          1182 1183 1184 1185 1186 1187
          1188 1189 1190 1191 1192 1193
          1194 1195 1196 1197 1198 1199
          1200 1201 1202 1203 1204 1205
          1206 1207 1208 1209 1210 1211
          1212 1213 1214 1215 1216 1217
          1218 1219 1220 1221 1222 1223
          1224 1225 1226 1227 1228 1229
          1230 1231 1232 1233 -1
        </DataArray>
        <DataArray type="Int32" Name="PairType" format="ascii" RangeMin="-1" RangeMax="1">
          0 0 0 0 0 0
          0 0 0 0 0 0
          0 0 0 0 0 0
          0 0 0 0 0 0
          0 0 0 0 0 0
          0 0 0 0 0 0
          0 0 0 0 0 0
          0 0 0 0 0 0
          0 0 1 0 0 0
          0 0 0 0 0 0
          0 0 1 1 0 0
          0 1 0 0 0 0
          0 0 0 0 0 0
          0 0 0 0 0 0
          0 0 0 0 0 0
          0 0 0 0 0 0
          1 0 0 0 0 0
          0 0 1 0 0 0
          0 0 1 0 0 1
          0 0 0 0 1 0
          0 0 0 0 0 0
          1 0 0 1 0 0
          1 1 0 0 0 0
          1 1 0 1 1 0
          0 0 0 0 1 0
          1 0 1 0 0 1
          0 1 0 0 0 1
          0 0 0 0 1 0
          1 1 0 0 0 0
          0 0 0 0 0 1
          0 1 1 0 1 0
          1 0 0 0 0 0
          0 0 0 0 0 0
          1 0 0 0 0 0
          1 0 0 0 1 1
          0 0 0 1 1 0
          0 0 1 0 1 1
          1 1 1 1 0 0
          1 0 0 0 0 1
          0 1 0 1 1 0
          0 1 1 1 1 0
          1 0 1 1 1 0
          1 0 0 0 0 1
          0 1 0 1 0 1
          0 1 0 1 1 0
          1 1 1 0 0 0
          0 1 0 1 1 0
          1 1 1 0 0 1
          0 1 1 0 1 1
          1 0 1 0 1 0
          1 0 1 1 0 1
          1 1 1 1 0 1
          1 1 0 0 0 0
          0 0 0 1 1 0
          1 1 1 1 0 1
          0 1 0 0 1 0
          0 1 1 1 0 1
          0 1 1 1 0 0
          0 1 1 0 0 0
          0 1 1 0 0 1
          0 0 0 0 0 1
          0 0 1 0 0 0
          0 0 0 0 0 0
          0 0 0 0 1 0
          1 1 1 0 1 0
          1 0 0 1 0 1
          1 1 0 0 0 0
          0 0 1 0 1 0
          0 1 0 1 1 0
          0 0 0 0 0 1
          0 0 1 1 0 0
          1 1 1 0 0 0
          0 0 1 0 0 0
          1 0 0 0 1 0
          0 0 1 0 1 0
          0 0 0 0 0 0
          0 0 1 0 0 0
          0 0 0 1 0 0
          1 0 1 0 1 0
          0 1 1 0 0 1
          1 0 0 1 0 1
          0 0 0 1 0 0
          1 1 0 1 0 0
          0 0 0 0 0 1
          0 0 1 0 0 0
          1 0 0 0 0 1
          1 0 0 1 1 0
          1 1 1 1 0 0
          1 0 1 1 1 0
          1 0 1 1 1 0
          0 0 0 0 1 1
          0 0 0 0 1 0
          0 0 0 0 1 0
          0 0 0 1 0 0
          1 1 1 0 0 0
          1 0 0 0 0 1
          0 0 1 1 0 0
          0 1 1 1 1 0
          1 0 0 0 1 1
          0 0 0 0 1 1
          0 1 0 1 1 1
          0 0 0 0 1 1
          1 0 0 0 0 0
          0 0 0 1 1 0
          0 0 0 0 0 0
          1 0 0 1 0 0
          0 0 0 0 1 0
          1 0 1 0 0 1
          0 1 0 0 0 1
          0 1 0 0 0 1
          0 0 0 0 1 0
          1 0 0 1 0 0
          1 0 1 0 0 1
          1 1 0 0 1 0
          0 0 1 0 1 1
          1 0 0 0 0 0
          0 1 0 0 1 0
          0 1 0 1 1 0
          0 0 1 0 0 0
          1 1 0 0 0 0
          1 1 1 0 0 0
          1 1 0 1 0 1
          0 0 1 1 0 0
          1 0 1 0 0 0
          1 0 1 0 0 0
          0 0 0 1 1 0
          0 0 1 1 1 0
          1 1 1 1 1 0
          1 1 1 1 1 0
          1 1 0 0 1 1
          1 0 1 1 1 1
          0 1 0 1 1 1
          0 0 0 0 1 0
          0 1 1 0 0 1
          1 0 1 1 0 0
          1 1 1 1 0 0
          1 1 1 0 0 0
          1 1 1 1 1 1
          1 1 1 1 1 1
          0 0 1 0 0 1
          1 1 1 1 0 1
          1 0 0 0 1 1
          1 1 1 1 0 0
          0 0 0 0 0 0
          0 1 1 0 1 0
          0 1 0 0 1 0
          1 1 1 0 1 1
          1 0 0 0 0 1
          1 0 0 1 0 0
          1 0 0 0 0 1
          0 1 0 0 1 0
          1 0 0 0 1 1
          1 1 1 0 0 1
          0 0 1 1 1 1
          1 1 0 0 1 0
          0 1 1 0 1 1
          1 1 1 0 0 1
          1 1 1 0 0 0
          1 0 1 1 0 1
          0 0 1 0 0 1
          1 0 1 0 0 1
          0 1 0 1 0 0
          1 1 0 0 1 1
          0 1 0 0 0 0
          1 0 0 1 0 1
          0 1 0 0 0 0
          1 0 1 1 0 0
          0 1 0 1 0 1
          1 0 0 1 1 1
          1 1 0 0 0 0
          0 0 0 1 0 0
          1 1 1 1 0 0
          1 1 0 0 1 1
          1 0 1 1 0 0
          0 1 1 0 0 1
          0 1 0 1 0 1
          1 0 0 1 1 0
          1 1 1 1 0 1
          1 1 0 1 1 1
          1 1 1 1 0 1
          1 1 0 0 0 1
          0 0 1 1 1 0
          1 1 1 0 0 1
          1 1 1 1 0 1
          0 0 0 1 0 0
          1 1 1 1 0 1
          1 1 1 1 1 0
          1 1 1 1 1 0
          0 0 0 1 1 1
          1 1 0 1 1 1
          0 0 0 1 1 0
          1 1 1 1 1 0
          1 1 0 1 1 1
          1 1 1 1 1 1
          1 0 1 1 1 1
          1 1 1 1 1 0
          1 0 1 0 1 1
          0 0 1 1 0 1
          0 1 1 1 1 1
          1 1 1 1 1 1
          1 1 1 1 1 1
          1 1 1 1 1 1
          1 1 1 1 1 1
          1 1 1 1 1 1
          1 1 1 1 1 1
          1 1 1 1 -1
        </DataArray>
        <DataArray type="Float32" Name="Persistence" format="ascii" RangeMin="0" RangeMax="19.8858642578125">
          9.942932 2.3682404 0.09766388 1.345871 0.05188752 0.06408693
          0.009155288 0.92471313 0.78432465 0.7080307 0.21363068 0.1617508
          0.08544922 0.3051834 0.21973419 0.78432465 0.558487 0.97354126
          0.6195298 0.10071564 0.04272461 0.16480258 0.048828125 0.033569336
          0.6378403 0.07935333 0.12207794 0.2838211 0.11292267 0.52796936
          0.10071564 0.09156039 0.10071567 0.0030517578 0.12207794 0.07019803
          0.07935333 0.3082428 0.03968051 0.25025177 0.033569336 0.036621094
          0.02746582 0.024414062 0.16174316 0.0579834 0.015258789 0.0030517578
          0.10070801 0.22583771 0.009155273 0.16479489 0.018310547 0.37842566
          0.064086914 0.012207031 0.015258789 0.036621094 0.04272458 3.5981293
          0.091552734 0.009155273 0.064086914 0 0.74160004 1.5106659
          2.8962097 0.0061035156 0.033569336 0.60427094 0.07019806 0.170906
          0.03968048 1.0773087 0.08545685 0.79348755 0.006111145 0.0030516982
          0.024414062 0.3051834 0.015258789 0.015258789 0.009155273 0.0061035156
          0.842308 0.38452905 0.04272461 3.601181 0.0823974 0.024414062
          0.2014237 0.009155273 0.115974486 0.015258789 0.012207031 0.34485632
          0.0030517578 4.7669907 0.6408844 0.0579834 3.4028091 2.57576
          3.1830826 0.045776427 0.02746582 0.1831131 2.0966187 1.4191132
          0.17090607 1.1810684 1.1920929e-07 0.4028473 0.18616486 1.1920929e-07
          0.08239734 0.030517578 0.9124985 0.0579834 0.009155035 0.16174316
          0.009155393 0.012207031 0 1.0101624 3.0152283 0.115966916
          0.051879764 0.7812729 0.021362305 0.015258789 0.19226837 0.0579834
          0.07324219 0.10071576 0.04272461 0.0579834 0.02746582 0.03967285
          0.0061035156 0.009155273 2.005066 0.21057904 0.99490345 0.24414062
          0.10070789 0.56764233 1.3275528 0.20141602 0.41809845 0
          0.012207031 2.7680283 0.015258789 0.29297638 0.039672732 0.381485
          1.8616333 0.021362305 0.012207031 0.2838211 1.4801483 0.19532013
          0.036621094 1.7700728 0 0.32654595 0.03967297 0.1586914
          0.009155273 0.03967285 0.11291516 0.7660141 0.387581 0.07019043
          0.03967285 1.9012985 0.103759766 0.009155393 0.13428509 0.17395782
          0 0.05493164 0.018310547 0.061042666 0.28993225 0.09461212
          0.74160004 0.2990799 0.17395031 0.9826888 0.061035156 0.3936844
          0.01220715 0.018310428 0.021362305 1.1920929e-07 0.14648438 0.21363044
          0.04272461 0.103759766 0.07019043 0.04272473 1.2421036 1.0193174
          0.02746582 2.2370071 0.17395806 0.85451484 0.009155273 0.0061035156
          0.033569336 0.8453598 0.091552734 0.091552615 0.0793457 0.009155273
          0.628685 0.018310547 0.50660706 1.0528946 0.045783997 0.10681915
          0.36317444 0.036628723 0.61952925 0.23804474 1.3763888 0.19531989
          0.021362305 0.4791336 0.021362305 0.1586914 0.94301605 0.17700219
          0.3814776 0.064086914 0.20142365 0.1739502 0.0152590275 0.03967309
          0.0061035156 0.015258789 0.1373291 0.23499274 0.07019043 1.0803528
          0.1617508 1.797539 0.076293945 0.024414062 0.018310547 0.24414825
          0.0030517578 0.65309906 0.048828125 0.47914124 0.7019272 0.021362305
          0.015258789 0.018310547 0.057991028 0.012214661 0.15258789 0.015258789
          0.064086914 0.012207031 0.021362305 0.051879644 0.12207055 0.69581604
          0.03967285 0.024413824 0.0061035156 0.3570633 0.0793457 0.21973419
          0.09765625 0.23804474 0.5493312 0.39369202 0.009155273 0.14954376
          0.05493164 0.064086914 0.15564728 0.37843323 0.024421692 0.21973419
          0.06409454 0.41199493 0.091552734 0.5981598 0.0061035156 0.07324219
          0.10681152 1.6510468 0.0579834 0.009155273 0.051879883 0.0030517578
          0.006103277 0.3204422 0.32654572 0.2563553 0.13123322 0.057991028
          0.03967285 0.015258789 0.0030517578 0.16479492 0.21363044 0.036621094
          0.04272461 0.4638822 1.5900116 0.009155512 0 1.5289764
          0.15259552 0.0061035156 0.41505432 0.40895057 0.12207031 0.54322815
          0.12817407 0.076294184 0.08850098 1.0040588 0.24720001 0.009155273
          0.0061035156 0.16785431 0.05493164 0.28076935 0.13428497 0.3418119
          0.15259552 0.2044754 0.033576965 0.08240509 0.6256256 0.061035395
          0.35401154 0.22583771 0.13427734 0.0030517578 0.0030517578 0.024414062
          0.33875275 0.0061035156 0.03967309 1.2634659 0.30823517 0.1251297
          0.33876038 0.0030517578 0.115974426 0.47608948 0.18616462 0.021369934
          0.44557214 0.4089508 0.0061035156 0.25025177 0.0579834 0.08544898
          0.03967285 0.717186 0.027466059 0.28076935 0.018310547 0.11291504
          0.34790802 3.918579 0.43641663 0.34790778 0.5401764 0.024414062
          0.119026184 1.4557343 0.2563553 0.10376763 0.52186584 0.07630205
          0.07324982 0.021362305 0.048835754 0.23194122 0.47608948 0.146492
          0.0030517578 0.012214661 0.115974426 0 0.08240509 0.021362543
          0.27466583 0.03967285 0.23194122 0.02746582 0.16784668 0.61341834
          0.0579834 0.033569336 0.09765625 0.10070801 0.39673662 0.030517578
          0.2777176 0.012207031 0.23499298 0.033569336 0.08544922 0.033569336
          0.0579834 0.28076935 0.2868805 0.10987091 1.6480026 0.46998596
          0.048835754 0.8850403 0.05493164 0.3570633 0.27161407 0.13122559
          0.04272461 0 0.16479492 0.16479492 0.3204422 0.47914124
          0.17395782 0.02746582 0.036621094 0.064086914 0.061035156 0.2410965
          0.07019043 0.036621094 1.4801483 0.009155273 0.015258789 0.0030517578
          0 1.077301 0.0030517578 0.04272461 0.22888947 0.33570862
          0.146492 0.021362305 0.0671463 0.115974426 0.0030517578 0.24109697
          0.16785431 0.12818146 0.088508606 0.81484985 0.006111145 0.26856232
          0.5462799 1.3824844 0.021362305 0.015258312 0.015258789 0.036621094
          0.09460449 0.16174316 0.009155273 0.08850098 0.027466297 0.018310547
          0.021362305 0.061035156 0.012207031 0.31128693 0.0030517578 0.08850098
          0.00915575 0.051879883 0.048828125 0.02746582 0.0030522346 0.0793457
          0.16480255 0.3631668 0.0793457 0.03967285 0.09155321 0.015258789
          0.009155273 0.23804474 0.09765625 0.0030517578 0.82094574 0.009155273
          0 0.09461212 0.07935333 0.061035156 0.10071564 0.021362305
          0.045776367 0.7568588 0.14038849 0 0.0030517578 0.024414062
          0.088508606 0.18616486 0.6225815 0.34790802 0.064086914 0.021362305
          0.009155273 0.05188036 0.1647954 0.17089844 0.061035156 0.076293945
          1.300087 0.009155273 0.41505432 0.07324219 0.024414062 0.21363068
          0.009155273 0.009155273 0.015258789 0.012207031 0.024413586 0.36317444
          0.08544922 0.012207031 0.13428497 2.3041458 0.6378403 0.3448634
          0.1159749 0.018310547 0.103767395 0.033569336 0.60427094 0.0030517578
          0.012207031 0.7568593 0.2410965 0.19837189 0.05493927 0.42726135
          0.4608307 0.0030517578 0.05493927 0.3875885 0.009155273 0.13122559
          0.045776367 0.40894318 0.103759766 1.1200252 0.054931164 0.6103668
          0.10986328 0.07019043 0.036621094 0.018310547 0.12512207 0.32349396
          0.18005371 2.0264282 0.05798292 0.103759766 0.061035156 0.057983875
          0.36011505 0.042724133 0.012207031 0.37232208 0.1770091 0.65615034
          0.56459045 0.16175032 0.003051281 0.0061035156 0.14038849 0.6195297
          0.13123322 0.25330353 0.024414062 0.34181213 0.1770091 0.07324982
          0.36317444 0.018310547 0.106818676 0.08545685 0.14038849 0.43641663
          0.35401917 0.22888947 0.08240509 0.19226837 0.34791565 1.0467901
          0.15259552 0.3143463 0.13122463 0.21972656 0.009155273 0.048828125
          0.0030517578 0.08544922 0.09765625 0.08544922 0.09460449 0.015258789
          0.3936844 0.10986328 0.16784668 0.009155273 0.12817383 0.43336487
          0.08544922 0.2777176 0.20752716 0.22888947 0.036621094 0.04272461
          0.22583771 0.25330353 0.11597395 0.22583771 0.018310547 0.0579834
          0.31128693 0.103767395 0.021362305 0.10071564 0.10987091 0.43336487
          1.7242966 0.09461212 0.0030517578 0.04272461 0.009155273 0.02746582
          0.033569336 1.0651016 0.33265686 0.07019806 0.7019272 0.076301575
          0.009155273 0.0671463 0.19532013 0.012207031 0.024414062 0.0366292
          0.07324982 0.021362305 0.10681915 0.24414825 0.3448639 0.088508606
          0.27467346 0.3296051 0.25941467 0.024421692 0.03968048 0.057991028
          0.05493927 0.0061035156 0.0061039925 0.018310547 0.036621094 0.1373291
          2.2705765 0.17700195 0.0061035156 0.21057129 0.21362305 0.018310547
          0.14343262 0.4944005 0.10986328 0.0030517578 0.1586914 0.08850098
          0.045776367 0.09765625 0.09460449 0.3784256 0.06713867 0.018310547
          0.08544922 0.20752716 0.34180403 0.21363068 0.030517578 0.1373291
          0.0030517578 0.009155273 0.3570633 0.012207031 0.009155273 0.015258789
          0.045776367 0.0030517578 0.009155273 0.38453674 0.051879883 0.30213165
          0.061035156 0.857574 0 0.15259552 0.0030517578 0.31128693
          0.17700958 0.0488286 0.03967285 0.009155273 0 0.09461212
          0.033569336 0.80874634 0.076301575 0.12818146 0.07935333 0.33265686
          0.091560364 0.030525208 0.030525208 0.0061035156 0.14954376 0.018310547
          0.08545685 0.018318176 0.23194122 0.44862366 0.03968048 0.17395067
          0.0579834 0.20751953 0.0030517578 0.14343214 0.0061035156 0.0061035156
          0.018310547 0.0061035156 0.0061035156 0.15563965 0.02746582 0.26856232
          0.0030517578 0.0030517578 1.2360001 0.1953125 0.08544922 0.02746582
          0.009155273 0.07324219 0.018310547 0.08850098 0.9124985 0
          0.32959747 0.0061035156 0.32959747 0.06713867 0 0.103759766
          0.08239746 0.43946838 0.076293945 0.1831131 0.0793457 0.0030517578
          0.106812 0 0.16785431 0.1617508 0.15259552 0.37843323
          0.45472717 0.03967285 0.033569336 0.0061035156 0.18006134 0.2563553
          0.09765625 0.030517578 0.030517578 0.033569336 0.2777176 0.024414062
          0.018310547 0.13428497 0.024414062 0.31128693 0.012207031 0.048828125
          0.3112874 0.033569336 0.15564728 0.061035156 0.628685 4.7683716e-07
          0.10987091 0.033569336 0.7080307 0.12818146 0.18616486 0.07324982
          0.0030522346 0.051879883 0.07935333 0.021361828 0.13733673 0.04272461
          1.5839162 0.5707016 0.21057892 0.14344025 1.3428192 0.045783997
          0.27161407 0.119026184 0.06104231 0.11292267 0.103767395 0.07019806
          0.018318176 0.048828125 0.11291504 1.388588 0.018310547 0
          0.033569336 1.0223694 0.3997879 0.08850098 1.635788 0.018310547
          0.20447588 0.25330353 1.2817764 0.04272461 0.1373291 0.17395735
          0.051879883 0.45167542 0.018310547 0.25330353 0.89419556 0.009155273
          0.024414062 0.076293945 0.02746582 1.211586 0.0061035156 0.115974426
          0.024414062 0.18311214 0.16480255 0.17700958 0.04272461 0.36012268
          0.2624588 0.13123322 0.033569336 1.3946991 0.28992462 0.875885
          0.03967285 0.7385483 0.21973419 0.37843323 0.07324982 0.0061035156
          0.2410965 0.76296234 0.71108246 0.72634125 0.033569336 0.057991028
          0.015258789 0.66835785 0.11292267 0.29603577 0.0030517578 0.021362305
          0.24109602 0.0579834 0.42725372 0.14343262 0.033569336 0.24414825
          0.80568695 0.012207031 0.13427734 0.21668243 0.33875275 0.45472717
          0.064086914 0.6103668 0.04272461 0.87893677 0.36927032 0.0579834
          0.27466583 0.09460449 0.064086914 0.04272461 0.091552734 0.73244476
          0.19837189 0.13428497 0.024414062 0.003051281 0.024414062 0.146492
          0.10071564 0.033569336 0.09461212 0.39674425 0.42115784 1.3092499
          0.045783997 0.024422169 0.018318176 0.6927719 0.34485626 0.07019043
          0.018310547 0.1373291 0.17700195 1.1291809 0.0793457 0.064086914
          0.02746582 0.16784668 0.05493164 0.08239746 0.09460449 0.030517578
          0.009155273 0.22583771 0.42726135 0.21668196 0.23804474 0.036621094
          0.03967285 0.43336487 0.021362305 0.1251297 0.0793457 0.76296234
          0.16480255 0.36927843 0.14344025 0.088508606 0.036621094 0.39064026
          0.40589905 0.29297638 0.28076935 0.11292267 0.015258789 0.18006134
          0.061042786 0.07324982 0.009155273 0.23499298 0.10987091 0.030517578
          0.103759766 0.0061035156 0.70192003 0.091552734 0.0793457 0.23499298
          0.09460449 0.5981598 0.03967285 0.1373291 0.62867737 0.56459045
          0.2624588 0.8606186 0.4455719 0.20142412 0.012207031 0.0061035156
          0.03967285 0.051879883 0.015258789 0.04272461 0.52186584 0.1251297
          0.021362305 0.63173676 0.59511614 0.61647797 0.036621094 0.07935333
          1.2543106 0.009155273 0.0030517578 0.17090607 0.0366292 0.030517578
          0.06713867 0.25330353 0.2838211 0.18005371 0.4425125 0.0061035156
          0.33264923 0.04272461 0.22888994 0.63783264 0.073242664 0.08239746
          0.7660141 0.16784668 0.2410965 1.1383362 0.13122559 0.0061035156
          0 0.0793457 0.38147736 0.018310547 0.9857483 0.40589905
          0.012207508 0.018310547 0.1617508 0.09765625 0.10987091 0.051879883
          0.05493164 0.051879883 0.115974426 0.012207031 0.46998549 0.036621094
          0.36317444 0.012207508 0.0061035156 0.015266418 0.012214661 0.7873764
          0.43946075 0.076293945 0.1586914 2.105774 0.76296234 0.25330353
          0 0.18006134 0.009155273 0.482193 0.009155273 0.23194122
          0.0030517578 0.0030517578 0.009155273 0.66225433 0.061035156 0.42115784
          0.05493164 0.14954376 0.25025177 0.012207031 0.10071516 0.23499298
          0.018310547 0.6775131 0.22583771 0.030517101 0.088508606 0.15259552
          0.015258789 0.0671463 0.03967285 0.018310547 0.11292267 0.02746582
          0.1831131 0.061042786 0.26551056 0.07324982 0.0030522346 1.2451553
          0.19532013 0.02746582 0.09460449 0.31128693 0.5523834 0.12207031
          0.030517578 0.021362305 0.030517101 0.030517578 0.17089844 0.045776367
          0.021362305 0.45777893 0.0030517578 0.19837141 0.103759766 0.0030522346
          1.1078186 0.07629347 0.033569813 0.9979553 0.20752716 0.25330257
          1.3092422 0.012207031 0.1617508 0.061035156 0.09461212 0.024414062
          0.12207794 0.024413586 0.009154797 0.106818676 0.41810608 0.08240509
          1.5656047 0.057991028 0.012214661 0.75075626 0.08850813 0.18920898
          0.10070801 0.03967285 0.50050354 0.06713867 0.051879406 0.1586914
          0.10681152 0.045776367 0.012206554 0.36621857 0.37537384 0.009155273
          0.051879883 0.061035156 0.2624588 0.20447493 0.25025177 0.5096588
          0.82094574 1.1566544 0.25330353 1.3794403 0.8239975 0.20752716
          0.45777893 0.030517578 0.3662262 0.11292219 0.08240509 0.02747345
          1.1993713 0.1159668 4.7683716e-07 0 0.5096588 0.05493164
          0.381485 0.08239746 0.030517578 0.036621094 1.940979 0.018310547
          0.009155273 0.0671463 0.024421692 0.17700958 0.061035156 0.335701
          0.02746582 0.015258789 0.10070801 0.729393 1.3397598 0.03967285
          0 0.64393616 0.47303772 0.02746582 0.091552734 0.57984924
          0.024414062 1.2329483 0.015258789 0.076301575 0.26856232 0.012207031
          0.0061035156 0.051887512 0.16480255 0.2166748 0.11291504 0.0061035156
          0.23804474 0.8606186 0.88503265 0.00915432 0.018310547 0.051879883
          0.22583771 0.024414062 0.0030508041 0.13427734 0.27161407 0.009155273
          0.009155273 0.024414062 0.22278595 0.42726135 0.0579834 0.1281805
          0.30519104 0.07019806 0.1831131 0.018310547 19.885864
        </DataArray>
        <DataArray type="Float32" Name="Birth" format="ascii" RangeMin="0" RangeMax="9.241004943847656">
          0.033569336 0.08850098 0.091552734 0.106811516 0.109863274 0.146492
          0.15564728 0.20752716 0.20752716 0.21668243 0.22888947 0.23194122
          0.23194122 0.23194122 0.25330353 0.25330353 0.2624588 0.2624588
          0.26856232 0.27161407 0.27466583 0.28382108 0.2838211 0.28992462
          0.28992462 0.29297638 0.30213165 0.3051834 0.3204422 0.335701
          0.3418045 0.34485626 0.34485626 0.34790802 0.34790802 0.34790805
          0.35401154 0.36621857 0.3692703 0.36927032 0.37538147 0.38453674
          0.3875885 0.3875885 0.3875885 0.39064026 0.39369202 0.39369202
          0.39674377 0.41200256 0.4242096 0.45167544 0.45472717 0.46388245
          0.47303772 0.48524475 0.49134827 0.49134827 0.49440005 0.49745178
          0.5035553 0.50660706 0.5096588 0.52186584 0.52796936 0.53712463
          0.53712463 0.5615387 0.57069397 0.57984924 0.582901 0.5920563
          0.5920563 0.59510803 0.60121155 0.6134186 0.6195221 0.6225815
          0.628685 0.6561508 0.66835785 0.68361664 0.6866684 0.68972015
          0.692772 0.71718603 0.72023773 0.74465173 0.76601416 0.77822113
          0.7995834 0.817894 0.8239975 0.830101 0.8301011 0.88198847
          0.8972473 0.8972474 0.9277649 0.9399719 0.9399719 0.96743774
          0.976593 0.9796447 0.9857483 0.9979553 0.9979553 1.0040588
          1.0101624 1.0254211 1.0284729 1.0406799 1.0834045 1.0986633
          1.1261368 1.1261368 1.1261368 1.1261368 1.1383439 1.1505508
          1.1566542 1.1597061 1.1688614 1.1688614 1.199379 1.2085341
          1.2115861 1.2298965 1.2451553 1.2482071 1.2604141 1.2634659
          1.2695694 1.2817763 1.2848282 1.28788 1.2909317 1.2970352
          1.3061905 1.3092422 1.324501 1.3458633 1.3519667 1.3733368
          1.3733369 1.3763885 1.3794403 1.3916473 1.4130096 1.4282684
          1.446579 1.4740448 1.4740448 1.4740448 1.5076143 1.5198212
          1.5228729 1.53508 1.5381317 1.547287 1.5533905 1.5533905
          1.5625458 1.5686494 1.6205292 1.6235884 1.6510544 1.6571579
          1.6571579 1.6602097 1.6754683 1.6754684 1.7029341 1.7029343
          1.7090378 1.7120895 1.7304001 1.7487105 1.7700729 1.7883835
          1.7914352 1.7914352 1.806694 1.8189012 1.8616257 1.870781
          1.870781 1.8738403 1.876892 1.8768922 1.9013062 1.9074097
          1.9104614 1.9348756 1.9379272 1.940979 1.940979 1.9440308
          1.9501343 1.953186 1.9623413 1.965393 1.9714966 1.9714966
          1.9714966 1.9745482 1.9745483 1.9776001 1.9837036 1.9837036
          1.9898071 1.9898071 1.9959106 1.9989625 2.0111694 2.0447388
          2.053894 2.0569458 2.0874634 2.0905151 2.093567 2.093567
          2.093567 2.0996704 2.0996706 2.1027222 2.1057737 2.117981
          2.124092 2.1362991 2.1454544 2.151558 2.1546097 2.163765
          2.1668165 2.1698685 2.1820755 2.188179 2.1942825 2.2034378
          2.2034378 2.2034378 2.2095413 2.227852 2.2370071 2.2431107
          2.2461624 2.2553174 2.2614212 2.2827835 2.2827835 2.2980423
          2.2980423 2.301094 2.3163528 2.3224564 2.325508 2.3346634
          2.3438187 2.3468704 2.3560257 2.3682327 2.3743439 2.3773956
          2.3804474 2.386551 2.386551 2.3896027 2.410965 2.414017
          2.4170685 2.423172 2.4536896 2.459793 2.4628448 2.4658966
          2.4903107 2.4933624 2.4994662 2.5086212 2.5147247 2.5208282
          2.5330353 2.5513458 2.5513458 2.5635529 2.600174 2.600174
          2.6154327 2.6245956 2.6276474 2.6398544 2.6490097 2.6612167
          2.6673203 2.6673203 2.670372 2.6734238 2.6764755 2.6886826
          2.7192004 2.734459 2.7405624 2.8199081 2.8321152 2.8565292
          2.8992615 2.9084167 2.9114685 2.9206238 2.9267273 2.9480896
          2.9602966 3.0213318 3.0213318 3.0335386 3.042694 3.0518494
          3.057953 3.082367 3.0854187 3.0884705 3.1250992 3.1342545
          3.1403577 3.1403577 3.1495132 3.1617203 3.2349625 3.2380142
          3.241066 3.241066 3.2441177 3.253273 3.2715836 3.2837906
          3.2837906 3.289894 3.3509293 3.3570328 3.3814545 3.387558
          3.424179 3.436386 3.451645 3.4791107 3.4821625 3.500473
          3.51268 3.5157318 3.5309904 3.5340424 3.5462492 3.5584564
          3.5676117 3.588974 3.5920258 3.5981293 3.6042328 3.6072845
          3.610336 3.6194916 3.622551 3.634758 3.6500168 3.6500168
          3.6530685 3.6561203 3.671379 3.7080002 3.7171555 3.723259
          3.723259 3.7263107 3.7324142 3.7415698 3.747673 3.772087
          3.7751389 3.7842941 3.7903976 3.8026047 3.8026047 3.8056562
          3.8178635 3.8209152 3.8270187 3.8331223 3.8422775 3.8544846
          3.8575363 3.860588 3.8666916 3.8666916 3.8666916 3.881958
          3.894165 3.8972168 3.906372 3.9094238 3.9094238 3.909424
          3.9124756 3.933838 3.9490967 3.958252 3.9613037 3.9643555
          3.9857178 3.9979248 4.0009766 4.010132 4.022339 4.0284424
          4.055908 4.071167 4.086426 4.086426 4.0925293 4.0925293
          4.1016846 4.119995 4.1230545 4.1230545 4.1352615 4.141365
          4.1596756 4.165779 4.168831 4.1840897 4.193245 4.2085037
          4.2085037 4.217659 4.217659 4.232918 4.2359695 4.2390213
          4.245125 4.2481766 4.25428 4.2634354 4.2634354 4.266487
          4.266487 4.2725906 4.2756424 4.278694 4.281746 4.3000565
          4.30616 4.330574 4.330574 4.330574 4.342781 4.3519363
          4.354988 4.3610916 4.3641434 4.3641434 4.370247 4.388565
          4.400772 4.400772 4.4068756 4.406876 4.4099274 4.4099274
          4.4099274 4.412979 4.412979 4.425186 4.428238 4.428238
          4.4312897 4.4343414 4.437393 4.440445 4.4465485 4.4465485
          4.4526515 4.4557037 4.4557037 4.4618073 4.464859 4.464859
          4.477066 4.480118 4.4862213 4.492325 4.495376 4.4953766
          4.4984283 4.504532 4.513687 4.513687 4.5319977 4.5350494
          4.538101 4.541153 4.5442047 4.5442047 4.5442047 4.5472565
          4.550308 4.5564117 4.565567 4.5747223 4.5838776 4.5869293
          4.5869293 4.614395 4.6204987 4.62661 4.6296616 4.647972
          4.647972 4.660179 4.6693344 4.675438 4.6784897 4.687645
          4.6968 4.7090073 4.715111 4.724266 4.727318 4.7303696
          4.7334213 4.736473 4.739525 4.74868 4.751732 4.763939
          4.7669907 4.7700424 4.7791977 4.7791977 4.7822495 4.7822495
          4.7853007 4.7914047 4.8097153 4.815819 4.815819 4.824974
          4.828026 4.837181 4.837181 4.840233 4.8463364 4.8463364
          4.849388 4.849388 4.861595 4.864647 4.8799133 4.8799133
          4.8890686 4.8921204 4.898224 4.9012756 4.9012756 4.907379
          4.9165344 4.922638 4.9287415 4.931793 4.931793 4.9378967
          4.9409485 4.9409485 4.9623113 4.9684143 4.9806213 4.9836726
          4.983673 4.983673 4.9928284 4.998932 4.9989324 4.9989324
          5.0019836 5.0172424 5.023346 5.035553 5.035553 5.0416565
          5.04776 5.0538635 5.0538635 5.0538635 5.0569153 5.0569153
          5.059967 5.063019 5.0660706 5.072174 5.0813293 5.0813293
          5.0813293 5.084381 5.087433 5.09964 5.108795 5.1118474
          5.1148987 5.121002 5.139321 5.142372 5.142372 5.145424
          5.1484756 5.154579 5.1606827 5.166786 5.1759415 5.178993
          5.182045 5.182045 5.1850967 5.1912003 5.206459 5.2156143
          5.218666 5.218666 5.221718 5.246132 5.2491837 5.255287
          5.2613907 5.2613907 5.2644424 5.2644424 5.267494 5.267494
          5.2735977 5.2735977 5.2766495 5.2766495 5.2888565 5.29496
          5.29496 5.298012 5.3010635 5.3041153 5.307167 5.307167
          5.3163223 5.319374 5.3254776 5.3254776 5.3254776 5.3254776
          5.3285294 5.331581 5.334633 5.334633 5.3407364 5.3437877
          5.34684 5.34684 5.3498917 5.359047 5.3620987 5.3620987
          5.3651505 5.3651505 5.368202 5.371254 5.371254 5.371254
          5.371254 5.377365 5.3804164 5.3865204 5.3865204 5.3865204
          5.389572 5.389572 5.389572 5.3956757 5.3956757 5.3987274
          5.401779 5.4078827 5.4109344 5.413986 5.413986 5.413986
          5.4200897 5.4200897 5.426193 5.426193 5.429245 5.4322968
          5.441452 5.4475555 5.4475555 5.4506073 5.4506073 5.456711
          5.456711 5.456711 5.4628143 5.4628143 5.481125 5.49028
          5.493332 5.4994354 5.502487 5.505539 5.5085907 5.5116425
          5.514694 5.514694 5.517746 5.517746 5.5269012 5.5330048
          5.5330048 5.536056 5.5360565 5.5391083 5.554367 5.5604706
          5.569626 5.5757294 5.578781 5.5848846 5.5848846 5.5848846
          5.590988 5.59404 5.5970917 5.5970917 5.5970917 5.603195
          5.6092987 5.6092987 5.6092987 5.6092987 5.618454 5.6306686
          5.639824 5.639824 5.6428757 5.6459274 5.6459274 5.648979
          5.648979 5.648979 5.6550827 5.6581345 5.661186 5.661186
          5.664238 5.664238 5.6672897 5.6703415 5.6733932 5.676445
          5.679497 5.679497 5.6825485 5.6856003 5.6856003 5.688652
          5.688652 5.691704 5.6947556 5.6947556 5.6978073 5.703911
          5.7069626 5.7100143 5.7191696 5.7313766 5.7313766 5.73748
          5.73748 5.740532 5.7466354 5.7466354 5.749687 5.752739
          5.752739 5.7557907 5.7557907 5.764946 5.764946 5.764946
          5.7710495 5.777153 5.780205 5.780205 5.780205 5.7832565
          5.7863083 5.7863083 5.78936 5.792412 5.792412 5.792412
          5.795463 5.7954636 5.7985153 5.801567 5.801567 5.8076706
          5.8076706 5.8076706 5.8076706 5.813774 5.813774 5.813774
          5.816826 5.8198776 5.8229294 5.82293 5.829033 5.829033
          5.829033 5.8351364 5.8351364 5.8351364 5.84124 5.8473434
          5.8473434 5.850395 5.8503957 5.853447 5.862602 5.8717575
          5.8717575 5.874817 5.8778687 5.896179 5.9022827 5.9022827
          5.908386 5.926697 5.926697 5.9297485 5.935852 5.938904
          5.945007 5.951111 5.951111 5.9541626 5.9572144 5.9633183
          5.9663696 5.9663696 5.975525 5.9785767 5.999939 6.0029907
          6.0060425 6.012146 6.0151978 6.0151978 6.0182495 6.024353
          6.027405 6.030457 6.03656 6.03656 6.039612 6.0426636
          6.0457153 6.051819 6.0548706 6.0548706 6.0579224 6.060974
          6.064026 6.064026 6.0670776 6.0670776 6.0670776 6.0701294
          6.073181 6.073181 6.0792847 6.0823364 6.0823364 6.0853877
          6.0914917 6.0914917 6.1067505 6.1220093 6.1250687 6.1281204
          6.134224 6.1372757 6.1403275 6.1525345 6.1555862 6.158638
          6.1677933 6.1800003 6.1891556 6.195259 6.2135696 6.2135696
          6.219673 6.2288284 6.234932 6.244087 6.2501907 6.2501907
          6.259346 6.259346 6.262398 6.274605 6.274605 6.2776566
          6.286812 6.286812 6.2929153 6.2929153 6.2929153 6.308174
          6.320381 6.3264847 6.3264847 6.329536 6.3417435 6.344795
          6.3539505 6.360054 6.3661575 6.3661575 6.378372 6.381424
          6.3875275 6.390579 6.3966827 6.4027863 6.4149933 6.4272003
          6.4272003 6.4272003 6.4394073 6.454666 6.457718 6.4607697
          6.4638214 6.4638214 6.469925 6.4729767 6.4760284 6.47908
          6.4851837 6.4851837 6.4973907 6.506546 6.506546 6.5157013
          6.521805 6.53096 6.534012 6.5370636 6.546219 6.5492706
          6.5492706 6.5523224 6.555374 6.5736847 6.5736847 6.5767365
          6.5858917 6.5919952 6.595047 6.610306 6.6164093 6.6225204
          6.6347275 6.640831 6.6438828 6.6438828 6.6469345 6.653038
          6.6591415 6.6744003 6.680504 6.692711 6.701866 6.704918
          6.7079697 6.7110214 6.729332 6.7384872 6.7384872 6.741539
          6.7476425 6.753746 6.765953 6.77816 6.7842636 6.790367
          6.793419 6.7964706 6.8147807 6.83004 6.8330917 6.8361435
          6.8361435 6.842247 6.854454 6.857506 6.8605576 6.875824
          6.875824 6.8788757 6.8788757 6.8819275 6.888031 6.891083
          6.891083 6.8941345 6.8941345 6.90329 6.9185486 6.9216003
          6.9216003 6.924652 6.952118 6.952118 6.9582214 6.9582214
          6.964325 6.9673767 6.976532 6.9948425 7.000946 7.000946
          7.007049 7.0101013 7.0101013 7.013153 7.0223083 7.037567
          7.0467224 7.0558777 7.065033 7.065033 7.0711365 7.07724
          7.0955505 7.0986023 7.101654 7.1077576 7.1199646 7.135231
          7.15049 7.1535416 7.1688 7.171852 7.187111 7.1901627
          7.1901627 7.196266 7.199318 7.199318 7.2145767 7.223732
          7.2298355 7.2298355 7.2298355 7.238991 7.248146 7.2573013
          7.2573013 7.263405 7.263405 7.275612 7.275612 7.275612
          7.284767 7.287819 7.287819 7.293923 7.296974 7.3030777
          7.312233 7.3152847 7.3183365 7.3213882 7.3274918 7.3305435
          7.339699 7.3458023 7.348854 7.351906 7.3610606 7.3671646
          7.3702164 7.3763275 7.3793793 7.3885345 7.3915863 7.394638
          7.394638 7.4007416 7.400742 7.409897 7.4160004 7.419052
          7.419052 7.422104 7.4251556 7.431259 7.431259 7.4373627
          7.4404144 7.4526215 7.4800873 7.4800873 7.4800873 7.4831395
          7.531967 7.531967 7.535019 7.5411224 7.556381 7.5624847
          7.5655365 7.5685883 7.583847 7.586899 7.586899 7.58995
          7.589951 7.6052094 7.611313 7.611313 7.614365 7.6235275
          7.6357346 7.641838 7.654045 7.6601486 7.6754074 7.6754074
          7.6754074 7.681511 7.6815114 7.6967697 7.705925 7.7150803
          7.721184 7.7364426 7.7394943 7.739495 7.742546 7.754753
          7.7608566 7.7639084 7.7639084 7.770012 7.779167 7.782219
          7.8005295 7.8005295 7.8157883 7.8157883 7.8371506 7.858513
          7.9195557 7.9195557 7.925659 7.953125 7.9622803 8.005005
          8.011108 8.01416 8.032471 8.035522 8.035522 8.0477295
          8.053833 8.069092 8.099609 8.105713 8.127083 8.127083
          8.142342 8.148445 8.151497 8.151497 8.151497 8.169807
          8.175911 8.188118 8.19117 8.252205 8.264412 8.270515
          8.270515 8.270515 8.2949295 8.297981 8.307137 8.31324
          8.325447 8.337654 8.343758 8.383438 8.4048 8.413956
          8.4414215 8.450577 8.465836 8.520767 8.539078 8.554337
          8.557388 8.566544 8.685571 8.6886215 8.722191 8.761864
          8.795433 8.847313 8.948029 8.972443 8.978546 9.063996
          9.085358 9.115875 9.207436 9.241005 0
        </DataArray>
        <DataArray type="UInt8" Name="IsFinite" format="ascii" RangeMin="0" RangeMax="1">
          0 1 1 1 1 1
          1 1 1 1 1 1
          1 1 1 1 1 1
          1 1 1 1 1 1
          1 1 1 1 1 1
          1 1 1 1 1 1
          1 1 1 1 1 1
          1 1 1 1 1 1
          1 1 1 1 1 1
          1 1 1 1 1 1
          1 1 1 1 1 1
          1 1 1 1 1 1
          1 1 1 1 1 1
          1 1 1 1 1 1
          1 1 1 1 1 1
          1 1 1 1 1 1
          1 1 1 1 1 1
          1 1 1 1 1 1
          1 1 1 1 1 1
          1 1 1 1 1 1
          1 1 1 1 1 1
          1 1 1 1 1 1
          1 1 1 1 1 1
          1 1 1 1 1 1
          1 1 1 1 1 1
          1 1 1 1 1 1
          1 1 1 1 1 1
          1 1 1 1 1 1
          1 1 1 1 1 1
          1 1 1 1 1 1
          1 1 1 1 1 1
          1 1 1 1 1 1
          1 1 1 1 1 1
          1 1 1 1 1 1
          1 1 1 1 1 1
          1 1 1 1 1 1
          1 1 1 1 1 1
          1 1 1 1 1 1
          1 1 1 1 1 1
          1 1 1 1 1 1
          1 1 1 1 1 1
          1 1 1 1 1 1
          1 1 1 1 1 1
          1 1 1 1 1 1
          1 1 1 1 1 1
          1 1 1 1 1 1
          1 1 1 1 1 1
          1 1 1 1 1 1
          1 1 1 1 1 1
          1 1 1 1 1 1
          1 1 1 1 1 1
          1 1 1 1 1 1
          1 1 1 1 1 1
          1 1 1 1 1 1
          1 1 1 1 1 1
          1 1 1 1 1 1
          1 1 1 1 1 1
          1 1 1 1 1 1
          1 1 1 1 1 1
          1 1 1 1 1 1
          1 1 1 1 1 1
          1 1 1 1 1 1
          1 1 1 1 1 1
          1 1 1 1 1 1
          1 1 1 1 1 1
          1 1 1 1 1 1
          1 1 1 1 1 1
          1 1 1 1 1 1
          1 1 1 1 1 1
          1 1 1 1 1 1
          1 1 1 1 1 1
          1 1 1 1 1 1
          1 1 1 1 1 1
          1 1 1 1 1 1
          1 1 1 1 1 1
          1 1 1 1 1 1
          1 1 1 1 1 1
          1 1 1 1 1 1
          1 1 1 1 1 1
          1 1 1 1 1 1
          1 1 1 1 1 1
          1 1 1 1 1 1
          1 1 1 1 1 1
          1 1 1 1 1 1
          1 1 1 1 1 1
          1 1 1 1 1 1
          1 1 1 1 1 1
          1 1 1 1 1 1
          1 1 1 1 1 1
          1 1 1 1 1 1
          1 1 1 1 1 1
          1 1 1 1 1 1
          1 1 1 1 1 1
          1 1 1 1 1 1
          1 1 1 1 1 1
          1 1 1 1 1 1
          1 1 1 1 1 1
          1 1 1 1 1 1
          1 1 1 1 1 1
          1 1 1 1 1 1
          1 1 1 1 1 1
          1 1 1 1 1 1
          1 1 1 1 1 1
          1 1 1 1 1 1
          1 1 1 1 1 1
          1 1 1 1 1 1
          1 1 1 1 1 1
          1 1 1 1 1 1
          1 1 1 1 1 1
          1 1 1 1 1 1
          1 1 1 1 1 1
          1 1 1 1 1 1
          1 1 1 1 1 1
          1 1 1 1 1 1
          1 1 1 1 1 1
          1 1 1 1 1 1
          1 1 1 1 1 1
          1 1 1 1 1 1
          1 1 1 1 1 1
          1 1 1 1 1 1
          1 1 1 1 1 1
          1 1 1 1 1 1
          1 1 1 1 1 1
          1 1 1 1 1 1
          1 1 1 1 1 1
          1 1 1 1 1 1
          1 1 1 1 1 1
          1 1 1 1 1 1
          1 1 1 1 1 1
          1 1 1 1 1 1
          1 1 1 1 1 1
          1 1 1 1 1 1
          1 1 1 1 1 1
          1 1 1 1 1 1
          1 1 1 1 1 1
          1 1 1 1 1 1
          1 1 1 1 1 1
          1 1 1 1 1 1
          1 1 1 1 1 1
          1 1 1 1 1 1
          1 1 1 1 1 1
          1 1 1 1 1 1
          1 1 1 1 1 1
          1 1 1 1 1 1
          1 1 1 1 1 1
          1 1 1 1 1 1
          1 1 1 1 1 1
          1 1 1 1 1 1
          1 1 1 1 1 1
          1 1 1 1 1 1
          1 1 1 1 1 1
          1 1 1 1 1 1
          1 1 1 1 1 1
          1 1 1 1 1 1
          1 1 1 1 1 1
          1 1 1 1 1 1
          1 1 1 1 1 1
          1 1 1 1 1 1
          1 1 1 1 1 1
          1 1 1 1 1 1
          1 1 1 1 1 1
          1 1 1 1 1 1
          1 1 1 1 1 1
          1 1 1 1 1 1
          1 1 1 1 1 1
          1 1 1 1 1 1
          1 1 1 1 1 1
          1 1 1 1 1 1
          1 1 1 1 1 1
          1 1 1 1 1 1
          1 1 1 1 1 1
          1 1 1 1 1 1
          1 1 1 1 1 1
          1 1 1 1 1 1
          1 1 1 1 1 1
          1 1 1 1 1 1
          1 1 1 1 1 1
          1 1 1 1 1 1
          1 1 1 1 1 1
          1 1 1 1 1 1
          1 1 1 1 1 1
          1 1 1 1 1 1
          1 1 1 1 1 1
          1 1 1 1 1 1
          1 1 1 1 1 1
          1 1 1 1 1 1
          1 1 1 1 1 1
          1 1 1 1 1 1
          1 1 1 1 1 1
          1 1 1 1 1 1
          1 1 1 1 1 1
          1 1 1 1 1 1
          1 1 1 1 1 1
          1 1 1 1 1 1
          1 1 1 1 1 1
          1 1 1 1 1 1
          1 1 1 1 1 1
          1 1 1 1 1 1
          1 1 1 1 1 1
          1 1 1 1 1 1
          1 1 1 1 1 1
          1 1 1 1 1 1
          1 1 1 1 1 1
          1 1 1 1 1 1
          1 1 1 1 1 1
          1 1 1 1 0
        </DataArray>
      </CellData>
      <Points>
        <DataArray type="Float32" Name="Points" NumberOfComponents="3" format="ascii" RangeMin="0.04747421016267104" RangeMax="13.151398232682228">
          0.033569336 0.033569336 0 0.033569336 9.976501 0
          0.08850098 0.08850098 0 0.08850098 2.4567413 0
          0.091552734 0.091552734 0 0.091552734 0.18921661 0
          0.106811516 0.106811516 0 0.106811516 1.4526825 0
          0.109863274 0.109863274 0 0.109863274 0.1617508 0
          0.146492 0.146492 0 0.146492 0.21057893 0
          0.15564728 0.15564728 0 0.15564728 0.16480257 0
          0.20752716 0.20752716 0 0.20752716 1.1322403 0
          0.20752716 0.20752716 0 0.20752716 0.9918518 0
          0.21668243 0.21668243 0 0.21668243 0.92471313 0
          0.22888947 0.22888947 0 0.22888947 0.44252014 0
          0.23194122 0.23194122 0 0.23194122 0.39369202 0
          0.23194122 0.23194122 0 0.23194122 0.31739044 0
          0.23194122 0.23194122 0 0.23194122 0.53712463 0
          0.25330353 0.25330353 0 0.25330353 0.47303772 0
          0.25330353 0.25330353 0 0.25330353 1.0376282 0
          0.2624588 0.2624588 0 0.2624588 0.8209458 0
          0.2624588 0.2624588 0 0.2624588 1.2360001 0
          0.26856232 0.26856232 0 0.26856232 0.8880921 0
          0.27161407 0.27161407 0 0.27161407 0.3723297 0
          0.27466583 0.27466583 0 0.27466583 0.31739044 0
          0.28382108 0.28382108 0 0.28382108 0.44862366 0
          0.2838211 0.2838211 0 0.2838211 0.33264923 0
          0.28992462 0.28992462 0 0.28992462 0.32349396 0
          0.28992462 0.28992462 0 0.28992462 0.9277649 0
          0.29297638 0.29297638 0 0.29297638 0.3723297 0
          0.30213165 0.30213165 0 0.30213165 0.4242096 0
          0.3051834 0.3051834 0 0.3051834 0.5890045 0
          0.3204422 0.3204422 0 0.3204422 0.43336487 0
          0.335701 0.335701 0 0.335701 0.86367035 0
          0.3418045 0.3418045 0 0.3418045 0.44252014 0
          0.34485626 0.34485626 0 0.34485626 0.43641666 0
          0.34485626 0.34485626 0 0.34485626 0.44557193 0
          0.34790802 0.34790802 0 0.34790802 0.35095978 0
          0.34790802 0.34790802 0 0.34790802 0.46998596 0
          0.34790805 0.34790805 0 0.34790805 0.41810608 0
          0.35401154 0.35401154 0 0.35401154 0.43336487 0
          0.36621857 0.36621857 0 0.36621857 0.67446136 0
          0.3692703 0.3692703 0 0.3692703 0.4089508 0
          0.36927032 0.36927032 0 0.36927032 0.6195221 0
          0.37538147 0.37538147 0 0.37538147 0.4089508 0
          0.38453674 0.38453674 0 0.38453674 0.42115784 0
          0.3875885 0.3875885 0 0.3875885 0.41505432 0
          0.3875885 0.3875885 0 0.3875885 0.41200256 0
          0.3875885 0.3875885 0 0.3875885 0.54933167 0
          0.39064026 0.39064026 0 0.39064026 0.44862366 0
          0.39369202 0.39369202 0 0.39369202 0.4089508 0
          0.39369202 0.39369202 0 0.39369202 0.39674377 0
          0.39674377 0.39674377 0 0.39674377 0.49745178 0
          0.41200256 0.41200256 0 0.41200256 0.6378403 0
          0.4242096 0.4242096 0 0.4242096 0.43336487 0
          0.45167544 0.45167544 0 0.45167544 0.61647034 0
          0.45472717 0.45472717 0 0.45472717 0.47303772 0
          0.46388245 0.46388245 0 0.46388245 0.8423081 0
          0.47303772 0.47303772 0 0.47303772 0.53712463 0
          0.48524475 0.48524475 0 0.48524475 0.49745178 0
          0.49134827 0.49134827 0 0.49134827 0.50660706 0
          0.49134827 0.49134827 0 0.49134827 0.52796936 0
          0.49440005 0.49440005 0 0.49440005 0.53712463 0
          0.49745178 0.49745178 0 0.49745178 4.095581 0
          0.5035553 0.5035553 0 0.5035553 0.59510803 0
          0.50660706 0.50660706 0 0.50660706 0.5157623 0
          0.5096588 0.5096588 0 0.5096588 0.5737457 0
          0.52186584 0.52186584 0 0.52186584 0.52186584 0
          0.52796936 0.52796936 0 0.52796936 1.2695694 0
          0.53712463 0.53712463 0 0.53712463 2.0477905 0
          0.53712463 0.53712463 0 0.53712463 3.4333344 0
          0.5615387 0.5615387 0 0.5615387 0.5676422 0
          0.57069397 0.57069397 0 0.57069397 0.6042633 0
          0.57984924 0.57984924 0 0.57984924 1.1841202 0
          0.582901 0.582901 0 0.582901 0.65309906 0
          0.5920563 0.5920563 0 0.5920563 0.7629623 0
          0.5920563 0.5920563 0 0.5920563 0.63173676 0
          0.59510803 0.59510803 0 0.59510803 1.6724167 0
          0.60121155 0.60121155 0 0.60121155 0.6866684 0
          0.6134186 0.6134186 0 0.6134186 1.4069061 0
          0.6195221 0.6195221 0 0.6195221 0.62563324 0
          0.6225815 0.6225815 0 0.6225815 0.6256332 0
          0.628685 0.628685 0 0.628685 0.65309906 0
          0.6561508 0.6561508 0 0.6561508 0.9613342 0
          0.66835785 0.66835785 0 0.66835785 0.68361664 0
          0.68361664 0.68361664 0 0.68361664 0.6988754 0
          0.6866684 0.6866684 0 0.6866684 0.69582367 0
          0.68972015 0.68972015 0 0.68972015 0.69582367 0
          0.692772 0.692772 0 0.692772 1.53508 0
          0.71718603 0.71718603 0 0.71718603 1.1017151 0
          0.72023773 0.72023773 0 0.72023773 0.76296234 0
          0.74465173 0.74465173 0 0.74465173 4.345833 0
          0.76601416 0.76601416 0 0.76601416 0.84841156 0
          0.77822113 0.77822113 0 0.77822113 0.8026352 0
          0.7995834 0.7995834 0 0.7995834 1.0010071 0
          0.817894 0.817894 0 0.817894 0.82704926 0
          0.8239975 0.8239975 0 0.8239975 0.939972 0
          0.830101 0.830101 0 0.830101 0.8453598 0
          0.8301011 0.8301011 0 0.8301011 0.8423081 0
          0.88198847 0.88198847 0 0.88198847 1.2268448 0
          0.8972473 0.8972473 0 0.8972473 0.9002991 0
          0.8972474 0.8972474 0 0.8972474 5.664238 0
          0.9277649 0.9277649 0 0.9277649 1.5686493 0
          0.9399719 0.9399719 0 0.9399719 0.9979553 0
          0.9399719 0.9399719 0 0.9399719 4.342781 0
          0.96743774 0.96743774 0 0.96743774 3.5431976 0
          0.976593 0.976593 0 0.976593 4.1596756 0
          0.9796447 0.9796447 0 0.9796447 1.0254211 0
          0.9857483 0.9857483 0 0.9857483 1.0132141 0
          0.9979553 0.9979553 0 0.9979553 1.1810684 0
          0.9979553 0.9979553 0 0.9979553 3.094574 0
          1.0040588 1.0040588 0 1.0040588 2.423172 0
          1.0101624 1.0101624 0 1.0101624 1.1810684 0
          1.0254211 1.0254211 0 1.0254211 2.2064896 0
          1.0284729 1.0284729 0 1.0284729 1.028473 0
          1.0406799 1.0406799 0 1.0406799 1.4435272 0
          1.0834045 1.0834045 0 1.0834045 1.2695694 0
          1.0986633 1.0986633 0 1.0986633 1.0986634 0
          1.1261368 1.1261368 0 1.1261368 1.2085341 0
          1.1261368 1.1261368 0 1.1261368 1.1566544 0
          1.1261368 1.1261368 0 1.1261368 2.0386353 0
          1.1261368 1.1261368 0 1.1261368 1.1841202 0
          1.1383439 1.1383439 0 1.1383439 1.147499 0
          1.1505508 1.1505508 0 1.1505508 1.312294 0
          1.1566542 1.1566542 0 1.1566542 1.1658096 0
          1.1597061 1.1597061 0 1.1597061 1.1719131 0
          1.1688614 1.1688614 0 1.1688614 1.1688614 0
          1.1688614 1.1688614 0 1.1688614 2.1790237 0
          1.199379 1.199379 0 1.199379 4.2146072 0
          1.2085341 1.2085341 0 1.2085341 1.324501 0
          1.2115861 1.2115861 0 1.2115861 1.2634659 0
          1.2298965 1.2298965 0 1.2298965 2.0111694 0
          1.2451553 1.2451553 0 1.2451553 1.2665176 0
          1.2482071 1.2482071 0 1.2482071 1.2634659 0
          1.2604141 1.2604141 0 1.2604141 1.4526825 0
          1.2634659 1.2634659 0 1.2634659 1.3214493 0
          1.2695694 1.2695694 0 1.2695694 1.3428116 0
          1.2817763 1.2817763 0 1.2817763 1.3824921 0
          1.2848282 1.2848282 0 1.2848282 1.3275528 0
          1.28788 1.28788 0 1.28788 1.3458633 0
          1.2909317 1.2909317 0 1.2909317 1.3183975 0
          1.2970352 1.2970352 0 1.2970352 1.3367081 0
          1.3061905 1.3061905 0 1.3061905 1.312294 0
          1.3092422 1.3092422 0 1.3092422 1.3183975 0
          1.324501 1.324501 0 1.324501 3.329567 0
          1.3458633 1.3458633 0 1.3458633 1.5564424 0
          1.3519667 1.3519667 0 1.3519667 2.3468702 0
          1.3733368 1.3733368 0 1.3733368 1.6174774 0
          1.3733369 1.3733369 0 1.3733369 1.4740448 0
          1.3763885 1.3763885 0 1.3763885 1.9440309 0
          1.3794403 1.3794403 0 1.3794403 2.706993 0
          1.3916473 1.3916473 0 1.3916473 1.5930634 0
          1.4130096 1.4130096 0 1.4130096 1.8311081 0
          1.4282684 1.4282684 0 1.4282684 1.4282684 0
          1.446579 1.446579 0 1.446579 1.458786 0
          1.4740448 1.4740448 0 1.4740448 4.242073 0
          1.4740448 1.4740448 0 1.4740448 1.4893036 0
          1.4740448 1.4740448 0 1.4740448 1.7670212 0
          1.5076143 1.5076143 0 1.5076143 1.547287 0
          1.5198212 1.5198212 0 1.5198212 1.9013062 0
          1.5228729 1.5228729 0 1.5228729 3.3845062 0
          1.53508 1.53508 0 1.53508 1.5564423 0
          1.5381317 1.5381317 0 1.5381317 1.5503387 0
          1.547287 1.547287 0 1.547287 1.8311081 0
          1.5533905 1.5533905 0 1.5533905 3.0335388 0
          1.5533905 1.5533905 0 1.5533905 1.7487106 0
          1.5625458 1.5625458 0 1.5625458 1.5991669 0
          1.5686494 1.5686494 0 1.5686494 3.3387222 0
          1.6205292 1.6205292 0 1.6205292 1.6205292 0
          1.6235884 1.6235884 0 1.6235884 1.9501344 0
          1.6510544 1.6510544 0 1.6510544 1.6907274 0
          1.6571579 1.6571579 0 1.6571579 1.8158493 0
          1.6571579 1.6571579 0 1.6571579 1.6663132 0
          1.6602097 1.6602097 0 1.6602097 1.6998825 0
          1.6754683 1.6754683 0 1.6754683 1.7883835 0
          1.6754684 1.6754684 0 1.6754684 2.4414825 0
          1.7029341 1.7029341 0 1.7029341 2.0905151 0
          1.7029343 1.7029343 0 1.7029343 1.7731247 0
          1.7090378 1.7090378 0 1.7090378 1.7487106 0
          1.7120895 1.7120895 0 1.7120895 3.613388 0
          1.7304001 1.7304001 0 1.7304001 1.8341599 0
          1.7487105 1.7487105 0 1.7487105 1.7578659 0
          1.7700729 1.7700729 0 1.7700729 1.904358 0
          1.7883835 1.7883835 0 1.7883835 1.9623413 0
          1.7914352 1.7914352 0 1.7914352 1.7914352 0
          1.7914352 1.7914352 0 1.7914352 1.8463669 0
          1.806694 1.806694 0 1.806694 1.8250046 0
          1.8189012 1.8189012 0 1.8189012 1.8799438 0
          1.8616257 1.8616257 0 1.8616257 2.151558 0
          1.870781 1.870781 0 1.870781 1.9653931 0
          1.870781 1.870781 0 1.870781 2.612381 0
          1.8738403 1.8738403 0 1.8738403 2.1729202 0
          1.876892 1.876892 0 1.876892 2.0508423 0
          1.8768922 1.8768922 0 1.8768922 2.859581 0
          1.9013062 1.9013062 0 1.9013062 1.9623413 0
          1.9074097 1.9074097 0 1.9074097 2.301094 0
          1.9104614 1.9104614 0 1.9104614 1.9226686 0
          1.9348756 1.9348756 0 1.9348756 1.953186 0
          1.9379272 1.9379272 0 1.9379272 1.9592896 0
          1.940979 1.940979 0 1.940979 1.9409791 0
          1.940979 1.940979 0 1.940979 2.0874634 0
          1.9440308 1.9440308 0 1.9440308 2.1576612 0
          1.9501343 1.9501343 0 1.9501343 1.9928589 0
          1.953186 1.953186 0 1.953186 2.0569458 0
          1.9623413 1.9623413 0 1.9623413 2.0325317 0
          1.965393 1.965393 0 1.965393 2.0081177 0
          1.9714966 1.9714966 0 1.9714966 3.2136002 0
          1.9714966 1.9714966 0 1.9714966 2.990814 0
          1.9714966 1.9714966 0 1.9714966 1.9989624 0
          1.9745482 1.9745482 0 1.9745482 4.2115555 0
          1.9745483 1.9745483 0 1.9745483 2.1485064 0
          1.9776001 1.9776001 0 1.9776001 2.832115 0
          1.9837036 1.9837036 0 1.9837036 1.9928589 0
          1.9837036 1.9837036 0 1.9837036 1.9898071 0
          1.9898071 1.9898071 0 1.9898071 2.0233765 0
          1.9898071 1.9898071 0 1.9898071 2.835167 0
          1.9959106 1.9959106 0 1.9959106 2.0874634 0
          1.9989625 1.9989625 0 1.9989625 2.0905151 0
          2.0111694 2.0111694 0 2.0111694 2.0905151 0
          2.0447388 2.0447388 0 2.0447388 2.053894 0
          2.053894 2.053894 0 2.053894 2.682579 0
          2.0569458 2.0569458 0 2.0569458 2.0752563 0
          2.0874634 2.0874634 0 2.0874634 2.5940704 0
          2.0905151 2.0905151 0 2.0905151 3.1434097 0
          2.093567 2.093567 0 2.093567 2.139351 0
          2.093567 2.093567 0 2.093567 2.200386 0
          2.093567 2.093567 0 2.093567 2.4567413 0
          2.0996704 2.0996704 0 2.0996704 2.1362991 0
          2.0996706 2.0996706 0 2.0996706 2.7192 0
          2.1027222 2.1027222 0 2.1027222 2.340767 0
          2.1057737 2.1057737 0 2.1057737 3.4821625 0
          2.117981 2.117981 0 2.117981 2.3133008 0
          2.124092 2.124092 0 2.124092 2.1454544 0
          2.1362991 2.1362991 0 2.1362991 2.6154327 0
          2.1454544 2.1454544 0 2.1454544 2.1668167 0
          2.151558 2.151558 0 2.151558 2.3102493 0
          2.1546097 2.1546097 0 2.1546097 3.0976257 0
          2.163765 2.163765 0 2.163765 2.3407671 0
          2.1668165 2.1668165 0 2.1668165 2.548294 0
          2.1698685 2.1698685 0 2.1698685 2.2339554 0
          2.1820755 2.1820755 0 2.1820755 2.3834991 0
          2.188179 2.188179 0 2.188179 2.3621292 0
          2.1942825 2.1942825 0 2.1942825 2.2095416 0
          2.2034378 2.2034378 0 2.2034378 2.243111 0
          2.2034378 2.2034378 0 2.2034378 2.2095413 0
          2.2034378 2.2034378 0 2.2034378 2.2186966 0
          2.2095413 2.2095413 0 2.2095413 2.3468704 0
          2.227852 2.227852 0 2.227852 2.4628448 0
          2.2370071 2.2370071 0 2.2370071 2.3071976 0
          2.2431107 2.2431107 0 2.2431107 3.3234634 0
          2.2461624 2.2461624 0 2.2461624 2.4079132 0
          2.2553174 2.2553174 0 2.2553174 4.0528564 0
          2.2614212 2.2614212 0 2.2614212 2.3377151 0
          2.2827835 2.2827835 0 2.2827835 2.3071976 0
          2.2827835 2.2827835 0 2.2827835 2.301094 0
          2.2980423 2.2980423 0 2.2980423 2.5421906 0
          2.2980423 2.2980423 0 2.2980423 2.301094 0
          2.301094 2.301094 0 2.301094 2.954193 0
          2.3163528 2.3163528 0 2.3163528 2.365181 0
          2.3224564 2.3224564 0 2.3224564 2.8015976 0
          2.325508 2.325508 0 2.325508 3.0274353 0
          2.3346634 2.3346634 0 2.3346634 2.3560257 0
          2.3438187 2.3438187 0 2.3438187 2.3590775 0
          2.3468704 2.3468704 0 2.3468704 2.365181 0
          2.3560257 2.3560257 0 2.3560257 2.4140167 0
          2.3682327 2.3682327 0 2.3682327 2.3804474 0
          2.3743439 2.3743439 0 2.3743439 2.5269318 0
          2.3773956 2.3773956 0 2.3773956 2.3926544 0
          2.3804474 2.3804474 0 2.3804474 2.4445343 0
          2.386551 2.386551 0 2.386551 2.398758 0
          2.386551 2.386551 0 2.386551 2.4079132 0
          2.3896027 2.3896027 0 2.3896027 2.4414823 0
          2.410965 2.410965 0 2.410965 2.5330355 0
          2.414017 2.414017 0 2.414017 3.109833 0
          2.4170685 2.4170685 0 2.4170685 2.4567413 0
          2.423172 2.423172 0 2.423172 2.4475858 0
          2.4536896 2.4536896 0 2.4536896 2.459793 0
          2.459793 2.459793 0 2.459793 2.8168564 0
          2.4628448 2.4628448 0 2.4628448 2.5421906 0
          2.4658966 2.4658966 0 2.4658966 2.6856308 0
          2.4903107 2.4903107 0 2.4903107 2.587967 0
          2.4933624 2.4933624 0 2.4933624 2.7314072 0
          2.4994662 2.4994662 0 2.4994662 3.0487974 0
          2.5086212 2.5086212 0 2.5086212 2.9023132 0
          2.5147247 2.5147247 0 2.5147247 2.52388 0
          2.5208282 2.5208282 0 2.5208282 2.670372 0
          2.5330353 2.5330353 0 2.5330353 2.587967 0
          2.5513458 2.5513458 0 2.5513458 2.6154327 0
          2.5513458 2.5513458 0 2.5513458 2.706993 0
          2.5635529 2.5635529 0 2.5635529 2.941986 0
          2.600174 2.600174 0 2.600174 2.6245956 0
          2.600174 2.600174 0 2.600174 2.8199081 0
          2.6154327 2.6154327 0 2.6154327 2.6795273 0
          2.6245956 2.6245956 0 2.6245956 3.0365906 0
          2.6276474 2.6276474 0 2.6276474 2.7192001 0
          2.6398544 2.6398544 0 2.6398544 3.2380142 0
          2.6490097 2.6490097 0 2.6490097 2.6551132 0
          2.6612167 2.6612167 0 2.6612167 2.734459 0
          2.6673203 2.6673203 0 2.6673203 2.7741318 0
          2.6673203 2.6673203 0 2.6673203 4.318367 0
          2.670372 2.670372 0 2.670372 2.7283554 0
          2.6734238 2.6734238 0 2.6734238 2.682579 0
          2.6764755 2.6764755 0 2.6764755 2.7283554 0
          2.6886826 2.6886826 0 2.6886826 2.6917343 0
          2.7192004 2.7192004 0 2.7192004 2.7253036 0
          2.734459 2.734459 0 2.734459 3.0549011 0
          2.7405624 2.7405624 0 2.7405624 3.0671082 0
          2.8199081 2.8199081 0 2.8199081 3.0762634 0
          2.8321152 2.8321152 0 2.8321152 2.9633484 0
          2.8565292 2.8565292 0 2.8565292 2.9145203 0
          2.8992615 2.8992615 0 2.8992615 2.9389343 0
          2.9084167 2.9084167 0 2.9084167 2.9236755 0
          2.9114685 2.9114685 0 2.9114685 2.9145203 0
          2.9206238 2.9206238 0 2.9206238 3.0854187 0
          2.9267273 2.9267273 0 2.9267273 3.1403577 0
          2.9480896 2.9480896 0 2.9480896 2.9847107 0
          2.9602966 2.9602966 0 2.9602966 3.0030212 0
          3.0213318 3.0213318 0 3.0213318 3.485214 0
          3.0213318 3.0213318 0 3.0213318 4.6113434 0
          3.0335386 3.0335386 0 3.0335386 3.042694 0
          3.042694 3.042694 0 3.042694 3.042694 0
          3.0518494 3.0518494 0 3.0518494 4.580826 0
          3.057953 3.057953 0 3.057953 3.2105484 0
          3.082367 3.082367 0 3.082367 3.0884705 0
          3.0854187 3.0854187 0 3.0854187 3.500473 0
          3.0884705 3.0884705 0 3.0884705 3.497421 0
          3.1250992 3.1250992 0 3.1250992 3.2471695 0
          3.1342545 3.1342545 0 3.1342545 3.6774826 0
          3.1403577 3.1403577 0 3.1403577 3.2685318 0
          3.1403577 3.1403577 0 3.1403577 3.216652 0
          3.1495132 3.1495132 0 3.1495132 3.2380142 0
          3.1617203 3.1617203 0 3.1617203 4.165779 0
          3.2349625 3.2349625 0 3.2349625 3.4821625 0
          3.2380142 3.2380142 0 3.2380142 3.2471695 0
          3.241066 3.241066 0 3.241066 3.2471695 0
          3.241066 3.241066 0 3.241066 3.4089203 0
          3.2441177 3.2441177 0 3.2441177 3.2990494 0
          3.253273 3.253273 0 3.253273 3.5340424 0
          3.2715836 3.2715836 0 3.2715836 3.4058685 0
          3.2837906 3.2837906 0 3.2837906 3.6256025 0
          3.2837906 3.2837906 0 3.2837906 3.436386 0
          3.289894 3.289894 0 3.289894 3.4943695 0
          3.3509293 3.3509293 0 3.3509293 3.3845062 0
          3.3570328 3.3570328 0 3.3570328 3.4394379 0
          3.3814545 3.3814545 0 3.3814545 4.00708 0
          3.387558 3.387558 0 3.387558 3.4485934 0
          3.424179 3.424179 0 3.424179 3.7781906 0
          3.436386 3.436386 0 3.436386 3.6622238 0
          3.451645 3.451645 0 3.451645 3.5859222 0
          3.4791107 3.4791107 0 3.4791107 3.4821625 0
          3.4821625 3.4821625 0 3.4821625 3.4852142 0
          3.500473 3.500473 0 3.500473 3.524887 0
          3.51268 3.51268 0 3.51268 3.8514328 0
          3.5157318 3.5157318 0 3.5157318 3.5218353 0
          3.5309904 3.5309904 0 3.5309904 3.5706635 0
          3.5340424 3.5340424 0 3.5340424 4.7975082 0
          3.5462492 3.5462492 0 3.5462492 3.8544843 0
          3.5584564 3.5584564 0 3.5584564 3.6835861 0
          3.5676117 3.5676117 0 3.5676117 3.906372 0
          3.588974 3.588974 0 3.588974 3.5920258 0
          3.5920258 3.5920258 0 3.5920258 3.7080002 0
          3.5981293 3.5981293 0 3.5981293 4.0742188 0
          3.6042328 3.6042328 0 3.6042328 3.7903974 0
          3.6072845 3.6072845 0 3.6072845 3.6286545 0
          3.610336 3.610336 0 3.610336 4.055908 0
          3.6194916 3.6194916 0 3.6194916 4.0284424 0
          3.622551 3.622551 0 3.622551 3.6286545 0
          3.634758 3.634758 0 3.634758 3.8850098 0
          3.6500168 3.6500168 0 3.6500168 3.7080002 0
          3.6500168 3.6500168 0 3.6500168 3.7354658 0
          3.6530685 3.6530685 0 3.6530685 3.6927414 0
          3.6561203 3.6561203 0 3.6561203 4.3733063 0
          3.671379 3.671379 0 3.671379 3.6988451 0
          3.7080002 3.7080002 0 3.7080002 3.9887695 0
          3.7171555 3.7171555 0 3.7171555 3.735466 0
          3.723259 3.723259 0 3.723259 3.836174 0
          3.723259 3.723259 0 3.723259 4.071167 0
          3.7263107 3.7263107 0 3.7263107 7.64489 0
          3.7324142 3.7324142 0 3.7324142 4.168831 0
          3.7415698 3.7415698 0 3.7415698 4.0894775 0
          3.747673 3.747673 0 3.747673 4.2878494 0
          3.772087 3.772087 0 3.772087 3.7965012 0
          3.7751389 3.7751389 0 3.7751389 3.894165 0
          3.7842941 3.7842941 0 3.7842941 5.2400284 0
          3.7903976 3.7903976 0 3.7903976 4.046753 0
          3.8026047 3.8026047 0 3.8026047 3.9063723 0
          3.8026047 3.8026047 0 3.8026047 4.3244705 0
          3.8056562 3.8056562 0 3.8056562 3.8819582 0
          3.8178635 3.8178635 0 3.8178635 3.8911133 0
          3.8209152 3.8209152 0 3.8209152 3.8422775 0
          3.8270187 3.8270187 0 3.8270187 3.8758545 0
          3.8331223 3.8331223 0 3.8331223 4.0650635 0
          3.8422775 3.8422775 0 3.8422775 4.318367 0
          3.8544846 3.8544846 0 3.8544846 4.0009766 0
          3.8575363 3.8575363 0 3.8575363 3.860588 0
          3.860588 3.860588 0 3.860588 3.8728027 0
          3.8666916 3.8666916 0 3.8666916 3.982666 0
          3.8666916 3.8666916 0 3.8666916 3.8666916 0
          3.8666916 3.8666916 0 3.8666916 3.9490967 0
          3.881958 3.881958 0 3.881958 3.9033206 0
          3.894165 3.894165 0 3.894165 4.168831 0
          3.8972168 3.8972168 0 3.8972168 3.9368896 0
          3.906372 3.906372 0 3.906372 4.1383133 0
          3.9094238 3.9094238 0 3.9094238 3.9368896 0
          3.9094238 3.9094238 0 3.9094238 4.0772705 0
          3.909424 3.909424 0 3.909424 4.5228424 0
          3.9124756 3.9124756 0 3.9124756 3.970459 0
          3.933838 3.933838 0 3.933838 3.9674072 0
          3.9490967 3.9490967 0 3.9490967 4.046753 0
          3.958252 3.958252 0 3.958252 4.05896 0
          3.9613037 3.9613037 0 3.9613037 4.3580403 0
          3.9643555 3.9643555 0 3.9643555 3.994873 0
          3.9857178 3.9857178 0 3.9857178 4.2634354 0
          3.9979248 3.9979248 0 3.9979248 4.010132 0
          4.0009766 4.0009766 0 4.0009766 4.2359695 0
          4.010132 4.010132 0 4.010132 4.043701 0
          4.022339 4.022339 0 4.022339 4.107788 0
          4.0284424 4.0284424 0 4.0284424 4.0620117 0
          4.055908 4.055908 0 4.055908 4.1138916 0
          4.071167 4.071167 0 4.071167 4.3519363 0
          4.086426 4.086426 0 4.086426 4.3733063 0
          4.086426 4.086426 0 4.086426 4.1962967 0
          4.0925293 4.0925293 0 4.0925293 5.740532 0
          4.0925293 4.0925293 0 4.0925293 4.5625153 0
          4.1016846 4.1016846 0 4.1016846 4.1505203 0
          4.119995 4.119995 0 4.119995 5.0050354 0
          4.1230545 4.1230545 0 4.1230545 4.177986 0
          4.1230545 4.1230545 0 4.1230545 4.480118 0
          4.1352615 4.1352615 0 4.1352615 4.4068756 0
          4.141365 4.141365 0 4.141365 4.2725906 0
          4.1596756 4.1596756 0 4.1596756 4.2024 0
          4.165779 4.165779 0 4.165779 4.165779 0
          4.168831 4.168831 0 4.168831 4.333626 0
          4.1840897 4.1840897 0 4.1840897 4.3488846 0
          4.193245 4.193245 0 4.193245 4.513687 0
          4.2085037 4.2085037 0 4.2085037 4.687645 0
          4.2085037 4.2085037 0 4.2085037 4.3824615 0
          4.217659 4.217659 0 4.217659 4.245125 0
          4.217659 4.217659 0 4.217659 4.25428 0
          4.232918 4.232918 0 4.232918 4.2970047 0
          4.2359695 4.2359695 0 4.2359695 4.2970047 0
          4.2390213 4.2390213 0 4.2390213 4.480118 0
          4.245125 4.245125 0 4.245125 4.3153152 0
          4.2481766 4.2481766 0 4.2481766 4.2847977 0
          4.25428 4.25428 0 4.25428 5.7344284 0
          4.2634354 4.2634354 0 4.2634354 4.2725906 0
          4.2634354 4.2634354 0 4.2634354 4.278694 0
          4.266487 4.266487 0 4.266487 4.269539 0
          4.266487 4.266487 0 4.266487 4.266487 0
          4.2725906 4.2725906 0 4.2725906 5.3498917 0
          4.2756424 4.2756424 0 4.2756424 4.278694 0
          4.278694 4.278694 0 4.278694 4.321419 0
          4.281746 4.281746 0 4.281746 4.5106354 0
          4.3000565 4.3000565 0 4.3000565 4.635765 0
          4.30616 4.30616 0 4.30616 4.452652 0
          4.330574 4.330574 0 4.330574 4.3519363 0
          4.330574 4.330574 0 4.330574 4.3977203 0
          4.330574 4.330574 0 4.330574 4.4465485 0
          4.342781 4.342781 0 4.342781 4.345833 0
          4.3519363 4.3519363 0 4.3519363 4.5930333 0
          4.354988 4.354988 0 4.354988 4.5228424 0
          4.3610916 4.3610916 0 4.3610916 4.489273 0
          4.3641434 4.3641434 0 4.3641434 4.452652 0
          4.3641434 4.3641434 0 4.3641434 5.178993 0
          4.370247 4.370247 0 4.370247 4.376358 0
          4.388565 4.388565 0 4.388565 4.6571274 0
          4.400772 4.400772 0 4.400772 4.947052 0
          4.400772 4.400772 0 4.400772 5.7832565 0
          4.4068756 4.4068756 0 4.4068756 4.428238 0
          4.406876 4.406876 0 4.406876 4.4221344 0
          4.4099274 4.4099274 0 4.4099274 4.425186 0
          4.4099274 4.4099274 0 4.4099274 4.4465485 0
          4.4099274 4.4099274 0 4.4099274 4.504532 0
          4.412979 4.412979 0 4.412979 4.5747223 0
          4.412979 4.412979 0 4.412979 4.4221344 0
          4.425186 4.425186 0 4.425186 4.513687 0
          4.428238 4.428238 0 4.428238 4.455704 0
          4.428238 4.428238 0 4.428238 4.4465485 0
          4.4312897 4.4312897 0 4.4312897 4.452652 0
          4.4343414 4.4343414 0 4.4343414 4.4953766 0
          4.437393 4.437393 0 4.437393 4.4496 0
          4.440445 4.440445 0 4.440445 4.751732 0
          4.4465485 4.4465485 0 4.4465485 4.4496 0
          4.4465485 4.4465485 0 4.4465485 4.5350494 0
          4.4526515 4.4526515 0 4.4526515 4.4618073 0
          4.4557037 4.4557037 0 4.4557037 4.5075836 0
          4.4557037 4.4557037 0 4.4557037 4.504532 0
          4.4618073 4.4618073 0 4.4618073 4.489273 0
          4.464859 4.464859 0 4.464859 4.4679112 0
          4.464859 4.464859 0 4.464859 4.5442047 0
          4.477066 4.477066 0 4.477066 4.6418686 0
          4.480118 4.480118 0 4.480118 4.8432846 0
          4.4862213 4.4862213 0 4.4862213 4.565567 0
          4.492325 4.492325 0 4.492325 4.5319977 0
          4.495376 4.495376 0 4.495376 4.5869293 0
          4.4953766 4.4953766 0 4.4953766 4.5106354 0
          4.4984283 4.4984283 0 4.4984283 4.5075836 0
          4.504532 4.504532 0 4.504532 4.7425766 0
          4.513687 4.513687 0 4.513687 4.6113434 0
          4.513687 4.513687 0 4.513687 4.516739 0
          4.5319977 4.5319977 0 4.5319977 5.3529434 0
          4.5350494 4.5350494 0 4.5350494 4.5442047 0
          4.538101 4.538101 0 4.538101 4.538101 0
          4.541153 4.541153 0 4.541153 4.635765 0
          4.5442047 4.5442047 0 4.5442047 4.623558 0
          4.5442047 4.5442047 0 4.5442047 4.60524 0
          4.5442047 4.5442047 0 4.5442047 4.6449203 0
          4.5472565 4.5472565 0 4.5472565 4.568619 0
          4.550308 4.550308 0 4.550308 4.5960846 0
          4.5564117 4.5564117 0 4.5564117 5.3132706 0
          4.565567 4.565567 0 4.565567 4.7059555 0
          4.5747223 4.5747223 0 4.5747223 4.5747223 0
          4.5838776 4.5838776 0 4.5838776 4.5869293 0
          4.5869293 4.5869293 0 4.5869293 4.6113434 0
          4.5869293 4.5869293 0 4.5869293 4.675438 0
          4.614395 4.614395 0 4.614395 4.80056 0
          4.6204987 4.6204987 0 4.6204987 5.24308 0
          4.62661 4.62661 0 4.62661 4.974518 0
          4.6296616 4.6296616 0 4.6296616 4.6937485 0
          4.647972 4.647972 0 4.647972 4.6693344 0
          4.647972 4.647972 0 4.647972 4.6571274 0
          4.660179 4.660179 0 4.660179 4.7120595 0
          4.6693344 4.6693344 0 4.6693344 4.83413 0
          4.675438 4.675438 0 4.675438 4.8463364 0
          4.6784897 4.6784897 0 4.6784897 4.739525 0
          4.687645 4.687645 0 4.687645 4.763939 0
          4.6968 4.6968 0 4.6968 5.996887 0
          4.7090073 4.7090073 0 4.7090073 4.7181625 0
          4.715111 4.715111 0 4.715111 5.130165 0
          4.724266 4.724266 0 4.724266 4.7975082 0
          4.727318 4.727318 0 4.727318 4.751732 0
          4.7303696 4.7303696 0 4.7303696 4.9440002 0
          4.7334213 4.7334213 0 4.7334213 4.7425766 0
          4.736473 4.736473 0 4.736473 4.7456284 0
          4.739525 4.739525 0 4.739525 4.7547836 0
          4.74868 4.74868 0 4.74868 4.760887 0
          4.751732 4.751732 0 4.751732 4.7761455 0
          4.763939 4.763939 0 4.763939 5.1271133 0
          4.7669907 4.7669907 0 4.7669907 4.85244 0
          4.7700424 4.7700424 0 4.7700424 4.7822495 0
          4.7791977 4.7791977 0 4.7791977 4.9134827 0
          4.7791977 4.7791977 0 4.7791977 7.0833435 0
          4.7822495 4.7822495 0 4.7822495 5.4200897 0
          4.7822495 4.7822495 0 4.7822495 5.127113 0
          4.7853007 4.7853007 0 4.7853007 4.9012756 0
          4.7914047 4.7914047 0 4.7914047 4.8097153 0
          4.8097153 4.8097153 0 4.8097153 4.9134827 0
          4.815819 4.815819 0 4.815819 4.849388 0
          4.815819 4.815819 0 4.815819 5.4200897 0
          4.824974 4.824974 0 4.824974 4.828026 0
          4.828026 4.828026 0 4.828026 4.840233 0
          4.837181 4.837181 0 4.837181 5.5940404 0
          4.837181 4.837181 0 4.837181 5.0782776 0
          4.840233 4.840233 0 4.840233 5.0386047 0
          4.8463364 4.8463364 0 4.8463364 4.9012756 0
          4.8463364 4.8463364 0 4.8463364 5.2735977 0
          4.849388 4.849388 0 4.849388 5.310219 0
          4.849388 4.849388 0 4.849388 4.85244 0
          4.861595 4.861595 0 4.861595 4.9165344 0
          4.864647 4.864647 0 4.864647 5.2522354 0
          4.8799133 4.8799133 0 4.8799133 4.8890686 0
          4.8799133 4.8799133 0 4.8799133 5.011139 0
          4.8890686 4.8890686 0 4.8890686 4.934845 0
          4.8921204 4.8921204 0 4.8921204 5.3010635 0
          4.898224 4.898224 0 4.898224 5.0019836 0
          4.9012756 4.9012756 0 4.9012756 6.021301 0
          4.9012756 4.9012756 0 4.9012756 4.956207 0
          4.907379 4.907379 0 4.907379 5.517746 0
          4.9165344 4.9165344 0 4.9165344 5.0263977 0
          4.922638 4.922638 0 4.922638 4.9928284 0
          4.9287415 4.9287415 0 4.9287415 4.9653625 0
          4.931793 4.931793 0 4.931793 4.9501038 0
          4.931793 4.931793 0 4.931793 5.0569153 0
          4.9378967 4.9378967 0 4.9378967 5.2613907 0
          4.9409485 4.9409485 0 4.9409485 5.121002 0
          4.9409485 4.9409485 0 4.9409485 6.9673767 0
          4.9623113 4.9623113 0 4.9623113 5.020294 0
          4.9684143 4.9684143 0 4.9684143 5.072174 0
          4.9806213 4.9806213 0 4.9806213 5.0416565 0
          4.9836726 4.9836726 0 4.9836726 5.0416565 0
          4.983673 4.983673 0 4.983673 5.343788 0
          4.983673 4.983673 0 4.983673 5.026397 0
          4.9928284 4.9928284 0 4.9928284 5.0050354 0
          4.998932 4.998932 0 4.998932 5.371254 0
          4.9989324 4.9989324 0 4.9989324 5.1759415 0
          4.9989324 4.9989324 0 4.9989324 5.6550827 0
          5.0019836 5.0019836 0 5.0019836 5.566574 0
          5.0172424 5.0172424 0 5.0172424 5.1789927 0
          5.023346 5.023346 0 5.023346 5.026397 0
          5.035553 5.035553 0 5.035553 5.0416565 0
          5.035553 5.035553 0 5.035553 5.1759415 0
          5.0416565 5.0416565 0 5.0416565 5.661186 0
          5.04776 5.04776 0 5.04776 5.178993 0
          5.0538635 5.0538635 0 5.0538635 5.307167 0
          5.0538635 5.0538635 0 5.0538635 5.0782776 0
          5.0538635 5.0538635 0 5.0538635 5.3956757 0
          5.0569153 5.0569153 0 5.0569153 5.2339244 0
          5.0569153 5.0569153 0 5.0569153 5.130165 0
          5.059967 5.059967 0 5.059967 5.4231415 0
          5.063019 5.063019 0 5.063019 5.0813293 0
          5.0660706 5.0660706 0 5.0660706 5.172889 0
          5.072174 5.072174 0 5.072174 5.157631 0
          5.0813293 5.0813293 0 5.0813293 5.221718 0
          5.0813293 5.0813293 0 5.0813293 5.517746 0
          5.0813293 5.0813293 0 5.0813293 5.4353485 0
          5.084381 5.084381 0 5.084381 5.3132706 0
          5.087433 5.087433 0 5.087433 5.169838 0
          5.09964 5.09964 0 5.09964 5.2919083 0
          5.108795 5.108795 0 5.108795 5.456711 0
          5.1118474 5.1118474 0 5.1118474 6.1586375 0
          5.1148987 5.1148987 0 5.1148987 5.267494 0
          5.121002 5.121002 0 5.121002 5.4353485 0
          5.139321 5.139321 0 5.139321 5.2705455 0
          5.142372 5.142372 0 5.142372 5.3620987 0
          5.142372 5.142372 0 5.142372 5.1515274 0
          5.145424 5.145424 0 5.145424 5.194252 0
          5.1484756 5.1484756 0 5.1484756 5.1515274 0
          5.154579 5.154579 0 5.154579 5.2400284 0
          5.1606827 5.1606827 0 5.1606827 5.258339 0
          5.166786 5.166786 0 5.166786 5.2522354 0
          5.1759415 5.1759415 0 5.1759415 5.270546 0
          5.178993 5.178993 0 5.178993 5.194252 0
          5.182045 5.182045 0 5.182045 5.5757294 0
          5.182045 5.182045 0 5.182045 5.2919083 0
          5.1850967 5.1850967 0 5.1850967 5.3529434 0
          5.1912003 5.1912003 0 5.1912003 5.2003555 0
          5.206459 5.206459 0 5.206459 5.334633 0
          5.2156143 5.2156143 0 5.2156143 5.648979 0
          5.218666 5.218666 0 5.218666 5.3041153 0
          5.218666 5.218666 0 5.218666 5.4963837 0
          5.221718 5.221718 0 5.221718 5.429245 0
          5.246132 5.246132 0 5.246132 5.4750214 0
          5.2491837 5.2491837 0 5.2491837 5.2858047 0
          5.255287 5.255287 0 5.255287 5.298012 0
          5.2613907 5.2613907 0 5.2613907 5.4872284 0
          5.2613907 5.2613907 0 5.2613907 5.514694 0
          5.2644424 5.2644424 0 5.2644424 5.3804164 0
          5.2644424 5.2644424 0 5.2644424 5.49028 0
          5.267494 5.267494 0 5.267494 5.2858047 0
          5.267494 5.267494 0 5.267494 5.3254776 0
          5.2735977 5.2735977 0 5.2735977 5.5848846 0
          5.2735977 5.2735977 0 5.2735977 5.377365 0
          5.2766495 5.2766495 0 5.2766495 5.298012 0
          5.2766495 5.2766495 0 5.2766495 5.377365 0
          5.2888565 5.2888565 0 5.2888565 5.3987274 0
          5.29496 5.29496 0 5.29496 5.728325 0
          5.29496 5.29496 0 5.29496 7.0192566 0
          5.298012 5.298012 0 5.298012 5.392624 0
          5.3010635 5.3010635 0 5.3010635 5.3041153 0
          5.3041153 5.3041153 0 5.3041153 5.34684 0
          5.307167 5.307167 0 5.307167 5.3163223 0
          5.307167 5.307167 0 5.307167 5.334633 0
          5.3163223 5.3163223 0 5.3163223 5.3498917 0
          5.319374 5.319374 0 5.319374 6.3844757 0
          5.3254776 5.3254776 0 5.3254776 5.6581345 0
          5.3254776 5.3254776 0 5.3254776 5.3956757 0
          5.3254776 5.3254776 0 5.3254776 6.027405 0
          5.3254776 5.3254776 0 5.3254776 5.401779 0
          5.3285294 5.3285294 0 5.3285294 5.3376846 0
          5.331581 5.331581 0 5.331581 5.3987274 0
          5.334633 5.334633 0 5.334633 5.529953 0
          5.334633 5.334633 0 5.334633 5.34684 0
          5.3407364 5.3407364 0 5.3407364 5.3651505 0
          5.3437877 5.3437877 0 5.3437877 5.380417 0
          5.34684 5.34684 0 5.34684 5.4200897 0
          5.34684 5.34684 0 5.34684 5.368202 0
          5.3498917 5.3498917 0 5.3498917 5.456711 0
          5.359047 5.359047 0 5.359047 5.603195 0
          5.3620987 5.3620987 0 5.3620987 5.7069626 0
          5.3620987 5.3620987 0 5.3620987 5.4506073 0
          5.3651505 5.3651505 0 5.3651505 5.639824 0
          5.3651505 5.3651505 0 5.3651505 5.6947556 0
          5.368202 5.368202 0 5.368202 5.627617 0
          5.371254 5.371254 0 5.371254 5.3956757 0
          5.371254 5.371254 0 5.371254 5.4109344 0
          5.371254 5.371254 0 5.371254 5.429245 0
          5.371254 5.371254 0 5.371254 5.426193 0
          5.377365 5.377365 0 5.377365 5.3834686 0
          5.3804164 5.3804164 0 5.3804164 5.3865204 0
          5.3865204 5.3865204 0 5.3865204 5.404831 0
          5.3865204 5.3865204 0 5.3865204 5.4231415 0
          5.3865204 5.3865204 0 5.3865204 5.5238495 0
          5.389572 5.389572 0 5.389572 7.6601486 0
          5.389572 5.389572 0 5.389572 5.566574 0
          5.389572 5.389572 0 5.389572 5.3956757 0
          5.3956757 5.3956757 0 5.3956757 5.606247 0
          5.3956757 5.3956757 0 5.3956757 5.6092987 0
          5.3987274 5.3987274 0 5.3987274 5.417038 0
          5.401779 5.401779 0 5.401779 5.545212 0
          5.4078827 5.4078827 0 5.4078827 5.902283 0
          5.4109344 5.4109344 0 5.4109344 5.5207977 0
          5.413986 5.413986 0 5.413986 5.417038 0
          5.413986 5.413986 0 5.413986 5.5726776 0
          5.413986 5.413986 0 5.413986 5.502487 0
          5.4200897 5.4200897 0 5.4200897 5.465866 0
          5.4200897 5.4200897 0 5.4200897 5.517746 0
          5.426193 5.426193 0 5.426193 5.5207977 0
          5.426193 5.426193 0 5.426193 5.804619 0
          5.429245 5.429245 0 5.429245 5.4963837 0
          5.4322968 5.4322968 0 5.4322968 5.4506073 0
          5.441452 5.441452 0 5.441452 5.5269012 0
          5.4475555 5.4475555 0 5.4475555 5.6550827 0
          5.4475555 5.4475555 0 5.4475555 5.7893596 0
          5.4506073 5.4506073 0 5.4506073 5.664238 0
          5.4506073 5.4506073 0 5.4506073 5.481125 0
          5.456711 5.456711 0 5.456711 5.59404 0
          5.456711 5.456711 0 5.456711 5.4597626 0
          5.456711 5.456711 0 5.456711 5.465866 0
          5.4628143 5.4628143 0 5.4628143 5.8198776 0
          5.4628143 5.4628143 0 5.4628143 5.4750214 0
          5.481125 5.481125 0 5.481125 5.49028 0
          5.49028 5.49028 0 5.49028 5.505539 0
          5.493332 5.493332 0 5.493332 5.5391083 0
          5.4994354 5.4994354 0 5.4994354 5.502487 0
          5.502487 5.502487 0 5.502487 5.5116425 0
          5.505539 5.505539 0 5.505539 5.8900757 0
          5.5085907 5.5085907 0 5.5085907 5.5604706 0
          5.5116425 5.5116425 0 5.5116425 5.813774 0
          5.514694 5.514694 0 5.514694 5.5757294 0
          5.514694 5.514694 0 5.514694 6.372268 0
          5.517746 5.517746 0 5.517746 5.517746 0
          5.517746 5.517746 0 5.517746 5.6703415 0
          5.5269012 5.5269012 0 5.5269012 5.529953 0
          5.5330048 5.5330048 0 5.5330048 5.8442917 0
          5.5330048 5.5330048 0 5.5330048 5.7100143 0
          5.536056 5.536056 0 5.536056 5.5848846 0
          5.5360565 5.5360565 0 5.5360565 5.5757294 0
          5.5391083 5.5391083 0 5.5391083 5.5482635 0
          5.554367 5.554367 0 5.554367 5.554367 0
          5.5604706 5.5604706 0 5.5604706 5.6550827 0
          5.569626 5.569626 0 5.569626 5.603195 0
          5.5757294 5.5757294 0 5.5757294 6.3844757 0
          5.578781 5.578781 0 5.578781 5.6550827 0
          5.5848846 5.5848846 0 5.5848846 5.713066 0
          5.5848846 5.5848846 0 5.5848846 5.664238 0
          5.5848846 5.5848846 0 5.5848846 5.9175415 0
          5.590988 5.590988 0 5.590988 5.6825485 0
          5.59404 5.59404 0 5.59404 5.624565 0
          5.5970917 5.5970917 0 5.5970917 5.627617 0
          5.5970917 5.5970917 0 5.5970917 5.603195 0
          5.5970917 5.5970917 0 5.5970917 5.7466354 0
          5.603195 5.603195 0 5.603195 5.6215057 0
          5.6092987 5.6092987 0 5.6092987 5.6947556 0
          5.6092987 5.6092987 0 5.6092987 5.627617 0
          5.6092987 5.6092987 0 5.6092987 5.84124 0
          5.6092987 5.6092987 0 5.6092987 6.0579224 0
          5.618454 5.618454 0 5.618454 5.6581345 0
          5.6306686 5.6306686 0 5.6306686 5.8046193 0
          5.639824 5.639824 0 5.639824 5.6978073 0
          5.639824 5.639824 0 5.639824 5.8473434 0
          5.6428757 5.6428757 0 5.6428757 5.6459274 0
          5.6459274 5.6459274 0 5.6459274 5.7893596 0
          5.6459274 5.6459274 0 5.6459274 5.652031 0
          5.648979 5.648979 0 5.648979 5.6550827 0
          5.648979 5.648979 0 5.648979 5.6672897 0
          5.648979 5.648979 0 5.648979 5.6550827 0
          5.6550827 5.6550827 0 5.6550827 5.661186 0
          5.6581345 5.6581345 0 5.6581345 5.813774 0
          5.661186 5.661186 0 5.661186 5.688652 0
          5.661186 5.661186 0 5.661186 5.9297485 0
          5.664238 5.664238 0 5.664238 5.6672897 0
          5.664238 5.664238 0 5.664238 5.6672897 0
          5.6672897 5.6672897 0 5.6672897 6.90329 0
          5.6703415 5.6703415 0 5.6703415 5.865654 0
          5.6733932 5.6733932 0 5.6733932 5.7588425 0
          5.676445 5.676445 0 5.676445 5.703911 0
          5.679497 5.679497 0 5.679497 5.688652 0
          5.679497 5.679497 0 5.679497 5.752739 0
          5.6825485 5.6825485 0 5.6825485 5.700859 0
          5.6856003 5.6856003 0 5.6856003 5.7741013 0
          5.6856003 5.6856003 0 5.6856003 6.5980988 0
          5.688652 5.688652 0 5.688652 5.688652 0
          5.688652 5.688652 0 5.688652 6.0182495 0
          5.691704 5.691704 0 5.691704 5.6978073 0
          5.6947556 5.6947556 0 5.6947556 6.024353 0
          5.6947556 5.6947556 0 5.6947556 5.761894 0
          5.6978073 5.6978073 0 5.6978073 5.6978073 0
          5.703911 5.703911 0 5.703911 5.8076706 0
          5.7069626 5.7069626 0 5.7069626 5.78936 0
          5.7100143 5.7100143 0 5.7100143 6.1494827 0
          5.7191696 5.7191696 0 5.7191696 5.7954636 0
          5.7313766 5.7313766 0 5.7313766 5.9144897 0
          5.7313766 5.7313766 0 5.7313766 5.8107224 0
          5.73748 5.73748 0 5.73748 5.740532 0
          5.73748 5.73748 0 5.73748 5.844292 0
          5.740532 5.740532 0 5.740532 5.740532 0
          5.7466354 5.7466354 0 5.7466354 5.9144897 0
          5.7466354 5.7466354 0 5.7466354 5.908386 0
          5.749687 5.749687 0 5.749687 5.9022827 0
          5.752739 5.752739 0 5.752739 6.131172 0
          5.752739 5.752739 0 5.752739 6.207466 0
          5.7557907 5.7557907 0 5.7557907 5.7954636 0
          5.7557907 5.7557907 0 5.7557907 5.78936 0
          5.764946 5.764946 0 5.764946 5.7710495 0
          5.764946 5.764946 0 5.764946 5.9450073 0
          5.764946 5.764946 0 5.764946 6.0213013 0
          5.7710495 5.7710495 0 5.7710495 5.8687057 0
          5.777153 5.777153 0 5.777153 5.8076706 0
          5.780205 5.780205 0 5.780205 5.8107224 0
          5.780205 5.780205 0 5.780205 5.813774 0
          5.780205 5.780205 0 5.780205 6.0579224 0
          5.7832565 5.7832565 0 5.7832565 5.8076706 0
          5.7863083 5.7863083 0 5.7863083 5.804619 0
          5.7863083 5.7863083 0 5.7863083 5.9205933 0
          5.78936 5.78936 0 5.78936 5.813774 0
          5.792412 5.792412 0 5.792412 6.1036987 0
          5.792412 5.792412 0 5.792412 5.804619 0
          5.792412 5.792412 0 5.792412 5.84124 0
          5.795463 5.795463 0 5.795463 6.1067505 0
          5.7954636 5.7954636 0 5.7954636 5.829033 0
          5.7985153 5.7985153 0 5.7985153 5.9541626 0
          5.801567 5.801567 0 5.801567 5.862602 0
          5.801567 5.801567 0 5.801567 6.430252 0
          5.8076706 5.8076706 0 5.8076706 5.807671 0
          5.8076706 5.8076706 0 5.8076706 5.9175415 0
          5.8076706 5.8076706 0 5.8076706 5.84124 0
          5.8076706 5.8076706 0 5.8076706 6.5157013 0
          5.813774 5.813774 0 5.813774 5.9419556 0
          5.813774 5.813774 0 5.813774 5.999939 0
          5.813774 5.813774 0 5.813774 5.887024 0
          5.816826 5.816826 0 5.816826 5.819878 0
          5.8198776 5.8198776 0 5.8198776 5.8717575 0
          5.8229294 5.8229294 0 5.8229294 5.9022827 0
          5.82293 5.82293 0 5.82293 5.8442917 0
          5.829033 5.829033 0 5.829033 5.9663696 0
          5.829033 5.829033 0 5.829033 5.8717575 0
          5.829033 5.829033 0 5.829033 7.412949 0
          5.8351364 5.8351364 0 5.8351364 6.405838 0
          5.8351364 5.8351364 0 5.8351364 6.0457153 0
          5.8351364 5.8351364 0 5.8351364 5.9785767 0
          5.84124 5.84124 0 5.84124 7.184059 0
          5.8473434 5.8473434 0 5.8473434 5.8931274 0
          5.8473434 5.8473434 0 5.8473434 6.1189575 0
          5.850395 5.850395 0 5.850395 5.9694214 0
          5.8503957 5.8503957 0 5.8503957 5.911438 0
          5.853447 5.853447 0 5.853447 5.9663696 0
          5.862602 5.862602 0 5.862602 5.9663696 0
          5.8717575 5.8717575 0 5.8717575 5.9419556 0
          5.8717575 5.8717575 0 5.8717575 5.8900757 0
          5.874817 5.874817 0 5.874817 5.923645 0
          5.8778687 5.8778687 0 5.8778687 5.9907837 0
          5.896179 5.896179 0 5.896179 7.284767 0
          5.9022827 5.9022827 0 5.9022827 5.9205933 0
          5.9022827 5.9022827 0 5.9022827 5.9022827 0
          5.908386 5.908386 0 5.908386 5.9419556 0
          5.926697 5.926697 0 5.926697 6.949066 0
          5.926697 5.926697 0 5.926697 6.3264847 0
          5.9297485 5.9297485 0 5.9297485 6.0182495 0
          5.935852 5.935852 0 5.935852 7.57164 0
          5.938904 5.938904 0 5.938904 5.9572144 0
          5.945007 5.945007 0 5.945007 6.1494827 0
          5.951111 5.951111 0 5.951111 6.2044144 0
          5.951111 5.951111 0 5.951111 7.2328873 0
          5.9541626 5.9541626 0 5.9541626 5.996887 0
          5.9572144 5.9572144 0 5.9572144 6.0945435 0
          5.9633183 5.9633183 0 5.9633183 6.1372757 0
          5.9663696 5.9663696 0 5.9663696 6.0182495 0
          5.9663696 5.9663696 0 5.9663696 6.418045 0
          5.975525 5.975525 0 5.975525 5.9938354 0
          5.9785767 5.9785767 0 5.9785767 6.23188 0
          5.999939 5.999939 0 5.999939 6.8941345 0
          6.0029907 6.0029907 0 6.0029907 6.012146 0
          6.0060425 6.0060425 0 6.0060425 6.0304565 0
          6.012146 6.012146 0 6.012146 6.08844 0
          6.0151978 6.0151978 0 6.0151978 6.0426636 0
          6.0151978 6.0151978 0 6.0151978 7.2267838 0
          6.0182495 6.0182495 0 6.0182495 6.024353 0
          6.024353 6.024353 0 6.024353 6.1403275 0
          6.027405 6.027405 0 6.027405 6.051819 0
          6.030457 6.030457 0 6.030457 6.213569 0
          6.03656 6.03656 0 6.03656 6.2013626 0
          6.03656 6.03656 0 6.03656 6.2135696 0
          6.039612 6.039612 0 6.039612 6.0823364 0
          6.0426636 6.0426636 0 6.0426636 6.4027863 0
          6.0457153 6.0457153 0 6.0457153 6.308174 0
          6.051819 6.051819 0 6.051819 6.183052 0
          6.0548706 6.0548706 0 6.0548706 6.08844 0
          6.0548706 6.0548706 0 6.0548706 7.4495697 0
          6.0579224 6.0579224 0 6.0579224 6.347847 0
          6.060974 6.060974 0 6.060974 6.936859 0
          6.064026 6.064026 0 6.064026 6.1036987 0
          6.064026 6.064026 0 6.064026 6.802574 0
          6.0670776 6.0670776 0 6.0670776 6.286812 0
          6.0670776 6.0670776 0 6.0670776 6.445511 0
          6.0670776 6.0670776 0 6.0670776 6.1403275 0
          6.0701294 6.0701294 0 6.0701294 6.076233 0
          6.073181 6.073181 0 6.073181 6.3142776 0
          6.073181 6.073181 0 6.073181 6.8361435 0
          6.0792847 6.0792847 0 6.0792847 6.790367 0
          6.0823364 6.0823364 0 6.0823364 6.8086777 0
          6.0823364 6.0823364 0 6.0823364 6.115906 0
          6.0853877 6.0853877 0 6.0853877 6.1433787 0
          6.0914917 6.0914917 0 6.0914917 6.1067505 0
          6.0914917 6.0914917 0 6.0914917 6.7598495 0
          6.1067505 6.1067505 0 6.1067505 6.219673 0
          6.1220093 6.1220093 0 6.1220093 6.418045 0
          6.1250687 6.1250687 0 6.1250687 6.1281204 0
          6.1281204 6.1281204 0 6.1281204 6.1494827 0
          6.134224 6.134224 0 6.134224 6.37532 0
          6.1372757 6.1372757 0 6.1372757 6.195259 0
          6.1403275 6.1403275 0 6.1403275 6.567581 0
          6.1525345 6.1525345 0 6.1525345 6.295967 0
          6.1555862 6.1555862 0 6.1555862 6.1891556 0
          6.158638 6.158638 0 6.158638 6.4027863 0
          6.1677933 6.1677933 0 6.1677933 6.97348 0
          6.1800003 6.1800003 0 6.1800003 6.1922073 0
          6.1891556 6.1891556 0 6.1891556 6.323433 0
          6.195259 6.195259 0 6.195259 6.4119415 0
          6.2135696 6.2135696 0 6.2135696 6.5523224 0
          6.2135696 6.2135696 0 6.2135696 6.668297 0
          6.219673 6.219673 0 6.219673 6.28376 0
          6.2288284 6.2288284 0 6.2288284 6.8391953 0
          6.234932 6.234932 0 6.234932 6.2776566 0
          6.244087 6.244087 0 6.244087 7.123024 0
          6.2501907 6.2501907 0 6.2501907 6.619461 0
          6.2501907 6.2501907 0 6.2501907 6.308174 0
          6.259346 6.259346 0 6.259346 6.534012 0
          6.259346 6.259346 0 6.259346 6.3539505 0
          6.262398 6.262398 0 6.262398 6.3264847 0
          6.274605 6.274605 0 6.274605 6.3173294 0
          6.274605 6.274605 0 6.274605 6.3661575 0
          6.2776566 6.2776566 0 6.2776566 7.0101013 0
          6.286812 6.286812 0 6.286812 6.4851837 0
          6.286812 6.286812 0 6.286812 6.421097 0
          6.2929153 6.2929153 0 6.2929153 6.3173294 0
          6.2929153 6.2929153 0 6.2929153 6.2959666 0
          6.2929153 6.2929153 0 6.2929153 6.3173294 0
          6.308174 6.308174 0 6.308174 6.454666 0
          6.320381 6.320381 0 6.320381 6.421097 0
          6.3264847 6.3264847 0 6.3264847 6.360054 0
          6.3264847 6.3264847 0 6.3264847 6.421097 0
          6.329536 6.329536 0 6.329536 6.72628 0
          6.3417435 6.3417435 0 6.3417435 6.7629013 0
          6.344795 6.344795 0 6.344795 7.654045 0
          6.3539505 6.3539505 0 6.3539505 6.3997345 0
          6.360054 6.360054 0 6.360054 6.384476 0
          6.3661575 6.3661575 0 6.3661575 6.3844757 0
          6.3661575 6.3661575 0 6.3661575 7.0589294 0
          6.378372 6.378372 0 6.378372 6.7232285 0
          6.381424 6.381424 0 6.381424 6.4516144 0
          6.3875275 6.3875275 0 6.3875275 6.405838 0
          6.390579 6.390579 0 6.390579 6.5279083 0
          6.3966827 6.3966827 0 6.3966827 6.5736847 0
          6.4027863 6.4027863 0 6.4027863 7.531967 0
          6.4149933 6.4149933 0 6.4149933 6.494339 0
          6.4272003 6.4272003 0 6.4272003 6.491287 0
          6.4272003 6.4272003 0 6.4272003 6.454666 0
          6.4272003 6.4272003 0 6.4272003 6.595047 0
          6.4394073 6.4394073 0 6.4394073 6.494339 0
          6.454666 6.454666 0 6.454666 6.5370636 0
          6.457718 6.457718 0 6.457718 6.5523224 0
          6.4607697 6.4607697 0 6.4607697 6.491287 0
          6.4638214 6.4638214 0 6.4638214 6.4729767 0
          6.4638214 6.4638214 0 6.4638214 6.689659 0
          6.469925 6.469925 0 6.469925 6.8971863 0
          6.4729767 6.4729767 0 6.4729767 6.6896586 0
          6.4760284 6.4760284 0 6.4760284 6.714073 0
          6.47908 6.47908 0 6.47908 6.5157013 0
          6.4851837 6.4851837 0 6.4851837 6.5248566 0
          6.4851837 6.4851837 0 6.4851837 6.9185486 0
          6.4973907 6.4973907 0 6.4973907 6.518753 0
          6.506546 6.506546 0 6.506546 6.6316757 0
          6.506546 6.506546 0 6.506546 6.5858917 0
          6.5157013 6.5157013 0 6.5157013 7.2786636 0
          6.521805 6.521805 0 6.521805 6.6866074 0
          6.53096 6.53096 0 6.53096 6.9002385 0
          6.534012 6.534012 0 6.534012 6.677452 0
          6.5370636 6.5370636 0 6.5370636 6.625572 0
          6.546219 6.546219 0 6.546219 6.58284 0
          6.5492706 6.5492706 0 6.5492706 6.939911 0
          6.5492706 6.5492706 0 6.5492706 6.9551697 0
          6.5523224 6.5523224 0 6.5523224 6.845299 0
          6.555374 6.555374 0 6.555374 6.8361435 0
          6.5736847 6.5736847 0 6.5736847 6.6866074 0
          6.5736847 6.5736847 0 6.5736847 6.5889435 0
          6.5767365 6.5767365 0 6.5767365 6.756798 0
          6.5858917 6.5858917 0 6.5858917 6.6469345 0
          6.5919952 6.5919952 0 6.5919952 6.665245 0
          6.595047 6.595047 0 6.595047 6.6042023 0
          6.610306 6.610306 0 6.610306 6.845299 0
          6.6164093 6.6164093 0 6.6164093 6.72628 0
          6.6225204 6.6225204 0 6.6225204 6.653038 0
          6.6347275 6.6347275 0 6.6347275 6.7384872 0
          6.640831 6.640831 0 6.640831 6.6469345 0
          6.6438828 6.6438828 0 6.6438828 7.345803 0
          6.6438828 6.6438828 0 6.6438828 6.7354355 0
          6.6469345 6.6469345 0 6.6469345 6.72628 0
          6.653038 6.653038 0 6.653038 6.888031 0
          6.6591415 6.6591415 0 6.6591415 6.753746 0
          6.6744003 6.6744003 0 6.6744003 7.27256 0
          6.680504 6.680504 0 6.680504 6.7201767 0
          6.692711 6.692711 0 6.692711 6.83004 0
          6.701866 6.701866 0 6.701866 7.3305435 0
          6.704918 6.704918 0 6.704918 7.2695084 0
          6.7079697 6.7079697 0 6.7079697 6.9704285 0
          6.7110214 6.7110214 0 6.7110214 7.57164 0
          6.729332 6.729332 0 6.729332 7.174904 0
          6.7384872 6.7384872 0 6.7384872 6.9399114 0
          6.7384872 6.7384872 0 6.7384872 6.7506943 0
          6.741539 6.741539 0 6.741539 6.7476425 0
          6.7476425 6.7476425 0 6.7476425 6.7873154 0
          6.753746 6.753746 0 6.753746 6.805626 0
          6.765953 6.765953 0 6.765953 6.781212 0
          6.77816 6.77816 0 6.77816 6.8208847 0
          6.7842636 6.7842636 0 6.7842636 7.3061295 0
          6.790367 6.790367 0 6.790367 6.915497 0
          6.793419 6.793419 0 6.793419 6.814781 0
          6.7964706 6.7964706 0 6.7964706 7.4282074 0
          6.8147807 6.8147807 0 6.8147807 7.409897 0
          6.83004 6.83004 0 6.83004 7.446518 0
          6.8330917 6.8330917 0 6.8330917 6.869713 0
          6.8361435 6.8361435 0 6.8361435 6.915497 0
          6.8361435 6.8361435 0 6.8361435 8.090454 0
          6.842247 6.842247 0 6.842247 6.8514023 0
          6.854454 6.854454 0 6.854454 6.857506 0
          6.857506 6.857506 0 6.857506 7.028412 0
          6.8605576 6.8605576 0 6.8605576 6.8971868 0
          6.875824 6.875824 0 6.875824 6.9063416 0
          6.875824 6.875824 0 6.875824 6.9429626 0
          6.8788757 6.8788757 0 6.8788757 7.1321793 0
          6.8788757 6.8788757 0 6.8788757 7.162697 0
          6.8819275 6.8819275 0 6.8819275 7.061981 0
          6.888031 6.888031 0 6.888031 7.3305435 0
          6.891083 6.891083 0 6.891083 6.8971863 0
          6.891083 6.891083 0 6.891083 7.223732 0
          6.8941345 6.8941345 0 6.8941345 6.936859 0
          6.8941345 6.8941345 0 6.8941345 7.1230245 0
          6.90329 6.90329 0 6.90329 7.5411224 0
          6.9185486 6.9185486 0 6.9185486 6.9917912 0
          6.9216003 6.9216003 0 6.9216003 7.003998 0
          6.9216003 6.9216003 0 6.9216003 7.6876144 0
          6.924652 6.924652 0 6.924652 7.092499 0
          6.952118 6.952118 0 6.952118 7.1932144 0
          6.952118 6.952118 0 6.952118 8.090454 0
          6.9582214 6.9582214 0 6.9582214 7.089447 0
          6.9582214 6.9582214 0 6.9582214 6.964325 0
          6.964325 6.964325 0 6.964325 6.964325 0
          6.9673767 6.9673767 0 6.9673767 7.0467224 0
          6.976532 6.976532 0 6.976532 7.3580093 0
          6.9948425 6.9948425 0 6.9948425 7.013153 0
          7.000946 7.000946 0 7.000946 7.9866943 0
          7.000946 7.000946 0 7.000946 7.406845 0
          7.007049 7.007049 0 7.007049 7.0192566 0
          7.0101013 7.0101013 0 7.0101013 7.028412 0
          7.0101013 7.0101013 0 7.0101013 7.171852 0
          7.013153 7.013153 0 7.013153 7.1108093 0
          7.0223083 7.0223083 0 7.0223083 7.1321793 0
          7.037567 7.037567 0 7.037567 7.089447 0
          7.0467224 7.0467224 0 7.0467224 7.101654 0
          7.0558777 7.0558777 0 7.0558777 7.1077576 0
          7.065033 7.065033 0 7.065033 7.1810074 0
          7.065033 7.065033 0 7.065033 7.07724 0
          7.0711365 7.0711365 0 7.0711365 7.541122 0
          7.07724 7.07724 0 7.07724 7.113861 0
          7.0955505 7.0955505 0 7.0955505 7.458725 0
          7.0986023 7.0986023 0 7.0986023 7.11081 0
          7.101654 7.101654 0 7.101654 7.1077576 0
          7.1077576 7.1077576 0 7.1077576 7.123024 0
          7.1199646 7.1199646 0 7.1199646 7.1321793 0
          7.135231 7.135231 0 7.135231 7.9226074 0
          7.15049 7.15049 0 7.15049 7.5899506 0
          7.1535416 7.1535416 0 7.1535416 7.2298355 0
          7.1688 7.1688 0 7.1688 7.3274913 0
          7.171852 7.171852 0 7.171852 9.277626 0
          7.187111 7.187111 0 7.187111 7.9500732 0
          7.1901627 7.1901627 0 7.1901627 7.443466 0
          7.1901627 7.1901627 0 7.1901627 7.1901627 0
          7.196266 7.196266 0 7.196266 7.3763275 0
          7.199318 7.199318 0 7.199318 7.208473 0
          7.199318 7.199318 0 7.199318 7.681511 0
          7.2145767 7.2145767 0 7.2145767 7.223732 0
          7.223732 7.223732 0 7.223732 7.455673 0
          7.2298355 7.2298355 0 7.2298355 7.2328873 0
          7.2298355 7.2298355 0 7.2298355 7.2328873 0
          7.2298355 7.2298355 0 7.2298355 7.238991 0
          7.238991 7.238991 0 7.238991 7.901245 0
          7.248146 7.248146 0 7.248146 7.309181 0
          7.2573013 7.2573013 0 7.2573013 7.678459 0
          7.2573013 7.2573013 0 7.2573013 7.312233 0
          7.263405 7.263405 0 7.263405 7.4129486 0
          7.263405 7.263405 0 7.263405 7.5136566 0
          7.275612 7.275612 0 7.275612 7.287819 0
          7.275612 7.275612 0 7.275612 7.376327 0
          7.275612 7.275612 0 7.275612 7.510605 0
          7.284767 7.284767 0 7.284767 7.3030777 0
          7.287819 7.287819 0 7.287819 7.965332 0
          7.287819 7.287819 0 7.287819 7.5136566 0
          7.293923 7.293923 0 7.293923 7.32444 0
          7.296974 7.296974 0 7.296974 7.385483 0
          7.3030777 7.3030777 0 7.3030777 7.455673 0
          7.312233 7.312233 0 7.312233 7.3274918 0
          7.3152847 7.3152847 0 7.3152847 7.382431 0
          7.3183365 7.3183365 0 7.3183365 7.3580093 0
          7.3213882 7.3213882 0 7.3213882 7.339699 0
          7.3274918 7.3274918 0 7.3274918 7.4404144 0
          7.3305435 7.3305435 0 7.3305435 7.3580093 0
          7.339699 7.339699 0 7.339699 7.522812 0
          7.3458023 7.3458023 0 7.3458023 7.406845 0
          7.348854 7.348854 0 7.348854 7.6143646 0
          7.351906 7.351906 0 7.351906 7.4251556 0
          7.3610606 7.3610606 0 7.3610606 7.364113 0
          7.3671646 7.3671646 0 7.3671646 8.61232 0
          7.3702164 7.3702164 0 7.3702164 7.5655365 0
          7.3763275 7.3763275 0 7.3763275 7.4037933 0
          7.3793793 7.3793793 0 7.3793793 7.473984 0
          7.3885345 7.3885345 0 7.3885345 7.6998215 0
          7.3915863 7.3915863 0 7.3915863 7.9439697 0
          7.394638 7.394638 0 7.394638 7.5167084 0
          7.394638 7.394638 0 7.394638 7.4251556 0
          7.4007416 7.4007416 0 7.4007416 7.422104 0
          7.400742 7.400742 0 7.400742 7.431259 0
          7.409897 7.409897 0 7.409897 7.4404144 0
          7.4160004 7.4160004 0 7.4160004 7.586899 0
          7.419052 7.419052 0 7.419052 7.4648285 0
          7.419052 7.419052 0 7.419052 7.4404144 0
          7.422104 7.422104 0 7.422104 7.879883 0
          7.4251556 7.4251556 0 7.4251556 7.4282074 0
          7.431259 7.431259 0 7.431259 7.6296306 0
          7.431259 7.431259 0 7.431259 7.535019 0
          7.4373627 7.4373627 0 7.4373627 7.440415 0
          7.4404144 7.4404144 0 7.4404144 8.548233 0
          7.4526215 7.4526215 0 7.4526215 7.528915 0
          7.4800873 7.4800873 0 7.4800873 7.513657 0
          7.4800873 7.4800873 0 7.4800873 8.478043 0
          7.4800873 7.4800873 0 7.4800873 7.6876144 0
          7.4831395 7.4831395 0 7.4831395 7.736442 0
          7.531967 7.531967 0 7.531967 8.841209 0
          7.531967 7.531967 0 7.531967 7.544174 0
          7.535019 7.535019 0 7.535019 7.6967697 0
          7.5411224 7.5411224 0 7.5411224 7.6021576 0
          7.556381 7.556381 0 7.556381 7.6509933 0
          7.5624847 7.5624847 0 7.5624847 7.586899 0
          7.5655365 7.5655365 0 7.5655365 7.6876144 0
          7.5685883 7.5685883 0 7.5685883 7.593002 0
          7.583847 7.583847 0 7.583847 7.593002 0
          7.586899 7.586899 0 7.586899 7.6937175 0
          7.586899 7.586899 0 7.586899 8.005005 0
          7.58995 7.58995 0 7.58995 7.672355 0
          7.589951 7.589951 0 7.589951 9.155556 0
          7.6052094 7.6052094 0 7.6052094 7.6632004 0
          7.611313 7.611313 0 7.611313 7.6235275 0
          7.611313 7.611313 0 7.611313 8.362069 0
          7.614365 7.614365 0 7.614365 7.702873 0
          7.6235275 7.6235275 0 7.6235275 7.8127365 0
          7.6357346 7.6357346 0 7.6357346 7.7364426 0
          7.641838 7.641838 0 7.641838 7.681511 0
          7.654045 7.654045 0 7.654045 8.154549 0
          7.6601486 7.6601486 0 7.6601486 7.7272873 0
          7.6754074 7.6754074 0 7.6754074 7.727287 0
          7.6754074 7.6754074 0 7.6754074 7.834099 0
          7.6754074 7.6754074 0 7.6754074 7.782219 0
          7.681511 7.681511 0 7.681511 7.7272873 0
          7.6815114 7.6815114 0 7.6815114 7.693718 0
          7.6967697 7.6967697 0 7.6967697 8.062988 0
          7.705925 7.705925 0 7.705925 8.081299 0
          7.7150803 7.7150803 0 7.7150803 7.7242355 0
          7.721184 7.721184 0 7.721184 7.7730637 0
          7.7364426 7.7364426 0 7.7364426 7.7974777 0
          7.7394943 7.7394943 0 7.7394943 8.001953 0
          7.739495 7.739495 0 7.739495 7.9439697 0
          7.742546 7.742546 0 7.742546 7.992798 0
          7.754753 7.754753 0 7.754753 8.264412 0
          7.7608566 7.7608566 0 7.7608566 8.581802 0
          7.7639084 7.7639084 0 7.7639084 8.920563 0
          7.7639084 7.7639084 0 7.7639084 8.017212 0
          7.770012 7.770012 0 7.770012 9.149452 0
          7.779167 7.779167 0 7.779167 8.603165 0
          7.782219 7.782219 0 7.782219 7.989746 0
          7.8005295 7.8005295 0 7.8005295 8.258308 0
          7.8005295 7.8005295 0 7.8005295 7.831047 0
          7.8157883 7.8157883 0 7.8157883 8.182014 0
          7.8157883 7.8157883 0 7.8157883 7.9287105 0
          7.8371506 7.8371506 0 7.8371506 7.9195557 0
          7.858513 7.858513 0 7.858513 7.8859863 0
          7.9195557 7.9195557 0 7.9195557 9.118927 0
          7.9195557 7.9195557 0 7.9195557 8.035522 0
          7.925659 7.925659 0 7.925659 7.9256597 0
          7.953125 7.953125 0 7.953125 7.953125 0
          7.9622803 7.9622803 0 7.9622803 8.471939 0
          8.005005 8.005005 0 8.005005 8.059937 0
          8.011108 8.011108 0 8.011108 8.392593 0
          8.01416 8.01416 0 8.01416 8.096558 0
          8.032471 8.032471 0 8.032471 8.062988 0
          8.035522 8.035522 0 8.035522 8.072144 0
          8.035522 8.035522 0 8.035522 9.976501 0
          8.0477295 8.0477295 0 8.0477295 8.06604 0
          8.053833 8.053833 0 8.053833 8.062988 0
          8.069092 8.069092 0 8.069092 8.136238 0
          8.099609 8.099609 0 8.099609 8.124031 0
          8.105713 8.105713 0 8.105713 8.282722 0
          8.127083 8.127083 0 8.127083 8.188118 0
          8.127083 8.127083 0 8.127083 8.462784 0
          8.142342 8.142342 0 8.142342 8.169807 0
          8.148445 8.148445 0 8.148445 8.163704 0
          8.151497 8.151497 0 8.151497 8.252205 0
          8.151497 8.151497 0 8.151497 8.88089 0
          8.151497 8.151497 0 8.151497 9.491257 0
          8.169807 8.169807 0 8.169807 8.20948 0
          8.175911 8.175911 0 8.175911 8.175911 0
          8.188118 8.188118 0 8.188118 8.832054 0
          8.19117 8.19117 0 8.19117 8.664207 0
          8.252205 8.252205 0 8.252205 8.279671 0
          8.264412 8.264412 0 8.264412 8.355965 0
          8.270515 8.270515 0 8.270515 8.850365 0
          8.270515 8.270515 0 8.270515 8.2949295 0
          8.270515 8.270515 0 8.270515 9.503464 0
          8.2949295 8.2949295 0 8.2949295 8.310188 0
          8.297981 8.297981 0 8.297981 8.374283 0
          8.307137 8.307137 0 8.307137 8.575699 0
          8.31324 8.31324 0 8.31324 8.325447 0
          8.325447 8.325447 0 8.325447 8.331551 0
          8.337654 8.337654 0 8.337654 8.389542 0
          8.343758 8.343758 0 8.343758 8.50856 0
          8.383438 8.383438 0 8.383438 8.600113 0
          8.4048 8.4048 0 8.4048 8.517715 0
          8.413956 8.413956 0 8.413956 8.420059 0
          8.4414215 8.4414215 0 8.4414215 8.679466 0
          8.450577 8.450577 0 8.450577 9.311195 0
          8.465836 8.465836 0 8.465836 9.350868 0
          8.520767 8.520767 0 8.520767 8.529922 0
          8.539078 8.539078 0 8.539078 8.557388 0
          8.554337 8.554337 0 8.554337 8.606216 0
          8.557388 8.557388 0 8.557388 8.783226 0
          8.566544 8.566544 0 8.566544 8.590958 0
          8.685571 8.685571 0 8.685571 8.6886215 0
          8.6886215 8.6886215 0 8.6886215 8.822899 0
          8.722191 8.722191 0 8.722191 8.993805 0
          8.761864 8.761864 0 8.761864 8.771019 0
          8.795433 8.795433 0 8.795433 8.804588 0
          8.847313 8.847313 0 8.847313 8.871727 0
          8.948029 8.948029 0 8.948029 9.1708145 0
          8.972443 8.972443 0 8.972443 9.399704 0
          8.978546 8.978546 0 8.978546 9.03653 0
          9.063996 9.063996 0 9.063996 9.192177 0
          9.085358 9.085358 0 9.085358 9.390549 0
          9.115875 9.115875 0 9.115875 9.186073 0
          9.207436 9.207436 0 9.207436 9.390549 0
          9.241005 9.241005 0 9.241005 9.2593155 0
          <InformationKey name="L2_NORM_RANGE" location="vtkDataArray" length="2">
            <Value index="0">
              0.047474210163
            </Value>
            <Value index="1">
              13.151398233
            </Value>
          </InformationKey>
        </DataArray>
      </Points>
      <Cells>
        <DataArray type="Int64" Name="connectivity" format="ascii" RangeMin="0" RangeMax="2467">
          0 1 2 3 4 5
          6 7 8 9 10 11
          12 13 14 15 16 17
          18 19 20 21 22 23
          24 25 26 27 28 29
          30 31 32 33 34 35
          36 37 38 39 40 41
          42 43 44 45 46 47
          48 49 50 51 52 53
          54 55 56 57 58 59
          60 61 62 63 64 65
          66 67 68 69 70 71
          72 73 74 75 76 77
          78 79 80 81 82 83
          84 85 86 87 88 89
          90 91 92 93 94 95
          96 97 98 99 100 101
          102 103 104 105 106 107
          108 109 110 111 112 113
          114 115 116 117 118 119
          120 121 122 123 124 125
          126 127 128 129 130 131
          132 133 134 135 136 137
          138 139 140 141 142 143
          144 145 146 147 148 149
          150 151 152 153 154 155
          156 157 158 159 160 161
          162 163 164 165 166 167
          168 169 170 171 172 173
          174 175 176 177 178 179
          180 181 182 183 184 185
          186 187 188 189 190 191
          192 193 194 195 196 197
          198 199 200 201 202 203
          204 205 206 207 208 209
          210 211 212 213 214 215
          216 217 218 219 220 221
          222 223 224 225 226 227
          228 229 230 231 232 233
          234 235 236 237 238 239
          240 241 242 243 244 245
          246 247 248 249 250 251
          252 253 254 255 256 257
          258 259 260 261 262 263
          264 265 266 267 268 269
          270 271 272 273 274 275
          276 277 278 279 280 281
          282 283 284 285 286 287
          288 289 290 291 292 293
          294 295 296 297 298 299
          300 301 302 303 304 305
          306 307 308 309 310 311
          312 313 314 315 316 317
          318 319 320 321 322 323
          324 325 326 327 328 329
          330 331 332 333 334 335
          336 337 338 339 340 341
          342 343 344 345 346 347
          348 349 350 351 352 353
          354 355 356 357 358 359
          360 361 362 363 364 365
          366 367 368 369 370 371
          372 373 374 375 376 377
          378 379 380 381 382 383
          384 385 386 387 388 389
          390 391 392 393 394 395
          396 397 398 399 400 401
          402 403 404 405 406 407
          408 409 410 411 412 413
          414 415 416 417 418 419
          420 421 422 423 424 425
          426 427 428 429 430 431
          432 433 434 435 436 437
          438 439 440 441 442 443
          444 445 446 447 448 449
          450 451 452 453 454 455
          456 457 458 459 460 461
          462 463 464 465 466 467
          468 469 470 471 472 473
          474 475 476 477 478 479
          480 481 482 483 484 485
          486 487 488 489 490 491
          492 493 494 495 496 497
          498 499 500 501 502 503
          504 505 506 507 508 509
          510 511 512 513 514 515
          516 517 518 519 520 521
          522 523 524 525 526 527
          528 529 530 531 532 533
          534 535 536 537 538 539
          540 541 542 543 544 545
          546 547 548 549 550 551
          552 553 554 555 556 557
          558 559 560 561 562 563
          564 565 566 567 568 569
          570 571 572 573 574 575
          576 577 578 579 580 581
          582 583 584 585 586 587
          588 589 590 591 592 593
          594 595 596 597 598 599
          600 601 602 603 604 605
          606 607 608 609 610 611
          612 613 614 615 616 617
          618 619 620 621 622 623
          624 625 626 627 628 629
          630 631 632 633 634 635
          636 637 638 639 640 641
          642 643 644 645 646 647
          648 649 650 651 652 653
          654 655 656 657 658 659
          660 661 662 663 664 665
          666 667 668 669 670 671
          672 673 674 675 676 677
          678 679 680 681 682 683
          684 685 686 687 688 689
          690 691 692 693 694 695
          696 697 698 699 700 701
          702 703 704 705 706 707
          708 709 710 711 712 713
          714 715 716 717 718 719
          720 721 722 723 724 725
          726 727 728 729 730 731
          732 733 734 735 736 737
          738 739 740 741 742 743
          744 745 746 747 748 749
          750 751 752 753 754 755
          756 757 758 759 760 761
          762 763 764 765 766 767
          768 769 770 771 772 773
          774 775 776 777 778 779
          780 781 782 783 784 785
          786 787 788 789 790 791
          792 793 794 795 796 797
          798 799 800 801 802 803
          804 805 806 807 808 809
          810 811 812 813 814 815
          816 817 818 819 820 821
          822 823 824 825 826 827
          828 829 830 831 832 833
          834 835 836 837 838 839
          840 841 842 843 844 845
          846 847 848 849 850 851
          852 853 854 855 856 857
          858 859 860 861 862 863
          864 865 866 867 868 869
          870 871 872 873 874 875
          876 877 878 879 880 881
          882 883 884 885 886 887
          888 889 890 891 892 893
          894 895 896 897 898 899
          900 901 902 903 904 905
          906 907 908 909 910 911
          912 913 914 915 916 917
          918 919 920 921 922 923
          924 925 926 927 928 929
          930 931 932 933 934 935
          936 937 938 939 940 941
          942 943 944 945 946 947
          948 949 950 951 952 953
          954 955 956 957 958 959
          960 961 962 963 964 965
          966 967 968 969 970 971
          972 973 974 975 976 977
          978 979 980 981 982 983
          984 985 986 987 988 989
          990 991 992 993 994 995
          996 997 998 999 1000 1001
          1002 1003 1004 1005 1006 1007
          1008 1009 1010 1011 1012 1013
          1014 1015 1016 1017 1018 1019
          1020 1021 1022 1023 1024 1025
          1026 1027 1028 1029 1030 1031
          1032 1033 1034 1035 1036 1037
          1038 1039 1040 1041 1042 1043
          1044 1045 1046 1047 1048 1049
          1050 1051 1052 1053 1054 1055
          1056 1057 1058 1059 1060 1061
          1062 1063 1064 1065 1066 1067
          1068 1069 1070 1071 1072 1073
          1074 1075 1076 1077 1078 1079
          1080 1081 1082 1083 1084 1085
          1086 1087 1088 1089 1090 1091
          1092 1093 1094 1095 1096 1097
          1098 1099 1100 1101 1102 1103
          1104 1105 1106 1107 1108 1109
          1110 1111 1112 1113 1114 1115
          1116 1117 1118 1119 1120 1121
          1122 1123 1124 1125 1126 1127
          1128 1129 1130 1131 1132 1133
          1134 1135 1136 1137 1138 1139
          1140 1141 1142 1143 1144 1145
          1146 1147 1148 1149 1150 1151
          1152 1153 1154 1155 1156 1157
          1158 1159 1160 1161 1162 1163
          1164 1165 1166 1167 1168 1169
          1170 1171 1172 1173 1174 1175
          1176 1177 1178 1179 1180 1181
          1182 1183 1184 1185 1186 1187
          1188 1189 1190 1191 1192 1193
          1194 1195 1196 1197 1198 1199
          1200 1201 1202 1203 1204 1205
          1206 1207 1208 1209 1210 1211
          1212 1213 1214 1215 1216 1217
          1218 1219 1220 1221 1222 1223
          1224 1225 1226 1227 1228 1229
          1230 1231 1232 1233 1234 1235
          1236 1237 1238 1239 1240 1241
          1242 1243 1244 1245 1246 1247
          1248 1249 1250 1251 1252 1253
          1254 1255 1256 1257 1258 1259
          1260 1261 1262 1263 1264 1265
          1266 1267 1268 1269 1270 1271
          1272 1273 1274 1275 1276 1277
          1278 1279 1280 1281 1282 1283
          1284 1285 1286 1287 1288 1289
          1290 1291 1292 1293 1294 1295
          1296 1297 1298 1299 1300 1301
          1302 1303 1304 1305 1306 1307
          1308 1309 1310 1311 1312 1313
          1314 1315 1316 1317 1318 1319
          1320 1321 1322 1323 1324 1325
          1326 1327 1328 1329 1330 1331
          1332 1333 1334 1335 1336 1337
          1338 1339 1340 1341 1342 1343
          1344 1345 1346 1347 1348 1349
          1350 1351 1352 1353 1354 1355
          1356 1357 1358 1359 1360 1361
          1362 1363 1364 1365 1366 1367
          1368 1369 1370 1371 1372 1373
          1374 1375 1376 1377 1378 1379
          1380 1381 1382 1383 1384 1385
          1386 1387 1388 1389 1390 1391
          1392 1393 1394 1395 1396 1397
          1398 1399 1400 1401 1402 1403
          1404 1405 1406 1407 1408 1409
          1410 1411 1412 1413 1414 1415
          1416 1417 1418 1419 1420 1421
          1422 1423 1424 1425 1426 1427
          1428 1429 1430 1431 1432 1433
          1434 1435 1436 1437 1438 1439
          1440 1441 1442 1443 1444 1445
          1446 1447 1448 1449 1450 1451
          1452 1453 1454 1455 1456 1457
          1458 1459 1460 1461 1462 1463
          1464 1465 1466 1467 1468 1469
          1470 1471 1472 1473 1474 1475
          1476 1477 1478 1479 1480 1481
          1482 1483 1484 1485 1486 1487
          1488 1489 1490 1491 1492 1493
          1494 1495 1496 1497 1498 1499
          1500 1501 1502 1503 1504 1505
          1506 1507 1508 1509 1510 1511
          1512 1513 1514 1515 1516 1517
          1518 1519 1520 1521 1522 1523
          1524 1525 1526 1527 1528 1529
          1530 1531 1532 1533 1534 1535
          1536 1537 1538 1539 1540 1541
          1542 1543 1544 1545 1546 1547
          1548 1549 1550 1551 1552 1553
          1554 1555 1556 1557 1558 1559
          1560 1561 1562 1563 1564 1565
          1566 1567 1568 1569 1570 1571
          1572 1573 1574 1575 1576 1577
          1578 1579 1580 1581 1582 1583
          1584 1585 1586 1587 1588 1589
          1590 1591 1592 1593 1594 1595
          1596 1597 1598 1599 1600 1601
          1602 1603 1604 1605 1606 1607
          1608 1609 1610 1611 1612 1613
          1614 1615 1616 1617 1618 1619
          1620 1621 1622 1623 1624 1625
          1626 1627 1628 1629 1630 1631
          1632 1633 1634 1635 1636 1637
          1638 1639 1640 1641 1642 1643
          1644 1645 1646 1647 1648 1649
          1650 1651 1652 1653 1654 1655
          1656 1657 1658 1659 1660 1661
          1662 1663 1664 1665 1666 1667
          1668 1669 1670 1671 1672 1673
          1674 1675 1676 1677 1678 1679
          1680 1681 1682 1683 1684 1685
          1686 1687 1688 1689 1690 1691
          1692 1693 1694 1695 1696 1697
          1698 1699 1700 1701 1702 1703
          1704 1705 1706 1707 1708 1709
          1710 1711 1712 1713 1714 1715
          1716 1717 1718 1719 1720 1721
          1722 1723 1724 1725 1726 1727
          1728 1729 1730 1731 1732 1733
          1734 1735 1736 1737 1738 1739
          1740 1741 1742 1743 1744 1745
          1746 1747 1748 1749 1750 1751
          1752 1753 1754 1755 1756 1757
          1758 1759 1760 1761 1762 1763
          1764 1765 1766 1767 1768 1769
          1770 1771 1772 1773 1774 1775
          1776 1777 1778 1779 1780 1781
          1782 1783 1784 1785 1786 1787
          1788 1789 1790 1791 1792 1793
          1794 1795 1796 1797 1798 1799
          1800 1801 1802 1803 1804 1805
          1806 1807 1808 1809 1810 1811
          1812 1813 1814 1815 1816 1817
          1818 1819 1820 1821 1822 1823
          1824 1825 1826 1827 1828 1829
          1830 1831 1832 1833 1834 1835
          1836 1837 1838 1839 1840 1841
          1842 1843 1844 1845 1846 1847
          1848 1849 1850 1851 1852 1853
          1854 1855 1856 1857 1858 1859
          1860 1861 1862 1863 1864 1865
          1866 1867 1868 1869 1870 1871
          1872 1873 1874 1875 1876 1877
          1878 1879 1880 1881 1882 1883
          1884 1885 1886 1887 1888 1889
          1890 1891 1892 1893 1894 1895
          1896 1897 1898 1899 1900 1901
          1902 1903 1904 1905 1906 1907
          1908 1909 1910 1911 1912 1913
          1914 1915 1916 1917 1918 1919
          1920 1921 1922 1923 1924 1925
          1926 1927 1928 1929 1930 1931
          1932 1933 1934 1935 1936 1937
          1938 1939 1940 1941 1942 1943
          1944 1945 1946 1947 1948 1949
          1950 1951 1952 1953 1954 1955
          1956 1957 1958 1959 1960 1961
          1962 1963 1964 1965 1966 1967
          1968 1969 1970 1971 1972 1973
          1974 1975 1976 1977 1978 1979
          1980 1981 1982 1983 1984 1985
          1986 1987 1988 1989 1990 1991
          1992 1993 1994 1995 1996 1997
          1998 1999 2000 2001 2002 2003
          2004 2005 2006 2007 2008 2009
          2010 2011 2012 2013 2014 2015
          2016 2017 2018 2019 2020 2021
          2022 2023 2024 2025 2026 2027
          2028 2029 2030 2031 2032 2033
          2034 2035 2036 2037 2038 2039
          2040 2041 2042 2043 2044 2045
          2046 2047 2048 2049 2050 2051
          2052 2053 2054 2055 2056 2057
          2058 2059 2060 2061 2062 2063
          2064 2065 2066 2067 2068 2069
          2070 2071 2072 2073 2074 2075
          2076 2077 2078 2079 2080 2081
          2082 2083 2084 2085 2086 2087
          2088 2089 2090 2091 2092 2093
          2094 2095 2096 2097 2098 2099
          2100 2101 2102 2103 2104 2105
          2106 2107 2108 2109 2110 2111
          2112 2113 2114 2115 2116 2117
          2118 2119 2120 2121 2122 2123
          2124 2125 2126 2127 2128 2129
          2130 2131 2132 2133 2134 2135
          2136 2137 2138 2139 2140 2141
          2142 2143 2144 2145 2146 2147
          2148 2149 2150 2151 2152 2153
          2154 2155 2156 2157 2158 2159
          2160 2161 2162 2163 2164 2165
          2166 2167 2168 2169 2170 2171
          2172 2173 2174 2175 2176 2177
          2178 2179 2180 2181 2182 2183
          2184 2185 2186 2187 2188 2189
          2190 2191 2192 2193 2194 2195
          2196 2197 2198 2199 2200 2201
          2202 2203 2204 2205 2206 2207
          2208 2209 2210 2211 2212 2213
          2214 2215 2216 2217 2218 2219
          2220 2221 2222 2223 2224 2225
          2226 2227 2228 2229 2230 2231
          2232 2233 2234 2235 2236 2237
          2238 2239 2240 2241 2242 2243
          2244 2245 2246 2247 2248 2249
          2250 2251 2252 2253 2254 2255
          2256 2257 2258 2259 2260 2261
          2262 2263 2264 2265 2266 2267
          2268 2269 2270 2271 2272 2273
          2274 2275 2276 2277 2278 2279
          2280 2281 2282 2283 2284 2285
          2286 2287 2288 2289 2290 2291
          2292 2293 2294 2295 2296 2297
          2298 2299 2300 2301 2302 2303
          2304 2305 2306 2307 2308 2309
          2310 2311 2312 2313 2314 2315
          2316 2317 2318 2319 2320 2321
          2322 2323 2324 2325 2326 2327
          2328 2329 2330 2331 2332 2333
          2334 2335 2336 2337 2338 2339
          2340 2341 2342 2343 2344 2345
          2346 2347 2348 2349 2350 2351
          2352 2353 2354 2355 2356 2357
          2358 2359 2360 2361 2362 2363
          2364 2365 2366 2367 2368 2369
          2370 2371 2372 2373 2374 2375
          2376 2377 2378 2379 2380 2381
          2382 2383 2384 2385 2386 2387
          2388 2389 2390 2391 2392 2393
          2394 2395 2396 2397 2398 2399
          2400 2401 2402 2403 2404 2405
          2406 2407 2408 2409 2410 2411
          2412 2413 2414 2415 2416 2417
          2418 2419 2420 2421 2422 2423
          2424 2425 2426 2427 2428 2429
          2430 2431 2432 2433 2434 2435
          2436 2437 2438 2439 2440 2441
          2442 2443 2444 2445 2446 2447
          2448 2449 2450 2451 2452 2453
          2454 2455 2456 2457 2458 2459
          2460 2461 2462 2463 2464 2465
          2466 2467 0 2466
        </DataArray>
        <DataArray type="Int64" Name="offsets" format="ascii" RangeMin="2" RangeMax="2470">
          2 4 6 8 10 12
          14 16 18 20 22 24
          26 28 30 32 34 36
          38 40 42 44 46 48
          50 52 54 56 58 60
          62 64 66 68 70 72
          74 76 78 80 82 84
          86 88 90 92 94 96
          98 100 102 104 106 108
          110 112 114 116 118 120
          122 124 126 128 130 132
          134 136 138 140 142 144
          146 148 150 152 154 156
          158 160 162 164 166 168
          170 172 174 176 178 180
          182 184 186 188 190 192
          194 196 198 200 202 204
          206 208 210 212 214 216
          218 220 222 224 226 228
          230 232 234 236 238 240
          242 244 246 248 250 252
          254 256 258 260 262 264
          266 268 270 272 274 276
          278 280 282 284 286 288
          290 292 294 296 298 300
          302 304 306 308 310 312
          314 316 318 320 322 324
          326 328 330 332 334 336
          338 340 342 344 346 348
          350 352 354 356 358 360
          362 364 366 368 370 372
          374 376 378 380 382 384
          386 388 390 392 394 396
          398 400 402 404 406 408
          410 412 414 416 418 420
          422 424 426 428 430 432
          434 436 438 440 442 444
          446 448 450 452 454 456
          458 460 462 464 466 468
          470 472 474 476 478 480
          482 484 486 488 490 492
          494 496 498 500 502 504
          506 508 510 512 514 516
          518 520 522 524 526 528
          530 532 534 536 538 540
          542 544 546 548 550 552
          554 556 558 560 562 564
          566 568 570 572 574 576
          578 580 582 584 586 588
          590 592 594 596 598 600
          602 604 606 608 610 612
          614 616 618 620 622 624
          626 628 630 632 634 636
          638 640 642 644 646 648
          650 652 654 656 658 660
          662 664 666 668 670 672
          674 676 678 680 682 684
          686 688 690 692 694 696
          698 700 702 704 706 708
          710 712 714 716 718 720
          722 724 726 728 730 732
          734 736 738 740 742 744
          746 748 750 752 754 756
          758 760 762 764 766 768
          770 772 774 776 778 780
          782 784 786 788 790 792
          794 796 798 800 802 804
          806 808 810 812 814 816
          818 820 822 824 826 828
          830 832 834 836 838 840
          842 844 846 848 850 852
          854 856 858 860 862 864
          866 868 870 872 874 876
          878 880 882 884 886 888
          890 892 894 896 898 900
          902 904 906 908 910 912
          914 916 918 920 922 924
          926 928 930 932 934 936
          938 940 942 944 946 948
          950 952 954 956 958 960
          962 964 966 968 970 972
          974 976 978 980 982 984
          986 988 990 992 994 996
          998 1000 1002 1004 1006 1008
          1010 1012 1014 1016 1018 1020
          1022 1024 1026 1028 1030 1032
          1034 1036 1038 1040 1042 1044
          1046 1048 1050 1052 1054 1056
          1058 1060 1062 1064 1066 1068
          1070 1072 1074 1076 1078 1080
          1082 1084 1086 1088 1090 1092
          1094 1096 1098 1100 1102 1104
          1106 1108 1110 1112 1114 1116
          1118 1120 1122 1124 1126 1128
          1130 1132 1134 1136 1138 1140
          1142 1144 1146 1148 1150 1152
          1154 1156 1158 1160 1162 1164
          1166 1168 1170 1172 1174 1176
          1178 1180 1182 1184 1186 1188
          1190 1192 1194 1196 1198 1200
          1202 1204 1206 1208 1210 1212
          1214 1216 1218 1220 1222 1224
          1226 1228 1230 1232 1234 1236
          1238 1240 1242 1244 1246 1248
          1250 1252 1254 1256 1258 1260
          1262 1264 1266 1268 1270 1272
          1274 1276 1278 1280 1282 1284
          1286 1288 1290 1292 1294 1296
          1298 1300 1302 1304 1306 1308
          1310 1312 1314 1316 1318 1320
          1322 1324 1326 1328 1330 1332
          1334 1336 1338 1340 1342 1344
          1346 1348 1350 1352 1354 1356
          1358 1360 1362 1364 1366 1368
          1370 1372 1374 1376 1378 1380
          1382 1384 1386 1388 1390 1392
          1394 1396 1398 1400 1402 1404
          1406 1408 1410 1412 1414 1416
          1418 1420 1422 1424 1426 1428
          1430 1432 1434 1436 1438 1440
          1442 1444 1446 1448 1450 1452
          1454 1456 1458 1460 1462 1464
          1466 1468 1470 1472 1474 1476
          1478 1480 1482 1484 1486 1488
          1490 1492 1494 1496 1498 1500
          1502 1504 1506 1508 1510 1512
          1514 1516 1518 1520 1522 1524
          1526 1528 1530 1532 1534 1536
          1538 1540 1542 1544 1546 1548
          1550 1552 1554 1556 1558 1560
          1562 1564 1566 1568 1570 1572
          1574 1576 1578 1580 1582 1584
          1586 1588 1590 1592 1594 1596
          1598 1600 1602 1604 1606 1608
          1610 1612 1614 1616 1618 1620
          1622 1624 1626 1628 1630 1632
          1634 1636 1638 1640 1642 1644
          1646 1648 1650 1652 1654 1656
          1658 1660 1662 1664 1666 1668
          1670 1672 1674 1676 1678 1680
          1682 1684 1686 1688 1690 1692
          1694 1696 1698 1700 1702 1704
          1706 1708 1710 1712 1714 1716
          1718 1720 1722 1724 1726 1728
          1730 1732 1734 1736 1738 1740
          1742 1744 1746 1748 1750 1752
          1754 1756 1758 1760 1762 1764
          1766 1768 1770 1772 1774 1776
          1778 1780 1782 1784 1786 1788
          1790 1792 1794 1796 1798 1800
          1802 1804 1806 1808 1810 1812
          1814 1816 1818 1820 1822 1824
          1826 1828 1830 1832 1834 1836
          1838 1840 1842 1844 1846 1848
          1850 1852 1854 1856 1858 1860
          1862 1864 1866 1868 1870 1872
          1874 1876 1878 1880 1882 1884
          1886 1888 1890 1892 1894 1896
          1898 1900 1902 1904 1906 1908
          1910 1912 1914 1916 1918 1920
          1922 1924 1926 1928 1930 1932
          1934 1936 1938 1940 1942 1944
          1946 1948 1950 1952 1954 1956
          1958 1960 1962 1964 1966 1968
          1970 1972 1974 1976 1978 1980
          1982 1984 1986 1988 1990 1992
          1994 1996 1998 2000 2002 2004
          2006 2008 2010 2012 2014 2016
          2018 2020 2022 2024 2026 2028
          2030 2032 2034 2036 2038 2040
          2042 2044 2046 2048 2050 2052
          2054 2056 2058 2060 2062 2064
          2066 2068 2070 2072 2074 2076
          2078 2080 2082 2084 2086 2088
          2090 2092 2094 2096 2098 2100
          2102 2104 2106 2108 2110 2112
          2114 2116 2118 2120 2122 2124
          2126 2128 2130 2132 2134 2136
          2138 2140 2142 2144 2146 2148
          2150 2152 2154 2156 2158 2160
          2162 2164 2166 2168 2170 2172
          2174 2176 2178 2180 2182 2184
          2186 2188 2190 2192 2194 2196
          2198 2200 2202 2204 2206 2208
          2210 2212 2214 2216 2218 2220
          2222 2224 2226 2228 2230 2232
          2234 2236 2238 2240 2242 2244
          2246 2248 2250 2252 2254 2256
          2258 2260 2262 2264 2266 2268
          2270 2272 2274 2276 2278 2280
          2282 2284 2286 2288 2290 2292
          2294 2296 2298 2300 2302 2304
          2306 2308 2310 2312 2314 2316
          2318 2320 2322 2324 2326 2328
          2330 2332 2334 2336 2338 2340
          2342 2344 2346 2348 2350 2352
          2354 2356 2358 2360 2362 2364
          2366 2368 2370 2372 2374 2376
          2378 2380 2382 2384 2386 2388
          2390 2392 2394 2396 2398 2400
          2402 2404 2406 2408 2410 2412
          2414 2416 2418 2420 2422 2424
          2426 2428 2430 2432 2434 2436
          2438 2440 2442 2444 2446 2448
          2450 2452 2454 2456 2458 2460
          2462 2464 2466 2468 2470
        </DataArray>
        <DataArray type="UInt8" Name="types" format="ascii" RangeMin="3" RangeMax="3">
          3 3 3 3 3 3
          3 3 3 3 3 3
          3 3 3 3 3 3
          3 3 3 3 3 3
          3 3 3 3 3 3
          3 3 3 3 3 3
          3 3 3 3 3 3
          3 3 3 3 3 3
          3 3 3 3 3 3
          3 3 3 3 3 3
          3 3 3 3 3 3
          3 3 3 3 3 3
          3 3 3 3 3 3
          3 3 3 3 3 3
          3 3 3 3 3 3
          3 3 3 3 3 3
          3 3 3 3 3 3
          3 3 3 3 3 3
          3 3 3 3 3 3
          3 3 3 3 3 3
          3 3 3 3 3 3
          3 3 3 3 3 3
          3 3 3 3 3 3
          3 3 3 3 3 3
          3 3 3 3 3 3
          3 3 3 3 3 3
          3 3 3 3 3 3
          3 3 3 3 3 3
          3 3 3 3 3 3
          3 3 3 3 3 3
          3 3 3 3 3 3
          3 3 3 3 3 3
          3 3 3 3 3 3
          3 3 3 3 3 3
          3 3 3 3 3 3
          3 3 3 3 3 3
          3 3 3 3 3 3
          3 3 3 3 3 3
          3 3 3 3 3 3
          3 3 3 3 3 3
          3 3 3 3 3 3
          3 3 3 3 3 3
          3 3 3 3 3 3
          3 3 3 3 3 3
          3 3 3 3 3 3
          3 3 3 3 3 3
          3 3 3 3 3 3
          3 3 3 3 3 3
          3 3 3 3 3 3
          3 3 3 3 3 3
          3 3 3 3 3 3
          3 3 3 3 3 3
          3 3 3 3 3 3
          3 3 3 3 3 3
          3 3 3 3 3 3
          3 3 3 3 3 3
          3 3 3 3 3 3
          3 3 3 3 3 3
          3 3 3 3 3 3
          3 3 3 3 3 3
          3 3 3 3 3 3
          3 3 3 3 3 3
          3 3 3 3 3 3
          3 3 3 3 3 3
          3 3 3 3 3 3
          3 3 3 3 3 3
          3 3 3 3 3 3
          3 3 3 3 3 3
          3 3 3 3 3 3
          3 3 3 3 3 3
          3 3 3 3 3 3
          3 3 3 3 3 3
          3 3 3 3 3 3
          3 3 3 3 3 3
          3 3 3 3 3 3
          3 3 3 3 3 3
          3 3 3 3 3 3
          3 3 3 3 3 3
          3 3 3 3 3 3
          3 3 3 3 3 3
          3 3 3 3 3 3
          3 3 3 3 3 3
          3 3 3 3 3 3
          3 3 3 3 3 3
          3 3 3 3 3 3
          3 3 3 3 3 3
          3 3 3 3 3 3
          3 3 3 3 3 3
          3 3 3 3 3 3
          3 3 3 3 3 3
          3 3 3 3 3 3
          3 3 3 3 3 3
          3 3 3 3 3 3
          3 3 3 3 3 3
          3 3 3 3 3 3
          3 3 3 3 3 3
          3 3 3 3 3 3
          3 3 3 3 3 3
          3 3 3 3 3 3
          3 3 3 3 3 3
          3 3 3 3 3 3
          3 3 3 3 3 3
          3 3 3 3 3 3
          3 3 3 3 3 3
          3 3 3 3 3 3
          3 3 3 3 3 3
          3 3 3 3 3 3
          3 3 3 3 3 3
          3 3 3 3 3 3
          3 3 3 3 3 3
          3 3 3 3 3 3
          3 3 3 3 3 3
          3 3 3 3 3 3
          3 3 3 3 3 3
          3 3 3 3 3 3
          3 3 3 3 3 3
          3 3 3 3 3 3
          3 3 3 3 3 3
          3 3 3 3 3 3
          3 3 3 3 3 3
          3 3 3 3 3 3
          3 3 3 3 3 3
          3 3 3 3 3 3
          3 3 3 3 3 3
          3 3 3 3 3 3
          3 3 3 3 3 3
          3 3 3 3 3 3
          3 3 3 3 3 3
          3 3 3 3 3 3
          3 3 3 3 3 3
          3 3 3 3 3 3
          3 3 3 3 3 3
          3 3 3 3 3 3
          3 3 3 3 3 3
          3 3 3 3 3 3
          3 3 3 3 3 3
          3 3 3 3 3 3
          3 3 3 3 3 3
          3 3 3 3 3 3
          3 3 3 3 3 3
          3 3 3 3 3 3
          3 3 3 3 3 3
          3 3 3 3 3 3
          3 3 3 3 3 3
          3 3 3 3 3 3
          3 3 3 3 3 3
          3 3 3 3 3 3
          3 3 3 3 3 3
          3 3 3 3 3 3
          3 3 3 3 3 3
          3 3 3 3 3 3
          3 3 3 3 3 3
          3 3 3 3 3 3
          3 3 3 3 3 3
          3 3 3 3 3 3
          3 3 3 3 3 3
          3 3 3 3 3 3
          3 3 3 3 3 3
          3 3 3 3 3 3
          3 3 3 3 3 3
          3 3 3 3 3 3
          3 3 3 3 3 3
          3 3 3 3 3 3
          3 3 3 3 3 3
          3 3 3 3 3 3
          3 3 3 3 3 3
          3 3 3 3 3 3
          3 3 3 3 3 3
          3 3 3 3 3 3
          3 3 3 3 3 3
          3 3 3 3 3 3
          3 3 3 3 3 3
          3 3 3 3 3 3
          3 3 3 3 3 3
          3 3 3 3 3 3
          3 3 3 3 3 3
          3 3 3 3 3 3
          3 3 3 3 3 3
          3 3 3 3 3 3
          3 3 3 3 3 3
          3 3 3 3 3 3
          3 3 3 3 3 3
          3 3 3 3 3 3
          3 3 3 3 3 3
          3 3 3 3 3 3
          3 3 3 3 3 3
          3 3 3 3 3 3
          3 3 3 3 3 3
          3 3 3 3 3 3
          3 3 3 3 3 3
          3 3 3 3 3 3
          3 3 3 3 3 3
          3 3 3 3 3 3
          3 3 3 3 3 3
          3 3 3 3 3 3
          3 3 3 3 3 3
          3 3 3 3 3 3
          3 3 3 3 3 3
          3 3 3 3 3 3
          3 3 3 3 3 3
          3 3 3 3 3 3
          3 3 3 3 3 3
          3 3 3 3 3 3
          3 3 3 3 3 3
          3 3 3 3 3 3
          3 3 3 3 3
        </DataArray>
      </Cells>
    </Piece>
  </UnstructuredGrid>
</VTKFile>
