method,sample_idx,psnr,wpd_bias,wpd_mae,wpd_rmse,wpd_w1,psd_log_l2,psd_slope_gt,psd_slope_sr,psd_slope_delta,psd_slope_abs_delta,grad_mae,grad_w1,grad_kurtosis_gt,grad_kurtosis_sr,grad_kurtosis_delta,grad_kurtosis_abs_delta,exceed_frac_gt_t5,exceed_frac_sr_t5,exceed_frac_delta_t5,exceed_frac_abs_delta_t5,exceed_frac_gt_t10,exceed_frac_sr_t10,exceed_frac_delta_t10,exceed_frac_abs_delta_t10,exceed_frac_gt_t15,exceed_frac_sr_t15,exceed_frac_delta_t15,exceed_frac_abs_delta_t15,exceed_frac_gt_p90,exceed_frac_sr_p90,exceed_frac_delta_p90,exceed_frac_abs_delta_p90,exceed_frac_gt_p95,exceed_frac_sr_p95,exceed_frac_delta_p95,exceed_frac_abs_delta_p95,exceed_frac_gt_p99,exceed_frac_sr_p99,exceed_frac_delta_p99,exceed_frac_abs_delta_p99,key,pd_distance,mt_distance,ssim
cnn,0,31.44863091961014,3.322278106063319,221.5959260435228,631.3353259921904,12.176706260719543,0.5255543702425648,2.6422928096341036,1.3967357260618805,-1.2455570835722232,1.2455570835722232,0.35707416951186594,0.14188089210899743,22.02973963265129,18.315687056488517,-3.7140525761627714,3.7140525761627714,0.606616,0.603408,-0.0032079999999999886,0.0032079999999999886,0.220788,0.217076,-0.003712000000000021,0.003712000000000021,0.036864,0.0379,0.0010360000000000022,0.0010360000000000022,0.1,0.098044,-0.0019559999999999994,0.0019559999999999994,0.05,0.05154,0.0015399999999999997,0.0015399999999999997,0.01,0.01014,0.0001399999999999995,0.0001399999999999995,cnn_s0_speed_p160_x0_y0,24.384505325565424,5.051645278930664,0.6335844954540828
cnn,1,31.692299766082456,-10.048282138120044,243.81812028203902,675.4263819296079,15.54843536779524,0.5512168481123898,2.7129186069163524,1.3163688441197248,-1.3965497627966277,1.3965497627966277,0.365122821373616,0.15998756825210722,21.59752764304492,17.86956520454517,-3.7279624384997483,3.7279624384997483,0.630292,0.632168,0.0018759999999999888,0.0018759999999999888,0.2575,0.257344,-0.00015599999999998948,0.00015599999999998948,0.046844,0.045652,-0.0011919999999999986,0.0011919999999999986,0.1,0.096608,-0.003392000000000006,0.003392000000000006,0.05,0.048664,-0.0013360000000000039,0.0013360000000000039,0.01,0.009076,-0.0009239999999999995,0.0009239999999999995,cnn_s1_speed_p160_x0_y0,24.612518312283534,4.678010940551758,0.6378450016412086
cnn,2,31.54699072539859,-13.715405071461689,271.04069176081435,727.5703606765762,19.60719507954446,0.543724831697504,2.7598653808089275,1.3892645713010285,-1.370600809507899,1.370600809507899,0.37335805477379874,0.1699299385733475,20.27101350618725,16.81370946221437,-3.4573040439728793,3.4573040439728793,0.659104,0.659272,0.00016799999999994597,0.00016799999999994597,0.29094,0.291576,0.0006360000000000254,0.0006360000000000254,0.058684,0.057324,-0.00136,0.00136,0.1,0.098268,-0.0017320000000000113,0.0017320000000000113,0.05,0.048688,-0.0013120000000000007,0.0013120000000000007,0.01,0.00868,-0.00132,0.00132,cnn_s2_speed_p160_x0_y0,25.200926367648954,4.894824504852295,0.6223940258968236
cnn,3,31.5904468469398,-22.106081627235685,296.56161909193986,779.768079017902,26.5938643061863,0.5686630178775349,2.8148813567348094,1.3974667508403935,-1.417414605894416,1.417414605894416,0.38173743666645943,0.18302102901570666,20.3035498291027,17.252790729164012,-3.0507590999386878,3.0507590999386878,0.6922,0.692576,0.00037599999999993194,0.00037599999999993194,0.323652,0.32476,0.0011079999999999979,0.0011079999999999979,0.071708,0.069064,-0.0026439999999999936,0.0026439999999999936,0.1,0.097356,-0.0026440000000000075,0.0026440000000000075,0.05,0.046996,-0.0030039999999999997,0.0030039999999999997,0.01,0.00826,-0.0017400000000000002,0.0017400000000000002,cnn_s3_speed_p160_x0_y0,24.87627415927669,4.794641017913818,0.6252808362395419
cnn,4,31.16854735228141,-27.076085278503694,312.23008605350753,795.3393481668863,33.36635429998364,0.5436400529361233,2.7681666845347146,1.5045558011279265,-1.263610883406788,1.263610883406788,0.3920347216306909,0.18725240635725657,19.823823685874085,16.903891688434346,-2.9199319974397397,2.9199319974397397,0.735992,0.735724,-0.00026799999999993496,0.00026799999999993496,0.362432,0.3639,0.0014680000000000248,0.0014680000000000248,0.08138,0.078,-0.003379999999999994,0.003379999999999994,0.1,0.094456,-0.005544000000000007,0.005544000000000007,0.05,0.045888,-0.0041120000000000045,0.0041120000000000045,0.01,0.00864,-0.00136,0.00136,cnn_s4_speed_p160_x0_y0,24.810879874900778,4.892229080200195,0.6188264630640096
cnn,5,31.066356029873372,-29.871797415116948,331.20302392786385,814.1251512794533,35.32829511630865,0.5583519999584546,2.752955266017228,1.5278230879395032,-1.2251321780777247,1.2251321780777247,0.40084965022376245,0.19427018172256152,19.919202973031233,17.302438518572455,-2.616764454458778,2.616764454458778,0.790428,0.788376,-0.0020520000000000538,0.0020520000000000538,0.398252,0.3987,0.00044800000000000395,0.00044800000000000395,0.087164,0.08024,-0.006924,0.006924,0.1,0.09232,-0.007680000000000006,0.007680000000000006,0.05,0.044648,-0.005352000000000003,0.005352000000000003,0.01,0.00866,-0.001340000000000001,0.001340000000000001,cnn_s5_speed_p160_x0_y0,27.01852197077857,5.628478050231934,0.5860435401093661
cnn,6,31.338762401290875,-38.64744441680193,326.5449725055528,773.1061532402149,44.35720204250285,0.5657284148063008,2.708055286320496,1.4861530035330344,-1.2219022827874617,1.2219022827874617,0.3975062725174918,0.19936101988821434,19.21963214301053,16.91863752435772,-2.3009946186528083,2.3009946186528083,0.829016,0.825932,-0.0030839999999999756,0.0030839999999999756,0.434664,0.436272,0.0016079999999999983,0.0016079999999999983,0.090252,0.083088,-0.007164000000000004,0.007164000000000004,0.1,0.09234,-0.00766,0.00766,0.05,0.0426,-0.007400000000000004,0.007400000000000004,0.01,0.007728,-0.0022720000000000006,0.0022720000000000006,cnn_s6_speed_p160_x0_y0,28.068979766562435,6.144000053405762,0.6104470927526627
cnn,7,31.13074607942621,-48.34723932355751,307.73585041558454,705.9303574253695,60.2050185397248,0.6147404703544644,2.6863219912181293,1.4668043917099103,-1.219517599508219,1.219517599508219,0.39094158124414563,0.2231354271334698,19.40674891989679,16.101926716115504,-3.304822203781285,3.304822203781285,0.86922,0.87212,0.0029000000000000137,0.0029000000000000137,0.460136,0.464152,0.0040160000000000196,0.0040160000000000196,0.095252,0.08618,-0.009071999999999997,0.009071999999999997,0.1,0.09058,-0.009420000000000012,0.009420000000000012,0.05,0.04236,-0.007640000000000001,0.007640000000000001,0.01,0.006472,-0.003528,0.003528,cnn_s7_speed_p160_x0_y0,29.26973016135952,5.672351837158203,0.5788093320390605
cnn,8,31.360491209352674,-45.390068791902266,300.281470491702,660.5428584979636,52.582040677078965,0.6523686836173482,2.681394427062346,1.5541795013461386,-1.1272149257162074,1.1272149257162074,0.38899178180769256,0.2296630141518205,19.72492902925247,17.55953272345065,-2.165396305801817,2.165396305801817,0.900284,0.904576,0.0042920000000000735,0.0042920000000000735,0.493224,0.49286,-0.00036399999999997545,0.00036399999999997545,0.099704,0.08746,-0.012244000000000005,0.012244000000000005,0.1,0.087764,-0.01223600000000001,0.01223600000000001,0.05,0.040208,-0.009792000000000002,0.009792000000000002,0.01,0.006888,-0.003112,0.003112,cnn_s8_speed_p160_x0_y0,29.63505050414828,7.50956392288208,0.5424755769298811
cnn,9,31.371026408537652,-41.44450152923926,288.2607483740837,599.4648989499779,49.16999316437071,0.681537462074852,2.6240306047279827,1.5165907552593705,-1.1074398494686122,1.1074398494686122,0.3796610425240004,0.21678010257301614,18.89682228236527,16.266140889454316,-2.6306813929109545,2.6306813929109545,0.92978,0.934284,0.0045039999999999525,0.0045039999999999525,0.53286,0.528936,-0.003924000000000039,0.003924000000000039,0.107044,0.096648,-0.010396000000000002,0.010396000000000002,0.1,0.088192,-0.011807999999999999,0.011807999999999999,0.05,0.038676,-0.011324,0.011324,0.01,0.006712,-0.003288,0.003288,cnn_s9_speed_p160_x0_y0,28.65602837253281,5.768454551696777,0.5305875142485871
cnn,10,31.816922329920537,-39.83815196972408,278.2545073653114,555.7312679885772,53.656084115925694,0.7568204214551575,2.5408636514117626,1.494805354806124,-1.0460582966056386,1.0460582966056386,0.36870187989129716,0.218423523104424,19.156872458932394,18.010296651981957,-1.1465758069504375,1.1465758069504375,0.945176,0.948712,0.0035359999999999836,0.0035359999999999836,0.556484,0.552708,-0.0037760000000000016,0.0037760000000000016,0.116736,0.107272,-0.009464,0.009464,0.1,0.088564,-0.011436000000000002,0.011436000000000002,0.05,0.039132,-0.010868000000000003,0.010868000000000003,0.01,0.0063,-0.0037,0.0037,cnn_s10_speed_p160_x0_y0,29.696969860459554,6.634506702423096,0.5321626280645544
cnn,11,31.748350858788758,-43.37986882611018,270.27078472056496,507.8111337650393,49.50182970113581,0.80191130157697,2.352269965977851,1.4710416693649184,-0.8812282966129328,0.8812282966129328,0.3677900042283905,0.21796784228540447,18.284984904522606,17.177324130865657,-1.1076607736569493,1.1076607736569493,0.946068,0.9499,0.0038319999999999466,0.0038319999999999466,0.582608,0.576908,-0.005700000000000038,0.005700000000000038,0.132712,0.126,-0.006711999999999996,0.006711999999999996,0.1,0.088852,-0.011148000000000005,0.011148000000000005,0.05,0.040804,-0.009196000000000003,0.009196000000000003,0.01,0.00368,-0.00632,0.00632,cnn_s11_speed_p160_x0_y0,28.68732565326105,5.910721302032471,0.485865417911638
cnn,12,31.323965112591917,-42.03415437463163,264.69706065698887,477.7448860366581,46.361014311737414,0.9539183791233589,2.2636711597595545,1.445843938804531,-0.8178272209550235,0.8178272209550235,0.3713575429796618,0.23368142016855964,17.398512855685922,17.529897966732445,0.13138511104652295,0.13138511104652295,0.928128,0.931308,0.0031800000000000717,0.0031800000000000717,0.61038,0.602384,-0.007996000000000003,0.007996000000000003,0.156016,0.14916,-0.006856000000000001,0.006856000000000001,0.1,0.091016,-0.008984000000000006,0.008984000000000006,0.05,0.041348,-0.008652,0.008652,0.01,0.00238,-0.00762,0.00762,cnn_s12_speed_p160_x0_y0,30.104522332856273,6.61636209487915,0.5071715707128571
cnn,13,30.30311362025517,-47.12697045536749,259.1313827539367,441.0120585542027,49.121724804084465,1.0259421321154742,2.2584046099765724,1.4686725188930594,-0.789732091083513,0.789732091083513,0.36418067431277734,0.24152600358516008,16.310437927162244,16.277126452618443,-0.03331147454380101,0.03331147454380101,0.911432,0.915812,0.0043799999999999395,0.0043799999999999395,0.639384,0.631524,-0.007859999999999978,0.007859999999999978,0.18406,0.178988,-0.005071999999999993,0.005071999999999993,0.1,0.091564,-0.008435999999999999,0.008435999999999999,0.05,0.042844,-0.007156000000000003,0.007156000000000003,0.01,0.002104,-0.007896,0.007896,cnn_s13_speed_p160_x0_y0,29.273674668484478,6.0738348960876465,0.5119176084848193
cnn,14,30.774024198494217,-52.92315375912609,245.9792581293314,410.4816441061438,53.95170315300297,1.059358536154577,2.2153010832986104,1.2895024769039516,-0.9257986063946588,0.9257986063946588,0.35026225920743626,0.24674524774793408,16.013966649561837,15.896450737188234,-0.11751591237360337,0.11751591237360337,0.890516,0.893456,0.0029400000000000537,0.0029400000000000537,0.624644,0.611052,-0.013591999999999937,0.013591999999999937,0.217792,0.21218,-0.005612000000000006,0.005612000000000006,0.1,0.093036,-0.006964000000000012,0.006964000000000012,0.05,0.04488,-0.0051199999999999996,0.0051199999999999996,0.01,0.00278,-0.007220000000000001,0.007220000000000001,cnn_s14_speed_p160_x0_y0,28.13047371417262,5.448930263519287,0.5264626109673549
cnn,15,31.45612699358063,-43.810313174525035,231.89344738041146,396.1983328656295,47.463822803787515,0.9760292555517581,2.088418536738446,1.1034394451486143,-0.9849790915898318,0.9849790915898318,0.32342770894399825,0.23189684925954068,15.547032246864896,16.620052714801023,1.0730204679361268,1.0730204679361268,0.856176,0.853684,-0.0024920000000000497,0.0024920000000000497,0.585716,0.578856,-0.006859999999999977,0.006859999999999977,0.241248,0.24172,0.0004720000000000002,0.0004720000000000002,0.1,0.095636,-0.004364000000000007,0.004364000000000007,0.05,0.0452,-0.004800000000000006,0.004800000000000006,0.01,0.003588,-0.006412,0.006412,cnn_s15_speed_p160_x0_y0,26.322356943691645,5.097294807434082,0.5765227213961904
cnn,16,32.17583877075084,-49.934749400272594,225.4427798674337,402.972420101095,51.06291342975699,0.8783723181781088,1.921716330194096,0.9494528140519296,-0.9722635161421664,0.9722635161421664,0.299145064972306,0.21512043905997383,17.77867267231509,18.17207645251866,0.39340378020357036,0.39340378020357036,0.838356,0.834408,-0.0039479999999999515,0.0039479999999999515,0.549872,0.546,-0.0038719999999999866,0.0038719999999999866,0.266504,0.263764,-0.00274000000000002,0.00274000000000002,0.1,0.094092,-0.0059080000000000105,0.0059080000000000105,0.05,0.046572,-0.0034280000000000005,0.0034280000000000005,0.01,0.002936,-0.007064000000000001,0.007064000000000001,cnn_s16_speed_p160_x0_y0,23.755960973590362,5.464188098907471,0.6193966839844784
cnn,17,32.48824852842643,-45.220343449011274,218.71576822750694,400.63854911669046,49.49853220783566,0.7506764575839527,1.695904487052876,0.805585864414481,-0.8903186226383951,0.8903186226383951,0.28507626627305843,0.2060303133260675,18.110533198112872,15.710790414707663,-2.399742783405209,2.399742783405209,0.82844,0.827332,-0.0011079999999999979,0.0011079999999999979,0.52062,0.512696,-0.007923999999999931,0.007923999999999931,0.291112,0.292364,0.0012520000000000309,0.0012520000000000309,0.1,0.09358,-0.006420000000000009,0.006420000000000009,0.05,0.045856,-0.004144000000000002,0.004144000000000002,0.01,0.00496,-0.00504,0.00504,cnn_s17_speed_p160_x0_y0,20.900376556174706,5.2896833419799805,0.6164641229364425
cnn,18,32.601424065834784,-51.156209656623005,232.68686590374045,443.07088919690005,53.71250865957979,0.7491386339638868,1.562141682604286,0.6444706700849707,-0.9176710125193153,0.9176710125193153,0.28551414579577034,0.2188496361065258,22.33240868259696,20.360502516809458,-1.9719061657875017,1.9719061657875017,0.831792,0.829864,-0.0019279999999999298,0.0019279999999999298,0.504612,0.494144,-0.010467999999999922,0.010467999999999922,0.311664,0.312616,0.0009520000000000084,0.0009520000000000084,0.1,0.091268,-0.008732000000000004,0.008732000000000004,0.05,0.047364,-0.0026359999999999995,0.0026359999999999995,0.01,0.003584,-0.006416,0.006416,cnn_s18_speed_p160_x0_y0,20.394905033940507,6.258571624755859,0.6170124261331206
cnn,19,32.55938103077696,-50.74667362626337,250.91132168502006,482.1868325791299,57.33646949519785,0.673941461341186,1.440161293750411,0.5761223019089847,-0.8640389918414262,0.8640389918414262,0.29177907415586,0.21959466624139035,24.520500488515108,18.44043979091261,-6.080060697602498,6.080060697602498,0.844788,0.842828,-0.0019599999999999618,0.0019599999999999618,0.500632,0.48524,-0.015391999999999961,0.015391999999999961,0.324748,0.325692,0.0009440000000000004,0.0009440000000000004,0.1,0.087272,-0.012728000000000003,0.012728000000000003,0.05,0.047928,-0.0020720000000000044,0.0020720000000000044,0.01,0.002948,-0.007052,0.007052,cnn_s19_speed_p160_x0_y0,21.064082150885508,6.927988529205322,0.6194961697457047
cnn,20,32.38863856878173,-41.876776047667015,267.89171399326057,513.0860338639695,52.11920245212847,0.6218112665136215,1.2958909957741336,0.5251331872549362,-0.7707578085191974,0.7707578085191974,0.30292054468258167,0.2258190678866835,22.668517047982977,19.864610349064854,-2.803906698918123,2.803906698918123,0.85964,0.86162,0.001980000000000093,0.001980000000000093,0.500952,0.491412,-0.009539999999999937,0.009539999999999937,0.328004,0.32874,0.0007359999999999589,0.0007359999999999589,0.1,0.0914,-0.00860000000000001,0.00860000000000001,0.05,0.042216,-0.007784000000000006,0.007784000000000006,0.01,0.004792,-0.005208,0.005208,cnn_s20_speed_p160_x0_y0,21.97923655969375,6.254051208496094,0.61951889510752
cnn,21,32.618885861105625,-50.145029159102826,298.06990898204003,542.6680300947294,60.103610516600924,0.6511551297595033,1.288525422029245,0.506285620267186,-0.782239801762059,0.782239801762059,0.3482844241604966,0.2512864125600147,16.844721925372745,12.418376509431898,-4.4263454159408475,4.4263454159408475,0.874236,0.876544,0.0023079999999999767,0.0023079999999999767,0.50246,0.4924,-0.010060000000000013,0.010060000000000013,0.326276,0.328564,0.0022880000000000122,0.0022880000000000122,0.1,0.089644,-0.010356000000000004,0.010356000000000004,0.05,0.042436,-0.007564000000000001,0.007564000000000001,0.01,0.004156,-0.005844,0.005844,cnn_s21_speed_p160_x0_y0,27.30086406645334,8.127616882324219,0.5639126999708983
cnn,22,32.48546940467395,-53.2106373226424,341.3590600140365,599.555917300036,68.45591741000742,0.843147205528765,1.2336671041332852,0.4642375002082281,-0.769429603925057,0.769429603925057,0.3935953093847735,0.29602364844316464,19.014271446321313,13.370468155245192,-5.6438032910761216,5.6438032910761216,0.900088,0.89924,-0.0008479999999999599,0.0008479999999999599,0.56674,0.55934,-0.007400000000000073,0.007400000000000073,0.32034,0.322216,0.0018759999999999888,0.0018759999999999888,0.099996,0.093284,-0.006711999999999996,0.006711999999999996,0.05,0.042604,-0.007396,0.007396,0.01,0.002996,-0.007004,0.007004,cnn_s22_speed_p160_x0_y0,32.693467082501115,8.081520080566406,0.5233319491376003
cnn,23,32.75249271676132,-56.62264387045445,383.9206380556746,696.2087616682306,74.90032438270738,1.009112420185471,1.1223641828071955,0.45849132780238705,-0.6638728550048085,0.6638728550048085,0.4155507882220156,0.3167770252073736,25.370992439670133,31.880889251676066,6.509896812005934,6.509896812005934,0.934368,0.939404,0.0050360000000000404,0.0050360000000000404,0.633184,0.63232,-0.0008639999999999759,0.0008639999999999759,0.317004,0.318812,0.0018079999999999763,0.0018079999999999763,0.1,0.092008,-0.007991999999999999,0.007991999999999999,0.05,0.03922,-0.010780000000000005,0.010780000000000005,0.01,0.00536,-0.00464,0.00464,cnn_s23_speed_p160_x0_y0,34.476953302920876,6.907674789428711,0.5386967764303666
cnn,24,32.59554856905365,-49.28543923690295,423.82190465010126,800.0242203191126,70.91800977117681,1.1096059863086867,1.1875932121255863,0.5398685750922714,-0.647724637033315,0.647724637033315,0.433497260288219,0.32061695922337086,28.658118112788006,37.271512462835744,8.613394350047738,8.613394350047738,0.95646,0.961044,0.0045840000000000325,0.0045840000000000325,0.672988,0.680032,0.007043999999999939,0.007043999999999939,0.31482,0.31484,2.0000000000020002e-05,2.0000000000020002e-05,0.1,0.095224,-0.0047760000000000025,0.0047760000000000025,0.05,0.039716,-0.010284000000000001,0.010284000000000001,0.01,0.00546,-0.004540000000000001,0.004540000000000001,cnn_s24_speed_p160_x0_y0,35.75728371567695,7.21915864944458,0.5369307845594095
cnn,25,32.551973374121204,-39.67846369025563,468.59253760146345,952.8549385654705,71.63690084844687,1.175332261792815,1.302439309306081,0.7381436960157041,-0.564295613290377,0.564295613290377,0.46351786527523126,0.3306580306655405,29.87729426144925,39.144761590635106,9.267467329185855,9.267467329185855,0.966664,0.970968,0.0043040000000000855,0.0043040000000000855,0.69522,0.70292,0.00770000000000004,0.00770000000000004,0.297728,0.299848,0.0021200000000000108,0.0021200000000000108,0.1,0.094896,-0.005104000000000011,0.005104000000000011,0.05,0.03904,-0.010960000000000004,0.010960000000000004,0.01,0.004324,-0.0056760000000000005,0.0056760000000000005,cnn_s25_speed_p160_x0_y0,36.58411526021696,11.371563911437988,0.5231426682354472
cnn,26,32.65715000253616,-51.66391057425702,511.00649161371325,982.453358459747,70.91288726630188,1.2057423546362682,1.36343181145653,0.9339335608313717,-0.42949825062515834,0.42949825062515834,0.4935715500222092,0.33892274107495224,30.074899373935402,31.0759991446898,1.0010997707543972,1.0010997707543972,0.973664,0.977564,0.0039000000000000146,0.0039000000000000146,0.694832,0.699092,0.0042600000000000415,0.0042600000000000415,0.281388,0.281652,0.00026399999999998647,0.00026399999999998647,0.1,0.098968,-0.0010320000000000051,0.0010320000000000051,0.05,0.037188,-0.012812000000000004,0.012812000000000004,0.01,0.00258,-0.00742,0.00742,cnn_s26_speed_p160_x0_y0,35.02599363200026,7.043282985687256,0.5191432035272462
cnn,27,32.43554725561233,-38.12872132907133,539.2322537921307,1075.806699306839,68.37386644919721,1.0338251268491814,1.4301850683749284,0.8402521985068162,-0.5899328698681122,0.5899328698681122,0.502052729104065,0.32916734875855846,30.553059026435648,34.957736202170125,4.404677175734477,4.404677175734477,0.973756,0.979836,0.006080000000000085,0.006080000000000085,0.6991,0.705464,0.006363999999999925,0.006363999999999925,0.259612,0.256308,-0.003304000000000029,0.003304000000000029,0.1,0.101964,0.0019639999999999935,0.0019639999999999935,0.05,0.044196,-0.005804000000000004,0.005804000000000004,0.01,0.005568,-0.004432,0.004432,cnn_s27_speed_p160_x0_y0,36.89696946573002,6.4783101081848145,0.5455050057267327
cnn,28,32.39861919012853,-40.40806193198708,499.8231641258566,979.0243041280014,65.45114687293683,1.025674076311513,1.3816553585843958,0.8598363475897968,-0.521819010994599,0.521819010994599,0.4856880705704119,0.33174486955070287,31.30021162000042,25.834257798600074,-5.465953821400348,5.465953821400348,0.975776,0.980836,0.0050600000000000644,0.0050600000000000644,0.6937,0.69752,0.0038200000000000456,0.0038200000000000456,0.251436,0.24662,-0.004815999999999987,0.004815999999999987,0.1,0.097332,-0.0026680000000000037,0.0026680000000000037,0.05,0.044252,-0.005748000000000003,0.005748000000000003,0.01,0.005456,-0.004544,0.004544,cnn_s28_speed_p160_x0_y0,38.33189346230645,7.210402011871338,0.5493210205946714
cnn,29,32.77239492835451,-26.169729443212475,471.3270377630293,957.4354611822343,47.41525503169682,0.9228290696278139,1.458995885035728,0.8051884789267718,-0.6538074061089563,0.6538074061089563,0.4766164514857466,0.3028223590577397,31.01819154924459,28.692283267729287,-2.3259082815153036,2.3259082815153036,0.974032,0.979144,0.005112000000000005,0.005112000000000005,0.702372,0.708828,0.006456000000000017,0.006456000000000017,0.247508,0.241484,-0.006024000000000002,0.006024000000000002,0.1,0.097128,-0.0028719999999999996,0.0028719999999999996,0.05,0.04946,-0.0005400000000000058,0.0005400000000000058,0.01,0.008584,-0.0014160000000000006,0.0014160000000000006,cnn_s29_speed_p160_x0_y0,38.84347398326436,6.963974952697754,0.5706943453302812
cnn,30,33.05434940011379,-22.75783955756376,438.71927618828465,952.1856816491994,47.534778654148276,0.9346884955902305,1.5074900912917104,0.9048070144650043,-0.6026830768267061,0.6026830768267061,0.46673511929422323,0.3056893123209824,31.765399477195576,33.458716762467155,1.6933172852715792,1.6933172852715792,0.974988,0.976996,0.0020080000000000098,0.0020080000000000098,0.708288,0.716668,0.008379999999999943,0.008379999999999943,0.23394,0.233364,-0.0005760000000000209,0.0005760000000000209,0.1,0.0917,-0.008300000000000002,0.008300000000000002,0.05,0.04428,-0.005720000000000003,0.005720000000000003,0.01,0.008864,-0.0011359999999999999,0.0011359999999999999,cnn_s30_speed_p160_x0_y0,39.94080457344863,8.127463340759277,0.5959090966970294
cnn,31,32.90329769043908,-15.67100064092977,409.8108667034604,868.8148701848337,45.27174895209974,0.9510075024444029,1.5549593252563907,1.0169791840577502,-0.5379801411986405,0.5379801411986405,0.4604744525880125,0.2948960421955272,30.08197901220304,29.562198083418004,-0.5197809287850355,0.5197809287850355,0.973648,0.974812,0.0011640000000000539,0.0011640000000000539,0.701956,0.709004,0.007047999999999943,0.007047999999999943,0.204312,0.197444,-0.006867999999999985,0.006867999999999985,0.1,0.095004,-0.0049960000000000004,0.0049960000000000004,0.05,0.039852,-0.010148000000000004,0.010148000000000004,0.01,0.007864,-0.0021360000000000007,0.0021360000000000007,cnn_s31_speed_p160_x0_y0,39.104318483733294,6.818642616271973,0.5933565142986378
cnn,32,33.02557990556471,-5.9519138969735,385.69790253652036,852.2134222710496,37.29522908616093,1.0390081069692407,1.6310854899128304,1.0721674246862967,-0.5589180652265338,0.5589180652265338,0.44980215489013164,0.2879616333957816,29.079297963010763,33.05644844994937,3.9771504869386085,3.9771504869386085,0.9738,0.97506,0.0012600000000000389,0.0012600000000000389,0.69454,0.696732,0.0021919999999999717,0.0021919999999999717,0.196372,0.193844,-0.0025280000000000025,0.0025280000000000025,0.1,0.095104,-0.0048960000000000115,0.0048960000000000115,0.05,0.044364,-0.005636000000000002,0.005636000000000002,0.01,0.008048,-0.0019520000000000006,0.0019520000000000006,cnn_s32_speed_p160_x0_y0,38.55925876668554,7.461033821105957,0.6141962458916969
cnn,33,33.13841166027277,-15.843431562956813,352.71875426421553,764.751857341383,39.744213044836684,1.1318069454482156,1.7707978373166178,1.3237611536788798,-0.44703668363773796,0.44703668363773796,0.4413939123562078,0.29505791064170783,29.01807613165482,28.590092880387232,-0.4279832512675874,0.4279832512675874,0.974272,0.97786,0.0035879999999999246,0.0035879999999999246,0.69958,0.705068,0.005488000000000048,0.005488000000000048,0.185896,0.179244,-0.006652000000000019,0.006652000000000019,0.1,0.094344,-0.005656000000000008,0.005656000000000008,0.05,0.038972,-0.011028000000000003,0.011028000000000003,0.01,0.008352,-0.0016480000000000002,0.0016480000000000002,cnn_s33_speed_p160_x0_y0,38.39305861348763,6.76971960067749,0.6291099541721126
cnn,34,33.07202844590628,-20.135932132371156,347.5407834638081,741.5300760175506,46.251136668676736,1.2791768655847573,1.9244758651555438,1.7604233117357913,-0.16405255341975256,0.16405255341975256,0.4382239262492533,0.2876658748467998,25.496765388692065,25.362162435489704,-0.1346029532023607,0.1346029532023607,0.973012,0.979476,0.006464000000000025,0.006464000000000025,0.7057,0.713092,0.007391999999999954,0.007391999999999954,0.189488,0.180824,-0.008663999999999977,0.008663999999999977,0.1,0.091,-0.009000000000000008,0.009000000000000008,0.05,0.03652,-0.013480000000000006,0.013480000000000006,0.01,0.008724,-0.0012759999999999994,0.0012759999999999994,cnn_s34_speed_p160_x0_y0,37.356416104450325,6.323113918304443,0.6229292723566594
cnn,35,32.523540173374215,-13.829129169126897,348.67662963704873,739.6425837087753,39.15468492629338,1.2113576942596804,2.0763359441284757,1.9109733814541727,-0.16536256267430294,0.16536256267430294,0.43871695783849757,0.27608230384507926,23.441327740945063,22.21983494878836,-1.2214927921567025,1.2214927921567025,0.967996,0.97396,0.00596400000000008,0.00596400000000008,0.692828,0.697584,0.0047559999999999825,0.0047559999999999825,0.211284,0.204156,-0.0071279999999999955,0.0071279999999999955,0.1,0.091012,-0.00898800000000001,0.00898800000000001,0.05,0.043916,-0.006084000000000006,0.006084000000000006,0.01,0.009844,-0.0001559999999999999,0.0001559999999999999,cnn_s35_speed_p160_x0_y0,35.95264003005777,6.2719197273254395,0.6166792470112487
cnn,36,32.35360131617927,-10.521863852115724,341.79152911095935,716.6628108286405,32.162578904763414,1.1539087862599362,2.0795000059272426,1.8639822426878678,-0.21551776323937477,0.21551776323937477,0.4387349075366769,0.27376536976890314,22.03669561786502,20.862030691240303,-1.1746649266247182,1.1746649266247182,0.961316,0.967252,0.005936000000000052,0.005936000000000052,0.676992,0.680376,0.0033839999999999426,0.0033839999999999426,0.23198,0.2218,-0.010179999999999995,0.010179999999999995,0.1,0.091448,-0.008552000000000004,0.008552000000000004,0.05,0.044808,-0.005192000000000002,0.005192000000000002,0.01,0.01156,0.0015600000000000006,0.0015600000000000006,cnn_s36_speed_p160_x0_y0,35.61901723291445,6.097905158996582,0.6227741725278805
cnn,37,32.02805100916796,-9.774547764443058,324.00262605241386,693.7541604228729,27.347777452847012,1.0164917172558812,2.047735180244732,1.71387628764649,-0.333858892598242,0.333858892598242,0.42879817339946263,0.2561544827185117,20.065233888101808,20.685067528489895,0.6198336403880873,0.6198336403880873,0.951796,0.956608,0.0048120000000000385,0.0048120000000000385,0.654248,0.656136,0.0018880000000000008,0.0018880000000000008,0.26054,0.254552,-0.005987999999999993,0.005987999999999993,0.1,0.092992,-0.007008,0.007008,0.05,0.047924,-0.0020760000000000015,0.0020760000000000015,0.01,0.008632,-0.0013679999999999994,0.0013679999999999994,cnn_s37_speed_p160_x0_y0,33.456602216246914,6.489102840423584,0.6192860867311487
cnn,38,33.0443468252459,-7.17464604397468,267.36021962095435,566.207560058499,25.373902556758566,0.7259798181945653,2.0242978724154286,1.3203757977510675,-0.7039220746643611,0.7039220746643611,0.3735693728817356,0.22252070569972654,22.490222988512382,22.688093409867918,0.19787042135553534,0.19787042135553534,0.916812,0.92266,0.005848000000000075,0.005848000000000075,0.609116,0.614316,0.005199999999999982,0.005199999999999982,0.247008,0.243768,-0.003239999999999993,0.003239999999999993,0.1,0.095428,-0.004572000000000007,0.004572000000000007,0.05,0.043696,-0.006304000000000004,0.006304000000000004,0.01,0.010128,0.00012799999999999964,0.00012799999999999964,cnn_s38_speed_p160_x0_y0,29.159912858159764,6.054014682769775,0.6467596699872048
cnn,39,34.02502286412913,-6.496504306801053,206.13997906542718,436.0311527364039,22.2802741898352,0.5849220623481176,1.7151394146136625,0.8868167180955236,-0.8283226965181388,0.8283226965181388,0.30596376775457684,0.1907993037009827,27.644898158332012,28.2482505808134,0.6033524224813895,0.6033524224813895,0.863652,0.862356,-0.0012959999999999638,0.0012959999999999638,0.569308,0.571108,0.0017999999999999128,0.0017999999999999128,0.212372,0.212112,-0.0002600000000000102,0.0002600000000000102,0.1,0.094932,-0.005068000000000003,0.005068000000000003,0.05,0.048208,-0.001792000000000002,0.001792000000000002,0.01,0.0071,-0.0029,0.0029,cnn_s39_speed_p160_x0_y0,25.24426875811477,5.873856067657471,0.654329125629252
cnn,40,35.03479823672828,-8.13581987588869,164.56917267241036,336.4284850583998,25.65621662978899,0.545716653256709,1.4787296707502935,0.6101688950191548,-0.8685607757311387,0.8685607757311387,0.26579462017847033,0.1778047736844066,29.111897035942267,29.871006671254044,0.759109635311777,0.759109635311777,0.861448,0.86066,-0.0007880000000000109,0.0007880000000000109,0.539008,0.54342,0.0044119999999999715,0.0044119999999999715,0.169432,0.167668,-0.0017639999999999878,0.0017639999999999878,0.1,0.097184,-0.002815999999999999,0.002815999999999999,0.05,0.048044,-0.0019559999999999994,0.0019559999999999994,0.01,0.008108,-0.0018919999999999996,0.0018919999999999996,cnn_s40_speed_p160_x0_y0,24.281572165890662,5.6310811042785645,0.6916765266755199
cnn,41,35.123201360290615,-4.5061011294080116,142.17651988630462,284.27444152929377,19.03801635859446,0.49986556691397255,1.2233505675748284,0.4726720388367233,-0.750678528738105,0.750678528738105,0.23982859416273253,0.16160836420235952,28.486557506560345,29.394623110683458,0.908065604123113,0.908065604123113,0.858532,0.857532,-0.0010000000000000009,0.0010000000000000009,0.50586,0.507992,0.0021320000000000228,0.0021320000000000228,0.129784,0.127784,-0.0020000000000000018,0.0020000000000000018,0.1,0.097496,-0.0025040000000000062,0.0025040000000000062,0.05,0.047128,-0.0028719999999999996,0.0028719999999999996,0.01,0.007644,-0.0023560000000000005,0.0023560000000000005,cnn_s41_speed_p160_x0_y0,23.457166445963043,5.389686584472656,0.6717203224554718
cnn,42,35.78106395799033,-1.7493111575369453,125.59079659020517,262.89666854486484,14.823133158419816,0.4210308482641033,0.9840029470990297,0.3845670725125507,-0.599435874586479,0.599435874586479,0.21876934100681852,0.14855283702055164,29.75698181012896,28.314836080427412,-1.4421457297015472,1.4421457297015472,0.845884,0.847132,0.0012480000000000269,0.0012480000000000269,0.464704,0.467236,0.0025319999999999787,0.0025319999999999787,0.110212,0.10878,-0.0014320000000000027,0.0014320000000000027,0.1,0.0993,-0.0007000000000000062,0.0007000000000000062,0.05,0.04748,-0.0025200000000000014,0.0025200000000000014,0.01,0.010304,0.00030400000000000045,0.00030400000000000045,cnn_s42_speed_p160_x0_y0,21.63035540369367,5.757840156555176,0.6502889975352539
cnn,43,35.86371418802151,-3.7293914282114358,113.35103312215004,237.86834345808208,17.13972633842974,0.4292709335364319,0.9371233583412069,0.32496686751172016,-0.6121564908294868,0.6121564908294868,0.2140997094489829,0.14994994346609286,32.816736536068696,31.08534546208403,-1.731391073984664,1.731391073984664,0.821688,0.825416,0.0037280000000000646,0.0037280000000000646,0.432408,0.429284,-0.0031240000000000157,0.0031240000000000157,0.095104,0.09448,-0.0006239999999999996,0.0006239999999999996,0.1,0.100088,8.799999999999086e-05,8.799999999999086e-05,0.05,0.048172,-0.0018280000000000032,0.0018280000000000032,0.01,0.008952,-0.0010480000000000003,0.0010480000000000003,cnn_s43_speed_p160_x0_y0,20.76816702008209,5.7682366371154785,0.6132078779473105
cnn,44,35.00022423545573,-6.559147211196528,106.23776099591822,238.33115960884518,12.408127955154614,0.4918351706568889,0.9008753355404187,0.34165201184389227,-0.5592233236965264,0.5592233236965264,0.21579170075427156,0.14929465195373895,35.597979091113544,31.09066563050221,-4.507313460611332,4.507313460611332,0.79656,0.80112,0.0045600000000000085,0.0045600000000000085,0.403556,0.398,-0.005556000000000005,0.005556000000000005,0.064832,0.064864,3.200000000000425e-05,3.200000000000425e-05,0.1,0.101412,0.0014119999999999966,0.0014119999999999966,0.05,0.049612,-0.00038799999999999946,0.00038799999999999946,0.01,0.009128,-0.0008719999999999995,0.0008719999999999995,cnn_s44_speed_p160_x0_y0,19.781150575177055,6.20600700378418,0.5664520106667574
cnn,45,33.717983670503976,-7.643234326970301,110.31178209445795,270.41895158736344,14.30789094775664,0.7034726151888209,1.020788916991414,0.42165864235046213,-0.5991302746409518,0.5991302746409518,0.2534807694652109,0.1737235319938854,28.833496921868903,26.827606885451807,-2.005890036417096,2.005890036417096,0.765232,0.771248,0.006016000000000021,0.006016000000000021,0.39386,0.387408,-0.006452000000000013,0.006452000000000013,0.05044,0.048852,-0.0015879999999999991,0.0015879999999999991,0.1,0.097876,-0.002124000000000001,0.002124000000000001,0.05,0.048632,-0.0013680000000000012,0.0013680000000000012,0.01,0.008636,-0.0013640000000000006,0.0013640000000000006,cnn_s45_speed_p160_x0_y0,20.528037851461004,6.566225528717041,0.5284794773176458
cnn,46,32.82306749424016,-10.557203971321016,125.84765249573528,300.8336622814338,18.876903647163527,0.787256947075358,1.2007285753106773,0.4981850952902316,-0.7025434800204458,0.7025434800204458,0.2879160912695809,0.19837944771221705,24.502927978627852,24.100094500201457,-0.4028334784263947,0.4028334784263947,0.782556,0.79112,0.008564000000000016,0.008564000000000016,0.41326,0.406176,-0.007084000000000035,0.007084000000000035,0.047772,0.046156,-0.0016159999999999994,0.0016159999999999994,0.1,0.100824,0.0008239999999999914,0.0008239999999999914,0.05,0.048428,-0.001572000000000004,0.001572000000000004,0.01,0.008296,-0.0017040000000000007,0.0017040000000000007,cnn_s46_speed_p160_x0_y0,20.678325640697178,6.243154048919678,0.5125963901214821
cnn,47,32.73629912923383,-12.090131521275065,127.74953312884861,303.6482334327444,19.28876870142669,0.7468540501835355,1.2596917643279093,0.5037670280044397,-0.7559247363234696,0.7559247363234696,0.28503420802513757,0.19147806977783607,24.150592053474924,22.359512787664464,-1.7910792658104597,1.7910792658104597,0.789616,0.795968,0.006352000000000024,0.006352000000000024,0.417872,0.413792,-0.004080000000000028,0.004080000000000028,0.042404,0.04052,-0.0018839999999999968,0.0018839999999999968,0.1,0.100284,0.0002839999999999926,0.0002839999999999926,0.05,0.047324,-0.0026760000000000048,0.0026760000000000048,0.01,0.008664,-0.0013360000000000004,0.0013360000000000004,cnn_s47_speed_p160_x0_y0,22.201753073772625,6.789880752563477,0.5146049821788157
cnn,48,32.30837445145338,-12.183954792319199,122.25522842637345,289.1214891359504,19.897841816929226,0.7662226771377814,1.2687737908771686,0.5054613383966815,-0.7633124524804871,0.7633124524804871,0.2852069852276763,0.19445863718828907,23.037902715482684,24.37001753769777,1.332114822215086,1.332114822215086,0.78302,0.789152,0.006131999999999915,0.006131999999999915,0.394804,0.388896,-0.005907999999999969,0.005907999999999969,0.03326,0.030464,-0.0027959999999999964,0.0027959999999999964,0.1,0.09812,-0.0018800000000000067,0.0018800000000000067,0.05,0.046704,-0.0032960000000000003,0.0032960000000000003,0.01,0.008576,-0.001424,0.001424,cnn_s48_speed_p160_x0_y0,22.832495463547907,7.081502437591553,0.532008756795089
cnn,49,32.31195072001539,-13.940518670509462,111.39153575637147,264.4236797692713,17.986029425779716,0.789332090843811,1.2924078374666768,0.5193635900803933,-0.7730442473862834,0.7730442473862834,0.27982790985377354,0.19076736133649916,22.615851573923415,22.585374488631924,-0.030477085291490624,0.030477085291490624,0.770844,0.777228,0.006384000000000056,0.006384000000000056,0.34972,0.341036,-0.00868399999999997,0.00868399999999997,0.020384,0.01828,-0.0021039999999999982,0.0021039999999999982,0.1,0.09764,-0.002360000000000001,0.002360000000000001,0.05,0.046864,-0.003136,0.003136,0.01,0.008312,-0.0016880000000000003,0.0016880000000000003,cnn_s49_speed_p160_x0_y0,22.105793975200847,6.3195295333862305,0.5421832030068076
cnn,50,32.34835071339406,-15.244110886826082,101.08692331273767,234.37866504497248,18.68440717613614,0.7847606398136231,1.3487087613978361,0.507187962350611,-0.8415207990472251,0.8415207990472251,0.27282669211009075,0.18939170268948521,21.6405796621184,20.10748506966136,-1.53309459245704,1.53309459245704,0.758512,0.76124,0.0027280000000000637,0.0027280000000000637,0.29016,0.277084,-0.013075999999999977,0.013075999999999977,0.007008,0.004544,-0.002464,0.002464,0.1,0.09364,-0.0063600000000000045,0.0063600000000000045,0.05,0.045944,-0.004056000000000004,0.004056000000000004,0.01,0.006724,-0.0032760000000000003,0.0032760000000000003,cnn_s50_speed_p160_x0_y0,21.30877833114525,6.3856120109558105,0.5598492472466932
cnn,51,32.19523413297044,-15.146799200999746,92.47503163132504,211.2195751403644,16.02607908563453,0.7930170941258367,1.356345715961108,0.4511513890990266,-0.9051943268620815,0.9051943268620815,0.2696356821334209,0.18821590882542744,19.79685707102444,17.25124728278583,-2.545609788238611,2.545609788238611,0.747644,0.749676,0.0020320000000000338,0.0020320000000000338,0.230452,0.2225,-0.007951999999999987,0.007951999999999987,0.002328,0.001312,-0.0010160000000000002,0.0010160000000000002,0.1,0.091344,-0.008656000000000011,0.008656000000000011,0.05,0.04388,-0.0061200000000000004,0.0061200000000000004,0.01,0.006284,-0.0037160000000000006,0.0037160000000000006,cnn_s51_speed_p160_x0_y0,21.75849079768097,5.902731418609619,0.5923532935087121
cnn,52,32.64266815515036,-16.076410942076176,89.07498895406196,197.87502378780823,16.308223821605143,0.7892157859355278,1.3807288418811718,0.4243850949803456,-0.9563437469008262,0.9563437469008262,0.2717133677392516,0.19232978689014366,17.230958459135245,14.218713438852777,-3.0122450202824673,3.0122450202824673,0.734164,0.732704,-0.0014600000000000168,0.0014600000000000168,0.175312,0.165848,-0.009464,0.009464,0.000768,0.000868,9.999999999999994e-05,9.999999999999994e-05,0.1,0.091888,-0.008112000000000008,0.008112000000000008,0.05,0.040852,-0.009148000000000003,0.009148000000000003,0.01,0.004852,-0.005148,0.005148,cnn_s52_speed_p160_x0_y0,21.81632996072092,5.69123649597168,0.6008013239128891
cnn,53,32.75022479746413,-14.440156490402993,84.98706747694406,189.6108332211875,14.803981468486827,0.8025485079368951,1.4015540395722368,0.43031726468820236,-0.9712367748840345,0.9712367748840345,0.26943026452295676,0.18726264554281782,15.649433105046507,14.091456298814663,-1.557976806231844,1.557976806231844,0.71652,0.71414,-0.0023800000000000487,0.0023800000000000487,0.139028,0.134048,-0.004980000000000012,0.004980000000000012,0.000696,4.4e-05,-0.000652,0.000652,0.1,0.093816,-0.006184000000000009,0.006184000000000009,0.05,0.041908,-0.008092000000000002,0.008092000000000002,0.01,0.004532,-0.005468000000000001,0.005468000000000001,cnn_s53_speed_p160_x0_y0,21.92458068590406,5.261850833892822,0.6148309467013183
cnn,54,32.73704365727693,-15.227142900233378,85.34274570247835,191.17949973139594,15.355174405362728,0.8429555134855096,1.4231580494250449,0.42218647163822703,-1.0009715777868178,1.0009715777868178,0.2760632777997002,0.19756792538598164,15.68227149997276,15.837613938005411,0.15534243803265113,0.15534243803265113,0.69838,0.694748,-0.0036319999999999686,0.0036319999999999686,0.118428,0.110804,-0.007624000000000006,0.007624000000000006,0.000848,0.00026,-0.000588,0.000588,0.1,0.0937,-0.0063,0.0063,0.05,0.043348,-0.006652000000000005,0.006652000000000005,0.01,0.004248,-0.005752,0.005752,cnn_s54_speed_p160_x0_y0,22.97915159360149,5.500187397003174,0.6033188203396985
cnn,55,32.47536524369654,-14.11555634683355,86.64580949466621,202.84500589455354,14.679650638755742,0.859589467283173,1.3938067774913179,0.42256583906360784,-0.9712409384277101,0.9712409384277101,0.28144983979107613,0.19817791150895722,16.01867727155572,16.414068061431912,0.3953907898761919,0.3953907898761919,0.674288,0.674916,0.0006279999999999619,0.0006279999999999619,0.110956,0.107084,-0.0038720000000000004,0.0038720000000000004,0.001152,0.000324,-0.000828,0.000828,0.1,0.0967,-0.0033000000000000113,0.0033000000000000113,0.05,0.043436,-0.006564,0.006564,0.01,0.005336,-0.004664000000000001,0.004664000000000001,cnn_s55_speed_p160_x0_y0,23.57536347476084,5.2683796882629395,0.5990467193796046
cnn,56,32.1469587572324,-14.164283065940134,88.27052203172461,206.5858599446257,15.30297283179461,0.8667825153247198,1.4030071441121568,0.38577841294546317,-1.0172287311666937,1.0172287311666937,0.2917745209273786,0.20396740273751487,16.1257751842377,22.515455967673578,6.389680783435878,6.389680783435878,0.656012,0.652464,-0.0035479999999999956,0.0035479999999999956,0.11208,0.109632,-0.0024480000000000057,0.0024480000000000057,0.001368,0.000772,-0.0005960000000000001,0.0005960000000000001,0.1,0.096076,-0.003924000000000011,0.003924000000000011,0.05,0.044772,-0.0052280000000000035,0.0052280000000000035,0.01,0.005268,-0.004732,0.004732,cnn_s56_speed_p160_x0_y0,24.24948793523431,5.488292217254639,0.5995505930019787
cnn,57,31.508336739053256,-15.6508886292232,91.2048527441553,210.1630689204277,16.681782192234362,0.9568211709086363,1.3897450848438164,0.3571477030819489,-1.0325973817618674,1.0325973817618674,0.30070749219581344,0.2174440573226753,15.331920002860606,21.823444420001167,6.49152441714056,6.49152441714056,0.622136,0.630656,0.008519999999999972,0.008519999999999972,0.114448,0.11068,-0.0037679999999999936,0.0037679999999999936,0.001504,0.000796,-0.0007079999999999999,0.0007079999999999999,0.1,0.096172,-0.003828000000000012,0.003828000000000012,0.05,0.043236,-0.006764000000000006,0.006764000000000006,0.01,0.005616,-0.004384,0.004384,cnn_s57_speed_p160_x0_y0,24.937493176964292,5.463809013366699,0.6040063693954512
cnn,58,31.000612350408023,-17.657965459159193,95.36148263794759,224.272694116379,18.825375914932422,0.9030965497039616,1.4063733521537929,0.3749378212677543,-1.0314355308860386,1.0314355308860386,0.3103279417901744,0.22379049439436985,15.086790140907546,24.690111831343334,9.603321690435788,9.603321690435788,0.566708,0.56866,0.0019520000000000648,0.0019520000000000648,0.121672,0.11622,-0.0054519999999999985,0.0054519999999999985,0.001604,0.001012,-0.0005919999999999999,0.0005919999999999999,0.1,0.094552,-0.005448000000000008,0.005448000000000008,0.05,0.03946,-0.01054,0.01054,0.01,0.005472,-0.004528,0.004528,cnn_s58_speed_p160_x0_y0,25.56121844001433,6.08959436416626,0.6043291071323267
cnn,59,31.015823877761488,-20.18843287885404,101.88330773706849,233.7043311734362,21.043963624875694,0.8478543011164581,1.4045769897494929,0.3901079504254332,-1.0144690393240596,1.0144690393240596,0.31660514392600114,0.2239860461265898,14.865235207158928,20.036294148485545,5.171058941326617,5.171058941326617,0.539832,0.539512,-0.00031999999999998696,0.00031999999999998696,0.132356,0.124244,-0.008112000000000008,0.008112000000000008,0.002068,0.001332,-0.0007359999999999999,0.0007359999999999999,0.1,0.093284,-0.006716,0.006716,0.05,0.037256,-0.012744000000000005,0.012744000000000005,0.01,0.005696,-0.0043040000000000005,0.0043040000000000005,cnn_s59_speed_p160_x0_y0,25.864386079507888,5.546851634979248,0.6034893566523469
cnn,60,30.762772407467036,-21.363214515985703,109.24688389550468,248.75381517536402,21.93824105537095,0.8088124792557992,1.417109777555892,0.39943988640280886,-1.0176698911530833,1.0176698911530833,0.32992778354471486,0.23667278731552044,14.594746371370015,23.04350217389882,8.448755802528805,8.448755802528805,0.534092,0.535376,0.0012839999999999518,0.0012839999999999518,0.143324,0.133524,-0.009800000000000003,0.009800000000000003,0.002604,0.001288,-0.001316,0.001316,0.1,0.091828,-0.008171999999999999,0.008171999999999999,0.05,0.039004,-0.010996000000000006,0.010996000000000006,0.01,0.005492,-0.004508,0.004508,cnn_s60_speed_p160_x0_y0,25.964725332360167,5.321651458740234,0.5963230590394825
cnn,61,29.865895259214497,-22.86328107737835,120.86430733122329,272.478902544315,23.754482627565803,0.7352168568106967,1.4340073785641592,0.4148553895212587,-1.0191519890429004,1.0191519890429004,0.34121073105028793,0.24241620846938333,14.696636962314253,21.544357320395463,6.84772035808121,6.84772035808121,0.5667,0.5666,-9.999999999998899e-05,9.999999999998899e-05,0.155884,0.145708,-0.01017599999999999,0.01017599999999999,0.003412,0.00186,-0.001552,0.001552,0.1,0.091964,-0.008036000000000001,0.008036000000000001,0.05,0.038604,-0.011396000000000003,0.011396000000000003,0.01,0.005436,-0.004564,0.004564,cnn_s61_speed_p160_x0_y0,25.73100039673249,5.346891403198242,0.5971448921589625
cnn,62,29.90288153651064,-24.552690627861047,107.78141720303542,246.4400283145463,26.354373187946685,0.7493232585939433,1.485703004345046,0.3822185880442578,-1.1034844163007884,1.1034844163007884,0.3431670336020191,0.2628248484067409,15.211940625083377,19.78012059805543,4.568179972972052,4.568179972972052,0.587188,0.5904,0.0032119999999999926,0.0032119999999999926,0.133248,0.119928,-0.013319999999999999,0.013319999999999999,0.002504,0.001032,-0.0014720000000000002,0.0014720000000000002,0.1,0.089724,-0.010276000000000007,0.010276000000000007,0.05,0.039788,-0.010212000000000006,0.010212000000000006,0.01,0.004036,-0.0059640000000000006,0.0059640000000000006,cnn_s62_speed_p160_x0_y0,27.46350343812835,6.720277786254883,0.607011068002054
cnn,63,29.91647802819626,-24.792635267885647,93.56470604591313,218.49390266105485,25.5334580610151,0.8125938319599768,1.382052610795964,0.32906943338933986,-1.0529831774066243,1.0529831774066243,0.33906837350291535,0.2613760286247286,14.681603143001265,18.29635074379834,3.614747600797074,3.614747600797074,0.515292,0.518404,0.0031120000000000037,0.0031120000000000037,0.120748,0.108352,-0.01239599999999999,0.01239599999999999,0.0015,0.000668,-0.0008320000000000001,0.0008320000000000001,0.1,0.088464,-0.011536000000000005,0.011536000000000005,0.05,0.038732,-0.011268,0.011268,0.01,0.002712,-0.007288,0.007288,cnn_s63_speed_p160_x0_y0,28.524583670890912,7.660599708557129,0.6100278389273842
cnn,64,30.639132288513327,-19.627246167130565,82.9796006409545,199.84912407572014,19.88121211011185,0.728240652248498,1.1213295679735,0.28112483967190327,-0.8402047283015968,0.8402047283015968,0.28694149538712194,0.21994103528906228,18.670445427544397,23.4800428839823,4.809597456437903,4.809597456437903,0.549268,0.552052,0.0027840000000000087,0.0027840000000000087,0.120608,0.11098,-0.009628000000000012,0.009628000000000012,0.001796,0.000472,-0.001324,0.001324,0.1,0.090228,-0.009772000000000003,0.009772000000000003,0.05,0.0394,-0.010600000000000005,0.010600000000000005,0.01,0.004416,-0.005584,0.005584,cnn_s64_speed_p160_x0_y0,24.7100597287657,5.944510459899902,0.6412413721022083
cnn,65,31.070880312451152,-20.7488850869019,81.03750374504327,185.13229828210328,21.081074632648775,0.6906870037260925,1.0081824913899362,0.22867475752541983,-0.7795077338645164,0.7795077338645164,0.2637801728506789,0.20352841028460372,24.043227681614542,28.184818313774198,4.141590632159655,4.141590632159655,0.620876,0.621364,0.00048800000000004395,0.00048800000000004395,0.151052,0.141244,-0.009807999999999983,0.009807999999999983,0.001412,0.000108,-0.001304,0.001304,0.1,0.089352,-0.010648000000000005,0.010648000000000005,0.05,0.038376,-0.011624000000000002,0.011624000000000002,0.01,0.006132,-0.003868,0.003868,cnn_s65_speed_p160_x0_y0,22.148883751156426,5.820770263671875,0.6392626517957372
cnn,66,31.07904826800279,-22.892522410531438,86.76548466613409,187.47241461498422,24.187464227844522,0.7241063605171902,0.9789721173756035,0.233537622245193,-0.7454344951304105,0.7454344951304105,0.2581449561645551,0.19715176326953185,25.78116144654497,25.607091420767933,-0.17407002577703778,0.17407002577703778,0.67218,0.67256,0.00038000000000004697,0.00038000000000004697,0.182064,0.171832,-0.010231999999999991,0.010231999999999991,0.001612,3.2e-05,-0.00158,0.00158,0.1,0.09482,-0.005180000000000004,0.005180000000000004,0.05,0.037036,-0.012964000000000003,0.012964000000000003,0.01,0.002928,-0.007072,0.007072,cnn_s66_speed_p160_x0_y0,20.981857591368968,5.701828956604004,0.6553741793299986
cnn,67,30.98174498675131,-25.575940267597478,97.92446000327985,208.70998937036578,28.06235987684284,0.778331358973073,0.923912893123016,0.22254081978477744,-0.7013720733382386,0.7013720733382386,0.2674794258865331,0.2068497141382251,24.977757173387978,23.06988084840039,-1.907876324987587,1.907876324987587,0.713172,0.71418,0.0010080000000000089,0.0010080000000000089,0.216596,0.204,-0.012596000000000024,0.012596000000000024,0.003008,0.001212,-0.0017959999999999999,0.0017959999999999999,0.1,0.090624,-0.00937600000000001,0.00937600000000001,0.05,0.040432,-0.009568,0.009568,0.01,0.003116,-0.006884,0.006884,cnn_s67_speed_p160_x0_y0,20.679919922717943,5.030301094055176,0.6609010632708071
cnn,68,30.753726650709346,-30.48824934571686,119.5658025446585,247.50968944808298,34.040499255743335,0.7691288517928184,0.9751606419636493,0.26215239660893663,-0.7130082453547126,0.7130082453547126,0.3058205929406544,0.23521299926235945,22.173878351508137,25.586403332602742,3.412524981094606,3.412524981094606,0.740632,0.743748,0.0031160000000000077,0.0031160000000000077,0.262132,0.249752,-0.012379999999999974,0.012379999999999974,0.008476,0.003208,-0.005267999999999999,0.005267999999999999,0.1,0.087192,-0.012808,0.012808,0.05,0.043984,-0.0060160000000000005,0.0060160000000000005,0.01,0.004144,-0.005856,0.005856,cnn_s68_speed_p160_x0_y0,21.77134223692748,6.074338436126709,0.6630666232412432
cnn,69,29.625455010483247,-38.351713057068395,162.5249497580208,327.30812662271757,45.317729430117936,0.8708830214185765,0.9968354231364355,0.2950492231704345,-0.7017861999660009,0.7017861999660009,0.3473366608143369,0.2614262714135732,19.472862569986646,23.15018894378677,3.677326373800124,3.677326373800124,0.785324,0.791264,0.005939999999999945,0.005939999999999945,0.344092,0.332204,-0.01188800000000001,0.01188800000000001,0.022748,0.014432,-0.008316,0.008316,0.1,0.084416,-0.015584,0.015584,0.05,0.040804,-0.009196000000000003,0.009196000000000003,0.01,0.00434,-0.00566,0.00566,cnn_s69_speed_p160_x0_y0,24.168055816700438,5.17050838470459,0.6199995673916743
cnn,70,29.860974696694193,-48.2136200856777,205.3164247460256,401.4440687912509,58.79674978665831,0.8704994357513581,1.076985877998342,0.3008781249921126,-0.7761077530062293,0.7761077530062293,0.37739859035990564,0.281741809021808,18.0249013783906,19.2103923484249,1.1854909700343015,1.1854909700343015,0.815172,0.819608,0.0044359999999999955,0.0044359999999999955,0.455364,0.446944,-0.008419999999999983,0.008419999999999983,0.040576,0.02848,-0.012096000000000003,0.012096000000000003,0.1,0.081256,-0.01874400000000001,0.01874400000000001,0.05,0.036804,-0.013196,0.013196,0.01,0.004456,-0.005544,0.005544,cnn_s70_speed_p160_x0_y0,24.673819113934496,5.396136283874512,0.6240219472071842
cnn,71,29.930840678863813,-53.35179272940681,229.53651223340512,445.0519441147778,66.61422121143934,0.8726442495338397,1.2273406855058204,0.30798782708195355,-0.9193528584238668,0.9193528584238668,0.39888181006615236,0.3032407316685306,16.560253136703867,18.07201717627241,1.5117640395685434,1.5117640395685434,0.831252,0.835576,0.0043239999999999945,0.0043239999999999945,0.513808,0.51752,0.0037119999999999376,0.0037119999999999376,0.050844,0.035664,-0.015179999999999999,0.015179999999999999,0.1,0.079408,-0.020592,0.020592,0.05,0.034868,-0.015132,0.015132,0.01,0.003032,-0.006968,0.006968,cnn_s71_speed_p160_x0_y0,25.505047306429027,5.1588335037231445,0.6150011738417821
cnn,72,29.74213458071725,-56.544299719969125,241.9451005672745,475.1231130980262,69.77172573703302,0.8590353884289712,1.3001746715498068,0.3487277781275271,-0.9514468934222797,0.9514468934222797,0.41285225449886503,0.3139563817298654,16.061174380248488,19.384529411346787,3.3233550310982984,3.3233550310982984,0.837768,0.842204,0.0044359999999999955,0.0044359999999999955,0.5336,0.535672,0.0020720000000000738,0.0020720000000000738,0.053752,0.038488,-0.015264,0.015264,0.1,0.082268,-0.01773200000000001,0.01773200000000001,0.05,0.035024,-0.014976000000000003,0.014976000000000003,0.01,0.003236,-0.006764,0.006764,cnn_s72_speed_p160_x0_y0,26.514111621573456,4.796044826507568,0.6199199584381304
cnn,73,29.629070989186935,-60.11372413456076,246.1205058790748,482.4887060638723,75.48557976424274,0.83309444757629,1.3664871040769908,0.36744065468909015,-0.9990464493879007,0.9990464493879007,0.42447669232722973,0.3207703694636791,15.63312292836979,18.56902578823575,2.9359028598659584,2.9359028598659584,0.8408,0.845952,0.005152000000000045,0.005152000000000045,0.541504,0.54538,0.0038759999999999906,0.0038759999999999906,0.053116,0.034236,-0.018879999999999994,0.018879999999999994,0.1,0.081976,-0.018024000000000012,0.018024000000000012,0.05,0.03142,-0.018580000000000006,0.018580000000000006,0.01,0.002416,-0.0075840000000000005,0.0075840000000000005,cnn_s73_speed_p160_x0_y0,27.001473804134946,4.9851861000061035,0.619031434086304
cnn,74,29.691811883380907,-62.66917468110797,240.3681434801473,477.1244720328788,76.64760000690082,0.8812629727914688,1.4264403719712917,0.38482754023972954,-1.041612831731562,1.041612831731562,0.4300600707925885,0.32708398680510065,15.07431389485681,16.677771974616416,1.6034580797596067,1.6034580797596067,0.84508,0.851064,0.005983999999999989,0.005983999999999989,0.532968,0.532396,-0.0005720000000000169,0.0005720000000000169,0.043284,0.02526,-0.018024000000000002,0.018024000000000002,0.1,0.078288,-0.02171200000000001,0.02171200000000001,0.05,0.0308,-0.019200000000000002,0.019200000000000002,0.01,0.002656,-0.007344,0.007344,cnn_s74_speed_p160_x0_y0,28.28963162272453,4.782100200653076,0.6069853634026909
cnn,75,29.430160323912798,-59.618420092226,231.58286810903567,454.8713556766557,72.62112454952891,0.8823046974990095,1.5064205441000436,0.43523815487794865,-1.0711823892220949,1.0711823892220949,0.4264299281150627,0.3208611483612714,14.584505162560745,14.270038132528688,-0.31446703003205734,0.31446703003205734,0.846348,0.85484,0.008492000000000055,0.008492000000000055,0.51778,0.513624,-0.0041560000000000485,0.0041560000000000485,0.034328,0.018088,-0.016239999999999997,0.016239999999999997,0.1,0.077812,-0.022188,0.022188,0.05,0.032196,-0.017804,0.017804,0.01,0.002324,-0.0076760000000000005,0.0076760000000000005,cnn_s75_speed_p160_x0_y0,29.367383683723347,5.201173305511475,0.5937671635719853
cnn,76,29.256090612424952,-57.19312222786212,226.35655519227194,439.8333442816885,67.31326375249812,0.9242426971669403,1.5698596482194824,0.4570351520913261,-1.1128244961281564,1.1128244961281564,0.42685687736204625,0.3204769544948553,14.344164333086036,13.89902561223733,-0.445138720848707,0.445138720848707,0.848608,0.85696,0.008352000000000026,0.008352000000000026,0.5029,0.494752,-0.008147999999999989,0.008147999999999989,0.027936,0.014184,-0.013751999999999999,0.013751999999999999,0.1,0.080868,-0.01913200000000001,0.01913200000000001,0.05,0.03264,-0.01736,0.01736,0.01,0.002108,-0.007892,0.007892,cnn_s76_speed_p160_x0_y0,30.056769521251926,5.207019329071045,0.5777791726434143
cnn,77,28.72430550824469,-53.64958059738344,221.58329879057288,431.14098996295195,61.67675399674606,0.9611059329651137,1.6323487427746448,0.5008826965720242,-1.1314660462026205,1.1314660462026205,0.4240704174793279,0.31103826021448855,14.460758683242851,13.116834339525578,-1.3439243437172728,1.3439243437172728,0.849676,0.857692,0.008016000000000023,0.008016000000000023,0.479988,0.471528,-0.008460000000000023,0.008460000000000023,0.022928,0.010632,-0.012296,0.012296,0.1,0.08076,-0.019240000000000007,0.019240000000000007,0.05,0.03208,-0.017920000000000005,0.017920000000000005,0.01,0.00348,-0.00652,0.00652,cnn_s77_speed_p160_x0_y0,29.944664675564518,6.132026672363281,0.5745291139577776
cnn,78,28.640865894640942,-50.45003152338724,214.60708234287932,417.51725400332174,59.5934875082361,0.9566741341192598,1.6803804681010486,0.5352828864478624,-1.1450975816531863,1.1450975816531863,0.42212464452685705,0.30351017921484297,14.807552502219174,13.565351352108063,-1.2422011501111108,1.2422011501111108,0.850456,0.85688,0.006423999999999985,0.006423999999999985,0.459596,0.448892,-0.010703999999999991,0.010703999999999991,0.016908,0.007252,-0.009656,0.009656,0.1,0.080944,-0.019056000000000003,0.019056000000000003,0.05,0.032256,-0.017744000000000003,0.017744000000000003,0.01,0.00366,-0.00634,0.00634,cnn_s78_speed_p160_x0_y0,30.300511724579902,5.8028388023376465,0.5743782192752169
cnn,79,28.823263975711814,-48.710953115637906,205.60300403165593,399.30261555933276,55.10009953851963,0.9762584777229625,1.7147796472615915,0.5222415812330646,-1.192538066028527,1.192538066028527,0.41860008965641154,0.30353280675083033,14.788060362710755,15.398938974706557,0.6108786119958012,0.6108786119958012,0.851964,0.855236,0.0032719999999999416,0.0032719999999999416,0.450944,0.43858,-0.012363999999999986,0.012363999999999986,0.012672,0.005132,-0.007539999999999999,0.007539999999999999,0.1,0.07992,-0.02008,0.02008,0.05,0.033668,-0.016332000000000006,0.016332000000000006,0.01,0.003672,-0.006328,0.006328,cnn_s79_speed_p160_x0_y0,30.148051358309164,6.856454849243164,0.5841339627281389
cnn,80,28.706704637409167,-47.088624398616524,199.13775311673297,388.6500608888491,52.95593827123171,0.9596704958373523,1.7614486370526485,0.577026080832311,-1.1844225562203374,1.1844225562203374,0.41571696292641663,0.29956260144448027,15.023566310259099,15.536196430840468,0.5126301205813686,0.5126301205813686,0.854032,0.857608,0.0035760000000000236,0.0035760000000000236,0.440972,0.427444,-0.013527999999999984,0.013527999999999984,0.01062,0.004188,-0.006431999999999999,0.006431999999999999,0.1,0.078204,-0.02179600000000001,0.02179600000000001,0.05,0.033428,-0.016572000000000003,0.016572000000000003,0.01,0.003784,-0.006216,0.006216,cnn_s80_speed_p160_x0_y0,30.086252753371088,6.982686519622803,0.587437430961856
cnn,81,28.786938746813185,-43.19062492555103,196.92194723456143,384.1290414865233,48.867828874949666,0.9781779277412517,1.8611452610555064,0.5600826595221511,-1.3010626015333553,1.3010626015333553,0.4136635568416749,0.2990410315203773,15.672547189048258,17.422615009208595,1.7500678201603375,1.7500678201603375,0.856564,0.862488,0.00592400000000004,0.00592400000000004,0.428712,0.413092,-0.015619999999999967,0.015619999999999967,0.009048,0.004444,-0.0046040000000000005,0.0046040000000000005,0.1,0.081868,-0.01813200000000001,0.01813200000000001,0.05,0.032624,-0.017376000000000003,0.017376000000000003,0.01,0.00502,-0.00498,0.00498,cnn_s81_speed_p160_x0_y0,29.68907403762892,6.426537990570068,0.5842150470856413
cnn,82,28.734901854062677,-41.2313381216142,188.14521398689436,366.1770857246688,47.300154182359066,0.9990100336229624,1.8465384084396446,0.591532691928031,-1.2550057165116135,1.2550057165116135,0.4074846112596231,0.29474880711355494,15.836974736240537,17.50709445201029,1.6701197157697525,1.6701197157697525,0.856104,0.860076,0.0039719999999999756,0.0039719999999999756,0.41252,0.398488,-0.014031999999999989,0.014031999999999989,0.007988,0.003192,-0.004796,0.004796,0.1,0.07986,-0.020140000000000005,0.020140000000000005,0.05,0.031608,-0.018392000000000006,0.018392000000000006,0.01,0.004368,-0.005632,0.005632,cnn_s82_speed_p160_x0_y0,28.90089773637945,7.1840739250183105,0.6022705394972437
cnn,83,28.708711875208273,-40.77430443839356,183.371429685521,355.3051188280534,46.91540015535934,1.0337731668227472,1.8801276251980021,0.6181237839985525,-1.2620038411994496,1.2620038411994496,0.4030385137776447,0.2901465738794716,15.83861278284811,18.05630418301512,2.217691400167009,2.217691400167009,0.858272,0.862088,0.0038159999999999306,0.0038159999999999306,0.398948,0.383172,-0.015776000000000012,0.015776000000000012,0.00688,0.002644,-0.004236,0.004236,0.1,0.079992,-0.020008000000000012,0.020008000000000012,0.05,0.03232,-0.01768,0.01768,0.01,0.004008,-0.005992,0.005992,cnn_s83_speed_p160_x0_y0,28.194313716720707,6.560110569000244,0.5887892707911544
cnn,84,28.890062292366217,-42.35848360603645,179.61905679510735,351.54401969940164,47.73389288321569,1.077486073851736,1.9488146658534338,0.6977626422685782,-1.2510520235848555,1.2510520235848555,0.3998267283628006,0.2888985399551545,15.885954350487577,19.17691031306044,3.2909559625728626,3.2909559625728626,0.867724,0.874268,0.006543999999999994,0.006543999999999994,0.386356,0.373284,-0.013071999999999973,0.013071999999999973,0.006692,0.00262,-0.004072,0.004072,0.1,0.076012,-0.02398800000000001,0.02398800000000001,0.05,0.032796,-0.017204000000000004,0.017204000000000004,0.01,0.003884,-0.006116,0.006116,cnn_s84_speed_p160_x0_y0,29.14514380262554,5.271510124206543,0.5887479558581097
cnn,85,28.91655199571094,-40.22846300876733,179.31291860015094,352.43770740903847,47.24697525781548,1.1034460349463664,2.0010446893411893,0.7033772236540566,-1.2976674656871325,1.2976674656871325,0.398259332246993,0.2889000076840651,15.77734516405852,25.444071854567643,9.666726690509122,9.666726690509122,0.877972,0.884164,0.006191999999999975,0.006191999999999975,0.381432,0.365692,-0.015739999999999976,0.015739999999999976,0.007412,0.003224,-0.004188000000000001,0.004188000000000001,0.1,0.076288,-0.02371200000000001,0.02371200000000001,0.05,0.032044,-0.017956,0.017956,0.01,0.004396,-0.0056040000000000005,0.0056040000000000005,cnn_s85_speed_p160_x0_y0,28.72250736297703,5.609640121459961,0.584696644433822
cnn,86,28.758114755850507,-36.431349336443425,159.44170959656194,316.9701556578906,43.57092614779438,1.1455156440850247,2.0123289726845126,0.689847473783903,-1.3224814989006095,1.3224814989006095,0.3934859531788763,0.29163396467287644,15.964436387777498,25.225514044149243,9.261077656371745,9.261077656371745,0.880024,0.886004,0.005979999999999985,0.005979999999999985,0.304776,0.281476,-0.023299999999999987,0.023299999999999987,0.005456,0.002008,-0.003448,0.003448,0.1,0.08004,-0.019960000000000006,0.019960000000000006,0.05,0.03116,-0.018840000000000003,0.018840000000000003,0.01,0.004244,-0.005756,0.005756,cnn_s86_speed_p160_x0_y0,29.195361276159034,5.25334358215332,0.5675668830992414
cnn,87,29.493467523476575,-33.32442234176375,130.44176868090773,262.1011540049953,37.915879651402825,1.0756165553701342,1.9041805823880573,0.5931550621981957,-1.3110255201898617,1.3110255201898617,0.38108105203959836,0.2919025971295262,16.56985961774842,26.54868687141258,9.97882725366416,9.97882725366416,0.825052,0.83814,0.013087999999999989,0.013087999999999989,0.258608,0.239232,-0.019376000000000004,0.019376000000000004,0.003508,0.001032,-0.002476,0.002476,0.1,0.082308,-0.017692,0.017692,0.05,0.035364,-0.014636000000000003,0.014636000000000003,0.01,0.0045,-0.0055000000000000005,0.0055000000000000005,cnn_s87_speed_p160_x0_y0,29.611902358359767,6.509652614593506,0.5716373871172742
cnn,88,29.552571478217452,-27.527221065141127,109.0595281028402,211.75106139339366,29.71567816511546,0.9639793992643241,1.802143175721899,0.5390544464779664,-1.2630887292439326,1.2630887292439326,0.33027742040907787,0.24474476135537368,19.569464813218396,21.868170178418975,2.298705365200579,2.298705365200579,0.782788,0.789456,0.006668000000000007,0.006668000000000007,0.23332,0.2193,-0.014020000000000005,0.014020000000000005,0.001812,0.000172,-0.00164,0.00164,0.1,0.087756,-0.012244000000000005,0.012244000000000005,0.05,0.03796,-0.012040000000000002,0.012040000000000002,0.01,0.003536,-0.006464,0.006464,cnn_s88_speed_p160_x0_y0,26.37509421416108,6.411813259124756,0.6021210837242941
cnn,89,29.334538103760796,-25.048494230508606,100.52546388804555,188.43820483893782,26.84417370411422,0.8889618902379668,1.6940700823660408,0.498165926792254,-1.1959041555737868,1.1959041555737868,0.29438886531147523,0.2138186374817057,22.42794801409209,23.61644239983061,1.1884943857385188,1.1884943857385188,0.780712,0.788164,0.007452000000000014,0.007452000000000014,0.227076,0.214436,-0.012640000000000012,0.012640000000000012,0.000824,7.2e-05,-0.000752,0.000752,0.1,0.09132,-0.008680000000000007,0.008680000000000007,0.05,0.042624,-0.007376000000000001,0.007376000000000001,0.01,0.00374,-0.00626,0.00626,cnn_s89_speed_p160_x0_y0,24.29846982632471,6.017302513122559,0.6108872554513087
cnn,90,29.917500740440193,-25.210949227197933,98.75238119122952,180.6240740381717,27.271440060215596,0.8255942423785229,1.5819256009224787,0.425560583784655,-1.1563650171378237,1.1563650171378237,0.2773526099146924,0.2000677243574337,28.875152755868967,22.26735486573912,-6.607797890129849,6.607797890129849,0.794,0.803244,0.009243999999999919,0.009243999999999919,0.228684,0.21978,-0.008903999999999995,0.008903999999999995,0.000632,4e-06,-0.000628,0.000628,0.1,0.08904,-0.010960000000000011,0.010960000000000011,0.05,0.040604,-0.009396000000000002,0.009396000000000002,0.01,0.00228,-0.00772,0.00772,cnn_s90_speed_p160_x0_y0,22.206834090995343,5.257880687713623,0.6168543160617044
cnn,91,30.77064198739431,-26.326763278339264,104.59579369570527,193.0959688678879,27.727727474423453,0.8481384955681821,1.5818785374826487,0.4603133702414915,-1.1215651672411573,1.1215651672411573,0.27696959061910514,0.19609938679482714,33.667051242173436,22.44495397517816,-11.222097266995277,11.222097266995277,0.811336,0.816508,0.0051720000000000654,0.0051720000000000654,0.23678,0.225888,-0.010891999999999985,0.010891999999999985,0.001584,0.000112,-0.001472,0.001472,0.1,0.088736,-0.01126400000000001,0.01126400000000001,0.05,0.041388,-0.008612000000000002,0.008612000000000002,0.01,0.004552,-0.005448000000000001,0.005448000000000001,cnn_s91_speed_p160_x0_y0,22.30942508877806,5.508337497711182,0.6047672039717432
cnn,92,31.013298851774596,-32.485902731701344,124.87190197617402,228.45503584478845,34.39555782130183,0.8519471921149813,1.6563314440697425,0.5441043055013943,-1.1122271385683482,1.1122271385683482,0.30007095286464147,0.21035331459009776,29.36109044608353,20.44953235374751,-8.91155809233602,8.91155809233602,0.8365,0.836036,-0.00046400000000001995,0.00046400000000001995,0.272204,0.257744,-0.014460000000000028,0.014460000000000028,0.006032,0.001096,-0.004936,0.004936,0.1,0.088356,-0.011644000000000002,0.011644000000000002,0.05,0.039028,-0.010972000000000003,0.010972000000000003,0.01,0.003192,-0.006808,0.006808,cnn_s92_speed_p160_x0_y0,22.07932597419188,5.735818386077881,0.5959477837044546
cnn,93,30.295336526922462,-43.239029213703674,163.5304449855864,288.73965640072527,45.93572940326813,0.9138022304007428,1.5616353779381367,0.5373183269850246,-1.024317050953112,1.024317050953112,0.34020406367899453,0.23402462931334256,21.971993135035994,17.704688846800213,-4.267304288235781,4.267304288235781,0.899392,0.905304,0.005912000000000028,0.005912000000000028,0.340824,0.325408,-0.01541600000000004,0.01541600000000004,0.013852,0.006872,-0.00698,0.00698,0.1,0.082928,-0.017072000000000004,0.017072000000000004,0.05,0.037976,-0.012024,0.012024,0.01,0.004108,-0.0058920000000000005,0.0058920000000000005,cnn_s93_speed_p160_x0_y0,24.402894658345392,6.506997585296631,0.56902873678869
cnn,94,29.83549976954275,-49.294532589259916,206.71383119135655,352.9788205602513,56.25097207946962,1.0301702737012448,1.7329050935174708,0.6275838739517065,-1.1053212195657642,1.1053212195657642,0.3743699490264438,0.24982277804196393,17.9239188574462,16.181221597347,-1.7426972600991988,1.7426972600991988,0.95324,0.959568,0.006328,0.006328,0.406692,0.392132,-0.014560000000000017,0.014560000000000017,0.020704,0.009944,-0.01076,0.01076,0.1,0.082436,-0.01756400000000001,0.01756400000000001,0.05,0.036644,-0.013356,0.013356,0.01,0.004096,-0.005904,0.005904,cnn_s94_speed_p160_x0_y0,24.570031527820365,5.102908611297607,0.5800657871098039
cnn,95,29.14655288301489,-51.47449704853832,233.4123589150837,396.9400434231814,59.32676619391701,1.0635049103606833,1.9402455540914754,0.7766860477460433,-1.163559506345432,1.163559506345432,0.3936554809074822,0.25996086222117715,15.718881183776826,15.934065768334445,0.21518458455761902,0.21518458455761902,0.963832,0.97042,0.006587999999999927,0.006587999999999927,0.453776,0.435636,-0.01813999999999999,0.01813999999999999,0.026652,0.016548,-0.010103999999999998,0.010103999999999998,0.1,0.082772,-0.017228000000000007,0.017228000000000007,0.05,0.037228,-0.012772000000000006,0.012772000000000006,0.01,0.004372,-0.005628,0.005628,cnn_s95_speed_p160_x0_y0,26.879696075655563,5.015480041503906,0.5921357152149355
cnn,96,28.82738778031187,-53.430044055442394,257.7916503846996,433.8887483268986,64.14809794254607,1.088972988282614,2.167936186880058,0.9654757224468683,-1.20246046443319,1.20246046443319,0.4156940296387172,0.28075951563385904,14.590661334670035,13.547804102387397,-1.0428572322826373,1.0428572322826373,0.965408,0.971832,0.006423999999999985,0.006423999999999985,0.502312,0.484308,-0.018003999999999964,0.018003999999999964,0.031816,0.021104,-0.010711999999999996,0.010711999999999996,0.1,0.08368,-0.01632,0.01632,0.05,0.035184,-0.014816000000000003,0.014816000000000003,0.01,0.004532,-0.005468000000000001,0.005468000000000001,cnn_s96_speed_p160_x0_y0,28.904715116511554,5.121858596801758,0.5777069140039697
cnn,97,28.651894194812353,-58.48440761666127,268.38237929928437,456.74937609164516,71.74487325020785,1.1627471233799993,2.3341016532676946,0.9631586617153023,-1.3709429915523923,1.3709429915523923,0.43470492089576007,0.31389256159483186,13.885476966980777,13.13787326882721,-0.7476036981535668,0.7476036981535668,0.96586,0.972204,0.006343999999999905,0.006343999999999905,0.535756,0.526088,-0.00966800000000001,0.00966800000000001,0.032336,0.018548,-0.013787999999999998,0.013787999999999998,0.1,0.079816,-0.020184000000000007,0.020184000000000007,0.05,0.033752,-0.016248000000000005,0.016248000000000005,0.01,0.002772,-0.007228,0.007228,cnn_s97_speed_p160_x0_y0,30.15308546680866,5.011539936065674,0.586694883313482
cnn,98,28.544514144829375,-55.18521412082631,277.27179949361226,470.4165009298033,70.86666916639061,1.11998627469489,2.5288165748478613,1.1829335999842487,-1.3458829748636125,1.3458829748636125,0.439143736691007,0.31168765574186713,13.48960450508427,12.905580767168829,-0.5840237379154409,0.5840237379154409,0.96566,0.972852,0.007192000000000087,0.007192000000000087,0.550252,0.548704,-0.0015479999999999938,0.0015479999999999938,0.0301,0.0174,-0.0127,0.0127,0.1,0.078624,-0.021376000000000006,0.021376000000000006,0.05,0.03126,-0.01874,0.01874,0.01,0.005244,-0.004756,0.004756,cnn_s98_speed_p160_x0_y0,31.264551411001506,4.942448139190674,0.5735693684138619
cnn,99,28.658204393550893,-52.610900885197594,275.61250704812034,471.06222163035306,69.06082943698075,1.1256545898981594,2.6185103612093688,1.2861783349855318,-1.332332026223837,1.332332026223837,0.434592594652461,0.30155075611640914,12.942233252423062,11.34454400991022,-1.5976892425128426,1.5976892425128426,0.964368,0.971556,0.007187999999999972,0.007187999999999972,0.558748,0.552888,-0.005859999999999976,0.005859999999999976,0.026324,0.013876,-0.012448,0.012448,0.1,0.071372,-0.028628,0.028628,0.05,0.030896,-0.019104000000000003,0.019104000000000003,0.01,0.004612,-0.005388,0.005388,cnn_s99_speed_p160_x0_y0,30.940933752807226,5.342334747314453,0.5789516746901733
cnn,100,28.590513384063794,-53.97677143181411,267.15902832862446,462.2659583342181,69.36221354228127,1.1834970517079624,2.6931818613479512,1.3251725683927262,-1.368009292955225,1.368009292955225,0.42723420339883594,0.29835342090252814,13.294254669018509,11.76754763973708,-1.5267070292814289,1.5267070292814289,0.962576,0.969128,0.006552000000000002,0.006552000000000002,0.561248,0.554072,-0.00717599999999996,0.00717599999999996,0.02136,0.011184,-0.010176000000000001,0.010176000000000001,0.1,0.071756,-0.028244000000000005,0.028244000000000005,0.05,0.0302,-0.0198,0.0198,0.01,0.004436,-0.005564,0.005564,cnn_s100_speed_p160_x0_y0,31.181555022619012,5.912055015563965,0.5796999218484509
cnn,101,27.993038961045272,-53.88796143865715,264.27264522013803,455.43778924842735,69.6707499936721,1.1892820515181903,2.7595815132389667,1.387219953880406,-1.3723615593585607,1.3723615593585607,0.4209141149171818,0.2885718179179823,13.88516497776316,12.451045684385866,-1.4341192933772948,1.4341192933772948,0.959872,0.964328,0.0044560000000000155,0.0044560000000000155,0.575588,0.572528,-0.0030599999999999516,0.0030599999999999516,0.0208,0.00988,-0.01092,0.01092,0.1,0.069288,-0.030712000000000003,0.030712000000000003,0.05,0.031304,-0.018696000000000004,0.018696000000000004,0.01,0.0033,-0.0067,0.0067,cnn_s101_speed_p160_x0_y0,30.40796712150836,5.357294082641602,0.5763365179668116
cnn,102,28.291081132346047,-49.58583642936383,257.36515949641654,443.71833183137807,64.38084146386412,1.154798688108608,2.653381517271387,1.2729931506995877,-1.3803883665717993,1.3803883665717993,0.41378189525574693,0.2889680755749696,13.6958406438686,11.877968168385793,-1.8178724754828064,1.8178724754828064,0.960656,0.965156,0.0045000000000000595,0.0045000000000000595,0.6005,0.602424,0.0019239999999999258,0.0019239999999999258,0.015644,0.007444,-0.008200000000000002,0.008200000000000002,0.1,0.06628,-0.03372,0.03372,0.05,0.028184,-0.021816000000000002,0.021816000000000002,0.01,0.004768,-0.0052320000000000005,0.0052320000000000005,cnn_s102_speed_p160_x0_y0,29.254680859214627,5.164434909820557,0.5900843978874195
cnn,103,28.24977328579452,-54.35105759438392,255.23449859127234,439.93534248339296,65.83933435015582,1.1877742958997082,2.7522262259562447,1.3529762999466464,-1.3992499260095983,1.3992499260095983,0.4073665082605704,0.289648755859236,12.918668166201329,12.69079845146611,-0.22786971473521866,0.22786971473521866,0.96332,0.968048,0.0047280000000000655,0.0047280000000000655,0.622064,0.624396,0.0023320000000000007,0.0023320000000000007,0.01606,0.007216,-0.008844000000000001,0.008844000000000001,0.1,0.066944,-0.033056,0.033056,0.05,0.026396,-0.023604000000000003,0.023604000000000003,0.01,0.004184,-0.005816,0.005816,cnn_s103_speed_p160_x0_y0,29.507549938987374,5.102769374847412,0.5816080496706844
cnn,104,28.244665117236966,-51.74195350505683,260.7016073786642,442.0319749275902,67.50126390547062,1.2023515569174883,2.7655849769581633,1.30400884052208,-1.4615761364360833,1.4615761364360833,0.40278462056680714,0.2823780056835857,13.072164702682043,13.869221314623747,0.797056611941704,0.797056611941704,0.9676,0.972604,0.0050040000000000084,0.0050040000000000084,0.639764,0.6437,0.003936000000000051,0.003936000000000051,0.019812,0.009452,-0.01036,0.01036,0.1,0.071124,-0.028876,0.028876,0.05,0.02796,-0.022040000000000004,0.022040000000000004,0.01,0.004744,-0.005256,0.005256,cnn_s104_speed_p160_x0_y0,29.173745320955113,4.829194068908691,0.5889900362274314
cnn,105,28.705358550909303,-54.546158256784835,260.9549154657379,455.18860888088574,69.01256827635814,1.215626655690922,2.5268482174855538,1.215234080279199,-1.3116141372063548,1.3116141372063548,0.39666686289653963,0.28620291053121966,13.365248422530462,14.195743240299489,0.8304948177690274,0.8304948177690274,0.96918,0.974208,0.005027999999999921,0.005027999999999921,0.653404,0.654792,0.0013880000000000559,0.0013880000000000559,0.026896,0.013568,-0.013328,0.013328,0.1,0.075508,-0.024492,0.024492,0.05,0.030496,-0.019504000000000004,0.019504000000000004,0.01,0.0041,-0.0059,0.0059,cnn_s105_speed_p160_x0_y0,29.338582011466166,5.33697509765625,0.5789742887115529
cnn,106,29.215031902459533,-55.640756101729,260.25746261223657,460.90760003831133,69.33684383617609,1.146132744022456,2.4043720349979085,1.1682648646821723,-1.2361071703157362,1.2361071703157362,0.3908866796956757,0.2889766766960363,13.973378262410721,14.669545855880765,0.6961675934700438,0.6961675934700438,0.969512,0.976464,0.006951999999999958,0.006951999999999958,0.66638,0.665864,-0.0005159999999999609,0.0005159999999999609,0.02658,0.013568,-0.013012,0.013012,0.1,0.073712,-0.026288000000000006,0.026288000000000006,0.05,0.028836,-0.021164000000000002,0.021164000000000002,0.01,0.00312,-0.006880000000000001,0.006880000000000001,cnn_s106_speed_p160_x0_y0,30.092821360744658,5.767349720001221,0.5782362086568188
cnn,107,28.940019095289955,-58.811593103726125,266.6080511833093,482.22610725589556,73.64596908558012,1.0775175662436838,2.3711876339371654,1.1645270092130153,-1.20666062472415,1.20666062472415,0.38687975317811596,0.28277735475093574,14.499407762195059,14.772130953156188,0.27272319096112874,0.27272319096112874,0.970908,0.976664,0.005755999999999983,0.005755999999999983,0.677896,0.679472,0.0015759999999999108,0.0015759999999999108,0.03712,0.021184,-0.015936,0.015936,0.1,0.0734,-0.0266,0.0266,0.05,0.029732,-0.020268,0.020268,0.01,0.003896,-0.006104,0.006104,cnn_s107_speed_p160_x0_y0,29.64376642955138,5.574344635009766,0.5873099571898629
cnn,108,29.994517076582536,-62.576165416787404,266.16930985905356,474.3026099408461,78.29810888955477,1.0160542287517005,2.346439339301334,1.0584669990389557,-1.2879723402623782,1.2879723402623782,0.3789482342287064,0.28516287729811285,14.41081113660488,16.04536750791066,1.6345563713057825,1.6345563713057825,0.971252,0.977896,0.006643999999999983,0.006643999999999983,0.674524,0.676688,0.0021639999999999437,0.0021639999999999437,0.051952,0.031236,-0.020716,0.020716,0.1,0.077708,-0.022292000000000006,0.022292000000000006,0.05,0.029864,-0.020136,0.020136,0.01,0.002672,-0.007328,0.007328,cnn_s108_speed_p160_x0_y0,28.940126674621943,5.6898322105407715,0.581538433400334
cnn,109,29.340460131888747,-61.405260838974684,266.805100194961,469.06576017921947,75.62803143058306,0.9522088531938063,2.4584123600931362,1.10200967454317,-1.3564026855499662,1.3564026855499662,0.37481862648779113,0.27713308380572876,14.524527024298001,15.78962345926248,1.2650964349644784,1.2650964349644784,0.970816,0.97596,0.005144000000000037,0.005144000000000037,0.666652,0.664576,-0.0020760000000000778,0.0020760000000000778,0.070228,0.049732,-0.020496,0.020496,0.1,0.076236,-0.023764000000000007,0.023764000000000007,0.05,0.032876,-0.017124,0.017124,0.01,0.002792,-0.007208,0.007208,cnn_s109_speed_p160_x0_y0,28.97319829057234,5.088190078735352,0.5868368829397201
cnn,110,30.037522383683083,-59.889592499987266,263.19554384798516,459.4886921720648,73.32835540535368,0.915698968336149,2.5116273264193554,1.109752278129511,-1.4018750482898443,1.4018750482898443,0.37181219855601905,0.2806747703194539,14.8881813789416,18.178742131096147,3.2905607521545477,3.2905607521545477,0.972044,0.976052,0.0040080000000000116,0.0040080000000000116,0.6523,0.650224,-0.0020759999999999668,0.0020759999999999668,0.09396,0.0742,-0.01976,0.01976,0.1,0.079868,-0.02013200000000001,0.02013200000000001,0.05,0.033788,-0.016212000000000004,0.016212000000000004,0.01,0.003764,-0.006236,0.006236,cnn_s110_speed_p160_x0_y0,29.504241915198808,5.806641101837158,0.5806544420749317
cnn,111,30.90363327801762,-58.46092590008041,251.96134177549283,439.18165409969083,71.95933389574849,0.8417086885841848,2.517910851878576,1.1209176078488121,-1.396993244029764,1.396993244029764,0.35867880022726695,0.26751389398625963,16.432807524041753,19.246715092587003,2.8139075685452504,2.8139075685452504,0.970996,0.97636,0.005364000000000035,0.005364000000000035,0.627288,0.619852,-0.007435999999999998,0.007435999999999998,0.126452,0.110216,-0.016236000000000014,0.016236000000000014,0.1,0.084108,-0.015892000000000003,0.015892000000000003,0.05,0.038036,-0.011964000000000002,0.011964000000000002,0.01,0.003876,-0.006124,0.006124,cnn_s111_speed_p160_x0_y0,28.17742348677506,5.513612270355225,0.5730462303692898
cnn,112,30.45015130750225,-52.28841563488411,234.28629066169555,400.7800729780913,62.402604830815434,0.8127646210603084,2.5521422961047304,1.1854040920567288,-1.3667382040480016,1.3667382040480016,0.34239979448735314,0.2588902384484838,17.356303881892384,20.715503003723207,3.359199121830823,3.359199121830823,0.960496,0.966252,0.005755999999999983,0.005755999999999983,0.588268,0.576964,-0.01130399999999998,0.01130399999999998,0.15344,0.14096,-0.012479999999999991,0.012479999999999991,0.1,0.087528,-0.01247200000000001,0.01247200000000001,0.05,0.041948,-0.008052000000000004,0.008052000000000004,0.01,0.00428,-0.00572,0.00572,cnn_s112_speed_p160_x0_y0,27.49742127818127,5.637857913970947,0.5852515744888519
cnn,113,30.187587966342992,-49.671510437321956,214.89821778926535,367.32695487523756,57.77020155073254,0.7807641208992308,2.431485046440205,1.1385327525540323,-1.2929522938861726,1.2929522938861726,0.3245688700172732,0.24441240424177085,17.818271719812817,17.99335677688784,0.1750850570750231,0.1750850570750231,0.950016,0.957968,0.00795200000000007,0.00795200000000007,0.542524,0.529468,-0.013055999999999957,0.013055999999999957,0.177548,0.161344,-0.016204000000000024,0.016204000000000024,0.1,0.088072,-0.011928000000000008,0.011928000000000008,0.049996,0.044692,-0.005303999999999996,0.005303999999999996,0.01,0.002148,-0.007852,0.007852,cnn_s113_speed_p160_x0_y0,26.010710160777133,5.502909183502197,0.5841705553846349
cnn,114,30.46024322256102,-43.27737412182693,205.05910503258895,350.3319193642594,49.642666040920645,0.8210154479447563,2.4531744868237766,1.264377143432104,-1.1887973433916725,1.1887973433916725,0.31397800771114026,0.22890027411812297,19.3950691009872,15.408595134050186,-3.986473966937014,3.986473966937014,0.942708,0.947792,0.005083999999999977,0.005083999999999977,0.505588,0.489896,-0.01569200000000004,0.01569200000000004,0.197052,0.189612,-0.007440000000000002,0.007440000000000002,0.1,0.090248,-0.00975200000000001,0.00975200000000001,0.05,0.04858,-0.0014200000000000046,0.0014200000000000046,0.01,0.005188,-0.004812,0.004812,cnn_s114_speed_p160_x0_y0,24.541486090961616,5.123978614807129,0.6060388474382445
cnn,115,31.108482310211272,-42.46859630399956,199.35359037831634,348.23996851429223,49.559924983863816,0.7703784329918865,2.539153020485293,1.2583499650590317,-1.280803055426261,1.280803055426261,0.31293359350619665,0.22941120643874652,19.188254489306573,18.885432822068612,-0.30282166723796067,0.30282166723796067,0.935092,0.94374,0.008647999999999989,0.008647999999999989,0.483236,0.467892,-0.015344000000000024,0.015344000000000024,0.20792,0.205156,-0.0027639999999999887,0.0027639999999999887,0.1,0.088636,-0.011363999999999999,0.011363999999999999,0.05,0.048596,-0.0014040000000000025,0.0014040000000000025,0.01,0.007404,-0.0025960000000000002,0.0025960000000000002,cnn_s115_speed_p160_x0_y0,25.270960377659716,4.689971923828125,0.6293129910657059
cnn,116,30.59615191508248,-42.795554368443476,210.43580693428876,362.61496717091654,49.91248060240107,0.731109301673511,2.663864975019489,1.3772469251722983,-1.2866180498471906,1.2866180498471906,0.3238515655975949,0.2267249166555612,17.809157536107968,17.364853526129817,-0.44430400997815056,0.44430400997815056,0.932248,0.93726,0.0050120000000000164,0.0050120000000000164,0.476428,0.459412,-0.01701600000000003,0.01701600000000003,0.206224,0.199032,-0.007192000000000004,0.007192000000000004,0.1,0.0885,-0.01150000000000001,0.01150000000000001,0.05,0.046588,-0.0034120000000000053,0.0034120000000000053,0.01,0.006496,-0.003504,0.003504,cnn_s116_speed_p160_x0_y0,25.095451409249726,5.35050630569458,0.6359943033532465
cnn,117,30.50148317030197,-47.54667013087485,220.69277118953565,374.6434780879379,56.56480068165984,0.7445344601477326,2.6822441095304903,1.4252949991442683,-1.256949110386222,1.256949110386222,0.3318583129288192,0.23028518939603485,15.662541793566826,14.359879012528657,-1.302662781038169,1.302662781038169,0.932936,0.938704,0.005767999999999995,0.005767999999999995,0.481824,0.467152,-0.014671999999999963,0.014671999999999963,0.198556,0.19084,-0.007716000000000001,0.007716000000000001,0.1,0.092624,-0.0073760000000000076,0.0073760000000000076,0.05,0.044444,-0.005556000000000005,0.005556000000000005,0.01,0.005964,-0.0040360000000000005,0.0040360000000000005,cnn_s117_speed_p160_x0_y0,27.14897424086504,5.260716915130615,0.6102954776137006
cnn,118,30.425345206995495,-48.24691254601315,229.32859705785154,383.2124578152259,56.467112516845894,0.6233160165956393,2.4028776905713585,1.1983582563242874,-1.204519434247071,1.204519434247071,0.33446042034755985,0.2342932031501283,15.276077226999792,12.95329703578988,-2.3227801912099117,2.3227801912099117,0.92256,0.93056,0.008000000000000007,0.008000000000000007,0.5093,0.48764,-0.021659999999999957,0.021659999999999957,0.182984,0.17374,-0.009244000000000002,0.009244000000000002,0.1,0.092828,-0.007172000000000012,0.007172000000000012,0.05,0.03986,-0.010140000000000003,0.010140000000000003,0.01,0.006132,-0.003868,0.003868,cnn_s118_speed_p160_x0_y0,27.925806328570985,6.84329080581665,0.5853643600377885
cnn,119,30.43036359868084,-52.367575661143505,232.98110328323406,390.97282903315624,59.38184518276629,0.5709677569458942,2.138772799619028,1.0115457462314859,-1.1272270533875424,1.1272270533875424,0.33571499471811567,0.2355764020031901,14.040633301305743,13.726389601934363,-0.31424369937137975,0.31424369937137975,0.913044,0.921544,0.008500000000000063,0.008500000000000063,0.55378,0.531672,-0.022108000000000017,0.022108000000000017,0.185688,0.178712,-0.006975999999999982,0.006975999999999982,0.1,0.091592,-0.008407999999999999,0.008407999999999999,0.05,0.041764,-0.008236,0.008236,0.01,0.004796,-0.005204,0.005204,cnn_s119_speed_p160_x0_y0,27.187847892928154,5.218785285949707,0.5576094368866232
cnn,120,29.872554228604738,-54.59872972223746,241.29944817581048,402.7022422288258,62.153370020390085,0.5139931822181151,1.8271397891062162,0.7288586642228919,-1.0982811248833242,1.0982811248833242,0.3382016856093417,0.23682892003560702,15.608537130845948,13.421994581946393,-2.1865425488995545,2.1865425488995545,0.909956,0.917492,0.007535999999999987,0.007535999999999987,0.596408,0.58664,-0.009767999999999999,0.009767999999999999,0.187684,0.180176,-0.007507999999999987,0.007507999999999987,0.1,0.092736,-0.0072640000000000066,0.0072640000000000066,0.05,0.041696,-0.008304000000000006,0.008304000000000006,0.01,0.003604,-0.006396000000000001,0.006396000000000001,cnn_s120_speed_p160_x0_y0,28.146732976702577,4.889072418212891,0.5631353842148503
cnn,121,29.255150816114046,-55.45921299743735,249.6108716465464,411.79087692555754,62.39005113529967,0.5020473039214008,1.5422565884057362,0.6019329351645587,-0.9403236532411775,0.9403236532411775,0.33688904233320444,0.23932626459025055,13.494882949295075,12.977255768246714,-0.5176271810483613,0.5176271810483613,0.911144,0.917384,0.006240000000000023,0.006240000000000023,0.619796,0.612536,-0.007260000000000044,0.007260000000000044,0.189976,0.174292,-0.015684000000000003,0.015684000000000003,0.1,0.094696,-0.005304000000000003,0.005304000000000003,0.05,0.039224,-0.010776,0.010776,0.01,0.006664,-0.0033360000000000004,0.0033360000000000004,cnn_s121_speed_p160_x0_y0,29.135888828595842,5.373913288116455,0.5573312184577388
cnn,122,29.475967731375373,-54.147882649730704,252.37935605586932,406.86092543566497,60.99317553504668,0.4636750281846102,1.447192335273558,0.5292510006723984,-0.9179413346011597,0.9179413346011597,0.33296904110795034,0.22725154734981245,13.13327209479545,12.824412631827885,-0.3088594629675647,0.3088594629675647,0.91018,0.91598,0.005800000000000027,0.005800000000000027,0.639764,0.635104,-0.0046599999999999975,0.0046599999999999975,0.20568,0.188596,-0.017083999999999988,0.017083999999999988,0.1,0.096028,-0.003972000000000003,0.003972000000000003,0.05,0.040984,-0.009016000000000003,0.009016000000000003,0.01,0.004076,-0.0059240000000000004,0.0059240000000000004,cnn_s122_speed_p160_x0_y0,28.017758663142306,5.264456272125244,0.5644784202373991
cnn,123,29.902756672682617,-55.67666723515506,252.9270353754735,402.02838970700736,63.6555248466244,0.46991760478408334,1.3276385751160749,0.44618485888890363,-0.8814537162271712,0.8814537162271712,0.331067616353236,0.23169533932179864,13.066719807886246,12.18080622497205,-0.8859135829141955,0.8859135829141955,0.909328,0.914364,0.005035999999999929,0.005035999999999929,0.665172,0.66012,-0.005051999999999945,0.005051999999999945,0.228052,0.217844,-0.010207999999999995,0.010207999999999995,0.1,0.0907,-0.009300000000000003,0.009300000000000003,0.05,0.03816,-0.011840000000000003,0.011840000000000003,0.01,0.003232,-0.006768,0.006768,cnn_s123_speed_p160_x0_y0,29.152924001075785,6.196282386779785,0.542627678338953
cnn,124,30.321227856363244,-57.01347856102048,264.848270148093,417.8628244176423,65.5986926128819,0.46974145537450723,1.2477450906372733,0.4443726300838163,-0.8033724605534571,0.8033724605534571,0.33025656909486223,0.23229553434851158,13.409004349790742,13.858852558344196,0.44984820855345475,0.44984820855345475,0.907868,0.91086,0.0029919999999999947,0.0029919999999999947,0.680916,0.677472,-0.0034440000000000026,0.0034440000000000026,0.248032,0.238004,-0.010028000000000009,0.010028000000000009,0.1,0.090968,-0.009032000000000012,0.009032000000000012,0.05,0.038996,-0.011004,0.011004,0.01,0.001592,-0.008408,0.008408,cnn_s124_speed_p160_x0_y0,28.184626374879375,6.166434288024902,0.5475642579814741
cnn,125,30.051277592730706,-56.13790811806122,273.9019885074214,427.9662748651571,68.51967560647886,0.4733083743933057,1.3292063391943603,0.5121010552496986,-0.8171052839446616,0.8171052839446616,0.33113711581454247,0.22851128451072503,13.957858602880808,12.152497816423155,-1.805360786457653,1.805360786457653,0.911408,0.914036,0.0026279999999999637,0.0026279999999999637,0.690376,0.69126,0.0008839999999999959,0.0008839999999999959,0.268312,0.261116,-0.00719599999999998,0.00719599999999998,0.1,0.088596,-0.011404000000000011,0.011404000000000011,0.05,0.038568,-0.011432000000000005,0.011432000000000005,0.01,0.0033,-0.0067,0.0067,cnn_s125_speed_p160_x0_y0,28.43981263564626,5.748098373413086,0.5483949437417253
cnn,126,30.6097903547661,-65.36837152088376,283.69151540565935,448.74884313520744,76.61583927002994,0.539436721854995,1.6033758786833776,0.6705198432331719,-0.9328560354502057,0.9328560354502057,0.3325958376722633,0.23005429712875228,13.248735770585899,13.66914663643895,0.4204108658530501,0.4204108658530501,0.916108,0.920828,0.0047199999999999465,0.0047199999999999465,0.695312,0.692816,-0.0024960000000000537,0.0024960000000000537,0.279492,0.268912,-0.010580000000000034,0.010580000000000034,0.1,0.087088,-0.012912000000000007,0.012912000000000007,0.05,0.028748,-0.021252000000000004,0.021252000000000004,0.01,0.004432,-0.005568,0.005568,cnn_s126_speed_p160_x0_y0,28.023492407781937,4.992148399353027,0.5619816551767846
cnn,127,30.47437123406815,-59.57994352951647,303.97099407448957,490.5455520828082,73.59298946954067,0.5489204103906828,1.6475694843330406,0.6679671168125818,-0.9796023675204588,0.9796023675204588,0.3352966381147169,0.226422814865611,13.904757442146803,18.38108782436018,4.476330382213376,4.476330382213376,0.92212,0.925148,0.0030279999999999196,0.0030279999999999196,0.709052,0.7061,-0.0029520000000000657,0.0029520000000000657,0.28874,0.278568,-0.010172000000000014,0.010172000000000014,0.1,0.093088,-0.0069120000000000015,0.0069120000000000015,0.05,0.04168,-0.008320000000000001,0.008320000000000001,0.01,0.003848,-0.006152,0.006152,cnn_s127_speed_p160_x0_y0,30.000730217921266,5.114649772644043,0.5356254375376708
cnn,128,30.507561419352704,-68.39987700069902,328.0946570697326,541.879207447892,83.16045686997795,0.6082204299473694,1.579192161167967,0.7937554335004837,-0.7854367276674832,0.7854367276674832,0.34596105147456613,0.23093746289264394,14.744639324330674,19.601258488632173,4.856619164301499,4.856619164301499,0.927604,0.929624,0.0020200000000000218,0.0020200000000000218,0.723528,0.72422,0.0006920000000000259,0.0006920000000000259,0.298964,0.28866,-0.01030399999999998,0.01030399999999998,0.1,0.090976,-0.009024000000000004,0.009024000000000004,0.05,0.04012,-0.00988,0.00988,0.01,0.004532,-0.005468000000000001,0.005468000000000001,cnn_s128_speed_p160_x0_y0,28.391923421353447,5.476268768310547,0.5327403540405715
cnn,129,31.112020319963836,-69.17163627537478,347.8882499875358,567.4794552146203,83.88909692377494,0.6785657615457732,1.6313119454018394,0.7889167348665075,-0.842395210535332,0.842395210535332,0.35792738945059416,0.23944482643709952,16.416720851100305,23.2763264470063,6.859605595905997,6.859605595905997,0.929564,0.932892,0.0033280000000001086,0.0033280000000001086,0.725064,0.719416,-0.005647999999999986,0.005647999999999986,0.318756,0.310516,-0.00823999999999997,0.00823999999999997,0.1,0.09272,-0.007280000000000009,0.007280000000000009,0.05,0.042596,-0.007404000000000001,0.007404000000000001,0.01,0.004296,-0.005704,0.005704,cnn_s129_speed_p160_x0_y0,29.465245102227872,5.373117923736572,0.5768818623351164
cnn,130,31.33586632796905,-76.1587506815105,367.89418268570114,609.4185738301346,93.97371873043336,0.7017012458730215,1.7140338738221137,0.8115377912764059,-0.9024960825457078,0.9024960825457078,0.3722048839538182,0.2513191073251009,18.096669871327904,25.051523754181602,6.954853882853698,6.954853882853698,0.936988,0.940464,0.0034759999999999236,0.0034759999999999236,0.725716,0.721412,-0.0043039999999999745,0.0043039999999999745,0.3301,0.324332,-0.005767999999999995,0.005767999999999995,0.1,0.09126,-0.008740000000000012,0.008740000000000012,0.05,0.040244,-0.009756,0.009756,0.01,0.005268,-0.004732,0.004732,cnn_s130_speed_p160_x0_y0,30.27324308013254,5.609683513641357,0.578102974028187
cnn,131,31.380336354373057,-77.18345219629555,394.3154103389451,635.8938490514463,96.07849622256765,0.8529033841987363,1.818778592068076,1.0058099394489277,-0.8129686526191482,0.8129686526191482,0.3919248256056496,0.2550852353853623,19.348825623571486,26.556215055107053,7.207389431535567,7.207389431535567,0.94712,0.951804,0.0046840000000000215,0.0046840000000000215,0.731148,0.73238,0.0012320000000000109,0.0012320000000000109,0.33826,0.329496,-0.008763999999999994,0.008763999999999994,0.1,0.086544,-0.01345600000000001,0.01345600000000001,0.05,0.036304,-0.013696,0.013696,0.01,0.007572,-0.0024280000000000005,0.0024280000000000005,cnn_s131_speed_p160_x0_y0,33.0539968727652,6.2030792236328125,0.591905800155085
cnn,132,31.346967209266605,-83.9885897933212,416.45419606420495,673.4702105476787,99.24027914979997,0.8905460425275591,1.8037943394664662,1.1139434447811383,-0.6898508946853279,0.6898508946853279,0.40683914956673795,0.262244706785073,19.93294606923691,23.149045064448877,3.2160989952119685,3.2160989952119685,0.955072,0.960908,0.005835999999999952,0.005835999999999952,0.73138,0.730372,-0.0010080000000000089,0.0010080000000000089,0.347748,0.337,-0.01074799999999998,0.01074799999999998,0.1,0.07952,-0.020480000000000012,0.020480000000000012,0.05,0.035748,-0.014252,0.014252,0.01,0.00488,-0.00512,0.00512,cnn_s132_speed_p160_x0_y0,33.926806040190684,6.331444263458252,0.586556664784444
cnn,133,30.891021696610593,-84.61328794524789,433.78363483475005,716.8426648748431,103.66214047499906,0.9804844741751549,1.8212350564580608,1.351658904934164,-0.46957615152389676,0.46957615152389676,0.41954440820909006,0.2638375621635868,20.52256534305453,23.58245631516817,3.0598909721136387,3.0598909721136387,0.966476,0.9722,0.005723999999999951,0.005723999999999951,0.729336,0.727008,-0.0023279999999999967,0.0023279999999999967,0.363684,0.351904,-0.011780000000000013,0.011780000000000013,0.1,0.085064,-0.014936000000000005,0.014936000000000005,0.05,0.034808,-0.015192000000000004,0.015192000000000004,0.01,0.004576,-0.005424,0.005424,cnn_s133_speed_p160_x0_y0,34.52507377701583,6.299666404724121,0.6055690522843549
cnn,134,31.123944011982832,-69.55268580634407,422.6025451981469,715.0239722843235,85.07142025042984,1.098548472595873,1.7388810344583978,1.5903542895212923,-0.1485267449371055,0.1485267449371055,0.39723463117835434,0.24502196553819686,22.857589274237995,27.476346312597656,4.618757038359661,4.618757038359661,0.969428,0.977084,0.007655999999999996,0.007655999999999996,0.702408,0.702264,-0.000144000000000033,0.000144000000000033,0.371744,0.360452,-0.011292000000000024,0.011292000000000024,0.1,0.091084,-0.008916000000000007,0.008916000000000007,0.05,0.043708,-0.006292000000000006,0.006292000000000006,0.01,0.003568,-0.006432,0.006432,cnn_s134_speed_p160_x0_y0,32.518921837890055,7.141453742980957,0.61810316282298
cnn,135,31.63724620902093,-66.70807825474579,391.7814112442872,666.4455334066091,77.4897117666431,0.9747790751483064,1.803240662182568,1.4056647312792947,-0.39757593090327337,0.39757593090327337,0.3641170515778317,0.22406926842120373,26.16763430024928,30.01471274909661,3.8470784488473306,3.8470784488473306,0.964336,0.967244,0.0029080000000000217,0.0029080000000000217,0.681544,0.680848,-0.0006960000000000299,0.0006960000000000299,0.353852,0.345328,-0.008523999999999976,0.008523999999999976,0.1,0.089172,-0.010828000000000004,0.010828000000000004,0.05,0.040536,-0.009464,0.009464,0.01,0.0057,-0.0043,0.0043,cnn_s135_speed_p160_x0_y0,29.944179549584543,6.298990726470947,0.6334928377698261
cnn,136,31.485271708569652,-63.58347108319092,395.5528347927717,663.0805748890022,78.08305306505645,0.8805705809758952,1.9224777246462654,1.3120706609065316,-0.6104070637397339,0.6104070637397339,0.34976419555133786,0.22522710584797165,21.964837659216478,26.671240064675732,4.706402405459254,4.706402405459254,0.972756,0.972968,0.000212000000000101,0.000212000000000101,0.68944,0.693388,0.0039479999999999515,0.0039479999999999515,0.34296,0.331288,-0.01167199999999996,0.01167199999999996,0.1,0.089948,-0.010052000000000005,0.010052000000000005,0.05,0.041188,-0.008812,0.008812,0.01,0.005244,-0.004756,0.004756,cnn_s136_speed_p160_x0_y0,27.83279512215704,6.232182025909424,0.6367631638666472
cnn,137,31.21820414019816,-62.55067430468784,388.0519554238934,645.6076031499769,74.71549652175345,0.8802373514791809,1.752362174102532,1.072993115518613,-0.6793690585839189,0.6793690585839189,0.3349114303322267,0.21810815571761083,18.5627115092084,29.238154857322144,10.675443348113745,10.675443348113745,0.984,0.984976,0.0009759999999999769,0.0009759999999999769,0.6951,0.69956,0.0044599999999999085,0.0044599999999999085,0.32348,0.310776,-0.012703999999999993,0.012703999999999993,0.1,0.092576,-0.007424,0.007424,0.05,0.04062,-0.00938,0.00938,0.01,0.005392,-0.004608,0.004608,cnn_s137_speed_p160_x0_y0,26.69652879915387,5.208233833312988,0.630852533048475
cnn,138,30.92311578761683,-58.78132925655707,371.7541179426619,616.8176493236684,71.16669781110889,0.7901187097103797,1.7435568204462626,0.8705881672229961,-0.8729686532232664,0.8729686532232664,0.32298551912571627,0.2126344251674928,15.497296096336054,26.13504817246813,10.637752076132077,10.637752076132077,0.99004,0.991352,0.0013119999999999798,0.0013119999999999798,0.70276,0.706956,0.0041959999999999775,0.0041959999999999775,0.296924,0.28272,-0.014203999999999994,0.014203999999999994,0.1,0.093996,-0.006004000000000009,0.006004000000000009,0.05,0.03962,-0.01038,0.01038,0.01,0.005032,-0.004968,0.004968,cnn_s138_speed_p160_x0_y0,26.265900126493325,5.562473773956299,0.6437300131954692
cnn,139,31.00602957517228,-62.38881435083379,354.8523446188955,592.4868670493529,77.06660156067643,0.7799365532137343,1.5762302720523742,0.7041621364472294,-0.8720681356051448,0.8720681356051448,0.32343991722425175,0.2122265518453533,15.457160992962294,26.579195197624298,11.122034204662004,11.122034204662004,0.992224,0.995032,0.0028080000000000327,0.0028080000000000327,0.70486,0.712748,0.007888000000000006,0.007888000000000006,0.261536,0.247256,-0.014279999999999987,0.014279999999999987,0.1,0.094192,-0.005808000000000008,0.005808000000000008,0.05,0.044204,-0.0057960000000000025,0.0057960000000000025,0.01,0.00598,-0.00402,0.00402,cnn_s139_speed_p160_x0_y0,25.72843674372112,5.6482439041137695,0.6365355982850883
cnn,140,31.172072410102334,-54.64943038322177,338.9875721320358,566.7561553392849,69.38232268238208,0.8950351544978924,1.6827341317282043,0.6246212096893676,-1.0581129220388368,1.0581129220388368,0.33695274429818783,0.23171608075687736,14.904008476823916,23.86268957167868,8.958681094854763,8.958681094854763,0.99148,0.993212,0.0017319999999999558,0.0017319999999999558,0.68382,0.686176,0.0023560000000000247,0.0023560000000000247,0.231336,0.219016,-0.012320000000000025,0.012320000000000025,0.1,0.091716,-0.008284,0.008284,0.05,0.045996,-0.004004000000000001,0.004004000000000001,0.01,0.006732,-0.003268,0.003268,cnn_s140_speed_p160_x0_y0,26.928885115678263,5.719569206237793,0.6182793505281245
cnn,141,30.109781156710714,-45.80156867412811,356.56729154979246,597.3958549936347,60.83644905431235,1.1035019581903989,1.6669566082274898,0.6908749036477104,-0.9760817045797794,0.9760817045797794,0.39568471682116174,0.2746239185289887,13.408491486605593,26.16733051684281,12.758839030237217,12.758839030237217,0.985072,0.989728,0.0046560000000001045,0.0046560000000001045,0.662292,0.664908,0.0026160000000000627,0.0026160000000000627,0.201504,0.189392,-0.012111999999999984,0.012111999999999984,0.1,0.092744,-0.0072560000000000124,0.0072560000000000124,0.05,0.045896,-0.0041040000000000035,0.0041040000000000035,0.01,0.00734,-0.00266,0.00266,cnn_s141_speed_p160_x0_y0,30.122683212798776,6.186624050140381,0.5560532569059601
cnn,142,29.474606350342587,-50.445275270348446,386.9416879506601,636.6288443760247,72.27177930753216,1.322456051899556,1.5329281204926184,0.9349175072011926,-0.5980106132914258,0.5980106132914258,0.4445733381180445,0.30025512953224887,11.984059357380639,14.696205185439174,2.712145828058535,2.712145828058535,0.985464,0.993092,0.007627999999999968,0.007627999999999968,0.710576,0.71524,0.0046640000000000015,0.0046640000000000015,0.190696,0.175976,-0.01472000000000001,0.01472000000000001,0.1,0.087752,-0.012248000000000009,0.012248000000000009,0.05,0.042596,-0.007404000000000001,0.007404000000000001,0.01,0.006048,-0.003952,0.003952,cnn_s142_speed_p160_x0_y0,31.864668972443802,7.186554908752441,0.5179332812783004
cnn,143,29.963558750666998,-38.219512554615065,365.26385269118424,606.8634078644984,55.63480701290788,1.2840198255010908,1.202228577939613,0.7888110221371,-0.41341755580251294,0.41341755580251294,0.42675185839119595,0.2813342244177647,13.32130945400346,17.136863031991954,3.815553577988494,3.815553577988494,0.984388,0.991356,0.006967999999999974,0.006967999999999974,0.729096,0.73342,0.0043239999999999945,0.0043239999999999945,0.17538,0.166284,-0.00909600000000002,0.00909600000000002,0.1,0.087068,-0.012931999999999999,0.012931999999999999,0.05,0.044684,-0.005316000000000001,0.005316000000000001,0.01,0.006464,-0.003536,0.003536,cnn_s143_speed_p160_x0_y0,31.729557469133276,5.864097595214844,0.5616274492414889
cnn,144,29.991838493509036,-35.8767449279073,352.14858710745125,585.9905488061655,51.37027936828151,1.3788702247085691,1.032857136087903,0.7918743285880585,-0.24098280749984458,0.24098280749984458,0.4208185591540356,0.2814984702230211,13.007897962217553,15.669906251488051,2.6620082892704975,2.6620082892704975,0.980188,0.987652,0.007464000000000026,0.007464000000000026,0.718288,0.716516,-0.0017719999999999958,0.0017719999999999958,0.154728,0.145612,-0.009116000000000013,0.009116000000000013,0.1,0.089868,-0.010132000000000002,0.010132000000000002,0.05,0.04348,-0.006520000000000005,0.006520000000000005,0.01,0.005936,-0.004064,0.004064,cnn_s144_speed_p160_x0_y0,31.838603860361527,5.560759544372559,0.5657494897604527
cnn,145,29.868825785114463,-32.569038871111715,333.87305855074703,561.2710056095168,46.35252164884681,1.3343053743391167,1.1816403350008309,0.732500987246732,-0.4491393477540989,0.4491393477540989,0.41226879876806843,0.27569211050910514,13.35327217669109,15.558438062398624,2.205165885707533,2.205165885707533,0.974572,0.981732,0.007160000000000055,0.007160000000000055,0.689732,0.684736,-0.0049960000000000004,0.0049960000000000004,0.13146,0.123272,-0.008187999999999987,0.008187999999999987,0.1,0.09092,-0.009080000000000005,0.009080000000000005,0.05,0.043504,-0.006496000000000002,0.006496000000000002,0.01,0.0066,-0.0034000000000000002,0.0034000000000000002,cnn_s145_speed_p160_x0_y0,30.39245353837724,5.902344226837158,0.5546007270671832
cnn,146,30.217437493821446,-25.17260232985234,307.4265141032319,517.620156094718,37.3480673104145,1.1916158827181627,1.2316611181766746,0.6766941009125454,-0.5549670172641291,0.5549670172641291,0.40133853139049774,0.25815655639623114,12.743205924987045,14.398978231988957,1.6557723070019126,1.6557723070019126,0.96938,0.976648,0.007267999999999941,0.007267999999999941,0.631576,0.626812,-0.0047639999999999905,0.0047639999999999905,0.107344,0.099784,-0.007559999999999997,0.007559999999999997,0.1,0.09334,-0.006659999999999999,0.006659999999999999,0.05,0.045728,-0.004272000000000005,0.004272000000000005,0.01,0.008176,-0.001824000000000001,0.001824000000000001,cnn_s146_speed_p160_x0_y0,29.28670842660694,5.959416389465332,0.5608636187493364
cnn,147,30.393444504602453,-15.096588625812023,290.5385426235595,493.37535887503213,27.38791211062321,0.9729672233507292,1.3232125867969036,0.6086840160021526,-0.714528570794751,0.714528570794751,0.3898591844211289,0.2341190153174431,11.883416673081037,12.514217580787784,0.6308009077067478,0.6308009077067478,0.961256,0.96912,0.007863999999999982,0.007863999999999982,0.55098,0.54556,-0.00541999999999998,0.00541999999999998,0.085936,0.081264,-0.004671999999999996,0.004671999999999996,0.1,0.096972,-0.003028000000000003,0.003028000000000003,0.05,0.046056,-0.003944000000000003,0.003944000000000003,0.01,0.006632,-0.0033680000000000003,0.0033680000000000003,cnn_s147_speed_p160_x0_y0,26.585106339400784,5.6108717918396,0.5637546278669702
cnn,148,30.714373346521246,-19.72623330459347,278.06206180891496,484.4206929083439,28.61916330722598,0.9102494773440951,1.3393172693316115,0.5566490890353444,-0.7826681802962672,0.7826681802962672,0.3939411366462624,0.23488060498529167,12.101998708899359,14.020362142638428,1.918363433739069,1.918363433739069,0.947336,0.952284,0.0049480000000000635,0.0049480000000000635,0.4896,0.487948,-0.0016519999999999868,0.0016519999999999868,0.075684,0.07038,-0.005304000000000003,0.005304000000000003,0.1,0.09222,-0.007780000000000009,0.007780000000000009,0.05,0.045016,-0.004984000000000002,0.004984000000000002,0.01,0.008884,-0.0011160000000000007,0.0011160000000000007,cnn_s148_speed_p160_x0_y0,26.258461074996504,5.0148024559021,0.5703917943792819
cnn,149,30.68732483906053,-11.53499362203137,253.54290912424207,442.88607544095254,24.807479157998742,0.8136603864358263,1.4469407751289787,0.5320408981722392,-0.9148998769567395,0.9148998769567395,0.3889171297725192,0.22891798243065833,13.561027076938803,13.037199026658378,-0.5238280502804251,0.5238280502804251,0.931972,0.939484,0.007511999999999963,0.007511999999999963,0.428292,0.433844,0.005552000000000001,0.005552000000000001,0.06484,0.055604,-0.009235999999999994,0.009235999999999994,0.1,0.0926,-0.007400000000000004,0.007400000000000004,0.05,0.043812,-0.006188000000000006,0.006188000000000006,0.01,0.008132,-0.0018679999999999999,0.0018679999999999999,cnn_s149_speed_p160_x0_y0,25.194205211404583,5.752551078796387,0.565428168832672
cnn,150,30.74588633810058,-6.582386721131015,224.76102991831868,405.12777533799203,16.72529858744205,0.7324417970339292,1.3493192609857518,0.5215389452804997,-0.8277803157052521,0.8277803157052521,0.3641186131342485,0.20872905472758643,15.039116577648668,15.41254748664039,0.3734309089917218,0.3734309089917218,0.91332,0.921176,0.007855999999999974,0.007855999999999974,0.38242,0.38748,0.005060000000000009,0.005060000000000009,0.049216,0.046316,-0.0029,0.0029,0.1,0.093288,-0.00671200000000001,0.00671200000000001,0.05,0.046904,-0.0030960000000000015,0.0030960000000000015,0.01,0.0076,-0.0024000000000000002,0.0024000000000000002,cnn_s150_speed_p160_x0_y0,24.128591365700505,5.291886329650879,0.5963223415469098
cnn,151,31.12184929937538,-6.645163657175695,195.85760302918382,363.16241621546317,14.72081042315529,0.7459469768568617,1.247643194121899,0.5954078294066846,-0.6522353647152145,0.6522353647152145,0.3427027397790662,0.19300017924534343,16.698666518469402,16.218158297748435,-0.4805082207209672,0.4805082207209672,0.883036,0.887844,0.0048079999999999234,0.0048079999999999234,0.337924,0.336652,-0.0012719999999999954,0.0012719999999999954,0.042688,0.041092,-0.0015960000000000002,0.0015960000000000002,0.1,0.09672,-0.003280000000000005,0.003280000000000005,0.05,0.047528,-0.002472000000000002,0.002472000000000002,0.01,0.009416,-0.0005839999999999995,0.0005839999999999995,cnn_s151_speed_p160_x0_y0,24.240085612250784,5.580901145935059,0.5855530875218715
cnn,152,31.286692101332168,-0.35236129811138567,173.85530573219978,336.74540412714293,10.854014042029243,0.6138787022384156,1.1157336517809078,0.5696220403629192,-0.5461116114179886,0.5461116114179886,0.31787976819432584,0.16354539558752504,17.924525929358566,19.279766482148617,1.3552405527900504,1.3552405527900504,0.844668,0.84438,-0.00028799999999995496,0.00028799999999995496,0.301004,0.299808,-0.0011959999999999749,0.0011959999999999749,0.039396,0.036328,-0.0030680000000000013,0.0030680000000000013,0.1,0.097224,-0.0027760000000000007,0.0027760000000000007,0.05,0.047756,-0.002244000000000003,0.002244000000000003,0.01,0.010104,0.00010399999999999993,0.00010399999999999993,cnn_s152_speed_p160_x0_y0,24.594151699851988,5.931854248046875,0.5587602116200048
cnn,153,32.07864719700068,-1.1199203068264942,148.19408553244693,290.33184612594033,10.42333684863969,0.591043142218288,1.112625882683374,0.4702591178061439,-0.64236676487723,0.64236676487723,0.29897432208214125,0.16161185196583605,19.908852043905025,18.532045661075163,-1.3768063828298622,1.3768063828298622,0.812132,0.812588,0.00045600000000001195,0.00045600000000001195,0.2626,0.258152,-0.0044480000000000075,0.0044480000000000075,0.029608,0.029332,-0.00027599999999999847,0.00027599999999999847,0.1,0.100232,0.0002319999999999961,0.0002319999999999961,0.05,0.04746,-0.0025400000000000006,0.0025400000000000006,0.01,0.010084,8.3999999999999e-05,8.3999999999999e-05,cnn_s153_speed_p160_x0_y0,25.168802860244767,6.290019989013672,0.5279630845160836
cnn,154,31.990692631343173,-0.24311210431618663,126.7439595145466,274.69050320989044,13.489478276273552,0.5388032477291078,1.0294072084828771,0.48651903884112274,-0.5428881696417545,0.5428881696417545,0.2767778284281001,0.15447792060974702,22.8531611852017,23.561308383942443,0.7081471987407433,0.7081471987407433,0.78642,0.784316,-0.0021039999999999948,0.0021039999999999948,0.22532,0.222532,-0.002787999999999985,0.002787999999999985,0.019328,0.017768,-0.0015600000000000024,0.0015600000000000024,0.1,0.099092,-0.000908000000000006,0.000908000000000006,0.05,0.049584,-0.0004159999999999997,0.0004159999999999997,0.01,0.010164,0.00016399999999999922,0.00016399999999999922,cnn_s154_speed_p160_x0_y0,25.31020070022765,5.889771461486816,0.5329427789270674
cnn,155,32.32213611009903,-5.395389606457193,109.95913513800654,231.7313253042362,13.252429435323844,0.5695499802640991,1.0693874870555182,0.44632970382144266,-0.6230577832340756,0.6230577832340756,0.26403679550339065,0.15539061496975962,25.70772113487047,21.718478843257152,-3.9892422916133192,3.9892422916133192,0.758944,0.75762,-0.0013239999999999919,0.0013239999999999919,0.201936,0.193684,-0.00825200000000001,0.00825200000000001,0.014052,0.01238,-0.0016719999999999999,0.0016719999999999999,0.1,0.092912,-0.007088000000000011,0.007088000000000011,0.05,0.050176,0.0001759999999999956,0.0001759999999999956,0.01,0.009796,-0.00020400000000000106,0.00020400000000000106,cnn_s155_speed_p160_x0_y0,26.088776073112513,6.413660526275635,0.5265039927714664
cnn,156,32.533287551460546,-4.209866626884261,95.44313729979056,211.12884686080474,11.895012180970586,0.5508038598885684,1.1092661612777222,0.4426306217916913,-0.6666355394860308,0.6666355394860308,0.2489889061833296,0.1372846283380375,31.47260279133326,29.47031847548503,-2.002284315848229,2.002284315848229,0.725524,0.726968,0.0014440000000000008,0.0014440000000000008,0.163656,0.156884,-0.006772,0.006772,0.00916,0.008808,-0.0003519999999999999,0.0003519999999999999,0.1,0.093212,-0.006788000000000002,0.006788000000000002,0.05,0.047528,-0.002472000000000002,0.002472000000000002,0.01,0.009604,-0.0003960000000000005,0.0003960000000000005,cnn_s156_speed_p160_x0_y0,25.16401321091786,5.162914276123047,0.5436349109066684
cnn,157,32.53891769577143,-6.178724574226704,80.70151683097335,178.99417731635924,10.616077113134526,0.6373918955515979,1.1723457079199564,0.47575244435882436,-0.696593263561132,0.696593263561132,0.23891491601446327,0.13300424523882673,28.225352204481215,16.579314601604093,-11.646037602877122,11.646037602877122,0.693824,0.695572,0.0017479999999999718,0.0017479999999999718,0.135444,0.132272,-0.003172000000000008,0.003172000000000008,0.003936,0.003256,-0.00068,0.00068,0.1,0.092332,-0.007668000000000008,0.007668000000000008,0.05,0.047064,-0.002936000000000001,0.002936000000000001,0.01,0.007836,-0.002164000000000001,0.002164000000000001,cnn_s157_speed_p160_x0_y0,25.57399551509901,4.567626476287842,0.5529429148146708
cnn,158,33.372066344448385,-3.8866989592456203,56.28436598299092,141.4050821969919,5.339703011890651,0.6117294399759988,1.4081308883128203,0.5174382651539875,-0.8906926231588328,0.8906926231588328,0.21991730322441705,0.12856760402003783,28.941400594398615,18.96845293187981,-9.972947662518806,9.972947662518806,0.625248,0.627596,0.0023480000000000167,0.0023480000000000167,0.085524,0.08466,-0.0008640000000000037,0.0008640000000000037,0.001304,0.001064,-0.00023999999999999998,0.00023999999999999998,0.1,0.10022,0.00021999999999999797,0.00021999999999999797,0.05,0.049284,-0.0007160000000000014,0.0007160000000000014,0.01,0.008656,-0.0013439999999999997,0.0013439999999999997,cnn_s158_speed_p160_x0_y0,27.076784963721764,5.708489894866943,0.5773240081867328
cnn,159,35.08613823375421,-3.3377460510795984,45.41796338571042,151.28941500259555,5.115292787166937,0.5326711767976833,1.3703725917384304,0.5086758761911363,-0.8616967155472941,0.8616967155472941,0.1854227674877909,0.09764813724021094,38.73314854027398,27.858465920180187,-10.874682620093793,10.874682620093793,0.503464,0.502776,-0.0006880000000000219,0.0006880000000000219,0.047484,0.04664,-0.0008439999999999975,0.0008439999999999975,0.001612,0.001288,-0.00032399999999999985,0.00032399999999999985,0.1,0.096784,-0.0032160000000000105,0.0032160000000000105,0.05,0.049316,-0.000684000000000004,0.000684000000000004,0.01,0.007632,-0.0023680000000000003,0.0023680000000000003,cnn_s159_speed_p160_x0_y0,24.310343375521082,5.012121677398682,0.6571971643379434
cnn,160,35.91024506652697,-2.227324052799934,43.364556462725346,166.66397053067047,4.521424494813457,0.4289864471926091,1.3179728803319062,0.5847443157748169,-0.7332285645570893,0.7332285645570893,0.16418721572489192,0.07099960330841062,50.63551046967133,33.52097867765411,-17.114531792017225,17.114531792017225,0.484428,0.485448,0.0010199999999999654,0.0010199999999999654,0.042084,0.043336,0.0012519999999999962,0.0012519999999999962,0.00206,0.002036,-2.400000000000015e-05,2.400000000000015e-05,0.1,0.096812,-0.0031880000000000103,0.0031880000000000103,0.05,0.051344,0.001343999999999998,0.001343999999999998,0.01,0.008928,-0.001072,0.001072,cnn_s160_speed_p160_x0_y0,21.188537318324133,5.1832075119018555,0.7024748389379696
cnn,161,35.54303597839574,0.5587839277429073,44.678383403814856,181.21236851741648,3.3126519820782723,0.4562164623507235,1.3727218389205744,0.7032389568689232,-0.6694828820516512,0.6694828820516512,0.15867084278691446,0.05982909659575302,55.660971424388514,32.638727254860406,-23.022244169528108,23.022244169528108,0.480128,0.479772,-0.00035600000000002296,0.00035600000000002296,0.026672,0.027364,0.0006919999999999982,0.0006919999999999982,0.002708,0.002536,-0.00017199999999999984,0.00017199999999999984,0.1,0.097216,-0.0027840000000000087,0.0027840000000000087,0.05,0.052108,0.0021079999999999988,0.0021079999999999988,0.01,0.010408,0.0004080000000000004,0.0004080000000000004,cnn_s161_speed_p160_x0_y0,19.540402210515502,5.7158894538879395,0.7090164600986579
cnn,162,35.40500303867963,3.9051628294726406,50.01418117381462,206.00998592611776,5.9008928050364835,0.4566119908055387,1.4329605993259091,0.9551922270975699,-0.47776837222833923,0.47776837222833923,0.16125717198332556,0.05276201384575223,52.366359397861004,31.38141418517237,-20.984945212688633,20.984945212688633,0.484748,0.490616,0.005867999999999984,0.005867999999999984,0.022736,0.02436,0.0016240000000000004,0.0016240000000000004,0.003616,0.003932,0.0003159999999999999,0.0003159999999999999,0.1,0.098996,-0.0010040000000000049,0.0010040000000000049,0.05,0.053768,0.0037680000000000005,0.0037680000000000005,0.01,0.010876,0.000876,0.000876,cnn_s162_speed_p160_x0_y0,18.27105324592802,4.5405659675598145,0.6985922071566627
cnn,163,35.18072388452914,2.761990297121401,57.36510510860511,247.1828975804393,7.343815483158905,0.5010522428857461,1.5957931398354737,1.2158609436276158,-0.3799321962078579,0.3799321962078579,0.17061587974814268,0.05263846769230294,54.462968667493314,32.391911594679605,-22.07105707281371,22.07105707281371,0.499848,0.504328,0.004479999999999984,0.004479999999999984,0.025516,0.027864,0.0023479999999999994,0.0023479999999999994,0.006552,0.006088,-0.000464,0.000464,0.1,0.096876,-0.0031240000000000018,0.0031240000000000018,0.05,0.048716,-0.0012840000000000004,0.0012840000000000004,0.01,0.009108,-0.0008920000000000004,0.0008920000000000004,cnn_s163_speed_p160_x0_y0,19.37037318892002,5.698920726776123,0.6892478867564864
cnn,164,35.12338331276115,-0.6584956138879255,63.43979680784654,246.95468875259152,4.314814754959671,0.5910272277777067,1.8539996706150634,1.345895152390987,-0.5081045182240764,0.5081045182240764,0.1859795660054321,0.0688351097391063,56.35284691321084,30.843346961627873,-25.509499951582967,25.509499951582967,0.546092,0.549964,0.0038719999999999866,0.0038719999999999866,0.030024,0.031264,0.0012400000000000015,0.0012400000000000015,0.006916,0.006268,-0.0006480000000000001,0.0006480000000000001,0.1,0.099796,-0.00020400000000000973,0.00020400000000000973,0.05,0.050636,0.0006359999999999977,0.0006359999999999977,0.01,0.00896,-0.001040000000000001,0.001040000000000001,cnn_s164_speed_p160_x0_y0,21.46365087746109,5.2430009841918945,0.6719034405721264
cnn,165,34.195502061434574,0.46577856475601853,93.4022271523011,341.2784302410782,6.2464805919556525,0.5960668853357936,2.179563193699524,1.4243233256217025,-0.7552398680778214,0.7552398680778214,0.22747787683009382,0.08453751817334947,44.31106871751048,28.66224062623278,-15.6488280912777,15.6488280912777,0.606012,0.60826,0.0022480000000000278,0.0022480000000000278,0.045052,0.046116,0.0010639999999999955,0.0010639999999999955,0.010728,0.010336,-0.000392,0.000392,0.1,0.09858,-0.0014200000000000046,0.0014200000000000046,0.05,0.051028,0.0010279999999999942,0.0010279999999999942,0.01,0.009624,-0.0003759999999999996,0.0003759999999999996,cnn_s165_speed_p160_x0_y0,22.937888715207535,5.059387683868408,0.6542389158273471
cnn,166,32.869757587353675,6.845188741293607,126.97804322505503,437.39501461476766,14.297900403009768,0.546620962822633,2.425537144839458,1.4802339124418062,-0.9453032323976518,0.9453032323976518,0.2541950567379648,0.09196574756183978,34.1039286747155,31.923390629986443,-2.1805380447290545,2.1805380447290545,0.707184,0.708352,0.0011679999999999469,0.0011679999999999469,0.076156,0.080416,0.00426,0.00426,0.017036,0.015764,-0.0012719999999999988,0.0012719999999999988,0.1,0.102584,0.002583999999999989,0.002583999999999989,0.05,0.053408,0.0034079999999999944,0.0034079999999999944,0.01,0.009576,-0.00042400000000000077,0.00042400000000000077,cnn_s166_speed_p160_x0_y0,23.890736675966988,6.106489181518555,0.6234982769051846
cnn,167,32.66787437643206,11.500910448614894,164.76624182919872,542.9423884413033,16.405132707482025,0.4631604948391839,2.4054056954944625,1.4000016924164398,-1.0054040030780227,1.0054040030780227,0.2772178425659503,0.0780616324013773,31.404058725117963,26.555034385590506,-4.849024339527457,4.849024339527457,0.751572,0.747848,-0.0037240000000000606,0.0037240000000000606,0.1045,0.107348,0.0028480000000000033,0.0028480000000000033,0.021432,0.020896,-0.0005359999999999983,0.0005359999999999983,0.1,0.10292,0.002919999999999992,0.002919999999999992,0.05,0.054964,0.004963999999999996,0.004963999999999996,0.01,0.010084,8.3999999999999e-05,8.3999999999999e-05,cnn_s167_speed_p160_x0_y0,23.479887971191566,5.800627708435059,0.6191131216917948
gan,0,30.56886683196192,-23.929900432316913,232.8712609066182,635.3590529294918,33.49329048225263,0.5591371070775545,2.6422928096341036,0.9455573497608243,-1.6967354598732793,1.6967354598732793,0.3674814157891237,0.06734089176309455,22.02973963265129,19.393805015485786,-2.6359346171655034,2.6359346171655034,0.606616,0.601536,-0.0050800000000000844,0.0050800000000000844,0.220788,0.226096,0.005307999999999979,0.005307999999999979,0.036864,0.032092,-0.0047719999999999985,0.0047719999999999985,0.1,0.090416,-0.00958400000000001,0.00958400000000001,0.05,0.043952,-0.006048000000000005,0.006048000000000005,0.01,0.00846,-0.0015399999999999997,0.0015399999999999997,gan_s0_speed_p160_x0_y0,22.540541801445254,9.748218536376953,0.5456965092487519
gan,1,30.732489092006617,-30.235911695222605,263.18362877473606,728.2230661646629,38.417057420888895,0.5773172237469754,2.7129186069163524,0.9287152281220007,-1.7842033787943516,1.7842033787943516,0.3811750065568441,0.06529310671377664,21.59752764304492,19.32146362866992,-2.276064014374999,2.276064014374999,0.630292,0.624124,-0.006167999999999951,0.006167999999999951,0.2575,0.257124,-0.00037599999999998746,0.00037599999999998746,0.046844,0.040604,-0.0062399999999999956,0.0062399999999999956,0.1,0.090084,-0.009916000000000008,0.009916000000000008,0.05,0.043316,-0.0066840000000000024,0.0066840000000000024,0.01,0.008416,-0.0015840000000000003,0.0015840000000000003,gan_s1_speed_p160_x0_y0,22.38874396250744,11.978342056274414,0.5437495540541167
gan,2,30.618027514294244,-43.28645877798159,286.5523436257065,747.5867387535233,49.493286268792005,0.5980671879874826,2.7598653808089275,0.9513223957268503,-1.8085429850820773,1.8085429850820773,0.3867739779970362,0.0710205696522468,20.27101350618725,16.254564916655195,-4.016448589532054,4.016448589532054,0.659104,0.653152,-0.005952000000000068,0.005952000000000068,0.29094,0.289904,-0.0010359999999999814,0.0010359999999999814,0.058684,0.050392,-0.008292,0.008292,0.1,0.088636,-0.011363999999999999,0.011363999999999999,0.05,0.042572,-0.007428000000000004,0.007428000000000004,0.01,0.007756,-0.0022440000000000003,0.0022440000000000003,gan_s2_speed_p160_x0_y0,22.958727889587305,8.343221664428711,0.5579721168352849
gan,3,30.614279698242964,-48.93606897109874,324.32988176693783,848.3126493226509,58.444802018615,0.6146002659840847,2.8148813567348094,0.9450694598696863,-1.8698118968651232,1.8698118968651232,0.3989180145547985,0.06886266396582046,20.3035498291027,18.17857338263113,-2.124976446471571,2.124976446471571,0.6922,0.687324,-0.0048759999999999915,0.0048759999999999915,0.323652,0.3227,-0.0009520000000000084,0.0009520000000000084,0.071708,0.062864,-0.00884399999999999,0.00884399999999999,0.1,0.090072,-0.009928000000000006,0.009928000000000006,0.05,0.042536,-0.007464000000000005,0.007464000000000005,0.01,0.00768,-0.00232,0.00232,gan_s3_speed_p160_x0_y0,23.395576173496664,9.753995895385742,0.5553843797958297
gan,4,30.173903705147463,-56.26445677817653,346.14502480255044,861.0364561856394,61.96990299695135,0.6312109785871217,2.7681666845347146,0.9209067035431429,-1.8472599809915717,1.8472599809915717,0.41031573627191736,0.07460440784103267,19.823823685874085,15.948239506794073,-3.875584179080013,3.875584179080013,0.735992,0.7266,-0.009391999999999956,0.009391999999999956,0.362432,0.358,-0.0044319999999999915,0.0044319999999999915,0.08138,0.072768,-0.008611999999999995,0.008611999999999995,0.1,0.08944,-0.01056,0.01056,0.05,0.042728,-0.007272000000000001,0.007272000000000001,0.01,0.008088,-0.0019120000000000005,0.0019120000000000005,gan_s4_speed_p160_x0_y0,22.91065989660919,8.064751625061035,0.5388053666231073
gan,5,30.30462547846664,-56.37363310167396,357.4089246474877,842.2411274859652,58.58750500476885,0.6249307968423689,2.752955266017228,0.8955225774222799,-1.857432688594948,1.857432688594948,0.4148898891982404,0.07866338792677946,19.919202973031233,15.342158152052637,-4.577044820978596,4.577044820978596,0.790428,0.780516,-0.009912000000000032,0.009912000000000032,0.398252,0.397448,-0.0008039999999999714,0.0008039999999999714,0.087164,0.077312,-0.009852,0.009852,0.1,0.08958,-0.010419999999999999,0.010419999999999999,0.05,0.041492,-0.008508000000000002,0.008508000000000002,0.01,0.007424,-0.002576,0.002576,gan_s5_speed_p160_x0_y0,22.503507148952195,6.406379699707031,0.5063255174707905
gan,6,30.267567264037826,-52.468732234176585,367.99679737620306,833.148606472782,54.64918118897073,0.6341319725591277,2.708055286320496,0.9265386341912663,-1.7815166521292298,1.7815166521292298,0.416806374265241,0.06722489976624592,19.21963214301053,14.166224075789392,-5.053408067221136,5.053408067221136,0.829016,0.817692,-0.011324,0.011324,0.434664,0.434776,0.00011200000000000099,0.00011200000000000099,0.090252,0.08246,-0.007791999999999993,0.007791999999999993,0.1,0.091512,-0.00848800000000001,0.00848800000000001,0.05,0.040808,-0.009192000000000006,0.009192000000000006,0.01,0.006944,-0.0030560000000000006,0.0030560000000000006,gan_s6_speed_p160_x0_y0,24.045087776300683,6.0106329917907715,0.5151812289202357
gan,7,30.00528812655387,-52.68439176781751,362.09628774014067,790.9926744038224,63.22167358250804,0.6541259987583254,2.6863219912181293,0.893862588032401,-1.7924594031857284,1.7924594031857284,0.4095720239951377,0.07129465895060019,19.40674891989679,14.902799037672715,-4.503949882224074,4.503949882224074,0.86922,0.8627,-0.00651999999999997,0.00651999999999997,0.460136,0.465056,0.0049200000000000355,0.0049200000000000355,0.095252,0.085104,-0.010148000000000004,0.010148000000000004,0.1,0.08984,-0.010160000000000002,0.010160000000000002,0.05,0.041128,-0.008872000000000005,0.008872000000000005,0.01,0.006388,-0.0036120000000000006,0.0036120000000000006,gan_s7_speed_p160_x0_y0,22.553824952557566,7.113770008087158,0.48029690406913494
gan,8,30.40523844100236,-48.610859797738236,349.530122594766,736.3017482962775,58.0041568976074,0.67391478655319,2.681394427062346,0.8677584451106114,-1.8136359819517347,1.8136359819517347,0.4007881598446069,0.07466408814876796,19.72492902925247,14.763146254334902,-4.961782774917566,4.961782774917566,0.900284,0.893912,-0.006371999999999933,0.006371999999999933,0.493224,0.49696,0.003736000000000017,0.003736000000000017,0.099704,0.088316,-0.011387999999999995,0.011387999999999995,0.1,0.088588,-0.011412000000000005,0.011412000000000005,0.05,0.040168,-0.009832,0.009832,0.01,0.006908,-0.003092,0.003092,gan_s8_speed_p160_x0_y0,23.282081530392528,6.055016040802002,0.4823232134970159
gan,9,30.265537172001572,-33.56576704341278,344.42788096174087,679.1343220547698,40.02471878068424,0.6767633293744656,2.6240306047279827,0.8778146884782235,-1.746215916249759,1.746215916249759,0.39398853464369327,0.052094475952956285,18.89682228236527,14.448142261598946,-4.448680020766325,4.448680020766325,0.92978,0.927084,-0.0026960000000000317,0.0026960000000000317,0.53286,0.533196,0.00033600000000000296,0.00033600000000000296,0.107044,0.099,-0.008043999999999996,0.008043999999999996,0.1,0.09034,-0.009660000000000002,0.009660000000000002,0.05,0.041832,-0.008168000000000002,0.008168000000000002,0.01,0.006596,-0.003404,0.003404,gan_s9_speed_p160_x0_y0,23.481609150211327,6.291722297668457,0.4794547186498735
gan,10,30.53056327000849,-25.020247888013085,342.4962762984713,646.862797917265,38.03373442562223,0.6567610312860674,2.5408636514117626,0.8666056148289828,-1.67425803658278,1.67425803658278,0.39237525682574886,0.04090252157971389,19.156872458932394,14.96619949441831,-4.190672964514084,4.190672964514084,0.945176,0.946504,0.0013279999999999959,0.0013279999999999959,0.556484,0.558532,0.0020480000000000498,0.0020480000000000498,0.116736,0.109584,-0.007152000000000006,0.007152000000000006,0.1,0.093188,-0.0068120000000000125,0.0068120000000000125,0.05,0.041624,-0.008376000000000001,0.008376000000000001,0.01,0.006368,-0.003632,0.003632,gan_s10_speed_p160_x0_y0,24.710016041893063,7.423793315887451,0.48704260594469306
gan,11,30.248659281772067,-11.113953090561832,344.3242148440382,622.9386690756429,32.83493861208658,0.6331178339361175,2.352269965977851,0.8508015714435008,-1.5014683945343505,1.5014683945343505,0.39941387185061805,0.033568091611494814,18.284984904522606,15.343554438988825,-2.941430465533781,2.941430465533781,0.946068,0.948544,0.0024760000000000337,0.0024760000000000337,0.582608,0.586068,0.0034600000000000186,0.0034600000000000186,0.132712,0.129652,-0.003060000000000007,0.003060000000000007,0.1,0.094464,-0.005535999999999999,0.005535999999999999,0.05,0.043824,-0.006176000000000001,0.006176000000000001,0.01,0.006144,-0.003856,0.003856,gan_s11_speed_p160_x0_y0,24.969867761946066,7.831723690032959,0.4423450038723768
gan,12,29.722956551464673,-6.476021247703606,339.54737388718826,589.640514041184,30.83364433689082,0.6403149726723225,2.2636711597595545,0.8285252155236973,-1.4351459442358572,1.4351459442358572,0.3986705431741365,0.038296960361608644,17.398512855685922,16.155804877879827,-1.242707977806095,1.242707977806095,0.928128,0.933024,0.0048960000000000115,0.0048960000000000115,0.61038,0.616136,0.005755999999999983,0.005755999999999983,0.156016,0.152932,-0.0030839999999999756,0.0030839999999999756,0.1,0.095636,-0.004364000000000007,0.004364000000000007,0.05,0.045256,-0.004744000000000005,0.004744000000000005,0.01,0.007508,-0.0024920000000000003,0.0024920000000000003,gan_s12_speed_p160_x0_y0,24.220613253945245,5.913707256317139,0.48221312968176655
gan,13,28.50381061763696,-1.6425917520417157,341.7775550574463,568.9208296263631,35.50590166924508,0.6905564062046129,2.2584046099765724,0.8239165386961693,-1.4344880712804031,1.4344880712804031,0.39845126043163803,0.03769103503194276,16.310437927162244,15.369356035180097,-0.9410818919821473,0.9410818919821473,0.911432,0.91904,0.007607999999999948,0.007607999999999948,0.639384,0.647928,0.008543999999999996,0.008543999999999996,0.18406,0.180132,-0.003928000000000015,0.003928000000000015,0.1,0.096216,-0.0037840000000000096,0.0037840000000000096,0.05,0.045428,-0.004572,0.004572,0.01,0.009348,-0.0006519999999999998,0.0006519999999999998,gan_s13_speed_p160_x0_y0,24.323688014436637,7.402252674102783,0.4660629232215931
gan,14,28.91008772635589,-11.407172332393078,328.82917456197185,532.7675931971912,41.5881124956572,0.7344550112840007,2.2153010832986104,0.7944293297689748,-1.4208717535296356,1.4208717535296356,0.3844604159070821,0.0408457193705617,16.013966649561837,15.37426012669213,-0.639706522869707,0.639706522869707,0.890516,0.900416,0.00990000000000002,0.00990000000000002,0.624644,0.632332,0.007688000000000028,0.007688000000000028,0.217792,0.213152,-0.004640000000000005,0.004640000000000005,0.1,0.09622,-0.0037800000000000056,0.0037800000000000056,0.05,0.04704,-0.0029600000000000043,0.0029600000000000043,0.01,0.005416,-0.004584,0.004584,gan_s14_speed_p160_x0_y0,21.511818920550414,5.877835750579834,0.47810267568438236
gan,15,29.589560869451915,-1.9455299544149462,304.65506580452814,507.78216570188715,31.728672924292766,0.7300285838759425,2.088418536738446,0.7013407537004672,-1.3870777830379788,1.3870777830379788,0.3563680676205963,0.03752681677885519,15.547032246864896,17.612482220434195,2.065449973569299,2.065449973569299,0.856176,0.867924,0.01174799999999998,0.01174799999999998,0.585716,0.5913,0.005584000000000033,0.005584000000000033,0.241248,0.240248,-0.0010000000000000009,0.0010000000000000009,0.1,0.099456,-0.0005440000000000028,0.0005440000000000028,0.05,0.048888,-0.0011120000000000019,0.0011120000000000019,0.01,0.005824,-0.004176,0.004176,gan_s15_speed_p160_x0_y0,19.148010639364745,5.86716890335083,0.4846016668846546
gan,16,30.377376020687414,-8.80870968223194,294.94634611176224,495.50522370170654,42.68351912343216,0.7117325701226265,1.921716330194096,0.6804665590056422,-1.2412497711884538,1.2412497711884538,0.3328234712699934,0.043829317169734164,17.77867267231509,17.027577905974084,-0.751094766341005,0.751094766341005,0.838356,0.84754,0.00918399999999997,0.00918399999999997,0.549872,0.556272,0.006399999999999961,0.006399999999999961,0.266504,0.264748,-0.0017560000000000353,0.0017560000000000353,0.1,0.097364,-0.0026359999999999995,0.0026359999999999995,0.05,0.04634,-0.0036600000000000035,0.0036600000000000035,0.01,0.005228,-0.004772,0.004772,gan_s16_speed_p160_x0_y0,17.324485324726012,5.255205154418945,0.5087198079806535
gan,17,30.553361435697887,-0.8645196197459013,290.87612744671685,517.6422465654327,46.01329970075698,0.6988535533844354,1.695904487052876,0.6397078965527205,-1.0561965905001556,1.0561965905001556,0.3172274667764091,0.04104915362087915,18.110533198112872,16.602822554571716,-1.5077106435411558,1.5077106435411558,0.82844,0.836908,0.008468000000000031,0.008468000000000031,0.52062,0.532436,0.011816000000000049,0.011816000000000049,0.291112,0.292384,0.0012719999999999954,0.0012719999999999954,0.1,0.098448,-0.0015520000000000117,0.0015520000000000117,0.05,0.047856,-0.002144,0.002144,0.01,0.005152,-0.004848,0.004848,gan_s17_speed_p160_x0_y0,17.11808749868573,4.8487091064453125,0.46196998789599425
gan,18,30.733400245915007,-5.544418250693469,313.15130041099235,582.8653942256348,65.67995680371621,0.6775719478905032,1.562141682604286,0.5960850256885037,-0.9660566569157822,0.9660566569157822,0.3165743263905281,0.042916664094392085,22.33240868259696,18.84689764775695,-3.485511034840009,3.485511034840009,0.831792,0.840656,0.008863999999999983,0.008863999999999983,0.504612,0.516528,0.011916000000000038,0.011916000000000038,0.311664,0.3137,0.0020359999999999823,0.0020359999999999823,0.1,0.09406,-0.005940000000000001,0.005940000000000001,0.05,0.043396,-0.006604000000000006,0.006604000000000006,0.01,0.004692,-0.005308,0.005308,gan_s18_speed_p160_x0_y0,18.610240875886223,5.554356575012207,0.4465351622099443
gan,19,30.477536378126278,-10.956527435489065,344.8814018788616,638.1688959582383,81.0658039356618,0.6605636616364582,1.440161293750411,0.6198703527703542,-0.8202909409800567,0.8202909409800567,0.32931837447414236,0.05174440757187934,24.520500488515108,22.419196940625895,-2.101303547889213,2.101303547889213,0.844788,0.852612,0.007824000000000053,0.007824000000000053,0.500632,0.521112,0.020480000000000054,0.020480000000000054,0.324748,0.325492,0.0007440000000000224,0.0007440000000000224,0.1,0.089952,-0.010048000000000001,0.010048000000000001,0.05,0.043068,-0.006932000000000001,0.006932000000000001,0.01,0.004772,-0.005228,0.005228,gan_s19_speed_p160_x0_y0,19.086676411603058,5.44291353225708,0.45113522198659395
gan,20,30.512606484041328,3.7739051752067962,352.53327303740656,632.2556588052389,93.27967682393408,0.585752528802811,1.2958909957741336,0.4981326831011508,-0.7977583126729828,0.7977583126729828,0.33720944457872776,0.04174432539559679,22.668517047982977,24.50251149486889,1.8339944468859137,1.8339944468859137,0.85964,0.866696,0.007056000000000062,0.007056000000000062,0.500952,0.529924,0.028971999999999998,0.028971999999999998,0.328004,0.331116,0.0031120000000000037,0.0031120000000000037,0.1,0.08938,-0.010620000000000004,0.010620000000000004,0.05,0.038472,-0.011528000000000004,0.011528000000000004,0.01,0.005448,-0.0045520000000000005,0.0045520000000000005,gan_s20_speed_p160_x0_y0,18.266315468004898,5.689126491546631,0.4422356645542805
gan,21,30.797171403787395,32.26244287368396,386.09542549968364,678.7428940361971,107.9675917532783,0.4855254241062978,1.288525422029245,0.4880071556366948,-0.8005182663925503,0.8005182663925503,0.37700528179086124,0.02779727368721686,16.844721925372745,14.737187650035892,-2.107534275336853,2.107534275336853,0.874236,0.886212,0.011975999999999987,0.011975999999999987,0.50246,0.542292,0.03983199999999998,0.03983199999999998,0.326276,0.33458,0.008303999999999978,0.008303999999999978,0.1,0.09134,-0.008660000000000001,0.008660000000000001,0.05,0.039876,-0.010124000000000001,0.010124000000000001,0.01,0.005772,-0.004228,0.004228,gan_s21_speed_p160_x0_y0,21.732522780594586,10.817054748535156,0.4333189884061887
gan,22,30.75229680635948,52.11074286204567,434.02949198397766,740.2882196144933,131.09748611206084,0.479736147477635,1.2336671041332852,0.4999459106330305,-0.7337211935002547,0.7337211935002547,0.41183882464056093,0.05208217291134456,19.014271446321313,17.771085404995592,-1.2431860413257212,1.2431860413257212,0.900088,0.91462,0.01453199999999999,0.01453199999999999,0.56674,0.611612,0.04487200000000002,0.04487200000000002,0.32034,0.329092,0.008751999999999982,0.008751999999999982,0.099996,0.089652,-0.010344000000000006,0.010344000000000006,0.05,0.037764,-0.012236000000000004,0.012236000000000004,0.01,0.006192,-0.0038080000000000006,0.0038080000000000006,gan_s22_speed_p160_x0_y0,26.801086541907566,8.346701622009277,0.4511494111945868
gan,23,30.98147962246174,71.17393561459355,493.2654263617447,883.7276094346952,149.81324314821927,0.5771022989748952,1.1223641828071955,0.5281808169943981,-0.5941833658127974,0.5941833658127974,0.4295270405290464,0.07489826497494298,25.370992439670133,26.876079614163878,1.5050871744937453,1.5050871744937453,0.934368,0.946392,0.012024000000000035,0.012024000000000035,0.633184,0.684128,0.05094399999999999,0.05094399999999999,0.317004,0.32764,0.010635999999999979,0.010635999999999979,0.1,0.092368,-0.007632,0.007632,0.05,0.036964,-0.013036000000000006,0.013036000000000006,0.01,0.006744,-0.003256,0.003256,gan_s23_speed_p160_x0_y0,29.144574221491347,8.497876167297363,0.48482872856472087
gan,24,30.94700665053756,123.00276995701876,547.5376378463448,1074.4995649830637,182.65422743876326,0.6518654172258839,1.1875932121255863,0.6417051300278677,-0.5458880820977187,0.5458880820977187,0.44844493368494426,0.08119349090870842,28.658118112788006,36.548994919790275,7.890876807002268,7.890876807002268,0.95646,0.964924,0.008464000000000027,0.008464000000000027,0.672988,0.722408,0.04942000000000002,0.04942000000000002,0.31482,0.331516,0.01669599999999999,0.01669599999999999,0.1,0.093744,-0.0062560000000000116,0.0062560000000000116,0.05,0.041596,-0.008404000000000002,0.008404000000000002,0.01,0.006332,-0.0036680000000000003,0.0036680000000000003,gan_s24_speed_p160_x0_y0,29.65320138308241,12.067601203918457,0.48378001940011806
gan,25,30.997709699649167,131.28218910862822,599.7379526420689,1161.5442663567658,213.4840346623927,0.6665166362718813,1.302439309306081,0.7606043494590421,-0.541834959847039,0.541834959847039,0.4804834029442555,0.08748808080865918,29.87729426144925,29.60131610752585,-0.2759781539234005,0.2759781539234005,0.966664,0.975352,0.008688000000000029,0.008688000000000029,0.69522,0.751524,0.05630400000000002,0.05630400000000002,0.297728,0.320264,0.022536,0.022536,0.1,0.09462,-0.00538000000000001,0.00538000000000001,0.05,0.036812,-0.013188000000000005,0.013188000000000005,0.01,0.0052,-0.0048000000000000004,0.0048000000000000004,gan_s25_speed_p160_x0_y0,30.123491475362258,10.501462936401367,0.4964243047923469
gan,26,31.11826647666898,175.58966082269967,653.3945994431069,1314.0680365164321,218.29982860885997,0.6114454373128934,1.36343181145653,0.8879140832826199,-0.47551772817391014,0.47551772817391014,0.5138514016048136,0.0739155580570056,30.074899373935402,30.41007589698642,0.3351765230510182,0.3351765230510182,0.973664,0.981456,0.007792000000000021,0.007792000000000021,0.694832,0.750884,0.05605199999999999,0.05605199999999999,0.281388,0.308012,0.02662399999999998,0.02662399999999998,0.1,0.100784,0.000783999999999993,0.000783999999999993,0.05,0.04378,-0.006220000000000003,0.006220000000000003,0.01,0.00734,-0.00266,0.00266,gan_s26_speed_p160_x0_y0,30.779316467464,11.28821849822998,0.5013575155303449
gan,27,31.004774013425244,213.15159325649478,687.0940395503727,1542.905918617315,223.99028597081013,0.5527756599668898,1.4301850683749284,0.8733196753118538,-0.5568653930630746,0.5568653930630746,0.52770402576532,0.07057901993491253,30.553059026435648,37.2676971216329,6.714638095197252,6.714638095197252,0.973756,0.981868,0.008112000000000008,0.008112000000000008,0.6991,0.753976,0.054875999999999925,0.054875999999999925,0.259612,0.2864,0.02678799999999998,0.02678799999999998,0.1,0.103928,0.003928000000000001,0.003928000000000001,0.05,0.050996,0.0009959999999999969,0.0009959999999999969,0.01,0.0087,-0.0013000000000000008,0.0013000000000000008,gan_s27_speed_p160_x0_y0,30.945378681968467,19.968429565429688,0.5158597038414781
gan,28,30.823729610061473,224.4774401500267,657.1796061566475,1425.4205249874647,232.259690002735,0.49921239503251674,1.3816553585843958,0.8799457521075905,-0.5017096064768053,0.5017096064768053,0.5196574619775653,0.07122642479045521,31.30021162000042,32.41777704458106,1.1175654245806363,1.1175654245806363,0.975776,0.983648,0.00787199999999999,0.00787199999999999,0.6937,0.746288,0.05258799999999997,0.05258799999999997,0.251436,0.278748,0.027312000000000003,0.027312000000000003,0.1,0.106272,0.006272,0.006272,0.05,0.05302,0.003019999999999995,0.003019999999999995,0.01,0.008932,-0.0010679999999999995,0.0010679999999999995,gan_s28_speed_p160_x0_y0,30.74946233279523,14.947399139404297,0.49707468733515603
gan,29,30.970170120853133,258.47110725000226,648.439149960014,1495.057118542422,258.4715271865421,0.43052544565748946,1.458995885035728,0.959733797965786,-0.49926208706994213,0.49926208706994213,0.5177161419290496,0.07081863266124908,31.01819154924459,30.559644160979797,-0.4585473882647939,0.4585473882647939,0.974032,0.980484,0.006452000000000013,0.006452000000000013,0.702372,0.75706,0.05468799999999996,0.05468799999999996,0.247508,0.273348,0.025839999999999974,0.025839999999999974,0.1,0.121644,0.021643999999999997,0.021643999999999997,0.05,0.054616,0.004615999999999995,0.004615999999999995,0.01,0.012176,0.002175999999999999,0.002175999999999999,gan_s29_speed_p160_x0_y0,31.752977463202388,12.864243507385254,0.5242794320512635
gan,30,31.234617475323553,253.74754957774903,609.2346044293661,1521.714843614323,253.74761688415566,0.3893695848995645,1.5074900912917104,1.0819526644768105,-0.4255374268148999,0.4255374268148999,0.5036384560690615,0.054273704862435046,31.765399477195576,34.522133467340204,2.756733990144628,2.756733990144628,0.974988,0.980468,0.00548000000000004,0.00548000000000004,0.708288,0.762504,0.05421599999999993,0.05421599999999993,0.23394,0.26494,0.031,0.031,0.1,0.119808,0.019807999999999992,0.019807999999999992,0.05,0.058012,0.008011999999999998,0.008011999999999998,0.01,0.01318,0.0031800000000000005,0.0031800000000000005,gan_s30_speed_p160_x0_y0,30.82310921065586,14.847400665283203,0.5482640891858299
gan,31,31.254266946670207,248.59741345516338,552.2278636914317,1318.0910782213407,248.59741928613877,0.4303520102960272,1.5549593252563907,1.1100986026528743,-0.4448607226035164,0.4448607226035164,0.49124521467420523,0.06437751252530932,30.08197901220304,30.67596610980388,0.5939870976008415,0.5939870976008415,0.973648,0.979992,0.006344000000000016,0.006344000000000016,0.701956,0.753736,0.05177999999999994,0.05177999999999994,0.204312,0.248788,0.044476000000000016,0.044476000000000016,0.1,0.120948,0.020947999999999994,0.020947999999999994,0.05,0.065192,0.015191999999999997,0.015191999999999997,0.01,0.012792,0.0027919999999999993,0.0027919999999999993,gan_s31_speed_p160_x0_y0,31.3053599336416,16.23410415649414,0.560276398804242
gan,32,31.329788764503412,243.74542532023003,527.9534340681104,1325.6962716925323,243.7454334246474,0.4673002428402866,1.6310854899128304,1.1831793534481456,-0.4479061364646848,0.4479061364646848,0.48704535380406533,0.07613605298618978,29.079297963010763,33.518394680944525,4.4390967179337615,4.4390967179337615,0.9738,0.980556,0.006755999999999984,0.006755999999999984,0.69454,0.751148,0.05660799999999999,0.05660799999999999,0.196372,0.22874,0.03236800000000001,0.03236800000000001,0.1,0.12368,0.023679999999999993,0.023679999999999993,0.05,0.067804,0.017804,0.017804,0.01,0.014072,0.004071999999999999,0.004071999999999999,gan_s32_speed_p160_x0_y0,30.547158977309156,19.229158401489258,0.5668540061885483
gan,33,31.33543402332805,238.84470415197933,499.91072771643724,1305.5708100380843,238.84478860270244,0.5073020370980564,1.7707978373166178,1.249371260890039,-0.5214265764265789,0.5214265764265789,0.4643614594791311,0.07413455585086069,29.01807613165482,32.71442834615602,3.6963522145012,3.6963522145012,0.974272,0.981304,0.007031999999999927,0.007031999999999927,0.69958,0.757612,0.05803199999999997,0.05803199999999997,0.185896,0.21934,0.033444,0.033444,0.1,0.123804,0.023803999999999992,0.023803999999999992,0.05,0.070332,0.020332000000000003,0.020332000000000003,0.01,0.016284,0.006284,0.006284,gan_s33_speed_p160_x0_y0,30.400139282712473,20.00556755065918,0.577199397558745
gan,34,31.370556204226762,222.41493606806873,479.9809998607392,1263.77870563877,222.4149486600175,0.5305548480536366,1.9244758651555438,1.3171193606404472,-0.6073565045150966,0.6073565045150966,0.45985698873311476,0.0881316426055574,25.496765388692065,33.94152282722237,8.444757438530306,8.444757438530306,0.973012,0.98204,0.009028000000000036,0.009028000000000036,0.7057,0.750932,0.04523200000000005,0.04523200000000005,0.189488,0.2179,0.02841200000000002,0.02841200000000002,0.1,0.119388,0.01938799999999999,0.01938799999999999,0.05,0.066588,0.01658799999999999,0.01658799999999999,0.01,0.017716,0.007715999999999999,0.007715999999999999,gan_s34_speed_p160_x0_y0,28.907547601520903,19.445999145507812,0.567283482820683
gan,35,31.11427630511267,199.78814386131788,459.76373070908437,1044.0418570863724,199.78841511464245,0.5061641133876118,2.0763359441284757,1.3378258410969692,-0.7385101030315064,0.7385101030315064,0.4591003013746013,0.10093002044487101,23.441327740945063,25.405469068293623,1.9641413273485604,1.9641413273485604,0.967996,0.978848,0.010852000000000084,0.010852000000000084,0.692828,0.732492,0.03966400000000003,0.03966400000000003,0.211284,0.240804,0.02951999999999999,0.02951999999999999,0.1,0.121732,0.021732,0.021732,0.05,0.064336,0.014336000000000002,0.014336000000000002,0.01,0.017084,0.007083999999999998,0.007083999999999998,gan_s35_speed_p160_x0_y0,28.746843597068697,14.435929298400879,0.5686363295355614
gan,36,30.920168593145274,189.91860446050958,448.2927768360616,944.4325272002279,189.91861227347272,0.48471364480232904,2.0795000059272426,1.2829881343694278,-0.7965118715578148,0.7965118715578148,0.4625495330664306,0.10322502618983492,22.03669561786502,20.90743942142483,-1.129256196440192,1.129256196440192,0.961316,0.973468,0.012152000000000052,0.012152000000000052,0.676992,0.717748,0.040756000000000014,0.040756000000000014,0.23198,0.2596,0.027620000000000006,0.027620000000000006,0.1,0.118564,0.018563999999999997,0.018563999999999997,0.05,0.064124,0.014123999999999998,0.014123999999999998,0.01,0.016072,0.006071999999999999,0.006071999999999999,gan_s36_speed_p160_x0_y0,27.743736665197815,9.26945686340332,0.5702636980448849
gan,37,30.631649306952614,185.7255329861975,434.4685619297473,985.3873686911853,185.72564396595132,0.4216846079419272,2.047735180244732,1.3039018413163637,-0.7438333389283682,0.7438333389283682,0.45526888953830535,0.09289661410131235,20.065233888101808,22.0154191816271,1.9501852935252906,1.9501852935252906,0.951796,0.962976,0.011180000000000079,0.011180000000000079,0.654248,0.689632,0.03538399999999997,0.03538399999999997,0.26054,0.284392,0.023851999999999984,0.023851999999999984,0.1,0.123548,0.023548,0.023548,0.05,0.064876,0.014876,0.014876,0.01,0.017172,0.0071719999999999996,0.0071719999999999996,gan_s37_speed_p160_x0_y0,27.16364872656993,9.59257698059082,0.5818479003631635
gan,38,31.387301121757393,155.51815889299374,369.5253506943108,832.3491486444949,155.5217534050906,0.3818500161976566,2.0242978724154286,1.1188563154336155,-0.9054415569818131,0.9054415569818131,0.4104464196205163,0.08692384320098438,22.490222988512382,25.53715772671857,3.046934738206186,3.046934738206186,0.916812,0.932776,0.01596400000000009,0.01596400000000009,0.609116,0.650712,0.041595999999999966,0.041595999999999966,0.247008,0.261188,0.01417999999999997,0.01417999999999997,0.1,0.119804,0.01980399999999999,0.01980399999999999,0.05,0.067388,0.017388,0.017388,0.01,0.01402,0.004019999999999999,0.004019999999999999,gan_s38_speed_p160_x0_y0,23.780350003542182,7.416414260864258,0.5901956948788019
gan,39,31.874954417371846,132.34622574607297,307.5871143500582,706.6171430367378,132.35050917137366,0.3381169538494764,1.7151394146136625,0.9723589723561364,-0.742780442257526,0.742780442257526,0.35504806945011624,0.07049561467834876,27.644898158332012,31.872874279845828,4.227976121513816,4.227976121513816,0.863652,0.875988,0.012336000000000014,0.012336000000000014,0.569308,0.608924,0.039615999999999985,0.039615999999999985,0.212372,0.221172,0.008800000000000002,0.008800000000000002,0.1,0.10788,0.007879999999999998,0.007879999999999998,0.05,0.06552,0.015519999999999992,0.015519999999999992,0.01,0.014992,0.004992,0.004992,gan_s39_speed_p160_x0_y0,21.358097631209198,8.546488761901855,0.6094039385598059
gan,40,32.51709145248468,97.2384043203521,247.77532799375246,555.8071891932782,97.24838849613164,0.28015118005426387,1.4787296707502935,0.851087547780479,-0.6276421229698145,0.6276421229698145,0.312933705081202,0.06619039051815451,29.111897035942267,40.58280324355289,11.470906207610621,11.470906207610621,0.861448,0.870896,0.009448000000000012,0.009448000000000012,0.539008,0.575044,0.03603599999999996,0.03603599999999996,0.169432,0.174092,0.0046599999999999975,0.0046599999999999975,0.1,0.106196,0.006195999999999993,0.006195999999999993,0.05,0.058384,0.008383999999999996,0.008383999999999996,0.01,0.012584,0.0025839999999999995,0.0025839999999999995,gan_s40_speed_p160_x0_y0,20.447367624488226,8.988521575927734,0.6008494074226812
gan,41,32.55576131342773,75.61257727941201,212.33959662109726,425.5912929360322,75.69948331090328,0.2616259020678146,1.2233505675748284,0.816340605166429,-0.4070099624083994,0.4070099624083994,0.28274423716179187,0.05707292235963985,28.486557506560345,36.50794231366831,8.021384807107964,8.021384807107964,0.858532,0.862652,0.0041200000000000125,0.0041200000000000125,0.50586,0.532748,0.026888000000000023,0.026888000000000023,0.129784,0.137344,0.007559999999999983,0.007559999999999983,0.1,0.104732,0.004732,0.004732,0.05,0.055376,0.005375999999999999,0.005375999999999999,0.01,0.013848,0.003847999999999999,0.003847999999999999,gan_s41_speed_p160_x0_y0,17.452695580897316,8.901470184326172,0.575806342909904
gan,42,32.9842981314092,67.79983441676508,191.83675103799422,390.16806872751215,67.88764913034542,0.22324397284010764,0.9840029470990297,0.7398335950580347,-0.244169352040995,0.244169352040995,0.26497470675736257,0.04517035799623609,29.75698181012896,34.764739830223505,5.0077580200945455,5.0077580200945455,0.845884,0.851504,0.005620000000000069,0.005620000000000069,0.464704,0.49468,0.029976000000000003,0.029976000000000003,0.110212,0.113448,0.003235999999999989,0.003235999999999989,0.1,0.104252,0.004251999999999992,0.004251999999999992,0.05,0.055564,0.0055639999999999995,0.0055639999999999995,0.01,0.012044,0.002043999999999999,0.002043999999999999,gan_s42_speed_p160_x0_y0,14.632793364821667,7.383090972900391,0.5237622978006099
gan,43,32.849247881515296,64.22977553376664,179.45667814329857,366.2939931243155,64.34676784029098,0.20739789626749425,0.9371233583412069,0.7612996270180025,-0.1758237313232044,0.1758237313232044,0.2649037629615776,0.043420609650181234,32.816736536068696,33.62125512370957,0.8045185876408709,0.8045185876408709,0.821688,0.830348,0.008660000000000001,0.008660000000000001,0.432408,0.458952,0.026544000000000012,0.026544000000000012,0.095104,0.096008,0.000904000000000002,0.000904000000000002,0.1,0.100464,0.0004639999999999922,0.0004639999999999922,0.05,0.053696,0.003695999999999998,0.003695999999999998,0.01,0.01318,0.0031800000000000005,0.0031800000000000005,gan_s43_speed_p160_x0_y0,13.784137402758168,7.053122520446777,0.46285908938323445
gan,44,32.24624416721567,59.98019818383339,171.6467484040978,403.10638993876347,60.99604367065546,0.19396671449032934,0.9008753355404187,0.7845302907040153,-0.1163450448364034,0.1163450448364034,0.26484284145341397,0.0478189592914328,35.597979091113544,41.07843752832822,5.480458437214679,5.480458437214679,0.79656,0.806732,0.010171999999999959,0.010171999999999959,0.403556,0.420048,0.01649199999999995,0.01649199999999995,0.064832,0.072288,0.007456000000000004,0.007456000000000004,0.1,0.103024,0.003023999999999999,0.003023999999999999,0.05,0.059296,0.009295999999999999,0.009295999999999999,0.01,0.013256,0.003256,0.003256,gan_s44_speed_p160_x0_y0,13.855413188888303,7.041088581085205,0.38793381852887476
gan,45,31.29346884710588,70.2573602103917,181.6944046345763,439.22505232722693,70.48629345766241,0.28218935725800615,1.020788916991414,0.8657096056531957,-0.15507931133821828,0.15507931133821828,0.3134983589962997,0.053913321369812126,28.833496921868903,29.552375554074224,0.7188786322053211,0.7188786322053211,0.765232,0.785056,0.019823999999999953,0.019823999999999953,0.39386,0.410948,0.017087999999999992,0.017087999999999992,0.05044,0.059224,0.008784,0.008784,0.1,0.106816,0.006815999999999989,0.006815999999999989,0.05,0.058708,0.008708,0.008708,0.01,0.01564,0.005640000000000001,0.005640000000000001,gan_s45_speed_p160_x0_y0,13.609391097429418,6.773196697235107,0.3364160331480848
gan,46,30.54058406520525,81.55946878777816,205.42398779151955,462.12199591996784,81.60495944556658,0.324474888827923,1.2007285753106773,0.8736543038319757,-0.3270742714787016,0.3270742714787016,0.3494768754071843,0.07022802359129145,24.502927978627852,25.237352885014904,0.7344249063870514,0.7344249063870514,0.782556,0.799812,0.017255999999999938,0.017255999999999938,0.41326,0.435532,0.02227199999999996,0.02227199999999996,0.047772,0.053648,0.005875999999999999,0.005875999999999999,0.1,0.11338,0.013379999999999989,0.013379999999999989,0.05,0.058464,0.008464,0.008464,0.01,0.015508,0.005507999999999999,0.005507999999999999,gan_s46_speed_p160_x0_y0,16.27228595124608,6.650214672088623,0.33693808695324917
gan,47,30.416833211650466,84.29327711337316,206.54086937319875,494.32895071796327,84.36834808218376,0.3379268440269908,1.2596917643279093,0.8612476674086018,-0.3984440969193075,0.3984440969193075,0.34747573458150804,0.07097197963236714,24.150592053474924,22.58549625388472,-1.5650957995902033,1.5650957995902033,0.789616,0.803476,0.013859999999999983,0.013859999999999983,0.417872,0.434152,0.01627999999999996,0.01627999999999996,0.042404,0.048252,0.005848000000000006,0.005848000000000006,0.1,0.120012,0.020011999999999988,0.020011999999999988,0.05,0.05764,0.007639999999999994,0.007639999999999994,0.01,0.017908,0.007908,0.007908,gan_s47_speed_p160_x0_y0,13.108895112859523,7.498397350311279,0.3308093362400592
gan,48,30.026878695732123,80.94689544108722,196.0765279545683,478.9987321562433,81.2130872857619,0.33766192201168893,1.2687737908771686,0.8803865094124504,-0.3883872814647181,0.3883872814647181,0.3413861118039205,0.06484756317182425,23.037902715482684,23.868039484323386,0.8301367688407026,0.8301367688407026,0.78302,0.796884,0.013863999999999987,0.013863999999999987,0.394804,0.412744,0.01794000000000001,0.01794000000000001,0.03326,0.038692,0.005431999999999999,0.005431999999999999,0.1,0.11982,0.01981999999999999,0.01981999999999999,0.05,0.059028,0.009027999999999994,0.009027999999999994,0.01,0.017076,0.007076000000000001,0.007076000000000001,gan_s48_speed_p160_x0_y0,13.107025960847848,6.682991981506348,0.36815821567426904
gan,49,29.971253364739507,72.60144292687838,183.97644438008732,431.6010204103105,72.75099111450358,0.3442827196592752,1.2924078374666768,0.8820082800214202,-0.4103995574452566,0.4103995574452566,0.33613040316003145,0.0669937056994581,22.615851573923415,24.024681285499565,1.40882971157615,1.40882971157615,0.770844,0.788776,0.01793200000000006,0.01793200000000006,0.34972,0.371104,0.021384000000000014,0.021384000000000014,0.020384,0.026284,0.005899999999999999,0.005899999999999999,0.1,0.12608,0.026079999999999992,0.026079999999999992,0.05,0.059548,0.009547999999999994,0.009547999999999994,0.01,0.017148,0.007148,0.007148,gan_s49_speed_p160_x0_y0,13.662675111493924,7.889017105102539,0.3780922854134085
gan,50,29.86544616318644,62.0526990124357,164.67380335389498,366.4870351561325,62.063466279085475,0.3616267531721974,1.3487087613978361,0.889679345968801,-0.4590294154290351,0.4590294154290351,0.33595610263377074,0.07294068427095299,21.6405796621184,20.599218634152805,-1.0413610279655963,1.0413610279655963,0.758512,0.775432,0.016920000000000046,0.016920000000000046,0.29016,0.30662,0.01646000000000003,0.01646000000000003,0.007008,0.012548,0.00554,0.00554,0.1,0.128736,0.028735999999999984,0.028735999999999984,0.05,0.061012,0.011011999999999994,0.011011999999999994,0.01,0.016408,0.006407999999999999,0.006407999999999999,gan_s50_speed_p160_x0_y0,14.865452226211227,6.713321685791016,0.3957204490454885
gan,51,29.781031780439207,56.051618967412374,152.69112715115438,311.9276374149713,56.05180085449319,0.37529478648502484,1.356345715961108,0.8620787281423027,-0.4942669878188054,0.4942669878188054,0.3309820830646324,0.07176202034370155,19.79685707102444,17.49964422078016,-2.297212850244282,2.297212850244282,0.747644,0.763116,0.015472000000000041,0.015472000000000041,0.230452,0.248528,0.01807600000000001,0.01807600000000001,0.002328,0.005472,0.003144,0.003144,0.1,0.127632,0.02763199999999999,0.02763199999999999,0.05,0.060528,0.010527999999999996,0.010527999999999996,0.01,0.018208,0.008207999999999998,0.008207999999999998,gan_s51_speed_p160_x0_y0,16.03686368056312,7.996896266937256,0.447623542572994
gan,52,29.999403935310497,51.1903086077931,146.7738818744067,285.31394404368126,51.27100135955162,0.3774567534312796,1.3807288418811718,0.8850469755641244,-0.49568186631704747,0.49568186631704747,0.3307599920295719,0.0691489581337113,17.230958459135245,12.891711529866924,-4.33924692926832,4.33924692926832,0.734164,0.749008,0.014843999999999968,0.014843999999999968,0.175312,0.20332,0.028008000000000005,0.028008000000000005,0.000768,0.002636,0.0018679999999999999,0.0018679999999999999,0.1,0.126316,0.026316000000000006,0.026316000000000006,0.05,0.062296,0.012295999999999994,0.012295999999999994,0.01,0.0202,0.010199999999999999,0.010199999999999999,gan_s52_speed_p160_x0_y0,16.98731478928289,7.0050048828125,0.44841605132461654
gan,53,30.1715949200018,46.05504646730751,134.20382223665447,279.27313747788565,46.155964723741356,0.3768958501325225,1.4015540395722368,0.8720870584253717,-0.5294669811468651,0.5294669811468651,0.32292656588264834,0.04953733247099974,15.649433105046507,14.192576118368004,-1.4568569866785026,1.4568569866785026,0.71652,0.731968,0.015447999999999906,0.015447999999999906,0.139028,0.167852,0.02882399999999999,0.02882399999999999,0.000696,0.001876,0.00118,0.00118,0.1,0.123948,0.023947999999999997,0.023947999999999997,0.05,0.06518,0.015179999999999999,0.015179999999999999,0.01,0.019088,0.009088,0.009088,gan_s53_speed_p160_x0_y0,18.078201501754,7.919146537780762,0.4292371880271335
gan,54,30.26339554753549,43.02705086157362,129.83807157318313,279.0243570400071,43.035398248082295,0.4025931360391375,1.4231580494250449,0.8626556998660546,-0.5605023495589903,0.5605023495589903,0.32374778047453107,0.04519192154268008,15.68227149997276,14.967920408307283,-0.7143510916654776,0.7143510916654776,0.69838,0.712816,0.014436000000000004,0.014436000000000004,0.118428,0.148028,0.029599999999999987,0.029599999999999987,0.000848,0.00172,0.0008719999999999999,0.0008719999999999999,0.1,0.127736,0.027735999999999983,0.027735999999999983,0.05,0.06906,0.019059999999999994,0.019059999999999994,0.01,0.015308,0.005308,0.005308,gan_s54_speed_p160_x0_y0,18.305326668249773,9.581897735595703,0.46204183939497817
gan,55,29.931009585250738,42.68791330989622,130.97706345384552,298.13837911899185,42.76681335395773,0.39781613789183734,1.3938067774913179,0.8073331509421408,-0.5864736265491771,0.5864736265491771,0.3243348137711801,0.036676268520452894,16.01867727155572,16.38371009032158,0.365032818765858,0.365032818765858,0.674288,0.686848,0.012560000000000016,0.012560000000000016,0.110956,0.1387,0.02774399999999999,0.02774399999999999,0.001152,0.002788,0.001636,0.001636,0.1,0.127012,0.027012000000000008,0.027012000000000008,0.05,0.069676,0.019676,0.019676,0.01,0.016088,0.006088000000000001,0.006088000000000001,gan_s55_speed_p160_x0_y0,17.428151978200873,7.846588134765625,0.45229433753686626
gan,56,29.6283766092074,40.6409941906956,130.60547125788227,301.9471940438411,40.65106975902318,0.40719479962823085,1.4030071441121568,0.7595955889609918,-0.643411555151165,0.643411555151165,0.32714313079404006,0.03433142842898893,16.1257751842377,17.56295047313207,1.4371752888943696,1.4371752888943696,0.656012,0.663984,0.007971999999999979,0.007971999999999979,0.11208,0.135436,0.023356000000000002,0.023356000000000002,0.001368,0.00292,0.0015519999999999998,0.0015519999999999998,0.1,0.123272,0.023272,0.023272,0.05,0.065424,0.015423999999999993,0.015423999999999993,0.01,0.017028,0.007028000000000001,0.007028000000000001,gan_s56_speed_p160_x0_y0,17.584091876726443,7.826909065246582,0.460807966246565
gan,57,29.104545242708497,39.544572659485326,132.0767709443414,311.6089028601624,39.58628714678487,0.4006591675112981,1.3897450848438164,0.6667064137067159,-0.7230386711371005,0.7230386711371005,0.3325498030404337,0.033356368875533254,15.331920002860606,16.671981890405554,1.3400618875449481,1.3400618875449481,0.622136,0.639424,0.01728799999999997,0.01728799999999997,0.114448,0.134728,0.020279999999999992,0.020279999999999992,0.001504,0.003548,0.002044,0.002044,0.1,0.117424,0.017423999999999995,0.017423999999999995,0.05,0.063728,0.013728000000000004,0.013728000000000004,0.01,0.017612,0.007611999999999999,0.007611999999999999,gan_s57_speed_p160_x0_y0,18.354637384973643,6.805661201477051,0.46336049226260095
gan,58,28.596294182804364,41.80715703422689,139.08224976293016,328.3678758457376,41.84248933483754,0.36694103953564483,1.4063733521537929,0.6796595084480371,-0.7267138437057558,0.7267138437057558,0.34185887067676546,0.028417331255454904,15.086790140907546,16.04312857239419,0.9563384314866425,0.9563384314866425,0.566708,0.578664,0.011955999999999967,0.011955999999999967,0.121672,0.142588,0.02091599999999999,0.02091599999999999,0.001604,0.004324,0.0027199999999999998,0.0027199999999999998,0.1,0.116376,0.016375999999999988,0.016375999999999988,0.05,0.062584,0.012583999999999998,0.012583999999999998,0.01,0.017324,0.007323999999999999,0.007323999999999999,gan_s58_speed_p160_x0_y0,18.762904108038654,8.349846839904785,0.46782386623201816
gan,59,28.730860257058026,40.41726456092186,144.91438652456142,352.21523786165676,40.419582173838286,0.34721861189807524,1.4045769897494929,0.6524066825473719,-0.752170307202121,0.752170307202121,0.34760212538656843,0.04024647487853458,14.865235207158928,17.470146497590527,2.6049112904315983,2.6049112904315983,0.539832,0.549532,0.009700000000000042,0.009700000000000042,0.132356,0.150164,0.01780799999999999,0.01780799999999999,0.002068,0.00524,0.003172,0.003172,0.1,0.112732,0.012731999999999993,0.012731999999999993,0.05,0.059112,0.009111999999999995,0.009111999999999995,0.01,0.015572,0.0055720000000000006,0.0055720000000000006,gan_s59_speed_p160_x0_y0,18.65101850934172,7.89148473739624,0.48341279677535176
gan,60,28.329066536207602,43.84352761209674,157.51046670843476,373.5898403770858,43.843585489197956,0.32828416346707934,1.417109777555892,0.6205363813147443,-0.7965733962411478,0.7965733962411478,0.35886967158164884,0.043687215861080986,14.594746371370015,18.31180475657309,3.7170583852030745,3.7170583852030745,0.534092,0.54546,0.011367999999999934,0.011367999999999934,0.143324,0.161208,0.017883999999999983,0.017883999999999983,0.002604,0.006072,0.003468,0.003468,0.1,0.11342,0.013420000000000001,0.013420000000000001,0.05,0.058584,0.008583999999999994,0.008583999999999994,0.01,0.015708,0.0057079999999999995,0.0057079999999999995,gan_s60_speed_p160_x0_y0,18.604905025455473,8.357301712036133,0.4944634083011988
gan,61,27.391972712538028,47.31413044377385,170.69158381069283,391.19034604973046,47.31612935358965,0.3113392260396823,1.4340073785641592,0.6371567153183717,-0.7968506632457875,0.7968506632457875,0.37410674370013247,0.040883120844005326,14.696636962314253,16.68294194689626,1.9863049845820075,1.9863049845820075,0.5667,0.58054,0.013839999999999963,0.013839999999999963,0.155884,0.174676,0.018792000000000003,0.018792000000000003,0.003412,0.00746,0.0040479999999999995,0.0040479999999999995,0.1,0.114068,0.014067999999999997,0.014067999999999997,0.05,0.059608,0.009607999999999998,0.009607999999999998,0.01,0.015492,0.005492,0.005492,gan_s61_speed_p160_x0_y0,19.516031588862035,8.12722110748291,0.5005367776018992
gan,62,27.555737336852314,38.75508175732228,150.90226782062624,348.21310336057036,38.78460056098162,0.3250538701160363,1.485703004345046,0.5998657323182051,-0.885837272026841,0.885837272026841,0.35622730888911613,0.05883964690749386,15.211940625083377,17.5794817189947,2.3675410939113224,2.3675410939113224,0.587188,0.60156,0.01437199999999994,0.01437199999999994,0.133248,0.148484,0.015236,0.015236,0.002504,0.005088,0.0025839999999999995,0.0025839999999999995,0.1,0.112268,0.012268000000000001,0.012268000000000001,0.05,0.057232,0.007231999999999995,0.007231999999999995,0.01,0.01406,0.004059999999999999,0.004059999999999999,gan_s62_speed_p160_x0_y0,17.993686869301147,6.650205135345459,0.48488723397785577
gan,63,27.457151988801428,32.90688963815919,129.72220525264623,301.61896231560655,32.93399758013227,0.30777725142456214,1.382052610795964,0.6258135151551835,-0.7562390956407806,0.7562390956407806,0.34952559468188876,0.06158289482035203,14.681603143001265,17.476471750067894,2.794868607066629,2.794868607066629,0.515292,0.539372,0.02407999999999999,0.02407999999999999,0.120748,0.134688,0.013940000000000008,0.013940000000000008,0.0015,0.003244,0.0017439999999999999,0.0017439999999999999,0.1,0.11272,0.012719999999999995,0.012719999999999995,0.05,0.058636,0.008635999999999998,0.008635999999999998,0.01,0.01206,0.0020599999999999993,0.0020599999999999993,gan_s63_speed_p160_x0_y0,18.199751597271156,7.5776286125183105,0.4774163339519599
gan,64,28.05975781795003,26.911623817444255,116.6788404929497,264.8711723381952,27.0555239756677,0.2508320138867656,1.1213295679735,0.5655176174485788,-0.5558119505249213,0.5558119505249213,0.3028176271693724,0.036116165363567404,18.670445427544397,21.351786954875944,2.681341527331547,2.681341527331547,0.549268,0.565484,0.016216000000000008,0.016216000000000008,0.120608,0.137184,0.016575999999999994,0.016575999999999994,0.001796,0.002388,0.0005919999999999999,0.0005919999999999999,0.1,0.113192,0.013191999999999995,0.013191999999999995,0.05,0.056248,0.006247999999999997,0.006247999999999997,0.01,0.009852,-0.00014800000000000056,0.00014800000000000056,gan_s64_speed_p160_x0_y0,16.701032359601633,7.137726306915283,0.49028544355778925
gan,65,28.387056297509854,26.527184813444254,117.05570192079571,247.00277723564068,26.542687970413848,0.255383766675302,1.0081824913899362,0.48637538959426874,-0.5218071017956675,0.5218071017956675,0.2813444523076939,0.031080720156120012,24.043227681614542,24.388539197604292,0.3453115159897493,0.3453115159897493,0.620876,0.634896,0.014020000000000032,0.014020000000000032,0.151052,0.166536,0.015483999999999998,0.015483999999999998,0.001412,0.002052,0.0006399999999999999,0.0006399999999999999,0.1,0.112712,0.012712000000000001,0.012712000000000001,0.05,0.055024,0.005024000000000001,0.005024000000000001,0.01,0.01018,0.0001799999999999996,0.0001799999999999996,gan_s65_speed_p160_x0_y0,16.23947552161985,5.576780319213867,0.4788627213785085
gan,66,28.254516945464275,28.49927235568039,125.18331815204124,246.05193897137048,28.632022591856998,0.2945342689969415,0.9789721173756035,0.46311368233065514,-0.5158584350449484,0.5158584350449484,0.2744095469887624,0.029921664736965784,25.78116144654497,23.32154609112219,-2.4596153554227804,2.4596153554227804,0.67218,0.683112,0.010932000000000053,0.010932000000000053,0.182064,0.197032,0.014968000000000009,0.014968000000000009,0.001612,0.001796,0.00018400000000000014,0.00018400000000000014,0.1,0.110052,0.010051999999999991,0.010051999999999991,0.05,0.056956,0.006955999999999997,0.006955999999999997,0.01,0.010644,0.0006440000000000005,0.0006440000000000005,gan_s66_speed_p160_x0_y0,15.979342195015368,6.4086198806762695,0.4811691203989892
gan,67,28.19561606609807,37.89141917542594,143.21003530991868,279.55186925036935,38.02211926531607,0.3671434932707,0.923912893123016,0.4167919443411464,-0.5071209487818696,0.5071209487818696,0.28674093379865634,0.029515979464444217,24.977757173387978,25.289252240846697,0.31149506745871847,0.31149506745871847,0.713172,0.721108,0.007935999999999943,0.007935999999999943,0.216596,0.230444,0.013848,0.013848,0.003008,0.00356,0.000552,0.000552,0.1,0.111108,0.011107999999999993,0.011107999999999993,0.05,0.05916,0.009159999999999995,0.009159999999999995,0.01,0.01164,0.001639999999999999,0.001639999999999999,gan_s67_speed_p160_x0_y0,14.773695042869097,6.6433844566345215,0.4858440332756735
gan,68,28.316559600800154,49.0884220381757,173.54531176814328,344.6354698614344,49.44219616123978,0.3838317639519264,0.9751606419636493,0.4419266533127512,-0.5332339886508981,0.5332339886508981,0.32157289894612184,0.0358583693262675,22.173878351508137,23.600083891723116,1.4262055402149798,1.4262055402149798,0.740632,0.747628,0.006996000000000002,0.006996000000000002,0.262132,0.279332,0.01720000000000005,0.01720000000000005,0.008476,0.01154,0.0030640000000000008,0.0030640000000000008,0.1,0.11272,0.012719999999999995,0.012719999999999995,0.05,0.060808,0.010807999999999998,0.010807999999999998,0.01,0.013604,0.0036039999999999996,0.0036039999999999996,gan_s68_speed_p160_x0_y0,15.500930745161975,5.670867919921875,0.4982661584731466
gan,69,27.237573364277967,67.38317562859264,235.19191191031442,476.5575852284861,67.89092913032736,0.3525056592525556,0.9968354231364355,0.45395834970120547,-0.54287707343523,0.54287707343523,0.36513927999624757,0.03738868796487199,19.472862569986646,22.86143273010174,3.388570160115094,3.388570160115094,0.785324,0.788956,0.0036319999999999686,0.0036319999999999686,0.344092,0.367376,0.02328399999999997,0.02328399999999997,0.022748,0.030252,0.007504,0.007504,0.1,0.116184,0.01618399999999999,0.01618399999999999,0.05,0.063272,0.013271999999999992,0.013271999999999992,0.01,0.01418,0.00418,0.00418,gan_s69_speed_p160_x0_y0,16.112222498232782,6.406604290008545,0.45759217752005277
gan,70,27.538658793778467,89.43103018103459,297.3951539311123,618.4704038903502,89.81367702431324,0.36415174547289264,1.076985877998342,0.4535891660524756,-0.6233967119458663,0.6233967119458663,0.4002422638901929,0.04227026533391861,18.0249013783906,21.70979529628872,3.6848939178981226,3.6848939178981226,0.815172,0.81782,0.0026479999999999837,0.0026479999999999837,0.455364,0.481508,0.026144,0.026144,0.040576,0.052876,0.012299999999999998,0.012299999999999998,0.1,0.11694,0.016939999999999997,0.016939999999999997,0.05,0.064368,0.014367999999999992,0.014367999999999992,0.01,0.016096,0.006095999999999999,0.006095999999999999,gan_s70_speed_p160_x0_y0,19.882401938586153,5.861793041229248,0.45024546853280273
gan,71,27.71792531980638,106.75338021817807,331.95382458101216,706.2037441433105,106.94261734821085,0.37576177719949017,1.2273406855058204,0.48957095601820455,-0.7377697294876159,0.7377697294876159,0.41524015091441874,0.0620793213333198,16.560253136703867,22.44412597160709,5.883872834903222,5.883872834903222,0.831252,0.833752,0.0025000000000000577,0.0025000000000000577,0.513808,0.54834,0.03453200000000001,0.03453200000000001,0.050844,0.065136,0.014292,0.014292,0.1,0.119204,0.019204,0.019204,0.05,0.064008,0.014007999999999993,0.014007999999999993,0.01,0.017008,0.007007999999999999,0.007007999999999999,gan_s71_speed_p160_x0_y0,18.465741214218955,7.186563014984131,0.47565447012286577
gan,72,27.66950559153304,117.43994479154904,345.73720374910147,713.8387343752482,117.82657412348296,0.37439758623422786,1.3001746715498068,0.5160040417408713,-0.7841706298089355,0.7841706298089355,0.425550417613297,0.07152941199160652,16.061174380248488,20.41211605630782,4.350941676059332,4.350941676059332,0.837768,0.841696,0.003928000000000043,0.003928000000000043,0.5336,0.568952,0.03535200000000005,0.03535200000000005,0.053752,0.07126,0.017508000000000003,0.017508000000000003,0.1,0.122068,0.02206799999999999,0.02206799999999999,0.05,0.06658,0.016579999999999998,0.016579999999999998,0.01,0.015584,0.005584,0.005584,gan_s72_speed_p160_x0_y0,19.679320844931677,5.719583988189697,0.4985936907134928
gan,73,27.611157836043315,118.58296750444106,346.80020659371064,729.1699316486038,118.9994267510072,0.38801535277977167,1.3664871040769908,0.5534985244090652,-0.8129885796679256,0.8129885796679256,0.4341787356978229,0.07589900175261284,15.63312292836979,20.909684490518536,5.276561562148746,5.276561562148746,0.8408,0.848316,0.007515999999999967,0.007515999999999967,0.541504,0.57318,0.03167600000000004,0.03167600000000004,0.053116,0.068876,0.01576000000000001,0.01576000000000001,0.1,0.123096,0.02309599999999999,0.02309599999999999,0.05,0.064856,0.014855999999999994,0.014855999999999994,0.01,0.015024,0.005023999999999999,0.005023999999999999,gan_s73_speed_p160_x0_y0,19.399004976672177,5.75114631652832,0.5004509248415319
gan,74,27.725199731693014,113.64423705771162,336.78370073355006,668.7799585587358,113.91130250486647,0.3963249505526173,1.4264403719712917,0.5892627077089593,-0.8371776642623324,0.8371776642623324,0.4420245390768761,0.08475768213944168,15.07431389485681,16.452295237802936,1.3779813429461267,1.3779813429461267,0.84508,0.849892,0.0048119999999999274,0.0048119999999999274,0.532968,0.565728,0.03276000000000001,0.03276000000000001,0.043284,0.056612,0.013328,0.013328,0.1,0.121852,0.021851999999999996,0.021851999999999996,0.05,0.063788,0.013787999999999995,0.013787999999999995,0.01,0.015064,0.005063999999999999,0.005063999999999999,gan_s74_speed_p160_x0_y0,20.10959212403172,5.644299030303955,0.4981046302121258
gan,75,27.453769489636546,108.70485511644179,326.4154778538345,625.1207942811983,108.98660003835415,0.4082641552053248,1.5064205441000436,0.6212027216278516,-0.8852178224721919,0.8852178224721919,0.4424147575148257,0.08646338280951,14.584505162560745,15.15878566554675,0.5742805029860047,0.5742805029860047,0.846348,0.852464,0.00611600000000001,0.00611600000000001,0.51778,0.548972,0.031191999999999998,0.031191999999999998,0.034328,0.04856,0.014232000000000002,0.014232000000000002,0.1,0.123244,0.023244,0.023244,0.05,0.06676,0.016759999999999997,0.016759999999999997,0.01,0.01456,0.00456,0.00456,gan_s75_speed_p160_x0_y0,19.74885298310355,5.680557727813721,0.49707722835204665
gan,76,27.185629660678966,107.90084122377915,321.2985436520317,612.075373133084,108.00603079878638,0.41967778994661536,1.5698596482194824,0.6728290068693266,-0.8970306413501559,0.8970306413501559,0.4462248966622707,0.07879178349557323,14.344164333086036,13.712551136549386,-0.6316131965366498,0.6316131965366498,0.848608,0.85438,0.005771999999999999,0.005771999999999999,0.5029,0.536832,0.03393199999999996,0.03393199999999996,0.027936,0.037948,0.010012000000000004,0.010012000000000004,0.1,0.127924,0.027924000000000004,0.027924000000000004,0.05,0.067036,0.017035999999999996,0.017035999999999996,0.01,0.01458,0.004579999999999999,0.004579999999999999,gan_s76_speed_p160_x0_y0,20.225713244111034,6.450347900390625,0.48863140151959117
gan,77,26.717936358992787,105.80026694608875,314.03089218441664,597.7224071528622,106.01298320394316,0.43394452256675703,1.6323487427746448,0.710691346696753,-0.9216573960778918,0.9216573960778918,0.4471722927784261,0.07915362121297687,14.460758683242851,13.739495129877218,-0.7212635533656329,0.7212635533656329,0.849676,0.855348,0.00567200000000001,0.00567200000000001,0.479988,0.51222,0.03223199999999998,0.03223199999999998,0.022928,0.03076,0.007831999999999999,0.007831999999999999,0.1,0.130464,0.03046399999999999,0.03046399999999999,0.05,0.06652,0.016519999999999993,0.016519999999999993,0.01,0.015012,0.005011999999999999,0.005011999999999999,gan_s77_speed_p160_x0_y0,20.353338072506904,6.000014781951904,0.4840029343843254
gan,78,26.464969673118272,107.20712575722213,309.68391261036805,605.7058774581485,107.30150201381939,0.44937093439104514,1.6803804681010486,0.7543920912310634,-0.9259883768699851,0.9259883768699851,0.4478027958232385,0.06770848147800466,14.807552502219174,14.748969070481277,-0.058583431737897484,0.058583431737897484,0.850456,0.858016,0.007560000000000011,0.007560000000000011,0.459596,0.493816,0.03421999999999997,0.03421999999999997,0.016908,0.024508,0.007599999999999999,0.007599999999999999,0.1,0.133456,0.033455999999999986,0.033455999999999986,0.05,0.071188,0.021188,0.021188,0.01,0.016276,0.006275999999999999,0.006275999999999999,gan_s78_speed_p160_x0_y0,19.95492094933438,7.092807292938232,0.48207861522713735
gan,79,26.652931621908795,101.87198956872,298.6296019015986,575.1078222453988,101.91368252758733,0.459939185316267,1.7147796472615915,0.7814548657362224,-0.9333247815253691,0.9333247815253691,0.4471332432236266,0.07856674931795014,14.788060362710755,14.628755995109303,-0.15930436760145206,0.15930436760145206,0.851964,0.859104,0.007139999999999924,0.007139999999999924,0.450944,0.482668,0.031723999999999974,0.031723999999999974,0.012672,0.019516,0.006843999999999999,0.006843999999999999,0.1,0.137116,0.03711599999999998,0.03711599999999998,0.05,0.07156,0.021559999999999996,0.021559999999999996,0.01,0.015936,0.005935999999999999,0.005935999999999999,gan_s79_speed_p160_x0_y0,20.321240211337894,6.467032432556152,0.4866573779242814
gan,80,26.456132191878634,105.42093280402695,295.9813984672801,573.7932099444431,105.44876626025643,0.46896983681792975,1.7614486370526485,0.7871448606737061,-0.9743037763789424,0.9743037763789424,0.44412870131600135,0.06610245360155993,15.023566310259099,14.610454467892437,-0.41311184236666243,0.41311184236666243,0.854032,0.861644,0.007611999999999952,0.007611999999999952,0.440972,0.476596,0.035624000000000045,0.035624000000000045,0.01062,0.01712,0.006500000000000001,0.006500000000000001,0.1,0.137088,0.03708799999999998,0.03708799999999998,0.05,0.07276,0.022760000000000002,0.022760000000000002,0.01,0.016208,0.006208,0.006208,gan_s80_speed_p160_x0_y0,20.744918439924255,6.176682472229004,0.48246921330212844
gan,81,26.578637889134356,101.30218470056363,288.9063235858838,576.2912344967349,101.3161555878845,0.47276071571342354,1.8611452610555064,0.823962434366104,-1.0371828266894023,1.0371828266894023,0.44350806672801346,0.06288633140278241,15.672547189048258,16.205345750190457,0.532798561142199,0.532798561142199,0.856564,0.864304,0.007739999999999969,0.007739999999999969,0.428712,0.464924,0.03621200000000002,0.03621200000000002,0.009048,0.015192,0.006144,0.006144,0.1,0.133788,0.033787999999999985,0.033787999999999985,0.05,0.070904,0.020903999999999992,0.020903999999999992,0.01,0.016312,0.006312,0.006312,gan_s81_speed_p160_x0_y0,20.982889067881906,7.567525863647461,0.4915241199118712
gan,82,26.513154855372044,86.90728549157245,274.7234951962154,546.7678110535135,86.90737481338695,0.463140661919707,1.8465384084396446,0.8342090799659858,-1.0123293284736588,1.0123293284736588,0.4392189849688997,0.07236648621531577,15.836974736240537,18.500691310298656,2.6637165740581192,2.6637165740581192,0.856104,0.865568,0.009464000000000028,0.009464000000000028,0.41252,0.44778,0.035260000000000014,0.035260000000000014,0.007988,0.013492,0.005504,0.005504,0.1,0.128656,0.028655999999999987,0.028655999999999987,0.05,0.066072,0.016072000000000003,0.016072000000000003,0.01,0.015788,0.005788,0.005788,gan_s82_speed_p160_x0_y0,20.81634708740007,6.303605079650879,0.5118237420267625
gan,83,26.454328406446706,83.65724548112716,269.5128829432969,544.2702088732804,83.67933315790633,0.46375806304923656,1.8801276251980021,0.8669433015496171,-1.013184323648385,1.013184323648385,0.43644573800610764,0.06369894259194604,15.83861278284811,17.420499051403933,1.5818862685558237,1.5818862685558237,0.858272,0.867156,0.008884000000000003,0.008884000000000003,0.398948,0.431828,0.032879999999999965,0.032879999999999965,0.00688,0.013188,0.006308,0.006308,0.1,0.126772,0.02677199999999999,0.02677199999999999,0.05,0.06558,0.015579999999999997,0.015579999999999997,0.01,0.01708,0.007080000000000001,0.007080000000000001,gan_s83_speed_p160_x0_y0,21.794751727168247,6.599743366241455,0.5044753001631349
gan,84,26.58859881999711,80.56857019365046,265.7533628433784,576.0170489552896,80.56859770748957,0.5006438460432009,1.9488146658534338,0.8590942592978623,-1.0897204065555715,1.0897204065555715,0.4323532204275706,0.06497613439463998,15.885954350487577,19.826795917998243,3.9408415675106667,3.9408415675106667,0.867724,0.87734,0.009615999999999958,0.009615999999999958,0.386356,0.424268,0.037912,0.037912,0.006692,0.012508,0.005816,0.005816,0.1,0.119908,0.019907999999999995,0.019907999999999995,0.05,0.061684,0.011684,0.011684,0.01,0.016496,0.006496,0.006496,gan_s84_speed_p160_x0_y0,21.106373639070085,8.559276580810547,0.5140077548676244
gan,85,26.58583339558703,74.49911732807126,263.1984599441091,578.3977170363909,74.50367830442134,0.5159489553825477,2.0010446893411893,0.8451150601012969,-1.1559296292398924,1.1559296292398924,0.4292187381201615,0.0642552264426562,15.77734516405852,20.768403940732473,4.9910587766739525,4.9910587766739525,0.877972,0.887936,0.009963999999999973,0.009963999999999973,0.381432,0.41376,0.03232800000000002,0.03232800000000002,0.007412,0.012652,0.00524,0.00524,0.1,0.119288,0.019288,0.019288,0.05,0.058964,0.008964,0.008964,0.01,0.015912,0.005911999999999999,0.005911999999999999,gan_s85_speed_p160_x0_y0,20.7490839418831,7.718591690063477,0.49996481123725006
gan,86,26.429419774482703,62.62389776011293,232.26309569008438,492.5012759072384,62.630342100896044,0.5353577969888993,2.0123289726845126,0.8392323159701351,-1.1730966567143775,1.1730966567143775,0.4177830293230493,0.06153671699497417,15.964436387777498,21.480682579463576,5.516246191686077,5.516246191686077,0.880024,0.891072,0.011047999999999947,0.011047999999999947,0.304776,0.334048,0.02927200000000002,0.02927200000000002,0.005456,0.008412,0.0029559999999999994,0.0029559999999999994,0.1,0.122204,0.022203999999999988,0.022203999999999988,0.05,0.058244,0.008243999999999994,0.008243999999999994,0.01,0.014276,0.004276,0.004276,gan_s86_speed_p160_x0_y0,18.84606490909817,9.43416690826416,0.4760276149262369
gan,87,26.92721298167298,46.28189147452378,192.74653692590627,403.00373300434745,46.28429687321017,0.4750581245781906,1.9041805823880573,0.8404819559061815,-1.0636986264818757,1.0636986264818757,0.4054024713420241,0.06562228273442564,16.56985961774842,25.29813375441874,8.728274136670318,8.728274136670318,0.825052,0.842964,0.01791200000000004,0.01791200000000004,0.258608,0.276884,0.018276000000000014,0.018276000000000014,0.003508,0.00528,0.0017720000000000001,0.0017720000000000001,0.1,0.125024,0.02502399999999999,0.02502399999999999,0.05,0.058572,0.008571999999999996,0.008571999999999996,0.01,0.011788,0.0017879999999999997,0.0017879999999999997,gan_s87_speed_p160_x0_y0,19.024115372275585,7.174471855163574,0.46212449908207437
gan,88,26.86625235460083,31.589001843724407,159.29329763212047,328.44238366105236,31.962051645595018,0.46414664113686793,1.802143175721899,0.7838959557512588,-1.0182472199706403,1.0182472199706403,0.36773633492706714,0.05959195648506406,19.569464813218396,28.50189419643115,8.932429383212753,8.932429383212753,0.782788,0.800624,0.017835999999999963,0.017835999999999963,0.23332,0.250048,0.016727999999999993,0.016727999999999993,0.001812,0.002088,0.000276,0.000276,0.1,0.115172,0.015171999999999991,0.015171999999999991,0.05,0.056208,0.006207999999999998,0.006207999999999998,0.01,0.009792,-0.00020799999999999985,0.00020799999999999985,gan_s88_speed_p160_x0_y0,18.396084436387564,6.487721920013428,0.4632591275022839
gan,89,26.508238597885804,24.5182772286426,148.8847092476253,270.73727658160755,25.346477435390177,0.46444888647844484,1.6940700823660408,0.7442724041649549,-0.949797678201086,0.949797678201086,0.333812935614588,0.05712804350100923,22.42794801409209,26.922544531860314,4.4945965177682226,4.4945965177682226,0.780712,0.794792,0.014080000000000092,0.014080000000000092,0.227076,0.241008,0.013932,0.013932,0.000824,0.001208,0.0003840000000000001,0.0003840000000000001,0.1,0.109524,0.00952399999999999,0.00952399999999999,0.05,0.054656,0.004656,0.004656,0.01,0.0092,-0.0008000000000000004,0.0008000000000000004,gan_s89_speed_p160_x0_y0,17.197907308437554,6.256072521209717,0.4374413231676844
gan,90,27.225857962104634,17.792539871758418,142.26826441775998,248.3099734000084,18.177518098219178,0.477544909685345,1.5819256009224787,0.6549324275675972,-0.9269931733548815,0.9269931733548815,0.31411240691416165,0.054377428175233916,28.875152755868967,24.779306324253216,-4.095846431615751,4.095846431615751,0.794,0.805356,0.011355999999999922,0.011355999999999922,0.228684,0.236496,0.007812000000000013,0.007812000000000013,0.000632,0.000804,0.00017200000000000006,0.00017200000000000006,0.1,0.106044,0.006043999999999994,0.006043999999999994,0.05,0.052672,0.002671999999999994,0.002671999999999994,0.01,0.00936,-0.0006399999999999999,0.0006399999999999999,gan_s90_speed_p160_x0_y0,17.32676746960286,5.663510322570801,0.42662846538809435
gan,91,28.14429533787995,18.410866152163052,149.24059336225568,257.48252952892585,18.532673603373954,0.4214782973566805,1.5818785374826487,0.6498039952405161,-0.9320745422421326,0.9320745422421326,0.31009789585810976,0.05585048974460213,33.667051242173436,22.519424271203523,-11.147626970969913,11.147626970969913,0.811336,0.820372,0.009036000000000044,0.009036000000000044,0.23678,0.24296,0.006180000000000019,0.006180000000000019,0.001584,0.002172,0.000588,0.000588,0.1,0.10638,0.006379999999999997,0.006379999999999997,0.05,0.051708,0.0017079999999999942,0.0017079999999999942,0.01,0.012156,0.002156,0.002156,gan_s91_speed_p160_x0_y0,16.266054339767617,5.519831657409668,0.4209310020874355
gan,92,28.45250020305388,22.249163870829985,173.27360166649362,307.4015936147459,22.960896499621796,0.46793489253320597,1.6563314440697425,0.6274250207659507,-1.0289064233037917,1.0289064233037917,0.33620404752662225,0.05122179162100526,29.36109044608353,21.788778051223453,-7.572312394860077,7.572312394860077,0.8365,0.838884,0.0023839999999999417,0.0023839999999999417,0.272204,0.28374,0.01153599999999999,0.01153599999999999,0.006032,0.006536,0.0005040000000000001,0.0005040000000000001,0.1,0.104788,0.004788000000000001,0.004788000000000001,0.05,0.051524,0.0015239999999999976,0.0015239999999999976,0.01,0.011076,0.0010760000000000006,0.0010760000000000006,gan_s92_speed_p160_x0_y0,16.807703363287136,5.677903175354004,0.434866021898604
gan,93,27.94391713060603,27.524225799857504,221.5383841923986,396.13348272536916,27.93411036307122,0.45735169898999745,1.5616353779381367,0.5797314486027059,-0.9819039293354308,0.9819039293354308,0.3717712022734091,0.04304778752248488,21.971993135035994,20.17936718360869,-1.7926259514273042,1.7926259514273042,0.899392,0.902164,0.0027719999999999967,0.0027719999999999967,0.340824,0.349688,0.008863999999999983,0.008863999999999983,0.013852,0.019844,0.005992000000000001,0.005992000000000001,0.1,0.103624,0.0036239999999999883,0.0036239999999999883,0.05,0.052544,0.0025439999999999977,0.0025439999999999977,0.01,0.014932,0.004932000000000001,0.004932000000000001,gan_s93_speed_p160_x0_y0,18.13548367922437,6.816009521484375,0.42398339796414947
gan,94,27.818781699803296,28.921665964787763,269.5874034499792,459.98047816885224,29.59251239390758,0.5066075207481375,1.7329050935174708,0.5939932581315891,-1.1389118353858816,1.1389118353858816,0.3991428315905086,0.05674902184084463,17.9239188574462,17.510284439155527,-0.41363441829067327,0.41363441829067327,0.95324,0.950568,-0.0026720000000000077,0.0026720000000000077,0.406692,0.419676,0.012983999999999996,0.012983999999999996,0.020704,0.026468,0.005763999999999998,0.005763999999999998,0.1,0.10388,0.0038799999999999946,0.0038799999999999946,0.05,0.0546,0.0046,0.0046,0.01,0.012584,0.0025839999999999995,0.0025839999999999995,gan_s94_speed_p160_x0_y0,20.006869187749356,6.517361164093018,0.4746197276792672
gan,95,27.116255372287263,30.97836500063438,305.4871794024149,522.710738047372,31.292454498960375,0.5342369558766353,1.9402455540914754,0.6888433831149035,-1.251402170976572,1.251402170976572,0.42870073123399577,0.07028621244570969,15.718881183776826,17.751731938827188,2.0328507550503616,2.0328507550503616,0.963832,0.964164,0.00033199999999999896,0.00033199999999999896,0.453776,0.461788,0.008011999999999964,0.008011999999999964,0.026652,0.033972,0.007320000000000004,0.007320000000000004,0.1,0.1039,0.0039000000000000007,0.0039000000000000007,0.05,0.057596,0.007595999999999999,0.007595999999999999,0.01,0.01326,0.003259999999999999,0.003259999999999999,gan_s95_speed_p160_x0_y0,20.637912890931716,6.677723407745361,0.47322347484270616
gan,96,26.965865579736743,36.91585741910812,328.81227447902126,557.6730214270633,37.104931403152406,0.5836830501683096,2.167936186880058,0.7688365441828239,-1.3990996426972342,1.3990996426972342,0.4412501619544775,0.07574086487799904,14.590661334670035,16.76066520369424,2.1700038690242067,2.1700038690242067,0.965408,0.966716,0.0013079999999999758,0.0013079999999999758,0.502312,0.508468,0.00615600000000005,0.00615600000000005,0.031816,0.038788,0.006972000000000006,0.006972000000000006,0.1,0.105956,0.005955999999999989,0.005955999999999989,0.05,0.057896,0.007896,0.007896,0.01,0.014452,0.004451999999999999,0.004451999999999999,gan_s96_speed_p160_x0_y0,22.25070627382419,7.258078575134277,0.46797100052922647
gan,97,26.723655277751952,35.07530840048347,342.45189354914083,587.9450967220831,35.22999628140219,0.630274311419653,2.3341016532676946,0.7812497371985732,-1.5528519160691214,1.5528519160691214,0.4482823194262144,0.07647279923906344,13.885476966980777,17.031976482195006,3.146499515214229,3.146499515214229,0.96586,0.96658,0.0007199999999999429,0.0007199999999999429,0.535756,0.547592,0.011835999999999958,0.011835999999999958,0.032336,0.037544,0.005208000000000004,0.005208000000000004,0.1,0.104444,0.00444399999999999,0.00444399999999999,0.05,0.05614,0.00614,0.00614,0.01,0.014036,0.004036,0.004036,gan_s97_speed_p160_x0_y0,22.202351461270364,7.223494529724121,0.4681093082116205
gan,98,26.64084044530737,43.693403026262665,355.4595934873776,617.3170272540168,43.77738024326797,0.6798907378163731,2.5288165748478613,0.8300410496203013,-1.69877552522756,1.69877552522756,0.4567913324460713,0.0711169561626742,13.48960450508427,14.792772141779954,1.3031676366956848,1.3031676366956848,0.96566,0.967568,0.0019080000000000208,0.0019080000000000208,0.550252,0.56228,0.012028000000000039,0.012028000000000039,0.0301,0.036384,0.006284000000000001,0.006284000000000001,0.1,0.106616,0.006615999999999997,0.006615999999999997,0.05,0.056912,0.0069119999999999945,0.0069119999999999945,0.01,0.015872,0.0058720000000000005,0.0058720000000000005,gan_s98_speed_p160_x0_y0,23.055714774434993,8.764951705932617,0.4728548685129251
gan,99,26.783598904944242,42.16081996641628,357.8583377673987,621.4712994524764,42.21305774667824,0.719484723775731,2.6185103612093688,0.887084695162495,-1.7314256660468739,1.7314256660468739,0.4597843903422663,0.07228288082912677,12.942233252423062,14.069290550227512,1.1270572978044502,1.1270572978044502,0.964368,0.966856,0.0024880000000000457,0.0024880000000000457,0.558748,0.569508,0.010759999999999992,0.010759999999999992,0.026324,0.031912,0.005588000000000003,0.005588000000000003,0.1,0.10234,0.002339999999999995,0.002339999999999995,0.05,0.053624,0.0036239999999999953,0.0036239999999999953,0.01,0.01552,0.005520000000000001,0.005520000000000001,gan_s99_speed_p160_x0_y0,20.998202000997363,7.760592460632324,0.4730279025108536
gan,100,26.701302033238004,39.7060810358522,346.42854021771353,605.7366916735419,39.75821637675931,0.7424851408546276,2.6931818613479512,0.9094199426938063,-1.783761918654145,1.783761918654145,0.45137580863672705,0.0725667505729281,13.294254669018509,14.65165436534771,1.3573996963292014,1.3573996963292014,0.962576,0.965868,0.0032919999999999616,0.0032919999999999616,0.561248,0.573436,0.012187999999999977,0.012187999999999977,0.02136,0.026896,0.005535999999999999,0.005535999999999999,0.1,0.101944,0.0019440000000000013,0.0019440000000000013,0.05,0.051224,0.001223999999999996,0.001223999999999996,0.01,0.015044,0.005044,0.005044,gan_s100_speed_p160_x0_y0,20.891681214618057,7.617006778717041,0.4845531178356475
gan,101,26.06215212689535,36.289780396427986,347.0261719860927,599.608881596627,36.32641168955977,0.7824149653864441,2.7595815132389667,0.9607395962716379,-1.7988419169673289,1.7988419169673289,0.44924914092520607,0.07218883450034898,13.88516497776316,15.810632613886424,1.9254676361232637,1.9254676361232637,0.959872,0.963028,0.0031560000000000477,0.0031560000000000477,0.575588,0.587484,0.011896000000000018,0.011896000000000018,0.0208,0.026392,0.005592,0.005592,0.1,0.103388,0.0033879999999999882,0.0033879999999999882,0.05,0.054336,0.004336,0.004336,0.01,0.01404,0.00404,0.00404,gan_s101_speed_p160_x0_y0,20.937383941054357,7.0666680335998535,0.47111013595918416
gan,102,26.32178910226727,33.342780738165246,339.88236779372755,589.3184558292292,33.380651248622215,0.7571065425975891,2.653381517271387,0.9329527929982736,-1.7204287242731136,1.7204287242731136,0.4384960767027062,0.06126901313905758,13.6958406438686,16.12636994956202,2.430529305693419,2.430529305693419,0.960656,0.964048,0.0033920000000000616,0.0033920000000000616,0.6005,0.608148,0.007647999999999988,0.007647999999999988,0.015644,0.019208,0.0035639999999999977,0.0035639999999999977,0.1,0.101336,0.00133599999999999,0.00133599999999999,0.05,0.053092,0.0030919999999999975,0.0030919999999999975,0.01,0.013936,0.003936,0.003936,gan_s102_speed_p160_x0_y0,20.257793175726828,8.231893539428711,0.46246759233066354
gan,103,26.213207455171293,28.14564187540796,341.0693757552766,577.6516767461429,28.286978579422012,0.8055412628379494,2.7522262259562447,0.9578331205863463,-1.7943931053698985,1.7943931053698985,0.43785142965411317,0.06630870705847902,12.918668166201329,14.67398725354005,1.7553190873387212,1.7553190873387212,0.96332,0.966768,0.0034480000000000066,0.0034480000000000066,0.622064,0.632724,0.010660000000000003,0.010660000000000003,0.01606,0.020512,0.004451999999999998,0.004451999999999998,0.1,0.10034,0.0003399999999999931,0.0003399999999999931,0.05,0.05268,0.002679999999999995,0.002679999999999995,0.01,0.013944,0.003944,0.003944,gan_s103_speed_p160_x0_y0,20.69051451494371,6.314839839935303,0.45282907462638033
gan,104,26.240744576915972,28.440157171835526,345.7073077083316,576.3983996893091,30.777756848043257,0.8244909068242506,2.7655849769581633,0.9208077583603672,-1.844777218597796,1.844777218597796,0.4285596247079644,0.0642827331734832,13.072164702682043,14.970766712057351,1.898602009375308,1.898602009375308,0.9676,0.970696,0.0030959999999999877,0.0030959999999999877,0.639764,0.652132,0.012368000000000046,0.012368000000000046,0.019812,0.02252,0.0027079999999999986,0.0027079999999999986,0.1,0.098328,-0.0016720000000000068,0.0016720000000000068,0.05,0.048452,-0.0015480000000000008,0.0015480000000000008,0.01,0.013244,0.0032440000000000004,0.0032440000000000004,gan_s104_speed_p160_x0_y0,20.12992358587829,7.393864154815674,0.4730890949667723
gan,105,26.632907637881424,29.804644156812028,345.222807416766,591.9683005766184,31.044052982410783,0.7644499239407465,2.5268482174855538,0.9037329865214323,-1.6231152309641215,1.6231152309641215,0.42046203574747143,0.059785046992021765,13.365248422530462,15.607579061981887,2.242330639451426,2.242330639451426,0.96918,0.972468,0.0032879999999999576,0.0032879999999999576,0.653404,0.670716,0.017311999999999994,0.017311999999999994,0.026896,0.027808,0.0009119999999999996,0.0009119999999999996,0.1,0.099392,-0.0006080000000000113,0.0006080000000000113,0.05,0.04976,-0.0002400000000000041,0.0002400000000000041,0.01,0.011968,0.0019679999999999993,0.0019679999999999993,gan_s105_speed_p160_x0_y0,19.283104237304943,6.823482513427734,0.457039642897073
gan,106,27.298351027651485,22.584856994972196,339.9595462980588,580.475597982008,31.96591027710767,0.7375425957457696,2.4043720349979085,0.8472390551465908,-1.5571329798513176,1.5571329798513176,0.4077048516663229,0.06844310685602355,13.973378262410721,17.365470105488413,3.392091843077692,3.392091843077692,0.969512,0.973944,0.0044319999999999915,0.0044319999999999915,0.66638,0.68716,0.02078000000000002,0.02078000000000002,0.02658,0.028572,0.0019920000000000007,0.0019920000000000007,0.1,0.095652,-0.004348000000000005,0.004348000000000005,0.05,0.051292,0.0012919999999999945,0.0012919999999999945,0.01,0.01058,0.0005800000000000007,0.0005800000000000007,gan_s106_speed_p160_x0_y0,20.00547041151677,6.75129508972168,0.4479825221338522
gan,107,27.019179423293245,25.265199074051388,350.5869579171892,620.3975589408283,31.715611603073203,0.7561666734603679,2.3711876339371654,0.838359071830502,-1.5328285621066633,1.5328285621066633,0.4049237802990554,0.057917542834701234,14.499407762195059,18.54571403114482,4.04630626894976,4.04630626894976,0.970908,0.974048,0.0031400000000000317,0.0031400000000000317,0.677896,0.69382,0.015923999999999938,0.015923999999999938,0.03712,0.03822,0.0010999999999999968,0.0010999999999999968,0.1,0.097172,-0.002828000000000011,0.002828000000000011,0.05,0.049016,-0.0009840000000000057,0.0009840000000000057,0.01,0.012564,0.0025640000000000003,0.0025640000000000003,gan_s107_speed_p160_x0_y0,20.682183399063746,7.6041154861450195,0.457756910383992
gan,108,27.9392566173789,28.98369250736181,356.8102131276016,642.1408312803574,31.376227628499375,0.7751422619741811,2.346439339301334,0.8137864485760664,-1.5326528907252674,1.5326528907252674,0.3979236611912447,0.05065947080254976,14.41081113660488,19.38709391896793,4.976282782363052,4.976282782363052,0.971252,0.973788,0.0025359999999999827,0.0025359999999999827,0.674524,0.692444,0.017919999999999936,0.017919999999999936,0.051952,0.052248,0.0002960000000000046,0.0002960000000000046,0.1,0.10112,0.001119999999999996,0.001119999999999996,0.05,0.050388,0.00038799999999999946,0.00038799999999999946,0.01,0.012448,0.0024480000000000005,0.0024480000000000005,gan_s108_speed_p160_x0_y0,21.1993064034262,7.595790386199951,0.4606154773706369
gan,109,27.241141633895886,29.246306729036128,359.2725483563821,642.369258019805,34.68314570498772,0.7982097674048801,2.4584123600931362,0.8017585022511633,-1.656653857841973,1.656653857841973,0.39636005154768894,0.04622087331996528,14.524527024298001,21.35345596093846,6.828928936640461,6.828928936640461,0.970816,0.974036,0.0032200000000000006,0.0032200000000000006,0.666652,0.683056,0.016403999999999974,0.016403999999999974,0.070228,0.066344,-0.0038839999999999986,0.0038839999999999986,0.1,0.097568,-0.0024320000000000036,0.0024320000000000036,0.05,0.047336,-0.0026639999999999997,0.0026639999999999997,0.01,0.013332,0.003332,0.003332,gan_s109_speed_p160_x0_y0,20.853111383838083,7.198193550109863,0.45596507846892503
gan,110,27.897643844628302,36.32374896142388,356.38581062271754,640.7231025787356,38.99188078132552,0.8023133869467777,2.5116273264193554,0.837561244747258,-1.6740660816720974,1.6740660816720974,0.3900329553275293,0.0490902226546841,14.8881813789416,22.841139445894235,7.952958066952636,7.952958066952636,0.972044,0.974244,0.0021999999999999797,0.0021999999999999797,0.6523,0.671892,0.019592000000000054,0.019592000000000054,0.09396,0.090604,-0.003355999999999998,0.003355999999999998,0.1,0.09654,-0.0034600000000000047,0.0034600000000000047,0.05,0.050408,0.00040799999999999864,0.00040799999999999864,0.01,0.011492,0.0014920000000000003,0.0014920000000000003,gan_s110_speed_p160_x0_y0,19.600364202728887,6.568319320678711,0.4416790130745641
gan,111,28.776301097243916,37.4424379646375,344.39001352455523,613.8389543880994,40.848448862753756,0.8154414373541461,2.517910851878576,0.7799012138962896,-1.7380096379822865,1.7380096379822865,0.3789077163667827,0.0495978686393624,16.432807524041753,25.7104547982624,9.277647274220648,9.277647274220648,0.970996,0.97404,0.0030440000000000467,0.0030440000000000467,0.627288,0.647044,0.019755999999999996,0.019755999999999996,0.126452,0.1238,-0.0026520000000000155,0.0026520000000000155,0.1,0.097416,-0.002584000000000003,0.002584000000000003,0.05,0.049952,-4.799999999999943e-05,4.799999999999943e-05,0.01,0.01096,0.000959999999999999,0.000959999999999999,gan_s111_speed_p160_x0_y0,18.815230764049467,8.167459487915039,0.45731979860276584
gan,112,28.275192771148816,36.465197262489376,320.42948424820133,553.9922486374612,41.9634294245324,0.836718196933073,2.5521422961047304,0.7090405368906869,-1.8431017592140435,1.8431017592140435,0.36197160080528396,0.04390008443275359,17.356303881892384,27.841539039949097,10.485235158056714,10.485235158056714,0.960496,0.965916,0.00541999999999998,0.00541999999999998,0.588268,0.606984,0.018715999999999955,0.018715999999999955,0.15344,0.1507,-0.0027399999999999924,0.0027399999999999924,0.1,0.097272,-0.002728000000000008,0.002728000000000008,0.05,0.050296,0.00029599999999999765,0.00029599999999999765,0.01,0.010628,0.0006280000000000001,0.0006280000000000001,gan_s112_speed_p160_x0_y0,19.372446559915602,6.682409286499023,0.44169217988035236
gan,113,27.992375396391836,32.51537154928348,288.4352419755194,491.40457206416943,38.697907069199225,0.8154365081610984,2.431485046440205,0.7658203859365722,-1.6656646605036327,1.6656646605036327,0.34389792994973234,0.037970100315247314,17.818271719812817,28.658480737099328,10.840209017286512,10.840209017286512,0.950016,0.95336,0.0033440000000000136,0.0033440000000000136,0.542524,0.559216,0.01669200000000004,0.01669200000000004,0.177548,0.178344,0.0007959999999999912,0.0007959999999999912,0.1,0.097276,-0.002724000000000004,0.002724000000000004,0.049996,0.05054,0.0005440000000000028,0.0005440000000000028,0.01,0.008012,-0.001988,0.001988,gan_s113_speed_p160_x0_y0,18.415536047943895,6.949485778808594,0.4456831875321771
gan,114,28.34897837277725,26.258720537501333,272.7685378720125,449.82330068656313,33.733297138716274,0.8132667515026558,2.4531744868237766,0.7317369126313739,-1.7214375741924028,1.7214375741924028,0.33074136159288536,0.049423461584138434,19.3950691009872,29.516036900194987,10.120967799207786,10.120967799207786,0.942708,0.94808,0.005372000000000043,0.005372000000000043,0.505588,0.519136,0.013548000000000004,0.013548000000000004,0.197052,0.199388,0.0023360000000000047,0.0023360000000000047,0.1,0.097788,-0.0022120000000000056,0.0022120000000000056,0.05,0.051948,0.0019479999999999983,0.0019479999999999983,0.01,0.007916,-0.0020840000000000008,0.0020840000000000008,gan_s114_speed_p160_x0_y0,16.84887862793787,5.899235248565674,0.47130978333226614
gan,115,29.04287752514754,32.002982677868296,264.8325463644938,438.1668229757991,34.99096959401203,0.8287062547258477,2.539153020485293,0.6723919004194862,-1.8667611200658065,1.8667611200658065,0.32976258928460284,0.05481169108000951,19.188254489306573,20.975962093966302,1.7877076046597296,1.7877076046597296,0.935092,0.943628,0.008535999999999988,0.008535999999999988,0.483236,0.495936,0.012699999999999989,0.012699999999999989,0.20792,0.210772,0.0028519999999999934,0.0028519999999999934,0.1,0.10294,0.002939999999999998,0.002939999999999998,0.05,0.050748,0.0007479999999999987,0.0007479999999999987,0.01,0.0102,0.00020000000000000052,0.00020000000000000052,gan_s115_speed_p160_x0_y0,17.25298248796687,7.232174873352051,0.5068055946637543
gan,116,28.57390419900739,26.132220766126707,271.2894545526282,449.39118694972586,29.391870652115614,0.8586486560921048,2.663864975019489,0.7928741424538783,-1.8709908325656106,1.8709908325656106,0.34509809848952694,0.06049716650503097,17.809157536107968,21.763596585995895,3.9544390498879274,3.9544390498879274,0.932248,0.943552,0.01130399999999998,0.01130399999999998,0.476428,0.48696,0.010531999999999986,0.010531999999999986,0.206224,0.211108,0.0048839999999999995,0.0048839999999999995,0.1,0.101416,0.0014160000000000006,0.0014160000000000006,0.05,0.05044,0.00043999999999999595,0.00043999999999999595,0.01,0.008756,-0.0012440000000000003,0.0012440000000000003,gan_s116_speed_p160_x0_y0,17.129081493158413,7.636551856994629,0.5072475749404373
gan,117,28.504300119239808,24.527381038020767,288.7618451853437,474.94341623248937,30.75819053167577,0.8584301038120624,2.6822441095304903,0.7928010356354975,-1.8894430738949928,1.8894430738949928,0.35666330072337205,0.05570802830102748,15.662541793566826,18.376110961761096,2.7135691681942706,2.7135691681942706,0.932936,0.941496,0.008560000000000012,0.008560000000000012,0.481824,0.493276,0.011452000000000018,0.011452000000000018,0.198556,0.203616,0.005059999999999981,0.005059999999999981,0.1,0.10016,0.00015999999999999348,0.00015999999999999348,0.05,0.04974,-0.0002600000000000033,0.0002600000000000033,0.01,0.007712,-0.002288,0.002288,gan_s117_speed_p160_x0_y0,18.592743212240446,8.683184623718262,0.5130151014790715
gan,118,28.719502505656703,19.872490720982775,296.55199530266344,483.0505967065199,24.26401848954278,0.8064705343241441,2.4028776905713585,0.7028166686469245,-1.700061021924434,1.700061021924434,0.36480661665089376,0.06845863521867789,15.276077226999792,15.964274149155951,0.688196922156159,0.688196922156159,0.92256,0.932432,0.009871999999999992,0.009871999999999992,0.5093,0.516172,0.006871999999999989,0.006871999999999989,0.182984,0.188712,0.005727999999999983,0.005727999999999983,0.1,0.10086,0.0008599999999999997,0.0008599999999999997,0.05,0.048224,-0.0017759999999999998,0.0017759999999999998,0.01,0.010056,5.6000000000000494e-05,5.6000000000000494e-05,gan_s118_speed_p160_x0_y0,19.893975298384717,9.465571403503418,0.48005437598097356
gan,119,28.64859349736028,16.12848448841139,299.58532429477646,477.8904833391336,28.494180003941736,0.7401698403244761,2.138772799619028,0.6692927726410526,-1.4694800269779758,1.4694800269779758,0.36235774053472064,0.07260206039163997,14.040633301305743,14.703624951045935,0.6629916497401922,0.6629916497401922,0.913044,0.920716,0.007672000000000012,0.007672000000000012,0.55378,0.560908,0.007127999999999912,0.007127999999999912,0.185688,0.189916,0.0042280000000000095,0.0042280000000000095,0.1,0.098268,-0.0017320000000000113,0.0017320000000000113,0.05,0.050664,0.0006639999999999979,0.0006639999999999979,0.01,0.007804,-0.002196,0.002196,gan_s119_speed_p160_x0_y0,20.557132674744736,6.129123687744141,0.47007327830598333
gan,120,28.056405626868955,19.807033913207672,309.5303614677645,499.6170709921167,30.558182451155204,0.6594494495861232,1.8271397891062162,0.5826462657622924,-1.2444935233439238,1.2444935233439238,0.36960340035765415,0.07494999909427055,15.608537130845948,15.947597872835889,0.3390607419899414,0.3390607419899414,0.909956,0.916056,0.006099999999999994,0.006099999999999994,0.596408,0.603152,0.006743999999999972,0.006743999999999972,0.187684,0.193708,0.006024000000000002,0.006024000000000002,0.1,0.100856,0.0008559999999999957,0.0008559999999999957,0.05,0.049124,-0.0008760000000000018,0.0008760000000000018,0.01,0.00668,-0.00332,0.00332,gan_s120_speed_p160_x0_y0,21.528863701574615,7.93386173248291,0.44522944478335996
gan,121,27.44935036722008,20.461402933568795,309.52539122777034,492.4645904434149,27.97613112647773,0.5670621558344338,1.5422565884057362,0.5503513507597021,-0.9919052376460341,0.9919052376460341,0.3601832970127603,0.07581278053528066,13.494882949295075,14.169634413731618,0.6747514644365431,0.6747514644365431,0.911144,0.915876,0.0047320000000000695,0.0047320000000000695,0.619796,0.630832,0.011035999999999935,0.011035999999999935,0.189976,0.192568,0.002591999999999983,0.002591999999999983,0.1,0.1002,0.00019999999999999185,0.00019999999999999185,0.05,0.0497,-0.00030000000000000165,0.00030000000000000165,0.01,0.007608,-0.002392,0.002392,gan_s121_speed_p160_x0_y0,21.37188887795256,7.535200595855713,0.43548105809582743
gan,122,27.586252496259064,23.85870911730003,320.07828418458104,496.9292382188164,35.471443722027146,0.5395786682530351,1.447192335273558,0.4706014790474985,-0.9765908562260596,0.9765908562260596,0.3616638867439435,0.07944299227274017,13.13327209479545,13.16517192531888,0.031899830523430595,0.031899830523430595,0.91018,0.916128,0.005948000000000064,0.005948000000000064,0.639764,0.655772,0.016008000000000022,0.016008000000000022,0.20568,0.210692,0.005011999999999989,0.005011999999999989,0.1,0.101728,0.0017279999999999934,0.0017279999999999934,0.05,0.049092,-0.000908000000000006,0.000908000000000006,0.01,0.006468,-0.0035320000000000004,0.0035320000000000004,gan_s122_speed_p160_x0_y0,22.491589595860475,7.450175762176514,0.44019118985330985
gan,123,27.812429271433984,39.75336415634892,332.16689209876336,524.4354980143601,45.128398156158916,0.5370265974915097,1.3276385751160749,0.45023282526538094,-0.877405749850694,0.877405749850694,0.36488476094391226,0.06389237374946853,13.066719807886246,14.34807520640691,1.281355398520665,1.281355398520665,0.909328,0.914292,0.0049639999999999684,0.0049639999999999684,0.665172,0.680364,0.015191999999999983,0.015191999999999983,0.228052,0.236432,0.008379999999999999,0.008379999999999999,0.1,0.101824,0.0018239999999999923,0.0018239999999999923,0.05,0.046972,-0.003028000000000003,0.003028000000000003,0.01,0.009744,-0.000256000000000001,0.000256000000000001,gan_s123_speed_p160_x0_y0,22.17220391892049,8.431406021118164,0.4327999866104032
gan,124,28.308030112839308,42.65509852464916,339.05467190353255,525.4560810658708,46.83108214554476,0.5106536567728026,1.2477450906372733,0.4511906813801961,-0.7965544092570773,0.7965544092570773,0.35921450434048496,0.06567343308801447,13.409004349790742,15.402557532678813,1.9935531828880713,1.9935531828880713,0.907868,0.911748,0.0038799999999999946,0.0038799999999999946,0.680916,0.698996,0.018079999999999985,0.018079999999999985,0.248032,0.255176,0.0071440000000000115,0.0071440000000000115,0.1,0.10094,0.0009399999999999964,0.0009399999999999964,0.05,0.052128,0.002127999999999998,0.002127999999999998,0.01,0.007568,-0.002432,0.002432,gan_s124_speed_p160_x0_y0,22.119830159019614,6.818744659423828,0.4141976123281667
gan,125,27.87041943199918,58.62918417299251,361.167201926883,567.0601380015918,63.09165075854195,0.569253949972932,1.3292063391943603,0.4773757732040198,-0.8518305659903405,0.8518305659903405,0.36291134641997935,0.05362091631982398,13.957858602880808,17.82080041390983,3.862941811029021,3.862941811029021,0.911408,0.91478,0.0033720000000000416,0.0033720000000000416,0.690376,0.715652,0.025275999999999965,0.025275999999999965,0.268312,0.276264,0.007952000000000015,0.007952000000000015,0.1,0.107492,0.007491999999999999,0.007491999999999999,0.05,0.051172,0.0011719999999999994,0.0011719999999999994,0.01,0.00842,-0.0015799999999999998,0.0015799999999999998,gan_s125_speed_p160_x0_y0,21.313574573250694,10.086677551269531,0.42166056631989424
gan,126,28.412491113891896,58.63032660128718,375.9306804186566,595.504660506199,70.5457451344378,0.6459511295817607,1.6033758786833776,0.550426850126233,-1.0529490285571446,1.0529490285571446,0.3636141143667641,0.051591338555431604,13.248735770585899,21.67070559249317,8.421969821907272,8.421969821907272,0.916108,0.91974,0.0036319999999999686,0.0036319999999999686,0.695312,0.719076,0.023764000000000007,0.023764000000000007,0.279492,0.28514,0.005647999999999986,0.005647999999999986,0.1,0.10806,0.008059999999999998,0.008059999999999998,0.05,0.04676,-0.00324,0.00324,0.01,0.006724,-0.0032760000000000003,0.0032760000000000003,gan_s126_speed_p160_x0_y0,22.88972837862729,8.052214622497559,0.439279977020164
gan,127,28.399327082066755,64.67332955002082,391.4042278112841,635.8605204367065,68.9965731045971,0.6255431090106381,1.6475694843330406,0.4950186649700418,-1.1525508193629987,1.1525508193629987,0.3642248416042237,0.054113165396665705,13.904757442146803,25.285511813371635,11.380754371224832,11.380754371224832,0.92212,0.925696,0.0035759999999999126,0.0035759999999999126,0.709052,0.732092,0.02303999999999995,0.02303999999999995,0.28874,0.29372,0.0049799999999999844,0.0049799999999999844,0.1,0.105876,0.005875999999999992,0.005875999999999992,0.05,0.053396,0.0033959999999999962,0.0033959999999999962,0.01,0.008328,-0.0016719999999999999,0.0016719999999999999,gan_s127_speed_p160_x0_y0,24.85609607980766,13.074076652526855,0.4280666334304443
gan,128,28.45865624852988,87.54693048818008,430.0397357541325,725.6786768536249,87.83884506993179,0.5776115527625175,1.579192161167967,0.5658532266520689,-1.013338934515898,1.013338934515898,0.3783803589027241,0.052974235268961244,14.744639324330674,24.431220865418663,9.686581541087989,9.686581541087989,0.927604,0.931368,0.0037639999999999896,0.0037639999999999896,0.723528,0.748184,0.02465600000000001,0.02465600000000001,0.298964,0.310656,0.01169199999999998,0.01169199999999998,0.1,0.1057,0.005699999999999997,0.005699999999999997,0.05,0.056456,0.0064559999999999965,0.0064559999999999965,0.01,0.01068,0.00068,0.00068,gan_s128_speed_p160_x0_y0,23.315252316365218,7.28298807144165,0.4483527536282987
gan,129,29.102357899794782,98.28522919256045,448.4550497570224,776.4009661413781,99.7496926378283,0.5343006889048177,1.6313119454018394,0.5608959458670228,-1.0704159995348166,1.0704159995348166,0.3865510115520746,0.04480431074331965,16.416720851100305,24.63318008057566,8.216459229475355,8.216459229475355,0.929564,0.934708,0.005144000000000037,0.005144000000000037,0.725064,0.748804,0.023739999999999983,0.023739999999999983,0.318756,0.328956,0.010200000000000042,0.010200000000000042,0.1,0.107932,0.007931999999999995,0.007931999999999995,0.05,0.056768,0.006767999999999996,0.006767999999999996,0.01,0.009904,-9.60000000000006e-05,9.60000000000006e-05,gan_s129_speed_p160_x0_y0,24.209883048645104,9.33877944946289,0.4721134048148697
gan,130,29.28961548010907,112.74241868166419,481.3159311336986,886.1835670678566,112.80385281402701,0.5516172466242166,1.7140338738221137,0.6234813778629377,-1.0905524959591761,1.0905524959591761,0.40612545092541985,0.04867010912853532,18.096669871327904,30.278518418259857,12.181848546931953,12.181848546931953,0.936988,0.939612,0.0026239999999999597,0.0026239999999999597,0.725716,0.755624,0.029907999999999935,0.029907999999999935,0.3301,0.34052,0.010419999999999985,0.010419999999999985,0.1,0.113604,0.013603999999999991,0.013603999999999991,0.05,0.057164,0.007163999999999997,0.007163999999999997,0.01,0.011844,0.0018440000000000002,0.0018440000000000002,gan_s130_speed_p160_x0_y0,23.783031491875988,11.313863754272461,0.5019719660646405
gan,131,29.47617395331682,126.19129082807227,503.46271390344896,916.2333511878167,126.19131216309836,0.5231116919626858,1.818778592068076,0.6383455950128839,-1.180432997055192,1.180432997055192,0.42096771850022685,0.04500116950724971,19.348825623571486,29.783729398126034,10.434903774554549,10.434903774554549,0.94712,0.951152,0.0040320000000000356,0.0040320000000000356,0.731148,0.761284,0.03013599999999994,0.03013599999999994,0.33826,0.351564,0.013303999999999983,0.013303999999999983,0.1,0.11274,0.012740000000000001,0.012740000000000001,0.05,0.058464,0.008464,0.008464,0.01,0.012556,0.0025559999999999992,0.0025559999999999992,gan_s131_speed_p160_x0_y0,25.23355611194131,12.011610984802246,0.5220472603960068
gan,132,29.448918913844622,132.08016627099124,533.1026071815501,947.7806623153112,132.5463728738682,0.497151765195824,1.8037943394664662,0.69426596125491,-1.1095283782115561,1.1095283782115561,0.44437149556881556,0.042054724291014596,19.93294606923691,26.48748204718362,6.55453597794671,6.55453597794671,0.955072,0.959108,0.0040359999999999285,0.0040359999999999285,0.73138,0.76042,0.029039999999999955,0.029039999999999955,0.347748,0.367448,0.019699999999999995,0.019699999999999995,0.1,0.10974,0.009739999999999999,0.009739999999999999,0.05,0.051804,0.001804,0.001804,0.01,0.010692,0.0006919999999999999,0.0006919999999999999,gan_s132_speed_p160_x0_y0,25.90821112354989,12.388164520263672,0.507323688810697
gan,133,29.149916271310992,156.50566408517162,551.9817313169547,1011.2021055546413,156.5352783055847,0.5095963993172615,1.8212350564580608,0.8186561844922482,-1.0025788719658126,1.0025788719658126,0.45379519855970923,0.03605154413068519,20.52256534305453,24.33604578778286,3.813480444728331,3.813480444728331,0.966476,0.96796,0.0014840000000000408,0.0014840000000000408,0.729336,0.763852,0.03451599999999999,0.03451599999999999,0.363684,0.3845,0.020816,0.020816,0.1,0.110364,0.010363999999999998,0.010363999999999998,0.05,0.056572,0.0065719999999999945,0.0065719999999999945,0.01,0.01132,0.00132,0.00132,gan_s133_speed_p160_x0_y0,25.596877045000497,7.647167682647705,0.5157508563784019
gan,134,29.027925707568023,183.55067036251668,566.0555058686222,1094.9265044976464,183.6418129843473,0.5244604266823335,1.7388810344583978,0.9101395314403671,-0.8287415030180307,0.8287415030180307,0.4446236052436215,0.02970927748217353,22.857589274237995,27.50408321059629,4.6464939363582936,4.6464939363582936,0.969428,0.971592,0.0021640000000000548,0.0021640000000000548,0.702408,0.73852,0.03611199999999992,0.03611199999999992,0.371744,0.397836,0.026092000000000004,0.026092000000000004,0.1,0.115772,0.015771999999999994,0.015771999999999994,0.05,0.05874,0.008739999999999998,0.008739999999999998,0.01,0.010424,0.00042399999999999903,0.00042399999999999903,gan_s134_speed_p160_x0_y0,23.04058254540847,13.276667594909668,0.5342250149751496
gan,135,29.385561371382096,173.13293463438424,520.6697805662137,995.4798471314888,173.26715193043634,0.536045213492038,1.803240662182568,0.8520707363259172,-0.9511699258566508,0.9511699258566508,0.4130116049993031,0.03203946640929544,26.16763430024928,32.40127350299814,6.233639202748858,6.233639202748858,0.964336,0.96894,0.0046040000000000525,0.0046040000000000525,0.681544,0.719808,0.038263999999999965,0.038263999999999965,0.353852,0.378028,0.024175999999999975,0.024175999999999975,0.1,0.111444,0.011443999999999996,0.011443999999999996,0.05,0.056512,0.006511999999999997,0.006511999999999997,0.01,0.011296,0.0012960000000000003,0.0012960000000000003,gan_s135_speed_p160_x0_y0,20.502693507156053,11.993122100830078,0.5414408149438579
gan,136,29.230918267086913,167.71912976054165,516.9843589790181,917.032915387234,169.75014402849467,0.5758165413167656,1.9224777246462654,0.8753289092221136,-1.0471488154241517,1.0471488154241517,0.38832897295556257,0.03680568578194192,21.964837659216478,28.29533395895964,6.330496299743164,6.330496299743164,0.972756,0.975056,0.0023000000000000798,0.0023000000000000798,0.68944,0.72398,0.034539999999999904,0.034539999999999904,0.34296,0.36714,0.024180000000000035,0.024180000000000035,0.1,0.112176,0.012175999999999992,0.012175999999999992,0.05,0.05762,0.007619999999999995,0.007619999999999995,0.01,0.009348,-0.0006519999999999998,0.0006519999999999998,gan_s136_speed_p160_x0_y0,19.71188765946126,6.450465202331543,0.5366988380924294
gan,137,29.123454310496797,161.0336148327654,501.71823377397345,868.7280107595013,161.24706163261382,0.4885155048466029,1.752362174102532,0.8726258975114214,-0.8797362765911105,0.8797362765911105,0.3756329418897179,0.05054055010752344,18.5627115092084,28.73665427724783,10.173942768039431,10.173942768039431,0.984,0.985288,0.0012880000000000669,0.0012880000000000669,0.6951,0.7333,0.0381999999999999,0.0381999999999999,0.32348,0.34788,0.024400000000000033,0.024400000000000033,0.1,0.10904,0.009039999999999992,0.009039999999999992,0.05,0.052716,0.002715999999999996,0.002715999999999996,0.01,0.01158,0.0015799999999999998,0.0015799999999999998,gan_s137_speed_p160_x0_y0,18.35521341147029,9.66958236694336,0.5077423311640489
gan,138,28.70658021157634,181.24853173627204,491.1376616660264,856.4085005117408,183.4092255347589,0.4629427278469856,1.7435568204462626,0.7972601408113793,-0.9462966796348833,0.9462966796348833,0.36633519498611083,0.04672186460464209,15.497296096336054,29.51983621487572,14.022540118539666,14.022540118539666,0.99004,0.989768,-0.00027200000000005,0.00027200000000005,0.70276,0.74342,0.04065999999999992,0.04065999999999992,0.296924,0.321536,0.024611999999999967,0.024611999999999967,0.1,0.111004,0.011004,0.011004,0.05,0.0578,0.0077999999999999944,0.0077999999999999944,0.01,0.010736,0.0007360000000000005,0.0007360000000000005,gan_s138_speed_p160_x0_y0,18.5898403985513,8.217479705810547,0.5456850929416477
gan,139,28.61279974959744,186.5934414411745,476.1048424159043,817.7555624754575,186.66667571003262,0.4194759853074698,1.5762302720523742,0.783659222965493,-0.7925710490868813,0.7925710490868813,0.3646766477799843,0.04696742714698112,15.457160992962294,29.90557626632472,14.448415273362425,14.448415273362425,0.992224,0.992484,0.000260000000000038,0.000260000000000038,0.70486,0.7462,0.04133999999999993,0.04133999999999993,0.261536,0.288836,0.02729999999999999,0.02729999999999999,0.1,0.109856,0.00985599999999999,0.00985599999999999,0.05,0.056252,0.006252000000000001,0.006252000000000001,0.01,0.011588,0.0015879999999999991,0.0015879999999999991,gan_s139_speed_p160_x0_y0,17.55339321269266,9.790724754333496,0.5134597766245074
gan,140,28.891977428236512,180.81033169784493,460.045384494257,786.6094234583692,180.91573359246277,0.4169205614948088,1.6827341317282043,0.793657033722702,-0.8890770980055023,0.8890770980055023,0.370056267576379,0.04709254782099707,14.904008476823916,29.51955288776486,14.615544410940943,14.615544410940943,0.99148,0.992272,0.0007920000000000149,0.0007920000000000149,0.68382,0.732844,0.04902400000000007,0.04902400000000007,0.231336,0.254528,0.023191999999999963,0.023191999999999963,0.1,0.1102,0.0102,0.0102,0.05,0.058384,0.008383999999999996,0.008383999999999996,0.01,0.011536,0.0015359999999999992,0.0015359999999999992,gan_s140_speed_p160_x0_y0,17.632487734588345,11.421890258789062,0.514961137395843
gan,141,27.951264446579756,206.49102297096834,489.0060766483011,857.5541039601907,206.49586353568873,0.5064450887656443,1.6669566082274898,0.8923428705687687,-0.7746137376587211,0.7746137376587211,0.42537945909586233,0.04857511189535225,13.408491486605593,23.407604399313744,9.999112912708151,9.999112912708151,0.985072,0.987008,0.0019360000000000488,0.0019360000000000488,0.662292,0.709416,0.047124000000000055,0.047124000000000055,0.201504,0.230376,0.02887200000000001,0.02887200000000001,0.1,0.116844,0.016843999999999998,0.016843999999999998,0.05,0.060792,0.010791999999999996,0.010791999999999996,0.01,0.014976,0.0049759999999999995,0.0049759999999999995,gan_s141_speed_p160_x0_y0,22.35126448334632,8.889102935791016,0.4714025673220518
gan,142,27.52755399592653,233.734850716198,525.346786718751,891.3915848842397,233.73567248539868,0.6726422995110726,1.5329281204926184,1.0433196256504895,-0.48960849484212887,0.48960849484212887,0.473250643967071,0.06260873413035983,11.984059357380639,19.039522757960953,7.055463400580313,7.055463400580313,0.985464,0.989192,0.0037279999999999536,0.0037279999999999536,0.710576,0.765304,0.054728,0.054728,0.190696,0.224224,0.033528,0.033528,0.1,0.121896,0.021896,0.021896,0.05,0.06286,0.012859999999999996,0.012859999999999996,0.01,0.0143,0.0043,0.0043,gan_s142_speed_p160_x0_y0,25.40867751345393,8.55953311920166,0.4488248277532636
gan,143,27.964528115073264,238.29194378051164,512.7306669415656,878.2544536046689,238.291947458851,0.7233523489127132,1.202228577939613,1.1013653996661064,-0.10086317827350655,0.10086317827350655,0.46045331535471823,0.05174161979087573,13.32130945400346,19.697502472601908,6.376193018598448,6.376193018598448,0.984388,0.9891,0.0047119999999999385,0.0047119999999999385,0.729096,0.783644,0.05454800000000004,0.05454800000000004,0.17538,0.209716,0.034336000000000005,0.034336000000000005,0.1,0.122396,0.022396,0.022396,0.05,0.062416,0.012415999999999996,0.012415999999999996,0.01,0.017656,0.007656000000000001,0.007656000000000001,gan_s143_speed_p160_x0_y0,25.608920781987035,9.649337768554688,0.48371385051330085
gan,144,27.972099536278403,234.9969365670275,496.21723869914683,851.0597290755185,234.99693656702752,0.7640246674032233,1.032857136087903,1.131752222486317,0.09889508639841393,0.09889508639841393,0.46035327873532883,0.048621224110928736,13.007897962217553,17.51139671996768,4.503498757750128,4.503498757750128,0.980188,0.987104,0.006916000000000033,0.006916000000000033,0.718288,0.777256,0.05896799999999991,0.05896799999999991,0.154728,0.18928,0.034552,0.034552,0.1,0.124892,0.024891999999999997,0.024891999999999997,0.05,0.06418,0.014179999999999998,0.014179999999999998,0.01,0.01614,0.006140000000000001,0.006140000000000001,gan_s144_speed_p160_x0_y0,24.790495069985838,9.771649360656738,0.4726846113622051
gan,145,27.819558995749066,241.31879895366612,479.30533407489287,819.5735805654259,241.31879970369502,0.7214239454242073,1.1816403350008309,1.1802620560556856,-0.001378278945145306,0.001378278945145306,0.45635861283016355,0.04432306974856258,13.35327217669109,16.88335097609198,3.530078799400888,3.530078799400888,0.974572,0.982712,0.008140000000000036,0.008140000000000036,0.689732,0.753572,0.06384000000000001,0.06384000000000001,0.13146,0.169112,0.03765200000000002,0.03765200000000002,0.1,0.131928,0.031927999999999984,0.031927999999999984,0.05,0.066112,0.016112,0.016112,0.01,0.015188,0.005188,0.005188,gan_s145_speed_p160_x0_y0,25.26410594488553,8.558032035827637,0.4696664618132524
gan,146,28.062514627219457,235.97787203796167,451.83328267974633,767.6285555598713,235.9778720399701,0.6496355490035338,1.2316611181766746,1.1454573693536787,-0.08620374882299586,0.08620374882299586,0.45562372702238835,0.0499337959292375,12.743205924987045,15.628422051279575,2.88521612629253,2.88521612629253,0.96938,0.980384,0.011004000000000014,0.011004000000000014,0.631576,0.705104,0.07352799999999993,0.07352799999999993,0.107344,0.144936,0.037592000000000014,0.037592000000000014,0.1,0.136176,0.036175999999999986,0.036175999999999986,0.05,0.069336,0.019335999999999992,0.019335999999999992,0.01,0.016564,0.006563999999999999,0.006563999999999999,gan_s146_speed_p160_x0_y0,23.86618294113101,7.056334018707275,0.5038482397646202
gan,147,28.43750090042945,218.70159682709973,416.1768153730839,706.0120075950706,218.70168654374265,0.561104941668058,1.3232125867969036,0.9714033101290465,-0.3518092766678571,0.3518092766678571,0.4477267031142928,0.04368514467237275,11.883416673081037,14.648531909874391,2.7651152367933545,2.7651152367933545,0.961256,0.973936,0.012680000000000025,0.012680000000000025,0.55098,0.628224,0.07724399999999998,0.07724399999999998,0.085936,0.116564,0.030628000000000002,0.030628000000000002,0.1,0.133808,0.033808000000000005,0.033808000000000005,0.05,0.0721,0.022099999999999995,0.022099999999999995,0.01,0.014032,0.004031999999999999,0.004031999999999999,gan_s147_speed_p160_x0_y0,22.003227031713678,6.8347039222717285,0.47380608958397735
gan,148,28.75645886128091,202.26547641489404,393.22461195980765,693.5500927581369,202.2654775631364,0.5516134963784817,1.3393172693316115,0.9088144171970185,-0.43050285213459305,0.43050285213459305,0.4476012707005045,0.053521405869651276,12.101998708899359,16.04906669677514,3.94706798787578,3.94706798787578,0.947336,0.963432,0.016096,0.016096,0.4896,0.555608,0.06600800000000001,0.06600800000000001,0.075684,0.099488,0.023803999999999992,0.023803999999999992,0.1,0.130444,0.030444,0.030444,0.05,0.068412,0.018411999999999998,0.018411999999999998,0.01,0.015312,0.005311999999999999,0.005311999999999999,gan_s148_speed_p160_x0_y0,21.1331690923618,8.882506370544434,0.48470823605934676
gan,149,28.68495546130564,185.57801578396317,365.78992145163676,661.1385084753379,185.5786208958316,0.48855869798542,1.4469407751289787,0.9221205165153334,-0.5248202586136452,0.5248202586136452,0.4473506280064279,0.06082791124537961,13.561027076938803,16.83148162306761,3.270454546128807,3.270454546128807,0.931972,0.95004,0.018067999999999973,0.018067999999999973,0.428292,0.493908,0.06561600000000001,0.06561600000000001,0.06484,0.086104,0.021264000000000005,0.021264000000000005,0.1,0.125824,0.025823999999999986,0.025823999999999986,0.05,0.069384,0.019384,0.019384,0.01,0.015416,0.005415999999999999,0.005415999999999999,gan_s149_speed_p160_x0_y0,21.36081867901896,8.038224220275879,0.5002501072820889
gan,150,28.656089806441578,149.98626205458365,320.6306980869537,576.9820830433434,149.98626304831677,0.4140845054937672,1.3493192609857518,0.9349421410518592,-0.4143771199338926,0.4143771199338926,0.42626760210364517,0.050827419971114396,15.039116577648668,16.77095946224322,1.7318428845945508,1.7318428845945508,0.91332,0.934476,0.021155999999999953,0.021155999999999953,0.38242,0.434448,0.05202800000000002,0.05202800000000002,0.049216,0.068524,0.019308,0.019308,0.1,0.12716,0.02715999999999999,0.02715999999999999,0.05,0.069492,0.019491999999999995,0.019491999999999995,0.01,0.01478,0.0047799999999999995,0.0047799999999999995,gan_s150_speed_p160_x0_y0,20.19277068635915,7.924254417419434,0.5131711083398754
gan,151,28.9056002997851,133.98969626399685,288.3041319810336,531.6783778889121,133.98969695852423,0.3501711544195922,1.247643194121899,0.9131376136306714,-0.3345055804912277,0.3345055804912277,0.400667249043033,0.04714637996407291,16.698666518469402,15.322373792554032,-1.3762927259153699,1.3762927259153699,0.883036,0.903412,0.02037599999999995,0.02037599999999995,0.337924,0.380736,0.04281200000000002,0.04281200000000002,0.042688,0.056696,0.014008000000000007,0.014008000000000007,0.1,0.126256,0.026256,0.026256,0.05,0.066616,0.016615999999999992,0.016615999999999992,0.01,0.017432,0.007431999999999999,0.007431999999999999,gan_s151_speed_p160_x0_y0,19.596870056685123,7.460690975189209,0.4635901674911973
gan,152,29.192167797165673,111.93935237297094,249.6704318657507,499.5459064898008,111.93950001578257,0.3226019814509589,1.1157336517809078,0.8997350879846114,-0.21599856379629634,0.21599856379629634,0.36898604767647275,0.04459639996298897,17.924525929358566,17.488118783166044,-0.4364071461925221,0.4364071461925221,0.844668,0.866428,0.02176,0.02176,0.301004,0.332352,0.03134799999999999,0.03134799999999999,0.039396,0.0515,0.012103999999999997,0.012103999999999997,0.1,0.125004,0.025004,0.025004,0.05,0.063776,0.013775999999999997,0.013775999999999997,0.01,0.016696,0.006695999999999999,0.006695999999999999,gan_s152_speed_p160_x0_y0,17.338820427078797,8.478921890258789,0.46206718190774443
gan,153,29.791567329438266,92.97440595025878,218.81987930178886,461.615727106193,92.98005734575794,0.2797736829118567,1.112625882683374,0.8463468609922921,-0.26627902169108186,0.26627902169108186,0.3449913788116464,0.039414175640529424,19.908852043905025,19.790870552842783,-0.11798149106224187,0.11798149106224187,0.812132,0.829196,0.01706400000000008,0.01706400000000008,0.2626,0.29224,0.02964,0.02964,0.029608,0.042584,0.012975999999999998,0.012975999999999998,0.1,0.120072,0.020071999999999993,0.020071999999999993,0.05,0.061576,0.011575999999999996,0.011575999999999996,0.01,0.016624,0.006624,0.006624,gan_s153_speed_p160_x0_y0,16.23765159094386,6.548172950744629,0.4216136438136234
gan,154,29.652097133944917,73.66695624736268,188.10214317928347,437.1995721874778,73.69090289629732,0.24366284705292787,1.0294072084828771,0.8654997673630793,-0.16390744111979783,0.16390744111979783,0.32260399844803583,0.04422510512432475,22.8531611852017,24.58374775448997,1.7305865692882705,1.7305865692882705,0.78642,0.8004,0.013979999999999992,0.013979999999999992,0.22532,0.251516,0.026196000000000025,0.026196000000000025,0.019328,0.026824,0.007495999999999999,0.007495999999999999,0.1,0.116364,0.01636399999999999,0.01636399999999999,0.05,0.06326,0.013259999999999994,0.013259999999999994,0.01,0.015368,0.0053679999999999995,0.0053679999999999995,gan_s154_speed_p160_x0_y0,16.834477000311573,5.736759185791016,0.42888224852477325
gan,155,29.962125931616836,56.61962932181527,160.33151637082227,400.740848408816,56.73366462932318,0.24714667391861941,1.0693874870555182,0.7515000122352289,-0.31788747482028934,0.31788747482028934,0.30387233550560655,0.03651182626723436,25.70772113487047,25.388924299757726,-0.3187968351127459,0.3187968351127459,0.758944,0.771612,0.012668000000000013,0.012668000000000013,0.201936,0.214952,0.013016,0.013016,0.014052,0.021224,0.0071719999999999996,0.0071719999999999996,0.1,0.110252,0.010251999999999997,0.010251999999999997,0.05,0.061696,0.011695999999999998,0.011695999999999998,0.01,0.015788,0.005788,0.005788,gan_s155_speed_p160_x0_y0,17.444078563809867,6.612644195556641,0.4142508047352769
gan,156,30.215193986245097,47.451007318597426,140.32865259836927,366.10460802192557,47.61244536196913,0.23815860775360476,1.1092661612777222,0.7561889355992356,-0.35307722567848654,0.35307722567848654,0.2918608766151074,0.03815090580011015,31.47260279133326,31.47403038271313,0.0014275913798726947,0.0014275913798726947,0.725524,0.738808,0.013284000000000074,0.013284000000000074,0.163656,0.176276,0.012619999999999992,0.012619999999999992,0.00916,0.014112,0.004952,0.004952,0.1,0.108032,0.008031999999999997,0.008031999999999997,0.05,0.06088,0.010879999999999994,0.010879999999999994,0.01,0.015044,0.005044,0.005044,gan_s156_speed_p160_x0_y0,17.879759557761357,9.264598846435547,0.47793289417761153
gan,157,30.375056817110664,32.06486691511413,113.01379457996647,244.51427612993345,32.20575047828645,0.24156001461153725,1.1723457079199564,0.7513481354754411,-0.4209975724445153,0.4209975724445153,0.27546227613015717,0.0328040779692192,28.225352204481215,20.135822335910035,-8.08952986857118,8.08952986857118,0.693824,0.709336,0.01551199999999997,0.01551199999999997,0.135444,0.147372,0.011927999999999994,0.011927999999999994,0.003936,0.005884,0.001948,0.001948,0.1,0.11354,0.013539999999999996,0.013539999999999996,0.05,0.05656,0.006559999999999996,0.006559999999999996,0.01,0.014008,0.004007999999999999,0.004007999999999999,gan_s157_speed_p160_x0_y0,18.686237526393793,8.282842636108398,0.484282670568747
gan,158,30.969235138229056,20.85127684373003,83.23121713700822,194.5317392158287,20.90398691126927,0.25568286917796834,1.4081308883128203,0.7972493218675494,-0.6108815664452709,0.6108815664452709,0.25857789599187647,0.027692242181618962,28.941400594398615,20.155376326240628,-8.786024268157988,8.786024268157988,0.625248,0.640376,0.01512799999999992,0.01512799999999992,0.085524,0.0941,0.008576,0.008576,0.001304,0.001944,0.0006399999999999999,0.0006399999999999999,0.1,0.107448,0.007447999999999996,0.007447999999999996,0.05,0.058048,0.008048,0.008048,0.01,0.014148,0.004148000000000001,0.004148000000000001,gan_s158_speed_p160_x0_y0,22.72289165286213,8.312358856201172,0.49535974020549517
gan,159,32.14395901215604,15.149727151385802,67.6575429917224,216.48129751172607,15.196309301648185,0.27495780264577346,1.3703725917384304,0.7685700059881875,-0.6018025857502429,0.6018025857502429,0.22805519996428192,0.03427802576167996,38.73314854027398,28.63747762788261,-10.09567091239137,10.09567091239137,0.503464,0.522,0.018535999999999997,0.018535999999999997,0.047484,0.052804,0.005319999999999998,0.005319999999999998,0.001612,0.001852,0.00023999999999999998,0.00023999999999999998,0.1,0.103148,0.003147999999999998,0.003147999999999998,0.05,0.056648,0.006647999999999994,0.006647999999999994,0.01,0.014328,0.004328,0.004328,gan_s159_speed_p160_x0_y0,19.84507792462866,10.700226783752441,0.5834857077182944
gan,160,32.77699322877886,10.121669802633356,62.92976950133525,268.41798852800275,10.622303754485324,0.30838511610946967,1.3179728803319062,0.7472530625398269,-0.5707198177920793,0.5707198177920793,0.2094333206143772,0.04805173537655228,50.63551046967133,39.68959287609957,-10.945917593571764,10.945917593571764,0.484428,0.496892,0.012463999999999975,0.012463999999999975,0.042084,0.045392,0.0033079999999999984,0.0033079999999999984,0.00206,0.002292,0.000232,0.000232,0.1,0.104008,0.004007999999999998,0.004007999999999998,0.05,0.052756,0.0027559999999999946,0.0027559999999999946,0.01,0.0129,0.0029,0.0029,gan_s160_speed_p160_x0_y0,20.14027527603938,13.9108247756958,0.6204719841972792
gan,161,32.63897086690963,8.545529844769126,61.851069315102684,251.55979904025983,9.220310401316267,0.3543362672489154,1.3727218389205744,0.8020742836270197,-0.5706475552935547,0.5706475552935547,0.20160143245230905,0.05701462969669592,55.660971424388514,37.61902210852844,-18.041949315860073,18.041949315860073,0.480128,0.49386,0.013732000000000022,0.013732000000000022,0.026672,0.033216,0.006544000000000001,0.006544000000000001,0.002708,0.002508,-0.0002000000000000001,0.0002000000000000001,0.1,0.105628,0.005627999999999994,0.005627999999999994,0.05,0.052052,0.0020519999999999983,0.0020519999999999983,0.01,0.010564,0.0005640000000000003,0.0005640000000000003,gan_s161_speed_p160_x0_y0,19.232825594053608,11.7100830078125,0.6217681894780157
gan,162,32.903320492912016,4.665789313409468,61.98094396008767,241.30364125809933,6.236325520381047,0.3580352869400225,1.4329605993259091,0.8460193350648872,-0.5869412642610219,0.5869412642610219,0.19554008203222506,0.0468139285321841,52.366359397861004,36.30048707561697,-16.065872322244033,16.065872322244033,0.484748,0.48512,0.00037199999999998346,0.00037199999999998346,0.022736,0.023268,0.0005320000000000012,0.0005320000000000012,0.003616,0.00356,-5.600000000000006e-05,5.600000000000006e-05,0.1,0.103332,0.0033319999999999877,0.0033319999999999877,0.05,0.053336,0.0033359999999999987,0.0033359999999999987,0.01,0.010024,2.3999999999999716e-05,2.3999999999999716e-05,gan_s162_speed_p160_x0_y0,19.457879947992573,9.695740699768066,0.6200876871141603
gan,163,32.684865071237866,4.10353117139384,70.61735719628186,273.0602940869607,5.856744129359462,0.4212877499589846,1.5957931398354737,0.876562907003474,-0.7192302328319997,0.7192302328319997,0.21019545667551265,0.05334808286599779,54.462968667493314,37.25379319615226,-17.209175471341055,17.209175471341055,0.499848,0.503068,0.003219999999999945,0.003219999999999945,0.025516,0.025844,0.00032799999999999843,0.00032799999999999843,0.006552,0.006444,-0.00010799999999999959,0.00010799999999999959,0.1,0.10522,0.0052199999999999885,0.0052199999999999885,0.05,0.054576,0.004575999999999997,0.004575999999999997,0.01,0.00952,-0.0004799999999999995,0.0004799999999999995,gan_s163_speed_p160_x0_y0,20.44637029980189,6.788956165313721,0.5838629536235947
gan,164,32.97695256377248,-0.8543764555363624,76.28128995604553,280.90990845892134,8.730596084459117,0.42698501880489775,1.8539996706150634,0.9902309224761006,-0.8637687481389629,0.8637687481389629,0.21799731240808556,0.039677658243398216,56.35284691321084,33.172414118642386,-23.180432794568453,23.180432794568453,0.546092,0.543864,-0.0022280000000000078,0.0022280000000000078,0.030024,0.029704,-0.00031999999999999737,0.00031999999999999737,0.006916,0.005348,-0.001568,0.001568,0.1,0.104636,0.004636000000000001,0.004636000000000001,0.05,0.052972,0.0029719999999999955,0.0029719999999999955,0.01,0.008364,-0.0016360000000000003,0.0016360000000000003,gan_s164_speed_p160_x0_y0,18.82963529736202,10.968896865844727,0.5862488931244949
gan,165,32.45761208363964,-0.43362985299500534,107.28316570592561,388.69635702172326,13.587324211192923,0.46330492751271773,2.179563193699524,1.088446537158665,-1.091116656540859,1.091116656540859,0.26117112507363033,0.03202803622280299,44.31106871751048,33.25750744311588,-11.053561274394603,11.053561274394603,0.606012,0.607624,0.0016120000000000578,0.0016120000000000578,0.045052,0.043092,-0.0019600000000000034,0.0019600000000000034,0.010728,0.009544,-0.0011839999999999993,0.0011839999999999993,0.1,0.09924,-0.0007600000000000107,0.0007600000000000107,0.05,0.048028,-0.0019720000000000015,0.0019720000000000015,0.01,0.008808,-0.0011920000000000004,0.0011920000000000004,gan_s165_speed_p160_x0_y0,20.548745956267595,11.26945972442627,0.5700947773982814
gan,166,31.68627086469874,-5.59150606555346,139.31310263125502,460.4774080399629,14.58249800563061,0.5155106247826241,2.425537144839458,1.0447229298528085,-1.3808142149866496,1.3808142149866496,0.28213565880401653,0.03235630605530043,34.1039286747155,31.88097409980653,-2.222954574908968,2.222954574908968,0.707184,0.707404,0.00021999999999999797,0.00021999999999999797,0.076156,0.071444,-0.004712000000000008,0.004712000000000008,0.017036,0.015748,-0.0012879999999999975,0.0012879999999999975,0.1,0.096432,-0.0035680000000000017,0.0035680000000000017,0.05,0.0459,-0.0040999999999999995,0.0040999999999999995,0.01,0.009308,-0.0006919999999999999,0.0006919999999999999,gan_s166_speed_p160_x0_y0,20.79692555045691,10.583955764770508,0.5453404295069678
gan,167,31.685931067550396,-12.198648665182489,171.2579024026796,516.5022895007017,17.63143435243029,0.5555806068389724,2.4054056954944625,0.959166691414572,-1.4462390040798905,1.4462390040798905,0.3031616090391683,0.04477419151919846,31.404058725117963,27.513974592378215,-3.890084132739748,3.890084132739748,0.751572,0.749804,-0.0017679999999999918,0.0017679999999999918,0.1045,0.099528,-0.00497199999999999,0.00497199999999999,0.021432,0.020928,-0.000504000000000001,0.000504000000000001,0.1,0.094216,-0.005784000000000011,0.005784000000000011,0.05,0.045892,-0.0041080000000000005,0.0041080000000000005,0.01,0.009336,-0.0006639999999999997,0.0006639999999999997,gan_s167_speed_p160_x0_y0,21.661112948338108,7.244186878204346,0.5571305474264625
