sample_idx,method_a,method_b,delta_sample_idx,delta_psnr,delta_wpd_bias,delta_wpd_mae,delta_wpd_rmse,delta_wpd_w1,delta_psd_log_l2,delta_psd_slope_gt,delta_psd_slope_sr,delta_psd_slope_delta,delta_psd_slope_abs_delta,delta_grad_mae,delta_grad_w1,delta_grad_kurtosis_gt,delta_grad_kurtosis_sr,delta_grad_kurtosis_delta,delta_grad_kurtosis_abs_delta,delta_exceed_frac_gt_t5,delta_exceed_frac_sr_t5,delta_exceed_frac_delta_t5,delta_exceed_frac_abs_delta_t5,delta_exceed_frac_gt_t10,delta_exceed_frac_sr_t10,delta_exceed_frac_delta_t10,delta_exceed_frac_abs_delta_t10,delta_exceed_frac_gt_t15,delta_exceed_frac_sr_t15,delta_exceed_frac_delta_t15,delta_exceed_frac_abs_delta_t15,delta_exceed_frac_gt_p90,delta_exceed_frac_sr_p90,delta_exceed_frac_delta_p90,delta_exceed_frac_abs_delta_p90,delta_exceed_frac_gt_p95,delta_exceed_frac_sr_p95,delta_exceed_frac_delta_p95,delta_exceed_frac_abs_delta_p95,delta_exceed_frac_gt_p99,delta_exceed_frac_sr_p99,delta_exceed_frac_delta_p99,delta_exceed_frac_abs_delta_p99,delta_pd_distance,delta_mt_distance,delta_ssim
0,cnn,gan,0.0,0.8797640876482191,27.25217853838023,-11.275334863095395,-4.023726937301376,-21.31658422153309,-0.03358273683498969,0.0,0.45117837630105617,0.45117837630105617,-0.45117837630105617,-0.010407246277257753,0.07454000034590288,0.0,-1.078117958997268,-1.078117958997268,1.078117958997268,0.0,0.0018720000000000958,0.0018720000000000958,-0.0018720000000000958,0.0,-0.00902,-0.00902,-0.0015959999999999586,0.0,0.005808000000000001,0.005808000000000001,-0.0037359999999999963,0.0,0.00762800000000001,0.00762800000000001,-0.00762800000000001,0.0,0.0075880000000000045,0.0075880000000000045,-0.004508000000000005,0.0,0.0016799999999999992,0.0016799999999999992,-0.0014000000000000002,1.84396352412017,-4.696573257446289,0.08788798620533089
1,cnn,gan,0.0,0.9598106740758396,20.18762955710256,-19.365508492697046,-52.796684235054954,-22.868622053093656,-0.02610037563458556,0.0,0.3876536159977241,0.38765361599772397,-0.38765361599772397,-0.016052185183228096,0.09469446153833058,0.0,-1.4518984241247495,-1.4518984241247495,1.4518984241247495,0.0,0.00804399999999994,0.00804399999999994,-0.0042919999999999625,0.0,0.00021999999999999797,0.00021999999999999797,-0.00021999999999999797,0.0,0.005047999999999997,0.005047999999999997,-0.005047999999999997,0.0,0.006524000000000002,0.006524000000000002,-0.006524000000000002,0.0,0.005347999999999999,0.005347999999999999,-0.005347999999999999,0.0,0.0006600000000000009,0.0006600000000000009,-0.0006600000000000009,2.223774349776093,-7.300331115722656,0.09409544758709187
2,cnn,gan,0.0,0.928963211104346,29.571053706519905,-15.511651864892144,-20.016378076947035,-29.886091189247544,-0.05434235628997863,0.0,0.43794217557417825,0.43794217557417836,-0.43794217557417836,-0.01341592322323748,0.09890936892110071,0.0,0.5591445455591746,0.5591445455591746,-0.5591445455591746,0.0,0.006120000000000014,0.006120000000000014,-0.005784000000000122,0.0,0.0016720000000000068,0.0016720000000000068,-0.00039999999999995595,0.0,0.006932000000000001,0.006932000000000001,-0.006932000000000001,0.0,0.009631999999999988,0.009631999999999988,-0.009631999999999988,0.0,0.006116000000000003,0.006116000000000003,-0.006116000000000003,0.0,0.0009240000000000003,0.0009240000000000003,-0.0009240000000000003,2.242198478061649,-3.448397159576416,0.06442190906153866
3,cnn,gan,0.0,0.9761671486968346,26.829987343863056,-27.76826267499797,-68.54457030474896,-31.8509377124287,-0.045937248106549755,0.0,0.45239729097070724,0.45239729097070724,-0.45239729097070724,-0.017180577888339044,0.1141583650498862,0.0,-0.9257826534671167,-0.9257826534671167,0.9257826534671167,0.0,0.005251999999999923,0.005251999999999923,-0.0045000000000000595,0.0,0.0020600000000000063,0.0020600000000000063,0.00015599999999998948,0.0,0.006199999999999997,0.006199999999999997,-0.006199999999999997,0.0,0.007283999999999999,0.007283999999999999,-0.007283999999999999,0.0,0.004460000000000006,0.004460000000000006,-0.004460000000000006,0.0,0.0005799999999999998,0.0005799999999999998,-0.0005799999999999998,1.4806979857800258,-4.959354877471924,0.06989645644371223
4,cnn,gan,0.0,0.9946436471339481,29.188371499672837,-33.9149387490429,-65.69710801875306,-28.603548696967707,-0.08757092565099844,0.0,0.5836490975847837,0.5836490975847837,-0.5836490975847837,-0.018281014641226445,0.1126479985162239,0.0,0.9556521816402732,0.9556521816402732,-0.9556521816402732,0.0,0.009124000000000021,0.009124000000000021,-0.009124000000000021,0.0,0.005900000000000016,0.005900000000000016,-0.0029639999999999667,0.0,0.0052320000000000005,0.0052320000000000005,-0.0052320000000000005,0.0,0.005015999999999993,0.005015999999999993,-0.005015999999999993,0.0,0.003159999999999996,0.003159999999999996,-0.003159999999999996,0.0,0.0005520000000000004,0.0005520000000000004,-0.0005520000000000004,1.900219978291588,-3.17252254486084,0.08002109644090227
5,cnn,gan,0.0,0.7617305514067318,26.501835686557012,-26.205900719623855,-28.115976206511846,-23.259209888460198,-0.06657879688391422,0.0,0.6323005105172232,0.6323005105172232,-0.6323005105172232,-0.014040238974477925,0.11560679379578206,0.0,1.960280366519818,1.960280366519818,-1.960280366519818,0.0,0.007859999999999978,0.007859999999999978,-0.007859999999999978,0.0,0.0012519999999999754,0.0012519999999999754,-0.00035599999999996745,0.0,0.002928,0.002928,-0.002928,0.0,0.0027399999999999924,0.0027399999999999924,-0.0027399999999999924,0.0,0.003155999999999999,0.003155999999999999,-0.003155999999999999,0.0,0.0012359999999999993,0.0012359999999999993,-0.0012359999999999993,4.515014821826373,-0.7779016494750977,0.07971802263857564
6,cnn,gan,0.0,1.0711951372530493,13.821287817374653,-41.451824870650285,-60.04245323256714,-10.291979146467881,-0.06840355775282692,0.0,0.5596143693417681,0.5596143693417681,-0.5596143693417681,-0.019300101747749154,0.1321361201219684,0.0,2.752413448568328,2.752413448568328,-2.752413448568328,0.0,0.008240000000000025,0.008240000000000025,-0.008240000000000025,0.0,0.0014959999999999973,0.0014959999999999973,0.0014959999999999973,0.0,0.0006279999999999897,0.0006279999999999897,-0.0006279999999999897,0.0,0.0008280000000000093,0.0008280000000000093,-0.0008280000000000093,0.0,0.001792000000000002,0.001792000000000002,-0.001792000000000002,0.0,0.000784,0.000784,-0.000784,4.0238919902617525,0.13336706161499023,0.09526586383242708
7,cnn,gan,0.0,1.1254579528723383,4.337152444259999,-54.36043732455613,-85.06231697845294,-3.016655042783242,-0.039385528403861,0.0,0.5729418036775092,0.5729418036775094,-0.5729418036775094,-0.01863044275099207,0.1518407681828696,0.0,1.199127678442789,1.199127678442789,-1.199127678442789,0.0,0.009419999999999984,0.009419999999999984,-0.0036199999999999566,0.0,-0.0009040000000000159,-0.0009040000000000159,-0.0009040000000000159,0.0,0.0010760000000000075,0.0010760000000000075,-0.0010760000000000075,0.0,0.0007399999999999907,0.0007399999999999907,-0.0007399999999999907,0.0,0.001232000000000004,0.001232000000000004,-0.001232000000000004,0.0,8.400000000000074e-05,8.400000000000074e-05,-8.400000000000074e-05,6.715905208801953,-1.441418170928955,0.09851242796992554
8,cnn,gan,0.0,0.9552527683503129,3.22079100583597,-49.24865210306399,-75.75888979831393,-5.422116220528437,-0.021546102935841804,0.0,0.6864210562355272,0.6864210562355273,-0.6864210562355273,-0.011796378036914357,0.15499892600305254,0.0,2.796386469115749,2.796386469115749,-2.796386469115749,0.0,0.010664000000000007,0.010664000000000007,-0.0020799999999998597,0.0,-0.0040999999999999925,-0.0040999999999999925,-0.0033720000000000416,0.0,-0.0008560000000000095,-0.0008560000000000095,0.0008560000000000095,0.0,-0.0008240000000000053,-0.0008240000000000053,0.0008240000000000053,0.0,3.999999999999837e-05,3.999999999999837e-05,-3.999999999999837e-05,0.0,-2.0000000000000052e-05,-2.0000000000000052e-05,2.0000000000000052e-05,6.35296897375575,1.4545478820800781,0.06015236343286523
9,cnn,gan,0.0,1.10548923653608,-7.8787344858264845,-56.16713258765719,-79.66942310479192,9.14527438368647,0.004774132700386402,0.0,0.638776066781147,0.6387760667811468,-0.6387760667811468,-0.014327492119692864,0.16468562662005987,0.0,1.8179986278553706,1.8179986278553706,-1.8179986278553706,0.0,0.007199999999999984,0.007199999999999984,0.0018079999999999208,0.0,-0.0042600000000000415,-0.0042600000000000415,0.0035880000000000356,0.0,-0.002352000000000007,-0.002352000000000007,0.002352000000000007,0.0,-0.002147999999999997,-0.002147999999999997,0.002147999999999997,0.0,-0.003155999999999999,-0.003155999999999999,0.003155999999999999,0.0,0.00011599999999999978,0.00011599999999999978,-0.00011599999999999978,5.174419222321482,-0.5232677459716797,0.05113279559871359
10,cnn,gan,0.0,1.2863590599120478,-14.817904081710996,-64.2417689331599,-91.13152992868777,15.622349690303466,0.10005939016909005,0.0,0.6281997399771412,0.6281997399771413,-0.6281997399771413,-0.023673376934451706,0.17752100152471012,0.0,3.0440971575636464,3.0440971575636464,-3.0440971575636464,0.0,0.0022079999999999878,0.0022079999999999878,0.0022079999999999878,0.0,-0.005824000000000051,-0.005824000000000051,0.0017279999999999518,0.0,-0.0023119999999999946,-0.0023119999999999946,0.0023119999999999946,0.0,-0.004623999999999989,-0.004623999999999989,0.004623999999999989,0.0,-0.002492000000000001,-0.002492000000000001,0.002492000000000001,0.0,-6.800000000000035e-05,-6.800000000000035e-05,6.800000000000035e-05,4.986953818566491,-0.7892866134643555,0.045120022119861325
11,cnn,gan,0.0,1.4996915770166908,-32.26591573554835,-74.05343012347322,-115.1275353106036,16.66689108904923,0.16879346764085246,0.0,0.6202400979214177,0.6202400979214178,-0.6202400979214178,-0.031623867622227575,0.18439975067390965,0.0,1.8337696918768316,1.8337696918768316,-1.8337696918768316,0.0,0.0013559999999999128,0.0013559999999999128,0.0013559999999999128,0.0,-0.009160000000000057,-0.009160000000000057,0.0022400000000000198,0.0,-0.0036519999999999886,-0.0036519999999999886,0.0036519999999999886,0.0,-0.005612000000000006,-0.005612000000000006,0.005612000000000006,0.0,-0.003020000000000002,-0.003020000000000002,0.003020000000000002,0.0,-0.002464,-0.002464,0.002464,3.7174578913149823,-1.9210023880004883,0.04352041403926121
12,cnn,gan,0.0,1.6010085611272444,-35.55813312692803,-74.85031323019939,-111.89562800452592,15.527369974846593,0.31360340645103635,0.0,0.6173187232808337,0.6173187232808337,-0.6173187232808337,-0.027313000194474746,0.195384459806951,0.0,1.374093088852618,1.374093088852618,-1.111322866759572,0.0,-0.0017159999999999398,-0.0017159999999999398,-0.0017159999999999398,0.0,-0.013751999999999986,-0.013751999999999986,0.0022400000000000198,0.0,-0.0037720000000000253,-0.0037720000000000253,0.0037720000000000253,0.0,-0.004619999999999999,-0.004619999999999999,0.004619999999999999,0.0,-0.003907999999999995,-0.003907999999999995,0.003907999999999995,0.0,-0.005128,-0.005128,0.005128,5.883909078911028,0.7026548385620117,0.024958441031090572
13,cnn,gan,0.0,1.7993030026182097,-45.484378703325774,-82.64617230350962,-127.90877107216039,13.615823134839388,0.33538572591086135,0.0,0.6447559801968901,0.6447559801968901,-0.6447559801968901,-0.03427058611886069,0.2038349685532173,0.0,0.9077704174383463,0.9077704174383463,-0.9077704174383463,0.0,-0.0032280000000000086,-0.0032280000000000086,-0.0032280000000000086,0.0,-0.016403999999999974,-0.016403999999999974,-0.0006840000000000179,0.0,-0.0011439999999999784,-0.0011439999999999784,0.0011439999999999784,0.0,-0.0046519999999999895,-0.0046519999999999895,0.0046519999999999895,0.0,-0.002584000000000003,-0.002584000000000003,0.002584000000000003,0.0,-0.0072440000000000004,-0.0072440000000000004,0.0072440000000000004,4.949986654047841,-1.3284177780151367,0.04585468526322617
14,cnn,gan,0.0,1.8639364721383274,-41.515981426733006,-82.84991643264044,-122.28594909104743,12.363590657345767,0.3249035248705763,0.0,0.49507314713497674,0.49507314713497674,-0.49507314713497674,-0.03419815669964582,0.20589952837737238,0.0,0.5221906104961036,0.5221906104961036,-0.5221906104961036,0.0,-0.006959999999999966,-0.006959999999999966,-0.006959999999999966,0.0,-0.021279999999999966,-0.021279999999999966,0.005903999999999909,0.0,-0.0009720000000000006,-0.0009720000000000006,0.0009720000000000006,0.0,-0.0031840000000000063,-0.0031840000000000063,0.0031840000000000063,0.0,-0.0021599999999999953,-0.0021599999999999953,0.0021599999999999953,0.0,-0.002636,-0.0026360000000000003,0.0026360000000000003,6.6186547936222055,-0.4289054870605469,0.048359935282972555
15,cnn,gan,0.0,1.8665661241287133,-41.86478322011009,-72.76161842411668,-111.58383283625767,15.735149879494749,0.24600067167581563,0.0,0.402098691448147,0.402098691448147,-0.402098691448147,-0.03294035867659806,0.1943700324806855,0.0,-0.9924295056331722,-0.9924295056331722,-0.9924295056331722,0.0,-0.01424000000000003,-0.01424000000000003,-0.009255999999999931,0.0,-0.01244400000000001,-0.01244400000000001,0.0012759999999999438,0.0,0.001472000000000001,0.001472000000000001,-0.0005280000000000007,0.0,-0.003820000000000004,-0.003820000000000004,0.003820000000000004,0.0,-0.0036880000000000038,-0.0036880000000000038,0.0036880000000000038,0.0,-0.002236,-0.002236,0.002236,7.1743463043269,-0.769874095916748,0.09192105451153582
16,cnn,gan,0.0,1.798462750063429,-41.12603971804065,-69.50356624432854,-92.53280360061154,8.379394306324826,0.16663974805548232,0.0,0.26898625504628737,0.26898625504628737,-0.26898625504628737,-0.033678406297687424,0.17129112189023965,0.0,1.1444985465445754,1.1444985465445754,-0.35769098613743466,0.0,-0.013131999999999922,-0.013131999999999922,-0.005236000000000018,0.0,-0.010271999999999948,-0.010271999999999948,-0.0025279999999999747,0.0,-0.0009839999999999849,-0.0009839999999999849,0.0009839999999999849,0.0,-0.003272000000000011,-0.003272000000000011,0.003272000000000011,0.0,0.00023200000000000304,0.00023200000000000304,-0.00023200000000000304,0.0,-0.002292,-0.0022920000000000006,0.0022920000000000006,6.43147564886435,0.2089829444885254,0.11067687600382492
17,cnn,gan,0.0,1.9348870927285446,-44.355823829265375,-72.16035921920991,-117.00369744874229,3.4852325070786776,0.051822904199517295,0.0,0.16587796786176046,0.16587796786176046,-0.16587796786176046,-0.032151200503350685,0.16498115970518834,0.0,-0.8920321398640532,-0.8920321398640532,0.8920321398640532,0.0,-0.009576000000000029,-0.009576000000000029,-0.007360000000000033,0.0,-0.01973999999999998,-0.01973999999999998,-0.0038920000000001176,0.0,-1.999999999996449e-05,-1.999999999996449e-05,-1.999999999996449e-05,0.0,-0.004867999999999997,-0.004867999999999997,0.004867999999999997,0.0,-0.0020000000000000018,-0.0020000000000000018,0.0020000000000000018,0.0,-0.00019200000000000033,-0.00019200000000000033,0.00019200000000000033,3.7822890574889776,0.44097423553466797,0.15449413504044823
18,cnn,gan,0.0,1.8680238199197774,-45.61179140592954,-80.4644345072519,-139.7945050287347,-11.96744814413642,0.07156668607338357,0.0,0.048385644396466976,0.048385644396466976,-0.048385644396466976,-0.03106018059475779,0.1759329720121337,0.0,1.5136048690525072,1.5136048690525072,-1.5136048690525072,0.0,-0.010791999999999913,-0.010791999999999913,-0.006936000000000053,0.0,-0.02238399999999996,-0.02238399999999996,-0.0014480000000001159,0.0,-0.0010839999999999739,-0.0010839999999999739,-0.0010839999999999739,0.0,-0.002792000000000003,-0.002792000000000003,0.002792000000000003,0.0,0.003968000000000006,0.003968000000000006,-0.003968000000000006,0.0,-0.001108,-0.0011079999999999996,0.0011079999999999996,1.7846641580542837,0.7042150497436523,0.17047726392317625
19,cnn,gan,0.0,2.081844652650684,-39.79014619077431,-93.97008019384154,-155.9820633791084,-23.72933444046395,0.013377799704727855,0.0,-0.04374805086136946,-0.04374805086136946,0.04374805086136946,-0.03753930031828234,0.167850258669511,0.0,-3.978757149713285,-3.978757149713285,3.978757149713285,0.0,-0.009784000000000015,-0.009784000000000015,-0.005864000000000091,0.0,-0.035872000000000015,-0.035872000000000015,-0.0050880000000000924,0.0,0.00019999999999997797,0.00019999999999997797,0.00019999999999997797,0.0,-0.002680000000000002,-0.002680000000000002,0.002680000000000002,0.0,0.004859999999999996,0.004859999999999996,-0.004859999999999996,0.0,-0.001824,-0.001824,0.001824,1.9774057392824496,1.4850749969482422,0.1683609477591107
20,cnn,gan,0.0,1.8760320847404017,-45.650681222873814,-84.64155904414599,-119.16962494126938,-41.16047437180561,0.03605873771081047,0.0,0.02700050415378541,0.02700050415378541,-0.02700050415378541,-0.034288899896146086,0.18407474249108668,0.0,-4.637901145804037,-4.637901145804037,0.9699122520322092,0.0,-0.005075999999999969,-0.005075999999999969,-0.005075999999999969,0.0,-0.038511999999999935,-0.038511999999999935,-0.01943200000000006,0.0,-0.0023760000000000447,-0.0023760000000000447,-0.0023760000000000447,0.0,0.002019999999999994,0.002019999999999994,-0.002019999999999994,0.0,0.0037439999999999973,0.0037439999999999973,-0.0037439999999999973,0.0,-0.0006559999999999995,-0.0006559999999999995,0.0006559999999999995,3.7129210916888518,0.5649247169494629,0.17728323055323952
21,cnn,gan,0.0,1.8217144573182296,-82.40747203278679,-88.02551651764361,-136.0748639414677,-47.863981236677375,0.1656297056532055,0.0,0.018278464630491265,0.01827846463049132,-0.01827846463049132,-0.028720857630364638,0.22348913887279787,0.0,-2.3188111406039944,-2.3188111406039944,2.3188111406039944,0.0,-0.00966800000000001,-0.00966800000000001,-0.00966800000000001,0.0,-0.04989199999999999,-0.04989199999999999,-0.029771999999999965,0.0,-0.006015999999999966,-0.006015999999999966,-0.006015999999999966,0.0,-0.001696000000000003,-0.001696000000000003,0.001696000000000003,0.0,0.0025599999999999998,0.0025599999999999998,-0.0025599999999999998,0.0,-0.0016160000000000002,-0.0016160000000000002,0.0016160000000000002,5.568341285858754,-2.6894378662109375,0.1305937115647096
22,cnn,gan,0.0,1.733172598314468,-105.32138018468807,-92.67043196994115,-140.73230231445734,-62.64156870205342,0.36341105805113,0.0,-0.035708410424802384,-0.03570841042480233,0.03570841042480233,-0.018243515255787435,0.24394147553182008,0.0,-4.4006172497504,-4.4006172497504,4.4006172497504,0.0,-0.01537999999999995,-0.01537999999999995,-0.01368400000000003,0.0,-0.052272000000000096,-0.052272000000000096,-0.03747199999999995,0.0,-0.006875999999999993,-0.006875999999999993,-0.006875999999999993,0.0,0.0036320000000000102,0.0036320000000000102,-0.0036320000000000102,0.0,0.004840000000000004,0.004840000000000004,-0.004840000000000004,0.0,-0.0031959999999999996,-0.003195999999999999,0.003195999999999999,5.89238054059355,-0.2651815414428711,0.07218253794301349
23,cnn,gan,0.0,1.771013094299576,-127.796579485048,-109.34478830607009,-187.51884776646455,-74.91291876551189,0.4320101212105759,0.0,-0.06968948919201107,-0.06968948919201112,0.06968948919201112,-0.013976252307030812,0.24187876023243063,0.0,5.004809637512189,5.004809637512189,5.004809637512189,0.0,-0.006987999999999994,-0.006987999999999994,-0.006987999999999994,0.0,-0.051807999999999965,-0.051807999999999965,-0.05008000000000001,0.0,-0.008828000000000003,-0.008828000000000003,-0.008828000000000003,0.0,-0.0003599999999999992,-0.0003599999999999992,0.0003599999999999992,0.0,0.002256000000000001,0.002256000000000001,-0.002256000000000001,0.0,-0.0013839999999999998,-0.0013839999999999998,0.0013839999999999998,5.332379081429529,-1.5902013778686523,0.05386804786564575
24,cnn,gan,0.0,1.648541918516088,-172.28820919392172,-123.71573319624349,-274.4753446639511,-111.73621766758644,0.4577405690828028,0.0,-0.10183655493559629,-0.10183655493559629,0.10183655493559629,-0.014947673396725258,0.23942346831466244,0.0,0.7225175430454698,0.7225175430454698,0.7225175430454698,0.0,-0.0038799999999999946,-0.0038799999999999946,-0.0038799999999999946,0.0,-0.04237600000000008,-0.04237600000000008,-0.04237600000000008,0.0,-0.01667599999999997,-0.01667599999999997,-0.01667599999999997,0.0,0.001480000000000009,0.001480000000000009,-0.001480000000000009,0.0,-0.0018799999999999997,-0.0018799999999999997,0.0018799999999999997,0.0,-0.0008720000000000004,-0.0008720000000000004,0.0008720000000000004,6.104082332594537,-4.848442554473877,0.0531507651592914
25,cnn,gan,0.0,1.5542636744720362,-170.96065279888384,-131.14541504060543,-208.68932779129523,-141.84713381394585,0.5088156255209337,0.0,-0.02246065344333803,-0.02246065344333803,0.02246065344333803,-0.016965537669024255,0.24316994985688134,0.0,9.543445483109256,9.543445483109256,8.991489175262455,0.0,-0.0043839999999999435,-0.0043839999999999435,-0.0043839999999999435,0.0,-0.04860399999999998,-0.04860399999999998,-0.04860399999999998,0.0,-0.02041599999999999,-0.02041599999999999,-0.02041599999999999,0.0,0.00027599999999999847,0.00027599999999999847,-0.00027599999999999847,0.0,0.002228000000000001,0.002228000000000001,-0.002228000000000001,0.0,-0.000876,-0.000876,0.000876,6.460623784854704,0.8701009750366211,0.0267183634431003
26,cnn,gan,0.0,1.5388835258671847,-227.2535713969567,-142.38810782939368,-331.6146780566851,-147.3869413425581,0.5942969173233749,0.0,0.0460194775487518,0.0460194775487518,-0.0460194775487518,-0.02027985158260437,0.2650071830179466,0.0,0.665923247703379,0.665923247703379,0.665923247703379,0.0,-0.0038920000000000066,-0.0038920000000000066,-0.0038920000000000066,0.0,-0.05179199999999995,-0.05179199999999995,-0.05179199999999995,0.0,-0.026359999999999995,-0.026359999999999995,-0.026359999999999995,0.0,-0.0018159999999999982,-0.0018159999999999982,0.0002480000000000121,0.0,-0.006592000000000001,-0.006592000000000001,0.006592000000000001,0.0,-0.00476,-0.00476,0.00476,4.246677164536258,-4.244935512542725,0.017785687996901278
27,cnn,gan,0.0,1.4307732421870831,-251.28031458556612,-147.86178575824204,-467.099219310476,-155.61641952161293,0.48104946688229155,0.0,-0.03306747680503763,-0.03306747680503763,0.03306747680503763,-0.025651296661255096,0.2585883288236459,0.0,-2.3099609194627746,-2.3099609194627746,-2.3099609194627746,0.0,-0.0020319999999999228,-0.0020319999999999228,-0.0020319999999999228,0.0,-0.048512,-0.048512,-0.048512,0.0,-0.030092000000000008,-0.030092000000000008,-0.02348399999999995,0.0,-0.0019640000000000074,-0.0019640000000000074,-0.0019640000000000074,0.0,-0.0068000000000000005,-0.0068000000000000005,0.004808000000000007,0.0,-0.0031319999999999994,-0.0031319999999999994,0.0031319999999999994,5.951590783761549,-13.490119457244873,0.029645301885254605
28,cnn,gan,0.0,1.5748895800670546,-264.8855020820138,-157.35644203079096,-446.39622085946326,-166.80854312979818,0.5264616812789964,0.0,-0.02010940451779375,-0.02010940451779375,0.02010940451779375,-0.03396939140715344,0.26051844476024766,0.0,-6.583519245980984,-6.583519245980984,4.348388396819711,0.0,-0.0028119999999999257,-0.0028119999999999257,-0.0028119999999999257,0.0,-0.04876799999999992,-0.04876799999999992,-0.04876799999999992,0.0,-0.03212799999999999,-0.03212799999999999,-0.022496000000000016,0.0,-0.008940000000000003,-0.008940000000000003,-0.003603999999999996,0.0,-0.008767999999999998,-0.008767999999999998,0.002728000000000008,0.0,-0.003476000000000001,-0.003476000000000001,0.003476000000000001,7.5824311295112174,-7.736997127532959,0.05224633325951533
29,cnn,gan,0.0,1.802224807501375,-284.64083669321474,-177.1121121969847,-537.6216573601876,-211.0562721548453,0.4923036239703244,0.0,-0.15454531903901414,-0.15454531903901414,0.15454531903901414,-0.04109969044330297,0.2320037263964906,0.0,-1.8673608932505097,-1.8673608932505097,1.8673608932505097,0.0,-0.0013400000000000079,-0.0013400000000000079,-0.0013400000000000079,0.0,-0.04823199999999994,-0.04823199999999994,-0.04823199999999994,0.0,-0.031863999999999976,-0.031863999999999976,-0.019815999999999973,0.0,-0.024515999999999996,-0.024515999999999996,-0.018771999999999997,0.0,-0.005156000000000001,-0.005156000000000001,-0.004075999999999989,0.0,-0.0035919999999999997,-0.0035919999999999997,-0.0007599999999999985,7.090496520061972,-5.9002685546875,0.0464149132790177
30,cnn,gan,0.0,1.81973192479024,-276.5053891353128,-170.51532824108142,-569.5291619651235,-206.21283823000738,0.545318910690666,0.0,-0.17714565001180615,-0.17714565001180615,0.17714565001180615,-0.03690333677483831,0.25141560745854735,0.0,-1.063416704873049,-1.063416704873049,-1.063416704873049,0.0,-0.0034720000000000306,-0.0034720000000000306,-0.0034720000000000306,0.0,-0.04583599999999999,-0.04583599999999999,-0.04583599999999999,0.0,-0.03157600000000002,-0.03157600000000002,-0.03042399999999998,0.0,-0.028107999999999994,-0.028107999999999994,-0.01150799999999999,0.0,-0.013732000000000001,-0.013732000000000001,-0.0022919999999999954,0.0,-0.004316,-0.004316,-0.0020440000000000007,9.11769536279277,-6.719937324523926,0.04764500751119949
31,cnn,gan,0.0,1.6490307437688756,-264.2684140960931,-142.4169969879713,-449.276208036507,-203.32567033403905,0.5206554921483757,0.0,-0.09311941859512407,-0.09311941859512407,0.09311941859512407,-0.030770762086192727,0.23051852967021785,0.0,-1.113768026385877,-1.113768026385877,-0.074206168815806,0.0,-0.005179999999999962,-0.005179999999999962,-0.005179999999999962,0.0,-0.044731999999999994,-0.044731999999999994,-0.044731999999999994,0.0,-0.051344,-0.051344,-0.03760800000000003,0.0,-0.025943999999999995,-0.025943999999999995,-0.015951999999999994,0.0,-0.02534,-0.02534,-0.005043999999999993,0.0,-0.004928,-0.004928,-0.0006559999999999986,7.798958550091694,-9.415461540222168,0.03308011549439582
32,cnn,gan,0.0,1.6957911410612994,-249.69733921720353,-142.25553153159,-473.4828494214827,-206.45020433848646,0.5717078641289541,0.0,-0.11101192876184895,-0.11101192876184895,0.11101192876184895,-0.037243198913933684,0.21182558040959185,0.0,-0.461946230995153,-0.461946230995153,-0.461946230995153,0.0,-0.005495999999999945,-0.005495999999999945,-0.005495999999999945,0.0,-0.05441600000000002,-0.05441600000000002,-0.05441600000000002,0.0,-0.03489600000000001,-0.03489600000000001,-0.029840000000000005,0.0,-0.028576000000000004,-0.028576000000000004,-0.01878399999999998,0.0,-0.023440000000000003,-0.023440000000000003,-0.012167999999999998,0.0,-0.006024,-0.006024,-0.0021199999999999986,8.012099789376382,-11.7681245803833,0.04734223970314855
33,cnn,gan,0.0,1.8029776369447212,-254.68813571493615,-147.1919734522217,-540.8189526967013,-199.10057555786574,0.6245049083501591,0.0,0.0743898927888409,0.0743898927888409,-0.0743898927888409,-0.022967547122923315,0.22092335479084713,0.0,-4.124335465768787,-4.124335465768787,-3.2683689632336126,0.0,-0.0034440000000000026,-0.0034440000000000026,-0.0034440000000000026,0.0,-0.052543999999999924,-0.052543999999999924,-0.052543999999999924,0.0,-0.04009600000000002,-0.04009600000000002,-0.026791999999999982,0.0,-0.02946,-0.02946,-0.018147999999999984,0.0,-0.031360000000000006,-0.031360000000000006,-0.009304,0.0,-0.007932,-0.007932,-0.0046359999999999995,7.992919330775159,-13.23584794998169,0.05191055661336752
34,cnn,gan,0.0,1.7014722416795145,-242.55086820043988,-132.44021639693108,-522.2486296212193,-176.16381199134076,0.7486220175311207,0.0,0.44330395109534404,0.44330395109534404,-0.44330395109534404,-0.02163306248386143,0.1995342322412424,0.0,-8.579360391732667,-8.579360391732667,-8.310154485327946,0.0,-0.0025640000000000107,-0.0025640000000000107,-0.0025640000000000107,0.0,-0.037840000000000096,-0.037840000000000096,-0.037840000000000096,0.0,-0.037076,-0.037076,-0.019748000000000043,0.0,-0.028387999999999997,-0.028387999999999997,-0.01038799999999998,0.0,-0.030067999999999998,-0.030067999999999998,-0.0031079999999999858,0.0,-0.008991999999999998,-0.008991999999999998,-0.0064399999999999995,8.448868502929422,-13.12288522720337,0.05564578953597643
35,cnn,gan,0.0,1.4092638682615437,-213.61727303044478,-111.08710107203564,-304.39927337759707,-160.63373018834906,0.7051935808720686,0.0,0.5731475403572035,0.5731475403572035,-0.5731475403572035,-0.020383343536103715,0.17515228340020825,0.0,-3.185634119505263,-3.185634119505263,-0.7426485351918579,0.0,-0.0048880000000000035,-0.0048880000000000035,-0.0048880000000000035,0.0,-0.03490800000000005,-0.03490800000000005,-0.03490800000000005,0.0,-0.036647999999999986,-0.036647999999999986,-0.022391999999999995,0.0,-0.03072000000000001,-0.03072000000000001,-0.012743999999999991,0.0,-0.020420000000000008,-0.020420000000000008,-0.008251999999999995,0.0,-0.007239999999999998,-0.007239999999999998,-0.006927999999999998,7.205796432989075,-8.16400957107544,0.04804291747568723
36,cnn,gan,0.0,1.4334327230339987,-200.4404683126253,-106.50124772510225,-227.76971637158738,-157.7560333687093,0.6691951414576072,0.0,0.58099410831844,0.58099410831844,-0.58099410831844,-0.02381462552975372,0.17054034357906822,0.0,-0.04540873018452629,-0.04540873018452629,0.04540873018452629,0.0,-0.006215999999999999,-0.006215999999999999,-0.006215999999999999,0.0,-0.03737200000000007,-0.03737200000000007,-0.03737200000000007,0.0,-0.0378,-0.0378,-0.01744000000000001,0.0,-0.027116,-0.027116,-0.010011999999999993,0.0,-0.019316,-0.019316,-0.008931999999999995,0.0,-0.004511999999999999,-0.004511999999999999,-0.004511999999999999,7.875280567716636,-3.1715517044067383,0.05251047448299562
37,cnn,gan,0.0,1.3964017022153463,-195.50008075064056,-110.46593587733344,-291.6332082683124,-158.37786651310432,0.594807109313954,0.0,0.40997444633012625,0.40997444633012625,-0.40997444633012625,-0.02647071613884272,0.16325786861719938,0.0,-1.3303516531372033,-1.3303516531372033,-1.3303516531372033,0.0,-0.00636800000000004,-0.00636800000000004,-0.00636800000000004,0.0,-0.03349599999999997,-0.03349599999999997,-0.03349599999999997,0.0,-0.029839999999999978,-0.029839999999999978,-0.01786399999999999,0.0,-0.030556,-0.030556,-0.01654,0.0,-0.016952000000000002,-0.016952000000000002,-0.012799999999999999,0.0,-0.008539999999999999,-0.008539999999999999,-0.005804,6.292953489676982,-3.1034741401672363,0.03743818636798524
38,cnn,gan,0.0,1.6570457034885102,-162.69280493696843,-102.16513107335646,-266.1415885859959,-130.14785084833204,0.3441298019969086,0.0,0.20151948231745198,0.20151948231745198,-0.20151948231745198,-0.03687704673878073,0.13559686249874214,0.0,-2.849064316850651,-2.849064316850651,-2.849064316850651,0.0,-0.010116000000000014,-0.010116000000000014,-0.010116000000000014,0.0,-0.036395999999999984,-0.036395999999999984,-0.036395999999999984,0.0,-0.017419999999999963,-0.017419999999999963,-0.010939999999999978,0.0,-0.024375999999999995,-0.024375999999999995,-0.015231999999999982,0.0,-0.023692000000000005,-0.023692000000000005,-0.011083999999999997,0.0,-0.0038919999999999996,-0.0038919999999999996,-0.0038919999999999996,5.379562854617582,-1.3623995780944824,0.05656397510840294
39,cnn,gan,0.0,2.150068446757281,-138.84273005287403,-101.447135284631,-270.58599030033395,-110.07023498153846,0.24680510849864123,0.0,-0.0855422542606128,-0.0855422542606128,0.0855422542606128,-0.0490843016955394,0.12030368902263393,0.0,-3.6246236990324263,-3.6246236990324263,-3.6246236990324263,0.0,-0.013631999999999977,-0.013631999999999977,-0.01104000000000005,0.0,-0.03781600000000007,-0.03781600000000007,-0.03781600000000007,0.0,-0.009060000000000012,-0.009060000000000012,-0.008539999999999992,0.0,-0.012948000000000001,-0.012948000000000001,-0.002811999999999995,0.0,-0.017311999999999994,-0.017311999999999994,-0.01372799999999999,0.0,-0.007892,-0.007892,-0.002092,3.886171126905573,-2.6726326942443848,0.04492518706944615
40,cnn,gan,0.0,2.5177067842436003,-105.37422419624079,-83.2061553213421,-219.37870413487838,-71.59217186634265,0.26556547320244517,0.0,-0.24091865276132418,-0.24091865276132418,0.24091865276132418,-0.047139084902731665,0.11161438316625208,0.0,-10.711796572298844,-10.711796572298844,-10.711796572298844,0.0,-0.010236000000000023,-0.010236000000000023,-0.008660000000000001,0.0,-0.031623999999999985,-0.031623999999999985,-0.031623999999999985,0.0,-0.006423999999999985,-0.006423999999999985,-0.0028960000000000097,0.0,-0.009011999999999992,-0.009011999999999992,-0.003379999999999994,0.0,-0.010339999999999995,-0.010339999999999995,-0.006427999999999996,0.0,-0.004475999999999999,-0.004475999999999999,-0.0006919999999999999,3.8342045414024355,-3.35744047164917,0.0908271192528387
41,cnn,gan,0.0,2.5674400468628846,-80.11867840882002,-70.16307673479264,-141.3168514067384,-56.661466952308814,0.23823966484615794,0.0,-0.3436685663297057,-0.34366856632970566,0.34366856632970566,-0.04291564299905934,0.10453544184271968,0.0,-7.113319202984851,-7.113319202984851,-7.113319202984851,0.0,-0.005120000000000013,-0.005120000000000013,-0.0031200000000000117,0.0,-0.024756,-0.024756,-0.024756,0.0,-0.009559999999999985,-0.009559999999999985,-0.005559999999999982,0.0,-0.007236000000000006,-0.007236000000000006,-0.002227999999999994,0.0,-0.008247999999999998,-0.008247999999999998,-0.0025039999999999993,0.0,-0.0062039999999999994,-0.0062039999999999994,-0.0014919999999999985,6.004470865065727,-3.5117835998535156,0.0959139795455678
42,cnn,gan,0.0,2.7967658265811295,-69.54914557430203,-66.24595444778905,-127.27140018264731,-53.06451597192561,0.19778687542399567,0.0,-0.355266522545484,-0.35526652254548396,0.35526652254548396,-0.04620536575054404,0.10338247902431555,0.0,-6.449903749796093,-6.449903749796093,-3.5656122903929983,0.0,-0.0043720000000000425,-0.0043720000000000425,-0.0043720000000000425,0.0,-0.027444000000000024,-0.027444000000000024,-0.027444000000000024,0.0,-0.004667999999999992,-0.004667999999999992,-0.0018039999999999862,0.0,-0.004951999999999998,-0.004951999999999998,-0.0035519999999999857,0.0,-0.008084000000000001,-0.008084000000000001,-0.003043999999999998,0.0,-0.0017399999999999985,-0.0017399999999999985,-0.0017399999999999985,6.997562038872003,-1.6252508163452148,0.12652669973464403
43,cnn,gan,0.0,3.0144663065062147,-67.95916696197807,-66.10564502114853,-128.4256496662334,-47.20704150186124,0.22187303726893767,0.0,-0.4363327595062823,-0.43633275950628236,0.43633275950628236,-0.05080405351259468,0.10652933381591162,0.0,-2.535909661625535,-2.535909661625535,0.9268724863437932,0.0,-0.0049319999999999364,-0.0049319999999999364,-0.0049319999999999364,0.0,-0.029668000000000028,-0.029668000000000028,-0.023419999999999996,0.0,-0.0015280000000000016,-0.0015280000000000016,-0.00028000000000000247,0.0,-0.00037600000000000133,-0.00037600000000000133,-0.00037600000000000133,0.0,-0.005524000000000001,-0.005524000000000001,-0.0018679999999999947,0.0,-0.004228000000000001,-0.004228000000000001,-0.002132,6.984029617323921,-1.2848858833312988,0.15034878856407602
44,cnn,gan,0.0,2.753980068240061,-66.53934539502991,-65.40898740817957,-164.7752303299183,-48.58791571550085,0.29786845616655955,0.0,-0.442878278860123,-0.442878278860123,0.442878278860123,-0.049051140699142404,0.10147569266230615,0.0,-9.987771897826011,-9.987771897826011,-0.9731449766033471,0.0,-0.00561199999999995,-0.00561199999999995,-0.00561199999999995,0.0,-0.022047999999999957,-0.022047999999999957,-0.010935999999999946,0.0,-0.007424,-0.007424,-0.007424,0.0,-0.0016120000000000023,-0.0016120000000000023,-0.0016120000000000023,0.0,-0.009683999999999998,-0.009683999999999998,-0.008908,0.0,-0.004128,-0.004128,-0.0023840000000000007,5.925737386288752,-0.8350815773010254,0.17851819213788267
45,cnn,gan,0.0,2.424514823398095,-77.900594537362,-71.38262254011835,-168.8061007398635,-56.17840250990577,0.4212832579308147,0.0,-0.4440509633027335,-0.4440509633027335,0.4440509633027335,-0.060017589531088766,0.11981021062407328,0.0,-2.724768668622417,-2.724768668622417,1.2870114042117748,0.0,-0.013807999999999931,-0.013807999999999931,-0.013807999999999931,0.0,-0.023540000000000005,-0.023540000000000005,-0.010635999999999979,0.0,-0.010372,-0.010372,-0.007196000000000001,0.0,-0.00893999999999999,-0.00893999999999999,-0.004691999999999988,0.0,-0.010076000000000002,-0.010076000000000002,-0.007339999999999999,0.0,-0.0070040000000000015,-0.0070040000000000015,-0.004276,6.918646754031586,-0.2069711685180664,0.19206344416956095
46,cnn,gan,0.0,2.282483429034915,-92.11667275909917,-79.57633529578428,-161.28833363853403,-62.72805579840305,0.46278205824743496,0.0,-0.37546920854174415,-0.37546920854174415,0.37546920854174415,-0.06156078413760341,0.12815142412092562,0.0,-1.137258384813446,-1.137258384813446,-0.33159142796065666,0.0,-0.008691999999999922,-0.008691999999999922,-0.008691999999999922,0.0,-0.029355999999999993,-0.029355999999999993,-0.015187999999999924,0.0,-0.007491999999999999,-0.007491999999999999,-0.00426,0.0,-0.012555999999999998,-0.012555999999999998,-0.012555999999999998,0.0,-0.010036000000000003,-0.010036000000000003,-0.006891999999999995,0.0,-0.007212,-0.007212,-0.0038039999999999984,4.406039689451099,-0.4070606231689453,0.1756583031682329
47,cnn,gan,0.0,2.3194659175833614,-96.38340863464823,-78.79133624435013,-190.68071728521886,-65.07957938075707,0.40892720615654465,0.0,-0.3574806394041621,-0.3574806394041621,0.3574806394041621,-0.062441526556370475,0.12050609014546894,0.0,-0.22598346622025645,-0.22598346622025645,0.22598346622025645,0.0,-0.007507999999999959,-0.007507999999999959,-0.007507999999999959,0.0,-0.02035999999999999,-0.02035999999999999,-0.012199999999999933,0.0,-0.007732000000000003,-0.007732000000000003,-0.003964000000000009,0.0,-0.019727999999999996,-0.019727999999999996,-0.019727999999999996,0.0,-0.010315999999999999,-0.010315999999999999,-0.004963999999999989,0.0,-0.009244,-0.009244,-0.006572,9.092857960913102,-0.7085165977478027,0.18379564593875647
48,cnn,gan,0.0,2.2814957557212594,-93.13085023340642,-73.82129952819484,-189.8772430202929,-61.31524546883267,0.42856075512609243,0.0,-0.37492517101576894,-0.37492517101576894,0.37492517101576894,-0.05617912657624419,0.12961107401646482,0.0,0.5019780533743834,0.5019780533743834,0.5019780533743834,0.0,-0.007732000000000072,-0.007732000000000072,-0.007732000000000072,0.0,-0.02384799999999998,-0.02384799999999998,-0.012032000000000043,0.0,-0.008227999999999996,-0.008227999999999996,-0.002636000000000003,0.0,-0.021699999999999997,-0.021699999999999997,-0.017939999999999984,0.0,-0.012323999999999995,-0.012323999999999995,-0.005731999999999994,0.0,-0.0085,-0.0085,-0.005652000000000001,9.72546950270006,0.3985104560852051,0.16385054112081993
49,cnn,gan,0.0,2.340697355275882,-86.54196159738784,-72.58490862371585,-167.17734064103922,-54.76496168872386,0.44504937118453575,0.0,-0.36264468994102683,-0.36264468994102683,0.36264468994102683,-0.05630249330625792,0.12377365563704106,0.0,-1.4393067968676405,-1.4393067968676405,-1.3783526262846593,0.0,-0.011548000000000003,-0.011548000000000003,-0.011548000000000003,0.0,-0.030067999999999984,-0.030067999999999984,-0.012700000000000045,0.0,-0.008003999999999997,-0.008003999999999997,-0.0037960000000000008,0.0,-0.028439999999999993,-0.028439999999999993,-0.02371999999999999,0.0,-0.012683999999999994,-0.012683999999999994,-0.006411999999999994,0.0,-0.008836,-0.008836,-0.00546,8.443118863706923,-1.5694875717163086,0.16409091759339905
50,cnn,gan,0.0,2.4829045502076212,-77.29680989926179,-63.586880041157315,-132.10837011116,-43.379059102949334,0.4231338866414257,0.0,-0.38249138361819,-0.38249138361819,0.38249138361819,-0.06312941052367999,0.11645101841853223,0.0,-0.4917335644914438,-0.4917335644914438,0.4917335644914438,0.0,-0.014191999999999982,-0.014191999999999982,-0.014191999999999982,0.0,-0.029536000000000007,-0.029536000000000007,-0.0033840000000000536,0.0,-0.008004,-0.008004,-0.0030759999999999997,0.0,-0.03509599999999999,-0.03509599999999999,-0.02237599999999998,0.0,-0.015067999999999998,-0.015067999999999998,-0.00695599999999999,0.0,-0.009683999999999998,-0.009683999999999998,-0.0031319999999999985,6.443326104934021,-0.3277096748352051,0.16412879820120468
51,cnn,gan,0.0,2.414202352531234,-71.19841816841212,-60.21609551982934,-100.70806227460687,-40.02572176885866,0.4177223076408118,0.0,-0.4109273390432761,-0.41092733904327605,0.41092733904327605,-0.06134640093121152,0.11645388848172589,0.0,-0.24839693799432894,-0.24839693799432894,0.24839693799432894,0.0,-0.013440000000000007,-0.013440000000000007,-0.013440000000000007,0.0,-0.026027999999999996,-0.026027999999999996,-0.010124000000000022,0.0,-0.0041600000000000005,-0.0041600000000000005,-0.0021279999999999997,0.0,-0.036288,-0.036288,-0.01897599999999998,0.0,-0.016647999999999996,-0.016647999999999996,-0.004407999999999995,0.0,-0.011923999999999999,-0.011923999999999999,-0.004491999999999998,5.721627117117851,-2.0941648483276367,0.1447297509357181
52,cnn,gan,0.0,2.643264219839864,-67.26671954986928,-57.69889292034473,-87.43892025587303,-34.96277753794648,0.41175903250424817,0.0,-0.46066188058377877,-0.46066188058377877,0.46066188058377877,-0.059046624290320315,0.12318082875643235,0.0,1.327001908985853,1.327001908985853,-1.327001908985853,0.0,-0.016303999999999985,-0.016303999999999985,-0.013383999999999951,0.0,-0.037472000000000005,-0.037472000000000005,-0.018544000000000005,0.0,-0.001768,-0.001768,-0.001768,0.0,-0.034428000000000014,-0.034428000000000014,-0.018203999999999998,0.0,-0.021443999999999998,-0.021443999999999998,-0.003147999999999991,0.0,-0.015347999999999999,-0.015347999999999999,-0.005051999999999999,4.82901517143803,-1.3137683868408203,0.15238527258827256
53,cnn,gan,0.0,2.578629877462326,-60.495202957710504,-49.21675475971041,-89.66230425669815,-31.35198325525453,0.4256526578043726,0.0,-0.44176979373716935,-0.4417697937371694,0.4417697937371694,-0.05349630135969158,0.13772531307181807,0.0,-0.10111981955334137,-0.10111981955334137,0.10111981955334137,0.0,-0.017827999999999955,-0.017827999999999955,-0.013067999999999858,0.0,-0.033804,-0.033804,-0.023843999999999976,0.0,-0.001832,-0.001832,-0.000528,0.0,-0.030132000000000006,-0.030132000000000006,-0.017763999999999988,0.0,-0.023272,-0.023272,-0.007087999999999997,0.0,-0.014556000000000001,-0.014556000000000001,-0.00362,3.846379184150063,-2.6572957038879395,0.18559375867418482
54,cnn,gan,0.0,2.4736481097414362,-58.254193761807,-44.495325870704775,-87.84485730861115,-27.680223842719567,0.4403623774463721,0.0,-0.4404692282278276,-0.4404692282278275,0.4404692282278275,-0.047684502674830875,0.15237600384330158,0.0,0.8696935296981287,0.8696935296981287,-0.5590086536328265,0.0,-0.018067999999999973,-0.018067999999999973,-0.010804000000000036,0.0,-0.03722399999999999,-0.03722399999999999,-0.02197599999999998,0.0,-0.00146,-0.00146,-0.00028399999999999996,0.0,-0.03403599999999998,-0.03403599999999998,-0.021435999999999983,0.0,-0.025712,-0.025712,-0.012407999999999988,0.0,-0.01106,-0.01106,0.00044399999999999995,4.673824925351717,-4.081710338592529,0.14127698094472035
55,cnn,gan,0.0,2.5443556584457987,-56.80346965672977,-44.33125395917931,-95.29337322443831,-28.087162715201988,0.46177332939133564,0.0,-0.3847673118785329,-0.38476731187853297,0.38476731187853297,-0.04288497398010399,0.16150164298850433,0.0,0.030357971110333892,0.030357971110333892,0.030357971110333892,0.0,-0.011932000000000054,-0.011932000000000054,-0.011932000000000054,0.0,-0.03161599999999999,-0.03161599999999999,-0.02387199999999999,0.0,-0.002464,-0.002464,-0.0008080000000000001,0.0,-0.03031200000000002,-0.03031200000000002,-0.023711999999999997,0.0,-0.02624,-0.02624,-0.013111999999999999,0.0,-0.010752000000000001,-0.010752000000000001,-0.0014240000000000008,6.147211496559969,-2.5782084465026855,0.14675238184273837
56,cnn,gan,0.0,2.518582148024997,-54.80527725663573,-42.33494922615766,-95.36133409921538,-25.348096927228568,0.459587715696489,0.0,-0.3738171760155286,-0.37381717601552866,0.37381717601552866,-0.03536860986666146,0.16963597430852595,0.0,4.952505494541509,4.952505494541509,4.952505494541509,0.0,-0.011519999999999975,-0.011519999999999975,-0.0044239999999999835,0.0,-0.025804000000000007,-0.025804000000000007,-0.020907999999999996,0.0,-0.0021479999999999997,-0.0021479999999999997,-0.0009559999999999997,0.0,-0.027196000000000012,-0.027196000000000012,-0.01934799999999999,0.0,-0.020651999999999997,-0.020651999999999997,-0.01019599999999999,0.0,-0.011760000000000001,-0.011760000000000001,-0.002296000000000001,6.665396058507866,-2.3386168479919434,0.13874262675541366
57,cnn,gan,0.0,2.403791496344759,-55.19546128870853,-40.8719182001861,-101.44583393973471,-22.904504954550507,0.5561620033973382,0.0,-0.30955871062476703,-0.3095587106247669,0.3095587106247669,-0.03184231084462025,0.18408768844714204,0.0,5.151462529595612,5.151462529595612,5.151462529595612,0.0,-0.008767999999999998,-0.008767999999999998,-0.008767999999999998,0.0,-0.024047999999999986,-0.024047999999999986,-0.016512,0.0,-0.002752,-0.0027519999999999997,-0.001336,0.0,-0.021252000000000007,-0.021252000000000007,-0.013595999999999983,0.0,-0.02049200000000001,-0.02049200000000001,-0.006963999999999998,0.0,-0.011996,-0.011996,-0.003227999999999999,6.582855791990649,-1.3418521881103516,0.1406458771328502
58,cnn,gan,0.0,2.404318167603659,-59.46512249338608,-43.72076712498257,-104.09518172935861,-23.017113419905115,0.5361555101683168,0.0,-0.3047216871802828,-0.3047216871802828,0.3047216871802828,-0.031530928886591036,0.19537316313891495,0.0,8.646983258949145,8.646983258949145,8.646983258949145,0.0,-0.010003999999999902,-0.010003999999999902,-0.010003999999999902,0.0,-0.02636799999999999,-0.02636799999999999,-0.015463999999999992,0.0,-0.003312,-0.003312,-0.0021279999999999997,0.0,-0.021823999999999996,-0.021823999999999996,-0.01092799999999998,0.0,-0.023124,-0.023124,-0.002043999999999997,0.0,-0.011851999999999998,-0.011851999999999998,-0.002795999999999999,6.798314331975675,-2.2602524757385254,0.13650524090030852
59,cnn,gan,0.0,2.2849636207034614,-60.605697439775895,-43.03107878749293,-118.51090668822056,-19.375618548962592,0.5006356892183829,0.0,-0.26229873212193866,-0.26229873212193866,0.26229873212193866,-0.030996981460567286,0.1837395712480552,0.0,2.5661476508950187,2.5661476508950187,2.5661476508950187,0.0,-0.010020000000000029,-0.010020000000000029,-0.009380000000000055,0.0,-0.02592,-0.02592,-0.009695999999999982,0.0,-0.003908,-0.003908,-0.002436,0.0,-0.019447999999999993,-0.019447999999999993,-0.006015999999999994,0.0,-0.021856,-0.021856,0.0036320000000000102,0.0,-0.009876000000000001,-0.009876000000000001,-0.001268,7.213367570166167,-2.344633102416992,0.12007655987699517
60,cnn,gan,0.0,2.433705871259434,-65.20674212808245,-48.26358281293008,-124.83602520172178,-21.905344433827008,0.4805283157887199,0.0,-0.22109649491193545,-0.2210964949119355,0.2210964949119355,-0.028941888036933983,0.19298557145443945,0.0,4.73169741732573,4.73169741732573,4.73169741732573,0.0,-0.010083999999999982,-0.010083999999999982,-0.010083999999999982,0.0,-0.027683999999999986,-0.027683999999999986,-0.00808399999999998,0.0,-0.004784,-0.004784,-0.0021520000000000003,0.0,-0.021592,-0.021592,-0.005248000000000003,0.0,-0.01958,-0.01958,0.0024120000000000114,0.0,-0.010216,-0.010216,-0.0011999999999999997,7.359820306904695,-3.0356502532958984,0.10185965073828368
61,cnn,gan,0.0,2.4739225466764694,-70.1774115211522,-49.827276479469546,-118.71144350541545,-23.56164672602385,0.4238776307710144,0.0,-0.22230132579711298,-0.22230132579711293,0.22230132579711293,-0.03289601264984454,0.201533087625378,0.0,4.861415373499202,4.861415373499202,4.861415373499202,0.0,-0.013939999999999952,-0.013939999999999952,-0.013739999999999974,0.0,-0.028967999999999994,-0.028967999999999994,-0.008616000000000013,0.0,-0.005599999999999999,-0.005599999999999999,-0.0024959999999999995,0.0,-0.022104,-0.022104,-0.006031999999999996,0.0,-0.021004000000000002,-0.021004000000000002,0.0017880000000000049,0.0,-0.010056,-0.010056,-0.000928,6.214968807870456,-2.780329704284668,0.09660811455706331
62,cnn,gan,0.0,2.3471441996583273,-63.30777238518333,-43.12085061759082,-101.77307504602405,-12.430227373034938,0.424269388477907,0.0,-0.21764714427394727,-0.21764714427394738,0.21764714427394738,-0.013060275287097023,0.20398520149924707,0.0,2.2006388790607296,2.2006388790607296,2.2006388790607296,0.0,-0.011159999999999948,-0.011159999999999948,-0.011159999999999948,0.0,-0.028555999999999998,-0.028555999999999998,-0.001916000000000001,0.0,-0.004056,-0.004056,-0.0011119999999999993,0.0,-0.02254400000000001,-0.02254400000000001,-0.0019919999999999938,0.0,-0.017444,-0.017444,0.0029800000000000104,0.0,-0.010024,-0.010024,0.0019040000000000012,9.469816568827202,0.07007265090942383,0.12212383402419819
63,cnn,gan,0.0,2.4593260393948313,-57.69952490604484,-36.15749920673311,-83.1250596545517,-7.400539519117171,0.5048165805354147,0.0,-0.2967440817658436,-0.29674408176584366,0.29674408176584366,-0.010457221178973408,0.19979313380437655,0.0,0.8198789937304447,0.8198789937304447,0.8198789937304447,0.0,-0.020967999999999987,-0.020967999999999987,-0.020967999999999987,0.0,-0.026336,-0.026336,-0.0015440000000000176,0.0,-0.002576,-0.002576,-0.0009119999999999998,0.0,-0.024256,-0.024256,-0.0011839999999999906,0.0,-0.019903999999999998,-0.019903999999999998,0.0026320000000000024,0.0,-0.009347999999999999,-0.009347999999999999,0.005228000000000001,10.324832073619756,0.08297109603881836,0.1326115049754243
64,cnn,gan,0.0,2.579374470563298,-46.538869984574816,-33.6992398519952,-65.02204826247507,-7.17431186555585,0.47740863836173236,0.0,-0.2843927777766755,-0.2843927777766755,0.2843927777766755,-0.015876131782250447,0.18382486992549488,0.0,2.1282559291063556,2.1282559291063556,2.1282559291063556,0.0,-0.013432,-0.013432,-0.013432,0.0,-0.026204000000000005,-0.026204000000000005,-0.006947999999999982,0.0,-0.001916,-0.001916,0.0007320000000000002,0.0,-0.022964,-0.022964,-0.0034199999999999925,0.0,-0.016848000000000002,-0.016848000000000002,0.004352000000000009,0.0,-0.005436,-0.005436,0.005436,8.009027369164066,-1.1932158470153809,0.15095592854441908
65,cnn,gan,0.0,2.6838240149412975,-47.27606990034616,-36.018198175752445,-61.8704789535374,-5.461613337765073,0.4353032370507905,0.0,-0.2577006320688489,-0.25770063206884897,0.25770063206884897,-0.017564279457014997,0.1724476901284837,0.0,3.796279116169906,3.796279116169906,3.796279116169906,0.0,-0.013531999999999988,-0.013531999999999988,-0.013531999999999988,0.0,-0.02529199999999998,-0.02529199999999998,-0.005676000000000014,0.0,-0.001944,-0.001944,0.0006640000000000001,0.0,-0.023360000000000006,-0.023360000000000006,-0.0020639999999999964,0.0,-0.016648000000000003,-0.016648000000000003,0.006600000000000002,0.0,-0.0040479999999999995,-0.0040479999999999995,0.0036880000000000003,5.909408229536577,0.2439899444580078,0.16039993041722866
66,cnn,gan,0.0,2.8245313225385154,-51.39179476621183,-38.41783348590715,-58.57952435638626,-4.444558364012476,0.4295720915202487,0.0,-0.22957606008546214,-0.22957606008546205,0.22957606008546205,-0.016264590824207337,0.16723009853256607,0.0,2.2855453296457426,2.2855453296457426,-2.2855453296457426,0.0,-0.010552000000000006,-0.010552000000000006,-0.010552000000000006,0.0,-0.0252,-0.0252,-0.004736000000000018,0.0,-0.0017640000000000002,-0.0017640000000000002,0.0013959999999999999,0.0,-0.015231999999999996,-0.015231999999999996,-0.0048719999999999875,0.0,-0.01992,-0.01992,0.006008000000000006,0.0,-0.007716000000000001,-0.007716000000000001,0.006428,5.0025153963535995,-0.7067909240722656,0.17420505893100946
67,cnn,gan,0.0,2.7861289206532405,-63.46735944302341,-45.28557530663883,-70.84187988000357,-9.95975938847323,0.41118786570237303,0.0,-0.19425112455636898,-0.19425112455636895,0.19425112455636895,-0.01926150791212322,0.17733373467378089,0.0,-2.2193713924463054,-2.2193713924463054,1.5963812575288685,0.0,-0.006927999999999934,-0.006927999999999934,-0.006927999999999934,0.0,-0.026444000000000023,-0.026444000000000023,-0.0012519999999999754,0.0,-0.002348,-0.002348,0.0012439999999999999,0.0,-0.020484000000000002,-0.020484000000000002,-0.0017319999999999836,0.0,-0.018727999999999995,-0.018727999999999995,0.0004080000000000056,0.0,-0.008524,-0.008524,0.005244000000000001,5.906224879848846,-1.6130833625793457,0.17505702999513362
68,cnn,gan,0.0,2.437167049909192,-79.57667138389256,-53.97950922348478,-97.12578041335141,-15.401696905496443,0.385297087840892,0.0,-0.17977425670381458,-0.17977425670381453,0.17977425670381453,-0.015752306005467454,0.19935462993609193,0.0,1.986319440879626,1.986319440879626,1.986319440879626,0.0,-0.0038799999999999946,-0.0038799999999999946,-0.0038799999999999946,0.0,-0.029580000000000023,-0.029580000000000023,-0.004820000000000074,0.0,-0.008331999999999999,-0.008331999999999999,0.0022039999999999985,0.0,-0.025527999999999995,-0.025527999999999995,8.800000000000474e-05,0.0,-0.016824,-0.016824,-0.004791999999999998,0.0,-0.00946,-0.00946,0.0022520000000000005,6.270411491765506,0.403470516204834,0.16480046476809662
69,cnn,gan,0.0,2.3878816462052797,-105.73488868566103,-72.66696215229362,-149.24945860576855,-22.57319970020943,0.5183773621660209,0.0,-0.15890912653077094,-0.15890912653077094,0.15890912653077094,-0.017802619181910673,0.22403758344870123,0.0,0.2887562136850299,0.2887562136850299,0.2887562136850299,0.0,0.0023079999999999767,0.0023079999999999767,0.0023079999999999767,0.0,-0.03517199999999998,-0.03517199999999998,-0.011395999999999962,0.0,-0.01582,-0.01582,0.0008120000000000002,0.0,-0.03176799999999999,-0.03176799999999999,-0.0005999999999999894,0.0,-0.022467999999999995,-0.022467999999999995,-0.004075999999999989,0.0,-0.00984,-0.00984,0.0014800000000000004,8.055833318467656,-1.236095905303955,0.1624073898716215
70,cnn,gan,0.0,2.322315902915726,-137.6446502667123,-92.0787291850867,-217.0263350990993,-31.016927237654926,0.5063476902784655,0.0,-0.15271104106036304,-0.15271104106036293,0.15271104106036293,-0.022843673530287267,0.2394715436878894,0.0,-2.499402947863821,-2.499402947863821,-2.499402947863821,0.0,0.0017880000000000118,0.0017880000000000118,0.0017880000000000118,0.0,-0.034563999999999984,-0.034563999999999984,-0.017724000000000018,0.0,-0.024396,-0.024396,-0.00020399999999999585,0.0,-0.03568400000000001,-0.03568400000000001,0.001804000000000014,0.0,-0.02756399999999999,-0.02756399999999999,-0.0011719999999999925,0.0,-0.01164,-0.01164,-0.0005519999999999987,4.791417175348343,-0.46565675735473633,0.17377647867438145
71,cnn,gan,0.0,2.2129153590574333,-160.1051729475849,-102.41731234760704,-261.15180002853265,-40.3283961367715,0.4968824723343495,0.0,-0.181583128936251,-0.18158312893625095,0.18158312893625095,-0.016358340848266373,0.2411614103352108,0.0,-4.372108795334679,-4.372108795334679,-4.372108795334679,0.0,0.0018239999999999368,0.0018239999999999368,0.0018239999999999368,0.0,-0.03082000000000007,-0.03082000000000007,-0.03082000000000007,0.0,-0.029471999999999998,-0.029471999999999998,0.0008879999999999999,0.0,-0.039796,-0.039796,0.0013880000000000003,0.0,-0.029139999999999992,-0.029139999999999992,0.001124000000000007,0.0,-0.013975999999999999,-0.013975999999999999,-3.999999999999837e-05,7.039306092210072,-2.0277295112609863,0.13934670371891633
72,cnn,gan,0.0,2.07262898918421,-173.98424451151817,-103.79210318182697,-238.71562127722206,-48.05484838644993,0.48463780219474334,0.0,-0.16727626361334424,-0.16727626361334424,0.16727626361334424,-0.012698163114431948,0.2424269697382589,0.0,-1.0275866449610334,-1.0275866449610334,-1.0275866449610334,0.0,0.0005079999999999529,0.0005079999999999529,0.0005079999999999529,0.0,-0.033279999999999976,-0.033279999999999976,-0.033279999999999976,0.0,-0.032772,-0.032772,-0.002244000000000003,0.0,-0.0398,-0.0398,-0.004335999999999979,0.0,-0.031556,-0.031556,-0.0016039999999999943,0.0,-0.012348000000000001,-0.012348000000000001,0.0011799999999999996,6.834790776641778,-0.9235391616821289,0.12132626772463762
73,cnn,gan,0.0,2.0179131531436205,-178.6966916390018,-100.67970071463583,-246.68122558473146,-43.51384698676446,0.44507909479651836,0.0,-0.18605786971997507,-0.18605786971997507,0.18605786971997507,-0.00970204337059316,0.24487136771106627,0.0,-2.340658702282788,-2.340658702282788,-2.340658702282788,0.0,-0.0023639999999999217,-0.0023639999999999217,-0.0023639999999999217,0.0,-0.027800000000000047,-0.027800000000000047,-0.027800000000000047,0.0,-0.034640000000000004,-0.034640000000000004,0.003119999999999984,0.0,-0.041120000000000004,-0.041120000000000004,-0.005071999999999979,0.0,-0.033436,-0.033436,0.003724000000000012,0.0,-0.012608,-0.012608,0.0025600000000000015,7.6024688274627685,-0.7659602165222168,0.11858050924477215
74,cnn,gan,0.0,1.9666121516878938,-176.31341173881958,-96.41555725340277,-191.65548652585693,-37.26370249796565,0.4849380222388515,0.0,-0.20443516746922974,-0.20443516746922963,0.20443516746922963,-0.0119644682842876,0.24232630466565896,0.0,0.22547673681348002,0.22547673681348002,0.22547673681348002,0.0,0.0011720000000000619,0.0011720000000000619,0.0011720000000000619,0.0,-0.03333200000000003,-0.03333200000000003,-0.032187999999999994,0.0,-0.031352000000000005,-0.031352000000000005,0.004696000000000002,0.0,-0.043564000000000005,-0.043564000000000005,-0.00013999999999998736,0.0,-0.032987999999999996,-0.032987999999999996,0.005412000000000007,0.0,-0.012407999999999999,-0.012407999999999999,0.0022800000000000008,8.18003949869281,-0.8621988296508789,0.10888073319056513
75,cnn,gan,0.0,1.976390834276252,-168.32327520866778,-94.83260974479882,-170.2494386045426,-36.36547548882524,0.47404054229368475,0.0,-0.18596456674990297,-0.18596456674990292,0.18596456674990292,-0.01598482939976298,0.2343977655517614,0.0,-0.8887475330180621,-0.8887475330180621,-0.2598134729539474,0.0,0.0023760000000000447,0.0023760000000000447,0.0023760000000000447,0.0,-0.035348000000000046,-0.035348000000000046,-0.02703599999999995,0.0,-0.030472,-0.030472,0.002007999999999996,0.0,-0.045432,-0.045432,-0.0010560000000000014,0.0,-0.034564,-0.034564,0.0010440000000000033,0.0,-0.012236,-0.012236,0.0031160000000000007,9.618530700619797,-0.4793844223022461,0.09668993521993868
76,cnn,gan,0.0,2.0704609517459858,-165.0939634516413,-94.94198845975976,-172.2420288513955,-40.69276704628827,0.5045649072203249,0.0,-0.21579385477800045,-0.2157938547780005,0.2157938547780005,-0.01936801930022447,0.24168517099928208,0.0,0.18647447568794284,0.18647447568794284,-0.18647447568794284,0.0,0.0025800000000000267,0.0025800000000000267,0.0025800000000000267,0.0,-0.04207999999999995,-0.04207999999999995,-0.025783999999999974,0.0,-0.023764,-0.023764,0.003739999999999995,0.0,-0.047056000000000014,-0.047056000000000014,-0.008791999999999994,0.0,-0.034395999999999996,-0.034395999999999996,0.00032400000000000484,0.0,-0.012471999999999999,-0.012471999999999999,0.0033120000000000007,9.831056277140892,-1.24332857131958,0.0891477711238231
77,cnn,gan,0.0,2.0063691492519027,-159.4498475434722,-92.44759339384376,-166.5814171899102,-44.33622920719711,0.5271614103983566,0.0,-0.20980865012472882,-0.2098086501247287,0.2098086501247287,-0.023101875299098185,0.23188463900151168,0.0,-0.6226607903516399,-0.6226607903516399,0.6226607903516399,0.0,0.0023440000000000127,0.0023440000000000127,0.0023440000000000127,0.0,-0.040692000000000006,-0.040692000000000006,-0.02377199999999996,0.0,-0.020128,-0.020128,0.004464000000000001,0.0,-0.049704,-0.049704,-0.011223999999999984,0.0,-0.03444,-0.03444,0.0014000000000000123,0.0,-0.011531999999999999,-0.011531999999999999,0.0015080000000000007,9.591326603057613,0.13201189041137695,0.09052617957345221
78,cnn,gan,0.0,2.1758962215226703,-157.65715728060937,-95.07683026748873,-188.18862345482677,-47.708014505583286,0.5073031997282147,0.0,-0.21910920478320106,-0.21910920478320117,0.21910920478320117,-0.025678151296381457,0.2358016977368383,0.0,-1.1836177183732133,-1.1836177183732133,1.1836177183732133,0.0,-0.0011360000000000259,-0.0011360000000000259,-0.0011360000000000259,0.0,-0.044923999999999964,-0.044923999999999964,-0.02351599999999998,0.0,-0.017256,-0.017256,0.0020560000000000005,0.0,-0.05251199999999999,-0.05251199999999999,-0.014399999999999982,0.0,-0.038932,-0.038932,-0.0034439999999999957,0.0,-0.012615999999999999,-0.012615999999999999,6.400000000000156e-05,10.345590775245523,-1.289968490600586,0.09229960404807958
79,cnn,gan,0.0,2.170332353803019,-150.5829426843579,-93.02659786994269,-175.80520668606601,-46.8135829890677,0.5163192924066955,0.0,-0.2592132845031577,-0.25921328450315784,0.25921328450315784,-0.02853315356721503,0.22496605743288017,0.0,0.7701829795972532,0.7701829795972532,0.4515742443943491,0.0,-0.0038679999999999826,-0.0038679999999999826,-0.0038679999999999826,0.0,-0.04408799999999996,-0.04408799999999996,-0.01935999999999999,0.0,-0.014383999999999997,-0.014383999999999997,0.0006959999999999996,0.0,-0.05719599999999998,-0.05719599999999998,-0.01703599999999998,0.0,-0.037892,-0.037892,-0.00522799999999999,0.0,-0.012263999999999999,-0.012263999999999999,0.0003920000000000017,9.82681114697127,0.3894224166870117,0.09747658480385751
80,cnn,gan,0.0,2.2505724455305334,-152.50955720264346,-96.84364535054712,-185.143149055594,-52.492827989024725,0.49070065901942256,0.0,-0.21011877984139515,-0.21011877984139504,0.21011877984139504,-0.028411738389584718,0.23346014784292035,0.0,0.925741962948031,0.925741962948031,0.09951827821470616,0.0,-0.0040359999999999285,-0.0040359999999999285,-0.0040359999999999285,0.0,-0.04915200000000003,-0.04915200000000003,-0.02209600000000006,0.0,-0.012931999999999999,-0.012931999999999999,-6.800000000000122e-05,0.0,-0.05888399999999999,-0.05888399999999999,-0.015291999999999972,0.0,-0.039332000000000006,-0.039332000000000006,-0.006187999999999999,0.0,-0.012424000000000001,-0.012424000000000001,8.000000000000194e-06,9.341334313446833,0.8060040473937988,0.10496821765972753
81,cnn,gan,0.0,2.2083008576788288,-144.49280962611465,-91.98437635132237,-192.16219301021158,-52.44832671293483,0.5054172120278282,0.0,-0.26387977484395286,-0.263879774843953,0.263879774843953,-0.029844509886338577,0.2361547001175949,0.0,1.2172692590181384,1.2172692590181384,1.2172692590181384,0.0,-0.0018159999999999288,-0.0018159999999999288,-0.0018159999999999288,0.0,-0.05183199999999999,-0.05183199999999999,-0.020592000000000055,0.0,-0.010748,-0.010748,-0.0015399999999999997,0.0,-0.051919999999999994,-0.051919999999999994,-0.015655999999999975,0.0,-0.038279999999999995,-0.038279999999999995,-0.0035279999999999895,0.0,-0.011292,-0.011292,-0.0013319999999999999,8.706184969747014,-1.1409878730773926,0.09269092717377009
82,cnn,gan,0.0,2.2217469986906337,-128.13862361318667,-86.57828120932106,-180.59072532884466,-39.607220631027886,0.5358693717032554,0.0,-0.24267638803795477,-0.24267638803795477,0.24267638803795477,-0.03173437370927662,0.22238232089823917,0.0,-0.9935968582883667,-0.9935968582883667,-0.9935968582883667,0.0,-0.005492000000000052,-0.005492000000000052,-0.005492000000000052,0.0,-0.049292,-0.049292,-0.021228000000000025,0.0,-0.0103,-0.0103,-0.0007080000000000003,0.0,-0.04879599999999999,-0.04879599999999999,-0.008515999999999982,0.0,-0.03446400000000001,-0.03446400000000001,0.0023200000000000026,0.0,-0.01142,-0.01142,-0.0001559999999999999,8.084550648979377,0.8804688453674316,0.09044679747048123
83,cnn,gan,0.0,2.254383468761567,-124.43154991952072,-86.14145325777591,-188.96509004522693,-36.763933002546985,0.5700151037735106,0.0,-0.24881951755106457,-0.24881951755106457,0.24881951755106457,-0.03340722422846293,0.2264476312875256,0.0,0.6358051316111855,0.6358051316111855,0.6358051316111855,0.0,-0.0050680000000000724,-0.0050680000000000724,-0.0050680000000000724,0.0,-0.04865599999999998,-0.04865599999999998,-0.017103999999999953,0.0,-0.010544,-0.010544000000000001,-0.002072,0.0,-0.04678,-0.04678,-0.006763999999999978,0.0,-0.03326,-0.03326,0.0021000000000000046,0.0,-0.013072,-0.013072,-0.0010880000000000013,6.39956198955246,-0.03963279724121094,0.08431397062801949
84,cnn,gan,0.0,2.3014634723691074,-122.92705379968692,-86.13430604827104,-224.47302925588798,-32.834704824273885,0.5768422278085351,0.0,-0.1613316170292841,-0.161331617029284,0.161331617029284,-0.032526492064769985,0.22392240556051454,0.0,-0.6498856049378041,-0.6498856049378041,-0.6498856049378041,0.0,-0.0030719999999999636,-0.0030719999999999636,-0.0030719999999999636,0.0,-0.050983999999999974,-0.050983999999999974,-0.02484000000000003,0.0,-0.009888000000000001,-0.009888000000000001,-0.0017439999999999999,0.0,-0.043896000000000004,-0.043896000000000004,0.004080000000000014,0.0,-0.028888000000000004,-0.028888000000000004,0.005520000000000004,0.0,-0.012612,-0.012612,-0.00038000000000000013,8.038770163555455,-3.287766456604004,0.07474020099048528
85,cnn,gan,0.0,2.330718600123909,-114.7275803368386,-83.88554134395818,-225.9600096273524,-27.256703046605864,0.5874970795638187,0.0,-0.14173783644724025,-0.14173783644724014,0.14173783644724014,-0.030959405873168477,0.2246447812414089,0.0,4.67566791383517,4.67566791383517,4.67566791383517,0.0,-0.0037719999999999976,-0.0037719999999999976,-0.0037719999999999976,0.0,-0.048068,-0.048068,-0.016588000000000047,0.0,-0.009428,-0.009428,-0.0010519999999999991,0.0,-0.04300000000000001,-0.04300000000000001,0.004424000000000011,0.0,-0.02692,-0.02692,0.008992,0.0,-0.011515999999999998,-0.011515999999999998,-0.0003079999999999984,7.97342342109393,-2.1089515686035156,0.0847318331965719
86,cnn,gan,0.0,2.3286949813678035,-99.05524709655636,-72.82138609352245,-175.5311202493478,-19.059415953101663,0.6101578470961254,0.0,-0.14938484218623216,-0.14938484218623205,0.14938484218623205,-0.02429707614417298,0.23009724767790227,0.0,3.7448314646856673,3.7448314646856673,3.7448314646856673,0.0,-0.005067999999999961,-0.005067999999999961,-0.005067999999999961,0.0,-0.05257200000000001,-0.05257200000000001,-0.005972000000000033,0.0,-0.006404,-0.006404,0.0004920000000000007,0.0,-0.04216399999999999,-0.04216399999999999,-0.002243999999999982,0.0,-0.027083999999999997,-0.027083999999999997,0.010596000000000008,0.0,-0.010032,-0.010032,0.0014799999999999995,10.349296367060862,-4.18082332611084,0.0915392681730045
87,cnn,gan,0.0,2.5662545418035947,-79.60631381628752,-62.30476824499854,-140.90257899935216,-8.368417221807341,0.6005584307919436,0.0,-0.24732689370798577,-0.247326893707986,0.247326893707986,-0.024321419302425762,0.22628031439510057,0.0,1.2505531169938422,1.2505531169938422,1.2505531169938422,0.0,-0.0048240000000000505,-0.0048240000000000505,-0.0048240000000000505,0.0,-0.03765200000000002,-0.03765200000000002,0.0010999999999999899,0.0,-0.004248,-0.004248,0.0007039999999999998,0.0,-0.04271599999999999,-0.04271599999999999,-0.007331999999999991,0.0,-0.023208,-0.023208,0.006064000000000007,0.0,-0.007288,-0.007288,0.003712000000000001,10.587786986084183,-0.6648192405700684,0.10951288803519982
88,cnn,gan,0.0,2.68631912361662,-59.11622290886554,-50.233769529280266,-116.6913222676587,-2.2463734804795585,0.49983275812745614,0.0,-0.2448415092732924,-0.2448415092732923,0.2448415092732923,-0.03745891451798927,0.1851528048703096,0.0,-6.633724018012174,-6.633724018012174,-6.633724018012174,0.0,-0.011167999999999956,-0.011167999999999956,-0.011167999999999956,0.0,-0.030747999999999998,-0.030747999999999998,-0.002707999999999988,0.0,-0.001916,-0.001916,0.001364,0.0,-0.027415999999999996,-0.027415999999999996,-0.002927999999999986,0.0,-0.018248,-0.018248,0.005832000000000004,0.0,-0.006256,-0.006256,0.006256,7.979009777773516,-0.07590866088867188,0.1388619562220102
89,cnn,gan,0.0,2.8262995058749922,-49.566771459151205,-48.359245359579745,-82.29907174266972,1.4976962687240416,0.42451300375952195,0.0,-0.24610647737270086,-0.24610647737270086,0.24610647737270086,-0.03942407030311279,0.15669059398069649,0.0,-3.3061021320297037,-3.3061021320297037,-3.3061021320297037,0.0,-0.006628000000000078,-0.006628000000000078,-0.006628000000000078,0.0,-0.026572000000000012,-0.026572000000000012,-0.0012919999999999876,0.0,-0.001136,-0.001136,0.00036799999999999984,0.0,-0.018203999999999998,-0.018203999999999998,-0.0008439999999999837,0.0,-0.012032000000000001,-0.012032000000000001,0.00272,0.0,-0.00546,-0.00546,0.00546,7.100562517887155,-0.2387700080871582,0.17344593228362432
90,cnn,gan,0.0,2.6916427783355594,-43.00348909895635,-43.51588322653046,-67.6858993618367,9.093921961996418,0.34804933269317784,0.0,-0.22937184378294218,-0.22937184378294218,0.22937184378294218,-0.03675979699946924,0.14569029618219978,0.0,-2.5119514585140976,-2.5119514585140976,2.5119514585140976,0.0,-0.0021120000000000028,-0.0021120000000000028,-0.0021120000000000028,0.0,-0.01671600000000001,-0.01671600000000001,0.0010919999999999819,0.0,-0.0008,-0.0008,0.0004559999999999999,0.0,-0.017004000000000005,-0.017004000000000005,0.004916000000000018,0.0,-0.012067999999999995,-0.012067999999999995,0.006724000000000008,0.0,-0.00708,-0.00708,0.00708,4.8800666213924835,-0.40562963485717773,0.19022585067361003
91,cnn,gan,0.0,2.6263466495143604,-44.73762943050232,-44.64479966655041,-64.38656066103795,9.195053871049499,0.4266601982115016,0.0,-0.18949062499902464,-0.1894906249990247,0.1894906249990247,-0.03312830523900462,0.140248897050225,0.0,-0.07447029602536404,-0.07447029602536404,0.07447029602536404,0.0,-0.0038639999999999786,-0.0038639999999999786,-0.0038639999999999786,0.0,-0.017072000000000004,-0.017072000000000004,0.004711999999999966,0.0,-0.0020599999999999998,-0.00206,0.000884,0.0,-0.017644000000000007,-0.017644000000000007,0.004884000000000013,0.0,-0.010319999999999996,-0.010319999999999996,0.006904000000000007,0.0,-0.0076040000000000005,-0.0076040000000000005,0.0032920000000000007,6.0433707490104425,-0.011494159698486328,0.18383620188430772
92,cnn,gan,0.0,2.5607986487207164,-54.73506660253133,-48.4016996903196,-78.94655776995742,11.434661321680032,0.3840122995817753,0.0,-0.08332071526455642,-0.08332071526455653,0.08332071526455653,-0.03613309466198078,0.1591315229690925,0.0,-1.339245697475942,-1.339245697475942,1.339245697475942,0.0,-0.0028479999999999617,-0.0028479999999999617,-0.0019199999999999218,0.0,-0.02599600000000002,-0.02599600000000002,0.0029240000000000377,0.0,-0.00544,-0.00544,0.004432,0.0,-0.016432000000000002,-0.016432000000000002,0.006856000000000001,0.0,-0.012496,-0.012496,0.009448000000000005,0.0,-0.007884,-0.007884,0.005731999999999999,5.271622610904746,0.05791521072387695,0.16108176180585054
93,cnn,gan,0.0,2.3514193963164303,-70.76325501356118,-58.00793920681221,-107.3938263246439,18.001619040196907,0.4564505314107454,0.0,-0.04241312161768129,-0.04241312161768129,0.04241312161768129,-0.03156713859441457,0.19097684179085767,0.0,-2.474678336808477,-2.474678336808477,2.474678336808477,0.0,0.0031400000000000317,0.0031400000000000317,0.0031400000000000317,0.0,-0.024280000000000024,-0.024280000000000024,0.006552000000000058,0.0,-0.012972000000000001,-0.012972000000000001,0.0009879999999999993,0.0,-0.020695999999999992,-0.020695999999999992,0.013448000000000015,0.0,-0.014567999999999998,-0.014567999999999998,0.009480000000000002,0.0,-0.010824,-0.010824,0.0009599999999999999,6.267410979121021,-0.30901193618774414,0.14504533882454057
94,cnn,gan,0.0,2.0167180697394542,-78.21619855404768,-62.87357225862266,-107.00165760860096,26.65845968556204,0.5235627529531073,0.0,0.03359061582011735,0.03359061582011735,-0.03359061582011735,-0.02477288256406479,0.1930737562011193,0.0,-1.3290628418085255,-1.3290628418085255,1.3290628418085255,0.0,0.009000000000000008,0.009000000000000008,0.0036559999999999926,0.0,-0.027544000000000013,-0.027544000000000013,0.0015760000000000218,0.0,-0.016523999999999997,-0.016523999999999997,0.004996000000000002,0.0,-0.021444000000000005,-0.021444000000000005,0.013684000000000016,0.0,-0.017956,-0.017956,0.008756,0.0,-0.008487999999999999,-0.008487999999999999,0.003320000000000001,4.56316234007101,-1.4144525527954102,0.10544605943053675
95,cnn,gan,0.0,2.030297510727628,-82.4528620491727,-72.07482048733118,-125.77069462419064,28.034311694956635,0.529267954484048,0.0,0.08784266463113988,0.08784266463113988,-0.08784266463113988,-0.035045250326513566,0.18967464977546744,0.0,-1.8176661704927426,-1.8176661704927426,-1.8176661704927426,0.0,0.006255999999999928,0.006255999999999928,0.006255999999999928,0.0,-0.026151999999999953,-0.026151999999999953,0.010128000000000026,0.0,-0.017424000000000002,-0.017424000000000002,0.002783999999999995,0.0,-0.021128000000000008,-0.021128000000000008,0.013328000000000007,0.0,-0.020368000000000004,-0.020368000000000004,0.005176000000000007,0.0,-0.008888,-0.008888,0.002368000000000001,6.241783184723847,-1.662243366241455,0.1189122403722293
96,cnn,gan,0.0,1.861522200575127,-90.34590147455052,-71.02062409432165,-123.78427310016468,27.043166539393667,0.5052899381143044,0.0,0.19663917826404442,0.1966391782640442,-0.1966391782640442,-0.025556132315760316,0.20501865075586,0.0,-3.212861101306844,-3.212861101306844,-1.1271466367415695,0.0,0.005116000000000009,0.005116000000000009,0.005116000000000009,0.0,-0.024160000000000015,-0.024160000000000015,0.011847999999999914,0.0,-0.017684000000000002,-0.017684000000000002,0.00373999999999999,0.0,-0.02227599999999999,-0.02227599999999999,0.010364000000000012,0.0,-0.022712000000000003,-0.022712000000000003,0.0069200000000000025,0.0,-0.00992,-0.00992,0.0010160000000000013,6.6540088426873645,-2.1362199783325195,0.10973591347474321
97,cnn,gan,0.0,1.9282389170604013,-93.55971601714475,-74.06951424985647,-131.19572063043796,36.51487696880566,0.5324728119603463,0.0,0.18190892451672913,0.18190892451672913,-0.18190892451672913,-0.01357739853045431,0.23741976235576842,0.0,-3.8941032133677957,-3.8941032133677957,-2.3988958170606622,0.0,0.005623999999999962,0.005623999999999962,0.005623999999999962,0.0,-0.021503999999999968,-0.021503999999999968,-0.0021679999999999477,0.0,-0.018996000000000002,-0.018996000000000002,0.008579999999999994,0.0,-0.024627999999999997,-0.024627999999999997,0.015740000000000018,0.0,-0.022388000000000005,-0.022388000000000005,0.010108000000000006,0.0,-0.011264,-0.011264,0.0031920000000000004,7.950734005538294,-2.2119545936584473,0.11858557510186146
98,cnn,gan,0.0,1.903673699522006,-98.87861714708897,-78.18779399376535,-146.9005263242135,27.089288923122638,0.440095536878517,0.0,0.3528925503639474,0.3528925503639475,-0.3528925503639475,-0.017647595755064305,0.24057069957919291,0.0,-1.8871913746111257,-1.8871913746111257,-0.7191438987802439,0.0,0.005284000000000066,0.005284000000000066,0.005284000000000066,0.0,-0.013576000000000032,-0.013576000000000032,-0.010480000000000045,0.0,-0.018984,-0.018984,0.006415999999999998,0.0,-0.027992000000000003,-0.027992000000000003,0.01476000000000001,0.0,-0.025651999999999994,-0.025651999999999994,0.011828000000000005,0.0,-0.010628,-0.010628,-0.0011160000000000007,8.208836636566513,-3.8225035667419434,0.10071449990093678
99,cnn,gan,0.0,1.874605488606651,-94.77172085161388,-82.24583071927839,-150.40907782212332,26.847771690302515,0.40616986612242834,0.0,0.3990936398230368,0.3990936398230369,-0.3990936398230369,-0.02519179568980534,0.22926787528728237,0.0,-2.724746540317293,-2.724746540317293,0.4706319447083924,0.0,0.0046999999999999265,0.0046999999999999265,0.0046999999999999265,0.0,-0.016619999999999968,-0.016619999999999968,-0.0049000000000000155,0.0,-0.018036000000000003,-0.018036000000000003,0.006859999999999998,0.0,-0.030967999999999996,-0.030967999999999996,0.026288000000000006,0.0,-0.022727999999999998,-0.022727999999999998,0.015480000000000008,0.0,-0.010908000000000001,-0.010908000000000001,-0.00013200000000000017,9.942731751809863,-2.418257713317871,0.1059237721793197
100,cnn,gan,0.0,1.8892113508257893,-93.68285246766631,-79.26951188908907,-143.47073333932383,29.60399716552196,0.4410119108533348,0.0,0.4157526256989199,0.4157526256989199,-0.4157526256989199,-0.024141605237891106,0.22578667032960004,0.0,-2.8841067256106303,-2.8841067256106303,0.16930733295222744,0.0,0.0032600000000000406,0.0032600000000000406,0.0032600000000000406,0.0,-0.019363999999999937,-0.019363999999999937,-0.0050120000000000164,0.0,-0.015712,-0.015712,0.004640000000000002,0.0,-0.030188000000000006,-0.030188000000000006,0.026300000000000004,0.0,-0.021023999999999998,-0.021023999999999998,0.018576000000000006,0.0,-0.010608,-0.010608,0.0005200000000000005,10.289873808000955,-1.7049517631530762,0.0951468040128034
101,cnn,gan,0.0,1.9308868341499235,-90.17774183508513,-82.75352676595469,-144.1710923481997,33.344338304112334,0.40686708613174627,0.0,0.4264803576087681,0.4264803576087681,-0.4264803576087681,-0.02833502600802429,0.21638298341763335,0.0,-3.3595869295005585,-3.3595869295005585,-0.49134834274596884,0.0,0.0012999999999999678,0.0012999999999999678,0.0012999999999999678,0.0,-0.01495599999999997,-0.01495599999999997,-0.008836000000000066,0.0,-0.016512,-0.016512,0.005327999999999999,0.0,-0.03409999999999999,-0.03409999999999999,0.027324000000000015,0.0,-0.023032000000000004,-0.023032000000000004,0.014360000000000005,0.0,-0.01074,-0.01074,0.00266,9.470583180454003,-1.709373950958252,0.10522638200762746
102,cnn,gan,0.0,1.9692920300787762,-82.92861716752907,-82.51720829731102,-145.60012399785109,31.0001902152419,0.39769214551101895,0.0,0.34004035770131413,0.34004035770131424,-0.34004035770131424,-0.02471418144695925,0.22769906243591204,0.0,-4.248401781176225,-4.248401781176225,-0.6126568302106126,0.0,0.0011079999999999979,0.0011079999999999979,0.0011079999999999979,0.0,-0.005724000000000062,-0.005724000000000062,-0.005724000000000062,0.0,-0.011764,-0.011764,0.004636000000000005,0.0,-0.03505599999999999,-0.03505599999999999,0.03238400000000001,0.0,-0.024908,-0.024908,0.018724000000000005,0.0,-0.009168,-0.009168,0.0012960000000000003,8.996887683487799,-3.0674586296081543,0.12761680555675597
103,cnn,gan,0.0,2.0365658306232284,-82.49669946979188,-85.83487716400427,-137.71633426274997,37.55235577073381,0.3822330330617588,0.0,0.3951431793603001,0.3951431793603002,-0.3951431793603002,-0.030484921393542752,0.22334004880075697,0.0,-1.9831888020739399,-1.9831888020739399,-1.5274493726035026,0.0,0.0012800000000000589,0.0012800000000000589,0.0012800000000000589,0.0,-0.008328000000000002,-0.008328000000000002,-0.008328000000000002,0.0,-0.013295999999999999,-0.013295999999999999,0.0043920000000000035,0.0,-0.033395999999999995,-0.033395999999999995,0.03271600000000001,0.0,-0.026284,-0.026284,0.02092400000000001,0.0,-0.00976,-0.00976,0.0018720000000000004,8.817035424043663,-1.2120704650878906,0.12877897504430402
104,cnn,gan,0.0,2.003920540320994,-80.18211067689235,-85.00570032966738,-134.36642476171892,36.72350705742737,0.37786065009323766,0.0,0.3832010821617128,0.38320108216171267,-0.38320108216171267,-0.025775004141157243,0.21809527251010247,0.0,-1.101545397433604,-1.101545397433604,-1.101545397433604,0.0,0.0019080000000000208,0.0019080000000000208,0.0019080000000000208,0.0,-0.008431999999999995,-0.008431999999999995,-0.008431999999999995,0.0,-0.013067999999999998,-0.013067999999999998,0.007652000000000001,0.0,-0.027203999999999992,-0.027203999999999992,0.027203999999999992,0.0,-0.020492000000000003,-0.020492000000000003,0.020492000000000003,0.0,-0.0085,-0.0085,0.002012,9.043821735076822,-2.5646700859069824,0.11590094126065908
105,cnn,gan,0.0,2.072450913027879,-84.35080241359687,-84.2678919510281,-136.77969169573265,37.968515293947355,0.4511767317501756,0.0,0.3115010937577667,0.3115010937577667,-0.3115010937577667,-0.0237951728509318,0.2264178635391979,0.0,-1.4118358216823985,-1.4118358216823985,-1.4118358216823985,0.0,0.0017399999999999638,0.0017399999999999638,0.0017399999999999638,0.0,-0.015923999999999938,-0.015923999999999938,-0.015923999999999938,0.0,-0.01424,-0.01424,0.012416,0.0,-0.02388399999999999,-0.02388399999999999,0.02388399999999999,0.0,-0.019264,-0.019264,0.019264,0.0,-0.007868,-0.007868,0.003932000000000001,10.055477774161222,-1.4865074157714844,0.12193464581447988
106,cnn,gan,0.0,1.9166808748080477,-78.2256130967012,-79.70208368582223,-119.5679979436967,37.37093355906842,0.4085901482766864,0.0,0.32102580953558146,0.32102580953558135,-0.32102580953558135,-0.016818171970647222,0.22053356984001277,0.0,-2.695924249607648,-2.695924249607648,-2.695924249607648,0.0,0.0025199999999999667,0.0025199999999999667,0.0025199999999999667,0.0,-0.02129599999999998,-0.02129599999999998,-0.02026400000000006,0.0,-0.015004,-0.015004,0.011019999999999999,0.0,-0.02194,-0.02194,0.02194,0.0,-0.022455999999999997,-0.022455999999999997,0.019872000000000008,0.0,-0.007460000000000001,-0.007460000000000001,0.0063,10.087350949227886,-0.983945369720459,0.1302536865229666
107,cnn,gan,0.0,1.9208396719967098,-84.07679217777752,-83.97890673387985,-138.17145168493272,41.93035748250692,0.32135089278331586,0.0,0.3261679373825134,0.32616793738251326,-0.32616793738251326,-0.018044027120939443,0.2248598119162345,0.0,-3.773583077988631,-3.773583077988631,-3.773583077988631,0.0,0.0026159999999999517,0.0026159999999999517,0.0026159999999999517,0.0,-0.014348000000000027,-0.014348000000000027,-0.014348000000000027,0.0,-0.017035999999999996,-0.017035999999999996,0.014836000000000002,0.0,-0.023771999999999988,-0.023771999999999988,0.023771999999999988,0.0,-0.019283999999999996,-0.019283999999999996,0.019283999999999996,0.0,-0.008668,-0.008668,0.0035399999999999997,8.961583030487635,-2.029770851135254,0.12955304680587088
108,cnn,gan,0.0,2.0552604592036374,-91.55985792414921,-90.64090326854807,-167.83822133951128,46.92188126105539,0.24091196677751936,0.0,0.24468055046288928,0.24468055046288928,-0.24468055046288928,-0.018975426962538344,0.2345034064955631,0.0,-3.3417264110572695,-3.3417264110572695,-3.3417264110572695,0.0,0.0041080000000000005,0.0041080000000000005,0.0041080000000000005,0.0,-0.015755999999999992,-0.015755999999999992,-0.015755999999999992,0.0,-0.021012000000000003,-0.021012000000000003,0.020419999999999994,0.0,-0.023412000000000002,-0.023412000000000002,0.02117200000000001,0.0,-0.020524,-0.020524,0.019748,0.0,-0.009776,-0.009776,0.00488,7.740820271195744,-1.9059581756591797,0.12092295602969705
109,cnn,gan,0.0,2.0993184979928614,-90.65156756801082,-92.46744816142109,-173.30349784058552,40.94488572559534,0.15399908578892618,0.0,0.3002511722920067,0.3002511722920067,-0.3002511722920067,-0.021541425059897812,0.2309122104857635,0.0,-5.563832501675982,-5.563832501675982,-5.563832501675982,0.0,0.0019240000000000368,0.0019240000000000368,0.0019240000000000368,0.0,-0.018480000000000052,-0.018480000000000052,-0.014327999999999896,0.0,-0.016612000000000002,-0.016612000000000002,0.016612000000000002,0.0,-0.021332000000000004,-0.021332000000000004,0.021332000000000004,0.0,-0.01446,-0.01446,0.01446,0.0,-0.01054,-0.01054,0.003876,8.120086906734258,-2.1100034713745117,0.1308718044707951
110,cnn,gan,0.0,2.1398785390547808,-96.21334146141115,-93.19026677473238,-181.2344104066708,34.336474624028156,0.11338558138937138,0.0,0.27219103338225303,0.27219103338225303,-0.27219103338225303,-0.01822075677151025,0.23158454766476982,0.0,-4.662397314798088,-4.662397314798088,-4.662397314798088,0.0,0.0018080000000000318,0.0018080000000000318,0.0018080000000000318,0.0,-0.02166800000000002,-0.02166800000000002,-0.017516000000000087,0.0,-0.016404000000000002,-0.016404000000000002,0.016404000000000002,0.0,-0.016672000000000006,-0.016672000000000006,0.016672000000000006,0.0,-0.016620000000000003,-0.016620000000000003,0.015804000000000006,0.0,-0.0077280000000000005,-0.0077280000000000005,0.004744,9.90387771246992,-0.7616782188415527,0.13897542900036758
111,cnn,gan,0.0,2.1273321807737027,-95.9033638647179,-92.4286717490624,-174.65730028840858,31.11088503299473,0.026267251230038702,0.0,0.3410163939525225,0.34101639395252237,-0.34101639395252237,-0.020228916139515773,0.21791602534689725,0.0,-6.463739705675398,-6.463739705675398,-6.463739705675398,0.0,0.0023199999999999887,0.0023199999999999887,0.0023199999999999887,0.0,-0.027191999999999994,-0.027191999999999994,-0.012319999999999998,0.0,-0.013583999999999999,-0.013583999999999999,0.013583999999999999,0.0,-0.013308,-0.013308,0.013308,0.0,-0.011916000000000003,-0.011916000000000003,0.011916000000000003,0.0,-0.007083999999999999,-0.007083999999999999,0.005164000000000001,9.362192722725592,-2.6538472175598145,0.11572643176652397
112,cnn,gan,0.0,2.174958536353433,-88.75361289737349,-86.14319358650579,-153.2121756593699,20.439175406283034,-0.023953575872764588,0.0,0.4763635551660419,0.4763635551660419,-0.4763635551660419,-0.019571806317930818,0.2149901540157302,0.0,-7.126036036225891,-7.126036036225891,-7.126036036225891,0.0,0.00033600000000000296,0.00033600000000000296,0.00033600000000000296,0.0,-0.030019999999999936,-0.030019999999999936,-0.007411999999999974,0.0,-0.009739999999999999,-0.009739999999999999,0.009739999999999999,0.0,-0.009744000000000003,-0.009744000000000003,0.009744000000000003,0.0,-0.008348000000000001,-0.008348000000000001,0.007756000000000006,0.0,-0.006348,-0.006348,0.005092,8.124974718265669,-1.0445513725280762,0.14355939460849954
113,cnn,gan,0.0,2.195212569951156,-82.18688198660544,-73.53702418625403,-124.07761718893187,19.072294481533312,-0.03467238726186761,0.0,0.3727123666174601,0.3727123666174601,-0.3727123666174601,-0.019329059932459147,0.20644230392652355,0.0,-10.665123960211488,-10.665123960211488,-10.665123960211488,0.0,0.0046080000000000565,0.0046080000000000565,0.0046080000000000565,0.0,-0.029747999999999997,-0.029747999999999997,-0.0036360000000000836,0.0,-0.017000000000000015,-0.017000000000000015,0.015408000000000033,0.0,-0.009204000000000004,-0.009204000000000004,0.009204000000000004,0.0,-0.005847999999999999,-0.005847999999999999,0.004759999999999993,0.0,-0.005863999999999999,-0.005863999999999999,0.005863999999999999,7.595174112833238,-1.4465765953063965,0.1384873678524578
114,cnn,gan,0.0,2.111264849783769,-69.53609465932826,-67.70943283942353,-99.49138132230371,15.90936890220437,0.007748696442100522,0.0,0.5326402308007302,0.5326402308007303,-0.5326402308007303,-0.016763353881745102,0.17947681253398454,0.0,-14.1074417661448,-14.1074417661448,-6.134493832270772,0.0,-0.000288000000000066,-0.000288000000000066,-0.000288000000000066,0.0,-0.029240000000000044,-0.029240000000000044,0.0021440000000000348,0.0,-0.009776000000000007,-0.009776000000000007,0.005103999999999997,0.0,-0.007540000000000005,-0.007540000000000005,0.007540000000000005,0.0,-0.003368000000000003,-0.003368000000000003,-0.0005279999999999938,0.0,-0.0027279999999999995,-0.0027279999999999995,0.0027279999999999995,7.692607463023744,-0.7752566337585449,0.1347290641059784
115,cnn,gan,0.0,2.0656047850637336,-74.47157898186785,-65.47895598617745,-89.92685446150688,14.568955389851787,-0.05832782173396123,0.0,0.5859580646395456,0.5859580646395455,-0.5859580646395455,-0.016828995778406186,0.17459951535873702,0.0,-2.0905292718976902,-2.0905292718976902,-1.4848859374217689,0.0,0.00011200000000000099,0.00011200000000000099,0.00011200000000000099,0.0,-0.028044000000000013,-0.028044000000000013,0.002644000000000035,0.0,-0.005615999999999982,-0.005615999999999982,-8.800000000000474e-05,0.0,-0.014303999999999997,-0.014303999999999997,0.008424000000000001,0.0,-0.002152000000000001,-0.002152000000000001,0.0006560000000000038,0.0,-0.0027960000000000007,-0.0027960000000000007,0.0023959999999999997,8.017977889692844,-2.542202949523926,0.12250739640195163
116,cnn,gan,0.0,2.022247716075089,-68.92777513457018,-60.85364761833941,-86.77621977880932,20.520609950285454,-0.12753935441859388,0.0,0.58437278271842,0.58437278271842,-0.58437278271842,-0.021246532891932013,0.1662277501505302,0.0,-4.398743059866078,-4.398743059866078,-3.510135039909777,0.0,-0.006291999999999964,-0.006291999999999964,-0.006291999999999964,0.0,-0.027548000000000017,-0.027548000000000017,0.006484000000000045,0.0,-0.012076000000000003,-0.012076000000000003,0.0023080000000000045,0.0,-0.01291600000000001,-0.01291600000000001,0.01008400000000001,0.0,-0.0038520000000000013,-0.0038520000000000013,0.0029720000000000094,0.0,-0.00226,-0.00226,0.00226,7.966369916091313,-2.286045551300049,0.1287467284128092
117,cnn,gan,0.0,1.9971830510621622,-72.07405116889562,-68.06907399580805,-100.29993814455145,25.80661014998407,-0.1138956436643298,0.0,0.6324939635087707,0.6324939635087707,-0.6324939635087707,-0.02480498779455287,0.17457716109500737,0.0,-4.01623194923244,-4.01623194923244,-1.4109063871561016,0.0,-0.0027920000000000167,-0.0027920000000000167,-0.0027920000000000167,0.0,-0.02612399999999998,-0.02612399999999998,0.003219999999999945,0.0,-0.012775999999999982,-0.012775999999999982,0.0026560000000000195,0.0,-0.007536000000000001,-0.007536000000000001,0.007216000000000014,0.0,-0.005296000000000002,-0.005296000000000002,0.005296000000000002,0.0,-0.0017480000000000004,-0.0017480000000000004,0.0017480000000000004,8.556231028624595,-3.4224677085876465,0.09728037613462914
118,cnn,gan,0.0,1.705842701338792,-68.11940326699593,-67.2233982448119,-99.83813889129402,32.20309402730311,-0.18315451772850477,0.0,0.4955415876773629,0.495541587677363,-0.495541587677363,-0.030346196303333905,0.1658345679314504,0.0,-3.0109771133660708,-3.0109771133660708,1.6345832690537527,0.0,-0.0018719999999999848,-0.0018719999999999848,-0.0018719999999999848,0.0,-0.028531999999999946,-0.028531999999999946,0.014787999999999968,0.0,-0.014971999999999985,-0.014971999999999985,0.003516000000000019,0.0,-0.008032000000000011,-0.008032000000000011,0.006312000000000012,0.0,-0.008364000000000003,-0.008364000000000003,0.008364000000000003,0.0,-0.003924,-0.003924,0.0038119999999999994,8.031831030186268,-2.6222805976867676,0.10530998405681491
119,cnn,gan,0.0,1.7817701013205607,-68.49606014955489,-66.60422101154239,-86.91765430597735,30.887665178824555,-0.1692020833785819,0.0,0.3422529735904333,0.3422529735904334,-0.3422529735904334,-0.026642745816604974,0.16297434161155014,0.0,-0.977235349111572,-0.977235349111572,-0.34874795036881245,0.0,0.0008280000000000509,0.0008280000000000509,0.0008280000000000509,0.0,-0.02923599999999993,-0.02923599999999993,0.014980000000000104,0.0,-0.011203999999999992,-0.011203999999999992,0.0027479999999999727,0.0,-0.0066759999999999875,-0.0066759999999999875,0.0066759999999999875,0.0,-0.008899999999999998,-0.008899999999999998,0.007572000000000002,0.0,-0.0030080000000000003,-0.0030080000000000003,0.0030080000000000003,6.630715218183418,-0.9103384017944336,0.0875361585806399
120,cnn,gan,0.0,1.816148601735783,-74.40576363544513,-68.23091329195404,-96.91482876329087,31.59518756923488,-0.1454562673680081,0.0,0.14621239846059952,0.14621239846059964,-0.14621239846059964,-0.03140171474831244,0.16187892094133646,0.0,-2.525603290889496,-2.525603290889496,1.847481806909613,0.0,0.0014359999999999928,0.0014359999999999928,0.0014359999999999928,0.0,-0.01651199999999997,-0.01651199999999997,0.0030240000000000267,0.0,-0.013531999999999988,-0.013531999999999988,0.0014839999999999853,0.0,-0.008120000000000002,-0.008120000000000002,0.006408000000000011,0.0,-0.007428000000000004,-0.007428000000000004,0.007428000000000004,0.0,-0.003076,-0.0030760000000000006,0.0030760000000000006,6.617869275127962,-3.0447893142700195,0.11790593943149036
121,cnn,gan,0.0,1.8058004488939652,-75.92061593100614,-59.91451958122394,-80.67371351785738,34.41392000882195,-0.06501485191303291,0.0,0.051581584404856606,0.051581584404856606,-0.051581584404856606,-0.02329425467955587,0.1635134840549699,0.0,-1.1923786454849044,-1.1923786454849044,-0.15712428338818185,0.0,0.0015079999999999538,0.0015079999999999538,0.0015079999999999538,0.0,-0.01829599999999998,-0.01829599999999998,-0.0037759999999998906,0.0,-0.018275999999999987,-0.018275999999999987,0.01309200000000002,0.0,-0.005503999999999995,-0.005503999999999995,0.005104000000000011,0.0,-0.010476,-0.010476,0.010476,0.0,-0.0009440000000000004,-0.0009440000000000004,0.0009440000000000004,7.7639999506432815,-2.161287307739258,0.12185016036191137
122,cnn,gan,0.0,1.8897152351163093,-78.00659176703073,-67.69892812871171,-90.06831278315144,25.521731813019535,-0.07590364006842493,0.0,0.05864952162489989,0.05864952162489989,-0.05864952162489989,-0.02869484563599317,0.1478085550770723,0.0,-0.3407592934909953,-0.3407592934909953,0.27695963244413413,0.0,-0.000148000000000037,-0.000148000000000037,-0.000148000000000037,0.0,-0.02066800000000002,-0.02066800000000002,-0.011348000000000025,0.0,-0.022095999999999977,-0.022095999999999977,0.012072,0.0,-0.005699999999999997,-0.005699999999999997,0.00224400000000001,0.0,-0.008107999999999997,-0.008107999999999997,0.008107999999999997,0.0,-0.002392,-0.002392,0.002392,5.526169067281831,-2.1857194900512695,0.12428723038408929
123,cnn,gan,0.0,2.090327401248633,-95.43003139150397,-79.23985672328985,-122.4071083073527,18.527126690465487,-0.06710899270742637,0.0,-0.004047966376477308,-0.004047966376477197,0.004047966376477197,-0.03381714459067625,0.1678029655723301,0.0,-2.1672689814348605,-2.1672689814348605,-0.3954418156064694,0.0,7.199999999996098e-05,7.199999999996098e-05,7.199999999996098e-05,0.0,-0.02024399999999993,-0.02024399999999993,-0.010140000000000038,0.0,-0.018587999999999993,-0.018587999999999993,0.0018279999999999963,0.0,-0.011123999999999995,-0.011123999999999995,0.00747600000000001,0.0,-0.008812,-0.008812,0.008812,0.0,-0.006511999999999999,-0.006511999999999999,0.006511999999999999,6.980720082155294,-2.235123634338379,0.10982769172854978
124,cnn,gan,0.0,2.0131977435239357,-99.66857708566964,-74.20640175543957,-107.59325664822848,18.767610467337143,-0.04091220139829538,0.0,-0.006818051296379801,-0.006818051296379801,0.006818051296379801,-0.028957935245622735,0.1666221012604971,0.0,-1.5437049743346165,-1.5437049743346165,-1.5437049743346165,0.0,-0.0008879999999999999,-0.0008879999999999999,-0.0008879999999999999,0.0,-0.021523999999999988,-0.021523999999999988,-0.014635999999999982,0.0,-0.01717200000000002,-0.01717200000000002,0.0028839999999999977,0.0,-0.009972000000000009,-0.009972000000000009,0.008092000000000016,0.0,-0.013131999999999998,-0.013131999999999998,0.008876000000000002,0.0,-0.005976,-0.005976,0.005976,6.0647962158597615,-0.6523103713989258,0.13336664565330741
125,cnn,gan,0.0,2.1808581607315247,-114.76709229105373,-87.26521341946165,-139.09386313643466,5.4280248479369035,-0.0959455755796263,0.0,0.03472528204567882,0.03472528204567882,-0.03472528204567882,-0.03177423060543688,0.17489036819090104,0.0,-5.668302597486674,-5.668302597486674,-2.057581024571368,0.0,-0.0007440000000000779,-0.0007440000000000779,-0.0007440000000000779,0.0,-0.02439199999999997,-0.02439199999999997,-0.02439199999999997,0.0,-0.015147999999999995,-0.015147999999999995,-0.0007560000000000344,0.0,-0.01889600000000001,-0.01889600000000001,0.003912000000000013,0.0,-0.012604000000000004,-0.012604000000000004,0.010260000000000005,0.0,-0.00512,-0.00512,0.00512,7.126238062395565,-4.338579177856445,0.12673437742183102
126,cnn,gan,0.0,2.197299240874205,-123.99869812217094,-92.23916501299726,-146.75581737099156,6.070094135592143,-0.10651440772676568,0.0,0.12009299310693888,0.12009299310693888,-0.12009299310693888,-0.0310182766945008,0.17846295857332067,0.0,-8.001558956054222,-8.001558956054222,-8.001558956054222,0.0,0.0010879999999999779,0.0010879999999999779,0.0010879999999999779,0.0,-0.02626000000000006,-0.02626000000000006,-0.021267999999999954,0.0,-0.01622800000000002,-0.01622800000000002,0.0049320000000000475,0.0,-0.020972000000000005,-0.020972000000000005,0.004852000000000009,0.0,-0.018012000000000004,-0.018012000000000004,0.018012000000000004,0.0,-0.0022919999999999998,-0.0022919999999999998,0.0022919999999999998,5.133764029154648,-3.0600662231445312,0.12270167815662053
127,cnn,gan,0.0,2.0750441520013965,-124.2532730795373,-87.43323373679453,-145.31496835389828,4.596416364943565,-0.0766226986199553,0.0,0.17294845184253999,0.17294845184253993,-0.17294845184253993,-0.02892820348950681,0.17230964946894528,0.0,-6.904423989011455,-6.904423989011455,-6.904423989011455,0.0,-0.0005479999999999929,-0.0005479999999999929,-0.0005479999999999929,0.0,-0.025992000000000015,-0.025992000000000015,-0.020087999999999884,0.0,-0.015151999999999999,-0.015151999999999999,0.00519200000000003,0.0,-0.012787999999999994,-0.012787999999999994,0.0010360000000000091,0.0,-0.011715999999999997,-0.011715999999999997,0.004924000000000005,0.0,-0.0044800000000000005,-0.0044800000000000005,0.0044800000000000005,5.144634138113606,-7.9594268798828125,0.10755880410722646
128,cnn,gan,0.0,2.048905170822824,-155.9468074888791,-101.9450786843999,-183.7994694057329,-4.678388199953844,0.030608877184851835,0.0,0.22790220684841478,0.2279022068484149,-0.2279022068484149,-0.03241930742815796,0.1779632276236827,0.0,-4.82996237678649,-4.82996237678649,-4.82996237678649,0.0,-0.0017439999999999678,-0.0017439999999999678,-0.0017439999999999678,0.0,-0.023963999999999985,-0.023963999999999985,-0.023963999999999985,0.0,-0.02199599999999996,-0.02199599999999996,-0.0013880000000000003,0.0,-0.014724000000000001,-0.014724000000000001,0.0033240000000000075,0.0,-0.016335999999999996,-0.016335999999999996,0.0034240000000000034,0.0,-0.006148000000000001,-0.006148000000000001,0.004788000000000001,5.076671104988229,-1.8067193031311035,0.08438760041227283
129,cnn,gan,0.0,2.009662420169054,-167.45686546793524,-100.56679976948658,-208.92151092675783,-15.86059571405336,0.14426507264095545,0.0,0.22802078899948464,0.22802078899948464,-0.22802078899948464,-0.02862362210148045,0.19464051569377988,0.0,-1.356853633569358,-1.356853633569358,-1.356853633569358,0.0,-0.0018159999999999288,-0.0018159999999999288,-0.0018159999999999288,0.0,-0.02938799999999997,-0.02938799999999997,-0.018091999999999997,0.0,-0.018440000000000012,-0.018440000000000012,-0.001960000000000073,0.0,-0.015212000000000003,-0.015212000000000003,-0.0006519999999999859,0.0,-0.014171999999999997,-0.014171999999999997,0.0006360000000000046,0.0,-0.005607999999999999,-0.005607999999999999,0.005607999999999999,5.255362053582768,-3.9656615257263184,0.10476845752024672
130,cnn,gan,0.0,2.04625084785998,-188.9011693631747,-113.42174844799746,-276.764993237722,-18.83013408359365,0.1500839992488049,0.0,0.18805641341346824,0.18805641341346835,-0.18805641341346835,-0.03392056697160167,0.20264899819656557,0.0,-5.226994664078255,-5.226994664078255,-5.226994664078255,0.0,0.0008519999999999639,0.0008519999999999639,0.0008519999999999639,0.0,-0.03421199999999991,-0.03421199999999991,-0.02560399999999996,0.0,-0.01618799999999998,-0.01618799999999998,-0.0046519999999999895,0.0,-0.022344000000000003,-0.022344000000000003,-0.0048639999999999795,0.0,-0.016919999999999998,-0.016919999999999998,0.002592000000000004,0.0,-0.006576,-0.006576,0.002888,6.490211588256553,-5.7041802406311035,0.07613100796354655
131,cnn,gan,0.0,1.9041624010562366,-203.37474302436783,-109.14730356450383,-280.33950213637036,-30.11281594053071,0.32979169223605054,0.0,0.3674643444360438,0.3674643444360437,-0.3674643444360437,-0.029042892894577232,0.21008406587811262,0.0,-3.2275143430189814,-3.2275143430189814,-3.2275143430189814,0.0,0.0006519999999999859,0.0006519999999999859,0.0006519999999999859,0.0,-0.02890399999999993,-0.02890399999999993,-0.02890399999999993,0.0,-0.022067999999999977,-0.022067999999999977,-0.0045399999999999885,0.0,-0.02619600000000001,-0.02619600000000001,0.0007160000000000083,0.0,-0.02216,-0.02216,0.0052320000000000005,0.0,-0.004984,-0.004984,-0.00012799999999999877,7.820440760823885,-5.808531761169434,0.06985853975907819
132,cnn,gan,0.0,1.898048295421983,-216.06875606431242,-116.64841111734512,-274.31045176763257,-33.30609372406822,0.3933942773317351,0.0,0.41967748352622825,0.41967748352622825,-0.41967748352622825,-0.03753234600207761,0.2201899824940584,0.0,-3.3384369827347413,-3.3384369827347413,-3.3384369827347413,0.0,0.0018000000000000238,0.0018000000000000238,0.0018000000000000238,0.0,-0.030047999999999964,-0.030047999999999964,-0.028031999999999946,0.0,-0.030447999999999975,-0.030447999999999975,-0.008952000000000016,0.0,-0.03022000000000001,-0.03022000000000001,0.010740000000000013,0.0,-0.016056,-0.016056,0.012448,0.0,-0.005812,-0.005812,0.0044280000000000005,8.018594916640794,-6.05672025680542,0.07923297597374701
133,cnn,gan,0.0,1.741105425299601,-241.1189520304195,-118.19809648220462,-294.35944067979824,-52.87313783058565,0.4708880748578934,0.0,0.5330027204419159,0.5330027204419159,-0.5330027204419159,-0.034250790350619176,0.2277860180329016,0.0,-0.7535894726146921,-0.7535894726146921,-0.7535894726146921,0.0,0.0042399999999999105,0.0042399999999999105,0.0042399999999999105,0.0,-0.03684399999999999,-0.03684399999999999,-0.032187999999999994,0.0,-0.032596000000000014,-0.032596000000000014,-0.009035999999999988,0.0,-0.025300000000000003,-0.025300000000000003,0.004572000000000007,0.0,-0.021764,-0.021764,0.00862000000000001,0.0,-0.006744,-0.006744,0.004104,8.92819673201533,-1.347501277923584,0.08981819590595297
134,cnn,gan,0.0,2.096018304414809,-253.10335616886076,-143.45296067047525,-379.90253221332296,-98.57039273391746,0.5740880459135395,0.0,0.6802147580809252,0.6802147580809252,-0.6802147580809252,-0.04738897406526715,0.21531268805602333,0.0,-0.02773689799863277,-0.02773689799863277,-0.02773689799863277,0.0,0.005491999999999941,0.005491999999999941,0.005491999999999941,0.0,-0.036255999999999955,-0.036255999999999955,-0.03596799999999989,0.0,-0.03738400000000003,-0.03738400000000003,-0.01479999999999998,0.0,-0.024688,-0.024688,-0.006855999999999987,0.0,-0.015032000000000004,-0.015032000000000004,-0.002447999999999992,0.0,-0.006855999999999999,-0.006855999999999999,0.006008000000000001,9.478339292481586,-6.135213851928711,0.08387814784783032
135,cnn,gan,0.0,2.251684837638834,-239.84101288913,-128.88836932192652,-329.03431372487967,-95.77744016379324,0.4387338616562684,0.0,0.5535939949533775,0.5535939949533775,-0.5535939949533775,-0.04889455342147142,0.19202980201190828,0.0,-2.386560753901527,-2.386560753901527,-2.386560753901527,0.0,-0.0016960000000000308,-0.0016960000000000308,-0.0016960000000000308,0.0,-0.038959999999999995,-0.038959999999999995,-0.037567999999999935,0.0,-0.03269999999999995,-0.03269999999999995,-0.015652,0.0,-0.022272,-0.022272,-0.0006159999999999916,0.0,-0.015975999999999997,-0.015975999999999997,0.0029520000000000032,0.0,-0.005596,-0.005596,0.0030039999999999997,9.44148604242849,-5.694131374359131,0.09205202282596825
136,cnn,gan,0.0,2.2543534414827384,-231.30260084373256,-121.4315241862464,-253.95234049823182,-91.66709096343823,0.3047540396591296,0.0,0.436741751684418,0.43674175168441787,-0.43674175168441787,-0.038564777404224704,0.18842142006602974,0.0,-1.6240938942839094,-1.6240938942839094,-1.6240938942839094,0.0,-0.0020879999999999788,-0.0020879999999999788,-0.0020879999999999788,0.0,-0.030591999999999953,-0.030591999999999953,-0.030591999999999953,0.0,-0.035851999999999995,-0.035851999999999995,-0.012508000000000075,0.0,-0.022227999999999998,-0.022227999999999998,-0.002123999999999987,0.0,-0.016431999999999995,-0.016431999999999995,0.0011920000000000056,0.0,-0.004104,-0.004104,0.004104,8.12090746269578,-0.21828317642211914,0.10006432577421787
137,cnn,gan,0.0,2.094749829701364,-223.58428913745325,-113.66627835008006,-223.12040760952448,-86.53156511086037,0.39172184663257803,0.0,0.2003672180071916,0.2003672180071916,-0.2003672180071916,-0.04072151155749121,0.16756760561008738,0.0,0.501500580074314,0.501500580074314,0.501500580074314,0.0,-0.00031200000000009,-0.00031200000000009,-0.00031200000000009,0.0,-0.03373999999999999,-0.03373999999999999,-0.03373999999999999,0.0,-0.037104000000000026,-0.037104000000000026,-0.01169600000000004,0.0,-0.016463999999999993,-0.016463999999999993,-0.0016159999999999924,0.0,-0.012095999999999996,-0.012095999999999996,0.006664000000000003,0.0,-0.006188,-0.006188,0.0030280000000000003,8.34131538768358,-4.461348533630371,0.12311020188442612
138,cnn,gan,0.0,2.2165355760404886,-240.02986099282913,-119.38354372336454,-239.5908511880724,-112.24252772365,0.3271759818633941,0.0,0.07332802641161684,0.07332802641161684,-0.07332802641161684,-0.043349675860394565,0.16591256056285072,0.0,-3.384788042407589,-3.384788042407589,-3.384788042407589,0.0,0.0015840000000000298,0.0015840000000000298,0.0010399999999999299,0.0,-0.03646399999999994,-0.03646399999999994,-0.03646399999999994,0.0,-0.03881599999999996,-0.03881599999999996,-0.010407999999999973,0.0,-0.01700800000000001,-0.01700800000000001,-0.0049999999999999906,0.0,-0.018179999999999995,-0.018179999999999995,0.002580000000000006,0.0,-0.005704000000000001,-0.005704000000000001,0.004232,7.676059727942025,-2.655005931854248,0.0980449202538215
139,cnn,gan,0.0,2.393229825574842,-248.9822557920083,-121.2524977970088,-225.2686954261046,-109.60007414935619,0.3604605679062645,0.0,-0.0794970865182636,-0.0794970865182636,0.0794970865182636,-0.04123673055573257,0.16525912469837217,0.0,-3.326381068700421,-3.326381068700421,-3.326381068700421,0.0,0.0025479999999999947,0.0025479999999999947,0.0025479999999999947,0.0,-0.033451999999999926,-0.033451999999999926,-0.033451999999999926,0.0,-0.04157999999999998,-0.04157999999999998,-0.013020000000000004,0.0,-0.015663999999999997,-0.015663999999999997,-0.004047999999999982,0.0,-0.012048000000000003,-0.012048000000000003,-0.0004559999999999981,0.0,-0.005607999999999999,-0.005607999999999999,0.002432000000000001,8.175043531028457,-4.142480850219727,0.12307582166058095
140,cnn,gan,0.0,2.2800949818658225,-235.45976208106669,-121.05781236222123,-219.8532681190843,-111.53341091008069,0.4781145930030836,0.0,-0.1690358240333344,-0.1690358240333345,0.1690358240333345,-0.03310352327819116,0.1846235329358803,0.0,-5.656863316086181,-5.656863316086181,-5.656863316086181,0.0,0.0009399999999999409,0.0009399999999999409,0.0009399999999999409,0.0,-0.04666800000000004,-0.04666800000000004,-0.04666800000000004,0.0,-0.03551199999999999,-0.03551199999999999,-0.010871999999999937,0.0,-0.018484,-0.018484,-0.001916000000000001,0.0,-0.012387999999999996,-0.012387999999999996,-0.004379999999999995,0.0,-0.004803999999999999,-0.004803999999999999,0.001732000000000001,9.296397381089918,-5.7023210525512695,0.10331821313228151
141,cnn,gan,0.0,2.1585167101309573,-252.29259164509645,-132.43878509850862,-260.158248966556,-145.6594144813764,0.5970568694247546,0.0,-0.20146796692105828,-0.20146796692105828,0.20146796692105828,-0.029694742274700592,0.22604880663363647,0.0,2.759726117529066,2.759726117529066,2.759726117529066,0.0,0.0027200000000000557,0.0027200000000000557,0.0027200000000000557,0.0,-0.04450799999999999,-0.04450799999999999,-0.04450799999999999,0.0,-0.04098399999999999,-0.04098399999999999,-0.016760000000000025,0.0,-0.02410000000000001,-0.02410000000000001,-0.009587999999999985,0.0,-0.014896,-0.014896,-0.0066879999999999926,0.0,-0.0076359999999999996,-0.0076359999999999996,-0.0023159999999999995,7.771418729452456,-2.7024788856506348,0.08465068958390826
142,cnn,gan,0.0,1.947052354416055,-284.18012598654644,-138.4050987680909,-254.76274050821496,-161.4638931778665,0.6498137523884835,0.0,-0.10840211844929692,-0.10840211844929692,0.10840211844929692,-0.028677305849026502,0.23764639540188903,0.0,-4.343317572521778,-4.343317572521778,-4.343317572521778,0.0,0.0039000000000000146,0.0039000000000000146,0.0039000000000000146,0.0,-0.050064,-0.050064,-0.050064,0.0,-0.04824800000000001,-0.04824800000000001,-0.01880799999999999,0.0,-0.03414400000000001,-0.03414400000000001,-0.00964799999999999,0.0,-0.020263999999999997,-0.020263999999999997,-0.005455999999999996,0.0,-0.008251999999999999,-0.008251999999999999,-0.0003480000000000002,6.455991458989871,-1.3729782104492188,0.0691084535250368
143,cnn,gan,0.0,1.9990306355937335,-276.5114563351267,-147.46681425038133,-271.3910457401705,-182.65714044594313,0.5606674765883777,0.0,-0.3125543775290064,-0.3125543775290064,0.3125543775290064,-0.03370145696352228,0.22959260462688896,0.0,-2.560639440609954,-2.560639440609954,-2.560639440609954,0.0,0.0022560000000000358,0.0022560000000000358,0.0022560000000000358,0.0,-0.050224000000000046,-0.050224000000000046,-0.050224000000000046,0.0,-0.043432000000000026,-0.043432000000000026,-0.025239999999999985,0.0,-0.035328,-0.035328,-0.009464,0.0,-0.017731999999999998,-0.017731999999999998,-0.007099999999999995,0.0,-0.011192,-0.011192,-0.004120000000000001,6.120636687146241,-3.7852401733398438,0.07791359872818804
144,cnn,gan,0.0,2.019738957230633,-270.8736814949348,-144.06865159169558,-265.06918026935296,-183.62665719874602,0.6148455573053458,0.0,-0.3398778938982585,-0.3398778938982585,0.14208772110143064,-0.03953471958129323,0.23287724611209237,0.0,-1.8414904684796305,-1.8414904684796305,-1.8414904684796305,0.0,0.0005479999999999929,0.0005479999999999929,0.0005479999999999929,0.0,-0.060739999999999905,-0.060739999999999905,-0.057195999999999914,0.0,-0.04366800000000001,-0.04366800000000001,-0.025435999999999986,0.0,-0.035024,-0.035024,-0.014759999999999995,0.0,-0.020700000000000003,-0.020700000000000003,-0.007659999999999993,0.0,-0.010204000000000001,-0.010204000000000001,-0.0020760000000000015,7.048108790375689,-4.21088981628418,0.09306487839824762
145,cnn,gan,0.0,2.0492667893653973,-273.8878378247778,-145.43227552414584,-258.3025749559091,-194.9662780548482,0.6128814289149094,0.0,-0.4477610688089536,-0.4477610688089536,0.4477610688089536,-0.04408981406209511,0.23136904076054254,0.0,-1.324912913693355,-1.324912913693355,-1.324912913693355,0.0,-0.0009799999999999809,-0.0009799999999999809,-0.0009799999999999809,0.0,-0.06883600000000001,-0.06883600000000001,-0.05884400000000001,0.0,-0.045840000000000006,-0.045840000000000006,-0.029464000000000032,0.0,-0.04100799999999999,-0.04100799999999999,-0.02284799999999998,0.0,-0.022608000000000003,-0.022608000000000003,-0.009616,0.0,-0.008588,-0.008588,-0.0017879999999999997,5.128347593491711,-2.6556878089904785,0.08493426525393083
146,cnn,gan,0.0,2.1549228666019893,-261.150474367814,-144.40676857651442,-250.00839946515327,-198.6298047295556,0.5419803337146288,0.0,-0.46876326844113325,-0.46876326844113325,0.46876326844113325,-0.054285195631890604,0.20822276046699364,0.0,-1.2294438192906174,-1.2294438192906174,-1.2294438192906174,0.0,-0.0037360000000000726,-0.0037360000000000726,-0.0037360000000000726,0.0,-0.07829199999999992,-0.07829199999999992,-0.06876399999999994,0.0,-0.04515200000000001,-0.04515200000000001,-0.030032000000000017,0.0,-0.042835999999999985,-0.042835999999999985,-0.029515999999999987,0.0,-0.023607999999999997,-0.023607999999999997,-0.015063999999999987,0.0,-0.008388,-0.008388,-0.004739999999999998,5.4205254854759275,-1.0969176292419434,0.0570153789847162
147,cnn,gan,0.0,1.9559436041730045,-233.79818545291175,-125.63827274952439,-212.63664872003847,-191.31377443311945,0.41186228168267114,0.0,-0.36271929412689385,-0.36271929412689385,0.36271929412689385,-0.05786751869316392,0.19043387064507036,0.0,-2.1343143290866067,-2.1343143290866067,-2.1343143290866067,0.0,-0.0048160000000000425,-0.0048160000000000425,-0.0048160000000000425,0.0,-0.08266399999999996,-0.08266399999999996,-0.071824,0.0,-0.0353,-0.0353,-0.025956000000000007,0.0,-0.03683600000000001,-0.03683600000000001,-0.030780000000000002,0.0,-0.026043999999999998,-0.026043999999999998,-0.01815599999999999,0.0,-0.0073999999999999995,-0.0073999999999999995,-0.0006639999999999988,4.581879307687107,-1.223832130432129,0.08994853828299282
148,cnn,gan,0.0,1.9579144852403338,-221.99170971948752,-115.16255015089268,-209.129399849793,-173.6463142559104,0.35863598096561344,0.0,-0.3521653281616741,-0.3521653281616741,0.3521653281616741,-0.05366013405424208,0.1813591991156404,0.0,-2.028704554136711,-2.028704554136711,-2.028704554136711,0.0,-0.011147999999999936,-0.011147999999999936,-0.011147999999999936,0.0,-0.06766,-0.06766,-0.06435600000000002,0.0,-0.029107999999999995,-0.029107999999999995,-0.01849999999999999,0.0,-0.03822400000000001,-0.03822400000000001,-0.02266399999999999,0.0,-0.023396,-0.023396,-0.013427999999999995,0.0,-0.006428,-0.006428,-0.004195999999999998,5.125291982634703,-3.867703914642334,0.08568355831993513
149,cnn,gan,0.0,2.0023693777548885,-197.11300940599455,-112.24701232739469,-218.25243303438532,-160.77114173783286,0.32510168845040627,0.0,-0.39007961834309424,-0.39007961834309424,0.39007961834309424,-0.0584334982339087,0.16809007118527872,0.0,-3.794282596409232,-3.794282596409232,-2.746626495848382,0.0,-0.01055600000000001,-0.01055600000000001,-0.01055600000000001,0.0,-0.060064000000000006,-0.060064000000000006,-0.060064000000000006,0.0,-0.0305,-0.0305,-0.012028000000000011,0.0,-0.03322399999999999,-0.03322399999999999,-0.018423999999999982,0.0,-0.025572000000000004,-0.025572000000000004,-0.013195999999999992,0.0,-0.007283999999999999,-0.007283999999999999,-0.003547999999999999,3.8333865323856244,-2.285673141479492,0.06517806155058314
150,cnn,gan,0.0,2.089796531659001,-156.56864877571465,-95.86966816863503,-171.8543077053514,-133.26096446087473,0.318357291540162,0.0,-0.41340319577135953,-0.41340319577135953,0.41340319577135953,-0.06214898896939669,0.15790163475647204,0.0,-1.358411975602829,-1.358411975602829,-1.358411975602829,0.0,-0.013299999999999979,-0.013299999999999979,-0.013299999999999979,0.0,-0.04696800000000001,-0.04696800000000001,-0.04696800000000001,0.0,-0.022208,-0.022208,-0.016408,0.0,-0.033872,-0.033872,-0.02044799999999998,0.0,-0.022587999999999997,-0.022587999999999997,-0.016395999999999994,0.0,-0.00718,-0.00718,-0.0023799999999999993,3.9358206793413544,-2.6323680877685547,0.08315123320703433
151,cnn,gan,0.0,2.216248999590281,-140.63485992117253,-92.44652895184979,-168.51596167344894,-119.26888653536895,0.39577582243726955,0.0,-0.3177297842239868,-0.3177297842239868,0.3177297842239868,-0.057964509263966846,0.1458537992812705,0.0,0.8957845051944027,0.8957845051944027,-0.8957845051944027,0.0,-0.015568000000000026,-0.015568000000000026,-0.015568000000000026,0.0,-0.04408400000000001,-0.04408400000000001,-0.04154000000000002,0.0,-0.015604000000000007,-0.015604000000000007,-0.012412000000000006,0.0,-0.029536000000000007,-0.029536000000000007,-0.022975999999999996,0.0,-0.019087999999999994,-0.019087999999999994,-0.01414399999999999,0.0,-0.008015999999999999,-0.008015999999999999,-0.006848,4.643215555565661,-1.8797898292541504,0.12196292003067422
152,cnn,gan,0.0,2.0945243041664945,-112.29171367108233,-75.8151261335509,-162.80050236265788,-101.08548597375332,0.29127672078745664,0.0,-0.33011304762169225,-0.33011304762169225,0.33011304762169225,-0.05110627948214691,0.11894899562453606,0.0,1.7916476989825725,1.7916476989825725,0.9188334065975283,0.0,-0.022047999999999957,-0.022047999999999957,-0.021472000000000047,0.0,-0.03254399999999996,-0.03254399999999996,-0.030152000000000012,0.0,-0.015171999999999998,-0.015171999999999998,-0.009035999999999995,0.0,-0.02778,-0.02778,-0.022227999999999998,0.0,-0.01602,-0.01602,-0.011531999999999994,0.0,-0.006591999999999999,-0.006591999999999999,-0.006591999999999999,7.255331272773191,-2.547067642211914,0.09669302971226035
153,cnn,gan,0.0,2.2870798675624116,-94.09432625708529,-70.62579376934193,-171.28388098025266,-82.55672049711825,0.3112694593064313,0.0,-0.3760877431861482,-0.3760877431861481,0.3760877431861481,-0.046017056729505124,0.12219767632530662,0.0,-1.2588248917676204,-1.2588248917676204,1.2588248917676204,0.0,-0.016608000000000067,-0.016608000000000067,-0.016608000000000067,0.0,-0.03408800000000001,-0.03408800000000001,-0.025191999999999992,0.0,-0.013251999999999996,-0.013251999999999996,-0.0127,0.0,-0.019839999999999997,-0.019839999999999997,-0.019839999999999997,0.0,-0.014115999999999997,-0.014115999999999997,-0.009035999999999995,0.0,-0.006540000000000001,-0.006540000000000001,-0.006540000000000001,8.931151269300909,-0.25815296173095703,0.10634944070246027
154,cnn,gan,0.0,2.3385954973982557,-73.91006835167886,-61.35818366473687,-162.5090689775874,-60.201424620023765,0.29514040067617997,0.0,-0.3789807285219566,-0.37898072852195663,0.37898072852195663,-0.04582617001993572,0.11025281548542226,0.0,-1.0224393705475272,-1.0224393705475272,-1.0224393705475272,0.0,-0.016083999999999987,-0.016083999999999987,-0.011875999999999998,0.0,-0.02898400000000001,-0.02898400000000001,-0.02340800000000004,0.0,-0.009056000000000002,-0.009056000000000002,-0.005935999999999997,0.0,-0.017271999999999996,-0.017271999999999996,-0.015455999999999984,0.0,-0.013675999999999994,-0.013675999999999994,-0.012843999999999994,0.0,-0.005204,-0.005204,-0.005204,8.475723699916077,0.15301227569580078,0.10406053040229418
155,cnn,gan,0.0,2.360010178482195,-62.01501892827246,-50.37238123281573,-169.0095231045798,-43.48123519399934,0.32240330634547965,0.0,-0.30517030841378623,-0.30517030841378623,0.30517030841378623,-0.0398355400022159,0.11887878870252526,0.0,-3.6704454565005733,-3.6704454565005733,3.6704454565005733,0.0,-0.013992000000000004,-0.013992000000000004,-0.01134400000000002,0.0,-0.02126800000000001,-0.02126800000000001,-0.0047639999999999905,0.0,-0.008844,-0.008844,-0.0055,0.0,-0.017340000000000008,-0.017340000000000008,-0.0031639999999999863,0.0,-0.011520000000000002,-0.011520000000000002,-0.011520000000000002,0.0,-0.005992000000000001,-0.005992000000000001,-0.005583999999999999,8.644697509302645,-0.19898366928100586,0.1122531880361895
156,cnn,gan,0.0,2.318093565215449,-51.66087394548169,-44.88551529857871,-154.97576116112083,-35.71743318099854,0.31264525213496364,0.0,-0.3135583138075443,-0.3135583138075443,0.3135583138075443,-0.04287197043177779,0.09913372253792735,0.0,-2.0037119072281016,-2.0037119072281016,2.000856724468356,0.0,-0.011840000000000073,-0.011840000000000073,-0.011840000000000073,0.0,-0.019391999999999993,-0.019391999999999993,-0.005847999999999992,0.0,-0.005304,-0.005304,-0.0046,0.0,-0.01482,-0.01482,-0.0012439999999999951,0.0,-0.013351999999999996,-0.013351999999999996,-0.008407999999999992,0.0,-0.00544,-0.00544,-0.004647999999999999,7.2842536531565045,-4.1016845703125,0.06570201672905684
157,cnn,gan,0.0,2.163860878660767,-38.24359148934084,-32.312277748993125,-65.52009881357421,-21.58967336515192,0.39583188094006067,0.0,-0.27559569111661675,-0.27559569111661675,0.27559569111661675,-0.0365473601156939,0.10020016726960754,0.0,-3.556507734305942,-3.556507734305942,3.556507734305942,0.0,-0.013763999999999998,-0.013763999999999998,-0.013763999999999998,0.0,-0.015100000000000002,-0.015100000000000002,-0.008755999999999986,0.0,-0.002628,-0.002628,-0.001268,0.0,-0.021208000000000005,-0.021208000000000005,-0.005871999999999988,0.0,-0.009495999999999997,-0.009495999999999997,-0.0036239999999999953,0.0,-0.006172,-0.006172,-0.0018439999999999984,6.887757988705218,-3.7152161598205566,0.06866024424592382
158,cnn,gan,0.0,2.4028312062193287,-24.73797580297565,-26.946851154017295,-53.126657018836795,-15.56428389937862,0.3560465707980305,0.0,-0.2798110567135619,-0.2798110567135619,0.2798110567135619,-0.03866059276745942,0.10087536183841887,0.0,-1.186923394360818,-1.186923394360818,1.186923394360818,0.0,-0.012779999999999903,-0.012779999999999903,-0.012779999999999903,0.0,-0.009440000000000004,-0.009440000000000004,-0.007711999999999997,0.0,-0.0008799999999999999,-0.0008799999999999999,-0.00039999999999999996,0.0,-0.007227999999999998,-0.007227999999999998,-0.007227999999999998,0.0,-0.008764000000000001,-0.008764000000000001,-0.007331999999999998,0.0,-0.005492,-0.005492,-0.002804000000000001,4.3538933108596325,-2.6038689613342285,0.08196426798123763
159,cnn,gan,0.0,2.942179221598174,-18.487473202465402,-22.239579606011972,-65.19188250913052,-10.081016514481249,0.2577133741519098,0.0,-0.2598941297970512,-0.2598941297970512,0.2598941297970512,-0.04263243247649101,0.06337011147853099,0.0,-0.7790117077024235,-0.7790117077024235,0.7790117077024235,0.0,-0.01922400000000002,-0.01922400000000002,-0.017847999999999975,0.0,-0.006163999999999996,-0.006163999999999996,-0.004476000000000001,0.0,-0.0005639999999999998,-0.0005639999999999998,8.399999999999987e-05,0.0,-0.0063640000000000085,-0.0063640000000000085,6.80000000000125e-05,0.0,-0.007331999999999998,-0.007331999999999998,-0.00596399999999999,0.0,-0.0066960000000000006,-0.0066960000000000006,-0.00196,4.465265450892421,-5.68810510635376,0.07371145661964895
160,cnn,gan,0.0,3.133251837748105,-12.34899385543329,-19.565213038609905,-101.75401799733228,-6.100879259671867,0.12060133108313942,0.0,-0.16250874676501004,-0.16250874676501004,0.16250874676501004,-0.04524610488948527,0.022947867931858344,0.0,-6.168614198445461,-6.168614198445461,6.168614198445461,0.0,-0.01144400000000001,-0.01144400000000001,-0.01144400000000001,0.0,-0.0020560000000000023,-0.0020560000000000023,-0.0020560000000000023,0.0,-0.00025600000000000015,-0.00025600000000000015,-0.00020799999999999985,0.0,-0.007196000000000008,-0.007196000000000008,-0.0008199999999999874,0.0,-0.0014119999999999966,-0.0014119999999999966,-0.0014119999999999966,0.0,-0.003972,-0.003972,-0.0018279999999999998,1.0482620422847546,-8.727617263793945,0.08200285474069036
161,cnn,gan,0.0,2.904065111486112,-7.9867459170262185,-17.17268591128783,-70.34743052284335,-5.907658419237995,0.10188019510180807,0.0,-0.09883532675809648,-0.09883532675809648,0.09883532675809648,-0.04293058966539459,0.002814466899057101,0.0,-4.980294853668035,-4.980294853668035,4.980294853668035,0.0,-0.014088000000000045,-0.014088000000000045,-0.013375999999999999,0.0,-0.005852000000000003,-0.005852000000000003,-0.005852000000000003,0.0,2.8000000000000247e-05,2.8000000000000247e-05,-2.8000000000000247e-05,0.0,-0.008412000000000003,-0.008412000000000003,-0.0028439999999999854,0.0,5.6000000000000494e-05,5.6000000000000494e-05,5.6000000000000494e-05,0.0,-0.0001559999999999999,-0.0001559999999999999,-0.0001559999999999999,0.30757661646189405,-5.9941935539245605,0.08724827062064222
162,cnn,gan,0.0,2.501682545767615,-0.7606264839368277,-11.966762786273051,-35.29365533198157,-0.3354327153445631,0.0985767038655162,0.0,0.10917289203268266,0.10917289203268266,-0.10917289203268266,-0.034282910048899495,0.005948085313568129,0.0,-4.9190728904446,-4.9190728904446,4.9190728904446,0.0,0.005496000000000001,0.005496000000000001,0.005496000000000001,0.0,0.0010919999999999992,0.0010919999999999992,0.0010919999999999992,0.0,0.00037199999999999993,0.00037199999999999993,0.0002599999999999998,0.0,-0.004335999999999993,-0.004335999999999993,-0.002327999999999983,0.0,0.0004320000000000018,0.0004320000000000018,0.0004320000000000018,0.0,0.0008520000000000003,0.0008520000000000003,0.0008520000000000003,-1.186826702064554,-5.155174732208252,0.07850452004250241
163,cnn,gan,0.0,2.495858813291271,-1.3415408742724386,-13.252252087676752,-25.87739650652142,1.4870713537994433,0.07976449292676152,0.0,0.3392980366241418,0.3392980366241418,-0.3392980366241418,-0.039579576927369964,-0.0007096151736948539,0.0,-4.861881601472653,-4.861881601472653,4.861881601472653,0.0,0.0012600000000000389,0.0012600000000000389,0.0012600000000000389,0.0,0.002020000000000001,0.002020000000000001,0.002020000000000001,0.0,-0.0003560000000000004,-0.0003560000000000004,0.0003560000000000004,0.0,-0.00834399999999999,-0.00834399999999999,-0.0020959999999999868,0.0,-0.005859999999999997,-0.005859999999999997,-0.0032919999999999963,0.0,-0.0004120000000000009,-0.0004120000000000009,0.0004120000000000009,-1.0759971108818718,-1.0900354385375977,0.10538493313289166
164,cnn,gan,0.0,2.1464307489886707,0.1958808416484369,-12.841493148198985,-33.955219706329814,-4.415781329499446,0.1640422089728089,0.0,0.35566422991488644,0.35566422991488644,-0.35566422991488644,-0.03201774640265345,0.02915745149570808,0.0,-2.3290671570145136,-2.3290671570145136,2.3290671570145136,0.0,0.006099999999999994,0.006099999999999994,0.0016439999999999788,0.0,0.0015599999999999989,0.0015599999999999989,0.0009200000000000041,0.0,0.0009199999999999998,0.0009199999999999998,-0.0009199999999999998,0.0,-0.004840000000000011,-0.004840000000000011,-0.0044319999999999915,0.0,-0.002335999999999998,-0.002335999999999998,-0.002335999999999998,0.0,0.0005959999999999993,0.0005959999999999993,-0.0005959999999999993,2.6340155800990708,-5.725895881652832,0.08565454744763146
165,cnn,gan,0.0,1.7378899777949357,0.8994084177510239,-13.880938553624517,-47.417926780645075,-7.340843619237271,0.13276195782307582,0.0,0.3358767884630376,0.3358767884630376,-0.3358767884630376,-0.033693248243536505,0.05250948195054648,0.0,-4.595266816883097,-4.595266816883097,4.595266816883097,0.0,0.0006359999999999699,0.0006359999999999699,0.0006359999999999699,0.0,0.003023999999999999,0.003023999999999999,-0.0008960000000000079,0.0,0.0007919999999999993,0.0007919999999999993,-0.0007919999999999993,0.0,-0.0006599999999999939,-0.0006599999999999939,0.0006599999999999939,0.0,0.0029999999999999957,0.0029999999999999957,-0.0009440000000000073,0.0,0.0008160000000000008,0.0008160000000000008,-0.0008160000000000008,2.38914275893994,-6.210072040557861,0.08414413842906565
166,cnn,gan,0.0,1.1834867226549335,12.436694806847068,-12.335059406199989,-23.08239342519522,-0.2845976026208419,0.031110338040008845,0.0,0.4355109825889978,0.4355109825889978,-0.4355109825889978,-0.027940602066051756,0.05960944150653935,0.0,0.042416530179913536,0.042416530179913536,-0.042416530179913536,0.0,0.0009479999999999489,0.0009479999999999489,0.0009479999999999489,0.0,0.008972000000000008,0.008972000000000008,-0.00045200000000000795,0.0,1.5999999999998654e-05,1.5999999999998654e-05,-1.5999999999998654e-05,0.0,0.006151999999999991,0.006151999999999991,-0.0009840000000000126,0.0,0.007507999999999994,0.007507999999999994,-0.0006920000000000051,0.0,0.00026799999999999914,0.00026799999999999914,-0.00026799999999999914,3.0938111255100793,-4.477466583251953,0.07815784739821674
167,cnn,gan,0.0,0.9819433088816645,23.699559113797385,-6.491660573480885,26.4400989406015,-1.2263016449482649,-0.09242011199978845,0.0,0.4408350010018678,0.4408350010018678,-0.4408350010018678,-0.025943766473218,0.03328744088217884,0.0,-0.9589402067877089,-0.9589402067877089,0.9589402067877089,0.0,-0.001956000000000069,-0.001956000000000069,0.001956000000000069,0.0,0.007819999999999994,0.007819999999999994,-0.002123999999999987,0.0,-3.199999999999731e-05,-3.199999999999731e-05,3.199999999999731e-05,0.0,0.008704000000000003,0.008704000000000003,-0.0028640000000000193,0.0,0.009071999999999997,0.009071999999999997,0.0008559999999999957,0.0,0.0007479999999999987,0.0007479999999999987,-0.0005800000000000007,1.8187750228534583,-1.443559169769287,0.06198257426533227
