<?xml version="1.0"?>
<VTKFile type="UnstructuredGrid" version="0.1" byte_order="LittleEndian" header_type="UInt32">
  <UnstructuredGrid>
    <Piece NumberOfPoints="1369" NumberOfCells="1369">
      <PointData Scalars="CriticalType">
        <DataArray type="Int32" Name="NodeId" format="ascii" RangeMin="0" RangeMax="1368">
          0 1 2 3 4 5
          6 7 8 9 10 11
          12 13 14 15 16 17
          18 19 20 21 22 23
          24 25 26 27 28 29
          30 31 32 33 34 35
          36 37 38 39 40 41
          42 43 44 45 46 47
          48 49 50 51 52 53
          54 55 56 57 58 59
          60 61 62 63 64 65
          66 67 68 69 70 71
          72 73 74 75 76 77
          78 79 80 81 82 83
          84 85 86 87 88 89
          90 91 92 93 94 95
          96 97 98 99 100 101
          102 103 104 105 106 107
          108 109 110 111 112 113
          114 115 116 117 118 119
          120 121 122 123 124 125
          126 127 128 129 130 131
          132 133 134 135 136 137
          138 139 140 141 142 143
          144 145 146 147 148 149
          150 151 152 153 154 155
          156 157 158 159 160 161
          162 163 164 165 166 167
          168 169 170 171 172 173
          174 175 176 177 178 179
          180 181 182 183 184 185
          186 187 188 189 190 191
          192 193 194 195 196 197
          198 199 200 201 202 203
          204 205 206 207 208 209
          210 211 212 213 214 215
          216 217 218 219 220 221
          222 223 224 225 226 227
          228 229 230 231 232 233
          234 235 236 237 238 239
          240 241 242 243 244 245
          246 247 248 249 250 251
          252 253 254 255 256 257
          258 259 260 261 262 263
          264 265 266 267 268 269
          270 271 272 273 274 275
          276 277 278 279 280 281
          282 283 284 285 286 287
          288 289 290 291 292 293
          294 295 296 297 298 299
          300 301 302 303 304 305
          306 307 308 309 310 311
          312 313 314 315 316 317
          318 319 320 321 322 323
          324 325 326 327 328 329
          330 331 332 333 334 335
          336 337 338 339 340 341
          342 343 344 345 346 347
          348 349 350 351 352 353
          354 355 356 357 358 359
          360 361 362 363 364 365
          366 367 368 369 370 371
          372 373 374 375 376 377
          378 379 380 381 382 383
          384 385 386 387 388 389
          390 391 392 393 394 395
          396 397 398 399 400 401
          402 403 404 405 406 407
          408 409 410 411 412 413
          414 415 416 417 418 419
          420 421 422 423 424 425
          426 427 428 429 430 431
          432 433 434 435 436 437
          438 439 440 441 442 443
          444 445 446 447 448 449
          450 451 452 453 454 455
          456 457 458 459 460 461
          462 463 464 465 466 467
          468 469 470 471 472 473
          474 475 476 477 478 479
          480 481 482 483 484 485
          486 487 488 489 490 491
          492 493 494 495 496 497
          498 499 500 501 502 503
          504 505 506 507 508 509
          510 511 512 513 514 515
          516 517 518 519 520 521
          522 523 524 525 526 527
          528 529 530 531 532 533
          534 535 536 537 538 539
          540 541 542 543 544 545
          546 547 548 549 550 551
          552 553 554 555 556 557
          558 559 560 561 562 563
          564 565 566 567 568 569
          570 571 572 573 574 575
          576 577 578 579 580 581
          582 583 584 585 586 587
          588 589 590 591 592 593
          594 595 596 597 598 599
          600 601 602 603 604 605
          606 607 608 609 610 611
          612 613 614 615 616 617
          618 619 620 621 622 623
          624 625 626 627 628 629
          630 631 632 633 634 635
          636 637 638 639 640 641
          642 643 644 645 646 647
          648 649 650 651 652 653
          654 655 656 657 658 659
          660 661 662 663 664 665
          666 667 668 669 670 671
          672 673 674 675 676 677
          678 679 680 681 682 683
          684 685 686 687 688 689
          690 691 692 693 694 695
          696 697 698 699 700 701
          702 703 704 705 706 707
          708 709 710 711 712 713
          714 715 716 717 718 719
          720 721 722 723 724 725
          726 727 728 729 730 731
          732 733 734 735 736 737
          738 739 740 741 742 743
          744 745 746 747 748 749
          750 751 752 753 754 755
          756 757 758 759 760 761
          762 763 764 765 766 767
          768 769 770 771 772 773
          774 775 776 777 778 779
          780 781 782 783 784 785
          786 787 788 789 790 791
          792 793 794 795 796 797
          798 799 800 801 802 803
          804 805 806 807 808 809
          810 811 812 813 814 815
          816 817 818 819 820 821
          822 823 824 825 826 827
          828 829 830 831 832 833
          834 835 836 837 838 839
          840 841 842 843 844 845
          846 847 848 849 850 851
          852 853 854 855 856 857
          858 859 860 861 862 863
          864 865 866 867 868 869
          870 871 872 873 874 875
          876 877 878 879 880 881
          882 883 884 885 886 887
          888 889 890 891 892 893
          894 895 896 897 898 899
          900 901 902 903 904 905
          906 907 908 909 910 911
          912 913 914 915 916 917
          918 919 920 921 922 923
          924 925 926 927 928 929
          930 931 932 933 934 935
          936 937 938 939 940 941
          942 943 944 945 946 947
          948 949 950 951 952 953
          954 955 956 957 958 959
          960 961 962 963 964 965
          966 967 968 969 970 971
          972 973 974 975 976 977
          978 979 980 981 982 983
          984 985 986 987 988 989
          990 991 992 993 994 995
          996 997 998 999 1000 1001
          1002 1003 1004 1005 1006 1007
          1008 1009 1010 1011 1012 1013
          1014 1015 1016 1017 1018 1019
          1020 1021 1022 1023 1024 1025
          1026 1027 1028 1029 1030 1031
          1032 1033 1034 1035 1036 1037
          1038 1039 1040 1041 1042 1043
          1044 1045 1046 1047 1048 1049
          1050 1051 1052 1053 1054 1055
          1056 1057 1058 1059 1060 1061
          1062 1063 1064 1065 1066 1067
          1068 1069 1070 1071 1072 1073
          1074 1075 1076 1077 1078 1079
          1080 1081 1082 1083 1084 1085
          1086 1087 1088 1089 1090 1091
          1092 1093 1094 1095 1096 1097
          1098 1099 1100 1101 1102 1103
          1104 1105 1106 1107 1108 1109
          1110 1111 1112 1113 1114 1115
          1116 1117 1118 1119 1120 1121
          1122 1123 1124 1125 1126 1127
          1128 1129 1130 1131 1132 1133
          1134 1135 1136 1137 1138 1139
          1140 1141 1142 1143 1144 1145
          1146 1147 1148 1149 1150 1151
          1152 1153 1154 1155 1156 1157
          1158 1159 1160 1161 1162 1163
          1164 1165 1166 1167 1168 1169
          1170 1171 1172 1173 1174 1175
          1176 1177 1178 1179 1180 1181
          1182 1183 1184 1185 1186 1187
          1188 1189 1190 1191 1192 1193
          1194 1195 1196 1197 1198 1199
          1200 1201 1202 1203 1204 1205
          1206 1207 1208 1209 1210 1211
          1212 1213 1214 1215 1216 1217
          1218 1219 1220 1221 1222 1223
          1224 1225 1226 1227 1228 1229
          1230 1231 1232 1233 1234 1235
          1236 1237 1238 1239 1240 1241
          1242 1243 1244 1245 1246 1247
          1248 1249 1250 1251 1252 1253
          1254 1255 1256 1257 1258 1259
          1260 1261 1262 1263 1264 1265
          1266 1267 1268 1269 1270 1271
          1272 1273 1274 1275 1276 1277
          1278 1279 1280 1281 1282 1283
          1284 1285 1286 1287 1288 1289
          1290 1291 1292 1293 1294 1295
          1296 1297 1298 1299 1300 1301
          1302 1303 1304 1305 1306 1307
          1308 1309 1310 1311 1312 1313
          1314 1315 1316 1317 1318 1319
          1320 1321 1322 1323 1324 1325
          1326 1327 1328 1329 1330 1331
          1332 1333 1334 1335 1336 1337
          1338 1339 1340 1341 1342 1343
          1344 1345 1346 1347 1348 1349
          1350 1351 1352 1353 1354 1355
          1356 1357 1358 1359 1360 1361
          1362 1363 1364 1365 1366 1367
          1368
        </DataArray>
        <DataArray type="Float32" Name="Scalar" format="ascii" RangeMin="0.0335693359375" RangeMax="9.97650146484375">
          0.0335693359375 0.0885009765625 0.091552734375 0.1068115159869194 0.1098632737994194 0.14649200439453125
          0.15564727783203125 0.16175079345703125 0.16480256617069244 0.18921661376953125 0.20752716064453125 0.20752716064453125
          0.21057893335819244 0.21668243408203125 0.22888946533203125 0.23194122314453125 0.23194122314453125 0.23194122314453125
          0.25330352783203125 0.25330352783203125 0.26245880126953125 0.26245880126953125 0.26856231689453125 0.27161407470703125
          0.27466583251953125 0.28382107615470886 0.28382110595703125 0.28992462158203125 0.28992462158203125 0.29297637939453125
          0.30213165283203125 0.30518341064453125 0.31739044189453125 0.31739044189453125 0.32044219970703125 0.32349395751953125
          0.33264923095703125 0.33570098876953125 0.34180450439453125 0.34485626220703125 0.34485626220703125 0.34790802001953125
          0.34790802001953125 0.34790804982185364 0.35095977783203125 0.35401153564453125 0.36621856689453125 0.36927029490470886
          0.36927032470703125 0.3723297119140625 0.3723297119140625 0.3753814697265625 0.3845367431640625 0.3875885009765625
          0.3875885009765625 0.3875885009765625 0.3906402587890625 0.3936920166015625 0.3936920166015625 0.3936920166015625
          0.3967437744140625 0.3967437744140625 0.4089508056640625 0.4089508056640625 0.4120025634765625 0.4120025634765625
          0.4150543212890625 0.4181060791015625 0.4211578369140625 0.4242095947265625 0.4333648681640625 0.4333648681640625
          0.4364166557788849 0.4425201416015625 0.4425201416015625 0.4455719292163849 0.4486236572265625 0.4486236572265625
          0.4516754448413849 0.4547271728515625 0.4638824462890625 0.4699859619140625 0.4730377197265625 0.4730377197265625
          0.4730377197265625 0.4852447509765625 0.4913482666015625 0.4913482666015625 0.4944000542163849 0.4974517822265625
          0.4974517822265625 0.4974517822265625 0.5035552978515625 0.5066070556640625 0.5066070556640625 0.5157623291015625
          0.5279693603515625 0.5279693603515625 0.5371246337890625 0.5371246337890625 0.5371246337890625 0.5371246337890625
          0.5371246337890625 0.5493316650390625 0.5706939697265625 0.5798492431640625 0.5829010009765625 0.5890045166015625
          0.5920562744140625 0.5920562744140625 0.5951080322265625 0.5951080322265625 0.6012115478515625 0.6042633056640625
          0.6134185791015625 0.6164703369140625 0.6195220947265625 0.6195220947265625 0.6225814819335938 0.625633180141449
          0.6256332397460938 0.6286849975585938 0.6317367553710938 0.6378402709960938 0.6530990600585938 0.6530990600585938
          0.6561508178710938 0.6683578491210938 0.6744613647460938 0.6836166381835938 0.6836166381835938 0.6866683959960938
          0.6866683959960938 0.6897201538085938 0.6927719712257385 0.6958236694335938 0.6958236694335938 0.6988754272460938
          0.7171860337257385 0.7202377319335938 0.744651734828949 0.762962281703949 0.7629623413085938 0.7660141587257385
          0.7782211303710938 0.799583375453949 0.8026351928710938 0.8178939819335938 0.8209457993507385 0.8239974975585938
          0.8270492553710938 0.8301010131835938 0.8301010727882385 0.8423081040382385 0.8423081040382385 0.8453598022460938
          0.8484115600585938 0.8636703491210938 0.8819884657859802 0.8880921006202698 0.8972473740577698 0.924713134765625
          0.927764892578125 0.927764892578125 0.939971923828125 0.939971923828125 0.9399719834327698 0.961334228515625
          0.967437744140625 0.976593017578125 0.9796447157859802 0.991851806640625 0.997955322265625 0.997955322265625
          0.997955322265625 1.001007080078125 1.004058837890625 1.010162353515625 1.025421142578125 1.025421142578125
          1.037628173828125 1.040679931640625 1.083404541015625 1.101715087890625 1.1261367797851562 1.1261367797851562
          1.1261367797851562 1.1261367797851562 1.1322402954101562 1.1505508422851562 1.1566542387008667 1.1566543579101562
          1.1597061157226562 1.1658096313476562 1.1688613891601562 1.1688613891601562 1.1688613891601562 1.1719131469726562
          1.1810684204101562 1.1810684204101562 1.1841201782226562 1.1841201782226562 1.1993789672851562 1.2085341215133667
          1.2085341215133667 1.2268447875976562 1.2298965454101562 1.2360000610351562 1.2451553344726562 1.2604141235351562
          1.2634658813476562 1.2665176391601562 1.2695693969726562 1.2695693969726562 1.2848281860351562 1.2878799438476562
          1.2909317016601562 1.2970352172851562 1.3122940063476562 1.3183975219726562 1.3214492797851562 1.3245010375976562
          1.3245010375976562 1.3275527954101562 1.3367080688476562 1.3458633422851562 1.3733367919921875 1.373336911201477
          1.3763885498046875 1.3794403076171875 1.3916473388671875 1.4069061279296875 1.4282684326171875 1.4282684326171875
          1.4435272216796875 1.4526824951171875 1.4526824951171875 1.4740447998046875 1.4740447998046875 1.4740447998046875
          1.507614254951477 1.5228729248046875 1.5350799560546875 1.5381317138671875 1.5472869873046875 1.5472869873046875
          1.5503387451171875 1.5533905029296875 1.5625457763671875 1.5686492919921875 1.568649411201477 1.5930633544921875
          1.5991668701171875 1.6174774169921875 1.6205291748046875 1.6205291748046875 1.6235884428024292 1.6571578979492188
          1.6724166870117188 1.6754683256149292 1.6754684448242188 1.7029341459274292 1.7029342651367188 1.7090377807617188
          1.7120895385742188 1.7304000854492188 1.7487105131149292 1.7487106323242188 1.7578659057617188 1.7670211791992188
          1.7700729370117188 1.7731246948242188 1.7883834838867188 1.7914352416992188 1.7914352416992188 1.8158493041992188
          1.8189011812210083 1.8311080932617188 1.8341598510742188 1.8707809448242188 1.87384033203125 1.8768919706344604
          1.8768922090530396 1.87994384765625 1.90130615234375 1.9043580293655396 1.90740966796875 1.91046142578125
          1.9226685762405396 1.9348756074905396 1.93792724609375 1.94097900390625 1.94097900390625 1.9409791231155396
          1.94403076171875 1.9440308809280396 1.9501343965530396 1.95318603515625 1.95318603515625 1.95928955078125
          1.96234130859375 1.96234130859375 1.9653929471969604 1.96539306640625 1.97149658203125 1.97149658203125
          1.9745482206344604 1.97454833984375 1.97760009765625 1.98980712890625 1.98980712890625 1.99591064453125
          2.00811767578125 2.01116943359375 2.02337646484375 2.03253173828125 2.03863525390625 2.04473876953125
          2.04779052734375 2.05084228515625 2.05389404296875 2.05389404296875 2.05694580078125 2.05694580078125
          2.07525634765625 2.08746337890625 2.08746337890625 2.09051513671875 2.09051513671875 2.105773687362671
          2.11798095703125 2.1362991333007812 2.1454544067382812 2.1485064029693604 2.1515579223632812 2.1546096801757812
          2.157661199569702 2.166816473007202 2.1668167114257812 2.1729202270507812 2.1790237426757812 2.1820755004882812
          2.2034378051757812 2.2034378051757812 2.2064895629882812 2.2095413208007812 2.2431106567382812 2.2431108951568604
          2.255317449569702 2.2980422973632812 2.3010940551757812 2.3010940551757812 2.3102493286132812 2.313300848007202
          2.3163528442382812 2.3224563598632812 2.3255081176757812 2.3438186645507812 2.3560256958007812 2.3590774536132812
          2.3651809692382812 2.3743438720703125 2.3804473876953125 2.3834991455078125 2.3865509033203125 2.4079132080078125
          2.4140167236328125 2.4140169620513916 2.4231719970703125 2.4414825439453125 2.4445343017578125 2.4567413330078125
          2.4597930908203125 2.4628448486328125 2.4658966064453125 2.4903106689453125 2.4994661808013916 2.5208282470703125
          2.5269317626953125 2.5421905517578125 2.5421905517578125 2.5482940673828125 2.5635528564453125 2.5879669189453125
          2.6001739501953125 2.6154327392578125 2.6154327392578125 2.6245956420898438 2.6398544311523438 2.6673202514648438
          2.6703720092773438 2.6734237670898438 2.6795272827148438 2.6825790405273438 2.6825790405273438 2.6856307983398438
          2.6886825561523438 2.6917343139648438 2.7069931030273438 2.7344589233398438 2.8015975952148438 2.8168563842773438
          2.8321149349212646 2.8321151733398438 2.8351669311523438 2.8595809936523438 2.926727294921875 2.941986083984375
          2.954193115234375 2.963348388671875 2.990813970565796 3.021331787109375 3.027435302734375 3.033538579940796
          3.033538818359375 3.042694091796875 3.042694091796875 3.042694091796875 3.048797369003296 3.051849365234375
          3.054901123046875 3.057952880859375 3.082366943359375 3.085418701171875 3.088470458984375 3.094573974609375
          3.097625732421875 3.109833002090454 3.1342544555664062 3.140357732772827 3.1434097290039062 3.2105484008789062
          3.2136001586914062 3.2349624633789062 3.2380142211914062 3.2410659790039062 3.2441177368164062 3.2471694946289062
          3.2532730102539062 3.2837905883789062 3.2837905883789062 3.2990493774414062 3.3234634399414062 3.3295669555664062
          3.3387222290039062 3.3814544677734375 3.3845062255859375 3.4241790771484375 3.4333343505859375 3.4363861083984375
          3.4821624755859375 3.4821624755859375 3.4821624755859375 3.4852142333984375 3.5004730224609375 3.5004730224609375
          3.5126800537109375 3.5248870849609375 3.5340423583984375 3.5340423583984375 3.5431976318359375 3.5462491512298584
          3.5584564208984375 3.5676116943359375 3.5981292724609375 3.6042327880859375 3.6103360652923584 3.6133880615234375
          3.6194915771484375 3.6225509643554688 3.6256024837493896 3.6286544799804688 3.6347579956054688 3.6500167846679688
          3.6530685424804688 3.6561203002929688 3.6774826049804688 3.6835861206054688 3.6927413940429688 3.7080001831054688
          3.7080001831054688 3.7171554565429688 3.7232589721679688 3.7232589721679688 3.7263107299804688 3.7324142456054688
          3.7354660034179688 3.741569757461548 3.7476730346679688 3.7720870971679688 3.7751388549804688 3.7781906127929688
          3.7842941284179688 3.7903974056243896 3.7903976440429688 3.7965011596679688 3.8026046752929688 3.8056561946868896
          3.8331222534179688 3.8361740112304688 3.8514328002929688 3.8544843196868896 3.8544845581054688 3.8605880737304688
          3.8666915893554688 3.8666915893554688 3.872802734375 3.881958246231079 3.885009765625 3.8941650390625
          3.9063720703125 3.9063720703125 3.906372308731079 3.909423828125 3.909423828125 3.909424066543579
          3.9124755859375 3.933837890625 3.9368896484375 3.9490966796875 3.958251953125 3.96435546875
          3.9674072265625 3.970458984375 3.982666015625 3.9857177734375 3.98876953125 3.994873046875
          4.0009765625 4.0009765625 4.007080078125 4.0284423828125 4.0284423828125 4.0467529296875
          4.0528564453125 4.055908203125 4.055908203125 4.0589599609375 4.06201171875 4.0650634765625
          4.0711669921875 4.0711669921875 4.07421875 4.0772705078125 4.08642578125 4.08642578125
          4.0894775390625 4.092529296875 4.0955810546875 4.1016845703125 4.1138916015625 4.1199951171875
          4.135261535644531 4.138313293457031 4.141365051269531 4.150520324707031 4.159675598144531 4.168830871582031
          4.184089660644531 4.193244934082031 4.196296691894531 4.208503723144531 4.208503723144531 4.211555480957031
          4.214607238769531 4.217658996582031 4.232917785644531 4.235969543457031 4.235969543457031 4.239021301269531
          4.242073059082031 4.245124816894531 4.248176574707031 4.254280090332031 4.263435363769531 4.263435363769531
          4.266487121582031 4.266487121582031 4.266487121582031 4.269538879394531 4.272590637207031 4.272590637207031
          4.272590637207031 4.278694152832031 4.284797668457031 4.287849426269531 4.297004699707031 4.297004699707031
          4.300056457519531 4.306159973144531 4.318367004394531 4.321418762207031 4.330574035644531 4.330574035644531
          4.330574035644531 4.342781066894531 4.342781066894531 4.345832824707031 4.345832824707031 4.348884582519531
          4.351936340332031 4.351936340332031 4.351936340332031 4.354988098144531 4.361091613769531 4.364143371582031
          4.370246887207031 4.3733062744140625 4.3733062744140625 4.3763580322265625 4.3824615478515625 4.3885650634765625
          4.3977203369140625 4.4007720947265625 4.4007720947265625 4.4068756103515625 4.4068756103515625 4.4099273681640625
          4.4099273681640625 4.4129791259765625 4.4251861572265625 4.4251861572265625 4.4282379150390625 4.4282379150390625
          4.4312896728515625 4.4404449462890625 4.4465484619140625 4.4465484619140625 4.4465484619140625 4.4465484619140625
          4.4496002197265625 4.4526519775390625 4.4526519775390625 4.4557037353515625 4.4557037353515625 4.4648590087890625
          4.467911243438721 4.4770660400390625 4.4801177978515625 4.4801177978515625 4.4862213134765625 4.4892730712890625
          4.495376110076904 4.4953765869140625 4.5045318603515625 4.5075836181640625 4.5106353759765625 4.5136871337890625
          4.5136871337890625 4.5136871337890625 4.5228424072265625 4.5228424072265625 4.5319976806640625 4.5350494384765625
          4.5381011962890625 4.5381011962890625 4.5411529541015625 4.5442047119140625 4.5442047119140625 4.5442047119140625
          4.5442047119140625 4.5503082275390625 4.5564117431640625 4.5655670166015625 4.5747222900390625 4.5747222900390625
          4.5747222900390625 4.5808258056640625 4.5838775634765625 4.5869293212890625 4.5869293212890625 4.5869293212890625
          4.593033313751221 4.5960845947265625 4.6052398681640625 4.6113433837890625 4.6113433837890625 4.6113433837890625
          4.6143951416015625 4.6204986572265625 4.623558044433594 4.626609802246094 4.629661560058594 4.635765075683594
          4.635765075683594 4.641868591308594 4.644920349121094 4.657127380371094 4.660179138183594 4.669334411621094
          4.687644958496094 4.687644958496094 4.693748474121094 4.712059497833252 4.727317810058594 4.730369567871094
          4.736473083496094 4.745628356933594 4.751731872558594 4.751731872558594 4.763938903808594 4.763938903808594
          4.770042419433594 4.782249450683594 4.782249450683594 4.7853007316589355 4.791404724121094 4.797508239746094
          4.800559997558594 4.809715270996094 4.809715270996094 4.815818786621094 4.828025817871094 4.834129810333252
          4.837181091308594 4.837181091308594 4.840232849121094 4.840232849121094 4.843284606933594 4.846336364746094
          4.849388122558594 4.849388122558594 4.849388122558594 4.852439880371094 4.861595153808594 4.864646911621094
          4.879913330078125 4.889068603515625 4.892120361328125 4.898223876953125 4.901275634765625 4.901275634765625
          4.907379150390625 4.913482666015625 4.916534423828125 4.931793212890625 4.931793212890625 4.934844970703125
          4.937896728515625 4.940948486328125 4.944000244140625 4.947052001953125 4.950103759765625 4.956206798553467
          4.962311267852783 4.968414306640625 4.974517822265625 4.980621337890625 4.983673095703125 4.983673095703125
          4.998932361602783 4.998932361602783 5.001983642578125 5.001983642578125 5.005035400390625 5.011138916015625
          5.020294189453125 5.026397228240967 5.038604736328125 5.041656494140625 5.041656494140625 5.053863525390625
          5.053863525390625 5.053863525390625 5.056915283203125 5.059967041015625 5.063018798828125 5.066070556640625
          5.072174072265625 5.072174072265625 5.078277587890625 5.078277587890625 5.081329345703125 5.081329345703125
          5.087432861328125 5.114898681640625 5.121002197265625 5.127112865447998 5.127113342285156 5.1393208503723145
          5.142372131347656 5.154579162597656 5.157630920410156 5.160682678222656 5.166786193847656 5.169837951660156
          5.172889232635498 5.175941467285156 5.175941467285156 5.178993225097656 5.178993225097656 5.182044982910156
          5.182044982910156 5.185096740722656 5.194252014160156 5.215614318847656 5.218666076660156 5.218666076660156
          5.221717834472656 5.240028381347656 5.240028381347656 5.243080139160156 5.246131896972656 5.249183654785156
          5.252235412597656 5.252235412597656 5.255287170410156 5.258338928222656 5.261390686035156 5.261390686035156
          5.264442443847656 5.267494201660156 5.267494201660156 5.267494201660156 5.270545482635498 5.270545959472656
          5.273597717285156 5.273597717285156 5.273597717285156 5.276649475097656 5.276649475097656 5.285804748535156
          5.285804748535156 5.291908264160156 5.294960021972656 5.298011779785156 5.298011779785156 5.298011779785156
          5.301063537597656 5.304115295410156 5.304115295410156 5.307167053222656 5.307167053222656 5.310218811035156
          5.313270568847656 5.316322326660156 5.316322326660156 5.325477600097656 5.325477600097656 5.325477600097656
          5.325477600097656 5.328529357910156 5.334632873535156 5.334632873535156 5.337684631347656 5.340736389160156
          5.343788146972656 5.346839904785156 5.346839904785156 5.346839904785156 5.346839904785156 5.349891662597656
          5.349891662597656 5.349891662597656 5.352943420410156 5.352943420410156 5.359046936035156 5.362098693847656
          5.362098693847656 5.365150451660156 5.365150451660156 5.368202209472656 5.368202209472656 5.371253967285156
          5.371253967285156 5.3773651123046875 5.3773651123046875 5.3773651123046875 5.380416393280029 5.3834686279296875
          5.3865203857421875 5.3865203857421875 5.3895721435546875 5.3926239013671875 5.3956756591796875 5.3956756591796875
          5.3956756591796875 5.3956756591796875 5.3987274169921875 5.4017791748046875 5.4048309326171875 5.4078826904296875
          5.4109344482421875 5.4139862060546875 5.4170379638671875 5.4170379638671875 5.4200897216796875 5.4200897216796875
          5.4231414794921875 5.4231414794921875 5.4261932373046875 5.4261932373046875 5.4292449951171875 5.4292449951171875
          5.4292449951171875 5.4322967529296875 5.4353485107421875 5.4353485107421875 5.4414520263671875 5.4475555419921875
          5.4506072998046875 5.4506072998046875 5.4506072998046875 5.4567108154296875 5.4567108154296875 5.4567108154296875
          5.4597625732421875 5.4628143310546875 5.4750213623046875 5.4902801513671875 5.4933319091796875 5.4963836669921875
          5.4963836669921875 5.4994354248046875 5.5024871826171875 5.5055389404296875 5.5055389404296875 5.5085906982421875
          5.5116424560546875 5.5146942138671875 5.5177459716796875 5.5177459716796875 5.5177459716796875 5.5177459716796875
          5.5177459716796875 5.5207977294921875 5.5269012451171875 5.5269012451171875 5.5299530029296875 5.5299530029296875
          5.5330047607421875 5.5391082763671875 5.5391082763671875 5.5452117919921875 5.5482635498046875 5.5543670654296875
          5.5543670654296875 5.5604705810546875 5.5604705810546875 5.5665740966796875 5.5757293701171875 5.5787811279296875
          5.5848846435546875 5.5848846435546875 5.5909881591796875 5.5940399169921875 5.5940399169921875 5.594040393829346
          5.5970916748046875 5.6031951904296875 5.6031951904296875 5.6062469482421875 5.6092987060546875 5.6092987060546875
          5.6184539794921875 5.6215057373046875 5.624565124511719 5.627616882324219 5.627616882324219 5.630668640136719
          5.639823913574219 5.645927429199219 5.645927429199219 5.648979187011719 5.648979187011719 5.648979187011719
          5.648979187011719 5.652030944824219 5.655082702636719 5.655082702636719 5.655082702636719 5.655082702636719
          5.655082702636719 5.655082702636719 5.658134460449219 5.658134460449219 5.661186218261719 5.661186218261719
          5.661186218261719 5.664237976074219 5.664237976074219 5.664237976074219 5.664237976074219 5.664237976074219
          5.667289733886719 5.667289733886719 5.667289733886719 5.670341491699219 5.676445007324219 5.682548522949219
          5.688652038574219 5.688652038574219 5.694755554199219 5.703910827636719 5.703910827636719 5.719169616699219
          5.728324890136719 5.731376647949219 5.734428405761719 5.740531921386719 5.740531921386719 5.740531921386719
          5.746635437011719 5.752738952636719 5.755790710449219 5.771049499511719 5.777153015136719 5.780204772949219
          5.780204772949219 5.783256530761719 5.783256530761719 5.786308288574219 5.7893595695495605 5.7893595695495605
          5.789360046386719 5.792411804199219 5.792411804199219 5.795463562011719 5.795463562011719 5.801567077636719
          5.804618835449219 5.804618835449219 5.804618835449219 5.804619312286377 5.807670593261719 5.807670593261719
          5.807670593261719 5.807670593261719 5.807671070098877 5.810722351074219 5.813774108886719 5.813774108886719
          5.813774108886719 5.813774108886719 5.819877624511719 5.822929859161377 5.829032897949219 5.829032897949219
          5.829032897949219 5.844291687011719 5.844291687011719 5.847343444824219 5.868705749511719 5.871757507324219
          5.871757507324219 5.87481689453125 5.88702392578125 5.89007568359375 5.89007568359375 5.89617919921875
          5.90228271484375 5.902283191680908 5.91448974609375 5.92059326171875 5.92364501953125 5.92974853515625
          5.93585205078125 5.95111083984375 5.95111083984375 5.95416259765625 5.96636962890625 5.99688720703125
          5.99993896484375 5.99993896484375 6.00299072265625 6.00604248046875 6.01214599609375 6.01214599609375
          6.01519775390625 6.01519775390625 6.01824951171875 6.02435302734375 6.02435302734375 6.02740478515625
          6.02740478515625 6.03045654296875 6.03656005859375 6.04266357421875 6.04266357421875 6.04571533203125
          6.05181884765625 6.05487060546875 6.05487060546875 6.05792236328125 6.06097412109375 6.06707763671875
          6.07318115234375 6.07928466796875 6.08233642578125 6.08233642578125 6.08843994140625 6.08843994140625
          6.09149169921875 6.10369873046875 6.10675048828125 6.11590576171875 6.125068664550781 6.128120422363281
          6.128120422363281 6.137275695800781 6.140327453613281 6.140327453613281 6.149482727050781 6.152534484863281
          6.155586242675781 6.167793273925781 6.189155578613281 6.189155578613281 6.195259094238281 6.195259094238281
          6.204414367675781 6.207466125488281 6.213569641113281 6.213569641113281 6.219673156738281 6.228828430175781
          6.234931945800781 6.244087219238281 6.274604797363281 6.274604797363281 6.277656555175781 6.286811828613281
          6.286811828613281 6.295967102050781 6.308174133300781 6.317329406738281 6.323432922363281 6.326484680175781
          6.329535961151123 6.344795227050781 6.353950500488281 6.366157531738281 6.366157531738281 6.3997344970703125
          6.4027862548828125 6.4027862548828125 6.4119415283203125 6.4149932861328125 6.4210968017578125 6.4210968017578125
          6.4302520751953125 6.4455108642578125 6.4546661376953125 6.4577178955078125 6.4607696533203125 6.4638214111328125
          6.4760284423828125 6.4851837158203125 6.4851837158203125 6.4851837158203125 6.4912872314453125 6.4943389892578125
          6.5065460205078125 6.5065460205078125 6.5248565673828125 6.5309600830078125 6.5370635986328125 6.5370635986328125
          6.5462188720703125 6.5492706298828125 6.5523223876953125 6.5553741455078125 6.5675811767578125 6.5736846923828125
          6.5767364501953125 6.5828399658203125 6.5858917236328125 6.5889434814453125 6.5950469970703125 6.6042022705078125
          6.6103057861328125 6.625572204589844 6.631675720214844 6.634727478027344 6.643882751464844 6.643882751464844
          6.646934509277344 6.653038024902344 6.668296813964844 6.674400329589844 6.680503845214844 6.689659118652344
          6.701866149902344 6.707969665527344 6.714073181152344 6.720176696777344 6.726280212402344 6.726280212402344
          6.729331970214844 6.735435485839844 6.738487243652344 6.738487243652344 6.738487243652344 6.741539001464844
          6.747642517089844 6.750694274902344 6.753746032714844 6.756797790527344 6.759849548339844 6.784263610839844
          6.790367126464844 6.790367126464844 6.793418884277344 6.805625915527344 6.808677673339844 6.8147807121276855
          6.814781188964844 6.833091735839844 6.836143493652344 6.836143493652344 6.839195251464844 6.842247009277344
          6.845298767089844 6.851402282714844 6.854454040527344 6.857505798339844 6.869712829589844 6.878875732421875
          6.881927490234375 6.888031005859375 6.888031005859375 6.891082763671875 6.891082763671875 6.894134521484375
          6.894134521484375 6.894134521484375 6.897186279296875 6.900238513946533 6.915496826171875 6.918548583984375
          6.918548583984375 6.921600341796875 6.936859130859375 6.936859130859375 6.939911365509033 6.955169677734375
          6.958221435546875 6.958221435546875 6.964324951171875 6.967376708984375 6.970428466796875 6.973480224609375
          6.976531982421875 6.991791248321533 6.994842529296875 7.003997802734375 7.010101318359375 7.013153076171875
          7.022308349609375 7.028411865234375 7.037567138671875 7.046722412109375 7.058929443359375 7.061981201171875
          7.065032958984375 7.071136474609375 7.077239990234375 7.089447021484375 7.089447021484375 7.095550537109375
          7.101654052734375 7.101654052734375 7.107757568359375 7.119964599609375 7.123023986816406 7.1230244636535645
          7.132179260253906 7.132179260253906 7.153541564941406 7.162696838378906 7.168799877166748 7.174903869628906
          7.190162658691406 7.214576721191406 7.223731994628906 7.223731994628906 7.226783752441406 7.229835510253906
          7.229835510253906 7.232887268066406 7.238990783691406 7.272560119628906 7.275611877441406 7.284767150878906
          7.287818908691406 7.2939229011535645 7.296974182128906 7.306129455566406 7.312232971191406 7.315284729003906
          7.324440002441406 7.327491283416748 7.327491760253906 7.330543518066406 7.330543518066406 7.330543518066406
          7.3458027839660645 7.351905822753906 7.358009338378906 7.358009338378906 7.361060619354248 7.364112854003906
          7.376327037811279 7.3824310302734375 7.3854827880859375 7.3915863037109375 7.3946380615234375 7.4007415771484375
          7.400742053985596 7.4098968505859375 7.4160003662109375 7.4190521240234375 7.4221038818359375 7.4251556396484375
          7.4312591552734375 7.4312591552734375 7.4434661865234375 7.4495697021484375 7.4587249755859375 7.4648284912109375
          7.483139514923096 7.5136566162109375 7.5319671630859375 7.5350189208984375 7.541121959686279 7.5624847412109375
          7.5655364990234375 7.5685882568359375 7.5716400146484375 7.5838470458984375 7.5868988037109375 7.5868988037109375
          7.593001842498779 7.6113128662109375 7.623527526855469 7.635734558105469 7.641838073730469 7.644889831542969
          7.654045104980469 7.654045104980469 7.675407409667969 7.681510925292969 7.687614440917969 7.715080261230469
          7.724235534667969 7.7364420890808105 7.736442565917969 7.739494323730469 7.800529479980469 7.831047058105469
          7.834098815917969 7.9439697265625 8.001953125 8.0050048828125 8.01416015625 8.0355224609375
          8.0538330078125 8.0599365234375 8.06298828125 8.069091796875 8.0721435546875 8.0965576171875
          8.127082824707031 8.136238098144531 8.142341613769531 8.154548645019531 8.169807434082031 8.188117980957031
          9.97650146484375
        </DataArray>
        <DataArray type="Int32" Name="VertexId" format="ascii" RangeMin="20" RangeMax="25567">
          20718 4812 4975 25558 5136 25397
          4649 5135 4650 4973 22993 24594
          25398 13963 11233 11715 12036 23310
          14133 23801 23002 24581 24591 11072
          14284 13650 11554 5618 23638 12197
          13489 23631 11876 14124 20880 5458
          11555 22193 13328 14454 20557 12358
          13167 13812 12357 21043 21854 12360
          22684 11232 11878 12521 14289 12841
          13162 16702 21693 11393 12679 14128
          14288 14615 12519 12680 13322 22515
          12681 13811 13970 13649 20720 20882
          14293 12842 13488 20558 13973 21853
          22354 13005 23159 13327 13006 14286
          15256 15417 16381 21205 16220 12405
          14614 15416 21530 16059 16541 16060
          21204 22027 14936 16380 21076 21756
          23311 15739 10750 23488 13798 23471
          8665 21367 1955 21531 24585 10910
          1314 22355 8826 22844 8504 8664
          8825 8342 21366 22194 8343 13799
          22510 7222 21368 7062 22366 8021
          24584 24755 2596 8181 24754 22525
          23954 17184 16100 7701 17024 17506
          23476 22340 23477 15567 23483 17992
          15407 22653 17830 17991 23000 22495
          17504 22675 25071 24433 140 9944
          3226 23318 11548 17230 17828 22352
          15939 17069 22019 24915 1585 11388
          19664 22497 1393 25227 19481 22018
          24601 8173 3552 23793 3391 12030
          12566 23167 23475 23957 12673 11870
          24098 12834 136 137 19636 24099
          783 24907 23327 23486 15456 3392
          25548 25230 19319 24911 3685 2912
          25384 3845 3390 22031 25223 24251
          23775 1793 23956 23776 25385 18834
          25547 25222 1634 23932 24736 23767
          602 5487 1115 1794 23450 23451
          7856 2593 23290 16584 23929 25567
          23305 14174 2435 3209 515 23306
          3369 21594 763 4187 22399 950
          603 24738 3205 3365 5326 2091
          3072 920 21273 20122 17815 2410
          16745 3236 3056 2250 3374 25565
          19323 17655 760 19595 19755 2890
          3556 674 3076 6730 19168 22664
          4681 3396 7051 19482 5165 18297
          18137 18458 750 5431 5910 5430
          36 127 5486 2098 18298 910
          1784 7211 19986 6570 14655 20952
          13531 6078 4037 1941 19501 1607
          19825 19478 1942 1626 12565 18619
          21877 22824 18618 21917 1940 5915
          5917 1768 5749 18032 19964 16422
          20127 20147 2425 5754 19329 22238
          196 4358 2266 19166 19479 18941
          1129 7555 20761 7395 17711 1289
          13692 1443 5325 16261 19328 20126
          19745 20309 4842 5740 651 5580
          19905 4519 20626 18780 19426 19586
          810 18353 917 21433 20466 19107
          1867 6382 15135 19958 19497 5003
          4359 1604 6384 4198 1225 19798
          12727 20306 21674 12726 20630 13370
          4843 181 21835 182 21916 14975
          20 21 6120 19333 20148 1710
          4036 19336 19662 4679 6129 1066
          16260 19496 21113 16906 4841 6884
          21595 7044 7508 7509 19500 16278
          19495 23434 7346 21589 7348 19331
          22078 18354 15777 6128 18192 23274
          15296 1217 20789 1056 21750 1057
          10415 13853 15443 21749 17391 17871
          22239 13862 14494 9931 20950 15440
          901 16423 21911 21910 14803 21429
          10250 14963 6023 10257 15940 7412
          9769 10729 14507 14185 7733 16744
          13048 14346 14013 14345 1691 6184
          1370 8698 15778 9770 1530 4121
          6183 3960 2017 9342 25131 19183
          3961 8054 15142 4442 9181 9932
          24647 14347 8859 4282 9503 1686
          13453 1698 10253 7570 14100 4763
          9020 24805 4603 1688 1211 9341
          10733 13779 9502 6373 6505 20904
          14179 8536 6374 24806 13458 12176
          8537 14020 9180 25134 2839 12177
          14103 15956 14337 6666 13047 8858
          13691 7573 24643 13456 6665 13460
          2811 9019 14183 6504 8375 12817
          7893 17569 13682 8317 24644 59
          11210 13782 3459 8316 17070 19343
          55 5376 12657 4576 14095 13852
          15776 4415 2493 2649 16117 12811
          16421 4575 6852 16799 13138 25133
          7013 24236 24396 6853 2980 12979
          18054 4737 7014 14664 2494 2809
          13539 20582 13371 4736 9334 12171
          13132 9496 19315 9497 13369 58
          2652 9495 16443 3289 2965 18538
          2163 8374 9333 2004 14097 38
          12172 14414 16978 11050 25038 3768
          4732 6981 3608 15305 15466 24879
          5380 7001 3929 4733 13135 15465
          3928 5379 20583 14829 16272 694
          535 687 12814 25440 21339 3126
          17736 848 16273 14669 847 5541
          11045 15464 2968 21223 17246 16410
          4092 4252 14990 201 13769 15792
          16409 16927 25446 21181 724 725
          6823 16431 362 202 524 17895
          16441 17087 13771 525 11047 16746
          18519 18820 523 6013 7323 14016
          14989 199 16112 197 9985 49
          2640 3931 7163 9984 15931 21016
          9269 9109 6845 16090 2801 23103
          16190 16191 17581 9594 18180 5056
          18678 7784 18340 7623 7302 369
          10239 22139 7142 7810 25121 16897
          7624 14895 24230 24071 20475 20639
          17891 17699 7955 3114 9275 15934
          15216 7303 20474 3277 14492 18019
          23424 23067 20699 14418 3117 16093
          23039 17724 5857 7645 8590 19782
          10306 18549 2959 4222 692 17731
          22879 19622 7491 6950 7648 4724
          5046 10081 14332 24703 7327 11913
          5686 17564 5045 22141 7326 15162
          11752 23745 6147 18059 22945 18363
          5665 17593 5527 7136 10467 11912
          11911 7468 10146 3759 18375 7433
          18041 4240 3599 16332 5980 8258
          22453 17434 24968 18977 3890 2789
          10466 20797 4051 6818 21170 23426
          19028 8419 12074 23585 18203 7626
          5175 16575 25025 4914 21492 2950
          8259 18200 12480 3088 3891 4754
          7638 2627 5823 1807 4727 14899
          25128 1646 7949 6962 7776 12073
          15842 2441 4372 11524 2281 5235
          8272 1498 2628 11526 24867 7789
          18052 21812 4402 18682 8923 5826
          15613 5234 7608 4855 24866 4236
          5340 20375 21494 24707 18868 20216
          547 3268 16988 2447 7286 7936
          10084 17148 226 3403 546 17747
          4238 4232 385 4233 1497 20210
          3270 24545 17384 24657 5338 10721
          22455 65 6628 15321 12800 18066
          66 1974 15773 5024 5556 21652
          5555 15369 3729 1659 15537 7456
          10882 6966 6965 1499 14562 7755
          8723 21012 6641 6642 15220 17131
          20212 17382 12802 17630 4211 17470
          16645 5344 15538 2922 5343 16183
          16184 7595 15854 4389 7111 5330
          5505 10788 5034 5184 5359 9438
          17396 5877 8605 7126 5995 20689
          6317 5876 5360 4694 5997 17428
          23255 714 8078 5332 5353 8239
          16180 8077 5333 5489 8081 8238
          15695 19026 6316 6319 6159 8080
          16803 1655 1820 4859 7759 10628
          1660 5356 7758 17132 7442 5037
          553 554 7447 7443 16488 20273
          12482 15525 18070 17886 24859 24860
          17237 17446 18990 8248 1981 1353
          2934 2773 16822 8090 716 17906
          18830 15201 15849 9363 20432 22918
          8089 15851 24816 17588 1192 1821
          2774 16329 1193 1513 2613 8402
          15045 18189 15211 232 9203 10949
          18510 233 16487 23257 8247 9206
          18670 1030 18349 9365 14404 21620
          3258 18545 15527 3259 870 16644
          23710 19723 24350 19567 10948 19566
          14887 20498 9393 9405 9392 9718
          4202 25316 69 70 9371 10037
          15845 9404 18233 4203 10337 17941
          9878 17288 23520 20529 19219 20681
          23380 20825 22596 23738 9559 17289
          19393 15202 8574 23739 9528 9034
          9529 8735 9368 19548 8875 22286
          22762 24529 14684 22761 8734 19862
          19728 17447 18232 24331 8736 25167
          4525 17933 9887 9998 4526 20976
          22934 22127 17783 9886 14843 20364
          12319 22740 18273 9678 17923 18274
          10015 24040 20020 18425 20366 23095
          22765 20522 18750 21803 19032 18582
          25492 17765 20817 24050 19031 18266
          20509 23889 17924 13118 11312 18591
          22931 15992 21327 22585 19390 19514
          11129 22932 23890 19673 13437 13278
          21610 10993 20508 7576 20966 21284
          10187 18715 24491 19848 25011 18423
          21469 20035 25334 25169 10026 11679
          23238 21125 7577 11638 11956 16790
          16950 11797 10844 11130 19545 21944
          11441 21144 20193 10685 21961 13571
          20034 10962 22582 23222 24851 13253
          21451 13412 7255 7096 11121 22573
          10372 18873 24022 10960 20961 11761
          14397 18909 10961 12798 10642 14716
          24370 10695 11921 18900 10999 16471
          19519 24015 24174 22914 20191 23732
          19363 14557 13759 10534 19198 13599
          19212 19199 21639 17600 17603 10052
          11134 13407 10975 19679 21479 12759
          17601 23405 23406 15035 18255 14078
          14876 19371 11942 22255 13111 23403
          12899 11658 11498 20484 25323 11624
          23083 24505 23084 19691 16305 20188
          22240 15826 12457 21626 20342 11807
          15986 12473 20341 11645 21465 23865
          21440 24356 11647 18568 11620 11460
          16464 11484 12298 23532 24195 12426
          11938 14207 22269 15507 12267 24196
          11619 12291 12584 22564 11960 15667
          16155 22080 24354 11970 13085 11435
          15029 12416 23557 12255 11595 21951
          12256 11274 11114 14072 16633 23874
          14213 22428 23208 16793 15188 24833
          24832 16474 13752 14700 24682 24683
          23049 23214 14064 18881 16317 14863
          15489 19041 15490 24160 14862 16477
          14865 24000 15501 13416 15660 14864
          23699
        </DataArray>
        <DataArray type="Int32" Name="CriticalType" format="ascii" RangeMin="0" RangeMax="4">
          0 0 0 0 0 0
          0 1 1 1 0 0
          1 0 0 0 0 0
          0 0 0 0 0 0
          0 0 0 0 0 0
          0 0 1 1 0 1
          1 0 0 0 0 0
          0 0 1 0 0 0
          0 1 1 0 0 0
          0 0 0 1 0 0
          1 0 4 1 1 0
          1 1 1 1 1 1
          1 1 1 1 1 1
          0 0 0 1 1 1
          0 0 0 0 0 0
          1 1 0 0 1 1
          1 0 1 1 0 0
          1 1 0 0 0 1
          0 0 0 1 0 1
          0 1 0 1 0 1
          1 0 1 1 1 1
          0 0 1 1 0 0
          1 0 0 1 1 1
          0 0 0 1 1 0
          0 0 1 0 1 0
          1 0 0 1 1 1
          1 1 0 1 0 1
          0 1 0 0 1 1
          0 0 0 1 0 1
          0 1 0 0 0 1
          1 0 0 1 0 0
          0 0 1 0 0 1
          0 1 0 1 0 1
          1 1 1 1 0 1
          0 1 0 1 0 0
          0 1 1 1 0 0
          0 0 1 1 1 0
          1 1 1 1 0 0
          0 0 0 1 0 1
          1 1 1 0 1 0
          0 0 1 0 0 1
          1 0 0 1 0 1
          1 1 0 1 0 0
          1 0 0 0 0 0
          0 0 0 1 1 1
          0 1 1 0 1 1
          0 1 1 0 0 0
          0 1 0 1 0 0
          1 0 0 0 0 1
          0 1 1 0 1 1
          0 1 0 1 0 0
          0 0 0 0 0 0
          1 1 1 1 1 0
          1 1 1 0 1 0
          1 1 1 0 1 0
          0 0 0 1 0 0
          1 0 1 1 1 0
          0 0 1 1 0 1
          0 0 1 0 1 1
          0 0 0 0 0 1
          1 0 0 1 0 1
          1 0 1 1 1 1
          0 0 0 0 0 0
          1 1 1 1 0 1
          0 1 0 1 0 0
          1 0 1 1 1 1
          0 1 1 0 1 1
          1 0 1 1 0 1
          1 1 1 0 1 0
          1 1 0 1 1 0
          1 0 0 0 1 1
          1 1 0 1 1 1
          1 0 1 0 0 1
          0 0 0 1 1 1
          1 0 1 0 1 1
          1 1 0 1 0 1
          0 1 0 1 1 0
          0 0 0 0 0 1
          0 0 1 1 0 0
          0 0 1 1 1 0
          1 0 0 0 0 0
          1 0 0 0 0 1
          0 1 0 1 0 0
          0 1 1 1 0 0
          0 0 1 1 1 1
          1 0 1 0 0 0
          0 0 1 1 0 0
          1 1 1 0 1 1
          1 0 1 0 1 1
          1 1 0 1 1 1
          0 1 1 1 0 0
          1 0 1 0 1 0
          0 1 0 1 1 1
          0 0 1 0 0 1
          1 0 0 0 1 0
          1 1 0 0 0 1
          0 0 1 1 1 1
          0 0 1 1 1 1
          0 0 1 1 0 0
          0 0 1 1 1 1
          1 1 0 0 0 0
          0 1 1 1 1 0
          1 0 0 1 0 0
          0 0 1 0 0 1
          0 0 0 1 1 1
          1 1 1 0 0 0
          1 0 1 0 0 1
          0 0 1 1 1 1
          0 1 1 1 0 0
          0 1 0 0 0 0
          1 0 0 1 0 1
          1 1 0 1 0 1
          1 1 1 1 1 1
          0 0 1 0 0 1
          1 1 1 1 0 0
          0 1 1 1 0 0
          0 1 1 1 1 0
          0 1 0 0 0 1
          1 0 1 0 0 1
          0 0 1 0 1 0
          1 0 0 1 0 0
          0 0 0 0 1 0
          0 1 1 0 0 1
          0 0 1 1 1 1
          0 0 1 0 0 0
          0 0 1 0 1 1
          1 1 1 0 1 0
          0 0 1 0 0 0
          0 1 1 1 1 0
          0 0 0 1 1 0
          0 0 1 0 0 1
          1 0 1 0 1 0
          0 0 1 0 0 0
          0 1 1 1 0 0
          1 1 0 1 0 1
          0 0 0 1 1 1
          0 1 0 0 0 1
          1 1 0 0 1 1
          1 0 1 0 1 1
          1 1 0 0 0 1
          0 0 0 0 1 0
          1 0 1 1 0 1
          1 0 1 1 0 1
          0 1 0 0 1 0
          0 0 1 1 1 1
          0 0 0 1 0 1
          1 1 0 0 1 0
          1 0 1 1 1 0
          1 1 0 0 1 0
          1 0 1 1 0 0
          1 0 1 0 0 1
          1 0 1 0 0 1
          1 0 1 1 0 0
          0 1 0 1 1 0
          1 1 1 0 1 1
          0 0 1 1 1 0
          1 1 0 1 1 0
          1 0 0 1 0 1
          0 0 1 1 0 0
          0 1 1 1 1 0
          0 0 0 0 0 0
          1 1 1 1 0 1
          1 1 1 1 1 1
          0 1 0 1 0 1
          1 1 1 1 0 1
          0 1 1 1 0 0
          1 0 1 1 0 1
          1 0 0 0 0 0
          0 0 1 0 1 1
          1 0 0 0 1 0
          1 1 1 1 0 1
          1 1 1 1 1 1
          0 0 1 0 1 0
          0 1 1 1 1 0
          1 0 1 1 1 0
          0 1 1 1 1 1
          0 0 0 0 1 1
          1 0 0 0 1 0
          0 0 0 1 0 0
          1 1 0 1 0 0
          1 0 0 1 0 0
          0 0 0 0 1 1
          0 1 0 1 0 0
          1 0 1 0 1 0
          0 0 0 1 1 0
          1 1 1 0 1 0
          0 0 0 0 1 0
          0 1 1 1 1 0
          0 0 0 1 0 1
          1 0 1 0 1 1
          1 1 0 0 0 0
          0 0 1 0 1 1
          0 0 1 0 0 1
          0 0 1 0 1 0
          0 1 1 1 0 1
          0 1 1 0 0 0
          0 0 1 0 0 1
          0 0 1 1 1 1
          0 1 1 0 0 0
          1 1 0 1 1 0
          0 1 0 1 1 0
          1 0 1 1 1 0
          1 1 0 1 1 0
          0 1 0 0 0 0
          0 1 1 1 1 0
          1 0 1 1 1 1
          0 0 1 1 1 1
          0 1 0 1 0 1
          0 1 0 0 1 1
          0 0 1 1 1 0
          1 0 1 0 1 1
          1 1 0 1 0 1
          0 0 1 1 1 1
          0 1 1 1 0 1
          0 0 0 1 0 0
          1 1 1 0 1 1
          1 0 1 1 0 1
          1 1 1 0 0 0
          0 1 0 0 1 4
          1 0 1 1 1 1
          0 1 1 1 1 0
          0 0 1 0 1 1
          4 0 1 0 0 1
          0 1 0 1 1 0
          1 1 1 0 0 1
          1 1 1 0 0 0
          0 1 1 0 1 1
          0 1 0 1 1 1
          3
        </DataArray>
        <DataArray type="Int32" Name="RegionSize" format="ascii" RangeMin="0" RangeMax="794">
          1 3 1 1 0 0
          0 0 1 15 3 2
          35 8 0 1 0 3
          0 6 5 4 2 0
          0 1 0 0 1 1
          0 1 0 6 1 88
          3 0 0 1 0 1
          1 1 0 1 0 0
          1 0 1 0 0 0
          1 1 1 5 0 0
          4 0 0 0 6 0
          7 0 0 6 0 0
          0 10 1 3 6 6
          0 0 1 1 0 19
          0 0 0 0 0 1
          30 7 1 1 0 0
          6 9 6 0 36 1
          0 45 0 8 1 15
          0 0 3 3 0 31
          3 0 0 1 0 1
          2 0 1 3 7 67
          2 0 27 41 0 0
          21 0 4 13 1 7
          3 0 0 119 43 2
          0 3 1 0 1 1
          16 2 1 7 3 34
          60 2 0 3 28 22
          9 15 1 1 79 8
          1 2 0 1 65 203
          2 9 23 4 1 114
          20 27 0 0 0 0
          0 0 15 0 1 17
          0 141 0 6 1 0
          226 9 1 15 1 2
          0 4 0 9 0 2
          0 267 18 19 0 2
          4 0 1 0 2 7
          1 10 2 59 4 3
          2 1 33 4 0 17
          178 9 18 1 58 1
          1 1 14 0 0 67
          24 1 0 78 1 216
          8 124 0 81 0 2
          116 0 0 5 1 1
          0 0 1 5 31 20
          3 67 19 0 208 20
          0 7 70 1 1 2
          1 72 0 7 0 0
          56 0 0 0 7 1
          0 107 4 3 11 26
          4 2 1 112 2 3
          0 2 1 0 1 1
          6 0 0 37 2 0
          3 132 0 1 56 1
          2 142 36 1 7 0
          3 0 0 164 0 0
          23 0 79 0 2 2
          1 0 71 50 1 241
          0 7 30 0 0 48
          0 2 0 0 1 47
          37 0 1 44 0 46
          82 1 95 0 2 193
          12 3 0 1 2 0
          0 116 176 1 5 230
          0 5 1 30 0 0
          2 0 1 27 0 1
          0 42 296 3 1 78
          61 0 4 329 0 61
          0 0 0 1 27 0
          0 98 0 28 1 15
          3 3 1 0 182 65
          2 0 0 123 1 37
          0 0 322 0 0 17
          2 0 10 2 0 13
          2 5 2 1 4 113
          162 0 0 1 0 44
          4 14 0 390 0 3
          0 4 1 0 0 0
          1 0 3 1 3 0
          0 1 3 2 12 1
          6 1 3 0 4 0
          2 1 8 0 0 119
          0 7 0 9 0 2
          3 34 1 102 2 0
          0 0 12 0 47 0
          132 3 0 0 0 6
          1 0 41 1 2 0
          0 1 1 3 124 18
          72 3 1 0 3 0
          1 18 0 0 0 43
          1 12 9 11 0 2
          16 8 74 2 16 0
          3 56 7 78 5 36
          6 6 103 0 3 0
          0 0 1 1 12 4
          4 2 0 10 0 14
          0 0 6 0 9 107
          2 0 9 1 39 1
          4 0 5 5 1 1
          3 0 2 1 37 4
          14 3 3 4 2 13
          0 0 15 130 27 1
          17 9 8 49 0 0
          0 2 1 0 0 33
          0 12 0 5 61 1
          4 3 2 0 0 0
          35 1 52 1 1 2
          2 0 2 13 3 2
          2 16 35 32 0 0
          0 8 1 1 2 4
          39 1 4 24 0 96
          19 22 0 4 0 7
          14 6 8 1 3 40
          1 8 1 14 0 1
          10 1 17 101 0 2
          2 51 4 72 0 5
          0 7 11 55 34 6
          0 35 4 1 0 47
          52 0 17 0 0 43
          15 5 69 9 9 12
          1 8 0 103 1 4
          0 2 16 2 8 1
          6 70 59 0 1 9
          3 15 3 12 10 98
          1 0 17 2 9 1
          0 4 52 16 30 5
          65 40 3 15 43 3
          0 5 49 3 1 0
          1 4 13 94 81 0
          0 1 8 1 91 0
          3 0 40 3 0 0
          8 3 132 0 10 15
          0 5 67 13 3 0
          2 17 4 14 0 2
          1 19 1 12 1 12
          2 0 0 12 6 20
          5 43 0 1 2 16
          5 33 1 12 3 3
          7 1 3 1 53 12
          21 22 0 4 0 18
          4 0 5 1 26 1
          1 0 4 18 0 3
          20 0 19 63 5 10
          0 74 5 5 0 3
          2 0 1 10 6 13
          0 1 0 8 3 7
          2 22 0 7 31 0
          8 0 4 13 14 2
          69 12 2 9 3 2
          18 0 27 36 1 3
          3 21 16 8 0 45
          43 2 41 0 0 110
          14 0 0 20 2 2
          18 4 0 9 4 1
          2 10 5 0 2 20
          1 0 14 18 3 0
          161 3 3 36 4 0
          7 0 5 27 1 18
          3 0 37 14 1 2
          1 3 4 57 46 0
          2 0 0 0 2 0
          11 0 1 1 0 1
          2 10 0 2 2 3
          1 2 0 9 0 9
          6 3 58 3 0 60
          0 1 50 119 0 0
          37 2 34 2 0 20
          183 2 0 0 0 0
          0 0 17 0 17 0
          30 1 1 0 46 3
          1 3 24 1 0 10
          1 5 0 21 10 31
          2 0 43 0 67 0
          1 17 25 86 15 0
          65 0 10 1 67 11
          1 38 15 15 31 136
          8 2 6 0 129 3
          27 5 0 0 47 0
          0 10 0 19 1 0
          12 39 2 63 13 5
          2 0 11 85 21 5
          2 6 12 1 3 52
          6 33 2 66 0 1
          0 0 22 10 172 0
          0 6 0 4 0 1
          8 14 18 1 168 3
          0 23 2 3 62 2
          1 31 24 14 125 2
          4 3 0 106 0 8
          47 7 2 0 0 21
          56 113 1 5 0 1
          1 0 9 0 11 97
          0 0 13 0 2 34
          1 6 71 4 9 0
          2 8 6 91 0 4
          2 142 2 0 1 3
          2 5 17 8 1 46
          12 0 13 0 4 19
          16 15 34 0 0 0
          19 9 0 100 9 5
          3 8 0 15 91 1
          3 2 15 5 3 0
          8 6 0 69 1 1
          6 17 7 0 6 0
          0 20 0 30 50 0
          1 3 3 6 42 32
          1 0 12 13 15 82
          13 2 0 9 0 95
          2 1 0 0 7 46
          0 11 28 1 36 37
          22 0 27 0 3 13
          111 5 1 14 8 123
          6 1 10 7 3 32
          0 19 76 35 1 103
          1 0 0 2 0 2
          0 6 11 2 41 11
          26 1 3 10 0 31
          21 8 68 4 0 2
          1 33 2 0 33 5
          32 7 25 22 20 124
          7 44 11 16 95 0
          0 0 28 0 6 11
          93 0 68 2 0 23
          19 70 1 18 86 0
          30 1 205 14 0 5
          197 104 100 2 1 1
          0 7 15 0 40 50
          0 25 0 22 30 794
          794
        </DataArray>
        <DataArray type="Int32" Name="RegionSpan" format="ascii" RangeMin="1" RangeMax="174">
          2 2 1 1 1 1
          1 2 3 5 2 1
          4 1 1 1 1 1
          1 2 2 3 2 1
          1 1 1 1 1 1
          1 1 2 5 1 10
          3 1 1 1 1 1
          1 1 3 1 1 1
          1 1 5 1 1 1
          1 1 1 9 1 1
          2 1 1 1 3 1
          1 1 2 1 2 4
          2 9 5 7 7 2
          1 1 1 2 8 8
          1 1 1 1 1 1
          2 3 1 1 1 2
          2 4 5 4 5 1
          1 41 1 1 1 6
          1 1 1 3 1 20
          2 1 1 2 1 1
          3 1 2 3 2 32
          2 1 9 4 1 1
          5 1 1 3 2 6
          1 1 1 14 19 2
          1 3 1 1 4 1
          21 2 1 3 2 2
          61 3 1 3 3 65
          4 8 1 1 56 9
          1 1 1 6 5 3
          1 3 4 2 1 11
          9 3 1 2 1 1
          1 1 11 1 1 7
          1 63 1 7 2 9
          7 3 1 17 1 2
          1 2 1 18 1 2
          1 27 5 13 1 2
          1 1 20 13 2 3
          5 12 1 3 2 2
          1 1 5 5 1 1
          28 2 4 1 17 2
          1 2 5 1 1 12
          18 1 1 22 1 28
          3 27 1 27 1 1
          18 1 1 2 1 1
          1 1 2 4 97 61
          1 102 8 1 43 27
          1 15 2 1 2 1
          2 94 1 3 1 1
          1 1 1 1 1 40
          1 41 1 2 83 7
          2 4 1 34 2 1
          1 1 1 1 1 1
          4 1 4 110 1 1
          14 21 110 1 12 2
          3 29 5 1 5 1
          1 1 1 14 1 1
          16 1 33 7 8 1
          1 1 11 46 2 120
          1 1 7 1 5 61
          1 1 1 1 1 37
          2 1 1 122 1 3
          127 1 43 2 1 125
          3 2 1 1 1 1
          1 160 44 2 1 44
          1 2 1 2 1 1
          2 1 145 1 2 2
          1 42 13 2 6 5
          5 1 2 2 1 58
          2 4 3 1 39 1
          4 148 1 1 5 1
          4 1 2 1 61 116
          1 2 1 110 2 76
          5 1 1 1 1 4
          2 1 3 1 3 5
          12 2 3 1 77 78
          5 2 1 3 1 77
          3 72 1 5 2 2
          1 4 1 1 1 3
          1 1 4 2 1 1
          1 1 2 2 2 1
          2 1 2 1 2 1
          2 1 3 1 1 2
          1 4 1 2 1 2
          3 7 40 42 3 1
          1 1 11 4 53 1
          9 3 2 1 1 2
          1 1 26 2 2 1
          2 3 1 1 50 13
          50 1 6 1 6 1
          1 49 1 4 1 48
          2 3 11 6 1 1
          46 2 60 1 4 1
          1 125 3 65 14 132
          3 3 93 1 2 12
          6 1 1 1 4 3
          11 1 1 6 1 5
          1 1 91 1 42 103
          1 1 48 15 2 3
          4 1 2 3 1 1
          3 1 45 2 46 4
          8 2 2 2 1 3
          1 6 46 7 13 1
          7 4 6 110 1 1
          1 2 2 1 1 97
          1 2 1 3 2 1
          5 2 4 1 1 1
          3 1 95 2 2 2
          1 1 2 7 2 8
          2 36 14 33 1 1
          1 2 1 1 2 2
          41 1 2 58 1 20
          13 10 1 2 1 3
          111 4 17 2 105 19
          1 3 4 4 1 14
          7 2 124 66 1 2
          1 66 2 46 1 3
          1 27 50 59 20 2
          1 88 3 2 1 14
          133 1 2 1 1 149
          5 2 54 2 7 2
          2 4 1 86 1 2
          1 2 3 3 53 1
          4 10 95 1 1 10
          2 5 56 75 2 104
          1 1 25 3 2 1
          1 2 59 7 174 2
          85 6 3 2 2 2
          1 3 57 2 1 1
          1 4 2 6 40 1
          1 1 2 4 69 1
          2 1 14 2 1 1
          12 2 63 1 3 2
          1 2 27 8 3 1
          2 5 1 61 1 1
          111 92 1 9 2 1
          1 1 1 53 3 46
          3 26 1 1 2 45
          3 102 2 4 2 18
          35 1 3 1 33 87
          8 70 1 3 1 68
          3 1 1 2 67 1
          56 1 52 124 1 34
          6 1 32 70 2 5
          1 36 1 1 1 2
          2 1 23 30 2 111
          1 2 1 64 1 3
          50 110 1 3 1 1
          5 1 10 6 144 2
          47 16 2 1 5 1
          79 1 4 109 2 1
          101 2 55 1 1 112
          22 2 65 1 1 33
          82 1 3 122 2 1
          2 48 1 5 44 1
          53 103 72 1 85 16
          2 1 82 84 2 1
          78 5 1 94 11 1
          2 1 3 22 1 33
          1 1 19 8 2 1
          1 36 5 79 2 1
          2 1 1 1 3 1
          73 29 30 72 1 12
          132 141 3 1 12 29
          1 20 1 37 1 56
          28 15 17 10 1 18
          1 2 4 87 1 1
          151 2 24 79 1 74
          95 1 1 1 1 1
          1 1 114 1 118 2
          10 1 2 1 104 3
          2 101 5 6 1 104
          1 112 2 21 46 83
          2 1 81 1 56 1
          1 121 65 98 68 1
          2 1 60 87 143 5
          1 139 92 18 118 73
          5 3 5 1 65 2
          110 3 1 1 71 1
          1 7 1 118 2 1
          125 87 1 102 2 2
          2 1 7 98 2 1
          2 3 6 1 120 14
          3 77 1 94 1 1
          1 1 13 2 73 1
          1 2 1 4 2 2
          43 145 81 1 56 2
          1 2 1 2 110 1
          1 36 114 31 55 2
          4 2 1 69 1 80
          81 4 5 1 19 10
          14 109 1 5 1 1
          2 1 11 1 125 5
          1 1 2 1 2 23
          1 3 11 3 5 1
          1 103 3 67 1 3
          1 101 5 1 1 1
          1 2 3 4 2 53
          3 1 109 2 53 105
          5 5 109 1 1 1
          69 5 1 35 18 2
          2 9 1 109 94 1
          3 1 6 12 3 1
          24 7 1 121 1 2
          2 124 3 1 4 1
          1 134 2 77 8 1
          4 1 75 110 46 123
          2 1 11 18 20 124
          7 3 1 3 1 158
          1 3 1 1 137 37
          1 2 83 120 44 5
          57 1 44 1 145 5
          125 9 2 18 4 121
          5 1 128 8 105 93
          1 9 39 17 2 134
          1 1 1 1 1 1
          3 141 8 2 25 12
          19 1 3 102 1 53
          36 14 16 2 1 1
          2 23 2 1 8 2
          7 2 118 133 35 152
          2 144 3 8 110 1
          1 1 84 1 78 89
          23 1 89 2 1 10
          5 130 1 11 131 1
          133 17 129 5 1 35
          5 142 146 1 1 1
          1 131 12 1 18 164
          1 151 1 14 6 136
          136
        </DataArray>
      </PointData>
      <CellData>
      </CellData>
      <Points>
        <DataArray type="Float32" Name="Points" NumberOfComponents="3" format="ascii" RangeMin="9.486832980505138" RangeMax="213.84573879317773">
          78 129 0 12 30 0
          15 31 0 118 159 0
          16 32 0 117 158 0
          9 29 0 15 32 0
          10 29 0 13 31 0
          113 143 0 114 153 0
          118 158 0 43 87 0
          33 70 0 35 73 0
          36 75 0 110 145 0
          53 88 0 121 148 0
          122 143 0 101 153 0
          111 153 0 32 69 0
          44 89 0 50 85 0
          34 72 0 18 35 0
          118 147 0 37 76 0
          49 84 0 111 147 0
          36 74 0 44 88 0
          80 130 0 18 34 0
          35 72 0 113 138 0
          48 83 0 54 90 0
          77 128 0 38 77 0
          47 82 0 52 86 0
          37 77 0 83 131 0
          94 136 0 40 77 0
          124 141 0 32 70 0
          38 74 0 41 78 0
          49 89 0 41 80 0
          42 82 0 62 104 0
          93 135 0 33 71 0
          39 79 0 48 88 0
          48 89 0 55 91 0
          39 78 0 40 79 0
          42 83 0 115 140 0
          41 79 0 51 86 0
          50 87 0 49 85 0
          80 129 0 82 130 0
          53 89 0 42 80 0
          48 84 0 78 128 0
          53 87 0 93 136 0
          114 139 0 45 81 0
          119 144 0 47 83 0
          46 81 0 46 89 0
          56 95 0 57 96 0
          61 102 0 85 132 0
          60 101 0 85 77 0
          54 91 0 56 96 0
          90 134 0 59 100 0
          61 103 0 60 100 0
          84 132 0 107 137 0
          56 93 0 60 102 0
          116 131 0 156 135 0
          111 145 0 59 98 0
          30 67 0 128 146 0
          38 86 0 111 146 0
          25 54 0 87 133 0
          35 12 0 91 134 0
          105 153 0 30 68 0
          34 8 0 115 139 0
          26 55 0 124 142 0
          24 53 0 24 54 0
          25 55 0 22 52 0
          86 133 0 114 138 0
          23 52 0 39 86 0
          110 140 0 22 45 0
          88 133 0 22 44 0
          126 139 0 21 50 0
          104 153 0 115 154 0
          36 16 0 21 51 0
          114 154 0 125 140 0
          114 149 0 64 107 0
          100 100 0 21 48 0
          64 106 0 66 109 0
          116 146 0 100 139 0
          117 146 0 47 97 0
          123 146 0 72 112 0
          47 96 0 93 141 0
          70 111 0 71 112 0
          120 143 0 95 140 0
          64 109 0 115 141 0
          111 156 0 113 152 0
          140 0 0 24 62 0
          26 20 0 118 145 0
          28 72 0 110 107 0
          68 111 0 112 139 0
          99 99 0 109 106 0
          99 137 0 115 155 0
          145 9 0 28 71 0
          144 122 0 97 140 0
          113 8 0 107 157 0
          121 121 0 98 137 0
          121 153 0 13 51 0
          32 22 0 113 148 0
          31 21 0 30 75 0
          86 78 0 127 144 0
          115 146 0 117 149 0
          33 79 0 30 74 0
          98 150 0 34 80 0
          136 0 0 137 0 0
          116 122 0 99 150 0
          143 4 0 107 155 0
          127 145 0 126 146 0
          96 96 0 32 21 0
          108 159 0 110 157 0
          119 120 0 111 155 0
          5 23 0 32 18 0
          104 158 0 5 24 0
          30 21 0 111 137 0
          103 157 0 91 151 0
          95 148 0 33 11 0
          116 149 0 96 148 0
          105 158 0 114 117 0
          107 159 0 102 157 0
          34 10 0 92 149 0
          96 154 0 87 148 0
          122 3 0 47 34 0
          155 6 0 34 11 0
          90 146 0 91 146 0
          16 49 0 33 16 0
          90 145 0 104 103 0
          89 149 0 127 159 0
          105 145 0 94 88 0
          35 15 0 9 20 0
          35 3 0 106 145 0
          9 21 0 154 134 0
          123 4 0 27 26 0
          159 139 0 150 5 0
          123 3 0 98 154 0
          5 20 0 5 21 0
          46 33 0 11 13 0
          32 19 0 120 5 0
          153 132 0 122 125 0
          55 111 0 10 15 0
          105 104 0 36 20 0
          16 19 0 10 14 0
          14 21 0 125 159 0
          123 120 0 55 110 0
          120 4 0 75 122 0
          75 123 0 10 18 0
          36 22 0 34 4 0
          36 19 0 10 42 0
          128 119 0 104 141 0
          41 29 0 36 21 0
          11 44 0 122 121 0
          45 32 0 57 114 0
          57 113 0 58 115 0
          110 4 0 151 33 0
          150 36 0 150 33 0
          36 0 0 127 0 0
          46 34 0 18 13 0
          58 114 0 110 5 0
          24 11 0 11 45 0
          146 124 0 10 41 0
          95 91 0 152 130 0
          91 84 0 158 37 0
          37 25 0 21 12 0
          141 121 0 7 10 0
          145 123 0 118 121 0
          22 12 0 26 10 0
          85 78 0 59 116 0
          117 136 0 104 142 0
          58 116 0 157 136 0
          20 12 0 155 36 0
          157 36 0 8 11 0
          149 35 0 112 112 0
          124 124 0 102 102 0
          127 125 0 147 125 0
          25 15 0 154 35 0
          129 120 0 158 138 0
          36 1 0 38 27 0
          26 14 0 126 119 0
          119 121 0 61 118 0
          9 7 0 35 47 0
          121 129 0 35 46 0
          111 110 0 9 8 0
          92 85 0 3 9 0
          45 33 0 101 101 0
          128 120 0 126 125 0
          65 123 0 149 126 0
          42 30 0 140 35 0
          11 4 0 140 34 0
          65 124 0 39 28 0
          146 128 0 60 117 0
          66 121 0 66 122 0
          10 5 0 113 114 0
          117 5 0 153 133 0
          146 127 0 67 119 0
          107 11 0 142 39 0
          95 94 0 118 124 0
          137 121 0 43 31 0
          39 27 0 4 10 0
          144 39 0 38 26 0
          105 7 0 118 123 0
          87 79 0 146 126 0
          74 135 0 86 79 0
          150 128 0 90 83 0
          43 30 0 21 1 0
          75 136 0 22 1 0
          156 136 0 95 93 0
          20 0 0 21 0 0
          40 38 0 133 120 0
          148 125 0 110 10 0
          36 25 0 136 120 0
          142 122 0 39 29 0
          49 38 0 106 6 0
          100 101 0 136 121 0
          153 131 0 106 105 0
          41 30 0 4 43 0
          155 134 0 4 44 0
          148 46 0 149 46 0
          140 121 0 118 101 0
          135 121 0 74 146 0
          146 45 0 149 134 0
          148 45 0 131 120 0
          158 137 0 114 114 0
          97 98 0 48 38 0
          112 113 0 74 145 0
          96 95 0 97 7 0
          149 129 0 96 6 0
          150 135 0 97 6 0
          15 65 0 93 86 0
          83 96 0 149 135 0
          111 108 0 111 111 0
          159 138 0 102 86 0
          94 90 0 11 62 0
          150 130 0 80 96 0
          101 5 0 103 102 0
          151 136 0 150 136 0
          83 92 0 149 133 0
          10 64 0 83 93 0
          103 37 0 17 64 0
          100 99 0 52 46 0
          9 61 0 9 67 0
          107 90 0 105 88 0
          53 48 0 104 104 0
          88 81 0 106 89 0
          93 87 0 105 89 0
          91 10 0 104 38 0
          90 8 0 58 54 0
          98 98 0 10 61 0
          90 9 0 121 25 0
          103 38 0 120 24 0
          97 12 0 62 58 0
          11 157 0 143 119 0
          121 24 0 54 50 0
          102 94 0 122 27 0
          61 57 0 12 62 0
          7 154 0 107 89 0
          59 55 0 122 26 0
          63 59 0 86 10 0
          13 84 0 98 10 0
          13 64 0 50 47 0
          20 88 0 123 29 0
          60 56 0 5 155 0
          123 28 0 88 10 0
          91 7 0 61 58 0
          13 67 0 19 86 0
          62 59 0 133 39 0
          105 40 0 104 130 0
          99 88 0 56 53 0
          134 39 0 6 155 0
          18 84 0 16 76 0
          57 53 0 100 87 0
          60 57 0 14 157 0
          119 17 0 17 76 0
          23 88 0 116 99 0
          97 89 0 106 41 0
          87 81 0 58 55 0
          91 85 0 53 47 0
          3 154 0 16 84 0
          105 41 0 20 84 0
          91 17 0 59 56 0
          103 88 0 104 40 0
          55 52 0 17 80 0
          53 49 0 129 109 0
          82 85 0 157 51 0
          4 154 0 59 0 0
          10 70 0 22 86 0
          99 21 0 156 51 0
          110 106 0 143 120 0
          55 0 0 96 33 0
          17 79 0 96 28 0
          15 88 0 92 86 0
          96 98 0 95 27 0
          93 15 0 89 16 0
          117 100 0 11 80 0
          101 102 0 95 28 0
          132 42 0 159 104 0
          18 82 0 13 157 0
          133 43 0 76 151 0
          76 152 0 133 42 0
          100 18 0 19 81 0
          134 112 0 97 29 0
          134 43 0 104 91 0
          94 15 0 89 17 0
          99 84 0 102 128 0
          91 83 0 96 29 0
          54 58 0 11 76 0
          12 82 0 56 59 0
          115 120 0 57 59 0
          89 83 0 58 0 0
          92 16 0 55 59 0
          123 102 0 89 20 0
          85 18 0 138 115 0
          83 13 0 54 52 0
          53 58 0 84 12 0
          17 88 0 38 0 0
          12 76 0 14 90 0
          18 106 0 10 69 0
          78 156 0 88 23 0
          92 29 0 101 43 0
          88 22 0 105 95 0
          106 96 0 79 155 0
          100 33 0 121 43 0
          89 24 0 93 29 0
          15 82 0 105 96 0
          88 24 0 99 33 0
          103 128 0 109 92 0
          112 101 0 54 4 0
          55 3 0 47 4 0
          14 80 0 0 159 0
          59 133 0 86 19 0
          136 110 0 48 5 0
          113 101 0 109 91 0
          47 5 0 101 34 0
          5 69 0 104 96 0
          88 18 0 103 132 0
          126 107 0 90 102 0
          92 25 0 92 26 0
          110 93 0 41 1 0
          9 86 0 112 98 0
          89 102 0 127 105 0
          6 159 0 61 132 0
          84 4 0 85 4 0
          103 42 0 111 102 0
          42 2 0 42 1 0
          44 3 0 135 111 0
          121 102 0 127 106 0
          11 86 0 45 3 0
          7 69 0 106 104 0
          119 115 0 100 117 0
          43 3 0 93 37 0
          123 45 0 96 87 0
          109 93 0 39 1 0
          112 100 0 37 1 0
          65 62 0 49 0 0
          80 16 0 91 24 0
          123 44 0 64 62 0
          91 99 0 56 131 0
          149 57 0 149 56 0
          125 42 0 90 100 0
          81 17 0 63 144 0
          30 101 0 31 101 0
          141 109 0 154 59 0
          100 113 0 96 31 0
          118 116 0 104 48 0
          100 114 0 103 47 0
          102 45 0 49 2 0
          159 63 0 59 138 0
          102 44 0 130 48 0
          1 157 0 97 105 0
          104 47 0 15 93 0
          70 151 0 71 150 0
          155 127 0 159 128 0
          131 111 0 99 110 0
          115 49 0 74 19 0
          155 57 0 94 99 0
          16 95 0 103 45 0
          154 127 0 77 20 0
          92 90 0 99 112 0
          64 146 0 27 144 0
          59 129 0 18 90 0
          77 19 0 93 100 0
          159 143 0 124 110 0
          97 36 0 125 47 0
          110 53 0 102 123 0
          66 64 0 149 115 0
          79 18 0 62 26 0
          52 4 0 131 110 0
          159 142 0 102 122 0
          131 46 0 70 43 0
          128 47 0 84 29 0
          86 31 0 1 63 0
          92 89 0 63 154 0
          127 45 0 73 74 0
          86 35 0 124 109 0
          85 31 0 61 138 0
          126 45 0 122 94 0
          72 73 0 65 148 0
          67 38 0 139 112 0
          65 143 0 123 114 0
          65 35 0 153 109 0
          87 34 0 96 44 0
          67 65 0 72 74 0
          71 74 0 108 46 0
          66 63 0 79 23 0
          135 114 0 73 46 0
          121 112 0 80 26 0
          79 22 0 12 102 0
          60 37 0 98 51 0
          53 140 0 154 108 0
          8 156 0 97 118 0
          50 24 0 69 17 0
          66 65 0 157 129 0
          51 25 0 98 42 0
          50 132 0 66 146 0
          148 118 0 99 52 0
          74 75 0 65 147 0
          123 113 0 106 47 0
          55 32 0 95 103 0
          65 156 0 114 30 0
          52 134 0 70 18 0
          99 51 0 120 113 0
          0 78 0 48 19 0
          51 24 0 114 29 0
          118 47 0 67 16 0
          63 36 0 47 11 0
          87 29 0 19 93 0
          8 157 0 46 10 0
          109 49 0 82 43 0
          96 48 0 73 75 0
          2 99 0 41 15 0
          52 27 0 4 72 0
          41 14 0 115 32 0
          112 51 0 58 9 0
          68 16 0 6 72 0
          67 155 0 109 48 0
          132 112 0 52 136 0
          82 27 0 122 116 0
          123 55 0 66 36 0
          93 97 0 114 32 0
          88 47 0 55 30 0
          66 155 0 76 26 0
          60 33 0 55 127 0
          54 134 0 67 154 0
          148 117 0 56 126 0
          67 3 0 68 20 0
          28 106 0 47 15 0
          86 45 0 96 49 0
          4 63 0 28 107 0
          66 1 0 43 21 0
          66 3 0 147 110 0
          78 26 0 72 26 0
          65 2 0 73 26 0
          57 9 0 50 126 0
          70 20 0 65 153 0
          104 108 0 17 154 0
          58 33 0 1 67 0
          55 140 0 65 0 0
          68 41 0 121 95 0
          0 80 0 146 112 0
          66 0 0 54 12 0
          93 98 0 64 31 0
          116 34 0 52 135 0
          115 34 0 9 96 0
          49 23 0 59 10 0
          17 97 0 96 46 0
          2 68 0 86 43 0
          85 43 0 59 9 0
          2 91 0 75 48 0
          83 54 0 52 131 0
          81 41 0 82 41 0
          20 95 0 11 107 0
          52 126 0 102 108 0
          2 80 0 30 110 0
          51 26 0 30 109 0
          5 104 0 64 33 0
          18 97 0 42 18 0
          63 33 0 23 101 0
          24 101 0 75 47 0
          14 99 0 69 27 0
          71 44 0 50 33 0
          65 34 0 68 67 0
          74 31 0 64 32 0
          79 33 0 158 58 0
          116 108 0 117 36 0
          125 53 0 86 44 0
          75 37 0 49 129 0
          77 39 0 116 36 0
          80 33 0 54 29 0
          77 37 0 148 108 0
          55 145 0 74 4 0
          78 50 0 52 33 0
          73 33 0 79 51 0
          20 101 0 77 50 0
          53 33 0 49 34 0
          81 50 0 78 51 0
          15 98 0 146 118 0
          76 39 0 79 39 0
          79 38 0 80 50 0
          3 105 0 55 10 0
          60 11 0 59 30 0
          79 48 0 68 66 0
          60 10 0 76 33 0
          78 48 0 12 107 0
          82 46 0 77 31 0
          73 3 0 74 3 0
          87 46 0 83 46 0
          8 103 0 113 126 0
          2 78 0 5 97 0
          150 112 0 126 111 0
          59 155 0 60 155 0
          117 107 0 6 109 0
          110 118 0 88 51 0
          61 12 0 73 8 0
          54 18 0 53 17 0
          22 105 0 90 50 0
          76 4 0 146 111 0
          110 117 0 1 95 0
          9 99 0 83 58 0
          112 127 0 38 143 0
          89 50 0 11 99 0
          16 155 0 148 109 0
          72 7 0 61 11 0
          54 17 0 9 102 0
          73 7 0 73 9 0
          53 16 0 82 52 0
          5 94 0 109 113 0
          11 95 0 72 1 0
          83 57 0 69 68 0
          110 115 0 73 1 0
          7 103 0 57 145 0
          87 51 0 86 57 0
          110 116 0 70 6 0
          109 114 0 85 58 0
          4 90 0 20 135 0
          58 20 0 145 115 0
          7 97 0 59 20 0
          70 5 0 4 104 0
          30 148 0 43 123 0
          30 152 0 47 122 0
          68 68 0 46 122 0
          7 93 0 18 128 0
          113 58 0 125 58 0
          112 58 0 118 60 0
          42 26 0 36 158 0
          69 0 0 70 0 0
          91 58 0 117 62 0
          5 99 0 124 58 0
          153 113 0 43 26 0
          97 64 0 21 112 0
          118 61 0 8 108 0
          0 147 0 49 128 0
          19 120 0 41 129 0
          20 146 0 25 130 0
          36 141 0 58 148 0
          119 59 0 9 108 0
          33 121 0 2 95 0
          94 53 0 59 148 0
          88 59 0 74 56 0
          89 59 0 95 54 0
          88 58 0 28 122 0
          75 55 0 46 139 0
          42 142 0 49 153 0
          124 91 0 41 142 0
          94 54 0 22 124 0
          48 123 0 7 109 0
          152 113 0 11 152 0
          96 54 0 47 157 0
          45 28 0 13 112 0
          127 61 0 78 62 0
          46 28 0 16 131 0
          54 143 0 47 138 0
          23 111 0 126 61 0
          123 92 0 44 127 0
          159 76 0 20 142 0
          33 114 0 78 60 0
          3 112 0 34 114 0
          95 62 0 40 150 0
          20 125 0 25 115 0
          46 127 0 55 144 0
          45 142 0 42 128 0
          30 117 0 43 136 0
          152 118 0 22 116 0
          52 159 0 5 111 0
          17 130 0 50 150 0
          151 118 0 26 114 0
          29 128 0 49 149 0
          4 112 0 158 81 0
          112 70 0 31 116 0
          51 143 0 152 99 0
          47 133 0 25 141 0
          30 121 0 154 121 0
          89 69 0 52 143 0
          50 149 0 153 122 0
          157 83 0 158 82 0
          10 135 0 113 68 0
          28 128 0 56 47 0
          6 131 0 4 133 0
          107 63 0 155 116 0
          11 153 0 8 124 0
          51 156 0 23 115 0
          29 134 0 35 125 0
          54 158 0 49 157 0
          106 62 0 159 72 0
          38 145 0 5 132 0
          57 47 0 118 72 0
          116 74 0 150 104 0
          150 105 0 117 73 0
          124 67 0 90 69 0
          25 122 0 24 137 0
          81 71 0 24 132 0
          33 126 0 125 66 0
          41 137 0 131 84 0
          34 125 0 82 68 0
          22 141 0 22 145 0
          51 155 0 133 82 0
          11 134 0 132 83 0
          55 45 0 56 44 0
          81 69 0 13 141 0
          132 64 0 153 117 0
          22 150 0 80 68 0
          1 131 0 81 73 0
          157 89 0 29 118 0
          81 68 0 158 79 0
          82 66 0 156 91 0
          50 152 0 135 66 0
          81 74 0 20 118 0
          119 68 0 151 102 0
          159 121 0 15 150 0
          14 151 0 34 143 0
          31 126 0 52 148 0
          3 121 0 157 90 0
          159 85 0 134 65 0
          158 119 0 159 84 0
          12 120 0 159 119 0
          39 135 0 0 110 0
          3 110 0 132 62 0
          94 69 0 127 83 0
          95 68 0 159 122 0
          39 134 0 119 79 0
          1 110 0 45 146 0
          46 146 0 155 93 0
          15 114 0 158 87 0
          156 92 0 11 121 0
          102 74 0 15 139 0
          151 81 0 43 146 0
          99 80 0 138 72 0
          138 71 0 4 128 0
          43 158 0 104 72 0
          43 144 0 25 153 0
          44 144 0 11 123 0
          145 101 0 28 126 0
          0 139 0 146 98 0
          137 77 0 26 135 0
          22 127 0 127 73 0
          146 99 0 153 77 0
          21 127 0 125 72 0
          25 134 0 25 149 0
          0 134 0 36 152 0
          127 72 0 8 116 0
          100 72 0 100 71 0
          144 102 0 124 71 0
          138 76 0 12 147 0
          35 151 0 106 77 0
          98 74 0 127 88 0
          29 139 0 147 96 0
          107 76 0 36 151 0
          99 72 0 131 76 0
          104 78 0 4 141 0
          120 74 0 147 97 0
          155 100 0 0 138 0
          34 152 0 130 74 0
          125 81 0 75 71 0
          149 93 0 96 77 0
          37 147 0 95 76 0
          75 72 0 31 137 0
          96 76 0 74 70 0
          74 69 0 152 87 0
          153 103 0 34 149 0
          133 88 0 28 140 0
          8 145 0 153 104 0
          148 94 0 33 155 0
          32 155 0 154 102 0
          152 85 0 140 91 0
          42 154 0 43 154 0
          9 144 0 14 145 0
          144 87 0 1 118 0
          157 101 0 143 92 0
          129 96 0 1 119 0
          130 96 0 0 151 0
          142 92 0 157 102 0
          145 92 0 0 150 0
          141 96 0 136 83 0
          140 97 0 144 92 0
          19 148 0
          <InformationKey name="L2_NORM_RANGE" location="vtkDataArray" length="2">
            <Value index="0">
              9.4868329805
            </Value>
            <Value index="1">
              213.84573879
            </Value>
          </InformationKey>
        </DataArray>
      </Points>
      <Cells>
        <DataArray type="Int64" Name="connectivity" format="ascii" RangeMin="0" RangeMax="1368">
          0 1 2 3 4 5
          6 7 8 9 10 11
          12 13 14 15 16 17
          18 19 20 21 22 23
          24 25 26 27 28 29
          30 31 32 33 34 35
          36 37 38 39 40 41
          42 43 44 45 46 47
          48 49 50 51 52 53
          54 55 56 57 58 59
          60 61 62 63 64 65
          66 67 68 69 70 71
          72 73 74 75 76 77
          78 79 80 81 82 83
          84 85 86 87 88 89
          90 91 92 93 94 95
          96 97 98 99 100 101
          102 103 104 105 106 107
          108 109 110 111 112 113
          114 115 116 117 118 119
          120 121 122 123 124 125
          126 127 128 129 130 131
          132 133 134 135 136 137
          138 139 140 141 142 143
          144 145 146 147 148 149
          150 151 152 153 154 155
          156 157 158 159 160 161
          162 163 164 165 166 167
          168 169 170 171 172 173
          174 175 176 177 178 179
          180 181 182 183 184 185
          186 187 188 189 190 191
          192 193 194 195 196 197
          198 199 200 201 202 203
          204 205 206 207 208 209
          210 211 212 213 214 215
          216 217 218 219 220 221
          222 223 224 225 226 227
          228 229 230 231 232 233
          234 235 236 237 238 239
          240 241 242 243 244 245
          246 247 248 249 250 251
          252 253 254 255 256 257
          258 259 260 261 262 263
          264 265 266 267 268 269
          270 271 272 273 274 275
          276 277 278 279 280 281
          282 283 284 285 286 287
          288 289 290 291 292 293
          294 295 296 297 298 299
          300 301 302 303 304 305
          306 307 308 309 310 311
          312 313 314 315 316 317
          318 319 320 321 322 323
          324 325 326 327 328 329
          330 331 332 333 334 335
          336 337 338 339 340 341
          342 343 344 345 346 347
          348 349 350 351 352 353
          354 355 356 357 358 359
          360 361 362 363 364 365
          366 367 368 369 370 371
          372 373 374 375 376 377
          378 379 380 381 382 383
          384 385 386 387 388 389
          390 391 392 393 394 395
          396 397 398 399 400 401
          402 403 404 405 406 407
          408 409 410 411 412 413
          414 415 416 417 418 419
          420 421 422 423 424 425
          426 427 428 429 430 431
          432 433 434 435 436 437
          438 439 440 441 442 443
          444 445 446 447 448 449
          450 451 452 453 454 455
          456 457 458 459 460 461
          462 463 464 465 466 467
          468 469 470 471 472 473
          474 475 476 477 478 479
          480 481 482 483 484 485
          486 487 488 489 490 491
          492 493 494 495 496 497
          498 499 500 501 502 503
          504 505 506 507 508 509
          510 511 512 513 514 515
          516 517 518 519 520 521
          522 523 524 525 526 527
          528 529 530 531 532 533
          534 535 536 537 538 539
          540 541 542 543 544 545
          546 547 548 549 550 551
          552 553 554 555 556 557
          558 559 560 561 562 563
          564 565 566 567 568 569
          570 571 572 573 574 575
          576 577 578 579 580 581
          582 583 584 585 586 587
          588 589 590 591 592 593
          594 595 596 597 598 599
          600 601 602 603 604 605
          606 607 608 609 610 611
          612 613 614 615 616 617
          618 619 620 621 622 623
          624 625 626 627 628 629
          630 631 632 633 634 635
          636 637 638 639 640 641
          642 643 644 645 646 647
          648 649 650 651 652 653
          654 655 656 657 658 659
          660 661 662 663 664 665
          666 667 668 669 670 671
          672 673 674 675 676 677
          678 679 680 681 682 683
          684 685 686 687 688 689
          690 691 692 693 694 695
          696 697 698 699 700 701
          702 703 704 705 706 707
          708 709 710 711 712 713
          714 715 716 717 718 719
          720 721 722 723 724 725
          726 727 728 729 730 731
          732 733 734 735 736 737
          738 739 740 741 742 743
          744 745 746 747 748 749
          750 751 752 753 754 755
          756 757 758 759 760 761
          762 763 764 765 766 767
          768 769 770 771 772 773
          774 775 776 777 778 779
          780 781 782 783 784 785
          786 787 788 789 790 791
          792 793 794 795 796 797
          798 799 800 801 802 803
          804 805 806 807 808 809
          810 811 812 813 814 815
          816 817 818 819 820 821
          822 823 824 825 826 827
          828 829 830 831 832 833
          834 835 836 837 838 839
          840 841 842 843 844 845
          846 847 848 849 850 851
          852 853 854 855 856 857
          858 859 860 861 862 863
          864 865 866 867 868 869
          870 871 872 873 874 875
          876 877 878 879 880 881
          882 883 884 885 886 887
          888 889 890 891 892 893
          894 895 896 897 898 899
          900 901 902 903 904 905
          906 907 908 909 910 911
          912 913 914 915 916 917
          918 919 920 921 922 923
          924 925 926 927 928 929
          930 931 932 933 934 935
          936 937 938 939 940 941
          942 943 944 945 946 947
          948 949 950 951 952 953
          954 955 956 957 958 959
          960 961 962 963 964 965
          966 967 968 969 970 971
          972 973 974 975 976 977
          978 979 980 981 982 983
          984 985 986 987 988 989
          990 991 992 993 994 995
          996 997 998 999 1000 1001
          1002 1003 1004 1005 1006 1007
          1008 1009 1010 1011 1012 1013
          1014 1015 1016 1017 1018 1019
          1020 1021 1022 1023 1024 1025
          1026 1027 1028 1029 1030 1031
          1032 1033 1034 1035 1036 1037
          1038 1039 1040 1041 1042 1043
          1044 1045 1046 1047 1048 1049
          1050 1051 1052 1053 1054 1055
          1056 1057 1058 1059 1060 1061
          1062 1063 1064 1065 1066 1067
          1068 1069 1070 1071 1072 1073
          1074 1075 1076 1077 1078 1079
          1080 1081 1082 1083 1084 1085
          1086 1087 1088 1089 1090 1091
          1092 1093 1094 1095 1096 1097
          1098 1099 1100 1101 1102 1103
          1104 1105 1106 1107 1108 1109
          1110 1111 1112 1113 1114 1115
          1116 1117 1118 1119 1120 1121
          1122 1123 1124 1125 1126 1127
          1128 1129 1130 1131 1132 1133
          1134 1135 1136 1137 1138 1139
          1140 1141 1142 1143 1144 1145
          1146 1147 1148 1149 1150 1151
          1152 1153 1154 1155 1156 1157
          1158 1159 1160 1161 1162 1163
          1164 1165 1166 1167 1168 1169
          1170 1171 1172 1173 1174 1175
          1176 1177 1178 1179 1180 1181
          1182 1183 1184 1185 1186 1187
          1188 1189 1190 1191 1192 1193
          1194 1195 1196 1197 1198 1199
          1200 1201 1202 1203 1204 1205
          1206 1207 1208 1209 1210 1211
          1212 1213 1214 1215 1216 1217
          1218 1219 1220 1221 1222 1223
          1224 1225 1226 1227 1228 1229
          1230 1231 1232 1233 1234 1235
          1236 1237 1238 1239 1240 1241
          1242 1243 1244 1245 1246 1247
          1248 1249 1250 1251 1252 1253
          1254 1255 1256 1257 1258 1259
          1260 1261 1262 1263 1264 1265
          1266 1267 1268 1269 1270 1271
          1272 1273 1274 1275 1276 1277
          1278 1279 1280 1281 1282 1283
          1284 1285 1286 1287 1288 1289
          1290 1291 1292 1293 1294 1295
          1296 1297 1298 1299 1300 1301
          1302 1303 1304 1305 1306 1307
          1308 1309 1310 1311 1312 1313
          1314 1315 1316 1317 1318 1319
          1320 1321 1322 1323 1324 1325
          1326 1327 1328 1329 1330 1331
          1332 1333 1334 1335 1336 1337
          1338 1339 1340 1341 1342 1343
          1344 1345 1346 1347 1348 1349
          1350 1351 1352 1353 1354 1355
          1356 1357 1358 1359 1360 1361
          1362 1363 1364 1365 1366 1367
          1368
        </DataArray>
        <DataArray type="Int64" Name="offsets" format="ascii" RangeMin="1" RangeMax="1369">
          1 2 3 4 5 6
          7 8 9 10 11 12
          13 14 15 16 17 18
          19 20 21 22 23 24
          25 26 27 28 29 30
          31 32 33 34 35 36
          37 38 39 40 41 42
          43 44 45 46 47 48
          49 50 51 52 53 54
          55 56 57 58 59 60
          61 62 63 64 65 66
          67 68 69 70 71 72
          73 74 75 76 77 78
          79 80 81 82 83 84
          85 86 87 88 89 90
          91 92 93 94 95 96
          97 98 99 100 101 102
          103 104 105 106 107 108
          109 110 111 112 113 114
          115 116 117 118 119 120
          121 122 123 124 125 126
          127 128 129 130 131 132
          133 134 135 136 137 138
          139 140 141 142 143 144
          145 146 147 148 149 150
          151 152 153 154 155 156
          157 158 159 160 161 162
          163 164 165 166 167 168
          169 170 171 172 173 174
          175 176 177 178 179 180
          181 182 183 184 185 186
          187 188 189 190 191 192
          193 194 195 196 197 198
          199 200 201 202 203 204
          205 206 207 208 209 210
          211 212 213 214 215 216
          217 218 219 220 221 222
          223 224 225 226 227 228
          229 230 231 232 233 234
          235 236 237 238 239 240
          241 242 243 244 245 246
          247 248 249 250 251 252
          253 254 255 256 257 258
          259 260 261 262 263 264
          265 266 267 268 269 270
          271 272 273 274 275 276
          277 278 279 280 281 282
          283 284 285 286 287 288
          289 290 291 292 293 294
          295 296 297 298 299 300
          301 302 303 304 305 306
          307 308 309 310 311 312
          313 314 315 316 317 318
          319 320 321 322 323 324
          325 326 327 328 329 330
          331 332 333 334 335 336
          337 338 339 340 341 342
          343 344 345 346 347 348
          349 350 351 352 353 354
          355 356 357 358 359 360
          361 362 363 364 365 366
          367 368 369 370 371 372
          373 374 375 376 377 378
          379 380 381 382 383 384
          385 386 387 388 389 390
          391 392 393 394 395 396
          397 398 399 400 401 402
          403 404 405 406 407 408
          409 410 411 412 413 414
          415 416 417 418 419 420
          421 422 423 424 425 426
          427 428 429 430 431 432
          433 434 435 436 437 438
          439 440 441 442 443 444
          445 446 447 448 449 450
          451 452 453 454 455 456
          457 458 459 460 461 462
          463 464 465 466 467 468
          469 470 471 472 473 474
          475 476 477 478 479 480
          481 482 483 484 485 486
          487 488 489 490 491 492
          493 494 495 496 497 498
          499 500 501 502 503 504
          505 506 507 508 509 510
          511 512 513 514 515 516
          517 518 519 520 521 522
          523 524 525 526 527 528
          529 530 531 532 533 534
          535 536 537 538 539 540
          541 542 543 544 545 546
          547 548 549 550 551 552
          553 554 555 556 557 558
          559 560 561 562 563 564
          565 566 567 568 569 570
          571 572 573 574 575 576
          577 578 579 580 581 582
          583 584 585 586 587 588
          589 590 591 592 593 594
          595 596 597 598 599 600
          601 602 603 604 605 606
          607 608 609 610 611 612
          613 614 615 616 617 618
          619 620 621 622 623 624
          625 626 627 628 629 630
          631 632 633 634 635 636
          637 638 639 640 641 642
          643 644 645 646 647 648
          649 650 651 652 653 654
          655 656 657 658 659 660
          661 662 663 664 665 666
          667 668 669 670 671 672
          673 674 675 676 677 678
          679 680 681 682 683 684
          685 686 687 688 689 690
          691 692 693 694 695 696
          697 698 699 700 701 702
          703 704 705 706 707 708
          709 710 711 712 713 714
          715 716 717 718 719 720
          721 722 723 724 725 726
          727 728 729 730 731 732
          733 734 735 736 737 738
          739 740 741 742 743 744
          745 746 747 748 749 750
          751 752 753 754 755 756
          757 758 759 760 761 762
          763 764 765 766 767 768
          769 770 771 772 773 774
          775 776 777 778 779 780
          781 782 783 784 785 786
          787 788 789 790 791 792
          793 794 795 796 797 798
          799 800 801 802 803 804
          805 806 807 808 809 810
          811 812 813 814 815 816
          817 818 819 820 821 822
          823 824 825 826 827 828
          829 830 831 832 833 834
          835 836 837 838 839 840
          841 842 843 844 845 846
          847 848 849 850 851 852
          853 854 855 856 857 858
          859 860 861 862 863 864
          865 866 867 868 869 870
          871 872 873 874 875 876
          877 878 879 880 881 882
          883 884 885 886 887 888
          889 890 891 892 893 894
          895 896 897 898 899 900
          901 902 903 904 905 906
          907 908 909 910 911 912
          913 914 915 916 917 918
          919 920 921 922 923 924
          925 926 927 928 929 930
          931 932 933 934 935 936
          937 938 939 940 941 942
          943 944 945 946 947 948
          949 950 951 952 953 954
          955 956 957 958 959 960
          961 962 963 964 965 966
          967 968 969 970 971 972
          973 974 975 976 977 978
          979 980 981 982 983 984
          985 986 987 988 989 990
          991 992 993 994 995 996
          997 998 999 1000 1001 1002
          1003 1004 1005 1006 1007 1008
          1009 1010 1011 1012 1013 1014
          1015 1016 1017 1018 1019 1020
          1021 1022 1023 1024 1025 1026
          1027 1028 1029 1030 1031 1032
          1033 1034 1035 1036 1037 1038
          1039 1040 1041 1042 1043 1044
          1045 1046 1047 1048 1049 1050
          1051 1052 1053 1054 1055 1056
          1057 1058 1059 1060 1061 1062
          1063 1064 1065 1066 1067 1068
          1069 1070 1071 1072 1073 1074
          1075 1076 1077 1078 1079 1080
          1081 1082 1083 1084 1085 1086
          1087 1088 1089 1090 1091 1092
          1093 1094 1095 1096 1097 1098
          1099 1100 1101 1102 1103 1104
          1105 1106 1107 1108 1109 1110
          1111 1112 1113 1114 1115 1116
          1117 1118 1119 1120 1121 1122
          1123 1124 1125 1126 1127 1128
          1129 1130 1131 1132 1133 1134
          1135 1136 1137 1138 1139 1140
          1141 1142 1143 1144 1145 1146
          1147 1148 1149 1150 1151 1152
          1153 1154 1155 1156 1157 1158
          1159 1160 1161 1162 1163 1164
          1165 1166 1167 1168 1169 1170
          1171 1172 1173 1174 1175 1176
          1177 1178 1179 1180 1181 1182
          1183 1184 1185 1186 1187 1188
          1189 1190 1191 1192 1193 1194
          1195 1196 1197 1198 1199 1200
          1201 1202 1203 1204 1205 1206
          1207 1208 1209 1210 1211 1212
          1213 1214 1215 1216 1217 1218
          1219 1220 1221 1222 1223 1224
          1225 1226 1227 1228 1229 1230
          1231 1232 1233 1234 1235 1236
          1237 1238 1239 1240 1241 1242
          1243 1244 1245 1246 1247 1248
          1249 1250 1251 1252 1253 1254
          1255 1256 1257 1258 1259 1260
          1261 1262 1263 1264 1265 1266
          1267 1268 1269 1270 1271 1272
          1273 1274 1275 1276 1277 1278
          1279 1280 1281 1282 1283 1284
          1285 1286 1287 1288 1289 1290
          1291 1292 1293 1294 1295 1296
          1297 1298 1299 1300 1301 1302
          1303 1304 1305 1306 1307 1308
          1309 1310 1311 1312 1313 1314
          1315 1316 1317 1318 1319 1320
          1321 1322 1323 1324 1325 1326
          1327 1328 1329 1330 1331 1332
          1333 1334 1335 1336 1337 1338
          1339 1340 1341 1342 1343 1344
          1345 1346 1347 1348 1349 1350
          1351 1352 1353 1354 1355 1356
          1357 1358 1359 1360 1361 1362
          1363 1364 1365 1366 1367 1368
          1369
        </DataArray>
        <DataArray type="UInt8" Name="types" format="ascii" RangeMin="1" RangeMax="1">
          1 1 1 1 1 1
          1 1 1 1 1 1
          1 1 1 1 1 1
          1 1 1 1 1 1
          1 1 1 1 1 1
          1 1 1 1 1 1
          1 1 1 1 1 1
          1 1 1 1 1 1
          1 1 1 1 1 1
          1 1 1 1 1 1
          1 1 1 1 1 1
          1 1 1 1 1 1
          1 1 1 1 1 1
          1 1 1 1 1 1
          1 1 1 1 1 1
          1 1 1 1 1 1
          1 1 1 1 1 1
          1 1 1 1 1 1
          1 1 1 1 1 1
          1 1 1 1 1 1
          1 1 1 1 1 1
          1 1 1 1 1 1
          1 1 1 1 1 1
          1 1 1 1 1 1
          1 1 1 1 1 1
          1 1 1 1 1 1
          1 1 1 1 1 1
          1 1 1 1 1 1
          1 1 1 1 1 1
          1 1 1 1 1 1
          1 1 1 1 1 1
          1 1 1 1 1 1
          1 1 1 1 1 1
          1 1 1 1 1 1
          1 1 1 1 1 1
          1 1 1 1 1 1
          1 1 1 1 1 1
          1 1 1 1 1 1
          1 1 1 1 1 1
          1 1 1 1 1 1
          1 1 1 1 1 1
          1 1 1 1 1 1
          1 1 1 1 1 1
          1 1 1 1 1 1
          1 1 1 1 1 1
          1 1 1 1 1 1
          1 1 1 1 1 1
          1 1 1 1 1 1
          1 1 1 1 1 1
          1 1 1 1 1 1
          1 1 1 1 1 1
          1 1 1 1 1 1
          1 1 1 1 1 1
          1 1 1 1 1 1
          1 1 1 1 1 1
          1 1 1 1 1 1
          1 1 1 1 1 1
          1 1 1 1 1 1
          1 1 1 1 1 1
          1 1 1 1 1 1
          1 1 1 1 1 1
          1 1 1 1 1 1
          1 1 1 1 1 1
          1 1 1 1 1 1
          1 1 1 1 1 1
          1 1 1 1 1 1
          1 1 1 1 1 1
          1 1 1 1 1 1
          1 1 1 1 1 1
          1 1 1 1 1 1
          1 1 1 1 1 1
          1 1 1 1 1 1
          1 1 1 1 1 1
          1 1 1 1 1 1
          1 1 1 1 1 1
          1 1 1 1 1 1
          1 1 1 1 1 1
          1 1 1 1 1 1
          1 1 1 1 1 1
          1 1 1 1 1 1
          1 1 1 1 1 1
          1 1 1 1 1 1
          1 1 1 1 1 1
          1 1 1 1 1 1
          1 1 1 1 1 1
          1 1 1 1 1 1
          1 1 1 1 1 1
          1 1 1 1 1 1
          1 1 1 1 1 1
          1 1 1 1 1 1
          1 1 1 1 1 1
          1 1 1 1 1 1
          1 1 1 1 1 1
          1 1 1 1 1 1
          1 1 1 1 1 1
          1 1 1 1 1 1
          1 1 1 1 1 1
          1 1 1 1 1 1
          1 1 1 1 1 1
          1 1 1 1 1 1
          1 1 1 1 1 1
          1 1 1 1 1 1
          1 1 1 1 1 1
          1 1 1 1 1 1
          1 1 1 1 1 1
          1 1 1 1 1 1
          1 1 1 1 1 1
          1 1 1 1 1 1
          1 1 1 1 1 1
          1 1 1 1 1 1
          1 1 1 1 1 1
          1 1 1 1 1 1
          1 1 1 1 1 1
          1 1 1 1 1 1
          1 1 1 1 1 1
          1 1 1 1 1 1
          1 1 1 1 1 1
          1 1 1 1 1 1
          1 1 1 1 1 1
          1 1 1 1 1 1
          1 1 1 1 1 1
          1 1 1 1 1 1
          1 1 1 1 1 1
          1 1 1 1 1 1
          1 1 1 1 1 1
          1 1 1 1 1 1
          1 1 1 1 1 1
          1 1 1 1 1 1
          1 1 1 1 1 1
          1 1 1 1 1 1
          1 1 1 1 1 1
          1 1 1 1 1 1
          1 1 1 1 1 1
          1 1 1 1 1 1
          1 1 1 1 1 1
          1 1 1 1 1 1
          1 1 1 1 1 1
          1 1 1 1 1 1
          1 1 1 1 1 1
          1 1 1 1 1 1
          1 1 1 1 1 1
          1 1 1 1 1 1
          1 1 1 1 1 1
          1 1 1 1 1 1
          1 1 1 1 1 1
          1 1 1 1 1 1
          1 1 1 1 1 1
          1 1 1 1 1 1
          1 1 1 1 1 1
          1 1 1 1 1 1
          1 1 1 1 1 1
          1 1 1 1 1 1
          1 1 1 1 1 1
          1 1 1 1 1 1
          1 1 1 1 1 1
          1 1 1 1 1 1
          1 1 1 1 1 1
          1 1 1 1 1 1
          1 1 1 1 1 1
          1 1 1 1 1 1
          1 1 1 1 1 1
          1 1 1 1 1 1
          1 1 1 1 1 1
          1 1 1 1 1 1
          1 1 1 1 1 1
          1 1 1 1 1 1
          1 1 1 1 1 1
          1 1 1 1 1 1
          1 1 1 1 1 1
          1 1 1 1 1 1
          1 1 1 1 1 1
          1 1 1 1 1 1
          1 1 1 1 1 1
          1 1 1 1 1 1
          1 1 1 1 1 1
          1 1 1 1 1 1
          1 1 1 1 1 1
          1 1 1 1 1 1
          1 1 1 1 1 1
          1 1 1 1 1 1
          1 1 1 1 1 1
          1 1 1 1 1 1
          1 1 1 1 1 1
          1 1 1 1 1 1
          1 1 1 1 1 1
          1 1 1 1 1 1
          1 1 1 1 1 1
          1 1 1 1 1 1
          1 1 1 1 1 1
          1 1 1 1 1 1
          1 1 1 1 1 1
          1 1 1 1 1 1
          1 1 1 1 1 1
          1 1 1 1 1 1
          1 1 1 1 1 1
          1 1 1 1 1 1
          1 1 1 1 1 1
          1 1 1 1 1 1
          1 1 1 1 1 1
          1 1 1 1 1 1
          1 1 1 1 1 1
          1 1 1 1 1 1
          1 1 1 1 1 1
          1 1 1 1 1 1
          1 1 1 1 1 1
          1 1 1 1 1 1
          1 1 1 1 1 1
          1 1 1 1 1 1
          1 1 1 1 1 1
          1 1 1 1 1 1
          1 1 1 1 1 1
          1 1 1 1 1 1
          1 1 1 1 1 1
          1 1 1 1 1 1
          1 1 1 1 1 1
          1 1 1 1 1 1
          1 1 1 1 1 1
          1 1 1 1 1 1
          1 1 1 1 1 1
          1 1 1 1 1 1
          1 1 1 1 1 1
          1 1 1 1 1 1
          1 1 1 1 1 1
          1 1 1 1 1 1
          1 1 1 1 1 1
          1 1 1 1 1 1
          1 1 1 1 1 1
          1 1 1 1 1 1
          1
        </DataArray>
      </Cells>
    </Piece>
  </UnstructuredGrid>
</VTKFile>
