sample_idx,wtk_time_index,timestamp,season,center_lat,center_lon,row_start,row_end,col_start,col_end,u_min,u_max,u_mean,u_std,v_min,v_max,v_mean,v_std,speed_min,speed_max,speed_mean,speed_std
0,336,20070115000000,winter_1,39.499794,-75.006409,720,1220,2102,2602,-7.587817192077637,17.920730590820312,2.937103351493828,4.011041612447315,-9.124238014221191,10.486748695373535,1.6829047999435522,4.803696386323648,0.021362304729929248,18.04864508406785,6.446256035749868,3.011391966076578
1,337,20070115010000,winter_1,39.499794,-75.006409,720,1220,2102,2602,-7.944179534912109,17.438989639282227,2.7893768880144165,4.193446125663404,-10.337348937988281,10.362006187438965,1.5476851307847272,4.853275267421246,0.06103515689244523,17.447433236066153,6.517934911699923,2.9718257695377486
2,338,20070115020000,winter_1,39.499794,-75.006409,720,1220,2102,2602,-8.764630317687988,17.51393699645996,2.590208528951567,4.3719551360408815,-11.20511531829834,10.201316833496094,1.444962693466234,4.861008519069368,0.061035159012523814,17.53898562707927,6.555896703455095,2.925869333481667
3,339,20070115030000,winter_1,39.499794,-75.006409,720,1220,2102,2602,-9.3219575881958,15.408759117126465,2.36399716907767,4.5309165993431995,-11.422816276550293,10.324049949645996,1.4148500349015505,4.851246563777214,0.10375976739643782,15.683463763920955,6.576100186299039,2.899825517025097
4,340,20070115040000,winter_1,39.499794,-75.006409,720,1220,2102,2602,-10.181527137756348,14.439441680908203,2.0921871469565336,4.690342781602253,-12.22607707977295,10.72026538848877,1.4596390571057547,4.882825997945202,0.07019043052847702,15.057830808264846,6.6371137074648,2.880593689543783
5,341,20070115050000,winter_1,39.499794,-75.006409,720,1220,2102,2602,-10.170186996459961,14.480440139770508,1.7561335750833171,4.858020869266325,-12.474424362182617,12.203892707824707,1.576704500100547,4.968159418139102,0.030517576437370807,15.83300031454431,6.762380381427398,2.8501207976732283
6,342,20070115060000,winter_1,39.499794,-75.006409,720,1220,2102,2602,-11.204171180725098,15.367609977722168,1.4201249709954165,5.0361676248637055,-11.941239356994629,12.56005859375,1.762506042767093,5.083420339790335,0.05187988114986692,17.651908570065217,6.944176020317497,2.8470596375211628
7,343,20070115070000,winter_1,39.499794,-75.006409,720,1220,2102,2602,-11.49911880493164,16.051132202148438,1.1009310582807241,5.25403579049558,-11.553403854370117,13.00851821899414,2.0484026280836742,5.169417309811414,0.04272460926304932,18.14020531289819,7.172266189247395,2.8799943824931784
8,344,20070115080000,winter_1,39.499794,-75.006409,720,1220,2102,2602,-12.392568588256836,16.79076385498047,0.8472384874184061,5.465317763227848,-9.839628219604492,14.459892272949219,2.4337806162373172,5.192702665070575,0.06408691276454212,18.433183143344266,7.419533970346628,2.902667053985494
9,345,20070115090000,winter_1,39.499794,-75.006409,720,1220,2102,2602,-13.727575302124023,20.481801986694336,0.6330577922185352,5.691488543927534,-9.478883743286133,14.191424369812012,2.889742595939999,5.178630579104268,0.048828122537391404,21.768852146656293,7.712294636052597,2.9125834591106834
10,346,20070115100000,winter_1,39.499794,-75.006409,720,1220,2102,2602,-14.398106575012207,21.42913818359375,0.5465256410867665,5.8952671635710665,-9.223332405090332,14.731834411621094,3.4307810950634674,5.114137154295147,0.09460449775323305,22.125921956246536,8.029763809938867,2.9155473102022476
11,347,20070115110000,winter_1,39.499794,-75.006409,720,1220,2102,2602,-15.108221054077148,22.188953399658203,0.6397889114718806,6.069503117301766,-8.759028434753418,15.647263526916504,4.02334698997193,5.045546698518568,0.027465819901661127,22.68746203911292,8.399754292844928,2.8874189600158866
12,348,20070115120000,winter_1,39.499794,-75.006409,720,1220,2102,2602,-15.285441398620605,22.4608154296875,0.8832547676942486,6.203178098079421,-9.319954872131348,16.746206283569336,4.585242300551387,5.006189344642935,0.13733672602725724,23.468736035873686,8.782775687318395,2.86509815478946
13,349,20070115130000,winter_1,39.499794,-75.006409,720,1220,2102,2602,-15.780037879943848,25.301525115966797,1.2465109526749356,6.263289992120333,-11.37401008605957,18.015666961669922,5.137388188404236,5.003712372601467,0.13733673264807342,25.940734414388082,9.150761098595302,2.9113669131609865
14,350,20070115140000,winter_1,39.499794,-75.006409,720,1220,2102,2602,-16.834627151489258,27.392850875854492,1.7634722788139272,6.215343449487796,-11.832342147827148,19.186147689819336,5.509168056747324,5.086260362276374,0.07629394578182773,27.820670907597197,9.424685190433022,3.022683391428445
15,351,20070115150000,winter_1,39.499794,-75.006409,720,1220,2102,2602,-16.468700408935547,28.427457809448242,2.3309847274775812,6.033985257111316,-11.669394493103027,18.872526168823242,5.757542406547901,5.228834305661474,0.09155273414395955,28.839989322421655,9.577839409893839,3.25537446084388
16,352,20070115160000,winter_1,39.499794,-75.006409,720,1220,2102,2602,-16.15127944946289,29.483434677124023,3.0011146331565106,5.860445444018757,-10.736371040344238,19.277603149414062,5.977687412809184,5.35458606028126,0.04577636581349431,29.734184588282773,9.783981196642731,3.4683656770334355
17,353,20070115170000,winter_1,39.499794,-75.006409,720,1220,2102,2602,-16.05855941772461,27.5345401763916,3.6847565681124004,5.648993177264761,-11.05223274230957,19.295488357543945,6.1602240613350014,5.446874261488796,0.08239746550926842,27.832876656462712,9.99360785090134,3.6377406053420285
18,354,20070115180000,winter_1,39.499794,-75.006409,720,1220,2102,2602,-16.191606521606445,26.891223907470703,4.341930881372421,5.385618700831649,-11.410541534423828,18.787364959716797,6.292850598502416,5.502915647755587,0.11901855295961024,27.256079865369546,10.16743714607596,3.7897920432846104
19,355,20070115190000,winter_1,39.499794,-75.006409,720,1220,2102,2602,-15.32680606842041,26.724821090698242,4.942964035544307,5.102092544866857,-12.4386568069458,17.48188591003418,6.409215069919417,5.494394014334396,0.10070800996815195,27.12485528352925,10.311690883048309,3.92424213355453
20,356,20070115200000,winter_1,39.499794,-75.006409,720,1220,2102,2602,-13.783271789550781,26.357221603393555,5.462989136207674,4.757203956118284,-12.678140640258789,18.74085807800293,6.504694356468728,5.436682989207295,0.04577636773838245,26.79524891384844,10.39569810340954,4.03401429365463
21,357,20070115210000,winter_1,39.499794,-75.006409,720,1220,2102,2602,-11.500057220458984,24.28775405883789,5.913076074502064,4.376680073171509,-13.347006797790527,18.18415069580078,6.566506644145462,5.41412747206425,0.05798339895222864,24.542983721857414,10.499380149219958,4.039133496095233
22,358,20070115220000,winter_1,39.499794,-75.006409,720,1220,2102,2602,-10.65516185760498,23.358858108520508,6.38178742190614,4.066921604335382,-12.476490020751953,17.821090698242188,6.705613368154854,5.557368038123855,0.2777175942924052,23.444321465540245,10.838254059735469,3.9558691997049897
23,359,20070115230000,winter_1,39.499794,-75.006409,720,1220,2102,2602,-11.178435325622559,23.701841354370117,6.804421425157554,3.8545840559329276,-12.007035255432129,16.929967880249023,6.691034073689909,5.7312048260065716,0.0915527360824449,25.275428988393333,11.111660852832136,3.9122382340488584
24,360,20070116000000,winter_1,39.499794,-75.006409,720,1220,2102,2602,-9.260676383972168,23.979827880859375,7.130766644041896,3.7592317367275414,-10.531103134155273,16.1569881439209,6.542133908752241,5.882270195083,0.10375976872648604,24.219489444479134,11.266568849970463,3.9299747148147075
25,361,20070116010000,winter_1,39.499794,-75.006409,720,1220,2102,2602,-6.04900598526001,23.823270797729492,7.374163333036477,3.7380847397544863,-9.957988739013672,15.636404991149902,6.33018241444428,6.010170182464988,0.11291503682345633,24.08825726558268,11.334298790961792,4.009811507218001
26,362,20070116020000,winter_1,39.499794,-75.006409,720,1220,2102,2602,-5.426278114318848,25.823801040649414,7.577873423943564,3.732833367883633,-9.436637878417969,15.334871292114258,5.996971096319997,6.180032401404299,0.11291503513691555,25.94378692855113,11.349818407643163,4.086110070436731
27,363,20070116030000,winter_1,39.499794,-75.006409,720,1220,2102,2602,-7.141839027404785,25.117521286010742,7.738050938993874,3.701530600342639,-10.245473861694336,15.321840286254883,5.557099990202371,6.383207671150583,0.05493164023228537,25.128944280309135,11.314448235617679,4.145928450589532
28,364,20070116040000,winter_1,39.499794,-75.006409,720,1220,2102,2602,-7.434591770172119,23.77481460571289,7.8917936736787775,3.6656008418748303,-11.364861488342285,15.316936492919922,5.039842983177211,6.611966920272129,0.10681152180101108,23.807487944900117,11.286266824980997,4.177959062156629
29,365,20070116050000,winter_1,39.499794,-75.006409,720,1220,2102,2602,-7.357080459594727,23.455673217773438,8.048784509115587,3.647977257210293,-11.762953758239746,16.062694549560547,4.384729010932087,6.8207739956916145,0.054931641477425165,23.471786860630267,11.229274570479713,4.212228527002379
30,366,20070116060000,winter_1,39.499794,-75.006409,720,1220,2102,2602,-8.216001510620117,23.277320861816406,8.229955633996024,3.6506905475327835,-13.424155235290527,17.01725959777832,3.5953328552302315,6.9356220411583696,0.07629394766326911,23.4107512485203,11.16478786706296,4.175702878866216
31,367,20070116070000,winter_1,39.499794,-75.006409,720,1220,2102,2602,-8.818224906921387,23.050090789794922,8.37586600827744,3.698815317911699,-12.816646575927734,16.927248001098633,2.7220345099556305,6.9309596596746745,0.11901855270689127,23.166603698115345,11.058800982877608,4.12152406800785
32,368,20070116080000,winter_1,39.499794,-75.006409,720,1220,2102,2602,-8.021312713623047,22.827333450317383,8.48638180937412,3.763209235800169,-13.354050636291504,16.793977737426758,1.7606808309177604,6.818618175339386,0.1098632794606826,23.288674287106453,10.934639899159059,4.0258689809824055
33,369,20070116090000,winter_1,39.499794,-75.006409,720,1220,2102,2602,-7.304775714874268,23.654312133789062,8.53833713153316,3.8511605726047633,-14.620335578918457,16.8565731048584,0.7069785200080555,6.59739409453456,0.15869903062302926,24.20117923624238,10.804953224937982,3.8746679858999418
34,370,20070116100000,winter_1,39.499794,-75.006409,720,1220,2102,2602,-5.844627857208252,25.205883026123047,8.500436534045033,3.911461370751113,-16.351438522338867,15.992757797241211,-0.38993984620156164,6.273907171780609,0.19837189077214198,25.43718014054935,10.65960997957984,3.66655569863918
35,371,20070116110000,winter_1,39.499794,-75.006409,720,1220,2102,2602,-5.8550920486450195,24.319976806640625,8.350356789890748,3.9312962050908657,-18.28451156616211,15.87405776977539,-1.535370231739332,5.896387670563493,0.14344024499967184,26.306954212474267,10.516924683103523,3.4209052735567935
36,372,20070116120000,winter_1,39.499794,-75.006409,720,1220,2102,2602,-5.7529754638671875,23.879159927368164,8.0383335290807,3.9006983189747615,-20.33988380432129,13.354533195495605,-2.609499582602329,5.497273222029247,0.09765624715613394,25.971252530395088,10.332431427678301,3.1781464789972773
37,373,20070116130000,winter_1,39.499794,-75.006409,720,1220,2102,2602,-5.8429856300354,25.304977416992188,7.6421706357737005,3.856355317156339,-21.9407901763916,12.666643142700195,-3.5876883907133643,5.099480223043421,0.08850097642300013,28.006834981205223,10.151361665463636,3.016672211140548
38,374,20070116140000,winter_1,39.499794,-75.006409,720,1220,2102,2602,-6.202874660491943,25.097957611083984,7.221836335346875,3.715465677146543,-22.377988815307617,12.321218490600586,-4.488045884869916,4.682386516512795,0.20752716034062407,28.65993537112712,10.000891887026519,2.830029341069832
39,375,20070116150000,winter_1,39.499794,-75.006409,720,1220,2102,2602,-5.432230472564697,24.092870712280273,6.883193316085173,3.551070702583905,-21.357465744018555,11.108344078063965,-5.136341171732167,4.281298184979277,0.10681152745578472,28.040403870106775,9.860036554775675,2.7348943820510856
40,376,20070116160000,winter_1,39.499794,-75.006409,720,1220,2102,2602,-3.78926157951355,23.930912017822266,6.664619716858605,3.289940108474868,-20.211925506591797,11.915616035461426,-5.598078562380864,3.957882284530533,0.25940704529556713,28.183846120236137,9.773184742282641,2.594038868192747
41,377,20070116170000,winter_1,39.499794,-75.006409,720,1220,2102,2602,-3.5955121517181396,23.150802612304688,6.510154808002062,2.9729336292752633,-20.08707618713379,11.071085929870605,-5.996312477612926,3.7586248926594568,0.07019042888716483,27.497176719844454,9.765278626039782,2.4377874716501644
42,378,20070116180000,winter_1,39.499794,-75.006409,720,1220,2102,2602,-3.615156888961792,21.251914978027344,6.44126265156646,2.7025727775009454,-19.5003604888916,11.021659851074219,-6.378228965041417,3.642245645453854,0.3967437765451891,25.763724857775944,9.867998446483307,2.3160589147683797
43,379,20070116190000,winter_1,39.499794,-75.006409,720,1220,2102,2602,-3.395782947540283,18.568078994750977,6.418917643127751,2.4960019429564135,-18.47418785095215,13.07961654663086,-6.803276313080378,3.497872066776042,0.37538145863134675,24.161505883743953,10.049283026113812,2.2280299946841784
44,380,20070116200000,winter_1,39.499794,-75.006409,720,1220,2102,2602,-3.153968095779419,18.61186408996582,6.392023874270039,2.3930672727413884,-18.552488327026367,11.985180854797363,-7.236846271211829,3.30952570326987,0.35706328719623587,24.29273102027811,10.25921640556742,2.1582685788837392
45,381,20070116210000,winter_1,39.499794,-75.006409,720,1220,2102,2602,-3.545452117919922,22.67348861694336,6.285415972817248,2.415293279371238,-20.473464965820312,10.018465995788574,-7.648396918936788,3.1816960228330835,0.35095978812281303,24.112671776642134,10.434006641035714,2.256715755884718
46,382,20070116220000,winter_1,39.499794,-75.006409,720,1220,2102,2602,-4.649234294891357,19.430057525634766,6.073390058900566,2.6006695784811007,-21.5208683013916,9.752490043640137,-8.085055948190893,3.0916972727209546,0.3326492346567925,25.611129426624053,10.596517479758077,2.5080047999750668
47,383,20070116230000,winter_1,39.499794,-75.006409,720,1220,2102,2602,-4.708282470703125,20.077608108520508,5.975923475643496,2.7090024518032862,-22.934141159057617,9.252837181091309,-8.752469831366108,3.0007705961175333,0.1281814582024822,26.740319085468943,11.011659687987173,2.721040041248744
48,384,20070117000000,winter_1,39.499794,-75.006409,720,1220,2102,2602,-4.34571647644043,21.371152877807617,5.7719469530641145,2.7581845915265673,-24.849361419677734,6.36128044128418,-9.349520047860764,2.9424290185156097,0.08544921737593772,27.661979702042498,11.328474505865437,2.9427933828644264
49,385,20070117010000,winter_1,39.499794,-75.006409,720,1220,2102,2602,-4.608503341674805,20.826936721801758,5.544653558854835,2.7297113164448783,-24.595230102539062,4.234105110168457,-9.799372244092867,3.028184495575258,0.13123321817063371,27.817619488242716,11.554632386275385,3.1436563257495
50,386,20070117020000,winter_1,39.499794,-75.006409,720,1220,2102,2602,-5.205001354217529,19.239038467407227,5.33548852792402,2.721956278706934,-25.071805953979492,3.608614206314087,-10.08666330348609,3.214121292762948,0.2166824418367919,27.442245900321566,11.69741089892115,3.3344286405749832
51,387,20070117030000,winter_1,39.499794,-75.006409,720,1220,2102,2602,-6.361218452453613,18.37559700012207,5.145116728297143,2.743087557914149,-25.234542846679688,4.3928751945495605,-10.252869244177521,3.4469506536071237,0.06408691485495746,27.445298144874013,11.764995207069788,3.5474554010466965
52,388,20070117040000,winter_1,39.499794,-75.006409,720,1220,2102,2602,-7.010879993438721,18.63323974609375,4.942896855666029,2.7983126759415176,-23.913793563842773,3.4463605880737305,-10.302438389789932,3.660188112220898,0.17090607218623094,25.71794788721225,11.73131939493564,3.7651218047170074
53,389,20070117050000,winter_1,39.499794,-75.006409,720,1220,2102,2602,-7.589522838592529,18.56940269470215,4.714551983819766,2.8809189458838027,-22.70189094543457,5.285681247711182,-10.275811034188653,3.890967456063434,0.1190185565710219,25.40971307462836,11.629502453247467,4.001660558480729
54,390,20070117060000,winter_1,39.499794,-75.006409,720,1220,2102,2602,-6.695840358734131,18.302783966064453,4.496303492893353,2.942848845011562,-21.598873138427734,5.018711566925049,-10.16604514760885,4.147465167235381,0.09155272876947385,24.79018452874529,11.469551320039095,4.228053712813093
55,391,20070117070000,winter_1,39.499794,-75.006409,720,1220,2102,2602,-6.7385969161987305,19.485366821289062,4.253958628296072,3.0134671143981646,-21.357675552368164,3.4492087364196777,-9.983109501602806,4.432477799187323,0.033569337184815376,25.025178187248436,11.253594746539099,4.454558126544328
56,392,20070117080000,winter_1,39.499794,-75.006409,720,1220,2102,2602,-7.097631931304932,19.36409568786621,3.98746074219828,3.1066759521168237,-21.294445037841797,3.893589973449707,-9.753598668255494,4.749053025712621,0.0488281248669043,25.85527780937074,11.01555424804582,4.67921306127629
57,393,20070117090000,winter_1,39.499794,-75.006409,720,1220,2102,2602,-9.074820518493652,21.771413803100586,3.6939897370216976,3.166622852824293,-22.32111358642578,3.9234814643859863,-9.532057424451706,5.061203540092333,0.03967285050310176,25.995665641725545,10.789367353295559,4.872218447707233
58,394,20070117100000,winter_1,39.499794,-75.006409,720,1220,2102,2602,-7.861400127410889,21.09067726135254,3.2894716758964706,3.213867751114874,-20.93797492980957,4.667312145233154,-9.258007645923275,5.318337043480842,0.042724609861715966,25.421921840533876,10.50018677336131,4.989094309866661
59,395,20070117110000,winter_1,39.499794,-75.006409,720,1220,2102,2602,-10.04403018951416,20.133892059326172,2.8819806598832614,3.2795748550474744,-20.6735897064209,5.431395053863525,-8.944334165655405,5.536634443143335,0.042724610491549644,24.207282927305975,10.196983970225917,5.073300334956348
60,396,20070117120000,winter_1,39.499794,-75.006409,720,1220,2102,2602,-11.033873558044434,19.041858673095703,2.496660931845801,3.338299808313419,-19.830551147460938,6.561666011810303,-8.585797256719092,5.694993967891422,0.03967285019927429,22.946869277407934,9.87700251465993,5.096199914838187
61,397,20070117130000,winter_1,39.499794,-75.006409,720,1220,2102,2602,-11.269903182983398,17.98572540283203,2.1348796072458844,3.3918621365788946,-19.609107971191406,7.230694770812988,-8.181741078436195,5.779620073071838,0.01831054625567145,21.964171989709683,9.538699723217137,5.041878870511905
62,398,20070117140000,winter_1,39.499794,-75.006409,720,1220,2102,2602,-11.111588478088379,15.931632995605469,1.7324073667871482,3.3350853015936317,-19.45761489868164,7.33441686630249,-7.836116646932774,5.748105214058058,0.012207031180442173,20.221565344567978,9.151371883949333,4.982154107540663
63,399,20070117150000,winter_1,39.499794,-75.006409,720,1220,2102,2602,-9.104516983032227,14.379372596740723,1.4547849223101768,3.3206759665771104,-19.582252502441406,6.5673112869262695,-7.446973389542513,5.61492578350152,0.015258788928316135,19.653922426533153,8.744840124812939,4.86372937728138
64,400,20070117160000,winter_1,39.499794,-75.006409,720,1220,2102,2602,-9.20507526397705,13.254623413085938,1.2958621037139069,3.3789256594704065,-18.41034698486328,5.852660655975342,-7.040921167836062,5.479445014502882,0.030517578521186178,18.445387816296595,8.418818902076625,4.6710570598900985
65,401,20070117170000,winter_1,39.499794,-75.006409,720,1220,2102,2602,-8.052281379699707,12.773804664611816,1.1691634909899769,3.450271527059781,-19.258649826049805,6.449866771697998,-6.579858839609217,5.4127129227136965,0.048828125458392574,19.41893056903687,8.116081613331126,4.471301785581815
66,402,20070117180000,winter_1,39.499794,-75.006409,720,1220,2102,2602,-8.880755424499512,12.820819854736328,1.06161418490829,3.519101885074319,-17.687097549438477,7.202515125274658,-6.109470204358461,5.382321909666427,0.03967285216578729,17.813651555418254,7.828984333853685,4.3026878079433954
67,403,20070117190000,winter_1,39.499794,-75.006409,720,1220,2102,2602,-9.93175983428955,12.702692031860352,0.9296600460565945,3.5819468586082306,-18.283411026000977,7.5911688804626465,-5.652276764263513,5.37727333599956,0.0396728510710785,18.283638259646455,7.559802813751222,4.172204892645072
68,404,20070117200000,winter_1,39.499794,-75.006409,720,1220,2102,2602,-10.700693130493164,12.96914291381836,0.7392428404584285,3.609697783115533,-17.311634063720703,8.867616653442383,-5.202034237076364,5.396105860784854,0.042724607147494306,17.535934291017707,7.281681958859798,4.090553089390883
69,405,20070117210000,winter_1,39.499794,-75.006409,720,1220,2102,2602,-12.030152320861816,14.601105690002441,0.41913639480643,3.6301080298923023,-15.84284496307373,9.113986015319824,-4.71745517317149,5.50239033269435,0.030517577283993493,16.635642686558064,7.057900915363555,4.008750051981403
70,406,20070117220000,winter_1,39.499794,-75.006409,720,1220,2102,2602,-12.324779510498047,14.299060821533203,0.00042271063736174256,3.808069513273044,-15.749723434448242,10.945587158203125,-4.246326292610466,5.774362582384193,0.033569335025752274,16.382338911272278,7.165560476403791,3.811913806968534
71,407,20070117230000,winter_1,39.499794,-75.006409,720,1220,2102,2602,-13.994163513183594,12.475799560546875,-0.4390167593814011,4.003827893070585,-16.56348991394043,13.00073528289795,-3.77279881317269,6.00406279028306,0.018310547377968753,17.194130880876983,7.300207083167498,3.634987060438832
72,408,20070118000000,winter_1,39.499794,-75.006409,720,1220,2102,2602,-15.233095169067383,10.449865341186523,-0.8662771853258573,4.101050604088894,-14.813204765319824,14.731945037841797,-3.289249085812354,6.15604192984481,0.024414061380945384,17.441329930407434,7.351039586111243,3.4996115517388837
73,409,20070118010000,winter_1,39.499794,-75.006409,720,1220,2102,2602,-15.611438751220703,11.552645683288574,-1.2887475581408887,4.116621864846609,-13.828207969665527,16.353227615356445,-2.7790947026284365,6.226411199036158,0.04272460883238328,19.470810149144572,7.336764792705464,3.357214918489007
74,410,20070118020000,winter_1,39.499794,-75.006409,720,1220,2102,2602,-15.899911880493164,11.351655960083008,-1.6803417226015134,4.089086700108198,-13.520339012145996,16.946924209594727,-2.21395918404571,6.242107646426426,0.0610351562129155,20.065916819878893,7.295102146090675,3.1923637264597553
75,411,20070118030000,winter_1,39.499794,-75.006409,720,1220,2102,2602,-15.836321830749512,11.993196487426758,-2.0010340275348106,4.014433070255413,-12.12210750579834,18.576316833496094,-1.6104738613739764,6.212374372442219,0.04882812557367245,20.31616907401861,7.226560966364004,3.013942278127156
76,412,20070118040000,winter_1,39.499794,-75.006409,720,1220,2102,2602,-15.05689525604248,11.827324867248535,-2.2407188388616377,3.9273730972487666,-11.51233959197998,19.549596786499023,-1.0066297439701875,6.135378642614864,0.03356933679204468,19.995727776089346,7.125046449292015,2.88703446203092
77,413,20070118050000,winter_1,39.499794,-75.006409,720,1220,2102,2602,-14.812799453735352,12.679869651794434,-2.4287556856776558,3.829134066539503,-11.52624797821045,19.5340518951416,-0.41309165529391323,6.0111124818964345,0.045776364467872255,20.050659617480406,7.0029061281922305,2.797238928954259
78,414,20070118060000,winter_1,39.499794,-75.006409,720,1220,2102,2602,-14.892231941223145,12.749991416931152,-2.5197287917337143,3.738229681624645,-11.098593711853027,19.16427230834961,0.150090882102223,5.873411174193408,0.05493164058411379,20.21546158807267,6.858488590385202,2.7935666603926856
79,415,20070118070000,winter_1,39.499794,-75.006409,720,1220,2102,2602,-15.71520709991455,14.364232063293457,-2.538394484794156,3.6682450574079613,-10.946639060974121,19.2276611328125,0.6956695725195946,5.729866931176386,0.048828127675625624,20.17273723390224,6.721338351405555,2.8352090453217884
80,416,20070118080000,winter_1,39.499794,-75.006409,720,1220,2102,2602,-14.303634643554688,17.010787963867188,-2.4794985860502905,3.603380802139822,-10.74389362335205,19.10089111328125,1.189390665303055,5.590104084326495,0.024414062975139355,19.541000037611333,6.586028672870433,2.901793685274257
81,417,20070118090000,winter_1,39.499794,-75.006409,720,1220,2102,2602,-13.735895156860352,16.788532257080078,-2.4232032147300666,3.5698436526286965,-10.481805801391602,18.838693618774414,1.6276239539597455,5.4690566396802485,0.07629394749237578,19.321265590224268,6.498097914224196,2.991682015987134
82,418,20070118100000,winter_1,39.499794,-75.006409,720,1220,2102,2602,-13.464852333068848,16.872859954833984,-2.3830632182570097,3.549160067262935,-10.98616886138916,18.396560668945312,2.0469726429461375,5.376500603685594,0.05493164287936336,18.51252675236125,6.455909948015515,3.1134562741074507
83,419,20070118110000,winter_1,39.499794,-75.006409,720,1220,2102,2602,-13.2326021194458,19.25504493713379,-2.325902179282842,3.5692739368336115,-10.209299087524414,18.803319931030273,2.479785325299534,5.283429396862175,0.01831054630116968,20.084229619049683,6.459600836522986,3.2383724102922815
84,420,20070118120000,winter_1,39.499794,-75.006409,720,1220,2102,2602,-12.934955596923828,19.467044830322266,-2.278276362046246,3.6140662710858895,-9.519706726074219,19.86011505126953,2.9172370534507257,5.1739698034498876,0.030517577971675793,20.972320589300253,6.522550404021469,3.314904217876566
85,421,20070118130000,winter_1,39.499794,-75.006409,720,1220,2102,2602,-13.572068214416504,18.526721954345703,-2.2094938640953723,3.67506783804133,-9.585530281066895,20.19698143005371,3.3182896927283108,5.054919798610249,0.030517577711308547,21.259193248632794,6.627338037341257,3.321089872878997
86,422,20070118140000,winter_1,39.499794,-75.006409,720,1220,2102,2602,-14.324026107788086,17.380544662475586,-2.0328462450722933,3.7482619302949396,-8.802040100097656,20.39398956298828,3.4047256754898485,4.595533200599261,0.030517577036021617,20.484023540407676,6.383550687722871,3.184853889054508
87,423,20070118150000,winter_1,39.499794,-75.006409,720,1220,2102,2602,-13.425980567932129,15.201066970825195,-1.8855770593638588,3.803420071939798,-8.452008247375488,19.789688110351562,3.508425771201197,4.143915393582067,0.027465820548060706,20.575575844405417,6.150184519688564,3.1109036702238293
88,424,20070118160000,winter_1,39.499794,-75.006409,720,1220,2102,2602,-12.818853378295898,13.693625450134277,-1.7415020319723944,3.884508833689037,-8.888721466064453,19.281492233276367,3.9219589141650415,3.9543370540078855,0.021362305188092536,20.07507279343328,6.307069267588147,3.0596827811581453
89,425,20070118170000,winter_1,39.499794,-75.006409,720,1220,2102,2602,-13.215815544128418,13.13409423828125,-1.5767833741438493,3.9656382167415916,-8.194353103637695,18.40681266784668,4.405643515826933,3.899936499930821,0.02136230515824524,20.206306211777754,6.589392961889781,3.0678383531235602
90,426,20070118180000,winter_1,39.499794,-75.006409,720,1220,2102,2602,-12.668806076049805,12.716975212097168,-1.3970064351907099,3.991522035798082,-8.517929077148438,18.10749626159668,4.840363079794958,3.935942809929421,0.015258788747802125,19.165626911239332,6.871682036573131,3.0959040162352096
91,427,20070118190000,winter_1,39.499794,-75.006409,720,1220,2102,2602,-12.1880521774292,12.325958251953125,-1.232928733892274,3.9603255875927785,-8.608476638793945,18.084030151367188,5.2031961367555,4.047387227706722,0.021362304722325955,19.849235018104952,7.113432078391407,3.1714301974444052
92,428,20070118200000,winter_1,39.499794,-75.006409,720,1220,2102,2602,-12.302075386047363,12.334392547607422,-1.1268517846189583,3.841119397485864,-8.330391883850098,20.558231353759766,5.449236158002152,4.231074336361655,0.03967285079721569,20.642722490386202,7.273925692933328,3.2726385271553897
93,429,20070118210000,winter_1,39.499794,-75.006409,720,1220,2102,2602,-11.389751434326172,12.224237442016602,-1.0436930479933269,3.7145763133902574,-8.876595497131348,18.57628631591797,5.809599654449562,4.543169454587373,0.024414062257813868,20.954011113753005,7.5894057563375625,3.417620439746932
94,430,20070118220000,winter_1,39.499794,-75.006409,720,1220,2102,2602,-11.183104515075684,14.283287048339844,-0.7715605824264086,3.7113281581061086,-9.165657043457031,18.59129524230957,6.328704000298541,4.91540698878769,0.030517577875654067,21.22867626786382,8.109668094518064,3.579981286973279
95,431,20070118230000,winter_1,39.499794,-75.006409,720,1220,2102,2602,-10.693848609924316,18.406665802001953,-0.28217614018601733,3.7396711485800287,-9.066739082336426,19.34886932373047,6.549458748215279,5.221288956280506,0.045776366294214,20.93264724008169,8.378616276540697,3.7444387060879882
96,432,20070119000000,winter_1,39.499794,-75.006409,720,1220,2102,2602,-10.626387596130371,20.499427795410156,0.21469093694026678,3.8080903244366864,-9.587610244750977,18.69969940185547,6.57362921733067,5.492655934723946,0.10375976218267116,20.773949055849595,8.52731048075762,3.9005756480852236
97,433,20070119010000,winter_1,39.499794,-75.006409,720,1220,2102,2602,-10.367294311523438,21.167573928833008,0.6858475829597979,3.9240680766086986,-8.900787353515625,20.194652557373047,6.478780882813415,5.759449360244054,0.07019043136313403,21.533859420571027,8.628574942434058,4.069674471064558
98,434,20070119020000,winter_1,39.499794,-75.006409,720,1220,2102,2602,-9.660759925842285,23.058650970458984,1.104687797691113,4.046303599760464,-9.889411926269531,21.38675308227539,6.28216582454241,6.026382128003781,0.03967285329326612,23.316137955563864,8.687419061127265,4.231376490923108
99,435,20070119030000,winter_1,39.499794,-75.006409,720,1220,2102,2602,-9.011080741882324,24.21177101135254,1.5465846130200052,4.127494525389216,-9.362726211547852,21.873016357421875,6.047931410624158,6.288952675376709,0.06103515455638102,24.21338697931168,8.739975953989582,4.3782822484136705
100,436,20070119040000,winter_1,39.499794,-75.006409,720,1220,2102,2602,-9.77204704284668,24.52518653869629,2.038519362122602,4.2109989766968345,-9.922283172607422,22.425424575805664,5.760241423780808,6.556918941254006,0.07019043472955953,24.567397313968645,8.815509445854191,4.510923857034388
101,437,20070119050000,winter_1,39.499794,-75.006409,720,1220,2102,2602,-9.541851043701172,25.580224990844727,2.521853980401749,4.326721420892973,-11.910694122314453,23.11522674560547,5.330341834106389,6.812374630449051,0.04272461035562124,25.608077475646542,8.85691021021938,4.632105293989379
102,438,20070119060000,winter_1,39.499794,-75.006409,720,1220,2102,2602,-10.99073314666748,24.590913772583008,3.032547328996059,4.410303570620375,-12.134828567504883,23.235931396484375,4.814430941558033,7.110882407564137,0.09460449625939131,24.67116558921365,8.937150496487634,4.745298283142515
103,439,20070119070000,winter_1,39.499794,-75.006409,720,1220,2102,2602,-10.497536659240723,25.08216667175293,3.60357177236783,4.422722698823711,-12.604410171508789,26.805397033691406,4.306782686644286,7.442704399328794,0.12207794179398834,27.21640871480141,9.089244698906358,4.88610911446588
104,440,20070119080000,winter_1,39.499794,-75.006409,720,1220,2102,2602,-11.37200927734375,26.172300338745117,4.28409937868114,4.257373576458746,-14.382237434387207,27.680572509765625,3.7547111922277714,7.745727160130847,0.08544922098303781,28.986481079405777,9.27629378838852,4.952096140391356
105,441,20070119090000,winter_1,39.499794,-75.006409,720,1220,2102,2602,-9.052433967590332,27.058666229248047,5.057988800878389,3.9861658947842726,-17.79938316345215,27.78582763671875,3.0619235271221146,7.883898947608621,0.021362305033806508,30.84505319447161,9.447864530124194,4.87256230057881
106,442,20070119100000,winter_1,39.499794,-75.006409,720,1220,2102,2602,-9.604186058044434,26.616334915161133,5.931412357281486,3.7873773201046936,-16.56024932861328,26.204559326171875,2.1174953963002574,7.728624501578934,0.06103515545961966,30.210273607881774,9.614911633307344,4.614626446464008
107,443,20070119110000,winter_1,39.499794,-75.006409,720,1220,2102,2602,-10.127277374267578,26.33159065246582,6.945818195319988,3.6267042589982506,-17.505428314208984,28.07591438293457,1.047939873938691,7.3783288269224645,0.07019043017053701,30.353705578617518,9.888007287811448,4.377510744526808
108,444,20070119120000,winter_1,39.499794,-75.006409,720,1220,2102,2602,-9.634544372558594,26.53648567199707,7.968897087712569,3.5961089435938094,-20.804040908813477,28.276567459106445,-0.12072004486246803,6.832250678949811,0.03356933676317247,30.20111798174609,10.261546078374343,4.2225839339664
109,445,20070119130000,winter_1,39.499794,-75.006409,720,1220,2102,2602,-8.254977226257324,27.165512084960938,8.901871001576088,3.5020176401314926,-19.844249725341797,33.52752685546875,-1.4108443108530082,5.936900536238076,0.039672853592837905,34.62325299532377,10.59155541417437,4.069847470804928
110,446,20070119140000,winter_1,39.499794,-75.006409,720,1220,2102,2602,-8.169539451599121,28.97137451171875,9.368350872232373,3.4030764876469495,-21.006643295288086,36.2430419921875,-2.91378475524279,4.346603206078227,0.05493164078126041,37.281411855337886,10.533951995722349,3.9706276618218057
111,447,20070119150000,winter_1,39.499794,-75.006409,720,1220,2102,2602,-5.839627265930176,29.005599975585938,9.848234951234353,3.3234245120438044,-22.140949249267578,8.350876808166504,-3.5725104043915348,3.6194193739003335,0.09460449244793975,32.08105431633721,10.904079010404008,3.8725921900563103
112,448,20070119160000,winter_1,39.499794,-75.006409,720,1220,2102,2602,-4.894298076629639,28.384906768798828,10.515736274840648,3.110621588322399,-23.32649040222168,7.9401164054870605,-3.849361857444307,3.372673889748972,0.10986328238252226,32.026122518198086,11.54821885370383,3.6177110513192994
113,449,20070119170000,winter_1,39.499794,-75.006409,720,1220,2102,2602,-5.0705976486206055,28.997215270996094,11.045783564268168,2.939243850895275,-23.228803634643555,7.287703037261963,-4.032112583479807,3.180712328903095,0.05493163838992787,31.119721302257307,12.062482652354584,3.3940925194254157
114,450,20070119180000,winter_1,39.499794,-75.006409,720,1220,2102,2602,-4.878572940826416,28.973987579345703,11.48279340330603,2.893405777205606,-22.354516983032227,6.835781097412109,-4.123115977318308,3.060418353198779,0.12512970356197758,30.37201634766382,12.480916165535177,3.289273303097719
115,451,20070119190000,winter_1,39.499794,-75.006409,720,1220,2102,2602,-3.9593160152435303,29.885299682617188,11.816345516191989,2.962812724312,-20.94284439086914,7.552646160125732,-4.129670792472323,2.9576482339354273,0.07629394460969087,31.055634381498308,12.777833620135407,3.306525745161103
116,452,20070119200000,winter_1,39.499794,-75.006409,720,1220,2102,2602,-5.290519714355469,32.227638244628906,11.941207340374783,3.14412223415717,-19.9278507232666,10.594057083129883,-4.001942327498941,2.911461041349857,0.12818146463651542,33.39030431776841,12.845807474445305,3.457645945806589
117,453,20070119210000,winter_1,39.499794,-75.006409,720,1220,2102,2602,-7.087798595428467,32.93777084350586,11.863919301754335,3.5190432307843413,-19.473190307617188,10.944727897644043,-3.7265569677734094,3.002611208825058,0.16785431097474754,34.02813665352669,12.717602469396688,3.781763450360936
118,454,20070119220000,winter_1,39.499794,-75.006409,720,1220,2102,2602,-9.121167182922363,32.28654098510742,12.201937539812526,3.660162689034952,-19.61040687561035,12.367899894714355,-3.6760134262986472,3.2082140759173634,0.11291504455800244,33.41777050663871,13.093402205128632,3.827871679884864
119,455,20070119230000,winter_1,39.499794,-75.006409,720,1220,2102,2602,-8.036674499511719,33.42131805419922,12.517152890169367,3.58395147100801,-20.68017578125,11.914410591125488,-3.9237896537484374,3.3030865281576767,0.21057891378085042,34.69649353605155,13.483026562948703,3.746775304791512
120,456,20070120000000,winter_1,39.499794,-75.006409,720,1220,2102,2602,-8.071683883666992,34.20476150512695,12.576839594018839,3.640274138491769,-21.14189910888672,12.119526863098145,-4.257351448378136,3.384358233125607,0.0976562495646116,35.48997627898701,13.669028406086438,3.7636517394395734
121,457,20070120010000,winter_1,39.499794,-75.006409,720,1220,2102,2602,-6.839728355407715,34.42293167114258,12.448573825070403,3.766905645253742,-22.043859481811523,11.56908130645752,-4.512454449171999,3.5039482717423276,0.09460449370410737,35.95996145616719,13.675338093163225,3.8446840056173044
122,458,20070120020000,winter_1,39.499794,-75.006409,720,1220,2102,2602,-6.933889389038086,34.18864059448242,12.22978744914558,3.881893169740979,-22.772886276245117,11.398666381835938,-4.700980035824607,3.623445847029883,0.11901855567218798,35.93554782200913,13.581404673100332,3.9256611980185596
123,459,20070120030000,winter_1,39.499794,-75.006409,720,1220,2102,2602,-7.687012195587158,33.66343688964844,11.996285722096555,3.9942973144974765,-23.052087783813477,11.08902359008789,-4.824656460865534,3.733817741762829,0.1007080098020778,35.44114738287317,13.450044202243257,4.022474116082836
124,460,20070120040000,winter_1,39.499794,-75.006409,720,1220,2102,2602,-7.385728359222412,32.78551483154297,11.769586996868558,4.00954106504448,-23.626476287841797,12.434806823730469,-4.9157876425384615,3.7933914703015583,0.12512969844040137,34.68123776258483,13.298729801823571,4.037099240880205
125,461,20070120050000,winter_1,39.499794,-75.006409,720,1220,2102,2602,-7.451597213745117,31.712427139282227,11.541037098282086,4.026910317369641,-23.405380249023438,11.619278907775879,-4.991798819496517,3.808621023383329,0.1098632835544383,33.716851413799354,13.135544847365283,4.036416123865472
126,462,20070120060000,winter_1,39.499794,-75.006409,720,1220,2102,2602,-8.665477752685547,30.456207275390625,11.393641165903706,4.04205465418245,-23.11126136779785,10.56788158416748,-5.079367511449097,3.7891292618499257,0.10375976819712214,32.44117604157321,13.036500766202707,4.044797584174238
127,463,20070120070000,winter_1,39.499794,-75.006409,720,1220,2102,2602,-9.04524040222168,29.23906707763672,11.29082347616974,4.045000455642194,-22.77674102783203,10.93899154663086,-5.168425538136447,3.7326456043738183,0.04272460858885755,31.614119425312012,12.95455441264129,4.082831024815932
128,464,20070120080000,winter_1,39.499794,-75.006409,720,1220,2102,2602,-9.481706619262695,30.07782554626465,11.244352984812934,4.062816514952272,-22.950576782226562,9.964688301086426,-5.311777847677044,3.616626340537416,0.07324218819189773,31.934569059959614,12.935786403754022,4.111247035612758
129,465,20070120090000,winter_1,39.499794,-75.006409,720,1220,2102,2602,-9.584827423095703,33.882972717285156,11.2117428675793,4.109684136842538,-23.018760681152344,11.238062858581543,-5.498531357822951,3.5110799059204423,0.03662109473971504,35.46861201011881,12.948823584468103,4.1811695505412985
130,466,20070120100000,winter_1,39.499794,-75.006409,720,1220,2102,2602,-8.876481056213379,32.70940399169922,11.167372149604683,4.187404966941801,-22.73674774169922,10.135551452636719,-5.699995648029452,3.430473811920607,0.04882812507019633,34.31195830667092,12.978559678445208,4.249664777344106
131,467,20070120110000,winter_1,39.499794,-75.006409,720,1220,2102,2602,-8.407727241516113,31.978879928588867,11.134975631482975,4.272406212425144,-22.514474868774414,10.469504356384277,-5.928858970284548,3.392007372215096,0.10681152207264806,33.76262819477334,13.04015742050505,4.341948215815203
132,468,20070120120000,winter_1,39.499794,-75.006409,720,1220,2102,2602,-9.740796089172363,31.14687728881836,11.086549990831971,4.358269660666266,-22.070781707763672,10.95249080657959,-6.173997600296855,3.3763665861219314,0.07324218578307164,33.133949029820265,13.09912107088072,4.453900537401023
133,469,20070120130000,winter_1,39.499794,-75.006409,720,1220,2102,2602,-9.768479347229004,30.434297561645508,11.036200721659933,4.437160471279828,-21.65444564819336,9.530597686767578,-6.539048354146635,3.3055911892213254,0.1342849730015356,32.74941217834642,13.193077129844005,4.595097577937603
134,470,20070120140000,winter_1,39.499794,-75.006409,720,1220,2102,2602,-7.680429458618164,31.059852600097656,10.963819929262447,4.510269156807589,-20.93223762512207,7.24765157699585,-7.025974966686418,2.965730688153947,0.08850097609248976,33.43302849451152,13.280232407800957,4.726857862269372
135,471,20070120150000,winter_1,39.499794,-75.006409,720,1220,2102,2602,-10.05341911315918,30.10504722595215,10.998173809752204,4.526472295612383,-21.113601684570312,7.011373519897461,-7.349341163986295,2.836676148635598,0.08850097559397645,32.789084832192444,13.446612232622178,4.764131103870132
136,472,20070120160000,winter_1,39.499794,-75.006409,720,1220,2102,2602,-8.53954792022705,28.979196548461914,11.034211560515736,4.55801643882317,-20.701908111572266,6.166384696960449,-7.521874577210989,2.8816522922717023,0.07324218785809242,31.757560495129884,13.556738583663916,4.860729850737154
137,473,20070120170000,winter_1,39.499794,-75.006409,720,1220,2102,2602,-6.418193340301514,27.885326385498047,11.052529111666077,4.591678271003008,-20.842599868774414,5.316624641418457,-7.723863821739299,2.9796808741317604,0.07629394401327264,30.851158815169715,13.673561384010195,4.981184461026547
138,474,20070120180000,winter_1,39.499794,-75.006409,720,1220,2102,2602,-7.136538505554199,25.982364654541016,11.029422563458052,4.620970137843761,-20.037546157836914,3.9163706302642822,-7.919389587024825,3.1146176455513994,0.15564727652214916,28.431045414142552,13.756093482678388,5.1175183148702
139,475,20070120190000,winter_1,39.499794,-75.006409,720,1220,2102,2602,-4.676541328430176,24.134143829345703,10.939160984782115,4.655971863466017,-19.159631729125977,5.866940498352051,-8.104973044292805,3.31585406715865,0.08850097695412215,26.120789014576395,13.783302089812812,5.296166234998079
140,476,20070120200000,winter_1,39.499794,-75.006409,720,1220,2102,2602,-4.168601036071777,22.08568572998047,10.726587976951786,4.73575633202419,-19.64763641357422,5.691831588745117,-8.253378187658848,3.6020796125611145,0.11596679524558309,26.932587900224373,13.704347446970928,5.547176557497197
141,477,20070120210000,winter_1,39.499794,-75.006409,720,1220,2102,2602,-4.477245807647705,22.58669662475586,10.248708905705977,4.913625870101399,-19.252227783203125,6.278029918670654,-8.240371927525866,4.0071522449137404,0.07629394056858713,26.981415553074918,13.339740545248729,5.9322908078201495
142,478,20070120220000,winter_1,39.499794,-75.006409,720,1220,2102,2602,-5.079122543334961,23.939224243164062,9.84430867179485,5.04533116531904,-20.923416137695312,7.371173858642578,-8.490207550981474,4.369010216295696,0.13428497128837538,27.50938443264743,13.271922813491408,6.115040405007985
143,479,20070120230000,winter_1,39.499794,-75.006409,720,1220,2102,2602,-6.629431247711182,25.37925910949707,9.425605966945458,5.0726153496523105,-21.918039321899414,7.970954418182373,-9.085551509611438,4.449463402620229,0.14038849434284997,28.33643329495465,13.407024465000243,6.096731922070259
144,480,20070121000000,winter_1,39.499794,-75.006409,720,1220,2102,2602,-6.398112773895264,24.45870590209961,8.707555453462398,5.168870398989113,-21.340662002563477,8.552032470703125,-9.51105019821581,4.53737551702233,0.051879882274156706,28.254035534537373,13.267170959688816,6.129336861236538
145,481,20070121010000,winter_1,39.499794,-75.006409,720,1220,2102,2602,-7.507274150848389,22.446002960205078,7.855565791070919,5.267253965887259,-22.845226287841797,8.7188081741333,-9.684715105111886,4.666722131455173,0.054931642813009,28.46766673124315,12.929312312198581,6.152947545040889
146,482,20070121020000,winter_1,39.499794,-75.006409,720,1220,2102,2602,-8.954115867614746,22.5474853515625,6.9724442323302185,5.328981003249044,-23.048664093017578,9.282357215881348,-9.676574748342063,4.81194792371566,0.027465821882110775,28.315070446350916,12.497209577263579,6.133817047214428
147,483,20070121030000,winter_1,39.499794,-75.006409,720,1220,2102,2602,-9.592610359191895,22.297521591186523,6.0956811419488535,5.351451079835929,-23.063365936279297,10.7921142578125,-9.475249673085697,4.957056240504864,0.03967285177535849,28.31507101967188,11.959376156923948,6.092736833330796
148,484,20070121040000,winter_1,39.499794,-75.006409,720,1220,2102,2602,-9.992563247680664,21.44432830810547,5.284896194097653,5.303482860088365,-22.523719787597656,11.780073165893555,-9.110403257692047,5.130834389775007,0.02441406159392967,27.164527826514345,11.366061122146764,6.016196626634345
149,485,20070121050000,winter_1,39.499794,-75.006409,720,1220,2102,2602,-10.579825401306152,19.975858688354492,4.599219925832607,5.177676950026941,-23.5670223236084,12.785221099853516,-8.648580565617399,5.300173324517927,0.021362305761529782,26.908172178570577,10.749406992145332,5.941480868616799
150,486,20070121060000,winter_1,39.499794,-75.006409,720,1220,2102,2602,-11.14293098449707,19.217945098876953,4.056178067386227,5.010467586935131,-24.10127830505371,14.013754844665527,-8.135909208120271,5.466183550918131,0.021362305152257066,27.433091558468156,10.157211262910753,5.8703157129557955
151,487,20070121070000,winter_1,39.499794,-75.006409,720,1220,2102,2602,-10.01612377166748,18.386083602905273,3.6702451537187266,4.798827917167284,-22.40192413330078,16.06920051574707,-7.620476489275409,5.597444156431281,0.01831054645307889,26.06585675637697,9.613510483270549,5.786441744543283
152,488,20070121080000,winter_1,39.499794,-75.006409,720,1220,2102,2602,-10.539022445678711,18.270627975463867,3.3866425738213115,4.583800032645561,-20.546363830566406,16.066749572753906,-7.157236163072347,5.702650866442483,0.02441406108722336,27.04245000324091,9.147473366266793,5.705309638754758
153,489,20070121090000,winter_1,39.499794,-75.006409,720,1220,2102,2602,-10.02380657196045,18.87004280090332,3.0823066712274336,4.369053436312491,-20.5727481842041,15.979947090148926,-6.729753100941368,5.758836319553151,0.03662109190895967,27.344581740545614,8.696700551065119,5.604499480326963
154,490,20070121100000,winter_1,39.499794,-75.006409,720,1220,2102,2602,-10.00212574005127,16.609708786010742,2.7075261938599473,4.23527827778385,-19.69058609008789,17.0284423828125,-6.313398750165734,5.811798205903183,0.024414063019474394,24.478897285778768,8.303592920130663,5.473082035032464
155,491,20070121110000,winter_1,39.499794,-75.006409,720,1220,2102,2602,-10.52263069152832,15.945014953613281,2.3439496814711003,4.129623687830057,-19.601261138916016,19.036598205566406,-5.869350531868233,5.853775800632949,0.015258788962524505,23.142188038947722,7.954256253481648,5.2909040963073135
156,492,20070121120000,winter_1,39.499794,-75.006409,720,1220,2102,2602,-11.546086311340332,16.74840545654297,1.9793053060586523,4.031274566838832,-19.76119041442871,19.502948760986328,-5.443256205313986,5.853979247953055,0.03662109302190766,22.867515931580936,7.6501980349020835,5.053850542583158
157,493,20070121130000,winter_1,39.499794,-75.006409,720,1220,2102,2602,-12.366401672363281,16.57054901123047,1.6034741156794172,3.9097767432119026,-18.82624053955078,21.5866756439209,-5.002595219561594,5.816420684607046,0.02136230473877565,22.385330824429474,7.323618489684604,4.804040398463525
158,494,20070121140000,winter_1,39.499794,-75.006409,720,1220,2102,2602,-12.464811325073242,16.450946807861328,1.2571541258119212,3.712642992867562,-16.838857650756836,22.84988784790039,-4.461639819254454,5.6880403202620515,0.00915527324939018,22.858361079302522,6.83804631481688,4.56785613243648
159,495,20070121150000,winter_1,39.499794,-75.006409,720,1220,2102,2602,-11.36050796508789,15.548195838928223,1.0776748916017482,3.551006641565166,-16.292844772338867,23.291479110717773,-3.9860321144143334,5.508644564234039,0.009155273575146006,23.30393272115712,6.4302885036562305,4.3192636007059
160,496,20070121160000,winter_1,39.499794,-75.006409,720,1220,2102,2602,-11.827544212341309,14.787397384643555,0.9779423316467765,3.4323044730122163,-15.786601066589355,22.108922958374023,-3.4500598638095066,5.348444155239321,0.009155273337619209,22.119811049879985,6.0634064011883355,4.059674366140422
161,497,20070121170000,winter_1,39.499794,-75.006409,720,1220,2102,2602,-11.115938186645508,13.439264297485352,0.93630530962722,3.3854151869514206,-15.380897521972656,22.702363967895508,-2.906404982804139,5.188518076406522,0.009155272899753757,23.05673267354188,5.768855001134397,3.798147620884432
162,498,20070121180000,winter_1,39.499794,-75.006409,720,1220,2102,2602,-10.403251647949219,13.004327774047852,0.9419445883399896,3.3848743989654344,-15.111419677734375,22.65993309020996,-2.371665989573913,5.041636096028308,0.024414062802892447,23.197120937859708,5.55478663170937,3.5400386821805547
163,499,20070121190000,winter_1,39.499794,-75.006409,720,1220,2102,2602,-11.466017723083496,15.301785469055176,0.9423920126297447,3.4319325752190597,-14.692866325378418,21.98043441772461,-1.8796517547132605,4.937781892521422,0.006103515807877004,22.586746377221516,5.436548874317013,3.3203886791442914
164,500,20070121200000,winter_1,39.499794,-75.006409,720,1220,2102,2602,-11.448930740356445,13.74385929107666,0.9301574161163904,3.509890880246529,-14.098093032836914,22.312501907348633,-1.4610321535186455,4.81714078003403,0.009155273654792162,22.928557890597524,5.362165482697912,3.125886817279113
165,501,20070121210000,winter_1,39.499794,-75.006409,720,1220,2102,2602,-11.335980415344238,13.564031600952148,0.8807838294982384,3.6197473692152227,-13.853328704833984,20.980918884277344,-1.160825515636978,4.67721580839183,0.021362304321260142,21.820731098592884,5.327815465899158,2.952388376991779
166,502,20070121220000,winter_1,39.499794,-75.006409,720,1220,2102,2602,-11.137738227844238,13.671558380126953,0.725562287597304,3.811990263432706,-13.567063331604004,21.356958389282227,-0.935649215009463,4.609250599831204,0.02441406213249979,21.369057470733832,5.392182635741743,2.8465254908548676
167,503,20070121230000,winter_1,39.499794,-75.006409,720,1220,2102,2602,-10.800668716430664,12.906912803649902,0.5431741179116687,3.8695017534811997,-13.336974143981934,21.053382873535156,-0.6565697053160833,4.5285523748644545,0.027465820254431686,21.408736112245503,5.340471659983468,2.7724203832222036
168,504,20070122000000,winter_2,39.499794,-75.006409,720,1220,2102,2602,-10.293840408325195,13.648076057434082,0.3404580826120921,3.8240324906987206,-12.889286994934082,20.09391212463379,-0.3564853478063743,4.4035369124289385,0.018310547077557852,22.284614506897405,5.192028245693307,2.7018878648424822
169,505,20070122010000,winter_2,39.499794,-75.006409,720,1220,2102,2602,-10.602181434631348,15.724787712097168,0.13688424328401777,3.698733059326963,-12.356531143188477,19.997093200683594,-0.049541902417350035,4.262613781844868,0.027465821090308356,21.18900265043186,4.9966749775095,2.6277239890477477
170,506,20070122020000,winter_2,39.499794,-75.006409,720,1220,2102,2602,-10.578309059143066,15.820972442626953,-0.050497139411250884,3.5144850461574664,-11.802326202392578,18.1326904296875,0.21696325406755357,4.084392975026159,0.024414063290286225,20.01708883814062,4.748462846066738,2.5564809266520183
171,507,20070122030000,winter_2,39.499794,-75.006409,720,1220,2102,2602,-10.5050630569458,15.772478103637695,-0.21502602154236541,3.3250664268041503,-11.02428150177002,16.969606399536133,0.47556629738302664,3.8999247183651686,0.018310547767021772,18.942840768769646,4.52934814250925,2.4541565656393445
172,508,20070122040000,winter_2,39.499794,-75.006409,720,1220,2102,2602,-9.563694953918457,15.949590682983398,-0.3256564727196938,3.1502668423432825,-10.2394380569458,14.17556381225586,0.7230369953232515,3.7280351499157036,0.015258788718507074,17.239906361079584,4.315635329288957,2.413825510760424
173,509,20070122050000,winter_2,39.499794,-75.006409,720,1220,2102,2602,-9.313413619995117,15.819835662841797,-0.415735715990529,3.0120874891376928,-9.223737716674805,13.806822776794434,0.9126742066017597,3.591701277572882,0.024414062402631668,16.812645317343794,4.146484117693836,2.4053001817231787
174,510,20070122060000,winter_2,39.499794,-75.006409,720,1220,2102,2602,-9.492447853088379,16.435304641723633,-0.43791883900834105,2.9250803273646424,-8.542803764343262,15.77872371673584,1.098341009595932,3.559825140677467,0.015258788943151183,16.791282143842636,4.055244781525735,2.4862754470416015
175,511,20070122070000,winter_2,39.499794,-75.006409,720,1220,2102,2602,-9.663070678710938,16.861562728881836,-0.395043268711588,2.947364884798872,-7.84112548828125,18.391643524169922,1.257017201173877,3.6300571724015134,0.015258788804628474,18.582718122434898,4.091102940054622,2.6197906407052662
176,512,20070122080000,winter_2,39.499794,-75.006409,720,1220,2102,2602,-9.710789680480957,17.33447265625,-0.29755636939840846,2.976081637636427,-9.422454833984375,18.86820411682129,1.3467211044008647,3.7725379626923345,0.021362304378038093,18.890960640120685,4.140724234389689,2.801018553058462
177,513,20070122090000,winter_2,39.499794,-75.006409,720,1220,2102,2602,-10.166215896606445,18.563974380493164,-0.17337621881000015,3.061181639144974,-9.629862785339355,21.473159790039062,1.3483913435691925,4.012909253917899,0.018310546441863397,21.549118763623923,4.239182918541489,3.0580746262682146
178,514,20070122100000,winter_2,39.499794,-75.006409,720,1220,2102,2602,-9.64959716796875,21.026567459106445,-0.04742969531250972,3.2989446013704264,-10.329970359802246,24.0023193359375,1.2240331427459041,4.322416447550879,0.018310546047725897,24.201180422689575,4.425355300694527,3.3886659029951804
179,515,20070122110000,winter_2,39.499794,-75.006409,720,1220,2102,2602,-9.199760437011719,21.48051643371582,0.07772629087745311,3.5537924398246377,-12.226306915283203,25.827415466308594,0.9976555307734118,4.682453848863209,0.015258788513419195,25.833916835449493,4.64922653804672,3.7337468157853295
180,516,20070122120000,winter_2,39.499794,-75.006409,720,1220,2102,2602,-10.73363208770752,21.839330673217773,0.15252812984727743,3.7799157424225425,-14.017626762390137,25.654203414916992,0.6782921150125041,5.006794081612439,0.018310546976932147,26.444290555440492,4.892971470010708,3.987220236308399
181,517,20070122130000,winter_2,39.499794,-75.006409,720,1220,2102,2602,-12.180031776428223,21.33457374572754,0.2233197553910095,3.980387837808535,-15.254348754882812,23.983558654785156,0.35830301849607205,5.262151245212126,0.01831054593632537,25.40361008969073,5.097122201665062,4.210857524823899
182,518,20070122140000,winter_2,39.499794,-75.006409,720,1220,2102,2602,-12.422914505004883,21.598743438720703,0.34526816125414744,3.898117863257757,-18.579120635986328,23.928234100341797,0.028539613919248863,5.324996400145352,0.02136230364300266,25.56840477916403,4.91935417569098,4.4125829900705975
183,519,20070122150000,winter_2,39.499794,-75.006409,720,1220,2102,2602,-12.569390296936035,21.415111541748047,0.5543511052598311,3.8239285577478195,-17.886112213134766,23.1581974029541,-0.24570036739268247,5.233451147308289,0.012207031654076588,25.952941487728317,4.73481576617038,4.467732535065841
184,520,20070122160000,winter_2,39.499794,-75.006409,720,1220,2102,2602,-11.627564430236816,22.317615509033203,0.8584573299843513,3.8988881488260665,-18.781221389770508,22.223674774169922,-0.6089138228496923,4.932031643406294,0.01831054666480948,26.65792023714449,4.696793665457704,4.309770205451216
185,521,20070122170000,winter_2,39.499794,-75.006409,720,1220,2102,2602,-13.386481285095215,22.44475746154785,1.1633119443708753,4.035833571804777,-19.996015548706055,21.292131423950195,-1.010520733945069,4.505577613883763,0.02136230446153322,27.283546215658426,4.717590714634804,4.0874156794822465
186,522,20070122180000,winter_2,39.499794,-75.006409,720,1220,2102,2602,-15.954325675964355,20.11187171936035,1.4367585114129378,4.115431874356231,-18.00383758544922,20.482181549072266,-1.399910261102018,4.070368381297753,0.01831054661545575,26.123847440052987,4.782594745221847,3.8282488861316666
187,523,20070122190000,winter_2,39.499794,-75.006409,720,1220,2102,2602,-16.51128578186035,22.01003074645996,1.7037599754855872,4.148423703626877,-17.900211334228516,21.05000877380371,-1.7514001296517892,3.648404729551313,0.015258789574193684,28.717918449118297,4.858253839307705,3.5899646790029314
188,524,20070122200000,winter_2,39.499794,-75.006409,720,1220,2102,2602,-15.24830150604248,20.554004669189453,1.9512002253680594,4.055789420323947,-17.786649703979492,15.42155933380127,-2.0393799341995,3.281666097307257,0.01525878920131447,21.842094483485198,4.895640528656804,3.349286020317219
189,525,20070122210000,winter_2,39.499794,-75.006409,720,1220,2102,2602,-12.412100791931152,21.48236083984375,2.16412591783964,3.8411489765249036,-16.93081283569336,8.277865409851074,-2.205129336399057,3.1301390979003387,0.024414062824715185,21.845145633447345,4.925679775932448,3.1362256544365152
190,526,20070122220000,winter_2,39.499794,-75.006409,720,1220,2102,2602,-8.54229736328125,21.78839683532715,2.5957120354764083,3.803300575981251,-17.03898048400879,7.821229934692383,-2.3556650262817627,3.045373200827745,0.015258788323583428,22.269355248425164,5.1857479148684655,3.022298869102896
191,527,20070122230000,winter_2,39.499794,-75.006409,720,1220,2102,2602,-8.639333724975586,24.390478134155273,3.0463104696506784,3.7169773696240793,-17.323627471923828,8.054335594177246,-2.558852465390369,2.9016472573266214,0.01220703122540784,25.64470613904752,5.390007499920273,3.0018377937839276
192,528,20070123000000,winter_2,39.499794,-75.006409,720,1220,2102,2602,-10.244891166687012,23.817392349243164,3.4544415037513505,3.621571432297223,-18.33950424194336,7.462277412414551,-2.7911447502079154,2.7592996577064235,0.03051757793111575,25.211341569185397,5.581885594984926,3.0488887425098046
193,529,20070123010000,winter_2,39.499794,-75.006409,720,1220,2102,2602,-9.109657287597656,24.78715705871582,3.7814238193424092,3.4952127174514067,-19.061603546142578,8.579852104187012,-3.075783731159307,2.6733288400317488,0.018310547094686866,27.161476725805738,5.805216698849342,3.0695715937138024
194,530,20070123020000,winter_2,39.499794,-75.006409,720,1220,2102,2602,-9.159157752990723,24.353586196899414,4.07572260357892,3.371329605704696,-20.290321350097656,8.808793067932129,-3.3483634208585142,2.6331346280025545,0.021362304375946335,27.982422197626548,6.052361557180907,3.080784510496198
195,531,20070123030000,winter_2,39.499794,-75.006409,720,1220,2102,2602,-8.320436477661133,23.696107864379883,4.35295245913218,3.248708545680954,-19.733816146850586,7.684345722198486,-3.5664170522365004,2.589672704197224,0.024414062521085002,27.60704075450843,6.288792863784112,3.062535215799294
196,532,20070123040000,winter_2,39.499794,-75.006409,720,1220,2102,2602,-8.446674346923828,23.968271255493164,4.619829613555985,3.1357445374230597,-20.755918502807617,6.973213195800781,-3.734117350904332,2.569421493802916,0.018310547701982354,27.872550311280822,6.5301554867979466,3.0130297017539136
197,533,20070123050000,winter_2,39.499794,-75.006409,720,1220,2102,2602,-8.348179817199707,23.57341194152832,4.870451498712307,3.022529546245954,-21.89150047302246,6.765531063079834,-3.9007336408064077,2.5917229747818724,0.018310547196366635,27.005829392313824,6.783872504335055,2.9612172191003783
198,534,20070123060000,winter_2,39.499794,-75.006409,720,1220,2102,2602,-8.18299388885498,23.18412208557129,5.111195004151943,2.9074603625606543,-20.79530906677246,5.672513008117676,-4.028294722044415,2.6712867112747625,0.04577636760889951,26.392409725488797,7.042034622964451,2.8896919491155213
199,535,20070123070000,winter_2,39.499794,-75.006409,720,1220,2102,2602,-8.831826210021973,22.15129280090332,5.369124443520028,2.8563134165860617,-19.81436538696289,5.983127593994141,-4.134076889329164,2.786531923373583,0.033569333871402686,25.617233871936552,7.336777163544147,2.830737777176911
200,536,20070123080000,winter_2,39.499794,-75.006409,720,1220,2102,2602,-8.570221900939941,22.1323299407959,5.618393439823971,2.857617487039612,-19.929990768432617,6.790063858032227,-4.234220510690498,2.953112664064576,0.04272460940275389,24.948882983540734,7.645291812266031,2.8162623088058223
201,537,20070123090000,winter_2,39.499794,-75.006409,720,1220,2102,2602,-9.7034912109375,22.35193634033203,5.788537858125397,2.882989526346069,-19.351703643798828,6.944284915924072,-4.349408280434225,3.163839617448122,0.03967285214092526,24.60707062314725,7.924642042045795,2.8188794164093713
202,538,20070123100000,winter_2,39.499794,-75.006409,720,1220,2102,2602,-10.753374099731445,22.00389862060547,5.859823975114671,2.920091223104704,-18.71002769470215,7.088598251342773,-4.459889498907631,3.450025847164705,0.04577636931448794,24.27747475275833,8.154754302367763,2.8561765924339113
203,539,20070123110000,winter_2,39.499794,-75.006409,720,1220,2102,2602,-11.687374114990234,21.450666427612305,5.883750157194883,2.951699005824398,-18.167009353637695,7.61140775680542,-4.495804558821722,3.7988307035994895,0.0305175771834095,23.68236507620403,8.340315715971869,2.9006120107523072
204,540,20070123120000,winter_2,39.499794,-75.006409,720,1220,2102,2602,-11.916089057922363,20.419031143188477,5.87140386336031,2.9687201634441394,-17.61353302001953,7.850162982940674,-4.447888413704527,4.171675067894726,0.03051757708749049,23.224587026851662,8.473154612281242,2.946000316490265
205,541,20070123130000,winter_2,39.499794,-75.006409,720,1220,2102,2602,-12.51228141784668,19.783607482910156,5.755431867148646,2.9750725568520995,-16.0284366607666,8.868485450744629,-4.233527157370658,4.447389336026783,0.01831054682655259,22.785118010587396,8.407929802691017,2.997464466402312
206,542,20070123140000,winter_2,39.499794,-75.006409,720,1220,2102,2602,-12.54259204864502,19.433738708496094,5.352361114714634,2.9962750916655843,-14.819911003112793,8.947124481201172,-3.8996616664696173,4.403802529169712,0.048828126282138146,22.449416437160046,7.833028250844739,3.296959232014744
207,543,20070123150000,winter_2,39.499794,-75.006409,720,1220,2102,2602,-12.120019912719727,18.8857479095459,5.388313341376806,2.937895351014857,-13.231348037719727,9.394125938415527,-3.8208581241014183,4.36039943242531,0.03356933481696797,21.457566025184377,7.778280069320681,3.282613126213539
208,544,20070123160000,winter_2,39.499794,-75.006409,720,1220,2102,2602,-11.39881706237793,18.387332916259766,5.641691891116635,2.8459382398546667,-16.281465530395508,9.698156356811523,-3.6444592051178857,4.399745957490751,0.009155273120085787,19.208351879423272,7.912968293591301,3.1548109344621182
209,545,20070123170000,winter_2,39.499794,-75.006409,720,1220,2102,2602,-12.794968605041504,18.14212989807129,5.8509729099337635,2.752482010586824,-16.499217987060547,9.956787109375,-3.3759969401423335,4.467777402145364,0.024414062176739023,18.283638347519762,7.979606120977896,3.0812850599070067
210,546,20070123180000,winter_2,39.499794,-75.006409,720,1220,2102,2602,-11.887085914611816,17.296756744384766,6.010929345737344,2.6796669501344383,-15.45090389251709,10.163650512695312,-3.043582922077986,4.547458342900729,0.0396728499685611,17.334510691735122,8.001137267341482,3.039155043137922
211,547,20070123190000,winter_2,39.499794,-75.006409,720,1220,2102,2602,-10.896958351135254,17.21164894104004,6.159662537056778,2.665554032691994,-16.885129928588867,10.08554744720459,-2.698958940708461,4.620097880763136,0.0518798817395414,17.410812407630278,8.03621118769918,3.0158936336983055
212,548,20070123200000,winter_2,39.499794,-75.006409,720,1220,2102,2602,-10.293306350708008,17.58680534362793,6.249895521237828,2.680901885666589,-15.849059104919434,9.753728866577148,-2.3839371604458424,4.655600278985646,0.06408691104573942,17.59696852596775,8.040459820423774,2.9928590287141916
213,549,20070123210000,winter_2,39.499794,-75.006409,720,1220,2102,2602,-10.746635437011719,16.368600845336914,6.186691080048128,2.741111805665626,-15.047544479370117,11.451397895812988,-2.0915711370638608,4.690009022069667,0.033569336254402934,17.471846678519174,7.9493623710514285,2.9945505160727603
214,550,20070123220000,winter_2,39.499794,-75.006409,720,1220,2102,2602,-11.9775972366333,18.557804107666016,6.488369511306351,2.8712583310756714,-15.17744255065918,11.958273887634277,-1.7901153213474275,4.842451158773972,0.04577636729546499,18.558303241632316,8.282075666554853,2.8989881098954906
215,551,20070123230000,winter_2,39.499794,-75.006409,720,1220,2102,2602,-10.66580581665039,19.531719207763672,6.838164395424618,2.951268018425321,-13.853728294372559,10.564657211303711,-1.664232864078483,4.790293564938562,0.054931641213409536,19.531845446555547,8.554705784750418,2.8291460930749928
216,552,20070124000000,winter_2,39.499794,-75.006409,720,1220,2102,2602,-10.913420677185059,20.73468780517578,7.068969163634249,2.9760028455678564,-12.898689270019531,10.249095916748047,-1.6887451845704846,4.559729277642689,0.09765624956923524,20.761740299497365,8.647477312351747,2.773273424926511
217,553,20070124010000,winter_2,39.499794,-75.006409,720,1220,2102,2602,-10.951828002929688,22.099817276000977,7.212668213922965,2.9720371756373987,-12.180682182312012,9.497851371765137,-1.813538724818886,4.28876713520949,0.09155273496879218,22.153389183453612,8.67428371770158,2.7008954013055417
218,554,20070124020000,winter_2,39.499794,-75.006409,720,1220,2102,2602,-10.241083145141602,22.619014739990234,7.271835565126386,2.9378540776253645,-13.283974647521973,10.826493263244629,-2.0248473593147667,4.020332468773385,0.07934570031608908,22.711875838547638,8.651929798908155,2.6301653579992936
219,555,20070124030000,winter_2,39.499794,-75.006409,720,1220,2102,2602,-10.9734525680542,22.757492065429688,7.242584542848863,2.850475092638941,-13.730095863342285,11.835009574890137,-2.2727521881359705,3.8073072820638005,0.03662109187658828,22.96212640055399,8.585931422864135,2.5540187870639035
220,556,20070124040000,winter_2,39.499794,-75.006409,720,1220,2102,2602,-10.964957237243652,22.54631233215332,7.149849330357319,2.7528267003607185,-15.273070335388184,11.486961364746094,-2.5203315257648637,3.653374665979324,0.10375976674818027,22.800375846591084,8.503951805057236,2.465851057156025
221,557,20070124050000,winter_2,39.499794,-75.006409,720,1220,2102,2602,-11.421648979187012,21.986526489257812,6.9321578065610705,2.6710516410754748,-15.377657890319824,10.869919776916504,-2.760803251500133,3.5515770434227236,0.11596679903011996,22.27851151024757,8.346593319404382,2.39988390837822
222,558,20070124060000,winter_2,39.499794,-75.006409,720,1220,2102,2602,-10.787142753601074,21.219205856323242,6.656763352256288,2.6008180974053374,-15.282768249511719,10.471014976501465,-2.957328810896569,3.464550077172574,0.033569336078649877,21.561326325892136,8.145514286881662,2.3401391067489183
223,559,20070124070000,winter_2,39.499794,-75.006409,720,1220,2102,2602,-9.239870071411133,20.17841148376465,6.340091122252305,2.5321238881903962,-14.362820625305176,9.45202350616455,-3.1235283613387397,3.3857632389072374,0.11901855469533028,20.969268706825602,7.915421056832399,2.2747172243345575
224,560,20070124080000,winter_2,39.499794,-75.006409,720,1220,2102,2602,-6.756089210510254,18.829965591430664,5.976491766232217,2.4806962494192706,-14.887289047241211,8.685073852539062,-3.242794616635981,3.3163071462896876,0.06713867201917031,20.310065271966533,7.649240615823576,2.2079483076319084
225,561,20070124090000,winter_2,39.499794,-75.006409,720,1220,2102,2602,-7.7453508377075195,17.879392623901367,5.5852634284266385,2.4886656652482086,-14.132780075073242,8.951936721801758,-3.3473235813214544,3.2315578012178516,0.07629394943431905,19.171730596499025,7.37357976902157,2.1602052515591734
226,562,20070124100000,winter_2,39.499794,-75.006409,720,1220,2102,2602,-5.2463698387146,17.02702522277832,5.183913866805004,2.523424436896093,-13.504820823669434,9.096844673156738,-3.3558116916486127,3.160202178018108,0.04272460666879295,18.01812730480344,7.07263004112821,2.113501380237131
227,563,20070124110000,winter_2,39.499794,-75.006409,720,1220,2102,2602,-4.614650249481201,15.936314582824707,4.886722283586109,2.5814278424557444,-12.747732162475586,8.913745880126953,-3.2671802198061486,3.071860527828706,0.05798339771819862,17.175819194718336,6.817111745289073,2.044897436564762
228,564,20070124120000,winter_2,39.499794,-75.006409,720,1220,2102,2602,-5.829554080963135,15.386741638183594,4.654983450786635,2.6467687410553666,-12.503424644470215,9.349359512329102,-3.165668228457276,2.980605563409321,0.05187988200643239,16.873687475535142,6.60439090643299,1.9904123462340457
229,565,20070124130000,winter_2,39.499794,-75.006409,720,1220,2102,2602,-6.319055557250977,15.1610107421875,4.431363827880449,2.6522749064484112,-11.789342880249023,9.184525489807129,-3.011147680041994,2.8551799457099074,0.02136230596243086,17.273475786707618,6.335354522646193,1.9374967097303533
230,566,20070124140000,winter_2,39.499794,-75.006409,720,1220,2102,2602,-5.245998382568359,14.871720314025879,3.9143442418289243,2.5033519307226535,-11.018211364746094,10.231172561645508,-2.6062705928643672,2.4269290820901364,0.0549316419656566,16.226692251101127,5.482509721740609,2.0527006738285642
231,567,20070124150000,winter_2,39.499794,-75.006409,720,1220,2102,2602,-4.574096202850342,15.009040832519531,3.8518901446157807,2.43370244026064,-10.964698791503906,6.390637397766113,-2.4403984769512665,2.15731555619908,0.009155273282461398,15.723136581622757,5.2122700586524005,2.049819803036134
232,568,20070124160000,winter_2,39.499794,-75.006409,720,1220,2102,2602,-4.004427909851074,14.808391571044922,4.030391447305349,2.3917636189263116,-10.217752456665039,4.706414699554443,-2.3838478746714253,1.968845523649512,0.03662109288327674,15.460677598421345,5.235965942874908,2.0269021826313796
233,569,20070124170000,winter_2,39.499794,-75.006409,720,1220,2102,2602,-4.560036659240723,14.671785354614258,4.232601204385232,2.355642507324276,-9.849040031433105,4.4716997146606445,-2.342618894177059,1.8995797810565767,0.030517577515270483,15.387436177585444,5.3235918605753465,2.0541667185616976
234,570,20070124180000,winter_2,39.499794,-75.006409,720,1220,2102,2602,-4.287026405334473,15.303914070129395,4.463610392085163,2.3398826270069164,-11.124893188476562,5.569622993469238,-2.3122353834846345,1.9115625961710805,0.07629394302804175,15.906250217928545,5.480799462810106,2.0881115192150435
235,571,20070124190000,winter_2,39.499794,-75.006409,720,1220,2102,2602,-3.6559016704559326,16.661466598510742,4.6811443355441,2.3486080861926,-9.832199096679688,5.233593940734863,-2.34093740514878,1.9492466008541602,0.0640869148083923,16.696678941836876,5.677526837562226,2.115256837183785
236,572,20070124200000,winter_2,39.499794,-75.006409,720,1220,2102,2602,-3.7327332496643066,18.595346450805664,4.81361478733445,2.3853804113831476,-10.378413200378418,5.578762054443359,-2.4306915416034527,2.0006290659399437,0.06408691260915886,18.802452363766236,5.84232397996995,2.1538234771748805
237,573,20070124210000,winter_2,39.499794,-75.006409,720,1220,2102,2602,-5.282196044921875,20.011960983276367,4.837449748285378,2.478363770683022,-9.843498229980469,5.862469673156738,-2.653725182476202,2.127404636681961,0.07934569981811045,20.126961066204917,6.018846606035623,2.210158458644571
238,574,20070124220000,winter_2,39.499794,-75.006409,720,1220,2102,2602,-6.228602409362793,19.976882934570312,4.94012830080501,2.647268342684517,-11.918376922607422,7.9229912757873535,-3.0682145431807992,2.4427165135969795,0.10681151926127824,20.395521948524305,6.473519724845151,2.210711226601186
239,575,20070124230000,winter_2,39.499794,-75.006409,720,1220,2102,2602,-6.35865592956543,21.55217742919922,4.910477805477755,2.825846903903259,-12.049105644226074,7.932482719421387,-3.4486164278743137,2.567783830875558,0.05493163961743346,22.156441110409844,6.746760699195855,2.2507536824108665
240,576,20070125000000,winter_2,39.499794,-75.006409,720,1220,2102,2602,-7.146335601806641,22.44425392150879,4.720360350795965,2.9928625717732666,-13.16972827911377,8.87895393371582,-3.731411137435495,2.6139155327173182,0.1434402480922284,23.911254368414625,6.83390199833237,2.300607567760145
241,577,20070125010000,winter_2,39.499794,-75.006409,720,1220,2102,2602,-8.755595207214355,22.52633285522461,4.458847487347072,3.180271566894409,-14.0086669921875,7.385464668273926,-3.973851002512209,2.639712637038106,0.13428497604027642,23.828849842378,6.872071795246827,2.3515212080475365
242,578,20070125020000,winter_2,39.499794,-75.006409,720,1220,2102,2602,-7.79926061630249,22.28818130493164,4.213529852026354,3.322724370948558,-14.964938163757324,7.515130996704102,-4.127610869266736,2.5930268853936753,0.09765624820953034,24.024169326969115,6.848669939878945,2.37718552710439
243,579,20070125030000,winter_2,39.499794,-75.006409,720,1220,2102,2602,-8.108628273010254,22.543235778808594,4.0116045015853246,3.431894122700968,-14.653324127197266,7.108729839324951,-4.166310380223435,2.5242228881882336,0.03051757641284264,24.533828641320408,6.777437938835276,2.38055588159913
244,580,20070125040000,winter_2,39.499794,-75.006409,720,1220,2102,2602,-8.241355895996094,22.494041442871094,3.943483900981419,3.5078348643203165,-14.740080833435059,6.8372063636779785,-4.099062743191351,2.454239237778356,0.07324218713510584,24.179817806507295,6.712570840210498,2.371280041805856
245,581,20070125050000,winter_2,39.499794,-75.006409,720,1220,2102,2602,-8.225542068481445,21.907249450683594,3.9575884643127224,3.5506593036847196,-15.36795425415039,6.748675346374512,-4.0438690080062445,2.3942374683642256,0.061035155251000554,23.74645321644194,6.6767710714050255,2.403261453230903
246,582,20070125060000,winter_2,39.499794,-75.006409,720,1220,2102,2602,-7.357116222381592,21.592182159423828,4.0488728073566636,3.5650677501865733,-15.730636596679688,7.691592216491699,-3.9897154516292543,2.3599268869657477,0.07019043097535407,24.06384186688818,6.677522036697095,2.4496658588040816
247,583,20070125070000,winter_2,39.499794,-75.006409,720,1220,2102,2602,-7.859450340270996,20.78003692626953,4.18550250532444,3.5260677990858724,-15.371481895446777,8.667896270751953,-3.9769932710194347,2.33036965330031,0.051879882532249504,24.118774474413424,6.709431988931513,2.48640421703448
248,584,20070125080000,winter_2,39.499794,-75.006409,720,1220,2102,2602,-6.622810363769531,20.692466735839844,4.335631494278063,3.4576505972583442,-15.82562255859375,7.651095390319824,-4.019337446316148,2.2995489828022615,0.04882812411842294,24.692528318299015,6.776048139914101,2.5062359713581643
249,585,20070125090000,winter_2,39.499794,-75.006409,720,1220,2102,2602,-5.915650844573975,21.559967041015625,4.4529586361870725,3.3675301212945454,-16.527414321899414,8.089760780334473,-4.112925037515764,2.267539978475637,0.027465821022588294,25.38530007226634,6.857906898587743,2.4891971842204677
250,586,20070125100000,winter_2,39.499794,-75.006409,720,1220,2102,2602,-5.870731353759766,21.968870162963867,4.511142211222547,3.285534466902339,-17.424026489257812,6.944542407989502,-4.236299431218491,2.2343317676617795,0.03356933431383302,25.36392925383767,6.934504471975464,2.4487261647955076
251,587,20070125110000,winter_2,39.499794,-75.006409,720,1220,2102,2602,-6.549726963043213,22.515697479248047,4.5714882409627435,3.2461140248723965,-19.126142501831055,6.9793267250061035,-4.360422378788248,2.188059989111346,0.04882812544675202,27.66197866362379,7.033696164139045,2.4007851023565
252,588,20070125120000,winter_2,39.499794,-75.006409,720,1220,2102,2602,-6.969074249267578,22.730958938598633,4.599453953807149,3.2306493536186935,-19.39158058166504,7.307249546051025,-4.507781942988154,2.141206908026427,0.1007080074865752,27.683342249325886,7.143141617668293,2.3393299933259595
253,589,20070125130000,winter_2,39.499794,-75.006409,720,1220,2102,2602,-7.238115310668945,22.244022369384766,4.5156291625602565,3.1833362270891263,-18.622060775756836,7.343769073486328,-4.515826231171808,2.0204184444508906,0.033569337106803,27.22251083953328,7.057541220113427,2.2782505208337556
254,590,20070125140000,winter_2,39.499794,-75.006409,720,1220,2102,2602,-7.375273704528809,22.021228790283203,4.238592200608751,3.122842516904894,-18.46725082397461,6.278934001922607,-4.175366577964731,1.836465712028677,0.06713866929422853,26.944793268219914,6.510103490529171,2.4784378432577276
255,591,20070125150000,winter_2,39.499794,-75.006409,720,1220,2102,2602,-7.082817077636719,21.222049713134766,4.520437334164484,3.115550877053377,-16.608352661132812,4.7651190757751465,-4.3152283037066885,1.6953763896713492,0.033569335950469445,25.385299177730587,6.743361575565001,2.4826562461557242
256,592,20070125160000,winter_2,39.499794,-75.006409,720,1220,2102,2602,-6.9363861083984375,20.430564880371094,5.013788170072771,3.0951887225196724,-15.574540138244629,5.279237747192383,-4.587507590073276,1.5988534397667638,0.11901855821084541,23.66710563805504,7.242894024920721,2.4208075918949583
257,593,20070125170000,winter_2,39.499794,-75.006409,720,1220,2102,2602,-7.460445880889893,20.6339054107666,5.5403797505543615,3.10683186449766,-14.659528732299805,7.70745849609375,-4.872056610446878,1.5955777534071676,0.08239746440279642,22.824791896078114,7.8000271499135785,2.406364988481353
258,594,20070125180000,winter_2,39.499794,-75.006409,720,1220,2102,2602,-10.489522933959961,21.705018997192383,6.086957432118171,3.1480757872707197,-14.741255760192871,7.512405872344971,-5.1598977822176595,1.6595223109324244,0.07629394349538632,22.815635219813352,8.392538134226708,2.4300812809012218
259,595,20070125190000,winter_2,39.499794,-75.006409,720,1220,2102,2602,-10.38380241394043,21.61618995666504,6.644748963207504,3.1845986281917225,-14.701347351074219,9.5548734664917,-5.545071481703643,1.7222964095352886,0.15564728103343045,22.861412176576106,9.052771943815763,2.4608535103681306
260,596,20070125200000,winter_2,39.499794,-75.006409,720,1220,2102,2602,-8.662306785583496,23.346860885620117,7.167864808830969,3.2327040727371346,-16.768165588378906,7.201214790344238,-6.0245254241633015,1.7647255288200747,0.06713867205556157,25.25406723009083,9.73886903303359,2.5282907814267297
261,597,20070125210000,winter_2,39.499794,-75.006409,720,1220,2102,2602,-9.253050804138184,22.217235565185547,7.463761271294741,3.269460971963812,-18.68862533569336,5.9323835372924805,-6.466947532771289,1.841426684029777,0.018310546359057978,24.353766473257828,10.226751783191887,2.650078857568015
262,598,20070125220000,winter_2,39.499794,-75.006409,720,1220,2102,2602,-7.444617748260498,22.220752716064453,7.717563707475073,3.433488375791159,-20.012012481689453,5.079557418823242,-7.032274426861478,2.0376141217018526,0.15564727173432846,25.251013542389813,10.803970525586811,2.86855500409694
263,599,20070125230000,winter_2,39.499794,-75.006409,720,1220,2102,2602,-8.599191665649414,22.52046012878418,8.048808631084079,3.5891446478767484,-19.29728889465332,6.387028694152832,-7.777290211446897,2.2595780185381464,0.1007080077475559,26.55415221737717,11.55341135914991,3.1266438083654755
264,600,20070126000000,winter_2,39.499794,-75.006409,720,1220,2102,2602,-7.783061504364014,22.044191360473633,8.162346461994293,3.6784994816854613,-20.705608367919922,8.245526313781738,-8.416804032716575,2.4177552143936225,0.2929763793232242,27.0149835259438,12.065821571090755,3.355493766776142
265,601,20070126010000,winter_2,39.499794,-75.006409,720,1220,2102,2602,-4.928630352020264,22.80923843383789,8.131872819068507,3.7391845537948165,-21.84951400756836,8.993640899658203,-8.881300331121638,2.5938629684964982,0.17395782587007327,28.153328389024864,12.363253902136927,3.5867018687169643
266,602,20070126020000,winter_2,39.499794,-75.006409,720,1220,2102,2602,-6.634400844573975,23.589963912963867,8.010546508692974,3.838306360208186,-22.44221305847168,7.835404396057129,-9.15898463822245,2.7419588449651897,0.213630675835935,28.37306283347991,12.474025663468302,3.834771536944496
267,603,20070126030000,winter_2,39.499794,-75.006409,720,1220,2102,2602,-6.581042289733887,25.072134017944336,7.930228405805814,3.927970780264583,-23.09193229675293,9.102725982666016,-9.240429591421679,2.988681075821792,0.34485624362775874,28.29981251909782,12.467128558207262,4.148003874032838
268,604,20070126040000,winter_2,39.499794,-75.006409,720,1220,2102,2602,-6.921237468719482,27.43706512451172,7.936813480831898,3.9938289730201677,-24.00354766845703,10.340028762817383,-9.185519055041304,3.3754783080374136,0.1525955213330786,30.08209363587307,12.424365754808953,4.510701475883643
269,605,20070126050000,winter_2,39.499794,-75.006409,720,1220,2102,2602,-7.3017897605896,25.37955093383789,7.981944459929578,4.024774641078641,-24.69251251220703,9.982240676879883,-9.023043941991224,3.8275447139396603,0.11291504299775003,29.023101029278354,12.35224353035847,4.837121928988301
270,606,20070126060000,winter_2,39.499794,-75.006409,720,1220,2102,2602,-7.8211989402771,25.30854034423828,8.1215141629457,4.125451558305438,-24.350040435791016,9.182459831237793,-8.76488323251292,4.286196869461089,0.12512970004920865,29.419844414169063,12.302931749779809,5.177921871028615
271,607,20070126070000,winter_2,39.499794,-75.006409,720,1220,2102,2602,-7.779786586761475,25.670005798339844,8.302127722374317,4.220075948550879,-22.234107971191406,8.281609535217285,-8.439396682239586,4.755750899974219,0.07629394633330093,30.99154647091286,12.259764293466873,5.502102160228452
272,608,20070126080000,winter_2,39.499794,-75.006409,720,1220,2102,2602,-6.898801326751709,27.77344512939453,8.50013237552411,4.313900324827568,-22.534048080444336,8.782605171203613,-8.107684406469515,5.1839045322690325,0.04577636831732357,32.37403819679098,12.248158189683203,5.783772126308679
273,609,20070126090000,winter_2,39.499794,-75.006409,720,1220,2102,2602,-6.157928466796875,25.386838912963867,8.682019921604866,4.372034825331506,-23.006900787353516,8.629992485046387,-7.819913159263252,5.50562665295904,0.04577636811764056,28.034302445721067,12.25009868995321,5.990843611683872
274,610,20070126100000,winter_2,39.499794,-75.006409,720,1220,2102,2602,-8.464704513549805,28.21044921875,8.74191500987332,4.350133781452909,-23.583688735961914,7.9437255859375,-7.561482750960173,5.790920625568645,0.0335693358508825,30.86641652818529,12.18650766390552,6.127361259030092
275,611,20070126110000,winter_2,39.499794,-75.006409,720,1220,2102,2602,-8.753393173217773,25.968795776367188,8.72296493491135,4.302109466449227,-22.544965744018555,8.950197219848633,-7.247307531612713,5.994672036616249,0.0671386733098488,30.671103677522463,12.033442699789182,6.184988212782192
276,612,20070126120000,winter_2,39.499794,-75.006409,720,1220,2102,2602,-8.236780166625977,25.911582946777344,8.64029347591979,4.23127408472407,-22.354555130004883,8.470057487487793,-6.940239700784685,6.153037668117012,0.07019042821517764,29.02004932249781,11.838192949091441,6.200188632596269
277,613,20070126130000,winter_2,39.499794,-75.006409,720,1220,2102,2602,-7.5331034660339355,25.721296310424805,8.529394500886898,4.153721853447499,-21.30599594116211,8.873270034790039,-6.688073997177114,6.176191412381782,0.04272460920311477,29.160438947511977,11.601396199633367,6.187669687434403
278,614,20070126140000,winter_2,39.499794,-75.006409,720,1220,2102,2602,-5.642362594604492,25.671123504638672,8.226594170616698,4.235461146289442,-22.947235107421875,8.696727752685547,-6.480478840953335,5.975522093780437,0.030517578092369605,27.99157927178066,11.110448822203216,6.314853920737781
279,615,20070126150000,winter_2,39.499794,-75.006409,720,1220,2102,2602,-3.5130574703216553,24.8548583984375,8.354114939384138,4.113374619605019,-22.109529495239258,8.526018142700195,-6.215890550369422,5.740005250276269,0.03356933553679947,28.446304777045324,11.009983513226983,6.089031600139137
280,616,20070126160000,winter_2,39.499794,-75.006409,720,1220,2102,2602,-2.919496536254883,24.621397018432617,8.656555551299874,3.9808525930841294,-20.53284454345703,7.604179859161377,-5.923715966560209,5.468716184096071,0.021362304224765413,27.628409359344367,11.07103209812878,5.763042357772687
281,617,20070126170000,winter_2,39.499794,-75.006409,720,1220,2102,2602,-3.027965545654297,23.578039169311523,8.896608104551992,4.00325854129133,-19.182613372802734,7.682552337646484,-5.623257371588236,5.247905553056894,0.10986327998580564,27.10043282200523,11.107972247206103,5.563290701610696
282,618,20070126180000,winter_2,39.499794,-75.006409,720,1220,2102,2602,-3.4658327102661133,23.687358856201172,9.044790976745933,4.1801440274194,-18.6197452545166,8.257906913757324,-5.291726949151832,5.167051161110632,0.10375976329839537,27.50938421010202,11.122402184020777,5.502254934642623
283,619,20070126190000,winter_2,39.499794,-75.006409,720,1220,2102,2602,-4.036285400390625,23.150060653686523,9.10583028810064,4.468169004133322,-17.97600555419922,8.486842155456543,-4.964389199338118,5.24107915843883,0.07019042899526093,26.58161853779809,11.132493199126765,5.573360344003601
284,620,20070126200000,winter_2,39.499794,-75.006409,720,1220,2102,2602,-4.37228536605835,24.34299659729004,9.001628343801508,4.855631820488317,-18.635225296020508,9.604710578918457,-4.631471393592934,5.471787379956927,0.13733673468410199,27.46360737390685,11.074590786409328,5.775023509109948
285,621,20070126210000,winter_2,39.499794,-75.006409,720,1220,2102,2602,-5.789845943450928,25.581594467163086,8.578651263733844,5.310529192165572,-18.588590621948242,11.21391487121582,-4.273512472667374,5.765371084681928,0.015258788966962242,26.834923279270964,10.78713831268686,6.077420293734699
286,622,20070126220000,winter_2,39.499794,-75.006409,720,1220,2102,2602,-6.449874401092529,25.73251724243164,8.117251866988866,5.705388192892181,-18.28860855102539,11.813366889953613,-3.744754578567275,6.380922268697064,0.018310546948034793,26.599929932314467,10.70778661839284,6.206761948999625
287,623,20070126230000,winter_2,39.499794,-75.006409,720,1220,2102,2602,-6.739589691162109,26.642452239990234,7.8556875855121495,5.912040107753969,-17.83568000793457,13.0800199508667,-3.3047683056752883,6.9730023751698695,0.015258789440543348,26.841027464720526,10.8478391409896,6.207470283972034
288,624,20070127000000,winter_2,39.499794,-75.006409,720,1220,2102,2602,-7.283568859100342,28.365068435668945,7.493766740028591,5.9809851204265145,-18.90984535217285,14.403453826904297,-2.921249154216552,7.327408809299452,0.057983400798348225,28.513443407477517,10.802457220621422,6.120478530390928
289,625,20070127010000,winter_2,39.499794,-75.006409,720,1220,2102,2602,-8.16942310333252,30.329221725463867,7.088234305245274,6.0080148186246305,-18.732864379882812,15.732562065124512,-2.5142864793157895,7.498194995069077,0.042724609825046604,30.45747247852029,10.65123495552487,5.9527360291905556
290,626,20070127020000,winter_2,39.499794,-75.006409,720,1220,2102,2602,-9.467134475708008,32.009090423583984,6.686893311513007,6.002123608894573,-17.877023696899414,16.546836853027344,-2.088455010770444,7.521747726095866,0.04272460944796409,32.10241597831388,10.442479482422375,5.712528811501543
291,627,20070127030000,winter_2,39.499794,-75.006409,720,1220,2102,2602,-10.835491180419922,33.455909729003906,6.299867760523737,6.01487624388196,-17.28904151916504,17.051416397094727,-1.6049606310799556,7.44255782764336,0.009155273393829391,33.64971149531829,10.209605151452187,5.440459385555126
292,628,20070127040000,winter_2,39.499794,-75.006409,720,1220,2102,2602,-10.996315956115723,34.86920928955078,5.963522691749721,6.044412076831632,-17.173004150390625,17.24699592590332,-1.039877513760607,7.260115747594017,0.036621091736018525,35.215308351413725,9.98513406942482,5.1172496301491135
293,629,20070127050000,winter_2,39.499794,-75.006409,720,1220,2102,2602,-11.844344139099121,35.088539123535156,5.688406901110595,6.0955796274430964,-15.57258415222168,17.51317024230957,-0.46147974864750074,7.009054641832634,0.024414062600465625,35.480820605034445,9.793732789549159,4.789224639189416
294,630,20070127060000,winter_2,39.499794,-75.006409,720,1220,2102,2602,-12.493727684020996,35.25886154174805,5.514271198792726,6.166512677710491,-14.303497314453125,17.506196975708008,0.148414545990389,6.705141345548272,0.018310546630185436,35.605941982988206,9.649663369624614,4.505331247795942
295,631,20070127070000,winter_2,39.499794,-75.006409,720,1220,2102,2602,-12.510993957519531,35.61181640625,5.431377063204389,6.245090161682002,-14.084794044494629,17.189359664916992,0.7554574985233189,6.374345396398531,0.05493164124234684,35.78600176248393,9.555092411274018,4.290013077709201
296,632,20070127080000,winter_2,39.499794,-75.006409,720,1220,2102,2602,-12.520529747009277,36.19462966918945,5.469346492548859,6.262376957596847,-12.935869216918945,17.215028762817383,1.3593162282130908,6.004605650981266,0.018310546409545072,36.34449285940386,9.470608141364291,4.164339957232176
297,633,20070127090000,winter_2,39.499794,-75.006409,720,1220,2102,2602,-12.784903526306152,37.11277770996094,5.601583579474596,6.208773521930437,-12.448251724243164,17.451873779296875,1.9285254293040297,5.5811462881415315,0.030517578198136847,37.23563327090851,9.3873527962871,4.083211841628218
298,634,20070127100000,winter_2,39.499794,-75.006409,720,1220,2102,2602,-13.384982109069824,37.12749099731445,5.750082704737799,6.148237661054208,-13.378104209899902,17.390708923339844,2.472497447694346,5.133574047173386,0.051879883441167514,37.311933844588346,9.326625564828284,4.042914684765035
299,635,20070127110000,winter_2,39.499794,-75.006409,720,1220,2102,2602,-13.362725257873535,37.107078552246094,5.948923674788449,6.067467694351089,-14.047582626342773,17.273151397705078,2.981005410531867,4.674228786535283,0.030517578050476914,37.32108566618244,9.31016672036723,4.032302165750289
300,636,20070127120000,winter_2,39.499794,-75.006409,720,1220,2102,2602,-13.571982383728027,37.01719284057617,6.166031388795646,5.980161828176847,-14.953579902648926,16.947866439819336,3.4286838404363094,4.241130638449296,0.027465819253913153,37.253942835326534,9.341255460636717,4.033148517967535
301,637,20070127130000,winter_2,39.499794,-75.006409,720,1220,2102,2602,-13.356806755065918,36.564208984375,6.3417483329772155,5.834750259327812,-14.586397171020508,16.345916748046875,3.7036551343800777,3.795853998894351,0.018310546287679353,36.841944110639254,9.288246551816131,4.014489685571896
302,638,20070127140000,winter_2,39.499794,-75.006409,720,1220,2102,2602,-13.31520938873291,36.500797271728516,6.405815107138351,5.588022186241323,-13.324187278747559,14.811895370483398,3.5162575155766813,3.17994908770139,0.015258789156796853,36.60695253810329,8.839064671075839,4.075234716863378
303,639,20070127150000,winter_2,39.499794,-75.006409,720,1220,2102,2602,-11.15378475189209,35.40583801269531,6.287816108165109,5.325098525966763,-12.22974681854248,14.088969230651855,3.4743239084609767,2.764908089604774,0.024414062032458966,35.48387242494053,8.424749486360353,4.078301751745506
304,640,20070127160000,winter_2,39.499794,-75.006409,720,1220,2102,2602,-9.328757286071777,33.66191101074219,6.44013293942003,5.143184596434207,-10.363874435424805,13.73154354095459,3.60526081170955,2.5456297868382842,0.01831054668115724,33.98236190511729,8.43994516194743,4.021582060061449
305,641,20070127170000,winter_2,39.499794,-75.006409,720,1220,2102,2602,-8.205077171325684,33.26063537597656,6.647074529238137,5.007594801975748,-10.152530670166016,12.901933670043945,3.726677052670756,2.4372566584917856,0.04577636485627323,33.28653797068048,8.561977534452712,3.9724662455222117
306,642,20070127180000,winter_2,39.499794,-75.006409,720,1220,2102,2602,-6.948013782501221,32.19650650024414,6.836800705400612,4.912345275892883,-9.68415641784668,12.997730255126953,3.8417130047601487,2.414877158648184,0.03356933669679723,32.21228816735495,8.694444569275285,3.9837173756501527
307,643,20070127190000,winter_2,39.499794,-75.006409,720,1220,2102,2602,-7.676504611968994,31.08275032043457,6.9422127121801,4.882868444879814,-8.385278701782227,13.030120849609375,3.92709009408074,2.4618295634078797,0.030517576817525056,31.089202552533905,8.779642516076478,4.054286655794874
308,644,20070127200000,winter_2,39.499794,-75.006409,720,1220,2102,2602,-7.100926876068115,30.24580955505371,6.9231812790386735,4.897720102431305,-8.126087188720703,13.14203929901123,3.955064836571392,2.5702621499003837,0.015258789005082377,30.24994653884946,8.763379109585554,4.167741976966044
309,645,20070127210000,winter_2,39.499794,-75.006409,720,1220,2102,2602,-6.4672322273254395,30.374671936035156,7.021396296396835,4.913311564463421,-7.598467826843262,13.034844398498535,4.163321844676085,2.807440857686718,0.04272460850269875,30.387282896815957,9.005093813461057,4.190930068979488
310,646,20070127220000,winter_2,39.499794,-75.006409,720,1220,2102,2602,-6.755232810974121,29.150558471679688,7.586720969969587,4.851463413222793,-7.060008525848389,13.09992504119873,4.419649278507836,3.234676714959142,0.051879882702102455,29.160437319386183,9.698216646982713,4.12747615250733
311,647,20070127230000,winter_2,39.499794,-75.006409,720,1220,2102,2602,-6.491260051727295,28.784652709960938,8.187433615643382,4.777276964660804,-7.252962589263916,12.450358390808105,4.277543108894406,3.495151766998597,0.061035156892981515,28.81862647048105,10.142913401486265,4.182249760643164
312,648,20070128000000,winter_2,39.499794,-75.006409,720,1220,2102,2602,-7.3329010009765625,28.28076934814453,8.546294552249174,4.735601774141232,-9.027771949768066,12.169807434082031,3.8003826252306148,3.547167459686328,0.04272460854294292,28.3730629160376,10.227781229316458,4.228814366640812
313,649,20070128010000,winter_2,39.499794,-75.006409,720,1220,2102,2602,-7.445335865020752,25.16083335876465,8.68082777792178,4.71877086277808,-11.645060539245605,11.329495429992676,3.2319645311845857,3.5281693393342555,0.048828124023959016,25.183875811887074,10.133814827179755,4.221722401061806
314,650,20070128020000,winter_2,39.499794,-75.006409,720,1220,2102,2602,-7.777078151702881,25.778478622436523,8.610866003500641,4.691004158686639,-12.735115051269531,11.279727935791016,2.660937834992595,3.4324520875597724,0.07324218742211845,25.788139195111878,9.876231474284968,4.180299356324848
315,651,20070128030000,winter_2,39.499794,-75.006409,720,1220,2102,2602,-7.993658542633057,25.196149826049805,8.400074045503374,4.656240318244968,-12.876255989074707,11.535558700561523,2.1974179885878855,3.311390184272113,0.033569336009865836,25.238807684145463,9.530209818138035,4.148598493770899
316,652,20070128040000,winter_2,39.499794,-75.006409,720,1220,2102,2602,-8.412169456481934,22.97777557373047,8.119701238037973,4.5825980070685235,-11.969474792480469,12.597794532775879,1.8099748346275173,3.2052454447467733,0.045776367137369864,24.738303791305317,9.144559793860198,4.105652947943134
317,653,20070128050000,winter_2,39.499794,-75.006409,720,1220,2102,2602,-9.06767463684082,21.09831428527832,7.780541255890774,4.51911259111262,-10.237582206726074,16.02165412902832,1.4758580334491656,3.170464558772411,0.02746581962577288,22.171699572446517,8.763302098006118,4.048918329403663
318,654,20070128060000,winter_2,39.499794,-75.006409,720,1220,2102,2602,-8.533576011657715,21.936185836791992,7.447621832359344,4.496664284909795,-10.313180923461914,15.579350471496582,1.166924115820189,3.208949431249222,0.06713866984640428,25.363930521321922,8.446639060474414,4.000052196594963
319,655,20070128070000,winter_2,39.499794,-75.006409,720,1220,2102,2602,-7.901448726654053,23.41581916809082,7.121808364563691,4.499943644121136,-10.933989524841309,15.960617065429688,0.8562410449253959,3.2695659159581876,0.024414061407125816,25.473801464039887,8.19314547662874,3.9070736346329613
320,656,20070128080000,winter_2,39.499794,-75.006409,720,1220,2102,2602,-8.005396842956543,22.89523696899414,6.789028641373344,4.494316838233429,-12.399820327758789,16.37442970275879,0.475840662600487,3.3776619848333698,0.0518798842170268,23.40769990901602,7.990736289556989,3.7513933553475423
321,657,20070128090000,winter_2,39.499794,-75.006409,720,1220,2102,2602,-7.887766361236572,24.20650863647461,6.427623600524565,4.482704244802676,-12.649392127990723,19.37120819091797,0.04561150916717091,3.51663641222639,0.033569334943017566,27.89392209668167,7.81699678604685,3.5598252497686653
322,658,20070128100000,winter_2,39.499794,-75.006409,720,1220,2102,2602,-8.08619499206543,24.087644577026367,6.053750356006854,4.4260649949571,-13.38102912902832,15.044364929199219,-0.37935240446212865,3.6170477594496746,0.03967285111506452,25.028228239706998,7.6369970435142065,3.3378381642470454
323,659,20070128110000,winter_2,39.499794,-75.006409,720,1220,2102,2602,-8.212845802307129,24.68631362915039,5.690890690654166,4.348983986808149,-15.50363826751709,19.02855682373047,-0.8523844444241852,3.7134017893128632,0.03051757742052232,25.64165550926781,7.479987922856683,3.140953889246768
324,660,20070128120000,winter_2,39.499794,-75.006409,720,1220,2102,2602,-8.537482261657715,21.847835540771484,5.239147556571901,4.218663804871598,-17.056514739990234,18.218509674072266,-1.4334533395933868,3.7613490426738005,0.0701904267939465,24.555192040434928,7.260034367487186,2.956387575840914
325,661,20070128130000,winter_2,39.499794,-75.006409,720,1220,2102,2602,-8.902555465698242,22.673215866088867,4.681932236118685,4.062118959135003,-17.9093074798584,20.841732025146484,-1.931644390839483,3.682561034722732,0.08239746480357257,25.92852771310442,6.9187806169139,2.8007642713923038
326,662,20070128140000,winter_2,39.499794,-75.006409,720,1220,2102,2602,-6.770925045013428,22.40797996520996,3.8724717952778125,3.6970141458664605,-17.419734954833984,18.14272689819336,-2.028636675781732,3.1413119198899393,0.048828125626263444,25.952942060737335,5.947302901729579,2.6975446123108284
327,663,20070128150000,winter_2,39.499794,-75.006409,720,1220,2102,2602,-6.662795066833496,20.617368698120117,3.440401247214069,3.438065928270378,-16.128345489501953,19.725282669067383,-2.1938840828878035,2.8620507357592255,0.01831054670792583,24.640648771980807,5.455299091790195,2.6269434084668113
328,664,20070128160000,winter_2,39.499794,-75.006409,720,1220,2102,2602,-6.789159774780273,21.352516174316406,3.3077350094186353,3.3599472188012314,-15.668492317199707,20.16386604309082,-2.4912646363537956,2.667827870167233,0.018310546413183904,24.320198738767083,5.419519775535744,2.486537078233273
329,665,20070128170000,winter_2,39.499794,-75.006409,720,1220,2102,2602,-6.694348335266113,20.573759078979492,3.2862084220288406,3.3417427870838936,-14.51915168762207,21.33181381225586,-2.752097299092491,2.5744770232787455,0.061035153746565984,22.9102484058583,5.517903641145987,2.3918866072894702
330,666,20070128180000,winter_2,39.499794,-75.006409,720,1220,2102,2602,-6.340497970581055,19.638845443725586,3.345379987361799,3.3742741878863995,-13.197846412658691,24.968381881713867,-3.0279806366086546,2.632698439634594,0.03967285170643873,27.268288422904984,5.726410253270657,2.4259610416998276
331,667,20070128190000,winter_2,39.499794,-75.006409,720,1220,2102,2602,-5.6944708824157715,19.07655143737793,3.4175366334693433,3.4880135592886568,-16.58183479309082,28.46625328063965,-3.3695019030514826,2.6061216836016956,0.05493164076333948,30.338445917851285,5.990415046783747,2.4710597124634353
332,668,20070128200000,winter_2,39.499794,-75.006409,720,1220,2102,2602,-5.986797332763672,19.81207275390625,3.517869858034991,3.706378966586065,-12.561178207397461,22.147846221923828,-3.763826185656122,2.3015028991194817,0.042724611500438374,25.290686911764084,6.309282551986295,2.40185557678019
333,669,20070128210000,winter_2,39.499794,-75.006409,720,1220,2102,2602,-6.806963920593262,21.096878051757812,3.6127161129513863,3.976068262144493,-12.954164505004883,5.493017196655273,-4.1780406906403496,2.2532542651550047,0.08544921839967076,23.975341446374053,6.754856030977026,2.4012362097199675
334,670,20070128220000,winter_2,39.499794,-75.006409,720,1220,2102,2602,-7.904632568359375,21.198400497436523,3.7204969489415403,4.287842511458432,-12.578001976013184,4.861147403717041,-4.742421574429244,2.431356717730823,0.030517577323267733,24.27136927029621,7.414733131906004,2.3772844615728217
335,671,20070128230000,winter_2,39.499794,-75.006409,720,1220,2102,2602,-7.5249247550964355,21.418123245239258,3.9637866135922213,4.733727984556613,-14.654022216796875,5.914151191711426,-5.259952019038869,2.667941473307283,0.054931641087419235,23.090300487803663,8.119412228113909,2.6419570336032603
336,2160,20070401000000,spring_1,39.499794,-75.006409,720,1220,2102,2602,-13.557130813598633,8.854386329650879,-3.087197804473291,4.054327729347252,-10.080583572387695,14.192645072937012,1.1475192826554736,3.7261282955890547,0.024414062071148872,15.466781793166964,5.896264105042385,2.5304675069526157
337,2161,20070401010000,spring_1,39.499794,-75.006409,720,1220,2102,2602,-13.337874412536621,9.356185913085938,-3.130596740565349,4.211316199196944,-9.478728294372559,13.549201965332031,1.6649557473321652,3.74636021422894,0.01220703103260547,16.437271299090185,6.080752484403453,2.714325293771943
338,2162,20070401020000,spring_1,39.499794,-75.006409,720,1220,2102,2602,-13.5880765914917,8.991434097290039,-3.0195612438139707,4.2773065540897015,-8.457045555114746,13.898497581481934,2.0440775921578327,3.641031395941511,0.027465820181648424,17.00796466978968,6.097429163393462,2.76944432859636
339,2163,20070401030000,spring_1,39.499794,-75.006409,720,1220,2102,2602,-14.558491706848145,10.09225082397461,-2.83930919693728,4.336318818006068,-7.024350643157959,15.299407005310059,2.3056162337876587,3.5150755837235383,0.02441406265265515,17.407760102360164,6.064104226357128,2.7863237636495772
340,2164,20070401040000,spring_1,39.499794,-75.006409,720,1220,2102,2602,-13.776323318481445,9.772191047668457,-2.641639605192973,4.376051252371039,-7.403214931488037,16.197595596313477,2.480360760264306,3.440168484826515,0.02441406322705382,17.94793683974566,6.0178372031561995,2.8108127771987754
341,2165,20070401050000,spring_1,39.499794,-75.006409,720,1220,2102,2602,-13.888826370239258,10.373027801513672,-2.523704100181262,4.409530410957123,-8.587457656860352,15.523689270019531,2.583850529805994,3.4436044779415274,0.021362304172179374,17.97845483264305,6.013342340781329,2.8613720631668267
342,2166,20070401060000,spring_1,39.499794,-75.006409,720,1220,2102,2602,-14.040924072265625,9.836119651794434,-2.442295186614233,4.421120161468862,-8.057136535644531,16.00722312927246,2.6908397575671157,3.4856611120062446,0.04882812605788205,17.55424480891165,6.03449868302519,2.9131403834915353
343,2167,20070401070000,spring_1,39.499794,-75.006409,720,1220,2102,2602,-14.10737419128418,9.298521995544434,-2.3730048404586084,4.424469004484118,-7.129744052886963,16.74603271484375,2.8017796807904096,3.54340680027604,0.04272461020765185,17.554245285178865,6.065389035899487,2.9704940531169997
344,2168,20070401080000,spring_1,39.499794,-75.006409,720,1220,2102,2602,-13.317658424377441,9.47742748260498,-2.295616552345474,4.385070770119421,-6.724361419677734,17.735727310180664,2.9093843657503906,3.5986802771860624,0.015258788461918374,19.50743113455423,6.072873914999062,3.0056481084722764
345,2169,20070401090000,spring_1,39.499794,-75.006409,720,1220,2102,2602,-13.705050468444824,9.425169944763184,-2.2782746816856623,4.328728122385916,-6.8057661056518555,18.508880615234375,3.0090638624042967,3.6126663221287663,0.030517578315834726,19.97131309246914,6.06983181222269,3.031730155727071
346,2170,20070401100000,spring_1,39.499794,-75.006409,720,1220,2102,2602,-13.777255058288574,12.451216697692871,-2.3484013254527594,4.295383928437506,-6.43068790435791,18.60194969177246,3.166596108150259,3.6094307359016247,0.015258789078844558,19.08017053788313,6.116261264080988,3.1003195282089298
347,2171,20070401110000,spring_1,39.499794,-75.006409,720,1220,2102,2602,-14.223342895507812,8.911144256591797,-2.437553885971954,4.282798558743928,-6.1326904296875,19.27613639831543,3.366786028110069,3.6081820871183066,0.03662109544520737,19.9102788956233,6.2022103140011335,3.1891763506542863
348,2172,20070401120000,spring_1,39.499794,-75.006409,720,1220,2102,2602,-14.166359901428223,8.551987648010254,-2.503578625958171,4.190815772765492,-6.948014736175537,19.69371223449707,3.5161485446753713,3.5324240536820617,0.027465820009220605,20.557267240578255,6.184165764991232,3.229281166448563
349,2173,20070401130000,spring_1,39.499794,-75.006409,720,1220,2102,2602,-14.234854698181152,7.959405422210693,-2.4734958640184477,4.051107976187728,-6.297769546508789,20.96369743347168,3.5728815587785134,3.4425541472433188,0.015258789747643177,21.13712227221033,6.003836350355878,3.3317065284858685
350,2174,20070401140000,spring_1,39.499794,-75.006409,720,1220,2102,2602,-14.23585033416748,8.140421867370605,-2.498079292764984,4.0170927660429765,-5.088913917541504,20.932666778564453,3.8574694133648006,3.3687864038163475,0.027465819992015826,21.106597465090463,6.1393817967873305,3.303667311760558
351,2175,20070401150000,spring_1,39.499794,-75.006409,720,1220,2102,2602,-15.771048545837402,9.17204761505127,-2.5219744439941776,4.071871440322353,-4.683821201324463,19.75806999206543,4.307267165622016,3.3345524065917513,0.0335693341143195,20.050658066977732,6.4708681176741285,3.277216519348916
352,2176,20070401160000,spring_1,39.499794,-75.006409,720,1220,2102,2602,-17.377511978149414,8.686624526977539,-2.4390215444673258,4.197643539320529,-5.273653030395508,18.51943588256836,4.7855924028583825,3.3252195780871205,0.015258788625156734,19.357886747583677,6.842315475314568,3.2727261117661013
353,2177,20070401170000,spring_1,39.499794,-75.006409,720,1220,2102,2602,-14.847861289978027,12.553767204284668,-2.2969340466357298,4.38486631916318,-5.33408260345459,18.75567626953125,5.226641483885437,3.3254066528059316,0.0183105466741348,19.263282436376834,7.2266386900490875,3.2641633694730676
354,2178,20070401180000,spring_1,39.499794,-75.006409,720,1220,2102,2602,-15.20465087890625,15.354796409606934,-2.1255531432189474,4.519123037453059,-5.398965835571289,18.643699645996094,5.624132519883205,3.2605284072248657,0.07629394493610425,18.99472082626055,7.553361068419842,3.1857648779993935
355,2179,20070401190000,spring_1,39.499794,-75.006409,720,1220,2102,2602,-16.071521759033203,15.747093200683594,-1.9162927443710494,4.660808178503558,-7.226381301879883,18.202133178710938,5.970749795623561,3.2100673380281384,0.219734191873169,20.606094114973633,7.852231063888984,3.1132239744106944
356,2180,20070401200000,spring_1,39.499794,-75.006409,720,1220,2102,2602,-16.80003547668457,21.490493774414062,-1.7129044284923498,4.7736105351459415,-7.094694137573242,17.954444885253906,6.23497817825962,3.2076343609520293,0.09155273387963864,21.66204037375512,8.092099835566009,3.0664622043278804
357,2181,20070401210000,spring_1,39.499794,-75.006409,720,1220,2102,2602,-14.533500671386719,24.39035987854004,-1.532918259875106,4.826695781059341,-9.681029319763184,18.834226608276367,6.396876980556181,3.275181184097189,0.04882812712627834,24.744408629249982,8.242548545527805,3.058442564771466
358,2182,20070401220000,spring_1,39.499794,-75.006409,720,1220,2102,2602,-14.500012397766113,17.15796661376953,-1.4440280846209963,4.819458472287219,-8.140053749084473,20.651844024658203,6.516306338168813,3.373691835362107,0.11596679290674436,20.651878291048483,8.34073037049703,3.09655596668165
359,2183,20070401230000,spring_1,39.499794,-75.006409,720,1220,2102,2602,-15.192394256591797,18.917673110961914,-1.3380056522709238,4.870318135585207,-9.464500427246094,20.968822479248047,6.832784450918035,3.4771245577254426,0.06408691412868371,21.143226745876497,8.631846297781184,3.127111430928708
360,2184,20070402000000,spring_1,39.499794,-75.006409,720,1220,2102,2602,-15.340863227844238,14.146092414855957,-1.0646226784436372,5.023529647055676,-9.406341552734375,21.305288314819336,7.152204529352532,3.5679721533113398,0.10070801252362298,21.87567059659649,8.985247854669776,3.0852953617039693
361,2185,20070402010000,spring_1,39.499794,-75.006409,720,1220,2102,2602,-14.996138572692871,15.284998893737793,-0.5221518235784085,5.190726508324426,-11.879008293151855,20.7712345123291,7.376267166144666,3.5405772227430403,0.20142364765117904,20.819725926079336,9.178803370518981,3.1481514056646374
362,2186,20070402020000,spring_1,39.499794,-75.006409,720,1220,2102,2602,-14.738165855407715,17.895984649658203,0.12529763952087122,5.387527563452584,-6.34615421295166,21.201791763305664,7.471820118330464,3.535766026015553,0.0823974568951286,21.207312751950294,9.318319608945478,3.246507305149137
363,2187,20070402030000,spring_1,39.499794,-75.006409,720,1220,2102,2602,-14.968223571777344,18.52442169189453,0.896919568066685,5.587008308294522,-8.157721519470215,20.153926849365234,7.419657374626197,3.576578680358556,0.09460449112712929,20.203255173701525,9.39685079598033,3.400228268845645
364,2188,20070402040000,spring_1,39.499794,-75.006409,720,1220,2102,2602,-14.568225860595703,18.52448844909668,1.6931329689935841,5.824596699408937,-6.412962913513184,19.47085952758789,7.205486534420263,3.5868922378313557,0.048828125690144934,19.754630918781913,9.426511569712433,3.566277851074237
365,2189,20070402050000,spring_1,39.499794,-75.006409,720,1220,2102,2602,-14.600164413452148,20.561229705810547,2.384155633497141,6.089543754859328,-7.041804313659668,18.856170654296875,6.864206530314076,3.6093565671369072,0.07324218930537917,21.835989982050204,9.447546957011344,3.6953191799476266
366,2190,20070402060000,spring_1,39.499794,-75.006409,720,1220,2102,2602,-14.336386680603027,19.6887264251709,2.9672082838132576,6.341789855544435,-5.366600036621094,17.694643020629883,6.475295612023818,3.6452908944833666,0.061035157798291245,19.998778781634194,9.478826453338865,3.7936883909195687
367,2191,20070402070000,spring_1,39.499794,-75.006409,720,1220,2102,2602,-16.25493621826172,21.149429321289062,3.500564110082168,6.636957714315723,-7.26404333114624,16.841053009033203,6.083638889531743,3.7122230734922903,0.08239745875818574,21.28665907147318,9.585945793408985,3.8992386849007468
368,2192,20070402080000,spring_1,39.499794,-75.006409,720,1220,2102,2602,-17.240398406982422,23.217082977294922,3.9766251985398755,6.8858538769774595,-8.102422714233398,15.995253562927246,5.613538181261538,3.744797419911805,0.09460448929152332,25.946838921353898,9.637824739984971,3.9844930034749337
369,2193,20070402090000,spring_1,39.499794,-75.006409,720,1220,2102,2602,-17.070598602294922,24.477602005004883,4.354731023084557,7.072104302631757,-7.913425445556641,16.265775680541992,5.166998999520136,3.773214102954412,0.07324218923898417,24.49415719257376,9.66321185766412,4.066411375204605
370,2194,20070402100000,spring_1,39.499794,-75.006409,720,1220,2102,2602,-17.226825714111328,24.95426368713379,4.5845136366023835,7.220384565762042,-7.46754264831543,16.55082130432129,4.716146257735796,3.7970259996682656,0.054931639923339264,25.06790221595293,9.650237709112325,4.084614141608303
371,2195,20070402110000,spring_1,39.499794,-75.006409,720,1220,2102,2602,-17.53822898864746,23.98923110961914,4.737863062596599,7.326221238198018,-8.1618013381958,17.400630950927734,4.2983628688211555,3.7876541337743292,0.06713867242412323,24.106567783508762,9.615385644903508,4.060476587776692
372,2196,20070402120000,spring_1,39.499794,-75.006409,720,1220,2102,2602,-19.13478660583496,24.177078247070312,4.731588261003477,7.242473644201963,-8.947768211364746,17.5862979888916,3.6785877658440396,3.702225535780864,0.09765625157219836,25.965149511283727,9.285938231336262,3.9813546678535077
373,2197,20070402130000,spring_1,39.499794,-75.006409,720,1220,2102,2602,-17.50025749206543,23.605680465698242,4.424788875761715,7.024822223584273,-8.446003913879395,15.813061714172363,2.856430070756943,3.5549533277974503,0.08239745724002163,23.6823654003389,8.543455699483872,4.090615417138029
374,2198,20070402140000,spring_1,39.499794,-75.006409,720,1220,2102,2602,-17.89984703063965,26.055871963500977,4.476320788012613,6.885618878496323,-8.031953811645508,17.25543212890625,2.4492382310084375,3.4059552750423046,0.05493164112699828,26.120789931127693,8.306243065469173,4.006846705611026
375,2199,20070402150000,spring_1,39.499794,-75.006409,720,1220,2102,2602,-17.92129898071289,21.024940490722656,4.760182114432084,6.765459700891591,-7.691040515899658,13.563339233398438,2.1150112811935533,3.209212808345344,0.0671386701078828,21.103545516081688,8.293260673387527,3.7980160214268324
376,2200,20070402160000,spring_1,39.499794,-75.006409,720,1220,2102,2602,-17.420692443847656,21.09059715270996,5.075419973394365,6.698304404019014,-6.784862518310547,12.550249099731445,1.7960422493515682,3.082882395329504,0.061035155651441214,21.463669492257168,8.374991792412912,3.6354661182764123
377,2201,20070402170000,spring_1,39.499794,-75.006409,720,1220,2102,2602,-17.336206436157227,20.379817962646484,5.256381277731038,6.651895041125711,-6.715942859649658,12.93442440032959,1.4640975907212486,3.002033286560254,0.039672851068752686,20.71596612743979,8.406421278354157,3.5164070689611875
378,2202,20070402180000,spring_1,39.499794,-75.006409,720,1220,2102,2602,-16.861265182495117,23.70580291748047,5.353404757125713,6.610008667914668,-6.299161434173584,12.143011093139648,1.1762327604742728,2.957532488459827,0.10375975910831832,24.533827904351075,8.413041866082951,3.420877894659068
379,2203,20070402190000,spring_1,39.499794,-75.006409,720,1220,2102,2602,-16.047056198120117,19.446117401123047,5.367379424011452,6.5656067882126194,-6.518171787261963,12.704448699951172,0.9390102777744683,2.9576829640934426,0.08239745865062371,19.733269241050188,8.41153998532749,3.28505377000387
380,2204,20070402200000,spring_1,39.499794,-75.006409,720,1220,2102,2602,-16.166248321533203,18.853744506835938,5.292222039691003,6.51361268820115,-7.684529781341553,12.247379302978516,0.7434426184901346,2.9963482768841785,0.10986328356493084,18.951994946366238,8.36581188913498,3.1589184428009993
381,2205,20070402210000,spring_1,39.499794,-75.006409,720,1220,2102,2602,-15.88019847869873,18.200592041015625,5.118021713043392,6.426606271406478,-8.182016372680664,12.377306938171387,0.5162659429467784,3.027953062282663,0.08544921814544133,18.57966640487084,8.227117993656645,3.040554918522185
382,2206,20070402220000,spring_1,39.499794,-75.006409,720,1220,2102,2602,-15.99081039428711,17.191852569580078,4.554727654888715,6.095434936411818,-6.489035129547119,12.993965148925781,0.3006806101729819,3.0668267992281075,0.08544922091275702,17.740409884963604,7.74027809475203,2.735653767554915
383,2207,20070402230000,spring_1,39.499794,-75.006409,720,1220,2102,2602,-15.29926872253418,17.66236114501953,4.1528096210316106,5.912306047195575,-6.912611961364746,12.960808753967285,0.16186708189243323,3.2198971613980705,0.12818146011658174,18.124947213233412,7.455095811442888,2.6489008415991155
384,2208,20070403000000,spring_1,39.499794,-75.006409,720,1220,2102,2602,-14.82182502746582,18.38383674621582,4.051095444657226,5.809287839378658,-8.067153930664062,12.954584121704102,-0.07267265861577381,3.427735660865452,0.0488281259955523,19.08017012973664,7.409589802814121,2.6479863165407918
385,2209,20070403010000,spring_1,39.499794,-75.006409,720,1220,2102,2602,-14.29916000366211,18.321365356445312,3.9037150129581835,5.584388024978106,-9.269603729248047,12.759477615356445,-0.3914531037489301,3.5179326316901287,0.05493164137780559,19.174782865890702,7.1950376028270755,2.680466366765918
386,2210,20070403020000,spring_1,39.499794,-75.006409,720,1220,2102,2602,-13.583992004394531,18.007211685180664,3.6707890402348187,5.2996471924424124,-10.773688316345215,12.127143859863281,-0.7319285831727644,3.5114310887450726,0.05187988499752436,18.84822817822344,6.8569953086435556,2.721844158173237
387,2211,20070403030000,spring_1,39.499794,-75.006409,720,1220,2102,2602,-13.434619903564453,16.824750900268555,3.4086981674494394,4.961337867460517,-10.60357666015625,12.520049095153809,-1.0362763919023559,3.4455879540130896,0.021362305436110944,17.96929888570289,6.463774634121802,2.7202314644913343
388,2212,20070403040000,spring_1,39.499794,-75.006409,720,1220,2102,2602,-13.811091423034668,16.128095626831055,3.1480984839399078,4.668838580473626,-10.832324981689453,11.164558410644531,-1.2818461365440026,3.3394056325874018,0.0579834000747031,16.47084105341506,6.109998523496427,2.677919956739645
389,2213,20070403050000,spring_1,39.499794,-75.006409,720,1220,2102,2602,-13.67790412902832,15.446024894714355,2.8519056321961442,4.421046329666194,-10.591994285583496,11.015769958496094,-1.521308974641304,3.1881420963624696,0.03662109213187796,15.643791159972682,5.769431599924635,2.621317687866302
390,2214,20070403060000,spring_1,39.499794,-75.006409,720,1220,2102,2602,-13.474820137023926,15.475713729858398,2.556862098337829,4.202180955004224,-10.767319679260254,10.690741539001465,-1.7314932517120603,3.0624165449347847,0.03662109163647257,15.637687454543016,5.477106685417292,2.5639100804218273
391,2215,20070403070000,spring_1,39.499794,-75.006409,720,1220,2102,2602,-13.072504997253418,15.183633804321289,2.2861586647085606,3.97753032159297,-11.210426330566406,10.818010330200195,-1.910360793886887,2.974014968785865,0.027465821441951314,15.323341661204182,5.215331182518514,2.518299615503697
392,2216,20070403080000,spring_1,39.499794,-75.006409,720,1220,2102,2602,-12.906173706054688,14.285642623901367,2.002556129780593,3.7249640212563686,-10.594622611999512,10.378068923950195,-2.058600129575438,2.8925118876339972,0.03356933547774682,14.331489248074735,4.944847281669513,2.457342647482007
393,2217,20070403090000,spring_1,39.499794,-75.006409,720,1220,2102,2602,-12.494406700134277,13.782065391540527,1.6799982574705306,3.46668047898895,-10.865803718566895,9.858474731445312,-2.1907734695214756,2.826019800212017,0.015258789021704274,13.830985420894276,4.702215704553989,2.3484700258471345
394,2218,20070403100000,spring_1,39.499794,-75.006409,720,1220,2102,2602,-12.308931350708008,13.372771263122559,1.321134512619588,3.2421442839195067,-9.905683517456055,9.983308792114258,-2.2891813812268347,2.7936973316781053,0.03662109084493307,13.385421869978018,4.513920492946539,2.2195751662705105
395,2219,20070403110000,spring_1,39.499794,-75.006409,720,1220,2102,2602,-12.683743476867676,12.97976303100586,0.9303676739163904,3.057150168308884,-9.677693367004395,10.422272682189941,-2.3411443475037403,2.8189666809006604,0.03051757925381279,13.040557549658198,4.374942654758686,2.1211218568742
396,2220,20070403120000,spring_1,39.499794,-75.006409,720,1220,2102,2602,-12.895286560058594,12.851197242736816,0.46102140353640375,2.8185371485850403,-9.16671085357666,10.513481140136719,-2.2974120849113393,2.883444288599271,0.018310546643876602,12.994781093923084,4.198290931094425,2.030615400245771
397,2221,20070403130000,spring_1,39.499794,-75.006409,720,1220,2102,2602,-13.116222381591797,13.044330596923828,0.04735684801554991,2.4533841837170116,-9.486004829406738,8.090378761291504,-2.1149289501593587,2.80398219785427,0.015258789205960993,13.397628826407804,3.7585549574805834,2.056657940852273
398,2222,20070403140000,spring_1,39.499794,-75.006409,720,1220,2102,2602,-12.789031028747559,12.02945327758789,-0.2389322560966744,2.2733079405429066,-9.091560363769531,8.575660705566406,-2.077412361529084,2.85587142822229,0.012207031029794917,13.12601470965101,3.586373521565863,2.1987692725068757
399,2223,20070403150000,spring_1,39.499794,-75.006409,720,1220,2102,2602,-12.572406768798828,10.193547248840332,-0.5445607735267595,2.3133410536269237,-9.536218643188477,9.166455268859863,-1.9611304938420644,3.158076064352127,0.021362305197923526,13.003936702127978,3.793700943831862,2.2528656545253805
400,2224,20070403160000,spring_1,39.499794,-75.006409,720,1220,2102,2602,-12.34305477142334,7.563076496124268,-0.8140708956555603,2.4381138055032783,-10.043036460876465,9.870546340942383,-1.7544037102187802,3.5497948196473303,0.021362304034462005,13.159583728729611,4.11835740113324,2.307643453459532
401,2225,20070403170000,spring_1,39.499794,-75.006409,720,1220,2102,2602,-12.210577011108398,7.373265743255615,-1.0634467358586752,2.6146793681108047,-10.144379615783691,10.27856159210205,-1.4831391086127241,3.9646444387339534,0.0152587896559145,13.42204274342412,4.472682516613213,2.42501245454449
402,2226,20070403180000,spring_1,39.499794,-75.006409,720,1220,2102,2602,-12.600412368774414,8.314967155456543,-1.2992374307819399,2.831371665686856,-10.94542407989502,9.8455810546875,-1.1748747641584627,4.361882820739853,0.018310547291352126,14.044617100525212,4.8811494550983685,2.5070731662865327
403,2227,20070403190000,spring_1,39.499794,-75.006409,720,1220,2102,2602,-12.494928359985352,7.6082916259765625,-1.5751690317177367,3.0866107150551563,-11.69401741027832,10.128104209899902,-0.8695250497620336,4.7302615652027455,0.027465819372963697,14.206367236202484,5.348183460114952,2.5566980950293585
404,2228,20070403200000,spring_1,39.499794,-75.006409,720,1220,2102,2602,-12.407028198242188,7.6604695320129395,-1.9594650783578789,3.3149703321588455,-11.71346664428711,10.024835586547852,-0.5747453654141885,5.047488349987665,0.030517578054131106,14.059875656039873,5.85844062251638,2.5129019175394727
405,2229,20070403210000,spring_1,39.499794,-75.006409,720,1220,2102,2602,-12.552927017211914,10.665499687194824,-2.487278143624265,3.501227098512406,-11.517266273498535,13.415897369384766,-0.263908880105176,5.3198645666559035,0.018310546702955423,15.161598173746954,6.416735424407605,2.375133081917831
406,2230,20070403220000,spring_1,39.499794,-75.006409,720,1220,2102,2602,-13.658520698547363,7.53433084487915,-3.223726760725732,3.544507130701784,-12.170498847961426,11.604557991027832,-0.02062408158053062,5.467658449914023,0.06408691511765258,14.661094502653874,6.94931418400646,2.1351092892493555
407,2231,20070403230000,spring_1,39.499794,-75.006409,720,1220,2102,2602,-14.193360328674316,6.801820278167725,-4.19473367820309,3.6464422458021026,-12.11582088470459,12.782052040100098,0.39857874068142485,5.778345813558402,0.10681152333820812,15.549178615022154,7.7616328444535165,2.048788086775454
408,2232,20070404000000,spring_1,39.499794,-75.006409,720,1220,2102,2602,-14.657235145568848,6.331873893737793,-4.8977106718198655,3.810361614866506,-12.579421997070312,14.461526870727539,1.0054030861710894,6.2195455410878235,0.137336720805143,18.558304338307348,8.5671343697828,2.1918522428166405
409,2233,20070404010000,spring_1,39.499794,-75.006409,720,1220,2102,2602,-15.501957893371582,8.292916297912598,-5.199393720221844,3.8744353753282694,-12.468871116638184,16.51105308532715,1.4175918516274122,6.362268012176864,0.1434402472915085,20.70680928686885,8.878528455805416,2.3884509439174852
410,2234,20070404020000,spring_1,39.499794,-75.006409,720,1220,2102,2602,-16.60904312133789,8.185315132141113,-5.386368987038363,3.9182919157926093,-12.002617835998535,20.688936233520508,1.773399071768447,6.351695421795987,0.15564728334280903,22.458572290801808,9.018737210356809,2.552908249709172
411,2235,20070404030000,spring_1,39.499794,-75.006409,720,1220,2102,2602,-17.947174072265625,12.168496131896973,-5.474374621865641,3.9319509139335906,-12.341028213500977,21.26457977294922,2.1132405645099905,6.320770166459519,0.10681152104001165,23.212380262673012,9.083258493878816,2.709492905357628
412,2236,20070404040000,spring_1,39.499794,-75.006409,720,1220,2102,2602,-18.40012550354004,15.867616653442383,-5.450621322864965,4.134677286984231,-11.162470817565918,22.164453506469727,2.367467898698399,6.160904308795428,0.20752714991365895,23.197120951293986,9.077548489298763,2.822160280831815
413,2237,20070404050000,spring_1,39.499794,-75.006409,720,1220,2102,2602,-20.81148910522461,18.238935470581055,-5.315392429648351,4.536776425414966,-10.260029792785645,23.53426170349121,2.515275487796534,5.834378690010184,0.09460448976669213,24.042479852429018,8.966774509051733,2.966357597650545
414,2238,20070404060000,spring_1,39.499794,-75.006409,720,1220,2102,2602,-20.69175148010254,18.72474479675293,-5.14796306799592,4.850499218509234,-13.336355209350586,24.03472328186035,2.6388563198990593,5.4415201474832005,0.1556472876062509,24.231697166230592,8.787737408945857,3.0623915233292758
415,2239,20070404070000,spring_1,39.499794,-75.006409,720,1220,2102,2602,-18.706146240234375,18.80516242980957,-4.98560702348277,4.797272204856634,-12.459296226501465,24.82870101928711,2.930493295330736,5.202557439150074,0.05493164014053293,24.866478584358358,8.604609170056134,3.0798041970733783
416,2240,20070404080000,spring_1,39.499794,-75.006409,720,1220,2102,2602,-19.255033493041992,21.523229598999023,-4.755138839506803,4.803446166602955,-13.046784400939941,24.628808975219727,3.3530747927466136,5.091875713355601,0.20447539707009457,24.961090997754408,8.576751297809414,3.048620422416772
417,2241,20070404090000,spring_1,39.499794,-75.006409,720,1220,2102,2602,-19.56338119506836,21.65654945373535,-4.471653778917336,5.046132812791846,-10.810766220092773,26.218341827392578,3.785780658334148,5.044628645806908,0.07324219018693957,26.480911270596337,8.682792461687503,3.138259440711603
418,2242,20070404100000,spring_1,39.499794,-75.006409,720,1220,2102,2602,-20.05459976196289,22.745359420776367,-4.208622094060938,5.441905254831751,-8.511239051818848,25.278566360473633,4.13832954191891,4.967141567004984,0.09765624692285789,25.63860321771266,8.838506275024965,3.317515079651503
419,2243,20070404110000,spring_1,39.499794,-75.006409,720,1220,2102,2602,-20.49964141845703,23.56756591796875,-3.9520229193348086,5.962412345888097,-8.101459503173828,24.368257522583008,4.45022825700783,4.852754167818992,0.1251296987889155,26.09637609888792,9.077447872033272,3.4817439338096894
420,2244,20070404120000,spring_1,39.499794,-75.006409,720,1220,2102,2602,-21.525571823120117,22.97513771057129,-3.6308303635185215,6.516387683922284,-11.408424377441406,25.565832138061523,4.617092580075107,4.749400035559944,0.10375977021584935,25.66301765664522,9.304025897918907,3.599400541400994
421,2245,20070404130000,spring_1,39.499794,-75.006409,720,1220,2102,2602,-22.28120231628418,25.212961196899414,-3.2809236169724243,7.016982549943139,-13.008951187133789,25.374465942382812,4.602982993191596,4.66628360571173,0.027465821238137775,26.06585736415951,9.462494989224492,3.6640616247629425
422,2246,20070404140000,spring_1,39.499794,-75.006409,720,1220,2102,2602,-21.372451782226562,26.075246810913086,-2.7444598489674252,7.622458997160277,-13.747223854064941,24.401132583618164,4.551744148107149,4.690310756913063,0.03662109413570705,27.048552716583863,9.762027371918489,3.6130530583068157
423,2247,20070404150000,spring_1,39.499794,-75.006409,720,1220,2102,2602,-20.64015007019043,25.203248977661133,-2.1598184384864925,8.093864363333525,-11.834014892578125,22.845645904541016,4.615746688408468,4.775796086786152,0.042724607200559754,26.285591788314715,10.069108905795318,3.5919141995064034
424,2248,20070404160000,spring_1,39.499794,-75.006409,720,1220,2102,2602,-20.935062408447266,24.26221466064453,-1.5714720310593033,8.421283081913144,-12.759984970092773,22.295475006103516,4.778014675033413,4.868123809235046,0.0427246087975003,24.97329675553042,10.331898089703028,3.628700678064385
425,2249,20070404170000,spring_1,39.499794,-75.006409,720,1220,2102,2602,-20.9989070892334,27.401674270629883,-0.9580396300308562,8.731087863709583,-16.025569915771484,23.258100509643555,4.8725747788529485,5.015937534543384,0.06713867040084219,27.414778546995787,10.599647727587177,3.7011913748869367
426,2250,20070404180000,spring_1,39.499794,-75.006409,720,1220,2102,2602,-20.297866821289062,27.78656005859375,-0.32437873655257,8.990032037808973,-11.484245300292969,24.0573787689209,4.833133306691617,5.279336632655094,0.08544921857586035,27.90307611135937,10.862717347586162,3.762690828802668
427,2251,20070404190000,spring_1,39.499794,-75.006409,720,1220,2102,2602,-20.85177993774414,26.81521224975586,0.31870607792043104,9.171071283175031,-11.790060043334961,22.98162269592285,4.64029443464822,5.635830011150686,0.04882812580949192,27.140114308146988,11.104389785725377,3.7679652183470407
428,2252,20070404200000,spring_1,39.499794,-75.006409,720,1220,2102,2602,-20.528898239135742,29.007593154907227,0.9312762661030791,9.315697360033896,-12.243860244750977,21.478574752807617,4.276759108125391,6.034395547271326,0.03967285107259105,29.474777785342013,11.285615619575232,3.8715592420380744
429,2253,20070404210000,spring_1,39.499794,-75.006409,720,1220,2102,2602,-20.167282104492188,28.815980911254883,1.543013059237265,9.39264700048196,-14.917242050170898,22.180770874023438,3.712881992858656,6.423422397411699,0.10681152383304096,29.569380751347904,11.399795885539334,3.96146547796952
430,2254,20070404220000,spring_1,39.499794,-75.006409,720,1220,2102,2602,-21.09380340576172,25.550397872924805,2.018617959673445,9.313740025342996,-15.00261402130127,23.48967170715332,2.9935702463147025,6.705679675642291,0.10070800892979082,26.273383350814125,11.327926985471874,4.052930380669429
431,2255,20070404230000,spring_1,39.499794,-75.006409,720,1220,2102,2602,-20.46275520324707,23.3713436126709,2.2423362857736953,9.068418678195368,-16.822044372558594,26.166826248168945,2.2393591953816996,6.886284110582333,0.09155273657886359,26.27643524666778,11.07432054114107,4.130296884147702
432,2256,20070405000000,spring_1,39.499794,-75.006409,720,1220,2102,2602,-20.071226119995117,25.822711944580078,2.699078606687231,8.950899745958518,-17.320148468017578,23.538015365600586,1.330051568749619,7.196385864500471,0.04882812613428199,28.528701768744643,11.127227337029684,4.140706469148919
433,2257,20070405010000,spring_1,39.499794,-75.006409,720,1220,2102,2602,-19.320913314819336,25.702219009399414,3.232678124487358,8.839061907258223,-22.65729522705078,23.46030616760254,0.3334365513355938,7.450603147103953,0.10986328073319852,29.435104606710865,11.300343104231455,4.062528298108585
434,2258,20070405020000,spring_1,39.499794,-75.006409,720,1220,2102,2602,-19.289968490600586,25.747072219848633,3.805728701263248,8.702597869567155,-19.069658279418945,26.345550537109375,-0.6490880146576401,7.489605422063483,0.06713866954138369,29.651786668541153,11.43074545524738,4.009032750343895
435,2259,20070405030000,spring_1,39.499794,-75.006409,720,1220,2102,2602,-19.8974666595459,26.02529525756836,4.378889611647629,8.475250892595637,-20.41962432861328,26.456378936767578,-1.5642264704896802,7.329825045109263,0.051879885634769654,30.637534453605245,11.46619141470283,3.962845695674431
436,2260,20070405040000,spring_1,39.499794,-75.006409,720,1220,2102,2602,-21.249902725219727,26.63953971862793,4.868330398591218,8.21090801824447,-21.63542366027832,23.736167907714844,-2.4050843919478138,7.024674861059972,0.07629394296451533,31.87047532331657,11.435184964929306,3.93531244093431
437,2261,20070405050000,spring_1,39.499794,-75.006409,720,1220,2102,2602,-21.19687271118164,25.758811950683594,5.252301405680768,7.87433410269898,-20.99506378173828,25.364578247070312,-3.0932556737754457,6.727209420636733,0.05187988068101954,31.27536779616577,11.363477733940147,3.909828469349822
438,2262,20070405060000,spring_1,39.499794,-75.006409,720,1220,2102,2602,-21.317272186279297,25.722278594970703,5.690731281377139,7.544042246711199,-21.541963577270508,22.112186431884766,-3.7221888512827572,6.401969137962328,0.07324218965559375,30.472731646819707,11.342371707962036,3.935415945419968
439,2263,20070405070000,spring_1,39.499794,-75.006409,720,1220,2102,2602,-23.032169342041016,24.196928024291992,6.172757617232738,7.1793033673422055,-22.052162170410156,23.85447883605957,-4.2850260498016715,6.112575023139059,0.08239745732950243,30.90914782977838,11.3821638921456,3.9770215280728958
440,2264,20070405080000,spring_1,39.499794,-75.006409,720,1220,2102,2602,-22.289649963378906,26.627046585083008,6.588618193531239,6.725657485072325,-21.517736434936523,23.246959686279297,-4.571682695276922,5.864176758643736,0.09155273510457247,30.487991567308665,11.351489863295775,3.882896845532386
441,2265,20070405090000,spring_1,39.499794,-75.006409,720,1220,2102,2602,-23.003393173217773,29.431846618652344,6.972213786860311,6.154382142214257,-22.273284912109375,24.485563278198242,-4.641618886774581,5.5595485081113845,0.08239746075399369,31.94677733509341,11.196330098423973,3.6855911972602464
442,2266,20070405100000,spring_1,39.499794,-75.006409,720,1220,2102,2602,-22.259828567504883,28.396251678466797,7.344640418634271,5.549537720543524,-22.737083435058594,20.547346115112305,-4.559821409247599,5.242614510454394,0.0823974607536647,31.769768648543124,10.994933639223829,3.48274665304492
443,2267,20070405110000,spring_1,39.499794,-75.006409,720,1220,2102,2602,-21.218446731567383,26.861919403076172,7.745813068233695,4.991511197376262,-22.200927734375,19.633005142211914,-4.3808509922577885,4.954946945448457,0.0885009759411416,31.03122012029135,10.848124148542047,3.3127573451652745
444,2268,20070405120000,spring_1,39.499794,-75.006409,720,1220,2102,2602,-20.52210235595703,29.693510055541992,8.153356396597314,4.53129854332443,-21.24641990661621,18.174880981445312,-4.257729108181684,4.4560331846795656,0.03662109504829913,32.480850404691395,10.704201700105045,3.2271414415485182
445,2269,20070405130000,spring_1,39.499794,-75.006409,720,1220,2102,2602,-18.96878433227539,27.307777404785156,8.747054241408208,4.064147861312615,-20.455406188964844,17.75762176513672,-4.183547202604288,3.9662606185140086,0.051879884108944854,30.25299842828642,10.817121465591207,3.0416162528807766
446,2270,20070405140000,spring_1,39.499794,-75.006409,720,1220,2102,2602,-14.93350887298584,26.826793670654297,9.151884545485798,3.544315582905234,-18.503141403198242,16.533327102661133,-3.8779389741299086,3.509175261677538,0.04577636616180885,29.23978499741003,10.744234075819083,2.869376154041162
447,2271,20070405150000,spring_1,39.499794,-75.006409,720,1220,2102,2602,-3.731661319732666,26.118183135986328,9.490622155368323,3.2322828534055192,-16.985593795776367,14.045212745666504,-3.5098943119290293,3.1099247129388483,0.10681152347550568,28.037354904561276,10.734521397554152,2.698258976988489
448,2272,20070405160000,spring_1,39.499794,-75.006409,720,1220,2102,2602,-1.3899461030960083,25.88471031188965,9.831065226280849,3.141215548727737,-16.697738647460938,9.923510551452637,-3.1455103105246973,2.838836783422796,0.13428498080605458,27.860344545087557,10.846266351157393,2.613200000619884
449,2273,20070405170000,spring_1,39.499794,-75.006409,720,1220,2102,2602,-2.9467403888702393,25.963165283203125,10.152393951559636,3.1447662775481846,-16.454296112060547,9.593524932861328,-2.8662213509290315,2.6381789756209812,0.8514632962637588,27.692497857535077,11.011168871999022,2.6248868738135673
450,2274,20070405180000,spring_1,39.499794,-75.006409,720,1220,2102,2602,-4.22507381439209,25.761032104492188,10.433649217150528,3.170805300916583,-15.55229377746582,9.075090408325195,-2.6575339874839936,2.5146572062088444,0.5676422294235967,27.280494998657517,11.185370428776533,2.681141244561474
451,2275,20070405190000,spring_1,39.499794,-75.006409,720,1220,2102,2602,-4.213698863983154,25.343591690063477,10.664601709233109,3.199041020294243,-14.356620788574219,10.703267097473145,-2.5281458604358686,2.4267257779789237,0.5462799069578725,26.65181777255961,11.342285966997258,2.7569297419605214
452,2276,20070405200000,spring_1,39.499794,-75.006409,720,1220,2102,2602,-5.069705963134766,25.118650436401367,10.831431152662136,3.2046269192354178,-13.820731163024902,9.690107345581055,-2.480904428543486,2.3594244109325184,0.32959748511170095,26.444290581078075,11.459597419275058,2.8264698528311625
453,2277,20070405210000,spring_1,39.499794,-75.006409,720,1220,2102,2602,-4.919077396392822,24.611295700073242,10.901042980540963,3.1939832810590514,-13.874287605285645,8.954170227050781,-2.541939455851441,2.3273832549357274,0.24414826147338195,25.901061585230362,11.52367549264647,2.849094490541646
454,2278,20070405220000,spring_1,39.499794,-75.006409,720,1220,2102,2602,-4.145514011383057,24.981260299682617,10.807113887738087,3.159966609564816,-13.922698974609375,7.676372528076172,-2.6989878619866796,2.3105238685441774,0.15259551684803932,26.563309003021658,11.459837379080989,2.841528255602594
455,2279,20070405230000,spring_1,39.499794,-75.006409,720,1220,2102,2602,-4.987053871154785,23.35894012451172,10.256507959185534,3.183302555374712,-13.43929672241211,6.689855575561523,-2.7558749071466204,2.241410122433574,0.08239746046437676,25.394454777941682,10.93731453214201,2.8850108044294425
456,2280,20070406000000,spring_1,39.499794,-75.006409,720,1220,2102,2602,-5.025833606719971,23.96687126159668,10.043553234186758,3.194395752973263,-14.611632347106934,7.280218601226807,-2.9680044090847626,2.4172698830302934,0.09765625303741236,26.236762135561307,10.826314896985975,2.9189510796874147
457,2281,20070406010000,spring_1,39.499794,-75.006409,720,1220,2102,2602,-5.743757724761963,23.79966926574707,9.941165791668357,3.2252297013773688,-15.974231719970703,8.449925422668457,-3.2373942705143177,2.5995922633872115,0.17090606724946472,26.276436171228212,10.856043358062822,2.934928982201372
458,2282,20070406020000,spring_1,39.499794,-75.006409,720,1220,2102,2602,-5.306812763214111,24.42771339416504,9.80408809284935,3.2980346342762843,-17.71404457092285,9.609367370605469,-3.4999409849631924,2.8280941960868837,0.0793457041642593,26.737266211289818,10.881731169765054,2.9720037366001764
459,2283,20070406030000,spring_1,39.499794,-75.006409,720,1220,2102,2602,-5.717123508453369,25.863500595092773,9.622054438223746,3.343328660353923,-21.37251091003418,8.331586837768555,-3.651884231809888,3.057452898690266,0.1892166141848486,28.867454387919963,10.844271057457027,2.97453190366759
460,2284,20070406040000,spring_1,39.499794,-75.006409,720,1220,2102,2602,-4.871840476989746,25.459693908691406,9.366711587504046,3.3766507426675387,-23.559511184692383,9.54473876953125,-3.666971615635527,3.2591546936646907,0.05798339825674493,29.166542595935802,10.696380889377725,2.9653435244349065
461,2285,20070406050000,spring_1,39.499794,-75.006409,720,1220,2102,2602,-3.5762252807617188,24.879993438720703,9.039876597150856,3.403960946825183,-23.471498489379883,8.28454303741455,-3.561406396016291,3.4166046853776786,0.05493164025884179,28.574477635783005,10.450792550569458,2.9058659944875496
462,2286,20070406060000,spring_1,39.499794,-75.006409,720,1220,2102,2602,-5.161116600036621,24.855060577392578,8.776299258602437,3.472552286260921,-23.04214859008789,8.185449600219727,-3.3662361093407664,3.463302284811563,0.14954376311629622,28.29676086579901,10.210048435314532,2.857090699593473
463,2287,20070406070000,spring_1,39.499794,-75.006409,720,1220,2102,2602,-4.455477237701416,23.898658752441406,8.563885626839106,3.5369292027393415,-21.297557830810547,7.446340560913086,-3.1031610816426993,3.4557969276925085,0.07019042889998238,26.56330769692554,9.964397115382885,2.8518303676396775
464,2288,20070406080000,spring_1,39.499794,-75.006409,720,1220,2102,2602,-3.8330602645874023,23.251056671142578,8.406333654055805,3.5853780388736434,-19.77173614501953,7.704555034637451,-2.841203745783812,3.415804760592927,0.14649200245873167,25.965149096807586,9.752640735143878,2.8543897357764942
465,2289,20070406090000,spring_1,39.499794,-75.006409,720,1220,2102,2602,-3.5966827869415283,21.915637969970703,8.26916942872132,3.590205359921918,-18.786441802978516,9.753750801086426,-2.6126065012636417,3.3693727087304164,0.146491999285458,28.27844932001461,9.554392910931224,2.856693692302501
466,2290,20070406100000,spring_1,39.499794,-75.006409,720,1220,2102,2602,-3.4576616287231445,20.767215728759766,8.112374245064819,3.5776154895035557,-19.605361938476562,8.792302131652832,-2.415045091495619,3.3320982639945833,0.07934570490113058,27.93054173154818,9.349966395437628,2.8501576310419416
467,2291,20070406110000,spring_1,39.499794,-75.006409,720,1220,2102,2602,-4.127147197723389,19.66552734375,7.965247089728754,3.5244491560434823,-17.6363468170166,8.890111923217773,-2.2118209634482224,3.279672692531405,0.10986327877564947,24.46058733358058,9.143873531420153,2.8115627042353406
468,2292,20070406120000,spring_1,39.499794,-75.006409,720,1220,2102,2602,-3.913003444671631,19.141225814819336,7.796683459219103,3.516490485889008,-17.075563430786133,7.829583168029785,-2.095237824193803,2.8592888081404584,0.048828125859814255,22.977387417900875,8.822419958125755,2.8079242175248735
469,2293,20070406130000,spring_1,39.499794,-75.006409,720,1220,2102,2602,-2.9750421047210693,18.794189453125,7.736137979775905,3.42057436861703,-15.682930946350098,7.549114227294922,-2.032759949923435,2.628509371244686,0.06408691481098404,21.222572310219753,8.672513390666012,2.7160349539031357
470,2294,20070406140000,spring_1,39.499794,-75.006409,720,1220,2102,2602,-2.5311663150787354,19.180809020996094,7.554694992695587,3.3098791394829683,-13.088061332702637,7.4596405029296875,-1.7463222116509434,2.488685141127258,0.05493163958070551,19.51658667456413,8.38377938455635,2.64275511167896
471,2295,20070406150000,spring_1,39.499794,-75.006409,720,1220,2102,2602,-2.6671295166015625,18.364927291870117,7.35851223471942,3.2138625525390494,-9.393876075744629,7.370669841766357,-1.3572909294706725,2.4205245708496514,0.09765624547345884,19.125952779210323,8.08132633761955,2.621060339888231
472,2296,20070406160000,spring_1,39.499794,-75.006409,720,1220,2102,2602,-3.458984851837158,18.560880661010742,7.2101535462661515,3.1483663845596594,-8.567625999450684,8.114035606384277,-0.9796963647056338,2.4269750470057483,0.07019043268382524,19.656973653803412,7.861848709012704,2.6343638272951058
473,2297,20070406170000,spring_1,39.499794,-75.006409,720,1220,2102,2602,-4.492800712585449,18.981643676757812,7.069754118833767,3.128045775365944,-9.1621675491333,10.461932182312012,-0.6657021920054791,2.470741072358209,0.14344023727190294,19.25717976468834,7.695339717470742,2.663749455438285
474,2298,20070406180000,spring_1,39.499794,-75.006409,720,1220,2102,2602,-5.367359161376953,18.232343673706055,6.97190676689587,3.1615817846947194,-8.462785720825195,12.50629997253418,-0.4169184106745917,2.5241663033015382,0.030517579623492982,18.387405615779688,7.600711954401573,2.716154933302089
475,2299,20070406190000,spring_1,39.499794,-75.006409,720,1220,2102,2602,-7.696183681488037,16.736337661743164,6.86745152262295,3.2181045442127365,-7.811183452606201,12.957237243652344,-0.2600104062248914,2.550781803136737,0.09460449348820393,16.84011091252817,7.525109917065788,2.732197142904557
476,2300,20070406200000,spring_1,39.499794,-75.006409,720,1220,2102,2602,-7.81320858001709,15.911197662353516,6.731606791833836,3.272538076638523,-8.645816802978516,12.090960502624512,-0.2059124742904636,2.5599389296191823,0.054931641785465994,16.318244869585612,7.430416601220051,2.7218802078111533
477,2301,20070406210000,spring_1,39.499794,-75.006409,720,1220,2102,2602,-6.852639675140381,15.820939064025879,6.534685927690406,3.3120693344837755,-7.6703314781188965,11.661391258239746,-0.2901001096777342,2.5500205695965077,0.03051757877638311,16.306037723560866,7.2854206613294545,2.679800779247789
478,2302,20070406220000,spring_1,39.499794,-75.006409,720,1220,2102,2602,-7.959202766418457,15.012362480163574,6.204330782601008,3.3352215243930394,-8.567967414855957,10.586336135864258,-0.5198935537991272,2.5754400263818344,0.024414062452737913,15.18906410385308,7.049422352660896,2.6127089786812308
479,2303,20070406230000,spring_1,39.499794,-75.006409,720,1220,2102,2602,-9.182751655578613,15.473601341247559,5.5812770102835625,3.307359145519117,-8.06755542755127,9.608248710632324,-0.8691941955585959,2.6726987882710445,0.02441406247188227,15.54612737875978,6.6211419972630825,2.4796317463417985
480,2304,20070407000000,spring_1,39.499794,-75.006409,720,1220,2102,2602,-9.293050765991211,17.67371940612793,5.1361610945703555,3.408485696734532,-10.730999946594238,9.1897611618042,-1.3749231854606232,2.885571112615864,0.021362304308326883,20.09033181640863,6.494494952864354,2.4569076607234974
481,2305,20070407010000,spring_1,39.499794,-75.006409,720,1220,2102,2602,-8.684029579162598,18.87654685974121,4.587257684256242,3.4038128005335317,-12.319911003112793,8.202659606933594,-1.8534266771801453,3.063348618553706,0.03967285257880632,21.512496453401337,6.307136717751147,2.3807974027449452
482,2306,20070407020000,spring_1,39.499794,-75.006409,720,1220,2102,2602,-7.443371772766113,19.579557418823242,4.0216817325471546,3.341487838854688,-14.55169677734375,7.9297919273376465,-2.1980463984070613,3.1275484306569727,0.030517578300680626,21.094390582768494,6.042627665247505,2.3321841672470667
483,2307,20070407030000,spring_1,39.499794,-75.006409,720,1220,2102,2602,-6.536042213439941,18.504003524780273,3.5262597142729817,3.2621254154782413,-14.833258628845215,8.844487190246582,-2.385016755729166,3.135903263109887,0.03051757640775113,20.331428925302962,5.773767057669194,2.2938565699013935
484,2308,20070407040000,spring_1,39.499794,-75.006409,720,1220,2102,2602,-6.4979143142700195,18.833415985107422,3.100405186366597,3.2257295218178217,-16.031166076660156,8.312033653259277,-2.459679129250828,3.143260872941768,0.030517577460378018,21.543014332768877,5.535963538331857,2.302403375621856
485,2309,20070407050000,spring_1,39.499794,-75.006409,720,1220,2102,2602,-7.785444259643555,17.935659408569336,2.7242723872018813,3.235105945350153,-16.44086456298828,7.893415927886963,-2.486438686780395,3.178662068914868,0.01831054762275112,21.07302805086307,5.365574855799051,2.320441095051523
486,2310,20070407060000,spring_1,39.499794,-75.006409,720,1220,2102,2602,-7.562796115875244,16.30927848815918,2.421792955017545,3.341758985774707,-15.913111686706543,6.743040561676025,-2.496099908587272,3.245124452400609,0.024414061997141457,20.844139035528034,5.2968213371379465,2.3953006958702563
487,2311,20070407070000,spring_1,39.499794,-75.006409,720,1220,2102,2602,-8.135906219482422,16.10249900817871,2.244647454676832,3.5152056043709154,-19.490833282470703,6.705628395080566,-2.466710130242578,3.3184771865786478,0.015258789047061704,24.997710318812686,5.330319122497298,2.4657170140978875
488,2312,20070407080000,spring_1,39.499794,-75.006409,720,1220,2102,2602,-8.307694435119629,16.362396240234375,2.232315395636386,3.71610164639124,-17.89031982421875,8.495376586914062,-2.4142029326350247,3.4032188688527203,0.03051757832705084,23.789176869712737,5.427095149264731,2.5979907971339897
489,2313,20070407090000,spring_1,39.499794,-75.006409,720,1220,2102,2602,-9.24025821685791,16.332746505737305,2.3121582890032903,3.9381944870866348,-17.699159622192383,9.182463645935059,-2.3731591085032573,3.5126987706865673,0.04272460967548458,23.02926660779372,5.5836624302395,2.7657010764927192
490,2314,20070407100000,spring_1,39.499794,-75.006409,720,1220,2102,2602,-11.344941139221191,17.758878707885742,2.474959810816432,4.136374969414907,-18.832836151123047,11.492533683776855,-2.3629108685764075,3.6686272792474233,0.012207031276588225,23.923462972854605,5.796357412304562,2.946088693243213
491,2315,20070407110000,spring_1,39.499794,-75.006409,720,1220,2102,2602,-12.44704818725586,19.852577209472656,2.774080176374983,4.3673208291797545,-19.11699676513672,12.074469566345215,-2.398875108409173,3.8562287404592235,0.02746582015467267,25.452437490985922,6.121749634377122,3.1493325242718386
492,2316,20070407120000,spring_1,39.499794,-75.006409,720,1220,2102,2602,-19.98302459716797,20.802349090576172,2.9853892663891153,4.535426997548941,-18.39472198486328,13.218889236450195,-2.6490556135101606,3.9172055192618327,0.027465820878510648,25.02517566119366,6.329333023569373,3.4328101203425723
493,2317,20070407130000,spring_1,39.499794,-75.006409,720,1220,2102,2602,-18.167919158935547,21.931150436401367,3.6718733614905954,4.8429099380111005,-18.655288696289062,13.524384498596191,-3.140529360092911,4.112610218459393,0.03356933677299627,25.30899863935875,7.123820948686292,3.6005684568067142
494,2318,20070407140000,spring_1,39.499794,-75.006409,720,1220,2102,2602,-15.035825729370117,21.29306411743164,4.311947098827816,5.145560079571347,-20.257728576660156,12.134419441223145,-3.518473775625426,4.375354661716682,0.06103516047340914,23.883789678738285,7.900184658450466,3.765653303680725
495,2319,20070407150000,spring_1,39.499794,-75.006409,720,1220,2102,2602,-14.545048713684082,22.908185958862305,4.973964545505423,5.496417321477026,-20.641128540039062,12.504350662231445,-3.700691763934075,4.728532459705449,0.06408691231431875,23.00485300978559,8.65740667829655,4.0067911141587516
496,2320,20070407160000,spring_1,39.499794,-75.006409,720,1220,2102,2602,-18.286365509033203,24.452930450439453,5.752415065628161,5.883150186123302,-21.218334197998047,15.084964752197266,-3.87027366391407,5.04266568816155,0.10986327883973847,24.45448227822094,9.461311315463107,4.311939107615845
497,2321,20070407170000,spring_1,39.499794,-75.006409,720,1220,2102,2602,-23.36872673034668,33.14635467529297,6.529233512142279,6.168168521550846,-23.41659927368164,19.1483097076416,-4.174116336262857,5.133402250946879,0.13123321454913048,33.61002986939324,10.195816993706998,4.527424748778392
498,2322,20070407180000,spring_1,39.499794,-75.006409,720,1220,2102,2602,-21.298851013183594,27.451566696166992,7.127390315599934,6.061513688753375,-24.409738540649414,13.382584571838379,-4.464729626870707,5.09605058335022,0.2594070443116239,29.9325555631405,10.614291670421075,4.5587273919596445
499,2323,20070407190000,spring_1,39.499794,-75.006409,720,1220,2102,2602,-11.751282691955566,27.952905654907227,7.608100306977708,5.746667293630734,-25.15574836730957,8.584850311279297,-4.66830136396206,5.018536829737283,0.21668243338825124,28.223518713606573,10.866970886961491,4.44916492646097
500,2324,20070407200000,spring_1,39.499794,-75.006409,720,1220,2102,2602,-9.811659812927246,28.225942611694336,8.070339338014193,5.281217750013106,-23.862226486206055,8.947784423828125,-4.737832661490579,4.897547552693902,0.08239746203102834,30.768761363488302,11.000239139147343,4.295277312876168
501,2325,20070407210000,spring_1,39.499794,-75.006409,720,1220,2102,2602,-6.846689224243164,28.695737838745117,8.498301307476453,4.70546841200311,-24.12103843688965,11.668867111206055,-4.832715457514946,4.697680513370154,0.08239746156442758,29.187904306388194,11.076958799422437,4.133628278391089
502,2326,20070407220000,spring_1,39.499794,-75.006409,720,1220,2102,2602,-6.046998023986816,28.900741577148438,8.747536049533206,4.0284522966248,-24.18915367126465,7.178555965423584,-4.8414101194908525,4.394217424017162,0.09155273318699679,31.360816706250297,10.976760606572851,3.873879211423541
503,2327,20070407230000,spring_1,39.499794,-75.006409,720,1220,2102,2602,-5.535459041595459,28.36419105529785,8.60338762183649,3.395191336350594,-22.163162231445312,7.307997703552246,-4.567760425606249,4.0329504684186555,0.10986328278212668,31.47679287458893,10.458069571241472,3.6473974847177746
504,2328,20070408000000,spring_2,39.499794,-75.006409,720,1220,2102,2602,-6.427176475524902,25.432260513305664,8.90947663099444,3.028025879374177,-22.480003356933594,8.611199378967285,-4.306407382802757,3.645261881667732,0.15869903646414332,26.541947292380684,10.42515816984799,3.420068775718608
505,2329,20070408010000,spring_2,39.499794,-75.006409,720,1220,2102,2602,-5.66165828704834,23.90145492553711,9.246829891137097,2.8655359484530223,-19.7175235748291,6.693660259246826,-4.0428172961841415,3.290757965762097,0.03356933632519296,26.41682566216097,10.490375893278525,3.29251159523793
506,2330,20070408020000,spring_2,39.499794,-75.006409,720,1220,2102,2602,-3.8363759517669678,22.97308921813965,9.542515334771014,2.8451501888924318,-16.12156867980957,6.557074546813965,-3.8443979332766243,3.0974528994321506,0.10681152492786096,25.21134214180978,10.627312735646877,3.2539687251162226
507,2331,20070408030000,spring_2,39.499794,-75.006409,720,1220,2102,2602,-4.528836727142334,23.836698532104492,9.765936900667153,2.923608553606109,-16.11608123779297,6.781989574432373,-3.6444092659328535,3.0372716957990757,0.22583770238184875,26.285590599243534,10.759610918095218,3.2647391420229583
508,2332,20070408040000,spring_2,39.499794,-75.006409,720,1220,2102,2602,-5.143833637237549,24.055496215820312,9.864519950008713,3.001752382333279,-16.540224075317383,7.692745208740234,-3.406989608819427,3.0302414579639216,0.08850097400195037,26.04754571218436,10.787625507362316,3.276636783355187
509,2333,20070408050000,spring_2,39.499794,-75.006409,720,1220,2102,2602,-3.7061100006103516,23.669811248779297,9.857833132770809,3.0424324287001547,-16.054113388061523,7.112263202667236,-3.1255113940042802,3.049130038250488,0.07934569982562042,24.900055243876498,10.713044588305161,3.275661806407643
510,2334,20070408060000,spring_2,39.499794,-75.006409,720,1220,2102,2602,-3.1486473083496094,23.34930992126465,9.83511811949831,3.0510777628220294,-15.391529083251953,7.778933048248291,-2.7836860058426356,3.02199976856178,0.17395781370915217,24.524673552705945,10.602700140525203,3.2407968232657636
511,2335,20070408070000,spring_2,39.499794,-75.006409,720,1220,2102,2602,-3.452273368835449,24.391672134399414,9.842603987220794,3.0432080440304805,-14.604534149169922,8.311983108520508,-2.4194337008145532,2.9838810479231777,0.0762939424253869,24.805443347206285,10.520059478084692,3.1974243645251836
512,2336,20070408080000,spring_2,39.499794,-75.006409,720,1220,2102,2602,-4.797634601593018,25.28795623779297,9.873577224910386,3.0258219540038422,-13.693090438842773,9.29407787322998,-2.0551124592536487,2.928428127298364,0.23804474566978062,26.08721825439509,10.46919732866715,3.136592342648481
513,2337,20070408090000,spring_2,39.499794,-75.006409,720,1220,2102,2602,-3.7715864181518555,25.70316505432129,9.88715468836005,3.0081812520969398,-13.054121971130371,8.029603004455566,-1.7131463446199449,2.8270002576198126,0.12818145536869266,26.627403088249842,10.409484766989813,3.0617658332246513
514,2338,20070408100000,spring_2,39.499794,-75.006409,720,1220,2102,2602,-4.381020545959473,25.795066833496094,9.88968298451208,3.0054844457539907,-13.660088539123535,9.184854507446289,-1.366778366306156,2.729832284648787,0.3204421991186463,27.610091988658546,10.350929315304793,3.0028479818822165
515,2339,20070408110000,spring_2,39.499794,-75.006409,720,1220,2102,2602,-4.0543389320373535,26.206300735473633,9.916692298542486,3.0036194491135824,-12.77713680267334,8.525450706481934,-1.0812667537280707,2.607457823295859,0.15564727348069113,28.620254468339283,10.32080695809263,2.968405930097233
516,2340,20070408120000,spring_2,39.499794,-75.006409,720,1220,2102,2602,-3.5827584266662598,25.171297073364258,9.724438461105619,3.156051632438324,-13.751477241516113,7.1785054206848145,-1.1080612281491977,2.1659138158614994,0.10375976674262614,27.137062458047264,10.023635534020167,3.157701428989495
517,2341,20070408130000,spring_2,39.499794,-75.006409,720,1220,2102,2602,-2.8413875102996826,24.320371627807617,10.08416710152396,2.86695536094597,-12.033563613891602,8.790848731994629,-1.3050464447616357,1.8186969339795092,0.2227859370199435,25.83696814914164,10.335605877932231,2.8453321545681
518,2342,20070408140000,spring_2,39.499794,-75.006409,720,1220,2102,2602,-1.8182803392410278,22.749046325683594,10.167697034964398,2.7772524213895906,-11.513554573059082,8.289411544799805,-1.215895690036569,1.63250357053486,0.0823974616515154,23.35886368552004,10.373002439888134,2.7639617627368755
519,2343,20070408150000,spring_2,39.499794,-75.006409,720,1220,2102,2602,-1.7912507057189941,20.916189193725586,10.270437543678545,2.7104409649605086,-8.972142219543457,8.008831977844238,-0.9595019119912006,1.582156006869294,0.1312332198233585,21.51249666417227,10.435989650582435,2.709678786362231
520,2344,20070408160000,spring_2,39.499794,-75.006409,720,1220,2102,2602,-1.6857645511627197,23.403066635131836,10.448114131331607,2.63392563179162,-8.426928520202637,7.86578893661499,-0.7140995162037175,1.6344022212873714,0.13733672653393306,23.407698592026644,10.596831145405785,2.6436776563888276
521,2345,20070408170000,spring_2,39.499794,-75.006409,720,1220,2102,2602,-1.1166359186172485,20.154434204101562,10.621238761647165,2.5738302351475926,-7.1302971839904785,9.897064208984375,-0.5876075760366665,1.7479671855486982,0.4242096006382094,20.160530531982293,10.776476619137075,2.5891192582881972
522,2346,20070408180000,spring_2,39.499794,-75.006409,720,1220,2102,2602,0.7252069115638733,20.50562286376953,10.779077979771614,2.557983831485092,-7.705850124359131,10.082968711853027,-0.5278926657539471,1.9083562053927643,0.7324447636724102,20.596938660363012,10.955374309458978,2.5752807980879515
523,2347,20070408190000,spring_2,39.499794,-75.006409,720,1220,2102,2602,1.0956610441207886,19.061851501464844,10.889816227486133,2.5690233268225553,-9.022523880004883,10.962906837463379,-0.5487830396354597,2.065698287552418,1.9745483908771555,19.06185783063609,11.094129052828595,2.5839023048776033
524,2348,20070408200000,spring_2,39.499794,-75.006409,720,1220,2102,2602,0.14556187391281128,19.140628814697266,10.93962198940003,2.6096488877354465,-8.423561096191406,10.006997108459473,-0.6385143067842657,2.2122533823498274,1.9592894740414006,19.39451594248177,11.17645969167556,2.6218525695128965
525,2349,20070408210000,spring_2,39.499794,-75.006409,720,1220,2102,2602,-1.6352245807647705,18.380264282226562,10.894139979253978,2.6636064719457653,-8.508200645446777,9.867562294006348,-0.8088769033945847,2.282439593243297,1.577804563458272,18.40876876266756,11.16008966603335,2.6633242973240603
526,2350,20070408220000,spring_2,39.499794,-75.006409,720,1220,2102,2602,-2.154954671859741,18.455869674682617,10.659761235878673,2.768340140142061,-8.82542896270752,8.954000473022461,-1.051128314234063,2.282172749381119,0.20142363963326895,18.78414191772176,10.959212130831089,2.739173123391506
527,2351,20070408230000,spring_2,39.499794,-75.006409,720,1220,2102,2602,-1.228895902633667,19.2525691986084,10.115292861523681,3.087630180645472,-9.884477615356445,8.332590103149414,-1.2097366157897034,2.22602809010585,0.2441482484629408,19.888916389620643,10.452616399133543,3.0023464085464626
528,2352,20070409000000,spring_2,39.499794,-75.006409,720,1220,2102,2602,-2.3842320442199707,20.00956153869629,10.260975139485073,3.0994848936704207,-9.591961860656738,8.571008682250977,-1.6509419628803501,2.411541449355266,0.32349395176907286,20.120850040284974,10.714537829084124,2.9384074011451937
529,2353,20070409010000,spring_2,39.499794,-75.006409,720,1220,2102,2602,-3.865449905395508,22.15892791748047,10.060773449646444,3.2604383057544206,-10.960962295532227,9.188276290893555,-2.203273997471445,2.5072207901912265,0.09155273503604046,23.679314066045126,10.668696569688912,3.028053211776581
530,2354,20070409020000,spring_2,39.499794,-75.006409,720,1220,2102,2602,-5.346836566925049,22.247404098510742,9.645018880312923,3.5227093704570316,-12.854843139648438,9.166882514953613,-2.772231713337636,2.5303539441780996,0.07324218870953861,23.79528033509179,10.445753068371335,3.2264644892144645
531,2355,20070409030000,spring_2,39.499794,-75.006409,720,1220,2102,2602,-4.7180070877075195,23.25291633605957,9.131251638059815,3.795403744710675,-13.383642196655273,8.966236114501953,-3.2158428276581468,2.513077600427935,0.10375977021921937,23.62743340719067,10.128705870199704,3.4425815278492515
532,2356,20070409040000,spring_2,39.499794,-75.006409,720,1220,2102,2602,-3.791499614715576,22.37864875793457,8.608373533524011,3.98394600115507,-14.515810012817383,8.716629028320312,-3.5143520024698605,2.4945071217458006,0.07324218675485904,23.035370405751117,9.78758965013963,3.5710285984545336
533,2357,20070409050000,spring_2,39.499794,-75.006409,720,1220,2102,2602,-4.756015300750732,21.628297805786133,8.06601466072857,4.088326559202566,-15.187481880187988,8.627338409423828,-3.652723348041495,2.4966226407078365,0.10070800538722686,22.345649395780185,9.398702642138888,3.607618005532637
534,2358,20070409060000,spring_2,39.499794,-75.006409,720,1220,2102,2602,-4.353844165802002,21.334716796875,7.623823603302204,4.157395387214028,-14.116899490356445,6.895780563354492,-3.620562498537005,2.5128003160677026,0.06713866974067066,22.330390476909983,9.04908659194469,3.597678810792538
535,2359,20070409070000,spring_2,39.499794,-75.006409,720,1220,2102,2602,-5.104476451873779,21.723867416381836,7.292575668613129,4.2195450941957775,-14.538283348083496,6.413110256195068,-3.474943608153483,2.524461407747493,0.07934570016896866,22.50129721064907,8.76193879872518,3.558481087605692
536,2360,20070409080000,spring_2,39.499794,-75.006409,720,1220,2102,2602,-5.417170524597168,20.6705322265625,7.064615118792086,4.258651029152899,-14.527265548706055,6.041160583496094,-3.2710144270145065,2.486921714377969,0.05187988247443323,22.45552062251162,8.522336352033353,3.5069920819362137
537,2361,20070409090000,spring_2,39.499794,-75.006409,720,1220,2102,2602,-6.061953544616699,19.05487632751465,6.897585596930126,4.259010843784232,-14.83172607421875,5.9230055809021,-3.0136404523642333,2.407315385884391,0.04577636621103943,21.991637471497814,8.289280400109103,3.4468662617018504
538,2362,20070409100000,spring_2,39.499794,-75.006409,720,1220,2102,2602,-6.8651251792907715,18.562604904174805,6.771506470418958,4.240411292914642,-15.17351245880127,5.997254371643066,-2.7558819721496235,2.318953190375175,0.06103515773782986,20.41078118226864,8.068139756209925,3.422270887851986
539,2363,20070409110000,spring_2,39.499794,-75.006409,720,1220,2102,2602,-7.0787882804870605,18.488502502441406,6.689489993385008,4.166244867843292,-13.55698013305664,6.671175479888916,-2.536199338850984,2.2304384099588317,0.03662109328264369,20.20020271453901,7.873744175446816,3.393845594168058
540,2364,20070409120000,spring_2,39.499794,-75.006409,720,1220,2102,2602,-4.7186150550842285,18.522172927856445,6.2086592580966435,4.053202846840519,-12.585482597351074,5.933218479156494,-2.2653431305717304,1.9896978619102865,0.05187988283629081,19.61118976623085,7.187660350817905,3.52194816301779
541,2365,20070409130000,spring_2,39.499794,-75.006409,720,1220,2102,2602,-3.2353272438049316,18.106061935424805,6.25218249178438,3.8801204064417063,-10.056756973266602,4.488557815551758,-2.265771063892915,1.685491425458015,0.02441406293666892,19.064909666073547,7.073659682056039,3.4760694528133738
542,2366,20070409140000,spring_2,39.499794,-75.006409,720,1220,2102,2602,-4.187183856964111,17.88523292541504,6.41633991935424,3.628075013461249,-9.614270210266113,5.589245319366455,-2.215615468452556,1.5147394348201575,0.03967285034846312,19.754631887031252,7.142799260488173,3.242861768225057
543,2367,20070409150000,spring_2,39.499794,-75.006409,720,1220,2102,2602,-3.678577184677124,17.376750946044922,6.523928865595139,3.4270549396154286,-7.434290409088135,6.144901752471924,-1.9693373486607153,1.493108556245833,0.045776367217517606,18.201241387066155,7.107506832327137,3.1460074355404175
544,2368,20070409160000,spring_2,39.499794,-75.006409,720,1220,2102,2602,-5.356204509735107,16.945798873901367,6.674880094770076,3.2648416652424137,-7.497575283050537,7.0896525382995605,-1.687238736884247,1.6136780211482151,0.08850097459769701,17.227699212168762,7.163478602166677,3.057535119363367
545,2369,20070409170000,spring_2,39.499794,-75.006409,720,1220,2102,2602,-6.610219955444336,16.761157989501953,6.821937338092072,3.146527146430473,-8.456731796264648,8.938072204589844,-1.481718172526497,1.8075186119258384,0.04882812642092405,17.697684915254317,7.289962439387919,2.959480027918003
546,2370,20070409180000,spring_2,39.499794,-75.006409,720,1220,2102,2602,-7.000351905822754,16.500778198242188,6.922576374070439,3.106219078893595,-7.808960914611816,9.823935508728027,-1.3709827730460824,2.0348304048224235,0.03662109375457822,16.50135884013421,7.437875254488843,2.87555227042776
547,2371,20070409190000,spring_2,39.499794,-75.006409,720,1220,2102,2602,-6.62014102935791,16.30855941772461,6.958180615486253,3.127743877959269,-7.520712852478027,10.483104705810547,-1.3446366924394322,2.2556741949272516,0.07629394742698929,16.333502975944924,7.550920672593726,2.8423177423279444
548,2372,20070409200000,spring_2,39.499794,-75.006409,720,1220,2102,2602,-6.997856616973877,15.292997360229492,6.927273535162158,3.1960251183975714,-8.843156814575195,10.552058219909668,-1.3729184366702838,2.432760146402377,0.07324218284977699,15.369117380780784,7.613450323331464,2.835541628370697
549,2373,20070409210000,spring_2,39.499794,-75.006409,720,1220,2102,2602,-7.210112571716309,14.51330852508545,6.798206026570491,3.2767704596661527,-9.303382873535156,10.524226188659668,-1.4708922641859246,2.5514414850741014,0.03967285030809569,15.225685091787255,7.594033171823253,2.820792036802302
550,2374,20070409220000,spring_2,39.499794,-75.006409,720,1220,2102,2602,-7.857639789581299,14.168614387512207,6.554250495302073,3.35789175713679,-9.692938804626465,9.328049659729004,-1.619725699612084,2.6402799316683923,0.04272461024652544,14.978485148964461,7.484320713568588,2.7952047373703324
551,2375,20070409230000,spring_2,39.499794,-75.006409,720,1220,2102,2602,-7.0982666015625,14.717567443847656,6.200216949767132,3.522858210850136,-9.36596393585205,7.804488182067871,-1.8349957782415707,2.7800625311812115,0.06408691085221577,14.902190635272202,7.352038996067101,2.810106756278944
552,2376,20070410000000,spring_2,39.499794,-75.006409,720,1220,2102,2602,-8.520467758178711,14.691670417785645,6.144085101728304,3.720173766921987,-10.349844932556152,7.389339447021484,-2.355737385743538,3.0812283820445883,0.03662109278480064,15.56138649971061,7.645897048966266,2.858880879450921
553,2377,20070410010000,spring_2,39.499794,-75.006409,720,1220,2102,2602,-8.362918853759766,15.235054969787598,5.791168528450658,3.783533552031954,-11.404937744140625,7.124377727508545,-2.830589523259538,3.144187741207683,0.05493163924206895,16.754661571864602,7.576784923390645,2.888467221572103
554,2378,20070410020000,spring_2,39.499794,-75.006409,720,1220,2102,2602,-8.627616882324219,17.464750289916992,5.3316014334256145,3.784462101316292,-12.275591850280762,6.67607307434082,-3.2452728807112976,3.0863475440779027,0.027465819574730647,18.323311502911928,7.372974431592086,2.905978751713557
555,2379,20070410030000,spring_2,39.499794,-75.006409,720,1220,2102,2602,-6.827438831329346,17.78854751586914,4.888303472885895,3.7370632094961715,-13.080985069274902,6.413064956665039,-3.596681437940783,2.9123535317269833,0.05798339918001273,20.05066010923916,7.13927414953223,2.882678850029848
556,2380,20070410040000,spring_2,39.499794,-75.006409,720,1220,2102,2602,-6.302828788757324,15.85957145690918,4.46808958031963,3.6237314186580467,-13.688315391540527,4.983436107635498,-3.919346524485752,2.789268516652453,0.0457763656443494,20.45655812971914,6.935543049574711,2.85215577008223
557,2381,20070410050000,spring_2,39.499794,-75.006409,720,1220,2102,2602,-6.1392741203308105,14.514376640319824,4.054908792858745,3.498344976033053,-13.95695972442627,4.717839241027832,-4.194842716882719,2.73092277416382,0.033569334378446475,19.525742106439665,6.766008181669345,2.820723452086885
558,2382,20070410060000,spring_2,39.499794,-75.006409,720,1220,2102,2602,-6.950385093688965,13.987711906433105,3.704673427534637,3.381920811107875,-13.434535026550293,4.962702751159668,-4.333554260239365,2.7366942589980283,0.03967285126379767,18.692589566409556,6.609191111103348,2.783841667169631
559,2383,20070410070000,spring_2,39.499794,-75.006409,720,1220,2102,2602,-7.71989631652832,14.246739387512207,3.4768578394685883,3.290429901306599,-13.330289840698242,4.313762187957764,-4.35479058319919,2.774781246286253,0.033569338372576696,18.424027210969832,6.486072188254769,2.7404286030285427
560,2384,20070410080000,spring_2,39.499794,-75.006409,720,1220,2102,2602,-8.02784538269043,14.289812088012695,3.3803298763588314,3.2159639381798155,-13.6768159866333,4.9332756996154785,-4.273852598382243,2.7971930230164097,0.021362304298570847,18.555251728285118,6.3765573460861935,2.6830347328094115
561,2385,20070410090000,spring_2,39.499794,-75.006409,720,1220,2102,2602,-8.531474113464355,14.963708877563477,3.3724380027699983,3.179358633950442,-13.710229873657227,4.869487285614014,-4.157345821408076,2.7935905829157974,0.03967285205588868,17.673271198891513,6.302560690589901,2.6166888945704803
562,2386,20070410100000,spring_2,39.499794,-75.006409,720,1220,2102,2602,-8.628854751586914,14.065232276916504,3.4168752543775756,3.193930702153699,-14.286506652832031,4.542479991912842,-4.00464963580585,2.759797227471231,0.04882812454520913,18.533889282289213,6.237975673709454,2.572467447931023
563,2387,20070410110000,spring_2,39.499794,-75.006409,720,1220,2102,2602,-9.20771312713623,13.223329544067383,3.5037057199346084,3.2221787849053665,-13.364824295043945,4.482309341430664,-3.823965327040935,2.7141142037844053,0.03662109504996824,17.947937029390033,6.184692173949662,2.5292487700655437
564,2388,20070410120000,spring_2,39.499794,-75.006409,720,1220,2102,2602,-7.979194164276123,12.085265159606934,3.28974019161456,2.972653983324638,-12.473588943481445,4.596014499664307,-3.403198738344445,2.640309160031957,0.0427246082278103,15.99169902173414,5.634443722271537,2.5426561479430894
565,2389,20070410130000,spring_2,39.499794,-75.006409,720,1220,2102,2602,-5.300230503082275,10.226574897766113,3.4614124217575117,2.853350174393651,-11.316537857055664,2.8964061737060547,-3.3429963656877546,2.4371245545273155,0.01525878877961648,13.36100042979737,5.47417721743473,2.696584461612421
566,2390,20070410140000,spring_2,39.499794,-75.006409,720,1220,2102,2602,-5.6540303230285645,11.756885528564453,3.7089383081751834,2.9184245717198474,-12.394552230834961,3.4142234325408936,-3.448068225918413,2.25697600100961,0.024414062508754455,14.194160445981142,5.713107060354013,2.5723429459001363
567,2391,20070410150000,spring_2,39.499794,-75.006409,720,1220,2102,2602,-5.253489017486572,10.825664520263672,4.016257321311673,2.8992972269709583,-11.758048057556152,4.316337585449219,-3.3450123965077903,2.219139191201478,0.006103515642108968,14.5329135609014,5.838467681681874,2.561684815504151
568,2392,20070410160000,spring_2,39.499794,-75.006409,720,1220,2102,2602,-6.542995929718018,11.444828987121582,4.294069509444276,2.8837131586189426,-11.491604804992676,6.234713077545166,-3.1617979529967504,2.324176372435013,0.02136230539576582,13.934753343277583,5.950770979955679,2.5965210153218465
569,2393,20070410170000,spring_2,39.499794,-75.006409,720,1220,2102,2602,-6.807329177856445,10.475650787353516,4.457681198538735,2.907595328902565,-11.675439834594727,8.376203536987305,-2.983899201698006,2.5080634417470753,0.027465819168167507,13.773002220899397,6.036680087961389,2.6603688567178816
570,2394,20070410180000,spring_2,39.499794,-75.006409,720,1220,2102,2602,-7.635445594787598,11.629509925842285,4.5122134013686015,2.9683673033367244,-11.00358772277832,9.458454132080078,-2.80656379546765,2.7045076274260826,0.015258789381419176,14.966277941686931,6.082094178747327,2.714878721544014
571,2395,20070410190000,spring_2,39.499794,-75.006409,720,1220,2102,2602,-7.770266056060791,11.798654556274414,4.457294607389245,3.0571682659061667,-10.83594799041748,9.132688522338867,-2.631012199975812,2.877836865099357,0.021362305219058332,14.133125411350285,6.075295458911332,2.740202242281175
572,2396,20070410200000,spring_2,39.499794,-75.006409,720,1220,2102,2602,-8.025003433227539,12.215614318847656,4.297850828963723,3.160070286298945,-11.159892082214355,10.1638822555542,-2.441152726116634,3.049789124124204,0.018310546444530375,14.575637456689094,6.020738472757406,2.732894900812217
573,2397,20070410210000,spring_2,39.499794,-75.006409,720,1220,2102,2602,-9.40404987335205,12.41856861114502,4.017814457770916,3.2675563322552867,-11.645965576171875,8.45566463470459,-2.2834260341049375,3.1884012168714206,0.015258789283192476,13.977477795320434,5.917345503896299,2.6804321222572005
574,2398,20070410220000,spring_2,39.499794,-75.006409,720,1220,2102,2602,-10.602208137512207,12.710661888122559,3.567631692494769,3.416575120543383,-10.31130599975586,9.769062995910645,-2.1340600218711403,3.3187838353860344,0.033569335835232486,13.742485192522548,5.762270888015022,2.6011062999639147
575,2399,20070410230000,spring_2,39.499794,-75.006409,720,1220,2102,2602,-10.333820343017578,12.806602478027344,2.9191890391764206,3.7665576672138608,-10.47057819366455,11.099238395690918,-2.1303271077427626,3.502215691606037,0.009155273100106116,12.88491862814451,5.78614545141242,2.4562065178868493
576,2400,20070411000000,spring_2,39.499794,-75.006409,720,1220,2102,2602,-11.031061172485352,12.52160358428955,2.192465048718981,4.338917082578459,-11.096575736999512,13.408576965332031,-2.2333740603110512,3.8842388582838625,0.03356933376099731,14.148383921670813,6.182242745513879,2.3427014910908084
577,2401,20070411010000,spring_2,39.499794,-75.006409,720,1220,2102,2602,-12.069024085998535,12.996271133422852,1.420838614499989,4.679051791053032,-12.284460067749023,15.162400245666504,-2.151953169164443,4.1105522057684585,0.07324218634160548,15.952026832803796,6.329867557877335,2.317892708942259
578,2402,20070411020000,spring_2,39.499794,-75.006409,720,1220,2102,2602,-12.094439506530762,15.214170455932617,0.728920825720539,4.855062095379623,-13.509909629821777,15.542739868164062,-1.9737220636622141,4.264149243804425,0.030517578824945706,17.508468228164396,6.349822600345017,2.4210026894519583
579,2403,20070411030000,spring_2,39.499794,-75.006409,720,1220,2102,2602,-12.391401290893555,14.567632675170898,0.1419687275259695,4.904123571466896,-12.69262981414795,16.869457244873047,-1.7497493658706755,4.393135478321534,0.03356933601803525,17.950988459894923,6.317789367169196,2.5529165301961267
580,2404,20070411040000,spring_2,39.499794,-75.006409,720,1220,2102,2602,-12.640673637390137,14.37582015991211,-0.36567544558119097,4.832736495370792,-12.549064636230469,17.86975860595703,-1.5506197981748069,4.458113754491314,0.045776366969510186,19.016083802074796,6.236540210235521,2.6217983861810508
581,2405,20070411050000,spring_2,39.499794,-75.006409,720,1220,2102,2602,-13.645515441894531,12.498124122619629,-0.8665330904577508,4.714890529839841,-11.885624885559082,19.403350830078125,-1.403049481175519,4.467566665593591,0.06713867081653718,20.157478907675454,6.1403649951953625,2.6841553213555005
582,2406,20070411060000,spring_2,39.499794,-75.006409,720,1220,2102,2602,-14.663898468017578,10.5242338180542,-1.3186747847677238,4.559019457630883,-10.340338706970215,20.86121368408203,-1.250033848355882,4.430292309365018,0.024414063258047,21.396529159531195,6.0228065905765655,2.7275331242719885
583,2407,20070411070000,spring_2,39.499794,-75.006409,720,1220,2102,2602,-15.301640510559082,8.635464668273926,-1.738218532326174,4.462369466218574,-9.981050491333008,21.33313751220703,-1.10211706503818,4.342066732875358,0.0061035152416915,21.970275845968136,5.936927490044434,2.7848235913443316
584,2408,20070411080000,spring_2,39.499794,-75.006409,720,1220,2102,2602,-16.086742401123047,7.413019180297852,-2.12226725732306,4.405167766226177,-8.711395263671875,20.91584587097168,-0.9553668566697737,4.210311994024742,0.03356933757338416,21.76274771157764,5.877942221467927,2.8282095960236138
585,2409,20070411090000,spring_2,39.499794,-75.006409,720,1220,2102,2602,-16.309402465820312,7.639491081237793,-2.5033843170408128,4.3421111389925064,-8.702585220336914,20.170480728149414,-0.8083660864015298,4.08759770242225,0.04272460827947204,22.150337164040984,5.858292048648435,2.8571291817842264
586,2410,20070411100000,spring_2,39.499794,-75.006409,720,1220,2102,2602,-16.389307022094727,7.68698787689209,-2.9163505784533887,4.3016763844820884,-9.362728118896484,21.302946090698242,-0.6321914505738131,3.990486400756437,0.03662109219727557,22.51655531234173,5.904812692314112,2.909700195336823
587,2411,20070411110000,spring_2,39.499794,-75.006409,720,1220,2102,2602,-16.459348678588867,7.136070728302002,-3.297229907594648,4.265001078791419,-7.869770526885986,22.11820411682129,-0.40431871600861463,3.9048543527390187,0.024414062787709127,23.279518056135313,5.968611622443734,2.9747261565189285
588,2412,20070411120000,spring_2,39.499794,-75.006409,720,1220,2102,2602,-16.75389289855957,6.742532730102539,-3.393971499833762,4.002427448847094,-6.997342586517334,21.612247467041016,-0.10956000181590672,3.665033347131182,0.027465821291725784,23.27036256261504,5.628318044332358,3.050406013368181
589,2413,20070411130000,spring_2,39.499794,-75.006409,720,1220,2102,2602,-16.755239486694336,6.379330158233643,-3.4436424715387375,3.8609817030094344,-6.038783550262451,22.66883087158203,0.10855683840429195,3.5283099696529017,0.012207031661180985,24.042480293767067,5.483598370160561,3.0260135370893306
590,2414,20070411140000,spring_2,39.499794,-75.006409,720,1220,2102,2602,-17.142032623291016,6.293649673461914,-3.798414619692106,3.931911418387988,-6.281259536743164,22.18634033203125,0.6330634465626941,3.7172867387654454,0.015258788691891477,23.319191416295876,5.824234202891828,3.191420843539886
591,2415,20070411150000,spring_2,39.499794,-75.006409,720,1220,2102,2602,-17.43297576904297,6.4253010749816895,-4.084118555564733,4.010411776631929,-6.355259895324707,20.94448471069336,1.1375875170581338,3.8933904603844023,0.02441406156928023,23.422958105081612,6.140579930512078,3.39253588736026
592,2416,20070411160000,spring_2,39.499794,-75.006409,720,1220,2102,2602,-16.387405395507812,6.439925670623779,-4.334881484945657,4.069824480958231,-6.953688621520996,21.6010684967041,1.5467417054598693,4.037586335650589,0.027465820381250537,24.146247536469453,6.4297298585684475,3.5647939718034505
593,2417,20070411170000,spring_2,39.499794,-75.006409,720,1220,2102,2602,-16.630563735961914,6.487827301025391,-4.604661252320867,4.137776065662961,-8.06653118133545,21.72933006286621,1.9499888214246666,4.177487367182582,0.01831054693609874,24.265267612769712,6.746401317258451,3.750202980018958
594,2418,20070411180000,spring_2,39.499794,-75.006409,720,1220,2102,2602,-17.258237838745117,6.535436153411865,-4.871484142941495,4.18950657321664,-8.641504287719727,21.737464904785156,2.3257977951171362,4.330469225780759,0.021362304027073335,25.116729765273973,7.080343242133714,3.9133568396880514
595,2419,20070411190000,spring_2,39.499794,-75.006409,720,1220,2102,2602,-18.613704681396484,6.449046611785889,-5.171644054374579,4.225656576713495,-9.195916175842285,23.409732818603516,2.646585687164558,4.444716742588089,0.02136230508059209,26.300850097440453,7.422395063486871,4.0336150005104425
596,2420,20070411200000,spring_2,39.499794,-75.006409,720,1220,2102,2602,-17.98914909362793,6.445114612579346,-5.491792553127294,4.205711155721907,-9.49106216430664,22.310428619384766,2.93434358401246,4.507447854509716,0.018310547573942498,25.916320397259717,7.727677201946807,4.130164072360686
597,2421,20070411210000,spring_2,39.499794,-75.006409,720,1220,2102,2602,-20.366987228393555,6.468012809753418,-5.829612812537953,4.138901215360393,-9.228569030761719,23.19333267211914,3.1375832707778746,4.4769968806257765,0.015258789399946508,27.75353295778616,7.987854335244946,4.146926787842418
598,2422,20070411220000,spring_2,39.499794,-75.006409,720,1220,2102,2602,-21.933229446411133,6.46068811416626,-6.2545156747915,4.0938122357215,-9.836710929870605,22.91498565673828,3.247594126209148,4.318226447509813,0.02136230486651708,27.900025746889995,8.252490279044883,4.119298047287515
599,2423,20070411230000,spring_2,39.499794,-75.006409,720,1220,2102,2602,-21.52541732788086,6.169031143188477,-6.75457369608638,4.095354366916882,-8.26192855834961,25.329004287719727,3.4672345511411953,4.304696047657275,0.027465819000404672,28.751486630070094,8.683905864993815,4.187850956010341
600,2424,20070412000000,spring_2,39.499794,-75.006409,720,1220,2102,2602,-21.197669982910156,8.626136779785156,-7.056703007970414,4.090951023183197,-8.230853080749512,24.75008201599121,3.8868024689464624,4.342513527162846,0.027465819660390082,29.377121738186162,9.108447656587343,4.187335199168025
601,2425,20070412010000,spring_2,39.499794,-75.006409,720,1220,2102,2602,-21.337188720703125,10.442737579345703,-7.073054441540725,4.171711646298929,-9.419066429138184,24.069120407104492,4.278423836347934,4.26979617184546,0.00915527341242798,30.100403281261713,9.319905561619182,4.136025554551285
602,2426,20070412020000,spring_2,39.499794,-75.006409,720,1220,2102,2602,-21.62059783935547,11.954619407653809,-7.0814063955689965,4.173587105030521,-11.236207008361816,23.369783401489258,4.6237521048821195,4.174929735557972,0.018310546888785854,29.749443087636784,9.465934627736338,4.095161695238987
603,2427,20070412030000,spring_2,39.499794,-75.006409,720,1220,2102,2602,-20.283641815185547,18.037233352661133,-6.926372775040539,4.338718228633411,-11.410635948181152,24.308589935302734,4.9494851460652125,4.192977174631774,0.024414062770726587,27.845084045790152,9.63314077500385,4.010009388188521
604,2428,20070412040000,spring_2,39.499794,-75.006409,720,1220,2102,2602,-18.228050231933594,16.610750198364258,-6.735450187465555,4.561358793983103,-12.186495780944824,24.357208251953125,5.183576857494319,4.222754924295091,0.08239746017731367,26.822716103733434,9.732887228336569,4.017999211544068
605,2429,20070412050000,spring_2,39.499794,-75.006409,720,1220,2102,2602,-18.841413497924805,17.89679718017578,-6.676875245500349,4.7321839577215234,-9.021989822387695,24.010398864746094,5.29678383211184,4.259984892200919,0.0579833973141479,26.258126395829617,9.823332472655919,4.084085874618399
606,2430,20070412060000,spring_2,39.499794,-75.006409,720,1220,2102,2602,-20.155202865600586,16.516721725463867,-6.614868529147946,4.951310481471395,-8.1765775680542,25.090280532836914,5.465489569902774,4.395538626625877,0.07019043000180122,27.1340111815905,10.027635681342423,4.112276722326057
607,2431,20070412070000,spring_2,39.499794,-75.006409,720,1220,2102,2602,-20.005334854125977,17.277118682861328,-6.46604984038871,5.253506720140288,-9.383186340332031,24.061737060546875,5.616537186399502,4.618459729968257,0.05187988498483153,25.88885514138392,10.245760749489632,4.16043030283102
608,2432,20070412080000,spring_2,39.499794,-75.006409,720,1220,2102,2602,-20.14244270324707,17.462472915649414,-6.213678789122006,5.685767783519648,-9.367857933044434,25.8533935546875,5.691750940957759,4.872765858916427,0.09765624830779243,27.375106977187176,10.463708429172538,4.1938575537890275
609,2433,20070412090000,spring_2,39.499794,-75.006409,720,1220,2102,2602,-23.61707305908203,17.383657455444336,-5.997146040990534,6.086789435142768,-10.545371055603027,23.712390899658203,5.739539111667284,5.146973788046362,0.07629394583393623,26.16352094904145,10.673666549827239,4.303633004454255
610,2434,20070412100000,spring_2,39.499794,-75.006409,720,1220,2102,2602,-25.00826644897461,17.772602081298828,-5.748157636678692,6.392537846289837,-8.740473747253418,22.405908584594727,5.822098761472436,5.361422992674266,0.0762939441654068,27.475815229237146,10.82650911204593,4.397072580007872
611,2435,20070412110000,spring_2,39.499794,-75.006409,720,1220,2102,2602,-26.550373077392578,17.428909301757812,-5.422422610837175,6.658405358509852,-9.61707878112793,25.311765670776367,5.969808983848399,5.536673984729373,0.06408691537687791,27.845083637317433,10.94450831118608,4.499793865494932
612,2436,20070412120000,spring_2,39.499794,-75.006409,720,1220,2102,2602,-23.908573150634766,19.38667869567871,-4.982229298631359,6.971347530718949,-9.278423309326172,25.499961853027344,6.026175247495777,5.65633358359128,0.04882812370866676,25.78203555492457,10.940891454793803,4.693408897061412
613,2437,20070412130000,spring_2,39.499794,-75.006409,720,1220,2102,2602,-25.26058578491211,18.60617446899414,-4.521565425768719,7.18392785117552,-12.761549949645996,26.482397079467773,5.909214991197439,5.7277979593481225,0.045776368426892665,27.774893719263947,10.701226526602019,5.026292408133129
614,2438,20070412140000,spring_2,39.499794,-75.006409,720,1220,2102,2602,-25.44717025756836,20.94131088256836,-3.837937094304234,7.627421241468253,-9.957942008972168,24.674030303955078,5.977512911536403,5.7658218134345445,0.08850097960670666,26.544998253375617,10.81224631448196,4.99780025225807
615,2439,20070412150000,spring_2,39.499794,-75.006409,720,1220,2102,2602,-28.68812370300293,21.072599411010742,-3.0361964415139244,8.145210005488977,-10.102058410644531,26.08817481994629,6.030973886179965,5.794121611672032,0.054931641334443254,28.8491442586699,11.033329064542125,4.875764133460433
616,2440,20070412160000,spring_2,39.499794,-75.006409,720,1220,2102,2602,-29.155990600585938,21.29362678527832,-2.07864930097841,8.669865251341232,-12.338007926940918,25.724197387695312,5.953873557631929,5.852457479779126,0.04882812252627912,29.31607808902575,11.255650020992965,4.743159062342796
617,2441,20070412170000,spring_2,39.499794,-75.006409,720,1220,2102,2602,-28.13160514831543,21.84786605834961,-1.0802955953429043,9.076705345886507,-11.867777824401855,29.193145751953125,5.803584607831792,5.922657589417527,0.04272460937711705,29.352700355193686,11.399511355507352,4.729083059829684
618,2442,20070412180000,spring_2,39.499794,-75.006409,720,1220,2102,2602,-26.79996681213379,22.08479881286621,-0.07568526722575725,9.35083873276351,-12.731203079223633,26.936315536499023,5.499453532333717,6.10203953702077,0.05187988361043768,27.90307668819643,11.507898333781561,4.7424745514167315
619,2443,20070412190000,spring_2,39.499794,-75.006409,720,1220,2102,2602,-24.568279266357422,22.67450523376465,0.9488874633118958,9.55136930200703,-12.259626388549805,25.72374153137207,5.091115211573095,6.284353862193453,0.09460449538525444,26.810507842291166,11.61970226025003,4.745958270704644
620,2444,20070412200000,spring_2,39.499794,-75.006409,720,1220,2102,2602,-26.880046844482422,23.993549346923828,1.9793801083758806,9.590193437776463,-11.88938045501709,25.7982234954834,4.580111886798058,6.398201236780936,0.06713867486045515,28.009889063116482,11.622821713442649,4.765939064535435
621,2445,20070412210000,spring_2,39.499794,-75.006409,720,1220,2102,2602,-23.804054260253906,26.368471145629883,2.9461632692516506,9.477218260427577,-12.732641220092773,28.632347106933594,3.9085167693900162,6.4708022627094275,0.02746582099423403,30.155341833527498,11.521872310158518,4.784536309085794
622,2446,20070412220000,spring_2,39.499794,-75.006409,720,1220,2102,2602,-22.676868438720703,25.81805992126465,3.7019562349445643,9.065755641756544,-13.900175094604492,29.793132781982422,3.0596157738203593,6.437903474704097,0.04577636754608393,33.69853960262087,11.1433473187124,4.74616325983927
623,2447,20070412230000,spring_2,39.499794,-75.006409,720,1220,2102,2602,-24.071895599365234,25.669118881225586,4.2448464721008845,8.430835143672777,-12.988274574279785,27.171005249023438,2.1881894645485915,6.266963312546355,0.06713867463315809,31.18991860198928,10.591396328041947,4.580723622682151
624,2448,20070413000000,spring_2,39.499794,-75.006409,720,1220,2102,2602,-23.598283767700195,25.228282928466797,5.192776186952768,8.060848995709698,-12.667350769042969,26.668352127075195,1.2487466744889584,5.970707479570321,0.10070800793084786,31.7026278449644,10.456780391260464,4.4504686238656515
625,2449,20070413010000,spring_2,39.499794,-75.006409,720,1220,2102,2602,-27.33833885192871,27.313112258911133,6.123324621333146,7.468560519923946,-14.267539978027344,26.361759185791016,0.26677252348110264,5.573436312499983,0.10375976331638309,31.81554338184235,10.295563090598101,4.290715699540501
626,2450,20070413020000,spring_2,39.499794,-75.006409,720,1220,2102,2602,-29.249401092529297,28.68401527404785,6.860347292769114,6.754260062540497,-16.4050350189209,24.292211532592773,-0.6151584851781581,5.169463365878472,0.05798340036264119,34.62325308295293,10.131990112919647,4.13871257453074
627,2451,20070413030000,spring_2,39.499794,-75.006409,720,1220,2102,2602,-24.142759323120117,31.206478118896484,7.405230264128411,5.967964267460802,-19.128507614135742,23.257307052612305,-1.2911107041878578,4.845482388771159,0.05493164168287158,32.758568636801435,9.997460323914144,3.9560695474896166
628,2452,20070413040000,spring_2,39.499794,-75.006409,720,1220,2102,2602,-20.116769790649414,32.0905647277832,7.831005648655756,5.0404522511714855,-21.41144561767578,20.173860549926758,-1.8088436090006599,4.724853585874658,0.03662109271322117,34.13190380647018,9.917350967840761,3.7380629684451705
629,2453,20070413050000,spring_2,39.499794,-75.006409,720,1220,2102,2602,-15.622218132019043,33.56044387817383,8.18079300316842,4.212676503231555,-21.89103889465332,16.602235794067383,-2.2329159682331876,4.659045952521656,0.09460448947218184,35.761588419245065,9.92900239572835,3.574849901197037
630,2454,20070413060000,spring_2,39.499794,-75.006409,720,1220,2102,2602,-9.406153678894043,33.51551055908203,8.524976652612676,3.6737478419698575,-22.739362716674805,15.324475288391113,-2.5175122854767076,4.455121415823418,0.015258789222296513,35.85619258314816,10.036755761883763,3.408982083777662
631,2455,20070413070000,spring_2,39.499794,-75.006409,720,1220,2102,2602,-9.47012710571289,33.03937530517578,8.82639228277681,3.471035200162027,-23.11505699157715,11.319157600402832,-2.670553932896337,4.177779781034491,0.13123321008199018,35.27024080887438,10.180003226027758,3.3025024777612213
632,2456,20070413080000,spring_2,39.499794,-75.006409,720,1220,2102,2602,-9.269972801208496,30.63397216796875,9.093574473627113,3.3643840687728095,-22.726764678955078,11.391862869262695,-2.7241625048170652,4.007267933840573,0.06408691343149658,33.47270324747678,10.336331436814367,3.263692225712466
633,2457,20070413090000,spring_2,39.499794,-75.006409,720,1220,2102,2602,-8.740134239196777,31.982280731201172,9.343750939441598,3.304532353980129,-22.988134384155273,10.854185104370117,-2.7382286267294993,3.9533057530490527,0.051879884579448754,34.56220890561768,10.538108568501254,3.209424541039923
634,2458,20070413100000,spring_2,39.499794,-75.006409,720,1220,2102,2602,-8.754820823669434,30.109338760375977,9.56510301379953,3.275103593621968,-23.40122413635254,10.267875671386719,-2.7052997117588102,3.926874985107979,0.17700958007153172,33.38420208599999,10.725247093523723,3.150486894992961
635,2459,20070413110000,spring_2,39.499794,-75.006409,720,1220,2102,2602,-8.434048652648926,29.70030403137207,9.782346169009797,3.269238624107646,-23.56340980529785,10.67049789428711,-2.6872976094365133,3.9042114206390237,0.1007080045649008,33.49101263023724,10.911328459752278,3.1288279361174927
636,2460,20070413120000,spring_2,39.499794,-75.006409,720,1220,2102,2602,-7.7863054275512695,31.909420013427734,9.565118284118734,3.368146203369051,-24.91130828857422,9.924251556396484,-2.8179262307490918,3.649230503432938,0.04577636720180836,34.42793326854704,10.643661447348423,3.287241874248066
637,2461,20070413130000,spring_2,39.499794,-75.006409,720,1220,2102,2602,-6.450917720794678,32.689910888671875,9.93656231665336,3.4830542586863706,-23.140888214111328,8.75047492980957,-3.079635839607343,3.3616574609034413,0.05187988169651215,35.505233394583854,10.977546350550211,3.3384594579315165
638,2462,20070413140000,spring_2,39.499794,-75.006409,720,1220,2102,2602,-5.662377834320068,32.09661865234375,10.242061878476886,3.438455987678298,-21.159387588500977,9.014732360839844,-3.2457803063211026,3.1151017438598467,0.0274658203736636,35.563217008034954,11.245270772618499,3.2412412782363105
639,2463,20070413150000,spring_2,39.499794,-75.006409,720,1220,2102,2602,-5.985635280609131,30.991456985473633,10.439053957324331,3.3975698140148047,-19.75198745727539,5.80133056640625,-3.2736097182260284,2.9534647723430703,0.05187988491735579,34.21735381935164,11.396186282236147,3.175490691899673
640,2464,20070413160000,spring_2,39.499794,-75.006409,720,1220,2102,2602,-6.06593656539917,29.516355514526367,10.64436406818762,3.4002457109675275,-17.2122859954834,6.452811241149902,-3.2973573585757565,2.8726954755471112,0.0366210945983327,33.00271651963848,11.578553238738113,3.150588366347861
641,2465,20070413170000,spring_2,39.499794,-75.006409,720,1220,2102,2602,-5.107481956481934,28.741788864135742,10.786426207408212,3.458042885081901,-16.543987274169922,7.764979839324951,-3.375962928863519,2.8170476478176534,0.23499298663860022,31.757561795393414,11.728708805286098,3.1741650604321707
642,2466,20070413180000,spring_2,39.499794,-75.006409,720,1220,2102,2602,-4.544684886932373,27.342683792114258,10.878124512144927,3.5375808961964568,-15.867379188537598,8.979631423950195,-3.5067490446142378,2.765568947502724,0.2105789113489407,31.165504878967536,11.845147204081476,3.238243301204747
643,2467,20070413190000,spring_2,39.499794,-75.006409,720,1220,2102,2602,-4.366157054901123,25.457202911376953,10.888094747399315,3.612495412419093,-15.15802001953125,9.324252128601074,-3.651367205164204,2.7159130036967656,0.27771758230603966,28.766747551378078,11.878473792843593,3.3483214595404864
644,2468,20070413200000,spring_2,39.499794,-75.006409,720,1220,2102,2602,-4.392662048339844,24.270774841308594,10.802353534281167,3.653889109819141,-14.081986427307129,9.013760566711426,-3.7948264943352745,2.691834181324816,0.12818145777941153,25.748466584550506,11.82937317124652,3.428462813521882
645,2469,20070413210000,spring_2,39.499794,-75.006409,720,1220,2102,2602,-4.006871223449707,22.515687942504883,10.61958609159112,3.647634539240145,-12.398740768432617,8.867032051086426,-3.9380457727639335,2.671675299785158,0.08239746435769349,24.378189523107736,11.688339930665139,3.4798864305689756
646,2470,20070413220000,spring_2,39.499794,-75.006409,720,1220,2102,2602,-5.001650333404541,20.66481590270996,10.281620645558204,3.598901103628206,-11.462935447692871,6.584413528442383,-4.053280211465014,2.609191760724818,0.08850097721916309,22.153389063585795,11.391909412487554,3.482122098294472
647,2471,20070413230000,spring_2,39.499794,-75.006409,720,1220,2102,2602,-5.09589958190918,20.180387496948242,9.643328627184795,3.7346130785528353,-11.439481735229492,7.204870700836182,-3.9938318850354353,2.5495361839550514,0.042724608824739066,21.8085249262744,10.776271779943693,3.641965988637267
648,2472,20070414000000,spring_2,39.499794,-75.006409,720,1220,2102,2602,-3.4065756797790527,21.594789505004883,9.613068742241268,3.7104928840076767,-12.676383972167969,7.4675421714782715,-4.3827197130742865,2.623975932696141,0.07934570285284841,23.541977197654756,10.92027941616087,3.608299784807168
649,2473,20070414010000,spring_2,39.499794,-75.006409,720,1220,2102,2602,-3.976369619369507,23.030012130737305,9.384112519312103,3.7412987095602106,-13.908507347106934,7.971968173980713,-4.9222449546532445,2.6855569952569307,0.0946044936685109,23.81053881687097,10.988273816091784,3.57175504762596
650,2474,20070414020000,spring_2,39.499794,-75.006409,720,1220,2102,2602,-3.8538765907287598,24.879911422729492,8.99988181623694,3.8487230450289993,-15.731295585632324,8.632792472839355,-5.447116364187604,2.8031676374942296,0.08544921788994837,25.90106269799306,10.966556401348772,3.615799768861831
651,2475,20070414030000,spring_2,39.499794,-75.006409,720,1220,2102,2602,-5.510711669921875,25.358829498291016,8.511710149088987,4.029231502767803,-16.24371910095215,7.719636917114258,-5.820164765844632,2.9063649483974565,0.09765625292116258,26.87154430992702,10.822515567681572,3.725365494437249
652,2476,20070414040000,spring_2,39.499794,-75.006409,720,1220,2102,2602,-5.210368633270264,23.28561019897461,7.994937476284953,4.129869586514144,-17.90723991394043,7.481156826019287,-6.070697560641374,2.999202863351038,0.1098632831464357,25.894957660263007,10.615248726471995,3.7603097232495393
653,2477,20070414050000,spring_2,39.499794,-75.006409,720,1220,2102,2602,-5.478077411651611,22.581554412841797,7.441916370900521,4.223026588553137,-18.017301559448242,7.229647636413574,-6.165617808506565,3.0875159248505506,0.08239746278629959,24.74135732887598,10.30900895987297,3.8063111605781526
654,2478,20070414060000,spring_2,39.499794,-75.006409,720,1220,2102,2602,-6.449432373046875,21.522872924804688,6.929626529527218,4.357551315427955,-18.605907440185547,7.087639808654785,-6.079965653233055,3.120612920546935,0.057983398310330864,24.063843021654698,9.95903474746397,3.811798991093135
655,2479,20070414070000,spring_2,39.499794,-75.006409,720,1220,2102,2602,-7.081696510314941,19.33856964111328,6.500118770280879,4.534596988047402,-16.53336524963379,6.673442840576172,-5.871806025681669,3.091463688043119,0.03356933468111418,22.299873234948635,9.621301036835863,3.778879988577074
656,2480,20070414080000,spring_2,39.499794,-75.006409,720,1220,2102,2602,-6.9187116622924805,17.511911392211914,6.11341309476066,4.711126410364597,-16.053449630737305,9.845439910888672,-5.605932782531098,3.057638133942328,0.045776365575615395,20.996734897161318,9.270463682885774,3.7950847350641603
657,2481,20070414090000,spring_2,39.499794,-75.006409,720,1220,2102,2602,-8.93683910369873,16.695032119750977,5.736016286329458,4.83428517659042,-16.212020874023438,11.061436653137207,-5.317806418563124,3.0128268035631462,0.02136230555598378,19.852286919120267,8.909431707977133,3.7749719336850713
658,2482,20070414100000,spring_2,39.499794,-75.006409,720,1220,2102,2602,-8.629769325256348,18.31536102294922,5.356582957224577,4.926539608522399,-15.624982833862305,14.969375610351562,-4.994563405623739,3.003852314475948,0.051879883453807445,19.6813888657831,8.554263586023154,3.709061920861588
659,2483,20070414110000,spring_2,39.499794,-75.006409,720,1220,2102,2602,-8.921893119812012,17.757944107055664,5.039193604417546,4.9221493703550525,-15.163002967834473,17.540163040161133,-4.657288705268771,3.0054641564175792,0.036621094898515776,19.415878675018263,8.182299380903089,3.6598027717210595
660,2484,20070414120000,spring_2,39.499794,-75.006409,720,1220,2102,2602,-9.292129516601562,15.93254280090332,4.4135313368545335,4.684237501630325,-14.847090721130371,18.572542190551758,-4.145870191427749,2.984604735859016,0.061035156472585755,18.729208916828984,7.328898314924478,3.7154669149455835
661,2485,20070414130000,spring_2,39.499794,-75.006409,720,1220,2102,2602,-10.996339797973633,13.898112297058105,4.200828043851627,4.47751665021988,-14.605148315429688,18.53653335571289,-3.8620269149272906,2.911201028472621,0.0366210936547913,19.229713571887167,6.853947885552314,3.756175356521892
662,2486,20070414140000,spring_2,39.499794,-75.006409,720,1220,2102,2602,-11.748957633972168,13.965523719787598,4.059415943389868,4.418182376691604,-13.183124542236328,19.008045196533203,-3.600175097058173,2.9775348530738213,0.030517578346198206,19.3823085611482,6.682932877807462,3.6283020817764546
663,2487,20070414150000,spring_2,39.499794,-75.006409,720,1220,2102,2602,-10.689425468444824,12.989757537841797,3.9346426029390997,4.344540860325527,-10.83583927154541,18.002302169799805,-3.1698709765991735,3.166884710739401,0.01525878899973992,18.262276026046994,6.484818382298358,3.5186388032742895
664,2488,20070414160000,spring_2,39.499794,-75.006409,720,1220,2102,2602,-10.868181228637695,11.941277503967285,3.8099921213179995,4.2771750448306065,-11.161078453063965,17.745162963867188,-2.6314302839746,3.4353825152167765,0.015258788993973468,18.204291888708955,6.305358759210069,3.4320541387856323
665,2489,20070414170000,spring_2,39.499794,-75.006409,720,1220,2102,2602,-10.993598937988281,11.445213317871094,3.603521938334882,4.248860900247791,-11.692832946777344,20.52196502685547,-2.0747441426319093,3.767863257817788,0.021362304133472936,20.563370632881643,6.187841910909287,3.354125606221155
666,2490,20070414180000,spring_2,39.499794,-75.006409,720,1220,2102,2602,-10.339217185974121,11.723296165466309,3.298935633475941,4.209474756107856,-11.667186737060547,20.819520950317383,-1.4897390572057314,4.094317172981423,0.030517577545256764,20.87160531782641,6.089070979011196,3.2417008221341215
667,2491,20070414190000,spring_2,39.499794,-75.006409,720,1220,2102,2602,-12.570722579956055,12.565631866455078,2.8985485031112304,4.161733960069267,-11.731703758239746,21.112932205200195,-0.9159075296116148,4.350197591863579,0.018310547226218474,21.118805977065296,5.997587937562372,3.0844217612939127
668,2492,20070414200000,spring_2,39.499794,-75.006409,720,1220,2102,2602,-11.607760429382324,12.324577331542969,2.3738463681650313,4.05084133669655,-11.554742813110352,20.917001724243164,-0.3561316227192767,4.5544416452094945,0.030517578834371995,20.93569940359008,5.852607307035965,2.9429947768707057
669,2493,20070414210000,spring_2,39.499794,-75.006409,720,1220,2102,2602,-12.345224380493164,12.253215789794922,1.7198693199453894,3.919652388293583,-10.11974811553955,20.277008056640625,0.18476250634527078,4.693710279835504,0.02746581995492036,20.58778444547035,5.703270615865202,2.8034591096960977
670,2494,20070414220000,spring_2,39.499794,-75.006409,720,1220,2102,2602,-13.299867630004883,11.399784088134766,0.9399734342062864,3.869431267315101,-9.43890380859375,20.55376434326172,0.6404566461815422,4.77103212470575,0.021362304345399614,20.719017642933654,5.588914657860937,2.791596960030017
671,2495,20070414230000,spring_2,39.499794,-75.006409,720,1220,2102,2602,-12.831793785095215,11.226518630981445,0.08400300840980059,3.8931774839899913,-9.905869483947754,21.326831817626953,0.8426130314887035,4.79462905447682,0.0305175788045538,22.38838147896398,5.580371105601486,2.7788145389544177
672,4344,20070701000000,summer_1,39.499794,-75.006409,720,1220,2102,2602,-9.035687446594238,19.92103385925293,1.9989409715998638,3.742316003588933,-15.182116508483887,16.543397903442383,-0.8138738745501363,4.723962365617906,0.02746582020888107,21.65593703193056,5.737244481927555,2.8395300577207925
673,4345,20070701010000,summer_1,39.499794,-75.006409,720,1220,2102,2602,-9.415386199951172,24.727001190185547,1.9918718191588385,3.7020961324062838,-13.67070484161377,11.17060661315918,-1.0960653399333302,5.152886619404917,0.02136230540608412,25.022124717078956,6.040960054352115,2.988891179200776
674,4346,20070701020000,summer_1,39.499794,-75.006409,720,1220,2102,2602,-9.967788696289062,17.829750061035156,1.9316433835843991,3.600198032434661,-13.114978790283203,12.204180717468262,-1.2448671998455643,5.2804568228944095,0.01831054759811445,18.57661433239423,6.064801100297896,3.0567594363346107
675,4347,20070701030000,summer_1,39.499794,-75.006409,720,1220,2102,2602,-8.710558891296387,18.709070205688477,1.943193426874747,3.5040188521170843,-13.559087753295898,13.144585609436035,-1.4314793934715582,5.19087387880901,0.018310547118360318,19.296852055718034,5.948871215376145,3.107955107903859
676,4348,20070701040000,summer_1,39.499794,-75.006409,720,1220,2102,2602,-8.85969352722168,26.573591232299805,1.9521676801706016,3.4514803532595546,-13.053962707519531,13.143621444702148,-1.807628433637114,4.927915341998185,0.024414061995845053,26.575515031491914,5.808227709641452,3.0886949226796476
677,4349,20070701050000,summer_1,39.499794,-75.006409,720,1220,2102,2602,-9.638635635375977,23.481101989746094,1.9139370230417643,3.394141604881379,-13.544384002685547,12.000650405883789,-2.297215216716065,4.590724677038503,0.012207031361231913,24.573501758597605,5.718147017013105,2.972893820213389
678,4350,20070701060000,summer_1,39.499794,-75.006409,720,1220,2102,2602,-10.449591636657715,20.50045394897461,1.8405612426697027,3.341207003576108,-13.486465454101562,14.46827507019043,-2.828530839899892,4.256839758880401,0.024414062401759366,23.413802218158416,5.708806740304344,2.8429081898065762
679,4351,20070701070000,summer_1,39.499794,-75.006409,720,1220,2102,2602,-9.886935234069824,20.9411563873291,1.7558524331748198,3.2526928994446833,-13.080900192260742,12.808690071105957,-3.316678179408199,3.981541931588661,0.04882812262760195,21.497237496987147,5.764589053832082,2.6991799133041114
680,4352,20070701080000,summer_1,39.499794,-75.006409,720,1220,2102,2602,-8.770678520202637,17.892457962036133,1.6626634915831928,3.117221956822274,-13.249558448791504,11.48239803314209,-3.7965007142745293,3.7331885315930564,0.039672853882570414,17.950989384111793,5.856903783079291,2.5550567461398823
681,4353,20070701090000,summer_1,39.499794,-75.006409,720,1220,2102,2602,-8.20396900177002,20.142894744873047,1.466334603197823,2.9580682032968895,-14.302739143371582,10.647087097167969,-4.264886438296634,3.5179014393365953,0.06713866982228366,20.432145175600358,5.95806633572272,2.442670070122464
682,4354,20070701100000,summer_1,39.499794,-75.006409,720,1220,2102,2602,-8.02198314666748,20.908836364746094,1.21634184423446,2.7895449062975644,-14.613733291625977,10.484942436218262,-4.663142972656685,3.357811027726059,0.0854492194796724,21.366004696656898,6.0663314843022045,2.3410399121344208
683,4355,20070701110000,summer_1,39.499794,-75.006409,720,1220,2102,2602,-7.409824371337891,20.341064453125,0.9238823443156742,2.5154215633108743,-14.2369384765625,12.470460891723633,-4.518162839449847,2.927798118316503,0.07019043051149217,21.95501752433763,5.6675295862010495,2.011419867219787
684,4356,20070701120000,summer_1,39.499794,-75.006409,720,1220,2102,2602,-6.823252201080322,23.52765655517578,0.7859505647064137,2.2961470423982995,-13.243314743041992,14.920592308044434,-4.300692333114888,2.655852670286588,0.045776369755024124,27.787102608706792,5.267565525784854,1.9215282752073424
685,4357,20070701130000,summer_1,39.499794,-75.006409,720,1220,2102,2602,-5.744730472564697,23.743715286254883,0.6795071812848813,2.2949097845413995,-13.063225746154785,18.81126594543457,-4.7016433938345665,2.5600965097593225,0.045776365599255145,24.912262171760062,5.560227165660056,1.863265825621137
686,4358,20070701140000,summer_1,39.499794,-75.006409,720,1220,2102,2602,-7.33313512802124,13.303942680358887,0.6846249857239397,2.424749657268633,-12.457173347473145,13.781683921813965,-4.9782216257530925,2.436280768281487,0.07629394780683511,16.473892486700436,5.829409406899464,1.7562069283737283
687,4359,20070701150000,summer_1,39.499794,-75.006409,720,1220,2102,2602,-7.129270553588867,9.953690528869629,0.8016182935033072,2.6296100447785835,-11.914463996887207,10.768428802490234,-5.115718520956987,2.3560025578335035,0.07019043476586516,13.25418902838449,6.025467024638418,1.7240974593261793
688,4360,20070701160000,summer_1,39.499794,-75.006409,720,1220,2102,2602,-9.415802001953125,12.941131591796875,0.9733798141404595,2.789467437457528,-12.146513938903809,13.163105010986328,-5.19131692401951,2.2809683278604287,0.09155273660776067,16.135140207449375,6.152607171051062,1.7397154262283303
689,4361,20070701170000,summer_1,39.499794,-75.006409,720,1220,2102,2602,-9.685759544372559,10.159628868103027,1.0851190011414504,2.942782666513411,-12.770332336425781,9.245004653930664,-5.186479285500917,2.27238417858891,0.03967285206859357,14.975433168243613,6.225201280099545,1.7741531290303802
690,4362,20070701180000,summer_1,39.499794,-75.006409,720,1220,2102,2602,-9.492264747619629,11.55003833770752,1.1690485701154552,3.1171696858976126,-12.90302562713623,7.020339488983154,-5.124199937346611,2.345743514236726,0.04577636657972546,15.22568540844278,6.276731136167135,1.8563419099736764
691,4363,20070701190000,summer_1,39.499794,-75.006409,720,1220,2102,2602,-10.208377838134766,12.156606674194336,1.2139213717572195,3.270031646872904,-14.254583358764648,7.459020614624023,-5.025566207990648,2.427969343530667,0.06103516017217841,14.896087370870795,6.302204534603156,1.897440622630625
692,4364,20070701200000,summer_1,39.499794,-75.006409,720,1220,2102,2602,-10.372928619384766,12.623283386230469,1.1873832934423774,3.381279618664915,-12.204354286193848,8.009234428405762,-4.949866501070509,2.474135488773615,0.024414061569482857,13.895081671722487,6.3052936517465525,1.9258057289400974
693,4365,20070701210000,summer_1,39.499794,-75.006409,720,1220,2102,2602,-10.977258682250977,12.503012657165527,1.104880704289485,3.4561045003479114,-12.282841682434082,6.936755180358887,-4.944826755195089,2.527410670286098,0.0823974611277566,13.544113068385961,6.338451908976919,1.9566715158125985
694,4366,20070701220000,summer_1,39.499794,-75.006409,720,1220,2102,2602,-10.465882301330566,12.805583953857422,0.9280370721612791,3.4956512468834675,-14.014856338500977,6.496850490570068,-4.946246114800118,2.6530267120829354,0.06408691318764459,15.262306811602615,6.364381669814801,2.019746957237425
695,4367,20070701230000,summer_1,39.499794,-75.006409,720,1220,2102,2602,-10.178519248962402,12.813241004943848,0.6809638592622163,3.507972764145596,-11.624678611755371,6.261927604675293,-4.856633983193783,2.748148406473466,0.051879884593772393,14.57258630217226,6.319804905565657,1.992200782529764
696,4368,20070702000000,summer_1,39.499794,-75.006409,720,1220,2102,2602,-9.845287322998047,12.204967498779297,0.5277801146391251,3.7533746187684036,-11.608439445495605,7.272821426391602,-5.12648108980988,2.928764351391288,0.09155273424666925,15.778069120899197,6.707301996011146,2.0583832982918873
697,4369,20070702010000,summer_1,39.499794,-75.006409,720,1220,2102,2602,-9.884526252746582,12.181123733520508,0.2368017346882145,4.074942341248862,-12.818978309631348,4.695525646209717,-5.560104295882358,3.2854351701000835,0.024414062833060534,17.365029248833313,7.27825960637627,2.323146849914063
698,4370,20070702020000,summer_1,39.499794,-75.006409,720,1220,2102,2602,-10.312707901000977,11.397995948791504,-0.09342216025987757,4.206330394851094,-14.37260627746582,5.942831993103027,-5.6717105178290925,3.4252582052813407,0.03356933622296248,17.288734155813685,7.457833053313783,2.446091414987698
699,4371,20070702030000,summer_1,39.499794,-75.006409,720,1220,2102,2602,-10.948504447937012,10.928942680358887,-0.3134729818999635,4.242274303730215,-14.684330940246582,6.775850772857666,-5.612307292280556,3.4687210874370606,0.030517577980386436,16.51051409994908,7.451876293635911,2.4687477409071414
700,4372,20070702040000,summer_1,39.499794,-75.006409,720,1220,2102,2602,-11.294037818908691,10.586536407470703,-0.41604210603383046,4.165111032552857,-15.688468933105469,7.118008613586426,-5.52154356616257,3.55510560611413,0.024414062434828448,17.285683086857773,7.374525265550417,2.5027659257110955
701,4373,20070702050000,summer_1,39.499794,-75.006409,720,1220,2102,2602,-11.151442527770996,11.135049819946289,-0.4221530453556406,4.034688433483404,-16.272422790527344,7.760482311248779,-5.434241872698029,3.640791510779327,0.042724607697641304,18.00897202058175,7.272057543397285,2.521993376369939
702,4374,20070702060000,summer_1,39.499794,-75.006409,720,1220,2102,2602,-11.33970832824707,10.013643264770508,-0.37366435452571206,3.9111180998057056,-16.164630889892578,8.472368240356445,-5.391487320494522,3.646962188558959,0.03356933667830575,17.642753833798928,7.169789110040257,2.5296368691673923
703,4375,20070702070000,summer_1,39.499794,-75.006409,720,1220,2102,2602,-10.69691276550293,10.718185424804688,-0.2662353580016007,3.8175912352510792,-16.22577667236328,9.41722297668457,-5.402630723273011,3.5566141191515266,0.021362304568429462,17.441329637823628,7.0831296124904375,2.5123856635832422
704,4376,20070702080000,summer_1,39.499794,-75.006409,720,1220,2102,2602,-10.971080780029297,10.717488288879395,-0.16121410851548496,3.7694150101027573,-16.448406219482422,9.31437873840332,-5.461653369168864,3.376256197985705,0.027465821197552524,17.316200281378983,7.006534636868775,2.5242256889828694
705,4377,20070702090000,summer_1,39.499794,-75.006409,720,1220,2102,2602,-11.074311256408691,10.224571228027344,-0.09950709409301192,3.7640199552602884,-15.43092155456543,8.215033531188965,-5.607744344115046,3.1604927615570793,0.07629394166587111,16.312141599571202,7.0269190774129475,2.4971318126345396
706,4378,20070702100000,summer_1,39.499794,-75.006409,720,1220,2102,2602,-11.360703468322754,10.792906761169434,-0.06542708710801579,3.7433244832861337,-14.467262268066406,9.819149017333984,-5.738121387045131,2.994004047892174,0.0732421889824195,15.674308497972104,7.068252111000001,2.4385791513707984
707,4379,20070702110000,summer_1,39.499794,-75.006409,720,1220,2102,2602,-11.876715660095215,11.21058177947998,-0.09972567960669869,3.447873278261557,-14.028396606445312,9.870577812194824,-5.457550179027249,2.73642888878969,0.08850097790354992,15.19821985776286,6.644532986721078,2.2407261685671718
708,4380,20070702120000,summer_1,39.499794,-75.006409,720,1220,2102,2602,-11.318821907043457,10.450919151306152,0.15140529835834424,3.0313903859081353,-13.755508422851562,8.464115142822266,-5.123311801734747,2.7031912939737825,0.05187988104427816,15.158546233066893,6.061127461454881,2.4557182496685046
709,4381,20070702130000,summer_1,39.499794,-75.006409,720,1220,2102,2602,-9.923388481140137,10.159377098083496,0.09890651648108172,3.0408986020423354,-13.86220932006836,7.921893119812012,-5.356328530274354,2.520788065857413,0.07324218858540935,15.27756512081422,6.286098912768865,2.1877922805860055
710,4382,20070702140000,summer_1,39.499794,-75.006409,720,1220,2102,2602,-9.243598937988281,9.625783920288086,0.16829881249824166,3.054729074612619,-13.923806190490723,5.828680515289307,-5.381743652966466,2.430184068685055,0.06408691390468892,14.685508000384093,6.333928095972877,2.02731557448585
711,4383,20070702150000,summer_1,39.499794,-75.006409,720,1220,2102,2602,-8.420723915100098,9.390375137329102,0.32792635618783766,3.0520667051310064,-12.8002290725708,6.212446212768555,-5.2342300515559295,2.4613769835904997,0.02746582089881289,13.727226492163878,6.234238622481051,2.003111717697665
712,4384,20070702160000,summer_1,39.499794,-75.006409,720,1220,2102,2602,-8.846416473388672,9.419346809387207,0.5082757006433472,3.038649033948568,-11.989107131958008,6.827050685882568,-4.989638031466836,2.5588092754967002,0.0793457042336814,13.068023304852048,6.067169516555893,2.0310536157827466
713,4385,20070702170000,summer_1,39.499794,-75.006409,720,1220,2102,2602,-9.443497657775879,9.651017189025879,0.6617851797519017,3.0665255634098907,-11.846917152404785,7.650913715362549,-4.713703274041396,2.7098450097517417,0.03967285004900044,13.156532296218842,5.926402009077423,2.0691922130565112
714,4386,20070702180000,summer_1,39.499794,-75.006409,720,1220,2102,2602,-9.941275596618652,11.68996524810791,0.7920768451186014,3.1208397026553034,-11.39269733428955,8.428719520568848,-4.407347403260496,2.876913672149476,0.0427246091601415,13.034454285435467,5.799021188662204,2.1070649827940997
715,4387,20070702190000,summer_1,39.499794,-75.006409,720,1220,2102,2602,-9.965843200683594,11.529086112976074,0.9027798638323884,3.2117008709406187,-10.942875862121582,9.432767868041992,-4.090411784635505,3.030206674388472,0.05798339949210756,12.747581626119954,5.694112193383794,2.1495909735327343
716,4388,20070702200000,summer_1,39.499794,-75.006409,720,1220,2102,2602,-10.236067771911621,11.851205825805664,0.9921610115146956,3.300709915445834,-14.599980354309082,9.52813720703125,-3.7546107257107013,3.1835579445125135,0.012207031291594178,15.030365665934196,5.590615642967131,2.203685331210901
717,4389,20070702210000,summer_1,39.499794,-75.006409,720,1220,2102,2602,-10.00542163848877,11.669999122619629,1.1021258396092606,3.408431418853082,-11.57809066772461,9.420750617980957,-3.432144641081253,3.3343802821961894,0.027465819962519306,13.013092128478617,5.534557856182774,2.2579778881836505
718,4390,20070702220000,summer_1,39.499794,-75.006409,720,1220,2102,2602,-8.422076225280762,13.82132625579834,1.1558538017459137,3.5497797057667997,-11.655363082885742,9.979706764221191,-3.1443525982120466,3.4640831957474494,0.0213623037233483,15.350806671186358,5.5361223577098535,2.274886559785368
719,4391,20070702230000,summer_1,39.499794,-75.006409,720,1220,2102,2602,-7.791418552398682,12.20388126373291,1.112873674331029,3.7464996723559123,-12.034238815307617,9.97307300567627,-2.827809298629962,3.559551635123873,0.02441406143061989,14.108703832944498,5.566420849899818,2.226346739462141
720,4392,20070703000000,summer_1,39.499794,-75.006409,720,1220,2102,2602,-8.66096305847168,11.697831153869629,1.0158149260358906,4.22961789024103,-11.103293418884277,11.649252891540527,-2.729643990035414,3.719078307213684,0.036621091298709656,12.894073571687603,5.9379971871007475,2.223563948914391
721,4393,20070703010000,summer_1,39.499794,-75.006409,720,1220,2102,2602,-9.889822959899902,12.561554908752441,0.871095248153016,4.662980775114253,-13.409299850463867,12.36249828338623,-2.607174400861508,3.8973280791684517,0.048828126587075193,13.528854323983348,6.242086244418016,2.350548972233867
722,4394,20070703020000,summer_1,39.499794,-75.006409,720,1220,2102,2602,-10.481529235839844,13.830233573913574,0.7358103752534089,4.836960267157375,-16.229732513427734,12.973404884338379,-2.366970433181026,3.930919482681172,0.021362305090365404,16.342658753323768,6.230923542115432,2.4835197517992422
723,4395,20070703030000,summer_1,39.499794,-75.006409,720,1220,2102,2602,-10.966169357299805,12.529483795166016,0.6891437165093413,4.821508955977878,-12.47540283203125,12.5253324508667,-2.099081272339953,3.9113556938232814,0.00915527390098654,14.499344404733204,6.083474578009328,2.5333871170402573
724,4396,20070703040000,summer_1,39.499794,-75.006409,720,1220,2102,2602,-11.289172172546387,12.074190139770508,0.7223140459847196,4.691965747455106,-11.456814765930176,12.741067886352539,-1.8580664348027671,3.9193830547002046,0.021362304926080083,13.693656528826272,5.908052141842045,2.538734813092175
725,4397,20070703050000,summer_1,39.499794,-75.006409,720,1220,2102,2602,-9.821891784667969,11.41680908203125,0.7939369828636443,4.537316951454794,-11.978289604187012,13.038400650024414,-1.6847916023314777,3.9259684751108725,0.05493163926858893,14.00799547295183,5.749716753200278,2.5318154592182958
726,4398,20070703060000,summer_1,39.499794,-75.006409,720,1220,2102,2602,-9.36546802520752,11.048384666442871,0.8294912430374307,4.364500577452726,-11.353708267211914,13.245556831359863,-1.5551707277808413,3.902407668354837,0.03662109502533021,13.278603271738527,5.591167358852273,2.4744919035525035
727,4399,20070703070000,summer_1,39.499794,-75.006409,720,1220,2102,2602,-9.403964042663574,11.200216293334961,0.8797214097538623,4.2233564799470775,-11.25244426727295,12.923741340637207,-1.4481061867079843,3.867154229447457,0.015258789429167446,13.565474624386681,5.444910634466505,2.4526498446535636
728,4400,20070703080000,summer_1,39.499794,-75.006409,720,1220,2102,2602,-9.485132217407227,11.651873588562012,0.9205711530203421,4.083592433144957,-11.244181632995605,12.635122299194336,-1.365025489007053,3.80020473449673,0.042724608239755706,13.623466710420596,5.284832942643007,2.428697137540519
729,4401,20070703090000,summer_1,39.499794,-75.006409,720,1220,2102,2602,-9.53136157989502,11.409175872802734,0.9133329068576596,3.930887184355135,-10.370253562927246,12.60883903503418,-1.2968697482599236,3.713349047530413,0.033569335772139185,13.24808483599454,5.105208362072101,2.386154003297434
730,4402,20070703100000,summer_1,39.499794,-75.006409,720,1220,2102,2602,-8.84677791595459,10.941203117370605,0.8306558384061637,3.749019012169233,-9.808773040771484,12.088212013244629,-1.2335630258332468,3.638616305885513,0.01831054622035868,12.753684387436516,4.916186285581741,2.3102925012001037
731,4403,20070703110000,summer_1,39.499794,-75.006409,720,1220,2102,2602,-8.740948677062988,9.379681587219238,0.6605727980619871,3.4079210558176123,-9.205475807189941,10.890157699584961,-1.0947357953598262,3.41160521158821,0.027465820597660756,11.963256773560488,4.5271260744894635,2.0959266283150355
732,4404,20070703120000,summer_1,39.499794,-75.006409,720,1220,2102,2602,-7.945506572723389,8.487846374511719,0.5629697975296597,2.9123947657804226,-8.688901901245117,10.466593742370605,-1.1389964768331702,2.9011947621738132,0.015258788655049132,11.899169936265137,3.773203022429026,2.067888110733122
733,4405,20070703130000,summer_1,39.499794,-75.006409,720,1220,2102,2602,-7.12116813659668,8.284293174743652,0.5091912773064157,2.7173448101970594,-8.334207534790039,9.765810012817383,-1.0329766796777131,2.8281813909601494,0.01220703098564379,11.053802439829992,3.6226632898475897,1.893462453737003
734,4406,20070703140000,summer_1,39.499794,-75.006409,720,1220,2102,2602,-7.326517105102539,7.399552822113037,0.49472725193077094,2.5934900093001123,-8.735353469848633,9.832819938659668,-0.8194314680968495,2.8514733136963093,0.003051757766721246,10.754723275461478,3.5913041640765435,1.6958325014159035
735,4407,20070703150000,summer_1,39.499794,-75.006409,720,1220,2102,2602,-7.438779830932617,8.246021270751953,0.4997620398235637,2.5213047824326438,-8.834699630737305,9.495573043823242,-0.5842654899108956,2.8731973769279673,0.01220703173291974,10.098571565448006,3.579122890793803,1.547012787422492
736,4408,20070703160000,summer_1,39.499794,-75.006409,720,1220,2102,2602,-7.766232490539551,10.164207458496094,0.5020938190837424,2.5045580100691045,-10.544175148010254,9.792181968688965,-0.2703563059801443,2.903059905021228,0.00915527338420309,10.950042422725678,3.5890099897782872,1.4645018492853332
737,4409,20070703170000,summer_1,39.499794,-75.006409,720,1220,2102,2602,-8.051986694335938,11.130083084106445,0.5055790326383792,2.5478079971003513,-11.367713928222656,9.806354522705078,0.07262983092155881,2.9416353206266903,0.02136230454070536,12.30506153200434,3.6423077587514636,1.4625400475778914
738,4410,20070703180000,summer_1,39.499794,-75.006409,720,1220,2102,2602,-7.846013069152832,12.062361717224121,0.506976007648514,2.6320246291574105,-13.549290657043457,10.484195709228516,0.4283419077887229,2.988424948169803,0.02441406179877794,13.950012418126889,3.7450278304154434,1.507814753558275
739,4411,20070703190000,summer_1,39.499794,-75.006409,720,1220,2102,2602,-10.481761932373047,11.40158462524414,0.48237643719561313,2.7500852375332894,-13.102778434753418,10.93724536895752,0.8023056490881164,3.0357501129967597,0.02136230430401734,14.926605268650118,3.8906383641935243,1.5868402764752791
740,4412,20070703200000,summer_1,39.499794,-75.006409,720,1220,2102,2602,-10.122198104858398,13.120712280273438,0.4430454873472511,2.855701202434824,-13.465507507324219,12.49988842010498,1.2054870532776885,3.095542198644251,0.018310547839780016,14.014099502160503,4.069297221270775,1.681582387399387
741,4413,20070703210000,summer_1,39.499794,-75.006409,720,1220,2102,2602,-12.094847679138184,14.780645370483398,0.4128787038069051,2.974914228279685,-13.736546516418457,12.316873550415039,1.6007152530272697,3.161436763331079,0.018310547320028635,17.081207159876563,4.278534909578382,1.8087825317082002
742,4414,20070703220000,summer_1,39.499794,-75.006409,720,1220,2102,2602,-11.782954216003418,12.518280982971191,0.325814629762304,3.0590740840683575,-16.75058364868164,13.000250816345215,2.0147715755004514,3.2125907280749075,0.039672850802201995,16.88894620821313,4.486660740183858,1.9271763061111156
743,4415,20070703230000,summer_1,39.499794,-75.006409,720,1220,2102,2602,-13.57241439819336,12.07289981842041,0.13368804202704992,3.098281086413757,-14.074384689331055,12.771951675415039,2.3981785375909896,3.2262372733432625,0.021362303890120806,14.752647926084759,4.647454559859471,2.0440771852166146
744,4416,20070704000000,summer_1,39.499794,-75.006409,720,1220,2102,2602,-9.525749206542969,10.705770492553711,-0.10291456910425192,3.258546283717586,-10.698579788208008,13.455309867858887,3.0333231447868716,3.541728261536394,0.015258788811909795,13.81877892893775,5.136143514180224,2.448189835914147
745,4417,20070704010000,summer_1,39.499794,-75.006409,720,1220,2102,2602,-9.85573959350586,10.004284858703613,-0.21990067960087245,3.2944496248258592,-10.324498176574707,14.327445983886719,3.719368803912438,3.7879439478138885,0.03051757716601905,14.569534429306543,5.55244322228718,2.8730389057543655
746,4418,20070704020000,summer_1,39.499794,-75.006409,720,1220,2102,2602,-9.1932954788208,10.187273025512695,-0.14540257611162122,3.2114329310161898,-12.28549575805664,14.610295295715332,4.195297180153439,3.737280411330534,0.03051757703116925,16.08325252552373,5.71813544646891,3.0339996206508104
747,4419,20070704030000,summer_1,39.499794,-75.006409,720,1220,2102,2602,-8.777569770812988,10.126692771911621,0.06516161283691542,3.1243691190313223,-10.73870849609375,15.663453102111816,4.5492110445011225,3.5621835430697737,0.030517576543487312,16.623436296293,5.841109616879943,3.0053019138290953
748,4420,20070704040000,summer_1,39.499794,-75.006409,720,1220,2102,2602,-8.320918083190918,10.555827140808105,0.282783656252919,3.0573860958592625,-8.742897987365723,16.10444450378418,4.8397874216306835,3.337837731489961,0.027465818990127327,16.45252981966118,5.9697428985189145,2.8904063848035153
749,4421,20070704050000,summer_1,39.499794,-75.006409,720,1220,2102,2602,-7.953106880187988,11.454927444458008,0.5293281333486543,3.02345395671179,-3.93882417678833,16.410337448120117,5.07079015062795,3.1382059542810463,0.024414062490357383,16.541030915953815,6.105033270373376,2.776919197948536
750,4422,20070704060000,summer_1,39.499794,-75.006409,720,1220,2102,2602,-7.6922101974487305,12.598575592041016,0.7846887468998753,2.996349169827047,-2.282703399658203,16.082307815551758,5.248165274820265,2.992176901621788,0.0457763674648365,16.226691961691024,6.229105299511052,2.6997135601885804
751,4423,20070704070000,summer_1,39.499794,-75.006409,720,1220,2102,2602,-7.13308048248291,13.7219820022583,1.0639760267946865,2.9929447953922863,-3.2591304779052734,16.84294891357422,5.389730315611926,2.9040360727768486,0.024414062906008095,17.441329678291474,6.376569276192833,2.6290200050187145
752,4424,20070704080000,summer_1,39.499794,-75.006409,720,1220,2102,2602,-7.3456130027771,14.01912784576416,1.336689969047139,2.9706556796355637,-3.8311548233032227,17.934322357177734,5.494139841991138,2.843683780030807,0.045776367662050836,18.008972403473102,6.485252151490134,2.612498768623547
753,4425,20070704090000,summer_1,39.499794,-75.006409,720,1220,2102,2602,-7.0389838218688965,14.789278030395508,1.5055803272820856,2.9716400508608856,-3.348597288131714,17.913846969604492,5.549776722445318,2.7810627280773033,0.024414061794210073,17.93878212267593,6.56042391035822,2.5676032397308104
754,4426,20070704100000,summer_1,39.499794,-75.006409,720,1220,2102,2602,-7.369236946105957,15.922101020812988,1.5789748362483955,2.9942702466449833,-2.9299533367156982,17.652206420898438,5.599621501960903,2.714381138582374,0.03967285083346899,18.176826445142066,6.616943965291527,2.5295245273283515
755,4427,20070704110000,summer_1,39.499794,-75.006409,720,1220,2102,2602,-7.307140350341797,15.467790603637695,1.5629632050036117,2.856227655224325,-2.595486640930176,16.901660919189453,5.384335266989363,2.5051590370498658,0.06103515723659676,17.462692540541525,6.360503852732566,2.3263209594326435
756,4428,20070704120000,summer_1,39.499794,-75.006409,720,1220,2102,2602,-7.561354160308838,14.9256591796875,1.4262384931446588,2.648732345323938,-2.9201765060424805,16.773683547973633,4.964410151221501,2.2737866306495316,0.061035155479791,17.151405833050756,5.849665055043727,2.1556511340114173
757,4429,20070704130000,summer_1,39.499794,-75.006409,720,1220,2102,2602,-7.66969108581543,13.340743064880371,1.4980596536340172,2.647031777805825,-2.6612112522125244,15.334129333496094,5.086530015132709,2.177160823675418,0.09155273497754668,15.509506480350037,5.972483329436551,2.0477352575846828
758,4430,20070704140000,summer_1,39.499794,-75.006409,720,1220,2102,2602,-7.508076190948486,12.32732105255127,1.5796448985411078,2.6866003924876467,-3.0977940559387207,13.712437629699707,5.371849567094447,2.17555839913975,0.03662109358717856,14.145332274593297,6.264918798152383,2.0133837802363774
759,4431,20070704150000,summer_1,39.499794,-75.006409,720,1220,2102,2602,-7.730237007141113,14.16137981414795,1.6074050978482473,2.72274344138509,-3.232612133026123,13.985816955566406,5.731894248377757,2.263518399006127,0.13123321211864436,14.230781365030108,6.61416472932645,2.0562186524670247
760,4432,20070704160000,summer_1,39.499794,-75.006409,720,1220,2102,2602,-7.891003608703613,16.79524040222168,1.6439914588721483,2.8339803039196534,-8.272775650024414,17.310924530029297,6.139090493619435,2.387896820576899,0.08544921886607953,19.85228740619388,7.042285378546844,2.1285798649626013
761,4433,20070704170000,summer_1,39.499794,-75.006409,720,1220,2102,2602,-9.901351928710938,14.851292610168457,1.6308928133997884,2.9764554195911987,-7.266059875488281,18.492477416992188,6.560768159139572,2.596270562143061,0.027465820437245853,21.097442821996047,7.492208393103659,2.2738098640278315
762,4434,20070704180000,summer_1,39.499794,-75.006409,720,1220,2102,2602,-8.735652923583984,18.8678035736084,1.6565484906555568,3.167624400828307,-11.818979263305664,20.908283233642578,6.995363849264325,2.874030893083308,0.05798339726525927,23.862419403577114,7.990608404235362,2.4745390550101924
763,4435,20070704190000,summer_1,39.499794,-75.006409,720,1220,2102,2602,-11.61545467376709,16.10736656188965,1.686055476572114,3.3124297947046117,-12.392461776733398,17.710739135742188,7.361447305850289,3.1763712256807315,0.07934570564034407,21.106597636179597,8.429429188347688,2.653288219116173
764,4436,20070704200000,summer_1,39.499794,-75.006409,720,1220,2102,2602,-8.647262573242188,19.43688201904297,1.6591541066112552,3.308207099939723,-11.566210746765137,18.520740509033203,7.644349856932584,3.4497867934333364,0.10681151947684528,19.60813767967892,8.718060178999357,2.8336490495921645
765,4437,20070704210000,summer_1,39.499794,-75.006409,720,1220,2102,2602,-10.457202911376953,22.01520538330078,1.6081281084360435,3.2736421518471586,-11.674543380737305,18.769418716430664,7.791729070464049,3.702461247888514,0.03967285009317862,22.925506475038866,8.866130405155445,3.0189073834587017
766,4438,20070704220000,summer_1,39.499794,-75.006409,720,1220,2102,2602,-8.12743854522705,19.95528793334961,1.5128678581032897,3.2073401591460025,-11.14083194732666,19.280458450317383,7.845373056614306,3.858192017664641,0.07019042763241704,20.288704534444754,8.902711311701125,3.1229882157450466
767,4439,20070704230000,summer_1,39.499794,-75.006409,720,1220,2102,2602,-9.748929023742676,19.91880989074707,1.3271976131765177,3.115300386574602,-12.373286247253418,19.541034698486328,7.883415955676374,4.041452385890865,0.07934570533894975,21.13407078898736,8.90183634037308,3.2719175249175105
768,4440,20070705000000,summer_1,39.499794,-75.006409,720,1220,2102,2602,-10.06934928894043,20.197330474853516,1.187826075369773,3.0742699292963445,-11.02189826965332,19.792415618896484,7.678714569253327,4.615009218337103,0.0,21.576583638237683,8.638983494394637,4.060910992435178
769,4441,20070705010000,summer_1,39.499794,-75.006409,720,1220,2102,2602,-7.852160930633545,22.68516731262207,1.3934536548512477,3.1441758459760765,-12.393646240234375,19.444778442382812,8.082535411160272,4.752700034456417,0.0,22.745444526268965,9.056690911686264,4.209446621469246
770,4442,20070705020000,summer_1,39.499794,-75.006409,720,1220,2102,2602,-8.762868881225586,19.878259658813477,1.8020029351823812,3.3117570287126203,-9.471632957458496,18.255512237548828,8.167451262892826,4.870875444727851,0.0,20.853294766447235,9.27115860438355,4.323569712376638
771,4443,20070705030000,summer_1,39.499794,-75.006409,720,1220,2102,2602,-9.209479331970215,20.45090103149414,2.270717995385361,3.3517773831247113,-8.151015281677246,18.71089744567871,8.125595590911866,4.93025972638762,0.0,21.79631809985549,9.345904749662187,4.401976934006031
772,4444,20070705040000,summer_1,39.499794,-75.006409,720,1220,2102,2602,-7.296550750732422,20.979204177856445,2.7416454431375605,3.317702803077493,-5.052708625793457,18.834888458251953,8.02818966664525,5.00824365666541,0.0,21.063874280299768,9.388819606875964,4.461857445406074
773,4445,20070705050000,summer_1,39.499794,-75.006409,720,1220,2102,2602,-7.634156227111816,24.256065368652344,3.175620581134058,3.294757726414012,-4.366717338562012,18.659563064575195,7.8860988805477845,5.123586618514058,0.0,24.25611222214209,9.425137771498305,4.533041796691972
774,4446,20070705060000,summer_1,39.499794,-75.006409,720,1220,2102,2602,-6.4731831550598145,23.460193634033203,3.595830721786797,3.2324646366614616,-4.876023769378662,20.793291091918945,7.730175100878987,5.260018104313417,0.0,23.496200775254767,9.463330516214043,4.609511828367413
775,4447,20070705070000,summer_1,39.499794,-75.006409,720,1220,2102,2602,-6.259687900543213,24.792726516723633,3.9763667587836173,3.162719669083089,-5.055304050445557,19.504453659057617,7.5512563291943,5.410207739487591,0.0,25.10757362866055,9.476488564158423,4.722528214055201
776,4448,20070705080000,summer_1,39.499794,-75.006409,720,1220,2102,2602,-5.984407901763916,22.752901077270508,4.260331961493496,3.058032739525506,-4.346662521362305,20.7211971282959,7.3424062864210855,5.519400019487912,0.0,22.794273067104932,9.401377386608177,4.846731119291057
777,4449,20070705090000,summer_1,39.499794,-75.006409,720,1220,2102,2602,-5.6192216873168945,21.161500930786133,4.421360838447552,2.9680102438840423,-5.591218948364258,21.897891998291016,7.1488910712976415,5.575063715976238,0.0,22.45857122758318,9.261771598352626,4.976452784663071
778,4450,20070705100000,summer_1,39.499794,-75.006409,720,1220,2102,2602,-5.538818359375,21.364049911499023,4.488265576273946,2.880963604598695,-5.658576965332031,21.804927825927734,6.969597778471429,5.543126989439463,0.0,23.16355079183782,9.053748330865062,5.0769745272427915
779,4451,20070705110000,summer_1,39.499794,-75.006409,720,1220,2102,2602,-5.504371166229248,18.196630477905273,4.441496311653315,2.8286438725795944,-6.532595157623291,21.115488052368164,6.639019385927962,5.48092441943911,0.0,22.60810725233872,8.646416129051623,5.204297711115231
780,4452,20070705120000,summer_1,39.499794,-75.006409,720,1220,2102,2602,-5.153317451477051,18.612422943115234,4.2234332352512745,2.7634440495386827,-6.091548442840576,21.092138290405273,6.2194251671724325,5.462390410272531,0.0,21.628471160287933,8.093235556842359,5.3378373835583925
781,4453,20070705130000,summer_1,39.499794,-75.006409,720,1220,2102,2602,-3.8941502571105957,18.242849349975586,4.224997492120586,2.6834152463948007,-6.519225120544434,21.42742156982422,6.076042003837792,5.442762148636159,0.0,21.860405317016124,7.972832960028586,5.294072347779048
782,4454,20070705140000,summer_1,39.499794,-75.006409,720,1220,2102,2602,-4.727658748626709,16.637510299682617,4.266520538328414,2.6090860111812653,-6.181458473205566,21.89763069152832,6.016865183746482,5.40543499772115,0.0,23.07504386417935,7.956301199093071,5.20856916062361
783,4455,20070705150000,summer_1,39.499794,-75.006409,720,1220,2102,2602,-4.806990623474121,15.607158660888672,4.294152847104348,2.5195631378275314,-5.022096157073975,21.77849769592285,6.019110810224308,5.384953081251288,0.0,22.693565122505536,7.996171100572802,5.106526162000436
784,4456,20070705160000,summer_1,39.499794,-75.006409,720,1220,2102,2602,-5.086822509765625,19.545774459838867,4.38630985592904,2.5060522872200903,-7.660672187805176,21.081626892089844,6.0335242600875905,5.438209715631341,0.0,21.86955949677382,8.148915722611372,5.009263885296031
785,4457,20070705170000,summer_1,39.499794,-75.006409,720,1220,2102,2602,-5.479857921600342,19.43363380432129,4.439321926212257,2.51647976970731,-11.444668769836426,20.838701248168945,6.049175688498557,5.610104899560807,0.0,22.0770879963207,8.348722186501416,4.94013066051013
786,4458,20070705180000,summer_1,39.499794,-75.006409,720,1220,2102,2602,-5.699871063232422,21.774791717529297,4.430089338707631,2.60365914626747,-13.129059791564941,20.955076217651367,6.077474676867942,5.8901013721995605,0.0,22.47383141372956,8.577689496964325,4.945398671017275
787,4459,20070705190000,summer_1,39.499794,-75.006409,720,1220,2102,2602,-7.635385990142822,22.32274055480957,4.365074203469865,2.666750164366655,-14.595296859741211,21.52483367919922,6.080022478223611,6.127633526023764,0.0,24.41175848544095,8.723802738568656,4.957344146258611
788,4460,20070705200000,summer_1,39.499794,-75.006409,720,1220,2102,2602,-9.950861930847168,23.242170333862305,4.288608601081637,2.6865829699350483,-15.376849174499512,20.21172523498535,6.072699993191979,6.308214320540249,0.0,23.377181388307005,8.803151936234793,4.978519950383345
789,4461,20070705210000,summer_1,39.499794,-75.006409,720,1220,2102,2602,-6.863007068634033,20.867053985595703,4.189739791910947,2.7797358224840205,-14.246499061584473,19.355100631713867,5.989884554746036,6.446644322301405,0.0,21.726127764692407,8.793233796026204,5.039625995308735
790,4462,20070705220000,summer_1,39.499794,-75.006409,720,1220,2102,2602,-6.321842193603516,20.101030349731445,4.045032710994886,2.759245284551537,-14.309386253356934,19.653867721557617,5.906318963259263,6.497695786538655,0.0,21.225623662258503,8.68404801885326,5.066328888825469
791,4463,20070705230000,summer_1,39.499794,-75.006409,720,1220,2102,2602,-6.307999610900879,19.46057891845703,3.8634976878474085,2.6515726244610316,-13.270606994628906,17.96664047241211,5.748803289036982,6.446279016433446,0.0,19.68444116607849,8.44054293579822,5.031693465374534
792,4464,20070706000000,summer_1,39.499794,-75.006409,720,1220,2102,2602,-5.877385139465332,18.253616333007812,4.14859588662414,2.5402241461123762,-15.04089641571045,17.935720443725586,6.587546809373927,6.382152178691728,0.021362304710158538,19.537948980515832,9.318923611122795,4.576995594354153
793,4465,20070706010000,summer_1,39.499794,-75.006409,720,1220,2102,2602,-6.350487232208252,18.11111831665039,4.399333299848832,2.5791162494425794,-12.525434494018555,17.939298629760742,6.500777570685578,6.345731251163742,0.02136230533522149,20.627465215577157,9.384609383756514,4.5236594656463245
794,4466,20070706020000,summer_1,39.499794,-75.006409,720,1220,2102,2602,-6.023728847503662,19.229000091552734,4.606833683477935,2.445504628823157,-11.464301109313965,17.594079971313477,6.3086657566317035,6.309971431536237,0.06713867476765427,21.921447190734053,9.277183475141694,4.555466972888854
795,4467,20070706030000,summer_1,39.499794,-75.006409,720,1220,2102,2602,-6.142242431640625,17.178117752075195,4.813962482458418,2.3756209708802807,-11.4738130569458,18.881916046142578,6.049433731847736,6.246144136202946,0.04882812492470183,20.65187912266976,9.152274744124433,4.545727866261364
796,4468,20070706040000,summer_1,39.499794,-75.006409,720,1220,2102,2602,-3.512803077697754,17.899850845336914,5.018979580621864,2.3260155994011145,-11.430389404296875,19.920982360839844,5.751612530917179,6.201413614287317,0.07934570191413862,21.872621078081853,9.041224854426838,4.516119490483233
797,4469,20070706050000,summer_1,39.499794,-75.006409,720,1220,2102,2602,-3.0074822902679443,17.918561935424805,5.223736394152066,2.3403760212974,-10.944448471069336,21.061067581176758,5.42604732260331,6.216799600125933,0.08544922105615639,22.611160715250055,8.976315165118045,4.503458083337848
798,4470,20070706060000,summer_1,39.499794,-75.006409,720,1220,2102,2602,-2.3833982944488525,20.060495376586914,5.4531080545337405,2.3222110531965643,-10.600709915161133,22.777700424194336,5.056446439670095,6.21928454581875,0.07019042836012215,23.694572640191293,8.919423602659341,4.451975413841011
799,4471,20070706070000,summer_1,39.499794,-75.006409,720,1220,2102,2602,-2.6547892093658447,20.184757232666016,5.687456074999537,2.313996816786744,-9.546296119689941,23.206390380859375,4.660991781846435,6.1370889228291,0.04882812667322878,24.259162010174077,8.836502135512097,4.359664289757884
800,4472,20070706080000,summer_1,39.499794,-75.006409,720,1220,2102,2602,-2.2509007453918457,19.931461334228516,5.892553388741514,2.3710628148114266,-9.655916213989258,21.91608428955078,4.18911002887855,6.047806509081109,0.06408691513922327,23.42600980846635,8.731178832528133,4.270274805056221
801,4473,20070706090000,summer_1,39.499794,-75.006409,720,1220,2102,2602,-2.731813907623291,22.484132766723633,5.968041152612229,2.4714979265763573,-10.138553619384766,23.12635612487793,3.6904135702584777,5.980295918415024,0.11901855824655187,25.775933647973215,8.570684327236856,4.201461526012128
802,4474,20070706100000,summer_1,39.499794,-75.006409,720,1220,2102,2602,-2.652265787124634,19.834671020507812,5.998801200677615,2.5831071034616033,-11.109809875488281,22.927017211914062,3.1902952640743836,5.834056467136534,0.06713867247073195,27.509384265638527,8.358784384180613,4.123467049182811
803,4475,20070706110000,summer_1,39.499794,-75.006409,720,1220,2102,2602,-2.266939878463745,22.41950225830078,5.7484426522913985,2.71216405456927,-10.460766792297363,22.004613876342773,2.731489400467666,5.476453975274119,0.07019042997274799,24.869528688965918,7.811683808075666,4.1025120787624685
804,4476,20070706120000,summer_1,39.499794,-75.006409,720,1220,2102,2602,-3.000494956970215,20.152259826660156,5.258941900962884,2.9443424592832557,-11.050400733947754,23.962337493896484,2.362778775419946,5.0454717437474015,0.051879881681362094,27.451399626957034,7.047341618160983,4.207149535101627
805,4477,20070706130000,summer_1,39.499794,-75.006409,720,1220,2102,2602,-2.453655242919922,18.456100463867188,5.217987756406067,2.8802742306923426,-10.927699089050293,20.87906837463379,1.7719549542072863,4.961126999444897,0.036621096131000695,24.832909015639927,6.9281456841105795,3.9085519971077294
806,4478,20070706140000,summer_1,39.499794,-75.006409,720,1220,2102,2602,-2.7398743629455566,25.204307556152344,5.259399311531854,2.7753187853987686,-11.67009162902832,18.488506317138672,1.2207008072009795,4.988902397225293,0.02746582057104913,25.489058655450794,6.976843371775955,3.6147738012462622
807,4479,20070706150000,summer_1,39.499794,-75.006409,720,1220,2102,2602,-3.454317569732666,24.441850662231445,5.358062734351485,2.6671250481507043,-11.151350021362305,18.234113693237305,0.7495395295301936,4.954197372696527,0.0549316406904002,25.73015628127152,7.060848494388849,3.327565467570434
808,4480,20070706160000,summer_1,39.499794,-75.006409,720,1220,2102,2602,-7.1718363761901855,25.8167667388916,5.550074352083411,2.564628717155421,-12.047348022460938,18.674238204956055,0.3749465415799265,4.838962240608161,0.08850097716148743,25.93768273222374,7.182137550104113,3.0583797110514497
809,4481,20070706170000,summer_1,39.499794,-75.006409,720,1220,2102,2602,-8.70302963256836,23.285104751586914,5.6903197503522245,2.5718837879265544,-19.1928768157959,16.002452850341797,0.16688078676639184,4.767587246751377,0.04882812725989094,23.667107377115546,7.311953428163653,2.8787843782735774
810,4482,20070706180000,summer_1,39.499794,-75.006409,720,1220,2102,2602,-10.638603210449219,23.61609649658203,5.79499176391577,2.7955164949691516,-25.523746490478516,18.289844512939453,0.030571015262201486,4.7574789795821095,0.06713867353356133,26.096374579723385,7.473227476115695,2.8604639371726788
811,4483,20070706190000,summer_1,39.499794,-75.006409,720,1220,2102,2602,-12.051061630249023,24.966938018798828,5.827287579798695,3.062759581906687,-17.751943588256836,16.51412582397461,-0.15867409525808435,4.782163618580216,0.06408691404136205,26.526687098740748,7.599018267478262,2.9132395212455893
812,4484,20070706200000,summer_1,39.499794,-75.006409,720,1220,2102,2602,-12.315471649169922,22.328325271606445,5.710424398250602,3.244385063209161,-16.533681869506836,17.402667999267578,-0.3228988579924387,4.800968942264593,0.07324218565855894,22.385329104391126,7.589040973723153,2.948729353932574
813,4485,20070706210000,summer_1,39.499794,-75.006409,720,1220,2102,2602,-8.88111686706543,24.968984603881836,5.6135910837481156,3.3191057935456367,-17.607807159423828,15.155418395996094,-0.43676807794960854,4.704272664356472,0.04272461104768016,24.982453011310668,7.502864333711258,2.925208124003387
814,4486,20070706220000,summer_1,39.499794,-75.006409,720,1220,2102,2602,-7.8711395263671875,19.809566497802734,5.386626321256854,3.3959922053033447,-18.696571350097656,14.335880279541016,-0.576284684959032,4.548347149386366,0.05798339737873543,22.16254444337786,7.311796091335382,2.847052850145264
815,4487,20070706230000,summer_1,39.499794,-75.006409,720,1220,2102,2602,-9.552146911621094,21.96269416809082,5.104114454349222,3.464457892809928,-14.919915199279785,13.612896919250488,-0.583209233092641,4.343476832680647,0.09155273332645325,22.153388390741707,7.028366358211689,2.804004849230089
816,4488,20070707000000,summer_1,39.499794,-75.006409,720,1220,2102,2602,-8.928116798400879,18.81683921813965,5.068402531256681,3.557756285655493,-13.729100227355957,12.08213996887207,-0.8227748363770075,4.260748028155261,0.06103515803095889,20.816673163527575,7.024839466170127,2.798016560407221
817,4489,20070707010000,summer_1,39.499794,-75.006409,720,1220,2102,2602,-8.584808349609375,19.39075469970703,5.0916147057616685,3.5619747127313706,-11.991239547729492,11.100403785705566,-1.1006873828984327,4.083315393168685,0.045776364931602774,19.43724181595876,7.004913961505545,2.7255021322558237
818,4490,20070707020000,summer_1,39.499794,-75.006409,720,1220,2102,2602,-8.958375930786133,24.740753173828125,5.0218172771540805,3.486073995342792,-12.768692016601562,11.916119575500488,-1.2715255132584846,3.9012889146540206,0.04272461154315492,24.857323197779873,6.841809139962862,2.7198971827844365
819,4491,20070707030000,summer_1,39.499794,-75.006409,720,1220,2102,2602,-9.17410659790039,18.109792709350586,4.920962953149295,3.352496711880946,-11.917637825012207,9.729016304016113,-1.351480422394178,3.601309324306875,0.030517577040136315,19.464706243236538,6.56624784751487,2.671222187670113
820,4492,20070707040000,summer_1,39.499794,-75.006409,720,1220,2102,2602,-8.057793617248535,14.109583854675293,4.834694172592971,3.2061370876381465,-11.241724967956543,9.156205177307129,-1.354595125279078,3.405833916075899,0.06408691056343453,15.451523406872143,6.324993826711132,2.661328329353984
821,4493,20070707050000,summer_1,39.499794,-75.006409,720,1220,2102,2602,-5.3689284324646,14.245497703552246,4.733140970676429,3.0947540368410893,-11.619007110595703,8.90848445892334,-1.374117440138034,3.2524634207573078,0.036621093965304316,14.920501831964016,6.1236415686613075,2.6358787866780093
822,4494,20070707060000,summer_1,39.499794,-75.006409,720,1220,2102,2602,-4.95067024230957,18.158889770507812,4.6679896751963925,3.046553717314539,-11.701212882995605,10.440900802612305,-1.3630299487729134,3.1423338512946866,0.04882812331538955,18.213447265670574,5.969042761097669,2.678480604868187
823,4495,20070707070000,summer_1,39.499794,-75.006409,720,1220,2102,2602,-5.072770118713379,16.450462341308594,4.626925567820892,3.025203543591517,-11.151216506958008,8.330963134765625,-1.312598861202092,2.983643495076782,0.015258789195600827,16.467789165790723,5.82150082243166,2.7010126139808897
824,4496,20070707080000,summer_1,39.499794,-75.006409,720,1220,2102,2602,-5.405857563018799,17.588895797729492,4.589811279293448,2.988333864475655,-10.849858283996582,7.515480995178223,-1.248720738551889,2.849240200908721,0.012207030793469366,17.93573039585897,5.701644286293423,2.6767951925843825
825,4497,20070707090000,summer_1,39.499794,-75.006409,720,1220,2102,2602,-5.912654876708984,17.22765350341797,4.479850947274398,2.9495704696503244,-10.57532787322998,8.010675430297852,-1.150139963037404,2.775150420258125,0.03051757813446585,17.50541755469577,5.566972079919101,2.6080901280945565
826,4498,20070707100000,summer_1,39.499794,-75.006409,720,1220,2102,2602,-6.6018757820129395,13.678814888000488,4.322212103803528,2.9027020110465163,-9.236176490783691,8.793863296508789,-1.0143146970306591,2.6730109075714505,0.05493164078325215,14.43525643265663,5.373909936694168,2.530239127850813
827,4499,20070707110000,summer_1,39.499794,-75.006409,720,1220,2102,2602,-6.561312675476074,13.334436416625977,3.9239300076520265,2.6984813467029767,-9.354020118713379,8.054742813110352,-0.7826659394985684,2.5298819235899996,0.021362304093323306,13.824882155638669,4.934472252364305,2.3114671518888827
828,4500,20070707120000,summer_1,39.499794,-75.006409,720,1220,2102,2602,-5.695143699645996,12.979025840759277,3.375093397542338,2.5423021100119727,-8.841094970703125,8.715646743774414,-0.4331023571665924,2.148295653545293,0.03356933444370155,14.69771581870836,4.184895772428231,2.2680288140679314
829,4501,20070707130000,summer_1,39.499794,-75.006409,720,1220,2102,2602,-6.116045951843262,12.277968406677246,3.376737176938144,2.516081075997255,-9.270862579345703,10.76909065246582,-0.22316914373399224,1.9322521613460404,0.024414061562313856,13.299964943333448,4.067644075990823,2.229504988984295
830,4502,20070707140000,summer_1,39.499794,-75.006409,720,1220,2102,2602,-6.815351963043213,13.09883975982666,3.542076258772052,2.6220914458098226,-7.210057735443115,9.719491004943848,-0.050351378122647526,1.8258637919589862,0.02746581992533063,14.40473973650214,4.2473400565251,2.172115113305166
831,4503,20070707150000,summer_1,39.499794,-75.006409,720,1220,2102,2602,-6.750593185424805,12.676680564880371,3.7858975851867767,2.755012117761683,-6.142662525177002,11.361342430114746,0.19992734141453583,1.8517808507679188,0.021362304952941304,13.595992820606405,4.530949139440222,2.2051474897290944
832,4504,20070707160000,summer_1,39.499794,-75.006409,720,1220,2102,2602,-12.037266731262207,13.353824615478516,4.0715037272284755,2.888993107354439,-6.2245192527771,10.221407890319824,0.5053416146947453,1.96102118369941,0.021362304382427054,13.49528459881302,4.861329043223785,2.3220417608531214
833,4505,20070707170000,summer_1,39.499794,-75.006409,720,1220,2102,2602,-10.128087997436523,15.781031608581543,4.314155839326364,3.0489444435163686,-11.047553062438965,14.51604175567627,0.838492943789607,2.255202984723445,0.030517578906393342,16.434219470182047,5.257084602211054,2.46172200500565
834,4506,20070707180000,summer_1,39.499794,-75.006409,720,1220,2102,2602,-11.96264934539795,15.318819046020508,4.487815590421369,3.2493281416191677,-16.645889282226562,14.925909996032715,1.109416181828128,2.6051844850307275,0.045776364847645884,17.55424467183441,5.686509459047054,2.5258706980490264
835,4507,20070707190000,summer_1,39.499794,-75.006409,720,1220,2102,2602,-11.39416790008545,15.395331382751465,4.590888514039921,3.4926515070119,-15.936931610107422,12.415436744689941,1.3561410525975552,2.9946869157189875,0.07019042644478998,16.922515773939338,6.0859825040491815,2.6538570300418085
836,4508,20070707200000,summer_1,39.499794,-75.006409,720,1220,2102,2602,-13.269149780273438,17.012739181518555,4.618395574375037,3.6620675489786456,-14.514642715454102,17.472545623779297,1.6232296450274861,3.338547922880994,0.054931638902164626,18.305000079927982,6.3744826891605095,2.808391634753145
837,4509,20070707210000,summer_1,39.499794,-75.006409,720,1220,2102,2602,-10.603113174438477,16.58565330505371,4.623595849776823,3.8282275713754244,-13.965584754943848,15.713531494140625,1.932842611137288,3.5962711641921126,0.02441406121495508,17.37113227052279,6.6490080092318635,2.914224469616347
838,4510,20070707220000,summer_1,39.499794,-75.006409,720,1220,2102,2602,-11.145564079284668,16.77783966064453,4.561875414755903,3.867866600778405,-12.91638469696045,14.612722396850586,2.2562877013138047,3.810498343919916,0.039672851064153566,18.268379602038074,6.806779919226627,3.0082517003237843
839,4511,20070707230000,summer_1,39.499794,-75.006409,720,1220,2102,2602,-12.532780647277832,22.317968368530273,4.295570830075082,3.7170971691259016,-9.546965599060059,15.419824600219727,2.6196965910772074,3.890444994503484,0.01831054621960504,25.366982948336723,6.700474219401369,3.0611693583681525
840,4512,20070708000000,summer_2,39.499794,-75.006409,720,1220,2102,2602,-12.290986061096191,16.768207550048828,4.401031898218533,3.889250667503911,-10.069579124450684,13.274356842041016,2.976759972805173,3.879562707491869,0.027465819515328845,16.93472244940684,6.954714344969367,3.168502428711497
841,4513,20070708010000,summer_2,39.499794,-75.006409,720,1220,2102,2602,-11.642010688781738,17.318923950195312,4.500575328060101,3.9559666568200167,-10.22839641571045,12.659852027893066,3.235251409835847,3.724405405336949,0.048828123829062965,17.50541669335157,7.042242150426914,3.2633913765151523
842,4514,20070708020000,summer_2,39.499794,-75.006409,720,1220,2102,2602,-12.619989395141602,18.338977813720703,4.540550685347487,3.9545831828503517,-9.832664489746094,16.326671600341797,3.433197591212437,3.50090957173348,0.04577636685188933,22.42805453380901,7.014183056737579,3.3316329708762633
843,4515,20070708030000,summer_2,39.499794,-75.006409,720,1220,2102,2602,-13.032682418823242,16.08315086364746,4.660580238915431,3.8622929952144043,-8.744985580444336,15.314160346984863,3.553569800013758,3.225350606924353,0.057983398270086556,16.974395790566366,6.977819043473811,3.313472740485818
844,4516,20070708040000,summer_2,39.499794,-75.006409,720,1220,2102,2602,-13.155200958251953,16.972150802612305,4.79255360735676,3.704308425572398,-11.491209983825684,13.403399467468262,3.5580069878952614,2.891902196791226,0.054931640320902995,17.331457946451113,6.863157021857487,3.2573085095214185
845,4517,20070708050000,summer_2,39.499794,-75.006409,720,1220,2102,2602,-8.83056640625,17.684629440307617,4.921433997522298,3.54279218604012,-14.831428527832031,10.655339241027832,3.4614882078670295,2.6094080811815172,0.051879881065902335,18.008971225685617,6.7340864289123195,3.196072618185024
846,4518,20070708060000,summer_2,39.499794,-75.006409,720,1220,2102,2602,-7.1523356437683105,18.29302406311035,5.049895565931577,3.4734763448316537,-14.511080741882324,11.931746482849121,3.3594999082190555,2.456290461716581,0.051879883501314866,18.69563953614518,6.69404071368609,3.174256532493426
847,4519,20070708070000,summer_2,39.499794,-75.006409,720,1220,2102,2602,-7.49206018447876,18.79889678955078,5.144326121003918,3.453835795662676,-9.541909217834473,12.314153671264648,3.2683718579500196,2.394141135246207,0.04882812432914239,18.83297032443232,6.671572757615066,3.2089494012542805
848,4520,20070708080000,summer_2,39.499794,-75.006409,720,1220,2102,2602,-6.154984474182129,18.777313232421875,5.191472011959001,3.4097655246294787,-7.280738353729248,11.511079788208008,3.19134357482157,2.346794573242926,0.05798340152869362,19.24497274889897,6.605999388043357,3.260486658557821
849,4521,20070708090000,summer_2,39.499794,-75.006409,720,1220,2102,2602,-6.764148235321045,18.33194923400879,5.139626507013415,3.3957254153167193,-7.240968704223633,12.870965003967285,3.2000188956091007,2.377411726682668,0.03662109453852972,18.344673685877865,6.562171486107662,3.28280742127252
850,4522,20070708100000,summer_2,39.499794,-75.006409,720,1220,2102,2602,-6.103516101837158,16.913036346435547,5.062234299029777,3.444489191427298,-7.477423667907715,12.353224754333496,3.241723996070317,2.456909628752853,0.024414061953492373,16.91335975388215,6.565714373472136,3.3056460858160506
851,4523,20070708110000,summer_2,39.499794,-75.006409,720,1220,2102,2602,-5.673121929168701,16.223079681396484,4.758727638077013,3.3207925250983688,-7.834537982940674,11.093334197998047,3.1386581604414334,2.4419690434684007,0.02746582112176563,16.27551993407686,6.271559624993155,3.186703540599049
852,4524,20070708120000,summer_2,39.499794,-75.006409,720,1220,2102,2602,-4.637237071990967,15.160627365112305,4.136125181602052,3.2571862396804208,-7.155179977416992,10.990493774414062,2.8947825063134167,2.3059799694956506,0.012207031163789461,15.265358592616119,5.536987797327938,3.279614188995552
853,4525,20070708130000,summer_2,39.499794,-75.006409,720,1220,2102,2602,-3.3392462730407715,19.9302978515625,4.136772553623945,3.315917346713889,-12.025482177734375,15.125960350036621,2.888133310250664,2.3260601045510354,0.021362304701522384,20.020142631769247,5.515801957314335,3.3817145660308525
854,4526,20070708140000,summer_2,39.499794,-75.006409,720,1220,2102,2602,-5.126791954040527,18.608705520629883,4.348237023774282,3.474084393661298,-7.533658027648926,14.87218189239502,2.878074854244519,2.4825380483956754,0.009155273616115674,18.610184668590055,5.76828408024358,3.485632853181428
855,4527,20070708150000,summer_2,39.499794,-75.006409,720,1220,2102,2602,-7.659794807434082,20.599016189575195,4.567760112531088,3.674380830595753,-14.748188972473145,12.704154014587402,2.883236586064397,2.7027639269485473,0.006103515656267629,21.268349907824312,6.102491674251753,3.56974625927421
856,4528,20070708160000,summer_2,39.499794,-75.006409,720,1220,2102,2602,-6.2553839683532715,19.841707229614258,4.709533580878857,3.7413355652721214,-15.060708045959473,12.841535568237305,2.972718310550726,2.9791096812352467,0.0183105468599616,19.873657079989176,6.411000465048254,3.5761040316606985
857,4529,20070708170000,summer_2,39.499794,-75.006409,720,1220,2102,2602,-8.444233894348145,16.714725494384766,4.742997073805971,3.7764844559118216,-18.347362518310547,14.41279125213623,3.0049919436900847,3.286611211712414,0.00610351594374767,20.783103876625393,6.601922962066659,3.6061418620748484
858,4530,20070708180000,summer_2,39.499794,-75.006409,720,1220,2102,2602,-10.609691619873047,26.278165817260742,4.685140712055618,3.8808981190996317,-19.69740104675293,14.61118221282959,2.9496920421584174,3.718367410847362,0.04882812683399333,26.50532440004831,6.751471854771022,3.735837368308639
859,4531,20070708190000,summer_2,39.499794,-75.006409,720,1220,2102,2602,-11.938335418701172,23.58198356628418,4.460170241261123,3.939234518051054,-21.320499420166016,15.121894836425781,2.88361157360633,3.9818267162840937,0.021362304539464975,25.186927177377154,6.721855487277059,3.794404522892841
860,4532,20070708200000,summer_2,39.499794,-75.006409,720,1220,2102,2602,-11.764430046081543,23.632875442504883,4.223818266782072,3.936077724451537,-22.00918197631836,14.954649925231934,2.9228205370549887,4.238430015008949,0.05798339572252446,26.038391046046648,6.747885348680129,3.782401460547612
861,4533,20070708210000,summer_2,39.499794,-75.006409,720,1220,2102,2602,-12.29416561126709,24.304805755615234,4.0182892573539934,3.886482232936704,-19.78553581237793,14.345306396484375,2.9235331108974276,4.409445328956531,0.03051757851615876,26.242865876324387,6.705464383572955,3.7786762315530433
862,4534,20070708220000,summer_2,39.499794,-75.006409,720,1220,2102,2602,-12.060736656188965,19.82808494567871,3.7738548665258778,3.7689340188256075,-19.489402770996094,15.254647254943848,3.02717544470595,4.448222375948563,0.01831054715252295,21.735282621592,6.606139980594015,3.7089395017416313
863,4535,20070708230000,summer_2,39.499794,-75.006409,720,1220,2102,2602,-11.69581127166748,23.190608978271484,3.446198262602469,3.6929040533414415,-18.714399337768555,13.316425323486328,3.143925423632729,4.29129396300186,0.021362305689572814,24.503311894848252,6.416932123528527,3.554753983138361
864,4536,20070709000000,summer_2,39.499794,-75.006409,720,1220,2102,2602,-11.188234329223633,17.842254638671875,3.196628662557818,3.728387558690542,-16.193294525146484,12.409927368164062,3.3659398885800345,4.164935113870276,0.057983399344707684,17.98455867846319,6.458642417967378,3.3288860820401904
865,4537,20070709010000,summer_2,39.499794,-75.006409,720,1220,2102,2602,-11.319405555725098,18.777624130249023,3.0400976417251595,3.5807909425716824,-15.186580657958984,12.32900619506836,3.578071254648608,4.030168694858749,0.03356933480624696,19.45860357134515,6.420667491931168,3.143905217408238
866,4538,20070709020000,summer_2,39.499794,-75.006409,720,1220,2102,2602,-10.346196174621582,15.808557510375977,3.00730356614599,3.407463837761924,-14.780415534973145,13.721278190612793,3.7293669103433946,3.9998705349254045,0.027465819260687835,18.39045729250755,6.424190544990532,3.0482129575199535
867,4539,20070709030000,summer_2,39.499794,-75.006409,720,1220,2102,2602,-9.370685577392578,26.871164321899414,3.1873484915433754,3.3583728783089604,-23.0847110748291,14.100558280944824,3.768161150071851,3.9430230742849326,0.0335693343363205,27.842033531217645,6.402302816592497,3.192937026972349
868,4540,20070709040000,summer_2,39.499794,-75.006409,720,1220,2102,2602,-8.720250129699707,26.052505493164062,3.2683206658618102,3.408291513431942,-24.42780876159668,12.730414390563965,3.649855418797826,3.790793529297804,0.05493164102311374,29.438157785606897,6.319681496299644,3.170419051269632
869,4541,20070709050000,summer_2,39.499794,-75.006409,720,1220,2102,2602,-9.278962135314941,21.402233123779297,3.3279945137524876,3.545401386467906,-17.66266441345215,13.0270357131958,3.5161287184613066,3.4237349457130524,0.042724611151459486,22.74239290405666,6.2013734756135035,3.045243444123575
870,4542,20070709060000,summer_2,39.499794,-75.006409,720,1220,2102,2602,-9.80499267578125,19.058713912963867,3.325173732463166,3.7204215857312835,-15.87905502319336,13.597115516662598,3.4222959406393625,3.1497307467112265,0.027465820385991466,19.879761051702907,6.164911489875609,2.9197768289259227
871,4543,20070709070000,summer_2,39.499794,-75.006409,720,1220,2102,2602,-9.62054443359375,18.541635513305664,3.3731254540580986,3.7060030186233344,-16.8512020111084,13.659491539001465,3.3570819536567824,3.048865723967136,0.04272460909165342,18.750572157721695,6.127826599437545,2.8509220116368157
872,4544,20070709080000,summer_2,39.499794,-75.006409,720,1220,2102,2602,-8.949403762817383,16.50034523010254,3.3773655668703113,3.843446230639471,-15.062289237976074,13.202508926391602,3.2361766928269784,2.95127903480282,0.030517576832254437,19.38841270090803,6.141236249948395,2.765281531938652
873,4545,20070709090000,summer_2,39.499794,-75.006409,720,1220,2102,2602,-10.246007919311523,18.461530685424805,3.2896370092819276,3.971912012455376,-14.000312805175781,12.846877098083496,3.16864676788512,2.865824295981249,0.054931640755482423,19.08932416991639,6.135837281736672,2.683760193206581
874,4546,20070709100000,summer_2,39.499794,-75.006409,720,1220,2102,2602,-8.849318504333496,17.46863555908203,3.1824314373801013,3.937206985335802,-10.745563507080078,12.39262866973877,3.1447996381432444,2.854721563034663,0.027465820060448336,17.538986240445404,6.06305511724537,2.6283133966039665
875,4547,20070709110000,summer_2,39.499794,-75.006409,720,1220,2102,2602,-8.79340934753418,21.171817779541016,3.0128437839521434,3.5793620543876803,-12.937032699584961,13.131003379821777,3.0424986640691047,2.798841651528801,0.04272461081471876,22.37617458866726,5.745097988054192,2.444017635316877
876,4548,20070709120000,summer_2,39.499794,-75.006409,720,1220,2102,2602,-7.801833152770996,16.473731994628906,2.5138359111511885,3.1846734122197127,-12.761289596557617,15.405281066894531,2.881145453334403,2.6272867096568473,0.0396728530116051,17.413863677670665,5.041542933580812,2.499598999352268
877,4549,20070709130000,summer_2,39.499794,-75.006409,720,1220,2102,2602,-7.54302453994751,14.872611045837402,2.4415239660797754,3.027779480119439,-8.951730728149414,14.808999061584473,2.9577062555641587,2.5112830459038267,0.03356933527033782,16.965240254639586,4.882705964480575,2.5183802636709633
878,4550,20070709140000,summer_2,39.499794,-75.006409,720,1220,2102,2602,-8.32224178314209,14.183921813964844,2.5510231679898268,2.9393465713543567,-7.2454142570495605,15.41910457611084,3.107949561939666,2.403051659070618,0.01831054643297849,15.85741456296566,4.932299247699202,2.500781749178117
879,4551,20070709150000,summer_2,39.499794,-75.006409,720,1220,2102,2602,-7.932736396789551,13.286171913146973,2.6668453579702067,2.8830590735477077,-5.988971710205078,12.061037063598633,3.330290198563096,2.200123010165202,0.018310547504351272,15.338599889008167,5.052210749842333,2.4146706588216946
880,4552,20070709160000,summer_2,39.499794,-75.006409,720,1220,2102,2602,-7.898068904876709,13.86098861694336,2.7858681891646864,2.8317277605262303,-5.0578460693359375,11.014728546142578,3.6247282138818275,2.0912654349756914,0.012207031106322583,15.338600373677929,5.291887977734383,2.299502348831142
881,4553,20070709170000,summer_2,39.499794,-75.006409,720,1220,2102,2602,-8.293237686157227,14.768166542053223,2.9407884665925756,2.9045057603256104,-7.556185245513916,11.341520309448242,3.9378517062180314,2.1826594903871275,0.0274658209058256,15.616317453641454,5.67269081029756,2.275005054701073
882,4554,20070709180000,summer_2,39.499794,-75.006409,720,1220,2102,2602,-10.148944854736328,16.067914962768555,3.1034425416451894,3.0369932561045316,-11.425922393798828,12.675765991210938,4.219427722235178,2.502366299084178,0.07629394459932637,16.06799295170629,6.106811537156171,2.372118018677156
883,4555,20070709190000,summer_2,39.499794,-75.006409,720,1220,2102,2602,-8.788846969604492,18.341693878173828,3.2639734026185585,3.1344201299629506,-14.163896560668945,13.789630889892578,4.4965602848094965,2.838373724760606,0.024414063995825498,19.27243861073653,6.526356396417961,2.481975807172614
884,4556,20070709200000,summer_2,39.499794,-75.006409,720,1220,2102,2602,-10.423709869384766,24.402591705322266,3.4488376269759953,3.3189077465760355,-17.38375473022461,14.549919128417969,4.750979105017331,3.189379114283859,0.0640869126844087,24.979400487281293,6.9677840952961,2.665249706839473
885,4557,20070709210000,summer_2,39.499794,-75.006409,720,1220,2102,2602,-12.809438705444336,19.311643600463867,3.6615415474923103,3.3291792879814928,-13.388372421264648,15.815450668334961,4.923212210459744,3.487946985391172,0.04882812701773968,20.120849086047734,7.313414061889491,2.721780416751816
886,4558,20070709220000,summer_2,39.499794,-75.006409,720,1220,2102,2602,-16.352815628051758,23.56512451171875,3.746387846112006,3.2203008509354696,-16.604267120361328,15.731560707092285,5.073114888282721,3.626722907581321,0.021362304771294506,24.643698771989822,7.464026389733111,2.753848804035924
887,4559,20070709230000,summer_2,39.499794,-75.006409,720,1220,2102,2602,-17.412837982177734,22.354616165161133,3.6375284386374123,3.128465515713507,-17.204286575317383,18.637340545654297,5.121238984607465,3.765001321605942,0.039672853555604286,23.029266830559326,7.432233431820923,2.860618731845556
888,4560,20070710000000,summer_2,39.499794,-75.006409,720,1220,2102,2602,-16.307558059692383,18.52432632446289,3.721940379869609,3.2424506906582002,-20.01502227783203,14.896475791931152,5.286138241319611,4.027672821830838,0.08239746000373534,24.0882558748608,7.7518966848130635,2.9051386071398304
889,4561,20070710010000,summer_2,39.499794,-75.006409,720,1220,2102,2602,-14.397453308105469,16.627344131469727,3.816325598787868,3.234825536247572,-18.588272094726562,13.800610542297363,5.151672274413439,4.126316088260448,0.03662109292329148,18.59492456984536,7.729080129227955,2.975898077067442
890,4562,20070710020000,summer_2,39.499794,-75.006409,720,1220,2102,2602,-15.307090759277344,14.067374229431152,3.7500288632453254,3.110053559690195,-17.235586166381836,13.410249710083008,4.955832071975012,4.0890258086541476,0.036621094383861054,17.789237357904472,7.4750210075963235,3.0231794761085853
891,4563,20070710030000,summer_2,39.499794,-75.006409,720,1220,2102,2602,-13.777116775512695,14.276535987854004,3.611538846316945,3.0172787075429652,-16.598182678222656,12.690027236938477,4.765967628615824,4.099857642374034,0.030517579400339202,17.621383684425297,7.234914108949121,3.053928879054675
892,4564,20070710040000,summer_2,39.499794,-75.006409,720,1220,2102,2602,-11.250679016113281,13.341512680053711,3.448411854769619,3.01082758320706,-13.319005012512207,12.430354118347168,4.6093915120122,3.9253494406932252,0.033569335043928575,15.692619117647578,6.962072442088172,3.023414081728349
893,4565,20070710050000,summer_2,39.499794,-75.006409,720,1220,2102,2602,-8.694222450256348,12.405409812927246,3.267400595929527,2.8681285257090052,-9.82470989227295,11.845003128051758,4.53952898987259,3.6858753882771036,0.03967285082830341,14.648887877556655,6.607557998658111,3.0716845567922664
894,4566,20070710060000,summer_2,39.499794,-75.006409,720,1220,2102,2602,-5.904088973999023,12.46159839630127,3.1841898686401535,2.554373579985774,-9.741240501403809,13.467025756835938,4.571163072392796,3.5161986933588163,0.03967285156134201,14.764854678053204,6.381118777095644,3.0338750376149544
895,4567,20070710070000,summer_2,39.499794,-75.006409,720,1220,2102,2602,-6.034887313842773,12.027727127075195,3.2242900178189995,2.424035766806954,-7.990551948547363,11.988234519958496,4.491557014147501,3.349489580256924,0.024414063640482316,15.414901483590214,6.234203550442914,2.966456888107243
896,4568,20070710080000,summer_2,39.499794,-75.006409,720,1220,2102,2602,-7.8375396728515625,16.291418075561523,3.240635591641121,2.4683850658447883,-8.444329261779785,13.666584014892578,4.369974612734625,3.227993829758281,0.02746582128962572,16.64785026166594,6.096120752622237,2.9914173766707886
897,4569,20070710090000,summer_2,39.499794,-75.006409,720,1220,2102,2602,-8.349530220031738,15.000351905822754,3.1590047371216925,2.5990755616092507,-9.412530899047852,12.791892051696777,4.194565347018413,3.1537170287048943,0.027465819389139355,18.40876856005142,5.9454513189882725,2.9877119782876123
898,4570,20070710100000,summer_2,39.499794,-75.006409,720,1220,2102,2602,-8.560871124267578,14.746370315551758,3.028563358627976,2.6638110661054055,-9.654470443725586,12.368498802185059,4.017677692323065,3.145675055695837,0.03051757799129575,15.686516504904175,5.783424016800108,2.976087641593686
899,4571,20070710110000,summer_2,39.499794,-75.006409,720,1220,2102,2602,-8.464991569519043,17.859960556030273,2.7655806291742273,2.607884468346656,-9.79728889465332,14.667017936706543,3.78511023842204,3.159252785151347,0.0335693357651974,20.728171461938928,5.438998913680511,3.0289810351310478
900,4572,20070710120000,summer_2,39.499794,-75.006409,720,1220,2102,2602,-8.586525917053223,22.226884841918945,2.294402413982731,2.6099034752372354,-10.666160583496094,14.574491500854492,3.4942001910135616,3.184846330455941,0.01831054809948764,23.108612522835116,4.84669928219912,3.307274675434987
901,4573,20070710130000,summer_2,39.499794,-75.006409,720,1220,2102,2602,-10.148362159729004,16.067514419555664,2.12271054026761,2.6280184140762346,-9.539491653442383,17.034610748291016,3.4812085495125697,3.122464474540069,0.01831054657818652,21.70781731091228,4.730748744528717,3.301665412877437
902,4574,20070710140000,summer_2,39.499794,-75.006409,720,1220,2102,2602,-10.85580062866211,20.991195678710938,2.1088338215068942,2.681503768064284,-7.342622756958008,15.880997657775879,3.6185609317503085,3.0996978464787013,0.02136230396029693,24.924469441463636,4.902136051841595,3.210734282117345
903,4575,20070710150000,summer_2,39.499794,-75.006409,720,1220,2102,2602,-9.386005401611328,18.747182846069336,2.1012547917554745,2.7509535445165296,-8.427785873413086,14.599509239196777,3.8228061224560346,3.0854372946120874,0.012207031451804119,19.425033448997148,5.151702543883943,3.094632119036706
904,4576,20070710160000,summer_2,39.499794,-75.006409,720,1220,2102,2602,-10.746940612792969,14.840439796447754,2.081702883331286,2.8686608545393066,-12.92148208618164,14.445457458496094,4.11716154695224,3.1038250572765618,0.03051757811148133,16.171760164601586,5.502330997072885,2.978557500094113
905,4577,20070710170000,summer_2,39.499794,-75.006409,720,1220,2102,2602,-11.515901565551758,17.68682861328125,2.0202239042452232,3.0705335294198797,-15.608572959899902,15.115471839904785,4.427518049665551,3.3389015979049996,0.015258789272513616,18.152412135922496,5.958530596680087,2.959150869355863
906,4578,20070710180000,summer_2,39.499794,-75.006409,720,1220,2102,2602,-11.41260051727295,15.565652847290039,1.9083609766192136,3.2568404236091384,-14.923924446105957,18.49747657775879,4.689014938403999,3.624689776595089,0.0396728539574196,18.616287081134576,6.391454476951174,2.9194858965453485
907,4579,20070710190000,summer_2,39.499794,-75.006409,720,1220,2102,2602,-11.930365562438965,19.149736404418945,1.8400743239523578,3.4118705039366866,-15.918168067932129,16.90716552734375,4.954017959444569,3.8411378620559624,0.04272460993456791,20.276497450579633,6.749518247888052,2.9609747200115133
908,4580,20070710200000,summer_2,39.499794,-75.006409,720,1220,2102,2602,-13.092854499816895,18.584423065185547,1.7638418873664001,3.522260181340241,-15.706124305725098,16.241519927978516,5.242519243098506,4.064332218745336,0.03967285311166224,20.444351836757754,7.11003831953839,2.9945975492490624
909,4581,20070710210000,summer_2,39.499794,-75.006409,720,1220,2102,2602,-11.3026762008667,22.01422882080078,1.7378741542617637,3.394697813855111,-16.763750076293945,17.65703010559082,5.496607421386633,4.235145680526762,0.033569335549122815,22.232734035828663,7.313379173550688,3.034438492941629
910,4582,20070710220000,summer_2,39.499794,-75.006409,720,1220,2102,2602,-14.552729606628418,23.639568328857422,1.6830678235237295,3.3177526366512935,-17.320138931274414,18.2169189453125,5.6625019684023625,4.265949735308465,0.03662109219208179,24.23169680857103,7.350798049844967,3.1730464184001335
911,4583,20070710230000,summer_2,39.499794,-75.006409,720,1220,2102,2602,-13.664013862609863,22.538286209106445,1.5395677747478271,3.2385826251534255,-16.553037643432617,22.076570510864258,5.819127166413293,4.149312041805142,0.015258789060703748,25.617233556292316,7.286090639595968,3.2940250369021205
912,4584,20070711000000,summer_2,39.499794,-75.006409,720,1220,2102,2602,-14.544718742370605,16.87017059326172,1.5314506131873467,3.2575919121151755,-14.073749542236328,17.81483268737793,6.317596847311331,3.8122190978873176,0.05187988300294458,22.96517968834646,7.568364804132522,3.1815318030051256
913,4585,20070711010000,summer_2,39.499794,-75.006409,720,1220,2102,2602,-13.118866920471191,22.0200138092041,1.8123568948442845,3.2945183702106076,-9.45859432220459,18.70164680480957,6.820016447024359,3.4490333469428642,0.03356933685160882,22.025207041982668,7.960178538910138,3.0302643120074357
914,4586,20070711020000,summer_2,39.499794,-75.006409,720,1220,2102,2602,-11.365849494934082,19.446117401123047,2.1687016839341333,3.3110310589219885,-7.677249431610107,17.54337501525879,7.087996590195995,3.2426931312291516,0.018310546690587362,21.280555559861252,8.258897867963867,2.8655809322958365
915,4587,20070711030000,summer_2,39.499794,-75.006409,720,1220,2102,2602,-9.529415130615234,22.322877883911133,2.629317220153917,3.314503418520249,-12.25278091430664,19.101633071899414,7.215945367492795,3.1767413099591106,0.08850097431826628,24.149299575632593,8.502358239895742,2.7875973907827434
916,4588,20070711040000,summer_2,39.499794,-75.006409,720,1220,2102,2602,-7.858088493347168,28.094284057617188,3.0494052947589707,3.2996683169868284,-12.03105640411377,19.844501495361328,7.131129922986247,3.1217403969078585,0.131233217531169,28.458511427307034,8.570907825904152,2.706381306815794
917,4589,20070711050000,summer_2,39.499794,-75.006409,720,1220,2102,2602,-8.650531768798828,28.720224380493164,3.317536497247573,3.395711044671148,-10.988914489746094,20.667787551879883,6.95260082994289,3.186834769082469,0.1525955230344689,29.471725797019108,8.565059401001927,2.7696991736893173
918,4590,20070711060000,summer_2,39.499794,-75.006409,720,1220,2102,2602,-8.424260139465332,24.7554988861084,3.4485430903178984,3.5278516476442014,-7.682652950286865,22.292377471923828,6.78241933716394,3.225482671386783,0.06103515721667576,26.413772545097046,8.536639913573486,2.8051588561258045
919,4591,20070711070000,summer_2,39.499794,-75.006409,720,1220,2102,2602,-9.037822723388672,19.102596282958984,3.525565409465803,3.5641432312514763,-8.552319526672363,24.007665634155273,6.637355876924464,3.2817807854684298,0.11901855152557074,24.03332389356764,8.492342347276717,2.7995406849627305
920,4592,20070711080000,summer_2,39.499794,-75.006409,720,1220,2102,2602,-11.871926307678223,19.47484588623047,3.5568654328700506,3.6027765429746,-6.865540027618408,25.570999145507812,6.509967072217152,3.3586856042658004,0.09460448925260984,25.806451136733507,8.431596947646193,2.8635473993372536
921,4593,20070711090000,summer_2,39.499794,-75.006409,720,1220,2102,2602,-9.038862228393555,18.595731735229492,3.593388607528715,3.7122312522203655,-7.745951175689697,22.50864601135254,6.442470566348533,3.3573252078351077,0.06713867379509718,23.960082395153627,8.430070327897134,2.8989785047183965
922,4594,20070711100000,summer_2,39.499794,-75.006409,720,1220,2102,2602,-11.927122116088867,18.18886947631836,3.637830484476881,3.8842915336915644,-7.970700740814209,24.430225372314453,6.362956214675078,3.3944794139706156,0.0976562455917794,24.561293726127516,8.465605143958523,2.94359698002677
923,4595,20070711110000,summer_2,39.499794,-75.006409,720,1220,2102,2602,-13.249395370483398,18.446887969970703,3.584851457366292,3.849021109458004,-8.448302268981934,19.874372482299805,6.03635366496908,3.4840913020046975,0.1678543127378968,20.236825418572504,8.196312757076358,3.010488071710684
924,4596,20070711120000,summer_2,39.499794,-75.006409,720,1220,2102,2602,-7.040203094482422,18.63199234008789,3.313034316080456,3.6820301926961414,-6.31923770904541,20.804611206054688,5.7031664650292635,3.6922858836262837,0.12818145604389594,21.1218566686657,7.7374706331207115,3.2900111998757047
925,4597,20070711130000,summer_2,39.499794,-75.006409,720,1220,2102,2602,-6.876514434814453,18.651819229125977,3.4832089764915453,3.7020540579413406,-8.919488906860352,19.113283157348633,5.657425892083092,3.797996984100281,0.10986327869956587,20.276496365421135,7.832447254265814,3.304840063697806
926,4598,20070711140000,summer_2,39.499794,-75.006409,720,1220,2102,2602,-8.449225425720215,19.576637268066406,3.683061147679136,3.7922775663963195,-7.744415760040283,18.596195220947266,5.641381281848749,3.891177584977013,0.04577636500351971,20.908232999051602,8.0001035963455,3.30319493383256
927,4599,20070711150000,summer_2,39.499794,-75.006409,720,1220,2102,2602,-6.42368745803833,19.573442459106445,3.8734677910979762,3.899251158101817,-10.095340728759766,16.65984344482422,5.625233208655989,4.000532731855521,0.17700958896412483,19.742424056746714,8.20661892952112,3.241423893703344
928,4600,20070711160000,summer_2,39.499794,-75.006409,720,1220,2102,2602,-8.48539924621582,22.958852767944336,4.076529899317709,3.974263263560124,-12.58987808227539,16.33705711364746,5.640018396789755,4.14668142965242,0.19532013305580767,23.87157389339147,8.482312448221593,3.0770138826483913
929,4601,20070711170000,summer_2,39.499794,-75.006409,720,1220,2102,2602,-9.968628883361816,26.44922637939453,4.3181259693933915,4.14255672728869,-13.049107551574707,16.765581130981445,5.6731799423090425,4.438375409716215,0.11901855358118615,26.465653225446754,8.876335605435077,2.983588658215323
930,4602,20070711180000,summer_2,39.499794,-75.006409,720,1220,2102,2602,-8.453701972961426,25.828807830810547,4.6024702006314495,4.31201852881903,-13.440413475036621,19.482383728027344,5.613480905055338,4.959769657168548,0.08544922317792981,26.33747004173566,9.317466610868777,3.011898839522229
931,4603,20070711190000,summer_2,39.499794,-75.006409,720,1220,2102,2602,-7.972311973571777,26.375322341918945,4.841425611115245,4.367302097380372,-13.683307647705078,18.60863494873047,5.37857620420752,5.473941147186211,0.06408691503817267,27.066864103074657,9.581177797162272,3.099495966159009
932,4604,20070711200000,summer_2,39.499794,-75.006409,720,1220,2102,2602,-8.464164733886719,29.06440544128418,5.0259774128241235,4.393357318822733,-15.091188430786133,18.063413619995117,5.05821257479091,5.955010270693742,0.04882812589952553,29.42900105705732,9.751583090813106,3.2428886018302103
933,4605,20070711210000,summer_2,39.499794,-75.006409,720,1220,2102,2602,-7.611443996429443,27.536706924438477,5.133702703899797,4.260957395225666,-16.287389755249023,19.18070411682129,4.676967001741499,6.493322692076715,0.045776366959671584,27.53684896914133,9.824168199529984,3.468953802246068
934,4606,20070711220000,summer_2,39.499794,-75.006409,720,1220,2102,2602,-6.660185813903809,24.252580642700195,5.195485257571994,3.9720318391031677,-15.422337532043457,18.936710357666016,4.296153223880395,6.928374004768256,0.08239746171438236,24.274423045416523,9.78319344934785,3.6767551996483174
935,4607,20070711230000,summer_2,39.499794,-75.006409,720,1220,2102,2602,-7.419358253479004,30.235666275024414,5.272176042465357,3.6395477178985787,-14.121221542358398,18.540485382080078,3.9880180603996696,7.135582857449965,0.08544922081438693,30.249946628562256,9.621777784200434,3.909523097601691
936,4608,20070712000000,summer_2,39.499794,-75.006409,720,1220,2102,2602,-6.506719589233398,22.415571212768555,5.546561374939306,3.4009047911282564,-16.2801456451416,18.536901473999023,3.6075443580636266,7.190542221448156,0.05798339709553864,22.425002006939682,9.593421673497241,3.8749233298978196
937,4609,20070712010000,summer_2,39.499794,-75.006409,720,1220,2102,2602,-5.392382621765137,26.773836135864258,5.9737235859373525,3.2903083265348902,-15.216132164001465,18.341407775878906,2.9378828333733105,7.296616879516177,0.13428497045713292,26.773887853982828,9.766573645190585,3.6051789174724416
938,4610,20070712020000,summer_2,39.499794,-75.006409,720,1220,2102,2602,-5.662734031677246,27.58687400817871,6.157689076227369,3.237738527326536,-16.700220108032227,18.556589126586914,2.203572413046744,7.407778346309672,0.1464920023630489,28.235724381980802,9.80705116793118,3.4572741181455777
939,4611,20070712030000,summer_2,39.499794,-75.006409,720,1220,2102,2602,-5.606398582458496,24.053068161010742,6.232079549838228,3.225010268425061,-17.43629264831543,20.081167221069336,1.4812296971345074,7.361830150787823,0.039672850434945534,24.909209951173274,9.694399541560031,3.4130204892853246
940,4612,20070712040000,summer_2,39.499794,-75.006409,720,1220,2102,2602,-5.452559471130371,32.82307434082031,6.215120366355128,3.257874173847692,-16.7352237701416,20.077739715576172,0.8486504760632544,7.1221608241593435,0.1312332145560498,33.82061085061703,9.45466290343881,3.3609815707552775
941,4613,20070712050000,summer_2,39.499794,-75.006409,720,1220,2102,2602,-5.380725860595703,26.60907554626465,6.170618808335747,3.255182176651488,-17.393457412719727,18.6231632232666,0.3071061832207611,6.789591837606778,0.05187988391312008,27.50022951873125,9.182289197806057,3.248258625463746
942,4614,20070712060000,summer_2,39.499794,-75.006409,720,1220,2102,2602,-4.7397894859313965,27.396860122680664,6.082438778895603,3.283829062586243,-17.40125846862793,17.19905662536621,-0.21385180598100426,6.52043029532425,0.04577636828971131,29.79521959706343,8.9487437161225,3.2033302273666284
943,4615,20070712070000,summer_2,39.499794,-75.006409,720,1220,2102,2602,-4.435354709625244,22.63798713684082,5.904209969117298,3.298819676688212,-18.420900344848633,18.01673126220703,-0.6553059441022717,6.311007547430698,0.06408691411497712,24.304940500965074,8.687442249423082,3.2447643867885456
944,4616,20070712080000,summer_2,39.499794,-75.006409,720,1220,2102,2602,-4.762421131134033,24.17530059814453,5.704647833469983,3.2498879959884985,-18.70945167541504,15.738067626953125,-0.97306615905519,6.167701525484929,0.02441406244846002,25.77288157608514,8.460156530386183,3.2431358634993153
945,4617,20070712090000,summer_2,39.499794,-75.006409,720,1220,2102,2602,-4.7084197998046875,23.940021514892578,5.416640066420844,3.0892558169188176,-17.8924560546875,13.943239212036133,-1.2107850492143721,6.0908199595759935,0.05493164047044173,24.298835408009563,8.215771378211203,3.1541528161866723
946,4618,20070712100000,summer_2,39.499794,-75.006409,720,1220,2102,2602,-4.73239278793335,27.082712173461914,5.090113119431058,3.023782356693797,-16.215307235717773,17.98639488220215,-1.4091550250687181,6.042952090114659,0.0518798836079474,30.314033176108882,7.9869262042046785,3.1248214294489034
947,4619,20070712110000,summer_2,39.499794,-75.006409,720,1220,2102,2602,-4.3369364738464355,21.8002872467041,4.509904587183174,2.926416216729135,-15.245847702026367,16.05103874206543,-1.28026371151831,5.825551315658413,0.05187988076744656,23.05368044158035,7.420011721208917,3.0696417736526658
948,4620,20070712120000,summer_2,39.499794,-75.006409,720,1220,2102,2602,-2.859452486038208,31.095504760742188,3.8745122159849132,2.949152203518773,-13.698848724365234,21.623912811279297,-0.937650663545554,5.48970808563562,0.05798339715388811,34.28754370934622,6.541396570027887,3.454787718124497
949,4621,20070712130000,summer_2,39.499794,-75.006409,720,1220,2102,2602,-2.9872002601623535,26.882946014404297,3.7908253768913345,2.8492669653098837,-12.264370918273926,24.722505569458008,-0.9597537656748304,5.393268271018583,0.024414062910286645,31.56224131460944,6.384673935800563,3.4253595351585022
950,4622,20070712140000,summer_2,39.499794,-75.006409,720,1220,2102,2602,-3.24875545501709,27.790771484375,3.950758652610017,2.7789161114877796,-11.590465545654297,21.23457145690918,-0.9282773244280657,5.210226515871261,0.036621094473043084,32.55409354513266,6.331705298520811,3.353883694506723
951,4623,20070712150000,summer_2,39.499794,-75.006409,720,1220,2102,2602,-5.502435684204102,28.503232955932617,4.23759405993755,2.7622451763318936,-10.255744934082031,18.858736038208008,-0.7827534979646036,4.9483899183222375,0.06103515585079387,30.71993271125145,6.299951425427818,3.3161845079195773
952,4624,20070712160000,summer_2,39.499794,-75.006409,720,1220,2102,2602,-6.168752193450928,25.89650535583496,4.5399296565159,2.803986885397361,-9.042646408081055,16.747230529785156,-0.5969235838397464,4.649233994038133,0.039672850649398794,27.884764211287603,6.307318787372031,3.2653832777057947
953,4625,20070712170000,summer_2,39.499794,-75.006409,720,1220,2102,2602,-5.766127109527588,20.42949104309082,4.731717573336996,2.8109264143650248,-8.443682670593262,22.55781364440918,-0.4065978419305463,4.379133357771752,0.036621094378665196,29.68840883808379,6.293846160361111,3.1654525396411732
954,4626,20070712180000,summer_2,39.499794,-75.006409,720,1220,2102,2602,-6.79856014251709,19.305797576904297,4.9095099753604305,2.816757451444625,-8.728245735168457,15.74547290802002,-0.18804264856918726,4.2152365838144,0.05493164198299068,22.27850996803842,6.340370932359612,3.1049455186411765
955,4627,20070712190000,summer_2,39.499794,-75.006409,720,1220,2102,2602,-6.8509697914123535,21.487934112548828,5.061257447205611,2.8214690503717432,-9.143677711486816,16.053565979003906,0.012193428487770958,4.048941623839708,0.03967284946442712,24.27442101593581,6.374788332486386,3.0550229488590337
956,4628,20070712200000,summer_2,39.499794,-75.006409,720,1220,2102,2602,-7.148840427398682,21.415605545043945,5.178937390466383,2.8478821270258763,-9.460556983947754,16.25901985168457,0.18458807627970894,3.8285942559781128,0.07629394474067196,22.128975197942648,6.376211662734473,2.994654683035474
957,4629,20070712210000,summer_2,39.499794,-75.006409,720,1220,2102,2602,-7.9713616371154785,22.123689651489258,5.234036777094221,2.821010828585204,-10.670145034790039,16.326040267944336,0.3700823258213801,3.6514232548589836,0.027465820216900295,22.516555351436438,6.353812506792547,2.9072602947632293
958,4630,20070712220000,summer_2,39.499794,-75.006409,720,1220,2102,2602,-6.465939044952393,23.24662208557129,5.1923248120078105,2.7845520308018696,-9.982882499694824,14.498876571655273,0.5319364132775033,3.605914356167657,0.09155273498258036,23.691519852694622,6.3117264148589465,2.8568603958529613
959,4631,20070712230000,summer_2,39.499794,-75.006409,720,1220,2102,2602,-6.437510013580322,21.252580642700195,4.903539991733513,2.7944280237834844,-10.025032997131348,16.219646453857422,0.6717550168379203,3.551564953884979,0.02746582080380158,24.655906008220267,6.072329453759242,2.8364089726193042
960,4632,20070713000000,summer_2,39.499794,-75.006409,720,1220,2102,2602,-7.205010414123535,21.079652786254883,4.892167560037811,2.9902877798309553,-8.977167129516602,16.810148239135742,0.8285847683147592,3.588679203857138,0.015258788558381932,21.375167553088087,6.211707413744306,2.802674899842397
961,4633,20070713010000,summer_2,39.499794,-75.006409,720,1220,2102,2602,-7.996241569519043,21.630958557128906,4.9176289714736345,3.1637597170715686,-11.60741138458252,15.326324462890625,0.9249657020273604,3.6317337390425526,0.03967285263698092,22.779014813436966,6.383661734915919,2.7361221836458336
962,4634,20070713020000,summer_2,39.499794,-75.006409,720,1220,2102,2602,-8.145403861999512,22.978837966918945,4.85661964826668,3.2767899766655826,-10.842334747314453,13.982189178466797,0.9568756158090278,3.6435292491052818,0.061035157042372355,23.932616882129047,6.421226413304238,2.6986801665639426
963,4635,20070713030000,summer_2,39.499794,-75.006409,720,1220,2102,2602,-7.198270797729492,21.179763793945312,4.773659587500618,3.285052235952827,-11.22552490234375,13.714162826538086,1.0106320840559173,3.6826717563290803,0.01525878881493696,21.900085024755285,6.415259705840392,2.6471277700713656
964,4636,20070713040000,summer_2,39.499794,-75.006409,720,1220,2102,2602,-5.881631374359131,18.206012725830078,4.761414788179279,3.2109362147806255,-11.563765525817871,11.425498962402344,1.1006578690868674,3.7207593319871854,0.03051757680727785,19.147315797571565,6.425261968727287,2.598593570580321
965,4637,20070713050000,summer_2,39.499794,-75.006409,720,1220,2102,2602,-4.960258483886719,17.739683151245117,4.765555933327511,3.0860431725992816,-12.421859741210938,12.582460403442383,1.1527614518790696,3.6952697252425444,0.051879882713131015,18.784141169431702,6.384945395751065,2.5397904278364023
966,4638,20070713060000,summer_2,39.499794,-75.006409,720,1220,2102,2602,-4.8015947341918945,20.268207550048828,4.754959510048055,2.9443544033182607,-12.882380485534668,11.270099639892578,1.1800278031804852,3.661125747049246,0.02136230423704554,21.390426684542096,6.323841709078336,2.4666163433017156
967,4639,20070713070000,summer_2,39.499794,-75.006409,720,1220,2102,2602,-3.854405164718628,18.20301628112793,4.764392022506226,2.849943231946228,-12.846664428710938,14.326661109924316,1.177194348008316,3.617447718241233,0.021362303877794316,18.778038243085334,6.2812635986242435,2.4164126098881633
968,4640,20070713080000,summer_2,39.499794,-75.006409,720,1220,2102,2602,-4.192971706390381,21.27745819091797,4.730250420418498,2.8406939322948372,-12.882315635681152,14.65880298614502,1.0988735441070825,3.504992023128271,0.02746581971200449,21.27750339797397,6.173629980532112,2.4132128104359984
969,4641,20070713090000,summer_2,39.499794,-75.006409,720,1220,2102,2602,-3.481891393661499,21.160598754882812,4.632364442565467,2.832119803275842,-12.987151145935059,10.913183212280273,1.0292285076145873,3.394198761078547,0.024414061276442058,21.500289637395543,6.029877957931332,2.3875031459454936
970,4642,20070713100000,summer_2,39.499794,-75.006409,720,1220,2102,2602,-3.565549373626709,18.7888240814209,4.4932534940159865,2.785365860088969,-12.60426139831543,10.649616241455078,0.9899465697437695,3.2876051628760687,0.021362304695964573,18.83602019708007,5.863646653410702,2.31378040831414
971,4643,20070713110000,summer_2,39.499794,-75.006409,720,1220,2102,2602,-4.755532741546631,16.12625503540039,4.123285698511964,2.600611260485731,-12.378801345825195,13.26472282409668,1.0012854041342518,3.037377890990391,0.012207031598527353,16.748557549069865,5.456029730922624,2.05539299605122
972,4644,20070713120000,summer_2,39.499794,-75.006409,720,1220,2102,2602,-3.682323932647705,13.639749526977539,3.4057237913895166,2.3458310317067856,-9.00540542602539,10.072142601013184,1.1167567066493342,2.461374171391085,0.02136230445068285,14.57258579255539,4.566233013650464,1.8859751300165981
973,4645,20070713130000,summer_2,39.499794,-75.006409,720,1220,2102,2602,-3.819380044937134,12.709343910217285,3.4790234755372245,2.2992046895902085,-7.538405418395996,8.718451499938965,1.2494808473905932,2.31523295152686,0.036621094197213135,13.733329559763725,4.58642610017941,1.8100133102818585
974,4646,20070713140000,summer_2,39.499794,-75.006409,720,1220,2102,2602,-2.9840340614318848,17.471158981323242,3.7298687308297933,2.410979119663823,-6.649852752685547,13.596155166625977,1.2955011528003049,2.502103314070357,0.03356933551074327,22.138130712994762,4.943752399074559,1.7952430232450758
975,4647,20070713150000,summer_2,39.499794,-75.006409,720,1220,2102,2602,-4.523664951324463,20.203582763671875,3.9814516396399338,2.567262175112504,-6.663320064544678,14.202717781066895,1.5577022517707035,2.618558993196154,0.015258789158247623,22.290719049331525,5.27449794067665,1.976297349685178
976,4648,20070713160000,summer_2,39.499794,-75.006409,720,1220,2102,2602,-6.420438289642334,17.97492027282715,4.287624982112542,2.733000594551858,-10.582459449768066,14.523441314697266,1.9869420738474577,2.748677499407051,0.05187988313368942,20.206307012541455,5.6671514715775535,2.289013157634661
977,4649,20070713170000,summer_2,39.499794,-75.006409,720,1220,2102,2602,-6.320091247558594,21.453975677490234,4.548094422897446,2.8562549095714904,-8.718252182006836,15.867074966430664,2.376779060053938,2.9306429018986258,0.021362304833003824,21.71392068115687,6.054790053761074,2.5338940213982393
978,4650,20070713180000,summer_2,39.499794,-75.006409,720,1220,2102,2602,-6.521928787231445,18.575916290283203,4.759081140028863,2.963582080198602,-11.381171226501465,16.21390724182129,2.6253810341085666,3.1424939338859037,0.021362304541990753,19.92553836733981,6.406354622739984,2.6754786842577163
979,4651,20070713190000,summer_2,39.499794,-75.006409,720,1220,2102,2602,-6.4923601150512695,19.720273971557617,4.875589108285163,3.044506738419689,-10.666111946105957,15.101287841796875,2.7634650584117035,3.4039440801978946,0.009155273481538504,21.03335437700571,6.675629130040652,2.77487667860054
980,4652,20070713200000,summer_2,39.499794,-75.006409,720,1220,2102,2602,-7.843423366546631,19.589534759521484,4.886840970170447,3.071028229067523,-12.010494232177734,14.397439002990723,2.7959336264799433,3.642901281565254,0.033569336599776727,20.657982985723493,6.81018375853367,2.8322783792172217
981,4653,20070713210000,summer_2,39.499794,-75.006409,720,1220,2102,2602,-8.582204818725586,23.646831512451172,4.795563573853961,3.022036601860646,-12.526040077209473,14.483805656433105,2.7767118760168463,3.8631782186888706,0.03662109403104618,23.68846934441795,6.82280352715857,2.8659661608989926
982,4654,20070713220000,summer_2,39.499794,-75.006409,720,1220,2102,2602,-7.578574180603027,20.120529174804688,4.540023742952823,2.870221319497846,-14.223796844482422,15.42846393585205,2.697666404648469,4.104226333847081,0.04272460758491113,20.276496612376054,6.710364324334683,2.818346052986484
983,4655,20070713230000,summer_2,39.499794,-75.006409,720,1220,2102,2602,-8.338086128234863,19.227548599243164,4.132811302328868,2.708794584508569,-12.522130966186523,14.957510948181152,2.6164862415689107,4.286234732047549,0.018310547320312943,19.229713234947493,6.471219706397877,2.7854660837601455
984,4656,20070714000000,summer_2,39.499794,-75.006409,720,1220,2102,2602,-7.341853618621826,13.935907363891602,3.9547769303231264,2.7821472090247505,-12.429797172546387,13.882759094238281,2.543034653453825,4.5422813265435735,0.036621091095060794,16.306038317107546,6.54994691645333,2.7528428852873508
985,4657,20070714010000,summer_2,39.499794,-75.006409,720,1220,2102,2602,-8.292244911193848,15.284972190856934,3.8605816041912506,2.8420105316723174,-11.651344299316406,12.196425437927246,2.4231479561926013,4.676232578820163,0.030517577295544118,15.96423392214676,6.579795658465256,2.7251055807835196
986,4658,20070714020000,summer_2,39.499794,-75.006409,720,1220,2102,2602,-7.500244617462158,14.429727554321289,3.7063398817895687,2.7590677320839028,-12.609127044677734,11.92194938659668,2.2736704003532915,4.599764179722275,0.0396728510449634,15.033416868136444,6.341019470434148,2.732817180794279
987,4659,20070714030000,summer_2,39.499794,-75.006409,720,1220,2102,2602,-5.812755107879639,14.712503433227539,3.546581998617458,2.601068938020991,-10.993325233459473,10.724872589111328,2.146432796688832,4.3902783843483455,0.06103515650826912,15.228736932892907,5.977912728520536,2.7368012251942897
988,4660,20070714040000,summer_2,39.499794,-75.006409,720,1220,2102,2602,-5.573868274688721,13.787978172302246,3.4069102166890355,2.4752326885906037,-11.58802604675293,12.311600685119629,2.0582218477824648,4.141165474226475,0.04577636933915572,14.722129905231704,5.6099352190040985,2.7654962638628686
989,4661,20070714050000,summer_2,39.499794,-75.006409,720,1220,2102,2602,-6.9432268142700195,14.49498176574707,3.247286914044386,2.414701522074924,-11.919500350952148,13.043516159057617,1.9494349963038122,3.871991427593876,0.02441406367375973,16.089355231722482,5.276148336627688,2.707494947901151
990,4662,20070714060000,summer_2,39.499794,-75.006409,720,1220,2102,2602,-9.026162147521973,16.22694206237793,3.128468358054471,2.3540636669260335,-14.742084503173828,11.061914443969727,1.8736474149172218,3.6745664564547935,0.036621092477810584,17.734306129220908,5.03830332735924,2.637692718103991
991,4663,20070714070000,summer_2,39.499794,-75.006409,720,1220,2102,2602,-10.366008758544922,19.3756103515625,3.0645808292673062,2.3216917657172913,-12.603585243225098,15.011822700500488,1.7986829696775777,3.5170922518223513,0.024414062485607957,20.157477894607496,4.866567001863778,2.589137358990389
992,4664,20070714080000,summer_2,39.499794,-75.006409,720,1220,2102,2602,-7.031269550323486,19.712427139282227,2.963303306409635,2.337654229077283,-12.816045761108398,15.104161262512207,1.7627876484339822,3.3955771235352303,0.018310546054320732,21.485030992078002,4.740981750215791,2.5310571151139984
993,4665,20070714090000,summer_2,39.499794,-75.006409,720,1220,2102,2602,-3.9154365062713623,20.65243911743164,2.7896478792272164,2.333197792911068,-10.692299842834473,16.82300567626953,1.8039215919283502,3.3176089457710565,0.03051757939023955,20.764794509356047,4.648030553784201,2.425370369427312
994,4666,20070714100000,summer_2,39.499794,-75.006409,720,1220,2102,2602,-4.179408550262451,21.122224807739258,2.5342413691842016,2.207412577037082,-12.302130699157715,14.755332946777344,1.9080103526554513,3.2237343478300056,0.024414062812153643,23.79527949763504,4.478458877414696,2.295957825629847
995,4667,20070714110000,summer_2,39.499794,-75.006409,720,1220,2102,2602,-3.8600635528564453,19.823415756225586,2.2341524056507147,2.0230769081355136,-8.960230827331543,10.595956802368164,2.078492381779984,3.057835836567679,0.051879884270101664,19.937743996080158,4.251139259801797,2.163927615747078
996,4668,20070714120000,summer_2,39.499794,-75.006409,720,1220,2102,2602,-3.803945302963257,16.86191749572754,1.7723449654916699,1.8463835244757465,-8.084383964538574,9.912107467651367,2.2013281050313402,2.6099944834169864,0.024414062355397448,17.25821702957045,3.6384030805881804,2.2294121307630768
997,4669,20070714130000,summer_2,39.499794,-75.006409,720,1220,2102,2602,-3.4343421459198,22.0695743560791,1.7078075874894825,1.7076202846967088,-6.713895320892334,19.741893768310547,2.5051473502108763,2.4648584965936142,0.01525878902660191,25.601973994632168,3.6494999178935794,2.205677854172584
998,4670,20070714140000,summer_2,39.499794,-75.006409,720,1220,2102,2602,-3.6610984802246094,18.31848907470703,1.807934168902435,1.7018595609893763,-9.401580810546875,11.886336326599121,2.9516636015775966,2.328531833263444,0.015258788605723616,18.381301736064522,3.9316672567767705,2.2003006662282676
999,4671,20070714150000,summer_2,39.499794,-75.006409,720,1220,2102,2602,-5.073229789733887,18.595848083496094,2.0450604000714607,1.8220819498835206,-10.2892427444458,11.508567810058594,3.4589957349306335,2.191885173341571,0.012207031121392048,18.65901957148334,4.420327583843643,2.1753093644182466
1000,4672,20070714160000,summer_2,39.499794,-75.006409,720,1220,2102,2602,-6.434777736663818,18.436206817626953,2.3560940059899953,2.036792268556459,-7.370988368988037,14.936331748962402,3.9720583885363125,2.172799600039161,0.03662109158391647,19.37315478503674,5.038469477927615,2.1935890622851852
1001,4673,20070714170000,summer_2,39.499794,-75.006409,720,1220,2102,2602,-6.758859157562256,16.668548583984375,2.6412273811689477,2.3475753348100543,-5.283943176269531,15.670234680175781,4.487962643868916,2.258936845985223,0.03662109228086594,18.692589274761996,5.69124017819665,2.3111861960122995
1002,4674,20070714180000,summer_2,39.499794,-75.006409,720,1220,2102,2602,-8.745197296142578,16.155675888061523,2.786611340362666,2.5487520532443324,-5.51511812210083,18.26424789428711,4.951819033625157,2.314019296789563,0.04272460931647304,19.629508789633906,6.201216687299128,2.383578913316002
1003,4675,20070714190000,summer_2,39.499794,-75.006409,720,1220,2102,2602,-8.92244815826416,15.205069541931152,2.862013164932203,2.7326883664445583,-5.400895118713379,20.484586715698242,5.417982854887996,2.347900873782262,0.048828126065755116,21.094390939519332,6.675192333904136,2.442885404332739
1004,4676,20070714200000,summer_2,39.499794,-75.006409,720,1220,2102,2602,-9.6639404296875,16.292545318603516,2.9348373784658097,2.8865279649905347,-4.201004981994629,17.586429595947266,5.909184748732348,2.352542662727105,0.07629394814827356,19.284645626906737,7.179064120500607,2.4205936997058006
1005,4677,20070714210000,summer_2,39.499794,-75.006409,720,1220,2102,2602,-9.797036170959473,16.49196434020996,3.092658004377759,2.949768955428732,-6.402750015258789,15.68261432647705,6.316877365810523,2.420973562790842,0.10986328072741976,20.136116045292503,7.6398256677257015,2.3796610757908256
1006,4678,20070714220000,summer_2,39.499794,-75.006409,720,1220,2102,2602,-9.402356147766113,15.069378852844238,3.1262066512097837,2.8292869641675735,-8.422009468078613,15.575910568237305,6.577912747085706,2.4724140639779275,0.07629394900492507,17.868582948467214,7.868508845802238,2.290495297361959
1007,4679,20070714230000,summer_2,39.499794,-75.006409,720,1220,2102,2602,-8.497774124145508,14.841383934020996,2.8398510865529034,2.593459475577669,-8.135295867919922,15.819975852966309,6.6158435337738135,2.5504234306076077,0.04577636817855106,18.924530272100768,7.7659889790551135,2.1804235279465485
1008,6552,20071001000000,fall_1,39.499794,-75.006409,720,1220,2102,2602,-14.363286972045898,6.924033164978027,-5.276564890784536,3.143442032769879,-10.936630249023438,14.208358764648438,1.4036243430208524,5.623525173264961,0.1586990434461725,16.99270700185162,8.03218527896302,2.607980286566528
1009,6553,20071001010000,fall_1,39.499794,-75.006409,720,1220,2102,2602,-15.792389869689941,8.145791053771973,-5.347332044151547,3.2951345703663715,-10.061541557312012,15.587857246398926,1.8282892806214925,5.733419658467763,0.07324218769310961,17.981506557783238,8.280604448859739,2.664245570982128
1010,6554,20071001020000,fall_1,39.499794,-75.006409,720,1220,2102,2602,-15.208335876464844,8.951275825500488,-5.302102602439822,3.42533488666498,-10.848798751831055,16.697175979614258,2.153479995050482,5.7821250460760805,0.09155273476740272,17.001861527955107,8.398629764395482,2.7163717180747895
1011,6555,20071001030000,fall_1,39.499794,-75.006409,720,1220,2102,2602,-14.603158950805664,9.148553848266602,-5.151298870875032,3.551097233781968,-10.221999168395996,17.568832397460938,2.4216310729067008,5.810553281919537,0.09460449504573758,17.590867491689863,8.425834160877507,2.7889633933659193
1012,6556,20071001040000,fall_1,39.499794,-75.006409,720,1220,2102,2602,-15.610424041748047,9.610058784484863,-4.924025378312567,3.6729305526894063,-9.816361427307129,18.167444229125977,2.585713859832677,5.78707251037258,0.11291503891034683,18.16767002368255,8.359278223805608,2.8346140395820494
1013,6557,20071001050000,fall_1,39.499794,-75.006409,720,1220,2102,2602,-14.723475456237793,10.414376258850098,-4.688372535360276,3.790175775438345,-8.928240776062012,17.85091209411621,2.622188098059208,5.72554178513919,0.09460449401064389,18.21344631699348,8.227033414111796,2.8844219173183436
1014,6558,20071001060000,fall_1,39.499794,-75.006409,720,1220,2102,2602,-15.027287483215332,10.730509757995605,-4.429313662124104,3.8885726392946443,-9.008562088012695,17.75455093383789,2.582348282505512,5.640195714958191,0.08239746021868465,18.225654174828676,8.03865501629219,2.93260508299063
1015,6559,20071001070000,fall_1,39.499794,-75.006409,720,1220,2102,2602,-15.181464195251465,11.275375366210938,-4.1608250447484005,3.9394145439679797,-9.47400188446045,17.61648941040039,2.474840066408056,5.563705804110379,0.06103515792899598,17.831962367139532,7.801746495152155,3.007300992019784
1016,6560,20071001080000,fall_1,39.499794,-75.006409,720,1220,2102,2602,-14.447707176208496,12.246655464172363,-3.9375081995786942,3.9396093152366203,-9.604899406433105,17.57265853881836,2.3260539679786087,5.504975876230419,0.07934570170316534,17.801444551180623,7.56660547073803,3.0799773519417006
1017,6561,20071001090000,fall_1,39.499794,-75.006409,720,1220,2102,2602,-15.597893714904785,12.34970760345459,-3.7959978284498788,3.9163669354917947,-9.998260498046875,17.531238555908203,2.167986468023134,5.491759541732198,0.04882812505403792,17.542037749641914,7.390316137525308,3.1607507121221445
1018,6562,20071001100000,fall_1,39.499794,-75.006409,720,1220,2102,2602,-14.507743835449219,12.540397644042969,-3.737758329786075,3.856967982533469,-9.733817100524902,17.91229820251465,2.005447272066797,5.518692636581767,0.04882812569530941,18.002869213479872,7.284781669530159,3.2026212007592854
1019,6563,20071001110000,fall_1,39.499794,-75.006409,720,1220,2102,2602,-14.381448745727539,11.982784271240234,-3.742024278629448,3.7908922474413993,-10.040214538574219,18.66511344909668,1.8908603589407356,5.5565414094355985,0.07629394114857403,18.665123828845314,7.243325774623255,3.2184385636559854
1020,6564,20071001120000,fall_1,39.499794,-75.006409,720,1220,2102,2602,-14.56004810333252,11.85411262512207,-3.807684569820396,3.730201190350657,-9.407679557800293,18.97412872314453,1.7803255165384857,5.538051900440802,0.08239745833549937,18.9825124590835,7.22216902828127,3.176903370814193
1021,6565,20071001130000,fall_1,39.499794,-75.006409,720,1220,2102,2602,-14.566195487976074,10.597922325134277,-3.6382346274121824,3.7145783867592956,-10.337227821350098,18.162830352783203,1.3793518600245245,4.961464910383215,0.05798339824658773,18.173775389777948,6.638574656931157,3.0794343523687537
1022,6566,20071001140000,fall_1,39.499794,-75.006409,720,1220,2102,2602,-15.121119499206543,10.11715030670166,-3.652142865759534,3.708982459726951,-8.451306343078613,16.56717300415039,1.2315823403869366,4.550750533484417,0.030517577863289774,16.59290990302436,6.363185582194857,2.971648216762815
1023,6567,20071001150000,fall_1,39.499794,-75.006409,720,1220,2102,2602,-14.25749683380127,8.09292221069336,-3.7454740912431967,3.7057427409316617,-8.440082550048828,15.89757251739502,1.4594960415482068,4.536276410227789,0.03051757926765985,16.09545930786017,6.55334061462421,2.7427658638940624
1024,6568,20071001160000,fall_1,39.499794,-75.006409,720,1220,2102,2602,-14.550097465515137,7.433512210845947,-3.8007675567616452,3.710167692798645,-8.37031078338623,16.175737380981445,1.6727772121619895,4.587388737222373,0.10681152303953448,16.342659908677145,6.744296104177908,2.5628045997134694
1025,6569,20071001170000,fall_1,39.499794,-75.006409,720,1220,2102,2602,-14.509627342224121,5.3414998054504395,-3.8973888107472883,3.702523674707737,-8.331978797912598,16.026248931884766,1.8218985518618391,4.620316380329979,0.009155273424152103,16.211432597073966,6.884544203736804,2.4835478651165928
1026,6570,20071001180000,fall_1,39.499794,-75.006409,720,1220,2102,2602,-13.925827980041504,5.447198867797852,-4.0220738648533985,3.651476006241984,-8.048130989074707,14.589335441589355,1.9817640787529858,4.653086127571324,0.06103515780602175,15.024261791923609,7.02239327550533,2.403111994283156
1027,6571,20071001190000,fall_1,39.499794,-75.006409,720,1220,2102,2602,-14.655266761779785,5.463301658630371,-4.194770029194746,3.6092044840217827,-8.267413139343262,13.035272598266602,2.213795314938556,4.680711118777161,0.0732421846074019,15.713981383413422,7.215157491524667,2.3181676496096975
1028,6572,20071001200000,fall_1,39.499794,-75.006409,720,1220,2102,2602,-15.640739440917969,5.24005126953125,-4.3270205002234094,3.588120616019155,-7.794860363006592,12.761311531066895,2.4646499856643924,4.695207156995895,0.08239746263521543,15.67736070099951,7.390847378876017,2.256670287294493
1029,6573,20071001210000,fall_1,39.499794,-75.006409,720,1220,2102,2602,-14.777864456176758,5.209770679473877,-4.441640245342201,3.591918532051214,-7.843722820281982,13.316773414611816,2.6515909844050323,4.594063181283068,0.04882812607975992,15.192116396765961,7.482880489274899,2.1846962386941273
1030,6574,20071001220000,fall_1,39.499794,-75.006409,720,1220,2102,2602,-15.209012985229492,5.392317771911621,-4.655581637042338,3.486508162171849,-8.349898338317871,14.062122344970703,2.8492061428761355,4.525312800765205,0.28382111934482745,15.628532745914212,7.606090307146853,2.138691509534737
1031,6575,20071001230000,fall_1,39.499794,-75.006409,720,1220,2102,2602,-15.609703063964844,5.728234767913818,-5.090768846156679,3.4445173931278044,-7.478168964385986,15.812065124511719,3.489019789610654,4.956288322055528,0.2502517624896224,16.043578830566556,8.3375243150359,2.237044665710389
1032,6576,20071002000000,fall_1,39.499794,-75.006409,720,1220,2102,2602,-16.944974899291992,7.128827095031738,-5.221765498097316,3.5205943658359593,-8.173500061035156,16.174833297729492,3.805791693121424,5.054142813205149,0.10070801011589976,17.300940476065573,8.609119507085596,2.3606971229488405
1033,6577,20071002010000,fall_1,39.499794,-75.006409,720,1220,2102,2602,-14.769819259643555,8.165144920349121,-5.182338547454904,3.6281648550132495,-7.622822284698486,17.501432418823242,3.930233271794444,5.00419554555133,0.13733672189448068,17.810600317782114,8.624318042681535,2.4758953861388933
1034,6578,20071002020000,fall_1,39.499794,-75.006409,720,1220,2102,2602,-16.211284637451172,9.82564926147461,-5.058954600889019,3.7306842355566356,-7.679671764373779,17.802658081054688,3.9332528114737997,4.928996129825265,0.12818146086137472,17.9296271900954,8.520048531034092,2.5855908560539467
1035,6579,20071002030000,fall_1,39.499794,-75.006409,720,1220,2102,2602,-14.362044334411621,11.089776039123535,-4.870418351170452,3.819346477086769,-7.980349540710449,17.96523094177246,3.7853146800000816,4.860494256118195,0.11291504093461494,18.112733132052114,8.308001063393773,2.6904483638388275
1036,6580,20071002040000,fall_1,39.499794,-75.006409,720,1220,2102,2602,-14.118868827819824,11.377734184265137,-4.702113006646546,3.845545319606378,-7.966397285461426,17.558927536010742,3.5842656976848692,4.788189746646282,0.08544922028289752,17.871635220791333,8.058680354610955,2.780193899014529
1037,6581,20071002050000,fall_1,39.499794,-75.006409,720,1220,2102,2602,-14.006427764892578,11.559463500976562,-4.5810485603598545,3.8234401776708498,-8.269394874572754,18.03154754638672,3.3333686524189328,4.73246105410165,0.08239745851756337,18.28363841770767,7.801383555534626,2.872394388929703
1038,6582,20071002060000,fall_1,39.499794,-75.006409,720,1220,2102,2602,-14.31592082977295,10.661288261413574,-4.451723020688775,3.7929669711368152,-8.140539169311523,18.58930015563965,3.0655228911513364,4.683975898256444,0.0671386730440866,19.03439454242216,7.541722613167753,2.9434532669501383
1039,6583,20071002070000,fall_1,39.499794,-75.006409,720,1220,2102,2602,-13.538527488708496,9.936110496520996,-4.341665163439787,3.746277286506051,-8.063069343566895,18.66063690185547,2.8101035747355385,4.6517031949112475,0.09765624696768813,19.031342254335314,7.314272519970155,2.986819732879135
1040,6584,20071002080000,fall_1,39.499794,-75.006409,720,1220,2102,2602,-13.796684265136719,9.756148338317871,-4.24759388752215,3.6764804241565785,-8.468877792358398,18.239198684692383,2.5676450159759816,4.64710203215633,0.08850097413600173,18.683434155620088,7.109699687512024,3.033000283753907
1041,6585,20071002090000,fall_1,39.499794,-75.006409,720,1220,2102,2602,-13.803382873535156,8.987915992736816,-4.195534342321777,3.605071470600816,-8.542831420898438,17.659849166870117,2.331017800837052,4.655566382473187,0.03662109375679867,18.158516488437098,6.959854143481741,3.0442439712735068
1042,6586,20071002100000,fall_1,39.499794,-75.006409,720,1220,2102,2602,-13.19920825958252,8.537271499633789,-4.199661700429917,3.5638401621022484,-8.595641136169434,17.639522552490234,2.1649253235563495,4.683106035514103,0.015258788863021115,18.0700069426053,6.909871778385904,3.0348263379938376
1043,6587,20071002110000,fall_1,39.499794,-75.006409,720,1220,2102,2602,-13.920202255249023,8.709139823913574,-4.205964021663189,3.540002619134192,-8.299938201904297,17.61553192138672,2.0538040749528923,4.715610712013068,0.04272460964993485,17.746514206194036,6.9137216295642965,2.979479936069788
1044,6588,20071002120000,fall_1,39.499794,-75.006409,720,1220,2102,2602,-14.478899955749512,8.521910667419434,-4.22124801982329,3.5255645404033547,-7.500788688659668,17.824663162231445,1.98245254238639,4.699012772953815,0.04577636892430201,17.92047127993203,6.921569345300563,2.889854164971735
1045,6589,20071002130000,fall_1,39.499794,-75.006409,720,1220,2102,2602,-12.952507972717285,7.927803993225098,-4.040656794033239,3.5549046004931917,-7.129129886627197,16.887866973876953,1.766518171187719,4.283336741107627,0.042724610478877455,16.916411793174454,6.522850833702645,2.8078873079057614
1046,6590,20071002140000,fall_1,39.499794,-75.006409,720,1220,2102,2602,-14.112098693847656,6.744481086730957,-3.8803350469310733,3.601290147180017,-5.887890815734863,15.41209888458252,1.7556223900457795,3.973988576624584,0.036621091996943286,15.51866137805905,6.293040814190829,2.7016149420519993
1047,6591,20071002150000,fall_1,39.499794,-75.006409,720,1220,2102,2602,-12.590007781982422,6.445844650268555,-3.791942957429193,3.634179790084724,-5.718249797821045,14.799757957458496,1.9580259130462783,3.8563399897363704,0.02136230340659166,14.807578609868433,6.325420154609221,2.5060681553623354
1048,6592,20071002160000,fall_1,39.499794,-75.006409,720,1220,2102,2602,-12.202949523925781,6.267059803009033,-3.7065822330767353,3.6427627134328535,-6.7218403816223145,14.843958854675293,2.1419584828008977,3.793022179378579,0.021362303899501292,14.856407091124026,6.371784795683115,2.3203090203114844
1049,6593,20071002170000,fall_1,39.499794,-75.006409,720,1220,2102,2602,-12.054021835327148,6.543593406677246,-3.6893998533344954,3.600644029598585,-7.655336380004883,14.340551376342773,2.3104959018288884,3.7251201896562414,0.05187988120496943,14.404739200706647,6.407577104639357,2.1758161901968367
1050,6594,20071002180000,fall_1,39.499794,-75.006409,720,1220,2102,2602,-15.161407470703125,5.954736232757568,-3.6737941967291583,3.5507782144053603,-7.243232727050781,14.282322883605957,2.484591894888432,3.6888208742501862,0.07324218570833066,18.051697002694695,6.451948868254964,2.0634296342955962
1051,6595,20071002190000,fall_1,39.499794,-75.006409,720,1220,2102,2602,-12.49729061126709,6.465053558349609,-3.665167664840263,3.492813013343433,-6.738016128540039,14.208740234375,2.681745337800831,3.6834577387643903,0.039672852844152263,16.36402166035262,6.524296730901671,1.956110399440021
1052,6596,20071002200000,fall_1,39.499794,-75.006409,720,1220,2102,2602,-13.905522346496582,6.36229944229126,-3.6945970823178,3.4052904460788977,-6.0388898849487305,13.903674125671387,2.8911083180587145,3.6766431796168715,0.18311309576956905,16.943877476345676,6.604380563966431,1.8720097131429145
1053,6597,20071002210000,fall_1,39.499794,-75.006409,720,1220,2102,2602,-12.139314651489258,6.482289791107178,-3.7993479967969845,3.262267288867457,-5.847579002380371,13.636144638061523,3.062091010290182,3.643182571156786,0.21668243106508528,15.411849687532285,6.662899334300026,1.8254824370134775
1054,6598,20071002220000,fall_1,39.499794,-75.006409,720,1220,2102,2602,-11.82767391204834,5.803735733032227,-4.018386484931583,2.9753416563740274,-6.221498966217041,13.65733814239502,3.143593563842821,3.5154091163709555,0.06713867143805693,15.030365459063235,6.64658442155656,1.750224326095094
1055,6599,20071002230000,fall_1,39.499794,-75.006409,720,1220,2102,2602,-11.662010192871094,5.294777870178223,-4.400400127118636,2.7870158233864903,-6.471807479858398,15.025716781616211,3.675661860598741,3.9802969781551094,0.0671386743402641,15.027312538791481,7.258390300926609,1.9493596040078915
1056,6600,20071003000000,fall_1,39.499794,-75.006409,720,1220,2102,2602,-12.28090763092041,5.743802070617676,-4.566257974205946,2.6903419304126426,-6.0854172706604,16.400733947753906,4.057365064706952,4.160724378630044,0.21363067693614315,16.492201829438226,7.586032187357849,2.077162936588589
1057,6601,20071003010000,fall_1,39.499794,-75.006409,720,1220,2102,2602,-13.102462768554688,6.620401382446289,-4.506431832486029,2.7210195111983775,-5.817726135253906,18.10918617248535,4.3311175249506295,4.19823541017747,0.13123321851488556,18.10967967671464,7.687782901675612,2.2346428511223473
1058,6602,20071003020000,fall_1,39.499794,-75.006409,720,1220,2102,2602,-13.647963523864746,8.406689643859863,-4.37218158940924,2.7527540507040533,-5.876247882843018,18.3376522064209,4.535605543818315,4.164426355721018,0.11291504210053477,18.341621709582395,7.676113250124242,2.384339868190564
1059,6603,20071003030000,fall_1,39.499794,-75.006409,720,1220,2102,2602,-12.574588775634766,8.751847267150879,-4.114190979982373,2.754206055000365,-4.541171073913574,18.268993377685547,4.676010004808491,4.0975212361727875,0.10375976437580293,18.30194770864202,7.537185264859509,2.521469123806549
1060,6604,20071003040000,fall_1,39.499794,-75.006409,720,1220,2102,2602,-12.47664737701416,8.713724136352539,-3.809770907477454,2.703027110626396,-4.779862880706787,18.28146743774414,4.7798666867013555,4.024267889808981,0.0762939467997673,18.323309631554157,7.33184821349679,2.665814939952097
1061,6605,20071003050000,fall_1,39.499794,-75.006409,720,1220,2102,2602,-11.972356796264648,9.10560131072998,-3.49564804941957,2.6540757256954968,-4.147871494293213,18.669437408447266,4.8439598085513635,3.980088209192679,0.045776368537694165,18.726157557105775,7.119379864716733,2.8076952051136934
1062,6606,20071003060000,fall_1,39.499794,-75.006409,720,1220,2102,2602,-11.848342895507812,9.140229225158691,-3.1372482378109825,2.5847270440852133,-3.9665393829345703,18.33420753479004,4.891300795474373,3.962879081000143,0.04577636670476389,18.451491109655574,6.900456590863883,2.92165592055491
1063,6607,20071003070000,fall_1,39.499794,-75.006409,720,1220,2102,2602,-10.995274543762207,9.377833366394043,-2.746761316427517,2.5029322662475426,-4.331135272979736,18.47309112548828,4.914178262289994,3.9565225374713044,0.06408691408908886,18.60102844775884,6.663433971946814,3.035001473382289
1064,6608,20071003080000,fall_1,39.499794,-75.006409,720,1220,2102,2602,-10.837834358215332,8.690413475036621,-2.3475264348359564,2.3885749362358966,-3.707016944885254,18.273836135864258,4.889845538215928,3.966935416236659,0.048828125892411686,18.442337874759964,6.399672905868554,3.1476218436087247
1065,6609,20071003090000,fall_1,39.499794,-75.006409,720,1220,2102,2602,-10.230730056762695,9.039411544799805,-2.0390122381220284,2.306464249923639,-3.992290735244751,18.74068260192871,4.828824064762933,4.0569901635820145,0.0823974630120264,18.778038019421853,6.199857812025156,3.288741763941446
1066,6610,20071003100000,fall_1,39.499794,-75.006409,720,1220,2102,2602,-9.360858917236328,9.748252868652344,-1.7849816179113407,2.259746020880015,-4.329302787780762,19.470582962036133,4.7425757509674575,4.183539086994001,0.061035155385866596,19.647818970500598,6.047450255156096,3.4227154296914684
1067,6611,20071003110000,fall_1,39.499794,-75.006409,720,1220,2102,2602,-9.515669822692871,9.861970901489258,-1.5700176125869936,2.262751488301426,-3.9227864742279053,20.250465393066406,4.6394667289641776,4.3122277128817705,0.05493164096992334,20.477920238156432,5.935436650987967,3.5320745661244963
1068,6612,20071003120000,fall_1,39.499794,-75.006409,720,1220,2102,2602,-9.50561237335205,12.48285961151123,-1.4240919361247801,2.3061032532960133,-4.420221328735352,20.121002197265625,4.521759775890588,4.417983242259744,0.01831054687088435,20.294806689464313,5.860544471375264,3.600702147662441
1069,6613,20071003130000,fall_1,39.499794,-75.006409,720,1220,2102,2602,-9.285421371459961,13.891919136047363,-1.1152702873219187,2.444699673867279,-4.668806552886963,19.047548294067383,4.242926531005177,4.287269480761662,0.01831054780283561,19.116791332322883,5.58432480001069,3.5240326311419787
1070,6614,20071003140000,fall_1,39.499794,-75.006409,720,1220,2102,2602,-9.033245086669922,13.554195404052734,-0.8964821757415976,2.4722038269926396,-4.467690944671631,16.984630584716797,3.9710107854733363,4.052032017666191,0.030517577855620585,17.303993115445035,5.247341860823616,3.4012888115837923
1071,6615,20071003150000,fall_1,39.499794,-75.006409,720,1220,2102,2602,-8.727441787719727,11.068614959716797,-0.628399738308023,2.660099599379957,-4.284679889678955,16.00945281982422,4.001068775188993,3.9987885262573,0.012207031877836016,16.657005713473033,5.26093589779302,3.434010863488805
1072,6616,20071003160000,fall_1,39.499794,-75.006409,720,1220,2102,2602,-9.318167686462402,10.140787124633789,-0.34748890739520655,2.903779096928356,-5.54722785949707,16.430797576904297,4.0511892526058855,3.905562705275833,0.021362303617649743,17.206336408947227,5.328363795418905,3.4390078879613997
1073,6617,20071003170000,fall_1,39.499794,-75.006409,720,1220,2102,2602,-8.536425590515137,12.490790367126465,-0.08562408805811464,3.1882891431698113,-6.829787731170654,16.367385864257812,4.089164389121918,3.796639860584783,0.009155273149887384,16.510513676466026,5.439106446091763,3.424088177199495
1074,6618,20071003180000,fall_1,39.499794,-75.006409,720,1220,2102,2602,-9.107704162597656,14.85033130645752,0.15905222051693826,3.473941694058815,-7.045544147491455,15.628653526306152,4.117271460636485,3.676436132731284,0.021362304319976842,18.253120717826377,5.575143877109982,3.3881331394616914
1075,6619,20071003190000,fall_1,39.499794,-75.006409,720,1220,2102,2602,-8.886137962341309,16.78719139099121,0.34810543956112305,3.7103902401538784,-6.245477199554443,15.638383865356445,4.126510452576509,3.5233415899723277,0.024414063188559387,18.765830667203154,5.681515044873672,3.3242419287722207
1076,6620,20071003200000,fall_1,39.499794,-75.006409,720,1220,2102,2602,-9.35880184173584,20.129680633544922,0.4413504668970072,3.839091859119342,-6.38478946685791,15.02438735961914,4.11160814209534,3.379503966638999,0.05187988341425553,20.883819630821137,5.762693172166899,3.170355266452176
1077,6621,20071003210000,fall_1,39.499794,-75.006409,720,1220,2102,2602,-10.286245346069336,16.444305419921875,0.3973903894749221,3.8306312884692235,-7.0066914558410645,13.58542251586914,4.060498300306452,3.222416413964952,0.024414061925148615,16.446426179077566,5.769516925630102,2.901024582194454
1078,6622,20071003220000,fall_1,39.499794,-75.006409,720,1220,2102,2602,-9.915101051330566,15.576358795166016,0.27610081079925086,3.780656289795991,-7.068750381469727,14.987032890319824,4.151873902868954,3.2334528251755734,0.036621093523492534,15.649895095191237,5.8780099941770585,2.7407783977572477
1079,6623,20071003230000,fall_1,39.499794,-75.006409,720,1220,2102,2602,-9.178458213806152,15.226734161376953,0.35146827988947,3.961442251910726,-6.559961318969727,15.882706642150879,4.435569466273849,3.427635076835433,0.054931641493648785,17.389450156489108,6.292047848941295,2.7657995668013835
1080,6624,20071004000000,fall_1,39.499794,-75.006409,720,1220,2102,2602,-9.32798957824707,12.389372825622559,0.5151547772469081,4.045233806212848,-6.0745391845703125,14.79190731048584,4.401738607904838,3.4199521228440335,0.05798339749594132,16.776024458020437,6.343991282132868,2.730284032575219
1081,6625,20071004010000,fall_1,39.499794,-75.006409,720,1220,2102,2602,-9.813133239746094,13.75748062133789,0.6769325039356247,4.090765622406546,-7.6076273918151855,13.769851684570312,4.187709842678052,3.2823908922580567,0.039672852086718925,17.618332009929286,6.21702116507511,2.61768075238314
1082,6626,20071004020000,fall_1,39.499794,-75.006409,720,1220,2102,2602,-9.681468963623047,15.204169273376465,0.8053429204486114,4.083310523084739,-7.820868492126465,13.608650207519531,3.8962787582660336,3.158599697747551,0.024414062629763096,17.316200181281754,6.0215486694505715,2.494131889378615
1083,6627,20071004030000,fall_1,39.499794,-75.006409,720,1220,2102,2602,-9.960518836975098,14.914725303649902,0.9308718620505316,4.048238713249319,-7.77695894241333,12.952722549438477,3.5547973138749245,3.012477381240657,0.042724609292354256,16.574600690267747,5.74929874747304,2.4314454405829857
1084,6628,20071004040000,fall_1,39.499794,-75.006409,720,1220,2102,2602,-9.628745079040527,16.808670043945312,1.0371664051052218,3.9733458029872155,-7.252870559692383,12.016683578491211,3.1664383255480573,2.8177408689398904,0.033569335766302145,17.947937386334793,5.390452710085511,2.402541545180955
1085,6629,20071004050000,fall_1,39.499794,-75.006409,720,1220,2102,2602,-9.38043212890625,16.84101104736328,1.0864864798621334,3.861859061833574,-7.049872875213623,11.351913452148438,2.749992387608811,2.586084293078279,0.05187988419288297,17.496261395712803,4.978232447657094,2.3583680977099313
1086,6630,20071004060000,fall_1,39.499794,-75.006409,720,1220,2102,2602,-9.447491645812988,14.94334888458252,1.1003619361816668,3.7349549927308243,-6.309267997741699,11.795122146606445,2.327128248336047,2.396970150074197,0.03356933486285303,15.25009901723964,4.570795841824183,2.3301292550490524
1087,6631,20071004070000,fall_1,39.499794,-75.006409,720,1220,2102,2602,-9.285614967346191,14.466739654541016,1.0797203277879777,3.631243946201473,-6.18888521194458,12.28464126586914,1.9116855565139905,2.245912655302087,0.02136230560654454,14.575638288886447,4.221802773790949,2.2862141729297263
1088,6632,20071004080000,fall_1,39.499794,-75.006409,720,1220,2102,2602,-9.81755542755127,14.802135467529297,0.9980323851959824,3.5488965467934555,-5.7255988121032715,12.276789665222168,1.5430871051496577,2.1286302938390937,0.018310546456337794,14.825889810104677,3.9328018195578793,2.244101141159504
1089,6633,20071004090000,fall_1,39.499794,-75.006409,720,1220,2102,2602,-9.062954902648926,14.147443771362305,0.8395334307354879,3.494086445120605,-6.470483779907227,11.69926929473877,1.2204947115214635,2.0748276631732443,0.03356933595669861,14.639732279173199,3.7287728335122243,2.1918546475713363
1090,6634,20071004100000,fall_1,39.499794,-75.006409,720,1220,2102,2602,-9.486687660217285,13.929657936096191,0.6448590844919952,3.4961734880755264,-6.542130470275879,11.585108757019043,0.9442867986493836,2.034699260371038,0.03356933646389408,14.328438256430335,3.604151935604061,2.163524846382286
1091,6635,20071004110000,fall_1,39.499794,-75.006409,720,1220,2102,2602,-10.137192726135254,13.37912654876709,0.4305330908543378,3.5158551936112143,-5.923473834991455,10.706023216247559,0.7277714376702764,2.0084410146176275,0.03356933675922644,13.901184006208686,3.5445688342918715,2.132162010358793
1092,6636,20071004120000,fall_1,39.499794,-75.006409,720,1220,2102,2602,-9.651395797729492,12.068581581115723,0.1733461191378839,3.515504511474166,-6.157333850860596,10.017681121826172,0.5481699309405166,1.9528438049865418,0.018310546543989448,12.677391739870334,3.4955084532706953,2.0698624834008017
1093,6637,20071004130000,fall_1,39.499794,-75.006409,720,1220,2102,2602,-10.275078773498535,11.220452308654785,-0.12284621565879415,3.351674651369985,-6.349003314971924,9.194469451904297,0.3546048782257609,1.7852543579928228,0.009155273466158086,11.685539120661295,3.2687596265191745,1.9689851212667646
1094,6638,20071004140000,fall_1,39.499794,-75.006409,720,1220,2102,2602,-10.444051742553711,10.637679100036621,-0.27655919918538313,3.2315879523580873,-5.559027671813965,8.907423973083496,0.1565909756149314,1.5959842270451299,0.024414062590792672,11.380355639304623,3.034376091733467,1.9707597025048997
1095,6639,20071004150000,fall_1,39.499794,-75.006409,720,1220,2102,2602,-8.997718811035156,10.707612037658691,-0.3879456614137519,3.211400203166186,-5.586121082305908,8.539477348327637,0.12992172170491872,1.58780257169517,0.02136230404548776,10.974457049110928,3.031795458700281,1.9518724492554544
1096,6640,20071004160000,fall_1,39.499794,-75.006409,720,1220,2102,2602,-8.773838996887207,10.615934371948242,-0.46049201477711904,3.2596313727572555,-6.1810526847839355,9.364590644836426,0.17483214097414157,1.6567069259511242,0.018310546791017734,10.641807681058811,3.1585307438382357,1.906876303848141
1097,6641,20071004170000,fall_1,39.499794,-75.006409,720,1220,2102,2602,-10.62632942199707,10.465387344360352,-0.551326121041812,3.3215531287537705,-6.625861644744873,9.668749809265137,0.24510296678417917,1.7791136052460643,0.015258789248980775,11.911376912621506,3.335878293911289,1.8530818578213248
1098,6642,20071004180000,fall_1,39.499794,-75.006409,720,1220,2102,2602,-10.663925170898438,10.51274585723877,-0.6561122580054229,3.398907425469147,-6.786557197570801,12.998913764953613,0.35104536293026795,1.8830150708500537,0.018310546758848738,14.450516157774455,3.518485496015495,1.8089481474675138
1099,6643,20071004190000,fall_1,39.499794,-75.006409,720,1220,2102,2602,-10.190999984741211,9.879807472229004,-0.7946652865695315,3.4391831813123988,-6.389819622039795,13.006641387939453,0.4773822011707728,1.9864350264944648,0.015258789747318145,13.235878041073377,3.664201085423675,1.7907881388817013
1100,6644,20071004200000,fall_1,39.499794,-75.006409,720,1220,2102,2602,-10.408056259155273,8.872577667236328,-0.9436716468981111,3.4462929860041576,-5.94949197769165,13.255207061767578,0.6233463941595984,2.106974863834877,0.036621093828062876,13.534958232351073,3.7771888132761613,1.8243354941857721
1101,6645,20071004210000,fall_1,39.499794,-75.006409,720,1220,2102,2602,-12.326695442199707,8.891195297241211,-1.1045029057429503,3.4436284030035,-6.2018723487854,17.754310607910156,0.7625189426643618,2.264991518423978,0.018310547009741475,17.755668621216333,3.896879636079205,1.8985399824951779
1102,6646,20071004220000,fall_1,39.499794,-75.006409,720,1220,2102,2602,-10.91004467010498,9.151070594787598,-1.3292472251265894,3.4346249692714967,-6.101076602935791,13.178787231445312,0.8478150311450551,2.502880887023447,0.012207031560399583,13.855400587874112,4.101845245657076,1.9291489075219617
1103,6647,20071004230000,fall_1,39.499794,-75.006409,720,1220,2102,2602,-11.772276878356934,8.127789497375488,-1.6979903428484269,3.5354422035500237,-6.497870445251465,12.384407997131348,1.0841290846508962,2.8141339983545204,0.036621093108843795,13.116851716525407,4.479733724474687,2.0998082221322267
1104,6648,20071005000000,fall_1,39.499794,-75.006409,720,1220,2102,2602,-11.72054386138916,9.267545700073242,-1.921304034582072,3.594953522551813,-6.317208290100098,11.67537784576416,1.312112160915164,2.876258923487002,0.018310547130271002,13.19925708721935,4.663352527188696,2.2051637008466995
1105,6649,20071005010000,fall_1,39.499794,-75.006409,720,1220,2102,2602,-13.382131576538086,7.865128993988037,-1.9827274952786453,3.5977250465463237,-7.819962501525879,12.978469848632812,1.4819603725692985,2.8439792937811177,0.03662109309133976,17.00491386101075,4.709790346603165,2.2309490113953285
1106,6650,20071005020000,fall_1,39.499794,-75.006409,720,1220,2102,2602,-14.0409574508667,7.3867645263671875,-1.9812681501562708,3.551565829726954,-8.09187126159668,12.26059341430664,1.5947111836817962,2.7469044337190205,0.03051757658298864,16.418960450170932,4.6530960331434255,2.230768558008132
1107,6651,20071005030000,fall_1,39.499794,-75.006409,720,1220,2102,2602,-14.373838424682617,7.214698314666748,-1.9194652058822832,3.484344049498241,-7.423355579376221,12.294328689575195,1.6579096490605159,2.665633179116354,0.012207030835031463,17.166664061118503,4.566739641010769,2.196395645857385
1108,6652,20071005040000,fall_1,39.499794,-75.006409,720,1220,2102,2602,-12.667583465576172,7.702831745147705,-1.8265111695149647,3.4297561320416174,-6.800867557525635,12.154619216918945,1.6566780849212035,2.590202861101756,0.02136230471901586,15.53392072015109,4.463564153087275,2.1516733877687346
1109,6653,20071005050000,fall_1,39.499794,-75.006409,720,1220,2102,2602,-13.570255279541016,7.665925025939941,-1.731836271922314,3.372036844318767,-6.19229793548584,11.837538719177246,1.5840781284038177,2.528474008922658,0.02136230423626957,15.567488987788705,4.339842312078524,2.106689912912373
1110,6654,20071005060000,fall_1,39.499794,-75.006409,720,1220,2102,2602,-12.765732765197754,8.42891788482666,-1.6354678349704053,3.325736148221543,-5.970901012420654,12.555476188659668,1.4613494002054301,2.465995829855909,0.02441406185202332,15.86046578473123,4.191022447681049,2.094584520183252
1111,6655,20071005070000,fall_1,39.499794,-75.006409,720,1220,2102,2602,-13.128022193908691,9.907432556152344,-1.5434962046928944,3.3033832390846727,-5.852754592895508,13.026034355163574,1.3058669719987475,2.4469775607044317,0.033569338089271636,15.652947040764284,4.060995292017016,2.120383533121011
1112,6656,20071005080000,fall_1,39.499794,-75.006409,720,1220,2102,2602,-12.961853981018066,11.017044067382812,-1.477228518981757,3.3147900332362883,-5.512283802032471,12.893113136291504,1.1278013448044377,2.4183805905805604,0.00610351543407445,15.92761287713909,3.9502800091866166,2.1646767576235786
1113,6657,20071005090000,fall_1,39.499794,-75.006409,720,1220,2102,2602,-12.597189903259277,11.396860122680664,-1.4797178279834413,3.348052727138968,-5.618780612945557,12.221403121948242,0.932257382492406,2.3650755344439345,0.018310546663402937,15.201271340177353,3.8651387922520963,2.2186505226419904
1114,6658,20071005100000,fall_1,39.499794,-75.006409,720,1220,2102,2602,-12.587258338928223,12.673067092895508,-1.5379455159010533,3.3752976594225,-5.736998081207275,11.294412612915039,0.7468042923512039,2.312251862258537,0.024414062964324367,13.095490068689472,3.815797899251813,2.2587214120472825
1115,6659,20071005110000,fall_1,39.499794,-75.006409,720,1220,2102,2602,-13.638367652893066,13.117813110351562,-1.6391660763512557,3.40626997658366,-5.790060520172119,10.575618743896484,0.6288848000660224,2.2927304271779976,0.021362305430157807,13.638724977786476,3.811457057669422,2.3268959109164844
1116,6660,20071005120000,fall_1,39.499794,-75.006409,720,1220,2102,2602,-13.06048583984375,13.745501518249512,-1.7653476368169487,3.4413836042805888,-5.727463245391846,11.880277633666992,0.5714326752886588,2.27308546672045,0.03356933458598387,13.809624009145296,3.841198647142929,2.3870942975125744
1117,6661,20071005130000,fall_1,39.499794,-75.006409,720,1220,2102,2602,-12.943391799926758,14.160401344299316,-1.8855327846620924,3.3856091595557305,-6.154418468475342,10.990922927856445,0.48606978069594414,2.045317859839759,0.021362303964488405,14.194161030150209,3.697008610874927,2.401936629868736
1118,6662,20071005140000,fall_1,39.499794,-75.006409,720,1220,2102,2602,-12.941676139831543,12.456537246704102,-1.9549988151607882,3.3403356257188035,-6.76714563369751,9.665328025817871,0.39800563741295586,1.769868219121213,0.021362304149645128,12.942901093593653,3.49171930017197,2.465481857365953
1119,6663,20071005150000,fall_1,39.499794,-75.006409,720,1220,2102,2602,-12.523219108581543,11.630230903625488,-1.9223297009379645,3.4303717301674843,-6.286187648773193,8.503152847290039,0.5021086411527065,1.7675814067750533,0.018310546493550486,12.607193180792716,3.5790713726776917,2.455505429156413
1120,6664,20071005160000,fall_1,39.499794,-75.006409,720,1220,2102,2602,-12.314302444458008,9.414827346801758,-1.8797348609013262,3.544032429956313,-6.187242031097412,8.170527458190918,0.6382088181426183,1.8187026060082807,0.021362303820845505,13.235877502198312,3.7390006846639343,2.4142146873483963
1121,6665,20071005170000,fall_1,39.499794,-75.006409,720,1220,2102,2602,-12.397643089294434,8.397163391113281,-1.8520520235689046,3.65140593022507,-7.74983024597168,8.213562965393066,0.8018055897704346,1.8822071916751524,0.009155273212371685,13.171791183764565,3.9121794428715093,2.3755652144790367
1122,6666,20071005180000,fall_1,39.499794,-75.006409,720,1220,2102,2602,-13.296812057495117,8.169778823852539,-1.8019948650778599,3.7434596119887416,-7.883537769317627,9.775981903076172,1.0141736882842725,1.9739541754682366,0.01220703108035611,14.80757901664555,4.091613169462152,2.33332817852491
1123,6667,20071005190000,fall_1,39.499794,-75.006409,720,1220,2102,2602,-16.894765853881836,8.39794921875,-1.7399455039138365,3.8367804242288073,-7.2859206199646,12.654302597045898,1.2498158775972794,2.0448608716504038,0.021362304355196867,18.381301199759676,4.276414132505369,2.2812435775131115
1124,6668,20071005200000,fall_1,39.499794,-75.006409,720,1220,2102,2602,-12.986673355102539,10.41248607635498,-1.6586088001728716,3.9054698860290906,-8.194557189941406,14.101882934570312,1.4952319609717561,2.1101327469741054,0.0396728540118756,14.25824729064924,4.4337698254893985,2.24360026391392
1125,6669,20071005210000,fall_1,39.499794,-75.006409,720,1220,2102,2602,-14.769865989685059,9.692373275756836,-1.5550242602066982,3.90464953625848,-5.635506629943848,13.910707473754883,1.7115496396268444,2.172246069631057,0.04272460902202921,15.292823456536427,4.544565466241715,2.158557001751989
1126,6670,20071005220000,fall_1,39.499794,-75.006409,720,1220,2102,2602,-13.951600074768066,12.4854736328125,-1.4791428256136785,3.9492454918822846,-7.516774654388428,16.12283706665039,1.9843368224040514,2.4426857263335826,0.02746582018853317,17.514573022964374,4.796626812489788,2.1635805642044965
1127,6671,20071005230000,fall_1,39.499794,-75.006409,720,1220,2102,2602,-13.380373001098633,10.400622367858887,-1.4287511423695762,4.194906963472389,-7.3246917724609375,12.933547019958496,2.3240766034344156,2.856393206140749,0.05187988399630341,14.636680987562409,5.266221060554421,2.337905944879491
1128,6672,20071006000000,fall_1,39.499794,-75.006409,720,1220,2102,2602,-12.853326797485352,9.600991249084473,-1.2568059972932766,4.385088129079571,-5.312070846557617,12.02829360961914,2.458749331454356,2.924195106318302,0.030517577583432636,14.059875162320763,5.411981932816658,2.4729286419620244
1129,6673,20071006010000,fall_1,39.499794,-75.006409,720,1220,2102,2602,-11.46088695526123,10.297993659973145,-1.0443800380871129,4.501595883391393,-5.869568824768066,11.403977394104004,2.480561036630673,2.8326175378940133,0.04272460830411327,12.900177451966226,5.413191679074164,2.49586782089084
1130,6674,20071006020000,fall_1,39.499794,-75.006409,720,1220,2102,2602,-13.116822242736816,10.836113929748535,-0.8493314985792304,4.57996200199444,-6.1111345291137695,11.54427433013916,2.4409778180247246,2.7313509154736577,0.012207031296751509,13.605148465223577,5.394903397591043,2.4517511693481286
1131,6675,20071006030000,fall_1,39.499794,-75.006409,720,1220,2102,2602,-11.655851364135742,12.029032707214355,-0.659627079439515,4.61525206089212,-6.247799396514893,11.747177124023438,2.3879120924136745,2.6778468788847762,0.045776366394766524,13.333534194463168,5.361184886097522,2.4220537059336134
1132,6676,20071006040000,fall_1,39.499794,-75.006409,720,1220,2102,2602,-11.786067962646484,12.103331565856934,-0.44637279309226435,4.596161557910473,-6.402446269989014,12.050528526306152,2.3377389150092234,2.6275829859729303,0.054931642395806494,13.455611478357985,5.2846006958680745,2.401283158017936
1133,6677,20071006050000,fall_1,39.499794,-75.006409,720,1220,2102,2602,-11.620827674865723,12.154980659484863,-0.24074863308494748,4.5497188368391805,-6.231618881225586,12.441123962402344,2.2444227370124095,2.591724569183153,0.021362303980396787,13.534957899669637,5.171217856142596,2.402264962042983
1134,6678,20071006060000,fall_1,39.499794,-75.006409,720,1220,2102,2602,-14.1633882522583,13.463125228881836,-0.03708051187589089,4.471608839866722,-7.6185102462768555,12.197468757629395,2.169458497956276,2.567489770745322,0.03356933765791445,16.028320224078005,5.049742444035197,2.4073462001301738
1135,6679,20071006070000,fall_1,39.499794,-75.006409,720,1220,2102,2602,-13.171728134155273,11.952773094177246,0.18596408739669482,4.357832624857352,-9.378875732421875,12.65571117401123,2.107252804609109,2.5548785516635415,0.03662109440499387,13.989685312275181,4.9264005968848,2.392443057497677
1136,6680,20071006080000,fall_1,39.499794,-75.006409,720,1220,2102,2602,-10.961405754089355,12.710835456848145,0.3891609909999918,4.246451204754066,-8.058646202087402,12.417952537536621,2.0101068640102975,2.588294970872112,0.021362304764320352,13.052765016512476,4.816850264662286,2.39197577330528
1137,6681,20071006090000,fall_1,39.499794,-75.006409,720,1220,2102,2602,-10.975395202636719,12.991120338439941,0.543374701521747,4.162933810691105,-8.954609870910645,11.89543628692627,1.8787153756546568,2.672561923582508,0.02746582165961251,13.962219157554317,4.750990948148994,2.3928054010219046
1138,6682,20071006100000,fall_1,39.499794,-75.006409,720,1220,2102,2602,-10.540653228759766,12.738008499145508,0.6363613153401593,4.0887163833176645,-10.7929105758667,12.570101737976074,1.7349185627257475,2.7641403201841825,0.03662109443427292,14.218575016908815,4.694623339011539,2.394469298328586
1139,6683,20071006110000,fall_1,39.499794,-75.006409,720,1220,2102,2602,-11.252520561218262,12.508235931396484,0.6899288304605148,4.033252825261283,-10.037871360778809,13.237255096435547,1.5891640429758658,2.813382420785042,0.030517578143310884,14.102600183533328,4.631220206645902,2.3948888371285912
1140,6684,20071006120000,fall_1,39.499794,-75.006409,720,1220,2102,2602,-10.532517433166504,12.058653831481934,0.6826427155002509,4.0081788619282275,-7.964147567749023,10.90732479095459,1.4694390590505357,2.780886664658604,0.039672853438724745,12.250129612034897,4.5572132045836184,2.3782111899791176
1141,6685,20071006130000,fall_1,39.499794,-75.006409,720,1220,2102,2602,-10.934846878051758,11.885744094848633,0.6257397104866652,3.737745911468398,-7.485090732574463,9.855273246765137,1.223494584464394,2.4566690180983213,0.021362304181818767,11.905273609748923,4.139488894644193,2.181533414319828
1142,6686,20071006140000,fall_1,39.499794,-75.006409,720,1220,2102,2602,-9.793720245361328,11.487996101379395,0.5695929788828382,3.4872555041502427,-10.768582344055176,9.24173355102539,0.9521162161684933,2.1641094967990813,0.01831054709122879,11.502426131642137,3.7063268106804017,2.0828883523793147
1143,6687,20071006150000,fall_1,39.499794,-75.006409,720,1220,2102,2602,-9.578558921813965,11.724967956542969,0.7117918045668283,3.4659066327525037,-9.540290832519531,8.0479097366333,0.9220467718174776,2.1302777350849995,0.018310546187661838,11.999877929093026,3.7026862246243284,2.0487861186569587
1144,6688,20071006160000,fall_1,39.499794,-75.006409,720,1220,2102,2602,-9.777222633361816,11.385082244873047,0.8793389358095904,3.515526559322535,-8.717193603515625,8.059576034545898,0.9505038225058073,2.101096397064487,0.015258788607619657,11.810660945627967,3.789522914790108,2.0223114542446443
1145,6689,20071006170000,fall_1,39.499794,-75.006409,720,1220,2102,2602,-9.259848594665527,11.19599437713623,1.0050490950757045,3.6128846941260604,-11.219056129455566,7.779176712036133,1.0058336589790269,2.053347548707308,0.012207030964350519,12.240974638970515,3.889003936786141,2.041236238543249
1146,6690,20071006180000,fall_1,39.499794,-75.006409,720,1220,2102,2602,-9.869824409484863,13.609082221984863,1.1605660257503945,3.6977040342965797,-12.231546401977539,7.382159233093262,1.058309861367427,2.055177356496934,0.021362304859753423,15.417953702044247,4.0054502668391105,2.078477932185721
1147,6691,20071006190000,fall_1,39.499794,-75.006409,720,1220,2102,2602,-10.048298835754395,17.8629150390625,1.3186671974006743,3.7526039695806004,-15.311382293701172,8.172799110412598,1.121823637448251,2.134957072841294,0.018310547463749757,19.91638138897125,4.130461208043338,2.139331651538511
1148,6692,20071006200000,fall_1,39.499794,-75.006409,720,1220,2102,2602,-8.444936752319336,20.45749282836914,1.438420073807868,3.767909232040404,-14.550286293029785,8.582945823669434,1.2543094987822059,2.2260810483088926,0.018310546776897543,20.752587196384066,4.232222028695066,2.209800475570645
1149,6693,20071006210000,fall_1,39.499794,-75.006409,720,1220,2102,2602,-8.9171142578125,19.538616180419922,1.5045918953430693,3.7549161715724138,-17.846410751342773,8.428048133850098,1.3974600741286067,2.369546938692138,0.015258788574483076,19.663077620230997,4.342199805634559,2.2530291672466416
1150,6694,20071006220000,fall_1,39.499794,-75.006409,720,1220,2102,2602,-8.873706817626953,19.89828872680664,1.525658118104362,3.78470306811376,-15.321270942687988,10.859766960144043,1.6943911421248614,2.5913368946933226,0.015258788415406841,20.059814377147532,4.556860756775638,2.3393627967452244
1151,6695,20071006230000,fall_1,39.499794,-75.006409,720,1220,2102,2602,-8.732561111450195,16.241533279418945,1.696373105490548,4.040506236393398,-14.705873489379883,11.290124893188477,2.0988842587006515,2.7611160919049444,0.027465821437765537,17.99371365334011,4.97250542305963,2.55081151428442
1152,6696,20071007000000,fall_1,39.499794,-75.006409,720,1220,2102,2602,-8.294816017150879,15.266623497009277,1.8961016729063591,4.117525820181122,-13.539387702941895,10.280942916870117,2.261226904915246,2.747926289575817,0.012207031341984882,17.682426502407566,5.150526034680804,2.585642668348865
1153,6697,20071007010000,fall_1,39.499794,-75.006409,720,1220,2102,2602,-7.483974933624268,16.69952964782715,2.1669631588647653,4.106061123211697,-14.04399585723877,9.74708080291748,2.2010490484099714,2.6812128638120516,0.009155272905271739,17.053741724358026,5.208490224532256,2.541774221868903
1154,6698,20071007020000,fall_1,39.499794,-75.006409,720,1220,2102,2602,-7.998956203460693,14.17226791381836,2.408166555023124,4.109519445110265,-10.715397834777832,9.705333709716797,2.003023943747115,2.7249530083249267,0.024414063166307464,14.181953701137035,5.245226292173481,2.5714764605507625
1155,6699,20071007030000,fall_1,39.499794,-75.006409,720,1220,2102,2602,-8.07939624786377,15.061393737792969,2.563915022615489,4.1490327433304675,-11.707606315612793,9.129475593566895,1.7038381108974054,2.775861975252202,0.02441406221296537,15.158546126506447,5.250672914117077,2.612860675806596
1156,6700,20071007040000,fall_1,39.499794,-75.006409,720,1220,2102,2602,-8.291253089904785,15.370108604431152,2.678065159473178,4.201548556659801,-11.09722900390625,8.87552261352539,1.3855595692830829,2.841169684763888,0.015258789158194418,15.979491830974398,5.245893154019842,2.7014197723817674
1157,6701,20071007050000,fall_1,39.499794,-75.006409,720,1220,2102,2602,-9.93682861328125,13.402639389038086,2.7652744859536957,4.254400260551506,-12.378348350524902,8.234087944030762,1.0131494348451116,2.9013925615845353,0.018310548019273145,15.872680527805613,5.241889983951154,2.7773736748130973
1158,6702,20071007060000,fall_1,39.499794,-75.006409,720,1220,2102,2602,-9.904964447021484,12.682317733764648,2.8775550101226237,4.310033844660793,-13.378198623657227,8.779535293579102,0.6142783354972868,2.9068847647109513,0.012207031462701697,15.317237681010154,5.252503190038428,2.8452138277833203
1159,6703,20071007070000,fall_1,39.499794,-75.006409,720,1220,2102,2602,-9.167420387268066,14.07877254486084,3.0081864413854347,4.343880589599924,-14.050101280212402,8.70432186126709,0.1854070020743959,2.936383897816541,0.024414062617181376,14.523757611491792,5.290546487613866,2.9300730804894948
1160,6704,20071007080000,fall_1,39.499794,-75.006409,720,1220,2102,2602,-10.059826850891113,14.295697212219238,3.0556187094450453,4.39594351923646,-14.973723411560059,8.462047576904297,-0.2651075303623498,2.939361383705408,0.03356933575066937,15.363014214828503,5.305914937196043,3.0362014339863785
1161,6705,20071007090000,fall_1,39.499794,-75.006409,720,1220,2102,2602,-11.290579795837402,14.74450397491455,3.005249363167013,4.441923992012979,-15.373407363891602,8.822202682495117,-0.7552286182794511,2.956449106934819,0.015258789288524218,15.643791635641266,5.3417301174780745,3.0885422816318897
1162,6706,20071007100000,fall_1,39.499794,-75.006409,720,1220,2102,2602,-10.714110374450684,14.248738288879395,2.8977435293403615,4.473332768553925,-15.856511116027832,7.672088623046875,-1.2501926431108321,3.000383315855753,0.006103515360565373,16.10156209289491,5.4157993209752435,3.1051607079071393
1163,6707,20071007110000,fall_1,39.499794,-75.006409,720,1220,2102,2602,-10.214457511901855,13.785086631774902,2.734101754384991,4.466808320513455,-16.3675594329834,7.776731967926025,-1.7510837533322205,3.065072621852248,0.02136230428165074,16.547134075152385,5.506994117176048,3.0921948931689265
1164,6708,20071007120000,fall_1,39.499794,-75.006409,720,1220,2102,2602,-10.689875602722168,14.245166778564453,2.4619183266224747,4.4116220079789406,-16.13531494140625,7.1909589767456055,-2.208233408745318,3.1322147306514467,0.018310546936691215,16.3975977355912,5.557572927009576,3.053505797542039
1165,6709,20071007130000,fall_1,39.499794,-75.006409,720,1220,2102,2602,-9.465648651123047,12.835962295532227,2.019477425837294,4.187395680964192,-14.980856895446777,5.386236190795898,-2.4873220739708453,3.0882739088891396,0.015258788717543577,15.271461605823006,5.331948327104062,2.984477430892086
1166,6710,20071007140000,fall_1,39.499794,-75.006409,720,1220,2102,2602,-9.339259147644043,11.51495361328125,1.6198161420017783,3.979679302074163,-13.16742992401123,6.15248966217041,-2.7211378106300543,3.090346103149115,0.012207031218287803,13.330482388859458,5.073510891771152,3.1106219529245207
1167,6711,20071007150000,fall_1,39.499794,-75.006409,720,1220,2102,2602,-9.711965560913086,10.923843383789062,1.3649040890954918,3.821882495489341,-12.393641471862793,6.252441883087158,-2.9966056882562633,3.032007540477698,0.015258789349706892,12.68044269828367,5.0465814875155965,3.0289403506879604
1168,6712,20071007160000,fall_1,39.499794,-75.006409,720,1220,2102,2602,-9.210275650024414,10.675491333007812,1.1284196231058585,3.6571416486286417,-12.19809627532959,6.463712215423584,-3.2204591940355423,2.9329720607198273,0.024414063283201757,12.427139475437723,5.017242698585713,2.906711908126449
1169,6713,20071007170000,fall_1,39.499794,-75.006409,720,1220,2102,2602,-9.076590538024902,9.792783737182617,0.861216522275082,3.4988012638718047,-11.989606857299805,6.357540130615234,-3.388066613371007,2.8288744241492862,0.021362303978662657,12.323371428648494,4.970302614305981,2.785843137863094
1170,6714,20071007180000,fall_1,39.499794,-75.006409,720,1220,2102,2602,-9.53644847869873,8.808051109313965,0.6240696306713394,3.3805294249637514,-11.644495964050293,6.272368907928467,-3.4653293578470983,2.779498386703994,0.030517579487083165,11.862541431981123,4.936143500763866,2.680680562261333
1171,6715,20071007190000,fall_1,39.499794,-75.006409,720,1220,2102,2602,-9.490432739257812,8.844049453735352,0.39128366260673514,3.2706899541703454,-12.147284507751465,6.497256755828857,-3.425869790487522,2.8252666067058962,0.03356933696073302,12.36609578391772,4.869806388570439,2.618055889226733
1172,6716,20071007200000,fall_1,39.499794,-75.006409,720,1220,2102,2602,-11.274744033813477,7.951113700866699,0.14459624504087493,3.183460571167483,-11.694652557373047,6.703319549560547,-3.3142658181590434,2.920397450800681,0.033569334439688125,11.77098915581372,4.790530962550525,2.5921461307501947
1173,6717,20071007210000,fall_1,39.499794,-75.006409,720,1220,2102,2602,-10.64455795288086,9.372875213623047,-0.1320267520213581,3.1229651989172402,-11.370099067687988,7.962646961212158,-3.112818369926266,2.985499053650277,0.021362303512135528,11.511581795156232,4.668727646477423,2.564403958703074
1174,6718,20071007220000,fall_1,39.499794,-75.006409,720,1220,2102,2602,-11.409942626953125,8.120566368103027,-0.5057197110018076,3.113004052703084,-11.126327514648438,8.438817977905273,-2.8770856245543843,3.0878606483718967,0.018310546917486216,11.560409238396197,4.620775201355292,2.531301695089454
1175,6719,20071007230000,fall_1,39.499794,-75.006409,720,1220,2102,2602,-10.815084457397461,7.181391716003418,-0.8872498511591755,3.1441320720500423,-11.004817962646484,9.085314750671387,-2.701550555310619,3.262614844061005,0.021362305031817155,11.529892524344634,4.731129345685613,2.4964424533432443
1176,6720,20071008000000,fall_2,39.499794,-75.006409,720,1220,2102,2602,-9.948054313659668,7.76173734664917,-1.1771405303929299,3.032086447971792,-11.177628517150879,9.645613670349121,-2.3466802019463975,3.3533386126591624,0.03356933441839458,11.508529449539626,4.617101971041825,2.4522163988171406
1177,6721,20071008010000,fall_2,39.499794,-75.006409,720,1220,2102,2602,-9.248024940490723,8.696212768554688,-1.350906858709752,2.945257194655692,-10.903463363647461,9.830025672912598,-1.9338544015185546,3.3963859868878115,0.02746582023363399,11.423080764566045,4.465265768813813,2.4158065973169998
1178,6722,20071008020000,fall_2,39.499794,-75.006409,720,1220,2102,2602,-8.764910697937012,9.58313274383545,-1.362355858297186,2.895688860839825,-10.420775413513184,9.683999061584473,-1.4846189376391767,3.4012576347213157,0.021362305136548732,11.91137703673941,4.295083633468892,2.3592225271650578
1179,6723,20071008030000,fall_2,39.499794,-75.006409,720,1220,2102,2602,-8.825258255004883,10.07422924041748,-1.2224845816824101,2.894759658608129,-11.048730850219727,9.399943351745605,-1.0443635525007193,3.4144716765747907,0.02441406253321397,12.207404952497306,4.181070876199918,2.2676111707416906
1180,6724,20071008040000,fall_2,39.499794,-75.006409,720,1220,2102,2602,-8.45556354522705,10.62059211730957,-0.940494492269672,2.9046553488102695,-10.293445587158203,9.084432601928711,-0.6637509257046393,3.369251320921493,0.027465819448787038,12.414932519116109,4.0656409266881015,2.141153006094007
1181,6725,20071008050000,fall_2,39.499794,-75.006409,720,1220,2102,2602,-8.288434028625488,11.54998779296875,-0.5768628594208911,2.9685296914773334,-9.587615013122559,8.670485496520996,-0.34211416410750595,3.331651698726972,0.03356933650142624,12.372199912387421,4.041819647067199,2.0063844026648128
1182,6726,20071008060000,fall_2,39.499794,-75.006409,720,1220,2102,2602,-7.977472305297852,15.198943138122559,-0.13325396872603498,3.1083465982569614,-10.358236312866211,9.3898344039917,-0.06280484558099851,3.332281453448278,0.045776365451096784,15.216529399537784,4.1063173239076,1.9813574548972752
1183,6727,20071008070000,fall_2,39.499794,-75.006409,720,1220,2102,2602,-8.144811630249023,16.200258255004883,0.3534314600882336,3.2656935812974663,-9.81892204284668,11.028518676757812,0.21251913238709932,3.3449347053728418,0.015258789305923753,16.21753665383109,4.232111947402073,2.0279668126975037
1184,6728,20071008080000,fall_2,39.499794,-75.006409,720,1220,2102,2602,-8.136835098266602,15.254644393920898,0.8411946223199045,3.4281453813241347,-12.693806648254395,10.743202209472656,0.3735556473452805,3.355170566092998,0.015258789015138103,15.698722856895573,4.385344320765205,2.150641226631406
1185,6729,20071008090000,fall_2,39.499794,-75.006409,720,1220,2102,2602,-8.179283142089844,16.776142120361328,1.2282318159885564,3.5284391191798,-17.331703186035156,11.681282043457031,0.38855685775941656,3.359968476660041,0.018310547362422457,17.615281276393592,4.476041695109712,2.3159989963437626
1186,6730,20071008100000,fall_2,39.499794,-75.006409,720,1220,2102,2602,-8.394736289978027,17.63361358642578,1.5626014906384438,3.5489008746003687,-15.092668533325195,11.002711296081543,0.38239428774322043,3.3307905830785067,0.015258789434394689,17.999816393762508,4.5055814313540195,2.444697957078892
1187,6731,20071008110000,fall_2,39.499794,-75.006409,720,1220,2102,2602,-7.362156391143799,17.48860740661621,1.8385740601708556,3.5316255776594963,-15.322003364562988,11.629830360412598,0.36503129801479484,3.2751161303610696,0.02136230491748425,17.612228187616765,4.495605158659229,2.549882657855078
1188,6732,20071008120000,fall_2,39.499794,-75.006409,720,1220,2102,2602,-7.360492706298828,17.356367111206055,2.0593570305361815,3.443774267623704,-11.204947471618652,9.946049690246582,0.3730208198553843,3.1310616830847824,0.027465821810678054,17.374191902756877,4.415368768303426,2.5588558030463466
1189,6733,20071008130000,fall_2,39.499794,-75.006409,720,1220,2102,2602,-6.978476047515869,16.061208724975586,2.138054378432862,3.2508342435751865,-11.888982772827148,8.401944160461426,0.3881909853847394,2.832582653813007,0.021362305765367563,16.428115819308353,4.157134548613028,2.4559415467150796
1190,6734,20071008140000,fall_2,39.499794,-75.006409,720,1220,2102,2602,-6.423599720001221,15.98933219909668,2.166627004560616,3.1240605565651616,-10.964189529418945,8.067940711975098,0.45490751689318126,2.5043756924819887,0.015258789415375215,16.434218920620584,3.8246497511202104,2.5109599115187415
1191,6735,20071008150000,fall_2,39.499794,-75.006409,720,1220,2102,2602,-6.138028144836426,15.571022987365723,2.471737606019366,3.1872972352951123,-10.040771484375,9.072250366210938,0.4950457247639655,2.390592712943345,0.024414062138934243,17.17581917623005,3.953860427199263,2.568139787889822
1192,6736,20071008160000,fall_2,39.499794,-75.006409,720,1220,2102,2602,-5.637598514556885,15.550148010253906,2.9010761323594623,3.265667255548863,-8.601950645446777,7.979257106781006,0.5224487370096722,2.4123492195880845,0.030517578751565858,17.117828526092065,4.248456484691102,2.6690493227825804
1193,6737,20071008170000,fall_2,39.499794,-75.006409,720,1220,2102,2602,-5.40150260925293,16.378097534179688,3.3329148257991403,3.33319341566584,-8.651123046875,8.43154525756836,0.49957785133756344,2.505271570476054,0.01220703102995526,17.416915930384153,4.586247990928155,2.7768313991598226
1194,6738,20071008180000,fall_2,39.499794,-75.006409,720,1220,2102,2602,-5.464590549468994,15.756951332092285,3.7463214936863047,3.426091653311642,-14.114180564880371,8.46188735961914,0.47289663597424514,2.5895017384676415,0.021362305007326998,17.102569555058157,4.932582386502477,2.893408065440461
1195,6739,20071008190000,fall_2,39.499794,-75.006409,720,1220,2102,2602,-5.169365882873535,16.091537475585938,4.098287411706625,3.5393627244210473,-13.247676849365234,8.500782012939453,0.4681300537504915,2.661601984536772,0.01525878906340322,17.429122639516777,5.233912510492254,3.0384994500248577
1196,6740,20071008200000,fall_2,39.499794,-75.006409,720,1220,2102,2602,-6.163040637969971,15.912505149841309,4.349356846652007,3.6420444848861115,-14.055397033691406,8.628141403198242,0.4605598418233159,2.7147846681602212,0.01831054713017939,19.14426438551693,5.453475249383731,3.1659393355124803
1197,6741,20071008210000,fall_2,39.499794,-75.006409,720,1220,2102,2602,-4.809897422790527,16.796884536743164,4.478365368449381,3.7116862067827006,-14.114151000976562,8.884674072265625,0.4894873478010694,2.7485398983814795,0.033569337176232276,19.754630699519677,5.590655329473669,3.2204057655251446
1198,6742,20071008220000,fall_2,39.499794,-75.006409,720,1220,2102,2602,-6.33511209487915,18.155174255371094,4.537491460565213,3.8041889497395953,-14.129698753356934,8.793912887573242,0.6671910770416041,2.812661244166214,0.012207031419444013,19.595931212275282,5.738730469683133,3.237879263356195
1199,6743,20071008230000,fall_2,39.499794,-75.006409,720,1220,2102,2602,-5.782926559448242,18.34639549255371,4.862275902868681,3.9313558687779877,-15.130265235900879,8.587240219116211,0.8129049098810857,3.017665608511921,0.018310545849376532,19.138161062784633,6.151386249519706,3.3203694446728154
1200,6744,20071009000000,fall_2,39.499794,-75.006409,720,1220,2102,2602,-5.914855480194092,17.872900009155273,5.004587007942028,3.9566350557231957,-11.985339164733887,8.328827857971191,0.8816862044801691,3.115911630604816,0.015258789220305203,19.458603803621994,6.331047547001478,3.3324112733507882
1201,6745,20071009010000,fall_2,39.499794,-75.006409,720,1220,2102,2602,-7.356194496154785,19.829858779907227,5.089073685592819,3.938261372834328,-12.77369499206543,9.112300872802734,0.9194395336258172,3.22046582387831,0.009155273087016275,19.91943321883721,6.468851530638381,3.2831848366292045
1202,6746,20071009020000,fall_2,39.499794,-75.006409,720,1220,2102,2602,-7.682735919952393,17.06691551208496,5.207776906840684,3.9693296815931762,-14.10000228881836,9.64591121673584,0.9551868284193255,3.3260959053738963,0.02746581970031513,18.182929628281293,6.662127512259568,3.235408983718228
1203,6747,20071009030000,fall_2,39.499794,-75.006409,720,1220,2102,2602,-7.364892959594727,18.154220581054688,5.4053941392849705,4.015471266389095,-14.699594497680664,9.470423698425293,0.9180744330438262,3.453559180098409,0.018310546069952274,21.14322613836719,6.906149792692832,3.2275876453091445
1204,6748,20071009040000,fall_2,39.499794,-75.006409,720,1220,2102,2602,-8.704254150390625,16.329242706298828,5.56931911431756,4.097902401409613,-15.788040161132812,9.923148155212402,0.7195872080124831,3.609591489104886,0.012207031057510285,18.878753971332742,7.172960090813018,3.147335300272107
1205,6749,20071009050000,fall_2,39.499794,-75.006409,720,1220,2102,2602,-11.08794116973877,16.089900970458984,5.6229876428052865,4.220328771401519,-15.438139915466309,9.262147903442383,0.4148940137938466,3.735774858487247,0.02136230379786028,20.117797432884238,7.382380602348475,3.0096133386062696
1206,6750,20071009060000,fall_2,39.499794,-75.006409,720,1220,2102,2602,-12.045511245727539,17.342010498046875,5.624912714141176,4.415644275375769,-14.810739517211914,9.166836738586426,0.07774040963996737,3.864215376635388,0.06408691526827341,20.761741485126656,7.604163550540567,2.872709200965613
1207,6751,20071009070000,fall_2,39.499794,-75.006409,720,1220,2102,2602,-13.688182830810547,16.379966735839844,5.540841287809302,4.718362147159776,-14.555696487426758,12.003056526184082,-0.2780215214660384,3.9954552700688004,0.0823974598295388,18.98556480841673,7.817709917112198,2.8086000003287888
1208,6752,20071009080000,fall_2,39.499794,-75.006409,720,1220,2102,2602,-14.864432334899902,17.41126251220703,5.383085960642719,4.981906425373633,-15.966946601867676,10.308633804321289,-0.6661767407629483,4.084490148804458,0.05798339999705828,18.756675358314183,7.95061672860515,2.7769679420702693
1209,6753,20071009090000,fall_2,39.499794,-75.006409,720,1220,2102,2602,-13.69979476928711,19.034658432006836,5.143500022301512,5.1134912274029345,-14.68251895904541,8.268556594848633,-1.0649940628865946,4.128680137015296,0.03662109227671594,20.603043002992592,7.930370759094683,2.809415715626074
1210,6754,20071009100000,fall_2,39.499794,-75.006409,720,1220,2102,2602,-15.32524585723877,19.40812110900879,4.73987674101074,5.270811683912005,-13.2643404006958,9.43007755279541,-1.4275523640622325,4.13611872363825,0.0946044925363851,20.203254326696506,7.833320470778301,2.834142123728814
1211,6755,20071009110000,fall_2,39.499794,-75.006409,720,1220,2102,2602,-14.778679847717285,17.28337860107422,4.205352259090545,5.394198115895621,-14.350724220275879,9.007588386535645,-1.6453017621807315,4.089756171178165,0.06408691517791341,17.95709238385813,7.639484594175992,2.8024559765038926
1212,6756,20071009120000,fall_2,39.499794,-75.006409,720,1220,2102,2602,-13.366004943847656,15.598130226135254,3.6206336674442543,5.408056835586227,-12.860392570495605,10.16015338897705,-1.7222185074888683,3.941747003499962,0.07324219144493818,16.132087812835874,7.312690584973931,2.7173570480033504
1213,6757,20071009130000,fall_2,39.499794,-75.006409,720,1220,2102,2602,-12.960312843322754,14.499515533447266,2.759589534134444,5.178134838524269,-11.896566390991211,10.230813980102539,-1.6755853715398306,3.649910338385459,0.06103515476066887,14.883880876061026,6.561242985763358,2.7400615139419
1214,6758,20071009140000,fall_2,39.499794,-75.006409,720,1220,2102,2602,-12.713932037353516,14.241244316101074,1.9083341232478124,4.947451494126213,-12.274681091308594,8.783056259155273,-1.6040190814496171,3.3637857303385545,0.03356933685730283,14.255196229882008,5.814175816302963,2.8639669416886124
1215,6759,20071009150000,fall_2,39.499794,-75.006409,720,1220,2102,2602,-12.979405403137207,14.449695587158203,1.6287367554500827,4.858440847009346,-12.10216236114502,8.262505531311035,-1.4781725859358157,3.1516846801598692,0.021362305236585086,14.496291763728141,5.607666528485456,2.632378678061614
1216,6760,20071009160000,fall_2,39.499794,-75.006409,720,1220,2102,2602,-12.136402130126953,13.120743751525879,1.4441446803811215,4.7868738514516185,-10.962456703186035,9.212328910827637,-1.3125453226172505,3.0016313291604995,0.06103515667604483,13.763847628991265,5.455943339532066,2.4423274275826086
1217,6761,20071009170000,fall_2,39.499794,-75.006409,720,1220,2102,2602,-11.880680084228516,15.013298034667969,1.2429397769013941,4.752296494596328,-10.085165977478027,8.480352401733398,-1.07500961545418,2.8824028987939165,0.018310546865845486,15.027313192632798,5.3320594640831915,2.272059699332658
1218,6762,20071009180000,fall_2,39.499794,-75.006409,720,1220,2102,2602,-11.371511459350586,24.790077209472656,1.0550215268874472,4.777929692989981,-13.061248779296875,8.756613731384277,-0.7664532770599127,2.8295443465112107,0.030517578064346854,24.793236239525424,5.302704750525477,2.10161288940072
1219,6763,20071009190000,fall_2,39.499794,-75.006409,720,1220,2102,2602,-10.585060119628906,22.094310760498047,0.8673943350524809,4.902749503638525,-14.087591171264648,11.704927444458008,-0.45027633704549225,2.880891026229779,0.036621093545323904,22.09539857204686,5.383594927338401,2.0756958281404208
1220,6764,20071009200000,fall_2,39.499794,-75.006409,720,1220,2102,2602,-13.974255561828613,25.122642517089844,0.6650559409330721,5.109774431263625,-14.366961479187012,13.361837387084961,-0.15827495870537148,3.0165383830367616,0.04882812246586919,25.153358507579814,5.569216613092676,2.158813386632952
1221,6765,20071009210000,fall_2,39.499794,-75.006409,720,1220,2102,2602,-13.237874984741211,23.35015106201172,0.40024386738758977,5.287572645303986,-15.3056058883667,15.527151107788086,0.13014725050125492,3.203456669457469,0.051879882833958356,25.76677558048141,5.751237747961076,2.3067199524607553
1222,6766,20071009220000,fall_2,39.499794,-75.006409,720,1220,2102,2602,-12.802968978881836,19.39934730529785,0.1403775511710326,5.331006207192008,-14.345975875854492,14.32828140258789,0.47293622215238995,3.317621579062017,0.033569335821553685,20.609144829540796,5.845030399062745,2.3463235676493217
1223,6767,20071009230000,fall_2,39.499794,-75.006409,720,1220,2102,2602,-11.772119522094727,20.763681411743164,0.1738506125967363,5.49210063068228,-13.667879104614258,14.362060546875,0.8113423700020221,3.4701984240495847,0.03356933563785668,21.170693210393086,6.081434655782399,2.4310696090664505
1224,6768,20071010000000,fall_2,39.499794,-75.006409,720,1220,2102,2602,-11.302238464355469,20.044200897216797,0.23908633881125274,5.51195502737123,-13.945209503173828,15.36389446258545,1.0530873956868219,3.589576352793878,0.024414062997654622,20.07507185021918,6.223346419698759,2.3880580598225083
1225,6769,20071010010000,fall_2,39.499794,-75.006409,720,1220,2102,2602,-11.41327953338623,17.459753036499023,0.3466605561775898,5.421310742303436,-15.119603157043457,15.324505805969238,1.1997386708074564,3.68790500638549,0.02136230537567971,18.18292983377097,6.242044048033219,2.363828678773287
1226,6770,20071010020000,fall_2,39.499794,-75.006409,720,1220,2102,2602,-10.369678497314453,17.789785385131836,0.4249295624499433,5.246270625422634,-14.591325759887695,15.232429504394531,1.2753269383864263,3.7286920266585035,0.054931641106282486,18.66817500021831,6.135433874370084,2.3643127565720174
1227,6771,20071010030000,fall_2,39.499794,-75.006409,720,1220,2102,2602,-10.47851848602295,18.149887084960938,0.46537386093995403,5.014495056489923,-15.495109558105469,15.683271408081055,1.3793779757829898,3.7901567649386645,0.03051757695422592,19.44334490940172,5.994510902164024,2.3865339823120455
1228,6772,20071010040000,fall_2,39.499794,-75.006409,720,1220,2102,2602,-9.907678604125977,18.670467376708984,0.4352131618221288,4.76364965404536,-15.0287504196167,14.602612495422363,1.5605709853307974,3.8588121754895197,0.021362304770191663,21.793266847602812,5.893407536252495,2.3399421660191697
1229,6773,20071010050000,fall_2,39.499794,-75.006409,720,1220,2102,2602,-10.101344108581543,19.680028915405273,0.4244802692342571,4.556370011897759,-15.304925918579102,15.223990440368652,1.7137569748435568,4.0042866172030465,0.030517578883947457,20.572524286430543,5.873083492629153,2.3278435846150995
1230,6774,20071010060000,fall_2,39.499794,-75.006409,720,1220,2102,2602,-9.020103454589844,19.861995697021484,0.4649208735115684,4.381981776698554,-16.975711822509766,15.849674224853516,1.8421919494583014,4.127232158271876,0.027465819459641314,20.313118343000372,5.860601783422046,2.344990173330757
1231,6775,20071010070000,fall_2,39.499794,-75.006409,720,1220,2102,2602,-8.842750549316406,19.255956649780273,0.5421348138337766,4.263869641223676,-18.535585403442383,13.965576171875,2.0085542602410418,4.194872553831404,0.030517578440753878,19.9560552362899,5.877448558767354,2.3582491115197106
1232,6776,20071010080000,fall_2,39.499794,-75.006409,720,1220,2102,2602,-8.811887741088867,18.48316764831543,0.6497636223167275,4.191803914091307,-17.150959014892578,12.34937572479248,2.1889339525657245,4.196784076119495,0.030517577806061864,19.421981593773403,5.905410699706917,2.350311834018964
1233,6777,20071010090000,fall_2,39.499794,-75.006409,720,1220,2102,2602,-9.770127296447754,18.59380340576172,0.7787710246911974,4.180122091587387,-16.473424911499023,12.384827613830566,2.361929801086642,4.13662115974607,0.03967285359826322,19.339575737622276,5.929698675487708,2.3683170463252847
1234,6778,20071010100000,fall_2,39.499794,-75.006409,720,1220,2102,2602,-10.56154727935791,17.72205352783203,0.915718014918641,4.215409332787907,-15.881709098815918,12.822626113891602,2.4901259418492887,4.0781478038947006,0.021362303602958013,18.512527155344532,5.959583867952693,2.433843085188921
1235,6779,20071010110000,fall_2,39.499794,-75.006409,720,1220,2102,2602,-10.380603790283203,17.148603439331055,1.072897324612937,4.291893970750757,-14.956668853759766,14.65683364868164,2.557531637062359,3.988609626024274,0.03967285266872683,18.420974049063464,5.988100847111473,2.482757659043574
1236,6780,20071010120000,fall_2,39.499794,-75.006409,720,1220,2102,2602,-13.007824897766113,18.268054962158203,1.2180734384047638,4.41150167451757,-17.478490829467773,18.326820373535156,2.576495874904851,3.9014919440251483,0.05493163795817973,18.442337192192287,6.028149531613963,2.542918310291491
1237,6781,20071010130000,fall_2,39.499794,-75.006409,720,1220,2102,2602,-12.029349327087402,17.454978942871094,1.173096110229688,4.2841934517191635,-13.068636894226074,15.859085083007812,2.4895798848052806,3.619816168345986,0.03967285098070045,19.925537153631577,5.699382989981848,2.5590190785809015
1238,6782,20071010140000,fall_2,39.499794,-75.006409,720,1220,2102,2602,-15.765583038330078,18.09532356262207,1.1122623427554812,4.111769635527622,-11.122815132141113,19.5561466217041,2.3939391191714527,3.3517272232491218,0.01831054805733493,22.531813753710576,5.265850939081742,2.7165439123083335
1239,6783,20071010150000,fall_2,39.499794,-75.006409,720,1220,2102,2602,-11.284939765930176,21.080184936523438,1.441689273952147,4.158016185836012,-8.916799545288086,17.866098403930664,2.362547063993726,3.2131077141049116,0.0030517578032348515,22.7210315481121,5.251527794220506,2.7739344265606407
1240,6784,20071010160000,fall_2,39.499794,-75.006409,720,1220,2102,2602,-9.895377159118652,21.601245880126953,1.7767840636168228,4.243615708517791,-11.568746566772461,17.337146759033203,2.3820031775575536,3.102589726442,0.021362304662029357,22.525710696328684,5.340575752095104,2.8184195349438657
1241,6785,20071010170000,fall_2,39.499794,-75.006409,720,1220,2102,2602,-10.051762580871582,27.31525993347168,2.0811149826226143,4.322973205435308,-9.899911880493164,17.315166473388672,2.4201299227374973,2.993750118607582,0.024414062929311694,29.151282161157745,5.4618989911182805,2.8295520727177594
1242,6786,20071010180000,fall_2,39.499794,-75.006409,720,1220,2102,2602,-10.1161527633667,25.062997817993164,2.393565642774969,4.347960251491331,-9.313238143920898,17.682025909423828,2.4357954314273855,2.92945491763368,0.02136230483639283,25.110626455447026,5.608915662162836,2.7728659231517856
1243,6787,20071010190000,fall_2,39.499794,-75.006409,720,1220,2102,2602,-10.12297248840332,19.81171417236328,2.6351598502981157,4.391840777675563,-8.304217338562012,16.793014526367188,2.396925838733567,2.95883622036289,0.018310546900889905,20.27649643242812,5.754441788945779,2.7601988707394898
1244,6788,20071010200000,fall_2,39.499794,-75.006409,720,1220,2102,2602,-9.408721923828125,21.099849700927734,2.784437942995797,4.497944583509637,-8.253244400024414,20.334575653076172,2.2508825312612393,3.0999380216797228,0.027465820717403326,24.927521236233698,5.905375360488799,2.790560856573949
1245,6789,20071010210000,fall_2,39.499794,-75.006409,720,1220,2102,2602,-9.529330253601074,20.312671661376953,2.8398010498734108,4.595027931193245,-11.372542381286621,15.797978401184082,1.9692214015768286,3.3349942005062236,0.01525878893205487,23.703728545768243,6.00977705350372,2.839251786003963
1246,6790,20071010220000,fall_2,39.499794,-75.006409,720,1220,2102,2602,-8.79895305633545,19.937978744506836,2.682401380943382,4.570999603499178,-15.754950523376465,16.71109390258789,1.5831137022649113,3.6815363568766317,0.039672852187020144,20.749534282326735,6.004863914004388,2.8444477248260123
1247,6791,20071010230000,fall_2,39.499794,-75.006409,720,1220,2102,2602,-10.236784934997559,19.141630172729492,2.742250632739515,4.825716894677297,-18.509784698486328,16.51388931274414,1.1037490382621655,4.2191703083214795,0.03967285078424272,21.26529653557141,6.336623093024126,3.1103616971943544
1248,6792,20071011000000,fall_2,39.499794,-75.006409,720,1220,2102,2602,-10.392507553100586,22.830713272094727,2.6387275358091027,4.859376130869219,-12.950284004211426,18.878704071044922,0.627741438648582,4.669236491323121,0.024414062461634814,22.830893982733524,6.4989968208850994,3.245810905971585
1249,6793,20071011010000,fall_2,39.499794,-75.006409,720,1220,2102,2602,-10.064702033996582,20.714757919311523,2.4620250856494423,4.776134258984946,-15.634949684143066,19.737171173095703,0.2017687205204675,5.023136385076882,0.033569334852711186,22.296821910238616,6.563293291817252,3.326983154070247
1250,6794,20071011020000,fall_2,39.499794,-75.006409,720,1220,2102,2602,-11.325387001037598,20.787078857421875,2.285458227284938,4.652901041386832,-17.833200454711914,21.960987091064453,-0.1984069374800413,5.2117380511024685,0.018310546732018644,23.987548947913634,6.56458057059428,3.3137091254255737
1251,6795,20071011030000,fall_2,39.499794,-75.006409,720,1220,2102,2602,-10.22175407409668,19.246240615844727,2.1153781838677017,4.605708111324998,-19.663311004638672,19.119651794433594,-0.5124296973355231,5.27514892179067,0.01831054672183432,25.705742585813432,6.559861586729935,3.2780128694430046
1252,6796,20071011040000,fall_2,39.499794,-75.006409,720,1220,2102,2602,-10.33052921295166,23.85004425048828,1.8938350161501896,4.524164637959725,-21.20693016052246,21.594390869140625,-0.7715083383825214,5.284909960151345,0.027465819312218635,26.75863023203771,6.491445062334961,3.2313025462728695
1253,6797,20071011050000,fall_2,39.499794,-75.006409,720,1220,2102,2602,-10.993093490600586,27.40117645263672,1.6932616781498337,4.433239771670992,-21.89089584350586,17.638240814208984,-0.9645650968034365,5.288213868011488,0.030517577834319354,28.26929394684055,6.3963819486297595,3.2407776367501775
1254,6798,20071011060000,fall_2,39.499794,-75.006409,720,1220,2102,2602,-10.564475059509277,27.873327255249023,1.5365631142177978,4.419138774630025,-22.106388092041016,19.903852462768555,-1.0846175114995997,5.306467184727034,0.0427246111043205,28.559220326693794,6.3759203586770745,3.251529243610904
1255,6799,20071011070000,fall_2,39.499794,-75.006409,720,1220,2102,2602,-10.435604095458984,25.87845230102539,1.4040187876449945,4.494860887290173,-22.15664291381836,18.025188446044922,-1.181565136679458,5.360867603668155,0.036621092756294896,27.457505786451964,6.444476118606478,3.28310346244784
1256,6800,20071011080000,fall_2,39.499794,-75.006409,720,1220,2102,2602,-10.721713066101074,28.654739379882812,1.301133978141157,4.603414465043532,-22.273887634277344,19.95343589782715,-1.1861958802484076,5.377982165514728,0.04882812596773191,31.107513797180125,6.531383125724819,3.248870829989298
1257,6801,20071011090000,fall_2,39.499794,-75.006409,720,1220,2102,2602,-10.730344772338867,26.382369995117188,1.2240117002373985,4.686175474901426,-21.296463012695312,18.376750946044922,-1.1132396762273689,5.469062099668891,0.030517578417224973,26.630454527886155,6.681062194226099,3.157815068608342
1258,6802,20071011100000,fall_2,39.499794,-75.006409,720,1220,2102,2602,-11.499823570251465,23.063875198364258,1.2190139710485806,4.81009151542849,-21.33765983581543,19.79905128479004,-1.0073341502707926,5.603294699473318,0.04272460865067858,28.15637824377155,6.865720767147511,3.1458683022999763
1259,6803,20071011110000,fall_2,39.499794,-75.006409,720,1220,2102,2602,-11.987479209899902,23.289241790771484,1.2578721804571131,4.939078609331449,-20.68933868408203,19.961864471435547,-0.9006158631122243,5.710921779156391,0.05187988482893772,26.64266172305599,7.038790966750305,3.139728994427686
1260,6804,20071011120000,fall_2,39.499794,-75.006409,720,1220,2102,2602,-12.243860244750977,19.989614486694336,1.3019858681520886,5.040145197745944,-19.57073974609375,19.744644165039062,-0.8184183236166549,5.78993388613797,0.03967284984670117,26.91122492131293,7.189526476941117,3.0987227708964418
1261,6805,20071011130000,fall_2,39.499794,-75.006409,720,1220,2102,2602,-13.626982688903809,18.930273056030273,1.1773234812313211,4.93092298761133,-19.145427703857422,16.673494338989258,-0.5628351525161215,5.617025037503527,0.04577636725237217,24.829855590105034,6.95103845829794,3.04153088449301
1262,6806,20071011140000,fall_2,39.499794,-75.006409,720,1220,2102,2602,-13.587352752685547,18.768728256225586,1.3141349892807426,5.086314259002332,-18.534181594848633,14.914994239807129,-0.5328637016279621,5.652588948732904,0.05493164079541348,25.321204945493985,7.075818841031368,3.125065885407519
1263,6807,20071011150000,fall_2,39.499794,-75.006409,720,1220,2102,2602,-15.399755477905273,17.828439712524414,1.5557995259890944,5.284874235333963,-17.367921829223633,15.877738952636719,-0.47221777153752104,5.714514596887082,0.07629394251395166,23.422958932652588,7.3035412018147765,3.144417348818379
1264,6808,20071011160000,fall_2,39.499794,-75.006409,720,1220,2102,2602,-17.409305572509766,18.77054214477539,1.8059832135142568,5.4767666903915835,-16.915000915527344,19.36092185974121,-0.4940119005371778,5.7562144279138465,0.07324219092907244,22.785118689006726,7.530731848085429,3.150028393317397
1265,6809,20071011170000,fall_2,39.499794,-75.006409,720,1220,2102,2602,-20.47917938232422,20.699462890625,2.0468564894023498,5.651292676733725,-15.899296760559082,20.990869522094727,-0.5472410195763189,5.746173127475646,0.07019042913781606,24.503311227661452,7.723378371345242,3.129558320878433
1266,6810,20071011180000,fall_2,39.499794,-75.006409,720,1220,2102,2602,-14.740761756896973,20.71949005126953,2.334748365290532,5.832105477344319,-15.791766166687012,19.557373046875,-0.6257973252386835,5.766228924364913,0.10681152186194479,24.875640389044502,7.966736974331274,3.1042913056570294
1267,6811,20071011190000,fall_2,39.499794,-75.006409,720,1220,2102,2602,-15.007946968078613,20.219554901123047,2.6224677862984884,6.005252987075741,-15.577408790588379,19.588659286499023,-0.7546099500497345,5.736269390179128,0.03356933708455546,23.300879831954475,8.208851631785313,3.0048923956959097
1268,6812,20071011200000,fall_2,39.499794,-75.006409,720,1220,2102,2602,-17.50008773803711,20.12480354309082,2.9135036528551033,6.176088385719508,-15.89796257019043,21.760509490966797,-0.9580936334290693,5.716611093466131,0.07629394220285643,24.74135573710242,8.491673287740582,2.8498494455058156
1269,6813,20071011210000,fall_2,39.499794,-75.006409,720,1220,2102,2602,-18.001815795898438,19.408605575561523,3.219499904460783,6.325263810467731,-15.884110450744629,18.10533905029297,-1.1911226933544758,5.7366672463806,0.1861648662537304,21.961120709718216,8.802736552226447,2.6859068236355883
1270,6814,20071011220000,fall_2,39.499794,-75.006409,720,1220,2102,2602,-20.41282844543457,19.751554489135742,3.419986148253934,6.376006708580951,-15.951498985290527,19.9105224609375,-1.3438244077885306,5.677162177812942,0.2563552907121113,26.349677454312534,8.922042201479718,2.6044124460789675
1271,6815,20071011230000,fall_2,39.499794,-75.006409,720,1220,2102,2602,-21.57653045654297,21.956066131591797,3.9926616519237523,6.655299017031623,-17.831398010253906,20.83331871032715,-1.7180274802460187,5.726678823054953,0.20142364547909694,24.118774189174886,9.460536614231955,2.545401306067021
1272,6816,20071012000000,fall_2,39.499794,-75.006409,720,1220,2102,2602,-21.126123428344727,22.24652099609375,4.388395074902636,6.794105528474742,-18.870569229125977,19.048938751220703,-2.0473287629454777,5.73451862200969,0.0915527351427185,26.041443483138185,9.808840904833412,2.506148490993182
1273,6817,20071012010000,fall_2,39.499794,-75.006409,720,1220,2102,2602,-21.077974319458008,22.308935165405273,4.644285375910751,6.8510442258258015,-19.37317657470703,20.846782684326172,-2.268001882326277,5.701935454160992,0.2533035288612728,25.80644845179093,10.000494545478682,2.4803634702648525
1274,6818,20071012020000,fall_2,39.499794,-75.006409,720,1220,2102,2602,-21.735532760620117,20.973960876464844,4.851513937331827,6.7511634924673,-20.059900283813477,18.790496826171875,-2.413078656150294,5.659940925665238,0.2288894632335187,24.98855703290302,10.061116641331036,2.3973334766920344
1275,6819,20071012030000,fall_2,39.499794,-75.006409,720,1220,2102,2602,-21.22358512878418,20.74541664123535,5.05479025531736,6.604132676631143,-21.07016372680664,17.516937255859375,-2.446451435756623,5.658811039797711,0.14954376277632975,24.69557822548164,10.072317297689333,2.39189552491719
1276,6820,20071012040000,fall_2,39.499794,-75.006409,720,1220,2102,2602,-19.592443466186523,21.8809757232666,5.2867592181410235,6.476840338500469,-22.280704498291016,16.781883239746094,-2.424060648419787,5.686966011362883,0.20752715840435654,24.219490063569843,10.116795436781688,2.401538326355254
1277,6821,20071012050000,fall_2,39.499794,-75.006409,720,1220,2102,2602,-19.85194206237793,21.438016891479492,5.5692504407873695,6.315387068587366,-22.434574127197266,14.48209285736084,-2.3176355745402577,5.78215987825749,0.17090606862226163,24.320199035963157,10.184972198442232,2.44372934862985
1278,6822,20071012060000,fall_2,39.499794,-75.006409,720,1220,2102,2602,-19.787185668945312,20.784549713134766,5.906497890376415,6.153697955635275,-23.761449813842773,15.1072998046875,-2.1500764520610827,5.899955520340122,0.3112869136766016,24.729150178470956,10.283467786233691,2.537185456249546
1279,6823,20071012070000,fall_2,39.499794,-75.006409,720,1220,2102,2602,-18.0333251953125,21.238216400146484,6.295097685825882,6.018089870219585,-23.030418395996094,13.454461097717285,-2.024627536584356,6.00080386209872,0.20752716613329697,24.97940094425023,10.426008201152133,2.693098067823184
1280,6824,20071012080000,fall_2,39.499794,-75.006409,720,1220,2102,2602,-17.301307678222656,21.352142333984375,6.740033574506918,5.825513691198603,-22.514734268188477,13.261346817016602,-1.9732531874677781,6.035489529435555,0.16785430578046565,24.863425733025693,10.557778837371494,2.8668502532834657
1281,6825,20071012090000,fall_2,39.499794,-75.006409,720,1220,2102,2602,-17.296907424926758,21.022994995117188,7.1482995273704395,5.5619792796084155,-21.821414947509766,14.125900268554688,-2.00720172487749,6.059248533409187,0.21668244322330021,24.99771209177692,10.645999748869583,3.072432349269728
1282,6826,20071012100000,fall_2,39.499794,-75.006409,720,1220,2102,2602,-16.22711181640625,20.309112548828125,7.517451872522932,5.220412850558947,-20.663314819335938,14.353413581848145,-2.128560862946453,6.011655276375742,0.17700958034006503,23.59080495744095,10.670801575087756,3.251085547986682
1283,6827,20071012110000,fall_2,39.499794,-75.006409,720,1220,2102,2602,-14.866861343383789,21.723915100097656,7.838907411562527,4.819846165670558,-20.305156707763672,14.738357543945312,-2.3571197823705923,5.915184939907217,0.04882812524911149,23.895996000194433,10.657305192892052,3.4127201811873054
1284,6828,20071012120000,fall_2,39.499794,-75.006409,720,1220,2102,2602,-14.681716918945312,21.1710205078125,8.043568078260355,4.441828679820908,-19.448673248291016,16.838130950927734,-2.626893415549346,5.787029616846997,0.09460448859430882,23.709831470105115,10.608537929655768,3.5040024612525973
1285,6829,20071012130000,fall_2,39.499794,-75.006409,720,1220,2102,2602,-12.723367691040039,20.016496658325195,7.7284225116041645,4.288869318079156,-20.761089324951172,15.6122465133667,-2.7858942016159265,5.487165223512176,0.1251297034946753,24.34156085122415,10.05952476735282,3.846955249696132
1286,6830,20071012140000,fall_2,39.499794,-75.006409,720,1220,2102,2602,-9.429445266723633,20.154830932617188,7.619153737998215,4.22597219011375,-22.78990364074707,15.254337310791016,-3.1351958058342646,5.296849014978547,0.0549316405387487,24.67421729348219,9.879710060458242,4.023398561483452
1287,6831,20071012150000,fall_2,39.499794,-75.006409,720,1220,2102,2602,-7.8583550453186035,21.26825523376465,7.653511759032874,4.030393561751336,-21.091718673706055,14.101881980895996,-3.4701581165671422,4.986236654734102,0.0732421932035969,23.91735789335248,9.864811514548405,3.796098210226523
1288,6832,20071012160000,fall_2,39.499794,-75.006409,720,1220,2102,2602,-5.462740898132324,21.601028442382812,7.701249584885493,3.836600935915816,-18.368806838989258,13.204864501953125,-3.611352601009864,4.662705313995483,0.030517579304985068,22.99264477711741,9.786019433135236,3.611822811054142
1289,6833,20071012170000,fall_2,39.499794,-75.006409,720,1220,2102,2602,-3.747847318649292,21.548828125,7.761223332246976,3.6391916276066367,-16.84461784362793,11.992511749267578,-3.6867367813450875,4.334536359046006,0.04272460952627885,21.97332822504681,9.697716491791653,3.437270967366964
1290,6834,20071012180000,fall_2,39.499794,-75.006409,720,1220,2102,2602,-4.085509777069092,20.756620407104492,7.842656087479975,3.4594878712637946,-16.496868133544922,12.98116397857666,-3.733933459513589,4.001363661664766,0.10375976914905158,22.055725165035902,9.616908853264336,3.308102957720702
1291,6835,20071012190000,fall_2,39.499794,-75.006409,720,1220,2102,2602,-3.2443630695343018,19.174158096313477,7.910325391326595,3.3364020389106206,-15.492927551269531,11.874107360839844,-3.803682251924526,3.7058683515928013,0.2075271689523292,21.2164679254605,9.562451759629813,3.2350891208139325
1292,6836,20071012200000,fall_2,39.499794,-75.006409,720,1220,2102,2602,-2.3769326210021973,17.734092712402344,7.918229386525083,3.2160403527834687,-15.895315170288086,11.421270370483398,-3.8995538746750626,3.4116941950950217,0.1495437651329033,21.68340380155395,9.477730397915806,3.1717623453093133
1293,6837,20071012210000,fall_2,39.499794,-75.006409,720,1220,2102,2602,-2.244155168533325,17.894508361816406,7.824009420997913,3.113873712126701,-14.820809364318848,11.499133110046387,-4.020395459258201,3.089381293781283,0.11291503938879727,22.30597725419848,9.329113243829779,3.0962615241492943
1294,6838,20071012220000,fall_2,39.499794,-75.006409,720,1220,2102,2602,-5.129086017608643,18.993907928466797,7.462395195096738,3.200395830427956,-14.76016902923584,10.178827285766602,-4.057975893693583,2.793623908596934,0.11291503598378198,22.861412353123423,8.967263008273743,3.1288292628635883
1295,6839,20071012230000,fall_2,39.499794,-75.006409,720,1220,2102,2602,-4.082404136657715,21.44044303894043,7.51137225069401,3.259094704953577,-17.058732986450195,8.467765808105469,-4.5628997605881,2.748372993982474,0.06408691185584926,25.110625763654568,9.259521252745587,3.1108336332135056
1296,6840,20071013000000,fall_2,39.499794,-75.006409,720,1220,2102,2602,-3.7832586765289307,21.455949783325195,7.2292961650234915,3.3041543674802885,-17.171710968017578,7.93925142288208,-4.904794100111708,2.7006947988794936,0.042724607952745325,24.863426977998007,9.208084689749393,3.1212326144250437
1297,6841,20071013010000,fall_2,39.499794,-75.006409,720,1220,2102,2602,-5.413435459136963,20.868379592895508,6.8026114652036656,3.310119588410086,-17.398283004760742,7.922123432159424,-5.119423594446214,2.6383120966478595,0.05493164011935874,24.27136961239308,8.992687764697347,3.087583174823013
1298,6842,20071013020000,fall_2,39.499794,-75.006409,720,1220,2102,2602,-5.3694353103637695,21.630842208862305,6.325791126272388,3.307878721655407,-17.049421310424805,8.23092269897461,-5.164467578494036,2.6052979711101707,0.09460449317854762,24.732201444079813,8.665166738853182,3.0548131343613107
1299,6843,20071013030000,fall_2,39.499794,-75.006409,720,1220,2102,2602,-5.6616291999816895,22.466890335083008,5.870602807155055,3.2853771306964,-15.964229583740234,5.124495029449463,-5.013516556409517,2.629128659525606,0.04272460745808692,24.976348916419894,8.262444591562897,3.0062194449780257
1300,6844,20071013040000,fall_2,39.499794,-75.006409,720,1220,2102,2602,-4.489438056945801,22.26593017578125,5.472578572773368,3.24877005479093,-15.289854049682617,4.726186752319336,-4.71154884893945,2.674833751356843,0.06713867068022543,24.304939013216202,7.818732980651998,2.953720676484077
1301,6845,20071013050000,fall_2,39.499794,-75.006409,720,1220,2102,2602,-5.003065586090088,22.147951126098633,5.155303822782874,3.184036459288481,-13.964776039123535,5.462414741516113,-4.344283928476761,2.701322425008417,0.05493164215936769,23.783073573832578,7.399580303691166,2.8515614500793482
1302,6846,20071013060000,fall_2,39.499794,-75.006409,720,1220,2102,2602,-5.351332664489746,21.61799430847168,4.961411562913909,3.133792363774837,-13.334053993225098,5.634336471557617,-3.9003665172062854,2.765852160898575,0.04577636808821227,23.06283612572694,7.05612220073626,2.7404736650143917
1303,6847,20071013070000,fall_2,39.499794,-75.006409,720,1220,2102,2602,-5.073672294616699,20.432945251464844,4.877962309016161,3.1030778919350515,-12.949641227722168,6.270470142364502,-3.454312113123388,2.8515569171443773,0.05493164243390454,21.99163811443034,6.820546698528361,2.6395833859488405
1304,6848,20071013080000,fall_2,39.499794,-75.006409,720,1220,2102,2602,-5.44141960144043,18.953901290893555,4.877566099905086,3.0866577568248474,-12.706982612609863,6.713730335235596,-3.041228440920111,2.937449001428391,0.04577636648933942,20.02319420867318,6.679530135660764,2.5650850666915566
1305,6849,20071013090000,fall_2,39.499794,-75.006409,720,1220,2102,2602,-5.548690319061279,17.46988296508789,4.942396777832822,3.0758660377260827,-11.5078763961792,6.877895355224609,-2.6905153728872033,2.9898520834277442,0.03662109353753991,18.62850202123447,6.6070410583124115,2.5324562578379535
1306,6850,20071013100000,fall_2,39.499794,-75.006409,720,1220,2102,2602,-5.9527435302734375,16.510465621948242,5.01802611118194,3.0618317620068765,-10.681408882141113,8.663185119628906,-2.3803712337882788,3.0738379192575955,0.07934570564054075,18.198188539280167,6.571833240858411,2.5457915095700394
1307,6851,20071013110000,fall_2,39.499794,-75.006409,720,1220,2102,2602,-5.895350933074951,16.170202255249023,5.110050230525962,3.0559503069088207,-10.302518844604492,8.327723503112793,-2.110663726255266,3.1638040073561746,0.0457763689950989,17.87774653371919,6.572471491775546,2.5920303410425265
1308,6852,20071013120000,fall_2,39.499794,-75.006409,720,1220,2102,2602,-5.979051113128662,17.20566177368164,5.159429881634359,3.0641344963697716,-10.517698287963867,8.770177841186523,-1.8625027742855558,3.270504381051139,0.042724610530383074,17.2399057395351,6.578789127186293,2.6255068131803148
1309,6853,20071013130000,fall_2,39.499794,-75.006409,720,1220,2102,2602,-5.183202743530273,16.979164123535156,4.832145458280903,2.9084593124705673,-10.464479446411133,9.078638076782227,-1.6131418673224083,3.029983154815005,0.057983399251205756,17.09646584207561,6.069430708119988,2.5988075696716613
1310,6854,20071013140000,fall_2,39.499794,-75.006409,720,1220,2102,2602,-4.410654544830322,16.28581428527832,4.624626902834687,2.9332569122432726,-9.91168212890625,10.570245742797852,-1.4239131019781956,2.740765518194405,0.018310547058584464,16.290778921382262,5.645339351867849,2.76778573115879
1311,6855,20071013150000,fall_2,39.499794,-75.006409,720,1220,2102,2602,-3.0521492958068848,16.12517547607422,5.0091921764055325,3.015385194093243,-8.484374046325684,10.264089584350586,-1.3719233334050704,2.6058719993514496,0.00915527315541672,16.46473749994367,5.933299847754501,2.766450714417437
1312,6856,20071013160000,fall_2,39.499794,-75.006409,720,1220,2102,2602,-3.3697996139526367,17.383203506469727,5.378798685015241,3.0132161750401134,-7.897579669952393,9.439374923706055,-1.2337156620866607,2.4880113516153832,0.021362304533106904,18.21955160614342,6.165851851603284,2.775873335757657
1313,6857,20071013170000,fall_2,39.499794,-75.006409,720,1220,2102,2602,-4.133157730102539,18.561067581176758,5.598984621795803,2.9536956530642007,-8.188067436218262,10.967123985290527,-1.0194619829554616,2.424174962235208,0.0427246084977394,19.757683024884738,6.280984855243724,2.745560605132361
1314,6858,20071013180000,fall_2,39.499794,-75.006409,720,1220,2102,2602,-4.151251792907715,18.60068130493164,5.763693466588538,2.962250326033635,-8.420465469360352,10.324625968933105,-0.8120096510676765,2.3834520926438816,0.06103515427066091,20.352791987293816,6.392196404185642,2.7340662121743664
1315,6859,20071013190000,fall_2,39.499794,-75.006409,720,1220,2102,2602,-4.778905391693115,18.0428409576416,5.875928935388333,3.010445435134533,-8.327581405639648,11.023180961608887,-0.6498286648955439,2.2976317611816888,0.06408691532158865,19.528794261453143,6.456852568383213,2.7567673977922276
1316,6860,20071013200000,fall_2,39.499794,-75.006409,720,1220,2102,2602,-4.530290126800537,19.538982391357422,5.973573688851323,3.0578258064570414,-8.057867050170898,9.83771800994873,-0.5316440991560947,2.202811007992697,0.06713867183755218,20.053711631204916,6.514166800404349,2.7811030114655084
1317,6861,20071013210000,fall_2,39.499794,-75.006409,720,1220,2102,2602,-4.347471237182617,20.50857925415039,5.99594328751172,3.0588430197138954,-7.787936210632324,10.675944328308105,-0.4895584379991487,2.1016954845169846,0.024414061741368856,21.539961780302775,6.503377697436443,2.7696076300896455
1318,6862,20071013220000,fall_2,39.499794,-75.006409,720,1220,2102,2602,-4.211730480194092,21.136737823486328,5.844625124612331,3.014726888649465,-9.51418685913086,9.727521896362305,-0.44546006248415804,2.1658800085983243,0.05798339689279518,21.393479731209204,6.390349908866525,2.702058471158543
1319,6863,20071013230000,fall_2,39.499794,-75.006409,720,1220,2102,2602,-5.375661849975586,22.33964729309082,6.1228485551972645,3.2176733823289685,-9.18728256225586,10.05655574798584,-0.5140592478377531,2.359194826979896,0.042724608808947975,22.391433848742604,6.725293825136579,2.905714461667835
1320,6864,20071014000000,fall_2,39.499794,-75.006409,720,1220,2102,2602,-4.564842700958252,20.043903350830078,6.1816140776352535,3.279182640125294,-9.51914119720459,8.128750801086426,-0.726717270176172,2.473239456433229,0.036621092653671625,20.337531824994056,6.813857147803225,3.0301441485643528
1321,6865,20071014010000,fall_2,39.499794,-75.006409,720,1220,2102,2602,-4.073469161987305,18.357566833496094,6.090270017527588,3.296967767423733,-11.941571235656738,8.535843849182129,-0.9652410675489626,2.534543959624224,0.039672851228158466,18.964202664428623,6.774293594246875,3.070168569724304
1322,6866,20071014020000,fall_2,39.499794,-75.006409,720,1220,2102,2602,-3.5563039779663086,17.402450561523438,5.955362696525177,3.292588178948905,-12.226531028747559,8.788187980651855,-1.235337042121002,2.5310548019908348,0.027465818796538543,17.905211692535612,6.698654588614881,3.060686930096515
1323,6867,20071014030000,fall_2,39.499794,-75.006409,720,1220,2102,2602,-3.138046979904175,18.66853904724121,5.805794999185071,3.2753272030138403,-11.72507095336914,8.04928970336914,-1.486685911411258,2.4852909069097526,0.036621094330149234,18.683433232776675,6.61028500504664,3.0209372556505416
1324,6868,20071014040000,fall_2,39.499794,-75.006409,720,1220,2102,2602,-4.186831474304199,18.82218360900879,5.637050944663683,3.2664110479502764,-11.63544750213623,7.606939792633057,-1.715335558852987,2.416756617247691,0.03662109440292174,19.119842083972397,6.5115688013531825,2.971253078858348
1325,6869,20071014050000,fall_2,39.499794,-75.006409,720,1220,2102,2602,-4.372229099273682,17.959579467773438,5.453376982823316,3.248741743228452,-11.759220123291016,6.882696151733398,-1.9386927165430767,2.3855629946575982,0.009155273945147474,18.723105301867996,6.430266172223414,2.897371332086781
1326,6870,20071014060000,fall_2,39.499794,-75.006409,720,1220,2102,2602,-5.529023170471191,18.354511260986328,5.307164361270146,3.216180746045192,-11.3108491897583,6.600733757019043,-2.1156720089484193,2.3550456359082372,0.01831054739753971,19.421983002447842,6.3711373722202005,2.8179298660053798
1327,6871,20071014070000,fall_2,39.499794,-75.006409,720,1220,2102,2602,-5.899426460266113,19.218482971191406,5.199157688599389,3.1948985405777335,-12.195791244506836,6.292119979858398,-2.2576033641076947,2.3555181594592316,0.02136230415429484,19.251076181036034,6.354986537516448,2.7382480188370746
1328,6872,20071014080000,fall_2,39.499794,-75.006409,720,1220,2102,2602,-6.928225994110107,16.79398536682129,5.122716085561183,3.169485532042296,-11.552009582519531,6.093153953552246,-2.3823651686443883,2.371995923621593,0.02441406140885831,18.823815222469573,6.368142912988615,2.65266713503467
1329,6873,20071014090000,fall_2,39.499794,-75.006409,720,1220,2102,2602,-5.529656887054443,18.073598861694336,5.0573972525768465,3.1498154903894755,-12.178101539611816,6.745800018310547,-2.499576132665506,2.3696282967994033,0.033569335603566876,18.10967991498404,6.375563514058221,2.5911027729641294
1330,6874,20071014100000,fall_2,39.499794,-75.006409,720,1220,2102,2602,-5.4522504806518555,16.95037078857422,4.966558571394332,3.153625436826119,-12.252636909484863,6.51606559753418,-2.6327998537871653,2.340118767023049,0.036621092061974315,18.836020486465642,6.372148598185868,2.5328976677711057
1331,6875,20071014110000,fall_2,39.499794,-75.006409,720,1220,2102,2602,-4.5188212394714355,17.942840576171875,4.898279926997227,3.159910555771577,-12.208889961242676,6.560769557952881,-2.7418991859616746,2.3145058565191543,0.009155272795480281,19.031341273239924,6.381532901955106,2.4757155108783784
1332,6876,20071014120000,fall_2,39.499794,-75.006409,720,1220,2102,2602,-5.199087142944336,18.410995483398438,4.818953739636237,3.184001658340356,-12.596378326416016,6.256443977355957,-2.855004796223849,2.2969446775732596,0.03051757806046874,19.553207795659798,6.38755564025328,2.4466961164047376
1333,6877,20071014130000,fall_2,39.499794,-75.006409,720,1220,2102,2602,-4.5790324211120605,18.259357452392578,4.421421979102519,2.9834040275756464,-12.856210708618164,5.895837306976318,-2.800506835645606,2.1135637060679886,0.03967285177204818,19.019134936870387,5.942166824012036,2.3345910607131497
1334,6878,20071014140000,fall_2,39.499794,-75.006409,720,1220,2102,2602,-3.805785655975342,17.153478622436523,4.175947689650159,2.983364783463159,-12.473742485046387,5.789914608001709,-2.715511154483488,1.9070440906913921,0.027465820700713264,18.54609736196235,5.520005987877891,2.622852726643284
1335,6879,20071014150000,fall_2,39.499794,-75.006409,720,1220,2102,2602,-3.657273054122925,18.474512100219727,4.3579235238972975,3.0435038468459386,-11.490880012512207,3.143507480621338,-3.0440370046700087,1.6975215046036454,0.036621092657634746,20.416885137077507,5.8399090113243455,2.509505208153264
1336,6880,20071014160000,fall_2,39.499794,-75.006409,720,1220,2102,2602,-4.28193998336792,18.03510284423828,4.5352526284153125,3.0815612726957586,-11.62801456451416,2.8431267738342285,-3.305151829091029,1.5586591908090874,0.027465819776525926,19.840080286828698,6.1323175139794674,2.410946966464506
1337,6881,20071014170000,fall_2,39.499794,-75.006409,720,1220,2102,2602,-5.321979999542236,17.206981658935547,4.663507524134961,3.055932699555632,-11.181354522705078,3.4544718265533447,-3.44042890463526,1.5042886920181668,0.015258788971735583,18.930632847201064,6.282369656299409,2.391295487861908
1338,6882,20071014180000,fall_2,39.499794,-75.006409,720,1220,2102,2602,-5.817935466766357,17.354549407958984,4.7402599630655295,3.040475629265939,-11.76252269744873,3.614253520965576,-3.5141290816720376,1.521940023069087,0.030517578070218463,18.643761067615888,6.370907863435726,2.4065523475893116
1339,6883,20071014190000,fall_2,39.499794,-75.006409,720,1220,2102,2602,-7.225937843322754,14.084308624267578,4.765638566624061,3.0439658922471877,-12.098784446716309,3.965533494949341,-3.577321584898347,1.555846363776092,0.03662109215071914,16.281623436045923,6.426378244807894,2.4282894359967835
1340,6884,20071014200000,fall_2,39.499794,-75.006409,720,1220,2102,2602,-6.929157257080078,14.177422523498535,4.7161621059499925,3.0650712558868616,-10.807244300842285,5.254549980163574,-3.6437250286071654,1.6276166058440442,0.03662109437264624,15.372169511781319,6.43929249065447,2.469458833991983
1341,6885,20071014210000,fall_2,39.499794,-75.006409,720,1220,2102,2602,-6.440842151641846,13.512701988220215,4.553516701381016,3.0844106038284487,-11.392407417297363,5.20149040222168,-3.730580239523099,1.707597921302113,0.02136230387468408,15.189064441320994,6.3909581093652115,2.497374051170504
1342,6886,20071014220000,fall_2,39.499794,-75.006409,720,1220,2102,2602,-6.242150783538818,14.920116424560547,4.223448498353657,3.2041175879051145,-11.013117790222168,4.783935546875,-3.87528677023783,1.894427038270962,0.024414062276427798,16.00390702438629,6.357292655274881,2.509067194291362
1343,6887,20071014230000,fall_2,39.499794,-75.006409,720,1220,2102,2602,-7.690873146057129,17.02726936340332,3.978858020806863,3.4135677066994106,-10.893784523010254,5.525171279907227,-4.228162030226311,2.111336681191569,0.012207031611461895,18.14020500030933,6.571691495293043,2.5752132462857866
