sample_idx,wtk_time_index,timestamp,season,center_lat,center_lon,row_start,row_end,col_start,col_end,u_min,u_max,u_mean,u_std,v_min,v_max,v_mean,v_std,speed_min,speed_max,speed_mean,speed_std
0,336,20070115000000,winter,39.499794,-75.006409,720,1220,2102,2602,-7.587817192077637,17.920730590820312,2.937103351493828,4.011041612447315,-9.124238014221191,10.486748695373535,1.6829047999435522,4.803696386323648,0.021362304729929248,18.04864508406785,6.446256035749868,3.011391966076578
1,337,20070115010000,winter,39.499794,-75.006409,720,1220,2102,2602,-7.944179534912109,17.438989639282227,2.7893768880144165,4.193446125663404,-10.337348937988281,10.362006187438965,1.5476851307847272,4.853275267421246,0.06103515689244523,17.447433236066153,6.517934911699923,2.9718257695377486
2,338,20070115020000,winter,39.499794,-75.006409,720,1220,2102,2602,-8.764630317687988,17.51393699645996,2.590208528951567,4.3719551360408815,-11.20511531829834,10.201316833496094,1.444962693466234,4.861008519069368,0.061035159012523814,17.53898562707927,6.555896703455095,2.925869333481667
3,339,20070115030000,winter,39.499794,-75.006409,720,1220,2102,2602,-9.3219575881958,15.408759117126465,2.36399716907767,4.5309165993431995,-11.422816276550293,10.324049949645996,1.4148500349015505,4.851246563777214,0.10375976739643782,15.683463763920955,6.576100186299039,2.899825517025097
4,340,20070115040000,winter,39.499794,-75.006409,720,1220,2102,2602,-10.181527137756348,14.439441680908203,2.0921871469565336,4.690342781602253,-12.22607707977295,10.72026538848877,1.4596390571057547,4.882825997945202,0.07019043052847702,15.057830808264846,6.6371137074648,2.880593689543783
5,341,20070115050000,winter,39.499794,-75.006409,720,1220,2102,2602,-10.170186996459961,14.480440139770508,1.7561335750833171,4.858020869266325,-12.474424362182617,12.203892707824707,1.576704500100547,4.968159418139102,0.030517576437370807,15.83300031454431,6.762380381427398,2.8501207976732283
6,342,20070115060000,winter,39.499794,-75.006409,720,1220,2102,2602,-11.204171180725098,15.367609977722168,1.4201249709954165,5.0361676248637055,-11.941239356994629,12.56005859375,1.762506042767093,5.083420339790335,0.05187988114986692,17.651908570065217,6.944176020317497,2.8470596375211628
7,343,20070115070000,winter,39.499794,-75.006409,720,1220,2102,2602,-11.49911880493164,16.051132202148438,1.1009310582807241,5.25403579049558,-11.553403854370117,13.00851821899414,2.0484026280836742,5.169417309811414,0.04272460926304932,18.14020531289819,7.172266189247395,2.8799943824931784
8,344,20070115080000,winter,39.499794,-75.006409,720,1220,2102,2602,-12.392568588256836,16.79076385498047,0.8472384874184061,5.465317763227848,-9.839628219604492,14.459892272949219,2.4337806162373172,5.192702665070575,0.06408691276454212,18.433183143344266,7.419533970346628,2.902667053985494
9,345,20070115090000,winter,39.499794,-75.006409,720,1220,2102,2602,-13.727575302124023,20.481801986694336,0.6330577922185352,5.691488543927534,-9.478883743286133,14.191424369812012,2.889742595939999,5.178630579104268,0.048828122537391404,21.768852146656293,7.712294636052597,2.9125834591106834
10,346,20070115100000,winter,39.499794,-75.006409,720,1220,2102,2602,-14.398106575012207,21.42913818359375,0.5465256410867665,5.8952671635710665,-9.223332405090332,14.731834411621094,3.4307810950634674,5.114137154295147,0.09460449775323305,22.125921956246536,8.029763809938867,2.9155473102022476
11,347,20070115110000,winter,39.499794,-75.006409,720,1220,2102,2602,-15.108221054077148,22.188953399658203,0.6397889114718806,6.069503117301766,-8.759028434753418,15.647263526916504,4.02334698997193,5.045546698518568,0.027465819901661127,22.68746203911292,8.399754292844928,2.8874189600158866
12,348,20070115120000,winter,39.499794,-75.006409,720,1220,2102,2602,-15.285441398620605,22.4608154296875,0.8832547676942486,6.203178098079421,-9.319954872131348,16.746206283569336,4.585242300551387,5.006189344642935,0.13733672602725724,23.468736035873686,8.782775687318395,2.86509815478946
13,349,20070115130000,winter,39.499794,-75.006409,720,1220,2102,2602,-15.780037879943848,25.301525115966797,1.2465109526749356,6.263289992120333,-11.37401008605957,18.015666961669922,5.137388188404236,5.003712372601467,0.13733673264807342,25.940734414388082,9.150761098595302,2.9113669131609865
14,350,20070115140000,winter,39.499794,-75.006409,720,1220,2102,2602,-16.834627151489258,27.392850875854492,1.7634722788139272,6.215343449487796,-11.832342147827148,19.186147689819336,5.509168056747324,5.086260362276374,0.07629394578182773,27.820670907597197,9.424685190433022,3.022683391428445
15,351,20070115150000,winter,39.499794,-75.006409,720,1220,2102,2602,-16.468700408935547,28.427457809448242,2.3309847274775812,6.033985257111316,-11.669394493103027,18.872526168823242,5.757542406547901,5.228834305661474,0.09155273414395955,28.839989322421655,9.577839409893839,3.25537446084388
16,352,20070115160000,winter,39.499794,-75.006409,720,1220,2102,2602,-16.15127944946289,29.483434677124023,3.0011146331565106,5.860445444018757,-10.736371040344238,19.277603149414062,5.977687412809184,5.35458606028126,0.04577636581349431,29.734184588282773,9.783981196642731,3.4683656770334355
17,353,20070115170000,winter,39.499794,-75.006409,720,1220,2102,2602,-16.05855941772461,27.5345401763916,3.6847565681124004,5.648993177264761,-11.05223274230957,19.295488357543945,6.1602240613350014,5.446874261488796,0.08239746550926842,27.832876656462712,9.99360785090134,3.6377406053420285
18,354,20070115180000,winter,39.499794,-75.006409,720,1220,2102,2602,-16.191606521606445,26.891223907470703,4.341930881372421,5.385618700831649,-11.410541534423828,18.787364959716797,6.292850598502416,5.502915647755587,0.11901855295961024,27.256079865369546,10.16743714607596,3.7897920432846104
19,355,20070115190000,winter,39.499794,-75.006409,720,1220,2102,2602,-15.32680606842041,26.724821090698242,4.942964035544307,5.102092544866857,-12.4386568069458,17.48188591003418,6.409215069919417,5.494394014334396,0.10070800996815195,27.12485528352925,10.311690883048309,3.92424213355453
20,356,20070115200000,winter,39.499794,-75.006409,720,1220,2102,2602,-13.783271789550781,26.357221603393555,5.462989136207674,4.757203956118284,-12.678140640258789,18.74085807800293,6.504694356468728,5.436682989207295,0.04577636773838245,26.79524891384844,10.39569810340954,4.03401429365463
21,357,20070115210000,winter,39.499794,-75.006409,720,1220,2102,2602,-11.500057220458984,24.28775405883789,5.913076074502064,4.376680073171509,-13.347006797790527,18.18415069580078,6.566506644145462,5.41412747206425,0.05798339895222864,24.542983721857414,10.499380149219958,4.039133496095233
22,358,20070115220000,winter,39.499794,-75.006409,720,1220,2102,2602,-10.65516185760498,23.358858108520508,6.38178742190614,4.066921604335382,-12.476490020751953,17.821090698242188,6.705613368154854,5.557368038123855,0.2777175942924052,23.444321465540245,10.838254059735469,3.9558691997049897
23,359,20070115230000,winter,39.499794,-75.006409,720,1220,2102,2602,-11.178435325622559,23.701841354370117,6.804421425157554,3.8545840559329276,-12.007035255432129,16.929967880249023,6.691034073689909,5.7312048260065716,0.0915527360824449,25.275428988393333,11.111660852832136,3.9122382340488584
24,360,20070116000000,winter,39.499794,-75.006409,720,1220,2102,2602,-9.260676383972168,23.979827880859375,7.130766644041896,3.7592317367275414,-10.531103134155273,16.1569881439209,6.542133908752241,5.882270195083,0.10375976872648604,24.219489444479134,11.266568849970463,3.9299747148147075
25,361,20070116010000,winter,39.499794,-75.006409,720,1220,2102,2602,-6.04900598526001,23.823270797729492,7.374163333036477,3.7380847397544863,-9.957988739013672,15.636404991149902,6.33018241444428,6.010170182464988,0.11291503682345633,24.08825726558268,11.334298790961792,4.009811507218001
26,362,20070116020000,winter,39.499794,-75.006409,720,1220,2102,2602,-5.426278114318848,25.823801040649414,7.577873423943564,3.732833367883633,-9.436637878417969,15.334871292114258,5.996971096319997,6.180032401404299,0.11291503513691555,25.94378692855113,11.349818407643163,4.086110070436731
27,363,20070116030000,winter,39.499794,-75.006409,720,1220,2102,2602,-7.141839027404785,25.117521286010742,7.738050938993874,3.701530600342639,-10.245473861694336,15.321840286254883,5.557099990202371,6.383207671150583,0.05493164023228537,25.128944280309135,11.314448235617679,4.145928450589532
28,364,20070116040000,winter,39.499794,-75.006409,720,1220,2102,2602,-7.434591770172119,23.77481460571289,7.8917936736787775,3.6656008418748303,-11.364861488342285,15.316936492919922,5.039842983177211,6.611966920272129,0.10681152180101108,23.807487944900117,11.286266824980997,4.177959062156629
29,365,20070116050000,winter,39.499794,-75.006409,720,1220,2102,2602,-7.357080459594727,23.455673217773438,8.048784509115587,3.647977257210293,-11.762953758239746,16.062694549560547,4.384729010932087,6.8207739956916145,0.054931641477425165,23.471786860630267,11.229274570479713,4.212228527002379
30,366,20070116060000,winter,39.499794,-75.006409,720,1220,2102,2602,-8.216001510620117,23.277320861816406,8.229955633996024,3.6506905475327835,-13.424155235290527,17.01725959777832,3.5953328552302315,6.9356220411583696,0.07629394766326911,23.4107512485203,11.16478786706296,4.175702878866216
31,367,20070116070000,winter,39.499794,-75.006409,720,1220,2102,2602,-8.818224906921387,23.050090789794922,8.37586600827744,3.698815317911699,-12.816646575927734,16.927248001098633,2.7220345099556305,6.9309596596746745,0.11901855270689127,23.166603698115345,11.058800982877608,4.12152406800785
32,368,20070116080000,winter,39.499794,-75.006409,720,1220,2102,2602,-8.021312713623047,22.827333450317383,8.48638180937412,3.763209235800169,-13.354050636291504,16.793977737426758,1.7606808309177604,6.818618175339386,0.1098632794606826,23.288674287106453,10.934639899159059,4.0258689809824055
33,369,20070116090000,winter,39.499794,-75.006409,720,1220,2102,2602,-7.304775714874268,23.654312133789062,8.53833713153316,3.8511605726047633,-14.620335578918457,16.8565731048584,0.7069785200080555,6.59739409453456,0.15869903062302926,24.20117923624238,10.804953224937982,3.8746679858999418
34,370,20070116100000,winter,39.499794,-75.006409,720,1220,2102,2602,-5.844627857208252,25.205883026123047,8.500436534045033,3.911461370751113,-16.351438522338867,15.992757797241211,-0.38993984620156164,6.273907171780609,0.19837189077214198,25.43718014054935,10.65960997957984,3.66655569863918
35,371,20070116110000,winter,39.499794,-75.006409,720,1220,2102,2602,-5.8550920486450195,24.319976806640625,8.350356789890748,3.9312962050908657,-18.28451156616211,15.87405776977539,-1.535370231739332,5.896387670563493,0.14344024499967184,26.306954212474267,10.516924683103523,3.4209052735567935
36,372,20070116120000,winter,39.499794,-75.006409,720,1220,2102,2602,-5.7529754638671875,23.879159927368164,8.0383335290807,3.9006983189747615,-20.33988380432129,13.354533195495605,-2.609499582602329,5.497273222029247,0.09765624715613394,25.971252530395088,10.332431427678301,3.1781464789972773
37,373,20070116130000,winter,39.499794,-75.006409,720,1220,2102,2602,-5.8429856300354,25.304977416992188,7.6421706357737005,3.856355317156339,-21.9407901763916,12.666643142700195,-3.5876883907133643,5.099480223043421,0.08850097642300013,28.006834981205223,10.151361665463636,3.016672211140548
38,374,20070116140000,winter,39.499794,-75.006409,720,1220,2102,2602,-6.202874660491943,25.097957611083984,7.221836335346875,3.715465677146543,-22.377988815307617,12.321218490600586,-4.488045884869916,4.682386516512795,0.20752716034062407,28.65993537112712,10.000891887026519,2.830029341069832
39,375,20070116150000,winter,39.499794,-75.006409,720,1220,2102,2602,-5.432230472564697,24.092870712280273,6.883193316085173,3.551070702583905,-21.357465744018555,11.108344078063965,-5.136341171732167,4.281298184979277,0.10681152745578472,28.040403870106775,9.860036554775675,2.7348943820510856
40,376,20070116160000,winter,39.499794,-75.006409,720,1220,2102,2602,-3.78926157951355,23.930912017822266,6.664619716858605,3.289940108474868,-20.211925506591797,11.915616035461426,-5.598078562380864,3.957882284530533,0.25940704529556713,28.183846120236137,9.773184742282641,2.594038868192747
41,377,20070116170000,winter,39.499794,-75.006409,720,1220,2102,2602,-3.5955121517181396,23.150802612304688,6.510154808002062,2.9729336292752633,-20.08707618713379,11.071085929870605,-5.996312477612926,3.7586248926594568,0.07019042888716483,27.497176719844454,9.765278626039782,2.4377874716501644
42,378,20070116180000,winter,39.499794,-75.006409,720,1220,2102,2602,-3.615156888961792,21.251914978027344,6.44126265156646,2.7025727775009454,-19.5003604888916,11.021659851074219,-6.378228965041417,3.642245645453854,0.3967437765451891,25.763724857775944,9.867998446483307,2.3160589147683797
43,379,20070116190000,winter,39.499794,-75.006409,720,1220,2102,2602,-3.395782947540283,18.568078994750977,6.418917643127751,2.4960019429564135,-18.47418785095215,13.07961654663086,-6.803276313080378,3.497872066776042,0.37538145863134675,24.161505883743953,10.049283026113812,2.2280299946841784
44,380,20070116200000,winter,39.499794,-75.006409,720,1220,2102,2602,-3.153968095779419,18.61186408996582,6.392023874270039,2.3930672727413884,-18.552488327026367,11.985180854797363,-7.236846271211829,3.30952570326987,0.35706328719623587,24.29273102027811,10.25921640556742,2.1582685788837392
45,381,20070116210000,winter,39.499794,-75.006409,720,1220,2102,2602,-3.545452117919922,22.67348861694336,6.285415972817248,2.415293279371238,-20.473464965820312,10.018465995788574,-7.648396918936788,3.1816960228330835,0.35095978812281303,24.112671776642134,10.434006641035714,2.256715755884718
46,382,20070116220000,winter,39.499794,-75.006409,720,1220,2102,2602,-4.649234294891357,19.430057525634766,6.073390058900566,2.6006695784811007,-21.5208683013916,9.752490043640137,-8.085055948190893,3.0916972727209546,0.3326492346567925,25.611129426624053,10.596517479758077,2.5080047999750668
47,383,20070116230000,winter,39.499794,-75.006409,720,1220,2102,2602,-4.708282470703125,20.077608108520508,5.975923475643496,2.7090024518032862,-22.934141159057617,9.252837181091309,-8.752469831366108,3.0007705961175333,0.1281814582024822,26.740319085468943,11.011659687987173,2.721040041248744
48,384,20070117000000,winter,39.499794,-75.006409,720,1220,2102,2602,-4.34571647644043,21.371152877807617,5.7719469530641145,2.7581845915265673,-24.849361419677734,6.36128044128418,-9.349520047860764,2.9424290185156097,0.08544921737593772,27.661979702042498,11.328474505865437,2.9427933828644264
49,385,20070117010000,winter,39.499794,-75.006409,720,1220,2102,2602,-4.608503341674805,20.826936721801758,5.544653558854835,2.7297113164448783,-24.595230102539062,4.234105110168457,-9.799372244092867,3.028184495575258,0.13123321817063371,27.817619488242716,11.554632386275385,3.1436563257495
50,386,20070117020000,winter,39.499794,-75.006409,720,1220,2102,2602,-5.205001354217529,19.239038467407227,5.33548852792402,2.721956278706934,-25.071805953979492,3.608614206314087,-10.08666330348609,3.214121292762948,0.2166824418367919,27.442245900321566,11.69741089892115,3.3344286405749832
51,387,20070117030000,winter,39.499794,-75.006409,720,1220,2102,2602,-6.361218452453613,18.37559700012207,5.145116728297143,2.743087557914149,-25.234542846679688,4.3928751945495605,-10.252869244177521,3.4469506536071237,0.06408691485495746,27.445298144874013,11.764995207069788,3.5474554010466965
52,388,20070117040000,winter,39.499794,-75.006409,720,1220,2102,2602,-7.010879993438721,18.63323974609375,4.942896855666029,2.7983126759415176,-23.913793563842773,3.4463605880737305,-10.302438389789932,3.660188112220898,0.17090607218623094,25.71794788721225,11.73131939493564,3.7651218047170074
53,389,20070117050000,winter,39.499794,-75.006409,720,1220,2102,2602,-7.589522838592529,18.56940269470215,4.714551983819766,2.8809189458838027,-22.70189094543457,5.285681247711182,-10.275811034188653,3.890967456063434,0.1190185565710219,25.40971307462836,11.629502453247467,4.001660558480729
54,390,20070117060000,winter,39.499794,-75.006409,720,1220,2102,2602,-6.695840358734131,18.302783966064453,4.496303492893353,2.942848845011562,-21.598873138427734,5.018711566925049,-10.16604514760885,4.147465167235381,0.09155272876947385,24.79018452874529,11.469551320039095,4.228053712813093
55,391,20070117070000,winter,39.499794,-75.006409,720,1220,2102,2602,-6.7385969161987305,19.485366821289062,4.253958628296072,3.0134671143981646,-21.357675552368164,3.4492087364196777,-9.983109501602806,4.432477799187323,0.033569337184815376,25.025178187248436,11.253594746539099,4.454558126544328
56,392,20070117080000,winter,39.499794,-75.006409,720,1220,2102,2602,-7.097631931304932,19.36409568786621,3.98746074219828,3.1066759521168237,-21.294445037841797,3.893589973449707,-9.753598668255494,4.749053025712621,0.0488281248669043,25.85527780937074,11.01555424804582,4.67921306127629
57,393,20070117090000,winter,39.499794,-75.006409,720,1220,2102,2602,-9.074820518493652,21.771413803100586,3.6939897370216976,3.166622852824293,-22.32111358642578,3.9234814643859863,-9.532057424451706,5.061203540092333,0.03967285050310176,25.995665641725545,10.789367353295559,4.872218447707233
58,394,20070117100000,winter,39.499794,-75.006409,720,1220,2102,2602,-7.861400127410889,21.09067726135254,3.2894716758964706,3.213867751114874,-20.93797492980957,4.667312145233154,-9.258007645923275,5.318337043480842,0.042724609861715966,25.421921840533876,10.50018677336131,4.989094309866661
59,395,20070117110000,winter,39.499794,-75.006409,720,1220,2102,2602,-10.04403018951416,20.133892059326172,2.8819806598832614,3.2795748550474744,-20.6735897064209,5.431395053863525,-8.944334165655405,5.536634443143335,0.042724610491549644,24.207282927305975,10.196983970225917,5.073300334956348
60,396,20070117120000,winter,39.499794,-75.006409,720,1220,2102,2602,-11.033873558044434,19.041858673095703,2.496660931845801,3.338299808313419,-19.830551147460938,6.561666011810303,-8.585797256719092,5.694993967891422,0.03967285019927429,22.946869277407934,9.87700251465993,5.096199914838187
61,397,20070117130000,winter,39.499794,-75.006409,720,1220,2102,2602,-11.269903182983398,17.98572540283203,2.1348796072458844,3.3918621365788946,-19.609107971191406,7.230694770812988,-8.181741078436195,5.779620073071838,0.01831054625567145,21.964171989709683,9.538699723217137,5.041878870511905
62,398,20070117140000,winter,39.499794,-75.006409,720,1220,2102,2602,-11.111588478088379,15.931632995605469,1.7324073667871482,3.3350853015936317,-19.45761489868164,7.33441686630249,-7.836116646932774,5.748105214058058,0.012207031180442173,20.221565344567978,9.151371883949333,4.982154107540663
63,399,20070117150000,winter,39.499794,-75.006409,720,1220,2102,2602,-9.104516983032227,14.379372596740723,1.4547849223101768,3.3206759665771104,-19.582252502441406,6.5673112869262695,-7.446973389542513,5.61492578350152,0.015258788928316135,19.653922426533153,8.744840124812939,4.86372937728138
64,400,20070117160000,winter,39.499794,-75.006409,720,1220,2102,2602,-9.20507526397705,13.254623413085938,1.2958621037139069,3.3789256594704065,-18.41034698486328,5.852660655975342,-7.040921167836062,5.479445014502882,0.030517578521186178,18.445387816296595,8.418818902076625,4.6710570598900985
65,401,20070117170000,winter,39.499794,-75.006409,720,1220,2102,2602,-8.052281379699707,12.773804664611816,1.1691634909899769,3.450271527059781,-19.258649826049805,6.449866771697998,-6.579858839609217,5.4127129227136965,0.048828125458392574,19.41893056903687,8.116081613331126,4.471301785581815
66,402,20070117180000,winter,39.499794,-75.006409,720,1220,2102,2602,-8.880755424499512,12.820819854736328,1.06161418490829,3.519101885074319,-17.687097549438477,7.202515125274658,-6.109470204358461,5.382321909666427,0.03967285216578729,17.813651555418254,7.828984333853685,4.3026878079433954
67,403,20070117190000,winter,39.499794,-75.006409,720,1220,2102,2602,-9.93175983428955,12.702692031860352,0.9296600460565945,3.5819468586082306,-18.283411026000977,7.5911688804626465,-5.652276764263513,5.37727333599956,0.0396728510710785,18.283638259646455,7.559802813751222,4.172204892645072
68,404,20070117200000,winter,39.499794,-75.006409,720,1220,2102,2602,-10.700693130493164,12.96914291381836,0.7392428404584285,3.609697783115533,-17.311634063720703,8.867616653442383,-5.202034237076364,5.396105860784854,0.042724607147494306,17.535934291017707,7.281681958859798,4.090553089390883
69,405,20070117210000,winter,39.499794,-75.006409,720,1220,2102,2602,-12.030152320861816,14.601105690002441,0.41913639480643,3.6301080298923023,-15.84284496307373,9.113986015319824,-4.71745517317149,5.50239033269435,0.030517577283993493,16.635642686558064,7.057900915363555,4.008750051981403
70,406,20070117220000,winter,39.499794,-75.006409,720,1220,2102,2602,-12.324779510498047,14.299060821533203,0.00042271063736174256,3.808069513273044,-15.749723434448242,10.945587158203125,-4.246326292610466,5.774362582384193,0.033569335025752274,16.382338911272278,7.165560476403791,3.811913806968534
71,407,20070117230000,winter,39.499794,-75.006409,720,1220,2102,2602,-13.994163513183594,12.475799560546875,-0.4390167593814011,4.003827893070585,-16.56348991394043,13.00073528289795,-3.77279881317269,6.00406279028306,0.018310547377968753,17.194130880876983,7.300207083167498,3.634987060438832
72,408,20070118000000,winter,39.499794,-75.006409,720,1220,2102,2602,-15.233095169067383,10.449865341186523,-0.8662771853258573,4.101050604088894,-14.813204765319824,14.731945037841797,-3.289249085812354,6.15604192984481,0.024414061380945384,17.441329930407434,7.351039586111243,3.4996115517388837
73,409,20070118010000,winter,39.499794,-75.006409,720,1220,2102,2602,-15.611438751220703,11.552645683288574,-1.2887475581408887,4.116621864846609,-13.828207969665527,16.353227615356445,-2.7790947026284365,6.226411199036158,0.04272460883238328,19.470810149144572,7.336764792705464,3.357214918489007
74,410,20070118020000,winter,39.499794,-75.006409,720,1220,2102,2602,-15.899911880493164,11.351655960083008,-1.6803417226015134,4.089086700108198,-13.520339012145996,16.946924209594727,-2.21395918404571,6.242107646426426,0.0610351562129155,20.065916819878893,7.295102146090675,3.1923637264597553
75,411,20070118030000,winter,39.499794,-75.006409,720,1220,2102,2602,-15.836321830749512,11.993196487426758,-2.0010340275348106,4.014433070255413,-12.12210750579834,18.576316833496094,-1.6104738613739764,6.212374372442219,0.04882812557367245,20.31616907401861,7.226560966364004,3.013942278127156
76,412,20070118040000,winter,39.499794,-75.006409,720,1220,2102,2602,-15.05689525604248,11.827324867248535,-2.2407188388616377,3.9273730972487666,-11.51233959197998,19.549596786499023,-1.0066297439701875,6.135378642614864,0.03356933679204468,19.995727776089346,7.125046449292015,2.88703446203092
77,413,20070118050000,winter,39.499794,-75.006409,720,1220,2102,2602,-14.812799453735352,12.679869651794434,-2.4287556856776558,3.829134066539503,-11.52624797821045,19.5340518951416,-0.41309165529391323,6.0111124818964345,0.045776364467872255,20.050659617480406,7.0029061281922305,2.797238928954259
78,414,20070118060000,winter,39.499794,-75.006409,720,1220,2102,2602,-14.892231941223145,12.749991416931152,-2.5197287917337143,3.738229681624645,-11.098593711853027,19.16427230834961,0.150090882102223,5.873411174193408,0.05493164058411379,20.21546158807267,6.858488590385202,2.7935666603926856
79,415,20070118070000,winter,39.499794,-75.006409,720,1220,2102,2602,-15.71520709991455,14.364232063293457,-2.538394484794156,3.6682450574079613,-10.946639060974121,19.2276611328125,0.6956695725195946,5.729866931176386,0.048828127675625624,20.17273723390224,6.721338351405555,2.8352090453217884
80,416,20070118080000,winter,39.499794,-75.006409,720,1220,2102,2602,-14.303634643554688,17.010787963867188,-2.4794985860502905,3.603380802139822,-10.74389362335205,19.10089111328125,1.189390665303055,5.590104084326495,0.024414062975139355,19.541000037611333,6.586028672870433,2.901793685274257
81,417,20070118090000,winter,39.499794,-75.006409,720,1220,2102,2602,-13.735895156860352,16.788532257080078,-2.4232032147300666,3.5698436526286965,-10.481805801391602,18.838693618774414,1.6276239539597455,5.4690566396802485,0.07629394749237578,19.321265590224268,6.498097914224196,2.991682015987134
82,418,20070118100000,winter,39.499794,-75.006409,720,1220,2102,2602,-13.464852333068848,16.872859954833984,-2.3830632182570097,3.549160067262935,-10.98616886138916,18.396560668945312,2.0469726429461375,5.376500603685594,0.05493164287936336,18.51252675236125,6.455909948015515,3.1134562741074507
83,419,20070118110000,winter,39.499794,-75.006409,720,1220,2102,2602,-13.2326021194458,19.25504493713379,-2.325902179282842,3.5692739368336115,-10.209299087524414,18.803319931030273,2.479785325299534,5.283429396862175,0.01831054630116968,20.084229619049683,6.459600836522986,3.2383724102922815
84,420,20070118120000,winter,39.499794,-75.006409,720,1220,2102,2602,-12.934955596923828,19.467044830322266,-2.278276362046246,3.6140662710858895,-9.519706726074219,19.86011505126953,2.9172370534507257,5.1739698034498876,0.030517577971675793,20.972320589300253,6.522550404021469,3.314904217876566
85,421,20070118130000,winter,39.499794,-75.006409,720,1220,2102,2602,-13.572068214416504,18.526721954345703,-2.2094938640953723,3.67506783804133,-9.585530281066895,20.19698143005371,3.3182896927283108,5.054919798610249,0.030517577711308547,21.259193248632794,6.627338037341257,3.321089872878997
86,422,20070118140000,winter,39.499794,-75.006409,720,1220,2102,2602,-14.324026107788086,17.380544662475586,-2.0328462450722933,3.7482619302949396,-8.802040100097656,20.39398956298828,3.4047256754898485,4.595533200599261,0.030517577036021617,20.484023540407676,6.383550687722871,3.184853889054508
87,423,20070118150000,winter,39.499794,-75.006409,720,1220,2102,2602,-13.425980567932129,15.201066970825195,-1.8855770593638588,3.803420071939798,-8.452008247375488,19.789688110351562,3.508425771201197,4.143915393582067,0.027465820548060706,20.575575844405417,6.150184519688564,3.1109036702238293
88,424,20070118160000,winter,39.499794,-75.006409,720,1220,2102,2602,-12.818853378295898,13.693625450134277,-1.7415020319723944,3.884508833689037,-8.888721466064453,19.281492233276367,3.9219589141650415,3.9543370540078855,0.021362305188092536,20.07507279343328,6.307069267588147,3.0596827811581453
89,425,20070118170000,winter,39.499794,-75.006409,720,1220,2102,2602,-13.215815544128418,13.13409423828125,-1.5767833741438493,3.9656382167415916,-8.194353103637695,18.40681266784668,4.405643515826933,3.899936499930821,0.02136230515824524,20.206306211777754,6.589392961889781,3.0678383531235602
90,426,20070118180000,winter,39.499794,-75.006409,720,1220,2102,2602,-12.668806076049805,12.716975212097168,-1.3970064351907099,3.991522035798082,-8.517929077148438,18.10749626159668,4.840363079794958,3.935942809929421,0.015258788747802125,19.165626911239332,6.871682036573131,3.0959040162352096
91,427,20070118190000,winter,39.499794,-75.006409,720,1220,2102,2602,-12.1880521774292,12.325958251953125,-1.232928733892274,3.9603255875927785,-8.608476638793945,18.084030151367188,5.2031961367555,4.047387227706722,0.021362304722325955,19.849235018104952,7.113432078391407,3.1714301974444052
92,428,20070118200000,winter,39.499794,-75.006409,720,1220,2102,2602,-12.302075386047363,12.334392547607422,-1.1268517846189583,3.841119397485864,-8.330391883850098,20.558231353759766,5.449236158002152,4.231074336361655,0.03967285079721569,20.642722490386202,7.273925692933328,3.2726385271553897
93,429,20070118210000,winter,39.499794,-75.006409,720,1220,2102,2602,-11.389751434326172,12.224237442016602,-1.0436930479933269,3.7145763133902574,-8.876595497131348,18.57628631591797,5.809599654449562,4.543169454587373,0.024414062257813868,20.954011113753005,7.5894057563375625,3.417620439746932
94,430,20070118220000,winter,39.499794,-75.006409,720,1220,2102,2602,-11.183104515075684,14.283287048339844,-0.7715605824264086,3.7113281581061086,-9.165657043457031,18.59129524230957,6.328704000298541,4.91540698878769,0.030517577875654067,21.22867626786382,8.109668094518064,3.579981286973279
95,431,20070118230000,winter,39.499794,-75.006409,720,1220,2102,2602,-10.693848609924316,18.406665802001953,-0.28217614018601733,3.7396711485800287,-9.066739082336426,19.34886932373047,6.549458748215279,5.221288956280506,0.045776366294214,20.93264724008169,8.378616276540697,3.7444387060879882
96,432,20070119000000,winter,39.499794,-75.006409,720,1220,2102,2602,-10.626387596130371,20.499427795410156,0.21469093694026678,3.8080903244366864,-9.587610244750977,18.69969940185547,6.57362921733067,5.492655934723946,0.10375976218267116,20.773949055849595,8.52731048075762,3.9005756480852236
97,433,20070119010000,winter,39.499794,-75.006409,720,1220,2102,2602,-10.367294311523438,21.167573928833008,0.6858475829597979,3.9240680766086986,-8.900787353515625,20.194652557373047,6.478780882813415,5.759449360244054,0.07019043136313403,21.533859420571027,8.628574942434058,4.069674471064558
98,434,20070119020000,winter,39.499794,-75.006409,720,1220,2102,2602,-9.660759925842285,23.058650970458984,1.104687797691113,4.046303599760464,-9.889411926269531,21.38675308227539,6.28216582454241,6.026382128003781,0.03967285329326612,23.316137955563864,8.687419061127265,4.231376490923108
99,435,20070119030000,winter,39.499794,-75.006409,720,1220,2102,2602,-9.011080741882324,24.21177101135254,1.5465846130200052,4.127494525389216,-9.362726211547852,21.873016357421875,6.047931410624158,6.288952675376709,0.06103515455638102,24.21338697931168,8.739975953989582,4.3782822484136705
100,436,20070119040000,winter,39.499794,-75.006409,720,1220,2102,2602,-9.77204704284668,24.52518653869629,2.038519362122602,4.2109989766968345,-9.922283172607422,22.425424575805664,5.760241423780808,6.556918941254006,0.07019043472955953,24.567397313968645,8.815509445854191,4.510923857034388
101,437,20070119050000,winter,39.499794,-75.006409,720,1220,2102,2602,-9.541851043701172,25.580224990844727,2.521853980401749,4.326721420892973,-11.910694122314453,23.11522674560547,5.330341834106389,6.812374630449051,0.04272461035562124,25.608077475646542,8.85691021021938,4.632105293989379
102,438,20070119060000,winter,39.499794,-75.006409,720,1220,2102,2602,-10.99073314666748,24.590913772583008,3.032547328996059,4.410303570620375,-12.134828567504883,23.235931396484375,4.814430941558033,7.110882407564137,0.09460449625939131,24.67116558921365,8.937150496487634,4.745298283142515
103,439,20070119070000,winter,39.499794,-75.006409,720,1220,2102,2602,-10.497536659240723,25.08216667175293,3.60357177236783,4.422722698823711,-12.604410171508789,26.805397033691406,4.306782686644286,7.442704399328794,0.12207794179398834,27.21640871480141,9.089244698906358,4.88610911446588
104,440,20070119080000,winter,39.499794,-75.006409,720,1220,2102,2602,-11.37200927734375,26.172300338745117,4.28409937868114,4.257373576458746,-14.382237434387207,27.680572509765625,3.7547111922277714,7.745727160130847,0.08544922098303781,28.986481079405777,9.27629378838852,4.952096140391356
105,441,20070119090000,winter,39.499794,-75.006409,720,1220,2102,2602,-9.052433967590332,27.058666229248047,5.057988800878389,3.9861658947842726,-17.79938316345215,27.78582763671875,3.0619235271221146,7.883898947608621,0.021362305033806508,30.84505319447161,9.447864530124194,4.87256230057881
106,442,20070119100000,winter,39.499794,-75.006409,720,1220,2102,2602,-9.604186058044434,26.616334915161133,5.931412357281486,3.7873773201046936,-16.56024932861328,26.204559326171875,2.1174953963002574,7.728624501578934,0.06103515545961966,30.210273607881774,9.614911633307344,4.614626446464008
107,443,20070119110000,winter,39.499794,-75.006409,720,1220,2102,2602,-10.127277374267578,26.33159065246582,6.945818195319988,3.6267042589982506,-17.505428314208984,28.07591438293457,1.047939873938691,7.3783288269224645,0.07019043017053701,30.353705578617518,9.888007287811448,4.377510744526808
108,444,20070119120000,winter,39.499794,-75.006409,720,1220,2102,2602,-9.634544372558594,26.53648567199707,7.968897087712569,3.5961089435938094,-20.804040908813477,28.276567459106445,-0.12072004486246803,6.832250678949811,0.03356933676317247,30.20111798174609,10.261546078374343,4.2225839339664
109,445,20070119130000,winter,39.499794,-75.006409,720,1220,2102,2602,-8.254977226257324,27.165512084960938,8.901871001576088,3.5020176401314926,-19.844249725341797,33.52752685546875,-1.4108443108530082,5.936900536238076,0.039672853592837905,34.62325299532377,10.59155541417437,4.069847470804928
110,446,20070119140000,winter,39.499794,-75.006409,720,1220,2102,2602,-8.169539451599121,28.97137451171875,9.368350872232373,3.4030764876469495,-21.006643295288086,36.2430419921875,-2.91378475524279,4.346603206078227,0.05493164078126041,37.281411855337886,10.533951995722349,3.9706276618218057
111,447,20070119150000,winter,39.499794,-75.006409,720,1220,2102,2602,-5.839627265930176,29.005599975585938,9.848234951234353,3.3234245120438044,-22.140949249267578,8.350876808166504,-3.5725104043915348,3.6194193739003335,0.09460449244793975,32.08105431633721,10.904079010404008,3.8725921900563103
112,448,20070119160000,winter,39.499794,-75.006409,720,1220,2102,2602,-4.894298076629639,28.384906768798828,10.515736274840648,3.110621588322399,-23.32649040222168,7.9401164054870605,-3.849361857444307,3.372673889748972,0.10986328238252226,32.026122518198086,11.54821885370383,3.6177110513192994
113,449,20070119170000,winter,39.499794,-75.006409,720,1220,2102,2602,-5.0705976486206055,28.997215270996094,11.045783564268168,2.939243850895275,-23.228803634643555,7.287703037261963,-4.032112583479807,3.180712328903095,0.05493163838992787,31.119721302257307,12.062482652354584,3.3940925194254157
114,450,20070119180000,winter,39.499794,-75.006409,720,1220,2102,2602,-4.878572940826416,28.973987579345703,11.48279340330603,2.893405777205606,-22.354516983032227,6.835781097412109,-4.123115977318308,3.060418353198779,0.12512970356197758,30.37201634766382,12.480916165535177,3.289273303097719
115,451,20070119190000,winter,39.499794,-75.006409,720,1220,2102,2602,-3.9593160152435303,29.885299682617188,11.816345516191989,2.962812724312,-20.94284439086914,7.552646160125732,-4.129670792472323,2.9576482339354273,0.07629394460969087,31.055634381498308,12.777833620135407,3.306525745161103
116,452,20070119200000,winter,39.499794,-75.006409,720,1220,2102,2602,-5.290519714355469,32.227638244628906,11.941207340374783,3.14412223415717,-19.9278507232666,10.594057083129883,-4.001942327498941,2.911461041349857,0.12818146463651542,33.39030431776841,12.845807474445305,3.457645945806589
117,453,20070119210000,winter,39.499794,-75.006409,720,1220,2102,2602,-7.087798595428467,32.93777084350586,11.863919301754335,3.5190432307843413,-19.473190307617188,10.944727897644043,-3.7265569677734094,3.002611208825058,0.16785431097474754,34.02813665352669,12.717602469396688,3.781763450360936
118,454,20070119220000,winter,39.499794,-75.006409,720,1220,2102,2602,-9.121167182922363,32.28654098510742,12.201937539812526,3.660162689034952,-19.61040687561035,12.367899894714355,-3.6760134262986472,3.2082140759173634,0.11291504455800244,33.41777050663871,13.093402205128632,3.827871679884864
119,455,20070119230000,winter,39.499794,-75.006409,720,1220,2102,2602,-8.036674499511719,33.42131805419922,12.517152890169367,3.58395147100801,-20.68017578125,11.914410591125488,-3.9237896537484374,3.3030865281576767,0.21057891378085042,34.69649353605155,13.483026562948703,3.746775304791512
120,456,20070120000000,winter,39.499794,-75.006409,720,1220,2102,2602,-8.071683883666992,34.20476150512695,12.576839594018839,3.640274138491769,-21.14189910888672,12.119526863098145,-4.257351448378136,3.384358233125607,0.0976562495646116,35.48997627898701,13.669028406086438,3.7636517394395734
121,457,20070120010000,winter,39.499794,-75.006409,720,1220,2102,2602,-6.839728355407715,34.42293167114258,12.448573825070403,3.766905645253742,-22.043859481811523,11.56908130645752,-4.512454449171999,3.5039482717423276,0.09460449370410737,35.95996145616719,13.675338093163225,3.8446840056173044
122,458,20070120020000,winter,39.499794,-75.006409,720,1220,2102,2602,-6.933889389038086,34.18864059448242,12.22978744914558,3.881893169740979,-22.772886276245117,11.398666381835938,-4.700980035824607,3.623445847029883,0.11901855567218798,35.93554782200913,13.581404673100332,3.9256611980185596
123,459,20070120030000,winter,39.499794,-75.006409,720,1220,2102,2602,-7.687012195587158,33.66343688964844,11.996285722096555,3.9942973144974765,-23.052087783813477,11.08902359008789,-4.824656460865534,3.733817741762829,0.1007080098020778,35.44114738287317,13.450044202243257,4.022474116082836
124,460,20070120040000,winter,39.499794,-75.006409,720,1220,2102,2602,-7.385728359222412,32.78551483154297,11.769586996868558,4.00954106504448,-23.626476287841797,12.434806823730469,-4.9157876425384615,3.7933914703015583,0.12512969844040137,34.68123776258483,13.298729801823571,4.037099240880205
125,461,20070120050000,winter,39.499794,-75.006409,720,1220,2102,2602,-7.451597213745117,31.712427139282227,11.541037098282086,4.026910317369641,-23.405380249023438,11.619278907775879,-4.991798819496517,3.808621023383329,0.1098632835544383,33.716851413799354,13.135544847365283,4.036416123865472
126,462,20070120060000,winter,39.499794,-75.006409,720,1220,2102,2602,-8.665477752685547,30.456207275390625,11.393641165903706,4.04205465418245,-23.11126136779785,10.56788158416748,-5.079367511449097,3.7891292618499257,0.10375976819712214,32.44117604157321,13.036500766202707,4.044797584174238
127,463,20070120070000,winter,39.499794,-75.006409,720,1220,2102,2602,-9.04524040222168,29.23906707763672,11.29082347616974,4.045000455642194,-22.77674102783203,10.93899154663086,-5.168425538136447,3.7326456043738183,0.04272460858885755,31.614119425312012,12.95455441264129,4.082831024815932
128,464,20070120080000,winter,39.499794,-75.006409,720,1220,2102,2602,-9.481706619262695,30.07782554626465,11.244352984812934,4.062816514952272,-22.950576782226562,9.964688301086426,-5.311777847677044,3.616626340537416,0.07324218819189773,31.934569059959614,12.935786403754022,4.111247035612758
129,465,20070120090000,winter,39.499794,-75.006409,720,1220,2102,2602,-9.584827423095703,33.882972717285156,11.2117428675793,4.109684136842538,-23.018760681152344,11.238062858581543,-5.498531357822951,3.5110799059204423,0.03662109473971504,35.46861201011881,12.948823584468103,4.1811695505412985
130,466,20070120100000,winter,39.499794,-75.006409,720,1220,2102,2602,-8.876481056213379,32.70940399169922,11.167372149604683,4.187404966941801,-22.73674774169922,10.135551452636719,-5.699995648029452,3.430473811920607,0.04882812507019633,34.31195830667092,12.978559678445208,4.249664777344106
131,467,20070120110000,winter,39.499794,-75.006409,720,1220,2102,2602,-8.407727241516113,31.978879928588867,11.134975631482975,4.272406212425144,-22.514474868774414,10.469504356384277,-5.928858970284548,3.392007372215096,0.10681152207264806,33.76262819477334,13.04015742050505,4.341948215815203
132,468,20070120120000,winter,39.499794,-75.006409,720,1220,2102,2602,-9.740796089172363,31.14687728881836,11.086549990831971,4.358269660666266,-22.070781707763672,10.95249080657959,-6.173997600296855,3.3763665861219314,0.07324218578307164,33.133949029820265,13.09912107088072,4.453900537401023
133,469,20070120130000,winter,39.499794,-75.006409,720,1220,2102,2602,-9.768479347229004,30.434297561645508,11.036200721659933,4.437160471279828,-21.65444564819336,9.530597686767578,-6.539048354146635,3.3055911892213254,0.1342849730015356,32.74941217834642,13.193077129844005,4.595097577937603
134,470,20070120140000,winter,39.499794,-75.006409,720,1220,2102,2602,-7.680429458618164,31.059852600097656,10.963819929262447,4.510269156807589,-20.93223762512207,7.24765157699585,-7.025974966686418,2.965730688153947,0.08850097609248976,33.43302849451152,13.280232407800957,4.726857862269372
135,471,20070120150000,winter,39.499794,-75.006409,720,1220,2102,2602,-10.05341911315918,30.10504722595215,10.998173809752204,4.526472295612383,-21.113601684570312,7.011373519897461,-7.349341163986295,2.836676148635598,0.08850097559397645,32.789084832192444,13.446612232622178,4.764131103870132
136,472,20070120160000,winter,39.499794,-75.006409,720,1220,2102,2602,-8.53954792022705,28.979196548461914,11.034211560515736,4.55801643882317,-20.701908111572266,6.166384696960449,-7.521874577210989,2.8816522922717023,0.07324218785809242,31.757560495129884,13.556738583663916,4.860729850737154
137,473,20070120170000,winter,39.499794,-75.006409,720,1220,2102,2602,-6.418193340301514,27.885326385498047,11.052529111666077,4.591678271003008,-20.842599868774414,5.316624641418457,-7.723863821739299,2.9796808741317604,0.07629394401327264,30.851158815169715,13.673561384010195,4.981184461026547
138,474,20070120180000,winter,39.499794,-75.006409,720,1220,2102,2602,-7.136538505554199,25.982364654541016,11.029422563458052,4.620970137843761,-20.037546157836914,3.9163706302642822,-7.919389587024825,3.1146176455513994,0.15564727652214916,28.431045414142552,13.756093482678388,5.1175183148702
139,475,20070120190000,winter,39.499794,-75.006409,720,1220,2102,2602,-4.676541328430176,24.134143829345703,10.939160984782115,4.655971863466017,-19.159631729125977,5.866940498352051,-8.104973044292805,3.31585406715865,0.08850097695412215,26.120789014576395,13.783302089812812,5.296166234998079
140,476,20070120200000,winter,39.499794,-75.006409,720,1220,2102,2602,-4.168601036071777,22.08568572998047,10.726587976951786,4.73575633202419,-19.64763641357422,5.691831588745117,-8.253378187658848,3.6020796125611145,0.11596679524558309,26.932587900224373,13.704347446970928,5.547176557497197
141,477,20070120210000,winter,39.499794,-75.006409,720,1220,2102,2602,-4.477245807647705,22.58669662475586,10.248708905705977,4.913625870101399,-19.252227783203125,6.278029918670654,-8.240371927525866,4.0071522449137404,0.07629394056858713,26.981415553074918,13.339740545248729,5.9322908078201495
142,478,20070120220000,winter,39.499794,-75.006409,720,1220,2102,2602,-5.079122543334961,23.939224243164062,9.84430867179485,5.04533116531904,-20.923416137695312,7.371173858642578,-8.490207550981474,4.369010216295696,0.13428497128837538,27.50938443264743,13.271922813491408,6.115040405007985
143,479,20070120230000,winter,39.499794,-75.006409,720,1220,2102,2602,-6.629431247711182,25.37925910949707,9.425605966945458,5.0726153496523105,-21.918039321899414,7.970954418182373,-9.085551509611438,4.449463402620229,0.14038849434284997,28.33643329495465,13.407024465000243,6.096731922070259
144,480,20070121000000,winter,39.499794,-75.006409,720,1220,2102,2602,-6.398112773895264,24.45870590209961,8.707555453462398,5.168870398989113,-21.340662002563477,8.552032470703125,-9.51105019821581,4.53737551702233,0.051879882274156706,28.254035534537373,13.267170959688816,6.129336861236538
145,481,20070121010000,winter,39.499794,-75.006409,720,1220,2102,2602,-7.507274150848389,22.446002960205078,7.855565791070919,5.267253965887259,-22.845226287841797,8.7188081741333,-9.684715105111886,4.666722131455173,0.054931642813009,28.46766673124315,12.929312312198581,6.152947545040889
146,482,20070121020000,winter,39.499794,-75.006409,720,1220,2102,2602,-8.954115867614746,22.5474853515625,6.9724442323302185,5.328981003249044,-23.048664093017578,9.282357215881348,-9.676574748342063,4.81194792371566,0.027465821882110775,28.315070446350916,12.497209577263579,6.133817047214428
147,483,20070121030000,winter,39.499794,-75.006409,720,1220,2102,2602,-9.592610359191895,22.297521591186523,6.0956811419488535,5.351451079835929,-23.063365936279297,10.7921142578125,-9.475249673085697,4.957056240504864,0.03967285177535849,28.31507101967188,11.959376156923948,6.092736833330796
148,484,20070121040000,winter,39.499794,-75.006409,720,1220,2102,2602,-9.992563247680664,21.44432830810547,5.284896194097653,5.303482860088365,-22.523719787597656,11.780073165893555,-9.110403257692047,5.130834389775007,0.02441406159392967,27.164527826514345,11.366061122146764,6.016196626634345
149,485,20070121050000,winter,39.499794,-75.006409,720,1220,2102,2602,-10.579825401306152,19.975858688354492,4.599219925832607,5.177676950026941,-23.5670223236084,12.785221099853516,-8.648580565617399,5.300173324517927,0.021362305761529782,26.908172178570577,10.749406992145332,5.941480868616799
150,486,20070121060000,winter,39.499794,-75.006409,720,1220,2102,2602,-11.14293098449707,19.217945098876953,4.056178067386227,5.010467586935131,-24.10127830505371,14.013754844665527,-8.135909208120271,5.466183550918131,0.021362305152257066,27.433091558468156,10.157211262910753,5.8703157129557955
151,487,20070121070000,winter,39.499794,-75.006409,720,1220,2102,2602,-10.01612377166748,18.386083602905273,3.6702451537187266,4.798827917167284,-22.40192413330078,16.06920051574707,-7.620476489275409,5.597444156431281,0.01831054645307889,26.06585675637697,9.613510483270549,5.786441744543283
152,488,20070121080000,winter,39.499794,-75.006409,720,1220,2102,2602,-10.539022445678711,18.270627975463867,3.3866425738213115,4.583800032645561,-20.546363830566406,16.066749572753906,-7.157236163072347,5.702650866442483,0.02441406108722336,27.04245000324091,9.147473366266793,5.705309638754758
153,489,20070121090000,winter,39.499794,-75.006409,720,1220,2102,2602,-10.02380657196045,18.87004280090332,3.0823066712274336,4.369053436312491,-20.5727481842041,15.979947090148926,-6.729753100941368,5.758836319553151,0.03662109190895967,27.344581740545614,8.696700551065119,5.604499480326963
154,490,20070121100000,winter,39.499794,-75.006409,720,1220,2102,2602,-10.00212574005127,16.609708786010742,2.7075261938599473,4.23527827778385,-19.69058609008789,17.0284423828125,-6.313398750165734,5.811798205903183,0.024414063019474394,24.478897285778768,8.303592920130663,5.473082035032464
155,491,20070121110000,winter,39.499794,-75.006409,720,1220,2102,2602,-10.52263069152832,15.945014953613281,2.3439496814711003,4.129623687830057,-19.601261138916016,19.036598205566406,-5.869350531868233,5.853775800632949,0.015258788962524505,23.142188038947722,7.954256253481648,5.2909040963073135
156,492,20070121120000,winter,39.499794,-75.006409,720,1220,2102,2602,-11.546086311340332,16.74840545654297,1.9793053060586523,4.031274566838832,-19.76119041442871,19.502948760986328,-5.443256205313986,5.853979247953055,0.03662109302190766,22.867515931580936,7.6501980349020835,5.053850542583158
157,493,20070121130000,winter,39.499794,-75.006409,720,1220,2102,2602,-12.366401672363281,16.57054901123047,1.6034741156794172,3.9097767432119026,-18.82624053955078,21.5866756439209,-5.002595219561594,5.816420684607046,0.02136230473877565,22.385330824429474,7.323618489684604,4.804040398463525
158,494,20070121140000,winter,39.499794,-75.006409,720,1220,2102,2602,-12.464811325073242,16.450946807861328,1.2571541258119212,3.712642992867562,-16.838857650756836,22.84988784790039,-4.461639819254454,5.6880403202620515,0.00915527324939018,22.858361079302522,6.83804631481688,4.56785613243648
159,495,20070121150000,winter,39.499794,-75.006409,720,1220,2102,2602,-11.36050796508789,15.548195838928223,1.0776748916017482,3.551006641565166,-16.292844772338867,23.291479110717773,-3.9860321144143334,5.508644564234039,0.009155273575146006,23.30393272115712,6.4302885036562305,4.3192636007059
160,496,20070121160000,winter,39.499794,-75.006409,720,1220,2102,2602,-11.827544212341309,14.787397384643555,0.9779423316467765,3.4323044730122163,-15.786601066589355,22.108922958374023,-3.4500598638095066,5.348444155239321,0.009155273337619209,22.119811049879985,6.0634064011883355,4.059674366140422
161,497,20070121170000,winter,39.499794,-75.006409,720,1220,2102,2602,-11.115938186645508,13.439264297485352,0.93630530962722,3.3854151869514206,-15.380897521972656,22.702363967895508,-2.906404982804139,5.188518076406522,0.009155272899753757,23.05673267354188,5.768855001134397,3.798147620884432
162,498,20070121180000,winter,39.499794,-75.006409,720,1220,2102,2602,-10.403251647949219,13.004327774047852,0.9419445883399896,3.3848743989654344,-15.111419677734375,22.65993309020996,-2.371665989573913,5.041636096028308,0.024414062802892447,23.197120937859708,5.55478663170937,3.5400386821805547
163,499,20070121190000,winter,39.499794,-75.006409,720,1220,2102,2602,-11.466017723083496,15.301785469055176,0.9423920126297447,3.4319325752190597,-14.692866325378418,21.98043441772461,-1.8796517547132605,4.937781892521422,0.006103515807877004,22.586746377221516,5.436548874317013,3.3203886791442914
164,500,20070121200000,winter,39.499794,-75.006409,720,1220,2102,2602,-11.448930740356445,13.74385929107666,0.9301574161163904,3.509890880246529,-14.098093032836914,22.312501907348633,-1.4610321535186455,4.81714078003403,0.009155273654792162,22.928557890597524,5.362165482697912,3.125886817279113
165,501,20070121210000,winter,39.499794,-75.006409,720,1220,2102,2602,-11.335980415344238,13.564031600952148,0.8807838294982384,3.6197473692152227,-13.853328704833984,20.980918884277344,-1.160825515636978,4.67721580839183,0.021362304321260142,21.820731098592884,5.327815465899158,2.952388376991779
166,502,20070121220000,winter,39.499794,-75.006409,720,1220,2102,2602,-11.137738227844238,13.671558380126953,0.725562287597304,3.811990263432706,-13.567063331604004,21.356958389282227,-0.935649215009463,4.609250599831204,0.02441406213249979,21.369057470733832,5.392182635741743,2.8465254908548676
167,503,20070121230000,winter,39.499794,-75.006409,720,1220,2102,2602,-10.800668716430664,12.906912803649902,0.5431741179116687,3.8695017534811997,-13.336974143981934,21.053382873535156,-0.6565697053160833,4.5285523748644545,0.027465820254431686,21.408736112245503,5.340471659983468,2.7724203832222036
168,2160,20070401000000,spring,39.499794,-75.006409,720,1220,2102,2602,-13.557130813598633,8.854386329650879,-3.087197804473291,4.054327729347252,-10.080583572387695,14.192645072937012,1.1475192826554736,3.7261282955890547,0.024414062071148872,15.466781793166964,5.896264105042385,2.5304675069526157
169,2161,20070401010000,spring,39.499794,-75.006409,720,1220,2102,2602,-13.337874412536621,9.356185913085938,-3.130596740565349,4.211316199196944,-9.478728294372559,13.549201965332031,1.6649557473321652,3.74636021422894,0.01220703103260547,16.437271299090185,6.080752484403453,2.714325293771943
170,2162,20070401020000,spring,39.499794,-75.006409,720,1220,2102,2602,-13.5880765914917,8.991434097290039,-3.0195612438139707,4.2773065540897015,-8.457045555114746,13.898497581481934,2.0440775921578327,3.641031395941511,0.027465820181648424,17.00796466978968,6.097429163393462,2.76944432859636
171,2163,20070401030000,spring,39.499794,-75.006409,720,1220,2102,2602,-14.558491706848145,10.09225082397461,-2.83930919693728,4.336318818006068,-7.024350643157959,15.299407005310059,2.3056162337876587,3.5150755837235383,0.02441406265265515,17.407760102360164,6.064104226357128,2.7863237636495772
172,2164,20070401040000,spring,39.499794,-75.006409,720,1220,2102,2602,-13.776323318481445,9.772191047668457,-2.641639605192973,4.376051252371039,-7.403214931488037,16.197595596313477,2.480360760264306,3.440168484826515,0.02441406322705382,17.94793683974566,6.0178372031561995,2.8108127771987754
173,2165,20070401050000,spring,39.499794,-75.006409,720,1220,2102,2602,-13.888826370239258,10.373027801513672,-2.523704100181262,4.409530410957123,-8.587457656860352,15.523689270019531,2.583850529805994,3.4436044779415274,0.021362304172179374,17.97845483264305,6.013342340781329,2.8613720631668267
174,2166,20070401060000,spring,39.499794,-75.006409,720,1220,2102,2602,-14.040924072265625,9.836119651794434,-2.442295186614233,4.421120161468862,-8.057136535644531,16.00722312927246,2.6908397575671157,3.4856611120062446,0.04882812605788205,17.55424480891165,6.03449868302519,2.9131403834915353
175,2167,20070401070000,spring,39.499794,-75.006409,720,1220,2102,2602,-14.10737419128418,9.298521995544434,-2.3730048404586084,4.424469004484118,-7.129744052886963,16.74603271484375,2.8017796807904096,3.54340680027604,0.04272461020765185,17.554245285178865,6.065389035899487,2.9704940531169997
176,2168,20070401080000,spring,39.499794,-75.006409,720,1220,2102,2602,-13.317658424377441,9.47742748260498,-2.295616552345474,4.385070770119421,-6.724361419677734,17.735727310180664,2.9093843657503906,3.5986802771860624,0.015258788461918374,19.50743113455423,6.072873914999062,3.0056481084722764
177,2169,20070401090000,spring,39.499794,-75.006409,720,1220,2102,2602,-13.705050468444824,9.425169944763184,-2.2782746816856623,4.328728122385916,-6.8057661056518555,18.508880615234375,3.0090638624042967,3.6126663221287663,0.030517578315834726,19.97131309246914,6.06983181222269,3.031730155727071
178,2170,20070401100000,spring,39.499794,-75.006409,720,1220,2102,2602,-13.777255058288574,12.451216697692871,-2.3484013254527594,4.295383928437506,-6.43068790435791,18.60194969177246,3.166596108150259,3.6094307359016247,0.015258789078844558,19.08017053788313,6.116261264080988,3.1003195282089298
179,2171,20070401110000,spring,39.499794,-75.006409,720,1220,2102,2602,-14.223342895507812,8.911144256591797,-2.437553885971954,4.282798558743928,-6.1326904296875,19.27613639831543,3.366786028110069,3.6081820871183066,0.03662109544520737,19.9102788956233,6.2022103140011335,3.1891763506542863
180,2172,20070401120000,spring,39.499794,-75.006409,720,1220,2102,2602,-14.166359901428223,8.551987648010254,-2.503578625958171,4.190815772765492,-6.948014736175537,19.69371223449707,3.5161485446753713,3.5324240536820617,0.027465820009220605,20.557267240578255,6.184165764991232,3.229281166448563
181,2173,20070401130000,spring,39.499794,-75.006409,720,1220,2102,2602,-14.234854698181152,7.959405422210693,-2.4734958640184477,4.051107976187728,-6.297769546508789,20.96369743347168,3.5728815587785134,3.4425541472433188,0.015258789747643177,21.13712227221033,6.003836350355878,3.3317065284858685
182,2174,20070401140000,spring,39.499794,-75.006409,720,1220,2102,2602,-14.23585033416748,8.140421867370605,-2.498079292764984,4.0170927660429765,-5.088913917541504,20.932666778564453,3.8574694133648006,3.3687864038163475,0.027465819992015826,21.106597465090463,6.1393817967873305,3.303667311760558
183,2175,20070401150000,spring,39.499794,-75.006409,720,1220,2102,2602,-15.771048545837402,9.17204761505127,-2.5219744439941776,4.071871440322353,-4.683821201324463,19.75806999206543,4.307267165622016,3.3345524065917513,0.0335693341143195,20.050658066977732,6.4708681176741285,3.277216519348916
184,2176,20070401160000,spring,39.499794,-75.006409,720,1220,2102,2602,-17.377511978149414,8.686624526977539,-2.4390215444673258,4.197643539320529,-5.273653030395508,18.51943588256836,4.7855924028583825,3.3252195780871205,0.015258788625156734,19.357886747583677,6.842315475314568,3.2727261117661013
185,2177,20070401170000,spring,39.499794,-75.006409,720,1220,2102,2602,-14.847861289978027,12.553767204284668,-2.2969340466357298,4.38486631916318,-5.33408260345459,18.75567626953125,5.226641483885437,3.3254066528059316,0.0183105466741348,19.263282436376834,7.2266386900490875,3.2641633694730676
186,2178,20070401180000,spring,39.499794,-75.006409,720,1220,2102,2602,-15.20465087890625,15.354796409606934,-2.1255531432189474,4.519123037453059,-5.398965835571289,18.643699645996094,5.624132519883205,3.2605284072248657,0.07629394493610425,18.99472082626055,7.553361068419842,3.1857648779993935
187,2179,20070401190000,spring,39.499794,-75.006409,720,1220,2102,2602,-16.071521759033203,15.747093200683594,-1.9162927443710494,4.660808178503558,-7.226381301879883,18.202133178710938,5.970749795623561,3.2100673380281384,0.219734191873169,20.606094114973633,7.852231063888984,3.1132239744106944
188,2180,20070401200000,spring,39.499794,-75.006409,720,1220,2102,2602,-16.80003547668457,21.490493774414062,-1.7129044284923498,4.7736105351459415,-7.094694137573242,17.954444885253906,6.23497817825962,3.2076343609520293,0.09155273387963864,21.66204037375512,8.092099835566009,3.0664622043278804
189,2181,20070401210000,spring,39.499794,-75.006409,720,1220,2102,2602,-14.533500671386719,24.39035987854004,-1.532918259875106,4.826695781059341,-9.681029319763184,18.834226608276367,6.396876980556181,3.275181184097189,0.04882812712627834,24.744408629249982,8.242548545527805,3.058442564771466
190,2182,20070401220000,spring,39.499794,-75.006409,720,1220,2102,2602,-14.500012397766113,17.15796661376953,-1.4440280846209963,4.819458472287219,-8.140053749084473,20.651844024658203,6.516306338168813,3.373691835362107,0.11596679290674436,20.651878291048483,8.34073037049703,3.09655596668165
191,2183,20070401230000,spring,39.499794,-75.006409,720,1220,2102,2602,-15.192394256591797,18.917673110961914,-1.3380056522709238,4.870318135585207,-9.464500427246094,20.968822479248047,6.832784450918035,3.4771245577254426,0.06408691412868371,21.143226745876497,8.631846297781184,3.127111430928708
192,2184,20070402000000,spring,39.499794,-75.006409,720,1220,2102,2602,-15.340863227844238,14.146092414855957,-1.0646226784436372,5.023529647055676,-9.406341552734375,21.305288314819336,7.152204529352532,3.5679721533113398,0.10070801252362298,21.87567059659649,8.985247854669776,3.0852953617039693
193,2185,20070402010000,spring,39.499794,-75.006409,720,1220,2102,2602,-14.996138572692871,15.284998893737793,-0.5221518235784085,5.190726508324426,-11.879008293151855,20.7712345123291,7.376267166144666,3.5405772227430403,0.20142364765117904,20.819725926079336,9.178803370518981,3.1481514056646374
194,2186,20070402020000,spring,39.499794,-75.006409,720,1220,2102,2602,-14.738165855407715,17.895984649658203,0.12529763952087122,5.387527563452584,-6.34615421295166,21.201791763305664,7.471820118330464,3.535766026015553,0.0823974568951286,21.207312751950294,9.318319608945478,3.246507305149137
195,2187,20070402030000,spring,39.499794,-75.006409,720,1220,2102,2602,-14.968223571777344,18.52442169189453,0.896919568066685,5.587008308294522,-8.157721519470215,20.153926849365234,7.419657374626197,3.576578680358556,0.09460449112712929,20.203255173701525,9.39685079598033,3.400228268845645
196,2188,20070402040000,spring,39.499794,-75.006409,720,1220,2102,2602,-14.568225860595703,18.52448844909668,1.6931329689935841,5.824596699408937,-6.412962913513184,19.47085952758789,7.205486534420263,3.5868922378313557,0.048828125690144934,19.754630918781913,9.426511569712433,3.566277851074237
197,2189,20070402050000,spring,39.499794,-75.006409,720,1220,2102,2602,-14.600164413452148,20.561229705810547,2.384155633497141,6.089543754859328,-7.041804313659668,18.856170654296875,6.864206530314076,3.6093565671369072,0.07324218930537917,21.835989982050204,9.447546957011344,3.6953191799476266
198,2190,20070402060000,spring,39.499794,-75.006409,720,1220,2102,2602,-14.336386680603027,19.6887264251709,2.9672082838132576,6.341789855544435,-5.366600036621094,17.694643020629883,6.475295612023818,3.6452908944833666,0.061035157798291245,19.998778781634194,9.478826453338865,3.7936883909195687
199,2191,20070402070000,spring,39.499794,-75.006409,720,1220,2102,2602,-16.25493621826172,21.149429321289062,3.500564110082168,6.636957714315723,-7.26404333114624,16.841053009033203,6.083638889531743,3.7122230734922903,0.08239745875818574,21.28665907147318,9.585945793408985,3.8992386849007468
200,2192,20070402080000,spring,39.499794,-75.006409,720,1220,2102,2602,-17.240398406982422,23.217082977294922,3.9766251985398755,6.8858538769774595,-8.102422714233398,15.995253562927246,5.613538181261538,3.744797419911805,0.09460448929152332,25.946838921353898,9.637824739984971,3.9844930034749337
201,2193,20070402090000,spring,39.499794,-75.006409,720,1220,2102,2602,-17.070598602294922,24.477602005004883,4.354731023084557,7.072104302631757,-7.913425445556641,16.265775680541992,5.166998999520136,3.773214102954412,0.07324218923898417,24.49415719257376,9.66321185766412,4.066411375204605
202,2194,20070402100000,spring,39.499794,-75.006409,720,1220,2102,2602,-17.226825714111328,24.95426368713379,4.5845136366023835,7.220384565762042,-7.46754264831543,16.55082130432129,4.716146257735796,3.7970259996682656,0.054931639923339264,25.06790221595293,9.650237709112325,4.084614141608303
203,2195,20070402110000,spring,39.499794,-75.006409,720,1220,2102,2602,-17.53822898864746,23.98923110961914,4.737863062596599,7.326221238198018,-8.1618013381958,17.400630950927734,4.2983628688211555,3.7876541337743292,0.06713867242412323,24.106567783508762,9.615385644903508,4.060476587776692
204,2196,20070402120000,spring,39.499794,-75.006409,720,1220,2102,2602,-19.13478660583496,24.177078247070312,4.731588261003477,7.242473644201963,-8.947768211364746,17.5862979888916,3.6785877658440396,3.702225535780864,0.09765625157219836,25.965149511283727,9.285938231336262,3.9813546678535077
205,2197,20070402130000,spring,39.499794,-75.006409,720,1220,2102,2602,-17.50025749206543,23.605680465698242,4.424788875761715,7.024822223584273,-8.446003913879395,15.813061714172363,2.856430070756943,3.5549533277974503,0.08239745724002163,23.6823654003389,8.543455699483872,4.090615417138029
206,2198,20070402140000,spring,39.499794,-75.006409,720,1220,2102,2602,-17.89984703063965,26.055871963500977,4.476320788012613,6.885618878496323,-8.031953811645508,17.25543212890625,2.4492382310084375,3.4059552750423046,0.05493164112699828,26.120789931127693,8.306243065469173,4.006846705611026
207,2199,20070402150000,spring,39.499794,-75.006409,720,1220,2102,2602,-17.92129898071289,21.024940490722656,4.760182114432084,6.765459700891591,-7.691040515899658,13.563339233398438,2.1150112811935533,3.209212808345344,0.0671386701078828,21.103545516081688,8.293260673387527,3.7980160214268324
208,2200,20070402160000,spring,39.499794,-75.006409,720,1220,2102,2602,-17.420692443847656,21.09059715270996,5.075419973394365,6.698304404019014,-6.784862518310547,12.550249099731445,1.7960422493515682,3.082882395329504,0.061035155651441214,21.463669492257168,8.374991792412912,3.6354661182764123
209,2201,20070402170000,spring,39.499794,-75.006409,720,1220,2102,2602,-17.336206436157227,20.379817962646484,5.256381277731038,6.651895041125711,-6.715942859649658,12.93442440032959,1.4640975907212486,3.002033286560254,0.039672851068752686,20.71596612743979,8.406421278354157,3.5164070689611875
210,2202,20070402180000,spring,39.499794,-75.006409,720,1220,2102,2602,-16.861265182495117,23.70580291748047,5.353404757125713,6.610008667914668,-6.299161434173584,12.143011093139648,1.1762327604742728,2.957532488459827,0.10375975910831832,24.533827904351075,8.413041866082951,3.420877894659068
211,2203,20070402190000,spring,39.499794,-75.006409,720,1220,2102,2602,-16.047056198120117,19.446117401123047,5.367379424011452,6.5656067882126194,-6.518171787261963,12.704448699951172,0.9390102777744683,2.9576829640934426,0.08239745865062371,19.733269241050188,8.41153998532749,3.28505377000387
212,2204,20070402200000,spring,39.499794,-75.006409,720,1220,2102,2602,-16.166248321533203,18.853744506835938,5.292222039691003,6.51361268820115,-7.684529781341553,12.247379302978516,0.7434426184901346,2.9963482768841785,0.10986328356493084,18.951994946366238,8.36581188913498,3.1589184428009993
213,2205,20070402210000,spring,39.499794,-75.006409,720,1220,2102,2602,-15.88019847869873,18.200592041015625,5.118021713043392,6.426606271406478,-8.182016372680664,12.377306938171387,0.5162659429467784,3.027953062282663,0.08544921814544133,18.57966640487084,8.227117993656645,3.040554918522185
214,2206,20070402220000,spring,39.499794,-75.006409,720,1220,2102,2602,-15.99081039428711,17.191852569580078,4.554727654888715,6.095434936411818,-6.489035129547119,12.993965148925781,0.3006806101729819,3.0668267992281075,0.08544922091275702,17.740409884963604,7.74027809475203,2.735653767554915
215,2207,20070402230000,spring,39.499794,-75.006409,720,1220,2102,2602,-15.29926872253418,17.66236114501953,4.1528096210316106,5.912306047195575,-6.912611961364746,12.960808753967285,0.16186708189243323,3.2198971613980705,0.12818146011658174,18.124947213233412,7.455095811442888,2.6489008415991155
216,2208,20070403000000,spring,39.499794,-75.006409,720,1220,2102,2602,-14.82182502746582,18.38383674621582,4.051095444657226,5.809287839378658,-8.067153930664062,12.954584121704102,-0.07267265861577381,3.427735660865452,0.0488281259955523,19.08017012973664,7.409589802814121,2.6479863165407918
217,2209,20070403010000,spring,39.499794,-75.006409,720,1220,2102,2602,-14.29916000366211,18.321365356445312,3.9037150129581835,5.584388024978106,-9.269603729248047,12.759477615356445,-0.3914531037489301,3.5179326316901287,0.05493164137780559,19.174782865890702,7.1950376028270755,2.680466366765918
218,2210,20070403020000,spring,39.499794,-75.006409,720,1220,2102,2602,-13.583992004394531,18.007211685180664,3.6707890402348187,5.2996471924424124,-10.773688316345215,12.127143859863281,-0.7319285831727644,3.5114310887450726,0.05187988499752436,18.84822817822344,6.8569953086435556,2.721844158173237
219,2211,20070403030000,spring,39.499794,-75.006409,720,1220,2102,2602,-13.434619903564453,16.824750900268555,3.4086981674494394,4.961337867460517,-10.60357666015625,12.520049095153809,-1.0362763919023559,3.4455879540130896,0.021362305436110944,17.96929888570289,6.463774634121802,2.7202314644913343
220,2212,20070403040000,spring,39.499794,-75.006409,720,1220,2102,2602,-13.811091423034668,16.128095626831055,3.1480984839399078,4.668838580473626,-10.832324981689453,11.164558410644531,-1.2818461365440026,3.3394056325874018,0.0579834000747031,16.47084105341506,6.109998523496427,2.677919956739645
221,2213,20070403050000,spring,39.499794,-75.006409,720,1220,2102,2602,-13.67790412902832,15.446024894714355,2.8519056321961442,4.421046329666194,-10.591994285583496,11.015769958496094,-1.521308974641304,3.1881420963624696,0.03662109213187796,15.643791159972682,5.769431599924635,2.621317687866302
222,2214,20070403060000,spring,39.499794,-75.006409,720,1220,2102,2602,-13.474820137023926,15.475713729858398,2.556862098337829,4.202180955004224,-10.767319679260254,10.690741539001465,-1.7314932517120603,3.0624165449347847,0.03662109163647257,15.637687454543016,5.477106685417292,2.5639100804218273
223,2215,20070403070000,spring,39.499794,-75.006409,720,1220,2102,2602,-13.072504997253418,15.183633804321289,2.2861586647085606,3.97753032159297,-11.210426330566406,10.818010330200195,-1.910360793886887,2.974014968785865,0.027465821441951314,15.323341661204182,5.215331182518514,2.518299615503697
224,2216,20070403080000,spring,39.499794,-75.006409,720,1220,2102,2602,-12.906173706054688,14.285642623901367,2.002556129780593,3.7249640212563686,-10.594622611999512,10.378068923950195,-2.058600129575438,2.8925118876339972,0.03356933547774682,14.331489248074735,4.944847281669513,2.457342647482007
225,2217,20070403090000,spring,39.499794,-75.006409,720,1220,2102,2602,-12.494406700134277,13.782065391540527,1.6799982574705306,3.46668047898895,-10.865803718566895,9.858474731445312,-2.1907734695214756,2.826019800212017,0.015258789021704274,13.830985420894276,4.702215704553989,2.3484700258471345
226,2218,20070403100000,spring,39.499794,-75.006409,720,1220,2102,2602,-12.308931350708008,13.372771263122559,1.321134512619588,3.2421442839195067,-9.905683517456055,9.983308792114258,-2.2891813812268347,2.7936973316781053,0.03662109084493307,13.385421869978018,4.513920492946539,2.2195751662705105
227,2219,20070403110000,spring,39.499794,-75.006409,720,1220,2102,2602,-12.683743476867676,12.97976303100586,0.9303676739163904,3.057150168308884,-9.677693367004395,10.422272682189941,-2.3411443475037403,2.8189666809006604,0.03051757925381279,13.040557549658198,4.374942654758686,2.1211218568742
228,2220,20070403120000,spring,39.499794,-75.006409,720,1220,2102,2602,-12.895286560058594,12.851197242736816,0.46102140353640375,2.8185371485850403,-9.16671085357666,10.513481140136719,-2.2974120849113393,2.883444288599271,0.018310546643876602,12.994781093923084,4.198290931094425,2.030615400245771
229,2221,20070403130000,spring,39.499794,-75.006409,720,1220,2102,2602,-13.116222381591797,13.044330596923828,0.04735684801554991,2.4533841837170116,-9.486004829406738,8.090378761291504,-2.1149289501593587,2.80398219785427,0.015258789205960993,13.397628826407804,3.7585549574805834,2.056657940852273
230,2222,20070403140000,spring,39.499794,-75.006409,720,1220,2102,2602,-12.789031028747559,12.02945327758789,-0.2389322560966744,2.2733079405429066,-9.091560363769531,8.575660705566406,-2.077412361529084,2.85587142822229,0.012207031029794917,13.12601470965101,3.586373521565863,2.1987692725068757
231,2223,20070403150000,spring,39.499794,-75.006409,720,1220,2102,2602,-12.572406768798828,10.193547248840332,-0.5445607735267595,2.3133410536269237,-9.536218643188477,9.166455268859863,-1.9611304938420644,3.158076064352127,0.021362305197923526,13.003936702127978,3.793700943831862,2.2528656545253805
232,2224,20070403160000,spring,39.499794,-75.006409,720,1220,2102,2602,-12.34305477142334,7.563076496124268,-0.8140708956555603,2.4381138055032783,-10.043036460876465,9.870546340942383,-1.7544037102187802,3.5497948196473303,0.021362304034462005,13.159583728729611,4.11835740113324,2.307643453459532
233,2225,20070403170000,spring,39.499794,-75.006409,720,1220,2102,2602,-12.210577011108398,7.373265743255615,-1.0634467358586752,2.6146793681108047,-10.144379615783691,10.27856159210205,-1.4831391086127241,3.9646444387339534,0.0152587896559145,13.42204274342412,4.472682516613213,2.42501245454449
234,2226,20070403180000,spring,39.499794,-75.006409,720,1220,2102,2602,-12.600412368774414,8.314967155456543,-1.2992374307819399,2.831371665686856,-10.94542407989502,9.8455810546875,-1.1748747641584627,4.361882820739853,0.018310547291352126,14.044617100525212,4.8811494550983685,2.5070731662865327
235,2227,20070403190000,spring,39.499794,-75.006409,720,1220,2102,2602,-12.494928359985352,7.6082916259765625,-1.5751690317177367,3.0866107150551563,-11.69401741027832,10.128104209899902,-0.8695250497620336,4.7302615652027455,0.027465819372963697,14.206367236202484,5.348183460114952,2.5566980950293585
236,2228,20070403200000,spring,39.499794,-75.006409,720,1220,2102,2602,-12.407028198242188,7.6604695320129395,-1.9594650783578789,3.3149703321588455,-11.71346664428711,10.024835586547852,-0.5747453654141885,5.047488349987665,0.030517578054131106,14.059875656039873,5.85844062251638,2.5129019175394727
237,2229,20070403210000,spring,39.499794,-75.006409,720,1220,2102,2602,-12.552927017211914,10.665499687194824,-2.487278143624265,3.501227098512406,-11.517266273498535,13.415897369384766,-0.263908880105176,5.3198645666559035,0.018310546702955423,15.161598173746954,6.416735424407605,2.375133081917831
238,2230,20070403220000,spring,39.499794,-75.006409,720,1220,2102,2602,-13.658520698547363,7.53433084487915,-3.223726760725732,3.544507130701784,-12.170498847961426,11.604557991027832,-0.02062408158053062,5.467658449914023,0.06408691511765258,14.661094502653874,6.94931418400646,2.1351092892493555
239,2231,20070403230000,spring,39.499794,-75.006409,720,1220,2102,2602,-14.193360328674316,6.801820278167725,-4.19473367820309,3.6464422458021026,-12.11582088470459,12.782052040100098,0.39857874068142485,5.778345813558402,0.10681152333820812,15.549178615022154,7.7616328444535165,2.048788086775454
240,2232,20070404000000,spring,39.499794,-75.006409,720,1220,2102,2602,-14.657235145568848,6.331873893737793,-4.8977106718198655,3.810361614866506,-12.579421997070312,14.461526870727539,1.0054030861710894,6.2195455410878235,0.137336720805143,18.558304338307348,8.5671343697828,2.1918522428166405
241,2233,20070404010000,spring,39.499794,-75.006409,720,1220,2102,2602,-15.501957893371582,8.292916297912598,-5.199393720221844,3.8744353753282694,-12.468871116638184,16.51105308532715,1.4175918516274122,6.362268012176864,0.1434402472915085,20.70680928686885,8.878528455805416,2.3884509439174852
242,2234,20070404020000,spring,39.499794,-75.006409,720,1220,2102,2602,-16.60904312133789,8.185315132141113,-5.386368987038363,3.9182919157926093,-12.002617835998535,20.688936233520508,1.773399071768447,6.351695421795987,0.15564728334280903,22.458572290801808,9.018737210356809,2.552908249709172
243,2235,20070404030000,spring,39.499794,-75.006409,720,1220,2102,2602,-17.947174072265625,12.168496131896973,-5.474374621865641,3.9319509139335906,-12.341028213500977,21.26457977294922,2.1132405645099905,6.320770166459519,0.10681152104001165,23.212380262673012,9.083258493878816,2.709492905357628
244,2236,20070404040000,spring,39.499794,-75.006409,720,1220,2102,2602,-18.40012550354004,15.867616653442383,-5.450621322864965,4.134677286984231,-11.162470817565918,22.164453506469727,2.367467898698399,6.160904308795428,0.20752714991365895,23.197120951293986,9.077548489298763,2.822160280831815
245,2237,20070404050000,spring,39.499794,-75.006409,720,1220,2102,2602,-20.81148910522461,18.238935470581055,-5.315392429648351,4.536776425414966,-10.260029792785645,23.53426170349121,2.515275487796534,5.834378690010184,0.09460448976669213,24.042479852429018,8.966774509051733,2.966357597650545
246,2238,20070404060000,spring,39.499794,-75.006409,720,1220,2102,2602,-20.69175148010254,18.72474479675293,-5.14796306799592,4.850499218509234,-13.336355209350586,24.03472328186035,2.6388563198990593,5.4415201474832005,0.1556472876062509,24.231697166230592,8.787737408945857,3.0623915233292758
247,2239,20070404070000,spring,39.499794,-75.006409,720,1220,2102,2602,-18.706146240234375,18.80516242980957,-4.98560702348277,4.797272204856634,-12.459296226501465,24.82870101928711,2.930493295330736,5.202557439150074,0.05493164014053293,24.866478584358358,8.604609170056134,3.0798041970733783
248,2240,20070404080000,spring,39.499794,-75.006409,720,1220,2102,2602,-19.255033493041992,21.523229598999023,-4.755138839506803,4.803446166602955,-13.046784400939941,24.628808975219727,3.3530747927466136,5.091875713355601,0.20447539707009457,24.961090997754408,8.576751297809414,3.048620422416772
249,2241,20070404090000,spring,39.499794,-75.006409,720,1220,2102,2602,-19.56338119506836,21.65654945373535,-4.471653778917336,5.046132812791846,-10.810766220092773,26.218341827392578,3.785780658334148,5.044628645806908,0.07324219018693957,26.480911270596337,8.682792461687503,3.138259440711603
250,2242,20070404100000,spring,39.499794,-75.006409,720,1220,2102,2602,-20.05459976196289,22.745359420776367,-4.208622094060938,5.441905254831751,-8.511239051818848,25.278566360473633,4.13832954191891,4.967141567004984,0.09765624692285789,25.63860321771266,8.838506275024965,3.317515079651503
251,2243,20070404110000,spring,39.499794,-75.006409,720,1220,2102,2602,-20.49964141845703,23.56756591796875,-3.9520229193348086,5.962412345888097,-8.101459503173828,24.368257522583008,4.45022825700783,4.852754167818992,0.1251296987889155,26.09637609888792,9.077447872033272,3.4817439338096894
252,2244,20070404120000,spring,39.499794,-75.006409,720,1220,2102,2602,-21.525571823120117,22.97513771057129,-3.6308303635185215,6.516387683922284,-11.408424377441406,25.565832138061523,4.617092580075107,4.749400035559944,0.10375977021584935,25.66301765664522,9.304025897918907,3.599400541400994
253,2245,20070404130000,spring,39.499794,-75.006409,720,1220,2102,2602,-22.28120231628418,25.212961196899414,-3.2809236169724243,7.016982549943139,-13.008951187133789,25.374465942382812,4.602982993191596,4.66628360571173,0.027465821238137775,26.06585736415951,9.462494989224492,3.6640616247629425
254,2246,20070404140000,spring,39.499794,-75.006409,720,1220,2102,2602,-21.372451782226562,26.075246810913086,-2.7444598489674252,7.622458997160277,-13.747223854064941,24.401132583618164,4.551744148107149,4.690310756913063,0.03662109413570705,27.048552716583863,9.762027371918489,3.6130530583068157
255,2247,20070404150000,spring,39.499794,-75.006409,720,1220,2102,2602,-20.64015007019043,25.203248977661133,-2.1598184384864925,8.093864363333525,-11.834014892578125,22.845645904541016,4.615746688408468,4.775796086786152,0.042724607200559754,26.285591788314715,10.069108905795318,3.5919141995064034
256,2248,20070404160000,spring,39.499794,-75.006409,720,1220,2102,2602,-20.935062408447266,24.26221466064453,-1.5714720310593033,8.421283081913144,-12.759984970092773,22.295475006103516,4.778014675033413,4.868123809235046,0.0427246087975003,24.97329675553042,10.331898089703028,3.628700678064385
257,2249,20070404170000,spring,39.499794,-75.006409,720,1220,2102,2602,-20.9989070892334,27.401674270629883,-0.9580396300308562,8.731087863709583,-16.025569915771484,23.258100509643555,4.8725747788529485,5.015937534543384,0.06713867040084219,27.414778546995787,10.599647727587177,3.7011913748869367
258,2250,20070404180000,spring,39.499794,-75.006409,720,1220,2102,2602,-20.297866821289062,27.78656005859375,-0.32437873655257,8.990032037808973,-11.484245300292969,24.0573787689209,4.833133306691617,5.279336632655094,0.08544921857586035,27.90307611135937,10.862717347586162,3.762690828802668
259,2251,20070404190000,spring,39.499794,-75.006409,720,1220,2102,2602,-20.85177993774414,26.81521224975586,0.31870607792043104,9.171071283175031,-11.790060043334961,22.98162269592285,4.64029443464822,5.635830011150686,0.04882812580949192,27.140114308146988,11.104389785725377,3.7679652183470407
260,2252,20070404200000,spring,39.499794,-75.006409,720,1220,2102,2602,-20.528898239135742,29.007593154907227,0.9312762661030791,9.315697360033896,-12.243860244750977,21.478574752807617,4.276759108125391,6.034395547271326,0.03967285107259105,29.474777785342013,11.285615619575232,3.8715592420380744
261,2253,20070404210000,spring,39.499794,-75.006409,720,1220,2102,2602,-20.167282104492188,28.815980911254883,1.543013059237265,9.39264700048196,-14.917242050170898,22.180770874023438,3.712881992858656,6.423422397411699,0.10681152383304096,29.569380751347904,11.399795885539334,3.96146547796952
262,2254,20070404220000,spring,39.499794,-75.006409,720,1220,2102,2602,-21.09380340576172,25.550397872924805,2.018617959673445,9.313740025342996,-15.00261402130127,23.48967170715332,2.9935702463147025,6.705679675642291,0.10070800892979082,26.273383350814125,11.327926985471874,4.052930380669429
263,2255,20070404230000,spring,39.499794,-75.006409,720,1220,2102,2602,-20.46275520324707,23.3713436126709,2.2423362857736953,9.068418678195368,-16.822044372558594,26.166826248168945,2.2393591953816996,6.886284110582333,0.09155273657886359,26.27643524666778,11.07432054114107,4.130296884147702
264,2256,20070405000000,spring,39.499794,-75.006409,720,1220,2102,2602,-20.071226119995117,25.822711944580078,2.699078606687231,8.950899745958518,-17.320148468017578,23.538015365600586,1.330051568749619,7.196385864500471,0.04882812613428199,28.528701768744643,11.127227337029684,4.140706469148919
265,2257,20070405010000,spring,39.499794,-75.006409,720,1220,2102,2602,-19.320913314819336,25.702219009399414,3.232678124487358,8.839061907258223,-22.65729522705078,23.46030616760254,0.3334365513355938,7.450603147103953,0.10986328073319852,29.435104606710865,11.300343104231455,4.062528298108585
266,2258,20070405020000,spring,39.499794,-75.006409,720,1220,2102,2602,-19.289968490600586,25.747072219848633,3.805728701263248,8.702597869567155,-19.069658279418945,26.345550537109375,-0.6490880146576401,7.489605422063483,0.06713866954138369,29.651786668541153,11.43074545524738,4.009032750343895
267,2259,20070405030000,spring,39.499794,-75.006409,720,1220,2102,2602,-19.8974666595459,26.02529525756836,4.378889611647629,8.475250892595637,-20.41962432861328,26.456378936767578,-1.5642264704896802,7.329825045109263,0.051879885634769654,30.637534453605245,11.46619141470283,3.962845695674431
268,2260,20070405040000,spring,39.499794,-75.006409,720,1220,2102,2602,-21.249902725219727,26.63953971862793,4.868330398591218,8.21090801824447,-21.63542366027832,23.736167907714844,-2.4050843919478138,7.024674861059972,0.07629394296451533,31.87047532331657,11.435184964929306,3.93531244093431
269,2261,20070405050000,spring,39.499794,-75.006409,720,1220,2102,2602,-21.19687271118164,25.758811950683594,5.252301405680768,7.87433410269898,-20.99506378173828,25.364578247070312,-3.0932556737754457,6.727209420636733,0.05187988068101954,31.27536779616577,11.363477733940147,3.909828469349822
270,2262,20070405060000,spring,39.499794,-75.006409,720,1220,2102,2602,-21.317272186279297,25.722278594970703,5.690731281377139,7.544042246711199,-21.541963577270508,22.112186431884766,-3.7221888512827572,6.401969137962328,0.07324218965559375,30.472731646819707,11.342371707962036,3.935415945419968
271,2263,20070405070000,spring,39.499794,-75.006409,720,1220,2102,2602,-23.032169342041016,24.196928024291992,6.172757617232738,7.1793033673422055,-22.052162170410156,23.85447883605957,-4.2850260498016715,6.112575023139059,0.08239745732950243,30.90914782977838,11.3821638921456,3.9770215280728958
272,2264,20070405080000,spring,39.499794,-75.006409,720,1220,2102,2602,-22.289649963378906,26.627046585083008,6.588618193531239,6.725657485072325,-21.517736434936523,23.246959686279297,-4.571682695276922,5.864176758643736,0.09155273510457247,30.487991567308665,11.351489863295775,3.882896845532386
273,2265,20070405090000,spring,39.499794,-75.006409,720,1220,2102,2602,-23.003393173217773,29.431846618652344,6.972213786860311,6.154382142214257,-22.273284912109375,24.485563278198242,-4.641618886774581,5.5595485081113845,0.08239746075399369,31.94677733509341,11.196330098423973,3.6855911972602464
274,2266,20070405100000,spring,39.499794,-75.006409,720,1220,2102,2602,-22.259828567504883,28.396251678466797,7.344640418634271,5.549537720543524,-22.737083435058594,20.547346115112305,-4.559821409247599,5.242614510454394,0.0823974607536647,31.769768648543124,10.994933639223829,3.48274665304492
275,2267,20070405110000,spring,39.499794,-75.006409,720,1220,2102,2602,-21.218446731567383,26.861919403076172,7.745813068233695,4.991511197376262,-22.200927734375,19.633005142211914,-4.3808509922577885,4.954946945448457,0.0885009759411416,31.03122012029135,10.848124148542047,3.3127573451652745
276,2268,20070405120000,spring,39.499794,-75.006409,720,1220,2102,2602,-20.52210235595703,29.693510055541992,8.153356396597314,4.53129854332443,-21.24641990661621,18.174880981445312,-4.257729108181684,4.4560331846795656,0.03662109504829913,32.480850404691395,10.704201700105045,3.2271414415485182
277,2269,20070405130000,spring,39.499794,-75.006409,720,1220,2102,2602,-18.96878433227539,27.307777404785156,8.747054241408208,4.064147861312615,-20.455406188964844,17.75762176513672,-4.183547202604288,3.9662606185140086,0.051879884108944854,30.25299842828642,10.817121465591207,3.0416162528807766
278,2270,20070405140000,spring,39.499794,-75.006409,720,1220,2102,2602,-14.93350887298584,26.826793670654297,9.151884545485798,3.544315582905234,-18.503141403198242,16.533327102661133,-3.8779389741299086,3.509175261677538,0.04577636616180885,29.23978499741003,10.744234075819083,2.869376154041162
279,2271,20070405150000,spring,39.499794,-75.006409,720,1220,2102,2602,-3.731661319732666,26.118183135986328,9.490622155368323,3.2322828534055192,-16.985593795776367,14.045212745666504,-3.5098943119290293,3.1099247129388483,0.10681152347550568,28.037354904561276,10.734521397554152,2.698258976988489
280,2272,20070405160000,spring,39.499794,-75.006409,720,1220,2102,2602,-1.3899461030960083,25.88471031188965,9.831065226280849,3.141215548727737,-16.697738647460938,9.923510551452637,-3.1455103105246973,2.838836783422796,0.13428498080605458,27.860344545087557,10.846266351157393,2.613200000619884
281,2273,20070405170000,spring,39.499794,-75.006409,720,1220,2102,2602,-2.9467403888702393,25.963165283203125,10.152393951559636,3.1447662775481846,-16.454296112060547,9.593524932861328,-2.8662213509290315,2.6381789756209812,0.8514632962637588,27.692497857535077,11.011168871999022,2.6248868738135673
282,2274,20070405180000,spring,39.499794,-75.006409,720,1220,2102,2602,-4.22507381439209,25.761032104492188,10.433649217150528,3.170805300916583,-15.55229377746582,9.075090408325195,-2.6575339874839936,2.5146572062088444,0.5676422294235967,27.280494998657517,11.185370428776533,2.681141244561474
283,2275,20070405190000,spring,39.499794,-75.006409,720,1220,2102,2602,-4.213698863983154,25.343591690063477,10.664601709233109,3.199041020294243,-14.356620788574219,10.703267097473145,-2.5281458604358686,2.4267257779789237,0.5462799069578725,26.65181777255961,11.342285966997258,2.7569297419605214
284,2276,20070405200000,spring,39.499794,-75.006409,720,1220,2102,2602,-5.069705963134766,25.118650436401367,10.831431152662136,3.2046269192354178,-13.820731163024902,9.690107345581055,-2.480904428543486,2.3594244109325184,0.32959748511170095,26.444290581078075,11.459597419275058,2.8264698528311625
285,2277,20070405210000,spring,39.499794,-75.006409,720,1220,2102,2602,-4.919077396392822,24.611295700073242,10.901042980540963,3.1939832810590514,-13.874287605285645,8.954170227050781,-2.541939455851441,2.3273832549357274,0.24414826147338195,25.901061585230362,11.52367549264647,2.849094490541646
286,2278,20070405220000,spring,39.499794,-75.006409,720,1220,2102,2602,-4.145514011383057,24.981260299682617,10.807113887738087,3.159966609564816,-13.922698974609375,7.676372528076172,-2.6989878619866796,2.3105238685441774,0.15259551684803932,26.563309003021658,11.459837379080989,2.841528255602594
287,2279,20070405230000,spring,39.499794,-75.006409,720,1220,2102,2602,-4.987053871154785,23.35894012451172,10.256507959185534,3.183302555374712,-13.43929672241211,6.689855575561523,-2.7558749071466204,2.241410122433574,0.08239746046437676,25.394454777941682,10.93731453214201,2.8850108044294425
288,2280,20070406000000,spring,39.499794,-75.006409,720,1220,2102,2602,-5.025833606719971,23.96687126159668,10.043553234186758,3.194395752973263,-14.611632347106934,7.280218601226807,-2.9680044090847626,2.4172698830302934,0.09765625303741236,26.236762135561307,10.826314896985975,2.9189510796874147
289,2281,20070406010000,spring,39.499794,-75.006409,720,1220,2102,2602,-5.743757724761963,23.79966926574707,9.941165791668357,3.2252297013773688,-15.974231719970703,8.449925422668457,-3.2373942705143177,2.5995922633872115,0.17090606724946472,26.276436171228212,10.856043358062822,2.934928982201372
290,2282,20070406020000,spring,39.499794,-75.006409,720,1220,2102,2602,-5.306812763214111,24.42771339416504,9.80408809284935,3.2980346342762843,-17.71404457092285,9.609367370605469,-3.4999409849631924,2.8280941960868837,0.0793457041642593,26.737266211289818,10.881731169765054,2.9720037366001764
291,2283,20070406030000,spring,39.499794,-75.006409,720,1220,2102,2602,-5.717123508453369,25.863500595092773,9.622054438223746,3.343328660353923,-21.37251091003418,8.331586837768555,-3.651884231809888,3.057452898690266,0.1892166141848486,28.867454387919963,10.844271057457027,2.97453190366759
292,2284,20070406040000,spring,39.499794,-75.006409,720,1220,2102,2602,-4.871840476989746,25.459693908691406,9.366711587504046,3.3766507426675387,-23.559511184692383,9.54473876953125,-3.666971615635527,3.2591546936646907,0.05798339825674493,29.166542595935802,10.696380889377725,2.9653435244349065
293,2285,20070406050000,spring,39.499794,-75.006409,720,1220,2102,2602,-3.5762252807617188,24.879993438720703,9.039876597150856,3.403960946825183,-23.471498489379883,8.28454303741455,-3.561406396016291,3.4166046853776786,0.05493164025884179,28.574477635783005,10.450792550569458,2.9058659944875496
294,2286,20070406060000,spring,39.499794,-75.006409,720,1220,2102,2602,-5.161116600036621,24.855060577392578,8.776299258602437,3.472552286260921,-23.04214859008789,8.185449600219727,-3.3662361093407664,3.463302284811563,0.14954376311629622,28.29676086579901,10.210048435314532,2.857090699593473
295,2287,20070406070000,spring,39.499794,-75.006409,720,1220,2102,2602,-4.455477237701416,23.898658752441406,8.563885626839106,3.5369292027393415,-21.297557830810547,7.446340560913086,-3.1031610816426993,3.4557969276925085,0.07019042889998238,26.56330769692554,9.964397115382885,2.8518303676396775
296,2288,20070406080000,spring,39.499794,-75.006409,720,1220,2102,2602,-3.8330602645874023,23.251056671142578,8.406333654055805,3.5853780388736434,-19.77173614501953,7.704555034637451,-2.841203745783812,3.415804760592927,0.14649200245873167,25.965149096807586,9.752640735143878,2.8543897357764942
297,2289,20070406090000,spring,39.499794,-75.006409,720,1220,2102,2602,-3.5966827869415283,21.915637969970703,8.26916942872132,3.590205359921918,-18.786441802978516,9.753750801086426,-2.6126065012636417,3.3693727087304164,0.146491999285458,28.27844932001461,9.554392910931224,2.856693692302501
298,2290,20070406100000,spring,39.499794,-75.006409,720,1220,2102,2602,-3.4576616287231445,20.767215728759766,8.112374245064819,3.5776154895035557,-19.605361938476562,8.792302131652832,-2.415045091495619,3.3320982639945833,0.07934570490113058,27.93054173154818,9.349966395437628,2.8501576310419416
299,2291,20070406110000,spring,39.499794,-75.006409,720,1220,2102,2602,-4.127147197723389,19.66552734375,7.965247089728754,3.5244491560434823,-17.6363468170166,8.890111923217773,-2.2118209634482224,3.279672692531405,0.10986327877564947,24.46058733358058,9.143873531420153,2.8115627042353406
300,2292,20070406120000,spring,39.499794,-75.006409,720,1220,2102,2602,-3.913003444671631,19.141225814819336,7.796683459219103,3.516490485889008,-17.075563430786133,7.829583168029785,-2.095237824193803,2.8592888081404584,0.048828125859814255,22.977387417900875,8.822419958125755,2.8079242175248735
301,2293,20070406130000,spring,39.499794,-75.006409,720,1220,2102,2602,-2.9750421047210693,18.794189453125,7.736137979775905,3.42057436861703,-15.682930946350098,7.549114227294922,-2.032759949923435,2.628509371244686,0.06408691481098404,21.222572310219753,8.672513390666012,2.7160349539031357
302,2294,20070406140000,spring,39.499794,-75.006409,720,1220,2102,2602,-2.5311663150787354,19.180809020996094,7.554694992695587,3.3098791394829683,-13.088061332702637,7.4596405029296875,-1.7463222116509434,2.488685141127258,0.05493163958070551,19.51658667456413,8.38377938455635,2.64275511167896
303,2295,20070406150000,spring,39.499794,-75.006409,720,1220,2102,2602,-2.6671295166015625,18.364927291870117,7.35851223471942,3.2138625525390494,-9.393876075744629,7.370669841766357,-1.3572909294706725,2.4205245708496514,0.09765624547345884,19.125952779210323,8.08132633761955,2.621060339888231
304,2296,20070406160000,spring,39.499794,-75.006409,720,1220,2102,2602,-3.458984851837158,18.560880661010742,7.2101535462661515,3.1483663845596594,-8.567625999450684,8.114035606384277,-0.9796963647056338,2.4269750470057483,0.07019043268382524,19.656973653803412,7.861848709012704,2.6343638272951058
305,2297,20070406170000,spring,39.499794,-75.006409,720,1220,2102,2602,-4.492800712585449,18.981643676757812,7.069754118833767,3.128045775365944,-9.1621675491333,10.461932182312012,-0.6657021920054791,2.470741072358209,0.14344023727190294,19.25717976468834,7.695339717470742,2.663749455438285
306,2298,20070406180000,spring,39.499794,-75.006409,720,1220,2102,2602,-5.367359161376953,18.232343673706055,6.97190676689587,3.1615817846947194,-8.462785720825195,12.50629997253418,-0.4169184106745917,2.5241663033015382,0.030517579623492982,18.387405615779688,7.600711954401573,2.716154933302089
307,2299,20070406190000,spring,39.499794,-75.006409,720,1220,2102,2602,-7.696183681488037,16.736337661743164,6.86745152262295,3.2181045442127365,-7.811183452606201,12.957237243652344,-0.2600104062248914,2.550781803136737,0.09460449348820393,16.84011091252817,7.525109917065788,2.732197142904557
308,2300,20070406200000,spring,39.499794,-75.006409,720,1220,2102,2602,-7.81320858001709,15.911197662353516,6.731606791833836,3.272538076638523,-8.645816802978516,12.090960502624512,-0.2059124742904636,2.5599389296191823,0.054931641785465994,16.318244869585612,7.430416601220051,2.7218802078111533
309,2301,20070406210000,spring,39.499794,-75.006409,720,1220,2102,2602,-6.852639675140381,15.820939064025879,6.534685927690406,3.3120693344837755,-7.6703314781188965,11.661391258239746,-0.2901001096777342,2.5500205695965077,0.03051757877638311,16.306037723560866,7.2854206613294545,2.679800779247789
310,2302,20070406220000,spring,39.499794,-75.006409,720,1220,2102,2602,-7.959202766418457,15.012362480163574,6.204330782601008,3.3352215243930394,-8.567967414855957,10.586336135864258,-0.5198935537991272,2.5754400263818344,0.024414062452737913,15.18906410385308,7.049422352660896,2.6127089786812308
311,2303,20070406230000,spring,39.499794,-75.006409,720,1220,2102,2602,-9.182751655578613,15.473601341247559,5.5812770102835625,3.307359145519117,-8.06755542755127,9.608248710632324,-0.8691941955585959,2.6726987882710445,0.02441406247188227,15.54612737875978,6.6211419972630825,2.4796317463417985
312,2304,20070407000000,spring,39.499794,-75.006409,720,1220,2102,2602,-9.293050765991211,17.67371940612793,5.1361610945703555,3.408485696734532,-10.730999946594238,9.1897611618042,-1.3749231854606232,2.885571112615864,0.021362304308326883,20.09033181640863,6.494494952864354,2.4569076607234974
313,2305,20070407010000,spring,39.499794,-75.006409,720,1220,2102,2602,-8.684029579162598,18.87654685974121,4.587257684256242,3.4038128005335317,-12.319911003112793,8.202659606933594,-1.8534266771801453,3.063348618553706,0.03967285257880632,21.512496453401337,6.307136717751147,2.3807974027449452
314,2306,20070407020000,spring,39.499794,-75.006409,720,1220,2102,2602,-7.443371772766113,19.579557418823242,4.0216817325471546,3.341487838854688,-14.55169677734375,7.9297919273376465,-2.1980463984070613,3.1275484306569727,0.030517578300680626,21.094390582768494,6.042627665247505,2.3321841672470667
315,2307,20070407030000,spring,39.499794,-75.006409,720,1220,2102,2602,-6.536042213439941,18.504003524780273,3.5262597142729817,3.2621254154782413,-14.833258628845215,8.844487190246582,-2.385016755729166,3.135903263109887,0.03051757640775113,20.331428925302962,5.773767057669194,2.2938565699013935
316,2308,20070407040000,spring,39.499794,-75.006409,720,1220,2102,2602,-6.4979143142700195,18.833415985107422,3.100405186366597,3.2257295218178217,-16.031166076660156,8.312033653259277,-2.459679129250828,3.143260872941768,0.030517577460378018,21.543014332768877,5.535963538331857,2.302403375621856
317,2309,20070407050000,spring,39.499794,-75.006409,720,1220,2102,2602,-7.785444259643555,17.935659408569336,2.7242723872018813,3.235105945350153,-16.44086456298828,7.893415927886963,-2.486438686780395,3.178662068914868,0.01831054762275112,21.07302805086307,5.365574855799051,2.320441095051523
318,2310,20070407060000,spring,39.499794,-75.006409,720,1220,2102,2602,-7.562796115875244,16.30927848815918,2.421792955017545,3.341758985774707,-15.913111686706543,6.743040561676025,-2.496099908587272,3.245124452400609,0.024414061997141457,20.844139035528034,5.2968213371379465,2.3953006958702563
319,2311,20070407070000,spring,39.499794,-75.006409,720,1220,2102,2602,-8.135906219482422,16.10249900817871,2.244647454676832,3.5152056043709154,-19.490833282470703,6.705628395080566,-2.466710130242578,3.3184771865786478,0.015258789047061704,24.997710318812686,5.330319122497298,2.4657170140978875
320,2312,20070407080000,spring,39.499794,-75.006409,720,1220,2102,2602,-8.307694435119629,16.362396240234375,2.232315395636386,3.71610164639124,-17.89031982421875,8.495376586914062,-2.4142029326350247,3.4032188688527203,0.03051757832705084,23.789176869712737,5.427095149264731,2.5979907971339897
321,2313,20070407090000,spring,39.499794,-75.006409,720,1220,2102,2602,-9.24025821685791,16.332746505737305,2.3121582890032903,3.9381944870866348,-17.699159622192383,9.182463645935059,-2.3731591085032573,3.5126987706865673,0.04272460967548458,23.02926660779372,5.5836624302395,2.7657010764927192
322,2314,20070407100000,spring,39.499794,-75.006409,720,1220,2102,2602,-11.344941139221191,17.758878707885742,2.474959810816432,4.136374969414907,-18.832836151123047,11.492533683776855,-2.3629108685764075,3.6686272792474233,0.012207031276588225,23.923462972854605,5.796357412304562,2.946088693243213
323,2315,20070407110000,spring,39.499794,-75.006409,720,1220,2102,2602,-12.44704818725586,19.852577209472656,2.774080176374983,4.3673208291797545,-19.11699676513672,12.074469566345215,-2.398875108409173,3.8562287404592235,0.02746582015467267,25.452437490985922,6.121749634377122,3.1493325242718386
324,2316,20070407120000,spring,39.499794,-75.006409,720,1220,2102,2602,-19.98302459716797,20.802349090576172,2.9853892663891153,4.535426997548941,-18.39472198486328,13.218889236450195,-2.6490556135101606,3.9172055192618327,0.027465820878510648,25.02517566119366,6.329333023569373,3.4328101203425723
325,2317,20070407130000,spring,39.499794,-75.006409,720,1220,2102,2602,-18.167919158935547,21.931150436401367,3.6718733614905954,4.8429099380111005,-18.655288696289062,13.524384498596191,-3.140529360092911,4.112610218459393,0.03356933677299627,25.30899863935875,7.123820948686292,3.6005684568067142
326,2318,20070407140000,spring,39.499794,-75.006409,720,1220,2102,2602,-15.035825729370117,21.29306411743164,4.311947098827816,5.145560079571347,-20.257728576660156,12.134419441223145,-3.518473775625426,4.375354661716682,0.06103516047340914,23.883789678738285,7.900184658450466,3.765653303680725
327,2319,20070407150000,spring,39.499794,-75.006409,720,1220,2102,2602,-14.545048713684082,22.908185958862305,4.973964545505423,5.496417321477026,-20.641128540039062,12.504350662231445,-3.700691763934075,4.728532459705449,0.06408691231431875,23.00485300978559,8.65740667829655,4.0067911141587516
328,2320,20070407160000,spring,39.499794,-75.006409,720,1220,2102,2602,-18.286365509033203,24.452930450439453,5.752415065628161,5.883150186123302,-21.218334197998047,15.084964752197266,-3.87027366391407,5.04266568816155,0.10986327883973847,24.45448227822094,9.461311315463107,4.311939107615845
329,2321,20070407170000,spring,39.499794,-75.006409,720,1220,2102,2602,-23.36872673034668,33.14635467529297,6.529233512142279,6.168168521550846,-23.41659927368164,19.1483097076416,-4.174116336262857,5.133402250946879,0.13123321454913048,33.61002986939324,10.195816993706998,4.527424748778392
330,2322,20070407180000,spring,39.499794,-75.006409,720,1220,2102,2602,-21.298851013183594,27.451566696166992,7.127390315599934,6.061513688753375,-24.409738540649414,13.382584571838379,-4.464729626870707,5.09605058335022,0.2594070443116239,29.9325555631405,10.614291670421075,4.5587273919596445
331,2323,20070407190000,spring,39.499794,-75.006409,720,1220,2102,2602,-11.751282691955566,27.952905654907227,7.608100306977708,5.746667293630734,-25.15574836730957,8.584850311279297,-4.66830136396206,5.018536829737283,0.21668243338825124,28.223518713606573,10.866970886961491,4.44916492646097
332,2324,20070407200000,spring,39.499794,-75.006409,720,1220,2102,2602,-9.811659812927246,28.225942611694336,8.070339338014193,5.281217750013106,-23.862226486206055,8.947784423828125,-4.737832661490579,4.897547552693902,0.08239746203102834,30.768761363488302,11.000239139147343,4.295277312876168
333,2325,20070407210000,spring,39.499794,-75.006409,720,1220,2102,2602,-6.846689224243164,28.695737838745117,8.498301307476453,4.70546841200311,-24.12103843688965,11.668867111206055,-4.832715457514946,4.697680513370154,0.08239746156442758,29.187904306388194,11.076958799422437,4.133628278391089
334,2326,20070407220000,spring,39.499794,-75.006409,720,1220,2102,2602,-6.046998023986816,28.900741577148438,8.747536049533206,4.0284522966248,-24.18915367126465,7.178555965423584,-4.8414101194908525,4.394217424017162,0.09155273318699679,31.360816706250297,10.976760606572851,3.873879211423541
335,2327,20070407230000,spring,39.499794,-75.006409,720,1220,2102,2602,-5.535459041595459,28.36419105529785,8.60338762183649,3.395191336350594,-22.163162231445312,7.307997703552246,-4.567760425606249,4.0329504684186555,0.10986328278212668,31.47679287458893,10.458069571241472,3.6473974847177746
336,4344,20070701000000,summer,39.499794,-75.006409,720,1220,2102,2602,-9.035687446594238,19.92103385925293,1.9989409715998638,3.742316003588933,-15.182116508483887,16.543397903442383,-0.8138738745501363,4.723962365617906,0.02746582020888107,21.65593703193056,5.737244481927555,2.8395300577207925
337,4345,20070701010000,summer,39.499794,-75.006409,720,1220,2102,2602,-9.415386199951172,24.727001190185547,1.9918718191588385,3.7020961324062838,-13.67070484161377,11.17060661315918,-1.0960653399333302,5.152886619404917,0.02136230540608412,25.022124717078956,6.040960054352115,2.988891179200776
338,4346,20070701020000,summer,39.499794,-75.006409,720,1220,2102,2602,-9.967788696289062,17.829750061035156,1.9316433835843991,3.600198032434661,-13.114978790283203,12.204180717468262,-1.2448671998455643,5.2804568228944095,0.01831054759811445,18.57661433239423,6.064801100297896,3.0567594363346107
339,4347,20070701030000,summer,39.499794,-75.006409,720,1220,2102,2602,-8.710558891296387,18.709070205688477,1.943193426874747,3.5040188521170843,-13.559087753295898,13.144585609436035,-1.4314793934715582,5.19087387880901,0.018310547118360318,19.296852055718034,5.948871215376145,3.107955107903859
340,4348,20070701040000,summer,39.499794,-75.006409,720,1220,2102,2602,-8.85969352722168,26.573591232299805,1.9521676801706016,3.4514803532595546,-13.053962707519531,13.143621444702148,-1.807628433637114,4.927915341998185,0.024414061995845053,26.575515031491914,5.808227709641452,3.0886949226796476
341,4349,20070701050000,summer,39.499794,-75.006409,720,1220,2102,2602,-9.638635635375977,23.481101989746094,1.9139370230417643,3.394141604881379,-13.544384002685547,12.000650405883789,-2.297215216716065,4.590724677038503,0.012207031361231913,24.573501758597605,5.718147017013105,2.972893820213389
342,4350,20070701060000,summer,39.499794,-75.006409,720,1220,2102,2602,-10.449591636657715,20.50045394897461,1.8405612426697027,3.341207003576108,-13.486465454101562,14.46827507019043,-2.828530839899892,4.256839758880401,0.024414062401759366,23.413802218158416,5.708806740304344,2.8429081898065762
343,4351,20070701070000,summer,39.499794,-75.006409,720,1220,2102,2602,-9.886935234069824,20.9411563873291,1.7558524331748198,3.2526928994446833,-13.080900192260742,12.808690071105957,-3.316678179408199,3.981541931588661,0.04882812262760195,21.497237496987147,5.764589053832082,2.6991799133041114
344,4352,20070701080000,summer,39.499794,-75.006409,720,1220,2102,2602,-8.770678520202637,17.892457962036133,1.6626634915831928,3.117221956822274,-13.249558448791504,11.48239803314209,-3.7965007142745293,3.7331885315930564,0.039672853882570414,17.950989384111793,5.856903783079291,2.5550567461398823
345,4353,20070701090000,summer,39.499794,-75.006409,720,1220,2102,2602,-8.20396900177002,20.142894744873047,1.466334603197823,2.9580682032968895,-14.302739143371582,10.647087097167969,-4.264886438296634,3.5179014393365953,0.06713866982228366,20.432145175600358,5.95806633572272,2.442670070122464
346,4354,20070701100000,summer,39.499794,-75.006409,720,1220,2102,2602,-8.02198314666748,20.908836364746094,1.21634184423446,2.7895449062975644,-14.613733291625977,10.484942436218262,-4.663142972656685,3.357811027726059,0.0854492194796724,21.366004696656898,6.0663314843022045,2.3410399121344208
347,4355,20070701110000,summer,39.499794,-75.006409,720,1220,2102,2602,-7.409824371337891,20.341064453125,0.9238823443156742,2.5154215633108743,-14.2369384765625,12.470460891723633,-4.518162839449847,2.927798118316503,0.07019043051149217,21.95501752433763,5.6675295862010495,2.011419867219787
348,4356,20070701120000,summer,39.499794,-75.006409,720,1220,2102,2602,-6.823252201080322,23.52765655517578,0.7859505647064137,2.2961470423982995,-13.243314743041992,14.920592308044434,-4.300692333114888,2.655852670286588,0.045776369755024124,27.787102608706792,5.267565525784854,1.9215282752073424
349,4357,20070701130000,summer,39.499794,-75.006409,720,1220,2102,2602,-5.744730472564697,23.743715286254883,0.6795071812848813,2.2949097845413995,-13.063225746154785,18.81126594543457,-4.7016433938345665,2.5600965097593225,0.045776365599255145,24.912262171760062,5.560227165660056,1.863265825621137
350,4358,20070701140000,summer,39.499794,-75.006409,720,1220,2102,2602,-7.33313512802124,13.303942680358887,0.6846249857239397,2.424749657268633,-12.457173347473145,13.781683921813965,-4.9782216257530925,2.436280768281487,0.07629394780683511,16.473892486700436,5.829409406899464,1.7562069283737283
351,4359,20070701150000,summer,39.499794,-75.006409,720,1220,2102,2602,-7.129270553588867,9.953690528869629,0.8016182935033072,2.6296100447785835,-11.914463996887207,10.768428802490234,-5.115718520956987,2.3560025578335035,0.07019043476586516,13.25418902838449,6.025467024638418,1.7240974593261793
352,4360,20070701160000,summer,39.499794,-75.006409,720,1220,2102,2602,-9.415802001953125,12.941131591796875,0.9733798141404595,2.789467437457528,-12.146513938903809,13.163105010986328,-5.19131692401951,2.2809683278604287,0.09155273660776067,16.135140207449375,6.152607171051062,1.7397154262283303
353,4361,20070701170000,summer,39.499794,-75.006409,720,1220,2102,2602,-9.685759544372559,10.159628868103027,1.0851190011414504,2.942782666513411,-12.770332336425781,9.245004653930664,-5.186479285500917,2.27238417858891,0.03967285206859357,14.975433168243613,6.225201280099545,1.7741531290303802
354,4362,20070701180000,summer,39.499794,-75.006409,720,1220,2102,2602,-9.492264747619629,11.55003833770752,1.1690485701154552,3.1171696858976126,-12.90302562713623,7.020339488983154,-5.124199937346611,2.345743514236726,0.04577636657972546,15.22568540844278,6.276731136167135,1.8563419099736764
355,4363,20070701190000,summer,39.499794,-75.006409,720,1220,2102,2602,-10.208377838134766,12.156606674194336,1.2139213717572195,3.270031646872904,-14.254583358764648,7.459020614624023,-5.025566207990648,2.427969343530667,0.06103516017217841,14.896087370870795,6.302204534603156,1.897440622630625
356,4364,20070701200000,summer,39.499794,-75.006409,720,1220,2102,2602,-10.372928619384766,12.623283386230469,1.1873832934423774,3.381279618664915,-12.204354286193848,8.009234428405762,-4.949866501070509,2.474135488773615,0.024414061569482857,13.895081671722487,6.3052936517465525,1.9258057289400974
357,4365,20070701210000,summer,39.499794,-75.006409,720,1220,2102,2602,-10.977258682250977,12.503012657165527,1.104880704289485,3.4561045003479114,-12.282841682434082,6.936755180358887,-4.944826755195089,2.527410670286098,0.0823974611277566,13.544113068385961,6.338451908976919,1.9566715158125985
358,4366,20070701220000,summer,39.499794,-75.006409,720,1220,2102,2602,-10.465882301330566,12.805583953857422,0.9280370721612791,3.4956512468834675,-14.014856338500977,6.496850490570068,-4.946246114800118,2.6530267120829354,0.06408691318764459,15.262306811602615,6.364381669814801,2.019746957237425
359,4367,20070701230000,summer,39.499794,-75.006409,720,1220,2102,2602,-10.178519248962402,12.813241004943848,0.6809638592622163,3.507972764145596,-11.624678611755371,6.261927604675293,-4.856633983193783,2.748148406473466,0.051879884593772393,14.57258630217226,6.319804905565657,1.992200782529764
360,4368,20070702000000,summer,39.499794,-75.006409,720,1220,2102,2602,-9.845287322998047,12.204967498779297,0.5277801146391251,3.7533746187684036,-11.608439445495605,7.272821426391602,-5.12648108980988,2.928764351391288,0.09155273424666925,15.778069120899197,6.707301996011146,2.0583832982918873
361,4369,20070702010000,summer,39.499794,-75.006409,720,1220,2102,2602,-9.884526252746582,12.181123733520508,0.2368017346882145,4.074942341248862,-12.818978309631348,4.695525646209717,-5.560104295882358,3.2854351701000835,0.024414062833060534,17.365029248833313,7.27825960637627,2.323146849914063
362,4370,20070702020000,summer,39.499794,-75.006409,720,1220,2102,2602,-10.312707901000977,11.397995948791504,-0.09342216025987757,4.206330394851094,-14.37260627746582,5.942831993103027,-5.6717105178290925,3.4252582052813407,0.03356933622296248,17.288734155813685,7.457833053313783,2.446091414987698
363,4371,20070702030000,summer,39.499794,-75.006409,720,1220,2102,2602,-10.948504447937012,10.928942680358887,-0.3134729818999635,4.242274303730215,-14.684330940246582,6.775850772857666,-5.612307292280556,3.4687210874370606,0.030517577980386436,16.51051409994908,7.451876293635911,2.4687477409071414
364,4372,20070702040000,summer,39.499794,-75.006409,720,1220,2102,2602,-11.294037818908691,10.586536407470703,-0.41604210603383046,4.165111032552857,-15.688468933105469,7.118008613586426,-5.52154356616257,3.55510560611413,0.024414062434828448,17.285683086857773,7.374525265550417,2.5027659257110955
365,4373,20070702050000,summer,39.499794,-75.006409,720,1220,2102,2602,-11.151442527770996,11.135049819946289,-0.4221530453556406,4.034688433483404,-16.272422790527344,7.760482311248779,-5.434241872698029,3.640791510779327,0.042724607697641304,18.00897202058175,7.272057543397285,2.521993376369939
366,4374,20070702060000,summer,39.499794,-75.006409,720,1220,2102,2602,-11.33970832824707,10.013643264770508,-0.37366435452571206,3.9111180998057056,-16.164630889892578,8.472368240356445,-5.391487320494522,3.646962188558959,0.03356933667830575,17.642753833798928,7.169789110040257,2.5296368691673923
367,4375,20070702070000,summer,39.499794,-75.006409,720,1220,2102,2602,-10.69691276550293,10.718185424804688,-0.2662353580016007,3.8175912352510792,-16.22577667236328,9.41722297668457,-5.402630723273011,3.5566141191515266,0.021362304568429462,17.441329637823628,7.0831296124904375,2.5123856635832422
368,4376,20070702080000,summer,39.499794,-75.006409,720,1220,2102,2602,-10.971080780029297,10.717488288879395,-0.16121410851548496,3.7694150101027573,-16.448406219482422,9.31437873840332,-5.461653369168864,3.376256197985705,0.027465821197552524,17.316200281378983,7.006534636868775,2.5242256889828694
369,4377,20070702090000,summer,39.499794,-75.006409,720,1220,2102,2602,-11.074311256408691,10.224571228027344,-0.09950709409301192,3.7640199552602884,-15.43092155456543,8.215033531188965,-5.607744344115046,3.1604927615570793,0.07629394166587111,16.312141599571202,7.0269190774129475,2.4971318126345396
370,4378,20070702100000,summer,39.499794,-75.006409,720,1220,2102,2602,-11.360703468322754,10.792906761169434,-0.06542708710801579,3.7433244832861337,-14.467262268066406,9.819149017333984,-5.738121387045131,2.994004047892174,0.0732421889824195,15.674308497972104,7.068252111000001,2.4385791513707984
371,4379,20070702110000,summer,39.499794,-75.006409,720,1220,2102,2602,-11.876715660095215,11.21058177947998,-0.09972567960669869,3.447873278261557,-14.028396606445312,9.870577812194824,-5.457550179027249,2.73642888878969,0.08850097790354992,15.19821985776286,6.644532986721078,2.2407261685671718
372,4380,20070702120000,summer,39.499794,-75.006409,720,1220,2102,2602,-11.318821907043457,10.450919151306152,0.15140529835834424,3.0313903859081353,-13.755508422851562,8.464115142822266,-5.123311801734747,2.7031912939737825,0.05187988104427816,15.158546233066893,6.061127461454881,2.4557182496685046
373,4381,20070702130000,summer,39.499794,-75.006409,720,1220,2102,2602,-9.923388481140137,10.159377098083496,0.09890651648108172,3.0408986020423354,-13.86220932006836,7.921893119812012,-5.356328530274354,2.520788065857413,0.07324218858540935,15.27756512081422,6.286098912768865,2.1877922805860055
374,4382,20070702140000,summer,39.499794,-75.006409,720,1220,2102,2602,-9.243598937988281,9.625783920288086,0.16829881249824166,3.054729074612619,-13.923806190490723,5.828680515289307,-5.381743652966466,2.430184068685055,0.06408691390468892,14.685508000384093,6.333928095972877,2.02731557448585
375,4383,20070702150000,summer,39.499794,-75.006409,720,1220,2102,2602,-8.420723915100098,9.390375137329102,0.32792635618783766,3.0520667051310064,-12.8002290725708,6.212446212768555,-5.2342300515559295,2.4613769835904997,0.02746582089881289,13.727226492163878,6.234238622481051,2.003111717697665
376,4384,20070702160000,summer,39.499794,-75.006409,720,1220,2102,2602,-8.846416473388672,9.419346809387207,0.5082757006433472,3.038649033948568,-11.989107131958008,6.827050685882568,-4.989638031466836,2.5588092754967002,0.0793457042336814,13.068023304852048,6.067169516555893,2.0310536157827466
377,4385,20070702170000,summer,39.499794,-75.006409,720,1220,2102,2602,-9.443497657775879,9.651017189025879,0.6617851797519017,3.0665255634098907,-11.846917152404785,7.650913715362549,-4.713703274041396,2.7098450097517417,0.03967285004900044,13.156532296218842,5.926402009077423,2.0691922130565112
378,4386,20070702180000,summer,39.499794,-75.006409,720,1220,2102,2602,-9.941275596618652,11.68996524810791,0.7920768451186014,3.1208397026553034,-11.39269733428955,8.428719520568848,-4.407347403260496,2.876913672149476,0.0427246091601415,13.034454285435467,5.799021188662204,2.1070649827940997
379,4387,20070702190000,summer,39.499794,-75.006409,720,1220,2102,2602,-9.965843200683594,11.529086112976074,0.9027798638323884,3.2117008709406187,-10.942875862121582,9.432767868041992,-4.090411784635505,3.030206674388472,0.05798339949210756,12.747581626119954,5.694112193383794,2.1495909735327343
380,4388,20070702200000,summer,39.499794,-75.006409,720,1220,2102,2602,-10.236067771911621,11.851205825805664,0.9921610115146956,3.300709915445834,-14.599980354309082,9.52813720703125,-3.7546107257107013,3.1835579445125135,0.012207031291594178,15.030365665934196,5.590615642967131,2.203685331210901
381,4389,20070702210000,summer,39.499794,-75.006409,720,1220,2102,2602,-10.00542163848877,11.669999122619629,1.1021258396092606,3.408431418853082,-11.57809066772461,9.420750617980957,-3.432144641081253,3.3343802821961894,0.027465819962519306,13.013092128478617,5.534557856182774,2.2579778881836505
382,4390,20070702220000,summer,39.499794,-75.006409,720,1220,2102,2602,-8.422076225280762,13.82132625579834,1.1558538017459137,3.5497797057667997,-11.655363082885742,9.979706764221191,-3.1443525982120466,3.4640831957474494,0.0213623037233483,15.350806671186358,5.5361223577098535,2.274886559785368
383,4391,20070702230000,summer,39.499794,-75.006409,720,1220,2102,2602,-7.791418552398682,12.20388126373291,1.112873674331029,3.7464996723559123,-12.034238815307617,9.97307300567627,-2.827809298629962,3.559551635123873,0.02441406143061989,14.108703832944498,5.566420849899818,2.226346739462141
384,4392,20070703000000,summer,39.499794,-75.006409,720,1220,2102,2602,-8.66096305847168,11.697831153869629,1.0158149260358906,4.22961789024103,-11.103293418884277,11.649252891540527,-2.729643990035414,3.719078307213684,0.036621091298709656,12.894073571687603,5.9379971871007475,2.223563948914391
385,4393,20070703010000,summer,39.499794,-75.006409,720,1220,2102,2602,-9.889822959899902,12.561554908752441,0.871095248153016,4.662980775114253,-13.409299850463867,12.36249828338623,-2.607174400861508,3.8973280791684517,0.048828126587075193,13.528854323983348,6.242086244418016,2.350548972233867
386,4394,20070703020000,summer,39.499794,-75.006409,720,1220,2102,2602,-10.481529235839844,13.830233573913574,0.7358103752534089,4.836960267157375,-16.229732513427734,12.973404884338379,-2.366970433181026,3.930919482681172,0.021362305090365404,16.342658753323768,6.230923542115432,2.4835197517992422
387,4395,20070703030000,summer,39.499794,-75.006409,720,1220,2102,2602,-10.966169357299805,12.529483795166016,0.6891437165093413,4.821508955977878,-12.47540283203125,12.5253324508667,-2.099081272339953,3.9113556938232814,0.00915527390098654,14.499344404733204,6.083474578009328,2.5333871170402573
388,4396,20070703040000,summer,39.499794,-75.006409,720,1220,2102,2602,-11.289172172546387,12.074190139770508,0.7223140459847196,4.691965747455106,-11.456814765930176,12.741067886352539,-1.8580664348027671,3.9193830547002046,0.021362304926080083,13.693656528826272,5.908052141842045,2.538734813092175
389,4397,20070703050000,summer,39.499794,-75.006409,720,1220,2102,2602,-9.821891784667969,11.41680908203125,0.7939369828636443,4.537316951454794,-11.978289604187012,13.038400650024414,-1.6847916023314777,3.9259684751108725,0.05493163926858893,14.00799547295183,5.749716753200278,2.5318154592182958
390,4398,20070703060000,summer,39.499794,-75.006409,720,1220,2102,2602,-9.36546802520752,11.048384666442871,0.8294912430374307,4.364500577452726,-11.353708267211914,13.245556831359863,-1.5551707277808413,3.902407668354837,0.03662109502533021,13.278603271738527,5.591167358852273,2.4744919035525035
391,4399,20070703070000,summer,39.499794,-75.006409,720,1220,2102,2602,-9.403964042663574,11.200216293334961,0.8797214097538623,4.2233564799470775,-11.25244426727295,12.923741340637207,-1.4481061867079843,3.867154229447457,0.015258789429167446,13.565474624386681,5.444910634466505,2.4526498446535636
392,4400,20070703080000,summer,39.499794,-75.006409,720,1220,2102,2602,-9.485132217407227,11.651873588562012,0.9205711530203421,4.083592433144957,-11.244181632995605,12.635122299194336,-1.365025489007053,3.80020473449673,0.042724608239755706,13.623466710420596,5.284832942643007,2.428697137540519
393,4401,20070703090000,summer,39.499794,-75.006409,720,1220,2102,2602,-9.53136157989502,11.409175872802734,0.9133329068576596,3.930887184355135,-10.370253562927246,12.60883903503418,-1.2968697482599236,3.713349047530413,0.033569335772139185,13.24808483599454,5.105208362072101,2.386154003297434
394,4402,20070703100000,summer,39.499794,-75.006409,720,1220,2102,2602,-8.84677791595459,10.941203117370605,0.8306558384061637,3.749019012169233,-9.808773040771484,12.088212013244629,-1.2335630258332468,3.638616305885513,0.01831054622035868,12.753684387436516,4.916186285581741,2.3102925012001037
395,4403,20070703110000,summer,39.499794,-75.006409,720,1220,2102,2602,-8.740948677062988,9.379681587219238,0.6605727980619871,3.4079210558176123,-9.205475807189941,10.890157699584961,-1.0947357953598262,3.41160521158821,0.027465820597660756,11.963256773560488,4.5271260744894635,2.0959266283150355
396,4404,20070703120000,summer,39.499794,-75.006409,720,1220,2102,2602,-7.945506572723389,8.487846374511719,0.5629697975296597,2.9123947657804226,-8.688901901245117,10.466593742370605,-1.1389964768331702,2.9011947621738132,0.015258788655049132,11.899169936265137,3.773203022429026,2.067888110733122
397,4405,20070703130000,summer,39.499794,-75.006409,720,1220,2102,2602,-7.12116813659668,8.284293174743652,0.5091912773064157,2.7173448101970594,-8.334207534790039,9.765810012817383,-1.0329766796777131,2.8281813909601494,0.01220703098564379,11.053802439829992,3.6226632898475897,1.893462453737003
398,4406,20070703140000,summer,39.499794,-75.006409,720,1220,2102,2602,-7.326517105102539,7.399552822113037,0.49472725193077094,2.5934900093001123,-8.735353469848633,9.832819938659668,-0.8194314680968495,2.8514733136963093,0.003051757766721246,10.754723275461478,3.5913041640765435,1.6958325014159035
399,4407,20070703150000,summer,39.499794,-75.006409,720,1220,2102,2602,-7.438779830932617,8.246021270751953,0.4997620398235637,2.5213047824326438,-8.834699630737305,9.495573043823242,-0.5842654899108956,2.8731973769279673,0.01220703173291974,10.098571565448006,3.579122890793803,1.547012787422492
400,4408,20070703160000,summer,39.499794,-75.006409,720,1220,2102,2602,-7.766232490539551,10.164207458496094,0.5020938190837424,2.5045580100691045,-10.544175148010254,9.792181968688965,-0.2703563059801443,2.903059905021228,0.00915527338420309,10.950042422725678,3.5890099897782872,1.4645018492853332
401,4409,20070703170000,summer,39.499794,-75.006409,720,1220,2102,2602,-8.051986694335938,11.130083084106445,0.5055790326383792,2.5478079971003513,-11.367713928222656,9.806354522705078,0.07262983092155881,2.9416353206266903,0.02136230454070536,12.30506153200434,3.6423077587514636,1.4625400475778914
402,4410,20070703180000,summer,39.499794,-75.006409,720,1220,2102,2602,-7.846013069152832,12.062361717224121,0.506976007648514,2.6320246291574105,-13.549290657043457,10.484195709228516,0.4283419077887229,2.988424948169803,0.02441406179877794,13.950012418126889,3.7450278304154434,1.507814753558275
403,4411,20070703190000,summer,39.499794,-75.006409,720,1220,2102,2602,-10.481761932373047,11.40158462524414,0.48237643719561313,2.7500852375332894,-13.102778434753418,10.93724536895752,0.8023056490881164,3.0357501129967597,0.02136230430401734,14.926605268650118,3.8906383641935243,1.5868402764752791
404,4412,20070703200000,summer,39.499794,-75.006409,720,1220,2102,2602,-10.122198104858398,13.120712280273438,0.4430454873472511,2.855701202434824,-13.465507507324219,12.49988842010498,1.2054870532776885,3.095542198644251,0.018310547839780016,14.014099502160503,4.069297221270775,1.681582387399387
405,4413,20070703210000,summer,39.499794,-75.006409,720,1220,2102,2602,-12.094847679138184,14.780645370483398,0.4128787038069051,2.974914228279685,-13.736546516418457,12.316873550415039,1.6007152530272697,3.161436763331079,0.018310547320028635,17.081207159876563,4.278534909578382,1.8087825317082002
406,4414,20070703220000,summer,39.499794,-75.006409,720,1220,2102,2602,-11.782954216003418,12.518280982971191,0.325814629762304,3.0590740840683575,-16.75058364868164,13.000250816345215,2.0147715755004514,3.2125907280749075,0.039672850802201995,16.88894620821313,4.486660740183858,1.9271763061111156
407,4415,20070703230000,summer,39.499794,-75.006409,720,1220,2102,2602,-13.57241439819336,12.07289981842041,0.13368804202704992,3.098281086413757,-14.074384689331055,12.771951675415039,2.3981785375909896,3.2262372733432625,0.021362303890120806,14.752647926084759,4.647454559859471,2.0440771852166146
408,4416,20070704000000,summer,39.499794,-75.006409,720,1220,2102,2602,-9.525749206542969,10.705770492553711,-0.10291456910425192,3.258546283717586,-10.698579788208008,13.455309867858887,3.0333231447868716,3.541728261536394,0.015258788811909795,13.81877892893775,5.136143514180224,2.448189835914147
409,4417,20070704010000,summer,39.499794,-75.006409,720,1220,2102,2602,-9.85573959350586,10.004284858703613,-0.21990067960087245,3.2944496248258592,-10.324498176574707,14.327445983886719,3.719368803912438,3.7879439478138885,0.03051757716601905,14.569534429306543,5.55244322228718,2.8730389057543655
410,4418,20070704020000,summer,39.499794,-75.006409,720,1220,2102,2602,-9.1932954788208,10.187273025512695,-0.14540257611162122,3.2114329310161898,-12.28549575805664,14.610295295715332,4.195297180153439,3.737280411330534,0.03051757703116925,16.08325252552373,5.71813544646891,3.0339996206508104
411,4419,20070704030000,summer,39.499794,-75.006409,720,1220,2102,2602,-8.777569770812988,10.126692771911621,0.06516161283691542,3.1243691190313223,-10.73870849609375,15.663453102111816,4.5492110445011225,3.5621835430697737,0.030517576543487312,16.623436296293,5.841109616879943,3.0053019138290953
412,4420,20070704040000,summer,39.499794,-75.006409,720,1220,2102,2602,-8.320918083190918,10.555827140808105,0.282783656252919,3.0573860958592625,-8.742897987365723,16.10444450378418,4.8397874216306835,3.337837731489961,0.027465818990127327,16.45252981966118,5.9697428985189145,2.8904063848035153
413,4421,20070704050000,summer,39.499794,-75.006409,720,1220,2102,2602,-7.953106880187988,11.454927444458008,0.5293281333486543,3.02345395671179,-3.93882417678833,16.410337448120117,5.07079015062795,3.1382059542810463,0.024414062490357383,16.541030915953815,6.105033270373376,2.776919197948536
414,4422,20070704060000,summer,39.499794,-75.006409,720,1220,2102,2602,-7.6922101974487305,12.598575592041016,0.7846887468998753,2.996349169827047,-2.282703399658203,16.082307815551758,5.248165274820265,2.992176901621788,0.0457763674648365,16.226691961691024,6.229105299511052,2.6997135601885804
415,4423,20070704070000,summer,39.499794,-75.006409,720,1220,2102,2602,-7.13308048248291,13.7219820022583,1.0639760267946865,2.9929447953922863,-3.2591304779052734,16.84294891357422,5.389730315611926,2.9040360727768486,0.024414062906008095,17.441329678291474,6.376569276192833,2.6290200050187145
416,4424,20070704080000,summer,39.499794,-75.006409,720,1220,2102,2602,-7.3456130027771,14.01912784576416,1.336689969047139,2.9706556796355637,-3.8311548233032227,17.934322357177734,5.494139841991138,2.843683780030807,0.045776367662050836,18.008972403473102,6.485252151490134,2.612498768623547
417,4425,20070704090000,summer,39.499794,-75.006409,720,1220,2102,2602,-7.0389838218688965,14.789278030395508,1.5055803272820856,2.9716400508608856,-3.348597288131714,17.913846969604492,5.549776722445318,2.7810627280773033,0.024414061794210073,17.93878212267593,6.56042391035822,2.5676032397308104
418,4426,20070704100000,summer,39.499794,-75.006409,720,1220,2102,2602,-7.369236946105957,15.922101020812988,1.5789748362483955,2.9942702466449833,-2.9299533367156982,17.652206420898438,5.599621501960903,2.714381138582374,0.03967285083346899,18.176826445142066,6.616943965291527,2.5295245273283515
419,4427,20070704110000,summer,39.499794,-75.006409,720,1220,2102,2602,-7.307140350341797,15.467790603637695,1.5629632050036117,2.856227655224325,-2.595486640930176,16.901660919189453,5.384335266989363,2.5051590370498658,0.06103515723659676,17.462692540541525,6.360503852732566,2.3263209594326435
420,4428,20070704120000,summer,39.499794,-75.006409,720,1220,2102,2602,-7.561354160308838,14.9256591796875,1.4262384931446588,2.648732345323938,-2.9201765060424805,16.773683547973633,4.964410151221501,2.2737866306495316,0.061035155479791,17.151405833050756,5.849665055043727,2.1556511340114173
421,4429,20070704130000,summer,39.499794,-75.006409,720,1220,2102,2602,-7.66969108581543,13.340743064880371,1.4980596536340172,2.647031777805825,-2.6612112522125244,15.334129333496094,5.086530015132709,2.177160823675418,0.09155273497754668,15.509506480350037,5.972483329436551,2.0477352575846828
422,4430,20070704140000,summer,39.499794,-75.006409,720,1220,2102,2602,-7.508076190948486,12.32732105255127,1.5796448985411078,2.6866003924876467,-3.0977940559387207,13.712437629699707,5.371849567094447,2.17555839913975,0.03662109358717856,14.145332274593297,6.264918798152383,2.0133837802363774
423,4431,20070704150000,summer,39.499794,-75.006409,720,1220,2102,2602,-7.730237007141113,14.16137981414795,1.6074050978482473,2.72274344138509,-3.232612133026123,13.985816955566406,5.731894248377757,2.263518399006127,0.13123321211864436,14.230781365030108,6.61416472932645,2.0562186524670247
424,4432,20070704160000,summer,39.499794,-75.006409,720,1220,2102,2602,-7.891003608703613,16.79524040222168,1.6439914588721483,2.8339803039196534,-8.272775650024414,17.310924530029297,6.139090493619435,2.387896820576899,0.08544921886607953,19.85228740619388,7.042285378546844,2.1285798649626013
425,4433,20070704170000,summer,39.499794,-75.006409,720,1220,2102,2602,-9.901351928710938,14.851292610168457,1.6308928133997884,2.9764554195911987,-7.266059875488281,18.492477416992188,6.560768159139572,2.596270562143061,0.027465820437245853,21.097442821996047,7.492208393103659,2.2738098640278315
426,4434,20070704180000,summer,39.499794,-75.006409,720,1220,2102,2602,-8.735652923583984,18.8678035736084,1.6565484906555568,3.167624400828307,-11.818979263305664,20.908283233642578,6.995363849264325,2.874030893083308,0.05798339726525927,23.862419403577114,7.990608404235362,2.4745390550101924
427,4435,20070704190000,summer,39.499794,-75.006409,720,1220,2102,2602,-11.61545467376709,16.10736656188965,1.686055476572114,3.3124297947046117,-12.392461776733398,17.710739135742188,7.361447305850289,3.1763712256807315,0.07934570564034407,21.106597636179597,8.429429188347688,2.653288219116173
428,4436,20070704200000,summer,39.499794,-75.006409,720,1220,2102,2602,-8.647262573242188,19.43688201904297,1.6591541066112552,3.308207099939723,-11.566210746765137,18.520740509033203,7.644349856932584,3.4497867934333364,0.10681151947684528,19.60813767967892,8.718060178999357,2.8336490495921645
429,4437,20070704210000,summer,39.499794,-75.006409,720,1220,2102,2602,-10.457202911376953,22.01520538330078,1.6081281084360435,3.2736421518471586,-11.674543380737305,18.769418716430664,7.791729070464049,3.702461247888514,0.03967285009317862,22.925506475038866,8.866130405155445,3.0189073834587017
430,4438,20070704220000,summer,39.499794,-75.006409,720,1220,2102,2602,-8.12743854522705,19.95528793334961,1.5128678581032897,3.2073401591460025,-11.14083194732666,19.280458450317383,7.845373056614306,3.858192017664641,0.07019042763241704,20.288704534444754,8.902711311701125,3.1229882157450466
431,4439,20070704230000,summer,39.499794,-75.006409,720,1220,2102,2602,-9.748929023742676,19.91880989074707,1.3271976131765177,3.115300386574602,-12.373286247253418,19.541034698486328,7.883415955676374,4.041452385890865,0.07934570533894975,21.13407078898736,8.90183634037308,3.2719175249175105
432,4440,20070705000000,summer,39.499794,-75.006409,720,1220,2102,2602,-10.06934928894043,20.197330474853516,1.187826075369773,3.0742699292963445,-11.02189826965332,19.792415618896484,7.678714569253327,4.615009218337103,0.0,21.576583638237683,8.638983494394637,4.060910992435178
433,4441,20070705010000,summer,39.499794,-75.006409,720,1220,2102,2602,-7.852160930633545,22.68516731262207,1.3934536548512477,3.1441758459760765,-12.393646240234375,19.444778442382812,8.082535411160272,4.752700034456417,0.0,22.745444526268965,9.056690911686264,4.209446621469246
434,4442,20070705020000,summer,39.499794,-75.006409,720,1220,2102,2602,-8.762868881225586,19.878259658813477,1.8020029351823812,3.3117570287126203,-9.471632957458496,18.255512237548828,8.167451262892826,4.870875444727851,0.0,20.853294766447235,9.27115860438355,4.323569712376638
435,4443,20070705030000,summer,39.499794,-75.006409,720,1220,2102,2602,-9.209479331970215,20.45090103149414,2.270717995385361,3.3517773831247113,-8.151015281677246,18.71089744567871,8.125595590911866,4.93025972638762,0.0,21.79631809985549,9.345904749662187,4.401976934006031
436,4444,20070705040000,summer,39.499794,-75.006409,720,1220,2102,2602,-7.296550750732422,20.979204177856445,2.7416454431375605,3.317702803077493,-5.052708625793457,18.834888458251953,8.02818966664525,5.00824365666541,0.0,21.063874280299768,9.388819606875964,4.461857445406074
437,4445,20070705050000,summer,39.499794,-75.006409,720,1220,2102,2602,-7.634156227111816,24.256065368652344,3.175620581134058,3.294757726414012,-4.366717338562012,18.659563064575195,7.8860988805477845,5.123586618514058,0.0,24.25611222214209,9.425137771498305,4.533041796691972
438,4446,20070705060000,summer,39.499794,-75.006409,720,1220,2102,2602,-6.4731831550598145,23.460193634033203,3.595830721786797,3.2324646366614616,-4.876023769378662,20.793291091918945,7.730175100878987,5.260018104313417,0.0,23.496200775254767,9.463330516214043,4.609511828367413
439,4447,20070705070000,summer,39.499794,-75.006409,720,1220,2102,2602,-6.259687900543213,24.792726516723633,3.9763667587836173,3.162719669083089,-5.055304050445557,19.504453659057617,7.5512563291943,5.410207739487591,0.0,25.10757362866055,9.476488564158423,4.722528214055201
440,4448,20070705080000,summer,39.499794,-75.006409,720,1220,2102,2602,-5.984407901763916,22.752901077270508,4.260331961493496,3.058032739525506,-4.346662521362305,20.7211971282959,7.3424062864210855,5.519400019487912,0.0,22.794273067104932,9.401377386608177,4.846731119291057
441,4449,20070705090000,summer,39.499794,-75.006409,720,1220,2102,2602,-5.6192216873168945,21.161500930786133,4.421360838447552,2.9680102438840423,-5.591218948364258,21.897891998291016,7.1488910712976415,5.575063715976238,0.0,22.45857122758318,9.261771598352626,4.976452784663071
442,4450,20070705100000,summer,39.499794,-75.006409,720,1220,2102,2602,-5.538818359375,21.364049911499023,4.488265576273946,2.880963604598695,-5.658576965332031,21.804927825927734,6.969597778471429,5.543126989439463,0.0,23.16355079183782,9.053748330865062,5.0769745272427915
443,4451,20070705110000,summer,39.499794,-75.006409,720,1220,2102,2602,-5.504371166229248,18.196630477905273,4.441496311653315,2.8286438725795944,-6.532595157623291,21.115488052368164,6.639019385927962,5.48092441943911,0.0,22.60810725233872,8.646416129051623,5.204297711115231
444,4452,20070705120000,summer,39.499794,-75.006409,720,1220,2102,2602,-5.153317451477051,18.612422943115234,4.2234332352512745,2.7634440495386827,-6.091548442840576,21.092138290405273,6.2194251671724325,5.462390410272531,0.0,21.628471160287933,8.093235556842359,5.3378373835583925
445,4453,20070705130000,summer,39.499794,-75.006409,720,1220,2102,2602,-3.8941502571105957,18.242849349975586,4.224997492120586,2.6834152463948007,-6.519225120544434,21.42742156982422,6.076042003837792,5.442762148636159,0.0,21.860405317016124,7.972832960028586,5.294072347779048
446,4454,20070705140000,summer,39.499794,-75.006409,720,1220,2102,2602,-4.727658748626709,16.637510299682617,4.266520538328414,2.6090860111812653,-6.181458473205566,21.89763069152832,6.016865183746482,5.40543499772115,0.0,23.07504386417935,7.956301199093071,5.20856916062361
447,4455,20070705150000,summer,39.499794,-75.006409,720,1220,2102,2602,-4.806990623474121,15.607158660888672,4.294152847104348,2.5195631378275314,-5.022096157073975,21.77849769592285,6.019110810224308,5.384953081251288,0.0,22.693565122505536,7.996171100572802,5.106526162000436
448,4456,20070705160000,summer,39.499794,-75.006409,720,1220,2102,2602,-5.086822509765625,19.545774459838867,4.38630985592904,2.5060522872200903,-7.660672187805176,21.081626892089844,6.0335242600875905,5.438209715631341,0.0,21.86955949677382,8.148915722611372,5.009263885296031
449,4457,20070705170000,summer,39.499794,-75.006409,720,1220,2102,2602,-5.479857921600342,19.43363380432129,4.439321926212257,2.51647976970731,-11.444668769836426,20.838701248168945,6.049175688498557,5.610104899560807,0.0,22.0770879963207,8.348722186501416,4.94013066051013
450,4458,20070705180000,summer,39.499794,-75.006409,720,1220,2102,2602,-5.699871063232422,21.774791717529297,4.430089338707631,2.60365914626747,-13.129059791564941,20.955076217651367,6.077474676867942,5.8901013721995605,0.0,22.47383141372956,8.577689496964325,4.945398671017275
451,4459,20070705190000,summer,39.499794,-75.006409,720,1220,2102,2602,-7.635385990142822,22.32274055480957,4.365074203469865,2.666750164366655,-14.595296859741211,21.52483367919922,6.080022478223611,6.127633526023764,0.0,24.41175848544095,8.723802738568656,4.957344146258611
452,4460,20070705200000,summer,39.499794,-75.006409,720,1220,2102,2602,-9.950861930847168,23.242170333862305,4.288608601081637,2.6865829699350483,-15.376849174499512,20.21172523498535,6.072699993191979,6.308214320540249,0.0,23.377181388307005,8.803151936234793,4.978519950383345
453,4461,20070705210000,summer,39.499794,-75.006409,720,1220,2102,2602,-6.863007068634033,20.867053985595703,4.189739791910947,2.7797358224840205,-14.246499061584473,19.355100631713867,5.989884554746036,6.446644322301405,0.0,21.726127764692407,8.793233796026204,5.039625995308735
454,4462,20070705220000,summer,39.499794,-75.006409,720,1220,2102,2602,-6.321842193603516,20.101030349731445,4.045032710994886,2.759245284551537,-14.309386253356934,19.653867721557617,5.906318963259263,6.497695786538655,0.0,21.225623662258503,8.68404801885326,5.066328888825469
455,4463,20070705230000,summer,39.499794,-75.006409,720,1220,2102,2602,-6.307999610900879,19.46057891845703,3.8634976878474085,2.6515726244610316,-13.270606994628906,17.96664047241211,5.748803289036982,6.446279016433446,0.0,19.68444116607849,8.44054293579822,5.031693465374534
456,4464,20070706000000,summer,39.499794,-75.006409,720,1220,2102,2602,-5.877385139465332,18.253616333007812,4.14859588662414,2.5402241461123762,-15.04089641571045,17.935720443725586,6.587546809373927,6.382152178691728,0.021362304710158538,19.537948980515832,9.318923611122795,4.576995594354153
457,4465,20070706010000,summer,39.499794,-75.006409,720,1220,2102,2602,-6.350487232208252,18.11111831665039,4.399333299848832,2.5791162494425794,-12.525434494018555,17.939298629760742,6.500777570685578,6.345731251163742,0.02136230533522149,20.627465215577157,9.384609383756514,4.5236594656463245
458,4466,20070706020000,summer,39.499794,-75.006409,720,1220,2102,2602,-6.023728847503662,19.229000091552734,4.606833683477935,2.445504628823157,-11.464301109313965,17.594079971313477,6.3086657566317035,6.309971431536237,0.06713867476765427,21.921447190734053,9.277183475141694,4.555466972888854
459,4467,20070706030000,summer,39.499794,-75.006409,720,1220,2102,2602,-6.142242431640625,17.178117752075195,4.813962482458418,2.3756209708802807,-11.4738130569458,18.881916046142578,6.049433731847736,6.246144136202946,0.04882812492470183,20.65187912266976,9.152274744124433,4.545727866261364
460,4468,20070706040000,summer,39.499794,-75.006409,720,1220,2102,2602,-3.512803077697754,17.899850845336914,5.018979580621864,2.3260155994011145,-11.430389404296875,19.920982360839844,5.751612530917179,6.201413614287317,0.07934570191413862,21.872621078081853,9.041224854426838,4.516119490483233
461,4469,20070706050000,summer,39.499794,-75.006409,720,1220,2102,2602,-3.0074822902679443,17.918561935424805,5.223736394152066,2.3403760212974,-10.944448471069336,21.061067581176758,5.42604732260331,6.216799600125933,0.08544922105615639,22.611160715250055,8.976315165118045,4.503458083337848
462,4470,20070706060000,summer,39.499794,-75.006409,720,1220,2102,2602,-2.3833982944488525,20.060495376586914,5.4531080545337405,2.3222110531965643,-10.600709915161133,22.777700424194336,5.056446439670095,6.21928454581875,0.07019042836012215,23.694572640191293,8.919423602659341,4.451975413841011
463,4471,20070706070000,summer,39.499794,-75.006409,720,1220,2102,2602,-2.6547892093658447,20.184757232666016,5.687456074999537,2.313996816786744,-9.546296119689941,23.206390380859375,4.660991781846435,6.1370889228291,0.04882812667322878,24.259162010174077,8.836502135512097,4.359664289757884
464,4472,20070706080000,summer,39.499794,-75.006409,720,1220,2102,2602,-2.2509007453918457,19.931461334228516,5.892553388741514,2.3710628148114266,-9.655916213989258,21.91608428955078,4.18911002887855,6.047806509081109,0.06408691513922327,23.42600980846635,8.731178832528133,4.270274805056221
465,4473,20070706090000,summer,39.499794,-75.006409,720,1220,2102,2602,-2.731813907623291,22.484132766723633,5.968041152612229,2.4714979265763573,-10.138553619384766,23.12635612487793,3.6904135702584777,5.980295918415024,0.11901855824655187,25.775933647973215,8.570684327236856,4.201461526012128
466,4474,20070706100000,summer,39.499794,-75.006409,720,1220,2102,2602,-2.652265787124634,19.834671020507812,5.998801200677615,2.5831071034616033,-11.109809875488281,22.927017211914062,3.1902952640743836,5.834056467136534,0.06713867247073195,27.509384265638527,8.358784384180613,4.123467049182811
467,4475,20070706110000,summer,39.499794,-75.006409,720,1220,2102,2602,-2.266939878463745,22.41950225830078,5.7484426522913985,2.71216405456927,-10.460766792297363,22.004613876342773,2.731489400467666,5.476453975274119,0.07019042997274799,24.869528688965918,7.811683808075666,4.1025120787624685
468,4476,20070706120000,summer,39.499794,-75.006409,720,1220,2102,2602,-3.000494956970215,20.152259826660156,5.258941900962884,2.9443424592832557,-11.050400733947754,23.962337493896484,2.362778775419946,5.0454717437474015,0.051879881681362094,27.451399626957034,7.047341618160983,4.207149535101627
469,4477,20070706130000,summer,39.499794,-75.006409,720,1220,2102,2602,-2.453655242919922,18.456100463867188,5.217987756406067,2.8802742306923426,-10.927699089050293,20.87906837463379,1.7719549542072863,4.961126999444897,0.036621096131000695,24.832909015639927,6.9281456841105795,3.9085519971077294
470,4478,20070706140000,summer,39.499794,-75.006409,720,1220,2102,2602,-2.7398743629455566,25.204307556152344,5.259399311531854,2.7753187853987686,-11.67009162902832,18.488506317138672,1.2207008072009795,4.988902397225293,0.02746582057104913,25.489058655450794,6.976843371775955,3.6147738012462622
471,4479,20070706150000,summer,39.499794,-75.006409,720,1220,2102,2602,-3.454317569732666,24.441850662231445,5.358062734351485,2.6671250481507043,-11.151350021362305,18.234113693237305,0.7495395295301936,4.954197372696527,0.0549316406904002,25.73015628127152,7.060848494388849,3.327565467570434
472,4480,20070706160000,summer,39.499794,-75.006409,720,1220,2102,2602,-7.1718363761901855,25.8167667388916,5.550074352083411,2.564628717155421,-12.047348022460938,18.674238204956055,0.3749465415799265,4.838962240608161,0.08850097716148743,25.93768273222374,7.182137550104113,3.0583797110514497
473,4481,20070706170000,summer,39.499794,-75.006409,720,1220,2102,2602,-8.70302963256836,23.285104751586914,5.6903197503522245,2.5718837879265544,-19.1928768157959,16.002452850341797,0.16688078676639184,4.767587246751377,0.04882812725989094,23.667107377115546,7.311953428163653,2.8787843782735774
474,4482,20070706180000,summer,39.499794,-75.006409,720,1220,2102,2602,-10.638603210449219,23.61609649658203,5.79499176391577,2.7955164949691516,-25.523746490478516,18.289844512939453,0.030571015262201486,4.7574789795821095,0.06713867353356133,26.096374579723385,7.473227476115695,2.8604639371726788
475,4483,20070706190000,summer,39.499794,-75.006409,720,1220,2102,2602,-12.051061630249023,24.966938018798828,5.827287579798695,3.062759581906687,-17.751943588256836,16.51412582397461,-0.15867409525808435,4.782163618580216,0.06408691404136205,26.526687098740748,7.599018267478262,2.9132395212455893
476,4484,20070706200000,summer,39.499794,-75.006409,720,1220,2102,2602,-12.315471649169922,22.328325271606445,5.710424398250602,3.244385063209161,-16.533681869506836,17.402667999267578,-0.3228988579924387,4.800968942264593,0.07324218565855894,22.385329104391126,7.589040973723153,2.948729353932574
477,4485,20070706210000,summer,39.499794,-75.006409,720,1220,2102,2602,-8.88111686706543,24.968984603881836,5.6135910837481156,3.3191057935456367,-17.607807159423828,15.155418395996094,-0.43676807794960854,4.704272664356472,0.04272461104768016,24.982453011310668,7.502864333711258,2.925208124003387
478,4486,20070706220000,summer,39.499794,-75.006409,720,1220,2102,2602,-7.8711395263671875,19.809566497802734,5.386626321256854,3.3959922053033447,-18.696571350097656,14.335880279541016,-0.576284684959032,4.548347149386366,0.05798339737873543,22.16254444337786,7.311796091335382,2.847052850145264
479,4487,20070706230000,summer,39.499794,-75.006409,720,1220,2102,2602,-9.552146911621094,21.96269416809082,5.104114454349222,3.464457892809928,-14.919915199279785,13.612896919250488,-0.583209233092641,4.343476832680647,0.09155273332645325,22.153388390741707,7.028366358211689,2.804004849230089
480,4488,20070707000000,summer,39.499794,-75.006409,720,1220,2102,2602,-8.928116798400879,18.81683921813965,5.068402531256681,3.557756285655493,-13.729100227355957,12.08213996887207,-0.8227748363770075,4.260748028155261,0.06103515803095889,20.816673163527575,7.024839466170127,2.798016560407221
481,4489,20070707010000,summer,39.499794,-75.006409,720,1220,2102,2602,-8.584808349609375,19.39075469970703,5.0916147057616685,3.5619747127313706,-11.991239547729492,11.100403785705566,-1.1006873828984327,4.083315393168685,0.045776364931602774,19.43724181595876,7.004913961505545,2.7255021322558237
482,4490,20070707020000,summer,39.499794,-75.006409,720,1220,2102,2602,-8.958375930786133,24.740753173828125,5.0218172771540805,3.486073995342792,-12.768692016601562,11.916119575500488,-1.2715255132584846,3.9012889146540206,0.04272461154315492,24.857323197779873,6.841809139962862,2.7198971827844365
483,4491,20070707030000,summer,39.499794,-75.006409,720,1220,2102,2602,-9.17410659790039,18.109792709350586,4.920962953149295,3.352496711880946,-11.917637825012207,9.729016304016113,-1.351480422394178,3.601309324306875,0.030517577040136315,19.464706243236538,6.56624784751487,2.671222187670113
484,4492,20070707040000,summer,39.499794,-75.006409,720,1220,2102,2602,-8.057793617248535,14.109583854675293,4.834694172592971,3.2061370876381465,-11.241724967956543,9.156205177307129,-1.354595125279078,3.405833916075899,0.06408691056343453,15.451523406872143,6.324993826711132,2.661328329353984
485,4493,20070707050000,summer,39.499794,-75.006409,720,1220,2102,2602,-5.3689284324646,14.245497703552246,4.733140970676429,3.0947540368410893,-11.619007110595703,8.90848445892334,-1.374117440138034,3.2524634207573078,0.036621093965304316,14.920501831964016,6.1236415686613075,2.6358787866780093
486,4494,20070707060000,summer,39.499794,-75.006409,720,1220,2102,2602,-4.95067024230957,18.158889770507812,4.6679896751963925,3.046553717314539,-11.701212882995605,10.440900802612305,-1.3630299487729134,3.1423338512946866,0.04882812331538955,18.213447265670574,5.969042761097669,2.678480604868187
487,4495,20070707070000,summer,39.499794,-75.006409,720,1220,2102,2602,-5.072770118713379,16.450462341308594,4.626925567820892,3.025203543591517,-11.151216506958008,8.330963134765625,-1.312598861202092,2.983643495076782,0.015258789195600827,16.467789165790723,5.82150082243166,2.7010126139808897
488,4496,20070707080000,summer,39.499794,-75.006409,720,1220,2102,2602,-5.405857563018799,17.588895797729492,4.589811279293448,2.988333864475655,-10.849858283996582,7.515480995178223,-1.248720738551889,2.849240200908721,0.012207030793469366,17.93573039585897,5.701644286293423,2.6767951925843825
489,4497,20070707090000,summer,39.499794,-75.006409,720,1220,2102,2602,-5.912654876708984,17.22765350341797,4.479850947274398,2.9495704696503244,-10.57532787322998,8.010675430297852,-1.150139963037404,2.775150420258125,0.03051757813446585,17.50541755469577,5.566972079919101,2.6080901280945565
490,4498,20070707100000,summer,39.499794,-75.006409,720,1220,2102,2602,-6.6018757820129395,13.678814888000488,4.322212103803528,2.9027020110465163,-9.236176490783691,8.793863296508789,-1.0143146970306591,2.6730109075714505,0.05493164078325215,14.43525643265663,5.373909936694168,2.530239127850813
491,4499,20070707110000,summer,39.499794,-75.006409,720,1220,2102,2602,-6.561312675476074,13.334436416625977,3.9239300076520265,2.6984813467029767,-9.354020118713379,8.054742813110352,-0.7826659394985684,2.5298819235899996,0.021362304093323306,13.824882155638669,4.934472252364305,2.3114671518888827
492,4500,20070707120000,summer,39.499794,-75.006409,720,1220,2102,2602,-5.695143699645996,12.979025840759277,3.375093397542338,2.5423021100119727,-8.841094970703125,8.715646743774414,-0.4331023571665924,2.148295653545293,0.03356933444370155,14.69771581870836,4.184895772428231,2.2680288140679314
493,4501,20070707130000,summer,39.499794,-75.006409,720,1220,2102,2602,-6.116045951843262,12.277968406677246,3.376737176938144,2.516081075997255,-9.270862579345703,10.76909065246582,-0.22316914373399224,1.9322521613460404,0.024414061562313856,13.299964943333448,4.067644075990823,2.229504988984295
494,4502,20070707140000,summer,39.499794,-75.006409,720,1220,2102,2602,-6.815351963043213,13.09883975982666,3.542076258772052,2.6220914458098226,-7.210057735443115,9.719491004943848,-0.050351378122647526,1.8258637919589862,0.02746581992533063,14.40473973650214,4.2473400565251,2.172115113305166
495,4503,20070707150000,summer,39.499794,-75.006409,720,1220,2102,2602,-6.750593185424805,12.676680564880371,3.7858975851867767,2.755012117761683,-6.142662525177002,11.361342430114746,0.19992734141453583,1.8517808507679188,0.021362304952941304,13.595992820606405,4.530949139440222,2.2051474897290944
496,4504,20070707160000,summer,39.499794,-75.006409,720,1220,2102,2602,-12.037266731262207,13.353824615478516,4.0715037272284755,2.888993107354439,-6.2245192527771,10.221407890319824,0.5053416146947453,1.96102118369941,0.021362304382427054,13.49528459881302,4.861329043223785,2.3220417608531214
497,4505,20070707170000,summer,39.499794,-75.006409,720,1220,2102,2602,-10.128087997436523,15.781031608581543,4.314155839326364,3.0489444435163686,-11.047553062438965,14.51604175567627,0.838492943789607,2.255202984723445,0.030517578906393342,16.434219470182047,5.257084602211054,2.46172200500565
498,4506,20070707180000,summer,39.499794,-75.006409,720,1220,2102,2602,-11.96264934539795,15.318819046020508,4.487815590421369,3.2493281416191677,-16.645889282226562,14.925909996032715,1.109416181828128,2.6051844850307275,0.045776364847645884,17.55424467183441,5.686509459047054,2.5258706980490264
499,4507,20070707190000,summer,39.499794,-75.006409,720,1220,2102,2602,-11.39416790008545,15.395331382751465,4.590888514039921,3.4926515070119,-15.936931610107422,12.415436744689941,1.3561410525975552,2.9946869157189875,0.07019042644478998,16.922515773939338,6.0859825040491815,2.6538570300418085
500,4508,20070707200000,summer,39.499794,-75.006409,720,1220,2102,2602,-13.269149780273438,17.012739181518555,4.618395574375037,3.6620675489786456,-14.514642715454102,17.472545623779297,1.6232296450274861,3.338547922880994,0.054931638902164626,18.305000079927982,6.3744826891605095,2.808391634753145
501,4509,20070707210000,summer,39.499794,-75.006409,720,1220,2102,2602,-10.603113174438477,16.58565330505371,4.623595849776823,3.8282275713754244,-13.965584754943848,15.713531494140625,1.932842611137288,3.5962711641921126,0.02441406121495508,17.37113227052279,6.6490080092318635,2.914224469616347
502,4510,20070707220000,summer,39.499794,-75.006409,720,1220,2102,2602,-11.145564079284668,16.77783966064453,4.561875414755903,3.867866600778405,-12.91638469696045,14.612722396850586,2.2562877013138047,3.810498343919916,0.039672851064153566,18.268379602038074,6.806779919226627,3.0082517003237843
503,4511,20070707230000,summer,39.499794,-75.006409,720,1220,2102,2602,-12.532780647277832,22.317968368530273,4.295570830075082,3.7170971691259016,-9.546965599060059,15.419824600219727,2.6196965910772074,3.890444994503484,0.01831054621960504,25.366982948336723,6.700474219401369,3.0611693583681525
504,6552,20071001000000,fall,39.499794,-75.006409,720,1220,2102,2602,-14.363286972045898,6.924033164978027,-5.276564890784536,3.143442032769879,-10.936630249023438,14.208358764648438,1.4036243430208524,5.623525173264961,0.1586990434461725,16.99270700185162,8.03218527896302,2.607980286566528
505,6553,20071001010000,fall,39.499794,-75.006409,720,1220,2102,2602,-15.792389869689941,8.145791053771973,-5.347332044151547,3.2951345703663715,-10.061541557312012,15.587857246398926,1.8282892806214925,5.733419658467763,0.07324218769310961,17.981506557783238,8.280604448859739,2.664245570982128
506,6554,20071001020000,fall,39.499794,-75.006409,720,1220,2102,2602,-15.208335876464844,8.951275825500488,-5.302102602439822,3.42533488666498,-10.848798751831055,16.697175979614258,2.153479995050482,5.7821250460760805,0.09155273476740272,17.001861527955107,8.398629764395482,2.7163717180747895
507,6555,20071001030000,fall,39.499794,-75.006409,720,1220,2102,2602,-14.603158950805664,9.148553848266602,-5.151298870875032,3.551097233781968,-10.221999168395996,17.568832397460938,2.4216310729067008,5.810553281919537,0.09460449504573758,17.590867491689863,8.425834160877507,2.7889633933659193
508,6556,20071001040000,fall,39.499794,-75.006409,720,1220,2102,2602,-15.610424041748047,9.610058784484863,-4.924025378312567,3.6729305526894063,-9.816361427307129,18.167444229125977,2.585713859832677,5.78707251037258,0.11291503891034683,18.16767002368255,8.359278223805608,2.8346140395820494
509,6557,20071001050000,fall,39.499794,-75.006409,720,1220,2102,2602,-14.723475456237793,10.414376258850098,-4.688372535360276,3.790175775438345,-8.928240776062012,17.85091209411621,2.622188098059208,5.72554178513919,0.09460449401064389,18.21344631699348,8.227033414111796,2.8844219173183436
510,6558,20071001060000,fall,39.499794,-75.006409,720,1220,2102,2602,-15.027287483215332,10.730509757995605,-4.429313662124104,3.8885726392946443,-9.008562088012695,17.75455093383789,2.582348282505512,5.640195714958191,0.08239746021868465,18.225654174828676,8.03865501629219,2.93260508299063
511,6559,20071001070000,fall,39.499794,-75.006409,720,1220,2102,2602,-15.181464195251465,11.275375366210938,-4.1608250447484005,3.9394145439679797,-9.47400188446045,17.61648941040039,2.474840066408056,5.563705804110379,0.06103515792899598,17.831962367139532,7.801746495152155,3.007300992019784
512,6560,20071001080000,fall,39.499794,-75.006409,720,1220,2102,2602,-14.447707176208496,12.246655464172363,-3.9375081995786942,3.9396093152366203,-9.604899406433105,17.57265853881836,2.3260539679786087,5.504975876230419,0.07934570170316534,17.801444551180623,7.56660547073803,3.0799773519417006
513,6561,20071001090000,fall,39.499794,-75.006409,720,1220,2102,2602,-15.597893714904785,12.34970760345459,-3.7959978284498788,3.9163669354917947,-9.998260498046875,17.531238555908203,2.167986468023134,5.491759541732198,0.04882812505403792,17.542037749641914,7.390316137525308,3.1607507121221445
514,6562,20071001100000,fall,39.499794,-75.006409,720,1220,2102,2602,-14.507743835449219,12.540397644042969,-3.737758329786075,3.856967982533469,-9.733817100524902,17.91229820251465,2.005447272066797,5.518692636581767,0.04882812569530941,18.002869213479872,7.284781669530159,3.2026212007592854
515,6563,20071001110000,fall,39.499794,-75.006409,720,1220,2102,2602,-14.381448745727539,11.982784271240234,-3.742024278629448,3.7908922474413993,-10.040214538574219,18.66511344909668,1.8908603589407356,5.5565414094355985,0.07629394114857403,18.665123828845314,7.243325774623255,3.2184385636559854
516,6564,20071001120000,fall,39.499794,-75.006409,720,1220,2102,2602,-14.56004810333252,11.85411262512207,-3.807684569820396,3.730201190350657,-9.407679557800293,18.97412872314453,1.7803255165384857,5.538051900440802,0.08239745833549937,18.9825124590835,7.22216902828127,3.176903370814193
517,6565,20071001130000,fall,39.499794,-75.006409,720,1220,2102,2602,-14.566195487976074,10.597922325134277,-3.6382346274121824,3.7145783867592956,-10.337227821350098,18.162830352783203,1.3793518600245245,4.961464910383215,0.05798339824658773,18.173775389777948,6.638574656931157,3.0794343523687537
518,6566,20071001140000,fall,39.499794,-75.006409,720,1220,2102,2602,-15.121119499206543,10.11715030670166,-3.652142865759534,3.708982459726951,-8.451306343078613,16.56717300415039,1.2315823403869366,4.550750533484417,0.030517577863289774,16.59290990302436,6.363185582194857,2.971648216762815
519,6567,20071001150000,fall,39.499794,-75.006409,720,1220,2102,2602,-14.25749683380127,8.09292221069336,-3.7454740912431967,3.7057427409316617,-8.440082550048828,15.89757251739502,1.4594960415482068,4.536276410227789,0.03051757926765985,16.09545930786017,6.55334061462421,2.7427658638940624
520,6568,20071001160000,fall,39.499794,-75.006409,720,1220,2102,2602,-14.550097465515137,7.433512210845947,-3.8007675567616452,3.710167692798645,-8.37031078338623,16.175737380981445,1.6727772121619895,4.587388737222373,0.10681152303953448,16.342659908677145,6.744296104177908,2.5628045997134694
521,6569,20071001170000,fall,39.499794,-75.006409,720,1220,2102,2602,-14.509627342224121,5.3414998054504395,-3.8973888107472883,3.702523674707737,-8.331978797912598,16.026248931884766,1.8218985518618391,4.620316380329979,0.009155273424152103,16.211432597073966,6.884544203736804,2.4835478651165928
522,6570,20071001180000,fall,39.499794,-75.006409,720,1220,2102,2602,-13.925827980041504,5.447198867797852,-4.0220738648533985,3.651476006241984,-8.048130989074707,14.589335441589355,1.9817640787529858,4.653086127571324,0.06103515780602175,15.024261791923609,7.02239327550533,2.403111994283156
523,6571,20071001190000,fall,39.499794,-75.006409,720,1220,2102,2602,-14.655266761779785,5.463301658630371,-4.194770029194746,3.6092044840217827,-8.267413139343262,13.035272598266602,2.213795314938556,4.680711118777161,0.0732421846074019,15.713981383413422,7.215157491524667,2.3181676496096975
524,6572,20071001200000,fall,39.499794,-75.006409,720,1220,2102,2602,-15.640739440917969,5.24005126953125,-4.3270205002234094,3.588120616019155,-7.794860363006592,12.761311531066895,2.4646499856643924,4.695207156995895,0.08239746263521543,15.67736070099951,7.390847378876017,2.256670287294493
525,6573,20071001210000,fall,39.499794,-75.006409,720,1220,2102,2602,-14.777864456176758,5.209770679473877,-4.441640245342201,3.591918532051214,-7.843722820281982,13.316773414611816,2.6515909844050323,4.594063181283068,0.04882812607975992,15.192116396765961,7.482880489274899,2.1846962386941273
526,6574,20071001220000,fall,39.499794,-75.006409,720,1220,2102,2602,-15.209012985229492,5.392317771911621,-4.655581637042338,3.486508162171849,-8.349898338317871,14.062122344970703,2.8492061428761355,4.525312800765205,0.28382111934482745,15.628532745914212,7.606090307146853,2.138691509534737
527,6575,20071001230000,fall,39.499794,-75.006409,720,1220,2102,2602,-15.609703063964844,5.728234767913818,-5.090768846156679,3.4445173931278044,-7.478168964385986,15.812065124511719,3.489019789610654,4.956288322055528,0.2502517624896224,16.043578830566556,8.3375243150359,2.237044665710389
528,6576,20071002000000,fall,39.499794,-75.006409,720,1220,2102,2602,-16.944974899291992,7.128827095031738,-5.221765498097316,3.5205943658359593,-8.173500061035156,16.174833297729492,3.805791693121424,5.054142813205149,0.10070801011589976,17.300940476065573,8.609119507085596,2.3606971229488405
529,6577,20071002010000,fall,39.499794,-75.006409,720,1220,2102,2602,-14.769819259643555,8.165144920349121,-5.182338547454904,3.6281648550132495,-7.622822284698486,17.501432418823242,3.930233271794444,5.00419554555133,0.13733672189448068,17.810600317782114,8.624318042681535,2.4758953861388933
530,6578,20071002020000,fall,39.499794,-75.006409,720,1220,2102,2602,-16.211284637451172,9.82564926147461,-5.058954600889019,3.7306842355566356,-7.679671764373779,17.802658081054688,3.9332528114737997,4.928996129825265,0.12818146086137472,17.9296271900954,8.520048531034092,2.5855908560539467
531,6579,20071002030000,fall,39.499794,-75.006409,720,1220,2102,2602,-14.362044334411621,11.089776039123535,-4.870418351170452,3.819346477086769,-7.980349540710449,17.96523094177246,3.7853146800000816,4.860494256118195,0.11291504093461494,18.112733132052114,8.308001063393773,2.6904483638388275
532,6580,20071002040000,fall,39.499794,-75.006409,720,1220,2102,2602,-14.118868827819824,11.377734184265137,-4.702113006646546,3.845545319606378,-7.966397285461426,17.558927536010742,3.5842656976848692,4.788189746646282,0.08544922028289752,17.871635220791333,8.058680354610955,2.780193899014529
533,6581,20071002050000,fall,39.499794,-75.006409,720,1220,2102,2602,-14.006427764892578,11.559463500976562,-4.5810485603598545,3.8234401776708498,-8.269394874572754,18.03154754638672,3.3333686524189328,4.73246105410165,0.08239745851756337,18.28363841770767,7.801383555534626,2.872394388929703
534,6582,20071002060000,fall,39.499794,-75.006409,720,1220,2102,2602,-14.31592082977295,10.661288261413574,-4.451723020688775,3.7929669711368152,-8.140539169311523,18.58930015563965,3.0655228911513364,4.683975898256444,0.0671386730440866,19.03439454242216,7.541722613167753,2.9434532669501383
535,6583,20071002070000,fall,39.499794,-75.006409,720,1220,2102,2602,-13.538527488708496,9.936110496520996,-4.341665163439787,3.746277286506051,-8.063069343566895,18.66063690185547,2.8101035747355385,4.6517031949112475,0.09765624696768813,19.031342254335314,7.314272519970155,2.986819732879135
536,6584,20071002080000,fall,39.499794,-75.006409,720,1220,2102,2602,-13.796684265136719,9.756148338317871,-4.24759388752215,3.6764804241565785,-8.468877792358398,18.239198684692383,2.5676450159759816,4.64710203215633,0.08850097413600173,18.683434155620088,7.109699687512024,3.033000283753907
537,6585,20071002090000,fall,39.499794,-75.006409,720,1220,2102,2602,-13.803382873535156,8.987915992736816,-4.195534342321777,3.605071470600816,-8.542831420898438,17.659849166870117,2.331017800837052,4.655566382473187,0.03662109375679867,18.158516488437098,6.959854143481741,3.0442439712735068
538,6586,20071002100000,fall,39.499794,-75.006409,720,1220,2102,2602,-13.19920825958252,8.537271499633789,-4.199661700429917,3.5638401621022484,-8.595641136169434,17.639522552490234,2.1649253235563495,4.683106035514103,0.015258788863021115,18.0700069426053,6.909871778385904,3.0348263379938376
539,6587,20071002110000,fall,39.499794,-75.006409,720,1220,2102,2602,-13.920202255249023,8.709139823913574,-4.205964021663189,3.540002619134192,-8.299938201904297,17.61553192138672,2.0538040749528923,4.715610712013068,0.04272460964993485,17.746514206194036,6.9137216295642965,2.979479936069788
540,6588,20071002120000,fall,39.499794,-75.006409,720,1220,2102,2602,-14.478899955749512,8.521910667419434,-4.22124801982329,3.5255645404033547,-7.500788688659668,17.824663162231445,1.98245254238639,4.699012772953815,0.04577636892430201,17.92047127993203,6.921569345300563,2.889854164971735
541,6589,20071002130000,fall,39.499794,-75.006409,720,1220,2102,2602,-12.952507972717285,7.927803993225098,-4.040656794033239,3.5549046004931917,-7.129129886627197,16.887866973876953,1.766518171187719,4.283336741107627,0.042724610478877455,16.916411793174454,6.522850833702645,2.8078873079057614
542,6590,20071002140000,fall,39.499794,-75.006409,720,1220,2102,2602,-14.112098693847656,6.744481086730957,-3.8803350469310733,3.601290147180017,-5.887890815734863,15.41209888458252,1.7556223900457795,3.973988576624584,0.036621091996943286,15.51866137805905,6.293040814190829,2.7016149420519993
543,6591,20071002150000,fall,39.499794,-75.006409,720,1220,2102,2602,-12.590007781982422,6.445844650268555,-3.791942957429193,3.634179790084724,-5.718249797821045,14.799757957458496,1.9580259130462783,3.8563399897363704,0.02136230340659166,14.807578609868433,6.325420154609221,2.5060681553623354
544,6592,20071002160000,fall,39.499794,-75.006409,720,1220,2102,2602,-12.202949523925781,6.267059803009033,-3.7065822330767353,3.6427627134328535,-6.7218403816223145,14.843958854675293,2.1419584828008977,3.793022179378579,0.021362303899501292,14.856407091124026,6.371784795683115,2.3203090203114844
545,6593,20071002170000,fall,39.499794,-75.006409,720,1220,2102,2602,-12.054021835327148,6.543593406677246,-3.6893998533344954,3.600644029598585,-7.655336380004883,14.340551376342773,2.3104959018288884,3.7251201896562414,0.05187988120496943,14.404739200706647,6.407577104639357,2.1758161901968367
546,6594,20071002180000,fall,39.499794,-75.006409,720,1220,2102,2602,-15.161407470703125,5.954736232757568,-3.6737941967291583,3.5507782144053603,-7.243232727050781,14.282322883605957,2.484591894888432,3.6888208742501862,0.07324218570833066,18.051697002694695,6.451948868254964,2.0634296342955962
547,6595,20071002190000,fall,39.499794,-75.006409,720,1220,2102,2602,-12.49729061126709,6.465053558349609,-3.665167664840263,3.492813013343433,-6.738016128540039,14.208740234375,2.681745337800831,3.6834577387643903,0.039672852844152263,16.36402166035262,6.524296730901671,1.956110399440021
548,6596,20071002200000,fall,39.499794,-75.006409,720,1220,2102,2602,-13.905522346496582,6.36229944229126,-3.6945970823178,3.4052904460788977,-6.0388898849487305,13.903674125671387,2.8911083180587145,3.6766431796168715,0.18311309576956905,16.943877476345676,6.604380563966431,1.8720097131429145
549,6597,20071002210000,fall,39.499794,-75.006409,720,1220,2102,2602,-12.139314651489258,6.482289791107178,-3.7993479967969845,3.262267288867457,-5.847579002380371,13.636144638061523,3.062091010290182,3.643182571156786,0.21668243106508528,15.411849687532285,6.662899334300026,1.8254824370134775
550,6598,20071002220000,fall,39.499794,-75.006409,720,1220,2102,2602,-11.82767391204834,5.803735733032227,-4.018386484931583,2.9753416563740274,-6.221498966217041,13.65733814239502,3.143593563842821,3.5154091163709555,0.06713867143805693,15.030365459063235,6.64658442155656,1.750224326095094
551,6599,20071002230000,fall,39.499794,-75.006409,720,1220,2102,2602,-11.662010192871094,5.294777870178223,-4.400400127118636,2.7870158233864903,-6.471807479858398,15.025716781616211,3.675661860598741,3.9802969781551094,0.0671386743402641,15.027312538791481,7.258390300926609,1.9493596040078915
552,6600,20071003000000,fall,39.499794,-75.006409,720,1220,2102,2602,-12.28090763092041,5.743802070617676,-4.566257974205946,2.6903419304126426,-6.0854172706604,16.400733947753906,4.057365064706952,4.160724378630044,0.21363067693614315,16.492201829438226,7.586032187357849,2.077162936588589
553,6601,20071003010000,fall,39.499794,-75.006409,720,1220,2102,2602,-13.102462768554688,6.620401382446289,-4.506431832486029,2.7210195111983775,-5.817726135253906,18.10918617248535,4.3311175249506295,4.19823541017747,0.13123321851488556,18.10967967671464,7.687782901675612,2.2346428511223473
554,6602,20071003020000,fall,39.499794,-75.006409,720,1220,2102,2602,-13.647963523864746,8.406689643859863,-4.37218158940924,2.7527540507040533,-5.876247882843018,18.3376522064209,4.535605543818315,4.164426355721018,0.11291504210053477,18.341621709582395,7.676113250124242,2.384339868190564
555,6603,20071003030000,fall,39.499794,-75.006409,720,1220,2102,2602,-12.574588775634766,8.751847267150879,-4.114190979982373,2.754206055000365,-4.541171073913574,18.268993377685547,4.676010004808491,4.0975212361727875,0.10375976437580293,18.30194770864202,7.537185264859509,2.521469123806549
556,6604,20071003040000,fall,39.499794,-75.006409,720,1220,2102,2602,-12.47664737701416,8.713724136352539,-3.809770907477454,2.703027110626396,-4.779862880706787,18.28146743774414,4.7798666867013555,4.024267889808981,0.0762939467997673,18.323309631554157,7.33184821349679,2.665814939952097
557,6605,20071003050000,fall,39.499794,-75.006409,720,1220,2102,2602,-11.972356796264648,9.10560131072998,-3.49564804941957,2.6540757256954968,-4.147871494293213,18.669437408447266,4.8439598085513635,3.980088209192679,0.045776368537694165,18.726157557105775,7.119379864716733,2.8076952051136934
558,6606,20071003060000,fall,39.499794,-75.006409,720,1220,2102,2602,-11.848342895507812,9.140229225158691,-3.1372482378109825,2.5847270440852133,-3.9665393829345703,18.33420753479004,4.891300795474373,3.962879081000143,0.04577636670476389,18.451491109655574,6.900456590863883,2.92165592055491
559,6607,20071003070000,fall,39.499794,-75.006409,720,1220,2102,2602,-10.995274543762207,9.377833366394043,-2.746761316427517,2.5029322662475426,-4.331135272979736,18.47309112548828,4.914178262289994,3.9565225374713044,0.06408691408908886,18.60102844775884,6.663433971946814,3.035001473382289
560,6608,20071003080000,fall,39.499794,-75.006409,720,1220,2102,2602,-10.837834358215332,8.690413475036621,-2.3475264348359564,2.3885749362358966,-3.707016944885254,18.273836135864258,4.889845538215928,3.966935416236659,0.048828125892411686,18.442337874759964,6.399672905868554,3.1476218436087247
561,6609,20071003090000,fall,39.499794,-75.006409,720,1220,2102,2602,-10.230730056762695,9.039411544799805,-2.0390122381220284,2.306464249923639,-3.992290735244751,18.74068260192871,4.828824064762933,4.0569901635820145,0.0823974630120264,18.778038019421853,6.199857812025156,3.288741763941446
562,6610,20071003100000,fall,39.499794,-75.006409,720,1220,2102,2602,-9.360858917236328,9.748252868652344,-1.7849816179113407,2.259746020880015,-4.329302787780762,19.470582962036133,4.7425757509674575,4.183539086994001,0.061035155385866596,19.647818970500598,6.047450255156096,3.4227154296914684
563,6611,20071003110000,fall,39.499794,-75.006409,720,1220,2102,2602,-9.515669822692871,9.861970901489258,-1.5700176125869936,2.262751488301426,-3.9227864742279053,20.250465393066406,4.6394667289641776,4.3122277128817705,0.05493164096992334,20.477920238156432,5.935436650987967,3.5320745661244963
564,6612,20071003120000,fall,39.499794,-75.006409,720,1220,2102,2602,-9.50561237335205,12.48285961151123,-1.4240919361247801,2.3061032532960133,-4.420221328735352,20.121002197265625,4.521759775890588,4.417983242259744,0.01831054687088435,20.294806689464313,5.860544471375264,3.600702147662441
565,6613,20071003130000,fall,39.499794,-75.006409,720,1220,2102,2602,-9.285421371459961,13.891919136047363,-1.1152702873219187,2.444699673867279,-4.668806552886963,19.047548294067383,4.242926531005177,4.287269480761662,0.01831054780283561,19.116791332322883,5.58432480001069,3.5240326311419787
566,6614,20071003140000,fall,39.499794,-75.006409,720,1220,2102,2602,-9.033245086669922,13.554195404052734,-0.8964821757415976,2.4722038269926396,-4.467690944671631,16.984630584716797,3.9710107854733363,4.052032017666191,0.030517577855620585,17.303993115445035,5.247341860823616,3.4012888115837923
567,6615,20071003150000,fall,39.499794,-75.006409,720,1220,2102,2602,-8.727441787719727,11.068614959716797,-0.628399738308023,2.660099599379957,-4.284679889678955,16.00945281982422,4.001068775188993,3.9987885262573,0.012207031877836016,16.657005713473033,5.26093589779302,3.434010863488805
568,6616,20071003160000,fall,39.499794,-75.006409,720,1220,2102,2602,-9.318167686462402,10.140787124633789,-0.34748890739520655,2.903779096928356,-5.54722785949707,16.430797576904297,4.0511892526058855,3.905562705275833,0.021362303617649743,17.206336408947227,5.328363795418905,3.4390078879613997
569,6617,20071003170000,fall,39.499794,-75.006409,720,1220,2102,2602,-8.536425590515137,12.490790367126465,-0.08562408805811464,3.1882891431698113,-6.829787731170654,16.367385864257812,4.089164389121918,3.796639860584783,0.009155273149887384,16.510513676466026,5.439106446091763,3.424088177199495
570,6618,20071003180000,fall,39.499794,-75.006409,720,1220,2102,2602,-9.107704162597656,14.85033130645752,0.15905222051693826,3.473941694058815,-7.045544147491455,15.628653526306152,4.117271460636485,3.676436132731284,0.021362304319976842,18.253120717826377,5.575143877109982,3.3881331394616914
571,6619,20071003190000,fall,39.499794,-75.006409,720,1220,2102,2602,-8.886137962341309,16.78719139099121,0.34810543956112305,3.7103902401538784,-6.245477199554443,15.638383865356445,4.126510452576509,3.5233415899723277,0.024414063188559387,18.765830667203154,5.681515044873672,3.3242419287722207
572,6620,20071003200000,fall,39.499794,-75.006409,720,1220,2102,2602,-9.35880184173584,20.129680633544922,0.4413504668970072,3.839091859119342,-6.38478946685791,15.02438735961914,4.11160814209534,3.379503966638999,0.05187988341425553,20.883819630821137,5.762693172166899,3.170355266452176
573,6621,20071003210000,fall,39.499794,-75.006409,720,1220,2102,2602,-10.286245346069336,16.444305419921875,0.3973903894749221,3.8306312884692235,-7.0066914558410645,13.58542251586914,4.060498300306452,3.222416413964952,0.024414061925148615,16.446426179077566,5.769516925630102,2.901024582194454
574,6622,20071003220000,fall,39.499794,-75.006409,720,1220,2102,2602,-9.915101051330566,15.576358795166016,0.27610081079925086,3.780656289795991,-7.068750381469727,14.987032890319824,4.151873902868954,3.2334528251755734,0.036621093523492534,15.649895095191237,5.8780099941770585,2.7407783977572477
575,6623,20071003230000,fall,39.499794,-75.006409,720,1220,2102,2602,-9.178458213806152,15.226734161376953,0.35146827988947,3.961442251910726,-6.559961318969727,15.882706642150879,4.435569466273849,3.427635076835433,0.054931641493648785,17.389450156489108,6.292047848941295,2.7657995668013835
576,6624,20071004000000,fall,39.499794,-75.006409,720,1220,2102,2602,-9.32798957824707,12.389372825622559,0.5151547772469081,4.045233806212848,-6.0745391845703125,14.79190731048584,4.401738607904838,3.4199521228440335,0.05798339749594132,16.776024458020437,6.343991282132868,2.730284032575219
577,6625,20071004010000,fall,39.499794,-75.006409,720,1220,2102,2602,-9.813133239746094,13.75748062133789,0.6769325039356247,4.090765622406546,-7.6076273918151855,13.769851684570312,4.187709842678052,3.2823908922580567,0.039672852086718925,17.618332009929286,6.21702116507511,2.61768075238314
578,6626,20071004020000,fall,39.499794,-75.006409,720,1220,2102,2602,-9.681468963623047,15.204169273376465,0.8053429204486114,4.083310523084739,-7.820868492126465,13.608650207519531,3.8962787582660336,3.158599697747551,0.024414062629763096,17.316200181281754,6.0215486694505715,2.494131889378615
579,6627,20071004030000,fall,39.499794,-75.006409,720,1220,2102,2602,-9.960518836975098,14.914725303649902,0.9308718620505316,4.048238713249319,-7.77695894241333,12.952722549438477,3.5547973138749245,3.012477381240657,0.042724609292354256,16.574600690267747,5.74929874747304,2.4314454405829857
580,6628,20071004040000,fall,39.499794,-75.006409,720,1220,2102,2602,-9.628745079040527,16.808670043945312,1.0371664051052218,3.9733458029872155,-7.252870559692383,12.016683578491211,3.1664383255480573,2.8177408689398904,0.033569335766302145,17.947937386334793,5.390452710085511,2.402541545180955
581,6629,20071004050000,fall,39.499794,-75.006409,720,1220,2102,2602,-9.38043212890625,16.84101104736328,1.0864864798621334,3.861859061833574,-7.049872875213623,11.351913452148438,2.749992387608811,2.586084293078279,0.05187988419288297,17.496261395712803,4.978232447657094,2.3583680977099313
582,6630,20071004060000,fall,39.499794,-75.006409,720,1220,2102,2602,-9.447491645812988,14.94334888458252,1.1003619361816668,3.7349549927308243,-6.309267997741699,11.795122146606445,2.327128248336047,2.396970150074197,0.03356933486285303,15.25009901723964,4.570795841824183,2.3301292550490524
583,6631,20071004070000,fall,39.499794,-75.006409,720,1220,2102,2602,-9.285614967346191,14.466739654541016,1.0797203277879777,3.631243946201473,-6.18888521194458,12.28464126586914,1.9116855565139905,2.245912655302087,0.02136230560654454,14.575638288886447,4.221802773790949,2.2862141729297263
584,6632,20071004080000,fall,39.499794,-75.006409,720,1220,2102,2602,-9.81755542755127,14.802135467529297,0.9980323851959824,3.5488965467934555,-5.7255988121032715,12.276789665222168,1.5430871051496577,2.1286302938390937,0.018310546456337794,14.825889810104677,3.9328018195578793,2.244101141159504
585,6633,20071004090000,fall,39.499794,-75.006409,720,1220,2102,2602,-9.062954902648926,14.147443771362305,0.8395334307354879,3.494086445120605,-6.470483779907227,11.69926929473877,1.2204947115214635,2.0748276631732443,0.03356933595669861,14.639732279173199,3.7287728335122243,2.1918546475713363
586,6634,20071004100000,fall,39.499794,-75.006409,720,1220,2102,2602,-9.486687660217285,13.929657936096191,0.6448590844919952,3.4961734880755264,-6.542130470275879,11.585108757019043,0.9442867986493836,2.034699260371038,0.03356933646389408,14.328438256430335,3.604151935604061,2.163524846382286
587,6635,20071004110000,fall,39.499794,-75.006409,720,1220,2102,2602,-10.137192726135254,13.37912654876709,0.4305330908543378,3.5158551936112143,-5.923473834991455,10.706023216247559,0.7277714376702764,2.0084410146176275,0.03356933675922644,13.901184006208686,3.5445688342918715,2.132162010358793
588,6636,20071004120000,fall,39.499794,-75.006409,720,1220,2102,2602,-9.651395797729492,12.068581581115723,0.1733461191378839,3.515504511474166,-6.157333850860596,10.017681121826172,0.5481699309405166,1.9528438049865418,0.018310546543989448,12.677391739870334,3.4955084532706953,2.0698624834008017
589,6637,20071004130000,fall,39.499794,-75.006409,720,1220,2102,2602,-10.275078773498535,11.220452308654785,-0.12284621565879415,3.351674651369985,-6.349003314971924,9.194469451904297,0.3546048782257609,1.7852543579928228,0.009155273466158086,11.685539120661295,3.2687596265191745,1.9689851212667646
590,6638,20071004140000,fall,39.499794,-75.006409,720,1220,2102,2602,-10.444051742553711,10.637679100036621,-0.27655919918538313,3.2315879523580873,-5.559027671813965,8.907423973083496,0.1565909756149314,1.5959842270451299,0.024414062590792672,11.380355639304623,3.034376091733467,1.9707597025048997
591,6639,20071004150000,fall,39.499794,-75.006409,720,1220,2102,2602,-8.997718811035156,10.707612037658691,-0.3879456614137519,3.211400203166186,-5.586121082305908,8.539477348327637,0.12992172170491872,1.58780257169517,0.02136230404548776,10.974457049110928,3.031795458700281,1.9518724492554544
592,6640,20071004160000,fall,39.499794,-75.006409,720,1220,2102,2602,-8.773838996887207,10.615934371948242,-0.46049201477711904,3.2596313727572555,-6.1810526847839355,9.364590644836426,0.17483214097414157,1.6567069259511242,0.018310546791017734,10.641807681058811,3.1585307438382357,1.906876303848141
593,6641,20071004170000,fall,39.499794,-75.006409,720,1220,2102,2602,-10.62632942199707,10.465387344360352,-0.551326121041812,3.3215531287537705,-6.625861644744873,9.668749809265137,0.24510296678417917,1.7791136052460643,0.015258789248980775,11.911376912621506,3.335878293911289,1.8530818578213248
594,6642,20071004180000,fall,39.499794,-75.006409,720,1220,2102,2602,-10.663925170898438,10.51274585723877,-0.6561122580054229,3.398907425469147,-6.786557197570801,12.998913764953613,0.35104536293026795,1.8830150708500537,0.018310546758848738,14.450516157774455,3.518485496015495,1.8089481474675138
595,6643,20071004190000,fall,39.499794,-75.006409,720,1220,2102,2602,-10.190999984741211,9.879807472229004,-0.7946652865695315,3.4391831813123988,-6.389819622039795,13.006641387939453,0.4773822011707728,1.9864350264944648,0.015258789747318145,13.235878041073377,3.664201085423675,1.7907881388817013
596,6644,20071004200000,fall,39.499794,-75.006409,720,1220,2102,2602,-10.408056259155273,8.872577667236328,-0.9436716468981111,3.4462929860041576,-5.94949197769165,13.255207061767578,0.6233463941595984,2.106974863834877,0.036621093828062876,13.534958232351073,3.7771888132761613,1.8243354941857721
597,6645,20071004210000,fall,39.499794,-75.006409,720,1220,2102,2602,-12.326695442199707,8.891195297241211,-1.1045029057429503,3.4436284030035,-6.2018723487854,17.754310607910156,0.7625189426643618,2.264991518423978,0.018310547009741475,17.755668621216333,3.896879636079205,1.8985399824951779
598,6646,20071004220000,fall,39.499794,-75.006409,720,1220,2102,2602,-10.91004467010498,9.151070594787598,-1.3292472251265894,3.4346249692714967,-6.101076602935791,13.178787231445312,0.8478150311450551,2.502880887023447,0.012207031560399583,13.855400587874112,4.101845245657076,1.9291489075219617
599,6647,20071004230000,fall,39.499794,-75.006409,720,1220,2102,2602,-11.772276878356934,8.127789497375488,-1.6979903428484269,3.5354422035500237,-6.497870445251465,12.384407997131348,1.0841290846508962,2.8141339983545204,0.036621093108843795,13.116851716525407,4.479733724474687,2.0998082221322267
600,6648,20071005000000,fall,39.499794,-75.006409,720,1220,2102,2602,-11.72054386138916,9.267545700073242,-1.921304034582072,3.594953522551813,-6.317208290100098,11.67537784576416,1.312112160915164,2.876258923487002,0.018310547130271002,13.19925708721935,4.663352527188696,2.2051637008466995
601,6649,20071005010000,fall,39.499794,-75.006409,720,1220,2102,2602,-13.382131576538086,7.865128993988037,-1.9827274952786453,3.5977250465463237,-7.819962501525879,12.978469848632812,1.4819603725692985,2.8439792937811177,0.03662109309133976,17.00491386101075,4.709790346603165,2.2309490113953285
602,6650,20071005020000,fall,39.499794,-75.006409,720,1220,2102,2602,-14.0409574508667,7.3867645263671875,-1.9812681501562708,3.551565829726954,-8.09187126159668,12.26059341430664,1.5947111836817962,2.7469044337190205,0.03051757658298864,16.418960450170932,4.6530960331434255,2.230768558008132
603,6651,20071005030000,fall,39.499794,-75.006409,720,1220,2102,2602,-14.373838424682617,7.214698314666748,-1.9194652058822832,3.484344049498241,-7.423355579376221,12.294328689575195,1.6579096490605159,2.665633179116354,0.012207030835031463,17.166664061118503,4.566739641010769,2.196395645857385
604,6652,20071005040000,fall,39.499794,-75.006409,720,1220,2102,2602,-12.667583465576172,7.702831745147705,-1.8265111695149647,3.4297561320416174,-6.800867557525635,12.154619216918945,1.6566780849212035,2.590202861101756,0.02136230471901586,15.53392072015109,4.463564153087275,2.1516733877687346
605,6653,20071005050000,fall,39.499794,-75.006409,720,1220,2102,2602,-13.570255279541016,7.665925025939941,-1.731836271922314,3.372036844318767,-6.19229793548584,11.837538719177246,1.5840781284038177,2.528474008922658,0.02136230423626957,15.567488987788705,4.339842312078524,2.106689912912373
606,6654,20071005060000,fall,39.499794,-75.006409,720,1220,2102,2602,-12.765732765197754,8.42891788482666,-1.6354678349704053,3.325736148221543,-5.970901012420654,12.555476188659668,1.4613494002054301,2.465995829855909,0.02441406185202332,15.86046578473123,4.191022447681049,2.094584520183252
607,6655,20071005070000,fall,39.499794,-75.006409,720,1220,2102,2602,-13.128022193908691,9.907432556152344,-1.5434962046928944,3.3033832390846727,-5.852754592895508,13.026034355163574,1.3058669719987475,2.4469775607044317,0.033569338089271636,15.652947040764284,4.060995292017016,2.120383533121011
608,6656,20071005080000,fall,39.499794,-75.006409,720,1220,2102,2602,-12.961853981018066,11.017044067382812,-1.477228518981757,3.3147900332362883,-5.512283802032471,12.893113136291504,1.1278013448044377,2.4183805905805604,0.00610351543407445,15.92761287713909,3.9502800091866166,2.1646767576235786
609,6657,20071005090000,fall,39.499794,-75.006409,720,1220,2102,2602,-12.597189903259277,11.396860122680664,-1.4797178279834413,3.348052727138968,-5.618780612945557,12.221403121948242,0.932257382492406,2.3650755344439345,0.018310546663402937,15.201271340177353,3.8651387922520963,2.2186505226419904
610,6658,20071005100000,fall,39.499794,-75.006409,720,1220,2102,2602,-12.587258338928223,12.673067092895508,-1.5379455159010533,3.3752976594225,-5.736998081207275,11.294412612915039,0.7468042923512039,2.312251862258537,0.024414062964324367,13.095490068689472,3.815797899251813,2.2587214120472825
611,6659,20071005110000,fall,39.499794,-75.006409,720,1220,2102,2602,-13.638367652893066,13.117813110351562,-1.6391660763512557,3.40626997658366,-5.790060520172119,10.575618743896484,0.6288848000660224,2.2927304271779976,0.021362305430157807,13.638724977786476,3.811457057669422,2.3268959109164844
612,6660,20071005120000,fall,39.499794,-75.006409,720,1220,2102,2602,-13.06048583984375,13.745501518249512,-1.7653476368169487,3.4413836042805888,-5.727463245391846,11.880277633666992,0.5714326752886588,2.27308546672045,0.03356933458598387,13.809624009145296,3.841198647142929,2.3870942975125744
613,6661,20071005130000,fall,39.499794,-75.006409,720,1220,2102,2602,-12.943391799926758,14.160401344299316,-1.8855327846620924,3.3856091595557305,-6.154418468475342,10.990922927856445,0.48606978069594414,2.045317859839759,0.021362303964488405,14.194161030150209,3.697008610874927,2.401936629868736
614,6662,20071005140000,fall,39.499794,-75.006409,720,1220,2102,2602,-12.941676139831543,12.456537246704102,-1.9549988151607882,3.3403356257188035,-6.76714563369751,9.665328025817871,0.39800563741295586,1.769868219121213,0.021362304149645128,12.942901093593653,3.49171930017197,2.465481857365953
615,6663,20071005150000,fall,39.499794,-75.006409,720,1220,2102,2602,-12.523219108581543,11.630230903625488,-1.9223297009379645,3.4303717301674843,-6.286187648773193,8.503152847290039,0.5021086411527065,1.7675814067750533,0.018310546493550486,12.607193180792716,3.5790713726776917,2.455505429156413
616,6664,20071005160000,fall,39.499794,-75.006409,720,1220,2102,2602,-12.314302444458008,9.414827346801758,-1.8797348609013262,3.544032429956313,-6.187242031097412,8.170527458190918,0.6382088181426183,1.8187026060082807,0.021362303820845505,13.235877502198312,3.7390006846639343,2.4142146873483963
617,6665,20071005170000,fall,39.499794,-75.006409,720,1220,2102,2602,-12.397643089294434,8.397163391113281,-1.8520520235689046,3.65140593022507,-7.74983024597168,8.213562965393066,0.8018055897704346,1.8822071916751524,0.009155273212371685,13.171791183764565,3.9121794428715093,2.3755652144790367
618,6666,20071005180000,fall,39.499794,-75.006409,720,1220,2102,2602,-13.296812057495117,8.169778823852539,-1.8019948650778599,3.7434596119887416,-7.883537769317627,9.775981903076172,1.0141736882842725,1.9739541754682366,0.01220703108035611,14.80757901664555,4.091613169462152,2.33332817852491
619,6667,20071005190000,fall,39.499794,-75.006409,720,1220,2102,2602,-16.894765853881836,8.39794921875,-1.7399455039138365,3.8367804242288073,-7.2859206199646,12.654302597045898,1.2498158775972794,2.0448608716504038,0.021362304355196867,18.381301199759676,4.276414132505369,2.2812435775131115
620,6668,20071005200000,fall,39.499794,-75.006409,720,1220,2102,2602,-12.986673355102539,10.41248607635498,-1.6586088001728716,3.9054698860290906,-8.194557189941406,14.101882934570312,1.4952319609717561,2.1101327469741054,0.0396728540118756,14.25824729064924,4.4337698254893985,2.24360026391392
621,6669,20071005210000,fall,39.499794,-75.006409,720,1220,2102,2602,-14.769865989685059,9.692373275756836,-1.5550242602066982,3.90464953625848,-5.635506629943848,13.910707473754883,1.7115496396268444,2.172246069631057,0.04272460902202921,15.292823456536427,4.544565466241715,2.158557001751989
622,6670,20071005220000,fall,39.499794,-75.006409,720,1220,2102,2602,-13.951600074768066,12.4854736328125,-1.4791428256136785,3.9492454918822846,-7.516774654388428,16.12283706665039,1.9843368224040514,2.4426857263335826,0.02746582018853317,17.514573022964374,4.796626812489788,2.1635805642044965
623,6671,20071005230000,fall,39.499794,-75.006409,720,1220,2102,2602,-13.380373001098633,10.400622367858887,-1.4287511423695762,4.194906963472389,-7.3246917724609375,12.933547019958496,2.3240766034344156,2.856393206140749,0.05187988399630341,14.636680987562409,5.266221060554421,2.337905944879491
624,6672,20071006000000,fall,39.499794,-75.006409,720,1220,2102,2602,-12.853326797485352,9.600991249084473,-1.2568059972932766,4.385088129079571,-5.312070846557617,12.02829360961914,2.458749331454356,2.924195106318302,0.030517577583432636,14.059875162320763,5.411981932816658,2.4729286419620244
625,6673,20071006010000,fall,39.499794,-75.006409,720,1220,2102,2602,-11.46088695526123,10.297993659973145,-1.0443800380871129,4.501595883391393,-5.869568824768066,11.403977394104004,2.480561036630673,2.8326175378940133,0.04272460830411327,12.900177451966226,5.413191679074164,2.49586782089084
626,6674,20071006020000,fall,39.499794,-75.006409,720,1220,2102,2602,-13.116822242736816,10.836113929748535,-0.8493314985792304,4.57996200199444,-6.1111345291137695,11.54427433013916,2.4409778180247246,2.7313509154736577,0.012207031296751509,13.605148465223577,5.394903397591043,2.4517511693481286
627,6675,20071006030000,fall,39.499794,-75.006409,720,1220,2102,2602,-11.655851364135742,12.029032707214355,-0.659627079439515,4.61525206089212,-6.247799396514893,11.747177124023438,2.3879120924136745,2.6778468788847762,0.045776366394766524,13.333534194463168,5.361184886097522,2.4220537059336134
628,6676,20071006040000,fall,39.499794,-75.006409,720,1220,2102,2602,-11.786067962646484,12.103331565856934,-0.44637279309226435,4.596161557910473,-6.402446269989014,12.050528526306152,2.3377389150092234,2.6275829859729303,0.054931642395806494,13.455611478357985,5.2846006958680745,2.401283158017936
629,6677,20071006050000,fall,39.499794,-75.006409,720,1220,2102,2602,-11.620827674865723,12.154980659484863,-0.24074863308494748,4.5497188368391805,-6.231618881225586,12.441123962402344,2.2444227370124095,2.591724569183153,0.021362303980396787,13.534957899669637,5.171217856142596,2.402264962042983
630,6678,20071006060000,fall,39.499794,-75.006409,720,1220,2102,2602,-14.1633882522583,13.463125228881836,-0.03708051187589089,4.471608839866722,-7.6185102462768555,12.197468757629395,2.169458497956276,2.567489770745322,0.03356933765791445,16.028320224078005,5.049742444035197,2.4073462001301738
631,6679,20071006070000,fall,39.499794,-75.006409,720,1220,2102,2602,-13.171728134155273,11.952773094177246,0.18596408739669482,4.357832624857352,-9.378875732421875,12.65571117401123,2.107252804609109,2.5548785516635415,0.03662109440499387,13.989685312275181,4.9264005968848,2.392443057497677
632,6680,20071006080000,fall,39.499794,-75.006409,720,1220,2102,2602,-10.961405754089355,12.710835456848145,0.3891609909999918,4.246451204754066,-8.058646202087402,12.417952537536621,2.0101068640102975,2.588294970872112,0.021362304764320352,13.052765016512476,4.816850264662286,2.39197577330528
633,6681,20071006090000,fall,39.499794,-75.006409,720,1220,2102,2602,-10.975395202636719,12.991120338439941,0.543374701521747,4.162933810691105,-8.954609870910645,11.89543628692627,1.8787153756546568,2.672561923582508,0.02746582165961251,13.962219157554317,4.750990948148994,2.3928054010219046
634,6682,20071006100000,fall,39.499794,-75.006409,720,1220,2102,2602,-10.540653228759766,12.738008499145508,0.6363613153401593,4.0887163833176645,-10.7929105758667,12.570101737976074,1.7349185627257475,2.7641403201841825,0.03662109443427292,14.218575016908815,4.694623339011539,2.394469298328586
635,6683,20071006110000,fall,39.499794,-75.006409,720,1220,2102,2602,-11.252520561218262,12.508235931396484,0.6899288304605148,4.033252825261283,-10.037871360778809,13.237255096435547,1.5891640429758658,2.813382420785042,0.030517578143310884,14.102600183533328,4.631220206645902,2.3948888371285912
636,6684,20071006120000,fall,39.499794,-75.006409,720,1220,2102,2602,-10.532517433166504,12.058653831481934,0.6826427155002509,4.0081788619282275,-7.964147567749023,10.90732479095459,1.4694390590505357,2.780886664658604,0.039672853438724745,12.250129612034897,4.5572132045836184,2.3782111899791176
637,6685,20071006130000,fall,39.499794,-75.006409,720,1220,2102,2602,-10.934846878051758,11.885744094848633,0.6257397104866652,3.737745911468398,-7.485090732574463,9.855273246765137,1.223494584464394,2.4566690180983213,0.021362304181818767,11.905273609748923,4.139488894644193,2.181533414319828
638,6686,20071006140000,fall,39.499794,-75.006409,720,1220,2102,2602,-9.793720245361328,11.487996101379395,0.5695929788828382,3.4872555041502427,-10.768582344055176,9.24173355102539,0.9521162161684933,2.1641094967990813,0.01831054709122879,11.502426131642137,3.7063268106804017,2.0828883523793147
639,6687,20071006150000,fall,39.499794,-75.006409,720,1220,2102,2602,-9.578558921813965,11.724967956542969,0.7117918045668283,3.4659066327525037,-9.540290832519531,8.0479097366333,0.9220467718174776,2.1302777350849995,0.018310546187661838,11.999877929093026,3.7026862246243284,2.0487861186569587
640,6688,20071006160000,fall,39.499794,-75.006409,720,1220,2102,2602,-9.777222633361816,11.385082244873047,0.8793389358095904,3.515526559322535,-8.717193603515625,8.059576034545898,0.9505038225058073,2.101096397064487,0.015258788607619657,11.810660945627967,3.789522914790108,2.0223114542446443
641,6689,20071006170000,fall,39.499794,-75.006409,720,1220,2102,2602,-9.259848594665527,11.19599437713623,1.0050490950757045,3.6128846941260604,-11.219056129455566,7.779176712036133,1.0058336589790269,2.053347548707308,0.012207030964350519,12.240974638970515,3.889003936786141,2.041236238543249
642,6690,20071006180000,fall,39.499794,-75.006409,720,1220,2102,2602,-9.869824409484863,13.609082221984863,1.1605660257503945,3.6977040342965797,-12.231546401977539,7.382159233093262,1.058309861367427,2.055177356496934,0.021362304859753423,15.417953702044247,4.0054502668391105,2.078477932185721
643,6691,20071006190000,fall,39.499794,-75.006409,720,1220,2102,2602,-10.048298835754395,17.8629150390625,1.3186671974006743,3.7526039695806004,-15.311382293701172,8.172799110412598,1.121823637448251,2.134957072841294,0.018310547463749757,19.91638138897125,4.130461208043338,2.139331651538511
644,6692,20071006200000,fall,39.499794,-75.006409,720,1220,2102,2602,-8.444936752319336,20.45749282836914,1.438420073807868,3.767909232040404,-14.550286293029785,8.582945823669434,1.2543094987822059,2.2260810483088926,0.018310546776897543,20.752587196384066,4.232222028695066,2.209800475570645
645,6693,20071006210000,fall,39.499794,-75.006409,720,1220,2102,2602,-8.9171142578125,19.538616180419922,1.5045918953430693,3.7549161715724138,-17.846410751342773,8.428048133850098,1.3974600741286067,2.369546938692138,0.015258788574483076,19.663077620230997,4.342199805634559,2.2530291672466416
646,6694,20071006220000,fall,39.499794,-75.006409,720,1220,2102,2602,-8.873706817626953,19.89828872680664,1.525658118104362,3.78470306811376,-15.321270942687988,10.859766960144043,1.6943911421248614,2.5913368946933226,0.015258788415406841,20.059814377147532,4.556860756775638,2.3393627967452244
647,6695,20071006230000,fall,39.499794,-75.006409,720,1220,2102,2602,-8.732561111450195,16.241533279418945,1.696373105490548,4.040506236393398,-14.705873489379883,11.290124893188477,2.0988842587006515,2.7611160919049444,0.027465821437765537,17.99371365334011,4.97250542305963,2.55081151428442
648,6696,20071007000000,fall,39.499794,-75.006409,720,1220,2102,2602,-8.294816017150879,15.266623497009277,1.8961016729063591,4.117525820181122,-13.539387702941895,10.280942916870117,2.261226904915246,2.747926289575817,0.012207031341984882,17.682426502407566,5.150526034680804,2.585642668348865
649,6697,20071007010000,fall,39.499794,-75.006409,720,1220,2102,2602,-7.483974933624268,16.69952964782715,2.1669631588647653,4.106061123211697,-14.04399585723877,9.74708080291748,2.2010490484099714,2.6812128638120516,0.009155272905271739,17.053741724358026,5.208490224532256,2.541774221868903
650,6698,20071007020000,fall,39.499794,-75.006409,720,1220,2102,2602,-7.998956203460693,14.17226791381836,2.408166555023124,4.109519445110265,-10.715397834777832,9.705333709716797,2.003023943747115,2.7249530083249267,0.024414063166307464,14.181953701137035,5.245226292173481,2.5714764605507625
651,6699,20071007030000,fall,39.499794,-75.006409,720,1220,2102,2602,-8.07939624786377,15.061393737792969,2.563915022615489,4.1490327433304675,-11.707606315612793,9.129475593566895,1.7038381108974054,2.775861975252202,0.02441406221296537,15.158546126506447,5.250672914117077,2.612860675806596
652,6700,20071007040000,fall,39.499794,-75.006409,720,1220,2102,2602,-8.291253089904785,15.370108604431152,2.678065159473178,4.201548556659801,-11.09722900390625,8.87552261352539,1.3855595692830829,2.841169684763888,0.015258789158194418,15.979491830974398,5.245893154019842,2.7014197723817674
653,6701,20071007050000,fall,39.499794,-75.006409,720,1220,2102,2602,-9.93682861328125,13.402639389038086,2.7652744859536957,4.254400260551506,-12.378348350524902,8.234087944030762,1.0131494348451116,2.9013925615845353,0.018310548019273145,15.872680527805613,5.241889983951154,2.7773736748130973
654,6702,20071007060000,fall,39.499794,-75.006409,720,1220,2102,2602,-9.904964447021484,12.682317733764648,2.8775550101226237,4.310033844660793,-13.378198623657227,8.779535293579102,0.6142783354972868,2.9068847647109513,0.012207031462701697,15.317237681010154,5.252503190038428,2.8452138277833203
655,6703,20071007070000,fall,39.499794,-75.006409,720,1220,2102,2602,-9.167420387268066,14.07877254486084,3.0081864413854347,4.343880589599924,-14.050101280212402,8.70432186126709,0.1854070020743959,2.936383897816541,0.024414062617181376,14.523757611491792,5.290546487613866,2.9300730804894948
656,6704,20071007080000,fall,39.499794,-75.006409,720,1220,2102,2602,-10.059826850891113,14.295697212219238,3.0556187094450453,4.39594351923646,-14.973723411560059,8.462047576904297,-0.2651075303623498,2.939361383705408,0.03356933575066937,15.363014214828503,5.305914937196043,3.0362014339863785
657,6705,20071007090000,fall,39.499794,-75.006409,720,1220,2102,2602,-11.290579795837402,14.74450397491455,3.005249363167013,4.441923992012979,-15.373407363891602,8.822202682495117,-0.7552286182794511,2.956449106934819,0.015258789288524218,15.643791635641266,5.3417301174780745,3.0885422816318897
658,6706,20071007100000,fall,39.499794,-75.006409,720,1220,2102,2602,-10.714110374450684,14.248738288879395,2.8977435293403615,4.473332768553925,-15.856511116027832,7.672088623046875,-1.2501926431108321,3.000383315855753,0.006103515360565373,16.10156209289491,5.4157993209752435,3.1051607079071393
659,6707,20071007110000,fall,39.499794,-75.006409,720,1220,2102,2602,-10.214457511901855,13.785086631774902,2.734101754384991,4.466808320513455,-16.3675594329834,7.776731967926025,-1.7510837533322205,3.065072621852248,0.02136230428165074,16.547134075152385,5.506994117176048,3.0921948931689265
660,6708,20071007120000,fall,39.499794,-75.006409,720,1220,2102,2602,-10.689875602722168,14.245166778564453,2.4619183266224747,4.4116220079789406,-16.13531494140625,7.1909589767456055,-2.208233408745318,3.1322147306514467,0.018310546936691215,16.3975977355912,5.557572927009576,3.053505797542039
661,6709,20071007130000,fall,39.499794,-75.006409,720,1220,2102,2602,-9.465648651123047,12.835962295532227,2.019477425837294,4.187395680964192,-14.980856895446777,5.386236190795898,-2.4873220739708453,3.0882739088891396,0.015258788717543577,15.271461605823006,5.331948327104062,2.984477430892086
662,6710,20071007140000,fall,39.499794,-75.006409,720,1220,2102,2602,-9.339259147644043,11.51495361328125,1.6198161420017783,3.979679302074163,-13.16742992401123,6.15248966217041,-2.7211378106300543,3.090346103149115,0.012207031218287803,13.330482388859458,5.073510891771152,3.1106219529245207
663,6711,20071007150000,fall,39.499794,-75.006409,720,1220,2102,2602,-9.711965560913086,10.923843383789062,1.3649040890954918,3.821882495489341,-12.393641471862793,6.252441883087158,-2.9966056882562633,3.032007540477698,0.015258789349706892,12.68044269828367,5.0465814875155965,3.0289403506879604
664,6712,20071007160000,fall,39.499794,-75.006409,720,1220,2102,2602,-9.210275650024414,10.675491333007812,1.1284196231058585,3.6571416486286417,-12.19809627532959,6.463712215423584,-3.2204591940355423,2.9329720607198273,0.024414063283201757,12.427139475437723,5.017242698585713,2.906711908126449
665,6713,20071007170000,fall,39.499794,-75.006409,720,1220,2102,2602,-9.076590538024902,9.792783737182617,0.861216522275082,3.4988012638718047,-11.989606857299805,6.357540130615234,-3.388066613371007,2.8288744241492862,0.021362303978662657,12.323371428648494,4.970302614305981,2.785843137863094
666,6714,20071007180000,fall,39.499794,-75.006409,720,1220,2102,2602,-9.53644847869873,8.808051109313965,0.6240696306713394,3.3805294249637514,-11.644495964050293,6.272368907928467,-3.4653293578470983,2.779498386703994,0.030517579487083165,11.862541431981123,4.936143500763866,2.680680562261333
667,6715,20071007190000,fall,39.499794,-75.006409,720,1220,2102,2602,-9.490432739257812,8.844049453735352,0.39128366260673514,3.2706899541703454,-12.147284507751465,6.497256755828857,-3.425869790487522,2.8252666067058962,0.03356933696073302,12.36609578391772,4.869806388570439,2.618055889226733
668,6716,20071007200000,fall,39.499794,-75.006409,720,1220,2102,2602,-11.274744033813477,7.951113700866699,0.14459624504087493,3.183460571167483,-11.694652557373047,6.703319549560547,-3.3142658181590434,2.920397450800681,0.033569334439688125,11.77098915581372,4.790530962550525,2.5921461307501947
669,6717,20071007210000,fall,39.499794,-75.006409,720,1220,2102,2602,-10.64455795288086,9.372875213623047,-0.1320267520213581,3.1229651989172402,-11.370099067687988,7.962646961212158,-3.112818369926266,2.985499053650277,0.021362303512135528,11.511581795156232,4.668727646477423,2.564403958703074
670,6718,20071007220000,fall,39.499794,-75.006409,720,1220,2102,2602,-11.409942626953125,8.120566368103027,-0.5057197110018076,3.113004052703084,-11.126327514648438,8.438817977905273,-2.8770856245543843,3.0878606483718967,0.018310546917486216,11.560409238396197,4.620775201355292,2.531301695089454
671,6719,20071007230000,fall,39.499794,-75.006409,720,1220,2102,2602,-10.815084457397461,7.181391716003418,-0.8872498511591755,3.1441320720500423,-11.004817962646484,9.085314750671387,-2.701550555310619,3.262614844061005,0.021362305031817155,11.529892524344634,4.731129345685613,2.4964424533432443
