contrast_id,contrast_family,base_method,comparison_method,metric,metric_family,direction,n_valid_pairs,base_mean,comparison_mean,mean_raw_delta,median_raw_delta,mean_oriented_improvement,median_oriented_improvement,oriented_standard_deviation,oriented_standard_error,iid_bootstrap_ci95_low,iid_bootstrap_ci95_high,block6_bootstrap_ci95_low,block6_bootstrap_ci95_high,block12_bootstrap_ci95_low,block12_bootstrap_ci95_high,block24_bootstrap_ci95_low,block24_bootstrap_ci95_high,win_count,tie_count,loss_count,win_rate,tie_rate,loss_rate,paired_effect_size_dz,sign_test_p_raw,wilcoxon_p_raw,test_status
add_crit_to_uv,add_critical_proxy,uv,uv_crit,psnruv,vector_uv,higher_is_better,168,33.78924941632876,33.655150678889235,-0.13409873743952236,-0.12938651690919123,-0.13409873743952236,-0.12938651690919123,0.03567171237496217,0.002752132359170436,-0.1395350047666344,-0.12875627471230097,-0.14610262885694017,-0.12207018768682101,-0.14937404877167332,-0.11888039366864589,-0.15225039683655409,-0.11590703690280128,0,0,168,0.0,0.0,1.0,-3.759245870507908,5.345529420184391e-51,2.546826342812208e-29,sign_test=ok; wilcoxon=ok
add_crit_to_uv,add_critical_proxy,uv,uv_crit,ssim_speed,scalar_speed,higher_is_better,0,,,,,,,,,,,,,,,,,0,0,0,,,,,,,no_valid_pairs
add_crit_to_uv,add_critical_proxy,uv,uv_crit,speed_mae,scalar_speed,lower_is_better,168,0.495796154586908,0.5038023488315495,0.008006194244641515,0.007694121769787121,-0.008006194244641515,-0.007694121769787121,0.002952359961305605,0.00022777951616170344,-0.008455578490712037,-0.0075709483834623835,-0.009066593684219686,-0.00695667169906231,-0.009328884769385197,-0.006658612367593559,-0.00955682829895565,-0.006391603201314256,0,0,168,0.0,0.0,1.0,-2.7117947504954585,5.345529420184391e-51,2.546826342812208e-29,sign_test=ok; wilcoxon=ok
add_crit_to_uv,add_critical_proxy,uv,uv_crit,speed_rmse,scalar_speed,lower_is_better,168,0.8554678434057079,0.8667425753641315,0.01127473195842344,0.010708862780902162,-0.01127473195842344,-0.010708862780902162,0.0050516854177942005,0.0003897459914601475,-0.012040424621947555,-0.010523724277318954,-0.012997526007918488,-0.009571723197893163,-0.013397867741348775,-0.009231932052021151,-0.013564672337752236,-0.00891609177566757,0,0,168,0.0,0.0,1.0,-2.231875310111157,5.345529420184391e-51,2.546826342812208e-29,sign_test=ok; wilcoxon=ok
add_crit_to_uv,add_critical_proxy,uv,uv_crit,wpd_mae,wind_power_distribution,lower_is_better,168,158.97693139286514,163.04171960727152,4.064788214406396,3.892971202095765,-4.064788214406396,-3.892971202095765,2.5337048521202297,0.19547957324867907,-4.450004872371644,-3.699569472704046,-4.979589299198935,-3.184880982111844,-5.2368722122170555,-2.910100239802598,-5.490565698068604,-2.6661803378873925,0,0,168,0.0,0.0,1.0,-1.6042863915285714,5.345529420184391e-51,2.546826342812208e-29,sign_test=ok; wilcoxon=ok
add_crit_to_uv,add_critical_proxy,uv,uv_crit,wpd_w1,wind_power_distribution,lower_is_better,168,39.392707249834544,21.827575151262813,-17.565132098571727,-17.100660965788805,17.565132098571727,17.100660965788805,11.67328192462156,0.9006132530105211,15.848117242923644,19.376156379224852,13.787243595785515,21.5689164584874,13.309644834536762,21.9576896811444,13.916907555043064,21.295032469874485,162,0,6,0.9642857142857143,0.0,0.03571428571428571,1.5047295363888145,1.583025776075848e-40,2.8058723819644346e-27,sign_test=ok; wilcoxon=ok
add_crit_to_uv,add_critical_proxy,uv,uv_crit,wpd_bias_abs,wind_power_distribution,lower_is_better,168,31.30333604832264,14.03026983697246,-17.273066211350184,-14.015016507850671,17.273066211350184,14.015016507850671,14.12850237445958,1.0900376231632416,15.193291800701433,19.443924264429718,12.75099336652175,22.2770871284722,12.094908539381546,22.994993243789207,12.234974544810893,22.38693290301161,161,0,7,0.9583333333333334,0.0,0.041666666666666664,1.2225688012464153,3.687894036179826e-39,2.4265318820367435e-26,sign_test=ok; wilcoxon=ok
add_crit_to_uv,add_critical_proxy,uv,uv_crit,grad_mae,gradient_distribution,lower_is_better,168,0.32474283787493324,0.3184242545251984,-0.006318583349734804,-0.006498778617267026,0.006318583349734804,0.006498778617267026,0.0023468607755340837,0.00018106423977977106,0.005962680625288346,0.006671642823548075,0.0055000741117896094,0.007108270995711406,0.0053355665824530345,0.007301696947091789,0.005239163881946187,0.007407348264402896,168,0,0,1.0,0.0,0.0,2.6923554288374265,5.345529420184391e-51,2.546826342812208e-29,sign_test=ok; wilcoxon=ok
add_crit_to_uv,add_critical_proxy,uv,uv_crit,grad_w1,gradient_distribution,lower_is_better,168,0.24960980730355606,0.22953153861852565,-0.020078268685030414,-0.020978735652981223,0.020078268685030414,0.020978735652981223,0.006138858587518244,0.0004736232224988104,0.01917160035741422,0.021003714192667933,0.017924699296840416,0.022174538112113125,0.017499513116349043,0.022520710912585156,0.017420722808546747,0.022446423954924657,168,0,0,1.0,0.0,0.0,3.270684346085818,5.345529420184391e-51,2.546826342812208e-29,sign_test=ok; wilcoxon=ok
add_crit_to_uv,add_critical_proxy,uv,uv_crit,grad_kurtosis_abs_delta,gradient_distribution,lower_is_better,168,5.579251153128264,6.37981074820039,0.8005595950721259,0.8406187981631508,-0.8005595950721259,-0.8406187981631508,1.427415206258447,0.11012747405625438,-1.0156000089066526,-0.5873705165897292,-1.1699174364352503,-0.4434391514570658,-1.179194771738897,-0.42922487182703384,-1.1621064834668868,-0.4489268241922891,43,0,125,0.25595238095238093,0.0,0.7440476190476191,-0.5608456401207603,1.7881252801764122e-10,9.324957073968565e-12,sign_test=ok; wilcoxon=ok
add_crit_to_uv,add_critical_proxy,uv,uv_crit,psd_log_l2,frequency_domain,lower_is_better,168,1.133796467252087,1.0503967895510902,-0.08339967770099684,-0.07617602454875905,0.08339967770099684,0.07617602454875905,0.034170420822659524,0.0026363052012753924,0.07838812187648067,0.08861129315075117,0.0723534705137269,0.09542181911590658,0.07059897103968675,0.09736554118167305,0.07113715374396501,0.0982758226475411,168,0,0,1.0,0.0,0.0,2.4406979982433166,5.345529420184391e-51,2.546826342812208e-29,sign_test=ok; wilcoxon=ok
add_crit_to_uv,add_critical_proxy,uv,uv_crit,psd_slope_abs_delta,frequency_domain,lower_is_better,168,1.4560029134850596,1.393654018543535,-0.062348894941524347,-0.04334385725346834,0.062348894941524347,0.04334385725346834,0.06603755230328467,0.005094907771846842,0.05273659859552807,0.07228715799959018,0.03971015244114015,0.08688251163747805,0.03319569582990411,0.0926696719829146,0.02803305637669645,0.09699177808780889,130,0,38,0.7738095238095238,0.0,0.2261904761904762,0.9441430332726481,5.593404540671203e-13,9.116385655272474e-21,sign_test=ok; wilcoxon=ok
add_crit_to_uv,add_critical_proxy,uv,uv_crit,exceed_abs_t5,threshold_geometry,lower_is_better,168,0.005876952380952384,0.007727833333333338,0.0018508809523809548,0.0015740000000000198,-0.0018508809523809548,-0.0015740000000000198,0.0012749227841337154,9.836242826741462e-05,-0.0020435958333333364,-0.001661926785714284,-0.0023001714285714333,-0.0014383523809523876,-0.0024346869047619083,-0.0013293839285714304,-0.0025703499999999977,-0.0012011761904761956,2,0,166,0.011904761904761904,0.0,0.9880952380952381,-1.4517592558663006,7.58904811783578e-47,1.2451349846330269e-28,sign_test=ok; wilcoxon=ok
add_crit_to_uv,add_critical_proxy,uv,uv_crit,exceed_abs_t10,threshold_geometry,lower_is_better,168,0.0054696428571428535,0.006550857142857143,0.0010812142857142895,-8.000000000000021e-05,-0.0010812142857142895,8.000000000000021e-05,0.008386487492198438,0.0006470315572307011,-0.0023533928571428603,0.00017023809523808656,-0.0038490541666666754,0.0016380892857142785,-0.004431860119047624,0.002142242857142855,-0.0037168226190476238,0.0018251214285714228,86,0,82,0.5119047619047619,0.0,0.4880952380952381,-0.128923376648459,0.8170464889807801,0.0723690146512265,sign_test=ok; wilcoxon=ok
add_crit_to_uv,add_critical_proxy,uv,uv_crit,exceed_abs_t15,threshold_geometry,lower_is_better,168,0.005337119047619047,0.0017195714285714282,-0.0036175476190476196,-0.0029040000000000003,0.0036175476190476196,0.0029040000000000003,0.00362004680356405,0.00027929267440474786,0.0030852380952380958,0.004169170238095241,0.0024634428571428573,0.004830906547619047,0.0022618702380952397,0.00496493511904762,0.002465554166666666,0.004802904761904761,152,0,16,0.9047619047619048,0.0,0.09523809523809523,0.9993096264628485,5.491309367550057e-29,1.7381696284745398e-22,sign_test=ok; wilcoxon=ok
add_crit_to_uv,add_critical_proxy,uv,uv_crit,exceed_abs_p90,threshold_geometry,lower_is_better,168,0.007868809523809528,0.0022411666666666643,-0.005627642857142865,-0.00490800000000001,0.005627642857142865,0.00490800000000001,0.005062732590692385,0.00039059829935304764,0.004882994047619055,0.006388264285714291,0.00392329345238096,0.007442200595238102,0.0035039922619047696,0.007967992857142864,0.0031405202380952466,0.008418342857142862,149,0,19,0.8869047619047619,0.0,0.1130952380952381,1.1115820866164337,3.33298643379015e-26,8.600388123693686e-26,sign_test=ok; wilcoxon=ok
add_crit_to_uv,add_critical_proxy,uv,uv_crit,comp_curve_l1,threshold_geometry,lower_is_better,168,141.9156746031746,133.60416666666666,-8.311507936507937,-7.666666666666686,8.311507936507937,7.666666666666686,5.701331086301274,0.43986724292964957,7.4523809523809526,9.162698412698413,6.529761904761906,10.16674107142857,6.132936507936509,10.736210317460316,5.721130952380952,11.031944444444443,160,2,6,0.9523809523809523,0.011904761904761904,0.03571428571428571,1.4578188515447204,5.889338708315932e-40,1.2218646233013991e-28,sign_test=ok; wilcoxon=ok
add_crit_to_uv,add_critical_proxy,uv,uv_crit,comp_abs_t5,threshold_geometry,lower_is_better,168,68.88095238095238,68.94642857142857,0.06547619047619048,0.0,-0.06547619047619048,0.0,3.130188877147087,0.24149931487893722,-0.5416666666666666,0.4107142857142857,-0.4583333333333333,0.32142857142857145,-0.43452380952380953,0.25595238095238093,-0.40476190476190477,0.23214285714285715,74,26,68,0.44047619047619047,0.15476190476190477,0.40476190476190477,-0.02091764843783699,0.6749345842733008,0.9950928426595004,sign_test=ok; wilcoxon=ok
add_crit_to_uv,add_critical_proxy,uv,uv_crit,comp_abs_t10,threshold_geometry,lower_is_better,168,228.8095238095238,230.05357142857142,1.244047619047619,1.0,-1.244047619047619,-1.0,10.115794861223984,0.7804505173080877,-2.7501488095238096,0.2799107142857121,-3.4226190476190474,0.9523809523809523,-3.791815476190476,1.2023809523809523,-3.8392857142857144,1.184672619047617,73,6,89,0.43452380952380953,0.03571428571428571,0.5297619047619048,-0.12298070849739362,0.23850049967578146,0.060453572948753205,sign_test=ok; wilcoxon=ok
add_crit_to_uv,add_critical_proxy,uv,uv_crit,comp_abs_t15,threshold_geometry,lower_is_better,168,143.5654761904762,129.92857142857142,-13.636904761904763,-10.0,13.636904761904763,10.0,13.36158834333492,1.030868921095508,11.666666666666666,15.690624999999997,9.755803571428572,17.797767857142855,8.952380952380953,18.773809523809526,8.505952380952381,18.70252976190476,155,2,11,0.9226190476190477,0.011904761904761904,0.06547619047619048,1.0206050666653845,1.0828709625408313e-33,9.878173991254247e-26,sign_test=ok; wilcoxon=ok
add_crit_to_uv,add_critical_proxy,uv,uv_crit,pd_distance,topology_pd,lower_is_better,168,29.612120109960603,29.114333402447333,-0.4977867075132707,-0.5029354052425177,0.4977867075132707,0.5029354052425177,0.18127023576663012,0.013985302313604618,0.4701882149735429,0.5252273572143896,0.4402506021082702,0.5521044142921131,0.42828039573623977,0.5625508006626001,0.4252963572955257,0.5612981011079448,167,0,1,0.9940476190476191,0.0,0.005952380952380952,2.746102830440009,9.033944720111621e-49,2.592932982651445e-29,sign_test=ok; wilcoxon=ok
add_crit_to_uv,add_critical_proxy,uv,uv_crit,mt_distance,topology_mt,lower_is_better,168,6.011865703832536,5.689883058979397,-0.32198264485313777,-0.3354055881500244,0.32198264485313777,0.3354055881500244,0.29580281296368516,0.022821682484253362,0.27843450215600785,0.36582236616384417,0.25594667402051746,0.3883808792347,0.24747345241762345,0.39944367742254616,0.23715612377439227,0.4039501181670598,147,0,21,0.875,0.0,0.125,1.0885043371533678,1.78061588575196e-24,4.792308298247238e-23,sign_test=ok; wilcoxon=ok
add_crit_to_b,add_critical_proxy,candidate_b,candidate_c,psnruv,vector_uv,higher_is_better,168,33.51982668785281,33.48066855580409,-0.03915813204871764,-0.03876146024913396,-0.03915813204871764,-0.03876146024913396,0.031807987920288536,0.002454039545827137,-0.04395235924991213,-0.03436489897120116,-0.05009570467677495,-0.027942953908190436,-0.053108907607305265,-0.024922849119045992,-0.0557145495707126,-0.02252417958130641,22,0,146,0.13095238095238096,0.0,0.8690476190476191,-1.2310785626191985,1.200491784430071e-23,7.966521098186242e-25,sign_test=ok; wilcoxon=ok
add_crit_to_b,add_critical_proxy,candidate_b,candidate_c,ssim_speed,scalar_speed,higher_is_better,0,,,,,,,,,,,,,,,,,0,0,0,,,,,,,no_valid_pairs
add_crit_to_b,add_critical_proxy,candidate_b,candidate_c,speed_mae,scalar_speed,lower_is_better,168,0.5140811588466916,0.514673630980392,0.0005924721337004482,0.0004316290049575233,-0.0005924721337004482,-0.0004316290049575233,0.002884458299832089,0.00022254078924502575,-0.0010240738670730957,-0.0001386639993101575,-0.0016006805008380606,0.00047562690958046817,-0.001900129608498817,0.00076786935408544,-0.002156684427129006,0.000998788869560352,73,0,95,0.43452380952380953,0.0,0.5654761904761905,-0.20540152504022588,0.10491191481478204,0.005883946730372747,sign_test=ok; wilcoxon=ok
add_crit_to_b,add_critical_proxy,candidate_b,candidate_c,speed_rmse,scalar_speed,lower_is_better,168,0.876279185873142,0.8796379856523427,0.0033587997792005825,0.003314350191012838,-0.0033587997792005825,-0.003314350191012838,0.004255247077760424,0.0003282994395074178,-0.00399276580159722,-0.0027150055700941285,-0.004841873838510984,-0.0018218098452185828,-0.005233776687153448,-0.001411305309064426,-0.005570057895969162,-0.0010507597774406898,39,0,129,0.23214285714285715,0.0,0.7678571428571429,-0.7893313168006099,1.8901080346392734e-12,9.643881347211493e-16,sign_test=ok; wilcoxon=ok
add_crit_to_b,add_critical_proxy,candidate_b,candidate_c,wpd_mae,wind_power_distribution,lower_is_better,168,164.59352863034053,165.94468049775796,1.351151867417413,0.670008343366419,-1.351151867417413,-0.670008343366419,1.5972010686677494,0.12322673772923345,-1.5922813680768413,-1.1130492064044115,-1.9171021587869974,-0.784557117138606,-2.081030824592081,-0.637859583222258,-2.1934091411983383,-0.5418464673929805,35,0,133,0.20833333333333334,0.0,0.7916666666666666,-0.8459497641987117,1.1841800255738729e-14,1.327399995420069e-17,sign_test=ok; wilcoxon=ok
add_crit_to_b,add_critical_proxy,candidate_b,candidate_c,wpd_w1,wind_power_distribution,lower_is_better,168,26.68694395259363,16.154361978800274,-10.532581973793352,-9.690066104675113,10.532581973793352,9.690066104675113,7.744773911216021,0.5975222795998225,9.404362159857131,11.720119749165026,8.005696677801561,13.140072321459979,7.792027234718627,13.426011019793531,8.354041109996162,12.642901471474287,163,0,5,0.9702380952380952,0.0,0.02976190476190476,1.3599599025789524,5.78936643471018e-42,6.750917899054643e-27,sign_test=ok; wilcoxon=ok
add_crit_to_b,add_critical_proxy,candidate_b,candidate_c,wpd_bias_abs,wind_power_distribution,lower_is_better,168,19.68905221286368,7.985822841162225,-11.703229371701454,-10.568040249089435,11.703229371701454,10.568040249089435,9.35556395791328,0.7217974297453132,10.343127094040677,13.147131055491029,8.722818203390112,14.931561024008536,8.399739695278999,15.298580839551695,8.915553420453637,14.67599902580814,160,0,8,0.9523809523809523,0.0,0.047619047619047616,1.2509378829912687,7.472092213994618e-38,1.2078090622002507e-26,sign_test=ok; wilcoxon=ok
add_crit_to_b,add_critical_proxy,candidate_b,candidate_c,grad_mae,gradient_distribution,lower_is_better,168,0.31240406358805717,0.31045584063453674,-0.0019482229535204055,-0.0017254853579647955,0.0019482229535204055,0.0017254853579647955,0.0011050282762349358,8.525478241294324e-05,0.001784235136047361,0.002120181065122653,0.0015904609324686432,0.0023411387353840995,0.0015445385784956652,0.00239638081445852,0.0015710846101100189,0.0023438334465607715,168,0,0,1.0,0.0,0.0,1.7630525801189556,5.345529420184391e-51,2.546826342812208e-29,sign_test=ok; wilcoxon=ok
add_crit_to_b,add_critical_proxy,candidate_b,candidate_c,grad_w1,gradient_distribution,lower_is_better,168,0.1996129982297537,0.1941583086077908,-0.005454689621962889,-0.005317978321479858,0.005454689621962889,0.005317978321479858,0.0037383830036446363,0.0002884225104518573,0.004904372672167174,0.0060189389008079176,0.004205460215118026,0.006780414631910467,0.003960012493014152,0.007054183065116833,0.003865330875006829,0.007005298648685946,157,0,11,0.9345238095238095,0.0,0.06547619047619048,1.4591040074398438,3.0981890375328657e-34,2.4807528621387626e-28,sign_test=ok; wilcoxon=ok
add_crit_to_b,add_critical_proxy,candidate_b,candidate_c,grad_kurtosis_abs_delta,gradient_distribution,lower_is_better,168,2.937408212757929,3.2762048237107586,0.33879661095282915,0.36082810250659136,-0.33879661095282915,-0.36082810250659136,0.8595100912435402,0.06631264320255076,-0.468613749855507,-0.210020114857511,-0.5718460887480764,-0.11146418919741086,-0.5989140987398527,-0.09259608642806559,-0.5994182204766794,-0.08371059173756795,47,0,121,0.27976190476190477,0.0,0.7202380952380952,-0.3941740933636484,1.0380897634971159e-08,1.0203725183695437e-07,sign_test=ok; wilcoxon=ok
add_crit_to_b,add_critical_proxy,candidate_b,candidate_c,psd_log_l2,frequency_domain,lower_is_better,168,0.9754215585976203,0.9527179364237268,-0.022703622173893642,-0.016277674343407655,0.022703622173893642,0.016277674343407655,0.01889136686535015,0.0014575005963431956,0.019882997328628912,0.025568568500989677,0.01630518582141847,0.029499693566121598,0.014828829304782317,0.03150324281983139,0.013083394654468434,0.03336779370368547,166,0,2,0.9880952380952381,0.0,0.011904761904761904,1.2017988076625514,7.58904811783578e-47,7.180355125967021e-29,sign_test=ok; wilcoxon=ok
add_crit_to_b,add_critical_proxy,candidate_b,candidate_c,psd_slope_abs_delta,frequency_domain,lower_is_better,168,1.3176934681473131,1.2718841266117669,-0.04580934153554624,-0.021665465337384116,0.04580934153554624,0.021665465337384116,0.057617508068723795,0.004445287255735971,0.03740273598420491,0.05462578215359767,0.02727580212155989,0.06612400633901232,0.022169536806717505,0.07110307353248721,0.018374464084548372,0.07365708303184788,130,0,38,0.7738095238095238,0.0,0.2261904761904762,0.7950594024459847,5.593404540671203e-13,3.9966456120420095e-17,sign_test=ok; wilcoxon=ok
add_crit_to_b,add_critical_proxy,candidate_b,candidate_c,exceed_abs_t5,threshold_geometry,lower_is_better,168,0.004886714285714284,0.005546261904761905,0.0006595476190476208,0.00048000000000003595,-0.0006595476190476208,-0.00048000000000003595,0.0008266464594833337,6.377715896629053e-05,-0.0007841672619047621,-0.0005382357142857147,-0.0009631940476190485,-0.00039909464285714215,-0.0010610071428571461,-0.0003343494047619057,-0.0011320803571428569,-0.00029383333333333827,33,1,134,0.19642857142857142,0.005952380952380952,0.7976190476190477,-0.7978593647638047,1.2248159148500596e-15,2.7021003997840638e-21,sign_test=ok; wilcoxon=ok
add_crit_to_b,add_critical_proxy,candidate_b,candidate_c,exceed_abs_t10,threshold_geometry,lower_is_better,168,0.003645595238095238,0.003575166666666665,-7.04285714285726e-05,-0.0009240000000000359,7.04285714285726e-05,0.0009240000000000359,0.0040885865741730545,0.00031544130250246765,-0.0005427517857142937,0.0006839577380952383,-0.0012741113095238099,0.0013565994047619032,-0.0015114172619047634,0.0015737791666666692,-0.0011605976190476178,0.0013548880952380974,92,0,76,0.5476190476190477,0.0,0.4523809523809524,0.01722565247204464,0.247081971798657,0.7073971393262188,sign_test=ok; wilcoxon=ok
add_crit_to_b,add_critical_proxy,candidate_b,candidate_c,exceed_abs_t15,threshold_geometry,lower_is_better,168,0.0034733333333333335,0.0015469999999999998,-0.0019263333333333337,-0.0015119999999999951,0.0019263333333333337,0.0015119999999999951,0.002107254758865781,0.00016257823425827508,0.001615926190476192,0.002247959523809523,0.0012484107142857136,0.0025964654761904756,0.0011655672619047639,0.0026874827380952387,0.0013713940476190475,0.00250195,150,0,18,0.8928571428571429,0.0,0.10714285714285714,0.9141435439776503,4.1864574440567575e-27,1.6071030166376285e-20,sign_test=ok; wilcoxon=ok
add_crit_to_b,add_critical_proxy,candidate_b,candidate_c,exceed_abs_p90,threshold_geometry,lower_is_better,168,0.005087023809523815,0.0022987857142857154,-0.0027882380952380997,-0.0025360000000000035,0.0027882380952380997,0.0025360000000000035,0.0026518794131734384,0.000204596938574084,0.00239496428571429,0.0031851732142857184,0.0019211940476190532,0.003700960119047622,0.0017916952380952443,0.003927019642857146,0.001742351190476197,0.004006551190476192,146,0,22,0.8690476190476191,0.0,0.13095238095238096,1.0514196389878392,1.200491784430071e-23,2.4221276374654886e-23,sign_test=ok; wilcoxon=ok
add_crit_to_b,add_critical_proxy,candidate_b,candidate_c,comp_curve_l1,threshold_geometry,lower_is_better,168,112.32539682539681,112.70138888888889,0.37599206349206343,0.75,-0.37599206349206343,-0.75,4.179759748855614,0.32247546564256657,-0.9841517857142855,0.25101686507936494,-1.5545882936507942,0.8789930555555562,-1.8502232142857147,1.2222966269841258,-2.043675595238096,1.6369295634920644,70,4,94,0.4166666666666667,0.023809523809523808,0.5595238095238095,-0.08995542473344482,0.07217098590572868,0.06459673211770411,sign_test=ok; wilcoxon=ok
add_crit_to_b,add_critical_proxy,candidate_b,candidate_c,comp_abs_t5,threshold_geometry,lower_is_better,168,58.714285714285715,61.904761904761905,3.1904761904761907,2.0,-3.1904761904761907,-2.0,4.8596498000442825,0.3749301218947214,-3.9404761904761907,-2.4523809523809526,-4.184523809523809,-2.25,-4.446428571428571,-2.04747023809524,-4.583333333333333,-1.8629464285714308,23,20,125,0.13690476190476192,0.11904761904761904,0.7440476190476191,-0.6565238899410237,3.592517643769742e-18,3.881433212051893e-16,sign_test=ok; wilcoxon=ok
add_crit_to_b,add_critical_proxy,candidate_b,candidate_c,comp_abs_t10,threshold_geometry,lower_is_better,168,189.20833333333334,200.0,10.791666666666666,9.5,-10.791666666666666,-9.5,10.160893783277627,0.7839299746843659,-12.327380952380953,-9.244047619047619,-13.196428571428571,-8.535714285714286,-13.369196428571428,-8.363095238095237,-13.18467261904762,-8.535714285714286,16,7,145,0.09523809523809523,0.041666666666666664,0.8630952380952381,-1.0620784841218534,3.460547917825512e-27,4.449596530010179e-24,sign_test=ok; wilcoxon=ok
add_crit_to_b,add_critical_proxy,candidate_b,candidate_c,comp_abs_t15,threshold_geometry,lower_is_better,168,110.25,105.80952380952381,-4.440476190476191,-3.0,4.440476190476191,3.0,9.026045069256195,0.6963744955475264,3.1010416666666667,5.803720238095236,2.3095238095238093,6.791666666666667,1.8093750000000002,7.440624999999998,1.226041666666667,8.06547619047619,114,11,43,0.6785714285714286,0.06547619047619048,0.25595238095238093,0.49196255462993327,1.3206952527678325e-08,8.827590511408008e-09,sign_test=ok; wilcoxon=ok
add_crit_to_b,add_critical_proxy,candidate_b,candidate_c,pd_distance,topology_pd,lower_is_better,168,22.706997671157215,22.494387345643272,-0.2126103255139435,0.011553064668833102,0.2126103255139435,-0.011553064668833102,0.9029257875696368,0.06966223689457757,0.07781232158306549,0.34938449017542356,-0.05624544937558747,0.5074138564259035,-0.09069500539293789,0.544295401220435,-0.10083976013855003,0.5246292472376721,83,0,85,0.49404761904761907,0.0,0.5059523809523809,0.23546821725649986,0.9385334053887997,0.07821225145241632,sign_test=ok; wilcoxon=ok
add_crit_to_b,add_critical_proxy,candidate_b,candidate_c,mt_distance,topology_mt,lower_is_better,168,6.161181682632083,6.080286664622171,-0.0808950180099124,-0.08022713661193848,0.0808950180099124,0.08022713661193848,0.4336631801318736,0.0334578407247811,0.017267033741587688,0.14726006942135944,-0.014366506111054193,0.17391201711836315,-0.02004357257059642,0.18117027034362154,-0.02771626270952679,0.17929490435691103,99,0,69,0.5892857142857143,0.0,0.4107142857142857,0.18653882025518712,0.024968665281135283,0.01511940045006593,sign_test=ok; wilcoxon=ok
add_crit_to_grad,add_critical_proxy,grad_only,f3_grad_crit,psnruv,vector_uv,higher_is_better,168,33.369839424414764,33.30415748036944,-0.06568194404532024,-0.06433322306698663,-0.06568194404532024,-0.06433322306698663,0.04600414642487716,0.0035492969527525695,-0.07262069575588043,-0.05873674735092719,-0.08186428762297074,-0.049386158970475165,-0.08648056167870781,-0.044745760137500735,-0.08965531469951506,-0.0423344779483848,13,0,155,0.07738095238095238,0.0,0.9226190476190477,-1.4277396528283837,4.93623121705354e-32,5.3085200738180394e-27,sign_test=ok; wilcoxon=ok
add_crit_to_grad,add_critical_proxy,grad_only,f3_grad_crit,ssim_speed,scalar_speed,higher_is_better,0,,,,,,,,,,,,,,,,,0,0,0,,,,,,,no_valid_pairs
add_crit_to_grad,add_critical_proxy,grad_only,f3_grad_crit,speed_mae,scalar_speed,lower_is_better,168,0.5285827102061724,0.5325824956996198,0.00399978549344736,0.0019571506620256196,-0.00399978549344736,-0.0019571506620256196,0.005130021454575668,0.00039578974790921456,-0.004766424622814664,-0.0032272282927519207,-0.005814527472467213,-0.0021502878783161484,-0.006413961186545019,-0.0016319371297493237,-0.0068394836686811854,-0.0013189824370256106,30,0,138,0.17857142857142858,0.0,0.8214285714285714,-0.7796820206043765,9.356563729642896e-18,1.2653713506994522e-16,sign_test=ok; wilcoxon=ok
add_crit_to_grad,add_critical_proxy,grad_only,f3_grad_crit,speed_rmse,scalar_speed,lower_is_better,168,0.8962827164617422,0.902555409298848,0.0062726928371059825,0.0056484045709364605,-0.0062726928371059825,-0.0056484045709364605,0.0058520059121510174,0.00045149205812143465,-0.0071616885663438245,-0.00539095587433285,-0.008342556233440325,-0.004213607350372691,-0.008881878824354301,-0.0036610243176065592,-0.00925514772260657,-0.003323577922888121,21,0,147,0.125,0.0,0.875,-1.0718876452399777,1.78061588575196e-24,4.4278344508378055e-23,sign_test=ok; wilcoxon=ok
add_crit_to_grad,add_critical_proxy,grad_only,f3_grad_crit,wpd_mae,wind_power_distribution,lower_is_better,168,169.55099701426758,174.19762658177618,4.646629567508571,2.964234561629709,-4.646629567508571,-2.964234561629709,4.027315746127271,0.3107141554912598,-5.255108947511501,-4.045446507485261,-6.093771303161471,-3.210043604296297,-6.534897653149924,-2.823760266067869,-6.880612100680526,-2.531343795476864,11,0,157,0.06547619047619048,0.0,0.9345238095238095,-1.153778313005838,3.0981890375328657e-34,3.230531102846714e-28,sign_test=ok; wilcoxon=ok
add_crit_to_grad,add_critical_proxy,grad_only,f3_grad_crit,wpd_w1,wind_power_distribution,lower_is_better,168,22.811365174088078,32.02049600677772,9.209130832689643,4.6941115948753565,-9.209130832689643,-4.6941115948753565,21.3482835452712,1.647055833487975,-12.444852021321239,-5.975760750797232,-16.801937218970675,-1.5402252402052308,-18.966514777133842,0.20513406877257082,-20.501026548973083,1.3064004955255835,70,0,98,0.4166666666666667,0.0,0.5833333333333334,-0.43137570349207455,0.03692680427705723,3.4764769274227464e-06,sign_test=ok; wilcoxon=ok
add_crit_to_grad,add_critical_proxy,grad_only,f3_grad_crit,wpd_bias_abs,wind_power_distribution,lower_is_better,168,17.503852077113216,28.3295402046012,10.825688127487988,7.10355422257857,-10.825688127487988,-7.10355422257857,25.228750994818274,1.9464403969299593,-14.596783271501472,-6.969772429402381,-19.65387234013541,-1.681639844833644,-22.093652913152397,0.413814701250445,-24.133259881915286,2.084997451171332,68,0,100,0.40476190476190477,0.0,0.5952380952380952,-0.42910123175386183,0.01651341548603896,3.122014196922122e-06,sign_test=ok; wilcoxon=ok
add_crit_to_grad,add_critical_proxy,grad_only,f3_grad_crit,grad_mae,gradient_distribution,lower_is_better,168,0.30881811157693567,0.3087046960864664,-0.00011341549046926786,0.00019332715479207507,0.00011341549046926786,-0.00019332715479207507,0.002914349788832935,0.0002248469676891185,-0.00032082958707142236,0.0005802732497017768,-0.00092184398580795,0.0012271311243142442,-0.0012207541205460021,0.001567175722310318,-0.0016485098529268496,0.0019139628434512266,82,0,86,0.4880952380952381,0.0,0.5119047619047619,0.03891622443669867,0.8170464889807801,0.750228422859521,sign_test=ok; wilcoxon=ok
add_crit_to_grad,add_critical_proxy,grad_only,f3_grad_crit,grad_w1,gradient_distribution,lower_is_better,168,0.17512782848217615,0.17549853654913208,0.00037070806695595866,0.0019034079642677795,-0.00037070806695595866,-0.0019034079642677795,0.010185206956202718,0.0007858057766996405,-0.0018844304793278752,0.0012056159466168146,-0.004038281216393462,0.0035065703926780638,-0.005192751951031199,0.004659279916401479,-0.006752818536419673,0.006054174256032767,77,0,91,0.4583333333333333,0.0,0.5416666666666666,-0.03639671422976831,0.31587491161299025,0.45282843346547363,sign_test=ok; wilcoxon=ok
add_crit_to_grad,add_critical_proxy,grad_only,f3_grad_crit,grad_kurtosis_abs_delta,gradient_distribution,lower_is_better,168,2.5098126452242937,2.5255854243148987,0.015772779090604826,-0.08102866637377559,-0.015772779090604826,0.08102866637377559,1.0046162433177321,0.07750782588512904,-0.16815246415221324,0.14004079583501022,-0.2785316023243202,0.2579760594655369,-0.3171473710213805,0.26353626703652716,-0.3282954296999026,0.2469429346254859,89,0,79,0.5297619047619048,0.0,0.47023809523809523,-0.01570030267330282,0.4875669955799865,0.8048552568090087,sign_test=ok; wilcoxon=ok
add_crit_to_grad,add_critical_proxy,grad_only,f3_grad_crit,psd_log_l2,frequency_domain,lower_is_better,168,0.8930335765670441,0.9028608380619151,0.00982726149487093,0.013265234524017733,-0.00982726149487093,-0.013265234524017733,0.041251109729610075,0.003182592210466339,-0.016026344526873158,-0.0035371915332938117,-0.022779536343081327,0.003895776087650899,-0.024886359576519912,0.00667429817269929,-0.027362903716054956,0.008115714118709547,60,0,108,0.35714285714285715,0.0,0.6428571428571429,-0.23823023330247317,0.0002636516495278558,0.0006204092641602857,sign_test=ok; wilcoxon=ok
add_crit_to_grad,add_critical_proxy,grad_only,f3_grad_crit,psd_slope_abs_delta,frequency_domain,lower_is_better,168,1.3906777914375636,1.6221370882671498,0.23145929682958574,0.16365713649524305,-0.23145929682958574,-0.16365713649524305,0.275285422699292,0.021238731459115628,-0.2750877126737428,-0.1900452801330798,-0.3343425741374897,-0.1351311568804519,-0.36214727545928893,-0.10833621726198497,-0.3923370917655392,-0.08587585069575311,32,0,136,0.19047619047619047,0.0,0.8095238095238095,-0.8407975059486541,1.8236368672025773e-16,6.214661439887031e-19,sign_test=ok; wilcoxon=ok
add_crit_to_grad,add_critical_proxy,grad_only,f3_grad_crit,exceed_abs_t5,threshold_geometry,lower_is_better,168,0.003612309523809529,0.006268999999999999,0.0026566904761904705,0.0025740000000000207,-0.0026566904761904705,-0.0025740000000000207,0.0021381235041947775,0.00016495980966497052,-0.0029807386904761772,-0.002328808333333331,-0.0034295809523809413,-0.0019149886904761863,-0.0037046452380952327,-0.0016762458333333327,-0.004036101785714274,-0.0014060880952380915,7,0,161,0.041666666666666664,0.0,0.9583333333333334,-1.2425336847840258,3.687894036179826e-39,1.372448169304804e-28,sign_test=ok; wilcoxon=ok
add_crit_to_grad,add_critical_proxy,grad_only,f3_grad_crit,exceed_abs_t10,threshold_geometry,lower_is_better,168,0.0036443571428571423,0.0086315,0.0049871428571428575,0.004193999999999948,-0.0049871428571428575,-0.004193999999999948,0.007326118304845713,0.0005652222983281478,-0.00609381726190476,-0.0038779970238095205,-0.007503477380952385,-0.002509437500000004,-0.008152463095238092,-0.0020030577380952407,-0.008378523214285713,-0.0016786761904761852,52,0,116,0.30952380952380953,0.0,0.6904761904761905,-0.6807346878147207,8.73914118940249e-07,7.51424639091767e-13,sign_test=ok; wilcoxon=ok
add_crit_to_grad,add_critical_proxy,grad_only,f3_grad_crit,exceed_abs_t15,threshold_geometry,lower_is_better,168,0.0030612142857142856,0.0032577619047619044,0.00019654761904761906,-0.00038399999999999996,-0.00019654761904761906,0.00038399999999999996,0.003832531557786763,0.0002956862291009661,-0.0007843142857142838,0.0003844291666666648,-0.0015148583333333342,0.0011131994047619048,-0.0019331136904761894,0.0013967291666666666,-0.002141126785714286,0.0014814577380952377,110,0,58,0.6547619047619048,0.0,0.34523809523809523,-0.05128401843118097,7.370834538660161e-05,0.4706582800980388,sign_test=ok; wilcoxon=ok
add_crit_to_grad,add_critical_proxy,grad_only,f3_grad_crit,exceed_abs_p90,threshold_geometry,lower_is_better,168,0.004123095238095243,0.004575738095238093,0.00045264285714284906,0.0002339999999999981,-0.00045264285714284906,-0.0002339999999999981,0.0048478971418577455,0.0003740233846301504,-0.0011657999999999914,0.0002766851190476265,-0.002045136904761896,0.0012400547619047689,-0.0025081452380952287,0.0016736892857142935,-0.0027747607142857037,0.0018476672619047684,81,0,87,0.48214285714285715,0.0,0.5178571428571429,-0.09336890695032225,0.6997974882614125,0.20317370575492466,sign_test=ok; wilcoxon=ok
add_crit_to_grad,add_critical_proxy,grad_only,f3_grad_crit,comp_curve_l1,threshold_geometry,lower_is_better,168,97.13492063492065,96.75099206349206,-0.3839285714285718,0.7499999999999964,0.3839285714285718,-0.7499999999999964,8.985013006412752,0.6932088031712271,-0.9384920634920624,1.8224454365079366,-2.4375496031746025,3.421676587301586,-3.0664930555555556,4.160714285714285,-3.952405753968253,4.885962301587301,78,1,89,0.4642857142857143,0.005952380952380952,0.5297619047619048,0.0427298848821427,0.4391289287803373,0.9363166562280217,sign_test=ok; wilcoxon=ok
add_crit_to_grad,add_critical_proxy,grad_only,f3_grad_crit,comp_abs_t5,threshold_geometry,lower_is_better,168,54.00595238095238,57.17261904761905,3.1666666666666665,2.0,-3.1666666666666665,-2.0,7.491045885794176,0.5779467374488938,-4.333333333333333,-2.0535714285714284,-5.268005952380952,-1.3095238095238095,-5.797767857142857,-0.827232142857145,-6.434523809523809,-0.3629464285714307,49,12,107,0.2916666666666667,0.07142857142857142,0.6369047619047619,-0.42272690822410397,3.940596212087971e-06,4.647807408966183e-08,sign_test=ok; wilcoxon=ok
add_crit_to_grad,add_critical_proxy,grad_only,f3_grad_crit,comp_abs_t10,threshold_geometry,lower_is_better,168,167.73214285714286,179.16666666666666,11.43452380952381,9.0,-11.43452380952381,-9.0,23.546524180215847,1.8166537804853526,-14.922767857142857,-7.773363095238102,-18.970535714285713,-3.7733630952381016,-21.410714285714285,-1.5593750000000022,-24.518005952380953,0.9941964285714264,58,8,102,0.34523809523809523,0.047619047619047616,0.6071428571428571,-0.48561408562930375,0.0006293470747506888,8.198007721089679e-08,sign_test=ok; wilcoxon=ok
add_crit_to_grad,add_critical_proxy,grad_only,f3_grad_crit,comp_abs_t15,threshold_geometry,lower_is_better,168,93.875,86.14285714285714,-7.732142857142857,-4.5,7.732142857142857,4.5,14.912307826824948,1.150509526672506,5.529761904761905,10.05952380952381,3.988095238095238,12.410863095238094,3.565327380952381,12.994047619047619,3.857142857142857,12.345238095238095,116,7,45,0.6904761904761905,0.041666666666666664,0.26785714285714285,0.5185074602090711,2.0563993571295432e-08,8.298133644905744e-11,sign_test=ok; wilcoxon=ok
add_crit_to_grad,add_critical_proxy,grad_only,f3_grad_crit,pd_distance,topology_pd,lower_is_better,168,22.9326269066382,22.01788444732944,-0.9147424593087604,-0.4214635204186905,0.9147424593087604,0.4214635204186905,1.869437226082105,0.1442302132641547,0.6341675686184091,1.2058368785234785,0.3127080059815644,1.605301240231999,0.1744235588044164,1.7588618406591283,0.06179534686728764,1.876237677098343,101,0,67,0.6011904761904762,0.0,0.39880952380952384,0.48931434901713317,0.010679293127422492,7.509401808373285e-07,sign_test=ok; wilcoxon=ok
add_crit_to_grad,add_critical_proxy,grad_only,f3_grad_crit,mt_distance,topology_mt,lower_is_better,168,6.055993423575447,5.984007384095873,-0.07198603947957356,-0.008430242538452148,0.07198603947957356,0.008430242538452148,0.591631920649371,0.04564539365035224,-0.015120082455021994,0.1626062433634485,-0.07210109333197276,0.23674672430469873,-0.09923552693355651,0.2609956293588593,-0.13327405956529437,0.2870150876187142,87,0,81,0.5178571428571429,0.0,0.48214285714285715,0.12167369096745524,0.6997974882614125,0.43305937431236463,sign_test=ok; wilcoxon=ok
add_crit_to_b_e2,add_critical_proxy,b_e2,c_e2,psnruv,vector_uv,higher_is_better,168,32.68894034404412,32.73294424889662,0.04400390485250219,0.04475338559412023,0.04400390485250219,0.04475338559412023,0.016185058867561254,0.0012487044012991816,0.041554668035342,0.0464094332167146,0.038407378252683554,0.04917775673071617,0.03720753858692544,0.05046688905717616,0.03560288215817864,0.05164290112134039,166,0,2,0.9880952380952381,0.0,0.011904761904761904,2.7187979489340375,7.58904811783578e-47,2.7857896212313535e-29,sign_test=ok; wilcoxon=ok
add_crit_to_b_e2,add_critical_proxy,b_e2,c_e2,ssim_speed,scalar_speed,higher_is_better,0,,,,,,,,,,,,,,,,,0,0,0,,,,,,,no_valid_pairs
add_crit_to_b_e2,add_critical_proxy,b_e2,c_e2,speed_mae,scalar_speed,lower_is_better,168,0.5684218234352497,0.5648566418942202,-0.0035651815410294558,-0.0037292420483817645,0.0035651815410294558,0.0037292420483817645,0.0017489264803438806,0.00013493260737723573,0.0033044927312898672,0.003825030269524447,0.0029582409874882583,0.004145394678320324,0.0028467337330371958,0.004271072929053253,0.002736191025143906,0.004287935160231717,163,0,5,0.9702380952380952,0.0,0.02976190476190476,2.038497090128372,5.78936643471018e-42,4.204995389875045e-29,sign_test=ok; wilcoxon=ok
add_crit_to_b_e2,add_critical_proxy,b_e2,c_e2,speed_rmse,scalar_speed,lower_is_better,168,0.9629228498438168,0.956648963016771,-0.0062738868270458175,-0.006142729847352368,0.0062738868270458175,0.006142729847352368,0.002644237918316175,0.00020400738444648707,0.0058797002941017775,0.00666648000057571,0.00535199280186069,0.007148718220969718,0.0051275573647108635,0.007369389480701941,0.004944125603437234,0.007425396668811254,167,0,1,0.9940476190476191,0.0,0.005952380952380952,2.3726635124576716,9.033944720111621e-49,2.592932982651445e-29,sign_test=ok; wilcoxon=ok
add_crit_to_b_e2,add_critical_proxy,b_e2,c_e2,wpd_mae,wind_power_distribution,lower_is_better,168,183.41701014952937,182.91063460560918,-0.5063755439201882,-0.41225692878384024,0.5063755439201882,0.41225692878384024,0.9013308688822835,0.06953918624638969,0.37236440902015167,0.6489493310308586,0.20318766312214837,0.83963054061632,0.12712982541150267,0.9079463276733064,0.07238456780202612,0.9369328787143898,122,0,46,0.7261904761904762,0.0,0.27380952380952384,0.5618087224152559,3.930443008498031e-09,1.653222933244786e-10,sign_test=ok; wilcoxon=ok
add_crit_to_b_e2,add_critical_proxy,b_e2,c_e2,wpd_w1,wind_power_distribution,lower_is_better,168,16.08684255251199,12.909754732649752,-3.177087819862237,-2.0864208599732663,3.177087819862237,2.0864208599732663,5.586466404502146,0.43100524033268195,2.3557733147185673,4.042547978688969,1.3629518004941135,5.122029700465767,1.1560841798054182,5.344286760276178,1.2598971994872665,5.167056626885353,118,0,50,0.7023809523809523,0.0,0.2976190476190476,0.5687115234957494,1.6123871117942558e-07,3.9123925649274665e-10,sign_test=ok; wilcoxon=ok
add_crit_to_b_e2,add_critical_proxy,b_e2,c_e2,wpd_bias_abs,wind_power_distribution,lower_is_better,168,12.68513175597048,6.703762910533207,-5.981368845437272,-3.560013923919348,5.981368845437272,3.560013923919348,9.416540944053946,0.7265019063613616,4.585377815515412,7.428658858338058,2.968951087865214,9.319138723267875,2.5662294824939,9.68960209026842,2.7388047003845966,9.543745388147238,114,0,54,0.6785714285714286,0.0,0.32142857142857145,0.6351980924815279,4.25351951171799e-06,6.996184905961109e-12,sign_test=ok; wilcoxon=ok
add_crit_to_b_e2,add_critical_proxy,b_e2,c_e2,grad_mae,gradient_distribution,lower_is_better,168,0.3120032967125003,0.3115675575842548,-0.00043573912824555863,-0.00046218386507737574,0.00043573912824555863,0.00046218386507737574,0.00045759655158166327,3.530434042007592e-05,0.0003672176803674312,0.0005057401615447013,0.00028509311528872864,0.0005892937392814923,0.00025266488731275695,0.0006220619552182575,0.00023207454623306198,0.000629879394952086,139,0,29,0.8273809523809523,0.0,0.17261904761904762,0.9522342918438625,1.997715174343611e-18,3.628186496883392e-20,sign_test=ok; wilcoxon=ok
add_crit_to_b_e2,add_critical_proxy,b_e2,c_e2,grad_w1,gradient_distribution,lower_is_better,168,0.15426182485335077,0.1581902346613526,0.00392840980800181,0.004214011219426418,-0.00392840980800181,-0.004214011219426418,0.0024935051643793942,0.00019237810000575858,-0.004284847182782056,-0.0035455912810904147,-0.004759270503896626,-0.0029552672517167474,-0.005003590186274319,-0.002644423261302062,-0.005185938533550424,-0.0023410914434735942,16,0,152,0.09523809523809523,0.0,0.9047619047619048,-1.5754568565249183,5.491309367550057e-29,3.112232256780176e-27,sign_test=ok; wilcoxon=ok
add_crit_to_b_e2,add_critical_proxy,b_e2,c_e2,grad_kurtosis_abs_delta,gradient_distribution,lower_is_better,168,2.9747054279552594,2.953721006742436,-0.02098442121282264,-0.13374879227668046,0.02098442121282264,0.13374879227668046,0.4567775901102027,0.03524115617080779,-0.04946084697604432,0.09102761264177833,-0.10037334077572505,0.13131849847473234,-0.12187190433137852,0.15225778445687976,-0.15273214044083705,0.18324613744430107,107,0,61,0.6369047619047619,0.0,0.3630952380952381,0.04594012855963427,0.0004805507257089446,0.08805975672616081,sign_test=ok; wilcoxon=ok
add_crit_to_b_e2,add_critical_proxy,b_e2,c_e2,psd_log_l2,frequency_domain,lower_is_better,168,0.8508610050202418,0.8588526008965071,0.007991595876265042,0.007666334486638254,-0.007991595876265042,-0.007666334486638254,0.008014599433100822,0.0006183397705658698,-0.009179241221151638,-0.006795303912368509,-0.010685435024241683,-0.005320353256656128,-0.011352787118209397,-0.004572125659799278,-0.01188318742659971,-0.003962918844253995,23,0,145,0.13690476190476192,0.0,0.8630952380952381,-0.99712979331933,7.690700853769712e-23,1.0945095653084831e-21,sign_test=ok; wilcoxon=ok
add_crit_to_b_e2,add_critical_proxy,b_e2,c_e2,psd_slope_abs_delta,frequency_domain,lower_is_better,168,1.202895420433148,1.2508584906370281,0.04796307020388023,0.043812627429077544,-0.04796307020388023,-0.043812627429077544,0.05548002093084503,0.004280376542798182,-0.056411769050342404,-0.039244655140174806,-0.06797645405082323,-0.027938824478599637,-0.07421692477935772,-0.021756657622526657,-0.0818991338520851,-0.015619872798649346,34,0,134,0.20238095238095238,0.0,0.7976190476190477,-0.8645106724755104,3.055330456382589e-15,2.6248028523121586e-18,sign_test=ok; wilcoxon=ok
add_crit_to_b_e2,add_critical_proxy,b_e2,c_e2,exceed_abs_t5,threshold_geometry,lower_is_better,168,0.0020346666666666716,0.002216523809523815,0.00018185714285714333,8.60000000000305e-05,-0.00018185714285714333,-8.60000000000305e-05,0.0010648154898262058,8.215229858585467e-05,-0.0003442178571428539,-2.3309523809524875e-05,-0.0005252654761904748,0.00012533928571428475,-0.0005683374999999978,0.00017850416666666415,-0.0006098214285714245,0.00017042916666666389,75,0,93,0.44642857142857145,0.0,0.5535714285714286,-0.17078746937352046,0.1895052721714433,0.11234543603168422,sign_test=ok; wilcoxon=ok
add_crit_to_b_e2,add_critical_proxy,b_e2,c_e2,exceed_abs_t10,threshold_geometry,lower_is_better,168,0.0026371190476190496,0.002413047619047621,-0.00022407142857142873,-1.8000000000073513e-05,0.00022407142857142873,1.8000000000073513e-05,0.0024306656626796085,0.00018752992719464582,-0.0001450994047619072,0.0005857708333333328,-0.00044855178571428844,0.0008644946428571473,-0.00046484821428571034,0.0008708107142857138,-0.00034386011904762276,0.0008402392857142864,84,0,84,0.5,0.0,0.5,0.09218521165284758,1.0,0.12466897670299107,sign_test=ok; wilcoxon=ok
add_crit_to_b_e2,add_critical_proxy,b_e2,c_e2,exceed_abs_t15,threshold_geometry,lower_is_better,168,0.0018069047619047615,0.0015110476190476182,-0.0002958571428571433,-0.00017800000000000004,0.0002958571428571433,0.00017800000000000004,0.001717445137356332,0.00013250376903509354,4.028154761904862e-05,0.0005568095238095237,-0.00021573511904761751,0.0008242964285714303,-0.00027903214285714215,0.0008967886904761892,-0.0002673869047619034,0.0008533190476190484,109,0,59,0.6488095238095238,0.0,0.35119047619047616,0.17226584792836935,0.00014114383798112973,0.007144376940341157,sign_test=ok; wilcoxon=ok
add_crit_to_b_e2,add_critical_proxy,b_e2,c_e2,exceed_abs_p90,threshold_geometry,lower_is_better,168,0.002791642857142861,0.0016504523809523811,-0.00114119047619048,-0.0008940000000000128,0.00114119047619048,0.0008940000000000128,0.0021483972941617304,0.0001657524497693244,0.0008184029761904791,0.0014625488095238138,0.00047189464285714663,0.0018151517857142895,0.0003237767857142898,0.0019934863095238124,0.00017310833333333657,0.0021177232142857187,103,0,65,0.6130952380952381,0.0,0.3869047619047619,0.5311822349114222,0.004171262245533499,1.2036387498994025e-08,sign_test=ok; wilcoxon=ok
add_crit_to_b_e2,add_critical_proxy,b_e2,c_e2,comp_curve_l1,threshold_geometry,lower_is_better,168,88.00595238095238,91.86904761904762,3.863095238095238,4.25,-3.863095238095238,-4.25,3.9307597313233256,0.3032646972196407,-4.450446428571429,-3.2747767857142858,-4.911706349206348,-2.7797619047619047,-5.146875,-2.49702380952381,-5.262896825396826,-2.3093501984127007,21,3,144,0.125,0.017857142857142856,0.8571428571428571,-0.98278589945631,9.550389542429692e-24,2.082835757513089e-20,sign_test=ok; wilcoxon=ok
add_crit_to_b_e2,add_critical_proxy,b_e2,c_e2,comp_abs_t5,threshold_geometry,lower_is_better,168,56.166666666666664,56.55357142857143,0.3869047619047619,0.0,-0.3869047619047619,0.0,3.6753354895757844,0.2835582891380543,-0.9523809523809523,0.17261904761904762,-0.9940476190476191,0.2976190476190476,-0.9880952380952381,0.2976190476190476,-1.0238095238095237,0.41086309523809306,61,30,77,0.3630952380952381,0.17857142857142858,0.4583333333333333,-0.10527059720184058,0.20147303457231996,0.11495231042319486,sign_test=ok; wilcoxon=ok
add_crit_to_b_e2,add_critical_proxy,b_e2,c_e2,comp_abs_t10,threshold_geometry,lower_is_better,168,167.58928571428572,175.98214285714286,8.392857142857142,8.0,-8.392857142857142,-8.0,6.870082423553282,0.5300383662349794,-9.422619047619047,-7.398809523809524,-9.678571428571429,-7.119047619047619,-9.773809523809524,-7.029761904761905,-9.797619047619047,-6.857142857142857,15,2,151,0.08928571428571429,0.011904761904761904,0.8988095238095238,-1.2216530494718962,1.8917017966763838e-29,6.754921914977523e-26,sign_test=ok; wilcoxon=ok
add_crit_to_b_e2,add_critical_proxy,b_e2,c_e2,comp_abs_t15,threshold_geometry,lower_is_better,168,77.4702380952381,82.26190476190476,4.791666666666667,4.0,-4.791666666666667,-4.0,8.01559420748094,0.6184165190755241,-6.011904761904762,-3.5773809523809526,-6.607142857142857,-2.9583333333333335,-6.910714285714286,-2.7083333333333335,-6.910714285714286,-2.9166666666666665,40,7,121,0.23809523809523808,0.041666666666666664,0.7202380952380952,-0.5977930696884098,1.1614084601739934e-10,1.1565209236382365e-12,sign_test=ok; wilcoxon=ok
add_crit_to_b_e2,add_critical_proxy,b_e2,c_e2,pd_distance,topology_pd,lower_is_better,168,23.98758167822224,24.268599327509865,0.2810176492876255,0.28624784696907923,-0.2810176492876255,-0.28624784696907923,0.16512714717267285,0.012739835989213397,-0.30538596274209956,-0.2556006789079417,-0.3296116625877515,-0.23093431624127023,-0.3410539207292099,-0.2206030593950687,-0.35603055670600364,-0.20954011125105,10,0,158,0.05952380952380952,0.0,0.9404761904761905,-1.7018258602491714,2.1416199587982636e-35,4.431813157539817e-28,sign_test=ok; wilcoxon=ok
add_crit_to_b_e2,add_critical_proxy,b_e2,c_e2,mt_distance,topology_mt,lower_is_better,168,5.677425131911323,5.662811040878296,-0.014614091033027285,-0.02371382713317871,0.014614091033027285,0.02371382713317871,0.35812462120866206,0.027629914378200893,-0.03946275022767839,0.06773720766816813,-0.04523362893433798,0.06706771119719458,-0.04107842913695744,0.0650514558667228,-0.025636449881962363,0.052488142322926284,91,0,77,0.5416666666666666,0.0,0.4583333333333333,0.04080727815838262,0.31587491161299025,0.17569646588222076,sign_test=ok; wilcoxon=ok
add_e2_to_uv,add_repaired_e2,uv,uv_e2,psnruv,vector_uv,higher_is_better,168,33.78924941632876,32.57518872653585,-1.2140606897929056,-1.2136014732235374,-1.2140606897929056,-1.2136014732235374,0.11960613614471208,0.00922781374157556,-1.2321734508837126,-1.19608889591984,-1.252305930219493,-1.1764949422551387,-1.2620895598979627,-1.1703395495307336,-1.2682108306042565,-1.1651344602832334,0,0,168,0.0,0.0,1.0,-10.150488335514888,5.345529420184391e-51,2.546826342812208e-29,sign_test=ok; wilcoxon=ok
add_e2_to_uv,add_repaired_e2,uv,uv_e2,ssim_speed,scalar_speed,higher_is_better,0,,,,,,,,,,,,,,,,,0,0,0,,,,,,,no_valid_pairs
add_e2_to_uv,add_repaired_e2,uv,uv_e2,speed_mae,scalar_speed,lower_is_better,168,0.495796154586908,0.5788691901846453,0.08307303559773736,0.08516595009133743,-0.08307303559773736,-0.08516595009133743,0.016024178466772537,0.00123629220890671,-0.08547549620372005,-0.0806962689000739,-0.0882264292010201,-0.07768905507352108,-0.08898746089633403,-0.07700058777920385,-0.08863075452590535,-0.07713050510407499,0,0,168,0.0,0.0,1.0,-5.184230553222818,5.345529420184391e-51,2.546826342812208e-29,sign_test=ok; wilcoxon=ok
add_e2_to_uv,add_repaired_e2,uv,uv_e2,speed_rmse,scalar_speed,lower_is_better,168,0.8554678434057079,0.9773130501283449,0.12184520672263684,0.12444658214376414,-0.12184520672263684,-0.12444658214376414,0.02612939744775091,0.00201592677933945,-0.12575750575182396,-0.11797547363642698,-0.13004928150428538,-0.11343423360048789,-0.13088278677870796,-0.11287295962451034,-0.12813384175719442,-0.11461262815079834,0,0,168,0.0,0.0,1.0,-4.663146441332296,5.345529420184391e-51,2.546826342812208e-29,sign_test=ok; wilcoxon=ok
add_e2_to_uv,add_repaired_e2,uv,uv_e2,wpd_mae,wind_power_distribution,lower_is_better,168,158.97693139286514,187.62101505757965,28.64408366471454,28.811380476589065,-28.64408366471454,-28.811380476589065,14.227799240680298,1.0976985427125387,-30.832404455243672,-26.53400407759933,-33.845389399588086,-23.675094005666516,-35.21636060540247,-22.226635739159537,-36.17863690078432,-21.331325486650492,0,0,168,0.0,0.0,1.0,-2.0132476695914447,5.345529420184391e-51,2.546826342812208e-29,sign_test=ok; wilcoxon=ok
add_e2_to_uv,add_repaired_e2,uv,uv_e2,wpd_w1,wind_power_distribution,lower_is_better,168,39.392707249834544,21.281246574683696,-18.11146067515084,-16.65050012187698,18.11146067515084,16.65050012187698,11.77538574029867,0.9084907334119662,16.338599938758716,19.901883120086577,14.129571178347685,22.099202106438124,13.23189186458838,22.813274761752563,12.484003450253441,22.851975631558705,165,0,3,0.9821428571428571,0.0,0.017857142857142856,1.5380779088338776,4.225175945596205e-45,4.3580059575248394e-29,sign_test=ok; wilcoxon=ok
add_e2_to_uv,add_repaired_e2,uv,uv_e2,wpd_bias_abs,wind_power_distribution,lower_is_better,168,31.30333604832264,17.110070972594784,-14.19326507572786,-12.791723749795544,14.19326507572786,12.791723749795544,9.33319744206552,0.7200718155841686,12.78230118094257,15.603992054346527,11.053471100089054,17.43804816234945,10.21236475195762,17.94549312367423,9.55186042285757,17.97010490251695,160,0,8,0.9523809523809523,0.0,0.047619047619047616,1.5207291138787655,7.472092213994618e-38,1.0997163503952895e-27,sign_test=ok; wilcoxon=ok
add_e2_to_uv,add_repaired_e2,uv,uv_e2,grad_mae,gradient_distribution,lower_is_better,168,0.32474283787493324,0.3180626777849409,-0.006680160089992356,-0.00575433970205852,0.006680160089992356,0.00575433970205852,0.007623642552951601,0.0005881767924169934,0.005521384676833991,0.007835708836796438,0.00406960062935055,0.009389733745859568,0.00327324435314478,0.010295582147119692,0.00247954422315483,0.011421117239163168,133,0,35,0.7916666666666666,0.0,0.20833333333333334,0.8762425629997614,1.1841800255738729e-14,6.06781902412367e-20,sign_test=ok; wilcoxon=ok
add_e2_to_uv,add_repaired_e2,uv,uv_e2,grad_w1,gradient_distribution,lower_is_better,168,0.24960980730355606,0.16944461578113354,-0.08016519152242255,-0.07989294512748532,0.08016519152242255,0.07989294512748532,0.02641953019542092,0.0020383110067890443,0.07622540397020196,0.08412722078805035,0.07132584359170116,0.08885176224221072,0.07006303360214847,0.09088722527201744,0.069911130701902,0.09156844870885548,168,0,0,1.0,0.0,0.0,3.034315558583132,5.345529420184391e-51,2.546826342812208e-29,sign_test=ok; wilcoxon=ok
add_e2_to_uv,add_repaired_e2,uv,uv_e2,grad_kurtosis_abs_delta,gradient_distribution,lower_is_better,168,5.579251153128264,3.2223355560352887,-2.356915597092976,-2.0378512765099206,2.356915597092976,2.0378512765099206,4.236114284188554,0.3268233124362815,1.716748496368012,3.0131503989981474,1.2089681926078506,3.5821721960668524,1.0893291505707423,3.7341562231917753,1.0222123116493236,3.722423591894517,119,0,49,0.7083333333333334,0.0,0.2916666666666667,0.5563862159928608,6.646310284617397e-08,6.651661466414086e-11,sign_test=ok; wilcoxon=ok
add_e2_to_uv,add_repaired_e2,uv,uv_e2,psd_log_l2,frequency_domain,lower_is_better,168,1.133796467252087,0.8377783048584866,-0.29601816239360035,-0.26971216299184103,0.29601816239360035,0.26971216299184103,0.12116116134912644,0.00934778654073387,0.2781836025548727,0.3143977393815811,0.2581722608403944,0.33749701649571884,0.2516226300714372,0.3424792133234945,0.25051554403702664,0.34382726801139907,168,0,0,1.0,0.0,0.0,2.4431769974589685,5.345529420184391e-51,2.546826342812208e-29,sign_test=ok; wilcoxon=ok
add_e2_to_uv,add_repaired_e2,uv,uv_e2,psd_slope_abs_delta,frequency_domain,lower_is_better,168,1.4560029134850596,1.120621924007067,-0.3353809894779926,-0.291310071091087,0.3353809894779926,0.291310071091087,0.163227992649596,0.012593313036710189,0.3111957516939477,0.3598870661790699,0.2820377284478254,0.39376959251192567,0.27223881545733514,0.40823625809857,0.26756401361555704,0.4213343804815875,168,0,0,1.0,0.0,0.0,2.054678147013423,5.345529420184391e-51,2.546826342812208e-29,sign_test=ok; wilcoxon=ok
add_e2_to_uv,add_repaired_e2,uv,uv_e2,exceed_abs_t5,threshold_geometry,lower_is_better,168,0.005876952380952384,0.00253969047619048,-0.0033372619047619036,-0.0037980000000000236,0.0033372619047619036,0.0037980000000000236,0.0033688471246049773,0.00025991219841835445,0.0028368077380952405,0.00384190297619048,0.002291980952380955,0.004353047619047622,0.002166578571428564,0.004502298809523808,0.002207118452380957,0.004537226190476192,140,0,28,0.8333333333333334,0.0,0.16666666666666666,0.9906243237894693,4.0947447895527606e-19,2.886221367280948e-20,sign_test=ok; wilcoxon=ok
add_e2_to_uv,add_repaired_e2,uv,uv_e2,exceed_abs_t10,threshold_geometry,lower_is_better,168,0.0054696428571428535,0.003506928571428571,-0.0019627142857142825,-0.0019199999999999218,0.0019627142857142825,0.0019199999999999218,0.004100804497006533,0.00031638393571385964,0.0013447136904761875,0.0025726678571428513,0.0007033494047618981,0.0032374821428571344,0.00044014523809523956,0.003497028571428574,0.0005346559523809486,0.003430585714285711,115,0,53,0.6845238095238095,0.0,0.31547619047619047,0.47861688777092554,1.9537880314254445e-06,1.953636864267699e-08,sign_test=ok; wilcoxon=ok
add_e2_to_uv,add_repaired_e2,uv,uv_e2,exceed_abs_t15,threshold_geometry,lower_is_better,168,0.005337119047619047,0.0024855714285714277,-0.00285154761904762,-0.002281999999999996,0.00285154761904762,0.002281999999999996,0.00282220537794889,0.0002177378720492727,0.0024299636904761904,0.0032761464285714285,0.0019266416666666674,0.0037719208333333344,0.0017326583333333338,0.003942007142857142,0.0016010273809523808,0.00396297857142857,152,0,16,0.9047619047619048,0.0,0.09523809523809523,1.0103969191356494,5.491309367550057e-29,2.025851729161057e-24,sign_test=ok; wilcoxon=ok
add_e2_to_uv,add_repaired_e2,uv,uv_e2,exceed_abs_p90,threshold_geometry,lower_is_better,168,0.007868809523809528,0.0037326428571428623,-0.004136166666666667,-0.0034420000000000006,0.004136166666666667,0.0034420000000000006,0.004063469208445418,0.000313503455665469,0.0035227809523809524,0.004746060714285715,0.0027331386904761914,0.005580607738095237,0.002348799404761906,0.0060620476190476206,0.0018769738095238098,0.006596983928571428,144,0,24,0.8571428571428571,0.0,0.14285714285714285,1.0178904907339168,4.690238064769671e-22,2.90831231091921e-23,sign_test=ok; wilcoxon=ok
add_e2_to_uv,add_repaired_e2,uv,uv_e2,comp_curve_l1,threshold_geometry,lower_is_better,168,141.9156746031746,97.15376984126983,-44.76190476190476,-40.0,44.76190476190476,40.0,19.368039358154775,1.494276677580463,41.86897321428572,47.667683531746036,38.41661706349206,51.34131944444444,37.470213293650794,52.941567460317465,36.800496031746036,53.73921130952382,168,0,0,1.0,0.0,0.0,2.311122149958771,5.345529420184391e-51,2.5459111974752795e-29,sign_test=ok; wilcoxon=ok
add_e2_to_uv,add_repaired_e2,uv,uv_e2,comp_abs_t5,threshold_geometry,lower_is_better,168,68.88095238095238,58.232142857142854,-10.648809523809524,-7.0,10.648809523809524,7.0,10.269505979612553,0.7923095875549756,9.148809523809524,12.202380952380953,7.642857142857143,13.797619047619047,6.726041666666667,14.779761904761905,5.946279761904762,15.601488095238091,146,14,8,0.8690476190476191,0.08333333333333333,0.047619047619047616,1.036934935813853,6.0380498997514785e-34,9.958511708982538e-25,sign_test=ok; wilcoxon=ok
add_e2_to_uv,add_repaired_e2,uv,uv_e2,comp_abs_t10,threshold_geometry,lower_is_better,168,228.8095238095238,178.11309523809524,-50.69642857142857,-49.0,50.69642857142857,49.0,25.58788048836955,1.9741478388925349,46.88675595238095,54.55967261904762,42.86294642857143,58.29761904761905,41.21994047619047,60.05372023809524,40.92857142857143,60.67261904761905,168,0,0,1.0,0.0,0.0,1.9812672094694048,5.345529420184391e-51,2.532930228301001e-29,sign_test=ok; wilcoxon=ok
add_e2_to_uv,add_repaired_e2,uv,uv_e2,comp_abs_t15,threshold_geometry,lower_is_better,168,143.5654761904762,89.85714285714286,-53.708333333333336,-52.5,53.708333333333336,52.5,34.48550058356413,2.6606141325818107,48.58318452380953,58.99404761904762,42.45818452380953,65.16116071428571,40.19613095238095,67.20386904761902,40.82127976190476,65.39285714285714,167,1,0,0.9940476190476191,0.005952380952380952,0.0,1.5574178255927897,1.0691058840368783e-50,3.702182479199607e-29,sign_test=ok; wilcoxon=ok
add_e2_to_uv,add_repaired_e2,uv,uv_e2,pd_distance,topology_pd,lower_is_better,168,29.612120109960603,25.072073820293586,-4.540046289667019,-4.598736384356661,4.540046289667019,4.598736384356661,1.0370739496213048,0.08001199229249253,4.382093755752777,4.696319138574378,4.208868092180292,4.860089742263721,4.172239014993704,4.904029347344152,4.216261117662098,4.862194324377057,168,0,0,1.0,0.0,0.0,4.377745956616546,5.345529420184391e-51,2.546826342812208e-29,sign_test=ok; wilcoxon=ok
add_e2_to_uv,add_repaired_e2,uv,uv_e2,mt_distance,topology_mt,lower_is_better,168,6.011865703832536,5.593966117927006,-0.4178995859055292,-0.48825907707214355,0.4178995859055292,0.48825907707214355,0.6219319887471281,0.04798309465613396,0.32320331271205627,0.5089965829537028,0.26633241098551524,0.5525659595926602,0.2640079068286078,0.5681427380868366,0.24900823753504528,0.5801160109894615,136,0,32,0.8095238095238095,0.0,0.19047619047619047,0.6719377576113768,1.8236368672025773e-16,2.1702541547013025e-14,sign_test=ok; wilcoxon=ok
add_e2_to_b,add_repaired_e2,candidate_b,b_e2,psnruv,vector_uv,higher_is_better,168,33.51982668785281,32.68894034404412,-0.8308863438086934,-0.8291521846120631,-0.8308863438086934,-0.8291521846120631,0.10240782024475452,0.007900934863040679,-0.8463713815040204,-0.8154634994691925,-0.8627765789454639,-0.7986972160711678,-0.8692896605371134,-0.7940077457122946,-0.8668352666296045,-0.7941021036311279,0,0,168,0.0,0.0,1.0,-8.113504826319675,5.345529420184391e-51,2.546826342812208e-29,sign_test=ok; wilcoxon=ok
add_e2_to_b,add_repaired_e2,candidate_b,b_e2,ssim_speed,scalar_speed,higher_is_better,0,,,,,,,,,,,,,,,,,0,0,0,,,,,,,no_valid_pairs
add_e2_to_b,add_repaired_e2,candidate_b,b_e2,speed_mae,scalar_speed,lower_is_better,168,0.5140811588466916,0.5684218234352497,0.05434066458855814,0.05316136150119899,-0.05434066458855814,-0.05316136150119899,0.012085391381447843,0.000932408187880198,-0.05615385760261327,-0.05254089445029265,-0.058303497241195726,-0.05036530995776518,-0.05910574533837607,-0.04977984501479125,-0.05901269248297696,-0.049504495473722224,0,0,168,0.0,0.0,1.0,-4.4963926176173254,5.345529420184391e-51,2.546826342812208e-29,sign_test=ok; wilcoxon=ok
add_e2_to_b,add_repaired_e2,candidate_b,b_e2,speed_rmse,scalar_speed,lower_is_better,168,0.876279185873142,0.9629228498438168,0.08664366397067474,0.08631531975840889,-0.08664366397067474,-0.08631531975840889,0.02129548720431008,0.0016429825073499542,-0.08986157685050936,-0.08344726429689689,-0.09357969702290253,-0.07963229328409611,-0.09476494839266217,-0.07888205174670948,-0.09398650212494122,-0.07918967760511067,0,0,168,0.0,0.0,1.0,-4.0686396671468765,5.345529420184391e-51,2.546826342812208e-29,sign_test=ok; wilcoxon=ok
add_e2_to_b,add_repaired_e2,candidate_b,b_e2,wpd_mae,wind_power_distribution,lower_is_better,168,164.59352863034053,183.41701014952937,18.823481519188825,17.9498880181701,-18.823481519188825,-17.9498880181701,9.437371127336501,0.728108989891773,-20.289898124490104,-17.420172465816467,-22.230086592695486,-15.580255625551878,-23.05605385172119,-14.68710653200408,-23.622973442024065,-14.245681864509542,0,0,168,0.0,0.0,1.0,-1.9945683247174952,5.345529420184391e-51,2.546826342812208e-29,sign_test=ok; wilcoxon=ok
add_e2_to_b,add_repaired_e2,candidate_b,b_e2,wpd_w1,wind_power_distribution,lower_is_better,168,26.68694395259363,16.08684255251199,-10.600101400081636,-9.260446900332711,10.600101400081636,9.260446900332711,7.404630707660931,0.5712796617121284,9.49209231417947,11.720812206898357,8.13318617865795,13.127089284693362,7.711499462995082,13.570471478097776,7.410917680234134,13.425787060933848,164,0,4,0.9761904761904762,0.0,0.023809523809523808,1.4315503120384692,1.7538320135283241e-43,4.3580059575248394e-29,sign_test=ok; wilcoxon=ok
add_e2_to_b,add_repaired_e2,candidate_b,b_e2,wpd_bias_abs,wind_power_distribution,lower_is_better,168,19.68905221286368,12.68513175597048,-7.003920456893199,-7.080764200654225,7.003920456893199,7.080764200654225,5.480063137458573,0.42279605005681475,6.184664889102932,7.8194698326538905,5.136267564800558,8.905901627222134,4.683438631628942,9.182710991787026,4.343676315478022,9.3056089333235,155,0,13,0.9226190476190477,0.0,0.07738095238095238,1.2780729493823548,4.93623121705354e-32,2.4629644482712875e-25,sign_test=ok; wilcoxon=ok
add_e2_to_b,add_repaired_e2,candidate_b,b_e2,grad_mae,gradient_distribution,lower_is_better,168,0.31240406358805717,0.3120032967125003,-0.0004007668755568104,4.535599584493122e-06,0.0004007668755568104,-4.535599584493122e-06,0.003977129115524195,0.00030684217287857743,-0.00019802541048235473,0.0009961714901871297,-0.0008974399687762018,0.0018467570491102754,-0.0013031160997142282,0.0022982281116214623,-0.0016719787173831103,0.002910676793965185,84,0,84,0.5,0.0,0.5,0.10076788153355902,1.0,0.9180064765847722,sign_test=ok; wilcoxon=ok
add_e2_to_b,add_repaired_e2,candidate_b,b_e2,grad_w1,gradient_distribution,lower_is_better,168,0.1996129982297537,0.15426182485335077,-0.0453511733764029,-0.04394300841625154,0.0453511733764029,0.04394300841625154,0.017353606808427808,0.0013388598322326883,0.04276495548172562,0.04794992582200831,0.039584690655778146,0.051116940459380485,0.038622343907555846,0.05284679287570843,0.03806765438768215,0.05348018391743885,168,0,0,1.0,0.0,0.0,2.6133572044733677,5.345529420184391e-51,2.546826342812208e-29,sign_test=ok; wilcoxon=ok
add_e2_to_b,add_repaired_e2,candidate_b,b_e2,grad_kurtosis_abs_delta,gradient_distribution,lower_is_better,168,2.937408212757929,2.9747054279552594,0.037297215197330036,0.231000433868358,-0.037297215197330036,-0.231000433868358,2.5534395498940667,0.1970021382371753,-0.4235782300161964,0.3428090190072781,-0.7350962656657262,0.6357175033602965,-0.8383209131674857,0.7098603017809444,-0.8522884890635015,0.7259138110598861,75,0,93,0.44642857142857145,0.0,0.5535714285714286,-0.014606656812720461,0.1895052721714433,0.8716643686326746,sign_test=ok; wilcoxon=ok
add_e2_to_b,add_repaired_e2,candidate_b,b_e2,psd_log_l2,frequency_domain,lower_is_better,168,0.9754215585976203,0.8508610050202418,-0.12456055357737858,-0.12444628648239753,0.12456055357737858,0.12444628648239753,0.062157674953526545,0.004795568735591981,0.11524414399570669,0.1338847701426358,0.10395640271396912,0.14554647627299536,0.10006371755006084,0.14956844293344243,0.09718917383700915,0.15384069513901988,168,0,0,1.0,0.0,0.0,2.003944865545708,5.345529420184391e-51,2.546826342812208e-29,sign_test=ok; wilcoxon=ok
add_e2_to_b,add_repaired_e2,candidate_b,b_e2,psd_slope_abs_delta,frequency_domain,lower_is_better,168,1.3176934681473131,1.202895420433148,-0.11479804771416521,-0.10944717179746877,0.11479804771416521,0.10944717179746877,0.09289840159355131,0.007167267286004352,0.10112035696193028,0.12891082529686676,0.0849229431613017,0.14807768126628637,0.07768613039211981,0.1556634502665433,0.07415314233696253,0.16297744208923726,154,0,14,0.9166666666666666,0.0,0.08333333333333333,1.235737598763315,5.506680125892977e-31,2.9045148287387485e-27,sign_test=ok; wilcoxon=ok
add_e2_to_b,add_repaired_e2,candidate_b,b_e2,exceed_abs_t5,threshold_geometry,lower_is_better,168,0.004886714285714284,0.0020346666666666716,-0.002852047619047613,-0.0031759999999999566,0.002852047619047613,0.0031759999999999566,0.002345789143189495,0.00018098156154942218,0.002497727976190473,0.0032037726190476128,0.0021676559523809468,0.0035345446428571327,0.00210844404761903,0.0035895886904761913,0.0021544958333333253,0.0035582345238095283,143,0,25,0.8511904761904762,0.0,0.1488095238095238,1.215815849147368,2.7276165626071624e-21,8.42346679231695e-24,sign_test=ok; wilcoxon=ok
add_e2_to_b,add_repaired_e2,candidate_b,b_e2,exceed_abs_t10,threshold_geometry,lower_is_better,168,0.003645595238095238,0.0026371190476190496,-0.0010084761904761883,-0.0013340000000000019,0.0010084761904761883,0.0013340000000000019,0.0026821133435135963,0.00020692953694108744,0.000601604166666664,0.0014070065476190453,0.000214573214285709,0.001802958928571431,5.4377380952374e-05,0.001933383928571426,6.640000000000003e-05,0.0018808267857142883,112,0,56,0.6666666666666666,0.0,0.3333333333333333,0.37600058659529806,1.8638787920586882e-05,1.2575640876091604e-06,sign_test=ok; wilcoxon=ok
add_e2_to_b,add_repaired_e2,candidate_b,b_e2,exceed_abs_t15,threshold_geometry,lower_is_better,168,0.0034733333333333335,0.0018069047619047615,-0.0016664285714285724,-0.0011960000000000165,0.0016664285714285724,0.0011960000000000165,0.0019270914964230352,0.0001486783367907675,0.001380634523809523,0.001956571428571429,0.001047993452380954,0.0023064654761904783,0.0009467142857142871,0.0023972928571428576,0.0008842845238095246,0.002351597619047619,143,0,25,0.8511904761904762,0.0,0.1488095238095238,0.8647376497284682,2.7276165626071624e-21,2.550832980758365e-21,sign_test=ok; wilcoxon=ok
add_e2_to_b,add_repaired_e2,candidate_b,b_e2,exceed_abs_p90,threshold_geometry,lower_is_better,168,0.005087023809523815,0.002791642857142861,-0.0022953809523809537,-0.0017800000000000038,0.0022953809523809537,0.0017800000000000038,0.0027638390721748847,0.00021323481379635233,0.0018806875000000008,0.0027059113095238116,0.0013629422619047627,0.0032607940476190485,0.0010764470238095248,0.0035954785714285738,0.000741900000000001,0.00398471785714286,140,0,28,0.8333333333333334,0.0,0.16666666666666666,0.8305045599397732,4.0947447895527606e-19,9.58602000317411e-19,sign_test=ok; wilcoxon=ok
add_e2_to_b,add_repaired_e2,candidate_b,b_e2,comp_curve_l1,threshold_geometry,lower_is_better,168,112.32539682539681,88.00595238095238,-24.319444444444443,-22.833333333333332,24.319444444444443,22.833333333333332,12.293353995173744,0.9484528518625874,22.47718253968254,26.195461309523814,20.389583333333334,28.493204365079368,19.524627976190473,29.64397321428572,18.76483134920635,30.479538690476186,167,0,1,0.9940476190476191,0.0,0.005952380952380952,1.9782595094871611,9.033944720111621e-49,2.5919497925402864e-29,sign_test=ok; wilcoxon=ok
add_e2_to_b,add_repaired_e2,candidate_b,b_e2,comp_abs_t5,threshold_geometry,lower_is_better,168,58.714285714285715,56.166666666666664,-2.5476190476190474,-2.0,2.5476190476190474,2.0,7.130779638245446,0.5501515930113731,1.4821428571428572,3.619047619047619,1.244047619047619,3.7976190476190474,1.1547619047619047,3.8988095238095237,1.0773809523809523,4.059523809523809,106,10,52,0.6309523809523809,0.05952380952380952,0.30952380952380953,0.3572707581587668,2.0869841862447836e-05,3.201938238492613e-06,sign_test=ok; wilcoxon=ok
add_e2_to_b,add_repaired_e2,candidate_b,b_e2,comp_abs_t10,threshold_geometry,lower_is_better,168,189.20833333333334,167.58928571428572,-21.61904761904762,-20.0,21.61904761904762,20.0,18.888836332863253,1.4573053615232376,18.767857142857142,24.535714285714285,16.172619047619047,26.779761904761905,14.934226190476192,27.982291666666665,14.047619047619047,28.767857142857142,152,1,15,0.9047619047619048,0.005952380952380952,0.08928571428571429,1.144540999671551,1.0384614835804017e-29,5.156020628309945e-24,sign_test=ok; wilcoxon=ok
add_e2_to_b,add_repaired_e2,candidate_b,b_e2,comp_abs_t15,threshold_geometry,lower_is_better,168,110.25,77.4702380952381,-32.779761904761905,-33.5,32.779761904761905,33.5,21.866066345550156,1.6870036438058729,29.511904761904763,36.083333333333336,25.839136904761904,39.720238095238095,24.535565476190474,41.047916666666666,23.761904761904763,41.440625,165,1,2,0.9821428571428571,0.005952380952380952,0.011904761904761904,1.4991156336371738,1.4998486447153365e-46,1.076030320398934e-28,sign_test=ok; wilcoxon=ok
add_e2_to_b,add_repaired_e2,candidate_b,b_e2,pd_distance,topology_pd,lower_is_better,168,22.706997671157215,23.98758167822224,1.2805840070650272,1.4862492650915549,-1.2805840070650272,-1.4862492650915549,1.329806288378548,0.1025967825487328,-1.4762362877107045,-1.077614796656737,-1.680445252887655,-0.8622087208313364,-1.7406831807452332,-0.8009976874175535,-1.774820508808398,-0.7678443207769783,34,0,134,0.20238095238095238,0.0,0.7976190476190477,-0.9629853748296391,3.055330456382589e-15,2.2779775365921224e-19,sign_test=ok; wilcoxon=ok
add_e2_to_b,add_repaired_e2,candidate_b,b_e2,mt_distance,topology_mt,lower_is_better,168,6.161181682632083,5.677425131911323,-0.4837565507207598,-0.5090527534484863,0.4837565507207598,0.5090527534484863,0.6262706050100714,0.04831782616792003,0.3898592452208201,0.579266349474589,0.36932143043904075,0.6006196017776217,0.3787139855680012,0.5915821819787933,0.40249739587306976,0.578775868600323,136,0,32,0.8095238095238095,0.0,0.19047619047619047,0.7724401350642671,1.8236368672025773e-16,2.9274363468525316e-17,sign_test=ok; wilcoxon=ok
add_e2_to_c,add_repaired_e2,candidate_c,c_e2,psnruv,vector_uv,higher_is_better,168,33.48066855580409,32.73294424889662,-0.7477243069074737,-0.7445039633794828,-0.7477243069074737,-0.7445039633794828,0.08501880155457833,0.0065593429448168716,-0.7606819557362559,-0.7350990498196046,-0.774754014139295,-0.7224821014889211,-0.781190812513405,-0.7196839203558262,-0.7797093632394321,-0.7204289971508329,0,0,168,0.0,0.0,1.0,-8.794811185705406,5.345529420184391e-51,2.546826342812208e-29,sign_test=ok; wilcoxon=ok
add_e2_to_c,add_repaired_e2,candidate_c,c_e2,ssim_speed,scalar_speed,higher_is_better,0,,,,,,,,,,,,,,,,,0,0,0,,,,,,,no_valid_pairs
add_e2_to_c,add_repaired_e2,candidate_c,c_e2,speed_mae,scalar_speed,lower_is_better,168,0.514673630980392,0.5648566418942202,0.05018301091382823,0.05009845087411241,-0.05018301091382823,-0.05009845087411241,0.009817612630677656,0.000757445258771854,-0.05166823044790373,-0.048709867198754926,-0.053320512666632965,-0.04696209951789888,-0.053864084045894677,-0.046615189194499196,-0.05352812034448441,-0.04665934640601725,0,0,168,0.0,0.0,1.0,-5.111528922725928,5.345529420184391e-51,2.546826342812208e-29,sign_test=ok; wilcoxon=ok
add_e2_to_c,add_repaired_e2,candidate_c,c_e2,speed_rmse,scalar_speed,lower_is_better,168,0.8796379856523427,0.956648963016771,0.07701097736442833,0.07623318309702365,-0.07701097736442833,-0.07623318309702365,0.016868430578827278,0.001301427673458019,-0.07955584161029867,-0.07450625046195818,-0.0823740700587008,-0.07161071170617801,-0.08319373592254345,-0.07122674004109744,-0.08199791136164028,-0.07210723963386602,0,0,168,0.0,0.0,1.0,-4.56539077565936,5.345529420184391e-51,2.546826342812208e-29,sign_test=ok; wilcoxon=ok
add_e2_to_c,add_repaired_e2,candidate_c,c_e2,wpd_mae,wind_power_distribution,lower_is_better,168,165.94468049775796,182.91063460560918,16.96595410785122,16.52738563977492,-16.96595410785122,-16.52738563977492,8.23271094367822,0.6351674389395622,-18.25238010623503,-15.738891150402747,-19.968157097403186,-14.163463356413201,-20.677343242346783,-13.359500693684579,-21.161306169308165,-12.961234284693418,0,0,168,0.0,0.0,1.0,-2.0607979830603833,5.345529420184391e-51,2.546826342812208e-29,sign_test=ok; wilcoxon=ok
add_e2_to_c,add_repaired_e2,candidate_c,c_e2,wpd_w1,wind_power_distribution,lower_is_better,168,16.154361978800274,12.909754732649752,-3.2446072461505215,-2.0545483451934925,3.2446072461505215,2.0545483451934925,5.224648423640185,0.40309037707092166,2.4704207281612547,4.030370430423377,1.6457140097128857,5.02550768655625,1.3743489284802897,5.604385959654164,1.1214901416200849,5.8297595379086475,124,0,44,0.7380952380952381,0.0,0.2619047619047619,0.6210192501125074,5.160780146238432e-10,2.306735008785348e-13,sign_test=ok; wilcoxon=ok
add_e2_to_c,add_repaired_e2,candidate_c,c_e2,wpd_bias_abs,wind_power_distribution,lower_is_better,168,7.985822841162225,6.703762910533207,-1.2820599306290166,-1.292518393853078,1.2820599306290166,1.292518393853078,5.687406910526083,0.43879296944586305,0.39998129104450475,2.122774493312896,-0.6306033805082359,3.0977374784723257,-1.0445386636851004,3.404914303094472,-1.351168210082189,3.5775365540195927,104,0,64,0.6190476190476191,0.0,0.38095238095238093,0.22542082020827775,0.0025179898516854418,0.000891335510601871,sign_test=ok; wilcoxon=ok
add_e2_to_c,add_repaired_e2,candidate_c,c_e2,grad_mae,gradient_distribution,lower_is_better,168,0.31045584063453674,0.3115675575842548,0.0011117169497180364,0.001585827165023257,-0.0011117169497180364,-0.001585827165023257,0.0037152899615422097,0.0002866408435732473,-0.0016761032409295601,-0.0005474604078436376,-0.0023819082661028323,0.00023873074793054344,-0.002805171745325954,0.0007106411975897907,-0.003279209957098609,0.001383185951477503,56,0,112,0.3333333333333333,0.0,0.6666666666666666,-0.2992275061235234,1.8638787920586882e-05,4.152939421860137e-05,sign_test=ok; wilcoxon=ok
add_e2_to_c,add_repaired_e2,candidate_c,c_e2,grad_w1,gradient_distribution,lower_is_better,168,0.1941583086077908,0.1581902346613526,-0.0359680739464382,-0.03396822465128653,0.0359680739464382,0.03396822465128653,0.013752433079963919,0.001061023247183961,0.03392246130302508,0.038039754039220657,0.031442856251581976,0.040607636340377326,0.03061892517099489,0.041972706433623885,0.03006263633065581,0.04277631959740409,168,0,0,1.0,0.0,0.0,2.615397125534136,5.345529420184391e-51,2.546826342812208e-29,sign_test=ok; wilcoxon=ok
add_e2_to_c,add_repaired_e2,candidate_c,c_e2,grad_kurtosis_abs_delta,gradient_distribution,lower_is_better,168,3.2762048237107586,2.953721006742436,-0.32248381696832173,0.08382704073683556,0.32248381696832173,-0.08382704073683556,2.8465644723546277,0.2196172169836968,-0.10674389172331872,0.7497808025738641,-0.4501741590396904,1.1009320592276395,-0.5597532324568532,1.2003996895052458,-0.5558598258530061,1.1827908082989564,81,0,87,0.48214285714285715,0.0,0.5178571428571429,0.11328878024728835,0.6997974882614125,0.2443946464496507,sign_test=ok; wilcoxon=ok
add_e2_to_c,add_repaired_e2,candidate_c,c_e2,psd_log_l2,frequency_domain,lower_is_better,168,0.9527179364237268,0.8588526008965071,-0.0938653355272199,-0.08641810390732974,0.0938653355272199,0.08641810390732974,0.050696017729684836,0.003911282682713988,0.08635519834163358,0.10155251949628943,0.07794486737731074,0.11019849294303558,0.07540878011481343,0.11192337366036274,0.07442808680489355,0.11265651451515174,165,0,3,0.9821428571428571,0.0,0.017857142857142856,1.8515327185602086,4.225175945596205e-45,3.2152183432845376e-29,sign_test=ok; wilcoxon=ok
add_e2_to_c,add_repaired_e2,candidate_c,c_e2,psd_slope_abs_delta,frequency_domain,lower_is_better,168,1.2718841266117669,1.2508584906370281,-0.02102563597473872,-0.03123339146764037,0.02102563597473872,0.03123339146764037,0.08262930341335124,0.0063749891608571065,0.008803102415818479,0.03337784575562633,-0.007981443756548382,0.049452543962238,-0.016555194493199588,0.05622294551769365,-0.026202416958994366,0.06359719977405466,110,0,58,0.6547619047619048,0.0,0.34523809523809523,0.25445737899493653,7.370834538660161e-05,0.00041272314050211383,sign_test=ok; wilcoxon=ok
add_e2_to_c,add_repaired_e2,candidate_c,c_e2,exceed_abs_t5,threshold_geometry,lower_is_better,168,0.005546261904761905,0.002216523809523815,-0.00332973809523809,-0.0035079999999999556,0.00332973809523809,0.0035079999999999556,0.0023289612452536313,0.0001796832610372602,0.002974760119047616,0.003685548214285715,0.002634631547619045,0.004013989285714275,0.002601885714285707,0.004073389880952376,0.0027116077380952394,0.003949850595238084,151,0,17,0.8988095238095238,0.0,0.10119047619047619,1.429709533391343,4.949592375030901e-28,1.9790454456271512e-26,sign_test=ok; wilcoxon=ok
add_e2_to_c,add_repaired_e2,candidate_c,c_e2,exceed_abs_t10,threshold_geometry,lower_is_better,168,0.003575166666666665,0.002413047619047621,-0.0011621190476190444,-0.0008159999999999539,0.0011621190476190444,0.0008159999999999539,0.0023844293278006243,0.00018396271651374764,0.0008031142857142815,0.0015227863095238024,0.0004749666666666653,0.001853600595238094,0.00040809464285713646,0.0019519595238095217,0.000387945833333324,0.001838767261904759,105,0,63,0.625,0.0,0.375,0.4873782728930668,0.0014846946055304061,1.55894573168377e-07,sign_test=ok; wilcoxon=ok
add_e2_to_c,add_repaired_e2,candidate_c,c_e2,exceed_abs_t15,threshold_geometry,lower_is_better,168,0.0015469999999999998,0.0015110476190476182,-3.595238095238161e-05,-3.8e-05,3.595238095238161e-05,3.8e-05,0.0013362952800796538,0.00010309741912741122,-0.0001652184523809514,0.00023878630952381,-0.00036597916666666403,0.0004669333333333335,-0.00046200416666666676,0.0005831279761904761,-0.0005272660714285708,0.0006568892857142862,87,0,81,0.5178571428571429,0.0,0.48214285714285715,0.02690451840123132,0.6997974882614125,0.9892591323816173,sign_test=ok; wilcoxon=ok
add_e2_to_c,add_repaired_e2,candidate_c,c_e2,exceed_abs_p90,threshold_geometry,lower_is_better,168,0.0022987857142857154,0.0016504523809523811,-0.0006483333333333344,-0.00030200000000000365,0.0006483333333333344,0.00030200000000000365,0.002081415244769214,0.00016058467246502861,0.0003331142857142878,0.0009688988095238102,2.1451190476190042e-05,0.0013454809523809528,-8.043273809524012e-05,0.001598860119047622,-0.00017476309523809663,0.0017345059523809561,99,0,69,0.5892857142857143,0.0,0.4107142857142857,0.31148678043108174,0.024968665281135283,0.001088729411272922,sign_test=ok; wilcoxon=ok
add_e2_to_c,add_repaired_e2,candidate_c,c_e2,comp_curve_l1,threshold_geometry,lower_is_better,168,112.70138888888889,91.86904761904762,-20.832341269841272,-20.583333333333332,20.832341269841272,20.583333333333332,9.310824315944592,0.7183456914293767,19.441443452380955,22.228199404761902,17.991666666666667,23.75302579365079,17.45813492063492,24.505084325396822,16.963293650793652,24.96634424603175,168,0,0,1.0,0.0,0.0,2.2374325368986208,5.345529420184391e-51,2.5452504572944246e-29,sign_test=ok; wilcoxon=ok
add_e2_to_c,add_repaired_e2,candidate_c,c_e2,comp_abs_t5,threshold_geometry,lower_is_better,168,61.904761904761905,56.55357142857143,-5.351190476190476,-3.0,5.351190476190476,3.0,7.057624136670891,0.5445075235308177,4.2976190476190474,6.404761904761905,3.636904761904762,7.178571428571429,3.3095238095238093,7.517857142857143,2.8988095238095237,7.845238095238095,133,9,26,0.7916666666666666,0.05357142857142857,0.15476190476190477,0.7582141486376538,1.6640115908925767e-18,3.1614903407223553e-19,sign_test=ok; wilcoxon=ok
add_e2_to_c,add_repaired_e2,candidate_c,c_e2,comp_abs_t10,threshold_geometry,lower_is_better,168,200.0,175.98214285714286,-24.017857142857142,-23.0,24.017857142857142,23.0,15.911985921922808,1.2276363661511673,21.64270833333333,26.446428571428573,19.63065476190476,28.291666666666668,18.696279761904762,29.160714285714285,18.547619047619047,29.321428571428573,158,2,8,0.9404761904761905,0.011904761904761904,0.047619047619047616,1.5094192051644815,2.711909456947034e-37,4.687078357987838e-28,sign_test=ok; wilcoxon=ok
add_e2_to_c,add_repaired_e2,candidate_c,c_e2,comp_abs_t15,threshold_geometry,lower_is_better,168,105.80952380952381,82.26190476190476,-23.547619047619047,-21.0,23.547619047619047,21.0,17.53689336877142,1.3530006973647126,20.94032738095238,26.196428571428573,18.25595238095238,28.785863095238092,17.32723214285714,29.672619047619047,17.112946428571426,29.916666666666668,155,3,10,0.9226190476190477,0.017857142857142856,0.05952380952380952,1.342747461163854,1.4253850377971598e-34,2.4219007531180562e-27,sign_test=ok; wilcoxon=ok
add_e2_to_c,add_repaired_e2,candidate_c,c_e2,pd_distance,topology_pd,lower_is_better,168,22.494387345643272,24.268599327509865,1.774211981866596,1.7168248032040605,-1.774211981866596,-1.7168248032040605,0.8884585000937947,0.06854606143338403,-1.9066920260925375,-1.6372426673496752,-2.065273627281874,-1.488470375514433,-2.146593185546166,-1.4320434735542653,-2.2590847985082205,-1.3530089925412863,3,0,165,0.017857142857142856,0.0,0.9821428571428571,-1.9969553802223652,4.225175945596205e-45,3.2152183432845376e-29,sign_test=ok; wilcoxon=ok
add_e2_to_c,add_repaired_e2,candidate_c,c_e2,mt_distance,topology_mt,lower_is_better,168,6.080286664622171,5.662811040878296,-0.4174756237438747,-0.45885539054870605,0.4174756237438747,0.45885539054870605,0.5847829605273654,0.04511698490506112,0.3272451791025343,0.5049636391656739,0.3031058722308704,0.5306684327977044,0.2901010028663136,0.5449418136051722,0.2831812223508245,0.5483586084984597,129,0,39,0.7678571428571429,0.0,0.23214285714285715,0.7138984066283145,1.8901080346392734e-12,4.0833955576660375e-15,sign_test=ok; wilcoxon=ok
add_e2_to_grad,add_repaired_e2,grad_only,f1_grad_e2,psnruv,vector_uv,higher_is_better,168,33.369839424414764,32.49494049551153,-0.8748989289032247,-0.8620452988265583,-0.8748989289032247,-0.8620452988265583,0.104298915825507,0.008046836054644986,-0.8904408603870178,-0.8592418885570461,-0.9093668875515565,-0.8429486838097849,-0.9194919885434396,-0.8391609940592174,-0.9230427736136729,-0.8380885705154976,0,0,168,0.0,0.0,1.0,-8.388379898089624,5.345529420184391e-51,2.546826342812208e-29,sign_test=ok; wilcoxon=ok
add_e2_to_grad,add_repaired_e2,grad_only,f1_grad_e2,ssim_speed,scalar_speed,higher_is_better,0,,,,,,,,,,,,,,,,,0,0,0,,,,,,,no_valid_pairs
add_e2_to_grad,add_repaired_e2,grad_only,f1_grad_e2,speed_mae,scalar_speed,lower_is_better,168,0.5285827102061724,0.5899138082189178,0.06133109801274546,0.06171246367254918,-0.06133109801274546,-0.06171246367254918,0.011769366546156861,0.0009080263425018895,-0.06311431659299231,-0.059585519112604866,-0.06507810429794285,-0.05752614227715168,-0.06566996542671813,-0.05714680554575793,-0.06527234455771444,-0.05723405827150959,0,0,168,0.0,0.0,1.0,-5.211078928693266,5.345529420184391e-51,2.546826342812208e-29,sign_test=ok; wilcoxon=ok
add_e2_to_grad,add_repaired_e2,grad_only,f1_grad_e2,speed_rmse,scalar_speed,lower_is_better,168,0.8962827164617422,0.989075208141753,0.0927924916800108,0.09239598878161126,-0.0927924916800108,-0.09239598878161126,0.019194386706239012,0.0014808790846202614,-0.09566907360584025,-0.0899414619716048,-0.09884806578004929,-0.0866492555844536,-0.09955662695152534,-0.08627986941255597,-0.09731574215616343,-0.08755817042806428,0,0,168,0.0,0.0,1.0,-4.8343556426238505,5.345529420184391e-51,2.546826342812208e-29,sign_test=ok; wilcoxon=ok
add_e2_to_grad,add_repaired_e2,grad_only,f1_grad_e2,wpd_mae,wind_power_distribution,lower_is_better,168,169.55099701426758,190.68965408431572,21.13865707004813,20.327269797751725,-21.13865707004813,-20.327269797751725,11.108389762569244,0.8570308765245206,-22.85951161339341,-19.491625919848225,-25.27492144306817,-17.339755908853228,-26.32825441335214,-16.180196452629918,-27.198078845660536,-15.368238292208108,0,0,168,0.0,0.0,1.0,-1.9029452082494267,5.345529420184391e-51,2.546826342812208e-29,sign_test=ok; wilcoxon=ok
add_e2_to_grad,add_repaired_e2,grad_only,f1_grad_e2,wpd_w1,wind_power_distribution,lower_is_better,168,22.811365174088078,24.732185186891716,1.9208200128036406,0.5635655427151929,-1.9208200128036406,-0.5635655427151929,14.126799118953413,1.08990621414802,-4.072967665543728,0.1936155225495813,-6.847120078172208,3.093532836034846,-8.292825735904785,3.9774708195354056,-9.222456319446428,4.484961754511877,79,0,89,0.47023809523809523,0.0,0.5297619047619048,-0.13596993888208875,0.4875669955799865,0.04991288395403107,sign_test=ok; wilcoxon=ok
add_e2_to_grad,add_repaired_e2,grad_only,f1_grad_e2,wpd_bias_abs,wind_power_distribution,lower_is_better,168,17.503852077113216,22.63772008169994,5.133868004586725,3.4123438542494395,-5.133868004586725,-3.4123438542494395,15.623060837021589,1.2053453119069975,-7.500562551999239,-2.757801841065642,-10.649819888580415,0.4435098090309651,-12.17627618746738,1.5815877801001996,-13.206606153333125,2.250516603972122,62,0,106,0.36904761904761907,0.0,0.6309523809523809,-0.3286083347010416,0.0008548765507311462,2.384067408700605e-05,sign_test=ok; wilcoxon=ok
add_e2_to_grad,add_repaired_e2,grad_only,f1_grad_e2,grad_mae,gradient_distribution,lower_is_better,168,0.30881811157693567,0.31253494510834556,0.003716833531409878,0.004144088925765163,-0.003716833531409878,-0.004144088925765163,0.0030314403156923,0.00023388069796073167,-0.004172092709796965,-0.0032560947106138106,-0.004701688558172168,-0.002687399288527345,-0.00497496476498702,-0.0024678653130423187,-0.005182973368074437,-0.002338505375130594,23,0,145,0.13690476190476192,0.0,0.8630952380952381,-1.2260949068235416,7.690700853769712e-23,3.521520845088717e-24,sign_test=ok; wilcoxon=ok
add_e2_to_grad,add_repaired_e2,grad_only,f1_grad_e2,grad_w1,gradient_distribution,lower_is_better,168,0.17512782848217615,0.13811306553305527,-0.037014762949120886,-0.03553346622302289,0.037014762949120886,0.03553346622302289,0.014631098368714505,0.0011288137459587733,0.03483689033141729,0.03925351476982627,0.032290782586579775,0.04190004314885367,0.03172132734714444,0.04244615632366805,0.03181221589211505,0.04147319331252774,168,0,0,1.0,0.0,0.0,2.529869051271577,5.345529420184391e-51,2.546826342812208e-29,sign_test=ok; wilcoxon=ok
add_e2_to_grad,add_repaired_e2,grad_only,f1_grad_e2,grad_kurtosis_abs_delta,gradient_distribution,lower_is_better,168,2.5098126452242937,3.2600759938201143,0.7502633485958198,0.7433197659943582,-0.7502633485958198,-0.7433197659943582,2.73362431328901,0.21090369453915864,-1.163151024531704,-0.33791287338001047,-1.489826857663146,0.03789014071938145,-1.6293500413725703,0.1676469196770595,-1.7431155454006886,0.2462191017569505,60,0,108,0.35714285714285715,0.0,0.6428571428571429,-0.27445737329323305,0.0002636516495278558,2.9821762780666912e-05,sign_test=ok; wilcoxon=ok
add_e2_to_grad,add_repaired_e2,grad_only,f1_grad_e2,psd_log_l2,frequency_domain,lower_is_better,168,0.8930335765670441,0.8146748449514062,-0.07835873161563789,-0.0695890613613318,0.07835873161563789,0.0695890613613318,0.05797411127057106,0.004472799790062092,0.06989944768695568,0.08702224645779305,0.060267799170185536,0.09912035110968885,0.05560677238911685,0.10315217133979293,0.05264610146593363,0.10550900050093324,161,0,7,0.9583333333333334,0.0,0.041666666666666664,1.3516159178349407,3.687894036179826e-39,1.0065074017765425e-28,sign_test=ok; wilcoxon=ok
add_e2_to_grad,add_repaired_e2,grad_only,f1_grad_e2,psd_slope_abs_delta,frequency_domain,lower_is_better,168,1.3906777914375636,1.1385358943732427,-0.25214189706432105,-0.19049163694126509,0.25214189706432105,0.19049163694126509,0.24587291702036104,0.018969507380596575,0.21500409390838943,0.2885269559865935,0.16276487957893507,0.3412727014172791,0.13711088165017643,0.36749652540006744,0.11204611998149089,0.3959902854452707,142,0,26,0.8452380952380952,0.0,0.15476190476190477,1.0254968303135268,1.5149876721323235e-20,8.69621582346102e-22,sign_test=ok; wilcoxon=ok
add_e2_to_grad,add_repaired_e2,grad_only,f1_grad_e2,exceed_abs_t5,threshold_geometry,lower_is_better,168,0.003612309523809529,0.002536261904761906,-0.0010760476190476227,-0.0010499999999999954,0.0010760476190476227,0.0010499999999999954,0.0029535491768775167,0.00022787126613498998,0.0006283011904761831,0.0015170499999999992,0.00019879107142857172,0.001992388095238106,2.937023809523964e-05,0.0021016750000000034,1.7063690476191857e-05,0.0020173916666666753,110,0,58,0.6547619047619048,0.0,0.34523809523809523,0.3643235831221937,7.370834538660161e-05,3.320007912233666e-06,sign_test=ok; wilcoxon=ok
add_e2_to_grad,add_repaired_e2,grad_only,f1_grad_e2,exceed_abs_t10,threshold_geometry,lower_is_better,168,0.0036443571428571423,0.005151904761904762,0.00150754761904762,0.000508000000000064,-0.00150754761904762,-0.000508000000000064,0.004128257045926258,0.0003185019458455156,-0.0021424333333333327,-0.0008782803571428532,-0.002879863095238103,-0.00011092738095238505,-0.0032836250000000023,0.00021612023809524137,-0.0035409023809523828,0.0005154232142857175,72,0,96,0.42857142857142855,0.0,0.5714285714285714,-0.3651777499018041,0.07566911610226444,0.00020533378452823717,sign_test=ok; wilcoxon=ok
add_e2_to_grad,add_repaired_e2,grad_only,f1_grad_e2,exceed_abs_t15,threshold_geometry,lower_is_better,168,0.0030612142857142856,0.0026730714285714287,-0.000388142857142856,-0.0003139999999999996,0.000388142857142856,0.0003139999999999996,0.0020849309535967953,0.00016085591528982216,8.006964285714182e-05,0.0007090238095238072,-0.0002678261904761915,0.0011211005952380944,-0.0004161517857142881,0.0012106440476190462,-0.000532048214285717,0.0012744392857142839,107,1,60,0.6369047619047619,0.005952380952380952,0.35714285714285715,0.18616580873973582,0.0003424066712364654,0.008571891539632483,sign_test=ok; wilcoxon=ok
add_e2_to_grad,add_repaired_e2,grad_only,f1_grad_e2,exceed_abs_p90,threshold_geometry,lower_is_better,168,0.004123095238095243,0.004664357142857148,0.0005412619047619048,0.0003259999999999999,-0.0005412619047619048,-0.0003259999999999999,0.0032516322906733547,0.0002508688776479046,-0.0010438357142857145,-5.856488095238166e-05,-0.0016683619047619047,0.0005765142857142853,-0.0020252440476190474,0.0008712404761904765,-0.002299844047619049,0.001092284523809523,78,0,90,0.4642857142857143,0.0,0.5357142857142857,-0.16645852186743393,0.39613334139637907,0.08259650379638675,sign_test=ok; wilcoxon=ok
add_e2_to_grad,add_repaired_e2,grad_only,f1_grad_e2,comp_curve_l1,threshold_geometry,lower_is_better,168,97.13492063492065,81.18154761904762,-15.953373015873018,-14.333333333333336,15.953373015873018,14.333333333333336,9.428283167405214,0.7274078385609135,14.5406498015873,17.4078621031746,13.060515873015875,18.96329365079365,12.747916666666669,19.20143849206349,12.816393849206348,18.749032738095238,165,0,3,0.9821428571428571,0.0,0.017857142857142856,1.6920761428788942,4.225175945596205e-45,2.9373700090247855e-29,sign_test=ok; wilcoxon=ok
add_e2_to_grad,add_repaired_e2,grad_only,f1_grad_e2,comp_abs_t5,threshold_geometry,lower_is_better,168,54.00595238095238,50.726190476190474,-3.2797619047619047,-2.0,3.2797619047619047,2.0,7.8174728256705155,0.6031311226192905,2.113095238095238,4.4523809523809526,1.7558035714285716,5.023809523809524,1.6547619047619047,5.071428571428571,1.5891369047619048,5.160714285714286,103,16,49,0.6130952380952381,0.09523809523809523,0.2916666666666667,0.4195424759254721,1.411945905048805e-05,1.5189802218770176e-07,sign_test=ok; wilcoxon=ok
add_e2_to_grad,add_repaired_e2,grad_only,f1_grad_e2,comp_abs_t10,threshold_geometry,lower_is_better,168,167.73214285714286,150.74404761904762,-16.988095238095237,-17.0,16.988095238095237,17.0,21.35583558925818,1.647638486331101,13.785714285714286,20.232291666666665,10.69047619047619,23.32752976190476,9.535565476190477,24.565773809523805,9.19047619047619,24.226339285714282,138,0,30,0.8214285714285714,0.0,0.17857142857142858,0.7954778995695264,9.356563729642896e-18,4.271295470844686e-17,sign_test=ok; wilcoxon=ok
add_e2_to_grad,add_repaired_e2,grad_only,f1_grad_e2,comp_abs_t15,threshold_geometry,lower_is_better,168,93.875,71.92857142857143,-21.946428571428573,-17.0,21.946428571428573,17.0,19.968615773534108,1.540612153981091,19.023809523809526,25.041666666666668,16.34464285714286,28.202380952380953,15.44047619047619,29.18452380952381,15.892559523809524,28.273809523809526,155,4,9,0.9226190476190477,0.023809523809523808,0.05357142857142857,1.0990460641000368,1.7160842611567275e-35,5.992264508111368e-27,sign_test=ok; wilcoxon=ok
add_e2_to_grad,add_repaired_e2,grad_only,f1_grad_e2,pd_distance,topology_pd,lower_is_better,168,22.9326269066382,23.838249287609397,0.9056223809711991,1.3737113750927854,-0.9056223809711991,-1.3737113750927854,2.2623746503663,0.17454599371041823,-1.2407797777439074,-0.5563333318693033,-1.6198658922821731,-0.11064972104363621,-1.7787967097223898,0.054856546554512546,-1.9473238757664677,0.17212284696306868,46,0,122,0.27380952380952384,0.0,0.7261904761904762,-0.4002972632426598,3.930443008498031e-09,2.220467222251555e-08,sign_test=ok; wilcoxon=ok
add_e2_to_grad,add_repaired_e2,grad_only,f1_grad_e2,mt_distance,topology_mt,lower_is_better,168,6.055993423575447,5.656570005984533,-0.3994234175909133,-0.35593199729919434,0.3994234175909133,0.35593199729919434,0.6281270839951193,0.048461056631183594,0.30647635828881037,0.49635731017305734,0.27187214969169526,0.5417474029319627,0.27116331117493764,0.5498092683298247,0.27011009426344007,0.5473233665738787,133,0,35,0.7916666666666666,0.0,0.20833333333333334,0.635895868476859,1.1841800255738729e-14,4.1509049311172336e-14,sign_test=ok; wilcoxon=ok
add_e2_to_grad_levelset,add_repaired_e2,grad_levelset,f2_grad_levelset_e2,psnruv,vector_uv,higher_is_better,168,33.463386286987415,32.57624426913368,-0.8871420178537357,-0.8827800161498018,-0.8871420178537357,-0.8827800161498018,0.10451716193326117,0.008063674107416315,-0.90281706931114,-0.8715282335432813,-0.921199514735432,-0.8548593045093243,-0.9318187173173386,-0.8504214262164662,-0.9345397478919528,-0.8488563407271679,0,0,168,0.0,0.0,1.0,-8.488003323513654,5.345529420184391e-51,2.546826342812208e-29,sign_test=ok; wilcoxon=ok
add_e2_to_grad_levelset,add_repaired_e2,grad_levelset,f2_grad_levelset_e2,ssim_speed,scalar_speed,higher_is_better,0,,,,,,,,,,,,,,,,,0,0,0,,,,,,,no_valid_pairs
add_e2_to_grad_levelset,add_repaired_e2,grad_levelset,f2_grad_levelset_e2,speed_mae,scalar_speed,lower_is_better,168,0.5185479052709762,0.5788023360297933,0.06025443075881687,0.06091719397560408,-0.06025443075881687,-0.06091719397560408,0.011901554335572702,0.0009182248518673634,-0.062035844900911734,-0.058490210603337055,-0.06407802205556039,-0.05638519293231799,-0.06457439296449759,-0.055990794312623805,-0.0640888213571877,-0.0561901056714328,0,0,168,0.0,0.0,1.0,-5.0627362661969,5.345529420184391e-51,2.546826342812208e-29,sign_test=ok; wilcoxon=ok
add_e2_to_grad_levelset,add_repaired_e2,grad_levelset,f2_grad_levelset_e2,speed_rmse,scalar_speed,lower_is_better,168,0.8843569304574566,0.9776430659760245,0.09328613551856801,0.09436693819118341,-0.09328613551856801,-0.09436693819118341,0.02016330694319483,0.0015556329038244347,-0.09631992922455458,-0.09027368071119903,-0.09972360434172294,-0.08681822690628221,-0.10044375711847461,-0.086415888616277,-0.09831072527063531,-0.08772831959727952,0,0,168,0.0,0.0,1.0,-4.6265295559591895,5.345529420184391e-51,2.546826342812208e-29,sign_test=ok; wilcoxon=ok
add_e2_to_grad_levelset,add_repaired_e2,grad_levelset,f2_grad_levelset_e2,wpd_mae,wind_power_distribution,lower_is_better,168,166.17505392020382,186.82297844900262,20.64792452879878,19.65710154805636,-20.64792452879878,-19.65710154805636,10.410840982836469,0.8032138197871522,-22.261981617551836,-19.098936467954378,-24.44626613131839,-17.08579131805614,-25.380292032222094,-16.039697068394855,-25.96842512846748,-15.513036441893169,0,0,168,0.0,0.0,1.0,-1.983309951889514,5.345529420184391e-51,2.546826342812208e-29,sign_test=ok; wilcoxon=ok
add_e2_to_grad_levelset,add_repaired_e2,grad_levelset,f2_grad_levelset_e2,wpd_w1,wind_power_distribution,lower_is_better,168,27.967716307319442,20.152909762121464,-7.814806545197972,-6.493922132265068,7.814806545197972,6.493922132265068,9.329842818228254,0.719813000736192,6.436863476472145,9.257724214441074,4.849144137122927,11.282928939696149,4.213832718703506,11.655991753554945,4.125891334484089,11.509267574552018,144,0,24,0.8571428571428571,0.0,0.14285714285714285,0.8376139552886928,4.690238064769671e-22,2.62196625884095e-20,sign_test=ok; wilcoxon=ok
add_e2_to_grad_levelset,add_repaired_e2,grad_levelset,f2_grad_levelset_e2,wpd_bias_abs,wind_power_distribution,lower_is_better,168,22.304955805957928,17.42103958843389,-4.883916217524038,-4.9766172869459755,4.883916217524038,4.9766172869459755,10.051786848607351,0.7755121919225065,3.4073924283635932,6.393953073317819,1.5440977690674664,8.62619536404677,0.72875180317497,9.288953342901435,0.12773091579456455,9.576709386407959,130,0,38,0.7738095238095238,0.0,0.2261904761904762,0.4858754260393705,5.593404540671203e-13,2.1212107908210516e-09,sign_test=ok; wilcoxon=ok
add_e2_to_grad_levelset,add_repaired_e2,grad_levelset,f2_grad_levelset_e2,grad_mae,gradient_distribution,lower_is_better,168,0.3115995487367239,0.31217573416409516,0.0005761854273712052,0.0012095983497309448,-0.0005761854273712052,-0.0012095983497309448,0.0035270045441242364,0.00027211430824494525,-0.0011124421453195894,-3.922226923959925e-05,-0.001719691953936477,0.0006724838087934994,-0.0020365719601880645,0.0010678987084754834,-0.0023448817260929124,0.0015316817328232125,58,0,110,0.34523809523809523,0.0,0.6547619047619048,-0.16336395946273818,7.370834538660161e-05,0.0032876248611231657,sign_test=ok; wilcoxon=ok
add_e2_to_grad_levelset,add_repaired_e2,grad_levelset,f2_grad_levelset_e2,grad_w1,gradient_distribution,lower_is_better,168,0.19432274703721855,0.14587529091820356,-0.04844745611901499,-0.04764853608019376,0.04844745611901499,0.04764853608019376,0.015451099119997713,0.0011920781774059886,0.04614192648256552,0.050763399114332884,0.04349935897261531,0.053350305222523604,0.04299294946700062,0.054205243793637,0.044008493521032574,0.05347642984969916,168,0,0,1.0,0.0,0.0,3.135534614253524,5.345529420184391e-51,2.546826342812208e-29,sign_test=ok; wilcoxon=ok
add_e2_to_grad_levelset,add_repaired_e2,grad_levelset,f2_grad_levelset_e2,grad_kurtosis_abs_delta,gradient_distribution,lower_is_better,168,2.8487062035138413,3.1482794361114306,0.29957323259758917,0.32581089689868836,-0.29957323259758917,-0.32581089689868836,2.9011096545367496,0.2238254691511938,-0.7387304123047703,0.13715372151076619,-1.1023478048779278,0.5333643209047738,-1.2498474928147538,0.6513349184118938,-1.3521096957727092,0.7118070768861833,78,0,90,0.4642857142857143,0.0,0.5357142857142857,-0.1032616027212612,0.39613334139637907,0.14907221294393183,sign_test=ok; wilcoxon=ok
add_e2_to_grad_levelset,add_repaired_e2,grad_levelset,f2_grad_levelset_e2,psd_log_l2,frequency_domain,lower_is_better,168,0.9424934429004153,0.8291560766038579,-0.11333736629655744,-0.10764797513594998,0.11333736629655744,0.10764797513594998,0.058481038047009964,0.004511910039957095,0.10467755562373778,0.12217214846433473,0.09436934369353245,0.1325909797738469,0.09030166833117574,0.13635206922081725,0.08786979484573074,0.13893507349440637,168,0,0,1.0,0.0,0.0,1.9380190585100632,5.345529420184391e-51,2.546826342812208e-29,sign_test=ok; wilcoxon=ok
add_e2_to_grad_levelset,add_repaired_e2,grad_levelset,f2_grad_levelset_e2,psd_slope_abs_delta,frequency_domain,lower_is_better,168,1.3017876534831534,1.1477532572980493,-0.15403439618510414,-0.13855337718928668,0.15403439618510414,0.13855337718928668,0.12490873557399367,0.009636918169298172,0.13522985139981006,0.17278634875474633,0.1119483739334286,0.1990684660217793,0.10024915331686882,0.21350067120237373,0.091565687064646,0.22892130198409366,156,0,12,0.9285714285714286,0.0,0.07142857142857142,1.2331755299360705,4.08308761658268e-33,4.547306162364017e-27,sign_test=ok; wilcoxon=ok
add_e2_to_grad_levelset,add_repaired_e2,grad_levelset,f2_grad_levelset_e2,exceed_abs_t5,threshold_geometry,lower_is_better,168,0.004163357142857147,0.0021150952380952406,-0.0020482619047619056,-0.0024299999999999877,0.0020482619047619056,0.0024299999999999877,0.0024963069494925816,0.00019259426242017796,0.0016720916666666673,0.0024192916666666685,0.0012967630952380948,0.002800290476190476,0.001196450000000006,0.002866886309523812,0.001224904166666666,0.0028281982142857164,133,0,35,0.7916666666666666,0.0,0.20833333333333334,0.820516845966499,1.1841800255738729e-14,1.022529138586085e-16,sign_test=ok; wilcoxon=ok
add_e2_to_grad_levelset,add_repaired_e2,grad_levelset,f2_grad_levelset_e2,exceed_abs_t10,threshold_geometry,lower_is_better,168,0.004059666666666665,0.0034752142857142846,-0.0005844523809523805,-0.0006899999999999407,0.0005844523809523805,0.0006899999999999407,0.003294283182475607,0.00025415946538988375,8.064583333333194e-05,0.0010771309523809473,-0.0004757672619047582,0.0016288898809523748,-0.0006956946428571476,0.001854194642857147,-0.0007445666666666692,0.0018773839285714312,102,0,66,0.6071428571428571,0.0,0.39285714285714285,0.17741412883429555,0.006751369163205467,0.018012306217191625,sign_test=ok; wilcoxon=ok
add_e2_to_grad_levelset,add_repaired_e2,grad_levelset,f2_grad_levelset_e2,exceed_abs_t15,threshold_geometry,lower_is_better,168,0.0037411904761904774,0.0022630952380952377,-0.0014780952380952395,-0.0008079999999999981,0.0014780952380952395,0.0008079999999999981,0.0020609990230253204,0.00015900952676070276,0.0011756607142857152,0.0017972440476190501,0.0008491660714285715,0.0021947226190476192,0.0007463529761904763,0.002283985714285716,0.0007420916666666681,0.002207857142857145,144,0,24,0.8571428571428571,0.0,0.14285714285714285,0.7171741575721652,4.690238064769671e-22,3.3948907408956487e-20,sign_test=ok; wilcoxon=ok
add_e2_to_grad_levelset,add_repaired_e2,grad_levelset,f2_grad_levelset_e2,exceed_abs_p90,threshold_geometry,lower_is_better,168,0.005486642857142863,0.0038472142857142906,-0.0016394285714285718,-0.0013680000000000012,0.0016394285714285718,0.0013680000000000012,0.0028946363708449298,0.00022332604447174243,0.0012084684523809533,0.0020642845238095244,0.0006698553571428581,0.0026394345238095235,0.0003428083333333339,0.0029427172619047627,7.392678571428508e-05,0.003183320238095237,117,0,51,0.6964285714285714,0.0,0.30357142857142855,0.56636770958213,3.805234520289097e-07,3.912269557820394e-10,sign_test=ok; wilcoxon=ok
add_e2_to_grad_levelset,add_repaired_e2,grad_levelset,f2_grad_levelset_e2,comp_curve_l1,threshold_geometry,lower_is_better,168,109.31845238095238,83.07837301587303,-26.240079365079364,-26.08333333333333,26.240079365079364,26.08333333333333,10.922010810896687,0.8426514282217713,24.601140873015872,27.855208333333334,22.867038690476193,29.635937499999997,22.617038690476193,30.17264384920635,23.13687996031746,30.031820436507935,168,0,0,1.0,0.0,0.0,2.4024952748536124,5.345529420184391e-51,2.5455045684721353e-29,sign_test=ok; wilcoxon=ok
add_e2_to_grad_levelset,add_repaired_e2,grad_levelset,f2_grad_levelset_e2,comp_abs_t5,threshold_geometry,lower_is_better,168,58.595238095238095,53.17261904761905,-5.4226190476190474,-4.0,5.4226190476190474,4.0,7.732424168310797,0.5965694762490992,4.273809523809524,6.5773809523809526,3.7023809523809526,7.267857142857143,3.4226190476190474,7.494047619047619,3.0714285714285716,7.7023809523809526,125,5,38,0.7440476190476191,0.02976190476190476,0.2261904761904762,0.7012831848829701,4.95559410776739e-12,2.1440493512584366e-15,sign_test=ok; wilcoxon=ok
add_e2_to_grad_levelset,add_repaired_e2,grad_levelset,f2_grad_levelset_e2,comp_abs_t10,threshold_geometry,lower_is_better,168,184.80357142857142,158.20238095238096,-26.601190476190474,-26.0,26.601190476190474,26.0,20.730416740022342,1.5993863745478378,23.487946428571426,29.797767857142855,20.595238095238095,32.541666666666664,19.25595238095238,33.35744047619047,19.398809523809526,33.37514880952381,151,2,15,0.8988095238095238,0.011904761904761904,0.08928571428571429,1.2831961272073205,1.8917017966763838e-29,9.928358744772683e-26,sign_test=ok; wilcoxon=ok
add_e2_to_grad_levelset,add_repaired_e2,grad_levelset,f2_grad_levelset_e2,comp_abs_t15,threshold_geometry,lower_is_better,168,106.68452380952381,71.9047619047619,-34.779761904761905,-34.0,34.779761904761905,34.0,23.96789908960146,1.849163560539439,31.232142857142858,38.38095238095238,27.345238095238095,42.17857142857143,25.720238095238095,43.547916666666666,25.08318452380952,43.65550595238094,164,1,3,0.9761904761904762,0.005952380952380952,0.017857142857142856,1.4510976441757135,8.300367026720877e-45,4.167848783951545e-28,sign_test=ok; wilcoxon=ok
add_e2_to_grad_levelset,add_repaired_e2,grad_levelset,f2_grad_levelset_e2,pd_distance,topology_pd,lower_is_better,168,22.61935891216629,23.748107956316563,1.1287490441502723,1.3092074912077383,-1.1287490441502723,-1.3092074912077383,1.5496143809036325,0.1195553450614318,-1.3597758665806579,-0.8907414285374587,-1.6175716599589427,-0.6272865356777261,-1.7177505224785503,-0.530922961991174,-1.787770189750952,-0.45804472140597213,44,0,124,0.2619047619047619,0.0,0.7380952380952381,-0.7284064074651015,5.160780146238432e-10,1.536412258443754e-14,sign_test=ok; wilcoxon=ok
add_e2_to_grad_levelset,add_repaired_e2,grad_levelset,f2_grad_levelset_e2,mt_distance,topology_mt,lower_is_better,168,6.19958542074476,5.674229775156293,-0.5253556455884661,-0.5300688743591309,0.5253556455884661,0.5300688743591309,0.6136735340720157,0.04734594104519399,0.43403885059413455,0.6177311572290602,0.4129928096419289,0.6349750690516971,0.4139667268310275,0.6350914444242205,0.41405041828041983,0.6348785576366243,144,0,24,0.8571428571428571,0.0,0.14285714285714285,0.8560832697191316,4.690238064769671e-22,7.165618734706622e-19,sign_test=ok; wilcoxon=ok
e2_vs_crit_uv,e2_vs_crit_matched_scaffold,uv_crit,uv_e2,psnruv,vector_uv,higher_is_better,168,33.655150678889235,32.57518872653585,-1.0799619523533832,-1.0716269233340476,-1.0799619523533832,-1.0716269233340476,0.10761131955870828,0.008302393550874936,-1.0963199159101644,-1.0640269586106352,-1.1148328864170605,-1.047712067601528,-1.124329928429428,-1.0440763542886895,-1.1297061066690726,-1.0417555446440934,0,0,168,0.0,0.0,1.0,-10.035765352400503,5.345529420184391e-51,2.546826342812208e-29,sign_test=ok; wilcoxon=ok
e2_vs_crit_uv,e2_vs_crit_matched_scaffold,uv_crit,uv_e2,ssim_speed,scalar_speed,higher_is_better,0,,,,,,,,,,,,,,,,,0,0,0,,,,,,,no_valid_pairs
e2_vs_crit_uv,e2_vs_crit_matched_scaffold,uv_crit,uv_e2,speed_mae,scalar_speed,lower_is_better,168,0.5038023488315495,0.5788691901846453,0.07506684135309584,0.0750280246717257,-0.07506684135309584,-0.0750280246717257,0.014443069563868772,0.0011143070087202406,-0.07723427535586105,-0.07292449439126797,-0.07963363236701348,-0.07022134620784443,-0.08032951534313627,-0.06977921157858809,-0.07973099043071391,-0.07010544942463955,0,0,168,0.0,0.0,1.0,-5.197429882972063,5.345529420184391e-51,2.546826342812208e-29,sign_test=ok; wilcoxon=ok
e2_vs_crit_uv,e2_vs_crit_matched_scaffold,uv_crit,uv_e2,speed_rmse,scalar_speed,lower_is_better,168,0.8667425753641315,0.9773130501283449,0.1105704747642134,0.11202972424679142,-0.1105704747642134,-0.11202972424679142,0.023153079180241874,0.001786298839724443,-0.11404096310465531,-0.10716431635894931,-0.11781823697626527,-0.10316643113676625,-0.11862042503808397,-0.10274615869307058,-0.11626097632638693,-0.10465834159855916,0,0,168,0.0,0.0,1.0,-4.775627202906595,5.345529420184391e-51,2.546826342812208e-29,sign_test=ok; wilcoxon=ok
e2_vs_crit_uv,e2_vs_crit_matched_scaffold,uv_crit,uv_e2,wpd_mae,wind_power_distribution,lower_is_better,168,163.04171960727152,187.62101505757965,24.57929545030814,23.837081548729998,-24.57929545030814,-23.837081548729998,12.097130055200207,0.9333138462222489,-26.468347182798954,-22.768104944555105,-29.040321273904464,-20.423107754351403,-30.08808554897753,-19.162167521780955,-30.86081131597232,-18.48468614791484,0,0,168,0.0,0.0,1.0,-2.0318286517670536,5.345529420184391e-51,2.546826342812208e-29,sign_test=ok; wilcoxon=ok
e2_vs_crit_uv,e2_vs_crit_matched_scaffold,uv_crit,uv_e2,wpd_w1,wind_power_distribution,lower_is_better,168,21.827575151262813,21.281246574683696,-0.5463285765791129,-0.657828126997205,0.5463285765791129,0.657828126997205,8.190379735624683,0.6319015153342606,-0.7265778392275078,1.7819036028371766,-2.317629428408066,3.113760481545818,-2.6405262061612156,3.5323717596795134,-2.6738589234278733,3.6306785183241987,92,0,76,0.5476190476190477,0.0,0.4523809523809524,0.06670369313925886,0.247081971798657,0.09985867169559005,sign_test=ok; wilcoxon=ok
e2_vs_crit_uv,e2_vs_crit_matched_scaffold,uv_crit,uv_e2,wpd_bias_abs,wind_power_distribution,lower_is_better,168,14.03026983697246,17.110070972594784,3.0798011356223234,1.79190597955989,-3.0798011356223234,-1.79190597955989,10.43332018243523,0.8049481276884299,-4.672066533658801,-1.5357855194041592,-6.5435886782857535,0.35060835084030084,-6.806864356731238,0.7277833231629159,-6.003330366167037,0.23364667636200273,71,0,97,0.4226190476190476,0.0,0.5773809523809523,-0.2951889793248414,0.05343240458128752,0.0005082322323863225,sign_test=ok; wilcoxon=ok
e2_vs_crit_uv,e2_vs_crit_matched_scaffold,uv_crit,uv_e2,grad_mae,gradient_distribution,lower_is_better,168,0.3184242545251984,0.3180626777849409,-0.0003615767402575519,0.0005506435471339943,0.0003615767402575519,-0.0005506435471339943,0.005940764525040699,0.0004583399337748678,-0.0005426063331513914,0.0012676802822508236,-0.0016548585527131614,0.002494960747711775,-0.0022836552108823345,0.003260526228270781,-0.0030301234432014534,0.0042978051675809405,73,0,95,0.43452380952380953,0.0,0.5654761904761905,0.06086367145734914,0.10491191481478204,0.6677760614495829,sign_test=ok; wilcoxon=ok
e2_vs_crit_uv,e2_vs_crit_matched_scaffold,uv_crit,uv_e2,grad_w1,gradient_distribution,lower_is_better,168,0.22953153861852565,0.16944461578113354,-0.06008692283739212,-0.05662051066361436,0.06008692283739212,0.05662051066361436,0.02165402369017372,0.0016706441977761522,0.05684298739069525,0.06334658088539254,0.05289458677755983,0.06729923811418086,0.051744746520373704,0.06919519664736774,0.05112721305690209,0.0701373686069188,168,0,0,1.0,0.0,0.0,2.774861785371496,5.345529420184391e-51,2.546826342812208e-29,sign_test=ok; wilcoxon=ok
e2_vs_crit_uv,e2_vs_crit_matched_scaffold,uv_crit,uv_e2,grad_kurtosis_abs_delta,gradient_distribution,lower_is_better,168,6.37981074820039,3.2223355560352887,-3.157475192165102,-3.046820235210369,3.157475192165102,3.046820235210369,4.653498104169267,0.3590251732577808,2.4582003731049746,3.8567004033924728,1.8710187527217454,4.477514432536429,1.7164361606481569,4.672359259595931,1.6577425143960478,4.6209010555039045,131,0,37,0.7797619047619048,0.0,0.22023809523809523,0.6785164883458715,1.6011017989547444e-13,2.2796645036604935e-14,sign_test=ok; wilcoxon=ok
e2_vs_crit_uv,e2_vs_crit_matched_scaffold,uv_crit,uv_e2,psd_log_l2,frequency_domain,lower_is_better,168,1.0503967895510902,0.8377783048584866,-0.21261848469260353,-0.20371240397934792,0.21261848469260353,0.20371240397934792,0.09318804519986092,0.007189613775378689,0.1989064254331681,0.22657400527455102,0.18357123199084585,0.2435647762311876,0.17963418905407774,0.24666652575867867,0.1777479721628302,0.24679447572229496,168,0,0,1.0,0.0,0.0,2.2816068760386536,5.345529420184391e-51,2.546826342812208e-29,sign_test=ok; wilcoxon=ok
e2_vs_crit_uv,e2_vs_crit_matched_scaffold,uv_crit,uv_e2,psd_slope_abs_delta,frequency_domain,lower_is_better,168,1.393654018543535,1.120621924007067,-0.27303209453646826,-0.25038462437578,0.27303209453646826,0.25038462437578,0.12724364444086836,0.00981706029930565,0.25380468486605007,0.2921425176728442,0.2318869223265381,0.3186620544921897,0.22316959905998246,0.3294646411155562,0.21990904715900533,0.3404975676576494,168,0,0,1.0,0.0,0.0,2.1457424906070615,5.345529420184391e-51,2.546826342812208e-29,sign_test=ok; wilcoxon=ok
e2_vs_crit_uv,e2_vs_crit_matched_scaffold,uv_crit,uv_e2,exceed_abs_t5,threshold_geometry,lower_is_better,168,0.007727833333333338,0.00253969047619048,-0.005188142857142859,-0.005610000000000004,0.005188142857142859,0.005610000000000004,0.00318725208975714,0.00024590183731160235,0.004701044642857149,0.00565881547619048,0.0042053613095238114,0.006124364880952376,0.004076084523809529,0.0062538315476190496,0.004159210714285714,0.006300935119047614,158,0,10,0.9404761904761905,0.0,0.05952380952380952,1.6277792628377197,2.1416199587982636e-35,8.767416353329529e-28,sign_test=ok; wilcoxon=ok
e2_vs_crit_uv,e2_vs_crit_matched_scaffold,uv_crit,uv_e2,exceed_abs_t10,threshold_geometry,lower_is_better,168,0.006550857142857143,0.003506928571428571,-0.0030439285714285716,-0.0013739999999999586,0.0030439285714285716,0.0013739999999999586,0.005812802677274302,0.0004484674628860207,0.0021770178571428535,0.0039284351190476225,0.0012558083333333316,0.004907870833333336,0.0010801857142857135,0.005194377976190469,0.0013346797619047668,0.004745369642857135,101,0,67,0.6011904761904762,0.0,0.39880952380952384,0.5236593671636397,0.010679293127422492,2.665588224142595e-07,sign_test=ok; wilcoxon=ok
e2_vs_crit_uv,e2_vs_crit_matched_scaffold,uv_crit,uv_e2,exceed_abs_t15,threshold_geometry,lower_is_better,168,0.0017195714285714282,0.0024855714285714277,0.0007659999999999999,0.0001479999999999997,-0.0007659999999999999,-0.0001479999999999997,0.002354616207586694,0.00018166258435283164,-0.0011263142857142869,-0.000414852380952381,-0.0015432392857142845,-7.341249999999924e-05,-0.001656247023809525,1.0193452380953743e-05,-0.0014870529761904768,-0.00012122857142857061,71,1,96,0.4226190476190476,0.005952380952380952,0.5714285714285714,-0.3253184096550039,0.06296242380456335,0.0023771694005995784,sign_test=ok; wilcoxon=ok
e2_vs_crit_uv,e2_vs_crit_matched_scaffold,uv_crit,uv_e2,exceed_abs_p90,threshold_geometry,lower_is_better,168,0.0022411666666666643,0.0037326428571428623,0.0014914761904761978,0.0009539999999999965,-0.0014914761904761978,-0.0009539999999999965,0.0031328164385665924,0.00024170203564356766,-0.0019670232142857224,-0.0010215470238095319,-0.002559816666666675,-0.0005307041666666748,-0.0027904839285714366,-0.00037631666666667295,-0.002882841666666674,-0.0003972136904761949,57,0,111,0.3392857142857143,0.0,0.6607142857142857,-0.4760815769846435,3.753839935862744e-05,8.605671986631915e-08,sign_test=ok; wilcoxon=ok
e2_vs_crit_uv,e2_vs_crit_matched_scaffold,uv_crit,uv_e2,comp_curve_l1,threshold_geometry,lower_is_better,168,133.60416666666666,97.15376984126983,-36.45039682539682,-33.49999999999999,36.45039682539682,33.49999999999999,15.043810047097008,1.160655143230222,34.189434523809524,38.701388888888886,31.6953125,41.40280257936507,31.087301587301585,42.482142857142854,30.72713293650794,42.828422619047615,168,0,0,1.0,0.0,0.0,2.4229498186485428,5.345529420184391e-51,2.5458095343258066e-29,sign_test=ok; wilcoxon=ok
e2_vs_crit_uv,e2_vs_crit_matched_scaffold,uv_crit,uv_e2,comp_abs_t5,threshold_geometry,lower_is_better,168,68.94642857142857,58.232142857142854,-10.714285714285714,-7.0,10.714285714285714,7.0,10.317790494303788,0.7960348187390512,9.18452380952381,12.255952380952381,7.607142857142857,13.958482142857141,6.666517857142858,14.946428571428571,5.862946428571429,15.803571428571429,142,11,15,0.8452380952380952,0.06547619047619048,0.08928571428571429,1.038428306932654,4.0661593097130405e-27,6.354986701877392e-25,sign_test=ok; wilcoxon=ok
e2_vs_crit_uv,e2_vs_crit_matched_scaffold,uv_crit,uv_e2,comp_abs_t10,threshold_geometry,lower_is_better,168,230.05357142857142,178.11309523809524,-51.94047619047619,-49.0,51.94047619047619,49.0,24.077893153140298,1.857649786779432,48.31517857142857,55.654761904761905,44.44032738095238,59.15491071428571,42.910714285714285,60.88095238095238,41.92261904761905,61.81547619047619,168,0,0,1.0,0.0,0.0,2.15718525952932,5.345529420184391e-51,2.5354605250007003e-29,sign_test=ok; wilcoxon=ok
e2_vs_crit_uv,e2_vs_crit_matched_scaffold,uv_crit,uv_e2,comp_abs_t15,threshold_geometry,lower_is_better,168,129.92857142857142,89.85714285714286,-40.07142857142857,-39.0,40.07142857142857,39.0,26.34196384146041,2.032326632658818,36.11904761904762,44.10133928571428,31.761755952380952,48.392857142857146,30.27916666666667,49.565625,30.957886904761903,48.166666666666664,166,0,2,0.9880952380952381,0.0,0.011904761904761904,1.5212012594277022,7.58904811783578e-47,2.719522700499466e-29,sign_test=ok; wilcoxon=ok
e2_vs_crit_uv,e2_vs_crit_matched_scaffold,uv_crit,uv_e2,pd_distance,topology_pd,lower_is_better,168,29.114333402447333,25.072073820293586,-4.042259582153749,-4.046540032656834,4.042259582153749,4.046540032656834,0.9210821787850985,0.07106303288846158,3.9026803352140575,4.180224237998544,3.756792590419392,4.3207857498658075,3.7309606000791735,4.35407326645861,3.7775202600190574,4.313992044701554,168,0,0,1.0,0.0,0.0,4.388598189453044,5.345529420184391e-51,2.546826342812208e-29,sign_test=ok; wilcoxon=ok
e2_vs_crit_uv,e2_vs_crit_matched_scaffold,uv_crit,uv_e2,mt_distance,topology_mt,lower_is_better,168,5.689883058979397,5.593966117927006,-0.09591694105239142,-0.18209099769592285,0.09591694105239142,0.18209099769592285,0.5077022208040582,0.03917007672662993,0.020083876805646078,0.17138491868972777,-0.024381485013734727,0.19896153381892612,-0.029020604349318004,0.20647830487716765,-0.025940991583324614,0.20793094429231823,106,0,62,0.6309523809523809,0.0,0.36904761904761907,0.18892361924374848,0.0008548765507311462,0.0007952889502787382,sign_test=ok; wilcoxon=ok
e2_vs_crit_b,e2_vs_crit_matched_scaffold,candidate_c,b_e2,psnruv,vector_uv,higher_is_better,168,33.48066855580409,32.68894034404412,-0.7917282117599757,-0.7913566957787506,-0.7917282117599757,-0.7913566957787506,0.08963583418654687,0.006915554745815392,-0.8052597403936003,-0.7783084700345151,-0.8197287035606426,-0.7648419111991637,-0.8253685077370552,-0.7619887059209307,-0.8212708451332205,-0.7620369312226242,0,0,168,0.0,0.0,1.0,-8.832719848540254,5.345529420184391e-51,2.546826342812208e-29,sign_test=ok; wilcoxon=ok
e2_vs_crit_b,e2_vs_crit_matched_scaffold,candidate_c,b_e2,ssim_speed,scalar_speed,higher_is_better,0,,,,,,,,,,,,,,,,,0,0,0,,,,,,,no_valid_pairs
e2_vs_crit_b,e2_vs_crit_matched_scaffold,candidate_c,b_e2,speed_mae,scalar_speed,lower_is_better,168,0.514673630980392,0.5684218234352497,0.05374819245485769,0.05321196758249472,-0.05374819245485769,-0.05321196758249472,0.011192161494268592,0.000863494005941188,-0.05543690259964805,-0.05206880955660067,-0.057339383741039154,-0.05005340238541946,-0.057998290982258824,-0.049631894702099395,-0.05767992796771212,-0.049634937437470765,0,0,168,0.0,0.0,1.0,-4.802306728899657,5.345529420184391e-51,2.546826342812208e-29,sign_test=ok; wilcoxon=ok
e2_vs_crit_b,e2_vs_crit_matched_scaffold,candidate_c,b_e2,speed_rmse,scalar_speed,lower_is_better,168,0.8796379856523427,0.9629228498438168,0.08328486419147417,0.0830066913142945,-0.08328486419147417,-0.0830066913142945,0.018946290001909973,0.0014617380083239988,-0.08612363002773976,-0.08045220139151103,-0.08942830251865673,-0.07716999931856458,-0.09037338672058357,-0.07661858699343,-0.08923461710931294,-0.0771972309923605,0,0,168,0.0,0.0,1.0,-4.395840250681174,5.345529420184391e-51,2.546826342812208e-29,sign_test=ok; wilcoxon=ok
e2_vs_crit_b,e2_vs_crit_matched_scaffold,candidate_c,b_e2,wpd_mae,wind_power_distribution,lower_is_better,168,165.94468049775796,183.41701014952937,17.47232965177141,16.736694785089696,-17.47232965177141,-16.736694785089696,8.612087324746978,0.6644369621872644,-18.81876801487806,-16.188180373037632,-20.633262242992053,-14.5679709180823,-21.36278616597325,-13.76737010546384,-21.84089047095944,-13.348876258467111,0,0,168,0.0,0.0,1.0,-2.028814733631924,5.345529420184391e-51,2.546826342812208e-29,sign_test=ok; wilcoxon=ok
e2_vs_crit_b,e2_vs_crit_matched_scaffold,candidate_c,b_e2,wpd_w1,wind_power_distribution,lower_is_better,168,16.154361978800274,16.08684255251199,-0.0675194262882842,-0.34576359053386785,0.0675194262882842,0.34576359053386785,6.623145542989576,0.5109867722848949,-0.9613085552408948,1.0553996398814605,-2.264447997889388,2.1313136821138516,-2.649144435571997,2.633929237005576,-3.0194808054505167,3.0064720714750504,93,0,75,0.5535714285714286,0.0,0.44642857142857145,0.010194465129903678,0.1895052721714433,0.23677834328608782,sign_test=ok; wilcoxon=ok
e2_vs_crit_b,e2_vs_crit_matched_scaffold,candidate_c,b_e2,wpd_bias_abs,wind_power_distribution,lower_is_better,168,7.985822841162225,12.68513175597048,4.699308914808256,3.0056718596112866,-4.699308914808256,-3.0056718596112866,8.325836055540119,0.6423521973025049,-6.018367070483515,-3.473940454546901,-7.554281162065245,-2.1470987145490086,-7.758647660211759,-1.9619622933529086,-7.207279670565852,-2.343322981591707,38,0,130,0.2261904761904762,0.0,0.7738095238095238,-0.5644248677802484,5.593404540671203e-13,5.755056018992333e-13,sign_test=ok; wilcoxon=ok
e2_vs_crit_b,e2_vs_crit_matched_scaffold,candidate_c,b_e2,grad_mae,gradient_distribution,lower_is_better,168,0.31045584063453674,0.3120032967125003,0.0015474560779635952,0.002333116275220787,-0.0015474560779635952,-0.002333116275220787,0.003883975059380599,0.00029965518141582064,-0.0021341836415262995,-0.0009597788830184569,-0.0028683431771502586,-0.00012577003861177655,-0.0033261176862886916,0.0003855232294371737,-0.0038041300193182893,0.0010950938413789063,52,0,116,0.30952380952380953,0.0,0.6904761904761905,-0.3984207041253188,8.73914118940249e-07,6.12295150153369e-07,sign_test=ok; wilcoxon=ok
e2_vs_crit_b,e2_vs_crit_matched_scaffold,candidate_c,b_e2,grad_w1,gradient_distribution,lower_is_better,168,0.1941583086077908,0.15426182485335077,-0.039896483754440014,-0.037456126975327145,0.039896483754440014,0.037456126975327145,0.015266818998025733,0.001177860657330139,0.03762003166273391,0.04218374921355807,0.03480613538254989,0.045075916684301436,0.0337714064253906,0.04671058908906418,0.0328447287523792,0.04775016946985725,168,0,0,1.0,0.0,0.0,2.613280720731629,5.345529420184391e-51,2.546826342812208e-29,sign_test=ok; wilcoxon=ok
e2_vs_crit_b,e2_vs_crit_matched_scaffold,candidate_c,b_e2,grad_kurtosis_abs_delta,gradient_distribution,lower_is_better,168,3.2762048237107586,2.9747054279552594,-0.3014993957554991,0.07025260869622052,0.3014993957554991,-0.07025260869622052,2.90373730782044,0.22402819700329996,-0.13255953255141756,0.7407981897985428,-0.506800071536821,1.119352119137486,-0.6251083244616267,1.2165110629980402,-0.6451958731651253,1.207193626225636,82,0,86,0.4880952380952381,0.0,0.5119047619047619,0.10383149844288295,0.8170464889807801,0.2951580029758778,sign_test=ok; wilcoxon=ok
e2_vs_crit_b,e2_vs_crit_matched_scaffold,candidate_c,b_e2,psd_log_l2,frequency_domain,lower_is_better,168,0.9527179364237268,0.8508610050202418,-0.10185693140348492,-0.09855695874900655,0.10185693140348492,0.09855695874900655,0.051761072179685244,0.003993453417477536,0.09413757586626448,0.10962706019268646,0.08557014732522092,0.11873455844330733,0.08292556357275557,0.12046045537897827,0.0824178333681983,0.12165578227844967,168,0,0,1.0,0.0,0.0,1.9678288550495073,5.345529420184391e-51,2.546826342812208e-29,sign_test=ok; wilcoxon=ok
e2_vs_crit_b,e2_vs_crit_matched_scaffold,candidate_c,b_e2,psd_slope_abs_delta,frequency_domain,lower_is_better,168,1.2718841266117669,1.202895420433148,-0.06898870617861895,-0.071116375981083,0.06898870617861895,0.071116375981083,0.08446227861471658,0.006516406267841162,0.056404882750235245,0.08174699988740568,0.04021852756099044,0.09858360348310066,0.032540526573343165,0.10616888803303359,0.024254682397244005,0.11428933106190275,123,0,45,0.7321428571428571,0.0,0.26785714285714285,0.8167990173852409,1.4454317999387109e-09,2.619100459502574e-16,sign_test=ok; wilcoxon=ok
e2_vs_crit_b,e2_vs_crit_matched_scaffold,candidate_c,b_e2,exceed_abs_t5,threshold_geometry,lower_is_better,168,0.005546261904761905,0.0020346666666666716,-0.003511595238095234,-0.003960000000000019,0.003511595238095234,0.003960000000000019,0.0022881674340931115,0.00017653595017736562,0.0031569190476190443,0.0038568916666666606,0.0028595970238095214,0.004153917261904755,0.0028349970238095152,0.004191420833333332,0.0028844505952380917,0.0041595904761904745,151,0,17,0.8988095238095238,0.0,0.10119047619047619,1.5346758221331882,4.949592375030901e-28,6.41168063047728e-27,sign_test=ok; wilcoxon=ok
e2_vs_crit_b,e2_vs_crit_matched_scaffold,candidate_c,b_e2,exceed_abs_t10,threshold_geometry,lower_is_better,168,0.003575166666666665,0.0026371190476190496,-0.0009380476190476156,-0.0006320000000000006,0.0009380476190476156,0.0006320000000000006,0.0033926918000922912,0.0002617518550715802,0.00043005892857141993,0.0014391505952380849,-9.607142857160397e-07,0.0019578541666666694,-6.08880952381021e-05,0.0020434666666666683,-4.036309523816549e-06,0.0018716255952380971,94,0,74,0.5595238095238095,0.0,0.44047619047619047,0.27649066709274855,0.14245334559436543,0.0034332857996386508,sign_test=ok; wilcoxon=ok
e2_vs_crit_b,e2_vs_crit_matched_scaffold,candidate_c,b_e2,exceed_abs_t15,threshold_geometry,lower_is_better,168,0.0015469999999999998,0.0018069047619047615,0.00025990476190476165,-2.0000000000002655e-06,-0.00025990476190476165,2.0000000000002655e-06,0.0018756539881041403,0.00014470984686711327,-0.0005496196428571465,1.2715476190475712e-05,-0.0009234964285714288,0.00027507321428571377,-0.0010224380952380957,0.0003424184523809521,-0.0010254047619047608,0.0003685988095238097,84,1,83,0.5,0.005952380952380952,0.49404761904761907,-0.13856754153652096,1.0,0.8192490500170327,sign_test=ok; wilcoxon=ok
e2_vs_crit_b,e2_vs_crit_matched_scaffold,candidate_c,b_e2,exceed_abs_p90,threshold_geometry,lower_is_better,168,0.0022987857142857154,0.002791642857142861,0.0004928571428571456,0.0001999999999999988,-0.0004928571428571456,-0.0001999999999999988,0.002497774631788497,0.00019270749656764784,-0.0008747232142857158,-0.00012008928571429007,-0.0013331773809523843,0.00027680833333333156,-0.0015318452380952412,0.0005467083333333294,-0.0016782630952380977,0.0007414130952380932,79,1,88,0.47023809523809523,0.005952380952380952,0.5238095238095238,-0.19731849966954065,0.5360050623796357,0.042658776421810984,sign_test=ok; wilcoxon=ok
e2_vs_crit_b,e2_vs_crit_matched_scaffold,candidate_c,b_e2,comp_curve_l1,threshold_geometry,lower_is_better,168,112.70138888888889,88.00595238095238,-24.695436507936513,-23.833333333333332,24.695436507936513,23.833333333333332,11.135812485035213,0.8591465854953104,23.03172123015873,26.379985119047618,21.20329861111111,28.2719742063492,20.615054563492063,29.181696428571428,20.212227182539685,29.706448412698414,167,0,1,0.9940476190476191,0.0,0.005952380952380952,2.217659155191712,9.033944720111621e-49,2.590760098217301e-29,sign_test=ok; wilcoxon=ok
e2_vs_crit_b,e2_vs_crit_matched_scaffold,candidate_c,b_e2,comp_abs_t5,threshold_geometry,lower_is_better,168,61.904761904761905,56.166666666666664,-5.738095238095238,-4.0,5.738095238095238,4.0,7.283183892202768,0.5619098364784172,4.648809523809524,6.833333333333333,4.083333333333333,7.470238095238095,3.761904761904762,7.756101190476189,3.363095238095238,8.125148809523807,127,13,28,0.7559523809523809,0.07738095238095238,0.16666666666666666,0.7878553285244286,2.9129823112383066e-16,1.2067650194647212e-18,sign_test=ok; wilcoxon=ok
e2_vs_crit_b,e2_vs_crit_matched_scaffold,candidate_c,b_e2,comp_abs_t10,threshold_geometry,lower_is_better,168,200.0,167.58928571428572,-32.410714285714285,-30.0,32.410714285714285,30.0,17.795690239591924,1.3729673094283679,29.761755952380952,35.11919642857143,27.488095238095237,37.19047619047619,26.601041666666664,38.16681547619047,26.327380952380953,38.363392857142856,163,2,3,0.9702380952380952,0.011904761904761904,0.017857142857142856,1.8212676130767211,1.630433513815137e-44,6.328691327089737e-29,sign_test=ok; wilcoxon=ok
e2_vs_crit_b,e2_vs_crit_matched_scaffold,candidate_c,b_e2,comp_abs_t15,threshold_geometry,lower_is_better,168,105.80952380952381,77.4702380952381,-28.339285714285715,-26.0,28.339285714285715,26.0,19.723183221097155,1.5216766214657067,25.404613095238094,31.363095238095237,22.285565476190474,34.19047619047619,21.345238095238095,35.07157738095238,21.357142857142858,34.726190476190474,162,1,5,0.9642857142857143,0.005952380952380952,0.02976190476190476,1.4368515161372246,1.1236266833741416e-41,2.1171906561978907e-28,sign_test=ok; wilcoxon=ok
e2_vs_crit_b,e2_vs_crit_matched_scaffold,candidate_c,b_e2,pd_distance,topology_pd,lower_is_better,168,22.494387345643272,23.98758167822224,1.4931943325789705,1.4499216537112352,-1.4931943325789705,-1.4499216537112352,0.8245996497723098,0.06361924416871757,-1.6149274387621215,-1.3666568865833892,-1.7528835815838806,-1.2379770600678435,-1.821778519603425,-1.1946365227883955,-1.906805966402952,-1.1321245700712959,6,0,162,0.03571428571428571,0.0,0.9642857142857143,-1.8108112621576717,1.583025776075848e-40,7.309289809390312e-29,sign_test=ok; wilcoxon=ok
e2_vs_crit_b,e2_vs_crit_matched_scaffold,candidate_c,b_e2,mt_distance,topology_mt,lower_is_better,168,6.080286664622171,5.677425131911323,-0.4028615327108474,-0.41051483154296875,0.4028615327108474,0.41051483154296875,0.5153639757578312,0.03976119395460784,0.32411680051258634,0.4793642215785526,0.29841461735112323,0.5046524266401926,0.28875912392423264,0.5116901003888675,0.2845214657840275,0.5198754609340713,141,0,27,0.8392857142857143,0.0,0.16071428571428573,0.7817029355194036,8.048176348197814e-20,1.3457197555960746e-17,sign_test=ok; wilcoxon=ok
e2_vs_crit_grad,e2_vs_crit_matched_scaffold,f3_grad_crit,f1_grad_e2,psnruv,vector_uv,higher_is_better,168,33.30415748036944,32.49494049551153,-0.8092169848579044,-0.7967907980479438,-0.8092169848579044,-0.7967907980479438,0.10057228929454223,0.00775932057575225,-0.8245777599299904,-0.7942578695216423,-0.8439762127291924,-0.7797551880739133,-0.853272925443645,-0.7748718341516526,-0.8587573067792554,-0.7734371617583254,0,0,168,0.0,0.0,1.0,-8.046122749458167,5.345529420184391e-51,2.546826342812208e-29,sign_test=ok; wilcoxon=ok
e2_vs_crit_grad,e2_vs_crit_matched_scaffold,f3_grad_crit,f1_grad_e2,ssim_speed,scalar_speed,higher_is_better,0,,,,,,,,,,,,,,,,,0,0,0,,,,,,,no_valid_pairs
e2_vs_crit_grad,e2_vs_crit_matched_scaffold,f3_grad_crit,f1_grad_e2,speed_mae,scalar_speed,lower_is_better,168,0.5325824956996198,0.5899138082189178,0.0573313125192981,0.057900809134922626,-0.0573313125192981,-0.057900809134922626,0.011056184177161206,0.0008530031281669243,-0.058988953086460114,-0.05568029228681147,-0.06083251308352729,-0.05379405511600323,-0.06127499829794996,-0.05357353102816157,-0.06055897058218943,-0.05423564229813065,0,0,168,0.0,0.0,1.0,-5.185452014966209,5.345529420184391e-51,2.546826342812208e-29,sign_test=ok; wilcoxon=ok
e2_vs_crit_grad,e2_vs_crit_matched_scaffold,f3_grad_crit,f1_grad_e2,speed_rmse,scalar_speed,lower_is_better,168,0.902555409298848,0.989075208141753,0.08651979884290481,0.0874217039818801,-0.08651979884290481,-0.0874217039818801,0.01761336789022582,0.0013589008347882937,-0.08912344305521146,-0.08392842757377944,-0.09204396042617084,-0.08094244952873891,-0.09282432302814851,-0.08064031248838664,-0.09113672727249464,-0.0821914558702552,0,0,168,0.0,0.0,1.0,-4.91216667829423,5.345529420184391e-51,2.546826342812208e-29,sign_test=ok; wilcoxon=ok
e2_vs_crit_grad,e2_vs_crit_matched_scaffold,f3_grad_crit,f1_grad_e2,wpd_mae,wind_power_distribution,lower_is_better,168,174.19762658177618,190.68965408431572,16.49202750253956,14.626943444242968,-16.49202750253956,-14.626943444242968,9.061356230452118,0.6990988107793176,-17.9148853436148,-15.158958064176472,-19.922542921967114,-13.472010220750173,-20.718993940788202,-12.642853687480919,-21.334257479933783,-12.134205757370742,0,0,168,0.0,0.0,1.0,-1.8200396367947107,5.345529420184391e-51,2.546826342812208e-29,sign_test=ok; wilcoxon=ok
e2_vs_crit_grad,e2_vs_crit_matched_scaffold,f3_grad_crit,f1_grad_e2,wpd_w1,wind_power_distribution,lower_is_better,168,32.02049600677772,24.732185186891716,-7.288310819886005,-4.221796440573403,7.288310819886005,4.221796440573403,12.104847010611332,0.9339092222579711,5.455307562444049,9.083976071335751,3.1303099417305233,11.426416028444892,2.4374661059280096,12.467415517492299,1.789766139761407,13.23158793971621,117,0,51,0.6964285714285714,0.0,0.30357142857142855,0.6020985489116003,3.805234520289097e-07,8.259259451121238e-12,sign_test=ok; wilcoxon=ok
e2_vs_crit_grad,e2_vs_crit_matched_scaffold,f3_grad_crit,f1_grad_e2,wpd_bias_abs,wind_power_distribution,lower_is_better,168,28.3295402046012,22.63772008169994,-5.691820122901261,-3.3104365697364493,5.691820122901261,3.3104365697364493,14.343626454698738,1.1066348062824494,3.4880411592221954,7.805872756810916,0.5917837199944744,10.552753431901372,-0.23728640174876267,11.714781376176838,-0.8981255424866555,12.727632893880447,110,0,58,0.6547619047619048,0.0,0.34523809523809523,0.39681876413037187,7.370834538660161e-05,1.4283881619098272e-06,sign_test=ok; wilcoxon=ok
e2_vs_crit_grad,e2_vs_crit_matched_scaffold,f3_grad_crit,f1_grad_e2,grad_mae,gradient_distribution,lower_is_better,168,0.3087046960864664,0.31253494510834556,0.003830249021879145,0.0044116744282684806,-0.003830249021879145,-0.0044116744282684806,0.003258582190766474,0.0002514050740810397,-0.004320550868734149,-0.0033379807909219954,-0.004906861819892855,-0.00264719960322394,-0.005261312609906197,-0.0022380961269084405,-0.005625501165013456,-0.001682542975735645,24,0,144,0.14285714285714285,0.0,0.8571428571428571,-1.1754342218933582,4.690238064769671e-22,5.702000292797752e-23,sign_test=ok; wilcoxon=ok
e2_vs_crit_grad,e2_vs_crit_matched_scaffold,f3_grad_crit,f1_grad_e2,grad_w1,gradient_distribution,lower_is_better,168,0.17549853654913208,0.13811306553305527,-0.037385471016076845,-0.03646550529129779,0.037385471016076845,0.03646550529129779,0.012351664778152183,0.0009529516264388303,0.03553199841684679,0.03924759287552874,0.03335254812628912,0.041457241782906835,0.032876766436723354,0.042426575088982725,0.032893303908920445,0.04271781055661257,168,0,0,1.0,0.0,0.0,3.026755638819218,5.345529420184391e-51,2.546826342812208e-29,sign_test=ok; wilcoxon=ok
e2_vs_crit_grad,e2_vs_crit_matched_scaffold,f3_grad_crit,f1_grad_e2,grad_kurtosis_abs_delta,gradient_distribution,lower_is_better,168,2.5255854243148987,3.2600759938201143,0.734490569505215,0.7104862444426852,-0.734490569505215,-0.7104862444426852,2.8274078780382723,0.2181392536452576,-1.1605099559024987,-0.30865134770604674,-1.5653406827398513,0.0966533720691482,-1.704565264383274,0.21606022452180149,-1.8182129112704382,0.29594913969581144,62,0,106,0.36904761904761907,0.0,0.6309523809523809,-0.2597752433281127,0.0008548765507311462,0.0003403315200452318,sign_test=ok; wilcoxon=ok
e2_vs_crit_grad,e2_vs_crit_matched_scaffold,f3_grad_crit,f1_grad_e2,psd_log_l2,frequency_domain,lower_is_better,168,0.9028608380619151,0.8146748449514062,-0.08818599311050883,-0.0914256114719813,0.08818599311050883,0.0914256114719813,0.05527610390517975,0.004264644002710953,0.07968460297201828,0.09638323642940189,0.06975781080064321,0.1068882317946468,0.06591619263808571,0.10931280004316218,0.06519852126523731,0.1115155644859247,156,0,12,0.9285714285714286,0.0,0.07142857142857142,1.5953728081447722,4.08308761658268e-33,9.401052172082709e-28,sign_test=ok; wilcoxon=ok
e2_vs_crit_grad,e2_vs_crit_matched_scaffold,f3_grad_crit,f1_grad_e2,psd_slope_abs_delta,frequency_domain,lower_is_better,168,1.6221370882671498,1.1385358943732427,-0.4836011938939068,-0.4703113657668904,0.4836011938939068,0.4703113657668904,0.1852627597197405,0.014293332223989031,0.4553020050388886,0.5117169499680151,0.4209894904031889,0.5475531453984458,0.40344237502523195,0.55772917709419,0.38188056330461545,0.5689020349918615,168,0,0,1.0,0.0,0.0,2.6103529636797114,5.345529420184391e-51,2.546826342812208e-29,sign_test=ok; wilcoxon=ok
e2_vs_crit_grad,e2_vs_crit_matched_scaffold,f3_grad_crit,f1_grad_e2,exceed_abs_t5,threshold_geometry,lower_is_better,168,0.006268999999999999,0.002536261904761906,-0.0037327380952380932,-0.003823999999999994,0.0037327380952380932,0.003823999999999994,0.003095805364222829,0.0002388465692650983,0.0032584755952380956,0.004195861904761899,0.002845997023809518,0.0046401452380952345,0.0027449434523809596,0.0047272434523809494,0.002932970833333336,0.004663365476190472,148,0,20,0.8809523809523809,0.0,0.11904761904761904,1.2057405605585154,2.5044824569704483e-25,1.2926369242658426e-24,sign_test=ok; wilcoxon=ok
e2_vs_crit_grad,e2_vs_crit_matched_scaffold,f3_grad_crit,f1_grad_e2,exceed_abs_t10,threshold_geometry,lower_is_better,168,0.0086315,0.005151904761904762,-0.0034795952380952374,-0.0023719999999999852,0.0034795952380952374,0.0023719999999999852,0.005610392403834793,0.0004328511712567911,0.002658416666666661,0.0043287166666666635,0.001761954166666666,0.005364502976190469,0.0015039696428571416,0.005707946428571431,0.0014582172619047537,0.0056705386904761955,123,1,44,0.7321428571428571,0.005952380952380952,0.2619047619047619,0.6202053239122594,7.650120642617542e-10,4.291584633364412e-12,sign_test=ok; wilcoxon=ok
e2_vs_crit_grad,e2_vs_crit_matched_scaffold,f3_grad_crit,f1_grad_e2,exceed_abs_t15,threshold_geometry,lower_is_better,168,0.0032577619047619044,0.0026730714285714287,-0.0005846904761904751,4.9999999999996824e-05,0.0005846904761904751,-4.9999999999996824e-05,0.002740835276226165,0.00021146003240798638,0.0001790946428571402,0.0009971684523809494,-0.00025855833333333683,0.0014715023809523796,-0.00040146428571428695,0.0017006029761904744,-0.0004696476190476189,0.0017860494047619033,78,0,90,0.4642857142857143,0.0,0.5357142857142857,0.21332565341012794,0.39613334139637907,0.34077291209530847,sign_test=ok; wilcoxon=ok
e2_vs_crit_grad,e2_vs_crit_matched_scaffold,f3_grad_crit,f1_grad_e2,exceed_abs_p90,threshold_geometry,lower_is_better,168,0.004575738095238093,0.004664357142857148,8.861904761905579e-05,-0.00034799999999999415,-8.861904761905579e-05,0.00034799999999999415,0.003051978637295692,0.00023546526387373276,-0.0005577880952381048,0.00036193214285713506,-0.0010779029761904845,0.0007908672619047544,-0.0012850202380952477,0.0009221535714285624,-0.0013971863095238173,0.000974970833333325,95,0,73,0.5654761904761905,0.0,0.43452380952380953,-0.029036588440074954,0.10491191481478204,0.41651886843714403,sign_test=ok; wilcoxon=ok
e2_vs_crit_grad,e2_vs_crit_matched_scaffold,f3_grad_crit,f1_grad_e2,comp_curve_l1,threshold_geometry,lower_is_better,168,96.75099206349206,81.18154761904762,-15.569444444444443,-13.833333333333321,15.569444444444443,13.833333333333321,9.896040066825407,0.7634960668351221,14.089260912698412,17.09424603174603,12.393849206349206,18.822519841269838,11.696403769841272,19.509002976190477,11.077356150793651,19.93861607142857,164,1,3,0.9761904761904762,0.005952380952380952,0.017857142857142856,1.5733004655708747,8.300367026720877e-45,7.101102720070575e-29,sign_test=ok; wilcoxon=ok
e2_vs_crit_grad,e2_vs_crit_matched_scaffold,f3_grad_crit,f1_grad_e2,comp_abs_t5,threshold_geometry,lower_is_better,168,57.17261904761905,50.726190476190474,-6.446428571428571,-4.0,6.446428571428571,4.0,9.180008824550198,0.7082530571548306,5.107142857142857,7.8215773809523785,4.089285714285714,9.017857142857142,3.5833333333333335,9.529761904761905,2.9226190476190474,10.184672619047618,125,9,34,0.7440476190476191,0.05357142857142857,0.20238095238095238,0.7022246595437704,1.9775810693297437e-13,1.636884832917995e-14,sign_test=ok; wilcoxon=ok
e2_vs_crit_grad,e2_vs_crit_matched_scaffold,f3_grad_crit,f1_grad_e2,comp_abs_t10,threshold_geometry,lower_is_better,168,179.16666666666666,150.74404761904762,-28.422619047619047,-30.0,28.422619047619047,30.0,30.595975827093504,2.3605307827398567,23.696130952380955,33.029761904761905,18.154613095238094,38.18452380952381,15.249702380952382,40.619940476190465,12.946279761904762,43.167113095238086,134,0,34,0.7976190476190477,0.0,0.20238095238095238,0.9289659270305118,3.055330456382589e-15,2.3697899855633463e-19,sign_test=ok; wilcoxon=ok
e2_vs_crit_grad,e2_vs_crit_matched_scaffold,f3_grad_crit,f1_grad_e2,comp_abs_t15,threshold_geometry,lower_is_better,168,86.14285714285714,71.92857142857143,-14.214285714285714,-10.0,14.214285714285714,10.0,17.23356384617048,1.329598316624849,11.696428571428571,16.851190476190474,9.845238095238095,19.166815476190475,9.321279761904762,19.85148809523809,9.154613095238096,19.976339285714282,129,5,34,0.7678571428571429,0.02976190476190476,0.20238095238095238,0.8248024518413416,3.147438944773236e-14,2.9691474016477176e-19,sign_test=ok; wilcoxon=ok
e2_vs_crit_grad,e2_vs_crit_matched_scaffold,f3_grad_crit,f1_grad_e2,pd_distance,topology_pd,lower_is_better,168,22.01788444732944,23.838249287609397,1.8203648402799597,1.816640830833121,-1.8203648402799597,-1.816640830833121,0.8702533571103694,0.06714150415894334,-1.951711430886968,-1.6888175680081798,-2.0840697656512646,-1.55444353529195,-2.140501180728234,-1.5007702535550513,-2.182438257110869,-1.467463665942824,3,0,165,0.017857142857142856,0.0,0.9821428571428571,-2.091764226367808,4.225175945596205e-45,5.117815649597936e-29,sign_test=ok; wilcoxon=ok
e2_vs_crit_grad,e2_vs_crit_matched_scaffold,f3_grad_crit,f1_grad_e2,mt_distance,topology_mt,lower_is_better,168,5.984007384095873,5.656570005984533,-0.32743737811133977,-0.39061403274536133,0.32743737811133977,0.39061403274536133,0.5423266352097864,0.04184140829326971,0.2431516428078924,0.40791552669945214,0.21142332206169764,0.44042323174930753,0.20724796723751793,0.45005069041535967,0.19557263879548936,0.4699737398397354,128,0,40,0.7619047619047619,0.0,0.23809523809523808,0.603764146646934,6.181833481984467e-12,1.6785951373447786e-12,sign_test=ok; wilcoxon=ok
remove_speed_from_b_e2,scaffold_pruning,b_e2,f2_grad_levelset_e2,psnruv,vector_uv,higher_is_better,168,32.68894034404412,32.57624426913368,-0.11269607491043468,-0.10490462321384086,-0.11269607491043468,-0.10490462321384086,0.03577430447836527,0.0027600475117878142,-0.11823603154666296,-0.10733843932494214,-0.12587239787764293,-0.1004430216100531,-0.13034719778848405,-0.09697168764530596,-0.1346288594619072,-0.09265969604322047,0,0,168,0.0,0.0,1.0,-3.150196112927599,5.345529420184391e-51,2.546826342812208e-29,sign_test=ok; wilcoxon=ok
remove_speed_from_b_e2,scaffold_pruning,b_e2,f2_grad_levelset_e2,ssim_speed,scalar_speed,higher_is_better,0,,,,,,,,,,,,,,,,,0,0,0,,,,,,,no_valid_pairs
remove_speed_from_b_e2,scaffold_pruning,b_e2,f2_grad_levelset_e2,speed_mae,scalar_speed,lower_is_better,168,0.5684218234352497,0.5788023360297933,0.010380512594543444,0.00995404150433743,-0.010380512594543444,-0.00995404150433743,0.0027804585947727627,0.00021451703780216394,-0.01081747895114632,-0.009962655424570886,-0.011372459543295887,-0.009448359139841437,-0.011543573626525064,-0.009286084146042596,-0.011576655465451096,-0.009107379269337731,0,0,168,0.0,0.0,1.0,-3.7333814695384118,5.345529420184391e-51,2.546826342812208e-29,sign_test=ok; wilcoxon=ok
remove_speed_from_b_e2,scaffold_pruning,b_e2,f2_grad_levelset_e2,speed_rmse,scalar_speed,lower_is_better,168,0.9629228498438168,0.9776430659760245,0.014720216132207547,0.013296308575501792,-0.014720216132207547,-0.013296308575501792,0.0047832564888991205,0.000369036249982524,-0.015480062981073888,-0.014008571532339574,-0.016467287044649847,-0.013148515070856553,-0.016843589612530727,-0.012818883334304561,-0.016943397060396274,-0.012501741262313808,0,0,168,0.0,0.0,1.0,-3.0774465401071236,5.345529420184391e-51,2.546826342812208e-29,sign_test=ok; wilcoxon=ok
remove_speed_from_b_e2,scaffold_pruning,b_e2,f2_grad_levelset_e2,wpd_mae,wind_power_distribution,lower_is_better,168,183.41701014952937,186.82297844900262,3.405968299473263,2.9684287917827845,-3.405968299473263,-2.9684287917827845,2.0318221687322624,0.15675848358131542,-3.7245632172519705,-3.10490533903755,-4.167521775394006,-2.707113749736763,-4.35302167670964,-2.505602874203631,-4.48224090417198,-2.3400598013105944,0,0,168,0.0,0.0,1.0,-1.6763122048217376,5.345529420184391e-51,2.546826342812208e-29,sign_test=ok; wilcoxon=ok
remove_speed_from_b_e2,scaffold_pruning,b_e2,f2_grad_levelset_e2,wpd_w1,wind_power_distribution,lower_is_better,168,16.08684255251199,20.152909762121464,4.066067209609476,3.3383918704309137,-4.066067209609476,-3.3383918704309137,5.9408159096183955,0.4583438981811053,-5.002880014280041,-3.183351514832154,-6.2107397629602135,-2.016251755864373,-6.932942934970314,-1.500505381183196,-7.613539263028209,-1.092018782273523,46,0,122,0.27380952380952384,0.0,0.7261904761904762,-0.6844290870933009,3.930443008498031e-09,1.2758605603803036e-14,sign_test=ok; wilcoxon=ok
remove_speed_from_b_e2,scaffold_pruning,b_e2,f2_grad_levelset_e2,wpd_bias_abs,wind_power_distribution,lower_is_better,168,12.68513175597048,17.42103958843389,4.735907832463409,4.266847017100067,-4.735907832463409,-4.266847017100067,7.1555016258652575,0.5520589357651022,-5.8313475504839145,-3.644651044802553,-7.307251057019756,-2.1657091302473437,-8.151568159705551,-1.4950122532136427,-8.973489345157203,-0.9188664499772528,52,0,116,0.30952380952380953,0.0,0.6904761904761905,-0.6618554617253314,8.73914118940249e-07,1.0620007627192363e-12,sign_test=ok; wilcoxon=ok
remove_speed_from_b_e2,scaffold_pruning,b_e2,f2_grad_levelset_e2,grad_mae,gradient_distribution,lower_is_better,168,0.3120032967125003,0.31217573416409516,0.0001724374515947639,0.00013248962050822766,-0.0001724374515947639,-0.00013248962050822766,0.0005692788281682048,4.392081512442405e-05,-0.000260888601375142,-8.788775429189113e-05,-0.0003532994658933051,2.203072670742316e-06,-0.0004062396017194165,4.9967825155913525e-05,-0.0004760732303277196,0.00011176093299486897,70,0,98,0.4166666666666667,0.0,0.5833333333333334,-0.30290508457801596,0.03692680427705723,0.0007130259216171033,sign_test=ok; wilcoxon=ok
remove_speed_from_b_e2,scaffold_pruning,b_e2,f2_grad_levelset_e2,grad_w1,gradient_distribution,lower_is_better,168,0.15426182485335077,0.14587529091820356,-0.008386533935147216,-0.006807870402240873,0.008386533935147216,0.006807870402240873,0.004230147803514058,0.0003263629884585021,0.007759594059731267,0.009043528128667449,0.006987820991564379,0.00994139602876689,0.006715962150144489,0.010257443118532666,0.006615241505023944,0.010244829618691288,168,0,0,1.0,0.0,0.0,1.9825628617941848,5.345529420184391e-51,2.546826342812208e-29,sign_test=ok; wilcoxon=ok
remove_speed_from_b_e2,scaffold_pruning,b_e2,f2_grad_levelset_e2,grad_kurtosis_abs_delta,gradient_distribution,lower_is_better,168,2.9747054279552594,3.1482794361114306,0.17357400815617144,0.4558186969052258,-0.17357400815617144,-0.4558186969052258,1.1156452636307848,0.08607390077378563,-0.34004890205059507,-0.003259155560070566,-0.5012718867205115,0.17920589917910965,-0.5864295424813223,0.28699574115974313,-0.6635908562788332,0.3892173411365834,50,0,118,0.2976190476190476,0.0,0.7023809523809523,-0.15558171922075634,1.6123871117942558e-07,0.007615542157842058,sign_test=ok; wilcoxon=ok
remove_speed_from_b_e2,scaffold_pruning,b_e2,f2_grad_levelset_e2,psd_log_l2,frequency_domain,lower_is_better,168,0.8508610050202418,0.8291560766038579,-0.02170492841638406,-0.022395522950152624,0.02170492841638406,0.022395522950152624,0.009942531917979464,0.000767082991024627,0.020220247644753886,0.0231764752690223,0.018727581822791356,0.02481186586275144,0.01848788983082084,0.025032771178147596,0.01921032661185133,0.024263854364732582,166,0,2,0.9880952380952381,0.0,0.011904761904761904,2.1830383443008317,7.58904811783578e-47,2.8361870470503875e-29,sign_test=ok; wilcoxon=ok
remove_speed_from_b_e2,scaffold_pruning,b_e2,f2_grad_levelset_e2,psd_slope_abs_delta,frequency_domain,lower_is_better,168,1.202895420433148,1.1477532572980493,-0.05514216313509846,-0.022545739892339933,0.05514216313509846,0.022545739892339933,0.08993146350250876,0.006938363042715352,0.041717315207080934,0.06882768076317314,0.024500008891063435,0.08928177701543316,0.015846354312554847,0.10188598109157818,0.008857351970221422,0.1156180693983193,118,0,50,0.7023809523809523,0.0,0.2976190476190476,0.6131576312394849,1.6123871117942558e-07,1.1641957469116616e-12,sign_test=ok; wilcoxon=ok
remove_speed_from_b_e2,scaffold_pruning,b_e2,f2_grad_levelset_e2,exceed_abs_t5,threshold_geometry,lower_is_better,168,0.0020346666666666716,0.0021150952380952406,8.042857142856925e-05,-8.20000000000265e-05,-8.042857142856925e-05,8.20000000000265e-05,0.0008447958940784735,6.517741824526452e-05,-0.00020776309523808833,4.471488095238723e-05,-0.0003249809523809472,0.00014921488095238734,-0.00034426488095238016,0.00015371666666666705,-0.0003027154761904728,0.00011360238095238268,89,0,79,0.5297619047619048,0.0,0.47023809523809523,-0.09520473760860657,0.4875669955799865,0.4677393980913259,sign_test=ok; wilcoxon=ok
remove_speed_from_b_e2,scaffold_pruning,b_e2,f2_grad_levelset_e2,exceed_abs_t10,threshold_geometry,lower_is_better,168,0.0026371190476190496,0.0034752142857142846,0.0008380952380952345,0.0007620000000000404,-0.0008380952380952345,-0.0007620000000000404,0.0012778011017157756,9.858449528999796e-05,-0.001029881547619047,-0.0006428327380952303,-0.0012349565476190419,-0.00043486785714285606,-0.001355176785714277,-0.00031799702380951907,-0.0015021035714285682,-0.00016214642857142317,48,0,120,0.2857142857142857,0.0,0.7142857142857143,-0.6558886488436085,2.6641418672538837e-08,3.5617872545905858e-12,sign_test=ok; wilcoxon=ok
remove_speed_from_b_e2,scaffold_pruning,b_e2,f2_grad_levelset_e2,exceed_abs_t15,threshold_geometry,lower_is_better,168,0.0018069047619047615,0.0022630952380952377,0.0004561904761904762,0.00012999999999999644,-0.0004561904761904762,-0.00012999999999999644,0.0009185573494453844,7.086823807586135e-05,-0.0005972380952380951,-0.0003190226190476191,-0.000753743452380952,-0.00017745833333333283,-0.0008346226190476188,-0.0001214988095238106,-0.0009526595238095234,-5.011726190476115e-05,59,0,109,0.35119047619047616,0.0,0.6488095238095238,-0.4966379905031726,0.00014114383798112973,4.4911623303502706e-08,sign_test=ok; wilcoxon=ok
remove_speed_from_b_e2,scaffold_pruning,b_e2,f2_grad_levelset_e2,exceed_abs_p90,threshold_geometry,lower_is_better,168,0.002791642857142861,0.0038472142857142906,0.0010555714285714292,0.0011880000000000085,-0.0010555714285714292,-0.0011880000000000085,0.0015647901298755798,0.00012072617951370942,-0.0012926964285714293,-0.0008172839285714288,-0.0015896928571428584,-0.0005075922619047617,-0.0017773255952380957,-0.000338660714285715,-0.001954359523809524,-0.00016434940476190414,44,0,124,0.2619047619047619,0.0,0.7380952380952381,-0.6745769981661119,5.160780146238432e-10,1.6452779268260611e-13,sign_test=ok; wilcoxon=ok
remove_speed_from_b_e2,scaffold_pruning,b_e2,f2_grad_levelset_e2,comp_curve_l1,threshold_geometry,lower_is_better,168,88.00595238095238,83.07837301587303,-4.927579365079365,-4.5,4.927579365079365,4.5,4.574061202972734,0.35289648327516443,4.245039682539682,5.631994047619046,3.7033730158730163,6.225198412698411,3.4543402777777774,6.375124007936506,3.2369543650793653,6.336309523809523,146,2,20,0.8690476190476191,0.011904761904761904,0.11904761904761904,1.0772875889541826,7.784477083207842e-25,8.438673004268073e-24,sign_test=ok; wilcoxon=ok
remove_speed_from_b_e2,scaffold_pruning,b_e2,f2_grad_levelset_e2,comp_abs_t5,threshold_geometry,lower_is_better,168,56.166666666666664,53.17261904761905,-2.994047619047619,-2.0,2.994047619047619,2.0,4.887350192272953,0.3770672535527953,2.255952380952381,3.744047619047619,2.0,4.029761904761905,1.8273809523809523,4.160714285714286,1.630952380952381,4.357142857142857,121,11,36,0.7202380952380952,0.06547619047619048,0.21428571428571427,0.6126116405125416,6.014007707837337e-12,5.581227704066141e-13,sign_test=ok; wilcoxon=ok
remove_speed_from_b_e2,scaffold_pruning,b_e2,f2_grad_levelset_e2,comp_abs_t10,threshold_geometry,lower_is_better,168,167.58928571428572,158.20238095238096,-9.386904761904763,-8.0,9.386904761904763,8.0,10.02865690032361,0.7737276776701909,7.863095238095238,10.904761904761905,7.023809523809524,12.011904761904763,6.684523809523809,12.410714285714286,6.494047619047619,12.83943452380952,141,6,21,0.8392857142857143,0.03571428571428571,0.125,0.9360081669163357,5.082822286996561e-23,4.359562466825163e-22,sign_test=ok; wilcoxon=ok
remove_speed_from_b_e2,scaffold_pruning,b_e2,f2_grad_levelset_e2,comp_abs_t15,threshold_geometry,lower_is_better,168,77.4702380952381,71.9047619047619,-5.565476190476191,-4.0,5.565476190476191,4.0,10.99680948882727,0.8484222715104835,3.9464285714285716,7.291666666666667,3.011904761904762,8.422767857142855,2.464136904761905,8.952380952380953,1.7380952380952381,9.381101190476189,115,7,46,0.6845238095238095,0.041666666666666664,0.27380952380952384,0.5060991732311723,5.283208926292809e-08,3.2947195635105547e-10,sign_test=ok; wilcoxon=ok
remove_speed_from_b_e2,scaffold_pruning,b_e2,f2_grad_levelset_e2,pd_distance,topology_pd,lower_is_better,168,23.98758167822224,23.748107956316563,-0.239473721905679,-0.23048499167480507,0.239473721905679,0.23048499167480507,0.19543702379716854,0.01507829373926209,0.2097700982795579,0.26853184111479933,0.19015495342358307,0.2882436834105155,0.1824639281950029,0.29625271148193216,0.18020132573092706,0.2999004656579752,155,0,13,0.9226190476190477,0.0,0.07738095238095238,1.225324236180619,4.93623121705354e-32,3.159498003792072e-25,sign_test=ok; wilcoxon=ok
remove_speed_from_b_e2,scaffold_pruning,b_e2,f2_grad_levelset_e2,mt_distance,topology_mt,lower_is_better,168,5.677425131911323,5.674229775156293,-0.0031953567550295874,-0.025600671768188477,0.0031953567550295874,0.025600671768188477,0.38467311805692594,0.02967817537827347,-0.05734532376130422,0.059290628135204276,-0.05355842482476007,0.056773019759427924,-0.048282636134397414,0.05213853525263922,-0.03273726134073166,0.04249160105273835,92,0,76,0.5476190476190477,0.0,0.4523809523809524,0.008306680672593091,0.247081971798657,0.2723992721360533,sign_test=ok; wilcoxon=ok
remove_speed_levelset_from_b_e2,scaffold_pruning,b_e2,f1_grad_e2,psnruv,vector_uv,higher_is_better,168,32.68894034404412,32.49494049551153,-0.19399984853258362,-0.19413218243419372,-0.19399984853258362,-0.19413218243419372,0.03502383198721046,0.002702147302068022,-0.19947741758288626,-0.18880979727070685,-0.20600633929678397,-0.18248017294722169,-0.20944939264632312,-0.1783302550227965,-0.21335081854572369,-0.1740674059276579,0,0,168,0.0,0.0,1.0,-5.5390811777370885,5.345529420184391e-51,2.546826342812208e-29,sign_test=ok; wilcoxon=ok
remove_speed_levelset_from_b_e2,scaffold_pruning,b_e2,f1_grad_e2,ssim_speed,scalar_speed,higher_is_better,0,,,,,,,,,,,,,,,,,0,0,0,,,,,,,no_valid_pairs
remove_speed_levelset_from_b_e2,scaffold_pruning,b_e2,f1_grad_e2,speed_mae,scalar_speed,lower_is_better,168,0.5684218234352497,0.5899138082189178,0.021491984783668122,0.02171522017851646,-0.021491984783668122,-0.02171522017851646,0.004104005084728155,0.00031663086641750657,-0.022125121163796294,-0.02089263509078637,-0.022910920376137213,-0.020057992253882523,-0.023220019560237382,-0.019701821807837673,-0.023590833219461184,-0.019412515148370106,0,0,168,0.0,0.0,1.0,-5.23683190930835,5.345529420184391e-51,2.546826342812208e-29,sign_test=ok; wilcoxon=ok
remove_speed_levelset_from_b_e2,scaffold_pruning,b_e2,f1_grad_e2,speed_rmse,scalar_speed,lower_is_better,168,0.9629228498438168,0.989075208141753,0.026152358297936072,0.02632136172733779,-0.026152358297936072,-0.02632136172733779,0.004669990843184773,0.00036029761569785233,-0.02687495777576445,-0.02546126762873864,-0.02772201485650209,-0.024569539330804812,-0.027969244543423144,-0.02433524979927462,-0.02814980709304733,-0.02417339851623369,0,0,168,0.0,0.0,1.0,-5.600087703833926,5.345529420184391e-51,2.546826342812208e-29,sign_test=ok; wilcoxon=ok
remove_speed_levelset_from_b_e2,scaffold_pruning,b_e2,f1_grad_e2,wpd_mae,wind_power_distribution,lower_is_better,168,183.41701014952937,190.68965408431572,7.2726439347863545,6.866630606950807,-7.2726439347863545,-6.866630606950807,4.158106311439583,0.3208048666768225,-7.915862975392845,-6.6703142805382285,-8.83512757951368,-5.816881713430711,-9.285729951159439,-5.3283546882111175,-9.770237057850448,-4.869228990599862,0,0,168,0.0,0.0,1.0,-1.7490278963715298,5.345529420184391e-51,2.546826342812208e-29,sign_test=ok; wilcoxon=ok
remove_speed_levelset_from_b_e2,scaffold_pruning,b_e2,f1_grad_e2,wpd_w1,wind_power_distribution,lower_is_better,168,16.08684255251199,24.732185186891716,8.645342634379723,5.438763584522204,-8.645342634379723,-5.438763584522204,10.581936263785346,0.8164141072937108,-10.310573006957556,-7.094157207850703,-12.532757792037078,-5.061230496868405,-13.837917952214022,-4.153473687018796,-14.968398808752376,-3.428204981958761,29,0,139,0.17261904761904762,0.0,0.8273809523809523,-0.8169906167330412,1.997715174343611e-18,1.8118490825672904e-21,sign_test=ok; wilcoxon=ok
remove_speed_levelset_from_b_e2,scaffold_pruning,b_e2,f1_grad_e2,wpd_bias_abs,wind_power_distribution,lower_is_better,168,12.68513175597048,22.63772008169994,9.952588325729463,7.784676790309675,-9.952588325729463,-7.784676790309675,11.620152349131963,0.8965142172704669,-11.737112675241402,-8.210602807771096,-14.172322909125413,-5.874388257705003,-15.530677381974845,-4.778445745727959,-16.853607677814328,-3.803042463129312,34,0,134,0.20238095238095238,0.0,0.7976190476190477,-0.8564937899865772,3.055330456382589e-15,4.946016962471933e-19,sign_test=ok; wilcoxon=ok
remove_speed_levelset_from_b_e2,scaffold_pruning,b_e2,f1_grad_e2,grad_mae,gradient_distribution,lower_is_better,168,0.3120032967125003,0.31253494510834556,0.0005316483958451898,0.0003972015706884824,-0.0005316483958451898,-0.0003972015706884824,0.001033382277456375,7.972717360148729e-05,-0.0006925275094510408,-0.00037954236642246487,-0.0008774036389096592,-0.00020711617926497954,-0.0009665437822368922,-0.00011797854747550407,-0.0010649967143805431,-2.24832782141326e-05,60,0,108,0.35714285714285715,0.0,0.6428571428571429,-0.5144740793831097,0.0002636516495278558,3.7884386986431106e-08,sign_test=ok; wilcoxon=ok
remove_speed_levelset_from_b_e2,scaffold_pruning,b_e2,f1_grad_e2,grad_w1,gradient_distribution,lower_is_better,168,0.15426182485335077,0.13811306553305527,-0.01614875932029552,-0.014905387662890617,0.01614875932029552,0.014905387662890617,0.004304310584320841,0.00033208477121899753,0.015505608279175359,0.01683387453781664,0.014724220751976132,0.017684885483690706,0.014461893555706757,0.01798308710551157,0.014349139629174376,0.01790424241732387,168,0,0,1.0,0.0,0.0,3.7517644240450565,5.345529420184391e-51,2.546826342812208e-29,sign_test=ok; wilcoxon=ok
remove_speed_levelset_from_b_e2,scaffold_pruning,b_e2,f1_grad_e2,grad_kurtosis_abs_delta,gradient_distribution,lower_is_better,168,2.9747054279552594,3.2600759938201143,0.28537056586485465,0.6506325627088279,-0.28537056586485465,-0.6506325627088279,1.3707546278486298,0.10575601552654208,-0.4913049018507347,-0.0764966799534442,-0.7088849043828647,0.16092914808896538,-0.8259952352125528,0.287695239155645,-0.922609080946803,0.4163217857623109,50,0,118,0.2976190476190476,0.0,0.7023809523809523,-0.20818500996982786,1.6123871117942558e-07,0.0179738953432925,sign_test=ok; wilcoxon=ok
remove_speed_levelset_from_b_e2,scaffold_pruning,b_e2,f1_grad_e2,psd_log_l2,frequency_domain,lower_is_better,168,0.8508610050202418,0.8146748449514062,-0.03618616006883576,-0.034662895703003904,0.03618616006883576,0.034662895703003904,0.012340817181179754,0.0009521147161628881,0.03433337781831202,0.03803496636437537,0.032490134863500775,0.040015166397901154,0.032003303453074596,0.04045313651858403,0.03221582632496243,0.04019642789935665,168,0,0,1.0,0.0,0.0,2.9322337036173844,5.345529420184391e-51,2.546826342812208e-29,sign_test=ok; wilcoxon=ok
remove_speed_levelset_from_b_e2,scaffold_pruning,b_e2,f1_grad_e2,psd_slope_abs_delta,frequency_domain,lower_is_better,168,1.202895420433148,1.1385358943732427,-0.06435952605990501,-0.03127997511302105,0.06435952605990501,0.03127997511302105,0.09088036361756253,0.007011572275981458,0.05095941329478747,0.07835170083162168,0.03326149225644646,0.09745908956271769,0.0255263708363715,0.10921491343733546,0.019693533200015264,0.11928726836271494,132,0,36,0.7857142857142857,0.0,0.21428571428571427,0.7081785712339249,4.430292479224891e-14,1.629975690826281e-17,sign_test=ok; wilcoxon=ok
remove_speed_levelset_from_b_e2,scaffold_pruning,b_e2,f1_grad_e2,exceed_abs_t5,threshold_geometry,lower_is_better,168,0.0020346666666666716,0.002536261904761906,0.0005015952380952348,0.00045600000000001195,-0.0005015952380952348,-0.00045600000000001195,0.001988736096201929,0.00015343432091724534,-0.0008015482142857129,-0.00020402261904761066,-0.0010632470238095236,6.491071428572013e-05,-0.0011009607142857126,5.831904761905866e-05,-0.0009867910714285698,-2.489285714285054e-05,74,0,94,0.44047619047619047,0.0,0.5595238095238095,-0.2522180992506633,0.14245334559436543,0.0017413934984728523,sign_test=ok; wilcoxon=ok
remove_speed_levelset_from_b_e2,scaffold_pruning,b_e2,f1_grad_e2,exceed_abs_t10,threshold_geometry,lower_is_better,168,0.0026371190476190496,0.005151904761904762,0.0025147857142857125,0.0022459999999999702,-0.0025147857142857125,-0.0022459999999999702,0.0028493212557515074,0.000219829907440326,-0.002952552976190479,-0.002084236309523804,-0.003478078571428575,-0.0015575624999999993,-0.0037843696428571426,-0.0012716124999999968,-0.0041261369047619085,-0.0009157791666666562,42,1,125,0.25,0.005952380952380952,0.7440476190476191,-0.8825911466492179,9.048109104935021e-11,1.7875172158027276e-17,sign_test=ok; wilcoxon=ok
remove_speed_levelset_from_b_e2,scaffold_pruning,b_e2,f1_grad_e2,exceed_abs_t15,threshold_geometry,lower_is_better,168,0.0018069047619047615,0.0026730714285714287,0.0008661666666666676,0.0003439999999999832,-0.0008661666666666676,-0.0003439999999999832,0.001316019245562396,0.00010153308910243128,-0.0010724357142857153,-0.0006733559523809542,-0.0013122875000000011,-0.00044459464285714326,-0.0014505267857142876,-0.0003516500000000024,-0.0016208726190476209,-0.00025802261904761954,51,0,117,0.30357142857142855,0.0,0.6964285714285714,-0.6581717323567822,3.805234520289097e-07,3.0429133432805586e-13,sign_test=ok; wilcoxon=ok
remove_speed_levelset_from_b_e2,scaffold_pruning,b_e2,f1_grad_e2,exceed_abs_p90,threshold_geometry,lower_is_better,168,0.002791642857142861,0.004664357142857148,0.001872714285714287,0.002014000000000002,-0.001872714285714287,-0.002014000000000002,0.002188563472592731,0.00016885133771286367,-0.0022050035714285734,-0.0015371172619047637,-0.0026296875000000022,-0.001108839880952382,-0.0028877857142857156,-0.0008838577380952392,-0.0031176291666666694,-0.0006250285714285733,29,0,139,0.17261904761904762,0.0,0.8273809523809523,-0.8556819617827824,1.997715174343611e-18,2.2814924549755866e-18,sign_test=ok; wilcoxon=ok
remove_speed_levelset_from_b_e2,scaffold_pruning,b_e2,f1_grad_e2,comp_curve_l1,threshold_geometry,lower_is_better,168,88.00595238095238,81.18154761904762,-6.824404761904762,-6.833333333333332,6.824404761904762,6.833333333333332,5.009978696207291,0.3865282480317493,6.065451388888889,7.58234126984127,5.519816468253967,8.202405753968254,5.38390376984127,8.403769841269842,5.423611111111111,8.286830357142858,159,0,9,0.9464285714285714,0.0,0.05357142857142857,1.3621624313634402,1.337530310651348e-36,7.721230762222104e-27,sign_test=ok; wilcoxon=ok
remove_speed_levelset_from_b_e2,scaffold_pruning,b_e2,f1_grad_e2,comp_abs_t5,threshold_geometry,lower_is_better,168,56.166666666666664,50.726190476190474,-5.440476190476191,-3.0,5.440476190476191,3.0,7.22578747004809,0.5574816063712645,4.363095238095238,6.535714285714286,3.6010416666666667,7.398809523809524,3.125,7.910714285714286,2.761904761904762,8.291815476190473,124,14,30,0.7380952380952381,0.08333333333333333,0.17857142857142858,0.7529250220862063,8.877470503690156e-15,3.821594241823389e-18,sign_test=ok; wilcoxon=ok
remove_speed_levelset_from_b_e2,scaffold_pruning,b_e2,f1_grad_e2,comp_abs_t10,threshold_geometry,lower_is_better,168,167.58928571428572,150.74404761904762,-16.845238095238095,-15.0,16.845238095238095,15.0,11.58927239620806,0.8941317771790518,15.101190476190476,18.601190476190474,13.976190476190476,19.773809523809526,13.845089285714286,19.898809523809526,14.261755952380954,19.583333333333332,156,5,7,0.9285714285714286,0.02976190476190476,0.041666666666666664,1.453519903522999,9.527582786174666e-38,1.4552655499567459e-27,sign_test=ok; wilcoxon=ok
remove_speed_levelset_from_b_e2,scaffold_pruning,b_e2,f1_grad_e2,comp_abs_t15,threshold_geometry,lower_is_better,168,77.4702380952381,71.92857142857143,-5.541666666666667,-3.0,5.541666666666667,3.0,12.649514992319594,0.9759312693553093,3.636904761904762,7.500148809523807,2.3808035714285714,9.160863095238094,1.7261904761904763,9.779910714285712,1.0058035714285716,10.196577380952379,103,11,54,0.6130952380952381,0.06547619047619048,0.32142857142857145,0.43809321306242976,0.00011356958374471624,2.698270725190938e-07,sign_test=ok; wilcoxon=ok
remove_speed_levelset_from_b_e2,scaffold_pruning,b_e2,f1_grad_e2,pd_distance,topology_pd,lower_is_better,168,23.98758167822224,23.838249287609397,-0.14933239061284395,-0.13282194581528728,0.14933239061284395,0.13282194581528728,0.25688304569266907,0.01981895724942198,0.11054395219330569,0.18840964039490712,0.07375074261545873,0.22645184258002946,0.05290763423703723,0.2487996724410996,0.040533324781443426,0.2647205523135609,116,0,52,0.6904761904761905,0.0,0.30952380952380953,0.5813244319420867,8.73914118940249e-07,8.477082868566732e-11,sign_test=ok; wilcoxon=ok
remove_speed_levelset_from_b_e2,scaffold_pruning,b_e2,f1_grad_e2,mt_distance,topology_mt,lower_is_better,168,5.677425131911323,5.656570005984533,-0.020855125926789782,-0.04148244857788086,0.020855125926789782,0.04148244857788086,0.39290684984515484,0.030313421577080012,-0.0392790770246869,0.08026869190590721,-0.04811210823910577,0.08454415656271434,-0.04579049668141774,0.08206953959805623,-0.029646948760464076,0.07163726879017693,98,0,70,0.5833333333333334,0.0,0.4166666666666667,0.05307905915870089,0.03692680427705723,0.18760464569262447,sign_test=ok; wilcoxon=ok
remove_speed_levelset_from_c,scaffold_pruning,candidate_c,f3_grad_crit,psnruv,vector_uv,higher_is_better,168,33.48066855580409,33.30415748036944,-0.176511075434655,-0.1643915468464705,-0.176511075434655,-0.1643915468464705,0.04426107167594185,0.0034148158162550443,-0.1830338187375846,-0.1697348645819899,-0.19226096485418992,-0.16084018694350746,-0.19728274278458607,-0.15602633729127172,-0.20371291582322956,-0.15186142287108748,0,0,168,0.0,0.0,1.0,-3.9879530420542837,5.345529420184391e-51,2.546826342812208e-29,sign_test=ok; wilcoxon=ok
remove_speed_levelset_from_c,scaffold_pruning,candidate_c,f3_grad_crit,ssim_speed,scalar_speed,higher_is_better,0,,,,,,,,,,,,,,,,,0,0,0,,,,,,,no_valid_pairs
remove_speed_levelset_from_c,scaffold_pruning,candidate_c,f3_grad_crit,speed_mae,scalar_speed,lower_is_better,168,0.514673630980392,0.5325824956996198,0.01790886471922771,0.01765546578846,-0.01790886471922771,-0.01765546578846,0.00530249288938245,0.0004090962079909421,-0.018712115526125405,-0.017113514497315345,-0.019788968511576698,-0.015997243270292325,-0.020347154982796323,-0.015407364198244716,-0.020958097758472655,-0.014968177742433067,0,0,168,0.0,0.0,1.0,-3.3774424771201246,5.345529420184391e-51,2.546826342812208e-29,sign_test=ok; wilcoxon=ok
remove_speed_levelset_from_c,scaffold_pruning,candidate_c,f3_grad_crit,speed_rmse,scalar_speed,lower_is_better,168,0.8796379856523427,0.902555409298848,0.022917423646505414,0.02283214554656232,-0.022917423646505414,-0.02283214554656232,0.00701531319650626,0.0005412431636270935,-0.02397244560397521,-0.021882088489775586,-0.025388326831850886,-0.020426255594000114,-0.026038361565191646,-0.019840635574982245,-0.026702081479106937,-0.01930166581328506,0,0,168,0.0,0.0,1.0,-3.2667712765723227,5.345529420184391e-51,2.546826342812208e-29,sign_test=ok; wilcoxon=ok
remove_speed_levelset_from_c,scaffold_pruning,candidate_c,f3_grad_crit,wpd_mae,wind_power_distribution,lower_is_better,168,165.94468049775796,174.19762658177618,8.252946084018205,7.946374964474444,-8.252946084018205,-7.946374964474444,4.557699692781309,0.35163416535867653,-8.951370152932737,-7.576948079854454,-9.915839046356881,-6.640019094859569,-10.39682336855197,-6.132163777819942,-10.860508996600846,-5.725111704787028,0,0,168,0.0,0.0,1.0,-1.8107700463656249,5.345529420184391e-51,2.546826342812208e-29,sign_test=ok; wilcoxon=ok
remove_speed_levelset_from_c,scaffold_pruning,candidate_c,f3_grad_crit,wpd_w1,wind_power_distribution,lower_is_better,168,16.154361978800274,32.02049600677772,15.866134027977445,7.376022188625779,-15.866134027977445,-7.376022188625779,16.9924097026011,1.310992870519852,-18.4422767858403,-13.326645876084894,-21.971057582796295,-9.905904133329642,-24.079176199731716,-8.105271133282946,-25.70051429099249,-6.717459097373704,37,0,131,0.22023809523809523,0.0,0.7797619047619048,-0.9337188960050056,1.6011017989547444e-13,8.129516974722715e-20,sign_test=ok; wilcoxon=ok
remove_speed_levelset_from_c,scaffold_pruning,candidate_c,f3_grad_crit,wpd_bias_abs,wind_power_distribution,lower_is_better,168,7.985822841162225,28.3295402046012,20.34371736343898,13.731944264607979,-20.34371736343898,-13.731944264607979,18.908923055711984,1.4588550858358973,-23.170597151672492,-17.524983864805133,-27.082347356972782,-13.56624217791445,-29.0589181567314,-11.758077835662144,-30.976229880891367,-10.010514584771348,20,0,148,0.11904761904761904,0.0,0.8809523809523809,-1.075879218689484,2.5044824569704483e-25,3.247113142690949e-24,sign_test=ok; wilcoxon=ok
remove_speed_levelset_from_c,scaffold_pruning,candidate_c,f3_grad_crit,grad_mae,gradient_distribution,lower_is_better,168,0.31045584063453674,0.3087046960864664,-0.0017511445480703604,-0.0017674450717196921,0.0017511445480703604,0.0017674450717196921,0.0015998944755426772,0.00012343453858103961,0.0015005071847046826,0.0019849371477807724,0.0011845063255711491,0.0022950472027813986,0.0009889807739459028,0.0024769784775335183,0.0007529250758811039,0.0027142545763243955,141,0,27,0.8392857142857143,0.0,0.16071428571428573,1.0945375303432934,8.048176348197814e-20,2.1961584663925396e-22,sign_test=ok; wilcoxon=ok
remove_speed_levelset_from_c,scaffold_pruning,candidate_c,f3_grad_crit,grad_w1,gradient_distribution,lower_is_better,168,0.1941583086077908,0.17549853654913208,-0.01865977205865869,-0.018711541821753122,0.01865977205865869,0.018711541821753122,0.005538726623193025,0.00042732203624145444,0.01782593558855755,0.01948642079687541,0.016685338630518142,0.020533134007195666,0.016170526486528235,0.02096677913870608,0.0158320971181388,0.0210420981185054,168,0,0,1.0,0.0,0.0,3.3689642634684693,5.345529420184391e-51,2.546826342812208e-29,sign_test=ok; wilcoxon=ok
remove_speed_levelset_from_c,scaffold_pruning,candidate_c,f3_grad_crit,grad_kurtosis_abs_delta,gradient_distribution,lower_is_better,168,3.2762048237107586,2.5255854243148987,-0.7506193993958594,-1.008046619377204,0.7506193993958594,1.008046619377204,1.269563176576122,0.09794892556710522,0.5557901813972519,0.9403852157561067,0.42415483883952065,1.0673479790355163,0.43165553259587197,1.0629356336710793,0.41848727476368996,1.0814618588731022,124,0,44,0.7380952380952381,0.0,0.2619047619047619,0.5912422581601656,5.160780146238432e-10,1.8420147778345176e-13,sign_test=ok; wilcoxon=ok
remove_speed_levelset_from_c,scaffold_pruning,candidate_c,f3_grad_crit,psd_log_l2,frequency_domain,lower_is_better,168,0.9527179364237268,0.9028608380619151,-0.04985709836181187,-0.04487592532542645,0.04985709836181187,0.04487592532542645,0.033725268362355364,0.002601960943340993,0.04486817450974165,0.055104618339884594,0.040746836254381205,0.06017513355779387,0.04089434632113311,0.06058682579111587,0.04131892158924781,0.059849142359294914,162,0,6,0.9642857142857143,0.0,0.03571428571428571,1.4783306637068332,1.583025776075848e-40,3.5273619717818544e-28,sign_test=ok; wilcoxon=ok
remove_speed_levelset_from_c,scaffold_pruning,candidate_c,f3_grad_crit,psd_slope_abs_delta,frequency_domain,lower_is_better,168,1.2718841266117669,1.6221370882671498,0.3502529616553829,0.34193735492696575,-0.3502529616553829,-0.34193735492696575,0.19507769987693552,0.015050571296955357,-0.3809348042267261,-0.32160491956990117,-0.4234086571585034,-0.28526250433173383,-0.43986022136222636,-0.2676723124878575,-0.4571000675455998,-0.2469171369421453,0,0,168,0.0,0.0,1.0,-1.7954536160531904,5.345529420184391e-51,2.546826342812208e-29,sign_test=ok; wilcoxon=ok
remove_speed_levelset_from_c,scaffold_pruning,candidate_c,f3_grad_crit,exceed_abs_t5,threshold_geometry,lower_is_better,168,0.005546261904761905,0.006268999999999999,0.0007227380952380944,0.00046200000000001795,-0.0007227380952380944,-0.00046200000000001795,0.0013632952076533947,0.00010518050876409226,-0.0009351053571428524,-0.000520547023809521,-0.00121278869047619,-0.0002709958333333415,-0.0013432160714285705,-0.00015966071428571356,-0.0015022190476190486,-3.532559523809556e-05,56,0,112,0.3333333333333333,0.0,0.6666666666666666,-0.5301405676340087,1.8638787920586882e-05,2.4777607283142825e-09,sign_test=ok; wilcoxon=ok
remove_speed_levelset_from_c,scaffold_pruning,candidate_c,f3_grad_crit,exceed_abs_t10,threshold_geometry,lower_is_better,168,0.003575166666666665,0.0086315,0.0050563333333333346,0.003984000000000043,-0.0050563333333333346,-0.003984000000000043,0.004825399791282434,0.0003722876763506293,-0.005780016071428573,-0.004327644642857143,-0.006690905357142854,-0.0034645666666666647,-0.007135463095238095,-0.003069354761904767,-0.0076342374999999974,-0.002613561904761906,22,0,146,0.13095238095238096,0.0,0.8690476190476191,-1.04785790857539,1.200491784430071e-23,9.735365196226253e-24,sign_test=ok; wilcoxon=ok
remove_speed_levelset_from_c,scaffold_pruning,candidate_c,f3_grad_crit,exceed_abs_t15,threshold_geometry,lower_is_better,168,0.0015469999999999998,0.0032577619047619044,0.0017107619047619048,0.0005099999999999931,-0.0017107619047619048,-0.0005099999999999931,0.003039909357374827,0.00023453409871202293,-0.002167884523809524,-0.001256191666666665,-0.002772782142857143,-0.0006754488095238078,-0.0031475357142857125,-0.0003528208333333332,-0.003477305952380952,-4.620952380952367e-05,69,0,99,0.4107142857142857,0.0,0.5892857142857143,-0.5627674064069024,0.024968665281135283,5.788440174254228e-08,sign_test=ok; wilcoxon=ok
remove_speed_levelset_from_c,scaffold_pruning,candidate_c,f3_grad_crit,exceed_abs_p90,threshold_geometry,lower_is_better,168,0.0022987857142857154,0.004575738095238093,0.002276952380952377,0.0023059999999999956,-0.002276952380952377,-0.0023059999999999956,0.004108378871988644,0.00031696831143066407,-0.002881549999999997,-0.0016567613095238049,-0.0036474154761904714,-0.000842239285714285,-0.0040473809523809455,-0.0003270660714285671,-0.0043320827380952335,-9.994821428571077e-05,45,0,123,0.26785714285714285,0.0,0.7321428571428571,-0.5542216168223617,1.4454317999387109e-09,8.300177721880112e-11,sign_test=ok; wilcoxon=ok
remove_speed_levelset_from_c,scaffold_pruning,candidate_c,f3_grad_crit,comp_curve_l1,threshold_geometry,lower_is_better,168,112.70138888888889,96.75099206349206,-15.950396825396828,-15.333333333333329,15.950396825396828,15.333333333333329,8.454519228426623,0.6522803196325743,14.716245039682539,17.260912698412696,13.354141865079365,18.794742063492063,12.830257936507936,19.31550099206349,12.478125000000002,19.082465277777775,168,0,0,1.0,0.0,0.0,1.8866119284189244,5.345529420184391e-51,2.544488271194414e-29,sign_test=ok; wilcoxon=ok
remove_speed_levelset_from_c,scaffold_pruning,candidate_c,f3_grad_crit,comp_abs_t5,threshold_geometry,lower_is_better,168,61.904761904761905,57.17261904761905,-4.732142857142857,-3.0,4.732142857142857,3.0,6.132736555251361,0.47315089745513234,3.8452380952380953,5.684523809523809,3.1011904761904763,6.5715773809523785,2.6666666666666665,7.143005952380951,2.142857142857143,7.565476190476191,124,18,26,0.7380952380952381,0.10714285714285714,0.15476190476190477,0.7716201102900468,1.6591295608043992e-16,3.900756683589543e-19,sign_test=ok; wilcoxon=ok
remove_speed_levelset_from_c,scaffold_pruning,candidate_c,f3_grad_crit,comp_abs_t10,threshold_geometry,lower_is_better,168,200.0,179.16666666666666,-20.833333333333332,-16.0,20.833333333333332,16.0,21.70147671971581,1.6743052784882495,17.636904761904763,24.20252976190476,14.273511904761905,28.107291666666665,12.791369047619048,29.863244047619045,11.713392857142857,31.041815476190475,146,2,20,0.8690476190476191,0.011904761904761904,0.11904761904761904,0.9599961146610005,7.784477083207842e-25,1.9663519367042198e-23,sign_test=ok; wilcoxon=ok
remove_speed_levelset_from_c,scaffold_pruning,candidate_c,f3_grad_crit,comp_abs_t15,threshold_geometry,lower_is_better,168,105.80952380952381,86.14285714285714,-19.666666666666668,-16.5,19.666666666666668,16.5,17.381477741063154,1.3410101213687893,17.095238095238095,22.404761904761905,14.267857142857142,25.458630952380947,13.095089285714286,26.51800595238095,12.666220238095239,26.422619047619047,153,7,8,0.9107142857142857,0.041666666666666664,0.047619047619047616,1.131472649198568,6.769507367528149e-36,7.398559510669226e-27,sign_test=ok; wilcoxon=ok
remove_speed_levelset_from_c,scaffold_pruning,candidate_c,f3_grad_crit,pd_distance,topology_pd,lower_is_better,168,22.494387345643272,22.01788444732944,-0.476502898313833,-0.4033836371575248,0.476502898313833,0.4033836371575248,0.4629849582301008,0.03572006501848187,0.4076569844585601,0.549192648898792,0.33134660681896283,0.6394374341607076,0.2982410104801306,0.6716902063649581,0.27708422923506104,0.7042038095274428,154,0,14,0.9166666666666666,0.0,0.08333333333333333,1.029197363420636,5.506680125892977e-31,4.547924082389108e-25,sign_test=ok; wilcoxon=ok
remove_speed_levelset_from_c,scaffold_pruning,candidate_c,f3_grad_crit,mt_distance,topology_mt,lower_is_better,168,6.080286664622171,5.984007384095873,-0.09627928052629743,-0.05625319480895996,0.09627928052629743,0.05625319480895996,0.3610846854578067,0.027858288293073914,0.04187501413481576,0.15087288270394006,0.035996391588733315,0.15832556102957043,0.0348633674638612,0.15937060507990064,0.0373265952581451,0.1573531232419468,98,0,70,0.5833333333333334,0.0,0.4166666666666667,0.2666390583810783,0.03692680427705723,0.0016320194478644215,sign_test=ok; wilcoxon=ok
