sample_idx,method_a,method_b,delta_sample_idx,delta_psnr,delta_wpd_bias,delta_wpd_mae,delta_wpd_rmse,delta_wpd_w1,delta_psd_log_l2,delta_psd_slope_gt,delta_psd_slope_sr,delta_psd_slope_delta,delta_psd_slope_abs_delta,delta_grad_mae,delta_grad_w1,delta_grad_kurtosis_gt,delta_grad_kurtosis_sr,delta_grad_kurtosis_delta,delta_grad_kurtosis_abs_delta,delta_exceed_frac_gt_t5,delta_exceed_frac_sr_t5,delta_exceed_frac_delta_t5,delta_exceed_frac_abs_delta_t5,delta_exceed_frac_gt_t10,delta_exceed_frac_sr_t10,delta_exceed_frac_delta_t10,delta_exceed_frac_abs_delta_t10,delta_exceed_frac_gt_t15,delta_exceed_frac_sr_t15,delta_exceed_frac_delta_t15,delta_exceed_frac_abs_delta_t15,delta_exceed_frac_gt_p90,delta_exceed_frac_sr_p90,delta_exceed_frac_delta_p90,delta_exceed_frac_abs_delta_p90,delta_exceed_frac_gt_p95,delta_exceed_frac_sr_p95,delta_exceed_frac_delta_p95,delta_exceed_frac_abs_delta_p95,delta_exceed_frac_gt_p99,delta_exceed_frac_sr_p99,delta_exceed_frac_delta_p99,delta_exceed_frac_abs_delta_p99,delta_pd_distance,delta_mt_distance
0,cnn,gan,0.0,0.15969665050234738,-79.01058853923455,-38.756162591738985,-212.25860576174773,-2.0136579293256034,0.36103845225988207,0.0,0.47605894978870755,0.47605894978870755,-0.47605894978870755,-0.047517956670561634,0.1468433305089729,0.0,0.2331473091562266,0.2331473091562266,-0.2331473091562266,0.0,-0.011643999999999988,-0.011643999999999988,0.011643999999999988,0.0,-0.011147999999999991,-0.011147999999999991,0.011147999999999991,0.0,-0.0075840000000000005,-0.0075840000000000005,0.0032000000000000015,0.0,-0.00902,-0.00902,0.00902,0.0,-0.007775999999999998,-0.007775999999999998,0.00619200000000001,0.0,-0.004620000000000001,-0.004620000000000001,-0.004620000000000001,3.796689720926416,-6.843816757202148
1,cnn,gan,0.0,0.1621795291340824,-95.51896706709914,-42.94025223327526,-285.27774064685605,-16.50849485357861,0.20015690526591423,0.0,0.5418045689985533,0.5418045689985533,-0.5418045689985533,-0.05277744662500894,0.13708847445524175,0.0,-2.696911971951991,-2.696911971951991,-2.696911971951991,0.0,-0.008608000000000005,-0.008608000000000005,0.008608000000000005,0.0,-0.015195999999999987,-0.015195999999999987,0.015195999999999987,0.0,-0.0077040000000000025,-0.0077040000000000025,0.0017119999999999913,0.0,-0.009360000000000007,-0.009360000000000007,0.009360000000000007,0.0,-0.007656000000000003,-0.007656000000000003,0.003720000000000008,0.0,-0.0045000000000000005,-0.0045000000000000005,-0.0045000000000000005,3.12523219256175,-6.117746829986572
2,cnn,gan,0.0,0.18320201903138056,-111.28341292026289,-48.31268587052273,-368.54253015630957,-24.144813051460062,0.04577889179140904,0.0,0.6896298735238693,0.6896298735238693,-0.6896298735238693,-0.056658789572169466,0.12771117029197546,0.0,-2.425165631080649,-2.425165631080649,-2.425165631080649,0.0,-0.006379999999999997,-0.006379999999999997,0.006379999999999997,0.0,-0.018827999999999984,-0.018827999999999984,0.018827999999999984,0.0,-0.009283999999999994,-0.009283999999999994,-0.0034439999999999957,0.0,-0.010824,-0.010824,0.010824,0.0,-0.008735999999999994,-0.008735999999999994,-0.008735999999999994,0.0,-0.0037680000000000005,-0.0037680000000000005,-0.0037680000000000005,2.3345987502513204,-11.96224594116211
3,cnn,gan,0.0,0.20513524372545788,-145.85200218164908,-78.37138300600338,-407.39661914260705,-65.20848561525372,-0.2109721409074825,0.0,0.3675146128674798,0.3675146128674798,-0.3675146128674798,-0.06242561033638638,0.12076380979864315,0.0,2.629017621731734,2.629017621731734,2.629017621731734,0.0,-0.006511999999999962,-0.006511999999999962,0.006511999999999962,0.0,-0.016951999999999995,-0.016951999999999995,0.016951999999999995,0.0,-0.009824,-0.009824,-0.009824,0.0,-0.010504,-0.010504,0.009559999999999999,0.0,-0.009883999999999997,-0.009883999999999997,-0.009883999999999997,0.0,-0.006224,-0.006224000000000002,-0.006224000000000002,0.6044468126102558,-5.352653503417969
4,cnn,gan,0.0,0.2525158115147015,-191.7991262986843,-123.83826192640652,-618.5892545925892,-112.3460399190642,-0.4344848068967778,0.0,0.07228854349174618,0.07228854349174618,-0.07228854349174618,-0.07912177170205087,0.06570015326414584,0.0,0.6624333724418499,0.6624333724418499,0.6624333724418499,0.0,-0.010676000000000019,-0.010676000000000019,0.010676000000000019,0.0,-0.020572000000000007,-0.020572000000000007,0.020572000000000007,0.0,-0.010692000000000007,-0.010692000000000007,-0.010692000000000007,0.0,-0.012244000000000005,-0.012244000000000005,-0.012244000000000005,0.0,-0.009264000000000008,-0.009264000000000008,-0.009264000000000008,0.0,-0.008920000000000004,-0.008920000000000004,-0.008920000000000004,-2.354678850060907,-14.950996398925781
5,cnn,gan,0.0,0.2492849032749973,-241.28567482358832,-179.69326792611014,-676.7334374996058,-177.10918062841108,-0.38566106223888175,0.0,-0.08924068193150303,-0.08924068193150303,0.08924068193150303,-0.08356984905253262,0.054052421985853666,0.0,3.4638599440972584,3.4638599440972584,3.4638599440972584,0.0,-0.012724000000000013,-0.012724000000000013,0.012724000000000013,0.0,-0.017067999999999972,-0.017067999999999972,0.017067999999999972,0.0,-0.011347999999999997,-0.011347999999999997,-0.011347999999999997,0.0,-0.012160000000000004,-0.012160000000000004,-0.012160000000000004,0.0,-0.009667999999999996,-0.009667999999999996,-0.009667999999999996,0.0,-0.00732,-0.00732,-0.00732,-4.737014178659571,-7.241649627685547
6,cnn,gan,0.0,0.24881678685125763,-274.04194491185524,-211.53143287291573,-738.7856143224876,-222.92895799513508,-0.38866038925846225,0.0,-0.124948730306771,-0.1249487303067709,0.1249487303067709,-0.09243628091683365,-0.012865075944606258,0.0,2.7124754639437114,2.7124754639437114,2.7124754639437114,0.0,-0.015143999999999935,-0.015143999999999935,0.015143999999999935,0.0,-0.014839999999999964,-0.014839999999999964,0.014839999999999964,0.0,-0.015960000000000002,-0.015960000000000002,-0.015960000000000002,0.0,-0.017404000000000003,-0.017404000000000003,-0.017404000000000003,0.0,-0.012759999999999994,-0.012759999999999994,-0.012759999999999994,0.0,-0.01092,-0.01092,-0.01092,-6.280801831800275,-7.563770771026611
7,cnn,gan,0.0,0.2797078095194223,-342.0180172806133,-283.8517857124357,-814.0190065589741,-291.80151470301394,-0.4303683478601855,0.0,-0.026359372823300697,-0.02635937282330092,0.02635937282330092,-0.11394934886906821,-0.07821425132176942,0.0,1.5791597407608329,1.5791597407608329,1.5791597407608329,0.0,-0.016876000000000002,-0.016876000000000002,0.016876000000000002,0.0,-0.01872400000000002,-0.01872400000000002,0.01872400000000002,0.0,-0.02618799999999999,-0.02618799999999999,-0.02618799999999999,0.0,-0.025604000000000016,-0.025604000000000016,-0.025604000000000016,0.0,-0.024596000000000007,-0.024596000000000007,-0.024596000000000007,0.0,-0.010952000000000003,-0.010952000000000003,-0.010952000000000003,-8.387664366848554,-13.706635475158691
8,cnn,gan,0.0,0.288189599146186,-375.8538558468531,-318.99411656932944,-837.1173519408239,-333.14737022016266,-0.4091310654490743,0.0,0.035568877070068394,0.035568877070068394,-0.035568877070068394,-0.12283643753296908,-0.1341843343498719,0.0,4.043749542219707,4.043749542219707,3.2649369502408376,0.0,-0.01701599999999992,-0.01701599999999992,0.01701599999999992,0.0,-0.014544000000000001,-0.014544000000000001,0.014544000000000001,0.0,-0.027280000000000026,-0.027280000000000026,-0.027280000000000026,0.0,-0.027247999999999994,-0.027247999999999994,-0.027247999999999994,0.0,-0.031728000000000006,-0.031728000000000034,-0.031728000000000034,0.0,-0.016591999999999996,-0.016591999999999996,-0.016591999999999996,-9.536728113163669,-10.233268737792969
9,cnn,gan,0.0,0.271633239813319,-383.93638149445314,-337.87052084445986,-801.3635358352185,-344.68834024019725,-0.40612481890075536,0.0,0.018674877460571615,0.018674877460571615,-0.018674877460571615,-0.13650567108932649,-0.16965681477030126,0.0,5.673052182461795,5.673052182461795,5.673052182461795,0.0,-0.01641999999999999,-0.01641999999999999,0.01641999999999999,0.0,-0.017027999999999988,-0.017027999999999988,0.017027999999999988,0.0,-0.021828000000000014,-0.021828000000000014,-0.021828000000000014,0.0,-0.02310000000000001,-0.02310000000000001,-0.02310000000000001,0.0,-0.03242800000000001,-0.03242800000000001,-0.03242800000000001,0.0,-0.025644,-0.025643999999999986,-0.025643999999999986,-7.016634843386939,-6.445265769958496
10,cnn,gan,0.0,0.2856183262710452,-432.5067440984026,-383.53688223753807,-773.3912968340219,-392.95982432869437,-0.4425293841239175,0.0,0.054507258245497514,0.054507258245497514,-0.054507258245497514,-0.13809947660253152,-0.18281511125505026,0.0,5.047896735006699,5.047896735006699,3.8942877310929624,0.0,-0.01259599999999994,-0.01259599999999994,0.01259599999999994,0.0,-0.020764000000000005,-0.020764000000000005,0.017452000000000023,0.0,-0.023443999999999965,-0.023443999999999965,-0.023443999999999965,0.0,-0.02410800000000002,-0.02410800000000002,-0.02410800000000002,0.0,-0.03152400000000005,-0.03152400000000005,-0.03152400000000005,0.0,-0.03501199999999999,-0.03501199999999999,-0.03501199999999999,-6.796116036082864,-4.519826889038086
11,cnn,gan,0.0,0.28764684060285006,-467.0529050884893,-420.58379237498275,-788.2169195296538,-431.65202153155224,-0.4348083552574371,0.0,0.1387989734559063,0.1387989734559063,-0.1387989734559063,-0.13876833808021938,-0.20127459900442832,0.0,4.471196497455892,4.471196497455892,4.471196497455892,0.0,-0.012456000000000023,-0.012456000000000023,0.012456000000000023,0.0,-0.021351999999999927,-0.021351999999999927,-0.01716799999999996,0.0,-0.02298,-0.02298,-0.02298,0.0,-0.021807999999999994,-0.02180800000000005,-0.02180800000000005,0.0,-0.027403999999999984,-0.027403999999999984,-0.027403999999999984,0.0,-0.039799999999999974,-0.039799999999999974,-0.039799999999999974,-6.524148847157072,-5.916238784790039
12,cnn,gan,0.0,0.28328137421412336,-500.38607565026996,-461.25484333429085,-800.9732087286447,-470.0313618196269,-0.43480314256699226,0.0,0.09247354283775444,0.09247354283775455,-0.09247354283775455,-0.14428560831715304,-0.20237501754410164,0.0,1.464053098591961,1.464053098591961,1.464053098591961,0.0,-0.009356000000000031,-0.009356000000000031,0.009356000000000031,0.0,-0.019060000000000077,-0.019060000000000077,-0.019060000000000077,0.0,-0.023396000000000028,-0.023396000000000028,-0.023396000000000028,0.0,-0.022335999999999967,-0.02233599999999991,-0.02233599999999991,0.0,-0.02531599999999995,-0.02531599999999995,-0.02531599999999995,0.0,-0.03717600000000004,-0.03717600000000004,-0.03717600000000004,-4.394534682280451,-6.428981781005859
13,cnn,gan,0.0,0.27806256819853203,-542.5075951302824,-506.838224002312,-802.940778280331,-510.5991515469459,-0.4754773754456805,0.0,0.023198560557241787,0.023198560557241787,-0.023198560557241787,-0.14992569988892418,-0.2260127389853183,0.0,2.6763297485966433,2.6763297485966433,1.3572640843020167,0.0,-0.01324000000000003,-0.01324000000000003,0.01324000000000003,0.0,-0.018332000000000015,-0.018332000000000015,-0.018332000000000015,0.0,-0.025343999999999978,-0.025343999999999978,-0.025343999999999978,0.0,-0.02489600000000003,-0.02489600000000003,-0.02489600000000003,0.0,-0.024036000000000002,-0.024036000000000002,-0.024036000000000002,0.0,-0.03689999999999999,-0.03689999999999999,-0.03689999999999999,-5.609295647934971,-7.944742202758789
14,cnn,gan,0.0,0.25684304446999207,-544.9185996344254,-515.2857623281543,-759.6908141412314,-523.6879588392226,-0.4485454928017252,0.0,-0.07924893979145131,-0.07924893979145109,0.07924893979145109,-0.15771872980389728,-0.23959440568779147,0.0,0.9815107399478489,0.9815107399478489,0.6757154825956011,0.0,-0.011012000000000022,-0.011012000000000022,0.011012000000000022,0.0,-0.02028399999999997,-0.02028399999999997,-0.02028399999999997,0.0,-0.02462399999999998,-0.02462399999999998,-0.02462399999999998,0.0,-0.025695999999999997,-0.025696000000000052,-0.025696000000000052,0.0,-0.029967999999999995,-0.029967999999999995,-0.029967999999999995,0.0,-0.03215600000000002,-0.03215600000000002,-0.03215600000000002,-6.864918483510458,-4.269493103027344
15,cnn,gan,0.0,0.2367248156673014,-534.7015634527816,-508.6559915574635,-710.5691064017101,-531.3812052324629,-0.4561282358847294,0.0,-0.06168643477923497,-0.06168643477923497,0.06168643477923497,-0.1494980217141923,-0.24834171936291846,0.0,2.2163916886231956,2.2163916886231956,0.5690705920923644,0.0,-0.011552000000000007,-0.011552000000000007,-0.0022079999999999878,0.0,-0.020731999999999973,-0.020731999999999973,-0.020731999999999973,0.0,-0.02579600000000004,-0.02579600000000004,-0.02579600000000004,0.0,-0.027063999999999977,-0.027063999999999977,-0.027063999999999977,0.0,-0.02191599999999999,-0.02191599999999999,-0.02191599999999999,0.0,-0.022884000000000015,-0.022884000000000015,-0.022884000000000015,-7.081212837806188,-2.648252487182617
16,cnn,gan,0.0,0.20938800220359965,-518.0779843523487,-489.546581935796,-653.4862377446116,-517.0582321647116,-0.43046673444539896,0.0,-0.0810424179384196,-0.08104241793841971,0.08104241793841971,-0.150020724595876,-0.2563353709016518,0.0,0.7582236910581752,0.7582236910581752,-0.7582236910581752,0.0,-0.010851999999999973,-0.010851999999999973,-0.010851999999999973,0.0,-0.01597599999999999,-0.01597599999999999,-0.01597599999999999,0.0,-0.030268000000000073,-0.030268000000000073,-0.030268000000000073,0.0,-0.022760000000000002,-0.022760000000000002,-0.022760000000000002,0.0,-0.020500000000000018,-0.020500000000000018,-0.020500000000000018,0.0,-0.020452000000000026,-0.020452000000000026,-0.020452000000000026,-8.331158055871995,-5.068929672241211
17,cnn,gan,0.0,0.2019594706144936,-559.7923751547723,-539.061767914528,-718.9061577175653,-559.370003825311,-0.3671151305304883,0.0,-0.03639914343465972,-0.03639914343465955,0.03639914343465955,-0.1395822477796101,-0.22163535255820185,0.0,0.5063523790610773,0.5063523790610773,-0.5063523790610773,0.0,-0.009228000000000014,-0.009228000000000014,-0.009228000000000014,0.0,-0.01489600000000002,-0.01489600000000002,-0.01489600000000002,0.0,-0.027139999999999942,-0.027139999999999942,-0.027139999999999942,0.0,-0.025136000000000047,-0.025136000000000047,-0.025136000000000047,0.0,-0.022596000000000005,-0.022596000000000005,-0.022596000000000005,0.0,-0.01784800000000003,-0.01784800000000003,-0.01784800000000003,-8.31253895131831,-3.502716064453125
18,cnn,gan,0.0,0.20539235072508788,-600.7573672432718,-580.7336087790281,-766.252843908087,-600.3459023489986,-0.3393096060596421,0.0,0.029409954511048164,0.029409954511047998,-0.029409954511047998,-0.12840636026837893,-0.19295307055397226,0.0,2.3670917331181975,2.3670917331181975,-2.3670917331181975,0.0,-0.00656000000000001,-0.00656000000000001,-0.00656000000000001,0.0,-0.01445200000000002,-0.01445200000000002,-0.01445200000000002,0.0,-0.02548399999999995,-0.02548399999999995,-0.02548399999999995,0.0,-0.021916000000000047,-0.021916000000000047,-0.021916000000000047,0.0,-0.020919999999999994,-0.020919999999999994,-0.020919999999999994,0.0,-0.01785199999999998,-0.01785199999999998,-0.01785199999999998,-9.459816686557495,-8.381495952606201
19,cnn,gan,0.0,0.20730201763440803,-677.9680223036157,-651.4819348093351,-839.7519150695207,-677.4752310230524,-0.35095603257278785,0.0,0.04507509657762129,0.04507509657762121,-0.04507509657762121,-0.1365672947887665,-0.20056694773002842,0.0,4.18890317660866,4.18890317660866,-4.18890317660866,0.0,-0.0045319999999999805,-0.0045319999999999805,-0.0045319999999999805,0.0,-0.013880000000000003,-0.013880000000000003,-0.013880000000000003,0.0,-0.020743999999999985,-0.020743999999999985,-0.020743999999999985,0.0,-0.02712399999999998,-0.027123999999999926,-0.027123999999999926,0.0,-0.022467999999999988,-0.022467999999999988,-0.022467999999999988,0.0,-0.014444000000000012,-0.014444000000000012,-0.014444000000000012,-10.943333829232273,-6.230018615722656
20,cnn,gan,0.0,0.20593316974519027,-714.093055794845,-699.9669784844391,-878.6800917655328,-713.9994839453047,-0.3241494100925466,0.0,0.07447034602113639,0.07447034602113645,-0.07447034602113645,-0.12752648690261276,-0.2058014100995629,0.0,-0.8720786351804435,-0.8720786351804435,0.8720786351804435,0.0,-0.0047880000000000145,-0.0047880000000000145,-0.0047880000000000145,0.0,-0.010824000000000056,-0.010824000000000056,-0.010824000000000056,0.0,-0.02665200000000001,-0.02665200000000001,-0.02665200000000001,0.0,-0.021299999999999986,-0.021299999999999986,-0.021299999999999986,0.0,-0.017732000000000026,-0.017732000000000026,-0.017732000000000026,0.0,-0.015888000000000013,-0.015888000000000013,-0.015888000000000013,-10.464251299518732,-8.583622455596924
21,cnn,gan,0.0,0.22922417217735713,-798.244744272969,-773.646462765344,-939.6750365884582,-798.1740840603097,-0.4442875092447136,0.0,0.023173500594002305,0.02317350059400225,-0.02317350059400225,-0.14191684415586847,-0.20835831571722516,0.0,-0.6231193023087673,-0.6231193023087673,0.6231193023087673,0.0,-0.0025079999999999547,-0.0025079999999999547,-0.0025079999999999547,0.0,-0.007291999999999965,-0.007291999999999965,-0.007291999999999965,0.0,-0.05071599999999998,-0.05071599999999998,-0.05071599999999998,0.0,-0.01900799999999997,-0.019008000000000025,-0.019008000000000025,0.0,-0.019556000000000018,-0.019556000000000018,-0.019556000000000018,0.0,-0.01666799999999996,-0.01666799999999996,-0.01666799999999996,-9.774966780938954,-5.274704933166504
22,cnn,gan,0.0,0.2322931633993548,-843.2392492275849,-819.8701604324906,-1033.1762854258868,-842.9349681039603,-0.36082395319333727,0.0,0.08225604820320026,0.0822560482032002,-0.0822560482032002,-0.1122464162825676,-0.1430711722318298,0.0,-0.9091653350501225,-0.9091653350501225,0.9091653350501225,0.0,-0.005875999999999992,-0.005875999999999992,-0.005875999999999992,0.0,-0.013036000000000048,-0.013036000000000048,-0.013036000000000048,0.0,-0.039091999999999905,-0.039091999999999905,-0.039091999999999905,0.0,-0.023660000000000014,-0.023660000000000014,-0.023660000000000014,0.0,-0.023295999999999983,-0.023295999999999983,-0.023295999999999983,0.0,-0.021567999999999976,-0.021567999999999976,-0.021567999999999976,-5.26145201740696,-1.1666693687438965
23,cnn,gan,0.0,0.20633728678874164,-810.3004634222507,-787.0936724478506,-1038.1788782397325,-809.5193001919797,-0.27066941969451197,0.0,0.11197324915084661,0.11197324915084672,-0.11197324915084672,-0.07297987884234852,0.009248643028105047,0.0,-0.42264477164536096,-0.42264477164536096,0.42264477164536096,0.0,-0.0031040000000001067,-0.0031040000000001067,0.0031040000000001067,0.0,-0.017951999999999968,-0.017951999999999968,-0.017951999999999968,0.0,-0.03027600000000008,-0.03027600000000008,-0.03027600000000008,0.0,-0.011772000000000005,-0.011772000000000005,-0.011772000000000005,0.0,-0.014892000000000016,-0.014892000000000016,-0.014892000000000016,0.0,-0.019355999999999984,-0.019355999999999984,-0.019355999999999984,5.54724344274409,1.5419397354125977
24,cnn,gan,0.0,0.19469281070426803,-780.5737299514203,-745.1946999278607,-999.7148891220513,-771.5250860982887,-0.18628224069720856,0.0,0.11473417911749831,0.11473417911749828,-0.11473417911749828,-0.05400201089919132,0.0832409214039796,0.0,-2.3146987138928736,-2.314698713892872,2.314698713892872,0.0,-0.005459999999999909,-0.005459999999999909,0.005459999999999909,0.0,-0.019611999999999963,-0.019611999999999963,-0.019611999999999963,0.0,-0.030232000000000037,-0.030232000000000037,-0.030232000000000037,0.0,-0.010763999999999996,-0.010763999999999996,-0.010763999999999996,0.0,-0.011259999999999992,-0.011259999999999992,-0.011259999999999992,0.0,-0.01794000000000001,-0.01794000000000001,-0.01794000000000001,4.6274325607554445,1.1126928329467773
25,cnn,gan,0.0,0.18295380694436503,-719.3111395094002,-674.2308334856425,-998.1167449574423,-680.2636813465033,-0.09572043031243305,0.0,0.07856874719343532,0.07856874719343532,-0.07856874719343532,-0.04262196259609197,0.1379084423537809,0.0,-3.0831474139063033,-3.0831474139063033,3.0831474139063033,0.0,-0.010564000000000018,-0.010564000000000018,0.010564000000000018,0.0,-0.023511999999999977,-0.023511999999999977,0.023511999999999977,0.0,-0.021807999999999994,-0.021807999999999994,-0.021807999999999994,0.0,-0.009836000000000011,-0.009835999999999956,-0.009835999999999956,0.0,-0.012952000000000019,-0.012952000000000019,-0.012952000000000019,0.0,-0.012288000000000021,-0.012288000000000021,-0.012288000000000021,2.3809223224206235,1.3683137893676758
26,cnn,gan,0.0,0.1914011278913783,-714.4328398720945,-663.4596460510511,-1100.775605904617,-665.042632866347,-0.06681949101913753,0.0,0.09144069827137069,0.09144069827137069,-0.09144069827137069,-0.01472508996044597,0.1694702016121075,0.0,-0.5471926353208971,-0.5471926353208971,0.5471926353208971,0.0,-0.012996000000000008,-0.012996000000000008,0.012996000000000008,0.0,-0.019079999999999986,-0.019079999999999986,0.019079999999999986,0.0,-0.019428,-0.019428,-0.019428,0.0,-0.009104000000000001,-0.009103999999999973,-0.009103999999999973,0.0,-0.008283999999999958,-0.008283999999999958,-0.008283999999999958,0.0,-0.007276000000000005,-0.007276000000000005,-0.007276000000000005,-0.08930855222064338,7.525998115539551
27,cnn,gan,0.0,0.17278515724918364,-628.9427745165813,-577.1902229613961,-1050.4991777159667,-569.4101742913808,-0.02730676383277686,0.0,0.007069865325054159,0.007069865325054048,-0.007069865325054048,-0.013246140338519119,0.19692794028487878,0.0,0.2689298765358501,0.2689298765358501,-0.2689298765358501,0.0,-0.013364000000000043,-0.013364000000000043,0.013364000000000043,0.0,-0.017503999999999964,-0.017503999999999964,0.017503999999999964,0.0,-0.015939999999999954,-0.015939999999999954,-0.015939999999999954,0.0,-0.00567200000000001,-0.00567200000000001,-0.00567200000000001,0.0,-0.006975999999999982,-0.006975999999999982,-0.006975999999999982,0.0,-0.009228000000000014,-0.009228000000000014,-0.009228000000000014,-0.024819303934805248,4.913753509521484
28,cnn,gan,0.0,0.17715608639659308,-574.3767511088627,-514.5351658770915,-1104.7606397439758,-459.748531466842,0.003557913187785422,0.0,-0.1226433371579283,-0.12264333715792819,0.12264333715792819,-0.012862125860742202,0.22572729167755506,0.0,7.079201560358403,7.079201560358403,-7.079201560358403,0.0,-0.014792000000000027,-0.014792000000000027,0.014792000000000027,0.0,-0.020047999999999955,-0.020047999999999955,0.020047999999999955,0.0,-0.015675999999999968,-0.015675999999999968,-0.015675999999999968,0.0,-0.006228000000000011,-0.006228000000000011,-0.006228000000000011,0.0,-0.007571999999999995,-0.007571999999999968,-0.007571999999999968,0.0,-0.008772000000000002,-0.008772000000000002,-0.008772000000000002,-0.5825530591962789,4.341900825500488
29,cnn,gan,0.0,0.14270421382828857,-357.81441705473344,-287.99039812797855,-604.9259920904005,-205.0687632500003,0.041175869243382346,0.0,-0.1994427646596904,-0.19944276465969046,0.19944276465969046,-0.010981527844626138,0.21436366716051167,0.0,4.252999849618611,4.252999849618611,-4.252999849618611,0.0,-0.01263599999999998,-0.01263599999999998,0.01263599999999998,0.0,-0.02271200000000001,-0.02271200000000001,0.02271200000000001,0.0,-0.015684000000000003,-0.015684000000000003,0.015684000000000003,0.0,-0.008228000000000013,-0.008228000000000013,-0.008228000000000013,0.0,-0.008116000000000012,-0.008116000000000012,-0.008116000000000012,0.0,-0.005823999999999996,-0.005823999999999982,-0.005823999999999982,0.02954005046774455,7.791347503662109
30,cnn,gan,0.0,0.15288604563821906,-294.9156156741776,-209.07532911632006,-644.1656058144999,-137.91836418949515,0.059349886472605196,0.0,-0.25188587500962195,-0.251885875009622,0.251885875009622,-0.015356883793645415,0.22444534617118986,0.0,3.710548929844908,3.710548929844908,-3.710548929844908,0.0,-0.016111999999999904,-0.016111999999999904,0.016111999999999904,0.0,-0.029956000000000038,-0.029956000000000038,0.029956000000000038,0.0,-0.014923999999999993,-0.014923999999999993,0.014923999999999993,0.0,-0.013072,-0.013072,-0.013072,0.0,-0.008884000000000003,-0.008884000000000003,-0.008884000000000003,0.0,-0.0030760000000000093,-0.0030760000000000093,-0.0030760000000000093,0.21615438609627802,6.385284423828125
31,cnn,gan,0.0,0.1251236611322568,-204.76381573911988,-126.79887645985355,-460.223524344221,-51.737085833065976,0.08224714613958861,0.0,-0.3240574173679131,-0.32405741736791305,0.32405741736791305,-0.009373561217823512,0.20732315690888808,0.0,5.860371008358445,5.860371008358445,-5.860371008358445,0.0,-0.01900400000000002,-0.01900400000000002,0.01900400000000002,0.0,-0.02581200000000003,-0.025812000000000057,0.025812000000000057,0.0,-0.011483999999999994,-0.011483999999999994,0.011483999999999994,0.0,-0.01008400000000001,-0.01008400000000001,0.01008400000000001,0.0,-0.0071319999999999995,-0.0071319999999999995,-0.0071319999999999995,0.0,-0.002815999999999999,-0.002815999999999999,-0.002815999999999999,0.09390348080447097,6.174263954162598
32,cnn,gan,0.0,0.10259090148895922,-141.3105405793815,-61.351047418522285,-512.8794918529165,16.571779590263304,0.08254156707651505,0.0,-0.34563021769296776,-0.34563021769296787,0.34563021769296787,-0.01845863685487459,0.21166424103159337,0.0,2.9309401227933094,2.9309401227933094,-2.9309401227933094,0.0,-0.02139599999999997,-0.02139599999999997,0.02139599999999997,0.0,-0.025356000000000017,-0.02535599999999999,0.02535599999999999,0.0,-0.009820000000000002,-0.009819999999999995,0.009819999999999995,0.0,-0.009159999999999998,-0.009159999999999995,0.009159999999999995,0.0,-0.006731999999999998,-0.006731999999999998,0.006731999999999998,0.0,-0.0018400000000000014,-0.0018400000000000014,-0.0018400000000000014,0.5631304333712706,4.476395606994629
33,cnn,gan,0.0,0.07638564723629315,-89.65822465826113,-15.261431837968075,-265.82612664808175,45.90163731140569,0.24507522249750546,0.0,-0.4407689437407856,-0.44076894374078557,0.44076894374078557,0.0064232192631357155,0.19394051022961534,0.0,1.9086418683529054,1.9086418683529054,-1.9086418683529054,0.0,-0.021004000000000023,-0.021004000000000023,0.021004000000000023,0.0,-0.022900000000000004,-0.02290000000000003,0.02290000000000003,0.0,-0.008060000000000001,-0.008060000000000012,0.008060000000000012,0.0,-0.004872,-0.004872000000000001,0.004872000000000001,0.0,-0.003052,-0.003051999999999999,0.003051999999999999,0.0,-0.0008319999999999998,-0.0008319999999999994,0.0008319999999999994,1.7626631488079028,4.377288818359375
34,cnn,gan,0.0,0.05497171530664602,-57.90983462220947,7.183425173050637,10.389009307981269,57.90983462220947,0.6155487764369361,0.0,-0.344298373491176,-0.344298373491176,0.344298373491176,0.019103613237077044,0.18821127135619667,0.0,1.5120728275504192,1.5120728275504192,-1.5120728275504192,0.0,-0.02334399999999992,-0.02334399999999992,0.02334399999999992,0.0,-0.019456,-0.01945600000000003,0.01945600000000003,0.0,-0.004188,-0.004187999999999997,0.004187999999999997,0.0,-0.002596,-0.002596000000000001,0.002596000000000001,0.0,-0.001712,-0.0017119999999999982,0.0017119999999999982,0.0,-0.0006720000000000001,-0.0006720000000000007,0.0006720000000000007,0.017672874971893293,5.211324691772461
35,cnn,gan,0.0,0.06193627827058634,-51.60140832469028,13.640188345437082,13.352788550796049,51.60140832468983,0.5366497497511298,0.0,-0.33399847592275156,-0.33399847592275145,0.33399847592275145,0.02484489105090404,0.16858720890275247,0.0,1.4929705530797683,1.4929705530797683,-1.4929705530797683,0.0,-0.029536000000000007,-0.029536000000000007,0.029536000000000007,0.0,-0.01963200000000001,-0.019632000000000094,0.019632000000000094,0.0,-0.0018840000000000003,-0.0018840000000000245,0.0018840000000000245,0.0,-0.0012319999999999996,-0.001231999999999997,0.001231999999999997,0.0,-0.001128,-0.001127999999999997,0.001127999999999997,0.0,-0.000816,-0.0008160000000000008,0.0008160000000000008,-0.768690759374735,3.4874534606933594
36,cnn,gan,0.0,0.06399731262974129,-46.699038112330754,16.077251994263634,15.388334029807083,46.483134387654445,0.5767844287961928,0.0,-0.42830630160307925,-0.42830630160307925,0.42830630160307925,0.021384147433017864,0.1808937426944141,0.0,1.4497782521541218,1.4497782521541218,1.4497782521541218,0.0,-0.03792800000000007,-0.03792800000000007,0.03792800000000007,0.0,-0.015660000000000007,-0.015660000000000007,0.015660000000000007,0.0,-0.0021399999999999995,-0.002140000000000003,0.002140000000000003,0.0,-0.0009679999999999997,-0.0009679999999999966,0.0009679999999999966,0.0,-0.0007440000000000001,-0.0007440000000000016,0.0007440000000000016,0.0,-0.0006320000000000001,-0.0006320000000000006,0.0006320000000000006,-1.265969544963184,2.6825132369995117
37,cnn,gan,0.0,0.06568548537369168,-41.41864831813382,14.052933730791437,15.155513197689288,41.248702073754885,0.5471984458421993,0.0,-0.43233041618234114,-0.43233041618234114,0.43233041618234114,0.01836237179018385,0.17369948468813298,0.0,6.813118266056019,6.813118266056019,6.813118266056019,0.0,-0.03416399999999997,-0.03416399999999997,0.03416399999999997,0.0,-0.014704000000000009,-0.01470400000000005,0.01470400000000005,0.0,-0.0027999999999999995,-0.0028000000000000247,0.0028000000000000247,0.0,-0.0005319999999999999,-0.0005320000000000047,0.0005320000000000047,0.0,-0.00040799999999999994,-0.00040799999999999864,0.00040799999999999864,0.0,-0.000316,-0.0003159999999999986,0.0003159999999999986,-2.6466211610580785,-0.4620227813720703
38,cnn,gan,0.0,0.055249133726334776,-26.989362035224303,6.662936937548466,10.821473773666185,26.989362035224303,0.41377316107558304,0.0,-0.4176115197269505,-0.41761151972695054,0.41761151972695054,0.014681407041511607,0.14554127628536556,0.0,7.974086199186683,7.974086199186683,7.974086199186683,0.0,-0.024695999999999996,-0.024695999999999996,0.024695999999999996,0.0,-0.006340000000000012,-0.006340000000000012,0.006340000000000012,0.0,-0.001712,-0.0017119999999999913,0.0017119999999999913,0.0,-0.000304,-0.0003039999999999987,0.0003039999999999987,0.0,-0.00043999999999999985,-0.00043999999999999595,0.00043999999999999595,0.0,-0.000428,-0.0004280000000000013,0.0004280000000000013,-0.7142836196476381,0.3478736877441406
39,cnn,gan,0.0,0.04889744248543337,-18.6657969463306,4.949576215547722,6.626980333149277,18.568632362334938,0.5145557982231526,0.0,-0.47179652048544635,-0.4717965204854463,0.4717965204854463,-0.00727194576681317,0.12330869728680224,0.0,1.31951061931953,1.31951061931953,1.31951061931953,0.0,-0.020455999999999974,-0.020455999999999974,0.020455999999999974,0.0,-0.003007999999999997,-0.003007999999999955,0.003007999999999955,0.0,-0.00039599999999999965,-0.00039600000000000746,0.00039600000000000746,0.0,-0.00043999999999999985,-0.00043999999999999595,0.00043999999999999595,0.0,-0.0003440000000000001,-0.0003439999999999971,0.0003439999999999971,0.0,-0.00028000000000000003,-0.00028000000000000073,0.00028000000000000073,-1.383326452423546,-0.8843412399291992
40,cnn,gan,0.0,0.05128213219288469,-17.188323870855356,2.497076016562005,5.880554588486575,17.15305805124376,0.8286507758402589,0.0,-0.45382957362117127,-0.45382957362117127,0.45382957362117127,-0.02573913096778291,0.1166707528511993,0.0,-1.2562757374370186,-1.2562757374370186,0.5873144671061716,0.0,-0.01967599999999997,-0.01967599999999997,0.01967599999999997,0.0,-0.005832000000000004,-0.005832000000000004,0.005832000000000004,0.0,0.0005079999999999998,0.0005080000000000084,-0.0005080000000000084,0.0,-0.00040799999999999994,-0.0004079999999999917,0.0004079999999999917,0.0,-0.000404,-0.0004040000000000016,0.0004040000000000016,0.0,-0.00016,-0.00016000000000000042,0.00016000000000000042,0.3903841965135726,1.0869808197021484
41,cnn,gan,0.0,0.07080794555827907,-17.001756425607937,-3.033451596279974,3.7302419582974835,17.00175642560771,0.7104345497847506,0.0,-0.38187768455830684,-0.38187768455830684,0.38187768455830684,-0.0241387050010633,0.09988444827649559,0.0,-3.4832383316609956,-3.4832383316609956,-3.4832383316609956,0.0,-0.015604000000000007,-0.015604000000000007,0.015604000000000007,0.0,-0.007300000000000001,-0.007299999999999973,0.007299999999999973,0.0,0.001432000000000001,0.0014320000000000027,-0.0014320000000000027,0.0,0.0009480000000000001,0.0009480000000000044,-0.0009480000000000044,0.0,-0.000864,-0.0008639999999999967,0.0008639999999999967,0.0,-0.00015600000000000002,-0.0001559999999999999,0.0001559999999999999,1.3565250737165009,0.2697792053222656
42,cnn,gan,0.0,0.07259102861897304,-20.151573263261525,-3.162524648350427,2.496193076127838,19.796746948029522,0.3171521308274514,0.0,-0.4323615642891085,-0.43236156428910855,0.43236156428910855,-0.029917515873536138,0.09939285023185629,0.0,-3.957352193528493,-3.957352193528493,-3.957352193528493,0.0,-0.014359999999999984,-0.014359999999999984,0.014359999999999984,0.0,-0.009164000000000005,-0.009164000000000005,0.009164000000000005,0.0,-0.00020399999999999932,-0.00020399999999999585,0.00020399999999999585,0.0,0.0002559999999999993,0.00025599999999999234,-0.00025599999999999234,0.0,0.0005080000000000006,0.0005080000000000015,-0.0005080000000000015,0.0,-0.00014,-0.00014000000000000123,0.00014000000000000123,3.158476683791992,0.4467020034790039
43,cnn,gan,0.0,0.08208149782387508,-27.834575362385294,-7.941430361646553,-7.434064033692721,26.881465789024674,0.2179608829547428,0.0,-0.3885079569163503,-0.3885079569163503,0.3885079569163503,-0.033245238816760225,0.1016850521060011,0.0,-5.787060093483731,-5.787060093483731,-5.787060093483731,0.0,-0.015120000000000022,-0.015120000000000022,0.015120000000000022,0.0,-0.008936,-0.008936,0.008936,0.0,-0.0016000000000000007,-0.0016000000000000042,0.0016000000000000042,0.0,-0.0014040000000000025,-0.0014040000000000025,0.0014040000000000025,0.0,-0.0008720000000000012,-0.0008720000000000047,0.0008720000000000047,0.0,-0.00047999999999999996,-0.00048000000000000126,0.00048000000000000126,2.092290766315852,-1.3191709518432617
44,cnn,gan,0.0,0.09521145296971412,-35.71966411049266,-18.498032850652635,-31.247886634724182,28.4342209233763,0.18063276177055354,0.0,-0.3958046839150039,-0.3958046839150039,0.3958046839150039,-0.03732735532015155,0.09226771539191417,0.0,-5.539922334744084,-5.539922334744084,-5.539922334744084,0.0,-0.011675999999999964,-0.011675999999999964,0.011675999999999964,0.0,-0.0072480000000000044,-0.007247999999999977,0.007247999999999977,0.0,-0.001924000000000002,-0.001924000000000002,0.001924000000000002,0.0,-0.0022799999999999973,-0.0022800000000000042,0.0022800000000000042,0.0,-0.001412,-0.001412,0.001412,0.0,-0.0016239999999999996,-0.0016239999999999996,0.0016239999999999996,-0.7504796258588229,-1.0838055610656738
45,cnn,gan,0.0,0.12449562628989241,-58.50045352322468,-37.99766838067603,-77.64113325943958,25.694790850972993,0.3220775947932927,0.0,-0.3862713169506605,-0.3862713169506605,0.3862713169506605,-0.03908899311536351,0.12181614500094373,0.0,6.670523855211094,6.670523855211094,3.7163520487810047,0.0,-0.014939999999999953,-0.014939999999999953,0.014939999999999953,0.0,-0.013072,-0.013072,0.013072,0.0,-0.008384000000000003,-0.008384000000000003,-0.0005040000000000044,0.0,-0.006084000000000006,-0.006084000000000006,0.006084000000000006,0.0,-0.00836,-0.00836,-0.0005999999999999964,0.0,-0.002911999999999998,-0.002911999999999998,-0.002911999999999998,-1.5526905353276348,-3.3874611854553223
46,cnn,gan,0.0,0.15949494541445475,-92.46359272520371,-71.30483993439589,-159.81396851930413,-31.673834455403323,0.1772088327595287,0.0,-0.30589458425140786,-0.3058945842514078,0.3058945842514078,-0.038828942080257445,0.13722214510377248,0.0,2.770111717363797,2.770111717363797,2.770111717363797,0.0,-0.012071999999999972,-0.012071999999999972,0.012071999999999972,0.0,-0.01564400000000002,-0.01564400000000002,0.01564400000000002,0.0,-0.005472000000000005,-0.005472000000000005,-0.005472000000000005,0.0,-0.007664000000000004,-0.007664000000000004,-0.007664000000000004,0.0,-0.005204,-0.005204,-0.005204,0.0,-0.008856000000000003,-0.008856000000000003,-0.008856000000000003,-3.474924337530311,-4.106870651245117
47,cnn,gan,0.0,0.17399208727501048,-108.12875447276673,-90.25013249487097,-207.2364461150969,-70.055504858561,0.015309352351745242,0.0,-0.2508637655594134,-0.2508637655594135,0.2508637655594135,-0.04587200834656335,0.13426622992152049,0.0,13.41693247690992,13.41693247690992,13.320373349141768,0.0,-0.01485599999999998,-0.01485599999999998,0.01485599999999998,0.0,-0.009940000000000004,-0.009940000000000004,0.009940000000000004,0.0,-0.007179999999999992,-0.007179999999999992,-0.007179999999999992,0.0,-0.011644000000000015,-0.011644000000000015,-0.011644000000000015,0.0,-0.009299999999999989,-0.009299999999999989,-0.009299999999999989,0.0,-0.007440000000000002,-0.007440000000000009,-0.007440000000000009,-2.3886391184960303,-3.575115203857422
48,cnn,gan,0.0,0.19071358595317278,-126.87107875993314,-109.71287659371455,-279.42385615808735,-99.07193694428895,-0.060067988105265924,0.0,-0.23062259932328105,-0.2306225993232811,0.2306225993232811,-0.05516209074229561,0.12917210343866603,0.0,7.268289415040602,7.268289415040602,7.268289415040602,0.0,-0.016271999999999953,-0.016271999999999953,0.016271999999999953,0.0,-0.009523999999999977,-0.009523999999999977,0.009523999999999977,0.0,-0.010399999999999993,-0.010399999999999993,-0.010399999999999993,0.0,-0.009875999999999996,-0.009875999999999996,-0.009875999999999996,0.0,-0.01361599999999999,-0.01361599999999999,-0.01361599999999999,0.0,-0.008563999999999988,-0.008563999999999988,-0.008563999999999988,0.8078659378669926,-4.385376453399658
49,cnn,gan,0.0,0.2121215435138577,-133.67438350502323,-120.33241269841687,-315.9078768303193,-107.60914677976098,-0.1130154513771281,0.0,-0.24499408992706678,-0.24499408992706684,0.24499408992706684,-0.06712445024155594,0.09173529685541615,0.0,5.071792813497527,5.071792813497527,1.6036581090093485,0.0,-0.013847999999999971,-0.013847999999999971,0.013847999999999971,0.0,-0.008496000000000004,-0.008496000000000004,0.008496000000000004,0.0,-0.011700000000000002,-0.011700000000000002,-0.011700000000000002,0.0,-0.005671999999999983,-0.005671999999999983,-0.005671999999999983,0.0,-0.009848000000000023,-0.009848000000000023,-0.009848000000000023,0.0,-0.010683999999999999,-0.010683999999999999,-0.010683999999999999,-2.5916741682788818,-1.7657604217529297
50,cnn,gan,0.0,0.2472103956311642,-150.6139468860522,-138.2354418581333,-346.26903786847834,-127.63677570210405,-0.16801968438503068,0.0,-0.24850966703340815,-0.24850966703340815,0.24850966703340815,-0.08414822929401078,0.02580972944110592,0.0,0.6870252407569275,0.6870252407569275,-0.6870252407569275,0.0,-0.01406799999999997,-0.01406799999999997,0.01406799999999997,0.0,-0.008740000000000026,-0.008740000000000026,-0.008740000000000026,0.0,-0.013780000000000014,-0.013780000000000014,-0.013780000000000014,0.0,-0.00785199999999997,-0.00785199999999997,-0.00785199999999997,0.0,-0.008031999999999984,-0.008031999999999984,-0.008031999999999984,0.0,-0.013824000000000003,-0.013824000000000003,-0.013824000000000003,-2.9825825091170337,-3.7035131454467773
51,cnn,gan,0.0,0.2594789099305679,-152.0556815455717,-140.82252342987726,-344.9605189610065,-135.82985892862393,-0.20889296526190582,0.0,-0.25453044175243805,-0.254530441752438,0.254530441752438,-0.09543653129333213,-0.01055834208814524,0.0,-2.2721811642879004,-2.2721811642879004,2.2721811642879004,0.0,-0.00960799999999995,-0.00960799999999995,0.00960799999999995,0.0,-0.01485599999999998,-0.01485599999999998,-0.01485599999999998,0.0,-0.0070360000000000145,-0.0070360000000000145,-0.0070360000000000145,0.0,-0.010843999999999965,-0.010843999999999965,-0.010843999999999965,0.0,-0.010884000000000005,-0.010884000000000005,-0.010884000000000005,0.0,-0.008711999999999998,-0.008711999999999998,-0.008711999999999998,-3.6525861373173925,-4.563408374786377
52,cnn,gan,0.0,0.3130921440877721,-177.3122510548801,-168.5949348929994,-403.51218982689034,-170.98537387188185,-0.28102047451244727,0.0,-0.3188697910642802,-0.31886979106428026,0.31886979106428026,-0.11627272587267812,-0.07982255228533733,0.0,-1.3332482651900115,-1.3332482651900115,1.3332482651900115,0.0,-0.00675199999999998,-0.00675199999999998,0.00675199999999998,0.0,-0.01800799999999997,-0.01800799999999997,-0.01800799999999997,0.0,-0.010731999999999992,-0.010731999999999992,-0.010731999999999992,0.0,-0.016268000000000005,-0.016267999999999977,-0.016267999999999977,0.0,-0.013396000000000019,-0.013396000000000019,-0.013396000000000019,0.0,-0.012619999999999992,-0.012619999999999992,-0.012619999999999992,-4.900033739019378,-4.347179412841797
53,cnn,gan,0.0,0.3831276565569244,-204.08532427058844,-199.0229082279527,-444.8388305683893,-201.2111492154611,-0.3136120471166488,0.0,-0.27602781641186663,-0.2760278164118666,0.2760278164118666,-0.13731316017859319,-0.13477425835546009,0.0,-1.6156727431262272,-1.6156727431262272,1.6156727431262272,0.0,-0.0049280000000000435,-0.0049280000000000435,0.0049280000000000435,0.0,-0.019100000000000006,-0.019100000000000006,-0.019100000000000006,0.0,-0.022363999999999995,-0.022363999999999995,-0.022363999999999995,0.0,-0.018203999999999998,-0.018203999999999998,-0.018203999999999998,0.0,-0.01644000000000001,-0.01644000000000001,-0.01644000000000001,0.0,-0.013595999999999997,-0.013595999999999997,-0.013595999999999997,-5.20784033792496,-3.756105422973633
54,cnn,gan,0.0,0.4423891817424064,-228.37241046595113,-223.29801598666927,-495.264650161741,-228.01926195086844,-0.3505548101512159,0.0,-0.2895177577228837,-0.2895177577228837,0.2895177577228837,-0.15112331671673052,-0.1771695846953601,0.0,-0.4459484864578638,-0.4459484864578638,0.4459484864578638,0.0,-0.0039639999999999675,-0.0039639999999999675,0.0039639999999999675,0.0,-0.013736000000000026,-0.01373599999999997,-0.01373599999999997,0.0,-0.024788000000000004,-0.024788000000000004,-0.024788000000000004,0.0,-0.01395200000000002,-0.013952000000000075,-0.013952000000000075,0.0,-0.012431999999999999,-0.012431999999999999,-0.012431999999999999,0.0,-0.012648000000000048,-0.012648000000000048,-0.012648000000000048,-5.826225149982594,-2.3453617095947266
55,cnn,gan,0.0,0.4913475812717003,-247.33745293689572,-243.97226655938584,-529.7111885352429,-246.8966637309304,-0.3531972394996754,0.0,-0.26978713312361574,-0.2697871331236158,0.2697871331236158,-0.15100246618240826,-0.187986718220367,0.0,2.499580518436968,2.499580518436968,2.143201024807208,0.0,0.00046800000000002395,0.00046800000000002395,0.00046800000000002395,0.0,-0.014936000000000005,-0.014936000000000005,-0.014936000000000005,0.0,-0.025604000000000016,-0.025604000000000016,-0.025604000000000016,0.0,-0.014488000000000001,-0.014487999999999945,-0.014487999999999945,0.0,-0.010307999999999984,-0.010307999999999984,-0.010307999999999984,0.0,-0.014635999999999982,-0.014635999999999982,-0.014635999999999982,-5.438746381383552,-5.86595344543457
56,cnn,gan,0.0,0.5334281349055576,-269.2310423289857,-265.8460559519574,-567.3286893858535,-268.8680465287364,-0.3456545406676066,0.0,-0.26961707049256445,-0.26961707049256456,0.26961707049256456,-0.16144037737318728,-0.2071054463948121,0.0,1.6298367526884103,1.6298367526884103,-1.6298367526884103,0.0,0.0013159999999999838,0.0013159999999999838,0.0013159999999999838,0.0,-0.016719999999999957,-0.016719999999999957,-0.016719999999999957,0.0,-0.02343999999999999,-0.02343999999999999,-0.02343999999999999,0.0,-0.01718799999999998,-0.01718799999999998,-0.01718799999999998,0.0,-0.015612000000000015,-0.015612000000000015,-0.015612000000000015,0.0,-0.019403999999999977,-0.019403999999999977,-0.019403999999999977,-6.413245124620229,-5.16975212097168
57,cnn,gan,0.0,0.5799936658357048,-300.37535241821956,-300.86449854329817,-658.2742663892805,-300.16529174678794,-0.36336835369629217,0.0,-0.2700826111788201,-0.27008261117882015,0.27008261117882015,-0.17196320307536245,-0.22706453692853582,0.0,4.6373005816327595,4.6373005816327595,4.147860798773712,0.0,0.0022680000000000478,0.0022680000000000478,0.0022680000000000478,0.0,-0.017336000000000018,-0.017336000000000018,-0.017336000000000018,0.0,-0.02368400000000001,-0.02368400000000001,-0.02368400000000001,0.0,-0.019428,-0.019428,-0.019428,0.0,-0.021024000000000043,-0.021024000000000043,-0.021024000000000043,0.0,-0.020899999999999974,-0.020899999999999974,-0.020899999999999974,-7.083254054786924,-4.392292022705078
58,cnn,gan,0.0,0.6254900979271287,-332.49669666982345,-332.3479506052606,-752.2210982475808,-332.432079989936,-0.37554507525598524,0.0,-0.3087010401928662,-0.30870104019286615,0.30870104019286615,-0.176036512344603,-0.25018319367746744,0.0,5.2925249780534,5.2925249780534,5.29250623714934,0.0,-0.0021320000000000228,-0.0021320000000000228,-0.0021320000000000228,0.0,-0.019279999999999964,-0.019279999999999964,-0.019279999999999964,0.0,-0.02236000000000002,-0.02236000000000002,-0.02236000000000002,0.0,-0.020635999999999988,-0.020635999999999988,-0.020635999999999988,0.0,-0.020516000000000034,-0.020516000000000034,-0.020516000000000034,0.0,-0.021432000000000007,-0.021432000000000007,-0.021432000000000007,-7.488758936969379,-6.505007743835449
59,cnn,gan,0.0,0.6908950552261395,-378.2777137474902,-378.77312368613775,-842.8367802607922,-378.2076068396925,-0.4005711873854394,0.0,-0.25636972125043694,-0.2563697212504369,0.2563697212504369,-0.192490349185168,-0.2807909067368181,0.0,4.3633186481530934,4.3633186481530934,4.3633186481530934,0.0,-0.0018120000000000358,-0.0018120000000000358,-0.0018120000000000358,0.0,-0.014151999999999998,-0.014152000000000053,-0.014152000000000053,0.0,-0.026732000000000006,-0.026732000000000006,-0.026732000000000006,0.0,-0.016216000000000008,-0.016216000000000008,-0.016216000000000008,0.0,-0.021648,-0.021648,-0.021648,0.0,-0.02541600000000005,-0.02541600000000005,-0.02541600000000005,-7.776884579010872,-6.0908708572387695
60,cnn,gan,0.0,0.7304486790334277,-422.44564145406093,-422.88610731760264,-917.7795209344276,-422.34098111804224,-0.42898284611451554,0.0,-0.22555577214783568,-0.22555577214783573,0.22555577214783573,-0.19547168676332605,-0.26921551957205875,0.0,4.410429263866405,4.410429263866405,4.410429263866405,0.0,0.0011759999999999549,0.0011759999999999549,0.0011759999999999549,0.0,-0.010180000000000022,-0.010180000000000022,-0.010180000000000022,0.0,-0.029980000000000007,-0.029980000000000007,-0.029980000000000007,0.0,-0.01396799999999998,-0.01396799999999998,-0.01396799999999998,0.0,-0.02062799999999998,-0.02062799999999998,-0.02062799999999998,0.0,-0.027876000000000012,-0.027876000000000012,-0.027876000000000012,-7.898678507991587,-9.853255271911621
61,cnn,gan,0.0,0.7270146875825567,-471.87887995348365,-472.3729625357432,-1057.5970612852498,-471.8437238869951,-0.4191287072103337,0.0,-0.18401929182618015,-0.18401929182618015,0.18401929182618015,-0.1924789723576935,-0.2672249688114719,0.0,5.503407811431934,5.503407811431934,5.503407811431934,0.0,-0.0018880000000000008,-0.0018880000000000008,-0.0018880000000000008,0.0,-0.00939599999999996,-0.00939599999999996,-0.00939599999999996,0.0,-0.027627999999999986,-0.027627999999999986,-0.027627999999999986,0.0,-0.012071999999999972,-0.012071999999999972,-0.012071999999999972,0.0,-0.016520000000000035,-0.016520000000000035,-0.016520000000000035,0.0,-0.021851999999999983,-0.021851999999999983,-0.021851999999999983,-8.337766803132155,-12.736973762512207
62,cnn,gan,0.0,0.7159756448596113,-425.259461537129,-425.82722519844265,-891.1554957728745,-425.23343059755643,-0.3945003373951669,0.0,-0.19534901541623506,-0.19534901541623517,0.19534901541623517,-0.17692708425172,-0.23104613605391222,0.0,3.0766846349737325,3.0766846349737325,3.0766846349737325,0.0,6.399999999995298e-05,6.399999999995298e-05,6.399999999995298e-05,0.0,-0.01130399999999998,-0.01130399999999998,-0.01130399999999998,0.0,-0.03244400000000003,-0.03244400000000003,-0.03244400000000003,0.0,-0.01571200000000006,-0.01571200000000006,-0.01571200000000006,0.0,-0.01927200000000001,-0.01927200000000001,-0.01927200000000001,0.0,-0.026312000000000002,-0.026312000000000002,-0.026312000000000002,-7.16491620693504,-11.379819869995117
63,cnn,gan,0.0,0.7809461332333285,-394.92816010801835,-395.20790783305983,-840.2584820476804,-394.91839840123566,-0.40550891625984264,0.0,-0.18825312067660965,-0.1882531206766097,0.1882531206766097,-0.18409936734109833,-0.26034559704757626,0.0,1.5201025163309971,1.5201025163309971,1.5201025163309971,0.0,-0.0037119999999999376,-0.0037119999999999376,-0.0037119999999999376,0.0,-0.023260000000000003,-0.02326000000000006,-0.02326000000000006,0.0,-0.02663600000000005,-0.02663600000000005,-0.02663600000000005,0.0,-0.02376800000000001,-0.02376800000000001,-0.02376800000000001,0.0,-0.02338800000000002,-0.02338800000000002,-0.02338800000000002,0.0,-0.026704000000000006,-0.026704000000000006,-0.026704000000000006,-5.537889851070222,-11.583309650421143
64,cnn,gan,0.0,0.658176074713765,-347.3608636448621,-347.4647405697642,-708.5180219172703,-347.3452218576599,-0.38950057917801484,0.0,-0.15316690695354732,-0.1531669069535473,0.1531669069535473,-0.1759276635150469,-0.253802969644381,0.0,2.6782130661719457,2.6782130661719457,2.6782130661719457,0.0,-0.0044399999999999995,-0.0044399999999999995,-0.0044399999999999995,0.0,-0.01555200000000001,-0.01555200000000001,-0.01555200000000001,0.0,-0.024844000000000033,-0.024844000000000033,-0.024844000000000033,0.0,-0.01751999999999998,-0.01751999999999998,-0.01751999999999998,0.0,-0.021084000000000047,-0.021084000000000047,-0.021084000000000047,0.0,-0.023456000000000032,-0.023456000000000032,-0.023456000000000032,-7.498835305547889,-10.731091976165771
65,cnn,gan,0.0,0.5785066763363211,-340.16808594068016,-340.2672457675226,-580.9907934748508,-340.1217683779978,-0.3919824641499783,0.0,-0.10431264085836625,-0.10431264085836622,0.10431264085836622,-0.14715282162925042,-0.21350180041496497,0.0,11.304342442380477,11.304342442380477,11.304342442380477,0.0,-0.0033520000000000216,-0.0033520000000000216,-0.0033520000000000216,0.0,-0.014892000000000016,-0.014892000000000016,-0.014892000000000016,0.0,-0.02416400000000002,-0.02416400000000002,-0.02416400000000002,0.0,-0.014100000000000001,-0.014100000000000001,-0.014100000000000001,0.0,-0.022075999999999985,-0.022075999999999985,-0.022075999999999985,0.0,-0.02193600000000001,-0.02193600000000001,-0.02193600000000001,-7.980996251467715,-7.8482666015625
66,cnn,gan,0.0,0.5323886588784728,-372.19061977353476,-372.2732826523552,-592.9862535186248,-372.08352161900757,-0.336673987236378,0.0,-0.0063908615845513495,-0.006390861584551377,0.006390861584551377,-0.12347165663573928,-0.17325724818125532,0.0,5.8211233339386546,5.8211233339386546,5.8211233339386546,0.0,-0.00518799999999997,-0.00518799999999997,-0.00518799999999997,0.0,-0.013191999999999982,-0.013191999999999982,-0.013191999999999982,0.0,-0.025144,-0.025144,-0.025144,0.0,-0.011987999999999999,-0.011987999999999999,-0.011987999999999999,0.0,-0.01744000000000001,-0.017439999999999956,-0.017439999999999956,0.0,-0.019840000000000024,-0.019840000000000024,-0.019840000000000024,-7.4801698459631325,-6.338461399078369
67,cnn,gan,0.0,0.537437921208884,-444.09838687228284,-444.3146101047578,-684.0047487967095,-444.0135113032634,-0.39808992304829793,0.0,-0.004671201818950199,-0.004671201818950199,0.004671201818950199,-0.138238009107009,-0.19098048399050846,0.0,-0.13073423728614486,-0.13073423728614486,-0.13073423728614486,0.0,-0.0030000000000000027,-0.0030000000000000027,-0.0030000000000000027,0.0,-0.007176000000000071,-0.007176000000000071,-0.007176000000000071,0.0,-0.02570800000000001,-0.02570800000000001,-0.02570800000000001,0.0,-0.011304000000000092,-0.011304000000000092,-0.011304000000000092,0.0,-0.020843999999999974,-0.020843999999999918,-0.020843999999999918,0.0,-0.02184400000000003,-0.02184400000000003,-0.02184400000000003,-7.819645224726159,-6.609570503234863
68,cnn,gan,0.0,0.5672408444353856,-545.9391026773183,-546.1205865926459,-845.8533173072947,-545.8249710335976,-0.39118227344188816,0.0,-0.010647900509227648,-0.010647900509227592,0.010647900509227592,-0.15195324213256012,-0.21634565085714513,0.0,0.5402244290168348,0.5402244290168348,0.5402244290168348,0.0,-0.0040840000000000876,-0.0040840000000000876,-0.0040840000000000876,0.0,-0.009907999999999917,-0.009907999999999917,-0.009907999999999917,0.0,-0.020967999999999987,-0.020967999999999987,-0.020967999999999987,0.0,-0.01636000000000004,-0.01636000000000004,-0.01636000000000004,0.0,-0.016960000000000086,-0.01696000000000003,-0.01696000000000003,0.0,-0.020935999999999955,-0.020935999999999955,-0.020935999999999955,-6.447312420584687,-3.6244988441467285
69,cnn,gan,0.0,0.5446426711251462,-683.1342947840158,-683.0833409500156,-1031.9742381237393,-683.0119365611354,-0.35222724493256785,0.0,-0.008256346826005984,-0.008256346826005956,0.008256346826005956,-0.15100247799008265,-0.21335775659790246,0.0,-0.8510935165427647,-0.8510935165427647,-0.8510935165427647,0.0,-0.0030200000000000227,-0.0030200000000000227,-0.0030200000000000227,0.0,-0.0039959999999999996,-0.0039959999999999996,-0.0039959999999999996,0.0,-0.017768000000000006,-0.017768000000000006,-0.017768000000000006,0.0,-0.010863999999999985,-0.010863999999999985,-0.010863999999999985,0.0,-0.013395999999999963,-0.013395999999999963,-0.013395999999999963,0.0,-0.02038799999999996,-0.02038799999999996,-0.02038799999999996,-6.095630321751454,-6.891592979431152
70,cnn,gan,0.0,0.5386296340240193,-849.5408118848518,-849.5163186997488,-1294.6012866517685,-849.3852075245886,-0.3581416577186556,0.0,-0.009330484924978677,-0.009330484924978677,0.009330484924978677,-0.1585345260480744,-0.21117482829416684,0.0,0.39200864529122015,0.39200864529122015,0.39200864529122015,0.0,-0.0024800000000000377,-0.0024800000000000377,-0.0024800000000000377,0.0,-0.0015079999999999538,-0.0015079999999999538,-0.0015079999999999538,0.0,-0.01163600000000009,-0.011636000000000202,-0.011636000000000202,0.0,-0.006483999999999934,-0.006483999999999934,-0.006483999999999934,0.0,-0.011307999999999985,-0.011307999999999985,-0.011307999999999985,0.0,-0.013187999999999978,-0.013187999999999978,-0.013187999999999978,-6.159508540662973,-9.534395217895508
71,cnn,gan,0.0,0.5532210111649007,-964.8532690876691,-964.7005302484777,-1430.754406676895,-964.6411436922299,-0.3579626676917609,0.0,-0.013955468017327999,-0.013955468017327943,0.013955468017327943,-0.1630463632813024,-0.21118511090592346,0.0,0.038134063449547284,0.038134063449547284,0.038134063449547284,0.0,-0.0035760000000000236,-0.0035760000000000236,-0.0035760000000000236,0.0,-0.0027160000000000517,-0.0027160000000000517,-0.0027160000000000517,0.0,-0.010019999999999918,-0.010019999999999918,-0.010019999999999918,0.0,-0.007547999999999999,-0.007547999999999999,-0.007547999999999999,0.0,-0.010064000000000073,-0.010064000000000073,-0.010064000000000073,0.0,-0.010871999999999993,-0.010871999999999993,-0.010871999999999993,-7.157028628668844,-9.529261589050293
72,cnn,gan,0.0,0.5805015158963833,-1039.872178319467,-1040.034670836516,-1503.5491226715458,-1039.712068892456,-0.3885835244755149,0.0,-0.02542997053452578,-0.02542997053452578,0.02542997053452578,-0.175760526808187,-0.22073633009319543,0.0,2.9898972382324196,2.9898972382324196,2.9898972382324196,0.0,0.000136000000000025,0.000136000000000025,0.000136000000000025,0.0,-0.0037120000000000486,-0.0037120000000000486,-0.0037120000000000486,0.0,-0.009383999999999948,-0.009383999999999948,-0.009383999999999948,0.0,-0.008427999999999991,-0.008427999999999991,-0.008427999999999991,0.0,-0.009392000000000067,-0.009392000000000067,-0.009392000000000067,0.0,-0.011588000000000043,-0.011588000000000043,-0.011588000000000043,-4.73559384920862,-14.974678039550781
73,cnn,gan,0.0,0.5672891715010309,-998.5695013131162,-998.2810646165781,-1445.5370692080269,-998.2888277448874,-0.3792947467071508,0.0,-0.057565151965190964,-0.057565151965190964,0.057565151965190964,-0.1767896337134175,-0.21894110554129984,0.0,2.976481368869713,2.976481368869713,2.976481368869713,0.0,-0.0015479999999999938,-0.0015479999999999938,-0.0015479999999999938,0.0,-0.0027399999999999647,-0.0027399999999999647,-0.0027399999999999647,0.0,-0.008407999999999971,-0.008407999999999971,-0.008407999999999971,0.0,-0.007211999999999996,-0.007211999999999996,-0.007211999999999996,0.0,-0.008751999999999982,-0.008751999999999982,-0.008751999999999982,0.0,-0.013992000000000004,-0.013992000000000004,-0.013992000000000004,-5.531795150902667,-10.764215469360352
74,cnn,gan,0.0,0.5738348752485898,-968.832043924057,-968.8412336308866,-1378.258291008613,-968.6671552125135,-0.3835644339299389,0.0,-0.04996080739873918,-0.049960807398739204,0.049960807398739204,-0.17745458075833465,-0.20357949612326726,0.0,0.7428851379136923,0.7428851379136923,0.7428851379136923,0.0,-0.0031480000000000397,-0.0031480000000000397,-0.0031480000000000397,0.0,-0.0016160000000000618,-0.0016160000000000618,-0.0016160000000000618,0.0,-0.010480000000000045,-0.010480000000000045,-0.010480000000000045,0.0,-0.008743999999999974,-0.008743999999999974,-0.008743999999999974,0.0,-0.010299999999999976,-0.010299999999999976,-0.010299999999999976,0.0,-0.013696000000000041,-0.013696000000000041,-0.013696000000000041,-5.300533779435781,-9.734856605529785
75,cnn,gan,0.0,0.5775839479008056,-939.7376015522768,-939.695999425252,-1336.2952876151976,-939.5888145991285,-0.4058539085393056,0.0,-0.05939581132236421,-0.05939581132236427,0.05939581132236427,-0.18020049468777655,-0.22423540197580466,0.0,0.5949402776774875,0.5949402776774875,0.5949402776774875,0.0,-2.0000000000020002e-05,-2.0000000000020002e-05,-2.0000000000020002e-05,0.0,-0.0007000000000000339,-0.0007000000000000339,-0.0007000000000000339,0.0,-0.012179999999999969,-0.012179999999999969,-0.012179999999999969,0.0,-0.008552000000000004,-0.008552000000000004,-0.008552000000000004,0.0,-0.011067999999999967,-0.011067999999999967,-0.011067999999999967,0.0,-0.016091999999999995,-0.016091999999999995,-0.016091999999999995,-7.379802461028092,-11.434633255004883
76,cnn,gan,0.0,0.5703973433772482,-880.3318447399633,-880.2689970868132,-1224.2812384847093,-880.1654814240101,-0.41481501471195603,0.0,-0.06614290473331313,-0.06614290473331308,0.06614290473331308,-0.18913184058493815,-0.2517325645544872,0.0,2.8876427130733635,2.8876427130733635,1.662638692415678,0.0,-0.0016639999999999988,-0.0016639999999999988,-0.0016639999999999988,0.0,-0.0035439999999999916,-0.0035439999999999916,-0.0035439999999999916,0.0,-0.01400800000000002,-0.01400800000000002,-0.01400800000000002,0.0,-0.009651999999999994,-0.009651999999999994,-0.009651999999999994,0.0,-0.011612000000000067,-0.011612000000000067,-0.011612000000000067,0.0,-0.01789200000000002,-0.01789200000000002,-0.01789200000000002,-7.937152266040009,-9.892436027526855
77,cnn,gan,0.0,0.572498803852632,-837.4067937069995,-837.928592698071,-1180.6289413722725,-837.2641770845266,-0.4064977824991658,0.0,-0.09494478697882708,-0.09494478697882713,0.09494478697882713,-0.18846987608237842,-0.26499720265272997,0.0,2.485345375337886,2.485345375337886,0.2431777634869725,0.0,-0.005395999999999956,-0.005395999999999956,-0.005395999999999956,0.0,-0.0038559999999999706,-0.0038559999999999706,-0.0038559999999999706,0.0,-0.01873199999999997,-0.01873199999999997,-0.01873199999999997,0.0,-0.01229199999999997,-0.01229199999999997,-0.01229199999999997,0.0,-0.015060000000000073,-0.015060000000000073,-0.015060000000000073,0.0,-0.02170799999999995,-0.02170799999999995,-0.02170799999999995,-7.374333564722043,-8.290166854858398
78,cnn,gan,0.0,0.5888914935961047,-838.8670752855251,-839.2293596654999,-1239.9908689991726,-838.7272360079078,-0.4537004079063125,0.0,-0.0840824932954427,-0.0840824932954427,0.0840824932954427,-0.1953795130253791,-0.27562042349335986,0.0,2.960600727470357,2.960600727470357,0.9150237732683131,0.0,-0.0028039999999999177,-0.0028039999999999177,-0.0028039999999999177,0.0,-0.0032639999999999336,-0.0032639999999999336,-0.0032639999999999336,0.0,-0.01788400000000001,-0.01788400000000001,-0.01788400000000001,0.0,-0.011136000000000035,-0.011136000000000035,-0.011136000000000035,0.0,-0.013628000000000084,-0.013628000000000084,-0.013628000000000084,0.0,-0.020807999999999938,-0.020807999999999938,-0.020807999999999938,-8.196918096827766,-12.021566390991211
79,cnn,gan,0.0,0.5952411489225327,-822.0978162033143,-822.2383173304115,-1231.803357115533,-821.9843216264953,-0.4789137823669114,0.0,-0.12538936506438647,-0.12538936506438647,0.12538936506438647,-0.20321477223508372,-0.2949775425496189,0.0,0.9406292862358576,0.9406292862358576,-0.19217761294063251,0.0,-0.0013720000000000399,-0.0013720000000000399,-0.0013720000000000399,0.0,-0.0042679999999999385,-0.0042679999999999385,-0.0042679999999999385,0.0,-0.020847999999999978,-0.020847999999999978,-0.020847999999999978,0.0,-0.012104000000000004,-0.012104000000000004,-0.012104000000000004,0.0,-0.01394799999999996,-0.01394799999999996,-0.01394799999999996,0.0,-0.02203200000000005,-0.02203200000000005,-0.02203200000000005,-8.095905544859704,-7.278468132019043
80,cnn,gan,0.0,0.6232886509233104,-824.3336547284198,-825.3624908259399,-1262.664063912026,-824.2399596683354,-0.47806616979068695,0.0,-0.13546910084041125,-0.1354691008404112,0.1354691008404112,-0.2033188172194928,-0.30802017577529545,0.0,1.8003763609585537,1.8003763609585537,1.4443038641540387,0.0,3.6000000000036e-05,3.6000000000036e-05,3.6000000000036e-05,0.0,-0.008460000000000023,-0.008460000000000023,-0.008460000000000023,0.0,-0.022187999999999986,-0.022187999999999986,-0.022187999999999986,0.0,-0.014055999999999957,-0.014055999999999957,-0.014055999999999957,0.0,-0.016123999999999916,-0.016123999999999916,-0.016123999999999916,0.0,-0.022648,-0.022648,-0.022648,-8.33566963796327,-10.054882049560547
81,cnn,gan,0.0,0.6227616377580354,-804.5901600052957,-805.2430980872332,-1294.172365006456,-804.5492062520243,-0.4588845575701175,0.0,-0.1569313530380338,-0.15693135303803385,0.15693135303803385,-0.20677034838458086,-0.30269111203855836,0.0,1.5617013487032452,1.5617013487032452,1.5617013487032452,0.0,-0.0017920000000000158,-0.0017920000000000158,-0.0017920000000000158,0.0,-0.009099999999999997,-0.009099999999999997,-0.009099999999999997,0.0,-0.023187999999999986,-0.023187999999999986,-0.023187999999999986,0.0,-0.013951999999999964,-0.013951999999999964,-0.013951999999999964,0.0,-0.015423999999999993,-0.015423999999999993,-0.015423999999999993,0.0,-0.022631999999999985,-0.022631999999999985,-0.022631999999999985,-8.283758141010843,-15.739960670471191
82,cnn,gan,0.0,0.6183947853807084,-760.6283245404038,-760.6967933366932,-1223.599110795807,-760.6137869277363,-0.4831878441845794,0.0,-0.12320009514879282,-0.12320009514879282,0.12320009514879282,-0.20470857976632995,-0.30971067281121406,0.0,1.5425029626120832,1.5425029626120832,0.9423466135378682,0.0,-0.0019280000000000408,-0.0019280000000000408,-0.0019280000000000408,0.0,-0.009256000000000042,-0.009256000000000042,-0.009256000000000042,0.0,-0.02336400000000005,-0.02336400000000005,-0.02336400000000005,0.0,-0.013819999999999943,-0.013819999999999943,-0.013819999999999943,0.0,-0.01640800000000009,-0.01640800000000009,-0.01640800000000009,0.0,-0.02279600000000004,-0.02279600000000004,-0.02279600000000004,-8.104544931509665,-15.571327209472656
83,cnn,gan,0.0,0.6243053089975668,-738.1710812225838,-738.8413221161354,-1169.5991019885114,-738.1638495100024,-0.4985481269364527,0.0,-0.16893080190214493,-0.16893080190214516,0.16893080190214516,-0.2130518846892387,-0.3166425437392067,0.0,1.4799085986399927,1.4799085986399927,-1.4799085986399927,0.0,-0.00031599999999998296,-0.00031599999999998296,-0.00031599999999998296,0.0,-0.011347999999999914,-0.011347999999999914,-0.011347999999999914,0.0,-0.024135999999999935,-0.024135999999999935,-0.024135999999999935,0.0,-0.01674399999999998,-0.01674399999999998,-0.01674399999999998,0.0,-0.017007999999999912,-0.017007999999999912,-0.017007999999999912,0.0,-0.022083999999999993,-0.022083999999999993,-0.022083999999999993,-8.47471744487624,-11.116679191589355
84,cnn,gan,0.0,0.6102087951918307,-709.9513862040003,-710.3771175238626,-1139.3421456038277,-709.950335137878,-0.48437829407901534,0.0,-0.1365770024541375,-0.1365770024541375,0.1365770024541375,-0.20010690635445066,-0.3188597622769925,0.0,1.6402919311018067,1.6402919311018067,0.6495465176338477,0.0,-0.0006720000000000059,-0.0006720000000000059,-0.0006720000000000059,0.0,-0.011735999999999969,-0.011735999999999969,-0.011735999999999969,0.0,-0.026140000000000052,-0.026140000000000052,-0.026140000000000052,0.0,-0.01633999999999991,-0.01633999999999991,-0.01633999999999991,0.0,-0.018788000000000027,-0.018788000000000027,-0.018788000000000027,0.0,-0.023823999999999956,-0.023823999999999956,-0.023823999999999956,-8.644961302175162,-12.504410743713379
85,cnn,gan,0.0,0.6208244226176021,-719.7411449675228,-720.1696141842267,-1167.806726588854,-719.7409194549728,-0.4766900080118104,0.0,-0.15418129751435677,-0.15418129751435683,0.15418129751435683,-0.20051204876954482,-0.2953467232899403,0.0,-1.4470770836101785,-1.4470770836101785,0.2756793822542889,0.0,-0.00035200000000001896,-0.00035200000000001896,-0.00035200000000001896,0.0,-0.013851999999999975,-0.013851999999999975,-0.013851999999999975,0.0,-0.02415999999999996,-0.02415999999999996,-0.02415999999999996,0.0,-0.015848000000000084,-0.015848000000000084,-0.015848000000000084,0.0,-0.01767200000000002,-0.01767200000000002,-0.01767200000000002,0.0,-0.024144000000000054,-0.024144000000000054,-0.024144000000000054,-8.040821191786513,-8.92180347442627
86,cnn,gan,0.0,0.6441486517792345,-654.0078398184814,-654.7996877312071,-995.4550063867091,-654.0078434680363,-0.4788535670483971,0.0,-0.11084708552109668,-0.11084708552109657,0.11084708552109657,-0.19168395882511535,-0.28599282637121254,0.0,-0.9454257601917551,-0.9454257601917551,0.9454257601917551,0.0,-0.000256000000000034,-0.000256000000000034,-0.000256000000000034,0.0,-0.016780000000000017,-0.016780000000000017,-0.016780000000000017,0.0,-0.032187999999999994,-0.032187999999999994,-0.032187999999999994,0.0,-0.02222400000000002,-0.02222400000000002,-0.02222400000000002,0.0,-0.02191199999999993,-0.02191199999999993,-0.02191199999999993,0.0,-0.026619999999999977,-0.026619999999999977,-0.026619999999999977,-8.187301143901848,-6.277523040771484
87,cnn,gan,0.0,0.6607010508114115,-551.8016526332867,-552.0589966555985,-804.3353272480845,-551.8016190832404,-0.4915537844315223,0.0,-0.11783622305463204,-0.11783622305463193,0.11783622305463193,-0.19447280068834927,-0.2988732669185585,0.0,-2.9716896955366447,-2.9716896955366447,2.9716896955366447,0.0,-0.000308000000000086,-0.000308000000000086,-0.000308000000000086,0.0,-0.025556000000000023,-0.025555999999999968,-0.025555999999999968,0.0,-0.03854400000000002,-0.03854400000000002,-0.03854400000000002,0.0,-0.032603999999999966,-0.032603999999999966,-0.032603999999999966,0.0,-0.03402800000000006,-0.03402800000000006,-0.03402800000000006,0.0,-0.03538399999999997,-0.03538399999999997,-0.03538399999999997,-7.851447190714957,-6.722966194152832
88,cnn,gan,0.0,0.614413476053489,-451.42939318521076,-451.84122595485405,-676.797868738121,-451.42935112861005,-0.5132200883562787,0.0,-0.16111986052396599,-0.1611198605239661,0.1611198605239661,-0.19146997902118712,-0.309074388263927,0.0,-9.673230858514962,-9.673230858514962,3.3706286904004514,0.0,-0.0040040000000000076,-0.0040040000000000076,-0.0040040000000000076,0.0,-0.03139600000000009,-0.03139600000000009,-0.03139600000000009,0.0,-0.031215999999999966,-0.031215999999999966,-0.031215999999999966,0.0,-0.03862399999999999,-0.03862399999999999,-0.03862399999999999,0.0,-0.039076,-0.039076,-0.039076,0.0,-0.033272000000000024,-0.033272000000000024,-0.033272000000000024,-6.749248944117294,-7.592238903045654
89,cnn,gan,0.0,0.5764185500102048,-430.7877137819705,-431.3229449411115,-619.5205744183859,-430.7875294726473,-0.4895904993481175,0.0,-0.11238167859103154,-0.11238167859103165,0.11238167859103165,-0.17655930765146177,-0.2838945996866554,0.0,-15.288936289521978,-15.288936289521978,-2.9910294005304934,0.0,-0.0010160000000000169,-0.0010160000000000169,-0.0010160000000000169,0.0,-0.027475999999999945,-0.02747599999999989,-0.02747599999999989,0.0,-0.03217599999999998,-0.03217599999999998,-0.03217599999999998,0.0,-0.03516799999999998,-0.03516799999999998,-0.03516799999999998,0.0,-0.03693600000000008,-0.036936000000000024,-0.036936000000000024,0.0,-0.03564400000000001,-0.03564400000000001,-0.03564400000000001,-8.057817704628288,-5.206765174865723
90,cnn,gan,0.0,0.5286699592734383,-413.5231123579215,-413.90396709176184,-591.189272813137,-413.5230240305682,-0.44478519613760126,0.0,-0.08447076884586427,-0.08447076884586435,0.08447076884586435,-0.16776744786093833,-0.2809661842697431,0.0,-4.281578919760033,-4.281578919760033,4.281578919760033,0.0,-0.0023039999999999727,-0.0023039999999999727,-0.0023039999999999727,0.0,-0.024608000000000074,-0.024608000000000074,-0.024608000000000074,0.0,-0.029279999999999973,-0.029279999999999973,-0.029279999999999973,0.0,-0.032399999999999984,-0.032399999999999984,-0.032399999999999984,0.0,-0.035188,-0.03518799999999994,-0.03518799999999994,0.0,-0.033272000000000024,-0.033272000000000024,-0.033272000000000024,-8.834865095529494,-8.569673538208008
91,cnn,gan,0.0,0.5267692251651415,-438.61001968044775,-439.08472433200495,-620.6299798524415,-438.5998223792121,-0.4285816266118565,0.0,-0.0512040716535182,-0.05120407165351826,0.05120407165351826,-0.16544734633633307,-0.27871086263603884,0.0,-4.523818731871067,-4.523818731871067,4.523818731871067,0.0,-0.0015239999999999698,-0.0015239999999999698,-0.0015239999999999698,0.0,-0.02401999999999993,-0.02401999999999993,-0.02401999999999993,0.0,-0.02649600000000002,-0.02649600000000002,-0.02649600000000002,0.0,-0.03333200000000003,-0.03333200000000003,-0.03333200000000003,0.0,-0.03172000000000008,-0.03172000000000008,-0.03172000000000008,0.0,-0.029135999999999995,-0.029135999999999995,-0.029135999999999995,-9.432701717695647,-3.492115020751953
92,cnn,gan,0.0,0.5651313002556311,-527.7674493601698,-527.8392594264569,-771.7148002375179,-527.7354343902116,-0.44265297265298065,0.0,-0.08035927750550761,-0.08035927750550753,0.08035927750550753,-0.18040586548878612,-0.2940949904082313,0.0,-6.1701779901294564,-6.1701779901294564,6.1701779901294564,0.0,0.0021919999999999717,0.0021919999999999717,0.0021919999999999717,0.0,-0.022963999999999984,-0.022963999999999984,-0.022963999999999984,0.0,-0.02948400000000001,-0.02948400000000001,-0.02948400000000001,0.0,-0.027411999999999992,-0.027411999999999992,-0.027411999999999992,0.0,-0.030160000000000076,-0.030160000000000076,-0.030160000000000076,0.0,-0.030567999999999984,-0.030567999999999984,-0.030567999999999984,-8.839299360747233,-3.240814685821533
93,cnn,gan,0.0,0.5614251632822231,-632.9851788165415,-632.4559149955649,-919.3517020598492,-632.9307181441363,-0.38775449500342574,0.0,-0.08133427231339457,-0.08133427231339452,0.08133427231339452,-0.17901255178937958,-0.28511895088128414,0.0,-0.7078136693513208,-0.7078136693513208,-0.4529981874911009,0.0,-0.0006479999999999819,-0.0006479999999999819,-0.0006479999999999819,0.0,-0.019704000000000055,-0.019704000000000055,-0.019704000000000055,0.0,-0.027260000000000006,-0.027260000000000006,-0.027260000000000006,0.0,-0.024572000000000038,-0.024572000000000038,-0.024572000000000038,0.0,-0.025980000000000003,-0.025979999999999948,-0.025979999999999948,0.0,-0.028259999999999952,-0.028259999999999952,-0.028259999999999952,-6.8379904824099,-10.58251953125
94,cnn,gan,0.0,0.5391509418125828,-726.3054524980362,-725.0188171961981,-1039.976417541252,-726.3186381875921,-0.387763067557809,0.0,-0.06246936782182855,-0.062469367821828437,0.062469367821828437,-0.17624304284108755,-0.27012023719574785,0.0,0.5551666880003836,0.5551666880003836,0.5551666880003836,0.0,0.0016359999999999708,0.0016359999999999708,0.0016359999999999708,0.0,-0.01590400000000003,-0.01590400000000003,-0.01590400000000003,0.0,-0.028888000000000025,-0.028888000000000025,-0.028888000000000025,0.0,-0.021391999999999967,-0.021391999999999967,-0.021391999999999967,0.0,-0.024971999999999994,-0.024971999999999994,-0.024971999999999994,0.0,-0.03069199999999994,-0.03069199999999994,-0.03069199999999994,-6.650357158151344,-10.210333824157715
95,cnn,gan,0.0,0.5489957648924637,-803.9235133662851,-800.7747846876682,-1133.4125844853143,-804.0875556266692,-0.38396721999443906,0.0,-0.07588186044304512,-0.07588186044304512,0.07588186044304512,-0.18668964341716887,-0.28318032646924507,0.0,3.160093415415737,3.160093415415737,3.160093415415737,0.0,0.0022360000000000158,0.0022360000000000158,0.0022360000000000158,0.0,-0.010136000000000034,-0.010136000000000034,-0.010136000000000034,0.0,-0.02809600000000001,-0.02809600000000001,-0.02809600000000001,0.0,-0.020684000000000036,-0.020684000000000036,-0.020684000000000036,0.0,-0.023772000000000015,-0.023772000000000015,-0.023772000000000015,0.0,-0.03542400000000001,-0.03542400000000001,-0.03542400000000001,-5.861324692715456,-9.657278537750244
96,cnn,gan,0.0,0.5349856647643136,-834.5615864392212,-830.4055332516236,-1147.0784707104613,-834.6011430101644,-0.34390368349157097,0.0,-0.03031381953572948,-0.030313819535729536,0.030313819535729536,-0.17683561543211662,-0.26197525316970743,0.0,1.7590081699869309,1.7590081699869309,1.7590081699869309,0.0,0.0020799999999999708,0.0020799999999999708,0.0020799999999999708,0.0,-0.005703999999999931,-0.005703999999999931,-0.005703999999999931,0.0,-0.02547200000000005,-0.02547200000000005,-0.02547200000000005,0.0,-0.01814400000000005,-0.01814400000000005,-0.01814400000000005,0.0,-0.021680000000000033,-0.021680000000000033,-0.021680000000000033,0.0,-0.03168799999999994,-0.03168799999999994,-0.03168799999999994,-5.707995395327714,-8.504664421081543
97,cnn,gan,0.0,0.5461075984668469,-903.561041723292,-901.0076684633195,-1307.0102932507143,-903.6123054558193,-0.3469576455735115,0.0,-0.05935681286968969,-0.059356812869689746,0.059356812869689746,-0.16883464208096577,-0.2106463044393114,0.0,2.2248053873472386,2.2248053873472386,2.2248053873472386,0.0,0.0031320000000000237,0.0031320000000000237,0.0031320000000000237,0.0,-0.0034960000000000546,-0.0034960000000000546,-0.0034960000000000546,0.0,-0.02178800000000003,-0.02178800000000003,-0.02178800000000003,0.0,-0.016172000000000075,-0.016172000000000075,-0.016172000000000075,0.0,-0.017955999999999972,-0.017955999999999972,-0.017955999999999972,0.0,-0.033208000000000015,-0.033208000000000015,-0.033208000000000015,-6.375997795105192,-9.647276878356934
98,cnn,gan,0.0,0.5503086389679233,-922.1350592652134,-920.2144309534378,-1343.6304976272804,-922.1299557630155,-0.40917188451603037,0.0,-0.054666843511936514,-0.05466684351193685,0.05466684351193685,-0.18776081655892046,-0.25806415172347413,0.0,1.614940037523521,1.614940037523521,1.614940037523521,0.0,0.001972000000000085,0.001972000000000085,0.001972000000000085,0.0,-0.0049800000000000955,-0.0049800000000000955,-0.0049800000000000955,0.0,-0.021500000000000075,-0.021500000000000075,-0.021500000000000075,0.0,-0.015676000000000023,-0.015676000000000023,-0.015676000000000023,0.0,-0.02050799999999997,-0.02050799999999997,-0.02050799999999997,0.0,-0.02851999999999999,-0.02851999999999999,-0.02851999999999999,-7.376255356061044,-8.078362464904785
99,cnn,gan,0.0,0.5619835510219282,-957.808651858566,-957.3826130258003,-1458.6120848895625,-957.8086506035643,-0.4170828347883919,0.0,-0.008065528676588718,-0.008065528676588496,0.008065528676588496,-0.18649863019254137,-0.25212114512702455,0.0,-0.37960116460585347,-0.37960116460585347,-0.37960116460585347,0.0,0.0020639999999999548,0.0020639999999999548,0.0020639999999999548,0.0,-0.009812000000000043,-0.009812000000000043,-0.009812000000000043,0.0,-0.018696000000000046,-0.018696000000000046,-0.018696000000000046,0.0,-0.01314000000000004,-0.01314000000000004,-0.01314000000000004,0.0,-0.016083999999999987,-0.016083999999999987,-0.016083999999999987,0.0,-0.02389600000000003,-0.02389600000000003,-0.02389600000000003,-5.563593722076575,-7.096593856811523
100,cnn,gan,0.0,0.5589146146334691,-939.4815056793432,-938.7558088958094,-1445.8444196571381,-939.4815055986783,-0.41159466603288597,0.0,-0.05926238568131453,-0.05926238568131481,0.05926238568131481,-0.1863500497736288,-0.27326037040541507,0.0,0.4855915991013635,0.4855915991013635,0.4855915991013635,0.0,0.0020000000000000018,0.0020000000000000018,0.0020000000000000018,0.0,-0.009584000000000037,-0.009584000000000037,-0.009584000000000037,0.0,-0.017755999999999994,-0.017755999999999994,-0.017755999999999994,0.0,-0.013095999999999997,-0.013095999999999997,-0.013095999999999997,0.0,-0.015375999999999945,-0.015375999999999945,-0.015375999999999945,0.0,-0.021268000000000065,-0.021268000000000065,-0.021268000000000065,-6.8043801228418985,-10.09444808959961
101,cnn,gan,0.0,0.5397274286609459,-898.0915165506503,-895.3857738994275,-1388.454779109973,-898.091516444485,-0.42135721982237384,0.0,-0.04501694779413806,-0.045016947794137785,0.045016947794137785,-0.18613011916780692,-0.30241147595761075,0.0,-0.6540641351608549,-0.6540641351608549,-0.6540641351608549,0.0,0.0009280000000000399,0.0009280000000000399,0.0009280000000000399,0.0,-0.006863999999999981,-0.006863999999999981,-0.006863999999999981,0.0,-0.018380000000000063,-0.018380000000000063,-0.018380000000000063,0.0,-0.016660000000000008,-0.016660000000000008,-0.016660000000000008,0.0,-0.015083999999999986,-0.015083999999999986,-0.015083999999999986,0.0,-0.021372000000000058,-0.021372000000000058,-0.021372000000000058,-8.16059920875513,-12.826102256774902
102,cnn,gan,0.0,0.5339037960018906,-877.2807392780232,-875.4406573892666,-1337.8955264425495,-877.2807398422347,-0.4619806957187762,0.0,-0.005482334525689192,-0.0054823345256891365,0.0054823345256891365,-0.18236348118686652,-0.29035982439311253,0.0,-2.1070130155675226,-2.1070130155675226,-2.1070130155675226,0.0,0.0005319999999999769,0.0005319999999999769,0.0005319999999999769,0.0,-0.00546000000000002,-0.00546000000000002,-0.00546000000000002,0.0,-0.02141599999999999,-0.02141599999999999,-0.02141599999999999,0.0,-0.016584000000000043,-0.016584000000000043,-0.016584000000000043,0.0,-0.018380000000000063,-0.018380000000000063,-0.018380000000000063,0.0,-0.02271599999999996,-0.02271599999999996,-0.02271599999999996,-8.205624655835898,-8.835172653198242
103,cnn,gan,0.0,0.5350986008941021,-888.7368093915302,-887.3850891689553,-1342.521662882239,-888.7368094261537,-0.5236606719351695,0.0,0.013316223480258182,0.01331622348025796,-0.01331622348025796,-0.18707554490528389,-0.2924652799617013,0.0,-0.5329791881179595,-0.5329791881179595,-0.5329791881179595,0.0,0.0029360000000000497,0.0029360000000000497,0.0029360000000000497,0.0,-0.0042200000000000015,-0.0042200000000000015,-0.0042200000000000015,0.0,-0.0208799999999999,-0.0208799999999999,-0.0208799999999999,0.0,-0.018556000000000017,-0.018556000000000017,-0.018556000000000017,0.0,-0.017303999999999986,-0.017303999999999986,-0.017303999999999986,0.0,-0.024944000000000077,-0.024944000000000077,-0.024944000000000077,-7.093864627497091,-14.961575508117676
104,cnn,gan,0.0,0.49997694654607727,-870.1184645172789,-869.509564127784,-1322.328915929871,-870.118463859555,-0.6059618483405638,0.0,0.04125911018792017,0.04125911018792028,-0.04125911018792028,-0.184893968347757,-0.31292397653241516,0.0,-0.4587899272292759,-0.4587899272292759,-0.4587899272292759,0.0,0.0026320000000000787,0.0026320000000000787,0.0026320000000000787,0.0,-0.0020919999999999828,-0.0020919999999999828,-0.0020919999999999828,0.0,-0.019903999999999922,-0.019903999999999922,-0.019903999999999922,0.0,-0.01899200000000001,-0.01899200000000001,-0.01899200000000001,0.0,-0.02005199999999996,-0.02005199999999996,-0.02005199999999996,0.0,-0.024176000000000086,-0.024176000000000086,-0.024176000000000086,-8.176100719998338,-15.432780265808105
105,cnn,gan,0.0,0.47670247314948,-871.556521065676,-870.730988103177,-1356.407702977016,-871.5565067365114,-0.5838631480640586,0.0,0.03384612354086236,0.03384612354086225,-0.03384612354086225,-0.18400669679985743,-0.2932159083934607,0.0,0.42816090438413923,0.42816090438413923,0.42816090438413923,0.0,0.0024480000000000057,0.0024480000000000057,0.0024480000000000057,0.0,-0.0023279999999999967,-0.0023279999999999967,-0.0023279999999999967,0.0,-0.022268000000000066,-0.022268000000000066,-0.022268000000000066,0.0,-0.017340000000000022,-0.017340000000000022,-0.017340000000000022,0.0,-0.02062799999999998,-0.02062799999999998,-0.02062799999999998,0.0,-0.021483999999999948,-0.021483999999999948,-0.021483999999999948,-8.19404254713234,-18.83509635925293
106,cnn,gan,0.0,0.46141899519191654,-876.7323751786844,-876.1447714684073,-1343.1194598244238,-876.7323771794127,-0.5837872211094315,0.0,0.005105145544515133,0.005105145544515022,-0.005105145544515022,-0.17450925824168884,-0.2558100025098644,0.0,-1.1809302359036735,-1.1809302359036735,-1.1809302359036735,0.0,0.0021999999999999797,0.0021999999999999797,0.0021999999999999797,0.0,-0.0019200000000000328,-0.0019200000000000328,-0.0019200000000000328,0.0,-0.02494799999999997,-0.02494799999999997,-0.02494799999999997,0.0,-0.015179999999999971,-0.015179999999999971,-0.015179999999999971,0.0,-0.022679999999999922,-0.022679999999999922,-0.022679999999999922,0.0,-0.026880000000000015,-0.026880000000000015,-0.026880000000000015,-9.205349918999502,-16.92271137237549
107,cnn,gan,0.0,0.47299958295207745,-953.9084533301857,-955.4575345315898,-1467.1854340882128,-953.9084566438914,-0.634059774115532,0.0,-0.0040938104372302275,-0.0040938104372301165,0.0040938104372301165,-0.19245846410744227,-0.2774835150811566,0.0,1.3450882560989044,1.3450882560989044,1.3450882560989044,0.0,0.0015319999999999778,0.0015319999999999778,0.0015319999999999778,0.0,0.0005439999999999889,0.0005439999999999889,0.0005439999999999889,0.0,-0.025051999999999963,-0.025051999999999963,-0.025051999999999963,0.0,-0.01769200000000004,-0.01769200000000004,-0.01769200000000004,0.0,-0.024743999999999988,-0.024743999999999988,-0.024743999999999988,0.0,-0.027735999999999983,-0.027735999999999983,-0.027735999999999983,-9.393943625409314,-23.578378677368164
108,cnn,gan,0.0,0.4695260000675887,-998.0154816813993,-999.6259441046859,-1587.9906308115314,-998.0154820697362,-0.6398146626780847,0.0,-0.05341137677842467,-0.05341137677842478,0.05341137677842478,-0.19191130825480018,-0.2727214836652654,0.0,-2.7282889291355623,-2.7282889291355623,-2.7282889291355623,0.0,0.0027200000000000557,0.0027200000000000557,0.0027200000000000557,0.0,0.001044000000000045,0.001044000000000045,0.001044000000000045,0.0,-0.018584000000000045,-0.018584000000000045,-0.018584000000000045,0.0,-0.01651199999999997,-0.01651199999999997,-0.01651199999999997,0.0,-0.01879200000000003,-0.01879200000000003,-0.01879200000000003,0.0,-0.025275999999999965,-0.025275999999999965,-0.025275999999999965,-9.953376312147398,-12.419206619262695
109,cnn,gan,0.0,0.4401170854235552,-995.2001112580019,-997.0075641170151,-1584.6882827796326,-995.2001111866603,-0.6595410681847915,0.0,0.008508655272659538,0.008508655272659427,-0.008508655272659427,-0.1916430363490939,-0.27864296685044104,0.0,-3.1234397803040927,-3.1234397803040927,-3.1234397803040927,0.0,0.0019959999999999978,0.0019959999999999978,0.0019959999999999978,0.0,0.00024000000000001798,0.00024000000000001798,0.00024000000000001798,0.0,-0.013668000000000013,-0.013668000000000013,-0.013668000000000013,0.0,-0.013579999999999925,-0.013579999999999925,-0.013579999999999925,0.0,-0.01607599999999998,-0.01607599999999998,-0.01607599999999998,0.0,-0.025195999999999996,-0.025195999999999996,-0.025195999999999996,-9.899812119169773,-11.873429298400879
110,cnn,gan,0.0,0.44944226500592066,-1039.574647164889,-1039.0832969178718,-1623.5792214454377,-1039.5746477198581,-0.6546503208046959,0.0,0.0261813443968979,0.0261813443968979,-0.0261813443968979,-0.1845718567512833,-0.25909843578158936,0.0,-1.1330608041673038,-1.1330608041673038,-1.1330608041673038,0.0,0.0020320000000000338,0.0020320000000000338,0.0020320000000000338,0.0,-0.0006359999999999699,-0.0006359999999999699,-0.0006359999999999699,0.0,-0.016647999999999996,-0.016647999999999996,-0.016647999999999996,0.0,-0.016587999999999936,-0.016587999999999936,-0.016587999999999936,0.0,-0.018148000000000053,-0.018148000000000053,-0.018148000000000053,0.0,-0.028191999999999995,-0.028191999999999995,-0.028191999999999995,-9.937704328213186,-8.719443321228027
111,cnn,gan,0.0,0.4333177283525309,-1047.0784927472887,-1047.5131829495795,-1584.9286771739753,-1047.0784922093844,-0.6659730496856786,0.0,0.0959120048781521,0.0959120048781521,-0.0959120048781521,-0.1811332716069698,-0.2887957048171226,0.0,-2.031745448452014,-2.031745448452014,-2.031745448452014,0.0,0.0016399999999999748,0.0016399999999999748,0.0016399999999999748,0.0,-0.0011679999999999469,-0.0011679999999999469,-0.0011679999999999469,0.0,-0.016271999999999953,-0.016271999999999953,-0.016271999999999953,0.0,-0.016507999999999967,-0.016507999999999967,-0.016507999999999967,0.0,-0.017335999999999907,-0.017335999999999907,-0.017335999999999907,0.0,-0.03367999999999993,-0.03367999999999993,-0.03367999999999993,-10.415133970965037,-9.193821907043457
112,cnn,gan,0.0,0.4168900111483289,-996.4780870488621,-997.4182909178198,-1415.4926551463122,-996.4780849807039,-0.6427898073137621,0.0,0.11216425907637534,0.1121642590763754,-0.1121642590763754,-0.18406640267997254,-0.2642655888575665,0.0,-2.4016002710672346,-2.4016002710672346,-2.4016002710672346,0.0,0.0018960000000000088,0.0018960000000000088,0.0018960000000000088,0.0,-0.005879999999999996,-0.005879999999999996,-0.005879999999999996,0.0,-0.016736000000000084,-0.016736000000000084,-0.016736000000000084,0.0,-0.019480000000000053,-0.019480000000000053,-0.019480000000000053,0.0,-0.025204000000000004,-0.025204000000000004,-0.025204000000000004,0.0,-0.03427599999999997,-0.03427599999999997,-0.03427599999999997,-9.569946637796434,-14.418323516845703
113,cnn,gan,0.0,0.3983241401107662,-931.4723105841385,-932.5211754202828,-1297.2010319404544,-931.4723114091512,-0.6313780556314359,0.0,0.04344083080307032,0.04344083080307026,-0.04344083080307026,-0.17553814142775642,-0.25111613713505276,0.0,-13.236989124289156,-13.236989124289156,-13.236989124289156,0.0,0.0020759999999999668,0.0020759999999999668,0.0020759999999999668,0.0,-0.010875999999999997,-0.010875999999999997,-0.010875999999999997,0.0,-0.02103199999999994,-0.02103199999999994,-0.02103199999999994,0.0,-0.02243600000000001,-0.02243600000000001,-0.02243600000000001,0.0,-0.03140799999999999,-0.03140799999999999,-0.03140799999999999,0.0,-0.03303999999999996,-0.03303999999999996,-0.03303999999999996,-10.747739917212137,-11.182254791259766
114,cnn,gan,0.0,0.370468985968067,-836.7275284489888,-837.6489497917264,-1110.33869439511,-836.7309571277519,-0.5834856480215296,0.0,0.07031996736018054,0.07031996736018042,-0.07031996736018042,-0.1708819076796696,-0.28330265139370653,0.0,-14.915617376666248,-14.915617376666248,-13.197995677448084,0.0,0.0021680000000000588,0.0021680000000000588,0.0021680000000000588,0.0,-0.016816000000000053,-0.016816000000000053,-0.016816000000000053,0.0,-0.020796000000000037,-0.020796000000000037,-0.020796000000000037,0.0,-0.025760000000000005,-0.025760000000000005,-0.025760000000000005,0.0,-0.032612000000000085,-0.032612000000000085,-0.032612000000000085,0.0,-0.03576800000000002,-0.03576800000000002,-0.03576800000000002,-10.910117411420686,-15.945544242858887
115,cnn,gan,0.0,0.3669202450403546,-826.8137591885989,-827.4735156984107,-1046.6979405369966,-826.8151970869321,-0.5421656720506662,0.0,0.1011152467905409,0.10111524679054096,-0.10111524679054096,-0.16469020342468288,-0.2466096944981404,0.0,-5.14958494963825,-5.14958494963825,-5.14958494963825,0.0,0.0016360000000000818,0.0016360000000000818,0.0016360000000000818,0.0,-0.015163999999999955,-0.015163999999999955,-0.015163999999999955,0.0,-0.02076800000000001,-0.02076800000000001,-0.02076800000000001,0.0,-0.026415999999999995,-0.026415999999999995,-0.026415999999999995,0.0,-0.029148000000000063,-0.029148000000000063,-0.029148000000000063,0.0,-0.03567199999999998,-0.03567199999999998,-0.03567199999999998,-8.088173040639937,-16.149592399597168
116,cnn,gan,0.0,0.3763536378512171,-846.9958036572543,-848.0714070017311,-1094.0084552363824,-846.9953425082322,-0.5686154340762155,0.0,0.08159508442046515,0.08159508442046537,-0.08159508442046537,-0.17192708697680525,-0.2568156473335527,0.0,-7.426241385223246,-7.426241385223246,-7.426241385223246,0.0,0.0005279999999999729,0.0005279999999999729,0.0005279999999999729,0.0,-0.015083999999999986,-0.015083999999999986,-0.015083999999999986,0.0,-0.022175999999999974,-0.022175999999999974,-0.022175999999999974,0.0,-0.025652000000000008,-0.025652000000000008,-0.025652000000000008,0.0,-0.028316000000000008,-0.028316000000000008,-0.028316000000000008,0.0,-0.033272000000000024,-0.033272000000000024,-0.033272000000000024,-7.860465118430223,-16.018756866455078
117,cnn,gan,0.0,0.37627222109913916,-849.6351079698261,-850.4666621588894,-1083.2033159142993,-849.6329403441005,-0.5833160534868926,0.0,0.1395382483924711,0.13953824839247142,-0.13953824839247142,-0.16632008801948517,-0.2470698963100283,0.0,-6.61387885640773,-6.61387885640773,-6.61387885640773,0.0,0.0005560000000000009,0.0005560000000000009,0.0005560000000000009,0.0,-0.01285600000000009,-0.01285600000000009,-0.01285600000000009,0.0,-0.024359999999999937,-0.024359999999999937,-0.024359999999999937,0.0,-0.026515999999999984,-0.026515999999999984,-0.026515999999999984,0.0,-0.027951999999999977,-0.027951999999999977,-0.027951999999999977,0.0,-0.038643999999999956,-0.038643999999999956,-0.038643999999999956,-7.127262396718443,-16.149235725402832
118,cnn,gan,0.0,0.3763547327340646,-881.3700818659872,-881.9027207026911,-1105.4663428342883,-881.3698636455256,-0.5880760900924555,0.0,0.1421524905993231,0.142152490599323,-0.142152490599323,-0.16648179580013117,-0.2327010866880439,0.0,-0.7822105842863607,-0.7822105842863607,-0.7822105842863607,0.0,-0.0007480000000000819,-0.0007480000000000819,-0.0007480000000000819,0.0,-0.0025800000000000267,-0.0025800000000000267,-0.0025800000000000267,0.0,-0.03020400000000001,-0.03020400000000001,-0.03020400000000001,0.0,-0.03323600000000004,-0.03323600000000004,-0.03323600000000004,0.0,-0.03611599999999998,-0.03611599999999998,-0.03611599999999998,0.0,-0.038071999999999995,-0.038071999999999995,-0.038071999999999995,-9.112331112455657,-7.011701583862305
119,cnn,gan,0.0,0.3732212911199362,-869.4971415678538,-870.964549996701,-1066.646407457767,-869.4813072821853,-0.606367145229946,0.0,0.21629151227158427,0.21629151227158427,-0.21629151227158427,-0.1574519081320216,-0.23498979882599202,0.0,-2.886831417583654,-2.886831417583654,-2.886831417583654,0.0,-0.00028799999999995496,-0.00028799999999995496,-0.00028799999999995496,0.0,-0.0011200000000000099,-0.0011200000000000099,-0.0011200000000000099,0.0,-0.03947600000000007,-0.03947600000000007,-0.03947600000000007,0.0,-0.04062399999999999,-0.04062399999999999,-0.04062399999999999,0.0,-0.04402399999999995,-0.0440239999999999,-0.0440239999999999,0.0,-0.04014000000000001,-0.04014000000000001,-0.04014000000000001,-10.45998875016057,-10.13553524017334
120,cnn,gan,0.0,0.37218703499539885,-900.2256757391315,-900.9981423138252,-1104.8295197849038,-900.2134182422433,-0.5643451922421032,0.0,0.08593942149860068,0.08593942149860068,-0.08593942149860068,-0.15280552249275664,-0.22931484252490544,0.0,2.1223345765052244,2.1223345765052244,2.1223345765052244,0.0,0.0013079999999999758,0.0013079999999999758,0.0013079999999999758,0.0,0.00037999999999993594,0.00037999999999993594,0.00037999999999993594,0.0,-0.03313200000000005,-0.03313200000000005,-0.03313200000000005,0.0,-0.048556000000000044,-0.048556000000000044,-0.048556000000000044,0.0,-0.04944800000000005,-0.04944799999999999,-0.04944799999999999,0.0,-0.041656000000000026,-0.041656000000000026,-0.041656000000000026,-12.090939599873039,-10.030017852783203
121,cnn,gan,0.0,0.36542858214457397,-917.7552112187223,-918.3444042437932,-1111.7723602203187,-917.7519073932981,-0.5258829119831712,0.0,0.10216993510848599,0.10216993510848615,-0.10216993510848615,-0.15225525117720756,-0.21773708238878522,0.0,0.8913165905277829,0.8913165905277829,0.8913165905277829,0.0,0.00035200000000001896,0.00035200000000001896,0.00035200000000001896,0.0,-0.00012000000000000899,-0.00012000000000000899,-0.00012000000000000899,0.0,-0.022499999999999964,-0.022499999999999964,-0.022499999999999964,0.0,-0.045672000000000046,-0.045672000000000046,-0.045672000000000046,0.0,-0.05019600000000002,-0.05019600000000002,-0.05019600000000002,0.0,-0.04332800000000003,-0.04332800000000003,-0.04332800000000003,-13.295922433119507,-3.4583587646484375
122,cnn,gan,0.0,0.37170169547123066,-977.9053575721027,-978.208988842789,-1202.5230008816143,-977.8972456895117,-0.45844068350776124,0.0,0.11803863827134536,0.11803863827134542,-0.11803863827134542,-0.14348991181102633,-0.217063345472285,0.0,-1.5071937013207446,-1.5071937013207446,-1.5071937013207446,0.0,0.000124000000000013,0.000124000000000013,0.000124000000000013,0.0,-0.0019080000000000208,-0.0019080000000000208,-0.0019080000000000208,0.0,-0.020955999999999975,-0.020955999999999975,-0.020955999999999975,0.0,-0.03599600000000003,-0.03599600000000003,-0.03599600000000003,0.0,-0.03960799999999998,-0.03960799999999998,-0.03960799999999998,0.0,-0.04800800000000005,-0.04800800000000005,-0.04800800000000005,-11.554753256628757,-6.287232398986816
123,cnn,gan,0.0,0.3789733049408781,-1048.0283695116268,-1048.6301952555932,-1250.694275486312,-1048.021352420019,-0.5175153116122546,0.0,0.10022180384350554,0.10022180384350565,-0.10022180384350565,-0.15904569261311452,-0.23862614185108455,0.0,1.2726259802776223,1.2726259802776223,1.2726259802776223,0.0,0.0023680000000000367,0.0023680000000000367,0.0023680000000000367,0.0,-0.0024520000000000097,-0.0024520000000000097,-0.0024520000000000097,0.0,-0.012512000000000079,-0.012512000000000079,-0.012512000000000079,0.0,-0.023399999999999976,-0.023399999999999976,-0.023399999999999976,0.0,-0.03434400000000004,-0.03434400000000004,-0.03434400000000004,0.0,-0.047404,-0.047404,-0.047404,-12.893660247554983,-4.990520477294922
124,cnn,gan,0.0,0.37964813730483726,-1108.9591918558199,-1109.583199907298,-1316.1181923113636,-1108.9550191226244,-0.47370382028043223,0.0,0.11649128248366003,0.11649128248365992,-0.11649128248365992,-0.147993026809423,-0.22635800207157197,0.0,0.3563846711258982,0.3563846711258982,0.3563846711258982,0.0,-0.0006599999999999939,-0.0006599999999999939,-0.0006599999999999939,0.0,-0.0012680000000000469,-0.0012680000000000469,-0.0012680000000000469,0.0,-0.010908000000000029,-0.010908000000000029,-0.010908000000000029,0.0,-0.021028000000000047,-0.021028000000000047,-0.021028000000000047,0.0,-0.027195999999999998,-0.027195999999999998,-0.027195999999999998,0.0,-0.03897200000000001,-0.03897200000000001,-0.03897200000000001,-11.729673543032476,-3.1219711303710938
125,cnn,gan,0.0,0.37794658360210676,-1163.002756019312,-1163.264594516806,-1370.1771118746638,-1162.9946878267365,-0.49343351922769696,0.0,0.14718365270360434,0.14718365270360434,-0.14718365270360434,-0.1555006700802406,-0.24019878393103328,0.0,-6.865734963521652,-6.865734963521652,-6.324342116601786,0.0,-0.0009879999999999889,-0.0009879999999999889,-0.0009879999999999889,0.0,-0.0017359999999999598,-0.0017359999999999598,-0.0017359999999999598,0.0,-0.008344000000000018,-0.008344000000000018,-0.008344000000000018,0.0,-0.01749999999999996,-0.01749999999999996,-0.01749999999999996,0.0,-0.02091200000000004,-0.02091200000000004,-0.02091200000000004,0.0,-0.033519999999999994,-0.033519999999999994,-0.033519999999999994,-12.872182288710555,-8.75064754486084
126,cnn,gan,0.0,0.3691335648559999,-1202.7364022019738,-1202.996023936823,-1443.5091283592265,-1202.736497806456,-0.5776535699896252,0.0,0.1829306739405503,0.1829306739405503,-0.1829306739405503,-0.15603251398832124,-0.2349457065878472,0.0,-6.57536440651829,-6.57536440651829,-6.57536440651829,0.0,-0.0021280000000000188,-0.0021280000000000188,-0.0021280000000000188,0.0,-0.0009559999999999569,-0.0009559999999999569,-0.0009559999999999569,0.0,-0.009692000000000034,-0.009692000000000034,-0.009692000000000034,0.0,-0.019384000000000068,-0.019384000000000068,-0.019384000000000068,0.0,-0.02529999999999999,-0.02529999999999999,-0.02529999999999999,0.0,-0.033459999999999934,-0.033459999999999934,-0.033459999999999934,-12.849779354031945,-10.085317611694336
127,cnn,gan,0.0,0.34581497554162155,-1208.9699095534506,-1208.7122389948163,-1474.6545686971585,-1208.9703882973045,-0.5332965373289935,0.0,0.20371142617587978,0.2037114261758799,-0.2037114261758799,-0.13963169309220497,-0.21443184225960954,0.0,-5.627735702523559,-5.627735702523559,-5.627735702523559,0.0,-0.0033560000000000256,-0.0033560000000000256,-0.0033560000000000256,0.0,-0.0005600000000000049,-0.0005600000000000049,-0.0005600000000000049,0.0,-0.005191999999999974,-0.005191999999999974,-0.005191999999999974,0.0,-0.021964000000000095,-0.021964000000000095,-0.021964000000000095,0.0,-0.02867200000000003,-0.02867200000000003,-0.02867200000000003,0.0,-0.03624799999999995,-0.03624799999999995,-0.03624799999999995,-12.057629187898463,-9.822589874267578
128,cnn,gan,0.0,0.35831510682762513,-1289.0368095378617,-1288.5833746782773,-1551.834644210714,-1289.0270591746976,-0.5236857389884076,0.0,0.1878570589225605,0.18785705892256044,-0.18785705892256044,-0.13599864129076522,-0.2022421646267395,0.0,-5.2881661139095115,-5.2881661139095115,-5.2881661139095115,0.0,-0.0021679999999999477,-0.0021679999999999477,-0.0021679999999999477,0.0,-0.0010359999999999259,-0.0010359999999999259,-0.0010359999999999259,0.0,-0.006431999999999993,-0.006431999999999993,-0.006431999999999993,0.0,-0.022699999999999942,-0.022699999999999942,-0.022699999999999942,0.0,-0.03313599999999994,-0.03313599999999994,-0.03313599999999994,0.0,-0.04015599999999997,-0.04015599999999997,-0.04015599999999997,-11.2644299238777,-3.894345283508301
129,cnn,gan,0.0,0.3663952965250701,-1359.6483132432495,-1357.7713251527093,-1668.729674179609,-1359.633211013279,-0.4891823395645364,0.0,0.19617886205230523,0.19617886205230528,-0.19617886205230528,-0.13844212198293293,-0.18432738163734658,0.0,-4.479281294606576,-4.479281294606576,-4.479281294606576,0.0,-0.00016799999999994597,-0.00016799999999994597,-0.00016799999999994597,0.0,-0.0006720000000000059,-0.0006720000000000059,-0.0006720000000000059,0.0,-0.009631999999999974,-0.009632000000000085,-0.009632000000000085,0.0,-0.01962799999999998,-0.01962799999999998,-0.01962799999999998,0.0,-0.03267199999999992,-0.03267199999999992,-0.03267199999999992,0.0,-0.04382799999999998,-0.04382799999999998,-0.04382799999999998,-9.524843673949647,-4.488343238830566
130,cnn,gan,0.0,0.37026518200793035,-1382.5306930455827,-1379.4920300917274,-1716.5259033852526,-1382.4543269813803,-0.44730262958849165,0.0,0.1684089582763561,0.16840895827635594,-0.16840895827635594,-0.13722020852804057,-0.15925265006413342,0.0,-2.0214315163753866,-2.0214315163753866,-2.0214315163753866,0.0,-0.0009799999999999809,-0.0009799999999999809,-0.0009799999999999809,0.0,-0.00045200000000000795,-0.00045200000000000795,-0.00045200000000000795,0.0,-0.005348000000000019,-0.00534800000000013,-0.00534800000000013,0.0,-0.02040799999999998,-0.02040799999999998,-0.02040799999999998,0.0,-0.029552000000000023,-0.029552000000000023,-0.029552000000000023,0.0,-0.043572000000000055,-0.043572000000000055,-0.043572000000000055,-7.810275103764745,-4.178284168243408
131,cnn,gan,0.0,0.36135280728360897,-1437.7739316658826,-1433.6455433062656,-1763.0332861630086,-1437.7326407925884,-0.4305440903958542,0.0,0.2688440156996292,0.26884401569962924,-0.26884401569962924,-0.12829912202483146,-0.13826786287562468,0.0,-4.085282893906481,-4.085282893906481,-4.085282893906481,0.0,-0.00012000000000000899,-0.00012000000000000899,-0.00012000000000000899,0.0,-0.0013279999999999959,-0.0013279999999999959,-0.0013279999999999959,0.0,-0.007191999999999976,-0.007191999999999976,-0.007191999999999976,0.0,-0.02135600000000004,-0.02135600000000004,-0.02135600000000004,0.0,-0.02562399999999998,-0.02562399999999998,-0.02562399999999998,0.0,-0.040372000000000074,-0.040372000000000074,-0.040372000000000074,-7.85594002958733,-5.274393081665039
132,cnn,gan,0.0,0.36097079111265984,-1454.9719552646038,-1452.4154982907476,-1737.1156517431555,-1454.7731103186034,-0.4233495525259947,0.0,0.2601922013668527,0.2601922013668525,-0.2601922013668525,-0.12705518233647323,-0.1292988318321253,0.0,4.246902267056033,4.246902267056033,4.246902267056033,0.0,0.00010799999999999699,0.00010799999999999699,0.00010799999999999699,0.0,0.0020480000000000498,0.0020480000000000498,0.0020480000000000498,0.0,-0.008199999999999985,-0.008199999999999985,-0.008199999999999985,0.0,-0.023996000000000017,-0.023996000000000017,-0.023996000000000017,0.0,-0.026951999999999976,-0.026951999999999976,-0.026951999999999976,0.0,-0.03628399999999998,-0.03628399999999998,-0.03628399999999998,-7.188627808985551,-4.677124977111816
133,cnn,gan,0.0,0.36399192022656734,-1504.7711814014074,-1500.9478658451408,-1762.2427969072342,-1504.4010969658884,-0.45996501471945894,0.0,0.2144111297865945,0.2144111297865945,-0.2144111297865945,-0.1360322558329129,-0.15024949003222565,0.0,14.375701398738027,14.375701398738027,14.375701398738027,0.0,-0.0014599999999999058,-0.0014599999999999058,-0.0014599999999999058,0.0,0.0022440000000000238,0.0022440000000000238,0.0022440000000000238,0.0,-0.006444000000000005,-0.006444000000000005,-0.006444000000000005,0.0,-0.026283999999999974,-0.026283999999999974,-0.026283999999999974,0.0,-0.030855999999999995,-0.030855999999999995,-0.030855999999999995,0.0,-0.03658399999999995,-0.03658399999999995,-0.03658399999999995,-7.33299796712231,-6.83430290222168
134,cnn,gan,0.0,0.3631330167263904,-1516.4313617129337,-1513.6623033366577,-1827.7413770227977,-1516.2373449212464,-0.48869896979853933,0.0,0.43878016449836665,0.43878016449836665,-0.43878016449836665,-0.14072422008693192,-0.1781069787988246,0.0,5.482370423494771,5.482370423494771,5.482370423494771,0.0,-0.0009719999999999729,-0.0009719999999999729,-0.0009719999999999729,0.0,-0.0005600000000000049,-0.0005600000000000049,-0.0005600000000000049,0.0,-0.01155600000000001,-0.01155600000000001,-0.01155600000000001,0.0,-0.025847999999999982,-0.025847999999999982,-0.025847999999999982,0.0,-0.02981200000000006,-0.02981200000000006,-0.02981200000000006,0.0,-0.02795599999999998,-0.02795599999999998,-0.02795599999999998,-6.0330662798448955,-4.411177635192871
135,cnn,gan,0.0,0.35033760427193883,-1401.9140112896694,-1399.3669938743478,-1681.305820303256,-1401.705168595723,-0.4976379753596878,0.0,0.3417059639951605,0.3417059639951605,-0.3417059639951605,-0.1417014217953349,-0.15546442245719583,0.0,-3.9942176086770615,-3.9942176086770615,-3.9942176086770615,0.0,-0.0008799999999999919,-0.0008799999999999919,-0.0008799999999999919,0.0,-0.0025560000000000027,-0.0025560000000000027,-0.0025560000000000027,0.0,-0.012227999999999906,-0.012227999999999906,-0.012227999999999906,0.0,-0.026428000000000007,-0.026428000000000007,-0.026428000000000007,0.0,-0.02452399999999999,-0.02452399999999999,-0.02452399999999999,0.0,-0.02668400000000004,-0.02668400000000004,-0.02668400000000004,-4.295268565888136,-3.061957359313965
136,cnn,gan,0.0,0.3374828063369151,-1358.122601914427,-1355.9140759293168,-1638.8803503552044,-1358.1345700451093,-0.46201834337869696,0.0,0.3004868297794696,0.3004868297794696,-0.3004868297794696,-0.11433004143073155,-0.11593962938809317,0.0,-12.425267037297683,-12.425267037297683,-12.425267037297683,0.0,-0.0006079999999999419,-0.0006079999999999419,-0.0006079999999999419,0.0,-0.0018960000000000088,-0.0018960000000000088,-0.0018960000000000088,0.0,-0.010055999999999954,-0.010055999999999954,-0.010055999999999954,0.0,-0.023488000000000064,-0.023488000000000064,-0.023488000000000064,0.0,-0.02254400000000001,-0.02254400000000001,-0.02254400000000001,0.0,-0.02355600000000002,-0.02355600000000002,-0.02355600000000002,-4.435637097452457,-6.272200107574463
137,cnn,gan,0.0,0.3410149192843228,-1287.0699551541602,-1283.8578008039476,-1579.2829506358466,-1287.0109214887507,-0.39220912415114073,0.0,0.32352452161198864,0.32352452161198864,-0.32352452161198864,-0.09507809143158075,-0.07717504742673147,0.0,-1.7377056187316207,-1.7377056187316207,-1.7377056187316207,0.0,-0.0021880000000000788,-0.0021880000000000788,-0.0021880000000000788,0.0,-0.0030879999999999797,-0.0030879999999999797,-0.0030879999999999797,0.0,-0.01379600000000003,-0.01379600000000003,-0.01379600000000003,0.0,-0.024551999999999907,-0.024551999999999907,-0.024551999999999907,0.0,-0.02319199999999999,-0.02319199999999999,-0.02319199999999999,0.0,-0.024923999999999946,-0.024923999999999946,-0.024923999999999946,-4.981765116062768,-9.630745887756348
138,cnn,gan,0.0,0.362767738416629,-1312.7213865644408,-1310.5575535089647,-1612.2369573658398,-1312.7218523575975,-0.3636745252291316,0.0,0.3509712044643018,0.35097120446430186,-0.35097120446430186,-0.1018120091498872,-0.09568367622937678,0.0,-11.650618944937792,-11.650618944937792,-6.061516319182351,0.0,-0.0006000000000000449,-0.0006000000000000449,-0.0006000000000000449,0.0,-0.0036559999999999926,-0.0036559999999999926,-0.0036559999999999926,0.0,-0.012815999999999939,-0.012815999999999939,-0.012815999999999939,0.0,-0.022316000000000003,-0.022316000000000003,-0.022316000000000003,0.0,-0.024912000000000045,-0.024912000000000045,-0.024912000000000045,0.0,-0.02961199999999997,-0.02961199999999997,-0.02961199999999997,-6.910218276005605,-4.4268999099731445
139,cnn,gan,0.0,0.3730150036116626,-1261.0739864471961,-1260.075161010198,-1625.6850298757854,-1261.0894061967265,-0.32464488340774333,0.0,0.30422176227319214,0.3042217622731921,-0.3042217622731921,-0.09011586017274559,-0.08237308661132733,0.0,-7.124890093324538,-7.124890093324538,-4.746618316079648,0.0,-0.001052000000000053,-0.001052000000000053,-0.001052000000000053,0.0,-0.0023999999999999577,-0.0023999999999999577,-0.0023999999999999577,0.0,-0.013860000000000094,-0.013860000000000094,-0.013860000000000094,0.0,-0.024424,-0.024424,-0.024424,0.0,-0.02613999999999994,-0.02613999999999994,-0.02613999999999994,0.0,-0.028151999999999955,-0.028151999999999955,-0.028151999999999955,-6.746475850104513,-2.720165252685547
140,cnn,gan,0.0,0.3779527010464605,-1142.918235054056,-1141.0032513816877,-1434.445707008901,-1142.918235054056,-0.22944915740294425,0.0,0.24131568169973933,0.24131568169973927,-0.24131568169973927,-0.08512646755614678,-0.054681209850661036,0.0,-5.290815009566035,-5.290815009566035,-5.290815009566035,0.0,-0.0009919999999999929,-0.0009919999999999929,-0.0009919999999999929,0.0,-0.0043080000000000895,-0.0043080000000000895,-0.0043080000000000895,0.0,-0.020896000000000026,-0.020896000000000026,-0.020896000000000026,0.0,-0.02194000000000007,-0.02194000000000007,-0.02194000000000007,0.0,-0.027088,-0.027088,-0.027088,0.0,-0.025011999999999923,-0.025011999999999923,-0.025011999999999923,-6.169441111280332,-2.2940902709960938
141,cnn,gan,0.0,0.40524965245830913,-1080.6471863516817,-1079.4459843538825,-1325.9899372516884,-1080.6214399167911,-0.10412131608721498,0.0,0.10829129506477814,0.10829129506477808,-0.10829129506477808,-0.08589318026299875,-0.0002529472341075145,0.0,-6.445814260952803,-6.445814260952803,-6.445814260952803,0.0,-0.0006039999999999379,-0.0006039999999999379,-0.0006039999999999379,0.0,-0.0025800000000000267,-0.0025800000000000267,-0.0025800000000000267,0.0,-0.023187999999999986,-0.023187999999999986,-0.023187999999999986,0.0,-0.025364000000000053,-0.025364000000000053,-0.025364000000000053,0.0,-0.02744000000000002,-0.02744000000000002,-0.02744000000000002,0.0,-0.028643999999999947,-0.028643999999999947,-0.028643999999999947,-6.0403216929852235,-4.391040325164795
142,cnn,gan,0.0,0.43495405288584976,-1093.3062105337976,-1088.246920907768,-1358.327206740185,-1093.2783878625214,0.051787881178308126,0.0,0.14134923042202563,0.14134923042202552,-0.14134923042202552,-0.07174458772241316,0.09404978735439926,0.0,-5.130155944896854,-5.130155944896854,-3.392263804675645,0.0,-0.00046000000000001595,-0.00046000000000001595,-0.00046000000000001595,0.0,-0.0043239999999999945,-0.0043239999999999945,-0.0043239999999999945,0.0,-0.02944000000000002,-0.02944000000000002,-0.02944000000000002,0.0,-0.033691999999999944,-0.033691999999999944,-0.033691999999999944,0.0,-0.03201199999999993,-0.03201199999999993,-0.03201199999999993,0.0,-0.030888000000000027,-0.030888000000000027,-0.030888000000000027,-5.7482931948610485,-7.354995250701904
143,cnn,gan,0.0,0.40164726940588835,-925.7866919435346,-919.2851394052468,-1160.107431273842,-925.8567178608682,0.0835152428784085,0.0,0.11525995581138876,0.11525995581138881,-0.11525995581138881,-0.05152173479301764,0.12529741333151484,0.0,-5.41542109636125,-5.41542109636125,-4.907789320944488,0.0,0.0014959999999999418,0.0014959999999999418,0.0014959999999999418,0.0,-0.0037960000000000216,-0.0037960000000000216,-0.0037960000000000216,0.0,-0.03554400000000002,-0.03554400000000002,-0.03554400000000002,0.0,-0.036831999999999976,-0.036831999999999976,-0.036831999999999976,0.0,-0.03258000000000005,-0.03258000000000005,-0.03258000000000005,0.0,-0.03237200000000001,-0.03237200000000001,-0.03237200000000001,-3.584378257294219,-8.548102855682373
144,cnn,gan,0.0,0.3546716337705753,-729.8165442852833,-708.9734072857782,-975.8018478468293,-729.627474098671,0.143431451942579,0.0,0.08862488416600045,0.08862488416600045,-0.08862488416600045,-0.03962295073837335,0.16281598924756446,0.0,-2.627171115806293,-2.627171115806293,0.5957882983184444,0.0,-0.00043199999999998795,-0.00043199999999998795,0.00043199999999998795,0.0,-0.008000000000000007,-0.008000000000000007,-0.008000000000000007,0.0,-0.03211599999999992,-0.03211599999999992,-0.03211599999999992,0.0,-0.03456799999999993,-0.03456799999999993,-0.03456799999999993,0.0,-0.03650399999999998,-0.03650399999999998,-0.03650399999999998,0.0,-0.039312000000000014,-0.039312000000000014,-0.039312000000000014,0.9120831650314898,-4.843965530395508
145,cnn,gan,0.0,0.3236770969316787,-571.9526778642366,-531.5514373857377,-780.5384211682867,-565.0617703154421,0.12257778925029172,0.0,0.016029947562478775,0.016029947562478775,-0.016029947562478775,-0.03613064176591635,0.17828765637665206,0.0,-3.903205884163219,-3.903205884163219,-3.903205884163219,0.0,-0.0048479999999999634,-0.0048479999999999634,0.0048479999999999634,0.0,-0.019232000000000027,-0.019232000000000027,-0.019232000000000027,0.0,-0.035295999999999994,-0.035295999999999994,-0.035295999999999994,0.0,-0.034856,-0.034856,-0.034856,0.0,-0.03368400000000005,-0.03368400000000005,-0.03368400000000005,0.0,-0.031055999999999973,-0.031055999999999973,-0.031055999999999973,4.054831422445396,-0.5344047546386719
146,cnn,gan,0.0,0.2689607704046324,-410.57289404461335,-366.0949312744251,-601.8267902647003,-388.29821894116276,0.04647209859515056,0.0,-0.06150035629474637,-0.06150035629474637,0.06150035629474637,-0.04090743863787072,0.173591096337991,0.0,-3.9774002451725234,-3.9774002451725234,-3.9774002451725234,0.0,-0.010287999999999964,-0.010287999999999964,0.010287999999999964,0.0,-0.022987999999999897,-0.022987999999999897,-0.022987999999999897,0.0,-0.03505199999999997,-0.03505199999999997,-0.03505199999999997,0.0,-0.036183999999999994,-0.036183999999999994,-0.036183999999999994,0.0,-0.03223999999999999,-0.03223999999999999,-0.03223999999999999,0.0,-0.023047999999999985,-0.023047999999999985,-0.023047999999999985,1.8348303807545676,-0.1784191131591797
147,cnn,gan,0.0,0.21049912928586423,-277.93972295397293,-234.86069235229024,-399.96623924105916,-252.87516477208055,-0.023368677760290613,0.0,-0.2011278800737591,-0.20112788007375915,0.20112788007375915,-0.04002832087149705,0.1847089728124403,0.0,-4.375205928747619,-4.375205928747619,-4.375205928747619,0.0,-0.009043999999999941,-0.009043999999999941,0.009043999999999941,0.0,-0.024115999999999915,-0.024115999999999915,-0.024115999999999915,0.0,-0.018212000000000006,-0.018212000000000006,-0.018212000000000006,0.0,-0.019164000000000014,-0.019164000000000014,-0.019164000000000014,0.0,-0.018452000000000024,-0.018452000000000024,-0.018452000000000024,0.0,-0.01677999999999999,-0.01677999999999999,-0.01677999999999999,-0.6231931286841856,-0.9622330665588379
148,cnn,gan,0.0,0.18196356443931805,-189.09930580999753,-135.31693495377272,-289.512592331826,-137.9015452902779,0.022316803743289926,0.0,-0.2053104721146617,-0.2053104721146617,0.2053104721146617,-0.03116728013019593,0.19231632762735065,0.0,-1.9811015425445682,-1.9811015425445682,-1.9811015425445682,0.0,-0.015616000000000074,-0.015616000000000074,0.015616000000000074,0.0,-0.03184399999999998,-0.03184399999999998,0.03184399999999998,0.0,-0.017128000000000004,-0.017128000000000004,-0.017128000000000004,0.0,-0.01618,-0.01618,-0.01618,0.0,-0.020339999999999997,-0.020339999999999983,-0.020339999999999983,0.0,-0.011931999999999998,-0.011931999999999998,-0.011931999999999998,0.8731374820529325,-1.4000630378723145
149,cnn,gan,0.0,0.14916029630641248,-135.45522391836812,-79.70489742639688,-213.65155403059907,-64.17760578883849,0.09338510923948617,0.0,-0.3279425429831213,-0.3279425429831214,0.3279425429831214,-0.023952404553879703,0.21557939704886575,0.0,-9.122261515287084,-9.122261515287084,-9.122261515287084,0.0,-0.01667200000000002,-0.01667200000000002,0.01667200000000002,0.0,-0.023892000000000024,-0.023892000000000024,0.023892000000000024,0.0,-0.016195999999999988,-0.016195999999999988,-0.016195999999999988,0.0,-0.015904,-0.015904,-0.015904,0.0,-0.015219999999999997,-0.015219999999999997,-0.015219999999999997,0.0,-0.006100000000000001,-0.006100000000000001,-0.006100000000000001,3.389177741174752,0.9028110504150391
150,cnn,gan,0.0,0.1506966476128504,-96.00333490479215,-51.63911500888378,-139.55043710236555,-12.673634628814227,0.132767819978589,0.0,-0.30520315305215445,-0.3052031530521545,0.3052031530521545,-0.02215031820693436,0.17934325905826717,0.0,-6.731067580592505,-6.731067580592505,-6.731067580592505,0.0,-0.024468000000000045,-0.024468000000000045,0.024468000000000045,0.0,-0.016596,-0.016596,0.016596,0.0,-0.011439999999999999,-0.011439999999999999,-0.011439999999999999,0.0,-0.014024000000000009,-0.014024000000000009,-0.0021519999999999873,0.0,-0.011539999999999995,-0.011539999999999995,-0.011539999999999995,0.0,-0.004652000000000003,-0.004652000000000003,-0.004652000000000003,3.2948898790059324,-0.5854878425598145
151,cnn,gan,0.0,0.13954107430544127,-77.74984242995535,-44.77108269615769,-121.75945271845421,-16.8272798361466,0.20785498528873353,0.0,-0.39354903410500136,-0.3935490341050013,0.3935490341050013,-0.028473755965011005,0.18385803721221877,0.0,-2.0608333625074238,-2.0608333625074238,-2.0608333625074238,0.0,-0.01599600000000001,-0.01599600000000001,0.01599600000000001,0.0,-0.012891999999999987,-0.012891999999999987,0.012891999999999987,0.0,-0.010703999999999998,-0.010703999999999998,-0.010703999999999998,0.0,-0.008852000000000013,-0.008852000000000013,0.008852000000000013,0.0,-0.010644,-0.010644,-0.010644,0.0,-0.008536,-0.008536,-0.008536,2.92494254151298,-0.8217883110046387
152,cnn,gan,0.0,0.1349023690612725,-63.70523088385238,-37.39930809700866,-117.53080386853503,-25.002267080954653,0.2589975897359009,0.0,-0.29064367323409035,-0.29064367323409035,0.29064367323409035,-0.04216906834514644,0.1527460855010288,0.0,-6.406131115098027,-6.406131115098027,-6.406131115098027,0.0,-0.014348000000000027,-0.014348000000000027,0.014348000000000027,0.0,-0.010051999999999978,-0.010051999999999978,0.010051999999999978,0.0,-0.009284,-0.009284,-0.009284,0.0,-0.004515999999999992,-0.004515999999999992,-0.004515999999999992,0.0,-0.007780000000000002,-0.007780000000000002,-0.007780000000000002,0.0,-0.008084,-0.008084,-0.008084,4.605073698687995,-1.591416358947754
153,cnn,gan,0.0,0.1528754475691585,-53.130670496808825,-32.72351128654384,-101.60506967655192,-28.83960705579517,0.4460807484048815,0.0,-0.32943260969789456,-0.32943260969789456,0.32943260969789456,-0.04617931292438471,0.13180878972809656,0.0,-4.394474266388638,-4.394474266388638,-4.394474266388638,0.0,-0.012956000000000079,-0.012956000000000079,0.012956000000000079,0.0,-0.008036000000000043,-0.008036000000000043,0.008036000000000043,0.0,-0.007436000000000005,-0.007436000000000005,-0.007436000000000005,0.0,-0.003271999999999997,-0.003271999999999997,-0.003271999999999997,0.0,-0.008099999999999996,-0.008099999999999996,-0.008099999999999996,0.0,-0.00716,-0.00716,-0.00716,3.513661916261949,-1.7476177215576172
154,cnn,gan,0.0,0.15455806059266308,-45.077337544672645,-27.888462778297935,-82.71078061600906,-28.623849034282784,0.5632339807321785,0.0,-0.2983177984363145,-0.29831779843631445,0.29831779843631445,-0.05297256916122062,0.08814552852816582,0.0,2.1049252225492694,2.1049252225492694,2.1049252225492694,0.0,-0.010187999999999975,-0.010187999999999975,0.010187999999999975,0.0,-0.010000000000000009,-0.010000000000000009,-0.010000000000000009,0.0,-0.003975999999999993,-0.003975999999999993,-0.003975999999999993,0.0,-0.008071999999999996,-0.008071999999999996,-0.008071999999999996,0.0,-0.006196000000000007,-0.006196000000000007,-0.006196000000000007,0.0,-0.0033119999999999955,-0.0033119999999999955,-0.0033119999999999955,2.046242443066216,-5.064479827880859
155,cnn,gan,0.0,0.1569519511357349,-36.19848625142208,-18.00356239110556,-68.61904055197942,-22.225166156492605,0.6848669924535771,0.0,-0.274463132109471,-0.27446313210947093,0.27446313210947093,-0.050949164495298405,0.06913511915608052,0.0,4.922594548980577,4.922594548980577,4.922594548980577,0.0,-0.018859999999999988,-0.018859999999999988,0.018859999999999988,0.0,-0.00914799999999999,-0.00914799999999999,-0.00914799999999999,0.0,-0.0009600000000000025,-0.0009600000000000025,-0.0009600000000000025,0.0,-0.006379999999999997,-0.006379999999999997,-0.006379999999999997,0.0,-0.0037639999999999896,-0.0037639999999999896,-0.0037639999999999896,0.0,-0.0005119999999999986,-0.0005119999999999986,-0.0005119999999999986,0.6911956398358079,-0.5219993591308594
156,cnn,gan,0.0,0.15675040939009932,-32.73808435022727,-20.52647461249967,-73.08198326574052,-25.362394554514253,0.7276723286624989,0.0,-0.2206111847682365,-0.2206111847682365,0.2206111847682365,-0.06113254972860599,0.041612827976215905,0.0,31.290044448025846,31.290044448025846,31.290044448025846,0.0,-0.011607999999999952,-0.011607999999999952,0.011607999999999952,0.0,-0.011775999999999953,-0.011775999999999953,-0.011775999999999953,0.0,-0.0008719999999999978,-0.0008719999999999978,-0.0008719999999999978,0.0,-0.006340000000000012,-0.006340000000000012,-0.006340000000000012,0.0,-0.0012800000000000034,-0.0012800000000000034,-0.0012800000000000034,0.0,-0.0007800000000000029,-0.0007800000000000029,-0.0007800000000000029,-0.9690805604017712,-2.363565444946289
157,cnn,gan,0.0,0.11702135580122253,-20.36542988646704,-12.61885291208523,-37.68012084123188,-17.350736359601342,0.7659304945336758,0.0,-0.1487617901607018,-0.1487617901607018,0.1487617901607018,-0.04778976344811775,0.05904852423121072,0.0,-5.628435428231747,-5.628435428231747,-5.628435428231747,0.0,-0.005580000000000029,-0.005580000000000029,0.005580000000000029,0.0,-0.0050080000000000124,-0.0050080000000000124,-0.0050080000000000124,0.0,0.0020720000000000183,0.0020720000000000183,0.0020720000000000183,0.0,-0.0047439999999999705,-0.0047439999999999705,-0.0047439999999999705,0.0,-0.003039999999999987,-0.003039999999999987,-0.003039999999999987,0.0,0.00136,0.00136,0.00136,-1.7153663707868425,-1.4936833381652832
158,cnn,gan,0.0,0.12157210428838638,-16.24512835076689,-8.881108174171914,-5.722906773710292,-13.7289048967167,1.0034936153911707,0.0,0.25693345723138916,0.25693345723138916,-0.25693345723138916,-0.04039012614092111,0.06782257630838939,0.0,-3.187225169811004,-3.187225169811004,3.187225169811004,0.0,-0.009528000000000092,-0.009528000000000092,-0.009528000000000092,0.0,-0.0042320000000000135,-0.0042320000000000135,-0.0042320000000000135,0.0,0.0021880000000000024,0.0021880000000000024,0.0021880000000000024,0.0,-0.008576000000000028,-0.008576000000000028,-0.008576000000000028,0.0,-0.0015000000000000013,-0.0015000000000000013,-0.0015000000000000013,0.0,-0.004748000000000002,-0.004748000000000002,-0.004748000000000002,0.4549917730899864,-2.3177075386047363
159,cnn,gan,0.0,0.13456925871181724,-9.286593960231244,-3.034951571343413,9.909423608474754,-7.314848773154438,1.0312234827657771,0.0,0.2159531739871542,0.2159531739871542,-0.2159531739871542,-0.04982932114590358,0.02019174321246202,0.0,-4.235387507239594,-4.235387507239594,4.235387507239594,0.0,-0.010060000000000069,-0.010060000000000069,-0.010060000000000069,0.0,-0.009019999999999972,-0.009019999999999972,-0.009019999999999972,0.0,0.0019959999999999978,0.0019959999999999978,0.0019959999999999978,0.0,-0.010136000000000034,-0.010136000000000034,-0.010136000000000034,0.0,-0.009595999999999993,-0.009595999999999993,-0.009595999999999993,0.0,-0.0010040000000000049,-0.0010040000000000049,-0.0010040000000000049,2.150757342770646,0.33008766174316406
160,cnn,gan,0.0,0.10813829381849871,-8.3655568161127,-1.2875791715848663,5.976810014876719,-5.794383386906418,0.9308916563791302,0.0,0.27690072315363845,0.27690072315363845,-0.27690072315363845,-0.049131638851537346,0.001766150853954554,0.0,-4.866446900787878,-4.866446900787878,4.866446900787878,0.0,-0.006468000000000029,-0.006468000000000029,-0.006468000000000029,0.0,-0.0040160000000000196,-0.0040160000000000196,-0.0040160000000000196,0.0,0.0034800000000000005,0.0034800000000000005,0.0034800000000000005,0.0,-0.006808000000000036,-0.006808000000000036,-0.006808000000000036,0.0,-0.0020400000000000418,-0.0020400000000000418,-0.0020400000000000418,0.0,-0.0007560000000000067,-0.0007560000000000067,-0.0007560000000000067,0.5797066269855549,0.2288818359375
161,cnn,gan,0.0,0.03869317696831942,-5.4296967973899655,2.2270866225300097,11.114517319416677,-2.5778960759282654,0.6112509039820417,0.0,0.114205832932465,0.114205832932465,-0.114205832932465,-0.049850713634761706,-0.011340724718798857,0.0,-11.767640058257648,-11.767640058257648,11.767640058257648,0.0,-0.00814400000000004,-0.00814400000000004,-0.00814400000000004,0.0,-0.0050080000000000124,-0.0050080000000000124,-0.0050080000000000124,0.0,-0.001356,-0.001356,0.001356,0.0,-0.0033360000000000056,-0.0033360000000000056,-0.0033360000000000056,0.0,-0.0033400000000000096,-0.0033400000000000096,-0.0033400000000000096,0.0,-0.001700000000000007,-0.001700000000000007,-0.001700000000000007,0.8361118474302494,0.7449359893798828
162,cnn,gan,0.0,0.028423369688105993,-6.657652685151504,-0.39469187989124066,0.43497089593154215,-2.8843991976360144,0.3620309512108081,0.0,0.2655002264398958,0.2655002264398958,-0.2655002264398958,-0.050573318077477336,-0.016568342484257384,0.0,-3.609209727995591,-3.609209727995591,3.609209727995591,0.0,-0.00880000000000003,-0.00880000000000003,-0.00880000000000003,0.0,-0.0014959999999999973,-0.0014959999999999973,-0.0014959999999999973,0.0,-0.000464,-0.000464,0.000464,0.0,-0.0014320000000000443,-0.0014320000000000443,-0.0014320000000000443,0.0,-0.0008440000000000114,-0.0008440000000000114,-0.0008440000000000114,0.0,0.0007600000000000107,0.0007600000000000107,0.0007600000000000107,0.9320904551208535,-4.059481143951416
163,cnn,gan,0.0,0.017197961366910874,-8.946070298653751,-3.353700199071966,-6.267095612432627,-1.2235960590329569,0.07645336599671404,0.0,0.2535422108004636,0.2535422108004636,-0.2535422108004636,-0.050418401850747946,-0.018569313440412225,0.0,-6.22430342581832,-6.22430342581832,6.22430342581832,0.0,-0.011900000000000022,-0.011900000000000022,0.011900000000000022,0.0,0.00034000000000000696,0.00034000000000000696,0.00034000000000000696,0.0,-0.0006839999999999999,-0.0006839999999999997,0.0006839999999999997,0.0,-0.006587999999999983,-0.006587999999999983,-0.006587999999999983,0.0,-0.005135999999999974,-0.005135999999999974,-0.005135999999999974,0.0,-0.0015440000000000002,-0.0015440000000000002,0.0015440000000000002,-0.09228039084478468,-2.0805301666259766
164,cnn,gan,0.0,0.049373181135443645,-15.090005127485341,-6.944083804351408,-55.15473537480773,-2.9815594925021287,-0.11912946831794924,0.0,0.03127465922032391,0.03127465922032391,-0.03127465922032391,-0.05071008258710505,0.003554344081901223,0.0,-30.92059893047351,-30.92059893047351,11.773420859826992,0.0,-0.009543999999999997,-0.009543999999999997,0.009543999999999997,0.0,-0.0036519999999999886,-0.0036519999999999886,-0.0036519999999999886,0.0,-0.0007440000000000001,-0.0007439999999999999,0.0007439999999999999,0.0,-0.007512000000000019,-0.007512000000000019,-0.007512000000000019,0.0,-0.004155999999999993,-0.004155999999999993,-0.004155999999999993,0.0,-0.0009040000000000001,-0.0009039999999999994,0.0009039999999999994,0.38306886639808724,-11.164104461669922
165,cnn,gan,0.0,0.03326561051744292,-18.58927072910315,-7.217921023608426,-98.8017072384664,-4.376517145888556,-0.08966175076267191,0.0,-0.04299885554230731,-0.04299885554230731,0.04299885554230731,-0.054431775964372875,0.053217577821223425,0.0,-16.096292923313634,-16.096292923313634,3.854462466876136,0.0,-0.010616000000000014,-0.010616000000000014,0.010616000000000014,0.0,-0.0034080000000000082,-0.0034080000000000082,-0.0034080000000000082,0.0,-0.0005559999999999999,-0.0005560000000000009,0.0005560000000000009,0.0,-0.009136000000000005,-0.009136000000000005,-0.009136000000000005,0.0,-0.006631999999999999,-0.006631999999999999,-0.006631999999999999,0.0,-0.0005279999999999999,-0.0005280000000000007,0.0005280000000000007,0.3706887417905449,-11.170099258422852
166,cnn,gan,0.0,0.054546765617160986,-21.855545115991504,-2.5166604121122305,-109.15112270984321,13.09323824560542,0.03157902967759185,0.0,0.014831196457633533,0.014831196457633533,-0.014831196457633533,-0.04685611166960951,0.07441835159971681,0.0,-3.51625492629411,-3.51625492629411,-3.51625492629411,0.0,-0.016864000000000046,-0.016864000000000046,0.016864000000000046,0.0,-0.0036600000000000035,-0.0036600000000000035,0.0036600000000000035,0.0,-0.00112,-0.0011199999999999995,0.0011199999999999995,0.0,-0.0019600000000000034,-0.0019600000000000034,0.0019600000000000034,0.0,-0.0046079999999999975,-0.0046079999999999975,0.0046079999999999975,0.0,-0.0005840000000000001,-0.0005840000000000012,0.0005840000000000012,3.4301435219971985,-10.963193893432617
167,cnn,gan,0.0,0.07888637633640272,-31.609347372069948,-11.936192586460322,-145.06616944938685,15.188423780267954,0.08915259139177423,0.0,0.1904731278969607,0.1904731278969607,-0.1904731278969607,-0.0497070926958455,0.08599247280323599,0.0,-1.0001656490403619,-1.0001656490403619,-1.0001656490403619,0.0,-0.01717200000000002,-0.01717200000000002,0.01717200000000002,0.0,-0.0032320000000000057,-0.0032320000000000057,0.0032320000000000057,0.0,-0.00234,-0.00234,0.00234,0.0,-0.0037440000000000043,-0.0037440000000000043,0.0037440000000000043,0.0,-0.0010520000000000009,-0.0010520000000000009,0.0010520000000000009,0.0,-0.0014119999999999992,-0.0014119999999999992,0.0014119999999999992,0.9346243329310653,-11.170075416564941
