method,sample_idx,metric_column,value
cnn,0,psnr,31.44863091961014
cnn,0,wpd_bias,3.322278106063319
cnn,0,wpd_mae,221.5959260435228
cnn,0,wpd_rmse,631.3353259921904
cnn,0,wpd_w1,12.176706260719543
cnn,0,psd_log_l2,0.5255543702425648
cnn,0,psd_slope_gt,2.6422928096341036
cnn,0,psd_slope_sr,1.3967357260618805
cnn,0,psd_slope_delta,-1.2455570835722232
cnn,0,psd_slope_abs_delta,1.2455570835722232
cnn,0,grad_mae,0.35707416951186594
cnn,0,grad_w1,0.14188089210899743
cnn,0,grad_kurtosis_gt,22.02973963265129
cnn,0,grad_kurtosis_sr,18.315687056488517
cnn,0,grad_kurtosis_delta,-3.7140525761627714
cnn,0,grad_kurtosis_abs_delta,3.7140525761627714
cnn,0,exceed_frac_gt_t5,0.606616
cnn,0,exceed_frac_sr_t5,0.603408
cnn,0,exceed_frac_delta_t5,-0.0032079999999999886
cnn,0,exceed_frac_abs_delta_t5,0.0032079999999999886
cnn,0,exceed_frac_gt_t10,0.220788
cnn,0,exceed_frac_sr_t10,0.217076
cnn,0,exceed_frac_delta_t10,-0.003712000000000021
cnn,0,exceed_frac_abs_delta_t10,0.003712000000000021
cnn,0,exceed_frac_gt_t15,0.036864
cnn,0,exceed_frac_sr_t15,0.0379
cnn,0,exceed_frac_delta_t15,0.0010360000000000022
cnn,0,exceed_frac_abs_delta_t15,0.0010360000000000022
cnn,0,exceed_frac_gt_p90,0.1
cnn,0,exceed_frac_sr_p90,0.098044
cnn,0,exceed_frac_delta_p90,-0.0019559999999999994
cnn,0,exceed_frac_abs_delta_p90,0.0019559999999999994
cnn,0,exceed_frac_gt_p95,0.05
cnn,0,exceed_frac_sr_p95,0.05154
cnn,0,exceed_frac_delta_p95,0.0015399999999999997
cnn,0,exceed_frac_abs_delta_p95,0.0015399999999999997
cnn,0,exceed_frac_gt_p99,0.01
cnn,0,exceed_frac_sr_p99,0.01014
cnn,0,exceed_frac_delta_p99,0.0001399999999999995
cnn,0,exceed_frac_abs_delta_p99,0.0001399999999999995
cnn,0,pd_distance,24.384505325565424
cnn,0,mt_distance,5.051645278930664
cnn,0,ssim,0.6335844954540828
cnn,1,psnr,31.692299766082456
cnn,1,wpd_bias,-10.048282138120044
cnn,1,wpd_mae,243.81812028203902
cnn,1,wpd_rmse,675.4263819296079
cnn,1,wpd_w1,15.54843536779524
cnn,1,psd_log_l2,0.5512168481123898
cnn,1,psd_slope_gt,2.7129186069163524
cnn,1,psd_slope_sr,1.3163688441197248
cnn,1,psd_slope_delta,-1.3965497627966277
cnn,1,psd_slope_abs_delta,1.3965497627966277
cnn,1,grad_mae,0.365122821373616
cnn,1,grad_w1,0.15998756825210722
cnn,1,grad_kurtosis_gt,21.59752764304492
cnn,1,grad_kurtosis_sr,17.86956520454517
cnn,1,grad_kurtosis_delta,-3.7279624384997483
cnn,1,grad_kurtosis_abs_delta,3.7279624384997483
cnn,1,exceed_frac_gt_t5,0.630292
cnn,1,exceed_frac_sr_t5,0.632168
cnn,1,exceed_frac_delta_t5,0.0018759999999999888
cnn,1,exceed_frac_abs_delta_t5,0.0018759999999999888
cnn,1,exceed_frac_gt_t10,0.2575
cnn,1,exceed_frac_sr_t10,0.257344
cnn,1,exceed_frac_delta_t10,-0.00015599999999998948
cnn,1,exceed_frac_abs_delta_t10,0.00015599999999998948
cnn,1,exceed_frac_gt_t15,0.046844
cnn,1,exceed_frac_sr_t15,0.045652
cnn,1,exceed_frac_delta_t15,-0.0011919999999999986
cnn,1,exceed_frac_abs_delta_t15,0.0011919999999999986
cnn,1,exceed_frac_gt_p90,0.1
cnn,1,exceed_frac_sr_p90,0.096608
cnn,1,exceed_frac_delta_p90,-0.003392000000000006
cnn,1,exceed_frac_abs_delta_p90,0.003392000000000006
cnn,1,exceed_frac_gt_p95,0.05
cnn,1,exceed_frac_sr_p95,0.048664
cnn,1,exceed_frac_delta_p95,-0.0013360000000000039
cnn,1,exceed_frac_abs_delta_p95,0.0013360000000000039
cnn,1,exceed_frac_gt_p99,0.01
cnn,1,exceed_frac_sr_p99,0.009076
cnn,1,exceed_frac_delta_p99,-0.0009239999999999995
cnn,1,exceed_frac_abs_delta_p99,0.0009239999999999995
cnn,1,pd_distance,24.612518312283534
cnn,1,mt_distance,4.678010940551758
cnn,1,ssim,0.6378450016412086
cnn,2,psnr,31.54699072539859
cnn,2,wpd_bias,-13.715405071461689
cnn,2,wpd_mae,271.04069176081435
cnn,2,wpd_rmse,727.5703606765762
cnn,2,wpd_w1,19.60719507954446
cnn,2,psd_log_l2,0.543724831697504
cnn,2,psd_slope_gt,2.7598653808089275
cnn,2,psd_slope_sr,1.3892645713010285
cnn,2,psd_slope_delta,-1.370600809507899
cnn,2,psd_slope_abs_delta,1.370600809507899
cnn,2,grad_mae,0.37335805477379874
cnn,2,grad_w1,0.1699299385733475
cnn,2,grad_kurtosis_gt,20.27101350618725
cnn,2,grad_kurtosis_sr,16.81370946221437
cnn,2,grad_kurtosis_delta,-3.4573040439728793
cnn,2,grad_kurtosis_abs_delta,3.4573040439728793
cnn,2,exceed_frac_gt_t5,0.659104
cnn,2,exceed_frac_sr_t5,0.659272
cnn,2,exceed_frac_delta_t5,0.00016799999999994597
cnn,2,exceed_frac_abs_delta_t5,0.00016799999999994597
cnn,2,exceed_frac_gt_t10,0.29094
cnn,2,exceed_frac_sr_t10,0.291576
cnn,2,exceed_frac_delta_t10,0.0006360000000000254
cnn,2,exceed_frac_abs_delta_t10,0.0006360000000000254
cnn,2,exceed_frac_gt_t15,0.058684
cnn,2,exceed_frac_sr_t15,0.057324
cnn,2,exceed_frac_delta_t15,-0.00136
cnn,2,exceed_frac_abs_delta_t15,0.00136
cnn,2,exceed_frac_gt_p90,0.1
cnn,2,exceed_frac_sr_p90,0.098268
cnn,2,exceed_frac_delta_p90,-0.0017320000000000113
cnn,2,exceed_frac_abs_delta_p90,0.0017320000000000113
cnn,2,exceed_frac_gt_p95,0.05
cnn,2,exceed_frac_sr_p95,0.048688
cnn,2,exceed_frac_delta_p95,-0.0013120000000000007
cnn,2,exceed_frac_abs_delta_p95,0.0013120000000000007
cnn,2,exceed_frac_gt_p99,0.01
cnn,2,exceed_frac_sr_p99,0.00868
cnn,2,exceed_frac_delta_p99,-0.00132
cnn,2,exceed_frac_abs_delta_p99,0.00132
cnn,2,pd_distance,25.200926367648954
cnn,2,mt_distance,4.894824504852295
cnn,2,ssim,0.6223940258968236
cnn,3,psnr,31.5904468469398
cnn,3,wpd_bias,-22.106081627235685
cnn,3,wpd_mae,296.56161909193986
cnn,3,wpd_rmse,779.768079017902
cnn,3,wpd_w1,26.5938643061863
cnn,3,psd_log_l2,0.5686630178775349
cnn,3,psd_slope_gt,2.8148813567348094
cnn,3,psd_slope_sr,1.3974667508403935
cnn,3,psd_slope_delta,-1.417414605894416
cnn,3,psd_slope_abs_delta,1.417414605894416
cnn,3,grad_mae,0.38173743666645943
cnn,3,grad_w1,0.18302102901570666
cnn,3,grad_kurtosis_gt,20.3035498291027
cnn,3,grad_kurtosis_sr,17.252790729164012
cnn,3,grad_kurtosis_delta,-3.0507590999386878
cnn,3,grad_kurtosis_abs_delta,3.0507590999386878
cnn,3,exceed_frac_gt_t5,0.6922
cnn,3,exceed_frac_sr_t5,0.692576
cnn,3,exceed_frac_delta_t5,0.00037599999999993194
cnn,3,exceed_frac_abs_delta_t5,0.00037599999999993194
cnn,3,exceed_frac_gt_t10,0.323652
cnn,3,exceed_frac_sr_t10,0.32476
cnn,3,exceed_frac_delta_t10,0.0011079999999999979
cnn,3,exceed_frac_abs_delta_t10,0.0011079999999999979
cnn,3,exceed_frac_gt_t15,0.071708
cnn,3,exceed_frac_sr_t15,0.069064
cnn,3,exceed_frac_delta_t15,-0.0026439999999999936
cnn,3,exceed_frac_abs_delta_t15,0.0026439999999999936
cnn,3,exceed_frac_gt_p90,0.1
cnn,3,exceed_frac_sr_p90,0.097356
cnn,3,exceed_frac_delta_p90,-0.0026440000000000075
cnn,3,exceed_frac_abs_delta_p90,0.0026440000000000075
cnn,3,exceed_frac_gt_p95,0.05
cnn,3,exceed_frac_sr_p95,0.046996
cnn,3,exceed_frac_delta_p95,-0.0030039999999999997
cnn,3,exceed_frac_abs_delta_p95,0.0030039999999999997
cnn,3,exceed_frac_gt_p99,0.01
cnn,3,exceed_frac_sr_p99,0.00826
cnn,3,exceed_frac_delta_p99,-0.0017400000000000002
cnn,3,exceed_frac_abs_delta_p99,0.0017400000000000002
cnn,3,pd_distance,24.87627415927669
cnn,3,mt_distance,4.794641017913818
cnn,3,ssim,0.6252808362395419
cnn,4,psnr,31.16854735228141
cnn,4,wpd_bias,-27.076085278503694
cnn,4,wpd_mae,312.23008605350753
cnn,4,wpd_rmse,795.3393481668863
cnn,4,wpd_w1,33.36635429998364
cnn,4,psd_log_l2,0.5436400529361233
cnn,4,psd_slope_gt,2.7681666845347146
cnn,4,psd_slope_sr,1.5045558011279265
cnn,4,psd_slope_delta,-1.263610883406788
cnn,4,psd_slope_abs_delta,1.263610883406788
cnn,4,grad_mae,0.3920347216306909
cnn,4,grad_w1,0.18725240635725657
cnn,4,grad_kurtosis_gt,19.823823685874085
cnn,4,grad_kurtosis_sr,16.903891688434346
cnn,4,grad_kurtosis_delta,-2.9199319974397397
cnn,4,grad_kurtosis_abs_delta,2.9199319974397397
cnn,4,exceed_frac_gt_t5,0.735992
cnn,4,exceed_frac_sr_t5,0.735724
cnn,4,exceed_frac_delta_t5,-0.00026799999999993496
cnn,4,exceed_frac_abs_delta_t5,0.00026799999999993496
cnn,4,exceed_frac_gt_t10,0.362432
cnn,4,exceed_frac_sr_t10,0.3639
cnn,4,exceed_frac_delta_t10,0.0014680000000000248
cnn,4,exceed_frac_abs_delta_t10,0.0014680000000000248
cnn,4,exceed_frac_gt_t15,0.08138
cnn,4,exceed_frac_sr_t15,0.078
cnn,4,exceed_frac_delta_t15,-0.003379999999999994
cnn,4,exceed_frac_abs_delta_t15,0.003379999999999994
cnn,4,exceed_frac_gt_p90,0.1
cnn,4,exceed_frac_sr_p90,0.094456
cnn,4,exceed_frac_delta_p90,-0.005544000000000007
cnn,4,exceed_frac_abs_delta_p90,0.005544000000000007
cnn,4,exceed_frac_gt_p95,0.05
cnn,4,exceed_frac_sr_p95,0.045888
cnn,4,exceed_frac_delta_p95,-0.0041120000000000045
cnn,4,exceed_frac_abs_delta_p95,0.0041120000000000045
cnn,4,exceed_frac_gt_p99,0.01
cnn,4,exceed_frac_sr_p99,0.00864
cnn,4,exceed_frac_delta_p99,-0.00136
cnn,4,exceed_frac_abs_delta_p99,0.00136
cnn,4,pd_distance,24.810879874900778
cnn,4,mt_distance,4.892229080200195
cnn,4,ssim,0.6188264630640096
cnn,5,psnr,31.066356029873372
cnn,5,wpd_bias,-29.871797415116948
cnn,5,wpd_mae,331.20302392786385
cnn,5,wpd_rmse,814.1251512794533
cnn,5,wpd_w1,35.32829511630865
cnn,5,psd_log_l2,0.5583519999584546
cnn,5,psd_slope_gt,2.752955266017228
cnn,5,psd_slope_sr,1.5278230879395032
cnn,5,psd_slope_delta,-1.2251321780777247
cnn,5,psd_slope_abs_delta,1.2251321780777247
cnn,5,grad_mae,0.40084965022376245
cnn,5,grad_w1,0.19427018172256152
cnn,5,grad_kurtosis_gt,19.919202973031233
cnn,5,grad_kurtosis_sr,17.302438518572455
cnn,5,grad_kurtosis_delta,-2.616764454458778
cnn,5,grad_kurtosis_abs_delta,2.616764454458778
cnn,5,exceed_frac_gt_t5,0.790428
cnn,5,exceed_frac_sr_t5,0.788376
cnn,5,exceed_frac_delta_t5,-0.0020520000000000538
cnn,5,exceed_frac_abs_delta_t5,0.0020520000000000538
cnn,5,exceed_frac_gt_t10,0.398252
cnn,5,exceed_frac_sr_t10,0.3987
cnn,5,exceed_frac_delta_t10,0.00044800000000000395
cnn,5,exceed_frac_abs_delta_t10,0.00044800000000000395
cnn,5,exceed_frac_gt_t15,0.087164
cnn,5,exceed_frac_sr_t15,0.08024
cnn,5,exceed_frac_delta_t15,-0.006924
cnn,5,exceed_frac_abs_delta_t15,0.006924
cnn,5,exceed_frac_gt_p90,0.1
cnn,5,exceed_frac_sr_p90,0.09232
cnn,5,exceed_frac_delta_p90,-0.007680000000000006
cnn,5,exceed_frac_abs_delta_p90,0.007680000000000006
cnn,5,exceed_frac_gt_p95,0.05
cnn,5,exceed_frac_sr_p95,0.044648
cnn,5,exceed_frac_delta_p95,-0.005352000000000003
cnn,5,exceed_frac_abs_delta_p95,0.005352000000000003
cnn,5,exceed_frac_gt_p99,0.01
cnn,5,exceed_frac_sr_p99,0.00866
cnn,5,exceed_frac_delta_p99,-0.001340000000000001
cnn,5,exceed_frac_abs_delta_p99,0.001340000000000001
cnn,5,pd_distance,27.01852197077857
cnn,5,mt_distance,5.628478050231934
cnn,5,ssim,0.5860435401093661
cnn,6,psnr,31.338762401290875
cnn,6,wpd_bias,-38.64744441680193
cnn,6,wpd_mae,326.5449725055528
cnn,6,wpd_rmse,773.1061532402149
cnn,6,wpd_w1,44.35720204250285
cnn,6,psd_log_l2,0.5657284148063008
cnn,6,psd_slope_gt,2.708055286320496
cnn,6,psd_slope_sr,1.4861530035330344
cnn,6,psd_slope_delta,-1.2219022827874617
cnn,6,psd_slope_abs_delta,1.2219022827874617
cnn,6,grad_mae,0.3975062725174918
cnn,6,grad_w1,0.19936101988821434
cnn,6,grad_kurtosis_gt,19.21963214301053
cnn,6,grad_kurtosis_sr,16.91863752435772
cnn,6,grad_kurtosis_delta,-2.3009946186528083
cnn,6,grad_kurtosis_abs_delta,2.3009946186528083
cnn,6,exceed_frac_gt_t5,0.829016
cnn,6,exceed_frac_sr_t5,0.825932
cnn,6,exceed_frac_delta_t5,-0.0030839999999999756
cnn,6,exceed_frac_abs_delta_t5,0.0030839999999999756
cnn,6,exceed_frac_gt_t10,0.434664
cnn,6,exceed_frac_sr_t10,0.436272
cnn,6,exceed_frac_delta_t10,0.0016079999999999983
cnn,6,exceed_frac_abs_delta_t10,0.0016079999999999983
cnn,6,exceed_frac_gt_t15,0.090252
cnn,6,exceed_frac_sr_t15,0.083088
cnn,6,exceed_frac_delta_t15,-0.007164000000000004
cnn,6,exceed_frac_abs_delta_t15,0.007164000000000004
cnn,6,exceed_frac_gt_p90,0.1
cnn,6,exceed_frac_sr_p90,0.09234
cnn,6,exceed_frac_delta_p90,-0.00766
cnn,6,exceed_frac_abs_delta_p90,0.00766
cnn,6,exceed_frac_gt_p95,0.05
cnn,6,exceed_frac_sr_p95,0.0426
cnn,6,exceed_frac_delta_p95,-0.007400000000000004
cnn,6,exceed_frac_abs_delta_p95,0.007400000000000004
cnn,6,exceed_frac_gt_p99,0.01
cnn,6,exceed_frac_sr_p99,0.007728
cnn,6,exceed_frac_delta_p99,-0.0022720000000000006
cnn,6,exceed_frac_abs_delta_p99,0.0022720000000000006
cnn,6,pd_distance,28.068979766562435
cnn,6,mt_distance,6.144000053405762
cnn,6,ssim,0.6104470927526627
cnn,7,psnr,31.13074607942621
cnn,7,wpd_bias,-48.34723932355751
cnn,7,wpd_mae,307.73585041558454
cnn,7,wpd_rmse,705.9303574253695
cnn,7,wpd_w1,60.2050185397248
cnn,7,psd_log_l2,0.6147404703544644
cnn,7,psd_slope_gt,2.6863219912181293
cnn,7,psd_slope_sr,1.4668043917099103
cnn,7,psd_slope_delta,-1.219517599508219
cnn,7,psd_slope_abs_delta,1.219517599508219
cnn,7,grad_mae,0.39094158124414563
cnn,7,grad_w1,0.2231354271334698
cnn,7,grad_kurtosis_gt,19.40674891989679
cnn,7,grad_kurtosis_sr,16.101926716115504
cnn,7,grad_kurtosis_delta,-3.304822203781285
cnn,7,grad_kurtosis_abs_delta,3.304822203781285
cnn,7,exceed_frac_gt_t5,0.86922
cnn,7,exceed_frac_sr_t5,0.87212
cnn,7,exceed_frac_delta_t5,0.0029000000000000137
cnn,7,exceed_frac_abs_delta_t5,0.0029000000000000137
cnn,7,exceed_frac_gt_t10,0.460136
cnn,7,exceed_frac_sr_t10,0.464152
cnn,7,exceed_frac_delta_t10,0.0040160000000000196
cnn,7,exceed_frac_abs_delta_t10,0.0040160000000000196
cnn,7,exceed_frac_gt_t15,0.095252
cnn,7,exceed_frac_sr_t15,0.08618
cnn,7,exceed_frac_delta_t15,-0.009071999999999997
cnn,7,exceed_frac_abs_delta_t15,0.009071999999999997
cnn,7,exceed_frac_gt_p90,0.1
cnn,7,exceed_frac_sr_p90,0.09058
cnn,7,exceed_frac_delta_p90,-0.009420000000000012
cnn,7,exceed_frac_abs_delta_p90,0.009420000000000012
cnn,7,exceed_frac_gt_p95,0.05
cnn,7,exceed_frac_sr_p95,0.04236
cnn,7,exceed_frac_delta_p95,-0.007640000000000001
cnn,7,exceed_frac_abs_delta_p95,0.007640000000000001
cnn,7,exceed_frac_gt_p99,0.01
cnn,7,exceed_frac_sr_p99,0.006472
cnn,7,exceed_frac_delta_p99,-0.003528
cnn,7,exceed_frac_abs_delta_p99,0.003528
cnn,7,pd_distance,29.26973016135952
cnn,7,mt_distance,5.672351837158203
cnn,7,ssim,0.5788093320390605
cnn,8,psnr,31.360491209352674
cnn,8,wpd_bias,-45.390068791902266
cnn,8,wpd_mae,300.281470491702
cnn,8,wpd_rmse,660.5428584979636
cnn,8,wpd_w1,52.582040677078965
cnn,8,psd_log_l2,0.6523686836173482
cnn,8,psd_slope_gt,2.681394427062346
cnn,8,psd_slope_sr,1.5541795013461386
cnn,8,psd_slope_delta,-1.1272149257162074
cnn,8,psd_slope_abs_delta,1.1272149257162074
cnn,8,grad_mae,0.38899178180769256
cnn,8,grad_w1,0.2296630141518205
cnn,8,grad_kurtosis_gt,19.72492902925247
cnn,8,grad_kurtosis_sr,17.55953272345065
cnn,8,grad_kurtosis_delta,-2.165396305801817
cnn,8,grad_kurtosis_abs_delta,2.165396305801817
cnn,8,exceed_frac_gt_t5,0.900284
cnn,8,exceed_frac_sr_t5,0.904576
cnn,8,exceed_frac_delta_t5,0.0042920000000000735
cnn,8,exceed_frac_abs_delta_t5,0.0042920000000000735
cnn,8,exceed_frac_gt_t10,0.493224
cnn,8,exceed_frac_sr_t10,0.49286
cnn,8,exceed_frac_delta_t10,-0.00036399999999997545
cnn,8,exceed_frac_abs_delta_t10,0.00036399999999997545
cnn,8,exceed_frac_gt_t15,0.099704
cnn,8,exceed_frac_sr_t15,0.08746
cnn,8,exceed_frac_delta_t15,-0.012244000000000005
cnn,8,exceed_frac_abs_delta_t15,0.012244000000000005
cnn,8,exceed_frac_gt_p90,0.1
cnn,8,exceed_frac_sr_p90,0.087764
cnn,8,exceed_frac_delta_p90,-0.01223600000000001
cnn,8,exceed_frac_abs_delta_p90,0.01223600000000001
cnn,8,exceed_frac_gt_p95,0.05
cnn,8,exceed_frac_sr_p95,0.040208
cnn,8,exceed_frac_delta_p95,-0.009792000000000002
cnn,8,exceed_frac_abs_delta_p95,0.009792000000000002
cnn,8,exceed_frac_gt_p99,0.01
cnn,8,exceed_frac_sr_p99,0.006888
cnn,8,exceed_frac_delta_p99,-0.003112
cnn,8,exceed_frac_abs_delta_p99,0.003112
cnn,8,pd_distance,29.63505050414828
cnn,8,mt_distance,7.50956392288208
cnn,8,ssim,0.5424755769298811
cnn,9,psnr,31.371026408537652
cnn,9,wpd_bias,-41.44450152923926
cnn,9,wpd_mae,288.2607483740837
cnn,9,wpd_rmse,599.4648989499779
cnn,9,wpd_w1,49.16999316437071
cnn,9,psd_log_l2,0.681537462074852
cnn,9,psd_slope_gt,2.6240306047279827
cnn,9,psd_slope_sr,1.5165907552593705
cnn,9,psd_slope_delta,-1.1074398494686122
cnn,9,psd_slope_abs_delta,1.1074398494686122
cnn,9,grad_mae,0.3796610425240004
cnn,9,grad_w1,0.21678010257301614
cnn,9,grad_kurtosis_gt,18.89682228236527
cnn,9,grad_kurtosis_sr,16.266140889454316
cnn,9,grad_kurtosis_delta,-2.6306813929109545
cnn,9,grad_kurtosis_abs_delta,2.6306813929109545
cnn,9,exceed_frac_gt_t5,0.92978
cnn,9,exceed_frac_sr_t5,0.934284
cnn,9,exceed_frac_delta_t5,0.0045039999999999525
cnn,9,exceed_frac_abs_delta_t5,0.0045039999999999525
cnn,9,exceed_frac_gt_t10,0.53286
cnn,9,exceed_frac_sr_t10,0.528936
cnn,9,exceed_frac_delta_t10,-0.003924000000000039
cnn,9,exceed_frac_abs_delta_t10,0.003924000000000039
cnn,9,exceed_frac_gt_t15,0.107044
cnn,9,exceed_frac_sr_t15,0.096648
cnn,9,exceed_frac_delta_t15,-0.010396000000000002
cnn,9,exceed_frac_abs_delta_t15,0.010396000000000002
cnn,9,exceed_frac_gt_p90,0.1
cnn,9,exceed_frac_sr_p90,0.088192
cnn,9,exceed_frac_delta_p90,-0.011807999999999999
cnn,9,exceed_frac_abs_delta_p90,0.011807999999999999
cnn,9,exceed_frac_gt_p95,0.05
cnn,9,exceed_frac_sr_p95,0.038676
cnn,9,exceed_frac_delta_p95,-0.011324
cnn,9,exceed_frac_abs_delta_p95,0.011324
cnn,9,exceed_frac_gt_p99,0.01
cnn,9,exceed_frac_sr_p99,0.006712
cnn,9,exceed_frac_delta_p99,-0.003288
cnn,9,exceed_frac_abs_delta_p99,0.003288
cnn,9,pd_distance,28.65602837253281
cnn,9,mt_distance,5.768454551696777
cnn,9,ssim,0.5305875142485871
cnn,10,psnr,31.816922329920537
cnn,10,wpd_bias,-39.83815196972408
cnn,10,wpd_mae,278.2545073653114
cnn,10,wpd_rmse,555.7312679885772
cnn,10,wpd_w1,53.656084115925694
cnn,10,psd_log_l2,0.7568204214551575
cnn,10,psd_slope_gt,2.5408636514117626
cnn,10,psd_slope_sr,1.494805354806124
cnn,10,psd_slope_delta,-1.0460582966056386
cnn,10,psd_slope_abs_delta,1.0460582966056386
cnn,10,grad_mae,0.36870187989129716
cnn,10,grad_w1,0.218423523104424
cnn,10,grad_kurtosis_gt,19.156872458932394
cnn,10,grad_kurtosis_sr,18.010296651981957
cnn,10,grad_kurtosis_delta,-1.1465758069504375
cnn,10,grad_kurtosis_abs_delta,1.1465758069504375
cnn,10,exceed_frac_gt_t5,0.945176
cnn,10,exceed_frac_sr_t5,0.948712
cnn,10,exceed_frac_delta_t5,0.0035359999999999836
cnn,10,exceed_frac_abs_delta_t5,0.0035359999999999836
cnn,10,exceed_frac_gt_t10,0.556484
cnn,10,exceed_frac_sr_t10,0.552708
cnn,10,exceed_frac_delta_t10,-0.0037760000000000016
cnn,10,exceed_frac_abs_delta_t10,0.0037760000000000016
cnn,10,exceed_frac_gt_t15,0.116736
cnn,10,exceed_frac_sr_t15,0.107272
cnn,10,exceed_frac_delta_t15,-0.009464
cnn,10,exceed_frac_abs_delta_t15,0.009464
cnn,10,exceed_frac_gt_p90,0.1
cnn,10,exceed_frac_sr_p90,0.088564
cnn,10,exceed_frac_delta_p90,-0.011436000000000002
cnn,10,exceed_frac_abs_delta_p90,0.011436000000000002
cnn,10,exceed_frac_gt_p95,0.05
cnn,10,exceed_frac_sr_p95,0.039132
cnn,10,exceed_frac_delta_p95,-0.010868000000000003
cnn,10,exceed_frac_abs_delta_p95,0.010868000000000003
cnn,10,exceed_frac_gt_p99,0.01
cnn,10,exceed_frac_sr_p99,0.0063
cnn,10,exceed_frac_delta_p99,-0.0037
cnn,10,exceed_frac_abs_delta_p99,0.0037
cnn,10,pd_distance,29.696969860459554
cnn,10,mt_distance,6.634506702423096
cnn,10,ssim,0.5321626280645544
cnn,11,psnr,31.748350858788758
cnn,11,wpd_bias,-43.37986882611018
cnn,11,wpd_mae,270.27078472056496
cnn,11,wpd_rmse,507.8111337650393
cnn,11,wpd_w1,49.50182970113581
cnn,11,psd_log_l2,0.80191130157697
cnn,11,psd_slope_gt,2.352269965977851
cnn,11,psd_slope_sr,1.4710416693649184
cnn,11,psd_slope_delta,-0.8812282966129328
cnn,11,psd_slope_abs_delta,0.8812282966129328
cnn,11,grad_mae,0.3677900042283905
cnn,11,grad_w1,0.21796784228540447
cnn,11,grad_kurtosis_gt,18.284984904522606
cnn,11,grad_kurtosis_sr,17.177324130865657
cnn,11,grad_kurtosis_delta,-1.1076607736569493
cnn,11,grad_kurtosis_abs_delta,1.1076607736569493
cnn,11,exceed_frac_gt_t5,0.946068
cnn,11,exceed_frac_sr_t5,0.9499
cnn,11,exceed_frac_delta_t5,0.0038319999999999466
cnn,11,exceed_frac_abs_delta_t5,0.0038319999999999466
cnn,11,exceed_frac_gt_t10,0.582608
cnn,11,exceed_frac_sr_t10,0.576908
cnn,11,exceed_frac_delta_t10,-0.005700000000000038
cnn,11,exceed_frac_abs_delta_t10,0.005700000000000038
cnn,11,exceed_frac_gt_t15,0.132712
cnn,11,exceed_frac_sr_t15,0.126
cnn,11,exceed_frac_delta_t15,-0.006711999999999996
cnn,11,exceed_frac_abs_delta_t15,0.006711999999999996
cnn,11,exceed_frac_gt_p90,0.1
cnn,11,exceed_frac_sr_p90,0.088852
cnn,11,exceed_frac_delta_p90,-0.011148000000000005
cnn,11,exceed_frac_abs_delta_p90,0.011148000000000005
cnn,11,exceed_frac_gt_p95,0.05
cnn,11,exceed_frac_sr_p95,0.040804
cnn,11,exceed_frac_delta_p95,-0.009196000000000003
cnn,11,exceed_frac_abs_delta_p95,0.009196000000000003
cnn,11,exceed_frac_gt_p99,0.01
cnn,11,exceed_frac_sr_p99,0.00368
cnn,11,exceed_frac_delta_p99,-0.00632
cnn,11,exceed_frac_abs_delta_p99,0.00632
cnn,11,pd_distance,28.68732565326105
cnn,11,mt_distance,5.910721302032471
cnn,11,ssim,0.485865417911638
cnn,12,psnr,31.323965112591917
cnn,12,wpd_bias,-42.03415437463163
cnn,12,wpd_mae,264.69706065698887
cnn,12,wpd_rmse,477.7448860366581
cnn,12,wpd_w1,46.361014311737414
cnn,12,psd_log_l2,0.9539183791233589
cnn,12,psd_slope_gt,2.2636711597595545
cnn,12,psd_slope_sr,1.445843938804531
cnn,12,psd_slope_delta,-0.8178272209550235
cnn,12,psd_slope_abs_delta,0.8178272209550235
cnn,12,grad_mae,0.3713575429796618
cnn,12,grad_w1,0.23368142016855964
cnn,12,grad_kurtosis_gt,17.398512855685922
cnn,12,grad_kurtosis_sr,17.529897966732445
cnn,12,grad_kurtosis_delta,0.13138511104652295
cnn,12,grad_kurtosis_abs_delta,0.13138511104652295
cnn,12,exceed_frac_gt_t5,0.928128
cnn,12,exceed_frac_sr_t5,0.931308
cnn,12,exceed_frac_delta_t5,0.0031800000000000717
cnn,12,exceed_frac_abs_delta_t5,0.0031800000000000717
cnn,12,exceed_frac_gt_t10,0.61038
cnn,12,exceed_frac_sr_t10,0.602384
cnn,12,exceed_frac_delta_t10,-0.007996000000000003
cnn,12,exceed_frac_abs_delta_t10,0.007996000000000003
cnn,12,exceed_frac_gt_t15,0.156016
cnn,12,exceed_frac_sr_t15,0.14916
cnn,12,exceed_frac_delta_t15,-0.006856000000000001
cnn,12,exceed_frac_abs_delta_t15,0.006856000000000001
cnn,12,exceed_frac_gt_p90,0.1
cnn,12,exceed_frac_sr_p90,0.091016
cnn,12,exceed_frac_delta_p90,-0.008984000000000006
cnn,12,exceed_frac_abs_delta_p90,0.008984000000000006
cnn,12,exceed_frac_gt_p95,0.05
cnn,12,exceed_frac_sr_p95,0.041348
cnn,12,exceed_frac_delta_p95,-0.008652
cnn,12,exceed_frac_abs_delta_p95,0.008652
cnn,12,exceed_frac_gt_p99,0.01
cnn,12,exceed_frac_sr_p99,0.00238
cnn,12,exceed_frac_delta_p99,-0.00762
cnn,12,exceed_frac_abs_delta_p99,0.00762
cnn,12,pd_distance,30.104522332856273
cnn,12,mt_distance,6.61636209487915
cnn,12,ssim,0.5071715707128571
cnn,13,psnr,30.30311362025517
cnn,13,wpd_bias,-47.12697045536749
cnn,13,wpd_mae,259.1313827539367
cnn,13,wpd_rmse,441.0120585542027
cnn,13,wpd_w1,49.121724804084465
cnn,13,psd_log_l2,1.0259421321154742
cnn,13,psd_slope_gt,2.2584046099765724
cnn,13,psd_slope_sr,1.4686725188930594
cnn,13,psd_slope_delta,-0.789732091083513
cnn,13,psd_slope_abs_delta,0.789732091083513
cnn,13,grad_mae,0.36418067431277734
cnn,13,grad_w1,0.24152600358516008
cnn,13,grad_kurtosis_gt,16.310437927162244
cnn,13,grad_kurtosis_sr,16.277126452618443
cnn,13,grad_kurtosis_delta,-0.03331147454380101
cnn,13,grad_kurtosis_abs_delta,0.03331147454380101
cnn,13,exceed_frac_gt_t5,0.911432
cnn,13,exceed_frac_sr_t5,0.915812
cnn,13,exceed_frac_delta_t5,0.0043799999999999395
cnn,13,exceed_frac_abs_delta_t5,0.0043799999999999395
cnn,13,exceed_frac_gt_t10,0.639384
cnn,13,exceed_frac_sr_t10,0.631524
cnn,13,exceed_frac_delta_t10,-0.007859999999999978
cnn,13,exceed_frac_abs_delta_t10,0.007859999999999978
cnn,13,exceed_frac_gt_t15,0.18406
cnn,13,exceed_frac_sr_t15,0.178988
cnn,13,exceed_frac_delta_t15,-0.005071999999999993
cnn,13,exceed_frac_abs_delta_t15,0.005071999999999993
cnn,13,exceed_frac_gt_p90,0.1
cnn,13,exceed_frac_sr_p90,0.091564
cnn,13,exceed_frac_delta_p90,-0.008435999999999999
cnn,13,exceed_frac_abs_delta_p90,0.008435999999999999
cnn,13,exceed_frac_gt_p95,0.05
cnn,13,exceed_frac_sr_p95,0.042844
cnn,13,exceed_frac_delta_p95,-0.007156000000000003
cnn,13,exceed_frac_abs_delta_p95,0.007156000000000003
cnn,13,exceed_frac_gt_p99,0.01
cnn,13,exceed_frac_sr_p99,0.002104
cnn,13,exceed_frac_delta_p99,-0.007896
cnn,13,exceed_frac_abs_delta_p99,0.007896
cnn,13,pd_distance,29.273674668484478
cnn,13,mt_distance,6.0738348960876465
cnn,13,ssim,0.5119176084848193
cnn,14,psnr,30.774024198494217
cnn,14,wpd_bias,-52.92315375912609
cnn,14,wpd_mae,245.9792581293314
cnn,14,wpd_rmse,410.4816441061438
cnn,14,wpd_w1,53.95170315300297
cnn,14,psd_log_l2,1.059358536154577
cnn,14,psd_slope_gt,2.2153010832986104
cnn,14,psd_slope_sr,1.2895024769039516
cnn,14,psd_slope_delta,-0.9257986063946588
cnn,14,psd_slope_abs_delta,0.9257986063946588
cnn,14,grad_mae,0.35026225920743626
cnn,14,grad_w1,0.24674524774793408
cnn,14,grad_kurtosis_gt,16.013966649561837
cnn,14,grad_kurtosis_sr,15.896450737188234
cnn,14,grad_kurtosis_delta,-0.11751591237360337
cnn,14,grad_kurtosis_abs_delta,0.11751591237360337
cnn,14,exceed_frac_gt_t5,0.890516
cnn,14,exceed_frac_sr_t5,0.893456
cnn,14,exceed_frac_delta_t5,0.0029400000000000537
cnn,14,exceed_frac_abs_delta_t5,0.0029400000000000537
cnn,14,exceed_frac_gt_t10,0.624644
cnn,14,exceed_frac_sr_t10,0.611052
cnn,14,exceed_frac_delta_t10,-0.013591999999999937
cnn,14,exceed_frac_abs_delta_t10,0.013591999999999937
cnn,14,exceed_frac_gt_t15,0.217792
cnn,14,exceed_frac_sr_t15,0.21218
cnn,14,exceed_frac_delta_t15,-0.005612000000000006
cnn,14,exceed_frac_abs_delta_t15,0.005612000000000006
cnn,14,exceed_frac_gt_p90,0.1
cnn,14,exceed_frac_sr_p90,0.093036
cnn,14,exceed_frac_delta_p90,-0.006964000000000012
cnn,14,exceed_frac_abs_delta_p90,0.006964000000000012
cnn,14,exceed_frac_gt_p95,0.05
cnn,14,exceed_frac_sr_p95,0.04488
cnn,14,exceed_frac_delta_p95,-0.0051199999999999996
cnn,14,exceed_frac_abs_delta_p95,0.0051199999999999996
cnn,14,exceed_frac_gt_p99,0.01
cnn,14,exceed_frac_sr_p99,0.00278
cnn,14,exceed_frac_delta_p99,-0.007220000000000001
cnn,14,exceed_frac_abs_delta_p99,0.007220000000000001
cnn,14,pd_distance,28.13047371417262
cnn,14,mt_distance,5.448930263519287
cnn,14,ssim,0.5264626109673549
cnn,15,psnr,31.45612699358063
cnn,15,wpd_bias,-43.810313174525035
cnn,15,wpd_mae,231.89344738041146
cnn,15,wpd_rmse,396.1983328656295
cnn,15,wpd_w1,47.463822803787515
cnn,15,psd_log_l2,0.9760292555517581
cnn,15,psd_slope_gt,2.088418536738446
cnn,15,psd_slope_sr,1.1034394451486143
cnn,15,psd_slope_delta,-0.9849790915898318
cnn,15,psd_slope_abs_delta,0.9849790915898318
cnn,15,grad_mae,0.32342770894399825
cnn,15,grad_w1,0.23189684925954068
cnn,15,grad_kurtosis_gt,15.547032246864896
cnn,15,grad_kurtosis_sr,16.620052714801023
cnn,15,grad_kurtosis_delta,1.0730204679361268
cnn,15,grad_kurtosis_abs_delta,1.0730204679361268
cnn,15,exceed_frac_gt_t5,0.856176
cnn,15,exceed_frac_sr_t5,0.853684
cnn,15,exceed_frac_delta_t5,-0.0024920000000000497
cnn,15,exceed_frac_abs_delta_t5,0.0024920000000000497
cnn,15,exceed_frac_gt_t10,0.585716
cnn,15,exceed_frac_sr_t10,0.578856
cnn,15,exceed_frac_delta_t10,-0.006859999999999977
cnn,15,exceed_frac_abs_delta_t10,0.006859999999999977
cnn,15,exceed_frac_gt_t15,0.241248
cnn,15,exceed_frac_sr_t15,0.24172
cnn,15,exceed_frac_delta_t15,0.0004720000000000002
cnn,15,exceed_frac_abs_delta_t15,0.0004720000000000002
cnn,15,exceed_frac_gt_p90,0.1
cnn,15,exceed_frac_sr_p90,0.095636
cnn,15,exceed_frac_delta_p90,-0.004364000000000007
cnn,15,exceed_frac_abs_delta_p90,0.004364000000000007
cnn,15,exceed_frac_gt_p95,0.05
cnn,15,exceed_frac_sr_p95,0.0452
cnn,15,exceed_frac_delta_p95,-0.004800000000000006
cnn,15,exceed_frac_abs_delta_p95,0.004800000000000006
cnn,15,exceed_frac_gt_p99,0.01
cnn,15,exceed_frac_sr_p99,0.003588
cnn,15,exceed_frac_delta_p99,-0.006412
cnn,15,exceed_frac_abs_delta_p99,0.006412
cnn,15,pd_distance,26.322356943691645
cnn,15,mt_distance,5.097294807434082
cnn,15,ssim,0.5765227213961904
cnn,16,psnr,32.17583877075084
cnn,16,wpd_bias,-49.934749400272594
cnn,16,wpd_mae,225.4427798674337
cnn,16,wpd_rmse,402.972420101095
cnn,16,wpd_w1,51.06291342975699
cnn,16,psd_log_l2,0.8783723181781088
cnn,16,psd_slope_gt,1.921716330194096
cnn,16,psd_slope_sr,0.9494528140519296
cnn,16,psd_slope_delta,-0.9722635161421664
cnn,16,psd_slope_abs_delta,0.9722635161421664
cnn,16,grad_mae,0.299145064972306
cnn,16,grad_w1,0.21512043905997383
cnn,16,grad_kurtosis_gt,17.77867267231509
cnn,16,grad_kurtosis_sr,18.17207645251866
cnn,16,grad_kurtosis_delta,0.39340378020357036
cnn,16,grad_kurtosis_abs_delta,0.39340378020357036
cnn,16,exceed_frac_gt_t5,0.838356
cnn,16,exceed_frac_sr_t5,0.834408
cnn,16,exceed_frac_delta_t5,-0.0039479999999999515
cnn,16,exceed_frac_abs_delta_t5,0.0039479999999999515
cnn,16,exceed_frac_gt_t10,0.549872
cnn,16,exceed_frac_sr_t10,0.546
cnn,16,exceed_frac_delta_t10,-0.0038719999999999866
cnn,16,exceed_frac_abs_delta_t10,0.0038719999999999866
cnn,16,exceed_frac_gt_t15,0.266504
cnn,16,exceed_frac_sr_t15,0.263764
cnn,16,exceed_frac_delta_t15,-0.00274000000000002
cnn,16,exceed_frac_abs_delta_t15,0.00274000000000002
cnn,16,exceed_frac_gt_p90,0.1
cnn,16,exceed_frac_sr_p90,0.094092
cnn,16,exceed_frac_delta_p90,-0.0059080000000000105
cnn,16,exceed_frac_abs_delta_p90,0.0059080000000000105
cnn,16,exceed_frac_gt_p95,0.05
cnn,16,exceed_frac_sr_p95,0.046572
cnn,16,exceed_frac_delta_p95,-0.0034280000000000005
cnn,16,exceed_frac_abs_delta_p95,0.0034280000000000005
cnn,16,exceed_frac_gt_p99,0.01
cnn,16,exceed_frac_sr_p99,0.002936
cnn,16,exceed_frac_delta_p99,-0.007064000000000001
cnn,16,exceed_frac_abs_delta_p99,0.007064000000000001
cnn,16,pd_distance,23.755960973590362
cnn,16,mt_distance,5.464188098907471
cnn,16,ssim,0.6193966839844784
cnn,17,psnr,32.48824852842643
cnn,17,wpd_bias,-45.220343449011274
cnn,17,wpd_mae,218.71576822750694
cnn,17,wpd_rmse,400.63854911669046
cnn,17,wpd_w1,49.49853220783566
cnn,17,psd_log_l2,0.7506764575839527
cnn,17,psd_slope_gt,1.695904487052876
cnn,17,psd_slope_sr,0.805585864414481
cnn,17,psd_slope_delta,-0.8903186226383951
cnn,17,psd_slope_abs_delta,0.8903186226383951
cnn,17,grad_mae,0.28507626627305843
cnn,17,grad_w1,0.2060303133260675
cnn,17,grad_kurtosis_gt,18.110533198112872
cnn,17,grad_kurtosis_sr,15.710790414707663
cnn,17,grad_kurtosis_delta,-2.399742783405209
cnn,17,grad_kurtosis_abs_delta,2.399742783405209
cnn,17,exceed_frac_gt_t5,0.82844
cnn,17,exceed_frac_sr_t5,0.827332
cnn,17,exceed_frac_delta_t5,-0.0011079999999999979
cnn,17,exceed_frac_abs_delta_t5,0.0011079999999999979
cnn,17,exceed_frac_gt_t10,0.52062
cnn,17,exceed_frac_sr_t10,0.512696
cnn,17,exceed_frac_delta_t10,-0.007923999999999931
cnn,17,exceed_frac_abs_delta_t10,0.007923999999999931
cnn,17,exceed_frac_gt_t15,0.291112
cnn,17,exceed_frac_sr_t15,0.292364
cnn,17,exceed_frac_delta_t15,0.0012520000000000309
cnn,17,exceed_frac_abs_delta_t15,0.0012520000000000309
cnn,17,exceed_frac_gt_p90,0.1
cnn,17,exceed_frac_sr_p90,0.09358
cnn,17,exceed_frac_delta_p90,-0.006420000000000009
cnn,17,exceed_frac_abs_delta_p90,0.006420000000000009
cnn,17,exceed_frac_gt_p95,0.05
cnn,17,exceed_frac_sr_p95,0.045856
cnn,17,exceed_frac_delta_p95,-0.004144000000000002
cnn,17,exceed_frac_abs_delta_p95,0.004144000000000002
cnn,17,exceed_frac_gt_p99,0.01
cnn,17,exceed_frac_sr_p99,0.00496
cnn,17,exceed_frac_delta_p99,-0.00504
cnn,17,exceed_frac_abs_delta_p99,0.00504
cnn,17,pd_distance,20.900376556174706
cnn,17,mt_distance,5.2896833419799805
cnn,17,ssim,0.6164641229364425
cnn,18,psnr,32.601424065834784
cnn,18,wpd_bias,-51.156209656623005
cnn,18,wpd_mae,232.68686590374045
cnn,18,wpd_rmse,443.07088919690005
cnn,18,wpd_w1,53.71250865957979
cnn,18,psd_log_l2,0.7491386339638868
cnn,18,psd_slope_gt,1.562141682604286
cnn,18,psd_slope_sr,0.6444706700849707
cnn,18,psd_slope_delta,-0.9176710125193153
cnn,18,psd_slope_abs_delta,0.9176710125193153
cnn,18,grad_mae,0.28551414579577034
cnn,18,grad_w1,0.2188496361065258
cnn,18,grad_kurtosis_gt,22.33240868259696
cnn,18,grad_kurtosis_sr,20.360502516809458
cnn,18,grad_kurtosis_delta,-1.9719061657875017
cnn,18,grad_kurtosis_abs_delta,1.9719061657875017
cnn,18,exceed_frac_gt_t5,0.831792
cnn,18,exceed_frac_sr_t5,0.829864
cnn,18,exceed_frac_delta_t5,-0.0019279999999999298
cnn,18,exceed_frac_abs_delta_t5,0.0019279999999999298
cnn,18,exceed_frac_gt_t10,0.504612
cnn,18,exceed_frac_sr_t10,0.494144
cnn,18,exceed_frac_delta_t10,-0.010467999999999922
cnn,18,exceed_frac_abs_delta_t10,0.010467999999999922
cnn,18,exceed_frac_gt_t15,0.311664
cnn,18,exceed_frac_sr_t15,0.312616
cnn,18,exceed_frac_delta_t15,0.0009520000000000084
cnn,18,exceed_frac_abs_delta_t15,0.0009520000000000084
cnn,18,exceed_frac_gt_p90,0.1
cnn,18,exceed_frac_sr_p90,0.091268
cnn,18,exceed_frac_delta_p90,-0.008732000000000004
cnn,18,exceed_frac_abs_delta_p90,0.008732000000000004
cnn,18,exceed_frac_gt_p95,0.05
cnn,18,exceed_frac_sr_p95,0.047364
cnn,18,exceed_frac_delta_p95,-0.0026359999999999995
cnn,18,exceed_frac_abs_delta_p95,0.0026359999999999995
cnn,18,exceed_frac_gt_p99,0.01
cnn,18,exceed_frac_sr_p99,0.003584
cnn,18,exceed_frac_delta_p99,-0.006416
cnn,18,exceed_frac_abs_delta_p99,0.006416
cnn,18,pd_distance,20.394905033940507
cnn,18,mt_distance,6.258571624755859
cnn,18,ssim,0.6170124261331206
cnn,19,psnr,32.55938103077696
cnn,19,wpd_bias,-50.74667362626337
cnn,19,wpd_mae,250.91132168502006
cnn,19,wpd_rmse,482.1868325791299
cnn,19,wpd_w1,57.33646949519785
cnn,19,psd_log_l2,0.673941461341186
cnn,19,psd_slope_gt,1.440161293750411
cnn,19,psd_slope_sr,0.5761223019089847
cnn,19,psd_slope_delta,-0.8640389918414262
cnn,19,psd_slope_abs_delta,0.8640389918414262
cnn,19,grad_mae,0.29177907415586
cnn,19,grad_w1,0.21959466624139035
cnn,19,grad_kurtosis_gt,24.520500488515108
cnn,19,grad_kurtosis_sr,18.44043979091261
cnn,19,grad_kurtosis_delta,-6.080060697602498
cnn,19,grad_kurtosis_abs_delta,6.080060697602498
cnn,19,exceed_frac_gt_t5,0.844788
cnn,19,exceed_frac_sr_t5,0.842828
cnn,19,exceed_frac_delta_t5,-0.0019599999999999618
cnn,19,exceed_frac_abs_delta_t5,0.0019599999999999618
cnn,19,exceed_frac_gt_t10,0.500632
cnn,19,exceed_frac_sr_t10,0.48524
cnn,19,exceed_frac_delta_t10,-0.015391999999999961
cnn,19,exceed_frac_abs_delta_t10,0.015391999999999961
cnn,19,exceed_frac_gt_t15,0.324748
cnn,19,exceed_frac_sr_t15,0.325692
cnn,19,exceed_frac_delta_t15,0.0009440000000000004
cnn,19,exceed_frac_abs_delta_t15,0.0009440000000000004
cnn,19,exceed_frac_gt_p90,0.1
cnn,19,exceed_frac_sr_p90,0.087272
cnn,19,exceed_frac_delta_p90,-0.012728000000000003
cnn,19,exceed_frac_abs_delta_p90,0.012728000000000003
cnn,19,exceed_frac_gt_p95,0.05
cnn,19,exceed_frac_sr_p95,0.047928
cnn,19,exceed_frac_delta_p95,-0.0020720000000000044
cnn,19,exceed_frac_abs_delta_p95,0.0020720000000000044
cnn,19,exceed_frac_gt_p99,0.01
cnn,19,exceed_frac_sr_p99,0.002948
cnn,19,exceed_frac_delta_p99,-0.007052
cnn,19,exceed_frac_abs_delta_p99,0.007052
cnn,19,pd_distance,21.064082150885508
cnn,19,mt_distance,6.927988529205322
cnn,19,ssim,0.6194961697457047
cnn,20,psnr,32.38863856878173
cnn,20,wpd_bias,-41.876776047667015
cnn,20,wpd_mae,267.89171399326057
cnn,20,wpd_rmse,513.0860338639695
cnn,20,wpd_w1,52.11920245212847
cnn,20,psd_log_l2,0.6218112665136215
cnn,20,psd_slope_gt,1.2958909957741336
cnn,20,psd_slope_sr,0.5251331872549362
cnn,20,psd_slope_delta,-0.7707578085191974
cnn,20,psd_slope_abs_delta,0.7707578085191974
cnn,20,grad_mae,0.30292054468258167
cnn,20,grad_w1,0.2258190678866835
cnn,20,grad_kurtosis_gt,22.668517047982977
cnn,20,grad_kurtosis_sr,19.864610349064854
cnn,20,grad_kurtosis_delta,-2.803906698918123
cnn,20,grad_kurtosis_abs_delta,2.803906698918123
cnn,20,exceed_frac_gt_t5,0.85964
cnn,20,exceed_frac_sr_t5,0.86162
cnn,20,exceed_frac_delta_t5,0.001980000000000093
cnn,20,exceed_frac_abs_delta_t5,0.001980000000000093
cnn,20,exceed_frac_gt_t10,0.500952
cnn,20,exceed_frac_sr_t10,0.491412
cnn,20,exceed_frac_delta_t10,-0.009539999999999937
cnn,20,exceed_frac_abs_delta_t10,0.009539999999999937
cnn,20,exceed_frac_gt_t15,0.328004
cnn,20,exceed_frac_sr_t15,0.32874
cnn,20,exceed_frac_delta_t15,0.0007359999999999589
cnn,20,exceed_frac_abs_delta_t15,0.0007359999999999589
cnn,20,exceed_frac_gt_p90,0.1
cnn,20,exceed_frac_sr_p90,0.0914
cnn,20,exceed_frac_delta_p90,-0.00860000000000001
cnn,20,exceed_frac_abs_delta_p90,0.00860000000000001
cnn,20,exceed_frac_gt_p95,0.05
cnn,20,exceed_frac_sr_p95,0.042216
cnn,20,exceed_frac_delta_p95,-0.007784000000000006
cnn,20,exceed_frac_abs_delta_p95,0.007784000000000006
cnn,20,exceed_frac_gt_p99,0.01
cnn,20,exceed_frac_sr_p99,0.004792
cnn,20,exceed_frac_delta_p99,-0.005208
cnn,20,exceed_frac_abs_delta_p99,0.005208
cnn,20,pd_distance,21.97923655969375
cnn,20,mt_distance,6.254051208496094
cnn,20,ssim,0.61951889510752
cnn,21,psnr,32.618885861105625
cnn,21,wpd_bias,-50.145029159102826
cnn,21,wpd_mae,298.06990898204003
cnn,21,wpd_rmse,542.6680300947294
cnn,21,wpd_w1,60.103610516600924
cnn,21,psd_log_l2,0.6511551297595033
cnn,21,psd_slope_gt,1.288525422029245
cnn,21,psd_slope_sr,0.506285620267186
cnn,21,psd_slope_delta,-0.782239801762059
cnn,21,psd_slope_abs_delta,0.782239801762059
cnn,21,grad_mae,0.3482844241604966
cnn,21,grad_w1,0.2512864125600147
cnn,21,grad_kurtosis_gt,16.844721925372745
cnn,21,grad_kurtosis_sr,12.418376509431898
cnn,21,grad_kurtosis_delta,-4.4263454159408475
cnn,21,grad_kurtosis_abs_delta,4.4263454159408475
cnn,21,exceed_frac_gt_t5,0.874236
cnn,21,exceed_frac_sr_t5,0.876544
cnn,21,exceed_frac_delta_t5,0.0023079999999999767
cnn,21,exceed_frac_abs_delta_t5,0.0023079999999999767
cnn,21,exceed_frac_gt_t10,0.50246
cnn,21,exceed_frac_sr_t10,0.4924
cnn,21,exceed_frac_delta_t10,-0.010060000000000013
cnn,21,exceed_frac_abs_delta_t10,0.010060000000000013
cnn,21,exceed_frac_gt_t15,0.326276
cnn,21,exceed_frac_sr_t15,0.328564
cnn,21,exceed_frac_delta_t15,0.0022880000000000122
cnn,21,exceed_frac_abs_delta_t15,0.0022880000000000122
cnn,21,exceed_frac_gt_p90,0.1
cnn,21,exceed_frac_sr_p90,0.089644
cnn,21,exceed_frac_delta_p90,-0.010356000000000004
cnn,21,exceed_frac_abs_delta_p90,0.010356000000000004
cnn,21,exceed_frac_gt_p95,0.05
cnn,21,exceed_frac_sr_p95,0.042436
cnn,21,exceed_frac_delta_p95,-0.007564000000000001
cnn,21,exceed_frac_abs_delta_p95,0.007564000000000001
cnn,21,exceed_frac_gt_p99,0.01
cnn,21,exceed_frac_sr_p99,0.004156
cnn,21,exceed_frac_delta_p99,-0.005844
cnn,21,exceed_frac_abs_delta_p99,0.005844
cnn,21,pd_distance,27.30086406645334
cnn,21,mt_distance,8.127616882324219
cnn,21,ssim,0.5639126999708983
cnn,22,psnr,32.48546940467395
cnn,22,wpd_bias,-53.2106373226424
cnn,22,wpd_mae,341.3590600140365
cnn,22,wpd_rmse,599.555917300036
cnn,22,wpd_w1,68.45591741000742
cnn,22,psd_log_l2,0.843147205528765
cnn,22,psd_slope_gt,1.2336671041332852
cnn,22,psd_slope_sr,0.4642375002082281
cnn,22,psd_slope_delta,-0.769429603925057
cnn,22,psd_slope_abs_delta,0.769429603925057
cnn,22,grad_mae,0.3935953093847735
cnn,22,grad_w1,0.29602364844316464
cnn,22,grad_kurtosis_gt,19.014271446321313
cnn,22,grad_kurtosis_sr,13.370468155245192
cnn,22,grad_kurtosis_delta,-5.6438032910761216
cnn,22,grad_kurtosis_abs_delta,5.6438032910761216
cnn,22,exceed_frac_gt_t5,0.900088
cnn,22,exceed_frac_sr_t5,0.89924
cnn,22,exceed_frac_delta_t5,-0.0008479999999999599
cnn,22,exceed_frac_abs_delta_t5,0.0008479999999999599
cnn,22,exceed_frac_gt_t10,0.56674
cnn,22,exceed_frac_sr_t10,0.55934
cnn,22,exceed_frac_delta_t10,-0.007400000000000073
cnn,22,exceed_frac_abs_delta_t10,0.007400000000000073
cnn,22,exceed_frac_gt_t15,0.32034
cnn,22,exceed_frac_sr_t15,0.322216
cnn,22,exceed_frac_delta_t15,0.0018759999999999888
cnn,22,exceed_frac_abs_delta_t15,0.0018759999999999888
cnn,22,exceed_frac_gt_p90,0.099996
cnn,22,exceed_frac_sr_p90,0.093284
cnn,22,exceed_frac_delta_p90,-0.006711999999999996
cnn,22,exceed_frac_abs_delta_p90,0.006711999999999996
cnn,22,exceed_frac_gt_p95,0.05
cnn,22,exceed_frac_sr_p95,0.042604
cnn,22,exceed_frac_delta_p95,-0.007396
cnn,22,exceed_frac_abs_delta_p95,0.007396
cnn,22,exceed_frac_gt_p99,0.01
cnn,22,exceed_frac_sr_p99,0.002996
cnn,22,exceed_frac_delta_p99,-0.007004
cnn,22,exceed_frac_abs_delta_p99,0.007004
cnn,22,pd_distance,32.693467082501115
cnn,22,mt_distance,8.081520080566406
cnn,22,ssim,0.5233319491376003
cnn,23,psnr,32.75249271676132
cnn,23,wpd_bias,-56.62264387045445
cnn,23,wpd_mae,383.9206380556746
cnn,23,wpd_rmse,696.2087616682306
cnn,23,wpd_w1,74.90032438270738
cnn,23,psd_log_l2,1.009112420185471
cnn,23,psd_slope_gt,1.1223641828071955
cnn,23,psd_slope_sr,0.45849132780238705
cnn,23,psd_slope_delta,-0.6638728550048085
cnn,23,psd_slope_abs_delta,0.6638728550048085
cnn,23,grad_mae,0.4155507882220156
cnn,23,grad_w1,0.3167770252073736
cnn,23,grad_kurtosis_gt,25.370992439670133
cnn,23,grad_kurtosis_sr,31.880889251676066
cnn,23,grad_kurtosis_delta,6.509896812005934
cnn,23,grad_kurtosis_abs_delta,6.509896812005934
cnn,23,exceed_frac_gt_t5,0.934368
cnn,23,exceed_frac_sr_t5,0.939404
cnn,23,exceed_frac_delta_t5,0.0050360000000000404
cnn,23,exceed_frac_abs_delta_t5,0.0050360000000000404
cnn,23,exceed_frac_gt_t10,0.633184
cnn,23,exceed_frac_sr_t10,0.63232
cnn,23,exceed_frac_delta_t10,-0.0008639999999999759
cnn,23,exceed_frac_abs_delta_t10,0.0008639999999999759
cnn,23,exceed_frac_gt_t15,0.317004
cnn,23,exceed_frac_sr_t15,0.318812
cnn,23,exceed_frac_delta_t15,0.0018079999999999763
cnn,23,exceed_frac_abs_delta_t15,0.0018079999999999763
cnn,23,exceed_frac_gt_p90,0.1
cnn,23,exceed_frac_sr_p90,0.092008
cnn,23,exceed_frac_delta_p90,-0.007991999999999999
cnn,23,exceed_frac_abs_delta_p90,0.007991999999999999
cnn,23,exceed_frac_gt_p95,0.05
cnn,23,exceed_frac_sr_p95,0.03922
cnn,23,exceed_frac_delta_p95,-0.010780000000000005
cnn,23,exceed_frac_abs_delta_p95,0.010780000000000005
cnn,23,exceed_frac_gt_p99,0.01
cnn,23,exceed_frac_sr_p99,0.00536
cnn,23,exceed_frac_delta_p99,-0.00464
cnn,23,exceed_frac_abs_delta_p99,0.00464
cnn,23,pd_distance,34.476953302920876
cnn,23,mt_distance,6.907674789428711
cnn,23,ssim,0.5386967764303666
cnn,24,psnr,32.59554856905365
cnn,24,wpd_bias,-49.28543923690295
cnn,24,wpd_mae,423.82190465010126
cnn,24,wpd_rmse,800.0242203191126
cnn,24,wpd_w1,70.91800977117681
cnn,24,psd_log_l2,1.1096059863086867
cnn,24,psd_slope_gt,1.1875932121255863
cnn,24,psd_slope_sr,0.5398685750922714
cnn,24,psd_slope_delta,-0.647724637033315
cnn,24,psd_slope_abs_delta,0.647724637033315
cnn,24,grad_mae,0.433497260288219
cnn,24,grad_w1,0.32061695922337086
cnn,24,grad_kurtosis_gt,28.658118112788006
cnn,24,grad_kurtosis_sr,37.271512462835744
cnn,24,grad_kurtosis_delta,8.613394350047738
cnn,24,grad_kurtosis_abs_delta,8.613394350047738
cnn,24,exceed_frac_gt_t5,0.95646
cnn,24,exceed_frac_sr_t5,0.961044
cnn,24,exceed_frac_delta_t5,0.0045840000000000325
cnn,24,exceed_frac_abs_delta_t5,0.0045840000000000325
cnn,24,exceed_frac_gt_t10,0.672988
cnn,24,exceed_frac_sr_t10,0.680032
cnn,24,exceed_frac_delta_t10,0.007043999999999939
cnn,24,exceed_frac_abs_delta_t10,0.007043999999999939
cnn,24,exceed_frac_gt_t15,0.31482
cnn,24,exceed_frac_sr_t15,0.31484
cnn,24,exceed_frac_delta_t15,2.0000000000020002e-05
cnn,24,exceed_frac_abs_delta_t15,2.0000000000020002e-05
cnn,24,exceed_frac_gt_p90,0.1
cnn,24,exceed_frac_sr_p90,0.095224
cnn,24,exceed_frac_delta_p90,-0.0047760000000000025
cnn,24,exceed_frac_abs_delta_p90,0.0047760000000000025
cnn,24,exceed_frac_gt_p95,0.05
cnn,24,exceed_frac_sr_p95,0.039716
cnn,24,exceed_frac_delta_p95,-0.010284000000000001
cnn,24,exceed_frac_abs_delta_p95,0.010284000000000001
cnn,24,exceed_frac_gt_p99,0.01
cnn,24,exceed_frac_sr_p99,0.00546
cnn,24,exceed_frac_delta_p99,-0.004540000000000001
cnn,24,exceed_frac_abs_delta_p99,0.004540000000000001
cnn,24,pd_distance,35.75728371567695
cnn,24,mt_distance,7.21915864944458
cnn,24,ssim,0.5369307845594095
cnn,25,psnr,32.551973374121204
cnn,25,wpd_bias,-39.67846369025563
cnn,25,wpd_mae,468.59253760146345
cnn,25,wpd_rmse,952.8549385654705
cnn,25,wpd_w1,71.63690084844687
cnn,25,psd_log_l2,1.175332261792815
cnn,25,psd_slope_gt,1.302439309306081
cnn,25,psd_slope_sr,0.7381436960157041
cnn,25,psd_slope_delta,-0.564295613290377
cnn,25,psd_slope_abs_delta,0.564295613290377
cnn,25,grad_mae,0.46351786527523126
cnn,25,grad_w1,0.3306580306655405
cnn,25,grad_kurtosis_gt,29.87729426144925
cnn,25,grad_kurtosis_sr,39.144761590635106
cnn,25,grad_kurtosis_delta,9.267467329185855
cnn,25,grad_kurtosis_abs_delta,9.267467329185855
cnn,25,exceed_frac_gt_t5,0.966664
cnn,25,exceed_frac_sr_t5,0.970968
cnn,25,exceed_frac_delta_t5,0.0043040000000000855
cnn,25,exceed_frac_abs_delta_t5,0.0043040000000000855
cnn,25,exceed_frac_gt_t10,0.69522
cnn,25,exceed_frac_sr_t10,0.70292
cnn,25,exceed_frac_delta_t10,0.00770000000000004
cnn,25,exceed_frac_abs_delta_t10,0.00770000000000004
cnn,25,exceed_frac_gt_t15,0.297728
cnn,25,exceed_frac_sr_t15,0.299848
cnn,25,exceed_frac_delta_t15,0.0021200000000000108
cnn,25,exceed_frac_abs_delta_t15,0.0021200000000000108
cnn,25,exceed_frac_gt_p90,0.1
cnn,25,exceed_frac_sr_p90,0.094896
cnn,25,exceed_frac_delta_p90,-0.005104000000000011
cnn,25,exceed_frac_abs_delta_p90,0.005104000000000011
cnn,25,exceed_frac_gt_p95,0.05
cnn,25,exceed_frac_sr_p95,0.03904
cnn,25,exceed_frac_delta_p95,-0.010960000000000004
cnn,25,exceed_frac_abs_delta_p95,0.010960000000000004
cnn,25,exceed_frac_gt_p99,0.01
cnn,25,exceed_frac_sr_p99,0.004324
cnn,25,exceed_frac_delta_p99,-0.0056760000000000005
cnn,25,exceed_frac_abs_delta_p99,0.0056760000000000005
cnn,25,pd_distance,36.58411526021696
cnn,25,mt_distance,11.371563911437988
cnn,25,ssim,0.5231426682354472
cnn,26,psnr,32.65715000253616
cnn,26,wpd_bias,-51.66391057425702
cnn,26,wpd_mae,511.00649161371325
cnn,26,wpd_rmse,982.453358459747
cnn,26,wpd_w1,70.91288726630188
cnn,26,psd_log_l2,1.2057423546362682
cnn,26,psd_slope_gt,1.36343181145653
cnn,26,psd_slope_sr,0.9339335608313717
cnn,26,psd_slope_delta,-0.42949825062515834
cnn,26,psd_slope_abs_delta,0.42949825062515834
cnn,26,grad_mae,0.4935715500222092
cnn,26,grad_w1,0.33892274107495224
cnn,26,grad_kurtosis_gt,30.074899373935402
cnn,26,grad_kurtosis_sr,31.0759991446898
cnn,26,grad_kurtosis_delta,1.0010997707543972
cnn,26,grad_kurtosis_abs_delta,1.0010997707543972
cnn,26,exceed_frac_gt_t5,0.973664
cnn,26,exceed_frac_sr_t5,0.977564
cnn,26,exceed_frac_delta_t5,0.0039000000000000146
cnn,26,exceed_frac_abs_delta_t5,0.0039000000000000146
cnn,26,exceed_frac_gt_t10,0.694832
cnn,26,exceed_frac_sr_t10,0.699092
cnn,26,exceed_frac_delta_t10,0.0042600000000000415
cnn,26,exceed_frac_abs_delta_t10,0.0042600000000000415
cnn,26,exceed_frac_gt_t15,0.281388
cnn,26,exceed_frac_sr_t15,0.281652
cnn,26,exceed_frac_delta_t15,0.00026399999999998647
cnn,26,exceed_frac_abs_delta_t15,0.00026399999999998647
cnn,26,exceed_frac_gt_p90,0.1
cnn,26,exceed_frac_sr_p90,0.098968
cnn,26,exceed_frac_delta_p90,-0.0010320000000000051
cnn,26,exceed_frac_abs_delta_p90,0.0010320000000000051
cnn,26,exceed_frac_gt_p95,0.05
cnn,26,exceed_frac_sr_p95,0.037188
cnn,26,exceed_frac_delta_p95,-0.012812000000000004
cnn,26,exceed_frac_abs_delta_p95,0.012812000000000004
cnn,26,exceed_frac_gt_p99,0.01
cnn,26,exceed_frac_sr_p99,0.00258
cnn,26,exceed_frac_delta_p99,-0.00742
cnn,26,exceed_frac_abs_delta_p99,0.00742
cnn,26,pd_distance,35.02599363200026
cnn,26,mt_distance,7.043282985687256
cnn,26,ssim,0.5191432035272462
cnn,27,psnr,32.43554725561233
cnn,27,wpd_bias,-38.12872132907133
cnn,27,wpd_mae,539.2322537921307
cnn,27,wpd_rmse,1075.806699306839
cnn,27,wpd_w1,68.37386644919721
cnn,27,psd_log_l2,1.0338251268491814
cnn,27,psd_slope_gt,1.4301850683749284
cnn,27,psd_slope_sr,0.8402521985068162
cnn,27,psd_slope_delta,-0.5899328698681122
cnn,27,psd_slope_abs_delta,0.5899328698681122
cnn,27,grad_mae,0.502052729104065
cnn,27,grad_w1,0.32916734875855846
cnn,27,grad_kurtosis_gt,30.553059026435648
cnn,27,grad_kurtosis_sr,34.957736202170125
cnn,27,grad_kurtosis_delta,4.404677175734477
cnn,27,grad_kurtosis_abs_delta,4.404677175734477
cnn,27,exceed_frac_gt_t5,0.973756
cnn,27,exceed_frac_sr_t5,0.979836
cnn,27,exceed_frac_delta_t5,0.006080000000000085
cnn,27,exceed_frac_abs_delta_t5,0.006080000000000085
cnn,27,exceed_frac_gt_t10,0.6991
cnn,27,exceed_frac_sr_t10,0.705464
cnn,27,exceed_frac_delta_t10,0.006363999999999925
cnn,27,exceed_frac_abs_delta_t10,0.006363999999999925
cnn,27,exceed_frac_gt_t15,0.259612
cnn,27,exceed_frac_sr_t15,0.256308
cnn,27,exceed_frac_delta_t15,-0.003304000000000029
cnn,27,exceed_frac_abs_delta_t15,0.003304000000000029
cnn,27,exceed_frac_gt_p90,0.1
cnn,27,exceed_frac_sr_p90,0.101964
cnn,27,exceed_frac_delta_p90,0.0019639999999999935
cnn,27,exceed_frac_abs_delta_p90,0.0019639999999999935
cnn,27,exceed_frac_gt_p95,0.05
cnn,27,exceed_frac_sr_p95,0.044196
cnn,27,exceed_frac_delta_p95,-0.005804000000000004
cnn,27,exceed_frac_abs_delta_p95,0.005804000000000004
cnn,27,exceed_frac_gt_p99,0.01
cnn,27,exceed_frac_sr_p99,0.005568
cnn,27,exceed_frac_delta_p99,-0.004432
cnn,27,exceed_frac_abs_delta_p99,0.004432
cnn,27,pd_distance,36.89696946573002
cnn,27,mt_distance,6.4783101081848145
cnn,27,ssim,0.5455050057267327
cnn,28,psnr,32.39861919012853
cnn,28,wpd_bias,-40.40806193198708
cnn,28,wpd_mae,499.8231641258566
cnn,28,wpd_rmse,979.0243041280014
cnn,28,wpd_w1,65.45114687293683
cnn,28,psd_log_l2,1.025674076311513
cnn,28,psd_slope_gt,1.3816553585843958
cnn,28,psd_slope_sr,0.8598363475897968
cnn,28,psd_slope_delta,-0.521819010994599
cnn,28,psd_slope_abs_delta,0.521819010994599
cnn,28,grad_mae,0.4856880705704119
cnn,28,grad_w1,0.33174486955070287
cnn,28,grad_kurtosis_gt,31.30021162000042
cnn,28,grad_kurtosis_sr,25.834257798600074
cnn,28,grad_kurtosis_delta,-5.465953821400348
cnn,28,grad_kurtosis_abs_delta,5.465953821400348
cnn,28,exceed_frac_gt_t5,0.975776
cnn,28,exceed_frac_sr_t5,0.980836
cnn,28,exceed_frac_delta_t5,0.0050600000000000644
cnn,28,exceed_frac_abs_delta_t5,0.0050600000000000644
cnn,28,exceed_frac_gt_t10,0.6937
cnn,28,exceed_frac_sr_t10,0.69752
cnn,28,exceed_frac_delta_t10,0.0038200000000000456
cnn,28,exceed_frac_abs_delta_t10,0.0038200000000000456
cnn,28,exceed_frac_gt_t15,0.251436
cnn,28,exceed_frac_sr_t15,0.24662
cnn,28,exceed_frac_delta_t15,-0.004815999999999987
cnn,28,exceed_frac_abs_delta_t15,0.004815999999999987
cnn,28,exceed_frac_gt_p90,0.1
cnn,28,exceed_frac_sr_p90,0.097332
cnn,28,exceed_frac_delta_p90,-0.0026680000000000037
cnn,28,exceed_frac_abs_delta_p90,0.0026680000000000037
cnn,28,exceed_frac_gt_p95,0.05
cnn,28,exceed_frac_sr_p95,0.044252
cnn,28,exceed_frac_delta_p95,-0.005748000000000003
cnn,28,exceed_frac_abs_delta_p95,0.005748000000000003
cnn,28,exceed_frac_gt_p99,0.01
cnn,28,exceed_frac_sr_p99,0.005456
cnn,28,exceed_frac_delta_p99,-0.004544
cnn,28,exceed_frac_abs_delta_p99,0.004544
cnn,28,pd_distance,38.33189346230645
cnn,28,mt_distance,7.210402011871338
cnn,28,ssim,0.5493210205946714
cnn,29,psnr,32.77239492835451
cnn,29,wpd_bias,-26.169729443212475
cnn,29,wpd_mae,471.3270377630293
cnn,29,wpd_rmse,957.4354611822343
cnn,29,wpd_w1,47.41525503169682
cnn,29,psd_log_l2,0.9228290696278139
cnn,29,psd_slope_gt,1.458995885035728
cnn,29,psd_slope_sr,0.8051884789267718
cnn,29,psd_slope_delta,-0.6538074061089563
cnn,29,psd_slope_abs_delta,0.6538074061089563
cnn,29,grad_mae,0.4766164514857466
cnn,29,grad_w1,0.3028223590577397
cnn,29,grad_kurtosis_gt,31.01819154924459
cnn,29,grad_kurtosis_sr,28.692283267729287
cnn,29,grad_kurtosis_delta,-2.3259082815153036
cnn,29,grad_kurtosis_abs_delta,2.3259082815153036
cnn,29,exceed_frac_gt_t5,0.974032
cnn,29,exceed_frac_sr_t5,0.979144
cnn,29,exceed_frac_delta_t5,0.005112000000000005
cnn,29,exceed_frac_abs_delta_t5,0.005112000000000005
cnn,29,exceed_frac_gt_t10,0.702372
cnn,29,exceed_frac_sr_t10,0.708828
cnn,29,exceed_frac_delta_t10,0.006456000000000017
cnn,29,exceed_frac_abs_delta_t10,0.006456000000000017
cnn,29,exceed_frac_gt_t15,0.247508
cnn,29,exceed_frac_sr_t15,0.241484
cnn,29,exceed_frac_delta_t15,-0.006024000000000002
cnn,29,exceed_frac_abs_delta_t15,0.006024000000000002
cnn,29,exceed_frac_gt_p90,0.1
cnn,29,exceed_frac_sr_p90,0.097128
cnn,29,exceed_frac_delta_p90,-0.0028719999999999996
cnn,29,exceed_frac_abs_delta_p90,0.0028719999999999996
cnn,29,exceed_frac_gt_p95,0.05
cnn,29,exceed_frac_sr_p95,0.04946
cnn,29,exceed_frac_delta_p95,-0.0005400000000000058
cnn,29,exceed_frac_abs_delta_p95,0.0005400000000000058
cnn,29,exceed_frac_gt_p99,0.01
cnn,29,exceed_frac_sr_p99,0.008584
cnn,29,exceed_frac_delta_p99,-0.0014160000000000006
cnn,29,exceed_frac_abs_delta_p99,0.0014160000000000006
cnn,29,pd_distance,38.84347398326436
cnn,29,mt_distance,6.963974952697754
cnn,29,ssim,0.5706943453302812
cnn,30,psnr,33.05434940011379
cnn,30,wpd_bias,-22.75783955756376
cnn,30,wpd_mae,438.71927618828465
cnn,30,wpd_rmse,952.1856816491994
cnn,30,wpd_w1,47.534778654148276
cnn,30,psd_log_l2,0.9346884955902305
cnn,30,psd_slope_gt,1.5074900912917104
cnn,30,psd_slope_sr,0.9048070144650043
cnn,30,psd_slope_delta,-0.6026830768267061
cnn,30,psd_slope_abs_delta,0.6026830768267061
cnn,30,grad_mae,0.46673511929422323
cnn,30,grad_w1,0.3056893123209824
cnn,30,grad_kurtosis_gt,31.765399477195576
cnn,30,grad_kurtosis_sr,33.458716762467155
cnn,30,grad_kurtosis_delta,1.6933172852715792
cnn,30,grad_kurtosis_abs_delta,1.6933172852715792
cnn,30,exceed_frac_gt_t5,0.974988
cnn,30,exceed_frac_sr_t5,0.976996
cnn,30,exceed_frac_delta_t5,0.0020080000000000098
cnn,30,exceed_frac_abs_delta_t5,0.0020080000000000098
cnn,30,exceed_frac_gt_t10,0.708288
cnn,30,exceed_frac_sr_t10,0.716668
cnn,30,exceed_frac_delta_t10,0.008379999999999943
cnn,30,exceed_frac_abs_delta_t10,0.008379999999999943
cnn,30,exceed_frac_gt_t15,0.23394
cnn,30,exceed_frac_sr_t15,0.233364
cnn,30,exceed_frac_delta_t15,-0.0005760000000000209
cnn,30,exceed_frac_abs_delta_t15,0.0005760000000000209
cnn,30,exceed_frac_gt_p90,0.1
cnn,30,exceed_frac_sr_p90,0.0917
cnn,30,exceed_frac_delta_p90,-0.008300000000000002
cnn,30,exceed_frac_abs_delta_p90,0.008300000000000002
cnn,30,exceed_frac_gt_p95,0.05
cnn,30,exceed_frac_sr_p95,0.04428
cnn,30,exceed_frac_delta_p95,-0.005720000000000003
cnn,30,exceed_frac_abs_delta_p95,0.005720000000000003
cnn,30,exceed_frac_gt_p99,0.01
cnn,30,exceed_frac_sr_p99,0.008864
cnn,30,exceed_frac_delta_p99,-0.0011359999999999999
cnn,30,exceed_frac_abs_delta_p99,0.0011359999999999999
cnn,30,pd_distance,39.94080457344863
cnn,30,mt_distance,8.127463340759277
cnn,30,ssim,0.5959090966970294
cnn,31,psnr,32.90329769043908
cnn,31,wpd_bias,-15.67100064092977
cnn,31,wpd_mae,409.8108667034604
cnn,31,wpd_rmse,868.8148701848337
cnn,31,wpd_w1,45.27174895209974
cnn,31,psd_log_l2,0.9510075024444029
cnn,31,psd_slope_gt,1.5549593252563907
cnn,31,psd_slope_sr,1.0169791840577502
cnn,31,psd_slope_delta,-0.5379801411986405
cnn,31,psd_slope_abs_delta,0.5379801411986405
cnn,31,grad_mae,0.4604744525880125
cnn,31,grad_w1,0.2948960421955272
cnn,31,grad_kurtosis_gt,30.08197901220304
cnn,31,grad_kurtosis_sr,29.562198083418004
cnn,31,grad_kurtosis_delta,-0.5197809287850355
cnn,31,grad_kurtosis_abs_delta,0.5197809287850355
cnn,31,exceed_frac_gt_t5,0.973648
cnn,31,exceed_frac_sr_t5,0.974812
cnn,31,exceed_frac_delta_t5,0.0011640000000000539
cnn,31,exceed_frac_abs_delta_t5,0.0011640000000000539
cnn,31,exceed_frac_gt_t10,0.701956
cnn,31,exceed_frac_sr_t10,0.709004
cnn,31,exceed_frac_delta_t10,0.007047999999999943
cnn,31,exceed_frac_abs_delta_t10,0.007047999999999943
cnn,31,exceed_frac_gt_t15,0.204312
cnn,31,exceed_frac_sr_t15,0.197444
cnn,31,exceed_frac_delta_t15,-0.006867999999999985
cnn,31,exceed_frac_abs_delta_t15,0.006867999999999985
cnn,31,exceed_frac_gt_p90,0.1
cnn,31,exceed_frac_sr_p90,0.095004
cnn,31,exceed_frac_delta_p90,-0.0049960000000000004
cnn,31,exceed_frac_abs_delta_p90,0.0049960000000000004
cnn,31,exceed_frac_gt_p95,0.05
cnn,31,exceed_frac_sr_p95,0.039852
cnn,31,exceed_frac_delta_p95,-0.010148000000000004
cnn,31,exceed_frac_abs_delta_p95,0.010148000000000004
cnn,31,exceed_frac_gt_p99,0.01
cnn,31,exceed_frac_sr_p99,0.007864
cnn,31,exceed_frac_delta_p99,-0.0021360000000000007
cnn,31,exceed_frac_abs_delta_p99,0.0021360000000000007
cnn,31,pd_distance,39.104318483733294
cnn,31,mt_distance,6.818642616271973
cnn,31,ssim,0.5933565142986378
cnn,32,psnr,33.02557990556471
cnn,32,wpd_bias,-5.9519138969735
cnn,32,wpd_mae,385.69790253652036
cnn,32,wpd_rmse,852.2134222710496
cnn,32,wpd_w1,37.29522908616093
cnn,32,psd_log_l2,1.0390081069692407
cnn,32,psd_slope_gt,1.6310854899128304
cnn,32,psd_slope_sr,1.0721674246862967
cnn,32,psd_slope_delta,-0.5589180652265338
cnn,32,psd_slope_abs_delta,0.5589180652265338
cnn,32,grad_mae,0.44980215489013164
cnn,32,grad_w1,0.2879616333957816
cnn,32,grad_kurtosis_gt,29.079297963010763
cnn,32,grad_kurtosis_sr,33.05644844994937
cnn,32,grad_kurtosis_delta,3.9771504869386085
cnn,32,grad_kurtosis_abs_delta,3.9771504869386085
cnn,32,exceed_frac_gt_t5,0.9738
cnn,32,exceed_frac_sr_t5,0.97506
cnn,32,exceed_frac_delta_t5,0.0012600000000000389
cnn,32,exceed_frac_abs_delta_t5,0.0012600000000000389
cnn,32,exceed_frac_gt_t10,0.69454
cnn,32,exceed_frac_sr_t10,0.696732
cnn,32,exceed_frac_delta_t10,0.0021919999999999717
cnn,32,exceed_frac_abs_delta_t10,0.0021919999999999717
cnn,32,exceed_frac_gt_t15,0.196372
cnn,32,exceed_frac_sr_t15,0.193844
cnn,32,exceed_frac_delta_t15,-0.0025280000000000025
cnn,32,exceed_frac_abs_delta_t15,0.0025280000000000025
cnn,32,exceed_frac_gt_p90,0.1
cnn,32,exceed_frac_sr_p90,0.095104
cnn,32,exceed_frac_delta_p90,-0.0048960000000000115
cnn,32,exceed_frac_abs_delta_p90,0.0048960000000000115
cnn,32,exceed_frac_gt_p95,0.05
cnn,32,exceed_frac_sr_p95,0.044364
cnn,32,exceed_frac_delta_p95,-0.005636000000000002
cnn,32,exceed_frac_abs_delta_p95,0.005636000000000002
cnn,32,exceed_frac_gt_p99,0.01
cnn,32,exceed_frac_sr_p99,0.008048
cnn,32,exceed_frac_delta_p99,-0.0019520000000000006
cnn,32,exceed_frac_abs_delta_p99,0.0019520000000000006
cnn,32,pd_distance,38.55925876668554
cnn,32,mt_distance,7.461033821105957
cnn,32,ssim,0.6141962458916969
cnn,33,psnr,33.13841166027277
cnn,33,wpd_bias,-15.843431562956813
cnn,33,wpd_mae,352.71875426421553
cnn,33,wpd_rmse,764.751857341383
cnn,33,wpd_w1,39.744213044836684
cnn,33,psd_log_l2,1.1318069454482156
cnn,33,psd_slope_gt,1.7707978373166178
cnn,33,psd_slope_sr,1.3237611536788798
cnn,33,psd_slope_delta,-0.44703668363773796
cnn,33,psd_slope_abs_delta,0.44703668363773796
cnn,33,grad_mae,0.4413939123562078
cnn,33,grad_w1,0.29505791064170783
cnn,33,grad_kurtosis_gt,29.01807613165482
cnn,33,grad_kurtosis_sr,28.590092880387232
cnn,33,grad_kurtosis_delta,-0.4279832512675874
cnn,33,grad_kurtosis_abs_delta,0.4279832512675874
cnn,33,exceed_frac_gt_t5,0.974272
cnn,33,exceed_frac_sr_t5,0.97786
cnn,33,exceed_frac_delta_t5,0.0035879999999999246
cnn,33,exceed_frac_abs_delta_t5,0.0035879999999999246
cnn,33,exceed_frac_gt_t10,0.69958
cnn,33,exceed_frac_sr_t10,0.705068
cnn,33,exceed_frac_delta_t10,0.005488000000000048
cnn,33,exceed_frac_abs_delta_t10,0.005488000000000048
cnn,33,exceed_frac_gt_t15,0.185896
cnn,33,exceed_frac_sr_t15,0.179244
cnn,33,exceed_frac_delta_t15,-0.006652000000000019
cnn,33,exceed_frac_abs_delta_t15,0.006652000000000019
cnn,33,exceed_frac_gt_p90,0.1
cnn,33,exceed_frac_sr_p90,0.094344
cnn,33,exceed_frac_delta_p90,-0.005656000000000008
cnn,33,exceed_frac_abs_delta_p90,0.005656000000000008
cnn,33,exceed_frac_gt_p95,0.05
cnn,33,exceed_frac_sr_p95,0.038972
cnn,33,exceed_frac_delta_p95,-0.011028000000000003
cnn,33,exceed_frac_abs_delta_p95,0.011028000000000003
cnn,33,exceed_frac_gt_p99,0.01
cnn,33,exceed_frac_sr_p99,0.008352
cnn,33,exceed_frac_delta_p99,-0.0016480000000000002
cnn,33,exceed_frac_abs_delta_p99,0.0016480000000000002
cnn,33,pd_distance,38.39305861348763
cnn,33,mt_distance,6.76971960067749
cnn,33,ssim,0.6291099541721126
cnn,34,psnr,33.07202844590628
cnn,34,wpd_bias,-20.135932132371156
cnn,34,wpd_mae,347.5407834638081
cnn,34,wpd_rmse,741.5300760175506
cnn,34,wpd_w1,46.251136668676736
cnn,34,psd_log_l2,1.2791768655847573
cnn,34,psd_slope_gt,1.9244758651555438
cnn,34,psd_slope_sr,1.7604233117357913
cnn,34,psd_slope_delta,-0.16405255341975256
cnn,34,psd_slope_abs_delta,0.16405255341975256
cnn,34,grad_mae,0.4382239262492533
cnn,34,grad_w1,0.2876658748467998
cnn,34,grad_kurtosis_gt,25.496765388692065
cnn,34,grad_kurtosis_sr,25.362162435489704
cnn,34,grad_kurtosis_delta,-0.1346029532023607
cnn,34,grad_kurtosis_abs_delta,0.1346029532023607
cnn,34,exceed_frac_gt_t5,0.973012
cnn,34,exceed_frac_sr_t5,0.979476
cnn,34,exceed_frac_delta_t5,0.006464000000000025
cnn,34,exceed_frac_abs_delta_t5,0.006464000000000025
cnn,34,exceed_frac_gt_t10,0.7057
cnn,34,exceed_frac_sr_t10,0.713092
cnn,34,exceed_frac_delta_t10,0.007391999999999954
cnn,34,exceed_frac_abs_delta_t10,0.007391999999999954
cnn,34,exceed_frac_gt_t15,0.189488
cnn,34,exceed_frac_sr_t15,0.180824
cnn,34,exceed_frac_delta_t15,-0.008663999999999977
cnn,34,exceed_frac_abs_delta_t15,0.008663999999999977
cnn,34,exceed_frac_gt_p90,0.1
cnn,34,exceed_frac_sr_p90,0.091
cnn,34,exceed_frac_delta_p90,-0.009000000000000008
cnn,34,exceed_frac_abs_delta_p90,0.009000000000000008
cnn,34,exceed_frac_gt_p95,0.05
cnn,34,exceed_frac_sr_p95,0.03652
cnn,34,exceed_frac_delta_p95,-0.013480000000000006
cnn,34,exceed_frac_abs_delta_p95,0.013480000000000006
cnn,34,exceed_frac_gt_p99,0.01
cnn,34,exceed_frac_sr_p99,0.008724
cnn,34,exceed_frac_delta_p99,-0.0012759999999999994
cnn,34,exceed_frac_abs_delta_p99,0.0012759999999999994
cnn,34,pd_distance,37.356416104450325
cnn,34,mt_distance,6.323113918304443
cnn,34,ssim,0.6229292723566594
cnn,35,psnr,32.523540173374215
cnn,35,wpd_bias,-13.829129169126897
cnn,35,wpd_mae,348.67662963704873
cnn,35,wpd_rmse,739.6425837087753
cnn,35,wpd_w1,39.15468492629338
cnn,35,psd_log_l2,1.2113576942596804
cnn,35,psd_slope_gt,2.0763359441284757
cnn,35,psd_slope_sr,1.9109733814541727
cnn,35,psd_slope_delta,-0.16536256267430294
cnn,35,psd_slope_abs_delta,0.16536256267430294
cnn,35,grad_mae,0.43871695783849757
cnn,35,grad_w1,0.27608230384507926
cnn,35,grad_kurtosis_gt,23.441327740945063
cnn,35,grad_kurtosis_sr,22.21983494878836
cnn,35,grad_kurtosis_delta,-1.2214927921567025
cnn,35,grad_kurtosis_abs_delta,1.2214927921567025
cnn,35,exceed_frac_gt_t5,0.967996
cnn,35,exceed_frac_sr_t5,0.97396
cnn,35,exceed_frac_delta_t5,0.00596400000000008
cnn,35,exceed_frac_abs_delta_t5,0.00596400000000008
cnn,35,exceed_frac_gt_t10,0.692828
cnn,35,exceed_frac_sr_t10,0.697584
cnn,35,exceed_frac_delta_t10,0.0047559999999999825
cnn,35,exceed_frac_abs_delta_t10,0.0047559999999999825
cnn,35,exceed_frac_gt_t15,0.211284
cnn,35,exceed_frac_sr_t15,0.204156
cnn,35,exceed_frac_delta_t15,-0.0071279999999999955
cnn,35,exceed_frac_abs_delta_t15,0.0071279999999999955
cnn,35,exceed_frac_gt_p90,0.1
cnn,35,exceed_frac_sr_p90,0.091012
cnn,35,exceed_frac_delta_p90,-0.00898800000000001
cnn,35,exceed_frac_abs_delta_p90,0.00898800000000001
cnn,35,exceed_frac_gt_p95,0.05
cnn,35,exceed_frac_sr_p95,0.043916
cnn,35,exceed_frac_delta_p95,-0.006084000000000006
cnn,35,exceed_frac_abs_delta_p95,0.006084000000000006
cnn,35,exceed_frac_gt_p99,0.01
cnn,35,exceed_frac_sr_p99,0.009844
cnn,35,exceed_frac_delta_p99,-0.0001559999999999999
cnn,35,exceed_frac_abs_delta_p99,0.0001559999999999999
cnn,35,pd_distance,35.95264003005777
cnn,35,mt_distance,6.2719197273254395
cnn,35,ssim,0.6166792470112487
cnn,36,psnr,32.35360131617927
cnn,36,wpd_bias,-10.521863852115724
cnn,36,wpd_mae,341.79152911095935
cnn,36,wpd_rmse,716.6628108286405
cnn,36,wpd_w1,32.162578904763414
cnn,36,psd_log_l2,1.1539087862599362
cnn,36,psd_slope_gt,2.0795000059272426
cnn,36,psd_slope_sr,1.8639822426878678
cnn,36,psd_slope_delta,-0.21551776323937477
cnn,36,psd_slope_abs_delta,0.21551776323937477
cnn,36,grad_mae,0.4387349075366769
cnn,36,grad_w1,0.27376536976890314
cnn,36,grad_kurtosis_gt,22.03669561786502
cnn,36,grad_kurtosis_sr,20.862030691240303
cnn,36,grad_kurtosis_delta,-1.1746649266247182
cnn,36,grad_kurtosis_abs_delta,1.1746649266247182
cnn,36,exceed_frac_gt_t5,0.961316
cnn,36,exceed_frac_sr_t5,0.967252
cnn,36,exceed_frac_delta_t5,0.005936000000000052
cnn,36,exceed_frac_abs_delta_t5,0.005936000000000052
cnn,36,exceed_frac_gt_t10,0.676992
cnn,36,exceed_frac_sr_t10,0.680376
cnn,36,exceed_frac_delta_t10,0.0033839999999999426
cnn,36,exceed_frac_abs_delta_t10,0.0033839999999999426
cnn,36,exceed_frac_gt_t15,0.23198
cnn,36,exceed_frac_sr_t15,0.2218
cnn,36,exceed_frac_delta_t15,-0.010179999999999995
cnn,36,exceed_frac_abs_delta_t15,0.010179999999999995
cnn,36,exceed_frac_gt_p90,0.1
cnn,36,exceed_frac_sr_p90,0.091448
cnn,36,exceed_frac_delta_p90,-0.008552000000000004
cnn,36,exceed_frac_abs_delta_p90,0.008552000000000004
cnn,36,exceed_frac_gt_p95,0.05
cnn,36,exceed_frac_sr_p95,0.044808
cnn,36,exceed_frac_delta_p95,-0.005192000000000002
cnn,36,exceed_frac_abs_delta_p95,0.005192000000000002
cnn,36,exceed_frac_gt_p99,0.01
cnn,36,exceed_frac_sr_p99,0.01156
cnn,36,exceed_frac_delta_p99,0.0015600000000000006
cnn,36,exceed_frac_abs_delta_p99,0.0015600000000000006
cnn,36,pd_distance,35.61901723291445
cnn,36,mt_distance,6.097905158996582
cnn,36,ssim,0.6227741725278805
cnn,37,psnr,32.02805100916796
cnn,37,wpd_bias,-9.774547764443058
cnn,37,wpd_mae,324.00262605241386
cnn,37,wpd_rmse,693.7541604228729
cnn,37,wpd_w1,27.347777452847012
cnn,37,psd_log_l2,1.0164917172558812
cnn,37,psd_slope_gt,2.047735180244732
cnn,37,psd_slope_sr,1.71387628764649
cnn,37,psd_slope_delta,-0.333858892598242
cnn,37,psd_slope_abs_delta,0.333858892598242
cnn,37,grad_mae,0.42879817339946263
cnn,37,grad_w1,0.2561544827185117
cnn,37,grad_kurtosis_gt,20.065233888101808
cnn,37,grad_kurtosis_sr,20.685067528489895
cnn,37,grad_kurtosis_delta,0.6198336403880873
cnn,37,grad_kurtosis_abs_delta,0.6198336403880873
cnn,37,exceed_frac_gt_t5,0.951796
cnn,37,exceed_frac_sr_t5,0.956608
cnn,37,exceed_frac_delta_t5,0.0048120000000000385
cnn,37,exceed_frac_abs_delta_t5,0.0048120000000000385
cnn,37,exceed_frac_gt_t10,0.654248
cnn,37,exceed_frac_sr_t10,0.656136
cnn,37,exceed_frac_delta_t10,0.0018880000000000008
cnn,37,exceed_frac_abs_delta_t10,0.0018880000000000008
cnn,37,exceed_frac_gt_t15,0.26054
cnn,37,exceed_frac_sr_t15,0.254552
cnn,37,exceed_frac_delta_t15,-0.005987999999999993
cnn,37,exceed_frac_abs_delta_t15,0.005987999999999993
cnn,37,exceed_frac_gt_p90,0.1
cnn,37,exceed_frac_sr_p90,0.092992
cnn,37,exceed_frac_delta_p90,-0.007008
cnn,37,exceed_frac_abs_delta_p90,0.007008
cnn,37,exceed_frac_gt_p95,0.05
cnn,37,exceed_frac_sr_p95,0.047924
cnn,37,exceed_frac_delta_p95,-0.0020760000000000015
cnn,37,exceed_frac_abs_delta_p95,0.0020760000000000015
cnn,37,exceed_frac_gt_p99,0.01
cnn,37,exceed_frac_sr_p99,0.008632
cnn,37,exceed_frac_delta_p99,-0.0013679999999999994
cnn,37,exceed_frac_abs_delta_p99,0.0013679999999999994
cnn,37,pd_distance,33.456602216246914
cnn,37,mt_distance,6.489102840423584
cnn,37,ssim,0.6192860867311487
cnn,38,psnr,33.0443468252459
cnn,38,wpd_bias,-7.17464604397468
cnn,38,wpd_mae,267.36021962095435
cnn,38,wpd_rmse,566.207560058499
cnn,38,wpd_w1,25.373902556758566
cnn,38,psd_log_l2,0.7259798181945653
cnn,38,psd_slope_gt,2.0242978724154286
cnn,38,psd_slope_sr,1.3203757977510675
cnn,38,psd_slope_delta,-0.7039220746643611
cnn,38,psd_slope_abs_delta,0.7039220746643611
cnn,38,grad_mae,0.3735693728817356
cnn,38,grad_w1,0.22252070569972654
cnn,38,grad_kurtosis_gt,22.490222988512382
cnn,38,grad_kurtosis_sr,22.688093409867918
cnn,38,grad_kurtosis_delta,0.19787042135553534
cnn,38,grad_kurtosis_abs_delta,0.19787042135553534
cnn,38,exceed_frac_gt_t5,0.916812
cnn,38,exceed_frac_sr_t5,0.92266
cnn,38,exceed_frac_delta_t5,0.005848000000000075
cnn,38,exceed_frac_abs_delta_t5,0.005848000000000075
cnn,38,exceed_frac_gt_t10,0.609116
cnn,38,exceed_frac_sr_t10,0.614316
cnn,38,exceed_frac_delta_t10,0.005199999999999982
cnn,38,exceed_frac_abs_delta_t10,0.005199999999999982
cnn,38,exceed_frac_gt_t15,0.247008
cnn,38,exceed_frac_sr_t15,0.243768
cnn,38,exceed_frac_delta_t15,-0.003239999999999993
cnn,38,exceed_frac_abs_delta_t15,0.003239999999999993
cnn,38,exceed_frac_gt_p90,0.1
cnn,38,exceed_frac_sr_p90,0.095428
cnn,38,exceed_frac_delta_p90,-0.004572000000000007
cnn,38,exceed_frac_abs_delta_p90,0.004572000000000007
cnn,38,exceed_frac_gt_p95,0.05
cnn,38,exceed_frac_sr_p95,0.043696
cnn,38,exceed_frac_delta_p95,-0.006304000000000004
cnn,38,exceed_frac_abs_delta_p95,0.006304000000000004
cnn,38,exceed_frac_gt_p99,0.01
cnn,38,exceed_frac_sr_p99,0.010128
cnn,38,exceed_frac_delta_p99,0.00012799999999999964
cnn,38,exceed_frac_abs_delta_p99,0.00012799999999999964
cnn,38,pd_distance,29.159912858159764
cnn,38,mt_distance,6.054014682769775
cnn,38,ssim,0.6467596699872048
cnn,39,psnr,34.02502286412913
cnn,39,wpd_bias,-6.496504306801053
cnn,39,wpd_mae,206.13997906542718
cnn,39,wpd_rmse,436.0311527364039
cnn,39,wpd_w1,22.2802741898352
cnn,39,psd_log_l2,0.5849220623481176
cnn,39,psd_slope_gt,1.7151394146136625
cnn,39,psd_slope_sr,0.8868167180955236
cnn,39,psd_slope_delta,-0.8283226965181388
cnn,39,psd_slope_abs_delta,0.8283226965181388
cnn,39,grad_mae,0.30596376775457684
cnn,39,grad_w1,0.1907993037009827
cnn,39,grad_kurtosis_gt,27.644898158332012
cnn,39,grad_kurtosis_sr,28.2482505808134
cnn,39,grad_kurtosis_delta,0.6033524224813895
cnn,39,grad_kurtosis_abs_delta,0.6033524224813895
cnn,39,exceed_frac_gt_t5,0.863652
cnn,39,exceed_frac_sr_t5,0.862356
cnn,39,exceed_frac_delta_t5,-0.0012959999999999638
cnn,39,exceed_frac_abs_delta_t5,0.0012959999999999638
cnn,39,exceed_frac_gt_t10,0.569308
cnn,39,exceed_frac_sr_t10,0.571108
cnn,39,exceed_frac_delta_t10,0.0017999999999999128
cnn,39,exceed_frac_abs_delta_t10,0.0017999999999999128
cnn,39,exceed_frac_gt_t15,0.212372
cnn,39,exceed_frac_sr_t15,0.212112
cnn,39,exceed_frac_delta_t15,-0.0002600000000000102
cnn,39,exceed_frac_abs_delta_t15,0.0002600000000000102
cnn,39,exceed_frac_gt_p90,0.1
cnn,39,exceed_frac_sr_p90,0.094932
cnn,39,exceed_frac_delta_p90,-0.005068000000000003
cnn,39,exceed_frac_abs_delta_p90,0.005068000000000003
cnn,39,exceed_frac_gt_p95,0.05
cnn,39,exceed_frac_sr_p95,0.048208
cnn,39,exceed_frac_delta_p95,-0.001792000000000002
cnn,39,exceed_frac_abs_delta_p95,0.001792000000000002
cnn,39,exceed_frac_gt_p99,0.01
cnn,39,exceed_frac_sr_p99,0.0071
cnn,39,exceed_frac_delta_p99,-0.0029
cnn,39,exceed_frac_abs_delta_p99,0.0029
cnn,39,pd_distance,25.24426875811477
cnn,39,mt_distance,5.873856067657471
cnn,39,ssim,0.654329125629252
cnn,40,psnr,35.03479823672828
cnn,40,wpd_bias,-8.13581987588869
cnn,40,wpd_mae,164.56917267241036
cnn,40,wpd_rmse,336.4284850583998
cnn,40,wpd_w1,25.65621662978899
cnn,40,psd_log_l2,0.545716653256709
cnn,40,psd_slope_gt,1.4787296707502935
cnn,40,psd_slope_sr,0.6101688950191548
cnn,40,psd_slope_delta,-0.8685607757311387
cnn,40,psd_slope_abs_delta,0.8685607757311387
cnn,40,grad_mae,0.26579462017847033
cnn,40,grad_w1,0.1778047736844066
cnn,40,grad_kurtosis_gt,29.111897035942267
cnn,40,grad_kurtosis_sr,29.871006671254044
cnn,40,grad_kurtosis_delta,0.759109635311777
cnn,40,grad_kurtosis_abs_delta,0.759109635311777
cnn,40,exceed_frac_gt_t5,0.861448
cnn,40,exceed_frac_sr_t5,0.86066
cnn,40,exceed_frac_delta_t5,-0.0007880000000000109
cnn,40,exceed_frac_abs_delta_t5,0.0007880000000000109
cnn,40,exceed_frac_gt_t10,0.539008
cnn,40,exceed_frac_sr_t10,0.54342
cnn,40,exceed_frac_delta_t10,0.0044119999999999715
cnn,40,exceed_frac_abs_delta_t10,0.0044119999999999715
cnn,40,exceed_frac_gt_t15,0.169432
cnn,40,exceed_frac_sr_t15,0.167668
cnn,40,exceed_frac_delta_t15,-0.0017639999999999878
cnn,40,exceed_frac_abs_delta_t15,0.0017639999999999878
cnn,40,exceed_frac_gt_p90,0.1
cnn,40,exceed_frac_sr_p90,0.097184
cnn,40,exceed_frac_delta_p90,-0.002815999999999999
cnn,40,exceed_frac_abs_delta_p90,0.002815999999999999
cnn,40,exceed_frac_gt_p95,0.05
cnn,40,exceed_frac_sr_p95,0.048044
cnn,40,exceed_frac_delta_p95,-0.0019559999999999994
cnn,40,exceed_frac_abs_delta_p95,0.0019559999999999994
cnn,40,exceed_frac_gt_p99,0.01
cnn,40,exceed_frac_sr_p99,0.008108
cnn,40,exceed_frac_delta_p99,-0.0018919999999999996
cnn,40,exceed_frac_abs_delta_p99,0.0018919999999999996
cnn,40,pd_distance,24.281572165890662
cnn,40,mt_distance,5.6310811042785645
cnn,40,ssim,0.6916765266755199
cnn,41,psnr,35.123201360290615
cnn,41,wpd_bias,-4.5061011294080116
cnn,41,wpd_mae,142.17651988630462
cnn,41,wpd_rmse,284.27444152929377
cnn,41,wpd_w1,19.03801635859446
cnn,41,psd_log_l2,0.49986556691397255
cnn,41,psd_slope_gt,1.2233505675748284
cnn,41,psd_slope_sr,0.4726720388367233
cnn,41,psd_slope_delta,-0.750678528738105
cnn,41,psd_slope_abs_delta,0.750678528738105
cnn,41,grad_mae,0.23982859416273253
cnn,41,grad_w1,0.16160836420235952
cnn,41,grad_kurtosis_gt,28.486557506560345
cnn,41,grad_kurtosis_sr,29.394623110683458
cnn,41,grad_kurtosis_delta,0.908065604123113
cnn,41,grad_kurtosis_abs_delta,0.908065604123113
cnn,41,exceed_frac_gt_t5,0.858532
cnn,41,exceed_frac_sr_t5,0.857532
cnn,41,exceed_frac_delta_t5,-0.0010000000000000009
cnn,41,exceed_frac_abs_delta_t5,0.0010000000000000009
cnn,41,exceed_frac_gt_t10,0.50586
cnn,41,exceed_frac_sr_t10,0.507992
cnn,41,exceed_frac_delta_t10,0.0021320000000000228
cnn,41,exceed_frac_abs_delta_t10,0.0021320000000000228
cnn,41,exceed_frac_gt_t15,0.129784
cnn,41,exceed_frac_sr_t15,0.127784
cnn,41,exceed_frac_delta_t15,-0.0020000000000000018
cnn,41,exceed_frac_abs_delta_t15,0.0020000000000000018
cnn,41,exceed_frac_gt_p90,0.1
cnn,41,exceed_frac_sr_p90,0.097496
cnn,41,exceed_frac_delta_p90,-0.0025040000000000062
cnn,41,exceed_frac_abs_delta_p90,0.0025040000000000062
cnn,41,exceed_frac_gt_p95,0.05
cnn,41,exceed_frac_sr_p95,0.047128
cnn,41,exceed_frac_delta_p95,-0.0028719999999999996
cnn,41,exceed_frac_abs_delta_p95,0.0028719999999999996
cnn,41,exceed_frac_gt_p99,0.01
cnn,41,exceed_frac_sr_p99,0.007644
cnn,41,exceed_frac_delta_p99,-0.0023560000000000005
cnn,41,exceed_frac_abs_delta_p99,0.0023560000000000005
cnn,41,pd_distance,23.457166445963043
cnn,41,mt_distance,5.389686584472656
cnn,41,ssim,0.6717203224554718
cnn,42,psnr,35.78106395799033
cnn,42,wpd_bias,-1.7493111575369453
cnn,42,wpd_mae,125.59079659020517
cnn,42,wpd_rmse,262.89666854486484
cnn,42,wpd_w1,14.823133158419816
cnn,42,psd_log_l2,0.4210308482641033
cnn,42,psd_slope_gt,0.9840029470990297
cnn,42,psd_slope_sr,0.3845670725125507
cnn,42,psd_slope_delta,-0.599435874586479
cnn,42,psd_slope_abs_delta,0.599435874586479
cnn,42,grad_mae,0.21876934100681852
cnn,42,grad_w1,0.14855283702055164
cnn,42,grad_kurtosis_gt,29.75698181012896
cnn,42,grad_kurtosis_sr,28.314836080427412
cnn,42,grad_kurtosis_delta,-1.4421457297015472
cnn,42,grad_kurtosis_abs_delta,1.4421457297015472
cnn,42,exceed_frac_gt_t5,0.845884
cnn,42,exceed_frac_sr_t5,0.847132
cnn,42,exceed_frac_delta_t5,0.0012480000000000269
cnn,42,exceed_frac_abs_delta_t5,0.0012480000000000269
cnn,42,exceed_frac_gt_t10,0.464704
cnn,42,exceed_frac_sr_t10,0.467236
cnn,42,exceed_frac_delta_t10,0.0025319999999999787
cnn,42,exceed_frac_abs_delta_t10,0.0025319999999999787
cnn,42,exceed_frac_gt_t15,0.110212
cnn,42,exceed_frac_sr_t15,0.10878
cnn,42,exceed_frac_delta_t15,-0.0014320000000000027
cnn,42,exceed_frac_abs_delta_t15,0.0014320000000000027
cnn,42,exceed_frac_gt_p90,0.1
cnn,42,exceed_frac_sr_p90,0.0993
cnn,42,exceed_frac_delta_p90,-0.0007000000000000062
cnn,42,exceed_frac_abs_delta_p90,0.0007000000000000062
cnn,42,exceed_frac_gt_p95,0.05
cnn,42,exceed_frac_sr_p95,0.04748
cnn,42,exceed_frac_delta_p95,-0.0025200000000000014
cnn,42,exceed_frac_abs_delta_p95,0.0025200000000000014
cnn,42,exceed_frac_gt_p99,0.01
cnn,42,exceed_frac_sr_p99,0.010304
cnn,42,exceed_frac_delta_p99,0.00030400000000000045
cnn,42,exceed_frac_abs_delta_p99,0.00030400000000000045
cnn,42,pd_distance,21.63035540369367
cnn,42,mt_distance,5.757840156555176
cnn,42,ssim,0.6502889975352539
cnn,43,psnr,35.86371418802151
cnn,43,wpd_bias,-3.7293914282114358
cnn,43,wpd_mae,113.35103312215004
cnn,43,wpd_rmse,237.86834345808208
cnn,43,wpd_w1,17.13972633842974
cnn,43,psd_log_l2,0.4292709335364319
cnn,43,psd_slope_gt,0.9371233583412069
cnn,43,psd_slope_sr,0.32496686751172016
cnn,43,psd_slope_delta,-0.6121564908294868
cnn,43,psd_slope_abs_delta,0.6121564908294868
cnn,43,grad_mae,0.2140997094489829
cnn,43,grad_w1,0.14994994346609286
cnn,43,grad_kurtosis_gt,32.816736536068696
cnn,43,grad_kurtosis_sr,31.08534546208403
cnn,43,grad_kurtosis_delta,-1.731391073984664
cnn,43,grad_kurtosis_abs_delta,1.731391073984664
cnn,43,exceed_frac_gt_t5,0.821688
cnn,43,exceed_frac_sr_t5,0.825416
cnn,43,exceed_frac_delta_t5,0.0037280000000000646
cnn,43,exceed_frac_abs_delta_t5,0.0037280000000000646
cnn,43,exceed_frac_gt_t10,0.432408
cnn,43,exceed_frac_sr_t10,0.429284
cnn,43,exceed_frac_delta_t10,-0.0031240000000000157
cnn,43,exceed_frac_abs_delta_t10,0.0031240000000000157
cnn,43,exceed_frac_gt_t15,0.095104
cnn,43,exceed_frac_sr_t15,0.09448
cnn,43,exceed_frac_delta_t15,-0.0006239999999999996
cnn,43,exceed_frac_abs_delta_t15,0.0006239999999999996
cnn,43,exceed_frac_gt_p90,0.1
cnn,43,exceed_frac_sr_p90,0.100088
cnn,43,exceed_frac_delta_p90,8.799999999999086e-05
cnn,43,exceed_frac_abs_delta_p90,8.799999999999086e-05
cnn,43,exceed_frac_gt_p95,0.05
cnn,43,exceed_frac_sr_p95,0.048172
cnn,43,exceed_frac_delta_p95,-0.0018280000000000032
cnn,43,exceed_frac_abs_delta_p95,0.0018280000000000032
cnn,43,exceed_frac_gt_p99,0.01
cnn,43,exceed_frac_sr_p99,0.008952
cnn,43,exceed_frac_delta_p99,-0.0010480000000000003
cnn,43,exceed_frac_abs_delta_p99,0.0010480000000000003
cnn,43,pd_distance,20.76816702008209
cnn,43,mt_distance,5.7682366371154785
cnn,43,ssim,0.6132078779473105
cnn,44,psnr,35.00022423545573
cnn,44,wpd_bias,-6.559147211196528
cnn,44,wpd_mae,106.23776099591822
cnn,44,wpd_rmse,238.33115960884518
cnn,44,wpd_w1,12.408127955154614
cnn,44,psd_log_l2,0.4918351706568889
cnn,44,psd_slope_gt,0.9008753355404187
cnn,44,psd_slope_sr,0.34165201184389227
cnn,44,psd_slope_delta,-0.5592233236965264
cnn,44,psd_slope_abs_delta,0.5592233236965264
cnn,44,grad_mae,0.21579170075427156
cnn,44,grad_w1,0.14929465195373895
cnn,44,grad_kurtosis_gt,35.597979091113544
cnn,44,grad_kurtosis_sr,31.09066563050221
cnn,44,grad_kurtosis_delta,-4.507313460611332
cnn,44,grad_kurtosis_abs_delta,4.507313460611332
cnn,44,exceed_frac_gt_t5,0.79656
cnn,44,exceed_frac_sr_t5,0.80112
cnn,44,exceed_frac_delta_t5,0.0045600000000000085
cnn,44,exceed_frac_abs_delta_t5,0.0045600000000000085
cnn,44,exceed_frac_gt_t10,0.403556
cnn,44,exceed_frac_sr_t10,0.398
cnn,44,exceed_frac_delta_t10,-0.005556000000000005
cnn,44,exceed_frac_abs_delta_t10,0.005556000000000005
cnn,44,exceed_frac_gt_t15,0.064832
cnn,44,exceed_frac_sr_t15,0.064864
cnn,44,exceed_frac_delta_t15,3.200000000000425e-05
cnn,44,exceed_frac_abs_delta_t15,3.200000000000425e-05
cnn,44,exceed_frac_gt_p90,0.1
cnn,44,exceed_frac_sr_p90,0.101412
cnn,44,exceed_frac_delta_p90,0.0014119999999999966
cnn,44,exceed_frac_abs_delta_p90,0.0014119999999999966
cnn,44,exceed_frac_gt_p95,0.05
cnn,44,exceed_frac_sr_p95,0.049612
cnn,44,exceed_frac_delta_p95,-0.00038799999999999946
cnn,44,exceed_frac_abs_delta_p95,0.00038799999999999946
cnn,44,exceed_frac_gt_p99,0.01
cnn,44,exceed_frac_sr_p99,0.009128
cnn,44,exceed_frac_delta_p99,-0.0008719999999999995
cnn,44,exceed_frac_abs_delta_p99,0.0008719999999999995
cnn,44,pd_distance,19.781150575177055
cnn,44,mt_distance,6.20600700378418
cnn,44,ssim,0.5664520106667574
cnn,45,psnr,33.717983670503976
cnn,45,wpd_bias,-7.643234326970301
cnn,45,wpd_mae,110.31178209445795
cnn,45,wpd_rmse,270.41895158736344
cnn,45,wpd_w1,14.30789094775664
cnn,45,psd_log_l2,0.7034726151888209
cnn,45,psd_slope_gt,1.020788916991414
cnn,45,psd_slope_sr,0.42165864235046213
cnn,45,psd_slope_delta,-0.5991302746409518
cnn,45,psd_slope_abs_delta,0.5991302746409518
cnn,45,grad_mae,0.2534807694652109
cnn,45,grad_w1,0.1737235319938854
cnn,45,grad_kurtosis_gt,28.833496921868903
cnn,45,grad_kurtosis_sr,26.827606885451807
cnn,45,grad_kurtosis_delta,-2.005890036417096
cnn,45,grad_kurtosis_abs_delta,2.005890036417096
cnn,45,exceed_frac_gt_t5,0.765232
cnn,45,exceed_frac_sr_t5,0.771248
cnn,45,exceed_frac_delta_t5,0.006016000000000021
cnn,45,exceed_frac_abs_delta_t5,0.006016000000000021
cnn,45,exceed_frac_gt_t10,0.39386
cnn,45,exceed_frac_sr_t10,0.387408
cnn,45,exceed_frac_delta_t10,-0.006452000000000013
cnn,45,exceed_frac_abs_delta_t10,0.006452000000000013
cnn,45,exceed_frac_gt_t15,0.05044
cnn,45,exceed_frac_sr_t15,0.048852
cnn,45,exceed_frac_delta_t15,-0.0015879999999999991
cnn,45,exceed_frac_abs_delta_t15,0.0015879999999999991
cnn,45,exceed_frac_gt_p90,0.1
cnn,45,exceed_frac_sr_p90,0.097876
cnn,45,exceed_frac_delta_p90,-0.002124000000000001
cnn,45,exceed_frac_abs_delta_p90,0.002124000000000001
cnn,45,exceed_frac_gt_p95,0.05
cnn,45,exceed_frac_sr_p95,0.048632
cnn,45,exceed_frac_delta_p95,-0.0013680000000000012
cnn,45,exceed_frac_abs_delta_p95,0.0013680000000000012
cnn,45,exceed_frac_gt_p99,0.01
cnn,45,exceed_frac_sr_p99,0.008636
cnn,45,exceed_frac_delta_p99,-0.0013640000000000006
cnn,45,exceed_frac_abs_delta_p99,0.0013640000000000006
cnn,45,pd_distance,20.528037851461004
cnn,45,mt_distance,6.566225528717041
cnn,45,ssim,0.5284794773176458
cnn,46,psnr,32.82306749424016
cnn,46,wpd_bias,-10.557203971321016
cnn,46,wpd_mae,125.84765249573528
cnn,46,wpd_rmse,300.8336622814338
cnn,46,wpd_w1,18.876903647163527
cnn,46,psd_log_l2,0.787256947075358
cnn,46,psd_slope_gt,1.2007285753106773
cnn,46,psd_slope_sr,0.4981850952902316
cnn,46,psd_slope_delta,-0.7025434800204458
cnn,46,psd_slope_abs_delta,0.7025434800204458
cnn,46,grad_mae,0.2879160912695809
cnn,46,grad_w1,0.19837944771221705
cnn,46,grad_kurtosis_gt,24.502927978627852
cnn,46,grad_kurtosis_sr,24.100094500201457
cnn,46,grad_kurtosis_delta,-0.4028334784263947
cnn,46,grad_kurtosis_abs_delta,0.4028334784263947
cnn,46,exceed_frac_gt_t5,0.782556
cnn,46,exceed_frac_sr_t5,0.79112
cnn,46,exceed_frac_delta_t5,0.008564000000000016
cnn,46,exceed_frac_abs_delta_t5,0.008564000000000016
cnn,46,exceed_frac_gt_t10,0.41326
cnn,46,exceed_frac_sr_t10,0.406176
cnn,46,exceed_frac_delta_t10,-0.007084000000000035
cnn,46,exceed_frac_abs_delta_t10,0.007084000000000035
cnn,46,exceed_frac_gt_t15,0.047772
cnn,46,exceed_frac_sr_t15,0.046156
cnn,46,exceed_frac_delta_t15,-0.0016159999999999994
cnn,46,exceed_frac_abs_delta_t15,0.0016159999999999994
cnn,46,exceed_frac_gt_p90,0.1
cnn,46,exceed_frac_sr_p90,0.100824
cnn,46,exceed_frac_delta_p90,0.0008239999999999914
cnn,46,exceed_frac_abs_delta_p90,0.0008239999999999914
cnn,46,exceed_frac_gt_p95,0.05
cnn,46,exceed_frac_sr_p95,0.048428
cnn,46,exceed_frac_delta_p95,-0.001572000000000004
cnn,46,exceed_frac_abs_delta_p95,0.001572000000000004
cnn,46,exceed_frac_gt_p99,0.01
cnn,46,exceed_frac_sr_p99,0.008296
cnn,46,exceed_frac_delta_p99,-0.0017040000000000007
cnn,46,exceed_frac_abs_delta_p99,0.0017040000000000007
cnn,46,pd_distance,20.678325640697178
cnn,46,mt_distance,6.243154048919678
cnn,46,ssim,0.5125963901214821
cnn,47,psnr,32.73629912923383
cnn,47,wpd_bias,-12.090131521275065
cnn,47,wpd_mae,127.74953312884861
cnn,47,wpd_rmse,303.6482334327444
cnn,47,wpd_w1,19.28876870142669
cnn,47,psd_log_l2,0.7468540501835355
cnn,47,psd_slope_gt,1.2596917643279093
cnn,47,psd_slope_sr,0.5037670280044397
cnn,47,psd_slope_delta,-0.7559247363234696
cnn,47,psd_slope_abs_delta,0.7559247363234696
cnn,47,grad_mae,0.28503420802513757
cnn,47,grad_w1,0.19147806977783607
cnn,47,grad_kurtosis_gt,24.150592053474924
cnn,47,grad_kurtosis_sr,22.359512787664464
cnn,47,grad_kurtosis_delta,-1.7910792658104597
cnn,47,grad_kurtosis_abs_delta,1.7910792658104597
cnn,47,exceed_frac_gt_t5,0.789616
cnn,47,exceed_frac_sr_t5,0.795968
cnn,47,exceed_frac_delta_t5,0.006352000000000024
cnn,47,exceed_frac_abs_delta_t5,0.006352000000000024
cnn,47,exceed_frac_gt_t10,0.417872
cnn,47,exceed_frac_sr_t10,0.413792
cnn,47,exceed_frac_delta_t10,-0.004080000000000028
cnn,47,exceed_frac_abs_delta_t10,0.004080000000000028
cnn,47,exceed_frac_gt_t15,0.042404
cnn,47,exceed_frac_sr_t15,0.04052
cnn,47,exceed_frac_delta_t15,-0.0018839999999999968
cnn,47,exceed_frac_abs_delta_t15,0.0018839999999999968
cnn,47,exceed_frac_gt_p90,0.1
cnn,47,exceed_frac_sr_p90,0.100284
cnn,47,exceed_frac_delta_p90,0.0002839999999999926
cnn,47,exceed_frac_abs_delta_p90,0.0002839999999999926
cnn,47,exceed_frac_gt_p95,0.05
cnn,47,exceed_frac_sr_p95,0.047324
cnn,47,exceed_frac_delta_p95,-0.0026760000000000048
cnn,47,exceed_frac_abs_delta_p95,0.0026760000000000048
cnn,47,exceed_frac_gt_p99,0.01
cnn,47,exceed_frac_sr_p99,0.008664
cnn,47,exceed_frac_delta_p99,-0.0013360000000000004
cnn,47,exceed_frac_abs_delta_p99,0.0013360000000000004
cnn,47,pd_distance,22.201753073772625
cnn,47,mt_distance,6.789880752563477
cnn,47,ssim,0.5146049821788157
cnn,48,psnr,32.30837445145338
cnn,48,wpd_bias,-12.183954792319199
cnn,48,wpd_mae,122.25522842637345
cnn,48,wpd_rmse,289.1214891359504
cnn,48,wpd_w1,19.897841816929226
cnn,48,psd_log_l2,0.7662226771377814
cnn,48,psd_slope_gt,1.2687737908771686
cnn,48,psd_slope_sr,0.5054613383966815
cnn,48,psd_slope_delta,-0.7633124524804871
cnn,48,psd_slope_abs_delta,0.7633124524804871
cnn,48,grad_mae,0.2852069852276763
cnn,48,grad_w1,0.19445863718828907
cnn,48,grad_kurtosis_gt,23.037902715482684
cnn,48,grad_kurtosis_sr,24.37001753769777
cnn,48,grad_kurtosis_delta,1.332114822215086
cnn,48,grad_kurtosis_abs_delta,1.332114822215086
cnn,48,exceed_frac_gt_t5,0.78302
cnn,48,exceed_frac_sr_t5,0.789152
cnn,48,exceed_frac_delta_t5,0.006131999999999915
cnn,48,exceed_frac_abs_delta_t5,0.006131999999999915
cnn,48,exceed_frac_gt_t10,0.394804
cnn,48,exceed_frac_sr_t10,0.388896
cnn,48,exceed_frac_delta_t10,-0.005907999999999969
cnn,48,exceed_frac_abs_delta_t10,0.005907999999999969
cnn,48,exceed_frac_gt_t15,0.03326
cnn,48,exceed_frac_sr_t15,0.030464
cnn,48,exceed_frac_delta_t15,-0.0027959999999999964
cnn,48,exceed_frac_abs_delta_t15,0.0027959999999999964
cnn,48,exceed_frac_gt_p90,0.1
cnn,48,exceed_frac_sr_p90,0.09812
cnn,48,exceed_frac_delta_p90,-0.0018800000000000067
cnn,48,exceed_frac_abs_delta_p90,0.0018800000000000067
cnn,48,exceed_frac_gt_p95,0.05
cnn,48,exceed_frac_sr_p95,0.046704
cnn,48,exceed_frac_delta_p95,-0.0032960000000000003
cnn,48,exceed_frac_abs_delta_p95,0.0032960000000000003
cnn,48,exceed_frac_gt_p99,0.01
cnn,48,exceed_frac_sr_p99,0.008576
cnn,48,exceed_frac_delta_p99,-0.001424
cnn,48,exceed_frac_abs_delta_p99,0.001424
cnn,48,pd_distance,22.832495463547907
cnn,48,mt_distance,7.081502437591553
cnn,48,ssim,0.532008756795089
cnn,49,psnr,32.31195072001539
cnn,49,wpd_bias,-13.940518670509462
cnn,49,wpd_mae,111.39153575637147
cnn,49,wpd_rmse,264.4236797692713
cnn,49,wpd_w1,17.986029425779716
cnn,49,psd_log_l2,0.789332090843811
cnn,49,psd_slope_gt,1.2924078374666768
cnn,49,psd_slope_sr,0.5193635900803933
cnn,49,psd_slope_delta,-0.7730442473862834
cnn,49,psd_slope_abs_delta,0.7730442473862834
cnn,49,grad_mae,0.27982790985377354
cnn,49,grad_w1,0.19076736133649916
cnn,49,grad_kurtosis_gt,22.615851573923415
cnn,49,grad_kurtosis_sr,22.585374488631924
cnn,49,grad_kurtosis_delta,-0.030477085291490624
cnn,49,grad_kurtosis_abs_delta,0.030477085291490624
cnn,49,exceed_frac_gt_t5,0.770844
cnn,49,exceed_frac_sr_t5,0.777228
cnn,49,exceed_frac_delta_t5,0.006384000000000056
cnn,49,exceed_frac_abs_delta_t5,0.006384000000000056
cnn,49,exceed_frac_gt_t10,0.34972
cnn,49,exceed_frac_sr_t10,0.341036
cnn,49,exceed_frac_delta_t10,-0.00868399999999997
cnn,49,exceed_frac_abs_delta_t10,0.00868399999999997
cnn,49,exceed_frac_gt_t15,0.020384
cnn,49,exceed_frac_sr_t15,0.01828
cnn,49,exceed_frac_delta_t15,-0.0021039999999999982
cnn,49,exceed_frac_abs_delta_t15,0.0021039999999999982
cnn,49,exceed_frac_gt_p90,0.1
cnn,49,exceed_frac_sr_p90,0.09764
cnn,49,exceed_frac_delta_p90,-0.002360000000000001
cnn,49,exceed_frac_abs_delta_p90,0.002360000000000001
cnn,49,exceed_frac_gt_p95,0.05
cnn,49,exceed_frac_sr_p95,0.046864
cnn,49,exceed_frac_delta_p95,-0.003136
cnn,49,exceed_frac_abs_delta_p95,0.003136
cnn,49,exceed_frac_gt_p99,0.01
cnn,49,exceed_frac_sr_p99,0.008312
cnn,49,exceed_frac_delta_p99,-0.0016880000000000003
cnn,49,exceed_frac_abs_delta_p99,0.0016880000000000003
cnn,49,pd_distance,22.105793975200847
cnn,49,mt_distance,6.3195295333862305
cnn,49,ssim,0.5421832030068076
cnn,50,psnr,32.34835071339406
cnn,50,wpd_bias,-15.244110886826082
cnn,50,wpd_mae,101.08692331273767
cnn,50,wpd_rmse,234.37866504497248
cnn,50,wpd_w1,18.68440717613614
cnn,50,psd_log_l2,0.7847606398136231
cnn,50,psd_slope_gt,1.3487087613978361
cnn,50,psd_slope_sr,0.507187962350611
cnn,50,psd_slope_delta,-0.8415207990472251
cnn,50,psd_slope_abs_delta,0.8415207990472251
cnn,50,grad_mae,0.27282669211009075
cnn,50,grad_w1,0.18939170268948521
cnn,50,grad_kurtosis_gt,21.6405796621184
cnn,50,grad_kurtosis_sr,20.10748506966136
cnn,50,grad_kurtosis_delta,-1.53309459245704
cnn,50,grad_kurtosis_abs_delta,1.53309459245704
cnn,50,exceed_frac_gt_t5,0.758512
cnn,50,exceed_frac_sr_t5,0.76124
cnn,50,exceed_frac_delta_t5,0.0027280000000000637
cnn,50,exceed_frac_abs_delta_t5,0.0027280000000000637
cnn,50,exceed_frac_gt_t10,0.29016
cnn,50,exceed_frac_sr_t10,0.277084
cnn,50,exceed_frac_delta_t10,-0.013075999999999977
cnn,50,exceed_frac_abs_delta_t10,0.013075999999999977
cnn,50,exceed_frac_gt_t15,0.007008
cnn,50,exceed_frac_sr_t15,0.004544
cnn,50,exceed_frac_delta_t15,-0.002464
cnn,50,exceed_frac_abs_delta_t15,0.002464
cnn,50,exceed_frac_gt_p90,0.1
cnn,50,exceed_frac_sr_p90,0.09364
cnn,50,exceed_frac_delta_p90,-0.0063600000000000045
cnn,50,exceed_frac_abs_delta_p90,0.0063600000000000045
cnn,50,exceed_frac_gt_p95,0.05
cnn,50,exceed_frac_sr_p95,0.045944
cnn,50,exceed_frac_delta_p95,-0.004056000000000004
cnn,50,exceed_frac_abs_delta_p95,0.004056000000000004
cnn,50,exceed_frac_gt_p99,0.01
cnn,50,exceed_frac_sr_p99,0.006724
cnn,50,exceed_frac_delta_p99,-0.0032760000000000003
cnn,50,exceed_frac_abs_delta_p99,0.0032760000000000003
cnn,50,pd_distance,21.30877833114525
cnn,50,mt_distance,6.3856120109558105
cnn,50,ssim,0.5598492472466932
cnn,51,psnr,32.19523413297044
cnn,51,wpd_bias,-15.146799200999746
cnn,51,wpd_mae,92.47503163132504
cnn,51,wpd_rmse,211.2195751403644
cnn,51,wpd_w1,16.02607908563453
cnn,51,psd_log_l2,0.7930170941258367
cnn,51,psd_slope_gt,1.356345715961108
cnn,51,psd_slope_sr,0.4511513890990266
cnn,51,psd_slope_delta,-0.9051943268620815
cnn,51,psd_slope_abs_delta,0.9051943268620815
cnn,51,grad_mae,0.2696356821334209
cnn,51,grad_w1,0.18821590882542744
cnn,51,grad_kurtosis_gt,19.79685707102444
cnn,51,grad_kurtosis_sr,17.25124728278583
cnn,51,grad_kurtosis_delta,-2.545609788238611
cnn,51,grad_kurtosis_abs_delta,2.545609788238611
cnn,51,exceed_frac_gt_t5,0.747644
cnn,51,exceed_frac_sr_t5,0.749676
cnn,51,exceed_frac_delta_t5,0.0020320000000000338
cnn,51,exceed_frac_abs_delta_t5,0.0020320000000000338
cnn,51,exceed_frac_gt_t10,0.230452
cnn,51,exceed_frac_sr_t10,0.2225
cnn,51,exceed_frac_delta_t10,-0.007951999999999987
cnn,51,exceed_frac_abs_delta_t10,0.007951999999999987
cnn,51,exceed_frac_gt_t15,0.002328
cnn,51,exceed_frac_sr_t15,0.001312
cnn,51,exceed_frac_delta_t15,-0.0010160000000000002
cnn,51,exceed_frac_abs_delta_t15,0.0010160000000000002
cnn,51,exceed_frac_gt_p90,0.1
cnn,51,exceed_frac_sr_p90,0.091344
cnn,51,exceed_frac_delta_p90,-0.008656000000000011
cnn,51,exceed_frac_abs_delta_p90,0.008656000000000011
cnn,51,exceed_frac_gt_p95,0.05
cnn,51,exceed_frac_sr_p95,0.04388
cnn,51,exceed_frac_delta_p95,-0.0061200000000000004
cnn,51,exceed_frac_abs_delta_p95,0.0061200000000000004
cnn,51,exceed_frac_gt_p99,0.01
cnn,51,exceed_frac_sr_p99,0.006284
cnn,51,exceed_frac_delta_p99,-0.0037160000000000006
cnn,51,exceed_frac_abs_delta_p99,0.0037160000000000006
cnn,51,pd_distance,21.75849079768097
cnn,51,mt_distance,5.902731418609619
cnn,51,ssim,0.5923532935087121
cnn,52,psnr,32.64266815515036
cnn,52,wpd_bias,-16.076410942076176
cnn,52,wpd_mae,89.07498895406196
cnn,52,wpd_rmse,197.87502378780823
cnn,52,wpd_w1,16.308223821605143
cnn,52,psd_log_l2,0.7892157859355278
cnn,52,psd_slope_gt,1.3807288418811718
cnn,52,psd_slope_sr,0.4243850949803456
cnn,52,psd_slope_delta,-0.9563437469008262
cnn,52,psd_slope_abs_delta,0.9563437469008262
cnn,52,grad_mae,0.2717133677392516
cnn,52,grad_w1,0.19232978689014366
cnn,52,grad_kurtosis_gt,17.230958459135245
cnn,52,grad_kurtosis_sr,14.218713438852777
cnn,52,grad_kurtosis_delta,-3.0122450202824673
cnn,52,grad_kurtosis_abs_delta,3.0122450202824673
cnn,52,exceed_frac_gt_t5,0.734164
cnn,52,exceed_frac_sr_t5,0.732704
cnn,52,exceed_frac_delta_t5,-0.0014600000000000168
cnn,52,exceed_frac_abs_delta_t5,0.0014600000000000168
cnn,52,exceed_frac_gt_t10,0.175312
cnn,52,exceed_frac_sr_t10,0.165848
cnn,52,exceed_frac_delta_t10,-0.009464
cnn,52,exceed_frac_abs_delta_t10,0.009464
cnn,52,exceed_frac_gt_t15,0.000768
cnn,52,exceed_frac_sr_t15,0.000868
cnn,52,exceed_frac_delta_t15,9.999999999999994e-05
cnn,52,exceed_frac_abs_delta_t15,9.999999999999994e-05
cnn,52,exceed_frac_gt_p90,0.1
cnn,52,exceed_frac_sr_p90,0.091888
cnn,52,exceed_frac_delta_p90,-0.008112000000000008
cnn,52,exceed_frac_abs_delta_p90,0.008112000000000008
cnn,52,exceed_frac_gt_p95,0.05
cnn,52,exceed_frac_sr_p95,0.040852
cnn,52,exceed_frac_delta_p95,-0.009148000000000003
cnn,52,exceed_frac_abs_delta_p95,0.009148000000000003
cnn,52,exceed_frac_gt_p99,0.01
cnn,52,exceed_frac_sr_p99,0.004852
cnn,52,exceed_frac_delta_p99,-0.005148
cnn,52,exceed_frac_abs_delta_p99,0.005148
cnn,52,pd_distance,21.81632996072092
cnn,52,mt_distance,5.69123649597168
cnn,52,ssim,0.6008013239128891
cnn,53,psnr,32.75022479746413
cnn,53,wpd_bias,-14.440156490402993
cnn,53,wpd_mae,84.98706747694406
cnn,53,wpd_rmse,189.6108332211875
cnn,53,wpd_w1,14.803981468486827
cnn,53,psd_log_l2,0.8025485079368951
cnn,53,psd_slope_gt,1.4015540395722368
cnn,53,psd_slope_sr,0.43031726468820236
cnn,53,psd_slope_delta,-0.9712367748840345
cnn,53,psd_slope_abs_delta,0.9712367748840345
cnn,53,grad_mae,0.26943026452295676
cnn,53,grad_w1,0.18726264554281782
cnn,53,grad_kurtosis_gt,15.649433105046507
cnn,53,grad_kurtosis_sr,14.091456298814663
cnn,53,grad_kurtosis_delta,-1.557976806231844
cnn,53,grad_kurtosis_abs_delta,1.557976806231844
cnn,53,exceed_frac_gt_t5,0.71652
cnn,53,exceed_frac_sr_t5,0.71414
cnn,53,exceed_frac_delta_t5,-0.0023800000000000487
cnn,53,exceed_frac_abs_delta_t5,0.0023800000000000487
cnn,53,exceed_frac_gt_t10,0.139028
cnn,53,exceed_frac_sr_t10,0.134048
cnn,53,exceed_frac_delta_t10,-0.004980000000000012
cnn,53,exceed_frac_abs_delta_t10,0.004980000000000012
cnn,53,exceed_frac_gt_t15,0.000696
cnn,53,exceed_frac_sr_t15,4.4e-05
cnn,53,exceed_frac_delta_t15,-0.000652
cnn,53,exceed_frac_abs_delta_t15,0.000652
cnn,53,exceed_frac_gt_p90,0.1
cnn,53,exceed_frac_sr_p90,0.093816
cnn,53,exceed_frac_delta_p90,-0.006184000000000009
cnn,53,exceed_frac_abs_delta_p90,0.006184000000000009
cnn,53,exceed_frac_gt_p95,0.05
cnn,53,exceed_frac_sr_p95,0.041908
cnn,53,exceed_frac_delta_p95,-0.008092000000000002
cnn,53,exceed_frac_abs_delta_p95,0.008092000000000002
cnn,53,exceed_frac_gt_p99,0.01
cnn,53,exceed_frac_sr_p99,0.004532
cnn,53,exceed_frac_delta_p99,-0.005468000000000001
cnn,53,exceed_frac_abs_delta_p99,0.005468000000000001
cnn,53,pd_distance,21.92458068590406
cnn,53,mt_distance,5.261850833892822
cnn,53,ssim,0.6148309467013183
cnn,54,psnr,32.73704365727693
cnn,54,wpd_bias,-15.227142900233378
cnn,54,wpd_mae,85.34274570247835
cnn,54,wpd_rmse,191.17949973139594
cnn,54,wpd_w1,15.355174405362728
cnn,54,psd_log_l2,0.8429555134855096
cnn,54,psd_slope_gt,1.4231580494250449
cnn,54,psd_slope_sr,0.42218647163822703
cnn,54,psd_slope_delta,-1.0009715777868178
cnn,54,psd_slope_abs_delta,1.0009715777868178
cnn,54,grad_mae,0.2760632777997002
cnn,54,grad_w1,0.19756792538598164
cnn,54,grad_kurtosis_gt,15.68227149997276
cnn,54,grad_kurtosis_sr,15.837613938005411
cnn,54,grad_kurtosis_delta,0.15534243803265113
cnn,54,grad_kurtosis_abs_delta,0.15534243803265113
cnn,54,exceed_frac_gt_t5,0.69838
cnn,54,exceed_frac_sr_t5,0.694748
cnn,54,exceed_frac_delta_t5,-0.0036319999999999686
cnn,54,exceed_frac_abs_delta_t5,0.0036319999999999686
cnn,54,exceed_frac_gt_t10,0.118428
cnn,54,exceed_frac_sr_t10,0.110804
cnn,54,exceed_frac_delta_t10,-0.007624000000000006
cnn,54,exceed_frac_abs_delta_t10,0.007624000000000006
cnn,54,exceed_frac_gt_t15,0.000848
cnn,54,exceed_frac_sr_t15,0.00026
cnn,54,exceed_frac_delta_t15,-0.000588
cnn,54,exceed_frac_abs_delta_t15,0.000588
cnn,54,exceed_frac_gt_p90,0.1
cnn,54,exceed_frac_sr_p90,0.0937
cnn,54,exceed_frac_delta_p90,-0.0063
cnn,54,exceed_frac_abs_delta_p90,0.0063
cnn,54,exceed_frac_gt_p95,0.05
cnn,54,exceed_frac_sr_p95,0.043348
cnn,54,exceed_frac_delta_p95,-0.006652000000000005
cnn,54,exceed_frac_abs_delta_p95,0.006652000000000005
cnn,54,exceed_frac_gt_p99,0.01
cnn,54,exceed_frac_sr_p99,0.004248
cnn,54,exceed_frac_delta_p99,-0.005752
cnn,54,exceed_frac_abs_delta_p99,0.005752
cnn,54,pd_distance,22.97915159360149
cnn,54,mt_distance,5.500187397003174
cnn,54,ssim,0.6033188203396985
cnn,55,psnr,32.47536524369654
cnn,55,wpd_bias,-14.11555634683355
cnn,55,wpd_mae,86.64580949466621
cnn,55,wpd_rmse,202.84500589455354
cnn,55,wpd_w1,14.679650638755742
cnn,55,psd_log_l2,0.859589467283173
cnn,55,psd_slope_gt,1.3938067774913179
cnn,55,psd_slope_sr,0.42256583906360784
cnn,55,psd_slope_delta,-0.9712409384277101
cnn,55,psd_slope_abs_delta,0.9712409384277101
cnn,55,grad_mae,0.28144983979107613
cnn,55,grad_w1,0.19817791150895722
cnn,55,grad_kurtosis_gt,16.01867727155572
cnn,55,grad_kurtosis_sr,16.414068061431912
cnn,55,grad_kurtosis_delta,0.3953907898761919
cnn,55,grad_kurtosis_abs_delta,0.3953907898761919
cnn,55,exceed_frac_gt_t5,0.674288
cnn,55,exceed_frac_sr_t5,0.674916
cnn,55,exceed_frac_delta_t5,0.0006279999999999619
cnn,55,exceed_frac_abs_delta_t5,0.0006279999999999619
cnn,55,exceed_frac_gt_t10,0.110956
cnn,55,exceed_frac_sr_t10,0.107084
cnn,55,exceed_frac_delta_t10,-0.0038720000000000004
cnn,55,exceed_frac_abs_delta_t10,0.0038720000000000004
cnn,55,exceed_frac_gt_t15,0.001152
cnn,55,exceed_frac_sr_t15,0.000324
cnn,55,exceed_frac_delta_t15,-0.000828
cnn,55,exceed_frac_abs_delta_t15,0.000828
cnn,55,exceed_frac_gt_p90,0.1
cnn,55,exceed_frac_sr_p90,0.0967
cnn,55,exceed_frac_delta_p90,-0.0033000000000000113
cnn,55,exceed_frac_abs_delta_p90,0.0033000000000000113
cnn,55,exceed_frac_gt_p95,0.05
cnn,55,exceed_frac_sr_p95,0.043436
cnn,55,exceed_frac_delta_p95,-0.006564
cnn,55,exceed_frac_abs_delta_p95,0.006564
cnn,55,exceed_frac_gt_p99,0.01
cnn,55,exceed_frac_sr_p99,0.005336
cnn,55,exceed_frac_delta_p99,-0.004664000000000001
cnn,55,exceed_frac_abs_delta_p99,0.004664000000000001
cnn,55,pd_distance,23.57536347476084
cnn,55,mt_distance,5.2683796882629395
cnn,55,ssim,0.5990467193796046
cnn,56,psnr,32.1469587572324
cnn,56,wpd_bias,-14.164283065940134
cnn,56,wpd_mae,88.27052203172461
cnn,56,wpd_rmse,206.5858599446257
cnn,56,wpd_w1,15.30297283179461
cnn,56,psd_log_l2,0.8667825153247198
cnn,56,psd_slope_gt,1.4030071441121568
cnn,56,psd_slope_sr,0.38577841294546317
cnn,56,psd_slope_delta,-1.0172287311666937
cnn,56,psd_slope_abs_delta,1.0172287311666937
cnn,56,grad_mae,0.2917745209273786
cnn,56,grad_w1,0.20396740273751487
cnn,56,grad_kurtosis_gt,16.1257751842377
cnn,56,grad_kurtosis_sr,22.515455967673578
cnn,56,grad_kurtosis_delta,6.389680783435878
cnn,56,grad_kurtosis_abs_delta,6.389680783435878
cnn,56,exceed_frac_gt_t5,0.656012
cnn,56,exceed_frac_sr_t5,0.652464
cnn,56,exceed_frac_delta_t5,-0.0035479999999999956
cnn,56,exceed_frac_abs_delta_t5,0.0035479999999999956
cnn,56,exceed_frac_gt_t10,0.11208
cnn,56,exceed_frac_sr_t10,0.109632
cnn,56,exceed_frac_delta_t10,-0.0024480000000000057
cnn,56,exceed_frac_abs_delta_t10,0.0024480000000000057
cnn,56,exceed_frac_gt_t15,0.001368
cnn,56,exceed_frac_sr_t15,0.000772
cnn,56,exceed_frac_delta_t15,-0.0005960000000000001
cnn,56,exceed_frac_abs_delta_t15,0.0005960000000000001
cnn,56,exceed_frac_gt_p90,0.1
cnn,56,exceed_frac_sr_p90,0.096076
cnn,56,exceed_frac_delta_p90,-0.003924000000000011
cnn,56,exceed_frac_abs_delta_p90,0.003924000000000011
cnn,56,exceed_frac_gt_p95,0.05
cnn,56,exceed_frac_sr_p95,0.044772
cnn,56,exceed_frac_delta_p95,-0.0052280000000000035
cnn,56,exceed_frac_abs_delta_p95,0.0052280000000000035
cnn,56,exceed_frac_gt_p99,0.01
cnn,56,exceed_frac_sr_p99,0.005268
cnn,56,exceed_frac_delta_p99,-0.004732
cnn,56,exceed_frac_abs_delta_p99,0.004732
cnn,56,pd_distance,24.24948793523431
cnn,56,mt_distance,5.488292217254639
cnn,56,ssim,0.5995505930019787
cnn,57,psnr,31.508336739053256
cnn,57,wpd_bias,-15.6508886292232
cnn,57,wpd_mae,91.2048527441553
cnn,57,wpd_rmse,210.1630689204277
cnn,57,wpd_w1,16.681782192234362
cnn,57,psd_log_l2,0.9568211709086363
cnn,57,psd_slope_gt,1.3897450848438164
cnn,57,psd_slope_sr,0.3571477030819489
cnn,57,psd_slope_delta,-1.0325973817618674
cnn,57,psd_slope_abs_delta,1.0325973817618674
cnn,57,grad_mae,0.30070749219581344
cnn,57,grad_w1,0.2174440573226753
cnn,57,grad_kurtosis_gt,15.331920002860606
cnn,57,grad_kurtosis_sr,21.823444420001167
cnn,57,grad_kurtosis_delta,6.49152441714056
cnn,57,grad_kurtosis_abs_delta,6.49152441714056
cnn,57,exceed_frac_gt_t5,0.622136
cnn,57,exceed_frac_sr_t5,0.630656
cnn,57,exceed_frac_delta_t5,0.008519999999999972
cnn,57,exceed_frac_abs_delta_t5,0.008519999999999972
cnn,57,exceed_frac_gt_t10,0.114448
cnn,57,exceed_frac_sr_t10,0.11068
cnn,57,exceed_frac_delta_t10,-0.0037679999999999936
cnn,57,exceed_frac_abs_delta_t10,0.0037679999999999936
cnn,57,exceed_frac_gt_t15,0.001504
cnn,57,exceed_frac_sr_t15,0.000796
cnn,57,exceed_frac_delta_t15,-0.0007079999999999999
cnn,57,exceed_frac_abs_delta_t15,0.0007079999999999999
cnn,57,exceed_frac_gt_p90,0.1
cnn,57,exceed_frac_sr_p90,0.096172
cnn,57,exceed_frac_delta_p90,-0.003828000000000012
cnn,57,exceed_frac_abs_delta_p90,0.003828000000000012
cnn,57,exceed_frac_gt_p95,0.05
cnn,57,exceed_frac_sr_p95,0.043236
cnn,57,exceed_frac_delta_p95,-0.006764000000000006
cnn,57,exceed_frac_abs_delta_p95,0.006764000000000006
cnn,57,exceed_frac_gt_p99,0.01
cnn,57,exceed_frac_sr_p99,0.005616
cnn,57,exceed_frac_delta_p99,-0.004384
cnn,57,exceed_frac_abs_delta_p99,0.004384
cnn,57,pd_distance,24.937493176964292
cnn,57,mt_distance,5.463809013366699
cnn,57,ssim,0.6040063693954512
cnn,58,psnr,31.000612350408023
cnn,58,wpd_bias,-17.657965459159193
cnn,58,wpd_mae,95.36148263794759
cnn,58,wpd_rmse,224.272694116379
cnn,58,wpd_w1,18.825375914932422
cnn,58,psd_log_l2,0.9030965497039616
cnn,58,psd_slope_gt,1.4063733521537929
cnn,58,psd_slope_sr,0.3749378212677543
cnn,58,psd_slope_delta,-1.0314355308860386
cnn,58,psd_slope_abs_delta,1.0314355308860386
cnn,58,grad_mae,0.3103279417901744
cnn,58,grad_w1,0.22379049439436985
cnn,58,grad_kurtosis_gt,15.086790140907546
cnn,58,grad_kurtosis_sr,24.690111831343334
cnn,58,grad_kurtosis_delta,9.603321690435788
cnn,58,grad_kurtosis_abs_delta,9.603321690435788
cnn,58,exceed_frac_gt_t5,0.566708
cnn,58,exceed_frac_sr_t5,0.56866
cnn,58,exceed_frac_delta_t5,0.0019520000000000648
cnn,58,exceed_frac_abs_delta_t5,0.0019520000000000648
cnn,58,exceed_frac_gt_t10,0.121672
cnn,58,exceed_frac_sr_t10,0.11622
cnn,58,exceed_frac_delta_t10,-0.0054519999999999985
cnn,58,exceed_frac_abs_delta_t10,0.0054519999999999985
cnn,58,exceed_frac_gt_t15,0.001604
cnn,58,exceed_frac_sr_t15,0.001012
cnn,58,exceed_frac_delta_t15,-0.0005919999999999999
cnn,58,exceed_frac_abs_delta_t15,0.0005919999999999999
cnn,58,exceed_frac_gt_p90,0.1
cnn,58,exceed_frac_sr_p90,0.094552
cnn,58,exceed_frac_delta_p90,-0.005448000000000008
cnn,58,exceed_frac_abs_delta_p90,0.005448000000000008
cnn,58,exceed_frac_gt_p95,0.05
cnn,58,exceed_frac_sr_p95,0.03946
cnn,58,exceed_frac_delta_p95,-0.01054
cnn,58,exceed_frac_abs_delta_p95,0.01054
cnn,58,exceed_frac_gt_p99,0.01
cnn,58,exceed_frac_sr_p99,0.005472
cnn,58,exceed_frac_delta_p99,-0.004528
cnn,58,exceed_frac_abs_delta_p99,0.004528
cnn,58,pd_distance,25.56121844001433
cnn,58,mt_distance,6.08959436416626
cnn,58,ssim,0.6043291071323267
cnn,59,psnr,31.015823877761488
cnn,59,wpd_bias,-20.18843287885404
cnn,59,wpd_mae,101.88330773706849
cnn,59,wpd_rmse,233.7043311734362
cnn,59,wpd_w1,21.043963624875694
cnn,59,psd_log_l2,0.8478543011164581
cnn,59,psd_slope_gt,1.4045769897494929
cnn,59,psd_slope_sr,0.3901079504254332
cnn,59,psd_slope_delta,-1.0144690393240596
cnn,59,psd_slope_abs_delta,1.0144690393240596
cnn,59,grad_mae,0.31660514392600114
cnn,59,grad_w1,0.2239860461265898
cnn,59,grad_kurtosis_gt,14.865235207158928
cnn,59,grad_kurtosis_sr,20.036294148485545
cnn,59,grad_kurtosis_delta,5.171058941326617
cnn,59,grad_kurtosis_abs_delta,5.171058941326617
cnn,59,exceed_frac_gt_t5,0.539832
cnn,59,exceed_frac_sr_t5,0.539512
cnn,59,exceed_frac_delta_t5,-0.00031999999999998696
cnn,59,exceed_frac_abs_delta_t5,0.00031999999999998696
cnn,59,exceed_frac_gt_t10,0.132356
cnn,59,exceed_frac_sr_t10,0.124244
cnn,59,exceed_frac_delta_t10,-0.008112000000000008
cnn,59,exceed_frac_abs_delta_t10,0.008112000000000008
cnn,59,exceed_frac_gt_t15,0.002068
cnn,59,exceed_frac_sr_t15,0.001332
cnn,59,exceed_frac_delta_t15,-0.0007359999999999999
cnn,59,exceed_frac_abs_delta_t15,0.0007359999999999999
cnn,59,exceed_frac_gt_p90,0.1
cnn,59,exceed_frac_sr_p90,0.093284
cnn,59,exceed_frac_delta_p90,-0.006716
cnn,59,exceed_frac_abs_delta_p90,0.006716
cnn,59,exceed_frac_gt_p95,0.05
cnn,59,exceed_frac_sr_p95,0.037256
cnn,59,exceed_frac_delta_p95,-0.012744000000000005
cnn,59,exceed_frac_abs_delta_p95,0.012744000000000005
cnn,59,exceed_frac_gt_p99,0.01
cnn,59,exceed_frac_sr_p99,0.005696
cnn,59,exceed_frac_delta_p99,-0.0043040000000000005
cnn,59,exceed_frac_abs_delta_p99,0.0043040000000000005
cnn,59,pd_distance,25.864386079507888
cnn,59,mt_distance,5.546851634979248
cnn,59,ssim,0.6034893566523469
cnn,60,psnr,30.762772407467036
cnn,60,wpd_bias,-21.363214515985703
cnn,60,wpd_mae,109.24688389550468
cnn,60,wpd_rmse,248.75381517536402
cnn,60,wpd_w1,21.93824105537095
cnn,60,psd_log_l2,0.8088124792557992
cnn,60,psd_slope_gt,1.417109777555892
cnn,60,psd_slope_sr,0.39943988640280886
cnn,60,psd_slope_delta,-1.0176698911530833
cnn,60,psd_slope_abs_delta,1.0176698911530833
cnn,60,grad_mae,0.32992778354471486
cnn,60,grad_w1,0.23667278731552044
cnn,60,grad_kurtosis_gt,14.594746371370015
cnn,60,grad_kurtosis_sr,23.04350217389882
cnn,60,grad_kurtosis_delta,8.448755802528805
cnn,60,grad_kurtosis_abs_delta,8.448755802528805
cnn,60,exceed_frac_gt_t5,0.534092
cnn,60,exceed_frac_sr_t5,0.535376
cnn,60,exceed_frac_delta_t5,0.0012839999999999518
cnn,60,exceed_frac_abs_delta_t5,0.0012839999999999518
cnn,60,exceed_frac_gt_t10,0.143324
cnn,60,exceed_frac_sr_t10,0.133524
cnn,60,exceed_frac_delta_t10,-0.009800000000000003
cnn,60,exceed_frac_abs_delta_t10,0.009800000000000003
cnn,60,exceed_frac_gt_t15,0.002604
cnn,60,exceed_frac_sr_t15,0.001288
cnn,60,exceed_frac_delta_t15,-0.001316
cnn,60,exceed_frac_abs_delta_t15,0.001316
cnn,60,exceed_frac_gt_p90,0.1
cnn,60,exceed_frac_sr_p90,0.091828
cnn,60,exceed_frac_delta_p90,-0.008171999999999999
cnn,60,exceed_frac_abs_delta_p90,0.008171999999999999
cnn,60,exceed_frac_gt_p95,0.05
cnn,60,exceed_frac_sr_p95,0.039004
cnn,60,exceed_frac_delta_p95,-0.010996000000000006
cnn,60,exceed_frac_abs_delta_p95,0.010996000000000006
cnn,60,exceed_frac_gt_p99,0.01
cnn,60,exceed_frac_sr_p99,0.005492
cnn,60,exceed_frac_delta_p99,-0.004508
cnn,60,exceed_frac_abs_delta_p99,0.004508
cnn,60,pd_distance,25.964725332360167
cnn,60,mt_distance,5.321651458740234
cnn,60,ssim,0.5963230590394825
cnn,61,psnr,29.865895259214497
cnn,61,wpd_bias,-22.86328107737835
cnn,61,wpd_mae,120.86430733122329
cnn,61,wpd_rmse,272.478902544315
cnn,61,wpd_w1,23.754482627565803
cnn,61,psd_log_l2,0.7352168568106967
cnn,61,psd_slope_gt,1.4340073785641592
cnn,61,psd_slope_sr,0.4148553895212587
cnn,61,psd_slope_delta,-1.0191519890429004
cnn,61,psd_slope_abs_delta,1.0191519890429004
cnn,61,grad_mae,0.34121073105028793
cnn,61,grad_w1,0.24241620846938333
cnn,61,grad_kurtosis_gt,14.696636962314253
cnn,61,grad_kurtosis_sr,21.544357320395463
cnn,61,grad_kurtosis_delta,6.84772035808121
cnn,61,grad_kurtosis_abs_delta,6.84772035808121
cnn,61,exceed_frac_gt_t5,0.5667
cnn,61,exceed_frac_sr_t5,0.5666
cnn,61,exceed_frac_delta_t5,-9.999999999998899e-05
cnn,61,exceed_frac_abs_delta_t5,9.999999999998899e-05
cnn,61,exceed_frac_gt_t10,0.155884
cnn,61,exceed_frac_sr_t10,0.145708
cnn,61,exceed_frac_delta_t10,-0.01017599999999999
cnn,61,exceed_frac_abs_delta_t10,0.01017599999999999
cnn,61,exceed_frac_gt_t15,0.003412
cnn,61,exceed_frac_sr_t15,0.00186
cnn,61,exceed_frac_delta_t15,-0.001552
cnn,61,exceed_frac_abs_delta_t15,0.001552
cnn,61,exceed_frac_gt_p90,0.1
cnn,61,exceed_frac_sr_p90,0.091964
cnn,61,exceed_frac_delta_p90,-0.008036000000000001
cnn,61,exceed_frac_abs_delta_p90,0.008036000000000001
cnn,61,exceed_frac_gt_p95,0.05
cnn,61,exceed_frac_sr_p95,0.038604
cnn,61,exceed_frac_delta_p95,-0.011396000000000003
cnn,61,exceed_frac_abs_delta_p95,0.011396000000000003
cnn,61,exceed_frac_gt_p99,0.01
cnn,61,exceed_frac_sr_p99,0.005436
cnn,61,exceed_frac_delta_p99,-0.004564
cnn,61,exceed_frac_abs_delta_p99,0.004564
cnn,61,pd_distance,25.73100039673249
cnn,61,mt_distance,5.346891403198242
cnn,61,ssim,0.5971448921589625
cnn,62,psnr,29.90288153651064
cnn,62,wpd_bias,-24.552690627861047
cnn,62,wpd_mae,107.78141720303542
cnn,62,wpd_rmse,246.4400283145463
cnn,62,wpd_w1,26.354373187946685
cnn,62,psd_log_l2,0.7493232585939433
cnn,62,psd_slope_gt,1.485703004345046
cnn,62,psd_slope_sr,0.3822185880442578
cnn,62,psd_slope_delta,-1.1034844163007884
cnn,62,psd_slope_abs_delta,1.1034844163007884
cnn,62,grad_mae,0.3431670336020191
cnn,62,grad_w1,0.2628248484067409
cnn,62,grad_kurtosis_gt,15.211940625083377
cnn,62,grad_kurtosis_sr,19.78012059805543
cnn,62,grad_kurtosis_delta,4.568179972972052
cnn,62,grad_kurtosis_abs_delta,4.568179972972052
cnn,62,exceed_frac_gt_t5,0.587188
cnn,62,exceed_frac_sr_t5,0.5904
cnn,62,exceed_frac_delta_t5,0.0032119999999999926
cnn,62,exceed_frac_abs_delta_t5,0.0032119999999999926
cnn,62,exceed_frac_gt_t10,0.133248
cnn,62,exceed_frac_sr_t10,0.119928
cnn,62,exceed_frac_delta_t10,-0.013319999999999999
cnn,62,exceed_frac_abs_delta_t10,0.013319999999999999
cnn,62,exceed_frac_gt_t15,0.002504
cnn,62,exceed_frac_sr_t15,0.001032
cnn,62,exceed_frac_delta_t15,-0.0014720000000000002
cnn,62,exceed_frac_abs_delta_t15,0.0014720000000000002
cnn,62,exceed_frac_gt_p90,0.1
cnn,62,exceed_frac_sr_p90,0.089724
cnn,62,exceed_frac_delta_p90,-0.010276000000000007
cnn,62,exceed_frac_abs_delta_p90,0.010276000000000007
cnn,62,exceed_frac_gt_p95,0.05
cnn,62,exceed_frac_sr_p95,0.039788
cnn,62,exceed_frac_delta_p95,-0.010212000000000006
cnn,62,exceed_frac_abs_delta_p95,0.010212000000000006
cnn,62,exceed_frac_gt_p99,0.01
cnn,62,exceed_frac_sr_p99,0.004036
cnn,62,exceed_frac_delta_p99,-0.0059640000000000006
cnn,62,exceed_frac_abs_delta_p99,0.0059640000000000006
cnn,62,pd_distance,27.46350343812835
cnn,62,mt_distance,6.720277786254883
cnn,62,ssim,0.607011068002054
cnn,63,psnr,29.91647802819626
cnn,63,wpd_bias,-24.792635267885647
cnn,63,wpd_mae,93.56470604591313
cnn,63,wpd_rmse,218.49390266105485
cnn,63,wpd_w1,25.5334580610151
cnn,63,psd_log_l2,0.8125938319599768
cnn,63,psd_slope_gt,1.382052610795964
cnn,63,psd_slope_sr,0.32906943338933986
cnn,63,psd_slope_delta,-1.0529831774066243
cnn,63,psd_slope_abs_delta,1.0529831774066243
cnn,63,grad_mae,0.33906837350291535
cnn,63,grad_w1,0.2613760286247286
cnn,63,grad_kurtosis_gt,14.681603143001265
cnn,63,grad_kurtosis_sr,18.29635074379834
cnn,63,grad_kurtosis_delta,3.614747600797074
cnn,63,grad_kurtosis_abs_delta,3.614747600797074
cnn,63,exceed_frac_gt_t5,0.515292
cnn,63,exceed_frac_sr_t5,0.518404
cnn,63,exceed_frac_delta_t5,0.0031120000000000037
cnn,63,exceed_frac_abs_delta_t5,0.0031120000000000037
cnn,63,exceed_frac_gt_t10,0.120748
cnn,63,exceed_frac_sr_t10,0.108352
cnn,63,exceed_frac_delta_t10,-0.01239599999999999
cnn,63,exceed_frac_abs_delta_t10,0.01239599999999999
cnn,63,exceed_frac_gt_t15,0.0015
cnn,63,exceed_frac_sr_t15,0.000668
cnn,63,exceed_frac_delta_t15,-0.0008320000000000001
cnn,63,exceed_frac_abs_delta_t15,0.0008320000000000001
cnn,63,exceed_frac_gt_p90,0.1
cnn,63,exceed_frac_sr_p90,0.088464
cnn,63,exceed_frac_delta_p90,-0.011536000000000005
cnn,63,exceed_frac_abs_delta_p90,0.011536000000000005
cnn,63,exceed_frac_gt_p95,0.05
cnn,63,exceed_frac_sr_p95,0.038732
cnn,63,exceed_frac_delta_p95,-0.011268
cnn,63,exceed_frac_abs_delta_p95,0.011268
cnn,63,exceed_frac_gt_p99,0.01
cnn,63,exceed_frac_sr_p99,0.002712
cnn,63,exceed_frac_delta_p99,-0.007288
cnn,63,exceed_frac_abs_delta_p99,0.007288
cnn,63,pd_distance,28.524583670890912
cnn,63,mt_distance,7.660599708557129
cnn,63,ssim,0.6100278389273842
cnn,64,psnr,30.639132288513327
cnn,64,wpd_bias,-19.627246167130565
cnn,64,wpd_mae,82.9796006409545
cnn,64,wpd_rmse,199.84912407572014
cnn,64,wpd_w1,19.88121211011185
cnn,64,psd_log_l2,0.728240652248498
cnn,64,psd_slope_gt,1.1213295679735
cnn,64,psd_slope_sr,0.28112483967190327
cnn,64,psd_slope_delta,-0.8402047283015968
cnn,64,psd_slope_abs_delta,0.8402047283015968
cnn,64,grad_mae,0.28694149538712194
cnn,64,grad_w1,0.21994103528906228
cnn,64,grad_kurtosis_gt,18.670445427544397
cnn,64,grad_kurtosis_sr,23.4800428839823
cnn,64,grad_kurtosis_delta,4.809597456437903
cnn,64,grad_kurtosis_abs_delta,4.809597456437903
cnn,64,exceed_frac_gt_t5,0.549268
cnn,64,exceed_frac_sr_t5,0.552052
cnn,64,exceed_frac_delta_t5,0.0027840000000000087
cnn,64,exceed_frac_abs_delta_t5,0.0027840000000000087
cnn,64,exceed_frac_gt_t10,0.120608
cnn,64,exceed_frac_sr_t10,0.11098
cnn,64,exceed_frac_delta_t10,-0.009628000000000012
cnn,64,exceed_frac_abs_delta_t10,0.009628000000000012
cnn,64,exceed_frac_gt_t15,0.001796
cnn,64,exceed_frac_sr_t15,0.000472
cnn,64,exceed_frac_delta_t15,-0.001324
cnn,64,exceed_frac_abs_delta_t15,0.001324
cnn,64,exceed_frac_gt_p90,0.1
cnn,64,exceed_frac_sr_p90,0.090228
cnn,64,exceed_frac_delta_p90,-0.009772000000000003
cnn,64,exceed_frac_abs_delta_p90,0.009772000000000003
cnn,64,exceed_frac_gt_p95,0.05
cnn,64,exceed_frac_sr_p95,0.0394
cnn,64,exceed_frac_delta_p95,-0.010600000000000005
cnn,64,exceed_frac_abs_delta_p95,0.010600000000000005
cnn,64,exceed_frac_gt_p99,0.01
cnn,64,exceed_frac_sr_p99,0.004416
cnn,64,exceed_frac_delta_p99,-0.005584
cnn,64,exceed_frac_abs_delta_p99,0.005584
cnn,64,pd_distance,24.7100597287657
cnn,64,mt_distance,5.944510459899902
cnn,64,ssim,0.6412413721022083
cnn,65,psnr,31.070880312451152
cnn,65,wpd_bias,-20.7488850869019
cnn,65,wpd_mae,81.03750374504327
cnn,65,wpd_rmse,185.13229828210328
cnn,65,wpd_w1,21.081074632648775
cnn,65,psd_log_l2,0.6906870037260925
cnn,65,psd_slope_gt,1.0081824913899362
cnn,65,psd_slope_sr,0.22867475752541983
cnn,65,psd_slope_delta,-0.7795077338645164
cnn,65,psd_slope_abs_delta,0.7795077338645164
cnn,65,grad_mae,0.2637801728506789
cnn,65,grad_w1,0.20352841028460372
cnn,65,grad_kurtosis_gt,24.043227681614542
cnn,65,grad_kurtosis_sr,28.184818313774198
cnn,65,grad_kurtosis_delta,4.141590632159655
cnn,65,grad_kurtosis_abs_delta,4.141590632159655
cnn,65,exceed_frac_gt_t5,0.620876
cnn,65,exceed_frac_sr_t5,0.621364
cnn,65,exceed_frac_delta_t5,0.00048800000000004395
cnn,65,exceed_frac_abs_delta_t5,0.00048800000000004395
cnn,65,exceed_frac_gt_t10,0.151052
cnn,65,exceed_frac_sr_t10,0.141244
cnn,65,exceed_frac_delta_t10,-0.009807999999999983
cnn,65,exceed_frac_abs_delta_t10,0.009807999999999983
cnn,65,exceed_frac_gt_t15,0.001412
cnn,65,exceed_frac_sr_t15,0.000108
cnn,65,exceed_frac_delta_t15,-0.001304
cnn,65,exceed_frac_abs_delta_t15,0.001304
cnn,65,exceed_frac_gt_p90,0.1
cnn,65,exceed_frac_sr_p90,0.089352
cnn,65,exceed_frac_delta_p90,-0.010648000000000005
cnn,65,exceed_frac_abs_delta_p90,0.010648000000000005
cnn,65,exceed_frac_gt_p95,0.05
cnn,65,exceed_frac_sr_p95,0.038376
cnn,65,exceed_frac_delta_p95,-0.011624000000000002
cnn,65,exceed_frac_abs_delta_p95,0.011624000000000002
cnn,65,exceed_frac_gt_p99,0.01
cnn,65,exceed_frac_sr_p99,0.006132
cnn,65,exceed_frac_delta_p99,-0.003868
cnn,65,exceed_frac_abs_delta_p99,0.003868
cnn,65,pd_distance,22.148883751156426
cnn,65,mt_distance,5.820770263671875
cnn,65,ssim,0.6392626517957372
cnn,66,psnr,31.07904826800279
cnn,66,wpd_bias,-22.892522410531438
cnn,66,wpd_mae,86.76548466613409
cnn,66,wpd_rmse,187.47241461498422
cnn,66,wpd_w1,24.187464227844522
cnn,66,psd_log_l2,0.7241063605171902
cnn,66,psd_slope_gt,0.9789721173756035
cnn,66,psd_slope_sr,0.233537622245193
cnn,66,psd_slope_delta,-0.7454344951304105
cnn,66,psd_slope_abs_delta,0.7454344951304105
cnn,66,grad_mae,0.2581449561645551
cnn,66,grad_w1,0.19715176326953185
cnn,66,grad_kurtosis_gt,25.78116144654497
cnn,66,grad_kurtosis_sr,25.607091420767933
cnn,66,grad_kurtosis_delta,-0.17407002577703778
cnn,66,grad_kurtosis_abs_delta,0.17407002577703778
cnn,66,exceed_frac_gt_t5,0.67218
cnn,66,exceed_frac_sr_t5,0.67256
cnn,66,exceed_frac_delta_t5,0.00038000000000004697
cnn,66,exceed_frac_abs_delta_t5,0.00038000000000004697
cnn,66,exceed_frac_gt_t10,0.182064
cnn,66,exceed_frac_sr_t10,0.171832
cnn,66,exceed_frac_delta_t10,-0.010231999999999991
cnn,66,exceed_frac_abs_delta_t10,0.010231999999999991
cnn,66,exceed_frac_gt_t15,0.001612
cnn,66,exceed_frac_sr_t15,3.2e-05
cnn,66,exceed_frac_delta_t15,-0.00158
cnn,66,exceed_frac_abs_delta_t15,0.00158
cnn,66,exceed_frac_gt_p90,0.1
cnn,66,exceed_frac_sr_p90,0.09482
cnn,66,exceed_frac_delta_p90,-0.005180000000000004
cnn,66,exceed_frac_abs_delta_p90,0.005180000000000004
cnn,66,exceed_frac_gt_p95,0.05
cnn,66,exceed_frac_sr_p95,0.037036
cnn,66,exceed_frac_delta_p95,-0.012964000000000003
cnn,66,exceed_frac_abs_delta_p95,0.012964000000000003
cnn,66,exceed_frac_gt_p99,0.01
cnn,66,exceed_frac_sr_p99,0.002928
cnn,66,exceed_frac_delta_p99,-0.007072
cnn,66,exceed_frac_abs_delta_p99,0.007072
cnn,66,pd_distance,20.981857591368968
cnn,66,mt_distance,5.701828956604004
cnn,66,ssim,0.6553741793299986
cnn,67,psnr,30.98174498675131
cnn,67,wpd_bias,-25.575940267597478
cnn,67,wpd_mae,97.92446000327985
cnn,67,wpd_rmse,208.70998937036578
cnn,67,wpd_w1,28.06235987684284
cnn,67,psd_log_l2,0.778331358973073
cnn,67,psd_slope_gt,0.923912893123016
cnn,67,psd_slope_sr,0.22254081978477744
cnn,67,psd_slope_delta,-0.7013720733382386
cnn,67,psd_slope_abs_delta,0.7013720733382386
cnn,67,grad_mae,0.2674794258865331
cnn,67,grad_w1,0.2068497141382251
cnn,67,grad_kurtosis_gt,24.977757173387978
cnn,67,grad_kurtosis_sr,23.06988084840039
cnn,67,grad_kurtosis_delta,-1.907876324987587
cnn,67,grad_kurtosis_abs_delta,1.907876324987587
cnn,67,exceed_frac_gt_t5,0.713172
cnn,67,exceed_frac_sr_t5,0.71418
cnn,67,exceed_frac_delta_t5,0.0010080000000000089
cnn,67,exceed_frac_abs_delta_t5,0.0010080000000000089
cnn,67,exceed_frac_gt_t10,0.216596
cnn,67,exceed_frac_sr_t10,0.204
cnn,67,exceed_frac_delta_t10,-0.012596000000000024
cnn,67,exceed_frac_abs_delta_t10,0.012596000000000024
cnn,67,exceed_frac_gt_t15,0.003008
cnn,67,exceed_frac_sr_t15,0.001212
cnn,67,exceed_frac_delta_t15,-0.0017959999999999999
cnn,67,exceed_frac_abs_delta_t15,0.0017959999999999999
cnn,67,exceed_frac_gt_p90,0.1
cnn,67,exceed_frac_sr_p90,0.090624
cnn,67,exceed_frac_delta_p90,-0.00937600000000001
cnn,67,exceed_frac_abs_delta_p90,0.00937600000000001
cnn,67,exceed_frac_gt_p95,0.05
cnn,67,exceed_frac_sr_p95,0.040432
cnn,67,exceed_frac_delta_p95,-0.009568
cnn,67,exceed_frac_abs_delta_p95,0.009568
cnn,67,exceed_frac_gt_p99,0.01
cnn,67,exceed_frac_sr_p99,0.003116
cnn,67,exceed_frac_delta_p99,-0.006884
cnn,67,exceed_frac_abs_delta_p99,0.006884
cnn,67,pd_distance,20.679919922717943
cnn,67,mt_distance,5.030301094055176
cnn,67,ssim,0.6609010632708071
cnn,68,psnr,30.753726650709346
cnn,68,wpd_bias,-30.48824934571686
cnn,68,wpd_mae,119.5658025446585
cnn,68,wpd_rmse,247.50968944808298
cnn,68,wpd_w1,34.040499255743335
cnn,68,psd_log_l2,0.7691288517928184
cnn,68,psd_slope_gt,0.9751606419636493
cnn,68,psd_slope_sr,0.26215239660893663
cnn,68,psd_slope_delta,-0.7130082453547126
cnn,68,psd_slope_abs_delta,0.7130082453547126
cnn,68,grad_mae,0.3058205929406544
cnn,68,grad_w1,0.23521299926235945
cnn,68,grad_kurtosis_gt,22.173878351508137
cnn,68,grad_kurtosis_sr,25.586403332602742
cnn,68,grad_kurtosis_delta,3.412524981094606
cnn,68,grad_kurtosis_abs_delta,3.412524981094606
cnn,68,exceed_frac_gt_t5,0.740632
cnn,68,exceed_frac_sr_t5,0.743748
cnn,68,exceed_frac_delta_t5,0.0031160000000000077
cnn,68,exceed_frac_abs_delta_t5,0.0031160000000000077
cnn,68,exceed_frac_gt_t10,0.262132
cnn,68,exceed_frac_sr_t10,0.249752
cnn,68,exceed_frac_delta_t10,-0.012379999999999974
cnn,68,exceed_frac_abs_delta_t10,0.012379999999999974
cnn,68,exceed_frac_gt_t15,0.008476
cnn,68,exceed_frac_sr_t15,0.003208
cnn,68,exceed_frac_delta_t15,-0.005267999999999999
cnn,68,exceed_frac_abs_delta_t15,0.005267999999999999
cnn,68,exceed_frac_gt_p90,0.1
cnn,68,exceed_frac_sr_p90,0.087192
cnn,68,exceed_frac_delta_p90,-0.012808
cnn,68,exceed_frac_abs_delta_p90,0.012808
cnn,68,exceed_frac_gt_p95,0.05
cnn,68,exceed_frac_sr_p95,0.043984
cnn,68,exceed_frac_delta_p95,-0.0060160000000000005
cnn,68,exceed_frac_abs_delta_p95,0.0060160000000000005
cnn,68,exceed_frac_gt_p99,0.01
cnn,68,exceed_frac_sr_p99,0.004144
cnn,68,exceed_frac_delta_p99,-0.005856
cnn,68,exceed_frac_abs_delta_p99,0.005856
cnn,68,pd_distance,21.77134223692748
cnn,68,mt_distance,6.074338436126709
cnn,68,ssim,0.6630666232412432
cnn,69,psnr,29.625455010483247
cnn,69,wpd_bias,-38.351713057068395
cnn,69,wpd_mae,162.5249497580208
cnn,69,wpd_rmse,327.30812662271757
cnn,69,wpd_w1,45.317729430117936
cnn,69,psd_log_l2,0.8708830214185765
cnn,69,psd_slope_gt,0.9968354231364355
cnn,69,psd_slope_sr,0.2950492231704345
cnn,69,psd_slope_delta,-0.7017861999660009
cnn,69,psd_slope_abs_delta,0.7017861999660009
cnn,69,grad_mae,0.3473366608143369
cnn,69,grad_w1,0.2614262714135732
cnn,69,grad_kurtosis_gt,19.472862569986646
cnn,69,grad_kurtosis_sr,23.15018894378677
cnn,69,grad_kurtosis_delta,3.677326373800124
cnn,69,grad_kurtosis_abs_delta,3.677326373800124
cnn,69,exceed_frac_gt_t5,0.785324
cnn,69,exceed_frac_sr_t5,0.791264
cnn,69,exceed_frac_delta_t5,0.005939999999999945
cnn,69,exceed_frac_abs_delta_t5,0.005939999999999945
cnn,69,exceed_frac_gt_t10,0.344092
cnn,69,exceed_frac_sr_t10,0.332204
cnn,69,exceed_frac_delta_t10,-0.01188800000000001
cnn,69,exceed_frac_abs_delta_t10,0.01188800000000001
cnn,69,exceed_frac_gt_t15,0.022748
cnn,69,exceed_frac_sr_t15,0.014432
cnn,69,exceed_frac_delta_t15,-0.008316
cnn,69,exceed_frac_abs_delta_t15,0.008316
cnn,69,exceed_frac_gt_p90,0.1
cnn,69,exceed_frac_sr_p90,0.084416
cnn,69,exceed_frac_delta_p90,-0.015584
cnn,69,exceed_frac_abs_delta_p90,0.015584
cnn,69,exceed_frac_gt_p95,0.05
cnn,69,exceed_frac_sr_p95,0.040804
cnn,69,exceed_frac_delta_p95,-0.009196000000000003
cnn,69,exceed_frac_abs_delta_p95,0.009196000000000003
cnn,69,exceed_frac_gt_p99,0.01
cnn,69,exceed_frac_sr_p99,0.00434
cnn,69,exceed_frac_delta_p99,-0.00566
cnn,69,exceed_frac_abs_delta_p99,0.00566
cnn,69,pd_distance,24.168055816700438
cnn,69,mt_distance,5.17050838470459
cnn,69,ssim,0.6199995673916743
cnn,70,psnr,29.860974696694193
cnn,70,wpd_bias,-48.2136200856777
cnn,70,wpd_mae,205.3164247460256
cnn,70,wpd_rmse,401.4440687912509
cnn,70,wpd_w1,58.79674978665831
cnn,70,psd_log_l2,0.8704994357513581
cnn,70,psd_slope_gt,1.076985877998342
cnn,70,psd_slope_sr,0.3008781249921126
cnn,70,psd_slope_delta,-0.7761077530062293
cnn,70,psd_slope_abs_delta,0.7761077530062293
cnn,70,grad_mae,0.37739859035990564
cnn,70,grad_w1,0.281741809021808
cnn,70,grad_kurtosis_gt,18.0249013783906
cnn,70,grad_kurtosis_sr,19.2103923484249
cnn,70,grad_kurtosis_delta,1.1854909700343015
cnn,70,grad_kurtosis_abs_delta,1.1854909700343015
cnn,70,exceed_frac_gt_t5,0.815172
cnn,70,exceed_frac_sr_t5,0.819608
cnn,70,exceed_frac_delta_t5,0.0044359999999999955
cnn,70,exceed_frac_abs_delta_t5,0.0044359999999999955
cnn,70,exceed_frac_gt_t10,0.455364
cnn,70,exceed_frac_sr_t10,0.446944
cnn,70,exceed_frac_delta_t10,-0.008419999999999983
cnn,70,exceed_frac_abs_delta_t10,0.008419999999999983
cnn,70,exceed_frac_gt_t15,0.040576
cnn,70,exceed_frac_sr_t15,0.02848
cnn,70,exceed_frac_delta_t15,-0.012096000000000003
cnn,70,exceed_frac_abs_delta_t15,0.012096000000000003
cnn,70,exceed_frac_gt_p90,0.1
cnn,70,exceed_frac_sr_p90,0.081256
cnn,70,exceed_frac_delta_p90,-0.01874400000000001
cnn,70,exceed_frac_abs_delta_p90,0.01874400000000001
cnn,70,exceed_frac_gt_p95,0.05
cnn,70,exceed_frac_sr_p95,0.036804
cnn,70,exceed_frac_delta_p95,-0.013196
cnn,70,exceed_frac_abs_delta_p95,0.013196
cnn,70,exceed_frac_gt_p99,0.01
cnn,70,exceed_frac_sr_p99,0.004456
cnn,70,exceed_frac_delta_p99,-0.005544
cnn,70,exceed_frac_abs_delta_p99,0.005544
cnn,70,pd_distance,24.673819113934496
cnn,70,mt_distance,5.396136283874512
cnn,70,ssim,0.6240219472071842
cnn,71,psnr,29.930840678863813
cnn,71,wpd_bias,-53.35179272940681
cnn,71,wpd_mae,229.53651223340512
cnn,71,wpd_rmse,445.0519441147778
cnn,71,wpd_w1,66.61422121143934
cnn,71,psd_log_l2,0.8726442495338397
cnn,71,psd_slope_gt,1.2273406855058204
cnn,71,psd_slope_sr,0.30798782708195355
cnn,71,psd_slope_delta,-0.9193528584238668
cnn,71,psd_slope_abs_delta,0.9193528584238668
cnn,71,grad_mae,0.39888181006615236
cnn,71,grad_w1,0.3032407316685306
cnn,71,grad_kurtosis_gt,16.560253136703867
cnn,71,grad_kurtosis_sr,18.07201717627241
cnn,71,grad_kurtosis_delta,1.5117640395685434
cnn,71,grad_kurtosis_abs_delta,1.5117640395685434
cnn,71,exceed_frac_gt_t5,0.831252
cnn,71,exceed_frac_sr_t5,0.835576
cnn,71,exceed_frac_delta_t5,0.0043239999999999945
cnn,71,exceed_frac_abs_delta_t5,0.0043239999999999945
cnn,71,exceed_frac_gt_t10,0.513808
cnn,71,exceed_frac_sr_t10,0.51752
cnn,71,exceed_frac_delta_t10,0.0037119999999999376
cnn,71,exceed_frac_abs_delta_t10,0.0037119999999999376
cnn,71,exceed_frac_gt_t15,0.050844
cnn,71,exceed_frac_sr_t15,0.035664
cnn,71,exceed_frac_delta_t15,-0.015179999999999999
cnn,71,exceed_frac_abs_delta_t15,0.015179999999999999
cnn,71,exceed_frac_gt_p90,0.1
cnn,71,exceed_frac_sr_p90,0.079408
cnn,71,exceed_frac_delta_p90,-0.020592
cnn,71,exceed_frac_abs_delta_p90,0.020592
cnn,71,exceed_frac_gt_p95,0.05
cnn,71,exceed_frac_sr_p95,0.034868
cnn,71,exceed_frac_delta_p95,-0.015132
cnn,71,exceed_frac_abs_delta_p95,0.015132
cnn,71,exceed_frac_gt_p99,0.01
cnn,71,exceed_frac_sr_p99,0.003032
cnn,71,exceed_frac_delta_p99,-0.006968
cnn,71,exceed_frac_abs_delta_p99,0.006968
cnn,71,pd_distance,25.505047306429027
cnn,71,mt_distance,5.1588335037231445
cnn,71,ssim,0.6150011738417821
cnn,72,psnr,29.74213458071725
cnn,72,wpd_bias,-56.544299719969125
cnn,72,wpd_mae,241.9451005672745
cnn,72,wpd_rmse,475.1231130980262
cnn,72,wpd_w1,69.77172573703302
cnn,72,psd_log_l2,0.8590353884289712
cnn,72,psd_slope_gt,1.3001746715498068
cnn,72,psd_slope_sr,0.3487277781275271
cnn,72,psd_slope_delta,-0.9514468934222797
cnn,72,psd_slope_abs_delta,0.9514468934222797
cnn,72,grad_mae,0.41285225449886503
cnn,72,grad_w1,0.3139563817298654
cnn,72,grad_kurtosis_gt,16.061174380248488
cnn,72,grad_kurtosis_sr,19.384529411346787
cnn,72,grad_kurtosis_delta,3.3233550310982984
cnn,72,grad_kurtosis_abs_delta,3.3233550310982984
cnn,72,exceed_frac_gt_t5,0.837768
cnn,72,exceed_frac_sr_t5,0.842204
cnn,72,exceed_frac_delta_t5,0.0044359999999999955
cnn,72,exceed_frac_abs_delta_t5,0.0044359999999999955
cnn,72,exceed_frac_gt_t10,0.5336
cnn,72,exceed_frac_sr_t10,0.535672
cnn,72,exceed_frac_delta_t10,0.0020720000000000738
cnn,72,exceed_frac_abs_delta_t10,0.0020720000000000738
cnn,72,exceed_frac_gt_t15,0.053752
cnn,72,exceed_frac_sr_t15,0.038488
cnn,72,exceed_frac_delta_t15,-0.015264
cnn,72,exceed_frac_abs_delta_t15,0.015264
cnn,72,exceed_frac_gt_p90,0.1
cnn,72,exceed_frac_sr_p90,0.082268
cnn,72,exceed_frac_delta_p90,-0.01773200000000001
cnn,72,exceed_frac_abs_delta_p90,0.01773200000000001
cnn,72,exceed_frac_gt_p95,0.05
cnn,72,exceed_frac_sr_p95,0.035024
cnn,72,exceed_frac_delta_p95,-0.014976000000000003
cnn,72,exceed_frac_abs_delta_p95,0.014976000000000003
cnn,72,exceed_frac_gt_p99,0.01
cnn,72,exceed_frac_sr_p99,0.003236
cnn,72,exceed_frac_delta_p99,-0.006764
cnn,72,exceed_frac_abs_delta_p99,0.006764
cnn,72,pd_distance,26.514111621573456
cnn,72,mt_distance,4.796044826507568
cnn,72,ssim,0.6199199584381304
cnn,73,psnr,29.629070989186935
cnn,73,wpd_bias,-60.11372413456076
cnn,73,wpd_mae,246.1205058790748
cnn,73,wpd_rmse,482.4887060638723
cnn,73,wpd_w1,75.48557976424274
cnn,73,psd_log_l2,0.83309444757629
cnn,73,psd_slope_gt,1.3664871040769908
cnn,73,psd_slope_sr,0.36744065468909015
cnn,73,psd_slope_delta,-0.9990464493879007
cnn,73,psd_slope_abs_delta,0.9990464493879007
cnn,73,grad_mae,0.42447669232722973
cnn,73,grad_w1,0.3207703694636791
cnn,73,grad_kurtosis_gt,15.63312292836979
cnn,73,grad_kurtosis_sr,18.56902578823575
cnn,73,grad_kurtosis_delta,2.9359028598659584
cnn,73,grad_kurtosis_abs_delta,2.9359028598659584
cnn,73,exceed_frac_gt_t5,0.8408
cnn,73,exceed_frac_sr_t5,0.845952
cnn,73,exceed_frac_delta_t5,0.005152000000000045
cnn,73,exceed_frac_abs_delta_t5,0.005152000000000045
cnn,73,exceed_frac_gt_t10,0.541504
cnn,73,exceed_frac_sr_t10,0.54538
cnn,73,exceed_frac_delta_t10,0.0038759999999999906
cnn,73,exceed_frac_abs_delta_t10,0.0038759999999999906
cnn,73,exceed_frac_gt_t15,0.053116
cnn,73,exceed_frac_sr_t15,0.034236
cnn,73,exceed_frac_delta_t15,-0.018879999999999994
cnn,73,exceed_frac_abs_delta_t15,0.018879999999999994
cnn,73,exceed_frac_gt_p90,0.1
cnn,73,exceed_frac_sr_p90,0.081976
cnn,73,exceed_frac_delta_p90,-0.018024000000000012
cnn,73,exceed_frac_abs_delta_p90,0.018024000000000012
cnn,73,exceed_frac_gt_p95,0.05
cnn,73,exceed_frac_sr_p95,0.03142
cnn,73,exceed_frac_delta_p95,-0.018580000000000006
cnn,73,exceed_frac_abs_delta_p95,0.018580000000000006
cnn,73,exceed_frac_gt_p99,0.01
cnn,73,exceed_frac_sr_p99,0.002416
cnn,73,exceed_frac_delta_p99,-0.0075840000000000005
cnn,73,exceed_frac_abs_delta_p99,0.0075840000000000005
cnn,73,pd_distance,27.001473804134946
cnn,73,mt_distance,4.9851861000061035
cnn,73,ssim,0.619031434086304
cnn,74,psnr,29.691811883380907
cnn,74,wpd_bias,-62.66917468110797
cnn,74,wpd_mae,240.3681434801473
cnn,74,wpd_rmse,477.1244720328788
cnn,74,wpd_w1,76.64760000690082
cnn,74,psd_log_l2,0.8812629727914688
cnn,74,psd_slope_gt,1.4264403719712917
cnn,74,psd_slope_sr,0.38482754023972954
cnn,74,psd_slope_delta,-1.041612831731562
cnn,74,psd_slope_abs_delta,1.041612831731562
cnn,74,grad_mae,0.4300600707925885
cnn,74,grad_w1,0.32708398680510065
cnn,74,grad_kurtosis_gt,15.07431389485681
cnn,74,grad_kurtosis_sr,16.677771974616416
cnn,74,grad_kurtosis_delta,1.6034580797596067
cnn,74,grad_kurtosis_abs_delta,1.6034580797596067
cnn,74,exceed_frac_gt_t5,0.84508
cnn,74,exceed_frac_sr_t5,0.851064
cnn,74,exceed_frac_delta_t5,0.005983999999999989
cnn,74,exceed_frac_abs_delta_t5,0.005983999999999989
cnn,74,exceed_frac_gt_t10,0.532968
cnn,74,exceed_frac_sr_t10,0.532396
cnn,74,exceed_frac_delta_t10,-0.0005720000000000169
cnn,74,exceed_frac_abs_delta_t10,0.0005720000000000169
cnn,74,exceed_frac_gt_t15,0.043284
cnn,74,exceed_frac_sr_t15,0.02526
cnn,74,exceed_frac_delta_t15,-0.018024000000000002
cnn,74,exceed_frac_abs_delta_t15,0.018024000000000002
cnn,74,exceed_frac_gt_p90,0.1
cnn,74,exceed_frac_sr_p90,0.078288
cnn,74,exceed_frac_delta_p90,-0.02171200000000001
cnn,74,exceed_frac_abs_delta_p90,0.02171200000000001
cnn,74,exceed_frac_gt_p95,0.05
cnn,74,exceed_frac_sr_p95,0.0308
cnn,74,exceed_frac_delta_p95,-0.019200000000000002
cnn,74,exceed_frac_abs_delta_p95,0.019200000000000002
cnn,74,exceed_frac_gt_p99,0.01
cnn,74,exceed_frac_sr_p99,0.002656
cnn,74,exceed_frac_delta_p99,-0.007344
cnn,74,exceed_frac_abs_delta_p99,0.007344
cnn,74,pd_distance,28.28963162272453
cnn,74,mt_distance,4.782100200653076
cnn,74,ssim,0.6069853634026909
cnn,75,psnr,29.430160323912798
cnn,75,wpd_bias,-59.618420092226
cnn,75,wpd_mae,231.58286810903567
cnn,75,wpd_rmse,454.8713556766557
cnn,75,wpd_w1,72.62112454952891
cnn,75,psd_log_l2,0.8823046974990095
cnn,75,psd_slope_gt,1.5064205441000436
cnn,75,psd_slope_sr,0.43523815487794865
cnn,75,psd_slope_delta,-1.0711823892220949
cnn,75,psd_slope_abs_delta,1.0711823892220949
cnn,75,grad_mae,0.4264299281150627
cnn,75,grad_w1,0.3208611483612714
cnn,75,grad_kurtosis_gt,14.584505162560745
cnn,75,grad_kurtosis_sr,14.270038132528688
cnn,75,grad_kurtosis_delta,-0.31446703003205734
cnn,75,grad_kurtosis_abs_delta,0.31446703003205734
cnn,75,exceed_frac_gt_t5,0.846348
cnn,75,exceed_frac_sr_t5,0.85484
cnn,75,exceed_frac_delta_t5,0.008492000000000055
cnn,75,exceed_frac_abs_delta_t5,0.008492000000000055
cnn,75,exceed_frac_gt_t10,0.51778
cnn,75,exceed_frac_sr_t10,0.513624
cnn,75,exceed_frac_delta_t10,-0.0041560000000000485
cnn,75,exceed_frac_abs_delta_t10,0.0041560000000000485
cnn,75,exceed_frac_gt_t15,0.034328
cnn,75,exceed_frac_sr_t15,0.018088
cnn,75,exceed_frac_delta_t15,-0.016239999999999997
cnn,75,exceed_frac_abs_delta_t15,0.016239999999999997
cnn,75,exceed_frac_gt_p90,0.1
cnn,75,exceed_frac_sr_p90,0.077812
cnn,75,exceed_frac_delta_p90,-0.022188
cnn,75,exceed_frac_abs_delta_p90,0.022188
cnn,75,exceed_frac_gt_p95,0.05
cnn,75,exceed_frac_sr_p95,0.032196
cnn,75,exceed_frac_delta_p95,-0.017804
cnn,75,exceed_frac_abs_delta_p95,0.017804
cnn,75,exceed_frac_gt_p99,0.01
cnn,75,exceed_frac_sr_p99,0.002324
cnn,75,exceed_frac_delta_p99,-0.0076760000000000005
cnn,75,exceed_frac_abs_delta_p99,0.0076760000000000005
cnn,75,pd_distance,29.367383683723347
cnn,75,mt_distance,5.201173305511475
cnn,75,ssim,0.5937671635719853
cnn,76,psnr,29.256090612424952
cnn,76,wpd_bias,-57.19312222786212
cnn,76,wpd_mae,226.35655519227194
cnn,76,wpd_rmse,439.8333442816885
cnn,76,wpd_w1,67.31326375249812
cnn,76,psd_log_l2,0.9242426971669403
cnn,76,psd_slope_gt,1.5698596482194824
cnn,76,psd_slope_sr,0.4570351520913261
cnn,76,psd_slope_delta,-1.1128244961281564
cnn,76,psd_slope_abs_delta,1.1128244961281564
cnn,76,grad_mae,0.42685687736204625
cnn,76,grad_w1,0.3204769544948553
cnn,76,grad_kurtosis_gt,14.344164333086036
cnn,76,grad_kurtosis_sr,13.89902561223733
cnn,76,grad_kurtosis_delta,-0.445138720848707
cnn,76,grad_kurtosis_abs_delta,0.445138720848707
cnn,76,exceed_frac_gt_t5,0.848608
cnn,76,exceed_frac_sr_t5,0.85696
cnn,76,exceed_frac_delta_t5,0.008352000000000026
cnn,76,exceed_frac_abs_delta_t5,0.008352000000000026
cnn,76,exceed_frac_gt_t10,0.5029
cnn,76,exceed_frac_sr_t10,0.494752
cnn,76,exceed_frac_delta_t10,-0.008147999999999989
cnn,76,exceed_frac_abs_delta_t10,0.008147999999999989
cnn,76,exceed_frac_gt_t15,0.027936
cnn,76,exceed_frac_sr_t15,0.014184
cnn,76,exceed_frac_delta_t15,-0.013751999999999999
cnn,76,exceed_frac_abs_delta_t15,0.013751999999999999
cnn,76,exceed_frac_gt_p90,0.1
cnn,76,exceed_frac_sr_p90,0.080868
cnn,76,exceed_frac_delta_p90,-0.01913200000000001
cnn,76,exceed_frac_abs_delta_p90,0.01913200000000001
cnn,76,exceed_frac_gt_p95,0.05
cnn,76,exceed_frac_sr_p95,0.03264
cnn,76,exceed_frac_delta_p95,-0.01736
cnn,76,exceed_frac_abs_delta_p95,0.01736
cnn,76,exceed_frac_gt_p99,0.01
cnn,76,exceed_frac_sr_p99,0.002108
cnn,76,exceed_frac_delta_p99,-0.007892
cnn,76,exceed_frac_abs_delta_p99,0.007892
cnn,76,pd_distance,30.056769521251926
cnn,76,mt_distance,5.207019329071045
cnn,76,ssim,0.5777791726434143
cnn,77,psnr,28.72430550824469
cnn,77,wpd_bias,-53.64958059738344
cnn,77,wpd_mae,221.58329879057288
cnn,77,wpd_rmse,431.14098996295195
cnn,77,wpd_w1,61.67675399674606
cnn,77,psd_log_l2,0.9611059329651137
cnn,77,psd_slope_gt,1.6323487427746448
cnn,77,psd_slope_sr,0.5008826965720242
cnn,77,psd_slope_delta,-1.1314660462026205
cnn,77,psd_slope_abs_delta,1.1314660462026205
cnn,77,grad_mae,0.4240704174793279
cnn,77,grad_w1,0.31103826021448855
cnn,77,grad_kurtosis_gt,14.460758683242851
cnn,77,grad_kurtosis_sr,13.116834339525578
cnn,77,grad_kurtosis_delta,-1.3439243437172728
cnn,77,grad_kurtosis_abs_delta,1.3439243437172728
cnn,77,exceed_frac_gt_t5,0.849676
cnn,77,exceed_frac_sr_t5,0.857692
cnn,77,exceed_frac_delta_t5,0.008016000000000023
cnn,77,exceed_frac_abs_delta_t5,0.008016000000000023
cnn,77,exceed_frac_gt_t10,0.479988
cnn,77,exceed_frac_sr_t10,0.471528
cnn,77,exceed_frac_delta_t10,-0.008460000000000023
cnn,77,exceed_frac_abs_delta_t10,0.008460000000000023
cnn,77,exceed_frac_gt_t15,0.022928
cnn,77,exceed_frac_sr_t15,0.010632
cnn,77,exceed_frac_delta_t15,-0.012296
cnn,77,exceed_frac_abs_delta_t15,0.012296
cnn,77,exceed_frac_gt_p90,0.1
cnn,77,exceed_frac_sr_p90,0.08076
cnn,77,exceed_frac_delta_p90,-0.019240000000000007
cnn,77,exceed_frac_abs_delta_p90,0.019240000000000007
cnn,77,exceed_frac_gt_p95,0.05
cnn,77,exceed_frac_sr_p95,0.03208
cnn,77,exceed_frac_delta_p95,-0.017920000000000005
cnn,77,exceed_frac_abs_delta_p95,0.017920000000000005
cnn,77,exceed_frac_gt_p99,0.01
cnn,77,exceed_frac_sr_p99,0.00348
cnn,77,exceed_frac_delta_p99,-0.00652
cnn,77,exceed_frac_abs_delta_p99,0.00652
cnn,77,pd_distance,29.944664675564518
cnn,77,mt_distance,6.132026672363281
cnn,77,ssim,0.5745291139577776
cnn,78,psnr,28.640865894640942
cnn,78,wpd_bias,-50.45003152338724
cnn,78,wpd_mae,214.60708234287932
cnn,78,wpd_rmse,417.51725400332174
cnn,78,wpd_w1,59.5934875082361
cnn,78,psd_log_l2,0.9566741341192598
cnn,78,psd_slope_gt,1.6803804681010486
cnn,78,psd_slope_sr,0.5352828864478624
cnn,78,psd_slope_delta,-1.1450975816531863
cnn,78,psd_slope_abs_delta,1.1450975816531863
cnn,78,grad_mae,0.42212464452685705
cnn,78,grad_w1,0.30351017921484297
cnn,78,grad_kurtosis_gt,14.807552502219174
cnn,78,grad_kurtosis_sr,13.565351352108063
cnn,78,grad_kurtosis_delta,-1.2422011501111108
cnn,78,grad_kurtosis_abs_delta,1.2422011501111108
cnn,78,exceed_frac_gt_t5,0.850456
cnn,78,exceed_frac_sr_t5,0.85688
cnn,78,exceed_frac_delta_t5,0.006423999999999985
cnn,78,exceed_frac_abs_delta_t5,0.006423999999999985
cnn,78,exceed_frac_gt_t10,0.459596
cnn,78,exceed_frac_sr_t10,0.448892
cnn,78,exceed_frac_delta_t10,-0.010703999999999991
cnn,78,exceed_frac_abs_delta_t10,0.010703999999999991
cnn,78,exceed_frac_gt_t15,0.016908
cnn,78,exceed_frac_sr_t15,0.007252
cnn,78,exceed_frac_delta_t15,-0.009656
cnn,78,exceed_frac_abs_delta_t15,0.009656
cnn,78,exceed_frac_gt_p90,0.1
cnn,78,exceed_frac_sr_p90,0.080944
cnn,78,exceed_frac_delta_p90,-0.019056000000000003
cnn,78,exceed_frac_abs_delta_p90,0.019056000000000003
cnn,78,exceed_frac_gt_p95,0.05
cnn,78,exceed_frac_sr_p95,0.032256
cnn,78,exceed_frac_delta_p95,-0.017744000000000003
cnn,78,exceed_frac_abs_delta_p95,0.017744000000000003
cnn,78,exceed_frac_gt_p99,0.01
cnn,78,exceed_frac_sr_p99,0.00366
cnn,78,exceed_frac_delta_p99,-0.00634
cnn,78,exceed_frac_abs_delta_p99,0.00634
cnn,78,pd_distance,30.300511724579902
cnn,78,mt_distance,5.8028388023376465
cnn,78,ssim,0.5743782192752169
cnn,79,psnr,28.823263975711814
cnn,79,wpd_bias,-48.710953115637906
cnn,79,wpd_mae,205.60300403165593
cnn,79,wpd_rmse,399.30261555933276
cnn,79,wpd_w1,55.10009953851963
cnn,79,psd_log_l2,0.9762584777229625
cnn,79,psd_slope_gt,1.7147796472615915
cnn,79,psd_slope_sr,0.5222415812330646
cnn,79,psd_slope_delta,-1.192538066028527
cnn,79,psd_slope_abs_delta,1.192538066028527
cnn,79,grad_mae,0.41860008965641154
cnn,79,grad_w1,0.30353280675083033
cnn,79,grad_kurtosis_gt,14.788060362710755
cnn,79,grad_kurtosis_sr,15.398938974706557
cnn,79,grad_kurtosis_delta,0.6108786119958012
cnn,79,grad_kurtosis_abs_delta,0.6108786119958012
cnn,79,exceed_frac_gt_t5,0.851964
cnn,79,exceed_frac_sr_t5,0.855236
cnn,79,exceed_frac_delta_t5,0.0032719999999999416
cnn,79,exceed_frac_abs_delta_t5,0.0032719999999999416
cnn,79,exceed_frac_gt_t10,0.450944
cnn,79,exceed_frac_sr_t10,0.43858
cnn,79,exceed_frac_delta_t10,-0.012363999999999986
cnn,79,exceed_frac_abs_delta_t10,0.012363999999999986
cnn,79,exceed_frac_gt_t15,0.012672
cnn,79,exceed_frac_sr_t15,0.005132
cnn,79,exceed_frac_delta_t15,-0.007539999999999999
cnn,79,exceed_frac_abs_delta_t15,0.007539999999999999
cnn,79,exceed_frac_gt_p90,0.1
cnn,79,exceed_frac_sr_p90,0.07992
cnn,79,exceed_frac_delta_p90,-0.02008
cnn,79,exceed_frac_abs_delta_p90,0.02008
cnn,79,exceed_frac_gt_p95,0.05
cnn,79,exceed_frac_sr_p95,0.033668
cnn,79,exceed_frac_delta_p95,-0.016332000000000006
cnn,79,exceed_frac_abs_delta_p95,0.016332000000000006
cnn,79,exceed_frac_gt_p99,0.01
cnn,79,exceed_frac_sr_p99,0.003672
cnn,79,exceed_frac_delta_p99,-0.006328
cnn,79,exceed_frac_abs_delta_p99,0.006328
cnn,79,pd_distance,30.148051358309164
cnn,79,mt_distance,6.856454849243164
cnn,79,ssim,0.5841339627281389
cnn,80,psnr,28.706704637409167
cnn,80,wpd_bias,-47.088624398616524
cnn,80,wpd_mae,199.13775311673297
cnn,80,wpd_rmse,388.6500608888491
cnn,80,wpd_w1,52.95593827123171
cnn,80,psd_log_l2,0.9596704958373523
cnn,80,psd_slope_gt,1.7614486370526485
cnn,80,psd_slope_sr,0.577026080832311
cnn,80,psd_slope_delta,-1.1844225562203374
cnn,80,psd_slope_abs_delta,1.1844225562203374
cnn,80,grad_mae,0.41571696292641663
cnn,80,grad_w1,0.29956260144448027
cnn,80,grad_kurtosis_gt,15.023566310259099
cnn,80,grad_kurtosis_sr,15.536196430840468
cnn,80,grad_kurtosis_delta,0.5126301205813686
cnn,80,grad_kurtosis_abs_delta,0.5126301205813686
cnn,80,exceed_frac_gt_t5,0.854032
cnn,80,exceed_frac_sr_t5,0.857608
cnn,80,exceed_frac_delta_t5,0.0035760000000000236
cnn,80,exceed_frac_abs_delta_t5,0.0035760000000000236
cnn,80,exceed_frac_gt_t10,0.440972
cnn,80,exceed_frac_sr_t10,0.427444
cnn,80,exceed_frac_delta_t10,-0.013527999999999984
cnn,80,exceed_frac_abs_delta_t10,0.013527999999999984
cnn,80,exceed_frac_gt_t15,0.01062
cnn,80,exceed_frac_sr_t15,0.004188
cnn,80,exceed_frac_delta_t15,-0.006431999999999999
cnn,80,exceed_frac_abs_delta_t15,0.006431999999999999
cnn,80,exceed_frac_gt_p90,0.1
cnn,80,exceed_frac_sr_p90,0.078204
cnn,80,exceed_frac_delta_p90,-0.02179600000000001
cnn,80,exceed_frac_abs_delta_p90,0.02179600000000001
cnn,80,exceed_frac_gt_p95,0.05
cnn,80,exceed_frac_sr_p95,0.033428
cnn,80,exceed_frac_delta_p95,-0.016572000000000003
cnn,80,exceed_frac_abs_delta_p95,0.016572000000000003
cnn,80,exceed_frac_gt_p99,0.01
cnn,80,exceed_frac_sr_p99,0.003784
cnn,80,exceed_frac_delta_p99,-0.006216
cnn,80,exceed_frac_abs_delta_p99,0.006216
cnn,80,pd_distance,30.086252753371088
cnn,80,mt_distance,6.982686519622803
cnn,80,ssim,0.587437430961856
cnn,81,psnr,28.786938746813185
cnn,81,wpd_bias,-43.19062492555103
cnn,81,wpd_mae,196.92194723456143
cnn,81,wpd_rmse,384.1290414865233
cnn,81,wpd_w1,48.867828874949666
cnn,81,psd_log_l2,0.9781779277412517
cnn,81,psd_slope_gt,1.8611452610555064
cnn,81,psd_slope_sr,0.5600826595221511
cnn,81,psd_slope_delta,-1.3010626015333553
cnn,81,psd_slope_abs_delta,1.3010626015333553
cnn,81,grad_mae,0.4136635568416749
cnn,81,grad_w1,0.2990410315203773
cnn,81,grad_kurtosis_gt,15.672547189048258
cnn,81,grad_kurtosis_sr,17.422615009208595
cnn,81,grad_kurtosis_delta,1.7500678201603375
cnn,81,grad_kurtosis_abs_delta,1.7500678201603375
cnn,81,exceed_frac_gt_t5,0.856564
cnn,81,exceed_frac_sr_t5,0.862488
cnn,81,exceed_frac_delta_t5,0.00592400000000004
cnn,81,exceed_frac_abs_delta_t5,0.00592400000000004
cnn,81,exceed_frac_gt_t10,0.428712
cnn,81,exceed_frac_sr_t10,0.413092
cnn,81,exceed_frac_delta_t10,-0.015619999999999967
cnn,81,exceed_frac_abs_delta_t10,0.015619999999999967
cnn,81,exceed_frac_gt_t15,0.009048
cnn,81,exceed_frac_sr_t15,0.004444
cnn,81,exceed_frac_delta_t15,-0.0046040000000000005
cnn,81,exceed_frac_abs_delta_t15,0.0046040000000000005
cnn,81,exceed_frac_gt_p90,0.1
cnn,81,exceed_frac_sr_p90,0.081868
cnn,81,exceed_frac_delta_p90,-0.01813200000000001
cnn,81,exceed_frac_abs_delta_p90,0.01813200000000001
cnn,81,exceed_frac_gt_p95,0.05
cnn,81,exceed_frac_sr_p95,0.032624
cnn,81,exceed_frac_delta_p95,-0.017376000000000003
cnn,81,exceed_frac_abs_delta_p95,0.017376000000000003
cnn,81,exceed_frac_gt_p99,0.01
cnn,81,exceed_frac_sr_p99,0.00502
cnn,81,exceed_frac_delta_p99,-0.00498
cnn,81,exceed_frac_abs_delta_p99,0.00498
cnn,81,pd_distance,29.68907403762892
cnn,81,mt_distance,6.426537990570068
cnn,81,ssim,0.5842150470856413
cnn,82,psnr,28.734901854062677
cnn,82,wpd_bias,-41.2313381216142
cnn,82,wpd_mae,188.14521398689436
cnn,82,wpd_rmse,366.1770857246688
cnn,82,wpd_w1,47.300154182359066
cnn,82,psd_log_l2,0.9990100336229624
cnn,82,psd_slope_gt,1.8465384084396446
cnn,82,psd_slope_sr,0.591532691928031
cnn,82,psd_slope_delta,-1.2550057165116135
cnn,82,psd_slope_abs_delta,1.2550057165116135
cnn,82,grad_mae,0.4074846112596231
cnn,82,grad_w1,0.29474880711355494
cnn,82,grad_kurtosis_gt,15.836974736240537
cnn,82,grad_kurtosis_sr,17.50709445201029
cnn,82,grad_kurtosis_delta,1.6701197157697525
cnn,82,grad_kurtosis_abs_delta,1.6701197157697525
cnn,82,exceed_frac_gt_t5,0.856104
cnn,82,exceed_frac_sr_t5,0.860076
cnn,82,exceed_frac_delta_t5,0.0039719999999999756
cnn,82,exceed_frac_abs_delta_t5,0.0039719999999999756
cnn,82,exceed_frac_gt_t10,0.41252
cnn,82,exceed_frac_sr_t10,0.398488
cnn,82,exceed_frac_delta_t10,-0.014031999999999989
cnn,82,exceed_frac_abs_delta_t10,0.014031999999999989
cnn,82,exceed_frac_gt_t15,0.007988
cnn,82,exceed_frac_sr_t15,0.003192
cnn,82,exceed_frac_delta_t15,-0.004796
cnn,82,exceed_frac_abs_delta_t15,0.004796
cnn,82,exceed_frac_gt_p90,0.1
cnn,82,exceed_frac_sr_p90,0.07986
cnn,82,exceed_frac_delta_p90,-0.020140000000000005
cnn,82,exceed_frac_abs_delta_p90,0.020140000000000005
cnn,82,exceed_frac_gt_p95,0.05
cnn,82,exceed_frac_sr_p95,0.031608
cnn,82,exceed_frac_delta_p95,-0.018392000000000006
cnn,82,exceed_frac_abs_delta_p95,0.018392000000000006
cnn,82,exceed_frac_gt_p99,0.01
cnn,82,exceed_frac_sr_p99,0.004368
cnn,82,exceed_frac_delta_p99,-0.005632
cnn,82,exceed_frac_abs_delta_p99,0.005632
cnn,82,pd_distance,28.90089773637945
cnn,82,mt_distance,7.1840739250183105
cnn,82,ssim,0.6022705394972437
cnn,83,psnr,28.708711875208273
cnn,83,wpd_bias,-40.77430443839356
cnn,83,wpd_mae,183.371429685521
cnn,83,wpd_rmse,355.3051188280534
cnn,83,wpd_w1,46.91540015535934
cnn,83,psd_log_l2,1.0337731668227472
cnn,83,psd_slope_gt,1.8801276251980021
cnn,83,psd_slope_sr,0.6181237839985525
cnn,83,psd_slope_delta,-1.2620038411994496
cnn,83,psd_slope_abs_delta,1.2620038411994496
cnn,83,grad_mae,0.4030385137776447
cnn,83,grad_w1,0.2901465738794716
cnn,83,grad_kurtosis_gt,15.83861278284811
cnn,83,grad_kurtosis_sr,18.05630418301512
cnn,83,grad_kurtosis_delta,2.217691400167009
cnn,83,grad_kurtosis_abs_delta,2.217691400167009
cnn,83,exceed_frac_gt_t5,0.858272
cnn,83,exceed_frac_sr_t5,0.862088
cnn,83,exceed_frac_delta_t5,0.0038159999999999306
cnn,83,exceed_frac_abs_delta_t5,0.0038159999999999306
cnn,83,exceed_frac_gt_t10,0.398948
cnn,83,exceed_frac_sr_t10,0.383172
cnn,83,exceed_frac_delta_t10,-0.015776000000000012
cnn,83,exceed_frac_abs_delta_t10,0.015776000000000012
cnn,83,exceed_frac_gt_t15,0.00688
cnn,83,exceed_frac_sr_t15,0.002644
cnn,83,exceed_frac_delta_t15,-0.004236
cnn,83,exceed_frac_abs_delta_t15,0.004236
cnn,83,exceed_frac_gt_p90,0.1
cnn,83,exceed_frac_sr_p90,0.079992
cnn,83,exceed_frac_delta_p90,-0.020008000000000012
cnn,83,exceed_frac_abs_delta_p90,0.020008000000000012
cnn,83,exceed_frac_gt_p95,0.05
cnn,83,exceed_frac_sr_p95,0.03232
cnn,83,exceed_frac_delta_p95,-0.01768
cnn,83,exceed_frac_abs_delta_p95,0.01768
cnn,83,exceed_frac_gt_p99,0.01
cnn,83,exceed_frac_sr_p99,0.004008
cnn,83,exceed_frac_delta_p99,-0.005992
cnn,83,exceed_frac_abs_delta_p99,0.005992
cnn,83,pd_distance,28.194313716720707
cnn,83,mt_distance,6.560110569000244
cnn,83,ssim,0.5887892707911544
cnn,84,psnr,28.890062292366217
cnn,84,wpd_bias,-42.35848360603645
cnn,84,wpd_mae,179.61905679510735
cnn,84,wpd_rmse,351.54401969940164
cnn,84,wpd_w1,47.73389288321569
cnn,84,psd_log_l2,1.077486073851736
cnn,84,psd_slope_gt,1.9488146658534338
cnn,84,psd_slope_sr,0.6977626422685782
cnn,84,psd_slope_delta,-1.2510520235848555
cnn,84,psd_slope_abs_delta,1.2510520235848555
cnn,84,grad_mae,0.3998267283628006
cnn,84,grad_w1,0.2888985399551545
cnn,84,grad_kurtosis_gt,15.885954350487577
cnn,84,grad_kurtosis_sr,19.17691031306044
cnn,84,grad_kurtosis_delta,3.2909559625728626
cnn,84,grad_kurtosis_abs_delta,3.2909559625728626
cnn,84,exceed_frac_gt_t5,0.867724
cnn,84,exceed_frac_sr_t5,0.874268
cnn,84,exceed_frac_delta_t5,0.006543999999999994
cnn,84,exceed_frac_abs_delta_t5,0.006543999999999994
cnn,84,exceed_frac_gt_t10,0.386356
cnn,84,exceed_frac_sr_t10,0.373284
cnn,84,exceed_frac_delta_t10,-0.013071999999999973
cnn,84,exceed_frac_abs_delta_t10,0.013071999999999973
cnn,84,exceed_frac_gt_t15,0.006692
cnn,84,exceed_frac_sr_t15,0.00262
cnn,84,exceed_frac_delta_t15,-0.004072
cnn,84,exceed_frac_abs_delta_t15,0.004072
cnn,84,exceed_frac_gt_p90,0.1
cnn,84,exceed_frac_sr_p90,0.076012
cnn,84,exceed_frac_delta_p90,-0.02398800000000001
cnn,84,exceed_frac_abs_delta_p90,0.02398800000000001
cnn,84,exceed_frac_gt_p95,0.05
cnn,84,exceed_frac_sr_p95,0.032796
cnn,84,exceed_frac_delta_p95,-0.017204000000000004
cnn,84,exceed_frac_abs_delta_p95,0.017204000000000004
cnn,84,exceed_frac_gt_p99,0.01
cnn,84,exceed_frac_sr_p99,0.003884
cnn,84,exceed_frac_delta_p99,-0.006116
cnn,84,exceed_frac_abs_delta_p99,0.006116
cnn,84,pd_distance,29.14514380262554
cnn,84,mt_distance,5.271510124206543
cnn,84,ssim,0.5887479558581097
cnn,85,psnr,28.91655199571094
cnn,85,wpd_bias,-40.22846300876733
cnn,85,wpd_mae,179.31291860015094
cnn,85,wpd_rmse,352.43770740903847
cnn,85,wpd_w1,47.24697525781548
cnn,85,psd_log_l2,1.1034460349463664
cnn,85,psd_slope_gt,2.0010446893411893
cnn,85,psd_slope_sr,0.7033772236540566
cnn,85,psd_slope_delta,-1.2976674656871325
cnn,85,psd_slope_abs_delta,1.2976674656871325
cnn,85,grad_mae,0.398259332246993
cnn,85,grad_w1,0.2889000076840651
cnn,85,grad_kurtosis_gt,15.77734516405852
cnn,85,grad_kurtosis_sr,25.444071854567643
cnn,85,grad_kurtosis_delta,9.666726690509122
cnn,85,grad_kurtosis_abs_delta,9.666726690509122
cnn,85,exceed_frac_gt_t5,0.877972
cnn,85,exceed_frac_sr_t5,0.884164
cnn,85,exceed_frac_delta_t5,0.006191999999999975
cnn,85,exceed_frac_abs_delta_t5,0.006191999999999975
cnn,85,exceed_frac_gt_t10,0.381432
cnn,85,exceed_frac_sr_t10,0.365692
cnn,85,exceed_frac_delta_t10,-0.015739999999999976
cnn,85,exceed_frac_abs_delta_t10,0.015739999999999976
cnn,85,exceed_frac_gt_t15,0.007412
cnn,85,exceed_frac_sr_t15,0.003224
cnn,85,exceed_frac_delta_t15,-0.004188000000000001
cnn,85,exceed_frac_abs_delta_t15,0.004188000000000001
cnn,85,exceed_frac_gt_p90,0.1
cnn,85,exceed_frac_sr_p90,0.076288
cnn,85,exceed_frac_delta_p90,-0.02371200000000001
cnn,85,exceed_frac_abs_delta_p90,0.02371200000000001
cnn,85,exceed_frac_gt_p95,0.05
cnn,85,exceed_frac_sr_p95,0.032044
cnn,85,exceed_frac_delta_p95,-0.017956
cnn,85,exceed_frac_abs_delta_p95,0.017956
cnn,85,exceed_frac_gt_p99,0.01
cnn,85,exceed_frac_sr_p99,0.004396
cnn,85,exceed_frac_delta_p99,-0.0056040000000000005
cnn,85,exceed_frac_abs_delta_p99,0.0056040000000000005
cnn,85,pd_distance,28.72250736297703
cnn,85,mt_distance,5.609640121459961
cnn,85,ssim,0.584696644433822
cnn,86,psnr,28.758114755850507
cnn,86,wpd_bias,-36.431349336443425
cnn,86,wpd_mae,159.44170959656194
cnn,86,wpd_rmse,316.9701556578906
cnn,86,wpd_w1,43.57092614779438
cnn,86,psd_log_l2,1.1455156440850247
cnn,86,psd_slope_gt,2.0123289726845126
cnn,86,psd_slope_sr,0.689847473783903
cnn,86,psd_slope_delta,-1.3224814989006095
cnn,86,psd_slope_abs_delta,1.3224814989006095
cnn,86,grad_mae,0.3934859531788763
cnn,86,grad_w1,0.29163396467287644
cnn,86,grad_kurtosis_gt,15.964436387777498
cnn,86,grad_kurtosis_sr,25.225514044149243
cnn,86,grad_kurtosis_delta,9.261077656371745
cnn,86,grad_kurtosis_abs_delta,9.261077656371745
cnn,86,exceed_frac_gt_t5,0.880024
cnn,86,exceed_frac_sr_t5,0.886004
cnn,86,exceed_frac_delta_t5,0.005979999999999985
cnn,86,exceed_frac_abs_delta_t5,0.005979999999999985
cnn,86,exceed_frac_gt_t10,0.304776
cnn,86,exceed_frac_sr_t10,0.281476
cnn,86,exceed_frac_delta_t10,-0.023299999999999987
cnn,86,exceed_frac_abs_delta_t10,0.023299999999999987
cnn,86,exceed_frac_gt_t15,0.005456
cnn,86,exceed_frac_sr_t15,0.002008
cnn,86,exceed_frac_delta_t15,-0.003448
cnn,86,exceed_frac_abs_delta_t15,0.003448
cnn,86,exceed_frac_gt_p90,0.1
cnn,86,exceed_frac_sr_p90,0.08004
cnn,86,exceed_frac_delta_p90,-0.019960000000000006
cnn,86,exceed_frac_abs_delta_p90,0.019960000000000006
cnn,86,exceed_frac_gt_p95,0.05
cnn,86,exceed_frac_sr_p95,0.03116
cnn,86,exceed_frac_delta_p95,-0.018840000000000003
cnn,86,exceed_frac_abs_delta_p95,0.018840000000000003
cnn,86,exceed_frac_gt_p99,0.01
cnn,86,exceed_frac_sr_p99,0.004244
cnn,86,exceed_frac_delta_p99,-0.005756
cnn,86,exceed_frac_abs_delta_p99,0.005756
cnn,86,pd_distance,29.195361276159034
cnn,86,mt_distance,5.25334358215332
cnn,86,ssim,0.5675668830992414
cnn,87,psnr,29.493467523476575
cnn,87,wpd_bias,-33.32442234176375
cnn,87,wpd_mae,130.44176868090773
cnn,87,wpd_rmse,262.1011540049953
cnn,87,wpd_w1,37.915879651402825
cnn,87,psd_log_l2,1.0756165553701342
cnn,87,psd_slope_gt,1.9041805823880573
cnn,87,psd_slope_sr,0.5931550621981957
cnn,87,psd_slope_delta,-1.3110255201898617
cnn,87,psd_slope_abs_delta,1.3110255201898617
cnn,87,grad_mae,0.38108105203959836
cnn,87,grad_w1,0.2919025971295262
cnn,87,grad_kurtosis_gt,16.56985961774842
cnn,87,grad_kurtosis_sr,26.54868687141258
cnn,87,grad_kurtosis_delta,9.97882725366416
cnn,87,grad_kurtosis_abs_delta,9.97882725366416
cnn,87,exceed_frac_gt_t5,0.825052
cnn,87,exceed_frac_sr_t5,0.83814
cnn,87,exceed_frac_delta_t5,0.013087999999999989
cnn,87,exceed_frac_abs_delta_t5,0.013087999999999989
cnn,87,exceed_frac_gt_t10,0.258608
cnn,87,exceed_frac_sr_t10,0.239232
cnn,87,exceed_frac_delta_t10,-0.019376000000000004
cnn,87,exceed_frac_abs_delta_t10,0.019376000000000004
cnn,87,exceed_frac_gt_t15,0.003508
cnn,87,exceed_frac_sr_t15,0.001032
cnn,87,exceed_frac_delta_t15,-0.002476
cnn,87,exceed_frac_abs_delta_t15,0.002476
cnn,87,exceed_frac_gt_p90,0.1
cnn,87,exceed_frac_sr_p90,0.082308
cnn,87,exceed_frac_delta_p90,-0.017692
cnn,87,exceed_frac_abs_delta_p90,0.017692
cnn,87,exceed_frac_gt_p95,0.05
cnn,87,exceed_frac_sr_p95,0.035364
cnn,87,exceed_frac_delta_p95,-0.014636000000000003
cnn,87,exceed_frac_abs_delta_p95,0.014636000000000003
cnn,87,exceed_frac_gt_p99,0.01
cnn,87,exceed_frac_sr_p99,0.0045
cnn,87,exceed_frac_delta_p99,-0.0055000000000000005
cnn,87,exceed_frac_abs_delta_p99,0.0055000000000000005
cnn,87,pd_distance,29.611902358359767
cnn,87,mt_distance,6.509652614593506
cnn,87,ssim,0.5716373871172742
cnn,88,psnr,29.552571478217452
cnn,88,wpd_bias,-27.527221065141127
cnn,88,wpd_mae,109.0595281028402
cnn,88,wpd_rmse,211.75106139339366
cnn,88,wpd_w1,29.71567816511546
cnn,88,psd_log_l2,0.9639793992643241
cnn,88,psd_slope_gt,1.802143175721899
cnn,88,psd_slope_sr,0.5390544464779664
cnn,88,psd_slope_delta,-1.2630887292439326
cnn,88,psd_slope_abs_delta,1.2630887292439326
cnn,88,grad_mae,0.33027742040907787
cnn,88,grad_w1,0.24474476135537368
cnn,88,grad_kurtosis_gt,19.569464813218396
cnn,88,grad_kurtosis_sr,21.868170178418975
cnn,88,grad_kurtosis_delta,2.298705365200579
cnn,88,grad_kurtosis_abs_delta,2.298705365200579
cnn,88,exceed_frac_gt_t5,0.782788
cnn,88,exceed_frac_sr_t5,0.789456
cnn,88,exceed_frac_delta_t5,0.006668000000000007
cnn,88,exceed_frac_abs_delta_t5,0.006668000000000007
cnn,88,exceed_frac_gt_t10,0.23332
cnn,88,exceed_frac_sr_t10,0.2193
cnn,88,exceed_frac_delta_t10,-0.014020000000000005
cnn,88,exceed_frac_abs_delta_t10,0.014020000000000005
cnn,88,exceed_frac_gt_t15,0.001812
cnn,88,exceed_frac_sr_t15,0.000172
cnn,88,exceed_frac_delta_t15,-0.00164
cnn,88,exceed_frac_abs_delta_t15,0.00164
cnn,88,exceed_frac_gt_p90,0.1
cnn,88,exceed_frac_sr_p90,0.087756
cnn,88,exceed_frac_delta_p90,-0.012244000000000005
cnn,88,exceed_frac_abs_delta_p90,0.012244000000000005
cnn,88,exceed_frac_gt_p95,0.05
cnn,88,exceed_frac_sr_p95,0.03796
cnn,88,exceed_frac_delta_p95,-0.012040000000000002
cnn,88,exceed_frac_abs_delta_p95,0.012040000000000002
cnn,88,exceed_frac_gt_p99,0.01
cnn,88,exceed_frac_sr_p99,0.003536
cnn,88,exceed_frac_delta_p99,-0.006464
cnn,88,exceed_frac_abs_delta_p99,0.006464
cnn,88,pd_distance,26.37509421416108
cnn,88,mt_distance,6.411813259124756
cnn,88,ssim,0.6021210837242941
cnn,89,psnr,29.334538103760796
cnn,89,wpd_bias,-25.048494230508606
cnn,89,wpd_mae,100.52546388804555
cnn,89,wpd_rmse,188.43820483893782
cnn,89,wpd_w1,26.84417370411422
cnn,89,psd_log_l2,0.8889618902379668
cnn,89,psd_slope_gt,1.6940700823660408
cnn,89,psd_slope_sr,0.498165926792254
cnn,89,psd_slope_delta,-1.1959041555737868
cnn,89,psd_slope_abs_delta,1.1959041555737868
cnn,89,grad_mae,0.29438886531147523
cnn,89,grad_w1,0.2138186374817057
cnn,89,grad_kurtosis_gt,22.42794801409209
cnn,89,grad_kurtosis_sr,23.61644239983061
cnn,89,grad_kurtosis_delta,1.1884943857385188
cnn,89,grad_kurtosis_abs_delta,1.1884943857385188
cnn,89,exceed_frac_gt_t5,0.780712
cnn,89,exceed_frac_sr_t5,0.788164
cnn,89,exceed_frac_delta_t5,0.007452000000000014
cnn,89,exceed_frac_abs_delta_t5,0.007452000000000014
cnn,89,exceed_frac_gt_t10,0.227076
cnn,89,exceed_frac_sr_t10,0.214436
cnn,89,exceed_frac_delta_t10,-0.012640000000000012
cnn,89,exceed_frac_abs_delta_t10,0.012640000000000012
cnn,89,exceed_frac_gt_t15,0.000824
cnn,89,exceed_frac_sr_t15,7.2e-05
cnn,89,exceed_frac_delta_t15,-0.000752
cnn,89,exceed_frac_abs_delta_t15,0.000752
cnn,89,exceed_frac_gt_p90,0.1
cnn,89,exceed_frac_sr_p90,0.09132
cnn,89,exceed_frac_delta_p90,-0.008680000000000007
cnn,89,exceed_frac_abs_delta_p90,0.008680000000000007
cnn,89,exceed_frac_gt_p95,0.05
cnn,89,exceed_frac_sr_p95,0.042624
cnn,89,exceed_frac_delta_p95,-0.007376000000000001
cnn,89,exceed_frac_abs_delta_p95,0.007376000000000001
cnn,89,exceed_frac_gt_p99,0.01
cnn,89,exceed_frac_sr_p99,0.00374
cnn,89,exceed_frac_delta_p99,-0.00626
cnn,89,exceed_frac_abs_delta_p99,0.00626
cnn,89,pd_distance,24.29846982632471
cnn,89,mt_distance,6.017302513122559
cnn,89,ssim,0.6108872554513087
cnn,90,psnr,29.917500740440193
cnn,90,wpd_bias,-25.210949227197933
cnn,90,wpd_mae,98.75238119122952
cnn,90,wpd_rmse,180.6240740381717
cnn,90,wpd_w1,27.271440060215596
cnn,90,psd_log_l2,0.8255942423785229
cnn,90,psd_slope_gt,1.5819256009224787
cnn,90,psd_slope_sr,0.425560583784655
cnn,90,psd_slope_delta,-1.1563650171378237
cnn,90,psd_slope_abs_delta,1.1563650171378237
cnn,90,grad_mae,0.2773526099146924
cnn,90,grad_w1,0.2000677243574337
cnn,90,grad_kurtosis_gt,28.875152755868967
cnn,90,grad_kurtosis_sr,22.26735486573912
cnn,90,grad_kurtosis_delta,-6.607797890129849
cnn,90,grad_kurtosis_abs_delta,6.607797890129849
cnn,90,exceed_frac_gt_t5,0.794
cnn,90,exceed_frac_sr_t5,0.803244
cnn,90,exceed_frac_delta_t5,0.009243999999999919
cnn,90,exceed_frac_abs_delta_t5,0.009243999999999919
cnn,90,exceed_frac_gt_t10,0.228684
cnn,90,exceed_frac_sr_t10,0.21978
cnn,90,exceed_frac_delta_t10,-0.008903999999999995
cnn,90,exceed_frac_abs_delta_t10,0.008903999999999995
cnn,90,exceed_frac_gt_t15,0.000632
cnn,90,exceed_frac_sr_t15,4e-06
cnn,90,exceed_frac_delta_t15,-0.000628
cnn,90,exceed_frac_abs_delta_t15,0.000628
cnn,90,exceed_frac_gt_p90,0.1
cnn,90,exceed_frac_sr_p90,0.08904
cnn,90,exceed_frac_delta_p90,-0.010960000000000011
cnn,90,exceed_frac_abs_delta_p90,0.010960000000000011
cnn,90,exceed_frac_gt_p95,0.05
cnn,90,exceed_frac_sr_p95,0.040604
cnn,90,exceed_frac_delta_p95,-0.009396000000000002
cnn,90,exceed_frac_abs_delta_p95,0.009396000000000002
cnn,90,exceed_frac_gt_p99,0.01
cnn,90,exceed_frac_sr_p99,0.00228
cnn,90,exceed_frac_delta_p99,-0.00772
cnn,90,exceed_frac_abs_delta_p99,0.00772
cnn,90,pd_distance,22.206834090995343
cnn,90,mt_distance,5.257880687713623
cnn,90,ssim,0.6168543160617044
cnn,91,psnr,30.77064198739431
cnn,91,wpd_bias,-26.326763278339264
cnn,91,wpd_mae,104.59579369570527
cnn,91,wpd_rmse,193.0959688678879
cnn,91,wpd_w1,27.727727474423453
cnn,91,psd_log_l2,0.8481384955681821
cnn,91,psd_slope_gt,1.5818785374826487
cnn,91,psd_slope_sr,0.4603133702414915
cnn,91,psd_slope_delta,-1.1215651672411573
cnn,91,psd_slope_abs_delta,1.1215651672411573
cnn,91,grad_mae,0.27696959061910514
cnn,91,grad_w1,0.19609938679482714
cnn,91,grad_kurtosis_gt,33.667051242173436
cnn,91,grad_kurtosis_sr,22.44495397517816
cnn,91,grad_kurtosis_delta,-11.222097266995277
cnn,91,grad_kurtosis_abs_delta,11.222097266995277
cnn,91,exceed_frac_gt_t5,0.811336
cnn,91,exceed_frac_sr_t5,0.816508
cnn,91,exceed_frac_delta_t5,0.0051720000000000654
cnn,91,exceed_frac_abs_delta_t5,0.0051720000000000654
cnn,91,exceed_frac_gt_t10,0.23678
cnn,91,exceed_frac_sr_t10,0.225888
cnn,91,exceed_frac_delta_t10,-0.010891999999999985
cnn,91,exceed_frac_abs_delta_t10,0.010891999999999985
cnn,91,exceed_frac_gt_t15,0.001584
cnn,91,exceed_frac_sr_t15,0.000112
cnn,91,exceed_frac_delta_t15,-0.001472
cnn,91,exceed_frac_abs_delta_t15,0.001472
cnn,91,exceed_frac_gt_p90,0.1
cnn,91,exceed_frac_sr_p90,0.088736
cnn,91,exceed_frac_delta_p90,-0.01126400000000001
cnn,91,exceed_frac_abs_delta_p90,0.01126400000000001
cnn,91,exceed_frac_gt_p95,0.05
cnn,91,exceed_frac_sr_p95,0.041388
cnn,91,exceed_frac_delta_p95,-0.008612000000000002
cnn,91,exceed_frac_abs_delta_p95,0.008612000000000002
cnn,91,exceed_frac_gt_p99,0.01
cnn,91,exceed_frac_sr_p99,0.004552
cnn,91,exceed_frac_delta_p99,-0.005448000000000001
cnn,91,exceed_frac_abs_delta_p99,0.005448000000000001
cnn,91,pd_distance,22.30942508877806
cnn,91,mt_distance,5.508337497711182
cnn,91,ssim,0.6047672039717432
cnn,92,psnr,31.013298851774596
cnn,92,wpd_bias,-32.485902731701344
cnn,92,wpd_mae,124.87190197617402
cnn,92,wpd_rmse,228.45503584478845
cnn,92,wpd_w1,34.39555782130183
cnn,92,psd_log_l2,0.8519471921149813
cnn,92,psd_slope_gt,1.6563314440697425
cnn,92,psd_slope_sr,0.5441043055013943
cnn,92,psd_slope_delta,-1.1122271385683482
cnn,92,psd_slope_abs_delta,1.1122271385683482
cnn,92,grad_mae,0.30007095286464147
cnn,92,grad_w1,0.21035331459009776
cnn,92,grad_kurtosis_gt,29.36109044608353
cnn,92,grad_kurtosis_sr,20.44953235374751
cnn,92,grad_kurtosis_delta,-8.91155809233602
cnn,92,grad_kurtosis_abs_delta,8.91155809233602
cnn,92,exceed_frac_gt_t5,0.8365
cnn,92,exceed_frac_sr_t5,0.836036
cnn,92,exceed_frac_delta_t5,-0.00046400000000001995
cnn,92,exceed_frac_abs_delta_t5,0.00046400000000001995
cnn,92,exceed_frac_gt_t10,0.272204
cnn,92,exceed_frac_sr_t10,0.257744
cnn,92,exceed_frac_delta_t10,-0.014460000000000028
cnn,92,exceed_frac_abs_delta_t10,0.014460000000000028
cnn,92,exceed_frac_gt_t15,0.006032
cnn,92,exceed_frac_sr_t15,0.001096
cnn,92,exceed_frac_delta_t15,-0.004936
cnn,92,exceed_frac_abs_delta_t15,0.004936
cnn,92,exceed_frac_gt_p90,0.1
cnn,92,exceed_frac_sr_p90,0.088356
cnn,92,exceed_frac_delta_p90,-0.011644000000000002
cnn,92,exceed_frac_abs_delta_p90,0.011644000000000002
cnn,92,exceed_frac_gt_p95,0.05
cnn,92,exceed_frac_sr_p95,0.039028
cnn,92,exceed_frac_delta_p95,-0.010972000000000003
cnn,92,exceed_frac_abs_delta_p95,0.010972000000000003
cnn,92,exceed_frac_gt_p99,0.01
cnn,92,exceed_frac_sr_p99,0.003192
cnn,92,exceed_frac_delta_p99,-0.006808
cnn,92,exceed_frac_abs_delta_p99,0.006808
cnn,92,pd_distance,22.07932597419188
cnn,92,mt_distance,5.735818386077881
cnn,92,ssim,0.5959477837044546
cnn,93,psnr,30.295336526922462
cnn,93,wpd_bias,-43.239029213703674
cnn,93,wpd_mae,163.5304449855864
cnn,93,wpd_rmse,288.73965640072527
cnn,93,wpd_w1,45.93572940326813
cnn,93,psd_log_l2,0.9138022304007428
cnn,93,psd_slope_gt,1.5616353779381367
cnn,93,psd_slope_sr,0.5373183269850246
cnn,93,psd_slope_delta,-1.024317050953112
cnn,93,psd_slope_abs_delta,1.024317050953112
cnn,93,grad_mae,0.34020406367899453
cnn,93,grad_w1,0.23402462931334256
cnn,93,grad_kurtosis_gt,21.971993135035994
cnn,93,grad_kurtosis_sr,17.704688846800213
cnn,93,grad_kurtosis_delta,-4.267304288235781
cnn,93,grad_kurtosis_abs_delta,4.267304288235781
cnn,93,exceed_frac_gt_t5,0.899392
cnn,93,exceed_frac_sr_t5,0.905304
cnn,93,exceed_frac_delta_t5,0.005912000000000028
cnn,93,exceed_frac_abs_delta_t5,0.005912000000000028
cnn,93,exceed_frac_gt_t10,0.340824
cnn,93,exceed_frac_sr_t10,0.325408
cnn,93,exceed_frac_delta_t10,-0.01541600000000004
cnn,93,exceed_frac_abs_delta_t10,0.01541600000000004
cnn,93,exceed_frac_gt_t15,0.013852
cnn,93,exceed_frac_sr_t15,0.006872
cnn,93,exceed_frac_delta_t15,-0.00698
cnn,93,exceed_frac_abs_delta_t15,0.00698
cnn,93,exceed_frac_gt_p90,0.1
cnn,93,exceed_frac_sr_p90,0.082928
cnn,93,exceed_frac_delta_p90,-0.017072000000000004
cnn,93,exceed_frac_abs_delta_p90,0.017072000000000004
cnn,93,exceed_frac_gt_p95,0.05
cnn,93,exceed_frac_sr_p95,0.037976
cnn,93,exceed_frac_delta_p95,-0.012024
cnn,93,exceed_frac_abs_delta_p95,0.012024
cnn,93,exceed_frac_gt_p99,0.01
cnn,93,exceed_frac_sr_p99,0.004108
cnn,93,exceed_frac_delta_p99,-0.0058920000000000005
cnn,93,exceed_frac_abs_delta_p99,0.0058920000000000005
cnn,93,pd_distance,24.402894658345392
cnn,93,mt_distance,6.506997585296631
cnn,93,ssim,0.56902873678869
cnn,94,psnr,29.83549976954275
cnn,94,wpd_bias,-49.294532589259916
cnn,94,wpd_mae,206.71383119135655
cnn,94,wpd_rmse,352.9788205602513
cnn,94,wpd_w1,56.25097207946962
cnn,94,psd_log_l2,1.0301702737012448
cnn,94,psd_slope_gt,1.7329050935174708
cnn,94,psd_slope_sr,0.6275838739517065
cnn,94,psd_slope_delta,-1.1053212195657642
cnn,94,psd_slope_abs_delta,1.1053212195657642
cnn,94,grad_mae,0.3743699490264438
cnn,94,grad_w1,0.24982277804196393
cnn,94,grad_kurtosis_gt,17.9239188574462
cnn,94,grad_kurtosis_sr,16.181221597347
cnn,94,grad_kurtosis_delta,-1.7426972600991988
cnn,94,grad_kurtosis_abs_delta,1.7426972600991988
cnn,94,exceed_frac_gt_t5,0.95324
cnn,94,exceed_frac_sr_t5,0.959568
cnn,94,exceed_frac_delta_t5,0.006328
cnn,94,exceed_frac_abs_delta_t5,0.006328
cnn,94,exceed_frac_gt_t10,0.406692
cnn,94,exceed_frac_sr_t10,0.392132
cnn,94,exceed_frac_delta_t10,-0.014560000000000017
cnn,94,exceed_frac_abs_delta_t10,0.014560000000000017
cnn,94,exceed_frac_gt_t15,0.020704
cnn,94,exceed_frac_sr_t15,0.009944
cnn,94,exceed_frac_delta_t15,-0.01076
cnn,94,exceed_frac_abs_delta_t15,0.01076
cnn,94,exceed_frac_gt_p90,0.1
cnn,94,exceed_frac_sr_p90,0.082436
cnn,94,exceed_frac_delta_p90,-0.01756400000000001
cnn,94,exceed_frac_abs_delta_p90,0.01756400000000001
cnn,94,exceed_frac_gt_p95,0.05
cnn,94,exceed_frac_sr_p95,0.036644
cnn,94,exceed_frac_delta_p95,-0.013356
cnn,94,exceed_frac_abs_delta_p95,0.013356
cnn,94,exceed_frac_gt_p99,0.01
cnn,94,exceed_frac_sr_p99,0.004096
cnn,94,exceed_frac_delta_p99,-0.005904
cnn,94,exceed_frac_abs_delta_p99,0.005904
cnn,94,pd_distance,24.570031527820365
cnn,94,mt_distance,5.102908611297607
cnn,94,ssim,0.5800657871098039
cnn,95,psnr,29.14655288301489
cnn,95,wpd_bias,-51.47449704853832
cnn,95,wpd_mae,233.4123589150837
cnn,95,wpd_rmse,396.9400434231814
cnn,95,wpd_w1,59.32676619391701
cnn,95,psd_log_l2,1.0635049103606833
cnn,95,psd_slope_gt,1.9402455540914754
cnn,95,psd_slope_sr,0.7766860477460433
cnn,95,psd_slope_delta,-1.163559506345432
cnn,95,psd_slope_abs_delta,1.163559506345432
cnn,95,grad_mae,0.3936554809074822
cnn,95,grad_w1,0.25996086222117715
cnn,95,grad_kurtosis_gt,15.718881183776826
cnn,95,grad_kurtosis_sr,15.934065768334445
cnn,95,grad_kurtosis_delta,0.21518458455761902
cnn,95,grad_kurtosis_abs_delta,0.21518458455761902
cnn,95,exceed_frac_gt_t5,0.963832
cnn,95,exceed_frac_sr_t5,0.97042
cnn,95,exceed_frac_delta_t5,0.006587999999999927
cnn,95,exceed_frac_abs_delta_t5,0.006587999999999927
cnn,95,exceed_frac_gt_t10,0.453776
cnn,95,exceed_frac_sr_t10,0.435636
cnn,95,exceed_frac_delta_t10,-0.01813999999999999
cnn,95,exceed_frac_abs_delta_t10,0.01813999999999999
cnn,95,exceed_frac_gt_t15,0.026652
cnn,95,exceed_frac_sr_t15,0.016548
cnn,95,exceed_frac_delta_t15,-0.010103999999999998
cnn,95,exceed_frac_abs_delta_t15,0.010103999999999998
cnn,95,exceed_frac_gt_p90,0.1
cnn,95,exceed_frac_sr_p90,0.082772
cnn,95,exceed_frac_delta_p90,-0.017228000000000007
cnn,95,exceed_frac_abs_delta_p90,0.017228000000000007
cnn,95,exceed_frac_gt_p95,0.05
cnn,95,exceed_frac_sr_p95,0.037228
cnn,95,exceed_frac_delta_p95,-0.012772000000000006
cnn,95,exceed_frac_abs_delta_p95,0.012772000000000006
cnn,95,exceed_frac_gt_p99,0.01
cnn,95,exceed_frac_sr_p99,0.004372
cnn,95,exceed_frac_delta_p99,-0.005628
cnn,95,exceed_frac_abs_delta_p99,0.005628
cnn,95,pd_distance,26.879696075655563
cnn,95,mt_distance,5.015480041503906
cnn,95,ssim,0.5921357152149355
cnn,96,psnr,28.82738778031187
cnn,96,wpd_bias,-53.430044055442394
cnn,96,wpd_mae,257.7916503846996
cnn,96,wpd_rmse,433.8887483268986
cnn,96,wpd_w1,64.14809794254607
cnn,96,psd_log_l2,1.088972988282614
cnn,96,psd_slope_gt,2.167936186880058
cnn,96,psd_slope_sr,0.9654757224468683
cnn,96,psd_slope_delta,-1.20246046443319
cnn,96,psd_slope_abs_delta,1.20246046443319
cnn,96,grad_mae,0.4156940296387172
cnn,96,grad_w1,0.28075951563385904
cnn,96,grad_kurtosis_gt,14.590661334670035
cnn,96,grad_kurtosis_sr,13.547804102387397
cnn,96,grad_kurtosis_delta,-1.0428572322826373
cnn,96,grad_kurtosis_abs_delta,1.0428572322826373
cnn,96,exceed_frac_gt_t5,0.965408
cnn,96,exceed_frac_sr_t5,0.971832
cnn,96,exceed_frac_delta_t5,0.006423999999999985
cnn,96,exceed_frac_abs_delta_t5,0.006423999999999985
cnn,96,exceed_frac_gt_t10,0.502312
cnn,96,exceed_frac_sr_t10,0.484308
cnn,96,exceed_frac_delta_t10,-0.018003999999999964
cnn,96,exceed_frac_abs_delta_t10,0.018003999999999964
cnn,96,exceed_frac_gt_t15,0.031816
cnn,96,exceed_frac_sr_t15,0.021104
cnn,96,exceed_frac_delta_t15,-0.010711999999999996
cnn,96,exceed_frac_abs_delta_t15,0.010711999999999996
cnn,96,exceed_frac_gt_p90,0.1
cnn,96,exceed_frac_sr_p90,0.08368
cnn,96,exceed_frac_delta_p90,-0.01632
cnn,96,exceed_frac_abs_delta_p90,0.01632
cnn,96,exceed_frac_gt_p95,0.05
cnn,96,exceed_frac_sr_p95,0.035184
cnn,96,exceed_frac_delta_p95,-0.014816000000000003
cnn,96,exceed_frac_abs_delta_p95,0.014816000000000003
cnn,96,exceed_frac_gt_p99,0.01
cnn,96,exceed_frac_sr_p99,0.004532
cnn,96,exceed_frac_delta_p99,-0.005468000000000001
cnn,96,exceed_frac_abs_delta_p99,0.005468000000000001
cnn,96,pd_distance,28.904715116511554
cnn,96,mt_distance,5.121858596801758
cnn,96,ssim,0.5777069140039697
cnn,97,psnr,28.651894194812353
cnn,97,wpd_bias,-58.48440761666127
cnn,97,wpd_mae,268.38237929928437
cnn,97,wpd_rmse,456.74937609164516
cnn,97,wpd_w1,71.74487325020785
cnn,97,psd_log_l2,1.1627471233799993
cnn,97,psd_slope_gt,2.3341016532676946
cnn,97,psd_slope_sr,0.9631586617153023
cnn,97,psd_slope_delta,-1.3709429915523923
cnn,97,psd_slope_abs_delta,1.3709429915523923
cnn,97,grad_mae,0.43470492089576007
cnn,97,grad_w1,0.31389256159483186
cnn,97,grad_kurtosis_gt,13.885476966980777
cnn,97,grad_kurtosis_sr,13.13787326882721
cnn,97,grad_kurtosis_delta,-0.7476036981535668
cnn,97,grad_kurtosis_abs_delta,0.7476036981535668
cnn,97,exceed_frac_gt_t5,0.96586
cnn,97,exceed_frac_sr_t5,0.972204
cnn,97,exceed_frac_delta_t5,0.006343999999999905
cnn,97,exceed_frac_abs_delta_t5,0.006343999999999905
cnn,97,exceed_frac_gt_t10,0.535756
cnn,97,exceed_frac_sr_t10,0.526088
cnn,97,exceed_frac_delta_t10,-0.00966800000000001
cnn,97,exceed_frac_abs_delta_t10,0.00966800000000001
cnn,97,exceed_frac_gt_t15,0.032336
cnn,97,exceed_frac_sr_t15,0.018548
cnn,97,exceed_frac_delta_t15,-0.013787999999999998
cnn,97,exceed_frac_abs_delta_t15,0.013787999999999998
cnn,97,exceed_frac_gt_p90,0.1
cnn,97,exceed_frac_sr_p90,0.079816
cnn,97,exceed_frac_delta_p90,-0.020184000000000007
cnn,97,exceed_frac_abs_delta_p90,0.020184000000000007
cnn,97,exceed_frac_gt_p95,0.05
cnn,97,exceed_frac_sr_p95,0.033752
cnn,97,exceed_frac_delta_p95,-0.016248000000000005
cnn,97,exceed_frac_abs_delta_p95,0.016248000000000005
cnn,97,exceed_frac_gt_p99,0.01
cnn,97,exceed_frac_sr_p99,0.002772
cnn,97,exceed_frac_delta_p99,-0.007228
cnn,97,exceed_frac_abs_delta_p99,0.007228
cnn,97,pd_distance,30.15308546680866
cnn,97,mt_distance,5.011539936065674
cnn,97,ssim,0.586694883313482
cnn,98,psnr,28.544514144829375
cnn,98,wpd_bias,-55.18521412082631
cnn,98,wpd_mae,277.27179949361226
cnn,98,wpd_rmse,470.4165009298033
cnn,98,wpd_w1,70.86666916639061
cnn,98,psd_log_l2,1.11998627469489
cnn,98,psd_slope_gt,2.5288165748478613
cnn,98,psd_slope_sr,1.1829335999842487
cnn,98,psd_slope_delta,-1.3458829748636125
cnn,98,psd_slope_abs_delta,1.3458829748636125
cnn,98,grad_mae,0.439143736691007
cnn,98,grad_w1,0.31168765574186713
cnn,98,grad_kurtosis_gt,13.48960450508427
cnn,98,grad_kurtosis_sr,12.905580767168829
cnn,98,grad_kurtosis_delta,-0.5840237379154409
cnn,98,grad_kurtosis_abs_delta,0.5840237379154409
cnn,98,exceed_frac_gt_t5,0.96566
cnn,98,exceed_frac_sr_t5,0.972852
cnn,98,exceed_frac_delta_t5,0.007192000000000087
cnn,98,exceed_frac_abs_delta_t5,0.007192000000000087
cnn,98,exceed_frac_gt_t10,0.550252
cnn,98,exceed_frac_sr_t10,0.548704
cnn,98,exceed_frac_delta_t10,-0.0015479999999999938
cnn,98,exceed_frac_abs_delta_t10,0.0015479999999999938
cnn,98,exceed_frac_gt_t15,0.0301
cnn,98,exceed_frac_sr_t15,0.0174
cnn,98,exceed_frac_delta_t15,-0.0127
cnn,98,exceed_frac_abs_delta_t15,0.0127
cnn,98,exceed_frac_gt_p90,0.1
cnn,98,exceed_frac_sr_p90,0.078624
cnn,98,exceed_frac_delta_p90,-0.021376000000000006
cnn,98,exceed_frac_abs_delta_p90,0.021376000000000006
cnn,98,exceed_frac_gt_p95,0.05
cnn,98,exceed_frac_sr_p95,0.03126
cnn,98,exceed_frac_delta_p95,-0.01874
cnn,98,exceed_frac_abs_delta_p95,0.01874
cnn,98,exceed_frac_gt_p99,0.01
cnn,98,exceed_frac_sr_p99,0.005244
cnn,98,exceed_frac_delta_p99,-0.004756
cnn,98,exceed_frac_abs_delta_p99,0.004756
cnn,98,pd_distance,31.264551411001506
cnn,98,mt_distance,4.942448139190674
cnn,98,ssim,0.5735693684138619
cnn,99,psnr,28.658204393550893
cnn,99,wpd_bias,-52.610900885197594
cnn,99,wpd_mae,275.61250704812034
cnn,99,wpd_rmse,471.06222163035306
cnn,99,wpd_w1,69.06082943698075
cnn,99,psd_log_l2,1.1256545898981594
cnn,99,psd_slope_gt,2.6185103612093688
cnn,99,psd_slope_sr,1.2861783349855318
cnn,99,psd_slope_delta,-1.332332026223837
cnn,99,psd_slope_abs_delta,1.332332026223837
cnn,99,grad_mae,0.434592594652461
cnn,99,grad_w1,0.30155075611640914
cnn,99,grad_kurtosis_gt,12.942233252423062
cnn,99,grad_kurtosis_sr,11.34454400991022
cnn,99,grad_kurtosis_delta,-1.5976892425128426
cnn,99,grad_kurtosis_abs_delta,1.5976892425128426
cnn,99,exceed_frac_gt_t5,0.964368
cnn,99,exceed_frac_sr_t5,0.971556
cnn,99,exceed_frac_delta_t5,0.007187999999999972
cnn,99,exceed_frac_abs_delta_t5,0.007187999999999972
cnn,99,exceed_frac_gt_t10,0.558748
cnn,99,exceed_frac_sr_t10,0.552888
cnn,99,exceed_frac_delta_t10,-0.005859999999999976
cnn,99,exceed_frac_abs_delta_t10,0.005859999999999976
cnn,99,exceed_frac_gt_t15,0.026324
cnn,99,exceed_frac_sr_t15,0.013876
cnn,99,exceed_frac_delta_t15,-0.012448
cnn,99,exceed_frac_abs_delta_t15,0.012448
cnn,99,exceed_frac_gt_p90,0.1
cnn,99,exceed_frac_sr_p90,0.071372
cnn,99,exceed_frac_delta_p90,-0.028628
cnn,99,exceed_frac_abs_delta_p90,0.028628
cnn,99,exceed_frac_gt_p95,0.05
cnn,99,exceed_frac_sr_p95,0.030896
cnn,99,exceed_frac_delta_p95,-0.019104000000000003
cnn,99,exceed_frac_abs_delta_p95,0.019104000000000003
cnn,99,exceed_frac_gt_p99,0.01
cnn,99,exceed_frac_sr_p99,0.004612
cnn,99,exceed_frac_delta_p99,-0.005388
cnn,99,exceed_frac_abs_delta_p99,0.005388
cnn,99,pd_distance,30.940933752807226
cnn,99,mt_distance,5.342334747314453
cnn,99,ssim,0.5789516746901733
cnn,100,psnr,28.590513384063794
cnn,100,wpd_bias,-53.97677143181411
cnn,100,wpd_mae,267.15902832862446
cnn,100,wpd_rmse,462.2659583342181
cnn,100,wpd_w1,69.36221354228127
cnn,100,psd_log_l2,1.1834970517079624
cnn,100,psd_slope_gt,2.6931818613479512
cnn,100,psd_slope_sr,1.3251725683927262
cnn,100,psd_slope_delta,-1.368009292955225
cnn,100,psd_slope_abs_delta,1.368009292955225
cnn,100,grad_mae,0.42723420339883594
cnn,100,grad_w1,0.29835342090252814
cnn,100,grad_kurtosis_gt,13.294254669018509
cnn,100,grad_kurtosis_sr,11.76754763973708
cnn,100,grad_kurtosis_delta,-1.5267070292814289
cnn,100,grad_kurtosis_abs_delta,1.5267070292814289
cnn,100,exceed_frac_gt_t5,0.962576
cnn,100,exceed_frac_sr_t5,0.969128
cnn,100,exceed_frac_delta_t5,0.006552000000000002
cnn,100,exceed_frac_abs_delta_t5,0.006552000000000002
cnn,100,exceed_frac_gt_t10,0.561248
cnn,100,exceed_frac_sr_t10,0.554072
cnn,100,exceed_frac_delta_t10,-0.00717599999999996
cnn,100,exceed_frac_abs_delta_t10,0.00717599999999996
cnn,100,exceed_frac_gt_t15,0.02136
cnn,100,exceed_frac_sr_t15,0.011184
cnn,100,exceed_frac_delta_t15,-0.010176000000000001
cnn,100,exceed_frac_abs_delta_t15,0.010176000000000001
cnn,100,exceed_frac_gt_p90,0.1
cnn,100,exceed_frac_sr_p90,0.071756
cnn,100,exceed_frac_delta_p90,-0.028244000000000005
cnn,100,exceed_frac_abs_delta_p90,0.028244000000000005
cnn,100,exceed_frac_gt_p95,0.05
cnn,100,exceed_frac_sr_p95,0.0302
cnn,100,exceed_frac_delta_p95,-0.0198
cnn,100,exceed_frac_abs_delta_p95,0.0198
cnn,100,exceed_frac_gt_p99,0.01
cnn,100,exceed_frac_sr_p99,0.004436
cnn,100,exceed_frac_delta_p99,-0.005564
cnn,100,exceed_frac_abs_delta_p99,0.005564
cnn,100,pd_distance,31.181555022619012
cnn,100,mt_distance,5.912055015563965
cnn,100,ssim,0.5796999218484509
cnn,101,psnr,27.993038961045272
cnn,101,wpd_bias,-53.88796143865715
cnn,101,wpd_mae,264.27264522013803
cnn,101,wpd_rmse,455.43778924842735
cnn,101,wpd_w1,69.6707499936721
cnn,101,psd_log_l2,1.1892820515181903
cnn,101,psd_slope_gt,2.7595815132389667
cnn,101,psd_slope_sr,1.387219953880406
cnn,101,psd_slope_delta,-1.3723615593585607
cnn,101,psd_slope_abs_delta,1.3723615593585607
cnn,101,grad_mae,0.4209141149171818
cnn,101,grad_w1,0.2885718179179823
cnn,101,grad_kurtosis_gt,13.88516497776316
cnn,101,grad_kurtosis_sr,12.451045684385866
cnn,101,grad_kurtosis_delta,-1.4341192933772948
cnn,101,grad_kurtosis_abs_delta,1.4341192933772948
cnn,101,exceed_frac_gt_t5,0.959872
cnn,101,exceed_frac_sr_t5,0.964328
cnn,101,exceed_frac_delta_t5,0.0044560000000000155
cnn,101,exceed_frac_abs_delta_t5,0.0044560000000000155
cnn,101,exceed_frac_gt_t10,0.575588
cnn,101,exceed_frac_sr_t10,0.572528
cnn,101,exceed_frac_delta_t10,-0.0030599999999999516
cnn,101,exceed_frac_abs_delta_t10,0.0030599999999999516
cnn,101,exceed_frac_gt_t15,0.0208
cnn,101,exceed_frac_sr_t15,0.00988
cnn,101,exceed_frac_delta_t15,-0.01092
cnn,101,exceed_frac_abs_delta_t15,0.01092
cnn,101,exceed_frac_gt_p90,0.1
cnn,101,exceed_frac_sr_p90,0.069288
cnn,101,exceed_frac_delta_p90,-0.030712000000000003
cnn,101,exceed_frac_abs_delta_p90,0.030712000000000003
cnn,101,exceed_frac_gt_p95,0.05
cnn,101,exceed_frac_sr_p95,0.031304
cnn,101,exceed_frac_delta_p95,-0.018696000000000004
cnn,101,exceed_frac_abs_delta_p95,0.018696000000000004
cnn,101,exceed_frac_gt_p99,0.01
cnn,101,exceed_frac_sr_p99,0.0033
cnn,101,exceed_frac_delta_p99,-0.0067
cnn,101,exceed_frac_abs_delta_p99,0.0067
cnn,101,pd_distance,30.40796712150836
cnn,101,mt_distance,5.357294082641602
cnn,101,ssim,0.5763365179668116
cnn,102,psnr,28.291081132346047
cnn,102,wpd_bias,-49.58583642936383
cnn,102,wpd_mae,257.36515949641654
cnn,102,wpd_rmse,443.71833183137807
cnn,102,wpd_w1,64.38084146386412
cnn,102,psd_log_l2,1.154798688108608
cnn,102,psd_slope_gt,2.653381517271387
cnn,102,psd_slope_sr,1.2729931506995877
cnn,102,psd_slope_delta,-1.3803883665717993
cnn,102,psd_slope_abs_delta,1.3803883665717993
cnn,102,grad_mae,0.41378189525574693
cnn,102,grad_w1,0.2889680755749696
cnn,102,grad_kurtosis_gt,13.6958406438686
cnn,102,grad_kurtosis_sr,11.877968168385793
cnn,102,grad_kurtosis_delta,-1.8178724754828064
cnn,102,grad_kurtosis_abs_delta,1.8178724754828064
cnn,102,exceed_frac_gt_t5,0.960656
cnn,102,exceed_frac_sr_t5,0.965156
cnn,102,exceed_frac_delta_t5,0.0045000000000000595
cnn,102,exceed_frac_abs_delta_t5,0.0045000000000000595
cnn,102,exceed_frac_gt_t10,0.6005
cnn,102,exceed_frac_sr_t10,0.602424
cnn,102,exceed_frac_delta_t10,0.0019239999999999258
cnn,102,exceed_frac_abs_delta_t10,0.0019239999999999258
cnn,102,exceed_frac_gt_t15,0.015644
cnn,102,exceed_frac_sr_t15,0.007444
cnn,102,exceed_frac_delta_t15,-0.008200000000000002
cnn,102,exceed_frac_abs_delta_t15,0.008200000000000002
cnn,102,exceed_frac_gt_p90,0.1
cnn,102,exceed_frac_sr_p90,0.06628
cnn,102,exceed_frac_delta_p90,-0.03372
cnn,102,exceed_frac_abs_delta_p90,0.03372
cnn,102,exceed_frac_gt_p95,0.05
cnn,102,exceed_frac_sr_p95,0.028184
cnn,102,exceed_frac_delta_p95,-0.021816000000000002
cnn,102,exceed_frac_abs_delta_p95,0.021816000000000002
cnn,102,exceed_frac_gt_p99,0.01
cnn,102,exceed_frac_sr_p99,0.004768
cnn,102,exceed_frac_delta_p99,-0.0052320000000000005
cnn,102,exceed_frac_abs_delta_p99,0.0052320000000000005
cnn,102,pd_distance,29.254680859214627
cnn,102,mt_distance,5.164434909820557
cnn,102,ssim,0.5900843978874195
cnn,103,psnr,28.24977328579452
cnn,103,wpd_bias,-54.35105759438392
cnn,103,wpd_mae,255.23449859127234
cnn,103,wpd_rmse,439.93534248339296
cnn,103,wpd_w1,65.83933435015582
cnn,103,psd_log_l2,1.1877742958997082
cnn,103,psd_slope_gt,2.7522262259562447
cnn,103,psd_slope_sr,1.3529762999466464
cnn,103,psd_slope_delta,-1.3992499260095983
cnn,103,psd_slope_abs_delta,1.3992499260095983
cnn,103,grad_mae,0.4073665082605704
cnn,103,grad_w1,0.289648755859236
cnn,103,grad_kurtosis_gt,12.918668166201329
cnn,103,grad_kurtosis_sr,12.69079845146611
cnn,103,grad_kurtosis_delta,-0.22786971473521866
cnn,103,grad_kurtosis_abs_delta,0.22786971473521866
cnn,103,exceed_frac_gt_t5,0.96332
cnn,103,exceed_frac_sr_t5,0.968048
cnn,103,exceed_frac_delta_t5,0.0047280000000000655
cnn,103,exceed_frac_abs_delta_t5,0.0047280000000000655
cnn,103,exceed_frac_gt_t10,0.622064
cnn,103,exceed_frac_sr_t10,0.624396
cnn,103,exceed_frac_delta_t10,0.0023320000000000007
cnn,103,exceed_frac_abs_delta_t10,0.0023320000000000007
cnn,103,exceed_frac_gt_t15,0.01606
cnn,103,exceed_frac_sr_t15,0.007216
cnn,103,exceed_frac_delta_t15,-0.008844000000000001
cnn,103,exceed_frac_abs_delta_t15,0.008844000000000001
cnn,103,exceed_frac_gt_p90,0.1
cnn,103,exceed_frac_sr_p90,0.066944
cnn,103,exceed_frac_delta_p90,-0.033056
cnn,103,exceed_frac_abs_delta_p90,0.033056
cnn,103,exceed_frac_gt_p95,0.05
cnn,103,exceed_frac_sr_p95,0.026396
cnn,103,exceed_frac_delta_p95,-0.023604000000000003
cnn,103,exceed_frac_abs_delta_p95,0.023604000000000003
cnn,103,exceed_frac_gt_p99,0.01
cnn,103,exceed_frac_sr_p99,0.004184
cnn,103,exceed_frac_delta_p99,-0.005816
cnn,103,exceed_frac_abs_delta_p99,0.005816
cnn,103,pd_distance,29.507549938987374
cnn,103,mt_distance,5.102769374847412
cnn,103,ssim,0.5816080496706844
cnn,104,psnr,28.244665117236966
cnn,104,wpd_bias,-51.74195350505683
cnn,104,wpd_mae,260.7016073786642
cnn,104,wpd_rmse,442.0319749275902
cnn,104,wpd_w1,67.50126390547062
cnn,104,psd_log_l2,1.2023515569174883
cnn,104,psd_slope_gt,2.7655849769581633
cnn,104,psd_slope_sr,1.30400884052208
cnn,104,psd_slope_delta,-1.4615761364360833
cnn,104,psd_slope_abs_delta,1.4615761364360833
cnn,104,grad_mae,0.40278462056680714
cnn,104,grad_w1,0.2823780056835857
cnn,104,grad_kurtosis_gt,13.072164702682043
cnn,104,grad_kurtosis_sr,13.869221314623747
cnn,104,grad_kurtosis_delta,0.797056611941704
cnn,104,grad_kurtosis_abs_delta,0.797056611941704
cnn,104,exceed_frac_gt_t5,0.9676
cnn,104,exceed_frac_sr_t5,0.972604
cnn,104,exceed_frac_delta_t5,0.0050040000000000084
cnn,104,exceed_frac_abs_delta_t5,0.0050040000000000084
cnn,104,exceed_frac_gt_t10,0.639764
cnn,104,exceed_frac_sr_t10,0.6437
cnn,104,exceed_frac_delta_t10,0.003936000000000051
cnn,104,exceed_frac_abs_delta_t10,0.003936000000000051
cnn,104,exceed_frac_gt_t15,0.019812
cnn,104,exceed_frac_sr_t15,0.009452
cnn,104,exceed_frac_delta_t15,-0.01036
cnn,104,exceed_frac_abs_delta_t15,0.01036
cnn,104,exceed_frac_gt_p90,0.1
cnn,104,exceed_frac_sr_p90,0.071124
cnn,104,exceed_frac_delta_p90,-0.028876
cnn,104,exceed_frac_abs_delta_p90,0.028876
cnn,104,exceed_frac_gt_p95,0.05
cnn,104,exceed_frac_sr_p95,0.02796
cnn,104,exceed_frac_delta_p95,-0.022040000000000004
cnn,104,exceed_frac_abs_delta_p95,0.022040000000000004
cnn,104,exceed_frac_gt_p99,0.01
cnn,104,exceed_frac_sr_p99,0.004744
cnn,104,exceed_frac_delta_p99,-0.005256
cnn,104,exceed_frac_abs_delta_p99,0.005256
cnn,104,pd_distance,29.173745320955113
cnn,104,mt_distance,4.829194068908691
cnn,104,ssim,0.5889900362274314
cnn,105,psnr,28.705358550909303
cnn,105,wpd_bias,-54.546158256784835
cnn,105,wpd_mae,260.9549154657379
cnn,105,wpd_rmse,455.18860888088574
cnn,105,wpd_w1,69.01256827635814
cnn,105,psd_log_l2,1.215626655690922
cnn,105,psd_slope_gt,2.5268482174855538
cnn,105,psd_slope_sr,1.215234080279199
cnn,105,psd_slope_delta,-1.3116141372063548
cnn,105,psd_slope_abs_delta,1.3116141372063548
cnn,105,grad_mae,0.39666686289653963
cnn,105,grad_w1,0.28620291053121966
cnn,105,grad_kurtosis_gt,13.365248422530462
cnn,105,grad_kurtosis_sr,14.195743240299489
cnn,105,grad_kurtosis_delta,0.8304948177690274
cnn,105,grad_kurtosis_abs_delta,0.8304948177690274
cnn,105,exceed_frac_gt_t5,0.96918
cnn,105,exceed_frac_sr_t5,0.974208
cnn,105,exceed_frac_delta_t5,0.005027999999999921
cnn,105,exceed_frac_abs_delta_t5,0.005027999999999921
cnn,105,exceed_frac_gt_t10,0.653404
cnn,105,exceed_frac_sr_t10,0.654792
cnn,105,exceed_frac_delta_t10,0.0013880000000000559
cnn,105,exceed_frac_abs_delta_t10,0.0013880000000000559
cnn,105,exceed_frac_gt_t15,0.026896
cnn,105,exceed_frac_sr_t15,0.013568
cnn,105,exceed_frac_delta_t15,-0.013328
cnn,105,exceed_frac_abs_delta_t15,0.013328
cnn,105,exceed_frac_gt_p90,0.1
cnn,105,exceed_frac_sr_p90,0.075508
cnn,105,exceed_frac_delta_p90,-0.024492
cnn,105,exceed_frac_abs_delta_p90,0.024492
cnn,105,exceed_frac_gt_p95,0.05
cnn,105,exceed_frac_sr_p95,0.030496
cnn,105,exceed_frac_delta_p95,-0.019504000000000004
cnn,105,exceed_frac_abs_delta_p95,0.019504000000000004
cnn,105,exceed_frac_gt_p99,0.01
cnn,105,exceed_frac_sr_p99,0.0041
cnn,105,exceed_frac_delta_p99,-0.0059
cnn,105,exceed_frac_abs_delta_p99,0.0059
cnn,105,pd_distance,29.338582011466166
cnn,105,mt_distance,5.33697509765625
cnn,105,ssim,0.5789742887115529
cnn,106,psnr,29.215031902459533
cnn,106,wpd_bias,-55.640756101729
cnn,106,wpd_mae,260.25746261223657
cnn,106,wpd_rmse,460.90760003831133
cnn,106,wpd_w1,69.33684383617609
cnn,106,psd_log_l2,1.146132744022456
cnn,106,psd_slope_gt,2.4043720349979085
cnn,106,psd_slope_sr,1.1682648646821723
cnn,106,psd_slope_delta,-1.2361071703157362
cnn,106,psd_slope_abs_delta,1.2361071703157362
cnn,106,grad_mae,0.3908866796956757
cnn,106,grad_w1,0.2889766766960363
cnn,106,grad_kurtosis_gt,13.973378262410721
cnn,106,grad_kurtosis_sr,14.669545855880765
cnn,106,grad_kurtosis_delta,0.6961675934700438
cnn,106,grad_kurtosis_abs_delta,0.6961675934700438
cnn,106,exceed_frac_gt_t5,0.969512
cnn,106,exceed_frac_sr_t5,0.976464
cnn,106,exceed_frac_delta_t5,0.006951999999999958
cnn,106,exceed_frac_abs_delta_t5,0.006951999999999958
cnn,106,exceed_frac_gt_t10,0.66638
cnn,106,exceed_frac_sr_t10,0.665864
cnn,106,exceed_frac_delta_t10,-0.0005159999999999609
cnn,106,exceed_frac_abs_delta_t10,0.0005159999999999609
cnn,106,exceed_frac_gt_t15,0.02658
cnn,106,exceed_frac_sr_t15,0.013568
cnn,106,exceed_frac_delta_t15,-0.013012
cnn,106,exceed_frac_abs_delta_t15,0.013012
cnn,106,exceed_frac_gt_p90,0.1
cnn,106,exceed_frac_sr_p90,0.073712
cnn,106,exceed_frac_delta_p90,-0.026288000000000006
cnn,106,exceed_frac_abs_delta_p90,0.026288000000000006
cnn,106,exceed_frac_gt_p95,0.05
cnn,106,exceed_frac_sr_p95,0.028836
cnn,106,exceed_frac_delta_p95,-0.021164000000000002
cnn,106,exceed_frac_abs_delta_p95,0.021164000000000002
cnn,106,exceed_frac_gt_p99,0.01
cnn,106,exceed_frac_sr_p99,0.00312
cnn,106,exceed_frac_delta_p99,-0.006880000000000001
cnn,106,exceed_frac_abs_delta_p99,0.006880000000000001
cnn,106,pd_distance,30.092821360744658
cnn,106,mt_distance,5.767349720001221
cnn,106,ssim,0.5782362086568188
cnn,107,psnr,28.940019095289955
cnn,107,wpd_bias,-58.811593103726125
cnn,107,wpd_mae,266.6080511833093
cnn,107,wpd_rmse,482.22610725589556
cnn,107,wpd_w1,73.64596908558012
cnn,107,psd_log_l2,1.0775175662436838
cnn,107,psd_slope_gt,2.3711876339371654
cnn,107,psd_slope_sr,1.1645270092130153
cnn,107,psd_slope_delta,-1.20666062472415
cnn,107,psd_slope_abs_delta,1.20666062472415
cnn,107,grad_mae,0.38687975317811596
cnn,107,grad_w1,0.28277735475093574
cnn,107,grad_kurtosis_gt,14.499407762195059
cnn,107,grad_kurtosis_sr,14.772130953156188
cnn,107,grad_kurtosis_delta,0.27272319096112874
cnn,107,grad_kurtosis_abs_delta,0.27272319096112874
cnn,107,exceed_frac_gt_t5,0.970908
cnn,107,exceed_frac_sr_t5,0.976664
cnn,107,exceed_frac_delta_t5,0.005755999999999983
cnn,107,exceed_frac_abs_delta_t5,0.005755999999999983
cnn,107,exceed_frac_gt_t10,0.677896
cnn,107,exceed_frac_sr_t10,0.679472
cnn,107,exceed_frac_delta_t10,0.0015759999999999108
cnn,107,exceed_frac_abs_delta_t10,0.0015759999999999108
cnn,107,exceed_frac_gt_t15,0.03712
cnn,107,exceed_frac_sr_t15,0.021184
cnn,107,exceed_frac_delta_t15,-0.015936
cnn,107,exceed_frac_abs_delta_t15,0.015936
cnn,107,exceed_frac_gt_p90,0.1
cnn,107,exceed_frac_sr_p90,0.0734
cnn,107,exceed_frac_delta_p90,-0.0266
cnn,107,exceed_frac_abs_delta_p90,0.0266
cnn,107,exceed_frac_gt_p95,0.05
cnn,107,exceed_frac_sr_p95,0.029732
cnn,107,exceed_frac_delta_p95,-0.020268
cnn,107,exceed_frac_abs_delta_p95,0.020268
cnn,107,exceed_frac_gt_p99,0.01
cnn,107,exceed_frac_sr_p99,0.003896
cnn,107,exceed_frac_delta_p99,-0.006104
cnn,107,exceed_frac_abs_delta_p99,0.006104
cnn,107,pd_distance,29.64376642955138
cnn,107,mt_distance,5.574344635009766
cnn,107,ssim,0.5873099571898629
cnn,108,psnr,29.994517076582536
cnn,108,wpd_bias,-62.576165416787404
cnn,108,wpd_mae,266.16930985905356
cnn,108,wpd_rmse,474.3026099408461
cnn,108,wpd_w1,78.29810888955477
cnn,108,psd_log_l2,1.0160542287517005
cnn,108,psd_slope_gt,2.346439339301334
cnn,108,psd_slope_sr,1.0584669990389557
cnn,108,psd_slope_delta,-1.2879723402623782
cnn,108,psd_slope_abs_delta,1.2879723402623782
cnn,108,grad_mae,0.3789482342287064
cnn,108,grad_w1,0.28516287729811285
cnn,108,grad_kurtosis_gt,14.41081113660488
cnn,108,grad_kurtosis_sr,16.04536750791066
cnn,108,grad_kurtosis_delta,1.6345563713057825
cnn,108,grad_kurtosis_abs_delta,1.6345563713057825
cnn,108,exceed_frac_gt_t5,0.971252
cnn,108,exceed_frac_sr_t5,0.977896
cnn,108,exceed_frac_delta_t5,0.006643999999999983
cnn,108,exceed_frac_abs_delta_t5,0.006643999999999983
cnn,108,exceed_frac_gt_t10,0.674524
cnn,108,exceed_frac_sr_t10,0.676688
cnn,108,exceed_frac_delta_t10,0.0021639999999999437
cnn,108,exceed_frac_abs_delta_t10,0.0021639999999999437
cnn,108,exceed_frac_gt_t15,0.051952
cnn,108,exceed_frac_sr_t15,0.031236
cnn,108,exceed_frac_delta_t15,-0.020716
cnn,108,exceed_frac_abs_delta_t15,0.020716
cnn,108,exceed_frac_gt_p90,0.1
cnn,108,exceed_frac_sr_p90,0.077708
cnn,108,exceed_frac_delta_p90,-0.022292000000000006
cnn,108,exceed_frac_abs_delta_p90,0.022292000000000006
cnn,108,exceed_frac_gt_p95,0.05
cnn,108,exceed_frac_sr_p95,0.029864
cnn,108,exceed_frac_delta_p95,-0.020136
cnn,108,exceed_frac_abs_delta_p95,0.020136
cnn,108,exceed_frac_gt_p99,0.01
cnn,108,exceed_frac_sr_p99,0.002672
cnn,108,exceed_frac_delta_p99,-0.007328
cnn,108,exceed_frac_abs_delta_p99,0.007328
cnn,108,pd_distance,28.940126674621943
cnn,108,mt_distance,5.6898322105407715
cnn,108,ssim,0.581538433400334
cnn,109,psnr,29.340460131888747
cnn,109,wpd_bias,-61.405260838974684
cnn,109,wpd_mae,266.805100194961
cnn,109,wpd_rmse,469.06576017921947
cnn,109,wpd_w1,75.62803143058306
cnn,109,psd_log_l2,0.9522088531938063
cnn,109,psd_slope_gt,2.4584123600931362
cnn,109,psd_slope_sr,1.10200967454317
cnn,109,psd_slope_delta,-1.3564026855499662
cnn,109,psd_slope_abs_delta,1.3564026855499662
cnn,109,grad_mae,0.37481862648779113
cnn,109,grad_w1,0.27713308380572876
cnn,109,grad_kurtosis_gt,14.524527024298001
cnn,109,grad_kurtosis_sr,15.78962345926248
cnn,109,grad_kurtosis_delta,1.2650964349644784
cnn,109,grad_kurtosis_abs_delta,1.2650964349644784
cnn,109,exceed_frac_gt_t5,0.970816
cnn,109,exceed_frac_sr_t5,0.97596
cnn,109,exceed_frac_delta_t5,0.005144000000000037
cnn,109,exceed_frac_abs_delta_t5,0.005144000000000037
cnn,109,exceed_frac_gt_t10,0.666652
cnn,109,exceed_frac_sr_t10,0.664576
cnn,109,exceed_frac_delta_t10,-0.0020760000000000778
cnn,109,exceed_frac_abs_delta_t10,0.0020760000000000778
cnn,109,exceed_frac_gt_t15,0.070228
cnn,109,exceed_frac_sr_t15,0.049732
cnn,109,exceed_frac_delta_t15,-0.020496
cnn,109,exceed_frac_abs_delta_t15,0.020496
cnn,109,exceed_frac_gt_p90,0.1
cnn,109,exceed_frac_sr_p90,0.076236
cnn,109,exceed_frac_delta_p90,-0.023764000000000007
cnn,109,exceed_frac_abs_delta_p90,0.023764000000000007
cnn,109,exceed_frac_gt_p95,0.05
cnn,109,exceed_frac_sr_p95,0.032876
cnn,109,exceed_frac_delta_p95,-0.017124
cnn,109,exceed_frac_abs_delta_p95,0.017124
cnn,109,exceed_frac_gt_p99,0.01
cnn,109,exceed_frac_sr_p99,0.002792
cnn,109,exceed_frac_delta_p99,-0.007208
cnn,109,exceed_frac_abs_delta_p99,0.007208
cnn,109,pd_distance,28.97319829057234
cnn,109,mt_distance,5.088190078735352
cnn,109,ssim,0.5868368829397201
cnn,110,psnr,30.037522383683083
cnn,110,wpd_bias,-59.889592499987266
cnn,110,wpd_mae,263.19554384798516
cnn,110,wpd_rmse,459.4886921720648
cnn,110,wpd_w1,73.32835540535368
cnn,110,psd_log_l2,0.915698968336149
cnn,110,psd_slope_gt,2.5116273264193554
cnn,110,psd_slope_sr,1.109752278129511
cnn,110,psd_slope_delta,-1.4018750482898443
cnn,110,psd_slope_abs_delta,1.4018750482898443
cnn,110,grad_mae,0.37181219855601905
cnn,110,grad_w1,0.2806747703194539
cnn,110,grad_kurtosis_gt,14.8881813789416
cnn,110,grad_kurtosis_sr,18.178742131096147
cnn,110,grad_kurtosis_delta,3.2905607521545477
cnn,110,grad_kurtosis_abs_delta,3.2905607521545477
cnn,110,exceed_frac_gt_t5,0.972044
cnn,110,exceed_frac_sr_t5,0.976052
cnn,110,exceed_frac_delta_t5,0.0040080000000000116
cnn,110,exceed_frac_abs_delta_t5,0.0040080000000000116
cnn,110,exceed_frac_gt_t10,0.6523
cnn,110,exceed_frac_sr_t10,0.650224
cnn,110,exceed_frac_delta_t10,-0.0020759999999999668
cnn,110,exceed_frac_abs_delta_t10,0.0020759999999999668
cnn,110,exceed_frac_gt_t15,0.09396
cnn,110,exceed_frac_sr_t15,0.0742
cnn,110,exceed_frac_delta_t15,-0.01976
cnn,110,exceed_frac_abs_delta_t15,0.01976
cnn,110,exceed_frac_gt_p90,0.1
cnn,110,exceed_frac_sr_p90,0.079868
cnn,110,exceed_frac_delta_p90,-0.02013200000000001
cnn,110,exceed_frac_abs_delta_p90,0.02013200000000001
cnn,110,exceed_frac_gt_p95,0.05
cnn,110,exceed_frac_sr_p95,0.033788
cnn,110,exceed_frac_delta_p95,-0.016212000000000004
cnn,110,exceed_frac_abs_delta_p95,0.016212000000000004
cnn,110,exceed_frac_gt_p99,0.01
cnn,110,exceed_frac_sr_p99,0.003764
cnn,110,exceed_frac_delta_p99,-0.006236
cnn,110,exceed_frac_abs_delta_p99,0.006236
cnn,110,pd_distance,29.504241915198808
cnn,110,mt_distance,5.806641101837158
cnn,110,ssim,0.5806544420749317
cnn,111,psnr,30.90363327801762
cnn,111,wpd_bias,-58.46092590008041
cnn,111,wpd_mae,251.96134177549283
cnn,111,wpd_rmse,439.18165409969083
cnn,111,wpd_w1,71.95933389574849
cnn,111,psd_log_l2,0.8417086885841848
cnn,111,psd_slope_gt,2.517910851878576
cnn,111,psd_slope_sr,1.1209176078488121
cnn,111,psd_slope_delta,-1.396993244029764
cnn,111,psd_slope_abs_delta,1.396993244029764
cnn,111,grad_mae,0.35867880022726695
cnn,111,grad_w1,0.26751389398625963
cnn,111,grad_kurtosis_gt,16.432807524041753
cnn,111,grad_kurtosis_sr,19.246715092587003
cnn,111,grad_kurtosis_delta,2.8139075685452504
cnn,111,grad_kurtosis_abs_delta,2.8139075685452504
cnn,111,exceed_frac_gt_t5,0.970996
cnn,111,exceed_frac_sr_t5,0.97636
cnn,111,exceed_frac_delta_t5,0.005364000000000035
cnn,111,exceed_frac_abs_delta_t5,0.005364000000000035
cnn,111,exceed_frac_gt_t10,0.627288
cnn,111,exceed_frac_sr_t10,0.619852
cnn,111,exceed_frac_delta_t10,-0.007435999999999998
cnn,111,exceed_frac_abs_delta_t10,0.007435999999999998
cnn,111,exceed_frac_gt_t15,0.126452
cnn,111,exceed_frac_sr_t15,0.110216
cnn,111,exceed_frac_delta_t15,-0.016236000000000014
cnn,111,exceed_frac_abs_delta_t15,0.016236000000000014
cnn,111,exceed_frac_gt_p90,0.1
cnn,111,exceed_frac_sr_p90,0.084108
cnn,111,exceed_frac_delta_p90,-0.015892000000000003
cnn,111,exceed_frac_abs_delta_p90,0.015892000000000003
cnn,111,exceed_frac_gt_p95,0.05
cnn,111,exceed_frac_sr_p95,0.038036
cnn,111,exceed_frac_delta_p95,-0.011964000000000002
cnn,111,exceed_frac_abs_delta_p95,0.011964000000000002
cnn,111,exceed_frac_gt_p99,0.01
cnn,111,exceed_frac_sr_p99,0.003876
cnn,111,exceed_frac_delta_p99,-0.006124
cnn,111,exceed_frac_abs_delta_p99,0.006124
cnn,111,pd_distance,28.17742348677506
cnn,111,mt_distance,5.513612270355225
cnn,111,ssim,0.5730462303692898
cnn,112,psnr,30.45015130750225
cnn,112,wpd_bias,-52.28841563488411
cnn,112,wpd_mae,234.28629066169555
cnn,112,wpd_rmse,400.7800729780913
cnn,112,wpd_w1,62.402604830815434
cnn,112,psd_log_l2,0.8127646210603084
cnn,112,psd_slope_gt,2.5521422961047304
cnn,112,psd_slope_sr,1.1854040920567288
cnn,112,psd_slope_delta,-1.3667382040480016
cnn,112,psd_slope_abs_delta,1.3667382040480016
cnn,112,grad_mae,0.34239979448735314
cnn,112,grad_w1,0.2588902384484838
cnn,112,grad_kurtosis_gt,17.356303881892384
cnn,112,grad_kurtosis_sr,20.715503003723207
cnn,112,grad_kurtosis_delta,3.359199121830823
cnn,112,grad_kurtosis_abs_delta,3.359199121830823
cnn,112,exceed_frac_gt_t5,0.960496
cnn,112,exceed_frac_sr_t5,0.966252
cnn,112,exceed_frac_delta_t5,0.005755999999999983
cnn,112,exceed_frac_abs_delta_t5,0.005755999999999983
cnn,112,exceed_frac_gt_t10,0.588268
cnn,112,exceed_frac_sr_t10,0.576964
cnn,112,exceed_frac_delta_t10,-0.01130399999999998
cnn,112,exceed_frac_abs_delta_t10,0.01130399999999998
cnn,112,exceed_frac_gt_t15,0.15344
cnn,112,exceed_frac_sr_t15,0.14096
cnn,112,exceed_frac_delta_t15,-0.012479999999999991
cnn,112,exceed_frac_abs_delta_t15,0.012479999999999991
cnn,112,exceed_frac_gt_p90,0.1
cnn,112,exceed_frac_sr_p90,0.087528
cnn,112,exceed_frac_delta_p90,-0.01247200000000001
cnn,112,exceed_frac_abs_delta_p90,0.01247200000000001
cnn,112,exceed_frac_gt_p95,0.05
cnn,112,exceed_frac_sr_p95,0.041948
cnn,112,exceed_frac_delta_p95,-0.008052000000000004
cnn,112,exceed_frac_abs_delta_p95,0.008052000000000004
cnn,112,exceed_frac_gt_p99,0.01
cnn,112,exceed_frac_sr_p99,0.00428
cnn,112,exceed_frac_delta_p99,-0.00572
cnn,112,exceed_frac_abs_delta_p99,0.00572
cnn,112,pd_distance,27.49742127818127
cnn,112,mt_distance,5.637857913970947
cnn,112,ssim,0.5852515744888519
cnn,113,psnr,30.187587966342992
cnn,113,wpd_bias,-49.671510437321956
cnn,113,wpd_mae,214.89821778926535
cnn,113,wpd_rmse,367.32695487523756
cnn,113,wpd_w1,57.77020155073254
cnn,113,psd_log_l2,0.7807641208992308
cnn,113,psd_slope_gt,2.431485046440205
cnn,113,psd_slope_sr,1.1385327525540323
cnn,113,psd_slope_delta,-1.2929522938861726
cnn,113,psd_slope_abs_delta,1.2929522938861726
cnn,113,grad_mae,0.3245688700172732
cnn,113,grad_w1,0.24441240424177085
cnn,113,grad_kurtosis_gt,17.818271719812817
cnn,113,grad_kurtosis_sr,17.99335677688784
cnn,113,grad_kurtosis_delta,0.1750850570750231
cnn,113,grad_kurtosis_abs_delta,0.1750850570750231
cnn,113,exceed_frac_gt_t5,0.950016
cnn,113,exceed_frac_sr_t5,0.957968
cnn,113,exceed_frac_delta_t5,0.00795200000000007
cnn,113,exceed_frac_abs_delta_t5,0.00795200000000007
cnn,113,exceed_frac_gt_t10,0.542524
cnn,113,exceed_frac_sr_t10,0.529468
cnn,113,exceed_frac_delta_t10,-0.013055999999999957
cnn,113,exceed_frac_abs_delta_t10,0.013055999999999957
cnn,113,exceed_frac_gt_t15,0.177548
cnn,113,exceed_frac_sr_t15,0.161344
cnn,113,exceed_frac_delta_t15,-0.016204000000000024
cnn,113,exceed_frac_abs_delta_t15,0.016204000000000024
cnn,113,exceed_frac_gt_p90,0.1
cnn,113,exceed_frac_sr_p90,0.088072
cnn,113,exceed_frac_delta_p90,-0.011928000000000008
cnn,113,exceed_frac_abs_delta_p90,0.011928000000000008
cnn,113,exceed_frac_gt_p95,0.049996
cnn,113,exceed_frac_sr_p95,0.044692
cnn,113,exceed_frac_delta_p95,-0.005303999999999996
cnn,113,exceed_frac_abs_delta_p95,0.005303999999999996
cnn,113,exceed_frac_gt_p99,0.01
cnn,113,exceed_frac_sr_p99,0.002148
cnn,113,exceed_frac_delta_p99,-0.007852
cnn,113,exceed_frac_abs_delta_p99,0.007852
cnn,113,pd_distance,26.010710160777133
cnn,113,mt_distance,5.502909183502197
cnn,113,ssim,0.5841705553846349
cnn,114,psnr,30.46024322256102
cnn,114,wpd_bias,-43.27737412182693
cnn,114,wpd_mae,205.05910503258895
cnn,114,wpd_rmse,350.3319193642594
cnn,114,wpd_w1,49.642666040920645
cnn,114,psd_log_l2,0.8210154479447563
cnn,114,psd_slope_gt,2.4531744868237766
cnn,114,psd_slope_sr,1.264377143432104
cnn,114,psd_slope_delta,-1.1887973433916725
cnn,114,psd_slope_abs_delta,1.1887973433916725
cnn,114,grad_mae,0.31397800771114026
cnn,114,grad_w1,0.22890027411812297
cnn,114,grad_kurtosis_gt,19.3950691009872
cnn,114,grad_kurtosis_sr,15.408595134050186
cnn,114,grad_kurtosis_delta,-3.986473966937014
cnn,114,grad_kurtosis_abs_delta,3.986473966937014
cnn,114,exceed_frac_gt_t5,0.942708
cnn,114,exceed_frac_sr_t5,0.947792
cnn,114,exceed_frac_delta_t5,0.005083999999999977
cnn,114,exceed_frac_abs_delta_t5,0.005083999999999977
cnn,114,exceed_frac_gt_t10,0.505588
cnn,114,exceed_frac_sr_t10,0.489896
cnn,114,exceed_frac_delta_t10,-0.01569200000000004
cnn,114,exceed_frac_abs_delta_t10,0.01569200000000004
cnn,114,exceed_frac_gt_t15,0.197052
cnn,114,exceed_frac_sr_t15,0.189612
cnn,114,exceed_frac_delta_t15,-0.007440000000000002
cnn,114,exceed_frac_abs_delta_t15,0.007440000000000002
cnn,114,exceed_frac_gt_p90,0.1
cnn,114,exceed_frac_sr_p90,0.090248
cnn,114,exceed_frac_delta_p90,-0.00975200000000001
cnn,114,exceed_frac_abs_delta_p90,0.00975200000000001
cnn,114,exceed_frac_gt_p95,0.05
cnn,114,exceed_frac_sr_p95,0.04858
cnn,114,exceed_frac_delta_p95,-0.0014200000000000046
cnn,114,exceed_frac_abs_delta_p95,0.0014200000000000046
cnn,114,exceed_frac_gt_p99,0.01
cnn,114,exceed_frac_sr_p99,0.005188
cnn,114,exceed_frac_delta_p99,-0.004812
cnn,114,exceed_frac_abs_delta_p99,0.004812
cnn,114,pd_distance,24.541486090961616
cnn,114,mt_distance,5.123978614807129
cnn,114,ssim,0.6060388474382445
cnn,115,psnr,31.108482310211272
cnn,115,wpd_bias,-42.46859630399956
cnn,115,wpd_mae,199.35359037831634
cnn,115,wpd_rmse,348.23996851429223
cnn,115,wpd_w1,49.559924983863816
cnn,115,psd_log_l2,0.7703784329918865
cnn,115,psd_slope_gt,2.539153020485293
cnn,115,psd_slope_sr,1.2583499650590317
cnn,115,psd_slope_delta,-1.280803055426261
cnn,115,psd_slope_abs_delta,1.280803055426261
cnn,115,grad_mae,0.31293359350619665
cnn,115,grad_w1,0.22941120643874652
cnn,115,grad_kurtosis_gt,19.188254489306573
cnn,115,grad_kurtosis_sr,18.885432822068612
cnn,115,grad_kurtosis_delta,-0.30282166723796067
cnn,115,grad_kurtosis_abs_delta,0.30282166723796067
cnn,115,exceed_frac_gt_t5,0.935092
cnn,115,exceed_frac_sr_t5,0.94374
cnn,115,exceed_frac_delta_t5,0.008647999999999989
cnn,115,exceed_frac_abs_delta_t5,0.008647999999999989
cnn,115,exceed_frac_gt_t10,0.483236
cnn,115,exceed_frac_sr_t10,0.467892
cnn,115,exceed_frac_delta_t10,-0.015344000000000024
cnn,115,exceed_frac_abs_delta_t10,0.015344000000000024
cnn,115,exceed_frac_gt_t15,0.20792
cnn,115,exceed_frac_sr_t15,0.205156
cnn,115,exceed_frac_delta_t15,-0.0027639999999999887
cnn,115,exceed_frac_abs_delta_t15,0.0027639999999999887
cnn,115,exceed_frac_gt_p90,0.1
cnn,115,exceed_frac_sr_p90,0.088636
cnn,115,exceed_frac_delta_p90,-0.011363999999999999
cnn,115,exceed_frac_abs_delta_p90,0.011363999999999999
cnn,115,exceed_frac_gt_p95,0.05
cnn,115,exceed_frac_sr_p95,0.048596
cnn,115,exceed_frac_delta_p95,-0.0014040000000000025
cnn,115,exceed_frac_abs_delta_p95,0.0014040000000000025
cnn,115,exceed_frac_gt_p99,0.01
cnn,115,exceed_frac_sr_p99,0.007404
cnn,115,exceed_frac_delta_p99,-0.0025960000000000002
cnn,115,exceed_frac_abs_delta_p99,0.0025960000000000002
cnn,115,pd_distance,25.270960377659716
cnn,115,mt_distance,4.689971923828125
cnn,115,ssim,0.6293129910657059
cnn,116,psnr,30.59615191508248
cnn,116,wpd_bias,-42.795554368443476
cnn,116,wpd_mae,210.43580693428876
cnn,116,wpd_rmse,362.61496717091654
cnn,116,wpd_w1,49.91248060240107
cnn,116,psd_log_l2,0.731109301673511
cnn,116,psd_slope_gt,2.663864975019489
cnn,116,psd_slope_sr,1.3772469251722983
cnn,116,psd_slope_delta,-1.2866180498471906
cnn,116,psd_slope_abs_delta,1.2866180498471906
cnn,116,grad_mae,0.3238515655975949
cnn,116,grad_w1,0.2267249166555612
cnn,116,grad_kurtosis_gt,17.809157536107968
cnn,116,grad_kurtosis_sr,17.364853526129817
cnn,116,grad_kurtosis_delta,-0.44430400997815056
cnn,116,grad_kurtosis_abs_delta,0.44430400997815056
cnn,116,exceed_frac_gt_t5,0.932248
cnn,116,exceed_frac_sr_t5,0.93726
cnn,116,exceed_frac_delta_t5,0.0050120000000000164
cnn,116,exceed_frac_abs_delta_t5,0.0050120000000000164
cnn,116,exceed_frac_gt_t10,0.476428
cnn,116,exceed_frac_sr_t10,0.459412
cnn,116,exceed_frac_delta_t10,-0.01701600000000003
cnn,116,exceed_frac_abs_delta_t10,0.01701600000000003
cnn,116,exceed_frac_gt_t15,0.206224
cnn,116,exceed_frac_sr_t15,0.199032
cnn,116,exceed_frac_delta_t15,-0.007192000000000004
cnn,116,exceed_frac_abs_delta_t15,0.007192000000000004
cnn,116,exceed_frac_gt_p90,0.1
cnn,116,exceed_frac_sr_p90,0.0885
cnn,116,exceed_frac_delta_p90,-0.01150000000000001
cnn,116,exceed_frac_abs_delta_p90,0.01150000000000001
cnn,116,exceed_frac_gt_p95,0.05
cnn,116,exceed_frac_sr_p95,0.046588
cnn,116,exceed_frac_delta_p95,-0.0034120000000000053
cnn,116,exceed_frac_abs_delta_p95,0.0034120000000000053
cnn,116,exceed_frac_gt_p99,0.01
cnn,116,exceed_frac_sr_p99,0.006496
cnn,116,exceed_frac_delta_p99,-0.003504
cnn,116,exceed_frac_abs_delta_p99,0.003504
cnn,116,pd_distance,25.095451409249726
cnn,116,mt_distance,5.35050630569458
cnn,116,ssim,0.6359943033532465
cnn,117,psnr,30.50148317030197
cnn,117,wpd_bias,-47.54667013087485
cnn,117,wpd_mae,220.69277118953565
cnn,117,wpd_rmse,374.6434780879379
cnn,117,wpd_w1,56.56480068165984
cnn,117,psd_log_l2,0.7445344601477326
cnn,117,psd_slope_gt,2.6822441095304903
cnn,117,psd_slope_sr,1.4252949991442683
cnn,117,psd_slope_delta,-1.256949110386222
cnn,117,psd_slope_abs_delta,1.256949110386222
cnn,117,grad_mae,0.3318583129288192
cnn,117,grad_w1,0.23028518939603485
cnn,117,grad_kurtosis_gt,15.662541793566826
cnn,117,grad_kurtosis_sr,14.359879012528657
cnn,117,grad_kurtosis_delta,-1.302662781038169
cnn,117,grad_kurtosis_abs_delta,1.302662781038169
cnn,117,exceed_frac_gt_t5,0.932936
cnn,117,exceed_frac_sr_t5,0.938704
cnn,117,exceed_frac_delta_t5,0.005767999999999995
cnn,117,exceed_frac_abs_delta_t5,0.005767999999999995
cnn,117,exceed_frac_gt_t10,0.481824
cnn,117,exceed_frac_sr_t10,0.467152
cnn,117,exceed_frac_delta_t10,-0.014671999999999963
cnn,117,exceed_frac_abs_delta_t10,0.014671999999999963
cnn,117,exceed_frac_gt_t15,0.198556
cnn,117,exceed_frac_sr_t15,0.19084
cnn,117,exceed_frac_delta_t15,-0.007716000000000001
cnn,117,exceed_frac_abs_delta_t15,0.007716000000000001
cnn,117,exceed_frac_gt_p90,0.1
cnn,117,exceed_frac_sr_p90,0.092624
cnn,117,exceed_frac_delta_p90,-0.0073760000000000076
cnn,117,exceed_frac_abs_delta_p90,0.0073760000000000076
cnn,117,exceed_frac_gt_p95,0.05
cnn,117,exceed_frac_sr_p95,0.044444
cnn,117,exceed_frac_delta_p95,-0.005556000000000005
cnn,117,exceed_frac_abs_delta_p95,0.005556000000000005
cnn,117,exceed_frac_gt_p99,0.01
cnn,117,exceed_frac_sr_p99,0.005964
cnn,117,exceed_frac_delta_p99,-0.0040360000000000005
cnn,117,exceed_frac_abs_delta_p99,0.0040360000000000005
cnn,117,pd_distance,27.14897424086504
cnn,117,mt_distance,5.260716915130615
cnn,117,ssim,0.6102954776137006
cnn,118,psnr,30.425345206995495
cnn,118,wpd_bias,-48.24691254601315
cnn,118,wpd_mae,229.32859705785154
cnn,118,wpd_rmse,383.2124578152259
cnn,118,wpd_w1,56.467112516845894
cnn,118,psd_log_l2,0.6233160165956393
cnn,118,psd_slope_gt,2.4028776905713585
cnn,118,psd_slope_sr,1.1983582563242874
cnn,118,psd_slope_delta,-1.204519434247071
cnn,118,psd_slope_abs_delta,1.204519434247071
cnn,118,grad_mae,0.33446042034755985
cnn,118,grad_w1,0.2342932031501283
cnn,118,grad_kurtosis_gt,15.276077226999792
cnn,118,grad_kurtosis_sr,12.95329703578988
cnn,118,grad_kurtosis_delta,-2.3227801912099117
cnn,118,grad_kurtosis_abs_delta,2.3227801912099117
cnn,118,exceed_frac_gt_t5,0.92256
cnn,118,exceed_frac_sr_t5,0.93056
cnn,118,exceed_frac_delta_t5,0.008000000000000007
cnn,118,exceed_frac_abs_delta_t5,0.008000000000000007
cnn,118,exceed_frac_gt_t10,0.5093
cnn,118,exceed_frac_sr_t10,0.48764
cnn,118,exceed_frac_delta_t10,-0.021659999999999957
cnn,118,exceed_frac_abs_delta_t10,0.021659999999999957
cnn,118,exceed_frac_gt_t15,0.182984
cnn,118,exceed_frac_sr_t15,0.17374
cnn,118,exceed_frac_delta_t15,-0.009244000000000002
cnn,118,exceed_frac_abs_delta_t15,0.009244000000000002
cnn,118,exceed_frac_gt_p90,0.1
cnn,118,exceed_frac_sr_p90,0.092828
cnn,118,exceed_frac_delta_p90,-0.007172000000000012
cnn,118,exceed_frac_abs_delta_p90,0.007172000000000012
cnn,118,exceed_frac_gt_p95,0.05
cnn,118,exceed_frac_sr_p95,0.03986
cnn,118,exceed_frac_delta_p95,-0.010140000000000003
cnn,118,exceed_frac_abs_delta_p95,0.010140000000000003
cnn,118,exceed_frac_gt_p99,0.01
cnn,118,exceed_frac_sr_p99,0.006132
cnn,118,exceed_frac_delta_p99,-0.003868
cnn,118,exceed_frac_abs_delta_p99,0.003868
cnn,118,pd_distance,27.925806328570985
cnn,118,mt_distance,6.84329080581665
cnn,118,ssim,0.5853643600377885
cnn,119,psnr,30.43036359868084
cnn,119,wpd_bias,-52.367575661143505
cnn,119,wpd_mae,232.98110328323406
cnn,119,wpd_rmse,390.97282903315624
cnn,119,wpd_w1,59.38184518276629
cnn,119,psd_log_l2,0.5709677569458942
cnn,119,psd_slope_gt,2.138772799619028
cnn,119,psd_slope_sr,1.0115457462314859
cnn,119,psd_slope_delta,-1.1272270533875424
cnn,119,psd_slope_abs_delta,1.1272270533875424
cnn,119,grad_mae,0.33571499471811567
cnn,119,grad_w1,0.2355764020031901
cnn,119,grad_kurtosis_gt,14.040633301305743
cnn,119,grad_kurtosis_sr,13.726389601934363
cnn,119,grad_kurtosis_delta,-0.31424369937137975
cnn,119,grad_kurtosis_abs_delta,0.31424369937137975
cnn,119,exceed_frac_gt_t5,0.913044
cnn,119,exceed_frac_sr_t5,0.921544
cnn,119,exceed_frac_delta_t5,0.008500000000000063
cnn,119,exceed_frac_abs_delta_t5,0.008500000000000063
cnn,119,exceed_frac_gt_t10,0.55378
cnn,119,exceed_frac_sr_t10,0.531672
cnn,119,exceed_frac_delta_t10,-0.022108000000000017
cnn,119,exceed_frac_abs_delta_t10,0.022108000000000017
cnn,119,exceed_frac_gt_t15,0.185688
cnn,119,exceed_frac_sr_t15,0.178712
cnn,119,exceed_frac_delta_t15,-0.006975999999999982
cnn,119,exceed_frac_abs_delta_t15,0.006975999999999982
cnn,119,exceed_frac_gt_p90,0.1
cnn,119,exceed_frac_sr_p90,0.091592
cnn,119,exceed_frac_delta_p90,-0.008407999999999999
cnn,119,exceed_frac_abs_delta_p90,0.008407999999999999
cnn,119,exceed_frac_gt_p95,0.05
cnn,119,exceed_frac_sr_p95,0.041764
cnn,119,exceed_frac_delta_p95,-0.008236
cnn,119,exceed_frac_abs_delta_p95,0.008236
cnn,119,exceed_frac_gt_p99,0.01
cnn,119,exceed_frac_sr_p99,0.004796
cnn,119,exceed_frac_delta_p99,-0.005204
cnn,119,exceed_frac_abs_delta_p99,0.005204
cnn,119,pd_distance,27.187847892928154
cnn,119,mt_distance,5.218785285949707
cnn,119,ssim,0.5576094368866232
cnn,120,psnr,29.872554228604738
cnn,120,wpd_bias,-54.59872972223746
cnn,120,wpd_mae,241.29944817581048
cnn,120,wpd_rmse,402.7022422288258
cnn,120,wpd_w1,62.153370020390085
cnn,120,psd_log_l2,0.5139931822181151
cnn,120,psd_slope_gt,1.8271397891062162
cnn,120,psd_slope_sr,0.7288586642228919
cnn,120,psd_slope_delta,-1.0982811248833242
cnn,120,psd_slope_abs_delta,1.0982811248833242
cnn,120,grad_mae,0.3382016856093417
cnn,120,grad_w1,0.23682892003560702
cnn,120,grad_kurtosis_gt,15.608537130845948
cnn,120,grad_kurtosis_sr,13.421994581946393
cnn,120,grad_kurtosis_delta,-2.1865425488995545
cnn,120,grad_kurtosis_abs_delta,2.1865425488995545
cnn,120,exceed_frac_gt_t5,0.909956
cnn,120,exceed_frac_sr_t5,0.917492
cnn,120,exceed_frac_delta_t5,0.007535999999999987
cnn,120,exceed_frac_abs_delta_t5,0.007535999999999987
cnn,120,exceed_frac_gt_t10,0.596408
cnn,120,exceed_frac_sr_t10,0.58664
cnn,120,exceed_frac_delta_t10,-0.009767999999999999
cnn,120,exceed_frac_abs_delta_t10,0.009767999999999999
cnn,120,exceed_frac_gt_t15,0.187684
cnn,120,exceed_frac_sr_t15,0.180176
cnn,120,exceed_frac_delta_t15,-0.007507999999999987
cnn,120,exceed_frac_abs_delta_t15,0.007507999999999987
cnn,120,exceed_frac_gt_p90,0.1
cnn,120,exceed_frac_sr_p90,0.092736
cnn,120,exceed_frac_delta_p90,-0.0072640000000000066
cnn,120,exceed_frac_abs_delta_p90,0.0072640000000000066
cnn,120,exceed_frac_gt_p95,0.05
cnn,120,exceed_frac_sr_p95,0.041696
cnn,120,exceed_frac_delta_p95,-0.008304000000000006
cnn,120,exceed_frac_abs_delta_p95,0.008304000000000006
cnn,120,exceed_frac_gt_p99,0.01
cnn,120,exceed_frac_sr_p99,0.003604
cnn,120,exceed_frac_delta_p99,-0.006396000000000001
cnn,120,exceed_frac_abs_delta_p99,0.006396000000000001
cnn,120,pd_distance,28.146732976702577
cnn,120,mt_distance,4.889072418212891
cnn,120,ssim,0.5631353842148503
cnn,121,psnr,29.255150816114046
cnn,121,wpd_bias,-55.45921299743735
cnn,121,wpd_mae,249.6108716465464
cnn,121,wpd_rmse,411.79087692555754
cnn,121,wpd_w1,62.39005113529967
cnn,121,psd_log_l2,0.5020473039214008
cnn,121,psd_slope_gt,1.5422565884057362
cnn,121,psd_slope_sr,0.6019329351645587
cnn,121,psd_slope_delta,-0.9403236532411775
cnn,121,psd_slope_abs_delta,0.9403236532411775
cnn,121,grad_mae,0.33688904233320444
cnn,121,grad_w1,0.23932626459025055
cnn,121,grad_kurtosis_gt,13.494882949295075
cnn,121,grad_kurtosis_sr,12.977255768246714
cnn,121,grad_kurtosis_delta,-0.5176271810483613
cnn,121,grad_kurtosis_abs_delta,0.5176271810483613
cnn,121,exceed_frac_gt_t5,0.911144
cnn,121,exceed_frac_sr_t5,0.917384
cnn,121,exceed_frac_delta_t5,0.006240000000000023
cnn,121,exceed_frac_abs_delta_t5,0.006240000000000023
cnn,121,exceed_frac_gt_t10,0.619796
cnn,121,exceed_frac_sr_t10,0.612536
cnn,121,exceed_frac_delta_t10,-0.007260000000000044
cnn,121,exceed_frac_abs_delta_t10,0.007260000000000044
cnn,121,exceed_frac_gt_t15,0.189976
cnn,121,exceed_frac_sr_t15,0.174292
cnn,121,exceed_frac_delta_t15,-0.015684000000000003
cnn,121,exceed_frac_abs_delta_t15,0.015684000000000003
cnn,121,exceed_frac_gt_p90,0.1
cnn,121,exceed_frac_sr_p90,0.094696
cnn,121,exceed_frac_delta_p90,-0.005304000000000003
cnn,121,exceed_frac_abs_delta_p90,0.005304000000000003
cnn,121,exceed_frac_gt_p95,0.05
cnn,121,exceed_frac_sr_p95,0.039224
cnn,121,exceed_frac_delta_p95,-0.010776
cnn,121,exceed_frac_abs_delta_p95,0.010776
cnn,121,exceed_frac_gt_p99,0.01
cnn,121,exceed_frac_sr_p99,0.006664
cnn,121,exceed_frac_delta_p99,-0.0033360000000000004
cnn,121,exceed_frac_abs_delta_p99,0.0033360000000000004
cnn,121,pd_distance,29.135888828595842
cnn,121,mt_distance,5.373913288116455
cnn,121,ssim,0.5573312184577388
cnn,122,psnr,29.475967731375373
cnn,122,wpd_bias,-54.147882649730704
cnn,122,wpd_mae,252.37935605586932
cnn,122,wpd_rmse,406.86092543566497
cnn,122,wpd_w1,60.99317553504668
cnn,122,psd_log_l2,0.4636750281846102
cnn,122,psd_slope_gt,1.447192335273558
cnn,122,psd_slope_sr,0.5292510006723984
cnn,122,psd_slope_delta,-0.9179413346011597
cnn,122,psd_slope_abs_delta,0.9179413346011597
cnn,122,grad_mae,0.33296904110795034
cnn,122,grad_w1,0.22725154734981245
cnn,122,grad_kurtosis_gt,13.13327209479545
cnn,122,grad_kurtosis_sr,12.824412631827885
cnn,122,grad_kurtosis_delta,-0.3088594629675647
cnn,122,grad_kurtosis_abs_delta,0.3088594629675647
cnn,122,exceed_frac_gt_t5,0.91018
cnn,122,exceed_frac_sr_t5,0.91598
cnn,122,exceed_frac_delta_t5,0.005800000000000027
cnn,122,exceed_frac_abs_delta_t5,0.005800000000000027
cnn,122,exceed_frac_gt_t10,0.639764
cnn,122,exceed_frac_sr_t10,0.635104
cnn,122,exceed_frac_delta_t10,-0.0046599999999999975
cnn,122,exceed_frac_abs_delta_t10,0.0046599999999999975
cnn,122,exceed_frac_gt_t15,0.20568
cnn,122,exceed_frac_sr_t15,0.188596
cnn,122,exceed_frac_delta_t15,-0.017083999999999988
cnn,122,exceed_frac_abs_delta_t15,0.017083999999999988
cnn,122,exceed_frac_gt_p90,0.1
cnn,122,exceed_frac_sr_p90,0.096028
cnn,122,exceed_frac_delta_p90,-0.003972000000000003
cnn,122,exceed_frac_abs_delta_p90,0.003972000000000003
cnn,122,exceed_frac_gt_p95,0.05
cnn,122,exceed_frac_sr_p95,0.040984
cnn,122,exceed_frac_delta_p95,-0.009016000000000003
cnn,122,exceed_frac_abs_delta_p95,0.009016000000000003
cnn,122,exceed_frac_gt_p99,0.01
cnn,122,exceed_frac_sr_p99,0.004076
cnn,122,exceed_frac_delta_p99,-0.0059240000000000004
cnn,122,exceed_frac_abs_delta_p99,0.0059240000000000004
cnn,122,pd_distance,28.017758663142306
cnn,122,mt_distance,5.264456272125244
cnn,122,ssim,0.5644784202373991
cnn,123,psnr,29.902756672682617
cnn,123,wpd_bias,-55.67666723515506
cnn,123,wpd_mae,252.9270353754735
cnn,123,wpd_rmse,402.02838970700736
cnn,123,wpd_w1,63.6555248466244
cnn,123,psd_log_l2,0.46991760478408334
cnn,123,psd_slope_gt,1.3276385751160749
cnn,123,psd_slope_sr,0.44618485888890363
cnn,123,psd_slope_delta,-0.8814537162271712
cnn,123,psd_slope_abs_delta,0.8814537162271712
cnn,123,grad_mae,0.331067616353236
cnn,123,grad_w1,0.23169533932179864
cnn,123,grad_kurtosis_gt,13.066719807886246
cnn,123,grad_kurtosis_sr,12.18080622497205
cnn,123,grad_kurtosis_delta,-0.8859135829141955
cnn,123,grad_kurtosis_abs_delta,0.8859135829141955
cnn,123,exceed_frac_gt_t5,0.909328
cnn,123,exceed_frac_sr_t5,0.914364
cnn,123,exceed_frac_delta_t5,0.005035999999999929
cnn,123,exceed_frac_abs_delta_t5,0.005035999999999929
cnn,123,exceed_frac_gt_t10,0.665172
cnn,123,exceed_frac_sr_t10,0.66012
cnn,123,exceed_frac_delta_t10,-0.005051999999999945
cnn,123,exceed_frac_abs_delta_t10,0.005051999999999945
cnn,123,exceed_frac_gt_t15,0.228052
cnn,123,exceed_frac_sr_t15,0.217844
cnn,123,exceed_frac_delta_t15,-0.010207999999999995
cnn,123,exceed_frac_abs_delta_t15,0.010207999999999995
cnn,123,exceed_frac_gt_p90,0.1
cnn,123,exceed_frac_sr_p90,0.0907
cnn,123,exceed_frac_delta_p90,-0.009300000000000003
cnn,123,exceed_frac_abs_delta_p90,0.009300000000000003
cnn,123,exceed_frac_gt_p95,0.05
cnn,123,exceed_frac_sr_p95,0.03816
cnn,123,exceed_frac_delta_p95,-0.011840000000000003
cnn,123,exceed_frac_abs_delta_p95,0.011840000000000003
cnn,123,exceed_frac_gt_p99,0.01
cnn,123,exceed_frac_sr_p99,0.003232
cnn,123,exceed_frac_delta_p99,-0.006768
cnn,123,exceed_frac_abs_delta_p99,0.006768
cnn,123,pd_distance,29.152924001075785
cnn,123,mt_distance,6.196282386779785
cnn,123,ssim,0.542627678338953
cnn,124,psnr,30.321227856363244
cnn,124,wpd_bias,-57.01347856102048
cnn,124,wpd_mae,264.848270148093
cnn,124,wpd_rmse,417.8628244176423
cnn,124,wpd_w1,65.5986926128819
cnn,124,psd_log_l2,0.46974145537450723
cnn,124,psd_slope_gt,1.2477450906372733
cnn,124,psd_slope_sr,0.4443726300838163
cnn,124,psd_slope_delta,-0.8033724605534571
cnn,124,psd_slope_abs_delta,0.8033724605534571
cnn,124,grad_mae,0.33025656909486223
cnn,124,grad_w1,0.23229553434851158
cnn,124,grad_kurtosis_gt,13.409004349790742
cnn,124,grad_kurtosis_sr,13.858852558344196
cnn,124,grad_kurtosis_delta,0.44984820855345475
cnn,124,grad_kurtosis_abs_delta,0.44984820855345475
cnn,124,exceed_frac_gt_t5,0.907868
cnn,124,exceed_frac_sr_t5,0.91086
cnn,124,exceed_frac_delta_t5,0.0029919999999999947
cnn,124,exceed_frac_abs_delta_t5,0.0029919999999999947
cnn,124,exceed_frac_gt_t10,0.680916
cnn,124,exceed_frac_sr_t10,0.677472
cnn,124,exceed_frac_delta_t10,-0.0034440000000000026
cnn,124,exceed_frac_abs_delta_t10,0.0034440000000000026
cnn,124,exceed_frac_gt_t15,0.248032
cnn,124,exceed_frac_sr_t15,0.238004
cnn,124,exceed_frac_delta_t15,-0.010028000000000009
cnn,124,exceed_frac_abs_delta_t15,0.010028000000000009
cnn,124,exceed_frac_gt_p90,0.1
cnn,124,exceed_frac_sr_p90,0.090968
cnn,124,exceed_frac_delta_p90,-0.009032000000000012
cnn,124,exceed_frac_abs_delta_p90,0.009032000000000012
cnn,124,exceed_frac_gt_p95,0.05
cnn,124,exceed_frac_sr_p95,0.038996
cnn,124,exceed_frac_delta_p95,-0.011004
cnn,124,exceed_frac_abs_delta_p95,0.011004
cnn,124,exceed_frac_gt_p99,0.01
cnn,124,exceed_frac_sr_p99,0.001592
cnn,124,exceed_frac_delta_p99,-0.008408
cnn,124,exceed_frac_abs_delta_p99,0.008408
cnn,124,pd_distance,28.184626374879375
cnn,124,mt_distance,6.166434288024902
cnn,124,ssim,0.5475642579814741
cnn,125,psnr,30.051277592730706
cnn,125,wpd_bias,-56.13790811806122
cnn,125,wpd_mae,273.9019885074214
cnn,125,wpd_rmse,427.9662748651571
cnn,125,wpd_w1,68.51967560647886
cnn,125,psd_log_l2,0.4733083743933057
cnn,125,psd_slope_gt,1.3292063391943603
cnn,125,psd_slope_sr,0.5121010552496986
cnn,125,psd_slope_delta,-0.8171052839446616
cnn,125,psd_slope_abs_delta,0.8171052839446616
cnn,125,grad_mae,0.33113711581454247
cnn,125,grad_w1,0.22851128451072503
cnn,125,grad_kurtosis_gt,13.957858602880808
cnn,125,grad_kurtosis_sr,12.152497816423155
cnn,125,grad_kurtosis_delta,-1.805360786457653
cnn,125,grad_kurtosis_abs_delta,1.805360786457653
cnn,125,exceed_frac_gt_t5,0.911408
cnn,125,exceed_frac_sr_t5,0.914036
cnn,125,exceed_frac_delta_t5,0.0026279999999999637
cnn,125,exceed_frac_abs_delta_t5,0.0026279999999999637
cnn,125,exceed_frac_gt_t10,0.690376
cnn,125,exceed_frac_sr_t10,0.69126
cnn,125,exceed_frac_delta_t10,0.0008839999999999959
cnn,125,exceed_frac_abs_delta_t10,0.0008839999999999959
cnn,125,exceed_frac_gt_t15,0.268312
cnn,125,exceed_frac_sr_t15,0.261116
cnn,125,exceed_frac_delta_t15,-0.00719599999999998
cnn,125,exceed_frac_abs_delta_t15,0.00719599999999998
cnn,125,exceed_frac_gt_p90,0.1
cnn,125,exceed_frac_sr_p90,0.088596
cnn,125,exceed_frac_delta_p90,-0.011404000000000011
cnn,125,exceed_frac_abs_delta_p90,0.011404000000000011
cnn,125,exceed_frac_gt_p95,0.05
cnn,125,exceed_frac_sr_p95,0.038568
cnn,125,exceed_frac_delta_p95,-0.011432000000000005
cnn,125,exceed_frac_abs_delta_p95,0.011432000000000005
cnn,125,exceed_frac_gt_p99,0.01
cnn,125,exceed_frac_sr_p99,0.0033
cnn,125,exceed_frac_delta_p99,-0.0067
cnn,125,exceed_frac_abs_delta_p99,0.0067
cnn,125,pd_distance,28.43981263564626
cnn,125,mt_distance,5.748098373413086
cnn,125,ssim,0.5483949437417253
cnn,126,psnr,30.6097903547661
cnn,126,wpd_bias,-65.36837152088376
cnn,126,wpd_mae,283.69151540565935
cnn,126,wpd_rmse,448.74884313520744
cnn,126,wpd_w1,76.61583927002994
cnn,126,psd_log_l2,0.539436721854995
cnn,126,psd_slope_gt,1.6033758786833776
cnn,126,psd_slope_sr,0.6705198432331719
cnn,126,psd_slope_delta,-0.9328560354502057
cnn,126,psd_slope_abs_delta,0.9328560354502057
cnn,126,grad_mae,0.3325958376722633
cnn,126,grad_w1,0.23005429712875228
cnn,126,grad_kurtosis_gt,13.248735770585899
cnn,126,grad_kurtosis_sr,13.66914663643895
cnn,126,grad_kurtosis_delta,0.4204108658530501
cnn,126,grad_kurtosis_abs_delta,0.4204108658530501
cnn,126,exceed_frac_gt_t5,0.916108
cnn,126,exceed_frac_sr_t5,0.920828
cnn,126,exceed_frac_delta_t5,0.0047199999999999465
cnn,126,exceed_frac_abs_delta_t5,0.0047199999999999465
cnn,126,exceed_frac_gt_t10,0.695312
cnn,126,exceed_frac_sr_t10,0.692816
cnn,126,exceed_frac_delta_t10,-0.0024960000000000537
cnn,126,exceed_frac_abs_delta_t10,0.0024960000000000537
cnn,126,exceed_frac_gt_t15,0.279492
cnn,126,exceed_frac_sr_t15,0.268912
cnn,126,exceed_frac_delta_t15,-0.010580000000000034
cnn,126,exceed_frac_abs_delta_t15,0.010580000000000034
cnn,126,exceed_frac_gt_p90,0.1
cnn,126,exceed_frac_sr_p90,0.087088
cnn,126,exceed_frac_delta_p90,-0.012912000000000007
cnn,126,exceed_frac_abs_delta_p90,0.012912000000000007
cnn,126,exceed_frac_gt_p95,0.05
cnn,126,exceed_frac_sr_p95,0.028748
cnn,126,exceed_frac_delta_p95,-0.021252000000000004
cnn,126,exceed_frac_abs_delta_p95,0.021252000000000004
cnn,126,exceed_frac_gt_p99,0.01
cnn,126,exceed_frac_sr_p99,0.004432
cnn,126,exceed_frac_delta_p99,-0.005568
cnn,126,exceed_frac_abs_delta_p99,0.005568
cnn,126,pd_distance,28.023492407781937
cnn,126,mt_distance,4.992148399353027
cnn,126,ssim,0.5619816551767846
cnn,127,psnr,30.47437123406815
cnn,127,wpd_bias,-59.57994352951647
cnn,127,wpd_mae,303.97099407448957
cnn,127,wpd_rmse,490.5455520828082
cnn,127,wpd_w1,73.59298946954067
cnn,127,psd_log_l2,0.5489204103906828
cnn,127,psd_slope_gt,1.6475694843330406
cnn,127,psd_slope_sr,0.6679671168125818
cnn,127,psd_slope_delta,-0.9796023675204588
cnn,127,psd_slope_abs_delta,0.9796023675204588
cnn,127,grad_mae,0.3352966381147169
cnn,127,grad_w1,0.226422814865611
cnn,127,grad_kurtosis_gt,13.904757442146803
cnn,127,grad_kurtosis_sr,18.38108782436018
cnn,127,grad_kurtosis_delta,4.476330382213376
cnn,127,grad_kurtosis_abs_delta,4.476330382213376
cnn,127,exceed_frac_gt_t5,0.92212
cnn,127,exceed_frac_sr_t5,0.925148
cnn,127,exceed_frac_delta_t5,0.0030279999999999196
cnn,127,exceed_frac_abs_delta_t5,0.0030279999999999196
cnn,127,exceed_frac_gt_t10,0.709052
cnn,127,exceed_frac_sr_t10,0.7061
cnn,127,exceed_frac_delta_t10,-0.0029520000000000657
cnn,127,exceed_frac_abs_delta_t10,0.0029520000000000657
cnn,127,exceed_frac_gt_t15,0.28874
cnn,127,exceed_frac_sr_t15,0.278568
cnn,127,exceed_frac_delta_t15,-0.010172000000000014
cnn,127,exceed_frac_abs_delta_t15,0.010172000000000014
cnn,127,exceed_frac_gt_p90,0.1
cnn,127,exceed_frac_sr_p90,0.093088
cnn,127,exceed_frac_delta_p90,-0.0069120000000000015
cnn,127,exceed_frac_abs_delta_p90,0.0069120000000000015
cnn,127,exceed_frac_gt_p95,0.05
cnn,127,exceed_frac_sr_p95,0.04168
cnn,127,exceed_frac_delta_p95,-0.008320000000000001
cnn,127,exceed_frac_abs_delta_p95,0.008320000000000001
cnn,127,exceed_frac_gt_p99,0.01
cnn,127,exceed_frac_sr_p99,0.003848
cnn,127,exceed_frac_delta_p99,-0.006152
cnn,127,exceed_frac_abs_delta_p99,0.006152
cnn,127,pd_distance,30.000730217921266
cnn,127,mt_distance,5.114649772644043
cnn,127,ssim,0.5356254375376708
cnn,128,psnr,30.507561419352704
cnn,128,wpd_bias,-68.39987700069902
cnn,128,wpd_mae,328.0946570697326
cnn,128,wpd_rmse,541.879207447892
cnn,128,wpd_w1,83.16045686997795
cnn,128,psd_log_l2,0.6082204299473694
cnn,128,psd_slope_gt,1.579192161167967
cnn,128,psd_slope_sr,0.7937554335004837
cnn,128,psd_slope_delta,-0.7854367276674832
cnn,128,psd_slope_abs_delta,0.7854367276674832
cnn,128,grad_mae,0.34596105147456613
cnn,128,grad_w1,0.23093746289264394
cnn,128,grad_kurtosis_gt,14.744639324330674
cnn,128,grad_kurtosis_sr,19.601258488632173
cnn,128,grad_kurtosis_delta,4.856619164301499
cnn,128,grad_kurtosis_abs_delta,4.856619164301499
cnn,128,exceed_frac_gt_t5,0.927604
cnn,128,exceed_frac_sr_t5,0.929624
cnn,128,exceed_frac_delta_t5,0.0020200000000000218
cnn,128,exceed_frac_abs_delta_t5,0.0020200000000000218
cnn,128,exceed_frac_gt_t10,0.723528
cnn,128,exceed_frac_sr_t10,0.72422
cnn,128,exceed_frac_delta_t10,0.0006920000000000259
cnn,128,exceed_frac_abs_delta_t10,0.0006920000000000259
cnn,128,exceed_frac_gt_t15,0.298964
cnn,128,exceed_frac_sr_t15,0.28866
cnn,128,exceed_frac_delta_t15,-0.01030399999999998
cnn,128,exceed_frac_abs_delta_t15,0.01030399999999998
cnn,128,exceed_frac_gt_p90,0.1
cnn,128,exceed_frac_sr_p90,0.090976
cnn,128,exceed_frac_delta_p90,-0.009024000000000004
cnn,128,exceed_frac_abs_delta_p90,0.009024000000000004
cnn,128,exceed_frac_gt_p95,0.05
cnn,128,exceed_frac_sr_p95,0.04012
cnn,128,exceed_frac_delta_p95,-0.00988
cnn,128,exceed_frac_abs_delta_p95,0.00988
cnn,128,exceed_frac_gt_p99,0.01
cnn,128,exceed_frac_sr_p99,0.004532
cnn,128,exceed_frac_delta_p99,-0.005468000000000001
cnn,128,exceed_frac_abs_delta_p99,0.005468000000000001
cnn,128,pd_distance,28.391923421353447
cnn,128,mt_distance,5.476268768310547
cnn,128,ssim,0.5327403540405715
cnn,129,psnr,31.112020319963836
cnn,129,wpd_bias,-69.17163627537478
cnn,129,wpd_mae,347.8882499875358
cnn,129,wpd_rmse,567.4794552146203
cnn,129,wpd_w1,83.88909692377494
cnn,129,psd_log_l2,0.6785657615457732
cnn,129,psd_slope_gt,1.6313119454018394
cnn,129,psd_slope_sr,0.7889167348665075
cnn,129,psd_slope_delta,-0.842395210535332
cnn,129,psd_slope_abs_delta,0.842395210535332
cnn,129,grad_mae,0.35792738945059416
cnn,129,grad_w1,0.23944482643709952
cnn,129,grad_kurtosis_gt,16.416720851100305
cnn,129,grad_kurtosis_sr,23.2763264470063
cnn,129,grad_kurtosis_delta,6.859605595905997
cnn,129,grad_kurtosis_abs_delta,6.859605595905997
cnn,129,exceed_frac_gt_t5,0.929564
cnn,129,exceed_frac_sr_t5,0.932892
cnn,129,exceed_frac_delta_t5,0.0033280000000001086
cnn,129,exceed_frac_abs_delta_t5,0.0033280000000001086
cnn,129,exceed_frac_gt_t10,0.725064
cnn,129,exceed_frac_sr_t10,0.719416
cnn,129,exceed_frac_delta_t10,-0.005647999999999986
cnn,129,exceed_frac_abs_delta_t10,0.005647999999999986
cnn,129,exceed_frac_gt_t15,0.318756
cnn,129,exceed_frac_sr_t15,0.310516
cnn,129,exceed_frac_delta_t15,-0.00823999999999997
cnn,129,exceed_frac_abs_delta_t15,0.00823999999999997
cnn,129,exceed_frac_gt_p90,0.1
cnn,129,exceed_frac_sr_p90,0.09272
cnn,129,exceed_frac_delta_p90,-0.007280000000000009
cnn,129,exceed_frac_abs_delta_p90,0.007280000000000009
cnn,129,exceed_frac_gt_p95,0.05
cnn,129,exceed_frac_sr_p95,0.042596
cnn,129,exceed_frac_delta_p95,-0.007404000000000001
cnn,129,exceed_frac_abs_delta_p95,0.007404000000000001
cnn,129,exceed_frac_gt_p99,0.01
cnn,129,exceed_frac_sr_p99,0.004296
cnn,129,exceed_frac_delta_p99,-0.005704
cnn,129,exceed_frac_abs_delta_p99,0.005704
cnn,129,pd_distance,29.465245102227872
cnn,129,mt_distance,5.373117923736572
cnn,129,ssim,0.5768818623351164
cnn,130,psnr,31.33586632796905
cnn,130,wpd_bias,-76.1587506815105
cnn,130,wpd_mae,367.89418268570114
cnn,130,wpd_rmse,609.4185738301346
cnn,130,wpd_w1,93.97371873043336
cnn,130,psd_log_l2,0.7017012458730215
cnn,130,psd_slope_gt,1.7140338738221137
cnn,130,psd_slope_sr,0.8115377912764059
cnn,130,psd_slope_delta,-0.9024960825457078
cnn,130,psd_slope_abs_delta,0.9024960825457078
cnn,130,grad_mae,0.3722048839538182
cnn,130,grad_w1,0.2513191073251009
cnn,130,grad_kurtosis_gt,18.096669871327904
cnn,130,grad_kurtosis_sr,25.051523754181602
cnn,130,grad_kurtosis_delta,6.954853882853698
cnn,130,grad_kurtosis_abs_delta,6.954853882853698
cnn,130,exceed_frac_gt_t5,0.936988
cnn,130,exceed_frac_sr_t5,0.940464
cnn,130,exceed_frac_delta_t5,0.0034759999999999236
cnn,130,exceed_frac_abs_delta_t5,0.0034759999999999236
cnn,130,exceed_frac_gt_t10,0.725716
cnn,130,exceed_frac_sr_t10,0.721412
cnn,130,exceed_frac_delta_t10,-0.0043039999999999745
cnn,130,exceed_frac_abs_delta_t10,0.0043039999999999745
cnn,130,exceed_frac_gt_t15,0.3301
cnn,130,exceed_frac_sr_t15,0.324332
cnn,130,exceed_frac_delta_t15,-0.005767999999999995
cnn,130,exceed_frac_abs_delta_t15,0.005767999999999995
cnn,130,exceed_frac_gt_p90,0.1
cnn,130,exceed_frac_sr_p90,0.09126
cnn,130,exceed_frac_delta_p90,-0.008740000000000012
cnn,130,exceed_frac_abs_delta_p90,0.008740000000000012
cnn,130,exceed_frac_gt_p95,0.05
cnn,130,exceed_frac_sr_p95,0.040244
cnn,130,exceed_frac_delta_p95,-0.009756
cnn,130,exceed_frac_abs_delta_p95,0.009756
cnn,130,exceed_frac_gt_p99,0.01
cnn,130,exceed_frac_sr_p99,0.005268
cnn,130,exceed_frac_delta_p99,-0.004732
cnn,130,exceed_frac_abs_delta_p99,0.004732
cnn,130,pd_distance,30.27324308013254
cnn,130,mt_distance,5.609683513641357
cnn,130,ssim,0.578102974028187
cnn,131,psnr,31.380336354373057
cnn,131,wpd_bias,-77.18345219629555
cnn,131,wpd_mae,394.3154103389451
cnn,131,wpd_rmse,635.8938490514463
cnn,131,wpd_w1,96.07849622256765
cnn,131,psd_log_l2,0.8529033841987363
cnn,131,psd_slope_gt,1.818778592068076
cnn,131,psd_slope_sr,1.0058099394489277
cnn,131,psd_slope_delta,-0.8129686526191482
cnn,131,psd_slope_abs_delta,0.8129686526191482
cnn,131,grad_mae,0.3919248256056496
cnn,131,grad_w1,0.2550852353853623
cnn,131,grad_kurtosis_gt,19.348825623571486
cnn,131,grad_kurtosis_sr,26.556215055107053
cnn,131,grad_kurtosis_delta,7.207389431535567
cnn,131,grad_kurtosis_abs_delta,7.207389431535567
cnn,131,exceed_frac_gt_t5,0.94712
cnn,131,exceed_frac_sr_t5,0.951804
cnn,131,exceed_frac_delta_t5,0.0046840000000000215
cnn,131,exceed_frac_abs_delta_t5,0.0046840000000000215
cnn,131,exceed_frac_gt_t10,0.731148
cnn,131,exceed_frac_sr_t10,0.73238
cnn,131,exceed_frac_delta_t10,0.0012320000000000109
cnn,131,exceed_frac_abs_delta_t10,0.0012320000000000109
cnn,131,exceed_frac_gt_t15,0.33826
cnn,131,exceed_frac_sr_t15,0.329496
cnn,131,exceed_frac_delta_t15,-0.008763999999999994
cnn,131,exceed_frac_abs_delta_t15,0.008763999999999994
cnn,131,exceed_frac_gt_p90,0.1
cnn,131,exceed_frac_sr_p90,0.086544
cnn,131,exceed_frac_delta_p90,-0.01345600000000001
cnn,131,exceed_frac_abs_delta_p90,0.01345600000000001
cnn,131,exceed_frac_gt_p95,0.05
cnn,131,exceed_frac_sr_p95,0.036304
cnn,131,exceed_frac_delta_p95,-0.013696
cnn,131,exceed_frac_abs_delta_p95,0.013696
cnn,131,exceed_frac_gt_p99,0.01
cnn,131,exceed_frac_sr_p99,0.007572
cnn,131,exceed_frac_delta_p99,-0.0024280000000000005
cnn,131,exceed_frac_abs_delta_p99,0.0024280000000000005
cnn,131,pd_distance,33.0539968727652
cnn,131,mt_distance,6.2030792236328125
cnn,131,ssim,0.591905800155085
cnn,132,psnr,31.346967209266605
cnn,132,wpd_bias,-83.9885897933212
cnn,132,wpd_mae,416.45419606420495
cnn,132,wpd_rmse,673.4702105476787
cnn,132,wpd_w1,99.24027914979997
cnn,132,psd_log_l2,0.8905460425275591
cnn,132,psd_slope_gt,1.8037943394664662
cnn,132,psd_slope_sr,1.1139434447811383
cnn,132,psd_slope_delta,-0.6898508946853279
cnn,132,psd_slope_abs_delta,0.6898508946853279
cnn,132,grad_mae,0.40683914956673795
cnn,132,grad_w1,0.262244706785073
cnn,132,grad_kurtosis_gt,19.93294606923691
cnn,132,grad_kurtosis_sr,23.149045064448877
cnn,132,grad_kurtosis_delta,3.2160989952119685
cnn,132,grad_kurtosis_abs_delta,3.2160989952119685
cnn,132,exceed_frac_gt_t5,0.955072
cnn,132,exceed_frac_sr_t5,0.960908
cnn,132,exceed_frac_delta_t5,0.005835999999999952
cnn,132,exceed_frac_abs_delta_t5,0.005835999999999952
cnn,132,exceed_frac_gt_t10,0.73138
cnn,132,exceed_frac_sr_t10,0.730372
cnn,132,exceed_frac_delta_t10,-0.0010080000000000089
cnn,132,exceed_frac_abs_delta_t10,0.0010080000000000089
cnn,132,exceed_frac_gt_t15,0.347748
cnn,132,exceed_frac_sr_t15,0.337
cnn,132,exceed_frac_delta_t15,-0.01074799999999998
cnn,132,exceed_frac_abs_delta_t15,0.01074799999999998
cnn,132,exceed_frac_gt_p90,0.1
cnn,132,exceed_frac_sr_p90,0.07952
cnn,132,exceed_frac_delta_p90,-0.020480000000000012
cnn,132,exceed_frac_abs_delta_p90,0.020480000000000012
cnn,132,exceed_frac_gt_p95,0.05
cnn,132,exceed_frac_sr_p95,0.035748
cnn,132,exceed_frac_delta_p95,-0.014252
cnn,132,exceed_frac_abs_delta_p95,0.014252
cnn,132,exceed_frac_gt_p99,0.01
cnn,132,exceed_frac_sr_p99,0.00488
cnn,132,exceed_frac_delta_p99,-0.00512
cnn,132,exceed_frac_abs_delta_p99,0.00512
cnn,132,pd_distance,33.926806040190684
cnn,132,mt_distance,6.331444263458252
cnn,132,ssim,0.586556664784444
cnn,133,psnr,30.891021696610593
cnn,133,wpd_bias,-84.61328794524789
cnn,133,wpd_mae,433.78363483475005
cnn,133,wpd_rmse,716.8426648748431
cnn,133,wpd_w1,103.66214047499906
cnn,133,psd_log_l2,0.9804844741751549
cnn,133,psd_slope_gt,1.8212350564580608
cnn,133,psd_slope_sr,1.351658904934164
cnn,133,psd_slope_delta,-0.46957615152389676
cnn,133,psd_slope_abs_delta,0.46957615152389676
cnn,133,grad_mae,0.41954440820909006
cnn,133,grad_w1,0.2638375621635868
cnn,133,grad_kurtosis_gt,20.52256534305453
cnn,133,grad_kurtosis_sr,23.58245631516817
cnn,133,grad_kurtosis_delta,3.0598909721136387
cnn,133,grad_kurtosis_abs_delta,3.0598909721136387
cnn,133,exceed_frac_gt_t5,0.966476
cnn,133,exceed_frac_sr_t5,0.9722
cnn,133,exceed_frac_delta_t5,0.005723999999999951
cnn,133,exceed_frac_abs_delta_t5,0.005723999999999951
cnn,133,exceed_frac_gt_t10,0.729336
cnn,133,exceed_frac_sr_t10,0.727008
cnn,133,exceed_frac_delta_t10,-0.0023279999999999967
cnn,133,exceed_frac_abs_delta_t10,0.0023279999999999967
cnn,133,exceed_frac_gt_t15,0.363684
cnn,133,exceed_frac_sr_t15,0.351904
cnn,133,exceed_frac_delta_t15,-0.011780000000000013
cnn,133,exceed_frac_abs_delta_t15,0.011780000000000013
cnn,133,exceed_frac_gt_p90,0.1
cnn,133,exceed_frac_sr_p90,0.085064
cnn,133,exceed_frac_delta_p90,-0.014936000000000005
cnn,133,exceed_frac_abs_delta_p90,0.014936000000000005
cnn,133,exceed_frac_gt_p95,0.05
cnn,133,exceed_frac_sr_p95,0.034808
cnn,133,exceed_frac_delta_p95,-0.015192000000000004
cnn,133,exceed_frac_abs_delta_p95,0.015192000000000004
cnn,133,exceed_frac_gt_p99,0.01
cnn,133,exceed_frac_sr_p99,0.004576
cnn,133,exceed_frac_delta_p99,-0.005424
cnn,133,exceed_frac_abs_delta_p99,0.005424
cnn,133,pd_distance,34.52507377701583
cnn,133,mt_distance,6.299666404724121
cnn,133,ssim,0.6055690522843549
cnn,134,psnr,31.123944011982832
cnn,134,wpd_bias,-69.55268580634407
cnn,134,wpd_mae,422.6025451981469
cnn,134,wpd_rmse,715.0239722843235
cnn,134,wpd_w1,85.07142025042984
cnn,134,psd_log_l2,1.098548472595873
cnn,134,psd_slope_gt,1.7388810344583978
cnn,134,psd_slope_sr,1.5903542895212923
cnn,134,psd_slope_delta,-0.1485267449371055
cnn,134,psd_slope_abs_delta,0.1485267449371055
cnn,134,grad_mae,0.39723463117835434
cnn,134,grad_w1,0.24502196553819686
cnn,134,grad_kurtosis_gt,22.857589274237995
cnn,134,grad_kurtosis_sr,27.476346312597656
cnn,134,grad_kurtosis_delta,4.618757038359661
cnn,134,grad_kurtosis_abs_delta,4.618757038359661
cnn,134,exceed_frac_gt_t5,0.969428
cnn,134,exceed_frac_sr_t5,0.977084
cnn,134,exceed_frac_delta_t5,0.007655999999999996
cnn,134,exceed_frac_abs_delta_t5,0.007655999999999996
cnn,134,exceed_frac_gt_t10,0.702408
cnn,134,exceed_frac_sr_t10,0.702264
cnn,134,exceed_frac_delta_t10,-0.000144000000000033
cnn,134,exceed_frac_abs_delta_t10,0.000144000000000033
cnn,134,exceed_frac_gt_t15,0.371744
cnn,134,exceed_frac_sr_t15,0.360452
cnn,134,exceed_frac_delta_t15,-0.011292000000000024
cnn,134,exceed_frac_abs_delta_t15,0.011292000000000024
cnn,134,exceed_frac_gt_p90,0.1
cnn,134,exceed_frac_sr_p90,0.091084
cnn,134,exceed_frac_delta_p90,-0.008916000000000007
cnn,134,exceed_frac_abs_delta_p90,0.008916000000000007
cnn,134,exceed_frac_gt_p95,0.05
cnn,134,exceed_frac_sr_p95,0.043708
cnn,134,exceed_frac_delta_p95,-0.006292000000000006
cnn,134,exceed_frac_abs_delta_p95,0.006292000000000006
cnn,134,exceed_frac_gt_p99,0.01
cnn,134,exceed_frac_sr_p99,0.003568
cnn,134,exceed_frac_delta_p99,-0.006432
cnn,134,exceed_frac_abs_delta_p99,0.006432
cnn,134,pd_distance,32.518921837890055
cnn,134,mt_distance,7.141453742980957
cnn,134,ssim,0.61810316282298
cnn,135,psnr,31.63724620902093
cnn,135,wpd_bias,-66.70807825474579
cnn,135,wpd_mae,391.7814112442872
cnn,135,wpd_rmse,666.4455334066091
cnn,135,wpd_w1,77.4897117666431
cnn,135,psd_log_l2,0.9747790751483064
cnn,135,psd_slope_gt,1.803240662182568
cnn,135,psd_slope_sr,1.4056647312792947
cnn,135,psd_slope_delta,-0.39757593090327337
cnn,135,psd_slope_abs_delta,0.39757593090327337
cnn,135,grad_mae,0.3641170515778317
cnn,135,grad_w1,0.22406926842120373
cnn,135,grad_kurtosis_gt,26.16763430024928
cnn,135,grad_kurtosis_sr,30.01471274909661
cnn,135,grad_kurtosis_delta,3.8470784488473306
cnn,135,grad_kurtosis_abs_delta,3.8470784488473306
cnn,135,exceed_frac_gt_t5,0.964336
cnn,135,exceed_frac_sr_t5,0.967244
cnn,135,exceed_frac_delta_t5,0.0029080000000000217
cnn,135,exceed_frac_abs_delta_t5,0.0029080000000000217
cnn,135,exceed_frac_gt_t10,0.681544
cnn,135,exceed_frac_sr_t10,0.680848
cnn,135,exceed_frac_delta_t10,-0.0006960000000000299
cnn,135,exceed_frac_abs_delta_t10,0.0006960000000000299
cnn,135,exceed_frac_gt_t15,0.353852
cnn,135,exceed_frac_sr_t15,0.345328
cnn,135,exceed_frac_delta_t15,-0.008523999999999976
cnn,135,exceed_frac_abs_delta_t15,0.008523999999999976
cnn,135,exceed_frac_gt_p90,0.1
cnn,135,exceed_frac_sr_p90,0.089172
cnn,135,exceed_frac_delta_p90,-0.010828000000000004
cnn,135,exceed_frac_abs_delta_p90,0.010828000000000004
cnn,135,exceed_frac_gt_p95,0.05
cnn,135,exceed_frac_sr_p95,0.040536
cnn,135,exceed_frac_delta_p95,-0.009464
cnn,135,exceed_frac_abs_delta_p95,0.009464
cnn,135,exceed_frac_gt_p99,0.01
cnn,135,exceed_frac_sr_p99,0.0057
cnn,135,exceed_frac_delta_p99,-0.0043
cnn,135,exceed_frac_abs_delta_p99,0.0043
cnn,135,pd_distance,29.944179549584543
cnn,135,mt_distance,6.298990726470947
cnn,135,ssim,0.6334928377698261
cnn,136,psnr,31.485271708569652
cnn,136,wpd_bias,-63.58347108319092
cnn,136,wpd_mae,395.5528347927717
cnn,136,wpd_rmse,663.0805748890022
cnn,136,wpd_w1,78.08305306505645
cnn,136,psd_log_l2,0.8805705809758952
cnn,136,psd_slope_gt,1.9224777246462654
cnn,136,psd_slope_sr,1.3120706609065316
cnn,136,psd_slope_delta,-0.6104070637397339
cnn,136,psd_slope_abs_delta,0.6104070637397339
cnn,136,grad_mae,0.34976419555133786
cnn,136,grad_w1,0.22522710584797165
cnn,136,grad_kurtosis_gt,21.964837659216478
cnn,136,grad_kurtosis_sr,26.671240064675732
cnn,136,grad_kurtosis_delta,4.706402405459254
cnn,136,grad_kurtosis_abs_delta,4.706402405459254
cnn,136,exceed_frac_gt_t5,0.972756
cnn,136,exceed_frac_sr_t5,0.972968
cnn,136,exceed_frac_delta_t5,0.000212000000000101
cnn,136,exceed_frac_abs_delta_t5,0.000212000000000101
cnn,136,exceed_frac_gt_t10,0.68944
cnn,136,exceed_frac_sr_t10,0.693388
cnn,136,exceed_frac_delta_t10,0.0039479999999999515
cnn,136,exceed_frac_abs_delta_t10,0.0039479999999999515
cnn,136,exceed_frac_gt_t15,0.34296
cnn,136,exceed_frac_sr_t15,0.331288
cnn,136,exceed_frac_delta_t15,-0.01167199999999996
cnn,136,exceed_frac_abs_delta_t15,0.01167199999999996
cnn,136,exceed_frac_gt_p90,0.1
cnn,136,exceed_frac_sr_p90,0.089948
cnn,136,exceed_frac_delta_p90,-0.010052000000000005
cnn,136,exceed_frac_abs_delta_p90,0.010052000000000005
cnn,136,exceed_frac_gt_p95,0.05
cnn,136,exceed_frac_sr_p95,0.041188
cnn,136,exceed_frac_delta_p95,-0.008812
cnn,136,exceed_frac_abs_delta_p95,0.008812
cnn,136,exceed_frac_gt_p99,0.01
cnn,136,exceed_frac_sr_p99,0.005244
cnn,136,exceed_frac_delta_p99,-0.004756
cnn,136,exceed_frac_abs_delta_p99,0.004756
cnn,136,pd_distance,27.83279512215704
cnn,136,mt_distance,6.232182025909424
cnn,136,ssim,0.6367631638666472
cnn,137,psnr,31.21820414019816
cnn,137,wpd_bias,-62.55067430468784
cnn,137,wpd_mae,388.0519554238934
cnn,137,wpd_rmse,645.6076031499769
cnn,137,wpd_w1,74.71549652175345
cnn,137,psd_log_l2,0.8802373514791809
cnn,137,psd_slope_gt,1.752362174102532
cnn,137,psd_slope_sr,1.072993115518613
cnn,137,psd_slope_delta,-0.6793690585839189
cnn,137,psd_slope_abs_delta,0.6793690585839189
cnn,137,grad_mae,0.3349114303322267
cnn,137,grad_w1,0.21810815571761083
cnn,137,grad_kurtosis_gt,18.5627115092084
cnn,137,grad_kurtosis_sr,29.238154857322144
cnn,137,grad_kurtosis_delta,10.675443348113745
cnn,137,grad_kurtosis_abs_delta,10.675443348113745
cnn,137,exceed_frac_gt_t5,0.984
cnn,137,exceed_frac_sr_t5,0.984976
cnn,137,exceed_frac_delta_t5,0.0009759999999999769
cnn,137,exceed_frac_abs_delta_t5,0.0009759999999999769
cnn,137,exceed_frac_gt_t10,0.6951
cnn,137,exceed_frac_sr_t10,0.69956
cnn,137,exceed_frac_delta_t10,0.0044599999999999085
cnn,137,exceed_frac_abs_delta_t10,0.0044599999999999085
cnn,137,exceed_frac_gt_t15,0.32348
cnn,137,exceed_frac_sr_t15,0.310776
cnn,137,exceed_frac_delta_t15,-0.012703999999999993
cnn,137,exceed_frac_abs_delta_t15,0.012703999999999993
cnn,137,exceed_frac_gt_p90,0.1
cnn,137,exceed_frac_sr_p90,0.092576
cnn,137,exceed_frac_delta_p90,-0.007424
cnn,137,exceed_frac_abs_delta_p90,0.007424
cnn,137,exceed_frac_gt_p95,0.05
cnn,137,exceed_frac_sr_p95,0.04062
cnn,137,exceed_frac_delta_p95,-0.00938
cnn,137,exceed_frac_abs_delta_p95,0.00938
cnn,137,exceed_frac_gt_p99,0.01
cnn,137,exceed_frac_sr_p99,0.005392
cnn,137,exceed_frac_delta_p99,-0.004608
cnn,137,exceed_frac_abs_delta_p99,0.004608
cnn,137,pd_distance,26.69652879915387
cnn,137,mt_distance,5.208233833312988
cnn,137,ssim,0.630852533048475
cnn,138,psnr,30.92311578761683
cnn,138,wpd_bias,-58.78132925655707
cnn,138,wpd_mae,371.7541179426619
cnn,138,wpd_rmse,616.8176493236684
cnn,138,wpd_w1,71.16669781110889
cnn,138,psd_log_l2,0.7901187097103797
cnn,138,psd_slope_gt,1.7435568204462626
cnn,138,psd_slope_sr,0.8705881672229961
cnn,138,psd_slope_delta,-0.8729686532232664
cnn,138,psd_slope_abs_delta,0.8729686532232664
cnn,138,grad_mae,0.32298551912571627
cnn,138,grad_w1,0.2126344251674928
cnn,138,grad_kurtosis_gt,15.497296096336054
cnn,138,grad_kurtosis_sr,26.13504817246813
cnn,138,grad_kurtosis_delta,10.637752076132077
cnn,138,grad_kurtosis_abs_delta,10.637752076132077
cnn,138,exceed_frac_gt_t5,0.99004
cnn,138,exceed_frac_sr_t5,0.991352
cnn,138,exceed_frac_delta_t5,0.0013119999999999798
cnn,138,exceed_frac_abs_delta_t5,0.0013119999999999798
cnn,138,exceed_frac_gt_t10,0.70276
cnn,138,exceed_frac_sr_t10,0.706956
cnn,138,exceed_frac_delta_t10,0.0041959999999999775
cnn,138,exceed_frac_abs_delta_t10,0.0041959999999999775
cnn,138,exceed_frac_gt_t15,0.296924
cnn,138,exceed_frac_sr_t15,0.28272
cnn,138,exceed_frac_delta_t15,-0.014203999999999994
cnn,138,exceed_frac_abs_delta_t15,0.014203999999999994
cnn,138,exceed_frac_gt_p90,0.1
cnn,138,exceed_frac_sr_p90,0.093996
cnn,138,exceed_frac_delta_p90,-0.006004000000000009
cnn,138,exceed_frac_abs_delta_p90,0.006004000000000009
cnn,138,exceed_frac_gt_p95,0.05
cnn,138,exceed_frac_sr_p95,0.03962
cnn,138,exceed_frac_delta_p95,-0.01038
cnn,138,exceed_frac_abs_delta_p95,0.01038
cnn,138,exceed_frac_gt_p99,0.01
cnn,138,exceed_frac_sr_p99,0.005032
cnn,138,exceed_frac_delta_p99,-0.004968
cnn,138,exceed_frac_abs_delta_p99,0.004968
cnn,138,pd_distance,26.265900126493325
cnn,138,mt_distance,5.562473773956299
cnn,138,ssim,0.6437300131954692
cnn,139,psnr,31.00602957517228
cnn,139,wpd_bias,-62.38881435083379
cnn,139,wpd_mae,354.8523446188955
cnn,139,wpd_rmse,592.4868670493529
cnn,139,wpd_w1,77.06660156067643
cnn,139,psd_log_l2,0.7799365532137343
cnn,139,psd_slope_gt,1.5762302720523742
cnn,139,psd_slope_sr,0.7041621364472294
cnn,139,psd_slope_delta,-0.8720681356051448
cnn,139,psd_slope_abs_delta,0.8720681356051448
cnn,139,grad_mae,0.32343991722425175
cnn,139,grad_w1,0.2122265518453533
cnn,139,grad_kurtosis_gt,15.457160992962294
cnn,139,grad_kurtosis_sr,26.579195197624298
cnn,139,grad_kurtosis_delta,11.122034204662004
cnn,139,grad_kurtosis_abs_delta,11.122034204662004
cnn,139,exceed_frac_gt_t5,0.992224
cnn,139,exceed_frac_sr_t5,0.995032
cnn,139,exceed_frac_delta_t5,0.0028080000000000327
cnn,139,exceed_frac_abs_delta_t5,0.0028080000000000327
cnn,139,exceed_frac_gt_t10,0.70486
cnn,139,exceed_frac_sr_t10,0.712748
cnn,139,exceed_frac_delta_t10,0.007888000000000006
cnn,139,exceed_frac_abs_delta_t10,0.007888000000000006
cnn,139,exceed_frac_gt_t15,0.261536
cnn,139,exceed_frac_sr_t15,0.247256
cnn,139,exceed_frac_delta_t15,-0.014279999999999987
cnn,139,exceed_frac_abs_delta_t15,0.014279999999999987
cnn,139,exceed_frac_gt_p90,0.1
cnn,139,exceed_frac_sr_p90,0.094192
cnn,139,exceed_frac_delta_p90,-0.005808000000000008
cnn,139,exceed_frac_abs_delta_p90,0.005808000000000008
cnn,139,exceed_frac_gt_p95,0.05
cnn,139,exceed_frac_sr_p95,0.044204
cnn,139,exceed_frac_delta_p95,-0.0057960000000000025
cnn,139,exceed_frac_abs_delta_p95,0.0057960000000000025
cnn,139,exceed_frac_gt_p99,0.01
cnn,139,exceed_frac_sr_p99,0.00598
cnn,139,exceed_frac_delta_p99,-0.00402
cnn,139,exceed_frac_abs_delta_p99,0.00402
cnn,139,pd_distance,25.72843674372112
cnn,139,mt_distance,5.6482439041137695
cnn,139,ssim,0.6365355982850883
cnn,140,psnr,31.172072410102334
cnn,140,wpd_bias,-54.64943038322177
cnn,140,wpd_mae,338.9875721320358
cnn,140,wpd_rmse,566.7561553392849
cnn,140,wpd_w1,69.38232268238208
cnn,140,psd_log_l2,0.8950351544978924
cnn,140,psd_slope_gt,1.6827341317282043
cnn,140,psd_slope_sr,0.6246212096893676
cnn,140,psd_slope_delta,-1.0581129220388368
cnn,140,psd_slope_abs_delta,1.0581129220388368
cnn,140,grad_mae,0.33695274429818783
cnn,140,grad_w1,0.23171608075687736
cnn,140,grad_kurtosis_gt,14.904008476823916
cnn,140,grad_kurtosis_sr,23.86268957167868
cnn,140,grad_kurtosis_delta,8.958681094854763
cnn,140,grad_kurtosis_abs_delta,8.958681094854763
cnn,140,exceed_frac_gt_t5,0.99148
cnn,140,exceed_frac_sr_t5,0.993212
cnn,140,exceed_frac_delta_t5,0.0017319999999999558
cnn,140,exceed_frac_abs_delta_t5,0.0017319999999999558
cnn,140,exceed_frac_gt_t10,0.68382
cnn,140,exceed_frac_sr_t10,0.686176
cnn,140,exceed_frac_delta_t10,0.0023560000000000247
cnn,140,exceed_frac_abs_delta_t10,0.0023560000000000247
cnn,140,exceed_frac_gt_t15,0.231336
cnn,140,exceed_frac_sr_t15,0.219016
cnn,140,exceed_frac_delta_t15,-0.012320000000000025
cnn,140,exceed_frac_abs_delta_t15,0.012320000000000025
cnn,140,exceed_frac_gt_p90,0.1
cnn,140,exceed_frac_sr_p90,0.091716
cnn,140,exceed_frac_delta_p90,-0.008284
cnn,140,exceed_frac_abs_delta_p90,0.008284
cnn,140,exceed_frac_gt_p95,0.05
cnn,140,exceed_frac_sr_p95,0.045996
cnn,140,exceed_frac_delta_p95,-0.004004000000000001
cnn,140,exceed_frac_abs_delta_p95,0.004004000000000001
cnn,140,exceed_frac_gt_p99,0.01
cnn,140,exceed_frac_sr_p99,0.006732
cnn,140,exceed_frac_delta_p99,-0.003268
cnn,140,exceed_frac_abs_delta_p99,0.003268
cnn,140,pd_distance,26.928885115678263
cnn,140,mt_distance,5.719569206237793
cnn,140,ssim,0.6182793505281245
cnn,141,psnr,30.109781156710714
cnn,141,wpd_bias,-45.80156867412811
cnn,141,wpd_mae,356.56729154979246
cnn,141,wpd_rmse,597.3958549936347
cnn,141,wpd_w1,60.83644905431235
cnn,141,psd_log_l2,1.1035019581903989
cnn,141,psd_slope_gt,1.6669566082274898
cnn,141,psd_slope_sr,0.6908749036477104
cnn,141,psd_slope_delta,-0.9760817045797794
cnn,141,psd_slope_abs_delta,0.9760817045797794
cnn,141,grad_mae,0.39568471682116174
cnn,141,grad_w1,0.2746239185289887
cnn,141,grad_kurtosis_gt,13.408491486605593
cnn,141,grad_kurtosis_sr,26.16733051684281
cnn,141,grad_kurtosis_delta,12.758839030237217
cnn,141,grad_kurtosis_abs_delta,12.758839030237217
cnn,141,exceed_frac_gt_t5,0.985072
cnn,141,exceed_frac_sr_t5,0.989728
cnn,141,exceed_frac_delta_t5,0.0046560000000001045
cnn,141,exceed_frac_abs_delta_t5,0.0046560000000001045
cnn,141,exceed_frac_gt_t10,0.662292
cnn,141,exceed_frac_sr_t10,0.664908
cnn,141,exceed_frac_delta_t10,0.0026160000000000627
cnn,141,exceed_frac_abs_delta_t10,0.0026160000000000627
cnn,141,exceed_frac_gt_t15,0.201504
cnn,141,exceed_frac_sr_t15,0.189392
cnn,141,exceed_frac_delta_t15,-0.012111999999999984
cnn,141,exceed_frac_abs_delta_t15,0.012111999999999984
cnn,141,exceed_frac_gt_p90,0.1
cnn,141,exceed_frac_sr_p90,0.092744
cnn,141,exceed_frac_delta_p90,-0.0072560000000000124
cnn,141,exceed_frac_abs_delta_p90,0.0072560000000000124
cnn,141,exceed_frac_gt_p95,0.05
cnn,141,exceed_frac_sr_p95,0.045896
cnn,141,exceed_frac_delta_p95,-0.0041040000000000035
cnn,141,exceed_frac_abs_delta_p95,0.0041040000000000035
cnn,141,exceed_frac_gt_p99,0.01
cnn,141,exceed_frac_sr_p99,0.00734
cnn,141,exceed_frac_delta_p99,-0.00266
cnn,141,exceed_frac_abs_delta_p99,0.00266
cnn,141,pd_distance,30.122683212798776
cnn,141,mt_distance,6.186624050140381
cnn,141,ssim,0.5560532569059601
cnn,142,psnr,29.474606350342587
cnn,142,wpd_bias,-50.445275270348446
cnn,142,wpd_mae,386.9416879506601
cnn,142,wpd_rmse,636.6288443760247
cnn,142,wpd_w1,72.27177930753216
cnn,142,psd_log_l2,1.322456051899556
cnn,142,psd_slope_gt,1.5329281204926184
cnn,142,psd_slope_sr,0.9349175072011926
cnn,142,psd_slope_delta,-0.5980106132914258
cnn,142,psd_slope_abs_delta,0.5980106132914258
cnn,142,grad_mae,0.4445733381180445
cnn,142,grad_w1,0.30025512953224887
cnn,142,grad_kurtosis_gt,11.984059357380639
cnn,142,grad_kurtosis_sr,14.696205185439174
cnn,142,grad_kurtosis_delta,2.712145828058535
cnn,142,grad_kurtosis_abs_delta,2.712145828058535
cnn,142,exceed_frac_gt_t5,0.985464
cnn,142,exceed_frac_sr_t5,0.993092
cnn,142,exceed_frac_delta_t5,0.007627999999999968
cnn,142,exceed_frac_abs_delta_t5,0.007627999999999968
cnn,142,exceed_frac_gt_t10,0.710576
cnn,142,exceed_frac_sr_t10,0.71524
cnn,142,exceed_frac_delta_t10,0.0046640000000000015
cnn,142,exceed_frac_abs_delta_t10,0.0046640000000000015
cnn,142,exceed_frac_gt_t15,0.190696
cnn,142,exceed_frac_sr_t15,0.175976
cnn,142,exceed_frac_delta_t15,-0.01472000000000001
cnn,142,exceed_frac_abs_delta_t15,0.01472000000000001
cnn,142,exceed_frac_gt_p90,0.1
cnn,142,exceed_frac_sr_p90,0.087752
cnn,142,exceed_frac_delta_p90,-0.012248000000000009
cnn,142,exceed_frac_abs_delta_p90,0.012248000000000009
cnn,142,exceed_frac_gt_p95,0.05
cnn,142,exceed_frac_sr_p95,0.042596
cnn,142,exceed_frac_delta_p95,-0.007404000000000001
cnn,142,exceed_frac_abs_delta_p95,0.007404000000000001
cnn,142,exceed_frac_gt_p99,0.01
cnn,142,exceed_frac_sr_p99,0.006048
cnn,142,exceed_frac_delta_p99,-0.003952
cnn,142,exceed_frac_abs_delta_p99,0.003952
cnn,142,pd_distance,31.864668972443802
cnn,142,mt_distance,7.186554908752441
cnn,142,ssim,0.5179332812783004
cnn,143,psnr,29.963558750666998
cnn,143,wpd_bias,-38.219512554615065
cnn,143,wpd_mae,365.26385269118424
cnn,143,wpd_rmse,606.8634078644984
cnn,143,wpd_w1,55.63480701290788
cnn,143,psd_log_l2,1.2840198255010908
cnn,143,psd_slope_gt,1.202228577939613
cnn,143,psd_slope_sr,0.7888110221371
cnn,143,psd_slope_delta,-0.41341755580251294
cnn,143,psd_slope_abs_delta,0.41341755580251294
cnn,143,grad_mae,0.42675185839119595
cnn,143,grad_w1,0.2813342244177647
cnn,143,grad_kurtosis_gt,13.32130945400346
cnn,143,grad_kurtosis_sr,17.136863031991954
cnn,143,grad_kurtosis_delta,3.815553577988494
cnn,143,grad_kurtosis_abs_delta,3.815553577988494
cnn,143,exceed_frac_gt_t5,0.984388
cnn,143,exceed_frac_sr_t5,0.991356
cnn,143,exceed_frac_delta_t5,0.006967999999999974
cnn,143,exceed_frac_abs_delta_t5,0.006967999999999974
cnn,143,exceed_frac_gt_t10,0.729096
cnn,143,exceed_frac_sr_t10,0.73342
cnn,143,exceed_frac_delta_t10,0.0043239999999999945
cnn,143,exceed_frac_abs_delta_t10,0.0043239999999999945
cnn,143,exceed_frac_gt_t15,0.17538
cnn,143,exceed_frac_sr_t15,0.166284
cnn,143,exceed_frac_delta_t15,-0.00909600000000002
cnn,143,exceed_frac_abs_delta_t15,0.00909600000000002
cnn,143,exceed_frac_gt_p90,0.1
cnn,143,exceed_frac_sr_p90,0.087068
cnn,143,exceed_frac_delta_p90,-0.012931999999999999
cnn,143,exceed_frac_abs_delta_p90,0.012931999999999999
cnn,143,exceed_frac_gt_p95,0.05
cnn,143,exceed_frac_sr_p95,0.044684
cnn,143,exceed_frac_delta_p95,-0.005316000000000001
cnn,143,exceed_frac_abs_delta_p95,0.005316000000000001
cnn,143,exceed_frac_gt_p99,0.01
cnn,143,exceed_frac_sr_p99,0.006464
cnn,143,exceed_frac_delta_p99,-0.003536
cnn,143,exceed_frac_abs_delta_p99,0.003536
cnn,143,pd_distance,31.729557469133276
cnn,143,mt_distance,5.864097595214844
cnn,143,ssim,0.5616274492414889
cnn,144,psnr,29.991838493509036
cnn,144,wpd_bias,-35.8767449279073
cnn,144,wpd_mae,352.14858710745125
cnn,144,wpd_rmse,585.9905488061655
cnn,144,wpd_w1,51.37027936828151
cnn,144,psd_log_l2,1.3788702247085691
cnn,144,psd_slope_gt,1.032857136087903
cnn,144,psd_slope_sr,0.7918743285880585
cnn,144,psd_slope_delta,-0.24098280749984458
cnn,144,psd_slope_abs_delta,0.24098280749984458
cnn,144,grad_mae,0.4208185591540356
cnn,144,grad_w1,0.2814984702230211
cnn,144,grad_kurtosis_gt,13.007897962217553
cnn,144,grad_kurtosis_sr,15.669906251488051
cnn,144,grad_kurtosis_delta,2.6620082892704975
cnn,144,grad_kurtosis_abs_delta,2.6620082892704975
cnn,144,exceed_frac_gt_t5,0.980188
cnn,144,exceed_frac_sr_t5,0.987652
cnn,144,exceed_frac_delta_t5,0.007464000000000026
cnn,144,exceed_frac_abs_delta_t5,0.007464000000000026
cnn,144,exceed_frac_gt_t10,0.718288
cnn,144,exceed_frac_sr_t10,0.716516
cnn,144,exceed_frac_delta_t10,-0.0017719999999999958
cnn,144,exceed_frac_abs_delta_t10,0.0017719999999999958
cnn,144,exceed_frac_gt_t15,0.154728
cnn,144,exceed_frac_sr_t15,0.145612
cnn,144,exceed_frac_delta_t15,-0.009116000000000013
cnn,144,exceed_frac_abs_delta_t15,0.009116000000000013
cnn,144,exceed_frac_gt_p90,0.1
cnn,144,exceed_frac_sr_p90,0.089868
cnn,144,exceed_frac_delta_p90,-0.010132000000000002
cnn,144,exceed_frac_abs_delta_p90,0.010132000000000002
cnn,144,exceed_frac_gt_p95,0.05
cnn,144,exceed_frac_sr_p95,0.04348
cnn,144,exceed_frac_delta_p95,-0.006520000000000005
cnn,144,exceed_frac_abs_delta_p95,0.006520000000000005
cnn,144,exceed_frac_gt_p99,0.01
cnn,144,exceed_frac_sr_p99,0.005936
cnn,144,exceed_frac_delta_p99,-0.004064
cnn,144,exceed_frac_abs_delta_p99,0.004064
cnn,144,pd_distance,31.838603860361527
cnn,144,mt_distance,5.560759544372559
cnn,144,ssim,0.5657494897604527
cnn,145,psnr,29.868825785114463
cnn,145,wpd_bias,-32.569038871111715
cnn,145,wpd_mae,333.87305855074703
cnn,145,wpd_rmse,561.2710056095168
cnn,145,wpd_w1,46.35252164884681
cnn,145,psd_log_l2,1.3343053743391167
cnn,145,psd_slope_gt,1.1816403350008309
cnn,145,psd_slope_sr,0.732500987246732
cnn,145,psd_slope_delta,-0.4491393477540989
cnn,145,psd_slope_abs_delta,0.4491393477540989
cnn,145,grad_mae,0.41226879876806843
cnn,145,grad_w1,0.27569211050910514
cnn,145,grad_kurtosis_gt,13.35327217669109
cnn,145,grad_kurtosis_sr,15.558438062398624
cnn,145,grad_kurtosis_delta,2.205165885707533
cnn,145,grad_kurtosis_abs_delta,2.205165885707533
cnn,145,exceed_frac_gt_t5,0.974572
cnn,145,exceed_frac_sr_t5,0.981732
cnn,145,exceed_frac_delta_t5,0.007160000000000055
cnn,145,exceed_frac_abs_delta_t5,0.007160000000000055
cnn,145,exceed_frac_gt_t10,0.689732
cnn,145,exceed_frac_sr_t10,0.684736
cnn,145,exceed_frac_delta_t10,-0.0049960000000000004
cnn,145,exceed_frac_abs_delta_t10,0.0049960000000000004
cnn,145,exceed_frac_gt_t15,0.13146
cnn,145,exceed_frac_sr_t15,0.123272
cnn,145,exceed_frac_delta_t15,-0.008187999999999987
cnn,145,exceed_frac_abs_delta_t15,0.008187999999999987
cnn,145,exceed_frac_gt_p90,0.1
cnn,145,exceed_frac_sr_p90,0.09092
cnn,145,exceed_frac_delta_p90,-0.009080000000000005
cnn,145,exceed_frac_abs_delta_p90,0.009080000000000005
cnn,145,exceed_frac_gt_p95,0.05
cnn,145,exceed_frac_sr_p95,0.043504
cnn,145,exceed_frac_delta_p95,-0.006496000000000002
cnn,145,exceed_frac_abs_delta_p95,0.006496000000000002
cnn,145,exceed_frac_gt_p99,0.01
cnn,145,exceed_frac_sr_p99,0.0066
cnn,145,exceed_frac_delta_p99,-0.0034000000000000002
cnn,145,exceed_frac_abs_delta_p99,0.0034000000000000002
cnn,145,pd_distance,30.39245353837724
cnn,145,mt_distance,5.902344226837158
cnn,145,ssim,0.5546007270671832
cnn,146,psnr,30.217437493821446
cnn,146,wpd_bias,-25.17260232985234
cnn,146,wpd_mae,307.4265141032319
cnn,146,wpd_rmse,517.620156094718
cnn,146,wpd_w1,37.3480673104145
cnn,146,psd_log_l2,1.1916158827181627
cnn,146,psd_slope_gt,1.2316611181766746
cnn,146,psd_slope_sr,0.6766941009125454
cnn,146,psd_slope_delta,-0.5549670172641291
cnn,146,psd_slope_abs_delta,0.5549670172641291
cnn,146,grad_mae,0.40133853139049774
cnn,146,grad_w1,0.25815655639623114
cnn,146,grad_kurtosis_gt,12.743205924987045
cnn,146,grad_kurtosis_sr,14.398978231988957
cnn,146,grad_kurtosis_delta,1.6557723070019126
cnn,146,grad_kurtosis_abs_delta,1.6557723070019126
cnn,146,exceed_frac_gt_t5,0.96938
cnn,146,exceed_frac_sr_t5,0.976648
cnn,146,exceed_frac_delta_t5,0.007267999999999941
cnn,146,exceed_frac_abs_delta_t5,0.007267999999999941
cnn,146,exceed_frac_gt_t10,0.631576
cnn,146,exceed_frac_sr_t10,0.626812
cnn,146,exceed_frac_delta_t10,-0.0047639999999999905
cnn,146,exceed_frac_abs_delta_t10,0.0047639999999999905
cnn,146,exceed_frac_gt_t15,0.107344
cnn,146,exceed_frac_sr_t15,0.099784
cnn,146,exceed_frac_delta_t15,-0.007559999999999997
cnn,146,exceed_frac_abs_delta_t15,0.007559999999999997
cnn,146,exceed_frac_gt_p90,0.1
cnn,146,exceed_frac_sr_p90,0.09334
cnn,146,exceed_frac_delta_p90,-0.006659999999999999
cnn,146,exceed_frac_abs_delta_p90,0.006659999999999999
cnn,146,exceed_frac_gt_p95,0.05
cnn,146,exceed_frac_sr_p95,0.045728
cnn,146,exceed_frac_delta_p95,-0.004272000000000005
cnn,146,exceed_frac_abs_delta_p95,0.004272000000000005
cnn,146,exceed_frac_gt_p99,0.01
cnn,146,exceed_frac_sr_p99,0.008176
cnn,146,exceed_frac_delta_p99,-0.001824000000000001
cnn,146,exceed_frac_abs_delta_p99,0.001824000000000001
cnn,146,pd_distance,29.28670842660694
cnn,146,mt_distance,5.959416389465332
cnn,146,ssim,0.5608636187493364
cnn,147,psnr,30.393444504602453
cnn,147,wpd_bias,-15.096588625812023
cnn,147,wpd_mae,290.5385426235595
cnn,147,wpd_rmse,493.37535887503213
cnn,147,wpd_w1,27.38791211062321
cnn,147,psd_log_l2,0.9729672233507292
cnn,147,psd_slope_gt,1.3232125867969036
cnn,147,psd_slope_sr,0.6086840160021526
cnn,147,psd_slope_delta,-0.714528570794751
cnn,147,psd_slope_abs_delta,0.714528570794751
cnn,147,grad_mae,0.3898591844211289
cnn,147,grad_w1,0.2341190153174431
cnn,147,grad_kurtosis_gt,11.883416673081037
cnn,147,grad_kurtosis_sr,12.514217580787784
cnn,147,grad_kurtosis_delta,0.6308009077067478
cnn,147,grad_kurtosis_abs_delta,0.6308009077067478
cnn,147,exceed_frac_gt_t5,0.961256
cnn,147,exceed_frac_sr_t5,0.96912
cnn,147,exceed_frac_delta_t5,0.007863999999999982
cnn,147,exceed_frac_abs_delta_t5,0.007863999999999982
cnn,147,exceed_frac_gt_t10,0.55098
cnn,147,exceed_frac_sr_t10,0.54556
cnn,147,exceed_frac_delta_t10,-0.00541999999999998
cnn,147,exceed_frac_abs_delta_t10,0.00541999999999998
cnn,147,exceed_frac_gt_t15,0.085936
cnn,147,exceed_frac_sr_t15,0.081264
cnn,147,exceed_frac_delta_t15,-0.004671999999999996
cnn,147,exceed_frac_abs_delta_t15,0.004671999999999996
cnn,147,exceed_frac_gt_p90,0.1
cnn,147,exceed_frac_sr_p90,0.096972
cnn,147,exceed_frac_delta_p90,-0.003028000000000003
cnn,147,exceed_frac_abs_delta_p90,0.003028000000000003
cnn,147,exceed_frac_gt_p95,0.05
cnn,147,exceed_frac_sr_p95,0.046056
cnn,147,exceed_frac_delta_p95,-0.003944000000000003
cnn,147,exceed_frac_abs_delta_p95,0.003944000000000003
cnn,147,exceed_frac_gt_p99,0.01
cnn,147,exceed_frac_sr_p99,0.006632
cnn,147,exceed_frac_delta_p99,-0.0033680000000000003
cnn,147,exceed_frac_abs_delta_p99,0.0033680000000000003
cnn,147,pd_distance,26.585106339400784
cnn,147,mt_distance,5.6108717918396
cnn,147,ssim,0.5637546278669702
cnn,148,psnr,30.714373346521246
cnn,148,wpd_bias,-19.72623330459347
cnn,148,wpd_mae,278.06206180891496
cnn,148,wpd_rmse,484.4206929083439
cnn,148,wpd_w1,28.61916330722598
cnn,148,psd_log_l2,0.9102494773440951
cnn,148,psd_slope_gt,1.3393172693316115
cnn,148,psd_slope_sr,0.5566490890353444
cnn,148,psd_slope_delta,-0.7826681802962672
cnn,148,psd_slope_abs_delta,0.7826681802962672
cnn,148,grad_mae,0.3939411366462624
cnn,148,grad_w1,0.23488060498529167
cnn,148,grad_kurtosis_gt,12.101998708899359
cnn,148,grad_kurtosis_sr,14.020362142638428
cnn,148,grad_kurtosis_delta,1.918363433739069
cnn,148,grad_kurtosis_abs_delta,1.918363433739069
cnn,148,exceed_frac_gt_t5,0.947336
cnn,148,exceed_frac_sr_t5,0.952284
cnn,148,exceed_frac_delta_t5,0.0049480000000000635
cnn,148,exceed_frac_abs_delta_t5,0.0049480000000000635
cnn,148,exceed_frac_gt_t10,0.4896
cnn,148,exceed_frac_sr_t10,0.487948
cnn,148,exceed_frac_delta_t10,-0.0016519999999999868
cnn,148,exceed_frac_abs_delta_t10,0.0016519999999999868
cnn,148,exceed_frac_gt_t15,0.075684
cnn,148,exceed_frac_sr_t15,0.07038
cnn,148,exceed_frac_delta_t15,-0.005304000000000003
cnn,148,exceed_frac_abs_delta_t15,0.005304000000000003
cnn,148,exceed_frac_gt_p90,0.1
cnn,148,exceed_frac_sr_p90,0.09222
cnn,148,exceed_frac_delta_p90,-0.007780000000000009
cnn,148,exceed_frac_abs_delta_p90,0.007780000000000009
cnn,148,exceed_frac_gt_p95,0.05
cnn,148,exceed_frac_sr_p95,0.045016
cnn,148,exceed_frac_delta_p95,-0.004984000000000002
cnn,148,exceed_frac_abs_delta_p95,0.004984000000000002
cnn,148,exceed_frac_gt_p99,0.01
cnn,148,exceed_frac_sr_p99,0.008884
cnn,148,exceed_frac_delta_p99,-0.0011160000000000007
cnn,148,exceed_frac_abs_delta_p99,0.0011160000000000007
cnn,148,pd_distance,26.258461074996504
cnn,148,mt_distance,5.0148024559021
cnn,148,ssim,0.5703917943792819
cnn,149,psnr,30.68732483906053
cnn,149,wpd_bias,-11.53499362203137
cnn,149,wpd_mae,253.54290912424207
cnn,149,wpd_rmse,442.88607544095254
cnn,149,wpd_w1,24.807479157998742
cnn,149,psd_log_l2,0.8136603864358263
cnn,149,psd_slope_gt,1.4469407751289787
cnn,149,psd_slope_sr,0.5320408981722392
cnn,149,psd_slope_delta,-0.9148998769567395
cnn,149,psd_slope_abs_delta,0.9148998769567395
cnn,149,grad_mae,0.3889171297725192
cnn,149,grad_w1,0.22891798243065833
cnn,149,grad_kurtosis_gt,13.561027076938803
cnn,149,grad_kurtosis_sr,13.037199026658378
cnn,149,grad_kurtosis_delta,-0.5238280502804251
cnn,149,grad_kurtosis_abs_delta,0.5238280502804251
cnn,149,exceed_frac_gt_t5,0.931972
cnn,149,exceed_frac_sr_t5,0.939484
cnn,149,exceed_frac_delta_t5,0.007511999999999963
cnn,149,exceed_frac_abs_delta_t5,0.007511999999999963
cnn,149,exceed_frac_gt_t10,0.428292
cnn,149,exceed_frac_sr_t10,0.433844
cnn,149,exceed_frac_delta_t10,0.005552000000000001
cnn,149,exceed_frac_abs_delta_t10,0.005552000000000001
cnn,149,exceed_frac_gt_t15,0.06484
cnn,149,exceed_frac_sr_t15,0.055604
cnn,149,exceed_frac_delta_t15,-0.009235999999999994
cnn,149,exceed_frac_abs_delta_t15,0.009235999999999994
cnn,149,exceed_frac_gt_p90,0.1
cnn,149,exceed_frac_sr_p90,0.0926
cnn,149,exceed_frac_delta_p90,-0.007400000000000004
cnn,149,exceed_frac_abs_delta_p90,0.007400000000000004
cnn,149,exceed_frac_gt_p95,0.05
cnn,149,exceed_frac_sr_p95,0.043812
cnn,149,exceed_frac_delta_p95,-0.006188000000000006
cnn,149,exceed_frac_abs_delta_p95,0.006188000000000006
cnn,149,exceed_frac_gt_p99,0.01
cnn,149,exceed_frac_sr_p99,0.008132
cnn,149,exceed_frac_delta_p99,-0.0018679999999999999
cnn,149,exceed_frac_abs_delta_p99,0.0018679999999999999
cnn,149,pd_distance,25.194205211404583
cnn,149,mt_distance,5.752551078796387
cnn,149,ssim,0.565428168832672
cnn,150,psnr,30.74588633810058
cnn,150,wpd_bias,-6.582386721131015
cnn,150,wpd_mae,224.76102991831868
cnn,150,wpd_rmse,405.12777533799203
cnn,150,wpd_w1,16.72529858744205
cnn,150,psd_log_l2,0.7324417970339292
cnn,150,psd_slope_gt,1.3493192609857518
cnn,150,psd_slope_sr,0.5215389452804997
cnn,150,psd_slope_delta,-0.8277803157052521
cnn,150,psd_slope_abs_delta,0.8277803157052521
cnn,150,grad_mae,0.3641186131342485
cnn,150,grad_w1,0.20872905472758643
cnn,150,grad_kurtosis_gt,15.039116577648668
cnn,150,grad_kurtosis_sr,15.41254748664039
cnn,150,grad_kurtosis_delta,0.3734309089917218
cnn,150,grad_kurtosis_abs_delta,0.3734309089917218
cnn,150,exceed_frac_gt_t5,0.91332
cnn,150,exceed_frac_sr_t5,0.921176
cnn,150,exceed_frac_delta_t5,0.007855999999999974
cnn,150,exceed_frac_abs_delta_t5,0.007855999999999974
cnn,150,exceed_frac_gt_t10,0.38242
cnn,150,exceed_frac_sr_t10,0.38748
cnn,150,exceed_frac_delta_t10,0.005060000000000009
cnn,150,exceed_frac_abs_delta_t10,0.005060000000000009
cnn,150,exceed_frac_gt_t15,0.049216
cnn,150,exceed_frac_sr_t15,0.046316
cnn,150,exceed_frac_delta_t15,-0.0029
cnn,150,exceed_frac_abs_delta_t15,0.0029
cnn,150,exceed_frac_gt_p90,0.1
cnn,150,exceed_frac_sr_p90,0.093288
cnn,150,exceed_frac_delta_p90,-0.00671200000000001
cnn,150,exceed_frac_abs_delta_p90,0.00671200000000001
cnn,150,exceed_frac_gt_p95,0.05
cnn,150,exceed_frac_sr_p95,0.046904
cnn,150,exceed_frac_delta_p95,-0.0030960000000000015
cnn,150,exceed_frac_abs_delta_p95,0.0030960000000000015
cnn,150,exceed_frac_gt_p99,0.01
cnn,150,exceed_frac_sr_p99,0.0076
cnn,150,exceed_frac_delta_p99,-0.0024000000000000002
cnn,150,exceed_frac_abs_delta_p99,0.0024000000000000002
cnn,150,pd_distance,24.128591365700505
cnn,150,mt_distance,5.291886329650879
cnn,150,ssim,0.5963223415469098
cnn,151,psnr,31.12184929937538
cnn,151,wpd_bias,-6.645163657175695
cnn,151,wpd_mae,195.85760302918382
cnn,151,wpd_rmse,363.16241621546317
cnn,151,wpd_w1,14.72081042315529
cnn,151,psd_log_l2,0.7459469768568617
cnn,151,psd_slope_gt,1.247643194121899
cnn,151,psd_slope_sr,0.5954078294066846
cnn,151,psd_slope_delta,-0.6522353647152145
cnn,151,psd_slope_abs_delta,0.6522353647152145
cnn,151,grad_mae,0.3427027397790662
cnn,151,grad_w1,0.19300017924534343
cnn,151,grad_kurtosis_gt,16.698666518469402
cnn,151,grad_kurtosis_sr,16.218158297748435
cnn,151,grad_kurtosis_delta,-0.4805082207209672
cnn,151,grad_kurtosis_abs_delta,0.4805082207209672
cnn,151,exceed_frac_gt_t5,0.883036
cnn,151,exceed_frac_sr_t5,0.887844
cnn,151,exceed_frac_delta_t5,0.0048079999999999234
cnn,151,exceed_frac_abs_delta_t5,0.0048079999999999234
cnn,151,exceed_frac_gt_t10,0.337924
cnn,151,exceed_frac_sr_t10,0.336652
cnn,151,exceed_frac_delta_t10,-0.0012719999999999954
cnn,151,exceed_frac_abs_delta_t10,0.0012719999999999954
cnn,151,exceed_frac_gt_t15,0.042688
cnn,151,exceed_frac_sr_t15,0.041092
cnn,151,exceed_frac_delta_t15,-0.0015960000000000002
cnn,151,exceed_frac_abs_delta_t15,0.0015960000000000002
cnn,151,exceed_frac_gt_p90,0.1
cnn,151,exceed_frac_sr_p90,0.09672
cnn,151,exceed_frac_delta_p90,-0.003280000000000005
cnn,151,exceed_frac_abs_delta_p90,0.003280000000000005
cnn,151,exceed_frac_gt_p95,0.05
cnn,151,exceed_frac_sr_p95,0.047528
cnn,151,exceed_frac_delta_p95,-0.002472000000000002
cnn,151,exceed_frac_abs_delta_p95,0.002472000000000002
cnn,151,exceed_frac_gt_p99,0.01
cnn,151,exceed_frac_sr_p99,0.009416
cnn,151,exceed_frac_delta_p99,-0.0005839999999999995
cnn,151,exceed_frac_abs_delta_p99,0.0005839999999999995
cnn,151,pd_distance,24.240085612250784
cnn,151,mt_distance,5.580901145935059
cnn,151,ssim,0.5855530875218715
cnn,152,psnr,31.286692101332168
cnn,152,wpd_bias,-0.35236129811138567
cnn,152,wpd_mae,173.85530573219978
cnn,152,wpd_rmse,336.74540412714293
cnn,152,wpd_w1,10.854014042029243
cnn,152,psd_log_l2,0.6138787022384156
cnn,152,psd_slope_gt,1.1157336517809078
cnn,152,psd_slope_sr,0.5696220403629192
cnn,152,psd_slope_delta,-0.5461116114179886
cnn,152,psd_slope_abs_delta,0.5461116114179886
cnn,152,grad_mae,0.31787976819432584
cnn,152,grad_w1,0.16354539558752504
cnn,152,grad_kurtosis_gt,17.924525929358566
cnn,152,grad_kurtosis_sr,19.279766482148617
cnn,152,grad_kurtosis_delta,1.3552405527900504
cnn,152,grad_kurtosis_abs_delta,1.3552405527900504
cnn,152,exceed_frac_gt_t5,0.844668
cnn,152,exceed_frac_sr_t5,0.84438
cnn,152,exceed_frac_delta_t5,-0.00028799999999995496
cnn,152,exceed_frac_abs_delta_t5,0.00028799999999995496
cnn,152,exceed_frac_gt_t10,0.301004
cnn,152,exceed_frac_sr_t10,0.299808
cnn,152,exceed_frac_delta_t10,-0.0011959999999999749
cnn,152,exceed_frac_abs_delta_t10,0.0011959999999999749
cnn,152,exceed_frac_gt_t15,0.039396
cnn,152,exceed_frac_sr_t15,0.036328
cnn,152,exceed_frac_delta_t15,-0.0030680000000000013
cnn,152,exceed_frac_abs_delta_t15,0.0030680000000000013
cnn,152,exceed_frac_gt_p90,0.1
cnn,152,exceed_frac_sr_p90,0.097224
cnn,152,exceed_frac_delta_p90,-0.0027760000000000007
cnn,152,exceed_frac_abs_delta_p90,0.0027760000000000007
cnn,152,exceed_frac_gt_p95,0.05
cnn,152,exceed_frac_sr_p95,0.047756
cnn,152,exceed_frac_delta_p95,-0.002244000000000003
cnn,152,exceed_frac_abs_delta_p95,0.002244000000000003
cnn,152,exceed_frac_gt_p99,0.01
cnn,152,exceed_frac_sr_p99,0.010104
cnn,152,exceed_frac_delta_p99,0.00010399999999999993
cnn,152,exceed_frac_abs_delta_p99,0.00010399999999999993
cnn,152,pd_distance,24.594151699851988
cnn,152,mt_distance,5.931854248046875
cnn,152,ssim,0.5587602116200048
cnn,153,psnr,32.07864719700068
cnn,153,wpd_bias,-1.1199203068264942
cnn,153,wpd_mae,148.19408553244693
cnn,153,wpd_rmse,290.33184612594033
cnn,153,wpd_w1,10.42333684863969
cnn,153,psd_log_l2,0.591043142218288
cnn,153,psd_slope_gt,1.112625882683374
cnn,153,psd_slope_sr,0.4702591178061439
cnn,153,psd_slope_delta,-0.64236676487723
cnn,153,psd_slope_abs_delta,0.64236676487723
cnn,153,grad_mae,0.29897432208214125
cnn,153,grad_w1,0.16161185196583605
cnn,153,grad_kurtosis_gt,19.908852043905025
cnn,153,grad_kurtosis_sr,18.532045661075163
cnn,153,grad_kurtosis_delta,-1.3768063828298622
cnn,153,grad_kurtosis_abs_delta,1.3768063828298622
cnn,153,exceed_frac_gt_t5,0.812132
cnn,153,exceed_frac_sr_t5,0.812588
cnn,153,exceed_frac_delta_t5,0.00045600000000001195
cnn,153,exceed_frac_abs_delta_t5,0.00045600000000001195
cnn,153,exceed_frac_gt_t10,0.2626
cnn,153,exceed_frac_sr_t10,0.258152
cnn,153,exceed_frac_delta_t10,-0.0044480000000000075
cnn,153,exceed_frac_abs_delta_t10,0.0044480000000000075
cnn,153,exceed_frac_gt_t15,0.029608
cnn,153,exceed_frac_sr_t15,0.029332
cnn,153,exceed_frac_delta_t15,-0.00027599999999999847
cnn,153,exceed_frac_abs_delta_t15,0.00027599999999999847
cnn,153,exceed_frac_gt_p90,0.1
cnn,153,exceed_frac_sr_p90,0.100232
cnn,153,exceed_frac_delta_p90,0.0002319999999999961
cnn,153,exceed_frac_abs_delta_p90,0.0002319999999999961
cnn,153,exceed_frac_gt_p95,0.05
cnn,153,exceed_frac_sr_p95,0.04746
cnn,153,exceed_frac_delta_p95,-0.0025400000000000006
cnn,153,exceed_frac_abs_delta_p95,0.0025400000000000006
cnn,153,exceed_frac_gt_p99,0.01
cnn,153,exceed_frac_sr_p99,0.010084
cnn,153,exceed_frac_delta_p99,8.3999999999999e-05
cnn,153,exceed_frac_abs_delta_p99,8.3999999999999e-05
cnn,153,pd_distance,25.168802860244767
cnn,153,mt_distance,6.290019989013672
cnn,153,ssim,0.5279630845160836
cnn,154,psnr,31.990692631343173
cnn,154,wpd_bias,-0.24311210431618663
cnn,154,wpd_mae,126.7439595145466
cnn,154,wpd_rmse,274.69050320989044
cnn,154,wpd_w1,13.489478276273552
cnn,154,psd_log_l2,0.5388032477291078
cnn,154,psd_slope_gt,1.0294072084828771
cnn,154,psd_slope_sr,0.48651903884112274
cnn,154,psd_slope_delta,-0.5428881696417545
cnn,154,psd_slope_abs_delta,0.5428881696417545
cnn,154,grad_mae,0.2767778284281001
cnn,154,grad_w1,0.15447792060974702
cnn,154,grad_kurtosis_gt,22.8531611852017
cnn,154,grad_kurtosis_sr,23.561308383942443
cnn,154,grad_kurtosis_delta,0.7081471987407433
cnn,154,grad_kurtosis_abs_delta,0.7081471987407433
cnn,154,exceed_frac_gt_t5,0.78642
cnn,154,exceed_frac_sr_t5,0.784316
cnn,154,exceed_frac_delta_t5,-0.0021039999999999948
cnn,154,exceed_frac_abs_delta_t5,0.0021039999999999948
cnn,154,exceed_frac_gt_t10,0.22532
cnn,154,exceed_frac_sr_t10,0.222532
cnn,154,exceed_frac_delta_t10,-0.002787999999999985
cnn,154,exceed_frac_abs_delta_t10,0.002787999999999985
cnn,154,exceed_frac_gt_t15,0.019328
cnn,154,exceed_frac_sr_t15,0.017768
cnn,154,exceed_frac_delta_t15,-0.0015600000000000024
cnn,154,exceed_frac_abs_delta_t15,0.0015600000000000024
cnn,154,exceed_frac_gt_p90,0.1
cnn,154,exceed_frac_sr_p90,0.099092
cnn,154,exceed_frac_delta_p90,-0.000908000000000006
cnn,154,exceed_frac_abs_delta_p90,0.000908000000000006
cnn,154,exceed_frac_gt_p95,0.05
cnn,154,exceed_frac_sr_p95,0.049584
cnn,154,exceed_frac_delta_p95,-0.0004159999999999997
cnn,154,exceed_frac_abs_delta_p95,0.0004159999999999997
cnn,154,exceed_frac_gt_p99,0.01
cnn,154,exceed_frac_sr_p99,0.010164
cnn,154,exceed_frac_delta_p99,0.00016399999999999922
cnn,154,exceed_frac_abs_delta_p99,0.00016399999999999922
cnn,154,pd_distance,25.31020070022765
cnn,154,mt_distance,5.889771461486816
cnn,154,ssim,0.5329427789270674
cnn,155,psnr,32.32213611009903
cnn,155,wpd_bias,-5.395389606457193
cnn,155,wpd_mae,109.95913513800654
cnn,155,wpd_rmse,231.7313253042362
cnn,155,wpd_w1,13.252429435323844
cnn,155,psd_log_l2,0.5695499802640991
cnn,155,psd_slope_gt,1.0693874870555182
cnn,155,psd_slope_sr,0.44632970382144266
cnn,155,psd_slope_delta,-0.6230577832340756
cnn,155,psd_slope_abs_delta,0.6230577832340756
cnn,155,grad_mae,0.26403679550339065
cnn,155,grad_w1,0.15539061496975962
cnn,155,grad_kurtosis_gt,25.70772113487047
cnn,155,grad_kurtosis_sr,21.718478843257152
cnn,155,grad_kurtosis_delta,-3.9892422916133192
cnn,155,grad_kurtosis_abs_delta,3.9892422916133192
cnn,155,exceed_frac_gt_t5,0.758944
cnn,155,exceed_frac_sr_t5,0.75762
cnn,155,exceed_frac_delta_t5,-0.0013239999999999919
cnn,155,exceed_frac_abs_delta_t5,0.0013239999999999919
cnn,155,exceed_frac_gt_t10,0.201936
cnn,155,exceed_frac_sr_t10,0.193684
cnn,155,exceed_frac_delta_t10,-0.00825200000000001
cnn,155,exceed_frac_abs_delta_t10,0.00825200000000001
cnn,155,exceed_frac_gt_t15,0.014052
cnn,155,exceed_frac_sr_t15,0.01238
cnn,155,exceed_frac_delta_t15,-0.0016719999999999999
cnn,155,exceed_frac_abs_delta_t15,0.0016719999999999999
cnn,155,exceed_frac_gt_p90,0.1
cnn,155,exceed_frac_sr_p90,0.092912
cnn,155,exceed_frac_delta_p90,-0.007088000000000011
cnn,155,exceed_frac_abs_delta_p90,0.007088000000000011
cnn,155,exceed_frac_gt_p95,0.05
cnn,155,exceed_frac_sr_p95,0.050176
cnn,155,exceed_frac_delta_p95,0.0001759999999999956
cnn,155,exceed_frac_abs_delta_p95,0.0001759999999999956
cnn,155,exceed_frac_gt_p99,0.01
cnn,155,exceed_frac_sr_p99,0.009796
cnn,155,exceed_frac_delta_p99,-0.00020400000000000106
cnn,155,exceed_frac_abs_delta_p99,0.00020400000000000106
cnn,155,pd_distance,26.088776073112513
cnn,155,mt_distance,6.413660526275635
cnn,155,ssim,0.5265039927714664
cnn,156,psnr,32.533287551460546
cnn,156,wpd_bias,-4.209866626884261
cnn,156,wpd_mae,95.44313729979056
cnn,156,wpd_rmse,211.12884686080474
cnn,156,wpd_w1,11.895012180970586
cnn,156,psd_log_l2,0.5508038598885684
cnn,156,psd_slope_gt,1.1092661612777222
cnn,156,psd_slope_sr,0.4426306217916913
cnn,156,psd_slope_delta,-0.6666355394860308
cnn,156,psd_slope_abs_delta,0.6666355394860308
cnn,156,grad_mae,0.2489889061833296
cnn,156,grad_w1,0.1372846283380375
cnn,156,grad_kurtosis_gt,31.47260279133326
cnn,156,grad_kurtosis_sr,29.47031847548503
cnn,156,grad_kurtosis_delta,-2.002284315848229
cnn,156,grad_kurtosis_abs_delta,2.002284315848229
cnn,156,exceed_frac_gt_t5,0.725524
cnn,156,exceed_frac_sr_t5,0.726968
cnn,156,exceed_frac_delta_t5,0.0014440000000000008
cnn,156,exceed_frac_abs_delta_t5,0.0014440000000000008
cnn,156,exceed_frac_gt_t10,0.163656
cnn,156,exceed_frac_sr_t10,0.156884
cnn,156,exceed_frac_delta_t10,-0.006772
cnn,156,exceed_frac_abs_delta_t10,0.006772
cnn,156,exceed_frac_gt_t15,0.00916
cnn,156,exceed_frac_sr_t15,0.008808
cnn,156,exceed_frac_delta_t15,-0.0003519999999999999
cnn,156,exceed_frac_abs_delta_t15,0.0003519999999999999
cnn,156,exceed_frac_gt_p90,0.1
cnn,156,exceed_frac_sr_p90,0.093212
cnn,156,exceed_frac_delta_p90,-0.006788000000000002
cnn,156,exceed_frac_abs_delta_p90,0.006788000000000002
cnn,156,exceed_frac_gt_p95,0.05
cnn,156,exceed_frac_sr_p95,0.047528
cnn,156,exceed_frac_delta_p95,-0.002472000000000002
cnn,156,exceed_frac_abs_delta_p95,0.002472000000000002
cnn,156,exceed_frac_gt_p99,0.01
cnn,156,exceed_frac_sr_p99,0.009604
cnn,156,exceed_frac_delta_p99,-0.0003960000000000005
cnn,156,exceed_frac_abs_delta_p99,0.0003960000000000005
cnn,156,pd_distance,25.16401321091786
cnn,156,mt_distance,5.162914276123047
cnn,156,ssim,0.5436349109066684
cnn,157,psnr,32.53891769577143
cnn,157,wpd_bias,-6.178724574226704
cnn,157,wpd_mae,80.70151683097335
cnn,157,wpd_rmse,178.99417731635924
cnn,157,wpd_w1,10.616077113134526
cnn,157,psd_log_l2,0.6373918955515979
cnn,157,psd_slope_gt,1.1723457079199564
cnn,157,psd_slope_sr,0.47575244435882436
cnn,157,psd_slope_delta,-0.696593263561132
cnn,157,psd_slope_abs_delta,0.696593263561132
cnn,157,grad_mae,0.23891491601446327
cnn,157,grad_w1,0.13300424523882673
cnn,157,grad_kurtosis_gt,28.225352204481215
cnn,157,grad_kurtosis_sr,16.579314601604093
cnn,157,grad_kurtosis_delta,-11.646037602877122
cnn,157,grad_kurtosis_abs_delta,11.646037602877122
cnn,157,exceed_frac_gt_t5,0.693824
cnn,157,exceed_frac_sr_t5,0.695572
cnn,157,exceed_frac_delta_t5,0.0017479999999999718
cnn,157,exceed_frac_abs_delta_t5,0.0017479999999999718
cnn,157,exceed_frac_gt_t10,0.135444
cnn,157,exceed_frac_sr_t10,0.132272
cnn,157,exceed_frac_delta_t10,-0.003172000000000008
cnn,157,exceed_frac_abs_delta_t10,0.003172000000000008
cnn,157,exceed_frac_gt_t15,0.003936
cnn,157,exceed_frac_sr_t15,0.003256
cnn,157,exceed_frac_delta_t15,-0.00068
cnn,157,exceed_frac_abs_delta_t15,0.00068
cnn,157,exceed_frac_gt_p90,0.1
cnn,157,exceed_frac_sr_p90,0.092332
cnn,157,exceed_frac_delta_p90,-0.007668000000000008
cnn,157,exceed_frac_abs_delta_p90,0.007668000000000008
cnn,157,exceed_frac_gt_p95,0.05
cnn,157,exceed_frac_sr_p95,0.047064
cnn,157,exceed_frac_delta_p95,-0.002936000000000001
cnn,157,exceed_frac_abs_delta_p95,0.002936000000000001
cnn,157,exceed_frac_gt_p99,0.01
cnn,157,exceed_frac_sr_p99,0.007836
cnn,157,exceed_frac_delta_p99,-0.002164000000000001
cnn,157,exceed_frac_abs_delta_p99,0.002164000000000001
cnn,157,pd_distance,25.57399551509901
cnn,157,mt_distance,4.567626476287842
cnn,157,ssim,0.5529429148146708
cnn,158,psnr,33.372066344448385
cnn,158,wpd_bias,-3.8866989592456203
cnn,158,wpd_mae,56.28436598299092
cnn,158,wpd_rmse,141.4050821969919
cnn,158,wpd_w1,5.339703011890651
cnn,158,psd_log_l2,0.6117294399759988
cnn,158,psd_slope_gt,1.4081308883128203
cnn,158,psd_slope_sr,0.5174382651539875
cnn,158,psd_slope_delta,-0.8906926231588328
cnn,158,psd_slope_abs_delta,0.8906926231588328
cnn,158,grad_mae,0.21991730322441705
cnn,158,grad_w1,0.12856760402003783
cnn,158,grad_kurtosis_gt,28.941400594398615
cnn,158,grad_kurtosis_sr,18.96845293187981
cnn,158,grad_kurtosis_delta,-9.972947662518806
cnn,158,grad_kurtosis_abs_delta,9.972947662518806
cnn,158,exceed_frac_gt_t5,0.625248
cnn,158,exceed_frac_sr_t5,0.627596
cnn,158,exceed_frac_delta_t5,0.0023480000000000167
cnn,158,exceed_frac_abs_delta_t5,0.0023480000000000167
cnn,158,exceed_frac_gt_t10,0.085524
cnn,158,exceed_frac_sr_t10,0.08466
cnn,158,exceed_frac_delta_t10,-0.0008640000000000037
cnn,158,exceed_frac_abs_delta_t10,0.0008640000000000037
cnn,158,exceed_frac_gt_t15,0.001304
cnn,158,exceed_frac_sr_t15,0.001064
cnn,158,exceed_frac_delta_t15,-0.00023999999999999998
cnn,158,exceed_frac_abs_delta_t15,0.00023999999999999998
cnn,158,exceed_frac_gt_p90,0.1
cnn,158,exceed_frac_sr_p90,0.10022
cnn,158,exceed_frac_delta_p90,0.00021999999999999797
cnn,158,exceed_frac_abs_delta_p90,0.00021999999999999797
cnn,158,exceed_frac_gt_p95,0.05
cnn,158,exceed_frac_sr_p95,0.049284
cnn,158,exceed_frac_delta_p95,-0.0007160000000000014
cnn,158,exceed_frac_abs_delta_p95,0.0007160000000000014
cnn,158,exceed_frac_gt_p99,0.01
cnn,158,exceed_frac_sr_p99,0.008656
cnn,158,exceed_frac_delta_p99,-0.0013439999999999997
cnn,158,exceed_frac_abs_delta_p99,0.0013439999999999997
cnn,158,pd_distance,27.076784963721764
cnn,158,mt_distance,5.708489894866943
cnn,158,ssim,0.5773240081867328
cnn,159,psnr,35.08613823375421
cnn,159,wpd_bias,-3.3377460510795984
cnn,159,wpd_mae,45.41796338571042
cnn,159,wpd_rmse,151.28941500259555
cnn,159,wpd_w1,5.115292787166937
cnn,159,psd_log_l2,0.5326711767976833
cnn,159,psd_slope_gt,1.3703725917384304
cnn,159,psd_slope_sr,0.5086758761911363
cnn,159,psd_slope_delta,-0.8616967155472941
cnn,159,psd_slope_abs_delta,0.8616967155472941
cnn,159,grad_mae,0.1854227674877909
cnn,159,grad_w1,0.09764813724021094
cnn,159,grad_kurtosis_gt,38.73314854027398
cnn,159,grad_kurtosis_sr,27.858465920180187
cnn,159,grad_kurtosis_delta,-10.874682620093793
cnn,159,grad_kurtosis_abs_delta,10.874682620093793
cnn,159,exceed_frac_gt_t5,0.503464
cnn,159,exceed_frac_sr_t5,0.502776
cnn,159,exceed_frac_delta_t5,-0.0006880000000000219
cnn,159,exceed_frac_abs_delta_t5,0.0006880000000000219
cnn,159,exceed_frac_gt_t10,0.047484
cnn,159,exceed_frac_sr_t10,0.04664
cnn,159,exceed_frac_delta_t10,-0.0008439999999999975
cnn,159,exceed_frac_abs_delta_t10,0.0008439999999999975
cnn,159,exceed_frac_gt_t15,0.001612
cnn,159,exceed_frac_sr_t15,0.001288
cnn,159,exceed_frac_delta_t15,-0.00032399999999999985
cnn,159,exceed_frac_abs_delta_t15,0.00032399999999999985
cnn,159,exceed_frac_gt_p90,0.1
cnn,159,exceed_frac_sr_p90,0.096784
cnn,159,exceed_frac_delta_p90,-0.0032160000000000105
cnn,159,exceed_frac_abs_delta_p90,0.0032160000000000105
cnn,159,exceed_frac_gt_p95,0.05
cnn,159,exceed_frac_sr_p95,0.049316
cnn,159,exceed_frac_delta_p95,-0.000684000000000004
cnn,159,exceed_frac_abs_delta_p95,0.000684000000000004
cnn,159,exceed_frac_gt_p99,0.01
cnn,159,exceed_frac_sr_p99,0.007632
cnn,159,exceed_frac_delta_p99,-0.0023680000000000003
cnn,159,exceed_frac_abs_delta_p99,0.0023680000000000003
cnn,159,pd_distance,24.310343375521082
cnn,159,mt_distance,5.012121677398682
cnn,159,ssim,0.6571971643379434
cnn,160,psnr,35.91024506652697
cnn,160,wpd_bias,-2.227324052799934
cnn,160,wpd_mae,43.364556462725346
cnn,160,wpd_rmse,166.66397053067047
cnn,160,wpd_w1,4.521424494813457
cnn,160,psd_log_l2,0.4289864471926091
cnn,160,psd_slope_gt,1.3179728803319062
cnn,160,psd_slope_sr,0.5847443157748169
cnn,160,psd_slope_delta,-0.7332285645570893
cnn,160,psd_slope_abs_delta,0.7332285645570893
cnn,160,grad_mae,0.16418721572489192
cnn,160,grad_w1,0.07099960330841062
cnn,160,grad_kurtosis_gt,50.63551046967133
cnn,160,grad_kurtosis_sr,33.52097867765411
cnn,160,grad_kurtosis_delta,-17.114531792017225
cnn,160,grad_kurtosis_abs_delta,17.114531792017225
cnn,160,exceed_frac_gt_t5,0.484428
cnn,160,exceed_frac_sr_t5,0.485448
cnn,160,exceed_frac_delta_t5,0.0010199999999999654
cnn,160,exceed_frac_abs_delta_t5,0.0010199999999999654
cnn,160,exceed_frac_gt_t10,0.042084
cnn,160,exceed_frac_sr_t10,0.043336
cnn,160,exceed_frac_delta_t10,0.0012519999999999962
cnn,160,exceed_frac_abs_delta_t10,0.0012519999999999962
cnn,160,exceed_frac_gt_t15,0.00206
cnn,160,exceed_frac_sr_t15,0.002036
cnn,160,exceed_frac_delta_t15,-2.400000000000015e-05
cnn,160,exceed_frac_abs_delta_t15,2.400000000000015e-05
cnn,160,exceed_frac_gt_p90,0.1
cnn,160,exceed_frac_sr_p90,0.096812
cnn,160,exceed_frac_delta_p90,-0.0031880000000000103
cnn,160,exceed_frac_abs_delta_p90,0.0031880000000000103
cnn,160,exceed_frac_gt_p95,0.05
cnn,160,exceed_frac_sr_p95,0.051344
cnn,160,exceed_frac_delta_p95,0.001343999999999998
cnn,160,exceed_frac_abs_delta_p95,0.001343999999999998
cnn,160,exceed_frac_gt_p99,0.01
cnn,160,exceed_frac_sr_p99,0.008928
cnn,160,exceed_frac_delta_p99,-0.001072
cnn,160,exceed_frac_abs_delta_p99,0.001072
cnn,160,pd_distance,21.188537318324133
cnn,160,mt_distance,5.1832075119018555
cnn,160,ssim,0.7024748389379696
cnn,161,psnr,35.54303597839574
cnn,161,wpd_bias,0.5587839277429073
cnn,161,wpd_mae,44.678383403814856
cnn,161,wpd_rmse,181.21236851741648
cnn,161,wpd_w1,3.3126519820782723
cnn,161,psd_log_l2,0.4562164623507235
cnn,161,psd_slope_gt,1.3727218389205744
cnn,161,psd_slope_sr,0.7032389568689232
cnn,161,psd_slope_delta,-0.6694828820516512
cnn,161,psd_slope_abs_delta,0.6694828820516512
cnn,161,grad_mae,0.15867084278691446
cnn,161,grad_w1,0.05982909659575302
cnn,161,grad_kurtosis_gt,55.660971424388514
cnn,161,grad_kurtosis_sr,32.638727254860406
cnn,161,grad_kurtosis_delta,-23.022244169528108
cnn,161,grad_kurtosis_abs_delta,23.022244169528108
cnn,161,exceed_frac_gt_t5,0.480128
cnn,161,exceed_frac_sr_t5,0.479772
cnn,161,exceed_frac_delta_t5,-0.00035600000000002296
cnn,161,exceed_frac_abs_delta_t5,0.00035600000000002296
cnn,161,exceed_frac_gt_t10,0.026672
cnn,161,exceed_frac_sr_t10,0.027364
cnn,161,exceed_frac_delta_t10,0.0006919999999999982
cnn,161,exceed_frac_abs_delta_t10,0.0006919999999999982
cnn,161,exceed_frac_gt_t15,0.002708
cnn,161,exceed_frac_sr_t15,0.002536
cnn,161,exceed_frac_delta_t15,-0.00017199999999999984
cnn,161,exceed_frac_abs_delta_t15,0.00017199999999999984
cnn,161,exceed_frac_gt_p90,0.1
cnn,161,exceed_frac_sr_p90,0.097216
cnn,161,exceed_frac_delta_p90,-0.0027840000000000087
cnn,161,exceed_frac_abs_delta_p90,0.0027840000000000087
cnn,161,exceed_frac_gt_p95,0.05
cnn,161,exceed_frac_sr_p95,0.052108
cnn,161,exceed_frac_delta_p95,0.0021079999999999988
cnn,161,exceed_frac_abs_delta_p95,0.0021079999999999988
cnn,161,exceed_frac_gt_p99,0.01
cnn,161,exceed_frac_sr_p99,0.010408
cnn,161,exceed_frac_delta_p99,0.0004080000000000004
cnn,161,exceed_frac_abs_delta_p99,0.0004080000000000004
cnn,161,pd_distance,19.540402210515502
cnn,161,mt_distance,5.7158894538879395
cnn,161,ssim,0.7090164600986579
cnn,162,psnr,35.40500303867963
cnn,162,wpd_bias,3.9051628294726406
cnn,162,wpd_mae,50.01418117381462
cnn,162,wpd_rmse,206.00998592611776
cnn,162,wpd_w1,5.9008928050364835
cnn,162,psd_log_l2,0.4566119908055387
cnn,162,psd_slope_gt,1.4329605993259091
cnn,162,psd_slope_sr,0.9551922270975699
cnn,162,psd_slope_delta,-0.47776837222833923
cnn,162,psd_slope_abs_delta,0.47776837222833923
cnn,162,grad_mae,0.16125717198332556
cnn,162,grad_w1,0.05276201384575223
cnn,162,grad_kurtosis_gt,52.366359397861004
cnn,162,grad_kurtosis_sr,31.38141418517237
cnn,162,grad_kurtosis_delta,-20.984945212688633
cnn,162,grad_kurtosis_abs_delta,20.984945212688633
cnn,162,exceed_frac_gt_t5,0.484748
cnn,162,exceed_frac_sr_t5,0.490616
cnn,162,exceed_frac_delta_t5,0.005867999999999984
cnn,162,exceed_frac_abs_delta_t5,0.005867999999999984
cnn,162,exceed_frac_gt_t10,0.022736
cnn,162,exceed_frac_sr_t10,0.02436
cnn,162,exceed_frac_delta_t10,0.0016240000000000004
cnn,162,exceed_frac_abs_delta_t10,0.0016240000000000004
cnn,162,exceed_frac_gt_t15,0.003616
cnn,162,exceed_frac_sr_t15,0.003932
cnn,162,exceed_frac_delta_t15,0.0003159999999999999
cnn,162,exceed_frac_abs_delta_t15,0.0003159999999999999
cnn,162,exceed_frac_gt_p90,0.1
cnn,162,exceed_frac_sr_p90,0.098996
cnn,162,exceed_frac_delta_p90,-0.0010040000000000049
cnn,162,exceed_frac_abs_delta_p90,0.0010040000000000049
cnn,162,exceed_frac_gt_p95,0.05
cnn,162,exceed_frac_sr_p95,0.053768
cnn,162,exceed_frac_delta_p95,0.0037680000000000005
cnn,162,exceed_frac_abs_delta_p95,0.0037680000000000005
cnn,162,exceed_frac_gt_p99,0.01
cnn,162,exceed_frac_sr_p99,0.010876
cnn,162,exceed_frac_delta_p99,0.000876
cnn,162,exceed_frac_abs_delta_p99,0.000876
cnn,162,pd_distance,18.27105324592802
cnn,162,mt_distance,4.5405659675598145
cnn,162,ssim,0.6985922071566627
cnn,163,psnr,35.18072388452914
cnn,163,wpd_bias,2.761990297121401
cnn,163,wpd_mae,57.36510510860511
cnn,163,wpd_rmse,247.1828975804393
cnn,163,wpd_w1,7.343815483158905
cnn,163,psd_log_l2,0.5010522428857461
cnn,163,psd_slope_gt,1.5957931398354737
cnn,163,psd_slope_sr,1.2158609436276158
cnn,163,psd_slope_delta,-0.3799321962078579
cnn,163,psd_slope_abs_delta,0.3799321962078579
cnn,163,grad_mae,0.17061587974814268
cnn,163,grad_w1,0.05263846769230294
cnn,163,grad_kurtosis_gt,54.462968667493314
cnn,163,grad_kurtosis_sr,32.391911594679605
cnn,163,grad_kurtosis_delta,-22.07105707281371
cnn,163,grad_kurtosis_abs_delta,22.07105707281371
cnn,163,exceed_frac_gt_t5,0.499848
cnn,163,exceed_frac_sr_t5,0.504328
cnn,163,exceed_frac_delta_t5,0.004479999999999984
cnn,163,exceed_frac_abs_delta_t5,0.004479999999999984
cnn,163,exceed_frac_gt_t10,0.025516
cnn,163,exceed_frac_sr_t10,0.027864
cnn,163,exceed_frac_delta_t10,0.0023479999999999994
cnn,163,exceed_frac_abs_delta_t10,0.0023479999999999994
cnn,163,exceed_frac_gt_t15,0.006552
cnn,163,exceed_frac_sr_t15,0.006088
cnn,163,exceed_frac_delta_t15,-0.000464
cnn,163,exceed_frac_abs_delta_t15,0.000464
cnn,163,exceed_frac_gt_p90,0.1
cnn,163,exceed_frac_sr_p90,0.096876
cnn,163,exceed_frac_delta_p90,-0.0031240000000000018
cnn,163,exceed_frac_abs_delta_p90,0.0031240000000000018
cnn,163,exceed_frac_gt_p95,0.05
cnn,163,exceed_frac_sr_p95,0.048716
cnn,163,exceed_frac_delta_p95,-0.0012840000000000004
cnn,163,exceed_frac_abs_delta_p95,0.0012840000000000004
cnn,163,exceed_frac_gt_p99,0.01
cnn,163,exceed_frac_sr_p99,0.009108
cnn,163,exceed_frac_delta_p99,-0.0008920000000000004
cnn,163,exceed_frac_abs_delta_p99,0.0008920000000000004
cnn,163,pd_distance,19.37037318892002
cnn,163,mt_distance,5.698920726776123
cnn,163,ssim,0.6892478867564864
cnn,164,psnr,35.12338331276115
cnn,164,wpd_bias,-0.6584956138879255
cnn,164,wpd_mae,63.43979680784654
cnn,164,wpd_rmse,246.95468875259152
cnn,164,wpd_w1,4.314814754959671
cnn,164,psd_log_l2,0.5910272277777067
cnn,164,psd_slope_gt,1.8539996706150634
cnn,164,psd_slope_sr,1.345895152390987
cnn,164,psd_slope_delta,-0.5081045182240764
cnn,164,psd_slope_abs_delta,0.5081045182240764
cnn,164,grad_mae,0.1859795660054321
cnn,164,grad_w1,0.0688351097391063
cnn,164,grad_kurtosis_gt,56.35284691321084
cnn,164,grad_kurtosis_sr,30.843346961627873
cnn,164,grad_kurtosis_delta,-25.509499951582967
cnn,164,grad_kurtosis_abs_delta,25.509499951582967
cnn,164,exceed_frac_gt_t5,0.546092
cnn,164,exceed_frac_sr_t5,0.549964
cnn,164,exceed_frac_delta_t5,0.0038719999999999866
cnn,164,exceed_frac_abs_delta_t5,0.0038719999999999866
cnn,164,exceed_frac_gt_t10,0.030024
cnn,164,exceed_frac_sr_t10,0.031264
cnn,164,exceed_frac_delta_t10,0.0012400000000000015
cnn,164,exceed_frac_abs_delta_t10,0.0012400000000000015
cnn,164,exceed_frac_gt_t15,0.006916
cnn,164,exceed_frac_sr_t15,0.006268
cnn,164,exceed_frac_delta_t15,-0.0006480000000000001
cnn,164,exceed_frac_abs_delta_t15,0.0006480000000000001
cnn,164,exceed_frac_gt_p90,0.1
cnn,164,exceed_frac_sr_p90,0.099796
cnn,164,exceed_frac_delta_p90,-0.00020400000000000973
cnn,164,exceed_frac_abs_delta_p90,0.00020400000000000973
cnn,164,exceed_frac_gt_p95,0.05
cnn,164,exceed_frac_sr_p95,0.050636
cnn,164,exceed_frac_delta_p95,0.0006359999999999977
cnn,164,exceed_frac_abs_delta_p95,0.0006359999999999977
cnn,164,exceed_frac_gt_p99,0.01
cnn,164,exceed_frac_sr_p99,0.00896
cnn,164,exceed_frac_delta_p99,-0.001040000000000001
cnn,164,exceed_frac_abs_delta_p99,0.001040000000000001
cnn,164,pd_distance,21.46365087746109
cnn,164,mt_distance,5.2430009841918945
cnn,164,ssim,0.6719034405721264
cnn,165,psnr,34.195502061434574
cnn,165,wpd_bias,0.46577856475601853
cnn,165,wpd_mae,93.4022271523011
cnn,165,wpd_rmse,341.2784302410782
cnn,165,wpd_w1,6.2464805919556525
cnn,165,psd_log_l2,0.5960668853357936
cnn,165,psd_slope_gt,2.179563193699524
cnn,165,psd_slope_sr,1.4243233256217025
cnn,165,psd_slope_delta,-0.7552398680778214
cnn,165,psd_slope_abs_delta,0.7552398680778214
cnn,165,grad_mae,0.22747787683009382
cnn,165,grad_w1,0.08453751817334947
cnn,165,grad_kurtosis_gt,44.31106871751048
cnn,165,grad_kurtosis_sr,28.66224062623278
cnn,165,grad_kurtosis_delta,-15.6488280912777
cnn,165,grad_kurtosis_abs_delta,15.6488280912777
cnn,165,exceed_frac_gt_t5,0.606012
cnn,165,exceed_frac_sr_t5,0.60826
cnn,165,exceed_frac_delta_t5,0.0022480000000000278
cnn,165,exceed_frac_abs_delta_t5,0.0022480000000000278
cnn,165,exceed_frac_gt_t10,0.045052
cnn,165,exceed_frac_sr_t10,0.046116
cnn,165,exceed_frac_delta_t10,0.0010639999999999955
cnn,165,exceed_frac_abs_delta_t10,0.0010639999999999955
cnn,165,exceed_frac_gt_t15,0.010728
cnn,165,exceed_frac_sr_t15,0.010336
cnn,165,exceed_frac_delta_t15,-0.000392
cnn,165,exceed_frac_abs_delta_t15,0.000392
cnn,165,exceed_frac_gt_p90,0.1
cnn,165,exceed_frac_sr_p90,0.09858
cnn,165,exceed_frac_delta_p90,-0.0014200000000000046
cnn,165,exceed_frac_abs_delta_p90,0.0014200000000000046
cnn,165,exceed_frac_gt_p95,0.05
cnn,165,exceed_frac_sr_p95,0.051028
cnn,165,exceed_frac_delta_p95,0.0010279999999999942
cnn,165,exceed_frac_abs_delta_p95,0.0010279999999999942
cnn,165,exceed_frac_gt_p99,0.01
cnn,165,exceed_frac_sr_p99,0.009624
cnn,165,exceed_frac_delta_p99,-0.0003759999999999996
cnn,165,exceed_frac_abs_delta_p99,0.0003759999999999996
cnn,165,pd_distance,22.937888715207535
cnn,165,mt_distance,5.059387683868408
cnn,165,ssim,0.6542389158273471
cnn,166,psnr,32.869757587353675
cnn,166,wpd_bias,6.845188741293607
cnn,166,wpd_mae,126.97804322505503
cnn,166,wpd_rmse,437.39501461476766
cnn,166,wpd_w1,14.297900403009768
cnn,166,psd_log_l2,0.546620962822633
cnn,166,psd_slope_gt,2.425537144839458
cnn,166,psd_slope_sr,1.4802339124418062
cnn,166,psd_slope_delta,-0.9453032323976518
cnn,166,psd_slope_abs_delta,0.9453032323976518
cnn,166,grad_mae,0.2541950567379648
cnn,166,grad_w1,0.09196574756183978
cnn,166,grad_kurtosis_gt,34.1039286747155
cnn,166,grad_kurtosis_sr,31.923390629986443
cnn,166,grad_kurtosis_delta,-2.1805380447290545
cnn,166,grad_kurtosis_abs_delta,2.1805380447290545
cnn,166,exceed_frac_gt_t5,0.707184
cnn,166,exceed_frac_sr_t5,0.708352
cnn,166,exceed_frac_delta_t5,0.0011679999999999469
cnn,166,exceed_frac_abs_delta_t5,0.0011679999999999469
cnn,166,exceed_frac_gt_t10,0.076156
cnn,166,exceed_frac_sr_t10,0.080416
cnn,166,exceed_frac_delta_t10,0.00426
cnn,166,exceed_frac_abs_delta_t10,0.00426
cnn,166,exceed_frac_gt_t15,0.017036
cnn,166,exceed_frac_sr_t15,0.015764
cnn,166,exceed_frac_delta_t15,-0.0012719999999999988
cnn,166,exceed_frac_abs_delta_t15,0.0012719999999999988
cnn,166,exceed_frac_gt_p90,0.1
cnn,166,exceed_frac_sr_p90,0.102584
cnn,166,exceed_frac_delta_p90,0.002583999999999989
cnn,166,exceed_frac_abs_delta_p90,0.002583999999999989
cnn,166,exceed_frac_gt_p95,0.05
cnn,166,exceed_frac_sr_p95,0.053408
cnn,166,exceed_frac_delta_p95,0.0034079999999999944
cnn,166,exceed_frac_abs_delta_p95,0.0034079999999999944
cnn,166,exceed_frac_gt_p99,0.01
cnn,166,exceed_frac_sr_p99,0.009576
cnn,166,exceed_frac_delta_p99,-0.00042400000000000077
cnn,166,exceed_frac_abs_delta_p99,0.00042400000000000077
cnn,166,pd_distance,23.890736675966988
cnn,166,mt_distance,6.106489181518555
cnn,166,ssim,0.6234982769051846
cnn,167,psnr,32.66787437643206
cnn,167,wpd_bias,11.500910448614894
cnn,167,wpd_mae,164.76624182919872
cnn,167,wpd_rmse,542.9423884413033
cnn,167,wpd_w1,16.405132707482025
cnn,167,psd_log_l2,0.4631604948391839
cnn,167,psd_slope_gt,2.4054056954944625
cnn,167,psd_slope_sr,1.4000016924164398
cnn,167,psd_slope_delta,-1.0054040030780227
cnn,167,psd_slope_abs_delta,1.0054040030780227
cnn,167,grad_mae,0.2772178425659503
cnn,167,grad_w1,0.0780616324013773
cnn,167,grad_kurtosis_gt,31.404058725117963
cnn,167,grad_kurtosis_sr,26.555034385590506
cnn,167,grad_kurtosis_delta,-4.849024339527457
cnn,167,grad_kurtosis_abs_delta,4.849024339527457
cnn,167,exceed_frac_gt_t5,0.751572
cnn,167,exceed_frac_sr_t5,0.747848
cnn,167,exceed_frac_delta_t5,-0.0037240000000000606
cnn,167,exceed_frac_abs_delta_t5,0.0037240000000000606
cnn,167,exceed_frac_gt_t10,0.1045
cnn,167,exceed_frac_sr_t10,0.107348
cnn,167,exceed_frac_delta_t10,0.0028480000000000033
cnn,167,exceed_frac_abs_delta_t10,0.0028480000000000033
cnn,167,exceed_frac_gt_t15,0.021432
cnn,167,exceed_frac_sr_t15,0.020896
cnn,167,exceed_frac_delta_t15,-0.0005359999999999983
cnn,167,exceed_frac_abs_delta_t15,0.0005359999999999983
cnn,167,exceed_frac_gt_p90,0.1
cnn,167,exceed_frac_sr_p90,0.10292
cnn,167,exceed_frac_delta_p90,0.002919999999999992
cnn,167,exceed_frac_abs_delta_p90,0.002919999999999992
cnn,167,exceed_frac_gt_p95,0.05
cnn,167,exceed_frac_sr_p95,0.054964
cnn,167,exceed_frac_delta_p95,0.004963999999999996
cnn,167,exceed_frac_abs_delta_p95,0.004963999999999996
cnn,167,exceed_frac_gt_p99,0.01
cnn,167,exceed_frac_sr_p99,0.010084
cnn,167,exceed_frac_delta_p99,8.3999999999999e-05
cnn,167,exceed_frac_abs_delta_p99,8.3999999999999e-05
cnn,167,pd_distance,23.479887971191566
cnn,167,mt_distance,5.800627708435059
cnn,167,ssim,0.6191131216917948
gan,0,psnr,30.56886683196192
gan,0,wpd_bias,-23.929900432316913
gan,0,wpd_mae,232.8712609066182
gan,0,wpd_rmse,635.3590529294918
gan,0,wpd_w1,33.49329048225263
gan,0,psd_log_l2,0.5591371070775545
gan,0,psd_slope_gt,2.6422928096341036
gan,0,psd_slope_sr,0.9455573497608243
gan,0,psd_slope_delta,-1.6967354598732793
gan,0,psd_slope_abs_delta,1.6967354598732793
gan,0,grad_mae,0.3674814157891237
gan,0,grad_w1,0.06734089176309455
gan,0,grad_kurtosis_gt,22.02973963265129
gan,0,grad_kurtosis_sr,19.393805015485786
gan,0,grad_kurtosis_delta,-2.6359346171655034
gan,0,grad_kurtosis_abs_delta,2.6359346171655034
gan,0,exceed_frac_gt_t5,0.606616
gan,0,exceed_frac_sr_t5,0.601536
gan,0,exceed_frac_delta_t5,-0.0050800000000000844
gan,0,exceed_frac_abs_delta_t5,0.0050800000000000844
gan,0,exceed_frac_gt_t10,0.220788
gan,0,exceed_frac_sr_t10,0.226096
gan,0,exceed_frac_delta_t10,0.005307999999999979
gan,0,exceed_frac_abs_delta_t10,0.005307999999999979
gan,0,exceed_frac_gt_t15,0.036864
gan,0,exceed_frac_sr_t15,0.032092
gan,0,exceed_frac_delta_t15,-0.0047719999999999985
gan,0,exceed_frac_abs_delta_t15,0.0047719999999999985
gan,0,exceed_frac_gt_p90,0.1
gan,0,exceed_frac_sr_p90,0.090416
gan,0,exceed_frac_delta_p90,-0.00958400000000001
gan,0,exceed_frac_abs_delta_p90,0.00958400000000001
gan,0,exceed_frac_gt_p95,0.05
gan,0,exceed_frac_sr_p95,0.043952
gan,0,exceed_frac_delta_p95,-0.006048000000000005
gan,0,exceed_frac_abs_delta_p95,0.006048000000000005
gan,0,exceed_frac_gt_p99,0.01
gan,0,exceed_frac_sr_p99,0.00846
gan,0,exceed_frac_delta_p99,-0.0015399999999999997
gan,0,exceed_frac_abs_delta_p99,0.0015399999999999997
gan,0,pd_distance,22.540541801445254
gan,0,mt_distance,9.748218536376953
gan,0,ssim,0.5456965092487519
gan,1,psnr,30.732489092006617
gan,1,wpd_bias,-30.235911695222605
gan,1,wpd_mae,263.18362877473606
gan,1,wpd_rmse,728.2230661646629
gan,1,wpd_w1,38.417057420888895
gan,1,psd_log_l2,0.5773172237469754
gan,1,psd_slope_gt,2.7129186069163524
gan,1,psd_slope_sr,0.9287152281220007
gan,1,psd_slope_delta,-1.7842033787943516
gan,1,psd_slope_abs_delta,1.7842033787943516
gan,1,grad_mae,0.3811750065568441
gan,1,grad_w1,0.06529310671377664
gan,1,grad_kurtosis_gt,21.59752764304492
gan,1,grad_kurtosis_sr,19.32146362866992
gan,1,grad_kurtosis_delta,-2.276064014374999
gan,1,grad_kurtosis_abs_delta,2.276064014374999
gan,1,exceed_frac_gt_t5,0.630292
gan,1,exceed_frac_sr_t5,0.624124
gan,1,exceed_frac_delta_t5,-0.006167999999999951
gan,1,exceed_frac_abs_delta_t5,0.006167999999999951
gan,1,exceed_frac_gt_t10,0.2575
gan,1,exceed_frac_sr_t10,0.257124
gan,1,exceed_frac_delta_t10,-0.00037599999999998746
gan,1,exceed_frac_abs_delta_t10,0.00037599999999998746
gan,1,exceed_frac_gt_t15,0.046844
gan,1,exceed_frac_sr_t15,0.040604
gan,1,exceed_frac_delta_t15,-0.0062399999999999956
gan,1,exceed_frac_abs_delta_t15,0.0062399999999999956
gan,1,exceed_frac_gt_p90,0.1
gan,1,exceed_frac_sr_p90,0.090084
gan,1,exceed_frac_delta_p90,-0.009916000000000008
gan,1,exceed_frac_abs_delta_p90,0.009916000000000008
gan,1,exceed_frac_gt_p95,0.05
gan,1,exceed_frac_sr_p95,0.043316
gan,1,exceed_frac_delta_p95,-0.0066840000000000024
gan,1,exceed_frac_abs_delta_p95,0.0066840000000000024
gan,1,exceed_frac_gt_p99,0.01
gan,1,exceed_frac_sr_p99,0.008416
gan,1,exceed_frac_delta_p99,-0.0015840000000000003
gan,1,exceed_frac_abs_delta_p99,0.0015840000000000003
gan,1,pd_distance,22.38874396250744
gan,1,mt_distance,11.978342056274414
gan,1,ssim,0.5437495540541167
gan,2,psnr,30.618027514294244
gan,2,wpd_bias,-43.28645877798159
gan,2,wpd_mae,286.5523436257065
gan,2,wpd_rmse,747.5867387535233
gan,2,wpd_w1,49.493286268792005
gan,2,psd_log_l2,0.5980671879874826
gan,2,psd_slope_gt,2.7598653808089275
gan,2,psd_slope_sr,0.9513223957268503
gan,2,psd_slope_delta,-1.8085429850820773
gan,2,psd_slope_abs_delta,1.8085429850820773
gan,2,grad_mae,0.3867739779970362
gan,2,grad_w1,0.0710205696522468
gan,2,grad_kurtosis_gt,20.27101350618725
gan,2,grad_kurtosis_sr,16.254564916655195
gan,2,grad_kurtosis_delta,-4.016448589532054
gan,2,grad_kurtosis_abs_delta,4.016448589532054
gan,2,exceed_frac_gt_t5,0.659104
gan,2,exceed_frac_sr_t5,0.653152
gan,2,exceed_frac_delta_t5,-0.005952000000000068
gan,2,exceed_frac_abs_delta_t5,0.005952000000000068
gan,2,exceed_frac_gt_t10,0.29094
gan,2,exceed_frac_sr_t10,0.289904
gan,2,exceed_frac_delta_t10,-0.0010359999999999814
gan,2,exceed_frac_abs_delta_t10,0.0010359999999999814
gan,2,exceed_frac_gt_t15,0.058684
gan,2,exceed_frac_sr_t15,0.050392
gan,2,exceed_frac_delta_t15,-0.008292
gan,2,exceed_frac_abs_delta_t15,0.008292
gan,2,exceed_frac_gt_p90,0.1
gan,2,exceed_frac_sr_p90,0.088636
gan,2,exceed_frac_delta_p90,-0.011363999999999999
gan,2,exceed_frac_abs_delta_p90,0.011363999999999999
gan,2,exceed_frac_gt_p95,0.05
gan,2,exceed_frac_sr_p95,0.042572
gan,2,exceed_frac_delta_p95,-0.007428000000000004
gan,2,exceed_frac_abs_delta_p95,0.007428000000000004
gan,2,exceed_frac_gt_p99,0.01
gan,2,exceed_frac_sr_p99,0.007756
gan,2,exceed_frac_delta_p99,-0.0022440000000000003
gan,2,exceed_frac_abs_delta_p99,0.0022440000000000003
gan,2,pd_distance,22.958727889587305
gan,2,mt_distance,8.343221664428711
gan,2,ssim,0.5579721168352849
gan,3,psnr,30.614279698242964
gan,3,wpd_bias,-48.93606897109874
gan,3,wpd_mae,324.32988176693783
gan,3,wpd_rmse,848.3126493226509
gan,3,wpd_w1,58.444802018615
gan,3,psd_log_l2,0.6146002659840847
gan,3,psd_slope_gt,2.8148813567348094
gan,3,psd_slope_sr,0.9450694598696863
gan,3,psd_slope_delta,-1.8698118968651232
gan,3,psd_slope_abs_delta,1.8698118968651232
gan,3,grad_mae,0.3989180145547985
gan,3,grad_w1,0.06886266396582046
gan,3,grad_kurtosis_gt,20.3035498291027
gan,3,grad_kurtosis_sr,18.17857338263113
gan,3,grad_kurtosis_delta,-2.124976446471571
gan,3,grad_kurtosis_abs_delta,2.124976446471571
gan,3,exceed_frac_gt_t5,0.6922
gan,3,exceed_frac_sr_t5,0.687324
gan,3,exceed_frac_delta_t5,-0.0048759999999999915
gan,3,exceed_frac_abs_delta_t5,0.0048759999999999915
gan,3,exceed_frac_gt_t10,0.323652
gan,3,exceed_frac_sr_t10,0.3227
gan,3,exceed_frac_delta_t10,-0.0009520000000000084
gan,3,exceed_frac_abs_delta_t10,0.0009520000000000084
gan,3,exceed_frac_gt_t15,0.071708
gan,3,exceed_frac_sr_t15,0.062864
gan,3,exceed_frac_delta_t15,-0.00884399999999999
gan,3,exceed_frac_abs_delta_t15,0.00884399999999999
gan,3,exceed_frac_gt_p90,0.1
gan,3,exceed_frac_sr_p90,0.090072
gan,3,exceed_frac_delta_p90,-0.009928000000000006
gan,3,exceed_frac_abs_delta_p90,0.009928000000000006
gan,3,exceed_frac_gt_p95,0.05
gan,3,exceed_frac_sr_p95,0.042536
gan,3,exceed_frac_delta_p95,-0.007464000000000005
gan,3,exceed_frac_abs_delta_p95,0.007464000000000005
gan,3,exceed_frac_gt_p99,0.01
gan,3,exceed_frac_sr_p99,0.00768
gan,3,exceed_frac_delta_p99,-0.00232
gan,3,exceed_frac_abs_delta_p99,0.00232
gan,3,pd_distance,23.395576173496664
gan,3,mt_distance,9.753995895385742
gan,3,ssim,0.5553843797958297
gan,4,psnr,30.173903705147463
gan,4,wpd_bias,-56.26445677817653
gan,4,wpd_mae,346.14502480255044
gan,4,wpd_rmse,861.0364561856394
gan,4,wpd_w1,61.96990299695135
gan,4,psd_log_l2,0.6312109785871217
gan,4,psd_slope_gt,2.7681666845347146
gan,4,psd_slope_sr,0.9209067035431429
gan,4,psd_slope_delta,-1.8472599809915717
gan,4,psd_slope_abs_delta,1.8472599809915717
gan,4,grad_mae,0.41031573627191736
gan,4,grad_w1,0.07460440784103267
gan,4,grad_kurtosis_gt,19.823823685874085
gan,4,grad_kurtosis_sr,15.948239506794073
gan,4,grad_kurtosis_delta,-3.875584179080013
gan,4,grad_kurtosis_abs_delta,3.875584179080013
gan,4,exceed_frac_gt_t5,0.735992
gan,4,exceed_frac_sr_t5,0.7266
gan,4,exceed_frac_delta_t5,-0.009391999999999956
gan,4,exceed_frac_abs_delta_t5,0.009391999999999956
gan,4,exceed_frac_gt_t10,0.362432
gan,4,exceed_frac_sr_t10,0.358
gan,4,exceed_frac_delta_t10,-0.0044319999999999915
gan,4,exceed_frac_abs_delta_t10,0.0044319999999999915
gan,4,exceed_frac_gt_t15,0.08138
gan,4,exceed_frac_sr_t15,0.072768
gan,4,exceed_frac_delta_t15,-0.008611999999999995
gan,4,exceed_frac_abs_delta_t15,0.008611999999999995
gan,4,exceed_frac_gt_p90,0.1
gan,4,exceed_frac_sr_p90,0.08944
gan,4,exceed_frac_delta_p90,-0.01056
gan,4,exceed_frac_abs_delta_p90,0.01056
gan,4,exceed_frac_gt_p95,0.05
gan,4,exceed_frac_sr_p95,0.042728
gan,4,exceed_frac_delta_p95,-0.007272000000000001
gan,4,exceed_frac_abs_delta_p95,0.007272000000000001
gan,4,exceed_frac_gt_p99,0.01
gan,4,exceed_frac_sr_p99,0.008088
gan,4,exceed_frac_delta_p99,-0.0019120000000000005
gan,4,exceed_frac_abs_delta_p99,0.0019120000000000005
gan,4,pd_distance,22.91065989660919
gan,4,mt_distance,8.064751625061035
gan,4,ssim,0.5388053666231073
gan,5,psnr,30.30462547846664
gan,5,wpd_bias,-56.37363310167396
gan,5,wpd_mae,357.4089246474877
gan,5,wpd_rmse,842.2411274859652
gan,5,wpd_w1,58.58750500476885
gan,5,psd_log_l2,0.6249307968423689
gan,5,psd_slope_gt,2.752955266017228
gan,5,psd_slope_sr,0.8955225774222799
gan,5,psd_slope_delta,-1.857432688594948
gan,5,psd_slope_abs_delta,1.857432688594948
gan,5,grad_mae,0.4148898891982404
gan,5,grad_w1,0.07866338792677946
gan,5,grad_kurtosis_gt,19.919202973031233
gan,5,grad_kurtosis_sr,15.342158152052637
gan,5,grad_kurtosis_delta,-4.577044820978596
gan,5,grad_kurtosis_abs_delta,4.577044820978596
gan,5,exceed_frac_gt_t5,0.790428
gan,5,exceed_frac_sr_t5,0.780516
gan,5,exceed_frac_delta_t5,-0.009912000000000032
gan,5,exceed_frac_abs_delta_t5,0.009912000000000032
gan,5,exceed_frac_gt_t10,0.398252
gan,5,exceed_frac_sr_t10,0.397448
gan,5,exceed_frac_delta_t10,-0.0008039999999999714
gan,5,exceed_frac_abs_delta_t10,0.0008039999999999714
gan,5,exceed_frac_gt_t15,0.087164
gan,5,exceed_frac_sr_t15,0.077312
gan,5,exceed_frac_delta_t15,-0.009852
gan,5,exceed_frac_abs_delta_t15,0.009852
gan,5,exceed_frac_gt_p90,0.1
gan,5,exceed_frac_sr_p90,0.08958
gan,5,exceed_frac_delta_p90,-0.010419999999999999
gan,5,exceed_frac_abs_delta_p90,0.010419999999999999
gan,5,exceed_frac_gt_p95,0.05
gan,5,exceed_frac_sr_p95,0.041492
gan,5,exceed_frac_delta_p95,-0.008508000000000002
gan,5,exceed_frac_abs_delta_p95,0.008508000000000002
gan,5,exceed_frac_gt_p99,0.01
gan,5,exceed_frac_sr_p99,0.007424
gan,5,exceed_frac_delta_p99,-0.002576
gan,5,exceed_frac_abs_delta_p99,0.002576
gan,5,pd_distance,22.503507148952195
gan,5,mt_distance,6.406379699707031
gan,5,ssim,0.5063255174707905
gan,6,psnr,30.267567264037826
gan,6,wpd_bias,-52.468732234176585
gan,6,wpd_mae,367.99679737620306
gan,6,wpd_rmse,833.148606472782
gan,6,wpd_w1,54.64918118897073
gan,6,psd_log_l2,0.6341319725591277
gan,6,psd_slope_gt,2.708055286320496
gan,6,psd_slope_sr,0.9265386341912663
gan,6,psd_slope_delta,-1.7815166521292298
gan,6,psd_slope_abs_delta,1.7815166521292298
gan,6,grad_mae,0.416806374265241
gan,6,grad_w1,0.06722489976624592
gan,6,grad_kurtosis_gt,19.21963214301053
gan,6,grad_kurtosis_sr,14.166224075789392
gan,6,grad_kurtosis_delta,-5.053408067221136
gan,6,grad_kurtosis_abs_delta,5.053408067221136
gan,6,exceed_frac_gt_t5,0.829016
gan,6,exceed_frac_sr_t5,0.817692
gan,6,exceed_frac_delta_t5,-0.011324
gan,6,exceed_frac_abs_delta_t5,0.011324
gan,6,exceed_frac_gt_t10,0.434664
gan,6,exceed_frac_sr_t10,0.434776
gan,6,exceed_frac_delta_t10,0.00011200000000000099
gan,6,exceed_frac_abs_delta_t10,0.00011200000000000099
gan,6,exceed_frac_gt_t15,0.090252
gan,6,exceed_frac_sr_t15,0.08246
gan,6,exceed_frac_delta_t15,-0.007791999999999993
gan,6,exceed_frac_abs_delta_t15,0.007791999999999993
gan,6,exceed_frac_gt_p90,0.1
gan,6,exceed_frac_sr_p90,0.091512
gan,6,exceed_frac_delta_p90,-0.00848800000000001
gan,6,exceed_frac_abs_delta_p90,0.00848800000000001
gan,6,exceed_frac_gt_p95,0.05
gan,6,exceed_frac_sr_p95,0.040808
gan,6,exceed_frac_delta_p95,-0.009192000000000006
gan,6,exceed_frac_abs_delta_p95,0.009192000000000006
gan,6,exceed_frac_gt_p99,0.01
gan,6,exceed_frac_sr_p99,0.006944
gan,6,exceed_frac_delta_p99,-0.0030560000000000006
gan,6,exceed_frac_abs_delta_p99,0.0030560000000000006
gan,6,pd_distance,24.045087776300683
gan,6,mt_distance,6.0106329917907715
gan,6,ssim,0.5151812289202357
gan,7,psnr,30.00528812655387
gan,7,wpd_bias,-52.68439176781751
gan,7,wpd_mae,362.09628774014067
gan,7,wpd_rmse,790.9926744038224
gan,7,wpd_w1,63.22167358250804
gan,7,psd_log_l2,0.6541259987583254
gan,7,psd_slope_gt,2.6863219912181293
gan,7,psd_slope_sr,0.893862588032401
gan,7,psd_slope_delta,-1.7924594031857284
gan,7,psd_slope_abs_delta,1.7924594031857284
gan,7,grad_mae,0.4095720239951377
gan,7,grad_w1,0.07129465895060019
gan,7,grad_kurtosis_gt,19.40674891989679
gan,7,grad_kurtosis_sr,14.902799037672715
gan,7,grad_kurtosis_delta,-4.503949882224074
gan,7,grad_kurtosis_abs_delta,4.503949882224074
gan,7,exceed_frac_gt_t5,0.86922
gan,7,exceed_frac_sr_t5,0.8627
gan,7,exceed_frac_delta_t5,-0.00651999999999997
gan,7,exceed_frac_abs_delta_t5,0.00651999999999997
gan,7,exceed_frac_gt_t10,0.460136
gan,7,exceed_frac_sr_t10,0.465056
gan,7,exceed_frac_delta_t10,0.0049200000000000355
gan,7,exceed_frac_abs_delta_t10,0.0049200000000000355
gan,7,exceed_frac_gt_t15,0.095252
gan,7,exceed_frac_sr_t15,0.085104
gan,7,exceed_frac_delta_t15,-0.010148000000000004
gan,7,exceed_frac_abs_delta_t15,0.010148000000000004
gan,7,exceed_frac_gt_p90,0.1
gan,7,exceed_frac_sr_p90,0.08984
gan,7,exceed_frac_delta_p90,-0.010160000000000002
gan,7,exceed_frac_abs_delta_p90,0.010160000000000002
gan,7,exceed_frac_gt_p95,0.05
gan,7,exceed_frac_sr_p95,0.041128
gan,7,exceed_frac_delta_p95,-0.008872000000000005
gan,7,exceed_frac_abs_delta_p95,0.008872000000000005
gan,7,exceed_frac_gt_p99,0.01
gan,7,exceed_frac_sr_p99,0.006388
gan,7,exceed_frac_delta_p99,-0.0036120000000000006
gan,7,exceed_frac_abs_delta_p99,0.0036120000000000006
gan,7,pd_distance,22.553824952557566
gan,7,mt_distance,7.113770008087158
gan,7,ssim,0.48029690406913494
gan,8,psnr,30.40523844100236
gan,8,wpd_bias,-48.610859797738236
gan,8,wpd_mae,349.530122594766
gan,8,wpd_rmse,736.3017482962775
gan,8,wpd_w1,58.0041568976074
gan,8,psd_log_l2,0.67391478655319
gan,8,psd_slope_gt,2.681394427062346
gan,8,psd_slope_sr,0.8677584451106114
gan,8,psd_slope_delta,-1.8136359819517347
gan,8,psd_slope_abs_delta,1.8136359819517347
gan,8,grad_mae,0.4007881598446069
gan,8,grad_w1,0.07466408814876796
gan,8,grad_kurtosis_gt,19.72492902925247
gan,8,grad_kurtosis_sr,14.763146254334902
gan,8,grad_kurtosis_delta,-4.961782774917566
gan,8,grad_kurtosis_abs_delta,4.961782774917566
gan,8,exceed_frac_gt_t5,0.900284
gan,8,exceed_frac_sr_t5,0.893912
gan,8,exceed_frac_delta_t5,-0.006371999999999933
gan,8,exceed_frac_abs_delta_t5,0.006371999999999933
gan,8,exceed_frac_gt_t10,0.493224
gan,8,exceed_frac_sr_t10,0.49696
gan,8,exceed_frac_delta_t10,0.003736000000000017
gan,8,exceed_frac_abs_delta_t10,0.003736000000000017
gan,8,exceed_frac_gt_t15,0.099704
gan,8,exceed_frac_sr_t15,0.088316
gan,8,exceed_frac_delta_t15,-0.011387999999999995
gan,8,exceed_frac_abs_delta_t15,0.011387999999999995
gan,8,exceed_frac_gt_p90,0.1
gan,8,exceed_frac_sr_p90,0.088588
gan,8,exceed_frac_delta_p90,-0.011412000000000005
gan,8,exceed_frac_abs_delta_p90,0.011412000000000005
gan,8,exceed_frac_gt_p95,0.05
gan,8,exceed_frac_sr_p95,0.040168
gan,8,exceed_frac_delta_p95,-0.009832
gan,8,exceed_frac_abs_delta_p95,0.009832
gan,8,exceed_frac_gt_p99,0.01
gan,8,exceed_frac_sr_p99,0.006908
gan,8,exceed_frac_delta_p99,-0.003092
gan,8,exceed_frac_abs_delta_p99,0.003092
gan,8,pd_distance,23.282081530392528
gan,8,mt_distance,6.055016040802002
gan,8,ssim,0.4823232134970159
gan,9,psnr,30.265537172001572
gan,9,wpd_bias,-33.56576704341278
gan,9,wpd_mae,344.42788096174087
gan,9,wpd_rmse,679.1343220547698
gan,9,wpd_w1,40.02471878068424
gan,9,psd_log_l2,0.6767633293744656
gan,9,psd_slope_gt,2.6240306047279827
gan,9,psd_slope_sr,0.8778146884782235
gan,9,psd_slope_delta,-1.746215916249759
gan,9,psd_slope_abs_delta,1.746215916249759
gan,9,grad_mae,0.39398853464369327
gan,9,grad_w1,0.052094475952956285
gan,9,grad_kurtosis_gt,18.89682228236527
gan,9,grad_kurtosis_sr,14.448142261598946
gan,9,grad_kurtosis_delta,-4.448680020766325
gan,9,grad_kurtosis_abs_delta,4.448680020766325
gan,9,exceed_frac_gt_t5,0.92978
gan,9,exceed_frac_sr_t5,0.927084
gan,9,exceed_frac_delta_t5,-0.0026960000000000317
gan,9,exceed_frac_abs_delta_t5,0.0026960000000000317
gan,9,exceed_frac_gt_t10,0.53286
gan,9,exceed_frac_sr_t10,0.533196
gan,9,exceed_frac_delta_t10,0.00033600000000000296
gan,9,exceed_frac_abs_delta_t10,0.00033600000000000296
gan,9,exceed_frac_gt_t15,0.107044
gan,9,exceed_frac_sr_t15,0.099
gan,9,exceed_frac_delta_t15,-0.008043999999999996
gan,9,exceed_frac_abs_delta_t15,0.008043999999999996
gan,9,exceed_frac_gt_p90,0.1
gan,9,exceed_frac_sr_p90,0.09034
gan,9,exceed_frac_delta_p90,-0.009660000000000002
gan,9,exceed_frac_abs_delta_p90,0.009660000000000002
gan,9,exceed_frac_gt_p95,0.05
gan,9,exceed_frac_sr_p95,0.041832
gan,9,exceed_frac_delta_p95,-0.008168000000000002
gan,9,exceed_frac_abs_delta_p95,0.008168000000000002
gan,9,exceed_frac_gt_p99,0.01
gan,9,exceed_frac_sr_p99,0.006596
gan,9,exceed_frac_delta_p99,-0.003404
gan,9,exceed_frac_abs_delta_p99,0.003404
gan,9,pd_distance,23.481609150211327
gan,9,mt_distance,6.291722297668457
gan,9,ssim,0.4794547186498735
gan,10,psnr,30.53056327000849
gan,10,wpd_bias,-25.020247888013085
gan,10,wpd_mae,342.4962762984713
gan,10,wpd_rmse,646.862797917265
gan,10,wpd_w1,38.03373442562223
gan,10,psd_log_l2,0.6567610312860674
gan,10,psd_slope_gt,2.5408636514117626
gan,10,psd_slope_sr,0.8666056148289828
gan,10,psd_slope_delta,-1.67425803658278
gan,10,psd_slope_abs_delta,1.67425803658278
gan,10,grad_mae,0.39237525682574886
gan,10,grad_w1,0.04090252157971389
gan,10,grad_kurtosis_gt,19.156872458932394
gan,10,grad_kurtosis_sr,14.96619949441831
gan,10,grad_kurtosis_delta,-4.190672964514084
gan,10,grad_kurtosis_abs_delta,4.190672964514084
gan,10,exceed_frac_gt_t5,0.945176
gan,10,exceed_frac_sr_t5,0.946504
gan,10,exceed_frac_delta_t5,0.0013279999999999959
gan,10,exceed_frac_abs_delta_t5,0.0013279999999999959
gan,10,exceed_frac_gt_t10,0.556484
gan,10,exceed_frac_sr_t10,0.558532
gan,10,exceed_frac_delta_t10,0.0020480000000000498
gan,10,exceed_frac_abs_delta_t10,0.0020480000000000498
gan,10,exceed_frac_gt_t15,0.116736
gan,10,exceed_frac_sr_t15,0.109584
gan,10,exceed_frac_delta_t15,-0.007152000000000006
gan,10,exceed_frac_abs_delta_t15,0.007152000000000006
gan,10,exceed_frac_gt_p90,0.1
gan,10,exceed_frac_sr_p90,0.093188
gan,10,exceed_frac_delta_p90,-0.0068120000000000125
gan,10,exceed_frac_abs_delta_p90,0.0068120000000000125
gan,10,exceed_frac_gt_p95,0.05
gan,10,exceed_frac_sr_p95,0.041624
gan,10,exceed_frac_delta_p95,-0.008376000000000001
gan,10,exceed_frac_abs_delta_p95,0.008376000000000001
gan,10,exceed_frac_gt_p99,0.01
gan,10,exceed_frac_sr_p99,0.006368
gan,10,exceed_frac_delta_p99,-0.003632
gan,10,exceed_frac_abs_delta_p99,0.003632
gan,10,pd_distance,24.710016041893063
gan,10,mt_distance,7.423793315887451
gan,10,ssim,0.48704260594469306
gan,11,psnr,30.248659281772067
gan,11,wpd_bias,-11.113953090561832
gan,11,wpd_mae,344.3242148440382
gan,11,wpd_rmse,622.9386690756429
gan,11,wpd_w1,32.83493861208658
gan,11,psd_log_l2,0.6331178339361175
gan,11,psd_slope_gt,2.352269965977851
gan,11,psd_slope_sr,0.8508015714435008
gan,11,psd_slope_delta,-1.5014683945343505
gan,11,psd_slope_abs_delta,1.5014683945343505
gan,11,grad_mae,0.39941387185061805
gan,11,grad_w1,0.033568091611494814
gan,11,grad_kurtosis_gt,18.284984904522606
gan,11,grad_kurtosis_sr,15.343554438988825
gan,11,grad_kurtosis_delta,-2.941430465533781
gan,11,grad_kurtosis_abs_delta,2.941430465533781
gan,11,exceed_frac_gt_t5,0.946068
gan,11,exceed_frac_sr_t5,0.948544
gan,11,exceed_frac_delta_t5,0.0024760000000000337
gan,11,exceed_frac_abs_delta_t5,0.0024760000000000337
gan,11,exceed_frac_gt_t10,0.582608
gan,11,exceed_frac_sr_t10,0.586068
gan,11,exceed_frac_delta_t10,0.0034600000000000186
gan,11,exceed_frac_abs_delta_t10,0.0034600000000000186
gan,11,exceed_frac_gt_t15,0.132712
gan,11,exceed_frac_sr_t15,0.129652
gan,11,exceed_frac_delta_t15,-0.003060000000000007
gan,11,exceed_frac_abs_delta_t15,0.003060000000000007
gan,11,exceed_frac_gt_p90,0.1
gan,11,exceed_frac_sr_p90,0.094464
gan,11,exceed_frac_delta_p90,-0.005535999999999999
gan,11,exceed_frac_abs_delta_p90,0.005535999999999999
gan,11,exceed_frac_gt_p95,0.05
gan,11,exceed_frac_sr_p95,0.043824
gan,11,exceed_frac_delta_p95,-0.006176000000000001
gan,11,exceed_frac_abs_delta_p95,0.006176000000000001
gan,11,exceed_frac_gt_p99,0.01
gan,11,exceed_frac_sr_p99,0.006144
gan,11,exceed_frac_delta_p99,-0.003856
gan,11,exceed_frac_abs_delta_p99,0.003856
gan,11,pd_distance,24.969867761946066
gan,11,mt_distance,7.831723690032959
gan,11,ssim,0.4423450038723768
gan,12,psnr,29.722956551464673
gan,12,wpd_bias,-6.476021247703606
gan,12,wpd_mae,339.54737388718826
gan,12,wpd_rmse,589.640514041184
gan,12,wpd_w1,30.83364433689082
gan,12,psd_log_l2,0.6403149726723225
gan,12,psd_slope_gt,2.2636711597595545
gan,12,psd_slope_sr,0.8285252155236973
gan,12,psd_slope_delta,-1.4351459442358572
gan,12,psd_slope_abs_delta,1.4351459442358572
gan,12,grad_mae,0.3986705431741365
gan,12,grad_w1,0.038296960361608644
gan,12,grad_kurtosis_gt,17.398512855685922
gan,12,grad_kurtosis_sr,16.155804877879827
gan,12,grad_kurtosis_delta,-1.242707977806095
gan,12,grad_kurtosis_abs_delta,1.242707977806095
gan,12,exceed_frac_gt_t5,0.928128
gan,12,exceed_frac_sr_t5,0.933024
gan,12,exceed_frac_delta_t5,0.0048960000000000115
gan,12,exceed_frac_abs_delta_t5,0.0048960000000000115
gan,12,exceed_frac_gt_t10,0.61038
gan,12,exceed_frac_sr_t10,0.616136
gan,12,exceed_frac_delta_t10,0.005755999999999983
gan,12,exceed_frac_abs_delta_t10,0.005755999999999983
gan,12,exceed_frac_gt_t15,0.156016
gan,12,exceed_frac_sr_t15,0.152932
gan,12,exceed_frac_delta_t15,-0.0030839999999999756
gan,12,exceed_frac_abs_delta_t15,0.0030839999999999756
gan,12,exceed_frac_gt_p90,0.1
gan,12,exceed_frac_sr_p90,0.095636
gan,12,exceed_frac_delta_p90,-0.004364000000000007
gan,12,exceed_frac_abs_delta_p90,0.004364000000000007
gan,12,exceed_frac_gt_p95,0.05
gan,12,exceed_frac_sr_p95,0.045256
gan,12,exceed_frac_delta_p95,-0.004744000000000005
gan,12,exceed_frac_abs_delta_p95,0.004744000000000005
gan,12,exceed_frac_gt_p99,0.01
gan,12,exceed_frac_sr_p99,0.007508
gan,12,exceed_frac_delta_p99,-0.0024920000000000003
gan,12,exceed_frac_abs_delta_p99,0.0024920000000000003
gan,12,pd_distance,24.220613253945245
gan,12,mt_distance,5.913707256317139
gan,12,ssim,0.48221312968176655
gan,13,psnr,28.50381061763696
gan,13,wpd_bias,-1.6425917520417157
gan,13,wpd_mae,341.7775550574463
gan,13,wpd_rmse,568.9208296263631
gan,13,wpd_w1,35.50590166924508
gan,13,psd_log_l2,0.6905564062046129
gan,13,psd_slope_gt,2.2584046099765724
gan,13,psd_slope_sr,0.8239165386961693
gan,13,psd_slope_delta,-1.4344880712804031
gan,13,psd_slope_abs_delta,1.4344880712804031
gan,13,grad_mae,0.39845126043163803
gan,13,grad_w1,0.03769103503194276
gan,13,grad_kurtosis_gt,16.310437927162244
gan,13,grad_kurtosis_sr,15.369356035180097
gan,13,grad_kurtosis_delta,-0.9410818919821473
gan,13,grad_kurtosis_abs_delta,0.9410818919821473
gan,13,exceed_frac_gt_t5,0.911432
gan,13,exceed_frac_sr_t5,0.91904
gan,13,exceed_frac_delta_t5,0.007607999999999948
gan,13,exceed_frac_abs_delta_t5,0.007607999999999948
gan,13,exceed_frac_gt_t10,0.639384
gan,13,exceed_frac_sr_t10,0.647928
gan,13,exceed_frac_delta_t10,0.008543999999999996
gan,13,exceed_frac_abs_delta_t10,0.008543999999999996
gan,13,exceed_frac_gt_t15,0.18406
gan,13,exceed_frac_sr_t15,0.180132
gan,13,exceed_frac_delta_t15,-0.003928000000000015
gan,13,exceed_frac_abs_delta_t15,0.003928000000000015
gan,13,exceed_frac_gt_p90,0.1
gan,13,exceed_frac_sr_p90,0.096216
gan,13,exceed_frac_delta_p90,-0.0037840000000000096
gan,13,exceed_frac_abs_delta_p90,0.0037840000000000096
gan,13,exceed_frac_gt_p95,0.05
gan,13,exceed_frac_sr_p95,0.045428
gan,13,exceed_frac_delta_p95,-0.004572
gan,13,exceed_frac_abs_delta_p95,0.004572
gan,13,exceed_frac_gt_p99,0.01
gan,13,exceed_frac_sr_p99,0.009348
gan,13,exceed_frac_delta_p99,-0.0006519999999999998
gan,13,exceed_frac_abs_delta_p99,0.0006519999999999998
gan,13,pd_distance,24.323688014436637
gan,13,mt_distance,7.402252674102783
gan,13,ssim,0.4660629232215931
gan,14,psnr,28.91008772635589
gan,14,wpd_bias,-11.407172332393078
gan,14,wpd_mae,328.82917456197185
gan,14,wpd_rmse,532.7675931971912
gan,14,wpd_w1,41.5881124956572
gan,14,psd_log_l2,0.7344550112840007
gan,14,psd_slope_gt,2.2153010832986104
gan,14,psd_slope_sr,0.7944293297689748
gan,14,psd_slope_delta,-1.4208717535296356
gan,14,psd_slope_abs_delta,1.4208717535296356
gan,14,grad_mae,0.3844604159070821
gan,14,grad_w1,0.0408457193705617
gan,14,grad_kurtosis_gt,16.013966649561837
gan,14,grad_kurtosis_sr,15.37426012669213
gan,14,grad_kurtosis_delta,-0.639706522869707
gan,14,grad_kurtosis_abs_delta,0.639706522869707
gan,14,exceed_frac_gt_t5,0.890516
gan,14,exceed_frac_sr_t5,0.900416
gan,14,exceed_frac_delta_t5,0.00990000000000002
gan,14,exceed_frac_abs_delta_t5,0.00990000000000002
gan,14,exceed_frac_gt_t10,0.624644
gan,14,exceed_frac_sr_t10,0.632332
gan,14,exceed_frac_delta_t10,0.007688000000000028
gan,14,exceed_frac_abs_delta_t10,0.007688000000000028
gan,14,exceed_frac_gt_t15,0.217792
gan,14,exceed_frac_sr_t15,0.213152
gan,14,exceed_frac_delta_t15,-0.004640000000000005
gan,14,exceed_frac_abs_delta_t15,0.004640000000000005
gan,14,exceed_frac_gt_p90,0.1
gan,14,exceed_frac_sr_p90,0.09622
gan,14,exceed_frac_delta_p90,-0.0037800000000000056
gan,14,exceed_frac_abs_delta_p90,0.0037800000000000056
gan,14,exceed_frac_gt_p95,0.05
gan,14,exceed_frac_sr_p95,0.04704
gan,14,exceed_frac_delta_p95,-0.0029600000000000043
gan,14,exceed_frac_abs_delta_p95,0.0029600000000000043
gan,14,exceed_frac_gt_p99,0.01
gan,14,exceed_frac_sr_p99,0.005416
gan,14,exceed_frac_delta_p99,-0.004584
gan,14,exceed_frac_abs_delta_p99,0.004584
gan,14,pd_distance,21.511818920550414
gan,14,mt_distance,5.877835750579834
gan,14,ssim,0.47810267568438236
gan,15,psnr,29.589560869451915
gan,15,wpd_bias,-1.9455299544149462
gan,15,wpd_mae,304.65506580452814
gan,15,wpd_rmse,507.78216570188715
gan,15,wpd_w1,31.728672924292766
gan,15,psd_log_l2,0.7300285838759425
gan,15,psd_slope_gt,2.088418536738446
gan,15,psd_slope_sr,0.7013407537004672
gan,15,psd_slope_delta,-1.3870777830379788
gan,15,psd_slope_abs_delta,1.3870777830379788
gan,15,grad_mae,0.3563680676205963
gan,15,grad_w1,0.03752681677885519
gan,15,grad_kurtosis_gt,15.547032246864896
gan,15,grad_kurtosis_sr,17.612482220434195
gan,15,grad_kurtosis_delta,2.065449973569299
gan,15,grad_kurtosis_abs_delta,2.065449973569299
gan,15,exceed_frac_gt_t5,0.856176
gan,15,exceed_frac_sr_t5,0.867924
gan,15,exceed_frac_delta_t5,0.01174799999999998
gan,15,exceed_frac_abs_delta_t5,0.01174799999999998
gan,15,exceed_frac_gt_t10,0.585716
gan,15,exceed_frac_sr_t10,0.5913
gan,15,exceed_frac_delta_t10,0.005584000000000033
gan,15,exceed_frac_abs_delta_t10,0.005584000000000033
gan,15,exceed_frac_gt_t15,0.241248
gan,15,exceed_frac_sr_t15,0.240248
gan,15,exceed_frac_delta_t15,-0.0010000000000000009
gan,15,exceed_frac_abs_delta_t15,0.0010000000000000009
gan,15,exceed_frac_gt_p90,0.1
gan,15,exceed_frac_sr_p90,0.099456
gan,15,exceed_frac_delta_p90,-0.0005440000000000028
gan,15,exceed_frac_abs_delta_p90,0.0005440000000000028
gan,15,exceed_frac_gt_p95,0.05
gan,15,exceed_frac_sr_p95,0.048888
gan,15,exceed_frac_delta_p95,-0.0011120000000000019
gan,15,exceed_frac_abs_delta_p95,0.0011120000000000019
gan,15,exceed_frac_gt_p99,0.01
gan,15,exceed_frac_sr_p99,0.005824
gan,15,exceed_frac_delta_p99,-0.004176
gan,15,exceed_frac_abs_delta_p99,0.004176
gan,15,pd_distance,19.148010639364745
gan,15,mt_distance,5.86716890335083
gan,15,ssim,0.4846016668846546
gan,16,psnr,30.377376020687414
gan,16,wpd_bias,-8.80870968223194
gan,16,wpd_mae,294.94634611176224
gan,16,wpd_rmse,495.50522370170654
gan,16,wpd_w1,42.68351912343216
gan,16,psd_log_l2,0.7117325701226265
gan,16,psd_slope_gt,1.921716330194096
gan,16,psd_slope_sr,0.6804665590056422
gan,16,psd_slope_delta,-1.2412497711884538
gan,16,psd_slope_abs_delta,1.2412497711884538
gan,16,grad_mae,0.3328234712699934
gan,16,grad_w1,0.043829317169734164
gan,16,grad_kurtosis_gt,17.77867267231509
gan,16,grad_kurtosis_sr,17.027577905974084
gan,16,grad_kurtosis_delta,-0.751094766341005
gan,16,grad_kurtosis_abs_delta,0.751094766341005
gan,16,exceed_frac_gt_t5,0.838356
gan,16,exceed_frac_sr_t5,0.84754
gan,16,exceed_frac_delta_t5,0.00918399999999997
gan,16,exceed_frac_abs_delta_t5,0.00918399999999997
gan,16,exceed_frac_gt_t10,0.549872
gan,16,exceed_frac_sr_t10,0.556272
gan,16,exceed_frac_delta_t10,0.006399999999999961
gan,16,exceed_frac_abs_delta_t10,0.006399999999999961
gan,16,exceed_frac_gt_t15,0.266504
gan,16,exceed_frac_sr_t15,0.264748
gan,16,exceed_frac_delta_t15,-0.0017560000000000353
gan,16,exceed_frac_abs_delta_t15,0.0017560000000000353
gan,16,exceed_frac_gt_p90,0.1
gan,16,exceed_frac_sr_p90,0.097364
gan,16,exceed_frac_delta_p90,-0.0026359999999999995
gan,16,exceed_frac_abs_delta_p90,0.0026359999999999995
gan,16,exceed_frac_gt_p95,0.05
gan,16,exceed_frac_sr_p95,0.04634
gan,16,exceed_frac_delta_p95,-0.0036600000000000035
gan,16,exceed_frac_abs_delta_p95,0.0036600000000000035
gan,16,exceed_frac_gt_p99,0.01
gan,16,exceed_frac_sr_p99,0.005228
gan,16,exceed_frac_delta_p99,-0.004772
gan,16,exceed_frac_abs_delta_p99,0.004772
gan,16,pd_distance,17.324485324726012
gan,16,mt_distance,5.255205154418945
gan,16,ssim,0.5087198079806535
gan,17,psnr,30.553361435697887
gan,17,wpd_bias,-0.8645196197459013
gan,17,wpd_mae,290.87612744671685
gan,17,wpd_rmse,517.6422465654327
gan,17,wpd_w1,46.01329970075698
gan,17,psd_log_l2,0.6988535533844354
gan,17,psd_slope_gt,1.695904487052876
gan,17,psd_slope_sr,0.6397078965527205
gan,17,psd_slope_delta,-1.0561965905001556
gan,17,psd_slope_abs_delta,1.0561965905001556
gan,17,grad_mae,0.3172274667764091
gan,17,grad_w1,0.04104915362087915
gan,17,grad_kurtosis_gt,18.110533198112872
gan,17,grad_kurtosis_sr,16.602822554571716
gan,17,grad_kurtosis_delta,-1.5077106435411558
gan,17,grad_kurtosis_abs_delta,1.5077106435411558
gan,17,exceed_frac_gt_t5,0.82844
gan,17,exceed_frac_sr_t5,0.836908
gan,17,exceed_frac_delta_t5,0.008468000000000031
gan,17,exceed_frac_abs_delta_t5,0.008468000000000031
gan,17,exceed_frac_gt_t10,0.52062
gan,17,exceed_frac_sr_t10,0.532436
gan,17,exceed_frac_delta_t10,0.011816000000000049
gan,17,exceed_frac_abs_delta_t10,0.011816000000000049
gan,17,exceed_frac_gt_t15,0.291112
gan,17,exceed_frac_sr_t15,0.292384
gan,17,exceed_frac_delta_t15,0.0012719999999999954
gan,17,exceed_frac_abs_delta_t15,0.0012719999999999954
gan,17,exceed_frac_gt_p90,0.1
gan,17,exceed_frac_sr_p90,0.098448
gan,17,exceed_frac_delta_p90,-0.0015520000000000117
gan,17,exceed_frac_abs_delta_p90,0.0015520000000000117
gan,17,exceed_frac_gt_p95,0.05
gan,17,exceed_frac_sr_p95,0.047856
gan,17,exceed_frac_delta_p95,-0.002144
gan,17,exceed_frac_abs_delta_p95,0.002144
gan,17,exceed_frac_gt_p99,0.01
gan,17,exceed_frac_sr_p99,0.005152
gan,17,exceed_frac_delta_p99,-0.004848
gan,17,exceed_frac_abs_delta_p99,0.004848
gan,17,pd_distance,17.11808749868573
gan,17,mt_distance,4.8487091064453125
gan,17,ssim,0.46196998789599425
gan,18,psnr,30.733400245915007
gan,18,wpd_bias,-5.544418250693469
gan,18,wpd_mae,313.15130041099235
gan,18,wpd_rmse,582.8653942256348
gan,18,wpd_w1,65.67995680371621
gan,18,psd_log_l2,0.6775719478905032
gan,18,psd_slope_gt,1.562141682604286
gan,18,psd_slope_sr,0.5960850256885037
gan,18,psd_slope_delta,-0.9660566569157822
gan,18,psd_slope_abs_delta,0.9660566569157822
gan,18,grad_mae,0.3165743263905281
gan,18,grad_w1,0.042916664094392085
gan,18,grad_kurtosis_gt,22.33240868259696
gan,18,grad_kurtosis_sr,18.84689764775695
gan,18,grad_kurtosis_delta,-3.485511034840009
gan,18,grad_kurtosis_abs_delta,3.485511034840009
gan,18,exceed_frac_gt_t5,0.831792
gan,18,exceed_frac_sr_t5,0.840656
gan,18,exceed_frac_delta_t5,0.008863999999999983
gan,18,exceed_frac_abs_delta_t5,0.008863999999999983
gan,18,exceed_frac_gt_t10,0.504612
gan,18,exceed_frac_sr_t10,0.516528
gan,18,exceed_frac_delta_t10,0.011916000000000038
gan,18,exceed_frac_abs_delta_t10,0.011916000000000038
gan,18,exceed_frac_gt_t15,0.311664
gan,18,exceed_frac_sr_t15,0.3137
gan,18,exceed_frac_delta_t15,0.0020359999999999823
gan,18,exceed_frac_abs_delta_t15,0.0020359999999999823
gan,18,exceed_frac_gt_p90,0.1
gan,18,exceed_frac_sr_p90,0.09406
gan,18,exceed_frac_delta_p90,-0.005940000000000001
gan,18,exceed_frac_abs_delta_p90,0.005940000000000001
gan,18,exceed_frac_gt_p95,0.05
gan,18,exceed_frac_sr_p95,0.043396
gan,18,exceed_frac_delta_p95,-0.006604000000000006
gan,18,exceed_frac_abs_delta_p95,0.006604000000000006
gan,18,exceed_frac_gt_p99,0.01
gan,18,exceed_frac_sr_p99,0.004692
gan,18,exceed_frac_delta_p99,-0.005308
gan,18,exceed_frac_abs_delta_p99,0.005308
gan,18,pd_distance,18.610240875886223
gan,18,mt_distance,5.554356575012207
gan,18,ssim,0.4465351622099443
gan,19,psnr,30.477536378126278
gan,19,wpd_bias,-10.956527435489065
gan,19,wpd_mae,344.8814018788616
gan,19,wpd_rmse,638.1688959582383
gan,19,wpd_w1,81.0658039356618
gan,19,psd_log_l2,0.6605636616364582
gan,19,psd_slope_gt,1.440161293750411
gan,19,psd_slope_sr,0.6198703527703542
gan,19,psd_slope_delta,-0.8202909409800567
gan,19,psd_slope_abs_delta,0.8202909409800567
gan,19,grad_mae,0.32931837447414236
gan,19,grad_w1,0.05174440757187934
gan,19,grad_kurtosis_gt,24.520500488515108
gan,19,grad_kurtosis_sr,22.419196940625895
gan,19,grad_kurtosis_delta,-2.101303547889213
gan,19,grad_kurtosis_abs_delta,2.101303547889213
gan,19,exceed_frac_gt_t5,0.844788
gan,19,exceed_frac_sr_t5,0.852612
gan,19,exceed_frac_delta_t5,0.007824000000000053
gan,19,exceed_frac_abs_delta_t5,0.007824000000000053
gan,19,exceed_frac_gt_t10,0.500632
gan,19,exceed_frac_sr_t10,0.521112
gan,19,exceed_frac_delta_t10,0.020480000000000054
gan,19,exceed_frac_abs_delta_t10,0.020480000000000054
gan,19,exceed_frac_gt_t15,0.324748
gan,19,exceed_frac_sr_t15,0.325492
gan,19,exceed_frac_delta_t15,0.0007440000000000224
gan,19,exceed_frac_abs_delta_t15,0.0007440000000000224
gan,19,exceed_frac_gt_p90,0.1
gan,19,exceed_frac_sr_p90,0.089952
gan,19,exceed_frac_delta_p90,-0.010048000000000001
gan,19,exceed_frac_abs_delta_p90,0.010048000000000001
gan,19,exceed_frac_gt_p95,0.05
gan,19,exceed_frac_sr_p95,0.043068
gan,19,exceed_frac_delta_p95,-0.006932000000000001
gan,19,exceed_frac_abs_delta_p95,0.006932000000000001
gan,19,exceed_frac_gt_p99,0.01
gan,19,exceed_frac_sr_p99,0.004772
gan,19,exceed_frac_delta_p99,-0.005228
gan,19,exceed_frac_abs_delta_p99,0.005228
gan,19,pd_distance,19.086676411603058
gan,19,mt_distance,5.44291353225708
gan,19,ssim,0.45113522198659395
gan,20,psnr,30.512606484041328
gan,20,wpd_bias,3.7739051752067962
gan,20,wpd_mae,352.53327303740656
gan,20,wpd_rmse,632.2556588052389
gan,20,wpd_w1,93.27967682393408
gan,20,psd_log_l2,0.585752528802811
gan,20,psd_slope_gt,1.2958909957741336
gan,20,psd_slope_sr,0.4981326831011508
gan,20,psd_slope_delta,-0.7977583126729828
gan,20,psd_slope_abs_delta,0.7977583126729828
gan,20,grad_mae,0.33720944457872776
gan,20,grad_w1,0.04174432539559679
gan,20,grad_kurtosis_gt,22.668517047982977
gan,20,grad_kurtosis_sr,24.50251149486889
gan,20,grad_kurtosis_delta,1.8339944468859137
gan,20,grad_kurtosis_abs_delta,1.8339944468859137
gan,20,exceed_frac_gt_t5,0.85964
gan,20,exceed_frac_sr_t5,0.866696
gan,20,exceed_frac_delta_t5,0.007056000000000062
gan,20,exceed_frac_abs_delta_t5,0.007056000000000062
gan,20,exceed_frac_gt_t10,0.500952
gan,20,exceed_frac_sr_t10,0.529924
gan,20,exceed_frac_delta_t10,0.028971999999999998
gan,20,exceed_frac_abs_delta_t10,0.028971999999999998
gan,20,exceed_frac_gt_t15,0.328004
gan,20,exceed_frac_sr_t15,0.331116
gan,20,exceed_frac_delta_t15,0.0031120000000000037
gan,20,exceed_frac_abs_delta_t15,0.0031120000000000037
gan,20,exceed_frac_gt_p90,0.1
gan,20,exceed_frac_sr_p90,0.08938
gan,20,exceed_frac_delta_p90,-0.010620000000000004
gan,20,exceed_frac_abs_delta_p90,0.010620000000000004
gan,20,exceed_frac_gt_p95,0.05
gan,20,exceed_frac_sr_p95,0.038472
gan,20,exceed_frac_delta_p95,-0.011528000000000004
gan,20,exceed_frac_abs_delta_p95,0.011528000000000004
gan,20,exceed_frac_gt_p99,0.01
gan,20,exceed_frac_sr_p99,0.005448
gan,20,exceed_frac_delta_p99,-0.0045520000000000005
gan,20,exceed_frac_abs_delta_p99,0.0045520000000000005
gan,20,pd_distance,18.266315468004898
gan,20,mt_distance,5.689126491546631
gan,20,ssim,0.4422356645542805
gan,21,psnr,30.797171403787395
gan,21,wpd_bias,32.26244287368396
gan,21,wpd_mae,386.09542549968364
gan,21,wpd_rmse,678.7428940361971
gan,21,wpd_w1,107.9675917532783
gan,21,psd_log_l2,0.4855254241062978
gan,21,psd_slope_gt,1.288525422029245
gan,21,psd_slope_sr,0.4880071556366948
gan,21,psd_slope_delta,-0.8005182663925503
gan,21,psd_slope_abs_delta,0.8005182663925503
gan,21,grad_mae,0.37700528179086124
gan,21,grad_w1,0.02779727368721686
gan,21,grad_kurtosis_gt,16.844721925372745
gan,21,grad_kurtosis_sr,14.737187650035892
gan,21,grad_kurtosis_delta,-2.107534275336853
gan,21,grad_kurtosis_abs_delta,2.107534275336853
gan,21,exceed_frac_gt_t5,0.874236
gan,21,exceed_frac_sr_t5,0.886212
gan,21,exceed_frac_delta_t5,0.011975999999999987
gan,21,exceed_frac_abs_delta_t5,0.011975999999999987
gan,21,exceed_frac_gt_t10,0.50246
gan,21,exceed_frac_sr_t10,0.542292
gan,21,exceed_frac_delta_t10,0.03983199999999998
gan,21,exceed_frac_abs_delta_t10,0.03983199999999998
gan,21,exceed_frac_gt_t15,0.326276
gan,21,exceed_frac_sr_t15,0.33458
gan,21,exceed_frac_delta_t15,0.008303999999999978
gan,21,exceed_frac_abs_delta_t15,0.008303999999999978
gan,21,exceed_frac_gt_p90,0.1
gan,21,exceed_frac_sr_p90,0.09134
gan,21,exceed_frac_delta_p90,-0.008660000000000001
gan,21,exceed_frac_abs_delta_p90,0.008660000000000001
gan,21,exceed_frac_gt_p95,0.05
gan,21,exceed_frac_sr_p95,0.039876
gan,21,exceed_frac_delta_p95,-0.010124000000000001
gan,21,exceed_frac_abs_delta_p95,0.010124000000000001
gan,21,exceed_frac_gt_p99,0.01
gan,21,exceed_frac_sr_p99,0.005772
gan,21,exceed_frac_delta_p99,-0.004228
gan,21,exceed_frac_abs_delta_p99,0.004228
gan,21,pd_distance,21.732522780594586
gan,21,mt_distance,10.817054748535156
gan,21,ssim,0.4333189884061887
gan,22,psnr,30.75229680635948
gan,22,wpd_bias,52.11074286204567
gan,22,wpd_mae,434.02949198397766
gan,22,wpd_rmse,740.2882196144933
gan,22,wpd_w1,131.09748611206084
gan,22,psd_log_l2,0.479736147477635
gan,22,psd_slope_gt,1.2336671041332852
gan,22,psd_slope_sr,0.4999459106330305
gan,22,psd_slope_delta,-0.7337211935002547
gan,22,psd_slope_abs_delta,0.7337211935002547
gan,22,grad_mae,0.41183882464056093
gan,22,grad_w1,0.05208217291134456
gan,22,grad_kurtosis_gt,19.014271446321313
gan,22,grad_kurtosis_sr,17.771085404995592
gan,22,grad_kurtosis_delta,-1.2431860413257212
gan,22,grad_kurtosis_abs_delta,1.2431860413257212
gan,22,exceed_frac_gt_t5,0.900088
gan,22,exceed_frac_sr_t5,0.91462
gan,22,exceed_frac_delta_t5,0.01453199999999999
gan,22,exceed_frac_abs_delta_t5,0.01453199999999999
gan,22,exceed_frac_gt_t10,0.56674
gan,22,exceed_frac_sr_t10,0.611612
gan,22,exceed_frac_delta_t10,0.04487200000000002
gan,22,exceed_frac_abs_delta_t10,0.04487200000000002
gan,22,exceed_frac_gt_t15,0.32034
gan,22,exceed_frac_sr_t15,0.329092
gan,22,exceed_frac_delta_t15,0.008751999999999982
gan,22,exceed_frac_abs_delta_t15,0.008751999999999982
gan,22,exceed_frac_gt_p90,0.099996
gan,22,exceed_frac_sr_p90,0.089652
gan,22,exceed_frac_delta_p90,-0.010344000000000006
gan,22,exceed_frac_abs_delta_p90,0.010344000000000006
gan,22,exceed_frac_gt_p95,0.05
gan,22,exceed_frac_sr_p95,0.037764
gan,22,exceed_frac_delta_p95,-0.012236000000000004
gan,22,exceed_frac_abs_delta_p95,0.012236000000000004
gan,22,exceed_frac_gt_p99,0.01
gan,22,exceed_frac_sr_p99,0.006192
gan,22,exceed_frac_delta_p99,-0.0038080000000000006
gan,22,exceed_frac_abs_delta_p99,0.0038080000000000006
gan,22,pd_distance,26.801086541907566
gan,22,mt_distance,8.346701622009277
gan,22,ssim,0.4511494111945868
gan,23,psnr,30.98147962246174
gan,23,wpd_bias,71.17393561459355
gan,23,wpd_mae,493.2654263617447
gan,23,wpd_rmse,883.7276094346952
gan,23,wpd_w1,149.81324314821927
gan,23,psd_log_l2,0.5771022989748952
gan,23,psd_slope_gt,1.1223641828071955
gan,23,psd_slope_sr,0.5281808169943981
gan,23,psd_slope_delta,-0.5941833658127974
gan,23,psd_slope_abs_delta,0.5941833658127974
gan,23,grad_mae,0.4295270405290464
gan,23,grad_w1,0.07489826497494298
gan,23,grad_kurtosis_gt,25.370992439670133
gan,23,grad_kurtosis_sr,26.876079614163878
gan,23,grad_kurtosis_delta,1.5050871744937453
gan,23,grad_kurtosis_abs_delta,1.5050871744937453
gan,23,exceed_frac_gt_t5,0.934368
gan,23,exceed_frac_sr_t5,0.946392
gan,23,exceed_frac_delta_t5,0.012024000000000035
gan,23,exceed_frac_abs_delta_t5,0.012024000000000035
gan,23,exceed_frac_gt_t10,0.633184
gan,23,exceed_frac_sr_t10,0.684128
gan,23,exceed_frac_delta_t10,0.05094399999999999
gan,23,exceed_frac_abs_delta_t10,0.05094399999999999
gan,23,exceed_frac_gt_t15,0.317004
gan,23,exceed_frac_sr_t15,0.32764
gan,23,exceed_frac_delta_t15,0.010635999999999979
gan,23,exceed_frac_abs_delta_t15,0.010635999999999979
gan,23,exceed_frac_gt_p90,0.1
gan,23,exceed_frac_sr_p90,0.092368
gan,23,exceed_frac_delta_p90,-0.007632
gan,23,exceed_frac_abs_delta_p90,0.007632
gan,23,exceed_frac_gt_p95,0.05
gan,23,exceed_frac_sr_p95,0.036964
gan,23,exceed_frac_delta_p95,-0.013036000000000006
gan,23,exceed_frac_abs_delta_p95,0.013036000000000006
gan,23,exceed_frac_gt_p99,0.01
gan,23,exceed_frac_sr_p99,0.006744
gan,23,exceed_frac_delta_p99,-0.003256
gan,23,exceed_frac_abs_delta_p99,0.003256
gan,23,pd_distance,29.144574221491347
gan,23,mt_distance,8.497876167297363
gan,23,ssim,0.48482872856472087
gan,24,psnr,30.94700665053756
gan,24,wpd_bias,123.00276995701876
gan,24,wpd_mae,547.5376378463448
gan,24,wpd_rmse,1074.4995649830637
gan,24,wpd_w1,182.65422743876326
gan,24,psd_log_l2,0.6518654172258839
gan,24,psd_slope_gt,1.1875932121255863
gan,24,psd_slope_sr,0.6417051300278677
gan,24,psd_slope_delta,-0.5458880820977187
gan,24,psd_slope_abs_delta,0.5458880820977187
gan,24,grad_mae,0.44844493368494426
gan,24,grad_w1,0.08119349090870842
gan,24,grad_kurtosis_gt,28.658118112788006
gan,24,grad_kurtosis_sr,36.548994919790275
gan,24,grad_kurtosis_delta,7.890876807002268
gan,24,grad_kurtosis_abs_delta,7.890876807002268
gan,24,exceed_frac_gt_t5,0.95646
gan,24,exceed_frac_sr_t5,0.964924
gan,24,exceed_frac_delta_t5,0.008464000000000027
gan,24,exceed_frac_abs_delta_t5,0.008464000000000027
gan,24,exceed_frac_gt_t10,0.672988
gan,24,exceed_frac_sr_t10,0.722408
gan,24,exceed_frac_delta_t10,0.04942000000000002
gan,24,exceed_frac_abs_delta_t10,0.04942000000000002
gan,24,exceed_frac_gt_t15,0.31482
gan,24,exceed_frac_sr_t15,0.331516
gan,24,exceed_frac_delta_t15,0.01669599999999999
gan,24,exceed_frac_abs_delta_t15,0.01669599999999999
gan,24,exceed_frac_gt_p90,0.1
gan,24,exceed_frac_sr_p90,0.093744
gan,24,exceed_frac_delta_p90,-0.0062560000000000116
gan,24,exceed_frac_abs_delta_p90,0.0062560000000000116
gan,24,exceed_frac_gt_p95,0.05
gan,24,exceed_frac_sr_p95,0.041596
gan,24,exceed_frac_delta_p95,-0.008404000000000002
gan,24,exceed_frac_abs_delta_p95,0.008404000000000002
gan,24,exceed_frac_gt_p99,0.01
gan,24,exceed_frac_sr_p99,0.006332
gan,24,exceed_frac_delta_p99,-0.0036680000000000003
gan,24,exceed_frac_abs_delta_p99,0.0036680000000000003
gan,24,pd_distance,29.65320138308241
gan,24,mt_distance,12.067601203918457
gan,24,ssim,0.48378001940011806
gan,25,psnr,30.997709699649167
gan,25,wpd_bias,131.28218910862822
gan,25,wpd_mae,599.7379526420689
gan,25,wpd_rmse,1161.5442663567658
gan,25,wpd_w1,213.4840346623927
gan,25,psd_log_l2,0.6665166362718813
gan,25,psd_slope_gt,1.302439309306081
gan,25,psd_slope_sr,0.7606043494590421
gan,25,psd_slope_delta,-0.541834959847039
gan,25,psd_slope_abs_delta,0.541834959847039
gan,25,grad_mae,0.4804834029442555
gan,25,grad_w1,0.08748808080865918
gan,25,grad_kurtosis_gt,29.87729426144925
gan,25,grad_kurtosis_sr,29.60131610752585
gan,25,grad_kurtosis_delta,-0.2759781539234005
gan,25,grad_kurtosis_abs_delta,0.2759781539234005
gan,25,exceed_frac_gt_t5,0.966664
gan,25,exceed_frac_sr_t5,0.975352
gan,25,exceed_frac_delta_t5,0.008688000000000029
gan,25,exceed_frac_abs_delta_t5,0.008688000000000029
gan,25,exceed_frac_gt_t10,0.69522
gan,25,exceed_frac_sr_t10,0.751524
gan,25,exceed_frac_delta_t10,0.05630400000000002
gan,25,exceed_frac_abs_delta_t10,0.05630400000000002
gan,25,exceed_frac_gt_t15,0.297728
gan,25,exceed_frac_sr_t15,0.320264
gan,25,exceed_frac_delta_t15,0.022536
gan,25,exceed_frac_abs_delta_t15,0.022536
gan,25,exceed_frac_gt_p90,0.1
gan,25,exceed_frac_sr_p90,0.09462
gan,25,exceed_frac_delta_p90,-0.00538000000000001
gan,25,exceed_frac_abs_delta_p90,0.00538000000000001
gan,25,exceed_frac_gt_p95,0.05
gan,25,exceed_frac_sr_p95,0.036812
gan,25,exceed_frac_delta_p95,-0.013188000000000005
gan,25,exceed_frac_abs_delta_p95,0.013188000000000005
gan,25,exceed_frac_gt_p99,0.01
gan,25,exceed_frac_sr_p99,0.0052
gan,25,exceed_frac_delta_p99,-0.0048000000000000004
gan,25,exceed_frac_abs_delta_p99,0.0048000000000000004
gan,25,pd_distance,30.123491475362258
gan,25,mt_distance,10.501462936401367
gan,25,ssim,0.4964243047923469
gan,26,psnr,31.11826647666898
gan,26,wpd_bias,175.58966082269967
gan,26,wpd_mae,653.3945994431069
gan,26,wpd_rmse,1314.0680365164321
gan,26,wpd_w1,218.29982860885997
gan,26,psd_log_l2,0.6114454373128934
gan,26,psd_slope_gt,1.36343181145653
gan,26,psd_slope_sr,0.8879140832826199
gan,26,psd_slope_delta,-0.47551772817391014
gan,26,psd_slope_abs_delta,0.47551772817391014
gan,26,grad_mae,0.5138514016048136
gan,26,grad_w1,0.0739155580570056
gan,26,grad_kurtosis_gt,30.074899373935402
gan,26,grad_kurtosis_sr,30.41007589698642
gan,26,grad_kurtosis_delta,0.3351765230510182
gan,26,grad_kurtosis_abs_delta,0.3351765230510182
gan,26,exceed_frac_gt_t5,0.973664
gan,26,exceed_frac_sr_t5,0.981456
gan,26,exceed_frac_delta_t5,0.007792000000000021
gan,26,exceed_frac_abs_delta_t5,0.007792000000000021
gan,26,exceed_frac_gt_t10,0.694832
gan,26,exceed_frac_sr_t10,0.750884
gan,26,exceed_frac_delta_t10,0.05605199999999999
gan,26,exceed_frac_abs_delta_t10,0.05605199999999999
gan,26,exceed_frac_gt_t15,0.281388
gan,26,exceed_frac_sr_t15,0.308012
gan,26,exceed_frac_delta_t15,0.02662399999999998
gan,26,exceed_frac_abs_delta_t15,0.02662399999999998
gan,26,exceed_frac_gt_p90,0.1
gan,26,exceed_frac_sr_p90,0.100784
gan,26,exceed_frac_delta_p90,0.000783999999999993
gan,26,exceed_frac_abs_delta_p90,0.000783999999999993
gan,26,exceed_frac_gt_p95,0.05
gan,26,exceed_frac_sr_p95,0.04378
gan,26,exceed_frac_delta_p95,-0.006220000000000003
gan,26,exceed_frac_abs_delta_p95,0.006220000000000003
gan,26,exceed_frac_gt_p99,0.01
gan,26,exceed_frac_sr_p99,0.00734
gan,26,exceed_frac_delta_p99,-0.00266
gan,26,exceed_frac_abs_delta_p99,0.00266
gan,26,pd_distance,30.779316467464
gan,26,mt_distance,11.28821849822998
gan,26,ssim,0.5013575155303449
gan,27,psnr,31.004774013425244
gan,27,wpd_bias,213.15159325649478
gan,27,wpd_mae,687.0940395503727
gan,27,wpd_rmse,1542.905918617315
gan,27,wpd_w1,223.99028597081013
gan,27,psd_log_l2,0.5527756599668898
gan,27,psd_slope_gt,1.4301850683749284
gan,27,psd_slope_sr,0.8733196753118538
gan,27,psd_slope_delta,-0.5568653930630746
gan,27,psd_slope_abs_delta,0.5568653930630746
gan,27,grad_mae,0.52770402576532
gan,27,grad_w1,0.07057901993491253
gan,27,grad_kurtosis_gt,30.553059026435648
gan,27,grad_kurtosis_sr,37.2676971216329
gan,27,grad_kurtosis_delta,6.714638095197252
gan,27,grad_kurtosis_abs_delta,6.714638095197252
gan,27,exceed_frac_gt_t5,0.973756
gan,27,exceed_frac_sr_t5,0.981868
gan,27,exceed_frac_delta_t5,0.008112000000000008
gan,27,exceed_frac_abs_delta_t5,0.008112000000000008
gan,27,exceed_frac_gt_t10,0.6991
gan,27,exceed_frac_sr_t10,0.753976
gan,27,exceed_frac_delta_t10,0.054875999999999925
gan,27,exceed_frac_abs_delta_t10,0.054875999999999925
gan,27,exceed_frac_gt_t15,0.259612
gan,27,exceed_frac_sr_t15,0.2864
gan,27,exceed_frac_delta_t15,0.02678799999999998
gan,27,exceed_frac_abs_delta_t15,0.02678799999999998
gan,27,exceed_frac_gt_p90,0.1
gan,27,exceed_frac_sr_p90,0.103928
gan,27,exceed_frac_delta_p90,0.003928000000000001
gan,27,exceed_frac_abs_delta_p90,0.003928000000000001
gan,27,exceed_frac_gt_p95,0.05
gan,27,exceed_frac_sr_p95,0.050996
gan,27,exceed_frac_delta_p95,0.0009959999999999969
gan,27,exceed_frac_abs_delta_p95,0.0009959999999999969
gan,27,exceed_frac_gt_p99,0.01
gan,27,exceed_frac_sr_p99,0.0087
gan,27,exceed_frac_delta_p99,-0.0013000000000000008
gan,27,exceed_frac_abs_delta_p99,0.0013000000000000008
gan,27,pd_distance,30.945378681968467
gan,27,mt_distance,19.968429565429688
gan,27,ssim,0.5158597038414781
gan,28,psnr,30.823729610061473
gan,28,wpd_bias,224.4774401500267
gan,28,wpd_mae,657.1796061566475
gan,28,wpd_rmse,1425.4205249874647
gan,28,wpd_w1,232.259690002735
gan,28,psd_log_l2,0.49921239503251674
gan,28,psd_slope_gt,1.3816553585843958
gan,28,psd_slope_sr,0.8799457521075905
gan,28,psd_slope_delta,-0.5017096064768053
gan,28,psd_slope_abs_delta,0.5017096064768053
gan,28,grad_mae,0.5196574619775653
gan,28,grad_w1,0.07122642479045521
gan,28,grad_kurtosis_gt,31.30021162000042
gan,28,grad_kurtosis_sr,32.41777704458106
gan,28,grad_kurtosis_delta,1.1175654245806363
gan,28,grad_kurtosis_abs_delta,1.1175654245806363
gan,28,exceed_frac_gt_t5,0.975776
gan,28,exceed_frac_sr_t5,0.983648
gan,28,exceed_frac_delta_t5,0.00787199999999999
gan,28,exceed_frac_abs_delta_t5,0.00787199999999999
gan,28,exceed_frac_gt_t10,0.6937
gan,28,exceed_frac_sr_t10,0.746288
gan,28,exceed_frac_delta_t10,0.05258799999999997
gan,28,exceed_frac_abs_delta_t10,0.05258799999999997
gan,28,exceed_frac_gt_t15,0.251436
gan,28,exceed_frac_sr_t15,0.278748
gan,28,exceed_frac_delta_t15,0.027312000000000003
gan,28,exceed_frac_abs_delta_t15,0.027312000000000003
gan,28,exceed_frac_gt_p90,0.1
gan,28,exceed_frac_sr_p90,0.106272
gan,28,exceed_frac_delta_p90,0.006272
gan,28,exceed_frac_abs_delta_p90,0.006272
gan,28,exceed_frac_gt_p95,0.05
gan,28,exceed_frac_sr_p95,0.05302
gan,28,exceed_frac_delta_p95,0.003019999999999995
gan,28,exceed_frac_abs_delta_p95,0.003019999999999995
gan,28,exceed_frac_gt_p99,0.01
gan,28,exceed_frac_sr_p99,0.008932
gan,28,exceed_frac_delta_p99,-0.0010679999999999995
gan,28,exceed_frac_abs_delta_p99,0.0010679999999999995
gan,28,pd_distance,30.74946233279523
gan,28,mt_distance,14.947399139404297
gan,28,ssim,0.49707468733515603
gan,29,psnr,30.970170120853133
gan,29,wpd_bias,258.47110725000226
gan,29,wpd_mae,648.439149960014
gan,29,wpd_rmse,1495.057118542422
gan,29,wpd_w1,258.4715271865421
gan,29,psd_log_l2,0.43052544565748946
gan,29,psd_slope_gt,1.458995885035728
gan,29,psd_slope_sr,0.959733797965786
gan,29,psd_slope_delta,-0.49926208706994213
gan,29,psd_slope_abs_delta,0.49926208706994213
gan,29,grad_mae,0.5177161419290496
gan,29,grad_w1,0.07081863266124908
gan,29,grad_kurtosis_gt,31.01819154924459
gan,29,grad_kurtosis_sr,30.559644160979797
gan,29,grad_kurtosis_delta,-0.4585473882647939
gan,29,grad_kurtosis_abs_delta,0.4585473882647939
gan,29,exceed_frac_gt_t5,0.974032
gan,29,exceed_frac_sr_t5,0.980484
gan,29,exceed_frac_delta_t5,0.006452000000000013
gan,29,exceed_frac_abs_delta_t5,0.006452000000000013
gan,29,exceed_frac_gt_t10,0.702372
gan,29,exceed_frac_sr_t10,0.75706
gan,29,exceed_frac_delta_t10,0.05468799999999996
gan,29,exceed_frac_abs_delta_t10,0.05468799999999996
gan,29,exceed_frac_gt_t15,0.247508
gan,29,exceed_frac_sr_t15,0.273348
gan,29,exceed_frac_delta_t15,0.025839999999999974
gan,29,exceed_frac_abs_delta_t15,0.025839999999999974
gan,29,exceed_frac_gt_p90,0.1
gan,29,exceed_frac_sr_p90,0.121644
gan,29,exceed_frac_delta_p90,0.021643999999999997
gan,29,exceed_frac_abs_delta_p90,0.021643999999999997
gan,29,exceed_frac_gt_p95,0.05
gan,29,exceed_frac_sr_p95,0.054616
gan,29,exceed_frac_delta_p95,0.004615999999999995
gan,29,exceed_frac_abs_delta_p95,0.004615999999999995
gan,29,exceed_frac_gt_p99,0.01
gan,29,exceed_frac_sr_p99,0.012176
gan,29,exceed_frac_delta_p99,0.002175999999999999
gan,29,exceed_frac_abs_delta_p99,0.002175999999999999
gan,29,pd_distance,31.752977463202388
gan,29,mt_distance,12.864243507385254
gan,29,ssim,0.5242794320512635
gan,30,psnr,31.234617475323553
gan,30,wpd_bias,253.74754957774903
gan,30,wpd_mae,609.2346044293661
gan,30,wpd_rmse,1521.714843614323
gan,30,wpd_w1,253.74761688415566
gan,30,psd_log_l2,0.3893695848995645
gan,30,psd_slope_gt,1.5074900912917104
gan,30,psd_slope_sr,1.0819526644768105
gan,30,psd_slope_delta,-0.4255374268148999
gan,30,psd_slope_abs_delta,0.4255374268148999
gan,30,grad_mae,0.5036384560690615
gan,30,grad_w1,0.054273704862435046
gan,30,grad_kurtosis_gt,31.765399477195576
gan,30,grad_kurtosis_sr,34.522133467340204
gan,30,grad_kurtosis_delta,2.756733990144628
gan,30,grad_kurtosis_abs_delta,2.756733990144628
gan,30,exceed_frac_gt_t5,0.974988
gan,30,exceed_frac_sr_t5,0.980468
gan,30,exceed_frac_delta_t5,0.00548000000000004
gan,30,exceed_frac_abs_delta_t5,0.00548000000000004
gan,30,exceed_frac_gt_t10,0.708288
gan,30,exceed_frac_sr_t10,0.762504
gan,30,exceed_frac_delta_t10,0.05421599999999993
gan,30,exceed_frac_abs_delta_t10,0.05421599999999993
gan,30,exceed_frac_gt_t15,0.23394
gan,30,exceed_frac_sr_t15,0.26494
gan,30,exceed_frac_delta_t15,0.031
gan,30,exceed_frac_abs_delta_t15,0.031
gan,30,exceed_frac_gt_p90,0.1
gan,30,exceed_frac_sr_p90,0.119808
gan,30,exceed_frac_delta_p90,0.019807999999999992
gan,30,exceed_frac_abs_delta_p90,0.019807999999999992
gan,30,exceed_frac_gt_p95,0.05
gan,30,exceed_frac_sr_p95,0.058012
gan,30,exceed_frac_delta_p95,0.008011999999999998
gan,30,exceed_frac_abs_delta_p95,0.008011999999999998
gan,30,exceed_frac_gt_p99,0.01
gan,30,exceed_frac_sr_p99,0.01318
gan,30,exceed_frac_delta_p99,0.0031800000000000005
gan,30,exceed_frac_abs_delta_p99,0.0031800000000000005
gan,30,pd_distance,30.82310921065586
gan,30,mt_distance,14.847400665283203
gan,30,ssim,0.5482640891858299
gan,31,psnr,31.254266946670207
gan,31,wpd_bias,248.59741345516338
gan,31,wpd_mae,552.2278636914317
gan,31,wpd_rmse,1318.0910782213407
gan,31,wpd_w1,248.59741928613877
gan,31,psd_log_l2,0.4303520102960272
gan,31,psd_slope_gt,1.5549593252563907
gan,31,psd_slope_sr,1.1100986026528743
gan,31,psd_slope_delta,-0.4448607226035164
gan,31,psd_slope_abs_delta,0.4448607226035164
gan,31,grad_mae,0.49124521467420523
gan,31,grad_w1,0.06437751252530932
gan,31,grad_kurtosis_gt,30.08197901220304
gan,31,grad_kurtosis_sr,30.67596610980388
gan,31,grad_kurtosis_delta,0.5939870976008415
gan,31,grad_kurtosis_abs_delta,0.5939870976008415
gan,31,exceed_frac_gt_t5,0.973648
gan,31,exceed_frac_sr_t5,0.979992
gan,31,exceed_frac_delta_t5,0.006344000000000016
gan,31,exceed_frac_abs_delta_t5,0.006344000000000016
gan,31,exceed_frac_gt_t10,0.701956
gan,31,exceed_frac_sr_t10,0.753736
gan,31,exceed_frac_delta_t10,0.05177999999999994
gan,31,exceed_frac_abs_delta_t10,0.05177999999999994
gan,31,exceed_frac_gt_t15,0.204312
gan,31,exceed_frac_sr_t15,0.248788
gan,31,exceed_frac_delta_t15,0.044476000000000016
gan,31,exceed_frac_abs_delta_t15,0.044476000000000016
gan,31,exceed_frac_gt_p90,0.1
gan,31,exceed_frac_sr_p90,0.120948
gan,31,exceed_frac_delta_p90,0.020947999999999994
gan,31,exceed_frac_abs_delta_p90,0.020947999999999994
gan,31,exceed_frac_gt_p95,0.05
gan,31,exceed_frac_sr_p95,0.065192
gan,31,exceed_frac_delta_p95,0.015191999999999997
gan,31,exceed_frac_abs_delta_p95,0.015191999999999997
gan,31,exceed_frac_gt_p99,0.01
gan,31,exceed_frac_sr_p99,0.012792
gan,31,exceed_frac_delta_p99,0.0027919999999999993
gan,31,exceed_frac_abs_delta_p99,0.0027919999999999993
gan,31,pd_distance,31.3053599336416
gan,31,mt_distance,16.23410415649414
gan,31,ssim,0.560276398804242
gan,32,psnr,31.329788764503412
gan,32,wpd_bias,243.74542532023003
gan,32,wpd_mae,527.9534340681104
gan,32,wpd_rmse,1325.6962716925323
gan,32,wpd_w1,243.7454334246474
gan,32,psd_log_l2,0.4673002428402866
gan,32,psd_slope_gt,1.6310854899128304
gan,32,psd_slope_sr,1.1831793534481456
gan,32,psd_slope_delta,-0.4479061364646848
gan,32,psd_slope_abs_delta,0.4479061364646848
gan,32,grad_mae,0.48704535380406533
gan,32,grad_w1,0.07613605298618978
gan,32,grad_kurtosis_gt,29.079297963010763
gan,32,grad_kurtosis_sr,33.518394680944525
gan,32,grad_kurtosis_delta,4.4390967179337615
gan,32,grad_kurtosis_abs_delta,4.4390967179337615
gan,32,exceed_frac_gt_t5,0.9738
gan,32,exceed_frac_sr_t5,0.980556
gan,32,exceed_frac_delta_t5,0.006755999999999984
gan,32,exceed_frac_abs_delta_t5,0.006755999999999984
gan,32,exceed_frac_gt_t10,0.69454
gan,32,exceed_frac_sr_t10,0.751148
gan,32,exceed_frac_delta_t10,0.05660799999999999
gan,32,exceed_frac_abs_delta_t10,0.05660799999999999
gan,32,exceed_frac_gt_t15,0.196372
gan,32,exceed_frac_sr_t15,0.22874
gan,32,exceed_frac_delta_t15,0.03236800000000001
gan,32,exceed_frac_abs_delta_t15,0.03236800000000001
gan,32,exceed_frac_gt_p90,0.1
gan,32,exceed_frac_sr_p90,0.12368
gan,32,exceed_frac_delta_p90,0.023679999999999993
gan,32,exceed_frac_abs_delta_p90,0.023679999999999993
gan,32,exceed_frac_gt_p95,0.05
gan,32,exceed_frac_sr_p95,0.067804
gan,32,exceed_frac_delta_p95,0.017804
gan,32,exceed_frac_abs_delta_p95,0.017804
gan,32,exceed_frac_gt_p99,0.01
gan,32,exceed_frac_sr_p99,0.014072
gan,32,exceed_frac_delta_p99,0.004071999999999999
gan,32,exceed_frac_abs_delta_p99,0.004071999999999999
gan,32,pd_distance,30.547158977309156
gan,32,mt_distance,19.229158401489258
gan,32,ssim,0.5668540061885483
gan,33,psnr,31.33543402332805
gan,33,wpd_bias,238.84470415197933
gan,33,wpd_mae,499.91072771643724
gan,33,wpd_rmse,1305.5708100380843
gan,33,wpd_w1,238.84478860270244
gan,33,psd_log_l2,0.5073020370980564
gan,33,psd_slope_gt,1.7707978373166178
gan,33,psd_slope_sr,1.249371260890039
gan,33,psd_slope_delta,-0.5214265764265789
gan,33,psd_slope_abs_delta,0.5214265764265789
gan,33,grad_mae,0.4643614594791311
gan,33,grad_w1,0.07413455585086069
gan,33,grad_kurtosis_gt,29.01807613165482
gan,33,grad_kurtosis_sr,32.71442834615602
gan,33,grad_kurtosis_delta,3.6963522145012
gan,33,grad_kurtosis_abs_delta,3.6963522145012
gan,33,exceed_frac_gt_t5,0.974272
gan,33,exceed_frac_sr_t5,0.981304
gan,33,exceed_frac_delta_t5,0.007031999999999927
gan,33,exceed_frac_abs_delta_t5,0.007031999999999927
gan,33,exceed_frac_gt_t10,0.69958
gan,33,exceed_frac_sr_t10,0.757612
gan,33,exceed_frac_delta_t10,0.05803199999999997
gan,33,exceed_frac_abs_delta_t10,0.05803199999999997
gan,33,exceed_frac_gt_t15,0.185896
gan,33,exceed_frac_sr_t15,0.21934
gan,33,exceed_frac_delta_t15,0.033444
gan,33,exceed_frac_abs_delta_t15,0.033444
gan,33,exceed_frac_gt_p90,0.1
gan,33,exceed_frac_sr_p90,0.123804
gan,33,exceed_frac_delta_p90,0.023803999999999992
gan,33,exceed_frac_abs_delta_p90,0.023803999999999992
gan,33,exceed_frac_gt_p95,0.05
gan,33,exceed_frac_sr_p95,0.070332
gan,33,exceed_frac_delta_p95,0.020332000000000003
gan,33,exceed_frac_abs_delta_p95,0.020332000000000003
gan,33,exceed_frac_gt_p99,0.01
gan,33,exceed_frac_sr_p99,0.016284
gan,33,exceed_frac_delta_p99,0.006284
gan,33,exceed_frac_abs_delta_p99,0.006284
gan,33,pd_distance,30.400139282712473
gan,33,mt_distance,20.00556755065918
gan,33,ssim,0.577199397558745
gan,34,psnr,31.370556204226762
gan,34,wpd_bias,222.41493606806873
gan,34,wpd_mae,479.9809998607392
gan,34,wpd_rmse,1263.77870563877
gan,34,wpd_w1,222.4149486600175
gan,34,psd_log_l2,0.5305548480536366
gan,34,psd_slope_gt,1.9244758651555438
gan,34,psd_slope_sr,1.3171193606404472
gan,34,psd_slope_delta,-0.6073565045150966
gan,34,psd_slope_abs_delta,0.6073565045150966
gan,34,grad_mae,0.45985698873311476
gan,34,grad_w1,0.0881316426055574
gan,34,grad_kurtosis_gt,25.496765388692065
gan,34,grad_kurtosis_sr,33.94152282722237
gan,34,grad_kurtosis_delta,8.444757438530306
gan,34,grad_kurtosis_abs_delta,8.444757438530306
gan,34,exceed_frac_gt_t5,0.973012
gan,34,exceed_frac_sr_t5,0.98204
gan,34,exceed_frac_delta_t5,0.009028000000000036
gan,34,exceed_frac_abs_delta_t5,0.009028000000000036
gan,34,exceed_frac_gt_t10,0.7057
gan,34,exceed_frac_sr_t10,0.750932
gan,34,exceed_frac_delta_t10,0.04523200000000005
gan,34,exceed_frac_abs_delta_t10,0.04523200000000005
gan,34,exceed_frac_gt_t15,0.189488
gan,34,exceed_frac_sr_t15,0.2179
gan,34,exceed_frac_delta_t15,0.02841200000000002
gan,34,exceed_frac_abs_delta_t15,0.02841200000000002
gan,34,exceed_frac_gt_p90,0.1
gan,34,exceed_frac_sr_p90,0.119388
gan,34,exceed_frac_delta_p90,0.01938799999999999
gan,34,exceed_frac_abs_delta_p90,0.01938799999999999
gan,34,exceed_frac_gt_p95,0.05
gan,34,exceed_frac_sr_p95,0.066588
gan,34,exceed_frac_delta_p95,0.01658799999999999
gan,34,exceed_frac_abs_delta_p95,0.01658799999999999
gan,34,exceed_frac_gt_p99,0.01
gan,34,exceed_frac_sr_p99,0.017716
gan,34,exceed_frac_delta_p99,0.007715999999999999
gan,34,exceed_frac_abs_delta_p99,0.007715999999999999
gan,34,pd_distance,28.907547601520903
gan,34,mt_distance,19.445999145507812
gan,34,ssim,0.567283482820683
gan,35,psnr,31.11427630511267
gan,35,wpd_bias,199.78814386131788
gan,35,wpd_mae,459.76373070908437
gan,35,wpd_rmse,1044.0418570863724
gan,35,wpd_w1,199.78841511464245
gan,35,psd_log_l2,0.5061641133876118
gan,35,psd_slope_gt,2.0763359441284757
gan,35,psd_slope_sr,1.3378258410969692
gan,35,psd_slope_delta,-0.7385101030315064
gan,35,psd_slope_abs_delta,0.7385101030315064
gan,35,grad_mae,0.4591003013746013
gan,35,grad_w1,0.10093002044487101
gan,35,grad_kurtosis_gt,23.441327740945063
gan,35,grad_kurtosis_sr,25.405469068293623
gan,35,grad_kurtosis_delta,1.9641413273485604
gan,35,grad_kurtosis_abs_delta,1.9641413273485604
gan,35,exceed_frac_gt_t5,0.967996
gan,35,exceed_frac_sr_t5,0.978848
gan,35,exceed_frac_delta_t5,0.010852000000000084
gan,35,exceed_frac_abs_delta_t5,0.010852000000000084
gan,35,exceed_frac_gt_t10,0.692828
gan,35,exceed_frac_sr_t10,0.732492
gan,35,exceed_frac_delta_t10,0.03966400000000003
gan,35,exceed_frac_abs_delta_t10,0.03966400000000003
gan,35,exceed_frac_gt_t15,0.211284
gan,35,exceed_frac_sr_t15,0.240804
gan,35,exceed_frac_delta_t15,0.02951999999999999
gan,35,exceed_frac_abs_delta_t15,0.02951999999999999
gan,35,exceed_frac_gt_p90,0.1
gan,35,exceed_frac_sr_p90,0.121732
gan,35,exceed_frac_delta_p90,0.021732
gan,35,exceed_frac_abs_delta_p90,0.021732
gan,35,exceed_frac_gt_p95,0.05
gan,35,exceed_frac_sr_p95,0.064336
gan,35,exceed_frac_delta_p95,0.014336000000000002
gan,35,exceed_frac_abs_delta_p95,0.014336000000000002
gan,35,exceed_frac_gt_p99,0.01
gan,35,exceed_frac_sr_p99,0.017084
gan,35,exceed_frac_delta_p99,0.007083999999999998
gan,35,exceed_frac_abs_delta_p99,0.007083999999999998
gan,35,pd_distance,28.746843597068697
gan,35,mt_distance,14.435929298400879
gan,35,ssim,0.5686363295355614
gan,36,psnr,30.920168593145274
gan,36,wpd_bias,189.91860446050958
gan,36,wpd_mae,448.2927768360616
gan,36,wpd_rmse,944.4325272002279
gan,36,wpd_w1,189.91861227347272
gan,36,psd_log_l2,0.48471364480232904
gan,36,psd_slope_gt,2.0795000059272426
gan,36,psd_slope_sr,1.2829881343694278
gan,36,psd_slope_delta,-0.7965118715578148
gan,36,psd_slope_abs_delta,0.7965118715578148
gan,36,grad_mae,0.4625495330664306
gan,36,grad_w1,0.10322502618983492
gan,36,grad_kurtosis_gt,22.03669561786502
gan,36,grad_kurtosis_sr,20.90743942142483
gan,36,grad_kurtosis_delta,-1.129256196440192
gan,36,grad_kurtosis_abs_delta,1.129256196440192
gan,36,exceed_frac_gt_t5,0.961316
gan,36,exceed_frac_sr_t5,0.973468
gan,36,exceed_frac_delta_t5,0.012152000000000052
gan,36,exceed_frac_abs_delta_t5,0.012152000000000052
gan,36,exceed_frac_gt_t10,0.676992
gan,36,exceed_frac_sr_t10,0.717748
gan,36,exceed_frac_delta_t10,0.040756000000000014
gan,36,exceed_frac_abs_delta_t10,0.040756000000000014
gan,36,exceed_frac_gt_t15,0.23198
gan,36,exceed_frac_sr_t15,0.2596
gan,36,exceed_frac_delta_t15,0.027620000000000006
gan,36,exceed_frac_abs_delta_t15,0.027620000000000006
gan,36,exceed_frac_gt_p90,0.1
gan,36,exceed_frac_sr_p90,0.118564
gan,36,exceed_frac_delta_p90,0.018563999999999997
gan,36,exceed_frac_abs_delta_p90,0.018563999999999997
gan,36,exceed_frac_gt_p95,0.05
gan,36,exceed_frac_sr_p95,0.064124
gan,36,exceed_frac_delta_p95,0.014123999999999998
gan,36,exceed_frac_abs_delta_p95,0.014123999999999998
gan,36,exceed_frac_gt_p99,0.01
gan,36,exceed_frac_sr_p99,0.016072
gan,36,exceed_frac_delta_p99,0.006071999999999999
gan,36,exceed_frac_abs_delta_p99,0.006071999999999999
gan,36,pd_distance,27.743736665197815
gan,36,mt_distance,9.26945686340332
gan,36,ssim,0.5702636980448849
gan,37,psnr,30.631649306952614
gan,37,wpd_bias,185.7255329861975
gan,37,wpd_mae,434.4685619297473
gan,37,wpd_rmse,985.3873686911853
gan,37,wpd_w1,185.72564396595132
gan,37,psd_log_l2,0.4216846079419272
gan,37,psd_slope_gt,2.047735180244732
gan,37,psd_slope_sr,1.3039018413163637
gan,37,psd_slope_delta,-0.7438333389283682
gan,37,psd_slope_abs_delta,0.7438333389283682
gan,37,grad_mae,0.45526888953830535
gan,37,grad_w1,0.09289661410131235
gan,37,grad_kurtosis_gt,20.065233888101808
gan,37,grad_kurtosis_sr,22.0154191816271
gan,37,grad_kurtosis_delta,1.9501852935252906
gan,37,grad_kurtosis_abs_delta,1.9501852935252906
gan,37,exceed_frac_gt_t5,0.951796
gan,37,exceed_frac_sr_t5,0.962976
gan,37,exceed_frac_delta_t5,0.011180000000000079
gan,37,exceed_frac_abs_delta_t5,0.011180000000000079
gan,37,exceed_frac_gt_t10,0.654248
gan,37,exceed_frac_sr_t10,0.689632
gan,37,exceed_frac_delta_t10,0.03538399999999997
gan,37,exceed_frac_abs_delta_t10,0.03538399999999997
gan,37,exceed_frac_gt_t15,0.26054
gan,37,exceed_frac_sr_t15,0.284392
gan,37,exceed_frac_delta_t15,0.023851999999999984
gan,37,exceed_frac_abs_delta_t15,0.023851999999999984
gan,37,exceed_frac_gt_p90,0.1
gan,37,exceed_frac_sr_p90,0.123548
gan,37,exceed_frac_delta_p90,0.023548
gan,37,exceed_frac_abs_delta_p90,0.023548
gan,37,exceed_frac_gt_p95,0.05
gan,37,exceed_frac_sr_p95,0.064876
gan,37,exceed_frac_delta_p95,0.014876
gan,37,exceed_frac_abs_delta_p95,0.014876
gan,37,exceed_frac_gt_p99,0.01
gan,37,exceed_frac_sr_p99,0.017172
gan,37,exceed_frac_delta_p99,0.0071719999999999996
gan,37,exceed_frac_abs_delta_p99,0.0071719999999999996
gan,37,pd_distance,27.16364872656993
gan,37,mt_distance,9.59257698059082
gan,37,ssim,0.5818479003631635
gan,38,psnr,31.387301121757393
gan,38,wpd_bias,155.51815889299374
gan,38,wpd_mae,369.5253506943108
gan,38,wpd_rmse,832.3491486444949
gan,38,wpd_w1,155.5217534050906
gan,38,psd_log_l2,0.3818500161976566
gan,38,psd_slope_gt,2.0242978724154286
gan,38,psd_slope_sr,1.1188563154336155
gan,38,psd_slope_delta,-0.9054415569818131
gan,38,psd_slope_abs_delta,0.9054415569818131
gan,38,grad_mae,0.4104464196205163
gan,38,grad_w1,0.08692384320098438
gan,38,grad_kurtosis_gt,22.490222988512382
gan,38,grad_kurtosis_sr,25.53715772671857
gan,38,grad_kurtosis_delta,3.046934738206186
gan,38,grad_kurtosis_abs_delta,3.046934738206186
gan,38,exceed_frac_gt_t5,0.916812
gan,38,exceed_frac_sr_t5,0.932776
gan,38,exceed_frac_delta_t5,0.01596400000000009
gan,38,exceed_frac_abs_delta_t5,0.01596400000000009
gan,38,exceed_frac_gt_t10,0.609116
gan,38,exceed_frac_sr_t10,0.650712
gan,38,exceed_frac_delta_t10,0.041595999999999966
gan,38,exceed_frac_abs_delta_t10,0.041595999999999966
gan,38,exceed_frac_gt_t15,0.247008
gan,38,exceed_frac_sr_t15,0.261188
gan,38,exceed_frac_delta_t15,0.01417999999999997
gan,38,exceed_frac_abs_delta_t15,0.01417999999999997
gan,38,exceed_frac_gt_p90,0.1
gan,38,exceed_frac_sr_p90,0.119804
gan,38,exceed_frac_delta_p90,0.01980399999999999
gan,38,exceed_frac_abs_delta_p90,0.01980399999999999
gan,38,exceed_frac_gt_p95,0.05
gan,38,exceed_frac_sr_p95,0.067388
gan,38,exceed_frac_delta_p95,0.017388
gan,38,exceed_frac_abs_delta_p95,0.017388
gan,38,exceed_frac_gt_p99,0.01
gan,38,exceed_frac_sr_p99,0.01402
gan,38,exceed_frac_delta_p99,0.004019999999999999
gan,38,exceed_frac_abs_delta_p99,0.004019999999999999
gan,38,pd_distance,23.780350003542182
gan,38,mt_distance,7.416414260864258
gan,38,ssim,0.5901956948788019
gan,39,psnr,31.874954417371846
gan,39,wpd_bias,132.34622574607297
gan,39,wpd_mae,307.5871143500582
gan,39,wpd_rmse,706.6171430367378
gan,39,wpd_w1,132.35050917137366
gan,39,psd_log_l2,0.3381169538494764
gan,39,psd_slope_gt,1.7151394146136625
gan,39,psd_slope_sr,0.9723589723561364
gan,39,psd_slope_delta,-0.742780442257526
gan,39,psd_slope_abs_delta,0.742780442257526
gan,39,grad_mae,0.35504806945011624
gan,39,grad_w1,0.07049561467834876
gan,39,grad_kurtosis_gt,27.644898158332012
gan,39,grad_kurtosis_sr,31.872874279845828
gan,39,grad_kurtosis_delta,4.227976121513816
gan,39,grad_kurtosis_abs_delta,4.227976121513816
gan,39,exceed_frac_gt_t5,0.863652
gan,39,exceed_frac_sr_t5,0.875988
gan,39,exceed_frac_delta_t5,0.012336000000000014
gan,39,exceed_frac_abs_delta_t5,0.012336000000000014
gan,39,exceed_frac_gt_t10,0.569308
gan,39,exceed_frac_sr_t10,0.608924
gan,39,exceed_frac_delta_t10,0.039615999999999985
gan,39,exceed_frac_abs_delta_t10,0.039615999999999985
gan,39,exceed_frac_gt_t15,0.212372
gan,39,exceed_frac_sr_t15,0.221172
gan,39,exceed_frac_delta_t15,0.008800000000000002
gan,39,exceed_frac_abs_delta_t15,0.008800000000000002
gan,39,exceed_frac_gt_p90,0.1
gan,39,exceed_frac_sr_p90,0.10788
gan,39,exceed_frac_delta_p90,0.007879999999999998
gan,39,exceed_frac_abs_delta_p90,0.007879999999999998
gan,39,exceed_frac_gt_p95,0.05
gan,39,exceed_frac_sr_p95,0.06552
gan,39,exceed_frac_delta_p95,0.015519999999999992
gan,39,exceed_frac_abs_delta_p95,0.015519999999999992
gan,39,exceed_frac_gt_p99,0.01
gan,39,exceed_frac_sr_p99,0.014992
gan,39,exceed_frac_delta_p99,0.004992
gan,39,exceed_frac_abs_delta_p99,0.004992
gan,39,pd_distance,21.358097631209198
gan,39,mt_distance,8.546488761901855
gan,39,ssim,0.6094039385598059
gan,40,psnr,32.51709145248468
gan,40,wpd_bias,97.2384043203521
gan,40,wpd_mae,247.77532799375246
gan,40,wpd_rmse,555.8071891932782
gan,40,wpd_w1,97.24838849613164
gan,40,psd_log_l2,0.28015118005426387
gan,40,psd_slope_gt,1.4787296707502935
gan,40,psd_slope_sr,0.851087547780479
gan,40,psd_slope_delta,-0.6276421229698145
gan,40,psd_slope_abs_delta,0.6276421229698145
gan,40,grad_mae,0.312933705081202
gan,40,grad_w1,0.06619039051815451
gan,40,grad_kurtosis_gt,29.111897035942267
gan,40,grad_kurtosis_sr,40.58280324355289
gan,40,grad_kurtosis_delta,11.470906207610621
gan,40,grad_kurtosis_abs_delta,11.470906207610621
gan,40,exceed_frac_gt_t5,0.861448
gan,40,exceed_frac_sr_t5,0.870896
gan,40,exceed_frac_delta_t5,0.009448000000000012
gan,40,exceed_frac_abs_delta_t5,0.009448000000000012
gan,40,exceed_frac_gt_t10,0.539008
gan,40,exceed_frac_sr_t10,0.575044
gan,40,exceed_frac_delta_t10,0.03603599999999996
gan,40,exceed_frac_abs_delta_t10,0.03603599999999996
gan,40,exceed_frac_gt_t15,0.169432
gan,40,exceed_frac_sr_t15,0.174092
gan,40,exceed_frac_delta_t15,0.0046599999999999975
gan,40,exceed_frac_abs_delta_t15,0.0046599999999999975
gan,40,exceed_frac_gt_p90,0.1
gan,40,exceed_frac_sr_p90,0.106196
gan,40,exceed_frac_delta_p90,0.006195999999999993
gan,40,exceed_frac_abs_delta_p90,0.006195999999999993
gan,40,exceed_frac_gt_p95,0.05
gan,40,exceed_frac_sr_p95,0.058384
gan,40,exceed_frac_delta_p95,0.008383999999999996
gan,40,exceed_frac_abs_delta_p95,0.008383999999999996
gan,40,exceed_frac_gt_p99,0.01
gan,40,exceed_frac_sr_p99,0.012584
gan,40,exceed_frac_delta_p99,0.0025839999999999995
gan,40,exceed_frac_abs_delta_p99,0.0025839999999999995
gan,40,pd_distance,20.447367624488226
gan,40,mt_distance,8.988521575927734
gan,40,ssim,0.6008494074226812
gan,41,psnr,32.55576131342773
gan,41,wpd_bias,75.61257727941201
gan,41,wpd_mae,212.33959662109726
gan,41,wpd_rmse,425.5912929360322
gan,41,wpd_w1,75.69948331090328
gan,41,psd_log_l2,0.2616259020678146
gan,41,psd_slope_gt,1.2233505675748284
gan,41,psd_slope_sr,0.816340605166429
gan,41,psd_slope_delta,-0.4070099624083994
gan,41,psd_slope_abs_delta,0.4070099624083994
gan,41,grad_mae,0.28274423716179187
gan,41,grad_w1,0.05707292235963985
gan,41,grad_kurtosis_gt,28.486557506560345
gan,41,grad_kurtosis_sr,36.50794231366831
gan,41,grad_kurtosis_delta,8.021384807107964
gan,41,grad_kurtosis_abs_delta,8.021384807107964
gan,41,exceed_frac_gt_t5,0.858532
gan,41,exceed_frac_sr_t5,0.862652
gan,41,exceed_frac_delta_t5,0.0041200000000000125
gan,41,exceed_frac_abs_delta_t5,0.0041200000000000125
gan,41,exceed_frac_gt_t10,0.50586
gan,41,exceed_frac_sr_t10,0.532748
gan,41,exceed_frac_delta_t10,0.026888000000000023
gan,41,exceed_frac_abs_delta_t10,0.026888000000000023
gan,41,exceed_frac_gt_t15,0.129784
gan,41,exceed_frac_sr_t15,0.137344
gan,41,exceed_frac_delta_t15,0.007559999999999983
gan,41,exceed_frac_abs_delta_t15,0.007559999999999983
gan,41,exceed_frac_gt_p90,0.1
gan,41,exceed_frac_sr_p90,0.104732
gan,41,exceed_frac_delta_p90,0.004732
gan,41,exceed_frac_abs_delta_p90,0.004732
gan,41,exceed_frac_gt_p95,0.05
gan,41,exceed_frac_sr_p95,0.055376
gan,41,exceed_frac_delta_p95,0.005375999999999999
gan,41,exceed_frac_abs_delta_p95,0.005375999999999999
gan,41,exceed_frac_gt_p99,0.01
gan,41,exceed_frac_sr_p99,0.013848
gan,41,exceed_frac_delta_p99,0.003847999999999999
gan,41,exceed_frac_abs_delta_p99,0.003847999999999999
gan,41,pd_distance,17.452695580897316
gan,41,mt_distance,8.901470184326172
gan,41,ssim,0.575806342909904
gan,42,psnr,32.9842981314092
gan,42,wpd_bias,67.79983441676508
gan,42,wpd_mae,191.83675103799422
gan,42,wpd_rmse,390.16806872751215
gan,42,wpd_w1,67.88764913034542
gan,42,psd_log_l2,0.22324397284010764
gan,42,psd_slope_gt,0.9840029470990297
gan,42,psd_slope_sr,0.7398335950580347
gan,42,psd_slope_delta,-0.244169352040995
gan,42,psd_slope_abs_delta,0.244169352040995
gan,42,grad_mae,0.26497470675736257
gan,42,grad_w1,0.04517035799623609
gan,42,grad_kurtosis_gt,29.75698181012896
gan,42,grad_kurtosis_sr,34.764739830223505
gan,42,grad_kurtosis_delta,5.0077580200945455
gan,42,grad_kurtosis_abs_delta,5.0077580200945455
gan,42,exceed_frac_gt_t5,0.845884
gan,42,exceed_frac_sr_t5,0.851504
gan,42,exceed_frac_delta_t5,0.005620000000000069
gan,42,exceed_frac_abs_delta_t5,0.005620000000000069
gan,42,exceed_frac_gt_t10,0.464704
gan,42,exceed_frac_sr_t10,0.49468
gan,42,exceed_frac_delta_t10,0.029976000000000003
gan,42,exceed_frac_abs_delta_t10,0.029976000000000003
gan,42,exceed_frac_gt_t15,0.110212
gan,42,exceed_frac_sr_t15,0.113448
gan,42,exceed_frac_delta_t15,0.003235999999999989
gan,42,exceed_frac_abs_delta_t15,0.003235999999999989
gan,42,exceed_frac_gt_p90,0.1
gan,42,exceed_frac_sr_p90,0.104252
gan,42,exceed_frac_delta_p90,0.004251999999999992
gan,42,exceed_frac_abs_delta_p90,0.004251999999999992
gan,42,exceed_frac_gt_p95,0.05
gan,42,exceed_frac_sr_p95,0.055564
gan,42,exceed_frac_delta_p95,0.0055639999999999995
gan,42,exceed_frac_abs_delta_p95,0.0055639999999999995
gan,42,exceed_frac_gt_p99,0.01
gan,42,exceed_frac_sr_p99,0.012044
gan,42,exceed_frac_delta_p99,0.002043999999999999
gan,42,exceed_frac_abs_delta_p99,0.002043999999999999
gan,42,pd_distance,14.632793364821667
gan,42,mt_distance,7.383090972900391
gan,42,ssim,0.5237622978006099
gan,43,psnr,32.849247881515296
gan,43,wpd_bias,64.22977553376664
gan,43,wpd_mae,179.45667814329857
gan,43,wpd_rmse,366.2939931243155
gan,43,wpd_w1,64.34676784029098
gan,43,psd_log_l2,0.20739789626749425
gan,43,psd_slope_gt,0.9371233583412069
gan,43,psd_slope_sr,0.7612996270180025
gan,43,psd_slope_delta,-0.1758237313232044
gan,43,psd_slope_abs_delta,0.1758237313232044
gan,43,grad_mae,0.2649037629615776
gan,43,grad_w1,0.043420609650181234
gan,43,grad_kurtosis_gt,32.816736536068696
gan,43,grad_kurtosis_sr,33.62125512370957
gan,43,grad_kurtosis_delta,0.8045185876408709
gan,43,grad_kurtosis_abs_delta,0.8045185876408709
gan,43,exceed_frac_gt_t5,0.821688
gan,43,exceed_frac_sr_t5,0.830348
gan,43,exceed_frac_delta_t5,0.008660000000000001
gan,43,exceed_frac_abs_delta_t5,0.008660000000000001
gan,43,exceed_frac_gt_t10,0.432408
gan,43,exceed_frac_sr_t10,0.458952
gan,43,exceed_frac_delta_t10,0.026544000000000012
gan,43,exceed_frac_abs_delta_t10,0.026544000000000012
gan,43,exceed_frac_gt_t15,0.095104
gan,43,exceed_frac_sr_t15,0.096008
gan,43,exceed_frac_delta_t15,0.000904000000000002
gan,43,exceed_frac_abs_delta_t15,0.000904000000000002
gan,43,exceed_frac_gt_p90,0.1
gan,43,exceed_frac_sr_p90,0.100464
gan,43,exceed_frac_delta_p90,0.0004639999999999922
gan,43,exceed_frac_abs_delta_p90,0.0004639999999999922
gan,43,exceed_frac_gt_p95,0.05
gan,43,exceed_frac_sr_p95,0.053696
gan,43,exceed_frac_delta_p95,0.003695999999999998
gan,43,exceed_frac_abs_delta_p95,0.003695999999999998
gan,43,exceed_frac_gt_p99,0.01
gan,43,exceed_frac_sr_p99,0.01318
gan,43,exceed_frac_delta_p99,0.0031800000000000005
gan,43,exceed_frac_abs_delta_p99,0.0031800000000000005
gan,43,pd_distance,13.784137402758168
gan,43,mt_distance,7.053122520446777
gan,43,ssim,0.46285908938323445
gan,44,psnr,32.24624416721567
gan,44,wpd_bias,59.98019818383339
gan,44,wpd_mae,171.6467484040978
gan,44,wpd_rmse,403.10638993876347
gan,44,wpd_w1,60.99604367065546
gan,44,psd_log_l2,0.19396671449032934
gan,44,psd_slope_gt,0.9008753355404187
gan,44,psd_slope_sr,0.7845302907040153
gan,44,psd_slope_delta,-0.1163450448364034
gan,44,psd_slope_abs_delta,0.1163450448364034
gan,44,grad_mae,0.26484284145341397
gan,44,grad_w1,0.0478189592914328
gan,44,grad_kurtosis_gt,35.597979091113544
gan,44,grad_kurtosis_sr,41.07843752832822
gan,44,grad_kurtosis_delta,5.480458437214679
gan,44,grad_kurtosis_abs_delta,5.480458437214679
gan,44,exceed_frac_gt_t5,0.79656
gan,44,exceed_frac_sr_t5,0.806732
gan,44,exceed_frac_delta_t5,0.010171999999999959
gan,44,exceed_frac_abs_delta_t5,0.010171999999999959
gan,44,exceed_frac_gt_t10,0.403556
gan,44,exceed_frac_sr_t10,0.420048
gan,44,exceed_frac_delta_t10,0.01649199999999995
gan,44,exceed_frac_abs_delta_t10,0.01649199999999995
gan,44,exceed_frac_gt_t15,0.064832
gan,44,exceed_frac_sr_t15,0.072288
gan,44,exceed_frac_delta_t15,0.007456000000000004
gan,44,exceed_frac_abs_delta_t15,0.007456000000000004
gan,44,exceed_frac_gt_p90,0.1
gan,44,exceed_frac_sr_p90,0.103024
gan,44,exceed_frac_delta_p90,0.003023999999999999
gan,44,exceed_frac_abs_delta_p90,0.003023999999999999
gan,44,exceed_frac_gt_p95,0.05
gan,44,exceed_frac_sr_p95,0.059296
gan,44,exceed_frac_delta_p95,0.009295999999999999
gan,44,exceed_frac_abs_delta_p95,0.009295999999999999
gan,44,exceed_frac_gt_p99,0.01
gan,44,exceed_frac_sr_p99,0.013256
gan,44,exceed_frac_delta_p99,0.003256
gan,44,exceed_frac_abs_delta_p99,0.003256
gan,44,pd_distance,13.855413188888303
gan,44,mt_distance,7.041088581085205
gan,44,ssim,0.38793381852887476
gan,45,psnr,31.29346884710588
gan,45,wpd_bias,70.2573602103917
gan,45,wpd_mae,181.6944046345763
gan,45,wpd_rmse,439.22505232722693
gan,45,wpd_w1,70.48629345766241
gan,45,psd_log_l2,0.28218935725800615
gan,45,psd_slope_gt,1.020788916991414
gan,45,psd_slope_sr,0.8657096056531957
gan,45,psd_slope_delta,-0.15507931133821828
gan,45,psd_slope_abs_delta,0.15507931133821828
gan,45,grad_mae,0.3134983589962997
gan,45,grad_w1,0.053913321369812126
gan,45,grad_kurtosis_gt,28.833496921868903
gan,45,grad_kurtosis_sr,29.552375554074224
gan,45,grad_kurtosis_delta,0.7188786322053211
gan,45,grad_kurtosis_abs_delta,0.7188786322053211
gan,45,exceed_frac_gt_t5,0.765232
gan,45,exceed_frac_sr_t5,0.785056
gan,45,exceed_frac_delta_t5,0.019823999999999953
gan,45,exceed_frac_abs_delta_t5,0.019823999999999953
gan,45,exceed_frac_gt_t10,0.39386
gan,45,exceed_frac_sr_t10,0.410948
gan,45,exceed_frac_delta_t10,0.017087999999999992
gan,45,exceed_frac_abs_delta_t10,0.017087999999999992
gan,45,exceed_frac_gt_t15,0.05044
gan,45,exceed_frac_sr_t15,0.059224
gan,45,exceed_frac_delta_t15,0.008784
gan,45,exceed_frac_abs_delta_t15,0.008784
gan,45,exceed_frac_gt_p90,0.1
gan,45,exceed_frac_sr_p90,0.106816
gan,45,exceed_frac_delta_p90,0.006815999999999989
gan,45,exceed_frac_abs_delta_p90,0.006815999999999989
gan,45,exceed_frac_gt_p95,0.05
gan,45,exceed_frac_sr_p95,0.058708
gan,45,exceed_frac_delta_p95,0.008708
gan,45,exceed_frac_abs_delta_p95,0.008708
gan,45,exceed_frac_gt_p99,0.01
gan,45,exceed_frac_sr_p99,0.01564
gan,45,exceed_frac_delta_p99,0.005640000000000001
gan,45,exceed_frac_abs_delta_p99,0.005640000000000001
gan,45,pd_distance,13.609391097429418
gan,45,mt_distance,6.773196697235107
gan,45,ssim,0.3364160331480848
gan,46,psnr,30.54058406520525
gan,46,wpd_bias,81.55946878777816
gan,46,wpd_mae,205.42398779151955
gan,46,wpd_rmse,462.12199591996784
gan,46,wpd_w1,81.60495944556658
gan,46,psd_log_l2,0.324474888827923
gan,46,psd_slope_gt,1.2007285753106773
gan,46,psd_slope_sr,0.8736543038319757
gan,46,psd_slope_delta,-0.3270742714787016
gan,46,psd_slope_abs_delta,0.3270742714787016
gan,46,grad_mae,0.3494768754071843
gan,46,grad_w1,0.07022802359129145
gan,46,grad_kurtosis_gt,24.502927978627852
gan,46,grad_kurtosis_sr,25.237352885014904
gan,46,grad_kurtosis_delta,0.7344249063870514
gan,46,grad_kurtosis_abs_delta,0.7344249063870514
gan,46,exceed_frac_gt_t5,0.782556
gan,46,exceed_frac_sr_t5,0.799812
gan,46,exceed_frac_delta_t5,0.017255999999999938
gan,46,exceed_frac_abs_delta_t5,0.017255999999999938
gan,46,exceed_frac_gt_t10,0.41326
gan,46,exceed_frac_sr_t10,0.435532
gan,46,exceed_frac_delta_t10,0.02227199999999996
gan,46,exceed_frac_abs_delta_t10,0.02227199999999996
gan,46,exceed_frac_gt_t15,0.047772
gan,46,exceed_frac_sr_t15,0.053648
gan,46,exceed_frac_delta_t15,0.005875999999999999
gan,46,exceed_frac_abs_delta_t15,0.005875999999999999
gan,46,exceed_frac_gt_p90,0.1
gan,46,exceed_frac_sr_p90,0.11338
gan,46,exceed_frac_delta_p90,0.013379999999999989
gan,46,exceed_frac_abs_delta_p90,0.013379999999999989
gan,46,exceed_frac_gt_p95,0.05
gan,46,exceed_frac_sr_p95,0.058464
gan,46,exceed_frac_delta_p95,0.008464
gan,46,exceed_frac_abs_delta_p95,0.008464
gan,46,exceed_frac_gt_p99,0.01
gan,46,exceed_frac_sr_p99,0.015508
gan,46,exceed_frac_delta_p99,0.005507999999999999
gan,46,exceed_frac_abs_delta_p99,0.005507999999999999
gan,46,pd_distance,16.27228595124608
gan,46,mt_distance,6.650214672088623
gan,46,ssim,0.33693808695324917
gan,47,psnr,30.416833211650466
gan,47,wpd_bias,84.29327711337316
gan,47,wpd_mae,206.54086937319875
gan,47,wpd_rmse,494.32895071796327
gan,47,wpd_w1,84.36834808218376
gan,47,psd_log_l2,0.3379268440269908
gan,47,psd_slope_gt,1.2596917643279093
gan,47,psd_slope_sr,0.8612476674086018
gan,47,psd_slope_delta,-0.3984440969193075
gan,47,psd_slope_abs_delta,0.3984440969193075
gan,47,grad_mae,0.34747573458150804
gan,47,grad_w1,0.07097197963236714
gan,47,grad_kurtosis_gt,24.150592053474924
gan,47,grad_kurtosis_sr,22.58549625388472
gan,47,grad_kurtosis_delta,-1.5650957995902033
gan,47,grad_kurtosis_abs_delta,1.5650957995902033
gan,47,exceed_frac_gt_t5,0.789616
gan,47,exceed_frac_sr_t5,0.803476
gan,47,exceed_frac_delta_t5,0.013859999999999983
gan,47,exceed_frac_abs_delta_t5,0.013859999999999983
gan,47,exceed_frac_gt_t10,0.417872
gan,47,exceed_frac_sr_t10,0.434152
gan,47,exceed_frac_delta_t10,0.01627999999999996
gan,47,exceed_frac_abs_delta_t10,0.01627999999999996
gan,47,exceed_frac_gt_t15,0.042404
gan,47,exceed_frac_sr_t15,0.048252
gan,47,exceed_frac_delta_t15,0.005848000000000006
gan,47,exceed_frac_abs_delta_t15,0.005848000000000006
gan,47,exceed_frac_gt_p90,0.1
gan,47,exceed_frac_sr_p90,0.120012
gan,47,exceed_frac_delta_p90,0.020011999999999988
gan,47,exceed_frac_abs_delta_p90,0.020011999999999988
gan,47,exceed_frac_gt_p95,0.05
gan,47,exceed_frac_sr_p95,0.05764
gan,47,exceed_frac_delta_p95,0.007639999999999994
gan,47,exceed_frac_abs_delta_p95,0.007639999999999994
gan,47,exceed_frac_gt_p99,0.01
gan,47,exceed_frac_sr_p99,0.017908
gan,47,exceed_frac_delta_p99,0.007908
gan,47,exceed_frac_abs_delta_p99,0.007908
gan,47,pd_distance,13.108895112859523
gan,47,mt_distance,7.498397350311279
gan,47,ssim,0.3308093362400592
gan,48,psnr,30.026878695732123
gan,48,wpd_bias,80.94689544108722
gan,48,wpd_mae,196.0765279545683
gan,48,wpd_rmse,478.9987321562433
gan,48,wpd_w1,81.2130872857619
gan,48,psd_log_l2,0.33766192201168893
gan,48,psd_slope_gt,1.2687737908771686
gan,48,psd_slope_sr,0.8803865094124504
gan,48,psd_slope_delta,-0.3883872814647181
gan,48,psd_slope_abs_delta,0.3883872814647181
gan,48,grad_mae,0.3413861118039205
gan,48,grad_w1,0.06484756317182425
gan,48,grad_kurtosis_gt,23.037902715482684
gan,48,grad_kurtosis_sr,23.868039484323386
gan,48,grad_kurtosis_delta,0.8301367688407026
gan,48,grad_kurtosis_abs_delta,0.8301367688407026
gan,48,exceed_frac_gt_t5,0.78302
gan,48,exceed_frac_sr_t5,0.796884
gan,48,exceed_frac_delta_t5,0.013863999999999987
gan,48,exceed_frac_abs_delta_t5,0.013863999999999987
gan,48,exceed_frac_gt_t10,0.394804
gan,48,exceed_frac_sr_t10,0.412744
gan,48,exceed_frac_delta_t10,0.01794000000000001
gan,48,exceed_frac_abs_delta_t10,0.01794000000000001
gan,48,exceed_frac_gt_t15,0.03326
gan,48,exceed_frac_sr_t15,0.038692
gan,48,exceed_frac_delta_t15,0.005431999999999999
gan,48,exceed_frac_abs_delta_t15,0.005431999999999999
gan,48,exceed_frac_gt_p90,0.1
gan,48,exceed_frac_sr_p90,0.11982
gan,48,exceed_frac_delta_p90,0.01981999999999999
gan,48,exceed_frac_abs_delta_p90,0.01981999999999999
gan,48,exceed_frac_gt_p95,0.05
gan,48,exceed_frac_sr_p95,0.059028
gan,48,exceed_frac_delta_p95,0.009027999999999994
gan,48,exceed_frac_abs_delta_p95,0.009027999999999994
gan,48,exceed_frac_gt_p99,0.01
gan,48,exceed_frac_sr_p99,0.017076
gan,48,exceed_frac_delta_p99,0.007076000000000001
gan,48,exceed_frac_abs_delta_p99,0.007076000000000001
gan,48,pd_distance,13.107025960847848
gan,48,mt_distance,6.682991981506348
gan,48,ssim,0.36815821567426904
gan,49,psnr,29.971253364739507
gan,49,wpd_bias,72.60144292687838
gan,49,wpd_mae,183.97644438008732
gan,49,wpd_rmse,431.6010204103105
gan,49,wpd_w1,72.75099111450358
gan,49,psd_log_l2,0.3442827196592752
gan,49,psd_slope_gt,1.2924078374666768
gan,49,psd_slope_sr,0.8820082800214202
gan,49,psd_slope_delta,-0.4103995574452566
gan,49,psd_slope_abs_delta,0.4103995574452566
gan,49,grad_mae,0.33613040316003145
gan,49,grad_w1,0.0669937056994581
gan,49,grad_kurtosis_gt,22.615851573923415
gan,49,grad_kurtosis_sr,24.024681285499565
gan,49,grad_kurtosis_delta,1.40882971157615
gan,49,grad_kurtosis_abs_delta,1.40882971157615
gan,49,exceed_frac_gt_t5,0.770844
gan,49,exceed_frac_sr_t5,0.788776
gan,49,exceed_frac_delta_t5,0.01793200000000006
gan,49,exceed_frac_abs_delta_t5,0.01793200000000006
gan,49,exceed_frac_gt_t10,0.34972
gan,49,exceed_frac_sr_t10,0.371104
gan,49,exceed_frac_delta_t10,0.021384000000000014
gan,49,exceed_frac_abs_delta_t10,0.021384000000000014
gan,49,exceed_frac_gt_t15,0.020384
gan,49,exceed_frac_sr_t15,0.026284
gan,49,exceed_frac_delta_t15,0.005899999999999999
gan,49,exceed_frac_abs_delta_t15,0.005899999999999999
gan,49,exceed_frac_gt_p90,0.1
gan,49,exceed_frac_sr_p90,0.12608
gan,49,exceed_frac_delta_p90,0.026079999999999992
gan,49,exceed_frac_abs_delta_p90,0.026079999999999992
gan,49,exceed_frac_gt_p95,0.05
gan,49,exceed_frac_sr_p95,0.059548
gan,49,exceed_frac_delta_p95,0.009547999999999994
gan,49,exceed_frac_abs_delta_p95,0.009547999999999994
gan,49,exceed_frac_gt_p99,0.01
gan,49,exceed_frac_sr_p99,0.017148
gan,49,exceed_frac_delta_p99,0.007148
gan,49,exceed_frac_abs_delta_p99,0.007148
gan,49,pd_distance,13.662675111493924
gan,49,mt_distance,7.889017105102539
gan,49,ssim,0.3780922854134085
gan,50,psnr,29.86544616318644
gan,50,wpd_bias,62.0526990124357
gan,50,wpd_mae,164.67380335389498
gan,50,wpd_rmse,366.4870351561325
gan,50,wpd_w1,62.063466279085475
gan,50,psd_log_l2,0.3616267531721974
gan,50,psd_slope_gt,1.3487087613978361
gan,50,psd_slope_sr,0.889679345968801
gan,50,psd_slope_delta,-0.4590294154290351
gan,50,psd_slope_abs_delta,0.4590294154290351
gan,50,grad_mae,0.33595610263377074
gan,50,grad_w1,0.07294068427095299
gan,50,grad_kurtosis_gt,21.6405796621184
gan,50,grad_kurtosis_sr,20.599218634152805
gan,50,grad_kurtosis_delta,-1.0413610279655963
gan,50,grad_kurtosis_abs_delta,1.0413610279655963
gan,50,exceed_frac_gt_t5,0.758512
gan,50,exceed_frac_sr_t5,0.775432
gan,50,exceed_frac_delta_t5,0.016920000000000046
gan,50,exceed_frac_abs_delta_t5,0.016920000000000046
gan,50,exceed_frac_gt_t10,0.29016
gan,50,exceed_frac_sr_t10,0.30662
gan,50,exceed_frac_delta_t10,0.01646000000000003
gan,50,exceed_frac_abs_delta_t10,0.01646000000000003
gan,50,exceed_frac_gt_t15,0.007008
gan,50,exceed_frac_sr_t15,0.012548
gan,50,exceed_frac_delta_t15,0.00554
gan,50,exceed_frac_abs_delta_t15,0.00554
gan,50,exceed_frac_gt_p90,0.1
gan,50,exceed_frac_sr_p90,0.128736
gan,50,exceed_frac_delta_p90,0.028735999999999984
gan,50,exceed_frac_abs_delta_p90,0.028735999999999984
gan,50,exceed_frac_gt_p95,0.05
gan,50,exceed_frac_sr_p95,0.061012
gan,50,exceed_frac_delta_p95,0.011011999999999994
gan,50,exceed_frac_abs_delta_p95,0.011011999999999994
gan,50,exceed_frac_gt_p99,0.01
gan,50,exceed_frac_sr_p99,0.016408
gan,50,exceed_frac_delta_p99,0.006407999999999999
gan,50,exceed_frac_abs_delta_p99,0.006407999999999999
gan,50,pd_distance,14.865452226211227
gan,50,mt_distance,6.713321685791016
gan,50,ssim,0.3957204490454885
gan,51,psnr,29.781031780439207
gan,51,wpd_bias,56.051618967412374
gan,51,wpd_mae,152.69112715115438
gan,51,wpd_rmse,311.9276374149713
gan,51,wpd_w1,56.05180085449319
gan,51,psd_log_l2,0.37529478648502484
gan,51,psd_slope_gt,1.356345715961108
gan,51,psd_slope_sr,0.8620787281423027
gan,51,psd_slope_delta,-0.4942669878188054
gan,51,psd_slope_abs_delta,0.4942669878188054
gan,51,grad_mae,0.3309820830646324
gan,51,grad_w1,0.07176202034370155
gan,51,grad_kurtosis_gt,19.79685707102444
gan,51,grad_kurtosis_sr,17.49964422078016
gan,51,grad_kurtosis_delta,-2.297212850244282
gan,51,grad_kurtosis_abs_delta,2.297212850244282
gan,51,exceed_frac_gt_t5,0.747644
gan,51,exceed_frac_sr_t5,0.763116
gan,51,exceed_frac_delta_t5,0.015472000000000041
gan,51,exceed_frac_abs_delta_t5,0.015472000000000041
gan,51,exceed_frac_gt_t10,0.230452
gan,51,exceed_frac_sr_t10,0.248528
gan,51,exceed_frac_delta_t10,0.01807600000000001
gan,51,exceed_frac_abs_delta_t10,0.01807600000000001
gan,51,exceed_frac_gt_t15,0.002328
gan,51,exceed_frac_sr_t15,0.005472
gan,51,exceed_frac_delta_t15,0.003144
gan,51,exceed_frac_abs_delta_t15,0.003144
gan,51,exceed_frac_gt_p90,0.1
gan,51,exceed_frac_sr_p90,0.127632
gan,51,exceed_frac_delta_p90,0.02763199999999999
gan,51,exceed_frac_abs_delta_p90,0.02763199999999999
gan,51,exceed_frac_gt_p95,0.05
gan,51,exceed_frac_sr_p95,0.060528
gan,51,exceed_frac_delta_p95,0.010527999999999996
gan,51,exceed_frac_abs_delta_p95,0.010527999999999996
gan,51,exceed_frac_gt_p99,0.01
gan,51,exceed_frac_sr_p99,0.018208
gan,51,exceed_frac_delta_p99,0.008207999999999998
gan,51,exceed_frac_abs_delta_p99,0.008207999999999998
gan,51,pd_distance,16.03686368056312
gan,51,mt_distance,7.996896266937256
gan,51,ssim,0.447623542572994
gan,52,psnr,29.999403935310497
gan,52,wpd_bias,51.1903086077931
gan,52,wpd_mae,146.7738818744067
gan,52,wpd_rmse,285.31394404368126
gan,52,wpd_w1,51.27100135955162
gan,52,psd_log_l2,0.3774567534312796
gan,52,psd_slope_gt,1.3807288418811718
gan,52,psd_slope_sr,0.8850469755641244
gan,52,psd_slope_delta,-0.49568186631704747
gan,52,psd_slope_abs_delta,0.49568186631704747
gan,52,grad_mae,0.3307599920295719
gan,52,grad_w1,0.0691489581337113
gan,52,grad_kurtosis_gt,17.230958459135245
gan,52,grad_kurtosis_sr,12.891711529866924
gan,52,grad_kurtosis_delta,-4.33924692926832
gan,52,grad_kurtosis_abs_delta,4.33924692926832
gan,52,exceed_frac_gt_t5,0.734164
gan,52,exceed_frac_sr_t5,0.749008
gan,52,exceed_frac_delta_t5,0.014843999999999968
gan,52,exceed_frac_abs_delta_t5,0.014843999999999968
gan,52,exceed_frac_gt_t10,0.175312
gan,52,exceed_frac_sr_t10,0.20332
gan,52,exceed_frac_delta_t10,0.028008000000000005
gan,52,exceed_frac_abs_delta_t10,0.028008000000000005
gan,52,exceed_frac_gt_t15,0.000768
gan,52,exceed_frac_sr_t15,0.002636
gan,52,exceed_frac_delta_t15,0.0018679999999999999
gan,52,exceed_frac_abs_delta_t15,0.0018679999999999999
gan,52,exceed_frac_gt_p90,0.1
gan,52,exceed_frac_sr_p90,0.126316
gan,52,exceed_frac_delta_p90,0.026316000000000006
gan,52,exceed_frac_abs_delta_p90,0.026316000000000006
gan,52,exceed_frac_gt_p95,0.05
gan,52,exceed_frac_sr_p95,0.062296
gan,52,exceed_frac_delta_p95,0.012295999999999994
gan,52,exceed_frac_abs_delta_p95,0.012295999999999994
gan,52,exceed_frac_gt_p99,0.01
gan,52,exceed_frac_sr_p99,0.0202
gan,52,exceed_frac_delta_p99,0.010199999999999999
gan,52,exceed_frac_abs_delta_p99,0.010199999999999999
gan,52,pd_distance,16.98731478928289
gan,52,mt_distance,7.0050048828125
gan,52,ssim,0.44841605132461654
gan,53,psnr,30.1715949200018
gan,53,wpd_bias,46.05504646730751
gan,53,wpd_mae,134.20382223665447
gan,53,wpd_rmse,279.27313747788565
gan,53,wpd_w1,46.155964723741356
gan,53,psd_log_l2,0.3768958501325225
gan,53,psd_slope_gt,1.4015540395722368
gan,53,psd_slope_sr,0.8720870584253717
gan,53,psd_slope_delta,-0.5294669811468651
gan,53,psd_slope_abs_delta,0.5294669811468651
gan,53,grad_mae,0.32292656588264834
gan,53,grad_w1,0.04953733247099974
gan,53,grad_kurtosis_gt,15.649433105046507
gan,53,grad_kurtosis_sr,14.192576118368004
gan,53,grad_kurtosis_delta,-1.4568569866785026
gan,53,grad_kurtosis_abs_delta,1.4568569866785026
gan,53,exceed_frac_gt_t5,0.71652
gan,53,exceed_frac_sr_t5,0.731968
gan,53,exceed_frac_delta_t5,0.015447999999999906
gan,53,exceed_frac_abs_delta_t5,0.015447999999999906
gan,53,exceed_frac_gt_t10,0.139028
gan,53,exceed_frac_sr_t10,0.167852
gan,53,exceed_frac_delta_t10,0.02882399999999999
gan,53,exceed_frac_abs_delta_t10,0.02882399999999999
gan,53,exceed_frac_gt_t15,0.000696
gan,53,exceed_frac_sr_t15,0.001876
gan,53,exceed_frac_delta_t15,0.00118
gan,53,exceed_frac_abs_delta_t15,0.00118
gan,53,exceed_frac_gt_p90,0.1
gan,53,exceed_frac_sr_p90,0.123948
gan,53,exceed_frac_delta_p90,0.023947999999999997
gan,53,exceed_frac_abs_delta_p90,0.023947999999999997
gan,53,exceed_frac_gt_p95,0.05
gan,53,exceed_frac_sr_p95,0.06518
gan,53,exceed_frac_delta_p95,0.015179999999999999
gan,53,exceed_frac_abs_delta_p95,0.015179999999999999
gan,53,exceed_frac_gt_p99,0.01
gan,53,exceed_frac_sr_p99,0.019088
gan,53,exceed_frac_delta_p99,0.009088
gan,53,exceed_frac_abs_delta_p99,0.009088
gan,53,pd_distance,18.078201501754
gan,53,mt_distance,7.919146537780762
gan,53,ssim,0.4292371880271335
gan,54,psnr,30.26339554753549
gan,54,wpd_bias,43.02705086157362
gan,54,wpd_mae,129.83807157318313
gan,54,wpd_rmse,279.0243570400071
gan,54,wpd_w1,43.035398248082295
gan,54,psd_log_l2,0.4025931360391375
gan,54,psd_slope_gt,1.4231580494250449
gan,54,psd_slope_sr,0.8626556998660546
gan,54,psd_slope_delta,-0.5605023495589903
gan,54,psd_slope_abs_delta,0.5605023495589903
gan,54,grad_mae,0.32374778047453107
gan,54,grad_w1,0.04519192154268008
gan,54,grad_kurtosis_gt,15.68227149997276
gan,54,grad_kurtosis_sr,14.967920408307283
gan,54,grad_kurtosis_delta,-0.7143510916654776
gan,54,grad_kurtosis_abs_delta,0.7143510916654776
gan,54,exceed_frac_gt_t5,0.69838
gan,54,exceed_frac_sr_t5,0.712816
gan,54,exceed_frac_delta_t5,0.014436000000000004
gan,54,exceed_frac_abs_delta_t5,0.014436000000000004
gan,54,exceed_frac_gt_t10,0.118428
gan,54,exceed_frac_sr_t10,0.148028
gan,54,exceed_frac_delta_t10,0.029599999999999987
gan,54,exceed_frac_abs_delta_t10,0.029599999999999987
gan,54,exceed_frac_gt_t15,0.000848
gan,54,exceed_frac_sr_t15,0.00172
gan,54,exceed_frac_delta_t15,0.0008719999999999999
gan,54,exceed_frac_abs_delta_t15,0.0008719999999999999
gan,54,exceed_frac_gt_p90,0.1
gan,54,exceed_frac_sr_p90,0.127736
gan,54,exceed_frac_delta_p90,0.027735999999999983
gan,54,exceed_frac_abs_delta_p90,0.027735999999999983
gan,54,exceed_frac_gt_p95,0.05
gan,54,exceed_frac_sr_p95,0.06906
gan,54,exceed_frac_delta_p95,0.019059999999999994
gan,54,exceed_frac_abs_delta_p95,0.019059999999999994
gan,54,exceed_frac_gt_p99,0.01
gan,54,exceed_frac_sr_p99,0.015308
gan,54,exceed_frac_delta_p99,0.005308
gan,54,exceed_frac_abs_delta_p99,0.005308
gan,54,pd_distance,18.305326668249773
gan,54,mt_distance,9.581897735595703
gan,54,ssim,0.46204183939497817
gan,55,psnr,29.931009585250738
gan,55,wpd_bias,42.68791330989622
gan,55,wpd_mae,130.97706345384552
gan,55,wpd_rmse,298.13837911899185
gan,55,wpd_w1,42.76681335395773
gan,55,psd_log_l2,0.39781613789183734
gan,55,psd_slope_gt,1.3938067774913179
gan,55,psd_slope_sr,0.8073331509421408
gan,55,psd_slope_delta,-0.5864736265491771
gan,55,psd_slope_abs_delta,0.5864736265491771
gan,55,grad_mae,0.3243348137711801
gan,55,grad_w1,0.036676268520452894
gan,55,grad_kurtosis_gt,16.01867727155572
gan,55,grad_kurtosis_sr,16.38371009032158
gan,55,grad_kurtosis_delta,0.365032818765858
gan,55,grad_kurtosis_abs_delta,0.365032818765858
gan,55,exceed_frac_gt_t5,0.674288
gan,55,exceed_frac_sr_t5,0.686848
gan,55,exceed_frac_delta_t5,0.012560000000000016
gan,55,exceed_frac_abs_delta_t5,0.012560000000000016
gan,55,exceed_frac_gt_t10,0.110956
gan,55,exceed_frac_sr_t10,0.1387
gan,55,exceed_frac_delta_t10,0.02774399999999999
gan,55,exceed_frac_abs_delta_t10,0.02774399999999999
gan,55,exceed_frac_gt_t15,0.001152
gan,55,exceed_frac_sr_t15,0.002788
gan,55,exceed_frac_delta_t15,0.001636
gan,55,exceed_frac_abs_delta_t15,0.001636
gan,55,exceed_frac_gt_p90,0.1
gan,55,exceed_frac_sr_p90,0.127012
gan,55,exceed_frac_delta_p90,0.027012000000000008
gan,55,exceed_frac_abs_delta_p90,0.027012000000000008
gan,55,exceed_frac_gt_p95,0.05
gan,55,exceed_frac_sr_p95,0.069676
gan,55,exceed_frac_delta_p95,0.019676
gan,55,exceed_frac_abs_delta_p95,0.019676
gan,55,exceed_frac_gt_p99,0.01
gan,55,exceed_frac_sr_p99,0.016088
gan,55,exceed_frac_delta_p99,0.006088000000000001
gan,55,exceed_frac_abs_delta_p99,0.006088000000000001
gan,55,pd_distance,17.428151978200873
gan,55,mt_distance,7.846588134765625
gan,55,ssim,0.45229433753686626
gan,56,psnr,29.6283766092074
gan,56,wpd_bias,40.6409941906956
gan,56,wpd_mae,130.60547125788227
gan,56,wpd_rmse,301.9471940438411
gan,56,wpd_w1,40.65106975902318
gan,56,psd_log_l2,0.40719479962823085
gan,56,psd_slope_gt,1.4030071441121568
gan,56,psd_slope_sr,0.7595955889609918
gan,56,psd_slope_delta,-0.643411555151165
gan,56,psd_slope_abs_delta,0.643411555151165
gan,56,grad_mae,0.32714313079404006
gan,56,grad_w1,0.03433142842898893
gan,56,grad_kurtosis_gt,16.1257751842377
gan,56,grad_kurtosis_sr,17.56295047313207
gan,56,grad_kurtosis_delta,1.4371752888943696
gan,56,grad_kurtosis_abs_delta,1.4371752888943696
gan,56,exceed_frac_gt_t5,0.656012
gan,56,exceed_frac_sr_t5,0.663984
gan,56,exceed_frac_delta_t5,0.007971999999999979
gan,56,exceed_frac_abs_delta_t5,0.007971999999999979
gan,56,exceed_frac_gt_t10,0.11208
gan,56,exceed_frac_sr_t10,0.135436
gan,56,exceed_frac_delta_t10,0.023356000000000002
gan,56,exceed_frac_abs_delta_t10,0.023356000000000002
gan,56,exceed_frac_gt_t15,0.001368
gan,56,exceed_frac_sr_t15,0.00292
gan,56,exceed_frac_delta_t15,0.0015519999999999998
gan,56,exceed_frac_abs_delta_t15,0.0015519999999999998
gan,56,exceed_frac_gt_p90,0.1
gan,56,exceed_frac_sr_p90,0.123272
gan,56,exceed_frac_delta_p90,0.023272
gan,56,exceed_frac_abs_delta_p90,0.023272
gan,56,exceed_frac_gt_p95,0.05
gan,56,exceed_frac_sr_p95,0.065424
gan,56,exceed_frac_delta_p95,0.015423999999999993
gan,56,exceed_frac_abs_delta_p95,0.015423999999999993
gan,56,exceed_frac_gt_p99,0.01
gan,56,exceed_frac_sr_p99,0.017028
gan,56,exceed_frac_delta_p99,0.007028000000000001
gan,56,exceed_frac_abs_delta_p99,0.007028000000000001
gan,56,pd_distance,17.584091876726443
gan,56,mt_distance,7.826909065246582
gan,56,ssim,0.460807966246565
gan,57,psnr,29.104545242708497
gan,57,wpd_bias,39.544572659485326
gan,57,wpd_mae,132.0767709443414
gan,57,wpd_rmse,311.6089028601624
gan,57,wpd_w1,39.58628714678487
gan,57,psd_log_l2,0.4006591675112981
gan,57,psd_slope_gt,1.3897450848438164
gan,57,psd_slope_sr,0.6667064137067159
gan,57,psd_slope_delta,-0.7230386711371005
gan,57,psd_slope_abs_delta,0.7230386711371005
gan,57,grad_mae,0.3325498030404337
gan,57,grad_w1,0.033356368875533254
gan,57,grad_kurtosis_gt,15.331920002860606
gan,57,grad_kurtosis_sr,16.671981890405554
gan,57,grad_kurtosis_delta,1.3400618875449481
gan,57,grad_kurtosis_abs_delta,1.3400618875449481
gan,57,exceed_frac_gt_t5,0.622136
gan,57,exceed_frac_sr_t5,0.639424
gan,57,exceed_frac_delta_t5,0.01728799999999997
gan,57,exceed_frac_abs_delta_t5,0.01728799999999997
gan,57,exceed_frac_gt_t10,0.114448
gan,57,exceed_frac_sr_t10,0.134728
gan,57,exceed_frac_delta_t10,0.020279999999999992
gan,57,exceed_frac_abs_delta_t10,0.020279999999999992
gan,57,exceed_frac_gt_t15,0.001504
gan,57,exceed_frac_sr_t15,0.003548
gan,57,exceed_frac_delta_t15,0.002044
gan,57,exceed_frac_abs_delta_t15,0.002044
gan,57,exceed_frac_gt_p90,0.1
gan,57,exceed_frac_sr_p90,0.117424
gan,57,exceed_frac_delta_p90,0.017423999999999995
gan,57,exceed_frac_abs_delta_p90,0.017423999999999995
gan,57,exceed_frac_gt_p95,0.05
gan,57,exceed_frac_sr_p95,0.063728
gan,57,exceed_frac_delta_p95,0.013728000000000004
gan,57,exceed_frac_abs_delta_p95,0.013728000000000004
gan,57,exceed_frac_gt_p99,0.01
gan,57,exceed_frac_sr_p99,0.017612
gan,57,exceed_frac_delta_p99,0.007611999999999999
gan,57,exceed_frac_abs_delta_p99,0.007611999999999999
gan,57,pd_distance,18.354637384973643
gan,57,mt_distance,6.805661201477051
gan,57,ssim,0.46336049226260095
gan,58,psnr,28.596294182804364
gan,58,wpd_bias,41.80715703422689
gan,58,wpd_mae,139.08224976293016
gan,58,wpd_rmse,328.3678758457376
gan,58,wpd_w1,41.84248933483754
gan,58,psd_log_l2,0.36694103953564483
gan,58,psd_slope_gt,1.4063733521537929
gan,58,psd_slope_sr,0.6796595084480371
gan,58,psd_slope_delta,-0.7267138437057558
gan,58,psd_slope_abs_delta,0.7267138437057558
gan,58,grad_mae,0.34185887067676546
gan,58,grad_w1,0.028417331255454904
gan,58,grad_kurtosis_gt,15.086790140907546
gan,58,grad_kurtosis_sr,16.04312857239419
gan,58,grad_kurtosis_delta,0.9563384314866425
gan,58,grad_kurtosis_abs_delta,0.9563384314866425
gan,58,exceed_frac_gt_t5,0.566708
gan,58,exceed_frac_sr_t5,0.578664
gan,58,exceed_frac_delta_t5,0.011955999999999967
gan,58,exceed_frac_abs_delta_t5,0.011955999999999967
gan,58,exceed_frac_gt_t10,0.121672
gan,58,exceed_frac_sr_t10,0.142588
gan,58,exceed_frac_delta_t10,0.02091599999999999
gan,58,exceed_frac_abs_delta_t10,0.02091599999999999
gan,58,exceed_frac_gt_t15,0.001604
gan,58,exceed_frac_sr_t15,0.004324
gan,58,exceed_frac_delta_t15,0.0027199999999999998
gan,58,exceed_frac_abs_delta_t15,0.0027199999999999998
gan,58,exceed_frac_gt_p90,0.1
gan,58,exceed_frac_sr_p90,0.116376
gan,58,exceed_frac_delta_p90,0.016375999999999988
gan,58,exceed_frac_abs_delta_p90,0.016375999999999988
gan,58,exceed_frac_gt_p95,0.05
gan,58,exceed_frac_sr_p95,0.062584
gan,58,exceed_frac_delta_p95,0.012583999999999998
gan,58,exceed_frac_abs_delta_p95,0.012583999999999998
gan,58,exceed_frac_gt_p99,0.01
gan,58,exceed_frac_sr_p99,0.017324
gan,58,exceed_frac_delta_p99,0.007323999999999999
gan,58,exceed_frac_abs_delta_p99,0.007323999999999999
gan,58,pd_distance,18.762904108038654
gan,58,mt_distance,8.349846839904785
gan,58,ssim,0.46782386623201816
gan,59,psnr,28.730860257058026
gan,59,wpd_bias,40.41726456092186
gan,59,wpd_mae,144.91438652456142
gan,59,wpd_rmse,352.21523786165676
gan,59,wpd_w1,40.419582173838286
gan,59,psd_log_l2,0.34721861189807524
gan,59,psd_slope_gt,1.4045769897494929
gan,59,psd_slope_sr,0.6524066825473719
gan,59,psd_slope_delta,-0.752170307202121
gan,59,psd_slope_abs_delta,0.752170307202121
gan,59,grad_mae,0.34760212538656843
gan,59,grad_w1,0.04024647487853458
gan,59,grad_kurtosis_gt,14.865235207158928
gan,59,grad_kurtosis_sr,17.470146497590527
gan,59,grad_kurtosis_delta,2.6049112904315983
gan,59,grad_kurtosis_abs_delta,2.6049112904315983
gan,59,exceed_frac_gt_t5,0.539832
gan,59,exceed_frac_sr_t5,0.549532
gan,59,exceed_frac_delta_t5,0.009700000000000042
gan,59,exceed_frac_abs_delta_t5,0.009700000000000042
gan,59,exceed_frac_gt_t10,0.132356
gan,59,exceed_frac_sr_t10,0.150164
gan,59,exceed_frac_delta_t10,0.01780799999999999
gan,59,exceed_frac_abs_delta_t10,0.01780799999999999
gan,59,exceed_frac_gt_t15,0.002068
gan,59,exceed_frac_sr_t15,0.00524
gan,59,exceed_frac_delta_t15,0.003172
gan,59,exceed_frac_abs_delta_t15,0.003172
gan,59,exceed_frac_gt_p90,0.1
gan,59,exceed_frac_sr_p90,0.112732
gan,59,exceed_frac_delta_p90,0.012731999999999993
gan,59,exceed_frac_abs_delta_p90,0.012731999999999993
gan,59,exceed_frac_gt_p95,0.05
gan,59,exceed_frac_sr_p95,0.059112
gan,59,exceed_frac_delta_p95,0.009111999999999995
gan,59,exceed_frac_abs_delta_p95,0.009111999999999995
gan,59,exceed_frac_gt_p99,0.01
gan,59,exceed_frac_sr_p99,0.015572
gan,59,exceed_frac_delta_p99,0.0055720000000000006
gan,59,exceed_frac_abs_delta_p99,0.0055720000000000006
gan,59,pd_distance,18.65101850934172
gan,59,mt_distance,7.89148473739624
gan,59,ssim,0.48341279677535176
gan,60,psnr,28.329066536207602
gan,60,wpd_bias,43.84352761209674
gan,60,wpd_mae,157.51046670843476
gan,60,wpd_rmse,373.5898403770858
gan,60,wpd_w1,43.843585489197956
gan,60,psd_log_l2,0.32828416346707934
gan,60,psd_slope_gt,1.417109777555892
gan,60,psd_slope_sr,0.6205363813147443
gan,60,psd_slope_delta,-0.7965733962411478
gan,60,psd_slope_abs_delta,0.7965733962411478
gan,60,grad_mae,0.35886967158164884
gan,60,grad_w1,0.043687215861080986
gan,60,grad_kurtosis_gt,14.594746371370015
gan,60,grad_kurtosis_sr,18.31180475657309
gan,60,grad_kurtosis_delta,3.7170583852030745
gan,60,grad_kurtosis_abs_delta,3.7170583852030745
gan,60,exceed_frac_gt_t5,0.534092
gan,60,exceed_frac_sr_t5,0.54546
gan,60,exceed_frac_delta_t5,0.011367999999999934
gan,60,exceed_frac_abs_delta_t5,0.011367999999999934
gan,60,exceed_frac_gt_t10,0.143324
gan,60,exceed_frac_sr_t10,0.161208
gan,60,exceed_frac_delta_t10,0.017883999999999983
gan,60,exceed_frac_abs_delta_t10,0.017883999999999983
gan,60,exceed_frac_gt_t15,0.002604
gan,60,exceed_frac_sr_t15,0.006072
gan,60,exceed_frac_delta_t15,0.003468
gan,60,exceed_frac_abs_delta_t15,0.003468
gan,60,exceed_frac_gt_p90,0.1
gan,60,exceed_frac_sr_p90,0.11342
gan,60,exceed_frac_delta_p90,0.013420000000000001
gan,60,exceed_frac_abs_delta_p90,0.013420000000000001
gan,60,exceed_frac_gt_p95,0.05
gan,60,exceed_frac_sr_p95,0.058584
gan,60,exceed_frac_delta_p95,0.008583999999999994
gan,60,exceed_frac_abs_delta_p95,0.008583999999999994
gan,60,exceed_frac_gt_p99,0.01
gan,60,exceed_frac_sr_p99,0.015708
gan,60,exceed_frac_delta_p99,0.0057079999999999995
gan,60,exceed_frac_abs_delta_p99,0.0057079999999999995
gan,60,pd_distance,18.604905025455473
gan,60,mt_distance,8.357301712036133
gan,60,ssim,0.4944634083011988
gan,61,psnr,27.391972712538028
gan,61,wpd_bias,47.31413044377385
gan,61,wpd_mae,170.69158381069283
gan,61,wpd_rmse,391.19034604973046
gan,61,wpd_w1,47.31612935358965
gan,61,psd_log_l2,0.3113392260396823
gan,61,psd_slope_gt,1.4340073785641592
gan,61,psd_slope_sr,0.6371567153183717
gan,61,psd_slope_delta,-0.7968506632457875
gan,61,psd_slope_abs_delta,0.7968506632457875
gan,61,grad_mae,0.37410674370013247
gan,61,grad_w1,0.040883120844005326
gan,61,grad_kurtosis_gt,14.696636962314253
gan,61,grad_kurtosis_sr,16.68294194689626
gan,61,grad_kurtosis_delta,1.9863049845820075
gan,61,grad_kurtosis_abs_delta,1.9863049845820075
gan,61,exceed_frac_gt_t5,0.5667
gan,61,exceed_frac_sr_t5,0.58054
gan,61,exceed_frac_delta_t5,0.013839999999999963
gan,61,exceed_frac_abs_delta_t5,0.013839999999999963
gan,61,exceed_frac_gt_t10,0.155884
gan,61,exceed_frac_sr_t10,0.174676
gan,61,exceed_frac_delta_t10,0.018792000000000003
gan,61,exceed_frac_abs_delta_t10,0.018792000000000003
gan,61,exceed_frac_gt_t15,0.003412
gan,61,exceed_frac_sr_t15,0.00746
gan,61,exceed_frac_delta_t15,0.0040479999999999995
gan,61,exceed_frac_abs_delta_t15,0.0040479999999999995
gan,61,exceed_frac_gt_p90,0.1
gan,61,exceed_frac_sr_p90,0.114068
gan,61,exceed_frac_delta_p90,0.014067999999999997
gan,61,exceed_frac_abs_delta_p90,0.014067999999999997
gan,61,exceed_frac_gt_p95,0.05
gan,61,exceed_frac_sr_p95,0.059608
gan,61,exceed_frac_delta_p95,0.009607999999999998
gan,61,exceed_frac_abs_delta_p95,0.009607999999999998
gan,61,exceed_frac_gt_p99,0.01
gan,61,exceed_frac_sr_p99,0.015492
gan,61,exceed_frac_delta_p99,0.005492
gan,61,exceed_frac_abs_delta_p99,0.005492
gan,61,pd_distance,19.516031588862035
gan,61,mt_distance,8.12722110748291
gan,61,ssim,0.5005367776018992
gan,62,psnr,27.555737336852314
gan,62,wpd_bias,38.75508175732228
gan,62,wpd_mae,150.90226782062624
gan,62,wpd_rmse,348.21310336057036
gan,62,wpd_w1,38.78460056098162
gan,62,psd_log_l2,0.3250538701160363
gan,62,psd_slope_gt,1.485703004345046
gan,62,psd_slope_sr,0.5998657323182051
gan,62,psd_slope_delta,-0.885837272026841
gan,62,psd_slope_abs_delta,0.885837272026841
gan,62,grad_mae,0.35622730888911613
gan,62,grad_w1,0.05883964690749386
gan,62,grad_kurtosis_gt,15.211940625083377
gan,62,grad_kurtosis_sr,17.5794817189947
gan,62,grad_kurtosis_delta,2.3675410939113224
gan,62,grad_kurtosis_abs_delta,2.3675410939113224
gan,62,exceed_frac_gt_t5,0.587188
gan,62,exceed_frac_sr_t5,0.60156
gan,62,exceed_frac_delta_t5,0.01437199999999994
gan,62,exceed_frac_abs_delta_t5,0.01437199999999994
gan,62,exceed_frac_gt_t10,0.133248
gan,62,exceed_frac_sr_t10,0.148484
gan,62,exceed_frac_delta_t10,0.015236
gan,62,exceed_frac_abs_delta_t10,0.015236
gan,62,exceed_frac_gt_t15,0.002504
gan,62,exceed_frac_sr_t15,0.005088
gan,62,exceed_frac_delta_t15,0.0025839999999999995
gan,62,exceed_frac_abs_delta_t15,0.0025839999999999995
gan,62,exceed_frac_gt_p90,0.1
gan,62,exceed_frac_sr_p90,0.112268
gan,62,exceed_frac_delta_p90,0.012268000000000001
gan,62,exceed_frac_abs_delta_p90,0.012268000000000001
gan,62,exceed_frac_gt_p95,0.05
gan,62,exceed_frac_sr_p95,0.057232
gan,62,exceed_frac_delta_p95,0.007231999999999995
gan,62,exceed_frac_abs_delta_p95,0.007231999999999995
gan,62,exceed_frac_gt_p99,0.01
gan,62,exceed_frac_sr_p99,0.01406
gan,62,exceed_frac_delta_p99,0.004059999999999999
gan,62,exceed_frac_abs_delta_p99,0.004059999999999999
gan,62,pd_distance,17.993686869301147
gan,62,mt_distance,6.650205135345459
gan,62,ssim,0.48488723397785577
gan,63,psnr,27.457151988801428
gan,63,wpd_bias,32.90688963815919
gan,63,wpd_mae,129.72220525264623
gan,63,wpd_rmse,301.61896231560655
gan,63,wpd_w1,32.93399758013227
gan,63,psd_log_l2,0.30777725142456214
gan,63,psd_slope_gt,1.382052610795964
gan,63,psd_slope_sr,0.6258135151551835
gan,63,psd_slope_delta,-0.7562390956407806
gan,63,psd_slope_abs_delta,0.7562390956407806
gan,63,grad_mae,0.34952559468188876
gan,63,grad_w1,0.06158289482035203
gan,63,grad_kurtosis_gt,14.681603143001265
gan,63,grad_kurtosis_sr,17.476471750067894
gan,63,grad_kurtosis_delta,2.794868607066629
gan,63,grad_kurtosis_abs_delta,2.794868607066629
gan,63,exceed_frac_gt_t5,0.515292
gan,63,exceed_frac_sr_t5,0.539372
gan,63,exceed_frac_delta_t5,0.02407999999999999
gan,63,exceed_frac_abs_delta_t5,0.02407999999999999
gan,63,exceed_frac_gt_t10,0.120748
gan,63,exceed_frac_sr_t10,0.134688
gan,63,exceed_frac_delta_t10,0.013940000000000008
gan,63,exceed_frac_abs_delta_t10,0.013940000000000008
gan,63,exceed_frac_gt_t15,0.0015
gan,63,exceed_frac_sr_t15,0.003244
gan,63,exceed_frac_delta_t15,0.0017439999999999999
gan,63,exceed_frac_abs_delta_t15,0.0017439999999999999
gan,63,exceed_frac_gt_p90,0.1
gan,63,exceed_frac_sr_p90,0.11272
gan,63,exceed_frac_delta_p90,0.012719999999999995
gan,63,exceed_frac_abs_delta_p90,0.012719999999999995
gan,63,exceed_frac_gt_p95,0.05
gan,63,exceed_frac_sr_p95,0.058636
gan,63,exceed_frac_delta_p95,0.008635999999999998
gan,63,exceed_frac_abs_delta_p95,0.008635999999999998
gan,63,exceed_frac_gt_p99,0.01
gan,63,exceed_frac_sr_p99,0.01206
gan,63,exceed_frac_delta_p99,0.0020599999999999993
gan,63,exceed_frac_abs_delta_p99,0.0020599999999999993
gan,63,pd_distance,18.199751597271156
gan,63,mt_distance,7.5776286125183105
gan,63,ssim,0.4774163339519599
gan,64,psnr,28.05975781795003
gan,64,wpd_bias,26.911623817444255
gan,64,wpd_mae,116.6788404929497
gan,64,wpd_rmse,264.8711723381952
gan,64,wpd_w1,27.0555239756677
gan,64,psd_log_l2,0.2508320138867656
gan,64,psd_slope_gt,1.1213295679735
gan,64,psd_slope_sr,0.5655176174485788
gan,64,psd_slope_delta,-0.5558119505249213
gan,64,psd_slope_abs_delta,0.5558119505249213
gan,64,grad_mae,0.3028176271693724
gan,64,grad_w1,0.036116165363567404
gan,64,grad_kurtosis_gt,18.670445427544397
gan,64,grad_kurtosis_sr,21.351786954875944
gan,64,grad_kurtosis_delta,2.681341527331547
gan,64,grad_kurtosis_abs_delta,2.681341527331547
gan,64,exceed_frac_gt_t5,0.549268
gan,64,exceed_frac_sr_t5,0.565484
gan,64,exceed_frac_delta_t5,0.016216000000000008
gan,64,exceed_frac_abs_delta_t5,0.016216000000000008
gan,64,exceed_frac_gt_t10,0.120608
gan,64,exceed_frac_sr_t10,0.137184
gan,64,exceed_frac_delta_t10,0.016575999999999994
gan,64,exceed_frac_abs_delta_t10,0.016575999999999994
gan,64,exceed_frac_gt_t15,0.001796
gan,64,exceed_frac_sr_t15,0.002388
gan,64,exceed_frac_delta_t15,0.0005919999999999999
gan,64,exceed_frac_abs_delta_t15,0.0005919999999999999
gan,64,exceed_frac_gt_p90,0.1
gan,64,exceed_frac_sr_p90,0.113192
gan,64,exceed_frac_delta_p90,0.013191999999999995
gan,64,exceed_frac_abs_delta_p90,0.013191999999999995
gan,64,exceed_frac_gt_p95,0.05
gan,64,exceed_frac_sr_p95,0.056248
gan,64,exceed_frac_delta_p95,0.006247999999999997
gan,64,exceed_frac_abs_delta_p95,0.006247999999999997
gan,64,exceed_frac_gt_p99,0.01
gan,64,exceed_frac_sr_p99,0.009852
gan,64,exceed_frac_delta_p99,-0.00014800000000000056
gan,64,exceed_frac_abs_delta_p99,0.00014800000000000056
gan,64,pd_distance,16.701032359601633
gan,64,mt_distance,7.137726306915283
gan,64,ssim,0.49028544355778925
gan,65,psnr,28.387056297509854
gan,65,wpd_bias,26.527184813444254
gan,65,wpd_mae,117.05570192079571
gan,65,wpd_rmse,247.00277723564068
gan,65,wpd_w1,26.542687970413848
gan,65,psd_log_l2,0.255383766675302
gan,65,psd_slope_gt,1.0081824913899362
gan,65,psd_slope_sr,0.48637538959426874
gan,65,psd_slope_delta,-0.5218071017956675
gan,65,psd_slope_abs_delta,0.5218071017956675
gan,65,grad_mae,0.2813444523076939
gan,65,grad_w1,0.031080720156120012
gan,65,grad_kurtosis_gt,24.043227681614542
gan,65,grad_kurtosis_sr,24.388539197604292
gan,65,grad_kurtosis_delta,0.3453115159897493
gan,65,grad_kurtosis_abs_delta,0.3453115159897493
gan,65,exceed_frac_gt_t5,0.620876
gan,65,exceed_frac_sr_t5,0.634896
gan,65,exceed_frac_delta_t5,0.014020000000000032
gan,65,exceed_frac_abs_delta_t5,0.014020000000000032
gan,65,exceed_frac_gt_t10,0.151052
gan,65,exceed_frac_sr_t10,0.166536
gan,65,exceed_frac_delta_t10,0.015483999999999998
gan,65,exceed_frac_abs_delta_t10,0.015483999999999998
gan,65,exceed_frac_gt_t15,0.001412
gan,65,exceed_frac_sr_t15,0.002052
gan,65,exceed_frac_delta_t15,0.0006399999999999999
gan,65,exceed_frac_abs_delta_t15,0.0006399999999999999
gan,65,exceed_frac_gt_p90,0.1
gan,65,exceed_frac_sr_p90,0.112712
gan,65,exceed_frac_delta_p90,0.012712000000000001
gan,65,exceed_frac_abs_delta_p90,0.012712000000000001
gan,65,exceed_frac_gt_p95,0.05
gan,65,exceed_frac_sr_p95,0.055024
gan,65,exceed_frac_delta_p95,0.005024000000000001
gan,65,exceed_frac_abs_delta_p95,0.005024000000000001
gan,65,exceed_frac_gt_p99,0.01
gan,65,exceed_frac_sr_p99,0.01018
gan,65,exceed_frac_delta_p99,0.0001799999999999996
gan,65,exceed_frac_abs_delta_p99,0.0001799999999999996
gan,65,pd_distance,16.23947552161985
gan,65,mt_distance,5.576780319213867
gan,65,ssim,0.4788627213785085
gan,66,psnr,28.254516945464275
gan,66,wpd_bias,28.49927235568039
gan,66,wpd_mae,125.18331815204124
gan,66,wpd_rmse,246.05193897137048
gan,66,wpd_w1,28.632022591856998
gan,66,psd_log_l2,0.2945342689969415
gan,66,psd_slope_gt,0.9789721173756035
gan,66,psd_slope_sr,0.46311368233065514
gan,66,psd_slope_delta,-0.5158584350449484
gan,66,psd_slope_abs_delta,0.5158584350449484
gan,66,grad_mae,0.2744095469887624
gan,66,grad_w1,0.029921664736965784
gan,66,grad_kurtosis_gt,25.78116144654497
gan,66,grad_kurtosis_sr,23.32154609112219
gan,66,grad_kurtosis_delta,-2.4596153554227804
gan,66,grad_kurtosis_abs_delta,2.4596153554227804
gan,66,exceed_frac_gt_t5,0.67218
gan,66,exceed_frac_sr_t5,0.683112
gan,66,exceed_frac_delta_t5,0.010932000000000053
gan,66,exceed_frac_abs_delta_t5,0.010932000000000053
gan,66,exceed_frac_gt_t10,0.182064
gan,66,exceed_frac_sr_t10,0.197032
gan,66,exceed_frac_delta_t10,0.014968000000000009
gan,66,exceed_frac_abs_delta_t10,0.014968000000000009
gan,66,exceed_frac_gt_t15,0.001612
gan,66,exceed_frac_sr_t15,0.001796
gan,66,exceed_frac_delta_t15,0.00018400000000000014
gan,66,exceed_frac_abs_delta_t15,0.00018400000000000014
gan,66,exceed_frac_gt_p90,0.1
gan,66,exceed_frac_sr_p90,0.110052
gan,66,exceed_frac_delta_p90,0.010051999999999991
gan,66,exceed_frac_abs_delta_p90,0.010051999999999991
gan,66,exceed_frac_gt_p95,0.05
gan,66,exceed_frac_sr_p95,0.056956
gan,66,exceed_frac_delta_p95,0.006955999999999997
gan,66,exceed_frac_abs_delta_p95,0.006955999999999997
gan,66,exceed_frac_gt_p99,0.01
gan,66,exceed_frac_sr_p99,0.010644
gan,66,exceed_frac_delta_p99,0.0006440000000000005
gan,66,exceed_frac_abs_delta_p99,0.0006440000000000005
gan,66,pd_distance,15.979342195015368
gan,66,mt_distance,6.4086198806762695
gan,66,ssim,0.4811691203989892
gan,67,psnr,28.19561606609807
gan,67,wpd_bias,37.89141917542594
gan,67,wpd_mae,143.21003530991868
gan,67,wpd_rmse,279.55186925036935
gan,67,wpd_w1,38.02211926531607
gan,67,psd_log_l2,0.3671434932707
gan,67,psd_slope_gt,0.923912893123016
gan,67,psd_slope_sr,0.4167919443411464
gan,67,psd_slope_delta,-0.5071209487818696
gan,67,psd_slope_abs_delta,0.5071209487818696
gan,67,grad_mae,0.28674093379865634
gan,67,grad_w1,0.029515979464444217
gan,67,grad_kurtosis_gt,24.977757173387978
gan,67,grad_kurtosis_sr,25.289252240846697
gan,67,grad_kurtosis_delta,0.31149506745871847
gan,67,grad_kurtosis_abs_delta,0.31149506745871847
gan,67,exceed_frac_gt_t5,0.713172
gan,67,exceed_frac_sr_t5,0.721108
gan,67,exceed_frac_delta_t5,0.007935999999999943
gan,67,exceed_frac_abs_delta_t5,0.007935999999999943
gan,67,exceed_frac_gt_t10,0.216596
gan,67,exceed_frac_sr_t10,0.230444
gan,67,exceed_frac_delta_t10,0.013848
gan,67,exceed_frac_abs_delta_t10,0.013848
gan,67,exceed_frac_gt_t15,0.003008
gan,67,exceed_frac_sr_t15,0.00356
gan,67,exceed_frac_delta_t15,0.000552
gan,67,exceed_frac_abs_delta_t15,0.000552
gan,67,exceed_frac_gt_p90,0.1
gan,67,exceed_frac_sr_p90,0.111108
gan,67,exceed_frac_delta_p90,0.011107999999999993
gan,67,exceed_frac_abs_delta_p90,0.011107999999999993
gan,67,exceed_frac_gt_p95,0.05
gan,67,exceed_frac_sr_p95,0.05916
gan,67,exceed_frac_delta_p95,0.009159999999999995
gan,67,exceed_frac_abs_delta_p95,0.009159999999999995
gan,67,exceed_frac_gt_p99,0.01
gan,67,exceed_frac_sr_p99,0.01164
gan,67,exceed_frac_delta_p99,0.001639999999999999
gan,67,exceed_frac_abs_delta_p99,0.001639999999999999
gan,67,pd_distance,14.773695042869097
gan,67,mt_distance,6.6433844566345215
gan,67,ssim,0.4858440332756735
gan,68,psnr,28.316559600800154
gan,68,wpd_bias,49.0884220381757
gan,68,wpd_mae,173.54531176814328
gan,68,wpd_rmse,344.6354698614344
gan,68,wpd_w1,49.44219616123978
gan,68,psd_log_l2,0.3838317639519264
gan,68,psd_slope_gt,0.9751606419636493
gan,68,psd_slope_sr,0.4419266533127512
gan,68,psd_slope_delta,-0.5332339886508981
gan,68,psd_slope_abs_delta,0.5332339886508981
gan,68,grad_mae,0.32157289894612184
gan,68,grad_w1,0.0358583693262675
gan,68,grad_kurtosis_gt,22.173878351508137
gan,68,grad_kurtosis_sr,23.600083891723116
gan,68,grad_kurtosis_delta,1.4262055402149798
gan,68,grad_kurtosis_abs_delta,1.4262055402149798
gan,68,exceed_frac_gt_t5,0.740632
gan,68,exceed_frac_sr_t5,0.747628
gan,68,exceed_frac_delta_t5,0.006996000000000002
gan,68,exceed_frac_abs_delta_t5,0.006996000000000002
gan,68,exceed_frac_gt_t10,0.262132
gan,68,exceed_frac_sr_t10,0.279332
gan,68,exceed_frac_delta_t10,0.01720000000000005
gan,68,exceed_frac_abs_delta_t10,0.01720000000000005
gan,68,exceed_frac_gt_t15,0.008476
gan,68,exceed_frac_sr_t15,0.01154
gan,68,exceed_frac_delta_t15,0.0030640000000000008
gan,68,exceed_frac_abs_delta_t15,0.0030640000000000008
gan,68,exceed_frac_gt_p90,0.1
gan,68,exceed_frac_sr_p90,0.11272
gan,68,exceed_frac_delta_p90,0.012719999999999995
gan,68,exceed_frac_abs_delta_p90,0.012719999999999995
gan,68,exceed_frac_gt_p95,0.05
gan,68,exceed_frac_sr_p95,0.060808
gan,68,exceed_frac_delta_p95,0.010807999999999998
gan,68,exceed_frac_abs_delta_p95,0.010807999999999998
gan,68,exceed_frac_gt_p99,0.01
gan,68,exceed_frac_sr_p99,0.013604
gan,68,exceed_frac_delta_p99,0.0036039999999999996
gan,68,exceed_frac_abs_delta_p99,0.0036039999999999996
gan,68,pd_distance,15.500930745161975
gan,68,mt_distance,5.670867919921875
gan,68,ssim,0.4982661584731466
gan,69,psnr,27.237573364277967
gan,69,wpd_bias,67.38317562859264
gan,69,wpd_mae,235.19191191031442
gan,69,wpd_rmse,476.5575852284861
gan,69,wpd_w1,67.89092913032736
gan,69,psd_log_l2,0.3525056592525556
gan,69,psd_slope_gt,0.9968354231364355
gan,69,psd_slope_sr,0.45395834970120547
gan,69,psd_slope_delta,-0.54287707343523
gan,69,psd_slope_abs_delta,0.54287707343523
gan,69,grad_mae,0.36513927999624757
gan,69,grad_w1,0.03738868796487199
gan,69,grad_kurtosis_gt,19.472862569986646
gan,69,grad_kurtosis_sr,22.86143273010174
gan,69,grad_kurtosis_delta,3.388570160115094
gan,69,grad_kurtosis_abs_delta,3.388570160115094
gan,69,exceed_frac_gt_t5,0.785324
gan,69,exceed_frac_sr_t5,0.788956
gan,69,exceed_frac_delta_t5,0.0036319999999999686
gan,69,exceed_frac_abs_delta_t5,0.0036319999999999686
gan,69,exceed_frac_gt_t10,0.344092
gan,69,exceed_frac_sr_t10,0.367376
gan,69,exceed_frac_delta_t10,0.02328399999999997
gan,69,exceed_frac_abs_delta_t10,0.02328399999999997
gan,69,exceed_frac_gt_t15,0.022748
gan,69,exceed_frac_sr_t15,0.030252
gan,69,exceed_frac_delta_t15,0.007504
gan,69,exceed_frac_abs_delta_t15,0.007504
gan,69,exceed_frac_gt_p90,0.1
gan,69,exceed_frac_sr_p90,0.116184
gan,69,exceed_frac_delta_p90,0.01618399999999999
gan,69,exceed_frac_abs_delta_p90,0.01618399999999999
gan,69,exceed_frac_gt_p95,0.05
gan,69,exceed_frac_sr_p95,0.063272
gan,69,exceed_frac_delta_p95,0.013271999999999992
gan,69,exceed_frac_abs_delta_p95,0.013271999999999992
gan,69,exceed_frac_gt_p99,0.01
gan,69,exceed_frac_sr_p99,0.01418
gan,69,exceed_frac_delta_p99,0.00418
gan,69,exceed_frac_abs_delta_p99,0.00418
gan,69,pd_distance,16.112222498232782
gan,69,mt_distance,6.406604290008545
gan,69,ssim,0.45759217752005277
gan,70,psnr,27.538658793778467
gan,70,wpd_bias,89.43103018103459
gan,70,wpd_mae,297.3951539311123
gan,70,wpd_rmse,618.4704038903502
gan,70,wpd_w1,89.81367702431324
gan,70,psd_log_l2,0.36415174547289264
gan,70,psd_slope_gt,1.076985877998342
gan,70,psd_slope_sr,0.4535891660524756
gan,70,psd_slope_delta,-0.6233967119458663
gan,70,psd_slope_abs_delta,0.6233967119458663
gan,70,grad_mae,0.4002422638901929
gan,70,grad_w1,0.04227026533391861
gan,70,grad_kurtosis_gt,18.0249013783906
gan,70,grad_kurtosis_sr,21.70979529628872
gan,70,grad_kurtosis_delta,3.6848939178981226
gan,70,grad_kurtosis_abs_delta,3.6848939178981226
gan,70,exceed_frac_gt_t5,0.815172
gan,70,exceed_frac_sr_t5,0.81782
gan,70,exceed_frac_delta_t5,0.0026479999999999837
gan,70,exceed_frac_abs_delta_t5,0.0026479999999999837
gan,70,exceed_frac_gt_t10,0.455364
gan,70,exceed_frac_sr_t10,0.481508
gan,70,exceed_frac_delta_t10,0.026144
gan,70,exceed_frac_abs_delta_t10,0.026144
gan,70,exceed_frac_gt_t15,0.040576
gan,70,exceed_frac_sr_t15,0.052876
gan,70,exceed_frac_delta_t15,0.012299999999999998
gan,70,exceed_frac_abs_delta_t15,0.012299999999999998
gan,70,exceed_frac_gt_p90,0.1
gan,70,exceed_frac_sr_p90,0.11694
gan,70,exceed_frac_delta_p90,0.016939999999999997
gan,70,exceed_frac_abs_delta_p90,0.016939999999999997
gan,70,exceed_frac_gt_p95,0.05
gan,70,exceed_frac_sr_p95,0.064368
gan,70,exceed_frac_delta_p95,0.014367999999999992
gan,70,exceed_frac_abs_delta_p95,0.014367999999999992
gan,70,exceed_frac_gt_p99,0.01
gan,70,exceed_frac_sr_p99,0.016096
gan,70,exceed_frac_delta_p99,0.006095999999999999
gan,70,exceed_frac_abs_delta_p99,0.006095999999999999
gan,70,pd_distance,19.882401938586153
gan,70,mt_distance,5.861793041229248
gan,70,ssim,0.45024546853280273
gan,71,psnr,27.71792531980638
gan,71,wpd_bias,106.75338021817807
gan,71,wpd_mae,331.95382458101216
gan,71,wpd_rmse,706.2037441433105
gan,71,wpd_w1,106.94261734821085
gan,71,psd_log_l2,0.37576177719949017
gan,71,psd_slope_gt,1.2273406855058204
gan,71,psd_slope_sr,0.48957095601820455
gan,71,psd_slope_delta,-0.7377697294876159
gan,71,psd_slope_abs_delta,0.7377697294876159
gan,71,grad_mae,0.41524015091441874
gan,71,grad_w1,0.0620793213333198
gan,71,grad_kurtosis_gt,16.560253136703867
gan,71,grad_kurtosis_sr,22.44412597160709
gan,71,grad_kurtosis_delta,5.883872834903222
gan,71,grad_kurtosis_abs_delta,5.883872834903222
gan,71,exceed_frac_gt_t5,0.831252
gan,71,exceed_frac_sr_t5,0.833752
gan,71,exceed_frac_delta_t5,0.0025000000000000577
gan,71,exceed_frac_abs_delta_t5,0.0025000000000000577
gan,71,exceed_frac_gt_t10,0.513808
gan,71,exceed_frac_sr_t10,0.54834
gan,71,exceed_frac_delta_t10,0.03453200000000001
gan,71,exceed_frac_abs_delta_t10,0.03453200000000001
gan,71,exceed_frac_gt_t15,0.050844
gan,71,exceed_frac_sr_t15,0.065136
gan,71,exceed_frac_delta_t15,0.014292
gan,71,exceed_frac_abs_delta_t15,0.014292
gan,71,exceed_frac_gt_p90,0.1
gan,71,exceed_frac_sr_p90,0.119204
gan,71,exceed_frac_delta_p90,0.019204
gan,71,exceed_frac_abs_delta_p90,0.019204
gan,71,exceed_frac_gt_p95,0.05
gan,71,exceed_frac_sr_p95,0.064008
gan,71,exceed_frac_delta_p95,0.014007999999999993
gan,71,exceed_frac_abs_delta_p95,0.014007999999999993
gan,71,exceed_frac_gt_p99,0.01
gan,71,exceed_frac_sr_p99,0.017008
gan,71,exceed_frac_delta_p99,0.007007999999999999
gan,71,exceed_frac_abs_delta_p99,0.007007999999999999
gan,71,pd_distance,18.465741214218955
gan,71,mt_distance,7.186563014984131
gan,71,ssim,0.47565447012286577
gan,72,psnr,27.66950559153304
gan,72,wpd_bias,117.43994479154904
gan,72,wpd_mae,345.73720374910147
gan,72,wpd_rmse,713.8387343752482
gan,72,wpd_w1,117.82657412348296
gan,72,psd_log_l2,0.37439758623422786
gan,72,psd_slope_gt,1.3001746715498068
gan,72,psd_slope_sr,0.5160040417408713
gan,72,psd_slope_delta,-0.7841706298089355
gan,72,psd_slope_abs_delta,0.7841706298089355
gan,72,grad_mae,0.425550417613297
gan,72,grad_w1,0.07152941199160652
gan,72,grad_kurtosis_gt,16.061174380248488
gan,72,grad_kurtosis_sr,20.41211605630782
gan,72,grad_kurtosis_delta,4.350941676059332
gan,72,grad_kurtosis_abs_delta,4.350941676059332
gan,72,exceed_frac_gt_t5,0.837768
gan,72,exceed_frac_sr_t5,0.841696
gan,72,exceed_frac_delta_t5,0.003928000000000043
gan,72,exceed_frac_abs_delta_t5,0.003928000000000043
gan,72,exceed_frac_gt_t10,0.5336
gan,72,exceed_frac_sr_t10,0.568952
gan,72,exceed_frac_delta_t10,0.03535200000000005
gan,72,exceed_frac_abs_delta_t10,0.03535200000000005
gan,72,exceed_frac_gt_t15,0.053752
gan,72,exceed_frac_sr_t15,0.07126
gan,72,exceed_frac_delta_t15,0.017508000000000003
gan,72,exceed_frac_abs_delta_t15,0.017508000000000003
gan,72,exceed_frac_gt_p90,0.1
gan,72,exceed_frac_sr_p90,0.122068
gan,72,exceed_frac_delta_p90,0.02206799999999999
gan,72,exceed_frac_abs_delta_p90,0.02206799999999999
gan,72,exceed_frac_gt_p95,0.05
gan,72,exceed_frac_sr_p95,0.06658
gan,72,exceed_frac_delta_p95,0.016579999999999998
gan,72,exceed_frac_abs_delta_p95,0.016579999999999998
gan,72,exceed_frac_gt_p99,0.01
gan,72,exceed_frac_sr_p99,0.015584
gan,72,exceed_frac_delta_p99,0.005584
gan,72,exceed_frac_abs_delta_p99,0.005584
gan,72,pd_distance,19.679320844931677
gan,72,mt_distance,5.719583988189697
gan,72,ssim,0.4985936907134928
gan,73,psnr,27.611157836043315
gan,73,wpd_bias,118.58296750444106
gan,73,wpd_mae,346.80020659371064
gan,73,wpd_rmse,729.1699316486038
gan,73,wpd_w1,118.9994267510072
gan,73,psd_log_l2,0.38801535277977167
gan,73,psd_slope_gt,1.3664871040769908
gan,73,psd_slope_sr,0.5534985244090652
gan,73,psd_slope_delta,-0.8129885796679256
gan,73,psd_slope_abs_delta,0.8129885796679256
gan,73,grad_mae,0.4341787356978229
gan,73,grad_w1,0.07589900175261284
gan,73,grad_kurtosis_gt,15.63312292836979
gan,73,grad_kurtosis_sr,20.909684490518536
gan,73,grad_kurtosis_delta,5.276561562148746
gan,73,grad_kurtosis_abs_delta,5.276561562148746
gan,73,exceed_frac_gt_t5,0.8408
gan,73,exceed_frac_sr_t5,0.848316
gan,73,exceed_frac_delta_t5,0.007515999999999967
gan,73,exceed_frac_abs_delta_t5,0.007515999999999967
gan,73,exceed_frac_gt_t10,0.541504
gan,73,exceed_frac_sr_t10,0.57318
gan,73,exceed_frac_delta_t10,0.03167600000000004
gan,73,exceed_frac_abs_delta_t10,0.03167600000000004
gan,73,exceed_frac_gt_t15,0.053116
gan,73,exceed_frac_sr_t15,0.068876
gan,73,exceed_frac_delta_t15,0.01576000000000001
gan,73,exceed_frac_abs_delta_t15,0.01576000000000001
gan,73,exceed_frac_gt_p90,0.1
gan,73,exceed_frac_sr_p90,0.123096
gan,73,exceed_frac_delta_p90,0.02309599999999999
gan,73,exceed_frac_abs_delta_p90,0.02309599999999999
gan,73,exceed_frac_gt_p95,0.05
gan,73,exceed_frac_sr_p95,0.064856
gan,73,exceed_frac_delta_p95,0.014855999999999994
gan,73,exceed_frac_abs_delta_p95,0.014855999999999994
gan,73,exceed_frac_gt_p99,0.01
gan,73,exceed_frac_sr_p99,0.015024
gan,73,exceed_frac_delta_p99,0.005023999999999999
gan,73,exceed_frac_abs_delta_p99,0.005023999999999999
gan,73,pd_distance,19.399004976672177
gan,73,mt_distance,5.75114631652832
gan,73,ssim,0.5004509248415319
gan,74,psnr,27.725199731693014
gan,74,wpd_bias,113.64423705771162
gan,74,wpd_mae,336.78370073355006
gan,74,wpd_rmse,668.7799585587358
gan,74,wpd_w1,113.91130250486647
gan,74,psd_log_l2,0.3963249505526173
gan,74,psd_slope_gt,1.4264403719712917
gan,74,psd_slope_sr,0.5892627077089593
gan,74,psd_slope_delta,-0.8371776642623324
gan,74,psd_slope_abs_delta,0.8371776642623324
gan,74,grad_mae,0.4420245390768761
gan,74,grad_w1,0.08475768213944168
gan,74,grad_kurtosis_gt,15.07431389485681
gan,74,grad_kurtosis_sr,16.452295237802936
gan,74,grad_kurtosis_delta,1.3779813429461267
gan,74,grad_kurtosis_abs_delta,1.3779813429461267
gan,74,exceed_frac_gt_t5,0.84508
gan,74,exceed_frac_sr_t5,0.849892
gan,74,exceed_frac_delta_t5,0.0048119999999999274
gan,74,exceed_frac_abs_delta_t5,0.0048119999999999274
gan,74,exceed_frac_gt_t10,0.532968
gan,74,exceed_frac_sr_t10,0.565728
gan,74,exceed_frac_delta_t10,0.03276000000000001
gan,74,exceed_frac_abs_delta_t10,0.03276000000000001
gan,74,exceed_frac_gt_t15,0.043284
gan,74,exceed_frac_sr_t15,0.056612
gan,74,exceed_frac_delta_t15,0.013328
gan,74,exceed_frac_abs_delta_t15,0.013328
gan,74,exceed_frac_gt_p90,0.1
gan,74,exceed_frac_sr_p90,0.121852
gan,74,exceed_frac_delta_p90,0.021851999999999996
gan,74,exceed_frac_abs_delta_p90,0.021851999999999996
gan,74,exceed_frac_gt_p95,0.05
gan,74,exceed_frac_sr_p95,0.063788
gan,74,exceed_frac_delta_p95,0.013787999999999995
gan,74,exceed_frac_abs_delta_p95,0.013787999999999995
gan,74,exceed_frac_gt_p99,0.01
gan,74,exceed_frac_sr_p99,0.015064
gan,74,exceed_frac_delta_p99,0.005063999999999999
gan,74,exceed_frac_abs_delta_p99,0.005063999999999999
gan,74,pd_distance,20.10959212403172
gan,74,mt_distance,5.644299030303955
gan,74,ssim,0.4981046302121258
gan,75,psnr,27.453769489636546
gan,75,wpd_bias,108.70485511644179
gan,75,wpd_mae,326.4154778538345
gan,75,wpd_rmse,625.1207942811983
gan,75,wpd_w1,108.98660003835415
gan,75,psd_log_l2,0.4082641552053248
gan,75,psd_slope_gt,1.5064205441000436
gan,75,psd_slope_sr,0.6212027216278516
gan,75,psd_slope_delta,-0.8852178224721919
gan,75,psd_slope_abs_delta,0.8852178224721919
gan,75,grad_mae,0.4424147575148257
gan,75,grad_w1,0.08646338280951
gan,75,grad_kurtosis_gt,14.584505162560745
gan,75,grad_kurtosis_sr,15.15878566554675
gan,75,grad_kurtosis_delta,0.5742805029860047
gan,75,grad_kurtosis_abs_delta,0.5742805029860047
gan,75,exceed_frac_gt_t5,0.846348
gan,75,exceed_frac_sr_t5,0.852464
gan,75,exceed_frac_delta_t5,0.00611600000000001
gan,75,exceed_frac_abs_delta_t5,0.00611600000000001
gan,75,exceed_frac_gt_t10,0.51778
gan,75,exceed_frac_sr_t10,0.548972
gan,75,exceed_frac_delta_t10,0.031191999999999998
gan,75,exceed_frac_abs_delta_t10,0.031191999999999998
gan,75,exceed_frac_gt_t15,0.034328
gan,75,exceed_frac_sr_t15,0.04856
gan,75,exceed_frac_delta_t15,0.014232000000000002
gan,75,exceed_frac_abs_delta_t15,0.014232000000000002
gan,75,exceed_frac_gt_p90,0.1
gan,75,exceed_frac_sr_p90,0.123244
gan,75,exceed_frac_delta_p90,0.023244
gan,75,exceed_frac_abs_delta_p90,0.023244
gan,75,exceed_frac_gt_p95,0.05
gan,75,exceed_frac_sr_p95,0.06676
gan,75,exceed_frac_delta_p95,0.016759999999999997
gan,75,exceed_frac_abs_delta_p95,0.016759999999999997
gan,75,exceed_frac_gt_p99,0.01
gan,75,exceed_frac_sr_p99,0.01456
gan,75,exceed_frac_delta_p99,0.00456
gan,75,exceed_frac_abs_delta_p99,0.00456
gan,75,pd_distance,19.74885298310355
gan,75,mt_distance,5.680557727813721
gan,75,ssim,0.49707722835204665
gan,76,psnr,27.185629660678966
gan,76,wpd_bias,107.90084122377915
gan,76,wpd_mae,321.2985436520317
gan,76,wpd_rmse,612.075373133084
gan,76,wpd_w1,108.00603079878638
gan,76,psd_log_l2,0.41967778994661536
gan,76,psd_slope_gt,1.5698596482194824
gan,76,psd_slope_sr,0.6728290068693266
gan,76,psd_slope_delta,-0.8970306413501559
gan,76,psd_slope_abs_delta,0.8970306413501559
gan,76,grad_mae,0.4462248966622707
gan,76,grad_w1,0.07879178349557323
gan,76,grad_kurtosis_gt,14.344164333086036
gan,76,grad_kurtosis_sr,13.712551136549386
gan,76,grad_kurtosis_delta,-0.6316131965366498
gan,76,grad_kurtosis_abs_delta,0.6316131965366498
gan,76,exceed_frac_gt_t5,0.848608
gan,76,exceed_frac_sr_t5,0.85438
gan,76,exceed_frac_delta_t5,0.005771999999999999
gan,76,exceed_frac_abs_delta_t5,0.005771999999999999
gan,76,exceed_frac_gt_t10,0.5029
gan,76,exceed_frac_sr_t10,0.536832
gan,76,exceed_frac_delta_t10,0.03393199999999996
gan,76,exceed_frac_abs_delta_t10,0.03393199999999996
gan,76,exceed_frac_gt_t15,0.027936
gan,76,exceed_frac_sr_t15,0.037948
gan,76,exceed_frac_delta_t15,0.010012000000000004
gan,76,exceed_frac_abs_delta_t15,0.010012000000000004
gan,76,exceed_frac_gt_p90,0.1
gan,76,exceed_frac_sr_p90,0.127924
gan,76,exceed_frac_delta_p90,0.027924000000000004
gan,76,exceed_frac_abs_delta_p90,0.027924000000000004
gan,76,exceed_frac_gt_p95,0.05
gan,76,exceed_frac_sr_p95,0.067036
gan,76,exceed_frac_delta_p95,0.017035999999999996
gan,76,exceed_frac_abs_delta_p95,0.017035999999999996
gan,76,exceed_frac_gt_p99,0.01
gan,76,exceed_frac_sr_p99,0.01458
gan,76,exceed_frac_delta_p99,0.004579999999999999
gan,76,exceed_frac_abs_delta_p99,0.004579999999999999
gan,76,pd_distance,20.225713244111034
gan,76,mt_distance,6.450347900390625
gan,76,ssim,0.48863140151959117
gan,77,psnr,26.717936358992787
gan,77,wpd_bias,105.80026694608875
gan,77,wpd_mae,314.03089218441664
gan,77,wpd_rmse,597.7224071528622
gan,77,wpd_w1,106.01298320394316
gan,77,psd_log_l2,0.43394452256675703
gan,77,psd_slope_gt,1.6323487427746448
gan,77,psd_slope_sr,0.710691346696753
gan,77,psd_slope_delta,-0.9216573960778918
gan,77,psd_slope_abs_delta,0.9216573960778918
gan,77,grad_mae,0.4471722927784261
gan,77,grad_w1,0.07915362121297687
gan,77,grad_kurtosis_gt,14.460758683242851
gan,77,grad_kurtosis_sr,13.739495129877218
gan,77,grad_kurtosis_delta,-0.7212635533656329
gan,77,grad_kurtosis_abs_delta,0.7212635533656329
gan,77,exceed_frac_gt_t5,0.849676
gan,77,exceed_frac_sr_t5,0.855348
gan,77,exceed_frac_delta_t5,0.00567200000000001
gan,77,exceed_frac_abs_delta_t5,0.00567200000000001
gan,77,exceed_frac_gt_t10,0.479988
gan,77,exceed_frac_sr_t10,0.51222
gan,77,exceed_frac_delta_t10,0.03223199999999998
gan,77,exceed_frac_abs_delta_t10,0.03223199999999998
gan,77,exceed_frac_gt_t15,0.022928
gan,77,exceed_frac_sr_t15,0.03076
gan,77,exceed_frac_delta_t15,0.007831999999999999
gan,77,exceed_frac_abs_delta_t15,0.007831999999999999
gan,77,exceed_frac_gt_p90,0.1
gan,77,exceed_frac_sr_p90,0.130464
gan,77,exceed_frac_delta_p90,0.03046399999999999
gan,77,exceed_frac_abs_delta_p90,0.03046399999999999
gan,77,exceed_frac_gt_p95,0.05
gan,77,exceed_frac_sr_p95,0.06652
gan,77,exceed_frac_delta_p95,0.016519999999999993
gan,77,exceed_frac_abs_delta_p95,0.016519999999999993
gan,77,exceed_frac_gt_p99,0.01
gan,77,exceed_frac_sr_p99,0.015012
gan,77,exceed_frac_delta_p99,0.005011999999999999
gan,77,exceed_frac_abs_delta_p99,0.005011999999999999
gan,77,pd_distance,20.353338072506904
gan,77,mt_distance,6.000014781951904
gan,77,ssim,0.4840029343843254
gan,78,psnr,26.464969673118272
gan,78,wpd_bias,107.20712575722213
gan,78,wpd_mae,309.68391261036805
gan,78,wpd_rmse,605.7058774581485
gan,78,wpd_w1,107.30150201381939
gan,78,psd_log_l2,0.44937093439104514
gan,78,psd_slope_gt,1.6803804681010486
gan,78,psd_slope_sr,0.7543920912310634
gan,78,psd_slope_delta,-0.9259883768699851
gan,78,psd_slope_abs_delta,0.9259883768699851
gan,78,grad_mae,0.4478027958232385
gan,78,grad_w1,0.06770848147800466
gan,78,grad_kurtosis_gt,14.807552502219174
gan,78,grad_kurtosis_sr,14.748969070481277
gan,78,grad_kurtosis_delta,-0.058583431737897484
gan,78,grad_kurtosis_abs_delta,0.058583431737897484
gan,78,exceed_frac_gt_t5,0.850456
gan,78,exceed_frac_sr_t5,0.858016
gan,78,exceed_frac_delta_t5,0.007560000000000011
gan,78,exceed_frac_abs_delta_t5,0.007560000000000011
gan,78,exceed_frac_gt_t10,0.459596
gan,78,exceed_frac_sr_t10,0.493816
gan,78,exceed_frac_delta_t10,0.03421999999999997
gan,78,exceed_frac_abs_delta_t10,0.03421999999999997
gan,78,exceed_frac_gt_t15,0.016908
gan,78,exceed_frac_sr_t15,0.024508
gan,78,exceed_frac_delta_t15,0.007599999999999999
gan,78,exceed_frac_abs_delta_t15,0.007599999999999999
gan,78,exceed_frac_gt_p90,0.1
gan,78,exceed_frac_sr_p90,0.133456
gan,78,exceed_frac_delta_p90,0.033455999999999986
gan,78,exceed_frac_abs_delta_p90,0.033455999999999986
gan,78,exceed_frac_gt_p95,0.05
gan,78,exceed_frac_sr_p95,0.071188
gan,78,exceed_frac_delta_p95,0.021188
gan,78,exceed_frac_abs_delta_p95,0.021188
gan,78,exceed_frac_gt_p99,0.01
gan,78,exceed_frac_sr_p99,0.016276
gan,78,exceed_frac_delta_p99,0.006275999999999999
gan,78,exceed_frac_abs_delta_p99,0.006275999999999999
gan,78,pd_distance,19.95492094933438
gan,78,mt_distance,7.092807292938232
gan,78,ssim,0.48207861522713735
gan,79,psnr,26.652931621908795
gan,79,wpd_bias,101.87198956872
gan,79,wpd_mae,298.6296019015986
gan,79,wpd_rmse,575.1078222453988
gan,79,wpd_w1,101.91368252758733
gan,79,psd_log_l2,0.459939185316267
gan,79,psd_slope_gt,1.7147796472615915
gan,79,psd_slope_sr,0.7814548657362224
gan,79,psd_slope_delta,-0.9333247815253691
gan,79,psd_slope_abs_delta,0.9333247815253691
gan,79,grad_mae,0.4471332432236266
gan,79,grad_w1,0.07856674931795014
gan,79,grad_kurtosis_gt,14.788060362710755
gan,79,grad_kurtosis_sr,14.628755995109303
gan,79,grad_kurtosis_delta,-0.15930436760145206
gan,79,grad_kurtosis_abs_delta,0.15930436760145206
gan,79,exceed_frac_gt_t5,0.851964
gan,79,exceed_frac_sr_t5,0.859104
gan,79,exceed_frac_delta_t5,0.007139999999999924
gan,79,exceed_frac_abs_delta_t5,0.007139999999999924
gan,79,exceed_frac_gt_t10,0.450944
gan,79,exceed_frac_sr_t10,0.482668
gan,79,exceed_frac_delta_t10,0.031723999999999974
gan,79,exceed_frac_abs_delta_t10,0.031723999999999974
gan,79,exceed_frac_gt_t15,0.012672
gan,79,exceed_frac_sr_t15,0.019516
gan,79,exceed_frac_delta_t15,0.006843999999999999
gan,79,exceed_frac_abs_delta_t15,0.006843999999999999
gan,79,exceed_frac_gt_p90,0.1
gan,79,exceed_frac_sr_p90,0.137116
gan,79,exceed_frac_delta_p90,0.03711599999999998
gan,79,exceed_frac_abs_delta_p90,0.03711599999999998
gan,79,exceed_frac_gt_p95,0.05
gan,79,exceed_frac_sr_p95,0.07156
gan,79,exceed_frac_delta_p95,0.021559999999999996
gan,79,exceed_frac_abs_delta_p95,0.021559999999999996
gan,79,exceed_frac_gt_p99,0.01
gan,79,exceed_frac_sr_p99,0.015936
gan,79,exceed_frac_delta_p99,0.005935999999999999
gan,79,exceed_frac_abs_delta_p99,0.005935999999999999
gan,79,pd_distance,20.321240211337894
gan,79,mt_distance,6.467032432556152
gan,79,ssim,0.4866573779242814
gan,80,psnr,26.456132191878634
gan,80,wpd_bias,105.42093280402695
gan,80,wpd_mae,295.9813984672801
gan,80,wpd_rmse,573.7932099444431
gan,80,wpd_w1,105.44876626025643
gan,80,psd_log_l2,0.46896983681792975
gan,80,psd_slope_gt,1.7614486370526485
gan,80,psd_slope_sr,0.7871448606737061
gan,80,psd_slope_delta,-0.9743037763789424
gan,80,psd_slope_abs_delta,0.9743037763789424
gan,80,grad_mae,0.44412870131600135
gan,80,grad_w1,0.06610245360155993
gan,80,grad_kurtosis_gt,15.023566310259099
gan,80,grad_kurtosis_sr,14.610454467892437
gan,80,grad_kurtosis_delta,-0.41311184236666243
gan,80,grad_kurtosis_abs_delta,0.41311184236666243
gan,80,exceed_frac_gt_t5,0.854032
gan,80,exceed_frac_sr_t5,0.861644
gan,80,exceed_frac_delta_t5,0.007611999999999952
gan,80,exceed_frac_abs_delta_t5,0.007611999999999952
gan,80,exceed_frac_gt_t10,0.440972
gan,80,exceed_frac_sr_t10,0.476596
gan,80,exceed_frac_delta_t10,0.035624000000000045
gan,80,exceed_frac_abs_delta_t10,0.035624000000000045
gan,80,exceed_frac_gt_t15,0.01062
gan,80,exceed_frac_sr_t15,0.01712
gan,80,exceed_frac_delta_t15,0.006500000000000001
gan,80,exceed_frac_abs_delta_t15,0.006500000000000001
gan,80,exceed_frac_gt_p90,0.1
gan,80,exceed_frac_sr_p90,0.137088
gan,80,exceed_frac_delta_p90,0.03708799999999998
gan,80,exceed_frac_abs_delta_p90,0.03708799999999998
gan,80,exceed_frac_gt_p95,0.05
gan,80,exceed_frac_sr_p95,0.07276
gan,80,exceed_frac_delta_p95,0.022760000000000002
gan,80,exceed_frac_abs_delta_p95,0.022760000000000002
gan,80,exceed_frac_gt_p99,0.01
gan,80,exceed_frac_sr_p99,0.016208
gan,80,exceed_frac_delta_p99,0.006208
gan,80,exceed_frac_abs_delta_p99,0.006208
gan,80,pd_distance,20.744918439924255
gan,80,mt_distance,6.176682472229004
gan,80,ssim,0.48246921330212844
gan,81,psnr,26.578637889134356
gan,81,wpd_bias,101.30218470056363
gan,81,wpd_mae,288.9063235858838
gan,81,wpd_rmse,576.2912344967349
gan,81,wpd_w1,101.3161555878845
gan,81,psd_log_l2,0.47276071571342354
gan,81,psd_slope_gt,1.8611452610555064
gan,81,psd_slope_sr,0.823962434366104
gan,81,psd_slope_delta,-1.0371828266894023
gan,81,psd_slope_abs_delta,1.0371828266894023
gan,81,grad_mae,0.44350806672801346
gan,81,grad_w1,0.06288633140278241
gan,81,grad_kurtosis_gt,15.672547189048258
gan,81,grad_kurtosis_sr,16.205345750190457
gan,81,grad_kurtosis_delta,0.532798561142199
gan,81,grad_kurtosis_abs_delta,0.532798561142199
gan,81,exceed_frac_gt_t5,0.856564
gan,81,exceed_frac_sr_t5,0.864304
gan,81,exceed_frac_delta_t5,0.007739999999999969
gan,81,exceed_frac_abs_delta_t5,0.007739999999999969
gan,81,exceed_frac_gt_t10,0.428712
gan,81,exceed_frac_sr_t10,0.464924
gan,81,exceed_frac_delta_t10,0.03621200000000002
gan,81,exceed_frac_abs_delta_t10,0.03621200000000002
gan,81,exceed_frac_gt_t15,0.009048
gan,81,exceed_frac_sr_t15,0.015192
gan,81,exceed_frac_delta_t15,0.006144
gan,81,exceed_frac_abs_delta_t15,0.006144
gan,81,exceed_frac_gt_p90,0.1
gan,81,exceed_frac_sr_p90,0.133788
gan,81,exceed_frac_delta_p90,0.033787999999999985
gan,81,exceed_frac_abs_delta_p90,0.033787999999999985
gan,81,exceed_frac_gt_p95,0.05
gan,81,exceed_frac_sr_p95,0.070904
gan,81,exceed_frac_delta_p95,0.020903999999999992
gan,81,exceed_frac_abs_delta_p95,0.020903999999999992
gan,81,exceed_frac_gt_p99,0.01
gan,81,exceed_frac_sr_p99,0.016312
gan,81,exceed_frac_delta_p99,0.006312
gan,81,exceed_frac_abs_delta_p99,0.006312
gan,81,pd_distance,20.982889067881906
gan,81,mt_distance,7.567525863647461
gan,81,ssim,0.4915241199118712
gan,82,psnr,26.513154855372044
gan,82,wpd_bias,86.90728549157245
gan,82,wpd_mae,274.7234951962154
gan,82,wpd_rmse,546.7678110535135
gan,82,wpd_w1,86.90737481338695
gan,82,psd_log_l2,0.463140661919707
gan,82,psd_slope_gt,1.8465384084396446
gan,82,psd_slope_sr,0.8342090799659858
gan,82,psd_slope_delta,-1.0123293284736588
gan,82,psd_slope_abs_delta,1.0123293284736588
gan,82,grad_mae,0.4392189849688997
gan,82,grad_w1,0.07236648621531577
gan,82,grad_kurtosis_gt,15.836974736240537
gan,82,grad_kurtosis_sr,18.500691310298656
gan,82,grad_kurtosis_delta,2.6637165740581192
gan,82,grad_kurtosis_abs_delta,2.6637165740581192
gan,82,exceed_frac_gt_t5,0.856104
gan,82,exceed_frac_sr_t5,0.865568
gan,82,exceed_frac_delta_t5,0.009464000000000028
gan,82,exceed_frac_abs_delta_t5,0.009464000000000028
gan,82,exceed_frac_gt_t10,0.41252
gan,82,exceed_frac_sr_t10,0.44778
gan,82,exceed_frac_delta_t10,0.035260000000000014
gan,82,exceed_frac_abs_delta_t10,0.035260000000000014
gan,82,exceed_frac_gt_t15,0.007988
gan,82,exceed_frac_sr_t15,0.013492
gan,82,exceed_frac_delta_t15,0.005504
gan,82,exceed_frac_abs_delta_t15,0.005504
gan,82,exceed_frac_gt_p90,0.1
gan,82,exceed_frac_sr_p90,0.128656
gan,82,exceed_frac_delta_p90,0.028655999999999987
gan,82,exceed_frac_abs_delta_p90,0.028655999999999987
gan,82,exceed_frac_gt_p95,0.05
gan,82,exceed_frac_sr_p95,0.066072
gan,82,exceed_frac_delta_p95,0.016072000000000003
gan,82,exceed_frac_abs_delta_p95,0.016072000000000003
gan,82,exceed_frac_gt_p99,0.01
gan,82,exceed_frac_sr_p99,0.015788
gan,82,exceed_frac_delta_p99,0.005788
gan,82,exceed_frac_abs_delta_p99,0.005788
gan,82,pd_distance,20.81634708740007
gan,82,mt_distance,6.303605079650879
gan,82,ssim,0.5118237420267625
gan,83,psnr,26.454328406446706
gan,83,wpd_bias,83.65724548112716
gan,83,wpd_mae,269.5128829432969
gan,83,wpd_rmse,544.2702088732804
gan,83,wpd_w1,83.67933315790633
gan,83,psd_log_l2,0.46375806304923656
gan,83,psd_slope_gt,1.8801276251980021
gan,83,psd_slope_sr,0.8669433015496171
gan,83,psd_slope_delta,-1.013184323648385
gan,83,psd_slope_abs_delta,1.013184323648385
gan,83,grad_mae,0.43644573800610764
gan,83,grad_w1,0.06369894259194604
gan,83,grad_kurtosis_gt,15.83861278284811
gan,83,grad_kurtosis_sr,17.420499051403933
gan,83,grad_kurtosis_delta,1.5818862685558237
gan,83,grad_kurtosis_abs_delta,1.5818862685558237
gan,83,exceed_frac_gt_t5,0.858272
gan,83,exceed_frac_sr_t5,0.867156
gan,83,exceed_frac_delta_t5,0.008884000000000003
gan,83,exceed_frac_abs_delta_t5,0.008884000000000003
gan,83,exceed_frac_gt_t10,0.398948
gan,83,exceed_frac_sr_t10,0.431828
gan,83,exceed_frac_delta_t10,0.032879999999999965
gan,83,exceed_frac_abs_delta_t10,0.032879999999999965
gan,83,exceed_frac_gt_t15,0.00688
gan,83,exceed_frac_sr_t15,0.013188
gan,83,exceed_frac_delta_t15,0.006308
gan,83,exceed_frac_abs_delta_t15,0.006308
gan,83,exceed_frac_gt_p90,0.1
gan,83,exceed_frac_sr_p90,0.126772
gan,83,exceed_frac_delta_p90,0.02677199999999999
gan,83,exceed_frac_abs_delta_p90,0.02677199999999999
gan,83,exceed_frac_gt_p95,0.05
gan,83,exceed_frac_sr_p95,0.06558
gan,83,exceed_frac_delta_p95,0.015579999999999997
gan,83,exceed_frac_abs_delta_p95,0.015579999999999997
gan,83,exceed_frac_gt_p99,0.01
gan,83,exceed_frac_sr_p99,0.01708
gan,83,exceed_frac_delta_p99,0.007080000000000001
gan,83,exceed_frac_abs_delta_p99,0.007080000000000001
gan,83,pd_distance,21.794751727168247
gan,83,mt_distance,6.599743366241455
gan,83,ssim,0.5044753001631349
gan,84,psnr,26.58859881999711
gan,84,wpd_bias,80.56857019365046
gan,84,wpd_mae,265.7533628433784
gan,84,wpd_rmse,576.0170489552896
gan,84,wpd_w1,80.56859770748957
gan,84,psd_log_l2,0.5006438460432009
gan,84,psd_slope_gt,1.9488146658534338
gan,84,psd_slope_sr,0.8590942592978623
gan,84,psd_slope_delta,-1.0897204065555715
gan,84,psd_slope_abs_delta,1.0897204065555715
gan,84,grad_mae,0.4323532204275706
gan,84,grad_w1,0.06497613439463998
gan,84,grad_kurtosis_gt,15.885954350487577
gan,84,grad_kurtosis_sr,19.826795917998243
gan,84,grad_kurtosis_delta,3.9408415675106667
gan,84,grad_kurtosis_abs_delta,3.9408415675106667
gan,84,exceed_frac_gt_t5,0.867724
gan,84,exceed_frac_sr_t5,0.87734
gan,84,exceed_frac_delta_t5,0.009615999999999958
gan,84,exceed_frac_abs_delta_t5,0.009615999999999958
gan,84,exceed_frac_gt_t10,0.386356
gan,84,exceed_frac_sr_t10,0.424268
gan,84,exceed_frac_delta_t10,0.037912
gan,84,exceed_frac_abs_delta_t10,0.037912
gan,84,exceed_frac_gt_t15,0.006692
gan,84,exceed_frac_sr_t15,0.012508
gan,84,exceed_frac_delta_t15,0.005816
gan,84,exceed_frac_abs_delta_t15,0.005816
gan,84,exceed_frac_gt_p90,0.1
gan,84,exceed_frac_sr_p90,0.119908
gan,84,exceed_frac_delta_p90,0.019907999999999995
gan,84,exceed_frac_abs_delta_p90,0.019907999999999995
gan,84,exceed_frac_gt_p95,0.05
gan,84,exceed_frac_sr_p95,0.061684
gan,84,exceed_frac_delta_p95,0.011684
gan,84,exceed_frac_abs_delta_p95,0.011684
gan,84,exceed_frac_gt_p99,0.01
gan,84,exceed_frac_sr_p99,0.016496
gan,84,exceed_frac_delta_p99,0.006496
gan,84,exceed_frac_abs_delta_p99,0.006496
gan,84,pd_distance,21.106373639070085
gan,84,mt_distance,8.559276580810547
gan,84,ssim,0.5140077548676244
gan,85,psnr,26.58583339558703
gan,85,wpd_bias,74.49911732807126
gan,85,wpd_mae,263.1984599441091
gan,85,wpd_rmse,578.3977170363909
gan,85,wpd_w1,74.50367830442134
gan,85,psd_log_l2,0.5159489553825477
gan,85,psd_slope_gt,2.0010446893411893
gan,85,psd_slope_sr,0.8451150601012969
gan,85,psd_slope_delta,-1.1559296292398924
gan,85,psd_slope_abs_delta,1.1559296292398924
gan,85,grad_mae,0.4292187381201615
gan,85,grad_w1,0.0642552264426562
gan,85,grad_kurtosis_gt,15.77734516405852
gan,85,grad_kurtosis_sr,20.768403940732473
gan,85,grad_kurtosis_delta,4.9910587766739525
gan,85,grad_kurtosis_abs_delta,4.9910587766739525
gan,85,exceed_frac_gt_t5,0.877972
gan,85,exceed_frac_sr_t5,0.887936
gan,85,exceed_frac_delta_t5,0.009963999999999973
gan,85,exceed_frac_abs_delta_t5,0.009963999999999973
gan,85,exceed_frac_gt_t10,0.381432
gan,85,exceed_frac_sr_t10,0.41376
gan,85,exceed_frac_delta_t10,0.03232800000000002
gan,85,exceed_frac_abs_delta_t10,0.03232800000000002
gan,85,exceed_frac_gt_t15,0.007412
gan,85,exceed_frac_sr_t15,0.012652
gan,85,exceed_frac_delta_t15,0.00524
gan,85,exceed_frac_abs_delta_t15,0.00524
gan,85,exceed_frac_gt_p90,0.1
gan,85,exceed_frac_sr_p90,0.119288
gan,85,exceed_frac_delta_p90,0.019288
gan,85,exceed_frac_abs_delta_p90,0.019288
gan,85,exceed_frac_gt_p95,0.05
gan,85,exceed_frac_sr_p95,0.058964
gan,85,exceed_frac_delta_p95,0.008964
gan,85,exceed_frac_abs_delta_p95,0.008964
gan,85,exceed_frac_gt_p99,0.01
gan,85,exceed_frac_sr_p99,0.015912
gan,85,exceed_frac_delta_p99,0.005911999999999999
gan,85,exceed_frac_abs_delta_p99,0.005911999999999999
gan,85,pd_distance,20.7490839418831
gan,85,mt_distance,7.718591690063477
gan,85,ssim,0.49996481123725006
gan,86,psnr,26.429419774482703
gan,86,wpd_bias,62.62389776011293
gan,86,wpd_mae,232.26309569008438
gan,86,wpd_rmse,492.5012759072384
gan,86,wpd_w1,62.630342100896044
gan,86,psd_log_l2,0.5353577969888993
gan,86,psd_slope_gt,2.0123289726845126
gan,86,psd_slope_sr,0.8392323159701351
gan,86,psd_slope_delta,-1.1730966567143775
gan,86,psd_slope_abs_delta,1.1730966567143775
gan,86,grad_mae,0.4177830293230493
gan,86,grad_w1,0.06153671699497417
gan,86,grad_kurtosis_gt,15.964436387777498
gan,86,grad_kurtosis_sr,21.480682579463576
gan,86,grad_kurtosis_delta,5.516246191686077
gan,86,grad_kurtosis_abs_delta,5.516246191686077
gan,86,exceed_frac_gt_t5,0.880024
gan,86,exceed_frac_sr_t5,0.891072
gan,86,exceed_frac_delta_t5,0.011047999999999947
gan,86,exceed_frac_abs_delta_t5,0.011047999999999947
gan,86,exceed_frac_gt_t10,0.304776
gan,86,exceed_frac_sr_t10,0.334048
gan,86,exceed_frac_delta_t10,0.02927200000000002
gan,86,exceed_frac_abs_delta_t10,0.02927200000000002
gan,86,exceed_frac_gt_t15,0.005456
gan,86,exceed_frac_sr_t15,0.008412
gan,86,exceed_frac_delta_t15,0.0029559999999999994
gan,86,exceed_frac_abs_delta_t15,0.0029559999999999994
gan,86,exceed_frac_gt_p90,0.1
gan,86,exceed_frac_sr_p90,0.122204
gan,86,exceed_frac_delta_p90,0.022203999999999988
gan,86,exceed_frac_abs_delta_p90,0.022203999999999988
gan,86,exceed_frac_gt_p95,0.05
gan,86,exceed_frac_sr_p95,0.058244
gan,86,exceed_frac_delta_p95,0.008243999999999994
gan,86,exceed_frac_abs_delta_p95,0.008243999999999994
gan,86,exceed_frac_gt_p99,0.01
gan,86,exceed_frac_sr_p99,0.014276
gan,86,exceed_frac_delta_p99,0.004276
gan,86,exceed_frac_abs_delta_p99,0.004276
gan,86,pd_distance,18.84606490909817
gan,86,mt_distance,9.43416690826416
gan,86,ssim,0.4760276149262369
gan,87,psnr,26.92721298167298
gan,87,wpd_bias,46.28189147452378
gan,87,wpd_mae,192.74653692590627
gan,87,wpd_rmse,403.00373300434745
gan,87,wpd_w1,46.28429687321017
gan,87,psd_log_l2,0.4750581245781906
gan,87,psd_slope_gt,1.9041805823880573
gan,87,psd_slope_sr,0.8404819559061815
gan,87,psd_slope_delta,-1.0636986264818757
gan,87,psd_slope_abs_delta,1.0636986264818757
gan,87,grad_mae,0.4054024713420241
gan,87,grad_w1,0.06562228273442564
gan,87,grad_kurtosis_gt,16.56985961774842
gan,87,grad_kurtosis_sr,25.29813375441874
gan,87,grad_kurtosis_delta,8.728274136670318
gan,87,grad_kurtosis_abs_delta,8.728274136670318
gan,87,exceed_frac_gt_t5,0.825052
gan,87,exceed_frac_sr_t5,0.842964
gan,87,exceed_frac_delta_t5,0.01791200000000004
gan,87,exceed_frac_abs_delta_t5,0.01791200000000004
gan,87,exceed_frac_gt_t10,0.258608
gan,87,exceed_frac_sr_t10,0.276884
gan,87,exceed_frac_delta_t10,0.018276000000000014
gan,87,exceed_frac_abs_delta_t10,0.018276000000000014
gan,87,exceed_frac_gt_t15,0.003508
gan,87,exceed_frac_sr_t15,0.00528
gan,87,exceed_frac_delta_t15,0.0017720000000000001
gan,87,exceed_frac_abs_delta_t15,0.0017720000000000001
gan,87,exceed_frac_gt_p90,0.1
gan,87,exceed_frac_sr_p90,0.125024
gan,87,exceed_frac_delta_p90,0.02502399999999999
gan,87,exceed_frac_abs_delta_p90,0.02502399999999999
gan,87,exceed_frac_gt_p95,0.05
gan,87,exceed_frac_sr_p95,0.058572
gan,87,exceed_frac_delta_p95,0.008571999999999996
gan,87,exceed_frac_abs_delta_p95,0.008571999999999996
gan,87,exceed_frac_gt_p99,0.01
gan,87,exceed_frac_sr_p99,0.011788
gan,87,exceed_frac_delta_p99,0.0017879999999999997
gan,87,exceed_frac_abs_delta_p99,0.0017879999999999997
gan,87,pd_distance,19.024115372275585
gan,87,mt_distance,7.174471855163574
gan,87,ssim,0.46212449908207437
gan,88,psnr,26.86625235460083
gan,88,wpd_bias,31.589001843724407
gan,88,wpd_mae,159.29329763212047
gan,88,wpd_rmse,328.44238366105236
gan,88,wpd_w1,31.962051645595018
gan,88,psd_log_l2,0.46414664113686793
gan,88,psd_slope_gt,1.802143175721899
gan,88,psd_slope_sr,0.7838959557512588
gan,88,psd_slope_delta,-1.0182472199706403
gan,88,psd_slope_abs_delta,1.0182472199706403
gan,88,grad_mae,0.36773633492706714
gan,88,grad_w1,0.05959195648506406
gan,88,grad_kurtosis_gt,19.569464813218396
gan,88,grad_kurtosis_sr,28.50189419643115
gan,88,grad_kurtosis_delta,8.932429383212753
gan,88,grad_kurtosis_abs_delta,8.932429383212753
gan,88,exceed_frac_gt_t5,0.782788
gan,88,exceed_frac_sr_t5,0.800624
gan,88,exceed_frac_delta_t5,0.017835999999999963
gan,88,exceed_frac_abs_delta_t5,0.017835999999999963
gan,88,exceed_frac_gt_t10,0.23332
gan,88,exceed_frac_sr_t10,0.250048
gan,88,exceed_frac_delta_t10,0.016727999999999993
gan,88,exceed_frac_abs_delta_t10,0.016727999999999993
gan,88,exceed_frac_gt_t15,0.001812
gan,88,exceed_frac_sr_t15,0.002088
gan,88,exceed_frac_delta_t15,0.000276
gan,88,exceed_frac_abs_delta_t15,0.000276
gan,88,exceed_frac_gt_p90,0.1
gan,88,exceed_frac_sr_p90,0.115172
gan,88,exceed_frac_delta_p90,0.015171999999999991
gan,88,exceed_frac_abs_delta_p90,0.015171999999999991
gan,88,exceed_frac_gt_p95,0.05
gan,88,exceed_frac_sr_p95,0.056208
gan,88,exceed_frac_delta_p95,0.006207999999999998
gan,88,exceed_frac_abs_delta_p95,0.006207999999999998
gan,88,exceed_frac_gt_p99,0.01
gan,88,exceed_frac_sr_p99,0.009792
gan,88,exceed_frac_delta_p99,-0.00020799999999999985
gan,88,exceed_frac_abs_delta_p99,0.00020799999999999985
gan,88,pd_distance,18.396084436387564
gan,88,mt_distance,6.487721920013428
gan,88,ssim,0.4632591275022839
gan,89,psnr,26.508238597885804
gan,89,wpd_bias,24.5182772286426
gan,89,wpd_mae,148.8847092476253
gan,89,wpd_rmse,270.73727658160755
gan,89,wpd_w1,25.346477435390177
gan,89,psd_log_l2,0.46444888647844484
gan,89,psd_slope_gt,1.6940700823660408
gan,89,psd_slope_sr,0.7442724041649549
gan,89,psd_slope_delta,-0.949797678201086
gan,89,psd_slope_abs_delta,0.949797678201086
gan,89,grad_mae,0.333812935614588
gan,89,grad_w1,0.05712804350100923
gan,89,grad_kurtosis_gt,22.42794801409209
gan,89,grad_kurtosis_sr,26.922544531860314
gan,89,grad_kurtosis_delta,4.4945965177682226
gan,89,grad_kurtosis_abs_delta,4.4945965177682226
gan,89,exceed_frac_gt_t5,0.780712
gan,89,exceed_frac_sr_t5,0.794792
gan,89,exceed_frac_delta_t5,0.014080000000000092
gan,89,exceed_frac_abs_delta_t5,0.014080000000000092
gan,89,exceed_frac_gt_t10,0.227076
gan,89,exceed_frac_sr_t10,0.241008
gan,89,exceed_frac_delta_t10,0.013932
gan,89,exceed_frac_abs_delta_t10,0.013932
gan,89,exceed_frac_gt_t15,0.000824
gan,89,exceed_frac_sr_t15,0.001208
gan,89,exceed_frac_delta_t15,0.0003840000000000001
gan,89,exceed_frac_abs_delta_t15,0.0003840000000000001
gan,89,exceed_frac_gt_p90,0.1
gan,89,exceed_frac_sr_p90,0.109524
gan,89,exceed_frac_delta_p90,0.00952399999999999
gan,89,exceed_frac_abs_delta_p90,0.00952399999999999
gan,89,exceed_frac_gt_p95,0.05
gan,89,exceed_frac_sr_p95,0.054656
gan,89,exceed_frac_delta_p95,0.004656
gan,89,exceed_frac_abs_delta_p95,0.004656
gan,89,exceed_frac_gt_p99,0.01
gan,89,exceed_frac_sr_p99,0.0092
gan,89,exceed_frac_delta_p99,-0.0008000000000000004
gan,89,exceed_frac_abs_delta_p99,0.0008000000000000004
gan,89,pd_distance,17.197907308437554
gan,89,mt_distance,6.256072521209717
gan,89,ssim,0.4374413231676844
gan,90,psnr,27.225857962104634
gan,90,wpd_bias,17.792539871758418
gan,90,wpd_mae,142.26826441775998
gan,90,wpd_rmse,248.3099734000084
gan,90,wpd_w1,18.177518098219178
gan,90,psd_log_l2,0.477544909685345
gan,90,psd_slope_gt,1.5819256009224787
gan,90,psd_slope_sr,0.6549324275675972
gan,90,psd_slope_delta,-0.9269931733548815
gan,90,psd_slope_abs_delta,0.9269931733548815
gan,90,grad_mae,0.31411240691416165
gan,90,grad_w1,0.054377428175233916
gan,90,grad_kurtosis_gt,28.875152755868967
gan,90,grad_kurtosis_sr,24.779306324253216
gan,90,grad_kurtosis_delta,-4.095846431615751
gan,90,grad_kurtosis_abs_delta,4.095846431615751
gan,90,exceed_frac_gt_t5,0.794
gan,90,exceed_frac_sr_t5,0.805356
gan,90,exceed_frac_delta_t5,0.011355999999999922
gan,90,exceed_frac_abs_delta_t5,0.011355999999999922
gan,90,exceed_frac_gt_t10,0.228684
gan,90,exceed_frac_sr_t10,0.236496
gan,90,exceed_frac_delta_t10,0.007812000000000013
gan,90,exceed_frac_abs_delta_t10,0.007812000000000013
gan,90,exceed_frac_gt_t15,0.000632
gan,90,exceed_frac_sr_t15,0.000804
gan,90,exceed_frac_delta_t15,0.00017200000000000006
gan,90,exceed_frac_abs_delta_t15,0.00017200000000000006
gan,90,exceed_frac_gt_p90,0.1
gan,90,exceed_frac_sr_p90,0.106044
gan,90,exceed_frac_delta_p90,0.006043999999999994
gan,90,exceed_frac_abs_delta_p90,0.006043999999999994
gan,90,exceed_frac_gt_p95,0.05
gan,90,exceed_frac_sr_p95,0.052672
gan,90,exceed_frac_delta_p95,0.002671999999999994
gan,90,exceed_frac_abs_delta_p95,0.002671999999999994
gan,90,exceed_frac_gt_p99,0.01
gan,90,exceed_frac_sr_p99,0.00936
gan,90,exceed_frac_delta_p99,-0.0006399999999999999
gan,90,exceed_frac_abs_delta_p99,0.0006399999999999999
gan,90,pd_distance,17.32676746960286
gan,90,mt_distance,5.663510322570801
gan,90,ssim,0.42662846538809435
gan,91,psnr,28.14429533787995
gan,91,wpd_bias,18.410866152163052
gan,91,wpd_mae,149.24059336225568
gan,91,wpd_rmse,257.48252952892585
gan,91,wpd_w1,18.532673603373954
gan,91,psd_log_l2,0.4214782973566805
gan,91,psd_slope_gt,1.5818785374826487
gan,91,psd_slope_sr,0.6498039952405161
gan,91,psd_slope_delta,-0.9320745422421326
gan,91,psd_slope_abs_delta,0.9320745422421326
gan,91,grad_mae,0.31009789585810976
gan,91,grad_w1,0.05585048974460213
gan,91,grad_kurtosis_gt,33.667051242173436
gan,91,grad_kurtosis_sr,22.519424271203523
gan,91,grad_kurtosis_delta,-11.147626970969913
gan,91,grad_kurtosis_abs_delta,11.147626970969913
gan,91,exceed_frac_gt_t5,0.811336
gan,91,exceed_frac_sr_t5,0.820372
gan,91,exceed_frac_delta_t5,0.009036000000000044
gan,91,exceed_frac_abs_delta_t5,0.009036000000000044
gan,91,exceed_frac_gt_t10,0.23678
gan,91,exceed_frac_sr_t10,0.24296
gan,91,exceed_frac_delta_t10,0.006180000000000019
gan,91,exceed_frac_abs_delta_t10,0.006180000000000019
gan,91,exceed_frac_gt_t15,0.001584
gan,91,exceed_frac_sr_t15,0.002172
gan,91,exceed_frac_delta_t15,0.000588
gan,91,exceed_frac_abs_delta_t15,0.000588
gan,91,exceed_frac_gt_p90,0.1
gan,91,exceed_frac_sr_p90,0.10638
gan,91,exceed_frac_delta_p90,0.006379999999999997
gan,91,exceed_frac_abs_delta_p90,0.006379999999999997
gan,91,exceed_frac_gt_p95,0.05
gan,91,exceed_frac_sr_p95,0.051708
gan,91,exceed_frac_delta_p95,0.0017079999999999942
gan,91,exceed_frac_abs_delta_p95,0.0017079999999999942
gan,91,exceed_frac_gt_p99,0.01
gan,91,exceed_frac_sr_p99,0.012156
gan,91,exceed_frac_delta_p99,0.002156
gan,91,exceed_frac_abs_delta_p99,0.002156
gan,91,pd_distance,16.266054339767617
gan,91,mt_distance,5.519831657409668
gan,91,ssim,0.4209310020874355
gan,92,psnr,28.45250020305388
gan,92,wpd_bias,22.249163870829985
gan,92,wpd_mae,173.27360166649362
gan,92,wpd_rmse,307.4015936147459
gan,92,wpd_w1,22.960896499621796
gan,92,psd_log_l2,0.46793489253320597
gan,92,psd_slope_gt,1.6563314440697425
gan,92,psd_slope_sr,0.6274250207659507
gan,92,psd_slope_delta,-1.0289064233037917
gan,92,psd_slope_abs_delta,1.0289064233037917
gan,92,grad_mae,0.33620404752662225
gan,92,grad_w1,0.05122179162100526
gan,92,grad_kurtosis_gt,29.36109044608353
gan,92,grad_kurtosis_sr,21.788778051223453
gan,92,grad_kurtosis_delta,-7.572312394860077
gan,92,grad_kurtosis_abs_delta,7.572312394860077
gan,92,exceed_frac_gt_t5,0.8365
gan,92,exceed_frac_sr_t5,0.838884
gan,92,exceed_frac_delta_t5,0.0023839999999999417
gan,92,exceed_frac_abs_delta_t5,0.0023839999999999417
gan,92,exceed_frac_gt_t10,0.272204
gan,92,exceed_frac_sr_t10,0.28374
gan,92,exceed_frac_delta_t10,0.01153599999999999
gan,92,exceed_frac_abs_delta_t10,0.01153599999999999
gan,92,exceed_frac_gt_t15,0.006032
gan,92,exceed_frac_sr_t15,0.006536
gan,92,exceed_frac_delta_t15,0.0005040000000000001
gan,92,exceed_frac_abs_delta_t15,0.0005040000000000001
gan,92,exceed_frac_gt_p90,0.1
gan,92,exceed_frac_sr_p90,0.104788
gan,92,exceed_frac_delta_p90,0.004788000000000001
gan,92,exceed_frac_abs_delta_p90,0.004788000000000001
gan,92,exceed_frac_gt_p95,0.05
gan,92,exceed_frac_sr_p95,0.051524
gan,92,exceed_frac_delta_p95,0.0015239999999999976
gan,92,exceed_frac_abs_delta_p95,0.0015239999999999976
gan,92,exceed_frac_gt_p99,0.01
gan,92,exceed_frac_sr_p99,0.011076
gan,92,exceed_frac_delta_p99,0.0010760000000000006
gan,92,exceed_frac_abs_delta_p99,0.0010760000000000006
gan,92,pd_distance,16.807703363287136
gan,92,mt_distance,5.677903175354004
gan,92,ssim,0.434866021898604
gan,93,psnr,27.94391713060603
gan,93,wpd_bias,27.524225799857504
gan,93,wpd_mae,221.5383841923986
gan,93,wpd_rmse,396.13348272536916
gan,93,wpd_w1,27.93411036307122
gan,93,psd_log_l2,0.45735169898999745
gan,93,psd_slope_gt,1.5616353779381367
gan,93,psd_slope_sr,0.5797314486027059
gan,93,psd_slope_delta,-0.9819039293354308
gan,93,psd_slope_abs_delta,0.9819039293354308
gan,93,grad_mae,0.3717712022734091
gan,93,grad_w1,0.04304778752248488
gan,93,grad_kurtosis_gt,21.971993135035994
gan,93,grad_kurtosis_sr,20.17936718360869
gan,93,grad_kurtosis_delta,-1.7926259514273042
gan,93,grad_kurtosis_abs_delta,1.7926259514273042
gan,93,exceed_frac_gt_t5,0.899392
gan,93,exceed_frac_sr_t5,0.902164
gan,93,exceed_frac_delta_t5,0.0027719999999999967
gan,93,exceed_frac_abs_delta_t5,0.0027719999999999967
gan,93,exceed_frac_gt_t10,0.340824
gan,93,exceed_frac_sr_t10,0.349688
gan,93,exceed_frac_delta_t10,0.008863999999999983
gan,93,exceed_frac_abs_delta_t10,0.008863999999999983
gan,93,exceed_frac_gt_t15,0.013852
gan,93,exceed_frac_sr_t15,0.019844
gan,93,exceed_frac_delta_t15,0.005992000000000001
gan,93,exceed_frac_abs_delta_t15,0.005992000000000001
gan,93,exceed_frac_gt_p90,0.1
gan,93,exceed_frac_sr_p90,0.103624
gan,93,exceed_frac_delta_p90,0.0036239999999999883
gan,93,exceed_frac_abs_delta_p90,0.0036239999999999883
gan,93,exceed_frac_gt_p95,0.05
gan,93,exceed_frac_sr_p95,0.052544
gan,93,exceed_frac_delta_p95,0.0025439999999999977
gan,93,exceed_frac_abs_delta_p95,0.0025439999999999977
gan,93,exceed_frac_gt_p99,0.01
gan,93,exceed_frac_sr_p99,0.014932
gan,93,exceed_frac_delta_p99,0.004932000000000001
gan,93,exceed_frac_abs_delta_p99,0.004932000000000001
gan,93,pd_distance,18.13548367922437
gan,93,mt_distance,6.816009521484375
gan,93,ssim,0.42398339796414947
gan,94,psnr,27.818781699803296
gan,94,wpd_bias,28.921665964787763
gan,94,wpd_mae,269.5874034499792
gan,94,wpd_rmse,459.98047816885224
gan,94,wpd_w1,29.59251239390758
gan,94,psd_log_l2,0.5066075207481375
gan,94,psd_slope_gt,1.7329050935174708
gan,94,psd_slope_sr,0.5939932581315891
gan,94,psd_slope_delta,-1.1389118353858816
gan,94,psd_slope_abs_delta,1.1389118353858816
gan,94,grad_mae,0.3991428315905086
gan,94,grad_w1,0.05674902184084463
gan,94,grad_kurtosis_gt,17.9239188574462
gan,94,grad_kurtosis_sr,17.510284439155527
gan,94,grad_kurtosis_delta,-0.41363441829067327
gan,94,grad_kurtosis_abs_delta,0.41363441829067327
gan,94,exceed_frac_gt_t5,0.95324
gan,94,exceed_frac_sr_t5,0.950568
gan,94,exceed_frac_delta_t5,-0.0026720000000000077
gan,94,exceed_frac_abs_delta_t5,0.0026720000000000077
gan,94,exceed_frac_gt_t10,0.406692
gan,94,exceed_frac_sr_t10,0.419676
gan,94,exceed_frac_delta_t10,0.012983999999999996
gan,94,exceed_frac_abs_delta_t10,0.012983999999999996
gan,94,exceed_frac_gt_t15,0.020704
gan,94,exceed_frac_sr_t15,0.026468
gan,94,exceed_frac_delta_t15,0.005763999999999998
gan,94,exceed_frac_abs_delta_t15,0.005763999999999998
gan,94,exceed_frac_gt_p90,0.1
gan,94,exceed_frac_sr_p90,0.10388
gan,94,exceed_frac_delta_p90,0.0038799999999999946
gan,94,exceed_frac_abs_delta_p90,0.0038799999999999946
gan,94,exceed_frac_gt_p95,0.05
gan,94,exceed_frac_sr_p95,0.0546
gan,94,exceed_frac_delta_p95,0.0046
gan,94,exceed_frac_abs_delta_p95,0.0046
gan,94,exceed_frac_gt_p99,0.01
gan,94,exceed_frac_sr_p99,0.012584
gan,94,exceed_frac_delta_p99,0.0025839999999999995
gan,94,exceed_frac_abs_delta_p99,0.0025839999999999995
gan,94,pd_distance,20.006869187749356
gan,94,mt_distance,6.517361164093018
gan,94,ssim,0.4746197276792672
gan,95,psnr,27.116255372287263
gan,95,wpd_bias,30.97836500063438
gan,95,wpd_mae,305.4871794024149
gan,95,wpd_rmse,522.710738047372
gan,95,wpd_w1,31.292454498960375
gan,95,psd_log_l2,0.5342369558766353
gan,95,psd_slope_gt,1.9402455540914754
gan,95,psd_slope_sr,0.6888433831149035
gan,95,psd_slope_delta,-1.251402170976572
gan,95,psd_slope_abs_delta,1.251402170976572
gan,95,grad_mae,0.42870073123399577
gan,95,grad_w1,0.07028621244570969
gan,95,grad_kurtosis_gt,15.718881183776826
gan,95,grad_kurtosis_sr,17.751731938827188
gan,95,grad_kurtosis_delta,2.0328507550503616
gan,95,grad_kurtosis_abs_delta,2.0328507550503616
gan,95,exceed_frac_gt_t5,0.963832
gan,95,exceed_frac_sr_t5,0.964164
gan,95,exceed_frac_delta_t5,0.00033199999999999896
gan,95,exceed_frac_abs_delta_t5,0.00033199999999999896
gan,95,exceed_frac_gt_t10,0.453776
gan,95,exceed_frac_sr_t10,0.461788
gan,95,exceed_frac_delta_t10,0.008011999999999964
gan,95,exceed_frac_abs_delta_t10,0.008011999999999964
gan,95,exceed_frac_gt_t15,0.026652
gan,95,exceed_frac_sr_t15,0.033972
gan,95,exceed_frac_delta_t15,0.007320000000000004
gan,95,exceed_frac_abs_delta_t15,0.007320000000000004
gan,95,exceed_frac_gt_p90,0.1
gan,95,exceed_frac_sr_p90,0.1039
gan,95,exceed_frac_delta_p90,0.0039000000000000007
gan,95,exceed_frac_abs_delta_p90,0.0039000000000000007
gan,95,exceed_frac_gt_p95,0.05
gan,95,exceed_frac_sr_p95,0.057596
gan,95,exceed_frac_delta_p95,0.007595999999999999
gan,95,exceed_frac_abs_delta_p95,0.007595999999999999
gan,95,exceed_frac_gt_p99,0.01
gan,95,exceed_frac_sr_p99,0.01326
gan,95,exceed_frac_delta_p99,0.003259999999999999
gan,95,exceed_frac_abs_delta_p99,0.003259999999999999
gan,95,pd_distance,20.637912890931716
gan,95,mt_distance,6.677723407745361
gan,95,ssim,0.47322347484270616
gan,96,psnr,26.965865579736743
gan,96,wpd_bias,36.91585741910812
gan,96,wpd_mae,328.81227447902126
gan,96,wpd_rmse,557.6730214270633
gan,96,wpd_w1,37.104931403152406
gan,96,psd_log_l2,0.5836830501683096
gan,96,psd_slope_gt,2.167936186880058
gan,96,psd_slope_sr,0.7688365441828239
gan,96,psd_slope_delta,-1.3990996426972342
gan,96,psd_slope_abs_delta,1.3990996426972342
gan,96,grad_mae,0.4412501619544775
gan,96,grad_w1,0.07574086487799904
gan,96,grad_kurtosis_gt,14.590661334670035
gan,96,grad_kurtosis_sr,16.76066520369424
gan,96,grad_kurtosis_delta,2.1700038690242067
gan,96,grad_kurtosis_abs_delta,2.1700038690242067
gan,96,exceed_frac_gt_t5,0.965408
gan,96,exceed_frac_sr_t5,0.966716
gan,96,exceed_frac_delta_t5,0.0013079999999999758
gan,96,exceed_frac_abs_delta_t5,0.0013079999999999758
gan,96,exceed_frac_gt_t10,0.502312
gan,96,exceed_frac_sr_t10,0.508468
gan,96,exceed_frac_delta_t10,0.00615600000000005
gan,96,exceed_frac_abs_delta_t10,0.00615600000000005
gan,96,exceed_frac_gt_t15,0.031816
gan,96,exceed_frac_sr_t15,0.038788
gan,96,exceed_frac_delta_t15,0.006972000000000006
gan,96,exceed_frac_abs_delta_t15,0.006972000000000006
gan,96,exceed_frac_gt_p90,0.1
gan,96,exceed_frac_sr_p90,0.105956
gan,96,exceed_frac_delta_p90,0.005955999999999989
gan,96,exceed_frac_abs_delta_p90,0.005955999999999989
gan,96,exceed_frac_gt_p95,0.05
gan,96,exceed_frac_sr_p95,0.057896
gan,96,exceed_frac_delta_p95,0.007896
gan,96,exceed_frac_abs_delta_p95,0.007896
gan,96,exceed_frac_gt_p99,0.01
gan,96,exceed_frac_sr_p99,0.014452
gan,96,exceed_frac_delta_p99,0.004451999999999999
gan,96,exceed_frac_abs_delta_p99,0.004451999999999999
gan,96,pd_distance,22.25070627382419
gan,96,mt_distance,7.258078575134277
gan,96,ssim,0.46797100052922647
gan,97,psnr,26.723655277751952
gan,97,wpd_bias,35.07530840048347
gan,97,wpd_mae,342.45189354914083
gan,97,wpd_rmse,587.9450967220831
gan,97,wpd_w1,35.22999628140219
gan,97,psd_log_l2,0.630274311419653
gan,97,psd_slope_gt,2.3341016532676946
gan,97,psd_slope_sr,0.7812497371985732
gan,97,psd_slope_delta,-1.5528519160691214
gan,97,psd_slope_abs_delta,1.5528519160691214
gan,97,grad_mae,0.4482823194262144
gan,97,grad_w1,0.07647279923906344
gan,97,grad_kurtosis_gt,13.885476966980777
gan,97,grad_kurtosis_sr,17.031976482195006
gan,97,grad_kurtosis_delta,3.146499515214229
gan,97,grad_kurtosis_abs_delta,3.146499515214229
gan,97,exceed_frac_gt_t5,0.96586
gan,97,exceed_frac_sr_t5,0.96658
gan,97,exceed_frac_delta_t5,0.0007199999999999429
gan,97,exceed_frac_abs_delta_t5,0.0007199999999999429
gan,97,exceed_frac_gt_t10,0.535756
gan,97,exceed_frac_sr_t10,0.547592
gan,97,exceed_frac_delta_t10,0.011835999999999958
gan,97,exceed_frac_abs_delta_t10,0.011835999999999958
gan,97,exceed_frac_gt_t15,0.032336
gan,97,exceed_frac_sr_t15,0.037544
gan,97,exceed_frac_delta_t15,0.005208000000000004
gan,97,exceed_frac_abs_delta_t15,0.005208000000000004
gan,97,exceed_frac_gt_p90,0.1
gan,97,exceed_frac_sr_p90,0.104444
gan,97,exceed_frac_delta_p90,0.00444399999999999
gan,97,exceed_frac_abs_delta_p90,0.00444399999999999
gan,97,exceed_frac_gt_p95,0.05
gan,97,exceed_frac_sr_p95,0.05614
gan,97,exceed_frac_delta_p95,0.00614
gan,97,exceed_frac_abs_delta_p95,0.00614
gan,97,exceed_frac_gt_p99,0.01
gan,97,exceed_frac_sr_p99,0.014036
gan,97,exceed_frac_delta_p99,0.004036
gan,97,exceed_frac_abs_delta_p99,0.004036
gan,97,pd_distance,22.202351461270364
gan,97,mt_distance,7.223494529724121
gan,97,ssim,0.4681093082116205
gan,98,psnr,26.64084044530737
gan,98,wpd_bias,43.693403026262665
gan,98,wpd_mae,355.4595934873776
gan,98,wpd_rmse,617.3170272540168
gan,98,wpd_w1,43.77738024326797
gan,98,psd_log_l2,0.6798907378163731
gan,98,psd_slope_gt,2.5288165748478613
gan,98,psd_slope_sr,0.8300410496203013
gan,98,psd_slope_delta,-1.69877552522756
gan,98,psd_slope_abs_delta,1.69877552522756
gan,98,grad_mae,0.4567913324460713
gan,98,grad_w1,0.0711169561626742
gan,98,grad_kurtosis_gt,13.48960450508427
gan,98,grad_kurtosis_sr,14.792772141779954
gan,98,grad_kurtosis_delta,1.3031676366956848
gan,98,grad_kurtosis_abs_delta,1.3031676366956848
gan,98,exceed_frac_gt_t5,0.96566
gan,98,exceed_frac_sr_t5,0.967568
gan,98,exceed_frac_delta_t5,0.0019080000000000208
gan,98,exceed_frac_abs_delta_t5,0.0019080000000000208
gan,98,exceed_frac_gt_t10,0.550252
gan,98,exceed_frac_sr_t10,0.56228
gan,98,exceed_frac_delta_t10,0.012028000000000039
gan,98,exceed_frac_abs_delta_t10,0.012028000000000039
gan,98,exceed_frac_gt_t15,0.0301
gan,98,exceed_frac_sr_t15,0.036384
gan,98,exceed_frac_delta_t15,0.006284000000000001
gan,98,exceed_frac_abs_delta_t15,0.006284000000000001
gan,98,exceed_frac_gt_p90,0.1
gan,98,exceed_frac_sr_p90,0.106616
gan,98,exceed_frac_delta_p90,0.006615999999999997
gan,98,exceed_frac_abs_delta_p90,0.006615999999999997
gan,98,exceed_frac_gt_p95,0.05
gan,98,exceed_frac_sr_p95,0.056912
gan,98,exceed_frac_delta_p95,0.0069119999999999945
gan,98,exceed_frac_abs_delta_p95,0.0069119999999999945
gan,98,exceed_frac_gt_p99,0.01
gan,98,exceed_frac_sr_p99,0.015872
gan,98,exceed_frac_delta_p99,0.0058720000000000005
gan,98,exceed_frac_abs_delta_p99,0.0058720000000000005
gan,98,pd_distance,23.055714774434993
gan,98,mt_distance,8.764951705932617
gan,98,ssim,0.4728548685129251
gan,99,psnr,26.783598904944242
gan,99,wpd_bias,42.16081996641628
gan,99,wpd_mae,357.8583377673987
gan,99,wpd_rmse,621.4712994524764
gan,99,wpd_w1,42.21305774667824
gan,99,psd_log_l2,0.719484723775731
gan,99,psd_slope_gt,2.6185103612093688
gan,99,psd_slope_sr,0.887084695162495
gan,99,psd_slope_delta,-1.7314256660468739
gan,99,psd_slope_abs_delta,1.7314256660468739
gan,99,grad_mae,0.4597843903422663
gan,99,grad_w1,0.07228288082912677
gan,99,grad_kurtosis_gt,12.942233252423062
gan,99,grad_kurtosis_sr,14.069290550227512
gan,99,grad_kurtosis_delta,1.1270572978044502
gan,99,grad_kurtosis_abs_delta,1.1270572978044502
gan,99,exceed_frac_gt_t5,0.964368
gan,99,exceed_frac_sr_t5,0.966856
gan,99,exceed_frac_delta_t5,0.0024880000000000457
gan,99,exceed_frac_abs_delta_t5,0.0024880000000000457
gan,99,exceed_frac_gt_t10,0.558748
gan,99,exceed_frac_sr_t10,0.569508
gan,99,exceed_frac_delta_t10,0.010759999999999992
gan,99,exceed_frac_abs_delta_t10,0.010759999999999992
gan,99,exceed_frac_gt_t15,0.026324
gan,99,exceed_frac_sr_t15,0.031912
gan,99,exceed_frac_delta_t15,0.005588000000000003
gan,99,exceed_frac_abs_delta_t15,0.005588000000000003
gan,99,exceed_frac_gt_p90,0.1
gan,99,exceed_frac_sr_p90,0.10234
gan,99,exceed_frac_delta_p90,0.002339999999999995
gan,99,exceed_frac_abs_delta_p90,0.002339999999999995
gan,99,exceed_frac_gt_p95,0.05
gan,99,exceed_frac_sr_p95,0.053624
gan,99,exceed_frac_delta_p95,0.0036239999999999953
gan,99,exceed_frac_abs_delta_p95,0.0036239999999999953
gan,99,exceed_frac_gt_p99,0.01
gan,99,exceed_frac_sr_p99,0.01552
gan,99,exceed_frac_delta_p99,0.005520000000000001
gan,99,exceed_frac_abs_delta_p99,0.005520000000000001
gan,99,pd_distance,20.998202000997363
gan,99,mt_distance,7.760592460632324
gan,99,ssim,0.4730279025108536
gan,100,psnr,26.701302033238004
gan,100,wpd_bias,39.7060810358522
gan,100,wpd_mae,346.42854021771353
gan,100,wpd_rmse,605.7366916735419
gan,100,wpd_w1,39.75821637675931
gan,100,psd_log_l2,0.7424851408546276
gan,100,psd_slope_gt,2.6931818613479512
gan,100,psd_slope_sr,0.9094199426938063
gan,100,psd_slope_delta,-1.783761918654145
gan,100,psd_slope_abs_delta,1.783761918654145
gan,100,grad_mae,0.45137580863672705
gan,100,grad_w1,0.0725667505729281
gan,100,grad_kurtosis_gt,13.294254669018509
gan,100,grad_kurtosis_sr,14.65165436534771
gan,100,grad_kurtosis_delta,1.3573996963292014
gan,100,grad_kurtosis_abs_delta,1.3573996963292014
gan,100,exceed_frac_gt_t5,0.962576
gan,100,exceed_frac_sr_t5,0.965868
gan,100,exceed_frac_delta_t5,0.0032919999999999616
gan,100,exceed_frac_abs_delta_t5,0.0032919999999999616
gan,100,exceed_frac_gt_t10,0.561248
gan,100,exceed_frac_sr_t10,0.573436
gan,100,exceed_frac_delta_t10,0.012187999999999977
gan,100,exceed_frac_abs_delta_t10,0.012187999999999977
gan,100,exceed_frac_gt_t15,0.02136
gan,100,exceed_frac_sr_t15,0.026896
gan,100,exceed_frac_delta_t15,0.005535999999999999
gan,100,exceed_frac_abs_delta_t15,0.005535999999999999
gan,100,exceed_frac_gt_p90,0.1
gan,100,exceed_frac_sr_p90,0.101944
gan,100,exceed_frac_delta_p90,0.0019440000000000013
gan,100,exceed_frac_abs_delta_p90,0.0019440000000000013
gan,100,exceed_frac_gt_p95,0.05
gan,100,exceed_frac_sr_p95,0.051224
gan,100,exceed_frac_delta_p95,0.001223999999999996
gan,100,exceed_frac_abs_delta_p95,0.001223999999999996
gan,100,exceed_frac_gt_p99,0.01
gan,100,exceed_frac_sr_p99,0.015044
gan,100,exceed_frac_delta_p99,0.005044
gan,100,exceed_frac_abs_delta_p99,0.005044
gan,100,pd_distance,20.891681214618057
gan,100,mt_distance,7.617006778717041
gan,100,ssim,0.4845531178356475
gan,101,psnr,26.06215212689535
gan,101,wpd_bias,36.289780396427986
gan,101,wpd_mae,347.0261719860927
gan,101,wpd_rmse,599.608881596627
gan,101,wpd_w1,36.32641168955977
gan,101,psd_log_l2,0.7824149653864441
gan,101,psd_slope_gt,2.7595815132389667
gan,101,psd_slope_sr,0.9607395962716379
gan,101,psd_slope_delta,-1.7988419169673289
gan,101,psd_slope_abs_delta,1.7988419169673289
gan,101,grad_mae,0.44924914092520607
gan,101,grad_w1,0.07218883450034898
gan,101,grad_kurtosis_gt,13.88516497776316
gan,101,grad_kurtosis_sr,15.810632613886424
gan,101,grad_kurtosis_delta,1.9254676361232637
gan,101,grad_kurtosis_abs_delta,1.9254676361232637
gan,101,exceed_frac_gt_t5,0.959872
gan,101,exceed_frac_sr_t5,0.963028
gan,101,exceed_frac_delta_t5,0.0031560000000000477
gan,101,exceed_frac_abs_delta_t5,0.0031560000000000477
gan,101,exceed_frac_gt_t10,0.575588
gan,101,exceed_frac_sr_t10,0.587484
gan,101,exceed_frac_delta_t10,0.011896000000000018
gan,101,exceed_frac_abs_delta_t10,0.011896000000000018
gan,101,exceed_frac_gt_t15,0.0208
gan,101,exceed_frac_sr_t15,0.026392
gan,101,exceed_frac_delta_t15,0.005592
gan,101,exceed_frac_abs_delta_t15,0.005592
gan,101,exceed_frac_gt_p90,0.1
gan,101,exceed_frac_sr_p90,0.103388
gan,101,exceed_frac_delta_p90,0.0033879999999999882
gan,101,exceed_frac_abs_delta_p90,0.0033879999999999882
gan,101,exceed_frac_gt_p95,0.05
gan,101,exceed_frac_sr_p95,0.054336
gan,101,exceed_frac_delta_p95,0.004336
gan,101,exceed_frac_abs_delta_p95,0.004336
gan,101,exceed_frac_gt_p99,0.01
gan,101,exceed_frac_sr_p99,0.01404
gan,101,exceed_frac_delta_p99,0.00404
gan,101,exceed_frac_abs_delta_p99,0.00404
gan,101,pd_distance,20.937383941054357
gan,101,mt_distance,7.0666680335998535
gan,101,ssim,0.47111013595918416
gan,102,psnr,26.32178910226727
gan,102,wpd_bias,33.342780738165246
gan,102,wpd_mae,339.88236779372755
gan,102,wpd_rmse,589.3184558292292
gan,102,wpd_w1,33.380651248622215
gan,102,psd_log_l2,0.7571065425975891
gan,102,psd_slope_gt,2.653381517271387
gan,102,psd_slope_sr,0.9329527929982736
gan,102,psd_slope_delta,-1.7204287242731136
gan,102,psd_slope_abs_delta,1.7204287242731136
gan,102,grad_mae,0.4384960767027062
gan,102,grad_w1,0.06126901313905758
gan,102,grad_kurtosis_gt,13.6958406438686
gan,102,grad_kurtosis_sr,16.12636994956202
gan,102,grad_kurtosis_delta,2.430529305693419
gan,102,grad_kurtosis_abs_delta,2.430529305693419
gan,102,exceed_frac_gt_t5,0.960656
gan,102,exceed_frac_sr_t5,0.964048
gan,102,exceed_frac_delta_t5,0.0033920000000000616
gan,102,exceed_frac_abs_delta_t5,0.0033920000000000616
gan,102,exceed_frac_gt_t10,0.6005
gan,102,exceed_frac_sr_t10,0.608148
gan,102,exceed_frac_delta_t10,0.007647999999999988
gan,102,exceed_frac_abs_delta_t10,0.007647999999999988
gan,102,exceed_frac_gt_t15,0.015644
gan,102,exceed_frac_sr_t15,0.019208
gan,102,exceed_frac_delta_t15,0.0035639999999999977
gan,102,exceed_frac_abs_delta_t15,0.0035639999999999977
gan,102,exceed_frac_gt_p90,0.1
gan,102,exceed_frac_sr_p90,0.101336
gan,102,exceed_frac_delta_p90,0.00133599999999999
gan,102,exceed_frac_abs_delta_p90,0.00133599999999999
gan,102,exceed_frac_gt_p95,0.05
gan,102,exceed_frac_sr_p95,0.053092
gan,102,exceed_frac_delta_p95,0.0030919999999999975
gan,102,exceed_frac_abs_delta_p95,0.0030919999999999975
gan,102,exceed_frac_gt_p99,0.01
gan,102,exceed_frac_sr_p99,0.013936
gan,102,exceed_frac_delta_p99,0.003936
gan,102,exceed_frac_abs_delta_p99,0.003936
gan,102,pd_distance,20.257793175726828
gan,102,mt_distance,8.231893539428711
gan,102,ssim,0.46246759233066354
gan,103,psnr,26.213207455171293
gan,103,wpd_bias,28.14564187540796
gan,103,wpd_mae,341.0693757552766
gan,103,wpd_rmse,577.6516767461429
gan,103,wpd_w1,28.286978579422012
gan,103,psd_log_l2,0.8055412628379494
gan,103,psd_slope_gt,2.7522262259562447
gan,103,psd_slope_sr,0.9578331205863463
gan,103,psd_slope_delta,-1.7943931053698985
gan,103,psd_slope_abs_delta,1.7943931053698985
gan,103,grad_mae,0.43785142965411317
gan,103,grad_w1,0.06630870705847902
gan,103,grad_kurtosis_gt,12.918668166201329
gan,103,grad_kurtosis_sr,14.67398725354005
gan,103,grad_kurtosis_delta,1.7553190873387212
gan,103,grad_kurtosis_abs_delta,1.7553190873387212
gan,103,exceed_frac_gt_t5,0.96332
gan,103,exceed_frac_sr_t5,0.966768
gan,103,exceed_frac_delta_t5,0.0034480000000000066
gan,103,exceed_frac_abs_delta_t5,0.0034480000000000066
gan,103,exceed_frac_gt_t10,0.622064
gan,103,exceed_frac_sr_t10,0.632724
gan,103,exceed_frac_delta_t10,0.010660000000000003
gan,103,exceed_frac_abs_delta_t10,0.010660000000000003
gan,103,exceed_frac_gt_t15,0.01606
gan,103,exceed_frac_sr_t15,0.020512
gan,103,exceed_frac_delta_t15,0.004451999999999998
gan,103,exceed_frac_abs_delta_t15,0.004451999999999998
gan,103,exceed_frac_gt_p90,0.1
gan,103,exceed_frac_sr_p90,0.10034
gan,103,exceed_frac_delta_p90,0.0003399999999999931
gan,103,exceed_frac_abs_delta_p90,0.0003399999999999931
gan,103,exceed_frac_gt_p95,0.05
gan,103,exceed_frac_sr_p95,0.05268
gan,103,exceed_frac_delta_p95,0.002679999999999995
gan,103,exceed_frac_abs_delta_p95,0.002679999999999995
gan,103,exceed_frac_gt_p99,0.01
gan,103,exceed_frac_sr_p99,0.013944
gan,103,exceed_frac_delta_p99,0.003944
gan,103,exceed_frac_abs_delta_p99,0.003944
gan,103,pd_distance,20.69051451494371
gan,103,mt_distance,6.314839839935303
gan,103,ssim,0.45282907462638033
gan,104,psnr,26.240744576915972
gan,104,wpd_bias,28.440157171835526
gan,104,wpd_mae,345.7073077083316
gan,104,wpd_rmse,576.3983996893091
gan,104,wpd_w1,30.777756848043257
gan,104,psd_log_l2,0.8244909068242506
gan,104,psd_slope_gt,2.7655849769581633
gan,104,psd_slope_sr,0.9208077583603672
gan,104,psd_slope_delta,-1.844777218597796
gan,104,psd_slope_abs_delta,1.844777218597796
gan,104,grad_mae,0.4285596247079644
gan,104,grad_w1,0.0642827331734832
gan,104,grad_kurtosis_gt,13.072164702682043
gan,104,grad_kurtosis_sr,14.970766712057351
gan,104,grad_kurtosis_delta,1.898602009375308
gan,104,grad_kurtosis_abs_delta,1.898602009375308
gan,104,exceed_frac_gt_t5,0.9676
gan,104,exceed_frac_sr_t5,0.970696
gan,104,exceed_frac_delta_t5,0.0030959999999999877
gan,104,exceed_frac_abs_delta_t5,0.0030959999999999877
gan,104,exceed_frac_gt_t10,0.639764
gan,104,exceed_frac_sr_t10,0.652132
gan,104,exceed_frac_delta_t10,0.012368000000000046
gan,104,exceed_frac_abs_delta_t10,0.012368000000000046
gan,104,exceed_frac_gt_t15,0.019812
gan,104,exceed_frac_sr_t15,0.02252
gan,104,exceed_frac_delta_t15,0.0027079999999999986
gan,104,exceed_frac_abs_delta_t15,0.0027079999999999986
gan,104,exceed_frac_gt_p90,0.1
gan,104,exceed_frac_sr_p90,0.098328
gan,104,exceed_frac_delta_p90,-0.0016720000000000068
gan,104,exceed_frac_abs_delta_p90,0.0016720000000000068
gan,104,exceed_frac_gt_p95,0.05
gan,104,exceed_frac_sr_p95,0.048452
gan,104,exceed_frac_delta_p95,-0.0015480000000000008
gan,104,exceed_frac_abs_delta_p95,0.0015480000000000008
gan,104,exceed_frac_gt_p99,0.01
gan,104,exceed_frac_sr_p99,0.013244
gan,104,exceed_frac_delta_p99,0.0032440000000000004
gan,104,exceed_frac_abs_delta_p99,0.0032440000000000004
gan,104,pd_distance,20.12992358587829
gan,104,mt_distance,7.393864154815674
gan,104,ssim,0.4730890949667723
gan,105,psnr,26.632907637881424
gan,105,wpd_bias,29.804644156812028
gan,105,wpd_mae,345.222807416766
gan,105,wpd_rmse,591.9683005766184
gan,105,wpd_w1,31.044052982410783
gan,105,psd_log_l2,0.7644499239407465
gan,105,psd_slope_gt,2.5268482174855538
gan,105,psd_slope_sr,0.9037329865214323
gan,105,psd_slope_delta,-1.6231152309641215
gan,105,psd_slope_abs_delta,1.6231152309641215
gan,105,grad_mae,0.42046203574747143
gan,105,grad_w1,0.059785046992021765
gan,105,grad_kurtosis_gt,13.365248422530462
gan,105,grad_kurtosis_sr,15.607579061981887
gan,105,grad_kurtosis_delta,2.242330639451426
gan,105,grad_kurtosis_abs_delta,2.242330639451426
gan,105,exceed_frac_gt_t5,0.96918
gan,105,exceed_frac_sr_t5,0.972468
gan,105,exceed_frac_delta_t5,0.0032879999999999576
gan,105,exceed_frac_abs_delta_t5,0.0032879999999999576
gan,105,exceed_frac_gt_t10,0.653404
gan,105,exceed_frac_sr_t10,0.670716
gan,105,exceed_frac_delta_t10,0.017311999999999994
gan,105,exceed_frac_abs_delta_t10,0.017311999999999994
gan,105,exceed_frac_gt_t15,0.026896
gan,105,exceed_frac_sr_t15,0.027808
gan,105,exceed_frac_delta_t15,0.0009119999999999996
gan,105,exceed_frac_abs_delta_t15,0.0009119999999999996
gan,105,exceed_frac_gt_p90,0.1
gan,105,exceed_frac_sr_p90,0.099392
gan,105,exceed_frac_delta_p90,-0.0006080000000000113
gan,105,exceed_frac_abs_delta_p90,0.0006080000000000113
gan,105,exceed_frac_gt_p95,0.05
gan,105,exceed_frac_sr_p95,0.04976
gan,105,exceed_frac_delta_p95,-0.0002400000000000041
gan,105,exceed_frac_abs_delta_p95,0.0002400000000000041
gan,105,exceed_frac_gt_p99,0.01
gan,105,exceed_frac_sr_p99,0.011968
gan,105,exceed_frac_delta_p99,0.0019679999999999993
gan,105,exceed_frac_abs_delta_p99,0.0019679999999999993
gan,105,pd_distance,19.283104237304943
gan,105,mt_distance,6.823482513427734
gan,105,ssim,0.457039642897073
gan,106,psnr,27.298351027651485
gan,106,wpd_bias,22.584856994972196
gan,106,wpd_mae,339.9595462980588
gan,106,wpd_rmse,580.475597982008
gan,106,wpd_w1,31.96591027710767
gan,106,psd_log_l2,0.7375425957457696
gan,106,psd_slope_gt,2.4043720349979085
gan,106,psd_slope_sr,0.8472390551465908
gan,106,psd_slope_delta,-1.5571329798513176
gan,106,psd_slope_abs_delta,1.5571329798513176
gan,106,grad_mae,0.4077048516663229
gan,106,grad_w1,0.06844310685602355
gan,106,grad_kurtosis_gt,13.973378262410721
gan,106,grad_kurtosis_sr,17.365470105488413
gan,106,grad_kurtosis_delta,3.392091843077692
gan,106,grad_kurtosis_abs_delta,3.392091843077692
gan,106,exceed_frac_gt_t5,0.969512
gan,106,exceed_frac_sr_t5,0.973944
gan,106,exceed_frac_delta_t5,0.0044319999999999915
gan,106,exceed_frac_abs_delta_t5,0.0044319999999999915
gan,106,exceed_frac_gt_t10,0.66638
gan,106,exceed_frac_sr_t10,0.68716
gan,106,exceed_frac_delta_t10,0.02078000000000002
gan,106,exceed_frac_abs_delta_t10,0.02078000000000002
gan,106,exceed_frac_gt_t15,0.02658
gan,106,exceed_frac_sr_t15,0.028572
gan,106,exceed_frac_delta_t15,0.0019920000000000007
gan,106,exceed_frac_abs_delta_t15,0.0019920000000000007
gan,106,exceed_frac_gt_p90,0.1
gan,106,exceed_frac_sr_p90,0.095652
gan,106,exceed_frac_delta_p90,-0.004348000000000005
gan,106,exceed_frac_abs_delta_p90,0.004348000000000005
gan,106,exceed_frac_gt_p95,0.05
gan,106,exceed_frac_sr_p95,0.051292
gan,106,exceed_frac_delta_p95,0.0012919999999999945
gan,106,exceed_frac_abs_delta_p95,0.0012919999999999945
gan,106,exceed_frac_gt_p99,0.01
gan,106,exceed_frac_sr_p99,0.01058
gan,106,exceed_frac_delta_p99,0.0005800000000000007
gan,106,exceed_frac_abs_delta_p99,0.0005800000000000007
gan,106,pd_distance,20.00547041151677
gan,106,mt_distance,6.75129508972168
gan,106,ssim,0.4479825221338522
gan,107,psnr,27.019179423293245
gan,107,wpd_bias,25.265199074051388
gan,107,wpd_mae,350.5869579171892
gan,107,wpd_rmse,620.3975589408283
gan,107,wpd_w1,31.715611603073203
gan,107,psd_log_l2,0.7561666734603679
gan,107,psd_slope_gt,2.3711876339371654
gan,107,psd_slope_sr,0.838359071830502
gan,107,psd_slope_delta,-1.5328285621066633
gan,107,psd_slope_abs_delta,1.5328285621066633
gan,107,grad_mae,0.4049237802990554
gan,107,grad_w1,0.057917542834701234
gan,107,grad_kurtosis_gt,14.499407762195059
gan,107,grad_kurtosis_sr,18.54571403114482
gan,107,grad_kurtosis_delta,4.04630626894976
gan,107,grad_kurtosis_abs_delta,4.04630626894976
gan,107,exceed_frac_gt_t5,0.970908
gan,107,exceed_frac_sr_t5,0.974048
gan,107,exceed_frac_delta_t5,0.0031400000000000317
gan,107,exceed_frac_abs_delta_t5,0.0031400000000000317
gan,107,exceed_frac_gt_t10,0.677896
gan,107,exceed_frac_sr_t10,0.69382
gan,107,exceed_frac_delta_t10,0.015923999999999938
gan,107,exceed_frac_abs_delta_t10,0.015923999999999938
gan,107,exceed_frac_gt_t15,0.03712
gan,107,exceed_frac_sr_t15,0.03822
gan,107,exceed_frac_delta_t15,0.0010999999999999968
gan,107,exceed_frac_abs_delta_t15,0.0010999999999999968
gan,107,exceed_frac_gt_p90,0.1
gan,107,exceed_frac_sr_p90,0.097172
gan,107,exceed_frac_delta_p90,-0.002828000000000011
gan,107,exceed_frac_abs_delta_p90,0.002828000000000011
gan,107,exceed_frac_gt_p95,0.05
gan,107,exceed_frac_sr_p95,0.049016
gan,107,exceed_frac_delta_p95,-0.0009840000000000057
gan,107,exceed_frac_abs_delta_p95,0.0009840000000000057
gan,107,exceed_frac_gt_p99,0.01
gan,107,exceed_frac_sr_p99,0.012564
gan,107,exceed_frac_delta_p99,0.0025640000000000003
gan,107,exceed_frac_abs_delta_p99,0.0025640000000000003
gan,107,pd_distance,20.682183399063746
gan,107,mt_distance,7.6041154861450195
gan,107,ssim,0.457756910383992
gan,108,psnr,27.9392566173789
gan,108,wpd_bias,28.98369250736181
gan,108,wpd_mae,356.8102131276016
gan,108,wpd_rmse,642.1408312803574
gan,108,wpd_w1,31.376227628499375
gan,108,psd_log_l2,0.7751422619741811
gan,108,psd_slope_gt,2.346439339301334
gan,108,psd_slope_sr,0.8137864485760664
gan,108,psd_slope_delta,-1.5326528907252674
gan,108,psd_slope_abs_delta,1.5326528907252674
gan,108,grad_mae,0.3979236611912447
gan,108,grad_w1,0.05065947080254976
gan,108,grad_kurtosis_gt,14.41081113660488
gan,108,grad_kurtosis_sr,19.38709391896793
gan,108,grad_kurtosis_delta,4.976282782363052
gan,108,grad_kurtosis_abs_delta,4.976282782363052
gan,108,exceed_frac_gt_t5,0.971252
gan,108,exceed_frac_sr_t5,0.973788
gan,108,exceed_frac_delta_t5,0.0025359999999999827
gan,108,exceed_frac_abs_delta_t5,0.0025359999999999827
gan,108,exceed_frac_gt_t10,0.674524
gan,108,exceed_frac_sr_t10,0.692444
gan,108,exceed_frac_delta_t10,0.017919999999999936
gan,108,exceed_frac_abs_delta_t10,0.017919999999999936
gan,108,exceed_frac_gt_t15,0.051952
gan,108,exceed_frac_sr_t15,0.052248
gan,108,exceed_frac_delta_t15,0.0002960000000000046
gan,108,exceed_frac_abs_delta_t15,0.0002960000000000046
gan,108,exceed_frac_gt_p90,0.1
gan,108,exceed_frac_sr_p90,0.10112
gan,108,exceed_frac_delta_p90,0.001119999999999996
gan,108,exceed_frac_abs_delta_p90,0.001119999999999996
gan,108,exceed_frac_gt_p95,0.05
gan,108,exceed_frac_sr_p95,0.050388
gan,108,exceed_frac_delta_p95,0.00038799999999999946
gan,108,exceed_frac_abs_delta_p95,0.00038799999999999946
gan,108,exceed_frac_gt_p99,0.01
gan,108,exceed_frac_sr_p99,0.012448
gan,108,exceed_frac_delta_p99,0.0024480000000000005
gan,108,exceed_frac_abs_delta_p99,0.0024480000000000005
gan,108,pd_distance,21.1993064034262
gan,108,mt_distance,7.595790386199951
gan,108,ssim,0.4606154773706369
gan,109,psnr,27.241141633895886
gan,109,wpd_bias,29.246306729036128
gan,109,wpd_mae,359.2725483563821
gan,109,wpd_rmse,642.369258019805
gan,109,wpd_w1,34.68314570498772
gan,109,psd_log_l2,0.7982097674048801
gan,109,psd_slope_gt,2.4584123600931362
gan,109,psd_slope_sr,0.8017585022511633
gan,109,psd_slope_delta,-1.656653857841973
gan,109,psd_slope_abs_delta,1.656653857841973
gan,109,grad_mae,0.39636005154768894
gan,109,grad_w1,0.04622087331996528
gan,109,grad_kurtosis_gt,14.524527024298001
gan,109,grad_kurtosis_sr,21.35345596093846
gan,109,grad_kurtosis_delta,6.828928936640461
gan,109,grad_kurtosis_abs_delta,6.828928936640461
gan,109,exceed_frac_gt_t5,0.970816
gan,109,exceed_frac_sr_t5,0.974036
gan,109,exceed_frac_delta_t5,0.0032200000000000006
gan,109,exceed_frac_abs_delta_t5,0.0032200000000000006
gan,109,exceed_frac_gt_t10,0.666652
gan,109,exceed_frac_sr_t10,0.683056
gan,109,exceed_frac_delta_t10,0.016403999999999974
gan,109,exceed_frac_abs_delta_t10,0.016403999999999974
gan,109,exceed_frac_gt_t15,0.070228
gan,109,exceed_frac_sr_t15,0.066344
gan,109,exceed_frac_delta_t15,-0.0038839999999999986
gan,109,exceed_frac_abs_delta_t15,0.0038839999999999986
gan,109,exceed_frac_gt_p90,0.1
gan,109,exceed_frac_sr_p90,0.097568
gan,109,exceed_frac_delta_p90,-0.0024320000000000036
gan,109,exceed_frac_abs_delta_p90,0.0024320000000000036
gan,109,exceed_frac_gt_p95,0.05
gan,109,exceed_frac_sr_p95,0.047336
gan,109,exceed_frac_delta_p95,-0.0026639999999999997
gan,109,exceed_frac_abs_delta_p95,0.0026639999999999997
gan,109,exceed_frac_gt_p99,0.01
gan,109,exceed_frac_sr_p99,0.013332
gan,109,exceed_frac_delta_p99,0.003332
gan,109,exceed_frac_abs_delta_p99,0.003332
gan,109,pd_distance,20.853111383838083
gan,109,mt_distance,7.198193550109863
gan,109,ssim,0.45596507846892503
gan,110,psnr,27.897643844628302
gan,110,wpd_bias,36.32374896142388
gan,110,wpd_mae,356.38581062271754
gan,110,wpd_rmse,640.7231025787356
gan,110,wpd_w1,38.99188078132552
gan,110,psd_log_l2,0.8023133869467777
gan,110,psd_slope_gt,2.5116273264193554
gan,110,psd_slope_sr,0.837561244747258
gan,110,psd_slope_delta,-1.6740660816720974
gan,110,psd_slope_abs_delta,1.6740660816720974
gan,110,grad_mae,0.3900329553275293
gan,110,grad_w1,0.0490902226546841
gan,110,grad_kurtosis_gt,14.8881813789416
gan,110,grad_kurtosis_sr,22.841139445894235
gan,110,grad_kurtosis_delta,7.952958066952636
gan,110,grad_kurtosis_abs_delta,7.952958066952636
gan,110,exceed_frac_gt_t5,0.972044
gan,110,exceed_frac_sr_t5,0.974244
gan,110,exceed_frac_delta_t5,0.0021999999999999797
gan,110,exceed_frac_abs_delta_t5,0.0021999999999999797
gan,110,exceed_frac_gt_t10,0.6523
gan,110,exceed_frac_sr_t10,0.671892
gan,110,exceed_frac_delta_t10,0.019592000000000054
gan,110,exceed_frac_abs_delta_t10,0.019592000000000054
gan,110,exceed_frac_gt_t15,0.09396
gan,110,exceed_frac_sr_t15,0.090604
gan,110,exceed_frac_delta_t15,-0.003355999999999998
gan,110,exceed_frac_abs_delta_t15,0.003355999999999998
gan,110,exceed_frac_gt_p90,0.1
gan,110,exceed_frac_sr_p90,0.09654
gan,110,exceed_frac_delta_p90,-0.0034600000000000047
gan,110,exceed_frac_abs_delta_p90,0.0034600000000000047
gan,110,exceed_frac_gt_p95,0.05
gan,110,exceed_frac_sr_p95,0.050408
gan,110,exceed_frac_delta_p95,0.00040799999999999864
gan,110,exceed_frac_abs_delta_p95,0.00040799999999999864
gan,110,exceed_frac_gt_p99,0.01
gan,110,exceed_frac_sr_p99,0.011492
gan,110,exceed_frac_delta_p99,0.0014920000000000003
gan,110,exceed_frac_abs_delta_p99,0.0014920000000000003
gan,110,pd_distance,19.600364202728887
gan,110,mt_distance,6.568319320678711
gan,110,ssim,0.4416790130745641
gan,111,psnr,28.776301097243916
gan,111,wpd_bias,37.4424379646375
gan,111,wpd_mae,344.39001352455523
gan,111,wpd_rmse,613.8389543880994
gan,111,wpd_w1,40.848448862753756
gan,111,psd_log_l2,0.8154414373541461
gan,111,psd_slope_gt,2.517910851878576
gan,111,psd_slope_sr,0.7799012138962896
gan,111,psd_slope_delta,-1.7380096379822865
gan,111,psd_slope_abs_delta,1.7380096379822865
gan,111,grad_mae,0.3789077163667827
gan,111,grad_w1,0.0495978686393624
gan,111,grad_kurtosis_gt,16.432807524041753
gan,111,grad_kurtosis_sr,25.7104547982624
gan,111,grad_kurtosis_delta,9.277647274220648
gan,111,grad_kurtosis_abs_delta,9.277647274220648
gan,111,exceed_frac_gt_t5,0.970996
gan,111,exceed_frac_sr_t5,0.97404
gan,111,exceed_frac_delta_t5,0.0030440000000000467
gan,111,exceed_frac_abs_delta_t5,0.0030440000000000467
gan,111,exceed_frac_gt_t10,0.627288
gan,111,exceed_frac_sr_t10,0.647044
gan,111,exceed_frac_delta_t10,0.019755999999999996
gan,111,exceed_frac_abs_delta_t10,0.019755999999999996
gan,111,exceed_frac_gt_t15,0.126452
gan,111,exceed_frac_sr_t15,0.1238
gan,111,exceed_frac_delta_t15,-0.0026520000000000155
gan,111,exceed_frac_abs_delta_t15,0.0026520000000000155
gan,111,exceed_frac_gt_p90,0.1
gan,111,exceed_frac_sr_p90,0.097416
gan,111,exceed_frac_delta_p90,-0.002584000000000003
gan,111,exceed_frac_abs_delta_p90,0.002584000000000003
gan,111,exceed_frac_gt_p95,0.05
gan,111,exceed_frac_sr_p95,0.049952
gan,111,exceed_frac_delta_p95,-4.799999999999943e-05
gan,111,exceed_frac_abs_delta_p95,4.799999999999943e-05
gan,111,exceed_frac_gt_p99,0.01
gan,111,exceed_frac_sr_p99,0.01096
gan,111,exceed_frac_delta_p99,0.000959999999999999
gan,111,exceed_frac_abs_delta_p99,0.000959999999999999
gan,111,pd_distance,18.815230764049467
gan,111,mt_distance,8.167459487915039
gan,111,ssim,0.45731979860276584
gan,112,psnr,28.275192771148816
gan,112,wpd_bias,36.465197262489376
gan,112,wpd_mae,320.42948424820133
gan,112,wpd_rmse,553.9922486374612
gan,112,wpd_w1,41.9634294245324
gan,112,psd_log_l2,0.836718196933073
gan,112,psd_slope_gt,2.5521422961047304
gan,112,psd_slope_sr,0.7090405368906869
gan,112,psd_slope_delta,-1.8431017592140435
gan,112,psd_slope_abs_delta,1.8431017592140435
gan,112,grad_mae,0.36197160080528396
gan,112,grad_w1,0.04390008443275359
gan,112,grad_kurtosis_gt,17.356303881892384
gan,112,grad_kurtosis_sr,27.841539039949097
gan,112,grad_kurtosis_delta,10.485235158056714
gan,112,grad_kurtosis_abs_delta,10.485235158056714
gan,112,exceed_frac_gt_t5,0.960496
gan,112,exceed_frac_sr_t5,0.965916
gan,112,exceed_frac_delta_t5,0.00541999999999998
gan,112,exceed_frac_abs_delta_t5,0.00541999999999998
gan,112,exceed_frac_gt_t10,0.588268
gan,112,exceed_frac_sr_t10,0.606984
gan,112,exceed_frac_delta_t10,0.018715999999999955
gan,112,exceed_frac_abs_delta_t10,0.018715999999999955
gan,112,exceed_frac_gt_t15,0.15344
gan,112,exceed_frac_sr_t15,0.1507
gan,112,exceed_frac_delta_t15,-0.0027399999999999924
gan,112,exceed_frac_abs_delta_t15,0.0027399999999999924
gan,112,exceed_frac_gt_p90,0.1
gan,112,exceed_frac_sr_p90,0.097272
gan,112,exceed_frac_delta_p90,-0.002728000000000008
gan,112,exceed_frac_abs_delta_p90,0.002728000000000008
gan,112,exceed_frac_gt_p95,0.05
gan,112,exceed_frac_sr_p95,0.050296
gan,112,exceed_frac_delta_p95,0.00029599999999999765
gan,112,exceed_frac_abs_delta_p95,0.00029599999999999765
gan,112,exceed_frac_gt_p99,0.01
gan,112,exceed_frac_sr_p99,0.010628
gan,112,exceed_frac_delta_p99,0.0006280000000000001
gan,112,exceed_frac_abs_delta_p99,0.0006280000000000001
gan,112,pd_distance,19.372446559915602
gan,112,mt_distance,6.682409286499023
gan,112,ssim,0.44169217988035236
gan,113,psnr,27.992375396391836
gan,113,wpd_bias,32.51537154928348
gan,113,wpd_mae,288.4352419755194
gan,113,wpd_rmse,491.40457206416943
gan,113,wpd_w1,38.697907069199225
gan,113,psd_log_l2,0.8154365081610984
gan,113,psd_slope_gt,2.431485046440205
gan,113,psd_slope_sr,0.7658203859365722
gan,113,psd_slope_delta,-1.6656646605036327
gan,113,psd_slope_abs_delta,1.6656646605036327
gan,113,grad_mae,0.34389792994973234
gan,113,grad_w1,0.037970100315247314
gan,113,grad_kurtosis_gt,17.818271719812817
gan,113,grad_kurtosis_sr,28.658480737099328
gan,113,grad_kurtosis_delta,10.840209017286512
gan,113,grad_kurtosis_abs_delta,10.840209017286512
gan,113,exceed_frac_gt_t5,0.950016
gan,113,exceed_frac_sr_t5,0.95336
gan,113,exceed_frac_delta_t5,0.0033440000000000136
gan,113,exceed_frac_abs_delta_t5,0.0033440000000000136
gan,113,exceed_frac_gt_t10,0.542524
gan,113,exceed_frac_sr_t10,0.559216
gan,113,exceed_frac_delta_t10,0.01669200000000004
gan,113,exceed_frac_abs_delta_t10,0.01669200000000004
gan,113,exceed_frac_gt_t15,0.177548
gan,113,exceed_frac_sr_t15,0.178344
gan,113,exceed_frac_delta_t15,0.0007959999999999912
gan,113,exceed_frac_abs_delta_t15,0.0007959999999999912
gan,113,exceed_frac_gt_p90,0.1
gan,113,exceed_frac_sr_p90,0.097276
gan,113,exceed_frac_delta_p90,-0.002724000000000004
gan,113,exceed_frac_abs_delta_p90,0.002724000000000004
gan,113,exceed_frac_gt_p95,0.049996
gan,113,exceed_frac_sr_p95,0.05054
gan,113,exceed_frac_delta_p95,0.0005440000000000028
gan,113,exceed_frac_abs_delta_p95,0.0005440000000000028
gan,113,exceed_frac_gt_p99,0.01
gan,113,exceed_frac_sr_p99,0.008012
gan,113,exceed_frac_delta_p99,-0.001988
gan,113,exceed_frac_abs_delta_p99,0.001988
gan,113,pd_distance,18.415536047943895
gan,113,mt_distance,6.949485778808594
gan,113,ssim,0.4456831875321771
gan,114,psnr,28.34897837277725
gan,114,wpd_bias,26.258720537501333
gan,114,wpd_mae,272.7685378720125
gan,114,wpd_rmse,449.82330068656313
gan,114,wpd_w1,33.733297138716274
gan,114,psd_log_l2,0.8132667515026558
gan,114,psd_slope_gt,2.4531744868237766
gan,114,psd_slope_sr,0.7317369126313739
gan,114,psd_slope_delta,-1.7214375741924028
gan,114,psd_slope_abs_delta,1.7214375741924028
gan,114,grad_mae,0.33074136159288536
gan,114,grad_w1,0.049423461584138434
gan,114,grad_kurtosis_gt,19.3950691009872
gan,114,grad_kurtosis_sr,29.516036900194987
gan,114,grad_kurtosis_delta,10.120967799207786
gan,114,grad_kurtosis_abs_delta,10.120967799207786
gan,114,exceed_frac_gt_t5,0.942708
gan,114,exceed_frac_sr_t5,0.94808
gan,114,exceed_frac_delta_t5,0.005372000000000043
gan,114,exceed_frac_abs_delta_t5,0.005372000000000043
gan,114,exceed_frac_gt_t10,0.505588
gan,114,exceed_frac_sr_t10,0.519136
gan,114,exceed_frac_delta_t10,0.013548000000000004
gan,114,exceed_frac_abs_delta_t10,0.013548000000000004
gan,114,exceed_frac_gt_t15,0.197052
gan,114,exceed_frac_sr_t15,0.199388
gan,114,exceed_frac_delta_t15,0.0023360000000000047
gan,114,exceed_frac_abs_delta_t15,0.0023360000000000047
gan,114,exceed_frac_gt_p90,0.1
gan,114,exceed_frac_sr_p90,0.097788
gan,114,exceed_frac_delta_p90,-0.0022120000000000056
gan,114,exceed_frac_abs_delta_p90,0.0022120000000000056
gan,114,exceed_frac_gt_p95,0.05
gan,114,exceed_frac_sr_p95,0.051948
gan,114,exceed_frac_delta_p95,0.0019479999999999983
gan,114,exceed_frac_abs_delta_p95,0.0019479999999999983
gan,114,exceed_frac_gt_p99,0.01
gan,114,exceed_frac_sr_p99,0.007916
gan,114,exceed_frac_delta_p99,-0.0020840000000000008
gan,114,exceed_frac_abs_delta_p99,0.0020840000000000008
gan,114,pd_distance,16.84887862793787
gan,114,mt_distance,5.899235248565674
gan,114,ssim,0.47130978333226614
gan,115,psnr,29.04287752514754
gan,115,wpd_bias,32.002982677868296
gan,115,wpd_mae,264.8325463644938
gan,115,wpd_rmse,438.1668229757991
gan,115,wpd_w1,34.99096959401203
gan,115,psd_log_l2,0.8287062547258477
gan,115,psd_slope_gt,2.539153020485293
gan,115,psd_slope_sr,0.6723919004194862
gan,115,psd_slope_delta,-1.8667611200658065
gan,115,psd_slope_abs_delta,1.8667611200658065
gan,115,grad_mae,0.32976258928460284
gan,115,grad_w1,0.05481169108000951
gan,115,grad_kurtosis_gt,19.188254489306573
gan,115,grad_kurtosis_sr,20.975962093966302
gan,115,grad_kurtosis_delta,1.7877076046597296
gan,115,grad_kurtosis_abs_delta,1.7877076046597296
gan,115,exceed_frac_gt_t5,0.935092
gan,115,exceed_frac_sr_t5,0.943628
gan,115,exceed_frac_delta_t5,0.008535999999999988
gan,115,exceed_frac_abs_delta_t5,0.008535999999999988
gan,115,exceed_frac_gt_t10,0.483236
gan,115,exceed_frac_sr_t10,0.495936
gan,115,exceed_frac_delta_t10,0.012699999999999989
gan,115,exceed_frac_abs_delta_t10,0.012699999999999989
gan,115,exceed_frac_gt_t15,0.20792
gan,115,exceed_frac_sr_t15,0.210772
gan,115,exceed_frac_delta_t15,0.0028519999999999934
gan,115,exceed_frac_abs_delta_t15,0.0028519999999999934
gan,115,exceed_frac_gt_p90,0.1
gan,115,exceed_frac_sr_p90,0.10294
gan,115,exceed_frac_delta_p90,0.002939999999999998
gan,115,exceed_frac_abs_delta_p90,0.002939999999999998
gan,115,exceed_frac_gt_p95,0.05
gan,115,exceed_frac_sr_p95,0.050748
gan,115,exceed_frac_delta_p95,0.0007479999999999987
gan,115,exceed_frac_abs_delta_p95,0.0007479999999999987
gan,115,exceed_frac_gt_p99,0.01
gan,115,exceed_frac_sr_p99,0.0102
gan,115,exceed_frac_delta_p99,0.00020000000000000052
gan,115,exceed_frac_abs_delta_p99,0.00020000000000000052
gan,115,pd_distance,17.25298248796687
gan,115,mt_distance,7.232174873352051
gan,115,ssim,0.5068055946637543
gan,116,psnr,28.57390419900739
gan,116,wpd_bias,26.132220766126707
gan,116,wpd_mae,271.2894545526282
gan,116,wpd_rmse,449.39118694972586
gan,116,wpd_w1,29.391870652115614
gan,116,psd_log_l2,0.8586486560921048
gan,116,psd_slope_gt,2.663864975019489
gan,116,psd_slope_sr,0.7928741424538783
gan,116,psd_slope_delta,-1.8709908325656106
gan,116,psd_slope_abs_delta,1.8709908325656106
gan,116,grad_mae,0.34509809848952694
gan,116,grad_w1,0.06049716650503097
gan,116,grad_kurtosis_gt,17.809157536107968
gan,116,grad_kurtosis_sr,21.763596585995895
gan,116,grad_kurtosis_delta,3.9544390498879274
gan,116,grad_kurtosis_abs_delta,3.9544390498879274
gan,116,exceed_frac_gt_t5,0.932248
gan,116,exceed_frac_sr_t5,0.943552
gan,116,exceed_frac_delta_t5,0.01130399999999998
gan,116,exceed_frac_abs_delta_t5,0.01130399999999998
gan,116,exceed_frac_gt_t10,0.476428
gan,116,exceed_frac_sr_t10,0.48696
gan,116,exceed_frac_delta_t10,0.010531999999999986
gan,116,exceed_frac_abs_delta_t10,0.010531999999999986
gan,116,exceed_frac_gt_t15,0.206224
gan,116,exceed_frac_sr_t15,0.211108
gan,116,exceed_frac_delta_t15,0.0048839999999999995
gan,116,exceed_frac_abs_delta_t15,0.0048839999999999995
gan,116,exceed_frac_gt_p90,0.1
gan,116,exceed_frac_sr_p90,0.101416
gan,116,exceed_frac_delta_p90,0.0014160000000000006
gan,116,exceed_frac_abs_delta_p90,0.0014160000000000006
gan,116,exceed_frac_gt_p95,0.05
gan,116,exceed_frac_sr_p95,0.05044
gan,116,exceed_frac_delta_p95,0.00043999999999999595
gan,116,exceed_frac_abs_delta_p95,0.00043999999999999595
gan,116,exceed_frac_gt_p99,0.01
gan,116,exceed_frac_sr_p99,0.008756
gan,116,exceed_frac_delta_p99,-0.0012440000000000003
gan,116,exceed_frac_abs_delta_p99,0.0012440000000000003
gan,116,pd_distance,17.129081493158413
gan,116,mt_distance,7.636551856994629
gan,116,ssim,0.5072475749404373
gan,117,psnr,28.504300119239808
gan,117,wpd_bias,24.527381038020767
gan,117,wpd_mae,288.7618451853437
gan,117,wpd_rmse,474.94341623248937
gan,117,wpd_w1,30.75819053167577
gan,117,psd_log_l2,0.8584301038120624
gan,117,psd_slope_gt,2.6822441095304903
gan,117,psd_slope_sr,0.7928010356354975
gan,117,psd_slope_delta,-1.8894430738949928
gan,117,psd_slope_abs_delta,1.8894430738949928
gan,117,grad_mae,0.35666330072337205
gan,117,grad_w1,0.05570802830102748
gan,117,grad_kurtosis_gt,15.662541793566826
gan,117,grad_kurtosis_sr,18.376110961761096
gan,117,grad_kurtosis_delta,2.7135691681942706
gan,117,grad_kurtosis_abs_delta,2.7135691681942706
gan,117,exceed_frac_gt_t5,0.932936
gan,117,exceed_frac_sr_t5,0.941496
gan,117,exceed_frac_delta_t5,0.008560000000000012
gan,117,exceed_frac_abs_delta_t5,0.008560000000000012
gan,117,exceed_frac_gt_t10,0.481824
gan,117,exceed_frac_sr_t10,0.493276
gan,117,exceed_frac_delta_t10,0.011452000000000018
gan,117,exceed_frac_abs_delta_t10,0.011452000000000018
gan,117,exceed_frac_gt_t15,0.198556
gan,117,exceed_frac_sr_t15,0.203616
gan,117,exceed_frac_delta_t15,0.005059999999999981
gan,117,exceed_frac_abs_delta_t15,0.005059999999999981
gan,117,exceed_frac_gt_p90,0.1
gan,117,exceed_frac_sr_p90,0.10016
gan,117,exceed_frac_delta_p90,0.00015999999999999348
gan,117,exceed_frac_abs_delta_p90,0.00015999999999999348
gan,117,exceed_frac_gt_p95,0.05
gan,117,exceed_frac_sr_p95,0.04974
gan,117,exceed_frac_delta_p95,-0.0002600000000000033
gan,117,exceed_frac_abs_delta_p95,0.0002600000000000033
gan,117,exceed_frac_gt_p99,0.01
gan,117,exceed_frac_sr_p99,0.007712
gan,117,exceed_frac_delta_p99,-0.002288
gan,117,exceed_frac_abs_delta_p99,0.002288
gan,117,pd_distance,18.592743212240446
gan,117,mt_distance,8.683184623718262
gan,117,ssim,0.5130151014790715
gan,118,psnr,28.719502505656703
gan,118,wpd_bias,19.872490720982775
gan,118,wpd_mae,296.55199530266344
gan,118,wpd_rmse,483.0505967065199
gan,118,wpd_w1,24.26401848954278
gan,118,psd_log_l2,0.8064705343241441
gan,118,psd_slope_gt,2.4028776905713585
gan,118,psd_slope_sr,0.7028166686469245
gan,118,psd_slope_delta,-1.700061021924434
gan,118,psd_slope_abs_delta,1.700061021924434
gan,118,grad_mae,0.36480661665089376
gan,118,grad_w1,0.06845863521867789
gan,118,grad_kurtosis_gt,15.276077226999792
gan,118,grad_kurtosis_sr,15.964274149155951
gan,118,grad_kurtosis_delta,0.688196922156159
gan,118,grad_kurtosis_abs_delta,0.688196922156159
gan,118,exceed_frac_gt_t5,0.92256
gan,118,exceed_frac_sr_t5,0.932432
gan,118,exceed_frac_delta_t5,0.009871999999999992
gan,118,exceed_frac_abs_delta_t5,0.009871999999999992
gan,118,exceed_frac_gt_t10,0.5093
gan,118,exceed_frac_sr_t10,0.516172
gan,118,exceed_frac_delta_t10,0.006871999999999989
gan,118,exceed_frac_abs_delta_t10,0.006871999999999989
gan,118,exceed_frac_gt_t15,0.182984
gan,118,exceed_frac_sr_t15,0.188712
gan,118,exceed_frac_delta_t15,0.005727999999999983
gan,118,exceed_frac_abs_delta_t15,0.005727999999999983
gan,118,exceed_frac_gt_p90,0.1
gan,118,exceed_frac_sr_p90,0.10086
gan,118,exceed_frac_delta_p90,0.0008599999999999997
gan,118,exceed_frac_abs_delta_p90,0.0008599999999999997
gan,118,exceed_frac_gt_p95,0.05
gan,118,exceed_frac_sr_p95,0.048224
gan,118,exceed_frac_delta_p95,-0.0017759999999999998
gan,118,exceed_frac_abs_delta_p95,0.0017759999999999998
gan,118,exceed_frac_gt_p99,0.01
gan,118,exceed_frac_sr_p99,0.010056
gan,118,exceed_frac_delta_p99,5.6000000000000494e-05
gan,118,exceed_frac_abs_delta_p99,5.6000000000000494e-05
gan,118,pd_distance,19.893975298384717
gan,118,mt_distance,9.465571403503418
gan,118,ssim,0.48005437598097356
gan,119,psnr,28.64859349736028
gan,119,wpd_bias,16.12848448841139
gan,119,wpd_mae,299.58532429477646
gan,119,wpd_rmse,477.8904833391336
gan,119,wpd_w1,28.494180003941736
gan,119,psd_log_l2,0.7401698403244761
gan,119,psd_slope_gt,2.138772799619028
gan,119,psd_slope_sr,0.6692927726410526
gan,119,psd_slope_delta,-1.4694800269779758
gan,119,psd_slope_abs_delta,1.4694800269779758
gan,119,grad_mae,0.36235774053472064
gan,119,grad_w1,0.07260206039163997
gan,119,grad_kurtosis_gt,14.040633301305743
gan,119,grad_kurtosis_sr,14.703624951045935
gan,119,grad_kurtosis_delta,0.6629916497401922
gan,119,grad_kurtosis_abs_delta,0.6629916497401922
gan,119,exceed_frac_gt_t5,0.913044
gan,119,exceed_frac_sr_t5,0.920716
gan,119,exceed_frac_delta_t5,0.007672000000000012
gan,119,exceed_frac_abs_delta_t5,0.007672000000000012
gan,119,exceed_frac_gt_t10,0.55378
gan,119,exceed_frac_sr_t10,0.560908
gan,119,exceed_frac_delta_t10,0.007127999999999912
gan,119,exceed_frac_abs_delta_t10,0.007127999999999912
gan,119,exceed_frac_gt_t15,0.185688
gan,119,exceed_frac_sr_t15,0.189916
gan,119,exceed_frac_delta_t15,0.0042280000000000095
gan,119,exceed_frac_abs_delta_t15,0.0042280000000000095
gan,119,exceed_frac_gt_p90,0.1
gan,119,exceed_frac_sr_p90,0.098268
gan,119,exceed_frac_delta_p90,-0.0017320000000000113
gan,119,exceed_frac_abs_delta_p90,0.0017320000000000113
gan,119,exceed_frac_gt_p95,0.05
gan,119,exceed_frac_sr_p95,0.050664
gan,119,exceed_frac_delta_p95,0.0006639999999999979
gan,119,exceed_frac_abs_delta_p95,0.0006639999999999979
gan,119,exceed_frac_gt_p99,0.01
gan,119,exceed_frac_sr_p99,0.007804
gan,119,exceed_frac_delta_p99,-0.002196
gan,119,exceed_frac_abs_delta_p99,0.002196
gan,119,pd_distance,20.557132674744736
gan,119,mt_distance,6.129123687744141
gan,119,ssim,0.47007327830598333
gan,120,psnr,28.056405626868955
gan,120,wpd_bias,19.807033913207672
gan,120,wpd_mae,309.5303614677645
gan,120,wpd_rmse,499.6170709921167
gan,120,wpd_w1,30.558182451155204
gan,120,psd_log_l2,0.6594494495861232
gan,120,psd_slope_gt,1.8271397891062162
gan,120,psd_slope_sr,0.5826462657622924
gan,120,psd_slope_delta,-1.2444935233439238
gan,120,psd_slope_abs_delta,1.2444935233439238
gan,120,grad_mae,0.36960340035765415
gan,120,grad_w1,0.07494999909427055
gan,120,grad_kurtosis_gt,15.608537130845948
gan,120,grad_kurtosis_sr,15.947597872835889
gan,120,grad_kurtosis_delta,0.3390607419899414
gan,120,grad_kurtosis_abs_delta,0.3390607419899414
gan,120,exceed_frac_gt_t5,0.909956
gan,120,exceed_frac_sr_t5,0.916056
gan,120,exceed_frac_delta_t5,0.006099999999999994
gan,120,exceed_frac_abs_delta_t5,0.006099999999999994
gan,120,exceed_frac_gt_t10,0.596408
gan,120,exceed_frac_sr_t10,0.603152
gan,120,exceed_frac_delta_t10,0.006743999999999972
gan,120,exceed_frac_abs_delta_t10,0.006743999999999972
gan,120,exceed_frac_gt_t15,0.187684
gan,120,exceed_frac_sr_t15,0.193708
gan,120,exceed_frac_delta_t15,0.006024000000000002
gan,120,exceed_frac_abs_delta_t15,0.006024000000000002
gan,120,exceed_frac_gt_p90,0.1
gan,120,exceed_frac_sr_p90,0.100856
gan,120,exceed_frac_delta_p90,0.0008559999999999957
gan,120,exceed_frac_abs_delta_p90,0.0008559999999999957
gan,120,exceed_frac_gt_p95,0.05
gan,120,exceed_frac_sr_p95,0.049124
gan,120,exceed_frac_delta_p95,-0.0008760000000000018
gan,120,exceed_frac_abs_delta_p95,0.0008760000000000018
gan,120,exceed_frac_gt_p99,0.01
gan,120,exceed_frac_sr_p99,0.00668
gan,120,exceed_frac_delta_p99,-0.00332
gan,120,exceed_frac_abs_delta_p99,0.00332
gan,120,pd_distance,21.528863701574615
gan,120,mt_distance,7.93386173248291
gan,120,ssim,0.44522944478335996
gan,121,psnr,27.44935036722008
gan,121,wpd_bias,20.461402933568795
gan,121,wpd_mae,309.52539122777034
gan,121,wpd_rmse,492.4645904434149
gan,121,wpd_w1,27.97613112647773
gan,121,psd_log_l2,0.5670621558344338
gan,121,psd_slope_gt,1.5422565884057362
gan,121,psd_slope_sr,0.5503513507597021
gan,121,psd_slope_delta,-0.9919052376460341
gan,121,psd_slope_abs_delta,0.9919052376460341
gan,121,grad_mae,0.3601832970127603
gan,121,grad_w1,0.07581278053528066
gan,121,grad_kurtosis_gt,13.494882949295075
gan,121,grad_kurtosis_sr,14.169634413731618
gan,121,grad_kurtosis_delta,0.6747514644365431
gan,121,grad_kurtosis_abs_delta,0.6747514644365431
gan,121,exceed_frac_gt_t5,0.911144
gan,121,exceed_frac_sr_t5,0.915876
gan,121,exceed_frac_delta_t5,0.0047320000000000695
gan,121,exceed_frac_abs_delta_t5,0.0047320000000000695
gan,121,exceed_frac_gt_t10,0.619796
gan,121,exceed_frac_sr_t10,0.630832
gan,121,exceed_frac_delta_t10,0.011035999999999935
gan,121,exceed_frac_abs_delta_t10,0.011035999999999935
gan,121,exceed_frac_gt_t15,0.189976
gan,121,exceed_frac_sr_t15,0.192568
gan,121,exceed_frac_delta_t15,0.002591999999999983
gan,121,exceed_frac_abs_delta_t15,0.002591999999999983
gan,121,exceed_frac_gt_p90,0.1
gan,121,exceed_frac_sr_p90,0.1002
gan,121,exceed_frac_delta_p90,0.00019999999999999185
gan,121,exceed_frac_abs_delta_p90,0.00019999999999999185
gan,121,exceed_frac_gt_p95,0.05
gan,121,exceed_frac_sr_p95,0.0497
gan,121,exceed_frac_delta_p95,-0.00030000000000000165
gan,121,exceed_frac_abs_delta_p95,0.00030000000000000165
gan,121,exceed_frac_gt_p99,0.01
gan,121,exceed_frac_sr_p99,0.007608
gan,121,exceed_frac_delta_p99,-0.002392
gan,121,exceed_frac_abs_delta_p99,0.002392
gan,121,pd_distance,21.37188887795256
gan,121,mt_distance,7.535200595855713
gan,121,ssim,0.43548105809582743
gan,122,psnr,27.586252496259064
gan,122,wpd_bias,23.85870911730003
gan,122,wpd_mae,320.07828418458104
gan,122,wpd_rmse,496.9292382188164
gan,122,wpd_w1,35.471443722027146
gan,122,psd_log_l2,0.5395786682530351
gan,122,psd_slope_gt,1.447192335273558
gan,122,psd_slope_sr,0.4706014790474985
gan,122,psd_slope_delta,-0.9765908562260596
gan,122,psd_slope_abs_delta,0.9765908562260596
gan,122,grad_mae,0.3616638867439435
gan,122,grad_w1,0.07944299227274017
gan,122,grad_kurtosis_gt,13.13327209479545
gan,122,grad_kurtosis_sr,13.16517192531888
gan,122,grad_kurtosis_delta,0.031899830523430595
gan,122,grad_kurtosis_abs_delta,0.031899830523430595
gan,122,exceed_frac_gt_t5,0.91018
gan,122,exceed_frac_sr_t5,0.916128
gan,122,exceed_frac_delta_t5,0.005948000000000064
gan,122,exceed_frac_abs_delta_t5,0.005948000000000064
gan,122,exceed_frac_gt_t10,0.639764
gan,122,exceed_frac_sr_t10,0.655772
gan,122,exceed_frac_delta_t10,0.016008000000000022
gan,122,exceed_frac_abs_delta_t10,0.016008000000000022
gan,122,exceed_frac_gt_t15,0.20568
gan,122,exceed_frac_sr_t15,0.210692
gan,122,exceed_frac_delta_t15,0.005011999999999989
gan,122,exceed_frac_abs_delta_t15,0.005011999999999989
gan,122,exceed_frac_gt_p90,0.1
gan,122,exceed_frac_sr_p90,0.101728
gan,122,exceed_frac_delta_p90,0.0017279999999999934
gan,122,exceed_frac_abs_delta_p90,0.0017279999999999934
gan,122,exceed_frac_gt_p95,0.05
gan,122,exceed_frac_sr_p95,0.049092
gan,122,exceed_frac_delta_p95,-0.000908000000000006
gan,122,exceed_frac_abs_delta_p95,0.000908000000000006
gan,122,exceed_frac_gt_p99,0.01
gan,122,exceed_frac_sr_p99,0.006468
gan,122,exceed_frac_delta_p99,-0.0035320000000000004
gan,122,exceed_frac_abs_delta_p99,0.0035320000000000004
gan,122,pd_distance,22.491589595860475
gan,122,mt_distance,7.450175762176514
gan,122,ssim,0.44019118985330985
gan,123,psnr,27.812429271433984
gan,123,wpd_bias,39.75336415634892
gan,123,wpd_mae,332.16689209876336
gan,123,wpd_rmse,524.4354980143601
gan,123,wpd_w1,45.128398156158916
gan,123,psd_log_l2,0.5370265974915097
gan,123,psd_slope_gt,1.3276385751160749
gan,123,psd_slope_sr,0.45023282526538094
gan,123,psd_slope_delta,-0.877405749850694
gan,123,psd_slope_abs_delta,0.877405749850694
gan,123,grad_mae,0.36488476094391226
gan,123,grad_w1,0.06389237374946853
gan,123,grad_kurtosis_gt,13.066719807886246
gan,123,grad_kurtosis_sr,14.34807520640691
gan,123,grad_kurtosis_delta,1.281355398520665
gan,123,grad_kurtosis_abs_delta,1.281355398520665
gan,123,exceed_frac_gt_t5,0.909328
gan,123,exceed_frac_sr_t5,0.914292
gan,123,exceed_frac_delta_t5,0.0049639999999999684
gan,123,exceed_frac_abs_delta_t5,0.0049639999999999684
gan,123,exceed_frac_gt_t10,0.665172
gan,123,exceed_frac_sr_t10,0.680364
gan,123,exceed_frac_delta_t10,0.015191999999999983
gan,123,exceed_frac_abs_delta_t10,0.015191999999999983
gan,123,exceed_frac_gt_t15,0.228052
gan,123,exceed_frac_sr_t15,0.236432
gan,123,exceed_frac_delta_t15,0.008379999999999999
gan,123,exceed_frac_abs_delta_t15,0.008379999999999999
gan,123,exceed_frac_gt_p90,0.1
gan,123,exceed_frac_sr_p90,0.101824
gan,123,exceed_frac_delta_p90,0.0018239999999999923
gan,123,exceed_frac_abs_delta_p90,0.0018239999999999923
gan,123,exceed_frac_gt_p95,0.05
gan,123,exceed_frac_sr_p95,0.046972
gan,123,exceed_frac_delta_p95,-0.003028000000000003
gan,123,exceed_frac_abs_delta_p95,0.003028000000000003
gan,123,exceed_frac_gt_p99,0.01
gan,123,exceed_frac_sr_p99,0.009744
gan,123,exceed_frac_delta_p99,-0.000256000000000001
gan,123,exceed_frac_abs_delta_p99,0.000256000000000001
gan,123,pd_distance,22.17220391892049
gan,123,mt_distance,8.431406021118164
gan,123,ssim,0.4327999866104032
gan,124,psnr,28.308030112839308
gan,124,wpd_bias,42.65509852464916
gan,124,wpd_mae,339.05467190353255
gan,124,wpd_rmse,525.4560810658708
gan,124,wpd_w1,46.83108214554476
gan,124,psd_log_l2,0.5106536567728026
gan,124,psd_slope_gt,1.2477450906372733
gan,124,psd_slope_sr,0.4511906813801961
gan,124,psd_slope_delta,-0.7965544092570773
gan,124,psd_slope_abs_delta,0.7965544092570773
gan,124,grad_mae,0.35921450434048496
gan,124,grad_w1,0.06567343308801447
gan,124,grad_kurtosis_gt,13.409004349790742
gan,124,grad_kurtosis_sr,15.402557532678813
gan,124,grad_kurtosis_delta,1.9935531828880713
gan,124,grad_kurtosis_abs_delta,1.9935531828880713
gan,124,exceed_frac_gt_t5,0.907868
gan,124,exceed_frac_sr_t5,0.911748
gan,124,exceed_frac_delta_t5,0.0038799999999999946
gan,124,exceed_frac_abs_delta_t5,0.0038799999999999946
gan,124,exceed_frac_gt_t10,0.680916
gan,124,exceed_frac_sr_t10,0.698996
gan,124,exceed_frac_delta_t10,0.018079999999999985
gan,124,exceed_frac_abs_delta_t10,0.018079999999999985
gan,124,exceed_frac_gt_t15,0.248032
gan,124,exceed_frac_sr_t15,0.255176
gan,124,exceed_frac_delta_t15,0.0071440000000000115
gan,124,exceed_frac_abs_delta_t15,0.0071440000000000115
gan,124,exceed_frac_gt_p90,0.1
gan,124,exceed_frac_sr_p90,0.10094
gan,124,exceed_frac_delta_p90,0.0009399999999999964
gan,124,exceed_frac_abs_delta_p90,0.0009399999999999964
gan,124,exceed_frac_gt_p95,0.05
gan,124,exceed_frac_sr_p95,0.052128
gan,124,exceed_frac_delta_p95,0.002127999999999998
gan,124,exceed_frac_abs_delta_p95,0.002127999999999998
gan,124,exceed_frac_gt_p99,0.01
gan,124,exceed_frac_sr_p99,0.007568
gan,124,exceed_frac_delta_p99,-0.002432
gan,124,exceed_frac_abs_delta_p99,0.002432
gan,124,pd_distance,22.119830159019614
gan,124,mt_distance,6.818744659423828
gan,124,ssim,0.4141976123281667
gan,125,psnr,27.87041943199918
gan,125,wpd_bias,58.62918417299251
gan,125,wpd_mae,361.167201926883
gan,125,wpd_rmse,567.0601380015918
gan,125,wpd_w1,63.09165075854195
gan,125,psd_log_l2,0.569253949972932
gan,125,psd_slope_gt,1.3292063391943603
gan,125,psd_slope_sr,0.4773757732040198
gan,125,psd_slope_delta,-0.8518305659903405
gan,125,psd_slope_abs_delta,0.8518305659903405
gan,125,grad_mae,0.36291134641997935
gan,125,grad_w1,0.05362091631982398
gan,125,grad_kurtosis_gt,13.957858602880808
gan,125,grad_kurtosis_sr,17.82080041390983
gan,125,grad_kurtosis_delta,3.862941811029021
gan,125,grad_kurtosis_abs_delta,3.862941811029021
gan,125,exceed_frac_gt_t5,0.911408
gan,125,exceed_frac_sr_t5,0.91478
gan,125,exceed_frac_delta_t5,0.0033720000000000416
gan,125,exceed_frac_abs_delta_t5,0.0033720000000000416
gan,125,exceed_frac_gt_t10,0.690376
gan,125,exceed_frac_sr_t10,0.715652
gan,125,exceed_frac_delta_t10,0.025275999999999965
gan,125,exceed_frac_abs_delta_t10,0.025275999999999965
gan,125,exceed_frac_gt_t15,0.268312
gan,125,exceed_frac_sr_t15,0.276264
gan,125,exceed_frac_delta_t15,0.007952000000000015
gan,125,exceed_frac_abs_delta_t15,0.007952000000000015
gan,125,exceed_frac_gt_p90,0.1
gan,125,exceed_frac_sr_p90,0.107492
gan,125,exceed_frac_delta_p90,0.007491999999999999
gan,125,exceed_frac_abs_delta_p90,0.007491999999999999
gan,125,exceed_frac_gt_p95,0.05
gan,125,exceed_frac_sr_p95,0.051172
gan,125,exceed_frac_delta_p95,0.0011719999999999994
gan,125,exceed_frac_abs_delta_p95,0.0011719999999999994
gan,125,exceed_frac_gt_p99,0.01
gan,125,exceed_frac_sr_p99,0.00842
gan,125,exceed_frac_delta_p99,-0.0015799999999999998
gan,125,exceed_frac_abs_delta_p99,0.0015799999999999998
gan,125,pd_distance,21.313574573250694
gan,125,mt_distance,10.086677551269531
gan,125,ssim,0.42166056631989424
gan,126,psnr,28.412491113891896
gan,126,wpd_bias,58.63032660128718
gan,126,wpd_mae,375.9306804186566
gan,126,wpd_rmse,595.504660506199
gan,126,wpd_w1,70.5457451344378
gan,126,psd_log_l2,0.6459511295817607
gan,126,psd_slope_gt,1.6033758786833776
gan,126,psd_slope_sr,0.550426850126233
gan,126,psd_slope_delta,-1.0529490285571446
gan,126,psd_slope_abs_delta,1.0529490285571446
gan,126,grad_mae,0.3636141143667641
gan,126,grad_w1,0.051591338555431604
gan,126,grad_kurtosis_gt,13.248735770585899
gan,126,grad_kurtosis_sr,21.67070559249317
gan,126,grad_kurtosis_delta,8.421969821907272
gan,126,grad_kurtosis_abs_delta,8.421969821907272
gan,126,exceed_frac_gt_t5,0.916108
gan,126,exceed_frac_sr_t5,0.91974
gan,126,exceed_frac_delta_t5,0.0036319999999999686
gan,126,exceed_frac_abs_delta_t5,0.0036319999999999686
gan,126,exceed_frac_gt_t10,0.695312
gan,126,exceed_frac_sr_t10,0.719076
gan,126,exceed_frac_delta_t10,0.023764000000000007
gan,126,exceed_frac_abs_delta_t10,0.023764000000000007
gan,126,exceed_frac_gt_t15,0.279492
gan,126,exceed_frac_sr_t15,0.28514
gan,126,exceed_frac_delta_t15,0.005647999999999986
gan,126,exceed_frac_abs_delta_t15,0.005647999999999986
gan,126,exceed_frac_gt_p90,0.1
gan,126,exceed_frac_sr_p90,0.10806
gan,126,exceed_frac_delta_p90,0.008059999999999998
gan,126,exceed_frac_abs_delta_p90,0.008059999999999998
gan,126,exceed_frac_gt_p95,0.05
gan,126,exceed_frac_sr_p95,0.04676
gan,126,exceed_frac_delta_p95,-0.00324
gan,126,exceed_frac_abs_delta_p95,0.00324
gan,126,exceed_frac_gt_p99,0.01
gan,126,exceed_frac_sr_p99,0.006724
gan,126,exceed_frac_delta_p99,-0.0032760000000000003
gan,126,exceed_frac_abs_delta_p99,0.0032760000000000003
gan,126,pd_distance,22.88972837862729
gan,126,mt_distance,8.052214622497559
gan,126,ssim,0.439279977020164
gan,127,psnr,28.399327082066755
gan,127,wpd_bias,64.67332955002082
gan,127,wpd_mae,391.4042278112841
gan,127,wpd_rmse,635.8605204367065
gan,127,wpd_w1,68.9965731045971
gan,127,psd_log_l2,0.6255431090106381
gan,127,psd_slope_gt,1.6475694843330406
gan,127,psd_slope_sr,0.4950186649700418
gan,127,psd_slope_delta,-1.1525508193629987
gan,127,psd_slope_abs_delta,1.1525508193629987
gan,127,grad_mae,0.3642248416042237
gan,127,grad_w1,0.054113165396665705
gan,127,grad_kurtosis_gt,13.904757442146803
gan,127,grad_kurtosis_sr,25.285511813371635
gan,127,grad_kurtosis_delta,11.380754371224832
gan,127,grad_kurtosis_abs_delta,11.380754371224832
gan,127,exceed_frac_gt_t5,0.92212
gan,127,exceed_frac_sr_t5,0.925696
gan,127,exceed_frac_delta_t5,0.0035759999999999126
gan,127,exceed_frac_abs_delta_t5,0.0035759999999999126
gan,127,exceed_frac_gt_t10,0.709052
gan,127,exceed_frac_sr_t10,0.732092
gan,127,exceed_frac_delta_t10,0.02303999999999995
gan,127,exceed_frac_abs_delta_t10,0.02303999999999995
gan,127,exceed_frac_gt_t15,0.28874
gan,127,exceed_frac_sr_t15,0.29372
gan,127,exceed_frac_delta_t15,0.0049799999999999844
gan,127,exceed_frac_abs_delta_t15,0.0049799999999999844
gan,127,exceed_frac_gt_p90,0.1
gan,127,exceed_frac_sr_p90,0.105876
gan,127,exceed_frac_delta_p90,0.005875999999999992
gan,127,exceed_frac_abs_delta_p90,0.005875999999999992
gan,127,exceed_frac_gt_p95,0.05
gan,127,exceed_frac_sr_p95,0.053396
gan,127,exceed_frac_delta_p95,0.0033959999999999962
gan,127,exceed_frac_abs_delta_p95,0.0033959999999999962
gan,127,exceed_frac_gt_p99,0.01
gan,127,exceed_frac_sr_p99,0.008328
gan,127,exceed_frac_delta_p99,-0.0016719999999999999
gan,127,exceed_frac_abs_delta_p99,0.0016719999999999999
gan,127,pd_distance,24.85609607980766
gan,127,mt_distance,13.074076652526855
gan,127,ssim,0.4280666334304443
gan,128,psnr,28.45865624852988
gan,128,wpd_bias,87.54693048818008
gan,128,wpd_mae,430.0397357541325
gan,128,wpd_rmse,725.6786768536249
gan,128,wpd_w1,87.83884506993179
gan,128,psd_log_l2,0.5776115527625175
gan,128,psd_slope_gt,1.579192161167967
gan,128,psd_slope_sr,0.5658532266520689
gan,128,psd_slope_delta,-1.013338934515898
gan,128,psd_slope_abs_delta,1.013338934515898
gan,128,grad_mae,0.3783803589027241
gan,128,grad_w1,0.052974235268961244
gan,128,grad_kurtosis_gt,14.744639324330674
gan,128,grad_kurtosis_sr,24.431220865418663
gan,128,grad_kurtosis_delta,9.686581541087989
gan,128,grad_kurtosis_abs_delta,9.686581541087989
gan,128,exceed_frac_gt_t5,0.927604
gan,128,exceed_frac_sr_t5,0.931368
gan,128,exceed_frac_delta_t5,0.0037639999999999896
gan,128,exceed_frac_abs_delta_t5,0.0037639999999999896
gan,128,exceed_frac_gt_t10,0.723528
gan,128,exceed_frac_sr_t10,0.748184
gan,128,exceed_frac_delta_t10,0.02465600000000001
gan,128,exceed_frac_abs_delta_t10,0.02465600000000001
gan,128,exceed_frac_gt_t15,0.298964
gan,128,exceed_frac_sr_t15,0.310656
gan,128,exceed_frac_delta_t15,0.01169199999999998
gan,128,exceed_frac_abs_delta_t15,0.01169199999999998
gan,128,exceed_frac_gt_p90,0.1
gan,128,exceed_frac_sr_p90,0.1057
gan,128,exceed_frac_delta_p90,0.005699999999999997
gan,128,exceed_frac_abs_delta_p90,0.005699999999999997
gan,128,exceed_frac_gt_p95,0.05
gan,128,exceed_frac_sr_p95,0.056456
gan,128,exceed_frac_delta_p95,0.0064559999999999965
gan,128,exceed_frac_abs_delta_p95,0.0064559999999999965
gan,128,exceed_frac_gt_p99,0.01
gan,128,exceed_frac_sr_p99,0.01068
gan,128,exceed_frac_delta_p99,0.00068
gan,128,exceed_frac_abs_delta_p99,0.00068
gan,128,pd_distance,23.315252316365218
gan,128,mt_distance,7.28298807144165
gan,128,ssim,0.4483527536282987
gan,129,psnr,29.102357899794782
gan,129,wpd_bias,98.28522919256045
gan,129,wpd_mae,448.4550497570224
gan,129,wpd_rmse,776.4009661413781
gan,129,wpd_w1,99.7496926378283
gan,129,psd_log_l2,0.5343006889048177
gan,129,psd_slope_gt,1.6313119454018394
gan,129,psd_slope_sr,0.5608959458670228
gan,129,psd_slope_delta,-1.0704159995348166
gan,129,psd_slope_abs_delta,1.0704159995348166
gan,129,grad_mae,0.3865510115520746
gan,129,grad_w1,0.04480431074331965
gan,129,grad_kurtosis_gt,16.416720851100305
gan,129,grad_kurtosis_sr,24.63318008057566
gan,129,grad_kurtosis_delta,8.216459229475355
gan,129,grad_kurtosis_abs_delta,8.216459229475355
gan,129,exceed_frac_gt_t5,0.929564
gan,129,exceed_frac_sr_t5,0.934708
gan,129,exceed_frac_delta_t5,0.005144000000000037
gan,129,exceed_frac_abs_delta_t5,0.005144000000000037
gan,129,exceed_frac_gt_t10,0.725064
gan,129,exceed_frac_sr_t10,0.748804
gan,129,exceed_frac_delta_t10,0.023739999999999983
gan,129,exceed_frac_abs_delta_t10,0.023739999999999983
gan,129,exceed_frac_gt_t15,0.318756
gan,129,exceed_frac_sr_t15,0.328956
gan,129,exceed_frac_delta_t15,0.010200000000000042
gan,129,exceed_frac_abs_delta_t15,0.010200000000000042
gan,129,exceed_frac_gt_p90,0.1
gan,129,exceed_frac_sr_p90,0.107932
gan,129,exceed_frac_delta_p90,0.007931999999999995
gan,129,exceed_frac_abs_delta_p90,0.007931999999999995
gan,129,exceed_frac_gt_p95,0.05
gan,129,exceed_frac_sr_p95,0.056768
gan,129,exceed_frac_delta_p95,0.006767999999999996
gan,129,exceed_frac_abs_delta_p95,0.006767999999999996
gan,129,exceed_frac_gt_p99,0.01
gan,129,exceed_frac_sr_p99,0.009904
gan,129,exceed_frac_delta_p99,-9.60000000000006e-05
gan,129,exceed_frac_abs_delta_p99,9.60000000000006e-05
gan,129,pd_distance,24.209883048645104
gan,129,mt_distance,9.33877944946289
gan,129,ssim,0.4721134048148697
gan,130,psnr,29.28961548010907
gan,130,wpd_bias,112.74241868166419
gan,130,wpd_mae,481.3159311336986
gan,130,wpd_rmse,886.1835670678566
gan,130,wpd_w1,112.80385281402701
gan,130,psd_log_l2,0.5516172466242166
gan,130,psd_slope_gt,1.7140338738221137
gan,130,psd_slope_sr,0.6234813778629377
gan,130,psd_slope_delta,-1.0905524959591761
gan,130,psd_slope_abs_delta,1.0905524959591761
gan,130,grad_mae,0.40612545092541985
gan,130,grad_w1,0.04867010912853532
gan,130,grad_kurtosis_gt,18.096669871327904
gan,130,grad_kurtosis_sr,30.278518418259857
gan,130,grad_kurtosis_delta,12.181848546931953
gan,130,grad_kurtosis_abs_delta,12.181848546931953
gan,130,exceed_frac_gt_t5,0.936988
gan,130,exceed_frac_sr_t5,0.939612
gan,130,exceed_frac_delta_t5,0.0026239999999999597
gan,130,exceed_frac_abs_delta_t5,0.0026239999999999597
gan,130,exceed_frac_gt_t10,0.725716
gan,130,exceed_frac_sr_t10,0.755624
gan,130,exceed_frac_delta_t10,0.029907999999999935
gan,130,exceed_frac_abs_delta_t10,0.029907999999999935
gan,130,exceed_frac_gt_t15,0.3301
gan,130,exceed_frac_sr_t15,0.34052
gan,130,exceed_frac_delta_t15,0.010419999999999985
gan,130,exceed_frac_abs_delta_t15,0.010419999999999985
gan,130,exceed_frac_gt_p90,0.1
gan,130,exceed_frac_sr_p90,0.113604
gan,130,exceed_frac_delta_p90,0.013603999999999991
gan,130,exceed_frac_abs_delta_p90,0.013603999999999991
gan,130,exceed_frac_gt_p95,0.05
gan,130,exceed_frac_sr_p95,0.057164
gan,130,exceed_frac_delta_p95,0.007163999999999997
gan,130,exceed_frac_abs_delta_p95,0.007163999999999997
gan,130,exceed_frac_gt_p99,0.01
gan,130,exceed_frac_sr_p99,0.011844
gan,130,exceed_frac_delta_p99,0.0018440000000000002
gan,130,exceed_frac_abs_delta_p99,0.0018440000000000002
gan,130,pd_distance,23.783031491875988
gan,130,mt_distance,11.313863754272461
gan,130,ssim,0.5019719660646405
gan,131,psnr,29.47617395331682
gan,131,wpd_bias,126.19129082807227
gan,131,wpd_mae,503.46271390344896
gan,131,wpd_rmse,916.2333511878167
gan,131,wpd_w1,126.19131216309836
gan,131,psd_log_l2,0.5231116919626858
gan,131,psd_slope_gt,1.818778592068076
gan,131,psd_slope_sr,0.6383455950128839
gan,131,psd_slope_delta,-1.180432997055192
gan,131,psd_slope_abs_delta,1.180432997055192
gan,131,grad_mae,0.42096771850022685
gan,131,grad_w1,0.04500116950724971
gan,131,grad_kurtosis_gt,19.348825623571486
gan,131,grad_kurtosis_sr,29.783729398126034
gan,131,grad_kurtosis_delta,10.434903774554549
gan,131,grad_kurtosis_abs_delta,10.434903774554549
gan,131,exceed_frac_gt_t5,0.94712
gan,131,exceed_frac_sr_t5,0.951152
gan,131,exceed_frac_delta_t5,0.0040320000000000356
gan,131,exceed_frac_abs_delta_t5,0.0040320000000000356
gan,131,exceed_frac_gt_t10,0.731148
gan,131,exceed_frac_sr_t10,0.761284
gan,131,exceed_frac_delta_t10,0.03013599999999994
gan,131,exceed_frac_abs_delta_t10,0.03013599999999994
gan,131,exceed_frac_gt_t15,0.33826
gan,131,exceed_frac_sr_t15,0.351564
gan,131,exceed_frac_delta_t15,0.013303999999999983
gan,131,exceed_frac_abs_delta_t15,0.013303999999999983
gan,131,exceed_frac_gt_p90,0.1
gan,131,exceed_frac_sr_p90,0.11274
gan,131,exceed_frac_delta_p90,0.012740000000000001
gan,131,exceed_frac_abs_delta_p90,0.012740000000000001
gan,131,exceed_frac_gt_p95,0.05
gan,131,exceed_frac_sr_p95,0.058464
gan,131,exceed_frac_delta_p95,0.008464
gan,131,exceed_frac_abs_delta_p95,0.008464
gan,131,exceed_frac_gt_p99,0.01
gan,131,exceed_frac_sr_p99,0.012556
gan,131,exceed_frac_delta_p99,0.0025559999999999992
gan,131,exceed_frac_abs_delta_p99,0.0025559999999999992
gan,131,pd_distance,25.23355611194131
gan,131,mt_distance,12.011610984802246
gan,131,ssim,0.5220472603960068
gan,132,psnr,29.448918913844622
gan,132,wpd_bias,132.08016627099124
gan,132,wpd_mae,533.1026071815501
gan,132,wpd_rmse,947.7806623153112
gan,132,wpd_w1,132.5463728738682
gan,132,psd_log_l2,0.497151765195824
gan,132,psd_slope_gt,1.8037943394664662
gan,132,psd_slope_sr,0.69426596125491
gan,132,psd_slope_delta,-1.1095283782115561
gan,132,psd_slope_abs_delta,1.1095283782115561
gan,132,grad_mae,0.44437149556881556
gan,132,grad_w1,0.042054724291014596
gan,132,grad_kurtosis_gt,19.93294606923691
gan,132,grad_kurtosis_sr,26.48748204718362
gan,132,grad_kurtosis_delta,6.55453597794671
gan,132,grad_kurtosis_abs_delta,6.55453597794671
gan,132,exceed_frac_gt_t5,0.955072
gan,132,exceed_frac_sr_t5,0.959108
gan,132,exceed_frac_delta_t5,0.0040359999999999285
gan,132,exceed_frac_abs_delta_t5,0.0040359999999999285
gan,132,exceed_frac_gt_t10,0.73138
gan,132,exceed_frac_sr_t10,0.76042
gan,132,exceed_frac_delta_t10,0.029039999999999955
gan,132,exceed_frac_abs_delta_t10,0.029039999999999955
gan,132,exceed_frac_gt_t15,0.347748
gan,132,exceed_frac_sr_t15,0.367448
gan,132,exceed_frac_delta_t15,0.019699999999999995
gan,132,exceed_frac_abs_delta_t15,0.019699999999999995
gan,132,exceed_frac_gt_p90,0.1
gan,132,exceed_frac_sr_p90,0.10974
gan,132,exceed_frac_delta_p90,0.009739999999999999
gan,132,exceed_frac_abs_delta_p90,0.009739999999999999
gan,132,exceed_frac_gt_p95,0.05
gan,132,exceed_frac_sr_p95,0.051804
gan,132,exceed_frac_delta_p95,0.001804
gan,132,exceed_frac_abs_delta_p95,0.001804
gan,132,exceed_frac_gt_p99,0.01
gan,132,exceed_frac_sr_p99,0.010692
gan,132,exceed_frac_delta_p99,0.0006919999999999999
gan,132,exceed_frac_abs_delta_p99,0.0006919999999999999
gan,132,pd_distance,25.90821112354989
gan,132,mt_distance,12.388164520263672
gan,132,ssim,0.507323688810697
gan,133,psnr,29.149916271310992
gan,133,wpd_bias,156.50566408517162
gan,133,wpd_mae,551.9817313169547
gan,133,wpd_rmse,1011.2021055546413
gan,133,wpd_w1,156.5352783055847
gan,133,psd_log_l2,0.5095963993172615
gan,133,psd_slope_gt,1.8212350564580608
gan,133,psd_slope_sr,0.8186561844922482
gan,133,psd_slope_delta,-1.0025788719658126
gan,133,psd_slope_abs_delta,1.0025788719658126
gan,133,grad_mae,0.45379519855970923
gan,133,grad_w1,0.03605154413068519
gan,133,grad_kurtosis_gt,20.52256534305453
gan,133,grad_kurtosis_sr,24.33604578778286
gan,133,grad_kurtosis_delta,3.813480444728331
gan,133,grad_kurtosis_abs_delta,3.813480444728331
gan,133,exceed_frac_gt_t5,0.966476
gan,133,exceed_frac_sr_t5,0.96796
gan,133,exceed_frac_delta_t5,0.0014840000000000408
gan,133,exceed_frac_abs_delta_t5,0.0014840000000000408
gan,133,exceed_frac_gt_t10,0.729336
gan,133,exceed_frac_sr_t10,0.763852
gan,133,exceed_frac_delta_t10,0.03451599999999999
gan,133,exceed_frac_abs_delta_t10,0.03451599999999999
gan,133,exceed_frac_gt_t15,0.363684
gan,133,exceed_frac_sr_t15,0.3845
gan,133,exceed_frac_delta_t15,0.020816
gan,133,exceed_frac_abs_delta_t15,0.020816
gan,133,exceed_frac_gt_p90,0.1
gan,133,exceed_frac_sr_p90,0.110364
gan,133,exceed_frac_delta_p90,0.010363999999999998
gan,133,exceed_frac_abs_delta_p90,0.010363999999999998
gan,133,exceed_frac_gt_p95,0.05
gan,133,exceed_frac_sr_p95,0.056572
gan,133,exceed_frac_delta_p95,0.0065719999999999945
gan,133,exceed_frac_abs_delta_p95,0.0065719999999999945
gan,133,exceed_frac_gt_p99,0.01
gan,133,exceed_frac_sr_p99,0.01132
gan,133,exceed_frac_delta_p99,0.00132
gan,133,exceed_frac_abs_delta_p99,0.00132
gan,133,pd_distance,25.596877045000497
gan,133,mt_distance,7.647167682647705
gan,133,ssim,0.5157508563784019
gan,134,psnr,29.027925707568023
gan,134,wpd_bias,183.55067036251668
gan,134,wpd_mae,566.0555058686222
gan,134,wpd_rmse,1094.9265044976464
gan,134,wpd_w1,183.6418129843473
gan,134,psd_log_l2,0.5244604266823335
gan,134,psd_slope_gt,1.7388810344583978
gan,134,psd_slope_sr,0.9101395314403671
gan,134,psd_slope_delta,-0.8287415030180307
gan,134,psd_slope_abs_delta,0.8287415030180307
gan,134,grad_mae,0.4446236052436215
gan,134,grad_w1,0.02970927748217353
gan,134,grad_kurtosis_gt,22.857589274237995
gan,134,grad_kurtosis_sr,27.50408321059629
gan,134,grad_kurtosis_delta,4.6464939363582936
gan,134,grad_kurtosis_abs_delta,4.6464939363582936
gan,134,exceed_frac_gt_t5,0.969428
gan,134,exceed_frac_sr_t5,0.971592
gan,134,exceed_frac_delta_t5,0.0021640000000000548
gan,134,exceed_frac_abs_delta_t5,0.0021640000000000548
gan,134,exceed_frac_gt_t10,0.702408
gan,134,exceed_frac_sr_t10,0.73852
gan,134,exceed_frac_delta_t10,0.03611199999999992
gan,134,exceed_frac_abs_delta_t10,0.03611199999999992
gan,134,exceed_frac_gt_t15,0.371744
gan,134,exceed_frac_sr_t15,0.397836
gan,134,exceed_frac_delta_t15,0.026092000000000004
gan,134,exceed_frac_abs_delta_t15,0.026092000000000004
gan,134,exceed_frac_gt_p90,0.1
gan,134,exceed_frac_sr_p90,0.115772
gan,134,exceed_frac_delta_p90,0.015771999999999994
gan,134,exceed_frac_abs_delta_p90,0.015771999999999994
gan,134,exceed_frac_gt_p95,0.05
gan,134,exceed_frac_sr_p95,0.05874
gan,134,exceed_frac_delta_p95,0.008739999999999998
gan,134,exceed_frac_abs_delta_p95,0.008739999999999998
gan,134,exceed_frac_gt_p99,0.01
gan,134,exceed_frac_sr_p99,0.010424
gan,134,exceed_frac_delta_p99,0.00042399999999999903
gan,134,exceed_frac_abs_delta_p99,0.00042399999999999903
gan,134,pd_distance,23.04058254540847
gan,134,mt_distance,13.276667594909668
gan,134,ssim,0.5342250149751496
gan,135,psnr,29.385561371382096
gan,135,wpd_bias,173.13293463438424
gan,135,wpd_mae,520.6697805662137
gan,135,wpd_rmse,995.4798471314888
gan,135,wpd_w1,173.26715193043634
gan,135,psd_log_l2,0.536045213492038
gan,135,psd_slope_gt,1.803240662182568
gan,135,psd_slope_sr,0.8520707363259172
gan,135,psd_slope_delta,-0.9511699258566508
gan,135,psd_slope_abs_delta,0.9511699258566508
gan,135,grad_mae,0.4130116049993031
gan,135,grad_w1,0.03203946640929544
gan,135,grad_kurtosis_gt,26.16763430024928
gan,135,grad_kurtosis_sr,32.40127350299814
gan,135,grad_kurtosis_delta,6.233639202748858
gan,135,grad_kurtosis_abs_delta,6.233639202748858
gan,135,exceed_frac_gt_t5,0.964336
gan,135,exceed_frac_sr_t5,0.96894
gan,135,exceed_frac_delta_t5,0.0046040000000000525
gan,135,exceed_frac_abs_delta_t5,0.0046040000000000525
gan,135,exceed_frac_gt_t10,0.681544
gan,135,exceed_frac_sr_t10,0.719808
gan,135,exceed_frac_delta_t10,0.038263999999999965
gan,135,exceed_frac_abs_delta_t10,0.038263999999999965
gan,135,exceed_frac_gt_t15,0.353852
gan,135,exceed_frac_sr_t15,0.378028
gan,135,exceed_frac_delta_t15,0.024175999999999975
gan,135,exceed_frac_abs_delta_t15,0.024175999999999975
gan,135,exceed_frac_gt_p90,0.1
gan,135,exceed_frac_sr_p90,0.111444
gan,135,exceed_frac_delta_p90,0.011443999999999996
gan,135,exceed_frac_abs_delta_p90,0.011443999999999996
gan,135,exceed_frac_gt_p95,0.05
gan,135,exceed_frac_sr_p95,0.056512
gan,135,exceed_frac_delta_p95,0.006511999999999997
gan,135,exceed_frac_abs_delta_p95,0.006511999999999997
gan,135,exceed_frac_gt_p99,0.01
gan,135,exceed_frac_sr_p99,0.011296
gan,135,exceed_frac_delta_p99,0.0012960000000000003
gan,135,exceed_frac_abs_delta_p99,0.0012960000000000003
gan,135,pd_distance,20.502693507156053
gan,135,mt_distance,11.993122100830078
gan,135,ssim,0.5414408149438579
gan,136,psnr,29.230918267086913
gan,136,wpd_bias,167.71912976054165
gan,136,wpd_mae,516.9843589790181
gan,136,wpd_rmse,917.032915387234
gan,136,wpd_w1,169.75014402849467
gan,136,psd_log_l2,0.5758165413167656
gan,136,psd_slope_gt,1.9224777246462654
gan,136,psd_slope_sr,0.8753289092221136
gan,136,psd_slope_delta,-1.0471488154241517
gan,136,psd_slope_abs_delta,1.0471488154241517
gan,136,grad_mae,0.38832897295556257
gan,136,grad_w1,0.03680568578194192
gan,136,grad_kurtosis_gt,21.964837659216478
gan,136,grad_kurtosis_sr,28.29533395895964
gan,136,grad_kurtosis_delta,6.330496299743164
gan,136,grad_kurtosis_abs_delta,6.330496299743164
gan,136,exceed_frac_gt_t5,0.972756
gan,136,exceed_frac_sr_t5,0.975056
gan,136,exceed_frac_delta_t5,0.0023000000000000798
gan,136,exceed_frac_abs_delta_t5,0.0023000000000000798
gan,136,exceed_frac_gt_t10,0.68944
gan,136,exceed_frac_sr_t10,0.72398
gan,136,exceed_frac_delta_t10,0.034539999999999904
gan,136,exceed_frac_abs_delta_t10,0.034539999999999904
gan,136,exceed_frac_gt_t15,0.34296
gan,136,exceed_frac_sr_t15,0.36714
gan,136,exceed_frac_delta_t15,0.024180000000000035
gan,136,exceed_frac_abs_delta_t15,0.024180000000000035
gan,136,exceed_frac_gt_p90,0.1
gan,136,exceed_frac_sr_p90,0.112176
gan,136,exceed_frac_delta_p90,0.012175999999999992
gan,136,exceed_frac_abs_delta_p90,0.012175999999999992
gan,136,exceed_frac_gt_p95,0.05
gan,136,exceed_frac_sr_p95,0.05762
gan,136,exceed_frac_delta_p95,0.007619999999999995
gan,136,exceed_frac_abs_delta_p95,0.007619999999999995
gan,136,exceed_frac_gt_p99,0.01
gan,136,exceed_frac_sr_p99,0.009348
gan,136,exceed_frac_delta_p99,-0.0006519999999999998
gan,136,exceed_frac_abs_delta_p99,0.0006519999999999998
gan,136,pd_distance,19.71188765946126
gan,136,mt_distance,6.450465202331543
gan,136,ssim,0.5366988380924294
gan,137,psnr,29.123454310496797
gan,137,wpd_bias,161.0336148327654
gan,137,wpd_mae,501.71823377397345
gan,137,wpd_rmse,868.7280107595013
gan,137,wpd_w1,161.24706163261382
gan,137,psd_log_l2,0.4885155048466029
gan,137,psd_slope_gt,1.752362174102532
gan,137,psd_slope_sr,0.8726258975114214
gan,137,psd_slope_delta,-0.8797362765911105
gan,137,psd_slope_abs_delta,0.8797362765911105
gan,137,grad_mae,0.3756329418897179
gan,137,grad_w1,0.05054055010752344
gan,137,grad_kurtosis_gt,18.5627115092084
gan,137,grad_kurtosis_sr,28.73665427724783
gan,137,grad_kurtosis_delta,10.173942768039431
gan,137,grad_kurtosis_abs_delta,10.173942768039431
gan,137,exceed_frac_gt_t5,0.984
gan,137,exceed_frac_sr_t5,0.985288
gan,137,exceed_frac_delta_t5,0.0012880000000000669
gan,137,exceed_frac_abs_delta_t5,0.0012880000000000669
gan,137,exceed_frac_gt_t10,0.6951
gan,137,exceed_frac_sr_t10,0.7333
gan,137,exceed_frac_delta_t10,0.0381999999999999
gan,137,exceed_frac_abs_delta_t10,0.0381999999999999
gan,137,exceed_frac_gt_t15,0.32348
gan,137,exceed_frac_sr_t15,0.34788
gan,137,exceed_frac_delta_t15,0.024400000000000033
gan,137,exceed_frac_abs_delta_t15,0.024400000000000033
gan,137,exceed_frac_gt_p90,0.1
gan,137,exceed_frac_sr_p90,0.10904
gan,137,exceed_frac_delta_p90,0.009039999999999992
gan,137,exceed_frac_abs_delta_p90,0.009039999999999992
gan,137,exceed_frac_gt_p95,0.05
gan,137,exceed_frac_sr_p95,0.052716
gan,137,exceed_frac_delta_p95,0.002715999999999996
gan,137,exceed_frac_abs_delta_p95,0.002715999999999996
gan,137,exceed_frac_gt_p99,0.01
gan,137,exceed_frac_sr_p99,0.01158
gan,137,exceed_frac_delta_p99,0.0015799999999999998
gan,137,exceed_frac_abs_delta_p99,0.0015799999999999998
gan,137,pd_distance,18.35521341147029
gan,137,mt_distance,9.66958236694336
gan,137,ssim,0.5077423311640489
gan,138,psnr,28.70658021157634
gan,138,wpd_bias,181.24853173627204
gan,138,wpd_mae,491.1376616660264
gan,138,wpd_rmse,856.4085005117408
gan,138,wpd_w1,183.4092255347589
gan,138,psd_log_l2,0.4629427278469856
gan,138,psd_slope_gt,1.7435568204462626
gan,138,psd_slope_sr,0.7972601408113793
gan,138,psd_slope_delta,-0.9462966796348833
gan,138,psd_slope_abs_delta,0.9462966796348833
gan,138,grad_mae,0.36633519498611083
gan,138,grad_w1,0.04672186460464209
gan,138,grad_kurtosis_gt,15.497296096336054
gan,138,grad_kurtosis_sr,29.51983621487572
gan,138,grad_kurtosis_delta,14.022540118539666
gan,138,grad_kurtosis_abs_delta,14.022540118539666
gan,138,exceed_frac_gt_t5,0.99004
gan,138,exceed_frac_sr_t5,0.989768
gan,138,exceed_frac_delta_t5,-0.00027200000000005
gan,138,exceed_frac_abs_delta_t5,0.00027200000000005
gan,138,exceed_frac_gt_t10,0.70276
gan,138,exceed_frac_sr_t10,0.74342
gan,138,exceed_frac_delta_t10,0.04065999999999992
gan,138,exceed_frac_abs_delta_t10,0.04065999999999992
gan,138,exceed_frac_gt_t15,0.296924
gan,138,exceed_frac_sr_t15,0.321536
gan,138,exceed_frac_delta_t15,0.024611999999999967
gan,138,exceed_frac_abs_delta_t15,0.024611999999999967
gan,138,exceed_frac_gt_p90,0.1
gan,138,exceed_frac_sr_p90,0.111004
gan,138,exceed_frac_delta_p90,0.011004
gan,138,exceed_frac_abs_delta_p90,0.011004
gan,138,exceed_frac_gt_p95,0.05
gan,138,exceed_frac_sr_p95,0.0578
gan,138,exceed_frac_delta_p95,0.0077999999999999944
gan,138,exceed_frac_abs_delta_p95,0.0077999999999999944
gan,138,exceed_frac_gt_p99,0.01
gan,138,exceed_frac_sr_p99,0.010736
gan,138,exceed_frac_delta_p99,0.0007360000000000005
gan,138,exceed_frac_abs_delta_p99,0.0007360000000000005
gan,138,pd_distance,18.5898403985513
gan,138,mt_distance,8.217479705810547
gan,138,ssim,0.5456850929416477
gan,139,psnr,28.61279974959744
gan,139,wpd_bias,186.5934414411745
gan,139,wpd_mae,476.1048424159043
gan,139,wpd_rmse,817.7555624754575
gan,139,wpd_w1,186.66667571003262
gan,139,psd_log_l2,0.4194759853074698
gan,139,psd_slope_gt,1.5762302720523742
gan,139,psd_slope_sr,0.783659222965493
gan,139,psd_slope_delta,-0.7925710490868813
gan,139,psd_slope_abs_delta,0.7925710490868813
gan,139,grad_mae,0.3646766477799843
gan,139,grad_w1,0.04696742714698112
gan,139,grad_kurtosis_gt,15.457160992962294
gan,139,grad_kurtosis_sr,29.90557626632472
gan,139,grad_kurtosis_delta,14.448415273362425
gan,139,grad_kurtosis_abs_delta,14.448415273362425
gan,139,exceed_frac_gt_t5,0.992224
gan,139,exceed_frac_sr_t5,0.992484
gan,139,exceed_frac_delta_t5,0.000260000000000038
gan,139,exceed_frac_abs_delta_t5,0.000260000000000038
gan,139,exceed_frac_gt_t10,0.70486
gan,139,exceed_frac_sr_t10,0.7462
gan,139,exceed_frac_delta_t10,0.04133999999999993
gan,139,exceed_frac_abs_delta_t10,0.04133999999999993
gan,139,exceed_frac_gt_t15,0.261536
gan,139,exceed_frac_sr_t15,0.288836
gan,139,exceed_frac_delta_t15,0.02729999999999999
gan,139,exceed_frac_abs_delta_t15,0.02729999999999999
gan,139,exceed_frac_gt_p90,0.1
gan,139,exceed_frac_sr_p90,0.109856
gan,139,exceed_frac_delta_p90,0.00985599999999999
gan,139,exceed_frac_abs_delta_p90,0.00985599999999999
gan,139,exceed_frac_gt_p95,0.05
gan,139,exceed_frac_sr_p95,0.056252
gan,139,exceed_frac_delta_p95,0.006252000000000001
gan,139,exceed_frac_abs_delta_p95,0.006252000000000001
gan,139,exceed_frac_gt_p99,0.01
gan,139,exceed_frac_sr_p99,0.011588
gan,139,exceed_frac_delta_p99,0.0015879999999999991
gan,139,exceed_frac_abs_delta_p99,0.0015879999999999991
gan,139,pd_distance,17.55339321269266
gan,139,mt_distance,9.790724754333496
gan,139,ssim,0.5134597766245074
gan,140,psnr,28.891977428236512
gan,140,wpd_bias,180.81033169784493
gan,140,wpd_mae,460.045384494257
gan,140,wpd_rmse,786.6094234583692
gan,140,wpd_w1,180.91573359246277
gan,140,psd_log_l2,0.4169205614948088
gan,140,psd_slope_gt,1.6827341317282043
gan,140,psd_slope_sr,0.793657033722702
gan,140,psd_slope_delta,-0.8890770980055023
gan,140,psd_slope_abs_delta,0.8890770980055023
gan,140,grad_mae,0.370056267576379
gan,140,grad_w1,0.04709254782099707
gan,140,grad_kurtosis_gt,14.904008476823916
gan,140,grad_kurtosis_sr,29.51955288776486
gan,140,grad_kurtosis_delta,14.615544410940943
gan,140,grad_kurtosis_abs_delta,14.615544410940943
gan,140,exceed_frac_gt_t5,0.99148
gan,140,exceed_frac_sr_t5,0.992272
gan,140,exceed_frac_delta_t5,0.0007920000000000149
gan,140,exceed_frac_abs_delta_t5,0.0007920000000000149
gan,140,exceed_frac_gt_t10,0.68382
gan,140,exceed_frac_sr_t10,0.732844
gan,140,exceed_frac_delta_t10,0.04902400000000007
gan,140,exceed_frac_abs_delta_t10,0.04902400000000007
gan,140,exceed_frac_gt_t15,0.231336
gan,140,exceed_frac_sr_t15,0.254528
gan,140,exceed_frac_delta_t15,0.023191999999999963
gan,140,exceed_frac_abs_delta_t15,0.023191999999999963
gan,140,exceed_frac_gt_p90,0.1
gan,140,exceed_frac_sr_p90,0.1102
gan,140,exceed_frac_delta_p90,0.0102
gan,140,exceed_frac_abs_delta_p90,0.0102
gan,140,exceed_frac_gt_p95,0.05
gan,140,exceed_frac_sr_p95,0.058384
gan,140,exceed_frac_delta_p95,0.008383999999999996
gan,140,exceed_frac_abs_delta_p95,0.008383999999999996
gan,140,exceed_frac_gt_p99,0.01
gan,140,exceed_frac_sr_p99,0.011536
gan,140,exceed_frac_delta_p99,0.0015359999999999992
gan,140,exceed_frac_abs_delta_p99,0.0015359999999999992
gan,140,pd_distance,17.632487734588345
gan,140,mt_distance,11.421890258789062
gan,140,ssim,0.514961137395843
gan,141,psnr,27.951264446579756
gan,141,wpd_bias,206.49102297096834
gan,141,wpd_mae,489.0060766483011
gan,141,wpd_rmse,857.5541039601907
gan,141,wpd_w1,206.49586353568873
gan,141,psd_log_l2,0.5064450887656443
gan,141,psd_slope_gt,1.6669566082274898
gan,141,psd_slope_sr,0.8923428705687687
gan,141,psd_slope_delta,-0.7746137376587211
gan,141,psd_slope_abs_delta,0.7746137376587211
gan,141,grad_mae,0.42537945909586233
gan,141,grad_w1,0.04857511189535225
gan,141,grad_kurtosis_gt,13.408491486605593
gan,141,grad_kurtosis_sr,23.407604399313744
gan,141,grad_kurtosis_delta,9.999112912708151
gan,141,grad_kurtosis_abs_delta,9.999112912708151
gan,141,exceed_frac_gt_t5,0.985072
gan,141,exceed_frac_sr_t5,0.987008
gan,141,exceed_frac_delta_t5,0.0019360000000000488
gan,141,exceed_frac_abs_delta_t5,0.0019360000000000488
gan,141,exceed_frac_gt_t10,0.662292
gan,141,exceed_frac_sr_t10,0.709416
gan,141,exceed_frac_delta_t10,0.047124000000000055
gan,141,exceed_frac_abs_delta_t10,0.047124000000000055
gan,141,exceed_frac_gt_t15,0.201504
gan,141,exceed_frac_sr_t15,0.230376
gan,141,exceed_frac_delta_t15,0.02887200000000001
gan,141,exceed_frac_abs_delta_t15,0.02887200000000001
gan,141,exceed_frac_gt_p90,0.1
gan,141,exceed_frac_sr_p90,0.116844
gan,141,exceed_frac_delta_p90,0.016843999999999998
gan,141,exceed_frac_abs_delta_p90,0.016843999999999998
gan,141,exceed_frac_gt_p95,0.05
gan,141,exceed_frac_sr_p95,0.060792
gan,141,exceed_frac_delta_p95,0.010791999999999996
gan,141,exceed_frac_abs_delta_p95,0.010791999999999996
gan,141,exceed_frac_gt_p99,0.01
gan,141,exceed_frac_sr_p99,0.014976
gan,141,exceed_frac_delta_p99,0.0049759999999999995
gan,141,exceed_frac_abs_delta_p99,0.0049759999999999995
gan,141,pd_distance,22.35126448334632
gan,141,mt_distance,8.889102935791016
gan,141,ssim,0.4714025673220518
gan,142,psnr,27.52755399592653
gan,142,wpd_bias,233.734850716198
gan,142,wpd_mae,525.346786718751
gan,142,wpd_rmse,891.3915848842397
gan,142,wpd_w1,233.73567248539868
gan,142,psd_log_l2,0.6726422995110726
gan,142,psd_slope_gt,1.5329281204926184
gan,142,psd_slope_sr,1.0433196256504895
gan,142,psd_slope_delta,-0.48960849484212887
gan,142,psd_slope_abs_delta,0.48960849484212887
gan,142,grad_mae,0.473250643967071
gan,142,grad_w1,0.06260873413035983
gan,142,grad_kurtosis_gt,11.984059357380639
gan,142,grad_kurtosis_sr,19.039522757960953
gan,142,grad_kurtosis_delta,7.055463400580313
gan,142,grad_kurtosis_abs_delta,7.055463400580313
gan,142,exceed_frac_gt_t5,0.985464
gan,142,exceed_frac_sr_t5,0.989192
gan,142,exceed_frac_delta_t5,0.0037279999999999536
gan,142,exceed_frac_abs_delta_t5,0.0037279999999999536
gan,142,exceed_frac_gt_t10,0.710576
gan,142,exceed_frac_sr_t10,0.765304
gan,142,exceed_frac_delta_t10,0.054728
gan,142,exceed_frac_abs_delta_t10,0.054728
gan,142,exceed_frac_gt_t15,0.190696
gan,142,exceed_frac_sr_t15,0.224224
gan,142,exceed_frac_delta_t15,0.033528
gan,142,exceed_frac_abs_delta_t15,0.033528
gan,142,exceed_frac_gt_p90,0.1
gan,142,exceed_frac_sr_p90,0.121896
gan,142,exceed_frac_delta_p90,0.021896
gan,142,exceed_frac_abs_delta_p90,0.021896
gan,142,exceed_frac_gt_p95,0.05
gan,142,exceed_frac_sr_p95,0.06286
gan,142,exceed_frac_delta_p95,0.012859999999999996
gan,142,exceed_frac_abs_delta_p95,0.012859999999999996
gan,142,exceed_frac_gt_p99,0.01
gan,142,exceed_frac_sr_p99,0.0143
gan,142,exceed_frac_delta_p99,0.0043
gan,142,exceed_frac_abs_delta_p99,0.0043
gan,142,pd_distance,25.40867751345393
gan,142,mt_distance,8.55953311920166
gan,142,ssim,0.4488248277532636
gan,143,psnr,27.964528115073264
gan,143,wpd_bias,238.29194378051164
gan,143,wpd_mae,512.7306669415656
gan,143,wpd_rmse,878.2544536046689
gan,143,wpd_w1,238.291947458851
gan,143,psd_log_l2,0.7233523489127132
gan,143,psd_slope_gt,1.202228577939613
gan,143,psd_slope_sr,1.1013653996661064
gan,143,psd_slope_delta,-0.10086317827350655
gan,143,psd_slope_abs_delta,0.10086317827350655
gan,143,grad_mae,0.46045331535471823
gan,143,grad_w1,0.05174161979087573
gan,143,grad_kurtosis_gt,13.32130945400346
gan,143,grad_kurtosis_sr,19.697502472601908
gan,143,grad_kurtosis_delta,6.376193018598448
gan,143,grad_kurtosis_abs_delta,6.376193018598448
gan,143,exceed_frac_gt_t5,0.984388
gan,143,exceed_frac_sr_t5,0.9891
gan,143,exceed_frac_delta_t5,0.0047119999999999385
gan,143,exceed_frac_abs_delta_t5,0.0047119999999999385
gan,143,exceed_frac_gt_t10,0.729096
gan,143,exceed_frac_sr_t10,0.783644
gan,143,exceed_frac_delta_t10,0.05454800000000004
gan,143,exceed_frac_abs_delta_t10,0.05454800000000004
gan,143,exceed_frac_gt_t15,0.17538
gan,143,exceed_frac_sr_t15,0.209716
gan,143,exceed_frac_delta_t15,0.034336000000000005
gan,143,exceed_frac_abs_delta_t15,0.034336000000000005
gan,143,exceed_frac_gt_p90,0.1
gan,143,exceed_frac_sr_p90,0.122396
gan,143,exceed_frac_delta_p90,0.022396
gan,143,exceed_frac_abs_delta_p90,0.022396
gan,143,exceed_frac_gt_p95,0.05
gan,143,exceed_frac_sr_p95,0.062416
gan,143,exceed_frac_delta_p95,0.012415999999999996
gan,143,exceed_frac_abs_delta_p95,0.012415999999999996
gan,143,exceed_frac_gt_p99,0.01
gan,143,exceed_frac_sr_p99,0.017656
gan,143,exceed_frac_delta_p99,0.007656000000000001
gan,143,exceed_frac_abs_delta_p99,0.007656000000000001
gan,143,pd_distance,25.608920781987035
gan,143,mt_distance,9.649337768554688
gan,143,ssim,0.48371385051330085
gan,144,psnr,27.972099536278403
gan,144,wpd_bias,234.9969365670275
gan,144,wpd_mae,496.21723869914683
gan,144,wpd_rmse,851.0597290755185
gan,144,wpd_w1,234.99693656702752
gan,144,psd_log_l2,0.7640246674032233
gan,144,psd_slope_gt,1.032857136087903
gan,144,psd_slope_sr,1.131752222486317
gan,144,psd_slope_delta,0.09889508639841393
gan,144,psd_slope_abs_delta,0.09889508639841393
gan,144,grad_mae,0.46035327873532883
gan,144,grad_w1,0.048621224110928736
gan,144,grad_kurtosis_gt,13.007897962217553
gan,144,grad_kurtosis_sr,17.51139671996768
gan,144,grad_kurtosis_delta,4.503498757750128
gan,144,grad_kurtosis_abs_delta,4.503498757750128
gan,144,exceed_frac_gt_t5,0.980188
gan,144,exceed_frac_sr_t5,0.987104
gan,144,exceed_frac_delta_t5,0.006916000000000033
gan,144,exceed_frac_abs_delta_t5,0.006916000000000033
gan,144,exceed_frac_gt_t10,0.718288
gan,144,exceed_frac_sr_t10,0.777256
gan,144,exceed_frac_delta_t10,0.05896799999999991
gan,144,exceed_frac_abs_delta_t10,0.05896799999999991
gan,144,exceed_frac_gt_t15,0.154728
gan,144,exceed_frac_sr_t15,0.18928
gan,144,exceed_frac_delta_t15,0.034552
gan,144,exceed_frac_abs_delta_t15,0.034552
gan,144,exceed_frac_gt_p90,0.1
gan,144,exceed_frac_sr_p90,0.124892
gan,144,exceed_frac_delta_p90,0.024891999999999997
gan,144,exceed_frac_abs_delta_p90,0.024891999999999997
gan,144,exceed_frac_gt_p95,0.05
gan,144,exceed_frac_sr_p95,0.06418
gan,144,exceed_frac_delta_p95,0.014179999999999998
gan,144,exceed_frac_abs_delta_p95,0.014179999999999998
gan,144,exceed_frac_gt_p99,0.01
gan,144,exceed_frac_sr_p99,0.01614
gan,144,exceed_frac_delta_p99,0.006140000000000001
gan,144,exceed_frac_abs_delta_p99,0.006140000000000001
gan,144,pd_distance,24.790495069985838
gan,144,mt_distance,9.771649360656738
gan,144,ssim,0.4726846113622051
gan,145,psnr,27.819558995749066
gan,145,wpd_bias,241.31879895366612
gan,145,wpd_mae,479.30533407489287
gan,145,wpd_rmse,819.5735805654259
gan,145,wpd_w1,241.31879970369502
gan,145,psd_log_l2,0.7214239454242073
gan,145,psd_slope_gt,1.1816403350008309
gan,145,psd_slope_sr,1.1802620560556856
gan,145,psd_slope_delta,-0.001378278945145306
gan,145,psd_slope_abs_delta,0.001378278945145306
gan,145,grad_mae,0.45635861283016355
gan,145,grad_w1,0.04432306974856258
gan,145,grad_kurtosis_gt,13.35327217669109
gan,145,grad_kurtosis_sr,16.88335097609198
gan,145,grad_kurtosis_delta,3.530078799400888
gan,145,grad_kurtosis_abs_delta,3.530078799400888
gan,145,exceed_frac_gt_t5,0.974572
gan,145,exceed_frac_sr_t5,0.982712
gan,145,exceed_frac_delta_t5,0.008140000000000036
gan,145,exceed_frac_abs_delta_t5,0.008140000000000036
gan,145,exceed_frac_gt_t10,0.689732
gan,145,exceed_frac_sr_t10,0.753572
gan,145,exceed_frac_delta_t10,0.06384000000000001
gan,145,exceed_frac_abs_delta_t10,0.06384000000000001
gan,145,exceed_frac_gt_t15,0.13146
gan,145,exceed_frac_sr_t15,0.169112
gan,145,exceed_frac_delta_t15,0.03765200000000002
gan,145,exceed_frac_abs_delta_t15,0.03765200000000002
gan,145,exceed_frac_gt_p90,0.1
gan,145,exceed_frac_sr_p90,0.131928
gan,145,exceed_frac_delta_p90,0.031927999999999984
gan,145,exceed_frac_abs_delta_p90,0.031927999999999984
gan,145,exceed_frac_gt_p95,0.05
gan,145,exceed_frac_sr_p95,0.066112
gan,145,exceed_frac_delta_p95,0.016112
gan,145,exceed_frac_abs_delta_p95,0.016112
gan,145,exceed_frac_gt_p99,0.01
gan,145,exceed_frac_sr_p99,0.015188
gan,145,exceed_frac_delta_p99,0.005188
gan,145,exceed_frac_abs_delta_p99,0.005188
gan,145,pd_distance,25.26410594488553
gan,145,mt_distance,8.558032035827637
gan,145,ssim,0.4696664618132524
gan,146,psnr,28.062514627219457
gan,146,wpd_bias,235.97787203796167
gan,146,wpd_mae,451.83328267974633
gan,146,wpd_rmse,767.6285555598713
gan,146,wpd_w1,235.9778720399701
gan,146,psd_log_l2,0.6496355490035338
gan,146,psd_slope_gt,1.2316611181766746
gan,146,psd_slope_sr,1.1454573693536787
gan,146,psd_slope_delta,-0.08620374882299586
gan,146,psd_slope_abs_delta,0.08620374882299586
gan,146,grad_mae,0.45562372702238835
gan,146,grad_w1,0.0499337959292375
gan,146,grad_kurtosis_gt,12.743205924987045
gan,146,grad_kurtosis_sr,15.628422051279575
gan,146,grad_kurtosis_delta,2.88521612629253
gan,146,grad_kurtosis_abs_delta,2.88521612629253
gan,146,exceed_frac_gt_t5,0.96938
gan,146,exceed_frac_sr_t5,0.980384
gan,146,exceed_frac_delta_t5,0.011004000000000014
gan,146,exceed_frac_abs_delta_t5,0.011004000000000014
gan,146,exceed_frac_gt_t10,0.631576
gan,146,exceed_frac_sr_t10,0.705104
gan,146,exceed_frac_delta_t10,0.07352799999999993
gan,146,exceed_frac_abs_delta_t10,0.07352799999999993
gan,146,exceed_frac_gt_t15,0.107344
gan,146,exceed_frac_sr_t15,0.144936
gan,146,exceed_frac_delta_t15,0.037592000000000014
gan,146,exceed_frac_abs_delta_t15,0.037592000000000014
gan,146,exceed_frac_gt_p90,0.1
gan,146,exceed_frac_sr_p90,0.136176
gan,146,exceed_frac_delta_p90,0.036175999999999986
gan,146,exceed_frac_abs_delta_p90,0.036175999999999986
gan,146,exceed_frac_gt_p95,0.05
gan,146,exceed_frac_sr_p95,0.069336
gan,146,exceed_frac_delta_p95,0.019335999999999992
gan,146,exceed_frac_abs_delta_p95,0.019335999999999992
gan,146,exceed_frac_gt_p99,0.01
gan,146,exceed_frac_sr_p99,0.016564
gan,146,exceed_frac_delta_p99,0.006563999999999999
gan,146,exceed_frac_abs_delta_p99,0.006563999999999999
gan,146,pd_distance,23.86618294113101
gan,146,mt_distance,7.056334018707275
gan,146,ssim,0.5038482397646202
gan,147,psnr,28.43750090042945
gan,147,wpd_bias,218.70159682709973
gan,147,wpd_mae,416.1768153730839
gan,147,wpd_rmse,706.0120075950706
gan,147,wpd_w1,218.70168654374265
gan,147,psd_log_l2,0.561104941668058
gan,147,psd_slope_gt,1.3232125867969036
gan,147,psd_slope_sr,0.9714033101290465
gan,147,psd_slope_delta,-0.3518092766678571
gan,147,psd_slope_abs_delta,0.3518092766678571
gan,147,grad_mae,0.4477267031142928
gan,147,grad_w1,0.04368514467237275
gan,147,grad_kurtosis_gt,11.883416673081037
gan,147,grad_kurtosis_sr,14.648531909874391
gan,147,grad_kurtosis_delta,2.7651152367933545
gan,147,grad_kurtosis_abs_delta,2.7651152367933545
gan,147,exceed_frac_gt_t5,0.961256
gan,147,exceed_frac_sr_t5,0.973936
gan,147,exceed_frac_delta_t5,0.012680000000000025
gan,147,exceed_frac_abs_delta_t5,0.012680000000000025
gan,147,exceed_frac_gt_t10,0.55098
gan,147,exceed_frac_sr_t10,0.628224
gan,147,exceed_frac_delta_t10,0.07724399999999998
gan,147,exceed_frac_abs_delta_t10,0.07724399999999998
gan,147,exceed_frac_gt_t15,0.085936
gan,147,exceed_frac_sr_t15,0.116564
gan,147,exceed_frac_delta_t15,0.030628000000000002
gan,147,exceed_frac_abs_delta_t15,0.030628000000000002
gan,147,exceed_frac_gt_p90,0.1
gan,147,exceed_frac_sr_p90,0.133808
gan,147,exceed_frac_delta_p90,0.033808000000000005
gan,147,exceed_frac_abs_delta_p90,0.033808000000000005
gan,147,exceed_frac_gt_p95,0.05
gan,147,exceed_frac_sr_p95,0.0721
gan,147,exceed_frac_delta_p95,0.022099999999999995
gan,147,exceed_frac_abs_delta_p95,0.022099999999999995
gan,147,exceed_frac_gt_p99,0.01
gan,147,exceed_frac_sr_p99,0.014032
gan,147,exceed_frac_delta_p99,0.004031999999999999
gan,147,exceed_frac_abs_delta_p99,0.004031999999999999
gan,147,pd_distance,22.003227031713678
gan,147,mt_distance,6.8347039222717285
gan,147,ssim,0.47380608958397735
gan,148,psnr,28.75645886128091
gan,148,wpd_bias,202.26547641489404
gan,148,wpd_mae,393.22461195980765
gan,148,wpd_rmse,693.5500927581369
gan,148,wpd_w1,202.2654775631364
gan,148,psd_log_l2,0.5516134963784817
gan,148,psd_slope_gt,1.3393172693316115
gan,148,psd_slope_sr,0.9088144171970185
gan,148,psd_slope_delta,-0.43050285213459305
gan,148,psd_slope_abs_delta,0.43050285213459305
gan,148,grad_mae,0.4476012707005045
gan,148,grad_w1,0.053521405869651276
gan,148,grad_kurtosis_gt,12.101998708899359
gan,148,grad_kurtosis_sr,16.04906669677514
gan,148,grad_kurtosis_delta,3.94706798787578
gan,148,grad_kurtosis_abs_delta,3.94706798787578
gan,148,exceed_frac_gt_t5,0.947336
gan,148,exceed_frac_sr_t5,0.963432
gan,148,exceed_frac_delta_t5,0.016096
gan,148,exceed_frac_abs_delta_t5,0.016096
gan,148,exceed_frac_gt_t10,0.4896
gan,148,exceed_frac_sr_t10,0.555608
gan,148,exceed_frac_delta_t10,0.06600800000000001
gan,148,exceed_frac_abs_delta_t10,0.06600800000000001
gan,148,exceed_frac_gt_t15,0.075684
gan,148,exceed_frac_sr_t15,0.099488
gan,148,exceed_frac_delta_t15,0.023803999999999992
gan,148,exceed_frac_abs_delta_t15,0.023803999999999992
gan,148,exceed_frac_gt_p90,0.1
gan,148,exceed_frac_sr_p90,0.130444
gan,148,exceed_frac_delta_p90,0.030444
gan,148,exceed_frac_abs_delta_p90,0.030444
gan,148,exceed_frac_gt_p95,0.05
gan,148,exceed_frac_sr_p95,0.068412
gan,148,exceed_frac_delta_p95,0.018411999999999998
gan,148,exceed_frac_abs_delta_p95,0.018411999999999998
gan,148,exceed_frac_gt_p99,0.01
gan,148,exceed_frac_sr_p99,0.015312
gan,148,exceed_frac_delta_p99,0.005311999999999999
gan,148,exceed_frac_abs_delta_p99,0.005311999999999999
gan,148,pd_distance,21.1331690923618
gan,148,mt_distance,8.882506370544434
gan,148,ssim,0.48470823605934676
gan,149,psnr,28.68495546130564
gan,149,wpd_bias,185.57801578396317
gan,149,wpd_mae,365.78992145163676
gan,149,wpd_rmse,661.1385084753379
gan,149,wpd_w1,185.5786208958316
gan,149,psd_log_l2,0.48855869798542
gan,149,psd_slope_gt,1.4469407751289787
gan,149,psd_slope_sr,0.9221205165153334
gan,149,psd_slope_delta,-0.5248202586136452
gan,149,psd_slope_abs_delta,0.5248202586136452
gan,149,grad_mae,0.4473506280064279
gan,149,grad_w1,0.06082791124537961
gan,149,grad_kurtosis_gt,13.561027076938803
gan,149,grad_kurtosis_sr,16.83148162306761
gan,149,grad_kurtosis_delta,3.270454546128807
gan,149,grad_kurtosis_abs_delta,3.270454546128807
gan,149,exceed_frac_gt_t5,0.931972
gan,149,exceed_frac_sr_t5,0.95004
gan,149,exceed_frac_delta_t5,0.018067999999999973
gan,149,exceed_frac_abs_delta_t5,0.018067999999999973
gan,149,exceed_frac_gt_t10,0.428292
gan,149,exceed_frac_sr_t10,0.493908
gan,149,exceed_frac_delta_t10,0.06561600000000001
gan,149,exceed_frac_abs_delta_t10,0.06561600000000001
gan,149,exceed_frac_gt_t15,0.06484
gan,149,exceed_frac_sr_t15,0.086104
gan,149,exceed_frac_delta_t15,0.021264000000000005
gan,149,exceed_frac_abs_delta_t15,0.021264000000000005
gan,149,exceed_frac_gt_p90,0.1
gan,149,exceed_frac_sr_p90,0.125824
gan,149,exceed_frac_delta_p90,0.025823999999999986
gan,149,exceed_frac_abs_delta_p90,0.025823999999999986
gan,149,exceed_frac_gt_p95,0.05
gan,149,exceed_frac_sr_p95,0.069384
gan,149,exceed_frac_delta_p95,0.019384
gan,149,exceed_frac_abs_delta_p95,0.019384
gan,149,exceed_frac_gt_p99,0.01
gan,149,exceed_frac_sr_p99,0.015416
gan,149,exceed_frac_delta_p99,0.005415999999999999
gan,149,exceed_frac_abs_delta_p99,0.005415999999999999
gan,149,pd_distance,21.36081867901896
gan,149,mt_distance,8.038224220275879
gan,149,ssim,0.5002501072820889
gan,150,psnr,28.656089806441578
gan,150,wpd_bias,149.98626205458365
gan,150,wpd_mae,320.6306980869537
gan,150,wpd_rmse,576.9820830433434
gan,150,wpd_w1,149.98626304831677
gan,150,psd_log_l2,0.4140845054937672
gan,150,psd_slope_gt,1.3493192609857518
gan,150,psd_slope_sr,0.9349421410518592
gan,150,psd_slope_delta,-0.4143771199338926
gan,150,psd_slope_abs_delta,0.4143771199338926
gan,150,grad_mae,0.42626760210364517
gan,150,grad_w1,0.050827419971114396
gan,150,grad_kurtosis_gt,15.039116577648668
gan,150,grad_kurtosis_sr,16.77095946224322
gan,150,grad_kurtosis_delta,1.7318428845945508
gan,150,grad_kurtosis_abs_delta,1.7318428845945508
gan,150,exceed_frac_gt_t5,0.91332
gan,150,exceed_frac_sr_t5,0.934476
gan,150,exceed_frac_delta_t5,0.021155999999999953
gan,150,exceed_frac_abs_delta_t5,0.021155999999999953
gan,150,exceed_frac_gt_t10,0.38242
gan,150,exceed_frac_sr_t10,0.434448
gan,150,exceed_frac_delta_t10,0.05202800000000002
gan,150,exceed_frac_abs_delta_t10,0.05202800000000002
gan,150,exceed_frac_gt_t15,0.049216
gan,150,exceed_frac_sr_t15,0.068524
gan,150,exceed_frac_delta_t15,0.019308
gan,150,exceed_frac_abs_delta_t15,0.019308
gan,150,exceed_frac_gt_p90,0.1
gan,150,exceed_frac_sr_p90,0.12716
gan,150,exceed_frac_delta_p90,0.02715999999999999
gan,150,exceed_frac_abs_delta_p90,0.02715999999999999
gan,150,exceed_frac_gt_p95,0.05
gan,150,exceed_frac_sr_p95,0.069492
gan,150,exceed_frac_delta_p95,0.019491999999999995
gan,150,exceed_frac_abs_delta_p95,0.019491999999999995
gan,150,exceed_frac_gt_p99,0.01
gan,150,exceed_frac_sr_p99,0.01478
gan,150,exceed_frac_delta_p99,0.0047799999999999995
gan,150,exceed_frac_abs_delta_p99,0.0047799999999999995
gan,150,pd_distance,20.19277068635915
gan,150,mt_distance,7.924254417419434
gan,150,ssim,0.5131711083398754
gan,151,psnr,28.9056002997851
gan,151,wpd_bias,133.98969626399685
gan,151,wpd_mae,288.3041319810336
gan,151,wpd_rmse,531.6783778889121
gan,151,wpd_w1,133.98969695852423
gan,151,psd_log_l2,0.3501711544195922
gan,151,psd_slope_gt,1.247643194121899
gan,151,psd_slope_sr,0.9131376136306714
gan,151,psd_slope_delta,-0.3345055804912277
gan,151,psd_slope_abs_delta,0.3345055804912277
gan,151,grad_mae,0.400667249043033
gan,151,grad_w1,0.04714637996407291
gan,151,grad_kurtosis_gt,16.698666518469402
gan,151,grad_kurtosis_sr,15.322373792554032
gan,151,grad_kurtosis_delta,-1.3762927259153699
gan,151,grad_kurtosis_abs_delta,1.3762927259153699
gan,151,exceed_frac_gt_t5,0.883036
gan,151,exceed_frac_sr_t5,0.903412
gan,151,exceed_frac_delta_t5,0.02037599999999995
gan,151,exceed_frac_abs_delta_t5,0.02037599999999995
gan,151,exceed_frac_gt_t10,0.337924
gan,151,exceed_frac_sr_t10,0.380736
gan,151,exceed_frac_delta_t10,0.04281200000000002
gan,151,exceed_frac_abs_delta_t10,0.04281200000000002
gan,151,exceed_frac_gt_t15,0.042688
gan,151,exceed_frac_sr_t15,0.056696
gan,151,exceed_frac_delta_t15,0.014008000000000007
gan,151,exceed_frac_abs_delta_t15,0.014008000000000007
gan,151,exceed_frac_gt_p90,0.1
gan,151,exceed_frac_sr_p90,0.126256
gan,151,exceed_frac_delta_p90,0.026256
gan,151,exceed_frac_abs_delta_p90,0.026256
gan,151,exceed_frac_gt_p95,0.05
gan,151,exceed_frac_sr_p95,0.066616
gan,151,exceed_frac_delta_p95,0.016615999999999992
gan,151,exceed_frac_abs_delta_p95,0.016615999999999992
gan,151,exceed_frac_gt_p99,0.01
gan,151,exceed_frac_sr_p99,0.017432
gan,151,exceed_frac_delta_p99,0.007431999999999999
gan,151,exceed_frac_abs_delta_p99,0.007431999999999999
gan,151,pd_distance,19.596870056685123
gan,151,mt_distance,7.460690975189209
gan,151,ssim,0.4635901674911973
gan,152,psnr,29.192167797165673
gan,152,wpd_bias,111.93935237297094
gan,152,wpd_mae,249.6704318657507
gan,152,wpd_rmse,499.5459064898008
gan,152,wpd_w1,111.93950001578257
gan,152,psd_log_l2,0.3226019814509589
gan,152,psd_slope_gt,1.1157336517809078
gan,152,psd_slope_sr,0.8997350879846114
gan,152,psd_slope_delta,-0.21599856379629634
gan,152,psd_slope_abs_delta,0.21599856379629634
gan,152,grad_mae,0.36898604767647275
gan,152,grad_w1,0.04459639996298897
gan,152,grad_kurtosis_gt,17.924525929358566
gan,152,grad_kurtosis_sr,17.488118783166044
gan,152,grad_kurtosis_delta,-0.4364071461925221
gan,152,grad_kurtosis_abs_delta,0.4364071461925221
gan,152,exceed_frac_gt_t5,0.844668
gan,152,exceed_frac_sr_t5,0.866428
gan,152,exceed_frac_delta_t5,0.02176
gan,152,exceed_frac_abs_delta_t5,0.02176
gan,152,exceed_frac_gt_t10,0.301004
gan,152,exceed_frac_sr_t10,0.332352
gan,152,exceed_frac_delta_t10,0.03134799999999999
gan,152,exceed_frac_abs_delta_t10,0.03134799999999999
gan,152,exceed_frac_gt_t15,0.039396
gan,152,exceed_frac_sr_t15,0.0515
gan,152,exceed_frac_delta_t15,0.012103999999999997
gan,152,exceed_frac_abs_delta_t15,0.012103999999999997
gan,152,exceed_frac_gt_p90,0.1
gan,152,exceed_frac_sr_p90,0.125004
gan,152,exceed_frac_delta_p90,0.025004
gan,152,exceed_frac_abs_delta_p90,0.025004
gan,152,exceed_frac_gt_p95,0.05
gan,152,exceed_frac_sr_p95,0.063776
gan,152,exceed_frac_delta_p95,0.013775999999999997
gan,152,exceed_frac_abs_delta_p95,0.013775999999999997
gan,152,exceed_frac_gt_p99,0.01
gan,152,exceed_frac_sr_p99,0.016696
gan,152,exceed_frac_delta_p99,0.006695999999999999
gan,152,exceed_frac_abs_delta_p99,0.006695999999999999
gan,152,pd_distance,17.338820427078797
gan,152,mt_distance,8.478921890258789
gan,152,ssim,0.46206718190774443
gan,153,psnr,29.791567329438266
gan,153,wpd_bias,92.97440595025878
gan,153,wpd_mae,218.81987930178886
gan,153,wpd_rmse,461.615727106193
gan,153,wpd_w1,92.98005734575794
gan,153,psd_log_l2,0.2797736829118567
gan,153,psd_slope_gt,1.112625882683374
gan,153,psd_slope_sr,0.8463468609922921
gan,153,psd_slope_delta,-0.26627902169108186
gan,153,psd_slope_abs_delta,0.26627902169108186
gan,153,grad_mae,0.3449913788116464
gan,153,grad_w1,0.039414175640529424
gan,153,grad_kurtosis_gt,19.908852043905025
gan,153,grad_kurtosis_sr,19.790870552842783
gan,153,grad_kurtosis_delta,-0.11798149106224187
gan,153,grad_kurtosis_abs_delta,0.11798149106224187
gan,153,exceed_frac_gt_t5,0.812132
gan,153,exceed_frac_sr_t5,0.829196
gan,153,exceed_frac_delta_t5,0.01706400000000008
gan,153,exceed_frac_abs_delta_t5,0.01706400000000008
gan,153,exceed_frac_gt_t10,0.2626
gan,153,exceed_frac_sr_t10,0.29224
gan,153,exceed_frac_delta_t10,0.02964
gan,153,exceed_frac_abs_delta_t10,0.02964
gan,153,exceed_frac_gt_t15,0.029608
gan,153,exceed_frac_sr_t15,0.042584
gan,153,exceed_frac_delta_t15,0.012975999999999998
gan,153,exceed_frac_abs_delta_t15,0.012975999999999998
gan,153,exceed_frac_gt_p90,0.1
gan,153,exceed_frac_sr_p90,0.120072
gan,153,exceed_frac_delta_p90,0.020071999999999993
gan,153,exceed_frac_abs_delta_p90,0.020071999999999993
gan,153,exceed_frac_gt_p95,0.05
gan,153,exceed_frac_sr_p95,0.061576
gan,153,exceed_frac_delta_p95,0.011575999999999996
gan,153,exceed_frac_abs_delta_p95,0.011575999999999996
gan,153,exceed_frac_gt_p99,0.01
gan,153,exceed_frac_sr_p99,0.016624
gan,153,exceed_frac_delta_p99,0.006624
gan,153,exceed_frac_abs_delta_p99,0.006624
gan,153,pd_distance,16.23765159094386
gan,153,mt_distance,6.548172950744629
gan,153,ssim,0.4216136438136234
gan,154,psnr,29.652097133944917
gan,154,wpd_bias,73.66695624736268
gan,154,wpd_mae,188.10214317928347
gan,154,wpd_rmse,437.1995721874778
gan,154,wpd_w1,73.69090289629732
gan,154,psd_log_l2,0.24366284705292787
gan,154,psd_slope_gt,1.0294072084828771
gan,154,psd_slope_sr,0.8654997673630793
gan,154,psd_slope_delta,-0.16390744111979783
gan,154,psd_slope_abs_delta,0.16390744111979783
gan,154,grad_mae,0.32260399844803583
gan,154,grad_w1,0.04422510512432475
gan,154,grad_kurtosis_gt,22.8531611852017
gan,154,grad_kurtosis_sr,24.58374775448997
gan,154,grad_kurtosis_delta,1.7305865692882705
gan,154,grad_kurtosis_abs_delta,1.7305865692882705
gan,154,exceed_frac_gt_t5,0.78642
gan,154,exceed_frac_sr_t5,0.8004
gan,154,exceed_frac_delta_t5,0.013979999999999992
gan,154,exceed_frac_abs_delta_t5,0.013979999999999992
gan,154,exceed_frac_gt_t10,0.22532
gan,154,exceed_frac_sr_t10,0.251516
gan,154,exceed_frac_delta_t10,0.026196000000000025
gan,154,exceed_frac_abs_delta_t10,0.026196000000000025
gan,154,exceed_frac_gt_t15,0.019328
gan,154,exceed_frac_sr_t15,0.026824
gan,154,exceed_frac_delta_t15,0.007495999999999999
gan,154,exceed_frac_abs_delta_t15,0.007495999999999999
gan,154,exceed_frac_gt_p90,0.1
gan,154,exceed_frac_sr_p90,0.116364
gan,154,exceed_frac_delta_p90,0.01636399999999999
gan,154,exceed_frac_abs_delta_p90,0.01636399999999999
gan,154,exceed_frac_gt_p95,0.05
gan,154,exceed_frac_sr_p95,0.06326
gan,154,exceed_frac_delta_p95,0.013259999999999994
gan,154,exceed_frac_abs_delta_p95,0.013259999999999994
gan,154,exceed_frac_gt_p99,0.01
gan,154,exceed_frac_sr_p99,0.015368
gan,154,exceed_frac_delta_p99,0.0053679999999999995
gan,154,exceed_frac_abs_delta_p99,0.0053679999999999995
gan,154,pd_distance,16.834477000311573
gan,154,mt_distance,5.736759185791016
gan,154,ssim,0.42888224852477325
gan,155,psnr,29.962125931616836
gan,155,wpd_bias,56.61962932181527
gan,155,wpd_mae,160.33151637082227
gan,155,wpd_rmse,400.740848408816
gan,155,wpd_w1,56.73366462932318
gan,155,psd_log_l2,0.24714667391861941
gan,155,psd_slope_gt,1.0693874870555182
gan,155,psd_slope_sr,0.7515000122352289
gan,155,psd_slope_delta,-0.31788747482028934
gan,155,psd_slope_abs_delta,0.31788747482028934
gan,155,grad_mae,0.30387233550560655
gan,155,grad_w1,0.03651182626723436
gan,155,grad_kurtosis_gt,25.70772113487047
gan,155,grad_kurtosis_sr,25.388924299757726
gan,155,grad_kurtosis_delta,-0.3187968351127459
gan,155,grad_kurtosis_abs_delta,0.3187968351127459
gan,155,exceed_frac_gt_t5,0.758944
gan,155,exceed_frac_sr_t5,0.771612
gan,155,exceed_frac_delta_t5,0.012668000000000013
gan,155,exceed_frac_abs_delta_t5,0.012668000000000013
gan,155,exceed_frac_gt_t10,0.201936
gan,155,exceed_frac_sr_t10,0.214952
gan,155,exceed_frac_delta_t10,0.013016
gan,155,exceed_frac_abs_delta_t10,0.013016
gan,155,exceed_frac_gt_t15,0.014052
gan,155,exceed_frac_sr_t15,0.021224
gan,155,exceed_frac_delta_t15,0.0071719999999999996
gan,155,exceed_frac_abs_delta_t15,0.0071719999999999996
gan,155,exceed_frac_gt_p90,0.1
gan,155,exceed_frac_sr_p90,0.110252
gan,155,exceed_frac_delta_p90,0.010251999999999997
gan,155,exceed_frac_abs_delta_p90,0.010251999999999997
gan,155,exceed_frac_gt_p95,0.05
gan,155,exceed_frac_sr_p95,0.061696
gan,155,exceed_frac_delta_p95,0.011695999999999998
gan,155,exceed_frac_abs_delta_p95,0.011695999999999998
gan,155,exceed_frac_gt_p99,0.01
gan,155,exceed_frac_sr_p99,0.015788
gan,155,exceed_frac_delta_p99,0.005788
gan,155,exceed_frac_abs_delta_p99,0.005788
gan,155,pd_distance,17.444078563809867
gan,155,mt_distance,6.612644195556641
gan,155,ssim,0.4142508047352769
gan,156,psnr,30.215193986245097
gan,156,wpd_bias,47.451007318597426
gan,156,wpd_mae,140.32865259836927
gan,156,wpd_rmse,366.10460802192557
gan,156,wpd_w1,47.61244536196913
gan,156,psd_log_l2,0.23815860775360476
gan,156,psd_slope_gt,1.1092661612777222
gan,156,psd_slope_sr,0.7561889355992356
gan,156,psd_slope_delta,-0.35307722567848654
gan,156,psd_slope_abs_delta,0.35307722567848654
gan,156,grad_mae,0.2918608766151074
gan,156,grad_w1,0.03815090580011015
gan,156,grad_kurtosis_gt,31.47260279133326
gan,156,grad_kurtosis_sr,31.47403038271313
gan,156,grad_kurtosis_delta,0.0014275913798726947
gan,156,grad_kurtosis_abs_delta,0.0014275913798726947
gan,156,exceed_frac_gt_t5,0.725524
gan,156,exceed_frac_sr_t5,0.738808
gan,156,exceed_frac_delta_t5,0.013284000000000074
gan,156,exceed_frac_abs_delta_t5,0.013284000000000074
gan,156,exceed_frac_gt_t10,0.163656
gan,156,exceed_frac_sr_t10,0.176276
gan,156,exceed_frac_delta_t10,0.012619999999999992
gan,156,exceed_frac_abs_delta_t10,0.012619999999999992
gan,156,exceed_frac_gt_t15,0.00916
gan,156,exceed_frac_sr_t15,0.014112
gan,156,exceed_frac_delta_t15,0.004952
gan,156,exceed_frac_abs_delta_t15,0.004952
gan,156,exceed_frac_gt_p90,0.1
gan,156,exceed_frac_sr_p90,0.108032
gan,156,exceed_frac_delta_p90,0.008031999999999997
gan,156,exceed_frac_abs_delta_p90,0.008031999999999997
gan,156,exceed_frac_gt_p95,0.05
gan,156,exceed_frac_sr_p95,0.06088
gan,156,exceed_frac_delta_p95,0.010879999999999994
gan,156,exceed_frac_abs_delta_p95,0.010879999999999994
gan,156,exceed_frac_gt_p99,0.01
gan,156,exceed_frac_sr_p99,0.015044
gan,156,exceed_frac_delta_p99,0.005044
gan,156,exceed_frac_abs_delta_p99,0.005044
gan,156,pd_distance,17.879759557761357
gan,156,mt_distance,9.264598846435547
gan,156,ssim,0.47793289417761153
gan,157,psnr,30.375056817110664
gan,157,wpd_bias,32.06486691511413
gan,157,wpd_mae,113.01379457996647
gan,157,wpd_rmse,244.51427612993345
gan,157,wpd_w1,32.20575047828645
gan,157,psd_log_l2,0.24156001461153725
gan,157,psd_slope_gt,1.1723457079199564
gan,157,psd_slope_sr,0.7513481354754411
gan,157,psd_slope_delta,-0.4209975724445153
gan,157,psd_slope_abs_delta,0.4209975724445153
gan,157,grad_mae,0.27546227613015717
gan,157,grad_w1,0.0328040779692192
gan,157,grad_kurtosis_gt,28.225352204481215
gan,157,grad_kurtosis_sr,20.135822335910035
gan,157,grad_kurtosis_delta,-8.08952986857118
gan,157,grad_kurtosis_abs_delta,8.08952986857118
gan,157,exceed_frac_gt_t5,0.693824
gan,157,exceed_frac_sr_t5,0.709336
gan,157,exceed_frac_delta_t5,0.01551199999999997
gan,157,exceed_frac_abs_delta_t5,0.01551199999999997
gan,157,exceed_frac_gt_t10,0.135444
gan,157,exceed_frac_sr_t10,0.147372
gan,157,exceed_frac_delta_t10,0.011927999999999994
gan,157,exceed_frac_abs_delta_t10,0.011927999999999994
gan,157,exceed_frac_gt_t15,0.003936
gan,157,exceed_frac_sr_t15,0.005884
gan,157,exceed_frac_delta_t15,0.001948
gan,157,exceed_frac_abs_delta_t15,0.001948
gan,157,exceed_frac_gt_p90,0.1
gan,157,exceed_frac_sr_p90,0.11354
gan,157,exceed_frac_delta_p90,0.013539999999999996
gan,157,exceed_frac_abs_delta_p90,0.013539999999999996
gan,157,exceed_frac_gt_p95,0.05
gan,157,exceed_frac_sr_p95,0.05656
gan,157,exceed_frac_delta_p95,0.006559999999999996
gan,157,exceed_frac_abs_delta_p95,0.006559999999999996
gan,157,exceed_frac_gt_p99,0.01
gan,157,exceed_frac_sr_p99,0.014008
gan,157,exceed_frac_delta_p99,0.004007999999999999
gan,157,exceed_frac_abs_delta_p99,0.004007999999999999
gan,157,pd_distance,18.686237526393793
gan,157,mt_distance,8.282842636108398
gan,157,ssim,0.484282670568747
gan,158,psnr,30.969235138229056
gan,158,wpd_bias,20.85127684373003
gan,158,wpd_mae,83.23121713700822
gan,158,wpd_rmse,194.5317392158287
gan,158,wpd_w1,20.90398691126927
gan,158,psd_log_l2,0.25568286917796834
gan,158,psd_slope_gt,1.4081308883128203
gan,158,psd_slope_sr,0.7972493218675494
gan,158,psd_slope_delta,-0.6108815664452709
gan,158,psd_slope_abs_delta,0.6108815664452709
gan,158,grad_mae,0.25857789599187647
gan,158,grad_w1,0.027692242181618962
gan,158,grad_kurtosis_gt,28.941400594398615
gan,158,grad_kurtosis_sr,20.155376326240628
gan,158,grad_kurtosis_delta,-8.786024268157988
gan,158,grad_kurtosis_abs_delta,8.786024268157988
gan,158,exceed_frac_gt_t5,0.625248
gan,158,exceed_frac_sr_t5,0.640376
gan,158,exceed_frac_delta_t5,0.01512799999999992
gan,158,exceed_frac_abs_delta_t5,0.01512799999999992
gan,158,exceed_frac_gt_t10,0.085524
gan,158,exceed_frac_sr_t10,0.0941
gan,158,exceed_frac_delta_t10,0.008576
gan,158,exceed_frac_abs_delta_t10,0.008576
gan,158,exceed_frac_gt_t15,0.001304
gan,158,exceed_frac_sr_t15,0.001944
gan,158,exceed_frac_delta_t15,0.0006399999999999999
gan,158,exceed_frac_abs_delta_t15,0.0006399999999999999
gan,158,exceed_frac_gt_p90,0.1
gan,158,exceed_frac_sr_p90,0.107448
gan,158,exceed_frac_delta_p90,0.007447999999999996
gan,158,exceed_frac_abs_delta_p90,0.007447999999999996
gan,158,exceed_frac_gt_p95,0.05
gan,158,exceed_frac_sr_p95,0.058048
gan,158,exceed_frac_delta_p95,0.008048
gan,158,exceed_frac_abs_delta_p95,0.008048
gan,158,exceed_frac_gt_p99,0.01
gan,158,exceed_frac_sr_p99,0.014148
gan,158,exceed_frac_delta_p99,0.004148000000000001
gan,158,exceed_frac_abs_delta_p99,0.004148000000000001
gan,158,pd_distance,22.72289165286213
gan,158,mt_distance,8.312358856201172
gan,158,ssim,0.49535974020549517
gan,159,psnr,32.14395901215604
gan,159,wpd_bias,15.149727151385802
gan,159,wpd_mae,67.6575429917224
gan,159,wpd_rmse,216.48129751172607
gan,159,wpd_w1,15.196309301648185
gan,159,psd_log_l2,0.27495780264577346
gan,159,psd_slope_gt,1.3703725917384304
gan,159,psd_slope_sr,0.7685700059881875
gan,159,psd_slope_delta,-0.6018025857502429
gan,159,psd_slope_abs_delta,0.6018025857502429
gan,159,grad_mae,0.22805519996428192
gan,159,grad_w1,0.03427802576167996
gan,159,grad_kurtosis_gt,38.73314854027398
gan,159,grad_kurtosis_sr,28.63747762788261
gan,159,grad_kurtosis_delta,-10.09567091239137
gan,159,grad_kurtosis_abs_delta,10.09567091239137
gan,159,exceed_frac_gt_t5,0.503464
gan,159,exceed_frac_sr_t5,0.522
gan,159,exceed_frac_delta_t5,0.018535999999999997
gan,159,exceed_frac_abs_delta_t5,0.018535999999999997
gan,159,exceed_frac_gt_t10,0.047484
gan,159,exceed_frac_sr_t10,0.052804
gan,159,exceed_frac_delta_t10,0.005319999999999998
gan,159,exceed_frac_abs_delta_t10,0.005319999999999998
gan,159,exceed_frac_gt_t15,0.001612
gan,159,exceed_frac_sr_t15,0.001852
gan,159,exceed_frac_delta_t15,0.00023999999999999998
gan,159,exceed_frac_abs_delta_t15,0.00023999999999999998
gan,159,exceed_frac_gt_p90,0.1
gan,159,exceed_frac_sr_p90,0.103148
gan,159,exceed_frac_delta_p90,0.003147999999999998
gan,159,exceed_frac_abs_delta_p90,0.003147999999999998
gan,159,exceed_frac_gt_p95,0.05
gan,159,exceed_frac_sr_p95,0.056648
gan,159,exceed_frac_delta_p95,0.006647999999999994
gan,159,exceed_frac_abs_delta_p95,0.006647999999999994
gan,159,exceed_frac_gt_p99,0.01
gan,159,exceed_frac_sr_p99,0.014328
gan,159,exceed_frac_delta_p99,0.004328
gan,159,exceed_frac_abs_delta_p99,0.004328
gan,159,pd_distance,19.84507792462866
gan,159,mt_distance,10.700226783752441
gan,159,ssim,0.5834857077182944
gan,160,psnr,32.77699322877886
gan,160,wpd_bias,10.121669802633356
gan,160,wpd_mae,62.92976950133525
gan,160,wpd_rmse,268.41798852800275
gan,160,wpd_w1,10.622303754485324
gan,160,psd_log_l2,0.30838511610946967
gan,160,psd_slope_gt,1.3179728803319062
gan,160,psd_slope_sr,0.7472530625398269
gan,160,psd_slope_delta,-0.5707198177920793
gan,160,psd_slope_abs_delta,0.5707198177920793
gan,160,grad_mae,0.2094333206143772
gan,160,grad_w1,0.04805173537655228
gan,160,grad_kurtosis_gt,50.63551046967133
gan,160,grad_kurtosis_sr,39.68959287609957
gan,160,grad_kurtosis_delta,-10.945917593571764
gan,160,grad_kurtosis_abs_delta,10.945917593571764
gan,160,exceed_frac_gt_t5,0.484428
gan,160,exceed_frac_sr_t5,0.496892
gan,160,exceed_frac_delta_t5,0.012463999999999975
gan,160,exceed_frac_abs_delta_t5,0.012463999999999975
gan,160,exceed_frac_gt_t10,0.042084
gan,160,exceed_frac_sr_t10,0.045392
gan,160,exceed_frac_delta_t10,0.0033079999999999984
gan,160,exceed_frac_abs_delta_t10,0.0033079999999999984
gan,160,exceed_frac_gt_t15,0.00206
gan,160,exceed_frac_sr_t15,0.002292
gan,160,exceed_frac_delta_t15,0.000232
gan,160,exceed_frac_abs_delta_t15,0.000232
gan,160,exceed_frac_gt_p90,0.1
gan,160,exceed_frac_sr_p90,0.104008
gan,160,exceed_frac_delta_p90,0.004007999999999998
gan,160,exceed_frac_abs_delta_p90,0.004007999999999998
gan,160,exceed_frac_gt_p95,0.05
gan,160,exceed_frac_sr_p95,0.052756
gan,160,exceed_frac_delta_p95,0.0027559999999999946
gan,160,exceed_frac_abs_delta_p95,0.0027559999999999946
gan,160,exceed_frac_gt_p99,0.01
gan,160,exceed_frac_sr_p99,0.0129
gan,160,exceed_frac_delta_p99,0.0029
gan,160,exceed_frac_abs_delta_p99,0.0029
gan,160,pd_distance,20.14027527603938
gan,160,mt_distance,13.9108247756958
gan,160,ssim,0.6204719841972792
gan,161,psnr,32.63897086690963
gan,161,wpd_bias,8.545529844769126
gan,161,wpd_mae,61.851069315102684
gan,161,wpd_rmse,251.55979904025983
gan,161,wpd_w1,9.220310401316267
gan,161,psd_log_l2,0.3543362672489154
gan,161,psd_slope_gt,1.3727218389205744
gan,161,psd_slope_sr,0.8020742836270197
gan,161,psd_slope_delta,-0.5706475552935547
gan,161,psd_slope_abs_delta,0.5706475552935547
gan,161,grad_mae,0.20160143245230905
gan,161,grad_w1,0.05701462969669592
gan,161,grad_kurtosis_gt,55.660971424388514
gan,161,grad_kurtosis_sr,37.61902210852844
gan,161,grad_kurtosis_delta,-18.041949315860073
gan,161,grad_kurtosis_abs_delta,18.041949315860073
gan,161,exceed_frac_gt_t5,0.480128
gan,161,exceed_frac_sr_t5,0.49386
gan,161,exceed_frac_delta_t5,0.013732000000000022
gan,161,exceed_frac_abs_delta_t5,0.013732000000000022
gan,161,exceed_frac_gt_t10,0.026672
gan,161,exceed_frac_sr_t10,0.033216
gan,161,exceed_frac_delta_t10,0.006544000000000001
gan,161,exceed_frac_abs_delta_t10,0.006544000000000001
gan,161,exceed_frac_gt_t15,0.002708
gan,161,exceed_frac_sr_t15,0.002508
gan,161,exceed_frac_delta_t15,-0.0002000000000000001
gan,161,exceed_frac_abs_delta_t15,0.0002000000000000001
gan,161,exceed_frac_gt_p90,0.1
gan,161,exceed_frac_sr_p90,0.105628
gan,161,exceed_frac_delta_p90,0.005627999999999994
gan,161,exceed_frac_abs_delta_p90,0.005627999999999994
gan,161,exceed_frac_gt_p95,0.05
gan,161,exceed_frac_sr_p95,0.052052
gan,161,exceed_frac_delta_p95,0.0020519999999999983
gan,161,exceed_frac_abs_delta_p95,0.0020519999999999983
gan,161,exceed_frac_gt_p99,0.01
gan,161,exceed_frac_sr_p99,0.010564
gan,161,exceed_frac_delta_p99,0.0005640000000000003
gan,161,exceed_frac_abs_delta_p99,0.0005640000000000003
gan,161,pd_distance,19.232825594053608
gan,161,mt_distance,11.7100830078125
gan,161,ssim,0.6217681894780157
gan,162,psnr,32.903320492912016
gan,162,wpd_bias,4.665789313409468
gan,162,wpd_mae,61.98094396008767
gan,162,wpd_rmse,241.30364125809933
gan,162,wpd_w1,6.236325520381047
gan,162,psd_log_l2,0.3580352869400225
gan,162,psd_slope_gt,1.4329605993259091
gan,162,psd_slope_sr,0.8460193350648872
gan,162,psd_slope_delta,-0.5869412642610219
gan,162,psd_slope_abs_delta,0.5869412642610219
gan,162,grad_mae,0.19554008203222506
gan,162,grad_w1,0.0468139285321841
gan,162,grad_kurtosis_gt,52.366359397861004
gan,162,grad_kurtosis_sr,36.30048707561697
gan,162,grad_kurtosis_delta,-16.065872322244033
gan,162,grad_kurtosis_abs_delta,16.065872322244033
gan,162,exceed_frac_gt_t5,0.484748
gan,162,exceed_frac_sr_t5,0.48512
gan,162,exceed_frac_delta_t5,0.00037199999999998346
gan,162,exceed_frac_abs_delta_t5,0.00037199999999998346
gan,162,exceed_frac_gt_t10,0.022736
gan,162,exceed_frac_sr_t10,0.023268
gan,162,exceed_frac_delta_t10,0.0005320000000000012
gan,162,exceed_frac_abs_delta_t10,0.0005320000000000012
gan,162,exceed_frac_gt_t15,0.003616
gan,162,exceed_frac_sr_t15,0.00356
gan,162,exceed_frac_delta_t15,-5.600000000000006e-05
gan,162,exceed_frac_abs_delta_t15,5.600000000000006e-05
gan,162,exceed_frac_gt_p90,0.1
gan,162,exceed_frac_sr_p90,0.103332
gan,162,exceed_frac_delta_p90,0.0033319999999999877
gan,162,exceed_frac_abs_delta_p90,0.0033319999999999877
gan,162,exceed_frac_gt_p95,0.05
gan,162,exceed_frac_sr_p95,0.053336
gan,162,exceed_frac_delta_p95,0.0033359999999999987
gan,162,exceed_frac_abs_delta_p95,0.0033359999999999987
gan,162,exceed_frac_gt_p99,0.01
gan,162,exceed_frac_sr_p99,0.010024
gan,162,exceed_frac_delta_p99,2.3999999999999716e-05
gan,162,exceed_frac_abs_delta_p99,2.3999999999999716e-05
gan,162,pd_distance,19.457879947992573
gan,162,mt_distance,9.695740699768066
gan,162,ssim,0.6200876871141603
gan,163,psnr,32.684865071237866
gan,163,wpd_bias,4.10353117139384
gan,163,wpd_mae,70.61735719628186
gan,163,wpd_rmse,273.0602940869607
gan,163,wpd_w1,5.856744129359462
gan,163,psd_log_l2,0.4212877499589846
gan,163,psd_slope_gt,1.5957931398354737
gan,163,psd_slope_sr,0.876562907003474
gan,163,psd_slope_delta,-0.7192302328319997
gan,163,psd_slope_abs_delta,0.7192302328319997
gan,163,grad_mae,0.21019545667551265
gan,163,grad_w1,0.05334808286599779
gan,163,grad_kurtosis_gt,54.462968667493314
gan,163,grad_kurtosis_sr,37.25379319615226
gan,163,grad_kurtosis_delta,-17.209175471341055
gan,163,grad_kurtosis_abs_delta,17.209175471341055
gan,163,exceed_frac_gt_t5,0.499848
gan,163,exceed_frac_sr_t5,0.503068
gan,163,exceed_frac_delta_t5,0.003219999999999945
gan,163,exceed_frac_abs_delta_t5,0.003219999999999945
gan,163,exceed_frac_gt_t10,0.025516
gan,163,exceed_frac_sr_t10,0.025844
gan,163,exceed_frac_delta_t10,0.00032799999999999843
gan,163,exceed_frac_abs_delta_t10,0.00032799999999999843
gan,163,exceed_frac_gt_t15,0.006552
gan,163,exceed_frac_sr_t15,0.006444
gan,163,exceed_frac_delta_t15,-0.00010799999999999959
gan,163,exceed_frac_abs_delta_t15,0.00010799999999999959
gan,163,exceed_frac_gt_p90,0.1
gan,163,exceed_frac_sr_p90,0.10522
gan,163,exceed_frac_delta_p90,0.0052199999999999885
gan,163,exceed_frac_abs_delta_p90,0.0052199999999999885
gan,163,exceed_frac_gt_p95,0.05
gan,163,exceed_frac_sr_p95,0.054576
gan,163,exceed_frac_delta_p95,0.004575999999999997
gan,163,exceed_frac_abs_delta_p95,0.004575999999999997
gan,163,exceed_frac_gt_p99,0.01
gan,163,exceed_frac_sr_p99,0.00952
gan,163,exceed_frac_delta_p99,-0.0004799999999999995
gan,163,exceed_frac_abs_delta_p99,0.0004799999999999995
gan,163,pd_distance,20.44637029980189
gan,163,mt_distance,6.788956165313721
gan,163,ssim,0.5838629536235947
gan,164,psnr,32.97695256377248
gan,164,wpd_bias,-0.8543764555363624
gan,164,wpd_mae,76.28128995604553
gan,164,wpd_rmse,280.90990845892134
gan,164,wpd_w1,8.730596084459117
gan,164,psd_log_l2,0.42698501880489775
gan,164,psd_slope_gt,1.8539996706150634
gan,164,psd_slope_sr,0.9902309224761006
gan,164,psd_slope_delta,-0.8637687481389629
gan,164,psd_slope_abs_delta,0.8637687481389629
gan,164,grad_mae,0.21799731240808556
gan,164,grad_w1,0.039677658243398216
gan,164,grad_kurtosis_gt,56.35284691321084
gan,164,grad_kurtosis_sr,33.172414118642386
gan,164,grad_kurtosis_delta,-23.180432794568453
gan,164,grad_kurtosis_abs_delta,23.180432794568453
gan,164,exceed_frac_gt_t5,0.546092
gan,164,exceed_frac_sr_t5,0.543864
gan,164,exceed_frac_delta_t5,-0.0022280000000000078
gan,164,exceed_frac_abs_delta_t5,0.0022280000000000078
gan,164,exceed_frac_gt_t10,0.030024
gan,164,exceed_frac_sr_t10,0.029704
gan,164,exceed_frac_delta_t10,-0.00031999999999999737
gan,164,exceed_frac_abs_delta_t10,0.00031999999999999737
gan,164,exceed_frac_gt_t15,0.006916
gan,164,exceed_frac_sr_t15,0.005348
gan,164,exceed_frac_delta_t15,-0.001568
gan,164,exceed_frac_abs_delta_t15,0.001568
gan,164,exceed_frac_gt_p90,0.1
gan,164,exceed_frac_sr_p90,0.104636
gan,164,exceed_frac_delta_p90,0.004636000000000001
gan,164,exceed_frac_abs_delta_p90,0.004636000000000001
gan,164,exceed_frac_gt_p95,0.05
gan,164,exceed_frac_sr_p95,0.052972
gan,164,exceed_frac_delta_p95,0.0029719999999999955
gan,164,exceed_frac_abs_delta_p95,0.0029719999999999955
gan,164,exceed_frac_gt_p99,0.01
gan,164,exceed_frac_sr_p99,0.008364
gan,164,exceed_frac_delta_p99,-0.0016360000000000003
gan,164,exceed_frac_abs_delta_p99,0.0016360000000000003
gan,164,pd_distance,18.82963529736202
gan,164,mt_distance,10.968896865844727
gan,164,ssim,0.5862488931244949
gan,165,psnr,32.45761208363964
gan,165,wpd_bias,-0.43362985299500534
gan,165,wpd_mae,107.28316570592561
gan,165,wpd_rmse,388.69635702172326
gan,165,wpd_w1,13.587324211192923
gan,165,psd_log_l2,0.46330492751271773
gan,165,psd_slope_gt,2.179563193699524
gan,165,psd_slope_sr,1.088446537158665
gan,165,psd_slope_delta,-1.091116656540859
gan,165,psd_slope_abs_delta,1.091116656540859
gan,165,grad_mae,0.26117112507363033
gan,165,grad_w1,0.03202803622280299
gan,165,grad_kurtosis_gt,44.31106871751048
gan,165,grad_kurtosis_sr,33.25750744311588
gan,165,grad_kurtosis_delta,-11.053561274394603
gan,165,grad_kurtosis_abs_delta,11.053561274394603
gan,165,exceed_frac_gt_t5,0.606012
gan,165,exceed_frac_sr_t5,0.607624
gan,165,exceed_frac_delta_t5,0.0016120000000000578
gan,165,exceed_frac_abs_delta_t5,0.0016120000000000578
gan,165,exceed_frac_gt_t10,0.045052
gan,165,exceed_frac_sr_t10,0.043092
gan,165,exceed_frac_delta_t10,-0.0019600000000000034
gan,165,exceed_frac_abs_delta_t10,0.0019600000000000034
gan,165,exceed_frac_gt_t15,0.010728
gan,165,exceed_frac_sr_t15,0.009544
gan,165,exceed_frac_delta_t15,-0.0011839999999999993
gan,165,exceed_frac_abs_delta_t15,0.0011839999999999993
gan,165,exceed_frac_gt_p90,0.1
gan,165,exceed_frac_sr_p90,0.09924
gan,165,exceed_frac_delta_p90,-0.0007600000000000107
gan,165,exceed_frac_abs_delta_p90,0.0007600000000000107
gan,165,exceed_frac_gt_p95,0.05
gan,165,exceed_frac_sr_p95,0.048028
gan,165,exceed_frac_delta_p95,-0.0019720000000000015
gan,165,exceed_frac_abs_delta_p95,0.0019720000000000015
gan,165,exceed_frac_gt_p99,0.01
gan,165,exceed_frac_sr_p99,0.008808
gan,165,exceed_frac_delta_p99,-0.0011920000000000004
gan,165,exceed_frac_abs_delta_p99,0.0011920000000000004
gan,165,pd_distance,20.548745956267595
gan,165,mt_distance,11.26945972442627
gan,165,ssim,0.5700947773982814
gan,166,psnr,31.68627086469874
gan,166,wpd_bias,-5.59150606555346
gan,166,wpd_mae,139.31310263125502
gan,166,wpd_rmse,460.4774080399629
gan,166,wpd_w1,14.58249800563061
gan,166,psd_log_l2,0.5155106247826241
gan,166,psd_slope_gt,2.425537144839458
gan,166,psd_slope_sr,1.0447229298528085
gan,166,psd_slope_delta,-1.3808142149866496
gan,166,psd_slope_abs_delta,1.3808142149866496
gan,166,grad_mae,0.28213565880401653
gan,166,grad_w1,0.03235630605530043
gan,166,grad_kurtosis_gt,34.1039286747155
gan,166,grad_kurtosis_sr,31.88097409980653
gan,166,grad_kurtosis_delta,-2.222954574908968
gan,166,grad_kurtosis_abs_delta,2.222954574908968
gan,166,exceed_frac_gt_t5,0.707184
gan,166,exceed_frac_sr_t5,0.707404
gan,166,exceed_frac_delta_t5,0.00021999999999999797
gan,166,exceed_frac_abs_delta_t5,0.00021999999999999797
gan,166,exceed_frac_gt_t10,0.076156
gan,166,exceed_frac_sr_t10,0.071444
gan,166,exceed_frac_delta_t10,-0.004712000000000008
gan,166,exceed_frac_abs_delta_t10,0.004712000000000008
gan,166,exceed_frac_gt_t15,0.017036
gan,166,exceed_frac_sr_t15,0.015748
gan,166,exceed_frac_delta_t15,-0.0012879999999999975
gan,166,exceed_frac_abs_delta_t15,0.0012879999999999975
gan,166,exceed_frac_gt_p90,0.1
gan,166,exceed_frac_sr_p90,0.096432
gan,166,exceed_frac_delta_p90,-0.0035680000000000017
gan,166,exceed_frac_abs_delta_p90,0.0035680000000000017
gan,166,exceed_frac_gt_p95,0.05
gan,166,exceed_frac_sr_p95,0.0459
gan,166,exceed_frac_delta_p95,-0.0040999999999999995
gan,166,exceed_frac_abs_delta_p95,0.0040999999999999995
gan,166,exceed_frac_gt_p99,0.01
gan,166,exceed_frac_sr_p99,0.009308
gan,166,exceed_frac_delta_p99,-0.0006919999999999999
gan,166,exceed_frac_abs_delta_p99,0.0006919999999999999
gan,166,pd_distance,20.79692555045691
gan,166,mt_distance,10.583955764770508
gan,166,ssim,0.5453404295069678
gan,167,psnr,31.685931067550396
gan,167,wpd_bias,-12.198648665182489
gan,167,wpd_mae,171.2579024026796
gan,167,wpd_rmse,516.5022895007017
gan,167,wpd_w1,17.63143435243029
gan,167,psd_log_l2,0.5555806068389724
gan,167,psd_slope_gt,2.4054056954944625
gan,167,psd_slope_sr,0.959166691414572
gan,167,psd_slope_delta,-1.4462390040798905
gan,167,psd_slope_abs_delta,1.4462390040798905
gan,167,grad_mae,0.3031616090391683
gan,167,grad_w1,0.04477419151919846
gan,167,grad_kurtosis_gt,31.404058725117963
gan,167,grad_kurtosis_sr,27.513974592378215
gan,167,grad_kurtosis_delta,-3.890084132739748
gan,167,grad_kurtosis_abs_delta,3.890084132739748
gan,167,exceed_frac_gt_t5,0.751572
gan,167,exceed_frac_sr_t5,0.749804
gan,167,exceed_frac_delta_t5,-0.0017679999999999918
gan,167,exceed_frac_abs_delta_t5,0.0017679999999999918
gan,167,exceed_frac_gt_t10,0.1045
gan,167,exceed_frac_sr_t10,0.099528
gan,167,exceed_frac_delta_t10,-0.00497199999999999
gan,167,exceed_frac_abs_delta_t10,0.00497199999999999
gan,167,exceed_frac_gt_t15,0.021432
gan,167,exceed_frac_sr_t15,0.020928
gan,167,exceed_frac_delta_t15,-0.000504000000000001
gan,167,exceed_frac_abs_delta_t15,0.000504000000000001
gan,167,exceed_frac_gt_p90,0.1
gan,167,exceed_frac_sr_p90,0.094216
gan,167,exceed_frac_delta_p90,-0.005784000000000011
gan,167,exceed_frac_abs_delta_p90,0.005784000000000011
gan,167,exceed_frac_gt_p95,0.05
gan,167,exceed_frac_sr_p95,0.045892
gan,167,exceed_frac_delta_p95,-0.0041080000000000005
gan,167,exceed_frac_abs_delta_p95,0.0041080000000000005
gan,167,exceed_frac_gt_p99,0.01
gan,167,exceed_frac_sr_p99,0.009336
gan,167,exceed_frac_delta_p99,-0.0006639999999999997
gan,167,exceed_frac_abs_delta_p99,0.0006639999999999997
gan,167,pd_distance,21.661112948338108
gan,167,mt_distance,7.244186878204346
gan,167,ssim,0.5571305474264625
