sample_idx,method,training_size,family,delta_ssim_speed_vs_cnn,delta_ssim_uv_mean_vs_cnn,speed_ssim_gt_cnn,uv_ssim_gt_cnn
0,candidateC_1344,1344,candidateC,0.03693928492538323,0.05650417392007534,True,True
1,candidateC_1344,1344,candidateC,0.04941567206640851,0.05777788315256793,True,True
2,candidateC_1344,1344,candidateC,0.04831763498262642,0.05445155756102438,True,True
3,candidateC_1344,1344,candidateC,0.05867010395841987,0.059488656641021875,True,True
4,candidateC_1344,1344,candidateC,0.051897538958801004,0.05215870747414375,True,True
5,candidateC_1344,1344,candidateC,0.05788705359131341,0.060471007538177135,True,True
6,candidateC_1344,1344,candidateC,0.06290476823174429,0.06949626811029597,True,True
7,candidateC_1344,1344,candidateC,0.056882493301112946,0.06202968896860506,True,True
8,candidateC_1344,1344,candidateC,0.061466173849072936,0.06535292468073406,True,True
9,candidateC_1344,1344,candidateC,0.05803107755735948,0.06383551833342072,True,True
10,candidateC_1344,1344,candidateC,0.0580380225542384,0.06561460430824695,True,True
11,candidateC_1344,1344,candidateC,0.06548245518340612,0.07218471966722095,True,True
12,candidateC_1344,1344,candidateC,0.06549150949885163,0.06655500580062723,True,True
13,candidateC_1344,1344,candidateC,0.05812123220410459,0.07216077253018827,True,True
14,candidateC_1344,1344,candidateC,0.06537443732203174,0.07494123716735013,True,True
15,candidateC_1344,1344,candidateC,0.06341445161352655,0.07689615720858312,True,True
16,candidateC_1344,1344,candidateC,0.06181429034991881,0.0734302429519309,True,True
17,candidateC_1344,1344,candidateC,0.06103050556681078,0.069206955550561,True,True
18,candidateC_1344,1344,candidateC,0.06800709205156885,0.07298263563660767,True,True
19,candidateC_1344,1344,candidateC,0.08411339485334668,0.08274737996235815,True,True
20,candidateC_1344,1344,candidateC,0.07806270614234734,0.07775604322159912,True,True
21,candidateC_1344,1344,candidateC,0.07883462305604194,0.08178640669095527,True,True
22,candidateC_1344,1344,candidateC,0.07933373469195082,0.08699058041782481,True,True
23,candidateC_1344,1344,candidateC,0.06997342152808972,0.07487778969555925,True,True
24,candidateC_1344,1344,candidateC,0.046358602860001596,0.07104487049392583,True,True
25,candidateC_1344,1344,candidateC,0.0206912609158576,0.05726317561946059,True,True
26,candidateC_1344,1344,candidateC,0.06674494215008508,0.0724914608563727,True,True
27,candidateC_1344,1344,candidateC,0.07718160566772458,0.07560234930389886,True,True
28,candidateC_1344,1344,candidateC,0.07107860984887238,0.06818643146960157,True,True
29,candidateC_1344,1344,candidateC,0.0589450520181628,0.05994635750182553,True,True
30,candidateC_1344,1344,candidateC,0.041613095508376885,0.053908641093610266,True,True
31,candidateC_1344,1344,candidateC,0.0551531635544229,0.05540018771751354,True,True
32,candidateC_1344,1344,candidateC,0.042309491275992483,0.04881882718821351,True,True
33,candidateC_1344,1344,candidateC,0.04323645412992794,0.04416998214199985,True,True
34,candidateC_1344,1344,candidateC,0.04632829402409211,0.04862749708970282,True,True
35,candidateC_1344,1344,candidateC,0.05656555004533037,0.05149542640403837,True,True
36,candidateC_1344,1344,candidateC,0.04862850861060852,0.050202673058165614,True,True
37,candidateC_1344,1344,candidateC,0.04896536814690311,0.05417561092777157,True,True
38,candidateC_1344,1344,candidateC,0.054151719565491696,0.05019899650146997,True,True
39,candidateC_1344,1344,candidateC,0.05040273642648441,0.05118257047065722,True,True
40,candidateC_1344,1344,candidateC,0.04543980978295259,0.04733813437761125,True,True
41,candidateC_1344,1344,candidateC,0.045649455457443255,0.048066739593384034,True,True
42,candidateC_1344,1344,candidateC,0.04274903915823591,0.04994568261742094,True,True
43,candidateC_1344,1344,candidateC,0.04387691321460885,0.05056070018032721,True,True
44,candidateC_1344,1344,candidateC,0.04361729797973868,0.051025794710174766,True,True
45,candidateC_1344,1344,candidateC,0.04467708936293169,0.05732843721499403,True,True
46,candidateC_1344,1344,candidateC,0.04910606158667907,0.06526453670398258,True,True
47,candidateC_1344,1344,candidateC,0.0528775398384248,0.06619187552328654,True,True
48,candidateC_1344,1344,candidateC,0.0497486133518068,0.059213213610934234,True,True
49,candidateC_1344,1344,candidateC,0.045299566650795264,0.059124800513233766,True,True
50,candidateC_1344,1344,candidateC,0.05270766743686117,0.06018990061716489,True,True
51,candidateC_1344,1344,candidateC,0.051476770516727055,0.0575334312681548,True,True
52,candidateC_1344,1344,candidateC,0.048001340920276414,0.05568742158847373,True,True
53,candidateC_1344,1344,candidateC,0.04669429708457129,0.05449627092304021,True,True
54,candidateC_1344,1344,candidateC,0.046846386361607206,0.05420621059327779,True,True
55,candidateC_1344,1344,candidateC,0.04652742417158695,0.05619575970859447,True,True
56,candidateC_1344,1344,candidateC,0.04920543904818531,0.057363610575150714,True,True
57,candidateC_1344,1344,candidateC,0.050716897062284216,0.05931422802025521,True,True
58,candidateC_1344,1344,candidateC,0.05125265232323506,0.05783280769342625,True,True
59,candidateC_1344,1344,candidateC,0.051174181658422246,0.05823950032315528,True,True
60,candidateC_1344,1344,candidateC,0.052247694315786575,0.054160321538808676,True,True
61,candidateC_1344,1344,candidateC,0.05527938361903295,0.05041138112291943,True,True
62,candidateC_1344,1344,candidateC,0.0526866860597337,0.055358893921814145,True,True
63,candidateC_1344,1344,candidateC,0.0552319952589424,0.05407170247930093,True,True
64,candidateC_1344,1344,candidateC,0.05184894289809516,0.050845917907157645,True,True
65,candidateC_1344,1344,candidateC,0.05300427755773518,0.05629037672935522,True,True
66,candidateC_1344,1344,candidateC,0.05428718883348127,0.06016570530075982,True,True
67,candidateC_1344,1344,candidateC,0.053598933613361543,0.06065782166759204,True,True
68,candidateC_1344,1344,candidateC,0.05791044426314207,0.05778473502634174,True,True
69,candidateC_1344,1344,candidateC,0.06218283358094068,0.06499717321146703,True,True
70,candidateC_1344,1344,candidateC,0.0661688968434937,0.06729120919440745,True,True
71,candidateC_1344,1344,candidateC,0.06391657048746946,0.06394221905287423,True,True
72,candidateC_1344,1344,candidateC,0.06315511408006802,0.06352361629851266,True,True
73,candidateC_1344,1344,candidateC,0.06514376058523119,0.0647536527756235,True,True
74,candidateC_1344,1344,candidateC,0.06416513180574901,0.0608571216973639,True,True
75,candidateC_1344,1344,candidateC,0.0650029240610075,0.062260255585570023,True,True
76,candidateC_1344,1344,candidateC,0.06794219623757725,0.06213017119407127,True,True
77,candidateC_1344,1344,candidateC,0.06949726200218886,0.06465095823233391,True,True
78,candidateC_1344,1344,candidateC,0.07060114644153204,0.0646441068074296,True,True
79,candidateC_1344,1344,candidateC,0.06834705852547285,0.06379580868900936,True,True
80,candidateC_1344,1344,candidateC,0.06756960961500513,0.06038876316173725,True,True
81,candidateC_1344,1344,candidateC,0.06403324962547507,0.06685834140805025,True,True
82,candidateC_1344,1344,candidateC,0.06565080181655802,0.06814761423037918,True,True
83,candidateC_1344,1344,candidateC,0.06992603648471762,0.07161888352735835,True,True
84,candidateC_1344,1344,candidateC,0.06887630908462317,0.07361652107273886,True,True
85,candidateC_1344,1344,candidateC,0.06606637980296559,0.07429030694443783,True,True
86,candidateC_1344,1344,candidateC,0.06486415423673864,0.07413967743968242,True,True
87,candidateC_1344,1344,candidateC,0.06469975866410993,0.07214730788326318,True,True
88,candidateC_1344,1344,candidateC,0.06489568379098165,0.07080614128738683,True,True
89,candidateC_1344,1344,candidateC,0.07025251083297057,0.08281544692699527,True,True
90,candidateC_1344,1344,candidateC,0.06894163375232498,0.08169242614473227,True,True
91,candidateC_1344,1344,candidateC,0.06815691899727383,0.08646590851789182,True,True
92,candidateC_1344,1344,candidateC,0.07063897953378528,0.08555977732220232,True,True
93,candidateC_1344,1344,candidateC,0.07571497026780949,0.08850223704977878,True,True
94,candidateC_1344,1344,candidateC,0.07713268688846164,0.08482836933435489,True,True
95,candidateC_1344,1344,candidateC,0.0770562494202407,0.07929462153655642,True,True
96,candidateC_1344,1344,candidateC,0.08346509438811267,0.08692597333786423,True,True
97,candidateC_1344,1344,candidateC,0.08297756792291422,0.08436452704515174,True,True
98,candidateC_1344,1344,candidateC,0.07935250054107923,0.07902250390813437,True,True
99,candidateC_1344,1344,candidateC,0.07773537469700997,0.07361332140091392,True,True
100,candidateC_1344,1344,candidateC,0.07439196675197268,0.07557625973480386,True,True
101,candidateC_1344,1344,candidateC,0.07498998219975384,0.08253785357687071,True,True
102,candidateC_1344,1344,candidateC,0.07598298833941286,0.08097050057852506,True,True
103,candidateC_1344,1344,candidateC,0.07310281907008354,0.08819043707975927,True,True
104,candidateC_1344,1344,candidateC,0.07685262692741068,0.09075859659147234,True,True
105,candidateC_1344,1344,candidateC,0.06695716984896294,0.07862054933891893,True,True
106,candidateC_1344,1344,candidateC,0.06373568124646678,0.0699473653081667,True,True
107,candidateC_1344,1344,candidateC,0.06449704201341422,0.07633974885674066,True,True
108,candidateC_1344,1344,candidateC,0.06437123055361949,0.07247253216344263,True,True
109,candidateC_1344,1344,candidateC,0.06267958732504797,0.07328800536210567,True,True
110,candidateC_1344,1344,candidateC,0.06054560109517526,0.06238542832415439,True,True
111,candidateC_1344,1344,candidateC,0.06227778642512072,0.059333174650536,True,True
112,candidateC_1344,1344,candidateC,0.06484785174442764,0.06651755592277797,True,True
113,candidateC_1344,1344,candidateC,0.06789801671989837,0.06646015403020078,True,True
114,candidateC_1344,1344,candidateC,0.06823166981193818,0.07140967816822019,True,True
115,candidateC_1344,1344,candidateC,0.05787556223445678,0.07003675675603993,True,True
116,candidateC_1344,1344,candidateC,0.0680462451767061,0.08003199002635486,True,True
117,candidateC_1344,1344,candidateC,0.06738799824048625,0.08823829049612164,True,True
118,candidateC_1344,1344,candidateC,0.06210214590357588,0.091584194160237,True,True
119,candidateC_1344,1344,candidateC,0.06332814967567268,0.08657081759233753,True,True
120,candidateC_1344,1344,candidateC,0.07212929115310363,0.09397093774215226,True,True
121,candidateC_1344,1344,candidateC,0.06991591664981411,0.08606145182272507,True,True
122,candidateC_1344,1344,candidateC,0.07608153884564406,0.0892689161884005,True,True
123,candidateC_1344,1344,candidateC,0.0741988346331387,0.08444498601169692,True,True
124,candidateC_1344,1344,candidateC,0.07774131836769826,0.07717909930502498,True,True
125,candidateC_1344,1344,candidateC,0.06711508614947415,0.07688032657350752,True,True
126,candidateC_1344,1344,candidateC,0.07511695048543832,0.07459814670623188,True,True
127,candidateC_1344,1344,candidateC,0.07869568769710167,0.06901499992028381,True,True
128,candidateC_1344,1344,candidateC,0.07267461646823559,0.0735352641078233,True,True
129,candidateC_1344,1344,candidateC,0.07769344544491097,0.07591836980053324,True,True
130,candidateC_1344,1344,candidateC,0.09238636744597173,0.06977900361516365,True,True
131,candidateC_1344,1344,candidateC,0.08260263410585045,0.06887362906026129,True,True
132,candidateC_1344,1344,candidateC,0.08603953363076366,0.07371656403790516,True,True
133,candidateC_1344,1344,candidateC,0.08768613907184042,0.07319187634286162,True,True
134,candidateC_1344,1344,candidateC,0.07081320906693067,0.06493117073234855,True,True
135,candidateC_1344,1344,candidateC,0.07421858778421875,0.0657267779447841,True,True
136,candidateC_1344,1344,candidateC,0.08826337069748025,0.07684443755266401,True,True
137,candidateC_1344,1344,candidateC,0.08542719723617465,0.07848801332217181,True,True
138,candidateC_1344,1344,candidateC,0.08191563486342524,0.08412059649069725,True,True
139,candidateC_1344,1344,candidateC,0.08634620586706876,0.08835731130596614,True,True
140,candidateC_1344,1344,candidateC,0.07848737450631038,0.08716707693499615,True,True
141,candidateC_1344,1344,candidateC,0.07926053945333678,0.0936792807118505,True,True
142,candidateC_1344,1344,candidateC,0.0770727582764531,0.09802919616766459,True,True
143,candidateC_1344,1344,candidateC,0.07277479022963007,0.09555654586405493,True,True
144,candidateC_1344,1344,candidateC,0.06985721491696861,0.09258302659492379,True,True
145,candidateC_1344,1344,candidateC,0.07758840540595868,0.08986983070231291,True,True
146,candidateC_1344,1344,candidateC,0.07664537426525309,0.09145603360747134,True,True
147,candidateC_1344,1344,candidateC,0.08226332589607777,0.0946704795916371,True,True
148,candidateC_1344,1344,candidateC,0.08329368568446538,0.09055872809490728,True,True
149,candidateC_1344,1344,candidateC,0.08419829492414654,0.09155968044159057,True,True
150,candidateC_1344,1344,candidateC,0.07320893674939166,0.07972436278290274,True,True
151,candidateC_1344,1344,candidateC,0.0768175282284268,0.08349940770485587,True,True
152,candidateC_1344,1344,candidateC,0.06727154058611662,0.08559201184225196,True,True
153,candidateC_1344,1344,candidateC,0.07257021090130555,0.08200915697276834,True,True
154,candidateC_1344,1344,candidateC,0.04977457413892539,0.06506967432668531,True,True
155,candidateC_1344,1344,candidateC,0.07595873168241107,0.07126940625125944,True,True
156,candidateC_1344,1344,candidateC,0.06316068841740263,0.06450816697316553,True,True
157,candidateC_1344,1344,candidateC,0.07176399668008304,0.06228064604137884,True,True
158,candidateC_1344,1344,candidateC,0.06607397899743495,0.06151497126773198,True,True
159,candidateC_1344,1344,candidateC,0.05869635431534859,0.05847865373677641,True,True
160,candidateC_1344,1344,candidateC,0.05465896799897185,0.05426776910835773,True,True
161,candidateC_1344,1344,candidateC,0.04596873252762124,0.062235537400824326,True,True
162,candidateC_1344,1344,candidateC,0.04125601813712676,0.06717924362404737,True,True
163,candidateC_1344,1344,candidateC,0.03222288853753741,0.05802050808115955,True,True
164,candidateC_1344,1344,candidateC,0.05401006792650653,0.060593725121300346,True,True
165,candidateC_1344,1344,candidateC,0.04239845346439819,0.05996418096213085,True,True
166,candidateC_1344,1344,candidateC,0.02270439237553412,0.04860306869912079,True,True
167,candidateC_1344,1344,candidateC,0.026549126844707893,0.04874376563925331,True,True
0,candidateC_168,168,candidateC,0.019467566622553778,0.025056304866814982,True,True
1,candidateC_168,168,candidateC,0.021735196433938397,0.023834453423784763,True,True
2,candidateC_168,168,candidateC,0.027882427414924416,0.023027179869547387,True,True
3,candidateC_168,168,candidateC,0.032001626634505564,0.028846625991288732,True,True
4,candidateC_168,168,candidateC,0.025375578743195515,0.022313496949788125,True,True
5,candidateC_168,168,candidateC,0.032096922860153754,0.03160558712421657,True,True
6,candidateC_168,168,candidateC,0.03611394399824852,0.040241664093884744,True,True
7,candidateC_168,168,candidateC,0.03073191845671641,0.03323941033182021,True,True
8,candidateC_168,168,candidateC,0.035485187896427406,0.035549908256127916,True,True
9,candidateC_168,168,candidateC,0.03471566834103712,0.03565897837934928,True,True
10,candidateC_168,168,candidateC,0.04207190326222365,0.040232351595136495,True,True
11,candidateC_168,168,candidateC,0.037411957892993675,0.04038525581380603,True,True
12,candidateC_168,168,candidateC,0.03560678300990494,0.035769271292797944,True,True
13,candidateC_168,168,candidateC,0.025782329575889107,0.039117071458957264,True,True
14,candidateC_168,168,candidateC,0.034263685015714196,0.040795416613849333,True,True
15,candidateC_168,168,candidateC,0.035111892670825484,0.044401950095681486,True,True
16,candidateC_168,168,candidateC,0.03286012110179348,0.040774708790342284,True,True
17,candidateC_168,168,candidateC,0.03176930272052503,0.038532481423458664,True,True
18,candidateC_168,168,candidateC,0.04212519681614135,0.04049352118729821,True,True
19,candidateC_168,168,candidateC,0.04837126082426091,0.04449431197368314,True,True
20,candidateC_168,168,candidateC,0.046927554187267906,0.04207247751236165,True,True
21,candidateC_168,168,candidateC,0.047798305611367,0.04455883296503449,True,True
22,candidateC_168,168,candidateC,0.04951243427644658,0.04991964783967917,True,True
23,candidateC_168,168,candidateC,0.04391344257689622,0.04215945251808384,True,True
24,candidateC_168,168,candidateC,0.01825365984572669,0.03886186716115114,True,True
25,candidateC_168,168,candidateC,-0.000209098221947146,0.03027222621916348,False,True
26,candidateC_168,168,candidateC,0.04601523769085014,0.04146319998082548,True,True
27,candidateC_168,168,candidateC,0.03351232104572743,0.041530782225562946,True,True
28,candidateC_168,168,candidateC,0.04047651106944494,0.03767021259431913,True,True
29,candidateC_168,168,candidateC,0.02956559033916517,0.030507431025692866,True,True
30,candidateC_168,168,candidateC,0.0169258422150248,0.027314073223022817,True,True
31,candidateC_168,168,candidateC,0.024433961726762377,0.028340524679910883,True,True
32,candidateC_168,168,candidateC,0.014455819702133943,0.025512487855713584,True,True
33,candidateC_168,168,candidateC,0.018361550239483715,0.023230242911053578,True,True
34,candidateC_168,168,candidateC,0.02323196945868433,0.02585422375855284,True,True
35,candidateC_168,168,candidateC,0.031972442039321036,0.027339142479096967,True,True
36,candidateC_168,168,candidateC,0.022486153484715166,0.025622342963875777,True,True
37,candidateC_168,168,candidateC,0.024541564331629573,0.026756960708931077,True,True
38,candidateC_168,168,candidateC,0.028667901461815304,0.024147838698771462,True,True
39,candidateC_168,168,candidateC,0.024025544444536417,0.024195457583852775,True,True
40,candidateC_168,168,candidateC,0.023732415222312953,0.023476554258846205,True,True
41,candidateC_168,168,candidateC,0.023672705591679888,0.02216035894818147,True,True
42,candidateC_168,168,candidateC,0.021954401885614816,0.023896523782846457,True,True
43,candidateC_168,168,candidateC,0.02257868449737621,0.023299698795303803,True,True
44,candidateC_168,168,candidateC,0.020944414949101042,0.023158909815114703,True,True
45,candidateC_168,168,candidateC,0.021415877614811563,0.025046981685957537,True,True
46,candidateC_168,168,candidateC,0.023949094331588983,0.0315555423069902,True,True
47,candidateC_168,168,candidateC,0.024453289008993573,0.03181204221546452,True,True
48,candidateC_168,168,candidateC,0.02005305333711538,0.02503363470420439,True,True
49,candidateC_168,168,candidateC,0.018645022048533022,0.027619059920692357,True,True
50,candidateC_168,168,candidateC,0.027449018030949124,0.028556594951069103,True,True
51,candidateC_168,168,candidateC,0.025988081247701467,0.026103668523072665,True,True
52,candidateC_168,168,candidateC,0.02481247145365173,0.027326636774054336,True,True
53,candidateC_168,168,candidateC,0.02473471561361451,0.026894379473701213,True,True
54,candidateC_168,168,candidateC,0.0265914284855443,0.029072749404153275,True,True
55,candidateC_168,168,candidateC,0.025666770800445216,0.028773311339641117,True,True
56,candidateC_168,168,candidateC,0.026883820078573595,0.030101503809041197,True,True
57,candidateC_168,168,candidateC,0.02907119224332677,0.031830046841138326,True,True
58,candidateC_168,168,candidateC,0.029081517125666756,0.030891786069078497,True,True
59,candidateC_168,168,candidateC,0.029590772071373173,0.0323490060978735,True,True
60,candidateC_168,168,candidateC,0.030901745814741588,0.030697598639275014,True,True
61,candidateC_168,168,candidateC,0.0326033066545689,0.027642188088579545,True,True
62,candidateC_168,168,candidateC,0.031672716746218854,0.034816879110600274,True,True
63,candidateC_168,168,candidateC,0.03257251225556079,0.03241237529581564,True,True
64,candidateC_168,168,candidateC,0.029618246191620456,0.028514323516696027,True,True
65,candidateC_168,168,candidateC,0.0309138692152372,0.03231175356238092,True,True
66,candidateC_168,168,candidateC,0.030897533301128433,0.03320635077371592,True,True
67,candidateC_168,168,candidateC,0.03188349988077166,0.03498339260030192,True,True
68,candidateC_168,168,candidateC,0.03698130850226666,0.03266588093778844,True,True
69,candidateC_168,168,candidateC,0.041433672405077004,0.03984629779172599,True,True
70,candidateC_168,168,candidateC,0.04454017834100188,0.04452015142114707,True,True
71,candidateC_168,168,candidateC,0.041343865583655104,0.04094658058884981,True,True
72,candidateC_168,168,candidateC,0.04107854866587568,0.04131827350515127,True,True
73,candidateC_168,168,candidateC,0.04276199611047782,0.04205181462255747,True,True
74,candidateC_168,168,candidateC,0.04254995820783891,0.039366591654975025,True,True
75,candidateC_168,168,candidateC,0.04258375305618689,0.03967759973248153,True,True
76,candidateC_168,168,candidateC,0.04303132334784843,0.03902408272755431,True,True
77,candidateC_168,168,candidateC,0.045588882809298736,0.04164388051743284,True,True
78,candidateC_168,168,candidateC,0.04513447131986803,0.03995934639966314,True,True
79,candidateC_168,168,candidateC,0.04237566732601794,0.038442659966335335,True,True
80,candidateC_168,168,candidateC,0.041799596442368636,0.034768362150178866,True,True
81,candidateC_168,168,candidateC,0.041188177761603995,0.03965624783579291,True,True
82,candidateC_168,168,candidateC,0.03983590075157761,0.04063002467659671,True,True
83,candidateC_168,168,candidateC,0.04417375123246192,0.043979591433570664,True,True
84,candidateC_168,168,candidateC,0.04306952367625505,0.04508021231253967,True,True
85,candidateC_168,168,candidateC,0.03992579640028504,0.044803469390102935,True,True
86,candidateC_168,168,candidateC,0.044207468554413154,0.046626665380136156,True,True
87,candidateC_168,168,candidateC,0.04133509722110884,0.046120321144828114,True,True
88,candidateC_168,168,candidateC,0.03840275516881275,0.04036722931159065,True,True
89,candidateC_168,168,candidateC,0.03936020465580803,0.04701934087919146,True,True
90,candidateC_168,168,candidateC,0.038760193685230315,0.045852317078204696,True,True
91,candidateC_168,168,candidateC,0.03992754313457314,0.04975727291670695,True,True
92,candidateC_168,168,candidateC,0.04470881949639949,0.04987441524031455,True,True
93,candidateC_168,168,candidateC,0.04783256768715671,0.0531457290095676,True,True
94,candidateC_168,168,candidateC,0.05052485433513887,0.05168525221836029,True,True
95,candidateC_168,168,candidateC,0.0495282126875739,0.04734404046061447,True,True
96,candidateC_168,168,candidateC,0.05465856881714082,0.05508520668657746,True,True
97,candidateC_168,168,candidateC,0.05321925314884279,0.05487948163828338,True,True
98,candidateC_168,168,candidateC,0.04796627541765863,0.04993186498558955,True,True
99,candidateC_168,168,candidateC,0.0526677478035702,0.04745135958525193,True,True
100,candidateC_168,168,candidateC,0.04934089498932592,0.05005064880532928,True,True
101,candidateC_168,168,candidateC,0.04914392030302073,0.05309033865995316,True,True
102,candidateC_168,168,candidateC,0.04927707495715383,0.0518920290321756,True,True
103,candidateC_168,168,candidateC,0.048352987081134,0.05532943260142675,True,True
104,candidateC_168,168,candidateC,0.048190164442219574,0.05629112647771295,True,True
105,candidateC_168,168,candidateC,0.04469806758076256,0.04821914193241661,True,True
106,candidateC_168,168,candidateC,0.042654867977195976,0.043230578754073434,True,True
107,candidateC_168,168,candidateC,0.042557060469433416,0.04970397973111573,True,True
108,candidateC_168,168,candidateC,0.04228318021969779,0.047211915052674414,True,True
109,candidateC_168,168,candidateC,0.041038054196892326,0.04605764577361682,True,True
110,candidateC_168,168,candidateC,0.0396957066144088,0.04171378499866629,True,True
111,candidateC_168,168,candidateC,0.040560323649185936,0.04108209467846857,True,True
112,candidateC_168,168,candidateC,0.04233869890658071,0.044265786288471665,True,True
113,candidateC_168,168,candidateC,0.042739741954525345,0.04360758603462522,True,True
114,candidateC_168,168,candidateC,0.04566563747763419,0.047711087082981996,True,True
115,candidateC_168,168,candidateC,0.037621059565762005,0.04398030365483174,True,True
116,candidateC_168,168,candidateC,0.044784811179963024,0.05040883033147081,True,True
117,candidateC_168,168,candidateC,0.04400157706816332,0.05524495267692142,True,True
118,candidateC_168,168,candidateC,0.0401345809381507,0.05585263452908962,True,True
119,candidateC_168,168,candidateC,0.03941798659301998,0.05360170510189377,True,True
120,candidateC_168,168,candidateC,0.04655536037977448,0.05751949397134115,True,True
121,candidateC_168,168,candidateC,0.04499039786664005,0.05323924022601345,True,True
122,candidateC_168,168,candidateC,0.04745013878118376,0.05510434423497268,True,True
123,candidateC_168,168,candidateC,0.046894159938249635,0.053345485887735467,True,True
124,candidateC_168,168,candidateC,0.04992200182807327,0.049690220004648955,True,True
125,candidateC_168,168,candidateC,0.04367737186907006,0.050185352936716554,True,True
126,candidateC_168,168,candidateC,0.047991406684972704,0.0485947589990523,True,True
127,candidateC_168,168,candidateC,0.0510394719299202,0.04403083994943613,True,True
128,candidateC_168,168,candidateC,0.046498722876574194,0.04588001621195126,True,True
129,candidateC_168,168,candidateC,0.04914557160192545,0.04629976990437745,True,True
130,candidateC_168,168,candidateC,0.05073945742118979,0.04334513671864337,True,True
131,candidateC_168,168,candidateC,0.05140052595829969,0.042562013552695066,True,True
132,candidateC_168,168,candidateC,0.05632523900605546,0.04677540045855633,True,True
133,candidateC_168,168,candidateC,0.05617369566750818,0.04413198296931031,True,True
134,candidateC_168,168,candidateC,0.042768000017409546,0.03979910732929759,True,True
135,candidateC_168,168,candidateC,0.042410944505562154,0.04095919501894518,True,True
136,candidateC_168,168,candidateC,0.05346956965422911,0.04501062197904626,True,True
137,candidateC_168,168,candidateC,0.0524333499606654,0.045712023058783524,True,True
138,candidateC_168,168,candidateC,0.048322830595060484,0.047229714295685676,True,True
139,candidateC_168,168,candidateC,0.05259142965524255,0.049804673609123995,True,True
140,candidateC_168,168,candidateC,0.047938950936263325,0.04586929885243696,True,True
141,candidateC_168,168,candidateC,0.046068353664573514,0.04838477073445502,True,True
142,candidateC_168,168,candidateC,0.047060124258325176,0.052380707706832896,True,True
143,candidateC_168,168,candidateC,0.04503586265096804,0.051418425477654295,True,True
144,candidateC_168,168,candidateC,0.04335416492713107,0.04821773670003826,True,True
145,candidateC_168,168,candidateC,0.04876613300158994,0.04435823749238921,True,True
146,candidateC_168,168,candidateC,0.0529920827170306,0.05021262560971429,True,True
147,candidateC_168,168,candidateC,0.050982245303220486,0.05019841604827313,True,True
148,candidateC_168,168,candidateC,0.05062270179448192,0.04687568898323491,True,True
149,candidateC_168,168,candidateC,0.04816038379335519,0.0478812187792087,True,True
150,candidateC_168,168,candidateC,0.039840320014605246,0.039926930550031714,True,True
151,candidateC_168,168,candidateC,0.04459449752198874,0.04244536253982234,True,True
152,candidateC_168,168,candidateC,0.030692752210456864,0.04069542556228445,True,True
153,candidateC_168,168,candidateC,0.0276266959169863,0.036724648471650356,True,True
154,candidateC_168,168,candidateC,0.01903595849437123,0.022961561788488072,True,True
155,candidateC_168,168,candidateC,0.0316690382811643,0.029638124003358857,True,True
156,candidateC_168,168,candidateC,0.022382532042921066,0.024213271691726934,True,True
157,candidateC_168,168,candidateC,0.02766986223126966,0.02388093564974547,True,True
158,candidateC_168,168,candidateC,0.022420722490254508,0.02443712386064001,True,True
159,candidateC_168,168,candidateC,0.02509105245826715,0.026674091168405356,True,True
160,candidateC_168,168,candidateC,0.02530275920864633,0.022905392130292856,True,True
161,candidateC_168,168,candidateC,0.019862346311645962,0.03049546502505307,True,True
162,candidateC_168,168,candidateC,0.019714543405424778,0.033366521806278526,True,True
163,candidateC_168,168,candidateC,0.01217622179484501,0.02411832735964703,True,True
164,candidateC_168,168,candidateC,0.02756800165554152,0.026011240076299513,True,True
165,candidateC_168,168,candidateC,0.014703901484013904,0.023709279383782866,True,True
166,candidateC_168,168,candidateC,-0.0038816326210884267,0.01375235091038185,False,True
167,candidateC_168,168,candidateC,0.010027486384297513,0.015137222775942094,True,True
0,candidateC_2688,2688,candidateC,0.042602469382788,0.0630793667739531,True,True
1,candidateC_2688,2688,candidateC,0.05836502487169004,0.06543984222734422,True,True
2,candidateC_2688,2688,candidateC,0.056454359011621325,0.0620489524158907,True,True
3,candidateC_2688,2688,candidateC,0.06802398480954297,0.0674060522020633,True,True
4,candidateC_2688,2688,candidateC,0.05955697714221908,0.05717315087857788,True,True
5,candidateC_2688,2688,candidateC,0.06482351795919017,0.06714522787263477,True,True
6,candidateC_2688,2688,candidateC,0.07085202849917294,0.07692541709461698,True,True
7,candidateC_2688,2688,candidateC,0.06481361983846579,0.06980195792747557,True,True
8,candidateC_2688,2688,candidateC,0.06843031402102862,0.07366680331786313,True,True
9,candidateC_2688,2688,candidateC,0.06543939180709113,0.07177432565658037,True,True
10,candidateC_2688,2688,candidateC,0.06487510214053416,0.07359170714110363,True,True
11,candidateC_2688,2688,candidateC,0.07377523371694772,0.08177349739962714,True,True
12,candidateC_2688,2688,candidateC,0.07439572162076435,0.07578162661239651,True,True
13,candidateC_2688,2688,candidateC,0.06905655885148332,0.08211636973352832,True,True
14,candidateC_2688,2688,candidateC,0.07648671603405754,0.08554614593747178,True,True
15,candidateC_2688,2688,candidateC,0.07403528695613537,0.08698231574129744,True,True
16,candidateC_2688,2688,candidateC,0.07041440031030943,0.08258411329327131,True,True
17,candidateC_2688,2688,candidateC,0.06963885991817309,0.07895475787406459,True,True
18,candidateC_2688,2688,candidateC,0.07998958175995641,0.08398999143846808,True,True
19,candidateC_2688,2688,candidateC,0.094560907740873,0.09260205468919147,True,True
20,candidateC_2688,2688,candidateC,0.08544049827658351,0.0865931091955694,True,True
21,candidateC_2688,2688,candidateC,0.09038611696468679,0.09179715139551159,True,True
22,candidateC_2688,2688,candidateC,0.09102398705223536,0.09609050489120241,True,True
23,candidateC_2688,2688,candidateC,0.08104015851407875,0.08312436419129177,True,True
24,candidateC_2688,2688,candidateC,0.05745336642396137,0.07964869437076949,True,True
25,candidateC_2688,2688,candidateC,0.03886717991590127,0.06688005581082113,True,True
26,candidateC_2688,2688,candidateC,0.07140964653178439,0.07784847434273368,True,True
27,candidateC_2688,2688,candidateC,0.07997201856651048,0.08283636905847824,True,True
28,candidateC_2688,2688,candidateC,0.08053686707329277,0.07634427659391019,True,True
29,candidateC_2688,2688,candidateC,0.0701210425510369,0.06768852455518282,True,True
30,candidateC_2688,2688,candidateC,0.05099682498677449,0.060860107919983975,True,True
31,candidateC_2688,2688,candidateC,0.06374437644169684,0.0621844753221924,True,True
32,candidateC_2688,2688,candidateC,0.049268670544444726,0.0552457779550557,True,True
33,candidateC_2688,2688,candidateC,0.04855956107330606,0.048267994727459795,True,True
34,candidateC_2688,2688,candidateC,0.05130284280884878,0.05238368714115915,True,True
35,candidateC_2688,2688,candidateC,0.0614869652033565,0.055104170077126646,True,True
36,candidateC_2688,2688,candidateC,0.05260355230494762,0.05339251371821063,True,True
37,candidateC_2688,2688,candidateC,0.054288295577007206,0.0599357172799847,True,True
38,candidateC_2688,2688,candidateC,0.05903033057758422,0.05575085285869019,True,True
39,candidateC_2688,2688,candidateC,0.05509997914410958,0.05492016796556709,True,True
40,candidateC_2688,2688,candidateC,0.04971898717176315,0.05002095629282555,True,True
41,candidateC_2688,2688,candidateC,0.049534102593697615,0.05070257617221108,True,True
42,candidateC_2688,2688,candidateC,0.04663230103213023,0.052818757516464365,True,True
43,candidateC_2688,2688,candidateC,0.047569819286297554,0.05327099469517038,True,True
44,candidateC_2688,2688,candidateC,0.04970286531717327,0.0545381252355428,True,True
45,candidateC_2688,2688,candidateC,0.04958925786938251,0.061558340758455676,True,True
46,candidateC_2688,2688,candidateC,0.05583373056062346,0.07063923099090053,True,True
47,candidateC_2688,2688,candidateC,0.06125280291627633,0.07172281019879623,True,True
48,candidateC_2688,2688,candidateC,0.05788459001984814,0.06540503084697291,True,True
49,candidateC_2688,2688,candidateC,0.05233096462687681,0.06469404388209987,True,True
50,candidateC_2688,2688,candidateC,0.05925571417748099,0.06624099387723947,True,True
51,candidateC_2688,2688,candidateC,0.05845197185909756,0.06372628313206707,True,True
52,candidateC_2688,2688,candidateC,0.054077553578276594,0.062006503519525635,True,True
53,candidateC_2688,2688,candidateC,0.05190446217914635,0.060941322596163694,True,True
54,candidateC_2688,2688,candidateC,0.0515773601381716,0.06160154387974448,True,True
55,candidateC_2688,2688,candidateC,0.05141969324034934,0.06262971348263124,True,True
56,candidateC_2688,2688,candidateC,0.05415421417561039,0.0640631765615961,True,True
57,candidateC_2688,2688,candidateC,0.05603370670620189,0.066879719761196,True,True
58,candidateC_2688,2688,candidateC,0.056528424058368554,0.06474500965168062,True,True
59,candidateC_2688,2688,candidateC,0.055753928926173923,0.06368790586879947,True,True
60,candidateC_2688,2688,candidateC,0.057086075314580764,0.060128374968073994,True,True
61,candidateC_2688,2688,candidateC,0.0602153878942393,0.05750242783192627,True,True
62,candidateC_2688,2688,candidateC,0.05687109250369271,0.06170487039532624,True,True
63,candidateC_2688,2688,candidateC,0.059435992111107394,0.06033463084986923,True,True
64,candidateC_2688,2688,candidateC,0.05670724252416437,0.05722538152604739,True,True
65,candidateC_2688,2688,candidateC,0.058046874717672,0.062354612757489214,True,True
66,candidateC_2688,2688,candidateC,0.05892573277927626,0.0670996911378463,True,True
67,candidateC_2688,2688,candidateC,0.058144705933036445,0.06682535811596091,True,True
68,candidateC_2688,2688,candidateC,0.06268560952085744,0.06202227201830457,True,True
69,candidateC_2688,2688,candidateC,0.06812395259777793,0.0737682907628413,True,True
70,candidateC_2688,2688,candidateC,0.07578377482958387,0.07583364346574739,True,True
71,candidateC_2688,2688,candidateC,0.06914024229214843,0.0711847123904461,True,True
72,candidateC_2688,2688,candidateC,0.0679636772386415,0.07005106975941233,True,True
73,candidateC_2688,2688,candidateC,0.07018212482810493,0.07103923769446263,True,True
74,candidateC_2688,2688,candidateC,0.06873196433530349,0.06702533856256854,True,True
75,candidateC_2688,2688,candidateC,0.06946891364156593,0.06838169233644587,True,True
76,candidateC_2688,2688,candidateC,0.0721934087832311,0.06870925751588453,True,True
77,candidateC_2688,2688,candidateC,0.07432444576182529,0.07109082595236171,True,True
78,candidateC_2688,2688,candidateC,0.07570137721096293,0.07094548942689716,True,True
79,candidateC_2688,2688,candidateC,0.07345422429977655,0.07014725421042589,True,True
80,candidateC_2688,2688,candidateC,0.07262371113290711,0.06677182298271456,True,True
81,candidateC_2688,2688,candidateC,0.06978396437347978,0.07236478763943488,True,True
82,candidateC_2688,2688,candidateC,0.07050130626766693,0.0749369238388965,True,True
83,candidateC_2688,2688,candidateC,0.0750966676804854,0.07852888446219886,True,True
84,candidateC_2688,2688,candidateC,0.07434156780694845,0.07962951501520754,True,True
85,candidateC_2688,2688,candidateC,0.07132266901607376,0.08033674780408706,True,True
86,candidateC_2688,2688,candidateC,0.07072516710017818,0.08134773055447297,True,True
87,candidateC_2688,2688,candidateC,0.0699128194062072,0.07912539925414452,True,True
88,candidateC_2688,2688,candidateC,0.07142383958604015,0.07840257565329256,True,True
89,candidateC_2688,2688,candidateC,0.07863997107007636,0.09059556265407509,True,True
90,candidateC_2688,2688,candidateC,0.07781964879409153,0.09134750368875488,True,True
91,candidateC_2688,2688,candidateC,0.07694239764164312,0.09360999638311263,True,True
92,candidateC_2688,2688,candidateC,0.08004051448154492,0.09603483614587027,True,True
93,candidateC_2688,2688,candidateC,0.08551931674149427,0.09967109572196553,True,True
94,candidateC_2688,2688,candidateC,0.08730816495719873,0.09547987942729219,True,True
95,candidateC_2688,2688,candidateC,0.0874988606379834,0.08991237819499776,True,True
96,candidateC_2688,2688,candidateC,0.09314215780902524,0.09755103572225843,True,True
97,candidateC_2688,2688,candidateC,0.09299233146441621,0.09616493784900071,True,True
98,candidateC_2688,2688,candidateC,0.09091930841053408,0.09067768314268565,True,True
99,candidateC_2688,2688,candidateC,0.08632697685661961,0.08383995504326325,True,True
100,candidateC_2688,2688,candidateC,0.08340436777803739,0.08537393772881885,True,True
101,candidateC_2688,2688,candidateC,0.08390161176052746,0.09245846797018586,True,True
102,candidateC_2688,2688,candidateC,0.08545672191289233,0.09067855314788564,True,True
103,candidateC_2688,2688,candidateC,0.08879917927442849,0.09908615402269183,True,True
104,candidateC_2688,2688,candidateC,0.09292581778898545,0.09993199402101505,True,True
105,candidateC_2688,2688,candidateC,0.07588057969388973,0.08717886687092724,True,True
106,candidateC_2688,2688,candidateC,0.07137788848895155,0.0781632737725082,True,True
107,candidateC_2688,2688,candidateC,0.07309187761283165,0.08482326972717613,True,True
108,candidateC_2688,2688,candidateC,0.07338714997312801,0.0810505421683374,True,True
109,candidateC_2688,2688,candidateC,0.07605692694371147,0.08019972289410293,True,True
110,candidateC_2688,2688,candidateC,0.0703543245383973,0.07209106572072865,True,True
111,candidateC_2688,2688,candidateC,0.07195913247228225,0.06861508595899113,True,True
112,candidateC_2688,2688,candidateC,0.07433416176678886,0.0759075318351553,True,True
113,candidateC_2688,2688,candidateC,0.0774316240003885,0.07622854419333314,True,True
114,candidateC_2688,2688,candidateC,0.07898997396663332,0.08121698808819333,True,True
115,candidateC_2688,2688,candidateC,0.06821988158409631,0.08019799052595544,True,True
116,candidateC_2688,2688,candidateC,0.08054595380661489,0.09115588419949461,True,True
117,candidateC_2688,2688,candidateC,0.07825380041969765,0.09968692837329496,True,True
118,candidateC_2688,2688,candidateC,0.07271296931209925,0.10367587273513712,True,True
119,candidateC_2688,2688,candidateC,0.0735350286474975,0.09864968439229016,True,True
120,candidateC_2688,2688,candidateC,0.08319119229544769,0.10618112472295738,True,True
121,candidateC_2688,2688,candidateC,0.08121160105110092,0.09860262225809802,True,True
122,candidateC_2688,2688,candidateC,0.08726062316217698,0.102088795889821,True,True
123,candidateC_2688,2688,candidateC,0.08480916505283598,0.09568847705548778,True,True
124,candidateC_2688,2688,candidateC,0.08876565330048725,0.0869810448392816,True,True
125,candidateC_2688,2688,candidateC,0.07680651359329682,0.08804706075218471,True,True
126,candidateC_2688,2688,candidateC,0.0873330102861074,0.08585335681173634,True,True
127,candidateC_2688,2688,candidateC,0.08989675898937488,0.0789146831816796,True,True
128,candidateC_2688,2688,candidateC,0.08303152562037741,0.08390250860964865,True,True
129,candidateC_2688,2688,candidateC,0.08769213344843163,0.08471774942650967,True,True
130,candidateC_2688,2688,candidateC,0.10151955601809581,0.08030054194581648,True,True
131,candidateC_2688,2688,candidateC,0.09526050038227973,0.07946325511762609,True,True
132,candidateC_2688,2688,candidateC,0.09907044195785375,0.08431750846931552,True,True
133,candidateC_2688,2688,candidateC,0.10204586400736926,0.08443423574140696,True,True
134,candidateC_2688,2688,candidateC,0.0843076232651564,0.07512552345115076,True,True
135,candidateC_2688,2688,candidateC,0.08728227602469996,0.07537936895670039,True,True
136,candidateC_2688,2688,candidateC,0.10190726718174281,0.0873412677149592,True,True
137,candidateC_2688,2688,candidateC,0.09812188550358225,0.08877504422018578,True,True
138,candidateC_2688,2688,candidateC,0.09478313486369139,0.0944458222495107,True,True
139,candidateC_2688,2688,candidateC,0.0947487468072945,0.09748866292350655,True,True
140,candidateC_2688,2688,candidateC,0.08947639573669253,0.09674013681573057,True,True
141,candidateC_2688,2688,candidateC,0.0930547385074979,0.10488391028902799,True,True
142,candidateC_2688,2688,candidateC,0.08788675356929254,0.10842859588803633,True,True
143,candidateC_2688,2688,candidateC,0.0816990844289539,0.10557360737279575,True,True
144,candidateC_2688,2688,candidateC,0.07773352310302473,0.10182074620720205,True,True
145,candidateC_2688,2688,candidateC,0.085039850659823,0.09918570840100338,True,True
146,candidateC_2688,2688,candidateC,0.0829816989631641,0.09900587022803886,True,True
147,candidateC_2688,2688,candidateC,0.08809723177146112,0.10171962184540706,True,True
148,candidateC_2688,2688,candidateC,0.09117034546701608,0.09809045608750966,True,True
149,candidateC_2688,2688,candidateC,0.09190620495043622,0.09907496068098198,True,True
150,candidateC_2688,2688,candidateC,0.08107820570205704,0.08631523198004087,True,True
151,candidateC_2688,2688,candidateC,0.08503061550038071,0.09014644958277906,True,True
152,candidateC_2688,2688,candidateC,0.07350518529255057,0.09291962765606754,True,True
153,candidateC_2688,2688,candidateC,0.08029305615118665,0.08958766548363717,True,True
154,candidateC_2688,2688,candidateC,0.058232394597592885,0.0724321359075133,True,True
155,candidateC_2688,2688,candidateC,0.08704517654699084,0.0787921344394863,True,True
156,candidateC_2688,2688,candidateC,0.07325004946447988,0.07143446705889223,True,True
157,candidateC_2688,2688,candidateC,0.08005039929256019,0.0682567535502564,True,True
158,candidateC_2688,2688,candidateC,0.07521248128334501,0.06782689156132737,True,True
159,candidateC_2688,2688,candidateC,0.06988961025426466,0.06477691576374378,True,True
160,candidateC_2688,2688,candidateC,0.05954140645734185,0.05906589559938513,True,True
161,candidateC_2688,2688,candidateC,0.052450899284355645,0.06749413722143272,True,True
162,candidateC_2688,2688,candidateC,0.04746343090021998,0.07303033782820612,True,True
163,candidateC_2688,2688,candidateC,0.03815312894356149,0.06341287994045741,True,True
164,candidateC_2688,2688,candidateC,0.06004298573248734,0.06664417210468221,True,True
165,candidateC_2688,2688,candidateC,0.05535477964602076,0.07114912785457639,True,True
166,candidateC_2688,2688,candidateC,0.036323468534930736,0.06198431978105989,True,True
167,candidateC_2688,2688,candidateC,0.03696172531915942,0.05832533336521206,True,True
0,candidateC_672,672,candidateC,0.03095913851099752,0.048951887387937765,True,True
1,candidateC_672,672,candidateC,0.04742329540024559,0.05137028910727082,True,True
2,candidateC_672,672,candidateC,0.040999814933317835,0.046254498789598086,True,True
3,candidateC_672,672,candidateC,0.048474921301821294,0.05034211959378876,True,True
4,candidateC_672,672,candidateC,0.042788073649144054,0.04321906249604757,True,True
5,candidateC_672,672,candidateC,0.051084037719505426,0.05288685607940913,True,True
6,candidateC_672,672,candidateC,0.05602285305798371,0.062238985272740854,True,True
7,candidateC_672,672,candidateC,0.0500870385593708,0.05498949772301709,True,True
8,candidateC_672,672,candidateC,0.05459879623146058,0.05786686510375105,True,True
9,candidateC_672,672,candidateC,0.05080404931809235,0.05599348051424702,True,True
10,candidateC_672,672,candidateC,0.050849325436261084,0.0576599220316627,True,True
11,candidateC_672,672,candidateC,0.05793225493935705,0.063382075798043,True,True
12,candidateC_672,672,candidateC,0.05772454648248293,0.057655944191409514,True,True
13,candidateC_672,672,candidateC,0.04859084588675877,0.06256223163761332,True,True
14,candidateC_672,672,candidateC,0.056099171812880155,0.0643210293133657,True,True
15,candidateC_672,672,candidateC,0.05522337008387246,0.06726914171637821,True,True
16,candidateC_672,672,candidateC,0.05464780053623086,0.06396841106527462,True,True
17,candidateC_672,672,candidateC,0.05385245044072884,0.06057744736629389,True,True
18,candidateC_672,672,candidateC,0.057491400236013845,0.06259296750653665,True,True
19,candidateC_672,672,candidateC,0.07905314180769274,0.07362860903639934,True,True
20,candidateC_672,672,candidateC,0.07221000229013153,0.06883095618970003,True,True
21,candidateC_672,672,candidateC,0.07089364313889734,0.07046401676763303,True,True
22,candidateC_672,672,candidateC,0.06935422546775805,0.07662852587140767,True,True
23,candidateC_672,672,candidateC,0.060405552612761926,0.06463213651387267,True,True
24,candidateC_672,672,candidateC,0.03604926250747398,0.060848188645211576,True,True
25,candidateC_672,672,candidateC,0.011909213486243186,0.048016980569931644,True,True
26,candidateC_672,672,candidateC,0.05626835163938082,0.06353078173631288,True,True
27,candidateC_672,672,candidateC,0.06346219285833177,0.064368262101542,True,True
28,candidateC_672,672,candidateC,0.05991572111914212,0.05783435559107675,True,True
29,candidateC_672,672,candidateC,0.04174200035298681,0.04972571713720919,True,True
30,candidateC_672,672,candidateC,0.029806417839649102,0.04465130484237134,True,True
31,candidateC_672,672,candidateC,0.04376828916109132,0.04565390427115612,True,True
32,candidateC_672,672,candidateC,0.03203606659431124,0.04028680219117464,True,True
33,candidateC_672,672,candidateC,0.03403588979641625,0.036172939115552305,True,True
34,candidateC_672,672,candidateC,0.03764604529133686,0.040790021268092946,True,True
35,candidateC_672,672,candidateC,0.04810923482245144,0.04374186170636318,True,True
36,candidateC_672,672,candidateC,0.04003717393292616,0.04268598064722229,True,True
37,candidateC_672,672,candidateC,0.039882486594005284,0.04582572857657463,True,True
38,candidateC_672,672,candidateC,0.04643943027757236,0.042676274810581116,True,True
39,candidateC_672,672,candidateC,0.042485622458390604,0.043972561587872994,True,True
40,candidateC_672,672,candidateC,0.0383807996711476,0.040824674817329765,True,True
41,candidateC_672,672,candidateC,0.03890491554800091,0.040495521158532166,True,True
42,candidateC_672,672,candidateC,0.036336976255420206,0.0423922637051074,True,True
43,candidateC_672,672,candidateC,0.0371131779949041,0.04265737203222375,True,True
44,candidateC_672,672,candidateC,0.035171011186420964,0.042075018896719496,True,True
45,candidateC_672,672,candidateC,0.036791065291607694,0.04714413705277998,True,True
46,candidateC_672,672,candidateC,0.03835212142177913,0.05526470975363007,True,True
47,candidateC_672,672,candidateC,0.03965871565606005,0.0547881316781732,True,True
48,candidateC_672,672,candidateC,0.036068625927716313,0.04617992397867443,True,True
49,candidateC_672,672,candidateC,0.03473656468523367,0.04818616034031631,True,True
50,candidateC_672,672,candidateC,0.04285854633967823,0.04954239656273973,True,True
51,candidateC_672,672,candidateC,0.0408785305706717,0.04585388317790495,True,True
52,candidateC_672,672,candidateC,0.03851030967303215,0.0455070680449885,True,True
53,candidateC_672,672,candidateC,0.0382877806388221,0.04487641712031021,True,True
54,candidateC_672,672,candidateC,0.03915301041690289,0.04557845842879715,True,True
55,candidateC_672,672,candidateC,0.03870649929726211,0.046126898556879015,True,True
56,candidateC_672,672,candidateC,0.041105707660969104,0.047257927248928855,True,True
57,candidateC_672,672,candidateC,0.04228832884806322,0.04890384147976112,True,True
58,candidateC_672,672,candidateC,0.04312546607673717,0.04804758911125684,True,True
59,candidateC_672,672,candidateC,0.043070013803314544,0.04780698803251582,True,True
60,candidateC_672,672,candidateC,0.04397189523026701,0.04434118951966726,True,True
61,candidateC_672,672,candidateC,0.046863894278256324,0.041012377243332954,True,True
62,candidateC_672,672,candidateC,0.04512710595165892,0.04751183896666511,True,True
63,candidateC_672,672,candidateC,0.0467684663325606,0.046219075329017145,True,True
64,candidateC_672,672,candidateC,0.044632798727465284,0.042314423144959146,True,True
65,candidateC_672,672,candidateC,0.045584400355532906,0.0478425999821499,True,True
66,candidateC_672,672,candidateC,0.046842676487641066,0.05129179624065405,True,True
67,candidateC_672,672,candidateC,0.04696990737659812,0.0518345924996888,True,True
68,candidateC_672,672,candidateC,0.0508661287358978,0.0499589000357219,True,True
69,candidateC_672,672,candidateC,0.054721793787053,0.05499910442559841,True,True
70,candidateC_672,672,candidateC,0.05851354359760297,0.05924915810594933,True,True
71,candidateC_672,672,candidateC,0.05623225565555967,0.055538689791319706,True,True
72,candidateC_672,672,candidateC,0.05552826168498959,0.055594601745935224,True,True
73,candidateC_672,672,candidateC,0.056262170017311486,0.0556755257474314,True,True
74,candidateC_672,672,candidateC,0.05624264576488203,0.05231144208449168,True,True
75,candidateC_672,672,candidateC,0.05661418431163423,0.05338996936982854,True,True
76,candidateC_672,672,candidateC,0.05839049862590662,0.05283372268303088,True,True
77,candidateC_672,672,candidateC,0.06023057316577729,0.05489131306160566,True,True
78,candidateC_672,672,candidateC,0.060136129735022026,0.054183889246796846,True,True
79,candidateC_672,672,candidateC,0.05764443825469279,0.053325983528980325,True,True
80,candidateC_672,672,candidateC,0.05783581383150649,0.05008353416019995,True,True
81,candidateC_672,672,candidateC,0.051942325995202765,0.055214820608494364,True,True
82,candidateC_672,672,candidateC,0.05566591917087471,0.05740009406457258,True,True
83,candidateC_672,672,candidateC,0.060308698770296765,0.06113859889625084,True,True
84,candidateC_672,672,candidateC,0.05930691641097374,0.061964516598851827,True,True
85,candidateC_672,672,candidateC,0.0562572931715698,0.06313122820820416,True,True
86,candidateC_672,672,candidateC,0.054808341883735956,0.06304916906478786,True,True
87,candidateC_672,672,candidateC,0.055921445409420345,0.0607341120119379,True,True
88,candidateC_672,672,candidateC,0.05481189950217891,0.0580833892804542,True,True
89,candidateC_672,672,candidateC,0.05882843504811086,0.07152662769319185,True,True
90,candidateC_672,672,candidateC,0.057368936342437005,0.06914290857509797,True,True
91,candidateC_672,672,candidateC,0.05727107001188558,0.07971650259937235,True,True
92,candidateC_672,672,candidateC,0.06140388847930034,0.07440107963874432,True,True
93,candidateC_672,672,candidateC,0.06539990984156718,0.07825512803073931,True,True
94,candidateC_672,672,candidateC,0.06694872706440635,0.07411871610819831,True,True
95,candidateC_672,672,candidateC,0.06573942655739262,0.06986206224611613,True,True
96,candidateC_672,672,candidateC,0.07217078312780156,0.07698226836070554,True,True
97,candidateC_672,672,candidateC,0.07021906042473547,0.07324194020416297,True,True
98,candidateC_672,672,candidateC,0.06661815409104788,0.06945623803649914,True,True
99,candidateC_672,672,candidateC,0.06813822310822792,0.06568167799086033,True,True
100,candidateC_672,672,candidateC,0.06515889098152994,0.06665414255163749,True,True
101,candidateC_672,672,candidateC,0.06562918005614626,0.07207677022007408,True,True
102,candidateC_672,672,candidateC,0.06558183456187938,0.07006830185226942,True,True
103,candidateC_672,672,candidateC,0.0632768612643867,0.07734197001679188,True,True
104,candidateC_672,672,candidateC,0.06490691991848374,0.07859683991804278,True,True
105,candidateC_672,672,candidateC,0.0589829422815743,0.0680519120833809,True,True
106,candidateC_672,672,candidateC,0.05615861649221732,0.06121737810833483,True,True
107,candidateC_672,672,candidateC,0.05702673815497472,0.06816613547005457,True,True
108,candidateC_672,672,candidateC,0.05597953083413176,0.0647072567371787,True,True
109,candidateC_672,672,candidateC,0.054407199541979256,0.06518802318168304,True,True
110,candidateC_672,672,candidateC,0.05281394282668472,0.05540656823958201,True,True
111,candidateC_672,672,candidateC,0.05410780238992341,0.05280457449373377,True,True
112,candidateC_672,672,candidateC,0.05695704698951465,0.05936712303767888,True,True
113,candidateC_672,672,candidateC,0.059296495073432265,0.05978995468759085,True,True
114,candidateC_672,672,candidateC,0.06141458887895701,0.06478267650762459,True,True
115,candidateC_672,672,candidateC,0.05058935120213204,0.06271649723793316,True,True
116,candidateC_672,672,candidateC,0.05972479246862539,0.07209507551225225,True,True
117,candidateC_672,672,candidateC,0.05801683684092762,0.07959299563179756,True,True
118,candidateC_672,672,candidateC,0.053176445544261486,0.08311746535701225,True,True
119,candidateC_672,672,candidateC,0.05427078005545016,0.07825917532915905,True,True
120,candidateC_672,672,candidateC,0.06281603674020575,0.08559973302409973,True,True
121,candidateC_672,672,candidateC,0.0608335137810917,0.07914127891290235,True,True
122,candidateC_672,672,candidateC,0.06571710045726853,0.08102110968222853,True,True
123,candidateC_672,672,candidateC,0.06463173703092429,0.07885265477449432,True,True
124,candidateC_672,672,candidateC,0.06743604921849466,0.07003867446901257,True,True
125,candidateC_672,672,candidateC,0.05834736481438407,0.07009780354686079,True,True
126,candidateC_672,672,candidateC,0.06434818781314378,0.06789038083380983,True,True
127,candidateC_672,672,candidateC,0.06771254914150471,0.062007593691856044,True,True
128,candidateC_672,672,candidateC,0.061898876289376625,0.06526446745809467,True,True
129,candidateC_672,672,candidateC,0.06673735713580242,0.0671352506431877,True,True
130,candidateC_672,672,candidateC,0.07155667121000153,0.06083831827490571,True,True
131,candidateC_672,672,candidateC,0.07364898512514151,0.059171748123602375,True,True
132,candidateC_672,672,candidateC,0.07293785434239153,0.06382767126031386,True,True
133,candidateC_672,672,candidateC,0.07458608182982995,0.06252608272290416,True,True
134,candidateC_672,672,candidateC,0.058958206846862815,0.0552663566838546,True,True
135,candidateC_672,672,candidateC,0.06118746450794832,0.05561050420507385,True,True
136,candidateC_672,672,candidateC,0.07809209139701245,0.06560515948105128,True,True
137,candidateC_672,672,candidateC,0.07272320921550712,0.06715608738040646,True,True
138,candidateC_672,672,candidateC,0.07007986593353666,0.07216528592323512,True,True
139,candidateC_672,672,candidateC,0.07528524150249483,0.074979102829138,True,True
140,candidateC_672,672,candidateC,0.06700709061951837,0.07421897742531014,True,True
141,candidateC_672,672,candidateC,0.06369887222112969,0.07837521040092654,True,True
142,candidateC_672,672,candidateC,0.06575462923120456,0.08371394857842651,True,True
143,candidateC_672,672,candidateC,0.06249036609121705,0.08076297806522681,True,True
144,candidateC_672,672,candidateC,0.06028792881887535,0.07629153321299853,True,True
145,candidateC_672,672,candidateC,0.06710399009751067,0.07281249321685834,True,True
146,candidateC_672,672,candidateC,0.06606630349630349,0.07430643804419812,True,True
147,candidateC_672,672,candidateC,0.07027920688269573,0.07610637086927907,True,True
148,candidateC_672,672,candidateC,0.07041618778614289,0.0731423715189653,True,True
149,candidateC_672,672,candidateC,0.06991508956922055,0.07516818306400774,True,True
150,candidateC_672,672,candidateC,0.05944692232227777,0.0648981634173792,True,True
151,candidateC_672,672,candidateC,0.06295981134054207,0.06837585981317429,True,True
152,candidateC_672,672,candidateC,0.053141874218270324,0.07150105933320094,True,True
153,candidateC_672,672,candidateC,0.05212318917504022,0.06763348293222238,True,True
154,candidateC_672,672,candidateC,0.03661803947480369,0.052080661804890016,True,True
155,candidateC_672,672,candidateC,0.06102301797687659,0.059618742196920316,True,True
156,candidateC_672,672,candidateC,0.0519157479836484,0.054693623455844165,True,True
157,candidateC_672,672,candidateC,0.059563228756569386,0.05330639704808848,True,True
158,candidateC_672,672,candidateC,0.055828160467295884,0.05388120311610434,True,True
159,candidateC_672,672,candidateC,0.05337989304486612,0.052958473364384195,True,True
160,candidateC_672,672,candidateC,0.048369866720821664,0.04874533376150647,True,True
161,candidateC_672,672,candidateC,0.04018400654404597,0.05570591515796086,True,True
162,candidateC_672,672,candidateC,0.03704638674872529,0.061102108196606886,True,True
163,candidateC_672,672,candidateC,0.02572907505240629,0.051274005673075496,True,True
164,candidateC_672,672,candidateC,0.047647362180374686,0.05332615184273959,True,True
165,candidateC_672,672,candidateC,0.0367351012379471,0.052404122832131916,True,True
166,candidateC_672,672,candidateC,0.014818176338805,0.03952754029255412,True,True
167,candidateC_672,672,candidateC,0.01698680646870998,0.04152275928837057,True,True
0,candidateUV_1344,1344,candidateUV,0.037939365340167064,0.061113990431339804,True,True
1,candidateUV_1344,1344,candidateUV,0.050881172083766746,0.0623020144944636,True,True
2,candidateUV_1344,1344,candidateUV,0.049484996750907784,0.05891624580050603,True,True
3,candidateUV_1344,1344,candidateUV,0.05777593267365988,0.06307924189396175,True,True
4,candidateUV_1344,1344,candidateUV,0.05264965776850816,0.05523684920101546,True,True
5,candidateUV_1344,1344,candidateUV,0.06093399633714003,0.06577733829744392,True,True
6,candidateUV_1344,1344,candidateUV,0.06590772074370699,0.07481463660983012,True,True
7,candidateUV_1344,1344,candidateUV,0.060757309084628064,0.06789559338673223,True,True
8,candidateUV_1344,1344,candidateUV,0.06437491821379393,0.0708532141229854,True,True
9,candidateUV_1344,1344,candidateUV,0.06218716504811861,0.07012295881121888,True,True
10,candidateUV_1344,1344,candidateUV,0.06263499460016386,0.0724286353602609,True,True
11,candidateUV_1344,1344,candidateUV,0.07029304577931117,0.07947268714807398,True,True
12,candidateUV_1344,1344,candidateUV,0.07042073600212784,0.07440764812082368,True,True
13,candidateUV_1344,1344,candidateUV,0.06421015560210264,0.08027448017382677,True,True
14,candidateUV_1344,1344,candidateUV,0.07064797547703794,0.08399758775781097,True,True
15,candidateUV_1344,1344,candidateUV,0.068800195025992,0.08626493422788806,True,True
16,candidateUV_1344,1344,candidateUV,0.0673625047670392,0.0825906925777804,True,True
17,candidateUV_1344,1344,candidateUV,0.06644510323456765,0.07786443065422866,True,True
18,candidateUV_1344,1344,candidateUV,0.06876543882065489,0.08057182469367552,True,True
19,candidateUV_1344,1344,candidateUV,0.08069798461983624,0.08810910345237466,True,True
20,candidateUV_1344,1344,candidateUV,0.07617507528128509,0.08419509316998108,True,True
21,candidateUV_1344,1344,candidateUV,0.08087326167097852,0.08947167907369424,True,True
22,candidateUV_1344,1344,candidateUV,0.08046135102357599,0.09339759327231079,True,True
23,candidateUV_1344,1344,candidateUV,0.0718839242997642,0.08086779359651874,True,True
24,candidateUV_1344,1344,candidateUV,0.04877969565593909,0.07716888470305183,True,True
25,candidateUV_1344,1344,candidateUV,0.02327140517936055,0.06323104920689548,True,True
26,candidateUV_1344,1344,candidateUV,0.05568879787561398,0.07494708109406978,True,True
27,candidateUV_1344,1344,candidateUV,0.06831696233187734,0.08109798896706322,True,True
28,candidateUV_1344,1344,candidateUV,0.07515631374306375,0.07421054097247137,True,True
29,candidateUV_1344,1344,candidateUV,0.058573265068690095,0.06577383445775675,True,True
30,candidateUV_1344,1344,candidateUV,0.04529269295252225,0.05891546730684305,True,True
31,candidateUV_1344,1344,candidateUV,0.05820046155146619,0.05862936971361954,True,True
32,candidateUV_1344,1344,candidateUV,0.04469391345686102,0.05250223913998653,True,True
33,candidateUV_1344,1344,candidateUV,0.0448330651999328,0.0471959751596267,True,True
34,candidateUV_1344,1344,candidateUV,0.04801591407858308,0.05195271384179656,True,True
35,candidateUV_1344,1344,candidateUV,0.05867123802557195,0.05505141449621609,True,True
36,candidateUV_1344,1344,candidateUV,0.05002131758292783,0.0535559162313739,True,True
37,candidateUV_1344,1344,candidateUV,0.05105344567300796,0.05812073525728423,True,True
38,candidateUV_1344,1344,candidateUV,0.056287178288007444,0.05423560941432104,True,True
39,candidateUV_1344,1344,candidateUV,0.052513241946382516,0.055403373917515375,True,True
40,candidateUV_1344,1344,candidateUV,0.0472778341320208,0.05122498591232971,True,True
41,candidateUV_1344,1344,candidateUV,0.047882712769211744,0.05264962901714387,True,True
42,candidateUV_1344,1344,candidateUV,0.045588015229750645,0.05458509461621108,True,True
43,candidateUV_1344,1344,candidateUV,0.04685107618306239,0.055039230937319994,True,True
44,candidateUV_1344,1344,candidateUV,0.045946403261099555,0.05552158470112045,True,True
45,candidateUV_1344,1344,candidateUV,0.047641379020078256,0.06222315632870967,True,True
46,candidateUV_1344,1344,candidateUV,0.04877392772608302,0.06985608498582319,True,True
47,candidateUV_1344,1344,candidateUV,0.05093459706113901,0.0699530876266935,True,True
48,candidateUV_1344,1344,candidateUV,0.0472866698569091,0.06184034034483765,True,True
49,candidateUV_1344,1344,candidateUV,0.04607673603965723,0.06370945048743426,True,True
50,candidateUV_1344,1344,candidateUV,0.0546968740305962,0.06424275540775337,True,True
51,candidateUV_1344,1344,candidateUV,0.05343362046261746,0.06150479891929883,True,True
52,candidateUV_1344,1344,candidateUV,0.049277829879153856,0.059917918697753536,True,True
53,candidateUV_1344,1344,candidateUV,0.048269579600510926,0.059644164056056326,True,True
54,candidateUV_1344,1344,candidateUV,0.04839374736326674,0.05953573873287188,True,True
55,candidateUV_1344,1344,candidateUV,0.04835479590079028,0.06028705680188673,True,True
56,candidateUV_1344,1344,candidateUV,0.05048987580339548,0.06149366709148951,True,True
57,candidateUV_1344,1344,candidateUV,0.05167398112236499,0.06308796789372884,True,True
58,candidateUV_1344,1344,candidateUV,0.0521145327679724,0.06227247841087513,True,True
59,candidateUV_1344,1344,candidateUV,0.051514043282936406,0.061617597878594,True,True
60,candidateUV_1344,1344,candidateUV,0.05253689937776018,0.057717378106726724,True,True
61,candidateUV_1344,1344,candidateUV,0.05525628459606924,0.05446757663058299,True,True
62,candidateUV_1344,1344,candidateUV,0.05170330677830148,0.059001666278318154,True,True
63,candidateUV_1344,1344,candidateUV,0.05331152785749005,0.058059557775429926,True,True
64,candidateUV_1344,1344,candidateUV,0.05311154576462873,0.05558761689162672,True,True
65,candidateUV_1344,1344,candidateUV,0.05449943391510004,0.06067756727906137,True,True
66,candidateUV_1344,1344,candidateUV,0.05575558673656755,0.06485354466526538,True,True
67,candidateUV_1344,1344,candidateUV,0.055138684969431306,0.06506631425014586,True,True
68,candidateUV_1344,1344,candidateUV,0.05826320371581717,0.05893911177646416,True,True
69,candidateUV_1344,1344,candidateUV,0.06185039927850089,0.0682606642143535,True,True
70,candidateUV_1344,1344,candidateUV,0.06502789373533369,0.07121410442019038,True,True
71,candidateUV_1344,1344,candidateUV,0.062228698515459535,0.06791167107763585,True,True
72,candidateUV_1344,1344,candidateUV,0.061395555844281025,0.0671093062481557,True,True
73,candidateUV_1344,1344,candidateUV,0.0629751124460558,0.0682816631374994,True,True
74,candidateUV_1344,1344,candidateUV,0.06259670896758973,0.0650245551390356,True,True
75,candidateUV_1344,1344,candidateUV,0.06369888529395096,0.0671193043137649,True,True
76,candidateUV_1344,1344,candidateUV,0.06612348335586415,0.0669419970839602,True,True
77,candidateUV_1344,1344,candidateUV,0.06813603481407893,0.06985072426754302,True,True
78,candidateUV_1344,1344,candidateUV,0.06930881742119899,0.06956087851967652,True,True
79,candidateUV_1344,1344,candidateUV,0.06684261816932868,0.0684557861069367,True,True
80,candidateUV_1344,1344,candidateUV,0.06677443835120589,0.06535544969779794,True,True
81,candidateUV_1344,1344,candidateUV,0.06152277917217486,0.07067574747847671,True,True
82,candidateUV_1344,1344,candidateUV,0.06491532838843761,0.07341249114361714,True,True
83,candidateUV_1344,1344,candidateUV,0.06868265016056208,0.0766229095362243,True,True
84,candidateUV_1344,1344,candidateUV,0.06807895590010005,0.07742070198277484,True,True
85,candidateUV_1344,1344,candidateUV,0.06430575564044227,0.07722384488842182,True,True
86,candidateUV_1344,1344,candidateUV,0.06367072544619978,0.0778795854947435,True,True
87,candidateUV_1344,1344,candidateUV,0.06388669737452446,0.07613483299330959,True,True
88,candidateUV_1344,1344,candidateUV,0.06617032813148671,0.07506650293294848,True,True
89,candidateUV_1344,1344,candidateUV,0.0728110422914019,0.0859285436197954,True,True
90,candidateUV_1344,1344,candidateUV,0.07291754016897845,0.08776388998197104,True,True
91,candidateUV_1344,1344,candidateUV,0.0723163723908703,0.09027223319891442,True,True
92,candidateUV_1344,1344,candidateUV,0.07465528869660709,0.08983558276801107,True,True
93,candidateUV_1344,1344,candidateUV,0.07704475277071854,0.09401574076225083,True,True
94,candidateUV_1344,1344,candidateUV,0.07786408021777202,0.08988495466431612,True,True
95,candidateUV_1344,1344,candidateUV,0.07717025277084433,0.08457496350852922,True,True
96,candidateUV_1344,1344,candidateUV,0.08260853996270956,0.09202682822991992,True,True
97,candidateUV_1344,1344,candidateUV,0.08068567781678704,0.08858116652014891,True,True
98,candidateUV_1344,1344,candidateUV,0.07637771069406185,0.08410923150031657,True,True
99,candidateUV_1344,1344,candidateUV,0.07689092618150561,0.07880075217414018,True,True
100,candidateUV_1344,1344,candidateUV,0.07373289534059502,0.07966799854776996,True,True
101,candidateUV_1344,1344,candidateUV,0.0742593023546404,0.0869833569333548,True,True
102,candidateUV_1344,1344,candidateUV,0.07576448708988559,0.08397391267376897,True,True
103,candidateUV_1344,1344,candidateUV,0.0735975651215719,0.08995844821240928,True,True
104,candidateUV_1344,1344,candidateUV,0.07357048219638762,0.0905256535511757,True,True
105,candidateUV_1344,1344,candidateUV,0.06752143689931345,0.07986702513612931,True,True
106,candidateUV_1344,1344,candidateUV,0.06453509074954833,0.0731372259870613,True,True
107,candidateUV_1344,1344,candidateUV,0.0649826742779902,0.08051970247341222,True,True
108,candidateUV_1344,1344,candidateUV,0.065172689243581,0.07700196687171057,True,True
109,candidateUV_1344,1344,candidateUV,0.0636941675289856,0.07458171434123884,True,True
110,candidateUV_1344,1344,candidateUV,0.061457275850878346,0.06804061844975284,True,True
111,candidateUV_1344,1344,candidateUV,0.06267854160451924,0.06513586261766013,True,True
112,candidateUV_1344,1344,candidateUV,0.06602763986652826,0.07319582230055621,True,True
113,candidateUV_1344,1344,candidateUV,0.06958797467964162,0.07419783009069669,True,True
114,candidateUV_1344,1344,candidateUV,0.07038952463987103,0.07952681700673803,True,True
115,candidateUV_1344,1344,candidateUV,0.059476810129024504,0.07800690251287745,True,True
116,candidateUV_1344,1344,candidateUV,0.07031120444135797,0.08854219200094327,True,True
117,candidateUV_1344,1344,candidateUV,0.06940239360601763,0.0964780138498269,True,True
118,candidateUV_1344,1344,candidateUV,0.06427795411770332,0.10085835224998341,True,True
119,candidateUV_1344,1344,candidateUV,0.06532725193485955,0.09555247479869822,True,True
120,candidateUV_1344,1344,candidateUV,0.0742989928216391,0.10330836694853418,True,True
121,candidateUV_1344,1344,candidateUV,0.07208153383036553,0.09529433277582267,True,True
122,candidateUV_1344,1344,candidateUV,0.07821000930295541,0.099160899092127,True,True
123,candidateUV_1344,1344,candidateUV,0.07528799105613637,0.09319673611629464,True,True
124,candidateUV_1344,1344,candidateUV,0.07833244445645071,0.0840260532606143,True,True
125,candidateUV_1344,1344,candidateUV,0.06730039500475504,0.08493055481122314,True,True
126,candidateUV_1344,1344,candidateUV,0.07524311659461158,0.08269334907190284,True,True
127,candidateUV_1344,1344,candidateUV,0.08003202643802987,0.07665954779525874,True,True
128,candidateUV_1344,1344,candidateUV,0.07379042976379224,0.0813329572426087,True,True
129,candidateUV_1344,1344,candidateUV,0.07913151194057633,0.08153298546877519,True,True
130,candidateUV_1344,1344,candidateUV,0.08578229580159957,0.07719075600275194,True,True
131,candidateUV_1344,1344,candidateUV,0.08232416726139502,0.07545198167487599,True,True
132,candidateUV_1344,1344,candidateUV,0.08714477637532403,0.08080784465954371,True,True
133,candidateUV_1344,1344,candidateUV,0.08879468948495584,0.0799504403616822,True,True
134,candidateUV_1344,1344,candidateUV,0.07145370557101904,0.07171620407624979,True,True
135,candidateUV_1344,1344,candidateUV,0.07601019978992252,0.07280992928739183,True,True
136,candidateUV_1344,1344,candidateUV,0.08931252506678289,0.08375278797794283,True,True
137,candidateUV_1344,1344,candidateUV,0.0864986751931398,0.08566946833126388,True,True
138,candidateUV_1344,1344,candidateUV,0.08372884371387079,0.09157172736165486,True,True
139,candidateUV_1344,1344,candidateUV,0.08385038438844616,0.09435430884056795,True,True
140,candidateUV_1344,1344,candidateUV,0.07783138208947393,0.0930280785586286,True,True
141,candidateUV_1344,1344,candidateUV,0.07549200952656687,0.09898823148470703,True,True
142,candidateUV_1344,1344,candidateUV,0.0764910438605374,0.1051878094294364,True,True
143,candidateUV_1344,1344,candidateUV,0.0737618572837202,0.10362340217377397,True,True
144,candidateUV_1344,1344,candidateUV,0.07273916676571146,0.10108872501065358,True,True
145,candidateUV_1344,1344,candidateUV,0.08141743401026302,0.09763450288016484,True,True
146,candidateUV_1344,1344,candidateUV,0.08237102107069005,0.10040069577727795,True,True
147,candidateUV_1344,1344,candidateUV,0.08795793340982694,0.10217891994127237,True,True
148,candidateUV_1344,1344,candidateUV,0.08916823053689438,0.09873281669688705,True,True
149,candidateUV_1344,1344,candidateUV,0.08926427278966176,0.09840329322402086,True,True
150,candidateUV_1344,1344,candidateUV,0.07776945157739035,0.08452935256741134,True,True
151,candidateUV_1344,1344,candidateUV,0.08120774099865569,0.08723087718070421,True,True
152,candidateUV_1344,1344,candidateUV,0.06751598083880384,0.08905988639678886,True,True
153,candidateUV_1344,1344,candidateUV,0.07040547185455281,0.08709375445245848,True,True
154,candidateUV_1344,1344,candidateUV,0.05436781269569846,0.07069176489643814,True,True
155,candidateUV_1344,1344,candidateUV,0.07804198737108825,0.07601897622708276,True,True
156,candidateUV_1344,1344,candidateUV,0.06800449911282813,0.06971450455779749,True,True
157,candidateUV_1344,1344,candidateUV,0.07667443448371813,0.06787885302590235,True,True
158,candidateUV_1344,1344,candidateUV,0.06907715473866105,0.0669276193346251,True,True
159,candidateUV_1344,1344,candidateUV,0.06043329930281005,0.06329283919219897,True,True
160,candidateUV_1344,1344,candidateUV,0.05504329486008919,0.05814790589036456,True,True
161,candidateUV_1344,1344,candidateUV,0.04386150187558413,0.06443252694732426,True,True
162,candidateUV_1344,1344,candidateUV,0.04745252080946061,0.07173440556533739,True,True
163,candidateUV_1344,1344,candidateUV,0.037772307576268926,0.06302026838108321,True,True
164,candidateUV_1344,1344,candidateUV,0.059130902561530196,0.06540397058585601,True,True
165,candidateUV_1344,1344,candidateUV,0.046806058491636215,0.06519060777745445,True,True
166,candidateUV_1344,1344,candidateUV,0.022732265049331124,0.05242765597663002,True,True
167,candidateUV_1344,1344,candidateUV,0.027740198904347424,0.05292626251205157,True,True
0,candidateUV_168,168,candidateUV,0.008194378814717296,0.026480066305404226,True,True
1,candidateUV_168,168,candidateUV,0.022321394314935183,0.02811503259942405,True,True
2,candidateUV_168,168,candidateUV,0.021875406662027475,0.025365868462217556,True,True
3,candidateUV_168,168,candidateUV,0.03094991222419019,0.032152252039286955,True,True
4,candidateUV_168,168,candidateUV,0.02495049500233304,0.02554902743129084,True,True
5,candidateUV_168,168,candidateUV,0.03127332914305825,0.03363597836073151,True,True
6,candidateUV_168,168,candidateUV,0.035734847072819265,0.0436407100115036,True,True
7,candidateUV_168,168,candidateUV,0.02972645082100067,0.035768844574596614,True,True
8,candidateUV_168,168,candidateUV,0.03411579797333997,0.03771868285255153,True,True
9,candidateUV_168,168,candidateUV,0.03080409948321261,0.037043412774386164,True,True
10,candidateUV_168,168,candidateUV,0.0322760636894851,0.03953247031371576,True,True
11,candidateUV_168,168,candidateUV,0.03839897904931178,0.04445299224302124,True,True
12,candidateUV_168,168,candidateUV,0.03473747021931217,0.038699714135237206,True,True
13,candidateUV_168,168,candidateUV,0.02513399552808404,0.040224792624242944,True,True
14,candidateUV_168,168,candidateUV,0.033923157625654676,0.0446915829992629,True,True
15,candidateUV_168,168,candidateUV,0.03455130719863375,0.04770138128863999,True,True
16,candidateUV_168,168,candidateUV,0.03322725412953065,0.0441531059245972,True,True
17,candidateUV_168,168,candidateUV,0.033181038372714355,0.04047611414536356,True,True
18,candidateUV_168,168,candidateUV,0.036942742941933226,0.0422104347965534,True,True
19,candidateUV_168,168,candidateUV,0.04150409865457472,0.0457400482104674,True,True
20,candidateUV_168,168,candidateUV,0.03631925700566152,0.04214966167710532,True,True
21,candidateUV_168,168,candidateUV,0.046229378225575046,0.047822355405451544,True,True
22,candidateUV_168,168,candidateUV,0.046400202911182076,0.05188349610513665,True,True
23,candidateUV_168,168,candidateUV,0.040785771376066426,0.04410944426503183,True,True
24,candidateUV_168,168,candidateUV,0.015625546524325573,0.04080266618751227,True,True
25,candidateUV_168,168,candidateUV,-0.008801540882267811,0.02804120466383142,False,True
26,candidateUV_168,168,candidateUV,0.021618816589939915,0.039053328321152936,True,True
27,candidateUV_168,168,candidateUV,0.029775978059330854,0.0435181975050436,True,True
28,candidateUV_168,168,candidateUV,0.03950243521229502,0.03962414504139411,True,True
29,candidateUV_168,168,candidateUV,0.022675009957984882,0.03321812887686715,True,True
30,candidateUV_168,168,candidateUV,0.011802904505208156,0.0298070297476265,True,True
31,candidateUV_168,168,candidateUV,0.024110920648684142,0.029554778795646497,True,True
32,candidateUV_168,168,candidateUV,0.013492591540184895,0.025945473240722716,True,True
33,candidateUV_168,168,candidateUV,0.015250648317283289,0.02078638127831889,True,True
34,candidateUV_168,168,candidateUV,0.02048037923084811,0.025286458612547413,True,True
35,candidateUV_168,168,candidateUV,0.028614207363245714,0.02679237696860426,True,True
36,candidateUV_168,168,candidateUV,0.019392218115806714,0.025355509731758374,True,True
37,candidateUV_168,168,candidateUV,0.019685892715272546,0.027732816598284526,True,True
38,candidateUV_168,168,candidateUV,0.02715631249946493,0.025402285031459026,True,True
39,candidateUV_168,168,candidateUV,0.023299981334298114,0.026026963448560925,True,True
40,candidateUV_168,168,candidateUV,0.022606464688328054,0.02468470659762323,True,True
41,candidateUV_168,168,candidateUV,0.02372166530254849,0.02361751496849296,True,True
42,candidateUV_168,168,candidateUV,0.022700130129321483,0.025652053108551898,True,True
43,candidateUV_168,168,candidateUV,0.02384859224045932,0.02514581196308341,True,True
44,candidateUV_168,168,candidateUV,0.022536513856101892,0.02509168203403922,True,True
45,candidateUV_168,168,candidateUV,0.02247198882094792,0.02699905554099713,True,True
46,candidateUV_168,168,candidateUV,0.020842467932683517,0.03355199985990376,True,True
47,candidateUV_168,168,candidateUV,0.02203106716113834,0.03406090286039143,True,True
48,candidateUV_168,168,candidateUV,0.01965739026492941,0.02714209876779583,True,True
49,candidateUV_168,168,candidateUV,0.018888903194594242,0.030122056358590554,True,True
50,candidateUV_168,168,candidateUV,0.02837063728925393,0.031244917709312703,True,True
51,candidateUV_168,168,candidateUV,0.027112262603310344,0.029167916938418026,True,True
52,candidateUV_168,168,candidateUV,0.025847239939480016,0.030183658279370418,True,True
53,candidateUV_168,168,candidateUV,0.02614883256683964,0.03024692386518324,True,True
54,candidateUV_168,168,candidateUV,0.027462775324575306,0.032481851816371976,True,True
55,candidateUV_168,168,candidateUV,0.026737955029534355,0.03220710091278667,True,True
56,candidateUV_168,168,candidateUV,0.027558704723533167,0.03308487367819102,True,True
57,candidateUV_168,168,candidateUV,0.028668489712722067,0.034200206736398675,True,True
58,candidateUV_168,168,candidateUV,0.028222728721310597,0.03350504093949125,True,True
59,candidateUV_168,168,candidateUV,0.028825328575423526,0.034559903860392316,True,True
60,candidateUV_168,168,candidateUV,0.02930516883045342,0.03223984648242184,True,True
61,candidateUV_168,168,candidateUV,0.030283561962695327,0.028434213113900708,True,True
62,candidateUV_168,168,candidateUV,0.02795102644750147,0.0345026473279153,True,True
63,candidateUV_168,168,candidateUV,0.026585748378604834,0.03175869314225277,True,True
64,candidateUV_168,168,candidateUV,0.028034483188162596,0.028173765487415903,True,True
65,candidateUV_168,168,candidateUV,0.030936675167573147,0.033413657134904184,True,True
66,candidateUV_168,168,candidateUV,0.03156192221205034,0.0347591193925626,True,True
67,candidateUV_168,168,candidateUV,0.03186277698143514,0.03589756511600972,True,True
68,candidateUV_168,168,candidateUV,0.0349005422551244,0.031208010627646554,True,True
69,candidateUV_168,168,candidateUV,0.03792798448968426,0.03929318601225651,True,True
70,candidateUV_168,168,candidateUV,0.03972792214236198,0.043385518414223556,True,True
71,candidateUV_168,168,candidateUV,0.03702022493312729,0.03992903080263033,True,True
72,candidateUV_168,168,candidateUV,0.03635683715179017,0.040005070290234146,True,True
73,candidateUV_168,168,candidateUV,0.03812085717682523,0.041252531524658576,True,True
74,candidateUV_168,168,candidateUV,0.03769576975478284,0.03883665412613879,True,True
75,candidateUV_168,168,candidateUV,0.037591797532100735,0.03931247790713421,True,True
76,candidateUV_168,168,candidateUV,0.03889611642619084,0.03943032699522542,True,True
77,candidateUV_168,168,candidateUV,0.0405507530734035,0.04154008730648662,True,True
78,candidateUV_168,168,candidateUV,0.039531353852191975,0.039627858566916085,True,True
79,candidateUV_168,168,candidateUV,0.037518614488059265,0.038660482319220923,True,True
80,candidateUV_168,168,candidateUV,0.03775598937380775,0.035193816345846174,True,True
81,candidateUV_168,168,candidateUV,0.03191704495009173,0.039479444467752645,True,True
82,candidateUV_168,168,candidateUV,0.03551306665915388,0.040842674897660025,True,True
83,candidateUV_168,168,candidateUV,0.04052226225196731,0.04476361655320171,True,True
84,candidateUV_168,168,candidateUV,0.03914158239972998,0.04537447209356149,True,True
85,candidateUV_168,168,candidateUV,0.034962512967634085,0.04436845543968504,True,True
86,candidateUV_168,168,candidateUV,0.03394613162847171,0.04568260876442087,True,True
87,candidateUV_168,168,candidateUV,0.036290216024882915,0.044271174451187445,True,True
88,candidateUV_168,168,candidateUV,0.03607664419292789,0.039405487619617374,True,True
89,candidateUV_168,168,candidateUV,0.03922841469756477,0.04858422166534726,True,True
90,candidateUV_168,168,candidateUV,0.03968130115082125,0.04775090292595574,True,True
91,candidateUV_168,168,candidateUV,0.04189656481037607,0.0516388618514958,True,True
92,candidateUV_168,168,candidateUV,0.04492677459905503,0.05253184599019334,True,True
93,candidateUV_168,168,candidateUV,0.04512215443289691,0.055446054707699366,True,True
94,candidateUV_168,168,candidateUV,0.047208146935024065,0.05366994205146314,True,True
95,candidateUV_168,168,candidateUV,0.045472601908510435,0.04867758118876253,True,True
96,candidateUV_168,168,candidateUV,0.04883495539825011,0.05563140835071989,True,True
97,candidateUV_168,168,candidateUV,0.046337019303847704,0.05354084725969055,True,True
98,candidateUV_168,168,candidateUV,0.04126836407124457,0.05004335007353977,True,True
99,candidateUV_168,168,candidateUV,0.04580334991806623,0.047402609971841425,True,True
100,candidateUV_168,168,candidateUV,0.04335880534127501,0.049115382559442367,True,True
101,candidateUV_168,168,candidateUV,0.04430202964273222,0.05436286736118079,True,True
102,candidateUV_168,168,candidateUV,0.044236967050825915,0.05042283135196135,True,True
103,candidateUV_168,168,candidateUV,0.04190461789794031,0.05304586629305341,True,True
104,candidateUV_168,168,candidateUV,0.04184065966022987,0.05417314889209257,True,True
105,candidateUV_168,168,candidateUV,0.04088599910498503,0.04855670168058124,True,True
106,candidateUV_168,168,candidateUV,0.03889972409131426,0.04305548162630135,True,True
107,candidateUV_168,168,candidateUV,0.03893787836089457,0.04912090487013587,True,True
108,candidateUV_168,168,candidateUV,0.03878801079859506,0.04779428333859048,True,True
109,candidateUV_168,168,candidateUV,0.03771042226794452,0.04635867857663667,True,True
110,candidateUV_168,168,candidateUV,0.03604401608095198,0.04174727630746122,True,True
111,candidateUV_168,168,candidateUV,0.037966263365001196,0.040669120335912745,True,True
112,candidateUV_168,168,candidateUV,0.04092023237730702,0.04587709906201298,True,True
113,candidateUV_168,168,candidateUV,0.04133901920471894,0.04486424392376631,True,True
114,candidateUV_168,168,candidateUV,0.044349832154984004,0.0500626494926345,True,True
115,candidateUV_168,168,candidateUV,0.035747235854838966,0.046475874807956674,True,True
116,candidateUV_168,168,candidateUV,0.04392446205180933,0.05348524377305364,True,True
117,candidateUV_168,168,candidateUV,0.043527030268916356,0.058797861784229855,True,True
118,candidateUV_168,168,candidateUV,0.03962951470630938,0.059339500159737324,True,True
119,candidateUV_168,168,candidateUV,0.038692833895303425,0.057106521719431536,True,True
120,candidateUV_168,168,candidateUV,0.04584655776362756,0.06105251852080951,True,True
121,candidateUV_168,168,candidateUV,0.04333032943742232,0.055479278989041925,True,True
122,candidateUV_168,168,candidateUV,0.046526579182267325,0.05825004268984524,True,True
123,candidateUV_168,168,candidateUV,0.04632103790061526,0.05582051233070706,True,True
124,candidateUV_168,168,candidateUV,0.04823998038256283,0.051146115971057116,True,True
125,candidateUV_168,168,candidateUV,0.04188414681799557,0.051922100758901024,True,True
126,candidateUV_168,168,candidateUV,0.04741414811616662,0.05082954116910576,True,True
127,candidateUV_168,168,candidateUV,0.049984468938759075,0.04613041180036004,True,True
128,candidateUV_168,168,candidateUV,0.04703244542767038,0.04845556641356741,True,True
129,candidateUV_168,168,candidateUV,0.049003697116537626,0.049063802099910014,True,True
130,candidateUV_168,168,candidateUV,0.04986525392424701,0.04561575002249574,True,True
131,candidateUV_168,168,candidateUV,0.05081731514754162,0.04506853231792485,True,True
132,candidateUV_168,168,candidateUV,0.05628686796698512,0.04949721217157155,True,True
133,candidateUV_168,168,candidateUV,0.0549395657611631,0.04700487565467615,True,True
134,candidateUV_168,168,candidateUV,0.04256446454024154,0.04275311543323379,True,True
135,candidateUV_168,168,candidateUV,0.04295886126929116,0.04246451922391348,True,True
136,candidateUV_168,168,candidateUV,0.05293414862424317,0.04728465539121163,True,True
137,candidateUV_168,168,candidateUV,0.052565484635876514,0.04704582545112812,True,True
138,candidateUV_168,168,candidateUV,0.0482945119186704,0.04960177354771189,True,True
139,candidateUV_168,168,candidateUV,0.05200308274135801,0.05165982041821615,True,True
140,candidateUV_168,168,candidateUV,0.04649906417808225,0.04824614955648654,True,True
141,candidateUV_168,168,candidateUV,0.041919137983232324,0.050096313413460436,True,True
142,candidateUV_168,168,candidateUV,0.04192659019338696,0.054103777829914046,True,True
143,candidateUV_168,168,candidateUV,0.03983704359279561,0.05365066215470171,True,True
144,candidateUV_168,168,candidateUV,0.03864445816863726,0.05038130935340024,True,True
145,candidateUV_168,168,candidateUV,0.04353079953750483,0.045424766205497846,True,True
146,candidateUV_168,168,candidateUV,0.04513488100500451,0.049369763588983484,True,True
147,candidateUV_168,168,candidateUV,0.04875607659255121,0.04984137915648379,True,True
148,candidateUV_168,168,candidateUV,0.04861240553094537,0.04885061134397428,True,True
149,candidateUV_168,168,candidateUV,0.046792636934698484,0.0502913957093063,True,True
150,candidateUV_168,168,candidateUV,0.0341913993642643,0.037764854459349406,True,True
151,candidateUV_168,168,candidateUV,0.03717691050021166,0.040911796608179896,True,True
152,candidateUV_168,168,candidateUV,0.022982020554961125,0.0408557746656959,True,True
153,candidateUV_168,168,candidateUV,0.02330653814684469,0.03711333250348425,True,True
154,candidateUV_168,168,candidateUV,0.0101433598629036,0.023178081695897412,True,True
155,candidateUV_168,168,candidateUV,0.0337574394716641,0.03382660251044667,True,True
156,candidateUV_168,168,candidateUV,0.025139607295314947,0.02773602692219268,True,True
157,candidateUV_168,168,candidateUV,0.030889895390731725,0.027756372910402116,True,True
158,candidateUV_168,168,candidateUV,0.02665687603359579,0.029346951033449975,True,True
159,candidateUV_168,168,candidateUV,0.024899506674480598,0.03197286032543101,True,True
160,candidateUV_168,168,candidateUV,0.02533979616900839,0.027888258136293143,True,True
161,candidateUV_168,168,candidateUV,0.01432173778496948,0.03354660082924277,True,True
162,candidateUV_168,168,candidateUV,0.020599174631340866,0.03765042441292066,True,True
163,candidateUV_168,168,candidateUV,0.011491039618236498,0.029320857758774466,True,True
164,candidateUV_168,168,candidateUV,0.03185472919173693,0.031766558510162746,True,True
165,candidateUV_168,168,candidateUV,0.017723417767994576,0.029420485372852356,True,True
166,candidateUV_168,168,candidateUV,-0.007549954931816094,0.01724460489398827,False,True
167,candidateUV_168,168,candidateUV,0.0006493431855340015,0.01933552297889174,True,True
0,candidateUV_2688,2688,candidateUV,0.042995176673287894,0.06747633772363126,True,True
1,candidateUV_2688,2688,candidateUV,0.05559467643604599,0.06858775194323707,True,True
2,candidateUV_2688,2688,candidateUV,0.05404106017110277,0.06526751014629084,True,True
3,candidateUV_2688,2688,candidateUV,0.06265143740392531,0.06914287379166395,True,True
4,candidateUV_2688,2688,candidateUV,0.057981893480957614,0.06169386529367371,True,True
5,candidateUV_2688,2688,candidateUV,0.06660236478191206,0.07217760179608157,True,True
6,candidateUV_2688,2688,candidateUV,0.07269419871681881,0.081938947356756,True,True
7,candidateUV_2688,2688,candidateUV,0.067989951557625,0.07526931717667373,True,True
8,candidateUV_2688,2688,candidateUV,0.07142621686025585,0.07855083097854543,True,True
9,candidateUV_2688,2688,candidateUV,0.06938497391183884,0.0782432553834973,True,True
10,candidateUV_2688,2688,candidateUV,0.07005396980289269,0.08065975588662277,True,True
11,candidateUV_2688,2688,candidateUV,0.07899919178009751,0.08917333446248588,True,True
12,candidateUV_2688,2688,candidateUV,0.07955675702770848,0.0837466763129423,True,True
13,candidateUV_2688,2688,candidateUV,0.0744963157030476,0.09016998108970764,True,True
14,candidateUV_2688,2688,candidateUV,0.08167934426762746,0.09461091394580268,True,True
15,candidateUV_2688,2688,candidateUV,0.07905797471343035,0.09652974503323497,True,True
16,candidateUV_2688,2688,candidateUV,0.0761892574728994,0.09189012033457822,True,True
17,candidateUV_2688,2688,candidateUV,0.07554447743589654,0.08734357850913543,True,True
18,candidateUV_2688,2688,candidateUV,0.07922595766116747,0.09055195030574514,True,True
19,candidateUV_2688,2688,candidateUV,0.09179121817097546,0.09782763754686008,True,True
20,candidateUV_2688,2688,candidateUV,0.0844247776074275,0.09232975103026297,True,True
21,candidateUV_2688,2688,candidateUV,0.09235374234014426,0.09883698866483515,True,True
22,candidateUV_2688,2688,candidateUV,0.09243021165706644,0.1025975592152003,True,True
23,candidateUV_2688,2688,candidateUV,0.08330906240062441,0.0891252957479185,True,True
24,candidateUV_2688,2688,candidateUV,0.059362402191521224,0.08554273846241656,True,True
25,candidateUV_2688,2688,candidateUV,0.03274246875385345,0.07074131809455508,True,True
26,candidateUV_2688,2688,candidateUV,0.06466298798940096,0.08233763443496311,True,True
27,candidateUV_2688,2688,candidateUV,0.07832537563327435,0.0889834243681259,True,True
28,candidateUV_2688,2688,candidateUV,0.08566673063335595,0.08216009692110493,True,True
29,candidateUV_2688,2688,candidateUV,0.07015911842291456,0.07434038269070253,True,True
30,candidateUV_2688,2688,candidateUV,0.05614823728254881,0.06657746060413561,True,True
31,candidateUV_2688,2688,candidateUV,0.06766338511712966,0.06532456299355816,True,True
32,candidateUV_2688,2688,candidateUV,0.053399393532080675,0.05878177909043081,True,True
33,candidateUV_2688,2688,candidateUV,0.05071514632259566,0.05220030184253921,True,True
34,candidateUV_2688,2688,candidateUV,0.053592712543181986,0.056484570189272554,True,True
35,candidateUV_2688,2688,candidateUV,0.06330766492265727,0.05944459383609535,True,True
36,candidateUV_2688,2688,candidateUV,0.054529268240451345,0.05768610905842375,True,True
37,candidateUV_2688,2688,candidateUV,0.056015400770507706,0.06273300932662573,True,True
38,candidateUV_2688,2688,candidateUV,0.060719106325840655,0.05849141795306401,True,True
39,candidateUV_2688,2688,candidateUV,0.05562645271280142,0.05888638270177238,True,True
40,candidateUV_2688,2688,candidateUV,0.050365904995640975,0.05456879032842554,True,True
41,candidateUV_2688,2688,candidateUV,0.05068557851352418,0.05633810010383744,True,True
42,candidateUV_2688,2688,candidateUV,0.04844601943318283,0.05854786276241697,True,True
43,candidateUV_2688,2688,candidateUV,0.049603697680872916,0.058964436333064585,True,True
44,candidateUV_2688,2688,candidateUV,0.049501057309125795,0.060288992605544656,True,True
45,candidateUV_2688,2688,candidateUV,0.05231474331733765,0.06786679462693601,True,True
46,candidateUV_2688,2688,candidateUV,0.05441802995449918,0.07591077321664819,True,True
47,candidateUV_2688,2688,candidateUV,0.05672178045659548,0.07701298886290908,True,True
48,candidateUV_2688,2688,candidateUV,0.0539760129281186,0.06933561754435824,True,True
49,candidateUV_2688,2688,candidateUV,0.052236649108656885,0.0707178815060695,True,True
50,candidateUV_2688,2688,candidateUV,0.06146026224937229,0.0716437576425496,True,True
51,candidateUV_2688,2688,candidateUV,0.060396223182637265,0.06866954253127133,True,True
52,candidateUV_2688,2688,candidateUV,0.055209875701193845,0.06662584399209659,True,True
53,candidateUV_2688,2688,candidateUV,0.053192016103298045,0.06580924205495375,True,True
54,candidateUV_2688,2688,candidateUV,0.053076966037977735,0.0659701282066264,True,True
55,candidateUV_2688,2688,candidateUV,0.05305083518485454,0.06652671812597055,True,True
56,candidateUV_2688,2688,candidateUV,0.055327526086318524,0.06789093623347964,True,True
57,candidateUV_2688,2688,candidateUV,0.05680477821762009,0.07014323024378788,True,True
58,candidateUV_2688,2688,candidateUV,0.05721566886102336,0.06911420150719882,True,True
59,candidateUV_2688,2688,candidateUV,0.056386469990863275,0.06837843078466821,True,True
60,candidateUV_2688,2688,candidateUV,0.05762015402017662,0.06469219485296551,True,True
61,candidateUV_2688,2688,candidateUV,0.06068084398149143,0.06166605792873059,True,True
62,candidateUV_2688,2688,candidateUV,0.056577681370163946,0.06556121151149885,True,True
63,candidateUV_2688,2688,candidateUV,0.05779078007178218,0.06405890154019422,True,True
64,candidateUV_2688,2688,candidateUV,0.05814316260151631,0.06190579070878166,True,True
65,candidateUV_2688,2688,candidateUV,0.059321011611769836,0.06676486817527638,True,True
66,candidateUV_2688,2688,candidateUV,0.06070543647230353,0.07089684122693174,True,True
67,candidateUV_2688,2688,candidateUV,0.059557674302359476,0.07105671970303928,True,True
68,candidateUV_2688,2688,candidateUV,0.06297144816315303,0.06531994088610626,True,True
69,candidateUV_2688,2688,candidateUV,0.0681449152885728,0.07520234738334242,True,True
70,candidateUV_2688,2688,candidateUV,0.07218665595300233,0.07963946227132235,True,True
71,candidateUV_2688,2688,candidateUV,0.068593246574283,0.07561862326359359,True,True
72,candidateUV_2688,2688,candidateUV,0.06745596159054845,0.07448151042191165,True,True
73,candidateUV_2688,2688,candidateUV,0.06896386001115984,0.07534674221230286,True,True
74,candidateUV_2688,2688,candidateUV,0.06802870767268865,0.07182850455068879,True,True
75,candidateUV_2688,2688,candidateUV,0.06874879574397896,0.0735666836963974,True,True
76,candidateUV_2688,2688,candidateUV,0.0717328331243029,0.07372371755374152,True,True
77,candidateUV_2688,2688,candidateUV,0.07403682053868099,0.07725594873441766,True,True
78,candidateUV_2688,2688,candidateUV,0.07525445262119046,0.07681133944143859,True,True
79,candidateUV_2688,2688,candidateUV,0.07296871432028251,0.07571036697356237,True,True
80,candidateUV_2688,2688,candidateUV,0.0720783875462162,0.072070752141565,True,True
81,candidateUV_2688,2688,candidateUV,0.06706643612762986,0.07726071410938329,True,True
82,candidateUV_2688,2688,candidateUV,0.07036300129711781,0.0806025733817135,True,True
83,candidateUV_2688,2688,candidateUV,0.07430239882422318,0.08399449766950173,True,True
84,candidateUV_2688,2688,candidateUV,0.07423456590125799,0.08517380290261944,True,True
85,candidateUV_2688,2688,candidateUV,0.07054953482365667,0.08424581222304917,True,True
86,candidateUV_2688,2688,candidateUV,0.06993735602317064,0.08582593570283015,True,True
87,candidateUV_2688,2688,candidateUV,0.07005557626493297,0.08249984505279562,True,True
88,candidateUV_2688,2688,candidateUV,0.0733271998377455,0.08295263379407936,True,True
89,candidateUV_2688,2688,candidateUV,0.08148886841882341,0.09464728301213887,True,True
90,candidateUV_2688,2688,candidateUV,0.08168926756281858,0.09602194883748982,True,True
91,candidateUV_2688,2688,candidateUV,0.08113700846750593,0.09791731927898606,True,True
92,candidateUV_2688,2688,candidateUV,0.08305905913618572,0.10004369361232479,True,True
93,candidateUV_2688,2688,candidateUV,0.08685040682414646,0.10380588409751823,True,True
94,candidateUV_2688,2688,candidateUV,0.08781736372782512,0.1003006472204725,True,True
95,candidateUV_2688,2688,candidateUV,0.08794101894083983,0.09546680708360467,True,True
96,candidateUV_2688,2688,candidateUV,0.09318558949577249,0.10252036273462029,True,True
97,candidateUV_2688,2688,candidateUV,0.09165346283165088,0.09978336873357518,True,True
98,candidateUV_2688,2688,candidateUV,0.08702710854217044,0.09505914364020873,True,True
99,candidateUV_2688,2688,candidateUV,0.0857189679304714,0.08901699336965474,True,True
100,candidateUV_2688,2688,candidateUV,0.08320004895729105,0.09034632307970158,True,True
101,candidateUV_2688,2688,candidateUV,0.08351892428844765,0.09781313152547799,True,True
102,candidateUV_2688,2688,candidateUV,0.08485884806942967,0.09514770812046924,True,True
103,candidateUV_2688,2688,candidateUV,0.08304028121817053,0.09977562493110237,True,True
104,candidateUV_2688,2688,candidateUV,0.08246062142951871,0.10058722461738467,True,True
105,candidateUV_2688,2688,candidateUV,0.07564976148714575,0.08967380209808695,True,True
106,candidateUV_2688,2688,candidateUV,0.07209228042223992,0.08242676535820581,True,True
107,candidateUV_2688,2688,candidateUV,0.07336830555932572,0.09006529294838062,True,True
108,candidateUV_2688,2688,candidateUV,0.07359144196000678,0.08618334999752664,True,True
109,candidateUV_2688,2688,candidateUV,0.07213810846906943,0.08380815072980496,True,True
110,candidateUV_2688,2688,candidateUV,0.07032196538481184,0.07707370668445057,True,True
111,candidateUV_2688,2688,candidateUV,0.07169475994022001,0.07381508074701337,True,True
112,candidateUV_2688,2688,candidateUV,0.0749268578508302,0.0821144983605755,True,True
113,candidateUV_2688,2688,candidateUV,0.07834870905950342,0.083034058375411,True,True
114,candidateUV_2688,2688,candidateUV,0.07910450881494635,0.08852587181140925,True,True
115,candidateUV_2688,2688,candidateUV,0.0690992387845738,0.08767760279736259,True,True
116,candidateUV_2688,2688,candidateUV,0.08068904847750225,0.09887163596371917,True,True
117,candidateUV_2688,2688,candidateUV,0.07875378205696115,0.10758123517975982,True,True
118,candidateUV_2688,2688,candidateUV,0.07306842206529085,0.11238014185248157,True,True
119,candidateUV_2688,2688,candidateUV,0.07417385103507879,0.10704725668323312,True,True
120,candidateUV_2688,2688,candidateUV,0.08418220653140751,0.113779107181458,True,True
121,candidateUV_2688,2688,candidateUV,0.08213648983380561,0.10689491125303241,True,True
122,candidateUV_2688,2688,candidateUV,0.08846147901274315,0.11128511034075184,True,True
123,candidateUV_2688,2688,candidateUV,0.0854791482302999,0.10418796441671674,True,True
124,candidateUV_2688,2688,candidateUV,0.08917406161204022,0.09411515360890887,True,True
125,candidateUV_2688,2688,candidateUV,0.07779924933222693,0.09612479506700777,True,True
126,candidateUV_2688,2688,candidateUV,0.0881181797231908,0.09365160663412364,True,True
127,candidateUV_2688,2688,candidateUV,0.09139887760594778,0.08617220298050099,True,True
128,candidateUV_2688,2688,candidateUV,0.08450887653225392,0.09167012856800583,True,True
129,candidateUV_2688,2688,candidateUV,0.09023184074903556,0.0917282668596282,True,True
130,candidateUV_2688,2688,candidateUV,0.0963873466569991,0.08722257024353997,True,True
131,candidateUV_2688,2688,candidateUV,0.09595160937728597,0.08575625575298707,True,True
132,candidateUV_2688,2688,candidateUV,0.10065063472832458,0.09108427029923816,True,True
133,candidateUV_2688,2688,candidateUV,0.10370351047332971,0.09132049013454502,True,True
134,candidateUV_2688,2688,candidateUV,0.08536044635069306,0.08218595576246601,True,True
135,candidateUV_2688,2688,candidateUV,0.08907677289009386,0.08274288028008481,True,True
136,candidateUV_2688,2688,candidateUV,0.10340210656557092,0.09454470962117767,True,True
137,candidateUV_2688,2688,candidateUV,0.10052144070226743,0.09628414178384992,True,True
138,candidateUV_2688,2688,candidateUV,0.0973603233828666,0.10245174526580736,True,True
139,candidateUV_2688,2688,candidateUV,0.09742631152445946,0.10573027347363628,True,True
140,candidateUV_2688,2688,candidateUV,0.08996625172591532,0.1035412188524445,True,True
141,candidateUV_2688,2688,candidateUV,0.08774972737298159,0.11078141780594442,True,True
142,candidateUV_2688,2688,candidateUV,0.0884625762451009,0.11693589242896318,True,True
143,candidateUV_2688,2688,candidateUV,0.0834728680653607,0.11515205600093159,True,True
144,candidateUV_2688,2688,candidateUV,0.08018198186871484,0.11135446534370186,True,True
145,candidateUV_2688,2688,candidateUV,0.08885172430363186,0.10839999586947358,True,True
146,candidateUV_2688,2688,candidateUV,0.08954652700767163,0.1098110804182516,True,True
147,candidateUV_2688,2688,candidateUV,0.0947364844754357,0.11109046280250068,True,True
148,candidateUV_2688,2688,candidateUV,0.09774775770046729,0.10797847564862184,True,True
149,candidateUV_2688,2688,candidateUV,0.09880294296145697,0.10750511704800558,True,True
150,candidateUV_2688,2688,candidateUV,0.08723095179889295,0.09338035616459073,True,True
151,candidateUV_2688,2688,candidateUV,0.09107166663618971,0.09616969933864516,True,True
152,candidateUV_2688,2688,candidateUV,0.07776118157156131,0.0979742699311209,True,True
153,candidateUV_2688,2688,candidateUV,0.0801448784402945,0.09548474849554534,True,True
154,candidateUV_2688,2688,candidateUV,0.0633709649631804,0.07878606852671188,True,True
155,candidateUV_2688,2688,candidateUV,0.08705719752203023,0.08324149905832479,True,True
156,candidateUV_2688,2688,candidateUV,0.07530299586674694,0.07587879491128957,True,True
157,candidateUV_2688,2688,candidateUV,0.08426842790311839,0.07375379573021679,True,True
158,candidateUV_2688,2688,candidateUV,0.07597447629140208,0.07232833897590529,True,True
159,candidateUV_2688,2688,candidateUV,0.06628939515823828,0.0680483209626136,True,True
160,candidateUV_2688,2688,candidateUV,0.059782372515749915,0.06267329572751368,True,True
161,candidateUV_2688,2688,candidateUV,0.04829323808431585,0.06945425942083139,True,True
162,candidateUV_2688,2688,candidateUV,0.05135719660168425,0.07622717693590297,True,True
163,candidateUV_2688,2688,candidateUV,0.0417648496058155,0.06778816043028713,True,True
164,candidateUV_2688,2688,candidateUV,0.06347784091140474,0.07091991478842852,True,True
165,candidateUV_2688,2688,candidateUV,0.051569509269366876,0.07098158411976863,True,True
166,candidateUV_2688,2688,candidateUV,0.03333224467339879,0.06065676595819269,True,True
167,candidateUV_2688,2688,candidateUV,0.03550356421578604,0.059068315008689365,True,True
0,candidateUV_672,672,candidateUV,0.031355765441148375,0.05391559557214887,True,True
1,candidateUV_672,672,candidateUV,0.044276204386104356,0.054524074936278644,True,True
2,candidateUV_672,672,candidateUV,0.04271294724605201,0.050758955796978866,True,True
3,candidateUV_672,672,candidateUV,0.05068138459186622,0.05500963407246984,True,True
4,candidateUV_672,672,candidateUV,0.04519287935168714,0.04728191134453097,True,True
5,candidateUV_672,672,candidateUV,0.052452943036354394,0.05728954106259243,True,True
6,candidateUV_672,672,candidateUV,0.05733625274638787,0.0666821501986723,True,True
7,candidateUV_672,672,candidateUV,0.051089606112773134,0.059023254363117394,True,True
8,candidateUV_672,672,candidateUV,0.05550670059142937,0.06197630824566658,True,True
9,candidateUV_672,672,candidateUV,0.05241248525732978,0.060688474917620416,True,True
10,candidateUV_672,672,candidateUV,0.052378634129265356,0.0626870304794529,True,True
11,candidateUV_672,672,candidateUV,0.05893093905732416,0.06897251120572057,True,True
12,candidateUV_672,672,candidateUV,0.058045138966130505,0.06361551430418921,True,True
13,candidateUV_672,672,candidateUV,0.0492510712208577,0.06752109762550562,True,True
14,candidateUV_672,672,candidateUV,0.05585538593601558,0.07142802968880257,True,True
15,candidateUV_672,672,candidateUV,0.055371277390022455,0.07472695015678155,True,True
16,candidateUV_672,672,candidateUV,0.055725066016603875,0.07137098120456487,True,True
17,candidateUV_672,672,candidateUV,0.05468273874573737,0.06590227047326858,True,True
18,candidateUV_672,672,candidateUV,0.05642434610999514,0.06899548860878624,True,True
19,candidateUV_672,672,candidateUV,0.07436292101690922,0.0783394531126913,True,True
20,candidateUV_672,672,candidateUV,0.0650521587930386,0.07272261319040307,True,True
21,candidateUV_672,672,candidateUV,0.06740445350198032,0.07640626371852399,True,True
22,candidateUV_672,672,candidateUV,0.06691595854340049,0.08124525615747769,True,True
23,candidateUV_672,672,candidateUV,0.05895160062789284,0.06889352115924474,True,True
24,candidateUV_672,672,candidateUV,0.03598156750836523,0.06546317278600222,True,True
25,candidateUV_672,672,candidateUV,0.012087101705190562,0.052186404661337615,True,True
26,candidateUV_672,672,candidateUV,0.04366022011029835,0.0637693232844656,True,True
27,candidateUV_672,672,candidateUV,0.055588539603829035,0.06923692747435573,True,True
28,candidateUV_672,672,candidateUV,0.0632100931423566,0.06297034969270254,True,True
29,candidateUV_672,672,candidateUV,0.046172231866316915,0.05506974381474117,True,True
30,candidateUV_672,672,candidateUV,0.03414016385581642,0.0493344680477632,True,True
31,candidateUV_672,672,candidateUV,0.04732004639383702,0.049421789492146484,True,True
32,candidateUV_672,672,candidateUV,0.034478858363979015,0.043689297406518834,True,True
33,candidateUV_672,672,candidateUV,0.03542282676630415,0.038854810857978705,True,True
34,candidateUV_672,672,candidateUV,0.03890823971542079,0.04304703792150555,True,True
35,candidateUV_672,672,candidateUV,0.049002335874760994,0.04590644449732828,True,True
36,candidateUV_672,672,candidateUV,0.040391808181983846,0.0445362258852835,True,True
37,candidateUV_672,672,candidateUV,0.04097551971579516,0.048488337422140315,True,True
38,candidateUV_672,672,candidateUV,0.047420947830175586,0.045350627225740014,True,True
39,candidateUV_672,672,candidateUV,0.04399373300706011,0.047087605036160385,True,True
40,candidateUV_672,672,candidateUV,0.03964195451000985,0.04364829217498967,True,True
41,candidateUV_672,672,candidateUV,0.0408206894539348,0.0444468136549796,True,True
42,candidateUV_672,672,candidateUV,0.0386799904620051,0.04645508496189721,True,True
43,candidateUV_672,672,candidateUV,0.04002035808995841,0.046942558146286895,True,True
44,candidateUV_672,672,candidateUV,0.038510257622423105,0.047178801650305524,True,True
45,candidateUV_672,672,candidateUV,0.039996565143063156,0.052917266984855216,True,True
46,candidateUV_672,672,candidateUV,0.04094191332607633,0.06047497389211132,True,True
47,candidateUV_672,672,candidateUV,0.04291296872000028,0.06023237918512969,True,True
48,candidateUV_672,672,candidateUV,0.03937020248990508,0.05184045338590748,True,True
49,candidateUV_672,672,candidateUV,0.03822938226653105,0.05387152990195321,True,True
50,candidateUV_672,672,candidateUV,0.04676943750633644,0.0546855747564825,True,True
51,candidateUV_672,672,candidateUV,0.045059726858848737,0.051702262059179604,True,True
52,candidateUV_672,672,candidateUV,0.041869850256912255,0.051230008411862205,True,True
53,candidateUV_672,672,candidateUV,0.04165782005661178,0.05117996910525102,True,True
54,candidateUV_672,672,candidateUV,0.04227681606887346,0.05166804621728749,True,True
55,candidateUV_672,672,candidateUV,0.04156637998745072,0.05255713881234869,True,True
56,candidateUV_672,672,candidateUV,0.043957918318369926,0.05349735831342706,True,True
57,candidateUV_672,672,candidateUV,0.044619794803725354,0.05473358529494199,True,True
58,candidateUV_672,672,candidateUV,0.04482905342194976,0.05346543743944743,True,True
59,candidateUV_672,672,candidateUV,0.04451897039331487,0.05373278046899532,True,True
60,candidateUV_672,672,candidateUV,0.04527794610436797,0.04973105149503043,True,True
61,candidateUV_672,672,candidateUV,0.047689427447958566,0.046183827641822384,True,True
62,candidateUV_672,672,candidateUV,0.044695223212833146,0.051528192496134606,True,True
63,candidateUV_672,672,candidateUV,0.046475833193011296,0.05085672619691528,True,True
64,candidateUV_672,672,candidateUV,0.04622069580434329,0.047776583492943336,True,True
65,candidateUV_672,672,candidateUV,0.04751398485873082,0.052934665654302826,True,True
66,candidateUV_672,672,candidateUV,0.04931782928766015,0.056874779070006265,True,True
67,candidateUV_672,672,candidateUV,0.0492110603391136,0.05718883159720389,True,True
68,candidateUV_672,672,candidateUV,0.05138892967735409,0.05048496656804036,True,True
69,candidateUV_672,672,candidateUV,0.053977595235380815,0.058851428896194324,True,True
70,candidateUV_672,672,candidateUV,0.05602449561326994,0.061331422979712835,True,True
71,candidateUV_672,672,candidateUV,0.05347205476515793,0.058021698756624995,True,True
72,candidateUV_672,672,candidateUV,0.052942091010468095,0.05791569195902013,True,True
73,candidateUV_672,672,candidateUV,0.0540245146898688,0.0586969929565333,True,True
74,candidateUV_672,672,candidateUV,0.054080772714970915,0.055753253638765266,True,True
75,candidateUV_672,672,candidateUV,0.05450444612947192,0.057278878296116775,True,True
76,candidateUV_672,672,candidateUV,0.056485788790537006,0.056969202204947056,True,True
77,candidateUV_672,672,candidateUV,0.05861445665212062,0.05952158604916802,True,True
78,candidateUV_672,672,candidateUV,0.058376040675580554,0.05877874720408205,True,True
79,candidateUV_672,672,candidateUV,0.056375679209434315,0.05782296087012906,True,True
80,candidateUV_672,672,candidateUV,0.05677740144361543,0.054870809045157065,True,True
81,candidateUV_672,672,candidateUV,0.05081894796836639,0.05913370054414435,True,True
82,candidateUV_672,672,candidateUV,0.05488468790887979,0.062352110550436546,True,True
83,candidateUV_672,672,candidateUV,0.05924046959909102,0.06584561740455608,True,True
84,candidateUV_672,672,candidateUV,0.05842207859383408,0.06670938082337952,True,True
85,candidateUV_672,672,candidateUV,0.05482311862766376,0.0660297949108467,True,True
86,candidateUV_672,672,candidateUV,0.0540497510846043,0.06727768462819017,True,True
87,candidateUV_672,672,candidateUV,0.055388377472445294,0.06545216507564933,True,True
88,candidateUV_672,672,candidateUV,0.05654817799359635,0.06340554676349164,True,True
89,candidateUV_672,672,candidateUV,0.06178970704332376,0.07689372650631543,True,True
90,candidateUV_672,672,candidateUV,0.06146584403867961,0.07552358298953776,True,True
91,candidateUV_672,672,candidateUV,0.061788537069807914,0.07833704348517889,True,True
92,candidateUV_672,672,candidateUV,0.06492419049939513,0.07941798369119812,True,True
93,candidateUV_672,672,candidateUV,0.06680696253823437,0.0833805508609693,True,True
94,candidateUV_672,672,candidateUV,0.06672710714348495,0.07897810498072488,True,True
95,candidateUV_672,672,candidateUV,0.06549622444753689,0.07418400600992059,True,True
96,candidateUV_672,672,candidateUV,0.06931829307546611,0.08100164365149709,True,True
97,candidateUV_672,672,candidateUV,0.0677868825843031,0.07710105927213029,True,True
98,candidateUV_672,672,candidateUV,0.06400792368784713,0.07338096690059737,True,True
99,candidateUV_672,672,candidateUV,0.06541395906758685,0.06898591062386539,True,True
100,candidateUV_672,672,candidateUV,0.0627764966444535,0.06970944365613818,True,True
101,candidateUV_672,672,candidateUV,0.06367184323432606,0.07632967395748136,True,True
102,candidateUV_672,672,candidateUV,0.06408510291313763,0.07316339136414862,True,True
103,candidateUV_672,672,candidateUV,0.06207548959187592,0.07840267831781556,True,True
104,candidateUV_672,672,candidateUV,0.06224417069331334,0.07813322291634583,True,True
105,candidateUV_672,672,candidateUV,0.05743036361658427,0.06934060324219171,True,True
106,candidateUV_672,672,candidateUV,0.05446686834943337,0.063622325602948,True,True
107,candidateUV_672,672,candidateUV,0.05543488117307371,0.07066868994811926,True,True
108,candidateUV_672,672,candidateUV,0.05412771847042053,0.06719670948009093,True,True
109,candidateUV_672,672,candidateUV,0.0524376680912898,0.0643312944866472,True,True
110,candidateUV_672,672,candidateUV,0.050304206045565736,0.0582422645657924,True,True
111,candidateUV_672,672,candidateUV,0.05181298239324228,0.05597358020322907,True,True
112,candidateUV_672,672,candidateUV,0.05470325081451166,0.06302955095467744,True,True
113,candidateUV_672,672,candidateUV,0.057501150752413244,0.0636956548008849,True,True
114,candidateUV_672,672,candidateUV,0.06005830675654511,0.07006347771848997,True,True
115,candidateUV_672,672,candidateUV,0.05047928472929497,0.06819802899287108,True,True
116,candidateUV_672,672,candidateUV,0.05948737829610762,0.07752022932247082,True,True
117,candidateUV_672,672,candidateUV,0.058921217958992744,0.0855406032671443,True,True
118,candidateUV_672,672,candidateUV,0.05377487690698313,0.08948511718218743,True,True
119,candidateUV_672,672,candidateUV,0.05488171193786062,0.08491993084519178,True,True
120,candidateUV_672,672,candidateUV,0.06247242555276833,0.09185070671822593,True,True
121,candidateUV_672,672,candidateUV,0.060444467960466874,0.08447850536025747,True,True
122,candidateUV_672,672,candidateUV,0.06548680874402801,0.08715773384806169,True,True
123,candidateUV_672,672,candidateUV,0.06353581419968657,0.08314012081334998,True,True
124,candidateUV_672,672,candidateUV,0.06594218885853065,0.07401470210882133,True,True
125,candidateUV_672,672,candidateUV,0.05639336007667717,0.07389279722254571,True,True
126,candidateUV_672,672,candidateUV,0.06254299589920798,0.07189015040774227,True,True
127,candidateUV_672,672,candidateUV,0.06640662432541256,0.06603980826822331,True,True
128,candidateUV_672,672,candidateUV,0.061436178793547236,0.06980367542246413,True,True
129,candidateUV_672,672,candidateUV,0.06572630180286887,0.0705582060597224,True,True
130,candidateUV_672,672,candidateUV,0.06792681847245052,0.06538244276496097,True,True
131,candidateUV_672,672,candidateUV,0.06796477133963097,0.0637852524399406,True,True
132,candidateUV_672,672,candidateUV,0.07187911739578035,0.06856475329402456,True,True
133,candidateUV_672,672,candidateUV,0.07293923432157146,0.06701064999479944,True,True
134,candidateUV_672,672,candidateUV,0.057069844765962996,0.05978638343022724,True,True
135,candidateUV_672,672,candidateUV,0.06065257341968411,0.06008471189619757,True,True
136,candidateUV_672,672,candidateUV,0.0741791577390063,0.07054025563755939,True,True
137,candidateUV_672,672,candidateUV,0.07211989345310177,0.07176653613247042,True,True
138,candidateUV_672,672,candidateUV,0.0693691440970643,0.07740330016743058,True,True
139,candidateUV_672,672,candidateUV,0.07031346213715872,0.0800774545613474,True,True
140,candidateUV_672,672,candidateUV,0.06546334010087385,0.07859842649845072,True,True
141,candidateUV_672,672,candidateUV,0.060824597269626524,0.08235330859494061,True,True
142,candidateUV_672,672,candidateUV,0.062194144537623064,0.08840281136883343,True,True
143,candidateUV_672,672,candidateUV,0.0606800047945687,0.08657321688996522,True,True
144,candidateUV_672,672,candidateUV,0.06044467295809486,0.0834817095081839,True,True
145,candidateUV_672,672,candidateUV,0.06852292459045639,0.08046915179916381,True,True
146,candidateUV_672,672,candidateUV,0.07000514988972206,0.08327406552254224,True,True
147,candidateUV_672,672,candidateUV,0.07548049006050095,0.08548331017212196,True,True
148,candidateUV_672,672,candidateUV,0.07605385963334177,0.08228664580312617,True,True
149,candidateUV_672,672,candidateUV,0.07609465243320435,0.08323004171774873,True,True
150,candidateUV_672,672,candidateUV,0.0652173773953647,0.0707175018540751,True,True
151,candidateUV_672,672,candidateUV,0.06845185180977587,0.07376441019176971,True,True
152,candidateUV_672,672,candidateUV,0.05537554582540283,0.07637110545400483,True,True
153,candidateUV_672,672,candidateUV,0.0576922178302085,0.07431227432706433,True,True
154,candidateUV_672,672,candidateUV,0.04251529215904093,0.058951414554469506,True,True
155,candidateUV_672,672,candidateUV,0.06696191490474235,0.06599889943017156,True,True
156,candidateUV_672,672,candidateUV,0.057963164125498734,0.060722117943140974,True,True
157,candidateUV_672,672,candidateUV,0.06554729798741843,0.05960259067476392,True,True
158,candidateUV_672,672,candidateUV,0.05908386307167379,0.05927472478160267,True,True
159,candidateUV_672,672,candidateUV,0.05211469751373754,0.05739276241140101,True,True
160,candidateUV_672,672,candidateUV,0.04854297422630449,0.0531652742433254,True,True
161,candidateUV_672,672,candidateUV,0.036208918231977694,0.058560784621802364,True,True
162,candidateUV_672,672,candidateUV,0.04205863954939848,0.06605495554003948,True,True
163,candidateUV_672,672,candidateUV,0.03238865383527634,0.05740513543134851,True,True
164,candidateUV_672,672,candidateUV,0.05342572499108067,0.059073855383152685,True,True
165,candidateUV_672,672,candidateUV,0.04055842346591054,0.05856778869634782,True,True
166,candidateUV_672,672,candidateUV,0.015910906943288006,0.04498253589465728,True,True
167,candidateUV_672,672,candidateUV,0.020379654398645308,0.04540922301331307,True,True
0,gan,baseline,baseline,-0.03681458014333827,-0.03158399935896139,False,False
1,gan,baseline,baseline,-0.012971124105216059,-0.03865942609111761,False,False
2,gan,baseline,baseline,-0.03213900566101335,-0.04882223227690352,False,False
3,gan,baseline,baseline,-0.016658438550603227,-0.03823932347320225,False,False
4,gan,baseline,baseline,-0.03966609048596659,-0.03912546886832746,False,False
5,gan,baseline,baseline,-0.04741066337589683,-0.02864465863785126,False,False
6,gan,baseline,baseline,-0.04930695128279017,-0.029056263699416718,False,False
7,gan,baseline,baseline,-0.05212050122244738,-0.05570929636659949,False,False
8,gan,baseline,baseline,-0.04918658307245494,-0.03708597100349287,False,False
9,gan,baseline,baseline,-0.07288546315929456,-0.053635268341197806,False,False
10,gan,baseline,baseline,-0.06781192815181514,-0.03674471932032464,False,False
11,gan,baseline,baseline,-0.07094972699502111,-0.03031532802153225,False,False
12,gan,baseline,baseline,-0.07411137841282123,-0.04676432821437948,False,False
13,gan,baseline,baseline,-0.07148993388524583,-0.04291180014421592,False,False
14,gan,baseline,baseline,-0.08185367871155713,-0.05283225013730475,False,False
15,gan,baseline,baseline,-0.10527220112358537,-0.06033108215602312,False,False
16,gan,baseline,baseline,-0.12081339364618071,-0.07607447402536072,False,False
17,gan,baseline,baseline,-0.11201304424117531,-0.06867160316194088,False,False
18,gan,baseline,baseline,-0.05732011979945195,-0.04729574641559031,False,False
19,gan,baseline,baseline,-0.0396330984174702,-0.019420333892512964,False,False
20,gan,baseline,baseline,-0.09659501441866025,-0.0548862423868568,False,False
21,gan,baseline,baseline,-0.09033886096843902,-0.06141446248945448,False,False
22,gan,baseline,baseline,-0.05611878352112076,-0.06144803472218763,False,False
23,gan,baseline,baseline,-0.05012806757401689,-0.061036502555679384,False,False
24,gan,baseline,baseline,-0.03836926021423248,-0.044167269966584044,False,False
25,gan,baseline,baseline,-0.07424947529897352,-0.056457967474271786,False,False
26,gan,baseline,baseline,-0.037235235911504794,-0.03999742223611025,False,False
27,gan,baseline,baseline,0.017341013385700266,-0.021103495416196272,True,False
28,gan,baseline,baseline,-0.019435282515384733,-0.04090683731555167,False,False
29,gan,baseline,baseline,-0.032979567283357936,-0.05021103764894452,False,False
30,gan,baseline,baseline,-0.02966014897507563,-0.049585230411136605,False,False
31,gan,baseline,baseline,-0.0031070838025948344,-0.0352428247718537,False,False
32,gan,baseline,baseline,-0.006102186848227165,-0.04255885129183856,False,False
33,gan,baseline,baseline,0.0022168628212831942,-0.03780208300070598,True,False
34,gan,baseline,baseline,0.0065224103272158995,-0.02201609212176403,True,False
35,gan,baseline,baseline,-0.0047607937043664394,-0.03877490331942057,False,False
36,gan,baseline,baseline,-0.04374923753064164,-0.061969642441716655,False,False
37,gan,baseline,baseline,-0.037378079383565854,-0.03545997107997001,False,False
38,gan,baseline,baseline,-0.02637417984563062,-0.0379814520871935,False,False
39,gan,baseline,baseline,-0.03752267323866154,-0.050114075000107894,False,False
40,gan,baseline,baseline,-0.03138513718604752,-0.0686413581019707,False,False
41,gan,baseline,baseline,-0.07815293916984445,-0.08939945964365004,False,False
42,gan,baseline,baseline,-0.05642220855930713,-0.09426055445814285,False,False
43,gan,baseline,baseline,-0.082654983696548,-0.11341628534606174,False,False
44,gan,baseline,baseline,-0.030918381671194206,-0.0910554103916924,False,False
45,gan,baseline,baseline,-0.03817322549667301,-0.08934968009204491,False,False
46,gan,baseline,baseline,-0.06220184985906396,-0.0784963986043904,False,False
47,gan,baseline,baseline,-0.03760451771099804,-0.07365123922806494,False,False
48,gan,baseline,baseline,-0.0421933091336516,-0.07311550169246483,False,False
49,gan,baseline,baseline,-0.05757976895110695,-0.07826933650119583,False,False
50,gan,baseline,baseline,-0.07049242253330157,-0.10226448848014424,False,False
51,gan,baseline,baseline,-0.08794847900463931,-0.11881450594232501,False,False
52,gan,baseline,baseline,-0.12895009341080832,-0.12501426951522787,False,False
53,gan,baseline,baseline,-0.11397037617422678,-0.12043837749052366,False,False
54,gan,baseline,baseline,-0.10674145742316343,-0.10928770520250519,False,False
55,gan,baseline,baseline,-0.10271380014198295,-0.10558291922524987,False,False
56,gan,baseline,baseline,-0.10475279043029062,-0.09726503582288326,False,False
57,gan,baseline,baseline,-0.09425669773392753,-0.09883350254198908,False,False
58,gan,baseline,baseline,-0.1044575959161459,-0.09783868390037465,False,False
59,gan,baseline,baseline,-0.08196834683378862,-0.09032256657197091,False,False
60,gan,baseline,baseline,-0.0870928061898606,-0.09459637015217526,False,False
61,gan,baseline,baseline,-0.08655885418347609,-0.07962173975537423,False,False
62,gan,baseline,baseline,-0.07458821002827232,-0.10619026415271093,False,False
63,gan,baseline,baseline,-0.06260101137288787,-0.09236741792394565,False,False
64,gan,baseline,baseline,-0.08396128442404305,-0.07706839383899244,False,False
65,gan,baseline,baseline,-0.11619232949632874,-0.10574857038617047,False,False
66,gan,baseline,baseline,-0.11536611991055568,-0.10007942965984884,False,False
67,gan,baseline,baseline,-0.116674410562433,-0.09834745786663512,False,False
68,gan,baseline,baseline,-0.0779645604892274,-0.08843984598749244,False,False
69,gan,baseline,baseline,-0.06406196119001295,-0.08074754235941328,False,False
70,gan,baseline,baseline,-0.029165508147722452,-0.06909320598021873,False,False
71,gan,baseline,baseline,-0.055101253465836164,-0.07557757402689791,False,False
72,gan,baseline,baseline,-0.0786878078832991,-0.08187627024739608,False,False
73,gan,baseline,baseline,-0.044711478037373964,-0.06818254953738001,False,False
74,gan,baseline,baseline,-0.03531226015395583,-0.06558871110633269,False,False
75,gan,baseline,baseline,-0.0526869309219925,-0.07420932487967324,False,False
76,gan,baseline,baseline,-0.06984423357893743,-0.08126281420589687,False,False
77,gan,baseline,baseline,-0.08057064798309854,-0.09634222150426885,False,False
78,gan,baseline,baseline,-0.04885934324099994,-0.08524450552792939,False,False
79,gan,baseline,baseline,-0.05281394233216674,-0.09326750547404838,False,False
80,gan,baseline,baseline,-0.0682369790126035,-0.09775376990900231,False,False
81,gan,baseline,baseline,-0.05272825026105421,-0.08984005554268304,False,False
82,gan,baseline,baseline,-0.05602827782729547,-0.07230838621663549,False,False
83,gan,baseline,baseline,-0.04146104586701771,-0.07701696879904452,False,False
84,gan,baseline,baseline,-0.04105947625882156,-0.08107146103991314,False,False
85,gan,baseline,baseline,-0.04286702800708353,-0.08407084628965589,False,False
86,gan,baseline,baseline,-0.050780796771029424,-0.07619131033317161,False,False
87,gan,baseline,baseline,-0.05730611766490479,-0.08926409459235018,False,False
88,gan,baseline,baseline,-0.03791247010700627,-0.08039723630573703,False,False
89,gan,baseline,baseline,-0.0707402160702445,-0.09842349436413955,False,False
90,gan,baseline,baseline,-0.06821147400097172,-0.1018266194043631,False,False
91,gan,baseline,baseline,-0.13868464220905052,-0.14626201096672653,False,False
92,gan,baseline,baseline,-0.12206851011932596,-0.120364753176612,False,False
93,gan,baseline,baseline,-0.08569346499306307,-0.0890179001105138,False,False
94,gan,baseline,baseline,-0.08939141380914994,-0.07863559088119765,False,False
95,gan,baseline,baseline,-0.09077644659258166,-0.08719754219484865,False,False
96,gan,baseline,baseline,-0.08547790992179949,-0.06865974413683862,False,False
97,gan,baseline,baseline,-0.08250697841652266,-0.06314882739635919,False,False
98,gan,baseline,baseline,-0.051641558782698604,-0.03805038465935495,False,False
99,gan,baseline,baseline,-0.07491853993078834,-0.05489882146919267,False,False
100,gan,baseline,baseline,-0.060986312564153544,-0.06306836350327871,False,False
101,gan,baseline,baseline,-0.08579057155979597,-0.09059960293134472,False,False
102,gan,baseline,baseline,-0.05479646459941878,-0.0418723042508764,False,False
103,gan,baseline,baseline,-0.0870627753096529,-0.07222290706905088,False,False
104,gan,baseline,baseline,-0.07122765025884159,-0.09272285908154232,False,False
105,gan,baseline,baseline,-0.06558607965595131,-0.09230718182680064,False,False
106,gan,baseline,baseline,-0.08810653074393238,-0.09412034376116551,False,False
107,gan,baseline,baseline,-0.08288365267913245,-0.08272453995150042,False,False
108,gan,baseline,baseline,-0.04869549873701451,-0.06943349598344684,False,False
109,gan,baseline,baseline,-0.0347907105051547,-0.056599686493742696,False,False
110,gan,baseline,baseline,-0.01767594661552052,-0.0470955728955752,False,False
111,gan,baseline,baseline,-0.044984287722264704,-0.07455287094742635,False,False
112,gan,baseline,baseline,-0.041229012022354405,-0.061142521035588926,False,False
113,gan,baseline,baseline,-0.02655110540987149,-0.07118661786490121,False,False
114,gan,baseline,baseline,-0.04213888448648384,-0.06968077958146657,False,False
115,gan,baseline,baseline,-0.0921747840852789,-0.0779007471696419,False,False
116,gan,baseline,baseline,-0.07977727354148689,-0.08381842945779283,False,False
117,gan,baseline,baseline,-0.09076363976022472,-0.05873652318717748,False,False
118,gan,baseline,baseline,-0.10013653448047499,-0.06752634649438782,False,False
119,gan,baseline,baseline,-0.11866306256094583,-0.10564972232233105,False,False
120,gan,baseline,baseline,-0.11896566533476971,-0.09402930912558571,False,False
121,gan,baseline,baseline,-0.12405387536189816,-0.09886715527864509,False,False
122,gan,baseline,baseline,-0.1216425015648045,-0.12183760359647833,False,False
123,gan,baseline,baseline,-0.11185849252154456,-0.08896361136643915,False,False
124,gan,baseline,baseline,-0.10223116318929804,-0.10770279230356872,False,False
125,gan,baseline,baseline,-0.10983450547424667,-0.08806243136321912,False,False
126,gan,baseline,baseline,-0.07664864018095607,-0.06864647947546598,False,False
127,gan,baseline,baseline,-0.065045233338479,-0.06294352080967736,False,False
128,gan,baseline,baseline,-0.08256443935528701,-0.05812159781397497,False,False
129,gan,baseline,baseline,-0.07274641207570676,-0.049269339468141826,False,False
130,gan,baseline,baseline,-0.05720829294570895,-0.05882976625288372,False,False
131,gan,baseline,baseline,-0.043522375920201806,-0.0638847711238123,False,False
132,gan,baseline,baseline,-0.031865307434935874,-0.05253159352785497,False,False
133,gan,baseline,baseline,-0.028945221293709467,-0.054598924283570494,False,False
134,gan,baseline,baseline,-0.033972922796938865,-0.06889658809427157,False,False
135,gan,baseline,baseline,-0.03963979949267282,-0.06505468796659675,False,False
136,gan,baseline,baseline,-0.05708619217870581,-0.07424842899094664,False,False
137,gan,baseline,baseline,-0.062012296200114725,-0.0899159228826989,False,False
138,gan,baseline,baseline,-0.06606877422070512,-0.07873712637175134,False,False
139,gan,baseline,baseline,-0.07455310263496595,-0.07778541144924067,False,False
140,gan,baseline,baseline,-0.0672766728285148,-0.069988176881703,False,False
141,gan,baseline,baseline,-0.05889782677234412,-0.08059056286036004,False,False
142,gan,baseline,baseline,-0.037456648944418136,-0.061224764370525375,False,False
143,gan,baseline,baseline,-0.06717775875747556,-0.07945006940807753,False,False
144,gan,baseline,baseline,-0.05569050744683113,-0.06541010358063082,False,False
145,gan,baseline,baseline,-0.05968097787967197,-0.08003825881124071,False,False
146,gan,baseline,baseline,-0.07662973855130306,-0.08214500329009866,False,False
147,gan,baseline,baseline,-0.05386485778712213,-0.06985585848773623,False,False
148,gan,baseline,baseline,-0.05022781300260992,-0.07120969952711853,False,False
149,gan,baseline,baseline,-0.04760064934280994,-0.06283795657701541,False,False
150,gan,baseline,baseline,-0.08532863727297801,-0.09170896016645935,False,False
151,gan,baseline,baseline,-0.08855931404695827,-0.09164044481872757,False,False
152,gan,baseline,baseline,-0.07926879352907268,-0.08912669823498853,False,False
153,gan,baseline,baseline,-0.07399546929563883,-0.0877192291772192,False,False
154,gan,baseline,baseline,-0.08268683920886233,-0.1015305457612451,False,False
155,gan,baseline,baseline,-0.024809790723379632,-0.06871909634278084,False,False
156,gan,baseline,baseline,-0.06587376042832704,-0.04660511329720585,False,False
157,gan,baseline,baseline,-0.07489987690831934,-0.055656634164049534,False,False
158,gan,baseline,baseline,-0.06208013826726744,-0.07960325156879233,False,False
159,gan,baseline,baseline,-0.051535474512903745,-0.0817724505447579,False,False
160,gan,baseline,baseline,-0.01919921676087344,-0.07566170554656115,False,False
161,gan,baseline,baseline,-0.04790041910176479,-0.06666468332328179,False,False
162,gan,baseline,baseline,-0.051689669733596455,-0.07535627158304081,False,False
163,gan,baseline,baseline,-0.09945060776423253,-0.08427728814961077,False,False
164,gan,baseline,baseline,-0.02533996815590145,-0.06833434748492317,False,False
165,gan,baseline,baseline,-0.03763505887206253,-0.056334785731032455,False,False
166,gan,baseline,baseline,-0.04683838040601307,-0.03673155151607832,False,False
167,gan,baseline,baseline,-0.08177623593787475,-0.04446606058632385,False,False
