<VTKFile type="UnstructuredGrid" version="0.1" byte_order="LittleEndian" header_type="UInt32" compressor="vtkZLibDataCompressor">
  <UnstructuredGrid>
    <Piece NumberOfPoints="2508" NumberOfCells="2507">
      <PointData>
        <DataArray type="Float32" Name="Scalar" format="ascii" RangeMin="0.02943546511232853" RangeMax="21.392749786376953">
          0.029435465 0.23014158 0.0342291 0.298984 0.038735956 0.26714063
          0.04282738 0.52406645 0.045417 0.31443647 0.05276155 0.21207753
          0.0571295 1.3353045 0.061341148 0.6101179 0.061900903 0.064501695
          0.60936373 0.06834363 0.3627486 0.070999086 0.7091157 0.08158009
          0.6132617 0.08219035 0.36334246 0.09602901 0.2665664 0.10715949
          0.10743317 0.11059582 0.49699724 0.11505163 0.7887115 0.11531384
          0.39303008 0.12551486 0.4405947 0.12720913 0.48237982 0.13189651
          0.13556267 0.3854081 0.14392659 0.9035781 0.14858021 0.20726472
          0.15053244 0.30870244 0.15838993 0.15936501 0.34439924 0.1596715
          1.2474573 0.1607198 0.16813926 0.48606727 0.16825382 0.35236636
          0.17401677 0.56136847 0.18504813 0.26702347 0.19111507 0.5935076
          0.1931979 0.19532597 0.1965517 0.1976879 0.19819444 0.5424422
          0.21470648 0.21515656 0.66959006 0.21791571 0.40912527 0.21946931
          0.6376297 0.22586982 0.39707914 0.22666007 0.67166126 0.33009222
          0.23603155 0.4537667 0.23849092 0.6656525 0.24186578 0.8898499
          0.24876407 0.89486283 0.25159332 0.44031417 0.25301406 0.49408266
          0.25538173 0.6205134 0.25640124 0.63526565 0.2565893 0.5558445
          0.40703768 0.62980783 0.2698781 0.48651809 0.27067998 0.388861
          0.2767941 0.98254013 0.28843766 0.8362612 0.28969976 0.5151724
          0.29284468 0.36147606 0.2967034 0.5370561 0.2971003 0.4809521
          0.3003226 0.55991316 0.30133685 1.7127761 0.3052289 0.31217775
          0.57042617 0.31415737 0.9158218 0.31418017 0.59529513 0.5104285
          0.32032895 0.5047085 0.33453977 0.37835056 0.34162554 0.34293216
          0.6816008 0.34656134 0.350247 0.35179684 0.49728823 0.35605645
          0.76663804 0.35884124 0.7195444 0.35928604 0.35953614 1.8934644
          0.5076755 0.36294726 0.8462248 0.368859 0.3734883 0.51781565
          0.37408853 0.5699714 0.37470862 0.47064105 0.38530543 0.96178716
          0.38878685 0.39075968 1.0326891 0.39108425 0.82032967 0.889611
          0.3964492 0.39649323 1.0609586 0.6873163 0.39711913 0.39820898
          0.40562478 0.40928543 0.4912224 0.41790044 0.74799573 0.42251557
          0.45084563 0.4231206 0.87716484 0.42989686 0.64779884 0.43200386
          0.80026394 0.9474399 0.44436797 0.4463806 0.9228811 0.44713497
          0.97884554 0.45043084 1.3215694 0.5660401 0.45415172 0.5504276
          0.45535973 0.46183038 0.82975787 0.46431485 0.6529551 0.47539222
          1.753613 0.48079556 0.49507234 0.48509347 0.5844467 0.4866179
          1.3610837 0.4876804 0.6158269 0.48806357 1.3399223 0.9613812
          0.49418548 0.6736922 0.4958932 0.9276379 0.5996398 0.53392035
          0.50819576 0.51028675 0.51065797 0.5132393 1.7447436 0.51472634
          0.5148018 0.6394278 0.5186237 0.57307965 0.5188811 0.5251183
          0.70645493 0.52534276 0.671933 0.52723384 0.83964854 0.5314479
          0.532693 0.84587926 0.77058864 0.5441213 0.54638565 0.549708
          0.74007607 0.5504072 0.5527587 1.8321745 0.55320895 0.55356205
          0.55404747 0.7002003 0.55662197 0.70067227 0.62395054 0.5634481
          0.6298599 0.5755852 0.7300788 0.58690506 1.345257 0.5902178
          0.94287413 0.6511619 0.74120003 0.5965007 1.3038136 0.59846497
          0.6033596 0.6002184 0.85689896 0.6026826 0.98488045 0.60390216
          0.6764952 0.61015356 0.77584004 0.9644245 0.701835 0.6215805
          0.7880053 0.63259995 0.63370496 0.7738672 1.1054271 0.6438609
          1.2624594 0.6449558 0.6505077 0.9519262 0.81414235 1.2010189
          0.6564612 0.9046521 0.6642241 0.66771245 1.3278029 0.6686828
          1.9181494 2.4903355 0.6706124 1.5013448 0.6715315 1.5187255
          0.93914926 0.8249415 0.6792811 0.6805358 1.0234807 0.6851436
          0.69055796 0.6926254 0.6946892 0.79716027 0.69514424 0.78345597
          0.70072854 1.0159094 0.7029218 0.703566 0.7062533 0.72109056
          0.71314216 1.1064458 0.7139376 0.9484574 0.90745664 0.72153467
          0.74513745 0.722844 0.7236152 1.0107225 0.9290561 0.74280965
          0.74951977 0.7550436 0.7652807 1.0272683 0.7728674 1.2137957
          0.96983254 0.8531712 0.77945864 1.0190576 0.7799939 1.0626073
          0.7819036 1.6572849 0.82665443 0.7911239 0.91422665 0.79294264
          0.83670276 0.7931238 1.385631 0.80063564 1.0210743 0.8026749
          0.80491763 0.8085102 1.1808825 0.80853873 0.87159956 0.8146561
          0.93117297 0.81490546 0.81625605 1.6202691 0.8239855 0.8266957
          1.3656344 0.82871205 1.4962626 1.2536873 1.0406951 0.8595577
          0.8386898 2.3132415 0.843805 1.4232231 1.1232461 0.8474138
          0.986957 0.84983337 0.8536859 0.9188431 0.86347616 0.8657319
          0.8660095 0.95440525 0.8724582 1.3009661 0.8745144 0.8760872
          1.0571147 0.8775196 0.880233 0.8809679 1.0894834 0.88414514
          0.8852085 1.0004479 0.9774448 0.8906596 0.89655405 1.035798
          0.8996894 1.2889138 1.0300244 1.0381049 0.91890067 0.9085014
          2.8644476 0.9122798 1.0145862 0.9187411 1.3435621 0.9660015
          0.9216894 0.9874586 1.19347 1.2196422 0.92784667 1.019836
          0.93001276 0.97663456 1.1224661 0.9330633 1.2349669 0.9385151
          1.8156154 0.94087756 0.9469189 1.2257017 0.9482102 1.2420764
          1.078038 0.95141095 1.002025 0.957188 1.1728244 0.9583536
          1.0084713 0.9649224 0.96593535 1.1214601 0.9660783 0.99521846
          0.97422093 0.97572994 0.9778148 1.2476172 0.978865 1.3596498
          0.98024714 1.1754109 1.0323498 0.99233997 0.9963098 1.6534879
          0.99921674 1.168333 1.0000088 1.0078973 1.7135375 1.0105923
          1.4099058 1.0109031 1.1338736 1.0214837 1.2223079 1.0469118
          1.026241 2.1899784 1.1278747 1.0356354 1.116155 1.5184903
          1.5898001 1.0424998 1.9390393 1.0465174 1.1280484 1.0919014
          1.0706296 1.057834 1.0611289 1.2289325 1.0625632 1.6227348
          1.3310978 1.0689592 1.0705106 1.1505855 1.0775428 1.1285701
          1.0901687 1.2051197 1.0902822 1.2304752 1.0915357 1.685916
          1.1214591 1.0979121 1.271378 1.098706 1.2906709 1.1042207
          1.2501059 1.498098 1.1067263 1.1152226 1.3536355 1.1175317
          1.1921126 1.1199436 1.6988423 1.5536088 1.1277574 2.264414
          1.1304921 1.7134173 1.1640815 1.1648996 1.1650279 1.3580688
          1.1930145 1.1945794 1.1971676 1.306811 1.2008574 1.2134788
          1.2179404 1.2138232 1.6181777 1.2304138 1.3472542 1.5312405
          1.2314291 1.2359468 1.2379174 1.3822882 1.2487488 1.2792339
          1.461908 1.2503123 1.6842476 3.1261811 1.2726818 1.2761077
          1.9744917 1.2791145 1.6006318 1.2914426 1.2812829 1.4837817
          1.282312 1.285169 1.3273697 1.444163 1.3269686 1.3909019
          1.3063827 1.8553265 1.4092407 1.3106579 1.4425409 1.3115553
          1.453759 1.3130766 1.6575137 1.3134205 1.3614893 1.3172354
          1.3211511 1.3894354 1.3228756 1.4228312 1.3243563 1.327204
          1.3646913 1.3314109 1.3314458 1.3326383 1.5867456 1.3546427
          1.4634603 1.356191 1.401361 1.7962757 1.3612039 2.1003122
          1.3709636 1.5695988 1.6591614 2.05114 1.4011548 1.4342194
          1.4024241 1.4060814 1.6132506 1.6120815 1.4112512 1.4147831
          1.4167968 1.7088828 1.425289 1.4729403 1.427506 1.6759336
          1.4304106 1.4496852 1.4322661 1.5388682 1.4517764 1.4686747
          1.4595178 1.6771423 1.47345 1.5450962 1.4753842 1.702746
          1.4773105 1.4886312 2.1814153 1.6213428 1.503639 4.6565785
          1.513445 1.885079 1.514406 2.655249 1.5207291 1.5232729
          1.6272994 1.5426009 1.554277 1.5521907 1.6215096 1.5739759
          1.5682322 1.5722023 1.579365 1.7890636 1.5881863 2.0476825
          1.59424 1.6006452 2.206175 1.9494827 1.7312138 2.0538971
          1.6344674 2.3456345 1.6585531 1.6870779 1.6585631 1.6631333
          2.941711 2.5250046 1.6759709 1.6836833 2.2486057 2.0372248
          2.0075464 1.7093923 1.6962745 1.7136312 1.698171 2.110406
          1.6983365 2.013019 1.6999007 2.0061438 1.9923017 1.9296676
          1.7135339 1.7944877 1.8205345 1.7310987 1.7394117 1.772321
          2.0321596 1.7490525 1.8029845 1.9470379 1.7559984 2.1457288
          1.7576487 1.7596058 1.7699544 1.8136226 1.778948 1.8013053
          2.0783548 1.8017523 2.5745342 1.8117676 2.120499 1.9484977
          2.0367267 1.8196659 1.886054 1.8224338 1.8315945 2.5272596
          2.3249447 1.863965 2.3877635 1.8639989 2.626776 1.8703269
          2.4418879 1.879583 2.1545236 1.883551 1.8922603 2.0172186
          1.8994062 2.3022428 1.9029137 1.912717 2.1704915 1.9243528
          2.3751469 1.9453956 2.1454177 1.9467113 2.212267 2.1448612
          1.9478638 2.4440563 2.0756612 1.9555418 1.955956 1.9895948
          1.9913278 2.1672666 1.993282 2.0016596 2.171835 2.1264088
          2.0072615 2.0104473 2.5333436 2.0105166 2.3509848 2.011093
          2.1739056 2.0743003 2.0147393 2.016289 2.0816848 2.0198312
          2.0923984 2.026871 3.2919872 2.0286176 2.499551 2.031719
          2.356718 2.0942585 2.0986528 2.269379 2.0589974 2.2348988
          2.0670428 2.0694447 4.2306128 2.0765383 2.07762 2.0785584
          2.2457697 2.0858088 2.2322721 2.0897877 2.1234987 2.0967512
          2.8992736 2.0970254 3.0089488 2.1032698 2.2150102 2.1236951
          2.2498012 2.1896446 2.1337645 2.2790074 2.1352727 2.1424954
          2.4243472 2.1433427 2.3964717 2.284652 2.3211567 2.1664202
          2.3252923 2.1704717 2.8038666 2.2932594 2.1715484 2.1803732
          2.6141925 2.1821022 2.3311322 2.1828074 2.5172682 2.1838171
          2.2601156 2.1926048 2.2096317 2.6068249 2.4422297 2.2130563
          2.3084385 2.2265508 2.266213 2.2293296 3.4649155 2.2316031
          2.4330308 2.28185 2.4474154 2.2425385 2.4829566 2.2486928
          2.4430873 2.4306767 2.2498832 2.2499318 2.2582107 2.2772882
          2.6227925 2.3817947 2.2794013 2.283653 4.394708 2.2891698
          2.8580997 2.2891936 3.1659753 2.3752882 2.3663223 2.3120153
          2.4582927 3.580883 2.3331263 2.367514 2.3417354 2.6059864
          2.4395194 2.3586962 2.3716938 2.4598 2.530256 2.3949003
          2.508911 2.6644313 2.398063 2.9666555 2.409041 2.5259445
          2.428227 3.2137089 2.4309006 3.1875648 2.4360578 2.4372873
          2.5091834 2.4720643 2.6971407 2.4689515 2.530716 2.473668
          2.4810483 2.5516822 2.490711 2.4925222 2.834093 2.5008664
          2.5952756 2.54906 2.5304286 2.5129135 2.5541477 2.5195127
          2.7803822 2.520255 2.8660128 2.526825 2.5424619 2.5271692
          2.680398 2.532629 4.776917 3.217151 2.5341516 3.0585017
          2.5384984 2.5975707 2.5451097 2.7211971 2.5622685 2.5624309
          3.461441 2.5692046 2.6321516 2.5706606 2.715845 2.5798295
          2.807728 2.5805542 2.7071536 2.7351213 2.6082063 2.612033
          2.6200514 2.637706 2.646324 2.864652 2.6553686 3.0477161
          2.6724572 2.676142 2.6929023 2.684338 2.9604743 2.701786
          2.7670794 2.7104163 2.7104342 3.841701 2.930535 2.7163007
          3.194609 2.7511213 3.9729319 2.7575853 3.6129606 2.759061
          3.6949725 2.7852585 3.3383925 2.8459175 3.6916773 2.8191156
          2.8351383 3.0378225 2.8374486 3.9621565 2.842914 2.901588
          2.8445642 2.847065 2.9790666 2.9003932 2.8696215 3.2936068
          2.8767526 3.3671293 2.8809652 2.88131 2.9436986 2.8920124
          2.9491663 2.8920794 3.7196891 2.9882405 3.5404563 2.9069114
          2.9182532 2.9792187 2.936837 3.0351408 2.9371147 3.030137
          2.9377623 3.0216377 2.94844 3.1097305 3.882872 2.9782636
          2.9915228 2.9851756 3.5158362 2.997427 3.3327823 3.2515233
          3.0115175 3.0121605 3.0224032 3.0385172 3.0234702 3.1869273
          3.0301278 3.0882015 3.0487642 3.0572505 3.21844 3.0597713
          3.2903378 3.0757205 3.0759523 3.1385903 3.0820477 3.4336138
          3.2722077 3.1076076 3.8177903 3.507816 3.1325264 3.4517992
          3.1560056 3.1449382 3.1631467 3.5333922 3.1835334 3.6109853
          3.3876164 3.2343457 3.2457495 3.2705684 3.3782682 3.2862866
          3.6339753 3.2874885 3.6876433 3.2929995 3.3547616 3.299694
          4.8139977 3.3224652 3.5246794 3.3246307 3.697098 3.3472311
          3.4896762 3.3490498 3.424037 3.3655238 3.6577811 3.6116455
          3.3693867 3.640166 3.380361 3.3821173 3.9857368 3.388691
          3.5172427 3.3919773 3.4184265 3.5917833 3.420241 3.6004455
          3.427479 3.4341803 3.429571 3.7093716 3.435274 3.7009819
          3.4459667 3.446584 3.6907206 3.4515984 3.4517503 3.691786
          4.0063906 3.4694948 3.5467527 3.4697168 3.8856027 3.4881358
          3.717647 3.5307145 3.5793304 3.5474887 3.5336084 3.8746333
          3.5398962 3.7597592 3.5449514 3.5490873 3.5548356 3.5747955
          3.6548743 3.5830288 3.934698 3.5898144 4.1731234 3.5986962
          3.7466528 3.6063187 3.793983 3.6113167 4.09078 3.618778
          3.643196 3.62301 3.6317317 3.9004836 3.6871784 3.7562902
          3.6683962 3.8398921 3.7392073 3.7007165 3.7535102 3.7024295
          3.7650394 3.7259421 4.074488 3.7299876 3.8051276 4.710308
          3.782964 3.7587924 3.785262 3.784599 4.2182136 3.8436017
          4.163687 3.7986748 3.950457 4.099745 4.941423 3.823029
          3.8236923 3.8344324 3.834622 4.9910817 4.0424495 3.8401587
          4.0430717 3.8416862 3.8576937 3.8445501 3.9518635 3.8620598
          3.8667781 3.96585 4.0248137 3.8772535 4.3581815 4.1728187
          3.9036186 4.2957387 3.9103658 3.945403 3.9592283 4.0011096
          3.967222 4.417391 3.9849787 4.1191187 4.140256 3.9903858
          4.0014772 3.9994938 5.908399 4.0206237 5.5550594 4.0414147
          4.070849 4.0613503 4.3756723 4.0632253 4.44576 4.0656323
          4.1080256 4.086418 4.087388 4.175137 4.78737 4.0960493
          5.1927013 4.395841 4.104895 4.1398687 4.1205516 4.4516068
          4.8641257 4.1892924 4.3804007 4.190085 4.627904 4.221234
          4.2496142 4.222438 4.35551 4.2489963 4.24921 4.348782
          4.2636743 5.2685275 4.26492 5.4112678 4.285995 4.7216845
          4.308827 4.3434105 4.5869884 4.4031157 4.3539586 4.5317664
          4.3557415 4.4392905 4.3624067 4.5684867 4.370223 4.371555
          4.942316 4.3720393 4.444597 4.3784556 4.841925 4.3818245
          4.4093833 4.3934026 4.715715 4.624321 4.403139 5.1504693
          4.742729 4.424723 4.6328526 4.5183644 4.533102 4.495685
          4.5015965 4.519198 4.5342855 4.9028435 4.5363 5.617361
          4.5657043 4.593533 4.5657287 5.114911 4.568489 4.582986
          4.9349933 4.5859537 5.4898825 4.6173697 5.4798546 4.650159
          4.624901 4.6457944 4.632943 4.635376 4.650509 4.7528753
          4.659106 5.4587536 4.665503 4.8450747 4.6796336 4.75585
          4.684687 4.7465935 4.700592 4.7116294 4.9430733 4.7183666
          4.741963 4.8723154 4.825531 4.7526145 4.8156514 4.80899
          4.758935 5.54262 4.7798147 5.052409 4.79673 5.0669937
          4.801337 4.809697 4.8121295 4.8142014 4.9026375 4.863433
          4.8202124 6.33858 4.823817 5.3621407 4.8304667 5.4000664
          4.8419523 5.1120048 4.843554 4.889302 4.866176 4.885261
          4.8822465 4.8845925 4.9017987 4.895672 5.0075145 4.899838
          4.9004936 4.9165297 5.093815 4.9052567 4.9171042 5.692482
          5.615443 5.0108204 5.0100803 5.021664 5.164261 5.030436
          5.1797585 5.0334177 5.0455832 5.2453504 5.048923 5.074755
          5.0539026 5.1401014 5.0586195 5.0971103 5.5739055 5.093326
          5.079021 5.294633 5.1066523 5.2943025 5.3488097 5.1238084
          5.145895 5.12944 5.135076 5.6125345 5.1396213 5.189094
          5.1479225 5.2065144 5.1581936 6.1226497 5.171612 5.3289742
          5.1843314 5.244309 5.2267823 5.4582334 5.242405 5.389871
          5.5994644 5.299477 6.2079563 5.3131776 5.837563 5.3262033
          5.3368716 5.368886 5.3673806 5.380144 5.4058194 5.3978148
          6.4948134 5.412014 5.658927 5.426889 5.6244836 5.4482837
          6.609457 5.507141 5.4734983 5.459137 5.473248 5.4733205
          5.53158 5.476784 5.8765516 5.4842296 5.78947 5.5078826
          5.5720067 5.536998 5.652275 5.609398 5.549268 5.6643867
          5.561897 5.5622964 5.8062167 5.5796394 6.356083 5.595395
          5.9052215 5.7513285 5.607703 5.611134 5.6106763 5.62593
          6.1968107 5.639233 5.714737 5.6431155 6.165063 5.6574116
          5.929263 5.9923797 5.684407 5.8152146 5.7496433 5.7437005
          5.7535143 5.9600325 5.754317 5.782534 5.9175963 5.8112936
          5.9133444 5.827738 5.9210324 5.831342 5.8333583 5.9081364
          5.8718996 5.89942 6.289715 5.904503 6.4754963 6.194244
          6.1086993 5.927174 5.934266 6.1198735 5.958179 7.174069
          6.000693 5.9602056 6.0927024 6.0760612 6.173164 6.0775776
          6.284882 6.0836353 6.259206 6.084164 6.633592 6.151309
          6.186515 6.109433 6.114662 6.251885 6.122798 6.1250577
          6.1571116 6.154686 6.187513 6.1688027 6.292859 6.1723046
          6.189269 6.1749706 6.186222 6.473441 6.267294 6.193357
          6.687945 6.203643 6.464744 6.3245955 6.2193565 6.3704953
          6.2747602 6.4454393 6.27536 6.277972 6.5335546 6.3197217
          6.3027024 6.40593 6.3857474 6.4126782 6.405374 6.419435
          6.5823817 6.4334044 6.734151 6.4446993 6.5620866 6.4487185
          6.572913 6.496732 6.4777446 6.8659787 6.5783963 6.58263
          6.597961 6.7876086 6.7311373 6.7267027 6.908754 6.749999
          6.744499 6.774885 6.7556148 6.922732 6.767884 6.818271
          6.790507 6.8324122 6.7912354 6.792066 6.83952 6.931366
          6.8657384 8.204429 6.8807716 7.2819786 6.893608 6.916814
          7.686367 7.053085 7.290174 6.9570875 7.072717 6.9644437
          7.0570717 7.0029616 7.0817637 7.0207815 7.026423 7.0355315
          7.1852975 7.0384917 7.162266 7.074005 7.0588064 7.065396
          7.1071734 7.0713415 7.077387 7.271286 7.2073135 7.0876966
          7.115167 7.6267443 7.1269093 7.2293158 7.138033 7.5766068
          7.152038 7.1660085 7.157695 9.47662 7.158763 9.573799
          7.164737 7.307153 7.1699896 7.8440995 7.7582555 7.200001
          7.658988 7.225041 7.433119 7.2802644 8.06625 7.736763
          7.376928 7.331574 7.3122015 7.4088907 7.330026 7.3331957
          7.3317733 7.3362446 7.424661 7.34361 7.7726855 7.3500285
          7.401447 7.3687043 7.383424 7.5197067 7.448306 7.6161985
          7.457359 7.8570347 7.487253 7.694792 7.4934144 7.5153337
          7.65434 7.5735645 7.6966157 7.5846305 11.596081 7.595715
          7.687805 7.6353183 8.265701 7.648031 10.19627 7.6501803
          7.6757317 7.6571765 7.6753945 7.6622 7.6629143 7.6654825
          7.6984677 7.8615327 7.7057967 7.7575154 7.7068276 7.7948027
          7.716465 8.004355 7.7397738 7.82636 7.7542195 7.9471793
          7.7703304 7.774407 7.7876954 7.820418 7.955133 8.046689
          8.585232 7.866725 8.285508 7.8677654 7.869427 7.885928
          7.945135 7.9075108 7.9179034 8.06451 7.945286 8.173565
          7.9932327 8.032729 8.0141535 8.140014 8.018393 8.045796
          8.039945 8.070461 8.048917 8.554989 8.057302 8.332514
          8.058131 8.152136 8.2077 8.087178 8.224255 8.093888
          8.369231 8.117628 8.125381 8.152979 8.257572 8.16561
          8.420698 9.169548 8.193196 8.205249 8.265082 8.236731
          8.456147 8.241534 8.35102 8.283631 8.278061 8.854025
          8.2871475 8.370961 8.322775 8.383969 8.330587 8.456433
          8.352698 8.432036 8.35363 8.372974 8.550168 8.431795
          8.432546 8.442087 8.791662 8.505426 8.786237 8.459018
          8.6782875 8.466539 8.509733 8.512762 9.525794 8.530298
          8.655377 8.530582 8.706162 8.53309 8.53722 8.592168
          8.543626 8.81408 9.242239 8.572824 8.817613 8.582562
          8.720462 8.598468 8.594756 8.974071 8.594934 8.641849
          8.620231 8.692842 8.635464 8.936856 8.675497 8.696342
          8.7928505 8.751506 8.748992 8.757245 9.097752 8.760654
          8.766917 8.894447 8.770703 8.798536 8.80296 8.8113985
          8.8653145 8.837917 9.330174 8.892067 9.445643 8.932808
          9.016578 9.023019 11.995121 9.059139 9.280391 9.256398
          9.13624 9.144583 9.579655 9.146381 9.635685 9.146792
          9.2525 9.1517725 9.164467 9.187025 9.432214 9.198795
          9.2129755 9.449147 9.225329 10.332656 9.229008 9.421701
          10.063333 9.250265 9.835967 9.272209 9.658251 9.37332
          9.280696 9.282952 9.304242 9.53124 9.328836 9.879789
          9.3372135 9.601681 9.341714 9.430265 9.355162 10.0051
          9.367697 9.377507 9.512789 9.392005 10.036965 9.412723
          9.606928 9.413628 9.515619 9.476763 10.844843 9.618067
          9.449915 9.759974 9.454877 9.8784 9.805683 9.479749
          9.692541 9.49395 9.6523905 9.496644 9.5064335 9.558951
          9.963434 9.561098 9.5730095 9.874103 10.212202 9.725434
          9.679086 9.611318 9.626097 9.77268 9.648513 9.744529
          9.667605 10.470085 9.688767 9.774378 9.712219 9.841067
          9.713389 9.718128 10.197314 9.723713 9.957355 9.725278
          9.749408 9.800197 9.753775 10.475732 9.759706 9.760353
          9.800344 9.765821 9.865023 9.767667 9.855044 9.772115
          9.799613 9.829352 10.011583 9.829856 10.536272 9.835998
          9.953505 9.863762 9.852135 11.3997555 9.856558 9.893716
          9.864607 11.323711 10.171146 9.886401 9.9162245 10.120706
          9.99285 9.975247 10.071119 9.96673 9.973515 10.015263
          9.974245 10.002226 9.988916 9.989175 10.048142 10.011518
          10.10173 10.361071 10.055199 10.058008 10.191064 10.063742
          10.267861 10.1385975 10.079223 10.103126 10.084899 10.139652
          10.08655 10.099201 10.41519 10.125219 10.144502 10.137425
          10.526756 10.511206 10.163317 10.265077 10.163832 10.215865
          10.166275 10.217947 10.1835165 10.232055 10.195552 10.299577
          10.409211 10.213099 10.215567 10.575968 10.256858 10.787881
          10.258873 10.3371525 10.259078 10.382632 10.2604265 10.453451
          10.264312 10.6302805 10.272784 10.363021 10.284474 10.701568
          10.285209 10.66404 10.286283 10.425662 10.291464 10.775559
          10.299498 10.370067 10.299652 10.458797 10.301345 10.302576
          10.448794 10.3081255 10.476904 10.322629 10.472838 10.323235
          10.420958 10.33136 10.344055 10.363467 10.352398 10.449682
          10.372004 10.375135 10.377776 10.515876 10.515681 10.386367
          10.541758 10.390809 10.532412 10.486518 10.415821 10.5066185
          10.431636 10.65988 10.433611 10.4631405 10.438676 10.511787
          10.451842 10.7501745 10.454607 10.523348 10.45753 10.75291
          10.542392 10.473667 10.483241 10.483759 10.497913 10.788062
          10.498657 10.729471 10.644374 10.534605 10.550866 10.535257
          10.961052 10.537949 10.601909 10.619937 10.543513 10.57188
          10.554178 10.700799 10.556421 10.853163 10.564563 10.827753
          10.568379 10.627285 10.57838 10.616875 10.607372 10.869575
          10.617439 10.695184 10.620704 10.623763 10.776695 10.628354
          10.840544 10.628571 10.783427 10.632919 10.714583 10.643175
          10.648407 10.790164 11.040809 10.677943 10.68756 10.960523
          10.809105 10.707079 10.774074 10.714392 10.926918 10.799993
          10.723496 10.871445 10.724924 10.730619 10.854472 10.732502
          10.96785 10.73453 10.851274 10.750427 10.896858 10.753759
          10.944681 10.758173 10.780914 10.854846 10.78622 10.808213
          10.981461 11.049576 10.856141 10.793855 10.986389 10.802781
          10.903136 10.813109 10.933762 10.827491 10.850698 10.831632
          10.842277 10.843678 10.908028 10.847146 10.932266 10.847531
          11.155333 10.848273 11.106697 10.850794 10.8744545 10.862973
          10.919966 10.906707 10.88643 11.262287 10.894897 10.943855
          11.233368 10.903147 11.061302 10.905756 10.91627 11.064233
          10.930467 10.94257 11.199167 10.952255 10.966744 11.64297
          10.964428 10.996273 10.972259 10.977023 11.182498 11.752407
          10.991174 11.012587 11.103938 11.029636 11.146737 11.049749
          11.046768 11.221545 11.091857 11.0499525 11.193849 11.050079
          11.125458 11.0531225 11.093858 11.056634 11.140937 11.272864
          11.075468 11.387244 11.085306 11.14514 11.095265 11.739746
          11.101308 11.234062 11.103209 11.147721 11.132756 11.187749
          11.145531 11.151426 11.158398 11.17149 11.230634 11.175452
          11.177372 11.306599 11.194211 11.603472 11.21057 11.23092
          11.467602 11.234844 11.250697 11.287558 11.272006 11.399214
          11.315648 11.284077 11.392955 11.288408 11.2978325 11.584895
          11.421194 11.369793 11.31915 11.63121 11.321514 11.463623
          11.389873 11.359524 12.187761 11.366145 11.386222 11.414148
          11.453671 11.426064 11.439763 11.446203 11.642099 11.461538
          11.47403 11.472615 11.73099 11.976129 11.585798 11.8529415
          11.605213 12.290392 11.611027 11.695062 11.616955 11.702054
          11.635563 11.837822 12.069243 11.670112 11.730772 11.686234
          11.85039 11.690731 11.922156 11.7201805 12.016534 11.726811
          11.74367 11.7477865 11.840834 11.75573 11.75729 12.099035
          11.763211 11.77982 11.936122 11.81096 12.001175 11.820276
          11.979488 11.861609 11.902642 11.862583 11.898512 12.116419
          11.94852 12.034259 12.457549 12.016538 12.058732 12.044285
          12.068741 12.315154 12.089794 12.710913 12.183397 12.119853
          12.195959 12.131639 12.242272 12.133125 12.203053 12.151253
          12.251563 12.152918 12.161679 12.543531 12.182697 12.385046
          12.198986 12.470521 12.23398 12.337622 12.247467 12.246857
          12.303856 12.424387 12.340302 12.348039 12.389089 12.355543
          12.749484 12.356029 12.407223 12.721686 12.487755 12.581648
          12.475653 12.518429 12.64275 12.588159 12.549601 12.657774
          12.5566225 12.645711 12.584686 12.708701 12.587735 12.908143
          12.608252 12.9046135 12.676395 12.659739 12.6691 12.899935
          12.684237 12.874396 12.724648 12.803791 12.746678 12.844315
          12.786845 12.7755 12.816515 12.846625 12.836675 12.857188
          13.148497 12.875627 13.027434 12.894678 12.920682 13.016719
          12.93283 13.148192 13.010103 13.01653 14.297731 13.228416
          13.068053 13.301117 13.077436 13.121045 13.188244 13.302177
          13.286108 13.553521 13.419016 13.485953 13.463551 13.8253355
          13.473454 13.596477 13.475737 13.484731 13.687439 13.601416
          13.511911 13.652506 13.538736 13.687102 13.645693 13.818236
          13.678755 13.662086 14.066325 13.852638 14.210743 13.907476
          14.176311 13.940114 14.338961 13.981547 13.991794 14.0965805
          14.102113 14.426413 14.255108 14.247469 14.240214 14.341853
          14.314897 14.355074 14.333498 15.108085 14.339505 14.399977
          14.374561 14.433234 14.379497 14.404408 14.524462 14.4211445
          15.366129 14.499245 14.774724 14.444323 14.688825 14.466846
          14.55034 14.544919 14.637729 14.779168 14.668186 14.853908
          14.771821 14.878868 14.804567 14.885536 14.874055 15.330163
          14.877058 15.057824 15.029005 14.92994 15.194097 14.94974
          15.006991 15.30236 15.0169935 15.035919 15.038285 15.452437
          15.044332 15.141861 15.082208 15.093814 15.498656 15.098387
          15.360925 15.190878 15.137063 15.335996 15.145634 15.190462
          15.416282 15.21661 15.418428 15.220593 15.349789 15.258376
          15.54873 15.2755995 15.287673 15.358274 15.297727 15.537737
          15.304661 15.308973 15.499794 15.313547 15.603143 15.317186
          15.3514595 15.319106 15.418492 15.423457 15.362463 15.486681
          15.364699 15.4652815 15.371468 15.55861 15.413197 15.490684
          15.436931 15.4619 15.439692 15.474946 15.465052 16.106604
          15.554174 15.482581 15.863036 15.769062 15.699834 15.644954
          15.990203 15.678527 15.90185 15.678785 15.893868 15.737932
          15.718282 16.064045 15.718549 15.726961 15.787544 15.73675
          15.9508295 15.758308 15.89857 15.858243 15.796479 15.803778
          15.906968 15.816658 15.834326 15.891403 15.873465 15.9466505
          15.880476 15.936026 15.884986 15.89953 15.885365 15.955275
          15.900359 16.452456 15.933711 15.964817 15.934908 16.096333
          16.0069 15.987851 16.015356 16.009027 16.025352 16.020819
          16.096848 16.040457 16.174583 16.112024 16.41912 16.158472
          16.259245 16.387478 16.19502 16.330986 16.688297 16.376158
          16.535032 16.469149 16.547756 16.546537 16.823832 16.605122
          16.593538 16.596748 16.638914 16.62351 16.823057 16.654984
          16.951897 16.795856 16.760334 16.763847 16.792992 16.773117
          16.874252 16.792892 17.037617 16.794767 16.878338 16.876543
          17.037035 16.88276 17.111471 17.09087 17.171062 21.39275
        </DataArray>
        <DataArray type="UInt8" Name="ttkMaskScalarField" format="ascii" RangeMin="0" RangeMax="0">
          0 0 0 0 0 0
          0 0 0 0 0 0
          0 0 0 0 0 0
          0 0 0 0 0 0
          0 0 0 0 0 0
          0 0 0 0 0 0
          0 0 0 0 0 0
          0 0 0 0 0 0
          0 0 0 0 0 0
          0 0 0 0 0 0
          0 0 0 0 0 0
          0 0 0 0 0 0
          0 0 0 0 0 0
          0 0 0 0 0 0
          0 0 0 0 0 0
          0 0 0 0 0 0
          0 0 0 0 0 0
          0 0 0 0 0 0
          0 0 0 0 0 0
          0 0 0 0 0 0
          0 0 0 0 0 0
          0 0 0 0 0 0
          0 0 0 0 0 0
          0 0 0 0 0 0
          0 0 0 0 0 0
          0 0 0 0 0 0
          0 0 0 0 0 0
          0 0 0 0 0 0
          0 0 0 0 0 0
          0 0 0 0 0 0
          0 0 0 0 0 0
          0 0 0 0 0 0
          0 0 0 0 0 0
          0 0 0 0 0 0
          0 0 0 0 0 0
          0 0 0 0 0 0
          0 0 0 0 0 0
          0 0 0 0 0 0
          0 0 0 0 0 0
          0 0 0 0 0 0
          0 0 0 0 0 0
          0 0 0 0 0 0
          0 0 0 0 0 0
          0 0 0 0 0 0
          0 0 0 0 0 0
          0 0 0 0 0 0
          0 0 0 0 0 0
          0 0 0 0 0 0
          0 0 0 0 0 0
          0 0 0 0 0 0
          0 0 0 0 0 0
          0 0 0 0 0 0
          0 0 0 0 0 0
          0 0 0 0 0 0
          0 0 0 0 0 0
          0 0 0 0 0 0
          0 0 0 0 0 0
          0 0 0 0 0 0
          0 0 0 0 0 0
          0 0 0 0 0 0
          0 0 0 0 0 0
          0 0 0 0 0 0
          0 0 0 0 0 0
          0 0 0 0 0 0
          0 0 0 0 0 0
          0 0 0 0 0 0
          0 0 0 0 0 0
          0 0 0 0 0 0
          0 0 0 0 0 0
          0 0 0 0 0 0
          0 0 0 0 0 0
          0 0 0 0 0 0
          0 0 0 0 0 0
          0 0 0 0 0 0
          0 0 0 0 0 0
          0 0 0 0 0 0
          0 0 0 0 0 0
          0 0 0 0 0 0
          0 0 0 0 0 0
          0 0 0 0 0 0
          0 0 0 0 0 0
          0 0 0 0 0 0
          0 0 0 0 0 0
          0 0 0 0 0 0
          0 0 0 0 0 0
          0 0 0 0 0 0
          0 0 0 0 0 0
          0 0 0 0 0 0
          0 0 0 0 0 0
          0 0 0 0 0 0
          0 0 0 0 0 0
          0 0 0 0 0 0
          0 0 0 0 0 0
          0 0 0 0 0 0
          0 0 0 0 0 0
          0 0 0 0 0 0
          0 0 0 0 0 0
          0 0 0 0 0 0
          0 0 0 0 0 0
          0 0 0 0 0 0
          0 0 0 0 0 0
          0 0 0 0 0 0
          0 0 0 0 0 0
          0 0 0 0 0 0
          0 0 0 0 0 0
          0 0 0 0 0 0
          0 0 0 0 0 0
          0 0 0 0 0 0
          0 0 0 0 0 0
          0 0 0 0 0 0
          0 0 0 0 0 0
          0 0 0 0 0 0
          0 0 0 0 0 0
          0 0 0 0 0 0
          0 0 0 0 0 0
          0 0 0 0 0 0
          0 0 0 0 0 0
          0 0 0 0 0 0
          0 0 0 0 0 0
          0 0 0 0 0 0
          0 0 0 0 0 0
          0 0 0 0 0 0
          0 0 0 0 0 0
          0 0 0 0 0 0
          0 0 0 0 0 0
          0 0 0 0 0 0
          0 0 0 0 0 0
          0 0 0 0 0 0
          0 0 0 0 0 0
          0 0 0 0 0 0
          0 0 0 0 0 0
          0 0 0 0 0 0
          0 0 0 0 0 0
          0 0 0 0 0 0
          0 0 0 0 0 0
          0 0 0 0 0 0
          0 0 0 0 0 0
          0 0 0 0 0 0
          0 0 0 0 0 0
          0 0 0 0 0 0
          0 0 0 0 0 0
          0 0 0 0 0 0
          0 0 0 0 0 0
          0 0 0 0 0 0
          0 0 0 0 0 0
          0 0 0 0 0 0
          0 0 0 0 0 0
          0 0 0 0 0 0
          0 0 0 0 0 0
          0 0 0 0 0 0
          0 0 0 0 0 0
          0 0 0 0 0 0
          0 0 0 0 0 0
          0 0 0 0 0 0
          0 0 0 0 0 0
          0 0 0 0 0 0
          0 0 0 0 0 0
          0 0 0 0 0 0
          0 0 0 0 0 0
          0 0 0 0 0 0
          0 0 0 0 0 0
          0 0 0 0 0 0
          0 0 0 0 0 0
          0 0 0 0 0 0
          0 0 0 0 0 0
          0 0 0 0 0 0
          0 0 0 0 0 0
          0 0 0 0 0 0
          0 0 0 0 0 0
          0 0 0 0 0 0
          0 0 0 0 0 0
          0 0 0 0 0 0
          0 0 0 0 0 0
          0 0 0 0 0 0
          0 0 0 0 0 0
          0 0 0 0 0 0
          0 0 0 0 0 0
          0 0 0 0 0 0
          0 0 0 0 0 0
          0 0 0 0 0 0
          0 0 0 0 0 0
          0 0 0 0 0 0
          0 0 0 0 0 0
          0 0 0 0 0 0
          0 0 0 0 0 0
          0 0 0 0 0 0
          0 0 0 0 0 0
          0 0 0 0 0 0
          0 0 0 0 0 0
          0 0 0 0 0 0
          0 0 0 0 0 0
          0 0 0 0 0 0
          0 0 0 0 0 0
          0 0 0 0 0 0
          0 0 0 0 0 0
          0 0 0 0 0 0
          0 0 0 0 0 0
          0 0 0 0 0 0
          0 0 0 0 0 0
          0 0 0 0 0 0
          0 0 0 0 0 0
          0 0 0 0 0 0
          0 0 0 0 0 0
          0 0 0 0 0 0
          0 0 0 0 0 0
          0 0 0 0 0 0
          0 0 0 0 0 0
          0 0 0 0 0 0
          0 0 0 0 0 0
          0 0 0 0 0 0
          0 0 0 0 0 0
          0 0 0 0 0 0
          0 0 0 0 0 0
          0 0 0 0 0 0
          0 0 0 0 0 0
          0 0 0 0 0 0
          0 0 0 0 0 0
          0 0 0 0 0 0
          0 0 0 0 0 0
          0 0 0 0 0 0
          0 0 0 0 0 0
          0 0 0 0 0 0
          0 0 0 0 0 0
          0 0 0 0 0 0
          0 0 0 0 0 0
          0 0 0 0 0 0
          0 0 0 0 0 0
          0 0 0 0 0 0
          0 0 0 0 0 0
          0 0 0 0 0 0
          0 0 0 0 0 0
          0 0 0 0 0 0
          0 0 0 0 0 0
          0 0 0 0 0 0
          0 0 0 0 0 0
          0 0 0 0 0 0
          0 0 0 0 0 0
          0 0 0 0 0 0
          0 0 0 0 0 0
          0 0 0 0 0 0
          0 0 0 0 0 0
          0 0 0 0 0 0
          0 0 0 0 0 0
          0 0 0 0 0 0
          0 0 0 0 0 0
          0 0 0 0 0 0
          0 0 0 0 0 0
          0 0 0 0 0 0
          0 0 0 0 0 0
          0 0 0 0 0 0
          0 0 0 0 0 0
          0 0 0 0 0 0
          0 0 0 0 0 0
          0 0 0 0 0 0
          0 0 0 0 0 0
          0 0 0 0 0 0
          0 0 0 0 0 0
          0 0 0 0 0 0
          0 0 0 0 0 0
          0 0 0 0 0 0
          0 0 0 0 0 0
          0 0 0 0 0 0
          0 0 0 0 0 0
          0 0 0 0 0 0
          0 0 0 0 0 0
          0 0 0 0 0 0
          0 0 0 0 0 0
          0 0 0 0 0 0
          0 0 0 0 0 0
          0 0 0 0 0 0
          0 0 0 0 0 0
          0 0 0 0 0 0
          0 0 0 0 0 0
          0 0 0 0 0 0
          0 0 0 0 0 0
          0 0 0 0 0 0
          0 0 0 0 0 0
          0 0 0 0 0 0
          0 0 0 0 0 0
          0 0 0 0 0 0
          0 0 0 0 0 0
          0 0 0 0 0 0
          0 0 0 0 0 0
          0 0 0 0 0 0
          0 0 0 0 0 0
          0 0 0 0 0 0
          0 0 0 0 0 0
          0 0 0 0 0 0
          0 0 0 0 0 0
          0 0 0 0 0 0
          0 0 0 0 0 0
          0 0 0 0 0 0
          0 0 0 0 0 0
          0 0 0 0 0 0
          0 0 0 0 0 0
          0 0 0 0 0 0
          0 0 0 0 0 0
          0 0 0 0 0 0
          0 0 0 0 0 0
          0 0 0 0 0 0
          0 0 0 0 0 0
          0 0 0 0 0 0
          0 0 0 0 0 0
          0 0 0 0 0 0
          0 0 0 0 0 0
          0 0 0 0 0 0
          0 0 0 0 0 0
          0 0 0 0 0 0
          0 0 0 0 0 0
          0 0 0 0 0 0
          0 0 0 0 0 0
          0 0 0 0 0 0
          0 0 0 0 0 0
          0 0 0 0 0 0
          0 0 0 0 0 0
          0 0 0 0 0 0
          0 0 0 0 0 0
          0 0 0 0 0 0
          0 0 0 0 0 0
          0 0 0 0 0 0
          0 0 0 0 0 0
          0 0 0 0 0 0
          0 0 0 0 0 0
          0 0 0 0 0 0
          0 0 0 0 0 0
          0 0 0 0 0 0
          0 0 0 0 0 0
          0 0 0 0 0 0
          0 0 0 0 0 0
          0 0 0 0 0 0
          0 0 0 0 0 0
          0 0 0 0 0 0
          0 0 0 0 0 0
          0 0 0 0 0 0
          0 0 0 0 0 0
          0 0 0 0 0 0
          0 0 0 0 0 0
          0 0 0 0 0 0
          0 0 0 0 0 0
          0 0 0 0 0 0
          0 0 0 0 0 0
          0 0 0 0 0 0
          0 0 0 0 0 0
          0 0 0 0 0 0
          0 0 0 0 0 0
          0 0 0 0 0 0
          0 0 0 0 0 0
          0 0 0 0 0 0
          0 0 0 0 0 0
          0 0 0 0 0 0
          0 0 0 0 0 0
          0 0 0 0 0 0
          0 0 0 0 0 0
          0 0 0 0 0 0
          0 0 0 0 0 0
          0 0 0 0 0 0
          0 0 0 0 0 0
          0 0 0 0 0 0
          0 0 0 0 0 0
          0 0 0 0 0 0
          0 0 0 0 0 0
          0 0 0 0 0 0
          0 0 0 0 0 0
          0 0 0 0 0 0
          0 0 0 0 0 0
          0 0 0 0 0 0
          0 0 0 0 0 0
          0 0 0 0 0 0
          0 0 0 0 0 0
          0 0 0 0 0 0
          0 0 0 0 0 0
          0 0 0 0 0 0
          0 0 0 0 0 0
          0 0 0 0 0 0
          0 0 0 0 0 0
          0 0 0 0 0 0
          0 0 0 0 0 0
          0 0 0 0 0 0
          0 0 0 0 0 0
          0 0 0 0 0 0
          0 0 0 0 0 0
          0 0 0 0 0 0
          0 0 0 0 0 0
          0 0 0 0 0 0
          0 0 0 0 0 0
          0 0 0 0 0 0
          0 0 0 0 0 0
          0 0 0 0 0 0
          0 0 0 0 0 0
          0 0 0 0 0 0
          0 0 0 0 0 0
          0 0 0 0 0 0
          0 0 0 0 0 0
          0 0 0 0 0 0
          0 0 0 0 0 0
          0 0 0 0 0 0
          0 0 0 0 0 0
          0 0 0 0 0 0
          0 0 0 0 0 0
          0 0 0 0 0 0
          0 0 0 0 0 0
          0 0 0 0 0 0
          0 0 0 0 0 0
          0 0 0 0 0 0
          0 0 0 0 0 0
          0 0 0 0 0 0
          0 0 0 0 0 0
          0 0 0 0 0 0
          0 0 0 0 0 0
          0 0 0 0 0 0
          0 0 0 0 0 0
          0 0 0 0 0 0
          0 0 0 0 0 0
          0 0 0 0 0 0
          0 0 0 0 0 0
          0 0 0 0 0 0
          0 0 0 0 0 0
          0 0 0 0 0 0
        </DataArray>
      </PointData>
      <CellData Scalars="SegmentationId">
        <DataArray type="Int32" Name="SegmentationId" format="ascii" RangeMin="0" RangeMax="2506">
          0 1 2 3 4 5
          6 7 8 9 10 11
          12 13 14 15 16 17
          18 19 20 21 22 23
          24 25 26 27 28 29
          30 31 32 33 34 35
          36 37 38 39 40 1277
          1261 41 42 43 44 45
          46 1256 47 48 49 50
          51 52 53 54 55 1269
          1284 1258 56 57 58 59
          60 61 62 63 1257 64
          65 66 1278 67 68 69
          1260 70 1310 71 72 73
          1279 74 75 76 1282 77
          78 79 80 1306 1265 81
          1268 82 83 84 85 1314
          86 1275 87 1302 88 89
          1272 90 91 1290 92 93
          94 2297 1288 95 96 97
          98 99 100 1296 1273 101
          102 103 104 1330 1292 105
          106 107 108 2305 109 110
          1334 1274 111 1281 1301 112
          113 114 1328 1297 115 2299
          116 1270 1316 1339 1321 117
          118 2294 119 120 121 122
          1305 1322 123 124 1259 125
          126 127 128 129 1351 1307
          1286 130 131 132 133 1338
          134 135 136 137 1300 138
          1308 1283 139 1350 1323 1311
          1354 140 1343 141 142 1285
          1313 143 144 2309 145 146
          1367 147 1264 1263 148 1267
          1345 1298 149 2295 2293 1363
          150 151 1299 1289 1353 152
          153 1332 154 2301 1341 155
          156 1293 157 158 1287 159
          160 1291 1356 1347 1370 161
          162 1315 163 1349 164 165
          166 167 2307 1362 168 1382
          169 170 171 1355 1266 172
          173 1318 1386 174 175 176
          2315 1359 2304 177 1389 1329
          178 179 180 1317 1385 181
          1391 1371 182 183 184 1384
          1372 1271 185 186 187 1383
          1333 188 189 190 191 192
          1381 193 194 195 1326 196
          2320 2326 197 198 1340 1304
          1398 199 1357 200 1358 1320
          201 202 2298 203 1368 1406
          204 205 206 2330 207 208
          209 1331 210 211 212 213
          214 1360 1294 215 1295 216
          217 1276 1375 2324 218 219
          1397 1312 220 1421 2337 221
          1335 1348 222 1392 223 1402
          224 225 1417 226 1365 227
          2306 228 1427 229 1374 1412
          230 231 2303 1324 2296 232
          233 2505 234 1409 235 236
          1424 2321 237 1336 238 239
          1303 1369 1408 1423 240 2325
          241 242 243 1416 1430 244
          2339 245 1390 246 1436 1388
          1394 2332 1400 247 1380 248
          2331 2300 1439 1325 249 1418
          2327 1414 250 251 2329 2310
          252 1327 253 254 1395 255
          256 1447 257 2312 1415 258
          259 260 2344 261 262 263
          2319 1387 264 265 1444 266
          267 1461 1432 1450 1411 268
          1459 1446 1452 269 2341 1451
          270 271 272 1438 1431 1435
          1401 1460 2340 2311 273 274
          275 1410 1453 276 1393 277
          1466 2318 1442 1428 1448 278
          1454 279 1425 280 281 1429
          1280 1433 282 1458 283 1468
          1373 1456 284 285 286 1469
          287 288 289 1419 1457 1474
          1413 1366 290 1465 291 292
          293 294 295 296 1337 297
          298 1481 299 2336 1376 2333
          300 301 302 1262 1346 1422
          1364 1467 2343 303 304 1464
          1434 1344 305 1479 1483 1404
          306 1480 1399 2313 2323 307
          2351 308 309 2334 1441 310
          311 312 1482 1407 313 314
          315 316 1489 1476 2352 1495
          317 1477 318 2349 1485 1497
          1493 319 320 321 1473 322
          1405 1496 1378 323 324 325
          1484 1379 326 327 2328 2356
          328 1498 329 1491 1504 330
          1488 331 2358 332 2317 333
          1486 334 1472 335 1507 1490
          2345 1403 2335 1505 1449 2506
          336 1437 1396 1478 337 338
          2354 339 1494 340 2355 341
          1470 1455 1508 342 343 344
          2347 345 1499 1492 2360 1309
          1463 346 1440 1512 347 2363
          1517 1352 348 1342 349 350
          351 352 1521 353 1506 1516
          2316 354 355 1518 356 1522
          1426 357 1520 358 359 1361
          1475 360 361 362 363 364
          1502 1526 365 1319 366 367
          368 1377 369 1534 1445 370
          371 2314 372 1528 1510 373
          374 1471 375 376 1527 377
          378 1515 379 2348 380 381
          382 1514 383 384 1546 385
          386 387 388 1535 2338 2308
          2357 1542 2346 389 390 391
          1550 1544 392 393 1523 394
          1559 395 396 1551 1556 397
          398 2372 1487 399 1513 1525
          1563 400 1554 401 402 403
          404 1558 1537 1519 1532 405
          1543 406 1541 407 1545 1549
          408 1500 409 410 411 1571
          1443 412 1561 413 1538 414
          1576 415 416 417 1560 1555
          418 1566 1511 419 1564 420
          421 422 1575 1462 1579 2378
          423 1565 424 2373 425 2370
          426 427 2350 1533 1578 428
          1540 2365 2353 1569 1573 429
          430 2342 1548 2366 431 2369
          1590 432 1536 1592 2376 1529
          433 1568 434 435 1567 436
          2375 437 1581 438 439 2377
          1531 1584 1583 1539 2367 1589
          2380 440 2379 441 442 1582
          2302 443 444 1553 445 1593
          1598 446 1574 447 448 2359
          1595 449 450 2322 2364 2385
          1599 451 1547 452 453 1605
          454 2383 1600 1602 455 456
          457 458 1524 459 460 1601
          1609 1591 1577 461 462 1572
          1617 1585 1530 1613 463 464
          1503 465 2362 466 467 1606
          468 1622 1618 469 1616 470
          471 1614 472 1610 2382 473
          474 475 2388 1603 476 1570
          1615 477 1611 478 479 480
          481 1629 482 1587 1420 1619
          1604 483 484 485 486 487
          488 1562 1639 1632 489 490
          2386 491 492 493 1509 1637
          494 1638 2387 1594 495 1634
          1640 496 2395 1645 497 1621
          498 499 1643 500 501 502
          1642 1641 1630 1649 1620 503
          504 1608 505 506 507 508
          1653 509 1644 1633 510 1654
          511 1658 512 1588 513 1650
          1597 1624 1596 1648 1651 514
          515 2389 516 1661 517 518
          1652 1552 519 1635 520 521
          522 1647 1628 523 524 1664
          525 1636 526 1670 527 528
          1663 529 530 531 532 1674
          533 534 1655 1677 535 536
          537 538 539 1657 1612 1580
          540 541 542 1668 1667 1646
          1673 1666 543 1659 544 545
          2394 546 1682 2396 547 548
          549 1684 2368 550 551 1675
          552 1676 553 1671 554 1686
          1626 555 556 557 1662 1687
          1691 2399 1669 558 2397 2371
          1680 1660 1681 1627 2393 559
          1679 560 1678 2398 2374 561
          562 2392 1690 1695 1694 563
          1697 2400 2403 564 2404 2391
          565 1698 1656 566 567 568
          569 1702 570 571 1623 1701
          572 1705 573 574 1685 575
          2384 1683 1692 576 577 1688
          578 1700 1706 579 1631 1707
          580 1625 581 1672 582 583
          1713 1712 1693 584 2390 585
          1715 1704 586 587 588 1718
          1696 589 590 2401 591 2405
          592 1719 1711 593 1722 1723
          2408 2402 1689 1720 594 595
          1699 596 597 1557 598 599
          1726 600 601 602 1709 603
          604 1728 605 1727 606 1708
          607 608 609 610 1716 611
          1724 612 613 1586 2409 2407
          614 1739 1710 615 1734 1737
          1717 1725 616 617 1743 618
          1733 2410 619 620 621 622
          1735 623 624 625 1732 1747
          626 2381 627 2406 1742 628
          629 1752 1753 1754 1501 630
          631 632 633 634 2361 635
          1740 636 1731 637 1761 1758
          638 1759 1757 639 1607 640
          2419 641 642 1766 643 644
          1665 645 1763 646 647 2420
          648 1738 649 650 1756 2421
          1744 2413 1762 651 652 1771
          2418 653 654 655 1772 1767
          1745 656 2414 657 1749 1774
          1736 1760 1703 1773 658 1775
          659 660 661 662 663 1764
          664 665 1765 1780 666 1783
          1778 1782 667 1770 1748 668
          669 670 671 1781 1785 672
          1741 673 1776 674 1777 675
          1788 1721 1789 676 677 1792
          1779 1729 1784 2424 678 679
          680 1791 681 1786 1769 682
          1797 683 1794 684 2412 1798
          1730 685 686 687 1793 1755
          688 689 690 1803 691 1751
          692 1750 2417 2416 1805 693
          1804 694 1714 695 696 1810
          2422 697 698 2411 699 2429
          700 1814 1787 2423 1746 1801
          701 702 703 1808 704 1800
          1809 705 2415 1816 706 1820
          2430 707 708 709 1807 1811
          710 1819 711 712 713 1796
          714 1806 715 716 1813 1826
          1825 1823 1822 1824 717 1818
          718 719 1821 720 2428 2431
          721 722 723 724 1832 1829
          725 726 1830 1790 727 728
          1837 729 1839 1817 730 731
          1833 732 733 1838 1842 1841
          734 2432 1815 735 1795 736
          2425 1835 2435 737 738 739
          1834 1827 1840 740 2433 2426
          1768 1812 1846 741 742 1850
          1849 743 744 745 1847 746
          1845 1843 1828 747 1799 2427
          1848 1853 1854 748 1851 1856
          749 1802 1836 1844 750 2436
          1852 751 1859 752 753 1861
          1857 754 755 756 1863 1862
          757 758 1855 759 760 1858
          761 1860 1864 762 763 764
          765 766 767 768 1871 1869
          769 770 771 1868 1874 772
          1870 773 1875 774 775 776
          777 778 779 1873 780 1881
          781 1831 1872 782 1877 783
          1879 1876 784 1866 2437 1884
          785 786 1890 787 1891 788
          789 790 791 2441 1895 1894
          1889 1892 1887 792 793 794
          795 796 1899 797 1880 798
          799 1896 1878 800 801 802
          1900 803 1886 804 805 806
          1907 1906 1867 1903 1898 1901
          1908 807 808 809 2438 810
          811 1909 2434 812 1893 1914
          813 1910 814 1912 1885 1897
          1915 815 816 817 818 819
          820 1918 821 1913 1916 2443
          1911 822 823 2442 824 1922
          2439 825 826 827 1919 1888
          1923 828 829 830 831 1921
          1926 832 833 1920 834 1865
          835 2440 1927 836 837 1929
          1931 1904 838 1934 1917 839
          840 841 1925 1933 842 843
          1928 1935 844 1936 1930 845
          1938 1940 846 1932 1937 847
          848 1943 849 850 851 852
          853 854 855 1939 1924 856
          857 2444 1948 858 859 2447
          860 861 1953 1945 862 1942
          1954 863 1946 1951 864 1958
          865 866 867 868 2445 1941
          1957 1961 2449 869 1949 1950
          870 1956 1962 871 1960 872
          1955 1952 2448 873 874 1959
          875 876 877 878 879 880
          1947 881 882 883 884 885
          1966 886 1969 1970 887 1965
          888 889 890 891 1972 892
          893 894 895 1983 896 897
          898 899 1975 1981 1971 1963
          1973 900 901 1882 2454 902
          903 904 905 1984 1987 1944
          1978 1992 906 907 1883 1967
          1980 1986 908 2450 909 1968
          910 1991 1977 911 2455 912
          1990 913 914 915 916 917
          2452 1995 918 919 920 1988
          921 922 923 924 1994 1997
          925 2002 2004 2001 926 927
          1976 928 1998 929 2006 930
          2456 931 2005 1993 1989 1979
          932 2010 933 2008 2000 2446
          934 935 936 2014 937 938
          2457 2016 1982 939 2007 2015
          1985 2018 940 941 2020 942
          2459 943 944 945 946 2019
          2023 2013 947 948 2025 2024
          2027 949 950 951 2017 952
          2021 953 1905 1999 2012 954
          955 2030 2033 2031 956 957
          958 959 960 2029 2022 961
          962 963 964 965 966 2032
          967 968 969 970 971 972
          973 1974 2036 974 975 2052
          2040 2053 2047 976 977 978
          2037 979 980 2055 2026 981
          2051 2043 982 983 984 2048
          2054 985 2038 986 987 2046
          2061 1996 2050 988 2003 2049
          2066 989 2461 990 991 2059
          2460 2062 2463 2056 2064 2028
          2058 992 993 2045 994 2057
          2067 995 2070 996 997 998
          999 2073 2034 1000 2072 1001
          2078 1002 2465 1003 1004 2077
          1005 1006 2039 1007 1008 2071
          1009 2060 2042 1010 1011 2080
          2074 2041 1012 1013 2084 1014
          1015 2069 1016 1017 1018 2063
          1019 2065 1020 1021 2087 2044
          2081 1022 2083 1023 2035 2068
          2085 1024 2468 1025 2096 2467
          1026 1027 2076 1028 2082 1029
          1030 2453 1031 1032 1033 2100
          1034 2092 2075 2090 2095 2101
          1035 2079 2089 2469 1036 1037
          2093 2098 1038 1039 2470 2102
          1040 2106 2088 1041 2103 2099
          1042 2108 2094 1043 2086 2464
          1044 2112 2091 1045 1046 2462
          2097 1047 2113 1048 1049 2115
          1050 2466 2474 1051 1052 1053
          1054 2109 2110 1055 1056 2122
          2121 1057 1058 1059 2116 2105
          2120 1060 2473 2124 1061 2117
          2127 2129 2104 1062 1063 1064
          1065 2114 2128 2119 1066 2111
          1067 2118 2131 2134 2472 2126
          1068 1069 2107 1070 2135 1071
          2136 1072 1073 2132 2479 1074
          1075 2011 1076 1077 2143 1078
          2123 2458 2138 2137 2009 2144
          2478 1079 1080 1081 2145 1082
          2141 2475 1083 2147 2139 1084
          1902 2133 1085 1086 1087 2140
          1088 2146 2130 1089 1090 1091
          2151 2152 1092 1093 2154 2148
          2125 2476 1094 2471 1095 1096
          1097 1098 1099 1100 2153 2158
          2155 2149 2481 1101 1102 2163
          2156 2160 1103 2480 2162 1964
          2161 2157 1104 2164 1105 2165
          1106 2477 1107 2159 2482 1108
          1109 1110 1111 1112 1113 1114
          2172 2142 2168 1115 2170 1116
          2169 1117 2177 2171 2150 1118
          2166 2176 1119 1120 1121 1122
          2174 2179 1123 2178 2451 2175
          1124 2182 1125 2173 1126 1127
          2484 1128 1129 2483 1130 2183
          2185 2184 1131 1132 2189 1133
          2186 2167 2181 1134 1135 2180
          1136 2194 2192 1137 1138 2193
          2195 1139 2191 1140 1141 2190
          2188 2187 2485 1142 1143 1144
          2199 2197 1145 1146 1147 2198
          2196 2202 2486 1148 2201 2203
          1149 1150 1151 1152 1153 2204
          1154 1155 2487 2206 2488 1156
          2208 1157 2211 2209 2207 2210
          2205 1158 1159 1160 1161 1162
          2215 1163 1164 2213 2212 1165
          2217 2489 2200 1166 1167 2214
          1168 2219 2218 1169 1170 2220
          1171 1172 2216 2221 1173 1174
          2225 2222 1175 2226 1176 1177
          2224 1178 2490 2227 1179 2228
          1180 1181 2492 2229 1182 1183
          1184 1185 2234 1186 1187 1188
          2231 1189 1190 1191 2235 1192
          2237 1193 1194 2240 2232 1195
          1196 1197 1198 1199 1200 2233
          1201 1202 1203 1204 1205 2230
          2245 2242 2248 2244 2239 1206
          1207 2223 1208 1209 2491 2241
          2497 2498 1210 1211 2236 2252
          1212 2250 2253 1213 2249 2495
          2238 2246 2493 2243 2494 2251
          2247 1214 1215 1216 2496 1217
          1218 1219 1220 2260 1221 2501
          2261 1222 1223 1224 1225 2265
          2255 1226 1227 1228 1229 2499
          2258 2263 2268 1230 2257 2264
          1231 1232 2267 2266 2262 2269
          2271 1233 2256 2500 1234 2273
          1235 2274 1236 2259 2272 2275
          2254 1237 1238 2276 1239 2278
          1240 1241 2502 2277 2270 1242
          2280 1243 2281 1244 1245 2283
          1246 2284 1247 2279 1248 1249
          1250 1251 2287 1252 2289 2285
          2282 2288 1253 2503 1254 2286
          2290 2504 1255 2291 2292
        </DataArray>
        <DataArray type="Int32" Name="upNodeId" format="ascii" RangeMin="41" RangeMax="2507">
          49 70 61 166 78 42
          525 207 78 206 94 256
          209 96 59 166 70 151
          283 108 124 139 59 103
          337 41 74 41 84 486
          151 141 88 187 60 197
          42 60 61 103 174 74
          49 141 232 116 219 111
          235 80 130 229 332 334
          123 147 211 218 184 115
          94 214 142 105 384 305
          162 93 173 93 138 186
          635 80 88 191 343 198
          157 173 153 101 84 241
          108 96 105 152 101 273
          259 111 675 186 154 311
          206 154 163 190 163 135
          369 123 139 115 411 298
          331 152 421 243 130 116
          311 124 157 146 269 129
          325 223 288 360 129 138
          348 381 514 189 135 179
          153 304 226 147 645 146
          149 149 194 142 179 535
          210 526 368 194 237 187
          349 162 190 201 172 243
          189 184 172 643 210 220
          207 259 192 220 235 255
          236 308 174 310 197 274
          219 218 211 265 331 192
          665 209 198 223 248 249
          213 191 215 236 201 215
          214 229 264 528 358 225
          266 505 204 204 316 385
          255 238 237 213 277 370
          251 226 282 238 248 225
          305 232 276 368 438 492
          635 273 364 294 469 338
          349 265 520 679 840 578
          583 266 369 356 300 241
          406 505 294 249 251 277
          287 281 256 264 283 401
          287 274 260 300 260 439
          401 362 339 268 411 398
          268 269 351 276 282 281
          364 348 351 370 408 472
          375 314 402 424 614 301
          301 314 342 306 542 288
          325 404 298 338 462 308
          321 353 304 607 310 337
          316 306 539 576 491 415
          317 317 798 555 404 448
          386 375 321 334 339 345
          469 448 365 332 504 406
          353 419 342 415 430 358
          393 379 343 356 398 413
          501 409 414 346 922 345
          400 365 527 346 373 387
          465 475 535 403 378 447
          482 660 409 362 360 477
          438 485 429 394 378 381
          460 387 396 386 373 413
          446 379 485 389 446 501
          385 384 487 429 534 461
          393 389 421 410 400 403
          613 459 410 394 396 638
          402 550 414 430 454 460
          408 424 459 476 418 762
          419 450 418 840 442 582
          526 600 682 451 434 427
          427 451 478 610 521 447
          455 434 452 439 442 470
          480 625 445 493 502 489
          577 475 462 450 530 463
          445 463 455 630 591 783
          476 452 454 636 461 527
          478 477 533 486 514 464
          465 464 470 489 539 507
          480 613 472 474 482 474
          520 521 507 487 606 529
          586 550 493 491 542 576
          492 541 497 567 624 975
          528 502 497 691 602 503
          574 665 503 519 504 562
          517 544 666 549 561 565
          615 537 541 517 543 554
          645 519 538 529 561 555
          582 525 533 660 598 537
          534 530 538 568 600 546
          543 654 734 583 544 549
          594 618 715 643 546 554
          560 560 605 605 604 591
          568 633 562 578 570 620
          563 577 563 618 587 565
          569 567 620 569 622 570
          574 589 632 679 589 757
          608 606 586 1228 672 888
          587 602 666 607 598 611
          592 592 609 630 596 594
          596 614 611 652 638 632
          714 609 762 604 608 625
          764 610 688 641 716 615
          624 805 654 622 626 633
          636 940 851 688 626 776
          713 699 634 639 736 703
          652 697 634 694 639 713
          681 653 662 641 642 642
          650 711 657 685 747 662
          650 659 653 672 685 659
          657 724 872 714 737 687
          712 673 673 694 687 855
          800 815 884 828 748 734
          783 675 691 706 795 681
          711 752 812 682 724 746
          766 745 831 721 699 798
          752 703 715 750 697 721
          754 740 706 712 860 806
          755 720 795 720 726 729
          997 843 740 807 730 716
          733 757 785 773 730 1167
          754 729 745 766 736 726
          775 772 764 738 733 931
          738 746 953 748 737 750
          768 778 761 787 775 820
          817 791 747 755 799 801
          812 911 794 761 772 791
          881 800 802 848 782 778
          773 768 807 878 829 796
          782 784 1031 824 789 832
          839 776 784 830 822 787
          806 829 789 794 785 796
          883 814 820 822 1191 799
          921 981 813 815 809 833
          1052 801 805 802 824 810
          877 817 809 827 884 810
          814 813 832 828 834 856
          845 890 945 852 827 986
          830 984 831 877 846 836
          852 834 836 845 833 896
          839 858 848 843 866 846
          860 945 931 914 875 865
          857 867 851 909 924 852
          855 863 893 856 857 858
          863 1246 987 967 876 865
          903 866 867 872 914 1030
          885 901 875 912 898 876
          878 904 881 903 882 882
          883 885 901 888 896 923
          890 964 893 953 895 895
          924 898 944 912 908 901
          1108 936 985 904 908 1129
          1062 1077 909 911 1004 919
          1075 919 944 962 1126 933
          975 921 947 922 923 932
          936 999 1009 933 941 943
          932 1084 950 1044 943 948
          940 961 960 956 941 947
          974 948 967 1116 951 950
          961 1037 951 956 1003 991
          987 960 962 963 983 984
          997 972 963 964 974 986
          988 983 996 972 977 1022
          993 1100 977 1036 1029 979
          979 981 1041 988 1009 1030
          985 1084 1059 1014 991 1075
          1004 996 993 1011 1066 1014
          999 1073 1007 1003 1254 1039
          1036 1007 1078 1035 1039 1019
          1070 1061 1011 1067 1059 1131
          1073 1038 1019 1055 1057 1022
          1023 1082 1023 1029 1080 1035
          1074 1031 1076 1037 1077 1136
          1046 1117 1057 1038 1083 1041
          1044 1046 1051 1047 1114 1061
          1092 1082 1047 1051 1070 1067
          1055 1052 1069 1121 1160 1069
          1088 1083 1100 1097 1062 1149
          1097 1068 1066 1118 1072 1068
          1090 1072 1078 1136 1080 1074
          1108 1076 1105 1087 1149 1090
          1089 1089 1093 1087 1088 1146
          1092 1099 1234 1093 1094 1099
          1096 1094 1096 1164 1109 1158
          1123 1151 1283 1109 1118 1105
          1286 1140 1141 1111 1114 1111
          1124 1116 1131 1127 1138 1181
          1117 1121 1159 1174 1129 1123
          1160 1124 1126 1191 1127 1134
          1196 1138 1154 1157 1135 1134
          1135 1141 1410 1364 1164 1140
          1151 1145 1186 1200 1145 1146
          1153 1153 1161 1248 1321 1192
          1156 1154 1156 1157 1158 1159
          1161 1201 1266 1167 1188 1201
          1221 1170 1179 1170 1196 1177
          1174 1327 1344 1238 1179 1177
          1216 1193 1206 1181 1198 1186
          1212 1188 1284 1199 1193 1261
          1192 1195 1236 1219 1206 1195
          1314 1198 1240 1222 1199 1200
          1204 1207 1261 1204 1207 1266
          1219 1212 1278 1378 1217 1306
          1216 1246 1282 1357 1217 1221
          1355 1226 1225 1222 1225 1226
          1227 1227 1243 1228 1234 1349
          1264 1244 1241 1243 1236 1285
          1238 1240 1241 1268 1259 1244
          1256 1251 1248 1278 1362 1295
          1254 1298 1251 1259 1327 1285
          1256 1277 1265 1464 1336 1265
          1264 1342 1305 1282 1272 1267
          1267 1268 1271 1271 1276 1272
          1276 1287 1298 1277 1280 1302
          1280 1283 1284 1357 1388 1377
          1286 1305 1287 1289 1289 1295
          1316 1318 1302 1326 1299 1299
          1311 1303 1368 1301 1301 1303
          1329 1306 1328 1335 1311 1312
          1335 1376 1320 1312 1314 1322
          1316 1431 1318 1333 1320 1325
          1321 1322 1325 1348 1340 1326
          1328 1371 1329 1333 1450 1403
          1364 1336 1338 1371 1338 1348
          1340 1343 1342 1480 1343 1344
          1349 1385 1379 1489 1358 1353
          1353 1362 1360 1355 1405 1358
          1396 1359 1359 1360 1367 1383
          1373 1386 1385 1367 1397 1368
          1373 1465 1408 1392 1375 1375
          1379 1376 1377 1378 1383 1408
          1448 1389 1437 1386 1415 1420
          1388 1399 1389 1391 1391 1392
          1396 1418 1418 1412 1397 1399
          1411 1403 1413 1410 1409 1405
          1431 1411 1459 1478 1409 1447
          1427 1412 1413 1415 1427 1420
          1430 1543 1421 1426 1421 1426
          1440 1458 1453 1490 1434 1443
          1434 1430 1437 1452 1443 1440
          1436 1436 1444 1450 1460 1445
          1452 1444 1477 1454 1445 1447
          1491 1448 1453 1476 1463 1466
          1460 1454 1458 1474 1478 1482
          1459 1462 1462 1490 1463 1464
          1465 1466 1469 1470 1469 1470
          1474 1486 1494 1483 1476 1484
          1477 1480 1481 1508 1481 1482
          1483 1484 1486 1487 1487 1489
          1500 1491 1493 1493 1511 1494
          1496 1496 1499 1513 1499 1500
          1504 1505 1504 1511 1505 1508
          1514 1649 1513 1551 1514 1551
          1592 1522 1552 1527 1523 1530
          1543 1522 1544 1539 1523 1528
          1528 1532 1527 1530 1532 1549
          1546 1546 1539 1580 1548 1576
          1541 1773 1786 1541 1553 1544
          1612 1604 1553 1586 1548 1568
          1549 1552 1637 1600 1563 1556
          1566 1556 1558 1558 1563 1567
          1606 1565 1564 1564 1565 1566
          1567 1568 1574 1579 1613 1594
          1574 1584 1576 1595 1579 2154
          1593 1580 1584 1657 1880 1591
          1586 1590 1590 1592 1612 1596
          1591 1593 1614 1594 1595 1596
          1600 1603 1609 1626 1603 1611
          1623 1604 1606 1607 1607 1609
          1614 1611 1624 1613 1632 1624
          1693 1660 1626 1623 1621 1621
          1636 1637 1647 1625 1625 1629
          1629 1643 1631 1631 1638 1632
          1636 1690 1664 1644 1638 1651
          1643 1652 1668 1649 1647 1644
          1651 1655 1672 1740 1660 1690
          1656 1652 1655 1677 1665 1656
          1657 1659 1659 1664 1723 1669
          1671 1678 1665 1668 1674 1672
          1669 1671 1689 1674 1678 1675
          1675 1677 1715 1681 1714 1703
          1681 1693 1689 1781 1701 1706
          1740 1694 1720 1694 1746 1721
          1707 1697 1697 1729 1700 1700
          1704 1728 1701 1703 1723 1704
          1706 1716 1707 1709 1709 1714
          1733 1716 1726 1717 1715 1717
          1718 1718 1720 1724 1721 1724
          1773 1756 1726 1769 1728 1729
          1730 1730 1733 2195 1751 1749
          1746 1787 1793 1748 1749 1748
          1786 1768 1756 1770 1909 1766
          1858 1824 1781 1751 1796 1761
          1770 1768 1782 1835 1769 1788
          1767 1850 1761 1766 1779 1854
          1789 1780 1767 1774 2029 1791
          1774 1811 1834 1821 1779 1800
          1795 1789 1783 1780 1782 1841
          1783 1788 1787 1833 1882 1806
          1791 1798 1833 1793 1816 1795
          1807 1796 1798 1939 1800 1817
          1806 1826 1824 1881 1840 1821
          1807 1811 1819 1942 1834 1816
          1820 1832 1828 1826 1817 1819
          1854 1820 1828 1841 1852 1881
          1959 1839 1830 2140 1830 1837
          1832 2131 1835 1839 1876 1837
          1882 1840 1867 1848 1845 1860
          1845 1853 1849 1848 1876 1855
          1849 1850 1852 1865 1853 1855
          1913 1865 1858 1878 1860 1894
          1870 1866 1871 1870 1924 1866
          1867 1871 1872 1955 1950 1872
          1878 1893 1885 1909 1886 1887
          1880 1901 1885 1901 1923 1886
          1970 1887 1939 1893 2014 1910
          1920 1934 1982 1894 1910 1914
          1993 1988 1927 2009 1959 1916
          1937 1916 1931 1943 1940 1926
          1913 1920 1914 1915 1932 1924
          1915 1926 1950 1955 1923 1953
          1952 1961 1956 1993 1946 1949
          1927 1931 1987 1938 1951 1932
          1934 2003 1937 1954 2005 1938
          1940 1962 1942 1944 1943 1944
          1946 1962 1949 2015 1999 1951
          1956 1952 1953 1954 1961 1982
          1985 1964 1985 2063 1972 1964
          1976 1969 1969 1992 2036 2024
          1979 1970 1972 1974 1974 2041
          1976 1991 1979 1988 2010 1987
          2026 2012 2014 1996 1991 1996
          2016 1992 2075 2015 2062 2021
          1999 2009 2008 2054 2018 2042
          2016 2003 2037 2066 2035 2005
          2046 2008 2060 2037 2010 2062
          2012 2038 2018 2020 2069 2077
          2039 2070 2020 2047 2021 2024
          2057 2033 2026 2039 2029 2047
          2051 2033 2056 2102 2093 2035
          2131 2036 2038 2043 2041 2043
          2053 2042 2046 2050 2120 2059
          2050 2116 2083 2054 2051 2053
          2084 2056 2070 2083 2057 2059
          2111 2060 2063 2065 2162 2065
          2072 2066 2069 2084 2107 2072
          2175 2075 2077 2092 2099 2078
          2113 2078 2087 2109 2094 2088
          2087 2096 2122 2136 2097 2088
          2092 2172 2117 2100 2093 2094
          2096 2108 2097 2099 2101 2100
          2101 2102 2107 2162 2114 2113
          2127 2108 2109 2111 2155 2114
          2115 2149 2115 2116 2117 2120
          2122 2124 2124 2139 2128 2138
          2128 2127 2152 2142 2134 2159
          2148 2137 2215 2134 2136 2141
          2137 2138 2139 2140 2141 2142
          2146 2146 2148 2161 2149 2151
          2152 2151 2171 2154 2193 2185
          2155 2159 2224 2166 2167 2161
          2182 2166 2203 2170 2184 2190
          2167 2170 2197 2172 2171 2173
          2173 2175 2183 2183 2195 2205
          2182 2191 2196 2194 2186 2184
          2185 2186 2189 2190 2189 2191
          2206 2193 2199 2194 2196 2236
          2197 2199 2224 2201 2201 2203
          2226 2205 2257 2206 2214 2216
          2220 2218 2223 2214 2241 2232
          2215 2216 2218 2237 2220 2227
          2222 2222 2223 2226 2232 2235
          2227 2232 2237 2233 2261 2241
          2233 2235 2258 2236 2239 2244
          2239 2244 2249 2247 2251 2250
          2247 2256 2275 2249 2274 2250
          2251 2254 2254 2273 2256 2270
          2257 2258 2261 2264 2267 2263
          2263 2264 2267 2268 2270 2268
          2273 2286 2275 2281 2281 2274
          2276 2276 2280 2285 2280 2324
          2285 2288 2290 2290 2287 2286
          2287 2288 2291 2291 2300 2300
          2297 2310 2301 2297 2308 2302
          2304 2307 2301 2302 2304 2309
          2306 2306 2307 2308 2309 2310
          2316 2320 2319 2327 2316 2327
          2320 2319 2336 2323 2322 2322
          2323 2324 2329 2330 2329 2368
          2333 2330 2333 2337 2337 2336
          2341 2395 2340 2348 2346 2340
          2341 2343 2343 2346 2349 2351
          2348 2349 2351 2354 2355 2354
          2387 2364 2355 2360 2374 2387
          2381 2360 2364 2368 2404 2395
          2370 2370 2412 2392 2373 2412
          2388 2381 2373 2374 2398 2399
          2389 2415 2389 2391 2388 2414
          2399 2413 2418 2390 2390 2391
          2400 2392 2401 2415 2404 2410
          2407 2398 2417 2399 2400 2411
          2401 2407 2405 2408 2405 2410
          2466 2408 2416 2436 2411 2413
          2416 2414 2429 2422 2417 2418
          2422 2456 2446 2442 2427 2463
          2427 2430 2452 2429 2443 2430
          2435 2456 2447 2436 2435 2441
          2441 2451 2450 2444 2453 2442
          2443 2444 2446 2476 2447 2450
          2454 2464 2451 2452 2453 2454
          2457 2459 2457 2459 2461 2461
          2465 2463 2469 2464 2465 2466
          2469 2475 2471 2474 2471 2474
          2487 2478 2475 2476 2478 2480
          2480 2496 2483 2483 2485 2485
          2495 2487 2501 2494 2495 2492
          2497 2492 2503 2494 2496 2499
          2497 2499 2502 2501 2505 2502
          2503 2505 2506 2506 2507
        </DataArray>
        <DataArray type="Int32" Name="downNodeId" format="ascii" RangeMin="0" RangeMax="2506">
          0 1 2 3 4 5
          6 7 8 9 10 11
          12 13 14 15 16 17
          18 19 20 21 22 23
          24 25 26 27 28 29
          30 31 32 33 34 35
          36 37 38 39 40 41
          42 43 44 45 46 47
          48 49 50 51 52 53
          54 55 56 57 58 59
          60 61 62 63 64 65
          66 67 68 69 70 71
          72 73 74 75 76 77
          78 79 80 81 82 83
          84 85 86 87 88 89
          90 91 92 93 94 95
          96 97 98 99 100 101
          102 103 104 105 106 107
          108 109 110 111 112 113
          114 115 116 117 118 119
          120 121 122 123 124 125
          126 127 128 129 130 131
          132 133 134 135 136 137
          138 139 140 141 142 143
          144 145 146 147 148 149
          150 151 152 153 154 155
          156 157 158 159 160 161
          162 163 164 165 166 167
          168 169 170 171 172 173
          174 175 176 177 178 179
          180 181 182 183 184 185
          186 187 188 189 190 191
          192 193 194 195 196 197
          198 199 200 201 202 203
          204 205 206 207 208 209
          210 211 212 213 214 215
          216 217 218 219 220 221
          222 223 224 225 226 227
          228 229 230 231 232 233
          234 235 236 237 238 239
          240 241 242 243 244 245
          246 247 248 249 250 251
          252 253 254 255 256 257
          258 259 260 261 262 263
          264 265 266 267 268 269
          270 271 272 273 274 275
          276 277 278 279 280 281
          282 283 284 285 286 287
          288 289 290 291 292 293
          294 295 296 297 298 299
          300 301 302 303 304 305
          306 307 308 309 310 311
          312 313 314 315 316 317
          318 319 320 321 322 323
          324 325 326 327 328 329
          330 331 332 333 334 335
          336 337 338 339 340 341
          342 343 344 345 346 347
          348 349 350 351 352 353
          354 355 356 357 358 359
          360 361 362 363 364 365
          366 367 368 369 370 371
          372 373 374 375 376 377
          378 379 380 381 382 383
          384 385 386 387 388 389
          390 391 392 393 394 395
          396 397 398 399 400 401
          402 403 404 405 406 407
          408 409 410 411 412 413
          414 415 416 417 418 419
          420 421 422 423 424 425
          426 427 428 429 430 431
          432 433 434 435 436 437
          438 439 440 441 442 443
          444 445 446 447 448 449
          450 451 452 453 454 455
          456 457 458 459 460 461
          462 463 464 465 466 467
          468 469 470 471 472 473
          474 475 476 477 478 479
          480 481 482 483 484 485
          486 487 488 489 490 491
          492 493 494 495 496 497
          498 499 500 501 502 503
          504 505 506 507 508 509
          510 511 512 513 514 515
          516 517 518 519 520 521
          522 523 524 525 526 527
          528 529 530 531 532 533
          534 535 536 537 538 539
          540 541 542 543 544 545
          546 547 548 549 550 551
          552 553 554 555 556 557
          558 559 560 561 562 563
          564 565 566 567 568 569
          570 571 572 573 574 575
          576 577 578 579 580 581
          582 583 584 585 586 587
          588 589 590 591 592 593
          594 595 596 597 598 599
          600 601 602 603 604 605
          606 607 608 609 610 611
          612 613 614 615 616 617
          618 619 620 621 622 623
          624 625 626 627 628 629
          630 631 632 633 634 635
          636 637 638 639 640 641
          642 643 644 645 646 647
          648 649 650 651 652 653
          654 655 656 657 658 659
          660 661 662 663 664 665
          666 667 668 669 670 671
          672 673 674 675 676 677
          678 679 680 681 682 683
          684 685 686 687 688 689
          690 691 692 693 694 695
          696 697 698 699 700 701
          702 703 704 705 706 707
          708 709 710 711 712 713
          714 715 716 717 718 719
          720 721 722 723 724 725
          726 727 728 729 730 731
          732 733 734 735 736 737
          738 739 740 741 742 743
          744 745 746 747 748 749
          750 751 752 753 754 755
          756 757 758 759 760 761
          762 763 764 765 766 767
          768 769 770 771 772 773
          774 775 776 777 778 779
          780 781 782 783 784 785
          786 787 788 789 790 791
          792 793 794 795 796 797
          798 799 800 801 802 803
          804 805 806 807 808 809
          810 811 812 813 814 815
          816 817 818 819 820 821
          822 823 824 825 826 827
          828 829 830 831 832 833
          834 835 836 837 838 839
          840 841 842 843 844 845
          846 847 848 849 850 851
          852 853 854 855 856 857
          858 859 860 861 862 863
          864 865 866 867 868 869
          870 871 872 873 874 875
          876 877 878 879 880 881
          882 883 884 885 886 887
          888 889 890 891 892 893
          894 895 896 897 898 899
          900 901 902 903 904 905
          906 907 908 909 910 911
          912 913 914 915 916 917
          918 919 920 921 922 923
          924 925 926 927 928 929
          930 931 932 933 934 935
          936 937 938 939 940 941
          942 943 944 945 946 947
          948 949 950 951 952 953
          954 955 956 957 958 959
          960 961 962 963 964 965
          966 967 968 969 970 971
          972 973 974 975 976 977
          978 979 980 981 982 983
          984 985 986 987 988 989
          990 991 992 993 994 995
          996 997 998 999 1000 1001
          1002 1003 1004 1005 1006 1007
          1008 1009 1010 1011 1012 1013
          1014 1015 1016 1017 1018 1019
          1020 1021 1022 1023 1024 1025
          1026 1027 1028 1029 1030 1031
          1032 1033 1034 1035 1036 1037
          1038 1039 1040 1041 1042 1043
          1044 1045 1046 1047 1048 1049
          1050 1051 1052 1053 1054 1055
          1056 1057 1058 1059 1060 1061
          1062 1063 1064 1065 1066 1067
          1068 1069 1070 1071 1072 1073
          1074 1075 1076 1077 1078 1079
          1080 1081 1082 1083 1084 1085
          1086 1087 1088 1089 1090 1091
          1092 1093 1094 1095 1096 1097
          1098 1099 1100 1101 1102 1103
          1104 1105 1106 1107 1108 1109
          1110 1111 1112 1113 1114 1115
          1116 1117 1118 1119 1120 1121
          1122 1123 1124 1125 1126 1127
          1128 1129 1130 1131 1132 1133
          1134 1135 1136 1137 1138 1139
          1140 1141 1142 1143 1144 1145
          1146 1147 1148 1149 1150 1151
          1152 1153 1154 1155 1156 1157
          1158 1159 1160 1161 1162 1163
          1164 1165 1166 1167 1168 1169
          1170 1171 1172 1173 1174 1175
          1176 1177 1178 1179 1180 1181
          1182 1183 1184 1185 1186 1187
          1188 1189 1190 1191 1192 1193
          1194 1195 1196 1197 1198 1199
          1200 1201 1202 1203 1204 1205
          1206 1207 1208 1209 1210 1211
          1212 1213 1214 1215 1216 1217
          1218 1219 1220 1221 1222 1223
          1224 1225 1226 1227 1228 1229
          1230 1231 1232 1233 1234 1235
          1236 1237 1238 1239 1240 1241
          1242 1243 1244 1245 1246 1247
          1248 1249 1250 1251 1252 1253
          1254 1255 1256 1257 1258 1259
          1260 1261 1262 1263 1264 1265
          1266 1267 1268 1269 1270 1271
          1272 1273 1274 1275 1276 1277
          1278 1279 1280 1281 1282 1283
          1284 1285 1286 1287 1288 1289
          1290 1291 1292 1293 1294 1295
          1296 1297 1298 1299 1300 1301
          1302 1303 1304 1305 1306 1307
          1308 1309 1310 1311 1312 1313
          1314 1315 1316 1317 1318 1319
          1320 1321 1322 1323 1324 1325
          1326 1327 1328 1329 1330 1331
          1332 1333 1334 1335 1336 1337
          1338 1339 1340 1341 1342 1343
          1344 1345 1346 1347 1348 1349
          1350 1351 1352 1353 1354 1355
          1356 1357 1358 1359 1360 1361
          1362 1363 1364 1365 1366 1367
          1368 1369 1370 1371 1372 1373
          1374 1375 1376 1377 1378 1379
          1380 1381 1382 1383 1384 1385
          1386 1387 1388 1389 1390 1391
          1392 1393 1394 1395 1396 1397
          1398 1399 1400 1401 1402 1403
          1404 1405 1406 1407 1408 1409
          1410 1411 1412 1413 1414 1415
          1416 1417 1418 1419 1420 1421
          1422 1423 1424 1425 1426 1427
          1428 1429 1430 1431 1432 1433
          1434 1435 1436 1437 1438 1439
          1440 1441 1442 1443 1444 1445
          1446 1447 1448 1449 1450 1451
          1452 1453 1454 1455 1456 1457
          1458 1459 1460 1461 1462 1463
          1464 1465 1466 1467 1468 1469
          1470 1471 1472 1473 1474 1475
          1476 1477 1478 1479 1480 1481
          1482 1483 1484 1485 1486 1487
          1488 1489 1490 1491 1492 1493
          1494 1495 1496 1497 1498 1499
          1500 1501 1502 1503 1504 1505
          1506 1507 1508 1509 1510 1511
          1512 1513 1514 1515 1516 1517
          1518 1519 1520 1521 1522 1523
          1524 1525 1526 1527 1528 1529
          1530 1531 1532 1533 1534 1535
          1536 1537 1538 1539 1540 1541
          1542 1543 1544 1545 1546 1547
          1548 1549 1550 1551 1552 1553
          1554 1555 1556 1557 1558 1559
          1560 1561 1562 1563 1564 1565
          1566 1567 1568 1569 1570 1571
          1572 1573 1574 1575 1576 1577
          1578 1579 1580 1581 1582 1583
          1584 1585 1586 1587 1588 1589
          1590 1591 1592 1593 1594 1595
          1596 1597 1598 1599 1600 1601
          1602 1603 1604 1605 1606 1607
          1608 1609 1610 1611 1612 1613
          1614 1615 1616 1617 1618 1619
          1620 1621 1622 1623 1624 1625
          1626 1627 1628 1629 1630 1631
          1632 1633 1634 1635 1636 1637
          1638 1639 1640 1641 1642 1643
          1644 1645 1646 1647 1648 1649
          1650 1651 1652 1653 1654 1655
          1656 1657 1658 1659 1660 1661
          1662 1663 1664 1665 1666 1667
          1668 1669 1670 1671 1672 1673
          1674 1675 1676 1677 1678 1679
          1680 1681 1682 1683 1684 1685
          1686 1687 1688 1689 1690 1691
          1692 1693 1694 1695 1696 1697
          1698 1699 1700 1701 1702 1703
          1704 1705 1706 1707 1708 1709
          1710 1711 1712 1713 1714 1715
          1716 1717 1718 1719 1720 1721
          1722 1723 1724 1725 1726 1727
          1728 1729 1730 1731 1732 1733
          1734 1735 1736 1737 1738 1739
          1740 1741 1742 1743 1744 1745
          1746 1747 1748 1749 1750 1751
          1752 1753 1754 1755 1756 1757
          1758 1759 1760 1761 1762 1763
          1764 1765 1766 1767 1768 1769
          1770 1771 1772 1773 1774 1775
          1776 1777 1778 1779 1780 1781
          1782 1783 1784 1785 1786 1787
          1788 1789 1790 1791 1792 1793
          1794 1795 1796 1797 1798 1799
          1800 1801 1802 1803 1804 1805
          1806 1807 1808 1809 1810 1811
          1812 1813 1814 1815 1816 1817
          1818 1819 1820 1821 1822 1823
          1824 1825 1826 1827 1828 1829
          1830 1831 1832 1833 1834 1835
          1836 1837 1838 1839 1840 1841
          1842 1843 1844 1845 1846 1847
          1848 1849 1850 1851 1852 1853
          1854 1855 1856 1857 1858 1859
          1860 1861 1862 1863 1864 1865
          1866 1867 1868 1869 1870 1871
          1872 1873 1874 1875 1876 1877
          1878 1879 1880 1881 1882 1883
          1884 1885 1886 1887 1888 1889
          1890 1891 1892 1893 1894 1895
          1896 1897 1898 1899 1900 1901
          1902 1903 1904 1905 1906 1907
          1908 1909 1910 1911 1912 1913
          1914 1915 1916 1917 1918 1919
          1920 1921 1922 1923 1924 1925
          1926 1927 1928 1929 1930 1931
          1932 1933 1934 1935 1936 1937
          1938 1939 1940 1941 1942 1943
          1944 1945 1946 1947 1948 1949
          1950 1951 1952 1953 1954 1955
          1956 1957 1958 1959 1960 1961
          1962 1963 1964 1965 1966 1967
          1968 1969 1970 1971 1972 1973
          1974 1975 1976 1977 1978 1979
          1980 1981 1982 1983 1984 1985
          1986 1987 1988 1989 1990 1991
          1992 1993 1994 1995 1996 1997
          1998 1999 2000 2001 2002 2003
          2004 2005 2006 2007 2008 2009
          2010 2011 2012 2013 2014 2015
          2016 2017 2018 2019 2020 2021
          2022 2023 2024 2025 2026 2027
          2028 2029 2030 2031 2032 2033
          2034 2035 2036 2037 2038 2039
          2040 2041 2042 2043 2044 2045
          2046 2047 2048 2049 2050 2051
          2052 2053 2054 2055 2056 2057
          2058 2059 2060 2061 2062 2063
          2064 2065 2066 2067 2068 2069
          2070 2071 2072 2073 2074 2075
          2076 2077 2078 2079 2080 2081
          2082 2083 2084 2085 2086 2087
          2088 2089 2090 2091 2092 2093
          2094 2095 2096 2097 2098 2099
          2100 2101 2102 2103 2104 2105
          2106 2107 2108 2109 2110 2111
          2112 2113 2114 2115 2116 2117
          2118 2119 2120 2121 2122 2123
          2124 2125 2126 2127 2128 2129
          2130 2131 2132 2133 2134 2135
          2136 2137 2138 2139 2140 2141
          2142 2143 2144 2145 2146 2147
          2148 2149 2150 2151 2152 2153
          2154 2155 2156 2157 2158 2159
          2160 2161 2162 2163 2164 2165
          2166 2167 2168 2169 2170 2171
          2172 2173 2174 2175 2176 2177
          2178 2179 2180 2181 2182 2183
          2184 2185 2186 2187 2188 2189
          2190 2191 2192 2193 2194 2195
          2196 2197 2198 2199 2200 2201
          2202 2203 2204 2205 2206 2207
          2208 2209 2210 2211 2212 2213
          2214 2215 2216 2217 2218 2219
          2220 2221 2222 2223 2224 2225
          2226 2227 2228 2229 2230 2231
          2232 2233 2234 2235 2236 2237
          2238 2239 2240 2241 2242 2243
          2244 2245 2246 2247 2248 2249
          2250 2251 2252 2253 2254 2255
          2256 2257 2258 2259 2260 2261
          2262 2263 2264 2265 2266 2267
          2268 2269 2270 2271 2272 2273
          2274 2275 2276 2277 2278 2279
          2280 2281 2282 2283 2284 2285
          2286 2287 2288 2289 2290 2291
          2292 2293 2294 2295 2296 2297
          2298 2299 2300 2301 2302 2303
          2304 2305 2306 2307 2308 2309
          2310 2311 2312 2313 2314 2315
          2316 2317 2318 2319 2320 2321
          2322 2323 2324 2325 2326 2327
          2328 2329 2330 2331 2332 2333
          2334 2335 2336 2337 2338 2339
          2340 2341 2342 2343 2344 2345
          2346 2347 2348 2349 2350 2351
          2352 2353 2354 2355 2356 2357
          2358 2359 2360 2361 2362 2363
          2364 2365 2366 2367 2368 2369
          2370 2371 2372 2373 2374 2375
          2376 2377 2378 2379 2380 2381
          2382 2383 2384 2385 2386 2387
          2388 2389 2390 2391 2392 2393
          2394 2395 2396 2397 2398 2399
          2400 2401 2402 2403 2404 2405
          2406 2407 2408 2409 2410 2411
          2412 2413 2414 2415 2416 2417
          2418 2419 2420 2421 2422 2423
          2424 2425 2426 2427 2428 2429
          2430 2431 2432 2433 2434 2435
          2436 2437 2438 2439 2440 2441
          2442 2443 2444 2445 2446 2447
          2448 2449 2450 2451 2452 2453
          2454 2455 2456 2457 2458 2459
          2460 2461 2462 2463 2464 2465
          2466 2467 2468 2469 2470 2471
          2472 2473 2474 2475 2476 2477
          2478 2479 2480 2481 2482 2483
          2484 2485 2486 2487 2488 2489
          2490 2491 2492 2493 2494 2495
          2496 2497 2498 2499 2500 2501
          2502 2503 2504 2505 2506
        </DataArray>
        <DataArray type="Int32" Name="RegionSize" format="ascii" RangeMin="0" RangeMax="193">
          0 5 4 10 0 0
          2 7 3 1 3 2
          1 1 3 3 1 3
          2 0 3 1 0 1
          5 0 2 0 0 2
          0 1 0 1 0 2
          0 0 0 1 3 4
          0 3 2 0 3 3
          0 3 1 4 5 3
          0 0 5 0 0 3
          0 12 0 1 2 1
          1 0 0 0 9 3
          0 0 4 0 9 2
          8 2 6 0 0 5
          0 0 0 0 0 1
          2 1 2 2 2 1
          1 1 2 1 1 6
          1 0 0 0 1 1
          2 0 2 6 0 0
          4 1 3 0 2 0
          6 0 4 5 2 0
          7 2 3 3 0 0
          0 0 1 1 14 0
          0 1 1 0 3 3
          0 3 2 8 0 3
          2 0 2 5 0 1
          0 0 1 2 1 0
          1 2 0 0 3 2
          0 2 0 1 1 4
          1 0 0 2 0 2
          5 0 0 0 4 4
          1 1 0 8 0 5
          4 1 13 1 0 3
          0 11 0 0 0 3
          6 0 1 0 4 1
          1 0 0 2 13 2
          1 0 1 7 4 1
          3 0 0 20 11 0
          2 3 7 3 16 2
          5 2 24 9 12 0
          4 17 0 0 0 2
          2 1 2 2 0 3
          0 1 0 17 0 1
          1 7 19 0 1 0
          3 1 12 0 5 1
          0 1 0 1 8 3
          3 0 4 2 6 5
          8 2 1 0 0 0
          6 0 0 1 6 0
          9 2 0 3 0 0
          6 8 6 6 2 3
          11 0 9 1 5 7
          0 0 0 0 7 18
          2 3 0 3 2 3
          0 9 0 0 1 0
          1 1 5 0 2 2
          2 1 1 1 14 1
          4 5 2 0 35 2
          14 1 4 6 0 3
          7 2 4 0 0 1
          3 0 3 1 0 8
          0 0 4 4 0 0
          1 4 1 2 0 3
          0 4 0 16 4 1
          12 0 6 1 0 0
          3 0 0 0 4 6
          4 4 0 0 9 2
          0 6 3 0 0 1
          18 2 0 7 0 9
          7 8 8 0 7 16
          0 6 0 8 46 0
          0 20 0 5 1 0
          1 1 34 0 0 0
          24 37 0 0 17 0
          1 64 0 19 21 9
          6 0 0 7 12 1
          1 0 1 1 5 4
          1 2 13 6 0 0
          0 6 3 0 19 0
          0 35 7 1 5 2
          6 0 43 0 0 2
          4 3 1 17 0 34
          1 25 0 8 3 0
          1 1 0 1 11 11
          21 7 0 6 0 3
          4 1 0 0 1 0
          1 1 1 23 4 36
          0 0 0 4 6 0
          0 15 8 0 0 1
          2 18 0 3 26 1
          4 4 6 21 14 0
          40 0 0 22 2 0
          1 3 0 31 0 0
          0 1 15 7 11 4
          0 11 0 11 2 4
          17 1 4 0 67 8
          5 10 7 13 1 10
          3 4 0 0 19 7
          0 6 0 7 23 0
          0 1 66 3 46 0
          16 0 20 0 1 6
          39 0 15 0 12 30
          0 17 3 21 0 1
          5 31 5 0 7 8
          2 31 21 0 1 5
          11 0 0 2 8 4
          10 0 50 16 0 9
          30 19 0 4 2 0
          0 0 21 0 19 22
          0 1 5 12 0 132
          4 0 35 0 0 11
          2 6 11 2 6 1
          8 4 1 43 1 0
          0 3 0 0 10 0
          2 27 2 102 4 1
          1 1 1 2 0 0
          1 9 0 2 2 3
          0 3 3 0 22 0
          12 1 0 18 11 1
          6 3 13 0 0 27
          10 15 2 3 2 0
          39 1 0 19 1 6
          0 13 8 0 1 8
          59 3 3 1 0 5
          1 23 0 7 7 0
          28 12 1 0 3 20
          6 5 0 3 1 0
          0 0 15 2 5 0
          29 0 5 0 4 8
          3 1 2 4 11 0
          0 2 9 1 1 19
          1 1 1 93 17 13
          0 7 6 2 25 2
          24 2 0 2 48 0
          0 4 0 15 2 1
          7 0 7 2 27 5
          1 23 0 0 1 2
          7 4 8 2 0 4
          7 1 12 25 0 35
          7 0 33 0 0 3
          0 0 0 3 0 13
          11 0 8 0 5 0
          0 0 1 3 1 0
          18 13 20 0 0 10
          3 5 6 34 0 11
          1 0 45 0 1 4
          15 1 17 0 0 9
          7 21 2 41 0 0
          16 4 27 1 0 14
          1 19 40 0 108 0
          5 13 1 1 2 8
          5 7 32 43 2 64
          5 0 1 0 2 0
          6 20 2 10 1 59
          6 0 3 0 0 2
          0 13 129 15 0 0
          2 1 0 0 0 6
          0 3 12 5 0 2
          3 0 5 43 1 1
          1 0 18 0 1 1
          2 6 1 15 113 0
          1 16 0 1 1 2
          18 0 54 11 2 27
          0 14 1 85 1 38
          0 6 4 6 54 3
          0 59 0 13 11 0
          7 13 0 46 7 2
          0 38 3 0 5 96
          1 1 1 44 1 4
          16 2 0 0 3 16
          0 2 0 23 0 0
          2 0 0 97 34 4
          0 0 0 1 12 27
          1 1 1 20 3 0
          21 2 1 45 2 0
          0 4 88 3 1 3
          0 2 0 2 0 4
          1 2 0 3 2 0
          17 48 0 2 18 0
          15 0 5 4 12 1
          65 0 4 0 0 1
          0 10 29 20 3 0
          2 25 3 3 94 10
          1 76 14 0 1 0
          10 5 0 0 0 15
          0 34 0 0 15 1
          7 65 4 0 0 21
          0 1 12 2 6 52
          3 2 0 4 0 0
          0 49 40 12 15 0
          1 38 12 0 0 6
          48 0 0 35 12 59
          1 17 38 0 41 2
          16 11 9 81 2 1
          39 0 0 20 1 0
          55 1 4 2 83 0
          0 3 0 10 0 17
          0 0 0 0 47 0
          1 0 2 6 28 8
          1 36 8 0 10 2
          123 8 0 0 15 1
          19 44 3 5 0 7
          29 0 0 4 5 56
          3 8 0 8 17 0
          0 6 20 15 68 0
          1 0 5 0 7 1
          7 0 40 0 2 10
          1 11 45 0 19 3
          42 0 1 6 4 1
          0 0 69 10 0 17
          0 5 0 0 3 3
          0 6 27 0 0 9
          22 1 0 0 24 0
          0 0 44 5 4 20
          95 1 26 3 0 64
          0 0 0 0 1 46
          0 0 1 33 0 9
          5 36 0 4 49 0
          2 1 2 10 8 2
          31 10 26 0 16 0
          6 23 75 0 1 1
          73 3 0 59 8 1
          5 57 0 5 8 0
          32 0 24 6 12 5
          69 0 0 8 1 18
          0 0 0 8 1 47
          0 0 1 38 75 0
          3 0 2 0 0 3
          47 12 0 7 0 0
          0 4 5 1 50 2
          5 0 4 18 4 7
          41 0 36 55 0 3
          64 0 1 0 29 17
          0 28 0 0 0 75
          1 63 0 0 0 5
          7 4 2 10 1 92
          1 15 2 1 6 163
          0 0 1 1 100 5
          0 0 0 4 0 0
          13 0 65 1 0 1
          2 0 2 4 4 4
          13 3 101 1 3 0
          0 15 32 0 1 2
          8 44 1 0 9 30
          28 22 68 0 0 11
          66 10 0 0 29 2
          12 35 0 0 2 47
          51 25 10 0 0 38
          1 127 3 75 1 1
          22 0 42 1 0 19
          46 0 0 0 23 53
          3 7 74 0 0 8
          1 193 8 0 1 0
          0 1 0 0 4 22
          0 0 0 0 32 0
          4 0 89 4 1 0
          0 16 27 5 0 28
          7 15 165 2 0 2
          2 0 9 8 8 32
          0 0 3 0 48 0
          14 0 0 5 28 13
          16 10 111 0 0 0
          0 1 85 1 51 52
          1 16 39 5 34 0
          5 0 27 0 0 0
          1 14 3 7 6 3
          47 0 2 0 29 0
          3 0 21 0 1 33
          0 44 0 30 0 129
          5 0 1 0 0 0
          0 1 0 1 46 46
          1 3 0 14 0 2
          18 0 6 0 8 7
          86 0 0 0 0 11
          52 3 1 2 0 1
          0 16 37 1 1 15
          0 21 0 49 6 1
          0 0 17 24 0 0
          2 14 1 57 0 0
          0 33 7 41 11 0
          0 87 0 5 1 1
          0 1 4 1 2 2
          1 10 0 1 0 39
          0 2 9 27 0 11
          18 1 13 29 0 28
          4 0 2 0 5 11
          0 5 5 1 1 54
          2 10 35 2 40 0
          88 0 72 40 3 135
          0 9 2 0 1 1
          5 3 0 1 10 3
          30 1 4 18 4 81
          0 0 1 5 4 1
          1 2 0 35 2 11
          1 0 6 37 24 6
          1 5 4 5 30 0
          0 0 1 2 8 12
          17 39 0 2 14 4
          15 0 1 15 2 15
          0 3 22 10 15 0
          24 0 0 6 1 0
          21 19 0 6 1 12
          0 1 1 0 2 30
          2 0 69 5 0 1
          3 1 0 11 8 0
          2 4 21 5 8 18
          3 76 0 2 25 6
          0 0 1 20 1 0
          9 1 4 0 5 29
          15 69 0 0 0 0
          2 0 0 0 6 5
          19 24 0 3 39 7
          44 0 0 1 3 0
          7 1 15 2 10 0
          1 19 16 36 2 1
          1 3 0 1 69 1
          0 7 0 6 0 3
          0 0 0 0 1 0
          0 2 22 0 0 4
          2 57 5 0 0 0
          7 0 0 10 3 0
          4 19 1 1 0 1
          4 2 4 1 3 0
          10 5 0 0 2 10
          4 0 20 2 3 8
          4 6 0 7 28 3
          18 0 0 5 0 9
          9 0 23 0 1 1
          0 3 29 0 13 2
          6 0 6 0 1 32
          3 1 5 0 1 9
          3 34 14 1 2 3
          25 1 0 1 9 0
          1 25 3 1 2 3
          0 23 0 0 2 10
          7 0 22 0 8 4
          3 1 10 0 0 24
          0 0 15 1 7 1
          0 6 0 0 0 1
          1 4 0 0 22 0
          0 4 33 4 5 0
          15 5 1 0 0 17
          3 11 1 0 1 17
          1 2 22 0 39 8
          0 1 21 1 0 28
          13 0 77 0 0 0
          1 0 60 0 1 0
          0 2 10 1 1 4
          16 6 0 0 7 33
          22 1 5 2 0 1
          4 5 40 2 0 0
          0 8 9 11 1 48
          0 5 0 1 1 34
          0 0 40 0 0 1
          38 0 0 4 66 0
          0 2 8 0 26 0
          4 7 7 0 21 12
          43 0 0 2 13 0
          1 10 4 159 6 0
          9 27 1 0 0 10
          0 61 23 1 1 1
          10 41 3 0 0 15
          0 12 0 90 2 2
          0 0 2 1 0 10
          6 9 40 1 0 33
          5 47 0 6 26 7
          14 20 0 20 0 8
          1 42 1 13 79 0
          1 0 2 0 7 0
          5 14 4 8 37 0
          7 0 1 55 0 0
          21 51 0 0 1 4
          6 40 5 39 32 2
          0 80 4 1 0 2
          5 0 0 56 7 1
          10 15 0 1 36 0
          3 12 32 1 1 22
          0 10 33 0 1 1
          45 0 2 2 1 7
          17 1 88 0 0 6
          70 1 0 0 0 0
          25 22 35 0 4 123
          0 1 0 0 0 1
          1 1 16 1 23 1
          10 0 2 0 54 1
          86 0 0 2 0 1
          46 1 0 0 17 0
          2 16 13 0 0 12
          0 8 13 0 0 10
          1 5 31 3 0 0
          10 13 0 64 4 0
          42 1 34 3 0 9
          1 1 3 61 5 3
          0 0 9 1 1 0
          34 0 3 4 3 1
          63 0 0 0 8 1
          2 0 0 0 0 5
          0 0 0 0 0 1
          31 0 1 6 1 0
          0 0 2 0 0 2
          1 16 0 0 0 2
          1 4 41 0 0 2
          1 2 22 4 0 23
          41 1 1 0 8 0
          0 0 0 15 0 11
          42 0 1 0 0 11
          1 2 0 0 0 5
          4 0 1 2 2 21
          0 0 4 2 4 6
          22 0 0 3 0 5
          0 31 0 17 1 7
          47 1 0 114 0 3
          0 3 17 15 31 0
          7 0 21 0 1 7
          0 21 4 46 1 0
          1 0 3 0 6 0
          19 1 1 24 4 26
          0 22 0 21 108
        </DataArray>
        <DataArray type="Float64" Name="RegionSpan" format="ascii" RangeMin="1" RangeMax="172.2614288330078">
          1.4142135381698608 2.2360680103302 1.4142135381698608 3.1622776985168457 1 1.4142135381698608
          1.4142135381698608 2.2360680103302 1 1 2.2360680103302 3
          2 2.2360680103302 2 1.4142135381698608 2.2360680103302 1
          2 1 3.1622776985168457 2 1 1
          3.605551242828369 1 2 1 1 1
          1 2 1 2 1 2
          1 1 1.4142135381698608 1.4142135381698608 1.4142135381698608 3.1622776985168457
          2.8284270763397217 2.2360680103302 1 1 2.2360680103302 1
          1 3.1622776985168457 1.4142135381698608 2 3.1622776985168457 2
          1 1 3.605551242828369 1 1 4.123105525970459
          2 2.8284270763397217 1 1.4142135381698608 2 1.4142135381698608
          2 1.4142135381698608 1 1.4142135381698608 4.123105525970459 2.2360680103302
          1 1 3.1622776985168457 1 3 1.4142135381698608
          2 1 3.605551242828369 1.4142135381698608 1 2
          1.4142135381698608 1 1 1 5.830951690673828 1
          2 2 1 2.2360680103302 5.099019527435303 1
          1 2 2 1.4142135381698608 1 3
          1 1 1 1.4142135381698608 1.4142135381698608 1
          2.8284270763397217 1.4142135381698608 1.4142135381698608 3.605551242828369 1.4142135381698608 1
          3.1622776985168457 3.605551242828369 2.2360680103302 1.4142135381698608 3 1
          2 1 2 2.2360680103302 3.605551242828369 1
          3 2 2.2360680103302 7.071067810058594 1 1
          1 1 1.4142135381698608 9.433980941772461 4.123105525970459 1
          5.830951690673828 2.2360680103302 1 3.1622776985168457 2.2360680103302 2.8284270763397217
          1 1 2.2360680103302 7.280109882354736 1 5.656854152679443
          1 2.2360680103302 1.4142135381698608 5.385164737701416 3 1
          1 5 1 1.4142135381698608 1 1
          3 2 1 1 6 1.4142135381698608
          1 2 1 2.2360680103302 2 2
          1.4142135381698608 1 1 2 1 5.099019527435303
          2 1 1 1 9.219544410705566 1
          2.2360680103302 7.211102485656738 1 10.049875259399414 2.2360680103302 2.2360680103302
          1 2 3.605551242828369 1 1 14.03566837310791
          1.4142135381698608 3.605551242828369 1 7.071067810058594 1 1
          5.656854152679443 1 2.8284270763397217 3 1 3
          1.4142135381698608 3.605551242828369 1 1.4142135381698608 8.246211051940918 13.34166431427002
          2.2360680103302 1 3 4.242640495300293 1.4142135381698608 1.4142135381698608
          1.4142135381698608 1.4142135381698608 1 11 2.2360680103302 1
          1 3 2.2360680103302 1 4 2.2360680103302
          1.4142135381698608 3 7 1.4142135381698608 4.123105525970459 1
          1 3.605551242828369 1.4142135381698608 2.2360680103302 1 1
          1.4142135381698608 1 14.560219764709473 8.062257766723633 1 1.4142135381698608
          1 1 1 8.602325439453125 5 1.4142135381698608
          1 4.4721360206604 9 1 1 1
          7.8102498054504395 2.8284270763397217 9.219544410705566 1 19.10497283935547 3
          1 2 1 2.2360680103302 1.4142135381698608 1.4142135381698608
          4.123105525970459 3.1622776985168457 1 1.4142135381698608 3.1622776985168457 6.7082037925720215
          5 1.4142135381698608 1 1 1.4142135381698608 2.8284270763397217
          3.605551242828369 1.4142135381698608 1.4142135381698608 2.2360680103302 1.4142135381698608 1
          29 1 1 2 2 1
          6.4031243324279785 16.031219482421875 2.2360680103302 2.2360680103302 2 1
          10.770329475402832 1 4.123105525970459 1.4142135381698608 2.2360680103302 2
          1 1 5.099019527435303 1 12.649110794067383 10.049875259399414
          2 1 1 22.360679626464844 1.4142135381698608 3
          1 2.2360680103302 1 1 1 1
          2 4.4721360206604 12.041594505310059 1.4142135381698608 2.2360680103302 1.4142135381698608
          2.2360680103302 5.385164737701416 2 6.4031243324279785 5.099019527435303 2
          3 12.206555366516113 1.4142135381698608 8.062257766723633 24.515300750732422 1.4142135381698608
          2.2360680103302 1.4142135381698608 3.1622776985168457 2.8284270763397217 1.4142135381698608 4.242640495300293
          3 2.2360680103302 4.242640495300293 1.4142135381698608 2 1.4142135381698608
          5.385164737701416 1 7.8102498054504395 2.2360680103302 1 4.4721360206604
          1 1 5.830951690673828 4.123105525970459 5 1.4142135381698608
          1.4142135381698608 40.199501037597656 1 1.4142135381698608 1.4142135381698608 1.4142135381698608
          2.2360680103302 16.6433162689209 1 15.81138801574707 1 2.2360680103302
          16.76305389404297 3.1622776985168457 5.830951690673828 3.1622776985168457 1.4142135381698608 4.123105525970459
          1.4142135381698608 1 1 2.2360680103302 18.788293838500977 2
          25.495098114013672 3.1622776985168457 5 1.4142135381698608 5 2
          16.6433162689209 7.071067810058594 2.2360680103302 1 3.605551242828369 2
          14.764822959899902 5.656854152679443 1 2.8284270763397217 1 3.1622776985168457
          6.4031243324279785 3.605551242828369 2.2360680103302 1 6.082762718200684 27.58622932434082
          1 12.165525436401367 1.4142135381698608 2 11.704699516296387 1
          1 5 1 12.806248664855957 2 1
          2 1 10.29563045501709 1 1 1.4142135381698608
          3.605551242828369 2.8284270763397217 1 1 3.605551242828369 1.4142135381698608
          1.4142135381698608 21.21320343017578 1 3.605551242828369 4.4721360206604 2.2360680103302
          3.605551242828369 5.830951690673828 7.6157732009887695 3 9.848857879638672 2.2360680103302
          1.4142135381698608 1 1.4142135381698608 7.071067810058594 1.4142135381698608 9.05538558959961
          2.2360680103302 19.697715759277344 18.027755737304688 7.071067810058594 1 1
          1 5.099019527435303 36.878177642822266 1 37.013511657714844 1
          2.2360680103302 22.203603744506836 4.242640495300293 2 2.2360680103302 2.2360680103302
          1 1 20.124610900878906 1.4142135381698608 1 2.2360680103302
          2.2360680103302 2.2360680103302 2.2360680103302 1 1 4.4721360206604
          5.099019527435303 38.587562561035156 1 2.2360680103302 2 2.2360680103302
          2 1.4142135381698608 1 3.605551242828369 48.010414123535156 3.605551242828369
          14.317821502685547 6.324555397033691 1 6.4031243324279785 1 1.4142135381698608
          2.8284270763397217 1 1 1 3.605551242828369 1.4142135381698608
          1 27.459060668945312 1.4142135381698608 36.878177642822266 4.4721360206604 21.840330123901367
          1 1 1 1.4142135381698608 9.899495124816895 4.4721360206604
          6.7082037925720215 30.08321762084961 42.04759216308594 1 1 2
          8.9442720413208 5 1 4.123105525970459 20.880613327026367 1
          2 3 4.4721360206604 9.05538558959961 34.20526123046875 1
          48.703182220458984 1 1 2 2 1.4142135381698608
          1.4142135381698608 2 2.2360680103302 7.071067810058594 1 1
          1 1.4142135381698608 7.6157732009887695 5.830951690673828 6 26.172504425048828
          1 30.01666259765625 1 28.301942825317383 2.2360680103302 17.8885440826416
          20.51828384399414 1.4142135381698608 1 1 29.4108829498291 1.4142135381698608
          3.1622776985168457 5.385164737701416 18.439088821411133 4 1.4142135381698608 4
          5 6.082762718200684 1 1 24.698177337646484 9.219544410705566
          1 17.492855072021484 1 5.385164737701416 21.954498291015625 1.4142135381698608
          3 1.4142135381698608 31.400636672973633 2.2360680103302 12.083045959472656 1
          7 1 9.05538558959961 1 2 2.2360680103302
          5 2.8284270763397217 6.7082037925720215 1.4142135381698608 4.242640495300293 14.422204971313477
          1.4142135381698608 2.8284270763397217 4.4721360206604 31.240999221801758 1 1.4142135381698608
          5.099019527435303 5.099019527435303 1.4142135381698608 1 29.73213768005371 2.2360680103302
          2.2360680103302 7.071067810058594 23.600847244262695 1.4142135381698608 1.4142135381698608 3.605551242828369
          10 1.4142135381698608 1.4142135381698608 2.2360680103302 34.78505325317383 1.4142135381698608
          6.7082037925720215 1 26.419689178466797 9.848857879638672 1 22.803508758544922
          23.430749893188477 11.045360565185547 1 2.2360680103302 2.2360680103302 1
          1 1 11.401754379272461 1 3 9.899495124816895
          4.123105525970459 1 2 15.620499610900879 1 16.124515533447266
          2.2360680103302 1 41.773197174072266 1.4142135381698608 1 3.605551242828369
          2 2 2.2360680103302 2 3.605551242828369 1
          2 1.4142135381698608 1 22.090721130371094 1 1
          1 2.2360680103302 1 6.082762718200684 12.041594505310059 1
          1.4142135381698608 13 2 29.120439529418945 7.6157732009887695 2
          2.2360680103302 1 2.2360680103302 2 1.4142135381698608 1.4142135381698608
          1 6.082762718200684 1 8.5440034866333 2 1
          1 2.8284270763397217 1 1 27.312999725341797 1
          2.2360680103302 1 1 15.033296585083008 23.34523582458496 3.1622776985168457
          11.661903381347656 9.486832618713379 7.211102485656738 1 1 4.4721360206604
          3 16.76305389404297 1.4142135381698608 2 4.123105525970459 1
          28.42534065246582 1.4142135381698608 1.4142135381698608 25.553865432739258 1.4142135381698608 1.4142135381698608
          1 29.42787742614746 3.1622776985168457 1 15.65247631072998 9.219544410705566
          22.56102752685547 1.4142135381698608 2 1.4142135381698608 1.4142135381698608 1
          2.2360680103302 9.899495124816895 22.360679626464844 8.9442720413208 4 1
          8.602325439453125 3 3.605551242828369 1 7.280109882354736 21.189620971679688
          3 13.601470947265625 1 2.2360680103302 2 1.4142135381698608
          8.602325439453125 1 17.0880069732666 1 2.2360680103302 1
          54.12947463989258 1 1.4142135381698608 1 3.605551242828369 7.211102485656738
          2 40.224369049072266 28.160255432128906 2.2360680103302 3.605551242828369 1
          1 2 8.062257766723633 2.8284270763397217 30.08321762084961 30.870698928833008
          1 2 1.4142135381698608 10.440306663513184 2.2360680103302 12.369317054748535
          1 3.605551242828369 4.123105525970459 3.1622776985168457 32.649654388427734 3.1622776985168457
          8.062257766723633 6.082762718200684 3.605551242828369 2 37.05401611328125 1
          1 6.324555397033691 1.4142135381698608 18.248287200927734 1.4142135381698608 28.160255432128906
          34.1760139465332 1 7.8102498054504395 3.1622776985168457 12.369317054748535 4
          2.2360680103302 17.20465087890625 1 1 2.8284270763397217 1.4142135381698608
          52.801513671875 2.2360680103302 21.63330841064453 2.2360680103302 1.4142135381698608 1.4142135381698608
          9.219544410705566 5 50.11985778808594 16.76305389404297 20.2237491607666 16.970561981201172
          3.605551242828369 1 35 1.4142135381698608 1 36.06937789916992
          4.4721360206604 1 1 2.2360680103302 1 30.805843353271484
          35.22782897949219 1 90.8019790649414 1 2 43.600460052490234
          45.694637298583984 1 1.4142135381698608 71.16881561279297 55.217750549316406 12.369317054748535
          42.04759216308594 4.123105525970459 2.2360680103302 1 1 3.605551242828369
          1 2 2.2360680103302 39.458839416503906 1 3.1622776985168457
          1.4142135381698608 1.4142135381698608 4.123105525970459 1 1 56.08921432495117
          14.866068840026855 1.4142135381698608 47.434165954589844 1.4142135381698608 1 60.926185607910156
          21.095022201538086 4.123105525970459 2.2360680103302 43.416587829589844 1 1.4142135381698608
          64.637451171875 1.4142135381698608 43.416587829589844 2 1 23.430749893188477
          1 48.25971221923828 14.317821502685547 1 50.695167541503906 1
          2.2360680103302 2.2360680103302 2 3.1622776985168457 4.123105525970459 2
          2.2360680103302 3.605551242828369 3.605551242828369 48.66210174560547 1 45.89117431640625
          2.2360680103302 1 1.4142135381698608 1 1 1
          3 51.429561614990234 1 58.8217658996582 43.600460052490234 82.2982406616211
          5.099019527435303 1 1 1 1 2
          1 5.099019527435303 41.773197174072266 3 1 1
          7.071067810058594 1 1 1 5.385164737701416 5.385164737701416
          1 3 28.65309715270996 2.2360680103302 1 2.8284270763397217
          8 1 52.49761962890625 14.317821502685547 1.4142135381698608 5.099019527435303
          1 1 68.3081283569336 1.4142135381698608 1 2
          1.4142135381698608 2 45.0444221496582 57.070133209228516 40.49691390991211 1
          1 15.033296585083008 1 1 1 1.4142135381698608
          10.440306663513184 1.4142135381698608 41.04875183105469 5 1.4142135381698608 76.69419860839844
          1 80.99382781982422 2 8.602325439453125 1 15.81138801574707
          2 1 2 6 23.409399032592773 2.2360680103302
          1 75.1664810180664 1 13.152946472167969 3.1622776985168457 1
          59.43904495239258 4.4721360206604 1.4142135381698608 44.92215347290039 3.1622776985168457 2.2360680103302
          1 15 2.2360680103302 1.4142135381698608 3 72.12489318847656
          1 1.4142135381698608 2 3.605551242828369 1 2.2360680103302
          10.198039054870605 1 1 1 1.4142135381698608 80.99382781982422
          1 1 69.28924560546875 59.90826416015625 1 1
          2 1 1.4142135381698608 66.48307800292969 18.439088821411133 2.8284270763397217
          1 1 1 2 4.123105525970459 93.5574722290039
          3 2.8284270763397217 1 97.49359130859375 3.1622776985168457 1
          4.242640495300293 3 2 8.602325439453125 1 1
          1 113.52973175048828 115.43396759033203 2 1 2.2360680103302
          1 2 1 2.2360680103302 1 2
          4 1 1 1 2 2
          3.1622776985168457 5.099019527435303 2.2360680103302 1 116.66190338134766 19.10497283935547
          27.459060668945312 2 5 23.194826126098633 2.2360680103302 1
          104.30723571777344 1 4.123105525970459 5 3.1622776985168457 1
          1 10.630146026611328 8.246211051940918 16.031219482421875 7.280109882354736 1
          1.4142135381698608 37.336307525634766 4.242640495300293 2 25.317977905273438 5
          1 35.510562896728516 2.2360680103302 1 2.2360680103302 1
          2.2360680103302 1.4142135381698608 1 1 20 72.03471374511719
          1 39.20458984375 1 1 24.083189010620117 1.4142135381698608
          60.16643524169922 13 2.2360680103302 1 1 124.27791595458984
          1 11.401754379272461 116.4989242553711 2.2360680103302 29.068883895874023 112.16059875488281
          1 1.4142135381698608 1 2.2360680103302 1 1.4142135381698608
          113.5693588256836 49.648765563964844 5.656854152679443 2.2360680103302 5.385164737701416 1
          2 90.09439849853516 2 1 1 94.04785919189453
          87.82368469238281 1.4142135381698608 1 6.4031243324279785 2.2360680103302 27.85677719116211
          1 1 74.81310272216797 1 24.83948516845703 2.8284270763397217
          30 5.099019527435303 1.4142135381698608 41.04875183105469 1.4142135381698608 2
          40.112342834472656 1.4142135381698608 1 104.31682586669922 1.4142135381698608 1.4142135381698608
          32.38827133178711 1.4142135381698608 2.2360680103302 2.2360680103302 33.13608169555664 1
          1 1 1 91.21951293945312 1 101.83319854736328
          1 1 1 1 23.409399032592773 1
          2.8284270763397217 1 2.2360680103302 2 3 19.697715759277344
          2 122.3315200805664 2 1 144.972412109375 149.91331481933594
          128.00390625 8.5440034866333 1 1 89.8109130859375 1
          21.095022201538086 31.240999221801758 1.4142135381698608 2.2360680103302 1 3
          101.41498565673828 1 1 2.2360680103302 47.07440948486328 132.24598693847656
          1.4142135381698608 12.649110794067383 1 48.754486083984375 85.44589233398438 1
          1 31.890438079833984 11.313708305358887 59.13543701171875 92.13577270507812 1
          1.4142135381698608 1 1.4142135381698608 1 110.53506469726562 1.4142135381698608
          24.331050872802734 1 51.41984176635742 1 2.8284270763397217 29.4108829498291
          2 13.45362377166748 28 1.4142135381698608 6.7082037925720215 1.4142135381698608
          60.20797348022461 1 1.4142135381698608 14.866068840026855 2 1
          64.88451385498047 1 39.31920623779297 2.2360680103302 1 34.71310806274414
          1.4142135381698608 2.2360680103302 1 1 1 44.04542922973633
          3.1622776985168457 74.65252685546875 150.05332946777344 1 1 62.513999938964844
          52.201534271240234 1.4142135381698608 1 1 51.54609680175781 2
          2.2360680103302 1 43.185646057128906 2.8284270763397217 2.2360680103302 5.656854152679443
          48.08325958251953 2.2360680103302 111.82575988769531 43.17406463623047 1 103.24727630615234
          1.4142135381698608 1 1 1 1 70.38465881347656
          1.4142135381698608 1 1.4142135381698608 4.123105525970459 1 36.12478256225586
          4.4721360206604 6.4031243324279785 1 3.1622776985168457 143.13629150390625 1
          2.2360680103302 1 1 138.45216369628906 165.9186553955078 1.4142135381698608
          150.233154296875 4 128.00390625 1 120.48651123046875 1
          43.863426208496094 157.8511962890625 39.20458984375 1 1.4142135381698608 47.20169448852539
          42.42640686035156 4.4721360206604 40.16217041015625 88.5268325805664 3.1622776985168457 1
          2 8.246211051940918 1 3.605551242828369 139.2156524658203 1
          11.180339813232422 1 66.30987548828125 1.4142135381698608 74.96665954589844 75.1664810180664
          17.0880069732666 1.4142135381698608 1 2.2360680103302 3.605551242828369 56.32051086425781
          1 1 1 99.02020263671875 2.2360680103302 25.806976318359375
          1 2 26.07680892944336 8 12.165525436401367 1
          4.242640495300293 1 2.2360680103302 1 1 61.741397857666016
          59.4810905456543 3.605551242828369 1 5 1.4142135381698608 172.2614288330078
          1 151.48597717285156 10.440306663513184 115.24755859375 91.92388153076172 2
          3.1622776985168457 1 3 7.071067810058594 3.1622776985168457 8.246211051940918
          39.4461669921875 1.4142135381698608 60.083274841308594 9.848857879638672 1 10.440306663513184
          72.42237091064453 1 1 1 73.81734466552734 41.04875183105469
          1.4142135381698608 50.6063232421875 1 1 1 34.48188018798828
          1 58.830265045166016 1 1 3.605551242828369 3.1622776985168457
          4.4721360206604 1.4142135381698608 117.32433319091797 99.29753112792969 1.4142135381698608 61.66035842895508
          1 4.123105525970459 3.1622776985168457 1.4142135381698608 152.5057373046875 85.15867614746094
          1 1 1.4142135381698608 1 17.464248657226562 4.123105525970459
          1 1 2 7 1 1
          22.022714614868164 1 17.464248657226562 2.8284270763397217 1 1
          1.4142135381698608 1 1 4.123105525970459 92.35800170898438 86.97700500488281
          2.8284270763397217 56.36488342285156 162.308349609375 2 7.280109882354736 1
          9 158.23085021972656 78.43468475341797 1 1 1.4142135381698608
          1.4142135381698608 113.2298583984375 1.4142135381698608 1 98.27003479003906 66.8879623413086
          74.32361602783203 80.95677947998047 128.94960021972656 1 1 2.2360680103302
          76.2364730834961 3.605551242828369 1 1 84.2911605834961 2
          135.3846435546875 46.097721099853516 1.4142135381698608 1 43.27817153930664 81.32035064697266
          87.92041778564453 43.17406463623047 121.62236785888672 1 36.8917350769043 48.010414123535156
          2.8284270763397217 71.11258697509766 1.4142135381698608 129.76902770996094 1.4142135381698608 124.77580261230469
          98.88377380371094 1 74.24958038330078 1 1 51.244510650634766
          23.021728515625 1 1.4142135381698608 1 64.13267517089844 42.05948257446289
          2 2 29.120439529418945 1 1 2.2360680103302
          1.4142135381698608 3.1622776985168457 3.1622776985168457 1 2.2360680103302 1
          1 1 1 1 67.42403411865234 92.11405944824219
          1 1 1 1.4142135381698608 90.62008666992188 1.4142135381698608
          1.4142135381698608 1.4142135381698608 69.63475799560547 3 2 1
          1 4.4721360206604 3.1622776985168457 104.9952392578125 1 19.235383987426758
          1.4142135381698608 3.605551242828369 39.20458984375 1.4142135381698608 1 1
          3.1622776985168457 5 3.1622776985168457 3.1622776985168457 7.280109882354736 43.90899658203125
          1 1 102.08329772949219 1 61.52235412597656 1
          3 1 1 115.00434875488281 56.08921432495117 55.44366455078125
          5.099019527435303 3 32.280025482177734 1 1 1
          1 2 119.50732421875 1.4142135381698608 17.11724281311035 5.099019527435303
          1 16 142.17242431640625 4.242640495300293 5 1
          151.32745361328125 1 130.92364501953125 1 1 1
          25.298221588134766 101.59724426269531 1.4142135381698608 4 87.31552124023438 4
          90.82400512695312 1 1.4142135381698608 1 101.2422866821289 1
          1 150.94369506835938 136.69308471679688 1 144.1006622314453 156.97451782226562
          1 18.027755737304688 1 124.32618713378906 1.4142135381698608 69.2603759765625
          2.2360680103302 1 1.4142135381698608 1 1 1
          1.4142135381698608 2.2360680103302 1 2.2360680103302 70.83784484863281 110.9414291381836
          2.2360680103302 2.2360680103302 1 107.35455322265625 1 109.60382843017578
          25.495098114013672 1 3.605551242828369 1 119.86659240722656 6.7082037925720215
          44.40720748901367 1.4142135381698608 1.4142135381698608 1 1 45.607017517089844
          24.351591110229492 1.4142135381698608 1.4142135381698608 2.2360680103302 1 2
          1 24.698177337646484 31.400636672973633 1.4142135381698608 1 1.4142135381698608
          49 76.92203521728516 1.4142135381698608 20.615528106689453 3.605551242828369 2
          1.4142135381698608 1 12.041594505310059 7.211102485656738 1.4142135381698608 1
          8.062257766723633 10.816654205322266 1 5.385164737701416 2 1
          29 15.620499610900879 2.8284270763397217 2.2360680103302 2.2360680103302 1
          1.4142135381698608 73.68174743652344 1 1 1 2
          1 2.2360680103302 2.2360680103302 2.2360680103302 5 1.4142135381698608
          1 73.38937377929688 1 1 1 9.433980941772461
          1.4142135381698608 2.2360680103302 11.180339813232422 67.62396240234375 1 52.32590103149414
          12.041594505310059 1 106.73799896240234 104.54663848876953 1 5
          2.2360680103302 1 1.4142135381698608 1 8.9442720413208 5
          1.4142135381698608 11.180339813232422 73.55270385742188 1.4142135381698608 9.05538558959961 17.492855072021484
          1 2.2360680103302 25 2 9.219544410705566 1
          76.38062286376953 2 49.92995071411133 5 1.4142135381698608 28.844409942626953
          1 3.605551242828369 2 1 1.4142135381698608 2
          2 1 1 1 2.2360680103302 2.2360680103302
          2.8284270763397217 1 3 33.941123962402344 2.2360680103302 3
          1 1 1 1 1.4142135381698608 1.4142135381698608
          1.4142135381698608 2.2360680103302 1 65.79513549804688 1 2.8284270763397217
          1.4142135381698608 1 61.6846809387207 34.01470184326172 4.123105525970459 3.1622776985168457
          2 2.2360680103302 2.2360680103302 4.4721360206604 30.01666259765625 1
          1 1 1 60.41522979736328 64.62971496582031 2
          33.060550689697266 3.605551242828369 1 1.4142135381698608 8.5440034866333 3.1622776985168457
          26.62705421447754 2.2360680103302 1.4142135381698608 85.14693450927734 2 59.54829788208008
          1 15.65247631072998 8.062257766723633 2.8284270763397217 9.848857879638672 1
          50.93132781982422 1 1 2 2 1
          28.792360305786133 37.121421813964844 1 2.2360680103302 1 58.13776779174805
          1 1.4142135381698608 1.4142135381698608 1 2.2360680103302 9.05538558959961
          1 53.81449508666992 59.46427536010742 2.2360680103302 1.4142135381698608 1
          4 1 2.2360680103302 5.099019527435303 58.79625701904297 1
          2.8284270763397217 1.4142135381698608 2 2.2360680103302 3 53.5350341796875
          1 16.552946090698242 1 2 2.2360680103302 6.7082037925720215
          1 1 1 41.761226654052734 1.4142135381698608 1
          37.2155876159668 81.4923324584961 53.75872039794922 1.4142135381698608 5 50.990196228027344
          6.082762718200684 23.25940704345703 1 1 6.082762718200684 1
          5 1 1 1 4 29.73213768005371
          39.11521530151367 6.082762718200684 1.4142135381698608 2 8.062257766723633 25.079872131347656
          22.825424194335938 1 1 1.4142135381698608 5.385164737701416 1
          64.76110076904297 1 41.1096076965332 4 11.661903381347656 1
          2 74.24958038330078 8 34.2344856262207 1.4142135381698608 1
          1.4142135381698608 1 1 2 41.78516387939453 1.4142135381698608
          1 1 1 2.8284270763397217 1 2
          1 1.4142135381698608 1 1.4142135381698608 1 1.4142135381698608
          1 4.123105525970459 80.77747344970703 1 1 3.1622776985168457
          60.406951904296875 1 9 1 1.4142135381698608 1
          5 1 1 11.180339813232422 4.4721360206604 1.4142135381698608
          44.14748001098633 1.4142135381698608 1 1.4142135381698608 1.4142135381698608 60.0333251953125
          21.470911026000977 2 22.090721130371094 1 2.2360680103302 13.152946472167969
          35.46829605102539 1 3.1622776985168457 1.4142135381698608 33.61547088623047 91.08238220214844
          26.62705421447754 1 5.099019527435303 2.2360680103302 2 11.180339813232422
          9.219544410705566 1 16.970561981201172 2 43.17406463623047 3
          16.031219482421875 1 1.4142135381698608 3.1622776985168457 1 41.86884307861328
          3 1 42.01190185546875 1.4142135381698608 1 2.2360680103302
          1 40.607879638671875 12.041594505310059 1 3.1622776985168457 2
          42.7551155090332 1 65.86349487304688 1 1 60.539241790771484
          2.2360680103302 1 2 1 1 6
          1.4142135381698608 41.231056213378906 2.2360680103302 1.4142135381698608 2.8284270763397217 3.605551242828369
          14.317821502685547 8.062257766723633 1 1 9.219544410705566 1
          1 32.015621185302734 1 2 2.2360680103302 18.384777069091797
          1 74.24958038330078 1 1 5.385164737701416 5
          22.472204208374023 1 97.30878448486328 1 6.7082037925720215 3.605551242828369
          4 1 63.95310592651367 1 29.068883895874023 70.66116333007812
          1 1 96.54014587402344 1.4142135381698608 65 1.4142135381698608
          1 38.20994567871094 1 1 1.4142135381698608 37.735923767089844
          1 44.9110221862793 29.154760360717773 1 33.83784866333008 2.2360680103302
          1 38.07886505126953 25.70992088317871 5.830951690673828 1 1
          62.64982223510742 2 1 1 112.80514526367188 128.7982940673828
          1.4142135381698608 12.369317054748535 2.2360680103302 1 7.071067810058594 45.486263275146484
          1 17.029386520385742 34.928497314453125 1 2 14.21267032623291
          1 16.278820037841797 27.513633728027344 1 1 52.39274597167969
          5 1.4142135381698608 41 1 1 6
          1 16.6433162689209 2 1 1 1
          1 3 2.8284270763397217 1 2 49.76947021484375
          15.231546401977539 2 1 1.4142135381698608 88.23831176757812 73.40980529785156
          40.26164245605469 2 3 15.65247631072998 1.4142135381698608 18.867961883544922
          47.801673889160156 70.68238830566406 91.8368148803711 1.4142135381698608 1.4142135381698608 1
          1 8.602325439453125 49.39635467529297 57.80138397216797 1 105.7024154663086
          1.4142135381698608 1.4142135381698608 65.19202423095703 51.195701599121094 19.416488647460938 92.45539093017578
          1 1 74.96665954589844 1 5.385164737701416 1
          14.764822959899902 1 1 2.8284270763397217 16.155494689941406 1
          1 2.2360680103302 2.2360680103302 1 12.727922439575195 1
          80.28075408935547 92.6552734375 73.43023681640625 52.47856521606445 112.7696762084961 31.38471031188965
          34.20526123046875 1 1 1 31.016124725341797 1
          1 27.459060668945312 1 97.57561492919922 3.605551242828369 1
          32.06243896484375 29.154760360717773 1 1 1 88.25531005859375
          1.4142135381698608 30 11.401754379272461 1 1 1
          19.10497283935547 20.615528106689453 1 1 20 76.41989135742188
          2.2360680103302 28.861740112304688 1 64.49806213378906 3.1622776985168457 2.2360680103302
          1 1 2 1.4142135381698608 2 18.601076126098633
          30.066593170166016 69.07966613769531 5.385164737701416 1.4142135381698608 1 8.5440034866333
          3.605551242828369 29.529645919799805 1 50.21951675415039 62.433963775634766 9.05538558959961
          19.209373474121094 28.07133674621582 1 18.601076126098633 1 81.60882568359375
          1.4142135381698608 76.32168579101562 1.4142135381698608 41.62931823730469 29.068883895874023 1
          1 1 1.4142135381698608 1.4142135381698608 2.8284270763397217 1
          20.808652877807617 51.6623649597168 23.76972770690918 2.2360680103302 3.605551242828369 1
          6.324555397033691 1 14.560219764709473 88.09085845947266 2 1.4142135381698608
          82.07313537597656 65.79513549804688 1 1 1 2.2360680103302
          68.7677230834961 2.8284270763397217 1 67.17886352539062 14.764822959899902 3.605551242828369
          1 32.202484130859375 2 5.099019527435303 1 2.2360680103302
          28.23118782043457 1.4142135381698608 1 8.602325439453125 2.8284270763397217 7.071067810058594
          35.693138122558594 36 1.4142135381698608 2.8284270763397217 11.180339813232422 1.4142135381698608
          71.50524139404297 79.61155700683594 99.00505065917969 1 1 60.0333251953125
          1.4142135381698608 32.202484130859375 10.198039054870605 1 1.4142135381698608 67.74215698242188
          38.07886505126953 1 1 1.4142135381698608 2 39.20458984375
          40.04996871948242 1.4142135381698608 17.0880069732666 1 1 3.605551242828369
          46.06517028808594 2 1 1 1 28.07133674621582
          27.784887313842773 6.082762718200684 5.099019527435303 1.4142135381698608 1.4142135381698608 4
          1 1.4142135381698608 1 1 1.4142135381698608 2
          2.2360680103302 1.4142135381698608 15.29705810546875 25.238859176635742 12.727922439575195 1.4142135381698608
          5.656854152679443 1 5.099019527435303 10.816654205322266 29.017236709594727 2.2360680103302
          41.146080017089844 1 1 2.2360680103302 1 1
          59.13543701171875 1 1 1.4142135381698608 45.880279541015625 1
          6.324555397033691 49.658836364746094 30.066593170166016 1 1 3.605551242828369
          1 33.2866325378418 13.416407585144043 1 1.4142135381698608 8.246211051940918
          2 1.4142135381698608 34.78505325317383 2 1.4142135381698608 1.4142135381698608
          21.954498291015625 31.38471031188965 1 58.2580451965332 1 1
          24.59674835205078 1 34.13209533691406 3 1.4142135381698608 21.260292053222656
          1 1.4142135381698608 2.2360680103302 27.85677719116211 1 1
          1.4142135381698608 1.4142135381698608 25 1 1 1
          2.8284270763397217 1 1 2.2360680103302 5.656854152679443 1
          5 1 1 6.4031243324279785 2.8284270763397217 1
          2.8284270763397217 1 1 1 1 1
          1 1 1 1 1 3.1622776985168457
          10.049875259399414 2.2360680103302 3.1622776985168457 5 1 1
          1 1.4142135381698608 2.2360680103302 1.4142135381698608 10 2.2360680103302
          9.433980941772461 20.02498435974121 1 1 3 9.433980941772461
          1 37.64305877685547 30.805843353271484 1 1.4142135381698608 2.2360680103302
          2 7.211102485656738 14.317821502685547 1.4142135381698608 7.071067810058594 5
          21.40093421936035 1 1 1 35.510562896728516 1
          1 1 1 25.01999282836914 1 6.082762718200684
          39.560081481933594 1 1.4142135381698608 1 1.4142135381698608 14.142135620117188
          1 1 1 1 1 23.76972770690918
          25.495098114013672 11.704699516296387 20 1 28.600698471069336 25
          1 1 10.630146026611328 31.064449310302734 1.4142135381698608 5
          28.460498809814453 1 2 30.675724029541016 1 10.440306663513184
          1 15.231546401977539 1 7.211102485656738 10.440306663513184 24.698177337646484
          1.4142135381698608 1 1 21.587032318115234 1 3.1622776985168457
          1 2.2360680103302 6.7082037925720215 20.615528106689453 26.68332862854004 1
          12.529964447021484 1 9.219544410705566 1 1 8.062257766723633
          1 7.6157732009887695 2.2360680103302 8.9442720413208 1 1
          2 1 3 1 24.1867733001709 2.2360680103302
          20.02498435974121 15.524174690246582 1 7.280109882354736 3 5.656854152679443
          8 3.605551242828369 1 4.123105525970459 42.95346450805664
        </DataArray>
      </CellData>
      <Points>
        <DataArray type="Float32" Name="Points" NumberOfComponents="3" format="ascii" RangeMin="3" RangeMax="224.1539649437413">
          126 13 0 127 12 0
          126 77 0 124 76 0
          137 3 0 138 4 0
          109 63 0 106 62 0
          153 2 0 154 2 0
          128 11 0 129 10 0
          34 51 0 35 52 0
          116 14 0 115 12 0
          155 2 0 56 49 0
          55 49 0 113 74 0
          115 73 0 131 4 0
          134 4 0 155 9 0
          153 9 0 57 47 0
          55 48 0 141 37 0
          141 35 0 105 61 0
          125 74 0 113 9 0
          113 10 0 99 73 0
          97 73 0 120 7 0
          119 7 0 145 35 0
          142 36 0 129 73 0
          129 75 0 140 35 0
          77 11 0 76 11 0
          55 53 0 57 56 0
          143 13 0 144 13 0
          141 10 0 143 10 0
          145 13 0 118 5 0
          118 6 0 64 2 0
          64 3 0 113 11 0
          146 2 0 144 2 0
          139 9 0 140 9 0
          122 73 0 124 73 0
          116 73 0 117 73 0
          103 74 0 105 74 0
          129 9 0 118 73 0
          139 3 0 75 12 0
          106 8 0 107 9 0
          142 3 0 37 6 0
          36 6 0 150 0 0
          151 0 0 107 12 0
          108 10 0 135 18 0
          135 19 0 113 62 0
          112 62 0 128 9 0
          148 13 0 147 14 0
          152 15 0 154 15 0
          120 76 0 123 77 0
          95 56 0 95 54 0
          75 10 0 75 11 0
          137 9 0 138 9 0
          159 38 0 156 40 0
          101 67 0 102 67 0
          157 3 0 157 2 0
          140 39 0 140 2 0
          147 0 0 147 1 0
          138 41 0 139 40 0
          131 0 0 133 0 0
          49 71 0 50 70 0
          115 11 0 115 9 0
          120 14 0 119 15 0
          112 18 0 112 19 0
          118 16 0 125 72 0
          119 11 0 120 13 0
          132 64 0 133 64 0
          128 8 0 131 77 0
          130 77 0 135 79 0
          135 76 0 115 64 0
          116 63 0 152 2 0
          112 20 0 126 12 0
          142 15 0 143 14 0
          119 6 0 151 29 0
          149 29 0 54 48 0
          139 39 0 133 10 0
          132 10 0 157 10 0
          157 11 0 116 77 0
          116 79 0 135 21 0
          90 50 0 90 51 0
          110 74 0 73 67 0
          72 67 0 108 74 0
          118 81 0 116 81 0
          134 8 0 133 9 0
          116 80 0 146 14 0
          135 43 0 136 43 0
          129 76 0 31 5 0
          30 4 0 60 6 0
          60 5 0 117 5 0
          131 11 0 133 45 0
          134 44 0 133 22 0
          146 15 0 151 1 0
          71 64 0 105 6 0
          106 5 0 159 20 0
          159 17 0 138 34 0
          139 34 0 109 5 0
          109 3 0 158 11 0
          158 12 0 109 0 0
          111 0 0 73 12 0
          125 71 0 125 43 0
          122 43 0 129 69 0
          129 71 0 57 6 0
          55 5 0 146 35 0
          147 3 0 146 3 0
          125 12 0 25 29 0
          25 28 0 159 36 0
          158 37 0 64 75 0
          63 71 0 106 4 0
          128 77 0 140 17 0
          140 16 0 57 64 0
          59 62 0 55 0 0
          54 0 0 91 52 0
          92 52 0 105 7 0
          53 46 0 53 47 0
          124 65 0 123 65 0
          131 10 0 107 74 0
          133 23 0 147 35 0
          107 73 0 67 8 0
          66 7 0 53 0 0
          80 15 0 79 15 0
          141 1 0 141 2 0
          79 14 0 127 6 0
          128 7 0 136 37 0
          136 36 0 35 62 0
          35 60 0 108 9 0
          64 4 0 62 5 0
          114 19 0 103 67 0
          156 41 0 157 17 0
          157 15 0 117 4 0
          147 43 0 145 43 0
          152 9 0 116 62 0
          159 12 0 148 0 0
          131 22 0 131 23 0
          118 12 0 133 76 0
          132 76 0 156 15 0
          138 19 0 64 7 0
          64 6 0 73 11 0
          73 10 0 119 73 0
          115 62 0 155 25 0
          152 27 0 123 11 0
          124 11 0 127 16 0
          126 16 0 101 61 0
          101 62 0 117 10 0
          117 11 0 92 73 0
          93 73 0 156 9 0
          53 1 0 146 10 0
          146 11 0 51 68 0
          35 6 0 105 67 0
          78 14 0 62 0 0
          63 1 0 134 65 0
          99 63 0 99 64 0
          130 73 0 156 38 0
          97 59 0 97 58 0
          123 64 0 10 47 0
          9 45 0 100 24 0
          99 24 0 32 6 0
          128 67 0 126 68 0
          31 45 0 30 44 0
          52 48 0 121 12 0
          149 28 0 121 27 0
          121 28 0 131 72 0
          53 2 0 94 73 0
          112 1 0 113 2 0
          155 17 0 156 17 0
          96 73 0 54 2 0
          113 3 0 115 19 0
          139 5 0 139 4 0
          123 67 0 124 68 0
          54 3 0 120 81 0
          130 4 0 132 25 0
          132 24 0 29 4 0
          93 52 0 93 53 0
          106 64 0 105 68 0
          99 65 0 120 43 0
          105 64 0 115 18 0
          153 21 0 154 20 0
          101 66 0 96 72 0
          129 28 0 129 27 0
          112 66 0 111 65 0
          64 58 0 67 57 0
          150 14 0 133 30 0
          133 31 0 133 15 0
          134 15 0 149 49 0
          148 50 0 60 8 0
          61 7 0 61 4 0
          98 56 0 121 38 0
          122 39 0 34 60 0
          101 73 0 78 56 0
          78 55 0 25 27 0
          132 57 0 132 59 0
          58 56 0 47 53 0
          46 51 0 47 58 0
          46 60 0 25 26 0
          51 70 0 130 25 0
          130 26 0 36 64 0
          120 62 0 121 63 0
          70 67 0 136 39 0
          137 39 0 101 65 0
          94 54 0 131 15 0
          154 38 0 69 67 0
          124 69 0 125 69 0
          110 25 0 111 24 0
          121 31 0 78 54 0
          108 5 0 133 32 0
          52 70 0 116 27 0
          116 28 0 72 10 0
          128 18 0 128 16 0
          119 9 0 51 49 0
          105 43 0 106 44 0
          121 3 0 122 1 0
          55 51 0 97 56 0
          135 8 0 99 32 0
          100 27 0 129 15 0
          133 34 0 28 45 0
          27 44 0 159 13 0
          125 24 0 124 23 0
          121 41 0 122 66 0
          62 61 0 104 66 0
          101 63 0 100 64 0
          75 58 0 120 21 0
          117 21 0 38 50 0
          36 51 0 121 80 0
          0 44 0 1 43 0
          45 61 0 45 62 0
          114 76 0 125 19 0
          127 18 0 55 4 0
          54 4 0 124 22 0
          110 10 0 107 43 0
          26 43 0 27 42 0
          46 62 0 100 65 0
          28 41 0 123 0 0
          4 43 0 3 43 0
          60 0 0 61 0 0
          130 40 0 132 39 0
          125 26 0 132 35 0
          158 44 0 157 43 0
          58 8 0 59 8 0
          125 27 0 94 68 0
          94 70 0 40 54 0
          41 57 0 115 29 0
          136 30 0 47 49 0
          48 49 0 124 26 0
          33 40 0 33 42 0
          51 47 0 116 25 0
          116 26 0 105 41 0
          48 68 0 15 46 0
          13 47 0 136 31 0
          136 32 0 125 20 0
          128 24 0 127 24 0
          83 16 0 84 15 0
          128 57 0 130 57 0
          100 69 0 74 58 0
          26 41 0 26 42 0
          133 38 0 133 37 0
          129 48 0 130 48 0
          109 80 0 111 80 0
          43 49 0 44 49 0
          134 25 0 125 3 0
          126 3 0 159 24 0
          159 23 0 125 47 0
          126 46 0 80 11 0
          123 39 0 50 47 0
          114 23 0 112 23 0
          113 22 0 135 26 0
          73 61 0 68 63 0
          94 24 0 93 26 0
          16 43 0 13 43 0
          85 14 0 2 43 0
          128 47 0 129 46 0
          131 30 0 45 51 0
          51 45 0 51 46 0
          111 81 0 12 44 0
          11 44 0 10 44 0
          82 16 0 145 30 0
          143 31 0 112 80 0
          42 57 0 26 25 0
          147 50 0 5 44 0
          112 48 0 113 46 0
          126 47 0 132 61 0
          133 61 0 21 28 0
          112 46 0 97 7 0
          98 9 0 22 43 0
          24 43 0 111 47 0
          110 15 0 110 17 0
          144 42 0 110 47 0
          119 3 0 114 45 0
          124 30 0 158 25 0
          159 47 0 158 47 0
          46 50 0 11 50 0
          11 49 0 142 22 0
          141 21 0 127 37 0
          129 35 0 30 40 0
          29 40 0 6 44 0
          124 31 0 57 8 0
          115 45 0 116 44 0
          64 71 0 151 6 0
          152 5 0 104 41 0
          36 52 0 130 46 0
          99 59 0 104 16 0
          104 17 0 48 67 0
          131 46 0 63 59 0
          69 2 0 69 1 0
          142 25 0 142 27 0
          8 44 0 152 48 0
          116 43 0 115 0 0
          116 0 0 45 48 0
          46 48 0 43 57 0
          67 64 0 105 18 0
          88 3 0 86 3 0
          126 31 0 125 31 0
          137 48 0 137 49 0
          122 4 0 122 3 0
          81 10 0 108 45 0
          141 24 0 141 23 0
          138 49 0 105 15 0
          139 25 0 138 26 0
          147 21 0 147 20 0
          98 24 0 142 50 0
          143 51 0 45 57 0
          143 65 0 139 65 0
          94 29 0 93 28 0
          90 16 0 86 16 0
          157 47 0 133 59 0
          117 43 0 123 34 0
          123 35 0 111 40 0
          110 40 0 142 24 0
          141 28 0 68 56 0
          63 68 0 65 67 0
          147 19 0 55 68 0
          109 40 0 44 57 0
          86 13 0 48 63 0
          109 41 0 133 60 0
          134 60 0 159 45 0
          127 34 0 127 35 0
          85 2 0 68 32 0
          73 31 0 136 48 0
          49 63 0 126 86 0
          128 85 0 134 63 0
          45 56 0 146 21 0
          112 33 0 113 32 0
          6 48 0 5 47 0
          94 11 0 97 9 0
          83 3 0 84 2 0
          85 1 0 7 46 0
          108 30 0 109 30 0
          117 83 0 102 19 0
          103 19 0 118 37 0
          55 8 0 68 58 0
          67 58 0 65 70 0
          52 58 0 54 57 0
          117 84 0 117 37 0
          115 37 0 116 37 0
          92 28 0 1 47 0
          1 46 0 80 21 0
          80 19 0 20 40 0
          19 40 0 108 23 0
          37 53 0 88 52 0
          89 52 0 86 0 0
          108 22 0 143 40 0
          156 47 0 71 17 0
          71 19 0 84 35 0
          82 36 0 90 24 0
          92 24 0 85 57 0
          82 59 0 69 0 0
          98 10 0 88 73 0
          75 20 0 74 20 0
          6 46 0 54 8 0
          97 25 0 16 49 0
          15 49 0 32 54 0
          32 53 0 119 55 0
          120 56 0 77 65 0
          62 79 0 62 77 0
          116 51 0 36 66 0
          96 27 0 154 47 0
          10 40 0 10 42 0
          115 52 0 91 7 0
          92 7 0 90 3 0
          87 73 0 26 4 0
          28 4 0 125 58 0
          125 59 0 50 64 0
          50 65 0 95 7 0
          73 20 0 94 7 0
          113 84 0 111 36 0
          111 35 0 20 4 0
          19 2 0 24 51 0
          24 52 0 91 3 0
          70 7 0 60 57 0
          61 58 0 129 66 0
          26 48 0 26 47 0
          60 58 0 41 38 0
          43 42 0 78 66 0
          122 56 0 113 85 0
          95 62 0 100 4 0
          99 5 0 87 12 0
          133 48 0 51 26 0
          52 27 0 133 49 0
          72 0 0 82 60 0
          111 53 0 94 1 0
          93 2 0 92 3 0
          138 55 0 137 54 0
          94 63 0 86 9 0
          86 8 0 151 44 0
          153 43 0 70 58 0
          82 55 0 81 62 0
          81 61 0 81 26 0
          81 23 0 95 28 0
          93 3 0 96 18 0
          99 18 0 82 63 0
          81 63 0 53 11 0
          54 9 0 98 0 0
          100 0 0 112 53 0
          85 63 0 84 63 0
          119 54 0 101 80 0
          101 79 0 101 78 0
          101 77 0 21 66 0
          22 67 0 43 65 0
          44 65 0 101 8 0
          20 43 0 125 52 0
          125 54 0 114 55 0
          113 53 0 91 5 0
          136 54 0 126 59 0
          119 52 0 92 63 0
          93 63 0 135 54 0
          85 7 0 35 28 0
          33 27 0 44 44 0
          44 45 0 66 15 0
          68 18 0 91 27 0
          126 58 0 1 37 0
          0 40 0 32 57 0
          123 85 0 123 86 0
          83 74 0 83 73 0
          88 10 0 81 37 0
          90 27 0 123 57 0
          75 19 0 55 62 0
          57 61 0 139 53 0
          100 50 0 100 49 0
          102 22 0 101 22 0
          61 25 0 60 24 0
          49 20 0 51 19 0
          85 72 0 99 81 0
          100 80 0 89 9 0
          12 52 0 132 53 0
          132 54 0 23 53 0
          88 56 0 87 56 0
          99 49 0 53 27 0
          25 50 0 84 19 0
          84 18 0 87 54 0
          120 51 0 86 59 0
          86 58 0 89 70 0
          89 71 0 77 31 0
          75 31 0 90 57 0
          90 56 0 104 81 0
          105 80 0 19 12 0
          15 11 0 27 2 0
          0 35 0 1 35 0
          74 73 0 73 73 0
          80 73 0 79 73 0
          26 50 0 12 34 0
          11 37 0 91 60 0
          92 59 0 80 35 0
          81 34 0 3 62 0
          3 61 0 136 60 0
          135 60 0 82 74 0
          78 74 0 76 74 0
          75 74 0 12 53 0
          136 52 0 135 53 0
          48 1 0 49 0 0
          74 0 0 88 65 0
          87 65 0 75 30 0
          26 49 0 2 61 0
          86 73 0 81 33 0
          13 0 0 15 1 0
          80 32 0 53 21 0
          51 21 0 8 2 0
          10 2 0 60 20 0
          59 18 0 18 53 0
          15 55 0 159 61 0
          158 61 0 90 68 0
          1 60 0 90 67 0
          63 11 0 62 11 0
          79 0 0 79 1 0
          159 88 0 159 87 0
          18 28 0 83 30 0
          83 31 0 53 60 0
          129 63 0 130 63 0
          156 54 0 157 54 0
          158 87 0 78 34 0
          78 33 0 159 105 0
          159 107 0 53 61 0
          51 22 0 81 29 0
          156 87 0 159 108 0
          159 111 0 159 110 0
          159 101 0 159 102 0
          18 0 0 18 1 0
          84 76 0 83 76 0
          72 34 0 71 34 0
          102 50 0 97 80 0
          97 79 0 138 61 0
          138 60 0 86 49 0
          87 50 0 67 1 0
          27 1 0 18 2 0
          61 55 0 60 56 0
          2 51 0 2 50 0
          53 19 0 159 100 0
          59 24 0 75 24 0
          75 23 0 71 76 0
          72 76 0 159 99 0
          73 76 0 73 75 0
          86 22 0 85 21 0
          156 110 0 39 16 0
          40 15 0 17 25 0
          75 37 0 76 36 0
          144 46 0 145 46 0
          46 41 0 46 43 0
          158 54 0 58 24 0
          33 2 0 2 58 0
          158 60 0 156 111 0
          158 97 0 148 96 0
          149 93 0 33 1 0
          23 4 0 77 39 0
          78 38 0 94 43 0
          95 40 0 133 90 0
          135 91 0 16 25 0
          157 59 0 150 88 0
          151 87 0 138 91 0
          129 89 0 155 57 0
          156 57 0 158 55 0
          158 95 0 155 95 0
          57 24 0 75 48 0
          73 49 0 154 87 0
          153 87 0 129 90 0
          143 93 0 144 93 0
          13 30 0 14 29 0
          109 87 0 109 86 0
          118 91 0 118 90 0
          74 3 0 74 2 0
          152 87 0 44 6 0
          42 6 0 22 68 0
          0 63 0 1 62 0
          20 69 0 133 88 0
          133 89 0 46 73 0
          46 72 0 15 29 0
          16 29 0 140 93 0
          140 92 0 133 87 0
          38 0 0 35 1 0
          159 55 0 153 90 0
          115 90 0 156 58 0
          155 94 0 145 93 0
          142 92 0 32 67 0
          34 67 0 63 85 0
          63 84 0 47 23 0
          48 23 0 40 14 0
          59 22 0 58 18 0
          158 57 0 154 93 0
          155 93 0 150 93 0
          70 47 0 70 48 0
          147 93 0 158 92 0
          20 70 0 1 57 0
          12 32 0 158 91 0
          130 90 0 131 90 0
          114 89 0 53 76 0
          53 75 0 153 91 0
          19 24 0 56 25 0
          151 94 0 19 23 0
          154 91 0 4 1 0
          6 1 0 158 116 0
          63 25 0 151 106 0
          152 106 0 0 54 0
          42 16 0 157 116 0
          72 47 0 1 56 0
          48 32 0 49 30 0
          0 56 0 57 76 0
          57 75 0 141 45 0
          141 46 0 144 97 0
          145 97 0 73 50 0
          65 27 0 66 27 0
          11 3 0 48 75 0
          47 74 0 72 49 0
          140 61 0 139 61 0
          10 3 0 62 84 0
          32 25 0 152 99 0
          11 18 0 12 18 0
          142 87 0 141 87 0
          74 47 0 64 26 0
          65 26 0 151 100 0
          16 73 0 4 11 0
          2 12 0 0 55 0
          146 89 0 144 107 0
          144 105 0 51 15 0
          51 14 0 146 88 0
          140 87 0 141 86 0
          44 1 0 45 1 0
          154 52 0 158 70 0
          159 68 0 10 28 0
          82 42 0 82 41 0
          74 46 0 77 48 0
          64 83 0 9 27 0
          8 26 0 79 48 0
          46 4 0 133 94 0
          134 93 0 136 95 0
          136 94 0 13 17 0
          151 83 0 152 82 0
          0 75 0 1 76 0
          62 51 0 63 49 0
          148 56 0 149 54 0
          152 81 0 149 53 0
          148 53 0 152 83 0
          11 25 0 10 25 0
          57 14 0 57 15 0
          49 76 0 49 75 0
          7 26 0 95 45 0
          95 44 0 158 120 0
          158 119 0 64 44 0
          64 45 0 144 102 0
          144 101 0 154 76 0
          153 78 0 31 27 0
          0 3 0 2 3 0
          12 20 0 66 48 0
          67 48 0 140 106 0
          69 51 0 65 45 0
          140 105 0 64 82 0
          88 87 0 89 88 0
          139 72 0 137 71 0
          137 99 0 138 99 0
          158 76 0 155 76 0
          14 11 0 25 13 0
          25 12 0 0 20 0
          2 19 0 8 7 0
          9 6 0 19 31 0
          136 97 0 137 97 0
          18 31 0 158 122 0
          158 121 0 11 23 0
          56 33 0 57 33 0
          93 88 0 92 87 0
          155 80 0 154 80 0
          136 105 0 137 104 0
          10 23 0 6 73 0
          7 72 0 12 21 0
          14 23 0 14 24 0
          10 22 0 38 11 0
          38 9 0 21 32 0
          90 87 0 18 17 0
          103 37 0 104 36 0
          32 72 0 33 72 0
          20 33 0 3 76 0
          8 72 0 59 36 0
          59 35 0 33 48 0
          39 23 0 38 25 0
          151 55 0 151 56 0
          91 88 0 66 46 0
          7 74 0 6 74 0
          24 12 0 92 86 0
          61 82 0 154 78 0
          155 78 0 41 71 0
          42 71 0 147 81 0
          148 82 0 33 73 0
          59 34 0 91 87 0
          59 33 0 43 16 0
          4 17 0 23 11 0
          38 12 0 158 124 0
          158 125 0 142 59 0
          141 60 0 13 60 0
          13 59 0 58 33 0
          50 34 0 50 33 0
          131 102 0 131 101 0
          12 59 0 13 58 0
          159 80 0 159 81 0
          32 71 0 132 105 0
          131 105 0 57 37 0
          43 75 0 44 75 0
          7 71 0 150 77 0
          150 78 0 5 70 0
          48 10 0 48 9 0
          126 98 0 127 98 0
          7 21 0 8 22 0
          158 140 0 158 136 0
          144 58 0 143 58 0
          11 61 0 12 61 0
          32 19 0 32 18 0
          6 19 0 5 20 0
          5 74 0 70 92 0
          71 89 0 63 92 0
          63 91 0 0 12 0
          16 21 0 16 22 0
          31 18 0 121 98 0
          120 98 0 25 58 0
          24 57 0 0 15 0
          1 14 0 54 91 0
          54 92 0 149 69 0
          151 70 0 30 21 0
          63 89 0 63 90 0
          18 18 0 4 28 0
          4 27 0 32 76 0
          33 74 0 46 10 0
          47 10 0 4 19 0
          6 15 0 53 36 0
          52 36 0 15 14 0
          57 30 0 57 31 0
          6 16 0 3 70 0
          4 70 0 66 96 0
          68 93 0 53 90 0
          54 90 0 5 69 0
          149 122 0 150 121 0
          55 92 0 9 65 0
          8 68 0 5 68 0
          4 68 0 73 84 0
          73 87 0 1 70 0
          0 73 0 9 12 0
          39 46 0 38 47 0
          8 59 0 8 60 0
          145 75 0 145 76 0
          146 76 0 0 23 0
          1 23 0 1 25 0
          2 24 0 98 90 0
          98 89 0 15 73 0
          57 93 0 56 93 0
          158 135 0 87 45 0
          87 44 0 51 88 0
          51 89 0 59 92 0
          14 69 0 13 68 0
          72 89 0 73 89 0
          10 82 0 14 81 0
          146 79 0 61 94 0
          62 93 0 158 144 0
          159 144 0 86 44 0
          86 43 0 157 131 0
          158 130 0 39 78 0
          40 78 0 79 89 0
          13 73 0 78 89 0
          73 90 0 158 143 0
          13 72 0 159 145 0
          101 90 0 100 90 0
          84 86 0 158 133 0
          158 134 0 33 10 0
          33 9 0 83 86 0
          28 11 0 27 11 0
          12 69 0 153 139 0
          155 141 0 152 65 0
          152 63 0 73 82 0
          33 21 0 33 20 0
          159 148 0 159 147 0
          51 90 0 30 13 0
          29 12 0 157 133 0
          40 79 0 151 72 0
          153 70 0 153 71 0
          151 71 0 151 131 0
          154 129 0 153 135 0
          153 134 0 78 86 0
          78 85 0 68 41 0
          68 43 0 52 90 0
          69 86 0 70 86 0
          123 110 0 123 109 0
          37 73 0 39 71 0
          41 79 0 61 106 0
          62 107 0 66 87 0
          67 87 0 34 20 0
          98 95 0 98 94 0
          35 20 0 20 58 0
          83 47 0 83 46 0
          19 59 0 63 107 0
          149 159 0 149 157 0
          22 111 0 22 113 0
          60 105 0 60 106 0
          149 156 0 30 84 0
          29 85 0 95 95 0
          152 156 0 154 157 0
          154 156 0 149 136 0
          150 134 0 155 158 0
          155 157 0 15 81 0
          94 95 0 27 34 0
          26 34 0 90 95 0
          91 95 0 64 101 0
          63 101 0 147 135 0
          148 135 0 153 156 0
          158 155 0 157 156 0
          156 158 0 157 157 0
          28 80 0 28 77 0
          158 159 0 156 159 0
          28 75 0 29 75 0
          23 16 0 23 15 0
          26 101 0 24 105 0
          6 121 0 3 120 0
          64 38 0 65 38 0
          48 84 0 49 85 0
          16 78 0 17 77 0
          18 76 0 146 155 0
          147 155 0 140 150 0
          137 149 0 59 103 0
          159 154 0 27 60 0
          148 152 0 148 153 0
          28 60 0 116 110 0
          115 110 0 146 158 0
          147 158 0 139 131 0
          142 131 0 113 109 0
          113 110 0 58 100 0
          58 99 0 138 124 0
          13 77 0 12 77 0
          26 78 0 27 78 0
          61 101 0 62 101 0
          138 125 0 152 150 0
          150 150 0 143 130 0
          144 131 0 7 105 0
          8 100 0 58 102 0
          58 101 0 58 114 0
          61 111 0 10 92 0
          10 87 0 146 150 0
          147 150 0 139 127 0
          139 126 0 28 85 0
          49 86 0 143 135 0
          144 135 0 28 84 0
          143 158 0 144 158 0
          147 148 0 148 149 0
          46 96 0 47 96 0
          138 135 0 138 134 0
          143 145 0 144 145 0
          8 79 0 8 78 0
          27 84 0 93 100 0
          93 99 0 50 86 0
          29 82 0 77 109 0
          77 110 0 48 95 0
          145 145 0 136 148 0
          136 147 0 135 147 0
          26 76 0 27 75 0
          3 116 0 2 116 0
          146 146 0 48 94 0
          100 103 0 99 101 0
          143 143 0 143 144 0
          135 128 0 135 127 0
          23 115 0 22 115 0
          138 155 0 140 152 0
          135 130 0 135 129 0
          143 152 0 133 130 0
          134 129 0 138 145 0
          137 146 0 22 114 0
          2 115 0 108 109 0
          109 110 0 95 115 0
          96 114 0 3 118 0
          78 110 0 110 112 0
          110 111 0 100 105 0
          101 104 0 140 140 0
          141 140 0 135 132 0
          134 133 0 74 108 0
          138 140 0 138 138 0
          131 130 0 132 129 0
          98 115 0 98 114 0
          133 135 0 134 134 0
          97 114 0 98 110 0
          97 110 0 113 115 0
          113 114 0 93 106 0
          95 104 0 99 105 0
          99 112 0 133 140 0
          133 139 0 98 106 0
          97 109 0 18 103 0
          18 102 0 80 98 0
          80 97 0 103 110 0
          105 110 0 3 119 0
          100 107 0 98 108 0
          132 152 0 133 150 0
          19 111 0 135 142 0
          134 141 0 1 82 0
          2 82 0 98 107 0
          83 103 0 82 103 0
          90 103 0 90 102 0
          95 103 0 96 102 0
          138 158 0 139 156 0
          74 107 0 78 100 0
          79 100 0 103 109 0
          102 109 0 125 132 0
          126 130 0 80 100 0
          131 149 0 132 150 0
          90 105 0 90 104 0
          80 99 0 124 127 0
          125 126 0 24 106 0
          73 106 0 70 105 0
          72 105 0 81 103 0
          84 103 0 31 113 0
          34 117 0 125 137 0
          126 138 0 102 114 0
          18 111 0 128 159 0
          125 157 0 132 159 0
          134 159 0 18 100 0
          18 99 0 103 115 0
          16 99 0 57 124 0
          57 125 0 73 105 0
          88 115 0 89 115 0
          87 135 0 88 133 0
          65 112 0 63 111 0
          17 109 0 25 93 0
          25 92 0 83 108 0
          82 106 0 123 138 0
          90 115 0 58 125 0
          55 118 0 56 118 0
          80 120 0 80 119 0
          90 120 0 91 119 0
          121 130 0 122 129 0
          43 88 0 45 87 0
          123 137 0 62 114 0
          61 114 0 77 139 0
          75 141 0 88 110 0
          87 111 0 119 127 0
          120 127 0 91 115 0
          56 121 0 69 104 0
          83 113 0 85 112 0
          68 128 0 66 127 0
          22 101 0 93 120 0
          93 119 0 88 120 0
          89 120 0 86 111 0
          89 117 0 89 116 0
          20 102 0 124 157 0
          80 127 0 81 126 0
          11 123 0 128 156 0
          89 110 0 80 125 0
          121 156 0 123 156 0
          118 130 0 118 129 0
          66 119 0 64 121 0
          126 155 0 125 155 0
          80 115 0 80 116 0
          24 92 0 18 92 0
          18 94 0 118 135 0
          118 133 0 21 101 0
          126 145 0 126 146 0
          42 103 0 44 102 0
          66 126 0 85 110 0
          86 110 0 79 118 0
          80 117 0 125 153 0
          126 154 0 81 116 0
          75 142 0 83 125 0
          82 126 0 18 95 0
          25 96 0 78 125 0
          79 125 0 82 115 0
          1 92 0 0 87 0
          124 148 0 125 148 0
          18 123 0 19 122 0
          66 124 0 12 123 0
          103 120 0 103 119 0
          79 123 0 119 135 0
          23 108 0 119 136 0
          78 122 0 78 123 0
          115 127 0 116 127 0
          65 123 0 123 145 0
          124 145 0 113 125 0
          114 124 0 76 135 0
          16 109 0 73 101 0
          73 102 0 83 130 0
          82 130 0 19 105 0
          123 152 0 124 152 0
          108 120 0 109 120 0
          20 105 0 73 132 0
          73 136 0 83 123 0
          84 122 0 45 110 0
          47 110 0 18 97 0
          83 128 0 82 128 0
          49 101 0 49 100 0
          89 132 0 64 129 0
          115 132 0 116 132 0
          18 89 0 18 90 0
          1 117 0 63 129 0
          93 125 0 91 125 0
          43 113 0 44 112 0
          120 145 0 121 145 0
          86 138 0 87 137 0
          109 127 0 109 126 0
          43 110 0 44 110 0
          51 104 0 52 103 0
          13 119 0 12 119 0
          67 139 0 67 140 0
          67 114 0 66 114 0
          10 128 0 8 126 0
          26 96 0 18 88 0
          88 128 0 87 128 0
          19 87 0 68 115 0
          67 115 0 14 88 0
          13 89 0 47 104 0
          47 103 0 108 125 0
          109 124 0 75 135 0
          109 122 0 109 123 0
          118 145 0 119 145 0
          48 110 0 0 118 0
          75 145 0 75 144 0
          87 132 0 117 157 0
          117 156 0 21 106 0
          20 106 0 77 134 0
          75 130 0 76 129 0
          70 119 0 69 119 0
          73 125 0 74 126 0
          88 130 0 87 131 0
          65 133 0 65 131 0
          76 146 0 75 146 0
          50 117 0 52 118 0
          64 120 0 98 120 0
          99 119 0 63 120 0
          53 128 0 51 129 0
          98 123 0 96 123 0
          21 90 0 90 125 0
          90 124 0 22 89 0
          22 95 0 103 125 0
          103 124 0 64 117 0
          115 157 0 116 157 0
          108 130 0 109 129 0
          69 148 0 70 148 0
          40 85 0 42 84 0
          120 150 0 121 150 0
          105 125 0 106 125 0
          103 130 0 105 130 0
          71 148 0 71 149 0
          68 140 0 116 145 0
          117 145 0 115 148 0
          116 146 0 105 127 0
          105 126 0 21 95 0
          21 96 0 71 150 0
          106 134 0 105 133 0
          68 142 0 50 130 0
          13 128 0 11 130 0
          74 147 0 118 150 0
          119 150 0 3 98 0
          3 99 0 15 89 0
          71 111 0 72 111 0
          104 133 0 108 137 0
          108 136 0 23 97 0
          21 97 0 113 155 0
          114 157 0 48 105 0
          47 105 0 53 109 0
          54 109 0 108 135 0
          73 120 0 73 119 0
          73 118 0 72 118 0
          47 106 0 54 127 0
          105 137 0 0 98 0
          1 98 0 98 130 0
          98 131 0 110 135 0
          109 135 0 95 125 0
          94 125 0 104 138 0
          99 132 0 1 86 0
          1 85 0 105 140 0
          104 140 0 38 87 0
          38 86 0 38 85 0
          39 84 0 20 122 0
          107 136 0 115 143 0
          116 143 0 104 131 0
          36 87 0 37 87 0
          70 110 0 71 110 0
          98 129 0 108 143 0
          108 144 0 4 99 0
          97 136 0 98 137 0
          108 145 0 12 100 0
          12 99 0 34 86 0
          33 86 0 11 132 0
          95 128 0 95 127 0
          99 137 0 113 140 0
          113 139 0 5 101 0
          67 143 0 108 140 0
          108 139 0 98 128 0
          98 127 0 68 136 0
          75 157 0 75 156 0
          68 134 0 61 128 0
          62 128 0 69 152 0
          69 151 0 114 152 0
          114 153 0 67 134 0
          108 141 0 100 139 0
          98 140 0 99 140 0
          105 143 0 105 141 0
          36 92 0 34 92 0
          110 145 0 109 145 0
          113 138 0 114 137 0
          108 148 0 108 146 0
          67 151 0 68 150 0
          12 133 0 110 140 0
          109 141 0 74 156 0
          73 155 0 72 155 0
          39 102 0 40 102 0
          47 119 0 48 118 0
          74 155 0 100 140 0
          89 142 0 89 141 0
          45 115 0 45 114 0
          102 134 0 110 150 0
          109 150 0 72 154 0
          58 138 0 58 137 0
          70 153 0 108 149 0
          12 105 0 11 105 0
          58 135 0 58 136 0
          21 121 0 53 135 0
          54 137 0 108 150 0
          99 142 0 99 141 0
          103 144 0 103 145 0
          59 136 0 93 135 0
          94 135 0 96 140 0
          97 140 0 89 147 0
          89 146 0 60 134 0
          15 120 0 16 120 0
          36 106 0 37 106 0
          77 159 0 76 159 0
          90 145 0 89 145 0
          83 145 0 82 146 0
          14 121 0 72 158 0
          73 158 0 47 122 0
          46 122 0 43 134 0
          44 134 0 80 158 0
          79 158 0 33 92 0
          33 94 0 60 133 0
          61 133 0 33 120 0
          83 150 0 85 149 0
          81 146 0 85 148 0
          86 148 0 64 148 0
          64 146 0 30 92 0
          31 93 0 80 146 0
          78 151 0 45 135 0
          78 152 0 47 132 0
          107 157 0 107 156 0
          35 108 0 38 106 0
          92 145 0 93 145 0
          30 90 0 31 91 0
          30 107 0 31 108 0
          66 154 0 103 150 0
          104 150 0 80 153 0
          79 153 0 81 155 0
          81 156 0 98 148 0
          99 147 0 65 155 0
          90 159 0 92 157 0
          39 107 0 39 106 0
          59 147 0 58 149 0
          87 152 0 87 151 0
          85 151 0 85 152 0
          83 155 0 82 156 0
          58 150 0 85 158 0
          84 158 0 8 112 0
          7 112 0 93 155 0
          98 152 0 98 151 0
          42 121 0 61 147 0
          41 121 0 92 153 0
          92 151 0 87 158 0
          59 151 0 58 151 0
          95 159 0 93 158 0
          85 155 0 84 156 0
          58 155 0 59 155 0
          100 158 0 98 156 0
          94 151 0 95 150 0
          57 154 0 59 152 0
          60 155 0 59 156 0
          88 155 0 88 156 0
          98 155 0 98 154 0
          59 142 0 58 143 0
          39 119 0 40 119 0
          60 157 0 38 115 0
          39 115 0 53 144 0
          54 143 0 56 143 0
          58 154 0 52 138 0
          11 116 0 11 117 0
          51 138 0 0 130 0
          3 128 0 54 145 0
          49 141 0 50 141 0
          50 142 0 53 140 0
          53 139 0 55 140 0
          54 141 0 51 140 0
          38 133 0 38 134 0
          16 138 0 15 137 0
          53 155 0 54 155 0
          39 134 0 41 138 0
          42 137 0 40 134 0
          48 145 0 49 143 0
          49 147 0 48 146 0
          14 137 0 13 136 0
          53 147 0 53 148 0
          52 155 0 33 100 0
          33 99 0 48 150 0
          49 150 0 26 135 0
          27 137 0 51 155 0
          28 137 0 49 151 0
          46 150 0 47 150 0
          48 149 0 46 143 0
          45 143 0 33 126 0
          51 153 0 51 154 0
          33 127 0 24 135 0
          44 142 0 45 142 0
          2 134 0 1 134 0
          0 135 0 33 130 0
          33 128 0 21 131 0
          20 132 0 14 139 0
          1 132 0 11 111 0
          12 110 0 13 140 0
          49 155 0 48 155 0
          22 144 0 22 143 0
          35 130 0 35 129 0
          21 143 0 19 143 0
          20 145 0 21 144 0
          2 139 0 2 140 0
          31 135 0 32 134 0
          47 154 0 22 135 0
          23 135 0 3 140 0
          5 155 0 4 156 0
          46 155 0 24 134 0
          3 150 0 3 151 0
          20 133 0 34 136 0
          34 137 0 15 150 0
          14 150 0 3 153 0
          4 151 0 28 139 0
          13 150 0 37 140 0
          4 157 0 28 140 0
          21 133 0 6 146 0
          6 145 0 8 148 0
          6 150 0 0 138 0
          1 138 0 5 150 0
          0 143 0 1 143 0
          36 140 0 4 155 0
          5 145 0 8 150 0
          8 149 0 18 150 0
          17 150 0 15 147 0
          16 147 0 17 147 0
          27 141 0 19 146 0
          8 145 0 8 146 0
          21 126 0 20 126 0
          23 148 0 21 147 0
          7 144 0 7 147 0
          3 155 0 3 154 0
          43 155 0 44 155 0
          23 127 0 24 127 0
          14 148 0 33 145 0
          32 145 0 10 142 0
          0 137 0 8 155 0
          9 155 0 24 129 0
          23 129 0 10 150 0
          9 150 0 35 143 0
          33 140 0 33 141 0
          34 143 0 5 143 0
          4 143 0 38 150 0
          39 150 0 35 145 0
          34 145 0 42 154 0
          10 155 0 39 153 0
          40 152 0 31 145 0
          41 155 0 32 144 0
          9 152 0 8 152 0
          15 145 0 16 145 0
          23 150 0 23 149 0
          38 148 0 38 149 0
          28 130 0 29 130 0
          34 147 0 34 146 0
          28 145 0 27 145 0
          7 155 0 36 146 0
          36 145 0 38 155 0
          39 155 0 37 147 0
          37 148 0 23 125 0
          23 126 0 33 150 0
          34 150 0 28 150 0
          29 150 0 28 147 0
          30 150 0 18 155 0
          18 154 0 34 158 0
          35 156 0 25 150 0
          24 150 0 33 155 0
          34 155 0 33 152 0
          33 153 0 25 152 0
          25 151 0 28 155 0
          28 154 0 29 158 0
          31 159 0 10 158 0
          28 153 0 21 155 0
          22 155 0 14 158 0
          14 156 0 23 155 0
          19 155 0 10 159 0
          29 152 0 26 155 0
          27 155 0 25 157 0
          22 157 0 19 158 0
          18 158 0 27 116 0
          <InformationKey name="L2_NORM_RANGE" location="vtkDataArray" length="2">
            <Value index="0">
              3
            </Value>
            <Value index="1">
              224.15396494
            </Value>
          </InformationKey>
        </DataArray>
      </Points>
      <Cells>
        <DataArray type="Int64" Name="connectivity" format="ascii" RangeMin="0" RangeMax="2507">
          0 1 2 3 4 5
          6 7 8 9 10 11
          12 13 14 15 16 9
          17 18 19 20 21 22
          23 24 25 26 27 28
          29 7 30 3 31 32
          33 34 35 36 37 38
          39 40 41 28 42 43
          44 45 46 47 48 49
          50 47 51 52 53 54
          55 32 56 57 58 59
          60 61 62 63 64 65
          66 11 67 63 68 5
          69 43 70 71 47 49
          11 1 72 57 73 74
          75 76 77 78 79 80
          81 82 1 83 84 85
          86 87 88 89 90 91
          92 93 94 95 96 97
          98 99 100 101 28 102
          63 20 5 103 104 105
          106 107 108 109 110 111
          112 113 114 115 116 117
          118 115 3 119 120 121
          122 123 124 83 49 59
          125 126 127 128 129 130
          9 131 132 117 83 133
          134 135 136 52 137 138
          52 36 139 26 140 107
          141 142 59 135 143 144
          145 146 147 80 148 149
          115 121 20 150 151 152
          26 18 153 150 154 155
          156 157 158 155 135 159
          160 161 43 93 162 40
          107 102 163 164 165 166
          36 167 168 142 169 170
          80 171 172 85 173 76
          174 152 102 38 76 131
          175 176 177 178 179 180
          181 182 183 184 185 186
          93 187 38 180 188 119
          189 190 191 192 193 194
          180 195 85 159 196 197
          198 133 199 200 201 202
          159 95 203 204 205 176
          119 206 40 206 207 208
          57 105 105 197 209 210
          211 212 213 214 176 215
          95 208 216 217 206 61
          218 219 32 113 142 157
          133 220 150 221 222 171
          223 195 131 101 224 221
          225 226 227 212 228 229
          113 15 155 146 230 231
          232 229 7 82 233 234
          235 236 237 238 239 71
          240 241 221 65 117 242
          71 78 243 99 244 97
          245 246 247 167 197 231
          248 249 250 24 251 130
          252 184 101 253 254 255
          121 256 61 126 257 258
          195 236 157 220 126 258
          231 103 259 87 208 260
          261 262 263 264 65 265
          130 266 267 268 269 270
          220 270 271 272 273 274
          270 234 275 276 18 217
          15 256 277 278 24 279
          212 280 97 202 281 282
          256 276 103 253 258 265
          283 111 284 74 99 285
          78 215 229 286 287 288
          289 123 184 144 290 291
          265 292 202 293 294 295
          296 219 87 246 297 298
          299 300 74 301 302 303
          304 305 82 266 236 161
          217 306 276 307 308 138
          309 310 138 268 311 292
          171 255 312 280 313 278
          314 315 316 317 253 22
          255 260 318 34 280 319
          320 315 321 242 322 323
          234 307 22 323 324 325
          326 319 146 327 323 328
          329 330 331 164 332 333
          260 330 246 178 266 334
          335 285 330 282 178 317
          336 291 337 190 338 334
          144 279 242 339 340 341
          285 342 278 343 344 345
          346 347 348 349 317 350
          282 350 34 343 351 352
          353 354 355 356 315 186
          186 182 357 358 359 166
          360 295 361 362 363 238
          292 364 365 366 367 200
          368 369 166 241 370 45
          307 272 350 354 371 372
          373 374 200 375 111 376
          354 377 378 377 238 379
          380 381 241 358 152 382
          383 384 385 342 343 364
          386 91 272 328 377 387
          388 293 389 382 390 391
          364 89 392 393 394 310
          395 366 182 396 397 352
          398 376 399 400 401 264
          402 403 167 404 89 128
          405 306 91 333 406 407
          408 409 45 410 295 411
          328 412 413 414 415 387
          352 416 128 391 417 418
          387 412 412 419 420 421
          190 422 219 423 424 210
          334 425 426 427 366 428
          429 430 431 432 306 410
          433 327 264 187 434 435
          187 286 436 437 327 438
          439 440 291 427 391 192
          441 442 443 421 215 444
          161 384 279 419 445 407
          446 447 419 404 448 437
          342 449 450 447 451 409
          427 274 404 109 452 453
          192 438 454 455 456 457
          109 403 274 449 384 170
          421 458 459 416 449 425
          460 461 462 463 464 458
          403 440 440 444 465 466
          444 345 467 468 333 411
          469 400 416 470 319 442
          345 339 425 347 358 463
          471 472 310 473 474 475
          339 396 410 476 458 473
          164 301 477 478 407 479
          411 214 376 480 481 482
          483 484 473 485 396 486
          487 486 170 484 488 489
          490 491 347 492 493 428
          494 495 486 485 496 497
          438 325 400 478 498 499
          500 501 502 503 485 504
          505 506 507 508 509 510
          286 511 325 423 512 362
          513 476 478 514 515 516
          517 504 504 516 447 495
          428 518 382 519 520 521
          476 472 484 497 497 470
          522 523 470 457 495 418
          524 489 525 435 526 527
          463 54 442 194 457 528
          362 422 516 528 528 499
          422 510 529 372 530 531
          532 501 293 461 499 341
          533 534 341 430 535 534
          534 298 423 492 472 531
          435 453 489 536 537 538
          501 539 540 468 430 506
          541 375 542 356 437 374
          54 288 453 543 544 545
          510 546 547 548 375 549
          288 262 506 508 550 545
          551 552 553 554 545 555
          556 557 558 249 559 555
          409 560 508 393 555 561
          393 562 268 563 564 565
          531 566 567 568 569 570
          571 572 573 574 575 543
          576 562 194 577 578 579
          580 204 562 560 581 582
          560 538 298 568 492 381
          583 479 584 13 585 527
          13 432 214 586 418 574
          262 455 538 514 514 582
          587 588 589 480 527 590
          455 577 210 591 592 593
          574 305 582 563 372 566
          594 595 543 596 356 597
          577 226 563 590 598 579
          590 599 600 599 601 602
          566 602 468 603 604 519
          605 588 606 607 579 561
          381 303 608 609 610 611
          612 613 614 511 599 613
          568 596 561 615 613 570
          616 617 570 546 618 611
          546 617 588 619 617 609
          609 557 620 621 622 623
          624 300 557 621 625 626
          374 627 511 536 303 539
          628 629 630 631 632 633
          479 615 305 554 634 565
          635 369 539 586 615 636
          637 638 621 638 639 640
          519 518 638 641 642 595
          595 641 643 349 641 636
          644 645 586 466 646 623
          480 647 648 640 554 475
          649 603 603 627 602 503
          536 650 369 491 627 651
          640 652 491 653 636 572
          654 548 461 655 349 591
          572 619 656 657 658 607
          596 523 659 660 611 661
          662 651 619 657 663 664
          548 665 503 666 657 667
          668 669 670 671 672 673
          518 645 674 675 623 667
          607 676 667 669 123 665
          523 677 678 679 466 680
          669 652 681 682 652 682
          682 683 226 684 685 686
          204 687 688 689 690 680
          691 683 692 693 683 679
          694 631 645 687 679 693
          591 686 695 696 697 698
          686 647 699 700 693 701
          432 702 703 704 680 704
          705 676 706 701 249 707
          565 708 709 710 711 712
          713 714 715 716 717 593
          631 521 704 149 718 552
          149 719 720 721 722 677
          723 684 300 724 725 726
          677 482 482 696 727 728
          729 730 687 731 732 733
          701 734 651 666 735 379
          736 724 552 673 737 597
          738 739 676 675 740 734
          741 742 675 743 744 719
          666 702 745 746 747 748
          749 750 673 751 752 721
          753 751 719 754 755 756
          757 758 759 760 761 743
          684 762 702 763 665 653
          647 764 597 626 653 765
          766 767 768 763 769 770
          751 742 734 756 771 731
          772 730 696 671 773 754
          754 774 775 776 777 650
          756 778 763 764 779 780
          781 778 764 728 593 782
          783 716 671 700 700 739
          778 784 785 786 743 787
          788 789 790 774 791 792
          793 794 731 795 728 689
          689 750 716 796 797 798
          739 726 799 800 724 801
          802 787 742 776 750 795
          803 804 626 708 805 806
          807 808 809 810 787 786
          475 767 811 784 650 762
          812 813 730 814 815 816
          784 810 817 818 819 820
          821 822 776 823 767 824
          825 826 774 664 664 818
          827 828 786 829 830 789
          831 748 832 814 810 823
          521 801 818 765 765 816
          833 834 789 835 836 792
          823 829 837 838 795 796
          839 840 841 842 801 843
          721 710 816 844 845 846
          379 847 796 798 708 655
          798 806 806 822 848 849
          850 851 655 794 748 844
          762 852 853 712 844 849
          849 835 854 843 726 824
          843 714 835 855 710 856
          857 858 794 859 860 861
          862 863 792 852 864 865
          829 828 866 867 822 733
          868 851 869 870 852 871
          714 863 814 855 828 871
          733 858 824 846 846 872
          855 826 873 874 871 808
          875 760 876 877 826 870
          301 746 878 861 879 780
          760 880 881 882 858 883
          870 884 885 886 808 661
          887 888 889 890 661 863
          863 707 891 892 893 894
          707 856 856 884 884 874
          874 892 895 896 746 897
          898 899 900 901 892 883
          902 903 883 877 877 886
          886 698 904 880 905 906
          907 908 909 910 698 882
          911 912 913 914 882 901
          901 813 851 915 813 804
          916 903 917 918 804 918
          918 834 834 908 712 910
          908 633 919 872 920 921
          633 859 922 923 859 894
          924 782 925 926 894 926
          927 890 926 914 872 928
          929 912 914 930 931 910
          932 933 910 934 935 936
          903 915 915 930 937 938
          939 940 941 942 930 888
          888 800 943 944 800 945
          912 946 947 945 880 928
          948 949 950 951 952 953
          954 549 945 840 955 956
          840 414 414 921 921 957
          890 934 958 959 960 961
          962 953 963 964 965 966
          967 957 780 968 957 969
          953 970 971 966 972 973
          934 660 974 975 976 977
          978 979 660 964 964 956
          980 981 966 973 928 899
          861 982 983 984 956 969
          973 975 985 986 969 984
          984 979 987 988 782 989
          990 897 991 977 979 949
          992 993 994 995 996 867
          977 758 975 997 949 993
          993 923 923 981 998 865
          999 1000 899 995 1001 1002
          1003 997 1004 1005 1006 1007
          997 1008 1009 1010 981 1005
          549 1011 1012 1013 1005 1014
          1015 1014 1014 842 1016 1017
          842 1000 1018 961 995 906
          867 936 936 968 865 1019
          897 1020 1000 989 1021 946
          1022 944 989 1002 1023 1008
          1008 1024 1025 1026 1027 1020
          1002 959 758 1028 1029 1030
          959 988 1031 1032 1033 1034
          1035 1011 988 1030 944 1036
          1037 1038 1039 1034 1030 1040
          1041 1042 961 1043 1044 1024
          1024 1045 1046 1019 1047 1048
          1020 1028 1049 1050 1051 1040
          1052 1053 1054 1055 1040 1007
          1056 1057 1058 1059 1007 1057
          1057 1013 1060 1061 1062 1038
          1063 1064 1065 820 1066 1067
          1013 986 906 942 820 1068
          1069 1070 1071 1072 1073 1055
          1038 1050 1011 1074 986 1017
          1050 970 1034 1070 1075 1076
          1017 1077 1078 1079 1080 1043
          970 1081 1082 1059 1070 1077
          1077 1076 1083 1042 1084 1045
          1085 1053 1076 847 847 1086
          1087 1088 1089 1090 1053 1086
          1091 1092 1055 1074 1093 1010
          1019 1094 1095 940 1043 1096
          940 1094 1097 1098 1099 1026
          1100 1101 1026 1102 1045 1098
          1098 1103 1086 1102 1042 1036
          1104 1068 1102 1061 1028 1064
          1064 933 946 1067 1067 1105
          942 1106 1036 1096 1107 1103
          1061 1108 1109 1108 1059 1110
          1074 1106 968 1092 1111 1112
          1113 1081 1106 1114 1092 1115
          1108 1110 1103 1116 1117 1114
          1081 1118 1110 1116 1116 1118
          1119 1120 1118 1121 1094 1122
          1123 1124 1114 1125 1010 1126
          1127 1121 1128 1101 1129 1105
          1130 1131 1105 1132 1133 1134
          1135 1136 933 1079 1121 1136
          1137 1138 1136 982 1139 1048
          1140 1141 1079 1142 1143 1144
          982 1072 1072 1088 1101 1145
          1146 1147 1148 938 1088 1124
          1149 1090 1124 1138 1138 951
          1150 838 951 1141 1141 1151
          1152 1153 938 1142 1154 1155
          1048 1156 1157 1158 1159 1151
          1151 1158 1158 1134 1068 1160
          1161 1162 1142 1120 1163 1132
          1132 1125 1134 1164 1165 1166
          1167 1168 1169 1164 1164 1112
          1112 1170 1171 1170 1172 1173
          1096 1174 1175 1176 1125 1177
          1178 1179 1170 1155 1155 1179
          1180 1156 1179 1122 1156 1145
          1122 1173 1145 1181 1090 1182
          1173 770 1183 1184 1185 1181
          1120 1186 1187 1188 1189 1190
          770 1188 1191 1153 1192 1193
          1188 1147 1194 1195 1196 1197
          1198 1199 1147 1190 1200 1193
          1201 1202 1193 1203 1204 1205
          1190 1144 1206 1207 1144 1166
          1208 1209 1210 1184 1211 1212
          1213 1214 1166 1203 1215 1216
          1184 1177 1217 1218 1219 1220
          838 1221 1177 1205 1203 1218
          1222 1223 1218 1207 1153 1224
          1225 1226 1207 1214 1214 1168
          1168 1227 1181 1228 1229 1216
          1230 1227 1227 1228 1231 1182
          1205 1221 1228 1209 1232 1233
          1234 1235 1236 1237 1238 1239
          1209 1202 1240 896 1241 1242
          1243 1244 1202 1237 1237 1186
          1245 1246 1221 1247 1248 1249
          1186 1226 1226 1249 1250 1247
          1251 1252 1249 1252 1247 1253
          1252 629 629 1115 1254 1255
          1256 1257 1258 1259 1260 1261
          1262 1253 1115 1220 1263 1264
          1220 1199 1265 1224 1199 1261
          1266 1267 1224 1268 1261 1259
          1269 1270 1253 1271 1259 1174
          1272 1233 896 1273 1274 1275
          1174 1032 1276 1277 1278 1271
          1271 1268 1279 1195 1280 1264
          1032 1270 1281 1282 1270 1283
          1284 1285 1286 1287 1268 1283
          1288 1257 1216 1289 1290 1291
          1292 1242 1257 1293 1283 1294
          1182 1294 1294 1267 1267 1295
          1296 1295 1297 1298 1295 1293
          1293 1298 1299 1300 1301 1277
          1302 1282 1298 1303 1282 1304
          1233 1303 1305 1126 1303 1212
          1306 1244 1242 1307 1126 1308
          1212 1131 1264 1291 1131 1300
          1300 1309 1310 1309 1309 1275
          1311 1312 1313 1314 1315 1304
          1316 1317 1318 1319 1275 1319
          1320 1321 1322 1323 1277 1324
          1319 1325 1326 1325 1325 1323
          1304 1327 1323 1239 1328 1329
          1291 1330 1239 1321 1331 1332
          1333 1330 1334 1335 1336 1337
          1321 1332 1332 1223 1338 1339
          1223 1312 1340 1341 1312 1314
          1342 1343 1314 1337 1344 1345
          1337 1176 1176 1339 1339 1345
          1346 1347 1348 1349 1345 1317
          1317 1329 1195 1350 1329 1327
          1327 1343 1351 1352 1353 1354
          1355 1162 1343 1287 1356 1357
          1330 1350 1287 1357 1358 1347
          1357 1349 1359 1360 1349 1289
          1361 1362 1289 1360 1360 1197
          1197 1255 1363 1364 1365 1366
          1367 1368 1347 1369 1255 1370
          1371 1370 1372 1273 1373 1374
          1370 1246 1375 1376 1246 1369
          1377 1378 1244 1379 1369 1379
          1379 1374 1374 1380 1381 1382
          1273 1383 1384 1385 1162 1364
          1386 1380 1387 1388 1380 1324
          1324 1383 1389 1390 1391 1392
          1350 1393 1394 1395 1383 1395
          1396 1366 1395 1335 1335 1308
          1308 1235 1235 1382 1366 1392
          1397 1398 1399 1400 1401 1402
          1382 1385 1403 1404 1364 1405
          1385 1307 1406 1407 1307 1400
          1400 1408 1409 1408 1408 1393
          1393 1378 1410 1411 1412 1411
          1413 1414 1378 1388 1388 1407
          1415 1416 1407 1354 1417 1418
          1419 1160 1420 1421 1354 1376
          1422 1341 1376 1416 1423 1424
          1425 1426 1392 1421 1421 1427
          1160 1428 1416 1414 1414 1418
          1418 1404 1429 1428 1404 1405
          1430 1431 1432 1433 1411 1434
          1435 1436 1405 1434 1434 1436
          1437 1438 1439 1440 1441 1442
          1443 1444 1436 1445 1428 1446
          1447 1445 1448 1431 1431 1402
          1341 1449 1450 1446 1451 1438
          1445 1452 1453 1452 1452 1454
          1402 1352 1455 1456 1457 1458
          1438 1449 1459 1454 1460 1461
          1446 1462 1454 1458 1458 1427
          1463 1464 1427 1398 1398 1442
          1465 1466 1352 1467 1468 1469
          1449 1456 1442 1462 1462 1440
          1470 1471 1472 1426 1473 1474
          1440 1424 1424 1475 1456 1475
          1476 1444 1475 1467 1467 1285
          1285 1390 1390 1469 1469 1477
          1478 1479 1480 1477 1477 1479
          1479 1471 1481 1482 1483 1484
          1485 1486 1471 1466 1487 1488
          1466 1461 1461 1362 1426 1489
          1490 1491 1362 1489 1489 1474
          1474 1486 1486 1488 1488 1482
          1492 1493 1482 1493 1493 1368
          1494 1495 1368 1464 1444 1496
          1464 1496 1497 1498 1496 1484
          1484 1499 1500 1499 1499 1501
          1502 1503 1504 1501 1501 1495
          1495 1505 1506 1507 1508 1505
          1509 1498 1505 1507 1507 1491
          1510 1511 1512 1513 1491 1503
          1514 1515 1516 1511 1498 1515
          1517 1518 1503 1519 1511 1520
          1521 1522 1523 1524 1525 1526
          1527 1433 1528 1519 1529 1530
          1531 1532 1519 1524 1524 1533
          1534 1533 1535 1536 1537 1522
          1522 1526 1533 1536 1538 1539
          1526 1540 1541 1540 1536 1532
          1542 1543 1544 1545 1546 1547
          1548 1549 1550 1551 1552 1553
          1532 1549 1554 1555 1549 1530
          1556 1557 1433 1558 1530 1555
          1559 1560 1540 1545 1561 1562
          1545 1539 1539 1520 1563 1564
          1515 1565 1520 1566 1555 1567
          1568 1569 1570 1567 1567 1571
          1572 1571 1571 1566 1573 1574
          1575 1576 1577 1578 1579 1580
          1566 1580 1580 1578 1578 1569
          1569 1574 1574 1562 1562 1581
          1582 1583 1584 1585 1586 1587
          1588 1581 1589 1590 1581 1547
          1591 1592 1547 1583 1593 1594
          1595 1596 1583 1543 1543 1590
          1597 1598 1599 1600 1601 1602
          1590 1560 1603 1604 1560 1604
          1605 1518 1606 1557 1607 1608
          1604 1602 1602 1596 1518 1609
          1596 1587 1587 1592 1592 1608
          1608 1565 1610 1611 1612 1613
          1614 1615 1565 1611 1616 1617
          1618 1619 1611 1558 1558 1576
          1620 1621 1576 1621 1621 1613
          1622 1609 1613 1617 1623 1624
          1617 1585 1557 1625 1585 1624
          1609 1626 1627 1628 1629 1615
          1630 1619 1631 1632 1633 1632
          1634 1635 1632 1564 1636 1637
          1619 1638 1624 1638 1638 1639
          1615 1639 1640 1641 1642 1643
          1639 1643 1644 1645 1643 1625
          1625 1635 1646 1647 1648 1649
          1650 1651 1635 1645 1564 1652
          1645 1641 1653 1654 1655 1656
          1657 1513 1658 1637 1641 1651
          1651 1652 1659 1660 1661 1662
          1637 1663 1664 1628 1513 1647
          1665 1666 1652 1654 1654 1660
          1667 1668 1669 1670 1660 1666
          1666 1598 1598 1671 1672 1671
          1671 1649 1628 1673 1674 1675
          1676 1677 1678 1679 1649 1670
          1670 1656 1680 1681 1682 1662
          1656 1675 1675 1677 1683 1684
          1677 1681 1662 1679 1685 1686
          1681 1686 1686 1668 1687 1688
          1668 1689 1679 1690 1691 1692
          1693 1689 1689 1626 1694 1684
          1695 1696 1697 1698 1699 1700
          1701 1663 1702 1703 1704 1705
          1684 1703 1647 1706 1707 1708
          1709 1710 1626 1711 1703 1711
          1712 1713 1714 1715 1711 1715
          1716 1717 1718 1719 1715 1698
          1698 1692 1720 1673 1692 1717
          1717 1700 1721 1722 1700 1710
          1710 1723 1724 1723 1723 1690
          1725 1726 1727 1722 1728 1729
          1730 1731 1690 1688 1688 1731
          1722 1732 1731 1732 1732 1705
          1733 1734 1705 1708 1708 1734
          1735 1551 1673 1736 1734 1729
          1737 1738 1729 1719 1739 1713
          1719 1740 1713 1740 1740 1726
          1741 1742 1743 1744 1726 1745
          1746 1706 1747 1748 1749 1750
          1751 1752 1753 1745 1754 1752
          1663 1553 1755 1756 1757 1736
          1758 1759 1760 1761 1762 1763
          1706 1764 1765 1766 1752 1696
          1745 1744 1767 1768 1744 1769
          1770 1759 1771 1756 1772 1773
          1774 1775 1736 1738 1776 1777
          1778 1779 1780 1781 1782 1769
          1769 1763 1783 1784 1785 1786
          1787 1788 1789 1790 1763 1779
          1779 1791 1756 1792 1738 1793
          1759 1791 1794 1795 1796 1797
          1551 1798 1791 1784 1799 1800
          1801 1802 1803 1788 1804 1805
          1784 1790 1790 1773 1696 1806
          1773 1805 1805 1777 1807 1748
          1808 1809 1553 1810 1748 1811
          1777 1793 1788 1812 1813 1809
          1793 1750 1814 1815 1750 1802
          1816 1817 1802 1768 1768 1812
          1818 1819 1812 1800 1820 1821
          1800 1811 1822 1823 1824 1766
          1825 1826 1827 1828 1829 1798
          1811 1817 1817 1795 1830 1831
          1832 1833 1834 1797 1795 1815
          1835 1836 1837 1838 1839 1840
          1841 1823 1815 1821 1821 1831
          1842 1786 1831 1836 1836 1840
          1798 1806 1843 1844 1845 1826
          1766 1846 1847 1848 1823 1849
          1850 1851 1840 1849 1852 1853
          1849 1838 1854 1855 1838 1775
          1809 1848 1797 1856 1775 1853
          1857 1810 1853 1828 1858 1859
          1848 1860 1828 1861 1806 1862
          1863 1861 1864 1865 1866 1867
          1861 1860 1868 1856 1869 1870
          1860 1867 1867 1781 1781 1844
          1871 1872 1844 1865 1865 1870
          1786 1873 1870 1872 1874 1764
          1875 1876 1764 1862 1877 1878
          1862 1879 1880 1881 1882 1883
          1884 1879 1885 1886 1872 1881
          1881 1859 1859 1883 1887 1888
          1889 1890 1879 1891 1883 1888
          1888 1876 1892 1893 1894 1895
          1896 1761 1856 1897 1898 1899
          1876 1600 1900 1901 1600 1895
          1826 1901 1810 1902 1903 1897
          1904 1905 1895 1899 1897 1819
          1899 1893 1906 1907 1908 1909
          1910 1911 1912 1913 1914 1915
          1893 1878 1878 1909 1916 1917
          1918 1919 1920 1921 1922 1923
          1924 1925 1926 1846 1901 1927
          1928 1929 1930 1927 1931 1932
          1933 1934 1935 1936 1937 1938
          1939 1873 1761 1911 1909 1917
          1940 1941 1942 1943 1873 1886
          1917 1941 1941 1938 1927 1891
          1944 1890 1945 1902 1946 1947
          1911 1948 1949 1950 1951 1952
          1902 1919 1886 1953 1954 1955
          1938 1923 1923 1932 1956 1957
          1958 1959 1960 1961 1932 1943
          1943 1913 1962 1963 1913 1929
          1964 1965 1966 1967 1929 1959
          1959 1936 1819 1968 1936 1833
          1969 1970 1833 1934 1934 1970
          1970 1953 1971 1968 1953 1955
          1972 1973 1974 1975 1955 1961
          1891 1952 1961 1948 1948 1947
          1947 1965 1965 1950 1890 1915
          1952 1976 1977 1978 1979 1976
          1846 1980 1981 1982 1950 1978
          1968 1983 1984 1985 1978 1985
          1986 1987 1988 1989 1990 1991
          1992 1993 1985 1905 1905 1982
          1994 1995 1982 1995 1996 1997
          1995 1983 1998 1999 1983 1993
          2000 1921 2001 2002 1993 1957
          2003 2004 2005 2006 1915 1907
          2007 2008 2009 1999 1976 2008
          2010 2011 1957 1987 1921 2012
          2013 1973 2014 2015 1999 2016
          1987 1975 1919 1925 2017 2018
          2019 2020 2008 2021 2022 2023
          2024 2011 1975 1963 2025 2026
          2027 2028 2029 2030 1963 1967
          2031 2032 1967 2018 2033 2034
          2035 2026 2018 2002 1925 2015
          2002 2006 2036 2037 2006 2021
          2038 2039 1907 2040 1973 2041
          2011 2042 2043 2044 2021 2039
          2045 2046 2039 2016 2016 1991
          2047 2048 2049 2050 1991 2004
          2051 2042 2004 1792 2052 2046
          2053 2054 1792 2050 2055 2056
          2057 2058 2059 2060 2050 2030
          2061 1855 2030 1989 1989 2037
          2026 2062 2037 1997 2042 2062
          2063 2064 1997 2023 2023 2032
          2062 2065 2066 2067 2068 2069
          2032 2065 2046 2070 2071 2072
          2073 2020 2065 2054 2054 2064
          2074 2075 2064 2056 2020 2044
          2076 2072 2056 2048 2048 2069
          2077 2078 2069 2034 2034 1980
          2079 2080 2015 2081 1980 2080
          2082 2083 2080 2028 2028 2040
          2084 2075 2085 2086 2040 2083
          2044 2087 2088 2012 2083 2041
          2089 2090 2091 2092 2012 2093
          2094 2095 2041 2093 2093 2096
          2097 2098 2099 2100 2101 2102
          2103 2096 2072 2104 2075 2105
          2106 2107 2108 2109 2096 2102
          2102 2090 2110 2111 2112 2113
          2114 2115 2090 2060 2060 2100
          2100 2104 2116 2117 2104 2109
          2109 2092 2118 2119 2092 2115
          2115 2119 2119 2058 2058 2086
          2120 2081 2121 2122 2123 2095
          2124 2125 2086 2117 2117 2098
          2098 2078 2126 2127 2078 2122
          2128 2129 2095 2130 2122 2129
          2129 2070 2070 2113 2113 2067
          2131 2105 2132 2133 2067 2133
          2134 2135 2105 2136 2137 2138
          2133 2136 2139 2125 2140 2141
          2125 2142 2136 2143 2144 2145
          2146 2147 1855 2148 2149 2150
          2151 2143 2143 2107 2152 2153
          2107 2148 2148 2138 2138 2135
          2135 1851 1851 2153 2153 2142
          2142 2154 2155 2154 2156 2147
          2157 2158 2154 2130 2159 2160
          2147 2141 2130 2160 2161 2162
          2160 1594 2141 2163 2164 2165
          1594 2127 2127 2145 2166 2167
          2168 2169 2170 2171 2145 2158
          2172 2173 2158 2169 2081 2174
          2175 2176 2177 2178 2179 2180
          2169 2171 2171 2176 2181 2182
          2183 2111 2176 2162 2162 2184
          2111 2184 2184 2087 2185 2186
          2087 2186 2187 1742 2188 2189
          2190 2173 2191 2192 2193 2194
          2195 2196 2173 2197 2186 2178
          2178 2165 2165 2197 2197 2198
          2199 2180 2200 2198 2198 2192
          2180 2201 2192 2163 2202 2203
          2163 2196 2196 2194 1742 2204
          2194 2182 2182 2203 2205 2167
          2203 2206 2207 2206 2206 2174
          2208 2209 2174 2189 2210 2211
          2189 2201 2201 2212 2213 2214
          2215 2216 2217 2218 2219 2220
          2221 2212 2222 2223 2224 2225
          2212 2150 2150 2214 2214 2218
          2226 2227 2218 2216 2228 2229
          2216 2230 2231 2230 2230 2220
          2220 2209 2167 2225 2232 2233
          2209 2229 2229 2225 2234 2227
          2235 2236 2237 2238 2239 2223
          2225 2236 2236 2233 2240 2241
          2233 2204 2204 2242 2227 2243
          2244 2242 2242 2243 2245 2246
          2223 2247 2248 2249 2250 2251
          2243 2247 2252 2253 2254 2255
          2247 2246 2256 2257 2246 2251
          2251 2249 2249 2258 2259 2258
          2260 2261 2258 2253 2262 2263
          2253 2211 2211 2241 2241 2238
          2264 2265 2266 2267 2238 2268
          2269 2268 2268 2265 2265 2267
          2270 2271 2272 2263 2267 2271
          2271 2261 2273 2274 2263 2255
          2275 2276 2277 2276 2261 2257
          2257 2278 2255 2278 2278 2279
          2280 2281 2282 2279 2283 2284
          2279 2281 2276 2285 2286 2287
          2288 2287 2289 2290 2281 2274
          2274 2290 2290 2285 2285 2291
          2292 2291 2287 2293 2291 2293
          2294 2295 2296 2297 2298 2299
          2300 2295 2301 2302 2295 2303
          2304 2305 2306 2307 2293 2299
          2299 2303 2303 2305 2308 2309
          2305 2310 2311 2310 2310 2307
          2307 2302 2302 2309 2309 2297
          2297 2312 2313 2314 2315 2316
          2317 2318 2319 2312 2320 2318
          2312 2314 2321 2316 2322 2323
          2316 2324 2314 2325 2326 2325
          2325 2324 2324 2284 2284 2327
          2328 2329 2330 2327 2318 2331
          2332 2333 2327 2329 2329 2333
          2334 2335 2336 2335 2333 2323
          2337 2338 2339 2340 2323 2341
          2335 2342 2343 2344 2345 2341
          2341 2338 2338 2346 2347 2346
          2346 2344 2348 2349 2350 2351
          2344 2342 2352 2349 2342 2351
          2349 2353 2354 2355 2351 2353
          2356 2357 2358 2359 2353 2355
          2355 2360 2361 2362 2363 2357
          2364 2365 2366 2360 2360 2359
          2367 2331 2368 2369 2370 2340
          2359 2371 2372 2371 2373 2374
          2375 2376 2331 2377 2378 2374
          2371 2379 2380 2365 2381 2377
          2377 2362 2362 2382 2383 2384
          2385 2386 2387 2388 2389 2386
          2390 2391 2392 2379 2365 2393
          2394 2384 2395 2396 2397 2398
          2399 2400 2401 2400 2357 2391
          2379 2402 2386 2376 2400 2403
          2391 2388 2376 2369 2404 2405
          2406 2407 2340 2382 2408 2409
          2410 2384 2382 2402 2384 2411
          2402 2403 2403 2407 2412 2413
          2414 2415 2369 2413 2413 2405
          2416 2417 2407 2415 2415 2418
          2419 2420 2405 2411 2411 2396
          2374 2418 2396 2393 2393 2421
          2388 2422 2418 2409 2409 2398
          2398 2422 2423 2424 2425 2426
          2427 2428 2422 2429 2430 2431
          2432 2429 2433 2434 2435 2436
          2429 2421 2437 2438 2421 2434
          2434 2439 2440 2424 2441 2442
          2443 2420 2444 2439 2439 2445
          2420 2445 2446 2447 2448 2449
          2450 2451 2452 2453 2445 2428
          2428 2438 2438 2451 2451 2426
          2454 2455 2426 2442 2442 2449
          2456 2457 2458 2459 2449 2447
          2447 2436 2436 2453 2453 2457
          2457 2460 2461 2462 2424 2460
          2460 2462 2463 2464 2462 2464
          2465 2466 2464 2431 2467 2468
          2431 2459 2459 2466 2466 2417
          2417 2468 2469 2470 2471 2472
          2468 2473 2474 2472 2472 2473
          2475 2476 2477 2478 2473 2470
          2470 2455 2455 2478 2479 2480
          2478 2480 2481 2482 2480 2483
          2484 2483 2485 2486 2483 2486
          2487 2488 2486 2476 2489 2490
          2476 2491 2492 2488 2493 2494
          2495 2496 2497 2494 2494 2498
          2499 2491 2491 2482 2488 2500
          2482 2496 2496 2500 2501 2502
          2500 2490 2503 2504 2490 2502
          2502 2498 2498 2504 2505 2506
          2504 2506 2506 2507
        </DataArray>
        <DataArray type="Int64" Name="offsets" format="ascii" RangeMin="2" RangeMax="5014">
          2 4 6 8 10 12
          14 16 18 20 22 24
          26 28 30 32 34 36
          38 40 42 44 46 48
          50 52 54 56 58 60
          62 64 66 68 70 72
          74 76 78 80 82 84
          86 88 90 92 94 96
          98 100 102 104 106 108
          110 112 114 116 118 120
          122 124 126 128 130 132
          134 136 138 140 142 144
          146 148 150 152 154 156
          158 160 162 164 166 168
          170 172 174 176 178 180
          182 184 186 188 190 192
          194 196 198 200 202 204
          206 208 210 212 214 216
          218 220 222 224 226 228
          230 232 234 236 238 240
          242 244 246 248 250 252
          254 256 258 260 262 264
          266 268 270 272 274 276
          278 280 282 284 286 288
          290 292 294 296 298 300
          302 304 306 308 310 312
          314 316 318 320 322 324
          326 328 330 332 334 336
          338 340 342 344 346 348
          350 352 354 356 358 360
          362 364 366 368 370 372
          374 376 378 380 382 384
          386 388 390 392 394 396
          398 400 402 404 406 408
          410 412 414 416 418 420
          422 424 426 428 430 432
          434 436 438 440 442 444
          446 448 450 452 454 456
          458 460 462 464 466 468
          470 472 474 476 478 480
          482 484 486 488 490 492
          494 496 498 500 502 504
          506 508 510 512 514 516
          518 520 522 524 526 528
          530 532 534 536 538 540
          542 544 546 548 550 552
          554 556 558 560 562 564
          566 568 570 572 574 576
          578 580 582 584 586 588
          590 592 594 596 598 600
          602 604 606 608 610 612
          614 616 618 620 622 624
          626 628 630 632 634 636
          638 640 642 644 646 648
          650 652 654 656 658 660
          662 664 666 668 670 672
          674 676 678 680 682 684
          686 688 690 692 694 696
          698 700 702 704 706 708
          710 712 714 716 718 720
          722 724 726 728 730 732
          734 736 738 740 742 744
          746 748 750 752 754 756
          758 760 762 764 766 768
          770 772 774 776 778 780
          782 784 786 788 790 792
          794 796 798 800 802 804
          806 808 810 812 814 816
          818 820 822 824 826 828
          830 832 834 836 838 840
          842 844 846 848 850 852
          854 856 858 860 862 864
          866 868 870 872 874 876
          878 880 882 884 886 888
          890 892 894 896 898 900
          902 904 906 908 910 912
          914 916 918 920 922 924
          926 928 930 932 934 936
          938 940 942 944 946 948
          950 952 954 956 958 960
          962 964 966 968 970 972
          974 976 978 980 982 984
          986 988 990 992 994 996
          998 1000 1002 1004 1006 1008
          1010 1012 1014 1016 1018 1020
          1022 1024 1026 1028 1030 1032
          1034 1036 1038 1040 1042 1044
          1046 1048 1050 1052 1054 1056
          1058 1060 1062 1064 1066 1068
          1070 1072 1074 1076 1078 1080
          1082 1084 1086 1088 1090 1092
          1094 1096 1098 1100 1102 1104
          1106 1108 1110 1112 1114 1116
          1118 1120 1122 1124 1126 1128
          1130 1132 1134 1136 1138 1140
          1142 1144 1146 1148 1150 1152
          1154 1156 1158 1160 1162 1164
          1166 1168 1170 1172 1174 1176
          1178 1180 1182 1184 1186 1188
          1190 1192 1194 1196 1198 1200
          1202 1204 1206 1208 1210 1212
          1214 1216 1218 1220 1222 1224
          1226 1228 1230 1232 1234 1236
          1238 1240 1242 1244 1246 1248
          1250 1252 1254 1256 1258 1260
          1262 1264 1266 1268 1270 1272
          1274 1276 1278 1280 1282 1284
          1286 1288 1290 1292 1294 1296
          1298 1300 1302 1304 1306 1308
          1310 1312 1314 1316 1318 1320
          1322 1324 1326 1328 1330 1332
          1334 1336 1338 1340 1342 1344
          1346 1348 1350 1352 1354 1356
          1358 1360 1362 1364 1366 1368
          1370 1372 1374 1376 1378 1380
          1382 1384 1386 1388 1390 1392
          1394 1396 1398 1400 1402 1404
          1406 1408 1410 1412 1414 1416
          1418 1420 1422 1424 1426 1428
          1430 1432 1434 1436 1438 1440
          1442 1444 1446 1448 1450 1452
          1454 1456 1458 1460 1462 1464
          1466 1468 1470 1472 1474 1476
          1478 1480 1482 1484 1486 1488
          1490 1492 1494 1496 1498 1500
          1502 1504 1506 1508 1510 1512
          1514 1516 1518 1520 1522 1524
          1526 1528 1530 1532 1534 1536
          1538 1540 1542 1544 1546 1548
          1550 1552 1554 1556 1558 1560
          1562 1564 1566 1568 1570 1572
          1574 1576 1578 1580 1582 1584
          1586 1588 1590 1592 1594 1596
          1598 1600 1602 1604 1606 1608
          1610 1612 1614 1616 1618 1620
          1622 1624 1626 1628 1630 1632
          1634 1636 1638 1640 1642 1644
          1646 1648 1650 1652 1654 1656
          1658 1660 1662 1664 1666 1668
          1670 1672 1674 1676 1678 1680
          1682 1684 1686 1688 1690 1692
          1694 1696 1698 1700 1702 1704
          1706 1708 1710 1712 1714 1716
          1718 1720 1722 1724 1726 1728
          1730 1732 1734 1736 1738 1740
          1742 1744 1746 1748 1750 1752
          1754 1756 1758 1760 1762 1764
          1766 1768 1770 1772 1774 1776
          1778 1780 1782 1784 1786 1788
          1790 1792 1794 1796 1798 1800
          1802 1804 1806 1808 1810 1812
          1814 1816 1818 1820 1822 1824
          1826 1828 1830 1832 1834 1836
          1838 1840 1842 1844 1846 1848
          1850 1852 1854 1856 1858 1860
          1862 1864 1866 1868 1870 1872
          1874 1876 1878 1880 1882 1884
          1886 1888 1890 1892 1894 1896
          1898 1900 1902 1904 1906 1908
          1910 1912 1914 1916 1918 1920
          1922 1924 1926 1928 1930 1932
          1934 1936 1938 1940 1942 1944
          1946 1948 1950 1952 1954 1956
          1958 1960 1962 1964 1966 1968
          1970 1972 1974 1976 1978 1980
          1982 1984 1986 1988 1990 1992
          1994 1996 1998 2000 2002 2004
          2006 2008 2010 2012 2014 2016
          2018 2020 2022 2024 2026 2028
          2030 2032 2034 2036 2038 2040
          2042 2044 2046 2048 2050 2052
          2054 2056 2058 2060 2062 2064
          2066 2068 2070 2072 2074 2076
          2078 2080 2082 2084 2086 2088
          2090 2092 2094 2096 2098 2100
          2102 2104 2106 2108 2110 2112
          2114 2116 2118 2120 2122 2124
          2126 2128 2130 2132 2134 2136
          2138 2140 2142 2144 2146 2148
          2150 2152 2154 2156 2158 2160
          2162 2164 2166 2168 2170 2172
          2174 2176 2178 2180 2182 2184
          2186 2188 2190 2192 2194 2196
          2198 2200 2202 2204 2206 2208
          2210 2212 2214 2216 2218 2220
          2222 2224 2226 2228 2230 2232
          2234 2236 2238 2240 2242 2244
          2246 2248 2250 2252 2254 2256
          2258 2260 2262 2264 2266 2268
          2270 2272 2274 2276 2278 2280
          2282 2284 2286 2288 2290 2292
          2294 2296 2298 2300 2302 2304
          2306 2308 2310 2312 2314 2316
          2318 2320 2322 2324 2326 2328
          2330 2332 2334 2336 2338 2340
          2342 2344 2346 2348 2350 2352
          2354 2356 2358 2360 2362 2364
          2366 2368 2370 2372 2374 2376
          2378 2380 2382 2384 2386 2388
          2390 2392 2394 2396 2398 2400
          2402 2404 2406 2408 2410 2412
          2414 2416 2418 2420 2422 2424
          2426 2428 2430 2432 2434 2436
          2438 2440 2442 2444 2446 2448
          2450 2452 2454 2456 2458 2460
          2462 2464 2466 2468 2470 2472
          2474 2476 2478 2480 2482 2484
          2486 2488 2490 2492 2494 2496
          2498 2500 2502 2504 2506 2508
          2510 2512 2514 2516 2518 2520
          2522 2524 2526 2528 2530 2532
          2534 2536 2538 2540 2542 2544
          2546 2548 2550 2552 2554 2556
          2558 2560 2562 2564 2566 2568
          2570 2572 2574 2576 2578 2580
          2582 2584 2586 2588 2590 2592
          2594 2596 2598 2600 2602 2604
          2606 2608 2610 2612 2614 2616
          2618 2620 2622 2624 2626 2628
          2630 2632 2634 2636 2638 2640
          2642 2644 2646 2648 2650 2652
          2654 2656 2658 2660 2662 2664
          2666 2668 2670 2672 2674 2676
          2678 2680 2682 2684 2686 2688
          2690 2692 2694 2696 2698 2700
          2702 2704 2706 2708 2710 2712
          2714 2716 2718 2720 2722 2724
          2726 2728 2730 2732 2734 2736
          2738 2740 2742 2744 2746 2748
          2750 2752 2754 2756 2758 2760
          2762 2764 2766 2768 2770 2772
          2774 2776 2778 2780 2782 2784
          2786 2788 2790 2792 2794 2796
          2798 2800 2802 2804 2806 2808
          2810 2812 2814 2816 2818 2820
          2822 2824 2826 2828 2830 2832
          2834 2836 2838 2840 2842 2844
          2846 2848 2850 2852 2854 2856
          2858 2860 2862 2864 2866 2868
          2870 2872 2874 2876 2878 2880
          2882 2884 2886 2888 2890 2892
          2894 2896 2898 2900 2902 2904
          2906 2908 2910 2912 2914 2916
          2918 2920 2922 2924 2926 2928
          2930 2932 2934 2936 2938 2940
          2942 2944 2946 2948 2950 2952
          2954 2956 2958 2960 2962 2964
          2966 2968 2970 2972 2974 2976
          2978 2980 2982 2984 2986 2988
          2990 2992 2994 2996 2998 3000
          3002 3004 3006 3008 3010 3012
          3014 3016 3018 3020 3022 3024
          3026 3028 3030 3032 3034 3036
          3038 3040 3042 3044 3046 3048
          3050 3052 3054 3056 3058 3060
          3062 3064 3066 3068 3070 3072
          3074 3076 3078 3080 3082 3084
          3086 3088 3090 3092 3094 3096
          3098 3100 3102 3104 3106 3108
          3110 3112 3114 3116 3118 3120
          3122 3124 3126 3128 3130 3132
          3134 3136 3138 3140 3142 3144
          3146 3148 3150 3152 3154 3156
          3158 3160 3162 3164 3166 3168
          3170 3172 3174 3176 3178 3180
          3182 3184 3186 3188 3190 3192
          3194 3196 3198 3200 3202 3204
          3206 3208 3210 3212 3214 3216
          3218 3220 3222 3224 3226 3228
          3230 3232 3234 3236 3238 3240
          3242 3244 3246 3248 3250 3252
          3254 3256 3258 3260 3262 3264
          3266 3268 3270 3272 3274 3276
          3278 3280 3282 3284 3286 3288
          3290 3292 3294 3296 3298 3300
          3302 3304 3306 3308 3310 3312
          3314 3316 3318 3320 3322 3324
          3326 3328 3330 3332 3334 3336
          3338 3340 3342 3344 3346 3348
          3350 3352 3354 3356 3358 3360
          3362 3364 3366 3368 3370 3372
          3374 3376 3378 3380 3382 3384
          3386 3388 3390 3392 3394 3396
          3398 3400 3402 3404 3406 3408
          3410 3412 3414 3416 3418 3420
          3422 3424 3426 3428 3430 3432
          3434 3436 3438 3440 3442 3444
          3446 3448 3450 3452 3454 3456
          3458 3460 3462 3464 3466 3468
          3470 3472 3474 3476 3478 3480
          3482 3484 3486 3488 3490 3492
          3494 3496 3498 3500 3502 3504
          3506 3508 3510 3512 3514 3516
          3518 3520 3522 3524 3526 3528
          3530 3532 3534 3536 3538 3540
          3542 3544 3546 3548 3550 3552
          3554 3556 3558 3560 3562 3564
          3566 3568 3570 3572 3574 3576
          3578 3580 3582 3584 3586 3588
          3590 3592 3594 3596 3598 3600
          3602 3604 3606 3608 3610 3612
          3614 3616 3618 3620 3622 3624
          3626 3628 3630 3632 3634 3636
          3638 3640 3642 3644 3646 3648
          3650 3652 3654 3656 3658 3660
          3662 3664 3666 3668 3670 3672
          3674 3676 3678 3680 3682 3684
          3686 3688 3690 3692 3694 3696
          3698 3700 3702 3704 3706 3708
          3710 3712 3714 3716 3718 3720
          3722 3724 3726 3728 3730 3732
          3734 3736 3738 3740 3742 3744
          3746 3748 3750 3752 3754 3756
          3758 3760 3762 3764 3766 3768
          3770 3772 3774 3776 3778 3780
          3782 3784 3786 3788 3790 3792
          3794 3796 3798 3800 3802 3804
          3806 3808 3810 3812 3814 3816
          3818 3820 3822 3824 3826 3828
          3830 3832 3834 3836 3838 3840
          3842 3844 3846 3848 3850 3852
          3854 3856 3858 3860 3862 3864
          3866 3868 3870 3872 3874 3876
          3878 3880 3882 3884 3886 3888
          3890 3892 3894 3896 3898 3900
          3902 3904 3906 3908 3910 3912
          3914 3916 3918 3920 3922 3924
          3926 3928 3930 3932 3934 3936
          3938 3940 3942 3944 3946 3948
          3950 3952 3954 3956 3958 3960
          3962 3964 3966 3968 3970 3972
          3974 3976 3978 3980 3982 3984
          3986 3988 3990 3992 3994 3996
          3998 4000 4002 4004 4006 4008
          4010 4012 4014 4016 4018 4020
          4022 4024 4026 4028 4030 4032
          4034 4036 4038 4040 4042 4044
          4046 4048 4050 4052 4054 4056
          4058 4060 4062 4064 4066 4068
          4070 4072 4074 4076 4078 4080
          4082 4084 4086 4088 4090 4092
          4094 4096 4098 4100 4102 4104
          4106 4108 4110 4112 4114 4116
          4118 4120 4122 4124 4126 4128
          4130 4132 4134 4136 4138 4140
          4142 4144 4146 4148 4150 4152
          4154 4156 4158 4160 4162 4164
          4166 4168 4170 4172 4174 4176
          4178 4180 4182 4184 4186 4188
          4190 4192 4194 4196 4198 4200
          4202 4204 4206 4208 4210 4212
          4214 4216 4218 4220 4222 4224
          4226 4228 4230 4232 4234 4236
          4238 4240 4242 4244 4246 4248
          4250 4252 4254 4256 4258 4260
          4262 4264 4266 4268 4270 4272
          4274 4276 4278 4280 4282 4284
          4286 4288 4290 4292 4294 4296
          4298 4300 4302 4304 4306 4308
          4310 4312 4314 4316 4318 4320
          4322 4324 4326 4328 4330 4332
          4334 4336 4338 4340 4342 4344
          4346 4348 4350 4352 4354 4356
          4358 4360 4362 4364 4366 4368
          4370 4372 4374 4376 4378 4380
          4382 4384 4386 4388 4390 4392
          4394 4396 4398 4400 4402 4404
          4406 4408 4410 4412 4414 4416
          4418 4420 4422 4424 4426 4428
          4430 4432 4434 4436 4438 4440
          4442 4444 4446 4448 4450 4452
          4454 4456 4458 4460 4462 4464
          4466 4468 4470 4472 4474 4476
          4478 4480 4482 4484 4486 4488
          4490 4492 4494 4496 4498 4500
          4502 4504 4506 4508 4510 4512
          4514 4516 4518 4520 4522 4524
          4526 4528 4530 4532 4534 4536
          4538 4540 4542 4544 4546 4548
          4550 4552 4554 4556 4558 4560
          4562 4564 4566 4568 4570 4572
          4574 4576 4578 4580 4582 4584
          4586 4588 4590 4592 4594 4596
          4598 4600 4602 4604 4606 4608
          4610 4612 4614 4616 4618 4620
          4622 4624 4626 4628 4630 4632
          4634 4636 4638 4640 4642 4644
          4646 4648 4650 4652 4654 4656
          4658 4660 4662 4664 4666 4668
          4670 4672 4674 4676 4678 4680
          4682 4684 4686 4688 4690 4692
          4694 4696 4698 4700 4702 4704
          4706 4708 4710 4712 4714 4716
          4718 4720 4722 4724 4726 4728
          4730 4732 4734 4736 4738 4740
          4742 4744 4746 4748 4750 4752
          4754 4756 4758 4760 4762 4764
          4766 4768 4770 4772 4774 4776
          4778 4780 4782 4784 4786 4788
          4790 4792 4794 4796 4798 4800
          4802 4804 4806 4808 4810 4812
          4814 4816 4818 4820 4822 4824
          4826 4828 4830 4832 4834 4836
          4838 4840 4842 4844 4846 4848
          4850 4852 4854 4856 4858 4860
          4862 4864 4866 4868 4870 4872
          4874 4876 4878 4880 4882 4884
          4886 4888 4890 4892 4894 4896
          4898 4900 4902 4904 4906 4908
          4910 4912 4914 4916 4918 4920
          4922 4924 4926 4928 4930 4932
          4934 4936 4938 4940 4942 4944
          4946 4948 4950 4952 4954 4956
          4958 4960 4962 4964 4966 4968
          4970 4972 4974 4976 4978 4980
          4982 4984 4986 4988 4990 4992
          4994 4996 4998 5000 5002 5004
          5006 5008 5010 5012 5014
        </DataArray>
        <DataArray type="UInt8" Name="types" format="ascii" RangeMin="3" RangeMax="3">
          3 3 3 3 3 3
          3 3 3 3 3 3
          3 3 3 3 3 3
          3 3 3 3 3 3
          3 3 3 3 3 3
          3 3 3 3 3 3
          3 3 3 3 3 3
          3 3 3 3 3 3
          3 3 3 3 3 3
          3 3 3 3 3 3
          3 3 3 3 3 3
          3 3 3 3 3 3
          3 3 3 3 3 3
          3 3 3 3 3 3
          3 3 3 3 3 3
          3 3 3 3 3 3
          3 3 3 3 3 3
          3 3 3 3 3 3
          3 3 3 3 3 3
          3 3 3 3 3 3
          3 3 3 3 3 3
          3 3 3 3 3 3
          3 3 3 3 3 3
          3 3 3 3 3 3
          3 3 3 3 3 3
          3 3 3 3 3 3
          3 3 3 3 3 3
          3 3 3 3 3 3
          3 3 3 3 3 3
          3 3 3 3 3 3
          3 3 3 3 3 3
          3 3 3 3 3 3
          3 3 3 3 3 3
          3 3 3 3 3 3
          3 3 3 3 3 3
          3 3 3 3 3 3
          3 3 3 3 3 3
          3 3 3 3 3 3
          3 3 3 3 3 3
          3 3 3 3 3 3
          3 3 3 3 3 3
          3 3 3 3 3 3
          3 3 3 3 3 3
          3 3 3 3 3 3
          3 3 3 3 3 3
          3 3 3 3 3 3
          3 3 3 3 3 3
          3 3 3 3 3 3
          3 3 3 3 3 3
          3 3 3 3 3 3
          3 3 3 3 3 3
          3 3 3 3 3 3
          3 3 3 3 3 3
          3 3 3 3 3 3
          3 3 3 3 3 3
          3 3 3 3 3 3
          3 3 3 3 3 3
          3 3 3 3 3 3
          3 3 3 3 3 3
          3 3 3 3 3 3
          3 3 3 3 3 3
          3 3 3 3 3 3
          3 3 3 3 3 3
          3 3 3 3 3 3
          3 3 3 3 3 3
          3 3 3 3 3 3
          3 3 3 3 3 3
          3 3 3 3 3 3
          3 3 3 3 3 3
          3 3 3 3 3 3
          3 3 3 3 3 3
          3 3 3 3 3 3
          3 3 3 3 3 3
          3 3 3 3 3 3
          3 3 3 3 3 3
          3 3 3 3 3 3
          3 3 3 3 3 3
          3 3 3 3 3 3
          3 3 3 3 3 3
          3 3 3 3 3 3
          3 3 3 3 3 3
          3 3 3 3 3 3
          3 3 3 3 3 3
          3 3 3 3 3 3
          3 3 3 3 3 3
          3 3 3 3 3 3
          3 3 3 3 3 3
          3 3 3 3 3 3
          3 3 3 3 3 3
          3 3 3 3 3 3
          3 3 3 3 3 3
          3 3 3 3 3 3
          3 3 3 3 3 3
          3 3 3 3 3 3
          3 3 3 3 3 3
          3 3 3 3 3 3
          3 3 3 3 3 3
          3 3 3 3 3 3
          3 3 3 3 3 3
          3 3 3 3 3 3
          3 3 3 3 3 3
          3 3 3 3 3 3
          3 3 3 3 3 3
          3 3 3 3 3 3
          3 3 3 3 3 3
          3 3 3 3 3 3
          3 3 3 3 3 3
          3 3 3 3 3 3
          3 3 3 3 3 3
          3 3 3 3 3 3
          3 3 3 3 3 3
          3 3 3 3 3 3
          3 3 3 3 3 3
          3 3 3 3 3 3
          3 3 3 3 3 3
          3 3 3 3 3 3
          3 3 3 3 3 3
          3 3 3 3 3 3
          3 3 3 3 3 3
          3 3 3 3 3 3
          3 3 3 3 3 3
          3 3 3 3 3 3
          3 3 3 3 3 3
          3 3 3 3 3 3
          3 3 3 3 3 3
          3 3 3 3 3 3
          3 3 3 3 3 3
          3 3 3 3 3 3
          3 3 3 3 3 3
          3 3 3 3 3 3
          3 3 3 3 3 3
          3 3 3 3 3 3
          3 3 3 3 3 3
          3 3 3 3 3 3
          3 3 3 3 3 3
          3 3 3 3 3 3
          3 3 3 3 3 3
          3 3 3 3 3 3
          3 3 3 3 3 3
          3 3 3 3 3 3
          3 3 3 3 3 3
          3 3 3 3 3 3
          3 3 3 3 3 3
          3 3 3 3 3 3
          3 3 3 3 3 3
          3 3 3 3 3 3
          3 3 3 3 3 3
          3 3 3 3 3 3
          3 3 3 3 3 3
          3 3 3 3 3 3
          3 3 3 3 3 3
          3 3 3 3 3 3
          3 3 3 3 3 3
          3 3 3 3 3 3
          3 3 3 3 3 3
          3 3 3 3 3 3
          3 3 3 3 3 3
          3 3 3 3 3 3
          3 3 3 3 3 3
          3 3 3 3 3 3
          3 3 3 3 3 3
          3 3 3 3 3 3
          3 3 3 3 3 3
          3 3 3 3 3 3
          3 3 3 3 3 3
          3 3 3 3 3 3
          3 3 3 3 3 3
          3 3 3 3 3 3
          3 3 3 3 3 3
          3 3 3 3 3 3
          3 3 3 3 3 3
          3 3 3 3 3 3
          3 3 3 3 3 3
          3 3 3 3 3 3
          3 3 3 3 3 3
          3 3 3 3 3 3
          3 3 3 3 3 3
          3 3 3 3 3 3
          3 3 3 3 3 3
          3 3 3 3 3 3
          3 3 3 3 3 3
          3 3 3 3 3 3
          3 3 3 3 3 3
          3 3 3 3 3 3
          3 3 3 3 3 3
          3 3 3 3 3 3
          3 3 3 3 3 3
          3 3 3 3 3 3
          3 3 3 3 3 3
          3 3 3 3 3 3
          3 3 3 3 3 3
          3 3 3 3 3 3
          3 3 3 3 3 3
          3 3 3 3 3 3
          3 3 3 3 3 3
          3 3 3 3 3 3
          3 3 3 3 3 3
          3 3 3 3 3 3
          3 3 3 3 3 3
          3 3 3 3 3 3
          3 3 3 3 3 3
          3 3 3 3 3 3
          3 3 3 3 3 3
          3 3 3 3 3 3
          3 3 3 3 3 3
          3 3 3 3 3 3
          3 3 3 3 3 3
          3 3 3 3 3 3
          3 3 3 3 3 3
          3 3 3 3 3 3
          3 3 3 3 3 3
          3 3 3 3 3 3
          3 3 3 3 3 3
          3 3 3 3 3 3
          3 3 3 3 3 3
          3 3 3 3 3 3
          3 3 3 3 3 3
          3 3 3 3 3 3
          3 3 3 3 3 3
          3 3 3 3 3 3
          3 3 3 3 3 3
          3 3 3 3 3 3
          3 3 3 3 3 3
          3 3 3 3 3 3
          3 3 3 3 3 3
          3 3 3 3 3 3
          3 3 3 3 3 3
          3 3 3 3 3 3
          3 3 3 3 3 3
          3 3 3 3 3 3
          3 3 3 3 3 3
          3 3 3 3 3 3
          3 3 3 3 3 3
          3 3 3 3 3 3
          3 3 3 3 3 3
          3 3 3 3 3 3
          3 3 3 3 3 3
          3 3 3 3 3 3
          3 3 3 3 3 3
          3 3 3 3 3 3
          3 3 3 3 3 3
          3 3 3 3 3 3
          3 3 3 3 3 3
          3 3 3 3 3 3
          3 3 3 3 3 3
          3 3 3 3 3 3
          3 3 3 3 3 3
          3 3 3 3 3 3
          3 3 3 3 3 3
          3 3 3 3 3 3
          3 3 3 3 3 3
          3 3 3 3 3 3
          3 3 3 3 3 3
          3 3 3 3 3 3
          3 3 3 3 3 3
          3 3 3 3 3 3
          3 3 3 3 3 3
          3 3 3 3 3 3
          3 3 3 3 3 3
          3 3 3 3 3 3
          3 3 3 3 3 3
          3 3 3 3 3 3
          3 3 3 3 3 3
          3 3 3 3 3 3
          3 3 3 3 3 3
          3 3 3 3 3 3
          3 3 3 3 3 3
          3 3 3 3 3 3
          3 3 3 3 3 3
          3 3 3 3 3 3
          3 3 3 3 3 3
          3 3 3 3 3 3
          3 3 3 3 3 3
          3 3 3 3 3 3
          3 3 3 3 3 3
          3 3 3 3 3 3
          3 3 3 3 3 3
          3 3 3 3 3 3
          3 3 3 3 3 3
          3 3 3 3 3 3
          3 3 3 3 3 3
          3 3 3 3 3 3
          3 3 3 3 3 3
          3 3 3 3 3 3
          3 3 3 3 3 3
          3 3 3 3 3 3
          3 3 3 3 3 3
          3 3 3 3 3 3
          3 3 3 3 3 3
          3 3 3 3 3 3
          3 3 3 3 3 3
          3 3 3 3 3 3
          3 3 3 3 3 3
          3 3 3 3 3 3
          3 3 3 3 3 3
          3 3 3 3 3 3
          3 3 3 3 3 3
          3 3 3 3 3 3
          3 3 3 3 3 3
          3 3 3 3 3 3
          3 3 3 3 3 3
          3 3 3 3 3 3
          3 3 3 3 3 3
          3 3 3 3 3 3
          3 3 3 3 3 3
          3 3 3 3 3 3
          3 3 3 3 3 3
          3 3 3 3 3 3
          3 3 3 3 3 3
          3 3 3 3 3 3
          3 3 3 3 3 3
          3 3 3 3 3 3
          3 3 3 3 3 3
          3 3 3 3 3 3
          3 3 3 3 3 3
          3 3 3 3 3 3
          3 3 3 3 3 3
          3 3 3 3 3 3
          3 3 3 3 3 3
          3 3 3 3 3 3
          3 3 3 3 3 3
          3 3 3 3 3 3
          3 3 3 3 3 3
          3 3 3 3 3 3
          3 3 3 3 3 3
          3 3 3 3 3 3
          3 3 3 3 3 3
          3 3 3 3 3 3
          3 3 3 3 3 3
          3 3 3 3 3 3
          3 3 3 3 3 3
          3 3 3 3 3 3
          3 3 3 3 3 3
          3 3 3 3 3 3
          3 3 3 3 3 3
          3 3 3 3 3 3
          3 3 3 3 3 3
          3 3 3 3 3 3
          3 3 3 3 3 3
          3 3 3 3 3 3
          3 3 3 3 3 3
          3 3 3 3 3 3
          3 3 3 3 3 3
          3 3 3 3 3 3
          3 3 3 3 3 3
          3 3 3 3 3 3
          3 3 3 3 3 3
          3 3 3 3 3 3
          3 3 3 3 3 3
          3 3 3 3 3 3
          3 3 3 3 3 3
          3 3 3 3 3 3
          3 3 3 3 3 3
          3 3 3 3 3 3
          3 3 3 3 3 3
          3 3 3 3 3 3
          3 3 3 3 3 3
          3 3 3 3 3 3
          3 3 3 3 3 3
          3 3 3 3 3 3
          3 3 3 3 3 3
          3 3 3 3 3 3
          3 3 3 3 3 3
          3 3 3 3 3 3
          3 3 3 3 3 3
          3 3 3 3 3 3
          3 3 3 3 3 3
          3 3 3 3 3 3
          3 3 3 3 3 3
          3 3 3 3 3 3
          3 3 3 3 3 3
          3 3 3 3 3 3
          3 3 3 3 3 3
          3 3 3 3 3 3
          3 3 3 3 3 3
          3 3 3 3 3 3
          3 3 3 3 3 3
          3 3 3 3 3 3
          3 3 3 3 3 3
          3 3 3 3 3 3
          3 3 3 3 3 3
          3 3 3 3 3 3
          3 3 3 3 3 3
          3 3 3 3 3 3
          3 3 3 3 3 3
          3 3 3 3 3 3
          3 3 3 3 3 3
          3 3 3 3 3 3
          3 3 3 3 3 3
          3 3 3 3 3 3
          3 3 3 3 3 3
          3 3 3 3 3 3
          3 3 3 3 3 3
          3 3 3 3 3 3
          3 3 3 3 3 3
          3 3 3 3 3 3
          3 3 3 3 3 3
          3 3 3 3 3 3
          3 3 3 3 3 3
          3 3 3 3 3 3
          3 3 3 3 3 3
          3 3 3 3 3 3
          3 3 3 3 3 3
          3 3 3 3 3 3
          3 3 3 3 3 3
          3 3 3 3 3 3
          3 3 3 3 3 3
          3 3 3 3 3 3
          3 3 3 3 3 3
          3 3 3 3 3 3
          3 3 3 3 3 3
          3 3 3 3 3 3
          3 3 3 3 3 3
          3 3 3 3 3 3
          3 3 3 3 3 3
          3 3 3 3 3 3
          3 3 3 3 3 3
          3 3 3 3 3
        </DataArray>
      </Cells>
    </Piece>
  </UnstructuredGrid>
</VTKFile>
