<VTKFile type="UnstructuredGrid" version="0.1" byte_order="LittleEndian" header_type="UInt32" compressor="vtkZLibDataCompressor">
  <UnstructuredGrid>
    <Piece NumberOfPoints="3133" NumberOfCells="3133">
      <PointData Scalars="CriticalType">
        <DataArray type="Int32" Name="NodeId" format="ascii" RangeMin="0" RangeMax="3132">
          0 1 2 3 4 5
          6 7 8 9 10 11
          12 13 14 15 16 17
          18 19 20 21 22 23
          24 25 26 27 28 29
          30 31 32 33 34 35
          36 37 38 39 40 41
          42 43 44 45 46 47
          48 49 50 51 52 53
          54 55 56 57 58 59
          60 61 62 63 64 65
          66 67 68 69 70 71
          72 73 74 75 76 77
          78 79 80 81 82 83
          84 85 86 87 88 89
          90 91 92 93 94 95
          96 97 98 99 100 101
          102 103 104 105 106 107
          108 109 110 111 112 113
          114 115 116 117 118 119
          120 121 122 123 124 125
          126 127 128 129 130 131
          132 133 134 135 136 137
          138 139 140 141 142 143
          144 145 146 147 148 149
          150 151 152 153 154 155
          156 157 158 159 160 161
          162 163 164 165 166 167
          168 169 170 171 172 173
          174 175 176 177 178 179
          180 181 182 183 184 185
          186 187 188 189 190 191
          192 193 194 195 196 197
          198 199 200 201 202 203
          204 205 206 207 208 209
          210 211 212 213 214 215
          216 217 218 219 220 221
          222 223 224 225 226 227
          228 229 230 231 232 233
          234 235 236 237 238 239
          240 241 242 243 244 245
          246 247 248 249 250 251
          252 253 254 255 256 257
          258 259 260 261 262 263
          264 265 266 267 268 269
          270 271 272 273 274 275
          276 277 278 279 280 281
          282 283 284 285 286 287
          288 289 290 291 292 293
          294 295 296 297 298 299
          300 301 302 303 304 305
          306 307 308 309 310 311
          312 313 314 315 316 317
          318 319 320 321 322 323
          324 325 326 327 328 329
          330 331 332 333 334 335
          336 337 338 339 340 341
          342 343 344 345 346 347
          348 349 350 351 352 353
          354 355 356 357 358 359
          360 361 362 363 364 365
          366 367 368 369 370 371
          372 373 374 375 376 377
          378 379 380 381 382 383
          384 385 386 387 388 389
          390 391 392 393 394 395
          396 397 398 399 400 401
          402 403 404 405 406 407
          408 409 410 411 412 413
          414 415 416 417 418 419
          420 421 422 423 424 425
          426 427 428 429 430 431
          432 433 434 435 436 437
          438 439 440 441 442 443
          444 445 446 447 448 449
          450 451 452 453 454 455
          456 457 458 459 460 461
          462 463 464 465 466 467
          468 469 470 471 472 473
          474 475 476 477 478 479
          480 481 482 483 484 485
          486 487 488 489 490 491
          492 493 494 495 496 497
          498 499 500 501 502 503
          504 505 506 507 508 509
          510 511 512 513 514 515
          516 517 518 519 520 521
          522 523 524 525 526 527
          528 529 530 531 532 533
          534 535 536 537 538 539
          540 541 542 543 544 545
          546 547 548 549 550 551
          552 553 554 555 556 557
          558 559 560 561 562 563
          564 565 566 567 568 569
          570 571 572 573 574 575
          576 577 578 579 580 581
          582 583 584 585 586 587
          588 589 590 591 592 593
          594 595 596 597 598 599
          600 601 602 603 604 605
          606 607 608 609 610 611
          612 613 614 615 616 617
          618 619 620 621 622 623
          624 625 626 627 628 629
          630 631 632 633 634 635
          636 637 638 639 640 641
          642 643 644 645 646 647
          648 649 650 651 652 653
          654 655 656 657 658 659
          660 661 662 663 664 665
          666 667 668 669 670 671
          672 673 674 675 676 677
          678 679 680 681 682 683
          684 685 686 687 688 689
          690 691 692 693 694 695
          696 697 698 699 700 701
          702 703 704 705 706 707
          708 709 710 711 712 713
          714 715 716 717 718 719
          720 721 722 723 724 725
          726 727 728 729 730 731
          732 733 734 735 736 737
          738 739 740 741 742 743
          744 745 746 747 748 749
          750 751 752 753 754 755
          756 757 758 759 760 761
          762 763 764 765 766 767
          768 769 770 771 772 773
          774 775 776 777 778 779
          780 781 782 783 784 785
          786 787 788 789 790 791
          792 793 794 795 796 797
          798 799 800 801 802 803
          804 805 806 807 808 809
          810 811 812 813 814 815
          816 817 818 819 820 821
          822 823 824 825 826 827
          828 829 830 831 832 833
          834 835 836 837 838 839
          840 841 842 843 844 845
          846 847 848 849 850 851
          852 853 854 855 856 857
          858 859 860 861 862 863
          864 865 866 867 868 869
          870 871 872 873 874 875
          876 877 878 879 880 881
          882 883 884 885 886 887
          888 889 890 891 892 893
          894 895 896 897 898 899
          900 901 902 903 904 905
          906 907 908 909 910 911
          912 913 914 915 916 917
          918 919 920 921 922 923
          924 925 926 927 928 929
          930 931 932 933 934 935
          936 937 938 939 940 941
          942 943 944 945 946 947
          948 949 950 951 952 953
          954 955 956 957 958 959
          960 961 962 963 964 965
          966 967 968 969 970 971
          972 973 974 975 976 977
          978 979 980 981 982 983
          984 985 986 987 988 989
          990 991 992 993 994 995
          996 997 998 999 1000 1001
          1002 1003 1004 1005 1006 1007
          1008 1009 1010 1011 1012 1013
          1014 1015 1016 1017 1018 1019
          1020 1021 1022 1023 1024 1025
          1026 1027 1028 1029 1030 1031
          1032 1033 1034 1035 1036 1037
          1038 1039 1040 1041 1042 1043
          1044 1045 1046 1047 1048 1049
          1050 1051 1052 1053 1054 1055
          1056 1057 1058 1059 1060 1061
          1062 1063 1064 1065 1066 1067
          1068 1069 1070 1071 1072 1073
          1074 1075 1076 1077 1078 1079
          1080 1081 1082 1083 1084 1085
          1086 1087 1088 1089 1090 1091
          1092 1093 1094 1095 1096 1097
          1098 1099 1100 1101 1102 1103
          1104 1105 1106 1107 1108 1109
          1110 1111 1112 1113 1114 1115
          1116 1117 1118 1119 1120 1121
          1122 1123 1124 1125 1126 1127
          1128 1129 1130 1131 1132 1133
          1134 1135 1136 1137 1138 1139
          1140 1141 1142 1143 1144 1145
          1146 1147 1148 1149 1150 1151
          1152 1153 1154 1155 1156 1157
          1158 1159 1160 1161 1162 1163
          1164 1165 1166 1167 1168 1169
          1170 1171 1172 1173 1174 1175
          1176 1177 1178 1179 1180 1181
          1182 1183 1184 1185 1186 1187
          1188 1189 1190 1191 1192 1193
          1194 1195 1196 1197 1198 1199
          1200 1201 1202 1203 1204 1205
          1206 1207 1208 1209 1210 1211
          1212 1213 1214 1215 1216 1217
          1218 1219 1220 1221 1222 1223
          1224 1225 1226 1227 1228 1229
          1230 1231 1232 1233 1234 1235
          1236 1237 1238 1239 1240 1241
          1242 1243 1244 1245 1246 1247
          1248 1249 1250 1251 1252 1253
          1254 1255 1256 1257 1258 1259
          1260 1261 1262 1263 1264 1265
          1266 1267 1268 1269 1270 1271
          1272 1273 1274 1275 1276 1277
          1278 1279 1280 1281 1282 1283
          1284 1285 1286 1287 1288 1289
          1290 1291 1292 1293 1294 1295
          1296 1297 1298 1299 1300 1301
          1302 1303 1304 1305 1306 1307
          1308 1309 1310 1311 1312 1313
          1314 1315 1316 1317 1318 1319
          1320 1321 1322 1323 1324 1325
          1326 1327 1328 1329 1330 1331
          1332 1333 1334 1335 1336 1337
          1338 1339 1340 1341 1342 1343
          1344 1345 1346 1347 1348 1349
          1350 1351 1352 1353 1354 1355
          1356 1357 1358 1359 1360 1361
          1362 1363 1364 1365 1366 1367
          1368 1369 1370 1371 1372 1373
          1374 1375 1376 1377 1378 1379
          1380 1381 1382 1383 1384 1385
          1386 1387 1388 1389 1390 1391
          1392 1393 1394 1395 1396 1397
          1398 1399 1400 1401 1402 1403
          1404 1405 1406 1407 1408 1409
          1410 1411 1412 1413 1414 1415
          1416 1417 1418 1419 1420 1421
          1422 1423 1424 1425 1426 1427
          1428 1429 1430 1431 1432 1433
          1434 1435 1436 1437 1438 1439
          1440 1441 1442 1443 1444 1445
          1446 1447 1448 1449 1450 1451
          1452 1453 1454 1455 1456 1457
          1458 1459 1460 1461 1462 1463
          1464 1465 1466 1467 1468 1469
          1470 1471 1472 1473 1474 1475
          1476 1477 1478 1479 1480 1481
          1482 1483 1484 1485 1486 1487
          1488 1489 1490 1491 1492 1493
          1494 1495 1496 1497 1498 1499
          1500 1501 1502 1503 1504 1505
          1506 1507 1508 1509 1510 1511
          1512 1513 1514 1515 1516 1517
          1518 1519 1520 1521 1522 1523
          1524 1525 1526 1527 1528 1529
          1530 1531 1532 1533 1534 1535
          1536 1537 1538 1539 1540 1541
          1542 1543 1544 1545 1546 1547
          1548 1549 1550 1551 1552 1553
          1554 1555 1556 1557 1558 1559
          1560 1561 1562 1563 1564 1565
          1566 1567 1568 1569 1570 1571
          1572 1573 1574 1575 1576 1577
          1578 1579 1580 1581 1582 1583
          1584 1585 1586 1587 1588 1589
          1590 1591 1592 1593 1594 1595
          1596 1597 1598 1599 1600 1601
          1602 1603 1604 1605 1606 1607
          1608 1609 1610 1611 1612 1613
          1614 1615 1616 1617 1618 1619
          1620 1621 1622 1623 1624 1625
          1626 1627 1628 1629 1630 1631
          1632 1633 1634 1635 1636 1637
          1638 1639 1640 1641 1642 1643
          1644 1645 1646 1647 1648 1649
          1650 1651 1652 1653 1654 1655
          1656 1657 1658 1659 1660 1661
          1662 1663 1664 1665 1666 1667
          1668 1669 1670 1671 1672 1673
          1674 1675 1676 1677 1678 1679
          1680 1681 1682 1683 1684 1685
          1686 1687 1688 1689 1690 1691
          1692 1693 1694 1695 1696 1697
          1698 1699 1700 1701 1702 1703
          1704 1705 1706 1707 1708 1709
          1710 1711 1712 1713 1714 1715
          1716 1717 1718 1719 1720 1721
          1722 1723 1724 1725 1726 1727
          1728 1729 1730 1731 1732 1733
          1734 1735 1736 1737 1738 1739
          1740 1741 1742 1743 1744 1745
          1746 1747 1748 1749 1750 1751
          1752 1753 1754 1755 1756 1757
          1758 1759 1760 1761 1762 1763
          1764 1765 1766 1767 1768 1769
          1770 1771 1772 1773 1774 1775
          1776 1777 1778 1779 1780 1781
          1782 1783 1784 1785 1786 1787
          1788 1789 1790 1791 1792 1793
          1794 1795 1796 1797 1798 1799
          1800 1801 1802 1803 1804 1805
          1806 1807 1808 1809 1810 1811
          1812 1813 1814 1815 1816 1817
          1818 1819 1820 1821 1822 1823
          1824 1825 1826 1827 1828 1829
          1830 1831 1832 1833 1834 1835
          1836 1837 1838 1839 1840 1841
          1842 1843 1844 1845 1846 1847
          1848 1849 1850 1851 1852 1853
          1854 1855 1856 1857 1858 1859
          1860 1861 1862 1863 1864 1865
          1866 1867 1868 1869 1870 1871
          1872 1873 1874 1875 1876 1877
          1878 1879 1880 1881 1882 1883
          1884 1885 1886 1887 1888 1889
          1890 1891 1892 1893 1894 1895
          1896 1897 1898 1899 1900 1901
          1902 1903 1904 1905 1906 1907
          1908 1909 1910 1911 1912 1913
          1914 1915 1916 1917 1918 1919
          1920 1921 1922 1923 1924 1925
          1926 1927 1928 1929 1930 1931
          1932 1933 1934 1935 1936 1937
          1938 1939 1940 1941 1942 1943
          1944 1945 1946 1947 1948 1949
          1950 1951 1952 1953 1954 1955
          1956 1957 1958 1959 1960 1961
          1962 1963 1964 1965 1966 1967
          1968 1969 1970 1971 1972 1973
          1974 1975 1976 1977 1978 1979
          1980 1981 1982 1983 1984 1985
          1986 1987 1988 1989 1990 1991
          1992 1993 1994 1995 1996 1997
          1998 1999 2000 2001 2002 2003
          2004 2005 2006 2007 2008 2009
          2010 2011 2012 2013 2014 2015
          2016 2017 2018 2019 2020 2021
          2022 2023 2024 2025 2026 2027
          2028 2029 2030 2031 2032 2033
          2034 2035 2036 2037 2038 2039
          2040 2041 2042 2043 2044 2045
          2046 2047 2048 2049 2050 2051
          2052 2053 2054 2055 2056 2057
          2058 2059 2060 2061 2062 2063
          2064 2065 2066 2067 2068 2069
          2070 2071 2072 2073 2074 2075
          2076 2077 2078 2079 2080 2081
          2082 2083 2084 2085 2086 2087
          2088 2089 2090 2091 2092 2093
          2094 2095 2096 2097 2098 2099
          2100 2101 2102 2103 2104 2105
          2106 2107 2108 2109 2110 2111
          2112 2113 2114 2115 2116 2117
          2118 2119 2120 2121 2122 2123
          2124 2125 2126 2127 2128 2129
          2130 2131 2132 2133 2134 2135
          2136 2137 2138 2139 2140 2141
          2142 2143 2144 2145 2146 2147
          2148 2149 2150 2151 2152 2153
          2154 2155 2156 2157 2158 2159
          2160 2161 2162 2163 2164 2165
          2166 2167 2168 2169 2170 2171
          2172 2173 2174 2175 2176 2177
          2178 2179 2180 2181 2182 2183
          2184 2185 2186 2187 2188 2189
          2190 2191 2192 2193 2194 2195
          2196 2197 2198 2199 2200 2201
          2202 2203 2204 2205 2206 2207
          2208 2209 2210 2211 2212 2213
          2214 2215 2216 2217 2218 2219
          2220 2221 2222 2223 2224 2225
          2226 2227 2228 2229 2230 2231
          2232 2233 2234 2235 2236 2237
          2238 2239 2240 2241 2242 2243
          2244 2245 2246 2247 2248 2249
          2250 2251 2252 2253 2254 2255
          2256 2257 2258 2259 2260 2261
          2262 2263 2264 2265 2266 2267
          2268 2269 2270 2271 2272 2273
          2274 2275 2276 2277 2278 2279
          2280 2281 2282 2283 2284 2285
          2286 2287 2288 2289 2290 2291
          2292 2293 2294 2295 2296 2297
          2298 2299 2300 2301 2302 2303
          2304 2305 2306 2307 2308 2309
          2310 2311 2312 2313 2314 2315
          2316 2317 2318 2319 2320 2321
          2322 2323 2324 2325 2326 2327
          2328 2329 2330 2331 2332 2333
          2334 2335 2336 2337 2338 2339
          2340 2341 2342 2343 2344 2345
          2346 2347 2348 2349 2350 2351
          2352 2353 2354 2355 2356 2357
          2358 2359 2360 2361 2362 2363
          2364 2365 2366 2367 2368 2369
          2370 2371 2372 2373 2374 2375
          2376 2377 2378 2379 2380 2381
          2382 2383 2384 2385 2386 2387
          2388 2389 2390 2391 2392 2393
          2394 2395 2396 2397 2398 2399
          2400 2401 2402 2403 2404 2405
          2406 2407 2408 2409 2410 2411
          2412 2413 2414 2415 2416 2417
          2418 2419 2420 2421 2422 2423
          2424 2425 2426 2427 2428 2429
          2430 2431 2432 2433 2434 2435
          2436 2437 2438 2439 2440 2441
          2442 2443 2444 2445 2446 2447
          2448 2449 2450 2451 2452 2453
          2454 2455 2456 2457 2458 2459
          2460 2461 2462 2463 2464 2465
          2466 2467 2468 2469 2470 2471
          2472 2473 2474 2475 2476 2477
          2478 2479 2480 2481 2482 2483
          2484 2485 2486 2487 2488 2489
          2490 2491 2492 2493 2494 2495
          2496 2497 2498 2499 2500 2501
          2502 2503 2504 2505 2506 2507
          2508 2509 2510 2511 2512 2513
          2514 2515 2516 2517 2518 2519
          2520 2521 2522 2523 2524 2525
          2526 2527 2528 2529 2530 2531
          2532 2533 2534 2535 2536 2537
          2538 2539 2540 2541 2542 2543
          2544 2545 2546 2547 2548 2549
          2550 2551 2552 2553 2554 2555
          2556 2557 2558 2559 2560 2561
          2562 2563 2564 2565 2566 2567
          2568 2569 2570 2571 2572 2573
          2574 2575 2576 2577 2578 2579
          2580 2581 2582 2583 2584 2585
          2586 2587 2588 2589 2590 2591
          2592 2593 2594 2595 2596 2597
          2598 2599 2600 2601 2602 2603
          2604 2605 2606 2607 2608 2609
          2610 2611 2612 2613 2614 2615
          2616 2617 2618 2619 2620 2621
          2622 2623 2624 2625 2626 2627
          2628 2629 2630 2631 2632 2633
          2634 2635 2636 2637 2638 2639
          2640 2641 2642 2643 2644 2645
          2646 2647 2648 2649 2650 2651
          2652 2653 2654 2655 2656 2657
          2658 2659 2660 2661 2662 2663
          2664 2665 2666 2667 2668 2669
          2670 2671 2672 2673 2674 2675
          2676 2677 2678 2679 2680 2681
          2682 2683 2684 2685 2686 2687
          2688 2689 2690 2691 2692 2693
          2694 2695 2696 2697 2698 2699
          2700 2701 2702 2703 2704 2705
          2706 2707 2708 2709 2710 2711
          2712 2713 2714 2715 2716 2717
          2718 2719 2720 2721 2722 2723
          2724 2725 2726 2727 2728 2729
          2730 2731 2732 2733 2734 2735
          2736 2737 2738 2739 2740 2741
          2742 2743 2744 2745 2746 2747
          2748 2749 2750 2751 2752 2753
          2754 2755 2756 2757 2758 2759
          2760 2761 2762 2763 2764 2765
          2766 2767 2768 2769 2770 2771
          2772 2773 2774 2775 2776 2777
          2778 2779 2780 2781 2782 2783
          2784 2785 2786 2787 2788 2789
          2790 2791 2792 2793 2794 2795
          2796 2797 2798 2799 2800 2801
          2802 2803 2804 2805 2806 2807
          2808 2809 2810 2811 2812 2813
          2814 2815 2816 2817 2818 2819
          2820 2821 2822 2823 2824 2825
          2826 2827 2828 2829 2830 2831
          2832 2833 2834 2835 2836 2837
          2838 2839 2840 2841 2842 2843
          2844 2845 2846 2847 2848 2849
          2850 2851 2852 2853 2854 2855
          2856 2857 2858 2859 2860 2861
          2862 2863 2864 2865 2866 2867
          2868 2869 2870 2871 2872 2873
          2874 2875 2876 2877 2878 2879
          2880 2881 2882 2883 2884 2885
          2886 2887 2888 2889 2890 2891
          2892 2893 2894 2895 2896 2897
          2898 2899 2900 2901 2902 2903
          2904 2905 2906 2907 2908 2909
          2910 2911 2912 2913 2914 2915
          2916 2917 2918 2919 2920 2921
          2922 2923 2924 2925 2926 2927
          2928 2929 2930 2931 2932 2933
          2934 2935 2936 2937 2938 2939
          2940 2941 2942 2943 2944 2945
          2946 2947 2948 2949 2950 2951
          2952 2953 2954 2955 2956 2957
          2958 2959 2960 2961 2962 2963
          2964 2965 2966 2967 2968 2969
          2970 2971 2972 2973 2974 2975
          2976 2977 2978 2979 2980 2981
          2982 2983 2984 2985 2986 2987
          2988 2989 2990 2991 2992 2993
          2994 2995 2996 2997 2998 2999
          3000 3001 3002 3003 3004 3005
          3006 3007 3008 3009 3010 3011
          3012 3013 3014 3015 3016 3017
          3018 3019 3020 3021 3022 3023
          3024 3025 3026 3027 3028 3029
          3030 3031 3032 3033 3034 3035
          3036 3037 3038 3039 3040 3041
          3042 3043 3044 3045 3046 3047
          3048 3049 3050 3051 3052 3053
          3054 3055 3056 3057 3058 3059
          3060 3061 3062 3063 3064 3065
          3066 3067 3068 3069 3070 3071
          3072 3073 3074 3075 3076 3077
          3078 3079 3080 3081 3082 3083
          3084 3085 3086 3087 3088 3089
          3090 3091 3092 3093 3094 3095
          3096 3097 3098 3099 3100 3101
          3102 3103 3104 3105 3106 3107
          3108 3109 3110 3111 3112 3113
          3114 3115 3116 3117 3118 3119
          3120 3121 3122 3123 3124 3125
          3126 3127 3128 3129 3130 3131
          3132
        </DataArray>
        <DataArray type="Float32" Name="Scalar" format="ascii" RangeMin="0.11552083492279053" RangeMax="23.16792869567871">
          0.115520835 0.17505728 0.22351633 0.2782039 0.36458418 0.36495313
          0.4126313 0.43331277 0.4577523 0.49650046 0.5595131 0.60576135
          0.6417607 0.6747556 0.6805295 0.7022222 0.7315636 0.7371795
          0.7679565 0.80090094 0.8492171 0.8746212 0.8839489 0.9463999
          0.99406093 1.018887 1.0493721 1.1446674 1.1485926 1.1660538
          1.1839563 1.2423487 1.3195854 1.3804492 1.4269785 1.4443476
          1.4713144 1.5716015 1.5894425 1.5945591 1.6529806 1.7457621
          1.7459486 1.8027048 1.8422319 1.8928475 1.9104846 1.9618653
          1.98344 2.0049636 2.0423844 2.112754 2.1241887 2.1262794
          2.1323965 2.144758 2.1679983 2.1769855 2.192944 2.2291968
          2.2363477 2.26261 2.2646542 2.306328 2.3227553 2.3481016
          2.35083 2.3838916 2.3871815 2.4083753 2.4432063 2.4504936
          2.4909058 2.5292907 2.5315986 2.5782716 2.586542 2.6209135
          2.6356945 2.6398354 2.6536055 2.6604452 2.6697707 2.6806192
          2.6898775 2.691766 2.7175455 2.7271097 2.7389138 2.8101418
          2.8139448 2.8203053 2.8499742 2.8502476 2.8560107 2.9282186
          2.9349155 2.9445322 2.9467127 2.9638984 3.005676 3.0247424
          3.030703 3.0610735 3.0635402 3.0803738 3.083428 3.0951731
          3.1101408 3.136336 3.1468687 3.150659 3.1772842 3.188482
          3.1955228 3.2041209 3.2138546 3.2203505 3.2245455 3.236062
          3.2468011 3.262595 3.2757063 3.2761896 3.2769196 3.3024406
          3.309133 3.3094857 3.334822 3.3740804 3.3754773 3.3848643
          3.4096036 3.4255512 3.4325829 3.4349313 3.4349961 3.4375768
          3.4560869 3.456674 3.4648545 3.4810925 3.504051 3.5060303
          3.5083337 3.5174959 3.5484529 3.5689 3.5819817 3.5878608
          3.5899117 3.600629 3.60064 3.6203983 3.6266854 3.63739
          3.6673396 3.6811504 3.7023773 3.719756 3.763358 3.7721508
          3.7745764 3.7837234 3.8648174 3.876854 3.885027 3.8952932
          3.911218 3.9397786 3.948468 3.9541204 3.9560556 3.96221
          3.9681818 3.9722292 3.9746847 4.011034 4.0367856 4.0498753
          4.076104 4.10648 4.1086817 4.1304526 4.132842 4.146705
          4.1624827 4.176734 4.198433 4.1993923 4.2108426 4.2115183
          4.2695613 4.271452 4.2781053 4.280923 4.2822547 4.2911882
          4.297798 4.3013225 4.3300962 4.3382077 4.362501 4.3864775
          4.3894825 4.3958454 4.399384 4.3997474 4.4025955 4.408345
          4.4230223 4.426606 4.43767 4.4472027 4.4727783 4.4769063
          4.496934 4.503254 4.507706 4.521841 4.5240364 4.537319
          4.540031 4.5598197 4.566317 4.573727 4.5816545 4.5960274
          4.5967736 4.6019177 4.6033854 4.6352015 4.6502247 4.651199
          4.653509 4.661286 4.663828 4.67012 4.6748505 4.681698
          4.684362 4.692146 4.69265 4.6932735 4.705154 4.713791
          4.7148185 4.721929 4.7253523 4.7293243 4.7379885 4.750253
          4.7523947 4.7633004 4.774767 4.7835984 4.7896423 4.790139
          4.7927237 4.8078 4.8085923 4.8400903 4.8439755 4.86246
          4.865363 4.873073 4.882566 4.890012 4.8927574 4.8955307
          4.8968835 4.910752 4.927709 4.939285 4.9549255 4.9554405
          4.961024 4.965583 4.970858 4.9836235 4.987271 4.9954286
          5.0219173 5.029495 5.0455027 5.047994 5.0510592 5.0537963
          5.063346 5.076462 5.0787196 5.081159 5.0825467 5.106522
          5.1285033 5.132269 5.134163 5.135119 5.1370068 5.137424
          5.146089 5.1636453 5.1672397 5.1770415 5.184729 5.186581
          5.199542 5.200228 5.2130375 5.226792 5.2429843 5.2474923
          5.252708 5.267731 5.283105 5.2864723 5.2895365 5.302203
          5.3064713 5.3089237 5.3178797 5.323082 5.323703 5.3316646
          5.3334274 5.3563523 5.358528 5.358763 5.363883 5.3639526
          5.372292 5.3760653 5.376821 5.38012 5.386429 5.3875146
          5.394038 5.397102 5.397457 5.4000006 5.4027123 5.4033647
          5.4038005 5.40563 5.4071975 5.4086328 5.4111814 5.4115257
          5.418794 5.4206204 5.4237204 5.4244714 5.4324336 5.432782
          5.437568 5.4424214 5.443089 5.4437737 5.4442973 5.4484177
          5.454931 5.4579453 5.4646463 5.4658833 5.4659467 5.4712286
          5.486543 5.4897914 5.4956465 5.5009294 5.517599 5.5221143
          5.5298486 5.5340285 5.5341845 5.536053 5.536074 5.544458
          5.5452766 5.5473127 5.5537567 5.5570188 5.5609875 5.5629973
          5.5694695 5.571224 5.57171 5.5777807 5.5838323 5.586939
          5.599912 5.603297 5.6137495 5.6210175 5.6384687 5.6433105
          5.646208 5.647379 5.6487913 5.652527 5.657394 5.678322
          5.680807 5.6846724 5.6864786 5.6888585 5.6915083 5.6915627
          5.695909 5.7015657 5.7022257 5.7090383 5.711803 5.7251086
          5.730249 5.739693 5.742659 5.744501 5.7454834 5.751868
          5.7562866 5.7601237 5.774857 5.7777586 5.7787075 5.7796817
          5.779876 5.7802553 5.7807055 5.786736 5.788507 5.791523
          5.800339 5.800598 5.808578 5.809797 5.8099246 5.8127007
          5.8215623 5.8288274 5.8330975 5.8342595 5.8344517 5.8425107
          5.850925 5.8551946 5.8600435 5.8629575 5.8645506 5.8671064
          5.8671613 5.876284 5.8772306 5.880319 5.8863673 5.8901706
          5.8913455 5.892883 5.8965573 5.8976946 5.8977246 5.901359
          5.907196 5.9099975 5.9176073 5.9183173 5.918567 5.920695
          5.9283485 5.935147 5.9405403 5.9408917 5.945795 5.955088
          5.9573092 5.968527 5.9748755 5.979419 5.981359 5.9816766
          5.9876294 5.9896994 5.997395 5.9974203 6.004804 6.00737
          6.0101924 6.017063 6.0176296 6.0265374 6.02738 6.0315514
          6.033515 6.0371494 6.0397882 6.04281 6.045798 6.0480185
          6.051007 6.0510936 6.0528965 6.0597963 6.0702734 6.073042
          6.073272 6.074166 6.0767303 6.0777125 6.0789695 6.080692
          6.084198 6.084599 6.0853167 6.0934515 6.0980005 6.101927
          6.102772 6.103365 6.1113915 6.1137114 6.118458 6.120803
          6.1209497 6.121108 6.121208 6.1213827 6.1221333 6.1264863
          6.1282873 6.1302238 6.131855 6.1468906 6.1493797 6.15719
          6.159571 6.165517 6.17367 6.1751585 6.177436 6.177577
          6.1776743 6.186991 6.1883297 6.1917458 6.193687 6.1938286
          6.193965 6.199046 6.199121 6.2005353 6.205543 6.207408
          6.2180486 6.2224193 6.223479 6.228012 6.2351995 6.2366886
          6.24252 6.24717 6.2474365 6.24923 6.2524977 6.25357
          6.254533 6.254777 6.2569847 6.2582083 6.2609024 6.2651453
          6.266015 6.2680564 6.273606 6.2771564 6.28165 6.2851043
          6.2874327 6.2894278 6.2908554 6.2960014 6.299011 6.299621
          6.305384 6.309701 6.3132076 6.3175716 6.320982 6.3210855
          6.3280745 6.3334293 6.3352046 6.3384132 6.338966 6.3399773
          6.3451877 6.3491683 6.3538914 6.358719 6.363643 6.366456
          6.3673563 6.370681 6.3712482 6.3760004 6.3786125 6.379937
          6.3808303 6.381831 6.382528 6.3873043 6.3893175 6.393286
          6.3959985 6.3996415 6.4001455 6.4007735 6.4012074 6.4022403
          6.4022555 6.4023333 6.4033566 6.4037213 6.4085145 6.411001
          6.4122396 6.4126477 6.4127836 6.418414 6.4193435 6.4224286
          6.4269457 6.4409175 6.442173 6.446646 6.4469733 6.449216
          6.4500237 6.4501534 6.451413 6.4534545 6.4540257 6.4564476
          6.458246 6.46092 6.466142 6.4712753 6.472448 6.4773707
          6.480807 6.4912577 6.49189 6.494411 6.4972486 6.4983835
          6.500436 6.501117 6.5094504 6.5109696 6.5153003 6.5263386
          6.5400887 6.5513897 6.5516667 6.5581264 6.5731564 6.574452
          6.577368 6.578232 6.5854645 6.5872507 6.58833 6.599606
          6.6065316 6.6111774 6.6131516 6.6141334 6.616926 6.628718
          6.635696 6.64933 6.65066 6.660869 6.6642213 6.6756535
          6.6831193 6.688729 6.6972227 6.7089667 6.7179265 6.7202406
          6.725148 6.732553 6.7418447 6.744272 6.7587137 6.759552
          6.7600603 6.768811 6.770945 6.7720866 6.7724423 6.784657
          6.789974 6.7948146 6.8115797 6.812337 6.8221803 6.828352
          6.828441 6.828532 6.83479 6.8408494 6.8410707 6.845082
          6.858968 6.8689184 6.8752427 6.8753614 6.883148 6.889462
          6.892363 6.893788 6.9270277 6.934589 6.941433 6.9422364
          6.945154 6.950405 6.952353 6.9567204 6.9830246 6.9959297
          6.9985676 7.0102396 7.0213413 7.024976 7.0421405 7.04667
          7.0526476 7.055486 7.0660143 7.0683117 7.0704546 7.073703
          7.096048 7.1067514 7.1085453 7.1191144 7.1251764 7.125436
          7.1370606 7.144365 7.155718 7.1711307 7.172146 7.1798573
          7.180124 7.1804924 7.181512 7.200956 7.214571 7.2176137
          7.219832 7.226827 7.2314315 7.241999 7.2421417 7.250443
          7.2543745 7.254572 7.258067 7.2592993 7.2638373 7.2698464
          7.275234 7.2768235 7.286384 7.298164 7.2983546 7.3048067
          7.308328 7.317683 7.3184023 7.318974 7.319106 7.3215313
          7.335021 7.338212 7.339363 7.3493757 7.350407 7.3532615
          7.361697 7.365517 7.367463 7.3727455 7.372818 7.3777723
          7.386162 7.3895297 7.3930187 7.394424 7.402822 7.40624
          7.4073124 7.4111257 7.415505 7.4214907 7.4319263 7.4325366
          7.436216 7.439075 7.4412065 7.446111 7.4466605 7.448259
          7.466697 7.467462 7.4754534 7.4761314 7.481434 7.4820185
          7.4828105 7.4873786 7.4895716 7.4933953 7.495106 7.497462
          7.5030317 7.5033145 7.5045543 7.5081024 7.511952 7.514046
          7.5183315 7.5209107 7.5237103 7.529153 7.5304713 7.534927
          7.5364847 7.5373187 7.553123 7.5540447 7.5584416 7.5593076
          7.56172 7.562529 7.564926 7.568451 7.569869 7.5791154
          7.580038 7.580459 7.582448 7.5843124 7.59021 7.5918894
          7.5923414 7.5971704 7.60229 7.6027317 7.6045165 7.6079373
          7.608228 7.6237736 7.6263785 7.6301937 7.6335 7.63443
          7.635589 7.6390896 7.64705 7.6520452 7.656009 7.662713
          7.6673913 7.667734 7.669715 7.670696 7.6776195 7.6812844
          7.684106 7.684824 7.690617 7.694153 7.6950455 7.698416
          7.7017956 7.7028832 7.7041855 7.7116637 7.722082 7.723988
          7.7246375 7.7259717 7.7263775 7.7266474 7.740519 7.74134
          7.754941 7.7550926 7.757313 7.7582526 7.7588363 7.7664356
          7.7682242 7.7758446 7.779056 7.781341 7.7817554 7.7846317
          7.792888 7.7949996 7.7951803 7.8038125 7.804401 7.806663
          7.8068767 7.80744 7.810636 7.8143854 7.8246784 7.8260474
          7.8262014 7.829041 7.831786 7.83254 7.8405967 7.8458743
          7.846111 7.8463826 7.8500075 7.8526745 7.853115 7.8544154
          7.8683853 7.875213 7.876192 7.8990765 7.9035697 7.9038715
          7.9120426 7.9150467 7.9195404 7.9226885 7.9353967 7.9548326
          7.95765 7.9593954 7.9618144 7.9641175 7.965816 7.9667745
          7.96687 7.9671397 7.9676876 7.972364 7.9751434 7.9790306
          7.9842825 7.984971 7.985006 7.9892945 7.9906635 7.9921794
          7.993347 7.994186 8.004924 8.005603 8.006006 8.011318
          8.0153675 8.021168 8.021431 8.022318 8.027094 8.030978
          8.031466 8.032441 8.03539 8.037709 8.044264 8.0469885
          8.049127 8.049571 8.05518 8.059039 8.061763 8.066249
          8.068107 8.081038 8.088317 8.088891 8.090638 8.090763
          8.093545 8.096705 8.101371 8.10549 8.105981 8.110865
          8.11397 8.115812 8.117633 8.1188 8.125169 8.125495
          8.126949 8.1278925 8.128847 8.131259 8.131353 8.131885
          8.13337 8.13345 8.134274 8.135021 8.137403 8.1414585
          8.149198 8.15438 8.164316 8.166494 8.167613 8.170456
          8.176064 8.176331 8.176464 8.177517 8.179754 8.182835
          8.183763 8.185997 8.188985 8.195876 8.196633 8.198246
          8.204174 8.207432 8.211089 8.212191 8.213347 8.214228
          8.218033 8.2206955 8.223024 8.224084 8.231546 8.235263
          8.244939 8.248808 8.249919 8.254616 8.255963 8.256237
          8.2569 8.259954 8.26241 8.264069 8.267807 8.26792
          8.275077 8.283159 8.285587 8.286096 8.291311 8.2925
          8.297321 8.30082 8.305541 8.307165 8.316167 8.320882
          8.32909 8.330037 8.337429 8.339787 8.340251 8.342457
          8.346601 8.351346 8.357788 8.36163 8.362719 8.371493
          8.371788 8.372873 8.376877 8.378851 8.385376 8.387233
          8.391283 8.39325 8.395485 8.399281 8.401155 8.402275
          8.406925 8.409838 8.410414 8.415762 8.417965 8.419849
          8.422835 8.425566 8.4310465 8.431307 8.452152 8.459146
          8.476893 8.481998 8.482767 8.483225 8.484013 8.487683
          8.490757 8.49108 8.492633 8.493542 8.501432 8.502003
          8.504038 8.504943 8.510086 8.518694 8.526619 8.527121
          8.530025 8.53225 8.537265 8.54628 8.552033 8.552513
          8.555353 8.564481 8.564815 8.570568 8.5733595 8.5737915
          8.575688 8.576164 8.581579 8.583667 8.583889 8.585353
          8.586745 8.596772 8.599595 8.600438 8.601254 8.601932
          8.605051 8.60728 8.615095 8.618729 8.624368 8.626603
          8.644286 8.645589 8.64824 8.649985 8.651002 8.651776
          8.658574 8.662107 8.663817 8.66456 8.666736 8.677586
          8.678107 8.679382 8.682867 8.69049 8.691176 8.695258
          8.700203 8.704703 8.7050295 8.706954 8.713574 8.714432
          8.714577 8.721201 8.722562 8.723103 8.723903 8.724299
          8.73207 8.738527 8.744115 8.745531 8.745649 8.7491255
          8.752323 8.755465 8.758502 8.765804 8.766812 8.769322
          8.771112 8.772137 8.773513 8.777633 8.7776575 8.781767
          8.788154 8.797822 8.798344 8.798803 8.799534 8.804884
          8.814608 8.818543 8.819373 8.824018 8.824997 8.826169
          8.83257 8.833581 8.833962 8.839003 8.84252 8.844503
          8.854882 8.855268 8.856681 8.860479 8.862778 8.863437
          8.865523 8.867586 8.870741 8.870944 8.878294 8.878355
          8.881642 8.882538 8.883407 8.884495 8.88628 8.887101
          8.891582 8.895066 8.895994 8.896273 8.898422 8.903761
          8.908108 8.910698 8.912677 8.915895 8.917804 8.917887
          8.919728 8.921729 8.923152 8.929455 8.93114 8.932221
          8.933921 8.936781 8.937182 8.937853 8.943078 8.943743
          8.947001 8.9481325 8.949424 8.951248 8.951381 8.952757
          8.956648 8.958368 8.959386 8.9639435 8.967219 8.969007
          8.979364 8.981254 8.981526 8.981992 8.985659 8.986083
          8.991262 8.992142 9.004532 9.015414 9.018704 9.027563
          9.028253 9.031819 9.032742 9.035055 9.035122 9.035878
          9.038545 9.038787 9.039648 9.040347 9.041499 9.047937
          9.058847 9.059717 9.065382 9.065996 9.068247 9.0702095
          9.072533 9.083036 9.085001 9.086014 9.088751 9.090597
          9.093981 9.09576 9.097006 9.1000805 9.103516 9.105228
          9.106121 9.110537 9.111701 9.114045 9.120019 9.120129
          9.122055 9.124421 9.124953 9.12767 9.133183 9.134359
          9.139391 9.140248 9.1403055 9.146693 9.150637 9.155419
          9.156751 9.158554 9.159938 9.187394 9.190411 9.196067
          9.197669 9.199353 9.202722 9.204734 9.206976 9.2093725
          9.211472 9.213338 9.218045 9.227823 9.244505 9.262192
          9.268315 9.268555 9.277705 9.278483 9.285196 9.286549
          9.291379 9.292117 9.294127 9.295765 9.29719 9.298329
          9.301239 9.304115 9.308209 9.308988 9.318035 9.325849
          9.337072 9.337801 9.342677 9.344707 9.347194 9.348865
          9.351949 9.353421 9.353537 9.354531 9.354735 9.358222
          9.361595 9.3664 9.370212 9.379647 9.381878 9.386115
          9.391401 9.393991 9.394438 9.396117 9.3973675 9.400421
          9.402513 9.403093 9.4147215 9.415059 9.416029 9.421851
          9.423509 9.426656 9.431786 9.437288 9.441955 9.442875
          9.446659 9.447439 9.4506645 9.455778 9.458529 9.461654
          9.465722 9.469026 9.471007 9.472049 9.472809 9.473298
          9.476196 9.483191 9.483763 9.490504 9.492069 9.493475
          9.49672 9.496752 9.497785 9.50274 9.509551 9.510508
          9.516644 9.5174885 9.517802 9.518517 9.519726 9.521352
          9.522012 9.524295 9.526035 9.529135 9.535519 9.541627
          9.543065 9.550069 9.5530815 9.560596 9.566843 9.5683155
          9.57015 9.570967 9.5726595 9.572895 9.573543 9.576072
          9.580953 9.583054 9.583206 9.590598 9.592994 9.602785
          9.603139 9.607391 9.609856 9.610579 9.611409 9.617564
          9.620491 9.621297 9.623586 9.6252775 9.631332 9.634122
          9.634333 9.638474 9.6392355 9.639496 9.641505 9.64206
          9.64305 9.647486 9.648817 9.653446 9.655278 9.658543
          9.660919 9.661499 9.664428 9.6672735 9.667438 9.669327
          9.672524 9.678405 9.685363 9.68591 9.687413 9.687609
          9.691662 9.692994 9.7042465 9.707388 9.710356 9.713076
          9.713629 9.721257 9.724056 9.730367 9.733248 9.743498
          9.74471 9.750331 9.754582 9.76489 9.766112 9.767389
          9.770035 9.77037 9.77084 9.775482 9.7807455 9.784764
          9.785242 9.785921 9.79068 9.791065 9.792855 9.79296
          9.793847 9.794013 9.795557 9.795691 9.79635 9.796534
          9.797556 9.797904 9.800282 9.802286 9.805195 9.80523
          9.806174 9.806339 9.808287 9.809828 9.810671 9.826294
          9.8332405 9.834819 9.83526 9.835606 9.835886 9.839683
          9.84393 9.8440275 9.845868 9.847683 9.84858 9.853078
          9.854809 9.857884 9.861281 9.869195 9.869269 9.871375
          9.872891 9.873484 9.877244 9.880248 9.88122 9.883832
          9.884178 9.888661 9.891576 9.8924 9.9001875 9.903676
          9.910295 9.915005 9.915156 9.915236 9.915429 9.915862
          9.916182 9.916403 9.922016 9.923574 9.923638 9.924362
          9.928198 9.946878 9.949097 9.949197 9.949993 9.950564
          9.952104 9.959174 9.95984 9.961615 9.96625 9.970159
          9.976818 9.981763 9.983206 9.983491 9.986741 9.995564
          9.99647 9.996519 9.996837 10.000307 10.008584 10.017017
          10.017707 10.019021 10.020438 10.020558 10.022325 10.023796
          10.025286 10.0263405 10.026931 10.028443 10.029709 10.034198
          10.0392275 10.03925 10.039417 10.039628 10.041469 10.0450735
          10.049064 10.049385 10.050783 10.052424 10.052997 10.053613
          10.060347 10.061567 10.064346 10.06475 10.0651655 10.0671
          10.068632 10.06897 10.069783 10.070879 10.072443 10.075929
          10.077578 10.077646 10.077662 10.081701 10.081777 10.083324
          10.089548 10.090983 10.093969 10.094651 10.0950575 10.100981
          10.10814 10.112479 10.1147585 10.119277 10.120848 10.121248
          10.121471 10.122522 10.128915 10.13591 10.146504 10.151555
          10.152848 10.161224 10.161629 10.16588 10.165997 10.170949
          10.172572 10.173744 10.175773 10.17734 10.178192 10.182388
          10.183801 10.185302 10.187854 10.189503 10.190584 10.191745
          10.196636 10.199698 10.200853 10.203988 10.208422 10.209107
          10.211397 10.212475 10.214405 10.216205 10.217363 10.217727
          10.221923 10.222072 10.22466 10.227827 10.229613 10.23071
          10.230959 10.235861 10.2383585 10.24118 10.24263 10.244739
          10.245372 10.2477455 10.248227 10.248711 10.249374 10.2496195
          10.257739 10.258014 10.26104 10.261882 10.261964 10.265006
          10.265564 10.266396 10.268297 10.269054 10.27633 10.279986
          10.280304 10.284608 10.285831 10.292058 10.294232 10.302392
          10.30484 10.307594 10.308458 10.308632 10.312088 10.313106
          10.313557 10.315413 10.315576 10.319008 10.319139 10.320548
          10.323991 10.325211 10.325305 10.328357 10.328358 10.330234
          10.332653 10.335533 10.335722 10.337274 10.340302 10.341064
          10.341565 10.3432255 10.343359 10.344225 10.345035 10.345619
          10.348134 10.348412 10.349257 10.35146 10.355682 10.355939
          10.362797 10.364319 10.367742 10.368602 10.369941 10.378653
          10.382056 10.382318 10.3896055 10.38964 10.394468 10.3962555
          10.400793 10.401994 10.403055 10.41427 10.4164715 10.41698
          10.417009 10.417874 10.420589 10.421527 10.423495 10.426688
          10.42684 10.430931 10.434348 10.439388 10.439459 10.443907
          10.447378 10.4488945 10.450818 10.452148 10.452402 10.458535
          10.470837 10.471597 10.47411 10.480423 10.484026 10.484632
          10.489256 10.494235 10.495193 10.498225 10.500947 10.501501
          10.502015 10.502286 10.503124 10.505794 10.512207 10.512708
          10.513163 10.51699 10.517283 10.517985 10.519016 10.526122
          10.52634 10.52637 10.526452 10.532433 10.534795 10.535292
          10.53784 10.541236 10.543315 10.544729 10.547982 10.548236
          10.557264 10.567768 10.56839 10.5816765 10.584402 10.5893
          10.5896 10.59111 10.591206 10.5972395 10.598606 10.606827
          10.611219 10.614009 10.614288 10.61599 10.616052 10.622146
          10.624182 10.625624 10.627245 10.634238 10.6347275 10.636258
          10.637102 10.63952 10.640268 10.641145 10.641316 10.641508
          10.641541 10.64156 10.642353 10.642862 10.648988 10.651537
          10.654807 10.659256 10.659533 10.662252 10.671224 10.677645
          10.677784 10.6816025 10.68232 10.68309 10.691561 10.694135
          10.694195 10.695152 10.697363 10.700908 10.704705 10.705231
          10.709321 10.710374 10.711412 10.716709 10.719501 10.720258
          10.720526 10.724784 10.725614 10.726936 10.727357 10.734778
          10.737056 10.746941 10.7485075 10.75614 10.758938 10.760345
          10.761156 10.766572 10.768519 10.771799 10.774703 10.775193
          10.776195 10.776907 10.777174 10.778933 10.782121 10.782531
          10.784111 10.785964 10.792944 10.794759 10.7996435 10.800082
          10.800404 10.801092 10.80416 10.809663 10.811776 10.812676
          10.815394 10.815587 10.817824 10.818758 10.81936 10.819548
          10.820045 10.823553 10.826471 10.82824 10.830375 10.831565
          10.833267 10.838037 10.842238 10.842297 10.845033 10.848026
          10.8499775 10.850159 10.854425 10.857863 10.859015 10.859121
          10.859622 10.867569 10.867907 10.874492 10.882172 10.885002
          10.889282 10.891218 10.894058 10.897935 10.899106 10.900582
          10.900777 10.902382 10.9039955 10.904166 10.9057665 10.905955
          10.910851 10.911156 10.912359 10.912577 10.913442 10.913824
          10.914179 10.916571 10.916801 10.919092 10.92035 10.923257
          10.925571 10.931216 10.93183 10.932199 10.932753 10.938968
          10.940894 10.941828 10.941833 10.94204 10.942511 10.943976
          10.944409 10.945583 10.946356 10.946635 10.950322 10.95393
          10.95481 10.955081 10.958928 10.961162 10.961639 10.9616785
          10.96179 10.964123 10.965265 10.967374 10.967389 10.969043
          10.972059 10.975623 10.978663 10.979601 10.980501 10.9828615
          10.984113 10.985921 10.988546 10.989564 10.990075 10.993965
          10.993966 10.995403 10.996707 10.997231 10.998665 11.004577
          11.009459 11.010376 11.014582 11.0147505 11.015781 11.017195
          11.019407 11.023103 11.024015 11.02514 11.02565 11.027936
          11.030666 11.036205 11.039505 11.044962 11.046499 11.046624
          11.048068 11.048923 11.049993 11.052375 11.05528 11.055369
          11.059197 11.062012 11.062652 11.065172 11.077167 11.079141
          11.082446 11.082566 11.085916 11.087849 11.088449 11.094406
          11.095388 11.097288 11.0974865 11.100761 11.102177 11.103476
          11.105191 11.105416 11.108216 11.109138 11.113818 11.113998
          11.115096 11.115244 11.11559 11.118284 11.121287 11.1213665
          11.121622 11.130471 11.131449 11.131551 11.135651 11.136069
          11.141313 11.1462755 11.147856 11.148496 11.149151 11.151477
          11.152977 11.153041 11.153304 11.155524 11.157065 11.158171
          11.1587715 11.159666 11.1603365 11.16208 11.165857 11.166383
          11.169117 11.16941 11.171758 11.173475 11.1743355 11.175307
          11.176049 11.179109 11.179551 11.181803 11.182526 11.182875
          11.183611 11.18525 11.186553 11.188063 11.188949 11.189909
          11.190145 11.190387 11.195535 11.200123 11.201849 11.202706
          11.20424 11.209072 11.21959 11.220648 11.2212305 11.221466
          11.221476 11.2232685 11.224569 11.227207 11.229147 11.229676
          11.23157 11.234228 11.238407 11.2386265 11.239008 11.240139
          11.246048 11.248454 11.248921 11.251035 11.256026 11.261378
          11.262182 11.263212 11.263244 11.266343 11.268228 11.27133
          11.271778 11.273085 11.27325 11.275538 11.276312 11.277935
          11.280881 11.28396 11.284373 11.286558 11.289203 11.290852
          11.291109 11.292518 11.2936945 11.295878 11.296339 11.297274
          11.301871 11.304314 11.30493 11.30578 11.306844 11.307162
          11.307936 11.308004 11.310733 11.313112 11.313821 11.31797
          11.318627 11.320092 11.32114 11.328352 11.331759 11.334932
          11.336035 11.337381 11.337465 11.338735 11.341204 11.344435
          11.345323 11.346218 11.347911 11.349456 11.352986 11.35538
          11.356877 11.362273 11.362693 11.365544 11.367283 11.367971
          11.368584 11.369728 11.376637 11.379128 11.380096 11.380936
          11.380938 11.381012 11.38308 11.385794 11.387499 11.388144
          11.4050665 11.405234 11.405623 11.406013 11.40708 11.408502
          11.408766 11.412245 11.412375 11.414384 11.418954 11.423291
          11.424161 11.425317 11.42574 11.428332 11.431698 11.432757
          11.436056 11.440278 11.441501 11.442686 11.444386 11.446911
          11.447837 11.448605 11.449198 11.452737 11.455824 11.458931
          11.465038 11.47185 11.474126 11.4751835 11.479304 11.483032
          11.486598 11.490578 11.491147 11.491865 11.492383 11.492749
          11.496555 11.497126 11.497954 11.498237 11.499302 11.500341
          11.503065 11.505396 11.506547 11.506911 11.507205 11.5087385
          11.512148 11.515815 11.517202 11.521586 11.522949 11.527177
          11.529907 11.536814 11.552558 11.553137 11.55386 11.554312
          11.562261 11.5634365 11.563776 11.568336 11.570741 11.57147
          11.575714 11.577577 11.580841 11.581336 11.583289 11.585747
          11.586599 11.587563 11.589163 11.597686 11.60142 11.601513
          11.607575 11.608019 11.610826 11.612773 11.614907 11.615655
          11.616353 11.618048 11.618135 11.621394 11.62159 11.621716
          11.622952 11.624723 11.625841 11.6333275 11.633893 11.636575
          11.63715 11.640829 11.641196 11.641619 11.644052 11.64493
          11.648499 11.652615 11.653024 11.659484 11.660498 11.665317
          11.666468 11.66731 11.668858 11.680822 11.681543 11.683429
          11.688968 11.689038 11.690026 11.690609 11.691488 11.6945
          11.694971 11.697026 11.700361 11.700855 11.7065735 11.706956
          11.71011 11.7128105 11.713533 11.7158 11.7213745 11.722071
          11.725281 11.726979 11.727927 11.733199 11.748585 11.752623
          11.753797 11.754653 11.756654 11.760226 11.760564 11.762738
          11.763075 11.764238 11.770456 11.7729025 11.776892 11.779146
          11.783217 11.785463 11.786479 11.786756 11.789134 11.793316
          11.793354 11.796516 11.801698 11.802888 11.804403 11.804851
          11.809541 11.810992 11.811951 11.812547 11.813682 11.816035
          11.82136 11.82311 11.828987 11.82941 11.831427 11.831625
          11.831699 11.842806 11.843313 11.844645 11.849668 11.852244
          11.852476 11.85259 11.853801 11.854362 11.870942 11.8728485
          11.874816 11.879846 11.882373 11.890058 11.896834 11.899111
          11.908542 11.910069 11.913822 11.915304 11.917721 11.920093
          11.920809 11.9272585 11.928123 11.931794 11.935789 11.937557
          11.9398775 11.946772 11.947523 11.950758 11.955615 11.956754
          11.960627 11.963882 11.963963 11.965809 11.9659395 11.966392
          11.967947 11.968492 11.969332 11.971765 11.977137 11.978443
          11.980717 11.983057 11.985987 11.986219 11.986587 11.986624
          11.988655 11.989248 11.9989805 11.999904 12.003964 12.004841
          12.008102 12.012141 12.0135975 12.016919 12.01758 12.020495
          12.021414 12.021739 12.025173 12.027088 12.02878 12.033814
          12.035804 12.036505 12.038895 12.040089 12.040255 12.047213
          12.05009 12.051617 12.054352 12.059495 12.060193 12.061327
          12.06514 12.065191 12.067474 12.071633 12.072363 12.072554
          12.07331 12.073459 12.075702 12.078736 12.079329 12.079905
          12.080094 12.085336 12.089453 12.089597 12.091788 12.09212
          12.094487 12.095728 12.096361 12.097218 12.098797 12.099612
          12.100274 12.101503 12.10244 12.107082 12.108674 12.109344
          12.110003 12.113939 12.114164 12.116902 12.120879 12.121113
          12.121434 12.123155 12.12334 12.124066 12.128491 12.1292715
          12.133044 12.134386 12.1353445 12.137835 12.139703 12.143709
          12.147439 12.149644 12.1503 12.15394 12.155721 12.16098
          12.164223 12.165639 12.172055 12.174442 12.175327 12.175663
          12.175687 12.17614 12.1773 12.177549 12.182394 12.1834955
          12.185283 12.187391 12.18887 12.192068 12.193963 12.198792
          12.198987 12.202446 12.205737 12.210184 12.214068 12.2147665
          12.219162 12.220155 12.2232065 12.224421 12.225112 12.227961
          12.228166 12.23146 12.234058 12.236895 12.243837 12.247711
          12.247906 12.248248 12.24952 12.256181 12.260016 12.264134
          12.264438 12.265032 12.265406 12.265501 12.269487 12.274284
          12.277383 12.278577 12.278885 12.280879 12.284291 12.284377
          12.289978 12.290281 12.291271 12.291901 12.292012 12.29277
          12.295589 12.299465 12.299724 12.300927 12.302113 12.303919
          12.304166 12.308012 12.308273 12.30877 12.311676 12.3170595
          12.317142 12.317418 12.31848 12.32127 12.321431 12.32149
          12.324777 12.326119 12.327657 12.328759 12.333471 12.337362
          12.338086 12.33838 12.340809 12.342933 12.343959 12.347454
          12.352326 12.352617 12.353563 12.357354 12.360789 12.360802
          12.36085 12.362948 12.364946 12.365024 12.36712 12.3672495
          12.371753 12.375656 12.375953 12.376791 12.388147 12.391705
          12.393378 12.393704 12.396431 12.396938 12.39807 12.405146
          12.406619 12.41106 12.412398 12.414662 12.419106 12.420345
          12.421846 12.424791 12.427068 12.43068 12.434521 12.439732
          12.440033 12.442863 12.451799 12.45224 12.456267 12.459299
          12.4593935 12.460372 12.463985 12.466823 12.467556 12.468508
          12.471888 12.473257 12.47623 12.476716 12.476927 12.479547
          12.480749 12.481555 12.489886 12.4924135 12.49429 12.508107
          12.508668 12.508923 12.510441 12.513406 12.518517 12.519404
          12.52518 12.532177 12.533087 12.533217 12.536715 12.536738
          12.537265 12.547563 12.555395 12.556074 12.561693 12.562135
          12.563287 12.564354 12.5650425 12.570567 12.572911 12.57381
          12.573957 12.574068 12.575661 12.57961 12.581008 12.584947
          12.585054 12.587034 12.590703 12.595547 12.600666 12.602823
          12.604766 12.605728 12.606515 12.606699 12.609154 12.609935
          12.615542 12.615875 12.615931 12.61871 12.619573 12.620138
          12.621733 12.626152 12.63075 12.63134 12.634028 12.634598
          12.636574 12.640041 12.640924 12.644025 12.647042 12.64924
          12.652184 12.652379 12.652391 12.662904 12.665128 12.66639
          12.6691065 12.6725645 12.676246 12.683469 12.691354 12.695333
          12.704814 12.706277 12.716993 12.717926 12.7207775 12.721109
          12.72144 12.721712 12.725166 12.729089 12.730215 12.732293
          12.732601 12.733103 12.734068 12.737236 12.737408 12.739546
          12.739871 12.74132 12.742567 12.744423 12.744543 12.745228
          12.746748 12.746817 12.747734 12.755352 12.758027 12.760062
          12.760652 12.76459 12.766225 12.766409 12.76758 12.7726965
          12.779156 12.7799425 12.785093 12.78665 12.79012 12.790932
          12.791719 12.792727 12.796002 12.797685 12.799067 12.801112
          12.802195 12.80235 12.803453 12.804729 12.807059 12.812707
          12.81473 12.81593 12.817424 12.818468 12.821585 12.829365
          12.830478 12.832428 12.834283 12.84293 12.84415 12.846625
          12.848022 12.850276 12.851028 12.851845 12.852237 12.858101
          12.8587055 12.858788 12.859311 12.862588 12.863139 12.865833
          12.865888 12.866588 12.869813 12.870545 12.873016 12.875019
          12.880448 12.882518 12.882677 12.8901205 12.90006 12.900606
          12.903507 12.905998 12.912089 12.912509 12.912822 12.913345
          12.920825 12.923295 12.928669 12.928807 12.937897 12.940981
          12.941163 12.948203 12.948738 12.950107 12.950911 12.951882
          12.95344 12.95506 12.955364 12.960446 12.96168 12.962384
          12.9639635 12.965646 12.968846 12.969153 12.970861 12.973597
          12.973698 12.97522 12.979579 12.981304 12.982069 12.989071
          12.9904585 12.9951315 12.995585 12.997966 12.999592 13.002876
          13.010274 13.010807 13.012269 13.012887 13.013263 13.0144415
          13.01686 13.019794 13.0206175 13.020779 13.023189 13.023449
          13.031093 13.036164 13.041146 13.042266 13.042333 13.04368
          13.050195 13.060907 13.061801 13.063315 13.067001 13.069505
          13.075357 13.080648 13.082044 13.084238 13.084526 13.086222
          13.088016 13.088216 13.093295 13.0971365 13.101237 13.102937
          13.106125 13.107313 13.108505 13.1133175 13.120693 13.121834
          13.13282 13.136461 13.14064 13.141305 13.143749 13.147286
          13.149203 13.149504 13.155617 13.160696 13.161487 13.163389
          13.164966 13.1654825 13.166774 13.1680565 13.168622 13.169224
          13.16999 13.170282 13.171406 13.174727 13.1764145 13.183012
          13.187914 13.189651 13.191241 13.192138 13.194751 13.19598
          13.197951 13.202239 13.202876 13.204563 13.204594 13.206137
          13.211016 13.214707 13.226256 13.230335 13.23082 13.234834
          13.235654 13.236455 13.238751 13.238789 13.240877 13.241085
          13.24765 13.250565 13.251283 13.252126 13.263511 13.265024
          13.2651825 13.269402 13.273902 13.275399 13.279991 13.281698
          13.281762 13.287825 13.294323 13.307132 13.30968 13.3108835
          13.313122 13.318899 13.320605 13.3231 13.342393 13.345638
          13.352529 13.355355 13.35736 13.357889 13.370071 13.376946
          13.378002 13.378654 13.390581 13.401225 13.403768 13.404095
          13.405212 13.409015 13.412801 13.412858 13.415078 13.419828
          13.429921 13.430129 13.43635 13.451803 13.452569 13.479899
          13.490196 13.492301 13.499283 13.501994 13.506594 13.512191
          13.525314 13.529662 13.532077 13.532912 13.534316 13.544606
          13.565158 13.575393 13.581215 13.583751 13.594473 13.59659
          13.606276 13.612985 13.616513 13.627106 13.634975 13.638554
          13.640375 13.648365 13.653026 13.6653185 13.673623 13.67511
          13.7048025 13.713523 13.718101 13.718996 13.720107 13.725706
          13.726057 13.736247 13.738304 13.768764 13.773071 13.777729
          13.778303 13.78041 13.80338 13.819733 13.823345 13.833197
          13.838884 13.884624 13.898624 13.90094 13.913668 13.920354
          13.923516 13.924898 13.929357 13.934847 13.941615 13.944644
          13.956576 13.971778 13.9882145 13.992337 14.000551 14.092061
          14.098038 14.113061 14.134603 14.204897 14.209756 14.232292
          14.3412485 14.419663 14.7663145 14.797398 15.212088 15.45816
          23.167929
        </DataArray>
        <DataArray type="Int32" Name="VertexId" format="ascii" RangeMin="3" RangeMax="25594">
          1905 13260 11025 467 13580 13420
          13264 1584 305 2705 1758 13584
          1744 1740 466 11187 945 2062
          10718 13258 13582 13424 2063 943
          13259 937 1105 15006 11185 2544
          154 10396 5437 787 1755 15001
          1756 1101 2225 782 315 3970
          944 779 2712 8445 463 10384
          155 1901 2714 10234 10235 10544
          938 142 8945 10062 8144 11350
          11349 10556 13730 143 1593 13732
          10223 2713 8294 10059 13731 11512
          2385 8132 953 9585 13574 12159
          12639 10060 11673 3186 11511 8292
          9744 11672 939 1102 11994 3165
          7190 9087 8793 1435 1897 9250
          2218 9411 158 9410 11834 9093
          9089 1753 9249 157 16519 1595
          10055 9572 5735 9412 930 11496
          12478 7024 2870 9248 9092 13914
          8618 12147 11987 11195 8767 9891
          798 9425 7185 10873 9102 8769
          5850 9117 9103 8768 7025 1115
          13750 15003 6217 13237 2220 9897
          4476 11517 8610 11494 9732 527
          8304 8457 11495 4771 7805 11033
          13749 3025 2711 479 3188 9575
          12156 11996 4158 3489 4311 1898
          958 9097 8956 8938 6322 6056
          3649 5918 7962 15337 4934 7963
          152 11492 6181 18107 7494 15011
          11493 5758 48 7801 16629 9269
          11822 7802 13439 3511 7640 6020
          11645 13241 7641 6690 6379 6180
          207 15010 2034 16959 16797 10037
          6024 13709 6378 7821 4932 14981
          3647 297 15182 2230 6023 16955
          13911 7814 13119 15014 14349 16796
          8140 13081 7433 1322 11649 457
          843 1003 12629 15343 11823 16461
          7157 15342 14030 684 16622 9591
          12949 10201 11648 6185 14029 14189
          6025 6676 9590 16462 16958 2551
          4317 15998 11490 5854 7498 13432
          7657 12789 7158 4287 12469 15013
          5853 13431 7677 15026 4449 14862
          1487 15022 17313 6211 13595 14347
          10358 4448 2397 2237 135 14864
          12792 10359 2520 10198 2838 2415
          11820 6838 4125 3474 10694 8439
          14508 12633 2757 15675 3480 10191
          15024 10847 8280 1713 2836 3965
          11307 6711 5885 293 2435 6700
          15019 10693 12905 9439 15505 2837
          11796 9434 15504 11315 13063 8154
          12910 7187 1873 6046 2678 10989
          1470 11942 10528 15677 15176 9594
          5729 2596 6034 5889 9723 18423
          3833 9279 2097 2256 13865 3354
          13384 10988 3481 828 11786 6164
          11801 11475 1092 2842 9565 2599
          6045 11629 13544 13383 2758 452
          9883 817 7172 1297 13866 294
          12103 6526 6701 295 2843 12102
          12904 11628 5568 6540 13230 14542
          2197 2092 3159 16314 497 16793
          11626 12409 1010 6871 374 213
          11943 1484 15492 657 2419 5887
          932 9562 9710 7199 1616 10512
          8437 9722 1735 2127 56 2418
          8314 15 1012 12900 10511 6195
          14702 1457 9230 9390 214 13060
          1169 15144 51 492 832 4120
          16624 1011 8438 55 10033 4795
          127 14984 6207 11802 12913 1137
          6857 1230 9711 2094 11152 11927
          14675 5720 354 25398 11004 10845
          11151 3673 1622 40 3063 812
          992 7834 15493 1655 1149 3832
          4794 12912 15666 1292 494 1777
          1014 12088 1307 18 12246 1013
          12584 2896 10653 5225 1336 2198
          1465 10508 9397 1495 6336 1620
          1610 9233 1736 15506 1147 495
          11313 218 487 1452 17 9553
          12914 2122 15349 2907 2736 15348
          2899 2428 814 1633 2892 7954
          1965 13539 217 1621 5385 493
          7955 1493 334 20 14664 6029
          1780 13220 482 2082 9557 7994
          1632 1285 3709 1332 11928 1282
          2087 3156 2195 2906 12087 9079
          965 6698 1015 2898 480 2124
          6028 822 1818 19 18265 810
          359 13687 665 3799 489 1611
          199 811 12085 14550 14710 1306
          2732 1127 2588 1280 3070 6042
          12086 10842 1638 5881 6189 3377
          2282 821 11161 2088 1281 25
          1478 1125 802 648 3057 7514
          10 3 967 12406 10682 23
          1283 481 1605 33 7513 995
          484 485 642 6799 24 5882
          513 170 1445 1551 2084 7518
          2912 9238 1603 35 18900 1627
          663 14513 1464 994 1656 1628
          34 5883 5079 2085 963 2083
          182 8 5721 3071 3390 3389
          13057 11938 3796 12420 14836 3228
          5 168 13058 3795 11322 3542
          2109 12261 324 3549 12895 858
          5217 10938 9062 2880 1604 3383
          4190 3072 4 4115 698 448
          14168 12865 13056 16146 13685 3704
          14454 11780 4509 5399 3829 3703
          3865 7835 98 13686 5242 3527
          3956 11932 3669 5377 14329 14009
          14169 13039 5450 4349 8588 2882
          13049 2881 15726 12889 3814 2884
          4029 8750 4582 14498 4665 2169
          3864 16045 8909 2886 4489 7950
          8749 5081 12867 7951 7453 9858
          14134 3205 16043 6887 12544 13369
          5424 4005 13364 3368 4507 2883
          13365 12533 4508 12093 12092 8898
          3045 12853 7459 4506 4352 4510
          13035 3403 4584 11295 11135 15250
          2203 4008 16044 2614 6522 5280
          12704 10340 7205 2363 8228 4812
          15570 7045 5310 11930 7299 13173
          10969 5132 5292 15410 4169 12866
          3813 12733 6682 3724 14499 4009
          3564 5152 11122 5307 14172 4941
          3402 4583 5311 4973 24625 4901
          13842 2455 3688 5102 16770 6412
          23975 16202 12860 12072 15092 13683
          15885 23990 4329 16996 2934 2774
          25279 5149 14294 10180 14333 3847
          14173 14974 8904 24305 8258 13532
          3880 13036 17094 25269 14171 10810
          8419 3720 24639 5308 8424 9344
          24468 2487 4480 7308 5927 5768
          15251 16586 13501 7280 8418 13372
          7148 11455 10490 13662 12552 24950
          16588 15408 24465 7450 12075 3092
          24318 24787 8578 25437 7779 7619
          8425 13013 13502 2328 19535 4964
          4141 16609 10816 12554 24958 2933
          16452 12234 4942 14485 7211 13202
          24469 5777 16611 24627 18741 25089
          14325 7764 4043 10023 25438 10491
          7451 14806 7120 17407 12392 16610
          5765 25109 7295 3884 16908 4651
          6088 8085 6411 6402 9505 4497
          14647 19377 9345 25104 24948 24626
          13342 3090 16442 16292 4639 3091
          24478 8087 9342 8900 113 17087
          12553 16587 5297 5925 6563 13018
          16099 12390 4323 12861 24292 24955
          16748 14773 732 12537 14971 25593
          10183 13180 11759 24634 25582 893
          431 4000 11437 4362 16773 5455
          4203 9343 5296 5123 5763 5454
          25432 19536 4479 8002 25115 17083
          25592 105 6080 4817 12391 8322
          7845 6812 272 24925 2965 4753
          8084 4594 13814 14813 14932 8167
          8003 14972 5457 4160 2805 592
          25594 4657 280 25113 7132 7624
          119 110 18208 13020 17915 15770
          12695 14613 14449 16767 4819 7304
          17247 16415 24946 4976 7292 3680
          4885 120 6082 4820 9843 4800
          8086 4517 3840 6651 11603 7520
          25272 25242 7525 2979 16268 7305
          892 6242 1823 25263 24793 12859
          24133 11423 16428 4960 16927 8000
          115 7049 8249 114 5620 6880
          16768 6109 7464 5779 1982 9294
          13345 5949 7927 6417 4268 13344
          5287 103 9455 6265 16604 1213
          12714 13974 8004 14139 6106 12078
          17583 6081 6104 6105 12536 8248
          4516 15947 4519 8887 6881 4427
          12549 16763 19008 16603 23358 19839
          19378 601 8166 7362 4048 19518
          17549 19803 6416 25241 1384 19350
          2824 7285 5447 6400 16764 17756
          25084 10623 11738 20153 13670 11758
          18077 5423 20289 4518 19022 3336
          19345 5942 16267 24927 17737 9688
          19348 17631 7750 16917 12065 18550
          9295 6241 2815 14137 7445 18076
          17264 4367 19343 9848 8001 23029
          8169 15611 5317 19519 16833 5316
          19349 2822 11114 3728 2969 5782
          13509 24770 8890 283 11429 4366
          18059 1542 8320 19344 1211 19970
          7055 17577 11115 19328 426 16417
          16993 3624 20150 10952 7054 5748
          8659 8168 13177 10156 18537 13979
          10477 5046 4145 20130 19031 600
          2816 8889 1053 19665 17728 5952
          5419 10317 19829 18864 17724 17229
          19029 3657 11749 19504 104 1221
          8728 425 10798 18239 1222 3985
          19030 2808 18228 19660 15630 15470
          19190 18545 23190 2823 19346 18238
          18869 7850 25539 11420 19355 270
          4467 10953 5319 18558 2981 3944
          1543 18490 18529 6111 19342 19669
          19183 18224 10942 11102 9200 9675
          16102 7690 18492 17898 23665 23189
          23834 19340 19356 18705 18398 8546
          19830 17733 6421 5318 6420 6904
          18389 18491 17888 576 15786 3656
          19649 8160 3147 18053 18553 23032
          18555 16101 19672 1226 17369 17893
          6744 18858 19835 18214 23984 17573
          899 23835 23348 19831 16571 23031
          18144 2987 9678 10478 17690 4213
          10799 19832 12057 9837 23512 19168
          3304 9520 23352 11588 19488 16078
          18054 18698 16572 18967 18392 23519
          18648 6747 18385 9205 18552 3737
          17564 17568 9999 15438 18378 10158
          6899 20484 17370 18554 19247 1349
          18788 3496 9194 16758 6587 20612
          15915 19004 9033 5909 20454 20453
          19809 18808 4468 7058 12062 5680
          23335 4848 12222 18327 1212 15774
          16399 9835 101 19762 23323 7917
          20143 18532 15758 4688 25377 19967
          9034 15916 7378 15598 18904 19968
          19165 21249 1188 9280 14291 24125
          7222 7218 5520 14954 18007 18531
          8556 18964 19983 18167 18744 108
          18489 3895 21272 23321 15917 23659
          18487 17392 15274 1059 5957 19601
          8017 7064 23658 20451 18008 23004
          20168 19175 19014 19002 3576 16239
          18971 21278 20945 17073 17999 14149
          19003 20628 7918 24441 24285 24601
          25575 22392 14470 4143 19761 20468
          15114 7856 19016 18969 17551 20007
          7542 19015 7857 13989 23962 7382
          20167 24443 16862 15269 19806 18157
          23325 24444 22553 15276 25416 18322
          23177 25378 2812 23322 17687 22545
          22234 23164 23337 18929 18749 18612
          14632 20624 19270 5269 23495 17998
          17528 19579 5797 20626 17233 3819
          20480 8872 18965 23963 8877 22547
          14313 16878 23807 14793 16087 16887
          18515 16722 20464 8876 8337 8978
          18149 23805 11845 15639 8717 9610
          18934 21269 17034 14309 9032 23804
          5327 5167 20627 16088 22707 22546
          15604 16717 3443 8497 22552 7704
          15762 8177 9670 9514 15479 23641
          17829 7694 22713 12000 17680 18589
          17677 16557 17989 17396 18160 7538
          15255 18470 14949 14786 20958 22233
          21917 17839 21745 18174 15763 16718
          16712 20785 23661 25368 18148 21118
          4093 7695 14951 23806 22535 16085
          14626 17678 18932 10095 17357 21748
          18334 20948 22230 15109 22068 17047
          21115 19088 15254 16721 21275 3105
          3774 21740 17956 20619 16875 18931
          16888 18194 21908 17517 18933 18630
          15960 8494 2944 22683 11680 20012
          18312 11840 17654 7544 8022 68
          10404 21114 22387 17694 16710 17682
          18799 20798 18952 9668 22698 16086
          22231 3104 17344 15445 19609 22859
          22857 17673 18134 22858 18771 17638
          6440 23492 16549 5332 17693 8334
          3658 16083 18354 18293 17332 22237
          17184 21742 20933 17681 20217 8961
          17796 16404 19109 67 20773 16244
          19253 18310 21915 5334 20930 21424
          21738 4377 17637 4217 18325 8650
          18352 7860 15922 20771 21747 20938
          19255 20940 18994 20539 15959 22077
          18311 17674 3453 8490 2784 21593
          15745 21418 23022 17994 16550 16855
          2949 21426 18353 3284 16551 5174
          15418 5013 17995 14926 21427 17376
          9302 18457 21743 20621 9606 19092
          17665 16392 1852 24461 21422 20604
          23023 20939 21089 9932 23652 17824
          16593 22695 20935 20780 17537 12003
          21258 12002 20444 21582 21739 21578
          15739 3933 16065 24106 9772 15417
          17664 18618 25372 20934 17216 4730
          21584 9934 18608 19095 14927 9767
          11844 3294 23945 15905 17536 7547
          2011 17167 16115 20409 17362 10899
          20011 18480 6120 24301 18609 12480
          18447 15260 17012 17237 8492 19734
          19271 4890 19930 16594 18663 20322
          10734 17493 20804 17522 18440 17013
          16850 10260 18757 3501 21204 7387
          17671 18458 24910 18760 6915 2467
          16060 21621 3500 18939 4248 2307
          19574 9300 15425 18835 17172 22214
          17813 3617 16852 16885 2947 18600
          85 15419 8524 16886 4542 15737
          7085 4409 11850 22843 22374 18619
          20165 12644 22212 10732 8504 24105
          19449 25364 16070 10574 6784 19736
          19320 22530 18607 10733 554 19150
          3616 21048 6445 4413 16069 16690
          6924 19120 875 24890 4408 6284
          12320 4880 6922 6754 10722 18442
          24590 18277 8203 19735 6285 19577
          6927 7724 19929 5200 14939 8042
          17339 6926 6604 4242 19897 25211
          7722 20890 8344 4700 17329 20090
          6925 22213 11064 6447 10408 18445
          6762 8491 17500 4243 19853 20080
          25387 17961 16435 19321 25365 19927
          8665 25050 2472 16381 14940 10889
          8043 6923 715 13280 18441 5657
          8664 6129 20889 19767 18039 7240
          7552 19550 4701 19240 4539 22019
          17873 17960 1520 24592 9287 24750
          76 24591 1675 18181 13649 19777
          8364 19872 10737 6919 23468 21782
          17340 12800 19920 7883 25362 4549
          7080 17482 7714 19639 11050 10736
          6446 19640 24594 7565 18446 18179
          17879 18943 5972 10563 8509 10088
          7879 235 4544 19072 7880 10902
          10086 10080 7394 18178 10307 25374
          1695 17322 19233 21622 19790 7882
          25068 5990 10147 9319 18435 1359
          6942 10903 19263 18759 10578 7717
          5969 14127 6920 9447 16537 8520
          1519 19103 3905 7732 25359 24754
          17501 24272 6300 7554 12324 7727
          13127 20095 7726 18339 7579 20030
          20378 22532 4543 6929 6131 20547
          22050 10880 21124 13122 7247 10898
          18508 20879 10890 20885 7087 21210
          7237 24432 25357 4547 18991 5662
          21372 5497 8534 24885 7077 22052
          18348 12969 19228 5339 10728 10881
          19711 18342 2152 10901 4546 7734
          18436 7715 8047 21355 20028 18997
          8532 25363 25360 7729 20551 8521
          23443 24584 19232 19080 11849 21044
          2153 19298 21050 19775 16697 2151
          19068 1535 7095 20730 13121 18912
          24752 23789 8352 5179 19158 5994
          7730 12963 20413 19230 20964 13490
          6783 7737 8189 12968 5660 8052
          2954 12640 19870 22208 6134 9008
          553 5342 23760 10907 23764 19935
          19936 24083 5344 20644 25044 404
          8030 7733 5659 10906 19231 8514
          11045 23922 5672 7736 5661 8847
          22182 7887 5974 3271 5341 3111
          7888 8213 13289 13284 21206 6928
          9157 8511 23927 8349 21562 23769
          7257 8372 25358 24903 7255 21357
          23768 24082 6618 19398 13285 20572
          6144 14128 22513 18125 19390 19882
          7892 10400 19465 22989 5831 24881
          10264 13129 20227 9322 80 22049
          14120 21402 21356 20874 23949 20387
          19773 5183 4235 19629 8999 725
          24564 4225 19458 8053 22833 22673
          6939 7256 7418 13283 24882 23603
          9007 22180 5352 8374 18285 21080
          8837 6940 23762 11200 8513 10423
          23125 22882 2635 8529 20073 8832
          1358 23280 9321 19238 8840 3754
          23761 8531 24725 13927 5187 6467
          25515 19868 24744 10884 5512 25516
          6452 6292 9324 6932 11040 8678
          407 19782 8057 5354 21236 23925
          3752 8672 4228 25550 79 23150
          23788 21211 6931 5668 24111 8687
          23309 22880 9005 21502 5346 6305
          23130 4867 2634 6938 22485 9760
          23285 20074 6462 21943 5669 22083
          11362 21600 4868 24748 22949 6466
          20862 4073 5353 23200 23782 1196
          23281 22104 20025 20507 19912 23149
          10240 7898 23792 4554 10107 6461
          19720 6315 2953 10268 19306 21783
          20544 20549 19752 13132 11701 20348
          13922 4072 4394 21198 19779 13763
          5349 24074 5509 22881 565 20026
          21341 10267 4074 879 23738 13291
          20921 9329 10266 3753 1038 19717
          2158 20983 406 23305 14080 22493
          23268 22654 24403 21342 20400 22664
          24877 24100 25549 20557 21397 23952
          9307 21602 21280 14437 6152 21185
          19558 22405 21670 24878 20553 9306
          20822 24103 22099 13608 21762 22515
          9169 20810 11707 248 5987 20558
          20392 14278 21937 20823 6155 25061
          21379 23303 2157 9474 22653 21618
          9475 24078 23269 21702 9957 23289
          9309 23682 3432 11711 22470 24509
          16817 23275 10432 9310 21442 22794
          23201 9797 22980 10112 22647 20861
          20865 22972 6472 22679 17290 23306
          20545 21539 10274 10120 21668 23205
          16496 14914 21760 11709 22992 21862
          23131 23363 10275 24253 24715 22403
          23680 22839 11708 23300 22400 11383
          11710 21944 22887 23918 24101 23203
          21615 11704 21179 23772 23771 22813
          22357 23522 20594 22660 22092 23622
          23754 9632 20968 3277 10271 10272
          22629 22646 21777 12837 9473 24740
          9962 21398 23265 22564 22454 10125
          21289 10752 13920 21503 24900 21180
          23755 22805 20334 12661 21281 11697
          6947 21669 21320 21773 24413 21181
          24579 20333 17132 3276 21932 24716
          22502 21396 11377 6787 17291 23301
          20864 13942 23045 6313 10911 11705
          22886 23435 22514 21322 13932 23589
          23112 20900 21329 23140 22415 24395
          23777 10914 14255 21619 10121 21127
          21481 21797 13005 13321 24482 24097
          9959 23429 22317 20809 24420 22255
          5356 24480 22410 12992 22007 16657
          17127 22413 17454 20521 12365 21614
          22006 17703 24555 13479 22401 23360
          25339 23617 23295 22094 22027 22332
          9172 20336 11703 13310 21625 22302
          20360 13480 9331 21680 17137 21695
          21979 21349 23914 22414 14116 10442
          13642 21520 20273 13142 16649 24099
          16342 5355 16968 5357 21352 22185
          10290 21382 23266 23273 11072 21350
          22463 13794 18094 14091 82 13311
          16977 17704 22186 21288 22953 22098
          25505 22411 25344 11080 25150 22889
          16340 22476 22147 21635 21535 11855
          21645 24517 22356 16810 10282 22465
          22492 21808 20585 21542 21220 20433
          20177 21787 15388 13475 22888 15537
          23692 10283 12842 13634 10757 24481
          22462 25504 23210 21995 21835 22632
          24000 24524 17768 13615 2372 20978
          20824 24828 22330 12843 23296 13955
          24835 16813 12515 15854 16498 10603
          13774 16807 23687 12685 22307 12183
          21785 22464 16332 17445 22344 11854
          12823 13799 16967 2212 10443 16341
          17608 21647 25312 25311 15859 24027
          12844 20908 24830 23527 23709 24060
          22730 23615 12047 24675 24028 16487
          24068 23704 22466 23614 23050 15055
          20113 20904 10610 17293 12680 21796
          24668 13482 22169 17122 22114 13313
          21819 17286 14276 11714 24005 16644
          20529 12679 12017 25457 24829 14727
          14737 24988 22170 11403 21304 10756
          16019 21305 21946 13316 23215 13624
          15223 16480 12357 21793 12516 25154
          24843 13775 21794 15535 24172 17935
          15536 22134 16504 24162 25283 20428
          16493 21814 10921 23055 21799 10447
          24865 15706 16015 15694 21490 16647
          11858 10446 22115 10925 23908 23689
          17280 12337 24001 24035 23388 22937
          24995 15044 14896 20849 24385 15375
          23845 22331 11713 11880 16486 22294
          15844 11242 24010 20842 14732 24058
          14568 24685 23548 20689 10450 24207
          24070 11721 23712 15077 12206 11241
          16344 24519 24547 22897 11237 24800
          22737 15532 25313 16322 14573 24710
          24551 11243 24390 24025 23910 23852
          14919 11078 13304 14880 24840 24065
          14725 12040 13783 24026 23870 10288
          20534 21138 21970 11084 20913 15849
          23233 23890 25342 14917 15061 23220
          24705 22912 24487 12178 14889 15373
          21969 24518 24641 23850 24223 17123
          12352 20374 21643 23711 24546 12347
          24168 14432 12192 14899 23255 14735
          25332 24550 14900 14433 1685 24860
          23906 17121 24680 24224 22899 15062
          23697 21009 25025 14888 21389 15544
          18417 14759 23072 12506 17922 22290
          18080 25280 14757 24538 21974 16170
          25019 20914 24863 23415 24009 24327
          24380 16483 23729 22902 24521 23257
          22130 22936 24195 24502 22457 24218
          17763 14721 24862 24832 24687 24672
          13297 22433 24220 25287 22904 16800
          23231 24692 25281 24529 15716 23377
          24805 16481 24686 25304 23386 23730
          16165 13298 15527 22273 16641 20853
          21390 24049 25510 24367 22739 24045
          25351 24807 22592 24963 25145 20694
          25325 24046 24531 25319 24645 25189
          22581 22438 25029 15680 18401 13008
          1845 24647 15368 16038 24183 25324
          23217 25012 25286 24820 18250 24855
          14907 24528 24815 23717 22744 25334
          25318 22907 25480 22440 13169 22908
          24980 25333 23245 15067 24856 18886
          25320 23716 23222 24810 22122 23221
          18722 16508 22121 22278 24650 18081
          22439 25450 24813 24497 24661 25292
          24655 24812 15681 15235 25449 18257
          18565 22926 24020 18249 16507 18562
          23080 19048 25291 23090 23085 23247
          24496 22922 18888 22602 19043 22442
          23860 22931 19042 22762 22921 15242
          16198 15243 19050 19049 19680 19681
          16671
        </DataArray>
        <DataArray type="Int32" Name="CriticalType" format="ascii" RangeMin="0" RangeMax="4">
          0 0 0 0 0 1
          0 0 0 0 0 0
          1 0 1 0 0 0
          0 0 1 1 1 0
          1 0 1 0 1 0
          0 0 0 1 0 0
          1 0 1 0 0 0
          1 0 0 0 1 0
          1 1 0 0 1 1
          1 0 0 0 0 0
          1 1 0 1 0 0
          1 1 0 0 1 0
          1 0 0 0 1 0
          0 1 0 0 1 1
          1 1 1 1 0 0
          0 0 0 0 0 0
          0 0 0 1 1 0
          0 1 1 1 0 1
          0 0 0 1 0 0
          1 0 0 1 1 0
          0 0 1 1 1 0
          0 1 0 0 0 0
          0 0 1 1 1 1
          0 1 0 0 1 1
          0 0 1 0 1 0
          1 1 1 0 0 1
          1 1 1 1 1 1
          1 1 0 0 0 1
          1 0 1 1 0 1
          1 0 0 0 0 4
          1 0 0 0 0 0
          1 1 0 0 0 1
          0 1 0 0 0 0
          0 0 1 0 0 1
          1 1 0 0 0 0
          0 0 1 0 1 0
          1 0 0 0 1 0
          1 1 1 0 0 1
          1 1 0 0 0 1
          0 1 0 0 1 0
          0 1 0 1 0 0
          0 0 1 0 1 1
          1 0 1 1 1 1
          1 0 1 0 0 0
          1 1 1 0 1 1
          1 1 0 0 1 0
          0 1 0 1 1 0
          0 1 0 1 0 0
          0 1 0 1 0 0
          1 1 0 0 0 0
          1 1 0 0 0 0
          4 0 1 0 0 1
          0 0 0 0 0 0
          1 1 0 0 0 1
          0 0 1 0 0 0
          0 1 1 0 1 0
          0 0 1 1 1 1
          0 1 0 1 0 0
          0 1 0 1 0 1
          0 1 1 0 0 1
          0 1 0 0 1 0
          1 0 1 1 1 1
          1 0 1 0 1 1
          0 0 1 1 1 1
          1 1 1 1 1 0
          0 0 1 1 0 1
          1 0 0 1 0 0
          1 1 0 1 0 1
          1 0 0 0 0 0
          0 1 0 0 0 1
          1 0 0 0 1 1
          1 1 0 1 1 1
          1 0 1 0 0 0
          1 1 1 1 1 1
          0 1 1 1 0 1
          0 0 1 1 0 0
          0 0 0 0 0 1
          1 1 0 0 0 0
          1 0 1 0 1 1
          1 1 0 0 0 1
          0 0 0 0 0 1
          1 0 0 0 0 1
          0 1 0 1 1 0
          0 0 1 1 1 1
          1 0 0 1 1 1
          1 0 0 0 1 1
          0 0 1 0 0 0
          1 0 1 1 1 1
          1 0 1 0 1 0
          1 1 0 0 1 1
          1 0 0 1 1 0
          0 1 1 1 1 0
          0 1 1 1 0 1
          1 0 0 1 1 0
          0 0 0 1 1 1
          1 1 0 0 1 1
          1 0 1 0 0 0
          1 0 0 0 1 0
          1 1 0 1 1 0
          1 1 0 1 1 0
          0 0 1 1 1 0
          1 1 0 0 1 0
          0 1 1 1 1 1
          1 1 1 1 0 1
          0 1 0 1 0 0
          1 1 1 1 1 1
          1 1 0 1 1 1
          1 0 1 1 0 1
          0 0 0 0 1 1
          0 1 1 1 1 0
          1 1 1 1 0 0
          0 0 0 0 1 1
          0 1 1 0 1 1
          0 0 1 1 0 0
          0 1 0 1 0 1
          0 1 0 1 0 0
          1 0 1 1 0 1
          1 0 0 1 0 0
          0 1 0 1 0 0
          1 0 0 0 0 0
          1 0 1 1 0 0
          1 1 0 1 0 0
          0 0 0 0 0 1
          0 0 0 1 0 1
          1 0 1 0 1 0
          1 0 0 1 0 1
          0 0 0 0 1 0
          0 0 1 0 0 0
          1 0 0 1 0 0
          0 1 0 1 1 0
          0 0 1 1 0 1
          1 1 1 0 1 1
          1 0 0 0 0 0
          1 1 1 1 0 1
          0 1 1 0 0 0
          0 1 0 0 0 1
          1 0 1 1 0 1
          0 1 1 1 0 1
          1 0 1 0 0 0
          0 1 0 0 1 1
          0 1 0 1 0 0
          0 0 0 0 0 1
          1 0 0 0 1 1
          1 1 0 0 0 0
          0 1 1 0 0 0
          0 0 1 0 0 1
          1 1 1 1 0 0
          0 0 1 0 1 1
          0 1 1 0 0 1
          1 0 1 1 1 0
          1 0 0 0 1 1
          1 0 1 0 1 1
          0 1 1 1 0 1
          1 0 1 0 0 0
          1 0 1 0 1 1
          1 0 0 1 0 1
          1 0 0 1 0 0
          1 1 0 1 1 0
          0 0 1 1 0 0
          1 0 0 0 0 0
          1 0 0 0 0 0
          0 0 0 0 1 0
          1 1 1 1 1 1
          0 1 1 0 1 0
          1 0 0 0 1 0
          0 0 1 0 0 0
          1 1 0 1 1 0
          1 1 1 1 1 1
          1 1 0 0 0 0
          0 0 0 1 0 0
          1 1 0 0 0 0
          1 0 1 1 1 0
          0 1 0 1 0 0
          1 0 1 1 1 0
          4 0 1 0 0 1
          1 1 0 1 1 1
          1 0 1 1 1 0
          0 1 0 1 0 0
          1 0 1 1 1 0
          0 1 1 0 0 1
          0 0 0 0 0 0
          1 1 1 0 1 1
          0 1 0 1 1 1
          1 0 0 0 1 1
          1 1 0 1 0 0
          1 0 1 1 0 0
          0 0 1 1 0 0
          0 0 1 0 1 1
          1 0 0 0 0 1
          0 1 0 1 0 0
          0 0 1 1 0 0
          0 1 1 0 0 0
          1 1 0 1 1 1
          1 0 0 1 1 0
          0 1 0 1 0 1
          1 0 0 1 0 1
          1 1 0 1 0 1
          0 0 0 1 0 0
          0 1 1 0 0 1
          1 0 0 0 1 0
          0 1 1 0 0 1
          0 1 0 1 0 1
          1 1 1 0 0 0
          1 1 0 0 0 1
          0 0 1 1 1 0
          1 1 0 0 1 1
          1 1 0 0 0 1
          1 0 0 1 1 1
          1 0 0 1 0 1
          0 1 0 0 1 1
          1 0 1 1 1 1
          1 0 1 1 0 0
          0 1 0 1 0 1
          0 1 1 1 1 1
          1 0 0 1 1 0
          1 1 1 1 1 1
          0 1 0 0 0 0
          0 1 0 1 0 1
          1 0 1 0 1 1
          0 1 1 1 0 1
          0 1 0 1 0 0
          1 1 1 1 0 1
          1 1 1 1 1 0
          1 1 1 0 1 1
          0 0 1 1 1 0
          1 1 0 0 1 1
          0 0 1 1 0 0
          0 1 0 1 1 0
          0 0 0 1 0 1
          1 1 1 1 0 0
          0 0 1 0 1 1
          0 1 1 0 0 0
          0 0 0 1 0 0
          1 1 0 1 0 1
          1 0 1 0 1 0
          0 1 1 0 0 1
          0 0 1 1 1 1
          1 1 0 0 1 0
          1 0 0 1 0 0
          0 1 1 1 1 0
          0 0 0 0 1 1
          0 0 0 0 0 0
          1 0 1 0 1 1
          0 0 0 1 1 1
          1 0 1 1 1 0
          0 1 1 1 0 1
          1 0 0 0 1 0
          0 1 0 1 1 0
          0 1 1 1 0 0
          0 4 1 0 0 0
          0 0 0 1 1 1
          1 0 1 0 1 0
          0 0 1 1 0 0
          1 0 0 1 0 0
          0 0 1 1 0 1
          0 0 0 0 1 0
          0 0 0 1 1 1
          0 1 1 1 1 1
          0 0 0 1 1 0
          0 1 0 1 1 1
          0 0 1 0 0 1
          0 1 1 0 1 1
          0 0 0 0 0 1
          0 1 0 0 1 1
          0 1 1 0 1 1
          0 1 1 1 0 0
          1 1 0 0 0 0
          1 1 0 1 0 1
          0 1 1 1 1 0
          0 0 0 0 1 1
          1 0 1 1 1 1
          0 0 0 0 0 0
          0 1 0 1 0 0
          0 1 1 0 0 0
          0 1 0 1 0 1
          1 1 0 1 0 0
          1 0 0 1 1 0
          0 0 0 0 1 1
          1 0 1 1 0 0
          1 0 0 1 0 1
          1 0 1 1 1 1
          0 1 1 0 0 0
          0 0 1 1 1 0
          0 1 1 1 1 0
          0 0 0 0 1 1
          1 1 0 1 1 1
          0 0 0 0 1 0
          0 0 1 1 1 1
          0 1 1 0 1 0
          0 0 1 1 0 1
          0 1 0 0 0 0
          1 1 1 0 1 1
          0 1 0 1 0 0
          1 1 1 1 1 1
          0 1 0 0 4 1
          1 0 0 1 1 0
          1 1 0 1 1 1
          1 1 0 1 1 0
          1 0 0 0 0 0
          1 1 1 1 1 0
          0 0 0 1 0 0
          1 1 0 1 0 1
          0 1 0 1 0 1
          0 0 0 0 0 1
          1 1 0 0 0 0
          0 0 1 0 0 1
          1 1 1 1 1 0
          1 0 1 0 1 1
          0 1 0 1 0 1
          0 0 0 1 1 1
          1 0 0 0 0 1
          1 0 0 1 0 0
          0 0 1 1 0 0
          1 0 0 1 1 1
          0 1 0 0 4 0
          1 0 0 1 0 0
          0 1 0 1 1 1
          0 0 1 1 0 0
          0 1 1 0 1 1
          0 0 1 0 1 1
          1 1 0 0 0 0
          1 1 0 1 1 0
          0 0 1 1 1 0
          0 1 0 1 1 0
          1 1 1 0 1 0
          1 0 1 1 0 0
          0 0 1 0 1 0
          1 1 0 0 0 1
          0 1 0 0 0 0
          1 0 0 0 0 0
          1 0 1 1 0 0
          1 0 0 0 0 1
          1 1 0 1 1 0
          1 1 0 1 0 1
          0 1 0 0 1 0
          1 0 1 1 0 1
          0 1 0 1 0 1
          1 0 1 0 0 0
          0 1 0 1 1 0
          1 0 1 1 0 0
          1 1 0 0 0 1
          1 0 0 1 1 0
          0 0 1 1 0 0
          1 1 1 0 1 0
          0 0 0 0 0 1
          0 0 1 0 1 0
          0 1 0 0 1 0
          0 1 0 0 1 1
          1 0 0 0 1 1
          1 1 0 1 1 0
          1 1 0 0 0 0
          0 1 1 0 0 1
          0 0 1 1 1 1
          1 0 1 0 1 1
          1 1 0 1 1 1
          1 0 0 1 1 0
          1 1 0 0 1 1
          1 0 0 1 0 0
          0 1 1 0 0 0
          1 0 0 0 0 1
          1 0 0 1 1 0
          1 1 1 1 1 0
          0 0 0 1 1 0
          0 1 1 0 1 1
          1 0 0 0 1 1
          0 1 0 1 0 0
          0 1 1 0 1 0
          1 1 1 0 1 1
          0 1 0 0 1 0
          1 0 0 0 1 0
          0 1 0 0 0 1
          0 1 1 0 1 1
          1 1 0 1 1 0
          0 1 1 1 0 1
          0 1 1 1 1 1
          1 1 0 1 1 0
          0 1 1 0 1 1
          0 0 0 0 0 0
          1 0 1 1 1 0
          1 1 1 0 0 0
          0 1 1 1 1 1
          0 1 0 0 1 1
          0 0 0 0 0 1
          0 1 1 0 1 0
          1 1 1 0 1 1
          1 0 1 0 1 1
          0 0 1 1 0 1
          1 1 0 0 1 0
          1 0 1 1 0 1
          0 0 1 0 0 1
          1 0 0 0 0 1
          1 1 0 0 0 1
          1 0 1 0 1 1
          0 1 1 0 0 1
          0 1 1 1 1 1
          0 0 1 1 1 1
          0 1 1 0 0 1
          1 0 1 1 1 0
          0 0 1 0 0 0
          0 0 1 1 1 0
          0 0 1 0 0 1
          0 0 0 0 1 0
          1 0 0 1 1 1
          0 1 0 1 1 0
          1 0 0 1 1 1
          1 1 0 1 1 1
          0 0 1 0 1 0
          1 0 1 0 0 1
          0 0 1 0 0 0
          0 0 0 1 1 0
          1 1 0 0 0 1
          0 0 0 0 0 1
          1 1 0 0 0 0
          0 0 1 0 1 1
          1 0 1 0 0 1
          0 1 1 0 0 1
          1 1 0 1 1 1
          0 0 0 0 1 1
          0 1 0 1 0 1
          0 0 0 0 1 1
          1 1 1 0 1 0
          0 1 0 1 0 0
          0 0 1 1 1 1
          1 1 0 0 1 0
          0 1 0 0 1 1
          0 1 0 1 1 1
          1 1 1 1 1 1
          1 0 1 1 1 1
          1 1 1 0 0 0
          0 0 0 1 0 0
          0 0 0 1 1 1
          1 0 0 0 0 0
          1 1 0 1 1 1
          0 0 0 0 0 1
          0 0 0 0 0 1
          1 0 1 0 1 1
          0 1 0 1 0 0
          0 0 1 0 0 0
          1 1 1 0 0 0
          0 0 1 1 0 0
          0 1 0 0 0 1
          0 1 1 1 1 0
          0 0 1 1 1 1
          0 0 0 1 1 1
          1 1 1 1 1 1
          0 1 0 0 0 0
          0 1 0 0 1 0
          0 0 1 1 1 0
          1 0 0 1 1 1
          1 0 0 0 1 0
          0 1 0 1 0 1
          1 1 0 0 1 1
          0 0 0 0 0 0
          1 0 0 1 1 1
          0 1 0 0 1 0
          1 0 0 1 1 1
          1 1 0 0 1 1
          1 1 1 1 1 1
          1 1 0 1 0 0
          1 0 0 1 0 0
          1 0 0 1 1 0
          0 0 1 1 1 0
          1 1 0 1 0 1
          1 1 0 0 0 1
          1 1 1 0 0 0
          0 1 0 0 1 0
          0 1 1 0 0 1
          1 1 1 1 0 0
          0 0 0 0 4 0
          0 1 1 0 0 1
          1 0 0 1 0 1
          1 0 1 1 1 0
          0 1 1 1 1 1
          1 1 1 0 1 1
          0 0 1 0 0 0
          1 0 1 0 0 1
          1 1 1 0 1 1
          0 0 0 1 0 1
          1 1 1 1 1 0
          0 1 0 0 1 1
          1 0 0 0 0 0
          1 0 1 0 1 0
          1 1 0 0 1 1
          0 1 1 0 0 0
          1 1 1 1 1 1
          0 1 0 1 0 0
          0 0 1 1 0 0
          1 0 0 1 0 1
          1 1 1 1 0 1
          0 1 1 1 1 0
          0 0 1 0 0 1
          0 1 1 1 0 0
          1 1 1 4 0 1
          0 1 1 1 0 1
          0 1 1 1 0 0
          0 0 1 0 1 1
          1 1 0 1 1 1
          0 1 0 0 1 1
          1 1 1 0 1 1
          1 1 1 0 0 1
          0 0 1 0 0 0
          1 0 1 0 0 1
          0 1 1 0 1 1
          1 1 0 1 1 0
          1 1 0 1 1 0
          1 0 1 1 1 1
          0 1 1 0 1 0
          1 0 1 0 0 0
          1 1 1 0 1 1
          1 1 1 0 0 0
          0 1 0 0 1 0
          1 0 0 0 1 1
          1 1 0 1 1 0
          1 1 0 0 0 1
          0 0 1 1 1 4
          1 0 0 0 1 0
          1 1 1 1 1 1
          1 0 0 1 1 1
          0 0 1 0 1 1
          1 0 1 0 0 1
          1 1 1 1 1 0
          1 1 0 1 0 1
          3
        </DataArray>
        <DataArray type="Int32" Name="RegionSize" format="ascii" RangeMin="0" RangeMax="291">
          2 1 3 0 0 2
          1 1 2 3 5 1
          3 2 4 3 1 0
          8 1 1 0 3 0
          25 1 0 9 16 1
          0 1 11 12 0 7
          11 2 8 1 0 9
          3 0 0 14 6 0
          3 7 1 0 0 3
          4 0 10 3 3 0
          4 13 0 4 0 0
          15 10 3 1 4 1
          3 0 3 0 28 1
          8 1 0 3 1 24
          0 17 0 41 1 13
          14 1 11 0 0 0
          1 0 0 0 16 0
          0 1 0 7 10 3
          4 0 2 3 6 3
          7 0 1 0 5 20
          4 0 0 7 10 1
          1 9 0 0 0 0
          20 4 8 6 18 11
          1 12 2 8 6 22
          3 2 6 0 4 10
          7 26 7 8 4 20
          26 6 2 1 4 0
          2 48 3 0 19 12
          3 0 4 15 6 6
          6 0 0 7 1 32
          32 0 0 5 3 0
          16 13 1 0 23 15
          0 18 1 3 0 0
          6 0 60 6 0 2
          4 7 5 1 0 3
          0 5 11 1 7 11
          11 0 0 2 6 0
          22 0 7 1 0 3
          18 28 14 1 0 14
          0 0 0 0 23 0
          0 1 0 30 0 1
          0 2 1 0 0 6
          59 3 20 6 11 20
          16 7 18 0 0 0
          4 0 5 1 19 13
          10 4 5 1 1 0
          11 5 9 23 47 3
          0 10 0 30 0 0
          0 0 3 14 1 3
          3 8 0 8 0 0
          19 21 1 2 3 10
          3 1 36 0 1 15
          2 0 0 1 2 0
          0 29 0 0 1 0
          3 0 0 0 3 0
          2 4 11 0 3 0
          10 0 2 8 30 3
          0 1 2 5 2 1
          0 10 0 9 0 10
          0 4 6 5 2 20
          1 14 2 0 22 1
          5 0 1 3 34 1
          1 1 20 1 2 0
          0 3 1 14 0 1
          2 3 5 18 13 1
          1 2 22 0 0 24
          6 6 0 20 1 4
          14 11 0 8 1 26
          15 0 1 2 1 0
          1 7 0 5 0 5
          8 3 0 0 1 25
          12 2 0 0 0 22
          2 0 1 0 0 6
          48 0 0 18 16 2
          4 1 3 9 0 14
          0 6 19 8 0 0
          6 5 4 16 0 82
          14 4 1 3 6 1
          0 0 18 0 6 0
          12 2 0 0 0 13
          0 0 0 0 0 11
          6 1 19 0 0 2
          0 27 0 7 6 0
          1 2 55 5 11 0
          7 0 2 3 2 1
          36 2 0 1 2 11
          0 1 6 0 1 0
          0 1 13 0 14 1
          26 1 10 0 15 0
          28 11 0 2 0 22
          1 1 0 5 0 0
          1 0 10 5 0 1
          4 30 2 5 0 19
          10 0 2 4 14 0
          0 3 1 61 2 1
          4 8 0 0 21 9
          11 0 12 0 1 0
          1 0 0 0 54 1
          5 0 1 4 0 0
          14 0 0 3 1 0
          0 0 6 12 15 0
          3 0 0 0 15 0
          0 1 1 3 0 0
          0 0 11 7 0 1
          0 19 1 2 3 0
          8 13 2 3 37 1
          2 20 4 1 1 0
          18 0 26 0 0 0
          0 2 0 0 13 4
          1 26 0 7 35 0
          2 86 2 14 1 0
          0 15 13 0 9 9
          1 2 4 0 95 14
          0 3 8 27 0 0
          2 26 0 22 0 91
          0 30 10 1 1 1
          12 0 68 163 0 0
          13 12 5 0 1 0
          0 0 4 7 0 1
          25 0 2 2 1 3
          17 0 15 84 2 0
          6 4 2 291 6 8
          1 1 0 5 0 2
          2 2 0 3 0 16
          12 5 13 0 2 4
          13 0 0 6 1 90
          2 4 0 0 11 1
          0 0 0 0 0 12
          0 1 0 38 7 1
          0 19 1 5 33 0
          1 0 2 1 0 15
          1 1 13 0 68 2
          0 0 10 1 0 0
          15 0 0 6 1 41
          0 0 26 0 0 3
          4 0 0 4 0 47
          0 2 1 4 0 2
          3 6 3 4 0 20
          0 3 24 0 1 0
          0 7 9 1 68 1
          0 11 3 53 1 0
          0 0 5 0 0 13
          0 1 0 0 0 1
          4 62 0 0 0 0
          0 15 2 0 0 0
          0 0 13 0 0 3
          21 5 1 11 0 0
          6 0 42 0 0 38
          0 1 7 0 6 22
          0 4 0 7 9 14
          10 2 0 0 7 18
          1 0 14 0 3 1
          1 1 31 0 0 0
          0 0 24 1 0 0
          29 0 2 4 2 26
          3 0 4 43 0 36
          9 1 0 86 0 0
          4 0 0 10 9 0
          5 0 28 5 2 0
          1 1 0 1 0 0
          17 0 2 1 1 0
          1 0 6 0 73 0
          3 13 0 1 2 36
          0 1 19 0 1 2
          0 2 0 0 17 1
          1 1 1 2 0 0
          2 7 1 14 3 1
          1 17 0 29 10 52
          9 0 1 1 0 4
          0 1 7 6 2 4
          5 7 6 1 0 0
          1 10 4 3 37 0
          8 5 0 7 15 0
          1 0 5 0 21 5
          9 2 15 9 0 47
          4 7 0 0 73 3
          11 11 4 14 1 0
          0 15 0 10 0 0
          12 0 22 4 3 0
          0 22 40 0 0 5
          0 1 0 0 0 1
          9 14 4 1 5 19
          3 4 0 6 16 17
          5 1 2 6 33 2
          93 0 6 1 7 1
          4 1 2 5 3 2
          3 12 11 1 1 0
          4 0 26 0 0 23
          1 1 4 8 1 63
          0 5 2 26 5 1
          0 1 8 8 0 0
          0 2 24 4 5 4
          14 18 1 11 2 16
          5 0 0 15 10 1
          0 39 0 9 0 4
          6 1 0 1 2 9
          40 67 0 3 1 26
          2 1 1 0 2 0
          0 4 33 1 1 8
          3 1 1 2 3 3
          7 72 10 1 3 12
          0 35 0 7 1 4
          1 2 1 1 0 0
          30 2 0 1 4 5
          0 0 7 1 0 0
          27 7 1 0 1 12
          0 16 1 2 0 16
          0 0 0 0 0 8
          5 0 2 3 0 3
          1 12 0 1 10 36
          1 0 3 7 0 1
          5 1 0 12 4 0
          0 21 1 15 3 2
          0 0 9 0 2 46
          5 0 0 0 7 0
          14 6 0 7 1 41
          1 12 0 0 0 0
          0 5 0 30 1 0
          68 0 1 0 0 43
          1 0 2 5 0 6
          10 1 1 0 1 8
          4 15 1 7 0 1
          1 12 7 15 1 2
          46 0 7 0 22 57
          0 0 4 4 11 2
          1 54 0 1 25 21
          0 3 3 30 4 1
          6 5 0 20 17 0
          0 3 0 49 0 3
          23 1 13 12 0 0
          1 0 5 0 1 10
          1 87 6 0 0 0
          0 2 1 14 0 0
          4 0 0 1 0 3
          33 7 0 4 14 2
          1 14 18 0 0 18
          3 0 7 0 0 55
          1 0 10 0 1 0
          2 0 1 17 1 0
          0 4 8 69 7 0
          1 0 0 0 33 14
          1 1 2 1 1 0
          2 0 46 0 0 9
          0 1 1 1 12 13
          0 1 0 14 16 0
          0 7 4 23 1 25
          3 0 7 3 45 0
          1 2 0 9 3 3
          0 10 55 0 0 1
          0 2 1 1 0 6
          2 0 2 36 7 2
          3 11 31 0 54 1
          4 1 18 6 0 0
          7 0 0 19 0 0
          2 0 16 0 1 2
          1 0 3 0 0 6
          0 3 2 9 2 4
          0 21 1 55 0 0
          1 0 0 0 0 0
          1 5 2 0 39 8
          0 0 2 0 0 5
          1 62 0 1 2 20
          0 0 0 0 0 4
          1 1 6 0 2 0
          1 47 9 10 8 3
          1 33 2 24 1 0
          50 0 0 3 0 0
          2 5 0 23 0 2
          0 0 5 29 1 0
          4 2 0 1 4 0
          61 0 1 12 1 1
          0 0 0 2 0 1
          0 2 5 25 2 0
          6 1 7 2 0 0
          5 2 2 3 0 8
          2 1 0 56 2 0
          0 0 0 31 1 1
          4 1 0 2 2 10
          67 1 1 7 1 0
          8 1 0 2 1 1
          9 0 0 10 5 23
          1 1 14 0 0 0
          1 0 12 2 12 0
          0 8 3 17 5 0
          0 0 0 1 11 8
          10 19 0 0 12 31
          1 2 0 0 0 1
          1 0 5 20 1 0
          1 33 12 0 18 0
          2 0 17 36 1 7
          0 9 0 0 0 0
          3 1 6 0 18 1
          1 6 0 13 0 0
          7 1 6 8 0 4
          1 3 1 1 9 20
          11 0 3 7 12 0
          12 4 0 3 38 26
          9 15 0 4 14 0
          35 3 1 5 0 3
          2 6 29 26 10 0
          0 1 0 14 1 1
          9 6 0 56 6 2
          1 3 2 42 0 2
          1 6 4 0 7 17
          34 0 1 0 4 0
          2 2 21 1 0 0
          0 10 82 16 0 0
          0 0 10 0 37 0
          4 33 1 16 1 13
          0 0 1 3 46 8
          4 5 0 0 0 5
          39 0 0 4 1 0
          0 1 0 15 1 6
          0 1 0 10 2 13
          0 21 0 1 49 0
          9 1 0 14 0 1
          0 6 0 11 0 9
          0 1 9 18 0 0
          0 0 12 0 59 2
          2 0 11 1 2 9
          5 12 2 1 2 0
          0 18 0 10 22 0
          2 0 5 21 0 0
          0 11 1 3 39 0
          2 1 1 1 1 3
          16 3 4 45 0 0
          2 1 0 0 33 5
          0 89 0 0 0 0
          0 0 8 1 1 2
          4 1 0 0 2 0
          0 0 21 1 2 8
          1 0 0 0 0 0
          0 6 0 8 10 0
          9 24 0 1 1 3
          0 7 1 0 0 0
          0 2 12 14 0 10
          0 17 0 2 2 9
          0 2 27 4 0 0
          0 1 0 31 2 1
          3 1 1 19 0 1
          2 14 3 3 0 12
          22 0 4 13 4 0
          1 0 12 5 4 0
          10 92 2 1 8 1
          1 0 1 1 0 10
          0 4 1 0 15 0
          0 3 1 0 30 0
          2 1 0 0 4 1
          16 0 0 0 0 1
          2 7 0 3 10 1
          53 14 0 1 3 1
          0 1 2 0 4 13
          2 3 0 12 3 1
          1 0 2 1 6 17
          1 5 6 8 0 1
          9 0 1 31 4 3
          0 3 1 0 1 80
          4 1 1 1 0 0
          2 16 0 0 0 0
          14 0 2 0 1 0
          4 0 2 39 9 3
          1 1 2 13 48 0
          3 0 0 0 2 0
          1 0 1 0 0 2
          10 0 0 0 36 4
          1 1 0 9 0 0
          0 1 13 0 2 0
          10 0 17 0 2 4
          1 19 0 0 36 7
          37 0 5 0 2 2
          0 4 0 1 0 7
          3 5 5 6 6 3
          7 9 1 6 3 0
          1 5 39 14 0 1
          0 2 8 22 1 0
          3 15 0 24 49 2
          0 6 1 0 1 20
          0 1 0 1 0 0
          9 0 0 57 21 2
          3 20 4 3 0 0
          0 59 2 2 2 33
          0 1 1 0 2 14
          2 6 0 0 4 8
          1 1 6 0 27 0
          2 25 1 0 12 13
          32 0 3 1 7 0
          1 0 1 6 5 24
          1 36 0 0 0 2
          3 0 4 24 4 3
          2 0 2 0 2 16
          12 0 0 0 0 14
          9 5 0 0 0 9
          17 0 50 0 5 1
          0 4 15 0 6 12
          0 0 0 5 22 24
          0 4 8 4 0 17
          0 0 0 0 12 3
          56 1 20 8 66 1
          1 0 1 0 0 0
          0 0 7 4 13 3
          0 0 10 0 0 16
          0 0 0 0 2 5
          18 0 1 13 0 11
          0 29 1 3 3 0
          15 0 0 13 23 0
          30 12 1 3 9 55
          0 2 23 0 2 0
          13 0 5 1 0 55
          0 0 29 0 0 9
          0 1 0 12 13 3
          2 43 1 1 0 12
          0 0 0 0 3 5
          26 0 1 2 0 0
          6 8 7 0 5 4
          15 0 18 0 0 1
          1 21 0 0 0 31
          4 2 0 1 8 15
          0 0 0 0 1 4
          1 13 2 4 0 39
          0 0 1 0 3 11
          9 2 1 7 10 0
          0 1 0 15 6 6
          0 1 36 0 2 0
          3 8 0 8 11 1
          0 4 3 0 2 12
          0 12 0 7 2 12
          4 15 4 17 7 5
          10 7 3 1 34 7
          2 0 28 0 0 0
          2 1 3 40 0 0
          0 2 8 3 0 33
          9 3 1 0 0 1
          43 5 1 7 39 3
          0 0 0 2 0 3
          0 1 4 2 5 1
          2 0 8 0 0 9
          8 19 0 2 1 0
          0 0 6 0 0 0
          16 7 21 0 0 0
          2 0 16 3 1 0
          1 17 0 1 1 13
          1 3 1 3 29 0
          2 1 6 8 0 15
          0 1 1 2 27 6
          7 2 4 27 46 0
          0 24 0 7 2 0
          1 11 0 1 17 1
          1 3 14 4 12 0
          21 3 3 8 9 2
          19 2 3 0 9 2
          7 48 0 2 0 2
          0 6 0 0 30 32
          0 2 0 0 0 0
          24 1 0 1 53 4
          0 2 1 1 6 0
          7 0 0 0 2 16
          9 1 1 2 9 0
          25 2 2 11 31 0
          10 4 0 3 1 0
          1 3 0 11 1 1
          45 0 0 2 1 1
          0 5 12 7 10 2
          0 114 0 5 0 3
          2 7 0 3 2 2
          60 10 1 2 0 1
          0 3 0 12 0 0
          0 16 1 1 0 2
          5 2 48 4 1 4
          6 1 0 0 31 2
          2 44 0 0 1 4
          0 0 0 5 4 6
          0 3 9 37 0 0
          0 0 0 5 11 14
          1 10 4 2 16 6
          1 0 51 3 0 1
          5 2 0 0 3 1
          2 0 24 0 27 8
          4 0 0 21 0 9
          55 10 3 7 0 2
          0 1 0 0 15 54
          27 1 1 0 0 0
          12 0 4 1 1 0
          5 16 1 0 2 5
          0 5 9 0 0 0
          2 12 22 0 7 13
          0 7 0 55 0 2
          1 1 4 1 2 2
          2 1 1 42 1 7
          4 5 3 29 1 10
          0 2 51 6 0 0
          2 0 14 0 0 1
          4 20 2 21 0 0
          1 12 10 48 0 3
          1 11 2 13 1 3
          0 25 0 22 0 0
          0 0 7 2 1 2
          1 17 0 0 19 14
          0 20 0 2 2 0
          15 0 6 3 3 15
          6 35 24 0 1 2
          0 1 66 1 0 0
          7 2 1 1 6 2
          0 29 2 0 7 0
          14 52 0 6 5 0
          52 0 0 15 28 0
          12 1 0 40 19 6
          1 71 0 0 3 0
          23 0 43 0 3 1
          0 16 37 1 52 22
          13 3 69 0 0 0
          1 8 0 0 48 0
          56 0 0 0 0 22
          3 21 1 14 10 6
          18 40 0 0 0 79
          2 0 2 0 5 0
          58 0 0 2 7 0
          5 34 15 4 17 6
          80 0 0 19 7 6
          2 0 15 1 0 18
          39 0 102 0 0 10
          16 20 75 4 102 0
          47 147 0 114 0 230
          230
        </DataArray>
        <DataArray type="Int32" Name="RegionSpan" format="ascii" RangeMin="1" RangeMax="162">
          1 1 1 1 1 2
          1 1 1 2 2 2
          2 1 2 2 1 1
          2 1 2 5 6 1
          5 1 2 3 4 2
          1 1 2 9 1 2
          3 2 8 2 1 2
          3 1 1 2 9 1
          2 11 1 1 2 7
          1 1 3 1 1 1
          9 4 1 14 1 1
          3 2 2 1 3 1
          8 1 2 1 15 2
          1 14 1 1 13 2
          14 2 3 7 1 3
          3 1 3 1 1 1
          2 1 1 1 7 1
          1 2 3 2 3 3
          2 1 2 4 3 1
          2 1 1 4 5 3
          1 1 9 14 1 1
          2 2 1 1 1 1
          3 1 7 2 2 3
          1 7 1 4 7 12
          1 3 7 1 9 2
          19 7 2 1 2 20
          2 3 4 3 12 26
          1 26 1 1 3 17
          7 1 7 16 2 2
          2 1 1 2 2 27
          15 1 1 2 2 1
          3 6 1 1 5 28
          1 1 2 3 1 1
          3 1 13 3 1 3
          4 3 1 1 1 1
          1 2 7 2 4 3
          5 1 1 2 2 1
          3 41 36 1 1 2
          23 7 7 2 1 19
          1 2 1 1 15 1
          1 2 1 5 1 1
          1 2 2 1 1 2
          9 2 17 2 5 6
          3 2 10 1 1 1
          19 2 45 1 9 3
          9 4 1 2 1 1
          3 2 3 2 18 1
          1 4 1 7 1 1
          1 1 2 5 1 1
          38 50 1 2 1 1
          7 42 1 2 1 2
          5 2 19 1 1 5
          2 1 1 1 1 1
          5 5 1 1 1 1
          2 1 8 1 2 1
          2 6 2 1 3 1
          3 1 26 5 6 5
          1 2 1 8 2 2
          1 34 1 2 1 26
          1 4 4 2 1 12
          1 2 1 1 2 1
          2 1 1 4 5 2
          19 1 10 1 6 1
          1 2 1 5 17 1
          6 2 13 29 10 1
          1 2 39 3 1 9
          3 3 1 24 1 1
          9 5 1 3 1 24
          27 1 2 2 1 1
          1 33 1 2 1 4
          41 2 1 1 3 14
          10 2 1 2 3 12
          7 1 6 1 1 2
          3 7 11 6 27 1
          2 2 35 17 1 4
          1 2 15 3 1 1
          2 1 1 3 1 54
          11 1 1 1 3 2
          3 1 13 1 2 6
          26 8 1 1 1 8
          1 1 1 1 1 10
          13 1 3 1 1 52
          1 7 1 3 10 1
          1 2 11 2 5 6
          11 1 2 8 3 21
          31 2 1 1 12 4
          1 1 2 1 1 1
          16 2 8 1 5 1
          43 1 10 1 9 1
          7 28 1 1 38 48
          6 1 1 3 1 1
          1 6 36 2 1 1
          1 26 13 18 1 2
          1 1 2 10 5 1
          1 1 2 18 7 5
          4 12 1 1 34 8
          15 1 4 1 1 1
          2 1 1 1 30 2
          6 15 1 9 2 1
          18 4 1 17 16 1
          1 1 4 4 36 1
          5 1 1 1 74 1
          1 5 2 45 2 1
          3 9 18 48 1 3
          1 33 1 14 1 1
          5 54 10 7 25 11
          31 2 2 7 7 22
          14 1 57 2 1 1
          1 2 1 1 21 7
          2 24 60 47 21 1
          27 7 32 27 1 1
          1 3 2 1 21 9
          1 33 54 1 39 29
          1 1 53 53 1 1
          1 44 1 39 1 6
          1 45 3 3 1 1
          21 1 11 25 1 1
          5 3 2 2 1 1
          1 2 1 3 1 2
          5 1 1 1 1 1
          18 1 1 3 1 1
          25 20 1 37 2 2
          1 1 1 2 1 4
          1 2 1 5 1 26
          10 2 24 1 2 2
          22 1 1 4 2 13
          1 1 1 1 5 1
          1 1 2 1 1 3
          2 1 1 39 3 1
          1 6 1 5 40 1
          1 1 2 1 1 5
          68 47 54 1 60 2
          2 1 3 1 1 1
          14 2 2 7 1 57
          1 47 4 1 1 1
          2 3 1 2 1 36
          11 3 46 15 1 29
          2 23 2 5 1 33
          2 1 35 1 1 1
          1 6 2 1 5 6
          1 15 2 29 1 1
          1 1 3 1 1 7
          3 1 1 1 1 42
          29 24 1 1 1 1
          1 5 1 1 1 1
          1 1 2 1 1 7
          17 2 1 4 1 1
          2 1 20 1 3 10
          1 2 3 1 2 7
          2 2 1 2 5 2
          24 2 1 1 6 23
          4 1 15 1 1 2
          1 1 46 33 1 9
          3 1 45 1 1 1
          46 1 2 2 2 2
          3 1 1 56 1 49
          5 1 1 8 1 1
          2 1 1 4 14 1
          2 1 40 1 1 1
          2 1 1 1 1 1
          50 1 2 1 2 1
          1 1 2 1 78 1
          41 5 2 4 11 3
          1 2 44 1 3 2
          2 1 1 1 3 2
          2 1 2 1 1 1
          2 67 1 1 2 1
          1 92 18 16 3 46
          2 2 1 1 1 1
          1 1 2 1 1 1
          1 4 2 1 1 1
          2 2 6 4 4 1
          1 3 1 20 4 1
          1 1 23 32 34 2
          9 1 8 3 1 45
          1 8 1 10 10 5
          5 2 1 15 1 1
          1 12 1 104 1 1
          62 1 17 49 41 1
          1 28 32 1 1 7
          1 1 1 1 1 1
          5 32 25 2 25 26
          2 24 1 14 4 30
          38 2 1 2 9 63
          60 1 3 1 1 2
          17 1 6 15 2 1
          2 3 10 3 1 1
          1 1 31 1 32 86
          3 2 2 2 1 26
          1 4 1 38 2 1
          1 1 6 3 1 1
          1 34 15 1 4 2
          3 11 1 30 96 13
          72 1 1 36 38 1
          1 25 1 3 1 15
          1 1 1 29 1 25
          72 10 1 3 2 36
          1 2 1 1 1 1
          1 73 22 1 1 4
          32 2 2 1 9 1
          2 26 5 1 1 62
          1 53 1 2 1 32
          5 1 4 1 1 1
          80 1 1 2 1 9
          1 1 26 2 2 1
          47 4 2 1 2 4
          1 4 1 2 1 50
          4 1 1 2 4 121
          7 1 1 3 1 76
          1 53 1 1 6 93
          3 1 4 23 7 6
          3 1 1 7 2 1
          1 31 1 20 2 1
          1 6 3 8 110 60
          9 1 1 19 22 1
          9 2 8 5 81 33
          1 25 1 1 1 1
          1 9 1 105 1 2
          3 1 3 1 11 68
          1 7 3 1 1 2
          4 3 1 2 2 2
          23 9 24 49 1 2
          45 17 7 77 12 1
          18 2 5 1 7 13
          1 1 82 88 28 2
          4 11 1 1 78 92
          1 2 4 95 1 1
          2 84 1 74 9 1
          1 1 1 89 1 2
          81 2 5 33 1 1
          1 1 38 1 11 41
          1 82 7 1 1 1
          1 1 2 29 1 1
          2 2 1 2 1 5
          79 1 62 2 62 1
          2 6 95 1 1 15
          1 1 119 2 144 10
          2 2 2 1 2 1
          3 1 1 125 1 1
          1 38 13 12 6 1
          1 1 1 1 41 6
          2 1 1 1 1 1
          82 1 104 1 4 3
          1 1 1 9 4 15
          2 1 26 9 25 1
          1 72 2 67 1 18
          4 1 2 2 111 1
          1 13 1 4 13 2
          1 4 58 2 1 1
          1 4 2 1 1 1
          2 1 1 83 12 2
          9 2 10 1 43 1
          2 1 9 1 1 1
          3 1 1 79 1 1
          1 1 84 1 1 3
          1 1 1 1 5 2
          1 2 1 87 3 3
          1 32 65 43 1 7
          1 1 1 2 1 1
          1 4 2 58 92 20
          1 1 3 1 1 49
          1 1 1 1 2 3
          1 1 1 1 1 15
          2 1 2 1 2 71
          1 82 15 3 2 3
          1 9 5 22 1 1
          90 1 1 1 1 1
          10 86 1 15 1 1
          1 3 28 6 1 1
          1 1 1 2 13 2
          74 1 3 4 2 3
          1 1 1 1 1 1
          1 2 1 11 2 1
          1 4 4 1 1 1
          2 113 2 43 1 4
          14 2 1 16 1 1
          1 1 1 18 3 1
          2 1 1 2 98 13
          135 1 1 5 1 1
          3 1 1 5 2 86
          98 1 5 27 56 47
          1 1 8 1 1 1
          1 1 48 43 15 1
          1 10 57 32 10 1
          1 1 1 1 46 5
          7 82 1 64 18 133
          1 1 1 1 1 2
          2 1 3 92 1 1
          1 50 75 1 4 1
          2 1 7 73 1 3
          1 81 1 1 1 1
          18 1 16 1 6 1
          1 13 1 3 1 1
          14 2 19 4 1 89
          2 3 1 1 2 84
          12 1 1 44 55 1
          105 7 1 6 86 40
          5 89 1 3 97 1
          103 2 2 2 1 1
          6 70 15 50 7 1
          1 1 1 81 1 1
          10 76 1 32 2 3
          1 2 1 11 1 1
          2 2 3 1 1 51
          112 1 1 1 1 1
          2 1 106 2 1 64
          11 61 6 6 4 1
          6 1 12 1 71 1
          3 28 1 29 1 79
          1 1 1 11 48 4
          8 2 1 1 1 4
          94 1 1 1 1 1
          1 2 12 32 1 1
          5 1 1 76 19 33
          1 92 1 1 100 1
          4 2 1 10 1 1
          1 20 1 2 2 32
          1 1 92 94 1 1
          1 1 22 1 17 6
          2 1 20 1 44 44
          2 122 1 1 2 1
          32 33 1 120 104 1
          2 1 18 62 5 1
          1 4 2 9 40 1
          2 21 3 1 2 1
          43 1 1 28 1 1
          2 1 2 1 24 1
          73 41 1 1 1 1
          1 4 3 2 1 1
          3 1 1 1 2 1
          1 1 40 2 1 2
          33 1 1 1 1 40
          7 74 1 40 73 1
          56 35 1 4 2 2
          1 2 1 1 2 1
          32 2 8 56 1 11
          1 51 1 1 1 29
          5 1 60 2 1 1
          1 2 1 24 42 2
          10 1 36 29 1 1
          1 61 2 2 1 69
          38 1 2 12 5 1
          1 1 26 43 1 1
          75 30 15 1 44 1
          2 1 1 1 1 37
          1 2 2 1 14 1
          1 2 1 1 28 1
          1 22 1 1 37 33
          6 1 1 1 7 20
          1 66 1 60 36 1
          5 7 1 1 1 1
          1 3 4 1 2 50
          1 1 2 22 9 2
          2 1 2 1 32 22
          128 120 1 59 2 87
          35 1 1 32 76 2
          3 3 1 1 2 64
          3 1 1 3 1 1
          1 5 3 1 1 1
          63 1 1 1 1 1
          3 1 1 28 6 1
          32 3 46 48 56 1
          1 1 1 8 19 1
          2 13 8 1 17 37
          6 1 1 1 7 21
          2 2 1 26 1 1
          1 2 5 1 5 1
          3 2 10 1 4 59
          1 37 1 1 100 2
          20 1 1 1 2 1
          1 6 1 1 1 8
          2 30 2 2 1 2
          16 6 1 11 2 1
          1 26 53 5 1 2
          1 2 7 12 3 1
          2 4 1 21 9 1
          1 6 1 1 15 19
          1 1 1 2 1 1
          2 1 3 10 11 1
          4 49 10 2 1 1
          1 63 4 56 3 9
          1 60 2 1 40 6
          1 3 1 1 1 4
          2 45 28 1 51 1
          3 26 11 1 5 2
          40 1 31 1 18 8
          1 1 31 60 1 10
          4 44 1 1 4 2
          77 1 10 10 2 34
          1 1 4 1 2 95
          7 1 1 1 1 72
          59 9 1 1 1 25
          66 1 97 1 34 1
          1 4 44 1 2 71
          1 2 2 5 73 8
          1 1 5 2 1 95
          1 1 2 1 2 24
          41 1 77 2 73 1
          1 1 2 1 1 1
          1 1 5 1 43 2
          1 1 10 1 1 78
          1 1 1 1 5 2
          70 1 1 23 1 32
          1 33 1 49 2 1
          26 1 1 6 8 6
          41 3 1 1 25 16
          1 2 62 1 1 1
          53 1 4 1 1 87
          1 1 55 1 1 3
          1 1 1 7 59 1
          5 3 2 1 1 47
          1 1 1 1 1 44
          65 3 1 1 1 1
          1 3 112 1 21 5
          88 1 13 1 1 116
          2 41 2 1 1 10
          5 5 1 23 98 88
          1 1 1 1 6 91
          1 100 1 2 1 21
          1 1 1 1 1 5
          5 1 2 2 43 1
          1 114 1 97 1 2
          1 1 101 3 25 1
          11 84 1 3 93 2
          1 3 1 1 37 48
          1 68 1 77 2 45
          4 19 57 6 3 39
          60 1 1 51 10 2
          69 39 14 1 1 1
          1 2 1 93 1 1
          1 2 3 5 2 2
          2 1 2 1 1 2
          19 3 1 93 20 1
          1 1 1 2 1 2
          1 1 1 1 2 3
          19 1 75 1 6 97
          3 60 1 2 1 1
          1 1 31 1 1 1
          40 5 34 1 1 1
          1 1 16 4 1 1
          1 24 1 2 1 119
          1 2 2 100 12 1
          1 1 7 86 74 74
          1 1 1 113 112 2
          4 98 2 65 4 7
          1 14 1 1 1 1
          2 19 1 1 21 1
          2 2 105 3 90 1
          11 1 2 2 83 2
          19 1 2 1 86 1
          3 78 1 2 1 2
          2 2 1 1 5 49
          1 1 1 1 1 1
          73 1 1 7 101 4
          1 5 1 1 11 1
          74 1 1 1 76 102
          16 2 1 1 111 10
          127 7 14 103 89 15
          5 3 1 3 1 1
          4 3 1 5 1 2
          56 1 1 2 4 1
          1 2 28 84 104 1
          10 45 1 7 1 2
          1 7 1 1 1 6
          72 15 6 1 1 2
          1 5 1 4 1 1
          1 5 1 2 1 66
          12 4 52 5 1 2
          1 1 1 1 10 1
          2 66 5 1 2 9
          2 1 1 108 2 89
          13 1 80 70 4 1
          1 11 2 9 3 11
          29 86 10 1 59 8
          1 1 4 1 1 2
          2 2 3 1 2 11
          86 87 57 1 18 2
          2 1 1 51 1 5
          39 4 2 2 2 2
          1 3 1 1 6 75
          12 1 1 1 1 1
          51 1 10 1 84 1
          87 83 1 1 58 84
          1 19 21 1 1 1
          38 20 33 4 8 74
          1 68 1 26 1 2
          1 1 3 1 1 3
          1 1 1 79 1 14
          6 8 10 49 1 19
          1 13 60 10 2 1
          1 1 23 1 1 82
          2 73 2 67 1 1
          77 76 1 25 1 3
          2 29 84 16 1 15
          1 19 1 17 1 1
          1 1 28 2 6 73
          60 106 1 2 2 49
          1 58 1 2 6 2
          7 3 4 2 11 68
          19 87 4 1 1 9
          1 1 76 1 1 1
          17 1 2 2 3 1
          1 4 21 1 21 2
          22 57 1 47 112 1
          91 2 1 18 54 1
          42 1 32 22 40 22
          1 41 3 1 20 1
          50 1 145 1 2 1
          162 58 57 1 22 29
          17 5 42 1 1 1
          1 26 1 1 21 1
          76 1 1 1 64 29
          2 69 1 67 16 2
          10 15 1 1 1 21
          1 1 3 31 41 46
          22 1 1 1 6 1
          3 58 34 69 45 12
          4 1 1 21 28 42
          1 1 38 1 2 32
          35 1 40 1 1 23
          31 54 46 1 42 1
          7 41 1 8 1 35
          35
        </DataArray>
      </PointData>
      <CellData>
      </CellData>
      <Points>
        <DataArray type="Float32" Name="Points" NumberOfComponents="3" format="ascii" RangeMin="3" RangeMax="223.45021816950637">
          145 11 0 140 82 0
          145 68 0 147 2 0
          140 84 0 140 83 0
          144 82 0 144 9 0
          145 1 0 145 16 0
          158 10 0 144 84 0
          144 10 0 140 10 0
          146 2 0 147 69 0
          145 5 0 142 12 0
          158 66 0 138 82 0
          142 84 0 144 83 0
          143 12 0 143 5 0
          139 82 0 137 5 0
          145 6 0 126 93 0
          145 69 0 144 15 0
          154 0 0 156 64 0
          157 33 0 147 4 0
          155 10 0 121 93 0
          156 10 0 141 6 0
          145 13 0 142 4 0
          155 1 0 130 24 0
          144 5 0 139 4 0
          152 16 0 125 52 0
          143 2 0 144 64 0
          155 0 0 141 11 0
          154 16 0 154 63 0
          155 63 0 144 65 0
          138 5 0 142 0 0
          145 55 0 142 62 0
          144 50 0 150 70 0
          149 70 0 156 65 0
          130 85 0 143 0 0
          153 9 0 132 85 0
          143 63 0 153 16 0
          134 51 0 139 62 0
          131 85 0 152 71 0
          145 14 0 132 50 0
          153 5 0 145 59 0
          134 84 0 159 75 0
          159 78 0 140 62 0
          153 72 0 146 19 0
          151 71 0 132 51 0
          144 60 0 152 72 0
          139 5 0 142 6 0
          154 74 0 125 19 0
          150 44 0 127 56 0
          153 54 0 155 8 0
          137 11 0 130 57 0
          138 13 0 131 58 0
          158 0 0 130 58 0
          154 73 0 133 56 0
          129 56 0 153 10 0
          129 57 0 157 0 0
          39 103 0 155 9 0
          135 62 0 132 59 0
          135 35 0 132 58 0
          130 5 0 136 71 0
          158 77 0 144 43 0
          150 17 0 128 57 0
          132 56 0 154 86 0
          138 53 0 147 75 0
          147 74 0 155 69 0
          127 54 0 131 61 0
          158 4 0 145 58 0
          145 44 0 153 67 0
          142 56 0 129 54 0
          90 36 0 157 56 0
          143 56 0 128 54 0
          145 43 0 155 6 0
          150 85 0 123 93 0
          137 38 0 117 82 0
          140 13 0 137 61 0
          156 27 0 157 71 0
          130 53 0 134 71 0
          132 60 0 47 3 0
          144 51 0 137 52 0
          135 71 0 131 29 0
          125 48 0 153 68 0
          149 85 0 145 18 0
          151 16 0 159 2 0
          148 19 0 135 59 0
          156 75 0 156 74 0
          158 25 0 129 21 0
          151 26 0 138 11 0
          158 5 0 137 56 0
          156 55 0 138 55 0
          82 39 0 136 37 0
          129 22 0 158 36 0
          122 49 0 137 95 0
          134 30 0 123 49 0
          152 0 0 132 71 0
          101 38 0 27 113 0
          134 46 0 131 93 0
          133 71 0 158 35 0
          48 0 0 121 48 0
          149 103 0 149 57 0
          142 73 0 122 48 0
          159 83 0 151 21 0
          120 47 0 100 37 0
          125 72 0 121 82 0
          121 47 0 130 41 0
          139 39 0 100 38 0
          47 1 0 130 93 0
          114 12 0 159 105 0
          157 104 0 117 62 0
          104 37 0 109 85 0
          138 39 0 141 48 0
          132 30 0 101 93 0
          127 22 0 137 1 0
          142 94 0 150 13 0
          103 37 0 155 105 0
          151 86 0 134 48 0
          159 81 0 134 93 0
          109 89 0 156 104 0
          140 50 0 121 81 0
          73 46 0 42 8 0
          129 72 0 137 2 0
          43 5 0 43 6 0
          149 78 0 143 95 0
          143 73 0 141 102 0
          117 44 0 142 95 0
          110 87 0 44 4 0
          142 103 0 151 59 0
          149 80 0 121 63 0
          128 72 0 105 38 0
          109 87 0 109 88 0
          105 37 0 116 41 0
          150 59 0 142 102 0
          158 105 0 151 15 0
          157 26 0 158 99 0
          130 71 0 94 36 0
          138 46 0 152 83 0
          137 47 0 149 79 0
          118 44 0 127 26 0
          149 77 0 133 93 0
          93 36 0 151 83 0
          157 47 0 146 93 0
          129 27 0 142 92 0
          47 9 0 142 93 0
          33 108 0 131 38 0
          155 84 0 107 89 0
          118 64 0 128 27 0
          157 14 0 157 13 0
          135 0 0 144 92 0
          152 79 0 119 64 0
          120 15 0 118 63 0
          118 17 0 15 15 0
          140 73 0 118 42 0
          125 25 0 114 21 0
          134 66 0 119 52 0
          108 90 0 153 78 0
          37 17 0 155 97 0
          120 21 0 111 63 0
          144 93 0 127 67 0
          120 51 0 113 10 0
          116 17 0 125 24 0
          107 70 0 151 41 0
          125 36 0 133 1 0
          35 15 0 140 41 0
          139 93 0 133 66 0
          105 80 0 159 58 0
          145 96 0 117 17 0
          116 73 0 154 58 0
          144 96 0 115 70 0
          103 81 0 154 50 0
          110 80 0 147 44 0
          113 11 0 126 37 0
          118 16 0 109 68 0
          30 9 0 102 74 0
          128 65 0 157 97 0
          136 94 0 154 59 0
          129 35 0 36 16 0
          114 37 0 129 36 0
          123 60 0 23 115 0
          153 23 0 159 57 0
          17 13 0 16 14 0
          105 86 0 154 20 0
          104 83 0 108 68 0
          121 21 0 28 5 0
          106 73 0 84 38 0
          121 73 0 115 71 0
          132 6 0 122 17 0
          125 59 0 39 16 0
          125 37 0 109 72 0
          104 84 0 103 83 0
          38 17 0 132 2 0
          123 61 0 17 5 0
          132 44 0 17 8 0
          106 86 0 134 1 0
          103 75 0 126 40 0
          141 41 0 135 1 0
          123 17 0 102 75 0
          104 80 0 108 72 0
          128 34 0 140 40 0
          110 82 0 142 90 0
          117 13 0 12 13 0
          119 19 0 154 101 0
          17 3 0 153 104 0
          106 72 0 89 77 0
          50 6 0 151 42 0
          54 2 0 53 1 0
          103 74 0 44 9 0
          132 96 0 17 4 0
          19 15 0 127 36 0
          132 5 0 122 59 0
          110 60 0 159 44 0
          16 10 0 112 65 0
          117 52 0 122 60 0
          135 10 0 47 13 0
          56 0 0 18 15 0
          154 51 0 15 0 0
          52 6 0 100 80 0
          111 65 0 115 38 0
          142 91 0 17 9 0
          110 57 0 110 58 0
          54 1 0 100 81 0
          49 7 0 104 94 0
          51 0 0 12 3 0
          32 5 0 120 25 0
          144 103 0 51 6 0
          118 52 0 55 0 0
          113 62 0 155 29 0
          127 0 0 104 93 0
          127 38 0 122 73 0
          113 80 0 17 7 0
          137 42 0 110 7 0
          111 60 0 14 13 0
          112 69 0 87 74 0
          115 91 0 120 35 0
          34 2 0 118 158 0
          124 68 0 125 67 0
          111 69 0 153 22 0
          22 10 0 40 0 0
          23 19 0 12 5 0
          32 6 0 154 48 0
          133 96 0 55 10 0
          29 7 0 152 23 0
          154 29 0 112 80 0
          146 97 0 12 8 0
          14 3 0 17 11 0
          54 6 0 88 75 0
          27 8 0 18 0 0
          86 76 0 53 6 0
          104 78 0 16 18 0
          93 66 0 105 32 0
          56 8 0 118 13 0
          25 9 0 108 65 0
          117 58 0 55 9 0
          96 39 0 20 10 0
          10 10 0 113 57 0
          136 10 0 146 96 0
          27 7 0 15 3 0
          113 70 0 58 1 0
          7 3 0 12 9 0
          17 0 0 113 59 0
          114 80 0 42 13 0
          149 95 0 27 18 0
          16 17 0 148 95 0
          19 18 0 28 15 0
          14 5 0 33 10 0
          12 18 0 114 49 0
          45 12 0 99 84 0
          57 1 0 21 10 0
          105 33 0 13 3 0
          115 49 0 53 9 0
          14 2 0 20 0 0
          104 91 0 109 37 0
          20 11 0 100 82 0
          2 3 0 2 13 0
          117 59 0 154 49 0
          32 10 0 5 8 0
          29 23 0 52 8 0
          88 74 0 2 8 0
          7 13 0 116 19 0
          115 13 0 26 18 0
          87 75 0 119 56 0
          5 6 0 138 41 0
          55 6 0 18 18 0
          0 3 0 44 13 0
          108 37 0 22 5 0
          58 11 0 19 0 0
          25 114 0 10 5 0
          39 2 0 87 85 0
          25 4 0 119 23 0
          9 3 0 11 10 0
          39 1 0 11 5 0
          85 75 0 150 90 0
          150 91 0 26 8 0
          12 17 0 7 7 0
          28 16 0 0 8 0
          30 19 0 122 37 0
          86 75 0 122 67 0
          38 10 0 121 36 0
          109 38 0 17 21 0
          42 14 0 21 5 0
          121 69 0 8 13 0
          1 8 0 25 0 0
          38 9 0 5 7 0
          2 5 0 8 4 0
          17 19 0 154 46 0
          10 0 0 3 0 0
          7 6 0 86 77 0
          122 66 0 23 0 0
          3 8 0 1 3 0
          5 10 0 33 0 0
          153 46 0 35 6 0
          4 3 0 5 3 0
          2 4 0 79 42 0
          24 0 0 122 36 0
          33 3 0 10 1 0
          5 9 0 111 9 0
          4 13 0 158 46 0
          32 18 0 118 57 0
          3 10 0 35 0 0
          20 118 0 27 10 0
          23 4 0 113 90 0
          24 9 0 34 6 0
          56 10 0 28 10 0
          34 0 0 123 36 0
          119 31 0 5 13 0
          3 6 0 3 13 0
          22 1 0 8 0 0
          121 35 0 31 19 0
          30 21 0 29 21 0
          97 81 0 98 74 0
          116 23 0 100 77 0
          116 92 0 28 20 0
          5 0 0 8 1 0
          98 81 0 115 23 0
          122 70 0 22 22 0
          29 13 0 101 76 0
          4 2 0 29 22 0
          95 80 0 58 5 0
          97 32 0 58 68 0
          102 56 0 0 18 0
          4 10 0 23 21 0
          30 26 0 32 19 0
          4 0 0 115 25 0
          58 4 0 128 2 0
          88 88 0 65 80 0
          96 81 0 146 100 0
          85 85 0 24 23 0
          54 90 0 100 73 0
          29 28 0 119 33 0
          149 23 0 23 23 0
          25 24 0 155 48 0
          98 0 0 86 85 0
          122 32 0 7 22 0
          116 24 0 92 74 0
          149 22 0 97 33 0
          89 89 0 89 87 0
          89 88 0 79 81 0
          10 34 0 29 27 0
          108 53 0 2 18 0
          89 81 0 1 18 0
          46 98 0 89 80 0
          134 23 0 4 18 0
          29 25 0 110 54 0
          102 28 0 98 90 0
          25 29 0 89 13 0
          24 24 0 45 100 0
          109 55 0 6 18 0
          9 28 0 110 49 0
          109 54 0 121 31 0
          67 80 0 111 49 0
          93 46 0 98 61 0
          54 88 0 5 20 0
          43 100 0 7 43 0
          64 78 0 89 83 0
          144 33 0 5 25 0
          84 83 0 8 21 0
          27 28 0 3 18 0
          85 83 0 53 78 0
          28 28 0 93 75 0
          92 75 0 98 55 0
          5 19 0 53 80 0
          99 46 0 26 28 0
          32 27 0 30 28 0
          75 81 0 43 21 0
          104 28 0 95 70 0
          95 69 0 50 95 0
          123 13 0 8 25 0
          44 100 0 54 16 0
          122 40 0 0 33 0
          64 79 0 100 64 0
          5 45 0 123 14 0
          68 51 0 12 30 0
          50 97 0 5 44 0
          30 33 0 90 74 0
          99 45 0 53 82 0
          89 68 0 12 32 0
          12 33 0 50 96 0
          9 26 0 66 80 0
          133 23 0 93 79 0
          122 41 0 44 23 0
          99 90 0 9 25 0
          44 22 0 32 32 0
          82 69 0 27 33 0
          92 88 0 141 30 0
          42 21 0 103 28 0
          31 33 0 13 31 0
          145 153 0 101 30 0
          82 86 0 55 15 0
          8 23 0 142 31 0
          130 104 0 12 40 0
          135 149 0 42 101 0
          60 80 0 72 75 0
          52 94 0 83 85 0
          45 99 0 150 149 0
          9 27 0 36 106 0
          54 18 0 54 17 0
          159 157 0 29 32 0
          54 89 0 100 63 0
          93 89 0 7 24 0
          93 88 0 94 93 0
          104 55 0 145 151 0
          98 51 0 92 84 0
          40 24 0 76 81 0
          134 106 0 149 157 0
          91 88 0 90 67 0
          99 52 0 40 23 0
          159 153 0 28 33 0
          104 52 0 64 58 0
          148 152 0 87 15 0
          0 28 0 108 45 0
          7 37 0 8 36 0
          51 95 0 106 103 0
          61 84 0 80 45 0
          98 52 0 92 83 0
          108 44 0 95 71 0
          90 65 0 62 85 0
          72 78 0 150 155 0
          108 103 0 48 96 0
          145 152 0 90 46 0
          75 75 0 52 19 0
          158 151 0 147 154 0
          98 53 0 157 158 0
          99 48 0 99 47 0
          105 52 0 53 81 0
          62 84 0 88 14 0
          15 122 0 4 31 0
          141 25 0 129 103 0
          96 67 0 74 78 0
          158 155 0 53 18 0
          132 102 0 74 76 0
          142 30 0 85 90 0
          11 45 0 82 82 0
          149 152 0 17 36 0
          131 103 0 147 153 0
          21 117 0 129 156 0
          85 89 0 84 48 0
          43 25 0 103 62 0
          158 158 0 91 65 0
          91 46 0 86 92 0
          80 44 0 127 108 0
          72 77 0 130 103 0
          5 36 0 149 156 0
          95 45 0 44 24 0
          108 105 0 11 29 0
          8 38 0 85 50 0
          11 40 0 2 40 0
          65 59 0 17 28 0
          87 91 0 17 121 0
          65 58 0 144 156 0
          148 155 0 146 153 0
          62 83 0 50 19 0
          122 102 0 132 101 0
          159 28 0 51 19 0
          158 152 0 87 50 0
          62 58 0 100 55 0
          113 0 0 127 106 0
          73 78 0 107 103 0
          17 33 0 5 37 0
          3 41 0 58 81 0
          99 100 0 70 77 0
          3 27 0 61 80 0
          132 151 0 155 155 0
          108 104 0 53 92 0
          92 4 0 57 78 0
          91 93 0 153 159 0
          103 63 0 60 82 0
          79 73 0 154 153 0
          142 159 0 93 5 0
          111 2 0 0 25 0
          77 71 0 42 27 0
          133 104 0 15 34 0
          43 26 0 63 58 0
          16 33 0 3 32 0
          3 36 0 14 34 0
          152 158 0 16 122 0
          159 27 0 2 50 0
          155 156 0 123 106 0
          152 159 0 105 0 0
          0 38 0 17 30 0
          71 77 0 2 52 0
          5 49 0 92 42 0
          112 1 0 125 155 0
          85 18 0 113 29 0
          84 50 0 114 28 0
          54 86 0 93 92 0
          52 93 0 7 51 0
          3 50 0 92 93 0
          17 34 0 0 26 0
          85 17 0 112 3 0
          154 159 0 17 29 0
          120 1 0 153 156 0
          92 44 0 104 47 0
          119 0 0 110 0 0
          128 113 0 60 81 0
          155 111 0 90 98 0
          55 79 0 53 91 0
          49 90 0 127 104 0
          19 30 0 104 45 0
          127 107 0 95 102 0
          146 155 0 16 31 0
          92 45 0 0 23 0
          85 30 0 120 0 0
          2 38 0 20 30 0
          83 61 0 0 30 0
          86 50 0 37 28 0
          0 24 0 91 41 0
          83 72 0 0 47 0
          152 157 0 122 157 0
          5 47 0 99 18 0
          108 101 0 105 45 0
          92 5 0 2 39 0
          63 11 0 143 157 0
          153 154 0 59 80 0
          133 150 0 63 71 0
          108 102 0 0 31 0
          127 105 0 0 50 0
          115 0 0 9 44 0
          89 51 0 114 0 0
          20 35 0 0 43 0
          128 104 0 29 38 0
          104 46 0 19 36 0
          62 12 0 14 58 0
          65 83 0 29 37 0
          87 49 0 17 40 0
          108 26 0 64 83 0
          7 33 0 103 0 0
          15 59 0 25 39 0
          124 103 0 93 7 0
          74 79 0 54 87 0
          4 50 0 59 88 0
          26 38 0 78 75 0
          143 109 0 1 38 0
          24 38 0 25 38 0
          56 78 0 88 51 0
          36 28 0 107 99 0
          39 28 0 87 55 0
          1 43 0 107 27 0
          69 78 0 123 104 0
          128 118 0 123 103 0
          158 145 0 159 123 0
          18 121 0 121 3 0
          6 51 0 2 46 0
          48 25 0 158 121 0
          109 109 0 123 123 0
          16 40 0 121 157 0
          104 8 0 150 120 0
          104 17 0 85 45 0
          7 34 0 0 40 0
          124 104 0 156 110 0
          124 156 0 63 66 0
          58 73 0 153 125 0
          70 85 0 78 73 0
          157 112 0 143 33 0
          129 126 0 38 28 0
          142 118 0 136 20 0
          145 120 0 22 37 0
          107 101 0 127 155 0
          137 110 0 88 60 0
          148 120 0 31 110 0
          70 48 0 117 105 0
          65 75 0 150 115 0
          15 58 0 1 39 0
          95 17 0 57 88 0
          85 46 0 156 112 0
          144 107 0 47 27 0
          143 120 0 88 61 0
          1 50 0 149 143 0
          9 51 0 91 97 0
          37 33 0 159 121 0
          33 105 0 36 33 0
          149 120 0 102 17 0
          74 69 0 48 23 0
          89 18 0 22 36 0
          69 84 0 130 154 0
          90 55 0 123 1 0
          69 71 0 46 27 0
          139 112 0 102 9 0
          0 52 0 144 120 0
          91 7 0 130 124 0
          15 44 0 137 109 0
          75 69 0 128 120 0
          106 2 0 97 102 0
          33 106 0 104 22 0
          150 125 0 72 68 0
          14 44 0 148 35 0
          19 54 0 8 51 0
          57 82 0 76 63 0
          137 115 0 59 87 0
          77 65 0 86 31 0
          145 25 0 130 125 0
          151 118 0 120 3 0
          96 17 0 89 55 0
          93 6 0 145 122 0
          128 110 0 32 37 0
          139 33 0 77 64 0
          149 123 0 144 117 0
          124 110 0 109 107 0
          149 118 0 137 22 0
          69 73 0 144 121 0
          104 0 0 101 7 0
          88 54 0 105 2 0
          78 67 0 159 113 0
          102 7 0 145 24 0
          150 118 0 88 17 0
          148 113 0 140 122 0
          110 97 0 110 96 0
          150 119 0 145 115 0
          150 144 0 103 17 0
          146 120 0 158 113 0
          149 117 0 10 49 0
          99 159 0 60 71 0
          155 120 0 110 1 0
          147 27 0 73 68 0
          39 33 0 158 115 0
          101 18 0 104 24 0
          103 9 0 90 115 0
          129 115 0 31 38 0
          142 120 0 149 122 0
          143 119 0 144 113 0
          62 68 0 62 69 0
          80 57 0 75 60 0
          102 100 0 10 48 0
          92 115 0 138 111 0
          145 147 0 149 144 0
          154 148 0 140 120 0
          156 120 0 145 116 0
          158 114 0 66 53 0
          150 123 0 133 110 0
          21 40 0 38 33 0
          20 40 0 24 43 0
          149 114 0 91 115 0
          128 111 0 96 3 0
          106 98 0 136 22 0
          129 122 0 0 51 0
          107 19 0 133 112 0
          153 115 0 152 143 0
          155 115 0 101 100 0
          152 122 0 106 7 0
          89 108 0 133 111 0
          24 42 0 138 117 0
          155 123 0 134 113 0
          144 149 0 133 109 0
          99 5 0 155 148 0
          148 145 0 151 123 0
          91 103 0 151 143 0
          64 113 0 107 18 0
          78 60 0 78 65 0
          90 110 0 53 26 0
          79 67 0 152 123 0
          57 75 0 77 61 0
          152 146 0 128 119 0
          104 20 0 80 59 0
          152 145 0 68 72 0
          128 121 0 78 100 0
          134 112 0 138 116 0
          92 103 0 87 118 0
          152 114 0 159 146 0
          88 116 0 27 42 0
          145 114 0 85 57 0
          152 115 0 57 23 0
          124 109 0 128 109 0
          79 62 0 78 96 0
          138 114 0 78 63 0
          19 43 0 4 128 0
          90 108 0 154 115 0
          47 120 0 69 8 0
          68 117 0 136 21 0
          74 57 0 118 104 0
          27 41 0 132 128 0
          75 99 0 124 118 0
          73 56 0 149 36 0
          134 127 0 133 127 0
          129 123 0 88 117 0
          148 27 0 18 44 0
          62 75 0 80 35 0
          135 145 0 48 30 0
          62 76 0 87 114 0
          92 7 0 94 98 0
          79 102 0 75 61 0
          101 0 0 82 123 0
          123 145 0 77 49 0
          143 125 0 132 115 0
          78 98 0 48 29 0
          97 158 0 127 124 0
          74 56 0 76 99 0
          18 46 0 78 97 0
          24 118 0 128 124 0
          125 119 0 129 132 0
          68 7 0 0 58 0
          51 89 0 125 150 0
          22 45 0 18 45 0
          80 34 0 74 93 0
          87 112 0 131 115 0
          76 53 0 84 118 0
          143 124 0 87 113 0
          24 117 0 108 0 0
          89 115 0 55 24 0
          152 132 0 121 145 0
          77 99 0 139 147 0
          87 115 0 112 108 0
          74 95 0 99 6 0
          37 37 0 81 122 0
          17 50 0 24 44 0
          138 147 0 131 127 0
          88 112 0 124 143 0
          8 126 0 135 119 0
          134 118 0 122 118 0
          56 22 0 79 101 0
          91 118 0 158 132 0
          145 130 0 113 106 0
          79 112 0 69 88 0
          123 118 0 148 128 0
          78 49 0 121 152 0
          125 151 0 121 153 0
          135 159 0 152 139 0
          70 90 0 143 25 0
          81 123 0 148 127 0
          74 94 0 16 49 0
          136 118 0 89 118 0
          111 109 0 7 125 0
          22 47 0 135 118 0
          17 49 0 69 87 0
          122 149 0 22 46 0
          7 126 0 123 152 0
          62 105 0 69 95 0
          126 123 0 77 113 0
          125 145 0 124 152 0
          153 140 0 76 95 0
          136 158 0 82 114 0
          137 144 0 98 158 0
          92 17 0 122 145 0
          87 110 0 145 140 0
          154 138 0 124 144 0
          137 145 0 49 118 0
          29 117 0 52 116 0
          72 91 0 144 128 0
          70 120 0 149 32 0
          135 146 0 78 112 0
          88 109 0 59 122 0
          37 36 0 146 128 0
          113 107 0 139 23 0
          0 128 0 72 55 0
          85 118 0 123 149 0
          77 55 0 147 140 0
          73 89 0 78 105 0
          127 148 0 73 92 0
          87 100 0 87 105 0
          115 115 0 82 104 0
          144 127 0 76 55 0
          17 52 0 18 56 0
          69 113 0 125 148 0
          5 74 0 119 97 0
          77 54 0 10 60 0
          54 118 0 149 132 0
          74 106 0 69 89 0
          72 56 0 124 148 0
          47 33 0 47 32 0
          147 128 0 88 100 0
          147 141 0 146 140 0
          84 97 0 77 104 0
          83 21 0 17 53 0
          152 140 0 24 48 0
          82 98 0 17 51 0
          70 60 0 74 59 0
          119 96 0 121 147 0
          69 111 0 14 48 0
          153 141 0 0 75 0
          80 110 0 29 116 0
          77 110 0 77 103 0
          69 112 0 116 108 0
          80 113 0 18 47 0
          55 95 0 70 115 0
          69 93 0 66 92 0
          158 130 0 153 138 0
          157 136 0 79 111 0
          145 135 0 94 113 0
          83 98 0 78 104 0
          72 104 0 145 129 0
          141 147 0 88 158 0
          68 113 0 158 131 0
          93 25 0 15 48 0
          71 93 0 126 148 0
          135 140 0 85 100 0
          66 91 0 78 110 0
          52 118 0 15 63 0
          77 108 0 148 135 0
          94 114 0 148 130 0
          150 138 0 69 94 0
          148 137 0 87 106 0
          155 131 0 48 119 0
          54 95 0 81 104 0
          155 132 0 65 19 0
          94 23 0 140 135 0
          36 112 0 139 128 0
          75 105 0 51 118 0
          88 105 0 114 113 0
          148 136 0 77 109 0
          53 118 0 70 116 0
          120 99 0 14 53 0
          64 18 0 123 141 0
          0 73 0 12 125 0
          72 114 0 0 74 0
          54 110 0 24 47 0
          22 50 0 68 0 0
          4 65 0 154 131 0
          147 139 0 94 110 0
          70 104 0 82 110 0
          79 117 0 158 129 0
          72 118 0 68 60 0
          138 141 0 86 100 0
          151 138 0 64 19 0
          64 108 0 85 96 0
          89 122 0 139 142 0
          137 142 0 73 110 0
          54 113 0 138 142 0
          51 117 0 38 110 0
          40 40 0 132 146 0
          69 103 0 52 33 0
          93 110 0 14 52 0
          138 22 0 83 100 0
          114 114 0 53 114 0
          52 108 0 157 138 0
          64 107 0 142 135 0
          133 130 0 81 110 0
          57 126 0 1 56 0
          36 111 0 84 102 0
          69 119 0 67 0 0
          133 129 0 84 101 0
          53 120 0 70 114 0
          155 136 0 54 33 0
          130 130 0 144 133 0
          138 135 0 57 27 0
          37 110 0 57 26 0
          85 114 0 10 54 0
          112 114 0 20 49 0
          82 99 0 131 129 0
          147 135 0 138 130 0
          55 120 0 140 130 0
          114 118 0 59 128 0
          119 99 0 157 137 0
          71 114 0 74 110 0
          93 21 0 10 53 0
          64 17 0 153 134 0
          65 98 0 138 133 0
          142 143 0 74 112 0
          70 103 0 55 105 0
          69 18 0 146 133 0
          113 114 0 84 20 0
          71 103 0 54 32 0
          58 96 0 53 31 0
          75 112 0 46 93 0
          147 133 0 96 108 0
          22 58 0 57 115 0
          143 135 0 141 128 0
          6 60 0 52 119 0
          65 110 0 72 102 0
          92 11 0 141 152 0
          142 133 0 124 128 0
          143 143 0 139 130 0
          129 131 0 12 62 0
          132 147 0 64 111 0
          113 103 0 135 141 0
          135 130 0 140 129 0
          97 109 0 3 75 0
          138 132 0 2 75 0
          124 127 0 142 134 0
          139 135 0 138 134 0
          59 98 0 93 24 0
          65 100 0 106 150 0
          12 61 0 57 96 0
          64 110 0 58 116 0
          92 158 0 134 130 0
          96 107 0 90 29 0
          144 134 0 14 62 0
          48 116 0 55 119 0
          47 93 0 7 61 0
          4 74 0 94 20 0
          105 149 0 65 99 0
          96 109 0 27 47 0
          91 12 0 47 107 0
          115 100 0 89 127 0
          82 108 0 19 68 0
          11 125 0 80 115 0
          40 38 0 141 151 0
          49 116 0 0 78 0
          47 115 0 60 95 0
          52 106 0 117 107 0
          12 53 0 54 123 0
          71 120 0 90 30 0
          90 124 0 114 103 0
          103 116 0 2 127 0
          14 67 0 53 109 0
          4 130 0 82 109 0
          40 115 0 53 106 0
          50 105 0 20 64 0
          37 117 0 141 21 0
          84 132 0 27 46 0
          71 110 0 58 115 0
          110 155 0 40 117 0
          35 43 0 67 15 0
          60 100 0 21 135 0
          140 21 0 59 118 0
          88 26 0 67 14 0
          54 122 0 20 58 0
          65 96 0 115 117 0
          52 107 0 134 138 0
          53 111 0 97 22 0
          52 105 0 85 105 0
          67 18 0 40 116 0
          85 0 0 59 96 0
          44 53 0 86 105 0
          62 28 0 57 98 0
          45 44 0 89 27 0
          10 74 0 123 142 0
          134 139 0 59 116 0
          5 126 0 4 79 0
          132 138 0 12 67 0
          24 53 0 105 150 0
          89 121 0 84 158 0
          70 100 0 14 66 0
          64 42 0 56 123 0
          120 120 0 130 140 0
          47 116 0 13 67 0
          74 3 0 110 119 0
          96 22 0 88 131 0
          45 40 0 93 27 0
          69 100 0 50 104 0
          44 43 0 80 119 0
          75 5 0 90 155 0
          88 27 0 44 39 0
          0 77 0 80 30 0
          42 43 0 34 42 0
          2 67 0 42 115 0
          110 153 0 37 114 0
          43 51 0 55 123 0
          45 39 0 57 122 0
          47 43 0 44 48 0
          89 124 0 80 32 0
          59 93 0 42 50 0
          59 108 0 46 43 0
          44 41 0 82 26 0
          57 124 0 91 157 0
          42 48 0 90 130 0
          24 52 0 60 29 0
          49 108 0 90 125 0
          45 43 0 133 138 0
          24 69 0 47 40 0
          8 65 0 45 115 0
          42 42 0 11 53 0
          60 109 0 83 26 0
          13 124 0 80 125 0
          107 158 0 41 112 0
          115 102 0 121 120 0
          85 158 0 87 124 0
          25 54 0 90 156 0
          72 15 0 61 102 0
          60 93 0 9 68 0
          43 50 0 43 43 0
          75 4 0 0 83 0
          41 115 0 57 35 0
          24 54 0 49 38 0
          89 130 0 87 123 0
          119 112 0 40 45 0
          32 47 0 30 122 0
          61 29 0 40 120 0
          59 28 0 99 137 0
          113 111 0 40 112 0
          80 9 0 112 153 0
          7 58 0 110 154 0
          76 0 0 111 153 0
          75 10 0 101 113 0
          49 85 0 97 123 0
          44 52 0 32 124 0
          17 67 0 39 43 0
          108 146 0 22 136 0
          60 108 0 0 80 0
          80 124 0 43 49 0
          82 158 0 69 28 0
          40 44 0 42 109 0
          34 48 0 119 122 0
          10 69 0 16 67 0
          46 40 0 120 122 0
          114 153 0 45 47 0
          46 115 0 99 113 0
          119 111 0 63 118 0
          52 37 0 3 66 0
          29 53 0 8 63 0
          39 49 0 75 1 0
          64 28 0 32 119 0
          40 49 0 22 68 0
          6 63 0 0 63 0
          34 46 0 98 113 0
          67 64 0 94 158 0
          95 10 0 42 108 0
          33 120 0 22 135 0
          110 123 0 42 49 0
          108 156 0 70 37 0
          67 63 0 39 58 0
          35 115 0 79 8 0
          62 43 0 23 68 0
          63 120 0 39 117 0
          18 66 0 37 48 0
          49 37 0 47 88 0
          40 43 0 7 59 0
          57 103 0 40 53 0
          79 9 0 63 119 0
          65 24 0 52 48 0
          79 158 0 114 154 0
          61 109 0 112 151 0
          60 39 0 34 47 0
          4 77 0 47 48 0
          7 82 0 95 125 0
          46 48 0 99 114 0
          59 47 0 30 125 0
          58 127 0 132 140 0
          63 28 0 49 43 0
          51 38 0 67 128 0
          130 137 0 0 68 0
          4 132 0 2 82 0
          47 45 0 18 68 0
          108 115 0 79 130 0
          10 68 0 85 130 0
          47 44 0 90 132 0
          37 45 0 112 152 0
          77 158 0 67 28 0
          111 118 0 62 35 0
          92 133 0 57 34 0
          54 53 0 85 155 0
          37 44 0 132 137 0
          108 114 0 9 81 0
          28 120 0 59 33 0
          8 67 0 1 68 0
          31 123 0 102 114 0
          72 13 0 21 68 0
          66 28 0 54 48 0
          36 115 0 35 48 0
          47 50 0 75 133 0
          28 125 0 117 118 0
          52 53 0 83 158 0
          80 158 0 49 48 0
          71 128 0 41 53 0
          83 146 0 104 153 0
          32 120 0 40 119 0
          9 74 0 84 131 0
          73 13 0 98 120 0
          90 131 0 95 123 0
          57 104 0 71 13 0
          28 119 0 95 9 0
          55 44 0 90 129 0
          1 82 0 32 118 0
          112 154 0 109 148 0
          32 52 0 59 32 0
          118 119 0 74 37 0
          50 48 0 3 81 0
          93 127 0 30 120 0
          4 131 0 50 84 0
          63 42 0 57 48 0
          29 51 0 8 81 0
          60 35 0 52 50 0
          74 18 0 0 79 0
          30 124 0 128 138 0
          54 38 0 48 56 0
          73 3 0 62 33 0
          80 148 0 27 68 0
          84 148 0 95 124 0
          96 124 0 83 150 0
          64 33 0 4 129 0
          84 156 0 84 2 0
          30 50 0 53 48 0
          59 35 0 26 68 0
          31 120 0 34 53 0
          5 69 0 82 149 0
          72 35 0 56 48 0
          61 35 0 47 55 0
          102 138 0 47 49 0
          54 37 0 71 20 0
          61 33 0 71 19 0
          48 49 0 53 51 0
          9 83 0 4 83 0
          86 132 0 48 43 0
          37 57 0 31 53 0
          87 149 0 29 52 0
          122 134 0 89 148 0
          57 45 0 52 52 0
          78 158 0 103 155 0
          55 45 0 77 133 0
          88 148 0 82 150 0
          58 41 0 38 121 0
          5 83 0 92 128 0
          64 38 0 48 88 0
          113 140 0 45 113 0
          30 121 0 42 124 0
          52 49 0 0 65 0
          105 121 0 109 143 0
          71 36 0 81 155 0
          24 64 0 9 82 0
          67 126 0 42 58 0
          80 0 0 129 137 0
          40 88 0 122 133 0
          76 133 0 74 130 0
          109 149 0 67 127 0
          93 123 0 63 32 0
          75 26 0 109 122 0
          39 56 0 85 4 0
          84 153 0 65 26 0
          98 121 0 53 50 0
          113 142 0 113 141 0
          59 43 0 56 45 0
          58 46 0 3 83 0
          82 155 0 83 147 0
          47 56 0 100 138 0
          72 33 0 54 52 0
          45 114 0 120 131 0
          37 55 0 60 43 0
          82 148 0 0 70 0
          33 53 0 23 65 0
          85 144 0 2 143 0
          75 16 0 49 53 0
          73 125 0 32 55 0
          78 8 0 80 145 0
          41 58 0 38 120 0
          40 55 0 74 23 0
          81 148 0 51 53 0
          85 154 0 7 87 0
          67 32 0 67 40 0
          75 159 0 28 124 0
          104 154 0 4 68 0
          72 34 0 76 159 0
          52 40 0 52 39 0
          44 58 0 52 43 0
          0 69 0 38 54 0
          87 2 0 102 123 0
          57 50 0 74 33 0
          116 132 0 85 149 0
          72 23 0 32 54 0
          68 26 0 110 159 0
          79 0 0 110 144 0
          108 148 0 91 132 0
          51 43 0 68 35 0
          111 150 0 47 54 0
          109 145 0 0 143 0
          45 56 0 62 134 0
          66 33 0 65 39 0
          90 144 0 67 30 0
          74 16 0 58 43 0
          85 140 0 0 61 0
          85 145 0 74 125 0
          62 40 0 23 137 0
          69 35 0 3 138 0
          2 71 0 0 135 0
          68 30 0 108 154 0
          69 143 0 66 40 0
          62 130 0 73 25 0
          73 33 0 0 145 0
          102 148 0 76 7 0
          81 145 0 24 138 0
          25 125 0 27 128 0
          72 124 0 109 144 0
          0 64 0 58 49 0
          112 148 0 74 28 0
          27 63 0 61 40 0
          40 123 0 75 39 0
          73 18 0 28 64 0
          106 120 0 23 136 0
          64 128 0 69 128 0
          72 123 0 12 82 0
          21 73 0 28 127 0
          2 87 0 72 25 0
          74 27 0 78 132 0
          99 123 0 3 86 0
          69 33 0 74 150 0
          69 34 0 1 143 0
          85 3 0 26 125 0
          61 133 0 27 64 0
          74 25 0 79 5 0
          58 148 0 11 83 0
          121 130 0 49 58 0
          26 64 0 73 23 0
          78 6 0 37 123 0
          78 13 0 23 131 0
          86 2 0 105 145 0
          0 88 0 93 140 0
          68 145 0 94 141 0
          83 152 0 62 133 0
          80 127 0 104 141 0
          77 155 0 100 150 0
          109 159 0 77 128 0
          117 133 0 112 149 0
          27 58 0 2 135 0
          0 133 0 37 90 0
          72 38 0 65 132 0
          38 122 0 5 140 0
          70 135 0 78 155 0
          73 128 0 26 58 0
          22 130 0 103 150 0
          19 138 0 8 85 0
          2 136 0 115 140 0
          49 57 0 10 130 0
          27 73 0 88 1 0
          67 37 0 78 128 0
          72 127 0 38 89 0
          17 137 0 23 130 0
          75 38 0 101 156 0
          99 133 0 103 145 0
          77 13 0 34 59 0
          93 141 0 18 135 0
          35 59 0 78 150 0
          69 145 0 102 135 0
          37 62 0 89 145 0
          29 58 0 2 148 0
          72 21 0 31 73 0
          70 140 0 29 153 0
          17 105 0 75 145 0
          32 65 0 30 58 0
          2 134 0 74 142 0
          1 145 0 37 61 0
          100 143 0 32 63 0
          87 141 0 61 130 0
          65 130 0 92 143 0
          72 40 0 119 141 0
          10 108 0 106 145 0
          65 128 0 99 134 0
          34 64 0 40 63 0
          68 135 0 5 145 0
          16 103 0 34 93 0
          0 136 0 29 73 0
          112 143 0 102 136 0
          91 144 0 3 146 0
          35 64 0 93 151 0
          75 154 0 3 140 0
          0 148 0 119 142 0
          28 73 0 100 145 0
          0 140 0 23 71 0
          30 73 0 24 137 0
          7 143 0 78 149 0
          101 150 0 3 145 0
          15 135 0 24 73 0
          59 132 0 92 148 0
          91 148 0 93 142 0
          117 139 0 2 147 0
          114 128 0 100 141 0
          12 138 0 102 147 0
          74 148 0 32 60 0
          8 131 0 77 20 0
          31 64 0 32 64 0
          69 141 0 86 141 0
          17 136 0 37 80 0
          33 59 0 100 154 0
          42 62 0 118 133 0
          65 145 0 4 141 0
          54 140 0 45 63 0
          9 133 0 32 67 0
          0 87 0 63 134 0
          100 155 0 60 132 0
          75 148 0 85 142 0
          14 127 0 21 79 0
          1 133 0 17 73 0
          67 43 0 69 135 0
          40 133 0 13 136 0
          93 152 0 61 132 0
          99 153 0 13 127 0
          12 107 0 76 20 0
          12 137 0 76 154 0
          102 140 0 116 133 0
          17 71 0 67 42 0
          11 108 0 101 145 0
          64 130 0 22 87 0
          5 144 0 73 39 0
          31 68 0 25 73 0
          6 143 0 75 146 0
          114 140 0 42 133 0
          12 87 0 69 147 0
          72 144 0 100 130 0
          49 133 0 100 144 0
          15 140 0 75 152 0
          97 148 0 34 68 0
          15 89 0 19 135 0
          41 63 0 7 132 0
          41 134 0 37 136 0
          45 81 0 41 83 0
          2 153 0 97 150 0
          39 62 0 69 146 0
          77 139 0 9 130 0
          100 152 0 15 139 0
          76 33 0 0 153 0
          10 140 0 32 81 0
          87 137 0 17 104 0
          7 107 0 13 140 0
          14 109 0 41 128 0
          45 77 0 14 135 0
          86 137 0 103 110 0
          75 153 0 39 84 0
          1 140 0 0 146 0
          59 158 0 97 147 0
          95 145 0 14 138 0
          107 137 0 92 139 0
          52 57 0 16 127 0
          23 73 0 30 83 0
          25 135 0 62 139 0
          40 127 0 40 84 0
          51 58 0 80 135 0
          17 107 0 95 135 0
          59 137 0 69 133 0
          74 149 0 14 140 0
          36 88 0 42 65 0
          42 85 0 80 134 0
          113 126 0 22 82 0
          9 104 0 99 150 0
          22 102 0 75 33 0
          8 106 0 77 33 0
          72 133 0 105 138 0
          50 64 0 102 133 0
          66 145 0 73 145 0
          32 69 0 70 133 0
          63 140 0 34 86 0
          14 113 0 11 88 0
          82 0 0 31 83 0
          17 106 0 104 110 0
          106 138 0 8 133 0
          73 143 0 18 138 0
          65 159 0 11 140 0
          64 158 0 40 69 0
          30 157 0 9 143 0
          20 102 0 76 140 0
          67 138 0 35 135 0
          95 134 0 15 74 0
          45 135 0 37 153 0
          116 139 0 10 105 0
          42 64 0 65 140 0
          92 140 0 48 136 0
          105 128 0 102 134 0
          100 132 0 113 127 0
          17 126 0 27 136 0
          28 96 0 35 84 0
          8 143 0 17 97 0
          12 148 0 43 64 0
          42 80 0 34 85 0
          37 67 0 1 153 0
          62 140 0 64 159 0
          10 145 0 75 137 0
          75 136 0 72 141 0
          0 150 0 44 153 0
          8 111 0 15 85 0
          132 14 0 18 131 0
          24 130 0 28 155 0
          90 139 0 43 80 0
          96 145 0 35 87 0
          35 155 0 13 105 0
          35 78 0 14 99 0
          18 103 0 43 66 0
          14 86 0 7 105 0
          7 148 0 45 79 0
          67 139 0 23 76 0
          25 136 0 64 140 0
          12 102 0 5 109 0
          104 139 0 14 74 0
          23 80 0 39 86 0
          7 106 0 132 13 0
          43 65 0 21 102 0
          8 110 0 47 135 0
          32 158 0 31 158 0
          19 99 0 27 150 0
          44 80 0 108 130 0
          30 155 0 7 147 0
          29 148 0 60 150 0
          10 142 0 95 147 0
          47 75 0 35 154 0
          28 150 0 7 103 0
          68 150 0 24 148 0
          66 140 0 94 147 0
          10 144 0 15 94 0
          113 125 0 104 130 0
          50 66 0 13 108 0
          40 79 0 36 136 0
          28 154 0 42 84 0
          89 138 0 2 107 0
          34 138 0 33 83 0
          59 136 0 6 108 0
          36 89 0 34 73 0
          5 150 0 4 104 0
          49 128 0 39 79 0
          17 75 0 17 159 0
          29 155 0 7 92 0
          17 92 0 28 156 0
          90 138 0 43 71 0
          24 133 0 36 67 0
          19 100 0 25 133 0
          26 137 0 36 83 0
          15 145 0 24 85 0
          23 95 0 0 103 0
          37 77 0 33 136 0
          36 78 0 34 157 0
          43 155 0 15 86 0
          34 136 0 15 97 0
          12 151 0 15 112 0
          16 97 0 54 138 0
          24 103 0 2 151 0
          3 158 0 108 127 0
          13 103 0 54 136 0
          41 68 0 15 144 0
          39 136 0 47 65 0
          65 155 0 26 98 0
          15 100 0 14 98 0
          50 134 0 7 104 0
          18 74 0 46 65 0
          35 138 0 45 68 0
          68 149 0 9 148 0
          0 108 0 17 77 0
          1 150 0 35 150 0
          28 146 0 57 143 0
          35 156 0 4 94 0
          16 93 0 49 130 0
          65 152 0 15 96 0
          5 149 0 91 139 0
          33 73 0 40 74 0
          6 103 0 54 139 0
          4 99 0 42 70 0
          10 150 0 42 130 0
          12 92 0 58 150 0
          8 91 0 45 154 0
          28 147 0 49 129 0
          50 65 0 47 151 0
          70 150 0 41 73 0
          32 148 0 37 94 0
          46 76 0 41 70 0
          24 102 0 39 153 0
          67 153 0 17 143 0
          37 70 0 0 155 0
          17 142 0 12 97 0
          33 158 0 2 102 0
          13 91 0 70 154 0
          71 153 0 43 70 0
          70 152 0 25 150 0
          70 149 0 12 149 0
          39 93 0 38 69 0
          24 83 0 0 93 0
          40 155 0 65 150 0
          5 92 0 40 75 0
          23 86 0 26 150 0
          30 149 0 48 64 0
          54 128 0 18 132 0
          50 137 0 44 69 0
          113 130 0 9 99 0
          33 145 0 50 149 0
          62 158 0 37 93 0
          21 94 0 20 145 0
          65 154 0 32 143 0
          7 153 0 18 76 0
          9 93 0 13 96 0
          49 137 0 38 153 0
          1 154 0 10 149 0
          63 151 0 3 107 0
          32 77 0 54 127 0
          43 135 0 31 148 0
          66 153 0 27 77 0
          8 151 0 32 90 0
          32 76 0 19 93 0
          55 145 0 15 92 0
          52 158 0 70 153 0
          20 93 0 33 90 0
          85 10 0 60 155 0
          66 149 0 1 107 0
          40 154 0 64 151 0
          19 143 0 22 94 0
          17 148 0 49 131 0
          65 156 0 8 93 0
          109 133 0 24 97 0
          17 115 0 39 92 0
          32 144 0 26 78 0
          2 112 0 50 139 0
          0 113 0 0 158 0
          37 92 0 58 153 0
          54 137 0 10 101 0
          59 156 0 114 130 0
          63 155 0 55 146 0
          9 150 0 7 152 0
          60 152 0 3 103 0
          49 148 0 22 143 0
          41 153 0 57 145 0
          50 138 0 56 143 0
          35 151 0 22 153 0
          57 140 0 58 151 0
          3 111 0 1 92 0
          62 155 0 32 155 0
          47 154 0 32 154 0
          17 83 0 33 140 0
          60 151 0 7 158 0
          24 143 0 0 105 0
          31 145 0 52 154 0
          1 158 0 49 153 0
          36 98 0 17 146 0
          5 155 0 1 103 0
          46 154 0 24 158 0
          26 146 0 50 148 0
          5 101 0 18 83 0
          7 97 0 33 139 0
          1 104 0 53 130 0
          110 133 0 49 150 0
          70 159 0 47 152 0
          19 142 0 45 150 0
          71 158 0 7 155 0
          32 141 0 3 156 0
          25 157 0 54 129 0
          45 158 0 46 150 0
          51 153 0 39 158 0
          5 154 0 69 157 0
          21 141 0 38 140 0
          69 156 0 0 98 0
          1 115 0 48 81 0
          85 11 0 7 154 0
          8 96 0 38 100 0
          23 151 0 44 158 0
          17 145 0 52 156 0
          6 158 0 20 155 0
          10 114 0 55 155 0
          27 93 0 48 153 0
          15 155 0 37 148 0
          24 142 0 54 158 0
          38 158 0 27 143 0
          40 159 0 40 140 0
          49 82 0 28 143 0
          20 156 0 53 158 0
          45 145 0 27 94 0
          56 155 0 6 118 0
          40 158 0 36 148 0
          22 145 0 10 155 0
          42 138 0 21 145 0
          2 117 0 28 103 0
          41 138 0 38 139 0
          10 154 0 1 113 0
          39 140 0 10 159 0
          13 155 0 17 153 0
          21 154 0 12 158 0
          15 154 0 12 155 0
          1 98 0 35 95 0
          9 159 0 17 114 0
          5 116 0 46 143 0
          20 150 0 9 114 0
          27 103 0 2 116 0
          40 144 0 8 119 0
          11 158 0 50 144 0
          45 144 0 47 145 0
          16 153 0 42 143 0
          8 118 0 42 141 0
          3 119 0 42 140 0
          20 149 0 51 143 0
          2 119 0 42 142 0
          41 143 0 42 95 0
          38 101 0 43 95 0
          10 119 0 9 119 0
          0 123 0 1 123 0
          31 104 0
          <InformationKey name="L2_NORM_RANGE" location="vtkDataArray" length="2">
            <Value index="0">
              3
            </Value>
            <Value index="1">
              223.45021817
            </Value>
          </InformationKey>
        </DataArray>
      </Points>
      <Cells>
        <DataArray type="Int64" Name="connectivity" format="ascii" RangeMin="0" RangeMax="3132">
          0 1 2 3 4 5
          6 7 8 9 10 11
          12 13 14 15 16 17
          18 19 20 21 22 23
          24 25 26 27 28 29
          30 31 32 33 34 35
          36 37 38 39 40 41
          42 43 44 45 46 47
          48 49 50 51 52 53
          54 55 56 57 58 59
          60 61 62 63 64 65
          66 67 68 69 70 71
          72 73 74 75 76 77
          78 79 80 81 82 83
          84 85 86 87 88 89
          90 91 92 93 94 95
          96 97 98 99 100 101
          102 103 104 105 106 107
          108 109 110 111 112 113
          114 115 116 117 118 119
          120 121 122 123 124 125
          126 127 128 129 130 131
          132 133 134 135 136 137
          138 139 140 141 142 143
          144 145 146 147 148 149
          150 151 152 153 154 155
          156 157 158 159 160 161
          162 163 164 165 166 167
          168 169 170 171 172 173
          174 175 176 177 178 179
          180 181 182 183 184 185
          186 187 188 189 190 191
          192 193 194 195 196 197
          198 199 200 201 202 203
          204 205 206 207 208 209
          210 211 212 213 214 215
          216 217 218 219 220 221
          222 223 224 225 226 227
          228 229 230 231 232 233
          234 235 236 237 238 239
          240 241 242 243 244 245
          246 247 248 249 250 251
          252 253 254 255 256 257
          258 259 260 261 262 263
          264 265 266 267 268 269
          270 271 272 273 274 275
          276 277 278 279 280 281
          282 283 284 285 286 287
          288 289 290 291 292 293
          294 295 296 297 298 299
          300 301 302 303 304 305
          306 307 308 309 310 311
          312 313 314 315 316 317
          318 319 320 321 322 323
          324 325 326 327 328 329
          330 331 332 333 334 335
          336 337 338 339 340 341
          342 343 344 345 346 347
          348 349 350 351 352 353
          354 355 356 357 358 359
          360 361 362 363 364 365
          366 367 368 369 370 371
          372 373 374 375 376 377
          378 379 380 381 382 383
          384 385 386 387 388 389
          390 391 392 393 394 395
          396 397 398 399 400 401
          402 403 404 405 406 407
          408 409 410 411 412 413
          414 415 416 417 418 419
          420 421 422 423 424 425
          426 427 428 429 430 431
          432 433 434 435 436 437
          438 439 440 441 442 443
          444 445 446 447 448 449
          450 451 452 453 454 455
          456 457 458 459 460 461
          462 463 464 465 466 467
          468 469 470 471 472 473
          474 475 476 477 478 479
          480 481 482 483 484 485
          486 487 488 489 490 491
          492 493 494 495 496 497
          498 499 500 501 502 503
          504 505 506 507 508 509
          510 511 512 513 514 515
          516 517 518 519 520 521
          522 523 524 525 526 527
          528 529 530 531 532 533
          534 535 536 537 538 539
          540 541 542 543 544 545
          546 547 548 549 550 551
          552 553 554 555 556 557
          558 559 560 561 562 563
          564 565 566 567 568 569
          570 571 572 573 574 575
          576 577 578 579 580 581
          582 583 584 585 586 587
          588 589 590 591 592 593
          594 595 596 597 598 599
          600 601 602 603 604 605
          606 607 608 609 610 611
          612 613 614 615 616 617
          618 619 620 621 622 623
          624 625 626 627 628 629
          630 631 632 633 634 635
          636 637 638 639 640 641
          642 643 644 645 646 647
          648 649 650 651 652 653
          654 655 656 657 658 659
          660 661 662 663 664 665
          666 667 668 669 670 671
          672 673 674 675 676 677
          678 679 680 681 682 683
          684 685 686 687 688 689
          690 691 692 693 694 695
          696 697 698 699 700 701
          702 703 704 705 706 707
          708 709 710 711 712 713
          714 715 716 717 718 719
          720 721 722 723 724 725
          726 727 728 729 730 731
          732 733 734 735 736 737
          738 739 740 741 742 743
          744 745 746 747 748 749
          750 751 752 753 754 755
          756 757 758 759 760 761
          762 763 764 765 766 767
          768 769 770 771 772 773
          774 775 776 777 778 779
          780 781 782 783 784 785
          786 787 788 789 790 791
          792 793 794 795 796 797
          798 799 800 801 802 803
          804 805 806 807 808 809
          810 811 812 813 814 815
          816 817 818 819 820 821
          822 823 824 825 826 827
          828 829 830 831 832 833
          834 835 836 837 838 839
          840 841 842 843 844 845
          846 847 848 849 850 851
          852 853 854 855 856 857
          858 859 860 861 862 863
          864 865 866 867 868 869
          870 871 872 873 874 875
          876 877 878 879 880 881
          882 883 884 885 886 887
          888 889 890 891 892 893
          894 895 896 897 898 899
          900 901 902 903 904 905
          906 907 908 909 910 911
          912 913 914 915 916 917
          918 919 920 921 922 923
          924 925 926 927 928 929
          930 931 932 933 934 935
          936 937 938 939 940 941
          942 943 944 945 946 947
          948 949 950 951 952 953
          954 955 956 957 958 959
          960 961 962 963 964 965
          966 967 968 969 970 971
          972 973 974 975 976 977
          978 979 980 981 982 983
          984 985 986 987 988 989
          990 991 992 993 994 995
          996 997 998 999 1000 1001
          1002 1003 1004 1005 1006 1007
          1008 1009 1010 1011 1012 1013
          1014 1015 1016 1017 1018 1019
          1020 1021 1022 1023 1024 1025
          1026 1027 1028 1029 1030 1031
          1032 1033 1034 1035 1036 1037
          1038 1039 1040 1041 1042 1043
          1044 1045 1046 1047 1048 1049
          1050 1051 1052 1053 1054 1055
          1056 1057 1058 1059 1060 1061
          1062 1063 1064 1065 1066 1067
          1068 1069 1070 1071 1072 1073
          1074 1075 1076 1077 1078 1079
          1080 1081 1082 1083 1084 1085
          1086 1087 1088 1089 1090 1091
          1092 1093 1094 1095 1096 1097
          1098 1099 1100 1101 1102 1103
          1104 1105 1106 1107 1108 1109
          1110 1111 1112 1113 1114 1115
          1116 1117 1118 1119 1120 1121
          1122 1123 1124 1125 1126 1127
          1128 1129 1130 1131 1132 1133
          1134 1135 1136 1137 1138 1139
          1140 1141 1142 1143 1144 1145
          1146 1147 1148 1149 1150 1151
          1152 1153 1154 1155 1156 1157
          1158 1159 1160 1161 1162 1163
          1164 1165 1166 1167 1168 1169
          1170 1171 1172 1173 1174 1175
          1176 1177 1178 1179 1180 1181
          1182 1183 1184 1185 1186 1187
          1188 1189 1190 1191 1192 1193
          1194 1195 1196 1197 1198 1199
          1200 1201 1202 1203 1204 1205
          1206 1207 1208 1209 1210 1211
          1212 1213 1214 1215 1216 1217
          1218 1219 1220 1221 1222 1223
          1224 1225 1226 1227 1228 1229
          1230 1231 1232 1233 1234 1235
          1236 1237 1238 1239 1240 1241
          1242 1243 1244 1245 1246 1247
          1248 1249 1250 1251 1252 1253
          1254 1255 1256 1257 1258 1259
          1260 1261 1262 1263 1264 1265
          1266 1267 1268 1269 1270 1271
          1272 1273 1274 1275 1276 1277
          1278 1279 1280 1281 1282 1283
          1284 1285 1286 1287 1288 1289
          1290 1291 1292 1293 1294 1295
          1296 1297 1298 1299 1300 1301
          1302 1303 1304 1305 1306 1307
          1308 1309 1310 1311 1312 1313
          1314 1315 1316 1317 1318 1319
          1320 1321 1322 1323 1324 1325
          1326 1327 1328 1329 1330 1331
          1332 1333 1334 1335 1336 1337
          1338 1339 1340 1341 1342 1343
          1344 1345 1346 1347 1348 1349
          1350 1351 1352 1353 1354 1355
          1356 1357 1358 1359 1360 1361
          1362 1363 1364 1365 1366 1367
          1368 1369 1370 1371 1372 1373
          1374 1375 1376 1377 1378 1379
          1380 1381 1382 1383 1384 1385
          1386 1387 1388 1389 1390 1391
          1392 1393 1394 1395 1396 1397
          1398 1399 1400 1401 1402 1403
          1404 1405 1406 1407 1408 1409
          1410 1411 1412 1413 1414 1415
          1416 1417 1418 1419 1420 1421
          1422 1423 1424 1425 1426 1427
          1428 1429 1430 1431 1432 1433
          1434 1435 1436 1437 1438 1439
          1440 1441 1442 1443 1444 1445
          1446 1447 1448 1449 1450 1451
          1452 1453 1454 1455 1456 1457
          1458 1459 1460 1461 1462 1463
          1464 1465 1466 1467 1468 1469
          1470 1471 1472 1473 1474 1475
          1476 1477 1478 1479 1480 1481
          1482 1483 1484 1485 1486 1487
          1488 1489 1490 1491 1492 1493
          1494 1495 1496 1497 1498 1499
          1500 1501 1502 1503 1504 1505
          1506 1507 1508 1509 1510 1511
          1512 1513 1514 1515 1516 1517
          1518 1519 1520 1521 1522 1523
          1524 1525 1526 1527 1528 1529
          1530 1531 1532 1533 1534 1535
          1536 1537 1538 1539 1540 1541
          1542 1543 1544 1545 1546 1547
          1548 1549 1550 1551 1552 1553
          1554 1555 1556 1557 1558 1559
          1560 1561 1562 1563 1564 1565
          1566 1567 1568 1569 1570 1571
          1572 1573 1574 1575 1576 1577
          1578 1579 1580 1581 1582 1583
          1584 1585 1586 1587 1588 1589
          1590 1591 1592 1593 1594 1595
          1596 1597 1598 1599 1600 1601
          1602 1603 1604 1605 1606 1607
          1608 1609 1610 1611 1612 1613
          1614 1615 1616 1617 1618 1619
          1620 1621 1622 1623 1624 1625
          1626 1627 1628 1629 1630 1631
          1632 1633 1634 1635 1636 1637
          1638 1639 1640 1641 1642 1643
          1644 1645 1646 1647 1648 1649
          1650 1651 1652 1653 1654 1655
          1656 1657 1658 1659 1660 1661
          1662 1663 1664 1665 1666 1667
          1668 1669 1670 1671 1672 1673
          1674 1675 1676 1677 1678 1679
          1680 1681 1682 1683 1684 1685
          1686 1687 1688 1689 1690 1691
          1692 1693 1694 1695 1696 1697
          1698 1699 1700 1701 1702 1703
          1704 1705 1706 1707 1708 1709
          1710 1711 1712 1713 1714 1715
          1716 1717 1718 1719 1720 1721
          1722 1723 1724 1725 1726 1727
          1728 1729 1730 1731 1732 1733
          1734 1735 1736 1737 1738 1739
          1740 1741 1742 1743 1744 1745
          1746 1747 1748 1749 1750 1751
          1752 1753 1754 1755 1756 1757
          1758 1759 1760 1761 1762 1763
          1764 1765 1766 1767 1768 1769
          1770 1771 1772 1773 1774 1775
          1776 1777 1778 1779 1780 1781
          1782 1783 1784 1785 1786 1787
          1788 1789 1790 1791 1792 1793
          1794 1795 1796 1797 1798 1799
          1800 1801 1802 1803 1804 1805
          1806 1807 1808 1809 1810 1811
          1812 1813 1814 1815 1816 1817
          1818 1819 1820 1821 1822 1823
          1824 1825 1826 1827 1828 1829
          1830 1831 1832 1833 1834 1835
          1836 1837 1838 1839 1840 1841
          1842 1843 1844 1845 1846 1847
          1848 1849 1850 1851 1852 1853
          1854 1855 1856 1857 1858 1859
          1860 1861 1862 1863 1864 1865
          1866 1867 1868 1869 1870 1871
          1872 1873 1874 1875 1876 1877
          1878 1879 1880 1881 1882 1883
          1884 1885 1886 1887 1888 1889
          1890 1891 1892 1893 1894 1895
          1896 1897 1898 1899 1900 1901
          1902 1903 1904 1905 1906 1907
          1908 1909 1910 1911 1912 1913
          1914 1915 1916 1917 1918 1919
          1920 1921 1922 1923 1924 1925
          1926 1927 1928 1929 1930 1931
          1932 1933 1934 1935 1936 1937
          1938 1939 1940 1941 1942 1943
          1944 1945 1946 1947 1948 1949
          1950 1951 1952 1953 1954 1955
          1956 1957 1958 1959 1960 1961
          1962 1963 1964 1965 1966 1967
          1968 1969 1970 1971 1972 1973
          1974 1975 1976 1977 1978 1979
          1980 1981 1982 1983 1984 1985
          1986 1987 1988 1989 1990 1991
          1992 1993 1994 1995 1996 1997
          1998 1999 2000 2001 2002 2003
          2004 2005 2006 2007 2008 2009
          2010 2011 2012 2013 2014 2015
          2016 2017 2018 2019 2020 2021
          2022 2023 2024 2025 2026 2027
          2028 2029 2030 2031 2032 2033
          2034 2035 2036 2037 2038 2039
          2040 2041 2042 2043 2044 2045
          2046 2047 2048 2049 2050 2051
          2052 2053 2054 2055 2056 2057
          2058 2059 2060 2061 2062 2063
          2064 2065 2066 2067 2068 2069
          2070 2071 2072 2073 2074 2075
          2076 2077 2078 2079 2080 2081
          2082 2083 2084 2085 2086 2087
          2088 2089 2090 2091 2092 2093
          2094 2095 2096 2097 2098 2099
          2100 2101 2102 2103 2104 2105
          2106 2107 2108 2109 2110 2111
          2112 2113 2114 2115 2116 2117
          2118 2119 2120 2121 2122 2123
          2124 2125 2126 2127 2128 2129
          2130 2131 2132 2133 2134 2135
          2136 2137 2138 2139 2140 2141
          2142 2143 2144 2145 2146 2147
          2148 2149 2150 2151 2152 2153
          2154 2155 2156 2157 2158 2159
          2160 2161 2162 2163 2164 2165
          2166 2167 2168 2169 2170 2171
          2172 2173 2174 2175 2176 2177
          2178 2179 2180 2181 2182 2183
          2184 2185 2186 2187 2188 2189
          2190 2191 2192 2193 2194 2195
          2196 2197 2198 2199 2200 2201
          2202 2203 2204 2205 2206 2207
          2208 2209 2210 2211 2212 2213
          2214 2215 2216 2217 2218 2219
          2220 2221 2222 2223 2224 2225
          2226 2227 2228 2229 2230 2231
          2232 2233 2234 2235 2236 2237
          2238 2239 2240 2241 2242 2243
          2244 2245 2246 2247 2248 2249
          2250 2251 2252 2253 2254 2255
          2256 2257 2258 2259 2260 2261
          2262 2263 2264 2265 2266 2267
          2268 2269 2270 2271 2272 2273
          2274 2275 2276 2277 2278 2279
          2280 2281 2282 2283 2284 2285
          2286 2287 2288 2289 2290 2291
          2292 2293 2294 2295 2296 2297
          2298 2299 2300 2301 2302 2303
          2304 2305 2306 2307 2308 2309
          2310 2311 2312 2313 2314 2315
          2316 2317 2318 2319 2320 2321
          2322 2323 2324 2325 2326 2327
          2328 2329 2330 2331 2332 2333
          2334 2335 2336 2337 2338 2339
          2340 2341 2342 2343 2344 2345
          2346 2347 2348 2349 2350 2351
          2352 2353 2354 2355 2356 2357
          2358 2359 2360 2361 2362 2363
          2364 2365 2366 2367 2368 2369
          2370 2371 2372 2373 2374 2375
          2376 2377 2378 2379 2380 2381
          2382 2383 2384 2385 2386 2387
          2388 2389 2390 2391 2392 2393
          2394 2395 2396 2397 2398 2399
          2400 2401 2402 2403 2404 2405
          2406 2407 2408 2409 2410 2411
          2412 2413 2414 2415 2416 2417
          2418 2419 2420 2421 2422 2423
          2424 2425 2426 2427 2428 2429
          2430 2431 2432 2433 2434 2435
          2436 2437 2438 2439 2440 2441
          2442 2443 2444 2445 2446 2447
          2448 2449 2450 2451 2452 2453
          2454 2455 2456 2457 2458 2459
          2460 2461 2462 2463 2464 2465
          2466 2467 2468 2469 2470 2471
          2472 2473 2474 2475 2476 2477
          2478 2479 2480 2481 2482 2483
          2484 2485 2486 2487 2488 2489
          2490 2491 2492 2493 2494 2495
          2496 2497 2498 2499 2500 2501
          2502 2503 2504 2505 2506 2507
          2508 2509 2510 2511 2512 2513
          2514 2515 2516 2517 2518 2519
          2520 2521 2522 2523 2524 2525
          2526 2527 2528 2529 2530 2531
          2532 2533 2534 2535 2536 2537
          2538 2539 2540 2541 2542 2543
          2544 2545 2546 2547 2548 2549
          2550 2551 2552 2553 2554 2555
          2556 2557 2558 2559 2560 2561
          2562 2563 2564 2565 2566 2567
          2568 2569 2570 2571 2572 2573
          2574 2575 2576 2577 2578 2579
          2580 2581 2582 2583 2584 2585
          2586 2587 2588 2589 2590 2591
          2592 2593 2594 2595 2596 2597
          2598 2599 2600 2601 2602 2603
          2604 2605 2606 2607 2608 2609
          2610 2611 2612 2613 2614 2615
          2616 2617 2618 2619 2620 2621
          2622 2623 2624 2625 2626 2627
          2628 2629 2630 2631 2632 2633
          2634 2635 2636 2637 2638 2639
          2640 2641 2642 2643 2644 2645
          2646 2647 2648 2649 2650 2651
          2652 2653 2654 2655 2656 2657
          2658 2659 2660 2661 2662 2663
          2664 2665 2666 2667 2668 2669
          2670 2671 2672 2673 2674 2675
          2676 2677 2678 2679 2680 2681
          2682 2683 2684 2685 2686 2687
          2688 2689 2690 2691 2692 2693
          2694 2695 2696 2697 2698 2699
          2700 2701 2702 2703 2704 2705
          2706 2707 2708 2709 2710 2711
          2712 2713 2714 2715 2716 2717
          2718 2719 2720 2721 2722 2723
          2724 2725 2726 2727 2728 2729
          2730 2731 2732 2733 2734 2735
          2736 2737 2738 2739 2740 2741
          2742 2743 2744 2745 2746 2747
          2748 2749 2750 2751 2752 2753
          2754 2755 2756 2757 2758 2759
          2760 2761 2762 2763 2764 2765
          2766 2767 2768 2769 2770 2771
          2772 2773 2774 2775 2776 2777
          2778 2779 2780 2781 2782 2783
          2784 2785 2786 2787 2788 2789
          2790 2791 2792 2793 2794 2795
          2796 2797 2798 2799 2800 2801
          2802 2803 2804 2805 2806 2807
          2808 2809 2810 2811 2812 2813
          2814 2815 2816 2817 2818 2819
          2820 2821 2822 2823 2824 2825
          2826 2827 2828 2829 2830 2831
          2832 2833 2834 2835 2836 2837
          2838 2839 2840 2841 2842 2843
          2844 2845 2846 2847 2848 2849
          2850 2851 2852 2853 2854 2855
          2856 2857 2858 2859 2860 2861
          2862 2863 2864 2865 2866 2867
          2868 2869 2870 2871 2872 2873
          2874 2875 2876 2877 2878 2879
          2880 2881 2882 2883 2884 2885
          2886 2887 2888 2889 2890 2891
          2892 2893 2894 2895 2896 2897
          2898 2899 2900 2901 2902 2903
          2904 2905 2906 2907 2908 2909
          2910 2911 2912 2913 2914 2915
          2916 2917 2918 2919 2920 2921
          2922 2923 2924 2925 2926 2927
          2928 2929 2930 2931 2932 2933
          2934 2935 2936 2937 2938 2939
          2940 2941 2942 2943 2944 2945
          2946 2947 2948 2949 2950 2951
          2952 2953 2954 2955 2956 2957
          2958 2959 2960 2961 2962 2963
          2964 2965 2966 2967 2968 2969
          2970 2971 2972 2973 2974 2975
          2976 2977 2978 2979 2980 2981
          2982 2983 2984 2985 2986 2987
          2988 2989 2990 2991 2992 2993
          2994 2995 2996 2997 2998 2999
          3000 3001 3002 3003 3004 3005
          3006 3007 3008 3009 3010 3011
          3012 3013 3014 3015 3016 3017
          3018 3019 3020 3021 3022 3023
          3024 3025 3026 3027 3028 3029
          3030 3031 3032 3033 3034 3035
          3036 3037 3038 3039 3040 3041
          3042 3043 3044 3045 3046 3047
          3048 3049 3050 3051 3052 3053
          3054 3055 3056 3057 3058 3059
          3060 3061 3062 3063 3064 3065
          3066 3067 3068 3069 3070 3071
          3072 3073 3074 3075 3076 3077
          3078 3079 3080 3081 3082 3083
          3084 3085 3086 3087 3088 3089
          3090 3091 3092 3093 3094 3095
          3096 3097 3098 3099 3100 3101
          3102 3103 3104 3105 3106 3107
          3108 3109 3110 3111 3112 3113
          3114 3115 3116 3117 3118 3119
          3120 3121 3122 3123 3124 3125
          3126 3127 3128 3129 3130 3131
          3132
        </DataArray>
        <DataArray type="Int64" Name="offsets" format="ascii" RangeMin="1" RangeMax="3133">
          1 2 3 4 5 6
          7 8 9 10 11 12
          13 14 15 16 17 18
          19 20 21 22 23 24
          25 26 27 28 29 30
          31 32 33 34 35 36
          37 38 39 40 41 42
          43 44 45 46 47 48
          49 50 51 52 53 54
          55 56 57 58 59 60
          61 62 63 64 65 66
          67 68 69 70 71 72
          73 74 75 76 77 78
          79 80 81 82 83 84
          85 86 87 88 89 90
          91 92 93 94 95 96
          97 98 99 100 101 102
          103 104 105 106 107 108
          109 110 111 112 113 114
          115 116 117 118 119 120
          121 122 123 124 125 126
          127 128 129 130 131 132
          133 134 135 136 137 138
          139 140 141 142 143 144
          145 146 147 148 149 150
          151 152 153 154 155 156
          157 158 159 160 161 162
          163 164 165 166 167 168
          169 170 171 172 173 174
          175 176 177 178 179 180
          181 182 183 184 185 186
          187 188 189 190 191 192
          193 194 195 196 197 198
          199 200 201 202 203 204
          205 206 207 208 209 210
          211 212 213 214 215 216
          217 218 219 220 221 222
          223 224 225 226 227 228
          229 230 231 232 233 234
          235 236 237 238 239 240
          241 242 243 244 245 246
          247 248 249 250 251 252
          253 254 255 256 257 258
          259 260 261 262 263 264
          265 266 267 268 269 270
          271 272 273 274 275 276
          277 278 279 280 281 282
          283 284 285 286 287 288
          289 290 291 292 293 294
          295 296 297 298 299 300
          301 302 303 304 305 306
          307 308 309 310 311 312
          313 314 315 316 317 318
          319 320 321 322 323 324
          325 326 327 328 329 330
          331 332 333 334 335 336
          337 338 339 340 341 342
          343 344 345 346 347 348
          349 350 351 352 353 354
          355 356 357 358 359 360
          361 362 363 364 365 366
          367 368 369 370 371 372
          373 374 375 376 377 378
          379 380 381 382 383 384
          385 386 387 388 389 390
          391 392 393 394 395 396
          397 398 399 400 401 402
          403 404 405 406 407 408
          409 410 411 412 413 414
          415 416 417 418 419 420
          421 422 423 424 425 426
          427 428 429 430 431 432
          433 434 435 436 437 438
          439 440 441 442 443 444
          445 446 447 448 449 450
          451 452 453 454 455 456
          457 458 459 460 461 462
          463 464 465 466 467 468
          469 470 471 472 473 474
          475 476 477 478 479 480
          481 482 483 484 485 486
          487 488 489 490 491 492
          493 494 495 496 497 498
          499 500 501 502 503 504
          505 506 507 508 509 510
          511 512 513 514 515 516
          517 518 519 520 521 522
          523 524 525 526 527 528
          529 530 531 532 533 534
          535 536 537 538 539 540
          541 542 543 544 545 546
          547 548 549 550 551 552
          553 554 555 556 557 558
          559 560 561 562 563 564
          565 566 567 568 569 570
          571 572 573 574 575 576
          577 578 579 580 581 582
          583 584 585 586 587 588
          589 590 591 592 593 594
          595 596 597 598 599 600
          601 602 603 604 605 606
          607 608 609 610 611 612
          613 614 615 616 617 618
          619 620 621 622 623 624
          625 626 627 628 629 630
          631 632 633 634 635 636
          637 638 639 640 641 642
          643 644 645 646 647 648
          649 650 651 652 653 654
          655 656 657 658 659 660
          661 662 663 664 665 666
          667 668 669 670 671 672
          673 674 675 676 677 678
          679 680 681 682 683 684
          685 686 687 688 689 690
          691 692 693 694 695 696
          697 698 699 700 701 702
          703 704 705 706 707 708
          709 710 711 712 713 714
          715 716 717 718 719 720
          721 722 723 724 725 726
          727 728 729 730 731 732
          733 734 735 736 737 738
          739 740 741 742 743 744
          745 746 747 748 749 750
          751 752 753 754 755 756
          757 758 759 760 761 762
          763 764 765 766 767 768
          769 770 771 772 773 774
          775 776 777 778 779 780
          781 782 783 784 785 786
          787 788 789 790 791 792
          793 794 795 796 797 798
          799 800 801 802 803 804
          805 806 807 808 809 810
          811 812 813 814 815 816
          817 818 819 820 821 822
          823 824 825 826 827 828
          829 830 831 832 833 834
          835 836 837 838 839 840
          841 842 843 844 845 846
          847 848 849 850 851 852
          853 854 855 856 857 858
          859 860 861 862 863 864
          865 866 867 868 869 870
          871 872 873 874 875 876
          877 878 879 880 881 882
          883 884 885 886 887 888
          889 890 891 892 893 894
          895 896 897 898 899 900
          901 902 903 904 905 906
          907 908 909 910 911 912
          913 914 915 916 917 918
          919 920 921 922 923 924
          925 926 927 928 929 930
          931 932 933 934 935 936
          937 938 939 940 941 942
          943 944 945 946 947 948
          949 950 951 952 953 954
          955 956 957 958 959 960
          961 962 963 964 965 966
          967 968 969 970 971 972
          973 974 975 976 977 978
          979 980 981 982 983 984
          985 986 987 988 989 990
          991 992 993 994 995 996
          997 998 999 1000 1001 1002
          1003 1004 1005 1006 1007 1008
          1009 1010 1011 1012 1013 1014
          1015 1016 1017 1018 1019 1020
          1021 1022 1023 1024 1025 1026
          1027 1028 1029 1030 1031 1032
          1033 1034 1035 1036 1037 1038
          1039 1040 1041 1042 1043 1044
          1045 1046 1047 1048 1049 1050
          1051 1052 1053 1054 1055 1056
          1057 1058 1059 1060 1061 1062
          1063 1064 1065 1066 1067 1068
          1069 1070 1071 1072 1073 1074
          1075 1076 1077 1078 1079 1080
          1081 1082 1083 1084 1085 1086
          1087 1088 1089 1090 1091 1092
          1093 1094 1095 1096 1097 1098
          1099 1100 1101 1102 1103 1104
          1105 1106 1107 1108 1109 1110
          1111 1112 1113 1114 1115 1116
          1117 1118 1119 1120 1121 1122
          1123 1124 1125 1126 1127 1128
          1129 1130 1131 1132 1133 1134
          1135 1136 1137 1138 1139 1140
          1141 1142 1143 1144 1145 1146
          1147 1148 1149 1150 1151 1152
          1153 1154 1155 1156 1157 1158
          1159 1160 1161 1162 1163 1164
          1165 1166 1167 1168 1169 1170
          1171 1172 1173 1174 1175 1176
          1177 1178 1179 1180 1181 1182
          1183 1184 1185 1186 1187 1188
          1189 1190 1191 1192 1193 1194
          1195 1196 1197 1198 1199 1200
          1201 1202 1203 1204 1205 1206
          1207 1208 1209 1210 1211 1212
          1213 1214 1215 1216 1217 1218
          1219 1220 1221 1222 1223 1224
          1225 1226 1227 1228 1229 1230
          1231 1232 1233 1234 1235 1236
          1237 1238 1239 1240 1241 1242
          1243 1244 1245 1246 1247 1248
          1249 1250 1251 1252 1253 1254
          1255 1256 1257 1258 1259 1260
          1261 1262 1263 1264 1265 1266
          1267 1268 1269 1270 1271 1272
          1273 1274 1275 1276 1277 1278
          1279 1280 1281 1282 1283 1284
          1285 1286 1287 1288 1289 1290
          1291 1292 1293 1294 1295 1296
          1297 1298 1299 1300 1301 1302
          1303 1304 1305 1306 1307 1308
          1309 1310 1311 1312 1313 1314
          1315 1316 1317 1318 1319 1320
          1321 1322 1323 1324 1325 1326
          1327 1328 1329 1330 1331 1332
          1333 1334 1335 1336 1337 1338
          1339 1340 1341 1342 1343 1344
          1345 1346 1347 1348 1349 1350
          1351 1352 1353 1354 1355 1356
          1357 1358 1359 1360 1361 1362
          1363 1364 1365 1366 1367 1368
          1369 1370 1371 1372 1373 1374
          1375 1376 1377 1378 1379 1380
          1381 1382 1383 1384 1385 1386
          1387 1388 1389 1390 1391 1392
          1393 1394 1395 1396 1397 1398
          1399 1400 1401 1402 1403 1404
          1405 1406 1407 1408 1409 1410
          1411 1412 1413 1414 1415 1416
          1417 1418 1419 1420 1421 1422
          1423 1424 1425 1426 1427 1428
          1429 1430 1431 1432 1433 1434
          1435 1436 1437 1438 1439 1440
          1441 1442 1443 1444 1445 1446
          1447 1448 1449 1450 1451 1452
          1453 1454 1455 1456 1457 1458
          1459 1460 1461 1462 1463 1464
          1465 1466 1467 1468 1469 1470
          1471 1472 1473 1474 1475 1476
          1477 1478 1479 1480 1481 1482
          1483 1484 1485 1486 1487 1488
          1489 1490 1491 1492 1493 1494
          1495 1496 1497 1498 1499 1500
          1501 1502 1503 1504 1505 1506
          1507 1508 1509 1510 1511 1512
          1513 1514 1515 1516 1517 1518
          1519 1520 1521 1522 1523 1524
          1525 1526 1527 1528 1529 1530
          1531 1532 1533 1534 1535 1536
          1537 1538 1539 1540 1541 1542
          1543 1544 1545 1546 1547 1548
          1549 1550 1551 1552 1553 1554
          1555 1556 1557 1558 1559 1560
          1561 1562 1563 1564 1565 1566
          1567 1568 1569 1570 1571 1572
          1573 1574 1575 1576 1577 1578
          1579 1580 1581 1582 1583 1584
          1585 1586 1587 1588 1589 1590
          1591 1592 1593 1594 1595 1596
          1597 1598 1599 1600 1601 1602
          1603 1604 1605 1606 1607 1608
          1609 1610 1611 1612 1613 1614
          1615 1616 1617 1618 1619 1620
          1621 1622 1623 1624 1625 1626
          1627 1628 1629 1630 1631 1632
          1633 1634 1635 1636 1637 1638
          1639 1640 1641 1642 1643 1644
          1645 1646 1647 1648 1649 1650
          1651 1652 1653 1654 1655 1656
          1657 1658 1659 1660 1661 1662
          1663 1664 1665 1666 1667 1668
          1669 1670 1671 1672 1673 1674
          1675 1676 1677 1678 1679 1680
          1681 1682 1683 1684 1685 1686
          1687 1688 1689 1690 1691 1692
          1693 1694 1695 1696 1697 1698
          1699 1700 1701 1702 1703 1704
          1705 1706 1707 1708 1709 1710
          1711 1712 1713 1714 1715 1716
          1717 1718 1719 1720 1721 1722
          1723 1724 1725 1726 1727 1728
          1729 1730 1731 1732 1733 1734
          1735 1736 1737 1738 1739 1740
          1741 1742 1743 1744 1745 1746
          1747 1748 1749 1750 1751 1752
          1753 1754 1755 1756 1757 1758
          1759 1760 1761 1762 1763 1764
          1765 1766 1767 1768 1769 1770
          1771 1772 1773 1774 1775 1776
          1777 1778 1779 1780 1781 1782
          1783 1784 1785 1786 1787 1788
          1789 1790 1791 1792 1793 1794
          1795 1796 1797 1798 1799 1800
          1801 1802 1803 1804 1805 1806
          1807 1808 1809 1810 1811 1812
          1813 1814 1815 1816 1817 1818
          1819 1820 1821 1822 1823 1824
          1825 1826 1827 1828 1829 1830
          1831 1832 1833 1834 1835 1836
          1837 1838 1839 1840 1841 1842
          1843 1844 1845 1846 1847 1848
          1849 1850 1851 1852 1853 1854
          1855 1856 1857 1858 1859 1860
          1861 1862 1863 1864 1865 1866
          1867 1868 1869 1870 1871 1872
          1873 1874 1875 1876 1877 1878
          1879 1880 1881 1882 1883 1884
          1885 1886 1887 1888 1889 1890
          1891 1892 1893 1894 1895 1896
          1897 1898 1899 1900 1901 1902
          1903 1904 1905 1906 1907 1908
          1909 1910 1911 1912 1913 1914
          1915 1916 1917 1918 1919 1920
          1921 1922 1923 1924 1925 1926
          1927 1928 1929 1930 1931 1932
          1933 1934 1935 1936 1937 1938
          1939 1940 1941 1942 1943 1944
          1945 1946 1947 1948 1949 1950
          1951 1952 1953 1954 1955 1956
          1957 1958 1959 1960 1961 1962
          1963 1964 1965 1966 1967 1968
          1969 1970 1971 1972 1973 1974
          1975 1976 1977 1978 1979 1980
          1981 1982 1983 1984 1985 1986
          1987 1988 1989 1990 1991 1992
          1993 1994 1995 1996 1997 1998
          1999 2000 2001 2002 2003 2004
          2005 2006 2007 2008 2009 2010
          2011 2012 2013 2014 2015 2016
          2017 2018 2019 2020 2021 2022
          2023 2024 2025 2026 2027 2028
          2029 2030 2031 2032 2033 2034
          2035 2036 2037 2038 2039 2040
          2041 2042 2043 2044 2045 2046
          2047 2048 2049 2050 2051 2052
          2053 2054 2055 2056 2057 2058
          2059 2060 2061 2062 2063 2064
          2065 2066 2067 2068 2069 2070
          2071 2072 2073 2074 2075 2076
          2077 2078 2079 2080 2081 2082
          2083 2084 2085 2086 2087 2088
          2089 2090 2091 2092 2093 2094
          2095 2096 2097 2098 2099 2100
          2101 2102 2103 2104 2105 2106
          2107 2108 2109 2110 2111 2112
          2113 2114 2115 2116 2117 2118
          2119 2120 2121 2122 2123 2124
          2125 2126 2127 2128 2129 2130
          2131 2132 2133 2134 2135 2136
          2137 2138 2139 2140 2141 2142
          2143 2144 2145 2146 2147 2148
          2149 2150 2151 2152 2153 2154
          2155 2156 2157 2158 2159 2160
          2161 2162 2163 2164 2165 2166
          2167 2168 2169 2170 2171 2172
          2173 2174 2175 2176 2177 2178
          2179 2180 2181 2182 2183 2184
          2185 2186 2187 2188 2189 2190
          2191 2192 2193 2194 2195 2196
          2197 2198 2199 2200 2201 2202
          2203 2204 2205 2206 2207 2208
          2209 2210 2211 2212 2213 2214
          2215 2216 2217 2218 2219 2220
          2221 2222 2223 2224 2225 2226
          2227 2228 2229 2230 2231 2232
          2233 2234 2235 2236 2237 2238
          2239 2240 2241 2242 2243 2244
          2245 2246 2247 2248 2249 2250
          2251 2252 2253 2254 2255 2256
          2257 2258 2259 2260 2261 2262
          2263 2264 2265 2266 2267 2268
          2269 2270 2271 2272 2273 2274
          2275 2276 2277 2278 2279 2280
          2281 2282 2283 2284 2285 2286
          2287 2288 2289 2290 2291 2292
          2293 2294 2295 2296 2297 2298
          2299 2300 2301 2302 2303 2304
          2305 2306 2307 2308 2309 2310
          2311 2312 2313 2314 2315 2316
          2317 2318 2319 2320 2321 2322
          2323 2324 2325 2326 2327 2328
          2329 2330 2331 2332 2333 2334
          2335 2336 2337 2338 2339 2340
          2341 2342 2343 2344 2345 2346
          2347 2348 2349 2350 2351 2352
          2353 2354 2355 2356 2357 2358
          2359 2360 2361 2362 2363 2364
          2365 2366 2367 2368 2369 2370
          2371 2372 2373 2374 2375 2376
          2377 2378 2379 2380 2381 2382
          2383 2384 2385 2386 2387 2388
          2389 2390 2391 2392 2393 2394
          2395 2396 2397 2398 2399 2400
          2401 2402 2403 2404 2405 2406
          2407 2408 2409 2410 2411 2412
          2413 2414 2415 2416 2417 2418
          2419 2420 2421 2422 2423 2424
          2425 2426 2427 2428 2429 2430
          2431 2432 2433 2434 2435 2436
          2437 2438 2439 2440 2441 2442
          2443 2444 2445 2446 2447 2448
          2449 2450 2451 2452 2453 2454
          2455 2456 2457 2458 2459 2460
          2461 2462 2463 2464 2465 2466
          2467 2468 2469 2470 2471 2472
          2473 2474 2475 2476 2477 2478
          2479 2480 2481 2482 2483 2484
          2485 2486 2487 2488 2489 2490
          2491 2492 2493 2494 2495 2496
          2497 2498 2499 2500 2501 2502
          2503 2504 2505 2506 2507 2508
          2509 2510 2511 2512 2513 2514
          2515 2516 2517 2518 2519 2520
          2521 2522 2523 2524 2525 2526
          2527 2528 2529 2530 2531 2532
          2533 2534 2535 2536 2537 2538
          2539 2540 2541 2542 2543 2544
          2545 2546 2547 2548 2549 2550
          2551 2552 2553 2554 2555 2556
          2557 2558 2559 2560 2561 2562
          2563 2564 2565 2566 2567 2568
          2569 2570 2571 2572 2573 2574
          2575 2576 2577 2578 2579 2580
          2581 2582 2583 2584 2585 2586
          2587 2588 2589 2590 2591 2592
          2593 2594 2595 2596 2597 2598
          2599 2600 2601 2602 2603 2604
          2605 2606 2607 2608 2609 2610
          2611 2612 2613 2614 2615 2616
          2617 2618 2619 2620 2621 2622
          2623 2624 2625 2626 2627 2628
          2629 2630 2631 2632 2633 2634
          2635 2636 2637 2638 2639 2640
          2641 2642 2643 2644 2645 2646
          2647 2648 2649 2650 2651 2652
          2653 2654 2655 2656 2657 2658
          2659 2660 2661 2662 2663 2664
          2665 2666 2667 2668 2669 2670
          2671 2672 2673 2674 2675 2676
          2677 2678 2679 2680 2681 2682
          2683 2684 2685 2686 2687 2688
          2689 2690 2691 2692 2693 2694
          2695 2696 2697 2698 2699 2700
          2701 2702 2703 2704 2705 2706
          2707 2708 2709 2710 2711 2712
          2713 2714 2715 2716 2717 2718
          2719 2720 2721 2722 2723 2724
          2725 2726 2727 2728 2729 2730
          2731 2732 2733 2734 2735 2736
          2737 2738 2739 2740 2741 2742
          2743 2744 2745 2746 2747 2748
          2749 2750 2751 2752 2753 2754
          2755 2756 2757 2758 2759 2760
          2761 2762 2763 2764 2765 2766
          2767 2768 2769 2770 2771 2772
          2773 2774 2775 2776 2777 2778
          2779 2780 2781 2782 2783 2784
          2785 2786 2787 2788 2789 2790
          2791 2792 2793 2794 2795 2796
          2797 2798 2799 2800 2801 2802
          2803 2804 2805 2806 2807 2808
          2809 2810 2811 2812 2813 2814
          2815 2816 2817 2818 2819 2820
          2821 2822 2823 2824 2825 2826
          2827 2828 2829 2830 2831 2832
          2833 2834 2835 2836 2837 2838
          2839 2840 2841 2842 2843 2844
          2845 2846 2847 2848 2849 2850
          2851 2852 2853 2854 2855 2856
          2857 2858 2859 2860 2861 2862
          2863 2864 2865 2866 2867 2868
          2869 2870 2871 2872 2873 2874
          2875 2876 2877 2878 2879 2880
          2881 2882 2883 2884 2885 2886
          2887 2888 2889 2890 2891 2892
          2893 2894 2895 2896 2897 2898
          2899 2900 2901 2902 2903 2904
          2905 2906 2907 2908 2909 2910
          2911 2912 2913 2914 2915 2916
          2917 2918 2919 2920 2921 2922
          2923 2924 2925 2926 2927 2928
          2929 2930 2931 2932 2933 2934
          2935 2936 2937 2938 2939 2940
          2941 2942 2943 2944 2945 2946
          2947 2948 2949 2950 2951 2952
          2953 2954 2955 2956 2957 2958
          2959 2960 2961 2962 2963 2964
          2965 2966 2967 2968 2969 2970
          2971 2972 2973 2974 2975 2976
          2977 2978 2979 2980 2981 2982
          2983 2984 2985 2986 2987 2988
          2989 2990 2991 2992 2993 2994
          2995 2996 2997 2998 2999 3000
          3001 3002 3003 3004 3005 3006
          3007 3008 3009 3010 3011 3012
          3013 3014 3015 3016 3017 3018
          3019 3020 3021 3022 3023 3024
          3025 3026 3027 3028 3029 3030
          3031 3032 3033 3034 3035 3036
          3037 3038 3039 3040 3041 3042
          3043 3044 3045 3046 3047 3048
          3049 3050 3051 3052 3053 3054
          3055 3056 3057 3058 3059 3060
          3061 3062 3063 3064 3065 3066
          3067 3068 3069 3070 3071 3072
          3073 3074 3075 3076 3077 3078
          3079 3080 3081 3082 3083 3084
          3085 3086 3087 3088 3089 3090
          3091 3092 3093 3094 3095 3096
          3097 3098 3099 3100 3101 3102
          3103 3104 3105 3106 3107 3108
          3109 3110 3111 3112 3113 3114
          3115 3116 3117 3118 3119 3120
          3121 3122 3123 3124 3125 3126
          3127 3128 3129 3130 3131 3132
          3133
        </DataArray>
        <DataArray type="UInt8" Name="types" format="ascii" RangeMin="1" RangeMax="1">
          1 1 1 1 1 1
          1 1 1 1 1 1
          1 1 1 1 1 1
          1 1 1 1 1 1
          1 1 1 1 1 1
          1 1 1 1 1 1
          1 1 1 1 1 1
          1 1 1 1 1 1
          1 1 1 1 1 1
          1 1 1 1 1 1
          1 1 1 1 1 1
          1 1 1 1 1 1
          1 1 1 1 1 1
          1 1 1 1 1 1
          1 1 1 1 1 1
          1 1 1 1 1 1
          1 1 1 1 1 1
          1 1 1 1 1 1
          1 1 1 1 1 1
          1 1 1 1 1 1
          1 1 1 1 1 1
          1 1 1 1 1 1
          1 1 1 1 1 1
          1 1 1 1 1 1
          1 1 1 1 1 1
          1 1 1 1 1 1
          1 1 1 1 1 1
          1 1 1 1 1 1
          1 1 1 1 1 1
          1 1 1 1 1 1
          1 1 1 1 1 1
          1 1 1 1 1 1
          1 1 1 1 1 1
          1 1 1 1 1 1
          1 1 1 1 1 1
          1 1 1 1 1 1
          1 1 1 1 1 1
          1 1 1 1 1 1
          1 1 1 1 1 1
          1 1 1 1 1 1
          1 1 1 1 1 1
          1 1 1 1 1 1
          1 1 1 1 1 1
          1 1 1 1 1 1
          1 1 1 1 1 1
          1 1 1 1 1 1
          1 1 1 1 1 1
          1 1 1 1 1 1
          1 1 1 1 1 1
          1 1 1 1 1 1
          1 1 1 1 1 1
          1 1 1 1 1 1
          1 1 1 1 1 1
          1 1 1 1 1 1
          1 1 1 1 1 1
          1 1 1 1 1 1
          1 1 1 1 1 1
          1 1 1 1 1 1
          1 1 1 1 1 1
          1 1 1 1 1 1
          1 1 1 1 1 1
          1 1 1 1 1 1
          1 1 1 1 1 1
          1 1 1 1 1 1
          1 1 1 1 1 1
          1 1 1 1 1 1
          1 1 1 1 1 1
          1 1 1 1 1 1
          1 1 1 1 1 1
          1 1 1 1 1 1
          1 1 1 1 1 1
          1 1 1 1 1 1
          1 1 1 1 1 1
          1 1 1 1 1 1
          1 1 1 1 1 1
          1 1 1 1 1 1
          1 1 1 1 1 1
          1 1 1 1 1 1
          1 1 1 1 1 1
          1 1 1 1 1 1
          1 1 1 1 1 1
          1 1 1 1 1 1
          1 1 1 1 1 1
          1 1 1 1 1 1
          1 1 1 1 1 1
          1 1 1 1 1 1
          1 1 1 1 1 1
          1 1 1 1 1 1
          1 1 1 1 1 1
          1 1 1 1 1 1
          1 1 1 1 1 1
          1 1 1 1 1 1
          1 1 1 1 1 1
          1 1 1 1 1 1
          1 1 1 1 1 1
          1 1 1 1 1 1
          1 1 1 1 1 1
          1 1 1 1 1 1
          1 1 1 1 1 1
          1 1 1 1 1 1
          1 1 1 1 1 1
          1 1 1 1 1 1
          1 1 1 1 1 1
          1 1 1 1 1 1
          1 1 1 1 1 1
          1 1 1 1 1 1
          1 1 1 1 1 1
          1 1 1 1 1 1
          1 1 1 1 1 1
          1 1 1 1 1 1
          1 1 1 1 1 1
          1 1 1 1 1 1
          1 1 1 1 1 1
          1 1 1 1 1 1
          1 1 1 1 1 1
          1 1 1 1 1 1
          1 1 1 1 1 1
          1 1 1 1 1 1
          1 1 1 1 1 1
          1 1 1 1 1 1
          1 1 1 1 1 1
          1 1 1 1 1 1
          1 1 1 1 1 1
          1 1 1 1 1 1
          1 1 1 1 1 1
          1 1 1 1 1 1
          1 1 1 1 1 1
          1 1 1 1 1 1
          1 1 1 1 1 1
          1 1 1 1 1 1
          1 1 1 1 1 1
          1 1 1 1 1 1
          1 1 1 1 1 1
          1 1 1 1 1 1
          1 1 1 1 1 1
          1 1 1 1 1 1
          1 1 1 1 1 1
          1 1 1 1 1 1
          1 1 1 1 1 1
          1 1 1 1 1 1
          1 1 1 1 1 1
          1 1 1 1 1 1
          1 1 1 1 1 1
          1 1 1 1 1 1
          1 1 1 1 1 1
          1 1 1 1 1 1
          1 1 1 1 1 1
          1 1 1 1 1 1
          1 1 1 1 1 1
          1 1 1 1 1 1
          1 1 1 1 1 1
          1 1 1 1 1 1
          1 1 1 1 1 1
          1 1 1 1 1 1
          1 1 1 1 1 1
          1 1 1 1 1 1
          1 1 1 1 1 1
          1 1 1 1 1 1
          1 1 1 1 1 1
          1 1 1 1 1 1
          1 1 1 1 1 1
          1 1 1 1 1 1
          1 1 1 1 1 1
          1 1 1 1 1 1
          1 1 1 1 1 1
          1 1 1 1 1 1
          1 1 1 1 1 1
          1 1 1 1 1 1
          1 1 1 1 1 1
          1 1 1 1 1 1
          1 1 1 1 1 1
          1 1 1 1 1 1
          1 1 1 1 1 1
          1 1 1 1 1 1
          1 1 1 1 1 1
          1 1 1 1 1 1
          1 1 1 1 1 1
          1 1 1 1 1 1
          1 1 1 1 1 1
          1 1 1 1 1 1
          1 1 1 1 1 1
          1 1 1 1 1 1
          1 1 1 1 1 1
          1 1 1 1 1 1
          1 1 1 1 1 1
          1 1 1 1 1 1
          1 1 1 1 1 1
          1 1 1 1 1 1
          1 1 1 1 1 1
          1 1 1 1 1 1
          1 1 1 1 1 1
          1 1 1 1 1 1
          1 1 1 1 1 1
          1 1 1 1 1 1
          1 1 1 1 1 1
          1 1 1 1 1 1
          1 1 1 1 1 1
          1 1 1 1 1 1
          1 1 1 1 1 1
          1 1 1 1 1 1
          1 1 1 1 1 1
          1 1 1 1 1 1
          1 1 1 1 1 1
          1 1 1 1 1 1
          1 1 1 1 1 1
          1 1 1 1 1 1
          1 1 1 1 1 1
          1 1 1 1 1 1
          1 1 1 1 1 1
          1 1 1 1 1 1
          1 1 1 1 1 1
          1 1 1 1 1 1
          1 1 1 1 1 1
          1 1 1 1 1 1
          1 1 1 1 1 1
          1 1 1 1 1 1
          1 1 1 1 1 1
          1 1 1 1 1 1
          1 1 1 1 1 1
          1 1 1 1 1 1
          1 1 1 1 1 1
          1 1 1 1 1 1
          1 1 1 1 1 1
          1 1 1 1 1 1
          1 1 1 1 1 1
          1 1 1 1 1 1
          1 1 1 1 1 1
          1 1 1 1 1 1
          1 1 1 1 1 1
          1 1 1 1 1 1
          1 1 1 1 1 1
          1 1 1 1 1 1
          1 1 1 1 1 1
          1 1 1 1 1 1
          1 1 1 1 1 1
          1 1 1 1 1 1
          1 1 1 1 1 1
          1 1 1 1 1 1
          1 1 1 1 1 1
          1 1 1 1 1 1
          1 1 1 1 1 1
          1 1 1 1 1 1
          1 1 1 1 1 1
          1 1 1 1 1 1
          1 1 1 1 1 1
          1 1 1 1 1 1
          1 1 1 1 1 1
          1 1 1 1 1 1
          1 1 1 1 1 1
          1 1 1 1 1 1
          1 1 1 1 1 1
          1 1 1 1 1 1
          1 1 1 1 1 1
          1 1 1 1 1 1
          1 1 1 1 1 1
          1 1 1 1 1 1
          1 1 1 1 1 1
          1 1 1 1 1 1
          1 1 1 1 1 1
          1 1 1 1 1 1
          1 1 1 1 1 1
          1 1 1 1 1 1
          1 1 1 1 1 1
          1 1 1 1 1 1
          1 1 1 1 1 1
          1 1 1 1 1 1
          1 1 1 1 1 1
          1 1 1 1 1 1
          1 1 1 1 1 1
          1 1 1 1 1 1
          1 1 1 1 1 1
          1 1 1 1 1 1
          1 1 1 1 1 1
          1 1 1 1 1 1
          1 1 1 1 1 1
          1 1 1 1 1 1
          1 1 1 1 1 1
          1 1 1 1 1 1
          1 1 1 1 1 1
          1 1 1 1 1 1
          1 1 1 1 1 1
          1 1 1 1 1 1
          1 1 1 1 1 1
          1 1 1 1 1 1
          1 1 1 1 1 1
          1 1 1 1 1 1
          1 1 1 1 1 1
          1 1 1 1 1 1
          1 1 1 1 1 1
          1 1 1 1 1 1
          1 1 1 1 1 1
          1 1 1 1 1 1
          1 1 1 1 1 1
          1 1 1 1 1 1
          1 1 1 1 1 1
          1 1 1 1 1 1
          1 1 1 1 1 1
          1 1 1 1 1 1
          1 1 1 1 1 1
          1 1 1 1 1 1
          1 1 1 1 1 1
          1 1 1 1 1 1
          1 1 1 1 1 1
          1 1 1 1 1 1
          1 1 1 1 1 1
          1 1 1 1 1 1
          1 1 1 1 1 1
          1 1 1 1 1 1
          1 1 1 1 1 1
          1 1 1 1 1 1
          1 1 1 1 1 1
          1 1 1 1 1 1
          1 1 1 1 1 1
          1 1 1 1 1 1
          1 1 1 1 1 1
          1 1 1 1 1 1
          1 1 1 1 1 1
          1 1 1 1 1 1
          1 1 1 1 1 1
          1 1 1 1 1 1
          1 1 1 1 1 1
          1 1 1 1 1 1
          1 1 1 1 1 1
          1 1 1 1 1 1
          1 1 1 1 1 1
          1 1 1 1 1 1
          1 1 1 1 1 1
          1 1 1 1 1 1
          1 1 1 1 1 1
          1 1 1 1 1 1
          1 1 1 1 1 1
          1 1 1 1 1 1
          1 1 1 1 1 1
          1 1 1 1 1 1
          1 1 1 1 1 1
          1 1 1 1 1 1
          1 1 1 1 1 1
          1 1 1 1 1 1
          1 1 1 1 1 1
          1 1 1 1 1 1
          1 1 1 1 1 1
          1 1 1 1 1 1
          1 1 1 1 1 1
          1 1 1 1 1 1
          1 1 1 1 1 1
          1 1 1 1 1 1
          1 1 1 1 1 1
          1 1 1 1 1 1
          1 1 1 1 1 1
          1 1 1 1 1 1
          1 1 1 1 1 1
          1 1 1 1 1 1
          1 1 1 1 1 1
          1 1 1 1 1 1
          1 1 1 1 1 1
          1 1 1 1 1 1
          1 1 1 1 1 1
          1 1 1 1 1 1
          1 1 1 1 1 1
          1 1 1 1 1 1
          1 1 1 1 1 1
          1 1 1 1 1 1
          1 1 1 1 1 1
          1 1 1 1 1 1
          1 1 1 1 1 1
          1 1 1 1 1 1
          1 1 1 1 1 1
          1 1 1 1 1 1
          1 1 1 1 1 1
          1 1 1 1 1 1
          1 1 1 1 1 1
          1 1 1 1 1 1
          1 1 1 1 1 1
          1 1 1 1 1 1
          1 1 1 1 1 1
          1 1 1 1 1 1
          1 1 1 1 1 1
          1 1 1 1 1 1
          1 1 1 1 1 1
          1 1 1 1 1 1
          1 1 1 1 1 1
          1 1 1 1 1 1
          1 1 1 1 1 1
          1 1 1 1 1 1
          1 1 1 1 1 1
          1 1 1 1 1 1
          1 1 1 1 1 1
          1 1 1 1 1 1
          1 1 1 1 1 1
          1 1 1 1 1 1
          1 1 1 1 1 1
          1 1 1 1 1 1
          1 1 1 1 1 1
          1 1 1 1 1 1
          1 1 1 1 1 1
          1 1 1 1 1 1
          1 1 1 1 1 1
          1 1 1 1 1 1
          1 1 1 1 1 1
          1 1 1 1 1 1
          1 1 1 1 1 1
          1 1 1 1 1 1
          1 1 1 1 1 1
          1 1 1 1 1 1
          1 1 1 1 1 1
          1 1 1 1 1 1
          1 1 1 1 1 1
          1 1 1 1 1 1
          1 1 1 1 1 1
          1 1 1 1 1 1
          1 1 1 1 1 1
          1 1 1 1 1 1
          1 1 1 1 1 1
          1 1 1 1 1 1
          1 1 1 1 1 1
          1 1 1 1 1 1
          1 1 1 1 1 1
          1 1 1 1 1 1
          1 1 1 1 1 1
          1 1 1 1 1 1
          1 1 1 1 1 1
          1 1 1 1 1 1
          1 1 1 1 1 1
          1 1 1 1 1 1
          1 1 1 1 1 1
          1 1 1 1 1 1
          1 1 1 1 1 1
          1 1 1 1 1 1
          1 1 1 1 1 1
          1 1 1 1 1 1
          1 1 1 1 1 1
          1 1 1 1 1 1
          1 1 1 1 1 1
          1 1 1 1 1 1
          1 1 1 1 1 1
          1 1 1 1 1 1
          1 1 1 1 1 1
          1 1 1 1 1 1
          1 1 1 1 1 1
          1 1 1 1 1 1
          1 1 1 1 1 1
          1 1 1 1 1 1
          1 1 1 1 1 1
          1 1 1 1 1 1
          1 1 1 1 1 1
          1 1 1 1 1 1
          1 1 1 1 1 1
          1 1 1 1 1 1
          1 1 1 1 1 1
          1 1 1 1 1 1
          1 1 1 1 1 1
          1 1 1 1 1 1
          1 1 1 1 1 1
          1 1 1 1 1 1
          1 1 1 1 1 1
          1 1 1 1 1 1
          1 1 1 1 1 1
          1 1 1 1 1 1
          1 1 1 1 1 1
          1 1 1 1 1 1
          1 1 1 1 1 1
          1 1 1 1 1 1
          1 1 1 1 1 1
          1 1 1 1 1 1
          1 1 1 1 1 1
          1 1 1 1 1 1
          1 1 1 1 1 1
          1 1 1 1 1 1
          1 1 1 1 1 1
          1 1 1 1 1 1
          1 1 1 1 1 1
          1 1 1 1 1 1
          1 1 1 1 1 1
          1 1 1 1 1 1
          1 1 1 1 1 1
          1 1 1 1 1 1
          1 1 1 1 1 1
          1 1 1 1 1 1
          1 1 1 1 1 1
          1 1 1 1 1 1
          1 1 1 1 1 1
          1 1 1 1 1 1
          1 1 1 1 1 1
          1 1 1 1 1 1
          1 1 1 1 1 1
          1 1 1 1 1 1
          1 1 1 1 1 1
          1 1 1 1 1 1
          1 1 1 1 1 1
          1 1 1 1 1 1
          1 1 1 1 1 1
          1 1 1 1 1 1
          1 1 1 1 1 1
          1 1 1 1 1 1
          1 1 1 1 1 1
          1 1 1 1 1 1
          1 1 1 1 1 1
          1 1 1 1 1 1
          1 1 1 1 1 1
          1 1 1 1 1 1
          1 1 1 1 1 1
          1 1 1 1 1 1
          1 1 1 1 1 1
          1 1 1 1 1 1
          1 1 1 1 1 1
          1 1 1 1 1 1
          1 1 1 1 1 1
          1 1 1 1 1 1
          1 1 1 1 1 1
          1 1 1 1 1 1
          1 1 1 1 1 1
          1 1 1 1 1 1
          1 1 1 1 1 1
          1 1 1 1 1 1
          1 1 1 1 1 1
          1 1 1 1 1 1
          1 1 1 1 1 1
          1 1 1 1 1 1
          1 1 1 1 1 1
          1 1 1 1 1 1
          1 1 1 1 1 1
          1 1 1 1 1 1
          1
        </DataArray>
      </Cells>
    </Piece>
  </UnstructuredGrid>
</VTKFile>
