<VTKFile type="UnstructuredGrid" version="0.1" byte_order="LittleEndian" header_type="UInt32" compressor="vtkZLibDataCompressor">
  <UnstructuredGrid>
    <Piece NumberOfPoints="2783" NumberOfCells="2783">
      <PointData Scalars="CriticalType">
        <DataArray type="Int32" Name="NodeId" format="ascii" RangeMin="0" RangeMax="2782">
          0 1 2 3 4 5
          6 7 8 9 10 11
          12 13 14 15 16 17
          18 19 20 21 22 23
          24 25 26 27 28 29
          30 31 32 33 34 35
          36 37 38 39 40 41
          42 43 44 45 46 47
          48 49 50 51 52 53
          54 55 56 57 58 59
          60 61 62 63 64 65
          66 67 68 69 70 71
          72 73 74 75 76 77
          78 79 80 81 82 83
          84 85 86 87 88 89
          90 91 92 93 94 95
          96 97 98 99 100 101
          102 103 104 105 106 107
          108 109 110 111 112 113
          114 115 116 117 118 119
          120 121 122 123 124 125
          126 127 128 129 130 131
          132 133 134 135 136 137
          138 139 140 141 142 143
          144 145 146 147 148 149
          150 151 152 153 154 155
          156 157 158 159 160 161
          162 163 164 165 166 167
          168 169 170 171 172 173
          174 175 176 177 178 179
          180 181 182 183 184 185
          186 187 188 189 190 191
          192 193 194 195 196 197
          198 199 200 201 202 203
          204 205 206 207 208 209
          210 211 212 213 214 215
          216 217 218 219 220 221
          222 223 224 225 226 227
          228 229 230 231 232 233
          234 235 236 237 238 239
          240 241 242 243 244 245
          246 247 248 249 250 251
          252 253 254 255 256 257
          258 259 260 261 262 263
          264 265 266 267 268 269
          270 271 272 273 274 275
          276 277 278 279 280 281
          282 283 284 285 286 287
          288 289 290 291 292 293
          294 295 296 297 298 299
          300 301 302 303 304 305
          306 307 308 309 310 311
          312 313 314 315 316 317
          318 319 320 321 322 323
          324 325 326 327 328 329
          330 331 332 333 334 335
          336 337 338 339 340 341
          342 343 344 345 346 347
          348 349 350 351 352 353
          354 355 356 357 358 359
          360 361 362 363 364 365
          366 367 368 369 370 371
          372 373 374 375 376 377
          378 379 380 381 382 383
          384 385 386 387 388 389
          390 391 392 393 394 395
          396 397 398 399 400 401
          402 403 404 405 406 407
          408 409 410 411 412 413
          414 415 416 417 418 419
          420 421 422 423 424 425
          426 427 428 429 430 431
          432 433 434 435 436 437
          438 439 440 441 442 443
          444 445 446 447 448 449
          450 451 452 453 454 455
          456 457 458 459 460 461
          462 463 464 465 466 467
          468 469 470 471 472 473
          474 475 476 477 478 479
          480 481 482 483 484 485
          486 487 488 489 490 491
          492 493 494 495 496 497
          498 499 500 501 502 503
          504 505 506 507 508 509
          510 511 512 513 514 515
          516 517 518 519 520 521
          522 523 524 525 526 527
          528 529 530 531 532 533
          534 535 536 537 538 539
          540 541 542 543 544 545
          546 547 548 549 550 551
          552 553 554 555 556 557
          558 559 560 561 562 563
          564 565 566 567 568 569
          570 571 572 573 574 575
          576 577 578 579 580 581
          582 583 584 585 586 587
          588 589 590 591 592 593
          594 595 596 597 598 599
          600 601 602 603 604 605
          606 607 608 609 610 611
          612 613 614 615 616 617
          618 619 620 621 622 623
          624 625 626 627 628 629
          630 631 632 633 634 635
          636 637 638 639 640 641
          642 643 644 645 646 647
          648 649 650 651 652 653
          654 655 656 657 658 659
          660 661 662 663 664 665
          666 667 668 669 670 671
          672 673 674 675 676 677
          678 679 680 681 682 683
          684 685 686 687 688 689
          690 691 692 693 694 695
          696 697 698 699 700 701
          702 703 704 705 706 707
          708 709 710 711 712 713
          714 715 716 717 718 719
          720 721 722 723 724 725
          726 727 728 729 730 731
          732 733 734 735 736 737
          738 739 740 741 742 743
          744 745 746 747 748 749
          750 751 752 753 754 755
          756 757 758 759 760 761
          762 763 764 765 766 767
          768 769 770 771 772 773
          774 775 776 777 778 779
          780 781 782 783 784 785
          786 787 788 789 790 791
          792 793 794 795 796 797
          798 799 800 801 802 803
          804 805 806 807 808 809
          810 811 812 813 814 815
          816 817 818 819 820 821
          822 823 824 825 826 827
          828 829 830 831 832 833
          834 835 836 837 838 839
          840 841 842 843 844 845
          846 847 848 849 850 851
          852 853 854 855 856 857
          858 859 860 861 862 863
          864 865 866 867 868 869
          870 871 872 873 874 875
          876 877 878 879 880 881
          882 883 884 885 886 887
          888 889 890 891 892 893
          894 895 896 897 898 899
          900 901 902 903 904 905
          906 907 908 909 910 911
          912 913 914 915 916 917
          918 919 920 921 922 923
          924 925 926 927 928 929
          930 931 932 933 934 935
          936 937 938 939 940 941
          942 943 944 945 946 947
          948 949 950 951 952 953
          954 955 956 957 958 959
          960 961 962 963 964 965
          966 967 968 969 970 971
          972 973 974 975 976 977
          978 979 980 981 982 983
          984 985 986 987 988 989
          990 991 992 993 994 995
          996 997 998 999 1000 1001
          1002 1003 1004 1005 1006 1007
          1008 1009 1010 1011 1012 1013
          1014 1015 1016 1017 1018 1019
          1020 1021 1022 1023 1024 1025
          1026 1027 1028 1029 1030 1031
          1032 1033 1034 1035 1036 1037
          1038 1039 1040 1041 1042 1043
          1044 1045 1046 1047 1048 1049
          1050 1051 1052 1053 1054 1055
          1056 1057 1058 1059 1060 1061
          1062 1063 1064 1065 1066 1067
          1068 1069 1070 1071 1072 1073
          1074 1075 1076 1077 1078 1079
          1080 1081 1082 1083 1084 1085
          1086 1087 1088 1089 1090 1091
          1092 1093 1094 1095 1096 1097
          1098 1099 1100 1101 1102 1103
          1104 1105 1106 1107 1108 1109
          1110 1111 1112 1113 1114 1115
          1116 1117 1118 1119 1120 1121
          1122 1123 1124 1125 1126 1127
          1128 1129 1130 1131 1132 1133
          1134 1135 1136 1137 1138 1139
          1140 1141 1142 1143 1144 1145
          1146 1147 1148 1149 1150 1151
          1152 1153 1154 1155 1156 1157
          1158 1159 1160 1161 1162 1163
          1164 1165 1166 1167 1168 1169
          1170 1171 1172 1173 1174 1175
          1176 1177 1178 1179 1180 1181
          1182 1183 1184 1185 1186 1187
          1188 1189 1190 1191 1192 1193
          1194 1195 1196 1197 1198 1199
          1200 1201 1202 1203 1204 1205
          1206 1207 1208 1209 1210 1211
          1212 1213 1214 1215 1216 1217
          1218 1219 1220 1221 1222 1223
          1224 1225 1226 1227 1228 1229
          1230 1231 1232 1233 1234 1235
          1236 1237 1238 1239 1240 1241
          1242 1243 1244 1245 1246 1247
          1248 1249 1250 1251 1252 1253
          1254 1255 1256 1257 1258 1259
          1260 1261 1262 1263 1264 1265
          1266 1267 1268 1269 1270 1271
          1272 1273 1274 1275 1276 1277
          1278 1279 1280 1281 1282 1283
          1284 1285 1286 1287 1288 1289
          1290 1291 1292 1293 1294 1295
          1296 1297 1298 1299 1300 1301
          1302 1303 1304 1305 1306 1307
          1308 1309 1310 1311 1312 1313
          1314 1315 1316 1317 1318 1319
          1320 1321 1322 1323 1324 1325
          1326 1327 1328 1329 1330 1331
          1332 1333 1334 1335 1336 1337
          1338 1339 1340 1341 1342 1343
          1344 1345 1346 1347 1348 1349
          1350 1351 1352 1353 1354 1355
          1356 1357 1358 1359 1360 1361
          1362 1363 1364 1365 1366 1367
          1368 1369 1370 1371 1372 1373
          1374 1375 1376 1377 1378 1379
          1380 1381 1382 1383 1384 1385
          1386 1387 1388 1389 1390 1391
          1392 1393 1394 1395 1396 1397
          1398 1399 1400 1401 1402 1403
          1404 1405 1406 1407 1408 1409
          1410 1411 1412 1413 1414 1415
          1416 1417 1418 1419 1420 1421
          1422 1423 1424 1425 1426 1427
          1428 1429 1430 1431 1432 1433
          1434 1435 1436 1437 1438 1439
          1440 1441 1442 1443 1444 1445
          1446 1447 1448 1449 1450 1451
          1452 1453 1454 1455 1456 1457
          1458 1459 1460 1461 1462 1463
          1464 1465 1466 1467 1468 1469
          1470 1471 1472 1473 1474 1475
          1476 1477 1478 1479 1480 1481
          1482 1483 1484 1485 1486 1487
          1488 1489 1490 1491 1492 1493
          1494 1495 1496 1497 1498 1499
          1500 1501 1502 1503 1504 1505
          1506 1507 1508 1509 1510 1511
          1512 1513 1514 1515 1516 1517
          1518 1519 1520 1521 1522 1523
          1524 1525 1526 1527 1528 1529
          1530 1531 1532 1533 1534 1535
          1536 1537 1538 1539 1540 1541
          1542 1543 1544 1545 1546 1547
          1548 1549 1550 1551 1552 1553
          1554 1555 1556 1557 1558 1559
          1560 1561 1562 1563 1564 1565
          1566 1567 1568 1569 1570 1571
          1572 1573 1574 1575 1576 1577
          1578 1579 1580 1581 1582 1583
          1584 1585 1586 1587 1588 1589
          1590 1591 1592 1593 1594 1595
          1596 1597 1598 1599 1600 1601
          1602 1603 1604 1605 1606 1607
          1608 1609 1610 1611 1612 1613
          1614 1615 1616 1617 1618 1619
          1620 1621 1622 1623 1624 1625
          1626 1627 1628 1629 1630 1631
          1632 1633 1634 1635 1636 1637
          1638 1639 1640 1641 1642 1643
          1644 1645 1646 1647 1648 1649
          1650 1651 1652 1653 1654 1655
          1656 1657 1658 1659 1660 1661
          1662 1663 1664 1665 1666 1667
          1668 1669 1670 1671 1672 1673
          1674 1675 1676 1677 1678 1679
          1680 1681 1682 1683 1684 1685
          1686 1687 1688 1689 1690 1691
          1692 1693 1694 1695 1696 1697
          1698 1699 1700 1701 1702 1703
          1704 1705 1706 1707 1708 1709
          1710 1711 1712 1713 1714 1715
          1716 1717 1718 1719 1720 1721
          1722 1723 1724 1725 1726 1727
          1728 1729 1730 1731 1732 1733
          1734 1735 1736 1737 1738 1739
          1740 1741 1742 1743 1744 1745
          1746 1747 1748 1749 1750 1751
          1752 1753 1754 1755 1756 1757
          1758 1759 1760 1761 1762 1763
          1764 1765 1766 1767 1768 1769
          1770 1771 1772 1773 1774 1775
          1776 1777 1778 1779 1780 1781
          1782 1783 1784 1785 1786 1787
          1788 1789 1790 1791 1792 1793
          1794 1795 1796 1797 1798 1799
          1800 1801 1802 1803 1804 1805
          1806 1807 1808 1809 1810 1811
          1812 1813 1814 1815 1816 1817
          1818 1819 1820 1821 1822 1823
          1824 1825 1826 1827 1828 1829
          1830 1831 1832 1833 1834 1835
          1836 1837 1838 1839 1840 1841
          1842 1843 1844 1845 1846 1847
          1848 1849 1850 1851 1852 1853
          1854 1855 1856 1857 1858 1859
          1860 1861 1862 1863 1864 1865
          1866 1867 1868 1869 1870 1871
          1872 1873 1874 1875 1876 1877
          1878 1879 1880 1881 1882 1883
          1884 1885 1886 1887 1888 1889
          1890 1891 1892 1893 1894 1895
          1896 1897 1898 1899 1900 1901
          1902 1903 1904 1905 1906 1907
          1908 1909 1910 1911 1912 1913
          1914 1915 1916 1917 1918 1919
          1920 1921 1922 1923 1924 1925
          1926 1927 1928 1929 1930 1931
          1932 1933 1934 1935 1936 1937
          1938 1939 1940 1941 1942 1943
          1944 1945 1946 1947 1948 1949
          1950 1951 1952 1953 1954 1955
          1956 1957 1958 1959 1960 1961
          1962 1963 1964 1965 1966 1967
          1968 1969 1970 1971 1972 1973
          1974 1975 1976 1977 1978 1979
          1980 1981 1982 1983 1984 1985
          1986 1987 1988 1989 1990 1991
          1992 1993 1994 1995 1996 1997
          1998 1999 2000 2001 2002 2003
          2004 2005 2006 2007 2008 2009
          2010 2011 2012 2013 2014 2015
          2016 2017 2018 2019 2020 2021
          2022 2023 2024 2025 2026 2027
          2028 2029 2030 2031 2032 2033
          2034 2035 2036 2037 2038 2039
          2040 2041 2042 2043 2044 2045
          2046 2047 2048 2049 2050 2051
          2052 2053 2054 2055 2056 2057
          2058 2059 2060 2061 2062 2063
          2064 2065 2066 2067 2068 2069
          2070 2071 2072 2073 2074 2075
          2076 2077 2078 2079 2080 2081
          2082 2083 2084 2085 2086 2087
          2088 2089 2090 2091 2092 2093
          2094 2095 2096 2097 2098 2099
          2100 2101 2102 2103 2104 2105
          2106 2107 2108 2109 2110 2111
          2112 2113 2114 2115 2116 2117
          2118 2119 2120 2121 2122 2123
          2124 2125 2126 2127 2128 2129
          2130 2131 2132 2133 2134 2135
          2136 2137 2138 2139 2140 2141
          2142 2143 2144 2145 2146 2147
          2148 2149 2150 2151 2152 2153
          2154 2155 2156 2157 2158 2159
          2160 2161 2162 2163 2164 2165
          2166 2167 2168 2169 2170 2171
          2172 2173 2174 2175 2176 2177
          2178 2179 2180 2181 2182 2183
          2184 2185 2186 2187 2188 2189
          2190 2191 2192 2193 2194 2195
          2196 2197 2198 2199 2200 2201
          2202 2203 2204 2205 2206 2207
          2208 2209 2210 2211 2212 2213
          2214 2215 2216 2217 2218 2219
          2220 2221 2222 2223 2224 2225
          2226 2227 2228 2229 2230 2231
          2232 2233 2234 2235 2236 2237
          2238 2239 2240 2241 2242 2243
          2244 2245 2246 2247 2248 2249
          2250 2251 2252 2253 2254 2255
          2256 2257 2258 2259 2260 2261
          2262 2263 2264 2265 2266 2267
          2268 2269 2270 2271 2272 2273
          2274 2275 2276 2277 2278 2279
          2280 2281 2282 2283 2284 2285
          2286 2287 2288 2289 2290 2291
          2292 2293 2294 2295 2296 2297
          2298 2299 2300 2301 2302 2303
          2304 2305 2306 2307 2308 2309
          2310 2311 2312 2313 2314 2315
          2316 2317 2318 2319 2320 2321
          2322 2323 2324 2325 2326 2327
          2328 2329 2330 2331 2332 2333
          2334 2335 2336 2337 2338 2339
          2340 2341 2342 2343 2344 2345
          2346 2347 2348 2349 2350 2351
          2352 2353 2354 2355 2356 2357
          2358 2359 2360 2361 2362 2363
          2364 2365 2366 2367 2368 2369
          2370 2371 2372 2373 2374 2375
          2376 2377 2378 2379 2380 2381
          2382 2383 2384 2385 2386 2387
          2388 2389 2390 2391 2392 2393
          2394 2395 2396 2397 2398 2399
          2400 2401 2402 2403 2404 2405
          2406 2407 2408 2409 2410 2411
          2412 2413 2414 2415 2416 2417
          2418 2419 2420 2421 2422 2423
          2424 2425 2426 2427 2428 2429
          2430 2431 2432 2433 2434 2435
          2436 2437 2438 2439 2440 2441
          2442 2443 2444 2445 2446 2447
          2448 2449 2450 2451 2452 2453
          2454 2455 2456 2457 2458 2459
          2460 2461 2462 2463 2464 2465
          2466 2467 2468 2469 2470 2471
          2472 2473 2474 2475 2476 2477
          2478 2479 2480 2481 2482 2483
          2484 2485 2486 2487 2488 2489
          2490 2491 2492 2493 2494 2495
          2496 2497 2498 2499 2500 2501
          2502 2503 2504 2505 2506 2507
          2508 2509 2510 2511 2512 2513
          2514 2515 2516 2517 2518 2519
          2520 2521 2522 2523 2524 2525
          2526 2527 2528 2529 2530 2531
          2532 2533 2534 2535 2536 2537
          2538 2539 2540 2541 2542 2543
          2544 2545 2546 2547 2548 2549
          2550 2551 2552 2553 2554 2555
          2556 2557 2558 2559 2560 2561
          2562 2563 2564 2565 2566 2567
          2568 2569 2570 2571 2572 2573
          2574 2575 2576 2577 2578 2579
          2580 2581 2582 2583 2584 2585
          2586 2587 2588 2589 2590 2591
          2592 2593 2594 2595 2596 2597
          2598 2599 2600 2601 2602 2603
          2604 2605 2606 2607 2608 2609
          2610 2611 2612 2613 2614 2615
          2616 2617 2618 2619 2620 2621
          2622 2623 2624 2625 2626 2627
          2628 2629 2630 2631 2632 2633
          2634 2635 2636 2637 2638 2639
          2640 2641 2642 2643 2644 2645
          2646 2647 2648 2649 2650 2651
          2652 2653 2654 2655 2656 2657
          2658 2659 2660 2661 2662 2663
          2664 2665 2666 2667 2668 2669
          2670 2671 2672 2673 2674 2675
          2676 2677 2678 2679 2680 2681
          2682 2683 2684 2685 2686 2687
          2688 2689 2690 2691 2692 2693
          2694 2695 2696 2697 2698 2699
          2700 2701 2702 2703 2704 2705
          2706 2707 2708 2709 2710 2711
          2712 2713 2714 2715 2716 2717
          2718 2719 2720 2721 2722 2723
          2724 2725 2726 2727 2728 2729
          2730 2731 2732 2733 2734 2735
          2736 2737 2738 2739 2740 2741
          2742 2743 2744 2745 2746 2747
          2748 2749 2750 2751 2752 2753
          2754 2755 2756 2757 2758 2759
          2760 2761 2762 2763 2764 2765
          2766 2767 2768 2769 2770 2771
          2772 2773 2774 2775 2776 2777
          2778 2779 2780 2781 2782
        </DataArray>
        <DataArray type="Float32" Name="Scalar" format="ascii" RangeMin="0.6780765056610107" RangeMax="8.525307655334473">
          0.6780765 0.8788232 0.9289127 0.99567866 1.1086468 1.1421893
          1.1956538 1.2976595 1.2993214 1.300228 1.3081069 1.3195325
          1.325922 1.3285058 1.4159163 1.4234194 1.4257951 1.5221624
          1.5406499 1.5444019 1.576195 1.6330485 1.6403698 1.6432098
          1.6475407 1.653574 1.665103 1.6715647 1.6989623 1.7375976
          1.7417257 1.7440846 1.7470495 1.7500297 1.7605665 1.7632622
          1.7667668 1.7676128 1.7760887 1.7796143 1.7825907 1.8008729
          1.8016474 1.8084005 1.8150873 1.8254197 1.8551649 1.8609242
          1.8614047 1.8688189 1.8735875 1.8842899 1.8882185 1.8942459
          1.8950127 1.8965126 1.8988359 1.9074789 1.9087104 1.9104705
          1.9111853 1.9134676 1.9179567 1.9421914 1.9547158 1.9560745
          1.9573702 1.9633045 1.96931 1.9735621 1.9760666 1.9761884
          1.9781153 1.9924493 1.9952203 1.9956408 1.9976943 2.0069873
          2.012956 2.0157626 2.0190752 2.0195076 2.0299766 2.0371246
          2.0393481 2.0448058 2.0466533 2.0475736 2.0511253 2.0515354
          2.0518405 2.0574644 2.0610502 2.0650094 2.0654967 2.0740783
          2.0808594 2.083363 2.0934408 2.0958004 2.097939 2.1012573
          2.101982 2.105008 2.1057396 2.1059182 2.106423 2.109959
          2.1154814 2.118041 2.1206026 2.127428 2.1275885 2.1351383
          2.139815 2.141104 2.1424177 2.1464474 2.1477315 2.1568391
          2.1571605 2.162851 2.1729648 2.1754491 2.1784475 2.1792676
          2.1793394 2.1804357 2.1846755 2.187807 2.1889894 2.1904655
          2.1945064 2.1987834 2.208089 2.209399 2.2107463 2.2144604
          2.2152836 2.2156568 2.2182477 2.221451 2.2215912 2.2231839
          2.2239833 2.2243016 2.225185 2.226591 2.2312722 2.2376454
          2.2396865 2.241553 2.2439003 2.2447708 2.245303 2.251226
          2.2518318 2.2548556 2.261237 2.2642126 2.2643135 2.2677476
          2.268086 2.2691586 2.2711093 2.2715282 2.2773154 2.2782505
          2.2796555 2.2802207 2.2812588 2.2824905 2.2843192 2.2858522
          2.288332 2.2915995 2.2919652 2.2958634 2.3001895 2.3014286
          2.3023825 2.3031445 2.3037236 2.3066814 2.3077614 2.3122191
          2.312737 2.3144236 2.314613 2.31563 2.3172157 2.3172798
          2.3189704 2.325206 2.3259923 2.3260388 2.3311288 2.3322759
          2.33456 2.3379505 2.3391247 2.340546 2.3438678 2.3485267
          2.3563886 2.3617232 2.362679 2.3629436 2.3659492 2.3698466
          2.3710754 2.372559 2.374351 2.374479 2.3757129 2.3796506
          2.3807223 2.3818052 2.3824468 2.3830497 2.3855815 2.3860507
          2.3865955 2.3870103 2.3880246 2.392137 2.392588 2.3930607
          2.3932817 2.3943064 2.3953638 2.3958254 2.400134 2.400514
          2.402688 2.4035585 2.404467 2.4051392 2.4058871 2.4076262
          2.407664 2.4082508 2.4092233 2.4136693 2.4161334 2.416495
          2.4177744 2.4181917 2.4208884 2.4213097 2.4257774 2.427353
          2.4290195 2.4291623 2.42932 2.429872 2.4317744 2.4333682
          2.435008 2.4355202 2.4365485 2.4380012 2.438851 2.4403248
          2.4426205 2.4473758 2.4485123 2.448864 2.4506798 2.4511032
          2.4534338 2.4551296 2.4556313 2.4603922 2.4607182 2.461882
          2.4628515 2.4641824 2.4646113 2.470434 2.472343 2.4746058
          2.4764173 2.477137 2.4777498 2.4815168 2.4822547 2.483403
          2.4834485 2.4839787 2.4841542 2.48472 2.485856 2.486831
          2.4884415 2.4898777 2.4903352 2.4920406 2.4946797 2.506963
          2.5071537 2.5123503 2.5148296 2.5176346 2.5223653 2.523996
          2.5243273 2.52464 2.524961 2.5255427 2.5261424 2.5270567
          2.5290458 2.5298638 2.5299895 2.5338058 2.5366378 2.5367498
          2.5426362 2.5432675 2.5448685 2.546469 2.5482922 2.5483623
          2.5490122 2.5510364 2.5531216 2.5544271 2.5609431 2.5639656
          2.5649943 2.5665808 2.569082 2.5692203 2.5708213 2.5730698
          2.5778317 2.5785868 2.5943038 2.5945647 2.602301 2.6029556
          2.6039581 2.6103709 2.6104515 2.6114159 2.6135483 2.6136618
          2.613927 2.61458 2.616077 2.618405 2.62234 2.6256793
          2.6265445 2.6271877 2.6318781 2.6343188 2.634495 2.6376257
          2.6380296 2.638837 2.6395369 2.640735 2.6414433 2.6419616
          2.642163 2.6468189 2.648629 2.6536946 2.657757 2.6595278
          2.6636992 2.6639197 2.6649039 2.6657352 2.666113 2.6665244
          2.667466 2.6718912 2.6749082 2.6758463 2.6770248 2.6786666
          2.6790757 2.6800756 2.6822312 2.6847367 2.685596 2.687542
          2.689447 2.6911328 2.6912286 2.6919763 2.6924758 2.692864
          2.6939502 2.6969578 2.6970055 2.6999009 2.7014575 2.711427
          2.71204 2.7126598 2.7146 2.7212303 2.7218604 2.7242064
          2.7245681 2.7268062 2.7271934 2.7298057 2.7298212 2.736073
          2.7363641 2.7381537 2.7391129 2.7405574 2.7413163 2.7425983
          2.744775 2.7465787 2.746763 2.7474444 2.7475398 2.749426
          2.7518682 2.752904 2.752938 2.7538414 2.7542443 2.7546015
          2.7582924 2.760824 2.761549 2.7619097 2.7625043 2.7661028
          2.7670016 2.767473 2.7680082 2.7699862 2.770427 2.7724233
          2.7732215 2.773838 2.7751446 2.7752368 2.7753258 2.7775354
          2.7779245 2.7781594 2.7804723 2.781117 2.7824395 2.7836235
          2.7838168 2.7845325 2.7861884 2.7892256 2.7894235 2.7900696
          2.790363 2.7905772 2.7924569 2.793471 2.79576 2.7976086
          2.7976239 2.7978666 2.7981074 2.8022265 2.8051443 2.8063557
          2.8064432 2.8069203 2.8083224 2.8157194 2.8157194 2.8157241
          2.8161037 2.8168283 2.8198342 2.8198774 2.8205698 2.8210793
          2.8219604 2.822422 2.8232825 2.8236356 2.8251884 2.826239
          2.8270285 2.8270943 2.8278215 2.827874 2.8284247 2.830566
          2.8325644 2.8330204 2.8330836 2.8336358 2.833818 2.834516
          2.836891 2.837806 2.8381236 2.8390677 2.8391762 2.8395698
          2.839948 2.8413694 2.8423324 2.8430138 2.8441007 2.844247
          2.844912 2.8450499 2.8461714 2.846377 2.8466249 2.8467672
          2.8493712 2.8494325 2.8496535 2.8521676 2.8535573 2.8549347
          2.855054 2.8560796 2.8578913 2.8613238 2.8614583 2.8624718
          2.8636954 2.8644073 2.865841 2.869412 2.870914 2.8729506
          2.8732884 2.876487 2.8765495 2.88162 2.8830476 2.883456
          2.8840861 2.8845375 2.8859844 2.8869872 2.8880868 2.8885481
          2.889842 2.8916752 2.895293 2.8955097 2.8963277 2.897349
          2.8985648 2.899929 2.9009283 2.9017794 2.907471 2.907493
          2.9084768 2.9110742 2.9121532 2.9124634 2.9131906 2.9156935
          2.9188929 2.9197404 2.9208066 2.921257 2.9228122 2.923336
          2.9254124 2.9260497 2.9261854 2.9272218 2.93104 2.9313233
          2.9365447 2.938453 2.9386888 2.9408703 2.945439 2.9457862
          2.9470637 2.947235 2.950076 2.9514468 2.9532864 2.9564698
          2.959072 2.960141 2.9603565 2.9608 2.9610305 2.962573
          2.964014 2.9656966 2.9659069 2.9660473 2.966518 2.9694295
          2.9701614 2.9706402 2.971114 2.9715002 2.971646 2.9733274
          2.974202 2.977823 2.9784296 2.9834836 2.9838424 2.9873023
          2.9873059 2.9873707 2.98838 2.9907095 2.9912083 2.9913
          2.992505 2.9927456 2.993284 2.9965243 2.9969811 2.9970636
          2.9996238 3.000094 3.0025773 3.0033126 3.003804 3.0043087
          3.00442 3.0044484 3.005032 3.0074534 3.0078785 3.0079536
          3.008218 3.0088046 3.0092316 3.0109344 3.011989 3.0122113
          3.013619 3.0140812 3.0140884 3.0157979 3.0185125 3.0202763
          3.020414 3.0221274 3.0221481 3.0230188 3.0247319 3.0248518
          3.0253906 3.0257926 3.0281484 3.029648 3.0312006 3.031809
          3.0323913 3.033147 3.0334234 3.0335717 3.0338151 3.0342162
          3.0386162 3.0393283 3.039396 3.0398211 3.0398474 3.0403209
          3.0417848 3.0418112 3.0422192 3.0425277 3.0449033 3.045445
          3.0462105 3.0464346 3.0464706 3.0465856 3.0470984 3.0509496
          3.0511045 3.0511835 3.0512211 3.0520165 3.0530484 3.056421
          3.0569184 3.0573475 3.0586982 3.0593598 3.059456 3.0602005
          3.0626912 3.063489 3.0643966 3.0672112 3.0695794 3.0727375
          3.073592 3.0750442 3.0765004 3.0767906 3.0767987 3.0777588
          3.0810876 3.081228 3.0813522 3.081726 3.081808 3.0819356
          3.0829093 3.0838358 3.0843399 3.0904372 3.0920599 3.0921023
          3.092584 3.0935836 3.0943608 3.0956807 3.0969248 3.0983415
          3.101723 3.1033382 3.1058848 3.109885 3.110158 3.1107633
          3.112973 3.1133988 3.1144745 3.1147864 3.11487 3.1157296
          3.1163728 3.1171038 3.1180837 3.1190948 3.119306 3.1207943
          3.1211207 3.1218412 3.1226695 3.123723 3.1238358 3.1246054
          3.12467 3.1253333 3.125898 3.1259396 3.126243 3.126724
          3.1269853 3.1281185 3.1290376 3.1292892 3.1295896 3.1296945
          3.1301384 3.1304457 3.1327307 3.1340475 3.1341686 3.1344635
          3.135888 3.1369522 3.1386192 3.1391544 3.139302 3.1393626
          3.139388 3.1396055 3.140018 3.1402745 3.1421914 3.1429796
          3.1441903 3.1442027 3.1443717 3.1443777 3.1460772 3.1490507
          3.1528306 3.155289 3.1557937 3.1558712 3.1567383 3.1576507
          3.1577985 3.1581416 3.1584373 3.1591806 3.1594694 3.1596682
          3.1597373 3.1598437 3.161186 3.1624956 3.1646757 3.1667004
          3.1667733 3.1670034 3.1675866 3.1679084 3.170694 3.1756861
          3.1762888 3.1770186 3.178109 3.1783774 3.1789114 3.179529
          3.1797252 3.1806967 3.183081 3.1836677 3.1848073 3.1868386
          3.1884627 3.1885047 3.1925273 3.1935427 3.1951396 3.1953669
          3.196392 3.1965556 3.1976454 3.1979637 3.1981363 3.1999717
          3.2005332 3.2008061 3.201328 3.2015908 3.202004 3.2027254
          3.20458 3.2049434 3.2054222 3.2056215 3.2073312 3.2094557
          3.2126148 3.2126188 3.2132878 3.213442 3.214019 3.2140388
          3.2148519 3.2152817 3.2154627 3.215546 3.2160592 3.21613
          3.216871 3.2168934 3.217151 3.218289 3.218749 3.2198136
          3.2217681 3.2231114 3.224132 3.2261863 3.2289944 3.2304685
          3.230935 3.2316287 3.232334 3.2334712 3.2339633 3.234218
          3.234901 3.2356465 3.2356856 3.2357895 3.2359319 3.236179
          3.2376928 3.237858 3.2389297 3.2392118 3.2401567 3.2402277
          3.2410629 3.242182 3.2426543 3.24338 3.2463007 3.2466254
          3.2466655 3.2470522 3.2478216 3.2486718 3.2499428 3.2510762
          3.2513633 3.2526457 3.2544146 3.2549841 3.2563891 3.2573864
          3.2605321 3.2637086 3.2648206 3.264857 3.2651372 3.2660935
          3.266176 3.2666554 3.2667065 3.2667167 3.267009 3.267316
          3.2676306 3.2678056 3.2691045 3.2695212 3.2702625 3.272699
          3.2727554 3.272865 3.2739565 3.274306 3.2757971 3.2761757
          3.2768495 3.2790573 3.2793097 3.279401 3.279654 3.2797506
          3.280136 3.2805276 3.2809076 3.2823627 3.2824974 3.2837377
          3.2846289 3.2847803 3.2848015 3.2854116 3.2866397 3.288122
          3.288812 3.28952 3.291567 3.2915826 3.2937784 3.2939384
          3.2951348 3.2961476 3.2963653 3.2967567 3.2974207 3.2976837
          3.2983465 3.2988706 3.298926 3.299039 3.2990391 3.3015683
          3.301699 3.3022542 3.3051543 3.306083 3.3065357 3.3065438
          3.3072674 3.3081286 3.3082907 3.3086185 3.3092504 3.3103166
          3.3103843 3.311077 3.3112676 3.3116908 3.3123202 3.3136504
          3.3136709 3.3151374 3.3168352 3.3178818 3.3181214 3.3187227
          3.3189926 3.3190336 3.3190598 3.3191788 3.3205838 3.3211467
          3.321326 3.3219144 3.3225281 3.3235173 3.3245184 3.3251095
          3.3261893 3.3262827 3.3266413 3.3274696 3.327543 3.3289487
          3.3298063 3.3306692 3.3311818 3.3320463 3.3321939 3.332408
          3.3341224 3.3343475 3.3346329 3.334792 3.3354318 3.3373477
          3.3377929 3.3384304 3.3387544 3.3397183 3.3420286 3.3429623
          3.343064 3.3435476 3.3435817 3.3443162 3.345469 3.345913
          3.3459249 3.346499 3.3468363 3.346918 3.3487072 3.3490534
          3.3505151 3.350535 3.3517103 3.3538866 3.3540754 3.3541174
          3.3541934 3.3551311 3.3552392 3.3561294 3.3572578 3.3574402
          3.357577 3.3583527 3.358361 3.358426 3.3603957 3.3605635
          3.3605986 3.3612425 3.3639288 3.3644178 3.3668625 3.3678935
          3.3727279 3.3742616 3.374565 3.3753376 3.3753827 3.375497
          3.3757722 3.377307 3.377445 3.3785925 3.3793342 3.3806336
          3.3807518 3.3812773 3.3814335 3.383716 3.3839219 3.3850775
          3.3856165 3.386262 3.3864543 3.386925 3.3885496 3.3898644
          3.3908224 3.390956 3.3924427 3.3925922 3.3931453 3.3936007
          3.394388 3.394783 3.395015 3.3960276 3.3966086 3.3966658
          3.3968587 3.3974576 3.3991725 3.400015 3.4009726 3.402744
          3.4046273 3.4046588 3.4052887 3.4055948 3.4056096 3.406033
          3.4064782 3.4069967 3.4074435 3.4081075 3.4098415 3.411265
          3.4118953 3.4125144 3.4126365 3.4128034 3.4128249 3.4130125
          3.4132535 3.4139016 3.415082 3.415875 3.4170375 3.4170568
          3.4178865 3.417912 3.4180017 3.418021 3.4180436 3.4185472
          3.4191859 3.4196522 3.4199557 3.422131 3.42364 3.4240522
          3.4243963 3.4260497 3.4267945 3.4280043 3.4283152 3.428409
          3.42883 3.429917 3.4305718 3.431574 3.4335334 3.4355068
          3.4372826 3.4376974 3.4385984 3.4387846 3.4398236 3.4404984
          3.443527 3.4438336 3.443922 3.4474473 3.4477103 3.4488802
          3.449291 3.44954 3.4497206 3.4508443 3.4513912 3.4540565
          3.4549167 3.4563878 3.4574852 3.457606 3.458075 3.4587564
          3.458989 3.4598806 3.4615145 3.4624186 3.46298 3.4647872
          3.4648798 3.466218 3.466679 3.4671445 3.4673698 3.467373
          3.4680402 3.4695928 3.4697814 3.469945 3.47019 3.4714346
          3.4714808 3.4719608 3.4720526 3.4722998 3.472336 3.4724317
          3.4727662 3.4734583 3.4738224 3.4741306 3.4744253 3.4751348
          3.4754424 3.475616 3.4758792 3.4759307 3.4779377 3.4802103
          3.4806886 3.4816623 3.4823496 3.4828975 3.4831583 3.4850314
          3.486938 3.4871066 3.4876966 3.4901354 3.490223 3.4912524
          3.4967253 3.4975698 3.4982386 3.4987423 3.4988234 3.50211
          3.502444 3.5040972 3.5054636 3.5060549 3.5086687 3.5089843
          3.5096319 3.5098937 3.5103505 3.5110326 3.5115488 3.5115535
          3.5138526 3.5140705 3.5141811 3.5142756 3.5157661 3.5159478
          3.516013 3.5171838 3.519384 3.519404 3.5197155 3.5197222
          3.5200417 3.5201375 3.5203042 3.5205708 3.521403 3.5239356
          3.5239873 3.5243757 3.525025 3.5270705 3.5277429 3.528862
          3.5291138 3.5294793 3.5308251 3.531409 3.5314152 3.5316381
          3.5328047 3.5350533 3.5352857 3.536803 3.537422 3.5384414
          3.5390542 3.5391443 3.5396318 3.5429237 3.543946 3.544712
          3.5456362 3.5466948 3.5473568 3.5475407 3.5475607 3.5477867
          3.5479047 3.5497134 3.5504665 3.5512416 3.5515883 3.5522673
          3.5544667 3.5547693 3.5550864 3.5552583 3.556376 3.5567589
          3.557077 3.5573118 3.557551 3.5579474 3.5586534 3.5606396
          3.561216 3.5632188 3.563271 3.5682094 3.5723934 3.5736248
          3.5741522 3.5745275 3.5756855 3.5766363 3.5771608 3.5777206
          3.5793219 3.580165 3.580373 3.5805717 3.5811985 3.5829153
          3.5841072 3.5843568 3.5853496 3.5856931 3.5863938 3.5871978
          3.5880365 3.588448 3.5889852 3.58906 3.5905175 3.5921082
          3.5923712 3.5927887 3.5937355 3.5954406 3.5959253 3.5960658
          3.5977018 3.5982437 3.5984826 3.5987568 3.5989347 3.6013381
          3.6029336 3.6032526 3.604018 3.6063766 3.6067467 3.6069689
          3.6071138 3.608847 3.609865 3.6099446 3.6102176 3.6114757
          3.6119294 3.612467 3.6126623 3.6148903 3.6157274 3.6166048
          3.6168258 3.6177957 3.6189125 3.6193209 3.6198602 3.620782
          3.6244247 3.624464 3.6247065 3.6249518 3.6255398 3.6280751
          3.6288674 3.6297536 3.6316078 3.632733 3.6333663 3.6337285
          3.6339996 3.6371918 3.641927 3.6456501 3.646625 3.6496391
          3.6499424 3.6508942 3.6519094 3.6531978 3.6537008 3.6559582
          3.6583848 3.658923 3.6596231 3.6601844 3.6603239 3.6605356
          3.6617196 3.6621215 3.6626763 3.6645894 3.6648471 3.6651258
          3.6668994 3.667417 3.6677895 3.6687677 3.6694336 3.6702552
          3.6706247 3.6722975 3.6726234 3.6745012 3.677917 3.677999
          3.6789439 3.6792738 3.679414 3.6831636 3.6833494 3.6834056
          3.683772 3.6867795 3.6877856 3.6890635 3.689492 3.6900048
          3.690539 3.691149 3.691333 3.692107 3.6926997 3.6928122
          3.694127 3.6947258 3.6948922 3.6950781 3.6959903 3.696332
          3.6988707 3.6989179 3.7004836 3.7009752 3.701386 3.7016296
          3.7023704 3.7026777 3.703892 3.7049227 3.7057753 3.7078547
          3.708536 3.7094986 3.7116094 3.7132592 3.714193 3.7162411
          3.717152 3.71783 3.7217462 3.7223818 3.7225811 3.725556
          3.7265306 3.727739 3.728798 3.7290037 3.7294977 3.7294998
          3.7297266 3.730154 3.7319634 3.7326458 3.7327106 3.7334788
          3.7338958 3.7339597 3.7353086 3.73821 3.7386043 3.7392776
          3.739502 3.7401671 3.7444503 3.745955 3.7489676 3.7495317
          3.7500138 3.7500486 3.7513719 3.7514322 3.7534728 3.7557893
          3.756132 3.756419 3.7573028 3.7583811 3.7600255 3.7640088
          3.7656012 3.7683065 3.7690442 3.7702582 3.7705715 3.7728238
          3.77615 3.7808332 3.7812483 3.7840843 3.7843802 3.785059
          3.7868724 3.7879534 3.78838 3.790185 3.790328 3.7913027
          3.7930923 3.793596 3.793623 3.7938187 3.794969 3.7954192
          3.7978072 3.801707 3.8020844 3.8026283 3.8027918 3.8035126
          3.8047273 3.8048954 3.805868 3.8059416 3.8078587 3.8079128
          3.8089051 3.809018 3.8107386 3.8131557 3.8143792 3.8167124
          3.816846 3.817023 3.8184717 3.8195646 3.8215625 3.8215897
          3.8236349 3.824883 3.8251173 3.8268292 3.827541 3.8277721
          3.8279548 3.8284025 3.8287137 3.8296359 3.8329082 3.8340309
          3.8355968 3.8356106 3.8366253 3.8381186 3.842087 3.8421752
          3.8428457 3.8448045 3.8481612 3.8482673 3.8493202 3.8495212
          3.8502138 3.8512774 3.8529167 3.8541594 3.8546383 3.8561673
          3.856889 3.857104 3.8580613 3.8586066 3.8589277 3.8606527
          3.8618999 3.865407 3.867983 3.8692799 3.8693182 3.870225
          3.8705673 3.8709254 3.8712854 3.8714585 3.8722854 3.8756435
          3.8773458 3.8775077 3.8777192 3.8777673 3.8786514 3.8807502
          3.882325 3.8886936 3.8903403 3.8911664 3.8925152 3.894711
          3.898515 3.8987694 3.9007635 3.9011385 3.9016988 3.9026196
          3.902911 3.9036207 3.9039884 3.9045715 3.9046848 3.9049883
          3.9051137 3.9070013 3.9124434 3.912599 3.917248 3.9175649
          3.919243 3.9193828 3.9201047 3.922395 3.9229357 3.9235961
          3.924129 3.9243472 3.9243522 3.9244573 3.925907 3.9261138
          3.926391 3.927045 3.9282308 3.928977 3.9293454 3.931387
          3.9337964 3.936883 3.9373302 3.9380243 3.9380257 3.9418406
          3.9439604 3.9465902 3.9478502 3.9486244 3.949 3.950905
          3.9509306 3.951823 3.952559 3.9578826 3.9587412 3.9632123
          3.9650166 3.9651618 3.9655414 3.9661942 3.9663782 3.9666605
          3.9673493 3.9676898 3.967832 3.968337 3.9684944 3.9685447
          3.9701471 3.9702823 3.9703724 3.9706151 3.9710197 3.9727771
          3.9729846 3.9736376 3.9768422 3.9776583 3.9789646 3.9791634
          3.9796946 3.9803407 3.9808033 3.9818888 3.983401 3.9835541
          3.9916003 3.992721 3.9932678 3.9933832 3.993453 3.9940498
          3.9948423 3.997757 3.998228 3.998423 3.9984717 4.00182
          4.002207 4.0036445 4.004015 4.0071716 4.009112 4.0099077
          4.0105495 4.0115933 4.013519 4.013858 4.016473 4.016925
          4.01801 4.019164 4.0194635 4.02213 4.022746 4.0238795
          4.025602 4.0264206 4.0277658 4.027912 4.0295486 4.0312605
          4.0318327 4.0324287 4.032701 4.032955 4.0331483 4.033184
          4.0344443 4.036172 4.036473 4.0376563 4.0377197 4.0401263
          4.0417485 4.043512 4.0441313 4.046734 4.048381 4.0483885
          4.0486703 4.0487556 4.0501876 4.0503273 4.0518374 4.05254
          4.0530357 4.05335 4.0542397 4.0547695 4.05658 4.057975
          4.0590515 4.059481 4.0595407 4.059844 4.060525 4.060659
          4.061884 4.062254 4.062768 4.0634985 4.0635967 4.064321
          4.06436 4.065544 4.0666504 4.067224 4.0678716 4.068108
          4.0693383 4.0695214 4.070004 4.070076 4.0702004 4.0702543
          4.070575 4.0706935 4.070891 4.072854 4.0732007 4.073426
          4.0743074 4.076748 4.0773053 4.0773745 4.0776496 4.0778327
          4.077834 4.077848 4.078067 4.0792236 4.0804086 4.0815454
          4.0817466 4.082914 4.084563 4.0849485 4.0867877 4.0899916
          4.0925655 4.0926995 4.0928507 4.0929055 4.0933156 4.0938177
          4.0940604 4.0944953 4.0945086 4.0945992 4.0948153 4.096047
          4.0963116 4.097131 4.099177 4.099464 4.103404 4.104524
          4.1050687 4.105162 4.1052775 4.1062164 4.106349 4.110325
          4.110916 4.1111455 4.1142187 4.1144075 4.114424 4.115237
          4.115372 4.116559 4.116729 4.117962 4.1183376 4.1186643
          4.1196527 4.1199393 4.1219254 4.1223745 4.1227217 4.1239033
          4.127504 4.1299133 4.1311507 4.1311913 4.1322784 4.1330204
          4.133045 4.134039 4.1341505 4.1359653 4.1364684 4.1389585
          4.13906 4.1392055 4.140783 4.1434064 4.1436334 4.1439977
          4.144122 4.146501 4.147332 4.1478057 4.148922 4.1521487
          4.1522684 4.152553 4.1534925 4.1552186 4.1554995 4.1557508
          4.155833 4.158091 4.158457 4.1589265 4.1594963 4.162519
          4.1635203 4.1645174 4.165214 4.165315 4.1673265 4.1682606
          4.1695642 4.1695685 4.170594 4.1717067 4.1725354 4.1741896
          4.1748343 4.177046 4.1771693 4.177704 4.17924 4.179507
          4.179777 4.180652 4.180874 4.181204 4.1815825 4.1839094
          4.184249 4.185055 4.1893578 4.1896405 4.1920724 4.1932607
          4.19333 4.1956015 4.1956563 4.195963 4.197203 4.197767
          4.199595 4.2001343 4.200922 4.2026787 4.204525 4.205323
          4.205706 4.2088246 4.209339 4.2096896 4.21195 4.212026
          4.2121735 4.212207 4.2122946 4.212611 4.2128415 4.2128725
          4.214241 4.21439 4.2148166 4.215501 4.215712 4.2178006
          4.218477 4.2195215 4.219664 4.2204113 4.221682 4.2217507
          4.224779 4.2249026 4.225827 4.2268887 4.2276483 4.229358
          4.2303863 4.234997 4.235129 4.236189 4.236715 4.2376695
          4.238708 4.240837 4.2416515 4.2426767 4.2427106 4.244231
          4.2451043 4.2453127 4.246857 4.2472706 4.2484646 4.249573
          4.2499313 4.25114 4.2541876 4.256385 4.256586 4.2572317
          4.257326 4.257668 4.258505 4.2587333 4.259828 4.2601514
          4.26035 4.260602 4.2621336 4.262623 4.2663236 4.266884
          4.26695 4.2694273 4.2701106 4.270497 4.274235 4.2752166
          4.2759614 4.275983 4.2764993 4.2771273 4.2771516 4.277427
          4.2787204 4.279398 4.2810664 4.2810926 4.281207 4.2818656
          4.2821784 4.283603 4.286048 4.28741 4.2899604 4.290856
          4.292351 4.292823 4.2942543 4.294352 4.2958245 4.2958536
          4.296096 4.296654 4.2981176 4.3001175 4.3005166 4.3008657
          4.3024406 4.305222 4.3055396 4.3066916 4.306709 4.30849
          4.3089066 4.309898 4.310135 4.3112025 4.311916 4.312157
          4.312506 4.3170476 4.3196225 4.320337 4.320367 4.320842
          4.3211107 4.321949 4.326512 4.3301177 4.330469 4.3326
          4.3336673 4.33402 4.3358493 4.336457 4.336865 4.3372126
          4.337259 4.3401594 4.3442483 4.34633 4.3472524 4.3500648
          4.3521986 4.3542323 4.3548026 4.355883 4.356922 4.3576565
          4.3592563 4.3597407 4.3618355 4.363567 4.3669534 4.368348
          4.3691564 4.371021 4.375241 4.3770566 4.3771276 4.3797455
          4.380054 4.380833 4.381213 4.381238 4.3821793 4.3826795
          4.3850408 4.3852 4.3868256 4.387752 4.3901734 4.3938613
          4.3950047 4.395233 4.3983536 4.3988624 4.3999305 4.4002013
          4.400389 4.401868 4.405231 4.406359 4.411213 4.4115005
          4.4115863 4.4144716 4.414555 4.415318 4.415959 4.41809
          4.425688 4.425822 4.426423 4.4274607 4.4278717 4.428559
          4.4286666 4.42875 4.429291 4.4293 4.42961 4.4299526
          4.430757 4.4341493 4.437008 4.438641 4.4413424 4.441401
          4.443967 4.445711 4.4475546 4.448913 4.4524727 4.4528575
          4.4530168 4.4543962 4.455862 4.4568787 4.4574027 4.4595714
          4.4604297 4.4605803 4.4606237 4.4606743 4.462158 4.463721
          4.4645195 4.464869 4.465 4.465489 4.467435 4.467547
          4.467633 4.468732 4.468923 4.4748254 4.4759517 4.479371
          4.4795303 4.4814878 4.4823914 4.483298 4.48623 4.4892406
          4.493594 4.49491 4.496596 4.4968653 4.4972787 4.4973197
          4.4976983 4.497739 4.499571 4.501387 4.5017023 4.502339
          4.5040803 4.5048933 4.5049376 4.5058255 4.5060062 4.5073094
          4.508734 4.5098524 4.5167646 4.517683 4.519313 4.5198236
          4.520468 4.5231743 4.5232415 4.524515 4.526142 4.5292
          4.530561 4.5315843 4.533742 4.5339026 4.534172 4.5437
          4.544075 4.547636 4.552335 4.5553746 4.5593543 4.5619245
          4.563133 4.5644736 4.5646105 4.565122 4.568072 4.570045
          4.5702252 4.5752635 4.575971 4.578479 4.581733 4.5836883
          4.587958 4.59353 4.5937 4.5951505 4.597854 4.598039
          4.5994678 4.599855 4.6017356 4.6027646 4.6036525 4.6096244
          4.6098495 4.610334 4.6147575 4.6171474 4.6195984 4.620248
          4.622094 4.624498 4.6257935 4.626891 4.6282496 4.628285
          4.6299376 4.6302147 4.632437 4.635941 4.637503 4.6478763
          4.6498566 4.6539164 4.6567736 4.662034 4.6645017 4.6674323
          4.669504 4.6703463 4.6778383 4.6801124 4.6834884 4.686124
          4.688819 4.6929994 4.693204 4.69375 4.693862 4.70014
          4.7015753 4.708788 4.7123675 4.7204943 4.7210665 4.723696
          4.724466 4.724512 4.72738 4.732096 4.7335343 4.7339063
          4.7394032 4.742563 4.743749 4.7442846 4.7444334 4.754308
          4.7544866 4.7548227 4.755073 4.7551355 4.7561326 4.7567205
          4.7577257 4.7581735 4.75875 4.762302 4.7631936 4.765482
          4.766985 4.7691493 4.772923 4.773487 4.774553 4.7748785
          4.775018 4.776503 4.7831903 4.7835965 4.784671 4.7869782
          4.7885885 4.8001523 4.8021665 4.806687 4.8068733 4.809784
          4.8100657 4.8153367 4.8153644 4.8209934 4.8242383 4.8246436
          4.8256497 4.8278537 4.8302126 4.854705 4.8550677 4.8581014
          4.8657336 4.8680024 4.8697886 4.8699017 4.8779993 4.8809576
          4.8825645 4.8852773 4.8861284 4.88771 4.8904324 4.8939567
          4.8943563 4.8983173 4.898706 4.901946 4.903233 4.903531
          4.903997 4.9043083 4.906044 4.906289 4.906707 4.907288
          4.9079823 4.9082985 4.913915 4.915602 4.9180083 4.918581
          4.921648 4.923846 4.9262705 4.92646 4.9322352 4.938229
          4.9458923 4.947144 4.9472756 4.9483438 4.948689 4.9523277
          4.9528766 4.9569035 4.958746 4.9591107 4.9599 4.960896
          4.9614277 4.9676104 4.968307 4.9693875 4.9715357 4.971848
          4.97527 4.9779296 4.9780583 4.980132 4.9820366 4.9825516
          4.9855447 4.9864125 4.9864564 4.991198 4.991873 4.9932866
          4.9944253 4.996318 5.001194 5.005789 5.008171 5.0088754
          5.009209 5.0128055 5.014478 5.0163608 5.017409 5.017892
          5.0179586 5.0195613 5.019775 5.024906 5.0265183 5.0308337
          5.0319057 5.0336995 5.0347457 5.0347815 5.0350647 5.035693
          5.037772 5.040367 5.0437527 5.048838 5.0491767 5.051756
          5.055027 5.059787 5.0640883 5.064929 5.0658484 5.0671835
          5.069607 5.0712395 5.0823355 5.0827518 5.0852814 5.085356
          5.0875087 5.087924 5.088496 5.089874 5.0901217 5.0903387
          5.090617 5.0960054 5.1009393 5.1078753 5.1081185 5.1082172
          5.108523 5.1150045 5.1178355 5.1181903 5.1193624 5.1203938
          5.1205688 5.1213617 5.122366 5.1224275 5.1312904 5.132908
          5.1346292 5.134983 5.1352935 5.1397486 5.141403 5.149466
          5.1516695 5.1540756 5.154524 5.1560216 5.1567397 5.1582317
          5.1628385 5.1678104 5.168449 5.1685343 5.173529 5.181906
          5.1828957 5.184747 5.188021 5.190104 5.1914277 5.1950393
          5.2016735 5.2031302 5.204818 5.2057104 5.2071705 5.2094374
          5.2134314 5.2244334 5.2301393 5.230374 5.2477355 5.2606354
          5.261054 5.266442 5.268633 5.269216 5.272363 5.276543
          5.2882886 5.2899146 5.2907186 5.2929626 5.2963004 5.2966094
          5.3002825 5.308889 5.318554 5.319569 5.3204474 5.324238
          5.326252 5.326831 5.335178 5.341398 5.341831 5.344655
          5.347224 5.3507705 5.3547373 5.361354 5.3631635 5.3641844
          5.3647075 5.3684044 5.378039 5.384755 5.3885393 5.389501
          5.396559 5.398052 5.40303 5.4047923 5.4132447 5.4265037
          5.434306 5.4384894 5.4459734 5.4497004 5.450562 5.453032
          5.478643 5.487321 5.508229 5.5090675 5.5096354 5.509812
          5.514385 5.515571 5.5270615 5.532672 5.5341253 5.539796
          5.5470448 5.548913 5.5510445 5.5544863 5.555597 5.5613756
          5.579096 5.602787 5.6034174 5.603471 5.60601 5.608378
          5.610784 5.6112366 5.628759 5.6321597 5.652098 5.6554866
          5.6579576 5.6666546 5.673479 5.67714 5.682928 5.6854296
          5.688632 5.7035856 5.7043 5.709754 5.724843 5.7269254
          5.7285833 5.7305255 5.7361856 5.759963 5.760954 5.767284
          5.7702994 5.7996607 5.8039336 5.8065724 5.8230596 5.8253126
          5.826857 5.843129 5.855382 5.859438 5.862894 5.8630357
          5.87014 5.886156 5.8933506 5.9108663 5.915781 5.9505625
          5.9526715 5.962683 5.974882 5.978534 5.9791665 5.9886336
          6.0045004 6.00908 6.025394 6.0267906 6.0323157 6.0325623
          6.0350523 6.0360236 6.0463095 6.059992 6.0600576 6.0667706
          6.0686994 6.0711193 6.075028 6.0776434 6.0911827 6.092226
          6.0979195 6.1185865 6.119186 6.1224103 6.1232886 6.1317964
          6.133691 6.1389875 6.141412 6.1422915 6.1624036 6.165803
          6.1688304 6.193433 6.204101 6.208026 6.2132173 6.2137027
          6.214866 6.2279415 6.246477 6.25169 6.2565165 6.2581444
          6.26063 6.266653 6.272932 6.276657 6.283622 6.2922993
          6.3035603 6.3072243 6.3286977 6.3374314 6.342789 6.3465605
          6.3468027 6.350057 6.3741336 6.3853283 6.391762 6.3942904
          6.4174714 6.427908 6.431529 6.433042 6.4507666 6.4831815
          6.4839225 6.485576 6.48941 6.506459 6.517884 6.519007
          6.520237 6.523547 6.5240574 6.5247965 6.5417047 6.543669
          6.5445337 6.549706 6.557598 6.557754 6.5591693 6.562609
          6.578229 6.578865 6.5803647 6.5956783 6.616133 6.635144
          6.6379843 6.6436725 6.656839 6.688228 6.6882763 6.6907997
          6.691315 6.724578 6.728794 6.7288237 6.764383 6.7689013
          6.8026834 6.805768 6.8189483 6.8226027 6.838579 6.8389034
          6.839509 6.8533716 6.856821 6.8607783 6.8635416 6.8901467
          6.8905854 6.9013944 6.906253 6.921878 6.923511 6.951076
          6.9595113 6.996562 7.000878 7.019955 7.035162 7.048876
          7.056021 7.059645 7.067465 7.0762377 7.088059 7.1288404
          7.132864 7.1439013 7.166974 7.180303 7.1826425 7.196447
          7.200733 7.21336 7.2443852 7.2866335 7.3242874 7.325828
          7.4075813 7.435393 7.4405875 7.4672017 7.5293436 7.560631
          7.5684695 7.5777583 7.7346587 7.746396 8.525308
        </DataArray>
        <DataArray type="Int32" Name="VertexId" format="ascii" RangeMin="3" RangeMax="25599">
          18509 24318 18831 24638 24156 24157
          24478 21748 21421 22070 18826 18667
          18670 21103 933 18186 1258 22873
          1090 18346 3168 1083 23679 23833
          23839 21586 25431 1553 21743 21424
          2687 21584 23993 590 2193 1086
          21583 25428 24262 1092 20621 745
          21263 25119 19475 24633 1087 22069
          24473 22837 25599 24135 1861 1541
          2536 25118 23164 24954 13439 1710
          21747 24795 1085 25589 1701 24620
          25439 3330 22998 1545 434 3006
          22997 1711 1549 2031 20782 7677
          2183 1071 2032 3329 12797 24471
          24631 1097 23195 12636 2691 1550
          24452 2182 12796 910 2025 24450
          14389 1714 753 23003 2690 2184
          14550 1220 23163 19639 748 24623
          594 13117 3177 21425 752 1543
          3640 24451 25419 1225 1548 22685
          22680 23194 23353 7839 2015 21418
          2055 14390 3173 1536 3492 21568
          25112 24622 25415 24601 12474 3494
          12313 19637 23004 1240 22542 2374
          19155 20457 22002 24613 7679 3493
          24612 21838 19650 25595 23771 21419
          3803 2671 22380 758 3650 19960
          15199 2214 22226 1061 22840 13103
          20458 14555 2375 24453 437 22227
          24448 1697 3813 19968 24449 24788
          1081 25594 9438 12314 12634 14718
          8639 19959 25417 1858 2511 14236
          3332 13431 12952 3653 13589 13911
          23774 3491 3802 2676 23458 19000
          11992 1077 20444 3495 2837 8316
          13587 25100 19157 14066 3644 24303
          24127 14396 17557 1896 3970 24933
          24773 19316 18195 13588 23984 23642
          1890 18846 12152 13747 24789 23963
          24145 12789 15198 1573 13590 3810
          3490 19442 14553 24304 13265 22206
          25240 23985 1215 23643 13264 8315
          24288 20088 12793 22552 2677 24763
          8478 1572 3155 23347 23763 24627
          13591 23001 13112 23185 23803 25102
          442 2675 23666 23607 24603 22368
          18037 1079 11350 23295 23455 2666
          25261 20286 14386 24122 25409 6397
          23722 14079 13745 23599 3808 23668
          1881 112 23183 23597 23667 23598
          918 3649 436 24298 3151 22047
          25086 23497 12787 1216 19969 2995
          3477 23773 3478 8633 23507 2665
          2991 23186 20602 24927 598 18999
          22540 22367 18683 2828 3149 18036
          23753 23826 12788 23457 25090 20603
          19604 2359 22789 15194 2987 25534
          13919 3150 270 8959 12947 8634
          24720 25361 22953 3795 3796 19603
          25232 24589 15195 22203 22526 3144
          23764 24723 21999 22628 19606 2198
          23184 19002 19605 18362 18684 443
          3136 22523 3145 24235 24233 25519
          21573 1720 13938 10707 24125 14557
          3139 25520 5595 7619 23413 18514
          23570 24075 17877 5109 23596 3628
          3633 19001 22629 23490 7306 13580
          24234 7338 21673 15033 23411 18340
          3793 24554 23110 13420 23093 23253
          3138 25564 23601 4940 15034 23496
          7019 23272 22384 7340 11987 4796
          7339 23760 3791 3632 24920 22950
          7179 20136 24394 11997 8150 22792
          8267 4284 4945 25528 18360 24718
          24883 20608 18361 23602 3469 24719
          23433 21514 22511 21685 18341 23115
          7621 4777 14963 4283 23113 18843
          11670 22378 9092 19792 18176 11830
          4271 22379 11669 3783 8948 3620
          20774 23114 4779 24981 25404 12308
          8105 23335 24587 6983 21563 4110
          19329 20898 5101 19791 3944 4941
          3951 24800 23651 7620 3300 24644
          4780 12866 4111 24398 23769 7176
          6863 19767 20599 11996 7177 23751
          20775 7829 23495 7192 23591 3941
          22857 24721 7783 129 3784 8789
          8151 19168 3301 24676 20388 3781
          20296 24550 2655 254 19489 5114
          3942 5415 5106 7501 21973 23408
          22698 6702 20112 4955 7500 7024
          22672 16823 25389 4758 7944 11340
          23568 21723 6545 6393 22313 4598
          12779 24551 5103 2379 6395 6708
          4773 22784 7950 20613 7023 7782
          18363 5584 7352 20452 18021 260
          25038 23173 19954 96 11322 24099
          5426 7628 20198 22343 95 7028
          10703 421 22508 25036 5587 21845
          10380 6849 12780 22671 10382 4749
          6868 14153 127 6387 5116 25460
          18019 19167 24483 6546 5582 8146
          4589 4778 18022 8143 8269 8265
          16425 25303 21244 25229 2378 23332
          22624 7989 24108 25515 23739 20607
          21245 6367 6870 448 15624 5586
          420 8353 7185 20453 7627 289
          10396 7025 18178 5271 6866 24321
          11028 24976 6853 10397 3977 9708
          1206 21401 5589 25378 25356 21988
          22833 4593 7793 6869 9891 18908
          5583 13351 23084 7013 5588 3615
          128 10027 6718 6368 21023 4452
          4775 25300 9868 3817 21990 20095
          4433 7987 25230 3456 7347 8144
          7952 22372 19817 7635 20924 14958
          23404 581 18338 21720 24276 8464
          25189 24643 25143 24268 23746 24961
          22450 8784 11638 14324 24895 9913
          19976 23747 20435 10349 21411 8449
          23744 6692 7789 9706 24538 12304
          11660 5570 449 11500 23403 6073
          25013 20253 21510 4419 9898 24385
          22610 14955 21703 21871 24811 7634
          22297 20614 21402 9798 10704 20275
          18272 21721 9914 21670 25030 98
          4420 24365 11984 15120 2221 10542
          12464 11318 23244 24801 8457 6875
          17303 21823 23897 21026 6715 10191
          24962 8777 22174 5557 9577 20251
          20570 9866 23745 22810 10348 8938
          5096 8778 11985 8140 22812 22509
          11185 7972 11478 22371 25058 8141
          16820 17353 21708 16907 24386 14961
          24211 22759 8609 4303 3979 20410
          24738 24813 5224 20252 7144 4314
          25218 4462 25056 25298 11345 10190
          10998 10827 2061 25057 5236 21984
          25531 22022 16345 14668 20513 21498
          5396 16550 8455 7155 14643 4140
          22920 6352 18161 8454 19938 20190
          20250 22498 15119 5546 8617 25551
          22136 24843 4633 5076 20355 10988
          5245 22182 25299 10353 8133 6835
          5545 18159 6805 24579 21024 11158
          5548 10987 6039 25137 4299 24808
          6837 5381 25391 22972 6513 3980
          5240 7973 24378 6340 9578 24812
          10381 5571 24894 20094 6353 10508
          5883 24322 7323 6833 18160 23128
          11479 5547 5220 22291 24382 17950
          24650 13254 22919 3999 6021 22940
          24417 8293 7315 10193 6029 21793
          11172 6995 8616 8433 5380 15462
          22601 21791 24890 21863 6994 5701
          5541 24112 24534 8125 1753 5066
          21792 18586 22027 16553 8273 20163
          21528 24051 2167 17145 20893 8286
          22941 5552 12764 5542 5861 24647
          18322 18162 9568 24525 1590 9227
          7165 21348 7814 21012 5868 10530
          14957 6516 9409 5878 24814 22187
          6676 18587 5239 6673 21343 6357
          18111 21153 5554 5566 24535 18744
          17670 16746 13189 22760 8287 9899
          25052 8126 5085 25075 17143 17364
          5565 20186 21874 13768 21954 10370
          1846 9410 25021 24860 21500 24694
          24416 17192 6181 23786 14024 23246
          24200 24700 9386 3036 6204 15623
          20097 24861 17193 22018 16871 20891
          11633 14188 14002 21687 11501 15762
          21953 10691 16873 25053 25440 5248
          2870 2166 20187 5247 18151 2008
          17994 14160 22658 11814 9069 22664
          21867 18745 5562 25280 6979 12136
          21188 6489 16821 9228 19715 20000
          9713 19575 17203 7964 8124 3673
          19078 19016 21368 16503 7607 22399
          24892 5563 17671 19418 12768 17841
          20193 18955 17363 9718 18001 11011
          6055 17943 19388 20991 25283 3993
          24048 23946 20707 10991 21853 18913
          9872 17028 10531 11496 15748 3675
          20992 9415 21854 12449 17643 10535
          9414 17993 22335 6495 6818 6520
          10693 17831 21473 8908 22591 6679
          12440 15909 19897 17144 19389 6978
          11175 17029 21714 13188 10990 11975
          20860 13096 12447 10692 9417 4308
          25488 20861 9232 3503 6980 19875
          6214 18426 11474 301 12608 2065
          11974 8257 11331 23400 10851 11493
          11497 22272 19386 22488 4157 15749
          8090 4309 25503 12448 2966 11492
          4152 18637 14161 18957 22273 18634
          18797 20833 11335 3677 21538 19896
          22178 22118 10674 11654 25345 6325
          8765 22489 8258 25123 6647 1367
          2644 9858 89 2703 13349 19226
          25339 9237 9715 9959 18265 10694
          2642 20001 12135 17826 14321 22431
          6485 25469 19738 24277 9799 90
          12115 11962 15758 20858 17967 16546
          17676 3662 21328 20997 25450 3676
          21018 18266 19557 22278 20915 10178
          12125 19675 14633 11802 14782 20895
          12123 18283 18752 2643 8766 7647
          13829 2646 11956 21318 9475 621
          14347 17965 11963 1668 2470 19706
          12285 21008 2805 12124 8916 9231
          25383 22435 17945 2718 3833 3835
          1353 15598 2384 7768 18326 16640
          2627 10020 18974 25179 15423 7646
          21329 2862 879 21158 21316 21168
          6812 25308 12441 22594 15103 17668
          14216 15745 881 14783 19255 17681
          17197 16387 25288 15602 20903 10019
          2469 8915 22595 22558 17463 19414
          16068 13022 1903 3192 21166 18118
          14217 14254 10181 20896 17279 9238
          15263 12278 24114 18124 21433 880
          7454 13830 24840 17548 12118 22586
          25290 10521 24839 21323 20905 20319
          3193 19452 19893 2225 15432 19904
          15916 10067 8095 20904 9376 15747
          1836 12606 18951 17549 19905 25128
          21167 18792 2386 20881 14345 2385
          18008 22235 13775 1675 15273 15744
          19894 7767 17198 19680 7285 18949
          12613 17368 7929 12454 17966 8096
          18975 21490 17119 14095 786 20153
          25006 19292 3512 20148 19840 2388
          20963 875 21061 14503 13866 18168
          10840 25164 6657 19271 21003 14093
          14094 8898 1037 20986 1105 19833
          16113 19360 20826 3120 1676 25005
          16133 14025 3121 21690 13776 10121
          9211 13053 8920 17105 20183 19520
          18950 17887 237 16106 13183 14343
          14328 14294 13182 19267 17367 2387
          7133 9906 19112 7296 8919 9907
          18440 16118 18466 17388 13991 377
          15270 6809 22747 18006 1752 8409
          3032 20184 19834 23230 13519 21164
          9477 25062 18612 9746 18278 25330
          9403 19993 8728 17804 2478 18606
          2068 10112 638 20310 18783 21464
          21593 15418 14466 20643 13405 6649
          6810 15429 23071 16614 8568 878
          18599 23394 12578 20845 16454 21004
          10938 229 20169 18446 18305 2319
          10525 14308 21625 10764 13245 20797
          9404 10042 19109 543 19343 2877
          12703 12160 21603 23234 20311 876
          8890 17960 10935 8249 19369 8120
          9372 21530 8413 20179 17478 8279
          18099 19088 14647 20636 19847 9050
          18259 20016 13886 13537 17778 8414
          6320 15580 14528 20268 18853 20637
          20269 13178 19406 20534 9679 14618
          18624 538 19753 22394 20800 18577
          1670 18047 378 17959 19408 12576
          12577 533 19248 5843 10120 19540
          18418 19407 16729 15579 20006 21801
          1355 18441 17638 224 23713 20559
          21641 23553 883 20642 20075 17779
          19381 2157 2465 20008 20478 10366
          2148 11259 6003 855 14367 7708
          14570 21443 9885 13725 19828 13020
          18773 20563 10936 6480 18923 20017
          21962 19245 17426 2466 11099 19246
          18460 15421 16815 22418 20983 21143
          20981 20180 535 7724 19376 13224
          246 15841 19038 18620 8723 12993
          19752 16005 16434 216 19917 376
          12093 2623 14297 22581 17266 12814
          1839 18764 2153 14948 14527 19852
          21201 84 1999 87 14337 12415
          22122 16261 398 18770 2624 17157
          20966 16274 19357 21781 12575 14296
          16889 8528 14043 19848 19057 16973
          13219 16380 2460 14457 19043 16920
          15472 18898 13838 17723 19534 9363
          13217 13883 24033 13693 20879 19203
          18558 13380 19501 5680 16974 23873
          695 19536 19889 10931 15108 20965
          14817 19535 19378 13533 16971 19379
          15843 20725 21758 20403 16421 19569
          19198 19356 367 13676 16381 19693
          16598 383 12573 24349 13379 12574
          20982 19052 548 14815 15308 20979
          10932 22420 14779 17883 19692 790
          2473 20654 21618 12164 15735 13544
          11412 20816 20309 12091 789 21806
          20980 11403 14816 17109 13377 20818
          540 1993 11288 17269 16919 14770
          541 14450 21621 13540 2458 22582
          85 2459 14578 2632 12331 14521
          22901 14849 13216 389 22419 15468
          551 22741 19212 15613 17158 17128
          14683 20565 8361 2793 15711 21779
          8522 21917 860 12963 14610 16056
          16256 15736 15873 21646 8885 20810
          12970 8986 8362 206 20973 14362
          380 2633 19988 10004 20813 18458
          8565 16972 25473 21620 15255 18718
          12092 7703 700 12670 12895 14338
          14740 16057 16469 19997 20971 12248
          10002 15256 22421 8886 14682 5840
          20653 9012 18618 16930 13675 16095
          20658 20633 9522 20815 5674 16096
          12166 21619 1016 14419 15842 12413
          25472 12165 15004 16860 15572 15149
          17255 1645 16816 13690 8526 391
          16700 16594 16004 1026 12591 19035
          15609 10003 1343 18066 10973 7384
          11609 12493 12432 13711 14689 16679
          14672 7700 15320 16788 16310 13710
          15173 24508 15550 1182 17409 11252
          19036 18068 19837 20811 11103 8527
          12163 12243 15003 14739 14493 21935
          15732 13655 16838 11770 16673 7544
          15132 1015 14355 9044 865 10493
          712 16573 11449 14198 14451 11622
          24025 705 207 12972 10920 16840
          11610 15710 9682 14671 17090 14933
          14819 16970 18239 21452 21451 10971
          15482 14209 10942 11776 16892 3593
          17606 12173 13126 15093 16438 21771
          16680 11930 14038 25315 10972 21776
          18725 15162 15770 21767 15330 15013
          12172 7701 17447 16935 1183 12380
          15657 528 4085 8683 14015 13850
          17908 2620 8523 12333 11408 1022
          16362 15481 4393 12410 12564 13854
          18067 11295 16835 527 11945 12653
          11135 16940 11728 850 1025 4086
          9328 18862 9673 15712 11726 21773
          12540 15325 10480 19022 16206 12563
          16045 11786 7870 11777 21438 13125
          10282 13468 16993 16771 11404 11462
          16995 3113 14732 12216 16353 1968
          15629 13967 21611 15331 12800 16046
          13815 18388 17100 16938 14195 15803
          8833 15335 21294 12589 8525 12743
          12590 11409 1008 15293 18724 16143
          15066 386 15324 15334 8078 11595
          15453 24504 15610 18228 11727 15816
          1806 10601 21925 15489 12680 12213
          7437 14653 15847 15984 7385 13688
          7378 13148 10927 11743 15133 11897
          12968 16006 15962 11568 22561 13529
          11741 15849 15378 6904 15979 7118
          9834 17902 4565 5668 4405 15848
          15853 8239 11763 11740 15978 13308
          13286 16098 12215 6315 10321 18063
          12989 17257 4395 11742 9794 6899
          11738 13013 14249 17928 17097 9833
          6155 8829 21929 12801 22571 12483
          16737 11924 11902 12086 18243 16521
          17768 849 10958 12582 6905 16738
          12747 13613 11893 8988 15448 9170
          13297 10799 16048 16845 22252 12499
          7538 12078 1659 1819 15697 4487
          13137 14572 6468 12057 16161 18084
          12658 16252 14426 11278 12588 15695
          15368 12053 21928 8851 848 9032
          1653 6103 5996 5293 12400 16092
          12241 6791 9034 16695 9036 10748
          15048 22241 9985 11602 7695 16696
          11280 6264 9037 9033 2295 15366
          15055 210 11603 7060 16038 12240
          15388 6953 9351 15367 7696 312
          12531 6104 5671 152 11600 9028
          11440 9035 14423 15694 17004 10463
          13014 12672 11118 16196 8234 13805
          11761 15696 8075 15058 9823 9350
          6266 10289 15208 15525 6954 14422
          10448 17578 15379 1333 13806 9824
          15852 8202 18550 22567 11122 17418
          16125 10962 1119 14265 8555 12369
          9990 8508 15861 8396 12836 14128
          10462 6630 6793 6265 12209 9831
          16021 12532 14746 24020 13643 15370
          5773 8840 24021 2456 13803 11596
          9668 16124 15530 14897 15725 12197
          5175 15885 18549 22408 10303 9669
          6098 15043 11368 9987 11716 8839
          11433 6146 9827 9482 14721 3683
          4705 156 4968 15235 11878 12685
          9642 11873 11434 8500 10471 3846
          6147 6260 16444 14882 6419 16284
          959 316 8858 11556 10311 3844
          11361 14123 9656 6257 3845 13963
          11048 12357 8340 4167 5453 13363
          8697 12365 11203 11200 13008 12192
          11230 11714 4706 9622 11362 5183
          13009 14445 11360 17601 13624 9816
          11208 14285 10883 11205 11552 8857
          10590 9180 11043 6101 12351 5658
          314 3680 23859 8856 6750 13205
          7584 13203 5929 11687 24018 11073
          22889 4863 14277 11364 11391 15238
          8820 11712 4966 4704 17761 5023
          5930 4648 8068 9462 6748 4967
          22729 8821 12030 11523 18215 7260
          1651 7746 1599 11232 12031 10949
          13045 7744 14560 10904 14720 15041
          15394 5297 10790 7263 6568 7907
          7368 5496 8229 5607 7747 8070
          7423 3684 7908 4860 10106 4857
          14755 6729 14595 11210 7369 9946
          6908 15237 6412 6749 3682 11369
          8859 5767 8008 10787 5017 18216
          6941 4861 6448 18072 6782 8228
          18071 6569 5600 5458 7099 7849
          7101 7259 13625 5131 4859 6731
          7719 10720 5663 5503 7738 3255
          10721 10746 4800 11052 7684 11382
          10788 1759 6938 6609 6449 7098
          11223 11211 7255 7580 8382 7420
          4531 14916 11372 7900 7525 10585
          7739 5281 10586 11213 7718 4853
          5764 7740 5765 5813 5654 4048
          3095 5441 7574 5122 7250 3890
          10400 5650 6400 7096 8223 10560
          4050 7411 5492 4848 4043 8491
          7735 7251 8331 3402 3559 4961
          7412 7734 4852 7200 3889 5013
          10421 3733 520 7736 6560 521
          3413 3732 7248 3401 199 10103
          4849 4498 3254 7041 11058 3238
          200 8000 4018 11059 7245 6433
          3398 4657 6453 4524 14114 10737
          6920 7841 9615 5640 14115 9616
          9920 6613 4364 9921 10736 4526
          8642 3723 8483 9765 9608 3088
          3233 7246 4038 9924 6592 1623
          9288 3879 9766 9610 193 3855
          9129 32 6443 6603 2750 2438
          9771 2925 2104 9769 9770 2912
          3856 2920 2910 2928 4518 5158
          2913 4662 4820 2762 4819 6439
          2764 1799 6762 3395 4358 1638
          4338 4998 350 192 5163 4821
          1798 1943 4990 2758 2428 190
          2418 1640 5003 2265 2100 2105
          2267 2429 23 993 5314 4514
          1320 1793 489 3373 1318 835
          834 2266 2427 4515 2903 1319
          836 1478 5316 2259 515 2109
          2108 2742 1781 516 2743 2585
          5153 2400 3 2899 832 3693
          1147 1791 3707 4509 1630 1789
          1628 4669 1310 1629 1151 1467
          2895 4826 2723 4825 2740 8
          3544 168 3704 3549 818 1299
          496 333 3043 492 1301 2897
          816 335 1138 2886 179 1761
          817 2885 187 497 180 2243
          2242 2721 485 2080 2090 2081
          1922 1773 1774 1452 1771 2411
          2410 1612 1768 1608 1120
        </DataArray>
        <DataArray type="Int32" Name="CriticalType" format="ascii" RangeMin="0" RangeMax="4">
          0 0 0 0 0 1
          1 0 0 0 0 1
          1 0 0 0 0 0
          0 1 0 0 0 0
          1 0 0 0 0 0
          0 1 1 0 0 0
          1 0 0 1 0 0
          1 0 0 0 1 1
          1 0 0 0 0 0
          0 1 0 0 0 0
          1 1 1 1 1 0
          1 0 0 0 0 1
          1 1 0 0 1 0
          0 0 1 1 0 0
          1 1 0 0 0 1
          0 1 1 1 0 0
          0 1 0 0 1 1
          0 0 1 0 1 0
          1 1 0 1 1 1
          0 1 0 1 1 0
          0 1 1 0 0 0
          0 1 0 0 0 0
          1 1 0 0 0 0
          0 1 1 0 0 0
          1 0 0 0 1 1
          1 0 0 0 0 1
          0 0 0 0 0 0
          0 1 0 1 1 0
          1 0 1 1 0 1
          0 1 0 0 1 0
          1 1 0 1 1 0
          0 1 1 1 1 0
          1 0 0 1 0 0
          0 1 1 0 0 0
          0 0 0 1 0 0
          0 1 0 0 1 0
          0 1 0 1 0 0
          1 1 0 1 0 0
          1 0 1 1 1 0
          0 0 1 0 1 1
          1 0 1 4 0 0
          0 1 0 1 1 1
          1 0 1 1 1 0
          1 1 0 0 0 1
          1 1 1 0 1 0
          0 1 0 0 1 0
          0 1 0 0 1 0
          1 1 1 1 0 0
          0 0 1 0 0 0
          0 0 0 0 1 1
          1 1 1 1 0 1
          0 0 0 1 1 1
          0 1 1 0 1 1
          1 1 0 1 1 1
          1 1 0 0 0 1
          0 1 1 1 1 1
          0 0 0 0 1 0
          1 1 1 1 1 1
          0 0 0 0 1 1
          0 0 1 0 1 0
          1 0 1 0 0 1
          1 0 1 0 1 1
          0 1 1 0 0 0
          0 1 0 0 1 1
          0 1 0 0 0 1
          0 1 1 0 1 0
          0 1 1 0 0 0
          1 0 0 0 1 0
          1 0 0 1 0 1
          1 0 0 0 1 1
          0 0 1 0 0 0
          1 1 0 1 1 1
          1 0 1 0 0 1
          0 0 0 0 0 0
          1 0 1 1 1 1
          1 1 0 0 1 0
          0 0 0 1 1 1
          0 0 0 0 0 1
          0 1 1 0 0 0
          0 1 0 0 1 1
          0 0 1 0 0 0
          0 0 0 1 0 1
          1 0 1 1 0 0
          1 0 1 1 1 0
          0 1 1 1 1 0
          1 0 1 0 1 0
          0 1 0 0 4 1
          1 0 1 0 0 1
          1 0 1 0 1 0
          1 0 1 0 0 0
          1 1 0 1 1 0
          0 0 0 0 1 0
          1 1 0 0 1 1
          0 1 1 0 1 0
          0 0 0 0 1 1
          1 0 1 0 0 0
          0 0 1 0 0 1
          1 0 0 0 1 0
          0 0 0 1 0 1
          0 0 1 1 0 0
          1 0 0 0 1 0
          0 1 0 1 0 0
          1 1 1 0 1 1
          0 0 0 1 1 1
          1 1 0 0 0 1
          1 0 0 0 0 1
          1 0 0 1 1 1
          0 1 1 1 4 0
          1 0 0 1 0 0
          0 0 0 0 1 0
          1 0 0 1 0 0
          1 0 0 1 1 0
          1 0 1 1 0 1
          1 1 1 1 1 0
          1 1 1 1 1 1
          1 0 0 0 1 0
          0 1 1 0 0 0
          0 1 1 1 0 0
          0 1 0 0 0 0
          1 1 0 0 1 0
          0 1 1 0 0 0
          0 0 1 1 1 1
          0 0 0 0 0 0
          1 0 0 0 0 1
          0 1 1 0 1 1
          0 1 1 1 1 1
          1 0 0 0 0 1
          1 0 1 1 0 0
          0 0 1 0 1 0
          1 0 0 0 0 0
          0 1 1 0 1 0
          1 1 1 0 0 1
          0 0 1 1 0 1
          0 0 0 0 1 1
          0 0 1 0 0 1
          0 0 0 1 1 0
          1 1 1 0 1 1
          0 0 1 1 0 1
          1 0 0 0 0 0
          1 0 0 0 1 0
          0 0 0 1 0 0
          1 0 1 0 1 0
          1 0 1 1 1 0
          0 1 1 0 0 0
          1 0 0 1 1 1
          0 1 0 1 1 0
          0 0 1 1 0 1
          0 1 1 0 1 1
          1 1 1 1 1 1
          0 1 0 0 1 1
          1 1 0 1 1 0
          1 0 1 0 0 0
          0 1 1 1 0 0
          0 1 1 0 1 0
          0 0 0 1 1 0
          1 0 0 0 0 1
          1 0 0 0 1 0
          0 1 0 0 0 0
          1 0 0 1 1 1
          0 1 0 1 0 0
          1 0 1 0 1 0
          1 0 1 1 1 1
          4 1 1 1 1 1
          1 0 1 0 1 0
          0 1 0 1 1 1
          0 1 1 1 1 0
          1 0 0 0 0 1
          0 1 0 0 1 1
          1 0 1 0 0 1
          1 1 1 0 1 1
          1 1 1 0 1 1
          0 0 0 1 1 0
          1 0 1 1 0 0
          0 1 1 1 0 1
          0 0 1 0 0 1
          1 1 0 1 0 0
          1 0 1 1 0 0
          0 0 0 0 1 0
          0 0 1 1 0 0
          1 1 1 0 0 0
          1 0 1 0 1 0
          0 0 0 0 0 0
          1 1 1 0 0 0
          1 0 1 0 0 0
          1 0 1 0 0 0
          1 1 1 0 0 0
          0 1 1 1 0 1
          0 0 0 1 1 1
          0 1 1 1 1 0
          0 1 0 1 1 0
          0 1 0 0 1 1
          1 1 1 0 1 0
          1 0 1 1 1 0
          1 0 0 0 1 1
          0 1 0 1 0 1
          1 0 1 1 1 1
          1 1 1 0 1 1
          1 0 1 1 1 0
          0 1 1 1 1 1
          0 0 0 0 1 1
          0 0 1 0 0 1
          0 1 1 0 1 1
          1 0 1 1 1 1
          0 0 0 0 0 0
          1 1 0 0 0 1
          1 1 1 1 1 0
          0 0 1 1 0 0
          0 0 1 1 1 0
          0 1 1 0 0 1
          1 0 1 0 0 1
          1 0 1 1 0 1
          0 0 1 0 1 1
          0 1 0 0 0 0
          0 0 0 1 0 1
          1 1 0 1 1 1
          0 1 1 1 0 1
          0 0 0 1 0 1
          0 1 0 1 0 4
          1 1 1 1 1 1
          1 0 1 0 0 0
          1 0 1 1 0 1
          1 0 1 1 0 1
          0 1 0 0 1 0
          1 0 1 0 0 0
          1 0 0 1 0 0
          1 0 0 1 0 1
          0 1 0 1 1 1
          1 1 0 0 1 1
          0 0 0 0 1 1
          1 1 1 0 1 0
          0 0 1 1 1 1
          1 1 1 1 0 0
          0 1 1 0 1 0
          0 0 1 0 0 1
          1 0 1 0 0 0
          1 1 0 0 1 0
          0 0 1 0 1 4
          0 1 1 0 1 0
          0 0 0 0 0 1
          1 0 0 1 0 1
          0 0 1 0 1 1
          1 0 1 1 1 1
          0 0 0 1 1 0
          0 0 1 1 1 0
          1 1 1 0 0 1
          1 1 0 1 1 1
          0 1 0 1 0 0
          1 0 0 0 0 0
          1 0 0 1 0 1
          1 1 1 0 1 1
          1 0 0 0 1 4
          0 0 0 1 1 1
          0 1 1 0 1 0
          1 0 1 0 0 1
          1 0 0 1 1 1
          0 0 0 1 0 0
          1 1 0 0 0 1
          0 0 1 0 0 1
          1 0 0 0 0 1
          0 0 0 0 1 1
          1 0 0 1 0 0
          1 0 0 1 0 0
          1 1 1 1 0 0
          1 0 1 0 1 0
          1 1 0 1 1 0
          1 1 1 0 0 0
          1 1 1 1 0 1
          1 1 0 1 1 1
          1 0 1 0 0 0
          0 1 1 1 0 1
          1 0 1 1 0 1
          0 0 0 1 1 1
          0 1 0 0 0 1
          0 1 1 0 0 0
          0 0 0 1 0 0
          1 0 0 0 1 1
          0 0 0 0 1 0
          0 1 0 0 1 0
          1 0 1 1 0 0
          1 0 1 1 1 0
          0 4 0 0 1 1
          1 0 0 1 0 0
          0 0 0 1 0 0
          0 1 1 0 0 0
          0 1 0 0 1 1
          0 0 1 0 1 1
          1 1 0 0 1 1
          0 1 0 1 0 1
          0 0 0 1 1 1
          1 1 0 0 1 1
          0 1 0 0 4 1
          1 0 0 0 0 0
          1 0 1 1 1 0
          0 0 0 0 0 1
          0 0 1 0 1 0
          1 0 1 0 1 0
          0 1 0 1 1 0
          1 0 1 1 0 1
          1 1 0 1 0 0
          0 0 1 1 1 1
          0 1 1 0 1 0
          0 1 0 0 0 0
          0 1 0 0 1 0
          0 1 0 1 0 0
          0 0 1 0 0 1
          1 1 1 0 1 0
          1 1 0 1 0 1
          1 0 1 0 1 1
          0 1 0 0 0 0
          0 1 1 1 1 1
          1 0 1 0 1 0
          1 1 1 1 0 1
          0 1 0 1 1 1
          1 1 0 0 0 1
          0 0 1 0 0 1
          1 1 1 0 0 0
          0 1 0 0 0 0
          0 0 1 0 1 0
          0 0 0 1 1 1
          0 1 0 0 0 1
          1 0 1 4 0 1
          1 0 1 1 0 0
          1 0 1 0 0 1
          0 1 0 1 0 1
          1 0 1 0 1 0
          0 1 1 1 0 0
          1 1 1 1 1 0
          1 1 1 0 1 0
          0 1 1 0 1 0
          0 0 0 1 1 0
          1 1 1 1 1 1
          0 1 0 0 0 1
          1 1 1 1 1 0
          0 0 0 0 0 1
          1 1 1 1 0 1
          0 1 0 1 0 1
          1 0 0 1 0 1
          1 0 0 0 1 1
          0 0 0 1 0 0
          1 0 0 1 0 1
          0 1 1 1 1 1
          1 0 1 1 1 1
          1 1 0 0 1 0
          1 0 1 1 0 1
          1 0 1 0 1 0
          1 0 1 0 1 0
          1 1 0 0 1 0
          0 1 1 1 0 0
          1 1 1 1 1 1
          1 1 1 1 0 0
          0 1 0 1 1 0
          0 0 1 0 4 0
          1 1 1 1 0 1
          0 0 0 0 0 1
          0 0 0 0 1 1
          0 1 0 1 1 1
          1 1 1 0 1 1
          1 0 1 1 1 0
          1 0 1 0 4 1
          1 0 0 1 0 1
          0 1 1 1 0 1
          1 1 0 1 1 1
          0 1 0 1 1 1
          0 1 1 0 1 0
          1 0 0 1 0 0
          1 1 0 1 1 1
          1 0 0 0 1 0
          0 1 1 1 1 0
          0 0 1 0 0 1
          1 0 0 0 0 0
          0 1 0 0 0 1
          0 0 1 1 0 0
          0 1 1 1 0 1
          1 0 1 1 1 0
          0 1 1 1 0 0
          1 1 0 1 1 0
          1 1 1 1 0 0
          1 1 1 1 0 1
          0 0 1 1 1 1
          1 0 1 1 1 1
          1 1 0 0 0 1
          0 1 0 1 0 0
          0 1 0 1 1 1
          1 1 1 1 1 1
          1 1 1 0 0 0
          0 0 1 1 1 1
          0 1 1 1 0 0
          0 1 1 1 1 1
          0 0 0 0 0 4
          0 0 1 0 0 0
          0 0 0 0 1 0
          1 0 1 0 0 0
          1 0 0 1 1 1
          1 1 0 1 1 0
          0 0 0 1 1 1
          0 1 1 1 1 0
          0 1 0 0 0 0
          0 1 1 0 1 0
          1 0 1 0 0 1
          1 1 0 0 0 1
          1 0 1 1 1 0
          1 0 0 1 0 0
          0 1 0 1 1 0
          0 0 0 1 1 0
          0 1 0 1 1 1
          1 1 0 1 0 1
          1 1 0 1 0 0
          1 0 0 1 1 0
          1 1 0 0 1 1
          1 0 1 0 0 0
          0 1 0 0 1 1
          1 1 1 0 0 0
          0 0 1 0 1 1
          1 1 1 1 1 1
          1 1 0 0 1 1
          0 1 0 0 1 1
          1 1 0 1 0 1
          1 1 1 1 1 1
          0 0 0 1 0 0
          1 1 0 0 0 0
          1 1 0 0 1 1
          1 1 0 0 0 1
          0 1 0 0 1 0
          1 0 1 1 1 0
          0 1 1 0 1 0
          1 1 0 1 0 0
          0 0 0 1 1 1
          1 0 1 0 0 0
          0 1 1 0 0 1
          1 1 1 0 1 1
          0 0 0 1 1 1
          0 1 1 1 0 1
          1 0 1 1 0 0
          1 0 0 1 0 0
          1 1 0 0 0 0
          0 1 0 0 1 1
          0 1 1 1 1 1
          0 1 1 0 0 0
          0 1 0 1 1 0
          0 1 1 0 0 0
          1 0 0 1 0 0
          0 0 0 1 1 0
          1 0 1 1 0 0
          1 0 0 1 1 1
          1 0 1 1 1 0
          1 1 0 1 0 1
          1 1 0 1 0 1
          0 1 1 0 0 1
          0 1 0 0 0 0
          0 0 0 0 0 0
          1 1 1 1 0 1
          1 1 1 1 0 0
          1 0 1 1 1 1
          1 0 0 0 1 1
          0 1 0 0 0 1
          0 1 0 1 1 1
          0 0 0 1 1 0
          0 1 1 1 0 0
          0 0 1 1 1 1
          0 1 1 0 0 0
          1 1 1 1 1 0
          1 1 1 0 0 1
          1 0 1 0 1 0
          1 1 0 1 3
        </DataArray>
        <DataArray type="Int32" Name="RegionSize" format="ascii" RangeMin="0" RangeMax="235">
          6 1 2 0 0 0
          20 3 3 4 0 0
          7 2 5 0 9 7
          5 25 5 5 0 0
          6 1 3 6 0 0
          12 1 7 4 8 0
          1 2 26 5 2 11
          5 1 5 0 2 1
          1 1 0 10 2 0
          5 4 1 0 5 0
          7 8 18 7 6 4
          8 0 0 4 0 7
          6 2 0 1 4 4
          0 2 3 3 2 0
          19 27 0 0 0 3
          0 2 0 0 0 0
          2 4 0 0 20 2
          0 3 0 1 2 0
          0 10 2 12 2 2
          3 1 6 0 37 1
          2 0 5 1 3 1
          0 13 1 1 0 6
          20 12 2 5 0 0
          0 0 11 0 3 0
          7 0 6 0 11 0
          1 7 3 0 8 0
          0 0 1 0 0 0
          1 0 0 21 18 2
          1 1 6 1 2 9
          0 2 0 2 9 1
          6 14 11 0 7 4
          4 4 4 0 57 1
          0 2 1 1 0 1
          2 2 2 0 2 0
          0 2 2 4 1 1
          0 5 0 1 2 0
          2 2 4 3 0 0
          5 24 1 0 0 0
          9 6 2 0 8 2
          0 1 13 0 1 0
          14 5 3 0 0 1
          3 6 0 1 7 1
          9 5 2 0 1 0
          19 7 1 1 2 17
          1 0 6 1 3 0
          2 15 0 5 1 0
          1 21 7 0 4 0
          18 2 5 27 2 6
          11 0 45 0 0 0
          3 1 1 0 0 4
          1 7 6 12 0 1
          1 1 0 1 2 2
          0 1 10 2 1 0
          2 2 1 18 53 27
          8 7 0 1 0 2
          8 1 0 27 38 18
          0 1 3 0 18 8
          5 0 15 0 29 45
          0 5 2 0 16 1
          7 3 2 1 8 0
          6 1 8 0 0 24
          17 0 7 0 3 6
          2 3 9 0 0 0
          3 45 10 5 53 27
          0 7 16 0 1 1
          0 0 2 7 1 5
          1 24 2 3 4 0
          5 0 1 0 0 0
          20 0 0 6 0 9
          6 0 0 0 32 3
          0 1 6 0 3 3
          0 1 0 23 44 0
          9 0 5 0 0 4
          5 0 2 4 0 1
          2 0 0 1 16 2
          4 15 1 1 0 0
          0 1 4 38 10 14
          0 0 24 0 6 0
          0 17 11 0 0 2
          0 11 0 5 8 8
          1 0 4 6 0 0
          0 12 0 3 0 0
          4 0 8 1 0 3
          3 11 14 0 8 0
          1 24 7 60 4 0
          3 7 9 0 0 0
          0 43 1 1 14 0
          21 0 0 11 21 0
          14 3 5 1 18 0
          55 12 1 0 12 0
          19 2 1 4 2 0
          2 8 0 0 0 4
          29 69 0 1 2 84
          0 26 5 0 4 1
          5 1 1 0 21 7
          3 1 23 1 0 1
          1 0 16 0 7 21
          4 0 2 5 4 0
          2 0 1 5 0 36
          6 5 16 2 0 0
          2 4 0 0 9 0
          0 6 0 2 0 1
          13 6 4 3 1 8
          6 1 1 1 39 6
          36 7 0 1 5 23
          20 0 0 0 4 5
          1 22 0 2 6 0
          0 1 1 8 6 1
          33 3 2 3 0 0
          6 2 0 0 21 1
          14 0 0 1 13 7
          0 6 0 4 3 0
          1 0 3 5 3 1
          1 0 4 5 1 1
          0 0 31 15 3 25
          5 2 0 1 4 1
          0 61 30 0 4 1
          1 3 8 10 0 0
          1 8 1 2 1 0
          1 26 1 0 34 0
          2 19 4 0 6 1
          0 1 6 7 0 65
          6 2 0 0 1 1
          5 7 0 12 2 14
          3 0 3 2 4 2
          4 21 1 0 8 0
          20 2 1 0 0 0
          4 0 8 0 0 0
          0 3 35 2 12 0
          7 0 3 3 0 0
          0 0 16 3 6 0
          28 0 9 0 0 17
          1 2 2 156 0 41
          3 3 1 3 23 3
          2 1 3 0 1 0
          0 0 4 2 19 2
          0 9 0 1 24 7
          1 2 62 0 0 33
          5 0 1 3 1 3
          1 4 0 1 0 0
          0 0 0 9 3 7
          6 4 11 0 1 0
          4 1 1 29 14 0
          4 2 2 0 0 0
          2 0 6 16 7 1
          1 0 3 5 13 2
          1 1 0 5 0 4
          0 0 5 2 1 0
          35 76 12 25 1 5
          3 1 2 1 0 5
          31 1 0 2 49 1
          1 3 1 3 0 1
          0 0 0 12 1 0
          2 2 8 0 0 1
          0 0 1 7 5 0
          2 3 0 0 2 27
          4 0 0 2 11 2
          0 9 0 0 1 0
          43 1 11 4 23 1
          0 7 0 6 8 3
          1 0 4 11 2 0
          25 0 0 20 19 10
          4 2 4 0 4 4
          10 4 16 0 11 1
          0 18 0 6 11 13
          0 9 9 20 1 2
          9 0 0 26 0 0
          1 25 0 0 4 3
          9 0 18 0 8 4
          1 13 8 5 45 9
          1 20 2 3 1 7
          0 0 0 17 43 2
          8 0 5 20 0 0
          7 0 7 5 4 77
          2 3 4 0 0 0
          10 8 0 18 0 3
          35 4 0 9 3 0
          0 5 0 0 42 0
          3 5 1 6 5 0
          53 58 9 1 0 0
          10 4 8 5 10 2
          0 3 0 0 2 0
          0 5 40 1 0 3
          7 0 16 0 0 0
          1 0 0 0 4 1
          7 0 45 5 0 0
          1 3 8 11 2 17
          2 0 0 11 4 0
          0 15 5 2 3 0
          0 0 1 0 18 0
          3 29 2 0 6 9
          39 10 9 1 1 3
          0 1 0 54 20 0
          13 0 0 0 9 3
          1 23 1 8 1 3
          40 0 1 8 1 1
          11 15 18 0 0 0
          11 0 1 18 11 0
          0 26 5 16 1 20
          1 4 0 1 4 7
          1 0 1 0 0 4
          1 8 18 2 10 12
          10 1 4 31 3 21
          0 0 1 0 1 0
          26 84 0 1 0 0
          10 2 9 0 138 0
          0 0 5 20 0 0
          0 0 4 0 9 0
          1 0 7 0 1 9
          7 1 6 4 0 6
          0 0 3 11 2 17
          2 0 17 0 2 32
          10 7 0 1 3 15
          1 1 0 31 0 0
          0 31 0 0 6 7
          5 4 41 12 1 12
          0 1 0 1 0 10
          1 10 0 7 0 5
          13 22 0 4 15 9
          62 1 51 0 0 1
          4 0 5 15 0 34
          2 1 43 2 0 2
          6 12 0 0 33 4
          5 1 37 0 0 3
          2 1 0 34 0 0
          18 0 0 3 6 22
          0 30 0 0 7 58
          3 28 0 3 5 57
          0 2 0 0 2 10
          30 0 41 0 0 3
          0 0 18 12 7 12
          3 30 32 0 1 0
          0 55 47 2 2 0
          2 0 72 0 0 3
          4 0 5 0 3 0
          0 10 1 0 19 0
          1 0 10 0 5 53
          2 1 63 2 15 0
          3 7 0 9 0 3
          42 0 7 5 0 34
          1 7 1 3 10 7
          0 0 16 3 35 0
          0 6 1 3 7 1
          0 0 6 20 2 0
          42 27 0 0 2 7
          7 16 6 22 16 32
          0 2 0 2 1 0
          26 6 13 0 2 2
          26 3 1 14 1 0
          77 14 25 0 1 0
          25 1 2 0 29 16
          4 4 2 10 23 19
          1 4 42 18 17 0
          28 3 31 2 3 31
          16 3 0 47 7 10
          0 1 1 15 6 0
          14 22 0 2 0 12
          1 1 10 0 1 19
          55 2 1 5 0 123
          1 1 0 0 7 0
          13 1 0 9 8 3
          3 0 0 26 1 0
          3 7 1 63 0 0
          5 1 0 0 18 0
          28 3 0 0 2 0
          0 9 9 1 0 3
          7 16 4 1 1 2
          100 22 0 6 10 3
          1 0 37 1 0 7
          5 16 0 34 4 15
          25 2 0 5 0 0
          0 0 0 122 14 2
          0 49 0 2 0 5
          0 15 0 8 0 1
          0 1 0 9 6 7
          12 1 1 0 76 2
          1 1 0 0 11 5
          0 12 0 0 4 0
          44 1 8 26 0 0
          2 0 1 15 70 2
          1 9 0 0 2 0
          25 3 0 10 0 0
          0 1 0 1 0 0
          8 0 44 0 3 3
          0 129 0 0 23 7
          1 0 15 1 3 10
          5 24 2 1 10 13
          1 11 0 1 0 16
          1 0 0 3 4 27
          0 3 0 0 8 9
          0 1 0 1 1 7
          34 0 0 0 0 0
          17 0 14 4 45 0
          0 0 2 0 1 2
          1 2 5 0 9 0
          14 5 3 0 1 0
          0 16 3 15 13 0
          1 0 6 1 0 26
          1 4 0 61 4 1
          0 0 13 2 0 8
          2 1 2 3 0 2
          1 24 0 0 0 0
          0 42 0 5 0 0
          0 1 4 60 0 1
          4 9 1 0 0 4
          3 17 3 1 1 0
          36 1 0 39 0 2
          1 0 17 3 14 7
          0 10 2 0 2 4
          0 8 22 1 1 80
          11 10 4 0 10 0
          1 12 7 9 10 2
          0 56 1 2 1 3
          2 0 0 0 0 4
          1 1 13 0 0 4
          11 82 9 0 0 0
          1 4 0 0 3 0
          0 0 20 0 1 0
          0 0 1 0 33 33
          0 7 0 0 1 9
          2 0 10 40 1 5
          13 4 29 18 0 0
          8 0 42 0 2 1
          0 2 1 4 0 0
          19 1 0 1 38 2
          4 10 2 7 4 0
          3 1 13 16 3 0
          1 6 26 0 31 0
          0 35 17 0 14 2
          0 0 1 0 9 0
          2 3 2 12 5 36
          0 15 0 1 0 25
          1 6 42 13 0 0
          3 0 0 0 1 40
          5 18 4 0 0 2
          1 5 6 1 0 78
          9 0 0 8 0 15
          29 0 0 0 9 33
          3 0 0 1 0 2
          12 0 2 28 0 8
          0 6 4 0 23 5
          1 0 13 14 9 3
          28 18 0 1 7 3
          28 3 21 26 0 3
          13 0 9 0 51 0
          11 0 47 0 11 1
          36 5 0 0 13 0
          6 11 16 45 2 9
          0 39 2 31 1 2
          18 1 0 22 8 1
          2 20 0 85 6 0
          2 0 3 0 42 0
          5 2 39 12 3 38
          0 0 1 0 0 69
          0 1 0 5 6 6
          2 6 1 9 23 0
          4 45 1 0 0 38
          8 0 56 1 1 4
          7 1 1 0 44 8
          4 0 0 0 2 4
          0 0 3 12 1 0
          44 1 0 10 21 40
          0 8 0 20 53 1
          0 15 4 1 4 0
          28 2 0 29 3 4
          0 2 6 14 18 72
          65 0 3 0 16 1
          0 1 51 23 3 1
          2 0 62 6 0 1
          108 5 0 0 0 7
          1 28 3 0 0 33
          0 0 104 0 4 0
          2 1 4 19 2 7
          24 1 0 0 56 0
          3 0 17 44 0 4
          3 13 0 0 6 0
          7 10 14 56 1 0
          34 7 51 9 1 79
          0 0 0 2 28 2
          22 1 8 157 2 5
          17 14 0 1 0 3
          0 78 0 14 0 0
          0 6 0 55 19 2
          4 0 3 9 3 3
          3 2 78 0 0 0
          3 0 2 6 3 10
          0 31 2 110 0 2
          4 10 26 1 15 70
          2 1 2 0 1 24
          0 0 235 0 2 0
          0 0 2 2 30 4
          17 1 40 0 0 2
          31 0 0 1 1 10
          0 2 0 0 39 0
          0 0 0 15 1 22
          0 12 80 3 9 0
          0 29 0 0 0 0
          1 5 12 1 0 1
          44 0 1 1 3 31
          1 33 0 0 1 0
          23 6 2 4 8 2
          41 1 0 28 0 0
          1 16 0 5 62 1
          0 0 1 2 0 2
          0 3 1 1 3 60
          20 2 0 28 0 10
          24 18 0 17 0 1
          62 1 0 12 11 1
          11 1 0 2 0 0
          51 1 83 0 0 0
          0 0 0 0 0 83
          0 3 6 0 0 2
          0 2 7 0 29 7
          6 2 6 5 11 21
          22 56 0 0 4 10
          0 15 1 0 15 27
          22 5 1 20 0 14
          36 27 1 69 40 24
          0 0 0 69 0 0
          9 32 1 1 0 0
          25 41 0 0 18 8
          1 53 4 0 1 19
          9 33 0 0 3 0
          33 0 20 13 29 0
          0 11 28 0 63 1
          48 0 0 138 0 0
          0 1 0 1 0 39
          5 0 55 0 6 0
          0 1 19 0 3 36
          60 0 0 0 0 49
          2 1 0 37 6 17
          0 18 25 3 0 2
          33 0 8 34 0 0
          50 0 4 70 0 1
          12 84 0 1 0 0
          6 30 0 15 0 31
          1 41 2 7 50 13
          0 17 50 0 1 2
          4 22 0 5 5 2
          0 15 31 0 1 0
          12 0 0 60 0 2
          0 2 2 2 19 2
          1 1 0 72 2 0
          2 4 0 13 2 3
          35 0 4 2 5 0
          9 37 0 4 1 58
          0 4 7 13 0 11
          1 27 51 0 1 4
          0 78 18 1 2 0
          0 7 8 1 0 0
          0 1 0 20 1 0
          5 4 19 0 0 0
          0 0 17 32 0 4
          41 3 17 3 3 37
          1 39 9 2 0 31
          0 16 0 14 0 26
          5 0 3 2 51 0
          1 6 2 58 6 1
          1 0 31 4 13 11
          1 12 44 1 0 5
          5 10 8 1 24 0
          0 23 41 0 4 40
          23 0 32 0 12 0
          5 48 0 58 58
        </DataArray>
        <DataArray type="Int32" Name="RegionSpan" format="ascii" RangeMin="1" RangeMax="154">
          2 1 1 1 1 2
          4 2 2 1 1 3
          4 1 1 1 1 2
          2 10 2 2 1 1
          6 1 2 2 1 1
          2 1 3 2 1 1
          2 1 5 5 1 3
          3 1 2 1 2 2
          6 1 1 2 1 1
          1 3 1 1 2 1
          2 5 12 4 3 2
          9 1 1 2 1 3
          3 1 1 1 5 2
          1 1 2 4 1 1
          8 16 1 1 1 4
          1 2 2 2 1 1
          1 6 1 1 8 4
          1 1 1 2 4 1
          2 4 2 6 7 2
          2 1 2 3 7 2
          1 1 11 1 2 1
          1 3 1 1 1 3
          3 3 2 2 1 1
          1 3 4 1 2 1
          6 1 3 1 5 1
          1 1 2 1 2 6
          1 1 1 1 1 1
          1 1 1 5 1 1
          14 1 3 4 1 5
          1 1 1 2 4 1
          15 7 3 2 3 3
          1 5 3 13 4 1
          2 1 1 2 1 2
          2 4 2 1 1 1
          1 2 2 5 1 1
          1 6 1 2 12 1
          1 3 2 6 1 1
          5 3 1 1 1 1
          10 2 4 3 14 1
          1 1 3 1 1 2
          12 1 7 2 1 1
          2 4 1 4 3 3
          10 2 2 13 2 1
          3 13 1 1 1 7
          3 5 10 1 2 1
          1 14 1 3 3 1
          1 1 2 1 2 1
          6 3 4 10 2 2
          2 1 14 1 1 1
          1 2 1 1 1 2
          20 11 20 11 1 2
          1 1 1 21 7 10
          1 4 18 1 2 6
          16 4 1 20 18 5
          4 1 1 1 1 3
          2 17 1 8 18 4
          1 1 1 1 3 3
          13 18 22 5 14 5
          1 1 1 1 10 2
          2 2 4 2 3 1
          2 1 5 1 1 12
          19 1 2 1 1 24
          2 10 17 1 1 1
          2 14 3 2 11 18
          1 5 3 1 2 5
          1 3 8 3 4 1
          1 20 2 1 2 1
          6 1 1 1 2 1
          1 1 1 17 1 5
          4 1 1 1 20 10
          1 1 28 1 2 1
          1 7 1 3 24 2
          2 1 9 1 1 2
          2 1 1 3 1 1
          2 1 2 9 14 2
          2 5 1 1 22 1
          1 1 2 12 1 13
          1 1 4 1 2 1
          1 24 4 1 1 2
          1 8 1 2 13 8
          1 1 8 1 1 1
          1 4 1 9 1 1
          1 1 18 2 1 1
          3 2 7 11 18 1
          1 4 12 16 5 1
          17 1 20 1 12 1
          1 17 1 1 11 4
          5 1 3 5 2 1
          15 1 10 1 9 1
          16 2 3 1 3 1
          16 5 2 1 4 1
          1 2 1 1 2 1
          6 13 1 2 14 9
          1 28 3 1 3 1
          2 1 2 1 2 4
          13 2 5 1 1 1
          2 1 13 1 3 23
          8 1 3 1 3 1
          1 1 1 21 1 31
          1 3 13 2 1 1
          2 3 1 1 5 1
          1 25 1 2 1 1
          32 9 29 1 4 7
          2 1 1 47 14 14
          20 17 1 1 2 3
          15 1 1 1 1 5
          1 4 1 1 2 1
          1 1 1 8 3 1
          4 1 1 23 1 1
          1 1 1 1 21 2
          16 1 1 16 3 2
          5 2 1 14 13 1
          2 1 13 4 1 3
          6 3 2 24 44 1
          18 4 6 18 5 4
          3 1 1 1 30 1
          1 28 39 1 1 2
          1 2 4 41 1 1
          1 17 1 2 1 1
          10 13 1 1 5 1
          1 21 5 1 1 1
          1 1 42 1 1 24
          2 1 1 1 2 1
          10 2 1 3 1 10
          1 13 9 1 2 10
          1 13 82 21 9 27
          56 1 1 1 1 12
          3 1 2 1 1 1
          1 1 3 2 21 1
          4 1 2 1 1 1
          1 3 4 2 2 1
          19 1 4 1 1 22
          1 1 2 24 1 23
          1 1 1 1 15 2
          1 1 5 1 1 2
          1 1 2 2 11 2
          1 15 1 1 7 2
          1 1 20 6 1 38
          5 1 2 2 2 2
          2 2 1 1 5 1
          1 1 1 1 1 3
          4 1 2 1 1 1
          5 2 37 23 2 1
          1 2 2 1 1 1
          2 1 2 13 2 2
          1 3 1 3 2 2
          1 1 24 12 1 13
          1 2 14 1 2 2
          3 25 12 3 2 5
          2 5 2 1 2 27
          5 3 1 17 11 1
          3 2 1 2 1 1
          1 3 2 8 1 1
          1 1 5 1 1 1
          1 1 2 5 8 1
          1 2 1 1 1 5
          1 1 1 2 10 2
          1 12 1 1 2 1
          10 2 3 2 25 7
          1 1 1 4 2 1
          9 1 28 3 30 1
          5 1 24 4 14 19
          3 2 7 4 21 5
          5 1 21 1 60 1
          1 4 1 4 1 10
          1 19 3 59 2 1
          24 1 1 3 1 6
          2 35 1 1 20 42
          50 1 23 1 2 8
          20 1 2 3 6 4
          7 32 2 3 2 4
          1 1 1 21 11 1
          3 1 5 15 1 1
          2 2 6 43 2 52
          1 1 6 1 1 5
          39 2 1 3 1 1
          20 2 2 5 1 1
          1 2 1 1 16 1
          3 3 22 4 1 1
          44 32 1 2 1 1
          6 2 2 3 5 2
          1 2 1 1 1 1
          58 43 29 1 1 1
          7 1 7 1 1 1
          3 1 3 1 1 1
          26 2 35 2 1 1
          1 5 5 17 1 28
          1 1 1 2 6 2
          1 11 5 1 22 1
          1 23 1 9 39 1
          2 26 1 1 34 6
          29 5 5 2 1 2
          2 1 3 46 7 1
          50 1 1 1 8 2
          1 48 2 2 2 50
          48 1 1 3 9 3
          29 10 21 1 4 2
          38 1 20 41 30 1
          1 30 44 25 2 59
          1 1 1 1 3 6
          1 1 19 1 1 9
          1 1 87 2 8 18
          5 1 4 57 2 56
          1 1 1 1 1 1
          27 54 1 1 1 1
          21 6 11 77 62 1
          1 1 7 19 1 1
          1 1 8 2 55 1
          1 65 75 1 2 73
          2 1 68 2 1 11
          1 1 69 22 1 54
          2 1 23 1 2 37
          3 4 1 1 2 3
          2 1 1 47 1 34
          1 63 1 2 8 1
          2 18 22 1 2 13
          1 2 1 3 1 16
          1 50 1 6 1 2
          2 52 123 138 45 3
          41 1 77 1 1 1
          43 1 18 26 1 18
          3 1 75 2 1 2
          2 1 1 1 67 1
          2 2 67 1 1 1
          2 1 1 67 1 1
          9 1 1 3 3 43
          1 66 1 46 9 24
          3 22 1 2 2 63
          1 1 1 1 9 16
          4 3 20 1 5 1
          1 1 8 46 2 84
          47 44 85 1 2 1
          1 14 56 1 2 1
          2 1 75 1 1 2
          34 1 14 1 1 1
          2 67 1 1 65 1
          1 1 32 1 2 45
          2 2 66 1 5 1
          1 3 1 1 1 7
          19 1 1 8 1 5
          2 2 3 2 18 59
          3 1 37 25 49 1
          1 4 1 42 70 1
          1 1 66 63 4 1
          42 20 1 1 2 62
          5 76 1 48 45 105
          1 2 1 4 1 1
          65 2 2 1 1 1
          92 1 2 5 1 1
          30 61 29 1 2 2
          15 1 1 1 3 27
          2 1 1 5 25 82
          1 62 46 3 24 1
          52 3 40 1 2 76
          72 3 1 57 7 7
          1 1 1 7 3 1
          27 43 1 2 1 29
          1 1 71 1 1 5
          114 1 1 2 1 48
          1 1 1 1 25 1
          55 2 1 15 3 1
          92 1 1 38 2 1
          5 88 3 21 1 1
          2 2 1 1 2 1
          23 1 1 2 5 1
          5 5 25 1 1 2
          14 38 10 7 2 10
          55 70 1 10 5 77
          28 1 48 1 1 2
          2 11 24 63 1 36
          22 1 3 28 1 3
          1 1 1 13 7 5
          1 52 1 1 1 6
          1 41 1 3 1 2
          1 1 1 13 2 2
          5 1 1 1 33 2
          1 1 1 1 3 2
          1 39 1 1 2 1
          39 1 14 9 1 1
          22 1 19 40 91 1
          1 2 1 1 1 1
          72 1 1 6 1 1
          1 1 1 2 1 1
          3 68 44 1 1 1
          1 86 1 1 62 11
          1 1 111 1 2 31
          5 59 2 1 59 10
          1 4 1 3 1 64
          1 1 1 30 55 23
          2 9 1 1 52 12
          1 2 1 1 2 2
          53 1 1 1 1 1
          2 1 66 111 11 1
          1 1 1 1 1 4
          1 2 2 1 76 1
          102 1 3 1 3 1
          1 16 1 3 102 1
          1 1 6 4 1 97
          20 1 1 88 1 1
          1 1 2 2 2 98
          1 23 29 1 51 2
          1 72 1 1 1 1
          1 107 1 2 1 1
          1 38 1 26 1 1
          2 2 1 1 1 87
          2 38 12 1 1 1
          2 4 1 50 1 13
          2 1 5 2 3 3
          1 5 2 1 1 2
          1 57 13 50 69 52
          46 2 35 1 75 1
          3 10 3 6 3 2
          1 98 1 2 2 23
          7 2 1 1 1 93
          2 1 44 1 1 2
          54 18 2 1 1 1
          1 2 1 1 3 1
          1 1 44 1 3 1
          1 1 2 3 28 108
          1 8 1 1 2 10
          5 1 10 52 1 2
          2 2 53 9 1 1
          15 1 19 1 2 3
          1 10 1 12 1 64
          56 2 1 1 60 1
          3 3 2 2 2 1
          2 2 93 12 2 1
          90 28 39 1 86 1
          1 11 13 1 40 3
          1 1 1 65 78 1
          58 100 32 29 39 28
          1 11 1 2 1 23
          1 4 86 4 1 1
          1 1 1 1 1 9
          129 100 2 2 1 3
          1 30 2 9 1 34
          67 1 1 2 1 5
          44 1 1 1 4 52
          2 1 1 4 1 3
          91 1 1 63 1 4
          1 79 6 85 127 3
          7 1 77 7 19 75
          94 92 1 1 76 2
          105 1 126 76 1 2
          87 1 30 1 110 1
          13 1 110 1 6 1
          112 3 1 1 130 1
          2 109 10 124 1 1
          2 130 2 145 1 7
          5 25 130 36 4 2
          2 51 1 51 31 1
          1 1 4 1 29 1
          2 2 36 12 2 41
          1 1 2 1 1 18
          1 1 1 3 24 7
          1 76 1 2 40 2
          6 39 2 1 78 108
          3 1 100 30 26 1
          4 1 12 1 81 3
          1 1 1 2 2 12
          1 2 24 53 1 33
          99 1 1 84 95 12
          1 5 1 3 30 2
          1 45 53 1 92 1
          54 2 1 64 1 2
          10 13 2 65 5 109
          15 1 1 1 55 1
          1 76 120 9 4 1
          2 1 65 1 1 26
          101 1 1 1 1 2
          1 65 1 1 1 52
          1 1 61 2 1 1
          2 78 68 68 2 55
          49 1 4 1 56 1
          1 1 88 95 1 2
          2 58 1 2 26 1
          26 4 52 53 1 1
          23 3 9 5 1 15
          1 1 3 7 34 6
          57 1 7 131 2 3
          16 5 1 1 1 68
          1 56 1 3 1 1
          1 48 1 45 3 26
          25 3 41 4 26 63
          38 29 58 1 1 1
          2 1 139 72 35 55
          1 114 8 28 1 2
          2 105 143 93 7 30
          1 1 1 1 1 28
          1 1 31 1 1 1
          1 1 2 1 14 2
          33 1 33 1 1 1
          48 1 1 2 121 92
          5 2 1 35 59 1
          1 1 1 54 2 11
          1 30 35 3 4 1
          1 11 1 1 1 1
          1 54 54 1 2 1
          21 1 3 1 1 30
          3 27 1 1 1 1
          29 2 2 40 144 2
          111 2 1 38 1 1
          1 76 1 77 78 1
          1 1 2 1 2 1
          1 54 1 103 101 49
          3 2 1 84 1 8
          87 24 1 78 1 1
          62 2 1 5 54 1
          85 3 1 2 2 33
          46 1 17 1 1 1
          1 3 1 1 4 61
          5 2 2 1 1 1
          1 1 2 1 23 19
          52 60 17 35 12 52
          55 150 1 1 2 111
          1 12 1 1 10 103
          154 2 1 17 1 52
          2 52 54 48 49 52
          1 1 1 70 1 1
          25 42 1 1 1 1
          107 106 1 1 5 43
          12 54 1 1 1 52
          3 55 1 1 54 1
          37 1 13 33 22 1
          1 56 49 1 16 1
          54 2 1 55 1 1
          1 2 1 9 64 61
          5 1 44 1 2 1
          1 1 23 1 2 53
          15 2 6 1 8 17
          2 1 1 56 55 22
          1 22 30 3 1 42
          11 1 58 58 1 1
          71 1 2 40 1 1
          5 25 1 1 1 1
          3 51 1 5 33 41
          1 56 2 15 49 5
          1 50 43 1 2 1
          2 45 1 35 18 2
          1 49 5 1 1 1
          37 1 1 39 1 2
          1 1 1 1 57 2
          3 2 3 6 1 1
          3 1 1 26 28 3
          25 1 22 6 20 1
          20 17 1 2 1 21
          2 2 3 7 1 4
          1 21 21 1 1 1
          1 2 4 1 2 1
          1 2 2 2 1 1
          2 1 15 23 1 1
          4 24 21 3 1 1
          7 1 17 17 2 17
          27 2 3 1 26 21
          2 2 3 1 1 18
          1 19 1 3 4 21
          2 1 2 13 10 1
          1 4 5 26 2 2
          1 1 21 3 10 11
          1 2 2 1 1 1
          17 27 10 3 24 1
          3 14 10 1 2 1
          12 1 3 1 4 1
          5 4 1 8 8
        </DataArray>
      </PointData>
      <CellData>
      </CellData>
      <Points>
        <DataArray type="Float32" Name="Points" NumberOfComponents="3" format="ascii" RangeMin="3" RangeMax="224.8599564173221">
          109 115 0 158 151 0
          111 117 0 158 153 0
          156 150 0 157 150 0
          158 152 0 148 135 0
          141 133 0 150 137 0
          106 117 0 107 116 0
          110 116 0 143 131 0
          133 5 0 106 113 0
          138 7 0 153 142 0
          130 6 0 106 114 0
          128 19 0 123 6 0
          159 147 0 153 148 0
          159 148 0 146 134 0
          151 158 0 113 9 0
          143 135 0 144 133 0
          127 16 0 144 134 0
          153 149 0 110 3 0
          113 13 0 126 6 0
          143 134 0 148 158 0
          102 151 0 132 6 0
          141 128 0 105 4 0
          143 132 0 159 156 0
          115 121 0 153 153 0
          127 6 0 149 137 0
          153 152 0 117 142 0
          159 159 0 135 150 0
          101 11 0 101 9 0
          136 15 0 158 156 0
          124 144 0 154 155 0
          159 83 0 110 10 0
          147 135 0 155 154 0
          125 6 0 149 159 0
          101 10 0 140 153 0
          159 158 0 130 20 0
          118 143 0 105 9 0
          114 2 0 126 18 0
          117 143 0 111 10 0
          109 9 0 111 12 0
          142 129 0 157 47 0
          103 13 0 111 6 0
          112 12 0 129 20 0
          157 79 0 151 152 0
          151 153 0 137 6 0
          155 144 0 156 78 0
          131 16 0 110 9 0
          132 152 0 102 13 0
          156 79 0 110 5 0
          105 12 0 130 152 0
          149 89 0 114 10 0
          113 4 0 123 143 0
          130 16 0 104 13 0
          150 90 0 100 7 0
          123 144 0 119 122 0
          108 4 0 143 153 0
          114 3 0 157 81 0
          137 19 0 145 133 0
          112 4 0 103 9 0
          120 22 0 131 152 0
          139 158 0 105 7 0
          108 9 0 125 141 0
          120 141 0 154 144 0
          153 145 0 159 48 0
          95 12 0 138 133 0
          135 12 0 150 89 0
          133 19 0 96 9 0
          132 21 0 128 134 0
          152 156 0 142 153 0
          135 158 0 121 153 0
          154 77 0 134 21 0
          153 76 0 117 122 0
          124 143 0 120 7 0
          142 140 0 134 14 0
          115 119 0 137 127 0
          82 137 0 133 153 0
          159 47 0 133 21 0
          132 153 0 78 136 0
          130 122 0 155 159 0
          91 148 0 139 133 0
          123 23 0 111 16 0
          140 139 0 118 4 0
          130 22 0 120 124 0
          159 94 0 134 13 0
          146 138 0 101 6 0
          120 142 0 143 81 0
          138 127 0 155 90 0
          135 14 0 133 152 0
          117 2 0 147 138 0
          128 152 0 97 10 0
          133 23 0 128 124 0
          129 152 0 148 154 0
          121 6 0 154 159 0
          158 58 0 154 76 0
          154 78 0 158 91 0
          159 53 0 119 124 0
          137 158 0 98 11 0
          111 15 0 156 88 0
          132 20 0 151 83 0
          152 80 0 133 22 0
          149 84 0 151 86 0
          94 148 0 131 21 0
          122 23 0 116 16 0
          98 146 0 120 118 0
          152 74 0 117 6 0
          124 127 0 135 21 0
          117 17 0 156 51 0
          147 84 0 140 156 0
          117 119 0 146 87 0
          124 22 0 143 151 0
          127 150 0 156 89 0
          117 109 0 136 11 0
          130 24 0 133 155 0
          133 154 0 116 120 0
          115 113 0 148 84 0
          144 149 0 122 147 0
          130 11 0 126 117 0
          152 75 0 147 85 0
          149 154 0 123 149 0
          145 150 0 149 79 0
          158 94 0 133 9 0
          150 84 0 130 23 0
          130 21 0 82 121 0
          153 90 0 144 151 0
          145 82 0 126 138 0
          120 157 0 145 149 0
          95 7 0 123 147 0
          144 82 0 155 51 0
          128 151 0 88 125 0
          153 79 0 152 140 0
          117 16 0 123 154 0
          158 52 0 132 9 0
          115 19 0 147 145 0
          83 148 0 147 153 0
          151 84 0 121 143 0
          152 81 0 145 144 0
          123 148 0 142 156 0
          122 2 0 115 16 0
          146 147 0 87 147 0
          123 153 0 128 139 0
          117 112 0 119 6 0
          150 70 0 95 145 0
          95 146 0 106 16 0
          141 157 0 126 126 0
          146 89 0 122 150 0
          129 158 0 157 39 0
          42 148 0 159 87 0
          145 85 0 79 147 0
          128 23 0 148 147 0
          121 11 0 112 0 0
          143 144 0 77 147 0
          147 147 0 78 147 0
          118 5 0 129 22 0
          116 2 0 138 151 0
          111 19 0 127 137 0
          126 156 0 137 146 0
          147 79 0 96 7 0
          129 124 0 115 18 0
          117 21 0 93 148 0
          118 21 0 153 53 0
          147 146 0 105 16 0
          111 18 0 146 144 0
          122 128 0 127 155 0
          118 3 0 119 118 0
          140 140 0 127 139 0
          123 116 0 108 17 0
          109 19 0 116 112 0
          73 148 0 146 148 0
          148 79 0 97 146 0
          130 156 0 123 128 0
          84 122 0 119 14 0
          69 142 0 154 94 0
          107 18 0 94 159 0
          159 86 0 110 19 0
          110 1 0 159 55 0
          147 80 0 154 53 0
          80 154 0 81 158 0
          73 143 0 115 23 0
          116 23 0 83 122 0
          112 157 0 109 153 0
          155 94 0 123 138 0
          126 140 0 104 19 0
          84 148 0 83 154 0
          79 137 0 68 141 0
          86 122 0 118 13 0
          144 144 0 122 118 0
          85 122 0 122 114 0
          124 116 0 123 2 0
          96 19 0 123 140 0
          105 19 0 75 151 0
          73 151 0 79 159 0
          133 134 0 120 10 0
          18 87 0 147 66 0
          125 150 0 157 90 0
          99 19 0 80 159 0
          155 34 0 99 47 0
          53 146 0 114 115 0
          50 147 0 75 150 0
          117 111 0 149 31 0
          76 147 0 108 22 0
          113 22 0 121 118 0
          69 141 0 130 146 0
          106 45 0 140 84 0
          74 151 0 138 45 0
          73 135 0 153 93 0
          51 146 0 100 114 0
          113 23 0 74 153 0
          70 144 0 140 83 0
          53 144 0 53 145 0
          98 19 0 124 159 0
          81 147 0 140 30 0
          154 93 0 136 146 0
          139 43 0 72 145 0
          144 139 0 140 45 0
          147 74 0 156 29 0
          139 45 0 80 148 0
          111 23 0 112 22 0
          120 155 0 70 143 0
          139 44 0 136 125 0
          74 152 0 157 74 0
          150 50 0 72 142 0
          107 51 0 124 26 0
          145 30 0 88 159 0
          120 114 0 78 154 0
          83 155 0 128 128 0
          121 114 0 82 147 0
          109 21 0 79 154 0
          73 146 0 74 134 0
          111 140 0 85 135 0
          101 114 0 75 144 0
          101 47 0 137 29 0
          83 93 0 123 26 0
          73 144 0 123 117 0
          150 72 0 138 139 0
          132 56 0 112 123 0
          96 113 0 150 73 0
          111 26 0 139 139 0
          149 72 0 103 23 0
          148 55 0 100 22 0
          134 129 0 74 144 0
          139 29 0 21 156 0
          124 158 0 148 76 0
          105 50 0 135 145 0
          107 153 0 103 43 0
          123 134 0 110 25 0
          129 120 0 98 130 0
          141 31 0 111 123 0
          104 24 0 141 30 0
          111 24 0 0 155 0
          131 147 0 100 47 0
          100 20 0 4 154 0
          140 29 0 66 80 0
          111 25 0 78 152 0
          89 148 0 136 44 0
          143 42 0 87 123 0
          119 128 0 156 74 0
          137 44 0 71 148 0
          135 129 0 149 48 0
          135 146 0 152 44 0
          71 147 0 101 24 0
          137 142 0 81 154 0
          103 48 0 129 0 0
          104 23 0 149 54 0
          151 50 0 128 119 0
          101 20 0 36 154 0
          68 127 0 101 23 0
          136 126 0 70 153 0
          95 16 0 94 1 0
          129 121 0 154 31 0
          102 24 0 135 33 0
          146 31 0 141 46 0
          53 137 0 48 146 0
          138 141 0 142 41 0
          112 125 0 155 30 0
          140 46 0 144 43 0
          112 141 0 23 105 0
          109 158 0 118 29 0
          104 49 0 140 70 0
          48 147 0 123 135 0
          145 40 0 153 39 0
          73 139 0 118 28 0
          139 79 0 71 153 0
          143 31 0 139 14 0
          155 39 0 148 41 0
          133 29 0 64 142 0
          110 49 0 133 128 0
          143 43 0 102 48 0
          123 114 0 144 34 0
          152 45 0 132 127 0
          101 112 0 100 1 0
          78 156 0 133 144 0
          114 124 0 96 0 0
          122 70 0 99 150 0
          146 33 0 108 47 0
          38 126 0 103 139 0
          95 0 0 148 43 0
          143 66 0 101 2 0
          108 140 0 76 156 0
          147 34 0 85 136 0
          140 64 0 129 42 0
          140 79 0 111 141 0
          142 64 0 109 29 0
          148 42 0 73 88 0
          127 0 0 147 39 0
          156 31 0 20 159 0
          99 112 0 127 119 0
          3 153 0 146 40 0
          142 34 0 146 50 0
          109 28 0 138 29 0
          102 112 0 143 50 0
          109 51 0 105 51 0
          105 102 0 23 158 0
          124 132 0 109 157 0
          138 14 0 132 145 0
          64 141 0 149 49 0
          108 150 0 75 159 0
          59 148 0 127 128 0
          125 132 0 127 39 0
          150 42 0 128 2 0
          104 97 0 146 34 0
          100 2 0 33 52 0
          145 44 0 133 127 0
          107 47 0 129 1 0
          156 64 0 145 43 0
          98 113 0 151 32 0
          146 42 0 1 152 0
          148 68 0 16 156 0
          133 42 0 157 64 0
          137 24 0 108 60 0
          86 7 0 121 133 0
          149 34 0 98 158 0
          76 158 0 68 137 0
          113 142 0 113 28 0
          113 48 0 149 42 0
          131 61 0 28 118 0
          143 34 0 71 83 0
          44 144 0 133 43 0
          148 34 0 95 22 0
          128 0 0 107 62 0
          158 41 0 128 39 0
          63 131 0 132 27 0
          135 29 0 20 158 0
          108 61 0 137 23 0
          70 137 0 95 125 0
          113 27 0 147 49 0
          110 157 0 96 21 0
          147 45 0 144 50 0
          112 49 0 132 139 0
          137 123 0 115 47 0
          124 130 0 78 93 0
          44 146 0 101 3 0
          98 114 0 120 135 0
          116 151 0 144 52 0
          69 157 0 3 154 0
          23 157 0 108 151 0
          66 148 0 1 156 0
          50 140 0 144 54 0
          118 72 0 84 89 0
          95 155 0 153 61 0
          136 124 0 67 148 0
          115 127 0 109 64 0
          131 133 0 129 52 0
          64 148 0 132 41 0
          109 48 0 106 60 0
          58 153 0 144 76 0
          140 72 0 130 34 0
          129 2 0 140 71 0
          43 146 0 153 37 0
          53 156 0 93 126 0
          70 134 0 99 27 0
          138 61 0 65 152 0
          50 141 0 75 93 0
          103 135 0 111 136 0
          11 155 0 114 47 0
          57 139 0 134 128 0
          122 133 0 38 61 0
          144 66 0 115 126 0
          32 114 0 121 135 0
          154 61 0 70 135 0
          70 156 0 98 0 0
          100 27 0 45 152 0
          144 74 0 80 94 0
          141 13 0 142 65 0
          144 77 0 118 70 0
          44 145 0 1 155 0
          137 52 0 155 42 0
          23 108 0 63 136 0
          57 149 0 66 131 0
          155 41 0 111 63 0
          2 156 0 137 54 0
          94 138 0 117 34 0
          137 59 0 91 126 0
          90 128 0 106 61 0
          65 148 0 90 142 0
          108 64 0 138 55 0
          136 31 0 138 54 0
          145 74 0 140 50 0
          92 142 0 109 140 0
          145 69 0 132 49 0
          118 71 0 131 139 0
          98 156 0 141 50 0
          20 105 0 73 108 0
          108 135 0 107 105 0
          66 152 0 81 93 0
          51 151 0 39 142 0
          129 53 0 143 26 0
          139 24 0 90 127 0
          98 154 0 13 155 0
          104 32 0 92 126 0
          104 44 0 154 26 0
          98 157 0 142 27 0
          96 156 0 18 158 0
          145 70 0 110 63 0
          118 68 0 107 67 0
          141 12 0 97 156 0
          116 32 0 64 137 0
          91 159 0 102 137 0
          25 102 0 108 91 0
          33 128 0 58 134 0
          116 33 0 70 103 0
          135 52 0 115 44 0
          83 91 0 140 25 0
          40 143 0 112 39 0
          81 113 0 134 52 0
          98 124 0 30 126 0
          90 126 0 98 140 0
          79 94 0 106 34 0
          137 53 0 111 159 0
          56 138 0 43 155 0
          153 28 0 116 31 0
          35 127 0 108 68 0
          125 32 0 102 138 0
          19 158 0 113 64 0
          133 50 0 115 42 0
          105 34 0 79 113 0
          85 42 0 99 153 0
          64 131 0 118 69 0
          108 34 0 107 68 0
          119 37 0 17 157 0
          139 26 0 8 155 0
          117 42 0 101 33 0
          111 158 0 92 143 0
          113 40 0 140 24 0
          120 32 0 133 49 0
          58 152 0 100 39 0
          138 59 0 12 155 0
          141 64 0 131 34 0
          94 155 0 94 125 0
          113 39 0 108 65 0
          123 36 0 2 152 0
          123 45 0 113 42 0
          80 113 0 88 144 0
          119 71 0 107 34 0
          100 32 0 51 139 0
          62 152 0 30 112 0
          10 154 0 134 82 0
          39 143 0 159 24 0
          101 37 0 60 143 0
          97 152 0 133 51 0
          115 45 0 113 63 0
          109 37 0 33 136 0
          132 69 0 115 43 0
          136 53 0 113 52 0
          100 33 0 102 96 0
          41 141 0 31 136 0
          90 155 0 103 136 0
          114 43 0 101 35 0
          101 34 0 112 150 0
          54 153 0 125 50 0
          153 10 0 106 31 0
          32 136 0 26 116 0
          107 137 0 73 103 0
          113 51 0 3 126 0
          88 134 0 51 150 0
          87 13 0 25 107 0
          93 130 0 126 51 0
          61 143 0 112 34 0
          124 79 0 102 34 0
          101 36 0 7 154 0
          82 114 0 82 113 0
          128 59 0 45 153 0
          150 9 0 107 57 0
          125 44 0 68 133 0
          134 48 0 52 131 0
          108 36 0 130 65 0
          77 93 0 116 40 0
          129 58 0 118 36 0
          14 155 0 107 138 0
          116 41 0 27 116 0
          119 32 0 113 41 0
          63 133 0 117 39 0
          31 113 0 33 132 0
          114 34 0 126 34 0
          55 153 0 24 117 0
          70 110 0 106 104 0
          69 82 0 40 142 0
          127 51 0 139 61 0
          92 156 0 126 50 0
          125 31 0 115 156 0
          23 107 0 84 108 0
          125 34 0 26 126 0
          114 136 0 8 86 0
          34 137 0 130 64 0
          86 11 0 130 58 0
          61 156 0 60 155 0
          60 134 0 54 154 0
          96 152 0 72 107 0
          101 38 0 106 148 0
          104 87 0 46 145 0
          40 151 0 60 154 0
          106 58 0 156 18 0
          124 38 0 103 97 0
          97 125 0 61 155 0
          73 107 0 98 137 0
          71 105 0 91 130 0
          113 72 0 108 88 0
          82 87 0 87 135 0
          141 71 0 82 98 0
          33 137 0 131 66 0
          73 105 0 93 156 0
          0 159 0 128 32 0
          150 17 0 86 13 0
          27 126 0 127 32 0
          71 113 0 88 12 0
          74 112 0 80 88 0
          98 141 0 134 73 0
          109 56 0 104 141 0
          107 136 0 25 117 0
          122 34 0 0 158 0
          99 43 0 136 75 0
          68 132 0 89 40 0
          21 105 0 108 57 0
          35 123 0 0 125 0
          113 60 0 55 122 0
          83 107 0 124 49 0
          124 50 0 153 22 0
          38 119 0 136 118 0
          88 133 0 23 103 0
          87 47 0 159 139 0
          92 155 0 123 34 0
          71 110 0 58 121 0
          128 79 0 81 111 0
          33 126 0 75 118 0
          83 108 0 118 60 0
          81 112 0 131 68 0
          135 37 0 23 112 0
          28 121 0 31 131 0
          3 158 0 153 24 0
          48 150 0 106 149 0
          67 129 0 111 68 0
          93 136 0 33 118 0
          112 61 0 68 106 0
          131 65 0 136 71 0
          68 98 0 155 22 0
          32 131 0 135 58 0
          94 136 0 129 77 0
          43 110 0 135 65 0
          134 58 0 73 112 0
          95 139 0 95 40 0
          98 42 0 120 40 0
          133 66 0 71 111 0
          33 134 0 108 55 0
          31 141 0 119 41 0
          120 77 0 69 99 0
          57 124 0 24 107 0
          29 121 0 98 43 0
          135 69 0 69 106 0
          114 135 0 68 82 0
          110 68 0 135 74 0
          60 130 0 136 81 0
          127 77 0 132 66 0
          137 58 0 148 26 0
          48 159 0 61 130 0
          112 57 0 143 21 0
          100 43 0 35 124 0
          134 38 0 26 115 0
          114 71 0 141 1 0
          128 78 0 145 12 0
          134 74 0 97 51 0
          131 70 0 40 146 0
          131 67 0 133 71 0
          137 71 0 32 139 0
          26 121 0 88 140 0
          157 25 0 69 98 0
          90 50 0 149 26 0
          63 159 0 128 77 0
          86 18 0 132 71 0
          152 25 0 77 116 0
          81 88 0 77 118 0
          33 139 0 74 116 0
          77 117 0 33 130 0
          135 70 0 157 22 0
          98 134 0 56 124 0
          98 138 0 38 138 0
          114 66 0 134 72 0
          65 158 0 85 39 0
          125 54 0 89 140 0
          98 51 0 3 157 0
          87 41 0 87 8 0
          84 16 0 98 61 0
          89 0 0 143 16 0
          69 83 0 26 120 0
          59 158 0 117 57 0
          115 60 0 39 62 0
          25 114 0 134 66 0
          82 16 0 1 125 0
          135 75 0 66 111 0
          81 89 0 31 140 0
          85 40 0 29 159 0
          58 123 0 117 151 0
          39 61 0 90 0 0
          115 75 0 122 74 0
          78 98 0 58 130 0
          47 112 0 66 103 0
          76 110 0 142 22 0
          48 133 0 37 131 0
          10 159 0 156 22 0
          58 131 0 26 114 0
          37 122 0 38 139 0
          115 130 0 98 63 0
          125 75 0 155 122 0
          73 91 0 122 73 0
          62 92 0 95 130 0
          123 75 0 43 114 0
          32 117 0 83 16 0
          126 54 0 127 47 0
          69 86 0 86 16 0
          116 74 0 38 133 0
          35 59 0 141 3 0
          107 89 0 45 112 0
          123 74 0 68 10 0
          70 15 0 26 123 0
          125 76 0 48 131 0
          85 17 0 124 75 0
          116 55 0 111 57 0
          103 158 0 35 140 0
          25 112 0 158 16 0
          153 23 0 155 23 0
          73 8 0 78 97 0
          144 14 0 88 48 0
          86 114 0 0 104 0
          67 16 0 100 62 0
          94 118 0 59 157 0
          63 96 0 126 47 0
          49 133 0 142 17 0
          79 5 0 38 132 0
          36 133 0 48 132 0
          92 42 0 28 158 0
          121 77 0 34 141 0
          63 94 0 68 110 0
          136 88 0 65 98 0
          81 5 0 63 92 0
          55 120 0 81 110 0
          77 107 0 67 102 0
          8 158 0 82 97 0
          103 130 0 99 62 0
          69 15 0 115 55 0
          35 141 0 158 140 0
          23 109 0 54 121 0
          68 100 0 62 81 0
          143 11 0 152 19 0
          46 132 0 38 113 0
          137 88 0 14 89 0
          101 63 0 96 130 0
          159 107 0 118 57 0
          63 95 0 118 76 0
          114 150 0 44 113 0
          153 133 0 80 5 0
          94 46 0 70 86 0
          40 155 0 108 109 0
          118 75 0 26 141 0
          10 158 0 121 65 0
          39 155 0 43 133 0
          105 130 0 159 126 0
          153 19 0 92 121 0
          53 124 0 145 13 0
          72 96 0 64 124 0
          76 99 0 147 62 0
          95 50 0 104 130 0
          96 58 0 67 98 0
          76 11 0 126 78 0
          71 118 0 109 109 0
          65 124 0 8 157 0
          47 132 0 72 117 0
          146 14 0 81 130 0
          105 89 0 145 14 0
          88 112 0 155 138 0
          15 86 0 75 10 0
          73 95 0 64 98 0
          54 124 0 87 48 0
          78 107 0 0 123 0
          85 45 0 69 118 0
          133 78 0 88 108 0
          89 49 0 134 77 0
          46 112 0 96 50 0
          95 118 0 50 134 0
          159 106 0 15 88 0
          146 4 0 153 125 0
          46 156 0 92 120 0
          152 21 0 148 125 0
          0 124 0 148 14 0
          3 131 0 75 5 0
          101 131 0 103 90 0
          106 86 0 88 113 0
          120 67 0 44 157 0
          97 41 0 71 120 0
          43 131 0 13 88 0
          14 88 0 98 55 0
          77 6 0 26 131 0
          145 6 0 153 123 0
          113 100 0 0 121 0
          26 130 0 80 19 0
          76 10 0 45 156 0
          133 100 0 105 87 0
          81 19 0 90 135 0
          16 86 0 41 63 0
          91 57 0 93 81 0
          120 55 0 145 106 0
          23 126 0 0 122 0
          70 118 0 127 111 0
          77 1 0 106 100 0
          63 82 0 103 89 0
          88 89 0 54 89 0
          62 82 0 67 120 0
          87 108 0 147 14 0
          93 44 0 146 61 0
          72 119 0 96 45 0
          119 55 0 147 61 0
          40 115 0 118 100 0
          66 115 0 108 108 0
          71 87 0 57 2 0
          70 95 0 89 42 0
          27 142 0 86 112 0
          152 10 0 89 52 0
          152 18 0 24 126 0
          154 123 0 30 145 0
          79 84 0 44 132 0
          37 59 0 102 156 0
          52 116 0 146 60 0
          38 114 0 50 158 0
          123 58 0 153 124 0
          88 54 0 44 111 0
          78 15 0 46 116 0
          148 12 0 32 63 0
          158 3 0 150 126 0
          63 117 0 24 134 0
          153 134 0 58 96 0
          66 90 0 3 129 0
          125 83 0 89 41 0
          90 42 0 69 96 0
          31 144 0 134 103 0
          88 53 0 78 5 0
          39 116 0 34 146 0
          98 78 0 45 130 0
          134 102 0 44 131 0
          58 68 0 69 1 0
          9 126 0 46 115 0
          65 114 0 79 14 0
          125 65 0 68 89 0
          25 135 0 44 67 0
          125 82 0 157 129 0
          124 58 0 122 62 0
          69 119 0 63 3 0
          143 120 0 157 17 0
          63 79 0 0 76 0
          3 135 0 34 145 0
          151 126 0 76 5 0
          90 55 0 40 112 0
          55 68 0 89 51 0
          9 121 0 120 50 0
          92 58 0 90 134 0
          93 52 0 19 126 0
          38 109 0 119 51 0
          19 113 0 48 119 0
          87 91 0 156 128 0
          7 124 0 90 56 0
          19 114 0 16 125 0
          126 86 0 97 84 0
          18 111 0 94 52 0
          80 39 0 60 97 0
          128 90 0 108 126 0
          133 117 0 157 128 0
          109 126 0 58 82 0
          46 121 0 54 128 0
          79 60 0 58 91 0
          64 116 0 58 3 0
          73 123 0 154 139 0
          0 130 0 17 116 0
          70 10 0 127 112 0
          58 2 0 39 112 0
          48 121 0 96 78 0
          97 78 0 53 3 0
          48 120 0 83 36 0
          40 63 0 20 122 0
          18 115 0 47 121 0
          89 104 0 59 97 0
          6 125 0 41 136 0
          75 8 0 41 115 0
          38 110 0 64 1 0
          33 148 0 79 128 0
          41 135 0 33 147 0
          83 5 0 2 129 0
          75 125 0 19 111 0
          21 121 0 77 13 0
          65 15 0 8 125 0
          158 127 0 126 64 0
          68 13 0 59 70 0
          83 37 0 55 5 0
          127 89 0 28 48 0
          10 91 0 3 134 0
          125 61 0 125 85 0
          148 123 0 60 81 0
          53 117 0 83 128 0
          56 68 0 80 40 0
          43 118 0 17 125 0
          42 137 0 45 120 0
          146 108 0 66 15 0
          59 69 0 46 120 0
          60 115 0 61 96 0
          15 105 0 18 140 0
          23 131 0 23 132 0
          21 131 0 20 126 0
          55 3 0 44 48 0
          16 121 0 104 82 0
          86 1 0 1 99 0
          158 118 0 60 116 0
          83 54 0 33 81 0
          72 123 0 5 100 0
          114 102 0 56 1 0
          77 124 0 56 2 0
          93 75 0 63 16 0
          57 89 0 21 141 0
          146 107 0 14 80 0
          79 11 0 44 117 0
          73 13 0 68 93 0
          127 90 0 12 124 0
          81 132 0 84 0 0
          79 12 0 87 0 0
          97 89 0 95 77 0
          42 138 0 101 101 0
          78 2 0 50 117 0
          64 16 0 37 107 0
          6 131 0 114 101 0
          157 120 0 21 136 0
          95 78 0 56 89 0
          89 105 0 48 53 0
          123 87 0 8 124 0
          17 119 0 13 106 0
          99 82 0 60 102 0
          60 15 0 57 90 0
          3 119 0 120 105 0
          112 96 0 18 118 0
          78 86 0 123 110 0
          14 122 0 83 58 0
          97 82 0 123 86 0
          33 150 0 93 85 0
          79 130 0 3 120 0
          158 115 0 100 83 0
          141 121 0 80 35 0
          14 106 0 33 149 0
          55 4 0 16 122 0
          49 124 0 51 68 0
          68 94 0 5 131 0
          97 92 0 15 122 0
          18 121 0 93 84 0
          11 106 0 19 121 0
          3 99 0 85 129 0
          158 135 0 83 127 0
          101 102 0 49 122 0
          158 119 0 156 120 0
          47 2 0 76 85 0
          61 102 0 13 123 0
          118 103 0 63 2 0
          93 78 0 29 152 0
          99 83 0 94 78 0
          22 131 0 12 119 0
          68 3 0 95 92 0
          108 95 0 19 131 0
          52 68 0 20 140 0
          59 92 0 123 111 0
          12 123 0 150 4 0
          73 15 0 14 129 0
          18 135 0 4 76 0
          55 98 0 104 84 0
          52 71 0 16 130 0
          149 126 0 91 75 0
          149 4 0 46 136 0
          20 131 0 43 71 0
          96 92 0 149 106 0
          97 83 0 18 130 0
          60 3 0 73 12 0
          88 70 0 149 107 0
          119 105 0 50 92 0
          61 3 0 50 90 0
          21 135 0 100 84 0
          58 15 0 22 141 0
          85 0 0 59 15 0
          18 91 0 72 16 0
          11 77 0 121 90 0
          21 143 0 129 92 0
          96 82 0 69 2 0
          19 140 0 108 96 0
          71 3 0 21 142 0
          12 120 0 93 97 0
          38 107 0 8 107 0
          123 91 0 85 128 0
          41 52 0 73 17 0
          31 98 0 19 136 0
          42 53 0 157 136 0
          60 5 0 3 81 0
          50 91 0 56 100 0
          96 101 0 56 98 0
          33 99 0 46 135 0
          85 55 0 10 130 0
          10 81 0 26 56 0
          42 52 0 46 1 0
          13 131 0 122 89 0
          60 2 0 73 16 0
          148 124 0 84 62 0
          13 130 0 58 115 0
          85 53 0 12 106 0
          33 159 0 20 135 0
          55 95 0 158 116 0
          92 75 0 23 48 0
          60 4 0 30 79 0
          95 80 0 98 89 0
          20 92 0 57 100 0
          149 102 0 157 124 0
          11 131 0 88 76 0
          82 62 0 56 95 0
          21 140 0 86 55 0
          122 91 0 80 36 0
          13 129 0 52 56 0
          58 116 0 130 105 0
          75 85 0 95 100 0
          18 129 0 153 128 0
          82 59 0 15 130 0
          74 35 0 96 100 0
          6 76 0 19 135 0
          56 6 0 19 90 0
          2 99 0 93 77 0
          32 159 0 5 76 0
          124 93 0 60 105 0
          52 97 0 109 94 0
          135 107 0 45 10 0
          16 105 0 90 85 0
          46 53 0 71 2 0
          60 104 0 114 103 0
          4 100 0 66 6 0
          111 78 0 155 118 0
          89 97 0 83 62 0
          63 8 0 146 112 0
          93 68 0 24 46 0
          89 72 0 13 78 0
          112 77 0 111 85 0
          129 91 0 39 104 0
          112 91 0 20 48 0
          120 95 0 148 104 0
          150 101 0 110 85 0
          133 94 0 28 153 0
          30 97 0 62 7 0
          129 108 0 52 70 0
          156 118 0 148 112 0
          157 123 0 11 130 0
          63 69 0 47 53 0
          3 76 0 83 76 0
          123 93 0 19 92 0
          93 90 0 15 137 0
          52 98 0 55 85 0
          38 105 0 90 73 0
          33 104 0 24 47 0
          92 94 0 55 6 0
          115 89 0 84 56 0
          65 5 0 93 65 0
          72 4 0 93 103 0
          89 71 0 118 88 0
          51 90 0 102 72 0
          25 150 0 65 4 0
          47 1 0 12 81 0
          40 68 0 40 105 0
          90 72 0 30 98 0
          82 60 0 111 91 0
          130 106 0 53 93 0
          99 92 0 10 106 0
          159 113 0 12 134 0
          11 134 0 91 68 0
          122 96 0 129 88 0
          62 68 0 96 73 0
          92 105 0 73 22 0
          6 110 0 13 76 0
          6 82 0 53 94 0
          118 102 0 11 136 0
          40 104 0 90 74 0
          118 87 0 35 158 0
          92 68 0 16 136 0
          5 117 0 122 94 0
          90 98 0 7 136 0
          130 95 0 133 93 0
          12 76 0 21 48 0
          7 109 0 135 105 0
          63 7 0 60 77 0
          137 97 0 48 3 0
          85 25 0 43 54 0
          95 87 0 90 86 0
          148 111 0 60 16 0
          43 53 0 13 77 0
          48 71 0 62 6 0
          42 102 0 121 96 0
          73 27 0 90 77 0
          84 78 0 94 86 0
          147 112 0 95 70 0
          35 105 0 47 3 0
          105 74 0 13 79 0
          95 69 0 140 105 0
          48 73 0 50 5 0
          65 6 0 86 25 0
          48 58 0 142 117 0
          73 60 0 32 98 0
          46 73 0 13 136 0
          60 78 0 125 95 0
          80 65 0 142 118 0
          46 101 0 83 78 0
          45 100 0 106 73 0
          30 49 0 97 73 0
          158 133 0 5 82 0
          42 64 0 28 84 0
          33 106 0 131 104 0
          44 71 0 102 71 0
          35 106 0 73 19 0
          12 92 0 56 76 0
          33 102 0 48 12 0
          109 97 0 47 87 0
          11 135 0 131 95 0
          0 80 0 46 100 0
          55 86 0 148 114 0
          140 106 0 138 105 0
          115 88 0 123 98 0
          33 55 0 135 95 0
          14 133 0 109 78 0
          45 53 0 103 79 0
          110 78 0 49 71 0
          48 6 0 93 95 0
          4 117 0 143 100 0
          26 94 0 66 2 0
          124 95 0 134 95 0
          78 50 0 75 72 0
          93 96 0 24 153 0
          90 97 0 148 113 0
          47 73 0 136 98 0
          46 11 0 41 66 0
          5 137 0 129 96 0
          40 79 0 53 76 0
          77 46 0 93 91 0
          7 99 0 144 99 0
          25 46 0 88 85 0
          18 46 0 28 82 0
          47 68 0 63 73 0
          93 94 0 57 74 0
          8 81 0 6 100 0
          122 99 0 48 72 0
          1 141 0 89 84 0
          61 73 0 9 99 0
          18 96 0 24 43 0
          139 99 0 78 44 0
          74 61 0 142 111 0
          85 28 0 68 35 0
          85 27 0 8 99 0
          13 99 0 79 51 0
          83 73 0 60 73 0
          138 99 0 28 83 0
          6 83 0 98 100 0
          55 76 0 75 39 0
          81 64 0 143 112 0
          29 81 0 137 107 0
          75 27 0 62 73 0
          34 61 0 19 43 0
          58 73 0 53 81 0
          9 89 0 8 112 0
          137 106 0 73 61 0
          75 38 0 29 55 0
          9 137 0 1 80 0
          11 141 0 3 78 0
          97 104 0 84 74 0
          62 74 0 86 75 0
          3 114 0 41 103 0
          8 111 0 49 5 0
          78 68 0 102 78 0
          25 43 0 98 104 0
          107 79 0 13 85 0
          53 74 0 28 56 0
          88 96 0 50 57 0
          17 83 0 79 67 0
          48 100 0 45 105 0
          12 139 0 19 78 0
          18 47 0 78 75 0
          59 10 0 59 11 0
          17 98 0 7 28 0
          17 82 0 12 91 0
          68 40 0 57 75 0
          1 101 0 4 113 0
          18 79 0 92 101 0
          26 90 0 78 70 0
          108 78 0 15 98 0
          8 96 0 53 75 0
          8 137 0 51 55 0
          48 5 0 72 56 0
          53 10 0 23 38 0
          76 37 0 13 33 0
          80 77 0 92 100 0
          81 76 0 71 42 0
          74 56 0 55 104 0
          76 56 0 28 67 0
          8 94 0 1 139 0
          65 62 0 82 72 0
          15 48 0 56 104 0
          80 70 0 24 39 0
          77 56 0 73 56 0
          55 14 0 6 96 0
          15 94 0 50 1 0
          83 72 0 20 44 0
          38 100 0 80 76 0
          28 96 0 73 43 0
          71 58 0 7 96 0
          16 48 0 152 1 0
          51 78 0 24 38 0
          71 35 0 152 0 0
          80 72 0 68 56 0
          80 71 0 75 56 0
          23 90 0 14 98 0
          44 106 0 63 65 0
          54 81 0 32 79 0
          78 69 0 36 101 0
          74 51 0 45 86 0
          81 73 0 16 98 0
          75 50 0 18 94 0
          63 61 0 70 58 0
          26 39 0 49 64 0
          8 95 0 5 97 0
          74 43 0 22 90 0
          48 65 0 138 109 0
          19 96 0 53 8 0
          46 86 0 64 61 0
          12 99 0 42 51 0
          150 115 0 7 141 0
          82 69 0 138 108 0
          125 100 0 82 68 0
          159 6 0 25 89 0
          75 53 0 49 77 0
          70 62 0 28 53 0
          21 99 0 76 52 0
          36 80 0 48 88 0
          62 65 0 70 41 0
          73 42 0 25 39 0
          49 76 0 71 61 0
          21 100 0 52 78 0
          26 92 0 20 150 0
          43 85 0 10 96 0
          13 36 0 40 55 0
          21 150 0 56 15 0
          43 86 0 76 72 0
          68 60 0 124 100 0
          10 97 0 17 93 0
          45 98 0 37 76 0
          55 32 0 45 99 0
          149 115 0 8 140 0
          63 64 0 69 60 0
          18 38 0 3 94 0
          8 71 0 67 62 0
          36 73 0 39 55 0
          73 71 0 66 38 0
          67 61 0 42 59 0
          1 92 0 3 23 0
          65 29 0 156 0 0
          8 31 0 35 95 0
          38 74 0 45 79 0
          42 60 0 33 74 0
          74 71 0 20 53 0
          71 65 0 6 24 0
          67 38 0 20 39 0
          124 102 0 2 93 0
          19 40 0 124 101 0
          159 5 0 156 1 0
          58 55 0 36 72 0
          71 64 0 4 24 0
          1 71 0 43 88 0
          56 60 0 17 39 0
          5 24 0 43 87 0
          8 69 0 37 77 0
          20 52 0 7 26 0
          13 34 0 83 83 0
          57 54 0 45 77 0
          3 70 0 0 70 0
          48 81 0 32 76 0
          30 70 0 34 73 0
          66 29 0 22 60 0
          2 71 0 63 32 0
          49 81 0 45 90 0
          0 71 0 1 110 0
          24 85 0 56 61 0
          8 70 0 45 89 0
          3 68 0 5 70 0
          32 72 0 57 55 0
          30 66 0 60 57 0
          3 69 0 21 38 0
          31 77 0 58 35 0
          154 1 0 0 23 0
          19 149 0 56 55 0
          30 42 0 85 82 0
          64 47 0 83 82 0
          9 37 0 7 73 0
          18 150 0 33 69 0
          9 143 0 63 30 0
          37 89 0 4 71 0
          31 71 0 38 95 0
          20 55 0 32 73 0
          6 31 0 64 29 0
          1 111 0 63 31 0
          10 37 0 8 29 0
          68 50 0 22 59 0
          28 42 0 7 31 0
          9 142 0 21 55 0
          30 75 0 3 72 0
          135 113 0 60 45 0
          51 10 0 66 48 0
          159 9 0 32 70 0
          31 75 0 69 68 0
          85 81 0 64 48 0
          0 91 0 24 68 0
          0 92 0 1 94 0
          34 96 0 17 33 0
          70 67 0 63 45 0
          8 41 0 67 49 0
          8 46 0 56 34 0
          69 51 0 7 35 0
          67 48 0 70 50 0
          63 46 0 4 23 0
          68 49 0 60 30 0
          26 63 0 57 30 0
          35 92 0 9 42 0
          35 91 0 10 70 0
          9 46 0 26 62 0
          28 43 0 37 95 0
          12 40 0 29 42 0
          2 23 0 9 71 0
          59 55 0 7 36 0
          8 50 0 67 67 0
          57 31 0 136 113 0
          61 43 0 61 30 0
          48 40 0 152 112 0
          62 42 0 68 51 0
          151 112 0 9 41 0
          0 35 0 18 34 0
          59 44 0 9 49 0
          61 44 0 59 45 0
          25 85 0 11 32 0
          59 30 0 11 42 0
          39 48 0 0 67 0
          63 35 0 63 34 0
          58 48 0 55 20 0
          1 67 0 26 67 0
          0 30 0 12 69 0
          4 48 0 22 71 0
          68 67 0 159 10 0
          58 43 0 49 41 0
          49 40 0 58 44 0
          23 70 0 11 70 0
          55 45 0 60 47 0
          62 52 0 60 46 0
          51 28 0 36 93 0
          12 71 0 60 49 0
          5 47 0 25 66 0
          59 48 0 1 33 0
          26 66 0 13 70 0
          38 48 0 53 30 0
          4 36 0 60 48 0
          5 36 0 53 36 0
          54 35 0 48 25 0
          55 19 0 1 34 0
          54 47 0 2 32 0
          50 45 0 50 24 0
          0 65 0 50 35 0
          0 40 0 56 44 0
          63 51 0 0 66 0
          50 25 0 51 46 0
          52 34 0 48 30 0
          43 25 0 11 53 0
          55 48 0 51 45 0
          11 52 0 42 21 0
          39 22 0 1 31 0
          52 46 0 54 48 0
          52 30 0 0 45 0
          49 24 0 53 31 0
          21 65 0 53 23 0
          40 3 0 56 48 0
          0 41 0 41 3 0
          53 21 0 52 23 0
          48 45 0 41 21 0
          39 1 0 23 63 0
          49 30 0 18 28 0
          54 20 0 1 44 0
          18 69 0 38 20 0
          40 1 0 0 50 0
          18 25 0 19 69 0
          45 45 0 33 40 0
          38 21 0 17 29 0
          53 40 0 44 28 0
          34 88 0 17 67 0
          40 43 0 1 49 0
          15 60 0 40 35 0
          35 88 0 16 60 0
          0 62 0 53 41 0
          44 27 0 1 62 0
          16 67 0 46 28 0
          2 54 0 43 23 0
          3 53 0 5 61 0
          8 60 0 48 19 0
          33 20 0 46 45 0
          38 25 0 4 62 0
          32 41 0 23 10 0
          8 58 0 39 24 0
          6 61 0 10 60 0
          33 1 0 15 24 0
          9 57 0 32 0 0
          43 40 0 43 41 0
          30 17 0 38 15 0
          11 61 0 45 18 0
          24 13 0 9 61 0
          10 61 0 32 18 0
          16 24 0 40 18 0
          30 18 0 48 18 0
          38 28 0 38 32 0
          33 18 0 22 29 0
          20 30 0 42 17 0
          19 30 0 39 40 0
          44 17 0 39 11 0
          42 42 0 35 21 0
          38 27 0 38 10 0
          18 27 0 38 31 0
          30 2 0 32 1 0
          43 32 0 21 30 0
          38 11 0 23 12 0
          30 31 0 38 17 0
          28 15 0 30 1 0
          18 15 0 40 10 0
          43 31 0 25 14 0
          20 13 0 25 13 0
          27 14 0 29 15 0
          23 0 0 33 6 0
          34 33 0 34 28 0
          40 8 0 33 11 0
          9 3 0 13 21 0
          38 8 0 35 5 0
          34 5 0 26 14 0
          27 15 0 35 28 0
          23 18 0 39 8 0
          36 5 0 38 9 0
          36 33 0 19 14 0
          35 3 0 29 13 0
          28 13 0 22 17 0
          21 11 0 36 3 0
          23 17 0 25 16 0
          33 32 0 0 15 0
          3 0 0 19 18 0
          32 5 0 13 23 0
          27 7 0 31 11 0
          27 23 0 29 28 0
          30 10 0 29 11 0
          28 10 0 29 29 0
          30 8 0 29 10 0
          31 7 0 27 9 0
          15 18 0 26 30 0
          3 17 0 25 30 0
          20 17 0 8 0 0
          24 22 0 8 1 0
          24 23 0 29 22 0
          18 5 0 19 8 0
          16 3 0 13 2 0
          3 19 0 12 3 0
          21 8 0 17 18 0
          16 5 0 15 2 0
          18 7 0 6 18 0
          19 1 0 1 11 0
          17 5 0 5 18 0
          27 1 0 17 3 0
          20 1 0 3 14 0
          2 14 0 1 17 0
          5 3 0 0 13 0
          10 13 0 1 13 0
          2 12 0 13 11 0
          14 11 0 12 9 0
          11 11 0 11 15 0
          10 15 0 12 10 0
          8 11 0 8 10 0
          0 7 0
          <InformationKey name="L2_NORM_RANGE" location="vtkDataArray" length="2">
            <Value index="0">
              3
            </Value>
            <Value index="1">
              224.85995642
            </Value>
          </InformationKey>
        </DataArray>
      </Points>
      <Cells>
        <DataArray type="Int64" Name="connectivity" format="ascii" RangeMin="0" RangeMax="2782">
          0 1 2 3 4 5
          6 7 8 9 10 11
          12 13 14 15 16 17
          18 19 20 21 22 23
          24 25 26 27 28 29
          30 31 32 33 34 35
          36 37 38 39 40 41
          42 43 44 45 46 47
          48 49 50 51 52 53
          54 55 56 57 58 59
          60 61 62 63 64 65
          66 67 68 69 70 71
          72 73 74 75 76 77
          78 79 80 81 82 83
          84 85 86 87 88 89
          90 91 92 93 94 95
          96 97 98 99 100 101
          102 103 104 105 106 107
          108 109 110 111 112 113
          114 115 116 117 118 119
          120 121 122 123 124 125
          126 127 128 129 130 131
          132 133 134 135 136 137
          138 139 140 141 142 143
          144 145 146 147 148 149
          150 151 152 153 154 155
          156 157 158 159 160 161
          162 163 164 165 166 167
          168 169 170 171 172 173
          174 175 176 177 178 179
          180 181 182 183 184 185
          186 187 188 189 190 191
          192 193 194 195 196 197
          198 199 200 201 202 203
          204 205 206 207 208 209
          210 211 212 213 214 215
          216 217 218 219 220 221
          222 223 224 225 226 227
          228 229 230 231 232 233
          234 235 236 237 238 239
          240 241 242 243 244 245
          246 247 248 249 250 251
          252 253 254 255 256 257
          258 259 260 261 262 263
          264 265 266 267 268 269
          270 271 272 273 274 275
          276 277 278 279 280 281
          282 283 284 285 286 287
          288 289 290 291 292 293
          294 295 296 297 298 299
          300 301 302 303 304 305
          306 307 308 309 310 311
          312 313 314 315 316 317
          318 319 320 321 322 323
          324 325 326 327 328 329
          330 331 332 333 334 335
          336 337 338 339 340 341
          342 343 344 345 346 347
          348 349 350 351 352 353
          354 355 356 357 358 359
          360 361 362 363 364 365
          366 367 368 369 370 371
          372 373 374 375 376 377
          378 379 380 381 382 383
          384 385 386 387 388 389
          390 391 392 393 394 395
          396 397 398 399 400 401
          402 403 404 405 406 407
          408 409 410 411 412 413
          414 415 416 417 418 419
          420 421 422 423 424 425
          426 427 428 429 430 431
          432 433 434 435 436 437
          438 439 440 441 442 443
          444 445 446 447 448 449
          450 451 452 453 454 455
          456 457 458 459 460 461
          462 463 464 465 466 467
          468 469 470 471 472 473
          474 475 476 477 478 479
          480 481 482 483 484 485
          486 487 488 489 490 491
          492 493 494 495 496 497
          498 499 500 501 502 503
          504 505 506 507 508 509
          510 511 512 513 514 515
          516 517 518 519 520 521
          522 523 524 525 526 527
          528 529 530 531 532 533
          534 535 536 537 538 539
          540 541 542 543 544 545
          546 547 548 549 550 551
          552 553 554 555 556 557
          558 559 560 561 562 563
          564 565 566 567 568 569
          570 571 572 573 574 575
          576 577 578 579 580 581
          582 583 584 585 586 587
          588 589 590 591 592 593
          594 595 596 597 598 599
          600 601 602 603 604 605
          606 607 608 609 610 611
          612 613 614 615 616 617
          618 619 620 621 622 623
          624 625 626 627 628 629
          630 631 632 633 634 635
          636 637 638 639 640 641
          642 643 644 645 646 647
          648 649 650 651 652 653
          654 655 656 657 658 659
          660 661 662 663 664 665
          666 667 668 669 670 671
          672 673 674 675 676 677
          678 679 680 681 682 683
          684 685 686 687 688 689
          690 691 692 693 694 695
          696 697 698 699 700 701
          702 703 704 705 706 707
          708 709 710 711 712 713
          714 715 716 717 718 719
          720 721 722 723 724 725
          726 727 728 729 730 731
          732 733 734 735 736 737
          738 739 740 741 742 743
          744 745 746 747 748 749
          750 751 752 753 754 755
          756 757 758 759 760 761
          762 763 764 765 766 767
          768 769 770 771 772 773
          774 775 776 777 778 779
          780 781 782 783 784 785
          786 787 788 789 790 791
          792 793 794 795 796 797
          798 799 800 801 802 803
          804 805 806 807 808 809
          810 811 812 813 814 815
          816 817 818 819 820 821
          822 823 824 825 826 827
          828 829 830 831 832 833
          834 835 836 837 838 839
          840 841 842 843 844 845
          846 847 848 849 850 851
          852 853 854 855 856 857
          858 859 860 861 862 863
          864 865 866 867 868 869
          870 871 872 873 874 875
          876 877 878 879 880 881
          882 883 884 885 886 887
          888 889 890 891 892 893
          894 895 896 897 898 899
          900 901 902 903 904 905
          906 907 908 909 910 911
          912 913 914 915 916 917
          918 919 920 921 922 923
          924 925 926 927 928 929
          930 931 932 933 934 935
          936 937 938 939 940 941
          942 943 944 945 946 947
          948 949 950 951 952 953
          954 955 956 957 958 959
          960 961 962 963 964 965
          966 967 968 969 970 971
          972 973 974 975 976 977
          978 979 980 981 982 983
          984 985 986 987 988 989
          990 991 992 993 994 995
          996 997 998 999 1000 1001
          1002 1003 1004 1005 1006 1007
          1008 1009 1010 1011 1012 1013
          1014 1015 1016 1017 1018 1019
          1020 1021 1022 1023 1024 1025
          1026 1027 1028 1029 1030 1031
          1032 1033 1034 1035 1036 1037
          1038 1039 1040 1041 1042 1043
          1044 1045 1046 1047 1048 1049
          1050 1051 1052 1053 1054 1055
          1056 1057 1058 1059 1060 1061
          1062 1063 1064 1065 1066 1067
          1068 1069 1070 1071 1072 1073
          1074 1075 1076 1077 1078 1079
          1080 1081 1082 1083 1084 1085
          1086 1087 1088 1089 1090 1091
          1092 1093 1094 1095 1096 1097
          1098 1099 1100 1101 1102 1103
          1104 1105 1106 1107 1108 1109
          1110 1111 1112 1113 1114 1115
          1116 1117 1118 1119 1120 1121
          1122 1123 1124 1125 1126 1127
          1128 1129 1130 1131 1132 1133
          1134 1135 1136 1137 1138 1139
          1140 1141 1142 1143 1144 1145
          1146 1147 1148 1149 1150 1151
          1152 1153 1154 1155 1156 1157
          1158 1159 1160 1161 1162 1163
          1164 1165 1166 1167 1168 1169
          1170 1171 1172 1173 1174 1175
          1176 1177 1178 1179 1180 1181
          1182 1183 1184 1185 1186 1187
          1188 1189 1190 1191 1192 1193
          1194 1195 1196 1197 1198 1199
          1200 1201 1202 1203 1204 1205
          1206 1207 1208 1209 1210 1211
          1212 1213 1214 1215 1216 1217
          1218 1219 1220 1221 1222 1223
          1224 1225 1226 1227 1228 1229
          1230 1231 1232 1233 1234 1235
          1236 1237 1238 1239 1240 1241
          1242 1243 1244 1245 1246 1247
          1248 1249 1250 1251 1252 1253
          1254 1255 1256 1257 1258 1259
          1260 1261 1262 1263 1264 1265
          1266 1267 1268 1269 1270 1271
          1272 1273 1274 1275 1276 1277
          1278 1279 1280 1281 1282 1283
          1284 1285 1286 1287 1288 1289
          1290 1291 1292 1293 1294 1295
          1296 1297 1298 1299 1300 1301
          1302 1303 1304 1305 1306 1307
          1308 1309 1310 1311 1312 1313
          1314 1315 1316 1317 1318 1319
          1320 1321 1322 1323 1324 1325
          1326 1327 1328 1329 1330 1331
          1332 1333 1334 1335 1336 1337
          1338 1339 1340 1341 1342 1343
          1344 1345 1346 1347 1348 1349
          1350 1351 1352 1353 1354 1355
          1356 1357 1358 1359 1360 1361
          1362 1363 1364 1365 1366 1367
          1368 1369 1370 1371 1372 1373
          1374 1375 1376 1377 1378 1379
          1380 1381 1382 1383 1384 1385
          1386 1387 1388 1389 1390 1391
          1392 1393 1394 1395 1396 1397
          1398 1399 1400 1401 1402 1403
          1404 1405 1406 1407 1408 1409
          1410 1411 1412 1413 1414 1415
          1416 1417 1418 1419 1420 1421
          1422 1423 1424 1425 1426 1427
          1428 1429 1430 1431 1432 1433
          1434 1435 1436 1437 1438 1439
          1440 1441 1442 1443 1444 1445
          1446 1447 1448 1449 1450 1451
          1452 1453 1454 1455 1456 1457
          1458 1459 1460 1461 1462 1463
          1464 1465 1466 1467 1468 1469
          1470 1471 1472 1473 1474 1475
          1476 1477 1478 1479 1480 1481
          1482 1483 1484 1485 1486 1487
          1488 1489 1490 1491 1492 1493
          1494 1495 1496 1497 1498 1499
          1500 1501 1502 1503 1504 1505
          1506 1507 1508 1509 1510 1511
          1512 1513 1514 1515 1516 1517
          1518 1519 1520 1521 1522 1523
          1524 1525 1526 1527 1528 1529
          1530 1531 1532 1533 1534 1535
          1536 1537 1538 1539 1540 1541
          1542 1543 1544 1545 1546 1547
          1548 1549 1550 1551 1552 1553
          1554 1555 1556 1557 1558 1559
          1560 1561 1562 1563 1564 1565
          1566 1567 1568 1569 1570 1571
          1572 1573 1574 1575 1576 1577
          1578 1579 1580 1581 1582 1583
          1584 1585 1586 1587 1588 1589
          1590 1591 1592 1593 1594 1595
          1596 1597 1598 1599 1600 1601
          1602 1603 1604 1605 1606 1607
          1608 1609 1610 1611 1612 1613
          1614 1615 1616 1617 1618 1619
          1620 1621 1622 1623 1624 1625
          1626 1627 1628 1629 1630 1631
          1632 1633 1634 1635 1636 1637
          1638 1639 1640 1641 1642 1643
          1644 1645 1646 1647 1648 1649
          1650 1651 1652 1653 1654 1655
          1656 1657 1658 1659 1660 1661
          1662 1663 1664 1665 1666 1667
          1668 1669 1670 1671 1672 1673
          1674 1675 1676 1677 1678 1679
          1680 1681 1682 1683 1684 1685
          1686 1687 1688 1689 1690 1691
          1692 1693 1694 1695 1696 1697
          1698 1699 1700 1701 1702 1703
          1704 1705 1706 1707 1708 1709
          1710 1711 1712 1713 1714 1715
          1716 1717 1718 1719 1720 1721
          1722 1723 1724 1725 1726 1727
          1728 1729 1730 1731 1732 1733
          1734 1735 1736 1737 1738 1739
          1740 1741 1742 1743 1744 1745
          1746 1747 1748 1749 1750 1751
          1752 1753 1754 1755 1756 1757
          1758 1759 1760 1761 1762 1763
          1764 1765 1766 1767 1768 1769
          1770 1771 1772 1773 1774 1775
          1776 1777 1778 1779 1780 1781
          1782 1783 1784 1785 1786 1787
          1788 1789 1790 1791 1792 1793
          1794 1795 1796 1797 1798 1799
          1800 1801 1802 1803 1804 1805
          1806 1807 1808 1809 1810 1811
          1812 1813 1814 1815 1816 1817
          1818 1819 1820 1821 1822 1823
          1824 1825 1826 1827 1828 1829
          1830 1831 1832 1833 1834 1835
          1836 1837 1838 1839 1840 1841
          1842 1843 1844 1845 1846 1847
          1848 1849 1850 1851 1852 1853
          1854 1855 1856 1857 1858 1859
          1860 1861 1862 1863 1864 1865
          1866 1867 1868 1869 1870 1871
          1872 1873 1874 1875 1876 1877
          1878 1879 1880 1881 1882 1883
          1884 1885 1886 1887 1888 1889
          1890 1891 1892 1893 1894 1895
          1896 1897 1898 1899 1900 1901
          1902 1903 1904 1905 1906 1907
          1908 1909 1910 1911 1912 1913
          1914 1915 1916 1917 1918 1919
          1920 1921 1922 1923 1924 1925
          1926 1927 1928 1929 1930 1931
          1932 1933 1934 1935 1936 1937
          1938 1939 1940 1941 1942 1943
          1944 1945 1946 1947 1948 1949
          1950 1951 1952 1953 1954 1955
          1956 1957 1958 1959 1960 1961
          1962 1963 1964 1965 1966 1967
          1968 1969 1970 1971 1972 1973
          1974 1975 1976 1977 1978 1979
          1980 1981 1982 1983 1984 1985
          1986 1987 1988 1989 1990 1991
          1992 1993 1994 1995 1996 1997
          1998 1999 2000 2001 2002 2003
          2004 2005 2006 2007 2008 2009
          2010 2011 2012 2013 2014 2015
          2016 2017 2018 2019 2020 2021
          2022 2023 2024 2025 2026 2027
          2028 2029 2030 2031 2032 2033
          2034 2035 2036 2037 2038 2039
          2040 2041 2042 2043 2044 2045
          2046 2047 2048 2049 2050 2051
          2052 2053 2054 2055 2056 2057
          2058 2059 2060 2061 2062 2063
          2064 2065 2066 2067 2068 2069
          2070 2071 2072 2073 2074 2075
          2076 2077 2078 2079 2080 2081
          2082 2083 2084 2085 2086 2087
          2088 2089 2090 2091 2092 2093
          2094 2095 2096 2097 2098 2099
          2100 2101 2102 2103 2104 2105
          2106 2107 2108 2109 2110 2111
          2112 2113 2114 2115 2116 2117
          2118 2119 2120 2121 2122 2123
          2124 2125 2126 2127 2128 2129
          2130 2131 2132 2133 2134 2135
          2136 2137 2138 2139 2140 2141
          2142 2143 2144 2145 2146 2147
          2148 2149 2150 2151 2152 2153
          2154 2155 2156 2157 2158 2159
          2160 2161 2162 2163 2164 2165
          2166 2167 2168 2169 2170 2171
          2172 2173 2174 2175 2176 2177
          2178 2179 2180 2181 2182 2183
          2184 2185 2186 2187 2188 2189
          2190 2191 2192 2193 2194 2195
          2196 2197 2198 2199 2200 2201
          2202 2203 2204 2205 2206 2207
          2208 2209 2210 2211 2212 2213
          2214 2215 2216 2217 2218 2219
          2220 2221 2222 2223 2224 2225
          2226 2227 2228 2229 2230 2231
          2232 2233 2234 2235 2236 2237
          2238 2239 2240 2241 2242 2243
          2244 2245 2246 2247 2248 2249
          2250 2251 2252 2253 2254 2255
          2256 2257 2258 2259 2260 2261
          2262 2263 2264 2265 2266 2267
          2268 2269 2270 2271 2272 2273
          2274 2275 2276 2277 2278 2279
          2280 2281 2282 2283 2284 2285
          2286 2287 2288 2289 2290 2291
          2292 2293 2294 2295 2296 2297
          2298 2299 2300 2301 2302 2303
          2304 2305 2306 2307 2308 2309
          2310 2311 2312 2313 2314 2315
          2316 2317 2318 2319 2320 2321
          2322 2323 2324 2325 2326 2327
          2328 2329 2330 2331 2332 2333
          2334 2335 2336 2337 2338 2339
          2340 2341 2342 2343 2344 2345
          2346 2347 2348 2349 2350 2351
          2352 2353 2354 2355 2356 2357
          2358 2359 2360 2361 2362 2363
          2364 2365 2366 2367 2368 2369
          2370 2371 2372 2373 2374 2375
          2376 2377 2378 2379 2380 2381
          2382 2383 2384 2385 2386 2387
          2388 2389 2390 2391 2392 2393
          2394 2395 2396 2397 2398 2399
          2400 2401 2402 2403 2404 2405
          2406 2407 2408 2409 2410 2411
          2412 2413 2414 2415 2416 2417
          2418 2419 2420 2421 2422 2423
          2424 2425 2426 2427 2428 2429
          2430 2431 2432 2433 2434 2435
          2436 2437 2438 2439 2440 2441
          2442 2443 2444 2445 2446 2447
          2448 2449 2450 2451 2452 2453
          2454 2455 2456 2457 2458 2459
          2460 2461 2462 2463 2464 2465
          2466 2467 2468 2469 2470 2471
          2472 2473 2474 2475 2476 2477
          2478 2479 2480 2481 2482 2483
          2484 2485 2486 2487 2488 2489
          2490 2491 2492 2493 2494 2495
          2496 2497 2498 2499 2500 2501
          2502 2503 2504 2505 2506 2507
          2508 2509 2510 2511 2512 2513
          2514 2515 2516 2517 2518 2519
          2520 2521 2522 2523 2524 2525
          2526 2527 2528 2529 2530 2531
          2532 2533 2534 2535 2536 2537
          2538 2539 2540 2541 2542 2543
          2544 2545 2546 2547 2548 2549
          2550 2551 2552 2553 2554 2555
          2556 2557 2558 2559 2560 2561
          2562 2563 2564 2565 2566 2567
          2568 2569 2570 2571 2572 2573
          2574 2575 2576 2577 2578 2579
          2580 2581 2582 2583 2584 2585
          2586 2587 2588 2589 2590 2591
          2592 2593 2594 2595 2596 2597
          2598 2599 2600 2601 2602 2603
          2604 2605 2606 2607 2608 2609
          2610 2611 2612 2613 2614 2615
          2616 2617 2618 2619 2620 2621
          2622 2623 2624 2625 2626 2627
          2628 2629 2630 2631 2632 2633
          2634 2635 2636 2637 2638 2639
          2640 2641 2642 2643 2644 2645
          2646 2647 2648 2649 2650 2651
          2652 2653 2654 2655 2656 2657
          2658 2659 2660 2661 2662 2663
          2664 2665 2666 2667 2668 2669
          2670 2671 2672 2673 2674 2675
          2676 2677 2678 2679 2680 2681
          2682 2683 2684 2685 2686 2687
          2688 2689 2690 2691 2692 2693
          2694 2695 2696 2697 2698 2699
          2700 2701 2702 2703 2704 2705
          2706 2707 2708 2709 2710 2711
          2712 2713 2714 2715 2716 2717
          2718 2719 2720 2721 2722 2723
          2724 2725 2726 2727 2728 2729
          2730 2731 2732 2733 2734 2735
          2736 2737 2738 2739 2740 2741
          2742 2743 2744 2745 2746 2747
          2748 2749 2750 2751 2752 2753
          2754 2755 2756 2757 2758 2759
          2760 2761 2762 2763 2764 2765
          2766 2767 2768 2769 2770 2771
          2772 2773 2774 2775 2776 2777
          2778 2779 2780 2781 2782
        </DataArray>
        <DataArray type="Int64" Name="offsets" format="ascii" RangeMin="1" RangeMax="2783">
          1 2 3 4 5 6
          7 8 9 10 11 12
          13 14 15 16 17 18
          19 20 21 22 23 24
          25 26 27 28 29 30
          31 32 33 34 35 36
          37 38 39 40 41 42
          43 44 45 46 47 48
          49 50 51 52 53 54
          55 56 57 58 59 60
          61 62 63 64 65 66
          67 68 69 70 71 72
          73 74 75 76 77 78
          79 80 81 82 83 84
          85 86 87 88 89 90
          91 92 93 94 95 96
          97 98 99 100 101 102
          103 104 105 106 107 108
          109 110 111 112 113 114
          115 116 117 118 119 120
          121 122 123 124 125 126
          127 128 129 130 131 132
          133 134 135 136 137 138
          139 140 141 142 143 144
          145 146 147 148 149 150
          151 152 153 154 155 156
          157 158 159 160 161 162
          163 164 165 166 167 168
          169 170 171 172 173 174
          175 176 177 178 179 180
          181 182 183 184 185 186
          187 188 189 190 191 192
          193 194 195 196 197 198
          199 200 201 202 203 204
          205 206 207 208 209 210
          211 212 213 214 215 216
          217 218 219 220 221 222
          223 224 225 226 227 228
          229 230 231 232 233 234
          235 236 237 238 239 240
          241 242 243 244 245 246
          247 248 249 250 251 252
          253 254 255 256 257 258
          259 260 261 262 263 264
          265 266 267 268 269 270
          271 272 273 274 275 276
          277 278 279 280 281 282
          283 284 285 286 287 288
          289 290 291 292 293 294
          295 296 297 298 299 300
          301 302 303 304 305 306
          307 308 309 310 311 312
          313 314 315 316 317 318
          319 320 321 322 323 324
          325 326 327 328 329 330
          331 332 333 334 335 336
          337 338 339 340 341 342
          343 344 345 346 347 348
          349 350 351 352 353 354
          355 356 357 358 359 360
          361 362 363 364 365 366
          367 368 369 370 371 372
          373 374 375 376 377 378
          379 380 381 382 383 384
          385 386 387 388 389 390
          391 392 393 394 395 396
          397 398 399 400 401 402
          403 404 405 406 407 408
          409 410 411 412 413 414
          415 416 417 418 419 420
          421 422 423 424 425 426
          427 428 429 430 431 432
          433 434 435 436 437 438
          439 440 441 442 443 444
          445 446 447 448 449 450
          451 452 453 454 455 456
          457 458 459 460 461 462
          463 464 465 466 467 468
          469 470 471 472 473 474
          475 476 477 478 479 480
          481 482 483 484 485 486
          487 488 489 490 491 492
          493 494 495 496 497 498
          499 500 501 502 503 504
          505 506 507 508 509 510
          511 512 513 514 515 516
          517 518 519 520 521 522
          523 524 525 526 527 528
          529 530 531 532 533 534
          535 536 537 538 539 540
          541 542 543 544 545 546
          547 548 549 550 551 552
          553 554 555 556 557 558
          559 560 561 562 563 564
          565 566 567 568 569 570
          571 572 573 574 575 576
          577 578 579 580 581 582
          583 584 585 586 587 588
          589 590 591 592 593 594
          595 596 597 598 599 600
          601 602 603 604 605 606
          607 608 609 610 611 612
          613 614 615 616 617 618
          619 620 621 622 623 624
          625 626 627 628 629 630
          631 632 633 634 635 636
          637 638 639 640 641 642
          643 644 645 646 647 648
          649 650 651 652 653 654
          655 656 657 658 659 660
          661 662 663 664 665 666
          667 668 669 670 671 672
          673 674 675 676 677 678
          679 680 681 682 683 684
          685 686 687 688 689 690
          691 692 693 694 695 696
          697 698 699 700 701 702
          703 704 705 706 707 708
          709 710 711 712 713 714
          715 716 717 718 719 720
          721 722 723 724 725 726
          727 728 729 730 731 732
          733 734 735 736 737 738
          739 740 741 742 743 744
          745 746 747 748 749 750
          751 752 753 754 755 756
          757 758 759 760 761 762
          763 764 765 766 767 768
          769 770 771 772 773 774
          775 776 777 778 779 780
          781 782 783 784 785 786
          787 788 789 790 791 792
          793 794 795 796 797 798
          799 800 801 802 803 804
          805 806 807 808 809 810
          811 812 813 814 815 816
          817 818 819 820 821 822
          823 824 825 826 827 828
          829 830 831 832 833 834
          835 836 837 838 839 840
          841 842 843 844 845 846
          847 848 849 850 851 852
          853 854 855 856 857 858
          859 860 861 862 863 864
          865 866 867 868 869 870
          871 872 873 874 875 876
          877 878 879 880 881 882
          883 884 885 886 887 888
          889 890 891 892 893 894
          895 896 897 898 899 900
          901 902 903 904 905 906
          907 908 909 910 911 912
          913 914 915 916 917 918
          919 920 921 922 923 924
          925 926 927 928 929 930
          931 932 933 934 935 936
          937 938 939 940 941 942
          943 944 945 946 947 948
          949 950 951 952 953 954
          955 956 957 958 959 960
          961 962 963 964 965 966
          967 968 969 970 971 972
          973 974 975 976 977 978
          979 980 981 982 983 984
          985 986 987 988 989 990
          991 992 993 994 995 996
          997 998 999 1000 1001 1002
          1003 1004 1005 1006 1007 1008
          1009 1010 1011 1012 1013 1014
          1015 1016 1017 1018 1019 1020
          1021 1022 1023 1024 1025 1026
          1027 1028 1029 1030 1031 1032
          1033 1034 1035 1036 1037 1038
          1039 1040 1041 1042 1043 1044
          1045 1046 1047 1048 1049 1050
          1051 1052 1053 1054 1055 1056
          1057 1058 1059 1060 1061 1062
          1063 1064 1065 1066 1067 1068
          1069 1070 1071 1072 1073 1074
          1075 1076 1077 1078 1079 1080
          1081 1082 1083 1084 1085 1086
          1087 1088 1089 1090 1091 1092
          1093 1094 1095 1096 1097 1098
          1099 1100 1101 1102 1103 1104
          1105 1106 1107 1108 1109 1110
          1111 1112 1113 1114 1115 1116
          1117 1118 1119 1120 1121 1122
          1123 1124 1125 1126 1127 1128
          1129 1130 1131 1132 1133 1134
          1135 1136 1137 1138 1139 1140
          1141 1142 1143 1144 1145 1146
          1147 1148 1149 1150 1151 1152
          1153 1154 1155 1156 1157 1158
          1159 1160 1161 1162 1163 1164
          1165 1166 1167 1168 1169 1170
          1171 1172 1173 1174 1175 1176
          1177 1178 1179 1180 1181 1182
          1183 1184 1185 1186 1187 1188
          1189 1190 1191 1192 1193 1194
          1195 1196 1197 1198 1199 1200
          1201 1202 1203 1204 1205 1206
          1207 1208 1209 1210 1211 1212
          1213 1214 1215 1216 1217 1218
          1219 1220 1221 1222 1223 1224
          1225 1226 1227 1228 1229 1230
          1231 1232 1233 1234 1235 1236
          1237 1238 1239 1240 1241 1242
          1243 1244 1245 1246 1247 1248
          1249 1250 1251 1252 1253 1254
          1255 1256 1257 1258 1259 1260
          1261 1262 1263 1264 1265 1266
          1267 1268 1269 1270 1271 1272
          1273 1274 1275 1276 1277 1278
          1279 1280 1281 1282 1283 1284
          1285 1286 1287 1288 1289 1290
          1291 1292 1293 1294 1295 1296
          1297 1298 1299 1300 1301 1302
          1303 1304 1305 1306 1307 1308
          1309 1310 1311 1312 1313 1314
          1315 1316 1317 1318 1319 1320
          1321 1322 1323 1324 1325 1326
          1327 1328 1329 1330 1331 1332
          1333 1334 1335 1336 1337 1338
          1339 1340 1341 1342 1343 1344
          1345 1346 1347 1348 1349 1350
          1351 1352 1353 1354 1355 1356
          1357 1358 1359 1360 1361 1362
          1363 1364 1365 1366 1367 1368
          1369 1370 1371 1372 1373 1374
          1375 1376 1377 1378 1379 1380
          1381 1382 1383 1384 1385 1386
          1387 1388 1389 1390 1391 1392
          1393 1394 1395 1396 1397 1398
          1399 1400 1401 1402 1403 1404
          1405 1406 1407 1408 1409 1410
          1411 1412 1413 1414 1415 1416
          1417 1418 1419 1420 1421 1422
          1423 1424 1425 1426 1427 1428
          1429 1430 1431 1432 1433 1434
          1435 1436 1437 1438 1439 1440
          1441 1442 1443 1444 1445 1446
          1447 1448 1449 1450 1451 1452
          1453 1454 1455 1456 1457 1458
          1459 1460 1461 1462 1463 1464
          1465 1466 1467 1468 1469 1470
          1471 1472 1473 1474 1475 1476
          1477 1478 1479 1480 1481 1482
          1483 1484 1485 1486 1487 1488
          1489 1490 1491 1492 1493 1494
          1495 1496 1497 1498 1499 1500
          1501 1502 1503 1504 1505 1506
          1507 1508 1509 1510 1511 1512
          1513 1514 1515 1516 1517 1518
          1519 1520 1521 1522 1523 1524
          1525 1526 1527 1528 1529 1530
          1531 1532 1533 1534 1535 1536
          1537 1538 1539 1540 1541 1542
          1543 1544 1545 1546 1547 1548
          1549 1550 1551 1552 1553 1554
          1555 1556 1557 1558 1559 1560
          1561 1562 1563 1564 1565 1566
          1567 1568 1569 1570 1571 1572
          1573 1574 1575 1576 1577 1578
          1579 1580 1581 1582 1583 1584
          1585 1586 1587 1588 1589 1590
          1591 1592 1593 1594 1595 1596
          1597 1598 1599 1600 1601 1602
          1603 1604 1605 1606 1607 1608
          1609 1610 1611 1612 1613 1614
          1615 1616 1617 1618 1619 1620
          1621 1622 1623 1624 1625 1626
          1627 1628 1629 1630 1631 1632
          1633 1634 1635 1636 1637 1638
          1639 1640 1641 1642 1643 1644
          1645 1646 1647 1648 1649 1650
          1651 1652 1653 1654 1655 1656
          1657 1658 1659 1660 1661 1662
          1663 1664 1665 1666 1667 1668
          1669 1670 1671 1672 1673 1674
          1675 1676 1677 1678 1679 1680
          1681 1682 1683 1684 1685 1686
          1687 1688 1689 1690 1691 1692
          1693 1694 1695 1696 1697 1698
          1699 1700 1701 1702 1703 1704
          1705 1706 1707 1708 1709 1710
          1711 1712 1713 1714 1715 1716
          1717 1718 1719 1720 1721 1722
          1723 1724 1725 1726 1727 1728
          1729 1730 1731 1732 1733 1734
          1735 1736 1737 1738 1739 1740
          1741 1742 1743 1744 1745 1746
          1747 1748 1749 1750 1751 1752
          1753 1754 1755 1756 1757 1758
          1759 1760 1761 1762 1763 1764
          1765 1766 1767 1768 1769 1770
          1771 1772 1773 1774 1775 1776
          1777 1778 1779 1780 1781 1782
          1783 1784 1785 1786 1787 1788
          1789 1790 1791 1792 1793 1794
          1795 1796 1797 1798 1799 1800
          1801 1802 1803 1804 1805 1806
          1807 1808 1809 1810 1811 1812
          1813 1814 1815 1816 1817 1818
          1819 1820 1821 1822 1823 1824
          1825 1826 1827 1828 1829 1830
          1831 1832 1833 1834 1835 1836
          1837 1838 1839 1840 1841 1842
          1843 1844 1845 1846 1847 1848
          1849 1850 1851 1852 1853 1854
          1855 1856 1857 1858 1859 1860
          1861 1862 1863 1864 1865 1866
          1867 1868 1869 1870 1871 1872
          1873 1874 1875 1876 1877 1878
          1879 1880 1881 1882 1883 1884
          1885 1886 1887 1888 1889 1890
          1891 1892 1893 1894 1895 1896
          1897 1898 1899 1900 1901 1902
          1903 1904 1905 1906 1907 1908
          1909 1910 1911 1912 1913 1914
          1915 1916 1917 1918 1919 1920
          1921 1922 1923 1924 1925 1926
          1927 1928 1929 1930 1931 1932
          1933 1934 1935 1936 1937 1938
          1939 1940 1941 1942 1943 1944
          1945 1946 1947 1948 1949 1950
          1951 1952 1953 1954 1955 1956
          1957 1958 1959 1960 1961 1962
          1963 1964 1965 1966 1967 1968
          1969 1970 1971 1972 1973 1974
          1975 1976 1977 1978 1979 1980
          1981 1982 1983 1984 1985 1986
          1987 1988 1989 1990 1991 1992
          1993 1994 1995 1996 1997 1998
          1999 2000 2001 2002 2003 2004
          2005 2006 2007 2008 2009 2010
          2011 2012 2013 2014 2015 2016
          2017 2018 2019 2020 2021 2022
          2023 2024 2025 2026 2027 2028
          2029 2030 2031 2032 2033 2034
          2035 2036 2037 2038 2039 2040
          2041 2042 2043 2044 2045 2046
          2047 2048 2049 2050 2051 2052
          2053 2054 2055 2056 2057 2058
          2059 2060 2061 2062 2063 2064
          2065 2066 2067 2068 2069 2070
          2071 2072 2073 2074 2075 2076
          2077 2078 2079 2080 2081 2082
          2083 2084 2085 2086 2087 2088
          2089 2090 2091 2092 2093 2094
          2095 2096 2097 2098 2099 2100
          2101 2102 2103 2104 2105 2106
          2107 2108 2109 2110 2111 2112
          2113 2114 2115 2116 2117 2118
          2119 2120 2121 2122 2123 2124
          2125 2126 2127 2128 2129 2130
          2131 2132 2133 2134 2135 2136
          2137 2138 2139 2140 2141 2142
          2143 2144 2145 2146 2147 2148
          2149 2150 2151 2152 2153 2154
          2155 2156 2157 2158 2159 2160
          2161 2162 2163 2164 2165 2166
          2167 2168 2169 2170 2171 2172
          2173 2174 2175 2176 2177 2178
          2179 2180 2181 2182 2183 2184
          2185 2186 2187 2188 2189 2190
          2191 2192 2193 2194 2195 2196
          2197 2198 2199 2200 2201 2202
          2203 2204 2205 2206 2207 2208
          2209 2210 2211 2212 2213 2214
          2215 2216 2217 2218 2219 2220
          2221 2222 2223 2224 2225 2226
          2227 2228 2229 2230 2231 2232
          2233 2234 2235 2236 2237 2238
          2239 2240 2241 2242 2243 2244
          2245 2246 2247 2248 2249 2250
          2251 2252 2253 2254 2255 2256
          2257 2258 2259 2260 2261 2262
          2263 2264 2265 2266 2267 2268
          2269 2270 2271 2272 2273 2274
          2275 2276 2277 2278 2279 2280
          2281 2282 2283 2284 2285 2286
          2287 2288 2289 2290 2291 2292
          2293 2294 2295 2296 2297 2298
          2299 2300 2301 2302 2303 2304
          2305 2306 2307 2308 2309 2310
          2311 2312 2313 2314 2315 2316
          2317 2318 2319 2320 2321 2322
          2323 2324 2325 2326 2327 2328
          2329 2330 2331 2332 2333 2334
          2335 2336 2337 2338 2339 2340
          2341 2342 2343 2344 2345 2346
          2347 2348 2349 2350 2351 2352
          2353 2354 2355 2356 2357 2358
          2359 2360 2361 2362 2363 2364
          2365 2366 2367 2368 2369 2370
          2371 2372 2373 2374 2375 2376
          2377 2378 2379 2380 2381 2382
          2383 2384 2385 2386 2387 2388
          2389 2390 2391 2392 2393 2394
          2395 2396 2397 2398 2399 2400
          2401 2402 2403 2404 2405 2406
          2407 2408 2409 2410 2411 2412
          2413 2414 2415 2416 2417 2418
          2419 2420 2421 2422 2423 2424
          2425 2426 2427 2428 2429 2430
          2431 2432 2433 2434 2435 2436
          2437 2438 2439 2440 2441 2442
          2443 2444 2445 2446 2447 2448
          2449 2450 2451 2452 2453 2454
          2455 2456 2457 2458 2459 2460
          2461 2462 2463 2464 2465 2466
          2467 2468 2469 2470 2471 2472
          2473 2474 2475 2476 2477 2478
          2479 2480 2481 2482 2483 2484
          2485 2486 2487 2488 2489 2490
          2491 2492 2493 2494 2495 2496
          2497 2498 2499 2500 2501 2502
          2503 2504 2505 2506 2507 2508
          2509 2510 2511 2512 2513 2514
          2515 2516 2517 2518 2519 2520
          2521 2522 2523 2524 2525 2526
          2527 2528 2529 2530 2531 2532
          2533 2534 2535 2536 2537 2538
          2539 2540 2541 2542 2543 2544
          2545 2546 2547 2548 2549 2550
          2551 2552 2553 2554 2555 2556
          2557 2558 2559 2560 2561 2562
          2563 2564 2565 2566 2567 2568
          2569 2570 2571 2572 2573 2574
          2575 2576 2577 2578 2579 2580
          2581 2582 2583 2584 2585 2586
          2587 2588 2589 2590 2591 2592
          2593 2594 2595 2596 2597 2598
          2599 2600 2601 2602 2603 2604
          2605 2606 2607 2608 2609 2610
          2611 2612 2613 2614 2615 2616
          2617 2618 2619 2620 2621 2622
          2623 2624 2625 2626 2627 2628
          2629 2630 2631 2632 2633 2634
          2635 2636 2637 2638 2639 2640
          2641 2642 2643 2644 2645 2646
          2647 2648 2649 2650 2651 2652
          2653 2654 2655 2656 2657 2658
          2659 2660 2661 2662 2663 2664
          2665 2666 2667 2668 2669 2670
          2671 2672 2673 2674 2675 2676
          2677 2678 2679 2680 2681 2682
          2683 2684 2685 2686 2687 2688
          2689 2690 2691 2692 2693 2694
          2695 2696 2697 2698 2699 2700
          2701 2702 2703 2704 2705 2706
          2707 2708 2709 2710 2711 2712
          2713 2714 2715 2716 2717 2718
          2719 2720 2721 2722 2723 2724
          2725 2726 2727 2728 2729 2730
          2731 2732 2733 2734 2735 2736
          2737 2738 2739 2740 2741 2742
          2743 2744 2745 2746 2747 2748
          2749 2750 2751 2752 2753 2754
          2755 2756 2757 2758 2759 2760
          2761 2762 2763 2764 2765 2766
          2767 2768 2769 2770 2771 2772
          2773 2774 2775 2776 2777 2778
          2779 2780 2781 2782 2783
        </DataArray>
        <DataArray type="UInt8" Name="types" format="ascii" RangeMin="1" RangeMax="1">
          1 1 1 1 1 1
          1 1 1 1 1 1
          1 1 1 1 1 1
          1 1 1 1 1 1
          1 1 1 1 1 1
          1 1 1 1 1 1
          1 1 1 1 1 1
          1 1 1 1 1 1
          1 1 1 1 1 1
          1 1 1 1 1 1
          1 1 1 1 1 1
          1 1 1 1 1 1
          1 1 1 1 1 1
          1 1 1 1 1 1
          1 1 1 1 1 1
          1 1 1 1 1 1
          1 1 1 1 1 1
          1 1 1 1 1 1
          1 1 1 1 1 1
          1 1 1 1 1 1
          1 1 1 1 1 1
          1 1 1 1 1 1
          1 1 1 1 1 1
          1 1 1 1 1 1
          1 1 1 1 1 1
          1 1 1 1 1 1
          1 1 1 1 1 1
          1 1 1 1 1 1
          1 1 1 1 1 1
          1 1 1 1 1 1
          1 1 1 1 1 1
          1 1 1 1 1 1
          1 1 1 1 1 1
          1 1 1 1 1 1
          1 1 1 1 1 1
          1 1 1 1 1 1
          1 1 1 1 1 1
          1 1 1 1 1 1
          1 1 1 1 1 1
          1 1 1 1 1 1
          1 1 1 1 1 1
          1 1 1 1 1 1
          1 1 1 1 1 1
          1 1 1 1 1 1
          1 1 1 1 1 1
          1 1 1 1 1 1
          1 1 1 1 1 1
          1 1 1 1 1 1
          1 1 1 1 1 1
          1 1 1 1 1 1
          1 1 1 1 1 1
          1 1 1 1 1 1
          1 1 1 1 1 1
          1 1 1 1 1 1
          1 1 1 1 1 1
          1 1 1 1 1 1
          1 1 1 1 1 1
          1 1 1 1 1 1
          1 1 1 1 1 1
          1 1 1 1 1 1
          1 1 1 1 1 1
          1 1 1 1 1 1
          1 1 1 1 1 1
          1 1 1 1 1 1
          1 1 1 1 1 1
          1 1 1 1 1 1
          1 1 1 1 1 1
          1 1 1 1 1 1
          1 1 1 1 1 1
          1 1 1 1 1 1
          1 1 1 1 1 1
          1 1 1 1 1 1
          1 1 1 1 1 1
          1 1 1 1 1 1
          1 1 1 1 1 1
          1 1 1 1 1 1
          1 1 1 1 1 1
          1 1 1 1 1 1
          1 1 1 1 1 1
          1 1 1 1 1 1
          1 1 1 1 1 1
          1 1 1 1 1 1
          1 1 1 1 1 1
          1 1 1 1 1 1
          1 1 1 1 1 1
          1 1 1 1 1 1
          1 1 1 1 1 1
          1 1 1 1 1 1
          1 1 1 1 1 1
          1 1 1 1 1 1
          1 1 1 1 1 1
          1 1 1 1 1 1
          1 1 1 1 1 1
          1 1 1 1 1 1
          1 1 1 1 1 1
          1 1 1 1 1 1
          1 1 1 1 1 1
          1 1 1 1 1 1
          1 1 1 1 1 1
          1 1 1 1 1 1
          1 1 1 1 1 1
          1 1 1 1 1 1
          1 1 1 1 1 1
          1 1 1 1 1 1
          1 1 1 1 1 1
          1 1 1 1 1 1
          1 1 1 1 1 1
          1 1 1 1 1 1
          1 1 1 1 1 1
          1 1 1 1 1 1
          1 1 1 1 1 1
          1 1 1 1 1 1
          1 1 1 1 1 1
          1 1 1 1 1 1
          1 1 1 1 1 1
          1 1 1 1 1 1
          1 1 1 1 1 1
          1 1 1 1 1 1
          1 1 1 1 1 1
          1 1 1 1 1 1
          1 1 1 1 1 1
          1 1 1 1 1 1
          1 1 1 1 1 1
          1 1 1 1 1 1
          1 1 1 1 1 1
          1 1 1 1 1 1
          1 1 1 1 1 1
          1 1 1 1 1 1
          1 1 1 1 1 1
          1 1 1 1 1 1
          1 1 1 1 1 1
          1 1 1 1 1 1
          1 1 1 1 1 1
          1 1 1 1 1 1
          1 1 1 1 1 1
          1 1 1 1 1 1
          1 1 1 1 1 1
          1 1 1 1 1 1
          1 1 1 1 1 1
          1 1 1 1 1 1
          1 1 1 1 1 1
          1 1 1 1 1 1
          1 1 1 1 1 1
          1 1 1 1 1 1
          1 1 1 1 1 1
          1 1 1 1 1 1
          1 1 1 1 1 1
          1 1 1 1 1 1
          1 1 1 1 1 1
          1 1 1 1 1 1
          1 1 1 1 1 1
          1 1 1 1 1 1
          1 1 1 1 1 1
          1 1 1 1 1 1
          1 1 1 1 1 1
          1 1 1 1 1 1
          1 1 1 1 1 1
          1 1 1 1 1 1
          1 1 1 1 1 1
          1 1 1 1 1 1
          1 1 1 1 1 1
          1 1 1 1 1 1
          1 1 1 1 1 1
          1 1 1 1 1 1
          1 1 1 1 1 1
          1 1 1 1 1 1
          1 1 1 1 1 1
          1 1 1 1 1 1
          1 1 1 1 1 1
          1 1 1 1 1 1
          1 1 1 1 1 1
          1 1 1 1 1 1
          1 1 1 1 1 1
          1 1 1 1 1 1
          1 1 1 1 1 1
          1 1 1 1 1 1
          1 1 1 1 1 1
          1 1 1 1 1 1
          1 1 1 1 1 1
          1 1 1 1 1 1
          1 1 1 1 1 1
          1 1 1 1 1 1
          1 1 1 1 1 1
          1 1 1 1 1 1
          1 1 1 1 1 1
          1 1 1 1 1 1
          1 1 1 1 1 1
          1 1 1 1 1 1
          1 1 1 1 1 1
          1 1 1 1 1 1
          1 1 1 1 1 1
          1 1 1 1 1 1
          1 1 1 1 1 1
          1 1 1 1 1 1
          1 1 1 1 1 1
          1 1 1 1 1 1
          1 1 1 1 1 1
          1 1 1 1 1 1
          1 1 1 1 1 1
          1 1 1 1 1 1
          1 1 1 1 1 1
          1 1 1 1 1 1
          1 1 1 1 1 1
          1 1 1 1 1 1
          1 1 1 1 1 1
          1 1 1 1 1 1
          1 1 1 1 1 1
          1 1 1 1 1 1
          1 1 1 1 1 1
          1 1 1 1 1 1
          1 1 1 1 1 1
          1 1 1 1 1 1
          1 1 1 1 1 1
          1 1 1 1 1 1
          1 1 1 1 1 1
          1 1 1 1 1 1
          1 1 1 1 1 1
          1 1 1 1 1 1
          1 1 1 1 1 1
          1 1 1 1 1 1
          1 1 1 1 1 1
          1 1 1 1 1 1
          1 1 1 1 1 1
          1 1 1 1 1 1
          1 1 1 1 1 1
          1 1 1 1 1 1
          1 1 1 1 1 1
          1 1 1 1 1 1
          1 1 1 1 1 1
          1 1 1 1 1 1
          1 1 1 1 1 1
          1 1 1 1 1 1
          1 1 1 1 1 1
          1 1 1 1 1 1
          1 1 1 1 1 1
          1 1 1 1 1 1
          1 1 1 1 1 1
          1 1 1 1 1 1
          1 1 1 1 1 1
          1 1 1 1 1 1
          1 1 1 1 1 1
          1 1 1 1 1 1
          1 1 1 1 1 1
          1 1 1 1 1 1
          1 1 1 1 1 1
          1 1 1 1 1 1
          1 1 1 1 1 1
          1 1 1 1 1 1
          1 1 1 1 1 1
          1 1 1 1 1 1
          1 1 1 1 1 1
          1 1 1 1 1 1
          1 1 1 1 1 1
          1 1 1 1 1 1
          1 1 1 1 1 1
          1 1 1 1 1 1
          1 1 1 1 1 1
          1 1 1 1 1 1
          1 1 1 1 1 1
          1 1 1 1 1 1
          1 1 1 1 1 1
          1 1 1 1 1 1
          1 1 1 1 1 1
          1 1 1 1 1 1
          1 1 1 1 1 1
          1 1 1 1 1 1
          1 1 1 1 1 1
          1 1 1 1 1 1
          1 1 1 1 1 1
          1 1 1 1 1 1
          1 1 1 1 1 1
          1 1 1 1 1 1
          1 1 1 1 1 1
          1 1 1 1 1 1
          1 1 1 1 1 1
          1 1 1 1 1 1
          1 1 1 1 1 1
          1 1 1 1 1 1
          1 1 1 1 1 1
          1 1 1 1 1 1
          1 1 1 1 1 1
          1 1 1 1 1 1
          1 1 1 1 1 1
          1 1 1 1 1 1
          1 1 1 1 1 1
          1 1 1 1 1 1
          1 1 1 1 1 1
          1 1 1 1 1 1
          1 1 1 1 1 1
          1 1 1 1 1 1
          1 1 1 1 1 1
          1 1 1 1 1 1
          1 1 1 1 1 1
          1 1 1 1 1 1
          1 1 1 1 1 1
          1 1 1 1 1 1
          1 1 1 1 1 1
          1 1 1 1 1 1
          1 1 1 1 1 1
          1 1 1 1 1 1
          1 1 1 1 1 1
          1 1 1 1 1 1
          1 1 1 1 1 1
          1 1 1 1 1 1
          1 1 1 1 1 1
          1 1 1 1 1 1
          1 1 1 1 1 1
          1 1 1 1 1 1
          1 1 1 1 1 1
          1 1 1 1 1 1
          1 1 1 1 1 1
          1 1 1 1 1 1
          1 1 1 1 1 1
          1 1 1 1 1 1
          1 1 1 1 1 1
          1 1 1 1 1 1
          1 1 1 1 1 1
          1 1 1 1 1 1
          1 1 1 1 1 1
          1 1 1 1 1 1
          1 1 1 1 1 1
          1 1 1 1 1 1
          1 1 1 1 1 1
          1 1 1 1 1 1
          1 1 1 1 1 1
          1 1 1 1 1 1
          1 1 1 1 1 1
          1 1 1 1 1 1
          1 1 1 1 1 1
          1 1 1 1 1 1
          1 1 1 1 1 1
          1 1 1 1 1 1
          1 1 1 1 1 1
          1 1 1 1 1 1
          1 1 1 1 1 1
          1 1 1 1 1 1
          1 1 1 1 1 1
          1 1 1 1 1 1
          1 1 1 1 1 1
          1 1 1 1 1 1
          1 1 1 1 1 1
          1 1 1 1 1 1
          1 1 1 1 1 1
          1 1 1 1 1 1
          1 1 1 1 1 1
          1 1 1 1 1 1
          1 1 1 1 1 1
          1 1 1 1 1 1
          1 1 1 1 1 1
          1 1 1 1 1 1
          1 1 1 1 1 1
          1 1 1 1 1 1
          1 1 1 1 1 1
          1 1 1 1 1 1
          1 1 1 1 1 1
          1 1 1 1 1 1
          1 1 1 1 1 1
          1 1 1 1 1 1
          1 1 1 1 1 1
          1 1 1 1 1 1
          1 1 1 1 1 1
          1 1 1 1 1 1
          1 1 1 1 1 1
          1 1 1 1 1 1
          1 1 1 1 1 1
          1 1 1 1 1 1
          1 1 1 1 1 1
          1 1 1 1 1 1
          1 1 1 1 1 1
          1 1 1 1 1 1
          1 1 1 1 1 1
          1 1 1 1 1 1
          1 1 1 1 1 1
          1 1 1 1 1 1
          1 1 1 1 1 1
          1 1 1 1 1 1
          1 1 1 1 1 1
          1 1 1 1 1 1
          1 1 1 1 1 1
          1 1 1 1 1 1
          1 1 1 1 1 1
          1 1 1 1 1 1
          1 1 1 1 1 1
          1 1 1 1 1 1
          1 1 1 1 1 1
          1 1 1 1 1 1
          1 1 1 1 1 1
          1 1 1 1 1 1
          1 1 1 1 1 1
          1 1 1 1 1 1
          1 1 1 1 1 1
          1 1 1 1 1 1
          1 1 1 1 1 1
          1 1 1 1 1 1
          1 1 1 1 1 1
          1 1 1 1 1 1
          1 1 1 1 1 1
          1 1 1 1 1 1
          1 1 1 1 1 1
          1 1 1 1 1 1
          1 1 1 1 1 1
          1 1 1 1 1 1
          1 1 1 1 1 1
          1 1 1 1 1 1
          1 1 1 1 1 1
          1 1 1 1 1 1
          1 1 1 1 1 1
          1 1 1 1 1 1
          1 1 1 1 1 1
          1 1 1 1 1 1
          1 1 1 1 1 1
          1 1 1 1 1 1
          1 1 1 1 1 1
          1 1 1 1 1 1
          1 1 1 1 1 1
          1 1 1 1 1 1
          1 1 1 1 1 1
          1 1 1 1 1 1
          1 1 1 1 1 1
          1 1 1 1 1 1
          1 1 1 1 1 1
          1 1 1 1 1 1
          1 1 1 1 1 1
          1 1 1 1 1 1
          1 1 1 1 1 1
          1 1 1 1 1 1
          1 1 1 1 1 1
          1 1 1 1 1 1
          1 1 1 1 1 1
          1 1 1 1 1 1
          1 1 1 1 1 1
          1 1 1 1 1 1
          1 1 1 1 1 1
          1 1 1 1 1 1
          1 1 1 1 1 1
          1 1 1 1 1 1
          1 1 1 1 1 1
          1 1 1 1 1 1
          1 1 1 1 1 1
          1 1 1 1 1 1
          1 1 1 1 1 1
          1 1 1 1 1 1
          1 1 1 1 1 1
          1 1 1 1 1 1
          1 1 1 1 1 1
          1 1 1 1 1 1
          1 1 1 1 1 1
          1 1 1 1 1 1
          1 1 1 1 1 1
          1 1 1 1 1 1
          1 1 1 1 1 1
          1 1 1 1 1 1
          1 1 1 1 1 1
          1 1 1 1 1 1
          1 1 1 1 1 1
          1 1 1 1 1 1
          1 1 1 1 1 1
          1 1 1 1 1 1
          1 1 1 1 1 1
          1 1 1 1 1 1
          1 1 1 1 1 1
          1 1 1 1 1 1
          1 1 1 1 1 1
          1 1 1 1 1
        </DataArray>
      </Cells>
    </Piece>
  </UnstructuredGrid>
</VTKFile>
