<VTKFile type="UnstructuredGrid" version="0.1" byte_order="LittleEndian" header_type="UInt32" compressor="vtkZLibDataCompressor">
  <UnstructuredGrid>
    <Piece NumberOfPoints="3133" NumberOfCells="3132">
      <PointData>
        <DataArray type="Float32" Name="Scalar" format="ascii" RangeMin="0.11552083492279053" RangeMax="23.16792869567871">
          0.115520835 0.6417607 0.17505728 0.36495313 0.22351633 1.1485926
          0.2782039 0.6805295 0.36458418 0.8492171 0.4126313 0.8746212
          0.43331277 0.4577523 0.49650046 2.4909058 0.5595131 1.4713144
          0.60576135 0.8839489 0.6747556 2.0049636 1.3804492 0.7022222
          0.7315636 1.0493721 0.7371795 0.7679565 2.26261 0.80090094
          0.99406093 0.9463999 1.7459486 2.586542 1.018887 2.1323965
          1.1446674 3.456674 2.1262794 1.1660538 1.5894425 1.1839563
          1.98344 1.2423487 2.1241887 1.3195854 4.176734 1.4269785
          1.4443476 3.0610735 1.5716015 2.7175455 1.5945591 1.9104846
          1.6529806 1.7457621 3.9681818 1.8027048 1.8422319 2.3838916
          1.8928475 3.2769196 1.9618653 3.0803738 2.306328 2.0423844
          2.112754 2.2363477 2.144758 2.1679983 3.3094857 2.1769855
          2.35083 2.192944 3.5899117 2.2291968 3.2761896 2.2646542
          2.4432063 2.3227553 2.3481016 2.6398354 3.7023773 2.3871815
          2.6806192 2.4083753 2.4504936 2.6697707 2.7271097 2.5292907
          2.5315986 3.4375768 2.5782716 2.6898775 3.6673396 2.6209135
          3.1955228 2.6356945 2.6536055 2.691766 2.6604452 3.6811504
          3.5484529 3.005676 3.504051 2.7389138 2.8101418 4.496934
          2.8139448 5.3760653 2.8203053 3.2203505 2.8499742 3.948468
          2.8502476 3.0951731 2.8560107 3.8952932 2.9282186 2.9638984
          2.9349155 2.9445322 2.9467127 3.0635402 3.2757063 3.0247424
          3.2245455 3.030703 3.150659 3.719756 3.083428 7.439075
          3.1101408 3.5060303 3.136336 3.1468687 3.96221 3.1772842
          5.5221143 3.188482 3.60064 3.7745764 3.2041209 3.4349961
          3.2138546 3.236062 4.540031 3.2468011 3.600629 3.262595
          3.4349313 3.3024406 3.5819817 3.309133 3.4325829 3.334822
          3.3740804 3.63739 3.3754773 3.3848643 3.4096036 4.8968835
          3.4255512 3.911218 3.4560869 4.3958454 3.4648545 3.4810925
          4.6019177 3.5083337 4.7927237 3.5174959 3.7837234 3.5689
          3.5878608 4.3894825 3.7721508 4.1624827 3.6203983 4.4727783
          3.6266854 4.0498753 3.763358 3.9541204 3.8648174 3.876854
          3.885027 5.955088 4.076104 3.9397786 4.2115183 3.9560556
          5.4484177 4.43767 3.9722292 3.9746847 4.011034 5.3064713
          4.0367856 4.651199 4.10648 4.1086817 4.3864775 4.1304526
          6.2524977 4.132842 4.5598197 4.146705 4.8085923 5.8425107
          4.198433 4.1993923 4.271452 4.2108426 5.6210175 4.2695613
          4.6748505 4.3300962 4.2781053 4.566317 4.280923 5.432782
          4.2822547 4.2911882 4.297798 4.7253523 4.3013225 4.3382077
          4.9836235 4.362501 4.5240364 4.6932735 4.8955307 4.399384
          5.376821 4.3997474 4.7896423 4.4025955 4.5960274 4.408345
          5.081159 4.4230223 4.426606 4.7379885 4.4472027 4.5967736
          4.9549255 4.4769063 5.8551946 4.503254 4.507706 4.692146
          4.521841 4.790139 4.7523947 4.537319 4.910752 4.573727
          4.5816545 4.750253 6.084198 4.6033854 6.4007735 4.6352015
          4.661286 4.6502247 4.653509 4.663828 4.873073 4.67012
          4.774767 4.681698 4.7835984 4.684362 4.882566 4.965583
          4.69265 5.6846724 4.705154 4.713791 4.7148185 4.721929
          5.076462 4.7293243 5.146089 6.045798 4.7633004 5.132269
          4.865363 5.8215623 5.6433105 5.047994 4.8078 5.4000006
          5.1285033 4.8400903 4.8439755 4.86246 4.8927574 4.890012
          5.029495 4.987271 5.4027123 4.927709 6.411001 4.939285
          5.199542 4.9554405 4.961024 4.970858 7.4761314 5.4086328
          4.9954286 5.0219173 5.2474923 5.0455027 5.0510592 5.544458
          5.0537963 5.063346 5.1636453 5.0787196 5.386429 5.5298486
          5.0825467 5.3316646 5.106522 5.4244714 5.134163 5.135119
          6.199046 5.1370068 5.3089237 5.137424 5.2130375 5.4956465
          5.1672397 5.40563 5.1770415 5.184729 5.443089 5.186581
          5.7787075 5.200228 5.397457 5.226792 5.2429843 5.252708
          5.4424214 5.267731 5.652527 5.283105 5.486543 5.2864723
          5.2895365 5.302203 5.5537567 5.358528 5.3178797 5.5694695
          5.323082 5.4206204 5.323703 5.3334274 5.4579453 5.3563523
          5.4033647 5.358763 5.363883 5.5009294 5.3639526 5.7562866
          5.372292 5.5838323 6.199121 5.38012 5.6137495 5.3875146
          5.394038 5.9283485 5.397102 5.5629973 5.779876 5.4038005
          5.517599 5.4071975 5.7796817 5.5341845 5.4111814 5.4659467
          5.4115257 5.418794 5.9099975 5.4237204 5.751868 5.4324336
          5.536074 5.5570188 5.437568 5.571224 5.5609875 5.4437737
          5.945795 5.4442973 5.646208 5.454931 5.8629575 6.073272
          5.4646463 5.695909 5.4658833 5.4712286 5.6915627 5.4897914
          6.3280745 5.5340285 5.6888585 5.57171 5.536053 5.7802553
          5.5452766 5.5473127 5.8600435 5.5777807 5.680807 5.791523
          5.586939 5.599912 6.0315514 5.603297 5.880319 5.6384687
          5.647379 6.3760004 5.6487913 5.800339 5.657394 5.788507
          5.678322 5.907196 5.6864786 5.9405403 5.8671064 5.6915083
          5.739693 5.7015657 5.7022257 5.786736 5.7090383 5.711803
          5.7251086 5.730249 5.8330975 5.742659 6.0528965 5.744501
          6.1209497 5.7454834 5.8342595 5.7601237 6.0789695 5.774857
          5.8288274 5.7777586 5.8344517 5.7807055 5.8772306 5.808578
          5.968527 5.800598 5.809797 6.1264863 5.8099246 5.8127007
          6.2582083 6.660869 6.00737 5.9573092 5.850925 6.628718
          6.1493797 5.8645506 5.9816766 5.8671613 6.2224193 5.876284
          6.4037213 5.901359 5.8863673 5.8901706 6.193687 5.8913455
          6.4409175 5.892883 6.466142 5.8965573 6.4022555 5.8976946
          8.493542 5.8977246 6.0101924 5.9176073 6.1213827 5.9183173
          6.266015 5.918567 6.2005353 5.920695 6.1113915 5.935147
          6.177577 6.0597963 5.9408917 6.04281 6.0702734 5.9748755
          5.979419 6.0777125 5.981359 6.073042 5.9876294 5.9896994
          5.997395 5.9974203 6.004804 6.205543 6.0371494 6.017063
          6.0980005 6.0176296 7.214571 6.0265374 6.1221333 6.02738
          6.033515 6.2851043 6.0397882 6.177436 6.223479 6.0480185
          6.051007 6.2651453 6.0510936 6.080692 6.101927 6.1776743
          6.074166 6.121208 6.0767303 6.2609024 6.131855 6.1282873
          6.084599 6.2366886 6.0853167 6.0934515 6.28165 6.102772
          6.228012 6.103365 6.2908554 6.1137114 6.118458 6.2874327
          6.120803 6.121108 6.165517 6.1917458 6.159571 6.24252
          6.1302238 6.1468906 6.24923 6.15719 6.17367 6.381831
          6.1751585 6.4564476 6.186991 6.3491683 6.1883297 6.5581264
          6.1938286 6.338966 6.193965 6.3384132 6.305384 6.207408
          6.4126477 6.2180486 6.2351995 6.320982 6.24717 6.3334293
          6.2474365 6.4469733 7.740519 6.25357 6.2680564 6.254533
          6.254777 6.744272 6.2569847 6.4269457 6.418414 6.273606
          6.2771564 6.4972486 6.2894278 6.3712482 6.4983835 6.2960014
          6.299011 6.4712753 6.299621 6.4022403 6.309701 6.3786125
          6.3132076 6.3451877 6.3175716 6.3210855 6.363643 6.3352046
          6.5153003 6.358719 6.3808303 6.3399773 6.4012074 6.3538914
          6.4001455 6.366456 6.3893175 6.3673563 6.4023333 6.370681
          6.6131516 6.8408494 6.379937 6.3996415 6.382528 6.4033566
          6.3873043 6.4500237 6.393286 6.446646 6.3959985 6.4540257
          6.458246 6.4501534 6.4085145 6.4534545 6.732553 6.4122396
          6.4127836 6.58833 6.442173 6.4193435 6.4224286 6.449216
          6.6111774 6.451413 6.7089667 6.501117 6.46092 6.4773707
          6.472448 6.480807 6.5094504 6.4912577 6.688729 6.49189
          6.5109696 6.494411 6.5513897 6.5400887 6.500436 6.5516667
          6.5263386 6.599606 6.65066 6.5731564 6.574452 6.616926
          6.577368 6.7720866 6.578232 8.915895 6.5854645 7.5045543
          6.5872507 6.828532 6.6065316 6.812337 6.6141334 6.7600603
          6.7202406 6.770945 6.635696 6.784657 6.64933 7.2543745
          6.6642213 6.6756535 6.6831193 7.4895716 6.6972227 6.7179265
          6.858968 6.725148 6.892363 6.7418447 9.035055 6.7587137
          6.950405 6.759552 7.0683117 6.768811 7.1251764 8.03539
          6.9270277 6.7724423 6.789974 7.04667 6.7948146 7.5209107
          6.8115797 7.3184023 6.8221803 6.945154 6.828352 6.828441
          7.073703 6.83479 7.466697 6.8410707 7.335021 6.845082
          6.934589 6.8689184 6.8752427 7.3895297 6.8753614 7.350407
          6.883148 7.1711307 6.889462 7.670696 6.893788 7.2314315
          6.941433 7.4754534 6.9422364 6.9567204 6.952353 7.3215313
          7.2592993 6.9830246 7.7682242 6.9959297 7.4933953 6.9985676
          7.0102396 7.1370606 7.0213413 7.024976 7.2768235 7.0421405
          7.096048 7.0526476 8.564481 7.055486 7.497462 7.0660143
          7.0704546 7.1085453 7.298164 7.1067514 8.149198 7.1191144
          7.125436 7.64705 7.144365 7.667734 7.155718 7.2983546
          7.1798573 7.172146 7.386162 7.180124 7.1804924 7.361697
          7.181512 7.200956 7.534927 7.2176137 7.318974 7.219832
          7.226827 7.3532615 7.241999 7.4111257 7.2421417 7.339363
          7.250443 8.022318 7.254572 7.258067 7.2638373 8.599595
          7.2698464 7.394424 7.275234 7.8068767 7.286384 7.3930187
          7.338212 7.3048067 7.308328 7.317683 7.580038 7.319106
          7.846111 7.3493757 7.40624 7.415505 7.365517 7.367463
          8.213347 7.3727455 7.5540447 7.372818 7.5030317 7.3777723
          7.7041855 7.4873786 7.5791154 7.402822 7.6263785 7.448259
          7.4073124 7.4214907 7.4319263 7.7263775 7.4325366 7.810636
          7.436216 8.2569 7.4412065 7.9641175 7.446111 7.7028832
          7.4466605 7.467462 7.7246375 7.4820185 7.6237736 7.481434
          7.4828105 7.6950455 8.15438 7.690617 7.495106 7.5373187
          7.5304713 7.5033145 8.10549 7.5081024 7.511952 7.59021
          7.514046 7.5918894 7.5183315 7.723988 7.5237103 8.006006
          7.529153 7.7949996 7.5971704 7.5364847 7.553123 7.698416
          7.5584416 7.6673913 7.5593076 7.831786 7.56172 7.562529
          7.564926 7.9618144 7.568451 7.5923414 7.569869 7.806663
          7.580459 7.9150467 7.582448 7.669715 7.5843124 7.779056
          7.662713 7.60229 7.7664356 7.6027317 7.6045165 7.7817554
          7.6079373 7.608228 8.105981 7.8458743 7.6301937 7.6335
          7.63443 7.635589 7.8683853 7.6390896 7.7266474 7.8990765
          7.6520452 7.7588363 7.656009 8.125169 7.6776195 8.032441
          7.6812844 7.684106 9.590598 7.684824 7.7846317 7.694153
          7.9120426 7.8038125 7.7017956 7.7116637 7.754941 7.722082
          8.283159 7.7259717 8.117633 7.8405967 8.476893 7.74134
          8.583667 7.7550926 8.093545 7.757313 7.7582526 7.9842825
          7.7951803 7.7758446 7.8262014 7.781341 8.176064 7.8526745
          7.792888 7.9226885 7.804401 7.96687 7.80744 7.8544154
          7.8143854 7.9353967 7.8246784 7.8260474 8.1278925 7.829041
          8.021168 7.83254 8.176464 7.8463826 7.8500075 8.431307
          7.853115 8.044264 7.875213 8.204174 7.876192 7.9035697
          8.088317 7.9038715 8.061763 7.9195404 8.021431 7.9548326
          8.256237 7.95765 8.7491255 7.9593954 8.0153675 8.135021
          7.965816 7.9667745 8.26241 7.9671397 7.9676876 8.244939
          7.972364 8.401155 7.9751434 8.115812 7.9790306 8.049127
          7.984971 7.985006 8.387233 7.9892945 8.255963 7.9906635
          8.254616 7.9921794 7.993347 7.994186 8.1188 8.004924
          8.552513 8.005603 8.096705 8.011318 8.027094 8.986083
          8.030978 8.031466 8.706954 8.037709 8.11397 8.126949
          8.0469885 8.425566 8.049571 8.862778 8.05518 8.39325
          8.059039 8.371788 8.066249 8.068107 8.223024 8.081038
          8.212191 8.125495 8.088891 8.530025 8.090638 8.090763
          8.101371 8.372873 8.110865 8.482767 8.376877 8.177517
          8.882538 8.179754 8.218033 8.128847 8.185997 8.131259
          8.131353 8.131885 8.305541 8.13337 8.13345 8.917887
          8.134274 8.937182 8.137403 8.527121 8.1414585 8.662107
          8.164316 9.441955 8.166494 8.267807 8.167613 8.195876
          8.170456 8.235263 8.176331 8.182835 8.211089 8.183763
          8.797822 8.188985 8.248808 8.196633 9.204734 8.198246
          8.264069 8.337429 8.207432 8.406925 8.214228 8.483225
          8.2206955 8.224084 8.814608 8.231546 8.286096 8.819373
          8.249919 8.316167 9.088751 8.342457 8.704703 8.259954
          8.951248 8.581579 8.297321 8.26792 8.651002 8.275077
          8.307165 8.285587 8.402275 8.291311 8.2925 8.417965
          8.30082 8.330037 8.320882 8.605051 8.32909 8.339787
          8.492633 8.340251 8.419849 8.422835 8.346601 8.510086
          8.351346 8.357788 8.36163 8.385376 8.362719 8.371493
          8.596772 8.378851 8.618729 8.391283 8.644286 8.399281
          8.395485 8.773513 8.409838 8.410414 8.570568 8.415762
          8.818543 8.526619 8.4310465 8.452152 9.196067 8.459146
          8.66456 8.481998 8.804884 8.484013 8.69049 8.487683
          8.490757 8.844503 8.49108 9.641505 8.501432 8.933921
          8.502003 8.678107 8.504038 8.896273 8.504943 8.624368
          8.518694 8.60728 8.53225 8.949424 8.537265 8.54628
          9.085001 8.552033 8.700203 8.555353 8.626603 8.83257
          8.564815 8.798803 8.5733595 8.943078 8.5737915 9.292117
          8.575688 8.723103 8.576164 8.695258 8.583889 8.738527
          8.585353 8.649985 8.586745 8.600438 9.295765 8.601254
          9.146693 8.601932 8.908108 9.79296 8.615095 8.752323
          8.645589 8.714432 8.64824 8.677586 8.651776 8.969007
          8.658574 8.772137 8.663817 8.981526 8.666736 8.891582
          8.679382 8.682867 8.744115 8.691176 9.517802 8.7050295
          8.713574 8.856681 8.766812 8.714577 8.9639435 8.721201
          8.878294 8.722562 9.038787 8.860479 8.723903 9.354735
          8.724299 8.73207 8.745531 9.134359 8.745649 8.867586
          9.059717 8.781767 8.755465 8.932221 8.758502 8.991262
          8.765804 8.921729 8.769322 9.308988 8.771112 8.937853
          8.777633 8.833581 8.7776575 9.158554 8.788154 8.798344
          8.878355 9.337072 8.799534 8.881642 8.93114 8.865523
          8.824018 8.824997 9.032742 8.826169 9.114045 8.833962
          8.943743 8.839003 8.947001 8.84252 9.211472 9.035122
          8.854882 8.855268 9.035878 8.898422 8.863437 8.887101
          9.370212 8.870741 8.870944 8.903761 9.342677 9.664428
          8.883407 9.028253 8.884495 8.981254 8.88628 8.895066
          8.981992 8.895994 8.910698 8.958368 8.912677 9.661499
          8.917804 8.919728 8.923152 9.015414 8.929455 8.985659
          9.110537 9.065996 8.936781 9.031819 8.9481325 9.202722
          9.124953 8.951381 9.140248 8.952757 9.3664 8.956648
          8.959386 8.967219 9.097006 8.979364 9.09576 8.992142
          9.0702095 9.004532 9.018704 9.027563 9.072533 9.1000805
          9.476196 9.038545 9.150637 9.039648 9.040347 9.041499
          9.206976 9.047937 9.105228 9.058847 9.278483 9.159938
          9.065382 9.090597 9.068247 9.277705 9.29719 9.083036
          9.124421 9.086014 9.156751 9.122055 9.093981 9.50274
          9.103516 9.1403055 9.106121 9.923638 9.139391 9.111701
          9.12767 9.120019 9.120129 9.483191 9.190411 9.133183
          9.213338 9.155419 9.492069 9.244505 9.358222 9.187394
          9.337801 9.810671 9.197669 9.199353 9.2093725 9.218045
          9.262192 9.227823 9.415059 9.268315 9.344707 9.268555
          10.458535 9.519726 9.285196 9.996519 9.286549 9.431786
          9.291379 10.034198 9.294127 9.402513 9.298329 9.325849
          9.301239 9.403093 9.304115 9.423509 9.308209 9.318035
          9.518517 9.353537 9.396117 9.347194 9.348865 9.4506645
          9.351949 9.710356 9.353421 9.354531 9.472049 9.361595
          9.541627 9.421851 9.473298 9.379647 9.592994 9.381878
          9.6672735 9.386115 9.5726595 9.391401 9.471007 9.393991
          9.461654 9.394438 9.3973675 9.400421 9.791065 9.4147215
          9.447439 9.416029 9.472809 9.426656 10.315576 9.437288
          10.170949 9.442875 9.573543 9.446659 9.5174885 9.455778
          9.603139 9.458529 9.465722 9.79635 9.469026 9.754582
          9.49672 9.535519 9.483763 10.061567 9.490504 9.493475
          9.496752 9.611409 9.497785 9.509551 9.724056 9.510508
          9.516644 9.623586 9.57015 9.610579 9.521352 9.678405
          9.522012 9.634333 9.524295 9.609856 9.526035 9.621297
          9.529135 9.634122 9.653446 9.543065 9.550069 9.924362
          9.5530815 9.916403 9.560596 9.733248 9.566843 9.713076
          9.5683155 9.6252775 9.570967 9.602785 9.572895 9.576072
          9.647486 9.580953 9.655278 9.583054 9.835886 9.583206
          9.802286 9.707388 10.659256 9.607391 9.713629 9.617564
          9.620491 9.8440275 9.631332 9.76489 10.417009 9.638474
          9.6392355 10.152848 9.639496 9.949097 9.64206 9.64305
          9.648817 9.775482 9.685363 9.658543 9.88122 9.660919
          10.95393 9.667438 9.669327 9.826294 9.672524 9.903676
          9.853078 9.68591 9.687413 9.871375 9.687609 10.0950575
          9.691662 9.770035 9.692994 9.79068 9.7042465 10.175773
          9.721257 10.705231 9.806339 9.730367 9.808287 9.743498
          10.121471 9.74471 9.750331 9.805195 9.976818 9.80523
          9.766112 9.767389 9.77037 9.915862 9.77084 9.949197
          9.7807455 9.809828 9.784764 9.995564 9.785242 10.128915
          9.785921 10.000307 9.792855 9.835606 9.793847 9.877244
          9.794013 9.795557 10.382056 9.795691 9.84858 9.796534
          10.345035 9.797556 10.029709 9.797904 9.981763 9.800282
          10.022325 9.847683 9.806174 9.883832 9.861281 9.8332405
          9.915429 9.834819 9.873484 9.83526 10.261882 9.839683
          10.052424 9.84393 9.845868 10.070879 9.922016 9.854809
          9.857884 9.946878 9.869195 10.049385 9.869269 9.915005
          9.872891 9.959174 9.880248 10.439388 9.884178 9.996837
          9.888661 9.891576 9.983491 9.8924 9.952104 9.9001875
          9.910295 10.187854 9.915156 10.217363 9.915236 10.081701
          9.916182 10.261964 9.923574 10.734778 10.185302 10.008584
          9.928198 10.3432255 10.064346 9.949993 10.325211 9.950564
          10.075929 10.028443 9.95984 10.023796 9.961615 10.364319
          9.96625 9.970159 10.026931 9.983206 10.077578 9.986741
          10.025286 9.99647 10.017017 10.077646 10.017707 10.019021
          10.340302 10.020438 10.172572 10.020558 10.292058 10.06897
          10.0263405 10.16588 10.0392275 10.229613 10.03925 10.121248
          10.039417 10.039628 10.5972395 10.041469 10.0450735 10.049064
          10.230959 10.335533 10.050783 10.471597 10.052997 10.212475
          10.053613 10.17734 10.060347 10.932199 10.06475 10.120848
          10.0651655 10.249374 10.0671 10.068632 10.417874 10.069783
          10.447378 10.072443 10.089548 10.24263 10.077662 10.081777
          10.624182 10.083324 10.094651 10.090983 10.235861 10.093969
          10.13591 10.100981 10.200853 10.10814 10.420589 10.112479
          10.319139 10.1147585 10.119277 10.266396 10.122522 10.214405
          10.26104 10.302392 10.146504 10.151555 10.23071 10.348134
          10.161224 10.285831 10.161629 10.178192 10.208422 10.165997
          10.727357 10.173744 10.182388 10.203988 10.183801 10.189503
          10.265006 10.190584 10.216205 10.191745 10.362797 10.196636
          10.199698 10.209107 10.24118 10.211397 10.217727 10.315413
          10.221923 10.368602 10.222072 10.22466 10.532433 10.227827
          11.030666 10.244739 10.320548 10.2383585 10.382318 10.245372
          10.38964 10.2477455 10.332653 10.248227 10.313557 10.248711
          10.268297 10.2496195 10.484632 10.257739 10.547982 10.258014
          10.27633 10.307594 10.265564 10.345619 10.269054 10.369941
          10.279986 10.355682 10.280304 10.52637 10.284608 10.502286
          10.294232 10.378653 10.30484 10.308458 10.400793 10.308632
          10.421527 10.312088 10.337274 10.313106 10.335722 10.328357
          10.319008 10.323991 10.452148 10.325305 10.35146 10.328358
          10.394468 10.330234 10.341064 10.341565 10.5893 10.641541
          10.343359 10.344225 10.622146 10.348412 10.349257 10.355939
          10.4488945 10.367742 10.423495 10.677784 10.3896055 10.526452
          10.3962555 10.501501 10.401994 10.758938 10.403055 10.792944
          10.41427 10.760345 10.4164715 10.480423 10.41698 11.055369
          10.611219 10.52634 10.426688 10.42684 10.640268 10.430931
          10.567768 10.434348 10.439459 10.776907 10.443907 10.502015
          10.450818 10.711412 10.452402 11.115244 10.470837 10.634238
          10.534795 10.47411 11.188949 10.484026 10.548236 10.489256
          10.543315 10.494235 10.980501 10.495193 10.695152 10.498225
          10.517283 10.500947 11.158171 10.526122 10.606827 10.503124
          10.859121 10.505794 10.512207 10.68309 10.512708 10.513163
          10.809663 10.51699 10.961162 10.517985 10.519016 10.671224
          10.53784 10.8499775 10.535292 10.598606 10.541236 10.544729
          10.5816765 10.81936 10.557264 11.844645 10.56839 10.889282
          10.584402 10.842238 10.5896 10.724784 10.59111 10.591206
          11.157065 10.931216 10.782121 10.614009 11.015781 10.614288
          10.766572 10.61599 10.641145 10.616052 10.7485075 11.367283
          10.642862 10.625624 10.7996435 10.627245 10.648988 10.6347275
          11.190145 10.636258 10.700908 10.637102 10.794759 10.63952
          11.036205 10.651537 10.641316 10.817824 10.641508 11.088449
          10.64156 10.826471 10.642353 10.704705 10.654807 10.761156
          10.659533 10.662252 10.801092 10.677645 10.6816025 10.716709
          10.68232 10.776195 10.725614 10.691561 10.694135 10.694195
          10.697363 10.815394 10.709321 10.710374 10.904166 10.719501
          10.811776 10.720258 10.720526 10.900777 10.726936 10.778933
          10.737056 10.942511 10.746941 10.75614 10.815587 10.768519
          10.975623 10.771799 10.914179 10.774703 10.938968 10.775193
          10.92035 10.777174 10.782531 10.9039955 10.784111 10.96179
          10.785964 10.850159 10.800082 10.82824 10.800404 10.820045
          10.80416 11.1587715 10.812676 11.062652 10.941828 10.818758
          11.1743355 10.979601 10.819548 11.097288 10.845033 10.823553
          10.984113 11.1603365 10.830375 10.925571 10.831565 10.910851
          10.833267 10.946356 10.838037 11.115096 10.842297 11.155524
          10.848026 11.412245 10.854425 10.993966 10.857863 10.867569
          10.859015 10.989564 10.859622 10.867907 11.447837 10.874492
          11.02514 10.882172 11.189909 10.885002 11.23157 10.891218
          10.894058 10.913824 10.897935 10.988546 10.899106 11.529907
          10.900582 11.009459 10.902382 11.209072 10.916571 10.919092
          10.9057665 11.1462755 10.905955 11.517202 10.911156 10.955081
          10.912359 11.0147505 10.912577 10.913442 10.916801 11.004577
          10.923257 10.946635 10.93183 11.046499 10.944409 10.932753
          11.292518 10.940894 11.221476 10.941833 11.039505 10.94204
          11.153304 10.9616785 10.943976 10.945583 11.585747 10.950322
          10.965265 10.95481 11.16941 10.958928 11.665317 10.961639
          11.379128 11.082566 10.964123 11.341204 10.967374 11.380096
          10.967389 11.121622 10.969043 10.972059 11.118284 10.978663
          10.995403 10.9828615 11.130471 10.985921 11.320092 10.990075
          11.165857 10.993965 11.151477 10.996707 11.381012 10.997231
          11.183611 10.998665 11.147856 11.010376 11.014582 11.310733
          11.024015 11.017195 11.019407 11.200123 11.023103 11.229676
          11.02565 11.405623 11.027936 11.21959 11.044962 11.290852
          11.046624 11.367971 11.048068 11.103476 11.048923 11.113998
          11.049993 11.052375 11.05528 11.077167 11.059197 11.105191
          11.062012 11.690609 11.113818 11.065172 11.079141 11.082446
          11.102177 11.176049 11.085916 11.30493 11.087849 11.121287
          11.094406 11.268228 11.095388 11.536814 11.0974865 11.414384
          11.100761 11.239008 11.105416 11.108216 11.169117 11.109138
          11.181803 11.11559 11.1213665 11.248454 11.131449 11.273085
          11.131551 11.362693 11.135651 11.490578 11.136069 11.182526
          11.141313 11.304314 11.148496 11.149151 11.66731 11.166383
          11.152977 11.408502 11.153041 11.491147 11.175307 11.18525
          11.289203 11.159666 11.38308 11.173475 11.16208 11.171758
          11.306844 11.179109 11.179551 11.182875 11.804403 11.186553
          11.31797 11.188063 11.256026 11.2386265 11.425317 11.190387
          11.266343 11.195535 11.246048 11.313821 11.201849 11.248921
          11.202706 11.336035 11.20424 11.653024 11.406013 11.331759
          11.220648 11.35538 11.2212305 11.27325 11.221466 11.408766
          11.2232685 11.276312 11.224569 11.465038 11.227207 11.251035
          11.229147 11.368584 11.234228 11.308004 11.238407 11.369728
          11.240139 11.7065735 11.261378 11.431698 11.262182 11.491865
          11.263212 11.263244 11.280881 11.27133 11.271778 11.275538
          11.277935 11.28396 11.284373 11.346218 11.286558 11.295878
          11.291109 11.2936945 11.307936 11.296339 11.362273 11.297274
          11.301871 11.405234 11.385794 11.40708 11.30578 11.307162
          11.5087385 11.42574 11.313112 11.452737 11.318627 11.57147
          11.32114 11.388144 11.328352 11.418954 11.334932 11.648499
          11.337381 11.63715 11.337465 11.660498 11.338735 11.636575
          11.492383 11.344435 11.345323 11.432757 11.347911 11.349456
          11.449198 11.352986 11.522949 11.356877 11.85259 11.365544
          11.813682 11.376637 11.690026 11.380936 11.380938 11.474126
          11.387499 12.003964 11.4050665 11.607575 11.554312 11.983057
          11.412375 11.423291 11.725281 11.424161 11.500341 11.428332
          11.499302 11.455824 11.436056 11.586599 11.440278 11.700855
          11.441501 11.580841 11.442686 11.47185 11.444386 11.587563
          11.446911 11.515815 11.621716 11.448605 11.622952 11.458931
          11.733199 11.492749 11.4751835 11.82941 11.479304 11.570741
          11.483032 11.615655 11.486598 11.612773 11.497126 11.60142
          11.770456 11.496555 11.497954 11.563776 11.498237 11.552558
          11.503065 11.756654 11.505396 11.691488 11.506547 11.640829
          11.506911 11.618135 11.507205 12.149644 11.512148 11.689038
          11.521586 11.786479 11.527177 11.562261 11.55386 11.553137
          11.5634365 11.568336 11.7729025 11.581336 11.575714 11.920093
          11.577577 11.610826 11.583289 12.085336 11.589163 11.64493
          11.597686 11.601513 11.831427 11.608019 11.9989805 11.614907
          11.913822 11.616353 11.966392 11.618048 11.700361 11.621394
          11.960627 11.62159 11.82311 11.624723 12.036505 11.625841
          11.706956 11.6333275 11.683429 11.633893 11.668858 11.641196
          11.793316 11.641619 11.644052 11.7128105 11.652615 11.870942
          11.6945 11.659484 11.666468 11.980717 11.680822 11.722071
          11.681543 12.033814 11.688968 11.713533 11.776892 11.694971
          11.697026 12.31848 11.71011 11.727927 11.7158 11.748585
          11.7213745 12.875019 11.726979 11.831699 11.928123 11.816035
          11.752623 11.809541 11.753797 11.882373 11.754653 11.854362
          11.760226 11.978443 11.760564 12.10244 11.762738 11.896834
          11.763075 11.764238 11.812547 12.107082 11.779146 12.147439
          11.783217 11.785463 12.040255 11.786756 11.852244 11.789134
          12.095728 11.793354 11.796516 11.801698 12.120879 11.802888
          11.849668 11.804851 11.810992 12.097218 11.811951 12.123155
          11.8728485 11.852476 11.82136 11.828987 12.391705 11.955615
          11.831625 12.1773 11.842806 12.236895 11.843313 12.025173
          12.36712 12.587034 11.853801 12.089453 12.52518 11.874816
          11.879846 12.072554 11.908542 11.890058 12.061327 11.899111
          11.910069 12.040089 12.080094 11.915304 12.004841 11.917721
          11.963882 11.920809 11.950758 11.9272585 12.065191 11.931794
          12.035804 11.935789 11.937557 12.634028 11.9398775 12.264134
          11.946772 12.17614 11.947523 12.079905 11.956754 12.388147
          12.020495 12.0135975 11.963963 12.071633 11.965809 12.079329
          11.9659395 11.967947 12.164223 11.968492 12.008102 11.969332
          12.174442 11.971765 12.021739 11.977137 12.155721 11.985987
          11.986219 12.214068 11.986587 11.986624 12.172055 11.988655
          11.989248 13.012887 11.999904 12.012141 12.047213 12.016919
          12.128491 12.01758 12.143709 12.021414 12.284377 12.027088
          12.16098 12.02878 12.284291 12.175663 12.210184 12.038895
          12.175687 12.060193 12.05009 12.274284 12.051617 12.054352
          12.109344 12.059495 12.06514 12.427068 12.067474 12.459299
          12.072363 12.139703 12.07331 12.110003 12.073459 12.091788
          12.075702 12.2147665 12.078736 12.137835 12.23146 12.113939
          12.089597 12.721712 12.09212 12.108674 12.094487 12.096361
          12.353563 12.098797 12.865833 12.099612 12.473257 12.100274
          12.376791 12.101503 12.175327 12.1292715 12.114164 12.134386
          12.116902 12.57381 12.121113 12.1503 12.121434 12.15394
          12.343959 12.12334 12.219162 12.124066 12.133044 12.243837
          12.1353445 12.192068 12.340809 12.165639 12.979579 12.228166
          12.299724 12.177549 12.182394 12.365024 12.1834955 12.185283
          12.357354 12.187391 12.456267 12.18887 12.807059 12.193963
          12.247711 12.198792 12.278885 12.198987 12.290281 12.202446
          12.360789 12.205737 12.76459 12.799067 12.220155 12.66639
          12.2232065 12.570567 12.224421 12.308012 12.225112 12.479547
          12.227961 12.337362 12.234058 12.41106 12.277383 12.291901
          12.247906 12.33838 12.248248 12.24952 12.393704 12.256181
          12.3672495 12.260016 12.371753 12.264438 12.265032 12.32127
          12.265406 12.662904 12.265501 12.304166 12.269487 12.278577
          12.375656 12.280879 12.289978 13.012269 12.291271 12.536715
          12.292012 12.375953 12.29277 12.440033 12.295589 12.308273
          12.299465 12.4593935 12.300927 12.302113 12.573957 12.303919
          12.480749 12.533217 12.30877 12.326119 12.311676 12.3170595
          12.419106 12.317142 12.704814 12.317418 12.360802 12.321431
          12.536738 12.32149 12.434521 12.324777 12.6725645 12.327657
          12.328759 12.585054 12.333471 12.43068 12.342933 12.338086
          12.602823 12.347454 12.352326 12.90006 12.352617 12.45224
          12.508107 12.36085 12.362948 12.476716 12.364946 12.7726965
          12.695333 12.547563 12.581008 12.393378 12.481555 12.396431
          12.396938 12.796002 12.39807 12.606699 12.405146 12.467556
          12.406619 12.561693 12.412398 12.572911 12.414662 12.420345
          12.584947 12.421846 12.605728 12.424791 12.63134 12.439732
          12.574068 12.442863 12.451799 12.652379 12.652184 12.460372
          12.742567 12.463985 12.80235 12.466823 12.468508 12.779156
          12.471888 12.829365 12.49429 12.47623 12.476927 12.739546
          12.78665 12.489886 12.647042 12.4924135 12.508668 12.834283
          12.508923 12.882518 12.510441 12.604766 12.513406 12.563287
          12.518517 12.595547 12.519404 12.9951315 12.532177 12.6691065
          12.533087 12.734068 12.537265 12.555395 12.758027 12.556074
          12.803453 12.590703 12.562135 12.600666 12.564354 12.5650425
          12.61871 12.615542 12.621733 12.640924 12.575661 12.791719
          12.57961 12.706277 12.606515 12.733103 12.609154 12.739871
          12.609935 12.615875 12.790932 12.615931 12.730215 12.619573
          12.882677 12.620138 12.626152 12.644025 12.63075 12.912822
          12.848022 12.634598 12.812707 12.636574 12.821585 12.640041
          13.279991 12.64924 12.851028 12.652391 12.665128 12.766225
          12.716993 12.676246 12.683469 13.04368 12.691354 12.817424
          12.744423 12.717926 12.859311 12.7207775 12.8587055 12.721109
          12.863139 12.72144 12.8901205 12.725166 12.81473 12.729089
          13.606276 12.732293 12.880448 12.732601 12.948738 12.858788
          12.737236 12.905998 12.737408 12.74132 12.744543 12.797685
          12.745228 12.968846 12.746748 13.121834 12.746817 13.269402
          12.747734 12.755352 12.760062 12.760652 12.766409 12.76758
          12.962384 12.804729 12.7799425 12.785093 12.920825 12.79012
          13.251283 12.792727 13.168622 12.801112 12.81593 12.802195
          13.01686 13.031093 12.858101 12.870545 12.818468 12.997966
          12.830478 13.107313 12.832428 13.020779 12.84293 13.202876
          12.84415 12.846625 13.19598 12.850276 12.973698 12.851845
          12.852237 12.862588 12.865888 13.281762 12.866588 12.913345
          12.869813 13.042266 12.873016 12.950911 13.174727 13.194751
          12.982069 13.136461 12.989071 12.900606 13.318899 12.903507
          12.96168 12.95506 12.912089 13.063315 12.912509 12.97522
          12.941163 13.023449 12.923295 13.036164 12.928669 13.067001
          12.928807 12.937897 12.965646 12.940981 13.041146 12.948203
          12.981304 12.950107 13.189651 12.95344 12.951882 12.955364
          13.088216 12.960446 12.9639635 13.149504 12.969153 13.214707
          12.970861 13.108505 12.973597 13.106125 12.9904585 13.060907
          12.995585 12.999592 13.170282 13.002876 13.169224 13.010274
          13.155617 13.010807 13.281698 13.14064 13.166774 13.013263
          13.093295 13.0144415 13.265024 13.019794 13.0206175 13.183012
          13.023189 13.141305 13.061801 13.042333 13.1133175 13.086222
          13.050195 13.082044 13.069505 13.160696 13.075357 13.1764145
          13.080648 13.0971365 13.084238 13.084526 13.088016 13.492301
          13.101237 13.429921 13.102937 13.16999 13.120693 13.342393
          13.147286 13.13282 13.143749 13.313122 13.149203 13.833197
          13.24765 13.161487 13.211016 13.163389 13.197951 13.164966
          13.725706 13.1654825 13.1680565 13.206137 13.202239 13.171406
          13.226256 13.187914 13.238751 13.191241 13.192138 13.405212
          13.204594 13.234834 13.204563 13.452569 13.230335 13.23082
          13.273902 13.235654 13.287825 13.236455 13.307132 13.238789
          13.499283 13.240877 13.534316 13.241085 13.30968 13.250565
          13.390581 13.357889 13.252126 13.263511 13.819733 13.490196
          13.2651825 13.403768 13.275399 13.370071 13.3231 13.294323
          13.43635 13.3108835 13.376946 13.320605 13.352529 13.35736
          13.345638 13.378654 13.355355 13.430129 13.378002 13.479899
          13.401225 13.565158 13.404095 13.412801 13.409015 13.718996
          13.412858 13.80338 13.415078 13.419828 13.594473 13.451803
          14.3412485 13.529662 13.501994 13.506594 13.90094 13.512191
          13.634975 13.525314 13.627106 13.532077 13.778303 13.532912
          13.648365 13.544606 13.612985 13.575393 13.59659 13.581215
          13.640375 13.583751 13.726057 13.773071 13.616513 13.941615
          13.638554 13.838884 13.67511 13.653026 13.6653185 13.720107
          13.673623 13.718101 13.7048025 13.920354 13.713523 13.913668
          13.736247 13.823345 13.738304 13.78041 13.768764 13.956576
          13.777729 13.929357 13.884624 13.898624 14.098038 13.923516
          14.209756 13.924898 13.9882145 13.944644 13.934847 14.113061
          13.971778 14.204897 14.092061 13.992337 14.000551 14.134603
          14.232292 14.419663 14.797398 14.7663145 15.45816 15.212088
          23.167929
        </DataArray>
        <DataArray type="UInt8" Name="ttkMaskScalarField" format="ascii" RangeMin="0" RangeMax="0">
          0 0 0 0 0 0
          0 0 0 0 0 0
          0 0 0 0 0 0
          0 0 0 0 0 0
          0 0 0 0 0 0
          0 0 0 0 0 0
          0 0 0 0 0 0
          0 0 0 0 0 0
          0 0 0 0 0 0
          0 0 0 0 0 0
          0 0 0 0 0 0
          0 0 0 0 0 0
          0 0 0 0 0 0
          0 0 0 0 0 0
          0 0 0 0 0 0
          0 0 0 0 0 0
          0 0 0 0 0 0
          0 0 0 0 0 0
          0 0 0 0 0 0
          0 0 0 0 0 0
          0 0 0 0 0 0
          0 0 0 0 0 0
          0 0 0 0 0 0
          0 0 0 0 0 0
          0 0 0 0 0 0
          0 0 0 0 0 0
          0 0 0 0 0 0
          0 0 0 0 0 0
          0 0 0 0 0 0
          0 0 0 0 0 0
          0 0 0 0 0 0
          0 0 0 0 0 0
          0 0 0 0 0 0
          0 0 0 0 0 0
          0 0 0 0 0 0
          0 0 0 0 0 0
          0 0 0 0 0 0
          0 0 0 0 0 0
          0 0 0 0 0 0
          0 0 0 0 0 0
          0 0 0 0 0 0
          0 0 0 0 0 0
          0 0 0 0 0 0
          0 0 0 0 0 0
          0 0 0 0 0 0
          0 0 0 0 0 0
          0 0 0 0 0 0
          0 0 0 0 0 0
          0 0 0 0 0 0
          0 0 0 0 0 0
          0 0 0 0 0 0
          0 0 0 0 0 0
          0 0 0 0 0 0
          0 0 0 0 0 0
          0 0 0 0 0 0
          0 0 0 0 0 0
          0 0 0 0 0 0
          0 0 0 0 0 0
          0 0 0 0 0 0
          0 0 0 0 0 0
          0 0 0 0 0 0
          0 0 0 0 0 0
          0 0 0 0 0 0
          0 0 0 0 0 0
          0 0 0 0 0 0
          0 0 0 0 0 0
          0 0 0 0 0 0
          0 0 0 0 0 0
          0 0 0 0 0 0
          0 0 0 0 0 0
          0 0 0 0 0 0
          0 0 0 0 0 0
          0 0 0 0 0 0
          0 0 0 0 0 0
          0 0 0 0 0 0
          0 0 0 0 0 0
          0 0 0 0 0 0
          0 0 0 0 0 0
          0 0 0 0 0 0
          0 0 0 0 0 0
          0 0 0 0 0 0
          0 0 0 0 0 0
          0 0 0 0 0 0
          0 0 0 0 0 0
          0 0 0 0 0 0
          0 0 0 0 0 0
          0 0 0 0 0 0
          0 0 0 0 0 0
          0 0 0 0 0 0
          0 0 0 0 0 0
          0 0 0 0 0 0
          0 0 0 0 0 0
          0 0 0 0 0 0
          0 0 0 0 0 0
          0 0 0 0 0 0
          0 0 0 0 0 0
          0 0 0 0 0 0
          0 0 0 0 0 0
          0 0 0 0 0 0
          0 0 0 0 0 0
          0 0 0 0 0 0
          0 0 0 0 0 0
          0 0 0 0 0 0
          0 0 0 0 0 0
          0 0 0 0 0 0
          0 0 0 0 0 0
          0 0 0 0 0 0
          0 0 0 0 0 0
          0 0 0 0 0 0
          0 0 0 0 0 0
          0 0 0 0 0 0
          0 0 0 0 0 0
          0 0 0 0 0 0
          0 0 0 0 0 0
          0 0 0 0 0 0
          0 0 0 0 0 0
          0 0 0 0 0 0
          0 0 0 0 0 0
          0 0 0 0 0 0
          0 0 0 0 0 0
          0 0 0 0 0 0
          0 0 0 0 0 0
          0 0 0 0 0 0
          0 0 0 0 0 0
          0 0 0 0 0 0
          0 0 0 0 0 0
          0 0 0 0 0 0
          0 0 0 0 0 0
          0 0 0 0 0 0
          0 0 0 0 0 0
          0 0 0 0 0 0
          0 0 0 0 0 0
          0 0 0 0 0 0
          0 0 0 0 0 0
          0 0 0 0 0 0
          0 0 0 0 0 0
          0 0 0 0 0 0
          0 0 0 0 0 0
          0 0 0 0 0 0
          0 0 0 0 0 0
          0 0 0 0 0 0
          0 0 0 0 0 0
          0 0 0 0 0 0
          0 0 0 0 0 0
          0 0 0 0 0 0
          0 0 0 0 0 0
          0 0 0 0 0 0
          0 0 0 0 0 0
          0 0 0 0 0 0
          0 0 0 0 0 0
          0 0 0 0 0 0
          0 0 0 0 0 0
          0 0 0 0 0 0
          0 0 0 0 0 0
          0 0 0 0 0 0
          0 0 0 0 0 0
          0 0 0 0 0 0
          0 0 0 0 0 0
          0 0 0 0 0 0
          0 0 0 0 0 0
          0 0 0 0 0 0
          0 0 0 0 0 0
          0 0 0 0 0 0
          0 0 0 0 0 0
          0 0 0 0 0 0
          0 0 0 0 0 0
          0 0 0 0 0 0
          0 0 0 0 0 0
          0 0 0 0 0 0
          0 0 0 0 0 0
          0 0 0 0 0 0
          0 0 0 0 0 0
          0 0 0 0 0 0
          0 0 0 0 0 0
          0 0 0 0 0 0
          0 0 0 0 0 0
          0 0 0 0 0 0
          0 0 0 0 0 0
          0 0 0 0 0 0
          0 0 0 0 0 0
          0 0 0 0 0 0
          0 0 0 0 0 0
          0 0 0 0 0 0
          0 0 0 0 0 0
          0 0 0 0 0 0
          0 0 0 0 0 0
          0 0 0 0 0 0
          0 0 0 0 0 0
          0 0 0 0 0 0
          0 0 0 0 0 0
          0 0 0 0 0 0
          0 0 0 0 0 0
          0 0 0 0 0 0
          0 0 0 0 0 0
          0 0 0 0 0 0
          0 0 0 0 0 0
          0 0 0 0 0 0
          0 0 0 0 0 0
          0 0 0 0 0 0
          0 0 0 0 0 0
          0 0 0 0 0 0
          0 0 0 0 0 0
          0 0 0 0 0 0
          0 0 0 0 0 0
          0 0 0 0 0 0
          0 0 0 0 0 0
          0 0 0 0 0 0
          0 0 0 0 0 0
          0 0 0 0 0 0
          0 0 0 0 0 0
          0 0 0 0 0 0
          0 0 0 0 0 0
          0 0 0 0 0 0
          0 0 0 0 0 0
          0 0 0 0 0 0
          0 0 0 0 0 0
          0 0 0 0 0 0
          0 0 0 0 0 0
          0 0 0 0 0 0
          0 0 0 0 0 0
          0 0 0 0 0 0
          0 0 0 0 0 0
          0 0 0 0 0 0
          0 0 0 0 0 0
          0 0 0 0 0 0
          0 0 0 0 0 0
          0 0 0 0 0 0
          0 0 0 0 0 0
          0 0 0 0 0 0
          0 0 0 0 0 0
          0 0 0 0 0 0
          0 0 0 0 0 0
          0 0 0 0 0 0
          0 0 0 0 0 0
          0 0 0 0 0 0
          0 0 0 0 0 0
          0 0 0 0 0 0
          0 0 0 0 0 0
          0 0 0 0 0 0
          0 0 0 0 0 0
          0 0 0 0 0 0
          0 0 0 0 0 0
          0 0 0 0 0 0
          0 0 0 0 0 0
          0 0 0 0 0 0
          0 0 0 0 0 0
          0 0 0 0 0 0
          0 0 0 0 0 0
          0 0 0 0 0 0
          0 0 0 0 0 0
          0 0 0 0 0 0
          0 0 0 0 0 0
          0 0 0 0 0 0
          0 0 0 0 0 0
          0 0 0 0 0 0
          0 0 0 0 0 0
          0 0 0 0 0 0
          0 0 0 0 0 0
          0 0 0 0 0 0
          0 0 0 0 0 0
          0 0 0 0 0 0
          0 0 0 0 0 0
          0 0 0 0 0 0
          0 0 0 0 0 0
          0 0 0 0 0 0
          0 0 0 0 0 0
          0 0 0 0 0 0
          0 0 0 0 0 0
          0 0 0 0 0 0
          0 0 0 0 0 0
          0 0 0 0 0 0
          0 0 0 0 0 0
          0 0 0 0 0 0
          0 0 0 0 0 0
          0 0 0 0 0 0
          0 0 0 0 0 0
          0 0 0 0 0 0
          0 0 0 0 0 0
          0 0 0 0 0 0
          0 0 0 0 0 0
          0 0 0 0 0 0
          0 0 0 0 0 0
          0 0 0 0 0 0
          0 0 0 0 0 0
          0 0 0 0 0 0
          0 0 0 0 0 0
          0 0 0 0 0 0
          0 0 0 0 0 0
          0 0 0 0 0 0
          0 0 0 0 0 0
          0 0 0 0 0 0
          0 0 0 0 0 0
          0 0 0 0 0 0
          0 0 0 0 0 0
          0 0 0 0 0 0
          0 0 0 0 0 0
          0 0 0 0 0 0
          0 0 0 0 0 0
          0 0 0 0 0 0
          0 0 0 0 0 0
          0 0 0 0 0 0
          0 0 0 0 0 0
          0 0 0 0 0 0
          0 0 0 0 0 0
          0 0 0 0 0 0
          0 0 0 0 0 0
          0 0 0 0 0 0
          0 0 0 0 0 0
          0 0 0 0 0 0
          0 0 0 0 0 0
          0 0 0 0 0 0
          0 0 0 0 0 0
          0 0 0 0 0 0
          0 0 0 0 0 0
          0 0 0 0 0 0
          0 0 0 0 0 0
          0 0 0 0 0 0
          0 0 0 0 0 0
          0 0 0 0 0 0
          0 0 0 0 0 0
          0 0 0 0 0 0
          0 0 0 0 0 0
          0 0 0 0 0 0
          0 0 0 0 0 0
          0 0 0 0 0 0
          0 0 0 0 0 0
          0 0 0 0 0 0
          0 0 0 0 0 0
          0 0 0 0 0 0
          0 0 0 0 0 0
          0 0 0 0 0 0
          0 0 0 0 0 0
          0 0 0 0 0 0
          0 0 0 0 0 0
          0 0 0 0 0 0
          0 0 0 0 0 0
          0 0 0 0 0 0
          0 0 0 0 0 0
          0 0 0 0 0 0
          0 0 0 0 0 0
          0 0 0 0 0 0
          0 0 0 0 0 0
          0 0 0 0 0 0
          0 0 0 0 0 0
          0 0 0 0 0 0
          0 0 0 0 0 0
          0 0 0 0 0 0
          0 0 0 0 0 0
          0 0 0 0 0 0
          0 0 0 0 0 0
          0 0 0 0 0 0
          0 0 0 0 0 0
          0 0 0 0 0 0
          0 0 0 0 0 0
          0 0 0 0 0 0
          0 0 0 0 0 0
          0 0 0 0 0 0
          0 0 0 0 0 0
          0 0 0 0 0 0
          0 0 0 0 0 0
          0 0 0 0 0 0
          0 0 0 0 0 0
          0 0 0 0 0 0
          0 0 0 0 0 0
          0 0 0 0 0 0
          0 0 0 0 0 0
          0 0 0 0 0 0
          0 0 0 0 0 0
          0 0 0 0 0 0
          0 0 0 0 0 0
          0 0 0 0 0 0
          0 0 0 0 0 0
          0 0 0 0 0 0
          0 0 0 0 0 0
          0 0 0 0 0 0
          0 0 0 0 0 0
          0 0 0 0 0 0
          0 0 0 0 0 0
          0 0 0 0 0 0
          0 0 0 0 0 0
          0 0 0 0 0 0
          0 0 0 0 0 0
          0 0 0 0 0 0
          0 0 0 0 0 0
          0 0 0 0 0 0
          0 0 0 0 0 0
          0 0 0 0 0 0
          0 0 0 0 0 0
          0 0 0 0 0 0
          0 0 0 0 0 0
          0 0 0 0 0 0
          0 0 0 0 0 0
          0 0 0 0 0 0
          0 0 0 0 0 0
          0 0 0 0 0 0
          0 0 0 0 0 0
          0 0 0 0 0 0
          0 0 0 0 0 0
          0 0 0 0 0 0
          0 0 0 0 0 0
          0 0 0 0 0 0
          0 0 0 0 0 0
          0 0 0 0 0 0
          0 0 0 0 0 0
          0 0 0 0 0 0
          0 0 0 0 0 0
          0 0 0 0 0 0
          0 0 0 0 0 0
          0 0 0 0 0 0
          0 0 0 0 0 0
          0 0 0 0 0 0
          0 0 0 0 0 0
          0 0 0 0 0 0
          0 0 0 0 0 0
          0 0 0 0 0 0
          0 0 0 0 0 0
          0 0 0 0 0 0
          0 0 0 0 0 0
          0 0 0 0 0 0
          0 0 0 0 0 0
          0 0 0 0 0 0
          0 0 0 0 0 0
          0 0 0 0 0 0
          0 0 0 0 0 0
          0 0 0 0 0 0
          0 0 0 0 0 0
          0 0 0 0 0 0
          0 0 0 0 0 0
          0 0 0 0 0 0
          0 0 0 0 0 0
          0 0 0 0 0 0
          0 0 0 0 0 0
          0 0 0 0 0 0
          0 0 0 0 0 0
          0 0 0 0 0 0
          0 0 0 0 0 0
          0 0 0 0 0 0
          0 0 0 0 0 0
          0 0 0 0 0 0
          0 0 0 0 0 0
          0 0 0 0 0 0
          0 0 0 0 0 0
          0 0 0 0 0 0
          0 0 0 0 0 0
          0 0 0 0 0 0
          0 0 0 0 0 0
          0 0 0 0 0 0
          0 0 0 0 0 0
          0 0 0 0 0 0
          0 0 0 0 0 0
          0 0 0 0 0 0
          0 0 0 0 0 0
          0 0 0 0 0 0
          0 0 0 0 0 0
          0 0 0 0 0 0
          0 0 0 0 0 0
          0 0 0 0 0 0
          0 0 0 0 0 0
          0 0 0 0 0 0
          0 0 0 0 0 0
          0 0 0 0 0 0
          0 0 0 0 0 0
          0 0 0 0 0 0
          0 0 0 0 0 0
          0 0 0 0 0 0
          0 0 0 0 0 0
          0 0 0 0 0 0
          0 0 0 0 0 0
          0 0 0 0 0 0
          0 0 0 0 0 0
          0 0 0 0 0 0
          0 0 0 0 0 0
          0 0 0 0 0 0
          0 0 0 0 0 0
          0 0 0 0 0 0
          0 0 0 0 0 0
          0 0 0 0 0 0
          0 0 0 0 0 0
          0 0 0 0 0 0
          0 0 0 0 0 0
          0 0 0 0 0 0
          0 0 0 0 0 0
          0 0 0 0 0 0
          0 0 0 0 0 0
          0 0 0 0 0 0
          0 0 0 0 0 0
          0 0 0 0 0 0
          0 0 0 0 0 0
          0 0 0 0 0 0
          0 0 0 0 0 0
          0 0 0 0 0 0
          0 0 0 0 0 0
          0 0 0 0 0 0
          0 0 0 0 0 0
          0 0 0 0 0 0
          0 0 0 0 0 0
          0 0 0 0 0 0
          0 0 0 0 0 0
          0 0 0 0 0 0
          0 0 0 0 0 0
          0 0 0 0 0 0
          0 0 0 0 0 0
          0 0 0 0 0 0
          0 0 0 0 0 0
          0 0 0 0 0 0
          0 0 0 0 0 0
          0 0 0 0 0 0
          0 0 0 0 0 0
          0 0 0 0 0 0
          0 0 0 0 0 0
          0 0 0 0 0 0
          0 0 0 0 0 0
          0 0 0 0 0 0
          0 0 0 0 0 0
          0 0 0 0 0 0
          0 0 0 0 0 0
          0 0 0 0 0 0
          0 0 0 0 0 0
          0 0 0 0 0 0
          0 0 0 0 0 0
          0 0 0 0 0 0
          0 0 0 0 0 0
          0
        </DataArray>
      </PointData>
      <CellData Scalars="SegmentationId">
        <DataArray type="Int32" Name="SegmentationId" format="ascii" RangeMin="0" RangeMax="3131">
          0 1 2 3 4 1572
          5 6 7 8 9 10
          1571 11 1574 12 13 14
          15 16 1578 1575 1581 17
          1583 18 1580 19 1573 20
          21 22 23 2876 24 25
          1577 26 1587 27 28 29
          1584 30 31 32 1592 33
          1588 1579 34 35 1589 1596
          1585 36 37 38 39 40
          1601 1582 41 1597 42 43
          1599 1594 44 45 1602 46
          1576 47 48 49 2879 50
          51 1605 52 53 1606 1604
          1608 1610 1591 2877 54 55
          56 57 58 59 60 61
          62 63 64 1619 1612 65
          66 1603 1623 1621 67 1617
          68 69 70 1626 71 72
          1609 73 74 1615 1622 75
          76 77 1634 2878 1595 78
          79 1598 80 81 82 83
          84 85 1638 1639 1630 1607
          86 1586 87 88 1620 1625
          89 90 2881 91 1635 92
          1600 1633 1629 93 94 1637
          1641 1611 1631 1636 2884 2888
          2883 1644 95 96 97 1618
          2882 98 1616 1649 99 1627
          1593 100 101 102 103 1647
          2887 104 105 106 107 108
          1652 1590 109 110 111 2886
          112 1657 113 114 115 116
          117 118 1662 119 120 1653
          1645 1656 121 122 123 124
          125 126 1665 127 1646 128
          1613 129 130 131 1670 132
          1632 1655 1660 133 134 1668
          1672 1642 135 136 137 1674
          138 1680 139 140 1659 141
          142 1675 143 2890 144 145
          146 147 1663 148 1671 1678
          1686 149 1684 1682 1667 1676
          1643 150 2893 151 152 153
          1689 1681 1683 154 2900 1677
          1640 1690 155 156 2885 157
          158 1694 159 1664 2902 160
          161 1691 162 1698 163 164
          165 1685 166 1669 167 168
          3131 1687 169 170 171 172
          1697 1700 173 174 175 176
          1693 177 1707 178 179 1704
          180 181 182 183 184 185
          1651 1706 186 187 188 1702
          189 190 1718 191 192 193
          194 1614 1666 195 1701 196
          197 198 1711 1688 2899 1720
          199 1708 200 1726 201 202
          203 1717 204 1703 205 1661
          206 1712 1709 207 208 1650
          209 1719 210 211 1728 212
          1714 213 1731 1721 1737 1628
          2897 214 2911 215 1730 1699
          216 217 1715 2895 1736 1725
          1716 1738 2913 2908 1723 218
          219 220 2905 1658 221 2894
          1733 222 223 1713 224 225
          2910 1695 226 1739 227 2907
          1735 228 229 230 231 232
          233 1750 234 235 236 1749
          1722 237 238 239 1710 1727
          1742 1740 240 1751 1747 1758
          1746 241 2918 242 243 244
          2901 1757 1752 1755 2906 2880
          245 1673 1741 1734 246 2915
          247 248 2912 1744 249 250
          251 252 253 254 255 1771
          1765 1729 256 257 258 259
          1724 260 1748 261 1732 1648
          2891 1762 262 263 264 2917
          265 266 267 268 269 1781
          2921 270 271 272 273 1743
          274 2916 275 1777 2892 276
          277 278 1753 1778 1782 1780
          2909 279 280 1779 1756 1790
          2889 281 282 283 1784 1794
          284 285 1775 286 287 288
          1754 289 1791 1772 1786 1759
          1799 290 2919 291 2898 292
          2925 1800 293 294 1788 1776
          1797 295 296 1801 1766 297
          298 1705 2896 1774 1783 299
          300 1763 2926 1795 301 1793
          1803 302 303 1802 1654 304
          305 306 307 1760 1792 1789
          1773 1813 308 309 1817 1787
          1798 310 1796 311 312 313
          1816 314 315 316 2920 317
          2914 1811 318 1809 1808 319
          1822 1806 320 2929 1823 321
          322 323 1818 1745 1821 324
          2930 1804 325 326 1827 327
          328 1833 1826 1679 1825 1820
          1769 1828 1830 1764 329 1692
          330 1810 331 2924 332 333
          1815 1767 2932 1832 1812 1837
          1831 2922 334 1834 2933 1805
          2928 335 1768 1819 336 1840
          337 338 339 340 2923 2927
          341 1839 1841 1843 1824 342
          2935 1844 1845 1807 343 344
          345 346 347 348 1835 1846
          349 2931 1829 350 1848 1761
          351 352 1847 2936 353 354
          355 1842 356 1838 357 1857
          358 2903 359 1814 360 361
          1854 362 1859 1849 363 1855
          1865 364 365 1853 366 367
          368 1852 369 1869 370 371
          2939 372 373 374 375 376
          1860 377 1873 1872 378 379
          1868 1862 380 1880 381 382
          383 384 385 386 387 2942
          388 389 390 1863 391 2938
          1888 392 1889 393 1864 394
          1884 395 396 1876 397 1894
          398 399 400 401 1785 402
          403 404 1878 405 406 407
          1856 408 409 1897 410 411
          412 1885 413 2941 1893 414
          415 416 1867 1896 417 1881
          1871 2944 1900 418 1875 1898
          1895 419 420 421 422 423
          2952 1874 1904 1903 424 2945
          425 1899 2953 426 427 428
          429 1624 430 431 432 1911
          1870 433 1879 1696 434 1919
          435 2955 1858 1883 436 1887
          1908 437 1851 438 439 440
          441 1866 442 443 2937 1905
          444 1924 445 1907 446 447
          448 449 450 451 452 1931
          1917 453 454 455 1922 1923
          1930 2956 456 457 458 459
          460 2904 1910 461 462 463
          464 465 1891 466 467 1941
          1927 1892 1933 1877 468 469
          470 471 2948 472 1920 1937
          473 1916 1909 474 475 2943
          1918 476 1912 1939 1836 477
          1946 478 479 480 1940 1935
          1882 481 1934 482 1936 1944
          483 1926 2947 1951 484 2960
          2949 485 1913 486 487 488
          1953 489 1928 490 2959 2957
          2946 491 492 2962 493 1960
          1938 494 495 2951 496 497
          1945 1932 498 1955 1957 499
          500 501 1929 1915 502 503
          1956 504 505 506 507 508
          1952 509 510 511 512 513
          514 515 516 517 1925 518
          1982 1964 1966 1901 2954 2969
          519 1942 1962 520 1970 521
          1975 522 523 524 1969 525
          526 527 1965 528 529 530
          1950 1991 531 1921 1971 532
          1983 1974 1948 1980 1990 2968
          2971 1958 533 534 535 536
          537 538 539 1976 540 541
          1890 2940 542 543 544 545
          1954 546 1959 2963 1996 547
          548 1994 549 2004 550 551
          1963 552 2006 1988 1906 553
          1995 554 1987 555 556 2005
          1972 2008 557 1979 1978 1967
          1914 558 2014 2010 2003 559
          560 1947 561 2018 562 563
          2975 564 1997 2020 2015 565
          566 2022 2966 567 568 2024
          569 570 571 572 573 574
          2970 1992 2973 575 2028 1977
          576 1986 577 2032 1973 2019
          2011 578 579 580 2021 2026
          2978 1984 581 1961 582 583
          2934 584 1993 2012 585 586
          587 588 2025 1770 589 590
          591 592 2027 593 2964 2000
          1989 594 595 596 597 1981
          598 1886 599 2034 600 601
          602 603 2033 1949 604 605
          606 2974 1902 607 608 609
          2023 2046 610 2030 2045 2050
          2031 611 612 2057 2017 613
          614 2001 615 2037 616 2064
          2043 617 618 2039 619 2055
          2049 2958 620 2965 621 2061
          622 623 624 2054 625 626
          627 2056 2066 628 629 1968
          2065 630 631 632 2073 633
          634 2063 2972 635 636 2987
          637 2007 638 2051 639 2038
          2013 2035 2029 640 641 642
          2950 2081 643 644 645 2040
          646 647 2068 2085 1985 648
          2979 2075 649 650 2070 2083
          2084 2067 651 652 653 2096
          2983 654 655 2044 2990 2093
          2060 656 657 1850 658 1998
          659 2078 660 661 2976 2076
          2042 662 1999 2087 2052 2088
          2089 663 2047 2016 664 665
          666 2098 667 2069 668 2062
          669 2095 2100 2097 2103 2967
          2077 670 671 2102 2112 672
          2094 2104 2086 1861 2980 2091
          673 2071 674 675 676 677
          678 2108 679 2982 680 2111
          2113 681 2048 682 2109 2995
          683 2110 2986 2119 684 2117
          685 2115 686 2092 687 688
          2992 2984 2977 2125 689 2074
          2996 2106 2127 2059 2114 690
          2121 2082 2123 691 2998 2036
          692 693 2105 2009 2116 694
          2090 2991 695 696 2989 2131
          697 698 2120 2118 699 700
          701 2053 702 2058 2130 703
          704 705 706 2079 707 2139
          2985 2129 2101 2133 708 709
          710 711 2142 712 2072 3000
          713 2107 2988 714 715 716
          717 718 719 2145 720 721
          2138 2140 722 2132 723 2153
          2141 724 2136 725 2002 726
          727 2154 2143 728 729 2152
          730 731 2151 2146 2155 3007
          2994 2126 732 733 2128 734
          3004 735 736 2122 737 738
          739 2159 2164 2999 2997 740
          741 742 743 744 3002 2147
          745 746 747 748 749 750
          2172 751 2150 752 2158 2180
          753 754 755 1943 2148 2179
          2160 756 2170 2173 2165 757
          758 2171 2167 2178 759 2184
          2169 760 761 762 2041 763
          764 2186 765 3005 2181 766
          767 2099 2981 2149 768 769
          770 2168 2190 771 772 773
          774 775 776 2961 2144 2177
          2191 777 2166 778 2176 779
          780 781 2162 2185 782 783
          2196 784 785 3014 786 787
          788 789 2197 2203 790 2080
          791 792 793 794 2161 795
          796 797 798 2183 2202 2213
          799 2220 2200 2207 2204 2192
          800 801 802 2211 2182 803
          804 3009 805 3015 2215 3010
          806 807 3011 808 809 2194
          810 2222 2212 811 2189 3018
          812 813 814 815 816 2193
          817 2228 818 819 2221 2205
          820 2175 3013 821 2124 2174
          822 2226 2188 2206 823 824
          2233 2229 825 826 827 828
          2236 2218 829 2232 830 2208
          831 2135 2231 2210 2247 832
          833 834 835 836 2219 2242
          3017 837 2245 2244 2217 2137
          838 839 840 841 842 843
          844 2227 845 2224 846 847
          848 2163 3016 849 850 851
          852 3008 853 2225 854 2241
          2246 2248 855 3019 856 857
          2266 858 859 2268 2195 860
          861 862 863 864 2261 2253
          2201 865 2209 2270 866 867
          2187 868 869 2263 870 2157
          2250 871 2198 2259 2278 2280
          872 3001 2234 873 874 875
          876 877 2271 2285 3026 878
          879 2258 2275 2283 2235 880
          881 882 883 884 2252 2276
          2256 2269 885 2286 3022 3029
          886 887 888 889 2262 890
          891 892 2287 2223 2237 2282
          893 2274 2296 894 2299 895
          896 897 2277 2251 898 2281
          899 3020 900 901 902 903
          2295 2288 2156 904 2273 2306
          905 2240 906 3021 907 908
          2294 2314 2310 2309 2249 3023
          909 2239 910 911 2216 2300
          3012 912 913 2312 2302 914
          2284 2243 915 2289 2301 2305
          2214 2292 916 2293 2313 917
          2307 918 919 920 921 922
          2255 2264 2272 2308 2318 923
          924 925 926 2230 927 928
          2265 2317 929 2311 930 2134
          931 2257 932 2323 933 2297
          934 935 936 937 938 2319
          3027 2304 939 940 941 942
          943 944 2338 945 946 2342
          2329 2303 3031 2290 3024 947
          3034 948 2335 949 2298 2334
          950 2327 951 2349 952 2315
          953 954 955 2254 2347 2345
          3003 956 957 958 959 2316
          2267 960 961 2332 962 963
          964 965 2326 2357 966 967
          2348 968 969 3028 2360 3032
          970 3006 971 972 2346 973
          2325 974 975 2341 976 977
          978 2337 979 2362 2368 2199
          980 981 2330 2371 982 983
          984 2353 3037 985 2279 2238
          986 987 2358 988 2320 2322
          2369 2356 989 990 991 992
          2372 2328 993 2378 3045 994
          995 996 2321 2363 2359 997
          998 2370 999 2343 2376 1000
          2374 3033 2365 1001 2373 1002
          2388 1003 2367 2387 1004 1005
          1006 1007 2352 1008 3040 1009
          3030 2386 1010 1011 1012 2340
          1013 2401 1014 1015 1016 1017
          2351 1018 1019 1020 1021 1022
          2377 1023 2384 2375 1024 1025
          2395 1026 1027 1028 1029 2408
          2381 2416 1030 3043 2383 1031
          2394 3038 1032 2260 1033 2382
          1034 2403 1035 1036 2379 1037
          3025 1038 2396 2418 1039 2993
          1040 2414 1041 2344 1042 3046
          2385 1043 2424 1044 1045 1046
          1047 2380 1048 3042 2336 1049
          2393 1050 2409 2402 1051 1052
          2400 2430 1053 1054 1055 2417
          3044 1056 1057 2415 2355 1058
          1059 1060 2440 2405 1061 1062
          2291 2364 2421 1063 2419 1064
          1065 1066 1067 1068 1069 2324
          1070 1071 2390 1072 2449 1073
          1074 2438 1075 1076 2366 1077
          1078 2392 1079 1080 2453 2447
          2450 1081 1082 1083 3049 2448
          2397 2331 1084 3047 2455 1085
          2429 2431 1086 1087 1088 1089
          1090 2412 2437 1091 1092 2434
          1093 1094 2422 2398 2354 2339
          2389 1095 2452 1096 2433 3048
          2460 2425 1097 3058 2391 3056
          3061 1098 1099 2461 2466 1100
          2436 3041 1101 1102 2333 2406
          2361 1103 1104 2441 1105 1106
          1107 2411 2444 1108 1109 1110
          3050 1111 1112 1113 1114 2442
          2407 1115 1116 3035 2459 1117
          2478 2462 2479 2487 2476 1118
          1119 1120 1121 2477 2456 1122
          1123 2463 2483 1124 2485 2493
          3066 1125 1126 1127 3036 2445
          1128 2420 1129 3055 1130 1131
          1132 2467 2454 1133 2472 1134
          2496 2488 2439 1135 2495 2475
          1136 2432 1137 1138 3059 1139
          2480 1140 1141 1142 2427 1143
          1144 2494 1145 1146 1147 2482
          1148 2497 2464 1149 2473 2446
          3052 2489 1150 2426 2428 1151
          1152 2435 2471 3060 1153 2501
          1154 2498 2443 3054 2507 2469
          2484 2399 1155 2458 2502 1156
          1157 2515 3063 1158 2491 2508
          1159 1160 1161 1162 1163 1164
          2404 1165 2509 2499 3071 1166
          2486 2523 2514 1167 1168 1169
          1170 2465 2470 2492 2516 2531
          1171 2532 1172 1173 2519 2518
          1174 1175 1176 1177 1178 3068
          1179 2525 2413 1180 2510 1181
          2410 2457 2534 1182 3053 3067
          2542 1183 2533 1184 2529 2500
          1185 1186 2522 3069 1187 2423
          2520 2524 1188 1189 2543 1190
          3057 1191 2546 3064 1192 2530
          1193 1194 2538 1195 1196 3051
          2526 1197 1198 1199 1200 2506
          2504 2537 1201 1202 1203 2548
          2503 1204 2481 1205 2505 2549
          1206 2468 2559 1207 1208 2558
          1209 2540 2513 2451 2536 2566
          1210 1211 2567 2521 2490 2557
          1212 2561 3074 1213 1214 2564
          2517 1215 3081 2527 2569 1216
          1217 1218 2535 1219 1220 1221
          1222 1223 3075 2544 3062 1224
          1225 1226 2541 1227 1228 2560
          1229 1230 1231 1232 2474 1233
          2572 1234 1235 2579 2512 2583
          1236 2555 1237 2528 2550 1238
          2571 1239 1240 2350 3065 2581
          3073 2511 1241 2574 2562 3085
          1242 1243 2573 1244 2577 1245
          2595 1246 2552 1247 1248 2545
          1249 1250 3076 1251 1252 1253
          1254 1255 1256 2599 3077 1257
          2554 2598 1258 1259 1260 2553
          1261 1262 1263 1264 1265 2575
          2563 2593 1266 1267 1268 1269
          1270 1271 2551 1272 3070 2597
          2611 1273 2615 1274 1275 3079
          1276 2613 2591 1277 1278 2565
          2601 2556 1279 2596 2580 2619
          1280 1281 1282 1283 2629 3083
          1284 2600 1285 2608 1286 2594
          1287 1288 1289 1290 2609 2606
          2602 2547 2592 1291 2634 1292
          1293 2582 1294 2586 1295 1296
          1297 1298 2576 2585 2638 2628
          2633 3078 1299 1300 2584 1301
          1302 2587 1303 1304 2620 3089
          1305 2644 1306 2636 2632 2621
          2578 2539 2646 2647 2614 2623
          2610 1307 2617 2612 2643 2627
          2625 2605 2589 1308 1309 1310
          1311 1312 1313 3084 1314 1315
          1316 1317 1318 3080 2616 2635
          2648 1319 1320 1321 1322 1323
          3087 2652 1324 2590 2649 2656
          1325 1326 1327 1328 1329 2604
          1330 1331 1332 1333 1334 2626
          2670 1335 2657 1336 2624 2622
          1337 2658 1338 3090 1339 1340
          1341 1342 3091 1343 1344 1345
          2674 2663 2680 1346 1347 1348
          1349 1350 2568 2672 1351 1352
          1353 2684 1354 1355 1356 2665
          1357 2667 2671 3100 3086 1358
          1359 1360 2639 2653 2659 2688
          1361 1362 1363 2651 3039 2669
          2685 2675 2678 2642 2607 2588
          1364 2668 1365 1366 1367 1368
          1369 2666 1370 1371 2686 1372
          1373 1374 2630 2693 2690 1375
          2679 1376 1377 2696 2654 2631
          2681 1378 1379 1380 2702 1381
          1382 2641 1383 2697 1384 2664
          2683 2699 1385 1386 2717 3094
          1387 1388 1389 1390 1391 1392
          3082 1393 1394 2714 2677 2689
          1395 3104 1396 1397 2703 1398
          2721 1399 1400 2662 2704 2645
          2682 2708 1401 1402 3095 2705
          2692 3072 2729 2722 2728 2694
          2720 2706 1403 2701 1404 1405
          3099 1406 1407 2730 1408 1409
          3103 1410 1411 2707 2603 1412
          1413 1414 3107 2737 2716 1415
          3092 2709 1416 2673 1417 2661
          2724 2691 1418 1419 1420 3101
          2687 2732 3105 1421 1422 1423
          1424 2637 1425 1426 2735 1427
          1428 3106 2725 1429 1430 2715
          2733 2753 2710 3093 1431 1432
          1433 1434 1435 1436 2726 1437
          1438 2660 2758 1439 1440 2698
          2712 1441 1442 3098 1443 2734
          2731 1444 2700 2754 3096 1445
          1446 2711 2727 3108 2655 2739
          2749 2764 2744 1447 2740 2713
          1448 1449 2718 1450 1451 1452
          2759 1453 2742 1454 1455 3113
          2746 3110 2745 1456 2747 2640
          1457 1458 1459 3116 1460 2570
          2751 2719 2736 2748 2695 1461
          1462 2752 1463 1464 2738 2773
          2761 1465 1466 1467 1468 1469
          2781 1470 3121 1471 2775 1472
          2786 3119 1473 1474 2777 2760
          1475 2782 2755 1476 1477 1478
          2771 3112 2650 2788 3111 3097
          1479 2723 1480 2766 1481 1482
          1483 1484 2676 2618 1485 1486
          2765 1487 1488 2768 1489 2784
          2794 2779 2783 2774 1490 2743
          1491 2793 3124 2778 2780 1492
          1493 1494 2804 1495 1496 3115
          1497 2787 2799 2807 1498 1499
          2792 2767 2791 2803 1500 2756
          1501 3117 3102 2802 1502 3120
          1503 2789 2797 2805 1504 1505
          1506 1507 3088 1508 2763 2796
          2811 2795 1509 2808 2806 2801
          1510 2785 1511 1512 3109 2770
          2816 3123 2769 1513 3128 2818
          2815 2790 2819 1514 1515 2823
          1516 1517 2820 1518 1519 1520
          3125 1521 2762 1522 1523 2800
          1524 2757 2824 1525 2741 2798
          2772 2825 1526 2826 2829 1527
          2813 2776 1528 3114 2812 1529
          2836 1530 3129 3122 2833 2835
          1531 2837 2830 1532 2832 1533
          2821 1534 2841 1535 1536 1537
          2810 2838 2834 1538 2822 2839
          3126 2809 2827 1539 1540 1541
          1542 3127 1543 1544 2828 1545
          2840 1546 1547 1548 2844 2852
          2750 2851 1549 2848 2847 1550
          2853 2850 1551 1552 1553 2857
          1554 1555 2859 2842 2858 2817
          2854 1556 1557 1558 3118 1559
          2849 2863 2843 2831 2862 2814
          2856 1560 1561 2846 2861 2860
          1562 1563 2865 1564 2855 3130
          2864 1565 2868 1566 1567 2871
          2866 2869 2872 2870 2867 1568
          2845 2873 1569 2874 1570 2875
        </DataArray>
        <DataArray type="Int32" Name="upNodeId" format="ascii" RangeMin="5" RangeMax="3132">
          12 5 28 14 5 20
          21 12 14 72 36 20
          22 49 33 28 26 22
          61 24 21 24 26 42
          76 54 33 139 53 38
          48 52 187 38 36 139
          103 86 42 46 48 174
          46 54 67 124 49 53
          105 63 67 52 61 60
          86 63 127 66 150 60
          66 123 70 72 103 70
          79 158 83 79 76 82
          87 83 137 84 156 114
          114 82 85 157 84 146
          85 100 87 142 100 216
          331 117 170 107 167 99
          142 99 105 104 122 118
          104 107 111 159 811 137
          143 111 173 117 371 152
          162 136 158 118 124 222
          151 122 123 127 135 148
          159 134 136 155 134 135
          270 170 143 146 331 168
          156 205 173 229 157 150
          258 163 148 152 151 204
          155 161 186 214 179 161
          222 160 160 168 167 162
          163 171 258 174 473 180
          180 171 191 179 359 212
          216 187 179 318 214 191
          233 186 203 562 223 205
          260 443 204 193 393 193
          238 200 224 353 200 203
          248 229 223 279 212 220
          243 269 332 256 227 291
          220 250 279 228 274 445
          274 233 241 257 252 227
          271 224 228 269 251 256
          238 510 615 235 248 257
          235 243 265 241 254 255
          266 277 250 403 255 254
          265 289 260 252 251 300
          496 295 264 438 395 285
          443 339 294 270 264 271
          266 268 268 283 280 340
          359 280 623 306 283 277
          403 306 819 345 294 300
          289 311 285 353 377 306
          301 291 334 372 323 351
          295 301 311 547 319 308
          368 308 343 339 356 424
          318 338 319 332 323 356
          355 399 366 371 343 380
          326 338 384 349 326 334
          361 341 340 361 369 420
          388 380 548 366 392 355
          468 383 341 393 426 349
          345 370 425 374 364 562
          463 364 351 419 376 381
          368 385 382 472 396 496
          447 504 408 382 372 370
          407 385 369 376 588 377
          374 405 386 427 384 381
          383 446 387 408 386 402
          388 396 387 392 431 426
          491 453 399 395 405 438
          402 603 432 407 430 430
          462 432 470 449 419 415
          463 415 429 623 427 424
          440 420 500 522 441 453
          425 508 439 431 442 440
          470 449 429 452 434 475
          434 445 439 527 468 567
          681 441 442 485 446 474
          677 532 447 452 475 479
          553 621 461 479 462 544
          631 644 618 1119 461 491
          486 473 525 570 549 518
          472 539 501 495 502 474
          500 486 501 507 503 503
          485 544 502 508 550 522
          493 514 760 526 495 493
          575 504 538 554 526 525
          569 509 677 515 540 507
          509 524 568 514 530 510
          528 557 515 549 518 574
          555 578 527 540 576 528
          524 535 543 534 558 530
          532 543 534 561 535 558
          555 538 607 641 539 547
          575 595 663 554 550 592
          591 548 553 578 582 625
          595 567 557 561 607 588
          586 589 634 568 898 571
          570 693 630 586 569 571
          627 576 582 574 652 618
          589 602 653 592 645 617
          603 604 594 617 604 598
          594 591 658 597 606 616
          634 597 614 598 602 610
          619 674 606 711 610 616
          613 614 620 636 615 633
          613 619 640 621 642 637
          627 620 630 625 639 691
          645 631 670 632 898 635
          632 637 633 635 673 636
          639 644 687 640 641 642
          655 655 652 647 647 653
          656 685 657 661 656 660
          662 660 657 658 661 671
          662 680 663 670 680 676
          699 1251 830 709 671 673
          705 674 676 696 689 698
          701 768 681 685 693 689
          824 687 705 691 698 714
          720 696 1293 701 727 741
          699 748 980 722 702 702
          737 835 782 714 726 709
          711 743 816 737 786 723
          720 722 799 790 753 879
          723 764 726 741 818 729
          727 729 785 771 906 825
          824 750 764 775 768 744
          1135 827 744 743 746 746
          777 1020 750 748 777 872
          753 877 778 755 755 798
          835 792 799 760 839 783
          771 791 811 805 788 975
          785 825 775 778 1148 801
          783 918 800 787 786 877
          839 782 801 852 791 930
          787 788 790 792 803 806
          798 800 1042 843 828 890
          805 803 823 851 866 815
          815 806 818 890 896 920
          1056 816 951 889 852 830
          819 894 821 865 821 823
          886 827 1021 884 828 841
          838 999 838 866 856 857
          841 893 970 913 857 859
          856 843 886 887 876 926
          894 879 950 858 851 917
          865 943 878 908 872 858
          859 875 905 878 910 913
          943 1000 929 906 889 887
          936 897 939 904 875 876
          884 1020 930 1006 979 975
          1461 911 893 942 904 915
          896 910 1135 900 1063 900
          897 1004 911 928 1110 1143
          905 996 915 960 936 908
          914 924 914 1026 942 933
          945 928 924 917 954 918
          920 996 935 946 926 1009
          933 979 973 1028 929 1028
          951 935 1107 939 980 945
          982 1038 973 960 992 1026
          988 954 974 946 950 1055
          1193 988 972 1017 1056 982
          1058 1000 1050 1096 1003 984
          970 1017 1091 1054 1053 1050
          992 1005 1133 972 997 974
          976 1283 977 976 977 1004
          984 1110 1179 1002 1008 1105
          1008 1228 1093 1009 1086 1002
          1046 1041 1007 1128 1006 997
          1038 999 1087 1003 1021 1112
          1088 1007 1005 1029 1237 1030
          1044 1029 1033 1044 1030 1070
          1033 1253 1262 1055 1127 1165
          1096 1087 1408 1060 1035 1049
          1060 1193 1044 1035 1041 1040
          1207 1179 1051 1040 1347 1059
          1076 1098 1046 1042 1049 1113
          1053 1119 1051 1212 1058 1065
          1214 1059 1072 1054 1312 1079
          1177 1269 1142 1063 1068 1162
          1065 1071 1097 1068 1071 1102
          1070 1075 1076 1072 1075 1152
          1079 1088 1086 1118 1103 1104
          1124 1228 1152 1090 1105 1214
          1091 1147 1090 1155 1093 1097
          1158 1095 1095 1098 1202 1103
          1102 1142 1137 1213 1112 1104
          1126 1107 1262 1126 1343 1167
          1147 1211 1113 1118 1173 1167
          1223 1480 1124 1128 1260 1170
          1245 1156 1137 1153 1127 1133
          1143 1268 1251 1310 1176 1148
          1157 1218 1209 1153 1264 1363
          1185 1175 1223 1177 1189 1161
          1170 1155 1156 1365 1335 1248
          1529 1162 1212 1194 1157 1158
          1161 1181 1185 1165 1169 1277
          1201 1176 1169 1280 1194 1173
          1242 1245 1190 1175 1237 1181
          1189 1436 1213 1211 1226 1198
          1275 1234 1297 1227 1384 1209
          1198 1190 1202 1331 1231 1303
          1205 1259 1284 1255 1201 1371
          1529 1263 1205 1219 1339 1207
          1219 1218 1235 1374 1236 1235
          1258 1230 1293 1227 1292 1263
          1226 1323 1265 1266 1350 1294
          1236 1295 1230 1246 1231 1234
          1241 1388 1323 1247 1260 1376
          1242 1490 1290 1279 1241 1247
          1246 1281 1277 1258 1248 1253
          1264 1273 1489 1268 1280 1255
          1376 1259 1287 1282 1321 1275
          1305 1291 1292 1273 1265 1266
          1279 1346 1269 1328 1333 1387
          1303 1287 1291 1282 1312 1316
          1315 1281 1310 1284 1283 1294
          1290 1307 1288 1288 1297 1308
          1317 1422 1331 1384 1295 1305
          1336 1308 1321 1307 1348 1319
          1359 1340 1317 1313 1358 1313
          1366 1339 1327 1338 1315 1326
          1431 1316 1319 1327 1340 1334
          1588 1332 1329 1326 1358 1423
          1328 1342 1329 1332 1334 1336
          1333 1335 1343 1338 1351 1426
          1342 1354 1385 1375 1346 1546
          1375 1366 1347 1348 1350 1423
          1351 1354 1355 1401 1355 1359
          1377 1811 1438 1363 1609 1406
          1625 1365 1398 1371 1377 1373
          1399 1404 1398 1374 1373 1437
          1382 1422 1461 1395 1382 1412
          1504 1395 1385 1419 1388 1387
          1445 1403 1421 1462 1491 1454
          1418 1415 1399 1406 1489 1403
          1527 1401 1411 1426 1420 1404
          1408 1748 1411 1679 1412 1456
          1435 1435 1415 1464 1419 1418
          1534 1514 1420 1428 1421 1431
          1428 1444 1639 1491 1445 1436
          1438 1468 1464 1437 1508 1462
          1472 1444 1456 1452 1467 1495
          1476 1466 1471 1452 1475 1485
          1467 1589 1585 1510 1505 1473
          1454 1463 1463 1457 1457 1483
          1486 1552 1539 1503 1885 1466
          1485 1472 1468 1506 1471 1476
          1475 1473 1555 1480 1515 1508
          1794 1483 1674 1592 1490 1505
          1495 1486 1552 1521 1496 1570
          1496 2015 1503 1495 1506 1547
          1577 1559 1504 1609 1565 1660
          1518 1526 1682 1510 1515 1570
          1514 1901 1543 1544 1518 1668
          1811 1540 1602 1541 1527 1546
          1521 1583 1593 1526 1545 1607
          1670 1611 1539 1534 1551 1551
          1568 1541 1782 1558 1540 1768
          1624 1603 1618 1544 1557 1559
          1543 1571 1545 1557 1547 1562
          1582 1567 1725 1555 1562 1635
          1582 1571 1647 1558 1565 1586
          1568 1591 1577 1633 1579 1567
          1597 1583 1588 1803 1579 1591
          1610 1625 1605 1596 1589 1586
          1688 1597 1702 1602 1653 1585
          1726 1592 1593 1913 1687 1612
          1765 1635 1596 1640 1753 1649
          1603 1623 1619 1777 1623 1622
          1607 1605 1650 1610 1622 1620
          1612 1619 1611 1618 1639 1651
          1765 1762 1680 1737 1620 1624
          1645 1670 1640 1677 1660 1682
          1708 1667 1651 1857 1633 1794
          1710 1759 1813 1667 1699 1683
          2001 1645 1650 1666 1720 1677
          1795 1647 1806 1649 1656 1653
          1656 1714 1674 1666 1866 1659
          1659 1711 1671 1688 1671 1694
          1796 1750 1720 1729 1668 1679
          1680 1700 1724 1739 1813 1709
          1770 1736 1684 1696 1912 1683
          1684 1685 1687 1695 1685 1694
          1739 1710 1702 1727 1701 1776
          1762 1695 1696 1699 1700 1713
          1724 1713 1701 1708 1709 1747
          1779 1747 1839 2058 1711 1715
          1751 1715 1783 1714 1727 1725
          1785 1758 1746 1730 1726 1817
          1846 1732 1839 1730 1741 1729
          1769 1768 1732 1780 1736 1774
          1837 1825 1737 1741 1781 1779
          1751 1746 1788 1797 1761 1760
          1748 1755 1750 1768 1753 1770
          1809 1755 1773 1758 1786 1759
          1760 1782 1761 1763 1763 1769
          1853 1878 1785 1865 1777 1773
          1806 1825 1913 1774 1776 1807
          1780 1781 1798 1798 1783 1796
          1890 1786 1865 1838 1788 1823
          1795 1918 1934 1919 1815 2069
          1860 1797 1823 1803 1836 1890
          1874 1849 1817 1807 1927 1836
          1824 1809 1904 1815 2095 1860
          1869 1840 2140 1824 1847 1840
          1844 2032 1897 1832 2117 1835
          1832 1859 1967 1847 1893 1835
          1941 2019 1838 1859 1888 1837
          1842 1846 1849 1962 1842 1858
          1844 1878 1874 1851 1869 1948
          2427 1851 1974 1853 1958 1857
          1909 1888 2116 1858 1866 1999
          1930 2050 1921 1875 1916 2230
          1881 1936 1882 1875 2142 1899
          1935 2059 1883 1893 1946 2080
          1881 1952 1900 1882 1883 1885
          1920 1888 1946 1939 1897 1900
          2050 1905 1926 1910 2001 1948
          1967 1899 1944 1901 1910 1904
          1909 1983 1905 1912 1942 1944
          1980 1920 1916 1929 1918 1936
          2008 1952 1926 1958 1919 1921
          1945 1929 2029 1992 2003 1996
          1927 1945 1980 1930 1934 1982
          2022 1963 1935 1941 1939 1953
          1950 2015 2118 1942 1953 2072
          1974 1950 2005 2128 2031 2083
          1960 2034 2120 1962 1998 1986
          2012 2094 1960 2115 1986 2251
          1963 1982 2040 1969 2037 1969
          2005 2022 2268 2055 2141 2160
          1983 2094 1991 2036 2304 2019
          2046 2149 1993 1995 2107 2300
          1991 2017 2049 1993 2072 1992
          1995 1996 2045 2003 1998 2013
          1999 2013 2062 2010 2191 2010
          2008 2154 2060 2114 2021 2029
          2012 2321 2021 2017 2024 2107
          2125 2024 2114 2357 2235 2032
          2077 2218 2031 2236 2100 2040
          2142 2097 2041 2041 2034 2101
          2036 2209 2037 2049 2122 2111
          2268 2045 2239 2136 2108 2046
          2055 2077 2204 2054 2116 2054
          2145 2159 2060 2058 2246 2150
          2059 2080 2062 2189 2069 2231
          2087 2093 2140 2128 2074 2074
          2088 2367 2092 2117 2083 2120
          2086 2130 2198 2098 2087 2176
          2305 2086 2253 2164 2092 2088
          2095 2145 2124 2133 2093 2097
          2150 2100 2118 2098 2101 2167
          2115 2111 2179 2228 2281 2134
          2197 2108 2164 2136 2359 2123
          2249 2282 2129 2122 2137 2188
          2123 2240 2127 2159 2124 2133
          2125 2127 2200 2129 2137 2130
          2134 2230 2191 2154 2141 2410
          2167 2149 2207 2170 2163 2163
          2257 2175 2166 2206 2168 2214
          2354 2247 2212 2225 2180 2250
          2166 2182 2274 2169 2249 2160
          2232 2203 2233 2170 2198 2374
          2168 2175 2169 2176 2188 2260
          2283 2203 2218 2184 2179 2250
          2251 2180 2182 2183 2183 2184
          2189 2197 2221 2206 2207 2193
          2236 2193 2202 2200 2227 2202
          2245 2241 2248 2282 2204 2228
          2297 2258 2214 2271 2221 2209
          2315 2212 2243 2254 2225 2352
          2233 2346 2356 2345 2284 2248
          2261 2247 2231 2270 2302 2227
          2431 2232 2367 2416 2304 2359
          2235 2239 2366 2240 2270 2374
          2276 2241 2254 2245 2243 2482
          2257 2246 2253 2328 2276 2258
          2309 2473 2284 2260 2271 2382
          2291 2315 2274 2290 2261 2272
          2322 2373 2318 2275 2323 2299
          2339 2340 2272 2281 2275 2385
          2297 2283 2285 2421 2314 2333
          2285 2305 2331 2287 2326 2396
          2287 2290 2312 2306 2291 2299
          2390 2368 2347 2336 2557 2322
          2365 2300 2302 2402 2306 2310
          2308 2308 2309 2326 2310 2312
          2323 2373 2314 2397 2318 2319
          2447 2330 2319 2321 2521 2328
          2340 2331 2351 2357 2336 2422
          2330 2480 2333 2345 2444 2339
          2465 2365 2372 2460 2419 2346
          2396 2497 2375 2363 2360 2352
          2347 2351 2405 2366 2377 2354
          2356 2434 2369 2377 2360 2497
          2472 2416 2363 2381 2495 2368
          2369 2378 2378 2398 2375 2381
          2372 2636 2410 2460 2390 2382
          2397 2384 2385 2386 2867 2384
          2398 2424 2386 2450 2417 2412
          2438 2433 2427 2471 2534 2440
          2444 2440 2415 2535 2402 2556
          2415 2500 2405 2429 2527 2412
          2417 2422 2542 2431 2428 2535
          2419 2529 2545 2435 2430 2421
          2433 2429 2669 2424 2458 2570
          2428 2595 2492 2662 2434 2430
          2435 2743 2522 2718 2438 2447
          2473 2513 2442 2442 2507 2522
          2450 2499 2520 2483 2461 2458
          2457 2509 2457 2496 2520 2764
          2603 2569 2519 2461 2465 2668
          2489 2486 2511 2518 2521 2471
          2562 2484 2565 2491 2560 2472
          2480 2483 2486 2584 2545 2564
          2603 2919 2482 2492 2484 2511
          2489 2501 2495 2548 2555 2491
          2615 2499 2496 2561 2614 2518
          2567 2583 2568 2500 2501 2506
          2609 2567 2537 2506 2507 2509
          2684 2513 2693 2556 2554 2527
          2538 2524 2585 2553 2519 2524
          2593 2539 2583 2791 2534 2536
          2584 2529 2654 2536 2861 2701
          2667 2566 2553 2537 2538 2549
          2539 2542 2551 2735 2548 2558
          2559 2650 2586 2554 2549 2551
          2596 2555 2560 2558 2609 2557
          2577 2561 2559 2565 2648 2562
          2564 2906 2568 2566 2592 2624
          2569 2570 2577 2586 2661 2593
          2655 2692 2836 2585 2597 2612
          2617 2656 2815 2597 2592 2595
          2830 2777 2733 2629 2705 2645
          2624 2654 2677 2596 2610 2619
          2647 2705 2671 2663 2610 2664
          2648 2637 2775 2628 2733 2619
          2612 2665 2614 2629 2615 2617
          2918 2628 2722 2637 2666 2688
          2630 2694 2630 2663 2736 2706
          2636 2721 2647 2641 2664 2680
          2784 2657 2641 2669 2723 2686
          2779 2645 2693 2742 2685 2649
          2747 2649 2685 2650 2655 2666
          2872 2691 2711 2656 2657 2661
          2706 2703 2819 2662 2665 2783
          2725 2667 2740 2668 2677 2671
          2707 2736 2707 2828 2751 2698
          2728 2680 2734 2777 2684 2741
          2749 2763 2686 2725 2688 2737
          2691 2749 2773 2692 2694 2772
          2698 2804 2833 2703 2701 2820
          2843 2710 2721 2723 2801 2823
          2737 2918 2770 2710 2711 2718
          2846 2869 2748 2730 2745 2911
          2722 2778 2798 2743 2730 2783
          2763 2728 2812 2834 2744 2746
          2734 2744 2757 2754 2735 2740
          2760 2768 2826 2785 2741 2742
          2745 2754 2747 2746 2757 2748
          2775 2836 2751 2797 2802 2764
          2779 2825 2794 2760 2870 2867
          2768 2769 2878 2850 2778 2837
          2842 3016 2769 2770 2772 2852
          2773 2784 2872 2785 2791 2816
          2794 2786 2798 2933 2840 2786
          2801 2802 2805 2858 2856 2860
          2871 2805 2838 3072 2797 2868
          2852 2888 2857 2875 2803 2803
          2819 2804 2815 2812 2829 2900
          2957 3013 2812 2816 2878 2850
          2869 2823 2830 2820 2897 2826
          2835 2861 2880 2825 3008 2828
          2833 2974 2829 2838 2840 2839
          2922 2834 2835 2837 2928 2855
          2839 2842 2865 2913 2843 2846
          2953 2925 2856 2990 2870 2987
          2888 2904 2855 2871 2922 2860
          2857 2858 2865 2875 2880 2974
          3018 2879 2931 2868 2890 2979
          2879 2986 2908 2959 2909 3025
          2896 2893 2937 2919 2905 2886
          2927 2929 2938 2886 2899 2930
          2890 2927 2907 2983 2892 2892
          2893 2896 2947 2907 2897 2899
          2965 2900 2904 2995 2954 2952
          2905 2906 2909 2908 2929 2911
          2935 2913 2928 2925 2977 2975
          2966 3017 2960 2972 2948 3011
          2938 2966 2981 2930 2961 2933
          2936 2937 2931 2935 2955 2945
          2942 2936 2942 2954 2955 2967
          2980 2949 2945 2948 2979 2947
          3055 2949 2957 2952 3048 2976
          2953 2955 2986 2959 3028 2963
          3011 2960 2961 2963 3024 2965
          3101 2967 3006 2972 2994 2988
          3089 3008 2975 2993 2989 2976
          2977 2980 2996 2987 2981 2983
          3002 2988 3017 3042 2990 2989
          2992 2992 2999 3052 2993 2994
          2995 2996 3002 2999 3014 3006
          3019 3021 3013 3056 3064 3022
          3014 3038 3033 3038 3099 3054
          3040 3018 3016 3034 3027 3025
          3019 3021 3050 3022 3024 3035
          3028 3027 3030 3032 3030 3037
          3032 3049 3033 3034 3035 3037
          3053 3040 3055 3066 3042 3044
          3044 3087 3048 3098 3089 3070
          3049 3050 3052 3126 3053 3054
          3056 3061 3061 3072 3105 3076
          3075 3064 3096 3079 3066 3073
          3070 3071 3078 3090 3071 3073
          3094 3075 3112 3076 3078 3102
          3079 3083 3083 3088 3086 3086
          3107 3106 3087 3088 3089 3090
          3094 3100 3097 3114 3096 3110
          3097 3098 3099 3100 3101 3102
          3105 3112 3120 3106 3107 3110
          3124 3116 3113 3121 3113 3114
          3116 3123 3119 3119 3122 3120
          3121 3122 3123 3124 3126 3127
          3127 3129 3129 3131 3131 3132
        </DataArray>
        <DataArray type="Int32" Name="downNodeId" format="ascii" RangeMin="0" RangeMax="3131">
          0 1 2 3 4 5
          6 7 8 9 10 11
          12 13 14 15 16 17
          18 19 20 21 22 23
          24 25 26 27 28 29
          30 31 32 33 34 35
          36 37 38 39 40 41
          42 43 44 45 46 47
          48 49 50 51 52 53
          54 55 56 57 58 59
          60 61 62 63 64 65
          66 67 68 69 70 71
          72 73 74 75 76 77
          78 79 80 81 82 83
          84 85 86 87 88 89
          90 91 92 93 94 95
          96 97 98 99 100 101
          102 103 104 105 106 107
          108 109 110 111 112 113
          114 115 116 117 118 119
          120 121 122 123 124 125
          126 127 128 129 130 131
          132 133 134 135 136 137
          138 139 140 141 142 143
          144 145 146 147 148 149
          150 151 152 153 154 155
          156 157 158 159 160 161
          162 163 164 165 166 167
          168 169 170 171 172 173
          174 175 176 177 178 179
          180 181 182 183 184 185
          186 187 188 189 190 191
          192 193 194 195 196 197
          198 199 200 201 202 203
          204 205 206 207 208 209
          210 211 212 213 214 215
          216 217 218 219 220 221
          222 223 224 225 226 227
          228 229 230 231 232 233
          234 235 236 237 238 239
          240 241 242 243 244 245
          246 247 248 249 250 251
          252 253 254 255 256 257
          258 259 260 261 262 263
          264 265 266 267 268 269
          270 271 272 273 274 275
          276 277 278 279 280 281
          282 283 284 285 286 287
          288 289 290 291 292 293
          294 295 296 297 298 299
          300 301 302 303 304 305
          306 307 308 309 310 311
          312 313 314 315 316 317
          318 319 320 321 322 323
          324 325 326 327 328 329
          330 331 332 333 334 335
          336 337 338 339 340 341
          342 343 344 345 346 347
          348 349 350 351 352 353
          354 355 356 357 358 359
          360 361 362 363 364 365
          366 367 368 369 370 371
          372 373 374 375 376 377
          378 379 380 381 382 383
          384 385 386 387 388 389
          390 391 392 393 394 395
          396 397 398 399 400 401
          402 403 404 405 406 407
          408 409 410 411 412 413
          414 415 416 417 418 419
          420 421 422 423 424 425
          426 427 428 429 430 431
          432 433 434 435 436 437
          438 439 440 441 442 443
          444 445 446 447 448 449
          450 451 452 453 454 455
          456 457 458 459 460 461
          462 463 464 465 466 467
          468 469 470 471 472 473
          474 475 476 477 478 479
          480 481 482 483 484 485
          486 487 488 489 490 491
          492 493 494 495 496 497
          498 499 500 501 502 503
          504 505 506 507 508 509
          510 511 512 513 514 515
          516 517 518 519 520 521
          522 523 524 525 526 527
          528 529 530 531 532 533
          534 535 536 537 538 539
          540 541 542 543 544 545
          546 547 548 549 550 551
          552 553 554 555 556 557
          558 559 560 561 562 563
          564 565 566 567 568 569
          570 571 572 573 574 575
          576 577 578 579 580 581
          582 583 584 585 586 587
          588 589 590 591 592 593
          594 595 596 597 598 599
          600 601 602 603 604 605
          606 607 608 609 610 611
          612 613 614 615 616 617
          618 619 620 621 622 623
          624 625 626 627 628 629
          630 631 632 633 634 635
          636 637 638 639 640 641
          642 643 644 645 646 647
          648 649 650 651 652 653
          654 655 656 657 658 659
          660 661 662 663 664 665
          666 667 668 669 670 671
          672 673 674 675 676 677
          678 679 680 681 682 683
          684 685 686 687 688 689
          690 691 692 693 694 695
          696 697 698 699 700 701
          702 703 704 705 706 707
          708 709 710 711 712 713
          714 715 716 717 718 719
          720 721 722 723 724 725
          726 727 728 729 730 731
          732 733 734 735 736 737
          738 739 740 741 742 743
          744 745 746 747 748 749
          750 751 752 753 754 755
          756 757 758 759 760 761
          762 763 764 765 766 767
          768 769 770 771 772 773
          774 775 776 777 778 779
          780 781 782 783 784 785
          786 787 788 789 790 791
          792 793 794 795 796 797
          798 799 800 801 802 803
          804 805 806 807 808 809
          810 811 812 813 814 815
          816 817 818 819 820 821
          822 823 824 825 826 827
          828 829 830 831 832 833
          834 835 836 837 838 839
          840 841 842 843 844 845
          846 847 848 849 850 851
          852 853 854 855 856 857
          858 859 860 861 862 863
          864 865 866 867 868 869
          870 871 872 873 874 875
          876 877 878 879 880 881
          882 883 884 885 886 887
          888 889 890 891 892 893
          894 895 896 897 898 899
          900 901 902 903 904 905
          906 907 908 909 910 911
          912 913 914 915 916 917
          918 919 920 921 922 923
          924 925 926 927 928 929
          930 931 932 933 934 935
          936 937 938 939 940 941
          942 943 944 945 946 947
          948 949 950 951 952 953
          954 955 956 957 958 959
          960 961 962 963 964 965
          966 967 968 969 970 971
          972 973 974 975 976 977
          978 979 980 981 982 983
          984 985 986 987 988 989
          990 991 992 993 994 995
          996 997 998 999 1000 1001
          1002 1003 1004 1005 1006 1007
          1008 1009 1010 1011 1012 1013
          1014 1015 1016 1017 1018 1019
          1020 1021 1022 1023 1024 1025
          1026 1027 1028 1029 1030 1031
          1032 1033 1034 1035 1036 1037
          1038 1039 1040 1041 1042 1043
          1044 1045 1046 1047 1048 1049
          1050 1051 1052 1053 1054 1055
          1056 1057 1058 1059 1060 1061
          1062 1063 1064 1065 1066 1067
          1068 1069 1070 1071 1072 1073
          1074 1075 1076 1077 1078 1079
          1080 1081 1082 1083 1084 1085
          1086 1087 1088 1089 1090 1091
          1092 1093 1094 1095 1096 1097
          1098 1099 1100 1101 1102 1103
          1104 1105 1106 1107 1108 1109
          1110 1111 1112 1113 1114 1115
          1116 1117 1118 1119 1120 1121
          1122 1123 1124 1125 1126 1127
          1128 1129 1130 1131 1132 1133
          1134 1135 1136 1137 1138 1139
          1140 1141 1142 1143 1144 1145
          1146 1147 1148 1149 1150 1151
          1152 1153 1154 1155 1156 1157
          1158 1159 1160 1161 1162 1163
          1164 1165 1166 1167 1168 1169
          1170 1171 1172 1173 1174 1175
          1176 1177 1178 1179 1180 1181
          1182 1183 1184 1185 1186 1187
          1188 1189 1190 1191 1192 1193
          1194 1195 1196 1197 1198 1199
          1200 1201 1202 1203 1204 1205
          1206 1207 1208 1209 1210 1211
          1212 1213 1214 1215 1216 1217
          1218 1219 1220 1221 1222 1223
          1224 1225 1226 1227 1228 1229
          1230 1231 1232 1233 1234 1235
          1236 1237 1238 1239 1240 1241
          1242 1243 1244 1245 1246 1247
          1248 1249 1250 1251 1252 1253
          1254 1255 1256 1257 1258 1259
          1260 1261 1262 1263 1264 1265
          1266 1267 1268 1269 1270 1271
          1272 1273 1274 1275 1276 1277
          1278 1279 1280 1281 1282 1283
          1284 1285 1286 1287 1288 1289
          1290 1291 1292 1293 1294 1295
          1296 1297 1298 1299 1300 1301
          1302 1303 1304 1305 1306 1307
          1308 1309 1310 1311 1312 1313
          1314 1315 1316 1317 1318 1319
          1320 1321 1322 1323 1324 1325
          1326 1327 1328 1329 1330 1331
          1332 1333 1334 1335 1336 1337
          1338 1339 1340 1341 1342 1343
          1344 1345 1346 1347 1348 1349
          1350 1351 1352 1353 1354 1355
          1356 1357 1358 1359 1360 1361
          1362 1363 1364 1365 1366 1367
          1368 1369 1370 1371 1372 1373
          1374 1375 1376 1377 1378 1379
          1380 1381 1382 1383 1384 1385
          1386 1387 1388 1389 1390 1391
          1392 1393 1394 1395 1396 1397
          1398 1399 1400 1401 1402 1403
          1404 1405 1406 1407 1408 1409
          1410 1411 1412 1413 1414 1415
          1416 1417 1418 1419 1420 1421
          1422 1423 1424 1425 1426 1427
          1428 1429 1430 1431 1432 1433
          1434 1435 1436 1437 1438 1439
          1440 1441 1442 1443 1444 1445
          1446 1447 1448 1449 1450 1451
          1452 1453 1454 1455 1456 1457
          1458 1459 1460 1461 1462 1463
          1464 1465 1466 1467 1468 1469
          1470 1471 1472 1473 1474 1475
          1476 1477 1478 1479 1480 1481
          1482 1483 1484 1485 1486 1487
          1488 1489 1490 1491 1492 1493
          1494 1495 1496 1497 1498 1499
          1500 1501 1502 1503 1504 1505
          1506 1507 1508 1509 1510 1511
          1512 1513 1514 1515 1516 1517
          1518 1519 1520 1521 1522 1523
          1524 1525 1526 1527 1528 1529
          1530 1531 1532 1533 1534 1535
          1536 1537 1538 1539 1540 1541
          1542 1543 1544 1545 1546 1547
          1548 1549 1550 1551 1552 1553
          1554 1555 1556 1557 1558 1559
          1560 1561 1562 1563 1564 1565
          1566 1567 1568 1569 1570 1571
          1572 1573 1574 1575 1576 1577
          1578 1579 1580 1581 1582 1583
          1584 1585 1586 1587 1588 1589
          1590 1591 1592 1593 1594 1595
          1596 1597 1598 1599 1600 1601
          1602 1603 1604 1605 1606 1607
          1608 1609 1610 1611 1612 1613
          1614 1615 1616 1617 1618 1619
          1620 1621 1622 1623 1624 1625
          1626 1627 1628 1629 1630 1631
          1632 1633 1634 1635 1636 1637
          1638 1639 1640 1641 1642 1643
          1644 1645 1646 1647 1648 1649
          1650 1651 1652 1653 1654 1655
          1656 1657 1658 1659 1660 1661
          1662 1663 1664 1665 1666 1667
          1668 1669 1670 1671 1672 1673
          1674 1675 1676 1677 1678 1679
          1680 1681 1682 1683 1684 1685
          1686 1687 1688 1689 1690 1691
          1692 1693 1694 1695 1696 1697
          1698 1699 1700 1701 1702 1703
          1704 1705 1706 1707 1708 1709
          1710 1711 1712 1713 1714 1715
          1716 1717 1718 1719 1720 1721
          1722 1723 1724 1725 1726 1727
          1728 1729 1730 1731 1732 1733
          1734 1735 1736 1737 1738 1739
          1740 1741 1742 1743 1744 1745
          1746 1747 1748 1749 1750 1751
          1752 1753 1754 1755 1756 1757
          1758 1759 1760 1761 1762 1763
          1764 1765 1766 1767 1768 1769
          1770 1771 1772 1773 1774 1775
          1776 1777 1778 1779 1780 1781
          1782 1783 1784 1785 1786 1787
          1788 1789 1790 1791 1792 1793
          1794 1795 1796 1797 1798 1799
          1800 1801 1802 1803 1804 1805
          1806 1807 1808 1809 1810 1811
          1812 1813 1814 1815 1816 1817
          1818 1819 1820 1821 1822 1823
          1824 1825 1826 1827 1828 1829
          1830 1831 1832 1833 1834 1835
          1836 1837 1838 1839 1840 1841
          1842 1843 1844 1845 1846 1847
          1848 1849 1850 1851 1852 1853
          1854 1855 1856 1857 1858 1859
          1860 1861 1862 1863 1864 1865
          1866 1867 1868 1869 1870 1871
          1872 1873 1874 1875 1876 1877
          1878 1879 1880 1881 1882 1883
          1884 1885 1886 1887 1888 1889
          1890 1891 1892 1893 1894 1895
          1896 1897 1898 1899 1900 1901
          1902 1903 1904 1905 1906 1907
          1908 1909 1910 1911 1912 1913
          1914 1915 1916 1917 1918 1919
          1920 1921 1922 1923 1924 1925
          1926 1927 1928 1929 1930 1931
          1932 1933 1934 1935 1936 1937
          1938 1939 1940 1941 1942 1943
          1944 1945 1946 1947 1948 1949
          1950 1951 1952 1953 1954 1955
          1956 1957 1958 1959 1960 1961
          1962 1963 1964 1965 1966 1967
          1968 1969 1970 1971 1972 1973
          1974 1975 1976 1977 1978 1979
          1980 1981 1982 1983 1984 1985
          1986 1987 1988 1989 1990 1991
          1992 1993 1994 1995 1996 1997
          1998 1999 2000 2001 2002 2003
          2004 2005 2006 2007 2008 2009
          2010 2011 2012 2013 2014 2015
          2016 2017 2018 2019 2020 2021
          2022 2023 2024 2025 2026 2027
          2028 2029 2030 2031 2032 2033
          2034 2035 2036 2037 2038 2039
          2040 2041 2042 2043 2044 2045
          2046 2047 2048 2049 2050 2051
          2052 2053 2054 2055 2056 2057
          2058 2059 2060 2061 2062 2063
          2064 2065 2066 2067 2068 2069
          2070 2071 2072 2073 2074 2075
          2076 2077 2078 2079 2080 2081
          2082 2083 2084 2085 2086 2087
          2088 2089 2090 2091 2092 2093
          2094 2095 2096 2097 2098 2099
          2100 2101 2102 2103 2104 2105
          2106 2107 2108 2109 2110 2111
          2112 2113 2114 2115 2116 2117
          2118 2119 2120 2121 2122 2123
          2124 2125 2126 2127 2128 2129
          2130 2131 2132 2133 2134 2135
          2136 2137 2138 2139 2140 2141
          2142 2143 2144 2145 2146 2147
          2148 2149 2150 2151 2152 2153
          2154 2155 2156 2157 2158 2159
          2160 2161 2162 2163 2164 2165
          2166 2167 2168 2169 2170 2171
          2172 2173 2174 2175 2176 2177
          2178 2179 2180 2181 2182 2183
          2184 2185 2186 2187 2188 2189
          2190 2191 2192 2193 2194 2195
          2196 2197 2198 2199 2200 2201
          2202 2203 2204 2205 2206 2207
          2208 2209 2210 2211 2212 2213
          2214 2215 2216 2217 2218 2219
          2220 2221 2222 2223 2224 2225
          2226 2227 2228 2229 2230 2231
          2232 2233 2234 2235 2236 2237
          2238 2239 2240 2241 2242 2243
          2244 2245 2246 2247 2248 2249
          2250 2251 2252 2253 2254 2255
          2256 2257 2258 2259 2260 2261
          2262 2263 2264 2265 2266 2267
          2268 2269 2270 2271 2272 2273
          2274 2275 2276 2277 2278 2279
          2280 2281 2282 2283 2284 2285
          2286 2287 2288 2289 2290 2291
          2292 2293 2294 2295 2296 2297
          2298 2299 2300 2301 2302 2303
          2304 2305 2306 2307 2308 2309
          2310 2311 2312 2313 2314 2315
          2316 2317 2318 2319 2320 2321
          2322 2323 2324 2325 2326 2327
          2328 2329 2330 2331 2332 2333
          2334 2335 2336 2337 2338 2339
          2340 2341 2342 2343 2344 2345
          2346 2347 2348 2349 2350 2351
          2352 2353 2354 2355 2356 2357
          2358 2359 2360 2361 2362 2363
          2364 2365 2366 2367 2368 2369
          2370 2371 2372 2373 2374 2375
          2376 2377 2378 2379 2380 2381
          2382 2383 2384 2385 2386 2387
          2388 2389 2390 2391 2392 2393
          2394 2395 2396 2397 2398 2399
          2400 2401 2402 2403 2404 2405
          2406 2407 2408 2409 2410 2411
          2412 2413 2414 2415 2416 2417
          2418 2419 2420 2421 2422 2423
          2424 2425 2426 2427 2428 2429
          2430 2431 2432 2433 2434 2435
          2436 2437 2438 2439 2440 2441
          2442 2443 2444 2445 2446 2447
          2448 2449 2450 2451 2452 2453
          2454 2455 2456 2457 2458 2459
          2460 2461 2462 2463 2464 2465
          2466 2467 2468 2469 2470 2471
          2472 2473 2474 2475 2476 2477
          2478 2479 2480 2481 2482 2483
          2484 2485 2486 2487 2488 2489
          2490 2491 2492 2493 2494 2495
          2496 2497 2498 2499 2500 2501
          2502 2503 2504 2505 2506 2507
          2508 2509 2510 2511 2512 2513
          2514 2515 2516 2517 2518 2519
          2520 2521 2522 2523 2524 2525
          2526 2527 2528 2529 2530 2531
          2532 2533 2534 2535 2536 2537
          2538 2539 2540 2541 2542 2543
          2544 2545 2546 2547 2548 2549
          2550 2551 2552 2553 2554 2555
          2556 2557 2558 2559 2560 2561
          2562 2563 2564 2565 2566 2567
          2568 2569 2570 2571 2572 2573
          2574 2575 2576 2577 2578 2579
          2580 2581 2582 2583 2584 2585
          2586 2587 2588 2589 2590 2591
          2592 2593 2594 2595 2596 2597
          2598 2599 2600 2601 2602 2603
          2604 2605 2606 2607 2608 2609
          2610 2611 2612 2613 2614 2615
          2616 2617 2618 2619 2620 2621
          2622 2623 2624 2625 2626 2627
          2628 2629 2630 2631 2632 2633
          2634 2635 2636 2637 2638 2639
          2640 2641 2642 2643 2644 2645
          2646 2647 2648 2649 2650 2651
          2652 2653 2654 2655 2656 2657
          2658 2659 2660 2661 2662 2663
          2664 2665 2666 2667 2668 2669
          2670 2671 2672 2673 2674 2675
          2676 2677 2678 2679 2680 2681
          2682 2683 2684 2685 2686 2687
          2688 2689 2690 2691 2692 2693
          2694 2695 2696 2697 2698 2699
          2700 2701 2702 2703 2704 2705
          2706 2707 2708 2709 2710 2711
          2712 2713 2714 2715 2716 2717
          2718 2719 2720 2721 2722 2723
          2724 2725 2726 2727 2728 2729
          2730 2731 2732 2733 2734 2735
          2736 2737 2738 2739 2740 2741
          2742 2743 2744 2745 2746 2747
          2748 2749 2750 2751 2752 2753
          2754 2755 2756 2757 2758 2759
          2760 2761 2762 2763 2764 2765
          2766 2767 2768 2769 2770 2771
          2772 2773 2774 2775 2776 2777
          2778 2779 2780 2781 2782 2783
          2784 2785 2786 2787 2788 2789
          2790 2791 2792 2793 2794 2795
          2796 2797 2798 2799 2800 2801
          2802 2803 2804 2805 2806 2807
          2808 2809 2810 2811 2812 2813
          2814 2815 2816 2817 2818 2819
          2820 2821 2822 2823 2824 2825
          2826 2827 2828 2829 2830 2831
          2832 2833 2834 2835 2836 2837
          2838 2839 2840 2841 2842 2843
          2844 2845 2846 2847 2848 2849
          2850 2851 2852 2853 2854 2855
          2856 2857 2858 2859 2860 2861
          2862 2863 2864 2865 2866 2867
          2868 2869 2870 2871 2872 2873
          2874 2875 2876 2877 2878 2879
          2880 2881 2882 2883 2884 2885
          2886 2887 2888 2889 2890 2891
          2892 2893 2894 2895 2896 2897
          2898 2899 2900 2901 2902 2903
          2904 2905 2906 2907 2908 2909
          2910 2911 2912 2913 2914 2915
          2916 2917 2918 2919 2920 2921
          2922 2923 2924 2925 2926 2927
          2928 2929 2930 2931 2932 2933
          2934 2935 2936 2937 2938 2939
          2940 2941 2942 2943 2944 2945
          2946 2947 2948 2949 2950 2951
          2952 2953 2954 2955 2956 2957
          2958 2959 2960 2961 2962 2963
          2964 2965 2966 2967 2968 2969
          2970 2971 2972 2973 2974 2975
          2976 2977 2978 2979 2980 2981
          2982 2983 2984 2985 2986 2987
          2988 2989 2990 2991 2992 2993
          2994 2995 2996 2997 2998 2999
          3000 3001 3002 3003 3004 3005
          3006 3007 3008 3009 3010 3011
          3012 3013 3014 3015 3016 3017
          3018 3019 3020 3021 3022 3023
          3024 3025 3026 3027 3028 3029
          3030 3031 3032 3033 3034 3035
          3036 3037 3038 3039 3040 3041
          3042 3043 3044 3045 3046 3047
          3048 3049 3050 3051 3052 3053
          3054 3055 3056 3057 3058 3059
          3060 3061 3062 3063 3064 3065
          3066 3067 3068 3069 3070 3071
          3072 3073 3074 3075 3076 3077
          3078 3079 3080 3081 3082 3083
          3084 3085 3086 3087 3088 3089
          3090 3091 3092 3093 3094 3095
          3096 3097 3098 3099 3100 3101
          3102 3103 3104 3105 3106 3107
          3108 3109 3110 3111 3112 3113
          3114 3115 3116 3117 3118 3119
          3120 3121 3122 3123 3124 3125
          3126 3127 3128 3129 3130 3131
        </DataArray>
        <DataArray type="Int32" Name="RegionSize" format="ascii" RangeMin="0" RangeMax="291">
          2 1 3 0 0 2
          1 1 2 3 5 1
          3 2 4 3 1 0
          8 1 1 0 3 0
          25 1 0 9 16 1
          0 1 11 12 0 7
          11 2 8 1 0 9
          3 0 0 14 6 0
          3 7 1 0 0 3
          4 0 10 3 3 0
          4 13 0 4 0 0
          15 10 3 1 4 1
          3 0 3 0 28 1
          8 1 0 3 1 24
          0 17 0 41 1 13
          14 1 11 0 0 0
          1 0 0 0 16 0
          0 1 0 7 10 3
          4 0 2 3 6 3
          7 0 1 0 5 20
          4 0 0 7 10 1
          1 9 0 0 0 0
          20 4 8 6 18 11
          1 12 2 8 6 22
          3 2 6 0 4 10
          7 26 7 8 4 20
          26 6 2 1 4 0
          2 48 3 0 19 12
          3 0 4 15 6 6
          6 0 0 7 1 32
          32 0 0 5 3 0
          16 13 1 0 23 15
          0 18 1 3 0 0
          6 0 60 6 0 2
          4 7 5 1 0 3
          0 5 11 1 7 11
          11 0 0 2 6 0
          22 0 7 1 0 3
          18 28 14 1 0 14
          0 0 0 0 23 0
          0 1 0 30 0 1
          0 2 1 0 0 6
          59 3 20 6 11 20
          16 7 18 0 0 0
          4 0 5 1 19 13
          10 4 5 1 1 0
          11 5 9 23 47 3
          0 10 0 30 0 0
          0 0 3 14 1 3
          3 8 0 8 0 0
          19 21 1 2 3 10
          3 1 36 0 1 15
          2 0 0 1 2 0
          0 29 0 0 1 0
          3 0 0 0 3 0
          2 4 11 0 3 0
          10 0 2 8 30 3
          0 1 2 5 2 1
          0 10 0 9 0 10
          0 4 6 5 2 20
          1 14 2 0 22 1
          5 0 1 3 34 1
          1 1 20 1 2 0
          0 3 1 14 0 1
          2 3 5 18 13 1
          1 2 22 0 0 24
          6 6 0 20 1 4
          14 11 0 8 1 26
          15 0 1 2 1 0
          1 7 0 5 0 5
          8 3 0 0 1 25
          12 2 0 0 0 22
          2 0 1 0 0 6
          48 0 0 18 16 2
          4 1 3 9 0 14
          0 6 19 8 0 0
          6 5 4 16 0 82
          14 4 1 3 6 1
          0 0 18 0 6 0
          12 2 0 0 0 13
          0 0 0 0 0 11
          6 1 19 0 0 2
          0 27 0 7 6 0
          1 2 55 5 11 0
          7 0 2 3 2 1
          36 2 0 1 2 11
          0 1 6 0 1 0
          0 1 13 0 14 1
          26 1 10 0 15 0
          28 11 0 2 0 22
          1 1 0 5 0 0
          1 0 10 5 0 1
          4 30 2 5 0 19
          10 0 2 4 14 0
          0 3 1 61 2 1
          4 8 0 0 21 9
          11 0 12 0 1 0
          1 0 0 0 54 1
          5 0 1 4 0 0
          14 0 0 3 1 0
          0 0 6 12 15 0
          3 0 0 0 15 0
          0 1 1 3 0 0
          0 0 11 7 0 1
          0 19 1 2 3 0
          8 13 2 3 37 1
          2 20 4 1 1 0
          18 0 26 0 0 0
          0 2 0 0 13 4
          1 26 0 7 35 0
          2 86 2 14 1 0
          0 15 13 0 9 9
          1 2 4 0 95 14
          0 3 8 27 0 0
          2 26 0 22 0 91
          0 30 10 1 1 1
          12 0 68 163 0 0
          13 12 5 0 1 0
          0 0 4 7 0 1
          25 0 2 2 1 3
          17 0 15 84 2 0
          6 4 2 291 6 8
          1 1 0 5 0 2
          2 2 0 3 0 16
          12 5 13 0 2 4
          13 0 0 6 1 90
          2 4 0 0 11 1
          0 0 0 0 0 12
          0 1 0 38 7 1
          0 19 1 5 33 0
          1 0 2 1 0 15
          1 1 13 0 68 2
          0 0 10 1 0 0
          15 0 0 6 1 41
          0 0 26 0 0 3
          4 0 0 4 0 47
          0 2 1 4 0 2
          3 6 3 4 0 20
          0 3 24 0 1 0
          0 7 9 1 68 1
          0 11 3 53 1 0
          0 0 5 0 0 13
          0 1 0 0 0 1
          4 62 0 0 0 0
          0 15 2 0 0 0
          0 0 13 0 0 3
          21 5 1 11 0 0
          6 0 42 0 0 38
          0 1 7 0 6 22
          0 4 0 7 9 14
          10 2 0 0 7 18
          1 0 14 0 3 1
          1 1 31 0 0 0
          0 0 24 1 0 0
          29 0 2 4 2 26
          3 0 4 43 0 36
          9 1 0 86 0 0
          4 0 0 10 9 0
          5 0 28 5 2 0
          1 1 0 1 0 0
          17 0 2 1 1 0
          1 0 6 0 73 0
          3 13 0 1 2 36
          0 1 19 0 1 2
          0 2 0 0 17 1
          1 1 1 2 0 0
          2 7 1 14 3 1
          1 17 0 29 10 52
          9 0 1 1 0 4
          0 1 7 6 2 4
          5 7 6 1 0 0
          1 10 4 3 37 0
          8 5 0 7 15 0
          1 0 5 0 21 5
          9 2 15 9 0 47
          4 7 0 0 73 3
          11 11 4 14 1 0
          0 15 0 10 0 0
          12 0 22 4 3 0
          0 22 40 0 0 5
          0 1 0 0 0 1
          9 14 4 1 5 19
          3 4 0 6 16 17
          5 1 2 6 33 2
          93 0 6 1 7 1
          4 1 2 5 3 2
          3 12 11 1 1 0
          4 0 26 0 0 23
          1 1 4 8 1 63
          0 5 2 26 5 1
          0 1 8 8 0 0
          0 2 24 4 5 4
          14 18 1 11 2 16
          5 0 0 15 10 1
          0 39 0 9 0 4
          6 1 0 1 2 9
          40 67 0 3 1 26
          2 1 1 0 2 0
          0 4 33 1 1 8
          3 1 1 2 3 3
          7 72 10 1 3 12
          0 35 0 7 1 4
          1 2 1 1 0 0
          30 2 0 1 4 5
          0 0 7 1 0 0
          27 7 1 0 1 12
          0 16 1 2 0 16
          0 0 0 0 0 8
          5 0 2 3 0 3
          1 12 0 1 10 36
          1 0 3 7 0 1
          5 1 0 12 4 0
          0 21 1 15 3 2
          0 0 9 0 2 46
          5 0 0 0 7 0
          14 6 0 7 1 41
          1 12 0 0 0 0
          0 5 0 30 1 0
          68 0 1 0 0 43
          1 0 2 5 0 6
          10 1 1 0 1 8
          4 15 1 7 0 1
          1 12 7 15 1 2
          46 0 7 0 22 57
          0 0 4 4 11 2
          1 54 0 1 25 21
          0 3 3 30 4 1
          6 5 0 20 17 0
          0 3 0 49 0 3
          23 1 13 12 0 0
          1 0 5 0 1 10
          1 87 6 0 0 0
          0 2 1 14 0 0
          4 0 0 1 0 3
          33 7 0 4 14 2
          1 14 18 0 0 18
          3 0 7 0 0 55
          1 0 10 0 1 0
          2 0 1 17 1 0
          0 4 8 69 7 0
          1 0 0 0 33 14
          1 1 2 1 1 0
          2 0 46 0 0 9
          0 1 1 1 12 13
          0 1 0 14 16 0
          0 7 4 23 1 25
          3 0 7 3 45 0
          1 2 0 9 3 3
          0 10 55 0 0 1
          0 2 1 1 0 6
          2 0 2 36 7 2
          3 11 31 0 54 1
          4 1 18 6 0 0
          7 0 0 19 0 0
          2 0 16 0 1 2
          1 0 3 0 0 6
          0 3 2 9 2 4
          0 21 1 55 0 0
          1 0 0 0 0 0
          1 5 2 0 39 8
          0 0 2 0 0 5
          1 62 0 1 2 20
          0 0 0 0 0 4
          1 1 6 0 2 0
          1 47 9 10 8 3
          1 33 2 24 1 0
          50 0 0 3 0 0
          2 5 0 23 0 2
          0 0 5 29 1 0
          4 2 0 1 4 0
          61 0 1 12 1 1
          0 0 0 2 0 1
          0 2 5 25 2 0
          6 1 7 2 0 0
          5 2 2 3 0 8
          2 1 0 56 2 0
          0 0 0 31 1 1
          4 1 0 2 2 10
          67 1 1 7 1 0
          8 1 0 2 1 1
          9 0 0 10 5 23
          1 1 14 0 0 0
          1 0 12 2 12 0
          0 8 3 17 5 0
          0 0 0 1 11 8
          10 19 0 0 12 31
          1 2 0 0 0 1
          1 0 5 20 1 0
          1 33 12 0 18 0
          2 0 17 36 1 7
          0 9 0 0 0 0
          3 1 6 0 18 1
          1 6 0 13 0 0
          7 1 6 8 0 4
          1 3 1 1 9 20
          11 0 3 7 12 0
          12 4 0 3 38 26
          9 15 0 4 14 0
          35 3 1 5 0 3
          2 6 29 26 10 0
          0 1 0 14 1 1
          9 6 0 56 6 2
          1 3 2 42 0 2
          1 6 4 0 7 17
          34 0 1 0 4 0
          2 2 21 1 0 0
          0 10 82 16 0 0
          0 0 10 0 37 0
          4 33 1 16 1 13
          0 0 1 3 46 8
          4 5 0 0 0 5
          39 0 0 4 1 0
          0 1 0 15 1 6
          0 1 0 10 2 13
          0 21 0 1 49 0
          9 1 0 14 0 1
          0 6 0 11 0 9
          0 1 9 18 0 0
          0 0 12 0 59 2
          2 0 11 1 2 9
          5 12 2 1 2 0
          0 18 0 10 22 0
          2 0 5 21 0 0
          0 11 1 3 39 0
          2 1 1 1 1 3
          16 3 4 45 0 0
          2 1 0 0 33 5
          0 89 0 0 0 0
          0 0 8 1 1 2
          4 1 0 0 2 0
          0 0 21 1 2 8
          1 0 0 0 0 0
          0 6 0 8 10 0
          9 24 0 1 1 3
          0 7 1 0 0 0
          0 2 12 14 0 10
          0 17 0 2 2 9
          0 2 27 4 0 0
          0 1 0 31 2 1
          3 1 1 19 0 1
          2 14 3 3 0 12
          22 0 4 13 4 0
          1 0 12 5 4 0
          10 92 2 1 8 1
          1 0 1 1 0 10
          0 4 1 0 15 0
          0 3 1 0 30 0
          2 1 0 0 4 1
          16 0 0 0 0 1
          2 7 0 3 10 1
          53 14 0 1 3 1
          0 1 2 0 4 13
          2 3 0 12 3 1
          1 0 2 1 6 17
          1 5 6 8 0 1
          9 0 1 31 4 3
          0 3 1 0 1 80
          4 1 1 1 0 0
          2 16 0 0 0 0
          14 0 2 0 1 0
          4 0 2 39 9 3
          1 1 2 13 48 0
          3 0 0 0 2 0
          1 0 1 0 0 2
          10 0 0 0 36 4
          1 1 0 9 0 0
          0 1 13 0 2 0
          10 0 17 0 2 4
          1 19 0 0 36 7
          37 0 5 0 2 2
          0 4 0 1 0 7
          3 5 5 6 6 3
          7 9 1 6 3 0
          1 5 39 14 0 1
          0 2 8 22 1 0
          3 15 0 24 49 2
          0 6 1 0 1 20
          0 1 0 1 0 0
          9 0 0 57 21 2
          3 20 4 3 0 0
          0 59 2 2 2 33
          0 1 1 0 2 14
          2 6 0 0 4 8
          1 1 6 0 27 0
          2 25 1 0 12 13
          32 0 3 1 7 0
          1 0 1 6 5 24
          1 36 0 0 0 2
          3 0 4 24 4 3
          2 0 2 0 2 16
          12 0 0 0 0 14
          9 5 0 0 0 9
          17 0 50 0 5 1
          0 4 15 0 6 12
          0 0 0 5 22 24
          0 4 8 4 0 17
          0 0 0 0 12 3
          56 1 20 8 66 1
          1 0 1 0 0 0
          0 0 7 4 13 3
          0 0 10 0 0 16
          0 0 0 0 2 5
          18 0 1 13 0 11
          0 29 1 3 3 0
          15 0 0 13 23 0
          30 12 1 3 9 55
          0 2 23 0 2 0
          13 0 5 1 0 55
          0 0 29 0 0 9
          0 1 0 12 13 3
          2 43 1 1 0 12
          0 0 0 0 3 5
          26 0 1 2 0 0
          6 8 7 0 5 4
          15 0 18 0 0 1
          1 21 0 0 0 31
          4 2 0 1 8 15
          0 0 0 0 1 4
          1 13 2 4 0 39
          0 0 1 0 3 11
          9 2 1 7 10 0
          0 1 0 15 6 6
          0 1 36 0 2 0
          3 8 0 8 11 1
          0 4 3 0 2 12
          0 12 0 7 2 12
          4 15 4 17 7 5
          10 7 3 1 34 7
          2 0 28 0 0 0
          2 1 3 40 0 0
          0 2 8 3 0 33
          9 3 1 0 0 1
          43 5 1 7 39 3
          0 0 0 2 0 3
          0 1 4 2 5 1
          2 0 8 0 0 9
          8 19 0 2 1 0
          0 0 6 0 0 0
          16 7 21 0 0 0
          2 0 16 3 1 0
          1 17 0 1 1 13
          1 3 1 3 29 0
          2 1 6 8 0 15
          0 1 1 2 27 6
          7 2 4 27 46 0
          0 24 0 7 2 0
          1 11 0 1 17 1
          1 3 14 4 12 0
          21 3 3 8 9 2
          19 2 3 0 9 2
          7 48 0 2 0 2
          0 6 0 0 30 32
          0 2 0 0 0 0
          24 1 0 1 53 4
          0 2 1 1 6 0
          7 0 0 0 2 16
          9 1 1 2 9 0
          25 2 2 11 31 0
          10 4 0 3 1 0
          1 3 0 11 1 1
          45 0 0 2 1 1
          0 5 12 7 10 2
          0 114 0 5 0 3
          2 7 0 3 2 2
          60 10 1 2 0 1
          0 3 0 12 0 0
          0 16 1 1 0 2
          5 2 48 4 1 4
          6 1 0 0 31 2
          2 44 0 0 1 4
          0 0 0 5 4 6
          0 3 9 37 0 0
          0 0 0 5 11 14
          1 10 4 2 16 6
          1 0 51 3 0 1
          5 2 0 0 3 1
          2 0 24 0 27 8
          4 0 0 21 0 9
          55 10 3 7 0 2
          0 1 0 0 15 54
          27 1 1 0 0 0
          12 0 4 1 1 0
          5 16 1 0 2 5
          0 5 9 0 0 0
          2 12 22 0 7 13
          0 7 0 55 0 2
          1 1 4 1 2 2
          2 1 1 42 1 7
          4 5 3 29 1 10
          0 2 51 6 0 0
          2 0 14 0 0 1
          4 20 2 21 0 0
          1 12 10 48 0 3
          1 11 2 13 1 3
          0 25 0 22 0 0
          0 0 7 2 1 2
          1 17 0 0 19 14
          0 20 0 2 2 0
          15 0 6 3 3 15
          6 35 24 0 1 2
          0 1 66 1 0 0
          7 2 1 1 6 2
          0 29 2 0 7 0
          14 52 0 6 5 0
          52 0 0 15 28 0
          12 1 0 40 19 6
          1 71 0 0 3 0
          23 0 43 0 3 1
          0 16 37 1 52 22
          13 3 69 0 0 0
          1 8 0 0 48 0
          56 0 0 0 0 22
          3 21 1 14 10 6
          18 40 0 0 0 79
          2 0 2 0 5 0
          58 0 0 2 7 0
          5 34 15 4 17 6
          80 0 0 19 7 6
          2 0 15 1 0 18
          39 0 102 0 0 10
          16 20 75 4 102 0
          47 147 0 114 0 230
        </DataArray>
        <DataArray type="Float64" Name="RegionSpan" format="ascii" RangeMin="1" RangeMax="162.8895263671875">
          1.4142135381698608 1 1 1 1 2.2360680103302
          1 1 1.4142135381698608 2 2 2
          2.2360680103302 1.4142135381698608 2.2360680103302 2 1 1
          2.2360680103302 1 2.2360680103302 5.099019527435303 6.324555397033691 1
          5.385164737701416 1 2.8284270763397217 3 4.123105525970459 2.2360680103302
          1 1.4142135381698608 2.2360680103302 9.219544410705566 1 2
          3 2.2360680103302 8.062257766723633 2.2360680103302 1 2.2360680103302
          3.1622776985168457 1.4142135381698608 1 2.8284270763397217 9.219544410705566 1
          2 11.180339813232422 1 1 2.2360680103302 7.071067810058594
          1 1 3 1.4142135381698608 1 1
          9.219544410705566 4.123105525970459 1 14.142135620117188 1 1
          3.1622776985168457 2 2 1 3.1622776985168457 1
          8.5440034866333 1 2.2360680103302 1.4142135381698608 15.033296585083008 2.2360680103302
          1.4142135381698608 14.21267032623291 1 1.4142135381698608 13.03840446472168 2.8284270763397217
          14.422204971313477 2.2360680103302 3.1622776985168457 7.280109882354736 1 3.605551242828369
          3 1.4142135381698608 3.1622776985168457 1 1 1
          2 1 1 1.4142135381698608 7.071067810058594 1
          1 2.2360680103302 3.1622776985168457 2.8284270763397217 3.605551242828369 3
          2.2360680103302 1 2.2360680103302 4.123105525970459 3.605551242828369 1
          2.8284270763397217 1 1.4142135381698608 4.123105525970459 5.385164737701416 3
          1.4142135381698608 1 9.433980941772461 14.866068840026855 1 1.4142135381698608
          2.2360680103302 2.8284270763397217 1 1 1 1
          3 1.4142135381698608 7.8102498054504395 2.2360680103302 2.2360680103302 3.1622776985168457
          1 7 1.4142135381698608 4.123105525970459 7.071067810058594 12.206555366516113
          1.4142135381698608 3.1622776985168457 7.280109882354736 1 9.433980941772461 2
          19.235383987426758 7.280109882354736 2 1.4142135381698608 2.2360680103302 20.124610900878906
          2.2360680103302 3.1622776985168457 4.242640495300293 3.1622776985168457 12.806248664855957 26.4007568359375
          1 26.172504425048828 1.4142135381698608 1 3.1622776985168457 17.804492950439453
          7.8102498054504395 1.4142135381698608 7.280109882354736 16.155494689941406 2.2360680103302 2.8284270763397217
          2 1 1 2.8284270763397217 2 27.20294189453125
          15.132745742797852 1 1 2.2360680103302 2 1
          3 6.7082037925720215 1.4142135381698608 1 5.385164737701416 28.460498809814453
          1 1.4142135381698608 2 3.1622776985168457 1 1
          3 1 13.03840446472168 3.1622776985168457 1 3.1622776985168457
          4.242640495300293 3 1.4142135381698608 1 1 1.4142135381698608
          1 2 7.071067810058594 2.2360680103302 4.242640495300293 3
          5.385164737701416 1 1 2.2360680103302 2 1.4142135381698608
          3 41.400482177734375 36.359317779541016 1 1 2.2360680103302
          23.194826126098633 7.071067810058594 7.211102485656738 2.2360680103302 1 19.10497283935547
          1 2.2360680103302 1 1 15.65247631072998 1
          1 2 1 5 1 1
          1 2.2360680103302 2.2360680103302 1 1 2.2360680103302
          9.219544410705566 2.2360680103302 17.69180679321289 2.2360680103302 5.099019527435303 6.324555397033691
          3.605551242828369 2.2360680103302 10.198039054870605 1 1.4142135381698608 1
          19.235383987426758 2 45.27692413330078 1.4142135381698608 9.219544410705566 3.1622776985168457
          9.219544410705566 4.123105525970459 1.4142135381698608 2 1 1
          3 2 3.605551242828369 2.8284270763397217 18.601076126098633 1.4142135381698608
          1 4.242640495300293 1 7.6157732009887695 1.4142135381698608 1
          1.4142135381698608 1.4142135381698608 2.2360680103302 5.385164737701416 1 1.4142135381698608
          38.01315689086914 50.20956039428711 1 2.8284270763397217 1 1.4142135381698608
          7.211102485656738 42.63801193237305 1.4142135381698608 2 1 2
          5 2.2360680103302 19.84943389892578 1 1 5
          2.2360680103302 1 1 1.4142135381698608 1.4142135381698608 1
          5.830951690673828 5.099019527435303 1 1 1 1.4142135381698608
          2.2360680103302 1 8.246211051940918 1 2 1
          2 6.7082037925720215 2.8284270763397217 1 3.1622776985168457 1
          3.605551242828369 1 26.68332862854004 5 6.7082037925720215 5.385164737701416
          1 2.2360680103302 1.4142135381698608 8.5440034866333 2.2360680103302 2.2360680103302
          1 34.058773040771484 1.4142135381698608 2.2360680103302 1 26.870058059692383
          1 4 4.4721360206604 2.2360680103302 1 12.041594505310059
          1 2.2360680103302 1 1 2.8284270763397217 1.4142135381698608
          2.2360680103302 1 1.4142135381698608 4.242640495300293 5 2.2360680103302
          19.235383987426758 1 10.770329475402832 1 6.324555397033691 1
          1 2.2360680103302 1.4142135381698608 5 17.72004508972168 1.4142135381698608
          6.324555397033691 2 13.416407585144043 29.698484420776367 10.049875259399414 1
          1 2 39.408119201660156 3.1622776985168457 1 9.05538558959961
          3.605551242828369 3 1.4142135381698608 24.73863410949707 1 1
          9.433980941772461 5.385164737701416 1 3 1 24.515300750732422
          27.018512725830078 1 2 2.2360680103302 1.4142135381698608 1
          1 33.241539001464844 1 2.2360680103302 1 4.4721360206604
          41.1096076965332 2 1 1 3.605551242828369 14.317821502685547
          10.29563045501709 2 1 2.2360680103302 3.1622776985168457 12.041594505310059
          7.280109882354736 1 6 1 1 2.2360680103302
          3.605551242828369 7.211102485656738 11.180339813232422 6.324555397033691 27.784887313842773 1
          2.2360680103302 2 35.35533905029297 17.029386520385742 1 4
          1.4142135381698608 2.2360680103302 15.65247631072998 3.605551242828369 1 1
          2.2360680103302 1 1.4142135381698608 3.1622776985168457 1.4142135381698608 54.451812744140625
          11.401754379272461 1.4142135381698608 1 1.4142135381698608 3.1622776985168457 2
          3.1622776985168457 1 13 1 2 6.324555397033691
          26.172504425048828 8.246211051940918 1 1 1 8.246211051940918
          1 1 1 1 1.4142135381698608 10
          13.601470947265625 1 3.605551242828369 1 1.4142135381698608 52.95280838012695
          1.4142135381698608 7.071067810058594 1 3 10.816654205322266 1
          1 2 11.313708305358887 2.2360680103302 5.830951690673828 6.7082037925720215
          11 1 2 8.9442720413208 3.605551242828369 21.02379608154297
          31.016124725341797 2 1 1 12.165525436401367 4.4721360206604
          1 1 2.2360680103302 1 1 1
          16.278820037841797 2.2360680103302 8.602325439453125 1.4142135381698608 5 1.4142135381698608
          43.416587829589844 1.4142135381698608 10.816654205322266 1 9.848857879638672 1
          7.280109882354736 28.600698471069336 1 1 38.327537536621094 48.41487503051758
          6.324555397033691 1 1 3.605551242828369 1.4142135381698608 1
          1 6.082762718200684 36.2353401184082 2.8284270763397217 1 1.4142135381698608
          1 26.172504425048828 13.03840446472168 18.027755737304688 1 2.2360680103302
          1.4142135381698608 1 2.2360680103302 10.440306663513184 5 1
          1 1 2 18.027755737304688 7.280109882354736 5
          4.123105525970459 12.041594505310059 1 1 34.01470184326172 8.602325439453125
          15 1 4 1 1 1
          2 1 1 1 30.870698928833008 2
          6.4031243324279785 15.264337539672852 1.4142135381698608 9 2 1
          18.027755737304688 4.242640495300293 1 17.492855072021484 16.401220321655273 1
          1 1 4.4721360206604 4.242640495300293 36.8917350769043 1
          5.385164737701416 1.4142135381698608 1 1 74.1080322265625 1
          1 5.385164737701416 2.2360680103302 45.96738052368164 2.2360680103302 1
          3.605551242828369 9.433980941772461 18.681541442871094 48.50773239135742 1 3.605551242828369
          1.4142135381698608 33.37664031982422 1 14.21267032623291 1.4142135381698608 1
          5.099019527435303 54.918121337890625 10.440306663513184 7.211102485656738 25.63201141357422 11.661903381347656
          31.78049659729004 2.2360680103302 2 7.280109882354736 7 22.472204208374023
          14 1 57.21887969970703 2.8284270763397217 1 1.4142135381698608
          1 2.2360680103302 1 1.4142135381698608 21.095022201538086 7.071067810058594
          2.2360680103302 24.1867733001709 60.4400520324707 47.51841735839844 21.840330123901367 1.4142135381698608
          27.312999725341797 7.071067810058594 32.015621185302734 27.73084831237793 1.4142135381698608 1
          1 3.605551242828369 2.2360680103302 1 21.954498291015625 9.219544410705566
          1.4142135381698608 33.83784866333008 54.147945404052734 1.4142135381698608 39.824615478515625 29
          1.4142135381698608 1.4142135381698608 53.48831558227539 53.33854293823242 1 1
          1 44.283180236816406 1 39 1 6.324555397033691
          1 45.79301071166992 3.605551242828369 3.605551242828369 1.4142135381698608 1.4142135381698608
          21.02379608154297 1 11.180339813232422 25.05992889404297 1 1
          5 3 2.2360680103302 2 1.4142135381698608 1
          1 2 1.4142135381698608 3 1 2
          5.099019527435303 1.4142135381698608 1 1 1.4142135381698608 1.4142135381698608
          18.973665237426758 1 1 3.605551242828369 1 1
          25.942243576049805 20.59126091003418 1 37 2 2.8284270763397217
          1 1 1 2.2360680103302 1 4
          1 2.2360680103302 1 5.830951690673828 1 26.925823211669922
          10.29563045501709 2.2360680103302 24.698177337646484 1 2.2360680103302 2
          22.847318649291992 1 1 4 2.2360680103302 13.892443656921387
          1 1.4142135381698608 1 1 5.385164737701416 1
          1 1 2.2360680103302 1.4142135381698608 1 3.1622776985168457
          2.2360680103302 1 1 39.20458984375 3.605551242828369 1.4142135381698608
          1 6.7082037925720215 1 5.830951690673828 40.49691390991211 1
          1.4142135381698608 1 2.2360680103302 1.4142135381698608 1 5
          68.818603515625 47.801673889160156 54.12947463989258 1 60.0333251953125 2.2360680103302
          2.2360680103302 1.4142135381698608 3.1622776985168457 1 1 1
          14.317821502685547 2.8284270763397217 2.2360680103302 7.071067810058594 1 57.87054443359375
          1.4142135381698608 47.67599105834961 4.123105525970459 1 1.4142135381698608 1
          2.2360680103302 3.605551242828369 1 2.2360680103302 1.4142135381698608 36.619667053222656
          11.401754379272461 3.1622776985168457 46.097721099853516 15.620499610900879 1 29.154760360717773
          2.2360680103302 23.409399032592773 2.2360680103302 5.656854152679443 1 33.0151481628418
          2 1.4142135381698608 35.46829605102539 1 1 1
          1 6.082762718200684 2.2360680103302 1 5.099019527435303 6.4031243324279785
          1 15.620499610900879 2.2360680103302 29.154760360717773 1 1
          1 1.4142135381698608 3.1622776985168457 1 1.4142135381698608 7.6157732009887695
          3.1622776985168457 1 1 1 1 42.154476165771484
          29.96664810180664 24.331050872802734 1 1 1 1.4142135381698608
          1 5 1.4142135381698608 1 1.4142135381698608 1.4142135381698608
          1 1 2.8284270763397217 1 1 7.8102498054504395
          17.492855072021484 2.8284270763397217 1 4.242640495300293 1 1.4142135381698608
          2 1 20.51828384399414 1 3 10.816654205322266
          1.4142135381698608 2.2360680103302 3.1622776985168457 1 2.2360680103302 7.6157732009887695
          2.2360680103302 2 1 2.2360680103302 5 2.2360680103302
          24.73863410949707 2 1.4142135381698608 1 6 23.706539154052734
          4.123105525970459 1.4142135381698608 15.033296585083008 1 1.4142135381698608 2.8284270763397217
          1 1.4142135381698608 46.69047164916992 33.37664031982422 1 9.486832618713379
          3.605551242828369 1 45.17742919921875 1.4142135381698608 1 1
          46.097721099853516 1.4142135381698608 2 2.2360680103302 2.8284270763397217 2
          3.1622776985168457 1 1.4142135381698608 56.035701751708984 1 49.39635467529297
          5 1 1 8.5440034866333 1.4142135381698608 1
          2.2360680103302 1.4142135381698608 1 4.4721360206604 14 1.4142135381698608
          2.8284270763397217 1 40.01249694824219 1.4142135381698608 1.4142135381698608 1
          2 1.4142135381698608 1 1 1 1
          50.80354309082031 1 2.2360680103302 1.4142135381698608 2.2360680103302 1
          1.4142135381698608 1 2.2360680103302 1.4142135381698608 78.33900451660156 1.4142135381698608
          41.231056213378906 5.830951690673828 2.2360680103302 4 11.180339813232422 3
          1 2.2360680103302 44.40720748901367 1 3.1622776985168457 2
          2 1 1 1 3.605551242828369 2.2360680103302
          2 1.4142135381698608 2 1.4142135381698608 1 1.4142135381698608
          2 67.35725402832031 1 1.4142135381698608 2.2360680103302 1
          1 92.19544219970703 18.788293838500977 16.76305389404297 3 46.51881408691406
          2.8284270763397217 2.2360680103302 1 1.4142135381698608 1 1
          1 1 2.2360680103302 1.4142135381698608 1.4142135381698608 1.4142135381698608
          1.4142135381698608 4.123105525970459 2.2360680103302 1 1 1
          2 2 6.324555397033691 4.123105525970459 4.123105525970459 1
          1.4142135381698608 3.1622776985168457 1 20.880613327026367 4.4721360206604 1
          1.4142135381698608 1 23.53720474243164 32.015621185302734 34.828147888183594 2.2360680103302
          9 1 8.5440034866333 3.1622776985168457 1 45.89117431640625
          1.4142135381698608 8.246211051940918 1.4142135381698608 10.440306663513184 10.29563045501709 5.830951690673828
          5 2.2360680103302 1.4142135381698608 15.81138801574707 1.4142135381698608 1
          1 12.806248664855957 1 104.93807983398438 1.4142135381698608 1
          62.7694206237793 1 17.262676239013672 49.24428939819336 41.400482177734375 1
          1 28.17800521850586 32.69556427001953 1 1.4142135381698608 7.071067810058594
          1 1 1 1.4142135381698608 1.4142135381698608 1
          5.656854152679443 32.526912689208984 25.05992889404297 2 25 26
          2.2360680103302 24 1 14.866068840026855 4.123105525970459 30.610456466674805
          38.07886505126953 2 1 2 9.433980941772461 63.60031509399414
          60.835845947265625 1 3.1622776985168457 1.4142135381698608 1.4142135381698608 2
          17.029386520385742 1 6.4031243324279785 15.231546401977539 2 1
          2 3 10.816654205322266 3.1622776985168457 1.4142135381698608 1
          1 1 31.575305938720703 1.4142135381698608 32.557640075683594 86.33075714111328
          3.1622776985168457 2.2360680103302 2.8284270763397217 2.8284270763397217 1.4142135381698608 26.248809814453125
          1 4 1.4142135381698608 38.60051727294922 2 1
          1 1 6.324555397033691 3.1622776985168457 1 1
          1 34.058773040771484 15.132745742797852 1.4142135381698608 4.242640495300293 2.2360680103302
          3.605551242828369 11 1 30 96.93812561035156 13
          72.4706802368164 1 1 36.12478256225586 38.910152435302734 1
          1 25.553865432739258 1 3.1622776985168457 1 15.620499610900879
          1.4142135381698608 1 1 29.068883895874023 1.4142135381698608 25.63201141357422
          72.44998168945312 10.630146026611328 1 3.605551242828369 2 36.2353401184082
          1.4142135381698608 2 1 1 1 1
          1 73.7834701538086 22.203603744506836 1 1 4.4721360206604
          32.202484130859375 2 2 1 9.219544410705566 1.4142135381698608
          2.2360680103302 26.419689178466797 5.385164737701416 1.4142135381698608 1.4142135381698608 62.169124603271484
          1 53.037723541259766 1 2.2360680103302 1 32.649654388427734
          5.099019527435303 1.4142135381698608 4.242640495300293 1.4142135381698608 1 1.4142135381698608
          80.62257385253906 1.4142135381698608 1 2.2360680103302 1 9.486832618713379
          1 1 26.870058059692383 2.2360680103302 2.2360680103302 1
          47.41307830810547 4.4721360206604 2 1 2.2360680103302 4.242640495300293
          1 4 1.4142135381698608 2 1 50.9215087890625
          4.123105525970459 1 1 2.2360680103302 4.242640495300293 121.85237121582031
          7.6157732009887695 1 1.4142135381698608 3.605551242828369 1 76.5375747680664
          1 53.823787689208984 1 1 6 93.40770721435547
          3.605551242828369 1 4.123105525970459 23.25940704345703 7.280109882354736 6.7082037925720215
          3.1622776985168457 1.4142135381698608 1 7.8102498054504395 2 1
          1 31.764760971069336 1 20.2237491607666 2.2360680103302 1.4142135381698608
          1 6.4031243324279785 3.1622776985168457 8.602325439453125 110.38568878173828 60.20797348022461
          9.05538558959961 1 1 19.313207626342773 22.825424194335938 1
          9.219544410705566 2 8 5.656854152679443 81.70679473876953 33.541019439697266
          1.4142135381698608 25.63201141357422 1 1 1 1
          1 9.486832618713379 1.4142135381698608 105.51303100585938 1 2
          3.1622776985168457 1 3 1 11.045360565185547 68.4105224609375
          1 7.6157732009887695 3.605551242828369 1 1 2.2360680103302
          4 3.605551242828369 1.4142135381698608 2.2360680103302 2 2.8284270763397217
          23.409399032592773 9 24.413110733032227 49.09175109863281 1 2
          45.79301071166992 17.69180679321289 7.071067810058594 77.17512512207031 12 1.4142135381698608
          18.11077117919922 2 5.385164737701416 1.4142135381698608 7 13
          1 1 82.75868225097656 88.61715698242188 28.635643005371094 2.2360680103302
          4 11.180339813232422 1.4142135381698608 1 78.74642944335938 92.0869140625
          1.4142135381698608 2.2360680103302 4.4721360206604 95.7078857421875 1.4142135381698608 1.4142135381698608
          2.2360680103302 84.92938232421875 1 74.73285675048828 9.486832618713379 1.4142135381698608
          1 1.4142135381698608 1 89.26925659179688 1 2
          81.84130859375 2.2360680103302 5.385164737701416 33.541019439697266 1 1
          1 1 38.832977294921875 1 11.401754379272461 41.59326934814453
          1 82.32861328125 7 1 1 1
          1 1 2.2360680103302 29.73213768005371 1 1
          2.2360680103302 2.8284270763397217 1 2.2360680103302 1 5.830951690673828
          79.84986114501953 1 62.801273345947266 2.2360680103302 62.17716598510742 1
          2.2360680103302 6.082762718200684 95.71833801269531 1 1 15
          1.4142135381698608 1 119.20570373535156 2 144.03125 10.816654205322266
          2 2.2360680103302 2.2360680103302 1 2.8284270763397217 1
          3.1622776985168457 1.4142135381698608 1 125.15989685058594 1 1
          1 38.832977294921875 13.601470947265625 12.041594505310059 6.082762718200684 1
          1 1.4142135381698608 1 1 41.617305755615234 6.7082037925720215
          2 1 1 1 1 1
          82.37718200683594 1 104.80458068847656 1 4.4721360206604 3.1622776985168457
          1.4142135381698608 1 1.4142135381698608 9.219544410705566 4.123105525970459 15
          2.2360680103302 1 26.570659637451172 9.05538558959961 25.63201141357422 1
          1 72.91776275634766 2 67.41661834716797 1 18.027755737304688
          4.123105525970459 1 2.8284270763397217 2.8284270763397217 111.3193588256836 1.4142135381698608
          1.4142135381698608 13.416407585144043 1 4.242640495300293 13.03840446472168 2.2360680103302
          1 4 58.94064712524414 2.2360680103302 1.4142135381698608 1
          1 4.242640495300293 2.2360680103302 1.4142135381698608 1 1.4142135381698608
          2.2360680103302 1 1.4142135381698608 83.19255065917969 12.369317054748535 2.2360680103302
          9.486832618713379 2 10.770329475402832 1 43.863426208496094 1.4142135381698608
          2.2360680103302 1 9.848857879638672 1.4142135381698608 1 1
          3 1 1 79.15807342529297 1 1
          1.4142135381698608 1 84.07734680175781 1.4142135381698608 1 3.1622776985168457
          1 1 1 1 5.385164737701416 2.2360680103302
          1 2.2360680103302 1.4142135381698608 87.20664978027344 3.605551242828369 3.1622776985168457
          1 32.649654388427734 65.30696868896484 43.32435989379883 1.4142135381698608 7.071067810058594
          1.4142135381698608 1 1.4142135381698608 2 1.4142135381698608 1
          1 4.123105525970459 2 58.2580451965332 92.19544219970703 20
          1 1 3 1 1.4142135381698608 49.72926712036133
          1 1.4142135381698608 1.4142135381698608 1.4142135381698608 2.2360680103302 3.1622776985168457
          1 1 1 1 1 15
          2 1.4142135381698608 2 1 2.8284270763397217 71.51223754882812
          1.4142135381698608 82.29216003417969 15.033296585083008 3.1622776985168457 2.2360680103302 3.1622776985168457
          1 9.05538558959961 5.385164737701416 22.847318649291992 1 1
          90.8019790649414 1.4142135381698608 1 1.4142135381698608 1 1
          10.630146026611328 86.8158950805664 1 15.033296585083008 1 1.4142135381698608
          1 3.1622776985168457 28.460498809814453 6.082762718200684 1.4142135381698608 1
          1.4142135381698608 1 1 2 13 2
          74 1 3.1622776985168457 4.123105525970459 2.2360680103302 3.1622776985168457
          1 1 1 1 1 1
          1 2.2360680103302 1.4142135381698608 11.180339813232422 2.2360680103302 1
          1.4142135381698608 4.4721360206604 4.123105525970459 1 1 1
          2.2360680103302 113.4063491821289 2.2360680103302 43.863426208496094 1.4142135381698608 4.123105525970459
          14.560219764709473 2 1 16.124515533447266 1 1
          1 1 1.4142135381698608 18.027755737304688 3.605551242828369 1
          2 1 1 2.2360680103302 98.83824920654297 13.601470947265625
          135.36985778808594 1.4142135381698608 1 5.099019527435303 1.4142135381698608 1
          3 1 1 5.656854152679443 2 86.55634307861328
          98.65596771240234 1 5.099019527435303 27.85677719116211 56.4358024597168 47.85394287109375
          1.4142135381698608 1 8.062257766723633 1 1.4142135381698608 1
          1 1 48.166378021240234 43.5660400390625 15.29705810546875 1
          1 10.770329475402832 57.45433044433594 32.31098937988281 10.198039054870605 1
          1 1 1.4142135381698608 1.4142135381698608 46.3249397277832 5
          7.6157732009887695 82.56512451171875 1.4142135381698608 64.8999252319336 18.027755737304688 133.25538635253906
          1 1 1 1 1 2.2360680103302
          2 1 3.605551242828369 92.43917083740234 1.4142135381698608 1.4142135381698608
          1 50.80354309082031 75 1 4.4721360206604 1
          2 1 7.280109882354736 73.73601531982422 1.4142135381698608 3
          1.4142135381698608 81.98780059814453 1.4142135381698608 1 1 1
          18.439088821411133 1.4142135381698608 16.278820037841797 1 6.7082037925720215 1
          1 13 1 3.605551242828369 1 1
          14.866068840026855 2.2360680103302 19.313207626342773 4 1.4142135381698608 89.47066497802734
          2 3.605551242828369 1 1 2.2360680103302 84.17243957519531
          12.206555366516113 1 1.4142135381698608 44.41846466064453 55.07267761230469 1
          105.30906677246094 7.071067810058594 1 6.7082037925720215 86.8216552734375 40.224369049072266
          5 89.02246856689453 1 3 97.1287841796875 1
          103.5857162475586 2.2360680103302 2 2.2360680103302 1 1
          6.082762718200684 70.8307876586914 15.264337539672852 50.11985778808594 7.8102498054504395 1
          1 1.4142135381698608 1 81.59656524658203 1 1
          10 76.843994140625 1 32.557640075683594 2.2360680103302 3.1622776985168457
          1 2.2360680103302 1 11.045360565185547 1 1.4142135381698608
          2 2.8284270763397217 3 1 1 51.22499465942383
          112.61438751220703 1.4142135381698608 1 1 1.4142135381698608 1
          2.2360680103302 1 106.0660171508789 2 1 64.38167572021484
          11.045360565185547 61.717098236083984 6 6.324555397033691 4.123105525970459 1
          6.082762718200684 1 12.083045959472656 1 71.50524139404297 1.4142135381698608
          3.1622776985168457 28.460498809814453 1 29.832868576049805 1.4142135381698608 79.32212829589844
          1.4142135381698608 1 1 11.401754379272461 48.46648406982422 4.4721360206604
          8.246211051940918 2 1 1 1 4.123105525970459
          94.08506774902344 1 1 1.4142135381698608 1 1
          1 2 12.369317054748535 32.649654388427734 1.4142135381698608 1.4142135381698608
          5.830951690673828 1.4142135381698608 1 76.843994140625 19.416488647460938 33.541019439697266
          1 92.34716796875 1 1 100.84642028808594 1
          4 2 1 10.049875259399414 1.4142135381698608 1
          1 20.124610900878906 1 2.2360680103302 2.2360680103302 32.06243896484375
          1 1.4142135381698608 92.43917083740234 94.83142852783203 1 1
          1 1 22.825424194335938 1 17.8885440826416 6.082762718200684
          2.2360680103302 1 20.59126091003418 1 44.384681701660156 44.92215347290039
          2 122.65398406982422 1.4142135381698608 1 2 1
          32.893768310546875 33.52610778808594 1 120.43255615234375 104.3455810546875 1
          2.2360680103302 1 18.973665237426758 62.64183807373047 5.385164737701416 1
          1 4.4721360206604 2.2360680103302 9.05538558959961 40.360870361328125 1
          2.2360680103302 21.954498291015625 3 1.4142135381698608 2.8284270763397217 1
          43.600460052490234 1 1.4142135381698608 28.635643005371094 1 1
          2.2360680103302 1.4142135381698608 2.2360680103302 1 24.83948516845703 1.4142135381698608
          73.00685119628906 41.761226654052734 1 1 1 1.4142135381698608
          1.4142135381698608 4.242640495300293 3.605551242828369 2.2360680103302 1.4142135381698608 1.4142135381698608
          3.1622776985168457 1.4142135381698608 1 1 2 1
          1.4142135381698608 1 40.04996871948242 2.8284270763397217 1 2.2360680103302
          33.241539001464844 1 1 1 1 40.360870361328125
          7.071067810058594 74.3303451538086 1 40.31128692626953 73.10950469970703 1
          56.4358024597168 35.35533905029297 1.4142135381698608 4.242640495300293 2 2
          1 2.8284270763397217 1 1 2 1
          32.75667953491211 2 8.5440034866333 56.22277069091797 1 11
          1 51.4781494140625 1 1.4142135381698608 1.4142135381698608 29.4108829498291
          5.656854152679443 1.4142135381698608 60.8276252746582 2 1 1
          1.4142135381698608 2 1 24.083189010620117 42.44997024536133 2
          10.816654205322266 1 36.67424011230469 29.546573638916016 1 1
          1.4142135381698608 61.85466766357422 2 2 1 69.52696990966797
          38.327537536621094 1 2.8284270763397217 12.041594505310059 5.830951690673828 1
          1.4142135381698608 1 26.248809814453125 43.011627197265625 1.4142135381698608 1
          75.13321685791016 30.4138126373291 15.620499610900879 1 44.59820556640625 1
          2 1 1 1 1 37.64305877685547
          1 2.2360680103302 2.2360680103302 1.4142135381698608 14.142135620117188 1
          1 2 1 1 28.319604873657227 1
          1.4142135381698608 22.360679626464844 1 1.4142135381698608 37.013511657714844 33.241539001464844
          6 1 1 1 7.071067810058594 20
          1.4142135381698608 66.00757598876953 1 60.20797348022461 36.8917350769043 1
          5.656854152679443 7.8102498054504395 1 1 1 1.4142135381698608
          1 3 4.4721360206604 1 2 50
          1 1 2 22.671567916870117 9.219544410705566 2.2360680103302
          2 1 2 1 32.649654388427734 22.472204208374023
          128.7982940673828 120.10411834716797 1 59.03388977050781 2.2360680103302 87.72685241699219
          35.510562896728516 1 1.4142135381698608 32.202484130859375 76.47875213623047 2.2360680103302
          3 3.605551242828369 1.4142135381698608 1 2 64.35060119628906
          3.1622776985168457 1 1.4142135381698608 3.605551242828369 1 1
          1 5 3 1.4142135381698608 1 1
          63.70243453979492 1 1 1 1.4142135381698608 1
          3.1622776985168457 1 1.4142135381698608 28.460498809814453 6.324555397033691 1.4142135381698608
          32.649654388427734 3 46.66904830932617 48.10405349731445 56.29387283325195 1
          1.4142135381698608 1 1.4142135381698608 8.062257766723633 19.79899024963379 1
          2 13.892443656921387 8.062257766723633 1 17.20465087890625 37.80211639404297
          6 1.4142135381698608 1 1 7.211102485656738 21.02379608154297
          2.2360680103302 2.2360680103302 1.4142135381698608 26.925823211669922 1 1
          1 2.2360680103302 5 1.4142135381698608 5 1
          3.1622776985168457 2 10 1 4.123105525970459 59.46427536010742
          1.4142135381698608 37.58989334106445 1 1 100.28459167480469 2.2360680103302
          20.248456954956055 1 1.4142135381698608 1 2.2360680103302 1
          1.4142135381698608 6.082762718200684 1 1 1 8.062257766723633
          2.2360680103302 30.675724029541016 2.2360680103302 2.2360680103302 1.4142135381698608 2.2360680103302
          16.031219482421875 6.324555397033691 1.4142135381698608 11.045360565185547 2.8284270763397217 1
          1.4142135381698608 26.832815170288086 53.46026611328125 5.830951690673828 1 2.2360680103302
          1 2.2360680103302 7.211102485656738 12.041594505310059 3.1622776985168457 1.4142135381698608
          2 4.123105525970459 1 21.02379608154297 9.219544410705566 1.4142135381698608
          1.4142135381698608 6.4031243324279785 1 1 15.620499610900879 19.72308349609375
          1 1 1 2 1 1
          2.2360680103302 1 3.1622776985168457 10.770329475402832 11.180339813232422 1
          4.123105525970459 49.33558654785156 10.29563045501709 2.2360680103302 1.4142135381698608 1
          1 63.50590515136719 4 56.080299377441406 3.1622776985168457 9.899495124816895
          1 60.0333251953125 2.2360680103302 1 40.853397369384766 6
          1 3 1.4142135381698608 1 1 4
          2 45.607017517089844 28.23118782043457 1 51.312767028808594 1.4142135381698608
          3.605551242828369 26.90724754333496 11.704699516296387 1 5.385164737701416 2.8284270763397217
          40.31128692626953 1 31.14482307434082 1 18.788293838500977 8.062257766723633
          1.4142135381698608 1 31.38471031188965 60.728904724121094 1.4142135381698608 10.198039054870605
          4 44.68780517578125 1 1 4.4721360206604 2.2360680103302
          77.69813537597656 1 10.198039054870605 10.049875259399414 2 34.48188018798828
          1 1 4.123105525970459 1 2.2360680103302 95
          7.280109882354736 1 1 1.4142135381698608 1 72.12489318847656
          59.90826416015625 9.486832618713379 1 1 1 25.05992889404297
          66.06814575195312 1 97.59098052978516 1 34.13209533691406 1.4142135381698608
          1 4 44.18144226074219 1.4142135381698608 2.8284270763397217 71.11258697509766
          1.4142135381698608 2 2 5.385164737701416 73.02738952636719 8.5440034866333
          1 1 5 2 1.4142135381698608 95.13148498535156
          1 1 2.2360680103302 1.4142135381698608 2 24.20743751525879
          41.1096076965332 1 77.89736938476562 2.2360680103302 73.53910827636719 1.4142135381698608
          1 1 2.2360680103302 1 1 1
          1 1 5.830951690673828 1.4142135381698608 43.185646057128906 2.2360680103302
          1 1 10.440306663513184 1 1 78.77182006835938
          1 1 1 1.4142135381698608 5.099019527435303 2.8284270763397217
          70.7742919921875 1.4142135381698608 1 23.021728515625 1.4142135381698608 32.4499626159668
          1 33.30165100097656 1 49.648765563964844 2 1
          26.90724754333496 1 1 6.082762718200684 8.062257766723633 6.082762718200684
          41.01219177246094 3.1622776985168457 1 1 25.079872131347656 16.278820037841797
          1 2.2360680103302 62.28964614868164 1 1 1.4142135381698608
          53.037723541259766 1 4 1 1 87.69264221191406
          1 1 55.973209381103516 1 1.4142135381698608 3.1622776985168457
          1 1 1 7.6157732009887695 59.13543701171875 1.4142135381698608
          5.385164737701416 3.605551242828369 2 1.4142135381698608 1 47.434165954589844
          1 1.4142135381698608 1.4142135381698608 1 1 44.384681701660156
          65.4904556274414 3.605551242828369 1 1 1 1
          1.4142135381698608 3 112.21853637695312 1 21.02379608154297 5.385164737701416
          88.09085845947266 1 13.892443656921387 1 1 116.01724243164062
          2 41.59326934814453 2 1 1 10.630146026611328
          5 5.385164737701416 1 23.021728515625 98.12747192382812 88.0511245727539
          1 1 1 1 6.324555397033691 91.13726043701172
          1 100 1.4142135381698608 2.2360680103302 1 21.260292053222656
          1 1.4142135381698608 1.4142135381698608 1 1 5.099019527435303
          5 1.4142135381698608 2.2360680103302 2.2360680103302 43.27817153930664 1
          1.4142135381698608 114.28035736083984 1 97.01546478271484 1 2.2360680103302
          1 1.4142135381698608 101.31633758544922 3.605551242828369 25.961509704589844 1
          11.661903381347656 84.48076629638672 1 3.605551242828369 93.94147491455078 2
          1 3.605551242828369 1.4142135381698608 1.4142135381698608 37.735923767089844 48.25971221923828
          1.4142135381698608 68.54196166992188 1.4142135381698608 77.98717498779297 2.8284270763397217 45.17742919921875
          4.4721360206604 19.209373474121094 57.80138397216797 6.7082037925720215 3.605551242828369 39.924930572509766
          60.63827133178711 1.4142135381698608 1.4142135381698608 51.03919982910156 10 2
          69.065185546875 39.458839416503906 14.560219764709473 1.4142135381698608 1.4142135381698608 1
          1.4142135381698608 2 1.4142135381698608 93.77099609375 1 1
          1 2.2360680103302 3 5.656854152679443 2.2360680103302 2.8284270763397217
          2.8284270763397217 1 2 1.4142135381698608 1 2
          19.416488647460938 3.1622776985168457 1.4142135381698608 93.62158203125 20.51828384399414 1.4142135381698608
          1 1 1 2.2360680103302 1 2
          1.4142135381698608 1 1.4142135381698608 1.4142135381698608 2 3
          19.416488647460938 1 75.13321685791016 1 6.082762718200684 97.00515747070312
          3 60.406951904296875 1 2 1.4142135381698608 1
          1.4142135381698608 1.4142135381698608 31.764760971069336 1 1 1
          40.49691390991211 5 34.65544509887695 1 1 1
          1 1 16.155494689941406 4.4721360206604 1.4142135381698608 1
          1 24.83948516845703 1 2.2360680103302 1.4142135381698608 119.05040740966797
          1 2 2.2360680103302 100.12492370605469 12.041594505310059 1
          1 1 7.211102485656738 86.35391998291016 74.4311752319336 74.20242309570312
          1 1 1.4142135381698608 113.0707778930664 112.17842864990234 2
          4.123105525970459 98.71676635742188 2.2360680103302 65.76473236083984 4.242640495300293 7.280109882354736
          1 14.560219764709473 1 1.4142135381698608 1.4142135381698608 1
          2.2360680103302 19.92485809326172 1 1.4142135381698608 21.587032318115234 1
          2 2.2360680103302 105.36128234863281 3 90.97252655029297 1
          11.661903381347656 1.4142135381698608 2.2360680103302 2.8284270763397217 83.21658325195312 2
          19.235383987426758 1.4142135381698608 2.8284270763397217 1.4142135381698608 86.40602111816406 1
          3 78.79086303710938 1 2.2360680103302 1 2.2360680103302
          2 2.2360680103302 1 1 5.830951690673828 49.24428939819336
          1 1.4142135381698608 1 1.4142135381698608 1 1
          73.54590606689453 1 1 7.211102485656738 101.0197982788086 4.4721360206604
          1 5.385164737701416 1 1.4142135381698608 11.401754379272461 1
          74.95331573486328 1 1 1.4142135381698608 76.843994140625 102.61579132080078
          16.155494689941406 2 1.4142135381698608 1.4142135381698608 111.01801300048828 10.816654205322266
          127.94529724121094 7.8102498054504395 14.560219764709473 103.07764434814453 89.55445098876953 15.264337539672852
          5.385164737701416 3.1622776985168457 1 3.605551242828369 1 1
          4.4721360206604 3 1 5.830951690673828 1.4142135381698608 2
          56.035701751708984 1 1.4142135381698608 2 4 1
          1 2.8284270763397217 28.861740112304688 84.05355072021484 104.7377700805664 1.4142135381698608
          10.29563045501709 45.39823913574219 1 7 1 2
          1.4142135381698608 7.8102498054504395 1 1 1 6.7082037925720215
          72.73238372802734 15.264337539672852 6 1 1 2.2360680103302
          1 5 1.4142135381698608 4.242640495300293 1.4142135381698608 1.4142135381698608
          1.4142135381698608 5.385164737701416 1.4142135381698608 2.8284270763397217 1 66.91038513183594
          12.649110794067383 4.123105525970459 52.17279052734375 5 1 2
          1.4142135381698608 1 1.4142135381698608 1 10.198039054870605 1.4142135381698608
          2.2360680103302 66.2872543334961 5 1 2 9.219544410705566
          2.2360680103302 1 1 108.68302154541016 2 89.27485656738281
          13.928388595581055 1 80.3243408203125 70.06425476074219 4.4721360206604 1
          1 11.180339813232422 2.2360680103302 9.219544410705566 3.1622776985168457 11.313708305358887
          29.4108829498291 86.83317565917969 10.630146026611328 1.4142135381698608 59.00847244262695 8.246211051940918
          1.4142135381698608 1.4142135381698608 4.123105525970459 1 1 2
          2.8284270763397217 2.2360680103302 3.1622776985168457 1 2 11.401754379272461
          86.5794448852539 87.86353302001953 57.706153869628906 1.4142135381698608 18.027755737304688 2
          2.2360680103302 1 1 51.7397346496582 1.4142135381698608 5
          39.11521530151367 4.123105525970459 2.8284270763397217 2 2.2360680103302 2.2360680103302
          1 3.605551242828369 1 1 6.082762718200684 75.89466094970703
          12.529964447021484 1 1 1 1.4142135381698608 1.4142135381698608
          51.15662384033203 1.4142135381698608 10.630146026611328 1.4142135381698608 84.89994049072266 1.4142135381698608
          87.59566497802734 83.48652648925781 1 1 58 84.11896514892578
          1 19.79899024963379 21.02379608154297 1.4142135381698608 1 1.4142135381698608
          38.910152435302734 20.248456954956055 33.30165100097656 4.123105525970459 8.9442720413208 74.32361602783203
          1 68.15423583984375 1 26.925823211669922 1 2.2360680103302
          1.4142135381698608 1 3.605551242828369 1 1.4142135381698608 3.1622776985168457
          1.4142135381698608 1 1 79.83106994628906 1 14.866068840026855
          6.324555397033691 8.602325439453125 10.29563045501709 49.19349670410156 1 19.209373474121094
          1 13.601470947265625 60.01666259765625 10.816654205322266 2.8284270763397217 1.4142135381698608
          1.4142135381698608 1 23.34523582458496 1 1 82.134033203125
          2 73.06161499023438 2.2360680103302 67.60177612304688 1 1.4142135381698608
          77.38862609863281 76.843994140625 1.4142135381698608 25 1 3.605551242828369
          2 29.681644439697266 84.95881652832031 16.492422103881836 1 15.81138801574707
          1 19.10497283935547 1.4142135381698608 17.804492950439453 1.4142135381698608 1
          1 1 28.460498809814453 2 6.324555397033691 73.66138458251953
          60.835845947265625 106.8877944946289 1 2.2360680103302 2.8284270763397217 49.162994384765625
          1 58.600341796875 1 2.2360680103302 6.324555397033691 2.2360680103302
          7.280109882354736 3.1622776985168457 4.242640495300293 2.2360680103302 11.045360565185547 68.00735473632812
          19.10497283935547 87.69264221191406 4.4721360206604 1 1 9.05538558959961
          1 1 76.05918884277344 1 1 1.4142135381698608
          17.492855072021484 1.4142135381698608 2.8284270763397217 2 3.1622776985168457 1
          1 4.4721360206604 21.540658950805664 1.4142135381698608 21.840330123901367 2.2360680103302
          22.203603744506836 57.9741325378418 1.4142135381698608 47.423622131347656 112.7918472290039 1.4142135381698608
          91.4439697265625 2.8284270763397217 1.4142135381698608 18.601076126098633 54.4058837890625 1
          42.54409408569336 1 32.649654388427734 22.022714614868164 40.31128692626953 22.472204208374023
          1 41.19466018676758 3.1622776985168457 1 20.615528106689453 1
          50.28916549682617 1 145.8800811767578 1 2 1.4142135381698608
          162.8895263671875 58.00862121582031 57.00876998901367 1 22.135944366455078 29.96664810180664
          17.029386520385742 5 42.296573638916016 1 1 1
          1 26.4007568359375 1 1 21.260292053222656 1
          76.79192352294922 1 1 1 64.51356506347656 29.154760360717773
          2.2360680103302 69.07966613769531 1 67.5425796508789 16.278820037841797 2.2360680103302
          10.770329475402832 15.29705810546875 1 1 1 21.189620971679688
          1 1 3.1622776985168457 31.764760971069336 41.9761848449707 46.615447998046875
          22.803508758544922 1 1 1 6 1
          3.1622776985168457 58.051700592041016 34.13209533691406 69.07966613769531 45.7055778503418 12.165525436401367
          4.4721360206604 1.4142135381698608 1 21.095022201538086 28.17800521850586 42.95346450805664
          1.4142135381698608 1 38.27531814575195 1.4142135381698608 2.2360680103302 32.015621185302734
          35.902645111083984 1 40.49691390991211 1 1 23.76972770690918
          31.575305938720703 54.5618896484375 46.14108657836914 1.4142135381698608 42.10700607299805 1
          7.8102498054504395 41.617305755615234 1 8.9442720413208 1 35.510562896728516
        </DataArray>
      </CellData>
      <Points>
        <DataArray type="Float32" Name="Points" NumberOfComponents="3" format="ascii" RangeMin="3" RangeMax="223.45021816950637">
          145 11 0 144 10 0
          140 82 0 140 83 0
          145 68 0 145 69 0
          147 2 0 146 2 0
          140 84 0 142 84 0
          144 82 0 144 83 0
          144 9 0 145 1 0
          145 16 0 145 14 0
          158 10 0 156 10 0
          144 84 0 143 12 0
          140 10 0 141 11 0
          147 4 0 147 69 0
          145 5 0 145 6 0
          142 12 0 158 66 0
          156 65 0 138 82 0
          139 82 0 143 5 0
          144 5 0 134 84 0
          137 5 0 138 5 0
          126 93 0 123 93 0
          144 65 0 144 15 0
          145 13 0 154 0 0
          155 0 0 156 64 0
          155 63 0 157 33 0
          158 35 0 155 10 0
          121 93 0 153 10 0
          141 6 0 139 5 0
          142 4 0 143 2 0
          155 1 0 130 24 0
          129 22 0 139 4 0
          152 16 0 153 16 0
          125 52 0 127 54 0
          144 64 0 157 0 0
          143 0 0 154 16 0
          154 63 0 149 70 0
          142 0 0 145 55 0
          145 58 0 142 62 0
          143 63 0 144 50 0
          144 51 0 150 70 0
          155 69 0 130 85 0
          131 85 0 153 9 0
          132 85 0 140 62 0
          151 16 0 134 51 0
          132 51 0 139 62 0
          152 71 0 151 71 0
          142 6 0 132 50 0
          153 5 0 155 6 0
          145 59 0 144 60 0
          149 85 0 159 75 0
          158 77 0 159 78 0
          153 72 0 152 72 0
          146 19 0 145 18 0
          130 53 0 154 73 0
          140 13 0 154 74 0
          125 19 0 127 22 0
          150 44 0 147 44 0
          127 56 0 128 57 0
          153 54 0 156 55 0
          155 8 0 155 9 0
          137 11 0 138 11 0
          130 57 0 130 58 0
          138 13 0 131 58 0
          158 0 0 129 57 0
          147 74 0 133 56 0
          132 56 0 129 56 0
          132 58 0 159 2 0
          39 103 0 42 101 0
          135 62 0 137 61 0
          132 59 0 135 35 0
          136 37 0 130 5 0
          132 2 0 136 71 0
          135 71 0 156 75 0
          144 43 0 145 43 0
          150 17 0 154 86 0
          151 86 0 138 53 0
          137 52 0 147 75 0
          128 54 0 131 61 0
          132 60 0 158 4 0
          143 56 0 145 44 0
          153 67 0 153 68 0
          142 56 0 129 54 0
          90 36 0 93 36 0
          157 56 0 158 5 0
          150 85 0 130 93 0
          137 38 0 117 82 0
          121 81 0 156 27 0
          157 26 0 157 71 0
          156 74 0 134 71 0
          47 3 0 47 1 0
          135 59 0 133 71 0
          131 29 0 132 30 0
          125 48 0 123 49 0
          148 19 0 138 55 0
          158 25 0 129 21 0
          151 26 0 152 23 0
          152 0 0 137 56 0
          149 57 0 82 39 0
          84 38 0 138 39 0
          158 36 0 122 49 0
          137 95 0 139 93 0
          134 30 0 137 2 0
          132 71 0 101 38 0
          100 38 0 27 113 0
          25 114 0 134 46 0
          134 48 0 131 93 0
          130 71 0 155 29 0
          48 0 0 121 48 0
          122 48 0 149 103 0
          154 101 0 142 73 0
          143 73 0 121 47 0
          159 83 0 159 81 0
          151 21 0 154 20 0
          120 47 0 100 37 0
          125 72 0 128 72 0
          121 82 0 130 41 0
          131 38 0 139 39 0
          103 37 0 44 4 0
          133 93 0 114 12 0
          113 11 0 159 105 0
          158 105 0 157 104 0
          156 104 0 117 62 0
          118 63 0 104 37 0
          109 85 0 109 87 0
          141 48 0 140 50 0
          129 27 0 101 93 0
          104 93 0 137 1 0
          142 94 0 142 95 0
          150 13 0 151 15 0
          105 37 0 155 105 0
          151 83 0 134 93 0
          109 89 0 109 88 0
          114 80 0 73 46 0
          79 42 0 42 8 0
          43 6 0 129 72 0
          43 5 0 149 78 0
          149 79 0 143 95 0
          150 59 0 141 102 0
          142 102 0 117 44 0
          118 44 0 142 93 0
          110 87 0 44 9 0
          142 103 0 151 59 0
          149 80 0 121 63 0
          119 64 0 105 38 0
          108 90 0 96 39 0
          116 41 0 118 42 0
          137 47 0 144 103 0
          153 104 0 157 13 0
          158 99 0 157 97 0
          140 73 0 94 36 0
          138 46 0 152 83 0
          149 77 0 127 26 0
          128 27 0 155 84 0
          136 94 0 157 47 0
          158 46 0 146 93 0
          144 93 0 142 92 0
          47 9 0 33 108 0
          36 106 0 129 36 0
          107 89 0 118 64 0
          125 24 0 157 14 0
          135 0 0 134 1 0
          144 92 0 152 79 0
          153 78 0 120 15 0
          118 16 0 123 61 0
          118 17 0 117 17 0
          15 15 0 16 14 0
          125 25 0 114 21 0
          116 19 0 134 66 0
          133 66 0 119 52 0
          120 51 0 104 84 0
          37 17 0 36 16 0
          155 97 0 120 21 0
          121 21 0 111 63 0
          111 65 0 127 67 0
          128 65 0 113 10 0
          116 17 0 107 70 0
          108 68 0 151 41 0
          151 42 0 125 36 0
          125 37 0 133 1 0
          35 15 0 140 41 0
          141 41 0 144 96 0
          105 80 0 104 80 0
          159 58 0 159 57 0
          145 96 0 116 73 0
          115 71 0 154 58 0
          154 59 0 115 70 0
          103 81 0 103 83 0
          154 50 0 154 51 0
          110 80 0 110 82 0
          115 13 0 126 37 0
          119 19 0 109 68 0
          30 9 0 32 6 0
          102 74 0 102 75 0
          142 91 0 129 35 0
          38 17 0 114 37 0
          115 38 0 132 44 0
          123 60 0 125 59 0
          23 115 0 153 23 0
          153 22 0 17 13 0
          18 15 0 105 86 0
          106 86 0 135 1 0
          104 83 0 108 72 0
          123 17 0 28 5 0
          29 7 0 106 73 0
          106 72 0 121 73 0
          122 73 0 113 70 0
          132 6 0 132 5 0
          122 17 0 39 16 0
          127 36 0 109 72 0
          42 14 0 17 5 0
          17 4 0 128 34 0
          17 8 0 17 9 0
          103 75 0 126 40 0
          127 38 0 140 40 0
          103 74 0 100 81 0
          142 90 0 117 13 0
          118 13 0 12 13 0
          14 13 0 17 3 0
          89 77 0 86 77 0
          50 6 0 49 7 0
          54 2 0 54 1 0
          53 1 0 111 69 0
          132 96 0 133 96 0
          17 7 0 19 15 0
          122 60 0 122 59 0
          110 60 0 110 58 0
          159 44 0 16 10 0
          112 65 0 117 52 0
          118 52 0 135 10 0
          136 10 0 47 13 0
          45 12 0 56 0 0
          55 0 0 15 0 0
          17 0 0 52 6 0
          51 6 0 100 80 0
          113 62 0 110 57 0
          111 60 0 51 0 0
          112 80 0 104 94 0
          12 3 0 13 3 0
          32 5 0 120 25 0
          119 23 0 146 100 0
          53 6 0 154 29 0
          127 0 0 128 2 0
          104 91 0 113 80 0
          17 11 0 137 42 0
          138 41 0 110 7 0
          111 9 0 125 67 0
          112 69 0 87 74 0
          88 74 0 115 91 0
          113 90 0 120 35 0
          121 35 0 34 2 0
          33 3 0 118 158 0
          121 157 0 124 68 0
          104 78 0 22 10 0
          21 10 0 40 0 0
          39 1 0 23 19 0
          26 18 0 12 5 0
          14 5 0 154 48 0
          154 49 0 146 96 0
          55 10 0 55 9 0
          27 7 0 146 97 0
          12 8 0 12 9 0
          14 3 0 15 3 0
          54 6 0 88 75 0
          27 8 0 18 0 0
          86 76 0 87 75 0
          108 65 0 16 18 0
          16 17 0 93 66 0
          95 69 0 105 32 0
          105 33 0 56 8 0
          25 9 0 26 8 0
          117 58 0 117 59 0
          55 6 0 20 10 0
          10 10 0 11 10 0
          113 57 0 113 59 0
          148 95 0 32 10 0
          58 1 0 57 1 0
          7 3 0 9 3 0
          14 2 0 115 49 0
          42 13 0 44 13 0
          149 95 0 27 18 0
          150 91 0 19 18 0
          18 18 0 28 15 0
          28 16 0 33 10 0
          12 18 0 12 17 0
          114 49 0 99 84 0
          100 82 0 52 8 0
          20 11 0 108 37 0
          53 9 0 20 0 0
          19 0 0 109 37 0
          2 3 0 1 3 0
          2 13 0 3 13 0
          5 8 0 5 7 0
          29 23 0 29 22 0
          2 8 0 1 8 0
          7 13 0 8 13 0
          86 75 0 119 56 0
          118 57 0 5 6 0
          0 3 0 109 38 0
          22 5 0 21 5 0
          58 11 0 56 10 0
          21 117 0 10 5 0
          11 5 0 39 2 0
          87 85 0 86 85 0
          25 4 0 23 4 0
          35 0 0 85 75 0
          150 90 0 116 92 0
          7 7 0 7 6 0
          28 20 0 0 8 0
          30 19 0 31 19 0
          122 37 0 122 36 0
          122 67 0 122 66 0
          38 10 0 38 9 0
          121 36 0 17 21 0
          17 19 0 121 69 0
          122 70 0 8 4 0
          3 8 0 25 0 0
          24 0 0 2 5 0
          2 4 0 154 46 0
          153 46 0 10 0 0
          10 1 0 3 0 0
          4 0 0 89 80 0
          23 0 0 5 3 0
          5 10 0 5 9 0
          33 0 0 34 0 0
          35 6 0 34 6 0
          4 3 0 3 6 0
          22 1 0 123 36 0
          4 13 0 5 13 0
          155 48 0 32 18 0
          3 10 0 4 10 0
          24 9 0 20 118 0
          27 10 0 28 10 0
          32 19 0 119 31 0
          119 33 0 8 1 0
          8 0 0 29 21 0
          30 21 0 97 81 0
          98 81 0 98 74 0
          100 73 0 116 23 0
          115 23 0 100 77 0
          101 76 0 29 13 0
          5 0 0 4 2 0
          22 22 0 23 21 0
          96 81 0 95 80 0
          58 5 0 58 4 0
          97 32 0 97 33 0
          58 68 0 60 71 0
          102 56 0 104 55 0
          0 18 0 1 18 0
          30 26 0 29 27 0
          115 25 0 116 24 0
          23 23 0 149 22 0
          88 88 0 89 87 0
          65 80 0 64 79 0
          85 85 0 24 23 0
          54 90 0 54 89 0
          29 28 0 149 23 0
          29 25 0 25 24 0
          24 24 0 98 0 0
          96 3 0 122 32 0
          121 31 0 7 22 0
          8 21 0 92 74 0
          92 75 0 159 27 0
          109 55 0 89 89 0
          89 88 0 89 83 0
          79 81 0 76 81 0
          10 34 0 12 33 0
          108 53 0 109 54 0
          2 18 0 89 81 0
          3 18 0 46 98 0
          45 99 0 134 23 0
          133 23 0 4 18 0
          6 18 0 110 54 0
          102 28 0 103 28 0
          98 90 0 99 90 0
          25 29 0 26 28 0
          89 13 0 88 14 0
          45 100 0 44 100 0
          9 28 0 9 27 0
          110 49 0 111 49 0
          67 80 0 66 80 0
          123 14 0 93 46 0
          91 46 0 98 61 0
          100 63 0 54 88 0
          5 20 0 5 19 0
          43 100 0 7 43 0
          5 44 0 64 78 0
          85 83 0 144 33 0
          143 33 0 5 25 0
          7 24 0 84 83 0
          27 28 0 28 28 0
          90 74 0 53 78 0
          55 79 0 93 75 0
          98 55 0 98 53 0
          53 80 0 53 81 0
          99 46 0 99 45 0
          30 28 0 32 27 0
          42 21 0 75 81 0
          43 21 0 44 22 0
          104 28 0 95 70 0
          90 67 0 50 95 0
          50 96 0 123 13 0
          8 25 0 9 25 0
          54 16 0 55 15 0
          122 40 0 122 41 0
          0 33 0 3 32 0
          100 64 0 5 45 0
          68 51 0 70 48 0
          12 30 0 13 31 0
          50 97 0 8 38 0
          30 33 0 31 33 0
          93 79 0 53 82 0
          89 68 0 12 32 0
          51 95 0 9 26 0
          62 83 0 44 23 0
          101 30 0 8 23 0
          32 32 0 82 69 0
          83 72 0 27 33 0
          28 33 0 92 88 0
          93 88 0 141 30 0
          142 30 0 29 32 0
          8 36 0 145 153 0
          145 152 0 83 85 0
          82 86 0 142 31 0
          130 104 0 131 103 0
          12 40 0 11 40 0
          135 149 0 133 150 0
          60 80 0 61 80 0
          72 75 0 74 76 0
          52 94 0 150 149 0
          149 152 0 54 17 0
          48 96 0 54 18 0
          159 157 0 158 155 0
          53 91 0 96 67 0
          93 89 0 40 23 0
          91 88 0 94 93 0
          93 92 0 145 151 0
          98 51 0 98 52 0
          92 84 0 92 83 0
          40 24 0 82 82 0
          134 106 0 133 104 0
          149 157 0 149 156 0
          95 71 0 99 52 0
          159 153 0 53 18 0
          104 52 0 105 52 0
          64 58 0 65 58 0
          148 152 0 87 15 0
          0 28 0 3 27 0
          108 45 0 108 44 0
          7 37 0 11 29 0
          106 103 0 107 103 0
          61 84 0 62 84 0
          80 45 0 80 44 0
          99 47 0 90 65 0
          91 65 0 62 85 0
          72 78 0 72 77 0
          150 155 0 108 103 0
          52 93 0 146 153 0
          90 46 0 75 75 0
          52 19 0 158 151 0
          158 152 0 147 154 0
          147 153 0 100 55 0
          157 158 0 158 158 0
          99 48 0 85 17 0
          15 122 0 16 122 0
          4 31 0 141 25 0
          143 25 0 129 103 0
          130 103 0 74 78 0
          73 78 0 44 24 0
          132 102 0 85 90 0
          85 89 0 11 45 0
          9 44 0 17 36 0
          17 34 0 148 155 0
          18 121 0 129 156 0
          127 155 0 84 48 0
          84 50 0 43 25 0
          103 62 0 103 63 0
          95 45 0 86 92 0
          87 91 0 127 108 0
          127 107 0 132 101 0
          5 36 0 5 37 0
          108 105 0 108 104 0
          85 50 0 51 19 0
          2 40 0 3 41 0
          65 59 0 17 28 0
          17 29 0 17 121 0
          63 58 0 144 156 0
          146 155 0 50 19 0
          122 102 0 123 103 0
          159 28 0 155 156 0
          87 50 0 86 50 0
          62 58 0 113 0 0
          112 1 0 127 106 0
          71 77 0 17 33 0
          16 33 0 58 81 0
          59 80 0 99 100 0
          97 102 0 70 77 0
          43 26 0 60 81 0
          132 151 0 155 155 0
          108 102 0 53 92 0
          92 4 0 92 5 0
          57 78 0 56 78 0
          91 93 0 92 93 0
          153 159 0 152 159 0
          60 82 0 79 73 0
          78 75 0 154 153 0
          153 154 0 142 159 0
          143 157 0 93 5 0
          111 2 0 0 25 0
          0 26 0 77 71 0
          78 73 0 42 27 0
          114 28 0 15 34 0
          3 36 0 66 53 0
          14 34 0 152 158 0
          123 1 0 2 50 0
          3 50 0 154 159 0
          123 106 0 123 104 0
          105 0 0 104 0 0
          0 38 0 1 38 0
          17 30 0 74 79 0
          2 52 0 5 49 0
          5 47 0 92 42 0
          91 41 0 112 3 0
          125 155 0 124 156 0
          85 18 0 113 29 0
          54 86 0 54 87 0
          7 51 0 6 51 0
          4 50 0 16 31 0
          88 17 0 92 45 0
          152 157 0 120 1 0
          120 0 0 153 156 0
          92 44 0 104 47 0
          104 46 0 119 0 0
          110 0 0 110 1 0
          128 113 0 129 115 0
          155 111 0 156 110 0
          90 98 0 91 97 0
          49 90 0 51 89 0
          127 104 0 127 105 0
          19 30 0 20 30 0
          104 45 0 105 45 0
          95 102 0 0 23 0
          0 24 0 85 30 0
          86 31 0 2 38 0
          2 39 0 83 61 0
          85 57 0 0 30 0
          0 31 0 87 49 0
          37 28 0 36 28 0
          0 47 0 2 46 0
          122 157 0 99 18 0
          96 17 0 108 101 0
          114 0 0 93 6 0
          63 11 0 62 12 0
          144 149 0 64 83 0
          130 154 0 63 71 0
          62 69 0 107 101 0
          128 104 0 0 50 0
          1 50 0 115 0 0
          19 36 0 89 51 0
          88 51 0 20 35 0
          0 43 0 1 43 0
          29 38 0 29 37 0
          14 58 0 15 58 0
          65 83 0 17 40 0
          16 40 0 108 26 0
          107 27 0 69 78 0
          7 33 0 7 34 0
          103 0 0 15 59 0
          25 39 0 26 38 0
          124 103 0 93 7 0
          31 110 0 59 88 0
          57 88 0 143 109 0
          144 107 0 25 38 0
          24 38 0 57 82 0
          107 99 0 39 28 0
          38 28 0 87 55 0
          89 55 0 124 104 0
          128 118 0 158 145 0
          159 146 0 159 123 0
          159 121 0 121 3 0
          120 3 0 48 25 0
          48 23 0 158 121 0
          109 109 0 109 107 0
          123 123 0 126 123 0
          104 8 0 103 9 0
          150 120 0 149 120 0
          104 17 0 103 17 0
          85 45 0 85 46 0
          0 40 0 1 39 0
          63 66 0 62 68 0
          58 73 0 153 125 0
          155 123 0 70 85 0
          69 84 0 157 112 0
          156 112 0 139 33 0
          129 126 0 130 125 0
          142 118 0 142 120 0
          136 20 0 136 21 0
          145 120 0 144 120 0
          22 37 0 22 36 0
          137 110 0 137 109 0
          88 60 0 88 61 0
          148 120 0 117 105 0
          118 104 0 65 75 0
          68 72 0 150 115 0
          149 117 0 18 56 0
          95 17 0 33 106 0
          47 27 0 46 27 0
          143 120 0 36 33 0
          149 143 0 149 144 0
          9 51 0 8 51 0
          37 33 0 156 120 0
          33 105 0 150 119 0
          102 17 0 74 69 0
          75 69 0 89 18 0
          138 147 0 90 55 0
          69 71 0 69 73 0
          14 44 0 139 112 0
          138 111 0 102 9 0
          102 7 0 0 52 0
          0 51 0 144 121 0
          91 7 0 92 7 0
          130 124 0 15 44 0
          128 120 0 128 119 0
          106 2 0 105 2 0
          101 100 0 59 87 0
          104 22 0 104 24 0
          150 125 0 150 123 0
          72 68 0 73 68 0
          148 35 0 149 36 0
          19 54 0 31 38 0
          76 63 0 77 64 0
          137 115 0 138 116 0
          77 65 0 145 25 0
          145 24 0 129 123 0
          151 118 0 150 118 0
          101 18 0 88 54 0
          145 122 0 128 110 0
          128 111 0 32 37 0
          78 65 0 149 123 0
          149 122 0 144 117 0
          143 119 0 124 110 0
          124 109 0 106 98 0
          149 118 0 137 22 0
          136 22 0 146 120 0
          101 7 0 110 96 0
          101 0 0 78 67 0
          159 113 0 158 113 0
          148 27 0 92 17 0
          148 113 0 149 114 0
          140 122 0 140 120 0
          110 97 0 145 115 0
          145 116 0 150 144 0
          10 49 0 10 48 0
          99 159 0 98 158 0
          155 120 0 147 27 0
          39 33 0 38 33 0
          158 115 0 158 114 0
          107 18 0 106 7 0
          90 115 0 91 115 0
          144 113 0 145 114 0
          57 75 0 80 57 0
          80 59 0 75 60 0
          75 61 0 102 100 0
          92 115 0 145 147 0
          148 145 0 154 148 0
          155 148 0 133 110 0
          133 111 0 21 40 0
          20 40 0 24 43 0
          24 42 0 151 123 0
          89 115 0 129 122 0
          128 121 0 107 19 0
          133 112 0 153 115 0
          152 115 0 152 143 0
          151 143 0 155 115 0
          154 115 0 92 103 0
          152 122 0 133 109 0
          89 108 0 90 108 0
          27 41 0 138 117 0
          152 123 0 134 113 0
          134 112 0 79 67 0
          99 5 0 99 6 0
          91 103 0 152 145 0
          64 113 0 68 113 0
          104 20 0 78 60 0
          77 61 0 90 110 0
          53 26 0 55 24 0
          152 114 0 152 146 0
          128 109 0 78 100 0
          77 99 0 138 114 0
          94 98 0 87 118 0
          88 117 0 147 141 0
          88 116 0 27 42 0
          57 23 0 79 62 0
          78 63 0 78 96 0
          78 97 0 19 43 0
          18 44 0 4 128 0
          2 127 0 88 112 0
          47 120 0 48 119 0
          69 8 0 68 7 0
          68 117 0 70 116 0
          74 57 0 74 56 0
          132 128 0 133 127 0
          75 99 0 76 99 0
          124 118 0 125 119 0
          73 56 0 134 127 0
          131 127 0 62 76 0
          48 29 0 62 75 0
          80 35 0 80 34 0
          135 145 0 135 146 0
          48 30 0 87 114 0
          87 113 0 79 102 0
          79 101 0 128 124 0
          108 0 0 82 123 0
          81 123 0 123 145 0
          122 145 0 77 49 0
          78 49 0 143 125 0
          143 124 0 132 115 0
          131 115 0 78 98 0
          97 158 0 127 124 0
          76 55 0 18 46 0
          18 45 0 24 118 0
          24 117 0 129 132 0
          129 131 0 0 58 0
          1 56 0 125 150 0
          125 151 0 22 45 0
          24 44 0 74 93 0
          74 94 0 87 112 0
          76 53 0 77 54 0
          84 118 0 85 118 0
          87 115 0 56 22 0
          152 132 0 154 131 0
          121 145 0 139 147 0
          112 108 0 111 109 0
          74 95 0 37 37 0
          37 36 0 81 122 0
          17 50 0 17 49 0
          123 118 0 89 118 0
          124 143 0 124 144 0
          8 126 0 7 126 0
          135 119 0 136 118 0
          134 118 0 135 118 0
          122 118 0 22 46 0
          76 95 0 91 118 0
          158 132 0 158 131 0
          145 130 0 145 129 0
          113 106 0 113 107 0
          79 112 0 78 112 0
          69 88 0 69 87 0
          148 128 0 148 127 0
          121 152 0 121 153 0
          124 152 0 135 159 0
          136 158 0 152 139 0
          152 140 0 70 90 0
          69 89 0 149 32 0
          80 119 0 16 49 0
          88 109 0 7 125 0
          22 47 0 17 51 0
          122 149 0 123 149 0
          11 125 0 123 152 0
          62 105 0 64 107 0
          69 95 0 71 93 0
          77 113 0 125 145 0
          153 140 0 73 92 0
          137 145 0 82 114 0
          80 113 0 137 144 0
          94 158 0 87 110 0
          145 140 0 146 140 0
          154 138 0 153 138 0
          121 147 0 49 118 0
          29 117 0 29 116 0
          52 116 0 51 117 0
          72 91 0 73 89 0
          144 128 0 144 127 0
          70 120 0 69 119 0
          59 122 0 57 122 0
          47 32 0 146 128 0
          147 128 0 139 23 0
          138 22 0 0 128 0
          72 55 0 72 56 0
          94 114 0 124 148 0
          77 55 0 147 140 0
          78 105 0 78 104 0
          127 148 0 126 148 0
          87 100 0 88 100 0
          87 105 0 87 106 0
          115 115 0 114 114 0
          82 104 0 81 104 0
          17 52 0 17 53 0
          69 113 0 69 112 0
          125 148 0 5 74 0
          4 74 0 119 97 0
          119 96 0 10 60 0
          12 61 0 54 118 0
          53 118 0 149 132 0
          148 130 0 74 106 0
          75 105 0 74 59 0
          47 33 0 18 47 0
          153 141 0 84 97 0
          83 98 0 77 104 0
          77 103 0 83 21 0
          84 20 0 24 48 0
          24 47 0 82 98 0
          70 60 0 68 60 0
          141 147 0 69 111 0
          14 48 0 15 48 0
          0 75 0 0 74 0
          80 110 0 79 111 0
          77 110 0 78 110 0
          116 108 0 117 107 0
          55 95 0 54 95 0
          70 115 0 69 93 0
          69 94 0 66 92 0
          66 91 0 158 130 0
          157 136 0 155 136 0
          145 135 0 147 135 0
          94 113 0 85 96 0
          72 104 0 71 103 0
          88 158 0 91 157 0
          70 114 0 155 132 0
          93 25 0 93 24 0
          147 139 0 135 140 0
          135 141 0 85 100 0
          86 100 0 77 109 0
          52 118 0 51 118 0
          15 63 0 14 62 0
          77 108 0 148 135 0
          148 136 0 150 138 0
          151 138 0 148 137 0
          88 105 0 155 131 0
          65 19 0 64 19 0
          94 23 0 140 135 0
          139 135 0 36 112 0
          36 111 0 139 128 0
          141 128 0 158 129 0
          114 113 0 81 110 0
          120 99 0 119 99 0
          14 53 0 14 52 0
          64 18 0 123 141 0
          123 142 0 0 73 0
          12 125 0 72 114 0
          71 114 0 2 75 0
          54 110 0 53 109 0
          22 50 0 20 49 0
          68 0 0 67 0 0
          4 65 0 3 66 0
          94 110 0 93 110 0
          70 104 0 70 103 0
          82 110 0 79 117 0
          80 115 0 72 118 0
          71 120 0 138 141 0
          137 142 0 64 17 0
          64 108 0 89 122 0
          89 121 0 139 142 0
          138 142 0 73 110 0
          74 110 0 54 113 0
          53 114 0 38 110 0
          37 110 0 40 40 0
          40 38 0 132 146 0
          132 147 0 69 103 0
          52 33 0 53 31 0
          83 100 0 82 99 0
          113 114 0 52 119 0
          52 108 0 157 138 0
          157 137 0 64 110 0
          142 135 0 143 135 0
          133 130 0 133 129 0
          85 114 0 57 126 0
          57 124 0 84 102 0
          84 101 0 57 26 0
          53 120 0 54 33 0
          54 32 0 130 130 0
          131 129 0 144 133 0
          144 134 0 138 135 0
          57 27 0 10 54 0
          10 53 0 112 114 0
          138 130 0 139 130 0
          55 120 0 55 119 0
          140 130 0 114 118 0
          115 117 0 59 128 0
          58 127 0 153 134 0
          64 111 0 93 21 0
          94 20 0 65 98 0
          65 99 0 138 133 0
          138 132 0 142 143 0
          143 143 0 74 112 0
          75 112 0 55 105 0
          53 106 0 69 18 0
          67 18 0 146 133 0
          147 133 0 72 102 0
          58 96 0 57 96 0
          46 93 0 47 93 0
          96 108 0 96 107 0
          22 58 0 20 58 0
          57 115 0 58 115 0
          6 60 0 7 61 0
          65 110 0 92 11 0
          91 12 0 141 152 0
          141 151 0 142 133 0
          142 134 0 124 128 0
          124 127 0 140 129 0
          12 62 0 113 103 0
          114 103 0 135 130 0
          134 130 0 97 109 0
          96 109 0 3 75 0
          138 134 0 59 98 0
          57 98 0 96 22 0
          65 100 0 106 150 0
          105 150 0 58 116 0
          92 158 0 90 29 0
          90 30 0 48 116 0
          49 116 0 0 77 0
          105 149 0 65 96 0
          27 47 0 27 46 0
          47 107 0 49 108 0
          115 100 0 115 102 0
          89 127 0 90 125 0
          82 108 0 82 109 0
          19 68 0 18 68 0
          5 126 0 54 122 0
          0 78 0 47 115 0
          47 116 0 60 95 0
          59 96 0 52 106 0
          12 53 0 11 53 0
          54 123 0 71 110 0
          90 124 0 89 124 0
          103 116 0 102 114 0
          14 67 0 14 66 0
          52 107 0 4 130 0
          4 131 0 40 115 0
          40 116 0 50 105 0
          52 105 0 20 64 0
          18 66 0 37 117 0
          37 114 0 141 21 0
          140 21 0 84 132 0
          84 131 0 67 14 0
          59 116 0 110 155 0
          110 154 0 40 117 0
          35 43 0 34 42 0
          67 15 0 60 100 0
          61 102 0 21 135 0
          22 135 0 59 118 0
          88 26 0 88 27 0
          53 111 0 113 111 0
          134 138 0 134 139 0
          97 22 0 85 105 0
          86 105 0 41 115 0
          85 0 0 88 1 0
          44 53 0 44 52 0
          62 28 0 61 29 0
          45 44 0 46 43 0
          89 27 0 10 74 0
          9 74 0 63 118 0
          13 124 0 4 79 0
          4 77 0 132 138 0
          133 138 0 12 67 0
          13 67 0 24 53 0
          24 52 0 109 149 0
          93 27 0 84 158 0
          85 158 0 70 100 0
          69 100 0 64 42 0
          63 42 0 56 123 0
          55 123 0 120 120 0
          121 120 0 130 140 0
          132 140 0 50 104 0
          74 3 0 75 4 0
          110 119 0 111 118 0
          88 131 0 89 130 0
          45 40 0 45 39 0
          44 43 0 45 43 0
          75 5 0 90 155 0
          90 156 0 44 39 0
          80 30 0 80 32 0
          42 43 0 42 42 0
          44 41 0 2 67 0
          42 115 0 110 153 0
          43 51 0 43 50 0
          47 43 0 44 48 0
          43 49 0 59 93 0
          60 93 0 42 50 0
          59 108 0 60 108 0
          82 26 0 83 26 0
          42 48 0 40 49 0
          90 130 0 60 29 0
          43 43 0 24 69 0
          23 68 0 47 40 0
          46 40 0 8 65 0
          8 63 0 45 115 0
          46 115 0 60 109 0
          80 125 0 80 124 0
          107 158 0 108 156 0
          41 112 0 40 112 0
          87 124 0 87 123 0
          25 54 0 24 54 0
          72 15 0 73 13 0
          9 68 0 10 68 0
          75 1 0 0 83 0
          1 82 0 39 117 0
          57 35 0 57 34 0
          59 28 0 49 38 0
          49 37 0 90 131 0
          119 112 0 119 111 0
          40 45 0 40 44 0
          32 47 0 34 46 0
          30 122 0 31 123 0
          40 120 0 40 119 0
          99 137 0 100 138 0
          80 9 0 79 9 0
          112 153 0 111 153 0
          7 58 0 7 59 0
          76 0 0 75 10 0
          78 8 0 101 113 0
          99 114 0 49 85 0
          50 84 0 97 123 0
          96 124 0 32 124 0
          17 67 0 16 67 0
          39 43 0 40 43 0
          108 146 0 108 148 0
          22 136 0 61 109 0
          0 80 0 0 79 0
          120 122 0 45 47 0
          82 158 0 83 158 0
          69 28 0 68 26 0
          42 109 0 42 108 0
          34 48 0 34 47 0
          119 122 0 10 69 0
          114 153 0 114 154 0
          99 113 0 98 113 0
          52 37 0 51 38 0
          6 63 0 29 53 0
          31 53 0 39 49 0
          73 3 0 64 28 0
          63 28 0 32 119 0
          32 120 0 42 49 0
          22 68 0 0 63 0
          0 61 0 67 64 0
          67 63 0 95 10 0
          95 9 0 33 120 0
          23 136 0 110 123 0
          109 122 0 112 152 0
          70 37 0 71 36 0
          39 58 0 39 56 0
          35 115 0 36 115 0
          79 8 0 62 43 0
          21 68 0 63 120 0
          63 119 0 37 48 0
          35 48 0 47 88 0
          48 88 0 57 103 0
          57 104 0 40 53 0
          41 53 0 65 24 0
          65 26 0 52 48 0
          50 48 0 79 158 0
          80 158 0 112 151 0
          60 39 0 58 41 0
          46 48 0 47 48 0
          7 82 0 8 81 0
          95 125 0 95 124 0
          59 47 0 58 46 0
          30 125 0 30 124 0
          49 43 0 48 43 0
          67 128 0 67 127 0
          130 137 0 132 137 0
          0 68 0 1 68 0
          4 132 0 2 82 0
          47 45 0 47 44 0
          108 115 0 108 114 0
          79 130 0 78 132 0
          8 67 0 85 130 0
          90 132 0 37 45 0
          37 44 0 112 154 0
          77 158 0 78 158 0
          67 28 0 66 28 0
          62 35 0 61 35 0
          92 133 0 91 132 0
          54 53 0 54 52 0
          85 155 0 84 156 0
          9 81 0 28 120 0
          28 119 0 59 33 0
          59 32 0 72 13 0
          54 48 0 53 48 0
          47 50 0 47 49 0
          75 133 0 76 133 0
          28 125 0 28 124 0
          117 118 0 118 119 0
          52 53 0 52 52 0
          49 48 0 71 128 0
          69 128 0 71 13 0
          83 146 0 83 147 0
          104 153 0 104 154 0
          32 118 0 3 81 0
          86 132 0 98 120 0
          98 121 0 90 129 0
          95 123 0 55 44 0
          55 45 0 109 148 0
          32 52 0 74 37 0
          72 38 0 93 127 0
          92 128 0 30 120 0
          31 120 0 4 129 0
          60 43 0 57 48 0
          56 48 0 29 51 0
          30 50 0 5 83 0
          60 35 0 59 35 0
          52 50 0 52 49 0
          74 18 0 73 18 0
          3 83 0 30 121 0
          128 138 0 129 137 0
          54 38 0 54 37 0
          48 56 0 47 56 0
          62 33 0 61 33 0
          80 148 0 81 148 0
          27 68 0 26 68 0
          84 148 0 93 123 0
          83 150 0 82 150 0
          64 33 0 63 32 0
          84 2 0 85 3 0
          34 53 0 33 53 0
          5 69 0 4 68 0
          82 149 0 72 35 0
          48 49 0 47 55 0
          102 138 0 71 20 0
          71 19 0 53 51 0
          9 83 0 9 82 0
          4 83 0 29 52 0
          37 57 0 87 149 0
          88 148 0 122 134 0
          122 133 0 89 148 0
          57 45 0 56 45 0
          53 50 0 82 155 0
          103 155 0 77 133 0
          85 149 0 82 148 0
          38 121 0 38 120 0
          64 38 0 65 39 0
          113 140 0 113 141 0
          45 113 0 45 114 0
          42 124 0 40 123 0
          0 65 0 0 64 0
          105 121 0 106 120 0
          109 143 0 109 144 0
          72 34 0 81 155 0
          24 64 0 23 65 0
          67 126 0 42 58 0
          41 58 0 80 0 0
          79 0 0 40 88 0
          38 89 0 74 130 0
          73 128 0 75 26 0
          74 27 0 85 4 0
          84 153 0 85 154 0
          113 142 0 112 143 0
          59 43 0 2 71 0
          47 54 0 99 134 0
          72 33 0 120 131 0
          121 130 0 37 55 0
          38 54 0 0 70 0
          0 69 0 40 55 0
          85 144 0 85 145 0
          2 143 0 1 143 0
          75 16 0 74 16 0
          49 53 0 51 53 0
          73 125 0 74 125 0
          32 55 0 32 54 0
          76 7 0 80 145 0
          81 145 0 74 23 0
          73 23 0 76 159 0
          7 87 0 8 85 0
          67 32 0 66 33 0
          67 40 0 66 40 0
          75 159 0 108 154 0
          52 39 0 69 35 0
          83 152 0 52 40 0
          44 58 0 45 56 0
          52 43 0 51 43 0
          87 2 0 86 2 0
          102 123 0 99 123 0
          57 50 0 58 49 0
          74 33 0 73 33 0
          116 132 0 116 133 0
          72 23 0 72 25 0
          110 159 0 109 159 0
          110 144 0 109 145 0
          111 150 0 68 35 0
          0 143 0 62 134 0
          62 133 0 58 43 0
          90 144 0 89 145 0
          67 30 0 68 30 0
          85 140 0 86 141 0
          62 40 0 61 40 0
          23 137 0 3 138 0
          2 136 0 0 135 0
          0 136 0 69 143 0
          69 145 0 62 130 0
          61 130 0 73 25 0
          69 34 0 0 145 0
          1 145 0 102 148 0
          103 150 0 24 138 0
          24 137 0 25 125 0
          26 125 0 27 128 0
          28 127 0 72 124 0
          72 123 0 112 148 0
          112 149 0 74 28 0
          27 63 0 27 64 0
          75 39 0 75 38 0
          3 86 0 28 64 0
          64 128 0 65 128 0
          12 82 0 11 83 0
          21 73 0 23 71 0
          2 87 0 74 25 0
          80 127 0 69 33 0
          74 150 0 74 149 0
          61 133 0 26 64 0
          79 5 0 78 6 0
          58 148 0 58 150 0
          49 58 0 49 57 0
          72 21 0 26 58 0
          37 123 0 38 122 0
          78 13 0 77 13 0
          23 131 0 23 130 0
          105 145 0 106 145 0
          0 88 0 0 87 0
          93 140 0 93 141 0
          68 145 0 94 141 0
          78 155 0 63 134 0
          104 141 0 102 140 0
          77 155 0 100 150 0
          101 150 0 77 128 0
          78 128 0 117 133 0
          118 133 0 27 58 0
          2 135 0 0 133 0
          1 133 0 37 90 0
          67 37 0 65 132 0
          5 140 0 4 141 0
          70 135 0 69 135 0
          101 156 0 72 127 0
          22 130 0 19 138 0
          18 138 0 2 134 0
          115 140 0 114 140 0
          10 130 0 9 130 0
          27 73 0 28 73 0
          82 0 0 39 86 0
          17 137 0 17 136 0
          24 130 0 99 133 0
          103 145 0 102 147 0
          35 59 0 34 59 0
          93 142 0 18 135 0
          78 150 0 78 149 0
          69 141 0 102 135 0
          102 136 0 37 62 0
          37 61 0 29 58 0
          30 58 0 2 148 0
          2 147 0 31 73 0
          30 73 0 70 140 0
          29 153 0 28 150 0
          17 105 0 17 104 0
          75 145 0 75 146 0
          32 65 0 32 64 0
          74 142 0 73 143 0
          3 140 0 35 64 0
          100 143 0 100 141 0
          32 63 0 31 64 0
          87 141 0 65 130 0
          64 130 0 92 143 0
          91 144 0 72 40 0
          73 39 0 119 141 0
          119 142 0 10 108 0
          11 108 0 34 64 0
          40 63 0 41 63 0
          68 135 0 5 145 0
          5 144 0 16 103 0
          34 93 0 37 93 0
          29 73 0 3 146 0
          3 145 0 93 151 0
          93 152 0 75 154 0
          76 154 0 0 148 0
          0 146 0 100 145 0
          101 145 0 0 140 0
          1 140 0 25 73 0
          19 135 0 7 143 0
          6 143 0 91 148 0
          15 135 0 14 135 0
          24 73 0 59 132 0
          60 132 0 92 148 0
          117 139 0 116 139 0
          114 128 0 113 127 0
          12 138 0 12 137 0
          74 148 0 75 148 0
          32 60 0 33 59 0
          8 131 0 7 132 0
          77 20 0 76 20 0
          69 146 0 85 142 0
          37 80 0 39 79 0
          100 154 0 100 155 0
          42 62 0 65 145 0
          66 145 0 54 140 0
          54 139 0 45 63 0
          43 64 0 9 133 0
          8 133 0 32 67 0
          31 68 0 61 132 0
          14 127 0 13 127 0
          21 79 0 23 76 0
          17 73 0 17 71 0
          67 43 0 67 42 0
          72 133 0 40 133 0
          41 134 0 13 136 0
          99 153 0 100 152 0
          12 107 0 100 144 0
          8 106 0 22 87 0
          23 86 0 39 62 0
          23 73 0 42 133 0
          12 87 0 11 88 0
          69 147 0 72 144 0
          73 145 0 100 130 0
          100 132 0 49 133 0
          50 134 0 15 140 0
          15 139 0 75 152 0
          75 153 0 97 148 0
          97 147 0 34 68 0
          32 69 0 15 89 0
          15 86 0 39 136 0
          37 136 0 36 136 0
          45 81 0 45 79 0
          41 83 0 40 84 0
          2 153 0 1 153 0
          97 150 0 99 150 0
          77 139 0 76 140 0
          86 137 0 14 138 0
          76 33 0 75 33 0
          0 153 0 10 140 0
          11 140 0 32 81 0
          31 83 0 87 137 0
          17 106 0 7 107 0
          13 140 0 14 140 0
          14 109 0 13 108 0
          41 128 0 40 127 0
          45 77 0 103 110 0
          104 110 0 39 84 0
          59 158 0 62 158 0
          95 145 0 96 145 0
          107 137 0 106 138 0
          92 139 0 92 140 0
          52 57 0 51 58 0
          16 127 0 17 126 0
          30 83 0 25 135 0
          25 136 0 62 139 0
          62 140 0 43 80 0
          80 135 0 80 134 0
          17 107 0 95 135 0
          95 134 0 59 137 0
          59 136 0 69 133 0
          70 133 0 36 88 0
          35 87 0 42 65 0
          42 64 0 42 85 0
          42 84 0 113 126 0
          22 82 0 23 80 0
          9 104 0 10 105 0
          77 33 0 22 102 0
          21 102 0 105 138 0
          50 64 0 50 65 0
          102 133 0 102 134 0
          72 141 0 63 140 0
          34 86 0 34 85 0
          14 113 0 15 112 0
          33 83 0 13 105 0
          104 139 0 65 159 0
          64 159 0 64 158 0
          40 69 0 41 68 0
          30 157 0 31 158 0
          9 143 0 8 143 0
          20 102 0 18 103 0
          67 138 0 67 139 0
          35 135 0 15 74 0
          14 74 0 45 135 0
          47 135 0 37 153 0
          35 154 0 65 140 0
          64 140 0 48 136 0
          105 128 0 104 130 0
          113 125 0 27 136 0
          26 137 0 28 96 0
          26 98 0 35 84 0
          17 97 0 16 97 0
          12 148 0 9 148 0
          75 136 0 42 80 0
          37 67 0 36 67 0
          2 151 0 10 145 0
          10 144 0 75 137 0
          0 150 0 1 150 0
          44 153 0 45 154 0
          8 111 0 8 110 0
          15 85 0 14 86 0
          132 14 0 132 13 0
          18 131 0 18 132 0
          28 155 0 28 154 0
          90 139 0 90 138 0
          35 155 0 35 78 0
          36 78 0 14 99 0
          15 100 0 7 106 0
          43 66 0 43 65 0
          7 105 0 7 148 0
          7 147 0 44 80 0
          10 142 0 66 140 0
          12 102 0 13 103 0
          5 109 0 6 108 0
          32 158 0 28 156 0
          19 99 0 19 100 0
          27 150 0 108 130 0
          108 127 0 30 155 0
          29 155 0 29 148 0
          28 147 0 60 150 0
          95 147 0 94 147 0
          47 75 0 46 76 0
          35 156 0 7 103 0
          7 104 0 68 150 0
          68 149 0 24 148 0
          26 146 0 15 94 0
          16 93 0 50 66 0
          40 79 0 34 136 0
          36 89 0 89 138 0
          2 107 0 3 107 0
          34 138 0 35 138 0
          36 83 0 34 73 0
          33 73 0 5 150 0
          5 149 0 4 104 0
          6 103 0 49 128 0
          49 129 0 17 75 0
          18 74 0 17 159 0
          20 156 0 7 92 0
          8 91 0 17 92 0
          33 158 0 91 139 0
          43 71 0 41 73 0
          24 133 0 25 133 0
          15 145 0 15 144 0
          24 85 0 24 83 0
          23 95 0 22 94 0
          0 103 0 1 103 0
          37 77 0 33 136 0
          34 157 0 43 155 0
          15 97 0 12 151 0
          12 149 0 14 98 0
          54 138 0 24 103 0
          24 102 0 3 158 0
          1 158 0 54 136 0
          54 137 0 47 65 0
          46 65 0 65 155 0
          65 154 0 49 137 0
          15 96 0 42 130 0
          45 68 0 44 69 0
          0 108 0 1 107 0
          17 77 0 18 76 0
          35 150 0 35 151 0
          28 146 0 57 143 0
          57 145 0 4 94 0
          5 92 0 49 130 0
          65 152 0 40 74 0
          4 99 0 5 101 0
          42 70 0 41 70 0
          10 150 0 10 149 0
          12 92 0 13 91 0
          55 146 0 41 153 0
          30 149 0 49 131 0
          48 64 0 47 151 0
          49 150 0 70 150 0
          70 149 0 43 70 0
          32 148 0 31 148 0
          37 94 0 40 75 0
          17 142 0 13 96 0
          39 153 0 38 153 0
          67 153 0 66 153 0
          17 143 0 37 70 0
          38 69 0 0 155 0
          1 154 0 12 97 0
          26 150 0 2 102 0
          3 103 0 71 153 0
          70 154 0 70 152 0
          70 153 0 25 150 0
          39 93 0 39 92 0
          0 93 0 1 92 0
          40 155 0 40 154 0
          65 150 0 66 149 0
          54 128 0 54 127 0
          50 137 0 113 130 0
          114 130 0 9 99 0
          10 101 0 33 145 0
          32 144 0 50 149 0
          50 148 0 65 156 0
          37 92 0 21 94 0
          20 93 0 20 145 0
          17 146 0 32 143 0
          7 153 0 7 152 0
          9 93 0 8 93 0
          43 135 0 63 151 0
          64 151 0 15 92 0
          32 77 0 32 76 0
          27 77 0 26 78 0
          8 151 0 9 150 0
          32 90 0 33 90 0
          19 93 0 55 145 0
          52 158 0 52 156 0
          85 10 0 85 11 0
          60 155 0 59 156 0
          19 143 0 19 142 0
          24 97 0 17 148 0
          109 133 0 110 133 0
          17 115 0 17 114 0
          31 145 0 2 112 0
          3 111 0 50 139 0
          50 138 0 0 113 0
          1 113 0 0 158 0
          58 153 0 58 151 0
          56 143 0 63 155 0
          62 155 0 60 152 0
          60 151 0 49 148 0
          22 143 0 21 141 0
          57 140 0 32 154 0
          22 153 0 23 151 0
          32 155 0 47 154 0
          46 154 0 17 83 0
          18 83 0 33 140 0
          33 139 0 7 158 0
          6 158 0 24 143 0
          24 142 0 0 105 0
          1 104 0 52 154 0
          51 153 0 3 156 0
          49 153 0 36 98 0
          35 95 0 17 145 0
          5 155 0 5 154 0
          24 158 0 25 157 0
          47 152 0 7 97 0
          8 96 0 53 130 0
          54 129 0 70 159 0
          71 158 0 32 141 0
          45 150 0 46 150 0
          7 155 0 7 154 0
          45 158 0 44 158 0
          39 158 0 38 158 0
          69 157 0 69 156 0
          38 140 0 38 139 0
          0 98 0 1 98 0
          1 115 0 48 81 0
          49 82 0 38 100 0
          38 101 0 48 153 0
          20 155 0 10 114 0
          9 114 0 55 155 0
          56 155 0 27 93 0
          27 94 0 15 155 0
          15 154 0 37 148 0
          36 148 0 54 158 0
          53 158 0 27 143 0
          28 143 0 40 159 0
          40 158 0 40 140 0
          39 140 0 21 154 0
          45 145 0 45 144 0
          6 118 0 5 116 0
          21 145 0 22 145 0
          10 155 0 10 154 0
          42 138 0 41 138 0
          2 117 0 2 116 0
          28 103 0 27 103 0
          10 159 0 9 159 0
          13 155 0 12 155 0
          17 153 0 16 153 0
          12 158 0 11 158 0
          46 143 0 20 150 0
          20 149 0 40 144 0
          41 143 0 8 119 0
          8 118 0 47 145 0
          50 144 0 51 143 0
          42 143 0 42 142 0
          42 140 0 42 141 0
          3 119 0 2 119 0
          42 95 0 43 95 0
          9 119 0 10 119 0
          1 123 0 0 123 0
          31 104 0
          <InformationKey name="L2_NORM_RANGE" location="vtkDataArray" length="2">
            <Value index="0">
              3
            </Value>
            <Value index="1">
              223.45021817
            </Value>
          </InformationKey>
        </DataArray>
      </Points>
      <Cells>
        <DataArray type="Int64" Name="connectivity" format="ascii" RangeMin="0" RangeMax="3132">
          0 1 2 3 4 5
          6 7 8 3 3 9
          10 11 12 1 13 7
          14 15 16 17 18 9
          1 19 20 21 7 22
          23 5 24 25 26 19
          27 28 29 30 9 11
          11 30 19 25 31 32
          30 33 34 35 25 22
          36 37 5 38 39 40
          41 42 43 44 45 46
          22 40 47 17 48 37
          17 49 50 51 40 32
          52 53 54 42 55 56
          32 53 57 35 58 59
          60 61 53 21 62 38
          42 63 21 64 65 59
          66 44 44 28 38 67
          35 51 68 64 69 70
          71 72 73 74 75 67
          67 72 28 76 77 78
          64 15 79 49 80 78
          72 81 59 82 83 84
          85 81 78 33 86 87
          15 88 89 84 90 91
          92 93 33 94 95 96
          97 96 81 87 98 99
          100 101 87 93 84 102
          93 99 99 103 51 88
          88 104 105 103 106 107
          108 109 110 111 112 113
          114 115 116 117 118 119
          120 104 121 119 122 63
          119 123 103 124 125 126
          127 123 49 115 123 128
          63 129 130 131 115 91
          132 133 134 128 135 136
          128 111 137 138 139 140
          96 141 142 143 144 82
          111 126 126 61 145 146
          147 148 149 124 124 76
          76 70 61 150 151 152
          153 129 70 154 155 143
          156 157 158 154 159 150
          160 161 162 113 154 133
          150 102 143 109 91 163
          164 94 37 165 166 136
          167 168 104 101 133 74
          169 170 171 172 102 152
          173 140 152 148 174 175
          74 157 148 176 140 177
          178 179 180 181 157 176
          94 146 101 182 82 182
          129 163 182 117 176 141
          141 172 172 183 184 170
          185 56 186 187 117 188
          163 188 189 183 113 190
          183 181 191 192 136 193
          56 107 194 46 195 181
          196 197 198 179 181 190
          188 199 200 177 201 202
          203 204 205 206 207 165
          177 208 46 209 210 175
          211 212 213 214 190 212
          215 216 212 217 218 219
          220 221 222 217 223 202
          224 225 226 168 217 206
          227 228 229 193 202 230
          175 231 165 232 233 234
          235 236 237 238 239 240
          241 230 242 243 193 228
          244 245 179 246 247 248
          107 246 249 199 250 251
          252 253 230 254 255 238
          146 256 206 219 219 245
          257 232 258 259 238 236
          245 216 168 260 261 262
          263 264 265 225 199 253
          266 264 264 231 267 268
          269 251 216 270 271 272
          273 274 251 275 276 243
          231 277 278 272 279 270
          280 268 281 282 225 208
          283 254 243 259 259 284
          254 285 286 287 270 288
          272 289 236 290 253 291
          170 209 292 293 208 294
          295 161 296 288 297 256
          288 274 268 298 274 298
          299 300 298 301 232 302
          161 192 256 301 303 304
          305 306 246 300 307 275
          308 277 275 306 309 310
          228 311 301 294 312 284
          313 282 300 314 315 291
          291 221 316 317 318 306
          319 320 282 240 321 322
          240 323 324 325 326 327
          294 287 287 320 328 314
          329 330 331 332 333 334
          284 335 320 334 336 337
          338 293 339 340 341 342
          306 197 343 344 334 332
          345 234 346 325 314 340
          347 348 349 350 351 352
          353 138 354 337 355 356
          197 357 332 344 358 359
          360 361 362 357 325 322
          363 364 365 366 357 302
          367 364 368 369 370 371
          372 373 109 356 234 374
          375 352 322 376 377 348
          378 379 380 381 344 366
          293 214 302 382 366 361
          383 311 337 384 385 386
          311 387 388 389 390 204
          391 392 361 389 393 327
          327 394 395 396 221 397
          398 335 348 399 340 400
          401 402 403 404 192 285
          405 406 364 407 408 409
          410 400 389 323 411 384
          352 412 413 399 335 369
          369 396 384 414 138 317
          323 387 415 416 387 417
          418 419 396 359 317 397
          420 381 421 422 356 423
          397 409 400 417 381 424
          359 373 399 404 417 423
          423 376 373 425 426 382
          427 428 429 430 376 350
          214 290 431 416 290 289
          404 424 432 433 434 435
          350 412 436 437 438 437
          424 439 277 435 440 441
          416 442 443 394 412 444
          409 392 445 444 446 447
          448 304 449 419 450 342
          451 452 444 371 453 454
          455 456 457 458 394 430
          371 386 459 460 461 462
          463 425 342 464 386 452
          382 441 419 442 465 447
          447 466 437 467 425 468
          435 467 469 248 467 462
          470 471 472 379 473 474
          289 475 462 458 452 464
          458 476 464 422 209 477
          478 479 248 480 422 406
          406 466 481 468 442 482
          483 484 485 486 466 487
          430 482 488 439 489 490
          491 492 493 494 495 496
          497 498 499 487 487 428
          439 500 392 187 501 502
          503 504 505 506 507 508
          379 402 509 510 441 511
          512 513 402 514 187 477
          477 454 468 500 515 511
          516 517 518 519 482 519
          520 476 521 490 522 514
          523 460 524 525 476 456
          500 526 527 528 529 530
          531 532 533 513 428 526
          534 535 526 407 536 537
          513 538 285 532 539 502
          540 541 542 543 454 479
          511 544 514 545 519 517
          407 543 546 547 548 549
          517 528 460 550 543 260
          260 551 552 553 554 544
          555 506 528 508 544 556
          557 558 559 560 508 471
          561 545 562 563 564 551
          456 547 565 566 547 567
          502 568 532 569 471 550
          551 480 570 567 550 568
          571 572 480 566 573 569
          568 558 566 537 574 575
          576 577 537 510 510 330
          545 535 578 579 580 581
          567 538 490 525 582 583
          584 585 330 374 374 484
          506 560 525 586 587 588
          589 579 484 474 538 553
          558 572 590 575 553 414
          569 591 592 593 594 595
          572 549 204 596 597 598
          599 504 600 601 602 603
          474 591 549 541 541 598
          504 604 598 563 605 586
          606 556 556 607 535 496
          563 593 608 609 560 610
          611 583 612 613 614 615
          586 433 616 617 618 619
          620 615 591 617 621 622
          414 619 593 585 623 624
          585 625 583 626 627 628
          619 595 579 625 629 630
          625 622 622 609 631 632
          633 634 635 636 609 626
          433 637 617 632 638 628
          626 639 575 630 640 641
          642 643 632 262 644 645
          646 639 639 634 630 647
          262 486 628 648 615 649
          496 604 634 641 641 603
          486 588 650 651 304 652
          653 613 588 492 654 655
          604 656 657 596 658 659
          603 656 492 649 656 645
          645 659 595 660 659 643
          643 651 649 494 661 662
          651 647 647 577 577 648
          648 663 664 663 494 607
          613 665 666 665 665 610
          667 668 669 670 671 672
          673 674 607 668 610 675
          676 677 663 675 668 672
          672 624 624 674 678 679
          675 677 674 680 677 581
          581 655 681 680 682 683
          684 685 686 687 688 689
          690 691 655 679 679 660
          692 693 660 636 636 683
          694 695 683 696 479 697
          698 699 700 701 680 475
          475 670 702 601 703 696
          704 705 670 662 706 693
          662 652 707 697 696 708
          709 710 652 695 711 712
          601 699 713 714 715 716
          695 685 717 718 697 719
          685 720 721 722 699 722
          722 723 724 725 726 727
          693 708 728 729 730 691
          731 637 691 732 733 734
          637 723 735 736 737 738
          708 710 739 720 740 741
          742 743 744 745 746 747
          710 738 748 749 720 729
          738 716 750 751 752 753
          729 714 714 753 754 755
          753 756 757 758 759 760
          761 705 762 763 764 749
          765 766 767 701 723 768
          769 770 771 772 773 768
          716 732 774 775 732 775
          768 776 777 778 775 763
          779 718 718 776 780 781
          763 745 782 783 784 785
          745 786 787 786 786 788
          789 725 790 791 792 741
          793 530 530 794 795 796
          797 756 798 799 749 131
          800 801 802 803 804 805
          701 755 806 760 807 766
          756 785 808 809 810 811
          812 796 766 813 814 815
          776 816 785 736 817 783
          818 794 819 727 727 811
          796 820 821 799 755 822
          736 816 816 803 803 743
          823 791 743 824 799 825
          791 788 826 815 827 828
          829 830 831 832 833 834
          788 801 741 824 815 835
          811 836 837 838 824 839
          840 839 801 825 825 751
          841 834 842 843 844 845
          846 847 131 734 848 849
          850 851 852 820 839 689
          734 310 853 854 751 855
          310 856 857 855 855 835
          858 859 835 772 705 860
          760 861 862 832 772 863
          832 864 865 866 689 864
          867 838 868 869 870 871
          872 863 725 873 874 875
          876 877 864 871 794 878
          879 869 863 830 880 859
          830 881 882 883 884 885
          886 854 887 747 888 889
          890 891 892 836 836 893
          820 856 894 895 896 897
          898 899 869 781 871 891
          891 878 878 900 901 902
          903 897 904 905 906 877
          907 895 856 908 838 909
          910 758 911 851 912 881
          913 914 915 916 781 917
          918 919 920 900 900 883
          883 861 783 778 897 822
          747 921 922 923 924 805
          925 926 927 928 861 873
          929 930 859 919 881 931
          932 843 851 905 834 770
          933 934 935 936 873 934
          854 916 937 938 843 928
          916 939 596 940 941 942
          934 902 943 944 945 931
          946 947 919 914 902 899
          758 948 949 950 899 948
          951 952 905 930 928 953
          954 955 877 939 948 950
          931 893 956 957 893 813
          813 845 958 944 845 959
          960 961 962 885 963 964
          950 953 965 923 885 966
          967 968 939 909 909 968
          822 849 969 959 970 971
          953 917 972 719 959 955
          914 973 974 975 976 966
          917 947 977 978 979 952
          930 980 895 957 981 982
          955 961 961 889 983 984
          985 986 987 980 889 988
          849 989 990 847 991 973
          957 992 993 908 994 995
          996 997 998 999 1000 1001
          947 875 1002 989 1003 1004
          1005 1006 1007 1008 1009 995
          1010 978 1011 1012 1013 1014
          1015 988 875 1016 1017 982
          988 1018 966 1019 982 1020
          805 1018 1018 1020 1020 938
          1021 1001 923 940 719 1022
          1023 1024 973 1025 1026 1027
          1001 1025 1028 1029 1030 1031
          1032 964 980 1033 1034 1024
          1035 1036 1037 1038 978 1039
          1040 1041 1042 921 1043 1016
          944 975 1016 866 1044 1045
          866 999 908 860 1046 1047
          1024 1048 999 1039 938 1012
          1012 1049 921 1050 1039 1051
          1025 1052 964 1049 1053 1054
          1055 1052 1056 1051 1057 1058
          1059 1054 1060 1061 1062 1063
          989 984 1064 1065 1066 1067
          778 997 860 1045 1068 1069
          1070 1071 1072 1073 1074 1075
          952 1071 1076 986 968 1052
          1049 1073 1051 1038 1077 1078
          1079 1080 1054 1022 1081 1082
          1073 1078 1083 1084 1085 1086
          975 1087 1088 1089 1078 1036
          1038 828 828 1075 1090 1091
          1052 1008 1092 498 1036 1082
          1093 1094 1095 992 1075 1096
          995 1097 1082 1086 1098 1099
          1008 1006 1006 1100 984 1101
          847 1102 1103 1104 992 1105
          1086 936 1071 1106 1107 1108
          1109 1096 936 1110 1111 1112
          1096 1106 1113 1110 1114 1115
          1106 1058 1116 1117 1058 1087
          1110 1099 1099 1117 1118 1119
          1120 1101 1117 1048 1087 1033
          1121 1122 1123 1124 1101 1125
          1126 1127 1128 1029 1129 1119
          1130 1131 1132 1027 1133 1097
          1033 1004 1045 1134 1048 1131
          1135 1136 1131 1031 1004 1112
          1137 1138 1031 1139 1140 1139
          1139 1089 997 1141 1112 1124
          1089 1115 1142 1105 1143 1144
          1145 1146 1115 1047 1124 1125
          1125 1147 1027 971 1148 1063
          971 1147 1149 1150 1151 1152
          940 1134 1153 1154 1047 1091
          1091 1122 1155 1156 1157 1152
          1158 1159 1160 1161 1122 1127
          498 1041 1162 1163 1164 1165
          1166 1167 1168 1169 1127 1144
          1170 1171 1147 1065 1065 1014
          1041 942 1172 1173 1174 687
          1175 1176 1177 1178 1014 809
          1179 1180 770 1181 1182 1183
          1144 1171 1184 1185 1186 1187
          1188 1189 1190 1191 1105 1159
          942 1102 1192 1193 1194 1195
          1196 1165 1134 1136 809 1169
          1197 1198 1199 1200 1201 1202
          1119 1203 1171 1108 1204 1094
          1136 1205 1169 1180 1180 1138
          1138 1195 1206 1207 1208 1189
          1195 1067 1108 1209 1210 1211
          1212 1213 1067 1178 1214 1209
          1152 1215 1216 1205 1209 1156
          1165 1217 1218 1167 1219 1220
          1156 1191 1221 1050 1191 1207
          1178 1193 1102 1222 1223 1146
          1022 1154 1224 1225 1207 1226
          1227 1228 1229 1230 1231 1232
          1189 1233 1234 1235 1236 1183
          1237 1226 1193 1220 1220 1141
          1238 1239 1240 1241 986 1242
          1205 1243 1244 1245 1246 1247
          1248 1249 1226 1213 1250 1251
          1252 1203 1213 1253 1141 1243
          1254 1255 1256 1257 1243 1080
          1258 1255 1080 1181 1259 1260
          1183 1261 1262 1263 1154 1260
          1094 1264 1146 1265 1097 712
          1266 1233 1267 1268 1269 1253
          1181 1225 1255 1270 1271 1272
          1273 1274 1275 1276 1159 1277
          1278 1263 1279 1280 1225 1265
          1233 1281 1029 1241 1282 1230
          1265 1283 1241 1284 1285 1270
          1286 1287 1230 1163 1260 1288
          1263 1217 1050 1289 1290 1291
          1292 1293 1294 1283 1283 1287
          1217 1281 1295 1296 1297 1211
          1167 1264 1281 1202 1287 1061
          1202 1185 1298 1299 1300 1301
          687 1173 1302 1215 1061 1249
          1303 1288 1249 1245 1304 1305
          1306 1307 1264 1308 1245 1228
          1163 1309 1310 1311 1063 1268
          1253 1299 1185 1272 1272 1274
          1274 1293 1312 1313 1173 1104
          1104 1314 1315 1316 1317 1318
          1319 1242 1299 1305 1320 1311
          1228 1307 1321 1100 1211 1322
          1323 1324 1293 1296 1215 1176
          1296 1247 1307 1019 1019 1277
          1247 1291 1325 1326 1327 1328
          1305 1328 1328 1232 1329 1330
          1291 1331 1311 1332 1268 1239
          712 1235 1277 1280 1280 1309
          1333 1334 1232 1330 1335 1308
          1336 1326 1337 1338 1339 1340
          1341 1342 1242 1343 1344 1331
          1309 1345 1346 1347 1326 1345
          1330 1348 1349 1257 1176 1350
          1351 1352 1100 1324 1345 1353
          1354 1355 1324 1322 1322 1340
          1331 1350 1356 1343 1340 1357
          1358 1359 1308 1360 1361 1362
          1270 1353 1363 1347 1364 1365
          1353 1314 1350 1366 1314 1362
          1362 1360 1367 1357 1239 1334
          1360 1316 1316 1200 1357 1150
          1200 1352 1334 1368 1369 1370
          1352 1366 1257 1371 1343 1372
          1373 1374 1366 1313 1150 1375
          1376 1374 1377 1348 1313 1084
          1084 1338 1338 1276 1378 1365
          1276 1368 1368 1371 1379 1380
          1381 1382 1371 1380 1380 1342
          1383 1384 1385 1386 1347 1387
          1342 1187 1388 1389 1390 1391
          1392 1393 1187 1198 1394 1395
          1198 1251 1348 1384 1396 1397
          1398 1399 1400 1401 1402 1395
          1251 1261 1403 1397 1397 1404
          1261 1405 1374 1332 1288 926
          1384 1406 1407 1405 1408 1409
          1410 1411 1412 1406 1405 1372
          1413 1414 1235 1284 1372 1318
          1415 1416 1318 1417 1284 1418
          1419 1420 1421 1422 1423 1424
          1425 1426 1427 1428 1429 1399
          1406 1391 1430 1301 1431 1417
          1395 1432 1399 1382 1433 1434
          1382 1370 1435 1436 1417 1401
          1401 1069 1437 1438 1391 1434
          1439 1440 1069 1409 1441 1442
          1443 1444 1434 1444 1409 1428
          1445 1446 1447 1414 1428 1426
          1448 1449 1450 1451 1426 1436
          1414 1452 1436 1418 1418 1355
          1332 1452 1365 1453 1454 1455
          1456 1422 1370 1416 1457 1222
          1452 1387 1458 1459 1460 1446
          1355 1404 1461 1462 1463 1420
          1464 1465 1444 1453 1222 1442
          1404 1466 1387 1467 1468 1469
          1470 1471 1472 1473 1474 1475
          1476 1466 1453 1477 1416 1478
          1479 1467 1480 1481 1482 1483
          1484 1485 1486 1487 1488 1489
          1466 1424 1490 1491 1424 1491
          1492 1493 1442 1493 1493 1494
          1495 1496 1497 1498 1499 1500
          926 1501 1420 1502 1491 1473
          1446 1478 1503 1465 1473 1459
          1467 1504 1459 1475 1505 1471
          1506 1477 1475 1489 1465 1507
          1489 1161 1508 1509 1477 1462
          1471 1510 1511 1494 1512 1513
          1514 1515 1161 1289 1516 1487
          1517 1469 1494 1496 1518 1498
          1478 1519 1496 1520 1521 1522
          1523 1520 1301 1524 1289 1501
          1422 1469 1525 1504 1526 1527
          1528 1529 1469 1530 1520 1411
          1531 1389 1532 1533 1534 1535
          1536 1537 1538 1539 1540 1541
          1501 1485 1411 1509 1487 1522
          1504 1451 1542 1543 1462 1544
          1545 1546 1485 1537 1547 1548
          1549 1386 1550 1551 1451 1552
          1509 1553 1554 1432 1555 1375
          1537 1519 1556 1557 1558 1559
          1519 1539 1560 1561 1562 1563
          1564 1565 1566 1567 1539 1500
          1432 1449 1568 1569 1203 1569
          1570 1571 1572 1553 1573 1574
          1575 1576 1449 1551 1577 1578
          1579 1580 1581 1582 1583 1584
          1500 1546 1551 1585 1553 1530
          1586 1544 1544 1587 1546 1561
          1561 1585 1375 1527 1527 1588
          1589 1590 1591 1592 1593 1594
          1569 1507 1498 1588 1595 1596
          1597 1590 1507 1587 1598 1599
          1585 1576 1576 1533 1530 1600
          1601 1571 1602 1603 1588 1529
          1604 1605 1606 1607 1533 1592
          1608 1609 1592 1557 1571 1359
          1610 1611 1522 1607 1587 1603
          1612 1613 1614 1393 1615 1616
          1617 1618 1619 1481 1529 1600
          1620 1621 1607 1609 1622 1623
          1624 1552 1590 1625 1557 1483
          1626 1627 1483 1515 1600 1559
          1628 1629 1359 1630 1481 1631
          1632 1633 1603 1596 1515 1618
          1559 1634 1635 1636 1637 1638
          1618 1582 1609 1639 1640 1641
          1642 1643 1644 1639 1645 1646
          1552 1563 1582 1616 1647 1648
          1616 1613 1649 1646 1563 1650
          1651 1631 1389 1641 1613 1567
          1567 1584 1631 1455 1652 1653
          1654 1633 1655 1656 1657 1658
          1659 1660 1584 1650 1641 1580
          1650 1661 1662 1565 1646 1634
          1639 1663 1580 1535 1393 1541
          1664 1665 1666 1667 1668 1653
          1669 1670 1671 1605 1672 1510
          1673 1674 1605 1675 1676 1677
          1596 1667 1678 1679 1680 1681
          1682 1683 1455 1661 1634 1648
          1684 1685 1686 1687 1688 1663
          1689 1690 1661 1599 1691 1692
          1599 1638 1693 1694 1638 1625
          1648 1694 1653 1695 1696 1513
          1625 1685 1697 1698 1699 1700
          1694 1700 1701 1702 1703 1704
          1700 1621 1535 1704 1705 1706
          1707 1708 1709 1710 1711 1687
          1712 1713 1685 1548 1667 1440
          1548 1658 1714 1715 1565 1716
          1704 1717 1718 1677 1719 1720
          1513 1721 1722 1723 1724 1725
          1663 1726 1727 1728 1440 1681
          1658 1725 1729 1730 1541 1630
          1681 1731 1725 1730 1730 1706
          1732 1717 1630 1674 1621 1623
          1733 1734 1735 1736 1737 1738
          1739 1656 1740 1731 1706 1726
          1731 1679 1726 1715 1741 1742
          1743 1716 1679 1742 1715 1736
          1736 1665 1623 1720 1744 1745
          1746 1747 1748 1745 1749 1750
          1751 1752 1665 1702 1720 1753
          1674 1754 1702 1753 1755 1756
          1742 1695 1695 1734 1753 1594
          1757 1758 1759 1760 1761 1762
          1763 1764 1687 1627 1765 1766
          1767 1768 1769 1770 1716 1750
          1594 1764 1627 1771 1734 1713
          1772 1773 1713 1578 1764 1770
          1774 1775 1770 1723 1776 1777
          1778 1779 1780 1781 1723 1660
          1660 1771 1782 1783 1717 1747
          1784 1754 1771 1762 1785 1786
          1787 1788 1789 1790 1791 1792
          1762 1438 1745 1793 1438 1710
          1794 1578 1710 1636 1754 1721
          1795 1796 1636 1793 1797 1798
          1793 1760 1799 1800 1801 1675
          1760 1792 1675 1574 1792 1790
          1790 1802 1656 1802 1802 1773
          1803 1804 1633 1805 1806 1758
          1807 1808 1578 1643 1773 1798
          1721 1692 1809 1781 1810 1629
          1798 1777 1777 1738 1811 1812
          1738 1775 1643 1783 1813 1814
          1747 1814 1775 1756 1783 1708
          1574 1815 1756 1800 1816 1808
          1758 1817 1800 1786 1818 1819
          1786 1690 1820 1821 1822 1823
          1824 1825 1826 1827 1828 1829
          1510 1830 1690 1788 1708 1819
          1788 1611 1814 1831 1832 1815
          1833 1834 1835 1836 1837 1766
          1611 1812 1838 1839 1840 1831
          1692 1841 1812 1796 1842 1843
          1796 1827 1844 1845 1386 1830
          1846 1847 1677 1848 1849 1850
          1827 1841 1851 1852 1766 1848
          1853 1854 1855 1856 1857 1858
          1859 1860 1861 1862 1819 1863
          1841 1860 1781 1864 1865 1866
          1867 1852 1868 1869 1870 1863
          1871 1872 1873 1874 1860 1817
          1875 1864 1876 1877 1863 1779
          1831 1878 1779 1768 1817 1836
          1750 1879 1848 1878 1880 1881
          1878 1854 1882 1805 1854 1834
          1883 1884 1768 1847 1852 1885
          1886 1887 1836 1884 1888 1889
          1884 1804 1890 1891 1804 1670
          1892 1893 1894 1877 1895 1896
          1670 1881 1881 1698 1864 1897
          1830 1898 1899 1900 1901 1902
          1903 1904 1905 1906 1808 1907
          1698 1908 1909 1910 1911 1912
          1847 1904 1913 1914 1915 1916
          1917 1918 1919 1920 1834 1921
          1904 1869 1922 1923 1924 1925
          1805 1908 1926 1927 1928 1929
          1908 1912 1912 1921 1921 1502
          1930 1931 1502 1877 1932 1923
          1933 1934 1877 1858 1935 1929
          1815 1900 1936 1937 1938 1939
          1869 1940 1941 1683 1942 1885
          1943 1866 1858 1916 1944 1945
          1916 1543 1929 1940 1543 1843
          1946 1893 1947 1948 1843 1937
          1937 1728 1949 1950 1951 1945
          1952 1953 1893 1931 1940 1906
          1954 1955 1728 1821 1629 1910
          1956 1957 1958 1927 1906 1939
          1959 1891 1821 1825 1825 1902
          1931 1960 1902 1955 1961 1962
          1963 1964 1965 1966 1967 1968
          1939 1839 1839 1960 1969 1953
          1955 1898 1898 1823 1970 1971
          1972 1973 1974 1975 1823 1918
          1918 1872 1910 1934 1976 1977
          1978 1979 1934 1524 1980 1981
          1872 1950 1950 1977 1982 1983
          1945 1889 1960 1979 1923 1984
          1985 1986 1885 1987 1988 1989
          1979 1990 1991 1992 1927 1993
          1977 1879 1994 1995 1996 1997
          1998 1999 2000 2001 1891 1990
          2002 2003 1990 1997 2004 2005
          1879 1975 1975 1971 2006 2007
          2008 2009 2010 2011 1866 2009
          2012 1984 2009 1973 2013 2014
          2015 2016 2017 2018 2019 2020
          1889 1948 2021 2001 2022 2023
          2024 2025 2026 2027 2028 1874
          1953 2029 2030 2031 1971 2032
          1948 2033 2034 2035 2036 2037
          1997 2023 2038 2039 2040 2041
          2042 2032 2043 1983 2023 1964
          1964 2033 2032 1968 2044 2045
          2033 1966 1968 1995 2046 2047
          1995 1897 1897 2047 2048 2049
          1683 2050 2051 2052 1966 2050
          2053 1957 1984 2054 2055 2056
          2057 2058 1957 2059 2060 1962
          2050 1999 2061 2062 1999 2059
          2047 2039 2063 2064 1524 2035
          2065 2066 2039 2064 2067 2058
          1874 2068 2069 2070 2059 1856
          1973 2071 2072 2073 2064 1987
          2074 2075 2076 2077 2078 2007
          2079 1914 1962 2080 2081 2082
          1987 2082 1856 1992 2083 2084
          1992 2025 2085 2086 2025 2011
          2011 2041 2087 2088 2089 2090
          2007 2014 2082 2045 2091 2092
          2093 2094 2095 2096 2045 2029
          2029 2016 2097 2071 2098 2099
          2041 2100 1900 1896 2101 2100
          2102 2103 2104 2105 2100 2056
          2016 1752 2106 2107 2108 2109
          1752 1920 1920 1925 2056 2049
          2110 2111 2049 1829 2112 2113
          2114 2115 2116 2117 2118 1850
          2119 1986 2120 2121 1829 2121
          2122 2123 2124 2125 1983 2126
          2127 1862 2121 1989 2128 1993
          2129 2130 2071 2131 2132 2133
          2134 2135 1925 2115 2136 2137
          2138 2139 1989 2130 2140 2141
          2142 2143 2130 2126 2115 2123
          2123 1845 2144 2103 2145 2146
          2147 2148 2126 2117 2117 2080
          2001 2109 1845 2077 2149 1981
          2080 2135 2135 2084 2150 2151
          2077 2003 2084 2090 2152 2153
          2154 2155 2156 2157 2158 2159
          2160 2161 2035 2096 2096 2143
          2162 2094 2163 2164 2090 2165
          2166 2167 2168 2169 2058 2170
          2003 2088 1896 2171 1862 2172
          1981 2165 2173 2174 1993 2175
          2176 2105 2088 2146 2165 2148
          2146 2066 2066 2175 2177 2178
          2175 2170 1986 2171 2170 2131
          2131 2159 2179 1907 2180 2052
          2148 2054 2159 2018 2181 2182
          2094 2151 2171 2031 2183 2184
          2185 2186 1850 2187 2018 2187
          1914 2188 2189 2190 2191 2192
          2103 2193 2194 2195 2196 2197
          2198 2199 2031 2200 2109 2201
          2202 2203 2204 2205 2206 2207
          2054 2192 2208 2209 2210 2211
          2212 2213 2214 2167 2105 2020
          2020 2215 2216 2217 2218 2219
          2187 2186 2143 2133 2220 2221
          2192 2195 2151 2190 2195 2213
          2213 2137 2186 2172 2222 2223
          2224 2225 2226 2217 2227 2073
          2190 2228 2137 2153 2229 2207
          2230 2005 2153 2205 2205 2209
          2231 2232 2209 2232 2232 2228
          2228 2111 2233 2161 2234 2235
          2236 2193 2172 2184 2111 2237
          2238 2075 2052 2237 2239 2240
          2237 2178 2241 2242 2243 2240
          2244 2245 2161 2246 2133 2247
          2248 2169 2178 2099 2249 2155
          2240 2250 2217 2251 2099 2197
          2252 2253 2193 2235 2184 2086
          2254 2255 2086 2201 2256 2257
          2258 2259 2201 2203 2260 2261
          2197 2219 2262 2263 2264 2265
          2266 2267 2073 2268 2269 2247
          2270 2271 2235 2200 2272 2113
          2273 2274 2275 2276 2203 2242
          2277 2278 2242 2215 2155 2125
          2279 2280 1907 2027 2113 2164
          2215 2070 2219 2092 2281 2282
          2070 2174 2075 2274 2283 2221
          2284 2285 2092 2246 2174 2259
          2246 2245 2286 2257 2257 2287
          2288 2188 2245 2107 2107 2141
          2200 2289 2247 2285 2167 2251
          2207 2290 2005 2291 2292 2268
          2141 2223 2259 2253 2293 2294
          2295 2296 2188 2255 2251 2211
          2297 2298 2223 2271 2271 2299
          2300 2301 2302 2303 2304 2305
          2306 2307 2308 2309 2310 2311
          2014 2312 2313 2314 2274 2299
          2253 2157 2299 2307 2315 2316
          2211 2250 2307 2225 2285 2317
          2318 2319 2320 2321 2322 2323
          2324 2317 2157 2139 2169 2325
          2225 2326 2268 2327 2317 2328
          2329 2326 2326 2298 2330 2331
          2332 2333 2298 2296 2296 2311
          2334 2335 2336 2337 2338 2339
          2340 2341 2342 2343 2250 2301
          2344 2345 2311 2037 2037 2276
          2346 2347 2276 2333 2348 2349
          2027 2350 2139 2350 2333 2290
          2351 2327 2350 2349 2290 2331
          2349 2309 2352 2303 2331 2321
          2353 2354 2321 2305 2255 2355
          2356 2357 2358 2359 2305 2355
          2355 2062 2360 2361 2062 2289
          2301 2314 2309 2325 2362 2363
          2364 2068 2327 2341 2365 2366
          2289 2359 2367 2368 2359 2323
          2325 2267 2369 2370 2323 2312
          2371 2372 2373 2345 2341 2374
          2375 2376 2377 2378 2312 2263
          2314 2328 2379 2380 2381 2382
          2383 2384 2385 2386 2267 2261
          2263 2339 2339 2363 2387 2388
          2389 2282 2390 2391 2363 2199
          2261 2265 2392 2393 2199 2394
          2395 2391 2265 2386 2068 2380
          2396 2397 2164 2280 2386 2384
          2398 2399 2400 2401 2384 2337
          2402 2394 2345 2403 2282 2403
          2125 2404 2337 2382 2394 2399
          2405 2374 2406 2407 2374 2182
          2303 2376 2221 2335 2382 2294
          2408 2354 2391 2409 2403 2316
          2410 2411 2412 2413 2399 2409
          2294 2404 2414 2415 2409 2411
          2316 2416 2411 2417 2418 2419
          2420 2421 2422 2423 2335 1887
          2424 2425 2426 2427 2428 2429
          2430 2370 2431 2429 2328 2432
          2354 2433 2404 2347 2434 2435
          2436 2432 2437 2438 2347 2388
          2439 2440 2441 2442 2388 2419
          2443 2417 2444 2366 2445 2446
          2447 2278 2182 2448 2449 2433
          2419 2378 2450 2451 2452 2453
          2432 2454 2280 2455 2417 2319
          2456 2423 2378 2440 2457 2458
          2319 2415 2366 2459 2460 2461
          2415 2448 2462 2463 2464 2465
          1887 2466 2448 2393 2440 2455
          2455 2454 2278 2467 2468 2469
          2423 2470 2393 2421 2454 2357
          2471 2291 2472 2473 2421 2474
          2475 2474 2429 2476 2477 2469
          2474 2416 2478 2479 2370 2480
          2481 2482 2483 2484 2357 2459
          2485 2486 2487 2488 2416 2486
          2489 2490 2491 2480 2492 2493
          2494 2495 2496 2497 2498 2499
          2486 2484 2459 2372 2500 2501
          2376 2502 2484 2503 2504 2505
          2506 2507 2508 2361 2372 2425
          2509 2510 2511 2512 2513 2514
          2515 2516 2517 2518 2425 2397
          2397 2368 2291 2482 2519 2503
          2520 2521 2522 2453 2523 2524
          2525 2495 2526 2527 2368 2287
          2528 2465 2287 2512 2482 2505
          2512 2502 2529 2530 2503 2401
          2531 2532 2533 2534 2502 2516
          2535 2536 2516 2479 2465 2490
          2537 2538 2539 2540 2401 2507
          2490 2541 2380 2542 2543 2544
          2479 2438 2438 2530 2530 2545
          2546 2547 2548 2541 2549 2550
          2551 2545 2545 2476 2476 2488
          2552 2553 2488 2473 2554 2555
          2505 2435 2556 2557 2473 2442
          2558 2559 2560 2561 2562 2563
          2564 2565 2507 2499 2499 2561
          2480 2566 2361 2567 2469 2542
          2568 2569 2561 2427 2570 2571
          2572 2521 2442 2451 2573 2574
          2451 2571 2575 2576 2577 2578
          2579 2580 2581 2582 2427 2565
          2433 2550 2571 2559 2550 2583
          2559 2567 2567 2446 2584 2585
          2586 2587 2446 2532 2588 2589
          2590 2591 2453 2592 2593 2594
          2595 2557 2532 2583 2583 2585
          2596 2597 2585 2534 2598 2518
          2565 2589 2557 2547 2534 2343
          2435 2599 2343 2538 2589 2591
          2591 2514 2518 2600 2538 2510
          2510 2524 2601 2602 2524 2544
          2514 2582 2582 2603 2541 2604
          2544 2497 2497 2461 2461 2599
          2605 2594 2606 2607 2608 2566
          2609 2610 2611 2612 2613 2614
          2599 2563 2615 2616 2617 2618
          2619 2620 2621 2622 2623 2624
          2542 2616 2521 2603 2563 2463
          2594 2625 2626 2627 2628 2629
          2630 2631 2632 2633 2634 2635
          2603 2604 2566 2574 2636 2637
          2463 2597 2597 2638 2616 2639
          2640 2641 2642 2633 2643 2644
          2645 2646 2647 2638 2495 2648
          2649 2600 2650 2651 2652 2653
          2654 2655 2656 2629 2547 2639
          2638 2618 2657 2658 2618 2540
          2659 2631 2540 2536 2536 2620
          2660 2661 2620 2655 2662 2663
          2639 2651 2664 2665 2666 2667
          2668 2669 2670 2671 2604 2669
          2672 2646 2673 2674 2675 2676
          2655 2407 2631 2677 2669 2641
          2678 2679 2680 2648 2681 2682
          2683 2684 2685 2686 2407 2679
          2651 2458 2687 2688 2689 2690
          2691 2692 2679 2635 2693 2555
          2694 2695 2696 2697 2635 2698
          2699 2700 2641 2698 2600 2697
          2698 2592 2592 2610 2701 2665
          2702 2703 2704 2705 2574 2706
          2610 2622 2622 2686 2686 2607
          2707 2676 2708 2709 2710 2711
          2607 2466 2466 2658 2646 2712
          2648 2713 2658 2580 2665 2714
          2580 2501 2501 2637 2458 2644
          2715 2716 2644 2674 2717 2716
          2718 2719 2720 2721 2722 2723
          2724 2725 2637 2682 2726 2727
          2728 2627 2682 2553 2729 2730
          2731 2732 2733 2734 2553 2690
          2697 2713 2690 2667 2735 2736
          2667 2705 2737 2732 2738 2739
          2705 2612 2612 2671 2555 2740
          2671 2723 2741 2742 2743 2744
          2745 2709 2723 2578 2746 2747
          2748 2749 2578 2750 2751 2677
          2709 2688 2752 2753 2633 2754
          2676 2736 2716 2661 2755 2756
          2757 2750 2750 2706 2706 2470
          2758 2759 2760 2761 2762 2763
          2764 2765 2766 2767 2768 2769
          2470 2663 2770 2771 2772 2773
          2677 2467 2663 2765 2688 2712
          2774 2734 2713 2725 2775 2776
          2777 2778 2725 2779 2780 2781
          2765 2727 2782 2779 2783 2784
          2629 2785 2727 2587 2587 2714
          2674 2786 2736 2787 2788 2789
          2790 2791 2714 2730 2730 2695
          2695 2767 2467 2785 2779 2700
          2767 2781 2781 2784 2700 2763
          2763 2653 2732 2614 2792 2721
          2721 2793 2794 2795 2796 2493
          2785 2692 2797 2798 2799 2800
          2784 2786 2801 2802 2803 2413
          2786 2787 2804 2805 2806 2807
          2734 2808 2493 2771 2809 2810
          2811 2812 2813 2814 2787 2805
          2805 2756 2756 2740 2815 2816
          2740 2739 2739 2684 2817 2703
          2653 2791 2818 2569 2627 2819
          2771 2800 2692 2820 2821 2773
          2822 2823 2824 2825 2712 2820
          2684 2753 2791 2795 2820 2826
          2827 2828 2829 2830 2831 2832
          2833 2834 2569 2826 2835 2836
          2837 2838 2800 2793 2839 2840
          2841 2816 2793 2842 2773 2843
          2844 2845 2846 2847 2753 2847
          2795 2711 2847 2742 2742 2624
          2826 2776 2848 2849 2850 2851
          2852 2853 2854 2855 2856 2776
          2857 2819 2776 2807 2858 2808
          2859 2761 2624 2754 2819 2625
          2860 2747 2861 2862 2711 2789
          2747 2863 2864 2576 2865 2866
          2754 2798 2867 2868 2798 2719
          2789 2744 2869 2870 2719 2849
          2849 2836 2625 2825 2871 2872
          2873 2874 2744 2778 2778 2863
          2863 2810 2614 2875 2810 2876
          2836 2872 2872 2812 2825 2877
          2878 2879 2812 2749 2749 2759
          2880 2881 2882 2883 2759 2830
          2884 2885 2886 2802 2887 2888
          2808 2842 2889 2890 2816 2876
          2891 2834 2892 2874 2876 2832
          2830 2843 2843 2828 2828 2877
          2893 2845 2832 2866 2576 2870
          2894 2895 2896 2897 2898 2899
          2877 2840 2900 2901 2413 2902
          2840 2897 2761 2903 2802 2904
          2834 2905 2703 2906 2907 2908
          2909 2910 2845 2911 2912 2913
          2914 2527 2807 2915 2897 2916
          2866 2917 2918 2919 2920 2921
          2922 2916 2923 2924 2925 2926
          2916 2901 2927 2917 2842 2928
          2929 2930 2901 2931 2932 2931
          2931 2911 2911 2910 2933 2934
          2935 2928 2910 2862 2862 2924
          2936 2937 2924 2851 2851 2890
          2938 2939 2940 2941 2942 2943
          2890 2915 2915 2602 2602 2906
          2928 2904 2904 2919 2906 2769
          2944 2945 2769 2879 2946 2875
          2879 2883 2947 2948 2949 2950
          2951 2952 2953 2954 2661 2955
          2527 2956 2957 2958 2959 2960
          2874 2921 2961 2952 2962 2963
          2883 2926 2964 2965 2917 2823
          2875 2966 2919 2913 2926 2899
          2899 2945 2967 2968 2823 2969
          2970 2971 2945 2966 2966 2971
          2913 2941 2921 2968 2972 2973
          2974 2975 2976 2977 2971 2969
          2978 2958 2979 2902 2969 2934
          2980 2981 2934 2977 2958 2853
          2977 2943 2982 2983 2984 2985
          2943 2881 2881 2968 2941 2903
          2968 2905 2986 2987 2853 2988
          2989 2960 2905 2955 2955 2965
          2965 2988 2990 2991 2988 2937
          2992 2993 2937 2973 2952 2994
          2973 2956 2995 2996 2997 2998
          2999 3000 3001 2868 2956 2950
          3002 3003 2870 3004 2950 2985
          2985 2948 2948 2975 3005 3006
          2902 2888 2975 2963 2963 2930
          3007 3008 2930 2998 3009 2954
          3010 3011 2903 2885 2888 3004
          2998 3012 3004 3012 2885 3013
          3014 3015 3012 3003 3003 2996
          2996 2939 2939 3006 3006 3008
          3016 3013 3017 3018 3013 2994
          3019 3020 3021 3022 3008 2855
          3023 3024 3025 3026 3027 3028
          2994 3018 3029 3030 2868 3031
          3032 3030 3033 3034 2960 3035
          3036 3037 2855 2895 3018 2814
          3038 3039 2814 3040 2954 2908
          2895 3020 3020 3022 3041 3042
          3022 3028 3028 2991 3043 3044
          2991 2987 2908 3040 3045 3046
          3040 3047 2987 3046 3048 3049
          3046 3047 3050 3051 3047 3031
          3031 3039 3039 3044 3044 3049
          3052 3053 3049 3037 3030 2981
          3054 3055 3037 3011 3056 3057
          3011 3057 3058 3059 3057 2983
          3060 3061 3062 3000 3063 3064
          2983 3051 3051 3042 3042 3015
          3065 3066 3015 3053 3053 3035
          3035 3024 2981 3067 3024 3067
          3068 2838 3069 3070 3071 3072
          3073 3074 3067 3026 3075 3076
          3077 3078 3026 3055 3079 3080
          3055 3064 3081 3082 3083 3084
          3085 3086 3064 3082 3082 3080
          2838 3087 3080 3074 3088 3089
          3074 3072 3072 3084 3090 3091
          3084 3078 3078 3092 3093 3092
          3094 3095 3096 3097 3092 3097
          3098 3099 3100 3101 3097 3059
          3059 3095 3095 3000 3000 3086
          3086 3087 3102 3103 3104 3105
          3106 3107 3087 3076 3108 3109
          3076 3105 3105 3061 3061 3034
          3034 3103 3103 2993 2993 3091
          3091 3070 3110 3089 3111 3112
          3070 3101 3101 3099 3099 3109
          3113 3114 3115 3116 3109 3117
          3118 3119 3089 3117 3117 3107
          3107 3116 3120 3121 3116 3122
          3123 3122 3124 3125 3122 3112
          3112 3119 3119 3125 3125 3121
          3121 3114 3114 3066 3126 3127
          3066 3127 3127 3128 3129 3128
          3128 3130 3131 3130 3130 3132
        </DataArray>
        <DataArray type="Int64" Name="offsets" format="ascii" RangeMin="2" RangeMax="6264">
          2 4 6 8 10 12
          14 16 18 20 22 24
          26 28 30 32 34 36
          38 40 42 44 46 48
          50 52 54 56 58 60
          62 64 66 68 70 72
          74 76 78 80 82 84
          86 88 90 92 94 96
          98 100 102 104 106 108
          110 112 114 116 118 120
          122 124 126 128 130 132
          134 136 138 140 142 144
          146 148 150 152 154 156
          158 160 162 164 166 168
          170 172 174 176 178 180
          182 184 186 188 190 192
          194 196 198 200 202 204
          206 208 210 212 214 216
          218 220 222 224 226 228
          230 232 234 236 238 240
          242 244 246 248 250 252
          254 256 258 260 262 264
          266 268 270 272 274 276
          278 280 282 284 286 288
          290 292 294 296 298 300
          302 304 306 308 310 312
          314 316 318 320 322 324
          326 328 330 332 334 336
          338 340 342 344 346 348
          350 352 354 356 358 360
          362 364 366 368 370 372
          374 376 378 380 382 384
          386 388 390 392 394 396
          398 400 402 404 406 408
          410 412 414 416 418 420
          422 424 426 428 430 432
          434 436 438 440 442 444
          446 448 450 452 454 456
          458 460 462 464 466 468
          470 472 474 476 478 480
          482 484 486 488 490 492
          494 496 498 500 502 504
          506 508 510 512 514 516
          518 520 522 524 526 528
          530 532 534 536 538 540
          542 544 546 548 550 552
          554 556 558 560 562 564
          566 568 570 572 574 576
          578 580 582 584 586 588
          590 592 594 596 598 600
          602 604 606 608 610 612
          614 616 618 620 622 624
          626 628 630 632 634 636
          638 640 642 644 646 648
          650 652 654 656 658 660
          662 664 666 668 670 672
          674 676 678 680 682 684
          686 688 690 692 694 696
          698 700 702 704 706 708
          710 712 714 716 718 720
          722 724 726 728 730 732
          734 736 738 740 742 744
          746 748 750 752 754 756
          758 760 762 764 766 768
          770 772 774 776 778 780
          782 784 786 788 790 792
          794 796 798 800 802 804
          806 808 810 812 814 816
          818 820 822 824 826 828
          830 832 834 836 838 840
          842 844 846 848 850 852
          854 856 858 860 862 864
          866 868 870 872 874 876
          878 880 882 884 886 888
          890 892 894 896 898 900
          902 904 906 908 910 912
          914 916 918 920 922 924
          926 928 930 932 934 936
          938 940 942 944 946 948
          950 952 954 956 958 960
          962 964 966 968 970 972
          974 976 978 980 982 984
          986 988 990 992 994 996
          998 1000 1002 1004 1006 1008
          1010 1012 1014 1016 1018 1020
          1022 1024 1026 1028 1030 1032
          1034 1036 1038 1040 1042 1044
          1046 1048 1050 1052 1054 1056
          1058 1060 1062 1064 1066 1068
          1070 1072 1074 1076 1078 1080
          1082 1084 1086 1088 1090 1092
          1094 1096 1098 1100 1102 1104
          1106 1108 1110 1112 1114 1116
          1118 1120 1122 1124 1126 1128
          1130 1132 1134 1136 1138 1140
          1142 1144 1146 1148 1150 1152
          1154 1156 1158 1160 1162 1164
          1166 1168 1170 1172 1174 1176
          1178 1180 1182 1184 1186 1188
          1190 1192 1194 1196 1198 1200
          1202 1204 1206 1208 1210 1212
          1214 1216 1218 1220 1222 1224
          1226 1228 1230 1232 1234 1236
          1238 1240 1242 1244 1246 1248
          1250 1252 1254 1256 1258 1260
          1262 1264 1266 1268 1270 1272
          1274 1276 1278 1280 1282 1284
          1286 1288 1290 1292 1294 1296
          1298 1300 1302 1304 1306 1308
          1310 1312 1314 1316 1318 1320
          1322 1324 1326 1328 1330 1332
          1334 1336 1338 1340 1342 1344
          1346 1348 1350 1352 1354 1356
          1358 1360 1362 1364 1366 1368
          1370 1372 1374 1376 1378 1380
          1382 1384 1386 1388 1390 1392
          1394 1396 1398 1400 1402 1404
          1406 1408 1410 1412 1414 1416
          1418 1420 1422 1424 1426 1428
          1430 1432 1434 1436 1438 1440
          1442 1444 1446 1448 1450 1452
          1454 1456 1458 1460 1462 1464
          1466 1468 1470 1472 1474 1476
          1478 1480 1482 1484 1486 1488
          1490 1492 1494 1496 1498 1500
          1502 1504 1506 1508 1510 1512
          1514 1516 1518 1520 1522 1524
          1526 1528 1530 1532 1534 1536
          1538 1540 1542 1544 1546 1548
          1550 1552 1554 1556 1558 1560
          1562 1564 1566 1568 1570 1572
          1574 1576 1578 1580 1582 1584
          1586 1588 1590 1592 1594 1596
          1598 1600 1602 1604 1606 1608
          1610 1612 1614 1616 1618 1620
          1622 1624 1626 1628 1630 1632
          1634 1636 1638 1640 1642 1644
          1646 1648 1650 1652 1654 1656
          1658 1660 1662 1664 1666 1668
          1670 1672 1674 1676 1678 1680
          1682 1684 1686 1688 1690 1692
          1694 1696 1698 1700 1702 1704
          1706 1708 1710 1712 1714 1716
          1718 1720 1722 1724 1726 1728
          1730 1732 1734 1736 1738 1740
          1742 1744 1746 1748 1750 1752
          1754 1756 1758 1760 1762 1764
          1766 1768 1770 1772 1774 1776
          1778 1780 1782 1784 1786 1788
          1790 1792 1794 1796 1798 1800
          1802 1804 1806 1808 1810 1812
          1814 1816 1818 1820 1822 1824
          1826 1828 1830 1832 1834 1836
          1838 1840 1842 1844 1846 1848
          1850 1852 1854 1856 1858 1860
          1862 1864 1866 1868 1870 1872
          1874 1876 1878 1880 1882 1884
          1886 1888 1890 1892 1894 1896
          1898 1900 1902 1904 1906 1908
          1910 1912 1914 1916 1918 1920
          1922 1924 1926 1928 1930 1932
          1934 1936 1938 1940 1942 1944
          1946 1948 1950 1952 1954 1956
          1958 1960 1962 1964 1966 1968
          1970 1972 1974 1976 1978 1980
          1982 1984 1986 1988 1990 1992
          1994 1996 1998 2000 2002 2004
          2006 2008 2010 2012 2014 2016
          2018 2020 2022 2024 2026 2028
          2030 2032 2034 2036 2038 2040
          2042 2044 2046 2048 2050 2052
          2054 2056 2058 2060 2062 2064
          2066 2068 2070 2072 2074 2076
          2078 2080 2082 2084 2086 2088
          2090 2092 2094 2096 2098 2100
          2102 2104 2106 2108 2110 2112
          2114 2116 2118 2120 2122 2124
          2126 2128 2130 2132 2134 2136
          2138 2140 2142 2144 2146 2148
          2150 2152 2154 2156 2158 2160
          2162 2164 2166 2168 2170 2172
          2174 2176 2178 2180 2182 2184
          2186 2188 2190 2192 2194 2196
          2198 2200 2202 2204 2206 2208
          2210 2212 2214 2216 2218 2220
          2222 2224 2226 2228 2230 2232
          2234 2236 2238 2240 2242 2244
          2246 2248 2250 2252 2254 2256
          2258 2260 2262 2264 2266 2268
          2270 2272 2274 2276 2278 2280
          2282 2284 2286 2288 2290 2292
          2294 2296 2298 2300 2302 2304
          2306 2308 2310 2312 2314 2316
          2318 2320 2322 2324 2326 2328
          2330 2332 2334 2336 2338 2340
          2342 2344 2346 2348 2350 2352
          2354 2356 2358 2360 2362 2364
          2366 2368 2370 2372 2374 2376
          2378 2380 2382 2384 2386 2388
          2390 2392 2394 2396 2398 2400
          2402 2404 2406 2408 2410 2412
          2414 2416 2418 2420 2422 2424
          2426 2428 2430 2432 2434 2436
          2438 2440 2442 2444 2446 2448
          2450 2452 2454 2456 2458 2460
          2462 2464 2466 2468 2470 2472
          2474 2476 2478 2480 2482 2484
          2486 2488 2490 2492 2494 2496
          2498 2500 2502 2504 2506 2508
          2510 2512 2514 2516 2518 2520
          2522 2524 2526 2528 2530 2532
          2534 2536 2538 2540 2542 2544
          2546 2548 2550 2552 2554 2556
          2558 2560 2562 2564 2566 2568
          2570 2572 2574 2576 2578 2580
          2582 2584 2586 2588 2590 2592
          2594 2596 2598 2600 2602 2604
          2606 2608 2610 2612 2614 2616
          2618 2620 2622 2624 2626 2628
          2630 2632 2634 2636 2638 2640
          2642 2644 2646 2648 2650 2652
          2654 2656 2658 2660 2662 2664
          2666 2668 2670 2672 2674 2676
          2678 2680 2682 2684 2686 2688
          2690 2692 2694 2696 2698 2700
          2702 2704 2706 2708 2710 2712
          2714 2716 2718 2720 2722 2724
          2726 2728 2730 2732 2734 2736
          2738 2740 2742 2744 2746 2748
          2750 2752 2754 2756 2758 2760
          2762 2764 2766 2768 2770 2772
          2774 2776 2778 2780 2782 2784
          2786 2788 2790 2792 2794 2796
          2798 2800 2802 2804 2806 2808
          2810 2812 2814 2816 2818 2820
          2822 2824 2826 2828 2830 2832
          2834 2836 2838 2840 2842 2844
          2846 2848 2850 2852 2854 2856
          2858 2860 2862 2864 2866 2868
          2870 2872 2874 2876 2878 2880
          2882 2884 2886 2888 2890 2892
          2894 2896 2898 2900 2902 2904
          2906 2908 2910 2912 2914 2916
          2918 2920 2922 2924 2926 2928
          2930 2932 2934 2936 2938 2940
          2942 2944 2946 2948 2950 2952
          2954 2956 2958 2960 2962 2964
          2966 2968 2970 2972 2974 2976
          2978 2980 2982 2984 2986 2988
          2990 2992 2994 2996 2998 3000
          3002 3004 3006 3008 3010 3012
          3014 3016 3018 3020 3022 3024
          3026 3028 3030 3032 3034 3036
          3038 3040 3042 3044 3046 3048
          3050 3052 3054 3056 3058 3060
          3062 3064 3066 3068 3070 3072
          3074 3076 3078 3080 3082 3084
          3086 3088 3090 3092 3094 3096
          3098 3100 3102 3104 3106 3108
          3110 3112 3114 3116 3118 3120
          3122 3124 3126 3128 3130 3132
          3134 3136 3138 3140 3142 3144
          3146 3148 3150 3152 3154 3156
          3158 3160 3162 3164 3166 3168
          3170 3172 3174 3176 3178 3180
          3182 3184 3186 3188 3190 3192
          3194 3196 3198 3200 3202 3204
          3206 3208 3210 3212 3214 3216
          3218 3220 3222 3224 3226 3228
          3230 3232 3234 3236 3238 3240
          3242 3244 3246 3248 3250 3252
          3254 3256 3258 3260 3262 3264
          3266 3268 3270 3272 3274 3276
          3278 3280 3282 3284 3286 3288
          3290 3292 3294 3296 3298 3300
          3302 3304 3306 3308 3310 3312
          3314 3316 3318 3320 3322 3324
          3326 3328 3330 3332 3334 3336
          3338 3340 3342 3344 3346 3348
          3350 3352 3354 3356 3358 3360
          3362 3364 3366 3368 3370 3372
          3374 3376 3378 3380 3382 3384
          3386 3388 3390 3392 3394 3396
          3398 3400 3402 3404 3406 3408
          3410 3412 3414 3416 3418 3420
          3422 3424 3426 3428 3430 3432
          3434 3436 3438 3440 3442 3444
          3446 3448 3450 3452 3454 3456
          3458 3460 3462 3464 3466 3468
          3470 3472 3474 3476 3478 3480
          3482 3484 3486 3488 3490 3492
          3494 3496 3498 3500 3502 3504
          3506 3508 3510 3512 3514 3516
          3518 3520 3522 3524 3526 3528
          3530 3532 3534 3536 3538 3540
          3542 3544 3546 3548 3550 3552
          3554 3556 3558 3560 3562 3564
          3566 3568 3570 3572 3574 3576
          3578 3580 3582 3584 3586 3588
          3590 3592 3594 3596 3598 3600
          3602 3604 3606 3608 3610 3612
          3614 3616 3618 3620 3622 3624
          3626 3628 3630 3632 3634 3636
          3638 3640 3642 3644 3646 3648
          3650 3652 3654 3656 3658 3660
          3662 3664 3666 3668 3670 3672
          3674 3676 3678 3680 3682 3684
          3686 3688 3690 3692 3694 3696
          3698 3700 3702 3704 3706 3708
          3710 3712 3714 3716 3718 3720
          3722 3724 3726 3728 3730 3732
          3734 3736 3738 3740 3742 3744
          3746 3748 3750 3752 3754 3756
          3758 3760 3762 3764 3766 3768
          3770 3772 3774 3776 3778 3780
          3782 3784 3786 3788 3790 3792
          3794 3796 3798 3800 3802 3804
          3806 3808 3810 3812 3814 3816
          3818 3820 3822 3824 3826 3828
          3830 3832 3834 3836 3838 3840
          3842 3844 3846 3848 3850 3852
          3854 3856 3858 3860 3862 3864
          3866 3868 3870 3872 3874 3876
          3878 3880 3882 3884 3886 3888
          3890 3892 3894 3896 3898 3900
          3902 3904 3906 3908 3910 3912
          3914 3916 3918 3920 3922 3924
          3926 3928 3930 3932 3934 3936
          3938 3940 3942 3944 3946 3948
          3950 3952 3954 3956 3958 3960
          3962 3964 3966 3968 3970 3972
          3974 3976 3978 3980 3982 3984
          3986 3988 3990 3992 3994 3996
          3998 4000 4002 4004 4006 4008
          4010 4012 4014 4016 4018 4020
          4022 4024 4026 4028 4030 4032
          4034 4036 4038 4040 4042 4044
          4046 4048 4050 4052 4054 4056
          4058 4060 4062 4064 4066 4068
          4070 4072 4074 4076 4078 4080
          4082 4084 4086 4088 4090 4092
          4094 4096 4098 4100 4102 4104
          4106 4108 4110 4112 4114 4116
          4118 4120 4122 4124 4126 4128
          4130 4132 4134 4136 4138 4140
          4142 4144 4146 4148 4150 4152
          4154 4156 4158 4160 4162 4164
          4166 4168 4170 4172 4174 4176
          4178 4180 4182 4184 4186 4188
          4190 4192 4194 4196 4198 4200
          4202 4204 4206 4208 4210 4212
          4214 4216 4218 4220 4222 4224
          4226 4228 4230 4232 4234 4236
          4238 4240 4242 4244 4246 4248
          4250 4252 4254 4256 4258 4260
          4262 4264 4266 4268 4270 4272
          4274 4276 4278 4280 4282 4284
          4286 4288 4290 4292 4294 4296
          4298 4300 4302 4304 4306 4308
          4310 4312 4314 4316 4318 4320
          4322 4324 4326 4328 4330 4332
          4334 4336 4338 4340 4342 4344
          4346 4348 4350 4352 4354 4356
          4358 4360 4362 4364 4366 4368
          4370 4372 4374 4376 4378 4380
          4382 4384 4386 4388 4390 4392
          4394 4396 4398 4400 4402 4404
          4406 4408 4410 4412 4414 4416
          4418 4420 4422 4424 4426 4428
          4430 4432 4434 4436 4438 4440
          4442 4444 4446 4448 4450 4452
          4454 4456 4458 4460 4462 4464
          4466 4468 4470 4472 4474 4476
          4478 4480 4482 4484 4486 4488
          4490 4492 4494 4496 4498 4500
          4502 4504 4506 4508 4510 4512
          4514 4516 4518 4520 4522 4524
          4526 4528 4530 4532 4534 4536
          4538 4540 4542 4544 4546 4548
          4550 4552 4554 4556 4558 4560
          4562 4564 4566 4568 4570 4572
          4574 4576 4578 4580 4582 4584
          4586 4588 4590 4592 4594 4596
          4598 4600 4602 4604 4606 4608
          4610 4612 4614 4616 4618 4620
          4622 4624 4626 4628 4630 4632
          4634 4636 4638 4640 4642 4644
          4646 4648 4650 4652 4654 4656
          4658 4660 4662 4664 4666 4668
          4670 4672 4674 4676 4678 4680
          4682 4684 4686 4688 4690 4692
          4694 4696 4698 4700 4702 4704
          4706 4708 4710 4712 4714 4716
          4718 4720 4722 4724 4726 4728
          4730 4732 4734 4736 4738 4740
          4742 4744 4746 4748 4750 4752
          4754 4756 4758 4760 4762 4764
          4766 4768 4770 4772 4774 4776
          4778 4780 4782 4784 4786 4788
          4790 4792 4794 4796 4798 4800
          4802 4804 4806 4808 4810 4812
          4814 4816 4818 4820 4822 4824
          4826 4828 4830 4832 4834 4836
          4838 4840 4842 4844 4846 4848
          4850 4852 4854 4856 4858 4860
          4862 4864 4866 4868 4870 4872
          4874 4876 4878 4880 4882 4884
          4886 4888 4890 4892 4894 4896
          4898 4900 4902 4904 4906 4908
          4910 4912 4914 4916 4918 4920
          4922 4924 4926 4928 4930 4932
          4934 4936 4938 4940 4942 4944
          4946 4948 4950 4952 4954 4956
          4958 4960 4962 4964 4966 4968
          4970 4972 4974 4976 4978 4980
          4982 4984 4986 4988 4990 4992
          4994 4996 4998 5000 5002 5004
          5006 5008 5010 5012 5014 5016
          5018 5020 5022 5024 5026 5028
          5030 5032 5034 5036 5038 5040
          5042 5044 5046 5048 5050 5052
          5054 5056 5058 5060 5062 5064
          5066 5068 5070 5072 5074 5076
          5078 5080 5082 5084 5086 5088
          5090 5092 5094 5096 5098 5100
          5102 5104 5106 5108 5110 5112
          5114 5116 5118 5120 5122 5124
          5126 5128 5130 5132 5134 5136
          5138 5140 5142 5144 5146 5148
          5150 5152 5154 5156 5158 5160
          5162 5164 5166 5168 5170 5172
          5174 5176 5178 5180 5182 5184
          5186 5188 5190 5192 5194 5196
          5198 5200 5202 5204 5206 5208
          5210 5212 5214 5216 5218 5220
          5222 5224 5226 5228 5230 5232
          5234 5236 5238 5240 5242 5244
          5246 5248 5250 5252 5254 5256
          5258 5260 5262 5264 5266 5268
          5270 5272 5274 5276 5278 5280
          5282 5284 5286 5288 5290 5292
          5294 5296 5298 5300 5302 5304
          5306 5308 5310 5312 5314 5316
          5318 5320 5322 5324 5326 5328
          5330 5332 5334 5336 5338 5340
          5342 5344 5346 5348 5350 5352
          5354 5356 5358 5360 5362 5364
          5366 5368 5370 5372 5374 5376
          5378 5380 5382 5384 5386 5388
          5390 5392 5394 5396 5398 5400
          5402 5404 5406 5408 5410 5412
          5414 5416 5418 5420 5422 5424
          5426 5428 5430 5432 5434 5436
          5438 5440 5442 5444 5446 5448
          5450 5452 5454 5456 5458 5460
          5462 5464 5466 5468 5470 5472
          5474 5476 5478 5480 5482 5484
          5486 5488 5490 5492 5494 5496
          5498 5500 5502 5504 5506 5508
          5510 5512 5514 5516 5518 5520
          5522 5524 5526 5528 5530 5532
          5534 5536 5538 5540 5542 5544
          5546 5548 5550 5552 5554 5556
          5558 5560 5562 5564 5566 5568
          5570 5572 5574 5576 5578 5580
          5582 5584 5586 5588 5590 5592
          5594 5596 5598 5600 5602 5604
          5606 5608 5610 5612 5614 5616
          5618 5620 5622 5624 5626 5628
          5630 5632 5634 5636 5638 5640
          5642 5644 5646 5648 5650 5652
          5654 5656 5658 5660 5662 5664
          5666 5668 5670 5672 5674 5676
          5678 5680 5682 5684 5686 5688
          5690 5692 5694 5696 5698 5700
          5702 5704 5706 5708 5710 5712
          5714 5716 5718 5720 5722 5724
          5726 5728 5730 5732 5734 5736
          5738 5740 5742 5744 5746 5748
          5750 5752 5754 5756 5758 5760
          5762 5764 5766 5768 5770 5772
          5774 5776 5778 5780 5782 5784
          5786 5788 5790 5792 5794 5796
          5798 5800 5802 5804 5806 5808
          5810 5812 5814 5816 5818 5820
          5822 5824 5826 5828 5830 5832
          5834 5836 5838 5840 5842 5844
          5846 5848 5850 5852 5854 5856
          5858 5860 5862 5864 5866 5868
          5870 5872 5874 5876 5878 5880
          5882 5884 5886 5888 5890 5892
          5894 5896 5898 5900 5902 5904
          5906 5908 5910 5912 5914 5916
          5918 5920 5922 5924 5926 5928
          5930 5932 5934 5936 5938 5940
          5942 5944 5946 5948 5950 5952
          5954 5956 5958 5960 5962 5964
          5966 5968 5970 5972 5974 5976
          5978 5980 5982 5984 5986 5988
          5990 5992 5994 5996 5998 6000
          6002 6004 6006 6008 6010 6012
          6014 6016 6018 6020 6022 6024
          6026 6028 6030 6032 6034 6036
          6038 6040 6042 6044 6046 6048
          6050 6052 6054 6056 6058 6060
          6062 6064 6066 6068 6070 6072
          6074 6076 6078 6080 6082 6084
          6086 6088 6090 6092 6094 6096
          6098 6100 6102 6104 6106 6108
          6110 6112 6114 6116 6118 6120
          6122 6124 6126 6128 6130 6132
          6134 6136 6138 6140 6142 6144
          6146 6148 6150 6152 6154 6156
          6158 6160 6162 6164 6166 6168
          6170 6172 6174 6176 6178 6180
          6182 6184 6186 6188 6190 6192
          6194 6196 6198 6200 6202 6204
          6206 6208 6210 6212 6214 6216
          6218 6220 6222 6224 6226 6228
          6230 6232 6234 6236 6238 6240
          6242 6244 6246 6248 6250 6252
          6254 6256 6258 6260 6262 6264
        </DataArray>
        <DataArray type="UInt8" Name="types" format="ascii" RangeMin="3" RangeMax="3">
          3 3 3 3 3 3
          3 3 3 3 3 3
          3 3 3 3 3 3
          3 3 3 3 3 3
          3 3 3 3 3 3
          3 3 3 3 3 3
          3 3 3 3 3 3
          3 3 3 3 3 3
          3 3 3 3 3 3
          3 3 3 3 3 3
          3 3 3 3 3 3
          3 3 3 3 3 3
          3 3 3 3 3 3
          3 3 3 3 3 3
          3 3 3 3 3 3
          3 3 3 3 3 3
          3 3 3 3 3 3
          3 3 3 3 3 3
          3 3 3 3 3 3
          3 3 3 3 3 3
          3 3 3 3 3 3
          3 3 3 3 3 3
          3 3 3 3 3 3
          3 3 3 3 3 3
          3 3 3 3 3 3
          3 3 3 3 3 3
          3 3 3 3 3 3
          3 3 3 3 3 3
          3 3 3 3 3 3
          3 3 3 3 3 3
          3 3 3 3 3 3
          3 3 3 3 3 3
          3 3 3 3 3 3
          3 3 3 3 3 3
          3 3 3 3 3 3
          3 3 3 3 3 3
          3 3 3 3 3 3
          3 3 3 3 3 3
          3 3 3 3 3 3
          3 3 3 3 3 3
          3 3 3 3 3 3
          3 3 3 3 3 3
          3 3 3 3 3 3
          3 3 3 3 3 3
          3 3 3 3 3 3
          3 3 3 3 3 3
          3 3 3 3 3 3
          3 3 3 3 3 3
          3 3 3 3 3 3
          3 3 3 3 3 3
          3 3 3 3 3 3
          3 3 3 3 3 3
          3 3 3 3 3 3
          3 3 3 3 3 3
          3 3 3 3 3 3
          3 3 3 3 3 3
          3 3 3 3 3 3
          3 3 3 3 3 3
          3 3 3 3 3 3
          3 3 3 3 3 3
          3 3 3 3 3 3
          3 3 3 3 3 3
          3 3 3 3 3 3
          3 3 3 3 3 3
          3 3 3 3 3 3
          3 3 3 3 3 3
          3 3 3 3 3 3
          3 3 3 3 3 3
          3 3 3 3 3 3
          3 3 3 3 3 3
          3 3 3 3 3 3
          3 3 3 3 3 3
          3 3 3 3 3 3
          3 3 3 3 3 3
          3 3 3 3 3 3
          3 3 3 3 3 3
          3 3 3 3 3 3
          3 3 3 3 3 3
          3 3 3 3 3 3
          3 3 3 3 3 3
          3 3 3 3 3 3
          3 3 3 3 3 3
          3 3 3 3 3 3
          3 3 3 3 3 3
          3 3 3 3 3 3
          3 3 3 3 3 3
          3 3 3 3 3 3
          3 3 3 3 3 3
          3 3 3 3 3 3
          3 3 3 3 3 3
          3 3 3 3 3 3
          3 3 3 3 3 3
          3 3 3 3 3 3
          3 3 3 3 3 3
          3 3 3 3 3 3
          3 3 3 3 3 3
          3 3 3 3 3 3
          3 3 3 3 3 3
          3 3 3 3 3 3
          3 3 3 3 3 3
          3 3 3 3 3 3
          3 3 3 3 3 3
          3 3 3 3 3 3
          3 3 3 3 3 3
          3 3 3 3 3 3
          3 3 3 3 3 3
          3 3 3 3 3 3
          3 3 3 3 3 3
          3 3 3 3 3 3
          3 3 3 3 3 3
          3 3 3 3 3 3
          3 3 3 3 3 3
          3 3 3 3 3 3
          3 3 3 3 3 3
          3 3 3 3 3 3
          3 3 3 3 3 3
          3 3 3 3 3 3
          3 3 3 3 3 3
          3 3 3 3 3 3
          3 3 3 3 3 3
          3 3 3 3 3 3
          3 3 3 3 3 3
          3 3 3 3 3 3
          3 3 3 3 3 3
          3 3 3 3 3 3
          3 3 3 3 3 3
          3 3 3 3 3 3
          3 3 3 3 3 3
          3 3 3 3 3 3
          3 3 3 3 3 3
          3 3 3 3 3 3
          3 3 3 3 3 3
          3 3 3 3 3 3
          3 3 3 3 3 3
          3 3 3 3 3 3
          3 3 3 3 3 3
          3 3 3 3 3 3
          3 3 3 3 3 3
          3 3 3 3 3 3
          3 3 3 3 3 3
          3 3 3 3 3 3
          3 3 3 3 3 3
          3 3 3 3 3 3
          3 3 3 3 3 3
          3 3 3 3 3 3
          3 3 3 3 3 3
          3 3 3 3 3 3
          3 3 3 3 3 3
          3 3 3 3 3 3
          3 3 3 3 3 3
          3 3 3 3 3 3
          3 3 3 3 3 3
          3 3 3 3 3 3
          3 3 3 3 3 3
          3 3 3 3 3 3
          3 3 3 3 3 3
          3 3 3 3 3 3
          3 3 3 3 3 3
          3 3 3 3 3 3
          3 3 3 3 3 3
          3 3 3 3 3 3
          3 3 3 3 3 3
          3 3 3 3 3 3
          3 3 3 3 3 3
          3 3 3 3 3 3
          3 3 3 3 3 3
          3 3 3 3 3 3
          3 3 3 3 3 3
          3 3 3 3 3 3
          3 3 3 3 3 3
          3 3 3 3 3 3
          3 3 3 3 3 3
          3 3 3 3 3 3
          3 3 3 3 3 3
          3 3 3 3 3 3
          3 3 3 3 3 3
          3 3 3 3 3 3
          3 3 3 3 3 3
          3 3 3 3 3 3
          3 3 3 3 3 3
          3 3 3 3 3 3
          3 3 3 3 3 3
          3 3 3 3 3 3
          3 3 3 3 3 3
          3 3 3 3 3 3
          3 3 3 3 3 3
          3 3 3 3 3 3
          3 3 3 3 3 3
          3 3 3 3 3 3
          3 3 3 3 3 3
          3 3 3 3 3 3
          3 3 3 3 3 3
          3 3 3 3 3 3
          3 3 3 3 3 3
          3 3 3 3 3 3
          3 3 3 3 3 3
          3 3 3 3 3 3
          3 3 3 3 3 3
          3 3 3 3 3 3
          3 3 3 3 3 3
          3 3 3 3 3 3
          3 3 3 3 3 3
          3 3 3 3 3 3
          3 3 3 3 3 3
          3 3 3 3 3 3
          3 3 3 3 3 3
          3 3 3 3 3 3
          3 3 3 3 3 3
          3 3 3 3 3 3
          3 3 3 3 3 3
          3 3 3 3 3 3
          3 3 3 3 3 3
          3 3 3 3 3 3
          3 3 3 3 3 3
          3 3 3 3 3 3
          3 3 3 3 3 3
          3 3 3 3 3 3
          3 3 3 3 3 3
          3 3 3 3 3 3
          3 3 3 3 3 3
          3 3 3 3 3 3
          3 3 3 3 3 3
          3 3 3 3 3 3
          3 3 3 3 3 3
          3 3 3 3 3 3
          3 3 3 3 3 3
          3 3 3 3 3 3
          3 3 3 3 3 3
          3 3 3 3 3 3
          3 3 3 3 3 3
          3 3 3 3 3 3
          3 3 3 3 3 3
          3 3 3 3 3 3
          3 3 3 3 3 3
          3 3 3 3 3 3
          3 3 3 3 3 3
          3 3 3 3 3 3
          3 3 3 3 3 3
          3 3 3 3 3 3
          3 3 3 3 3 3
          3 3 3 3 3 3
          3 3 3 3 3 3
          3 3 3 3 3 3
          3 3 3 3 3 3
          3 3 3 3 3 3
          3 3 3 3 3 3
          3 3 3 3 3 3
          3 3 3 3 3 3
          3 3 3 3 3 3
          3 3 3 3 3 3
          3 3 3 3 3 3
          3 3 3 3 3 3
          3 3 3 3 3 3
          3 3 3 3 3 3
          3 3 3 3 3 3
          3 3 3 3 3 3
          3 3 3 3 3 3
          3 3 3 3 3 3
          3 3 3 3 3 3
          3 3 3 3 3 3
          3 3 3 3 3 3
          3 3 3 3 3 3
          3 3 3 3 3 3
          3 3 3 3 3 3
          3 3 3 3 3 3
          3 3 3 3 3 3
          3 3 3 3 3 3
          3 3 3 3 3 3
          3 3 3 3 3 3
          3 3 3 3 3 3
          3 3 3 3 3 3
          3 3 3 3 3 3
          3 3 3 3 3 3
          3 3 3 3 3 3
          3 3 3 3 3 3
          3 3 3 3 3 3
          3 3 3 3 3 3
          3 3 3 3 3 3
          3 3 3 3 3 3
          3 3 3 3 3 3
          3 3 3 3 3 3
          3 3 3 3 3 3
          3 3 3 3 3 3
          3 3 3 3 3 3
          3 3 3 3 3 3
          3 3 3 3 3 3
          3 3 3 3 3 3
          3 3 3 3 3 3
          3 3 3 3 3 3
          3 3 3 3 3 3
          3 3 3 3 3 3
          3 3 3 3 3 3
          3 3 3 3 3 3
          3 3 3 3 3 3
          3 3 3 3 3 3
          3 3 3 3 3 3
          3 3 3 3 3 3
          3 3 3 3 3 3
          3 3 3 3 3 3
          3 3 3 3 3 3
          3 3 3 3 3 3
          3 3 3 3 3 3
          3 3 3 3 3 3
          3 3 3 3 3 3
          3 3 3 3 3 3
          3 3 3 3 3 3
          3 3 3 3 3 3
          3 3 3 3 3 3
          3 3 3 3 3 3
          3 3 3 3 3 3
          3 3 3 3 3 3
          3 3 3 3 3 3
          3 3 3 3 3 3
          3 3 3 3 3 3
          3 3 3 3 3 3
          3 3 3 3 3 3
          3 3 3 3 3 3
          3 3 3 3 3 3
          3 3 3 3 3 3
          3 3 3 3 3 3
          3 3 3 3 3 3
          3 3 3 3 3 3
          3 3 3 3 3 3
          3 3 3 3 3 3
          3 3 3 3 3 3
          3 3 3 3 3 3
          3 3 3 3 3 3
          3 3 3 3 3 3
          3 3 3 3 3 3
          3 3 3 3 3 3
          3 3 3 3 3 3
          3 3 3 3 3 3
          3 3 3 3 3 3
          3 3 3 3 3 3
          3 3 3 3 3 3
          3 3 3 3 3 3
          3 3 3 3 3 3
          3 3 3 3 3 3
          3 3 3 3 3 3
          3 3 3 3 3 3
          3 3 3 3 3 3
          3 3 3 3 3 3
          3 3 3 3 3 3
          3 3 3 3 3 3
          3 3 3 3 3 3
          3 3 3 3 3 3
          3 3 3 3 3 3
          3 3 3 3 3 3
          3 3 3 3 3 3
          3 3 3 3 3 3
          3 3 3 3 3 3
          3 3 3 3 3 3
          3 3 3 3 3 3
          3 3 3 3 3 3
          3 3 3 3 3 3
          3 3 3 3 3 3
          3 3 3 3 3 3
          3 3 3 3 3 3
          3 3 3 3 3 3
          3 3 3 3 3 3
          3 3 3 3 3 3
          3 3 3 3 3 3
          3 3 3 3 3 3
          3 3 3 3 3 3
          3 3 3 3 3 3
          3 3 3 3 3 3
          3 3 3 3 3 3
          3 3 3 3 3 3
          3 3 3 3 3 3
          3 3 3 3 3 3
          3 3 3 3 3 3
          3 3 3 3 3 3
          3 3 3 3 3 3
          3 3 3 3 3 3
          3 3 3 3 3 3
          3 3 3 3 3 3
          3 3 3 3 3 3
          3 3 3 3 3 3
          3 3 3 3 3 3
          3 3 3 3 3 3
          3 3 3 3 3 3
          3 3 3 3 3 3
          3 3 3 3 3 3
          3 3 3 3 3 3
          3 3 3 3 3 3
          3 3 3 3 3 3
          3 3 3 3 3 3
          3 3 3 3 3 3
          3 3 3 3 3 3
          3 3 3 3 3 3
          3 3 3 3 3 3
          3 3 3 3 3 3
          3 3 3 3 3 3
          3 3 3 3 3 3
          3 3 3 3 3 3
          3 3 3 3 3 3
          3 3 3 3 3 3
          3 3 3 3 3 3
          3 3 3 3 3 3
          3 3 3 3 3 3
          3 3 3 3 3 3
          3 3 3 3 3 3
          3 3 3 3 3 3
          3 3 3 3 3 3
          3 3 3 3 3 3
          3 3 3 3 3 3
          3 3 3 3 3 3
          3 3 3 3 3 3
          3 3 3 3 3 3
          3 3 3 3 3 3
          3 3 3 3 3 3
          3 3 3 3 3 3
          3 3 3 3 3 3
          3 3 3 3 3 3
          3 3 3 3 3 3
          3 3 3 3 3 3
          3 3 3 3 3 3
          3 3 3 3 3 3
          3 3 3 3 3 3
          3 3 3 3 3 3
          3 3 3 3 3 3
          3 3 3 3 3 3
          3 3 3 3 3 3
          3 3 3 3 3 3
          3 3 3 3 3 3
          3 3 3 3 3 3
          3 3 3 3 3 3
          3 3 3 3 3 3
          3 3 3 3 3 3
          3 3 3 3 3 3
          3 3 3 3 3 3
          3 3 3 3 3 3
          3 3 3 3 3 3
          3 3 3 3 3 3
          3 3 3 3 3 3
          3 3 3 3 3 3
          3 3 3 3 3 3
          3 3 3 3 3 3
          3 3 3 3 3 3
          3 3 3 3 3 3
          3 3 3 3 3 3
          3 3 3 3 3 3
          3 3 3 3 3 3
          3 3 3 3 3 3
          3 3 3 3 3 3
          3 3 3 3 3 3
          3 3 3 3 3 3
          3 3 3 3 3 3
          3 3 3 3 3 3
          3 3 3 3 3 3
          3 3 3 3 3 3
          3 3 3 3 3 3
          3 3 3 3 3 3
          3 3 3 3 3 3
          3 3 3 3 3 3
          3 3 3 3 3 3
          3 3 3 3 3 3
          3 3 3 3 3 3
          3 3 3 3 3 3
          3 3 3 3 3 3
          3 3 3 3 3 3
          3 3 3 3 3 3
          3 3 3 3 3 3
          3 3 3 3 3 3
          3 3 3 3 3 3
          3 3 3 3 3 3
          3 3 3 3 3 3
          3 3 3 3 3 3
          3 3 3 3 3 3
          3 3 3 3 3 3
          3 3 3 3 3 3
          3 3 3 3 3 3
          3 3 3 3 3 3
          3 3 3 3 3 3
          3 3 3 3 3 3
          3 3 3 3 3 3
          3 3 3 3 3 3
          3 3 3 3 3 3
          3 3 3 3 3 3
          3 3 3 3 3 3
          3 3 3 3 3 3
          3 3 3 3 3 3
          3 3 3 3 3 3
          3 3 3 3 3 3
          3 3 3 3 3 3
          3 3 3 3 3 3
          3 3 3 3 3 3
          3 3 3 3 3 3
          3 3 3 3 3 3
          3 3 3 3 3 3
          3 3 3 3 3 3
          3 3 3 3 3 3
          3 3 3 3 3 3
          3 3 3 3 3 3
          3 3 3 3 3 3
          3 3 3 3 3 3
          3 3 3 3 3 3
          3 3 3 3 3 3
          3 3 3 3 3 3
          3 3 3 3 3 3
          3 3 3 3 3 3
          3 3 3 3 3 3
          3 3 3 3 3 3
          3 3 3 3 3 3
          3 3 3 3 3 3
          3 3 3 3 3 3
          3 3 3 3 3 3
          3 3 3 3 3 3
          3 3 3 3 3 3
          3 3 3 3 3 3
          3 3 3 3 3 3
          3 3 3 3 3 3
          3 3 3 3 3 3
          3 3 3 3 3 3
          3 3 3 3 3 3
          3 3 3 3 3 3
          3 3 3 3 3 3
          3 3 3 3 3 3
          3 3 3 3 3 3
          3 3 3 3 3 3
          3 3 3 3 3 3
          3 3 3 3 3 3
        </DataArray>
      </Cells>
    </Piece>
  </UnstructuredGrid>
</VTKFile>
