<VTKFile type="UnstructuredGrid" version="0.1" byte_order="LittleEndian" header_type="UInt32" compressor="vtkZLibDataCompressor">
  <UnstructuredGrid>
    <Piece NumberOfPoints="2590" NumberOfCells="2589">
      <PointData>
        <DataArray type="Float32" Name="Scalar" format="ascii" RangeMin="0.03467811644077301" RangeMax="12.015246391296387">
          0.034678116 0.3684151 0.046364155 0.18204357 0.051851746 0.29883102
          0.05277639 0.19901575 0.054029383 0.5622709 0.06353743 0.5041767
          0.06660374 0.3110929 0.07203556 0.22607034 0.08451314 0.17808962
          0.08894849 0.46438497 0.094592385 0.18943413 0.09470137 0.22619876
          0.09572144 0.55352366 0.0958162 0.20127259 0.105409026 0.3134861
          0.10878137 0.10917029 0.3199059 0.11047893 0.111519635 0.2505366
          0.11277672 0.3155322 0.11451635 0.2892413 0.11809588 0.32571986
          0.11986267 0.7884455 0.13538064 0.6639331 0.13725312 0.14023423
          0.14138147 0.40231812 0.14681791 0.493323 0.15218893 0.15280746
          0.55426234 0.15841532 0.15935509 0.97383124 0.16316608 0.1673353
          0.17263871 0.34557688 0.17381638 0.22426488 0.17507666 0.32601115
          0.17534617 0.47158295 0.17559223 0.5881414 0.17806587 0.1825371
          0.3759447 0.19471247 0.36563456 0.20173348 0.48647475 0.2029789
          0.20618482 0.3876383 0.20882319 0.43951383 0.22308567 0.49530655
          0.22540234 0.33366546 0.23031777 0.45651287 0.23337106 0.23517643
          0.2386823 0.5434371 0.24016035 0.8180174 0.24360675 0.8653918
          0.24479438 0.41816258 0.24595007 0.24622934 0.24635747 0.7085583
          0.40234196 0.25622332 0.25775373 0.5420304 0.26099825 0.4316705
          0.27861392 0.29214457 0.77747357 0.2927606 0.57723254 0.296328
          0.57001156 0.33393753 0.43534112 0.31225044 0.7822373 0.46146905
          0.39035133 0.34734985 0.32303262 0.32340363 0.39080298 0.3257522
          0.32924283 0.33009022 0.33471167 0.6371777 0.33522987 0.44799995
          0.3451811 0.6404125 0.35020447 1.5341582 0.3525061 0.3574793
          0.58998394 0.3669717 0.5356637 0.37173936 0.419174 0.3767351
          0.3769673 0.5078847 0.38742974 0.41226938 0.3967849 0.40059924
          0.4329506 0.4856879 0.41923672 0.42372182 0.6689593 0.4267418
          0.54037 0.42827642 1.808465 0.71116424 0.51882744 0.4392613
          0.56577104 0.4798557 1.688732 0.4836166 0.900641 0.5907451
          0.49612862 0.63249683 0.4964692 1.3452754 0.49809286 0.61609167
          0.6265957 0.50468177 0.83611536 0.5085574 2.1328452 0.50991744
          0.8361865 0.5191331 0.5281697 0.9083623 0.5327248 1.7693132
          0.53537005 0.73539555 0.53763694 0.54744935 0.639969 0.55618477
          0.72461754 0.55854994 0.56688863 0.7279092 0.57328784 0.5853129
          0.60258675 1.2516676 0.5946668 0.74719983 0.59745204 1.7576193
          0.6001042 0.66732335 0.6296593 1.0580281 0.6323652 0.63551694
          0.78804374 0.6930873 1.0926759 0.64914304 0.6564611 0.67064995
          0.6607342 0.9192032 0.6657488 1.1041203 0.66684705 0.72570854
          0.8403127 0.67552096 1.1690695 0.68677104 0.8680958 0.693048
          0.95448947 0.7667726 0.6958076 0.7002265 1.5825862 0.70344305
          1.0833267 0.7088896 0.8043062 0.71666574 1.0118294 0.72729075
          0.81570345 0.9357265 0.74052334 1.2043182 0.7876701 0.7536234
          1.1471468 0.7553622 0.75986886 0.7705583 0.9704799 0.7736812
          1.8868822 0.77468026 0.8992666 0.77591616 1.1994137 0.7785379
          1.0348694 0.86376226 1.1253451 0.8137627 1.4191599 0.8322648
          0.9522217 1.5091866 0.8392723 0.8398262 0.96119606 0.84529024
          0.8476468 1.4306933 0.85610664 0.9070832 0.8733288 1.0162212
          0.8824411 1.1265258 0.88448817 0.9471531 0.88474524 1.5029753
          0.89904 1.0381252 0.89983094 1.0290074 0.9021689 2.6322281
          0.9190731 1.1354245 0.92233914 0.92672503 1.3939962 0.93182766
          0.9453811 1.0081663 0.9470572 1.0260941 1.0828362 1.0098355
          0.9531953 1.0309942 0.95369256 0.9591284 1.1100403 0.9595145
          1.5295532 0.98036927 1.0949948 0.9942878 1.9254844 1.0039922
          1.139584 1.0733534 1.0659753 1.0173379 1.0300901 1.0395304
          1.0443257 1.1438394 1.0547413 1.5279156 1.0571578 1.0575662
          1.2718295 1.0605596 1.5276173 1.0683696 2.1473267 1.068537
          1.0716553 1.1157093 1.0897516 1.2236648 1.2733258 1.1027858
          1.3016407 1.1115223 1.4122849 1.1156195 1.1804332 1.1197374
          1.5787821 1.1260055 1.1263921 1.5265534 1.3375599 1.1368974
          2.166074 1.1560996 1.2785352 1.1499064 2.2009923 1.1676525
          1.5253422 1.1679177 1.2638388 1.2006772 1.1799254 1.2860723
          1.3908056 1.1815382 1.1819102 1.184891 1.6287179 1.2189058
          1.2015938 1.4006548 1.2102152 1.32851 1.2147547 1.40835
          1.2261851 1.5668621 1.237067 1.2930623 1.2476578 1.26159
          1.3527584 1.264862 1.2660636 1.3276851 1.2682579 1.459891
          1.269759 1.5339435 1.2704561 1.5042547 1.2766509 1.4086401
          1.2828842 1.7260175 1.2839407 1.4674453 1.2869532 1.4403317
          1.2945322 1.5391659 1.2968463 1.4274154 1.3015554 1.5242094
          1.3762254 1.3115261 1.56232 1.3163332 1.3189679 1.3271809
          1.3632925 1.3722235 1.3471972 1.8819844 1.3509198 1.3528256
          1.4786958 1.4169042 1.3656495 1.5910254 1.366083 1.3674119
          1.3675798 1.6285734 1.3760585 1.67527 1.425404 1.3820231
          1.385452 1.4780034 1.3909107 1.5732479 1.3941741 1.4099709
          1.4020522 1.412764 1.4044088 1.4058456 1.5198163 1.4063269
          1.4075869 1.4077705 1.4246446 1.4096198 1.4623251 1.5285649
          1.4132023 2.00542 1.4199795 1.5040712 1.4241099 2.0970004
          1.456543 1.4705665 1.6340706 1.4293188 1.4296613 1.5955894
          1.4306127 2.1228104 1.4344871 1.435317 1.4397554 1.4413391
          1.4452395 1.445436 1.4454826 1.4541658 2.0068753 1.4743932
          1.4574051 1.4593731 1.5338597 1.472794 1.4620584 1.4673697
          1.6565572 1.4683524 1.4792814 1.5356492 1.6080934 1.5274765
          1.4846027 1.5828774 1.4877067 1.9709314 1.4894432 1.6770773
          1.4957097 2.8608499 1.5876262 1.5057693 1.5898845 1.5157144
          1.573692 1.5166619 1.5713115 1.5171746 1.524469 1.8576592
          1.5258629 1.5937816 1.5264434 1.7179964 1.5325422 1.5302379
          1.5447795 4.240439 1.5400974 1.5406853 1.6059662 1.5434512
          1.8229852 1.5502636 1.6940476 1.560052 1.7536508 1.6131812
          1.6537083 1.5846969 1.984169 1.5908169 1.599388 1.5913174
          1.597168 1.615587 1.6026112 1.6103603 1.6260564 1.7197129
          1.6306432 1.6163758 1.8387966 1.6242012 1.6252381 1.6520692
          1.6748497 1.627224 1.7866359 1.6384324 1.6399783 1.7473946
          1.6434231 1.6462277 1.6917967 1.6585002 1.6522559 1.6540475
          1.8754636 1.6660422 1.6721274 1.6725036 1.7919734 1.6730301
          1.8586035 1.673109 1.6939058 1.6788838 1.6838374 1.7775015
          1.6845678 1.6903503 1.7708328 1.7244174 1.6921656 1.9628366
          1.7006692 1.7066575 1.7338243 1.7081074 2.363523 1.7086756
          1.8166914 1.7098253 1.8285593 1.7144642 1.9556823 1.7193477
          1.8290321 1.730081 1.7244118 1.7301873 1.8705093 1.7350677
          1.8637894 1.7362113 1.88361 1.7363255 2.0829492 1.741471
          1.7935513 1.8572086 1.7618678 1.8260589 1.8818167 1.7790841
          1.9683709 1.9579755 1.7930655 2.0142763 1.963524 1.7959703
          1.8371369 2.1945865 1.8089732 1.8219099 1.822937 1.9239662
          1.83356 1.8402225 2.0694528 1.8423933 1.8436384 1.9492296
          1.8508416 1.8781636 1.8532932 2.384306 1.8532947 2.0186477
          1.8572052 1.8577683 1.9275199 1.8606836 1.8712277 1.8667008
          1.891249 1.8777387 1.9438599 1.8792881 2.9767365 1.8811169
          1.9747647 1.882328 2.1001532 1.9295697 1.8858396 2.164542
          1.8868208 2.1639292 1.8878576 2.0090191 1.8985316 2.3948486
          1.9176674 1.9181819 1.9182204 1.923068 3.1554933 1.9410158
          2.4953194 1.9412335 2.0463176 1.9464369 2.227814 1.9508516
          2.083631 1.964271 2.0499666 1.9741818 2.0479174 2.4001672
          1.9859829 2.1477096 1.9911768 2.0357103 1.9984546 2.1294365
          1.9990901 2.282868 2.004833 2.2542868 2.170041 2.4767296
          2.2208602 2.00989 2.0262845 2.2265625 2.0383005 2.0975757
          2.0702164 2.3484232 2.235583 2.0927277 2.0838454 2.089072
          2.1424525 2.0924213 2.3715472 2.126306 2.1181257 2.1977742
          2.123883 2.1579773 2.1353376 2.1354 2.2644913 2.1419444
          2.1805398 2.3518817 2.1445591 2.2148347 2.7614887 2.2230732
          2.1506126 2.1517532 2.1628468 2.2893882 2.2151015 2.1693902
          2.1859286 2.1745443 2.3883305 2.1776016 2.179949 2.1927416
          2.1864204 3.0209434 2.1919224 2.1931741 3.0057077 4.2175965
          2.1946962 2.5902827 2.196644 2.3302448 2.2005692 2.232645
          2.4181113 2.20401 2.2591822 2.2067978 2.245978 2.218034
          2.6582778 2.2296245 2.4272807 2.2399096 2.3206792 2.2405238
          2.247979 2.3452492 2.2490335 2.4683404 2.5329015 2.263919
          2.2874017 2.3075316 2.265187 2.519122 2.2715998 2.276326
          2.4058714 2.2831523 2.2850866 2.287408 2.4743123 2.2950563
          2.6086133 2.3148081 2.4458916 2.315391 2.3315535 2.3326018
          2.3335292 2.3532944 2.340316 2.343359 2.345188 2.8010266
          2.4229817 2.3494298 2.4507585 2.3496892 2.5829122 2.5622113
          2.359089 2.3788998 2.379781 2.5652647 3.1523542 2.388035
          2.390573 2.6175745 2.4011443 2.5250967 2.404062 2.534131
          2.4107444 2.4774005 2.4966106 2.4304488 2.5101414 2.4361472
          2.552667 2.4536788 2.450625 2.5928714 2.4728172 3.0159085
          2.476346 2.679744 2.493105 2.4802015 2.5250313 2.6859202
          2.5816493 2.4989023 2.499109 2.4997034 2.541833 2.5075388
          2.9535058 2.5136654 2.578245 2.5591652 2.950255 2.559729
          2.9535475 2.5600526 2.656415 2.6246436 2.7971008 2.5961945
          2.6013508 2.843467 2.6020322 2.6545584 2.8188314 2.6114447
          2.7913914 2.6193273 2.6945164 2.6223104 2.7963877 2.623332
          2.6581419 2.6287282 2.8212118 2.6522563 2.7107015 2.6569393
          2.657152 2.9422634 2.8304527 2.6619222 2.959541 2.6634147
          3.2810373 2.6637728 2.7972572 2.668568 2.8662593 2.6731775
          2.7029412 2.6734838 2.7428248 2.7865322 2.6923523 2.6926947
          2.6975203 2.7311428 2.6988058 2.8779886 2.7104924 3.5044832
          2.7299564 2.7886076 2.741629 3.2075567 2.7855716 2.7455144
          2.8661325 2.7653232 2.7655015 2.840271 2.7702599 2.7722766
          2.8314726 2.7761736 2.7852795 2.8184037 2.7905345 2.9052875
          2.793994 2.8746626 4.645665 2.8053017 3.499404 2.8068178
          2.8298388 2.8124866 2.868409 3.0880547 2.853211 3.1543286
          2.84079 2.869828 3.1358924 2.8447998 2.9365551 2.848673
          2.8987923 2.8569038 2.8584433 3.089768 2.8701098 2.8670485
          2.8701034 2.9473937 2.89552 2.8721542 3.0007193 2.8760147
          3.1072059 2.880363 2.9539688 2.8881123 2.9088326 3.6449497
          2.912967 2.9185798 2.9262133 2.9275665 2.9278538 2.9849753
          2.9305513 3.0264857 3.0184665 2.9976985 2.9458337 3.2770002
          2.9535048 2.9972122 2.9590447 3.3557043 3.1079898 2.9628408
          2.9676347 2.9724674 3.3205583 2.9727867 3.128355 2.9998457
          3.0139613 3.0679061 3.0494366 3.129127 3.0857215 3.0240152
          3.0266452 3.3773615 3.0420203 3.086667 3.0448508 3.3677647
          3.0496554 3.0703928 3.064724 3.2473602 3.0798013 3.0902343
          3.1337795 3.2483852 3.107459 3.2123115 3.1663287 3.1093981
          3.6957421 3.1175914 3.1883883 3.1176734 3.6190872 3.1264317
          3.1320703 3.1579945 3.2738953 3.1706138 3.3156643 3.1770344
          3.2746654 3.1848583 3.4310586 3.1936305 3.6858442 3.2000608
          3.2290914 3.2017477 3.3003576 3.2032561 3.305459 3.2047768
          3.4480684 3.2096565 3.2107766 3.2853775 3.2740319 3.2201762
          3.3960009 3.2203062 3.28371 3.2335467 3.8188574 3.2399874
          3.3157485 3.2410977 4.1580887 3.2498791 3.2523592 3.488645
          3.2747135 3.2839808 3.378004 3.300816 3.2934961 3.2962365
          3.3642125 3.2964606 3.3359191 3.3018303 3.3568482 3.3122127
          3.4047565 3.3142087 3.4630377 3.4494832 3.3162932 3.400931
          3.3239377 3.4689398 3.3318121 3.430695 3.3333387 3.4344864
          3.342013 3.361501 3.3471794 3.38798 3.3761513 3.3773162
          3.3832545 3.6024907 3.3862076 3.4562888 3.388522 3.7597086
          3.3888028 3.4513664 3.3990483 3.4026506 3.6336157 3.4302251
          3.5991468 3.4343643 4.0279436 3.4365997 3.5069356 3.4405153
          3.682034 3.4415252 4.189956 3.4492018 3.5490143 3.45072
          3.6302845 3.4851727 3.6218424 3.473534 3.545218 3.4784327
          3.5907671 3.478988 3.4846144 3.5374737 3.4973946 3.62214
          4.08387 3.506065 3.594396 3.519753 3.5128448 3.5134714
          3.5284243 3.5188012 3.5564678 3.542243 3.630585 3.5462437
          3.7733204 3.5924563 3.5815806 3.558766 3.5595322 3.5664341
          3.627018 3.5793195 3.580473 3.663868 3.6119118 3.8704474
          3.6161373 3.6812446 3.6178553 3.6226134 3.7185583 3.6231406
          3.715341 3.650566 3.8574831 3.6477067 3.6643155 3.7366433
          3.6655385 3.791862 3.6669784 3.6939497 3.678704 3.79917
          3.6938443 3.8160627 3.914912 3.700599 3.8880188 3.7074883
          3.7094455 4.023423 3.7099879 3.7429814 3.7396832 3.7155583
          3.7442496 3.7157407 3.7695587 3.717013 3.7201974 3.7568336
          3.7209318 3.814282 3.7219903 3.9880621 3.730447 3.9251122
          3.7334902 3.9651673 3.7352052 3.907476 3.7353077 3.9374478
          3.7387655 3.7392638 3.8469195 3.7400935 3.7859638 3.7431633
          3.785667 3.7847247 3.7456868 3.7622206 3.9687274 3.7665243
          3.794538 3.7669556 4.2396975 3.7676759 3.77245 3.8845549
          3.776752 3.777357 3.7786236 4.1951747 3.8037827 3.8307598
          3.8558927 3.8308287 4.057956 3.8497033 4.160368 3.8507247
          3.9703119 3.852555 4.637848 3.8650968 3.9942238 3.8915246
          3.8776095 3.9307032 3.878717 4.0654426 3.884501 3.9756744
          3.8930366 5.415915 3.9231648 3.9078968 3.9447377 3.9117036
          4.088829 3.9154756 3.994056 3.9205432 4.0781054 3.9233122
          3.9850094 3.9619913 3.947595 4.2869253 3.9502625 4.079371
          4.019654 3.9731493 4.1150565 4.024888 3.9963193 4.074081
          3.9987419 4.230251 4.0065317 4.1250825 4.0074763 4.0802546
          4.011167 4.0692177 4.0150695 4.0209455 4.0216923 4.340139
          4.08081 4.0396614 4.100604 4.0483346 4.075321 4.0563664
          4.1334906 4.0641785 4.9516363 4.1722035 4.0744185 4.105426
          4.075474 5.1324267 4.0782137 4.095801 4.0852795 4.226843
          4.0971766 4.0978727 4.2218523 4.133852 4.1024394 4.1899524
          4.1298633 4.141295 4.1311083 4.149477 4.142795 4.251358
          4.145015 4.1591187 4.1572914 4.1752553 4.211751 4.179078
          4.182796 4.2422705 4.1971455 5.095368 4.2016716 4.2030544
          4.5186 4.2132945 4.3330708 4.216411 4.255902 4.2206707
          4.287396 4.445774 4.2425456 4.2566686 4.2462177 4.295856
          4.252021 4.284782 4.2563 4.2571826 4.575107 4.2831554
          4.325275 4.3199115 4.293881 4.288114 4.3832994 4.322669
          4.3265686 4.3361077 4.6197367 4.3374925 4.421423 4.339486
          4.417324 4.4027977 4.341878 4.6115336 4.34702 4.5710263
          4.347156 4.734261 4.3578815 4.393314 4.3597884 4.422187
          4.3624845 4.3633657 4.4398446 4.3640103 4.3730865 4.386692
          5.0135617 4.388596 4.3962607 4.548609 4.397224 4.4379735
          4.4079185 4.416183 5.339409 4.422372 4.5946007 4.474028
          4.484152 4.446461 4.572052 4.458014 4.52278 4.463948
          4.50147 4.4648666 4.468217 4.510576 4.500375 4.50485
          4.5150137 4.5077324 4.571132 4.5101376 4.571211 4.5117593
          5.089002 4.512124 4.6228256 4.5592837 4.5275726 4.52767
          4.7703514 4.53008 4.6926317 4.5304775 4.548039 4.7557726
          4.5523186 4.595456 4.562824 4.5667686 4.8019457 4.9664507
          4.571355 4.688353 4.5786443 4.5966334 4.6519585 4.6191745
          4.608128 4.666622 4.610147 4.6108193 4.69345 4.6114626
          4.791956 4.784782 4.612856 4.6455693 4.614526 4.926376
          4.6355085 4.7081137 4.626586 4.6299534 4.7896447 4.64204
          4.644947 5.19344 4.698746 4.6518946 4.81432 4.652573
          4.6811237 4.6670833 4.8097787 4.676804 4.741805 4.6845336
          4.6838555 4.684125 4.842176 4.688159 4.7979083 4.6932077
          4.806501 4.7075596 4.7275825 4.754838 4.731242 4.797873
          4.7424197 4.844085 4.744248 4.789942 4.7626557 4.76557
          4.7673717 4.808746 4.768442 4.8449216 4.770584 4.772894
          4.9195666 4.776274 5.519899 4.80346 4.824284 4.803575
          5.615374 4.8353252 4.8196535 5.101118 4.825262 4.8334417
          4.863806 4.8354173 5.120329 4.836598 4.8817677 4.8456655
          5.0499973 4.8565574 4.8596606 4.8873262 4.905231 4.869889
          4.9064827 4.8734975 5.0350337 4.8753066 5.1155977 4.882337
          4.926363 4.8879943 5.139576 4.8959136 5.1442704 4.903232
          4.9940085 4.9052753 5.0273724 4.9078345 5.190468 4.908324
          5.01321 4.950442 5.4055724 4.958896 5.0496845 4.9635777
          5.2128706 5.0741897 4.966593 5.2104783 4.9773903 5.2786403
          4.977408 5.144185 4.9868937 5.0768576 4.9882708 5.016917
          4.9937763 5.0914307 4.9954414 5.0206504 5.006796 5.2568083
          5.0108795 5.0876656 5.021187 5.1446853 5.023016 5.068233
          5.0243077 5.108232 5.044461 5.0568876 5.2330284 5.0581574
          5.10791 5.0654936 5.1306815 5.0678186 5.0990987 5.069613
          5.104894 5.069757 5.2708178 5.0747476 5.0748863 5.1328335
          5.07586 5.361177 5.076558 5.104263 5.0812693 5.098153
          5.093436 5.0955153 5.0957584 5.0969825 5.098092 5.2304115
          5.1115985 5.1001368 5.1873384 5.2986856 5.10424 5.1845016
          5.1071215 5.1107607 5.3239756 5.1221395 5.3651214 5.128182
          5.2244525 5.1302547 5.2174063 6.206346 5.1317616 5.184196
          5.3051095 5.246465 5.2673965 5.146307 5.147616 5.56613
          5.154636 5.2047386 5.1565156 5.1668253 5.168371 5.2115397
          5.201392 5.2181435 5.1863484 5.661516 5.427013 5.1876717
          5.2211657 5.1891603 5.1903434 5.219435 5.190582 5.1925774
          5.2401953 5.194296 5.1963415 5.2460194 5.199809 5.2324505
          5.2544084 5.232519 5.2357717 5.278906 5.24453 5.266422
          5.262078 5.2547927 5.8110604 5.3263054 5.2568474 5.3480253
          5.2588825 5.2642236 5.267787 5.2878785 5.2907224 5.287974
          5.465919 5.289068 5.289797 5.2909217 5.385581 5.291909
          5.561752 5.8209877 5.3131733 5.3588467 5.318094 5.396946
          5.3195677 5.3469253 5.3247895 5.4113255 5.3259144 5.7227974
          5.5041614 5.414632 5.345288 5.3643565 5.467498 5.348681
          5.3529997 5.4147263 5.3558426 5.451944 5.3638043 5.369819
          5.3670135 5.367998 5.4767427 5.409214 5.3869042 5.395545
          5.3978066 6.2554507 6.171696 5.407612 5.459167 5.408235
          5.4103413 5.4086127 5.597403 5.593573 5.4523487 5.7582803
          5.4170675 5.5124183 5.4195895 5.4323897 5.424881 5.996064
          5.4339705 5.4353867 6.567645 5.4396844 5.573855 5.4402566
          5.587844 5.443279 5.4910364 5.639462 5.4709554 5.460829
          5.5975904 5.4613066 5.5156903 5.462745 5.539301 5.470732
          5.5007563 5.4785333 5.49273 5.8022532 5.4929247 5.530862
          5.493389 5.5330844 5.4972634 5.5931044 5.500159 5.5200415
          5.5006876 5.5467815 5.501754 6.310132 5.5028057 5.8804827
          5.504946 5.5764866 5.5061984 5.507533 5.5819144 5.5075755
          5.537632 5.5103827 5.6582747 5.5133033 5.513396 5.5610943
          5.517638 5.687081 5.5181074 5.527975 5.767488 5.5254354
          5.600842 5.528416 5.5317307 5.6461773 5.5416627 5.5349464
          5.6544394 5.536785 5.7111545 5.560534 5.547068 5.5929112
          5.547773 5.549432 5.6979966 5.553322 5.628064 5.553696
          5.6477423 5.553802 5.60711 5.5603595 5.5630417 5.5618916
          5.5980415 5.572979 5.5641313 5.66758 5.6143255 5.567108
          5.5702286 5.5720053 5.7151046 5.5740356 5.6293445 5.576712
          5.6508 5.580291 5.594961 5.583031 5.599564 5.6247005
          5.6131983 5.6015663 5.8159466 5.603001 5.627505 5.603728
          5.604726 5.652838 5.6067686 5.6845903 5.624238 5.607504
          5.650708 5.609722 5.6326575 5.6213365 5.6460304 5.628121
          5.7075605 5.629278 5.633869 5.6316366 5.7726 5.632131
          5.638456 5.6335053 5.643563 5.6350336 5.7278285 5.6421647
          5.638638 5.641898 5.6682267 5.719161 5.648516 6.265809
          5.652202 5.843179 5.916058 5.6543765 5.6751447 5.6609025
          6.503171 5.6732726 5.6721883 5.893407 5.6754513 5.7468204
          5.676508 5.719414 5.6896706 5.692248 5.7738895 5.6987286
          5.7179427 5.702175 5.9899282 5.7043586 5.7170463 5.813277
          5.718119 5.9241242 5.7215877 5.767481 5.8138285 5.7520266
          6.133735 6.9868975 5.760022 5.7828293 5.7614813 5.843341
          5.7622943 6.203369 5.764504 5.8743477 5.7695975 6.8518395
          5.7786736 5.9092803 5.789575 5.880877 5.7953897 6.068425
          5.7979116 5.7986865 6.0974965 5.7996216 5.8154354 5.804723
          5.8058944 5.9046707 5.80842 5.895635 5.810299 5.8547773
          5.8653455 6.0920024 5.8198643 5.895829 5.8292103 5.8724303
          5.829461 5.838265 5.9136434 5.839679 5.975744 5.855385
          6.398456 5.8599305 5.880089 5.86226 5.8858585 5.863996
          6.2096295 5.8674374 5.9194884 5.871645 5.962523 5.879567
          5.8828635 5.880294 5.8822217 5.948293 5.8856106 6.220943
          5.8882546 5.8970146 5.90357 5.9028425 6.0229273 5.903341
          5.951026 5.9105134 5.9596343 5.9245787 5.9196663 5.946381
          5.9434667 5.980303 5.9627066 6.035445 5.9672437 6.817339
          5.9705215 6.068372 5.972887 5.986484 5.984616 6.065128
          5.985361 6.1784 5.992913 6.177554 5.9937587 6.0424595
          5.996095 5.9968843 6.2109733 6.0014973 6.0043445 6.5548964
          6.0047607 6.038551 6.018005 6.123592 6.0199027 6.0800843
          6.021965 6.023189 6.0253725 6.0683637 6.0323153 6.116718
          6.0426836 6.188306 6.0488625 6.1156526 6.0582695 6.1159396
          6.0629168 6.084127 6.0678177 6.104768 6.1603155 6.0714774
          6.084235 6.0741673 6.193064 6.078842 6.1175942 6.084748
          6.3330903 6.08907 6.0988054 6.230342 6.1086645 6.199823
          6.112069 6.1929398 6.1125226 6.141435 6.112982 6.17595
          6.1177835 6.149385 6.12004 6.4511166 6.1244626 6.1252866
          6.2396073 6.13018 6.18189 6.131557 6.496481 6.14384
          6.13526 6.1512976 6.136994 6.5603027 6.154426 6.676487
          6.1563478 6.160458 6.158865 6.202611 6.1655707 6.183567
          6.166203 6.181311 6.1861315 6.275814 6.1980715 6.2383027
          6.354323 6.2076783 6.209836 6.216901 6.3367615 6.2233467
          7.037047 6.2241817 6.3120065 6.3923283 6.232373 6.2498326
          6.244229 6.7340007 6.2668686 6.4475517 6.275278 6.3253374
          6.281924 6.3561516 6.2865176 6.384915 6.2985725 7.4948025
          6.301237 6.5060067 6.3086596 6.5673165 6.319082 6.6716213
          6.320956 6.322287 6.3710527 6.3351765 6.3543553 6.3444157
          6.6367636 6.3454256 6.4206033 6.3508763 6.5074105 6.3908553
          6.357655 6.374144 6.359158 6.456344 6.367406 6.3681636
          6.484458 6.370699 6.445641 6.379967 6.4515395 6.457193
          6.400267 6.503823 6.4149895 6.415934 6.4356456 6.424834
          6.5108995 6.4261355 6.4290786 6.7178807 6.4328785 6.4338927
          6.5657377 6.43417 6.4375362 6.7728524 6.446334 7.433648
          6.446543 6.7621436 6.4489584 6.4806776 6.4504137 6.4645596
          6.4588313 6.457697 6.4826264 6.5006747 6.485642 6.525302
          6.4870987 7.0268445 6.487809 6.5714574 6.4904375 6.5446997
          6.4962354 6.712832 6.4979196 6.728593 6.503244 6.821717
          6.5036106 6.7627516 6.5073133 6.5063043 6.5706916 6.6259274
          6.516352 6.5405684 6.5178304 6.5213428 6.524021 6.692957
          6.526284 6.6831813 6.5350986 6.6985345 6.5382276 6.774208
          6.5390673 6.5974345 6.539694 6.54211 6.5480537 6.542839
          6.8170257 6.5468283 6.6111913 6.5542397 6.5626297 6.571316
          6.5685716 6.6642756 6.5686893 6.6689878 6.585728 6.5719213
          6.576865 6.5819306 6.809973 6.5989013 6.6019998 6.6493173
          6.641307 6.6154485 6.72346 6.6173534 6.7375565 6.620513
          6.9140444 6.73812 6.631596 6.703169 6.6413317 6.65832
          6.6472783 6.653292 7.117612 6.6554437 6.9439087 6.849747
          6.665529 6.9372888 6.6658416 6.6746693 6.7962995 6.679028
          6.689094 6.6798267 6.8746047 6.6818814 6.688229 6.691868
          7.214957 6.804686 6.6938086 6.8649 6.727139 6.700398
          6.740554 6.7010965 7.197801 6.7055836 6.7064133 6.72305
          6.7133503 6.7144723 6.8611984 6.7256675 6.761644 6.9078984
          6.7711077 6.8267856 6.746568 7.105065 6.7563887 7.0429053
          6.756483 6.835545 6.7657857 6.7917485 6.7707815 6.7712197
          6.788244 6.7872763 6.988863 6.8006926 6.9565086 6.803368
          7.0084534 6.90927 6.8072743 7.134526 6.8137813 7.1578016
          6.9623995 6.8180566 6.922825 7.1617775 6.8254995 6.841267
          6.835186 7.1418905 6.8482647 7.007806 6.8552747 6.8574514
          6.8779683 6.869809 6.9543233 6.879629 7.1111827 6.8854923
          6.996893 6.8985524 6.9386806 6.9062443 6.953135 6.9066296
          7.0833945 6.9225287 6.914809 7.0285997 6.919334 7.042165
          6.9219937 7.084691 6.927627 7.0642986 6.9570575 7.0217934
          6.9606285 6.9795203 6.9653573 6.986305 6.965849 7.055454
          6.9691267 6.970133 7.0195003 6.971077 7.0338902 6.97204
          6.9736514 6.9832773 7.3115935 6.9980025 7.0054817 7.2134285
          7.0070024 7.212146 7.0122747 7.8153977 7.015207 7.0713058
          7.054684 7.061302 7.02367 7.0335593 7.2646046 7.0910397
          7.2269874 7.0541606 7.062422 7.2465906 7.1115136 7.0652585
          7.0791545 7.3057237 7.0835342 7.189872 7.093489 7.168865
          7.094737 7.1038904 7.1124816 7.1170216 7.134445 7.124444
          7.1917615 7.127786 7.459438 7.129893 7.2051015 7.1302485
          7.211097 7.131491 7.132218 7.1671557 7.134388 7.916719
          7.333142 7.1424108 7.193955 7.1427712 7.286237 7.151743
          7.259393 7.1649113 7.311099 7.1661086 7.814807 7.1777267
          7.167209 7.24525 7.167655 7.231743 7.1720743 7.2453537
          7.174014 7.1774187 7.17873 7.2270722 7.189935 7.192558
          7.220364 7.194168 7.506706 7.1957064 7.1963444 7.1995664
          7.410047 7.1996565 7.2270575 7.3843956 7.2091703 7.2100215
          7.804474 7.35304 7.2132187 7.4875216 7.2215085 7.337581
          7.226036 7.228754 7.2520976 7.2387333 7.256839 7.259855
          7.250653 7.275276 7.3024087 7.252529 7.2753425 7.2553267
          7.26871 7.278458 7.2623754 7.286185 7.358038 7.273324
          7.3059115 7.4032454 7.290988 7.2915344 7.4732704 7.2966084
          7.2977633 7.634993 7.298112 7.300166 7.459114 7.3913403
          7.35003 7.512033 7.312984 7.368148 7.3153043 7.317526
          7.424694 7.325986 7.423488 7.3334436 7.506685 7.6926794
          7.3377957 7.6030197 7.3380504 7.3539734 7.3498397 7.352241
          7.538864 7.455421 7.3603797 7.4265375 7.3827744 7.4130387
          7.396251 7.4814754 7.3984303 7.4430456 7.402096 7.514393
          7.530293 7.4054546 7.551005 7.4057145 7.4078403 7.566817
          7.4088116 7.48121 7.410776 7.416736 7.5125585 7.4191523
          7.5039964 7.4222627 7.8075757 7.4888024 7.442656 7.491093
          7.4460177 7.4695477 7.484103 7.456053 7.4793344 7.4580975
          7.4693217 7.5863743 7.4716663 7.536688 7.481323 7.51861
          7.4817357 7.563967 7.4909005 7.8446293 7.4988103 7.707459
          7.5015903 7.7107816 7.501609 7.684151 7.5066786 7.5117188
          7.698189 7.736964 7.5169463 7.852864 7.596609 7.530034
          7.8165903 7.535538 7.5950627 7.5409174 7.6875315 7.5446334
          7.599995 7.5480413 7.5792913 7.6502237 7.5647783 7.707425
          7.565278 7.5910983 7.568614 7.70747 7.5702605 7.7770233
          7.5822887 7.6044083 7.5823846 7.7479978 7.6160965 7.610141
          7.6611814 7.6222177 7.929684 7.6236453 7.6307993 7.643029
          7.724765 7.644507 7.724045 7.6450486 7.7243586 7.658365
          7.678519 7.663923 7.6787257 7.6679273 7.7221513 7.681044
          7.9007077 7.6881566 7.796805 7.6929693 7.7907453 7.7033753
          7.7923403 7.713019 7.714133 7.784768 7.7218747 7.773431
          7.7322426 7.727122 7.7556734 7.7285585 7.733897 7.7303996
          8.057001 7.730956 8.414557 7.732369 7.9543786 7.737015
          7.882994 7.745535 7.7844005 7.7652063 7.7612395 7.766772
          7.845474 7.775362 7.8318605 7.778256 7.820393 7.7859297
          7.878207 7.7975025 7.8176208 7.8025656 7.9004 7.813647
          7.8698077 7.8199897 7.9386563 7.831743 8.116108 7.833615
          7.9723053 7.8554 7.888529 7.8710003 8.066118 7.87999
          7.9094143 7.8820415 8.068615 7.884949 7.9313984 7.8971686
          7.9255857 7.929429 8.037114 7.969177 8.025144 7.995975
          7.982386 7.9845443 8.136216 7.9966617 8.194743 7.998936
          8.06524 8.048515 8.132694 8.049741 8.177518 8.050462
          8.0686035 8.056702 8.114622 8.088061 8.182561 8.139295
          8.309504 8.142752 8.194974 8.166861 8.199888 8.276915
          8.216135 8.381002 8.225916 8.610624 8.267776 8.277601
          8.551957 8.29719 8.324226 8.367935 8.494568 8.378425
          8.395716 8.4729395 8.429476 8.430964 8.539013 8.441142
          8.562787 8.544951 8.618149 8.549302 8.620268 8.570006
          8.701175 8.756902 8.721699 12.015246
        </DataArray>
        <DataArray type="UInt8" Name="ttkMaskScalarField" format="ascii" RangeMin="0" RangeMax="0">
          0 0 0 0 0 0
          0 0 0 0 0 0
          0 0 0 0 0 0
          0 0 0 0 0 0
          0 0 0 0 0 0
          0 0 0 0 0 0
          0 0 0 0 0 0
          0 0 0 0 0 0
          0 0 0 0 0 0
          0 0 0 0 0 0
          0 0 0 0 0 0
          0 0 0 0 0 0
          0 0 0 0 0 0
          0 0 0 0 0 0
          0 0 0 0 0 0
          0 0 0 0 0 0
          0 0 0 0 0 0
          0 0 0 0 0 0
          0 0 0 0 0 0
          0 0 0 0 0 0
          0 0 0 0 0 0
          0 0 0 0 0 0
          0 0 0 0 0 0
          0 0 0 0 0 0
          0 0 0 0 0 0
          0 0 0 0 0 0
          0 0 0 0 0 0
          0 0 0 0 0 0
          0 0 0 0 0 0
          0 0 0 0 0 0
          0 0 0 0 0 0
          0 0 0 0 0 0
          0 0 0 0 0 0
          0 0 0 0 0 0
          0 0 0 0 0 0
          0 0 0 0 0 0
          0 0 0 0 0 0
          0 0 0 0 0 0
          0 0 0 0 0 0
          0 0 0 0 0 0
          0 0 0 0 0 0
          0 0 0 0 0 0
          0 0 0 0 0 0
          0 0 0 0 0 0
          0 0 0 0 0 0
          0 0 0 0 0 0
          0 0 0 0 0 0
          0 0 0 0 0 0
          0 0 0 0 0 0
          0 0 0 0 0 0
          0 0 0 0 0 0
          0 0 0 0 0 0
          0 0 0 0 0 0
          0 0 0 0 0 0
          0 0 0 0 0 0
          0 0 0 0 0 0
          0 0 0 0 0 0
          0 0 0 0 0 0
          0 0 0 0 0 0
          0 0 0 0 0 0
          0 0 0 0 0 0
          0 0 0 0 0 0
          0 0 0 0 0 0
          0 0 0 0 0 0
          0 0 0 0 0 0
          0 0 0 0 0 0
          0 0 0 0 0 0
          0 0 0 0 0 0
          0 0 0 0 0 0
          0 0 0 0 0 0
          0 0 0 0 0 0
          0 0 0 0 0 0
          0 0 0 0 0 0
          0 0 0 0 0 0
          0 0 0 0 0 0
          0 0 0 0 0 0
          0 0 0 0 0 0
          0 0 0 0 0 0
          0 0 0 0 0 0
          0 0 0 0 0 0
          0 0 0 0 0 0
          0 0 0 0 0 0
          0 0 0 0 0 0
          0 0 0 0 0 0
          0 0 0 0 0 0
          0 0 0 0 0 0
          0 0 0 0 0 0
          0 0 0 0 0 0
          0 0 0 0 0 0
          0 0 0 0 0 0
          0 0 0 0 0 0
          0 0 0 0 0 0
          0 0 0 0 0 0
          0 0 0 0 0 0
          0 0 0 0 0 0
          0 0 0 0 0 0
          0 0 0 0 0 0
          0 0 0 0 0 0
          0 0 0 0 0 0
          0 0 0 0 0 0
          0 0 0 0 0 0
          0 0 0 0 0 0
          0 0 0 0 0 0
          0 0 0 0 0 0
          0 0 0 0 0 0
          0 0 0 0 0 0
          0 0 0 0 0 0
          0 0 0 0 0 0
          0 0 0 0 0 0
          0 0 0 0 0 0
          0 0 0 0 0 0
          0 0 0 0 0 0
          0 0 0 0 0 0
          0 0 0 0 0 0
          0 0 0 0 0 0
          0 0 0 0 0 0
          0 0 0 0 0 0
          0 0 0 0 0 0
          0 0 0 0 0 0
          0 0 0 0 0 0
          0 0 0 0 0 0
          0 0 0 0 0 0
          0 0 0 0 0 0
          0 0 0 0 0 0
          0 0 0 0 0 0
          0 0 0 0 0 0
          0 0 0 0 0 0
          0 0 0 0 0 0
          0 0 0 0 0 0
          0 0 0 0 0 0
          0 0 0 0 0 0
          0 0 0 0 0 0
          0 0 0 0 0 0
          0 0 0 0 0 0
          0 0 0 0 0 0
          0 0 0 0 0 0
          0 0 0 0 0 0
          0 0 0 0 0 0
          0 0 0 0 0 0
          0 0 0 0 0 0
          0 0 0 0 0 0
          0 0 0 0 0 0
          0 0 0 0 0 0
          0 0 0 0 0 0
          0 0 0 0 0 0
          0 0 0 0 0 0
          0 0 0 0 0 0
          0 0 0 0 0 0
          0 0 0 0 0 0
          0 0 0 0 0 0
          0 0 0 0 0 0
          0 0 0 0 0 0
          0 0 0 0 0 0
          0 0 0 0 0 0
          0 0 0 0 0 0
          0 0 0 0 0 0
          0 0 0 0 0 0
          0 0 0 0 0 0
          0 0 0 0 0 0
          0 0 0 0 0 0
          0 0 0 0 0 0
          0 0 0 0 0 0
          0 0 0 0 0 0
          0 0 0 0 0 0
          0 0 0 0 0 0
          0 0 0 0 0 0
          0 0 0 0 0 0
          0 0 0 0 0 0
          0 0 0 0 0 0
          0 0 0 0 0 0
          0 0 0 0 0 0
          0 0 0 0 0 0
          0 0 0 0 0 0
          0 0 0 0 0 0
          0 0 0 0 0 0
          0 0 0 0 0 0
          0 0 0 0 0 0
          0 0 0 0 0 0
          0 0 0 0 0 0
          0 0 0 0 0 0
          0 0 0 0 0 0
          0 0 0 0 0 0
          0 0 0 0 0 0
          0 0 0 0 0 0
          0 0 0 0 0 0
          0 0 0 0 0 0
          0 0 0 0 0 0
          0 0 0 0 0 0
          0 0 0 0 0 0
          0 0 0 0 0 0
          0 0 0 0 0 0
          0 0 0 0 0 0
          0 0 0 0 0 0
          0 0 0 0 0 0
          0 0 0 0 0 0
          0 0 0 0 0 0
          0 0 0 0 0 0
          0 0 0 0 0 0
          0 0 0 0 0 0
          0 0 0 0 0 0
          0 0 0 0 0 0
          0 0 0 0 0 0
          0 0 0 0 0 0
          0 0 0 0 0 0
          0 0 0 0 0 0
          0 0 0 0 0 0
          0 0 0 0 0 0
          0 0 0 0 0 0
          0 0 0 0 0 0
          0 0 0 0 0 0
          0 0 0 0 0 0
          0 0 0 0 0 0
          0 0 0 0 0 0
          0 0 0 0 0 0
          0 0 0 0 0 0
          0 0 0 0 0 0
          0 0 0 0 0 0
          0 0 0 0 0 0
          0 0 0 0 0 0
          0 0 0 0 0 0
          0 0 0 0 0 0
          0 0 0 0 0 0
          0 0 0 0 0 0
          0 0 0 0 0 0
          0 0 0 0 0 0
          0 0 0 0 0 0
          0 0 0 0 0 0
          0 0 0 0 0 0
          0 0 0 0 0 0
          0 0 0 0 0 0
          0 0 0 0 0 0
          0 0 0 0 0 0
          0 0 0 0 0 0
          0 0 0 0 0 0
          0 0 0 0 0 0
          0 0 0 0 0 0
          0 0 0 0 0 0
          0 0 0 0 0 0
          0 0 0 0 0 0
          0 0 0 0 0 0
          0 0 0 0 0 0
          0 0 0 0 0 0
          0 0 0 0 0 0
          0 0 0 0 0 0
          0 0 0 0 0 0
          0 0 0 0 0 0
          0 0 0 0 0 0
          0 0 0 0 0 0
          0 0 0 0 0 0
          0 0 0 0 0 0
          0 0 0 0 0 0
          0 0 0 0 0 0
          0 0 0 0 0 0
          0 0 0 0 0 0
          0 0 0 0 0 0
          0 0 0 0 0 0
          0 0 0 0 0 0
          0 0 0 0 0 0
          0 0 0 0 0 0
          0 0 0 0 0 0
          0 0 0 0 0 0
          0 0 0 0 0 0
          0 0 0 0 0 0
          0 0 0 0 0 0
          0 0 0 0 0 0
          0 0 0 0 0 0
          0 0 0 0 0 0
          0 0 0 0 0 0
          0 0 0 0 0 0
          0 0 0 0 0 0
          0 0 0 0 0 0
          0 0 0 0 0 0
          0 0 0 0 0 0
          0 0 0 0 0 0
          0 0 0 0 0 0
          0 0 0 0 0 0
          0 0 0 0 0 0
          0 0 0 0 0 0
          0 0 0 0 0 0
          0 0 0 0 0 0
          0 0 0 0 0 0
          0 0 0 0 0 0
          0 0 0 0 0 0
          0 0 0 0 0 0
          0 0 0 0 0 0
          0 0 0 0 0 0
          0 0 0 0 0 0
          0 0 0 0 0 0
          0 0 0 0 0 0
          0 0 0 0 0 0
          0 0 0 0 0 0
          0 0 0 0 0 0
          0 0 0 0 0 0
          0 0 0 0 0 0
          0 0 0 0 0 0
          0 0 0 0 0 0
          0 0 0 0 0 0
          0 0 0 0 0 0
          0 0 0 0 0 0
          0 0 0 0 0 0
          0 0 0 0 0 0
          0 0 0 0 0 0
          0 0 0 0 0 0
          0 0 0 0 0 0
          0 0 0 0 0 0
          0 0 0 0 0 0
          0 0 0 0 0 0
          0 0 0 0 0 0
          0 0 0 0 0 0
          0 0 0 0 0 0
          0 0 0 0 0 0
          0 0 0 0 0 0
          0 0 0 0 0 0
          0 0 0 0 0 0
          0 0 0 0 0 0
          0 0 0 0 0 0
          0 0 0 0 0 0
          0 0 0 0 0 0
          0 0 0 0 0 0
          0 0 0 0 0 0
          0 0 0 0 0 0
          0 0 0 0 0 0
          0 0 0 0 0 0
          0 0 0 0 0 0
          0 0 0 0 0 0
          0 0 0 0 0 0
          0 0 0 0 0 0
          0 0 0 0 0 0
          0 0 0 0 0 0
          0 0 0 0 0 0
          0 0 0 0 0 0
          0 0 0 0 0 0
          0 0 0 0 0 0
          0 0 0 0 0 0
          0 0 0 0 0 0
          0 0 0 0 0 0
          0 0 0 0 0 0
          0 0 0 0 0 0
          0 0 0 0 0 0
          0 0 0 0 0 0
          0 0 0 0 0 0
          0 0 0 0 0 0
          0 0 0 0 0 0
          0 0 0 0 0 0
          0 0 0 0 0 0
          0 0 0 0 0 0
          0 0 0 0 0 0
          0 0 0 0 0 0
          0 0 0 0 0 0
          0 0 0 0 0 0
          0 0 0 0 0 0
          0 0 0 0 0 0
          0 0 0 0 0 0
          0 0 0 0 0 0
          0 0 0 0 0 0
          0 0 0 0 0 0
          0 0 0 0 0 0
          0 0 0 0 0 0
          0 0 0 0 0 0
          0 0 0 0 0 0
          0 0 0 0 0 0
          0 0 0 0 0 0
          0 0 0 0 0 0
          0 0 0 0 0 0
          0 0 0 0 0 0
          0 0 0 0 0 0
          0 0 0 0 0 0
          0 0 0 0 0 0
          0 0 0 0 0 0
          0 0 0 0 0 0
          0 0 0 0 0 0
          0 0 0 0 0 0
          0 0 0 0 0 0
          0 0 0 0 0 0
          0 0 0 0 0 0
          0 0 0 0 0 0
          0 0 0 0 0 0
          0 0 0 0 0 0
          0 0 0 0 0 0
          0 0 0 0 0 0
          0 0 0 0 0 0
          0 0 0 0 0 0
          0 0 0 0 0 0
          0 0 0 0 0 0
          0 0 0 0 0 0
          0 0 0 0 0 0
          0 0 0 0 0 0
          0 0 0 0 0 0
          0 0 0 0 0 0
          0 0 0 0 0 0
          0 0 0 0 0 0
          0 0 0 0 0 0
          0 0 0 0 0 0
          0 0 0 0 0 0
          0 0 0 0 0 0
          0 0 0 0 0 0
          0 0 0 0 0 0
          0 0 0 0 0 0
          0 0 0 0 0 0
          0 0 0 0 0 0
          0 0 0 0 0 0
          0 0 0 0 0 0
          0 0 0 0 0 0
          0 0 0 0 0 0
          0 0 0 0 0 0
          0 0 0 0 0 0
          0 0 0 0 0 0
          0 0 0 0 0 0
          0 0 0 0 0 0
          0 0 0 0 0 0
          0 0 0 0 0 0
          0 0 0 0 0 0
          0 0 0 0 0 0
          0 0 0 0 0 0
          0 0 0 0 0 0
          0 0 0 0 0 0
          0 0 0 0 0 0
          0 0 0 0 0 0
          0 0 0 0 0 0
          0 0 0 0 0 0
          0 0 0 0 0 0
          0 0 0 0 0 0
          0 0 0 0 0 0
          0 0 0 0 0 0
          0 0 0 0 0 0
          0 0 0 0 0 0
          0 0 0 0 0 0
          0 0 0 0 0 0
          0 0 0 0 0 0
          0 0 0 0 0 0
          0 0 0 0 0 0
          0 0 0 0
        </DataArray>
      </PointData>
      <CellData Scalars="SegmentationId">
        <DataArray type="Int32" Name="SegmentationId" format="ascii" RangeMin="0" RangeMax="2588">
          0 1 2 3 4 5
          6 7 8 9 10 11
          12 13 14 15 16 17
          18 19 20 21 22 23
          24 25 26 27 28 29
          30 31 32 33 34 35
          36 37 38 39 1307 1300
          40 1309 41 1302 1312 42
          43 44 45 46 1326 47
          1306 1310 48 49 50 51
          52 53 54 55 56 57
          1315 58 59 60 61 1317
          62 63 64 1301 1305 65
          1313 1316 1314 66 67 1318
          68 1327 1348 69 2388 1347
          70 71 72 1325 1349 73
          74 75 1354 76 1299 77
          1330 78 79 80 1332 2391
          2392 81 82 1321 1355 1359
          1339 1356 83 84 85 86
          1342 2396 1358 87 1333 1351
          1335 1360 1308 1328 88 89
          2395 1331 1322 1334 90 91
          92 1304 93 1357 94 95
          2389 96 97 98 99 2386
          100 1362 1341 1336 101 1311
          1323 102 103 1303 2397 104
          1345 105 1344 106 1329 2400
          2390 107 108 109 1381 1368
          2387 110 111 1366 112 1350
          1375 1352 113 114 115 1320
          116 117 2393 1361 1385 118
          119 120 1384 121 122 123
          1340 124 1377 125 1376 1388
          126 1378 1374 127 1379 128
          129 130 2406 131 132 133
          134 1343 135 1346 1402 1383
          1319 2405 136 1396 1337 137
          1369 1371 138 139 1392 140
          141 142 2408 1338 1390 143
          144 145 146 147 1401 148
          1365 149 1411 1372 150 1386
          151 152 153 2404 154 155
          1409 1404 156 157 1391 158
          159 1405 1399 1324 160 161
          162 1416 2394 1395 1407 163
          1417 2402 164 1418 1415 2416
          165 166 167 168 169 1382
          170 1427 171 172 173 1430
          2418 1394 174 1424 1421 175
          1387 1419 176 177 2411 178
          1432 179 180 1408 1413 181
          1423 1425 1398 182 2422 183
          184 1389 185 1434 186 187
          188 2398 1442 189 1397 190
          191 1444 1431 192 193 194
          2412 195 1440 196 197 198
          199 200 2407 1451 201 2414
          202 203 1441 204 1448 205
          206 207 2409 208 209 210
          211 1452 1445 1449 1367 212
          213 1450 214 1464 215 216
          217 218 1466 219 1469 220
          221 2424 222 1414 223 2413
          224 225 226 227 228 229
          1446 1456 230 1474 1433 1475
          231 2432 1403 232 233 1477
          2430 1461 234 235 236 1406
          237 238 239 1459 240 241
          242 243 244 1482 245 246
          1453 247 1484 248 1458 249
          2431 2429 2436 1472 1467 1487
          250 251 252 253 1410 1479
          1455 254 2403 255 256 257
          1476 1462 258 1439 259 260
          1436 1495 1428 1426 2423 1420
          261 1499 1485 1454 1353 1498
          1460 262 263 264 1500 265
          266 1463 1447 1494 1473 1493
          1435 1393 1488 267 2410 1492
          268 1468 269 1497 1481 2435
          1506 270 1501 2433 1508 1507
          2441 271 272 273 1510 274
          1470 1443 1512 2420 275 276
          277 278 1511 279 2425 280
          1486 1515 281 282 283 284
          285 2438 1471 1490 286 287
          288 1364 289 1514 290 1521
          1503 291 292 293 294 295
          296 2426 297 2443 298 2442
          1457 1530 299 1524 300 301
          302 303 1513 1504 1380 304
          1373 1522 1520 305 1517 1518
          306 1535 307 1363 308 1526
          309 310 1502 1536 1527 1529
          311 1539 1509 1541 312 313
          314 315 316 317 1547 1496
          318 1519 319 1532 320 1531
          1549 1516 321 1544 322 323
          1542 1465 324 1533 325 326
          1400 327 1550 328 329 330
          331 332 1540 1422 1548 2445
          333 334 1551 335 1543 336
          1528 2440 1523 2444 337 1537
          1489 338 1553 1505 339 340
          341 342 343 1478 1483 1558
          344 1538 1546 345 1566 346
          1560 1564 1563 1556 347 1534
          1562 348 349 350 1573 1480
          1571 1554 351 2417 352 1577
          1567 1370 353 354 355 1574
          356 1429 1565 357 358 1581
          359 2415 1555 1437 360 2434
          361 362 363 1579 1584 364
          365 1588 366 2401 367 368
          1576 369 1438 370 371 1580
          2449 372 1582 2450 1570 1561
          373 1592 2427 374 375 2453
          1596 376 1569 1593 377 1578
          378 379 380 1568 381 382
          1598 383 1583 384 2452 385
          386 1595 1591 1604 387 388
          389 390 391 1607 1572 392
          393 1605 1606 394 1525 1575
          1611 395 1545 396 1585 397
          1557 2448 398 399 1600 400
          2428 1613 2585 401 402 1603
          403 1609 2460 1597 404 1601
          405 2437 1617 406 1622 1559
          2586 407 408 409 410 1618
          411 1599 1623 1615 2451 1616
          1624 1619 412 413 414 2461
          1612 2458 2587 1610 1590 2457
          415 416 417 1602 418 1614
          419 420 421 1629 422 1412
          423 1628 1632 424 425 2465
          1594 426 427 428 429 430
          431 1621 1641 432 433 1630
          434 435 1640 436 1633 437
          1643 438 2463 439 1586 440
          441 442 443 444 445 1649
          1642 1646 446 2462 447 1631
          1634 1638 1608 448 449 450
          1653 2459 2419 1655 2456 1651
          1650 451 1627 452 453 2471
          454 455 1491 1648 1639 456
          1656 1657 457 2469 458 2466
          459 1644 460 461 1661 1659
          1652 462 463 464 465 466
          467 468 1658 1635 469 1660
          1625 470 1663 1626 1662 471
          1636 472 473 474 475 1552
          1666 2473 2467 476 2447 1589
          477 1620 2455 1587 478 1667
          479 480 481 1674 482 483
          1673 1678 484 2454 1676 1672
          2439 485 1665 486 2468 487
          488 489 490 1671 1685 491
          1680 2464 2446 2472 2421 1686
          2475 492 493 494 1683 495
          496 497 498 499 1647 500
          501 1681 502 503 1691 504
          505 506 1679 2474 507 508
          2584 2476 1688 509 1668 1637
          1697 510 1695 511 512 513
          1692 1702 514 1693 515 516
          1687 1699 517 1670 518 519
          520 1704 521 522 1669 1705
          1712 1703 1677 523 524 1675
          1701 1714 525 1713 526 527
          1696 528 1708 529 1706 530
          1710 1689 531 1711 532 533
          534 1694 535 2477 536 1717
          1715 1707 1709 537 538 539
          540 1728 2478 541 1654 1645
          542 1721 543 544 545 1732
          1733 1729 546 1726 547 1724
          1734 548 549 550 551 552
          1739 1727 1737 1731 1719 2479
          553 554 555 1684 1742 1730
          556 557 1738 1725 1735 1718
          1664 558 1745 2480 559 560
          561 562 1741 1722 1690 563
          1748 1682 564 565 566 567
          1744 568 569 570 1743 571
          572 573 574 575 576 577
          1746 578 579 1757 580 1754
          581 1755 582 1758 1716 583
          584 585 586 1756 587 1736
          588 589 590 1768 1767 1766
          1747 1770 1749 2483 1759 1750
          1698 591 592 1765 593 594
          595 1774 2481 596 1740 597
          598 599 1772 1751 2482 600
          1763 601 602 1752 603 604
          2484 605 1761 1780 1764 1784
          606 607 2486 1762 1769 1777
          608 1782 1788 1760 1786 1779
          609 610 611 612 613 614
          2487 615 616 1753 2485 1720
          617 618 619 1775 620 1781
          1796 1792 621 1799 622 1787
          623 1790 1795 1804 2470 624
          1785 2490 625 626 1798 627
          1802 1791 1794 628 629 1800
          2492 1808 630 631 1809 632
          1700 1811 1776 2489 1812 633
          634 1807 1723 1773 635 636
          637 1813 638 639 2488 640
          1806 1805 1793 1771 2399 1818
          641 642 1810 643 1817 644
          1819 645 646 1821 1789 1820
          647 1824 2495 2491 648 1823
          1825 1816 649 650 651 1797
          652 653 654 655 656 657
          658 659 660 1836 661 662
          1832 663 664 1838 665 666
          1828 1827 1833 667 1840 1835
          2494 668 669 670 671 672
          1846 1847 673 1845 674 675
          676 1848 677 678 1849 1815
          1844 679 680 681 682 683
          1839 684 1856 685 686 1830
          1850 1851 687 1843 1822 688
          1842 2499 1860 689 690 691
          692 1829 693 694 1862 1826
          1853 695 696 1867 1778 697
          698 1865 1834 699 1869 700
          1861 701 702 1872 703 704
          1875 705 1859 1855 706 1863
          2497 707 2500 708 709 1831
          1874 710 711 1879 1857 712
          713 714 715 1854 716 717
          718 2496 1868 2501 1864 1880
          1877 1858 719 720 1878 1883
          1873 1871 721 1886 722 723
          1889 724 725 1876 1881 1884
          726 727 728 1890 729 730
          731 2503 732 1893 733 734
          735 1900 736 1894 737 738
          1885 1897 1866 2502 1801 739
          740 1882 741 742 743 744
          745 746 2505 747 748 749
          1902 1837 1909 1911 750 751
          752 2498 1895 753 1903 1892
          754 755 756 757 1915 758
          759 2504 760 761 762 763
          1908 764 1913 1852 1910 765
          1814 766 767 768 769 1926
          1920 770 1888 771 1925 1921
          772 1918 1916 773 2512 1896
          1891 774 775 776 1919 777
          1803 1923 1898 1907 1899 1914
          778 779 780 781 782 783
          1934 1935 784 1928 785 786
          787 1901 788 789 1870 790
          791 792 1943 1933 1905 1936
          1904 1931 1940 1939 1938 1930
          1927 2508 793 1917 794 1941
          795 1942 2507 1944 796 1912
          797 798 1949 799 1946 2511
          800 1922 1906 1945 1950 801
          802 803 1952 804 805 1953
          2509 806 807 808 2506 809
          810 2510 1841 811 1958 1948
          812 813 814 1956 1924 815
          1961 1929 816 817 1965 1954
          818 819 1957 820 2493 821
          822 823 1971 1970 1959 1966
          1963 1783 824 825 826 2514
          1973 827 828 829 830 831
          1964 1975 1969 832 833 834
          1951 1962 835 1983 1967 836
          1979 837 838 839 840 841
          842 2520 843 844 2521 845
          846 847 848 849 1972 850
          851 1981 852 853 1996 1988
          854 1999 855 1985 856 1986
          857 858 1994 1982 2522 1989
          859 860 861 862 863 864
          865 2005 1997 1955 866 2010
          867 1932 868 869 870 2013
          1977 871 1992 872 873 1993
          874 1978 2004 1987 2519 2017
          2518 1980 2011 875 2000 876
          877 878 879 880 2009 881
          882 2021 2515 1887 883 2025
          2018 2020 2007 884 885 2015
          886 887 2525 888 2028 889
          2030 890 2032 891 2529 2528
          2026 2001 2008 892 2024 2016
          893 2022 894 2002 1995 895
          1937 2012 2033 896 2526 2036
          897 898 2023 1998 899 900
          2006 901 902 903 2027 2003
          2014 904 2043 905 2524 2040
          906 1960 2031 2039 907 2041
          908 909 910 911 2047 2523
          912 2029 2042 913 2049 914
          915 916 917 918 1984 919
          920 921 922 1947 2045 2516
          2058 2019 923 2517 924 925
          926 927 2035 2050 2061 928
          929 930 931 2530 932 933
          2063 2052 934 2067 935 1991
          2055 936 2072 937 2068 938
          2038 2060 2062 2537 939 940
          2076 2059 2054 941 2064 2527
          2070 942 2046 2531 943 2078
          2073 2536 2077 2071 944 945
          946 947 2065 2538 948 949
          2082 2044 950 951 1974 952
          953 954 955 956 957 958
          959 2075 2092 960 961 2079
          2089 2086 962 963 964 965
          2083 966 2093 2081 2056 967
          968 969 2091 2098 2100 970
          971 2535 2057 972 2099 973
          974 975 976 2096 2097 2094
          2541 977 978 2090 979 980
          981 982 2048 983 984 2107
          2532 2109 2114 985 986 987
          2534 2117 988 989 2103 2108
          2085 2084 2120 2112 2119 990
          2095 2106 2101 991 2105 2118
          2051 2513 992 2069 993 2087
          2123 2074 994 995 2104 996
          2122 2111 997 2126 1968 2034
          998 999 2121 1000 1001 1002
          1003 1004 1990 2125 1005 1006
          1007 2129 2102 1008 2539 1009
          1010 1011 2136 2138 2130 1012
          1013 1014 1015 1016 2137 2142
          1017 2131 2144 2542 2066 1018
          1019 1020 2140 1021 1022 1023
          1024 1025 1026 2153 1027 2146
          1028 1029 2128 1030 1031 2110
          2147 2143 2150 1032 2159 2158
          2157 1033 2145 1034 1035 1036
          1037 1038 2113 1039 2160 2037
          1040 1041 2148 2133 1042 2544
          2141 2149 1043 1044 1045 1046
          2161 1047 1048 1049 1050 1051
          2170 2176 1052 2164 1053 2549
          1054 2088 2115 1055 2152 2134
          1976 1056 1057 2169 2179 2163
          1058 1059 1060 2548 2175 1061
          1062 2178 1063 1064 1065 2182
          1066 2139 2545 1067 1068 2184
          1069 1070 2189 2180 1071 1072
          2181 2135 1073 2116 1074 1075
          1076 2172 1077 2194 1078 2171
          1079 2173 1080 1081 2188 1082
          1083 2165 1084 1085 2151 2201
          2185 1086 2551 2166 2127 2186
          2200 2198 1087 1088 1089 2202
          2156 2168 1090 1091 2550 1092
          2154 2174 1093 2207 2206 2193
          1094 1095 2547 1096 2183 1097
          2177 2080 1098 2167 1099 2556
          1100 2205 2214 1101 2555 2053
          1102 1103 2533 2197 1104 2195
          2217 1105 1106 1107 1108 1109
          2212 2211 2187 1110 1111 1112
          2554 2213 1113 2192 2221 2191
          2222 2218 2209 1114 1115 2540
          1116 1117 1118 1119 1120 1121
          1122 2232 1123 2230 2229 2208
          2220 1124 1125 1126 2216 2210
          1127 1128 2233 2228 1129 2162
          2224 1130 2234 2124 2225 2204
          1131 2558 2231 2559 1132 2227
          1133 2237 1134 2223 1135 2226
          2543 1136 1137 1138 2203 2219
          2243 2557 1139 2190 1140 1141
          1142 1143 1144 1145 1146 2244
          2553 2215 1147 1148 1149 2552
          2238 1150 1151 2249 1152 1153
          2242 1154 1155 1156 2257 1157
          2241 1158 2245 1159 2251 1160
          1161 1162 2199 1163 1164 2247
          1165 1166 2248 2264 1167 2235
          2196 2262 1168 1169 2269 2266
          2260 1170 2564 1171 2256 2258
          2239 1172 2270 1173 1174 2562
          2253 2568 1175 2261 2273 1176
          2271 2272 2567 2274 2252 1177
          1178 1179 1180 1181 1182 2276
          2240 2275 2254 2560 1183 1184
          1185 1186 2259 1187 2268 1188
          1189 1190 2287 1191 2563 2286
          2570 1192 2280 1193 2283 2571
          1194 1195 1196 2566 1197 1198
          1199 1200 2265 1201 2290 1202
          1203 1204 2569 2282 2289 2155
          1205 2292 1206 2546 1207 1208
          2279 2246 1209 2301 1210 2277
          2302 2296 1211 2291 1212 2574
          2561 2573 1213 2300 2132 1214
          1215 1216 2298 1217 2284 2263
          1218 2281 2297 2293 1219 2305
          1220 2588 1221 2304 2288 1222
          1223 1224 2294 2306 1225 1226
          2295 1227 1228 2317 1229 1230
          2303 2319 2314 2576 2316 2285
          2322 1231 2324 1232 1233 1234
          2278 1235 1236 1237 2326 1238
          2572 1239 1240 2330 2331 1241
          2310 2315 1242 2329 1243 2311
          1244 2318 2308 2320 2309 2577
          1245 1246 2332 2328 2333 2327
          1247 1248 1249 1250 2579 1251
          2340 2575 1252 1253 2323 2339
          1254 2346 1255 2338 1256 2321
          1257 2345 2337 1258 2335 2336
          2334 1259 1260 2267 2299 1261
          2255 2236 2313 2350 1262 2581
          1263 2348 1264 2307 2347 2312
          1265 2352 1266 2349 1267 1268
          2344 1269 2356 1270 2351 2578
          2358 2250 2565 1271 2325 2360
          2353 2343 1272 2355 1273 1274
          2363 1275 1276 2362 2361 1277
          1278 1279 1280 2341 2580 2357
          2368 2359 1281 2582 2354 2366
          2364 1282 1283 1284 2367 2369
          2365 2371 2372 1285 1286 1287
          2375 1288 1289 2370 2377 1290
          1291 2373 2379 2342 1292 1293
          1294 2381 2378 2380 1295 1296
          2376 2583 1297 2374 2382 2383
          2384 1298 2385
        </DataArray>
        <DataArray type="Int32" Name="upNodeId" format="ascii" RangeMin="40" RangeMax="2589">
          100 41 75 45 159 139
          76 54 40 128 43 55
          155 46 78 54 80 40
          66 79 71 83 222 185
          45 66 111 134 71 156
          46 267 156 41 93 52
          85 129 166 93 55 43
          102 80 76 52 98 133
          83 106 124 135 79 111
          88 75 126 159 85 153
          226 237 114 78 76 198
          112 100 152 120 124 88
          217 164 162 89 122 219
          127 107 94 89 134 108
          86 86 108 94 107 94
          179 125 181 125 102 460
          106 98 167 112 149 129
          115 115 141 120 222 113
          114 122 113 133 139 121
          121 132 127 189 151 561
          200 126 144 166 128 135
          132 160 144 162 523 246
          141 153 168 152 177 364
          173 174 228 149 661 229
          167 151 249 552 206 181
          189 174 160 155 180 168
          228 202 200 164 173 205
          180 179 206 229 198 172
          336 208 550 172 188 177
          185 287 552 179 221 194
          297 202 194 190 251 188
          300 203 190 221 232 319
          238 262 212 232 475 295
          205 217 223 273 203 208
          225 212 255 328 220 314
          246 219 223 266 600 244
          220 325 364 280 236 236
          306 225 398 226 238 259
          249 440 300 265 237 460
          407 244 248 266 251 274
          309 258 436 273 281 248
          277 809 255 259 310 267
          258 381 280 262 271 276
          294 272 279 295 265 301
          455 274 271 272 298 609
          312 293 276 336 289 328
          277 279 297 281 314 294
          436 313 453 289 287 344
          452 309 667 301 293 298
          310 304 332 304 345 306
          356 313 394 321 325 474
          321 523 450 312 363 675
          316 316 347 692 319 447
          338 326 350 379 398 326
          499 347 331 331 383 362
          390 332 338 470 352 363
          344 367 350 345 361 420
          459 438 381 352 391 356
          540 424 424 411 361 462
          403 445 376 469 407 362
          369 374 369 367 540 595
          374 391 430 397 481 470
          376 498 379 518 402 394
          429 383 472 455 393 390
          395 393 444 498 395 401
          444 402 600 422 454 397
          633 401 403 437 653 417
          426 501 437 484 445 657
          411 417 474 426 420 450
          462 429 634 428 422 458
          427 499 428 510 427 431
          430 461 431 489 438 451
          476 624 519 872 440 478
          458 479 550 473 471 451
          447 452 581 453 483 461
          535 457 510 454 472 501
          457 466 459 475 1258 469
          667 466 488 566 471 528
          549 476 484 473 479 491
          508 478 488 627 489 481
          486 483 491 485 485 486
          492 490 492 490 496 537
          500 572 496 506 517 500
          508 595 506 556 519 548
          581 525 511 511 548 589
          517 518 809 556 557 583
          528 535 525 527 589 554
          527 661 553 539 620 537
          539 692 543 742 563 568
          618 543 569 541 541 554
          557 553 587 549 585 597
          647 559 559 580 609 567
          561 594 569 623 563 619
          637 621 571 687 572 566
          634 608 567 568 571 587
          573 573 645 585 594 616
          591 746 638 580 583 619
          610 591 588 608 602 588
          597 610 614 616 911 626
          602 657 655 611 674 614
          673 645 635 750 635 633
          637 653 611 952 623 624
          773 642 620 701 618 648
          621 673 642 648 644 626
          627 643 751 638 668 640
          660 717 710 677 769 698
          675 647 640 700 643 654
          645 644 655 654 736 704
          652 652 665 743 674 659
          665 660 690 769 659 668
          671 687 710 713 681 739
          695 838 699 671 698 677
          722 746 696 704 682 681
          748 838 743 682 685 921
          685 690 917 1252 796 728
          696 703 756 711 695 707
          700 816 699 703 701 711
          713 707 758 727 708 708
          735 765 784 717 720 724
          781 750 754 720 765 748
          722 767 724 801 727 761
          729 728 729 736 739 740
          872 735 854 757 740 763
          795 791 742 744 744 751
          754 792 950 757 781 803
          763 756 783 785 761 770
          758 773 774 779 787 764
          803 764 767 797 919 770
          823 774 772 772 782 824
          794 782 783 786 779 902
          816 793 784 791 785 786
          787 792 900 903 796 797
          793 794 795 812 807 852
          801 866 811 859 807 849
          827 851 811 815 812 860
          832 823 815 852 897 827
          862 906 983 853 874 830
          824 836 846 846 853 830
          834 883 832 1049 834 847
          836 964 845 873 860 845
          864 866 863 863 864 847
          858 849 888 851 858 854
          881 1364 862 1048 861 876
          859 861 935 869 874 951
          869 877 949 896 887 876
          883 873 936 879 879 876
          877 881 899 886 900 916
          886 938 904 902 887 888
          899 1086 938 896 1049 897
          912 923 920 914 982 903
          911 906 913 904 912 1006
          940 923 921 999 945 916
          913 914 919 935 917 920
          930 927 946 933 927 940
          1013 934 1010 930 931 974
          931 933 945 934 949 936
          952 948 975 967 954 1099
          958 1077 946 967 948 953
          954 950 951 953 978 964
          958 996 980 1027 983 1096
          970 990 993 1033 970 1077
          986 979 1020 984 974 1146
          997 1236 975 978 980 990
          979 982 1046 996 984 990
          986 1014 991 991 1009 1003
          999 993 1007 997 1024 1039
          1035 1006 1022 1003 1040 1026
          1029 1009 1008 1014 1007 1008
          1010 1017 1013 1017 1015 1015
          1073 1020 1038 1029 1126 1037
          1022 1026 1024 1085 1027 1072
          1040 1033 1199 1035 1051 1095
          1244 1037 1061 1046 1083 1038
          1039 1045 1078 1059 1069 1045
          1057 1048 1051 1079 1059 1216
          1071 1055 1055 1056 1062 1056
          1057 1062 1084 1061 1133 1070
          1068 1070 1072 1082 1084 1068
          1069 1071 1079 1073 1089 1085
          1156 1094 1078 1083 1094 1082
          1108 1104 1088 1099 1154 1086
          1104 1088 1089 1095 1116 1140
          1098 1142 1140 1096 1098 1145
          1108 1167 1161 1167 1197 1121
          1119 1123 1131 1119 1116 1125
          1144 1185 1172 1179 1164 1174
          1121 1174 1149 1123 1139 1125
          1138 1137 1137 1126 1131 1180
          1141 1257 1180 1133 1160 1138
          1185 1160 1245 1141 1139 1143
          1142 1156 1143 1144 1145 1146
          1149 1153 1203 1153 1238 1181
          1360 1154 1161 1187 1162 1173
          1205 1183 1162 1164 1183 1615
          1170 1175 1218 1170 1186 1211
          1172 1184 1173 1175 1178 1178
          1270 1213 1179 1181 1194 1184
          1225 1187 1186 1198 1194 1198
          1207 1256 1226 1214 1206 1197
          1199 1218 1283 1205 1215 1203
          1222 1209 1229 1206 1444 1239
          1207 1209 1224 1211 1512 1213
          1215 1214 1216 1224 1219 1255
          1219 1225 1222 1254 1230 1243
          1230 1226 1229 1231 1234 1231
          1234 1236 1262 1237 1238 1240
          1237 1239 1249 1240 1244 1243
          1249 1259 1245 1252 1488 1255
          1325 1254 1279 1264 1256 1259
          1271 1308 1257 1258 1264 1262
          1266 1271 1274 1269 1266 1270
          1269 1342 1277 1275 1275 1273
          1273 1274 1293 1277 1278 1278
          1279 1283 1355 1303 1302 1299
          1351 1337 1385 1296 1304 1364
          1307 1351 1293 1296 1459 1299
          1304 1332 1306 1302 1512 1586
          1303 1306 1307 1344 1308 1314
          1315 1341 1326 1317 1314 1315
          1317 1321 1321 1325 1324 1338
          1339 1324 1485 1356 1326 1334
          1332 1339 1395 1377 1334 1390
          1337 1356 1345 1338 1405 1341
          1447 1345 1376 1342 1344 1346
          1346 1366 1354 1368 1354 1379
          1402 1399 1363 1442 1355 1359
          1382 1359 1400 1360 1363 1366
          1534 1376 1380 1411 1368 1371
          1371 1410 1386 1374 1374 1419
          1385 1404 1377 1379 1408 1380
          1382 1444 1386 1389 1403 1389
          1395 1420 1390 1403 1401 1402
          1447 1409 1421 1399 1442 1440
          1419 1400 1401 1404 1660 1405
          1408 1411 1413 1719 1409 1410
          1413 1416 1496 1420 1416 1425
          1421 1506 1440 1429 1425 1429
          1469 1615 1431 1435 1437 1466
          1505 1431 1441 1441 1514 1516
          1435 1454 1437 1465 1531 1458
          1454 1443 1443 1458 1606 1468
          1542 1477 1540 1568 1515 1482
          1460 1486 1459 1461 1559 1484
          1460 1465 1461 1469 1517 1474
          1502 1466 1468 1516 1477 1474
          1551 1501 1510 1494 1484 1499
          1567 1482 1515 1513 1594 1498
          1485 1551 1486 1488 1493 1510
          1494 1496 1493 1502 1548 1498
          1504 1527 1577 1499 1525 1506
          1501 1504 1517 1540 1505 1513
          1582 1597 1547 1543 1951 1516
          1531 1514 1524 1578 1556 1565
          1527 1687 1539 1524 1525 1541
          1538 1544 1752 1619 1546 1534
          1545 1606 1544 1553 1542 1553
          1555 1538 1539 1541 1547 1543
          1549 1546 1545 1548 1555 1586
          1549 1557 1557 1578 1569 1559
          1564 1556 1564 1562 1803 1585
          1589 1562 1565 1589 1568 1567
          1570 1569 1570 1582 1574 1632
          1574 1577 1594 1601 1683 1809
          1585 1593 1604 1588 1588 1612
          1777 1648 1613 1596 1593 1633
          1633 1614 1626 1601 1596 1600
          1597 1600 1613 1636 1610 1604
          1612 1626 1614 1966 1936 1628
          1611 1610 1611 1619 1704 1702
          1627 1781 1654 1620 1870 1620
          1632 1627 2070 1692 1699 1638
          1736 1628 1635 1705 1657 1671
          1638 1636 1635 1645 1645 1719
          1648 1798 1665 1667 1701 1661
          1673 1657 1976 1829 1654 1694
          1687 1697 1670 1750 1671 1660
          1682 1661 1761 1663 1787 1663
          1708 1665 1667 1670 1741 1672
          1749 1769 1672 1681 1673 1682
          1700 1681 1764 1724 1742 1714
          1685 1683 1685 1692 1706 1691
          1753 1718 1691 1694 1770 1697
          1705 1727 1702 1745 1703 1699
          1742 1700 1701 1703 1718 1704
          1714 1706 1708 1722 1717 1807
          1723 1717 1747 1760 1721 1744
          1721 1723 1730 1747 1740 1722
          1727 1724 1730 1768 1732 1732
          1789 1734 1734 1741 1739 1778
          1738 1736 1738 1754 1739 1740
          1744 1774 1753 1967 1745 1749
          1814 1847 1757 1750 1752 2039
          1754 1756 1756 1836 1757 1760
          1779 1775 1761 1764 1781 1790
          1768 1772 1867 1777 1769 1770
          1772 1804 1774 1850 1775 1778
          1786 1805 1779 1786 1922 2206
          1792 1815 1950 1825 1787 1789
          2165 1790 1792 1844 1798 1830
          1894 1804 1904 1806 1803 1806
          1843 1837 1816 1805 1821 1807
          1903 1809 1838 1814 1824 1837
          1846 1862 1815 1816 1821 2002
          1827 1834 1953 1824 1848 1857
          1825 1827 1832 1829 1830 1834
          1832 1854 1843 1957 1836 1848
          1838 1839 1839 1842 1879 1842
          1844 1855 1846 1856 1847 1850
          1851 1854 1851 1853 1853 1855
          1863 1856 1857 1862 1883 2155
          1893 1866 1863 1866 1890 1939
          1867 1870 1938 1885 1879 1922
          1955 1883 2065 1884 1917 1898
          1880 1880 1884 1892 1913 1894
          1885 1890 1944 1911 1912 1899
          1892 1906 1893 1898 1932 1900
          1946 1899 1900 1914 1903 1982
          1936 1904 1906 1960 1911 1948
          1945 1925 1937 1912 1913 1914
          1917 1927 2021 1925 1960 1963
          1941 2036 1926 1928 2066 1926
          1927 1928 1932 2103 1933 1949
          1933 1937 1942 1940 1951 1938
          1939 1940 1941 1942 1944 1970
          1945 1946 1948 1962 1949 1950
          1953 1988 1957 1955 1956 1956
          1962 1984 2223 1977 2001 1965
          1963 1965 2128 1966 1967 1970
          2018 1981 1976 1990 1999 2392
          2043 2069 1977 1981 2101 1988
          1996 1982 1984 1989 1989 2089
          2006 2046 2000 1990 1996 1997
          2023 2000 2030 2015 1997 1999
          2022 2001 2002 2006 2024 2042
          2021 2043 2013 2047 2024 2122
          2065 2068 2013 2015 2142 2018
          2369 2136 2022 2028 2027 2047
          2023 2026 2030 2026 2027 2028
          2036 2038 2069 2052 2219 2075
          2061 2119 2038 2127 2039 2042
          2157 2137 2045 2045 2073 2046
          2052 2087 2058 2058 2157 2111
          2061 2107 2113 2143 2080 2059
          2059 2063 2154 2063 2083 2066
          2075 2127 2068 2074 2070 2103
          2073 2097 2100 2074 2079 2079
          2111 2087 2152 2080 2089 2083
          2093 2090 2124 2129 2180 2130
          2116 2090 2093 2096 2096 2097
          2247 2189 2164 2100 2187 2143
          2101 2107 2147 2155 2109 2171
          2113 2109 2122 2116 2292 2150
          2169 2126 2131 2282 2119 2129
          2130 2123 2123 2128 2168 2124
          2126 2135 2131 2136 2178 2140
          2159 2135 2242 2225 2161 2137
          2150 2140 2146 2152 2142 2145
          2145 2154 2207 2146 2147 2159
          2192 2213 2179 2179 2256 2178
          2261 2195 2185 2262 2162 2161
          2257 2162 2164 2212 2165 2168
          2185 2172 2169 2171 2191 2172
          2180 2243 2208 2188 2190 2235
          2184 2207 2184 2220 2224 2237
          2188 2187 2231 2219 2189 2190
          2191 2192 2195 2217 2206 2203
          2205 2228 2203 2216 2222 2224
          2225 2205 2228 2208 2331 2212
          2213 2222 2291 2217 2289 2216
          2497 2233 2227 2229 2220 2369
          2223 2291 2313 2238 2227 2296
          2262 2229 2231 2233 2304 2244
          2257 2235 2328 2237 2274 2238
          2242 2268 2268 2244 2243 2245
          2245 2247 2255 2255 2276 2377
          2285 2288 2276 2265 2521 2256
          2261 2336 2278 2320 2310 2265
          2328 2330 2496 2272 2302 2272
          2300 2303 2336 2304 2274 2298
          2278 2313 2331 2293 2282 2399
          2285 2289 2288 2360 2297 2350
          2320 2493 2292 2344 2302 2388
          2293 2300 2338 2296 2297 2298
          2310 2306 2303 2306 2309 2311
          2309 2316 2327 2317 2314 2311
          2318 2314 2319 2346 2316 2329
          2317 2318 2319 2329 2355 2327
          2381 2392 2436 2338 2376 2351
          2344 2330 2342 2401 2348 2401
          2367 2350 2366 2398 2451 2429
          2345 2342 2345 2410 2373 2346
          2348 2368 2351 2362 2355 2360
          2385 2371 2403 2407 2414 2399
          2418 2383 2362 2368 2366 2402
          2396 2494 2367 2371 2389 2373
          2391 2376 2379 2387 2382 2381
          2377 2379 2424 2382 2409 2388
          2383 2385 2405 2387 2415 2389
          2407 2391 2505 2396 2399 2456
          2458 2448 2398 2436 2402 2405
          2453 2403 2409 2473 2507 2427
          2498 2414 2426 2410 2415 2449
          2428 2421 2440 2418 2455 2425
          2421 2457 2483 2424 2430 2476
          2425 2426 2427 2428 2429 2430
          2432 2432 2442 2524 2448 2440
          2442 2465 2463 2451 2464 2445
          2445 2446 2462 2446 2449 2464
          2519 2453 2490 2456 2488 2455
          2489 2457 2459 2458 2459 2462
          2486 2481 2463 2465 2470 2470
          2477 2472 2541 2571 2472 2527
          2473 2476 2514 2485 2477 2479
          2479 2481 2506 2483 2503 2486
          2485 2501 2488 2511 2489 2490
          2493 2499 2518 2494 2496 2509
          2497 2498 2499 2501 2526 2503
          2548 2505 2529 2506 2507 2509
          2516 2511 2543 2514 2520 2545
          2516 2525 2518 2521 2519 2520
          2522 2522 2524 2536 2525 2526
          2527 2529 2535 2532 2532 2550
          2535 2556 2536 2541 2542 2549
          2554 2544 2545 2542 2543 2544
          2547 2547 2555 2548 2549 2550
          2554 2565 2557 2558 2555 2556
          2557 2558 2562 2569 2583 2562
          2565 2580 2566 2566 2569 2576
          2570 2570 2571 2575 2580 2577
          2575 2576 2577 2581 2584 2585
          2581 2583 2586 2584 2585 2586
          2588 2588 2589
        </DataArray>
        <DataArray type="Int32" Name="downNodeId" format="ascii" RangeMin="0" RangeMax="2588">
          0 1 2 3 4 5
          6 7 8 9 10 11
          12 13 14 15 16 17
          18 19 20 21 22 23
          24 25 26 27 28 29
          30 31 32 33 34 35
          36 37 38 39 40 41
          42 43 44 45 46 47
          48 49 50 51 52 53
          54 55 56 57 58 59
          60 61 62 63 64 65
          66 67 68 69 70 71
          72 73 74 75 76 77
          78 79 80 81 82 83
          84 85 86 87 88 89
          90 91 92 93 94 95
          96 97 98 99 100 101
          102 103 104 105 106 107
          108 109 110 111 112 113
          114 115 116 117 118 119
          120 121 122 123 124 125
          126 127 128 129 130 131
          132 133 134 135 136 137
          138 139 140 141 142 143
          144 145 146 147 148 149
          150 151 152 153 154 155
          156 157 158 159 160 161
          162 163 164 165 166 167
          168 169 170 171 172 173
          174 175 176 177 178 179
          180 181 182 183 184 185
          186 187 188 189 190 191
          192 193 194 195 196 197
          198 199 200 201 202 203
          204 205 206 207 208 209
          210 211 212 213 214 215
          216 217 218 219 220 221
          222 223 224 225 226 227
          228 229 230 231 232 233
          234 235 236 237 238 239
          240 241 242 243 244 245
          246 247 248 249 250 251
          252 253 254 255 256 257
          258 259 260 261 262 263
          264 265 266 267 268 269
          270 271 272 273 274 275
          276 277 278 279 280 281
          282 283 284 285 286 287
          288 289 290 291 292 293
          294 295 296 297 298 299
          300 301 302 303 304 305
          306 307 308 309 310 311
          312 313 314 315 316 317
          318 319 320 321 322 323
          324 325 326 327 328 329
          330 331 332 333 334 335
          336 337 338 339 340 341
          342 343 344 345 346 347
          348 349 350 351 352 353
          354 355 356 357 358 359
          360 361 362 363 364 365
          366 367 368 369 370 371
          372 373 374 375 376 377
          378 379 380 381 382 383
          384 385 386 387 388 389
          390 391 392 393 394 395
          396 397 398 399 400 401
          402 403 404 405 406 407
          408 409 410 411 412 413
          414 415 416 417 418 419
          420 421 422 423 424 425
          426 427 428 429 430 431
          432 433 434 435 436 437
          438 439 440 441 442 443
          444 445 446 447 448 449
          450 451 452 453 454 455
          456 457 458 459 460 461
          462 463 464 465 466 467
          468 469 470 471 472 473
          474 475 476 477 478 479
          480 481 482 483 484 485
          486 487 488 489 490 491
          492 493 494 495 496 497
          498 499 500 501 502 503
          504 505 506 507 508 509
          510 511 512 513 514 515
          516 517 518 519 520 521
          522 523 524 525 526 527
          528 529 530 531 532 533
          534 535 536 537 538 539
          540 541 542 543 544 545
          546 547 548 549 550 551
          552 553 554 555 556 557
          558 559 560 561 562 563
          564 565 566 567 568 569
          570 571 572 573 574 575
          576 577 578 579 580 581
          582 583 584 585 586 587
          588 589 590 591 592 593
          594 595 596 597 598 599
          600 601 602 603 604 605
          606 607 608 609 610 611
          612 613 614 615 616 617
          618 619 620 621 622 623
          624 625 626 627 628 629
          630 631 632 633 634 635
          636 637 638 639 640 641
          642 643 644 645 646 647
          648 649 650 651 652 653
          654 655 656 657 658 659
          660 661 662 663 664 665
          666 667 668 669 670 671
          672 673 674 675 676 677
          678 679 680 681 682 683
          684 685 686 687 688 689
          690 691 692 693 694 695
          696 697 698 699 700 701
          702 703 704 705 706 707
          708 709 710 711 712 713
          714 715 716 717 718 719
          720 721 722 723 724 725
          726 727 728 729 730 731
          732 733 734 735 736 737
          738 739 740 741 742 743
          744 745 746 747 748 749
          750 751 752 753 754 755
          756 757 758 759 760 761
          762 763 764 765 766 767
          768 769 770 771 772 773
          774 775 776 777 778 779
          780 781 782 783 784 785
          786 787 788 789 790 791
          792 793 794 795 796 797
          798 799 800 801 802 803
          804 805 806 807 808 809
          810 811 812 813 814 815
          816 817 818 819 820 821
          822 823 824 825 826 827
          828 829 830 831 832 833
          834 835 836 837 838 839
          840 841 842 843 844 845
          846 847 848 849 850 851
          852 853 854 855 856 857
          858 859 860 861 862 863
          864 865 866 867 868 869
          870 871 872 873 874 875
          876 877 878 879 880 881
          882 883 884 885 886 887
          888 889 890 891 892 893
          894 895 896 897 898 899
          900 901 902 903 904 905
          906 907 908 909 910 911
          912 913 914 915 916 917
          918 919 920 921 922 923
          924 925 926 927 928 929
          930 931 932 933 934 935
          936 937 938 939 940 941
          942 943 944 945 946 947
          948 949 950 951 952 953
          954 955 956 957 958 959
          960 961 962 963 964 965
          966 967 968 969 970 971
          972 973 974 975 976 977
          978 979 980 981 982 983
          984 985 986 987 988 989
          990 991 992 993 994 995
          996 997 998 999 1000 1001
          1002 1003 1004 1005 1006 1007
          1008 1009 1010 1011 1012 1013
          1014 1015 1016 1017 1018 1019
          1020 1021 1022 1023 1024 1025
          1026 1027 1028 1029 1030 1031
          1032 1033 1034 1035 1036 1037
          1038 1039 1040 1041 1042 1043
          1044 1045 1046 1047 1048 1049
          1050 1051 1052 1053 1054 1055
          1056 1057 1058 1059 1060 1061
          1062 1063 1064 1065 1066 1067
          1068 1069 1070 1071 1072 1073
          1074 1075 1076 1077 1078 1079
          1080 1081 1082 1083 1084 1085
          1086 1087 1088 1089 1090 1091
          1092 1093 1094 1095 1096 1097
          1098 1099 1100 1101 1102 1103
          1104 1105 1106 1107 1108 1109
          1110 1111 1112 1113 1114 1115
          1116 1117 1118 1119 1120 1121
          1122 1123 1124 1125 1126 1127
          1128 1129 1130 1131 1132 1133
          1134 1135 1136 1137 1138 1139
          1140 1141 1142 1143 1144 1145
          1146 1147 1148 1149 1150 1151
          1152 1153 1154 1155 1156 1157
          1158 1159 1160 1161 1162 1163
          1164 1165 1166 1167 1168 1169
          1170 1171 1172 1173 1174 1175
          1176 1177 1178 1179 1180 1181
          1182 1183 1184 1185 1186 1187
          1188 1189 1190 1191 1192 1193
          1194 1195 1196 1197 1198 1199
          1200 1201 1202 1203 1204 1205
          1206 1207 1208 1209 1210 1211
          1212 1213 1214 1215 1216 1217
          1218 1219 1220 1221 1222 1223
          1224 1225 1226 1227 1228 1229
          1230 1231 1232 1233 1234 1235
          1236 1237 1238 1239 1240 1241
          1242 1243 1244 1245 1246 1247
          1248 1249 1250 1251 1252 1253
          1254 1255 1256 1257 1258 1259
          1260 1261 1262 1263 1264 1265
          1266 1267 1268 1269 1270 1271
          1272 1273 1274 1275 1276 1277
          1278 1279 1280 1281 1282 1283
          1284 1285 1286 1287 1288 1289
          1290 1291 1292 1293 1294 1295
          1296 1297 1298 1299 1300 1301
          1302 1303 1304 1305 1306 1307
          1308 1309 1310 1311 1312 1313
          1314 1315 1316 1317 1318 1319
          1320 1321 1322 1323 1324 1325
          1326 1327 1328 1329 1330 1331
          1332 1333 1334 1335 1336 1337
          1338 1339 1340 1341 1342 1343
          1344 1345 1346 1347 1348 1349
          1350 1351 1352 1353 1354 1355
          1356 1357 1358 1359 1360 1361
          1362 1363 1364 1365 1366 1367
          1368 1369 1370 1371 1372 1373
          1374 1375 1376 1377 1378 1379
          1380 1381 1382 1383 1384 1385
          1386 1387 1388 1389 1390 1391
          1392 1393 1394 1395 1396 1397
          1398 1399 1400 1401 1402 1403
          1404 1405 1406 1407 1408 1409
          1410 1411 1412 1413 1414 1415
          1416 1417 1418 1419 1420 1421
          1422 1423 1424 1425 1426 1427
          1428 1429 1430 1431 1432 1433
          1434 1435 1436 1437 1438 1439
          1440 1441 1442 1443 1444 1445
          1446 1447 1448 1449 1450 1451
          1452 1453 1454 1455 1456 1457
          1458 1459 1460 1461 1462 1463
          1464 1465 1466 1467 1468 1469
          1470 1471 1472 1473 1474 1475
          1476 1477 1478 1479 1480 1481
          1482 1483 1484 1485 1486 1487
          1488 1489 1490 1491 1492 1493
          1494 1495 1496 1497 1498 1499
          1500 1501 1502 1503 1504 1505
          1506 1507 1508 1509 1510 1511
          1512 1513 1514 1515 1516 1517
          1518 1519 1520 1521 1522 1523
          1524 1525 1526 1527 1528 1529
          1530 1531 1532 1533 1534 1535
          1536 1537 1538 1539 1540 1541
          1542 1543 1544 1545 1546 1547
          1548 1549 1550 1551 1552 1553
          1554 1555 1556 1557 1558 1559
          1560 1561 1562 1563 1564 1565
          1566 1567 1568 1569 1570 1571
          1572 1573 1574 1575 1576 1577
          1578 1579 1580 1581 1582 1583
          1584 1585 1586 1587 1588 1589
          1590 1591 1592 1593 1594 1595
          1596 1597 1598 1599 1600 1601
          1602 1603 1604 1605 1606 1607
          1608 1609 1610 1611 1612 1613
          1614 1615 1616 1617 1618 1619
          1620 1621 1622 1623 1624 1625
          1626 1627 1628 1629 1630 1631
          1632 1633 1634 1635 1636 1637
          1638 1639 1640 1641 1642 1643
          1644 1645 1646 1647 1648 1649
          1650 1651 1652 1653 1654 1655
          1656 1657 1658 1659 1660 1661
          1662 1663 1664 1665 1666 1667
          1668 1669 1670 1671 1672 1673
          1674 1675 1676 1677 1678 1679
          1680 1681 1682 1683 1684 1685
          1686 1687 1688 1689 1690 1691
          1692 1693 1694 1695 1696 1697
          1698 1699 1700 1701 1702 1703
          1704 1705 1706 1707 1708 1709
          1710 1711 1712 1713 1714 1715
          1716 1717 1718 1719 1720 1721
          1722 1723 1724 1725 1726 1727
          1728 1729 1730 1731 1732 1733
          1734 1735 1736 1737 1738 1739
          1740 1741 1742 1743 1744 1745
          1746 1747 1748 1749 1750 1751
          1752 1753 1754 1755 1756 1757
          1758 1759 1760 1761 1762 1763
          1764 1765 1766 1767 1768 1769
          1770 1771 1772 1773 1774 1775
          1776 1777 1778 1779 1780 1781
          1782 1783 1784 1785 1786 1787
          1788 1789 1790 1791 1792 1793
          1794 1795 1796 1797 1798 1799
          1800 1801 1802 1803 1804 1805
          1806 1807 1808 1809 1810 1811
          1812 1813 1814 1815 1816 1817
          1818 1819 1820 1821 1822 1823
          1824 1825 1826 1827 1828 1829
          1830 1831 1832 1833 1834 1835
          1836 1837 1838 1839 1840 1841
          1842 1843 1844 1845 1846 1847
          1848 1849 1850 1851 1852 1853
          1854 1855 1856 1857 1858 1859
          1860 1861 1862 1863 1864 1865
          1866 1867 1868 1869 1870 1871
          1872 1873 1874 1875 1876 1877
          1878 1879 1880 1881 1882 1883
          1884 1885 1886 1887 1888 1889
          1890 1891 1892 1893 1894 1895
          1896 1897 1898 1899 1900 1901
          1902 1903 1904 1905 1906 1907
          1908 1909 1910 1911 1912 1913
          1914 1915 1916 1917 1918 1919
          1920 1921 1922 1923 1924 1925
          1926 1927 1928 1929 1930 1931
          1932 1933 1934 1935 1936 1937
          1938 1939 1940 1941 1942 1943
          1944 1945 1946 1947 1948 1949
          1950 1951 1952 1953 1954 1955
          1956 1957 1958 1959 1960 1961
          1962 1963 1964 1965 1966 1967
          1968 1969 1970 1971 1972 1973
          1974 1975 1976 1977 1978 1979
          1980 1981 1982 1983 1984 1985
          1986 1987 1988 1989 1990 1991
          1992 1993 1994 1995 1996 1997
          1998 1999 2000 2001 2002 2003
          2004 2005 2006 2007 2008 2009
          2010 2011 2012 2013 2014 2015
          2016 2017 2018 2019 2020 2021
          2022 2023 2024 2025 2026 2027
          2028 2029 2030 2031 2032 2033
          2034 2035 2036 2037 2038 2039
          2040 2041 2042 2043 2044 2045
          2046 2047 2048 2049 2050 2051
          2052 2053 2054 2055 2056 2057
          2058 2059 2060 2061 2062 2063
          2064 2065 2066 2067 2068 2069
          2070 2071 2072 2073 2074 2075
          2076 2077 2078 2079 2080 2081
          2082 2083 2084 2085 2086 2087
          2088 2089 2090 2091 2092 2093
          2094 2095 2096 2097 2098 2099
          2100 2101 2102 2103 2104 2105
          2106 2107 2108 2109 2110 2111
          2112 2113 2114 2115 2116 2117
          2118 2119 2120 2121 2122 2123
          2124 2125 2126 2127 2128 2129
          2130 2131 2132 2133 2134 2135
          2136 2137 2138 2139 2140 2141
          2142 2143 2144 2145 2146 2147
          2148 2149 2150 2151 2152 2153
          2154 2155 2156 2157 2158 2159
          2160 2161 2162 2163 2164 2165
          2166 2167 2168 2169 2170 2171
          2172 2173 2174 2175 2176 2177
          2178 2179 2180 2181 2182 2183
          2184 2185 2186 2187 2188 2189
          2190 2191 2192 2193 2194 2195
          2196 2197 2198 2199 2200 2201
          2202 2203 2204 2205 2206 2207
          2208 2209 2210 2211 2212 2213
          2214 2215 2216 2217 2218 2219
          2220 2221 2222 2223 2224 2225
          2226 2227 2228 2229 2230 2231
          2232 2233 2234 2235 2236 2237
          2238 2239 2240 2241 2242 2243
          2244 2245 2246 2247 2248 2249
          2250 2251 2252 2253 2254 2255
          2256 2257 2258 2259 2260 2261
          2262 2263 2264 2265 2266 2267
          2268 2269 2270 2271 2272 2273
          2274 2275 2276 2277 2278 2279
          2280 2281 2282 2283 2284 2285
          2286 2287 2288 2289 2290 2291
          2292 2293 2294 2295 2296 2297
          2298 2299 2300 2301 2302 2303
          2304 2305 2306 2307 2308 2309
          2310 2311 2312 2313 2314 2315
          2316 2317 2318 2319 2320 2321
          2322 2323 2324 2325 2326 2327
          2328 2329 2330 2331 2332 2333
          2334 2335 2336 2337 2338 2339
          2340 2341 2342 2343 2344 2345
          2346 2347 2348 2349 2350 2351
          2352 2353 2354 2355 2356 2357
          2358 2359 2360 2361 2362 2363
          2364 2365 2366 2367 2368 2369
          2370 2371 2372 2373 2374 2375
          2376 2377 2378 2379 2380 2381
          2382 2383 2384 2385 2386 2387
          2388 2389 2390 2391 2392 2393
          2394 2395 2396 2397 2398 2399
          2400 2401 2402 2403 2404 2405
          2406 2407 2408 2409 2410 2411
          2412 2413 2414 2415 2416 2417
          2418 2419 2420 2421 2422 2423
          2424 2425 2426 2427 2428 2429
          2430 2431 2432 2433 2434 2435
          2436 2437 2438 2439 2440 2441
          2442 2443 2444 2445 2446 2447
          2448 2449 2450 2451 2452 2453
          2454 2455 2456 2457 2458 2459
          2460 2461 2462 2463 2464 2465
          2466 2467 2468 2469 2470 2471
          2472 2473 2474 2475 2476 2477
          2478 2479 2480 2481 2482 2483
          2484 2485 2486 2487 2488 2489
          2490 2491 2492 2493 2494 2495
          2496 2497 2498 2499 2500 2501
          2502 2503 2504 2505 2506 2507
          2508 2509 2510 2511 2512 2513
          2514 2515 2516 2517 2518 2519
          2520 2521 2522 2523 2524 2525
          2526 2527 2528 2529 2530 2531
          2532 2533 2534 2535 2536 2537
          2538 2539 2540 2541 2542 2543
          2544 2545 2546 2547 2548 2549
          2550 2551 2552 2553 2554 2555
          2556 2557 2558 2559 2560 2561
          2562 2563 2564 2565 2566 2567
          2568 2569 2570 2571 2572 2573
          2574 2575 2576 2577 2578 2579
          2580 2581 2582 2583 2584 2585
          2586 2587 2588
        </DataArray>
        <DataArray type="Int32" Name="RegionSize" format="ascii" RangeMin="0" RangeMax="304">
          1 0 3 1 5 0
          1 0 0 7 0 0
          5 1 0 0 3 1
          1 2 0 0 1 3
          0 1 0 0 1 0
          1 7 4 0 0 0
          1 2 1 2 3 0
          2 2 0 0 5 1
          0 3 5 0 3 6
          1 1 0 5 0 0
          1 2 3 0 0 3
          1 0 2 2 2 0
          10 4 1 2 4 5
          2 3 2 0 0 0
          0 0 3 0 1 1
          8 1 2 2 4 2
          0 0 26 0 0 0
          10 0 0 0 12 1
          0 0 0 1 5 5
          0 12 1 1 1 0
          6 4 3 2 1 3
          5 2 0 0 1 2
          5 1 0 2 0 0
          0 8 1 12 0 3
          7 0 0 1 0 46
          0 0 1 1 0 0
          2 4 0 0 7 1
          0 0 14 0 2 6
          45 1 0 0 12 0
          2 1 0 1 2 6
          13 30 1 0 1 1
          1 1 2 1 47 3
          0 2 13 7 11 0
          0 0 2 2 0 6
          1 2 14 3 23 0
          0 0 6 1 2 0
          0 19 0 0 25 0
          17 1 8 0 10 0
          1 4 1 1 7 0
          0 0 16 45 14 1
          0 0 0 0 2 0
          2 5 13 0 1 16
          0 2 0 9 0 0
          0 1 2 0 4 1
          2 28 14 9 0 1
          2 25 7 4 27 2
          0 1 0 5 6 17
          0 1 1 0 0 4
          4 24 4 0 0 11
          18 0 1 0 63 0
          1 0 6 0 9 8
          5 1 2 10 75 8
          2 0 4 0 8 1
          6 13 1 13 2 0
          1 8 13 0 4 2
          5 4 24 2 0 0
          2 0 14 0 1 0
          0 0 15 5 0 4
          0 0 99 1 14 2
          0 0 13 6 1 0
          0 23 1 1 0 2
          0 19 0 5 4 1
          0 0 9 6 7 0
          1 7 4 17 0 4
          0 1 2 1 3 0
          66 7 1 4 6 0
          6 3 0 0 19 12
          27 11 0 1 0 1
          0 0 0 0 1 2
          0 0 2 3 0 0
          0 0 1 2 0 2
          4 38 1 1 17 17
          0 1 6 2 0 0
          14 0 1 2 4 0
          2 0 0 0 0 0
          5 4 1 1 27 17
          0 8 0 35 16 16
          8 0 0 2 15 5
          0 15 0 0 9 18
          3 0 16 11 16 1
          0 2 0 1 0 2
          12 0 8 4 15 52
          26 0 0 0 29 0
          0 3 23 29 0 1
          1 0 15 0 3 0
          0 26 6 0 0 1
          0 24 24 1 2 3
          0 0 2 34 7 3
          0 0 1 9 1 0
          1 8 0 7 0 78
          0 33 1 19 0 0
          1 1 4 71 1 0
          1 69 69 0 4 2
          0 9 0 1 1 0
          0 0 0 0 3 52
          0 1 9 5 1 1
          0 1 1 0 1 0
          0 14 0 24 0 1
          12 1 0 40 15 2
          2 1 2 69 1 0
          0 1 65 12 1 1
          1 2 1 15 2 62
          4 2 0 3 2 4
          3 0 2 93 1 0
          16 0 10 49 2 0
          2 1 2 3 1 88
          0 0 20 2 17 0
          3 2 74 3 5 4
          5 0 0 4 54 2
          5 24 2 6 1 1
          40 0 0 0 0 37
          1 9 9 0 0 15
          0 2 36 0 0 15
          0 0 2 8 13 7
          0 5 19 24 5 0
          27 0 0 0 0 0
          30 7 0 6 3 68
          0 7 5 0 0 6
          43 1 2 64 0 0
          1 1 0 2 1 0
          7 5 35 6 29 2
          0 18 3 37 0 0
          0 0 7 35 10 0
          1 28 19 0 41 0
          43 1 8 1 1 1
          1 1 0 1 98 0
          0 22 7 1 1 21
          1 0 43 5 7 6
          0 0 41 0 76 64
          18 0 0 0 0 11
          5 0 11 1 3 11
          23 23 11 3 1 1
          29 4 4 151 0 41
          0 0 0 10 0 2
          0 2 1 1 0 0
          0 0 2 2 2 77
          9 6 10 0 2 1
          0 3 28 2 0 20
          0 1 18 7 43 2
          21 3 87 0 1 0
          1 1 0 0 0 3
          10 9 0 8 1 8
          23 25 50 12 0 0
          0 5 8 7 70 3
          1 0 5 0 1 4
          0 0 1 0 3 0
          0 2 0 62 1 103
          0 4 0 1 5 11
          96 11 0 0 1 0
          0 0 2 2 5 11
          0 0 1 2 62 2
          5 0 2 10 0 3
          23 2 40 1 4 5
          1 66 72 3 0 0
          9 0 11 39 1 2
          7 26 0 1 100 0
          1 0 5 0 9 6
          0 6 0 0 4 0
          24 23 3 8 7 94
          15 1 3 1 66 12
          0 0 0 1 42 6
          0 0 1 1 38 1
          2 9 2 50 0 1
          0 8 7 0 17 15
          9 2 24 0 0 0
          14 12 1 12 0 0
          3 92 1 17 0 0
          0 19 0 0 2 7
          10 26 20 0 0 17
          10 25 0 29 2 0
          13 0 11 0 52 1
          1 30 4 8 2 2
          17 11 0 31 0 5
          17 43 3 1 1 0
          1 27 15 1 76 9
          9 12 0 0 0 7
          7 16 2 4 5 88
          17 0 0 0 1 0
          7 1 55 7 0 31
          3 0 1 0 1 6
          1 2 49 2 2 12
          55 0 18 34 0 1
          0 2 5 11 14 0
          40 12 1 1 2 0
          12 0 0 0 36 0
          4 0 0 3 1 0
          14 1 0 3 0 28
          1 37 0 6 16 0
          0 1 4 6 3 18
          2 2 4 4 0 38
          0 49 1 22 3 6
          55 1 3 19 5 1
          5 3 65 0 12 0
          3 1 0 36 59 28
          32 0 2 0 0 1
          8 0 13 31 1 37
          1 0 7 12 1 27
          2 12 17 0 55 28
          1 1 0 0 0 0
          14 0 0 0 39 51
          0 0 0 22 3 2
          10 1 0 2 9 6
          0 0 11 22 37 0
          0 49 0 1 0 0
          19 15 19 0 0 11
          7 36 1 0 7 0
          2 31 31 7 39 0
          0 1 13 61 6 0
          1 4 0 0 26 1
          47 2 20 0 31 0
          0 1 2 0 1 0
          66 9 0 57 1 3
          0 1 64 16 0 1
          6 13 2 2 0 134
          1 6 4 0 2 2
          0 1 0 3 4 1
          16 2 0 26 6 12
          12 28 12 0 16 28
          78 0 2 1 0 0
          20 46 0 14 0 0
          2 10 8 0 10 26
          50 2 0 1 0 1
          40 0 21 0 3 2
          2 1 0 4 42 0
          4 42 30 0 0 3
          0 5 0 1 1 25
          3 0 0 4 10 1
          9 71 2 2 11 2
          8 0 0 5 0 3
          41 0 5 1 1 7
          22 0 72 1 1 27
          52 0 0 43 0 0
          2 0 2 19 0 0
          0 16 0 14 5 2
          14 14 1 10 6 2
          32 17 0 40 0 0
          12 2 0 1 31 40
          3 3 1 86 0 0
          1 8 0 42 0 5
          0 150 0 6 2 1
          2 28 1 71 4 0
          5 3 3 3 1 0
          0 2 31 0 2 4
          3 24 3 27 1 0
          0 14 29 0 41 8
          5 0 0 0 18 0
          2 5 0 0 0 2
          21 2 3 13 5 0
          7 0 0 0 1 5
          24 1 2 0 65 0
          0 0 0 0 5 22
          11 6 0 2 5 0
          3 10 73 5 5 4
          0 4 0 0 2 0
          30 34 3 3 0 0
          1 9 0 0 0 0
          0 0 3 11 0 18
          1 4 1 12 57 1
          1 29 1 5 2 0
          0 1 52 12 4 2
          2 0 10 1 27 3
          0 5 19 53 4 0
          0 0 106 4 3 12
          2 1 0 1 31 1
          10 16 6 0 16 9
          6 1 0 31 3 0
          1 4 0 0 60 14
          0 1 30 6 37 0
          0 0 1 29 4 14
          52 12 0 0 9 8
          54 0 8 0 1 0
          4 14 12 0 0 0
          48 1 0 33 4 0
          26 3 0 2 0 0
          0 35 7 4 13 0
          0 0 1 3 39 0
          1 7 2 0 6 10
          0 4 0 15 1 0
          3 9 7 36 11 26
          0 0 3 0 4 1
          0 4 5 24 0 16
          2 2 0 0 0 16
          43 1 1 1 0 7
          0 8 0 2 4 3
          15 3 3 0 25 0
          0 0 0 0 27 0
          0 24 3 0 0 0
          10 2 8 1 0 9
          0 0 10 0 14 2
          5 0 0 0 3 6
          14 1 0 1 1 14
          3 8 0 9 16 5
          24 0 13 2 10 24
          0 1 11 45 0 0
          28 0 0 1 12 15
          10 3 6 0 3 27
          0 5 75 81 11 49
          3 2 3 0 0 21
          4 3 34 0 84 3
          9 0 2 0 28 0
          3 0 0 3 1 9
          2 21 0 74 2 1
          0 0 1 39 23 0
          0 1 5 28 2 1
          8 29 0 1 0 18
          0 0 2 7 20 0
          5 2 5 23 5 0
          21 5 13 0 8 33
          0 1 2 76 0 21
          0 23 7 54 1 5
          0 0 19 17 0 1
          7 26 9 4 73 3
          3 0 5 1 2 0
          0 0 53 0 0 1
          14 84 1 0 0 0
          9 0 0 42 5 1
          1 0 13 0 22 3
          0 15 25 2 29 1
          2 0 0 2 3 4
          13 0 2 45 0 2
          0 0 0 0 5 7
          16 4 31 2 0 0
          1 54 0 1 5 0
          0 6 3 12 12 0
          14 0 16 0 10 2
          13 10 0 5 0 18
          73 5 6 1 6 1
          3 33 8 20 46 24
          1 0 97 0 3 30
          11 0 7 36 3 1
          0 20 9 0 48 3
          0 1 2 4 33 0
          0 0 0 1 6 23
          0 16 0 75 3 1
          0 0 36 0 0 1
          0 0 0 30 3 4
          15 6 14 0 0 5
          14 8 1 0 14 33
          37 0 6 0 5 0
          0 0 13 3 6 1
          0 3 8 0 0 0
          31 4 0 0 0 0
          40 2 2 1 0 0
          0 0 1 10 0 35
          0 4 13 0 5 8
          6 0 1 1 37 0
          0 0 2 26 72 0
          0 0 0 1 10 6
          3 6 17 0 0 35
          4 5 1 4 2 0
          1 17 0 8 0 6
          0 8 0 27 10 2
          9 2 2 8 17 0
          0 27 0 0 1 1
          10 1 38 2 0 0
          4 42 2 1 0 4
          1 19 1 0 0 0
          32 0 2 9 7 62
          0 0 8 0 7 1
          3 18 1 5 0 8
          0 13 20 1 4 13
          0 0 3 26 0 6
          71 3 0 1 1 1
          1 3 15 0 4 0
          30 0 2 2 7 18
          2 3 16 1 0 28
          0 3 1 0 0 1
          0 10 1 27 16 1
          13 0 6 0 19 22
          8 4 68 0 0 13
          0 0 6 3 0 4
          0 15 0 21 3 3
          1 28 3 5 0 16
          29 0 0 0 15 3
          0 14 0 41 0 0
          1 2 0 0 12 0
          44 4 1 1 0 20
          4 0 8 26 0 0
          0 0 2 0 28 0
          12 0 1 0 7 2
          0 0 30 0 0 5
          0 1 7 6 1 15
          14 23 1 0 0 0
          0 0 37 0 1 34
          1 0 1 1 0 0
          1 22 0 8 12 0
          0 5 15 42 3 0
          0 4 1 1 0 4
          3 11 77 16 0 1
          2 0 3 0 22 6
          0 0 10 0 19 5
          34 0 47 0 1 32
          0 0 2 8 0 0
          0 0 6 0 26 1
          0 2 2 35 1 5
          2 44 0 1 0 1
          1 20 1 18 1 0
          3 0 0 4 0 14
          4 4 4 29 0 4
          4 3 5 2 9 1
          1 0 52 23 0 12
          0 5 0 4 56 1
          1 0 17 5 1 0
          29 3 1 15 0 2
          7 9 3 8 10 1
          21 0 103 8 1 0
          1 1 0 2 10 0
          33 0 0 0 22 1
          8 25 2 0 0 18
          0 0 0 7 3 25
          0 0 2 5 3 19
          0 0 1 2 3 0
          2 31 0 0 18 34
          0 27 2 12 0 20
          0 1 16 0 4 13
          13 0 3 4 18 0
          1 6 4 8 0 29
          1 34 2 1 19 45
          0 23 1 10 0 2
          11 0 20 0 0 18
          32 0 10 0 5 18
          37 42 0 53 0 1
          66 0 0 69 0 0
          0 0 0 16 2 4
          77 2 0 4 34 4
          76 6 0 0 7 13
          2 6 112 0 0 0
          54 7 0 19 58 0
          0 23 17 77 0 0
          0 25 51 22 0 3
          0 53 0 5 1 75
          25 0 304
        </DataArray>
        <DataArray type="Float64" Name="RegionSpan" format="ascii" RangeMin="1" RangeMax="192.20040893554688">
          2 1 1.4142135381698608 2.2360680103302 1.4142135381698608 1
          2.8284270763397217 1 1 2.8284270763397217 1 1
          1.4142135381698608 1 1 1 1 1
          1 2 1 1 1 1
          1 1 1 1 1.4142135381698608 1.4142135381698608
          1 2 3.605551242828369 1 1 1
          1 2 2 1.4142135381698608 2.2360680103302 2
          2 2.8284270763397217 1 2 4.123105525970459 2
          1 2.2360680103302 1 1 1.4142135381698608 1
          2 2 1 1 1 1
          2.2360680103302 1 1 1.4142135381698608 1 2.8284270763397217
          3 1 2.2360680103302 1 1.4142135381698608 2.2360680103302
          2.8284270763397217 2 2 2.2360680103302 2 2
          1.4142135381698608 3 3 1.4142135381698608 1 2
          1 1.4142135381698608 1.4142135381698608 1.4142135381698608 3.1622776985168457 8.602325439453125
          2.8284270763397217 2.2360680103302 1 2 2.8284270763397217 2.2360680103302
          1 1 6.4031243324279785 1 1 1
          4.242640495300293 1.4142135381698608 1.4142135381698608 1 2.2360680103302 3.1622776985168457
          4 1 1 3.605551242828369 6.324555397033691 2
          2.8284270763397217 7.8102498054504395 1.4142135381698608 1 1 1
          4.123105525970459 8.9442720413208 2.2360680103302 2 4.123105525970459 3
          1.4142135381698608 3.1622776985168457 2.2360680103302 2 1.4142135381698608 1.4142135381698608
          10.630146026611328 3 1.4142135381698608 5.385164737701416 1 1
          1 7.280109882354736 1 18.384777069091797 1 1
          8.485280990600586 1 1.4142135381698608 2 1 13.03840446472168
          1 1.4142135381698608 3.1622776985168457 8.246211051940918 1 9.486832618713379
          2.2360680103302 1.4142135381698608 1 3.1622776985168457 4.242640495300293 1
          6 1 6.082762718200684 1 2.2360680103302 12.165525436401367
          15.132745742797852 1.4142135381698608 1 1 2 9
          3.1622776985168457 1 1 5.830951690673828 1.4142135381698608 4.123105525970459
          8.062257766723633 3 1.4142135381698608 1 1 3.1622776985168457
          1 1 5 1.4142135381698608 25.806976318359375 1
          1 2.2360680103302 7.8102498054504395 4.123105525970459 1.4142135381698608 1
          4.4721360206604 1 2 1 15 6.7082037925720215
          2 5.830951690673828 2 2 3.1622776985168457 1
          1 1 12.165525436401367 1 1 1.4142135381698608
          1 3 1 1.4142135381698608 13.416407585144043 2.2360680103302
          8.062257766723633 12.206555366516113 2.2360680103302 11.401754379272461 14.317821502685547 1
          1 1.4142135381698608 1 1.4142135381698608 29.73213768005371 1
          1 1 12.727922439575195 16.76305389404297 4.123105525970459 2.2360680103302
          1 1 1 1.4142135381698608 2 1.4142135381698608
          3.1622776985168457 3 5.656854152679443 3.1622776985168457 1 5.385164737701416
          1 1.4142135381698608 1 3.605551242828369 1 1
          1.4142135381698608 5.099019527435303 1 1 12.165525436401367 1.4142135381698608
          1 24.20743751525879 22.803508758544922 17.20465087890625 1 1
          1 18.248287200927734 8.485280990600586 2.2360680103302 12 1.4142135381698608
          13.03840446472168 14.03566837310791 1 17.8885440826416 7.071067810058594 14.866068840026855
          1 2 1.4142135381698608 1 1 2.2360680103302
          2.2360680103302 20.248456954956055 2.2360680103302 1 1.4142135381698608 14.866068840026855
          13 2 2.2360680103302 9.219544410705566 27.80287742614746 1.4142135381698608
          3 2.2360680103302 2.8284270763397217 1 5.099019527435303 4
          1.4142135381698608 1 1.4142135381698608 20.2237491607666 29.614185333251953 1
          24.083189010620117 2.2360680103302 2 1 27.294687271118164 1.4142135381698608
          2.2360680103302 29.546573638916016 1 2.2360680103302 1 1
          1 6.7082037925720215 23.0867919921875 1 1.4142135381698608 1.4142135381698608
          1.4142135381698608 4.4721360206604 27.73084831237793 1 1 1
          20.39607810974121 1 14.866068840026855 1 1 1
          1.4142135381698608 1 5 36.24913787841797 1 13.416407585144043
          1 1 10 1 2 1.4142135381698608
          1 1 23.706539154052734 2.2360680103302 1.4142135381698608 1
          1 38.910152435302734 2 14.21267032623291 2 2
          1 5 1 3 2.2360680103302 1
          1 1 40.71854782104492 3.1622776985168457 28.65309715270996 1
          1.4142135381698608 15 2.2360680103302 2.2360680103302 1 3.605551242828369
          1 1.4142135381698608 1.4142135381698608 2 3.1622776985168457 1
          15.81138801574707 28.42534065246582 2 1 4.123105525970459 2.2360680103302
          3.1622776985168457 5 2.8284270763397217 1 4.4721360206604 2.2360680103302
          29.154760360717773 4.123105525970459 1 2 1 3.1622776985168457
          1 1 1 2.2360680103302 1 2
          1 1 1.4142135381698608 2 1.4142135381698608 1
          2 1 1 1 32.31098937988281 1
          57.706153869628906 29.154760360717773 12.041594505310059 1.4142135381698608 24.083189010620117 2.2360680103302
          1 1 2.8284270763397217 2 2 2
          36.68787384033203 1 2.8284270763397217 2 2.2360680103302 1
          20.51828384399414 1 1 8 1.4142135381698608 1
          1 5 2.2360680103302 17.262676239013672 8.602325439453125 2.2360680103302
          1 6.082762718200684 18.973665237426758 35.11410140991211 2.2360680103302 2
          4.242640495300293 1 1 1 10.440306663513184 2
          1 2 2.2360680103302 7.6157732009887695 38.470767974853516 10.049875259399414
          1.4142135381698608 10.630146026611328 4.242640495300293 3.1622776985168457 5 17.0880069732666
          1.4142135381698608 29.27456283569336 1 32.015621185302734 2.2360680103302 20
          39.20458984375 1 10.440306663513184 17.8885440826416 19.92485809326172 9.219544410705566
          58.898216247558594 1 1 1 26.832815170288086 1
          2 2.2360680103302 23.76972770690918 7.6157732009887695 1 1
          2 1 68.00735473632812 1.4142135381698608 3.1622776985168457 1
          2.8284270763397217 24.698177337646484 1.4142135381698608 1 1 1.4142135381698608
          1 15.55634880065918 38.327537536621094 2 2.2360680103302 2.2360680103302
          1.4142135381698608 2.2360680103302 1 79.19596099853516 2.2360680103302 2.2360680103302
          2.2360680103302 1 1 2.2360680103302 2 1
          1 33.61547088623047 1 15.29705810546875 1 107.71257781982422
          2.8284270763397217 11.180339813232422 1.4142135381698608 45.607017517089844 1 1
          1 1.4142135381698608 2.2360680103302 11.401754379272461 1.4142135381698608 1
          2.2360680103302 21.840330123901367 18.601076126098633 1 18.384777069091797 4.242640495300293
          1 2.2360680103302 1 1.4142135381698608 1.4142135381698608 3.605551242828369
          1 1 8.9442720413208 20.02498435974121 18.11077117919922 10.29563045501709
          1 17.0880069732666 2.8284270763397217 34.525352478027344 1.4142135381698608 1.4142135381698608
          1 1 1.4142135381698608 1.4142135381698608 12.083045959472656 1.4142135381698608
          1 18.681541442871094 1 26.07680892944336 1 13.601470947265625
          119.85408020019531 2.2360680103302 1 28.160255432128906 3.1622776985168457 1
          24.698177337646484 3.1622776985168457 2.2360680103302 106.89247131347656 1 1
          2.8284270763397217 1 18.973665237426758 4.4721360206604 2 1
          2 1 5.099019527435303 3.1622776985168457 4.123105525970459 18.601076126098633
          2.2360680103302 2 2 2 32.015621185302734 3.1622776985168457
          39.623226165771484 3.605551242828369 4 16.401220321655273 1 2.2360680103302
          29.4108829498291 1 3.605551242828369 44.65422821044922 1 1
          1 1 1.4142135381698608 2.2360680103302 2.8284270763397217 3
          1 2.2360680103302 52.201534271240234 1 29.73213768005371 1
          8.062257766723633 57.00876998901367 34.438350677490234 6 1.4142135381698608 3.605551242828369
          59.16925048828125 1 1.4142135381698608 1.4142135381698608 26.248809814453125 2
          10 8.602325439453125 1.4142135381698608 4.242640495300293 1.4142135381698608 5
          10.770329475402832 1.4142135381698608 1 1 1 2.8284270763397217
          1 6.7082037925720215 7.071067810058594 1 1 73.00685119628906
          1 9.219544410705566 31.38471031188965 4.4721360206604 1 91.23595428466797
          1 1 1.4142135381698608 38.20994567871094 19.79899024963379 2.2360680103302
          1 7.071067810058594 2.2360680103302 5 1 1.4142135381698608
          80.62257385253906 1 2 1 1 2
          108.5587387084961 2 17.492855072021484 17.8885440826416 60 41.78516387939453
          1 2.2360680103302 4 1.4142135381698608 1 2
          8.485280990600586 1 2 148.5193634033203 1 2
          2 1.4142135381698608 1 57.28001403808594 1.4142135381698608 1
          116.76471710205078 3.1622776985168457 169.62310791015625 2 40 2
          1 123.9758071899414 147.9898681640625 172.24691772460938 1 1
          1 1.4142135381698608 3 14.764822959899902 24.1867733001709 1
          1 18.027755737304688 1.4142135381698608 1 25.806976318359375 3.605551242828369
          113.71894836425781 1.4142135381698608 3.1622776985168457 1.4142135381698608 2 1
          2 6.324555397033691 1 1 82.56512451171875 1
          6.082762718200684 1.4142135381698608 9.486832618713379 1 1.4142135381698608 133.05638122558594
          1 4.123105525970459 159.80613708496094 2.2360680103302 2 40.04996871948242
          1 9.848857879638672 4.123105525970459 1 51.400390625 8.9442720413208
          12.529964447021484 1 1 1 1 2.2360680103302
          2 2.2360680103302 169.0118408203125 1.4142135381698608 76.5375747680664 107.44766235351562
          189.20095825195312 144.46107482910156 5 1 2 17.464248657226562
          122.42957305908203 4.4721360206604 7.211102485656738 58.24946212768555 3 3.1622776985168457
          1 1 1 3.605551242828369 1.4142135381698608 2.8284270763397217
          1.4142135381698608 2.2360680103302 2.2360680103302 2.2360680103302 1 4.4721360206604
          1.4142135381698608 2 117.0042724609375 1.4142135381698608 2 1.4142135381698608
          4.123105525970459 3.1622776985168457 2.2360680103302 1 2.2360680103302 1.4142135381698608
          1 3.605551242828369 16.970561981201172 1.4142135381698608 1 119
          1 1 88.10221099853516 3.1622776985168457 29.73213768005371 1
          12.165525436401367 1.4142135381698608 13.601470947265625 1 10 1
          2 1.4142135381698608 1 1 1 180.34689331054688
          12.727922439575195 56.36488342285156 1 63.50590515136719 1 83.57032775878906
          3.605551242828369 3.605551242828369 108.46658325195312 5.385164737701416 1 1
          30.870698928833008 3.605551242828369 2 7.280109882354736 164.2010955810547 1.4142135381698608
          1 1.4142135381698608 2.2360680103302 1 1 2.2360680103302
          1 1.4142135381698608 1.4142135381698608 1.4142135381698608 71.02112579345703 1.4142135381698608
          12.041594505310059 16.124515533447266 1 95.07891082763672 1.4142135381698608 35.46829605102539
          1.4142135381698608 2.2360680103302 1 1 172.5340576171875 182.45547485351562
          191.84629821777344 4.4721360206604 1 1 2 1
          1 1 2.2360680103302 2.8284270763397217 2.2360680103302 90.13877868652344
          2.2360680103302 1 2.8284270763397217 87.132080078125 59.03388977050781 2.2360680103302
          4.123105525970459 1 2 2.2360680103302 1 8.9442720413208
          59.93329620361328 76.32168579101562 24.83948516845703 2.2360680103302 10 42.43819046020508
          2.2360680103302 9.219544410705566 43.27817153930664 3.1622776985168457 1 1.4142135381698608
          3.1622776985168457 1 3.1622776985168457 76.00657653808594 1 1.4142135381698608
          164.5022735595703 108.4066390991211 1 71 80.99382781982422 10.630146026611328
          21.40093421936035 1 2.2360680103302 1 3 2
          1 2.2360680103302 1 2 9.05538558959961 1
          9.219544410705566 73.34848022460938 69.35416412353516 36.055511474609375 13.45362377166748 3
          8.9442720413208 1.4142135381698608 2 1 8.9442720413208 2.8284270763397217
          1 1 1 1 94.5409927368164 3.1622776985168457
          1 1.4142135381698608 1 1 3.605551242828369 1
          1.4142135381698608 2 83.02409362792969 51.788028717041016 1 1.4142135381698608
          148.7346649169922 148.18907165527344 4.4721360206604 1 109.22454071044922 5
          47.423622131347656 2.2360680103302 147.18695068359375 1 1 1
          33.105892181396484 45 1 11.661903381347656 1 1
          1.4142135381698608 59.84145736694336 1.4142135381698608 19.209373474121094 1 1
          1 9.219544410705566 1.4142135381698608 1 104.04325866699219 80.04998779296875
          105.36128234863281 44.821868896484375 60.4400520324707 1 1 5
          3.605551242828369 111.0360336303711 1 29.96664810180664 1 1.4142135381698608
          24.083189010620117 1.4142135381698608 54.4058837890625 1 52.95280838012695 1.4142135381698608
          2.2360680103302 119.60350799560547 2.2360680103302 1.4142135381698608 1 2.2360680103302
          4.123105525970459 113.35784149169922 1 26.4007568359375 1 178.05897521972656
          192.20040893554688 13.416407585144043 2.2360680103302 2.2360680103302 2 1.4142135381698608
          1 129.6919403076172 11.180339813232422 1.4142135381698608 87.00574493408203 5
          4.123105525970459 1.4142135381698608 1 1.4142135381698608 1 33.60059356689453
          6.4031243324279785 25.45584487915039 1.4142135381698608 59.09314727783203 2 17.464248657226562
          4.242640495300293 1 1 1.4142135381698608 1 1
          16.76305389404297 20.39607810974121 50.20956039428711 22.022714614868164 1.4142135381698608 43.13930892944336
          2 1 1 4 5.830951690673828 32.75667953491211
          1 1 55.75840759277344 7.280109882354736 2.8284270763397217 69.52696990966797
          44.68780517578125 1.4142135381698608 10.816654205322266 33.12099075317383 1 1
          1 1.4142135381698608 6.7082037925720215 41.78516387939453 85.42247772216797 1
          80.4549560546875 4.242640495300293 1 1 1.4142135381698608 1
          12.041594505310059 1 1.4142135381698608 1 37.80211639404297 1
          2 1 1.4142135381698608 2 1.4142135381698608 1
          8.9442720413208 1 1 9 1 47.70744323730469
          1.4142135381698608 7 1 112.60550689697266 70.49113464355469 1
          1.4142135381698608 1 1.4142135381698608 43.104522705078125 2 108.57716369628906
          1 2 2 17.464248657226562 62.2414665222168 59.41380310058594
          3.1622776985168457 41.01219177246094 2 2.8284270763397217 39.11521530151367 59.61543273925781
          161.52398681640625 1.4142135381698608 2.2360680103302 136.23509216308594 2 1
          2.2360680103302 21.095022201538086 68.18357849121094 1 55.217750549316406 1
          1 1.4142135381698608 3.1622776985168457 70.34912872314453 2.2360680103302 7
          34.20526123046875 1 1.4142135381698608 8.246211051940918 1 1
          40.49691390991211 1 38.07886505126953 48.754486083984375 2 113.35784149169922
          2.2360680103302 1 87.32124328613281 35 4 49.19349670410156
          1.4142135381698608 32.202484130859375 52.63079071044922 2.2360680103302 89.94442749023438 50.93132781982422
          1.4142135381698608 1 1 1 1 1.4142135381698608
          48.764739990234375 1 1 1 43.416587829589844 24.75883674621582
          1 1 1 59.13543701171875 1.4142135381698608 2.2360680103302
          43.011627197265625 73.49829864501953 1 47.01063537597656 2.8284270763397217 18.601076126098633
          1 17.492855072021484 29.832868576049805 30.528675079345703 74.81310272216797 1
          3.605551242828369 53.00943374633789 1 1 2.2360680103302 1
          24.515300750732422 28.319604873657227 38.4837646484375 1 1 47.85394287109375
          14.560219764709473 50.15974426269531 1.4142135381698608 1 5.099019527435303 1.4142135381698608
          37.2155876159668 87.80091094970703 3 67.06713104248047 65.86349487304688 1
          1 1 72.01388549804688 97.6166000366211 2 1
          1 3.605551242828369 1.4142135381698608 1 9.848857879638672 1
          8.602325439453125 2.2360680103302 31.400636672973633 87.66413116455078 54.20331954956055 2.2360680103302
          1 1.4142135381698608 5.099019527435303 1 34.828147888183594 1.4142135381698608
          11.661903381347656 3.1622776985168457 1.4142135381698608 74.5184555053711 2.2360680103302 14.422204971313477
          1 21.40093421936035 21.095022201538086 79.05693817138672 1 114.01753997802734
          15.231546401977539 124.27791595458984 1.4142135381698608 1 1.4142135381698608 137.29530334472656
          1.4142135381698608 2.2360680103302 2.2360680103302 1.4142135381698608 2.2360680103302 1
          1 2.2360680103302 1 12.165525436401367 2.2360680103302 1.4142135381698608
          4.242640495300293 1.4142135381698608 1 6.7082037925720215 2.2360680103302 3.605551242828369
          37.64305877685547 42.04759216308594 13.45362377166748 1 59.03388977050781 34.539833068847656
          156.5407257080078 1 2.2360680103302 1.4142135381698608 1 1.4142135381698608
          2 96.02082824707031 1.4142135381698608 16.031219482421875 1 1
          1.4142135381698608 57.628116607666016 3.1622776985168457 1 21.40093421936035 29.546573638916016
          75.89466094970703 1.4142135381698608 1 2.2360680103302 1 1
          5 1 20 1 2 85.61541748046875
          1.4142135381698608 2.8284270763397217 1 90.62008666992188 38.01315689086914 1
          102.956298828125 4.123105525970459 50.990196228027344 1 1 1
          1 2.2360680103302 1.4142135381698608 1 167.83920288085938 131.71180725097656
          2.2360680103302 1.4142135381698608 1 27.166154861450195 86.46965026855469 1.4142135381698608
          2.2360680103302 65.52098846435547 8.062257766723633 1 2.2360680103302 1
          15.264337539672852 1 1 23.76972770690918 1.4142135381698608 1.4142135381698608
          43.011627197265625 1 4 106.94390869140625 1 74.6860122680664
          52.81098556518555 1 83.36066436767578 1 1.4142135381698608 11.180339813232422
          110.7519760131836 1.4142135381698608 1 3.1622776985168457 2 1
          2.2360680103302 1 2 61.55485534667969 1.4142135381698608 1.4142135381698608
          1 51.03919982910156 14.764822959899902 90.78546142578125 3.605551242828369 20.615528106689453
          140.68759155273438 28.319604873657227 1.4142135381698608 2 35 9.219544410705566
          10.630146026611328 83.35466766357422 1 13.45362377166748 1 1.4142135381698608
          60.406951904296875 2.2360680103302 1 2.8284270763397217 92.0869140625 61.09828186035156
          1 1.4142135381698608 1 109.62207794189453 1 1
          1 73.00685119628906 1 14.866068840026855 1.4142135381698608 3.1622776985168457
          1 55.44366455078125 1 2.8284270763397217 2.2360680103302 1
          1 55.154327392578125 3 4 2.2360680103302 1
          2.2360680103302 3.1622776985168457 3 2 1 1
          1 1 33.0151481628418 1 1.4142135381698608 2.2360680103302
          71.11962127685547 72.56720733642578 15.55634880065918 24.515300750732422 1 1.4142135381698608
          1 64.1248779296875 23.021728515625 1 21.954498291015625 25.961509704589844
          1.4142135381698608 1 1 1 9.899495124816895 1
          1 5.656854152679443 1 1 1 1.4142135381698608
          10.770329475402832 1.4142135381698608 13.45362377166748 25 17.20465087890625 1
          112.96902465820312 1 1 1 1 30.675724029541016
          26.4007568359375 1 3 1 32.015621185302734 1.4142135381698608
          1 2.2360680103302 1.4142135381698608 1 136.62356567382812 161.13658142089844
          4.123105525970459 3 1.4142135381698608 1 2.2360680103302 1
          4.123105525970459 145.9623260498047 50.990196228027344 2 2 1.4142135381698608
          1 3.1622776985168457 1 1.4142135381698608 1.4142135381698608 1.4142135381698608
          82.38932037353516 15.620499610900879 1.4142135381698608 2.2360680103302 1.4142135381698608 1
          1 9.848857879638672 1.4142135381698608 1 3.605551242828369 1
          1 1 70.00714111328125 69.18092346191406 3.1622776985168457 5
          3 12.041594505310059 9.486832618713379 25.317977905273438 68.00735473632812 1
          44.283180236816406 29.681644439697266 1 3.1622776985168457 1.4142135381698608 1
          1 78.49203491210938 74.79304504394531 2.2360680103302 2.8284270763397217 2.2360680103302
          1 1 34.13209533691406 1 123.56779479980469 51.97114562988281
          1.4142135381698608 22.135944366455078 149.090576171875 47.423622131347656 67.26811981201172 1
          1 1 15.033296585083008 2.8284270763397217 1 5
          7.071067810058594 2.2360680103302 1 1 44.92215347290039 1
          2.2360680103302 13.03840446472168 5.830951690673828 1 39.560081481933594 2
          2.8284270763397217 1.4142135381698608 1 5.385164737701416 11.045360565185547 1
          68.09552001953125 171.73526000976562 1 1 110.35397338867188 40.31128692626953
          1 1 71.84010314941406 2.2360680103302 5 1
          1 1.4142135381698608 67.60177612304688 80.7527084350586 3.1622776985168457 1.4142135381698608
          74.06078338623047 3.1622776985168457 1 1 3.1622776985168457 138.03260803222656
          152.3056182861328 1 2.2360680103302 1 1 1
          2.2360680103302 11.401754379272461 27.20294189453125 1.4142135381698608 1 1.4142135381698608
          6.082762718200684 5.099019527435303 1.4142135381698608 4.123105525970459 10.29563045501709 1
          31.14482307434082 2 1 1 1 1
          1 15.81138801574707 2 1.4142135381698608 85.70297241210938 1.4142135381698608
          1 1 1 3 173.9683837890625 1.4142135381698608
          1.4142135381698608 1 2.2360680103302 1 3.1622776985168457 15.524174690246582
          1 6.082762718200684 1 9.486832618713379 1 2.2360680103302
          1 3 25.942243576049805 53.5350341796875 19.416488647460938 23.0867919921875
          1 1 1 1 2.2360680103302 1
          1 7.6157732009887695 3.605551242828369 19.416488647460938 1 6.324555397033691
          3.1622776985168457 2 1 1.4142135381698608 1 28.861740112304688
          103.27632904052734 1.4142135381698608 2.8284270763397217 2 1 52.49761962890625
          1 36.359317779541016 20.808652877807617 43.104522705078125 9.433980941772461 6.324555397033691
          47.16990661621094 105.11898040771484 55.217750549316406 1.4142135381698608 172.53985595703125 1
          1 1 1.4142135381698608 1.4142135381698608 49.25444030761719 1
          1.4142135381698608 101.27191162109375 5 4.123105525970459 1 15.81138801574707
          14.21267032623291 79.62411499023438 140.4314727783203 1 1 15.264337539672852
          1 1 173.60011291503906 1 15.81138801574707 1.4142135381698608
          158.404541015625 1 3.1622776985168457 1 12.041594505310059 34.2344856262207
          19.92485809326172 1.4142135381698608 1.4142135381698608 1 46.86149978637695 119.20150756835938
          2.8284270763397217 6.082762718200684 1 150.01333618164062 135.1924591064453 3
          80.95059967041016 2 29.73213768005371 2.2360680103302 10.049875259399414 14.422204971313477
          1 1.4142135381698608 23.34523582458496 54.147945404052734 1 1
          83.86298370361328 1.4142135381698608 1 1.4142135381698608 26.62705421447754 73.00685119628906
          89.69392395019531 1 60.30754470825195 1 48.383880615234375 25.238859176635742
          1.4142135381698608 4.123105525970459 42.48529052734375 33.241539001464844 2 4
          1 1.4142135381698608 1 1 51.97114562988281 98.99494934082031
          2 73.55270385742188 49.658836364746094 1 44.59820556640625 1.4142135381698608
          2 1 1 1 55.90169906616211 1
          2.8284270763397217 1.4142135381698608 1 87.20664978027344 1.4142135381698608 145
          1.4142135381698608 55.73149871826172 1 59.203041076660156 1 1
          1 1 24.331050872802734 56.32051086425781 62.12889862060547 1
          1 1 1 116.7775650024414 1.4142135381698608 1
          102.17631530761719 27.294687271118164 1 42.20189666748047 1.4142135381698608 43.416587829589844
          1.4142135381698608 1 3.1622776985168457 2.2360680103302 21.02379608154297 1
          62.3939094543457 2.2360680103302 65.11528015136719 108.77959442138672 2.2360680103302 1
          91.7823486328125 6.324555397033691 57.070133209228516 1 67.36467742919922 134.97036743164062
          2.2360680103302 1.4142135381698608 44.18144226074219 30.149627685546875 1 36.2353401184082
          1.4142135381698608 18.11077117919922 50.48762130737305 45.12205505371094 1 2
          1.4142135381698608 1 48.3735466003418 39.560081481933594 1 1
          11.704699516296387 81 2.2360680103302 1 70.61161041259766 1
          1.4142135381698608 1 1.4142135381698608 1 1 1
          1 8.602325439453125 8.485280990600586 1 1 2
          10.29563045501709 9.219544410705566 2.2360680103302 1 1 1
          57.314918518066406 1 18.788293838500977 61.61168670654297 4.123105525970459 1.4142135381698608
          1.4142135381698608 1 3 1 49.24428939819336 1.4142135381698608
          1 121.07848358154297 80.77747344970703 2.2360680103302 16.031219482421875 1
          1.4142135381698608 1 1 80.52328491210938 145.8800811767578 59.43904495239258
          20.39607810974121 1 2.2360680103302 22.090721130371094 1 2.8284270763397217
          1.4142135381698608 1.4142135381698608 1.4142135381698608 1 3.1622776985168457 16.278820037841797
          51.62363815307617 5 55.71355438232422 1 1.4142135381698608 1
          13.45362377166748 72.00694274902344 1 1 17.8885440826416 64.14047241210938
          50.56678771972656 45.7055778503418 103.94229125976562 103.3247299194336 4.4721360206604 1
          5.099019527435303 2.2360680103302 49.97999572753906 1 52.39274597167969 44.59820556640625
          94.41397857666016 4.242640495300293 1 3.1622776985168457 1 120.76837158203125
          61.773780822753906 3 2.2360680103302 1 2.8284270763397217 1.4142135381698608
          46.40043258666992 52.32590103149414 1.4142135381698608 31.064449310302734 4.242640495300293 44.777225494384766
          2.2360680103302 1 44.04542922973633 1 2.2360680103302 5
          2 1 19.79899024963379 21.095022201538086 1 1.4142135381698608
          1 62.68173599243164 71.56116485595703 1 76.00657653808594 1
          1 1.4142135381698608 8.485280990600586 72.80110168457031 107.15409088134766 1
          1 1.4142135381698608 1 1.4142135381698608 172.72232055664062 132.01893615722656
          1 126.38433074951172 13.416407585144043 123.96773529052734 1.4142135381698608 1
          1 1 126.49110412597656 1.4142135381698608 1 1
          1 1 1 159.9312286376953 1.4142135381698608 165.0242462158203
          4.123105525970459 2 11.704699516296387 1 1.4142135381698608 2.8284270763397217
          122.4132308959961 5 13.601470947265625 1 57.245086669921875 113.86395263671875
          126.6214828491211 1 12.369317054748535 1 2 1
          1.4142135381698608 1 62.96824645996094 1.4142135381698608 34.98571014404297 92.57429504394531
          1 1 2.2360680103302 3.605551242828369 1 5.099019527435303
          21.02379608154297 4.123105525970459 1 1.4142135381698608 1 1
          12.083045959472656 2.2360680103302 1.4142135381698608 1 1 1
          1 2 1 28.44292449951172 1 27.658634185791016
          1 3.605551242828369 118.19052124023438 1 95 15.231546401977539
          96.00521087646484 1 1.4142135381698608 156.04165649414062 23.409399032592773 1.4142135381698608
          1 1 1 41.1096076965332 26.476404190063477 1
          1 1.4142135381698608 1.4142135381698608 1.4142135381698608 3 6.324555397033691
          2.2360680103302 21.587032318115234 99.74467468261719 1 1 112.60550689697266
          3 3.605551242828369 1 29.20616340637207 1 1
          15.264337539672852 83.21658325195312 1.4142135381698608 15.81138801574707 1 1.4142135381698608
          1 48.83646011352539 1 111.48542785644531 3.605551242828369 1.4142135381698608
          5.385164737701416 1.4142135381698608 1 2.2360680103302 106.53168487548828 1.4142135381698608
          1 65.0691909790039 1 1 4 96.25486755371094
          8.9442720413208 1.4142135381698608 13.03840446472168 3.1622776985168457 1.4142135381698608 2
          8.5440034866333 100.6578369140625 1 1.4142135381698608 1 50.447994232177734
          9.219544410705566 5.385164737701416 2 1.4142135381698608 86.97700500488281 1
          77.20103454589844 2 1.4142135381698608 58.728187561035156 149.11070251464844 25.495098114013672
          1 1 12.206555366516113 1 3 1
          3.605551242828369 4.123105525970459 1.4142135381698608 1.4142135381698608 1 30.01666259765625
          1 85.90692901611328 117.68601989746094 1.4142135381698608 32.557640075683594 65.03076171875
          1 1 38.327537536621094 109.123779296875 1 133.72360229492188
          54.58937454223633 2.2360680103302 1 1 1.4142135381698608 1
          3.1622776985168457 11.401754379272461 32.557640075683594 1 1.4142135381698608 1
          7.211102485656738 1 1.4142135381698608 2.2360680103302 107.62899017333984 14.866068840026855
          111.77208709716797 50.2493782043457 95.2680435180664 1 1.4142135381698608 156.89486694335938
          1 1.4142135381698608 1 1 1 2
          1 108.46658325195312 1 7.8102498054504395 2.2360680103302 6.324555397033691
          64.88451385498047 1 2 1 19.416488647460938 75.21302795410156
          2 2.2360680103302 72.02777099609375 1 1 2.2360680103302
          1.4142135381698608 1 2.2360680103302 3.605551242828369 3 2.2360680103302
          1 42.20189666748047 3 110.57124328613281 1.4142135381698608 5
          1.4142135381698608 8.5440034866333 1.4142135381698608 7.280109882354736 1 124
          20.51828384399414 1 1 1 99.29753112792969 54.5618896484375
          8.062257766723633 114.58621215820312 1 99.04039764404297 1 1
          1 2.2360680103302 1 1 3 29.154760360717773
          113.88591003417969 2.8284270763397217 2 1.4142135381698608 1 18.788293838500977
          2.8284270763397217 1 2 102.39140319824219 1.4142135381698608 1.4142135381698608
          2 1 1 1.4142135381698608 2.2360680103302 1
          5.830951690673828 1 1 1 23.853721618652344 1
          1.4142135381698608 1 60.20797348022461 1 1 3.605551242828369
          1 1 102.956298828125 3 1 2
          96.04165649414062 129.5569305419922 1 1 1.4142135381698608 5.830951690673828
          2.2360680103302 1.4142135381698608 146.01370239257812 1 3.1622776985168457 7.071067810058594
          1 1 1.4142135381698608 2 1 2.2360680103302
          1.4142135381698608 109.5627670288086 1 5 12.206555366516113 1
          116.07756042480469 134.0037384033203 32.31098937988281 156.20819091796875 3.1622776985168457 1
          1 1 1.4142135381698608 1 1 1.4142135381698608
          3.1622776985168457 17.029386520385742 142.17242431640625 2.8284270763397217 1 2
          2 1.4142135381698608 3 1 5 2.2360680103302
          1 1 119.8207015991211 1 4 140.132080078125
          137.8767547607422 1 135.62448120117188 1 5.099019527435303 27.459060668945312
          1 1.4142135381698608 1 5.099019527435303 1 1
          1.4142135381698608 1 111.52130126953125 1 95.48298645019531 1
          1 2 113.84638977050781 11.401754379272461 1 5.385164737701416
          1.4142135381698608 58.52349853515625 1.4142135381698608 8.246211051940918 1 1
          82.73451232910156 95.4620361328125 1 44.55333709716797 1 2
          19.416488647460938 64.53681182861328 1.4142135381698608 14.422204971313477 1 7.280109882354736
          3 33.541019439697266 2 52.63079071044922 8.485280990600586 3
          1.4142135381698608 1 60.81118392944336 1.4142135381698608 131.0343475341797 12.041594505310059
          1 5.099019527435303 37.48332977294922 12.041594505310059 1 12.206555366516113
          1 13.152946472167969 1 38.60051727294922 26 2.2360680103302
          1 1.4142135381698608 6 24.73863410949707 1.4142135381698608 1
          2 3.1622776985168457 1 146.48548889160156 1 1.4142135381698608
          144.7549591064453 36.22154235839844 40 30.01666259765625 147.25827026367188 29.068883895874023
          117.0469970703125 1.4142135381698608 41.231056213378906 4.123105525970459 1 1
          2.8284270763397217 1.4142135381698608 1.4142135381698608 1 2.2360680103302 1
          38.94868469238281 1 1 2.2360680103302 110.43550109863281 1.4142135381698608
          3.1622776985168457 112.36102294921875 1.4142135381698608 4.4721360206604 1 115.10430145263672
          1 130.4837188720703 6 120.76837158203125 4 7.6157732009887695
          1 1 108.22661590576172 41.231056213378906 8 139.84634399414062
          1 1 1 2 20.615528106689453 1
          37.64305877685547 121.82774353027344 1.4142135381698608 1.4142135381698608 40.024993896484375 6.324555397033691
          1 30.805843353271484 1 14.317821502685547 1 106.8877944946289
          1 2.2360680103302 118.3385009765625 1 38.01315689086914 148.35430908203125
          43.416587829589844 1 3 4.123105525970459 129.76902770996094 1
          16.6433162689209 114.73883056640625 108.46658325195312 115.52056121826172 1 114.38968658447266
          1 111.07205200195312 2 16.401220321655273 27.459060668945312 34.525352478027344
          1.4142135381698608 16.031219482421875 1 139.63523864746094 1 1
          40.31128692626953 1 113.71894836425781 1 16.552946090698242 145.4991455078125
          12.206555366516113 5 23.76972770690918 1 95.48298645019531 6.324555397033691
          112.05802154541016 8.5440034866333 1 139.78555297851562 1 1
          157.0127410888672 1 1 15.81138801574707 2 1
          1 1 1 29.832868576049805 127.12198638916016 34.78505325317383
          149.46571350097656 1.4142135381698608 1 120.70211029052734 115.108642578125 24.041629791259766
          138.19189453125 4.242640495300293 1 1 123.89108276367188 3.605551242828369
          23.0867919921875 112.00446319580078 126.49110412597656 1 1 1.4142135381698608
          4.4721360206604 2.2360680103302 1 136.48809814453125 4 1
          1 119.95415496826172 41.59326934814453 19.416488647460938 1 1.4142135381698608
          1 15.81138801574707 148.62704467773438 154.98387145996094 1.4142135381698608 1
          2 146.23953247070312 1 135.5175323486328 4.4721360206604 13.416407585144043
          21.3775577545166 1 31.38471031188965
        </DataArray>
      </CellData>
      <Points>
        <DataArray type="Float32" Name="Points" NumberOfComponents="3" format="ascii" RangeMin="1" RangeMax="224.1539649437413">
          52 87 0 52 89 0
          62 98 0 62 97 0
          67 108 0 66 107 0
          43 86 0 42 88 0
          38 72 0 39 73 0
          29 49 0 29 50 0
          19 44 0 21 42 0
          47 87 0 47 88 0
          63 106 0 63 105 0
          23 36 0 21 38 0
          59 97 0 60 97 0
          65 107 0 64 107 0
          30 11 0 31 12 0
          15 30 0 16 30 0
          117 148 0 116 148 0
          48 88 0 62 100 0
          62 99 0 63 104 0
          25 52 0 26 52 0
          45 89 0 43 89 0
          49 84 0 48 84 0
          57 93 0 57 92 0
          32 66 0 31 66 0
          21 48 0 21 49 0
          42 89 0 27 52 0
          31 13 0 31 14 0
          35 21 0 35 22 0
          47 85 0 110 133 0
          111 132 0 16 31 0
          119 150 0 117 150 0
          114 130 0 61 97 0
          110 149 0 109 149 0
          42 91 0 42 90 0
          53 93 0 53 92 0
          85 131 0 83 131 0
          106 144 0 106 142 0
          108 148 0 58 104 0
          60 104 0 21 41 0
          12 29 0 33 19 0
          33 17 0 56 92 0
          28 63 0 30 64 0
          18 37 0 17 37 0
          109 143 0 109 144 0
          32 14 0 47 86 0
          58 94 0 57 94 0
          39 74 0 52 92 0
          34 20 0 33 20 0
          106 137 0 105 139 0
          28 48 0 28 49 0
          50 92 0 51 92 0
          115 149 0 22 42 0
          103 142 0 105 140 0
          23 52 0 53 89 0
          113 148 0 111 149 0
          122 139 0 122 140 0
          16 36 0 85 138 0
          83 136 0 42 76 0
          40 76 0 81 129 0
          81 131 0 67 109 0
          23 42 0 76 125 0
          74 125 0 117 147 0
          46 89 0 62 102 0
          66 110 0 36 22 0
          55 92 0 54 90 0
          54 91 0 61 103 0
          103 152 0 105 150 0
          110 145 0 109 147 0
          38 89 0 39 89 0
          84 77 0 85 79 0
          31 64 0 11 29 0
          16 34 0 23 51 0
          52 90 0 82 131 0
          63 101 0 64 100 0
          66 102 0 65 103 0
          123 140 0 49 88 0
          23 43 0 49 89 0
          49 90 0 58 95 0
          118 146 0 43 96 0
          43 95 0 21 50 0
          21 51 0 156 135 0
          156 134 0 118 141 0
          22 40 0 106 140 0
          114 148 0 158 137 0
          159 138 0 98 141 0
          97 140 0 34 21 0
          107 145 0 108 145 0
          145 123 0 145 124 0
          117 144 0 117 145 0
          22 52 0 111 134 0
          110 134 0 157 136 0
          158 136 0 111 107 0
          110 107 0 21 52 0
          108 135 0 109 134 0
          155 134 0 155 132 0
          47 77 0 46 77 0
          42 95 0 88 131 0
          87 131 0 38 85 0
          39 86 0 118 142 0
          101 141 0 101 142 0
          105 149 0 110 106 0
          18 46 0 32 6 0
          47 82 0 48 83 0
          106 104 0 107 104 0
          18 47 0 18 48 0
          38 28 0 38 27 0
          155 131 0 41 93 0
          42 94 0 101 151 0
          79 130 0 100 150 0
          24 48 0 23 48 0
          112 153 0 112 152 0
          95 134 0 95 133 0
          54 85 0 54 86 0
          8 27 0 63 94 0
          62 94 0 109 153 0
          108 153 0 51 80 0
          49 81 0 106 145 0
          4 26 0 83 144 0
          84 143 0 89 132 0
          90 132 0 82 136 0
          118 143 0 32 4 0
          33 4 0 108 152 0
          108 150 0 46 79 0
          32 46 0 32 48 0
          47 80 0 80 126 0
          80 125 0 96 140 0
          73 125 0 23 32 0
          23 33 0 152 129 0
          152 130 0 95 151 0
          96 150 0 47 79 0
          83 133 0 146 124 0
          73 124 0 41 92 0
          24 62 0 43 34 0
          44 36 0 112 136 0
          112 135 0 109 106 0
          94 133 0 36 82 0
          37 83 0 86 79 0
          115 117 0 115 118 0
          97 150 0 50 83 0
          55 100 0 56 98 0
          51 78 0 51 79 0
          109 137 0 109 138 0
          107 105 0 107 106 0
          34 3 0 98 150 0
          51 82 0 100 141 0
          93 86 0 93 89 0
          95 138 0 95 139 0
          109 139 0 41 30 0
          40 29 0 72 124 0
          0 27 0 1 27 0
          113 141 0 113 142 0
          108 139 0 107 136 0
          114 143 0 114 142 0
          90 133 0 40 81 0
          39 80 0 42 31 0
          41 31 0 25 44 0
          24 44 0 105 103 0
          106 103 0 53 99 0
          54 99 0 19 30 0
          44 98 0 33 49 0
          78 130 0 108 106 0
          42 82 0 40 82 0
          27 43 0 26 44 0
          44 99 0 37 27 0
          36 26 0 116 136 0
          117 134 0 96 94 0
          98 95 0 38 80 0
          20 29 0 88 132 0
          61 92 0 59 93 0
          7 22 0 23 63 0
          92 133 0 30 59 0
          28 57 0 22 61 0
          23 61 0 136 155 0
          136 151 0 159 139 0
          130 145 0 129 144 0
          124 145 0 121 126 0
          120 126 0 38 81 0
          80 127 0 126 122 0
          125 122 0 35 43 0
          34 44 0 33 79 0
          34 81 0 35 82 0
          44 69 0 44 70 0
          22 59 0 44 37 0
          35 81 0 119 122 0
          119 121 0 57 89 0
          58 89 0 31 47 0
          147 0 0 146 1 0
          34 51 0 33 50 0
          25 22 0 25 23 0
          22 56 0 22 55 0
          125 145 0 114 154 0
          113 154 0 6 22 0
          23 57 0 22 57 0
          46 101 0 46 102 0
          116 132 0 117 131 0
          89 138 0 88 138 0
          118 155 0 118 154 0
          147 125 0 147 124 0
          33 70 0 34 70 0
          124 148 0 125 148 0
          100 97 0 101 98 0
          46 35 0 46 34 0
          119 134 0 118 134 0
          71 122 0 28 73 0
          29 75 0 116 119 0
          146 2 0 148 2 0
          148 1 0 5 22 0
          123 120 0 121 120 0
          4 22 0 72 119 0
          72 120 0 148 4 0
          23 26 0 22 28 0
          25 24 0 70 122 0
          134 152 0 133 152 0
          16 18 0 13 19 0
          96 136 0 27 57 0
          94 145 0 95 146 0
          23 66 0 24 68 0
          139 0 0 139 1 0
          147 5 0 147 6 0
          138 2 0 19 58 0
          20 59 0 133 150 0
          146 9 0 144 0 0
          144 1 0 154 130 0
          140 1 0 29 61 0
          70 88 0 67 89 0
          92 147 0 92 148 0
          122 5 0 124 1 0
          142 2 0 123 147 0
          42 33 0 92 149 0
          27 26 0 27 24 0
          118 133 0 118 119 0
          126 148 0 141 2 0
          136 150 0 46 103 0
          129 142 0 101 99 0
          96 146 0 114 115 0
          113 114 0 140 2 0
          141 0 0 123 150 0
          123 149 0 46 100 0
          119 120 0 120 135 0
          119 135 0 150 10 0
          149 10 0 31 75 0
          96 147 0 151 11 0
          27 76 0 27 75 0
          38 36 0 39 36 0
          156 14 0 154 16 0
          89 82 0 89 84 0
          92 150 0 6 35 0
          6 34 0 142 7 0
          142 5 0 133 1 0
          135 2 0 152 11 0
          148 126 0 149 126 0
          25 58 0 26 57 0
          30 75 0 128 144 0
          146 11 0 146 12 0
          145 5 0 87 80 0
          144 5 0 29 78 0
          30 78 0 33 30 0
          34 30 0 76 112 0
          76 114 0 68 121 0
          69 121 0 152 6 0
          135 152 0 12 48 0
          11 45 0 8 38 0
          9 37 0 153 6 0
          25 25 0 33 68 0
          111 139 0 112 139 0
          93 145 0 150 15 0
          71 113 0 143 33 0
          144 33 0 92 145 0
          50 104 0 49 104 0
          117 133 0 72 113 0
          45 40 0 153 16 0
          134 148 0 134 149 0
          149 128 0 18 56 0
          18 57 0 26 40 0
          27 39 0 131 121 0
          132 121 0 94 90 0
          45 41 0 144 122 0
          145 122 0 80 140 0
          81 141 0 76 115 0
          152 16 0 134 122 0
          1 33 0 3 32 0
          151 17 0 156 11 0
          155 11 0 74 113 0
          149 34 0 150 36 0
          125 121 0 96 157 0
          97 157 0 32 39 0
          34 38 0 30 27 0
          32 27 0 31 1 0
          31 2 0 91 153 0
          92 153 0 13 17 0
          14 17 0 153 0 0
          154 0 0 20 25 0
          19 26 0 40 38 0
          41 38 0 78 116 0
          77 116 0 128 126 0
          127 126 0 132 146 0
          133 147 0 76 130 0
          30 23 0 30 22 0
          134 5 0 134 124 0
          134 123 0 148 125 0
          126 129 0 126 128 0
          131 146 0 28 20 0
          29 20 0 157 135 0
          145 34 0 113 113 0
          26 16 0 27 16 0
          35 5 0 35 4 0
          146 35 0 133 6 0
          73 129 0 72 128 0
          99 135 0 99 136 0
          143 121 0 143 122 0
          49 71 0 48 70 0
          75 131 0 129 122 0
          130 122 0 8 17 0
          8 18 0 155 19 0
          155 18 0 151 36 0
          152 36 0 106 8 0
          107 5 0 136 121 0
          135 121 0 8 44 0
          10 43 0 28 21 0
          87 144 0 87 143 0
          153 36 0 150 128 0
          146 36 0 137 12 0
          135 135 0 133 139 0
          139 12 0 66 89 0
          126 126 0 125 1 0
          103 102 0 133 23 0
          134 21 0 154 34 0
          154 36 0 51 73 0
          51 71 0 117 159 0
          118 156 0 24 74 0
          25 74 0 26 18 0
          26 17 0 133 124 0
          121 0 0 121 1 0
          6 40 0 6 39 0
          2 38 0 3 38 0
          120 159 0 119 159 0
          126 133 0 127 134 0
          66 91 0 115 116 0
          137 15 0 119 126 0
          16 23 0 15 23 0
          152 34 0 152 35 0
          22 17 0 23 16 0
          124 128 0 67 126 0
          67 127 0 141 36 0
          142 35 0 130 128 0
          131 127 0 126 1 0
          14 57 0 15 58 0
          127 2 0 7 48 0
          127 135 0 128 150 0
          128 151 0 26 8 0
          26 9 0 140 33 0
          133 15 0 132 15 0
          101 101 0 128 0 0
          7 47 0 136 15 0
          23 15 0 24 15 0
          71 116 0 0 36 0
          0 37 0 130 133 0
          129 133 0 102 101 0
          132 126 0 14 51 0
          71 138 0 70 136 0
          14 52 0 120 11 0
          121 9 0 154 131 0
          8 5 0 8 6 0
          36 37 0 37 36 0
          136 17 0 136 16 0
          127 122 0 12 55 0
          12 56 0 131 15 0
          134 15 0 141 144 0
          141 146 0 129 151 0
          128 128 0 87 150 0
          88 149 0 134 12 0
          134 13 0 128 7 0
          140 29 0 139 29 0
          125 134 0 79 119 0
          79 118 0 128 149 0
          131 135 0 131 133 0
          132 140 0 64 121 0
          65 121 0 138 28 0
          129 132 0 1 44 0
          4 43 0 155 26 0
          153 26 0 39 42 0
          41 42 0 136 145 0
          136 146 0 139 33 0
          34 37 0 35 37 0
          90 84 0 127 8 0
          61 79 0 58 79 0
          135 20 0 135 140 0
          135 139 0 127 137 0
          126 137 0 158 34 0
          20 17 0 19 17 0
          48 46 0 49 45 0
          140 121 0 136 21 0
          38 61 0 38 62 0
          159 34 0 159 35 0
          51 111 0 52 111 0
          43 45 0 44 45 0
          119 125 0 14 7 0
          14 6 0 140 159 0
          139 158 0 131 140 0
          38 63 0 141 30 0
          72 93 0 70 93 0
          136 127 0 136 128 0
          48 44 0 49 44 0
          7 13 0 130 13 0
          130 131 0 7 12 0
          159 36 0 25 6 0
          25 7 0 14 5 0
          16 7 0 141 148 0
          132 135 0 112 0 0
          108 3 0 61 84 0
          60 84 0 8 8 0
          78 104 0 8 9 0
          140 27 0 152 26 0
          77 90 0 76 90 0
          135 130 0 136 130 0
          155 23 0 7 10 0
          36 64 0 5 11 0
          6 10 0 26 0 0
          28 1 0 137 128 0
          7 11 0 78 103 0
          95 93 0 142 153 0
          141 154 0 141 26 0
          56 74 0 56 72 0
          140 150 0 114 5 0
          111 6 0 101 7 0
          103 8 0 73 76 0
          73 75 0 8 53 0
          9 51 0 61 116 0
          62 115 0 129 13 0
          133 130 0 118 1 0
          117 0 0 72 75 0
          122 132 0 121 132 0
          58 121 0 57 121 0
          118 107 0 119 104 0
          12 12 0 12 13 0
          48 116 0 47 115 0
          137 143 0 46 111 0
          46 110 0 137 142 0
          143 24 0 145 24 0
          75 89 0 76 94 0
          76 93 0 75 93 0
          145 25 0 127 10 0
          144 145 0 144 144 0
          127 11 0 142 24 0
          70 73 0 58 126 0
          63 128 0 152 24 0
          152 25 0 146 26 0
          146 25 0 97 93 0
          145 23 0 77 92 0
          159 25 0 158 26 0
          74 89 0 147 44 0
          147 45 0 17 12 0
          17 13 0 56 121 0
          47 109 0 90 85 0
          47 111 0 147 24 0
          2 14 0 2 15 0
          139 135 0 107 4 0
          115 1 0 140 134 0
          59 122 0 15 10 0
          14 10 0 16 8 0
          156 48 0 152 46 0
          60 122 0 147 46 0
          119 102 0 55 72 0
          40 64 0 40 63 0
          113 8 0 114 8 0
          145 44 0 54 74 0
          93 126 0 91 127 0
          111 7 0 14 9 0
          146 132 0 144 133 0
          115 7 0 115 8 0
          70 134 0 127 24 0
          129 25 0 13 0 0
          14 0 0 99 92 0
          142 140 0 140 141 0
          76 100 0 117 11 0
          71 133 0 76 99 0
          1 9 0 0 12 0
          142 134 0 142 133 0
          46 53 0 47 50 0
          4 47 0 5 47 0
          144 135 0 143 134 0
          15 0 0 108 11 0
          108 10 0 61 121 0
          11 0 0 12 0 0
          115 4 0 86 87 0
          86 89 0 106 0 0
          107 0 0 86 91 0
          84 92 0 117 10 0
          47 113 0 47 112 0
          112 112 0 123 18 0
          124 19 0 102 2 0
          102 0 0 17 2 0
          17 3 0 54 49 0
          52 47 0 140 131 0
          140 132 0 100 11 0
          99 11 0 95 128 0
          95 129 0 98 90 0
          98 91 0 83 95 0
          40 20 0 40 21 0
          13 1 0 77 86 0
          77 87 0 8 57 0
          8 56 0 42 25 0
          41 25 0 86 122 0
          85 123 0 81 81 0
          79 81 0 101 0 0
          98 12 0 104 4 0
          124 20 0 130 33 0
          128 34 0 140 129 0
          141 129 0 134 35 0
          134 34 0 141 41 0
          141 40 0 60 73 0
          59 73 0 6 55 0
          7 55 0 6 0 0
          7 0 0 125 20 0
          60 70 0 59 71 0
          56 57 0 57 57 0
          60 56 0 59 56 0
          126 20 0 126 19 0
          76 152 0 77 151 0
          128 35 0 99 6 0
          98 6 0 0 6 0
          0 7 0 130 31 0
          122 155 0 122 154 0
          147 148 0 146 148 0
          22 7 0 23 6 0
          58 57 0 99 0 0
          99 1 0 51 117 0
          52 116 0 78 81 0
          77 83 0 109 15 0
          109 14 0 66 84 0
          67 86 0 0 53 0
          4 52 0 65 83 0
          64 83 0 85 96 0
          84 96 0 19 6 0
          55 56 0 8 60 0
          10 59 0 96 8 0
          96 10 0 20 5 0
          132 30 0 133 30 0
          43 56 0 44 55 0
          115 107 0 115 18 0
          116 14 0 110 15 0
          111 15 0 136 36 0
          137 35 0 114 12 0
          115 12 0 65 66 0
          64 67 0 81 154 0
          83 154 0 80 90 0
          112 15 0 80 91 0
          53 116 0 11 63 0
          12 62 0 63 67 0
          113 15 0 51 115 0
          152 49 0 150 49 0
          61 59 0 60 59 0
          55 55 0 48 56 0
          48 55 0 118 18 0
          118 17 0 42 109 0
          62 69 0 41 110 0
          18 79 0 18 78 0
          53 56 0 54 56 0
          90 123 0 91 123 0
          50 58 0 51 57 0
          18 81 0 18 80 0
          89 92 0 66 137 0
          67 137 0 89 93 0
          104 130 0 103 131 0
          14 71 0 14 70 0
          106 16 0 98 16 0
          97 16 0 87 110 0
          86 111 0 105 16 0
          39 110 0 40 110 0
          51 61 0 51 59 0
          94 0 0 95 0 0
          58 61 0 59 60 0
          83 86 0 83 88 0
          61 66 0 60 67 0
          150 141 0 150 142 0
          150 143 0 148 145 0
          148 146 0 56 117 0
          56 116 0 12 70 0
          13 71 0 104 16 0
          103 16 0 64 135 0
          64 134 0 120 21 0
          121 20 0 126 159 0
          125 159 0 63 133 0
          104 18 0 102 18 0
          96 0 0 100 18 0
          71 83 0 69 83 0
          49 57 0 45 59 0
          44 58 0 57 67 0
          59 66 0 103 23 0
          103 21 0 62 61 0
          62 60 0 113 101 0
          115 102 0 131 38 0
          132 38 0 105 17 0
          45 25 0 44 25 0
          101 131 0 102 131 0
          107 20 0 106 19 0
          8 159 0 1 159 0
          81 94 0 66 69 0
          65 69 0 55 63 0
          54 64 0 52 41 0
          51 41 0 87 102 0
          86 102 0 18 83 0
          18 82 0 150 144 0
          64 145 0 66 144 0
          102 91 0 101 91 0
          64 130 0 88 105 0
          87 104 0 97 1 0
          99 125 0 98 126 0
          150 139 0 150 140 0
          68 82 0 68 83 0
          87 100 0 86 100 0
          54 125 0 55 125 0
          102 132 0 53 64 0
          148 135 0 148 134 0
          124 35 0 121 25 0
          121 26 0 56 65 0
          57 65 0 53 118 0
          52 118 0 158 107 0
          157 106 0 100 132 0
          98 20 0 98 19 0
          154 110 0 152 112 0
          124 34 0 56 61 0
          7 68 0 8 68 0
          121 27 0 99 22 0
          100 22 0 122 24 0
          93 4 0 92 4 0
          99 128 0 99 127 0
          109 20 0 108 20 0
          90 2 0 91 3 0
          47 61 0 47 62 0
          36 110 0 37 109 0
          103 24 0 92 3 0
          103 25 0 92 5 0
          123 102 0 121 102 0
          8 69 0 89 0 0
          89 1 0 29 96 0
          30 95 0 40 52 0
          40 53 0 92 6 0
          93 17 0 9 70 0
          14 75 0 13 75 0
          92 16 0 92 8 0
          19 86 0 19 85 0
          67 143 0 19 95 0
          18 92 0 147 138 0
          146 139 0 67 142 0
          105 25 0 106 25 0
          103 26 0 36 108 0
          36 109 0 1 0 0
          0 1 0 49 120 0
          49 119 0 24 91 0
          25 90 0 19 87 0
          66 148 0 67 147 0
          24 95 0 23 93 0
          84 12 0 86 11 0
          114 25 0 115 24 0
          111 23 0 112 21 0
          69 73 0 122 31 0
          122 30 0 69 146 0
          103 27 0 105 88 0
          103 89 0 20 88 0
          18 91 0 19 90 0
          67 80 0 67 81 0
          151 114 0 56 19 0
          53 17 0 1 59 0
          1 58 0 90 17 0
          150 138 0 103 126 0
          102 126 0 92 112 0
          91 114 0 87 16 0
          88 17 0 89 17 0
          151 137 0 72 82 0
          73 81 0 108 126 0
          108 127 0 102 109 0
          102 110 0 84 17 0
          83 18 0 109 121 0
          106 122 0 23 100 0
          23 99 0 101 28 0
          82 17 0 110 99 0
          110 100 0 93 105 0
          92 107 0 101 29 0
          107 90 0 106 90 0
          23 98 0 85 16 0
          103 110 0 105 32 0
          105 30 0 101 109 0
          92 110 0 92 111 0
          92 108 0 91 108 0
          84 20 0 69 154 0
          86 20 0 86 19 0
          69 155 0 42 13 0
          41 13 0 128 107 0
          129 107 0 68 145 0
          28 94 0 29 93 0
          153 57 0 153 58 0
          88 99 0 24 97 0
          89 98 0 97 104 0
          97 103 0 83 21 0
          108 41 0 109 43 0
          74 80 0 86 8 0
          86 9 0 99 28 0
          99 27 0 62 138 0
          62 137 0 40 15 0
          39 15 0 121 36 0
          120 37 0 157 54 0
          156 55 0 45 20 0
          45 21 0 76 158 0
          77 158 0 156 106 0
          84 23 0 84 22 0
          86 24 0 85 25 0
          63 140 0 64 139 0
          105 90 0 104 90 0
          129 108 0 99 108 0
          55 130 0 56 130 0
          101 33 0 101 31 0
          152 59 0 103 120 0
          102 121 0 155 55 0
          126 109 0 53 131 0
          54 130 0 135 114 0
          137 114 0 158 51 0
          70 58 0 70 57 0
          158 52 0 155 144 0
          156 143 0 113 44 0
          114 42 0 101 121 0
          158 53 0 125 43 0
          125 42 0 0 158 0
          92 24 0 91 24 0
          67 79 0 30 105 0
          30 106 0 97 108 0
          96 108 0 155 146 0
          155 147 0 102 35 0
          102 34 0 131 159 0
          132 158 0 64 47 0
          61 48 0 67 78 0
          102 122 0 30 107 0
          32 104 0 149 117 0
          151 116 0 154 59 0
          153 59 0 153 55 0
          155 107 0 110 89 0
          109 89 0 104 42 0
          106 41 0 98 108 0
          52 16 0 52 19 0
          48 0 0 46 0 0
          54 0 0 54 1 0
          102 113 0 102 112 0
          89 26 0 90 26 0
          103 38 0 103 37 0
          101 38 0 101 37 0
          63 3 0 64 2 0
          91 29 0 93 28 0
          108 46 0 107 46 0
          99 36 0 100 35 0
          106 46 0 106 45 0
          60 48 0 58 3 0
          59 2 0 29 101 0
          28 101 0 153 122 0
          153 121 0 9 81 0
          10 81 0 116 41 0
          115 41 0 81 0 0
          82 0 0 55 1 0
          8 80 0 8 81 0
          107 113 0 108 113 0
          117 36 0 118 37 0
          60 1 0 89 27 0
          152 121 0 69 57 0
          89 28 0 105 45 0
          84 0 0 84 1 0
          26 102 0 63 51 0
          64 51 0 67 57 0
          114 41 0 87 29 0
          27 101 0 52 20 0
          118 41 0 156 151 0
          156 148 0 54 15 0
          53 16 0 26 105 0
          26 106 0 151 120 0
          61 49 0 110 112 0
          56 1 0 59 48 0
          108 45 0 64 52 0
          49 12 0 48 15 0
          98 106 0 98 105 0
          109 113 0 86 30 0
          28 111 0 29 110 0
          28 104 0 77 17 0
          126 113 0 127 114 0
          62 50 0 34 115 0
          35 114 0 109 44 0
          79 26 0 80 26 0
          76 18 0 65 1 0
          64 1 0 64 0 0
          104 113 0 103 113 0
          28 103 0 103 41 0
          78 25 0 77 25 0
          74 22 0 75 21 0
          97 113 0 96 113 0
          79 27 0 69 62 0
          67 64 0 63 0 0
          69 37 0 69 36 0
          79 28 0 68 36 0
          63 149 0 64 148 0
          109 98 0 55 38 0
          54 38 0 108 98 0
          67 56 0 112 35 0
          110 37 0 106 116 0
          106 117 0 70 61 0
          111 44 0 112 42 0
          82 7 0 82 8 0
          74 28 0 75 28 0
          64 37 0 63 37 0
          59 151 0 57 152 0
          50 1 0 56 22 0
          97 115 0 97 114 0
          69 34 0 71 32 0
          137 54 0 138 53 0
          57 32 0 57 31 0
          2 70 0 3 70 0
          56 23 0 68 40 0
          68 39 0 110 97 0
          63 36 0 56 31 0
          74 67 0 72 68 0
          159 104 0 79 0 0
          80 0 0 50 130 0
          51 130 0 111 96 0
          66 38 0 55 23 0
          77 11 0 0 156 0
          2 73 0 2 72 0
          155 153 0 155 152 0
          159 63 0 156 62 0
          77 10 0 98 82 0
          100 83 0 123 106 0
          122 106 0 67 27 0
          68 27 0 53 33 0
          53 32 0 58 33 0
          72 26 0 52 30 0
          51 31 0 88 36 0
          88 35 0 159 148 0
          158 149 0 71 27 0
          73 30 0 138 114 0
          57 11 0 57 9 0
          74 37 0 73 37 0
          94 41 0 95 41 0
          111 30 0 111 29 0
          90 35 0 89 35 0
          109 30 0 109 29 0
          80 67 0 80 65 0
          52 9 0 53 8 0
          52 26 0 53 25 0
          49 15 0 118 44 0
          118 43 0 69 28 0
          70 28 0 1 68 0
          1 65 0 125 110 0
          86 35 0 87 36 0
          69 52 0 67 51 0
          74 32 0 74 31 0
          125 106 0 150 158 0
          150 157 0 95 42 0
          106 51 0 106 50 0
          93 40 0 151 64 0
          151 63 0 71 16 0
          71 19 0 113 120 0
          99 47 0 99 46 0
          112 120 0 121 48 0
          121 47 0 66 158 0
          67 158 0 65 20 0
          67 21 0 113 33 0
          113 34 0 84 35 0
          84 34 0 118 113 0
          118 112 0 90 36 0
          65 25 0 66 22 0
          50 15 0 90 37 0
          54 24 0 100 85 0
          100 86 0 69 22 0
          70 23 0 48 5 0
          48 3 0 67 32 0
          68 32 0 67 22 0
          78 35 0 79 34 0
          1 70 0 60 6 0
          61 6 0 102 86 0
          101 86 0 0 70 0
          137 109 0 136 110 0
          51 34 0 50 35 0
          64 39 0 78 40 0
          78 39 0 63 40 0
          47 19 0 96 45 0
          97 45 0 50 4 0
          49 4 0 79 36 0
          78 36 0 55 35 0
          55 36 0 151 159 0
          151 158 0 105 50 0
          63 41 0 74 12 0
          73 13 0 55 32 0
          59 33 0 89 42 0
          90 42 0 105 49 0
          75 70 0 75 71 0
          52 6 0 54 4 0
          137 116 0 58 24 0
          58 23 0 50 149 0
          53 149 0 68 22 0
          73 60 0 71 61 0
          110 32 0 111 32 0
          60 35 0 59 34 0
          0 155 0 108 86 0
          108 87 0 67 2 0
          66 3 0 75 63 0
          75 62 0 56 153 0
          133 50 0 133 51 0
          69 0 0 68 0 0
          134 56 0 135 55 0
          61 151 0 82 62 0
          80 62 0 0 152 0
          86 42 0 87 42 0
          77 1 0 78 0 0
          113 91 0 113 90 0
          54 28 0 54 29 0
          94 73 0 94 71 0
          75 60 0 74 60 0
          81 47 0 82 46 0
          88 63 0 90 63 0
          134 51 0 120 114 0
          120 113 0 72 0 0
          73 0 0 74 0 0
          78 50 0 80 48 0
          72 42 0 71 43 0
          73 56 0 72 56 0
          134 52 0 74 1 0
          132 54 0 133 54 0
          47 131 0 48 131 0
          70 43 0 130 50 0
          130 49 0 74 62 0
          74 61 0 155 123 0
          154 123 0 79 42 0
          78 42 0 81 42 0
          80 42 0 69 7 0
          68 7 0 73 44 0
          74 43 0 118 52 0
          118 51 0 83 48 0
          83 47 0 83 45 0
          67 11 0 67 12 0
          125 57 0 123 56 0
          74 42 0 69 42 0
          56 150 0 89 48 0
          87 47 0 55 150 0
          86 46 0 68 45 0
          68 44 0 72 44 0
          66 13 0 69 14 0
          69 13 0 68 13 0
          93 63 0 92 63 0
          158 127 0 158 125 0
          147 64 0 148 63 0
          79 52 0 79 51 0
          75 49 0 74 49 0
          67 7 0 67 8 0
          87 56 0 88 54 0
          83 52 0 83 51 0
          79 62 0 72 5 0
          71 6 0 91 63 0
          21 149 0 22 150 0
          74 47 0 74 46 0
          69 47 0 68 47 0
          88 50 0 88 49 0
          80 53 0 80 52 0
          130 55 0 131 55 0
          146 63 0 146 64 0
          83 58 0 85 57 0
          80 60 0 79 60 0
          0 80 0 1 80 0
          88 53 0 88 52 0
          78 45 0 78 44 0
          86 62 0 86 50 0
          85 49 0 78 55 0
          79 56 0 87 52 0
          88 51 0 62 15 0
          63 14 0 159 103 0
          8 93 0 7 91 0
          63 9 0 62 9 0
          79 57 0 80 58 0
          90 50 0 90 49 0
          122 109 0 121 109 0
          71 9 0 71 10 0
          122 69 0 123 67 0
          6 91 0 123 96 0
          121 98 0 54 156 0
          55 155 0 70 65 0
          69 66 0 79 61 0
          66 9 0 66 10 0
          80 71 0 77 72 0
          145 115 0 145 116 0
          76 53 0 77 52 0
          82 57 0 83 57 0
          80 55 0 81 55 0
          74 53 0 75 53 0
          115 93 0 114 93 0
          93 60 0 93 61 0
          154 117 0 123 55 0
          123 114 0 123 115 0
          123 53 0 130 92 0
          128 93 0 94 52 0
          94 51 0 9 93 0
          99 52 0 98 51 0
          137 66 0 136 65 0
          4 86 0 6 85 0
          115 50 0 115 49 0
          116 56 0 117 56 0
          129 61 0 131 60 0
          125 78 0 129 75 0
          98 68 0 98 66 0
          159 111 0 159 110 0
          89 67 0 89 66 0
          155 118 0 158 156 0
          158 155 0 60 12 0
          59 12 0 122 61 0
          122 60 0 127 54 0
          127 55 0 97 64 0
          96 63 0 148 111 0
          1 84 0 1 83 0
          127 59 0 127 60 0
          147 112 0 147 114 0
          147 113 0 155 157 0
          154 158 0 9 96 0
          10 96 0 155 124 0
          94 67 0 94 66 0
          123 66 0 98 65 0
          7 95 0 120 70 0
          121 69 0 156 124 0
          159 72 0 159 73 0
          22 151 0 158 159 0
          157 159 0 7 96 0
          88 73 0 87 74 0
          27 156 0 31 155 0
          27 148 0 27 146 0
          156 159 0 156 158 0
          78 75 0 77 76 0
          131 57 0 131 58 0
          35 120 0 35 119 0
          115 55 0 115 54 0
          33 156 0 33 154 0
          138 60 0 138 59 0
          125 60 0 126 59 0
          55 145 0 56 145 0
          25 146 0 24 147 0
          36 148 0 35 148 0
          3 93 0 3 92 0
          95 68 0 3 84 0
          4 84 0 122 65 0
          96 56 0 97 56 0
          98 55 0 35 147 0
          18 153 0 19 153 0
          43 138 0 44 136 0
          107 59 0 106 58 0
          159 116 0 159 117 0
          95 55 0 96 55 0
          98 57 0 98 56 0
          98 54 0 159 120 0
          159 119 0 101 66 0
          102 66 0 137 59 0
          159 67 0 159 66 0
          120 60 0 120 61 0
          98 78 0 97 79 0
          137 58 0 20 153 0
          122 64 0 46 149 0
          45 149 0 102 67 0
          58 156 0 58 155 0
          101 65 0 98 60 0
          97 61 0 0 88 0
          1 89 0 107 67 0
          104 67 0 120 71 0
          111 56 0 113 55 0
          128 65 0 127 65 0
          127 64 0 131 96 0
          128 96 0 47 139 0
          50 137 0 126 65 0
          31 152 0 32 152 0
          159 118 0 147 69 0
          148 68 0 10 100 0
          11 100 0 38 137 0
          39 136 0 105 58 0
          159 74 0 105 73 0
          103 70 0 20 152 0
          116 66 0 121 64 0
          105 57 0 118 59 0
          118 58 0 47 158 0
          49 157 0 0 90 0
          120 72 0 9 100 0
          8 100 0 135 65 0
          159 69 0 41 125 0
          42 124 0 135 64 0
          1 87 0 123 63 0
          140 110 0 139 110 0
          140 102 0 141 103 0
          96 78 0 97 78 0
          1 91 0 1 93 0
          44 150 0 41 135 0
          41 136 0 18 149 0
          19 148 0 83 70 0
          83 69 0 141 116 0
          142 116 0 30 145 0
          31 145 0 48 149 0
          135 63 0 157 116 0
          157 129 0 32 153 0
          33 152 0 34 147 0
          18 114 0 19 114 0
          115 75 0 116 75 0
          18 155 0 17 154 0
          33 151 0 158 76 0
          158 75 0 133 65 0
          133 64 0 49 155 0
          51 156 0 112 59 0
          111 59 0 131 65 0
          130 65 0 39 127 0
          40 126 0 3 103 0
          3 102 0 136 61 0
          127 95 0 127 94 0
          152 74 0 153 73 0
          0 95 0 1 95 0
          13 115 0 12 114 0
          113 61 0 112 61 0
          1 151 0 3 99 0
          105 65 0 106 65 0
          10 115 0 9 114 0
          3 100 0 82 72 0
          81 72 0 155 82 0
          156 82 0 153 71 0
          141 104 0 8 114 0
          1 150 0 157 82 0
          3 138 0 3 136 0
          111 61 0 33 143 0
          138 94 0 138 96 0
          9 106 0 11 105 0
          153 70 0 112 60 0
          126 94 0 3 135 0
          155 84 0 125 95 0
          139 102 0 33 147 0
          1 113 0 2 114 0
          7 114 0 117 76 0
          37 144 0 36 145 0
          39 133 0 39 132 0
          148 107 0 148 108 0
          149 108 0 6 114 0
          15 115 0 33 125 0
          33 124 0 2 149 0
          1 149 0 112 84 0
          112 85 0 11 139 0
          12 139 0 8 110 0
          9 112 0 0 149 0
          140 107 0 140 108 0
          135 86 0 135 83 0
          118 77 0 34 137 0
          36 137 0 8 138 0
          7 139 0 142 107 0
          142 106 0 0 100 0
          1 100 0 150 87 0
          152 87 0 40 130 0
          3 118 0 4 117 0
          39 131 0 150 108 0
          4 107 0 4 106 0
          118 78 0 3 113 0
          143 105 0 143 104 0
          155 85 0 20 120 0
          21 120 0 123 82 0
          123 81 0 13 138 0
          34 143 0 135 70 0
          135 69 0 138 100 0
          138 101 0 15 137 0
          6 139 0 39 146 0
          39 145 0 33 146 0
          4 116 0 5 136 0
          23 133 0 23 134 0
          139 101 0 157 87 0
          158 86 0 159 86 0
          3 114 0 5 113 0
          115 63 0 114 63 0
          159 85 0 5 108 0
          7 108 0 108 73 0
          107 73 0 141 107 0
          153 78 0 153 77 0
          158 80 0 1 117 0
          2 117 0 10 138 0
          159 84 0 6 136 0
          7 136 0 130 75 0
          150 105 0 151 104 0
          23 135 0 52 143 0
          53 143 0 158 84 0
          143 107 0 3 148 0
          44 159 0 45 159 0
          5 148 0 13 120 0
          13 118 0 16 136 0
          118 74 0 0 110 0
          1 110 0 23 129 0
          8 121 0 9 119 0
          24 122 0 24 121 0
          143 108 0 142 69 0
          143 69 0 33 150 0
          31 135 0 32 135 0
          49 141 0 49 140 0
          43 155 0 43 154 0
          5 110 0 4 111 0
          7 149 0 8 149 0
          5 139 0 18 138 0
          18 137 0 122 81 0
          142 74 0 143 73 0
          0 105 0 1 105 0
          32 136 0 133 107 0
          132 107 0 45 153 0
          44 153 0 38 151 0
          38 149 0 33 135 0
          2 121 0 3 120 0
          43 153 0 44 152 0
          35 142 0 11 121 0
          12 121 0 8 136 0
          15 148 0 16 148 0
          106 79 0 106 80 0
          132 71 0 131 72 0
          120 79 0 119 79 0
          38 159 0 38 157 0
          28 133 0 25 133 0
          28 128 0 29 127 0
          2 129 0 1 129 0
          152 103 0 136 99 0
          137 99 0 17 157 0
          24 159 0 25 159 0
          121 79 0 39 153 0
          39 154 0 145 110 0
          145 111 0 30 140 0
          32 139 0 151 81 0
          151 80 0 142 76 0
          143 75 0 18 131 0
          38 155 0 37 156 0
          140 75 0 141 75 0
          137 74 0 136 71 0
          125 84 0 125 83 0
          34 132 0 35 132 0
          109 77 0 108 76 0
          133 68 0 132 69 0
          149 106 0 113 80 0
          109 81 0 0 129 0
          18 130 0 147 84 0
          148 83 0 111 66 0
          110 67 0 23 128 0
          19 129 0 122 77 0
          123 77 0 123 75 0
          122 75 0 18 125 0
          18 124 0 20 128 0
          2 126 0 0 125 0
          1 124 0 130 70 0
          131 70 0 148 103 0
          148 104 0 25 127 0
          30 130 0 29 130 0
          128 70 0 128 69 0
          19 137 0 148 85 0
          147 85 0 6 120 0
          6 121 0 128 85 0
          128 84 0 159 97 0
          159 95 0 136 91 0
          136 92 0 141 96 0
          140 97 0 13 125 0
          12 126 0 153 87 0
          153 88 0 47 144 0
          48 144 0 119 82 0
          119 81 0 11 126 0
          13 124 0 3 125 0
          3 124 0 120 83 0
          121 83 0 14 133 0
          17 133 0 20 125 0
          19 125 0 41 153 0
          42 153 0 43 145 0
          42 145 0 133 102 0
          133 100 0 110 70 0
          111 69 0 42 143 0
          41 143 0 139 78 0
          139 77 0 155 98 0
          155 99 0 40 148 0
          40 147 0 135 82 0
          132 87 0 157 92 0
          157 93 0 142 79 0
          143 79 0 1 146 0
          1 145 0 153 97 0
          154 97 0 135 80 0
          135 81 0 157 94 0
          157 91 0 137 81 0
          137 80 0 23 140 0
          23 141 0 8 131 0
          8 132 0 155 100 0
          154 100 0 132 84 0
          133 84 0 143 89 0
          140 92 0 112 74 0
          113 74 0 15 130 0
          16 130 0 136 90 0
          13 145 0 13 146 0
          21 159 0 22 159 0
          137 89 0 149 93 0
          151 94 0 14 142 0
          13 142 0 147 99 0
          148 99 0 118 87 0
          118 88 0 143 84 0
          152 94 0 8 145 0
          7 146 0 142 84 0
          153 94 0 145 99 0
          144 100 0 148 97 0
          148 98 0 141 86 0
          142 86 0 121 90 0
          120 90 0 92 78 0
          <InformationKey name="L2_NORM_RANGE" location="vtkDataArray" length="2">
            <Value index="0">
              1
            </Value>
            <Value index="1">
              224.15396494
            </Value>
          </InformationKey>
        </DataArray>
      </Points>
      <Cells>
        <DataArray type="Int64" Name="connectivity" format="ascii" RangeMin="0" RangeMax="2589">
          0 1 2 3 4 5
          6 7 8 9 10 11
          12 13 14 15 16 17
          18 19 20 21 22 23
          24 25 26 27 28 29
          30 15 31 32 33 17
          34 35 36 37 38 39
          40 41 42 43 44 45
          46 7 47 35 48 49
          50 51 52 39 53 54
          55 27 56 57 58 54
          59 3 60 61 62 63
          64 65 66 67 68 69
          70 61 17 23 3 21
          71 72 21 32 73 13
          7 63 27 74 75 76
          77 41 78 79 80 81
          82 83 63 37 84 49
          15 85 23 5 86 87
          88 9 89 65 90 91
          92 93 94 95 96 97
          98 29 99 13 100 101
          35 102 103 1 104 105
          106 107 108 81 39 85
          109 110 111 112 113 114
          5 115 13 116 117 118
          29 119 37 120 32 121
          122 115 123 51 41 124
          125 126 65 126 126 124
          127 121 85 120 115 121
          128 129 130 131 132 133
          61 131 121 72 134 135
          136 79 137 74 74 138
          139 102 1 140 141 67
          72 142 143 142 144 145
          146 107 79 43 120 147
          124 97 148 116 149 147
          49 76 102 11 147 150
          97 150 142 151 152 119
          153 154 155 156 157 158
          107 159 150 87 116 160
          161 69 81 19 131 83
          87 151 119 162 19 160
          67 114 163 164 165 166
          151 145 76 91 51 167
          83 105 168 169 170 171
          172 173 11 174 175 176
          145 140 177 178 179 180
          160 138 181 156 182 183
          184 185 186 187 140 133
          188 154 156 174 105 162
          91 25 189 190 25 167
          54 176 191 192 193 159
          9 112 162 173 194 195
          114 190 196 129 112 187
          197 180 69 101 138 198
          167 199 200 201 202 203
          204 198 198 205 173 169
          174 45 206 207 208 185
          169 129 209 210 129 211
          190 212 133 192 213 211
          214 215 216 217 45 205
          218 219 220 221 205 215
          154 210 215 222 223 224
          225 226 227 228 211 229
          230 222 231 232 233 234
          101 195 235 110 159 236
          237 238 192 221 221 201
          239 240 195 229 187 241
          242 243 201 244 245 246
          247 166 248 118 229 236
          249 250 251 252 253 254
          255 244 110 256 257 171
          118 258 244 259 210 259
          43 260 236 240 261 262
          240 93 93 226 263 264
          176 183 180 265 266 219
          267 268 222 95 269 135
          270 271 272 254 259 273
          95 250 226 217 274 275
          276 277 278 279 280 281
          282 238 254 283 284 273
          166 285 286 287 273 241
          183 264 288 289 217 57
          290 279 291 292 293 258
          241 228 294 295 296 297
          279 298 264 299 300 301
          302 234 228 268 303 304
          305 306 268 275 250 295
          57 299 307 308 309 310
          311 312 295 313 299 297
          238 199 275 314 315 243
          297 285 285 301 316 212
          301 283 258 246 283 298
          317 281 318 319 320 321
          322 314 323 207 207 324
          325 326 314 277 327 328
          329 304 330 313 313 308
          298 289 234 331 332 333
          212 331 308 334 335 260
          219 336 304 319 337 338
          339 340 331 256 341 342
          260 340 343 164 344 345
          277 312 289 346 347 348
          312 349 319 349 246 350
          351 352 349 224 353 354
          355 356 224 357 358 359
          340 360 361 262 362 357
          363 364 256 350 357 365
          366 365 243 367 368 369
          370 371 365 333 333 356
          372 373 374 375 376 346
          199 324 377 378 356 359
          379 334 380 381 382 383
          384 385 386 387 324 292
          334 375 388 389 350 336
          390 391 392 393 359 393
          394 395 375 381 396 397
          398 399 400 401 336 402
          403 404 405 271 406 369
          407 408 381 409 369 408
          346 378 171 391 410 411
          412 409 378 389 413 414
          408 415 416 417 418 373
          419 402 420 421 409 360
          422 423 402 424 425 338
          426 427 360 367 428 429
          292 306 430 431 367 371
          432 433 434 431 435 436
          437 421 438 433 439 440
          371 436 389 424 441 252
          431 442 338 443 433 415
          444 445 415 440 262 399
          446 447 448 449 440 450
          424 451 399 452 453 447
          454 455 456 401 271 457
          458 395 459 450 460 342
          395 451 461 383 462 345
          463 397 464 427 465 466
          450 467 468 442 469 470
          383 471 472 364 442 467
          473 474 393 471 475 476
          451 414 471 477 467 476
          427 478 414 387 476 479
          480 481 482 483 484 485
          486 487 281 265 447 488
          387 470 489 490 265 203
          491 492 493 494 495 479
          436 354 401 326 496 497
          354 321 498 499 500 477
          345 501 479 502 326 474
          321 443 443 429 306 452
          503 502 502 504 470 385
          385 232 135 505 477 404
          397 328 506 504 507 508
          509 510 504 494 511 512
          513 514 404 481 373 455
          494 492 429 490 492 515
          342 516 232 488 481 508
          517 518 488 478 490 417
          519 520 417 499 521 515
          499 522 455 522 522 520
          520 523 524 525 508 523
          478 525 525 526 515 527
          523 528 529 530 531 526
          532 533 526 534 535 528
          421 516 364 411 528 533
          452 536 537 485 538 539
          540 497 541 542 533 543
          544 543 516 539 545 546
          474 534 543 423 547 287
          548 536 549 550 551 552
          553 512 534 501 423 542
          485 554 555 546 556 557
          558 554 164 178 559 560
          542 561 562 563 554 527
          512 561 564 352 565 566
          567 568 569 570 571 572
          573 574 501 566 575 576
          527 577 578 577 561 557
          391 550 577 560 579 580
          566 514 581 582 583 584
          585 586 587 588 539 588
          514 589 203 310 590 591
          185 158 560 592 557 576
          593 594 536 570 550 595
          596 597 588 598 599 600
          158 601 602 530 570 510
          603 466 604 605 510 591
          591 572 572 600 576 580
          606 607 600 607 530 608
          607 582 609 592 610 611
          612 613 614 615 616 617
          618 589 589 552 497 595
          619 620 552 613 621 622
          582 605 623 624 580 622
          622 584 546 620 625 626
          613 611 627 628 629 630
          592 624 411 457 631 632
          584 633 634 635 636 626
          252 637 638 608 624 639
          640 641 642 639 643 445
          644 597 645 449 605 633
          310 646 620 594 633 483
          647 648 649 650 626 563
          651 652 611 574 653 654
          574 598 595 637 563 650
          598 654 655 656 594 630
          483 518 657 658 630 659
          518 617 660 661 662 663
          664 665 666 667 668 669
          445 670 466 671 639 672
          673 348 597 586 617 663
          674 675 663 658 676 677
          650 608 658 656 656 632
          608 677 678 679 586 680
          654 681 682 681 683 684
          685 686 681 635 449 687
          677 684 632 665 688 689
          457 671 690 687 687 661
          665 691 178 601 692 669
          693 694 695 696 684 697
          698 699 328 700 661 701
          702 691 703 672 691 670
          704 705 637 615 635 706
          348 680 707 708 670 696
          709 710 711 700 712 686
          696 708 708 713 714 715
          716 713 713 689 717 718
          601 719 720 721 722 723
          689 706 724 725 352 726
          727 728 729 699 699 730
          706 675 731 732 672 701
          701 725 675 652 652 728
          733 694 725 730 680 734
          735 736 737 738 730 738
          738 739 740 741 669 742
          728 667 743 744 694 745
          746 747 748 641 749 750
          667 744 751 741 752 710
          744 705 753 754 705 745
          755 756 745 736 757 758
          759 760 736 723 723 760
          760 679 761 697 762 763
          764 487 765 739 766 767
          739 768 679 763 769 770
          771 772 697 773 763 568
          774 775 568 775 686 659
          775 750 776 777 615 778
          779 768 710 747 780 781
          641 770 659 726 782 783
          784 785 750 758 786 787
          726 734 768 648 734 788
          789 790 791 792 758 793
          794 781 770 793 793 754
          741 795 796 797 754 787
          798 799 671 788 787 800
          801 800 800 802 648 803
          788 804 805 802 806 783
          807 808 809 790 790 810
          811 732 747 812 802 742
          783 773 742 785 785 808
          808 792 792 777 813 814
          815 816 817 721 773 795
          777 812 812 804 804 772
          772 818 721 819 795 820
          821 756 822 823 824 825
          756 826 827 819 781 828
          829 830 831 832 833 825
          819 834 835 818 287 836
          837 838 825 799 818 834
          839 820 840 841 834 830
          732 842 843 844 845 846
          847 848 849 850 851 852
          853 803 799 854 803 855
          856 855 857 848 830 852
          858 859 860 861 852 838
          862 863 838 859 864 865
          859 854 866 867 854 868
          869 870 700 836 871 868
          872 873 874 823 875 876
          877 876 878 873 868 865
          855 879 865 828 880 881
          828 832 882 879 832 767
          820 883 848 884 767 842
          885 886 887 888 889 890
          879 826 826 888 836 891
          888 892 842 850 876 893
          873 892 894 895 823 896
          897 898 899 900 892 890
          901 861 902 870 487 903
          870 904 850 904 905 890
          890 895 895 883 906 907
          904 908 909 814 883 910
          911 908 861 912 913 914
          915 810 908 900 900 881
          881 907 916 917 918 912
          919 898 920 863 921 841
          922 923 924 925 898 926
          841 927 928 929 907 816
          814 628 930 844 810 931
          816 914 914 923 932 933
          844 934 935 925 936 715
          937 938 939 940 628 910
          923 931 931 927 927 797
          941 891 910 718 718 926
          942 943 797 944 926 945
          715 946 947 944 925 934
          948 949 950 951 952 953
          944 943 954 955 956 957
          943 955 955 946 958 940
          946 951 951 896 891 903
          903 646 959 960 912 961
          962 963 934 964 965 966
          967 968 969 970 971 945
          940 963 945 960 972 973
          960 964 896 778 778 893
          893 973 646 974 973 867
          964 968 975 976 977 978
          979 980 968 846 981 982
          983 984 985 986 987 988
          989 990 867 984 991 970
          992 993 963 994 995 996
          997 998 984 957 999 1000
          1001 1002 1003 1004 957 961
          961 974 1005 978 1006 986
          974 994 994 929 978 1007
          1008 976 929 998 846 986
          998 993 1009 1010 993 1011
          1012 1011 1013 1014 1015 1016
          986 938 1011 988 1017 1018
          988 1002 1019 1020 1021 1022
          976 1023 1002 933 1024 1025
          938 1016 1026 1027 1028 1029
          1030 1031 1016 1014 1032 1033
          1034 1010 933 1018 1018 1033
          1033 953 1014 1035 953 949
          1036 1035 1037 1038 949 1038
          1010 1039 1038 996 1040 1041
          1035 1031 1042 1043 1044 1045
          996 1025 1046 1029 1025 1020
          1047 1048 1020 980 1049 1050
          1029 1027 980 990 1051 1052
          1031 1023 1053 1054 1055 1056
          1057 1058 990 1045 1059 1060
          1023 1007 1061 1062 1045 1041
          1041 1022 1022 1063 1027 1064
          1065 1066 1067 1068 1069 1063
          1070 1071 1063 886 1007 1054
          1072 1073 886 1066 863 1074
          1075 1076 1054 1077 1078 1077
          1079 1080 1081 1082 1077 1080
          1080 1071 1071 1082 1083 1084
          1066 1060 1085 1086 1060 1087
          1082 1088 1089 1087 1090 1050
          1091 1092 1093 1084 1094 1088
          1088 1068 1068 1076 1087 1073
          1076 1039 1050 1095 1039 1048
          1096 1097 1098 1099 1100 1064
          970 1062 1064 1099 1073 1092
          1101 1102 1103 1104 1092 1105
          1062 966 1084 1106 1048 917
          917 1104 1107 1105 1105 1095
          1095 1056 1108 1109 1110 1111
          1112 1113 1114 1115 1099 1111
          1056 982 982 1113 1116 1117
          1113 1102 966 1118 1119 1120
          1121 1118 1122 1123 1124 1125
          1104 1126 1127 1128 1129 1130
          1131 1126 1102 1109 1132 1133
          1134 1135 1136 1137 1138 1139
          1140 1141 1142 1143 1144 1145
          1109 1125 1146 1145 1147 1148
          1126 1128 1149 1150 1125 1133
          1151 1152 1128 1153 1154 1153
          1133 1043 1043 1130 1155 1156
          1157 1158 1159 1160 1161 1156
          1130 1086 1162 1163 1086 1152
          1164 1137 1165 1163 1166 1167
          1153 1158 1152 1150 1150 1168
          1111 1115 1158 1097 1115 1168
          1168 1135 1135 1117 1117 1000
          1000 1148 1169 1170 1171 1172
          1148 1170 1173 1174 1175 1176
          1177 1178 1170 1106 1106 1120
          1179 1180 1097 1181 1182 1183
          1184 1185 1186 1187 1163 1181
          1120 1143 1181 1187 1188 1189
          1143 1190 1191 1192 1193 1194
          1118 1190 1195 1196 1197 1198
          1190 1139 1199 1200 1139 1183
          1183 1192 1145 1201 1192 1201
          1202 1203 1204 1205 1201 1141
          1141 1176 1156 1206 1176 1200
          1207 1208 1187 1180 1200 1196
          1137 1209 1196 1206 1180 1209
          1210 1211 1212 1213 1214 1215
          1216 1217 1218 1219 1220 1123
          1206 1052 1221 1194 1222 1223
          1123 1185 1209 1224 1052 1172
          1225 1226 1227 1228 1229 1230
          1172 1219 1231 1232 1185 1233
          1219 1211 1211 1228 1234 1235
          1228 1198 1236 1237 1198 1205
          1238 1224 1205 1217 1217 1074
          1224 1235 1074 1239 1240 1241
          1194 1239 1239 1208 1242 1226
          1243 1244 1226 1245 1246 1247
          1235 1245 1208 1215 1215 1230
          1248 1249 1250 1251 1230 1249
          1245 1251 1249 1004 1252 1253
          1254 1255 1251 1174 1256 1257
          1004 1255 1255 1233 1174 1258
          1233 1257 1257 1058 1259 1247
          1260 1258 1247 1261 1058 1167
          1167 719 1262 1263 1264 1241
          1265 1266 1258 1244 1267 1268
          1269 1270 719 1213 1271 1261
          1244 1272 1241 1273 1213 1160
          1160 505 505 1270 1261 1253
          1274 1275 1276 1272 1253 1277
          1278 1279 1270 1275 1280 1203
          1275 1279 1281 1282 1283 1284
          1279 1285 1203 1285 1272 1286
          1287 1286 1286 1277 1277 1288
          1285 1284 1289 1290 1284 1290
          1290 1268 1268 1223 1291 1292
          1293 1294 1295 1296 1223 1297
          1298 1299 1300 1301 1302 1303
          1304 1305 1306 1307 1308 884
          1309 1310 1311 1299 1312 1288
          1288 1305 1313 1314 1315 1297
          1305 1307 1316 1317 1318 1319
          1297 1296 1320 1237 1321 1322
          1296 1294 1294 1319 1307 1310
          1323 1324 1319 1273 1310 1325
          1273 1326 1327 1328 1329 1330
          1331 1332 1333 1325 1334 1326
          1325 1332 1326 1335 1336 1335
          1332 1266 1337 1338 1339 1340
          1341 1342 1335 1338 1343 1344
          1345 1346 1338 1330 1266 1347
          1330 1317 1348 1342 1349 1350
          1351 1352 1353 1347 1354 1355
          1317 1301 1356 1346 1347 1357
          1358 1340 1359 1360 1301 1328
          1340 1361 1342 1357 1362 1363
          1328 1282 1282 1324 1364 1365
          1324 1365 1357 1366 1365 1367
          1368 1369 1370 1367 1371 1372
          1373 1374 1299 1375 1376 1377
          1378 1379 1367 1292 1292 1380
          1346 1381 1382 1380 1383 1384
          1380 1178 1178 1377 1385 1366
          1386 1387 1377 1363 884 1388
          1389 1390 1366 1369 1391 1392
          1369 1392 1393 1394 1395 1396
          1392 1397 1398 1397 1399 1400
          1397 1303 1401 1402 1363 1352
          1352 1372 1403 1404 1372 1388
          1388 1381 1405 1232 1381 1396
          1406 1407 1408 1409 1303 1407
          1396 1350 1410 1411 1412 1355
          1407 1409 1355 1413 1414 1374
          1415 1361 1416 1417 1418 1419
          1350 1375 1420 1379 1421 1422
          1423 1400 1375 1384 1384 1413
          1413 1402 1374 1424 1409 1360
          1402 1404 1360 1390 1425 1426
          1427 1428 1404 1417 1417 1394
          1394 1426 1390 1429 1430 1431
          1426 1411 1432 1429 1433 1434
          1429 1419 1435 1436 1437 1422
          1400 1438 1411 1434 1419 1438
          1439 1440 1441 1189 1442 1443
          1434 1444 1445 1446 1447 1448
          1449 1450 1438 1443 1451 1452
          1443 1452 1453 1454 1455 1456
          1457 1444 1444 1458 1459 1446
          1446 1460 1461 1462 1463 1464
          1422 1458 1452 1465 1379 1465
          1465 1464 1232 1466 1467 1468
          1469 1470 1361 1471 1472 1473
          1474 1475 1476 1477 1478 1479
          1480 1481 1482 1483 1458 1314
          1484 1485 1486 1487 1488 1489
          1464 1481 1314 1460 1481 1485
          1485 1440 1490 1491 1492 1493
          1494 1495 1460 1448 1448 1468
          1496 1456 1468 1471 1440 1493
          1497 1498 1499 1500 1501 1502
          1503 1504 1493 1489 1505 1506
          1507 1508 1471 1479 1509 1477
          1510 1511 1512 1513 1514 1515
          1479 1344 1516 1498 1489 1483
          1344 1263 1483 1517 1518 1502
          1263 1504 1519 1431 1520 1517
          1521 1495 1522 1523 1517 1515
          1504 1524 1525 1526 1431 1527
          1528 1506 1515 1529 1506 1436
          1530 1500 1500 1524 1495 1491
          1531 1473 1524 1450 1450 1511
          1436 1532 1533 1534 1535 1536
          1537 1538 1502 1539 1540 1456
          1237 1462 1511 1454 1454 1541
          1477 1542 1456 1543 1491 1544
          1545 1526 1546 1547 1548 1549
          1550 1541 1551 1529 1552 1553
          1541 1554 1529 1555 1556 1557
          1526 1558 1559 1560 1561 1387
          1562 1563 1462 1466 1564 1555
          1565 1566 1387 1470 1567 1566
          1568 1569 1570 1554 1554 1549
          1549 1553 1473 1536 1553 1538
          1470 1571 1538 1560 1555 1563
          1563 1523 1560 1569 1536 1322
          1523 1571 1571 1572 1573 1572
          1498 1542 1574 1575 1566 1487
          1576 1577 1569 1543 1543 1577
          1572 1578 1579 1580 1487 1581
          1582 1583 1584 1578 1578 1544
          1585 1583 1577 1475 1544 1508
          1586 1587 1508 1575 1475 1587
          1575 1532 1587 1588 1589 1590
          1591 1588 1592 1527 1588 1513
          1593 1594 1595 1596 1527 1597
          1542 1581 1598 1599 1600 1601
          1602 1603 1532 1603 1604 1605
          1606 1607 1581 1608 1322 1609
          1610 1611 1603 1599 1583 1612
          1613 1612 1614 1615 1616 1617
          1599 1594 1513 1611 1618 1619
          1611 1534 1534 1619 1620 1609
          1621 1622 1619 1623 1594 1601
          1624 1605 1625 1617 1601 1615
          1626 1627 1466 1628 1629 1630
          1631 1632 1633 1623 1623 1632
          1632 1558 1605 1634 1609 1635
          1615 1636 1189 1637 1638 1639
          1640 1641 1642 1643 1558 1641
          1641 1590 1644 1636 1645 1646
          1647 1648 1649 1650 1651 1652
          1617 1653 1636 1630 1630 1654
          1655 1656 1657 1658 1659 1660
          1590 1652 1612 1622 1661 1654
          1654 1662 1622 1662 1663 1428
          1652 1608 1664 1665 1666 1667
          1668 1669 1670 1671 1672 1673
          1674 1675 1662 1658 1676 1677
          1678 1679 1608 1639 1680 1681
          1682 1547 1683 1684 1685 1686
          1687 1688 1639 1660 1689 1424
          1690 1691 1658 1673 1692 1693
          1694 1695 1424 1696 1673 1695
          1697 1698 1695 1667 1699 1669
          1667 1686 1700 1701 1669 1702
          1703 1704 1705 1706 1686 1702
          1660 1707 1702 1675 1675 1691
          1708 1709 1710 1707 1711 1712
          1713 1714 1715 1716 1717 1718
          1719 1720 1707 1596 1691 1720
          1596 1648 1721 1722 1720 1723
          1724 1725 1547 1726 1727 1723
          1728 1681 1729 1730 1723 1684
          1648 1656 1731 1732 1681 1635
          1733 1734 1735 1736 1684 1650
          1737 1716 1650 1709 1709 1671
          1671 1736 1635 1726 1736 1634
          1634 1718 1656 1722 1722 1698
          1738 1739 1698 1740 1741 1742
          1743 1744 1745 1740 1746 1747
          1748 1749 1718 1750 1751 1752
          1753 1750 1740 1744 1726 1754
          1428 1747 1755 1756 1750 1739
          1739 1732 1744 1714 1714 1754
          1757 1758 1759 1760 1732 1760
          1761 1762 1763 1764 1754 1764
          1765 1701 1760 1766 1767 1768
          1764 1769 1770 1653 1653 1769
          1771 1772 1769 1766 1766 1756
          1756 1752 1701 1773 1716 1725
          1774 1775 1752 1734 1734 1704
          1776 1777 1747 1778 1779 1780
          1704 1688 1688 1557 1781 1782
          1557 1772 1725 1783 1772 1783
          1784 1785 1783 1780 1780 1749
          1786 1787 1788 1789 1749 1693
          1693 1712 1790 1637 1791 1792
          1712 1758 1793 1794 1795 1796
          1797 1607 1758 1706 1706 1730
          1730 1794 1798 1799 1794 1773
          1800 1801 1773 1789 1789 1768
          1802 1803 1607 1804 1768 1787
          1787 1803 1805 1806 1637 1807
          1808 1809 1810 1811 1812 1813
          1814 1815 1803 1696 1696 1762
          1816 1817 1762 1792 1792 1809
          1818 1819 1809 1665 1820 1821
          1822 1823 1824 1799 1825 1826
          1827 1828 1665 1580 1829 1828
          1830 1831 1832 1833 1834 1835
          1580 1804 1799 1836 1804 1742
          1828 1837 1742 1597 1838 1839
          1597 1777 1840 1841 1842 1833
          1843 1844 1845 1846 1777 1811
          1811 1835 1835 1836 1847 1848
          1849 1850 1851 1852 1853 1854
          1836 1841 1855 1856 1857 1858
          1841 1815 1815 1850 1859 1860
          1850 1679 1861 1821 1679 1852
          1821 1860 1862 1863 1860 1831
          1864 1865 1852 1785 1866 1856
          1785 1839 1833 1867 1839 1867
          1867 1868 1869 1870 1871 1868
          1868 1819 1831 1872 1819 1844
          1873 1874 1844 1778 1778 1801
          1856 1875 1876 1863 1801 1875
          1875 1877 1878 1877 1877 1872
          1863 1879 1872 1874 1874 1858
          1858 1846 1880 1881 1882 1883
          1884 1885 1886 1887 1846 1879
          1879 1887 1888 1889 1890 1891
          1887 1796 1796 1643 1892 1893
          1894 1895 1643 1870 1896 1806
          1897 1898 1899 1881 1900 1901
          1902 1903 1904 1905 1906 1907
          1908 1909 1870 1909 1909 1903
          1910 1911 1912 1913 1881 1823
          1903 1895 1895 1889 1914 1915
          1916 1917 1918 1919 1920 1921
          1889 1911 1922 1923 1911 1885
          1885 1907 1823 1924 1925 1926
          1927 1928 1929 1921 1907 1926
          1921 1930 1926 1837 1931 1932
          1933 1628 1837 1826 1826 1923
          1934 1935 1923 1917 1936 1937
          1938 1939 1940 1941 1942 1943
          1917 1919 1919 1913 1913 1930
          1930 1905 1944 1945 1946 1947
          1905 1941 1948 1935 1949 1950
          1951 1952 1953 1954 1806 1955
          1956 1957 1958 1959 1941 1955
          1955 1945 1945 1957 1957 1924
          1960 1961 1962 1963 1964 1965
          1924 1963 1963 1943 1966 1967
          1968 1969 1628 1539 1943 1893
          1893 1891 1891 1969 1969 1952
          1952 1967 1967 1915 1970 1971
          1915 1939 1939 1928 1928 1937
          1972 1973 1937 1965 1965 1813
          1813 1854 1539 1974 1975 1865
          1854 1898 1976 1977 1898 1977
          1977 1973 1865 1978 1979 1980
          1981 1982 1935 1983 1984 1985
          1973 1950 1950 1985 1986 1987
          1985 1627 1627 1775 1775 1971
          1988 1989 1990 1991 1971 1677
          1992 1993 1994 1995 1996 1997
          1998 1999 2000 2001 1677 1982
          1982 1991 2002 2003 2004 1974
          2005 2006 1991 1932 1932 1978
          2007 2008 1978 2008 2009 2010
          2011 2012 2013 2014 1974 2015
          2008 1993 1993 2006 2016 2017
          2018 2019 2020 2015 2021 2022
          2023 2024 2006 2017 2017 1995
          2025 2026 1995 1983 2015 1848
          1983 2012 1848 2027 2028 2029
          2030 1947 2031 1999 2012 2032
          2033 2034 2035 2027 2036 2037
          2038 1901 2039 2040 2041 2032
          2032 2024 2042 2043 2024 1989
          2044 2045 2046 2047 1989 2026
          2048 2049 2050 2051 1947 2034
          2026 2019 2019 2052 2027 2022
          2053 2052 2052 2051 2051 2049
          2049 1954 2054 2055 2022 2001
          2056 2057 2058 2059 2060 2061
          2062 2063 2064 2065 1954 2055
          2066 2067 2055 1782 1782 2029
          2068 2069 2070 2071 2029 2072
          1999 2072 2073 2074 2072 2014
          2014 2057 2034 2075 2076 2077
          2078 2077 2079 2069 2080 2081
          2057 2063 2082 2083 2084 2085
          2086 2087 2088 2089 2090 2091
          2077 2091 2091 2092 2093 2094
          2063 2092 2095 2096 2092 1959
          2097 2061 1901 2067 1959 2040
          2098 2099 2040 1646 2001 1961
          1646 2074 2100 2101 2102 2103
          2074 2099 2099 2104 2061 2104
          2105 2081 2106 2075 2107 2108
          2104 2089 2089 2010 2109 2096
          2110 2111 2096 2112 2113 2114
          2115 2116 2117 2118 2075 2119
          2120 2121 2010 2112 2112 2111
          2122 2123 2124 2123 2111 2101
          2125 2126 2127 2128 2123 2129
          2101 2103 2130 2131 2132 2087
          2103 2003 2003 2083 2133 2134
          1961 1883 2135 2136 2137 2138
          2139 2085 2083 2136 2140 2037
          2136 2121 2141 2142 2081 2143
          2144 2145 2085 2146 2147 2148
          2149 2150 2121 2065 2151 2116
          2152 2119 2065 2153 2154 2153
          2155 1987 2037 2156 2153 2114
          2114 2146 2157 2158 2146 2148
          2067 2047 1987 2159 2116 2160
          2119 2161 2148 2158 2162 2163
          2164 2165 2166 2167 2158 2071
          2047 2143 2071 2160 2168 2169
          2170 2108 2160 2043 2171 2172
          2043 2172 2087 2094 2173 2174
          2172 2169 2169 2134 2134 2161
          2175 2176 2177 2178 2143 2179
          2180 2179 2108 2181 2182 2159
          2094 2183 1883 2184 2185 2186
          2069 2187 2188 2189 2161 2167
          2190 2191 2167 2189 2189 2129
          2192 2193 2129 1817 1817 2156
          2194 2186 2195 2196 2156 2145
          2145 2138 2197 2198 2138 2196
          2196 2118 2199 2200 2201 2202
          2203 2204 2205 2206 2207 2208
          2159 2209 2179 2174 2118 2209
          2210 2211 2212 2213 2214 2215
          2209 2204 2186 2131 2216 2217
          2131 2059 2204 2128 2128 2206
          2206 2198 2198 2176 2176 2184
          2218 2219 2220 1807 2184 2221
          2222 2223 2224 2225 2226 2221
          2227 2228 2229 2230 2231 2213
          2232 2165 2221 2223 2233 2225
          2223 2202 1807 2234 2174 2193
          2202 2178 2235 2230 2236 2237
          2238 2219 2193 2239 2178 2228
          2240 2241 2242 2243 2228 2244
          2219 2245 2246 2211 2059 2045
          2211 1980 2247 2237 2230 2248
          1980 2249 2213 2244 2165 2250
          2251 2187 2244 2245 2225 2217
          2245 2243 2252 2253 2217 2254
          2255 2191 2243 2208 2256 2257
          2208 2215 2258 2259 2215 2249
          2249 2163 2260 2261 2262 2261
          2263 2254 2163 2200 2200 2264
          2254 2264 2264 2126 2265 2266
          2126 2266 2267 2268 2269 2270
          2271 2272 2273 2274 2275 2268
          2276 2277 2278 2279 2266 2181
          2181 2183 2191 2280 2281 2282
          2283 2284 2285 2286 2183 2277
          2187 2257 2287 2288 2289 2290
          2277 2291 2292 2293 2294 2291
          2261 2295 2296 2297 2298 2280
          2299 2253 2291 2259 2300 2301
          2259 2282 2302 2248 2268 2234
          2303 2304 2282 2150 2305 2306
          2307 2272 2308 2239 2150 2274
          2309 2310 2311 2312 2272 2313
          2314 2284 2315 2316 2274 2142
          2239 2317 2318 2293 2237 2319
          2142 2304 2304 2295 2320 2321
          2322 2250 2250 2312 2312 2301
          2301 2286 2323 2324 2295 2297
          2325 2324 2293 2326 2297 2327
          2253 2326 2328 2329 2324 2330
          2331 2332 2333 2334 2326 2327
          2286 2335 2327 2334 2336 2337
          2248 2338 2334 2329 2339 2340
          2329 2332 2332 2335 2335 2337
          2337 2340 2284 2341 2342 2330
          2343 2344 2345 1997 2346 2347
          2348 2321 2349 2350 2330 2351
          2257 2317 2340 2288 2288 2352
          2234 2353 2354 2355 2356 2353
          2357 2358 2359 2313 2280 2360
          2361 2362 2321 2363 2364 2365
          2366 2367 2368 2352 2352 2367
          2369 2370 2317 2371 2367 2338
          2338 2355 2372 2373 2355 2351
          2374 2375 2313 2341 2351 2310
          2376 2377 2378 2379 2380 2381
          2341 2382 2383 2384 2385 2306
          2386 2387 2388 2389 2310 2375
          2390 2373 2375 2360 2391 2392
          2393 2394 2395 2396 2360 2358
          2358 2379 2373 2397 2045 2371
          2398 2399 2379 2350 2400 2401
          2371 2402 2403 2404 2405 2344
          2350 2270 2270 2401 2406 2407
          2401 2404 2408 2409 2344 2319
          2404 2389 2389 2377 2410 2411
          2377 2402 2412 2413 2402 2397
          2319 2382 2397 2399 2414 2415
          2399 2394 1997 2306 2416 2417
          2418 2419 2420 2421 2394 2362
          2422 2347 2362 2392 2306 2411
          2423 2424 2353 2381 2392 2409
          2381 2425 2426 2427 2411 2428
          2429 2430 2382 2384 2431 2432
          2409 2370 2370 2413 2433 2434
          2435 2436 2437 2438 2384 2439
          2413 2387 2440 2441 2442 2443
          2387 2438 2444 2445 2446 2447
          2438 2407 2448 2449 2450 2451
          2407 2443 2443 2432 2432 2428
          2428 2436 2436 2365 2365 2449
          2449 2452 2453 2452 2452 2454
          2455 2456 2457 2421 2458 2439
          2347 2454 2459 2460 2461 2462
          2463 2363 2439 2464 2465 2466
          2454 2466 2467 2468 2469 2470
          2466 2468 2468 2434 2471 2464
          2421 2472 2434 2424 2473 2474
          2363 2417 2475 2476 2424 2441
          2477 2478 2441 2445 2417 2479
          2445 2419 2419 2479 2479 2470
          2480 2481 2482 2483 2470 2462
          2462 2460 2464 2484 2460 2484
          2485 2486 2487 2488 2489 2490
          2491 2492 2484 2488 2493 2494
          2488 2425 2425 2451 2495 2496
          2497 2498 2451 2486 2486 2499
          2500 2499 2499 2483 2501 2502
          2483 2447 2503 2504 2447 2481
          2505 2498 2498 2506 2481 2476
          2507 2508 2476 2478 2478 2474
          2474 2316 2509 2510 2511 2512
          2316 2396 2396 2290 2513 2514
          2290 2241 2241 2430 2430 2510
          2510 2506 2515 2516 2506 2504
          2517 2518 2504 2415 2519 2520
          2415 2502 2502 2427 2427 2514
          2521 2522 2514 2508 2523 2524
          2508 2496 2525 2526 2527 2528
          2496 2522 2529 2530 2522 2512
          2531 2279 2512 2472 2472 2526
          2526 2532 2279 2532 2532 2456
          2533 2534 2456 2530 2530 2516
          2516 2494 2494 2520 2535 2536
          2520 2537 2538 2537 2539 2540
          2537 2536 2541 2542 2543 2534
          2536 2490 2534 2544 2545 2546
          2547 2548 2549 2550 2551 2528
          2490 2544 2544 2524 2524 2550
          2550 2552 2528 2552 2553 2554
          2552 2518 2518 2546 2546 2540
          2540 2548 2555 2556 2557 2558
          2559 2560 2548 2554 2554 2542
          2542 2558 2558 2560 2560 2561
          2562 2563 2564 2565 2566 2561
          2561 2556 2567 2568 2569 2570
          2556 2570 2570 2563 2571 2572
          2573 2574 2563 2574 2574 2492
          2492 2575 2576 2568 2577 2578
          2579 2575 2575 2572 2572 2578
          2578 2580 2581 2582 2583 2584
          2568 2580 2580 2565 2585 2586
          2565 2582 2582 2584 2584 2586
          2586 2587 2588 2587 2587 2589
        </DataArray>
        <DataArray type="Int64" Name="offsets" format="ascii" RangeMin="2" RangeMax="5178">
          2 4 6 8 10 12
          14 16 18 20 22 24
          26 28 30 32 34 36
          38 40 42 44 46 48
          50 52 54 56 58 60
          62 64 66 68 70 72
          74 76 78 80 82 84
          86 88 90 92 94 96
          98 100 102 104 106 108
          110 112 114 116 118 120
          122 124 126 128 130 132
          134 136 138 140 142 144
          146 148 150 152 154 156
          158 160 162 164 166 168
          170 172 174 176 178 180
          182 184 186 188 190 192
          194 196 198 200 202 204
          206 208 210 212 214 216
          218 220 222 224 226 228
          230 232 234 236 238 240
          242 244 246 248 250 252
          254 256 258 260 262 264
          266 268 270 272 274 276
          278 280 282 284 286 288
          290 292 294 296 298 300
          302 304 306 308 310 312
          314 316 318 320 322 324
          326 328 330 332 334 336
          338 340 342 344 346 348
          350 352 354 356 358 360
          362 364 366 368 370 372
          374 376 378 380 382 384
          386 388 390 392 394 396
          398 400 402 404 406 408
          410 412 414 416 418 420
          422 424 426 428 430 432
          434 436 438 440 442 444
          446 448 450 452 454 456
          458 460 462 464 466 468
          470 472 474 476 478 480
          482 484 486 488 490 492
          494 496 498 500 502 504
          506 508 510 512 514 516
          518 520 522 524 526 528
          530 532 534 536 538 540
          542 544 546 548 550 552
          554 556 558 560 562 564
          566 568 570 572 574 576
          578 580 582 584 586 588
          590 592 594 596 598 600
          602 604 606 608 610 612
          614 616 618 620 622 624
          626 628 630 632 634 636
          638 640 642 644 646 648
          650 652 654 656 658 660
          662 664 666 668 670 672
          674 676 678 680 682 684
          686 688 690 692 694 696
          698 700 702 704 706 708
          710 712 714 716 718 720
          722 724 726 728 730 732
          734 736 738 740 742 744
          746 748 750 752 754 756
          758 760 762 764 766 768
          770 772 774 776 778 780
          782 784 786 788 790 792
          794 796 798 800 802 804
          806 808 810 812 814 816
          818 820 822 824 826 828
          830 832 834 836 838 840
          842 844 846 848 850 852
          854 856 858 860 862 864
          866 868 870 872 874 876
          878 880 882 884 886 888
          890 892 894 896 898 900
          902 904 906 908 910 912
          914 916 918 920 922 924
          926 928 930 932 934 936
          938 940 942 944 946 948
          950 952 954 956 958 960
          962 964 966 968 970 972
          974 976 978 980 982 984
          986 988 990 992 994 996
          998 1000 1002 1004 1006 1008
          1010 1012 1014 1016 1018 1020
          1022 1024 1026 1028 1030 1032
          1034 1036 1038 1040 1042 1044
          1046 1048 1050 1052 1054 1056
          1058 1060 1062 1064 1066 1068
          1070 1072 1074 1076 1078 1080
          1082 1084 1086 1088 1090 1092
          1094 1096 1098 1100 1102 1104
          1106 1108 1110 1112 1114 1116
          1118 1120 1122 1124 1126 1128
          1130 1132 1134 1136 1138 1140
          1142 1144 1146 1148 1150 1152
          1154 1156 1158 1160 1162 1164
          1166 1168 1170 1172 1174 1176
          1178 1180 1182 1184 1186 1188
          1190 1192 1194 1196 1198 1200
          1202 1204 1206 1208 1210 1212
          1214 1216 1218 1220 1222 1224
          1226 1228 1230 1232 1234 1236
          1238 1240 1242 1244 1246 1248
          1250 1252 1254 1256 1258 1260
          1262 1264 1266 1268 1270 1272
          1274 1276 1278 1280 1282 1284
          1286 1288 1290 1292 1294 1296
          1298 1300 1302 1304 1306 1308
          1310 1312 1314 1316 1318 1320
          1322 1324 1326 1328 1330 1332
          1334 1336 1338 1340 1342 1344
          1346 1348 1350 1352 1354 1356
          1358 1360 1362 1364 1366 1368
          1370 1372 1374 1376 1378 1380
          1382 1384 1386 1388 1390 1392
          1394 1396 1398 1400 1402 1404
          1406 1408 1410 1412 1414 1416
          1418 1420 1422 1424 1426 1428
          1430 1432 1434 1436 1438 1440
          1442 1444 1446 1448 1450 1452
          1454 1456 1458 1460 1462 1464
          1466 1468 1470 1472 1474 1476
          1478 1480 1482 1484 1486 1488
          1490 1492 1494 1496 1498 1500
          1502 1504 1506 1508 1510 1512
          1514 1516 1518 1520 1522 1524
          1526 1528 1530 1532 1534 1536
          1538 1540 1542 1544 1546 1548
          1550 1552 1554 1556 1558 1560
          1562 1564 1566 1568 1570 1572
          1574 1576 1578 1580 1582 1584
          1586 1588 1590 1592 1594 1596
          1598 1600 1602 1604 1606 1608
          1610 1612 1614 1616 1618 1620
          1622 1624 1626 1628 1630 1632
          1634 1636 1638 1640 1642 1644
          1646 1648 1650 1652 1654 1656
          1658 1660 1662 1664 1666 1668
          1670 1672 1674 1676 1678 1680
          1682 1684 1686 1688 1690 1692
          1694 1696 1698 1700 1702 1704
          1706 1708 1710 1712 1714 1716
          1718 1720 1722 1724 1726 1728
          1730 1732 1734 1736 1738 1740
          1742 1744 1746 1748 1750 1752
          1754 1756 1758 1760 1762 1764
          1766 1768 1770 1772 1774 1776
          1778 1780 1782 1784 1786 1788
          1790 1792 1794 1796 1798 1800
          1802 1804 1806 1808 1810 1812
          1814 1816 1818 1820 1822 1824
          1826 1828 1830 1832 1834 1836
          1838 1840 1842 1844 1846 1848
          1850 1852 1854 1856 1858 1860
          1862 1864 1866 1868 1870 1872
          1874 1876 1878 1880 1882 1884
          1886 1888 1890 1892 1894 1896
          1898 1900 1902 1904 1906 1908
          1910 1912 1914 1916 1918 1920
          1922 1924 1926 1928 1930 1932
          1934 1936 1938 1940 1942 1944
          1946 1948 1950 1952 1954 1956
          1958 1960 1962 1964 1966 1968
          1970 1972 1974 1976 1978 1980
          1982 1984 1986 1988 1990 1992
          1994 1996 1998 2000 2002 2004
          2006 2008 2010 2012 2014 2016
          2018 2020 2022 2024 2026 2028
          2030 2032 2034 2036 2038 2040
          2042 2044 2046 2048 2050 2052
          2054 2056 2058 2060 2062 2064
          2066 2068 2070 2072 2074 2076
          2078 2080 2082 2084 2086 2088
          2090 2092 2094 2096 2098 2100
          2102 2104 2106 2108 2110 2112
          2114 2116 2118 2120 2122 2124
          2126 2128 2130 2132 2134 2136
          2138 2140 2142 2144 2146 2148
          2150 2152 2154 2156 2158 2160
          2162 2164 2166 2168 2170 2172
          2174 2176 2178 2180 2182 2184
          2186 2188 2190 2192 2194 2196
          2198 2200 2202 2204 2206 2208
          2210 2212 2214 2216 2218 2220
          2222 2224 2226 2228 2230 2232
          2234 2236 2238 2240 2242 2244
          2246 2248 2250 2252 2254 2256
          2258 2260 2262 2264 2266 2268
          2270 2272 2274 2276 2278 2280
          2282 2284 2286 2288 2290 2292
          2294 2296 2298 2300 2302 2304
          2306 2308 2310 2312 2314 2316
          2318 2320 2322 2324 2326 2328
          2330 2332 2334 2336 2338 2340
          2342 2344 2346 2348 2350 2352
          2354 2356 2358 2360 2362 2364
          2366 2368 2370 2372 2374 2376
          2378 2380 2382 2384 2386 2388
          2390 2392 2394 2396 2398 2400
          2402 2404 2406 2408 2410 2412
          2414 2416 2418 2420 2422 2424
          2426 2428 2430 2432 2434 2436
          2438 2440 2442 2444 2446 2448
          2450 2452 2454 2456 2458 2460
          2462 2464 2466 2468 2470 2472
          2474 2476 2478 2480 2482 2484
          2486 2488 2490 2492 2494 2496
          2498 2500 2502 2504 2506 2508
          2510 2512 2514 2516 2518 2520
          2522 2524 2526 2528 2530 2532
          2534 2536 2538 2540 2542 2544
          2546 2548 2550 2552 2554 2556
          2558 2560 2562 2564 2566 2568
          2570 2572 2574 2576 2578 2580
          2582 2584 2586 2588 2590 2592
          2594 2596 2598 2600 2602 2604
          2606 2608 2610 2612 2614 2616
          2618 2620 2622 2624 2626 2628
          2630 2632 2634 2636 2638 2640
          2642 2644 2646 2648 2650 2652
          2654 2656 2658 2660 2662 2664
          2666 2668 2670 2672 2674 2676
          2678 2680 2682 2684 2686 2688
          2690 2692 2694 2696 2698 2700
          2702 2704 2706 2708 2710 2712
          2714 2716 2718 2720 2722 2724
          2726 2728 2730 2732 2734 2736
          2738 2740 2742 2744 2746 2748
          2750 2752 2754 2756 2758 2760
          2762 2764 2766 2768 2770 2772
          2774 2776 2778 2780 2782 2784
          2786 2788 2790 2792 2794 2796
          2798 2800 2802 2804 2806 2808
          2810 2812 2814 2816 2818 2820
          2822 2824 2826 2828 2830 2832
          2834 2836 2838 2840 2842 2844
          2846 2848 2850 2852 2854 2856
          2858 2860 2862 2864 2866 2868
          2870 2872 2874 2876 2878 2880
          2882 2884 2886 2888 2890 2892
          2894 2896 2898 2900 2902 2904
          2906 2908 2910 2912 2914 2916
          2918 2920 2922 2924 2926 2928
          2930 2932 2934 2936 2938 2940
          2942 2944 2946 2948 2950 2952
          2954 2956 2958 2960 2962 2964
          2966 2968 2970 2972 2974 2976
          2978 2980 2982 2984 2986 2988
          2990 2992 2994 2996 2998 3000
          3002 3004 3006 3008 3010 3012
          3014 3016 3018 3020 3022 3024
          3026 3028 3030 3032 3034 3036
          3038 3040 3042 3044 3046 3048
          3050 3052 3054 3056 3058 3060
          3062 3064 3066 3068 3070 3072
          3074 3076 3078 3080 3082 3084
          3086 3088 3090 3092 3094 3096
          3098 3100 3102 3104 3106 3108
          3110 3112 3114 3116 3118 3120
          3122 3124 3126 3128 3130 3132
          3134 3136 3138 3140 3142 3144
          3146 3148 3150 3152 3154 3156
          3158 3160 3162 3164 3166 3168
          3170 3172 3174 3176 3178 3180
          3182 3184 3186 3188 3190 3192
          3194 3196 3198 3200 3202 3204
          3206 3208 3210 3212 3214 3216
          3218 3220 3222 3224 3226 3228
          3230 3232 3234 3236 3238 3240
          3242 3244 3246 3248 3250 3252
          3254 3256 3258 3260 3262 3264
          3266 3268 3270 3272 3274 3276
          3278 3280 3282 3284 3286 3288
          3290 3292 3294 3296 3298 3300
          3302 3304 3306 3308 3310 3312
          3314 3316 3318 3320 3322 3324
          3326 3328 3330 3332 3334 3336
          3338 3340 3342 3344 3346 3348
          3350 3352 3354 3356 3358 3360
          3362 3364 3366 3368 3370 3372
          3374 3376 3378 3380 3382 3384
          3386 3388 3390 3392 3394 3396
          3398 3400 3402 3404 3406 3408
          3410 3412 3414 3416 3418 3420
          3422 3424 3426 3428 3430 3432
          3434 3436 3438 3440 3442 3444
          3446 3448 3450 3452 3454 3456
          3458 3460 3462 3464 3466 3468
          3470 3472 3474 3476 3478 3480
          3482 3484 3486 3488 3490 3492
          3494 3496 3498 3500 3502 3504
          3506 3508 3510 3512 3514 3516
          3518 3520 3522 3524 3526 3528
          3530 3532 3534 3536 3538 3540
          3542 3544 3546 3548 3550 3552
          3554 3556 3558 3560 3562 3564
          3566 3568 3570 3572 3574 3576
          3578 3580 3582 3584 3586 3588
          3590 3592 3594 3596 3598 3600
          3602 3604 3606 3608 3610 3612
          3614 3616 3618 3620 3622 3624
          3626 3628 3630 3632 3634 3636
          3638 3640 3642 3644 3646 3648
          3650 3652 3654 3656 3658 3660
          3662 3664 3666 3668 3670 3672
          3674 3676 3678 3680 3682 3684
          3686 3688 3690 3692 3694 3696
          3698 3700 3702 3704 3706 3708
          3710 3712 3714 3716 3718 3720
          3722 3724 3726 3728 3730 3732
          3734 3736 3738 3740 3742 3744
          3746 3748 3750 3752 3754 3756
          3758 3760 3762 3764 3766 3768
          3770 3772 3774 3776 3778 3780
          3782 3784 3786 3788 3790 3792
          3794 3796 3798 3800 3802 3804
          3806 3808 3810 3812 3814 3816
          3818 3820 3822 3824 3826 3828
          3830 3832 3834 3836 3838 3840
          3842 3844 3846 3848 3850 3852
          3854 3856 3858 3860 3862 3864
          3866 3868 3870 3872 3874 3876
          3878 3880 3882 3884 3886 3888
          3890 3892 3894 3896 3898 3900
          3902 3904 3906 3908 3910 3912
          3914 3916 3918 3920 3922 3924
          3926 3928 3930 3932 3934 3936
          3938 3940 3942 3944 3946 3948
          3950 3952 3954 3956 3958 3960
          3962 3964 3966 3968 3970 3972
          3974 3976 3978 3980 3982 3984
          3986 3988 3990 3992 3994 3996
          3998 4000 4002 4004 4006 4008
          4010 4012 4014 4016 4018 4020
          4022 4024 4026 4028 4030 4032
          4034 4036 4038 4040 4042 4044
          4046 4048 4050 4052 4054 4056
          4058 4060 4062 4064 4066 4068
          4070 4072 4074 4076 4078 4080
          4082 4084 4086 4088 4090 4092
          4094 4096 4098 4100 4102 4104
          4106 4108 4110 4112 4114 4116
          4118 4120 4122 4124 4126 4128
          4130 4132 4134 4136 4138 4140
          4142 4144 4146 4148 4150 4152
          4154 4156 4158 4160 4162 4164
          4166 4168 4170 4172 4174 4176
          4178 4180 4182 4184 4186 4188
          4190 4192 4194 4196 4198 4200
          4202 4204 4206 4208 4210 4212
          4214 4216 4218 4220 4222 4224
          4226 4228 4230 4232 4234 4236
          4238 4240 4242 4244 4246 4248
          4250 4252 4254 4256 4258 4260
          4262 4264 4266 4268 4270 4272
          4274 4276 4278 4280 4282 4284
          4286 4288 4290 4292 4294 4296
          4298 4300 4302 4304 4306 4308
          4310 4312 4314 4316 4318 4320
          4322 4324 4326 4328 4330 4332
          4334 4336 4338 4340 4342 4344
          4346 4348 4350 4352 4354 4356
          4358 4360 4362 4364 4366 4368
          4370 4372 4374 4376 4378 4380
          4382 4384 4386 4388 4390 4392
          4394 4396 4398 4400 4402 4404
          4406 4408 4410 4412 4414 4416
          4418 4420 4422 4424 4426 4428
          4430 4432 4434 4436 4438 4440
          4442 4444 4446 4448 4450 4452
          4454 4456 4458 4460 4462 4464
          4466 4468 4470 4472 4474 4476
          4478 4480 4482 4484 4486 4488
          4490 4492 4494 4496 4498 4500
          4502 4504 4506 4508 4510 4512
          4514 4516 4518 4520 4522 4524
          4526 4528 4530 4532 4534 4536
          4538 4540 4542 4544 4546 4548
          4550 4552 4554 4556 4558 4560
          4562 4564 4566 4568 4570 4572
          4574 4576 4578 4580 4582 4584
          4586 4588 4590 4592 4594 4596
          4598 4600 4602 4604 4606 4608
          4610 4612 4614 4616 4618 4620
          4622 4624 4626 4628 4630 4632
          4634 4636 4638 4640 4642 4644
          4646 4648 4650 4652 4654 4656
          4658 4660 4662 4664 4666 4668
          4670 4672 4674 4676 4678 4680
          4682 4684 4686 4688 4690 4692
          4694 4696 4698 4700 4702 4704
          4706 4708 4710 4712 4714 4716
          4718 4720 4722 4724 4726 4728
          4730 4732 4734 4736 4738 4740
          4742 4744 4746 4748 4750 4752
          4754 4756 4758 4760 4762 4764
          4766 4768 4770 4772 4774 4776
          4778 4780 4782 4784 4786 4788
          4790 4792 4794 4796 4798 4800
          4802 4804 4806 4808 4810 4812
          4814 4816 4818 4820 4822 4824
          4826 4828 4830 4832 4834 4836
          4838 4840 4842 4844 4846 4848
          4850 4852 4854 4856 4858 4860
          4862 4864 4866 4868 4870 4872
          4874 4876 4878 4880 4882 4884
          4886 4888 4890 4892 4894 4896
          4898 4900 4902 4904 4906 4908
          4910 4912 4914 4916 4918 4920
          4922 4924 4926 4928 4930 4932
          4934 4936 4938 4940 4942 4944
          4946 4948 4950 4952 4954 4956
          4958 4960 4962 4964 4966 4968
          4970 4972 4974 4976 4978 4980
          4982 4984 4986 4988 4990 4992
          4994 4996 4998 5000 5002 5004
          5006 5008 5010 5012 5014 5016
          5018 5020 5022 5024 5026 5028
          5030 5032 5034 5036 5038 5040
          5042 5044 5046 5048 5050 5052
          5054 5056 5058 5060 5062 5064
          5066 5068 5070 5072 5074 5076
          5078 5080 5082 5084 5086 5088
          5090 5092 5094 5096 5098 5100
          5102 5104 5106 5108 5110 5112
          5114 5116 5118 5120 5122 5124
          5126 5128 5130 5132 5134 5136
          5138 5140 5142 5144 5146 5148
          5150 5152 5154 5156 5158 5160
          5162 5164 5166 5168 5170 5172
          5174 5176 5178
        </DataArray>
        <DataArray type="UInt8" Name="types" format="ascii" RangeMin="3" RangeMax="3">
          3 3 3 3 3 3
          3 3 3 3 3 3
          3 3 3 3 3 3
          3 3 3 3 3 3
          3 3 3 3 3 3
          3 3 3 3 3 3
          3 3 3 3 3 3
          3 3 3 3 3 3
          3 3 3 3 3 3
          3 3 3 3 3 3
          3 3 3 3 3 3
          3 3 3 3 3 3
          3 3 3 3 3 3
          3 3 3 3 3 3
          3 3 3 3 3 3
          3 3 3 3 3 3
          3 3 3 3 3 3
          3 3 3 3 3 3
          3 3 3 3 3 3
          3 3 3 3 3 3
          3 3 3 3 3 3
          3 3 3 3 3 3
          3 3 3 3 3 3
          3 3 3 3 3 3
          3 3 3 3 3 3
          3 3 3 3 3 3
          3 3 3 3 3 3
          3 3 3 3 3 3
          3 3 3 3 3 3
          3 3 3 3 3 3
          3 3 3 3 3 3
          3 3 3 3 3 3
          3 3 3 3 3 3
          3 3 3 3 3 3
          3 3 3 3 3 3
          3 3 3 3 3 3
          3 3 3 3 3 3
          3 3 3 3 3 3
          3 3 3 3 3 3
          3 3 3 3 3 3
          3 3 3 3 3 3
          3 3 3 3 3 3
          3 3 3 3 3 3
          3 3 3 3 3 3
          3 3 3 3 3 3
          3 3 3 3 3 3
          3 3 3 3 3 3
          3 3 3 3 3 3
          3 3 3 3 3 3
          3 3 3 3 3 3
          3 3 3 3 3 3
          3 3 3 3 3 3
          3 3 3 3 3 3
          3 3 3 3 3 3
          3 3 3 3 3 3
          3 3 3 3 3 3
          3 3 3 3 3 3
          3 3 3 3 3 3
          3 3 3 3 3 3
          3 3 3 3 3 3
          3 3 3 3 3 3
          3 3 3 3 3 3
          3 3 3 3 3 3
          3 3 3 3 3 3
          3 3 3 3 3 3
          3 3 3 3 3 3
          3 3 3 3 3 3
          3 3 3 3 3 3
          3 3 3 3 3 3
          3 3 3 3 3 3
          3 3 3 3 3 3
          3 3 3 3 3 3
          3 3 3 3 3 3
          3 3 3 3 3 3
          3 3 3 3 3 3
          3 3 3 3 3 3
          3 3 3 3 3 3
          3 3 3 3 3 3
          3 3 3 3 3 3
          3 3 3 3 3 3
          3 3 3 3 3 3
          3 3 3 3 3 3
          3 3 3 3 3 3
          3 3 3 3 3 3
          3 3 3 3 3 3
          3 3 3 3 3 3
          3 3 3 3 3 3
          3 3 3 3 3 3
          3 3 3 3 3 3
          3 3 3 3 3 3
          3 3 3 3 3 3
          3 3 3 3 3 3
          3 3 3 3 3 3
          3 3 3 3 3 3
          3 3 3 3 3 3
          3 3 3 3 3 3
          3 3 3 3 3 3
          3 3 3 3 3 3
          3 3 3 3 3 3
          3 3 3 3 3 3
          3 3 3 3 3 3
          3 3 3 3 3 3
          3 3 3 3 3 3
          3 3 3 3 3 3
          3 3 3 3 3 3
          3 3 3 3 3 3
          3 3 3 3 3 3
          3 3 3 3 3 3
          3 3 3 3 3 3
          3 3 3 3 3 3
          3 3 3 3 3 3
          3 3 3 3 3 3
          3 3 3 3 3 3
          3 3 3 3 3 3
          3 3 3 3 3 3
          3 3 3 3 3 3
          3 3 3 3 3 3
          3 3 3 3 3 3
          3 3 3 3 3 3
          3 3 3 3 3 3
          3 3 3 3 3 3
          3 3 3 3 3 3
          3 3 3 3 3 3
          3 3 3 3 3 3
          3 3 3 3 3 3
          3 3 3 3 3 3
          3 3 3 3 3 3
          3 3 3 3 3 3
          3 3 3 3 3 3
          3 3 3 3 3 3
          3 3 3 3 3 3
          3 3 3 3 3 3
          3 3 3 3 3 3
          3 3 3 3 3 3
          3 3 3 3 3 3
          3 3 3 3 3 3
          3 3 3 3 3 3
          3 3 3 3 3 3
          3 3 3 3 3 3
          3 3 3 3 3 3
          3 3 3 3 3 3
          3 3 3 3 3 3
          3 3 3 3 3 3
          3 3 3 3 3 3
          3 3 3 3 3 3
          3 3 3 3 3 3
          3 3 3 3 3 3
          3 3 3 3 3 3
          3 3 3 3 3 3
          3 3 3 3 3 3
          3 3 3 3 3 3
          3 3 3 3 3 3
          3 3 3 3 3 3
          3 3 3 3 3 3
          3 3 3 3 3 3
          3 3 3 3 3 3
          3 3 3 3 3 3
          3 3 3 3 3 3
          3 3 3 3 3 3
          3 3 3 3 3 3
          3 3 3 3 3 3
          3 3 3 3 3 3
          3 3 3 3 3 3
          3 3 3 3 3 3
          3 3 3 3 3 3
          3 3 3 3 3 3
          3 3 3 3 3 3
          3 3 3 3 3 3
          3 3 3 3 3 3
          3 3 3 3 3 3
          3 3 3 3 3 3
          3 3 3 3 3 3
          3 3 3 3 3 3
          3 3 3 3 3 3
          3 3 3 3 3 3
          3 3 3 3 3 3
          3 3 3 3 3 3
          3 3 3 3 3 3
          3 3 3 3 3 3
          3 3 3 3 3 3
          3 3 3 3 3 3
          3 3 3 3 3 3
          3 3 3 3 3 3
          3 3 3 3 3 3
          3 3 3 3 3 3
          3 3 3 3 3 3
          3 3 3 3 3 3
          3 3 3 3 3 3
          3 3 3 3 3 3
          3 3 3 3 3 3
          3 3 3 3 3 3
          3 3 3 3 3 3
          3 3 3 3 3 3
          3 3 3 3 3 3
          3 3 3 3 3 3
          3 3 3 3 3 3
          3 3 3 3 3 3
          3 3 3 3 3 3
          3 3 3 3 3 3
          3 3 3 3 3 3
          3 3 3 3 3 3
          3 3 3 3 3 3
          3 3 3 3 3 3
          3 3 3 3 3 3
          3 3 3 3 3 3
          3 3 3 3 3 3
          3 3 3 3 3 3
          3 3 3 3 3 3
          3 3 3 3 3 3
          3 3 3 3 3 3
          3 3 3 3 3 3
          3 3 3 3 3 3
          3 3 3 3 3 3
          3 3 3 3 3 3
          3 3 3 3 3 3
          3 3 3 3 3 3
          3 3 3 3 3 3
          3 3 3 3 3 3
          3 3 3 3 3 3
          3 3 3 3 3 3
          3 3 3 3 3 3
          3 3 3 3 3 3
          3 3 3 3 3 3
          3 3 3 3 3 3
          3 3 3 3 3 3
          3 3 3 3 3 3
          3 3 3 3 3 3
          3 3 3 3 3 3
          3 3 3 3 3 3
          3 3 3 3 3 3
          3 3 3 3 3 3
          3 3 3 3 3 3
          3 3 3 3 3 3
          3 3 3 3 3 3
          3 3 3 3 3 3
          3 3 3 3 3 3
          3 3 3 3 3 3
          3 3 3 3 3 3
          3 3 3 3 3 3
          3 3 3 3 3 3
          3 3 3 3 3 3
          3 3 3 3 3 3
          3 3 3 3 3 3
          3 3 3 3 3 3
          3 3 3 3 3 3
          3 3 3 3 3 3
          3 3 3 3 3 3
          3 3 3 3 3 3
          3 3 3 3 3 3
          3 3 3 3 3 3
          3 3 3 3 3 3
          3 3 3 3 3 3
          3 3 3 3 3 3
          3 3 3 3 3 3
          3 3 3 3 3 3
          3 3 3 3 3 3
          3 3 3 3 3 3
          3 3 3 3 3 3
          3 3 3 3 3 3
          3 3 3 3 3 3
          3 3 3 3 3 3
          3 3 3 3 3 3
          3 3 3 3 3 3
          3 3 3 3 3 3
          3 3 3 3 3 3
          3 3 3 3 3 3
          3 3 3 3 3 3
          3 3 3 3 3 3
          3 3 3 3 3 3
          3 3 3 3 3 3
          3 3 3 3 3 3
          3 3 3 3 3 3
          3 3 3 3 3 3
          3 3 3 3 3 3
          3 3 3 3 3 3
          3 3 3 3 3 3
          3 3 3 3 3 3
          3 3 3 3 3 3
          3 3 3 3 3 3
          3 3 3 3 3 3
          3 3 3 3 3 3
          3 3 3 3 3 3
          3 3 3 3 3 3
          3 3 3 3 3 3
          3 3 3 3 3 3
          3 3 3 3 3 3
          3 3 3 3 3 3
          3 3 3 3 3 3
          3 3 3 3 3 3
          3 3 3 3 3 3
          3 3 3 3 3 3
          3 3 3 3 3 3
          3 3 3 3 3 3
          3 3 3 3 3 3
          3 3 3 3 3 3
          3 3 3 3 3 3
          3 3 3 3 3 3
          3 3 3 3 3 3
          3 3 3 3 3 3
          3 3 3 3 3 3
          3 3 3 3 3 3
          3 3 3 3 3 3
          3 3 3 3 3 3
          3 3 3 3 3 3
          3 3 3 3 3 3
          3 3 3 3 3 3
          3 3 3 3 3 3
          3 3 3 3 3 3
          3 3 3 3 3 3
          3 3 3 3 3 3
          3 3 3 3 3 3
          3 3 3 3 3 3
          3 3 3 3 3 3
          3 3 3 3 3 3
          3 3 3 3 3 3
          3 3 3 3 3 3
          3 3 3 3 3 3
          3 3 3 3 3 3
          3 3 3 3 3 3
          3 3 3 3 3 3
          3 3 3 3 3 3
          3 3 3 3 3 3
          3 3 3 3 3 3
          3 3 3 3 3 3
          3 3 3 3 3 3
          3 3 3 3 3 3
          3 3 3 3 3 3
          3 3 3 3 3 3
          3 3 3 3 3 3
          3 3 3 3 3 3
          3 3 3 3 3 3
          3 3 3 3 3 3
          3 3 3 3 3 3
          3 3 3 3 3 3
          3 3 3 3 3 3
          3 3 3 3 3 3
          3 3 3 3 3 3
          3 3 3 3 3 3
          3 3 3 3 3 3
          3 3 3 3 3 3
          3 3 3 3 3 3
          3 3 3 3 3 3
          3 3 3 3 3 3
          3 3 3 3 3 3
          3 3 3 3 3 3
          3 3 3 3 3 3
          3 3 3 3 3 3
          3 3 3 3 3 3
          3 3 3 3 3 3
          3 3 3 3 3 3
          3 3 3 3 3 3
          3 3 3 3 3 3
          3 3 3 3 3 3
          3 3 3 3 3 3
          3 3 3 3 3 3
          3 3 3 3 3 3
          3 3 3 3 3 3
          3 3 3 3 3 3
          3 3 3 3 3 3
          3 3 3 3 3 3
          3 3 3 3 3 3
          3 3 3 3 3 3
          3 3 3 3 3 3
          3 3 3 3 3 3
          3 3 3 3 3 3
          3 3 3 3 3 3
          3 3 3 3 3 3
          3 3 3 3 3 3
          3 3 3 3 3 3
          3 3 3 3 3 3
          3 3 3 3 3 3
          3 3 3 3 3 3
          3 3 3 3 3 3
          3 3 3 3 3 3
          3 3 3 3 3 3
          3 3 3 3 3 3
          3 3 3 3 3 3
          3 3 3 3 3 3
          3 3 3 3 3 3
          3 3 3 3 3 3
          3 3 3 3 3 3
          3 3 3 3 3 3
          3 3 3 3 3 3
          3 3 3 3 3 3
          3 3 3 3 3 3
          3 3 3 3 3 3
          3 3 3 3 3 3
          3 3 3 3 3 3
          3 3 3 3 3 3
          3 3 3 3 3 3
          3 3 3 3 3 3
          3 3 3 3 3 3
          3 3 3 3 3 3
          3 3 3 3 3 3
          3 3 3 3 3 3
          3 3 3 3 3 3
          3 3 3 3 3 3
          3 3 3 3 3 3
          3 3 3 3 3 3
          3 3 3 3 3 3
          3 3 3 3 3 3
          3 3 3 3 3 3
          3 3 3 3 3 3
          3 3 3 3 3 3
          3 3 3 3 3 3
          3 3 3 3 3 3
          3 3 3 3 3 3
          3 3 3 3 3 3
          3 3 3 3 3 3
          3 3 3 3 3 3
          3 3 3 3 3 3
          3 3 3 3 3 3
          3 3 3 3 3 3
          3 3 3 3 3 3
          3 3 3 3 3 3
          3 3 3 3 3 3
          3 3 3 3 3 3
          3 3 3 3 3 3
          3 3 3 3 3 3
          3 3 3 3 3 3
          3 3 3 3 3 3
          3 3 3 3 3 3
          3 3 3 3 3 3
          3 3 3 3 3 3
          3 3 3 3 3 3
          3 3 3 3 3 3
          3 3 3 3 3 3
          3 3 3 3 3 3
          3 3 3 3 3 3
          3 3 3 3 3 3
          3 3 3 3 3 3
          3 3 3
        </DataArray>
      </Cells>
    </Piece>
  </UnstructuredGrid>
</VTKFile>
