<VTKFile type="UnstructuredGrid" version="0.1" byte_order="LittleEndian" header_type="UInt32" compressor="vtkZLibDataCompressor">
  <UnstructuredGrid>
    <Piece NumberOfPoints="1330" NumberOfCells="1329">
      <PointData>
        <DataArray type="Float32" Name="Scalar" format="ascii" RangeMin="0.0518798828125" RangeMax="21.84209442138672">
          0.051879883 0.1617508 0.051879883 0.076293945 0.29297638 0.0793457
          0.47303772 0.08544922 0.21057893 0.091552734 0.5920563 0.103759766
          0.25025177 0.119018555 0.54933167 0.119018555 0.36011505 0.12207794
          0.13123322 0.14344025 0.39979553 0.15259552 0.15259552 0.15564728
          0.32349396 0.4150543 0.16785431 1.6327438 0.17090607 1.1017151
          0.17090607 0.34485626 0.17395782 1.0803528 0.17395782 0.92471313
          0.18311311 0.5127106 0.18921661 1.718193 0.19837189 0.5340729
          0.2044754 1.0589905 0.20752716 0.5737457 0.21057892 0.35401154
          0.22278595 0.60121155 0.23499298 0.60731506 0.23804475 2.0569458
          0.24414825 0.3723297 0.24720001 0.45472717 0.25025177 0.56459045
          0.3875885 0.25025177 0.37843323 0.25330353 2.0996704 0.25940704
          0.78432465 0.26551056 0.39979553 0.26551056 0.27161407 0.49745178
          0.27466583 0.64699554 0.28076935 0.2838211 0.28687286 0.28992462
          2.706993 0.50050354 0.29297638 0.29602814 2.1454544 0.3051834
          0.39369202 0.31128693 2.5574493 0.31128693 0.31433868 0.3204422
          0.5127106 0.3204422 0.37538147 0.32349396 0.9430237 0.32349396
          0.45777893 0.32959747 0.33264923 0.335701 0.35095978 0.6195221
          0.3570633 0.52796936 0.36011505 0.69582367 0.6195221 0.6561508
          0.3906403 0.79042816 0.5035553 0.39674377 0.39674377 0.5249176
          0.39674377 0.43946835 0.40589905 0.41200256 0.41200256 0.41505432
          0.6378403 0.41505432 2.7863388 0.4242096 0.582901 0.4455719
          0.63173676 0.45777893 0.46388245 0.4669342 0.628685 0.48829648
          0.5035553 0.49745178 0.5554352 0.49745178 0.5767975 0.5005036
          0.6592026 0.5127106 0.692772 0.5249176 0.53712463 0.64699554
          0.5310211 0.5340729 0.6897201 1.2451553 0.5523834 2.0203247
          0.8941956 0.56764215 0.59510803 0.5676422 0.6439438 0.57984924
          0.6195221 0.57984924 0.60426337 0.66835785 0.5920563 1.2817764
          0.59815985 1.0376282 0.73244476 0.80568695 0.60731506 0.9491272
          0.62563324 1.7487106 0.628685 0.8514633 0.6347885 0.8606186
          0.7446518 1.3092422 0.6805649 0.65309906 0.65920264 1.0956116
          0.66835785 0.99490356 0.68972015 1.5900116 0.70497894 1.6144257
          0.71108246 1.1322403 0.7171859 1.6388474 0.717186 0.72634125
          0.86977386 0.7660141 0.7751694 1.5869598 0.8026352 0.91250616
          0.9277649 0.830101 0.8392563 0.94607544 0.8911438 0.96743774
          0.94607544 0.91555786 1.0284729 1.3550186 0.9338684 0.9491272
          0.939972 1.3855438 0.9857483 1.0193176 0.9491272 0.9521789
          1.4008026 0.9613343 1.1078186 0.976593 1.7639694 0.98880005
          1.3641739 0.9918518 0.99490356 1.1627579 1.0101624 1.0986633
          1.052887 1.0681458 1.077301 1.3824921 1.0864563 1.1078186
          1.4893035 1.135292 2.0233765 1.1413956 1.2207413 1.1413956
          1.6266403 1.1474991 2.2064896 1.1688614 1.9501343 1.1810684
          1.1902237 1.211586 1.4252167 1.28788 1.2329483 1.3061905
          1.2390518 1.2390518 1.2573624 1.3977509 1.2634659 1.5778046
          1.2756729 1.2817764 2.4933624 1.2848282 1.28788 1.3489151
          1.312294 1.2909317 1.2939835 1.3458633 1.2970352 1.3122939
          1.4893036 1.3336563 1.3611221 1.3458633 1.4709929 1.3763885
          1.3519669 1.928772 1.3611221 1.4191132 1.3641739 1.3702774
          1.446579 2.1729202 1.8402634 1.3885956 1.3916473 1.3916473
          1.4252167 1.6144255 1.4191132 1.8097458 1.434372 1.6113739
          1.4496307 1.5778046 1.6144257 1.6205292 1.4893036 1.5228729
          1.4923555 1.5198212 1.7487108 1.5259247 2.2095413 1.5259248
          1.5289764 1.6602097 1.5381317 1.6449507 1.5381318 1.5533905
          1.559494 1.9318237 1.5625457 1.5655975 1.5747528 2.981659
          2.1027222 1.5869597 1.654106 1.7914352 1.6296921 1.5961151
          1.8982543 1.5991669 1.6083221 2.005066 1.6785202 1.6937789
          1.6510544 1.8311081 1.6541061 1.7212448 1.7517623 1.6632614
          1.7517623 1.6754684 1.681572 1.7120895 1.6846237 1.6846237
          1.7914352 1.6907272 2.7527695 1.705986 1.7090378 1.7639694
          1.7120895 1.7120897 1.718193 1.8524703 1.7670212 1.733452
          1.7456588 4.5594635 1.9623413 1.7609178 1.9714966 2.1271439
          1.7639694 1.7792281 2.1912308 1.8921509 1.8005905 2.053894
          1.806694 1.8341599 3.0457458 1.8280563 1.9714966 1.9867555
          1.8646774 1.8524703 1.8646774 1.870781 1.8921509 1.8738403
          1.8890991 1.9104614 2.0081174 1.928772 1.9989624 2.5330353
          1.9501343 2.1118774 1.9623413 1.9928589 2.0691528 1.9684448
          1.9684448 2.0722046 1.9806519 1.9928589 2.0722046 1.9959106
          2.1851273 1.9989624 2.078308 2.017273 2.1485062 2.0203247
          2.1973343 2.2980423 2.0233765 2.2919388 2.0355833 2.0783079
          2.0386353 2.0630493 2.1332474 2.2614212 2.0905151 2.4842072
          2.2980423 2.1149292 2.4750516 2.117981 2.398758 2.2339554
          2.5421906 2.1485062 2.1912308 2.2431107 2.1546097 2.1607132
          2.163765 2.3560257 2.1698685 2.1698685 2.1912308 2.435379
          2.200386 2.2095416 2.200386 2.27668 2.200386 2.2064896
          2.3285599 2.2919388 2.587967 2.2186966 2.2370071 2.227852
          2.2370071 2.560501 2.2705765 2.2736285 2.3041458 2.27668
          2.2919388 2.2827835 3.253273 2.2919388 2.929779 2.6215363
          2.7405624 2.3438187 2.313301 2.325508 2.4750519 2.3712845
          2.4109652 2.386551 2.4262238 2.4079132 3.0121765 2.4140167
          2.4658966 2.4292755 2.7130966 2.5055695 2.4384308 3.0549011
          2.4964142 2.5543976 2.499466 2.7375107 2.4994662 2.511673
          2.5055695 2.658165 2.548294 2.706993 2.6978378 2.5971222
          2.6398544 2.6215363 2.6245956 3.0030212 2.6429062 2.7619247
          2.6429062 2.645958 2.6520615 2.6673203 2.8168564 2.6734238
          3.006073 2.682579 2.9450378 2.6978378 2.7863388 2.7008896
          2.9114685 2.7039413 2.7802353 2.734459 2.7771835 2.7497177
          2.7375107 2.8687363 2.917572 2.8168564 2.7649765 2.7680283
          2.77108 2.77108 3.0274353 2.8260117 2.7863388 2.8107529
          2.7863388 3.646965 2.8382187 2.8260117 2.8321152 2.954193
          2.9114685 2.8870544 2.8992615 2.9236755 3.006073 2.9267273
          2.9755554 2.9328306 3.0335388 2.932831 3.021332 2.9389343
          2.9389343 2.941986 2.9633484 3.2197037 2.9633484 3.0854187
          2.969452 3.006073 2.9786072 3.2746353 3.2105484 3.0365906
          3.006073 3.241066 4.034546 3.0854187 3.0518494 3.1952896
          3.042694 3.0487976 3.0518494 3.241066 3.1342545 3.07016
          3.1708755 3.079315 3.1708753 3.0915222 3.204445 3.094574
          3.3204117 3.106781 3.128151 3.1342545 3.4089203 3.1800308
          3.3387222 3.1769793 3.204445 4.1352615 3.411972 3.216652
          3.5859222 3.2715836 3.2593765 3.2715836 3.9765625 3.3570328
          3.5676117 3.329567 3.723259 3.3448257 3.4852142 3.3631363
          3.8880615 3.3906097 3.4028168 3.4943695 3.631706 3.4211273
          3.4943695 3.4333344 3.4577484 3.4852142 3.5950775 3.5340424
          3.5431976 3.5065765 3.5157318 3.634758 3.5157318 3.5340424
          4.397721 3.5950775 3.552353 3.576767 3.634758 3.9674072
          3.5950775 3.6072845 3.601181 3.61644 3.994873 3.671379
          3.634758 4.849388 3.6835861 4.2390213 3.6500168 3.6622238
          3.7080004 3.848381 3.683586 3.6835861 3.6835861 3.6896896
          3.8972168 3.75988 3.7141037 3.8636398 4.0131836 3.7263107
          3.7293625 3.7446213 3.848381 3.8544846 4.565567 3.8850098
          3.970459 3.918579 3.9155273 3.9216309 4.1047363 3.933838
          4.031494 3.9429932 4.068115 3.9521482 4.119995 3.9552002
          4.068115 3.9674072 4.019287 4.1016846 4.031494 4.278694
          5.804619 4.0803223 4.13221 4.1138916 4.974518 4.119995
          4.278694 4.1596756 4.13221 4.412979 4.1474686 4.165779
          4.5197906 4.2115555 4.293953 4.2146072 4.9287415 4.2207108
          4.2756424 4.242073 4.2481766 4.5625153 4.2725906 4.492325
          4.3641434 4.278694 6.4516144 4.7334213 4.3122635 4.321419
          4.3946686 4.4496 4.3946686 4.5960846 4.4099274 4.4434967
          4.412979 4.8707504 4.425186 4.568619 4.428238 4.8310776
          4.4343414 4.5197906 4.440445 4.5747223 4.4740143 4.4709625
          4.477066 4.5472565 4.5319977 4.5319977 4.5716705 4.5442047
          4.5564117 4.550308 4.550308 4.5625153 4.5716705 5.0019836
          4.6906967 4.5747223 5.2278214 4.5869293 4.861595 4.6082916
          4.724266 4.675438 4.6815414 4.9134827 4.687645 5.355995
          4.6906967 4.7181625 4.8432846 4.7303696 4.907379 4.751732
          4.8676987 4.7791977 4.849388 4.785301 4.8158183 4.8188705
          4.8890686 4.9287415 4.8799133 4.9256897 4.9012756 5.142372
          5.0019836 4.986725 4.934845 5.09964 5.087433 5.4078827
          5.0416565 5.0538635 5.1606827 5.072174 5.09964 5.084381
          5.1118474 5.0935364 5.2003555 5.108795 5.3743134 5.1240616
          5.121002 5.2400284 5.648979 5.2644424 5.3620987 5.2919083
          5.606247 5.3498917 5.502487 5.3743134 5.441452 5.4078827
          5.4475555 5.426193 5.5848846 5.4353485 5.5726776 5.441452
          5.468918 5.505539 5.4841766 5.517746 5.49028 5.493332
          5.5238495 5.5207977 5.5574193 5.713066 5.618454 5.590988
          5.6123505 5.6092987 5.618454 5.627617 5.78936 5.73748
          5.6856003 5.700859 5.938904 5.8717575 5.865654 5.899231
          8.590958 5.9175415 5.9663696 5.926697 5.951111 5.935852
          6.363106 5.951111 6.0457153 5.996887 5.9816284 5.9816284
          7.07724 5.996887 6.1647415 6.064026 6.115906 6.393631
          6.1281204 6.6042023 6.1525345 6.2013626 6.1677933 6.3661575
          6.219673 6.3722687 6.234932 6.8483505 6.2562943 6.5614777
          6.262398 6.308174 6.347847 8.554337 6.7232285 6.5492706
          6.704918 6.457718 6.4638214 6.5279083 8.630638 6.5401154
          6.570633 6.555374 6.5889435 7.052826 6.5858917 7.6021576
          6.8941345 6.6347275 6.8086777 6.6347275 6.8605576 6.7720566
          6.8849792 6.7781596 7.4648285 6.8605576 6.9551697 6.8636093
          6.9551697 6.869713 6.9216003 6.924652 6.8941345 7.678459
          6.9185486 7.016205 6.964325 7.0070496 7.1413345 7.0345154
          7.187111 7.0467224 7.3030777 7.15049 7.0955505 7.135231
          7.2023697 7.15049 7.3335953 7.1688004 7.916504 7.1840596
          7.223732 7.5136566 7.2420425 8.453629 7.2542496 7.3732758
          7.3183365 7.3030777 7.39769 7.351906 7.3549576 7.446518
          7.385483 7.51976 7.4251556 7.5014496 7.434311 7.495346
          7.608261 7.5685883 7.535019 7.5502777 8.600113 7.977539
          7.5930023 7.745598 7.620468 9.25016 7.6265793 8.20948
          7.6479416 8.096558 7.654045 7.8615646 7.7089767 7.9958496
          7.7486496 7.754753 8.120972 7.904297 10.885956 8.029419
          7.9958496 8.673363 7.9989014 10.354927 7.9989014 8.6886215
          8.005005 8.145393 8.050781 8.050781 8.221687 8.096558
          8.105713 8.178963 8.108765 8.307137 8.133186 8.178963
          8.166756 8.4292145 8.343758 8.19117 8.563492 8.200325
          8.203377 8.590958 8.316292 8.563492 8.343758 8.496353
          8.349861 8.572647 8.392593 8.548233 8.45668 8.636742
          8.465836 8.487198 8.871727 8.532974 10.385452 8.661156
          8.590958 9.3936 8.825951 8.590958 8.706932 8.731346
          8.621475 8.645897 8.804588 8.652 9.47905 8.871727
          8.70388 9.396652 8.798485 8.85952 8.816795 8.825951
          8.865623 8.981598 8.893097 8.877838 8.883942 9.720146
          9.063995 8.993805 9.006012 9.3600235 9.216591 9.28373
          9.515671 9.37529 9.469894 9.430222 9.49736 9.454636
          9.732352 9.491257 9.482101 9.610275 9.5065155 9.839165
          9.521774 9.537033 9.564499 9.540085 10.599075 9.588913
          9.616379 9.646904 9.6408 9.982605 9.646904 9.689629
          9.649956 10.934784 9.6530075 9.680473 9.714043 9.689629
          9.772026 9.7415085 9.894104 9.738457 9.793388 9.765923
          9.903259 9.845268 9.8544235 9.891052 10.3244095 10.083313
          9.909363 10.217598 9.967346 9.979553 10.022278 9.982605
          11.020233 9.997864 10.003967 11.575668 10.1352005 10.02533
          10.068054 10.046692 10.214546 10.049744 10.052795 10.122993
          10.065002 10.446487 10.174873 10.09552 10.101624 10.153511
          10.104675 10.126045 10.229805 10.153511 10.245064 10.278633
          10.205391 10.3366165 10.242012 10.354927 10.34272 10.275581
          10.876801 10.278633 10.58992 10.287788 10.388503 10.303047
          10.309151 10.321358 10.385452 10.376297 10.330513 10.385452
          10.351875 10.666222 10.464798 10.357979 10.632652 10.3824005
          10.800499 10.425125 10.391556 10.614334 10.431229 10.824913
          10.531937 10.489212 10.525833 10.525833 10.565506 10.617386
          10.544143 10.727257 10.547195 10.986664 10.559402 10.574661
          10.647911 11.093475 10.602127 10.626549 10.611282 10.623497
          10.629601 10.858482 11.282692 10.702843 10.672325 10.885956
          10.675377 10.727257 10.68148 10.684532 10.687584 10.702843
          10.711998 10.745567 10.934784 10.760826 11.450546 10.776085
          11.047699 10.779137 10.879852 10.794395 10.867638 10.852379
          10.861534 10.870689 10.92868 10.879852 11.236916 10.879852
          11.285744 10.91037 10.940887 11.069061 10.9653015 10.959198
          11.029388 11.328468 10.998871 11.020233 11.801506 11.645866
          11.059906 11.139259 11.0660095 11.252174 11.081268 11.099579
          11.111786 11.325417 11.130104 11.496323 11.166725 11.276588
          11.172829 11.365089 11.178932 11.246071 11.203346 11.236916
          11.239967 11.27964 11.239967 11.243019 11.270485 11.420029
          11.267433 11.383408 11.27964 11.352882 11.398666 11.532944
          11.450546 11.50853 11.47496 11.575668 11.481064 11.597031
          11.5482025 11.539047 11.612289 11.587875 11.627556 11.593979
          11.816765 11.65197 12.051758 11.752678 11.795403 11.920532
          11.911377 11.877808 11.841179 11.868645 11.95105 11.935791
          11.960205 11.944946 12.070068 11.987671 12.543106 12.134163
          12.076172 12.195198 12.1188965 12.213509 12.1188965 12.143318
          12.128059 12.137215 12.137215 12.140266 12.344734 12.1646805
          12.155525 12.161629 12.6194 12.186043 12.182991 12.256234
          12.21656 12.305062 12.2775955 12.521744 12.417984 12.564468
          12.683495 12.738425 12.701805 13.3304825 12.735374 13.318275
          13.028351 13.18705 13.171791 13.3304825 13.38237 13.617355
          13.394577 13.672295 13.400681 13.400681 13.782158 13.568527
          13.757744 13.5776825 13.62957 13.742485 13.644829 13.653984
          14.081238 14.264351 13.870659 14.731285 14.716026 14.755699
          14.752647 14.908295 14.838097 14.975433 14.856407 15.100555
          14.874725 15.057831 15.195168 15.16465 15.103607 15.112762
          15.152443 15.698723 15.158546 15.680412 15.4301605 15.2714615
          15.222633 15.445419 15.237892 15.326393 15.5186615 15.359962
          15.421005 15.390488 15.698724 15.475937 16.040527 15.521713
          15.698723 15.680412 15.744499 15.698723 15.869621 16.013062
          16.077148 16.058838 16.119873 21.842094
        </DataArray>
        <DataArray type="UInt8" Name="ttkMaskScalarField" format="ascii" RangeMin="0" RangeMax="0">
          0 0 0 0 0 0
          0 0 0 0 0 0
          0 0 0 0 0 0
          0 0 0 0 0 0
          0 0 0 0 0 0
          0 0 0 0 0 0
          0 0 0 0 0 0
          0 0 0 0 0 0
          0 0 0 0 0 0
          0 0 0 0 0 0
          0 0 0 0 0 0
          0 0 0 0 0 0
          0 0 0 0 0 0
          0 0 0 0 0 0
          0 0 0 0 0 0
          0 0 0 0 0 0
          0 0 0 0 0 0
          0 0 0 0 0 0
          0 0 0 0 0 0
          0 0 0 0 0 0
          0 0 0 0 0 0
          0 0 0 0 0 0
          0 0 0 0 0 0
          0 0 0 0 0 0
          0 0 0 0 0 0
          0 0 0 0 0 0
          0 0 0 0 0 0
          0 0 0 0 0 0
          0 0 0 0 0 0
          0 0 0 0 0 0
          0 0 0 0 0 0
          0 0 0 0 0 0
          0 0 0 0 0 0
          0 0 0 0 0 0
          0 0 0 0 0 0
          0 0 0 0 0 0
          0 0 0 0 0 0
          0 0 0 0 0 0
          0 0 0 0 0 0
          0 0 0 0 0 0
          0 0 0 0 0 0
          0 0 0 0 0 0
          0 0 0 0 0 0
          0 0 0 0 0 0
          0 0 0 0 0 0
          0 0 0 0 0 0
          0 0 0 0 0 0
          0 0 0 0 0 0
          0 0 0 0 0 0
          0 0 0 0 0 0
          0 0 0 0 0 0
          0 0 0 0 0 0
          0 0 0 0 0 0
          0 0 0 0 0 0
          0 0 0 0 0 0
          0 0 0 0 0 0
          0 0 0 0 0 0
          0 0 0 0 0 0
          0 0 0 0 0 0
          0 0 0 0 0 0
          0 0 0 0 0 0
          0 0 0 0 0 0
          0 0 0 0 0 0
          0 0 0 0 0 0
          0 0 0 0 0 0
          0 0 0 0 0 0
          0 0 0 0 0 0
          0 0 0 0 0 0
          0 0 0 0 0 0
          0 0 0 0 0 0
          0 0 0 0 0 0
          0 0 0 0 0 0
          0 0 0 0 0 0
          0 0 0 0 0 0
          0 0 0 0 0 0
          0 0 0 0 0 0
          0 0 0 0 0 0
          0 0 0 0 0 0
          0 0 0 0 0 0
          0 0 0 0 0 0
          0 0 0 0 0 0
          0 0 0 0 0 0
          0 0 0 0 0 0
          0 0 0 0 0 0
          0 0 0 0 0 0
          0 0 0 0 0 0
          0 0 0 0 0 0
          0 0 0 0 0 0
          0 0 0 0 0 0
          0 0 0 0 0 0
          0 0 0 0 0 0
          0 0 0 0 0 0
          0 0 0 0 0 0
          0 0 0 0 0 0
          0 0 0 0 0 0
          0 0 0 0 0 0
          0 0 0 0 0 0
          0 0 0 0 0 0
          0 0 0 0 0 0
          0 0 0 0 0 0
          0 0 0 0 0 0
          0 0 0 0 0 0
          0 0 0 0 0 0
          0 0 0 0 0 0
          0 0 0 0 0 0
          0 0 0 0 0 0
          0 0 0 0 0 0
          0 0 0 0 0 0
          0 0 0 0 0 0
          0 0 0 0 0 0
          0 0 0 0 0 0
          0 0 0 0 0 0
          0 0 0 0 0 0
          0 0 0 0 0 0
          0 0 0 0 0 0
          0 0 0 0 0 0
          0 0 0 0 0 0
          0 0 0 0 0 0
          0 0 0 0 0 0
          0 0 0 0 0 0
          0 0 0 0 0 0
          0 0 0 0 0 0
          0 0 0 0 0 0
          0 0 0 0 0 0
          0 0 0 0 0 0
          0 0 0 0 0 0
          0 0 0 0 0 0
          0 0 0 0 0 0
          0 0 0 0 0 0
          0 0 0 0 0 0
          0 0 0 0 0 0
          0 0 0 0 0 0
          0 0 0 0 0 0
          0 0 0 0 0 0
          0 0 0 0 0 0
          0 0 0 0 0 0
          0 0 0 0 0 0
          0 0 0 0 0 0
          0 0 0 0 0 0
          0 0 0 0 0 0
          0 0 0 0 0 0
          0 0 0 0 0 0
          0 0 0 0 0 0
          0 0 0 0 0 0
          0 0 0 0 0 0
          0 0 0 0 0 0
          0 0 0 0 0 0
          0 0 0 0 0 0
          0 0 0 0 0 0
          0 0 0 0 0 0
          0 0 0 0 0 0
          0 0 0 0 0 0
          0 0 0 0 0 0
          0 0 0 0 0 0
          0 0 0 0 0 0
          0 0 0 0 0 0
          0 0 0 0 0 0
          0 0 0 0 0 0
          0 0 0 0 0 0
          0 0 0 0 0 0
          0 0 0 0 0 0
          0 0 0 0 0 0
          0 0 0 0 0 0
          0 0 0 0 0 0
          0 0 0 0 0 0
          0 0 0 0 0 0
          0 0 0 0 0 0
          0 0 0 0 0 0
          0 0 0 0 0 0
          0 0 0 0 0 0
          0 0 0 0 0 0
          0 0 0 0 0 0
          0 0 0 0 0 0
          0 0 0 0 0 0
          0 0 0 0 0 0
          0 0 0 0 0 0
          0 0 0 0 0 0
          0 0 0 0 0 0
          0 0 0 0 0 0
          0 0 0 0 0 0
          0 0 0 0 0 0
          0 0 0 0 0 0
          0 0 0 0 0 0
          0 0 0 0 0 0
          0 0 0 0 0 0
          0 0 0 0 0 0
          0 0 0 0 0 0
          0 0 0 0 0 0
          0 0 0 0 0 0
          0 0 0 0 0 0
          0 0 0 0 0 0
          0 0 0 0 0 0
          0 0 0 0 0 0
          0 0 0 0 0 0
          0 0 0 0 0 0
          0 0 0 0 0 0
          0 0 0 0 0 0
          0 0 0 0 0 0
          0 0 0 0 0 0
          0 0 0 0 0 0
          0 0 0 0 0 0
          0 0 0 0 0 0
          0 0 0 0 0 0
          0 0 0 0 0 0
          0 0 0 0 0 0
          0 0 0 0 0 0
          0 0 0 0 0 0
          0 0 0 0 0 0
          0 0 0 0 0 0
          0 0 0 0 0 0
          0 0 0 0 0 0
          0 0 0 0 0 0
          0 0 0 0 0 0
          0 0 0 0 0 0
          0 0 0 0 0 0
          0 0 0 0 0 0
          0 0 0 0 0 0
          0 0 0 0 0 0
          0 0 0 0 0 0
          0 0 0 0 0 0
          0 0 0 0 0 0
          0 0 0 0
        </DataArray>
      </PointData>
      <CellData Scalars="SegmentationId">
        <DataArray type="Int32" Name="SegmentationId" format="ascii" RangeMin="0" RangeMax="1328">
          0 1 2 3 4 5
          6 7 8 9 10 11
          12 13 14 666 15 16
          17 18 19 20 21 22
          23 24 25 669 26 27
          28 29 30 31 671 32
          33 34 35 36 37 38
          39 40 41 42 667 43
          44 45 46 47 48 49
          50 675 51 52 53 54
          55 678 56 686 57 58
          673 690 705 693 699 59
          702 60 61 62 696 674
          63 64 65 708 66 67
          68 712 69 691 70 707
          71 72 668 73 74 697
          75 1198 76 718 1209 681
          704 1211 711 77 709 78
          79 683 721 672 80 719
          692 81 82 685 1215 83
          84 715 85 670 724 86
          687 727 688 87 726 1205
          729 88 89 717 716 90
          713 725 698 1213 91 1207
          720 92 93 734 1222 722
          94 1201 1204 95 96 97
          98 99 739 1218 100 101
          695 710 102 1203 103 104
          731 1214 1220 105 732 741
          106 680 742 107 108 706
          745 1225 744 740 109 110
          111 743 112 747 113 114
          1216 115 116 1226 751 728
          117 684 118 119 679 120
          733 752 677 1202 753 737
          121 122 123 124 750 125
          126 127 128 755 129 130
          131 1199 132 133 134 766
          135 136 137 763 138 139
          140 762 759 141 1231 142
          143 770 769 144 1221 145
          772 749 146 147 1232 775
          1212 148 149 150 764 746
          777 1227 778 761 151 776
          152 773 768 771 153 154
          155 781 156 157 158 159
          160 161 162 163 164 165
          765 780 166 760 735 167
          168 169 779 785 787 736
          1233 756 1223 676 738 784
          170 789 171 783 172 173
          794 174 175 176 177 1200
          178 179 795 180 181 182
          682 792 183 184 730 1224
          796 793 185 748 186 799
          1238 804 797 800 187 188
          791 189 1235 806 1241 801
          190 808 191 192 193 194
          807 809 790 1236 195 774
          786 758 196 197 1219 198
          199 803 1243 200 815 201
          813 202 811 203 810 1245
          204 205 723 754 206 207
          208 805 689 209 1217 814
          822 820 821 210 694 1234
          812 211 212 816 1246 701
          213 817 214 215 216 217
          218 826 827 219 825 1240
          818 220 832 221 757 222
          782 1229 223 224 829 835
          225 1247 830 226 227 833
          228 229 230 838 819 836
          1228 1244 837 231 232 834
          840 828 233 234 824 235
          841 236 1249 237 831 238
          843 823 1250 1206 767 239
          240 241 847 242 848 1230
          1208 243 845 703 1248 1327
          244 245 1210 246 850 247
          248 249 250 851 251 252
          253 854 254 255 256 700
          849 844 257 846 258 853
          1251 798 852 259 260 261
          262 860 861 263 264 714
          858 863 1252 855 265 1253
          266 864 1256 267 268 866
          859 1239 269 270 862 271
          272 273 274 275 857 865
          276 277 278 1254 279 788
          868 873 867 280 856 842
          870 1255 869 874 281 1237
          282 283 1328 875 284 285
          879 872 286 287 288 289
          290 882 1259 878 291 884
          1258 880 292 1260 293 871
          877 876 839 294 295 887
          1257 881 296 889 297 890
          298 299 300 883 893 301
          302 303 304 896 895 894
          305 306 307 308 898 900
          309 892 310 886 897 311
          904 312 905 313 1262 899
          314 903 902 315 316 908
          317 318 319 912 320 909
          321 911 322 323 324 916
          325 1265 917 914 326 891
          913 327 919 328 329 330
          331 332 915 333 918 888
          906 924 925 921 334 910
          1267 922 335 1268 920 336
          923 337 927 338 885 339
          929 340 341 342 343 1263
          344 345 346 933 928 926
          347 931 348 349 937 350
          351 901 352 1261 353 354
          355 356 357 941 939 358
          947 359 935 930 945 360
          361 362 949 363 364 950
          802 365 934 938 943 951
          948 366 946 367 940 368
          369 370 371 372 1272 373
          953 374 1242 375 376 377
          378 379 944 960 959 907
          952 958 942 1264 961 380
          957 955 1275 1273 932 381
          1269 1270 1277 954 382 383
          384 385 963 386 965 962
          387 966 388 969 1278 964
          967 1274 389 390 391 392
          956 971 393 968 1276 394
          395 396 397 974 975 978
          398 399 400 973 1280 979
          401 980 402 977 976 403
          972 404 981 1281 982 405
          970 406 407 984 1279 983
          1266 408 985 409 410 411
          412 1282 988 413 987 414
          415 991 416 990 417 418
          419 420 993 421 996 422
          423 424 425 426 427 989
          1000 997 994 936 428 429
          430 431 1002 432 999 1004
          433 1005 995 434 435 1271
          1008 436 437 1007 998 438
          1286 439 440 1009 1285 441
          442 1013 1289 1011 1012 443
          444 1015 445 446 1287 992
          447 448 1016 1284 449 450
          451 1017 1019 452 453 454
          1018 455 1025 1020 456 457
          1024 458 1290 459 460 1026
          1010 461 1028 1022 1027 462
          463 1029 464 1006 1031 465
          466 467 468 1014 469 1288
          470 471 1035 472 1021 1291
          1036 473 474 475 476 1042
          477 478 1034 479 480 481
          1037 482 1044 483 1043 1045
          484 485 486 1033 1048 1293
          487 488 1296 489 490 1046
          1023 491 492 493 1053 494
          1297 1001 1050 1047 1051 1049
          495 986 496 1030 497 1003
          1052 498 499 1298 1039 1041
          500 1056 1059 501 1057 502
          1283 503 1060 1062 1061 1054
          504 505 1063 1299 506 507
          1065 508 1032 509 1066 510
          1055 1292 511 512 1068 1058
          513 1071 1069 514 1067 515
          516 517 1074 518 1073 1075
          519 520 1077 521 522 523
          524 1079 1080 1064 1070 525
          1082 526 1081 1302 1072 527
          528 529 1084 1083 530 531
          532 533 1076 534 535 1088
          536 537 538 539 540 1091
          1089 541 542 543 1093 544
          1094 545 1095 1096 546 1092
          1086 1307 547 1304 548 1308
          549 550 551 552 553 1102
          554 1097 1309 555 1040 1098
          556 1314 557 1104 1085 1103
          1101 558 1313 559 1306 1310
          560 561 562 1108 563 564
          565 1109 566 1100 1087 567
          568 1106 1312 1114 1113 569
          1105 1112 1295 570 571 572
          573 574 1118 575 576 1110
          1117 1119 577 578 579 580
          1303 1107 581 1115 582 1123
          583 1099 584 585 1122 1038
          1116 586 1311 1078 1315 1126
          587 1127 1111 588 589 1300
          1128 1121 590 591 1301 592
          1305 1132 593 594 1130 595
          596 597 598 1124 1138 599
          600 601 1137 1131 602 1140
          1135 1139 603 1294 1125 1133
          1142 1317 1136 1141 604 1318
          1120 605 606 607 1134 1144
          1143 608 1146 1090 1145 609
          610 1148 1319 1147 1320 611
          612 613 1129 1150 614 615
          1152 1316 1151 616 617 1153
          1154 618 1149 1155 619 620
          621 622 1160 623 1161 624
          1159 625 626 1163 627 1165
          1157 1158 628 1166 629 1167
          1162 630 1168 1156 631 1164
          1169 632 633 1171 634 635
          1172 1321 636 1170 1173 637
          638 639 640 641 1175 1178
          642 643 1174 1322 1177 1176
          644 1179 1323 645 1180 646
          1181 647 648 649 1184 1182
          650 1183 651 652 653 654
          1186 1185 655 656 1190 657
          658 659 1192 1324 1189 660
          1191 661 1188 662 1194 663
          1187 1325 1326 1195 664 1193
          665 1196 1197
        </DataArray>
        <DataArray type="Int32" Name="upNodeId" format="ascii" RangeMin="15" RangeMax="1329">
          15 15 46 92 27 123
          34 111 66 123 34 77
          27 66 55 81 297 206
          61 202 175 101 318 109
          199 117 63 55 126 128
          380 67 87 114 70 69
          388 162 76 175 95 140
          46 70 69 485 97 87
          395 72 465 61 117 102
          68 97 179 89 140 67
          63 77 81 132 106 114
          68 152 72 131 143 163
          100 76 104 89 143 85
          101 111 85 95 138 503
          121 102 136 138 106 100
          92 135 104 99 99 113
          113 118 144 136 103 151
          103 121 109 110 141 135
          149 110 141 223 374 118
          172 124 139 128 124 130
          127 147 126 227 127 197
          158 130 165 132 131 144
          183 322 168 139 162 172
          169 159 236 148 149 169
          151 204 147 148 163 192
          286 152 159 293 209 298
          158 374 170 168 183 209
          165 285 173 176 176 179
          170 181 173 187 180 181
          204 196 244 182 180 252
          182 189 195 187 202 257
          189 207 327 192 247 209
          195 214 196 197 205 199
          297 207 205 206 251 208
          244 208 223 214 266 322
          375 219 295 412 219 355
          236 285 261 231 235 231
          318 252 256 282 227 256
          454 266 242 238 242 241
          235 286 238 267 241 246
          265 246 250 353 250 327
          247 258 251 263 403 261
          340 257 258 260 291 259
          259 260 263 336 290 265
          283 292 267 294 271 271
          282 323 414 295 303 299
          291 293 354 292 283 533
          290 389 301 333 296 350
          298 336 370 294 296 353
          299 301 306 311 323 311
          303 338 319 324 325 306
          338 314 324 332 493 314
          412 329 319 333 324 341
          355 330 329 708 358 330
          325 341 361 393 331 407
          331 332 348 340 379 339
          545 348 339 362 364 343
          343 362 350 349 354 370
          349 351 351 371 368 358
          380 461 390 366 382 361
          383 383 366 364 371 375
          384 368 404 393 379 386
          397 408 382 432 430 385
          386 397 390 384 395 385
          394 422 389 388 453 407
          433 451 442 394 418 462
          406 421 403 404 439 418
          422 406 408 448 410 414
          415 410 425 425 415 437
          431 467 419 431 419 421
          439 466 432 430 434 434
          429 572 429 520 470 433
          491 438 437 438 451 442
          452 452 444 444 446 539
          446 450 448 487 458 450
          549 466 453 454 461 464
          489 458 460 460 477 462
          464 486 465 470 467 481
          472 472 485 477 534 494
          487 491 481 489 507 538
          526 494 504 516 493 486
          503 500 499 492 500 492
          512 517 506 499 516 520
          507 541 509 505 505 504
          506 614 511 509 511 538
          527 512 515 515 533 526
          517 541 536 534 531 542
          540 527 542 540 531 545
          569 553 535 536 535 539
          576 567 543 543 571 653
          552 548 564 553 549 548
          571 570 559 567 561 552
          560 560 565 577 565 559
          585 561 563 579 563 564
          572 569 664 586 603 570
          576 575 585 575 647 581
          577 601 579 625 581 591
          635 601 586 592 610 593
          592 591 604 593 598 599
          598 611 599 685 610 606
          614 603 613 604 644 606
          608 608 613 648 611 617
          737 621 671 617 623 631
          653 625 621 623 636 629
          633 649 644 633 629 631
          632 632 635 711 646 636
          638 638 646 658 651 655
          660 649 654 650 647 648
          650 651 657 654 677 810
          655 657 660 658 662 662
          750 676 666 664 687 666
          671 699 679 748 675 675
          679 710 698 676 677 682
          843 728 682 711 685 694
          718 687 693 693 740 712
          734 700 716 694 696 696
          698 712 699 700 704 734
          714 704 707 707 708 710
          728 713 713 753 724 714
          718 716 769 738 724 726
          753 745 774 745 726 738
          735 744 750 739 736 737
          735 742 747 736 739 741
          746 740 741 742 746 744
          766 752 747 748 751 761
          751 752 758 778 758 767
          760 763 760 768 761 763
          777 765 765 766 767 768
          769 774 804 775 798 789
          775 777 783 778 783 784
          796 795 785 784 785 790
          791 789 793 790 791 793
          795 798 796 807 801 800
          800 802 801 802 804 809
          808 809 807 808 810 817
          812 812 817 973 820 818
          839 818 820 825 823 823
          881 825 843 830 830 842
          854 832 832 839 840 841
          862 850 854 840 967 841
          842 858 848 857 848 850
          977 851 851 853 880 853
          915 857 868 861 858 861
          864 867 906 862 864 873
          867 874 871 868 872 921
          871 872 873 874 877 877
          884 880 889 894 881 885
          884 890 885 889 897 928
          967 890 894 909 960 900
          896 896 897 902 900 905
          902 910 905 908 915 906
          908 910 909 916 913 913
          975 929 916 923 921 1004
          951 938 926 923 930 926
          977 942 928 1151 929 930
          935 982 1090 983 935 944
          951 938 952 942 946 944
          953 947 946 959 947 956
          969 952 971 960 953 956
          968 973 964 970 959 966
          975 978 964 995 966 970
          968 1096 969 971 981 978
          1008 990 985 986 983 1004
          981 988 1013 982 985 994
          986 988 1009 992 990 994
          992 993 993 995 999 998
          998 1035 999 1002 1035 1002
          1006 1006 1009 1018 1008 1012
          1012 1018 1016 1036 1013 1015
          1015 1016 1024 1042 1036 1024
          1022 1022 1114 1025 1025 1028
          1052 1028 1033 1155 1033 1034
          1040 1034 1038 1052 1046 1038
          1041 1040 1041 1042 1047 1047
          1046 1096 1085 1062 1074 1114
          1055 1062 1163 1055 1209 1068
          1061 1073 1061 1066 1066 1102
          1071 1068 1070 1071 1070 1074
          1075 1073 1077 1079 1087 1075
          1077 1079 1091 1088 1147 1087
          1113 1098 1090 1085 1097 1093
          1095 1088 1093 1091 1124 1103
          1122 1095 1098 1097 1140 1100
          1100 1117 1102 1141 1103 1107
          1117 1107 1111 1118 1133 1160
          1111 1113 1123 1118 1170 1120
          1119 1122 1119 1120 1123 1143
          1191 1124 1130 1152 1134 1130
          1155 1134 1141 1133 1135 1135
          1140 1156 1200 1165 1150 1145
          1163 1143 1147 1145 1160 1150
          1151 1154 1179 1192 1152 1191
          1154 1157 1156 1168 1157 1159
          1159 1164 1194 1164 1220 1216
          1165 1168 1174 1185 1170 1171
          1171 1174 1193 1204 1179 1188
          1196 1184 1180 1180 1185 1189
          1184 1187 1199 1187 1197 1188
          1189 1192 1194 1209 1193 1195
          1195 1196 1197 1199 1206 1200
          1204 1205 1210 1205 1206 1213
          1208 1208 1210 1220 1214 1215
          1213 1214 1215 1216 1221 1232
          1221 1226 1225 1224 1224 1229
          1225 1226 1229 1230 1233 1230
          1232 1257 1233 1238 1248 1249
          1242 1238 1240 1240 1242 1254
          1245 1245 1259 1247 1247 1248
          1249 1251 1251 1253 1253 1254
          1256 1256 1257 1259 1260 1260
          1263 1269 1263 1267 1266 1266
          1267 1269 1270 1270 1276 1280
          1276 1283 1282 1277 1277 1281
          1280 1283 1281 1282 1285 1286
          1285 1286 1288 1288 1290 1290
          1294 1295 1297 1294 1295 1297
          1303 1302 1302 1303 1320 1316
          1311 1306 1312 1306 1311 1314
          1310 1310 1321 1312 1314 1325
          1316 1320 1318 1318 1322 1323
          1321 1322 1323 1325 1327 1327
          1328 1328 1329
        </DataArray>
        <DataArray type="Int32" Name="downNodeId" format="ascii" RangeMin="0" RangeMax="1328">
          0 1 2 3 4 5
          6 7 8 9 10 11
          12 13 14 15 16 17
          18 19 20 21 22 23
          24 25 26 27 28 29
          30 31 32 33 34 35
          36 37 38 39 40 41
          42 43 44 45 46 47
          48 49 50 51 52 53
          54 55 56 57 58 59
          60 61 62 63 64 65
          66 67 68 69 70 71
          72 73 74 75 76 77
          78 79 80 81 82 83
          84 85 86 87 88 89
          90 91 92 93 94 95
          96 97 98 99 100 101
          102 103 104 105 106 107
          108 109 110 111 112 113
          114 115 116 117 118 119
          120 121 122 123 124 125
          126 127 128 129 130 131
          132 133 134 135 136 137
          138 139 140 141 142 143
          144 145 146 147 148 149
          150 151 152 153 154 155
          156 157 158 159 160 161
          162 163 164 165 166 167
          168 169 170 171 172 173
          174 175 176 177 178 179
          180 181 182 183 184 185
          186 187 188 189 190 191
          192 193 194 195 196 197
          198 199 200 201 202 203
          204 205 206 207 208 209
          210 211 212 213 214 215
          216 217 218 219 220 221
          222 223 224 225 226 227
          228 229 230 231 232 233
          234 235 236 237 238 239
          240 241 242 243 244 245
          246 247 248 249 250 251
          252 253 254 255 256 257
          258 259 260 261 262 263
          264 265 266 267 268 269
          270 271 272 273 274 275
          276 277 278 279 280 281
          282 283 284 285 286 287
          288 289 290 291 292 293
          294 295 296 297 298 299
          300 301 302 303 304 305
          306 307 308 309 310 311
          312 313 314 315 316 317
          318 319 320 321 322 323
          324 325 326 327 328 329
          330 331 332 333 334 335
          336 337 338 339 340 341
          342 343 344 345 346 347
          348 349 350 351 352 353
          354 355 356 357 358 359
          360 361 362 363 364 365
          366 367 368 369 370 371
          372 373 374 375 376 377
          378 379 380 381 382 383
          384 385 386 387 388 389
          390 391 392 393 394 395
          396 397 398 399 400 401
          402 403 404 405 406 407
          408 409 410 411 412 413
          414 415 416 417 418 419
          420 421 422 423 424 425
          426 427 428 429 430 431
          432 433 434 435 436 437
          438 439 440 441 442 443
          444 445 446 447 448 449
          450 451 452 453 454 455
          456 457 458 459 460 461
          462 463 464 465 466 467
          468 469 470 471 472 473
          474 475 476 477 478 479
          480 481 482 483 484 485
          486 487 488 489 490 491
          492 493 494 495 496 497
          498 499 500 501 502 503
          504 505 506 507 508 509
          510 511 512 513 514 515
          516 517 518 519 520 521
          522 523 524 525 526 527
          528 529 530 531 532 533
          534 535 536 537 538 539
          540 541 542 543 544 545
          546 547 548 549 550 551
          552 553 554 555 556 557
          558 559 560 561 562 563
          564 565 566 567 568 569
          570 571 572 573 574 575
          576 577 578 579 580 581
          582 583 584 585 586 587
          588 589 590 591 592 593
          594 595 596 597 598 599
          600 601 602 603 604 605
          606 607 608 609 610 611
          612 613 614 615 616 617
          618 619 620 621 622 623
          624 625 626 627 628 629
          630 631 632 633 634 635
          636 637 638 639 640 641
          642 643 644 645 646 647
          648 649 650 651 652 653
          654 655 656 657 658 659
          660 661 662 663 664 665
          666 667 668 669 670 671
          672 673 674 675 676 677
          678 679 680 681 682 683
          684 685 686 687 688 689
          690 691 692 693 694 695
          696 697 698 699 700 701
          702 703 704 705 706 707
          708 709 710 711 712 713
          714 715 716 717 718 719
          720 721 722 723 724 725
          726 727 728 729 730 731
          732 733 734 735 736 737
          738 739 740 741 742 743
          744 745 746 747 748 749
          750 751 752 753 754 755
          756 757 758 759 760 761
          762 763 764 765 766 767
          768 769 770 771 772 773
          774 775 776 777 778 779
          780 781 782 783 784 785
          786 787 788 789 790 791
          792 793 794 795 796 797
          798 799 800 801 802 803
          804 805 806 807 808 809
          810 811 812 813 814 815
          816 817 818 819 820 821
          822 823 824 825 826 827
          828 829 830 831 832 833
          834 835 836 837 838 839
          840 841 842 843 844 845
          846 847 848 849 850 851
          852 853 854 855 856 857
          858 859 860 861 862 863
          864 865 866 867 868 869
          870 871 872 873 874 875
          876 877 878 879 880 881
          882 883 884 885 886 887
          888 889 890 891 892 893
          894 895 896 897 898 899
          900 901 902 903 904 905
          906 907 908 909 910 911
          912 913 914 915 916 917
          918 919 920 921 922 923
          924 925 926 927 928 929
          930 931 932 933 934 935
          936 937 938 939 940 941
          942 943 944 945 946 947
          948 949 950 951 952 953
          954 955 956 957 958 959
          960 961 962 963 964 965
          966 967 968 969 970 971
          972 973 974 975 976 977
          978 979 980 981 982 983
          984 985 986 987 988 989
          990 991 992 993 994 995
          996 997 998 999 1000 1001
          1002 1003 1004 1005 1006 1007
          1008 1009 1010 1011 1012 1013
          1014 1015 1016 1017 1018 1019
          1020 1021 1022 1023 1024 1025
          1026 1027 1028 1029 1030 1031
          1032 1033 1034 1035 1036 1037
          1038 1039 1040 1041 1042 1043
          1044 1045 1046 1047 1048 1049
          1050 1051 1052 1053 1054 1055
          1056 1057 1058 1059 1060 1061
          1062 1063 1064 1065 1066 1067
          1068 1069 1070 1071 1072 1073
          1074 1075 1076 1077 1078 1079
          1080 1081 1082 1083 1084 1085
          1086 1087 1088 1089 1090 1091
          1092 1093 1094 1095 1096 1097
          1098 1099 1100 1101 1102 1103
          1104 1105 1106 1107 1108 1109
          1110 1111 1112 1113 1114 1115
          1116 1117 1118 1119 1120 1121
          1122 1123 1124 1125 1126 1127
          1128 1129 1130 1131 1132 1133
          1134 1135 1136 1137 1138 1139
          1140 1141 1142 1143 1144 1145
          1146 1147 1148 1149 1150 1151
          1152 1153 1154 1155 1156 1157
          1158 1159 1160 1161 1162 1163
          1164 1165 1166 1167 1168 1169
          1170 1171 1172 1173 1174 1175
          1176 1177 1178 1179 1180 1181
          1182 1183 1184 1185 1186 1187
          1188 1189 1190 1191 1192 1193
          1194 1195 1196 1197 1198 1199
          1200 1201 1202 1203 1204 1205
          1206 1207 1208 1209 1210 1211
          1212 1213 1214 1215 1216 1217
          1218 1219 1220 1221 1222 1223
          1224 1225 1226 1227 1228 1229
          1230 1231 1232 1233 1234 1235
          1236 1237 1238 1239 1240 1241
          1242 1243 1244 1245 1246 1247
          1248 1249 1250 1251 1252 1253
          1254 1255 1256 1257 1258 1259
          1260 1261 1262 1263 1264 1265
          1266 1267 1268 1269 1270 1271
          1272 1273 1274 1275 1276 1277
          1278 1279 1280 1281 1282 1283
          1284 1285 1286 1287 1288 1289
          1290 1291 1292 1293 1294 1295
          1296 1297 1298 1299 1300 1301
          1302 1303 1304 1305 1306 1307
          1308 1309 1310 1311 1312 1313
          1314 1315 1316 1317 1318 1319
          1320 1321 1322 1323 1324 1325
          1326 1327 1328
        </DataArray>
        <DataArray type="Int32" Name="RegionSize" format="ascii" RangeMin="0" RangeMax="578">
          3 0 1 3 0 2
          0 2 0 2 0 1
          2 0 2 15 24 1
          1 13 4 2 4 3
          1 1 3 3 9 2
          0 1 0 1 5 0
          16 1 0 2 9 6
          0 2 3 0 3 2
          0 0 0 0 1 0
          0 18 5 1 1 0
          0 1 2 5 1 0
          0 14 1 14 13 6
          5 0 1 0 9 1
          0 0 0 9 1 0
          3 1 1 0 0 1
          0 7 1 0 0 12
          1 9 0 2 1 1
          0 1 0 0 1 1
          5 0 11 4 0 4
          9 0 3 0 11 0
          0 13 0 17 4 17
          9 4 2 0 0 18
          35 0 1 2 1 2
          2 11 24 1 1 12
          6 9 0 1 22 16
          26 0 16 2 0 36
          0 0 9 59 8 0
          0 184 6 2 0 0
          11 15 21 1 3 19
          0 3 33 0 0 3
          0 27 3 4 0 17
          0 35 2 10 9 1
          16 3 0 21 3 11
          22 47 0 0 11 0
          12 0 1 54 21 8
          2 0 18 4 51 1
          3 1 0 66 1 0
          1 2 1 5 1 4
          22 2 1 23 0 2
          0 9 0 0 33 0
          1 17 0 14 3 1
          5 55 0 1 165 1
          10 0 1 0 15 1
          4 13 28 17 5 34
          3 185 0 11 0 0
          0 9 0 0 1 2
          0 0 1 1 0 10
          0 20 0 39 8 19
          1 2 34 0 21 4
          3 2 51 4 16 14
          0 16 3 0 1 1
          158 0 1 1 15 4
          5 0 3 3 0 4
          0 21 0 18 1 0
          0 3 6 5 0 8
          6 9 69 8 7 1
          101 4 0 131 52 1
          0 11 1 0 1 0
          0 11 2 77 1 2
          2 9 2 1 7 0
          2 9 18 0 4 0
          65 0 7 1 4 89
          1 3 0 0 3 1
          0 13 1 0 5 0
          47 23 29 0 5 85
          5 4 4 0 77 28
          0 11 0 2 4 0
          1 6 3 3 2 18
          2 0 24 4 0 2
          78 56 1 1 3 5
          2 205 4 0 1 10
          1 2 0 44 7 6
          69 57 12 0 2 21
          130 6 0 0 10 1
          0 1 4 8 33 0
          20 5 11 14 48 0
          2 0 7 0 49 11
          8 3 2 61 9 62
          0 0 92 1 6 0
          5 8 1 29 1 4
          5 45 4 7 0 2
          82 5 1 9 0 1
          72 4 40 0 1 8
          0 10 8 0 0 0
          33 55 39 0 0 20
          1 54 92 0 0 79
          1 13 1 0 4 0
          3 0 1 3 69 1
          2 0 1 79 2 1
          13 2 66 0 32 18
          3 7 1 95 0 2
          3 3 33 18 1 0
          7 171 1 3 1 0
          10 6 18 55 0 23
          86 1 15 26 9 0
          0 5 271 0 0 19
          8 24 0 97 2 22
          1 5 0 134 23 3
          0 1 1 2 48 10
          0 0 0 4 114 17
          1 5 1 1 76 0
          4 0 8 8 5 54
          14 15 73 0 1 267
          1 1 0 12 2 12
          0 66 3 0 0 31
          0 11 48 1 0 23
          32 0 84 2 1 1
          1 0 21 0 3 32
          48 3 126 9 10 20
          0 13 0 13 41 0
          20 2 55 0 24 0
          146 2 1 14 1 83
          1 4 2 8 0 162
          11 8 0 0 59 0
          0 30 1 71 25 0
          13 0 0 12 52 0
          29 0 69 1 50 10
          0 0 25 0 0 18
          3 0 20 0 4 1
          45 0 11 4 221 0
          0 10 4 8 74 1
          268 2 11 1 1 2
          0 3 13 7 37 1
          2 8 25 27 77 0
          10 10 4 3 140 6
          0 33 196 2 0 1
          2 0 36 1 0 34
          0 21 0 45 48 90
          62 297 5 2 1 3
          8 22 0 66 72 2
          3 2 0 11 33 91
          0 0 0 1 19 13
          1 166 1 7 1 0
          5 0 15 1 52 1
          178 0 0 1 124 4
          103 0 102 11 1 0
          10 19 30 1 42 0
          16 84 1 168 3 3
          3 1 56 4 211 4
          2 0 1 1 12 0
          38 34 185 4 0 0
          9 1 20 0 2 21
          13 133 1 0 2 131
          13 2 1 51 15 2
          35 2 3 11 26 23
          0 0 38 1 72 2
          4 35 0 9 31 107
          1 0 1 41 1 11
          12 13 111 2 3 1
          18 0 16 63 0 1
          0 2 67 0 1 10
          32 0 13 97 2 1
          11 28 0 4 63 5
          1 11 6 58 0 105
          1 5 46 15 53 22
          37 11 19 30 1 105
          1 1 6 0 0 0
          8 1 34 2 0 141
          5 1 7 4 11 6
          7 1 145 6 0 3
          2 6 1 3 46 0
          25 46 1 39 6 46
          6 6 0 5 2 10
          29 2 35 11 38 21
          0 99 23 0 26 1
          42 0 9 10 8 17
          0 10 91 104 6 0
          298 4 0 1 28 1
          67 9 2 4 10 9
          0 6 112 6 15 4
          0 0 12 0 9 47
          1 0 41 2 0 1
          0 30 23 11 14 0
          53 0 1 43 69 1
          0 2 37 153 10 4
          1 0 46 0 2 8
          1 9 0 1 0 24
          87 0 0 3 0 0
          7 3 5 85 3 3
          1 9 2 11 28 69
          10 2 0 0 1 5
          1 7 36 0 9 5
          0 8 0 2 19 49
          0 1 31 16 24 113
          0 0 2 120 4 6
          0 0 0 3 16 1
          1 0 4 9 27 7
          10 29 52 4 0 0
          0 0 156 0 1 1
          1 15 13 12 1 1
          21 45 0 17 2 12
          0 10 3 2 15 6
          49 1 5 4 15 32
          0 90 17 0 2 90
          35 38 1 7 45 0
          13 45 7 7 144 3
          6 0 0 6 33 0
          0 0 6 14 3 7
          4 6 0 7 56 43
          2 20 32 44 2 59
          75 0 1 0 62 4
          15 0 47 12 52 0
          0 0 22 34 265 8
          0 4 6 76 0 0
          44 15 35 0 2 11
          126 15 18 65 0 0
          0 0 2 0 7 0
          26 0 14 20 0 8
          19 52 1 53 0 42
          174 3 14 58 2 56
          40 16 0 289 1 0
          6 3 0 17 93 2
          3 7 2 0 5 58
          1 2 1 6 106 19
          0 53 171 0 10 1
          52 2 7 0 29 37
          2 33 2 2 32 15
          108 3 2 0 14 2
          0 1 7 9 34 33
          82 4 14 1 17 7
          0 7 76 91 1 20
          1 22 578
        </DataArray>
        <DataArray type="Float64" Name="RegionSpan" format="ascii" RangeMin="1" RangeMax="196.54261779785156">
          1.4142135381698608 1 2.2360680103302 2 1 1
          1 2 1.4142135381698608 1.4142135381698608 1 1
          1.4142135381698608 1.4142135381698608 1.4142135381698608 3.1622776985168457 4 1.4142135381698608
          1 4 1.4142135381698608 2.2360680103302 3 3
          1.4142135381698608 1.4142135381698608 2.8284270763397217 2.2360680103302 3.1622776985168457 1
          1 1 1 1 1 1
          3.1622776985168457 1.4142135381698608 1 1 2.8284270763397217 2.8284270763397217
          1 3.1622776985168457 2.2360680103302 1 2.8284270763397217 1
          1 1.4142135381698608 1 1 1 1
          1 3.1622776985168457 2 1 1.4142135381698608 1
          1.4142135381698608 2.2360680103302 2.2360680103302 3 2 1.4142135381698608
          2.2360680103302 4 4.4721360206604 3.1622776985168457 4.242640495300293 1.4142135381698608
          6.082762718200684 1 1 1 2.2360680103302 4.4721360206604
          1.4142135381698608 1 1 3.605551242828369 1 1
          1 5.656854152679443 1.4142135381698608 2 1 3
          1 2 2 1 1 2.2360680103302
          1.4142135381698608 4.4721360206604 1 1.4142135381698608 3.605551242828369 2.2360680103302
          1.4142135381698608 8.062257766723633 1.4142135381698608 1 3 1
          2.8284270763397217 7.280109882354736 3 4.4721360206604 1 7.071067810058594
          3.1622776985168457 1 1.4142135381698608 2.2360680103302 7.8102498054504395 1.4142135381698608
          1.4142135381698608 3 1 4.123105525970459 8.062257766723633 2.2360680103302
          2.2360680103302 3 4.4721360206604 1 9.219544410705566 17
          6.324555397033691 1 2 2.8284270763397217 2.2360680103302 2
          2.8284270763397217 3.605551242828369 4.123105525970459 6.082762718200684 2 4.123105525970459
          10 2 1 15.033296585083008 14 5
          4.242640495300293 16.278820037841797 17.20465087890625 2.2360680103302 1.4142135381698608 7.6157732009887695
          1 1 1 20.2237491607666 3 1
          2.2360680103302 5.830951690673828 5 8.5440034866333 1 1
          18.973665237426758 9.219544410705566 8.9442720413208 1.4142135381698608 3 16.155494689941406
          1 2.2360680103302 17.20465087890625 1 1 5
          2 14.21267032623291 7.071067810058594 10.440306663513184 1 3.605551242828369
          1 16.492422103881836 2.2360680103302 24.083189010620117 3.605551242828369 1
          43.046485900878906 1.4142135381698608 1.4142135381698608 30.01666259765625 5.830951690673828 31.14482307434082
          4.123105525970459 32.202484130859375 1 1 5.656854152679443 1
          2 6.4031243324279785 2.2360680103302 10.770329475402832 9.219544410705566 1.4142135381698608
          2.2360680103302 1 5.099019527435303 2.2360680103302 2.8284270763397217 1.4142135381698608
          2.2360680103302 1 1 35.608985900878906 1 1
          2 3.605551242828369 1 2.2360680103302 1.4142135381698608 8.246211051940918
          2 1 1 51.009803771972656 1 2.2360680103302
          1 2.2360680103302 4.123105525970459 1 44.55333709716797 1.4142135381698608
          1 11.401754379272461 2.2360680103302 3.605551242828369 4.123105525970459 1.4142135381698608
          4.4721360206604 21.260292053222656 1 2.2360680103302 28.65309715270996 5.830951690673828
          6.324555397033691 1.4142135381698608 1.4142135381698608 1 9.05538558959961 3.605551242828369
          36.878177642822266 10.29563045501709 15.231546401977539 15 3.605551242828369 27.658634185791016
          2.2360680103302 31.764760971069336 5.099019527435303 7.071067810058594 1 1
          1.4142135381698608 3.1622776985168457 1 1 1 2
          1 1 1 1 1 3.605551242828369
          4.4721360206604 8.062257766723633 1.4142135381698608 12.041594505310059 5.385164737701416 4.123105525970459
          2 1.4142135381698608 6.082762718200684 2.8284270763397217 21.840330123901367 2.2360680103302
          9.219544410705566 1.4142135381698608 15.132745742797852 5.830951690673828 13.03840446472168 4.123105525970459
          1 11.401754379272461 2 2.2360680103302 1 2
          10.440306663513184 1 2.2360680103302 1.4142135381698608 3.1622776985168457 23.76972770690918
          1 1 28.17800521850586 2.2360680103302 1 1
          3 2.2360680103302 1 1.4142135381698608 3.605551242828369 16
          1.4142135381698608 3.1622776985168457 2.2360680103302 3.605551242828369 1 2
          21.931713104248047 16.278820037841797 12.529964447021484 13.601470947265625 3 1
          4.242640495300293 2.8284270763397217 49.648765563964844 46.173583984375 40.04996871948242 3.1622776985168457
          1.4142135381698608 5 1 1 2.2360680103302 1
          25 22.847318649291992 6.082762718200684 24.59674835205078 2.2360680103302 4.123105525970459
          2.2360680103302 5.385164737701416 1 1.4142135381698608 5 1
          3.1622776985168457 3.605551242828369 10.29563045501709 1 2.2360680103302 1
          5 1 4 1 12.041594505310059 22.022714614868164
          1 2.8284270763397217 1.4142135381698608 2.2360680103302 1.4142135381698608 1.4142135381698608
          1 20.248456954956055 3 1 2.8284270763397217 4.4721360206604
          33.734256744384766 4 15.81138801574707 1 2.8284270763397217 52.69725036621094
          3.605551242828369 3.1622776985168457 2 3.1622776985168457 52.39274597167969 18.11077117919922
          1.4142135381698608 25.495098114013672 1 2.2360680103302 2.2360680103302 1
          1 10 3 3 1 48.05205535888672
          1 1 12.529964447021484 2.8284270763397217 2.8284270763397217 1.4142135381698608
          2 6.7082037925720215 1 1.4142135381698608 5.099019527435303 3
          1.4142135381698608 28.301942825317383 2.2360680103302 1 1 4.123105525970459
          1 2.2360680103302 1 5.385164737701416 2.2360680103302 2.8284270763397217
          16.031219482421875 10.440306663513184 3 1 2.2360680103302 22.022714614868164
          6 3.605551242828369 1 1 2.2360680103302 1.4142135381698608
          2 1 34.2344856262207 2.2360680103302 37.336307525634766 1
          3 4.4721360206604 40.607879638671875 31.38471031188965 73.33484649658203 1
          2.8284270763397217 1 19.72308349609375 1 24.59674835205078 30.364452362060547
          46.69047164916992 1.4142135381698608 65.19202423095703 35.0142822265625 56.7274169921875 15.620499610900879
          1 1 34 1.4142135381698608 2.2360680103302 1
          2.2360680103302 2.2360680103302 1 2.2360680103302 1 3
          3.1622776985168457 69.65629577636719 3 3 1 47.53945541381836
          48.27007293701172 2.8284270763397217 1 29.068883895874023 1.4142135381698608 4.4721360206604
          24.698177337646484 2 1 1 1 3.1622776985168457
          1 3 7.071067810058594 1 1 50.447994232177734
          85.70297241210938 4.123105525970459 30.066593170166016 1.4142135381698608 1 8.9442720413208
          1 95.88013458251953 17.029386520385742 1 1 49.73931884765625
          2.2360680103302 6.324555397033691 1 1.4142135381698608 4.242640495300293 1
          2 1 1.4142135381698608 1 35.84689712524414 1.4142135381698608
          1.4142135381698608 1 1 57.00876998901367 3 2
          3 4 14.560219764709473 1 4.123105525970459 5
          3 6.082762718200684 2.2360680103302 24.083189010620117 1 2.2360680103302
          1 1.4142135381698608 4.123105525970459 10.049875259399414 1.4142135381698608 1
          5 33.61547088623047 1.4142135381698608 2 1 1
          2.2360680103302 2 46.66904830932617 3.1622776985168457 1.4142135381698608 81.60882568359375
          79.17701721191406 3 4 11 2.2360680103302 2.8284270763397217
          1 10.049875259399414 64.8459701538086 1 1 12.529964447021484
          5 7.211102485656738 1 8.062257766723633 2.2360680103302 13.601470947265625
          1 2.2360680103302 1 117.27318572998047 30 2
          1 1 1 17.464248657226562 45.221675872802734 20.248456954956055
          1 1 1 2 138.2931671142578 17.8885440826416
          1 8.062257766723633 1 14.764822959899902 6.7082037925720215 1
          10.630146026611328 1 11.045360565185547 2 93.60021209716797 32.649654388427734
          3.605551242828369 10.049875259399414 8.602325439453125 1 1 57.87054443359375
          2.2360680103302 1 1 18.601076126098633 1.4142135381698608 21.095022201538086
          1 3.605551242828369 1.4142135381698608 1 1 3.605551242828369
          1.4142135381698608 58.54912567138672 49.76947021484375 2 1 53.851646423339844
          72.20111083984375 1 8.9442720413208 2 1.4142135381698608 1
          2 1 7.071067810058594 1.4142135381698608 49.36598205566406 64.0078125
          74.24958038330078 2.2360680103302 125.19584655761719 22.472204208374023 3.1622776985168457 6
          22.825424194335938 14.142135620117188 1 113.1591796875 67.95587158203125 1
          4.123105525970459 2.2360680103302 58.5918083190918 1 4.242640495300293 1
          101.11874389648438 1 1.4142135381698608 6 1 16.6433162689209
          2 2.2360680103302 2 140.06427001953125 31.400636672973633 31.048349380493164
          4 4.123105525970459 1 1 162.2621307373047 1
          1 23.34523582458496 1 121.7579574584961 3.1622776985168457 1
          5.099019527435303 1 1 117.0042724609375 119.40267944335938 1
          116.76471710205078 1 78.31346893310547 67.26811981201172 117.20068359375 2.8284270763397217
          1 1 45.607017517089844 1 1 128.70509338378906
          7.211102485656738 1 76.48529052734375 1.4142135381698608 3.1622776985168457 53.26349639892578
          116.37869262695312 1 4 2.2360680103302 80.72174072265625 1
          1 2 1.4142135381698608 3.1622776985168457 72.73238372802734 1
          138.6217803955078 1.4142135381698608 9.05538558959961 1.4142135381698608 1.4142135381698608 2
          1 2.2360680103302 6.7082037925720215 133.0601348876953 45.39823913574219 4.123105525970459
          3.1622776985168457 56.63920974731445 7.071067810058594 91.0878677368164 146.23953247070312 1
          4.4721360206604 5.830951690673828 51.26402282714844 147.64822387695312 150.4027862548828 3.605551242828369
          3.605551242828369 50.35871505737305 68.15423583984375 1.4142135381698608 1 1.4142135381698608
          1.4142135381698608 1.4142135381698608 12.727922439575195 1 39.11521530151367 38.05259704589844
          1 60.083274841308594 1.4142135381698608 8.5440034866333 178.92176818847656 28.844409942626953
          116.69190216064453 56.93856430053711 3 2 2 2.2360680103302
          69.97142028808594 123.55565643310547 1 115.20850372314453 112.57886505126953 2.8284270763397217
          1.4142135381698608 2.2360680103302 1 114.55130004882812 118.34272003173828 124.80785369873047
          1 1 1.4142135381698608 1 158.77342224121094 37.58989334106445
          1.4142135381698608 118.86967468261719 1 2.8284270763397217 3 1
          120.30377960205078 1 147.61097717285156 5.385164737701416 195.13328552246094 1
          196.54261779785156 1 1 1.4142135381698608 69.02897644042969 3
          114.2716064453125 1 50.08992004394531 3.605551242828369 1 1
          2 30.463092803955078 28.017850875854492 1.4142135381698608 53.3104133605957 1
          4.242640495300293 101.25709533691406 1 5.656854152679443 1 1
          2.2360680103302 1.4142135381698608 45.17742919921875 2 61.98386764526367 3.1622776985168457
          1.4142135381698608 1 1 2 3.1622776985168457 6.324555397033691
          69.02897644042969 3.605551242828369 62.817195892333984 3.605551242828369 1.4142135381698608 1
          3 1 99.04544067382812 1 2 62.36986541748047
          4.123105525970459 89.8220443725586 2.2360680103302 1 1 89.73851013183594
          2.8284270763397217 2 1 11.180339813232422 84.5280990600586 1
          20.615528106689453 1.4142135381698608 1.4142135381698608 61.29437255859375 68 3.1622776985168457
          1 3.605551242828369 147.7328643798828 151.28781127929688 16.155494689941406 2
          2.2360680103302 86.02325439453125 1 3 122.06555938720703 25.298221588134766
          1 1 4.123105525970459 61.400325775146484 1.4142135381698608 2.2360680103302
          3 68.94200134277344 70.38465881347656 1.4142135381698608 1.4142135381698608 1
          4.4721360206604 1 24.1867733001709 144.47491455078125 1 1
          2 1.4142135381698608 134.65882873535156 1.4142135381698608 1 102.956298828125
          74.32361602783203 1 20.248456954956055 30.232433319091797 3 1
          3.1622776985168457 6.7082037925720215 1 5 49.25444030761719 1.4142135381698608
          2.2360680103302 3.605551242828369 2.8284270763397217 106.32967376708984 1.4142135381698608 30.01666259765625
          1 2.2360680103302 29.154760360717773 2.8284270763397217 84.8646011352539 41
          86.33075714111328 3.1622776985168457 3.605551242828369 9.05538558959961 1 33.61547088623047
          2 1 2.2360680103302 1.4142135381698608 1 1
          2.8284270763397217 1.4142135381698608 10.440306663513184 1 1.4142135381698608 3.605551242828369
          1 1.4142135381698608 3 1.4142135381698608 6.7082037925720215 2.8284270763397217
          2.2360680103302 1.4142135381698608 70.83784484863281 2 1 4.123105525970459
          3.1622776985168457 2.2360680103302 1 1.4142135381698608 2 1.4142135381698608
          40.70626449584961 5.385164737701416 35.34119415283203 140.5453643798828 4.242640495300293 87.32124328613281
          2.8284270763397217 2.2360680103302 1 4.4721360206604 1.4142135381698608 3.1622776985168457
          38.94868469238281 2 7.280109882354736 26.570659637451172 59.03388977050781 4.123105525970459
          1 93.14505004882812 9.433980941772461 1 44.92215347290039 1.4142135381698608
          72.61542510986328 1 16.124515533447266 21.02379608154297 19.313207626342773 19
          1 3.1622776985168457 74.625732421875 31.064449310302734 3.605551242828369 1
          53.15073013305664 1.4142135381698608 3.605551242828369 2 52.345008850097656 1
          57.314918518066406 12.649110794067383 1.4142135381698608 2.2360680103302 2.2360680103302 81.3019027709961
          1 75.27283477783203 7.071067810058594 2.2360680103302 5.656854152679443 2.2360680103302
          1 1 3.1622776985168457 1 65.85590362548828 57.80138397216797
          1 1 16.155494689941406 2.2360680103302 1 1.4142135381698608
          1 23.0867919921875 16.552946090698242 6.7082037925720215 5.099019527435303 1
          36.055511474609375 1 2 62.7694206237793 100.28459167480469 1
          1 1 4.242640495300293 61.46543884277344 3.605551242828369 2.2360680103302
          1.4142135381698608 1 5 1 1.4142135381698608 3
          1.4142135381698608 3 1 1 1 4.123105525970459
          84.59905242919922 1 1 2 2 1
          5.099019527435303 1.4142135381698608 4 41.48493576049805 2.2360680103302 3.1622776985168457
          2 4.4721360206604 1 7.6157732009887695 5 14
          3.1622776985168457 1.4142135381698608 1 1 1 6
          1.4142135381698608 20 75.60423278808594 1 7.6157732009887695 2.2360680103302
          1 2.2360680103302 1 69.81404113769531 8.246211051940918 5.099019527435303
          3 1.4142135381698608 36.2353401184082 4 31.064449310302734 10
          1 1 1.4142135381698608 24.698177337646484 2 2
          1 3.1622776985168457 1 5 6.7082037925720215 1
          1.4142135381698608 2 35.38361358642578 26.172504425048828 2.2360680103302 2.2360680103302
          2.2360680103302 46.06517028808594 18.027755737304688 1.4142135381698608 1 1
          1 1 47.07440948486328 1 1 1.4142135381698608
          1.4142135381698608 3 2.2360680103302 4.123105525970459 1 1
          12.806248664855957 44.10215377807617 1 18.601076126098633 1.4142135381698608 30.01666259765625
          1 2 2.2360680103302 2 28.284271240234375 3.1622776985168457
          45.09988784790039 1 33.12099075317383 3 74.30342864990234 49.04079818725586
          1 32.80244064331055 4.242640495300293 1 1 16.492422103881836
          41.88078308105469 74.02702331542969 1.4142135381698608 2.2360680103302 12.649110794067383 1
          70.66116333007812 41 2.2360680103302 2 77.801025390625 2
          2.2360680103302 1 1 58.30952072143555 29.154760360717773 1.4142135381698608
          1 1 1 29.120439529418945 1.4142135381698608 39.051246643066406
          2.8284270763397217 39.051246643066406 1 5 62.96824645996094 18.384777069091797
          4.4721360206604 30.149627685546875 29.614185333251953 72.42237091064453 2 25.238859176635742
          41.231056213378906 1 1 1 82.3468246459961 2.8284270763397217
          17.029386520385742 1 3.605551242828369 5.099019527435303 46.097721099853516 1
          1 2 39 44.271888732910156 25.495098114013672 3.605551242828369
          1 2.2360680103302 6.082762718200684 76.41989135742188 1 1
          65.0691909790039 23.0867919921875 4.242640495300293 1 1.4142135381698608 41.04875183105469
          20.615528106689453 2 5.830951690673828 69.2603759765625 1 1
          1 1 17.11724281311035 1 1.4142135381698608 1
          19.416488647460938 1 4.123105525970459 57.314918518066406 1 28.44292449951172
          28.23118782043457 74.65252685546875 1.4142135381698608 3.605551242828369 1 88.00568389892578
          94.57801055908203 2.2360680103302 17.464248657226562 4.4721360206604 1.4142135381698608 48.093658447265625
          12.369317054748535 2.8284270763397217 1 11.401754379272461 1.4142135381698608 1
          2 5 1 44.821868896484375 38.832977294921875 2
          3 1.4142135381698608 1 1 16.6433162689209 2.2360680103302
          1 2.8284270763397217 4 25.45584487915039 48.754486083984375 3.1622776985168457
          1 50.32891845703125 23.76972770690918 1 8.062257766723633 2
          4.242640495300293 2 1.4142135381698608 1 2.2360680103302 30.4138126373291
          1.4142135381698608 4.123105525970459 2.2360680103302 2 2.8284270763397217 2.8284270763397217
          51.312767028808594 4.123105525970459 1.4142135381698608 1 6.082762718200684 1.4142135381698608
          1.4142135381698608 1 3.605551242828369 27.312999725341797 21.40093421936035 5.656854152679443
          24.083189010620117 2.2360680103302 6.7082037925720215 1 3.1622776985168457 2.2360680103302
          2.2360680103302 8.246211051940918 3.605551242828369 24.020824432373047 1 7.071067810058594
          1.4142135381698608 19.02629852294922 41.231056213378906
        </DataArray>
      </CellData>
      <Points>
        <DataArray type="Float32" Name="Points" NumberOfComponents="3" format="ascii" RangeMin="1" RangeMax="221.35265979879256">
          145 17 0 144 18 0
          143 18 0 139 0 0
          137 1 0 107 74 0
          105 74 0 133 5 0
          134 5 0 41 55 0
          42 55 0 112 16 0
          112 15 0 125 64 0
          123 64 0 133 80 0
          132 81 0 43 56 0
          111 15 0 124 77 0
          124 76 0 135 6 0
          131 82 0 131 5 0
          132 4 0 143 15 0
          48 64 0 52 64 0
          125 69 0 126 68 0
          122 76 0 122 75 0
          27 40 0 31 40 0
          54 47 0 53 46 0
          128 15 0 129 13 0
          108 62 0 105 62 0
          99 73 0 102 73 0
          149 9 0 148 10 0
          68 8 0 67 7 0
          143 34 0 141 36 0
          127 24 0 128 21 0
          69 9 0 68 9 0
          113 62 0 114 62 0
          146 1 0 146 0 0
          109 9 0 109 10 0
          110 1 0 109 1 0
          112 14 0 135 18 0
          135 17 0 60 78 0
          59 75 0 64 6 0
          63 5 0 116 12 0
          117 12 0 53 45 0
          138 11 0 140 13 0
          156 13 0 158 15 0
          136 1 0 113 11 0
          133 16 0 99 59 0
          98 59 0 135 3 0
          109 11 0 97 57 0
          96 57 0 135 79 0
          134 80 0 98 58 0
          97 58 0 121 75 0
          66 7 0 124 79 0
          124 78 0 129 82 0
          130 82 0 132 63 0
          134 63 0 126 81 0
          125 81 0 159 16 0
          145 0 0 140 37 0
          142 13 0 141 33 0
          117 75 0 115 75 0
          108 2 0 142 0 0
          138 16 0 115 11 0
          131 73 0 132 74 0
          128 81 0 117 13 0
          102 74 0 103 74 0
          125 80 0 120 74 0
          130 12 0 122 64 0
          120 73 0 109 7 0
          109 8 0 100 60 0
          99 60 0 133 77 0
          133 78 0 63 4 0
          62 3 0 114 75 0
          104 74 0 121 14 0
          123 14 0 61 1 0
          61 2 0 61 3 0
          138 14 0 139 15 0
          137 7 0 130 0 0
          130 1 0 125 79 0
          130 11 0 110 75 0
          109 75 0 112 75 0
          124 14 0 155 2 0
          157 0 0 127 66 0
          96 56 0 95 56 0
          112 2 0 131 1 0
          131 2 0 126 11 0
          125 12 0 131 10 0
          132 9 0 134 10 0
          135 9 0 133 75 0
          128 20 0 46 56 0
          127 32 0 125 31 0
          129 19 0 64 7 0
          140 33 0 135 35 0
          94 54 0 93 54 0
          148 11 0 148 13 0
          114 2 0 111 10 0
          128 10 0 157 11 0
          118 74 0 159 0 0
          54 0 0 56 0 0
          133 74 0 153 3 0
          110 30 0 113 27 0
          91 50 0 89 49 0
          91 54 0 92 53 0
          72 64 0 65 67 0
          129 18 0 95 55 0
          130 19 0 132 35 0
          93 53 0 127 71 0
          122 30 0 126 27 0
          72 10 0 73 10 0
          135 63 0 120 12 0
          146 31 0 145 32 0
          115 2 0 57 0 0
          51 45 0 58 0 0
          116 0 0 115 0 0
          115 3 0 129 63 0
          129 1 0 110 5 0
          31 41 0 129 45 0
          126 43 0 128 1 0
          129 36 0 105 14 0
          103 15 0 139 24 0
          137 27 0 92 52 0
          134 27 0 133 26 0
          50 46 0 54 50 0
          56 63 0 54 51 0
          126 67 0 27 44 0
          49 45 0 49 46 0
          51 55 0 101 24 0
          100 26 0 136 28 0
          135 28 0 113 48 0
          108 49 0 99 13 0
          97 12 0 101 61 0
          102 62 0 158 9 0
          127 70 0 32 42 0
          32 41 0 107 6 0
          115 27 0 115 26 0
          106 6 0 103 62 0
          37 54 0 38 54 0
          156 40 0 155 42 0
          47 55 0 34 59 0
          34 57 0 50 55 0
          58 5 0 59 5 0
          158 7 0 59 6 0
          125 40 0 126 38 0
          115 25 0 57 56 0
          56 56 0 132 30 0
          133 29 0 150 28 0
          149 28 0 57 4 0
          84 52 0 87 50 0
          102 14 0 153 13 0
          26 44 0 126 47 0
          128 46 0 82 18 0
          127 69 0 125 44 0
          152 12 0 134 31 0
          134 32 0 47 53 0
          129 41 0 17 41 0
          159 35 0 157 38 0
          110 82 0 108 81 0
          121 43 0 49 55 0
          81 66 0 81 67 0
          82 67 0 154 43 0
          78 66 0 118 63 0
          119 63 0 107 49 0
          106 41 0 105 41 0
          58 59 0 58 57 0
          47 52 0 88 49 0
          116 62 0 116 63 0
          121 42 0 107 81 0
          155 59 0 158 61 0
          116 82 0 108 51 0
          109 50 0 119 80 0
          115 22 0 65 57 0
          69 58 0 63 67 0
          16 40 0 158 44 0
          117 37 0 57 61 0
          105 40 0 120 47 0
          62 65 0 60 65 0
          106 43 0 108 44 0
          107 44 0 115 37 0
          35 51 0 35 52 0
          104 44 0 50 68 0
          49 67 0 1 39 0
          0 42 0 96 12 0
          75 53 0 74 53 0
          118 82 0 107 43 0
          109 41 0 108 41 0
          62 66 0 74 52 0
          22 68 0 21 67 0
          91 51 0 93 31 0
          92 29 0 105 12 0
          45 51 0 46 51 0
          72 53 0 60 61 0
          159 29 0 159 32 0
          103 0 0 104 0 0
          14 44 0 62 59 0
          108 46 0 87 71 0
          111 42 0 112 41 0
          69 59 0 84 69 0
          84 68 0 114 64 0
          159 44 0 63 59 0
          85 70 0 93 5 0
          94 3 0 107 64 0
          114 66 0 114 65 0
          112 36 0 113 37 0
          94 55 0 92 28 0
          98 30 0 95 31 0
          86 71 0 100 27 0
          113 42 0 94 2 0
          94 7 0 105 11 0
          107 69 0 147 49 0
          148 49 0 92 12 0
          94 10 0 99 28 0
          132 56 0 131 57 0
          94 26 0 93 27 0
          107 68 0 114 42 0
          106 9 0 97 27 0
          59 74 0 61 73 0
          117 63 0 137 53 0
          140 52 0 83 0 0
          83 2 0 157 21 0
          78 55 0 83 7 0
          82 8 0 159 26 0
          82 19 0 93 9 0
          100 65 0 98 64 0
          157 22 0 98 27 0
          47 0 0 50 0 0
          82 7 0 95 10 0
          82 6 0 76 18 0
          74 20 0 68 18 0
          69 19 0 119 65 0
          101 13 0 157 26 0
          156 26 0 118 66 0
          97 63 0 144 50 0
          131 58 0 71 19 0
          72 19 0 71 32 0
          71 31 0 102 19 0
          103 17 0 70 31 0
          76 33 0 132 59 0
          83 27 0 107 66 0
          107 65 0 142 51 0
          101 66 0 85 4 0
          86 4 0 86 5 0
          84 4 0 159 64 0
          158 63 0 27 1 0
          28 1 0 158 104 0
          156 103 0 87 5 0
          28 2 0 31 1 0
          32 64 0 32 63 0
          51 14 0 53 12 0
          87 6 0 77 22 0
          77 23 0 55 11 0
          53 72 0 52 71 0
          91 1 0 10 28 0
          10 27 0 9 27 0
          54 12 0 12 26 0
          135 56 0 135 55 0
          154 102 0 81 26 0
          90 1 0 149 101 0
          150 101 0 159 95 0
          159 98 0 45 41 0
          46 44 0 47 72 0
          50 72 0 4 46 0
          1 46 0 0 43 0
          158 101 0 8 46 0
          9 46 0 79 25 0
          159 100 0 88 2 0
          0 44 0 134 55 0
          9 47 0 0 46 0
          79 32 0 150 102 0
          6 46 0 151 102 0
          51 23 0 52 23 0
          52 24 0 48 24 0
          136 85 0 137 85 0
          14 45 0 15 45 0
          89 19 0 90 19 0
          158 62 0 99 83 0
          100 83 0 13 25 0
          79 30 0 141 88 0
          142 88 0 122 57 0
          124 57 0 15 46 0
          143 89 0 124 58 0
          17 27 0 18 28 0
          138 86 0 138 85 0
          18 0 0 17 0 0
          14 0 0 15 26 0
          21 0 0 114 87 0
          115 87 0 155 99 0
          158 58 0 121 57 0
          12 45 0 140 87 0
          32 1 0 155 98 0
          17 25 0 16 26 0
          11 49 0 12 52 0
          11 51 0 120 57 0
          125 54 0 22 29 0
          21 28 0 22 26 0
          20 26 0 20 28 0
          11 50 0 40 38 0
          42 39 0 92 21 0
          14 52 0 93 20 0
          1 64 0 1 60 0
          10 0 0 23 33 0
          22 31 0 145 100 0
          144 100 0 147 53 0
          146 53 0 156 94 0
          14 30 0 15 52 0
          22 51 0 154 93 0
          143 98 0 140 64 0
          139 64 0 12 31 0
          9 0 0 159 47 0
          40 0 0 159 89 0
          159 91 0 159 48 0
          142 98 0 9 23 0
          9 24 0 145 90 0
          140 98 0 145 91 0
          116 56 0 115 56 0
          140 97 0 0 32 0
          0 34 0 156 90 0
          47 24 0 138 96 0
          138 97 0 6 30 0
          155 90 0 149 98 0
          149 97 0 88 84 0
          90 84 0 94 81 0
          54 89 0 57 91 0
          148 96 0 53 17 0
          93 81 0 159 112 0
          159 111 0 151 91 0
          159 56 0 22 52 0
          148 95 0 94 37 0
          93 36 0 148 93 0
          150 57 0 150 58 0
          25 53 0 5 31 0
          151 58 0 147 93 0
          92 84 0 93 83 0
          150 56 0 139 102 0
          140 102 0 136 94 0
          135 94 0 132 94 0
          134 94 0 24 55 0
          23 54 0 21 55 0
          22 55 0 0 73 0
          2 73 0 26 53 0
          11 35 0 156 53 0
          157 52 0 32 45 0
          128 91 0 125 90 0
          152 58 0 3 73 0
          97 37 0 98 37 0
          6 72 0 155 83 0
          156 85 0 124 89 0
          1 59 0 4 57 0
          125 89 0 104 35 0
          104 36 0 12 71 0
          11 72 0 159 75 0
          159 81 0 40 8 0
          39 8 0 9 72 0
          133 102 0 134 100 0
          28 29 0 26 29 0
          155 82 0 49 93 0
          49 89 0 15 71 0
          154 82 0 149 56 0
          27 22 0 27 23 0
          33 27 0 32 27 0
          121 94 0 120 94 0
          63 86 0 62 83 0
          84 86 0 83 86 0
          24 17 0 19 16 0
          153 81 0 154 81 0
          43 17 0 42 17 0
          123 94 0 124 94 0
          83 85 0 48 31 0
          17 14 0 143 65 0
          142 65 0 48 32 0
          12 59 0 12 60 0
          21 66 0 102 31 0
          101 31 0 149 55 0
          86 87 0 42 16 0
          46 17 0 8 69 0
          10 68 0 62 18 0
          63 18 0 148 55 0
          10 17 0 8 17 0
          96 47 0 95 46 0
          5 18 0 11 68 0
          159 118 0 3 12 0
          2 11 0 99 40 0
          100 41 0 56 36 0
          55 35 0 59 91 0
          159 119 0 150 85 0
          152 86 0 25 19 0
          61 90 0 7 67 0
          1 11 0 4 15 0
          3 20 0 9 70 0
          94 43 0 96 40 0
          66 46 0 148 54 0
          66 45 0 150 118 0
          151 117 0 58 38 0
          57 37 0 59 41 0
          58 42 0 127 102 0
          127 101 0 37 27 0
          36 27 0 1 23 0
          0 24 0 1 0 0
          4 0 0 131 108 0
          131 106 0 151 61 0
          151 59 0 145 79 0
          147 80 0 41 20 0
          41 19 0 120 102 0
          122 100 0 152 125 0
          151 124 0 159 131 0
          157 130 0 44 12 0
          44 11 0 148 80 0
          0 20 0 1 20 0
          147 81 0 35 37 0
          34 38 0 156 129 0
          151 123 0 155 128 0
          151 121 0 35 31 0
          34 31 0 153 127 0
          153 126 0 36 21 0
          36 22 0 154 127 0
          36 23 0 154 128 0
          36 25 0 39 75 0
          39 76 0 45 96 0
          48 98 0 41 22 0
          41 21 0 63 37 0
          64 37 0 159 150 0
          159 152 0 147 126 0
          148 125 0 90 42 0
          90 43 0 29 73 0
          32 70 0 48 89 0
          144 121 0 143 121 0
          156 68 0 157 68 0
          150 70 0 148 69 0
          147 75 0 148 76 0
          159 154 0 159 137 0
          154 147 0 157 146 0
          142 59 0 141 58 0
          152 65 0 152 66 0
          148 68 0 159 139 0
          11 120 0 8 121 0
          155 143 0 96 53 0
          52 91 0 97 52 0
          153 66 0 22 115 0
          22 112 0 153 135 0
          153 134 0 141 73 0
          140 73 0 154 66 0
          151 159 0 147 158 0
          147 67 0 139 70 0
          139 69 0 155 142 0
          157 141 0 139 128 0
          141 128 0 49 82 0
          49 81 0 12 76 0
          12 75 0 149 138 0
          150 137 0 146 137 0
          145 138 0 147 135 0
          59 103 0 60 100 0
          145 139 0 156 152 0
          154 152 0 6 78 0
          4 79 0 40 25 0
          39 25 0 126 118 0
          129 118 0 8 78 0
          3 79 0 101 53 0
          102 53 0 144 142 0
          145 141 0 146 154 0
          147 156 0 5 121 0
          133 123 0 134 122 0
          24 102 0 23 101 0
          17 77 0 17 76 0
          133 120 0 134 120 0
          17 74 0 17 75 0
          140 131 0 139 131 0
          90 97 0 91 98 0
          116 112 0 117 111 0
          147 157 0 91 99 0
          109 105 0 91 101 0
          92 101 0 19 103 0
          20 100 0 88 95 0
          109 104 0 151 155 0
          20 108 0 21 109 0
          26 99 0 24 100 0
          133 145 0 130 143 0
          134 131 0 136 129 0
          49 85 0 48 86 0
          22 111 0 138 148 0
          136 149 0 30 112 0
          32 114 0 126 123 0
          135 157 0 134 154 0
          45 104 0 43 101 0
          76 104 0 77 113 0
          126 124 0 143 152 0
          22 100 0 129 143 0
          128 144 0 135 150 0
          139 142 0 140 142 0
          143 151 0 134 147 0
          138 144 0 139 143 0
          84 103 0 84 104 0
          136 145 0 134 152 0
          134 151 0 127 145 0
          11 86 0 11 83 0
          117 120 0 119 119 0
          49 99 0 83 98 0
          122 134 0 122 132 0
          85 104 0 83 100 0
          97 105 0 96 103 0
          82 98 0 133 159 0
          134 158 0 123 131 0
          6 116 0 125 129 0
          42 86 0 44 84 0
          50 97 0 98 108 0
          97 108 0 24 98 0
          78 114 0 7 86 0
          7 84 0 86 135 0
          84 128 0 78 117 0
          24 97 0 19 106 0
          118 125 0 117 125 0
          79 118 0 124 139 0
          125 139 0 71 99 0
          134 139 0 133 139 0
          9 105 0 6 106 0
          45 82 0 3 108 0
          45 83 0 80 122 0
          81 123 0 23 92 0
          23 94 0 83 127 0
          83 126 0 87 111 0
          86 110 0 18 96 0
          19 98 0 15 85 0
          16 85 0 91 115 0
          2 89 0 4 88 0
          92 117 0 35 87 0
          36 87 0 36 88 0
          35 90 0 139 159 0
          140 159 0 105 113 0
          0 110 0 0 109 0
          104 113 0 90 119 0
          32 98 0 31 96 0
          90 120 0 112 122 0
          113 121 0 64 113 0
          64 112 0 98 114 0
          18 93 0 99 114 0
          62 112 0 63 112 0
          100 117 0 101 117 0
          17 93 0 6 115 0
          21 90 0 43 94 0
          66 134 0 68 137 0
          34 92 0 70 124 0
          71 125 0 42 94 0
          0 114 0 71 126 0
          30 107 0 29 108 0
          68 125 0 105 125 0
          104 124 0 76 130 0
          76 127 0 104 123 0
          70 140 0 70 139 0
          69 139 0 100 123 0
          117 135 0 67 125 0
          73 139 0 72 139 0
          115 135 0 68 138 0
          73 126 0 75 126 0
          68 139 0 77 124 0
          90 126 0 91 124 0
          68 118 0 68 119 0
          75 136 0 69 151 0
          74 151 0 96 147 0
          93 148 0 66 141 0
          65 140 0 42 101 0
          21 89 0 70 135 0
          69 135 0 15 90 0
          13 93 0 14 92 0
          69 119 0 50 104 0
          69 121 0 36 112 0
          35 112 0 64 140 0
          8 124 0 68 140 0
          36 109 0 35 110 0
          106 133 0 106 129 0
          69 131 0 35 111 0
          69 130 0 91 148 0
          90 147 0 90 144 0
          55 122 0 57 122 0
          106 144 0 106 146 0
          90 146 0 71 146 0
          71 145 0 32 84 0
          70 144 0 69 144 0
          65 119 0 66 118 0
          61 130 0 62 132 0
          33 111 0 60 119 0
          118 151 0 119 152 0
          9 126 0 9 125 0
          60 120 0 30 96 0
          8 125 0 57 123 0
          58 124 0 58 123 0
          58 120 0 29 88 0
          31 87 0 73 158 0
          74 154 0 99 133 0
          99 132 0 73 148 0
          73 147 0 75 151 0
          105 147 0 32 115 0
          74 149 0 40 92 0
          42 91 0 40 105 0
          42 105 0 122 156 0
          123 156 0 28 96 0
          77 139 0 78 139 0
          51 119 0 109 143 0
          51 118 0 34 106 0
          34 107 0 4 98 0
          105 139 0 104 138 0
          47 121 0 49 120 0
          64 146 0 64 147 0
          86 149 0 88 148 0
          47 127 0 47 125 0
          2 96 0 2 94 0
          77 145 0 75 144 0
          44 109 0 45 109 0
          63 145 0 64 145 0
          5 95 0 4 96 0
          45 110 0 41 93 0
          41 92 0 45 108 0
          103 151 0 104 150 0
          110 143 0 105 141 0
          120 159 0 122 159 0
          58 146 0 57 146 0
          108 151 0 107 151 0
          57 145 0 59 148 0
          109 148 0 109 149 0
          61 148 0 46 113 0
          46 112 0 60 148 0
          29 103 0 13 133 0
          11 130 0 29 104 0
          48 132 0 47 130 0
          40 108 0 85 155 0
          86 155 0 50 134 0
          50 133 0 15 110 0
          16 110 0 15 136 0
          14 135 0 109 157 0
          109 155 0 80 156 0
          14 109 0 14 110 0
          39 99 0 40 99 0
          61 153 0 62 153 0
          81 156 0 63 154 0
          62 154 0 13 108 0
          13 107 0 81 157 0
          82 157 0 101 158 0
          105 157 0 42 115 0
          41 115 0 87 157 0
          88 158 0 84 159 0
          83 159 0 92 159 0
          94 158 0 56 155 0
          57 154 0 54 142 0
          47 142 0 45 140 0
          54 141 0 45 135 0
          44 136 0 45 137 0
          45 138 0 11 112 0
          10 112 0 42 134 0
          34 124 0 34 126 0
          39 134 0 19 147 0
          20 146 0 17 140 0
          16 140 0 33 121 0
          33 120 0 34 122 0
          35 126 0 22 144 0
          37 96 0 19 143 0
          38 96 0 25 120 0
          25 121 0 21 127 0
          23 127 0 24 130 0
          25 134 0 25 132 0
          46 154 0 47 153 0
          24 131 0 0 130 0
          1 131 0 46 157 0
          45 159 0 1 133 0
          4 152 0 6 154 0
          5 141 0 3 139 0
          3 129 0 2 135 0
          13 155 0 14 154 0
          2 136 0 28 138 0
          27 137 0 3 157 0
          2 158 0 1 158 0
          5 156 0 32 151 0
          28 147 0 7 156 0
          6 145 0 6 146 0
          7 148 0 2 147 0
          4 146 0 23 153 0
          23 152 0 41 150 0
          42 151 0 26 113 0
          <InformationKey name="L2_NORM_RANGE" location="vtkDataArray" length="2">
            <Value index="0">
              1
            </Value>
            <Value index="1">
              221.3526598
            </Value>
          </InformationKey>
        </DataArray>
      </Points>
      <Cells>
        <DataArray type="Int64" Name="connectivity" format="ascii" RangeMin="0" RangeMax="1329">
          0 1 2 1 3 4
          5 6 7 8 9 10
          11 12 13 14 15 16
          17 10 18 12 19 20
          21 8 22 16 23 24
          1 25 26 27 28 29
          30 31 32 33 34 35
          36 37 38 39 40 41
          42 43 44 45 46 47
          8 24 48 49 50 51
          52 53 54 55 56 57
          58 59 12 60 61 62
          63 64 65 66 67 68
          69 35 70 71 72 73
          74 4 75 60 76 62
          77 78 4 79 80 57
          81 82 83 84 85 86
          87 31 88 45 89 90
          91 92 24 79 93 94
          95 96 97 73 98 55
          99 47 31 20 100 25
          47 101 102 103 104 59
          16 92 55 105 92 84
          62 106 60 107 108 109
          84 110 111 68 112 113
          114 96 68 107 20 115
          116 37 117 14 118 115
          25 71 119 120 121 122
          123 124 115 90 125 126
          57 120 127 103 96 110
          128 6 129 130 6 113
          131 132 133 132 71 134
          135 134 79 136 137 138
          132 126 110 139 37 140
          90 139 139 124 113 41
          141 142 103 143 144 130
          145 146 41 142 142 143
          14 147 148 149 134 136
          59 150 151 152 153 154
          45 51 136 152 155 156
          157 158 124 159 160 49
          10 161 152 158 162 163
          49 164 158 156 51 165
          166 101 156 106 106 138
          101 167 168 169 170 171
          130 154 126 66 172 150
          120 173 154 174 73 175
          143 176 177 146 107 173
          138 140 178 179 180 159
          159 176 176 109 146 181
          182 183 140 105 105 174
          184 185 186 187 188 189
          190 164 191 149 164 192
          174 171 193 167 194 187
          66 165 109 195 196 197
          165 198 199 198 200 94
          171 192 173 201 192 197
          202 203 150 204 197 201
          205 179 35 206 198 207
          208 209 210 204 94 211
          204 209 201 212 209 213
          167 203 214 33 215 216
          217 212 203 218 219 220
          212 181 221 222 223 187
          181 213 224 225 226 206
          213 163 206 227 163 43
          228 27 43 218 229 227
          230 29 33 231 232 233
          179 207 227 233 29 147
          218 225 233 234 187 169
          235 236 237 238 239 240
          241 242 225 238 243 244
          245 175 246 195 247 248
          238 249 250 251 252 249
          253 39 147 211 254 255
          256 257 258 161 161 255
          259 260 261 234 262 263
          249 264 265 263 266 267
          268 251 251 183 175 264
          269 270 264 267 271 272
          273 274 267 272 263 275
          276 277 207 275 278 220
          272 222 222 279 280 231
          281 282 275 283 231 248
          211 284 285 216 286 279
          287 288 255 289 216 290
          279 290 290 288 288 282
          248 291 292 293 282 274
          294 295 274 296 234 270
          270 297 298 299 300 299
          301 257 299 302 303 304
          305 240 306 307 308 309
          310 289 311 185 312 313
          314 296 315 295 316 317
          257 293 295 318 319 320
          195 321 183 322 323 324
          325 189 326 291 293 327
          289 297 296 322 185 277
          297 309 240 320 322 328
          27 329 189 302 309 329
          330 307 320 331 332 333
          307 334 335 336 337 328
          328 331 338 339 340 334
          341 342 343 344 329 339
          345 242 346 347 339 333
          348 321 349 334 350 351
          39 244 333 352 353 347
          354 355 169 356 302 352
          334 336 336 351 357 358
          220 359 360 361 347 362
          352 361 361 342 342 363
          321 284 364 365 366 367
          291 368 369 363 331 367
          367 370 284 371 351 372
          373 372 372 370 374 324
          375 376 377 313 378 327
          363 376 376 379 324 379
          379 380 381 382 277 356
          313 53 244 383 384 385
          386 387 356 388 389 358
          390 391 358 391 370 387
          392 371 371 380 393 236
          387 394 395 382 382 396
          397 359 327 365 380 398
          399 400 401 402 149 388
          236 403 404 405 406 407
          408 398 365 400 53 385
          409 394 388 82 391 407
          394 410 407 411 398 318
          412 64 64 413 318 362
          385 414 415 416 417 418
          359 410 410 419 82 420
          421 422 400 423 424 283
          425 396 426 427 428 419
          429 411 283 422 396 402
          430 431 422 432 362 304
          402 433 434 432 432 435
          436 435 242 433 437 438
          304 439 433 440 441 442
          443 439 419 442 442 423
          444 427 423 445 411 403
          446 405 447 448 435 448
          449 450 451 452 453 450
          450 454 405 455 439 414
          403 456 414 457 448 438
          458 457 459 416 438 418
          457 460 427 460 461 462
          463 462 418 464 465 466
          462 464 467 468 464 431
          469 470 431 471 472 468
          468 473 416 445 460 413
          413 260 260 383 474 475
          476 477 478 471 471 479
          480 479 479 481 383 420
          420 475 482 483 475 86
          86 455 445 440 440 484
          485 486 487 486 455 78
          488 481 486 489 490 491
          492 470 493 456 494 484
          481 477 495 496 497 498
          499 500 484 491 501 502
          503 504 505 344 78 483
          483 122 470 506 507 508
          477 509 510 506 456 509
          509 511 344 512 491 513
          514 508 515 504 516 454
          517 496 508 518 506 519
          520 521 522 521 122 502
          502 513 521 523 513 524
          496 519 525 524 519 498
          526 527 524 511 511 528
          529 528 530 317 528 500
          504 512 512 518 531 532
          533 489 454 534 535 536
          537 538 539 527 540 536
          541 538 500 534 527 368
          542 543 544 545 546 547
          534 532 548 547 317 466
          489 549 547 550 532 551
          552 551 498 553 466 554
          538 555 518 556 536 557
          551 545 558 473 368 556
          559 553 560 561 556 562
          473 550 563 564 565 555
          555 566 545 566 567 568
          569 570 571 568 572 562
          573 574 562 564 566 575
          564 576 577 575 575 557
          557 452 568 543 578 579
          550 580 581 582 543 561
          561 549 553 583 452 574
          584 583 585 586 583 587
          549 570 570 588 589 576
          576 590 591 587 587 592
          593 594 595 588 596 580
          574 597 580 598 599 600
          601 597 602 592 603 604
          592 600 597 605 600 606
          607 605 608 609 610 606
          611 612 605 598 606 613
          614 523 588 582 615 616
          582 604 604 617 618 613
          613 619 620 619 619 616
          621 622 598 609 609 623
          624 625 616 626 523 627
          628 623 629 630 623 631
          632 554 633 590 634 626
          626 630 635 636 630 637
          638 639 590 640 641 617
          642 639 643 637 637 631
          644 645 631 645 645 594
          639 646 647 648 594 636
          636 649 650 649 649 648
          651 652 653 654 655 656
          657 658 659 640 617 660
          661 662 648 586 586 622
          622 662 640 654 662 663
          654 660 664 665 554 666
          660 656 656 663 667 658
          663 652 652 668 669 668
          658 670 671 672 668 673
          674 579 579 675 676 673
          673 627 677 678 679 680
          681 682 683 684 627 684
          685 680 686 687 688 689
          684 672 672 665 665 690
          691 692 680 693 694 690
          695 646 690 612 696 697
          698 699 612 675 700 701
          675 701 702 703 704 705
          706 707 708 709 710 711
          701 697 697 712 713 712
          712 689 714 705 689 678
          678 709 709 715 716 707
          717 718 719 715 715 720
          721 720 722 355 720 687
          355 693 723 724 687 724
          646 725 705 726 724 718
          718 699 727 711 711 728
          729 730 699 726 731 732
          733 725 734 735 736 737
          738 735 726 732 739 730
          732 740 741 742 693 670
          743 744 745 746 747 625
          748 740 749 750 707 751
          740 746 746 744 625 752
          730 753 744 703 703 752
          752 750 750 753 754 742
          742 755 735 756 753 751
          751 682 682 757 758 759
          670 757 757 756 756 760
          725 761 762 760 763 764
          765 766 767 768 760 766
          769 770 766 759 759 768
          771 772 768 773 774 773
          773 755 755 764 764 770
          770 728 728 737 775 776
          777 778 779 780 781 782
          737 778 778 772 783 784
          772 761 761 784 785 786
          787 788 789 790 791 792
          784 786 786 792 792 793
          794 795 796 782 797 798
          782 793 793 795 795 798
          799 790 798 780 800 788
          790 801 788 802 803 804
          780 804 805 806 804 802
          802 806 806 776 807 808
          776 809 810 808 811 801
          801 809 809 666 808 812
          666 813 814 813 813 812
          815 816 817 818 819 820
          821 822 812 820 820 818
          823 824 818 825 826 825
          827 828 825 824 829 692
          824 830 831 830 832 833
          834 835 836 837 830 837
          838 822 837 839 840 841
          842 843 844 845 846 835
          847 839 848 849 822 841
          839 833 841 850 833 851
          692 852 853 851 854 845
          855 856 857 858 851 858
          859 860 845 861 858 860
          862 863 860 852 835 864
          865 866 867 850 852 866
          850 868 869 870 871 872
          866 843 843 868 873 874
          868 870 875 876 877 878
          870 864 864 879 880 881
          882 878 878 879 879 874
          874 876 876 883 884 883
          885 886 883 861 887 888
          889 890 861 828 828 891
          892 886 893 894 886 891
          891 888 895 896 897 898
          899 849 888 894 894 890
          900 901 902 903 904 905
          890 906 907 906 906 896
          896 908 909 905 910 911
          905 908 912 913 908 911
          914 915 916 863 911 872
          872 915 917 913 915 901
          901 918 913 919 920 919
          921 922 919 923 924 918
          863 925 918 881 926 927
          928 929 930 931 932 933
          881 925 934 935 925 933
          936 856 937 938 933 898
          939 940 898 923 923 935
          935 941 942 943 944 945
          946 947 948 941 941 949
          950 929 951 931 931 952
          953 938 954 955 956 949
          938 957 958 959 949 955
          960 961 955 959 959 962
          963 964 965 952 966 967
          929 903 952 957 957 962
          968 969 970 816 962 971
          972 973 974 961 961 975
          903 922 976 977 978 971
          979 980 971 975 981 973
          975 969 849 982 969 964
          964 967 973 983 967 977
          984 985 816 986 987 988
          922 989 990 947 856 927
          977 983 991 992 993 994
          983 943 943 988 947 995
          996 989 988 992 989 997
          998 999 992 986 1000 995
          986 999 1001 1002 999 1002
          1002 980 995 1003 980 1004
          1005 1004 1006 1007 1004 1003
          1003 1008 1009 1007 1010 1008
          1008 1011 1012 1011 927 997
          1013 1014 1011 985 1015 1016
          985 1016 997 1014 1017 1018
          1019 1020 1016 994 994 1021
          1022 1021 1021 1018 1018 1023
          1024 1025 1014 1020 1026 1023
          1027 1028 1029 1028 1028 1030
          1031 1032 1023 1032 1032 1033
          1034 1035 1036 1033 1033 1037
          1038 1039 1040 1037 1041 1042
          1043 1044 1037 1042 1042 1045
          1007 1035 1020 1046 1047 1045
          1045 1048 1049 1044 1044 1048
          1048 1025 1025 1050 1051 1050
          1052 1046 1053 982 1046 1054
          1050 1055 1056 1057 1058 1030
          1059 1060 1061 1055 1035 1062
          1063 1060 1064 1065 1060 1066
          1067 1068 1069 1070 1071 1068
          1072 1073 1074 1073 1068 1075
          1055 1076 1077 1066 1078 1079
          1080 1076 1073 1079 1081 1057
          1066 1082 1083 1070 1079 1084
          1076 1085 1086 1087 1070 1082
          1057 1084 1082 1085 1088 1089
          1084 1090 1091 1092 1085 1087
          1093 1094 1095 1096 1097 945
          1098 1054 1099 1100 1054 1101
          1102 1103 1087 1090 1090 1101
          1104 1089 945 1105 1089 1106
          1107 1108 1101 1103 1109 1096
          1103 1100 982 1110 1100 1111
          1096 1111 1112 1113 1111 1075
          1114 1115 1075 1106 1106 1116
          1117 1113 1118 1116 1119 1120
          1116 1121 1122 1123 1124 1125
          1126 1120 1120 1094 1127 1128
          1094 1121 1030 1129 1130 1131
          1132 1133 1113 1108 1121 1133
          1133 1131 1131 1128 1134 1135
          1108 1136 1128 1105 1105 1137
          1138 1139 1140 1141 1142 1137
          1143 1039 1144 1141 1137 1115
          1145 1123 1146 1147 1123 1147
          1141 1110 1147 1148 1149 1150
          1151 1152 1153 1154 1155 1156
          1110 1062 1115 1135 1157 1092
          1135 1156 1158 1125 1156 1154
          1159 940 1092 1160 1161 1162
          1163 1164 1154 1139 940 1136
          1139 1160 1165 1166 1160 1148
          1039 1167 1148 1166 1166 1168
          1169 1168 1168 1170 1125 1171
          1172 1170 1173 1174 1062 1175
          1170 1152 1152 1167 1176 1177
          1178 1179 1167 1129 1180 1181
          1129 1181 1181 1177 1182 1183
          1184 1185 1177 1162 1186 1187
          1188 1189 1190 1191 1192 1193
          1162 1193 1193 1179 1194 1195
          1196 1191 1197 1198 1191 1199
          1179 1198 1200 1201 1198 1187
          1187 1195 1195 1164 1202 1171
          1136 1065 1164 1183 1183 1203
          1171 1203 1203 1189 1189 1201
          1201 1199 1204 1205 1199 1150
          1150 1185 1206 1207 1208 1209
          1210 1207 1185 1205 1207 1211
          1205 1212 1213 1212 1212 1209
          1065 1174 1209 1214 1215 1216
          1217 1211 1211 1214 1214 1216
          1216 1175 1175 1218 1219 1220
          1221 1218 1222 1223 1174 1224
          1218 1225 1226 1225 1227 1228
          1225 1224 1224 1223 1223 1228
          1229 1230 1231 1232 1228 1230
          1230 1220 1233 1234 1220 1232
          1232 1235 1236 1237 1238 1239
          1240 1241 1242 1235 1235 1243
          1244 1243 1243 1241 1245 1246
          1241 1247 1248 1247 1249 1250
          1247 1251 1252 1251 1251 1237
          1237 1239 1239 1253 1254 1253
          1253 1255 1256 1255 1255 1246
          1246 1257 1258 1257 1257 1234
          1234 1250 1259 1260 1250 1260
          1260 1261 1262 1263 1264 1261
          1261 1265 1266 1267 1268 1267
          1267 1265 1265 1263 1269 1270
          1263 1270 1270 1271 1272 1273
          1274 1271 1275 1276 1277 1278
          1279 1280 1271 1280 1280 1281
          1282 1273 1283 1276 1273 1281
          1281 1278 1278 1284 1276 1285
          1286 1284 1284 1285 1285 1287
          1288 1287 1287 1289 1290 1289
          1289 1291 1292 1293 1294 1295
          1296 1291 1291 1293 1293 1295
          1297 1298 1295 1299 1300 1299
          1301 1298 1302 1303 1304 1305
          1299 1306 1298 1307 1308 1309
          1310 1307 1307 1306 1311 1312
          1313 1314 1315 1314 1314 1316
          1306 1309 1309 1312 1317 1318
          1312 1305 1319 1303 1305 1320
          1321 1320 1320 1322 1323 1324
          1303 1316 1316 1322 1322 1324
          1324 1318 1325 1326 1318 1326
          1327 1328 1326 1328 1328 1329
        </DataArray>
        <DataArray type="Int64" Name="offsets" format="ascii" RangeMin="2" RangeMax="2658">
          2 4 6 8 10 12
          14 16 18 20 22 24
          26 28 30 32 34 36
          38 40 42 44 46 48
          50 52 54 56 58 60
          62 64 66 68 70 72
          74 76 78 80 82 84
          86 88 90 92 94 96
          98 100 102 104 106 108
          110 112 114 116 118 120
          122 124 126 128 130 132
          134 136 138 140 142 144
          146 148 150 152 154 156
          158 160 162 164 166 168
          170 172 174 176 178 180
          182 184 186 188 190 192
          194 196 198 200 202 204
          206 208 210 212 214 216
          218 220 222 224 226 228
          230 232 234 236 238 240
          242 244 246 248 250 252
          254 256 258 260 262 264
          266 268 270 272 274 276
          278 280 282 284 286 288
          290 292 294 296 298 300
          302 304 306 308 310 312
          314 316 318 320 322 324
          326 328 330 332 334 336
          338 340 342 344 346 348
          350 352 354 356 358 360
          362 364 366 368 370 372
          374 376 378 380 382 384
          386 388 390 392 394 396
          398 400 402 404 406 408
          410 412 414 416 418 420
          422 424 426 428 430 432
          434 436 438 440 442 444
          446 448 450 452 454 456
          458 460 462 464 466 468
          470 472 474 476 478 480
          482 484 486 488 490 492
          494 496 498 500 502 504
          506 508 510 512 514 516
          518 520 522 524 526 528
          530 532 534 536 538 540
          542 544 546 548 550 552
          554 556 558 560 562 564
          566 568 570 572 574 576
          578 580 582 584 586 588
          590 592 594 596 598 600
          602 604 606 608 610 612
          614 616 618 620 622 624
          626 628 630 632 634 636
          638 640 642 644 646 648
          650 652 654 656 658 660
          662 664 666 668 670 672
          674 676 678 680 682 684
          686 688 690 692 694 696
          698 700 702 704 706 708
          710 712 714 716 718 720
          722 724 726 728 730 732
          734 736 738 740 742 744
          746 748 750 752 754 756
          758 760 762 764 766 768
          770 772 774 776 778 780
          782 784 786 788 790 792
          794 796 798 800 802 804
          806 808 810 812 814 816
          818 820 822 824 826 828
          830 832 834 836 838 840
          842 844 846 848 850 852
          854 856 858 860 862 864
          866 868 870 872 874 876
          878 880 882 884 886 888
          890 892 894 896 898 900
          902 904 906 908 910 912
          914 916 918 920 922 924
          926 928 930 932 934 936
          938 940 942 944 946 948
          950 952 954 956 958 960
          962 964 966 968 970 972
          974 976 978 980 982 984
          986 988 990 992 994 996
          998 1000 1002 1004 1006 1008
          1010 1012 1014 1016 1018 1020
          1022 1024 1026 1028 1030 1032
          1034 1036 1038 1040 1042 1044
          1046 1048 1050 1052 1054 1056
          1058 1060 1062 1064 1066 1068
          1070 1072 1074 1076 1078 1080
          1082 1084 1086 1088 1090 1092
          1094 1096 1098 1100 1102 1104
          1106 1108 1110 1112 1114 1116
          1118 1120 1122 1124 1126 1128
          1130 1132 1134 1136 1138 1140
          1142 1144 1146 1148 1150 1152
          1154 1156 1158 1160 1162 1164
          1166 1168 1170 1172 1174 1176
          1178 1180 1182 1184 1186 1188
          1190 1192 1194 1196 1198 1200
          1202 1204 1206 1208 1210 1212
          1214 1216 1218 1220 1222 1224
          1226 1228 1230 1232 1234 1236
          1238 1240 1242 1244 1246 1248
          1250 1252 1254 1256 1258 1260
          1262 1264 1266 1268 1270 1272
          1274 1276 1278 1280 1282 1284
          1286 1288 1290 1292 1294 1296
          1298 1300 1302 1304 1306 1308
          1310 1312 1314 1316 1318 1320
          1322 1324 1326 1328 1330 1332
          1334 1336 1338 1340 1342 1344
          1346 1348 1350 1352 1354 1356
          1358 1360 1362 1364 1366 1368
          1370 1372 1374 1376 1378 1380
          1382 1384 1386 1388 1390 1392
          1394 1396 1398 1400 1402 1404
          1406 1408 1410 1412 1414 1416
          1418 1420 1422 1424 1426 1428
          1430 1432 1434 1436 1438 1440
          1442 1444 1446 1448 1450 1452
          1454 1456 1458 1460 1462 1464
          1466 1468 1470 1472 1474 1476
          1478 1480 1482 1484 1486 1488
          1490 1492 1494 1496 1498 1500
          1502 1504 1506 1508 1510 1512
          1514 1516 1518 1520 1522 1524
          1526 1528 1530 1532 1534 1536
          1538 1540 1542 1544 1546 1548
          1550 1552 1554 1556 1558 1560
          1562 1564 1566 1568 1570 1572
          1574 1576 1578 1580 1582 1584
          1586 1588 1590 1592 1594 1596
          1598 1600 1602 1604 1606 1608
          1610 1612 1614 1616 1618 1620
          1622 1624 1626 1628 1630 1632
          1634 1636 1638 1640 1642 1644
          1646 1648 1650 1652 1654 1656
          1658 1660 1662 1664 1666 1668
          1670 1672 1674 1676 1678 1680
          1682 1684 1686 1688 1690 1692
          1694 1696 1698 1700 1702 1704
          1706 1708 1710 1712 1714 1716
          1718 1720 1722 1724 1726 1728
          1730 1732 1734 1736 1738 1740
          1742 1744 1746 1748 1750 1752
          1754 1756 1758 1760 1762 1764
          1766 1768 1770 1772 1774 1776
          1778 1780 1782 1784 1786 1788
          1790 1792 1794 1796 1798 1800
          1802 1804 1806 1808 1810 1812
          1814 1816 1818 1820 1822 1824
          1826 1828 1830 1832 1834 1836
          1838 1840 1842 1844 1846 1848
          1850 1852 1854 1856 1858 1860
          1862 1864 1866 1868 1870 1872
          1874 1876 1878 1880 1882 1884
          1886 1888 1890 1892 1894 1896
          1898 1900 1902 1904 1906 1908
          1910 1912 1914 1916 1918 1920
          1922 1924 1926 1928 1930 1932
          1934 1936 1938 1940 1942 1944
          1946 1948 1950 1952 1954 1956
          1958 1960 1962 1964 1966 1968
          1970 1972 1974 1976 1978 1980
          1982 1984 1986 1988 1990 1992
          1994 1996 1998 2000 2002 2004
          2006 2008 2010 2012 2014 2016
          2018 2020 2022 2024 2026 2028
          2030 2032 2034 2036 2038 2040
          2042 2044 2046 2048 2050 2052
          2054 2056 2058 2060 2062 2064
          2066 2068 2070 2072 2074 2076
          2078 2080 2082 2084 2086 2088
          2090 2092 2094 2096 2098 2100
          2102 2104 2106 2108 2110 2112
          2114 2116 2118 2120 2122 2124
          2126 2128 2130 2132 2134 2136
          2138 2140 2142 2144 2146 2148
          2150 2152 2154 2156 2158 2160
          2162 2164 2166 2168 2170 2172
          2174 2176 2178 2180 2182 2184
          2186 2188 2190 2192 2194 2196
          2198 2200 2202 2204 2206 2208
          2210 2212 2214 2216 2218 2220
          2222 2224 2226 2228 2230 2232
          2234 2236 2238 2240 2242 2244
          2246 2248 2250 2252 2254 2256
          2258 2260 2262 2264 2266 2268
          2270 2272 2274 2276 2278 2280
          2282 2284 2286 2288 2290 2292
          2294 2296 2298 2300 2302 2304
          2306 2308 2310 2312 2314 2316
          2318 2320 2322 2324 2326 2328
          2330 2332 2334 2336 2338 2340
          2342 2344 2346 2348 2350 2352
          2354 2356 2358 2360 2362 2364
          2366 2368 2370 2372 2374 2376
          2378 2380 2382 2384 2386 2388
          2390 2392 2394 2396 2398 2400
          2402 2404 2406 2408 2410 2412
          2414 2416 2418 2420 2422 2424
          2426 2428 2430 2432 2434 2436
          2438 2440 2442 2444 2446 2448
          2450 2452 2454 2456 2458 2460
          2462 2464 2466 2468 2470 2472
          2474 2476 2478 2480 2482 2484
          2486 2488 2490 2492 2494 2496
          2498 2500 2502 2504 2506 2508
          2510 2512 2514 2516 2518 2520
          2522 2524 2526 2528 2530 2532
          2534 2536 2538 2540 2542 2544
          2546 2548 2550 2552 2554 2556
          2558 2560 2562 2564 2566 2568
          2570 2572 2574 2576 2578 2580
          2582 2584 2586 2588 2590 2592
          2594 2596 2598 2600 2602 2604
          2606 2608 2610 2612 2614 2616
          2618 2620 2622 2624 2626 2628
          2630 2632 2634 2636 2638 2640
          2642 2644 2646 2648 2650 2652
          2654 2656 2658
        </DataArray>
        <DataArray type="UInt8" Name="types" format="ascii" RangeMin="3" RangeMax="3">
          3 3 3 3 3 3
          3 3 3 3 3 3
          3 3 3 3 3 3
          3 3 3 3 3 3
          3 3 3 3 3 3
          3 3 3 3 3 3
          3 3 3 3 3 3
          3 3 3 3 3 3
          3 3 3 3 3 3
          3 3 3 3 3 3
          3 3 3 3 3 3
          3 3 3 3 3 3
          3 3 3 3 3 3
          3 3 3 3 3 3
          3 3 3 3 3 3
          3 3 3 3 3 3
          3 3 3 3 3 3
          3 3 3 3 3 3
          3 3 3 3 3 3
          3 3 3 3 3 3
          3 3 3 3 3 3
          3 3 3 3 3 3
          3 3 3 3 3 3
          3 3 3 3 3 3
          3 3 3 3 3 3
          3 3 3 3 3 3
          3 3 3 3 3 3
          3 3 3 3 3 3
          3 3 3 3 3 3
          3 3 3 3 3 3
          3 3 3 3 3 3
          3 3 3 3 3 3
          3 3 3 3 3 3
          3 3 3 3 3 3
          3 3 3 3 3 3
          3 3 3 3 3 3
          3 3 3 3 3 3
          3 3 3 3 3 3
          3 3 3 3 3 3
          3 3 3 3 3 3
          3 3 3 3 3 3
          3 3 3 3 3 3
          3 3 3 3 3 3
          3 3 3 3 3 3
          3 3 3 3 3 3
          3 3 3 3 3 3
          3 3 3 3 3 3
          3 3 3 3 3 3
          3 3 3 3 3 3
          3 3 3 3 3 3
          3 3 3 3 3 3
          3 3 3 3 3 3
          3 3 3 3 3 3
          3 3 3 3 3 3
          3 3 3 3 3 3
          3 3 3 3 3 3
          3 3 3 3 3 3
          3 3 3 3 3 3
          3 3 3 3 3 3
          3 3 3 3 3 3
          3 3 3 3 3 3
          3 3 3 3 3 3
          3 3 3 3 3 3
          3 3 3 3 3 3
          3 3 3 3 3 3
          3 3 3 3 3 3
          3 3 3 3 3 3
          3 3 3 3 3 3
          3 3 3 3 3 3
          3 3 3 3 3 3
          3 3 3 3 3 3
          3 3 3 3 3 3
          3 3 3 3 3 3
          3 3 3 3 3 3
          3 3 3 3 3 3
          3 3 3 3 3 3
          3 3 3 3 3 3
          3 3 3 3 3 3
          3 3 3 3 3 3
          3 3 3 3 3 3
          3 3 3 3 3 3
          3 3 3 3 3 3
          3 3 3 3 3 3
          3 3 3 3 3 3
          3 3 3 3 3 3
          3 3 3 3 3 3
          3 3 3 3 3 3
          3 3 3 3 3 3
          3 3 3 3 3 3
          3 3 3 3 3 3
          3 3 3 3 3 3
          3 3 3 3 3 3
          3 3 3 3 3 3
          3 3 3 3 3 3
          3 3 3 3 3 3
          3 3 3 3 3 3
          3 3 3 3 3 3
          3 3 3 3 3 3
          3 3 3 3 3 3
          3 3 3 3 3 3
          3 3 3 3 3 3
          3 3 3 3 3 3
          3 3 3 3 3 3
          3 3 3 3 3 3
          3 3 3 3 3 3
          3 3 3 3 3 3
          3 3 3 3 3 3
          3 3 3 3 3 3
          3 3 3 3 3 3
          3 3 3 3 3 3
          3 3 3 3 3 3
          3 3 3 3 3 3
          3 3 3 3 3 3
          3 3 3 3 3 3
          3 3 3 3 3 3
          3 3 3 3 3 3
          3 3 3 3 3 3
          3 3 3 3 3 3
          3 3 3 3 3 3
          3 3 3 3 3 3
          3 3 3 3 3 3
          3 3 3 3 3 3
          3 3 3 3 3 3
          3 3 3 3 3 3
          3 3 3 3 3 3
          3 3 3 3 3 3
          3 3 3 3 3 3
          3 3 3 3 3 3
          3 3 3 3 3 3
          3 3 3 3 3 3
          3 3 3 3 3 3
          3 3 3 3 3 3
          3 3 3 3 3 3
          3 3 3 3 3 3
          3 3 3 3 3 3
          3 3 3 3 3 3
          3 3 3 3 3 3
          3 3 3 3 3 3
          3 3 3 3 3 3
          3 3 3 3 3 3
          3 3 3 3 3 3
          3 3 3 3 3 3
          3 3 3 3 3 3
          3 3 3 3 3 3
          3 3 3 3 3 3
          3 3 3 3 3 3
          3 3 3 3 3 3
          3 3 3 3 3 3
          3 3 3 3 3 3
          3 3 3 3 3 3
          3 3 3 3 3 3
          3 3 3 3 3 3
          3 3 3 3 3 3
          3 3 3 3 3 3
          3 3 3 3 3 3
          3 3 3 3 3 3
          3 3 3 3 3 3
          3 3 3 3 3 3
          3 3 3 3 3 3
          3 3 3 3 3 3
          3 3 3 3 3 3
          3 3 3 3 3 3
          3 3 3 3 3 3
          3 3 3 3 3 3
          3 3 3 3 3 3
          3 3 3 3 3 3
          3 3 3 3 3 3
          3 3 3 3 3 3
          3 3 3 3 3 3
          3 3 3 3 3 3
          3 3 3 3 3 3
          3 3 3 3 3 3
          3 3 3 3 3 3
          3 3 3 3 3 3
          3 3 3 3 3 3
          3 3 3 3 3 3
          3 3 3 3 3 3
          3 3 3 3 3 3
          3 3 3 3 3 3
          3 3 3 3 3 3
          3 3 3 3 3 3
          3 3 3 3 3 3
          3 3 3 3 3 3
          3 3 3 3 3 3
          3 3 3 3 3 3
          3 3 3 3 3 3
          3 3 3 3 3 3
          3 3 3 3 3 3
          3 3 3 3 3 3
          3 3 3 3 3 3
          3 3 3 3 3 3
          3 3 3 3 3 3
          3 3 3 3 3 3
          3 3 3 3 3 3
          3 3 3 3 3 3
          3 3 3 3 3 3
          3 3 3 3 3 3
          3 3 3 3 3 3
          3 3 3 3 3 3
          3 3 3 3 3 3
          3 3 3 3 3 3
          3 3 3 3 3 3
          3 3 3 3 3 3
          3 3 3 3 3 3
          3 3 3 3 3 3
          3 3 3 3 3 3
          3 3 3 3 3 3
          3 3 3 3 3 3
          3 3 3 3 3 3
          3 3 3 3 3 3
          3 3 3 3 3 3
          3 3 3 3 3 3
          3 3 3 3 3 3
          3 3 3 3 3 3
          3 3 3 3 3 3
          3 3 3 3 3 3
          3 3 3 3 3 3
          3 3 3 3 3 3
          3 3 3 3 3 3
          3 3 3 3 3 3
          3 3 3 3 3 3
          3 3 3
        </DataArray>
      </Cells>
    </Piece>
  </UnstructuredGrid>
</VTKFile>
