<VTKFile type="UnstructuredGrid" version="0.1" byte_order="LittleEndian" header_type="UInt32" compressor="vtkZLibDataCompressor">
  <UnstructuredGrid>
    <Piece NumberOfPoints="1631" NumberOfCells="1631">
      <PointData Scalars="CriticalType">
        <DataArray type="Int32" Name="NodeId" format="ascii" RangeMin="0" RangeMax="1630">
          0 1 2 3 4 5
          6 7 8 9 10 11
          12 13 14 15 16 17
          18 19 20 21 22 23
          24 25 26 27 28 29
          30 31 32 33 34 35
          36 37 38 39 40 41
          42 43 44 45 46 47
          48 49 50 51 52 53
          54 55 56 57 58 59
          60 61 62 63 64 65
          66 67 68 69 70 71
          72 73 74 75 76 77
          78 79 80 81 82 83
          84 85 86 87 88 89
          90 91 92 93 94 95
          96 97 98 99 100 101
          102 103 104 105 106 107
          108 109 110 111 112 113
          114 115 116 117 118 119
          120 121 122 123 124 125
          126 127 128 129 130 131
          132 133 134 135 136 137
          138 139 140 141 142 143
          144 145 146 147 148 149
          150 151 152 153 154 155
          156 157 158 159 160 161
          162 163 164 165 166 167
          168 169 170 171 172 173
          174 175 176 177 178 179
          180 181 182 183 184 185
          186 187 188 189 190 191
          192 193 194 195 196 197
          198 199 200 201 202 203
          204 205 206 207 208 209
          210 211 212 213 214 215
          216 217 218 219 220 221
          222 223 224 225 226 227
          228 229 230 231 232 233
          234 235 236 237 238 239
          240 241 242 243 244 245
          246 247 248 249 250 251
          252 253 254 255 256 257
          258 259 260 261 262 263
          264 265 266 267 268 269
          270 271 272 273 274 275
          276 277 278 279 280 281
          282 283 284 285 286 287
          288 289 290 291 292 293
          294 295 296 297 298 299
          300 301 302 303 304 305
          306 307 308 309 310 311
          312 313 314 315 316 317
          318 319 320 321 322 323
          324 325 326 327 328 329
          330 331 332 333 334 335
          336 337 338 339 340 341
          342 343 344 345 346 347
          348 349 350 351 352 353
          354 355 356 357 358 359
          360 361 362 363 364 365
          366 367 368 369 370 371
          372 373 374 375 376 377
          378 379 380 381 382 383
          384 385 386 387 388 389
          390 391 392 393 394 395
          396 397 398 399 400 401
          402 403 404 405 406 407
          408 409 410 411 412 413
          414 415 416 417 418 419
          420 421 422 423 424 425
          426 427 428 429 430 431
          432 433 434 435 436 437
          438 439 440 441 442 443
          444 445 446 447 448 449
          450 451 452 453 454 455
          456 457 458 459 460 461
          462 463 464 465 466 467
          468 469 470 471 472 473
          474 475 476 477 478 479
          480 481 482 483 484 485
          486 487 488 489 490 491
          492 493 494 495 496 497
          498 499 500 501 502 503
          504 505 506 507 508 509
          510 511 512 513 514 515
          516 517 518 519 520 521
          522 523 524 525 526 527
          528 529 530 531 532 533
          534 535 536 537 538 539
          540 541 542 543 544 545
          546 547 548 549 550 551
          552 553 554 555 556 557
          558 559 560 561 562 563
          564 565 566 567 568 569
          570 571 572 573 574 575
          576 577 578 579 580 581
          582 583 584 585 586 587
          588 589 590 591 592 593
          594 595 596 597 598 599
          600 601 602 603 604 605
          606 607 608 609 610 611
          612 613 614 615 616 617
          618 619 620 621 622 623
          624 625 626 627 628 629
          630 631 632 633 634 635
          636 637 638 639 640 641
          642 643 644 645 646 647
          648 649 650 651 652 653
          654 655 656 657 658 659
          660 661 662 663 664 665
          666 667 668 669 670 671
          672 673 674 675 676 677
          678 679 680 681 682 683
          684 685 686 687 688 689
          690 691 692 693 694 695
          696 697 698 699 700 701
          702 703 704 705 706 707
          708 709 710 711 712 713
          714 715 716 717 718 719
          720 721 722 723 724 725
          726 727 728 729 730 731
          732 733 734 735 736 737
          738 739 740 741 742 743
          744 745 746 747 748 749
          750 751 752 753 754 755
          756 757 758 759 760 761
          762 763 764 765 766 767
          768 769 770 771 772 773
          774 775 776 777 778 779
          780 781 782 783 784 785
          786 787 788 789 790 791
          792 793 794 795 796 797
          798 799 800 801 802 803
          804 805 806 807 808 809
          810 811 812 813 814 815
          816 817 818 819 820 821
          822 823 824 825 826 827
          828 829 830 831 832 833
          834 835 836 837 838 839
          840 841 842 843 844 845
          846 847 848 849 850 851
          852 853 854 855 856 857
          858 859 860 861 862 863
          864 865 866 867 868 869
          870 871 872 873 874 875
          876 877 878 879 880 881
          882 883 884 885 886 887
          888 889 890 891 892 893
          894 895 896 897 898 899
          900 901 902 903 904 905
          906 907 908 909 910 911
          912 913 914 915 916 917
          918 919 920 921 922 923
          924 925 926 927 928 929
          930 931 932 933 934 935
          936 937 938 939 940 941
          942 943 944 945 946 947
          948 949 950 951 952 953
          954 955 956 957 958 959
          960 961 962 963 964 965
          966 967 968 969 970 971
          972 973 974 975 976 977
          978 979 980 981 982 983
          984 985 986 987 988 989
          990 991 992 993 994 995
          996 997 998 999 1000 1001
          1002 1003 1004 1005 1006 1007
          1008 1009 1010 1011 1012 1013
          1014 1015 1016 1017 1018 1019
          1020 1021 1022 1023 1024 1025
          1026 1027 1028 1029 1030 1031
          1032 1033 1034 1035 1036 1037
          1038 1039 1040 1041 1042 1043
          1044 1045 1046 1047 1048 1049
          1050 1051 1052 1053 1054 1055
          1056 1057 1058 1059 1060 1061
          1062 1063 1064 1065 1066 1067
          1068 1069 1070 1071 1072 1073
          1074 1075 1076 1077 1078 1079
          1080 1081 1082 1083 1084 1085
          1086 1087 1088 1089 1090 1091
          1092 1093 1094 1095 1096 1097
          1098 1099 1100 1101 1102 1103
          1104 1105 1106 1107 1108 1109
          1110 1111 1112 1113 1114 1115
          1116 1117 1118 1119 1120 1121
          1122 1123 1124 1125 1126 1127
          1128 1129 1130 1131 1132 1133
          1134 1135 1136 1137 1138 1139
          1140 1141 1142 1143 1144 1145
          1146 1147 1148 1149 1150 1151
          1152 1153 1154 1155 1156 1157
          1158 1159 1160 1161 1162 1163
          1164 1165 1166 1167 1168 1169
          1170 1171 1172 1173 1174 1175
          1176 1177 1178 1179 1180 1181
          1182 1183 1184 1185 1186 1187
          1188 1189 1190 1191 1192 1193
          1194 1195 1196 1197 1198 1199
          1200 1201 1202 1203 1204 1205
          1206 1207 1208 1209 1210 1211
          1212 1213 1214 1215 1216 1217
          1218 1219 1220 1221 1222 1223
          1224 1225 1226 1227 1228 1229
          1230 1231 1232 1233 1234 1235
          1236 1237 1238 1239 1240 1241
          1242 1243 1244 1245 1246 1247
          1248 1249 1250 1251 1252 1253
          1254 1255 1256 1257 1258 1259
          1260 1261 1262 1263 1264 1265
          1266 1267 1268 1269 1270 1271
          1272 1273 1274 1275 1276 1277
          1278 1279 1280 1281 1282 1283
          1284 1285 1286 1287 1288 1289
          1290 1291 1292 1293 1294 1295
          1296 1297 1298 1299 1300 1301
          1302 1303 1304 1305 1306 1307
          1308 1309 1310 1311 1312 1313
          1314 1315 1316 1317 1318 1319
          1320 1321 1322 1323 1324 1325
          1326 1327 1328 1329 1330 1331
          1332 1333 1334 1335 1336 1337
          1338 1339 1340 1341 1342 1343
          1344 1345 1346 1347 1348 1349
          1350 1351 1352 1353 1354 1355
          1356 1357 1358 1359 1360 1361
          1362 1363 1364 1365 1366 1367
          1368 1369 1370 1371 1372 1373
          1374 1375 1376 1377 1378 1379
          1380 1381 1382 1383 1384 1385
          1386 1387 1388 1389 1390 1391
          1392 1393 1394 1395 1396 1397
          1398 1399 1400 1401 1402 1403
          1404 1405 1406 1407 1408 1409
          1410 1411 1412 1413 1414 1415
          1416 1417 1418 1419 1420 1421
          1422 1423 1424 1425 1426 1427
          1428 1429 1430 1431 1432 1433
          1434 1435 1436 1437 1438 1439
          1440 1441 1442 1443 1444 1445
          1446 1447 1448 1449 1450 1451
          1452 1453 1454 1455 1456 1457
          1458 1459 1460 1461 1462 1463
          1464 1465 1466 1467 1468 1469
          1470 1471 1472 1473 1474 1475
          1476 1477 1478 1479 1480 1481
          1482 1483 1484 1485 1486 1487
          1488 1489 1490 1491 1492 1493
          1494 1495 1496 1497 1498 1499
          1500 1501 1502 1503 1504 1505
          1506 1507 1508 1509 1510 1511
          1512 1513 1514 1515 1516 1517
          1518 1519 1520 1521 1522 1523
          1524 1525 1526 1527 1528 1529
          1530 1531 1532 1533 1534 1535
          1536 1537 1538 1539 1540 1541
          1542 1543 1544 1545 1546 1547
          1548 1549 1550 1551 1552 1553
          1554 1555 1556 1557 1558 1559
          1560 1561 1562 1563 1564 1565
          1566 1567 1568 1569 1570 1571
          1572 1573 1574 1575 1576 1577
          1578 1579 1580 1581 1582 1583
          1584 1585 1586 1587 1588 1589
          1590 1591 1592 1593 1594 1595
          1596 1597 1598 1599 1600 1601
          1602 1603 1604 1605 1606 1607
          1608 1609 1610 1611 1612 1613
          1614 1615 1616 1617 1618 1619
          1620 1621 1622 1623 1624 1625
          1626 1627 1628 1629 1630
        </DataArray>
        <DataArray type="Float32" Name="Scalar" format="ascii" RangeMin="0.6378402709960938" RangeMax="18.881805419921875">
          0.6378403 0.7019272 0.70803076 0.7934799 1.0498352 1.1078186
          1.1505508 1.2482071 1.4069061 1.4435272 1.4984589 1.6327438
          1.6327438 1.6907272 1.7883835 1.7914352 1.7944871 1.8982543
          1.9501344 1.9806519 1.9898071 2.02948 2.0355835 2.1851273
          2.240059 2.2919388 2.340767 2.3560257 2.3712845 2.4048615
          2.4292755 2.4384308 2.5574493 2.633751 2.670372 2.7130966
          2.7497177 2.7558212 2.8656845 2.8901062 2.9114685 2.9664001
          2.9877625 2.9877625 2.9999695 3.01828 3.0243835 3.0274353
          3.042694 3.0549011 3.0549011 3.094574 3.1312027 3.1342545
          3.152565 3.1617203 3.1708755 3.1739273 3.1861343 3.1891863
          3.2013931 3.2013931 3.2074966 3.2380142 3.2502213 3.2715833
          3.274635 3.2929459 3.305153 3.3143082 3.329567 3.341774
          3.3478775 3.3478775 3.36924 3.4730072 3.4821625 3.5035248
          3.5096283 3.5340424 3.5431976 3.5431976 3.56456 3.5706635
          3.5950775 3.622551 3.6256027 3.63781 3.6530685 3.659172
          3.6622236 3.671379 3.6866379 3.6896894 3.6957932 3.7018967
          3.7171555 3.7293625 3.7446213 3.7659836 3.784294 3.8148117
          3.8209152 3.8300705 3.8300707 3.8422778 3.848381 3.9033203
          3.9185789 3.9613035 3.9643555 4.0253906 4.0284424 4.0406494
          4.05896 4.0803223 4.098633 4.1016846 4.1138916 4.1169434
          4.1261063 4.165779 4.177986 4.1840897 4.1840897 4.1871414
          4.1962967 4.2024 4.2085037 4.2237625 4.2390213 4.257332
          4.2756424 4.287849 4.2878494 4.3122635 4.3366776 4.3397293
          4.3397293 4.345833 4.3855133 4.388565 4.4068756 4.4160314
          4.428238 4.4343414 4.437393 4.4618073 4.4740143 4.480118
          4.4831696 4.5106354 4.525894 4.525894 4.525894 4.528946
          4.5442047 4.5472565 4.580826 4.5838776 4.5869293 4.5869293
          4.589981 4.5960846 4.638817 4.6449203 4.6449203 4.651024
          4.6540756 4.6571274 4.669335 4.672386 4.684593 4.6906967
          4.6937485 4.699852 4.699852 4.7212143 4.7547836 4.773094
          4.7791977 4.7791977 4.7791977 4.788353 4.7944565 4.8036118
          4.8036118 4.806663 4.8097157 4.815819 4.828026 4.828026
          4.8463364 4.8554916 4.8585434 4.8738103 4.8890686 4.8921204
          4.907379 4.910431 4.922638 4.931793 4.934845 4.9378967
          4.9378967 4.9409485 4.9440002 4.947052 4.9623113 4.9684143
          4.9684143 4.9684143 4.971466 4.9775696 4.986725 4.9897766
          4.9897766 4.9928284 4.99588 4.99588 5.0080867 5.011139
          5.0172424 5.02945 5.063019 5.0660706 5.0782776 5.0782776
          5.084381 5.09964 5.1057434 5.111847 5.1240616 5.1240616
          5.1271133 5.133217 5.13932 5.1484756 5.1515274 5.1606827
          5.1637344 5.169838 5.1759415 5.1850967 5.1881485 5.194252
          5.209511 5.2095113 5.2125626 5.221718 5.2247696 5.2278214
          5.230873 5.2644424 5.2644424 5.2705455 5.2735977 5.2888565
          5.2919083 5.3010635 5.3010635 5.307167 5.310219 5.3163223
          5.3163223 5.319374 5.322426 5.322426 5.3285294 5.334633
          5.3407364 5.343788 5.3498917 5.355995 5.3620987 5.368202
          5.3743134 5.3834686 5.389572 5.3956757 5.404831 5.4048314
          5.413986 5.426193 5.4322968 5.441452 5.441452 5.4475555
          5.4475555 5.4628143 5.468918 5.4689183 5.4719696 5.4750214
          5.4750214 5.478073 5.481125 5.49028 5.505539 5.505539
          5.5085907 5.517746 5.5207977 5.54216 5.5482635 5.5482635
          5.5482635 5.5726776 5.5757294 5.6001434 5.6001434 5.6215057
          5.624565 5.624565 5.627617 5.6306686 5.648979 5.652031
          5.6581345 5.6703415 5.676445 5.682549 5.688652 5.6978073
          5.700859 5.700859 5.700859 5.7222214 5.7252736 5.728325
          5.7313766 5.7344284 5.7344284 5.7344284 5.73748 5.752739
          5.7557907 5.7557907 5.7557907 5.777153 5.777153 5.780205
          5.7832565 5.7863083 5.801567 5.801567 5.801567 5.804619
          5.804619 5.804619 5.8076706 5.813774 5.8229294 5.825981
          5.8351364 5.8442917 5.8473434 5.8473434 5.853447 5.8687053
          5.874817 5.8778687 5.887024 5.887024 5.887024 5.896179
          5.9053345 5.908386 5.908386 5.9297485 5.935852 5.9480596
          5.9541626 5.9541626 5.9572144 5.9572144 5.963318 5.9694214
          5.9694214 5.975525 5.9816284 5.9816284 5.98468 5.98468
          5.996887 5.996887 6.012146 6.012146 6.0182495 6.0213013
          6.0213013 6.027405 6.027405 6.0335083 6.03656 6.03656
          6.0457153 6.048767 6.0548706 6.0579224 6.0670776 6.0670776
          6.0701294 6.073181 6.0792847 6.0823364 6.08844 6.097595
          6.097595 6.100647 6.100647 6.1189575 6.1220093 6.134224
          6.1372757 6.1403275 6.1403275 6.143379 6.146431 6.1494827
          6.1616898 6.1647415 6.1677933 6.170845 6.1769485 6.1769485
          6.1800003 6.1891556 6.1922073 6.1952596 6.198311 6.2044144
          6.2044144 6.2044144 6.216621 6.2257767 6.23188 6.234932
          6.2410355 6.2532425 6.2532425 6.262398 6.262398 6.2654495
          6.2685013 6.271553 6.274605 6.2807083 6.286812 6.2898636
          6.2898636 6.2898636 6.2898636 6.2898636 6.2898636 6.2898636
          6.2929153 6.295967 6.308174 6.311226 6.3264847 6.3295364
          6.33564 6.3417435 6.344795 6.363106 6.366157 6.3661575
          6.3692093 6.3692093 6.3783727 6.3875275 6.4027863 6.405838
          6.4119415 6.4119415 6.4119415 6.4119415 6.418045 6.418045
          6.418045 6.4272003 6.4302516 6.430252 6.433304 6.433304
          6.4363556 6.445511 6.4485626 6.4485626 6.457718 6.4607697
          6.4607697 6.4760284 6.4760284 6.47908 6.4882355 6.491287
          6.4912877 6.4943385 6.4973907 6.4973907 6.4973907 6.4973907
          6.4973907 6.5004425 6.5034943 6.509598 6.5126495 6.5157013
          6.5248566 6.5248566 6.53096 6.5370636 6.543167 6.5614777
          6.5767365 6.5858917 6.5889435 6.595047 6.595047 6.5980988
          6.613358 6.625572 6.6347275 6.6347275 6.6469345 6.6469345
          6.6499863 6.6499867 6.6591415 6.665245 6.6835556 6.6866074
          6.6957626 6.701866 6.701866 6.7110214 6.7110214 6.7140727
          6.714073 6.717125 6.735436 6.7506943 6.756798 6.756798
          6.7598495 6.7598495 6.765953 6.7720566 6.77816 6.781212
          6.781212 6.781212 6.7842636 6.790367 6.793419 6.793419
          6.7995224 6.8117294 6.814781 6.826988 6.8361435 6.8391953
          6.8391953 6.842247 6.875824 6.8788757 6.8819275 6.9216003
          6.9460144 6.961273 6.9704285 6.97348 6.982636 6.988739
          6.991791 6.9948425 7.000946 7.000946 7.003998 7.003998
          7.0101013 7.0192566 7.02536 7.02536 7.0314636 7.0345154
          7.0467224 7.049774 7.052826 7.0589294 7.065033 7.07724
          7.0833435 7.0986023 7.0986023 7.098603 7.101654 7.1077576
          7.113861 7.1260757 7.1260757 7.15049 7.1657486 7.171852
          7.184059 7.184059 7.1901627 7.1901627 7.1932144 7.2115245
          7.223732 7.2298355 7.2389913 7.2389913 7.2450943 7.257301
          7.260353 7.263405 7.2664566 7.275612 7.300026 7.309181
          7.3183365 7.32444 7.34275 7.3458023 7.3671646 7.3915863
          7.394638 7.394638 7.4007416 7.4007416 7.4037933 7.4037933
          7.4037933 7.409897 7.4160004 7.431259 7.437363 7.443466
          7.4495697 7.4495697 7.4526215 7.4526215 7.458725 7.4678802
          7.4678802 7.4770355 7.4800873 7.483139 7.4861913 7.498398
          7.498398 7.510605 7.5136566 7.51976 7.541122 7.544174
          7.5533295 7.556381 7.5655365 7.5655365 7.568588 7.5685883
          7.5777435 7.6021576 7.6021576 7.608261 7.611313 7.611313
          7.6143646 7.6174164 7.620468 7.632683 7.647941 7.6601486
          7.6723557 7.6845627 7.690666 7.6967697 7.7028728 7.702873
          7.7364426 7.754753 7.757805 7.7639084 7.7639084 7.770012
          7.7852707 7.7883224 7.7883224 7.806633 7.806633 7.8096848
          7.8157883 7.821892 7.8371506 7.8402023 7.8524094 7.855461
          7.8646164 7.867668 7.867668 7.876831 7.876831 7.8981934
          7.901245 7.9073486 7.913452 7.913452 7.916504 7.9195557
          7.9256597 7.9378657 7.9439697 7.9470215 7.9470215 7.953125
          7.9592285 7.9592285 7.9622803 7.965332 7.977539 7.980591
          7.986694 7.989746 7.992798 7.9989014 8.005005 8.017212
          8.032471 8.038574 8.044678 8.0477295 8.053833 8.078247
          8.081299 8.081299 8.084351 8.093506 8.102661 8.108765
          8.145393 8.175911 8.178963 8.185066 8.19117 8.1942215
          8.197273 8.206429 8.212532 8.224739 8.230843 8.233894
          8.236946 8.236946 8.252205 8.255257 8.258308 8.26136
          8.264412 8.276619 8.279671 8.285774 8.291878 8.291878
          8.2949295 8.301033 8.301033 8.310188 8.31324 8.316292
          8.316292 8.319344 8.3193445 8.325447 8.337654 8.340706
          8.343758 8.343758 8.349861 8.355965 8.380386 8.383438
          8.383438 8.383438 8.392593 8.392593 8.398697 8.407852
          8.426163 8.432266 8.43837 8.43837 8.4414215 8.447525
          8.459732 8.459732 8.468887 8.484146 8.499405 8.502457
          8.505508 8.511612 8.514664 8.5299225 8.545181 8.548233
          8.551285 8.554337 8.554337 8.557388 8.563492 8.578751
          8.584854 8.587906 8.603165 8.606216 8.609268 8.627586
          8.630638 8.63369 8.636742 8.642845 8.645897 8.652
          8.658104 8.664207 8.679466 8.6886215 8.694725 8.697777
          8.700829 8.70388 8.713036 8.713036 8.719139 8.722191
          8.725243 8.728294 8.731346 8.734398 8.73745 8.73745
          8.740501 8.740501 8.749657 8.764915 8.764915 8.767967
          8.771019 8.792381 8.792381 8.792381 8.792381 8.804588
          8.810692 8.819847 8.829002 8.832054 8.832054 8.838158
          8.844261 8.844261 8.847313 8.85952 8.871727 8.877838
          8.877838 8.877838 8.886993 8.890045 8.893097 8.896149
          8.896149 8.896149 8.8992 8.905304 8.908357 8.911407
          8.920563 8.926666 8.926666 8.926666 8.944977 8.944977
          8.960235 8.960236 8.966339 8.969391 8.975494 8.978546
          8.98465 8.987701 8.996856 8.996857 8.996857 9.009064
          9.0243225 9.0243225 9.033478 9.057892 9.060944 9.060944
          9.073151 9.076202 9.076202 9.076202 9.088409 9.100616
          9.103668 9.115875 9.115875 9.121979 9.12809 9.131142
          9.1464 9.1586075 9.161659 9.164711 9.167763 9.17997
          9.183022 9.183022 9.1830225 9.189125 9.195229 9.195229
          9.216591 9.222694 9.225746 9.225746 9.237953 9.25016
          9.253212 9.268471 9.2715225 9.277626 9.292885 9.298988
          9.30204 9.311195 9.326454 9.332558 9.335609 9.341713
          9.347816 9.3600235 9.3600235 9.387497 9.3936 9.3936
          9.3936 9.399704 9.402755 9.4058075 9.411911 9.460739
          9.463791 9.469894 9.475998 9.47905 9.491257 9.494308
          9.49736 9.518723 9.521774 9.53093 9.546188 9.54924
          9.561447 9.570601 9.570602 9.582809 9.582809 9.591965
          9.598068 9.604172 9.6072235 9.6072235 9.62249 9.628593
          9.634697 9.646904 9.6530075 9.6530075 9.668266 9.668266
          9.671318 9.686577 9.695732 9.695732 9.701836 9.717094
          9.717094 9.72625 9.735405 9.735405 9.735405 9.7415085
          9.747611 9.747612 9.762871 9.781181 9.781181 9.784233
          9.790337 9.790337 9.79644 9.802544 9.805595 9.808647
          9.814751 9.817802 9.817802 9.823906 9.823906 9.826958
          9.833061 9.833061 9.839166 9.8422165 9.851372 9.875793
          9.8880005 9.891052 9.897156 9.897156 9.918518 9.933777
          9.936829 9.949036 9.955139 9.964294 9.9887085 9.9887085
          9.994812 9.997864 10.000916 10.02533 10.028381 10.031433
          10.037537 10.040588 10.040588 10.040588 10.046692 10.049744
          10.049744 10.055847 10.058899 10.065002 10.065002 10.068054
          10.071106 10.083313 10.083313 10.092468 10.104675 10.116882
          10.119934 10.129097 10.129097 10.129097 10.129097 10.129097
          10.138252 10.159615 10.174873 10.177925 10.177925 10.177925
          10.180977 10.208443 10.214546 10.22065 10.229805 10.229805
          10.248116 10.251167 10.266426 10.27253 10.275581 10.278633
          10.281685 10.281685 10.29084 10.293892 10.318306 10.330513
          10.333565 10.339668 10.339668 10.345772 10.354927 10.357979
          10.361031 10.367134 10.370186 10.379349 10.385452 10.391556
          10.403763 10.41597 10.419022 10.422073 10.431229 10.431229
          10.437332 10.437332 10.446487 10.452591 10.46785 10.4709015
          10.473953 10.501419 10.504471 10.510574 10.516678 10.528885
          10.528885 10.544144 10.553299 10.5716095 10.580765 10.596024
          10.599075 10.599075 10.608231 10.614334 10.617386 10.620438
          10.620438 10.626549 10.638756 10.647911 10.672325 10.675377
          10.687584 10.693687 10.696739 10.696739 10.699791 10.702843
          10.708946 10.71505 10.71505 10.736412 10.736412 10.754723
          10.754723 10.757774 10.760826 10.769981 10.769981 10.776085
          10.782188 10.794395 10.797447 10.803551 10.8066025 10.809654
          10.809654 10.809654 10.812706 10.815758 10.815758 10.8188095
          10.821861 10.821861 10.824913 10.824913 10.827965 10.827965
          10.831017 10.834068 10.843224 10.846274 10.852379 10.85543
          10.855431 10.858482 10.867638 10.867638 10.873749 10.882904
          10.882904 10.882904 10.889008 10.889008 10.889008 10.898163
          10.901215 10.91037 10.916473 10.919525 10.922577 10.92868
          10.931732 10.940887 10.950043 10.971405 10.974457 10.98056
          10.986664 10.992767 10.998871 11.008026 11.008026 11.008026
          11.017181 11.017181 11.029388 11.035492 11.041595 11.044647
          11.059906 11.072113 11.072113 11.081268 11.08432 11.087372
          11.090424 11.099579 11.117889 11.136208 11.142311 11.145363
          11.148415 11.154518 11.15757 11.169777 11.169777 11.17588
          11.181984 11.181984 11.185036 11.185036 11.185036 11.197243
          11.197243 11.2002945 11.203346 11.20945 11.20945 11.20945
          11.218605 11.224709 11.224709 11.236916 11.236916 11.243019
          11.243019 11.246071 11.249123 11.26133 11.26133 11.27964
          11.27964 11.282693 11.291847 11.294899 11.297951 11.307106
          11.307106 11.316261 11.316261 11.322365 11.328468 11.328468
          11.337624 11.337624 11.340675 11.343727 11.349831 11.352882
          11.355934 11.358986 11.371193 11.371194 11.374252 11.374252
          11.389511 11.389511 11.395615 11.398666 11.404769 11.40477
          11.40477 11.410873 11.413925 11.42308 11.426132 11.429184
          11.432236 11.435287 11.438339 11.438339 11.441391 11.441391
          11.444443 11.4474945 11.465805 11.471909 11.481064 11.487167
          11.499374 11.499374 11.502426 11.50853 11.50853 11.50853
          11.520737 11.529892 11.551254 11.554306 11.557358 11.557358
          11.56041 11.566513 11.57872 11.578721 11.581773 11.587875
          11.593979 11.600081 11.612289 11.621445 11.630608 11.642815
          11.658073 11.661125 11.661125 11.667229 11.667229 11.670281
          11.673332 11.676384 11.6824875 11.6824875 11.685539 11.685539
          11.688591 11.691643 11.700798 11.700798 11.70385 11.713005
          11.728265 11.737419 11.749626 11.75573 11.758781 11.764885
          11.767937 11.777092 11.804558 11.80761 11.819817 11.82592
          11.853386 11.859489 11.859489 11.859489 11.862541 11.868646
          11.88086 11.890015 11.893066 11.896118 11.89917 11.89917
          11.902222 11.911378 11.91748 11.920532 11.938843 11.941895
          11.941895 11.941895 11.941895 11.951051 11.963257 11.972412
          11.972412 11.981567 11.984619 11.993774 11.996827 11.999878
          12.00293 12.005981 12.009033 12.012085 12.015137 12.018188
          12.02124 12.027344 12.033447 12.033447 12.039551 12.05481
          12.060913 12.060913 12.067017 12.067017 12.079224 12.085327
          12.091431 12.094482 12.097534 12.097534 12.106689 12.112793
          12.115845 12.115845 12.125008 12.131111 12.134163 12.137215
          12.137215 12.137215 12.143318 12.149422 12.155525 12.170784
          12.173836 12.173836 12.1768875 12.1768875 12.1768875 12.1768875
          12.195198 12.195199 12.201302 12.204352 12.228767 12.237923
          12.240974 12.253181 12.256232 12.2653885 12.26844 12.274544
          12.280647 12.280647 12.283699 12.295906 12.311165 12.311165
          12.323372 12.329475 12.332527 12.332527 12.341682 12.344734
          12.350839 12.356941 12.363045 12.369148 12.3722 12.387466
          12.387466 12.390518 12.402725 12.402725 12.405778 12.408829
          12.408829 12.4118805 12.414931 12.417984 12.421037 12.427139
          12.42714 12.433243 12.448502 12.457657 12.460709 12.466813
          12.485123 12.488174 12.500381 12.503433 12.524796 12.524796
          12.540054 12.546158 12.546159 12.555313 12.561417 12.561417
          12.56752 12.579727 12.585831 12.598038 12.6132965 12.616348
          12.622459 12.628563 12.631615 12.643822 12.652977 12.662132
          12.668236 12.677391 12.677391 12.677391 12.680443 12.69265
          12.698753 12.704857 12.726218 12.74453 12.74453 12.753684
          12.753686 12.756736 12.756737 12.756737 12.775046 12.793358
          12.79641 12.802514 12.811668 12.823875 12.8482895 12.9062805
          12.9062805 12.918488 12.921539 12.927643 12.927643 12.952058
          12.955108 12.976471 12.985626 13.000885 13.006988 13.016144
          13.049713 13.052765 13.058868 13.064972 13.064973 13.068024
          13.074127 13.074127 13.080231 13.1138 13.13517 13.1534815
          13.171791 13.174843 13.177895 13.223671 13.235878 13.251137
          13.25724 13.25724 13.260292 13.272499 13.272499 13.275552
          13.281654 13.293861 13.299965 13.324379 13.32743 13.348793
          13.361 13.373215 13.394577 13.397629 13.397629 13.406784
          13.418991 13.43425 13.443406 13.455612 13.4769745 13.483078
          13.495285 13.495285 13.507493 13.528854 13.528854 13.541061
          13.544113 13.55632 13.568528 13.605148 13.611252 13.647881
          13.650932 13.653984 13.660088 13.660088 13.663139 13.666192
          13.672295 13.678398 13.684502 13.705864 13.718071 13.721123
          13.745537 13.773003 13.78521 13.794365 13.800468 13.849297
          13.8554 13.87677 13.901184 13.934753 13.94696 13.956116
          13.995789 14.014099 14.096497 14.249092 14.252144 14.285713
          14.313179 14.313179 14.642784 14.676353 18.881805
        </DataArray>
        <DataArray type="Int32" Name="VertexId" format="ascii" RangeMin="10" RangeMax="25590">
          10559 1109 1759 11196 462 778
          1741 1420 8796 8926 1595 10397
          11025 1104 1105 312 1258 11186
          10557 621 11185 783 1596 10718
          11666 11506 798 150 8611 308
          11509 11508 1096 1742 12634 1261
          8929 151 10235 309 1099 13581
          796 1410 797 9571 9413 10535
          10704 307 13578 6007 12958 13579
          10236 4956 122 9755 9905 6869
          1097 10864 3679 11671 9572 9422
          8293 13573 8776 8953 8453 5851
          2218 10543 9100 9917 8779 11805
          9895 14501 9562 14553 14508 10075
          14665 8455 12157 9250 8778 1732
          10056 14666 9098 12318 11020 9261
          10544 9916 12637 5849 11817 12317
          8780 9584 12478 8939 13575 2059
          12314 9896 1166 7500 6706 9403
          13226 9575 1014 10217 14518 9735
          9415 10862 14503 5278 10858 7675
          9893 3833 5897 2870 9894 11812
          7024 7968 1572 14559 13589 2232
          7967 2229 11813 11959 14680 7823
          8954 3185 10381 6865 13397 8624
          10382 14679 3515 13102 14843 13599
          9590 9751 16462 8463 7640 14532
          955 15997 14079 9438 14841 13587
          14687 2067 5575 13262 9437 9752
          14556 12941 13439 9591 11802 14685
          6708 7479 13101 8278 7480 7183
          8600 1907 9109 11337 14547 14690
          7514 16313 2550 2068 46 2266
          3505 3806 9429 8440 12107 13382
          14238 3345 7662 14548 7960 47
          8464 13918 11657 9269 6822 1477
          10527 8143 5277 7620 8943 9589
          7655 3643 13402 5736 7674 16314
          1786 11809 3971 8756 1156 14540
          3645 1946 2551 613 10690 14536
          8788 10353 3354 1119 4613 52
          8789 7325 7331 15160 7961 6196
          7485 5728 12879 13871 13539 13233
          11170 4128 14544 7635 14538 4127
          13241 11179 1316 14535 13756 13540
          8757 3035 12936 3193 12718 614
          7492 2578 7632 648 9111 6043
          13530 1278 10688 10533 13870 4119
          7491 15164 6021 3969 3958 2044
          12901 12928 11171 7665 2279 15004
          12878 12739 15815 13235 196 1632
          5249 15002 13097 3677 6020 11004
          4118 12586 7932 4916 15155 1471
          13046 13224 16307 5408 13230 2098
          10843 12740 16305 7477 7664 2258
          1937 1631 6689 13062 6527 1938
          677 1617 10844 2914 10035 3234
          12885 12884 1310 4116 15171 1470
          1777 17437 12418 12419 1296 4117
          11306 3074 1456 2521 7794 2362
          517 373 3156 6849 10992 16308
          14134 10186 12886 5885 10832 15169
          3687 10684 5052 5224 3954 50
          13693 344 494 3960 4509 13692
          4812 6381 2545 4440 6031 5731
          11616 837 13207 3872 655 8311
          13367 6987 15830 8471 2250 3955
          13047 6847 15339 13550 13250 7990
          13695 2679 3390 3229 12552 1232
          4990 10 15497 1958 3551 3711
          5411 4770 3391 4439 5571 5890
          10997 3552 3230 2680 1612 1467
          3051 11141 11157 17749 6675 25106
          984 5869 17119 13025 14514 4611
          14998 2758 3009 4169 15487 169
          1614 2292 2433 2593 3069 12712
          6538 7302 3540 15989 5870 2761
          4930 8430 17111 3399 129 7616
          4670 15650 6370 17278 8744 11467
          3868 3869 6985 8151 2760 6537
          11938 3558 6516 6220 3635 11144
          15328 4598 7829 15491 2261 2997
          3701 10190 16742 3541 7628 4511
          6027 7830 673 2925 4181 7626
          7627 674 6051 5208 5543 3370
          1291 1933 2132 4008 8112 5429
          18 191 2092 19 7630 1773
          8580 4608 3380 6997 7031 13978
          3861 24609 2763 6513 6193 352
          11770 3788 6655 30 2731 7999
          15981 2563 15652 5084 3328 7432
          2764 13977 3567 5210 4331 449
          5562 13029 512 8587 8416 13191
          5056 17274 11772 351 642 190
          931 6818 16794 6819 15252 3855
          16360 644 1660 5055 25583 6976
          25278 16525 162 7764 2685 15194
          12410 13027 2525 13190 4175 12569
          12444 3246 1923 12443 15033 25116
          24955 14873 16931 5563 2352 4923
          322 4333 9854 8742 24636 25115
          4015 15034 126 5232 17430 16772
          1978 25117 107 6649 8258 4823
          6648 5233 115 7925 10018 2243
          6798 24795 6071 1763 5239 6105
          5527 25590 6249 6884 12852 24319
          25112 15785 4663 5522 7597 25265
          24158 24628 6410 24788 4321 2672
          6575 5931 1068 5271 4322 6409
          24318 11100 25113 25588 14969 24632
          12537 4156 5145 16249 1069 1712
          24633 5523 17419 4984 12868 14038
          16603 6090 2027 14198 10176 24790
          8725 110 6254 5559 9217 5465
          6255 9691 14806 12540 19440 9381
          16688 6093 13670 9543 15132 6092
          13510 6094 9692 14807 7838 14469
          25245 5305 5786 6081 16528 1223
          12535 16363 900 4463 6421 17254
          17422 6262 5450 17421 17583 3840
          17423 25401 3841 5612 5449 19667
          2190 25412 14647 6956 14147 24776
          97 109 16446 9682 415 17585
          3471 16445 15130 6567 7213 7053
          11112 1398 8888 13505 2977 18007
          1061 17015 1397 18873 1066 7594
          13506 19511 24476 7600 17253 5120
          16735 8728 24453 24601 15138 16288
          117 901 16736 6405 2969 587
          4263 25243 4104 6406 15465 19674
          9206 18170 24613 9847 9848 4050
          9686 18169 1221 4960 7122 19672
          14148 593 10794 14981 7282 4049
          10953 24928 8569 18059 9525 432
          753 21198 16263 18473 18876 7524
          7364 431 24762 17901 272 19509
          23359 5764 19408 5763 8659 14955
          19192 19250 19026 23198 8163 18875
          4840 16595 8497 9354 4144 23673
          4680 8002 7690 7841 8658 23358
          8162 7848 18014 5765 6391 18013
          5441 8324 5440 10324 20950 7532
          7842 6713 7060 24602 25417 18879
          256 6900 18225 6873 22696 19519
          8816 15283 17663 18687 18065 101
          15765 19289 23505 24758 24923 8323
          18368 18528 19346 18050 15284 14953
          8657 2821 16573 19503 7689 10165
          18878 21116 18209 7856 24597 19173
          8016 25236 19677 19858 25251 19409
          24757 24919 24759 13984 7843 13501
          9348 11122 19663 23519 16599 15445
          18321 17313 24916 7859 5178 17894
          7858 21262 16097 11108 20630 7069
          18580 19855 4854 19113 18553 19856
          16096 25575 2971 9509 25577 11596
          11284 20790 9519 19115 7066 23643
          21099 9458 16237 20313 7695 17948
          17340 17387 21101 18697 9298 18856
          19445 11916 12640 19401 20127 21090
          17012 19649 10088 19809 23336 17180
          23811 11435 19490 5017 17501 15099
          18950 23972 4692 6076 8648 17200
          18163 19767 11584 18951 8647 20781
          11583 17554 16241 23515 8706 22391
          17361 20926 21740 23176 18270 18377
          22869 17364 1188 8552 23987 8210
          20635 17363 21087 12162 17365 22545
          16063 18306 20616 9024 17830 1187
          18269 19397 20634 12481 14779 17201
          16240 19398 19608 6075 6474 21113
          15438 17353 6476 21581 15278 18813
          88 24120 20778 22228 17675 22550
          17067 408 19244 24752 17512 17827
          248 18149 18787 18788 17989 10579
          22415 9450 17514 74 23815 15097
          4218 9162 18452 16381 22387 16244
          18812 8365 18629 19393 19394 22388
          20133 18179 9609 20131 21756 25533
          16376 18318 8555 19255 9478 18178
          24753 16228 20564 22080 17549 24123
          16067 23949 22394 3898 6923 6605
          13440 9452 16068 22571 22572 19254
          9479 2479 18907 20606 10081 72
          23915 25543 16066 4222 12371 19458
          6924 19230 19231 4568 20760 12805
          15590 15591 20726 9280 9120 19704
          20007 13120 4383 4223 18828 7076
          3338 8207 10732 12372 5648 4220
          18990 1046 20762 21345 19703 18596
          23365 18825 18295 18826 20725 12645
          18988 17808 18461 18623 19068 9287
          23623 18589 18624 19379 20187 10744
          5329 21123 20482 5970 10583 17649
          18622 20557 20395 19538 20008 20960
          10147 15582 10257 20391 15423 16710
          18502 13289 18436 20165 10726 10254
          21183 16709 22213 22214 17031 9447
          10584 21021 5809 10095 23150 6439
          21184 10414 4730 10423 18770 23005
          23953 20396 6920 10566 20559 20324
          78 20553 20006 77 10307 21613
          16871 22288 18342 21182 3497 6613
          6299 9924 12329 17160 12968 25042
          17288 8358 7258 6139 18504 24745
          8193 6774 23215 2311 17964 17607
          17448 21531 6773 9983 23165 727
          24906 20866 7109 2151 6950 7564
          19901 8682 20871 21120 22155 13764
          20712 20872 12647 882 22646 18424
          22631 13604 19707 23281 11360 9792
          11527 1519 7039 9821 11685 23530
          11361 21941 17645 20486 18195 6933
          9981 23200 5976 5977 10751 11363
          9985 11396 20485 24905 6778 18357
          21024 724 16339 6144 8520 9952
          22904 23529 19137 22100 6143 11690
          11689 15856 11851 6305 23372 22407
          20226 23468 11691 8350 10595 21481
          22343 23361 22364 24909 2634 21992
          17136 10435 6304 10593 14080 22204
          3754 16012 20893 2635 20868 24254
          1041 22153 25538 15384 23448 13920
          20696 20857 2473 23465 2642 23773
          20245 20097 20858 23749 16022 23537
          16485 7586 1516 16181 20094 24887
          20095 20856 7198 20589 8831 20253
          4870 8671 10758 20647 10916 16490
          10918 11870 5988 19547 11535 21382
          24576 11694 14742 22313 5351 12510
          16331 20064 24066 9152 6147 8992
          20387 23124 23778 16177 16650 5031
          22264 20368 20750 24408 23907 22263
          3590 19625 3591 12837 21963 20833
          20590 23444 5670 17612 6943 22880
          21537 23602 22622 24190 16486 3275
          21448 23779 25062 23752 24026 7588
          21449 22124 25176 21536 21671 14104
          14433 24250 6942 12189 22457 24092
          15702 23218 15539 15538 21935 21831
          23611 23269 10443 19465 21790 21802
          16334 21470 21632 13793 10285 22296
          21631 14903 20995 21789 22976 13627
          13954 13794 13632 24420 24419 4242
          14114 22995 13633 23380 21471 13783
          13784 22994 24029 22626 14409 25338
          20212 22977 10444 13941 22460 11389
          18084 13786 13306 25178 12674 23861
          9966 14249 17280 13146 13309 20835
          14422 4562 25149 20830 15040 14910
          14880 3761 19200 12337 24845 11700
          24517 3602 22653 25473 24842 21127
          13316 14102 23862 12334 21708 12021
          11542 17765 17920 23541 15057 20754
          20898 15217 12493 23292 12655 11858
          12335 12502 21220 22811 24844 11859
          12336 12504 20738 14891 14751 25167
          18081 21159 19941 12020 13618 13778
          20100 21160 24333 25447 14731 24680
          24494 25311 16320 15680 16827 15520
          17144 23721 25169 16641 24334 16988
          23578 21545 25440 8064 18722 15048
          17600 24660 23739 14888 16987 16990
          24700 13803 18886 18726 24662 25444
          24480 24642 17146 23558 25294 25006
          23250 25125 13960 23727 19365 24806
          25452 23878 23879 24640 24965 19205
          7905 24805 25127 23078 23718 20198
          19044 18884 24199 25159 25464 22919
          23247 23089 23090 23088 20356 24337
          25465 24812 25300 23885 14921 25138
          14760 22772 21494 21653 10452
        </DataArray>
        <DataArray type="Int32" Name="CriticalType" format="ascii" RangeMin="0" RangeMax="4">
          0 0 0 0 0 0
          0 0 0 0 0 0
          0 0 1 0 0 0
          1 1 1 1 1 1
          0 1 0 0 0 0
          0 1 0 1 0 1
          1 1 0 1 1 0
          0 0 1 0 0 0
          0 1 0 0 0 1
          1 0 0 0 0 0
          1 1 0 1 1 0
          0 0 0 0 1 0
          0 0 0 0 0 0
          0 0 0 0 0 1
          0 1 0 1 1 0
          0 1 0 0 0 1
          1 1 1 1 0 1
          1 1 1 1 1 1
          1 1 0 0 0 1
          0 0 0 1 0 1
          1 1 1 0 1 0
          0 0 0 0 1 0
          0 0 1 0 0 0
          1 0 1 0 0 0
          1 0 0 1 0 0
          1 1 0 0 0 0
          0 0 0 0 0 0
          1 0 0 0 1 1
          0 0 0 1 1 1
          1 0 1 1 1 1
          1 0 1 0 1 1
          0 1 0 0 0 1
          0 0 1 1 0 0
          0 0 0 1 0 0
          1 1 1 1 1 1
          1 1 1 1 0 0
          0 1 1 0 1 1
          0 0 0 1 1 1
          0 1 0 0 0 0
          1 1 1 0 0 0
          0 0 1 0 0 0
          1 0 0 0 1 0
          1 0 0 0 0 0
          0 0 1 0 1 1
          1 1 1 1 1 1
          1 1 0 1 0 1
          1 0 0 0 1 0
          0 1 1 1 1 0
          1 0 0 1 0 0
          0 0 1 0 0 1
          1 0 0 1 0 0
          0 1 1 1 1 0
          1 1 0 0 0 0
          0 1 0 1 1 0
          0 1 1 1 1 1
          0 1 0 1 0 1
          0 0 1 0 1 0
          0 1 0 0 0 1
          1 0 0 1 0 1
          0 1 1 0 1 1
          1 1 0 1 0 1
          0 0 1 1 1 1
          0 1 0 0 0 1
          0 0 0 1 0 1
          0 0 1 0 0 0
          0 1 0 0 1 0
          1 0 0 1 0 1
          1 1 0 1 1 0
          1 0 0 0 0 0
          0 0 1 1 0 1
          0 0 1 1 1 1
          0 1 1 1 0 1
          0 0 1 0 0 0
          1 0 0 0 1 1
          1 1 0 0 0 1
          1 0 0 1 1 1
          0 1 0 1 1 0
          1 0 0 0 0 1
          1 0 1 1 0 1
          0 1 1 1 1 1
          1 1 1 1 1 1
          1 1 0 1 1 1
          0 1 0 1 0 1
          1 1 0 0 0 0
          1 1 1 0 1 1
          1 0 1 1 1 0
          0 0 1 1 1 1
          0 1 1 1 1 0
          1 0 1 1 1 0
          0 0 0 0 1 0
          1 0 1 0 1 0
          1 1 0 1 1 1
          0 0 1 1 0 0
          0 1 1 1 0 1
          1 0 1 1 0 0
          0 1 0 1 0 1
          0 0 0 0 0 0
          0 1 1 1 0 1
          0 1 0 1 0 0
          0 1 0 1 0 1
          1 1 0 1 0 1
          1 1 1 0 1 1
          1 1 0 0 1 0
          1 1 0 1 0 1
          0 1 0 1 0 0
          1 0 0 0 0 0
          0 0 1 0 0 1
          0 0 0 1 0 1
          0 0 0 1 1 1
          1 0 1 1 0 0
          0 1 0 0 1 1
          1 1 0 1 1 0
          0 1 0 1 1 1
          0 0 0 1 1 0
          1 0 0 1 0 0
          0 0 0 1 0 1
          1 1 1 1 1 0
          0 1 1 0 1 0
          1 1 0 0 0 0
          0 1 0 1 0 0
          1 0 1 1 1 0
          1 0 1 1 0 0
          0 1 0 0 0 1
          1 1 1 1 0 1
          0 0 0 0 0 0
          0 0 1 0 1 1
          1 0 1 1 1 0
          0 1 0 0 0 1
          1 1 1 0 0 1
          0 1 1 1 1 0
          0 0 4 0 1 0
          1 1 1 1 0 1
          1 0 0 1 1 1
          1 1 1 0 1 0
          1 0 1 0 0 0
          1 1 0 1 1 1
          0 0 0 1 0 0
          1 0 0 0 0 1
          0 0 0 0 1 0
          1 0 0 0 1 1
          1 0 0 1 1 1
          0 0 1 0 0 1
          1 0 0 1 0 0
          1 1 0 1 0 0
          0 0 0 0 1 1
          0 0 0 0 1 1
          0 1 1 0 1 1
          1 1 1 0 1 1
          1 0 1 0 0 0
          1 0 1 0 1 1
          1 0 4 1 1 1
          0 0 1 1 1 1
          0 0 1 0 0 1
          1 0 0 1 0 0
          0 0 0 0 1 1
          1 1 1 1 1 0
          1 1 1 1 1 0
          0 0 0 1 1 0
          0 0 1 0 1 1
          1 1 0 0 0 0
          1 0 0 1 0 1
          0 1 1 1 1 0
          0 1 1 0 0 0
          1 0 0 1 1 1
          1 0 0 1 0 0
          0 0 0 1 0 1
          0 0 0 0 1 0
          0 1 1 0 1 0
          0 0 0 1 0 1
          1 0 1 1 1 1
          1 1 1 1 0 1
          0 0 1 1 1 0
          0 0 1 0 0 1
          1 0 1 0 1 1
          1 1 0 1 1 0
          0 0 1 0 1 1
          0 0 0 1 1 1
          1 0 1 0 1 1
          0 0 1 1 1 0
          1 1 1 0 0 1
          1 0 0 0 1 4
          0 0 1 1 0 0
          0 1 1 0 1 1
          1 0 0 1 0 1
          0 0 1 0 0 0
          1 0 1 0 0 0
          0 1 0 0 1 0
          0 1 0 1 0 0
          0 1 0 1 0 1
          0 0 1 0 1 0
          0 0 1 1 1 1
          1 0 0 0 1 0
          0 1 1 0 0 0
          1 0 0 0 0 1
          1 0 0 1 1 0
          0 0 1 0 1 0
          0 0 1 0 0 0
          0 1 0 1 0 1
          1 0 1 1 0 1
          1 1 1 1 1 0
          1 1 1 1 1 1
          0 1 1 1 1 0
          1 0 1 1 1 0
          0 1 0 1 1 0
          0 0 0 1 1 0
          0 0 0 0 0 0
          1 0 1 0 1 1
          0 0 0 1 1 1
          0 1 0 1 0 0
          1 1 1 0 0 1
          0 1 1 0 0 0
          0 0 0 0 1 0
          1 0 1 0 0 1
          1 0 0 1 0 1
          1 0 1 1 1 1
          1 1 0 0 1 1
          0 1 1 1 1 0
          1 0 0 0 1 1
          0 1 1 1 0 0
          0 1 0 1 0 0
          0 1 1 1 0 1
          0 0 1 1 1 0
          1 1 1 0 0 1
          0 0 1 1 1 0
          1 0 1 0 0 0
          0 0 1 1 0 1
          1 1 1 0 0 1
          0 1 0 1 1 0
          1 0 0 1 0 0
          1 1 0 1 0 0
          1 1 0 0 1 1
          1 1 0 1 1 1
          0 0 0 0 1 1
          0 0 1 0 0 0
          1 1 1 1 0 1
          0 1 0 0 1 1
          0 1 1 1 0 1
          1 1 0 1 0 0
          0 1 1 1 0 1
          1 1 0 1 1 1
          1 1 0 1 0 1
          1 0 0 0 0 1
          1 1 0 1 0 0
          0 1 0 0 1 0
          1 0 1 1 1 0
          1 1 1 1 0 0
          1 1 1 0 1 1
          0 1 0 1 1 0
          1 1 0 1 1 1
          1 1 0 1 0 0
          1 0 0 0 0 0
          0 1 0 0 0 1
          1 1 1 0 0 0
          1 1 0 1 0 1
          0 1 1 1 0 0
          1 0 1 1 1 1
          1 1 1 0 1 0
          1 0 0 1 0 1
          1 1 0 0 1 1
          0 1 0 0 0 1
          0 0 1 1 1 0
          0 1 0 0 1 0
          1 0 1 1 1 1
          1 0 0 1 1 1
          0 0 1 0 0 1
          0 0 1 0 0 0
          1 0 1 1 1 1
          1 1 1 0 1 0
          0 1 1 1 0 1
          0 0 1 1 1 1
          1 1 0 1 0 1
          1 1 0 1 3
        </DataArray>
        <DataArray type="Int32" Name="RegionSize" format="ascii" RangeMin="0" RangeMax="402">
          1 6 8 12 5 5
          3 0 6 13 0 0
          1 0 8 1 0 1
          2 1 5 26 16 17
          0 3 1 0 3 0
          0 19 0 2 8 5
          12 0 0 1 6 1
          0 4 11 0 0 11
          0 4 0 2 6 3
          4 7 11 1 8 2
          30 1 4 19 7 3
          0 2 9 2 15 3
          1 0 3 0 0 9
          0 3 3 11 1 12
          0 1 0 1 14 1
          1 7 1 0 2 2
          0 12 1 38 5 0
          1 2 3 23 16 29
          35 0 24 3 0 7
          20 0 30 0 2 1
          6 1 33 0 11 0
          0 4 7 4 25 0
          0 0 16 2 5 4
          41 3 5 6 0 2
          9 2 0 3 8 3
          48 1 3 0 3 1
          0 0 12 1 1 2
          23 6 1 0 2 0
          3 0 1 3 1 4
          5 0 7 71 11 2
          1 0 22 4 1 3
          0 2 0 1 2 17
          0 0 0 9 0 5
          0 3 0 0 8 3
          0 9 0 0 8 39
          0 5 3 0 11 3
          4 1 23 12 2 68
          4 1 1 33 17 21
          0 13 1 3 0 5
          4 45 10 0 6 1
          1 9 6 0 5 6
          7 0 1 1 6 6
          26 3 2 0 0 3
          1 0 3 4 2 3
          7 4 8 4 5 5
          37 1 1 2 1 8
          2 4 2 17 23 3
          12 25 0 3 35 0
          26 0 0 22 0 3
          2 8 17 1 8 40
          4 1 11 4 5 1
          0 0 97 47 29 1
          1 5 14 6 3 0
          0 3 1 5 5 0
          0 0 5 5 21 1
          0 0 0 12 1 3
          0 0 4 1 49 0
          0 2 0 0 2 18
          1 4 0 44 0 2
          5 18 15 0 23 4
          2 7 5 35 0 26
          5 7 3 12 8 1
          11 60 2 6 0 67
          0 15 1 4 5 3
          7 2 51 1 2 1
          9 6 0 2 23 0
          1 6 2 10 8 4
          2 14 1 4 82 1
          31 1 0 0 1 23
          4 2 36 10 0 0
          0 0 0 23 0 11
          0 1 13 4 2 4
          4 5 32 5 3 11
          8 0 0 7 6 2
          17 3 3 3 2 20
          14 2 0 0 47 80
          2 2 0 29 3 0
          1 5 9 0 5 4
          4 1 22 11 4 3
          0 2 17 16 4 2
          15 10 6 3 3 1
          16 2 1 24 18 28
          0 16 32 1 0 4
          0 14 0 4 3 0
          1 11 40 1 14 2
          53 0 6 13 48 6
          1 0 0 2 29 24
          10 6 7 16 26 0
          5 13 31 20 63 0
          1 11 6 0 32 2
          3 10 26 3 45 8
          19 41 4 3 3 1
          2 2 26 31 6 1
          2 2 108 13 1 102
          33 0 2 147 47 2
          7 62 4 10 4 46
          1 5 2 2 0 0
          0 0 14 17 1 43
          0 37 3 48 0 0
          0 0 0 11 3 58
          7 43 13 31 1 0
          28 18 21 0 16 44
          80 0 8 0 19 1
          3 22 2 133 5 2
          4 4 3 44 4 11
          89 1 0 9 3 0
          0 9 30 1 10 0
          0 0 1 3 1 124
          4 0 1 0 69 2
          5 28 4 7 3 0
          3 62 1 24 0 46
          5 12 4 137 14 0
          2 9 6 63 8 50
          10 1 0 11 54 3
          2 0 0 61 14 2
          0 0 0 11 3 2
          34 13 14 1 64 9
          6 0 38 9 1 4
          103 31 1 5 0 1
          0 13 0 0 0 0
          2 6 1 9 59 6
          6 9 102 1 3 3
          4 6 0 4 2 1
          11 5 125 10 0 117
          5 0 1 0 17 3
          0 25 24 4 13 0
          19 3 40 4 39 0
          0 6 0 1 2 23
          21 2 5 0 8 4
          0 5 22 29 46 1
          4 0 2 1 3 0
          9 10 49 25 0 9
          23 0 0 3 28 44
          20 27 30 1 3 0
          15 25 36 25 2 0
          56 9 1 6 158 7
          0 0 1 3 0 6
          0 1 6 0 0 23
          1 10 1 14 50 5
          14 0 1 0 7 4
          0 0 0 7 99 24
          0 0 14 2 8 25
          2 0 0 1 1 1
          1 49 0 41 10 2
          1 0 16 0 5 36
          2 10 17 0 5 5
          0 3 8 2 20 8
          4 1 19 0 40 136
          2 14 13 0 1 8
          10 3 12 2 3 15
          0 0 12 0 68 29
          2 3 17 13 13 45
          5 22 10 0 6 80
          18 4 0 20 1 4
          11 0 5 2 29 24
          11 3 35 3 49 3
          31 6 85 5 19 9
          1 0 9 84 24 5
          3 5 12 0 63 10
          5 152 2 3 1 4
          1 0 8 1 2 5
          1 161 17 3 57 4
          0 9 19 0 0 1
          6 2 0 17 66 4
          108 6 1 13 2 5
          1 1 2 15 1 112
          4 0 1 7 66 20
          0 1 19 2 4 4
          4 4 5 24 6 170
          23 0 6 18 23 22
          12 4 13 55 1 31
          1 1 5 24 50 1
          0 3 60 1 1 10
          92 1 5 0 0 2
          11 0 0 8 5 12
          3 1 10 2 41 63
          4 6 10 16 2 76
          2 2 22 0 9 3
          1 1 7 1 2 47
          44 6 24 1 0 98
          8 0 5 18 39 1
          0 10 166 17 0 1
          1 19 0 0 28 4
          32 27 7 64 12 43
          38 15 139 0 0 7
          21 0 21 6 3 3
          0 186 3 0 44 1
          0 7 0 1 1 12
          1 61 4 42 5 63
          1 5 68 3 3 2
          12 0 91 0 9 22
          18 0 1 0 2 0
          8 8 72 0 7 0
          25 3 1 2 0 0
          29 3 1 0 6 0
          1 0 28 3 38 0
          2 8 11 0 1 0
          0 14 0 52 0 1
          1 1 3 4 5 12
          0 4 15 19 16 1
          105 0 17 24 0 0
          0 14 10 44 16 18
          20 20 24 7 60 0
          1 47 3 103 13 26
          0 8 12 50 72 1
          11 0 2 0 4 0
          23 8 3 2 34 4
          4 1 0 4 94 7
          7 105 0 11 7 0
          1 31 4 3 16 68
          13 5 12 9 0 0
          1 10 0 0 9 1
          10 1 61 0 2 19
          1 1 0 5 3 33
          16 9 30 4 31 53
          10 15 3 0 2 15
          16 2 75 2 10 0
          59 7 0 0 3 38
          5 81 8 80 2 4
          14 20 0 33 1 1
          16 8 5 98 0 99
          18 3 5 4 11 8
          6 8 11 12 9 7
          1 0 5 0 5 6
          29 2 105 11 1 3
          0 3 46 7 0 8
          2 56 48 0 1 64
          1 4 0 5 49 1
          41 6 2 19 0 10
          28 112 2 24 3 13
          2 1 1 0 17 0
          192 7 1 7 10 6
          0 6 0 1 5 4
          0 2 4 12 2 3
          12 0 95 3 0 14
          0 6 7 4 20 9
          0 20 21 23 6 26
          3 4 3 47 0 3
          4 2 4 17 3 149
          1 7 0 9 25 1
          32 32 3 231 0 5
          7 1 0 0 2 3
          0 59 1 14 1 2
          0 0 0 0 78 1
          0 0 25 2 73 0
          6 12 15 24 1 2
          56 18 2 6 15 125
          5 4 0 39 26 3
          15 23 4 10 20 1
          26 48 6 74 0 5
          123 0 7 2 0 3
          7 38 3 4 3 12
          16 138 2 0 5 1
          2 8 1 75 0 20
          3 12 32 206 1 0
          46 2 1 58 5 0
          53 26 40 1 104 3
          29 0 0 9 0 18
          0 149 0 10 230 12
          0 17 2 0 0 51
          4 8 11 41 14 1
          3 58 3 1 63 0
          76 1 4 28 0 34
          71 3 0 46 47 6
          0 6 68 1 3 57
          1 0 187 3 0 0
          3 0 1 3 1 11
          180 2 38 1 5 3
          0 21 14 88 1 184
          0 0 0 12 12 71
          25 363 3 51 1 46
          0 402 0 397 397
        </DataArray>
        <DataArray type="Int32" Name="RegionSpan" format="ascii" RangeMin="1" RangeMax="133">
          2 4 3 3 1 3
          1 1 2 3 1 1
          1 1 2 1 1 1
          1 2 2 6 4 3
          1 2 1 1 2 1
          1 5 1 3 3 2
          5 2 1 2 9 2
          1 2 2 1 1 2
          1 11 1 2 2 4
          10 2 4 2 2 1
          6 8 2 10 2 1
          1 2 2 1 2 2
          1 1 1 1 1 3
          1 2 1 3 2 11
          1 7 1 8 2 1
          1 3 1 1 2 3
          12 15 1 11 4 1
          6 6 4 16 12 8
          15 2 7 3 1 12
          4 1 4 3 1 2
          9 4 8 1 7 1
          1 3 1 2 13 1
          1 1 7 3 2 2
          21 2 4 3 1 1
          3 1 1 3 4 1
          16 2 1 1 2 1
          1 1 3 1 1 2
          13 3 1 1 4 5
          2 1 1 1 5 24
          2 1 25 27 7 5
          5 1 15 2 3 3
          1 1 1 2 1 5
          1 1 3 4 1 2
          1 1 1 3 3 2
          10 5 3 10 1 3
          2 34 8 2 3 1
          1 5 6 2 7 5
          3 2 1 5 5 6
          1 10 2 1 1 4
          3 3 4 1 2 2
          1 2 2 1 2 2
          28 1 1 2 5 2
          47 2 1 1 1 2
          1 1 6 2 21 2
          6 21 3 21 49 4
          34 2 1 24 1 24
          1 2 2 3 20 2
          2 15 5 19 2 1
          23 1 1 9 1 2
          1 2 25 1 2 2
          6 1 2 5 2 1
          1 19 40 13 7 1
          1 4 4 2 3 1
          1 6 2 4 8 1
          1 2 3 27 32 2
          1 1 1 5 2 1
          1 1 1 1 14 1
          1 2 1 1 2 3
          2 1 1 13 1 3
          1 3 5 1 16 2
          2 3 3 30 1 2
          3 4 1 5 31 28
          3 30 2 2 1 13
          1 4 1 5 1 5
          3 1 17 1 1 1
          2 7 1 1 6 1
          2 2 1 26 2 5
          8 40 2 15 18 1
          19 1 1 1 1 3
          2 1 5 5 1 2
          1 1 1 6 2 6
          1 2 8 3 2 4
          2 3 21 2 1 1
          13 1 1 2 5 2
          48 5 2 1 1 7
          8 1 1 5 5 70
          1 6 1 8 3 1
          9 2 3 1 2 9
          1 1 39 4 3 48
          1 13 8 58 5 3
          7 18 3 9 6 35
          3 10 1 39 17 14
          1 42 6 1 1 24
          5 21 1 1 2 1
          3 23 23 2 10 4
          11 1 9 8 3 2
          1 1 2 12 26 12
          2 18 3 34 38 1
          23 4 32 2 61 1
          2 3 2 1 33 1
          9 2 77 1 39 5
          34 7 2 5 31 3
          1 2 1 25 2 1
          1 3 69 1 2 26
          7 1 82 3 5 1
          3 44 2 8 2 40
          1 3 1 1 1 1
          1 3 72 2 2 34
          1 47 2 33 1 1
          1 65 1 4 2 31
          27 2 2 65 1 2
          44 15 39 1 18 62
          55 2 2 1 14 1
          26 32 2 15 2 3
          2 2 2 26 2 2
          30 2 1 3 3 1
          1 2 21 1 3 4
          1 1 1 5 1 6
          2 1 1 8 22 2
          2 8 3 5 2 1
          3 46 1 4 5 37
          3 48 2 2 50 1
          2 2 3 54 6 6
          3 1 1 31 42 1
          1 1 1 47 5 2
          1 1 1 41 2 2
          32 3 67 1 107 2
          2 3 5 2 5 3
          85 9 1 2 1 1
          1 25 1 2 1 1
          2 2 15 3 7 2
          81 1 60 4 1 3
          1 3 1 4 1 94
          75 3 90 6 1 8
          1 1 1 1 4 2
          1 3 11 2 87 6
          39 1 6 80 7 1
          1 1 1 1 3 100
          5 2 7 1 2 22
          1 5 71 10 38 2
          2 1 5 1 2 1
          55 4 86 49 1 3
          7 1 1 51 10 49
          5 5 7 2 61 1
          97 6 99 4 1 1
          39 113 1 113 40 3
          1 1 1 2 1 2
          3 1 2 1 1 9
          1 4 1 5 15 2
          35 1 2 1 1 1
          2 1 1 5 3 10
          1 1 17 1 1 8
          3 1 1 2 2 1
          5 12 1 70 3 2
          1 1 2 1 120 96
          2 4 3 1 8 3
          1 2 12 1 79 10
          4 86 40 1 6 31
          5 3 5 1 1 3
          2 2 14 2 12 5
          2 1 3 4 23 61
          1 2 12 25 34 51
          2 7 19 1 1 19
          3 1 1 7 1 3
          4 1 3 2 58 7
          82 2 52 10 11 2
          12 4 99 10 11 3
          2 1 3 92 10 2
          1 2 2 1 44 7
          14 3 1 3 2 3
          8 1 3 2 1 2
          1 87 9 5 6 2
          1 23 51 1 1 1
          5 1 1 17 76 96
          85 5 1 8 2 1
          2 1 1 4 1 93
          2 1 1 3 12 3
          1 2 3 2 4 2
          2 3 2 115 2 19
          2 1 101 4 110 7
          4 6 20 94 2 119
          1 1 114 74 68 1
          1 3 38 1 1 2
          51 1 10 1 5 2
          3 1 1 24 5 2
          3 1 14 2 22 27
          2 3 3 16 1 52
          23 2 19 1 20 8
          2 1 3 26 105 5
          25 61 64 1 1 11
          10 1 1 7 54 32
          1 4 30 57 1 2
          2 84 2 1 8 23
          5 4 1 66 3 91
          7 5 5 1 1 2
          4 1 3 2 2 1
          1 27 1 1 67 1
          1 5 1 3 2 5
          1 5 2 87 2 13
          2 2 68 1 5 1
          4 1 9 2 6 3
          5 1 1 1 3 1
          2 7 16 1 3 1
          44 3 2 1 1 14
          20 1 1 10 2 1
          1 1 11 2 10 1
          1 2 14 1 1 1
          1 73 1 117 1 47
          1 1 43 33 2 35
          2 9 96 27 70 1
          96 3 41 96 6 2
          1 1 21 95 41 4
          32 4 99 2 129 1
          1 60 2 64 2 5
          1 2 3 27 35 1
          3 1 3 1 2 1
          5 4 1 2 115 3
          1 2 1 43 85 7
          3 44 1 7 2 1
          1 21 6 2 3 21
          2 12 22 3 1 1
          2 3 1 1 2 1
          59 1 52 1 2 7
          4 1 1 63 2 62
          73 3 2 4 21 20
          4 3 2 1 12 39
          5 3 29 13 64 1
          2 2 1 1 11 16
          2 9 28 13 1 2
          7 3 1 22 1 1
          5 38 41 39 1 20
          3 2 25 2 17 2
          5 1 11 2 4 102
          1 1 9 132 110 2
          27 2 122 2 1 2
          1 2 122 4 1 9
          2 133 104 1 1 95
          1 14 1 21 2 1
          55 2 1 50 1 2
          6 63 1 3 2 2
          2 3 1 1 39 79
          92 2 1 5 6 4
          1 4 1 2 5 23
          1 1 4 3 1 2
          4 2 15 9 1 18
          1 10 4 1 8 130
          1 8 114 19 3 91
          6 2 2 18 1 2
          2 111 111 5 1 3
          4 8 1 6 14 9
          22 43 1 31 1 14
          12 1 1 1 1 4
          2 3 1 13 1 1
          1 2 1 1 17 2
          3 1 3 16 24 1
          2 48 7 20 1 1
          16 5 3 1 75 9
          2 4 1 9 20 1
          45 18 2 3 9 5
          86 114 2 47 1 1
          108 1 3 1 1 2
          3 133 2 2 2 56
          14 16 2 1 3 1
          42 39 1 94 1 102
          2 17 103 102 2 1
          100 2 3 99 4 4
          8 89 76 1 36 2
          42 1 1 11 1 90
          60 49 1 3 12 6
          1 8 2 1 1 7
          2 2 11 108 3 1
          1 104 4 1 7 1
          70 2 75 25 3 56
          65 3 1 40 47 8
          1 2 52 1 2 69
          1 1 48 2 1 1
          5 1 1 5 1 92
          92 2 5 1 3 2
          1 48 6 14 1 16
          1 1 2 4 31 10
          13 33 2 28 1 68
          51 7 1 70 70
        </DataArray>
      </PointData>
      <CellData>
      </CellData>
      <Points>
        <DataArray type="Float32" Name="Points" NumberOfComponents="3" format="ascii" RangeMin="2.23606797749979" RangeMax="222.73975846265077">
          159 65 0 149 6 0
          159 10 0 156 69 0
          142 2 0 138 4 0
          141 10 0 140 8 0
          156 54 0 126 55 0
          155 9 0 157 64 0
          145 68 0 144 6 0
          145 6 0 152 1 0
          138 7 0 146 69 0
          157 65 0 141 3 0
          145 69 0 143 4 0
          156 9 0 158 66 0
          146 72 0 146 71 0
          158 4 0 150 0 0
          131 53 0 148 1 0
          149 71 0 148 71 0
          136 6 0 142 10 0
          154 78 0 141 7 0
          129 55 0 151 0 0
          155 63 0 149 1 0
          139 6 0 141 84 0
          156 4 0 130 8 0
          157 4 0 131 59 0
          133 58 0 135 65 0
          144 66 0 147 1 0
          138 84 0 87 37 0
          158 80 0 139 84 0
          156 63 0 156 30 0
          122 0 0 155 60 0
          145 61 0 149 42 0
          137 6 0 144 67 0
          159 22 0 151 72 0
          132 59 0 142 58 0
          133 51 0 133 84 0
          136 54 0 153 55 0
          133 52 0 91 36 0
          138 13 0 143 65 0
          140 56 0 157 61 0
          139 54 0 125 73 0
          135 61 0 101 90 0
          122 59 0 153 90 0
          108 90 0 155 62 0
          105 91 0 135 52 0
          157 75 0 130 57 0
          138 54 0 132 10 0
          136 62 0 106 91 0
          138 56 0 158 76 0
          140 68 0 141 57 0
          144 65 0 156 61 0
          157 78 0 89 36 0
          137 73 0 157 76 0
          140 54 0 144 59 0
          158 77 0 139 55 0
          135 84 0 139 12 0
          154 76 0 136 61 0
          46 7 0 140 46 0
          146 41 0 123 58 0
          106 82 0 135 59 0
          54 6 0 137 63 0
          118 90 0 135 60 0
          135 58 0 142 67 0
          103 90 0 158 32 0
          138 67 0 155 47 0
          133 61 0 153 23 0
          137 36 0 150 17 0
          134 61 0 132 73 0
          144 43 0 128 49 0
          132 9 0 159 90 0
          149 84 0 152 13 0
          127 49 0 149 13 0
          133 73 0 119 74 0
          120 91 0 143 48 0
          154 55 0 145 19 0
          141 64 0 145 42 0
          117 83 0 144 53 0
          142 64 0 119 91 0
          155 21 0 142 81 0
          123 92 0 159 84 0
          150 59 0 151 60 0
          142 102 0 143 52 0
          120 47 0 132 90 0
          155 5 0 157 99 0
          159 87 0 158 58 0
          121 92 0 147 84 0
          127 91 0 147 12 0
          135 34 0 142 82 0
          157 58 0 152 60 0
          156 90 0 141 80 0
          159 83 0 151 59 0
          122 73 0 125 91 0
          148 41 0 119 46 0
          141 81 0 118 51 0
          120 46 0 143 44 0
          120 53 0 147 11 0
          149 56 0 137 70 0
          147 90 0 130 91 0
          154 46 0 153 101 0
          150 15 0 148 12 0
          46 0 0 26 14 0
          145 21 0 126 23 0
          149 58 0 120 52 0
          107 75 0 102 83 0
          158 88 0 145 20 0
          142 47 0 148 90 0
          120 49 0 47 0 0
          144 52 0 158 86 0
          137 72 0 149 57 0
          102 42 0 37 9 0
          127 65 0 143 50 0
          157 32 0 100 47 0
          143 55 0 149 59 0
          135 47 0 123 22 0
          122 83 0 136 35 0
          154 47 0 154 101 0
          26 11 0 129 73 0
          131 24 0 116 54 0
          36 7 0 140 90 0
          125 22 0 26 12 0
          151 15 0 133 3 0
          130 66 0 136 90 0
          148 54 0 113 64 0
          154 20 0 159 6 0
          133 28 0 52 0 0
          149 54 0 125 45 0
          131 45 0 120 94 0
          121 49 0 116 38 0
          125 46 0 128 35 0
          79 80 0 111 86 0
          99 84 0 113 82 0
          130 69 0 128 25 0
          144 90 0 115 47 0
          138 90 0 127 25 0
          121 82 0 139 69 0
          36 8 0 135 90 0
          156 85 0 100 84 0
          117 54 0 155 18 0
          136 80 0 153 19 0
          78 79 0 134 3 0
          132 46 0 18 16 0
          112 47 0 8 4 0
          151 56 0 123 37 0
          90 84 0 158 7 0
          128 66 0 133 65 0
          110 86 0 119 25 0
          131 46 0 124 94 0
          101 37 0 129 24 0
          118 24 0 124 12 0
          101 80 0 128 80 0
          131 69 0 145 47 0
          39 14 0 124 93 0
          78 80 0 99 79 0
          135 98 0 115 82 0
          36 1 0 32 10 0
          129 32 0 122 93 0
          137 81 0 157 22 0
          100 37 0 124 68 0
          118 25 0 106 78 0
          92 49 0 116 30 0
          115 94 0 31 9 0
          86 81 0 104 82 0
          147 101 0 128 33 0
          110 82 0 18 13 0
          123 67 0 100 79 0
          145 101 0 117 46 0
          144 47 0 18 14 0
          17 12 0 31 10 0
          129 41 0 102 81 0
          127 40 0 18 12 0
          37 4 0 17 10 0
          124 67 0 34 18 0
          115 62 0 34 20 0
          85 80 0 84 80 0
          30 8 0 116 25 0
          131 94 0 30 9 0
          17 11 0 157 108 0
          98 77 0 99 77 0
          16 8 0 117 25 0
          106 70 0 34 19 0
          16 9 0 121 15 0
          114 48 0 122 14 0
          37 3 0 53 2 0
          116 19 0 129 42 0
          112 68 0 148 101 0
          54 88 0 106 63 0
          86 80 0 125 36 0
          112 67 0 129 94 0
          7 23 0 124 66 0
          92 31 0 104 32 0
          114 24 0 50 0 0
          93 85 0 24 2 0
          14 3 0 120 24 0
          29 28 0 92 85 0
          12 30 0 141 39 0
          145 15 0 120 27 0
          111 37 0 131 35 0
          96 72 0 37 5 0
          87 82 0 32 24 0
          15 4 0 151 51 0
          87 83 0 107 43 0
          150 98 0 151 52 0
          10 14 0 115 24 0
          87 81 0 127 42 0
          139 95 0 110 84 0
          130 82 0 150 49 0
          95 85 0 119 16 0
          30 21 0 29 20 0
          72 78 0 112 7 0
          30 31 0 10 0 0
          137 96 0 38 12 0
          31 22 0 31 23 0
          131 33 0 130 29 0
          31 21 0 119 27 0
          131 34 0 130 36 0
          117 68 0 32 22 0
          30 20 0 120 16 0
          12 10 0 27 9 0
          11 19 0 101 69 0
          117 69 0 149 110 0
          115 41 0 146 156 0
          24 6 0 109 36 0
          159 106 0 65 81 0
          114 90 0 131 28 0
          118 93 0 38 17 0
          129 18 0 9 26 0
          127 96 0 9 1 0
          14 10 0 52 14 0
          33 15 0 33 16 0
          29 19 0 72 79 0
          138 40 0 102 45 0
          20 22 0 149 99 0
          110 36 0 41 17 0
          130 30 0 110 52 0
          151 106 0 39 21 0
          129 0 0 96 47 0
          30 29 0 130 97 0
          130 39 0 158 107 0
          104 54 0 107 71 0
          28 24 0 29 24 0
          105 43 0 151 50 0
          40 17 0 137 40 0
          98 74 0 38 22 0
          116 40 0 140 38 0
          115 22 0 104 69 0
          128 95 0 118 28 0
          149 48 0 131 96 0
          21 14 0 117 18 0
          21 23 0 110 63 0
          102 104 0 21 22 0
          108 47 0 31 28 0
          107 37 0 150 48 0
          33 4 0 45 18 0
          21 26 0 106 47 0
          107 47 0 34 4 0
          131 37 0 88 32 0
          103 34 0 10 21 0
          11 8 0 13 12 0
          52 13 0 8 25 0
          112 50 0 149 33 0
          18 0 0 31 1 0
          12 13 0 19 0 0
          110 47 0 13 11 0
          100 53 0 128 28 0
          20 21 0 117 43 0
          151 43 0 58 87 0
          21 24 0 129 153 0
          43 17 0 113 40 0
          113 38 0 32 2 0
          90 73 0 108 23 0
          95 41 0 30 0 0
          11 17 0 159 49 0
          141 99 0 3 16 0
          132 97 0 124 31 0
          128 20 0 72 46 0
          44 17 0 57 87 0
          47 22 0 90 32 0
          11 27 0 129 2 0
          122 34 0 69 81 0
          32 3 0 107 53 0
          96 52 0 71 82 0
          96 31 0 154 107 0
          92 73 0 31 2 0
          2 4 0 30 1 0
          131 5 0 98 42 0
          154 104 0 99 42 0
          52 95 0 15 24 0
          40 102 0 4 4 0
          60 10 0 95 31 0
          143 159 0 96 43 0
          158 157 0 45 103 0
          2 1 0 84 48 0
          125 16 0 154 94 0
          90 77 0 67 81 0
          125 15 0 70 82 0
          15 26 0 89 78 0
          124 77 0 46 20 0
          3 12 0 123 77 0
          153 93 0 156 156 0
          155 155 0 153 92 0
          131 105 0 123 34 0
          112 14 0 123 30 0
          2 2 0 13 27 0
          94 61 0 102 54 0
          156 153 0 155 156 0
          15 25 0 154 93 0
          126 0 0 112 32 0
          150 108 0 132 104 0
          58 12 0 157 156 0
          107 0 0 89 41 0
          98 51 0 23 30 0
          88 41 0 113 32 0
          115 0 0 85 49 0
          98 62 0 3 14 0
          78 42 0 155 154 0
          151 37 0 3 11 0
          119 32 0 25 38 0
          87 34 0 150 159 0
          9 39 0 4 43 0
          52 80 0 159 151 0
          152 156 0 105 98 0
          23 29 0 82 34 0
          77 47 0 145 157 0
          158 150 0 148 153 0
          10 40 0 148 154 0
          1 27 0 112 16 0
          15 41 0 11 37 0
          108 6 0 151 32 0
          2 27 0 9 40 0
          158 151 0 60 69 0
          153 156 0 148 159 0
          89 93 0 152 153 0
          57 78 0 156 25 0
          25 32 0 89 101 0
          109 6 0 112 10 0
          153 153 0 83 34 0
          139 108 0 24 31 0
          68 80 0 118 87 0
          123 103 0 10 38 0
          107 12 0 118 88 0
          96 63 0 150 154 0
          85 54 0 110 0 0
          14 39 0 119 34 0
          97 57 0 25 34 0
          15 39 0 91 60 0
          86 92 0 60 78 0
          80 121 0 101 58 0
          48 104 0 13 38 0
          70 85 0 103 59 0
          92 94 0 12 38 0
          70 84 0 14 38 0
          92 60 0 87 92 0
          158 48 0 69 90 0
          125 157 0 25 33 0
          26 36 0 1 38 0
          48 103 0 103 7 0
          55 78 0 43 102 0
          100 5 0 143 27 0
          21 40 0 134 107 0
          142 108 0 22 39 0
          10 34 0 141 108 0
          143 109 0 0 24 0
          143 108 0 121 158 0
          1 24 0 12 35 0
          9 34 0 147 122 0
          110 13 0 132 158 0
          87 91 0 76 43 0
          67 88 0 136 154 0
          97 0 0 109 0 0
          126 102 0 82 60 0
          95 2 0 145 109 0
          111 21 0 125 102 0
          90 94 0 7 41 0
          13 45 0 13 44 0
          72 69 0 118 8 0
          88 55 0 65 84 0
          97 18 0 87 112 0
          101 6 0 55 106 0
          117 8 0 153 117 0
          106 6 0 74 47 0
          66 84 0 151 121 0
          156 152 0 80 47 0
          133 107 0 0 32 0
          95 104 0 88 54 0
          133 152 0 121 153 0
          98 94 0 128 101 0
          117 0 0 101 5 0
          96 104 0 5 40 0
          89 18 0 107 3 0
          103 26 0 123 157 0
          104 25 0 6 40 0
          105 96 0 154 122 0
          86 57 0 90 113 0
          133 153 0 87 61 0
          88 61 0 50 25 0
          86 60 0 89 113 0
          101 7 0 0 31 0
          82 44 0 152 122 0
          68 88 0 113 3 0
          74 67 0 101 93 0
          82 45 0 49 25 0
          73 68 0 128 155 0
          89 53 0 139 112 0
          85 59 0 112 2 0
          113 4 0 78 132 0
          103 101 0 73 115 0
          156 117 0 4 47 0
          4 46 0 111 2 0
          122 154 0 141 111 0
          112 1 0 149 121 0
          159 145 0 4 36 0
          48 121 0 3 36 0
          19 54 0 75 93 0
          152 119 0 50 120 0
          146 118 0 158 144 0
          3 51 0 155 117 0
          40 30 0 115 103 0
          17 53 0 74 58 0
          144 25 0 153 147 0
          40 29 0 2 50 0
          10 48 0 1 49 0
          18 54 0 158 145 0
          2 51 0 8 49 0
          94 112 0 5 36 0
          151 39 0 93 112 0
          1 34 0 4 52 0
          0 34 0 84 64 0
          150 130 0 12 47 0
          2 49 0 153 41 0
          20 44 0 122 153 0
          137 158 0 159 117 0
          96 1 0 20 43 0
          145 113 0 153 42 0
          136 141 0 159 121 0
          16 55 0 83 95 0
          63 110 0 127 116 0
          145 112 0 101 0 0
          85 98 0 89 120 0
          145 146 0 118 154 0
          123 155 0 3 52 0
          128 114 0 128 115 0
          146 120 0 130 112 0
          84 95 0 73 93 0
          17 54 0 101 17 0
          93 103 0 143 121 0
          9 48 0 85 63 0
          158 117 0 156 131 0
          129 113 0 16 49 0
          117 153 0 133 119 0
          16 50 0 116 157 0
          157 122 0 18 124 0
          131 157 0 49 121 0
          117 154 0 119 155 0
          119 154 0 64 87 0
          3 49 0 61 84 0
          68 58 0 82 69 0
          143 122 0 159 146 0
          119 103 0 85 96 0
          81 114 0 33 108 0
          116 155 0 19 49 0
          58 32 0 134 111 0
          18 49 0 142 132 0
          97 100 0 68 69 0
          150 128 0 29 44 0
          20 116 0 15 124 0
          54 30 0 73 119 0
          153 115 0 16 124 0
          96 100 0 135 159 0
          91 18 0 69 59 0
          137 159 0 76 72 0
          84 70 0 150 129 0
          79 59 0 75 119 0
          26 44 0 123 147 0
          139 131 0 18 59 0
          77 101 0 153 126 0
          15 48 0 28 112 0
          60 108 0 107 108 0
          141 131 0 137 116 0
          18 58 0 136 117 0
          85 121 0 76 74 0
          0 79 0 41 121 0
          127 125 0 130 131 0
          52 106 0 129 122 0
          8 63 0 129 123 0
          136 145 0 60 107 0
          131 148 0 75 71 0
          130 121 0 57 31 0
          61 109 0 59 94 0
          70 118 0 132 149 0
          52 29 0 156 37 0
          8 54 0 80 107 0
          83 113 0 87 123 0
          64 72 0 71 118 0
          7 54 0 141 129 0
          63 72 0 114 109 0
          81 101 0 155 146 0
          66 54 0 151 139 0
          81 108 0 126 130 0
          140 135 0 136 144 0
          30 114 0 137 114 0
          149 142 0 84 108 0
          68 7 0 72 53 0
          147 149 0 50 51 0
          155 128 0 83 108 0
          127 131 0 2 76 0
          85 108 0 145 140 0
          63 100 0 66 114 0
          136 128 0 64 56 0
          70 111 0 67 7 0
          29 114 0 37 121 0
          154 128 0 1 78 0
          59 92 0 81 107 0
          80 101 0 38 121 0
          88 122 0 155 37 0
          74 40 0 153 131 0
          78 96 0 73 108 0
          76 40 0 141 134 0
          78 95 0 93 117 0
          88 0 0 120 150 0
          138 129 0 148 138 0
          75 110 0 150 140 0
          107 106 0 88 2 0
          44 120 0 112 154 0
          72 109 0 67 111 0
          88 1 0 69 113 0
          67 117 0 68 117 0
          69 112 0 19 66 0
          15 140 0 10 59 0
          74 109 0 74 0 0
          135 148 0 57 94 0
          58 26 0 42 57 0
          52 115 0 61 102 0
          147 139 0 84 101 0
          92 117 0 45 52 0
          69 116 0 33 121 0
          34 121 0 148 139 0
          133 125 0 99 113 0
          9 60 0 131 125 0
          156 135 0 93 159 0
          56 102 0 78 114 0
          75 53 0 55 120 0
          38 59 0 98 113 0
          113 154 0 68 101 0
          84 128 0 0 138 0
          109 109 0 123 150 0
          67 100 0 109 149 0
          154 139 0 58 24 0
          43 43 0 45 41 0
          0 84 0 12 59 0
          68 100 0 11 141 0
          12 141 0 54 120 0
          39 59 0 79 15 0
          27 118 0 126 128 0
          1 63 0 72 0 0
          75 149 0 103 159 0
          66 100 0 62 26 0
          51 77 0 98 121 0
          44 43 0 30 120 0
          31 120 0 88 28 0
          120 129 0 5 80 0
          70 97 0 71 97 0
          86 129 0 0 58 0
          0 57 0 24 123 0
          7 125 0 0 82 0
          63 27 0 63 26 0
          108 117 0 36 44 0
          138 20 0 47 51 0
          12 67 0 52 77 0
          48 35 0 60 26 0
          110 118 0 86 6 0
          122 129 0 65 133 0
          23 123 0 36 116 0
          5 146 0 105 117 0
          55 114 0 106 117 0
          85 129 0 5 79 0
          108 118 0 48 111 0
          61 115 0 63 116 0
          28 119 0 7 58 0
          103 147 0 29 116 0
          64 116 0 19 121 0
          27 126 0 24 67 0
          49 33 0 3 132 0
          2 128 0 50 37 0
          23 66 0 49 110 0
          62 116 0 77 128 0
          75 127 0 18 122 0
          8 125 0 0 131 0
          67 63 0 62 97 0
          17 64 0 71 127 0
          63 96 0 70 104 0
          102 115 0 9 83 0
          36 115 0 5 126 0
          6 67 0 14 64 0
          63 132 0 69 104 0
          133 138 0 134 138 0
          71 106 0 7 59 0
          24 66 0 61 131 0
          49 36 0 15 63 0
          110 144 0 39 40 0
          64 132 0 14 65 0
          90 29 0 23 65 0
          50 117 0 125 143 0
          113 149 0 76 127 0
          40 43 0 6 66 0
          79 128 0 4 127 0
          78 0 0 73 128 0
          6 125 0 77 0 0
          67 64 0 13 135 0
          71 105 0 48 139 0
          102 114 0 62 132 0
          137 21 0 53 41 0
          59 39 0 4 62 0
          9 77 0 40 107 0
          8 81 0 82 156 0
          8 108 0 38 52 0
          58 45 0 59 38 0
          104 115 0 105 154 0
          33 51 0 54 42 0
          15 145 0 71 14 0
          44 112 0 7 110 0
          8 109 0 91 134 0
          53 42 0 63 62 0
          125 144 0 87 4 0
          106 155 0 66 130 0
          69 44 0 71 13 0
          70 43 0 44 47 0
          61 124 0 42 54 0
          71 130 0 0 132 0
          75 138 0 4 86 0
          72 129 0 72 130 0
          7 79 0 82 5 0
          86 141 0 24 115 0
          71 141 0 4 85 0
          27 123 0 81 145 0
          0 71 0 32 61 0
          7 72 0 79 9 0
          159 43 0 61 61 0
          5 73 0 10 147 0
          1 71 0 21 137 0
          45 110 0 6 128 0
          115 113 0 53 43 0
          61 62 0 0 145 0
          56 37 0 57 37 0
          31 67 0 3 71 0
          65 62 0 36 71 0
          5 128 0 105 155 0
          58 42 0 117 114 0
          64 131 0 84 4 0
          19 102 0 64 38 0
          40 53 0 32 62 0
          24 143 0 9 147 0
          97 119 0 20 138 0
          63 38 0 10 73 0
          9 73 0 16 99 0
          11 74 0 65 39 0
          12 146 0 7 140 0
          66 126 0 108 146 0
          11 73 0 30 52 0
          35 66 0 41 134 0
          103 139 0 1 146 0
          124 139 0 109 155 0
          74 16 0 72 137 0
          16 107 0 35 65 0
          64 39 0 33 66 0
          0 88 0 124 138 0
          74 23 0 12 100 0
          93 130 0 75 16 0
          68 130 0 94 151 0
          81 6 0 73 138 0
          98 159 0 24 96 0
          88 146 0 0 87 0
          56 129 0 57 130 0
          73 15 0 105 146 0
          82 16 0 93 148 0
          85 126 0 97 125 0
          58 130 0 69 148 0
          22 100 0 17 147 0
          5 103 0 66 47 0
          76 9 0 21 101 0
          94 125 0 87 155 0
          95 125 0 56 130 0
          158 44 0 109 128 0
          31 55 0 93 126 0
          70 30 0 31 54 0
          38 67 0 7 129 0
          36 68 0 10 103 0
          38 68 0 30 74 0
          68 37 0 27 122 0
          15 72 0 102 133 0
          96 153 0 14 73 0
          22 92 0 73 139 0
          71 33 0 30 78 0
          11 102 0 64 125 0
          66 150 0 32 57 0
          67 38 0 32 56 0
          67 127 0 84 144 0
          98 148 0 17 101 0
          10 104 0 71 31 0
          24 139 0 48 127 0
          110 129 0 88 152 0
          67 149 0 23 139 0
          70 22 0 105 122 0
          71 22 0 37 80 0
          43 137 0 33 130 0
          110 128 0 84 146 0
          70 35 0 12 110 0
          63 43 0 0 143 0
          97 134 0 82 147 0
          62 141 0 30 151 0
          6 103 0 75 20 0
          8 134 0 99 148 0
          102 156 0 72 148 0
          26 150 0 68 47 0
          9 134 0 44 138 0
          56 157 0 96 134 0
          71 135 0 24 88 0
          33 90 0 90 151 0
          62 43 0 29 76 0
          57 140 0 92 150 0
          22 98 0 18 145 0
          19 97 0 18 97 0
          15 137 0 71 136 0
          91 147 0 69 145 0
          43 65 0 105 121 0
          30 136 0 42 136 0
          14 102 0 30 134 0
          32 135 0 33 86 0
          45 64 0 56 139 0
          31 135 0 23 93 0
          35 131 0 29 136 0
          96 143 0 27 85 0
          34 87 0 34 86 0
          32 85 0 100 152 0
          99 152 0 82 26 0
          34 88 0 115 143 0
          33 85 0 20 146 0
          31 134 0 23 86 0
          24 86 0 114 143 0
          29 150 0 66 141 0
          9 90 0 58 158 0
          52 126 0 97 143 0
          44 65 0 21 87 0
          60 140 0 29 71 0
          4 113 0 26 86 0
          26 83 0 58 157 0
          34 79 0 21 149 0
          46 62 0 9 89 0
          0 108 0 26 82 0
          29 83 0 35 130 0
          22 90 0 82 28 0
          29 157 0 30 130 0
          0 94 0 30 93 0
          0 93 0 81 23 0
          0 120 0 17 77 0
          45 155 0 20 73 0
          37 153 0 82 22 0
          93 141 0 33 159 0
          42 155 0 7 132 0
          36 83 0 22 88 0
          22 149 0 14 77 0
          108 135 0 21 75 0
          22 72 0 5 111 0
          0 112 0 21 147 0
          17 94 0 114 129 0
          98 130 0 17 95 0
          13 78 0 92 145 0
          15 79 0 18 74 0
          15 77 0 22 78 0
          100 132 0 91 142 0
          44 155 0 19 74 0
          16 77 0 24 78 0
          98 129 0 11 93 0
          31 92 0 47 157 0
          1 113 0 39 132 0
          101 124 0 20 75 0
          18 85 0 18 86 0
          100 125 0 40 132 0
          13 152 0 7 159 0
          11 92 0 40 154 0
          14 153 0 31 158 0
          0 102 0 0 98 0
          27 105 0 0 97 0
          24 107 0 41 148 0
          49 157 0 1 104 0
          14 152 0 28 106 0
          58 147 0 105 134 0
          0 159 0 64 50 0
          2 117 0 8 94 0
          0 110 0 20 154 0
          59 148 0 8 93 0
          27 106 0 30 106 0
          60 154 0 43 86 0
          6 118 0 6 117 0
          22 154 0 4 159 0
          0 153 0 2 154 0
          26 107 0 38 147 0
          14 158 0 46 156 0
          50 145 0 5 157 0
          40 87 0 47 148 0
          5 121 0 6 155 0
          12 159 0 38 149 0
          39 149 0 0 154 0
          5 156 0 5 120 0
          65 49 0 5 155 0
          7 157 0 38 144 0
          38 148 0 38 126 0
          4 119 0 4 118 0
          39 151 0 39 157 0
          24 159 0 39 143 0
          47 145 0 49 144 0
          50 144 0 48 144 0
          36 127 0 17 152 0
          25 159 0 12 155 0
          20 158 0 45 149 0
          41 93 0 18 157 0
          40 92 0 52 142 0
          54 134 0 53 135 0
          52 65 0
          <InformationKey name="L2_NORM_RANGE" location="vtkDataArray" length="2">
            <Value index="0">
              2.2360679775
            </Value>
            <Value index="1">
              222.73975846
            </Value>
          </InformationKey>
        </DataArray>
      </Points>
      <Cells>
        <DataArray type="Int64" Name="connectivity" format="ascii" RangeMin="0" RangeMax="1630">
          0 1 2 3 4 5
          6 7 8 9 10 11
          12 13 14 15 16 17
          18 19 20 21 22 23
          24 25 26 27 28 29
          30 31 32 33 34 35
          36 37 38 39 40 41
          42 43 44 45 46 47
          48 49 50 51 52 53
          54 55 56 57 58 59
          60 61 62 63 64 65
          66 67 68 69 70 71
          72 73 74 75 76 77
          78 79 80 81 82 83
          84 85 86 87 88 89
          90 91 92 93 94 95
          96 97 98 99 100 101
          102 103 104 105 106 107
          108 109 110 111 112 113
          114 115 116 117 118 119
          120 121 122 123 124 125
          126 127 128 129 130 131
          132 133 134 135 136 137
          138 139 140 141 142 143
          144 145 146 147 148 149
          150 151 152 153 154 155
          156 157 158 159 160 161
          162 163 164 165 166 167
          168 169 170 171 172 173
          174 175 176 177 178 179
          180 181 182 183 184 185
          186 187 188 189 190 191
          192 193 194 195 196 197
          198 199 200 201 202 203
          204 205 206 207 208 209
          210 211 212 213 214 215
          216 217 218 219 220 221
          222 223 224 225 226 227
          228 229 230 231 232 233
          234 235 236 237 238 239
          240 241 242 243 244 245
          246 247 248 249 250 251
          252 253 254 255 256 257
          258 259 260 261 262 263
          264 265 266 267 268 269
          270 271 272 273 274 275
          276 277 278 279 280 281
          282 283 284 285 286 287
          288 289 290 291 292 293
          294 295 296 297 298 299
          300 301 302 303 304 305
          306 307 308 309 310 311
          312 313 314 315 316 317
          318 319 320 321 322 323
          324 325 326 327 328 329
          330 331 332 333 334 335
          336 337 338 339 340 341
          342 343 344 345 346 347
          348 349 350 351 352 353
          354 355 356 357 358 359
          360 361 362 363 364 365
          366 367 368 369 370 371
          372 373 374 375 376 377
          378 379 380 381 382 383
          384 385 386 387 388 389
          390 391 392 393 394 395
          396 397 398 399 400 401
          402 403 404 405 406 407
          408 409 410 411 412 413
          414 415 416 417 418 419
          420 421 422 423 424 425
          426 427 428 429 430 431
          432 433 434 435 436 437
          438 439 440 441 442 443
          444 445 446 447 448 449
          450 451 452 453 454 455
          456 457 458 459 460 461
          462 463 464 465 466 467
          468 469 470 471 472 473
          474 475 476 477 478 479
          480 481 482 483 484 485
          486 487 488 489 490 491
          492 493 494 495 496 497
          498 499 500 501 502 503
          504 505 506 507 508 509
          510 511 512 513 514 515
          516 517 518 519 520 521
          522 523 524 525 526 527
          528 529 530 531 532 533
          534 535 536 537 538 539
          540 541 542 543 544 545
          546 547 548 549 550 551
          552 553 554 555 556 557
          558 559 560 561 562 563
          564 565 566 567 568 569
          570 571 572 573 574 575
          576 577 578 579 580 581
          582 583 584 585 586 587
          588 589 590 591 592 593
          594 595 596 597 598 599
          600 601 602 603 604 605
          606 607 608 609 610 611
          612 613 614 615 616 617
          618 619 620 621 622 623
          624 625 626 627 628 629
          630 631 632 633 634 635
          636 637 638 639 640 641
          642 643 644 645 646 647
          648 649 650 651 652 653
          654 655 656 657 658 659
          660 661 662 663 664 665
          666 667 668 669 670 671
          672 673 674 675 676 677
          678 679 680 681 682 683
          684 685 686 687 688 689
          690 691 692 693 694 695
          696 697 698 699 700 701
          702 703 704 705 706 707
          708 709 710 711 712 713
          714 715 716 717 718 719
          720 721 722 723 724 725
          726 727 728 729 730 731
          732 733 734 735 736 737
          738 739 740 741 742 743
          744 745 746 747 748 749
          750 751 752 753 754 755
          756 757 758 759 760 761
          762 763 764 765 766 767
          768 769 770 771 772 773
          774 775 776 777 778 779
          780 781 782 783 784 785
          786 787 788 789 790 791
          792 793 794 795 796 797
          798 799 800 801 802 803
          804 805 806 807 808 809
          810 811 812 813 814 815
          816 817 818 819 820 821
          822 823 824 825 826 827
          828 829 830 831 832 833
          834 835 836 837 838 839
          840 841 842 843 844 845
          846 847 848 849 850 851
          852 853 854 855 856 857
          858 859 860 861 862 863
          864 865 866 867 868 869
          870 871 872 873 874 875
          876 877 878 879 880 881
          882 883 884 885 886 887
          888 889 890 891 892 893
          894 895 896 897 898 899
          900 901 902 903 904 905
          906 907 908 909 910 911
          912 913 914 915 916 917
          918 919 920 921 922 923
          924 925 926 927 928 929
          930 931 932 933 934 935
          936 937 938 939 940 941
          942 943 944 945 946 947
          948 949 950 951 952 953
          954 955 956 957 958 959
          960 961 962 963 964 965
          966 967 968 969 970 971
          972 973 974 975 976 977
          978 979 980 981 982 983
          984 985 986 987 988 989
          990 991 992 993 994 995
          996 997 998 999 1000 1001
          1002 1003 1004 1005 1006 1007
          1008 1009 1010 1011 1012 1013
          1014 1015 1016 1017 1018 1019
          1020 1021 1022 1023 1024 1025
          1026 1027 1028 1029 1030 1031
          1032 1033 1034 1035 1036 1037
          1038 1039 1040 1041 1042 1043
          1044 1045 1046 1047 1048 1049
          1050 1051 1052 1053 1054 1055
          1056 1057 1058 1059 1060 1061
          1062 1063 1064 1065 1066 1067
          1068 1069 1070 1071 1072 1073
          1074 1075 1076 1077 1078 1079
          1080 1081 1082 1083 1084 1085
          1086 1087 1088 1089 1090 1091
          1092 1093 1094 1095 1096 1097
          1098 1099 1100 1101 1102 1103
          1104 1105 1106 1107 1108 1109
          1110 1111 1112 1113 1114 1115
          1116 1117 1118 1119 1120 1121
          1122 1123 1124 1125 1126 1127
          1128 1129 1130 1131 1132 1133
          1134 1135 1136 1137 1138 1139
          1140 1141 1142 1143 1144 1145
          1146 1147 1148 1149 1150 1151
          1152 1153 1154 1155 1156 1157
          1158 1159 1160 1161 1162 1163
          1164 1165 1166 1167 1168 1169
          1170 1171 1172 1173 1174 1175
          1176 1177 1178 1179 1180 1181
          1182 1183 1184 1185 1186 1187
          1188 1189 1190 1191 1192 1193
          1194 1195 1196 1197 1198 1199
          1200 1201 1202 1203 1204 1205
          1206 1207 1208 1209 1210 1211
          1212 1213 1214 1215 1216 1217
          1218 1219 1220 1221 1222 1223
          1224 1225 1226 1227 1228 1229
          1230 1231 1232 1233 1234 1235
          1236 1237 1238 1239 1240 1241
          1242 1243 1244 1245 1246 1247
          1248 1249 1250 1251 1252 1253
          1254 1255 1256 1257 1258 1259
          1260 1261 1262 1263 1264 1265
          1266 1267 1268 1269 1270 1271
          1272 1273 1274 1275 1276 1277
          1278 1279 1280 1281 1282 1283
          1284 1285 1286 1287 1288 1289
          1290 1291 1292 1293 1294 1295
          1296 1297 1298 1299 1300 1301
          1302 1303 1304 1305 1306 1307
          1308 1309 1310 1311 1312 1313
          1314 1315 1316 1317 1318 1319
          1320 1321 1322 1323 1324 1325
          1326 1327 1328 1329 1330 1331
          1332 1333 1334 1335 1336 1337
          1338 1339 1340 1341 1342 1343
          1344 1345 1346 1347 1348 1349
          1350 1351 1352 1353 1354 1355
          1356 1357 1358 1359 1360 1361
          1362 1363 1364 1365 1366 1367
          1368 1369 1370 1371 1372 1373
          1374 1375 1376 1377 1378 1379
          1380 1381 1382 1383 1384 1385
          1386 1387 1388 1389 1390 1391
          1392 1393 1394 1395 1396 1397
          1398 1399 1400 1401 1402 1403
          1404 1405 1406 1407 1408 1409
          1410 1411 1412 1413 1414 1415
          1416 1417 1418 1419 1420 1421
          1422 1423 1424 1425 1426 1427
          1428 1429 1430 1431 1432 1433
          1434 1435 1436 1437 1438 1439
          1440 1441 1442 1443 1444 1445
          1446 1447 1448 1449 1450 1451
          1452 1453 1454 1455 1456 1457
          1458 1459 1460 1461 1462 1463
          1464 1465 1466 1467 1468 1469
          1470 1471 1472 1473 1474 1475
          1476 1477 1478 1479 1480 1481
          1482 1483 1484 1485 1486 1487
          1488 1489 1490 1491 1492 1493
          1494 1495 1496 1497 1498 1499
          1500 1501 1502 1503 1504 1505
          1506 1507 1508 1509 1510 1511
          1512 1513 1514 1515 1516 1517
          1518 1519 1520 1521 1522 1523
          1524 1525 1526 1527 1528 1529
          1530 1531 1532 1533 1534 1535
          1536 1537 1538 1539 1540 1541
          1542 1543 1544 1545 1546 1547
          1548 1549 1550 1551 1552 1553
          1554 1555 1556 1557 1558 1559
          1560 1561 1562 1563 1564 1565
          1566 1567 1568 1569 1570 1571
          1572 1573 1574 1575 1576 1577
          1578 1579 1580 1581 1582 1583
          1584 1585 1586 1587 1588 1589
          1590 1591 1592 1593 1594 1595
          1596 1597 1598 1599 1600 1601
          1602 1603 1604 1605 1606 1607
          1608 1609 1610 1611 1612 1613
          1614 1615 1616 1617 1618 1619
          1620 1621 1622 1623 1624 1625
          1626 1627 1628 1629 1630
        </DataArray>
        <DataArray type="Int64" Name="offsets" format="ascii" RangeMin="1" RangeMax="1631">
          1 2 3 4 5 6
          7 8 9 10 11 12
          13 14 15 16 17 18
          19 20 21 22 23 24
          25 26 27 28 29 30
          31 32 33 34 35 36
          37 38 39 40 41 42
          43 44 45 46 47 48
          49 50 51 52 53 54
          55 56 57 58 59 60
          61 62 63 64 65 66
          67 68 69 70 71 72
          73 74 75 76 77 78
          79 80 81 82 83 84
          85 86 87 88 89 90
          91 92 93 94 95 96
          97 98 99 100 101 102
          103 104 105 106 107 108
          109 110 111 112 113 114
          115 116 117 118 119 120
          121 122 123 124 125 126
          127 128 129 130 131 132
          133 134 135 136 137 138
          139 140 141 142 143 144
          145 146 147 148 149 150
          151 152 153 154 155 156
          157 158 159 160 161 162
          163 164 165 166 167 168
          169 170 171 172 173 174
          175 176 177 178 179 180
          181 182 183 184 185 186
          187 188 189 190 191 192
          193 194 195 196 197 198
          199 200 201 202 203 204
          205 206 207 208 209 210
          211 212 213 214 215 216
          217 218 219 220 221 222
          223 224 225 226 227 228
          229 230 231 232 233 234
          235 236 237 238 239 240
          241 242 243 244 245 246
          247 248 249 250 251 252
          253 254 255 256 257 258
          259 260 261 262 263 264
          265 266 267 268 269 270
          271 272 273 274 275 276
          277 278 279 280 281 282
          283 284 285 286 287 288
          289 290 291 292 293 294
          295 296 297 298 299 300
          301 302 303 304 305 306
          307 308 309 310 311 312
          313 314 315 316 317 318
          319 320 321 322 323 324
          325 326 327 328 329 330
          331 332 333 334 335 336
          337 338 339 340 341 342
          343 344 345 346 347 348
          349 350 351 352 353 354
          355 356 357 358 359 360
          361 362 363 364 365 366
          367 368 369 370 371 372
          373 374 375 376 377 378
          379 380 381 382 383 384
          385 386 387 388 389 390
          391 392 393 394 395 396
          397 398 399 400 401 402
          403 404 405 406 407 408
          409 410 411 412 413 414
          415 416 417 418 419 420
          421 422 423 424 425 426
          427 428 429 430 431 432
          433 434 435 436 437 438
          439 440 441 442 443 444
          445 446 447 448 449 450
          451 452 453 454 455 456
          457 458 459 460 461 462
          463 464 465 466 467 468
          469 470 471 472 473 474
          475 476 477 478 479 480
          481 482 483 484 485 486
          487 488 489 490 491 492
          493 494 495 496 497 498
          499 500 501 502 503 504
          505 506 507 508 509 510
          511 512 513 514 515 516
          517 518 519 520 521 522
          523 524 525 526 527 528
          529 530 531 532 533 534
          535 536 537 538 539 540
          541 542 543 544 545 546
          547 548 549 550 551 552
          553 554 555 556 557 558
          559 560 561 562 563 564
          565 566 567 568 569 570
          571 572 573 574 575 576
          577 578 579 580 581 582
          583 584 585 586 587 588
          589 590 591 592 593 594
          595 596 597 598 599 600
          601 602 603 604 605 606
          607 608 609 610 611 612
          613 614 615 616 617 618
          619 620 621 622 623 624
          625 626 627 628 629 630
          631 632 633 634 635 636
          637 638 639 640 641 642
          643 644 645 646 647 648
          649 650 651 652 653 654
          655 656 657 658 659 660
          661 662 663 664 665 666
          667 668 669 670 671 672
          673 674 675 676 677 678
          679 680 681 682 683 684
          685 686 687 688 689 690
          691 692 693 694 695 696
          697 698 699 700 701 702
          703 704 705 706 707 708
          709 710 711 712 713 714
          715 716 717 718 719 720
          721 722 723 724 725 726
          727 728 729 730 731 732
          733 734 735 736 737 738
          739 740 741 742 743 744
          745 746 747 748 749 750
          751 752 753 754 755 756
          757 758 759 760 761 762
          763 764 765 766 767 768
          769 770 771 772 773 774
          775 776 777 778 779 780
          781 782 783 784 785 786
          787 788 789 790 791 792
          793 794 795 796 797 798
          799 800 801 802 803 804
          805 806 807 808 809 810
          811 812 813 814 815 816
          817 818 819 820 821 822
          823 824 825 826 827 828
          829 830 831 832 833 834
          835 836 837 838 839 840
          841 842 843 844 845 846
          847 848 849 850 851 852
          853 854 855 856 857 858
          859 860 861 862 863 864
          865 866 867 868 869 870
          871 872 873 874 875 876
          877 878 879 880 881 882
          883 884 885 886 887 888
          889 890 891 892 893 894
          895 896 897 898 899 900
          901 902 903 904 905 906
          907 908 909 910 911 912
          913 914 915 916 917 918
          919 920 921 922 923 924
          925 926 927 928 929 930
          931 932 933 934 935 936
          937 938 939 940 941 942
          943 944 945 946 947 948
          949 950 951 952 953 954
          955 956 957 958 959 960
          961 962 963 964 965 966
          967 968 969 970 971 972
          973 974 975 976 977 978
          979 980 981 982 983 984
          985 986 987 988 989 990
          991 992 993 994 995 996
          997 998 999 1000 1001 1002
          1003 1004 1005 1006 1007 1008
          1009 1010 1011 1012 1013 1014
          1015 1016 1017 1018 1019 1020
          1021 1022 1023 1024 1025 1026
          1027 1028 1029 1030 1031 1032
          1033 1034 1035 1036 1037 1038
          1039 1040 1041 1042 1043 1044
          1045 1046 1047 1048 1049 1050
          1051 1052 1053 1054 1055 1056
          1057 1058 1059 1060 1061 1062
          1063 1064 1065 1066 1067 1068
          1069 1070 1071 1072 1073 1074
          1075 1076 1077 1078 1079 1080
          1081 1082 1083 1084 1085 1086
          1087 1088 1089 1090 1091 1092
          1093 1094 1095 1096 1097 1098
          1099 1100 1101 1102 1103 1104
          1105 1106 1107 1108 1109 1110
          1111 1112 1113 1114 1115 1116
          1117 1118 1119 1120 1121 1122
          1123 1124 1125 1126 1127 1128
          1129 1130 1131 1132 1133 1134
          1135 1136 1137 1138 1139 1140
          1141 1142 1143 1144 1145 1146
          1147 1148 1149 1150 1151 1152
          1153 1154 1155 1156 1157 1158
          1159 1160 1161 1162 1163 1164
          1165 1166 1167 1168 1169 1170
          1171 1172 1173 1174 1175 1176
          1177 1178 1179 1180 1181 1182
          1183 1184 1185 1186 1187 1188
          1189 1190 1191 1192 1193 1194
          1195 1196 1197 1198 1199 1200
          1201 1202 1203 1204 1205 1206
          1207 1208 1209 1210 1211 1212
          1213 1214 1215 1216 1217 1218
          1219 1220 1221 1222 1223 1224
          1225 1226 1227 1228 1229 1230
          1231 1232 1233 1234 1235 1236
          1237 1238 1239 1240 1241 1242
          1243 1244 1245 1246 1247 1248
          1249 1250 1251 1252 1253 1254
          1255 1256 1257 1258 1259 1260
          1261 1262 1263 1264 1265 1266
          1267 1268 1269 1270 1271 1272
          1273 1274 1275 1276 1277 1278
          1279 1280 1281 1282 1283 1284
          1285 1286 1287 1288 1289 1290
          1291 1292 1293 1294 1295 1296
          1297 1298 1299 1300 1301 1302
          1303 1304 1305 1306 1307 1308
          1309 1310 1311 1312 1313 1314
          1315 1316 1317 1318 1319 1320
          1321 1322 1323 1324 1325 1326
          1327 1328 1329 1330 1331 1332
          1333 1334 1335 1336 1337 1338
          1339 1340 1341 1342 1343 1344
          1345 1346 1347 1348 1349 1350
          1351 1352 1353 1354 1355 1356
          1357 1358 1359 1360 1361 1362
          1363 1364 1365 1366 1367 1368
          1369 1370 1371 1372 1373 1374
          1375 1376 1377 1378 1379 1380
          1381 1382 1383 1384 1385 1386
          1387 1388 1389 1390 1391 1392
          1393 1394 1395 1396 1397 1398
          1399 1400 1401 1402 1403 1404
          1405 1406 1407 1408 1409 1410
          1411 1412 1413 1414 1415 1416
          1417 1418 1419 1420 1421 1422
          1423 1424 1425 1426 1427 1428
          1429 1430 1431 1432 1433 1434
          1435 1436 1437 1438 1439 1440
          1441 1442 1443 1444 1445 1446
          1447 1448 1449 1450 1451 1452
          1453 1454 1455 1456 1457 1458
          1459 1460 1461 1462 1463 1464
          1465 1466 1467 1468 1469 1470
          1471 1472 1473 1474 1475 1476
          1477 1478 1479 1480 1481 1482
          1483 1484 1485 1486 1487 1488
          1489 1490 1491 1492 1493 1494
          1495 1496 1497 1498 1499 1500
          1501 1502 1503 1504 1505 1506
          1507 1508 1509 1510 1511 1512
          1513 1514 1515 1516 1517 1518
          1519 1520 1521 1522 1523 1524
          1525 1526 1527 1528 1529 1530
          1531 1532 1533 1534 1535 1536
          1537 1538 1539 1540 1541 1542
          1543 1544 1545 1546 1547 1548
          1549 1550 1551 1552 1553 1554
          1555 1556 1557 1558 1559 1560
          1561 1562 1563 1564 1565 1566
          1567 1568 1569 1570 1571 1572
          1573 1574 1575 1576 1577 1578
          1579 1580 1581 1582 1583 1584
          1585 1586 1587 1588 1589 1590
          1591 1592 1593 1594 1595 1596
          1597 1598 1599 1600 1601 1602
          1603 1604 1605 1606 1607 1608
          1609 1610 1611 1612 1613 1614
          1615 1616 1617 1618 1619 1620
          1621 1622 1623 1624 1625 1626
          1627 1628 1629 1630 1631
        </DataArray>
        <DataArray type="UInt8" Name="types" format="ascii" RangeMin="1" RangeMax="1">
          1 1 1 1 1 1
          1 1 1 1 1 1
          1 1 1 1 1 1
          1 1 1 1 1 1
          1 1 1 1 1 1
          1 1 1 1 1 1
          1 1 1 1 1 1
          1 1 1 1 1 1
          1 1 1 1 1 1
          1 1 1 1 1 1
          1 1 1 1 1 1
          1 1 1 1 1 1
          1 1 1 1 1 1
          1 1 1 1 1 1
          1 1 1 1 1 1
          1 1 1 1 1 1
          1 1 1 1 1 1
          1 1 1 1 1 1
          1 1 1 1 1 1
          1 1 1 1 1 1
          1 1 1 1 1 1
          1 1 1 1 1 1
          1 1 1 1 1 1
          1 1 1 1 1 1
          1 1 1 1 1 1
          1 1 1 1 1 1
          1 1 1 1 1 1
          1 1 1 1 1 1
          1 1 1 1 1 1
          1 1 1 1 1 1
          1 1 1 1 1 1
          1 1 1 1 1 1
          1 1 1 1 1 1
          1 1 1 1 1 1
          1 1 1 1 1 1
          1 1 1 1 1 1
          1 1 1 1 1 1
          1 1 1 1 1 1
          1 1 1 1 1 1
          1 1 1 1 1 1
          1 1 1 1 1 1
          1 1 1 1 1 1
          1 1 1 1 1 1
          1 1 1 1 1 1
          1 1 1 1 1 1
          1 1 1 1 1 1
          1 1 1 1 1 1
          1 1 1 1 1 1
          1 1 1 1 1 1
          1 1 1 1 1 1
          1 1 1 1 1 1
          1 1 1 1 1 1
          1 1 1 1 1 1
          1 1 1 1 1 1
          1 1 1 1 1 1
          1 1 1 1 1 1
          1 1 1 1 1 1
          1 1 1 1 1 1
          1 1 1 1 1 1
          1 1 1 1 1 1
          1 1 1 1 1 1
          1 1 1 1 1 1
          1 1 1 1 1 1
          1 1 1 1 1 1
          1 1 1 1 1 1
          1 1 1 1 1 1
          1 1 1 1 1 1
          1 1 1 1 1 1
          1 1 1 1 1 1
          1 1 1 1 1 1
          1 1 1 1 1 1
          1 1 1 1 1 1
          1 1 1 1 1 1
          1 1 1 1 1 1
          1 1 1 1 1 1
          1 1 1 1 1 1
          1 1 1 1 1 1
          1 1 1 1 1 1
          1 1 1 1 1 1
          1 1 1 1 1 1
          1 1 1 1 1 1
          1 1 1 1 1 1
          1 1 1 1 1 1
          1 1 1 1 1 1
          1 1 1 1 1 1
          1 1 1 1 1 1
          1 1 1 1 1 1
          1 1 1 1 1 1
          1 1 1 1 1 1
          1 1 1 1 1 1
          1 1 1 1 1 1
          1 1 1 1 1 1
          1 1 1 1 1 1
          1 1 1 1 1 1
          1 1 1 1 1 1
          1 1 1 1 1 1
          1 1 1 1 1 1
          1 1 1 1 1 1
          1 1 1 1 1 1
          1 1 1 1 1 1
          1 1 1 1 1 1
          1 1 1 1 1 1
          1 1 1 1 1 1
          1 1 1 1 1 1
          1 1 1 1 1 1
          1 1 1 1 1 1
          1 1 1 1 1 1
          1 1 1 1 1 1
          1 1 1 1 1 1
          1 1 1 1 1 1
          1 1 1 1 1 1
          1 1 1 1 1 1
          1 1 1 1 1 1
          1 1 1 1 1 1
          1 1 1 1 1 1
          1 1 1 1 1 1
          1 1 1 1 1 1
          1 1 1 1 1 1
          1 1 1 1 1 1
          1 1 1 1 1 1
          1 1 1 1 1 1
          1 1 1 1 1 1
          1 1 1 1 1 1
          1 1 1 1 1 1
          1 1 1 1 1 1
          1 1 1 1 1 1
          1 1 1 1 1 1
          1 1 1 1 1 1
          1 1 1 1 1 1
          1 1 1 1 1 1
          1 1 1 1 1 1
          1 1 1 1 1 1
          1 1 1 1 1 1
          1 1 1 1 1 1
          1 1 1 1 1 1
          1 1 1 1 1 1
          1 1 1 1 1 1
          1 1 1 1 1 1
          1 1 1 1 1 1
          1 1 1 1 1 1
          1 1 1 1 1 1
          1 1 1 1 1 1
          1 1 1 1 1 1
          1 1 1 1 1 1
          1 1 1 1 1 1
          1 1 1 1 1 1
          1 1 1 1 1 1
          1 1 1 1 1 1
          1 1 1 1 1 1
          1 1 1 1 1 1
          1 1 1 1 1 1
          1 1 1 1 1 1
          1 1 1 1 1 1
          1 1 1 1 1 1
          1 1 1 1 1 1
          1 1 1 1 1 1
          1 1 1 1 1 1
          1 1 1 1 1 1
          1 1 1 1 1 1
          1 1 1 1 1 1
          1 1 1 1 1 1
          1 1 1 1 1 1
          1 1 1 1 1 1
          1 1 1 1 1 1
          1 1 1 1 1 1
          1 1 1 1 1 1
          1 1 1 1 1 1
          1 1 1 1 1 1
          1 1 1 1 1 1
          1 1 1 1 1 1
          1 1 1 1 1 1
          1 1 1 1 1 1
          1 1 1 1 1 1
          1 1 1 1 1 1
          1 1 1 1 1 1
          1 1 1 1 1 1
          1 1 1 1 1 1
          1 1 1 1 1 1
          1 1 1 1 1 1
          1 1 1 1 1 1
          1 1 1 1 1 1
          1 1 1 1 1 1
          1 1 1 1 1 1
          1 1 1 1 1 1
          1 1 1 1 1 1
          1 1 1 1 1 1
          1 1 1 1 1 1
          1 1 1 1 1 1
          1 1 1 1 1 1
          1 1 1 1 1 1
          1 1 1 1 1 1
          1 1 1 1 1 1
          1 1 1 1 1 1
          1 1 1 1 1 1
          1 1 1 1 1 1
          1 1 1 1 1 1
          1 1 1 1 1 1
          1 1 1 1 1 1
          1 1 1 1 1 1
          1 1 1 1 1 1
          1 1 1 1 1 1
          1 1 1 1 1 1
          1 1 1 1 1 1
          1 1 1 1 1 1
          1 1 1 1 1 1
          1 1 1 1 1 1
          1 1 1 1 1 1
          1 1 1 1 1 1
          1 1 1 1 1 1
          1 1 1 1 1 1
          1 1 1 1 1 1
          1 1 1 1 1 1
          1 1 1 1 1 1
          1 1 1 1 1 1
          1 1 1 1 1 1
          1 1 1 1 1 1
          1 1 1 1 1 1
          1 1 1 1 1 1
          1 1 1 1 1 1
          1 1 1 1 1 1
          1 1 1 1 1 1
          1 1 1 1 1 1
          1 1 1 1 1 1
          1 1 1 1 1 1
          1 1 1 1 1 1
          1 1 1 1 1 1
          1 1 1 1 1 1
          1 1 1 1 1 1
          1 1 1 1 1 1
          1 1 1 1 1 1
          1 1 1 1 1 1
          1 1 1 1 1 1
          1 1 1 1 1 1
          1 1 1 1 1 1
          1 1 1 1 1 1
          1 1 1 1 1 1
          1 1 1 1 1 1
          1 1 1 1 1 1
          1 1 1 1 1 1
          1 1 1 1 1 1
          1 1 1 1 1 1
          1 1 1 1 1 1
          1 1 1 1 1 1
          1 1 1 1 1 1
          1 1 1 1 1 1
          1 1 1 1 1 1
          1 1 1 1 1 1
          1 1 1 1 1 1
          1 1 1 1 1 1
          1 1 1 1 1 1
          1 1 1 1 1 1
          1 1 1 1 1 1
          1 1 1 1 1 1
          1 1 1 1 1 1
          1 1 1 1 1 1
          1 1 1 1 1 1
          1 1 1 1 1 1
          1 1 1 1 1 1
          1 1 1 1 1 1
          1 1 1 1 1 1
          1 1 1 1 1 1
          1 1 1 1 1 1
          1 1 1 1 1 1
          1 1 1 1 1 1
          1 1 1 1 1 1
          1 1 1 1 1 1
          1 1 1 1 1 1
          1 1 1 1 1 1
          1 1 1 1 1 1
          1 1 1 1 1 1
          1 1 1 1 1 1
          1 1 1 1 1
        </DataArray>
      </Cells>
    </Piece>
  </UnstructuredGrid>
</VTKFile>
