<VTKFile type="UnstructuredGrid" version="0.1" byte_order="LittleEndian" header_type="UInt32" compressor="vtkZLibDataCompressor">
  <UnstructuredGrid>
    <Piece NumberOfPoints="1405" NumberOfCells="1404">
      <PointData>
        <DataArray type="Float32" Name="Scalar" format="ascii" RangeMin="0.946075439453125" RangeMax="8.740501403808594">
          0.94607544 1.78228 0.976593 1.8982544 1.3428116 1.8402634
          1.3977509 1.4618378 1.4435272 1.4984589 1.4954071 2.340767
          1.5259247 1.6357956 2.105774 1.6418991 2.337715 1.7029343
          1.8524704 1.7395554 1.7517624 1.7426071 1.7487106 1.7487106
          2.0386353 1.7670212 1.7975388 1.7761765 1.8433151 1.9959106
          1.8463669 2.0599976 1.8494186 2.0111694 1.8555222 1.9562378
          1.9379274 1.9592896 2.240059 1.965393 2.0416868 1.9837036
          2.02948 2.8168564 2.1942825 2.240059 2.0508423 2.783287
          2.0966187 3.0091248 2.4262238 2.1088257 2.2186966 2.1332474
          2.82296 2.1454544 2.6490097 2.1546097 2.694786 2.1637647
          2.6215363 2.175972 2.5208282 2.188179 2.2156446 2.1912305
          2.200386 2.2339554 2.2034378 2.2064896 2.3285599 2.2095413
          2.2095413 2.2858353 2.2217484 2.243111 2.2309036 2.2309036
          2.3773956 2.2339554 2.288887 2.2370071 2.4384308 2.3926547
          2.3834991 2.2431107 2.4720001 2.2919388 2.2522662 2.2583694
          2.3896027 2.2614212 2.5910187 2.2705765 2.2705765 3.2227554
          2.27668 2.658165 2.2827835 2.2858353 2.288887 2.313301
          2.4689484 2.3102493 2.2949905 2.398758 2.2949905 2.3041456
          2.3071976 2.6093292 2.3102493 2.5666046 2.4323273 2.6154327
          2.3377151 2.7863388 2.3377151 2.758873 2.5025177 2.3468704
          2.6978378 2.3682327 2.3712845 2.4506378 2.3712845 2.4079132
          2.3712845 2.4323273 2.386551 2.3834991 2.5818634 2.386551
          3.0762634 2.3957062 2.4475858 2.4079132 2.410965 2.4262238
          2.5025177 2.459793 2.4384308 2.4842072 2.4384308 2.4445345
          2.4842072 2.5666046 2.4506378 2.6978378 2.4567413 2.6306992
          2.4567413 2.7283554 2.4658966 2.459793 2.459793 3.0152283
          2.459793 2.4720001 2.4811554 2.847374 2.4781036 2.8382187
          2.5849152 2.487259 2.4903107 2.4903107 2.795494 2.4964142
          2.7436142 2.499466 2.6184845 2.499466 2.8199081 2.5025177
          2.6764755 2.5055695 2.9480896 2.5055695 3.0243835 2.5086212
          2.511673 2.511673 2.9328308 2.5269318 2.5330353 2.5635529
          2.5421906 2.8778992 2.5421906 2.6490097 2.5452423 2.8321152
          2.5513458 2.5513458 2.7283554 2.5574493 2.5574493 2.7863388
          2.6154327 2.8321152 2.5666046 3.2746353 2.5788116 2.6429062
          2.5788116 2.5788116 2.7893906 2.5818634 2.5818634 2.7771835
          2.5940704 2.8840027 2.5971222 2.6032257 2.7008896 2.673424
          2.6184845 2.9358826 2.7192 2.6245956 2.6276474 2.8290634
          2.6276474 2.6306992 2.6368027 2.7497177 2.645958 2.645958
          2.9084167 2.893158 2.7283552 2.6642685 3.1952899 2.6673203
          2.6734238 2.6673203 2.6734238 2.835167 2.6734238 2.871788
          2.6734238 2.6734238 2.746666 2.6734238 2.893158 2.6764755
          2.7161484 2.682579 2.7283554 2.682579 2.6856308 2.893158
          2.6856308 2.795494 2.6886826 2.6917343 2.694786 2.7863388
          2.7008896 2.7039413 2.9877625 2.7039413 2.7192001 2.7527695
          2.7192001 2.8260117 2.7192001 2.7893906 3.1495132 2.9633484
          2.734459 2.7375107 2.8962097 2.8565292 2.7527695 2.8412704
          2.7527695 2.9328308 2.8382187 2.7619247 2.795494 2.7619247
          3.1373062 2.7649765 2.77108 2.9389343 2.77108 2.9908142
          2.7741318 2.917572 2.7741318 3.204445 2.7771835 2.8565292
          2.7771835 3.2441177 2.7771835 2.9664001 2.7802353 2.7802353
          3.424179 2.7924423 2.783287 2.7893906 2.8656845 2.9236755
          2.8778992 2.7985458 3.5950775 2.8046494 2.8107529 2.871788
          2.8199081 2.8870544 2.8626328 2.8504257 2.954193 2.835167
          2.8778992 2.8412704 3.2013931 2.8412704 2.847374 2.9114685
          2.847374 2.905365 2.8565292 2.9511414 2.9664001 2.8565292
          2.8565292 2.8626328 3.006073 2.8687363 3.0610046 2.9450378
          2.871788 3.8026047 2.8778992 3.1037292 2.893158 2.917572
          3.0915222 3.0487976 2.8962097 2.905365 2.8962097 3.0549011
          2.8962097 3.0365906 2.8992615 2.8992615 3.2441177 2.9023132
          2.9114685 2.9023132 3.500473 2.9023132 3.1373062 2.9114685
          2.905365 3.0030212 3.057953 2.9084167 3.2868423 2.9114685
          2.9236755 2.9145203 3.1128845 2.9145203 2.917572 3.2136002
          2.954193 2.9206238 2.9267273 2.993866 2.9267273 2.9267273
          2.9755554 2.929779 2.929779 2.9358826 2.9328308 3.2074966
          3.0030212 3.0121765 2.941986 2.9969177 2.941986 2.954193
          2.9450378 3.0121765 2.9450378 3.0762634 2.9511414 2.954193
          3.253273 2.9572449 2.9602966 3.3692398 2.9602966 2.9602966
          3.1250992 3.277687 3.1983414 2.9755554 3.3906097 3.277687
          2.9908142 3.01828 2.9908142 3.1678238 2.993866 3.0243835
          2.9969177 2.9999695 3.305153 3.0030212 3.0152283 3.0030212
          3.0549011 3.0274353 3.0213318 3.0091248 3.0732117 3.0121765
          3.0121765 3.1312027 3.0793152 3.2929459 3.0121765 3.0152283
          3.128151 3.1342545 3.01828 3.228859 3.2074966 3.2258072
          3.0274353 3.0274353 3.0274353 3.030487 3.057953 3.0335388
          3.0335388 3.0335388 3.0365906 3.454697 3.0365906 3.5737152
          3.140358 3.0487976 3.0884707 3.0487976 3.3021011 3.0518491
          3.0610046 3.0549011 3.524887 3.0671082 3.057953 3.1220398
          3.2746353 3.1495132 3.0640564 3.0762637 3.0671082 3.1128845
          3.0762634 3.1739273 3.0793152 3.1434097 3.0793152 3.0854187
          3.6683273 3.0854187 3.1312027 3.0884705 3.1250992 3.0915222
          3.0976257 3.4608002 3.0976257 3.2990494 3.1006775 3.6194916
          3.1983414 3.1098328 3.1922379 3.1159363 3.176979 3.1159363
          3.1159363 3.2959976 3.118988 3.4913177 3.1220398 3.128151
          3.4821625 3.1952896 3.2929459 3.1586685 3.1586685 3.576767
          3.164772 3.164772 3.1739273 3.6439133 3.1800308 3.2197037
          3.1800308 3.2074966 3.1830826 3.2380142 3.1830826 3.241066
          3.1861343 3.189186 3.228859 3.1983414 3.4791107 3.2013931
          3.2227554 3.2013931 3.2074966 3.241066 3.253273 3.2074966
          3.6652756 3.2074966 3.2105484 3.2136002 3.7049484 3.216652
          3.2868423 3.2197037 3.2380142 3.2197037 3.5279388 3.2227554
          3.2258072 3.6683273 3.341774 3.6042328 3.2319107 3.537094
          3.2349625 3.2807388 3.2349625 3.6042328 3.2349625 3.3448257
          3.2380142 3.5859222 3.3112566 3.2441177 3.2441177 3.5615082
          3.3784027 3.2441177 3.3082047 3.2502213 3.8270187 3.2868423
          3.26548 3.2685318 3.5401459 3.2715836 3.2990494 3.329567
          3.277687 3.5065765 3.277687 3.2837906 3.4089203 3.399765
          3.2868423 3.3021011 3.289894 3.7293625 3.2959976 3.3234634
          3.3631363 3.3021011 3.6561203 3.3387222 3.3082047 3.3356705
          3.366188 3.3112564 3.399765 3.3143082 3.3204117 3.4424896
          3.3204117 3.933838 3.3631363 3.3234634 3.6072845 3.3326187
          3.3936615 3.3387222 3.4394379 3.3570328 3.3387222 3.3570328
          3.341774 3.7903976 3.3478775 4.1138916 3.3478775 3.3600845
          3.3509293 3.387558 3.353981 3.3600845 3.3692398 3.366188
          3.6500168 3.36924 3.918579 3.375351 4.1138916 3.3845062
          3.6256027 3.3845065 3.7507248 3.3875577 3.6194916 3.3875577
          3.5065765 3.387558 3.4180756 3.387558 3.4150238 3.6744308
          3.3936615 3.3936615 3.4394379 3.3967133 3.4577484 3.4150238
          3.5035248 3.3997653 3.4272308 3.4028168 3.411972 3.4028168
          3.5554047 3.4058685 3.4058685 3.411972 4.1840897 3.4180756
          3.8270187 3.4180756 3.4394379 3.4211273 3.946045 3.4302826
          3.894165 3.4333344 3.463852 3.4333344 3.8666916 3.4333344
          3.436386 3.463852 3.4455414 3.451645 3.476059 3.4546967
          4.107788 3.4608002 3.4699554 3.4943695 3.4608002 3.5401459
          3.463852 4.1871414 3.4669037 3.6103363 3.4669037 3.9490967
          3.4821625 3.4791107 3.4791107 3.5584564 3.552353 3.4974213
          3.56456 3.500473 3.5615082 3.500473 3.9765625 3.5035248
          3.958252 3.588974 3.5065765 3.5493011 3.51268 3.51268
          3.56456 3.51268 3.5157318 3.585922 3.5157318 3.5218353
          3.8697433 3.5218353 3.5218353 3.848381 3.5279388 3.5615082
          3.5279388 3.6927414 3.5309906 3.5309908 3.6500168 3.5340424
          3.5798187 3.5340424 3.9613037 3.5340424 3.5431976 3.8392258
          3.5431976 3.8544846 3.5493011 3.946045 3.5493014 3.7934494
          3.552353 3.5554047 3.6378098 3.6103363 3.7171555 3.5615082
          4.0528564 3.5615082 3.56456 4.290901 3.56456 4.068115
          3.8636398 3.5676115 3.5706635 4.010132 3.5706637 3.601181
          3.5737152 4.3366776 3.646965 3.5737152 3.6317062 3.585922
          4.086426 3.585922 3.6561203 3.588974 3.7568283 3.5920258
          3.5920258 4.0375977 3.7293625 3.6072845 3.601181 3.601181
          3.6042328 3.8453293 3.8392258 3.6194916 3.6103363 3.6103363
          4.0528564 3.6103363 3.646965 3.613388 3.772087 3.711052
          3.6957932 3.622551 3.6256027 3.6256027 3.6256027 3.8026047
          3.6286545 3.7568283 3.6286545 4.034546 3.6317062 3.7080002
          3.634758 3.7965012 3.6500168 3.6378098 3.6744308 3.6408615
          3.7293625 3.646965 3.6683273 3.646965 3.7690353 3.6866379
          3.6530685 3.9643555 3.6530685 3.6866379 3.75988 3.659172
          3.711052 3.6652756 3.906372 3.7415695 3.6652756 3.8422775
          3.860588 3.671379 3.81176 3.6744308 3.7965012 3.6744308
          4.129158 3.6774826 3.6774826 4.181038 3.6805344 4.8707504
          3.6835861 3.6866379 3.6866379 4.0131836 3.6866379 3.6927414
          4.1230545 3.6927414 3.7018967 3.698845 3.8850098 3.7018967
          3.7781906 3.7018967 4.480118 3.9155273 3.7080002 3.7171555
          3.723259 3.7293625 3.7659836 3.845329 3.7537766 4.2390213
          3.7537766 3.7842941 4.165779 3.7568283 3.8850098 3.7568283
          3.75988 4.0498047 3.75988 3.772087 3.8453293 3.7629318
          3.918579 3.7690353 4.0650635 3.772087 3.7751389 4.2847977
          3.7751389 3.8331223 3.7781904 3.7781904 3.9643555 3.8087082
          3.7781906 4.354988 3.7812424 3.7812424 4.010132 3.7842941
          3.7934494 4.4831696 3.7965012 3.8026047 3.823967 3.8026047
          4.0498047 3.8087082 3.823967 3.8148117 3.933838 3.8331223
          3.823967 3.823967 3.9735107 3.823967 3.8758545 3.823967
          4.1047363 4.0284424 3.8300705 3.9124756 3.8392258 4.345833
          3.8392258 4.071167 3.8697433 3.8453293 3.9613037 3.881958
          3.8514328 4.5075836 3.958252 3.8544846 4.0498047 3.8636398
          3.918579 3.8697433 3.8789062 3.9094238 3.8911133 4.019287
          3.8941648 4.0284424 3.894165 3.894165 3.9368896 3.906372
          3.9429932 3.9490967 3.9124756 3.9155273 3.918579 4.034546
          3.918579 3.9216309 4.1169434 3.9307861 3.958252 3.9307861
          3.9368896 3.933838 3.9674072 3.9368896 4.083374 3.9368896
          3.9490967 3.9429932 4.0925293 3.946045 4.0925293 3.9490967
          3.9521484 3.9521484 3.9521484 4.0162354 3.9521484 4.168831
          3.9521484 4.181038 3.9552002 4.0925293 3.9887695 4.0498047
          4.2634354 3.970459 3.9826658 3.9796143 3.9857178 4.031494
          3.9887695 4.1474686 3.9979248 4.2024 4.0009766 4.071167
          4.00708 4.376358 4.010132 4.055908 4.010132 4.11084
          4.2237625 4.010132 4.0131836 4.1169434 4.0131836 4.05896
          4.1138916 4.2085037 4.022339 4.3977203 4.022339 4.0284424
          4.031494 4.0284424 4.2725906 4.675438 4.034546 4.5228424
          4.0772705 4.0375977 4.2359695 4.055908 4.1352615 4.0620117
          4.107788 4.068115 4.232918 4.068115 4.190193 4.068115
          4.083374 4.1840897 4.0742188 4.095581 4.0772705 4.168831
          4.293953 4.0894775 4.086426 4.168831 4.181038 4.1138916
          4.6204987 4.177986 4.144417 4.129158 4.129158 4.3641434
          4.1505203 4.229866 4.1383133 4.1718826 4.141365 4.144417
          4.232918 4.144417 4.1474686 4.181038 4.1749344 4.156624
          4.1627274 4.165779 4.2603836 4.168831 4.257332 4.290901
          4.1718826 4.5747223 4.1718826 4.1749344 4.3366776 4.1749344
          4.400772 4.1749344 4.1840897 4.177986 4.190193 4.177986
          4.1993484 4.177986 4.370247 4.177986 4.181038 4.193245
          4.303108 4.2481766 4.1840897 4.660179 4.281746 4.751732
          4.2146072 4.193245 4.2024 4.303108 4.2024 4.2085037
          4.2085037 4.217659 4.2847977 4.2268143 4.3092117 4.2268143
          4.293953 4.257332 4.266487 4.245125 4.293953 4.2512283
          4.367195 4.4557037 4.257332 4.257332 4.30616 4.736473
          4.281746 4.4099274 4.2756424 4.321419 4.3122635 4.290901
          4.5747223 4.290901 4.5747223 4.293953 4.3000565 4.4434967
          4.3092117 4.321419 4.3244705 4.3244705 4.333626 4.367195
          4.333626 4.35804 4.3366776 4.35804 4.3397293 4.5442047
          4.354988 4.3855133 4.35804 4.5594635 4.367195 4.617447
          4.400772 4.37941 4.3824615 4.391617 4.403824 4.3946686
          4.428238 4.6204987 4.412979 6.7445908 4.4221344 4.4221344
          4.635765 4.617447 4.4465485 4.589981 4.4496 5.4750214
          4.4557037 4.5197906 4.467911 4.7914047 4.4953766 4.5838776
          4.4984283 4.8188705 4.5106354 4.5350494 4.5228424 4.773094
          4.5228424 4.528946 4.525894 4.6204987 4.5289454 4.638817
          4.528946 4.5747223 4.565567 4.538101 5.1881485 4.565567
          5.023346 4.7212143 4.580826 4.672386 4.589981 4.7425766
          4.589981 4.74868 4.5960846 4.6327133 4.617447 4.6204987
          4.675438 4.623558 5.1026917 4.672386 4.647972 4.763939
          4.663231 4.6815414 4.663231 4.6937485 4.6693344 4.861595
          4.7090073 4.895172 4.7303696 4.959259 4.7303696 4.7975082
          4.739525 4.7914047 4.739525 4.8036118 4.7425766 4.812767
          4.7425766 4.7456284 4.7791977 4.7456284 4.74868 4.87381
          5.059967 4.7791977 4.8188705 4.785301 4.7944565 4.7883525
          4.9653625 4.7944565 4.815819 4.80056 5.3651505 4.8036118
          4.9287415 4.8097153 5.108795 5.011139 4.8676987 4.8219223
          4.934845 4.828026 4.895172 4.8341293 5.032501 4.837181
          4.983673 4.8463364 5.0141907 4.849388 5.319374 4.8554916
          4.8554916 4.864647 5.1881485 4.882965 5.417038 4.907379
          4.898224 4.9012756 4.9287415 4.9165344 5.050812 4.919586
          4.99588 5.29496 4.9440002 4.9562073 5.377365 4.959259
          5.0263977 4.959259 5.5238495 4.962311 5.246132 4.99588
          4.974518 5.032501 4.9775696 5.3010635 4.9806213 4.986725
          5.2613907 5.008087 5.468918 5.008087 5.2888565 5.7588425
          5.0294495 5.4353485 5.0447083 5.035553 5.1637344 5.0538635
          5.3498917 5.075226 5.1850967 5.075226 5.1728897 5.096588
          5.169838 5.1057434 5.145424 5.145424 5.2400284 5.282753
          5.218666 5.359047 5.230873 5.401779 5.2369766 5.2491837
          5.24308 5.255287 5.627617 5.392624 5.2735977 5.9175415
          5.2888565 5.3132706 5.4231415 5.334633 5.7466354 5.8931274
          5.389572 5.3987274 5.3956757 5.4200897 5.441452 5.49028
          5.4719696 5.792412 5.49028 5.6092987 5.5207977 5.5726776
          5.529953 6.115906 5.529953 5.7069626 5.54216 5.5879364
          5.557419 5.569626 5.9663696 5.5757294 5.777153 5.5940404
          5.7222214 5.603195 5.725273 6.0579224 5.6215057 5.636772
          5.688652 5.6428757 5.6428757 5.6672897 5.9907837 5.6672897
          6.1769485 5.7069626 5.6978073 5.7100143 6.23188 5.7557907
          5.7741013 5.7679977 5.7741013 5.8687057 5.8442917 5.8564987
          5.8473434 5.7954636 6.012146 6.2562943 6.1036987 6.418045
          6.1525345 6.274605 6.219673 6.2135696 6.3508987 6.2898636
          6.753746 6.308174 6.4973907 6.33564 6.424148 6.3570023
          6.421097 6.381424 6.546219 6.5126495 6.5370636 6.891083
          6.6744003 6.610306 6.6438828 6.619461 6.7873154 6.619461
          6.6805034 6.9490657 6.857506 7.0986023 6.8941345 6.9582214
          7.0070496 6.9673767 7.0955505 7.037567 7.089447 7.159645
          8.740501
        </DataArray>
        <DataArray type="UInt8" Name="ttkMaskScalarField" format="ascii" RangeMin="0" RangeMax="0">
          0 0 0 0 0 0
          0 0 0 0 0 0
          0 0 0 0 0 0
          0 0 0 0 0 0
          0 0 0 0 0 0
          0 0 0 0 0 0
          0 0 0 0 0 0
          0 0 0 0 0 0
          0 0 0 0 0 0
          0 0 0 0 0 0
          0 0 0 0 0 0
          0 0 0 0 0 0
          0 0 0 0 0 0
          0 0 0 0 0 0
          0 0 0 0 0 0
          0 0 0 0 0 0
          0 0 0 0 0 0
          0 0 0 0 0 0
          0 0 0 0 0 0
          0 0 0 0 0 0
          0 0 0 0 0 0
          0 0 0 0 0 0
          0 0 0 0 0 0
          0 0 0 0 0 0
          0 0 0 0 0 0
          0 0 0 0 0 0
          0 0 0 0 0 0
          0 0 0 0 0 0
          0 0 0 0 0 0
          0 0 0 0 0 0
          0 0 0 0 0 0
          0 0 0 0 0 0
          0 0 0 0 0 0
          0 0 0 0 0 0
          0 0 0 0 0 0
          0 0 0 0 0 0
          0 0 0 0 0 0
          0 0 0 0 0 0
          0 0 0 0 0 0
          0 0 0 0 0 0
          0 0 0 0 0 0
          0 0 0 0 0 0
          0 0 0 0 0 0
          0 0 0 0 0 0
          0 0 0 0 0 0
          0 0 0 0 0 0
          0 0 0 0 0 0
          0 0 0 0 0 0
          0 0 0 0 0 0
          0 0 0 0 0 0
          0 0 0 0 0 0
          0 0 0 0 0 0
          0 0 0 0 0 0
          0 0 0 0 0 0
          0 0 0 0 0 0
          0 0 0 0 0 0
          0 0 0 0 0 0
          0 0 0 0 0 0
          0 0 0 0 0 0
          0 0 0 0 0 0
          0 0 0 0 0 0
          0 0 0 0 0 0
          0 0 0 0 0 0
          0 0 0 0 0 0
          0 0 0 0 0 0
          0 0 0 0 0 0
          0 0 0 0 0 0
          0 0 0 0 0 0
          0 0 0 0 0 0
          0 0 0 0 0 0
          0 0 0 0 0 0
          0 0 0 0 0 0
          0 0 0 0 0 0
          0 0 0 0 0 0
          0 0 0 0 0 0
          0 0 0 0 0 0
          0 0 0 0 0 0
          0 0 0 0 0 0
          0 0 0 0 0 0
          0 0 0 0 0 0
          0 0 0 0 0 0
          0 0 0 0 0 0
          0 0 0 0 0 0
          0 0 0 0 0 0
          0 0 0 0 0 0
          0 0 0 0 0 0
          0 0 0 0 0 0
          0 0 0 0 0 0
          0 0 0 0 0 0
          0 0 0 0 0 0
          0 0 0 0 0 0
          0 0 0 0 0 0
          0 0 0 0 0 0
          0 0 0 0 0 0
          0 0 0 0 0 0
          0 0 0 0 0 0
          0 0 0 0 0 0
          0 0 0 0 0 0
          0 0 0 0 0 0
          0 0 0 0 0 0
          0 0 0 0 0 0
          0 0 0 0 0 0
          0 0 0 0 0 0
          0 0 0 0 0 0
          0 0 0 0 0 0
          0 0 0 0 0 0
          0 0 0 0 0 0
          0 0 0 0 0 0
          0 0 0 0 0 0
          0 0 0 0 0 0
          0 0 0 0 0 0
          0 0 0 0 0 0
          0 0 0 0 0 0
          0 0 0 0 0 0
          0 0 0 0 0 0
          0 0 0 0 0 0
          0 0 0 0 0 0
          0 0 0 0 0 0
          0 0 0 0 0 0
          0 0 0 0 0 0
          0 0 0 0 0 0
          0 0 0 0 0 0
          0 0 0 0 0 0
          0 0 0 0 0 0
          0 0 0 0 0 0
          0 0 0 0 0 0
          0 0 0 0 0 0
          0 0 0 0 0 0
          0 0 0 0 0 0
          0 0 0 0 0 0
          0 0 0 0 0 0
          0 0 0 0 0 0
          0 0 0 0 0 0
          0 0 0 0 0 0
          0 0 0 0 0 0
          0 0 0 0 0 0
          0 0 0 0 0 0
          0 0 0 0 0 0
          0 0 0 0 0 0
          0 0 0 0 0 0
          0 0 0 0 0 0
          0 0 0 0 0 0
          0 0 0 0 0 0
          0 0 0 0 0 0
          0 0 0 0 0 0
          0 0 0 0 0 0
          0 0 0 0 0 0
          0 0 0 0 0 0
          0 0 0 0 0 0
          0 0 0 0 0 0
          0 0 0 0 0 0
          0 0 0 0 0 0
          0 0 0 0 0 0
          0 0 0 0 0 0
          0 0 0 0 0 0
          0 0 0 0 0 0
          0 0 0 0 0 0
          0 0 0 0 0 0
          0 0 0 0 0 0
          0 0 0 0 0 0
          0 0 0 0 0 0
          0 0 0 0 0 0
          0 0 0 0 0 0
          0 0 0 0 0 0
          0 0 0 0 0 0
          0 0 0 0 0 0
          0 0 0 0 0 0
          0 0 0 0 0 0
          0 0 0 0 0 0
          0 0 0 0 0 0
          0 0 0 0 0 0
          0 0 0 0 0 0
          0 0 0 0 0 0
          0 0 0 0 0 0
          0 0 0 0 0 0
          0 0 0 0 0 0
          0 0 0 0 0 0
          0 0 0 0 0 0
          0 0 0 0 0 0
          0 0 0 0 0 0
          0 0 0 0 0 0
          0 0 0 0 0 0
          0 0 0 0 0 0
          0 0 0 0 0 0
          0 0 0 0 0 0
          0 0 0 0 0 0
          0 0 0 0 0 0
          0 0 0 0 0 0
          0 0 0 0 0 0
          0 0 0 0 0 0
          0 0 0 0 0 0
          0 0 0 0 0 0
          0 0 0 0 0 0
          0 0 0 0 0 0
          0 0 0 0 0 0
          0 0 0 0 0 0
          0 0 0 0 0 0
          0 0 0 0 0 0
          0 0 0 0 0 0
          0 0 0 0 0 0
          0 0 0 0 0 0
          0 0 0 0 0 0
          0 0 0 0 0 0
          0 0 0 0 0 0
          0 0 0 0 0 0
          0 0 0 0 0 0
          0 0 0 0 0 0
          0 0 0 0 0 0
          0 0 0 0 0 0
          0 0 0 0 0 0
          0 0 0 0 0 0
          0 0 0 0 0 0
          0 0 0 0 0 0
          0 0 0 0 0 0
          0 0 0 0 0 0
          0 0 0 0 0 0
          0 0 0 0 0 0
          0 0 0 0 0 0
          0 0 0 0 0 0
          0 0 0 0 0 0
          0 0 0 0 0 0
          0 0 0 0 0 0
          0 0 0 0 0 0
          0 0 0 0 0 0
          0 0 0 0 0 0
          0 0 0 0 0 0
          0 0 0 0 0 0
          0 0 0 0 0 0
          0 0 0 0 0 0
          0 0 0 0 0 0
          0 0 0 0 0 0
          0 0 0 0 0 0
          0 0 0 0 0 0
          0 0 0 0 0 0
          0
        </DataArray>
      </PointData>
      <CellData Scalars="SegmentationId">
        <DataArray type="Int32" Name="SegmentationId" format="ascii" RangeMin="0" RangeMax="1403">
          0 1 2 3 4 706
          5 707 6 7 8 9
          10 11 12 13 711 14
          15 703 712 705 1238 16
          17 710 18 704 19 715
          20 21 22 1240 714 23
          1239 717 24 713 25 708
          26 27 28 29 30 31
          32 33 1241 34 35 36
          37 38 727 721 39 40
          41 728 42 43 732 716
          44 731 45 46 47 48
          49 50 51 741 52 53
          733 1248 54 55 56 57
          745 58 742 730 709 59
          60 729 61 62 63 64
          65 736 66 755 67 756
          737 751 68 743 753 69
          70 71 744 1247 754 734
          72 73 74 757 752 75
          76 77 1255 78 79 80
          763 1249 81 735 82 765
          758 759 83 84 85 86
          87 88 771 89 766 90
          91 92 93 94 726 95
          96 97 98 99 100 101
          102 103 775 1254 747 104
          105 106 107 108 109 786
          785 738 110 111 112 746
          1251 767 770 113 725 114
          115 116 117 761 118 782
          119 120 723 777 740 121
          122 123 124 125 793 126
          127 128 790 129 783 130
          131 132 133 134 135 724
          136 750 760 1259 137 138
          139 798 1246 140 141 142
          803 799 779 762 143 144
          769 796 808 805 145 146
          749 147 148 149 150 151
          152 153 154 155 791 156
          157 158 719 159 780 748
          802 160 784 807 1242 812
          801 768 161 162 163 718
          824 164 722 806 789 1252
          778 794 165 1258 1253 166
          810 167 168 795 169 1396
          170 818 171 172 1267 831
          173 822 174 825 1265 175
          176 1266 776 826 787 1244
          177 800 797 828 178 179
          809 180 181 182 183 184
          185 836 186 834 1245 187
          829 1281 188 839 189 190
          835 191 816 192 1285 1270
          193 194 195 196 197 198
          774 811 788 848 814 199
          200 1397 201 202 772 830
          203 1282 204 845 1261 205
          206 207 208 1256 1274 820
          847 209 804 210 211 815
          212 846 850 213 214 215
          216 1273 854 1277 720 217
          218 219 851 852 220 221
          863 764 859 222 1295 861
          773 223 1243 224 225 226
          227 228 229 230 231 837
          232 233 1280 234 864 1271
          235 868 236 869 874 832
          237 1297 238 865 239 1260
          1250 877 1289 240 241 242
          243 244 872 245 1268 246
          247 248 856 249 843 1296
          250 251 252 253 876 254
          882 857 255 1257 866 881
          1293 813 841 889 879 1283
          1262 256 1286 257 258 860
          878 259 886 260 261 262
          263 264 265 1287 892 792
          266 1291 1264 267 827 268
          817 1279 269 895 270 849
          271 272 844 273 274 275
          894 276 899 277 739 278
          893 898 867 279 280 281
          282 1304 896 283 900 897
          284 285 819 838 286 287
          1305 853 288 289 290 1288
          781 291 1269 292 1276 908
          293 1311 903 294 842 295
          905 1272 296 887 884 916
          873 919 297 862 298 913
          299 1263 300 301 302 921
          303 1316 304 923 305 1294
          306 1306 307 910 308 309
          310 311 930 1319 933 312
          1317 935 313 1313 855 1290
          314 315 1275 316 317 318
          319 320 934 321 858 322
          323 928 324 944 924 325
          326 327 328 329 918 948
          330 1326 943 331 332 1321
          333 821 947 334 335 336
          337 338 929 953 945 925
          339 340 341 870 946 342
          883 343 344 958 956 345
          346 961 959 347 348 1315
          966 890 888 1300 349 350
          840 351 352 950 353 917
          942 354 355 356 357 358
          359 360 361 875 362 904
          363 364 365 366 367 368
          907 915 962 369 370 371
          1310 372 1303 373 374 949
          967 969 977 912 375 376
          968 377 378 972 379 380
          381 382 871 383 891 980
          974 384 385 911 386 1312
          387 388 823 991 389 390
          391 909 973 998 927 964
          392 393 394 1327 395 1000
          885 941 396 397 398 399
          939 400 401 402 993 403
          986 404 405 1302 1298 406
          407 1338 979 936 1334 408
          409 995 922 410 411 901
          412 1009 880 906 413 414
          1008 415 1292 416 417 418
          419 420 421 1322 422 1340
          423 424 978 1325 425 426
          427 1022 902 428 1006 1012
          1301 429 1333 430 1278 431
          1398 920 1307 940 432 433
          1004 434 996 435 436 437
          1309 438 1341 439 1010 1002
          440 1030 441 442 443 444
          1024 445 446 447 448 1027
          931 449 985 1016 450 1007
          451 452 1003 833 1036 453
          1015 454 1039 455 456 457
          1041 458 952 914 459 1044
          1033 982 460 461 1318 1014
          1324 462 999 1284 976 463
          983 464 1299 465 1049 957
          975 466 1329 1355 467 1399
          1028 1023 468 469 470 955
          471 472 1013 1050 1336 473
          474 1308 475 937 1357 1031
          476 477 478 479 480 1042
          926 481 482 1057 1053 1054
          483 954 984 484 965 1323
          485 1060 486 487 488 489
          490 491 1332 1056 971 1047
          981 1011 1034 1058 492 1043
          970 493 1065 494 1356 495
          496 497 498 499 500 1037
          990 501 502 1020 503 1062
          1051 504 505 506 507 1052
          1314 1066 1075 508 1005 1351
          509 997 1335 1029 1040 1354
          1001 987 1071 510 1072 511
          1344 512 513 514 989 1046
          1069 515 1343 516 1059 1337
          517 994 1339 1359 1079 1061
          1082 1328 960 1400 1330 518
          1074 938 932 1348 1055 1021
          519 520 1017 1078 521 522
          523 524 1087 525 1067 1346
          526 527 1342 528 529 1403
          1063 1083 1086 530 531 532
          533 1362 534 1401 535 536
          537 538 539 1090 1018 1320
          1064 540 951 1347 1095 963
          1096 1081 1366 541 1097 542
          543 1068 544 1358 545 1102
          546 1089 547 548 1101 1088
          1080 1350 1026 549 1349 550
          1370 1361 551 552 1091 1345
          1364 1076 553 1402 1103 1365
          1032 1352 554 555 988 1106
          1105 556 1360 557 1100 1108
          1109 1104 1372 1371 558 1110
          559 1114 560 561 1093 992
          562 563 1045 564 1035 565
          1116 1117 1085 566 1115 1107
          1098 1070 567 568 1119 569
          570 1073 1121 1094 1122 1363
          571 572 573 1123 1113 574
          575 1118 576 577 1025 1038
          578 579 1048 580 1128 1077
          581 582 583 584 585 1134
          1132 586 1353 1120 587 1138
          1092 1111 1376 1112 588 1130
          589 590 1126 591 592 1375
          1373 1084 1368 593 1135 594
          1142 1125 1136 595 1099 596
          597 598 1369 1139 1143 1144
          1147 1148 599 1374 600 601
          1367 602 603 604 605 1140
          606 607 608 1141 1331 1146
          1133 1156 609 610 611 1129
          1152 612 1158 1151 613 614
          1153 615 1154 1159 1131 1157
          616 617 618 619 620 621
          622 623 1155 624 1169 1019
          1170 625 1149 1164 626 627
          1171 628 629 1161 1172 1163
          630 631 632 633 1150 634
          1177 635 636 637 1166 638
          1384 1174 639 640 1378 1167
          1181 1176 641 1165 1179 642
          1186 1173 643 1380 644 645
          646 1145 647 1162 648 649
          1191 1190 1189 1188 1137 1387
          650 651 652 1192 653 1178
          1195 654 1182 655 1379 1184
          656 1383 1180 1198 1168 657
          1187 1193 1160 1175 658 1382
          659 1200 1194 1201 660 1386
          1185 1202 1183 661 1127 1377
          662 663 1381 664 665 666
          667 668 1208 669 1207 670
          671 1204 672 1196 1213 673
          674 675 676 1214 677 1217
          1206 678 1211 1212 1199 679
          1385 680 681 1218 1210 1203
          682 1220 1389 1391 1219 1388
          1197 1209 1215 683 1390 684
          1205 685 1216 686 1224 1392
          1221 1223 687 688 689 1227
          690 691 1222 1228 1394 1226
          692 693 1229 694 695 696
          1231 1395 697 1124 1225 1232
          698 1230 699 1393 1234 700
          1235 701 702 1236 1233 1237
        </DataArray>
        <DataArray type="Int32" Name="upNodeId" format="ascii" RangeMin="5" RangeMax="1404">
          19 27 21 5 5 7
          7 91 21 41 88 25
          16 16 27 19 36 20
          20 22 33 22 25 39
          34 36 29 29 34 33
          65 37 41 39 37 263
          50 64 248 50 376 110
          57 266 188 209 178 148
          56 56 65 61 91 87
          61 57 75 88 67 67
          64 97 78 113 103 99
          129 79 97 102 169 78
          496 190 75 79 102 86
          127 84 105 110 84 173
          86 160 87 111 175 251
          234 140 211 103 118 106
          112 101 99 167 101 105
          420 113 106 111 117 112
          129 117 142 122 190 118
          132 263 133 122 159 212
          183 225 126 126 385 169
          127 132 131 279 131 273
          133 168 142 175 259 228
          176 140 264 148 202 346
          390 183 212 336 234 160
          158 296 189 270 346 224
          158 250 159 174 269 522
          185 202 254 168 167 244
          173 225 298 251 178 174
          176 213 200 338 218 185
          268 189 200 254 188 230
          244 259 316 303 222 473
          196 270 271 196 292 279
          229 302 218 217 213 223
          209 301 258 224 211 268
          252 217 229 258 222 362
          248 250 223 231 267 255
          228 231 456 357 230 306
          255 286 273 271 276 337
          274 257 451 257 340 365
          326 480 283 512 252 359
          283 607 256 276 269 274
          256 289 337 329 286 289
          295 266 704 264 291 302
          267 296 299 287 301 281
          352 291 297 316 281 478
          298 303 318 295 297 315
          347 358 287 362 329 292
          512 375 413 318 343 825
          315 365 434 299 326 336
          324 306 430 404 313 413
          407 401 313 513 321 642
          452 319 324 373 411 532
          319 343 321 328 436 340
          328 488 351 351 358 385
          367 488 360 359 339 485
          338 374 339 352 381 368
          347 349 380 376 419 349
          381 367 517 360 357 374
          574 434 445 404 380 526
          476 586 524 386 461 373
          389 368 375 386 543 384
          406 392 445 388 392 417
          389 448 422 534 390 384
          388 447 450 500 406 481
          498 448 407 401 500 409
          409 704 411 621 692 453
          428 540 420 412 412 419
          657 415 442 521 415 455
          421 421 417 437 462 430
          456 422 428 454 451 752
          449 444 442 436 437 624
          538 720 475 454 471 447
          464 449 537 638 444 453
          450 452 637 455 461 522
          472 535 458 538 475 462
          458 694 473 472 498 637
          471 464 735 492 483 506
          509 586 499 485 478 476
          509 635 480 494 481 483
          496 494 508 516 749 521
          825 499 517 776 530 492
          505 659 505 534 498 753
          513 559 710 666 527 709
          561 506 508 699 516 547
          638 681 578 524 545 837
          529 543 527 667 539 553
          547 647 526 532 535 529
          598 530 591 541 539 787
          540 537 551 541 571 545
          561 553 746 557 555 573
          592 559 551 617 888 570
          712 555 589 557 614 567
          566 598 816 566 986 568
          584 571 567 568 570 592
          573 575 741 574 575 578
          879 985 589 726 789 721
          648 584 605 602 758 591
          616 602 622 601 645 608
          599 677 599 645 635 601
          1028 605 608 836 615 607
          895 614 616 869 628 857
          692 712 615 617 621 627
          627 632 980 622 624 631
          639 668 1031 628 631 713
          898 632 636 636 678 647
          642 674 639 648 684 679
          667 918 910 701 709 672
          659 678 687 710 696 668
          858 657 850 758 680 666
          770 677 740 695 912 687
          672 674 746 841 852 896
          681 818 679 720 732 717
          782 680 684 699 955 726
          695 1072 964 856 694 930
          705 1091 736 730 721 696
          705 973 745 701 794 717
          732 949 784 711 711 794
          848 735 753 713 844 719
          719 954 730 739 803 736
          780 771 745 741 749 824
          816 792 946 778 739 821
          742 756 852 786 740 751
          802 756 742 765 751 913
          752 767 798 779 872 788
          845 787 854 798 828 819
          765 992 767 930 1024 1223
          776 913 933 770 821 771
          989 775 775 789 865 810
          1126 778 877 792 779 780
          782 896 784 837 786 828
          788 803 800 846 1052 815
          1004 864 800 802 951 805
          849 881 805 872 960 810
          815 819 1068 840 818 914
          826 1096 826 929 858 854
          840 1127 879 845 881 824
          830 952 844 849 830 834
          933 887 839 836 917 834
          861 841 979 942 839 861
          846 874 1094 965 887 848
          860 911 850 863 857 1130
          908 912 953 856 880 860
          898 910 863 874 873 864
          865 869 936 941 951 877
          892 893 873 960 899 1091
          946 880 893 899 888 947
          955 988 909 891 915 949
          891 970 986 892 901 895
          901 911 976 977 908 917
          970 909 915 929 935 1008
          1026 988 975 914 964 922
          950 1061 918 975 920 922
          920 935 942 943 943 1000
          1039 966 1105 956 936 982
          1045 965 941 987 958 984
          1041 1111 984 944 1063 1174
          950 944 947 1133 968 956
          1008 973 952 1051 953 954
          958 992 966 993 968 976
          981 1050 1033 977 971 1029
          979 978 971 1009 1076 974
          978 974 981 1007 1024 1025
          1004 980 982 985 987 1159
          1009 989 1025 1017 1000 998
          993 1100 1001 1048 1010 998
          1049 1045 1001 1023 1015 1007
          1026 1039 1017 1060 1010 1015
          1057 1057 1069 1146 1031 1090
          1113 1028 1030 1023 1032 1036
          1104 1050 1032 1034 1029 1079
          1054 1168 1030 1066 1033 1192
          1034 1043 1036 1063 1041 1078
          1060 1094 1048 1049 1043 1051
          1066 1067 1081 1074 1056 1062
          1061 1052 1054 1073 1056 1103
          1062 1123 1079 1080 1182 1065
          1065 1115 1085 1067 1083 1068
          1069 1072 1147 1149 1073 1074
          1076 1096 1078 1120 1080 1082
          1081 1082 1083 1085 1087 1087
          1104 1090 1102 1098 1098 1103
          1099 1123 1142 1108 1111 1143
          1099 1100 1102 1133 1105 1158
          1113 1112 1108 1112 1115 1114
          1119 1120 1114 1160 1119 1126
          1389 1146 1165 1127 1157 1154
          1312 1130 1132 1199 1147 1142
          1151 1210 1132 1140 1140 1151
          1194 1139 1162 1166 1139 1148
          1145 1276 1143 1148 1145 1157
          1254 1179 1149 1154 1173 1192
          1187 1191 1158 1164 1174 1159
          1160 1168 1162 1175 1164 1267
          1165 1166 1172 1193 1172 1176
          1177 1193 1173 1175 1220 1176
          1177 1179 1226 1182 1240 1203
          1187 1200 1206 1208 1220 1194
          1195 1191 1226 1224 1199 1263
          1195 1200 1211 1202 1210 1242
          1202 1209 1203 1206 1298 1233
          1208 1269 1209 1211 1252 1222
          1235 1227 1257 1246 1253 1294
          1253 1222 1233 1224 1223 1227
          1277 1257 1305 1230 1230 1234
          1234 1261 1249 1291 1235 1246
          1240 1299 1255 1242 1316 1283
          1248 1258 1292 1254 1248 1286
          1249 1252 1310 1289 1263 1344
          1255 1258 1308 1299 1260 1260
          1261 1272 1296 1267 1275 1274
          1273 1269 1272 1274 1286 1281
          1273 1276 1275 1277 1288 1281
          1297 1304 1284 1283 1294 1284
          1288 1329 1301 1356 1289 1291
          1293 1292 1293 1296 1307 1342
          1297 1298 1301 1355 1303 1303
          1305 1304 1307 1308 1309 1309
          1310 1312 1313 1349 1313 1316
          1327 1327 1322 1362 1338 1324
          1322 1357 1324 1348 1329 1340
          1341 1360 1330 1330 1335 1341
          1335 1358 1364 1337 1337 1338
          1342 1340 1348 1367 1344 1349
          1347 1347 1354 1351 1353 1352
          1351 1352 1353 1354 1355 1356
          1357 1358 1360 1368 1362 1376
          1364 1369 1366 1366 1367 1368
          1369 1373 1390 1379 1373 1378
          1377 1376 1377 1378 1379 1382
          1382 1393 1387 1386 1391 1386
          1387 1389 1390 1391 1395 1393
          1402 1395 1396 1396 1398 1398
          1401 1401 1403 1402 1403 1404
        </DataArray>
        <DataArray type="Int32" Name="downNodeId" format="ascii" RangeMin="0" RangeMax="1403">
          0 1 2 3 4 5
          6 7 8 9 10 11
          12 13 14 15 16 17
          18 19 20 21 22 23
          24 25 26 27 28 29
          30 31 32 33 34 35
          36 37 38 39 40 41
          42 43 44 45 46 47
          48 49 50 51 52 53
          54 55 56 57 58 59
          60 61 62 63 64 65
          66 67 68 69 70 71
          72 73 74 75 76 77
          78 79 80 81 82 83
          84 85 86 87 88 89
          90 91 92 93 94 95
          96 97 98 99 100 101
          102 103 104 105 106 107
          108 109 110 111 112 113
          114 115 116 117 118 119
          120 121 122 123 124 125
          126 127 128 129 130 131
          132 133 134 135 136 137
          138 139 140 141 142 143
          144 145 146 147 148 149
          150 151 152 153 154 155
          156 157 158 159 160 161
          162 163 164 165 166 167
          168 169 170 171 172 173
          174 175 176 177 178 179
          180 181 182 183 184 185
          186 187 188 189 190 191
          192 193 194 195 196 197
          198 199 200 201 202 203
          204 205 206 207 208 209
          210 211 212 213 214 215
          216 217 218 219 220 221
          222 223 224 225 226 227
          228 229 230 231 232 233
          234 235 236 237 238 239
          240 241 242 243 244 245
          246 247 248 249 250 251
          252 253 254 255 256 257
          258 259 260 261 262 263
          264 265 266 267 268 269
          270 271 272 273 274 275
          276 277 278 279 280 281
          282 283 284 285 286 287
          288 289 290 291 292 293
          294 295 296 297 298 299
          300 301 302 303 304 305
          306 307 308 309 310 311
          312 313 314 315 316 317
          318 319 320 321 322 323
          324 325 326 327 328 329
          330 331 332 333 334 335
          336 337 338 339 340 341
          342 343 344 345 346 347
          348 349 350 351 352 353
          354 355 356 357 358 359
          360 361 362 363 364 365
          366 367 368 369 370 371
          372 373 374 375 376 377
          378 379 380 381 382 383
          384 385 386 387 388 389
          390 391 392 393 394 395
          396 397 398 399 400 401
          402 403 404 405 406 407
          408 409 410 411 412 413
          414 415 416 417 418 419
          420 421 422 423 424 425
          426 427 428 429 430 431
          432 433 434 435 436 437
          438 439 440 441 442 443
          444 445 446 447 448 449
          450 451 452 453 454 455
          456 457 458 459 460 461
          462 463 464 465 466 467
          468 469 470 471 472 473
          474 475 476 477 478 479
          480 481 482 483 484 485
          486 487 488 489 490 491
          492 493 494 495 496 497
          498 499 500 501 502 503
          504 505 506 507 508 509
          510 511 512 513 514 515
          516 517 518 519 520 521
          522 523 524 525 526 527
          528 529 530 531 532 533
          534 535 536 537 538 539
          540 541 542 543 544 545
          546 547 548 549 550 551
          552 553 554 555 556 557
          558 559 560 561 562 563
          564 565 566 567 568 569
          570 571 572 573 574 575
          576 577 578 579 580 581
          582 583 584 585 586 587
          588 589 590 591 592 593
          594 595 596 597 598 599
          600 601 602 603 604 605
          606 607 608 609 610 611
          612 613 614 615 616 617
          618 619 620 621 622 623
          624 625 626 627 628 629
          630 631 632 633 634 635
          636 637 638 639 640 641
          642 643 644 645 646 647
          648 649 650 651 652 653
          654 655 656 657 658 659
          660 661 662 663 664 665
          666 667 668 669 670 671
          672 673 674 675 676 677
          678 679 680 681 682 683
          684 685 686 687 688 689
          690 691 692 693 694 695
          696 697 698 699 700 701
          702 703 704 705 706 707
          708 709 710 711 712 713
          714 715 716 717 718 719
          720 721 722 723 724 725
          726 727 728 729 730 731
          732 733 734 735 736 737
          738 739 740 741 742 743
          744 745 746 747 748 749
          750 751 752 753 754 755
          756 757 758 759 760 761
          762 763 764 765 766 767
          768 769 770 771 772 773
          774 775 776 777 778 779
          780 781 782 783 784 785
          786 787 788 789 790 791
          792 793 794 795 796 797
          798 799 800 801 802 803
          804 805 806 807 808 809
          810 811 812 813 814 815
          816 817 818 819 820 821
          822 823 824 825 826 827
          828 829 830 831 832 833
          834 835 836 837 838 839
          840 841 842 843 844 845
          846 847 848 849 850 851
          852 853 854 855 856 857
          858 859 860 861 862 863
          864 865 866 867 868 869
          870 871 872 873 874 875
          876 877 878 879 880 881
          882 883 884 885 886 887
          888 889 890 891 892 893
          894 895 896 897 898 899
          900 901 902 903 904 905
          906 907 908 909 910 911
          912 913 914 915 916 917
          918 919 920 921 922 923
          924 925 926 927 928 929
          930 931 932 933 934 935
          936 937 938 939 940 941
          942 943 944 945 946 947
          948 949 950 951 952 953
          954 955 956 957 958 959
          960 961 962 963 964 965
          966 967 968 969 970 971
          972 973 974 975 976 977
          978 979 980 981 982 983
          984 985 986 987 988 989
          990 991 992 993 994 995
          996 997 998 999 1000 1001
          1002 1003 1004 1005 1006 1007
          1008 1009 1010 1011 1012 1013
          1014 1015 1016 1017 1018 1019
          1020 1021 1022 1023 1024 1025
          1026 1027 1028 1029 1030 1031
          1032 1033 1034 1035 1036 1037
          1038 1039 1040 1041 1042 1043
          1044 1045 1046 1047 1048 1049
          1050 1051 1052 1053 1054 1055
          1056 1057 1058 1059 1060 1061
          1062 1063 1064 1065 1066 1067
          1068 1069 1070 1071 1072 1073
          1074 1075 1076 1077 1078 1079
          1080 1081 1082 1083 1084 1085
          1086 1087 1088 1089 1090 1091
          1092 1093 1094 1095 1096 1097
          1098 1099 1100 1101 1102 1103
          1104 1105 1106 1107 1108 1109
          1110 1111 1112 1113 1114 1115
          1116 1117 1118 1119 1120 1121
          1122 1123 1124 1125 1126 1127
          1128 1129 1130 1131 1132 1133
          1134 1135 1136 1137 1138 1139
          1140 1141 1142 1143 1144 1145
          1146 1147 1148 1149 1150 1151
          1152 1153 1154 1155 1156 1157
          1158 1159 1160 1161 1162 1163
          1164 1165 1166 1167 1168 1169
          1170 1171 1172 1173 1174 1175
          1176 1177 1178 1179 1180 1181
          1182 1183 1184 1185 1186 1187
          1188 1189 1190 1191 1192 1193
          1194 1195 1196 1197 1198 1199
          1200 1201 1202 1203 1204 1205
          1206 1207 1208 1209 1210 1211
          1212 1213 1214 1215 1216 1217
          1218 1219 1220 1221 1222 1223
          1224 1225 1226 1227 1228 1229
          1230 1231 1232 1233 1234 1235
          1236 1237 1238 1239 1240 1241
          1242 1243 1244 1245 1246 1247
          1248 1249 1250 1251 1252 1253
          1254 1255 1256 1257 1258 1259
          1260 1261 1262 1263 1264 1265
          1266 1267 1268 1269 1270 1271
          1272 1273 1274 1275 1276 1277
          1278 1279 1280 1281 1282 1283
          1284 1285 1286 1287 1288 1289
          1290 1291 1292 1293 1294 1295
          1296 1297 1298 1299 1300 1301
          1302 1303 1304 1305 1306 1307
          1308 1309 1310 1311 1312 1313
          1314 1315 1316 1317 1318 1319
          1320 1321 1322 1323 1324 1325
          1326 1327 1328 1329 1330 1331
          1332 1333 1334 1335 1336 1337
          1338 1339 1340 1341 1342 1343
          1344 1345 1346 1347 1348 1349
          1350 1351 1352 1353 1354 1355
          1356 1357 1358 1359 1360 1361
          1362 1363 1364 1365 1366 1367
          1368 1369 1370 1371 1372 1373
          1374 1375 1376 1377 1378 1379
          1380 1381 1382 1383 1384 1385
          1386 1387 1388 1389 1390 1391
          1392 1393 1394 1395 1396 1397
          1398 1399 1400 1401 1402 1403
        </DataArray>
        <DataArray type="Int32" Name="RegionSize" format="ascii" RangeMin="0" RangeMax="356">
          20 19 3 5 0 1
          0 70 13 5 29 5
          0 0 6 0 18 0
          0 7 2 0 2 4
          6 38 1 6 3 5
          2 3 1 8 4 10
          53 30 20 28 23 17
          2 11 9 10 15 15
          1 0 14 1 13 12
          0 1 15 5 3 3
          1 31 0 30 36 60
          3 5 14 0 7 0
          37 7 0 0 0 2
          15 8 5 6 0 62
          2 3 8 48 31 7
          7 46 3 1 5 3
          2 1 0 79 0 3
          19 7 0 17 0 0
          1 0 8 30 9 8
          1 4 1 0 65 6
          1 8 3 0 2 5
          4 15 0 11 0 31
          0 104 1 0 4 5
          7 0 87 0 33 2
          6 1 1 12 21 0
          1 3 2 3 5 1
          0 1 0 30 7 7
          0 1 2 0 0 78
          20 14 5 6 0 11
          10 13 107 8 11 1
          5 1 2 2 0 1
          3 12 12 10 11 13
          0 3 12 0 18 2
          1 4 84 0 3 3
          0 10 2 0 0 5
          0 0 1 32 0 7
          1 2 33 3 10 0
          0 65 13 29 0 4
          6 10 2 177 2 3
          21 1 11 1 4 7
          5 10 1 14 2 2
          4 23 0 1 1 4
          0 8 8 19 25 12
          38 3 28 0 7 4
          2 1 7 16 4 0
          9 77 0 7 1 14
          1 1 6 5 0 17
          4 11 0 1 15 5
          9 32 5 109 56 20
          1 63 11 0 1 9
          0 2 22 9 1 2
          28 3 0 7 1 19
          7 1 0 35 40 11
          1 95 0 0 2 0
          0 6 2 1 7 51
          7 12 1 2 0 6
          0 6 1 4 2 3
          0 35 2 0 5 0
          1 137 8 2 1 0
          9 1 4 31 9 16
          39 7 14 0 12 6
          0 8 43 0 2 2
          4 24 19 58 1 0
          0 6 19 23 0 0
          0 57 5 0 145 19
          3 2 21 0 2 1
          0 20 1 6 11 4
          3 13 9 3 25 11
          10 4 1 44 35 4
          2 29 0 0 2 24
          42 20 36 0 1 18
          0 2 153 0 31 6
          6 8 7 0 2 18
          0 0 3 23 6 0
          53 1 11 44 7 8
          223 9 4 11 3 41
          4 9 21 4 0 75
          29 0 17 3 2 6
          0 1 0 19 21 0
          1 40 8 3 16 0
          22 61 1 7 17 102
          6 0 2 6 7 0
          0 18 58 0 6 4
          20 1 12 6 0 14
          4 4 7 6 58 2
          6 6 12 28 1 13
          113 7 0 11 1 90
          2 7 1 0 15 0
          1 3 356 0 1 13
          3 4 0 17 7 1
          7 50 2 1 1 4
          0 0 0 2 12 1
          3 20 0 5 5 49
          0 4 8 1 11 0
          1 0 0 8 8 0
          19 2 2 4 5 37
          25 29 58 4 6 6
          1 0 5 0 13 0
          1 86 1 50 1 0
          0 1 0 1 16 0
          19 17 45 61 2 27
          28 40 42 22 0 8
          2 1 0 15 70 58
          0 0 9 8 5 1
          112 0 18 0 13 12
          20 18 20 0 3 8
          59 21 1 53 4 14
          143 10 10 3 1 14
          60 1 0 0 3 0
          4 0 2 5 1 32
          3 2 10 4 4 1
          42 50 8 1 8 11
          53 11 26 0 1 3
          8 2 21 75 24 1
          66 13 9 8 0 3
          6 3 6 4 2 13
          69 5 3 22 2 90
          4 9 19 26 0 1
          9 2 5 9 5 49
          0 2 0 142 8 107
          9 8 1 1 1 3
          8 6 8 1 0 0
          1 0 5 7 8 0
          2 80 7 1 68 6
          0 0 5 0 9 7
          7 245 8 9 0 2
          34 14 0 6 6 19
          0 9 4 28 0 1
          4 0 22 9 3 2
          31 17 9 5 14 5
          12 8 40 2 0 4
          38 133 84 27 6 0
          54 1 1 0 7 0
          10 0 26 3 10 18
          0 64 12 0 0 2
          97 8 2 5 0 4
          1 11 7 122 3 0
          3 4 1 0 48 1
          17 2 29 0 14 0
          15 0 98 18 0 134
          2 0 13 10 3 10
          7 5 20 6 41 10
          6 0 19 0 3 10
          3 6 45 119 3 0
          10 18 1 0 3 73
          0 1 0 18 119 6
          1 6 2 1 48 5
          1 2 1 0 0 8
          8 2 5 1 30 0
          0 1 9 1 0 66
          1 18 0 4 0 6
          4 10 16 23 8 2
          6 16 31 8 1 44
          11 0 138 3 128 4
          2 0 11 1 0 10
          12 1 0 17 3 2
          7 4 4 0 1 6
          63 1 14 23 5 68
          2 6 1 13 3 10
          12 7 34 1 52 1
          9 4 3 1 5 11
          80 0 26 1 9 18
          0 1 38 16 10 1
          6 13 9 20 20 12
          5 40 1 164 2 75
          0 6 0 4 2 0
          3 2 26 1 3 53
          1 0 5 3 0 32
          4 7 20 11 0 7
          5 29 0 13 0 1
          6 0 2 45 1 13
          4 7 6 28 22 21
          0 83 23 0 34 1
          1 8 1 54 0 81
          1 7 2 0 0 109
          1 10 40 4 28 1
          31 24 0 2 24 4
          87 4 3 17 5 7
          24 9 16 6 22 0
          3 2 50 2 37 1
          9 7 20 58 0 15
          2 64 0 2 147 1
          2 2 14 0 0 1
          2 30 12 9 66 7
          0 160 0 1 2 1
          0 2 23 27 131 2
          36 2 12 312 16 2
          21 8 0 5 10 324
          4 7 3 0 4 2
          5 0 4 3 0 2
          10 12 76 72 0 15
          35 34 7 83 1 19
          0 0 159 1 1 2
          16 14 3 0 74 7
          3 21 169 2 6 0
          1 3 4 19 7 21
          64 142 1 73 3 0
          29 1 2 1 0 125
          1 0 1 3 2 22
          38 67 0 0 0 33
          13 2 9 16 17 1
          47 7 11 17 15 212
          2 1 3 6 1 4
          3 0 3 0 8 102
          25 3 26 38 0 0
          95 5 5 27 18 192
          0 6 2 1 8 8
          7 1 1 0 51 9
          4 56 13 13 176 36
          0 3 10 10 2 0
          2 28 9 149 0 2
          1 22 0 207 3 1
          3 8 30 8 28 144
          0 2 0 20 1 13
          87 3 10 16 21 15
          0 13 39 124 2 14
          18 17 78 33 1 21
          0 7 57 0 1 61
          4 87 5 4 44 92
          0 1 130 23 4 1
          1 2 41 3 114 0
          0 20 0 22 134 0
          0 5 9 36 0 2
          90 0 2 21 20 2
          28 0 1 134 7 2
          0 7 26 27 39 39
          76 35 118 2 87 8
          86 3 46 0 16 29
          20 103 0 2 0 76
          3 0 2 0 90 46
          1 1 137 1 7 3
          9 74 0 37 0 104
          10 44 2 8 47 0
          74 1 2 2 49 246
        </DataArray>
        <DataArray type="Float64" Name="RegionSpan" format="ascii" RangeMin="1" RangeMax="160.63934326171875">
          3.1622776985168457 5 2.2360680103302 1.4142135381698608 1 2
          1 6.324555397033691 3.605551242828369 2.2360680103302 4.242640495300293 2
          1 1 2.2360680103302 1 7.6157732009887695 1
          1 1.4142135381698608 3.1622776985168457 3.1622776985168457 6.082762718200684 2
          3.1622776985168457 7 2 5 2 8.062257766723633
          2 2 1.4142135381698608 8.485280990600586 5 2
          3.1622776985168457 12.165525436401367 4.242640495300293 4 2.8284270763397217 4.4721360206604
          2.2360680103302 3.605551242828369 2 2 4 5.385164737701416
          1 1 10 1 3 3.1622776985168457
          1 2.8284270763397217 3.605551242828369 1 1 1.4142135381698608
          1.4142135381698608 5.099019527435303 1 7.211102485656738 17.464248657226562 20.39607810974121
          1.4142135381698608 4.123105525970459 3.605551242828369 1.4142135381698608 3.1622776985168457 1
          5.385164737701416 2 1 10 1 2.2360680103302
          3.605551242828369 8.602325439453125 3 3.1622776985168457 1.4142135381698608 5.385164737701416
          1.4142135381698608 2 4.4721360206604 2.2360680103302 7.071067810058594 1.4142135381698608
          2.2360680103302 4.123105525970459 2 1 2.2360680103302 1
          1 7.071067810058594 1 5.385164737701416 1 2
          5.830951690673828 1.4142135381698608 1 2.8284270763397217 1.4142135381698608 1
          2 1 7.6157732009887695 7.6157732009887695 3.1622776985168457 2.8284270763397217
          1 2.2360680103302 1 3.1622776985168457 7.071067810058594 2.2360680103302
          1 3.1622776985168457 2.2360680103302 1 2 2.2360680103302
          16 24.166091918945312 1.4142135381698608 3 1 7.211102485656738
          5.385164737701416 18.248287200927734 1 1 2.2360680103302 2
          4 1.4142135381698608 11.180339813232422 1 8.5440034866333 2
          4 1 1 2.2360680103302 8.246211051940918 1.4142135381698608
          1.4142135381698608 2 1 1 2 1.4142135381698608
          1 1.4142135381698608 2.2360680103302 6.082762718200684 3 1.4142135381698608
          1 1.4142135381698608 1 1 1 4
          9 4.4721360206604 1.4142135381698608 2.2360680103302 1 12.041594505310059
          31.400636672973633 12.369317054748535 28.017850875854492 3.605551242828369 8.062257766723633 1
          1.4142135381698608 2 2.2360680103302 2.2360680103302 1 2.2360680103302
          2 3.605551242828369 3.1622776985168457 4.123105525970459 3.605551242828369 3.605551242828369
          1 3.605551242828369 3 1 4.242640495300293 2.2360680103302
          1 1.4142135381698608 34.885528564453125 1 6.324555397033691 2.2360680103302
          1 3.605551242828369 2 1.4142135381698608 1 2.2360680103302
          1 2.2360680103302 5 5.656854152679443 1.4142135381698608 2.8284270763397217
          1 3 4.4721360206604 2 2.8284270763397217 1
          7.071067810058594 7.280109882354736 4.123105525970459 5.099019527435303 1 1.4142135381698608
          4.4721360206604 4 2.8284270763397217 52.77309799194336 2 1
          5.656854152679443 1 3.605551242828369 1 3 2.2360680103302
          3 4.123105525970459 1.4142135381698608 2.2360680103302 3.605551242828369 1.4142135381698608
          2.2360680103302 3.605551242828369 1 1 2.2360680103302 3.1622776985168457
          5.656854152679443 3.1622776985168457 3 5.385164737701416 5.385164737701416 3.1622776985168457
          9 3.605551242828369 4.4721360206604 1 4.123105525970459 3.1622776985168457
          14.866068840026855 1.4142135381698608 5 13.34166431427002 6.4031243324279785 8.246211051940918
          5.656854152679443 55.44366455078125 1 12.083045959472656 7.280109882354736 3.1622776985168457
          1.4142135381698608 1.4142135381698608 2.2360680103302 6.324555397033691 1 12.806248664855957
          2.2360680103302 5 1 1.4142135381698608 16.552946090698242 2
          2.2360680103302 5.656854152679443 4.123105525970459 38.4837646484375 21.63330841064453 5.099019527435303
          1 22.203603744506836 3.605551242828369 2 5.099019527435303 4.123105525970459
          1 2 7 6.7082037925720215 1 1.4142135381698608
          4.123105525970459 2 1 2.2360680103302 1 4.4721360206604
          1.4142135381698608 2.2360680103302 1 14.317821502685547 5.099019527435303 2.2360680103302
          9.219544410705566 60.8276252746582 1 1.4142135381698608 1.4142135381698608 1
          1.4142135381698608 1 4.123105525970459 1 3.605551242828369 30.08321762084961
          2.2360680103302 3.605551242828369 1.4142135381698608 1 1 1
          11.045360565185547 7.8102498054504395 12.041594505310059 18.439088821411133 2 2.2360680103302
          1 13.03840446472168 1.4142135381698608 1.4142135381698608 2.8284270763397217 1.4142135381698608
          1 6.7082037925720215 2.2360680103302 13 12.369317054748535 1
          2.8284270763397217 1 3.1622776985168457 13.45362377166748 8.485280990600586 2.2360680103302
          17 2 6.7082037925720215 1 3.1622776985168457 12.369317054748535
          1 34.928497314453125 26.68332862854004 1 1.4142135381698608 1.4142135381698608
          3 14.03566837310791 7.6157732009887695 18 2.8284270763397217 1
          1 2.2360680103302 3.1622776985168457 5.099019527435303 1 1
          2 29.4108829498291 2.2360680103302 1.4142135381698608 30.364452362060547 3
          7.071067810058594 1 26.419689178466797 1 2 1
          1 3.1622776985168457 1.4142135381698608 1.4142135381698608 3.605551242828369 1
          1.4142135381698608 3.1622776985168457 22.022714614868164 2 32.557640075683594 12.165525436401367
          3 3.605551242828369 1 8.246211051940918 48.093658447265625 1
          1 49.648765563964844 1 1.4142135381698608 1 37.336307525634766
          31.064449310302734 42.95346450805664 57.48912811279297 1 1.4142135381698608 4
          1 2 75.42546081542969 1 4.123105525970459 2.2360680103302
          3.1622776985168457 1 2.2360680103302 1 1.4142135381698608 26.832815170288086
          1 1 1.4142135381698608 4 96.26006317138672 1
          44.9110221862793 8.602325439453125 2.2360680103302 36.79673767089844 7.211102485656738 3.1622776985168457
          46.173583984375 1.4142135381698608 3 5 2 12.649110794067383
          37.013511657714844 2 12.041594505310059 2.2360680103302 1 7.211102485656738
          3.605551242828369 1 3.1622776985168457 3.1622776985168457 1.4142135381698608 2
          1 1.4142135381698608 1 34.01470184326172 42.296573638916016 8.602325439453125
          1 3.605551242828369 27.459060668945312 2 45.12205505371094 1
          12.529964447021484 43.863426208496094 1 3.1622776985168457 3.1622776985168457 37.58989334106445
          1 1 5.830951690673828 2.2360680103302 2.8284270763397217 1
          1.4142135381698608 5 5 1 33.37664031982422 2.2360680103302
          19 1 4.4721360206604 2 1 2.8284270763397217
          1.4142135381698608 5.099019527435303 41.88078308105469 2 45 1.4142135381698608
          3 2.2360680103302 7.8102498054504395 17.262676239013672 1.4142135381698608 4.123105525970459
          48.25971221923828 5.830951690673828 1 4.242640495300293 1 45.7055778503418
          4.4721360206604 2.2360680103302 57.28001403808594 1.4142135381698608 35.34119415283203 2
          2 91.83136749267578 16.552946090698242 1 1 3.605551242828369
          2.2360680103302 14.317821502685547 1 17.804492950439453 8.062257766723633 5.099019527435303
          7.071067810058594 50.35871505737305 1 15.81138801574707 1 2.2360680103302
          1 5 1.4142135381698608 1 2.2360680103302 1
          2 23.76972770690918 1 16.492422103881836 2 13.45362377166748
          1 3 3.605551242828369 3.1622776985168457 2 1.4142135381698608
          1 1 1.4142135381698608 52.15361785888672 9.05538558959961 1
          59.54829788208008 7 2.2360680103302 28.44292449951172 13.892443656921387 25
          5.099019527435303 4.4721360206604 13.601470947265625 2.8284270763397217 1.4142135381698608 2.2360680103302
          1 1 2.2360680103302 1 5.830951690673828 1
          1 35.608985900878906 2 40.8166618347168 2.2360680103302 1.4142135381698608
          1 2.2360680103302 1 1 1.4142135381698608 2
          3 56.30275344848633 7.211102485656738 5.656854152679443 2 12.165525436401367
          5 74.02702331542969 70.32780456542969 2.2360680103302 1 3.1622776985168457
          1 1 21.189620971679688 58.051700592041016 23.853721618652344 6
          1 1 2.2360680103302 79.05693817138672 38.832977294921875 1
          29.614185333251953 1 4.123105525970459 2.2360680103302 65.11528015136719 4.123105525970459
          4.242640495300293 50.08992004394531 68.818603515625 1 2 9.486832618713379
          117.0469970703125 13.601470947265625 7.280109882354736 66.06814575195312 2 4.4721360206604
          63.12685775756836 3.1622776985168457 4.4721360206604 3.605551242828369 1.4142135381698608 22.825424194335938
          25.317977905273438 1.4142135381698608 1.4142135381698608 1 1.4142135381698608 1.4142135381698608
          2.8284270763397217 1.4142135381698608 2 2.2360680103302 1 24.166091918945312
          1 1.4142135381698608 3.1622776985168457 3.1622776985168457 2.8284270763397217 1.4142135381698608
          20.2237491607666 11 3.1622776985168457 1 2.8284270763397217 2.2360680103302
          46.52956008911133 4.4721360206604 65.19202423095703 1 1 2
          4.123105525970459 35.05709457397461 35.22782897949219 33.241539001464844 5.099019527435303 1
          20.615528106689453 2.8284270763397217 3.605551242828369 4.123105525970459 1 1.4142135381698608
          4 2 5.385164737701416 2.2360680103302 2.2360680103302 24.083189010620117
          23.323806762695312 2.8284270763397217 1 43.600460052490234 2.2360680103302 14.142135620117188
          2.2360680103302 3.1622776985168457 9.219544410705566 29.681644439697266 1 2
          2.2360680103302 1 6.4031243324279785 28.600698471069336 4 68.62215423583984
          1 1.4142135381698608 1 4.123105525970459 3 18.601076126098633
          4 3 1 1.4142135381698608 2 1.4142135381698608
          3.1622776985168457 3 4.4721360206604 1 2 1
          2 1 1 6.324555397033691 53.45091247558594 1.4142135381698608
          1.4142135381698608 53.600372314453125 55.10898208618164 2 5.099019527435303 2.8284270763397217
          1 2.8284270763397217 4.242640495300293 1 3.605551242828369 8.5440034866333
          3 9.433980941772461 3.1622776985168457 6.7082037925720215 1 2.2360680103302
          24.041629791259766 2.8284270763397217 1 1.4142135381698608 1.4142135381698608 5
          1 3.605551242828369 2.2360680103302 64.66065216064453 1 3.605551242828369
          2.2360680103302 1 70.76722717285156 8.062257766723633 1.4142135381698608 2
          3.1622776985168457 15.29705810546875 4 4.123105525970459 37.202152252197266 40.8166618347168
          54.918121337890625 2.2360680103302 24.59674835205078 2.2360680103302 27.459060668945312 2.2360680103302
          27.20294189453125 45.45327377319336 16.124515533447266 14.560219764709473 2.2360680103302 1
          10.440306663513184 1 1 1 3.605551242828369 1.4142135381698608
          7.211102485656738 1 14.422204971313477 1.4142135381698608 3 49.04079818725586
          1.4142135381698608 34.66987228393555 3.605551242828369 1 1 1.4142135381698608
          42.44997024536133 3.605551242828369 2 3 1 2.2360680103302
          4.123105525970459 1.4142135381698608 7.071067810058594 7.211102485656738 2 2
          3 2.2360680103302 3.1622776985168457 4.242640495300293 3.1622776985168457 1.4142135381698608
          5 2 39.623226165771484 1 2.2360680103302 1
          3.1622776985168457 1 8.246211051940918 8.246211051940918 1 51.4781494140625
          4.4721360206604 3 2.2360680103302 4.123105525970459 7 12.806248664855957
          17.804492950439453 2.2360680103302 81.54139709472656 17.262676239013672 84.87638092041016 3.1622776985168457
          2.2360680103302 1 2.2360680103302 1 2.8284270763397217 44.14748001098633
          4.4721360206604 3.605551242828369 11.180339813232422 50.80354309082031 2.2360680103302 89.58794403076172
          70.03570556640625 10.440306663513184 1 1 1.4142135381698608 35.46829605102539
          1 1 8.062257766723633 5 46.86149978637695 1.4142135381698608
          2.2360680103302 66.37017059326172 2 7.071067810058594 41.78516387939453 2
          1.4142135381698608 1.4142135381698608 1.4142135381698608 1.4142135381698608 1 12.649110794067383
          6.082762718200684 1.4142135381698608 2.2360680103302 10 27.58622932434082 3
          1 4.4721360206604 3.605551242828369 1.4142135381698608 5.099019527435303 42.04759216308594
          1 110.49434661865234 1 2.2360680103302 1.4142135381698608 2
          2 3.605551242828369 5.385164737701416 99.00505065917969 6.4031243324279785 3
          3.1622776985168457 5.656854152679443 15.264337539672852 3 1 36.2353401184082
          17.804492950439453 1 77.42092895507812 1.4142135381698608 45.54119110107422 2
          2.2360680103302 1 2.2360680103302 1 1 4.4721360206604
          3.605551242828369 1 1 7.071067810058594 2 2.8284270763397217
          3.605551242828369 2 2.2360680103302 1 1.4142135381698608 2
          14.21267032623291 3.1622776985168457 120.42009735107422 4 6.324555397033691 98.31072998046875
          1 2.2360680103302 17.8885440826416 3.605551242828369 46.06517028808594 83.02409362792969
          92.54188537597656 4.242640495300293 103.23758697509766 1 53.413482666015625 2
          13 2 2 1 12.041594505310059 6.082762718200684
          127.41271209716797 1 51.400390625 1.4142135381698608 3.605551242828369 29.20616340637207
          1 4.4721360206604 27.459060668945312 13.601470947265625 7.280109882354736 1.4142135381698608
          2.2360680103302 36.49657440185547 26.90724754333496 42.72002029418945 26.925823211669922 2
          5.656854152679443 32.38827133178711 4.123105525970459 108.75660705566406 5.656854152679443 4.4721360206604
          1 2.2360680103302 5.099019527435303 2.2360680103302 2 1
          3 1.4142135381698608 91.78779602050781 1 4.123105525970459 82.02438354492188
          1.4142135381698608 1 6.082762718200684 2.2360680103302 1 71.02112579345703
          4.123105525970459 10.29563045501709 4.4721360206604 2.2360680103302 1 3.1622776985168457
          2.2360680103302 54.37830352783203 1.4142135381698608 11.045360565185547 1.4142135381698608 1.4142135381698608
          2.2360680103302 1 2 5 11 3.605551242828369
          1 3 107.35455322265625 3.1622776985168457 121.51131439208984 8.062257766723633
          2.2360680103302 6.7082037925720215 65.802734375 1 2.2360680103302 2.2360680103302
          1 3.605551242828369 2 42.44997024536133 1 24.1867733001709
          1.4142135381698608 3.1622776985168457 2 1.4142135381698608 5 120.2081527709961
          3.1622776985168457 17.0880069732666 46.69047164916992 2 65.76473236083984 1
          117.88553619384766 6.082762718200684 1.4142135381698608 1 4.123105525970459 5.385164737701416
          109.00458526611328 3.605551242828369 3.1622776985168457 60 2.2360680103302 103.16007232666016
          120.44085693359375 101.0197982788086 4 2.8284270763397217 69.02897644042969 32.4499626159668
          61.32699203491211 1.4142135381698608 33.241539001464844 3.1622776985168457 99.15644073486328 2.2360680103302
          117.79643249511719 102.8250961303711 24.020824432373047 29.546573638916016 1 107.56393432617188
          1 61.717098236083984 1 2.2360680103302 81.3019027709961 4
          1.4142135381698608 2 5.385164737701416 1 2 1.4142135381698608
          109.77249145507812 89.49860382080078 38.897300720214844 4.4721360206604 68.818603515625 7.280109882354736
          2.8284270763397217 100.44898986816406 1 2 3 1
          1.4142135381698608 2.8284270763397217 48.66210174560547 6.082762718200684 8.062257766723633 3.1622776985168457
          7.071067810058594 3.1622776985168457 2.2360680103302 31.14482307434082 8.246211051940918 1.4142135381698608
          6.082762718200684 13.152946472167969 1 2 5.656854152679443 85.61541748046875
          3 2.8284270763397217 5.385164737701416 1 10 5.099019527435303
          1.4142135381698608 1.4142135381698608 2.2360680103302 1.4142135381698608 1 2.2360680103302
          2 2.2360680103302 69.57010650634766 26 1.4142135381698608 2.2360680103302
          5 6.4031243324279785 45 40.607879638671875 2 11.045360565185547
          1 1 51.97114562988281 1 2.2360680103302 5
          37.48332977294922 8.062257766723633 82.49242401123047 1.4142135381698608 46.615447998046875 4.242640495300293
          91.52595520019531 86.95401000976562 160.63934326171875 2.2360680103302 19.10497283935547 1
          2 2 117.83463287353516 19.235383987426758 3 22.360679626464844
          21.931713104248047 59.93329620361328 2.2360680103302 36.12478256225586 2.8284270763397217 1.4142135381698608
          67.89698028564453 1 2.2360680103302 1 1 23.0867919921875
          2.2360680103302 1 1.4142135381698608 1.4142135381698608 17.029386520385742 4.242640495300293
          27.312999725341797 23.0867919921875 1 1 1 6.4031243324279785
          41.773197174072266 2 14.142135620117188 62.93647766113281 2.2360680103302 1
          48.10405349731445 2.2360680103302 43.600460052490234 50.80354309082031 5.099019527435303 30.870698928833008
          2.2360680103302 1.4142135381698608 1.4142135381698608 2 1 2
          1.4142135381698608 1 3 1 75.70997619628906 132.69891357421875
          7 1 4.4721360206604 72.86288452148438 1 1
          52.345008850097656 2.2360680103302 2.2360680103302 3.1622776985168457 90.44888305664062 86.33075714111328
          1 2.2360680103302 1 1.4142135381698608 3 2.2360680103302
          15.231546401977539 1.4142135381698608 1 1 54.708316802978516 3.1622776985168457
          28.160255432128906 57.28001403808594 3.605551242828369 3.1622776985168457 50.990196228027344 3
          2 6.324555397033691 2 2.8284270763397217 3.605551242828369 1
          5 2.2360680103302 5.099019527435303 20.59126091003418 1.4142135381698608 1
          1.4142135381698608 34.1760139465332 1 20.248456954956055 1.4142135381698608 1.4142135381698608
          9.219544410705566 6.7082037925720215 23.0867919921875 39.560081481933594 15.524174690246582 57.14017868041992
          1 2.2360680103302 1 2.2360680103302 1 54.918121337890625
          9.219544410705566 1 2.2360680103302 4 21 26.68332862854004
          1.4142135381698608 20.02498435974121 31.30495262145996 52.17279052734375 3.1622776985168457 2.2360680103302
          24.698177337646484 37.202152252197266 34.78505325317383 7.211102485656738 1 30.870698928833008
          1.4142135381698608 15.033296585083008 14.317821502685547 4.4721360206604 2.2360680103302 44.777225494384766
          7 42.01190185546875 8.062257766723633 2.2360680103302 18.973665237426758 31.78049659729004
          1 1 29.73213768005371 4.123105525970459 2.8284270763397217 1
          1 1 13 1.4142135381698608 31.14482307434082 1
          1 5.385164737701416 1 17.11724281311035 59.77457809448242 1
          1 2.2360680103302 2.8284270763397217 49.39635467529297 1 42.379241943359375
          55.46169662475586 1.4142135381698608 4.242640495300293 3 53.16013717651367 1.4142135381698608
          17.69180679321289 1 1 24.83948516845703 5.385164737701416 2
          1 47.53945541381836 32.69556427001953 39.217342376708984 30 40.79215621948242
          17 10.816654205322266 35.35533905029297 2 20 3.1622776985168457
          20.124610900878906 2.2360680103302 31.38471031188965 1 11.045360565185547 27.294687271118164
          19.10497283935547 34.828147888183594 1 1 1 40.31128692626953
          1 1.4142135381698608 4.123105525970459 3.605551242828369 7.071067810058594 18.601076126098633
          1 1 30.805843353271484 1 3.1622776985168457 2.8284270763397217
          3.1622776985168457 13.152946472167969 1 14.764822959899902 2 21.470911026000977
          3.605551242828369 132.63861083984375 1.4142135381698608 123.79418182373047 126.39620208740234 1
          130.4645538330078 2.2360680103302 2 12.041594505310059 3.1622776985168457 133
        </DataArray>
      </CellData>
      <Points>
        <DataArray type="Float32" Name="Points" NumberOfComponents="3" format="ascii" RangeMin="5" RangeMax="221.35265979879256">
          150 152 0 153 153 0
          147 138 0 144 142 0
          159 154 0 157 155 0
          157 82 0 156 81 0
          155 81 0 154 81 0
          154 80 0 152 75 0
          154 157 0 123 133 0
          124 135 0 124 119 0
          127 122 0 148 157 0
          148 155 0 155 146 0
          155 145 0 154 145 0
          143 144 0 154 153 0
          148 148 0 141 150 0
          140 150 0 140 149 0
          154 154 0 141 147 0
          149 141 0 147 141 0
          109 22 0 110 19 0
          138 139 0 140 139 0
          110 17 0 159 145 0
          157 145 0 110 12 0
          110 14 0 125 136 0
          102 139 0 102 141 0
          147 145 0 108 26 0
          134 135 0 131 138 0
          112 144 0 114 142 0
          122 139 0 127 124 0
          128 122 0 75 159 0
          73 156 0 85 93 0
          85 95 0 104 113 0
          104 111 0 108 43 0
          108 47 0 108 124 0
          103 126 0 145 27 0
          145 28 0 146 28 0
          148 40 0 148 39 0
          152 72 0 152 32 0
          149 31 0 147 39 0
          130 120 0 147 31 0
          138 22 0 137 22 0
          136 21 0 107 27 0
          153 40 0 158 50 0
          159 50 0 107 2 0
          111 8 0 112 9 0
          137 149 0 135 125 0
          136 126 0 141 23 0
          155 43 0 68 145 0
          69 144 0 88 151 0
          85 152 0 159 51 0
          101 158 0 99 153 0
          124 157 0 126 157 0
          148 31 0 70 144 0
          143 30 0 145 29 0
          157 47 0 146 30 0
          143 35 0 146 35 0
          121 142 0 145 31 0
          132 10 0 134 15 0
          117 116 0 117 118 0
          148 33 0 122 117 0
          109 116 0 108 117 0
          113 123 0 111 124 0
          148 74 0 113 112 0
          111 112 0 112 8 0
          115 5 0 113 6 0
          155 29 0 155 28 0
          129 157 0 129 158 0
          148 35 0 136 149 0
          135 144 0 147 35 0
          66 149 0 154 28 0
          154 27 0 129 159 0
          138 126 0 153 27 0
          119 132 0 155 30 0
          148 25 0 147 25 0
          103 143 0 152 26 0
          152 27 0 120 5 0
          143 134 0 144 132 0
          53 150 0 53 151 0
          82 159 0 83 156 0
          157 31 0 158 31 0
          159 141 0 159 143 0
          84 154 0 82 104 0
          83 103 0 136 123 0
          83 102 0 79 109 0
          134 24 0 118 132 0
          122 116 0 77 152 0
          75 153 0 119 155 0
          121 155 0 107 35 0
          107 31 0 147 75 0
          150 85 0 102 126 0
          127 135 0 101 103 0
          99 103 0 63 159 0
          59 159 0 54 151 0
          144 131 0 64 152 0
          66 151 0 116 119 0
          121 5 0 122 6 0
          91 135 0 93 135 0
          92 147 0 93 147 0
          85 140 0 85 141 0
          97 103 0 102 149 0
          101 150 0 123 6 0
          117 114 0 116 113 0
          126 6 0 117 115 0
          78 133 0 79 132 0
          80 112 0 79 112 0
          128 134 0 55 153 0
          55 152 0 134 25 0
          134 144 0 131 144 0
          51 145 0 52 144 0
          106 118 0 109 47 0
          125 129 0 123 8 0
          80 148 0 77 150 0
          107 39 0 79 111 0
          102 108 0 103 109 0
          93 149 0 121 9 0
          85 96 0 77 111 0
          129 144 0 72 155 0
          84 98 0 94 151 0
          128 154 0 74 146 0
          72 149 0 144 81 0
          143 81 0 83 144 0
          159 62 0 159 59 0
          143 80 0 146 84 0
          138 122 0 140 136 0
          141 136 0 98 143 0
          99 142 0 114 113 0
          113 113 0 103 44 0
          105 43 0 104 110 0
          96 116 0 99 114 0
          119 125 0 121 125 0
          100 151 0 110 112 0
          128 141 0 128 142 0
          129 153 0 51 137 0
          53 135 0 130 138 0
          107 52 0 107 50 0
          143 69 0 145 71 0
          125 152 0 125 153 0
          97 151 0 78 157 0
          77 110 0 100 117 0
          99 116 0 137 136 0
          55 143 0 53 143 0
          55 156 0 55 155 0
          107 120 0 96 30 0
          96 29 0 77 139 0
          74 141 0 96 28 0
          44 131 0 44 134 0
          110 139 0 112 138 0
          60 143 0 57 143 0
          92 158 0 88 159 0
          125 64 0 126 65 0
          69 133 0 70 131 0
          108 159 0 107 158 0
          128 66 0 156 101 0
          159 99 0 132 138 0
          53 142 0 98 35 0
          97 32 0 130 151 0
          130 125 0 76 86 0
          72 84 0 149 85 0
          100 53 0 104 52 0
          94 134 0 70 152 0
          148 84 0 109 113 0
          81 145 0 68 151 0
          68 152 0 103 61 0
          104 58 0 95 152 0
          118 16 0 120 17 0
          69 152 0 101 123 0
          142 63 0 144 64 0
          129 69 0 147 84 0
          54 134 0 69 129 0
          101 28 0 111 106 0
          107 107 0 158 66 0
          1 151 0 0 156 0
          101 122 0 90 133 0
          129 71 0 130 71 0
          106 142 0 88 148 0
          115 23 0 115 22 0
          106 106 0 103 117 0
          39 144 0 39 146 0
          115 21 0 45 159 0
          47 158 0 132 74 0
          132 73 0 147 104 0
          151 106 0 58 149 0
          57 150 0 114 24 0
          130 72 0 115 126 0
          79 97 0 40 156 0
          39 154 0 131 73 0
          131 72 0 89 99 0
          90 100 0 44 135 0
          59 132 0 59 131 0
          61 144 0 61 145 0
          138 66 0 139 68 0
          61 128 0 47 145 0
          48 144 0 107 157 0
          68 159 0 69 159 0
          105 133 0 105 132 0
          49 150 0 44 136 0
          108 56 0 107 54 0
          144 65 0 145 65 0
          136 76 0 135 75 0
          115 141 0 101 105 0
          44 137 0 63 124 0
          62 126 0 48 150 0
          49 129 0 47 131 0
          90 132 0 49 158 0
          52 157 0 105 157 0
          65 144 0 28 155 0
          28 157 0 50 141 0
          114 63 0 114 62 0
          109 75 0 112 74 0
          91 13 0 91 14 0
          113 62 0 64 120 0
          65 121 0 122 29 0
          121 28 0 113 57 0
          110 57 0 116 140 0
          119 28 0 105 145 0
          106 145 0 92 14 0
          117 70 0 116 68 0
          138 76 0 39 137 0
          58 159 0 120 28 0
          131 134 0 113 60 0
          12 158 0 13 157 0
          94 14 0 66 158 0
          115 68 0 40 146 0
          13 155 0 134 82 0
          134 81 0 133 81 0
          69 85 0 78 98 0
          81 89 0 82 90 0
          159 109 0 157 112 0
          39 147 0 152 19 0
          151 20 0 38 133 0
          37 136 0 132 35 0
          134 35 0 26 147 0
          26 150 0 137 83 0
          159 96 0 159 95 0
          87 99 0 106 107 0
          128 34 0 129 34 0
          106 146 0 107 146 0
          94 102 0 94 103 0
          89 128 0 89 129 0
          75 142 0 35 116 0
          35 120 0 80 130 0
          80 129 0 102 16 0
          104 16 0 90 101 0
          57 124 0 59 123 0
          37 140 0 36 143 0
          24 135 0 24 134 0
          89 131 0 89 130 0
          91 101 0 71 117 0
          71 116 0 79 129 0
          60 138 0 59 139 0
          85 119 0 81 119 0
          39 148 0 119 80 0
          118 78 0 99 16 0
          73 142 0 60 150 0
          20 145 0 20 147 0
          97 15 0 66 157 0
          71 115 0 68 115 0
          121 56 0 118 55 0
          124 60 0 125 59 0
          120 59 0 118 59 0
          77 127 0 76 127 0
          27 158 0 83 127 0
          83 128 0 76 126 0
          86 129 0 114 54 0
          112 54 0 126 59 0
          95 23 0 95 24 0
          122 60 0 48 120 0
          47 117 0 0 157 0
          84 128 0 4 147 0
          5 149 0 150 94 0
          152 92 0 117 55 0
          117 54 0 29 131 0
          33 134 0 38 137 0
          17 157 0 15 158 0
          82 128 0 11 153 0
          53 124 0 55 124 0
          94 20 0 93 20 0
          65 113 0 67 115 0
          43 142 0 42 141 0
          61 117 0 61 119 0
          77 128 0 78 119 0
          28 126 0 29 128 0
          64 136 0 41 159 0
          40 158 0 69 96 0
          65 97 0 95 20 0
          93 19 0 100 68 0
          103 65 0 39 152 0
          39 153 0 95 144 0
          96 130 0 95 132 0
          40 153 0 85 130 0
          85 128 0 137 85 0
          44 150 0 45 150 0
          152 120 0 150 117 0
          83 114 0 82 114 0
          40 150 0 6 159 0
          6 158 0 56 134 0
          71 138 0 72 138 0
          42 159 0 34 154 0
          34 153 0 81 115 0
          135 87 0 136 87 0
          18 128 0 19 130 0
          81 114 0 0 129 0
          0 131 0 60 122 0
          60 123 0 115 41 0
          113 41 0 46 143 0
          45 143 0 45 142 0
          14 142 0 12 145 0
          3 103 0 3 105 0
          91 114 0 90 115 0
          145 99 0 145 98 0
          41 150 0 33 153 0
          40 143 0 71 109 0
          73 108 0 122 87 0
          121 92 0 59 105 0
          61 101 0 11 148 0
          9 146 0 22 158 0
          21 157 0 17 150 0
          19 149 0 36 159 0
          37 159 0 144 98 0
          147 97 0 37 151 0
          38 151 0 25 152 0
          137 86 0 94 110 0
          95 110 0 35 155 0
          37 155 0 116 50 0
          33 151 0 33 146 0
          34 145 0 118 51 0
          118 50 0 29 141 0
          31 140 0 117 50 0
          32 151 0 52 88 0
          55 88 0 68 20 0
          72 24 0 93 46 0
          93 48 0 88 64 0
          92 67 0 22 121 0
          24 122 0 140 89 0
          141 89 0 42 108 0
          41 111 0 156 112 0
          0 132 0 142 87 0
          142 88 0 143 47 0
          143 48 0 87 60 0
          86 62 0 93 44 0
          93 45 0 88 117 0
          7 154 0 7 155 0
          36 57 0 40 56 0
          86 48 0 90 49 0
          59 71 0 56 74 0
          87 8 0 86 8 0
          68 107 0 66 107 0
          114 65 0 107 68 0
          109 68 0 87 2 0
          91 4 0 23 126 0
          24 129 0 31 109 0
          29 113 0 35 154 0
          66 116 0 75 121 0
          65 106 0 59 113 0
          60 112 0 11 152 0
          121 75 0 120 76 0
          6 156 0 54 74 0
          52 76 0 25 151 0
          113 159 0 111 159 0
          89 40 0 89 39 0
          33 158 0 34 158 0
          32 139 0 142 55 0
          139 56 0 125 53 0
          122 52 0 87 81 0
          85 83 0 59 111 0
          84 55 0 83 55 0
          65 76 0 63 74 0
          28 99 0 26 98 0
          124 95 0 128 93 0
          24 133 0 150 111 0
          150 112 0 33 140 0
          70 108 0 6 134 0
          7 129 0 9 145 0
          37 99 0 35 101 0
          36 106 0 33 108 0
          56 113 0 20 148 0
          110 88 0 109 87 0
          136 56 0 132 56 0
          0 94 0 0 96 0
          155 107 0 25 140 0
          27 139 0 0 143 0
          2 141 0 22 153 0
          22 154 0 30 121 0
          28 122 0 149 114 0
          5 143 0 4 140 0
          81 86 0 107 72 0
          106 72 0 26 122 0
          44 112 0 43 114 0
          0 135 0 140 96 0
          140 95 0 116 107 0
          115 108 0 28 139 0
          29 139 0 124 82 0
          121 82 0 24 138 0
          22 149 0 22 155 0
          74 107 0 45 117 0
          0 137 0 1 138 0
          56 0 0 53 0 0
          63 85 0 59 87 0
          90 95 0 89 95 0
          2 140 0 1 140 0
          150 110 0 82 132 0
          82 131 0 63 73 0
          66 109 0 154 110 0
          155 109 0 10 123 0
          9 124 0 75 108 0
          50 98 0 48 100 0
          35 121 0 24 152 0
          9 155 0 59 116 0
          59 117 0 17 116 0
          20 114 0 44 125 0
          53 119 0 53 122 0
          34 123 0 128 97 0
          128 98 0 50 114 0
          49 116 0 12 134 0
          10 132 0 108 86 0
          27 93 0 26 94 0
          1 81 0 4 77 0
          6 149 0 46 103 0
          129 105 0 128 103 0
          1 139 0 95 95 0
          93 96 0 87 110 0
          86 110 0 20 131 0
          21 132 0 88 44 0
          90 44 0 40 66 0
          43 65 0 1 149 0
          49 1 0 24 97 0
          63 98 0 127 100 0
          28 123 0 17 143 0
          53 105 0 55 106 0
          35 124 0 36 124 0
          63 3 0 68 81 0
          69 81 0 9 125 0
          43 94 0 46 92 0
          19 136 0 20 135 0
          3 159 0 153 125 0
          153 126 0 21 113 0
          9 121 0 37 123 0
          15 109 0 13 112 0
          12 141 0 13 141 0
          129 93 0 17 141 0
          16 142 0 79 3 0
          8 77 0 11 75 0
          77 3 0 97 84 0
          100 84 0 51 76 0
          87 71 0 88 70 0
          153 128 0 75 0 0
          78 0 0 72 101 0
          74 100 0 136 50 0
          135 49 0 0 126 0
          0 128 0 85 39 0
          72 25 0 122 44 0
          120 43 0 135 48 0
          136 46 0 83 54 0
          80 26 0 73 95 0
          84 39 0 86 55 0
          13 97 0 11 98 0
          24 105 0 20 104 0
          31 154 0 95 73 0
          94 71 0 20 156 0
          5 85 0 4 88 0
          61 73 0 84 83 0
          33 121 0 55 113 0
          58 115 0 26 115 0
          11 119 0 13 118 0
          98 79 0 98 78 0
          64 61 0 64 60 0
          47 91 0 25 130 0
          26 130 0 93 70 0
          92 70 0 122 85 0
          1 97 0 57 88 0
          92 68 0 153 124 0
          6 128 0 0 111 0
          1 112 0 106 102 0
          107 103 0 17 125 0
          18 124 0 56 79 0
          56 78 0 106 92 0
          105 93 0 5 106 0
          7 150 0 7 151 0
          28 101 0 9 106 0
          8 107 0 104 93 0
          56 77 0 102 83 0
          12 86 0 11 87 0
          19 86 0 19 88 0
          11 113 0 9 113 0
          3 115 0 56 75 0
          97 71 0 82 84 0
          52 96 0 9 140 0
          10 140 0 10 87 0
          81 29 0 82 28 0
          7 116 0 5 116 0
          11 100 0 9 101 0
          155 130 0 155 129 0
          140 110 0 138 109 0
          81 56 0 82 56 0
          97 78 0 104 82 0
          111 90 0 20 103 0
          64 59 0 127 96 0
          23 116 0 23 118 0
          13 85 0 95 76 0
          9 73 0 11 73 0
          15 84 0 78 29 0
          79 29 0 45 60 0
          46 59 0 64 58 0
          31 50 0 27 50 0
          65 85 0 19 89 0
          49 90 0 55 66 0
          55 65 0 28 103 0
          21 116 0 53 95 0
          53 93 0 34 103 0
          34 105 0 8 108 0
          24 116 0 26 105 0
          66 4 0 65 4 0
          8 90 0 9 89 0
          107 90 0 6 139 0
          65 3 0 69 79 0
          7 106 0 11 80 0
          11 82 0 69 4 0
          91 92 0 54 65 0
          55 98 0 54 96 0
          11 137 0 53 64 0
          66 9 0 68 9 0
          92 92 0 81 35 0
          84 35 0 112 91 0
          71 15 0 70 15 0
          9 117 0 8 112 0
          8 101 0 6 70 0
          4 69 0 69 9 0
          18 84 0 72 7 0
          16 37 0 17 35 0
          40 57 0 72 36 0
          75 35 0 40 86 0
          38 87 0 153 133 0
          152 134 0 73 12 0
          72 13 0 94 76 0
          93 75 0 37 91 0
          36 89 0 53 92 0
          70 13 0 74 12 0
          4 108 0 9 114 0
          18 75 0 15 75 0
          25 108 0 33 52 0
          37 111 0 47 59 0
          81 68 0 83 67 0
          3 69 0 51 64 0
          36 111 0 26 109 0
          114 91 0 79 43 0
          81 43 0 50 66 0
          51 65 0 56 68 0
          155 132 0 76 47 0
          78 47 0 0 91 0
          0 92 0 17 90 0
          3 109 0 157 134 0
          157 133 0 8 70 0
          54 91 0 44 62 0
          1 118 0 0 121 0
          27 109 0 39 73 0
          39 69 0 17 100 0
          15 98 0 12 74 0
          12 70 0 9 71 0
          3 110 0 102 90 0
          103 90 0 36 88 0
          82 70 0 82 69 0
          31 106 0 32 104 0
          140 118 0 141 117 0
          15 90 0 9 103 0
          44 64 0 44 65 0
          76 80 0 75 81 0
          23 52 0 2 99 0
          69 36 0 45 65 0
          67 36 0 61 83 0
          61 84 0 64 92 0
          65 91 0 39 93 0
          12 5 0 17 10 0
          20 34 0 81 79 0
          83 78 0 7 79 0
          46 74 0 47 73 0
          31 39 0 25 40 0
          5 93 0 6 93 0
          14 51 0 16 51 0
          19 51 0 22 51 0
          64 50 0 62 48 0
          6 82 0 6 83 0
          51 60 0 52 61 0
          50 71 0 49 72 0
          119 103 0 121 102 0
          159 123 0 158 122 0
          48 72 0 51 71 0
          6 81 0 11 32 0
          13 33 0 7 80 0
          21 38 0 44 73 0
          116 102 0 118 102 0
          74 59 0 75 59 0
          20 68 0 21 68 0
          159 128 0 159 129 0
          66 57 0 100 98 0
          99 99 0 38 44 0
          35 47 0 1 88 0
          13 62 0 14 60 0
          90 79 0 89 79 0
          96 99 0 98 99 0
          14 58 0 67 58 0
          0 40 0 2 39 0
          2 60 0 0 62 0
          92 89 0 91 90 0
          71 72 0 70 72 0
          30 73 0 31 71 0
          76 53 0 76 54 0
          68 58 0 75 51 0
          77 50 0 21 69 0
          3 38 0 22 69 0
          17 57 0 91 88 0
          91 89 0 102 100 0
          101 100 0 61 48 0
          21 55 0 39 80 0
          41 80 0 71 65 0
          72 67 0 67 54 0
          67 55 0 24 77 0
          23 79 0 67 47 0
          78 61 0 27 90 0
          25 91 0 131 111 0
          132 112 0 1 14 0
          2 15 0 52 11 0
          52 9 0 54 50 0
          54 49 0 64 67 0
          64 65 0 53 48 0
          78 62 0 22 70 0
          15 69 0 2 16 0
          4 35 0 79 62 0
          79 63 0 115 99 0
          115 100 0 13 45 0
          15 44 0 28 86 0
          27 88 0 64 54 0
          0 63 0 6 18 0
          4 17 0 21 41 0
          21 40 0 20 56 0
          0 65 0 61 42 0
          62 40 0 35 61 0
          16 43 0 15 42 0
          44 54 0 44 55 0
          21 39 0 56 36 0
          59 35 0 3 28 0
          0 30 0 41 47 0
          38 48 0 57 49 0
          0 35 0 0 37 0
          12 40 0 11 40 0
          17 45 0 26 57 0
          21 58 0 54 57 0
          53 58 0 30 61 0
          30 60 0 9 38 0
          10 39 0 17 46 0
          60 34 0 62 39 0
          63 38 0 17 48 0
          42 44 0 42 45 0
          74 75 0 73 77 0
          8 49 0 8 50 0
          64 64 0 40 41 0
          40 42 0 61 34 0
          40 27 0 40 31 0
          73 68 0 72 69 0
          67 64 0 4 63 0
          6 64 0 0 23 0
          73 62 0 74 62 0
          5 34 0 28 81 0
          26 82 0 7 34 0
          11 26 0 9 27 0
          47 36 0 47 35 0
          46 35 0 22 45 0
          33 29 0 29 30 0
          54 42 0 56 40 0
          8 45 0 9 45 0
          22 46 0 23 30 0
          23 31 0 40 34 0
          39 35 0 36 39 0
          36 38 0 29 22 0
          29 23 0 49 30 0
          56 44 0 57 44 0
          0 26 0 30 23 0
          0 25 0 16 24 0
          14 25 0 49 41 0
          47 39 0 42 0 0
          41 0 0 37 37 0
          29 26 0 8 28 0
          70 61 0 69 61 0
          0 52 0 0 53 0
          51 45 0 37 40 0
          7 27 0 51 44 0
          5 11 0 5 13 0
          19 14 0 16 15 0
          21 25 0 19 26 0
          18 27 0 18 26 0
          46 48 0 156 0 0
          157 0 0 19 11 0
          19 12 0 47 48 0
          18 19 0 20 17 0
          20 16 0 15 16 0
          34 1 0 33 1 0
          23 12 0 23 13 0
          4 8 0 0 7 0
          1 7 0 5 0 0
          4 3 0 3 5 0
          157 1 0 155 0 0
          24 5 0 27 3 0
          31 15 0 32 14 0
          158 4 0 158 3 0
          28 15 0 29 13 0
          24 0 0 26 0 0
          159 0 0
          <InformationKey name="L2_NORM_RANGE" location="vtkDataArray" length="2">
            <Value index="0">
              5
            </Value>
            <Value index="1">
              221.3526598
            </Value>
          </InformationKey>
        </DataArray>
      </Points>
      <Cells>
        <DataArray type="Int64" Name="connectivity" format="ascii" RangeMin="0" RangeMax="1404">
          0 1 2 3 4 5
          6 7 8 7 7 9
          10 9 9 11 12 5
          13 14 15 16 17 18
          19 20 21 20 22 3
          23 1 20 24 25 26
          27 26 1 28 26 29
          5 28 28 18 30 31
          32 33 18 24 34 35
          3 35 36 33 35 29
          37 38 39 40 41 14
          29 31 33 40 42 43
          24 44 40 45 46 47
          31 44 48 49 14 50
          51 52 53 54 55 56
          57 58 59 60 61 62
          63 64 65 64 44 38
          66 67 68 11 69 70
          71 67 72 52 64 73
          52 16 74 75 76 75
          77 45 67 78 79 80
          81 82 45 83 38 84
          85 86 75 87 88 78
          89 90 91 92 93 80
          94 95 96 97 98 73
          73 87 99 90 100 101
          80 102 87 103 104 105
          106 50 107 103 108 109
          103 101 110 111 101 70
          70 112 16 113 114 115
          116 117 11 118 119 120
          121 83 122 123 124 125
          126 127 78 128 129 84
          84 130 131 128 128 105
          90 132 83 82 133 125
          105 112 125 134 135 127
          136 86 137 134 50 138
          112 139 127 97 82 123
          140 141 142 43 143 144
          134 139 123 145 146 147
          148 149 150 151 139 152
          153 152 154 155 156 92
          152 102 102 141 157 158
          86 159 160 158 158 161
          141 144 144 162 163 138
          164 113 165 166 167 168
          169 170 171 118 118 172
          173 62 138 174 175 176
          177 178 179 149 180 147
          181 182 62 117 183 111
          184 185 186 187 188 189
          190 191 192 176 193 194
          195 185 196 197 185 145
          145 198 111 199 200 201
          202 203 204 174 205 206
          207 162 208 130 130 209
          162 109 92 151 210 211
          212 115 213 60 109 198
          198 170 113 214 170 215
          216 217 60 218 219 203
          220 221 222 189 223 215
          149 206 224 56 203 225
          226 209 227 166 56 228
          189 229 97 230 231 232
          233 234 235 191 236 237
          238 234 234 239 240 159
          241 242 243 244 215 218
          245 246 174 214 247 248
          249 58 250 251 252 253
          254 194 255 120 58 221
          256 257 120 246 147 242
          214 253 258 230 259 260
          261 47 246 197 218 248
          262 263 264 265 266 267
          230 168 248 263 194 268
          151 269 270 225 271 272
          168 267 242 273 225 161
          263 237 274 275 276 277
          117 278 279 280 281 282
          283 280 284 285 286 287
          288 289 290 291 292 293
          294 295 209 257 296 297
          298 293 299 300 47 301
          302 275 197 199 115 278
          257 301 303 304 206 277
          267 305 301 273 280 304
          253 306 166 54 307 308
          309 172 310 311 43 244
          172 265 312 187 54 313
          265 314 221 251 199 315
          191 316 237 311 317 318
          161 228 278 315 319 320
          275 211 321 229 322 323
          159 306 324 318 315 325
          326 327 293 328 329 314
          330 260 273 305 314 239
          331 295 304 332 333 334
          311 323 239 335 336 337
          338 325 306 287 187 339
          318 313 211 289 313 182
          340 341 251 272 244 342
          229 343 344 345 346 334
          272 347 348 349 350 345
          351 352 353 354 355 356
          357 358 345 359 360 341
          325 361 228 362 363 364
          323 359 359 335 365 354
          354 366 367 368 369 285
          341 366 370 371 289 372
          373 372 366 328 305 155
          374 375 376 371 377 378
          379 297 380 381 382 383
          182 217 277 384 217 381
          381 316 285 385 386 387
          388 327 335 389 390 391
          392 49 176 393 327 389
          394 385 389 375 395 396
          372 378 316 269 397 384
          398 399 400 339 401 402
          269 343 328 391 297 403
          378 404 405 406 260 407
          408 409 410 411 287 361
          412 413 375 387 387 332
          414 409 415 416 417 418
          419 420 361 421 384 402
          332 422 49 421 423 424
          425 413 426 427 391 428
          385 429 430 178 431 418
          418 422 155 432 409 433
          434 435 422 420 413 436
          178 437 438 427 421 347
          439 349 440 435 441 442
          443 442 444 308 445 362
          446 447 448 449 349 450
          451 452 453 454 343 132
          455 456 420 456 347 393
          457 458 442 459 460 461
          362 462 456 459 334 463
          464 465 459 465 466 424
          424 467 468 469 393 342
          132 268 465 428 428 452
          470 471 472 282 473 474
          475 476 477 478 452 461
          479 368 342 467 480 481
          482 483 484 485 339 486
          487 471 368 488 467 432
          489 490 491 476 492 493
          494 495 461 478 496 450
          478 433 402 358 497 498
          432 463 427 411 476 201
          433 499 282 500 358 501
          450 483 471 486 463 469
          268 501 502 503 501 232
          504 499 505 437 411 498
          469 488 506 490 490 507
          508 509 510 511 512 513
          514 515 516 406 517 518
          488 383 499 320 232 404
          519 515 486 520 404 291
          521 522 320 436 523 511
          291 95 436 522 524 525
          511 526 527 528 383 462
          529 337 530 518 371 396
          531 532 533 534 535 509
          509 536 537 538 522 536
          539 429 95 437 540 541
          437 352 518 542 435 543
          544 545 546 547 548 549
          550 551 536 513 513 525
          552 553 525 526 515 554
          555 495 556 557 295 558
          352 407 559 560 561 562
          526 563 396 416 564 547
          565 566 567 568 462 569
          201 554 570 571 407 403
          572 364 403 500 547 563
          573 574 563 534 534 575
          576 577 364 568 578 579
          429 454 500 493 580 581
          493 577 483 582 568 560
          454 551 577 569 583 584
          416 585 586 587 560 588
          589 590 554 542 591 581
          592 593 594 595 581 596
          597 598 569 587 599 600
          587 585 601 602 585 603
          604 605 542 574 606 607
          551 605 608 609 610 611
          612 613 614 582 605 603
          603 611 611 596 615 590
          596 588 582 616 617 618
          588 399 399 616 616 558
          619 620 621 622 558 600
          623 624 625 626 627 628
          629 630 631 613 613 632
          633 634 406 635 636 575
          637 638 600 634 639 640
          575 641 590 642 643 644
          645 646 647 648 649 646
          650 642 574 520 646 641
          651 652 641 632 634 644
          653 654 655 656 632 300
          657 658 300 602 644 638
          659 660 661 662 663 664
          665 449 666 598 602 656
          656 593 638 447 593 667
          668 667 669 670 671 672
          447 640 640 481 673 674
          481 675 676 677 678 679
          667 662 662 674 680 681
          682 683 674 670 670 684
          685 684 686 687 520 571
          684 356 498 688 495 675
          675 630 689 690 691 692
          356 566 693 694 695 696
          642 697 698 549 571 699
          630 538 700 687 701 702
          703 543 704 705 706 677
          707 708 709 458 710 711
          458 635 712 713 538 545
          714 715 716 648 717 718
          719 720 721 722 723 702
          545 699 566 688 677 584
          724 725 726 727 728 729
          699 557 730 731 688 692
          732 485 733 734 648 735
          687 736 692 713 713 690
          557 553 737 738 739 624
          690 720 740 741 742 743
          702 744 745 503 746 747
          748 749 750 751 449 752
          753 754 503 628 720 705
          705 749 755 756 757 758
          553 697 759 760 697 735
          761 734 762 763 308 764
          749 765 766 765 767 760
          768 769 549 507 543 541
          765 681 598 770 681 771
          772 771 773 774 775 754
          735 776 777 778 771 752
          485 779 628 780 781 758
          782 618 783 528 784 785
          624 607 786 787 788 789
          790 791 754 776 792 793
          734 794 795 796 797 727
          507 798 752 718 799 800
          801 802 776 796 718 794
          618 803 794 800 804 805
          806 474 758 807 584 808
          809 810 811 812 528 813
          814 815 800 579 474 816
          541 808 817 818 819 820
          796 803 821 822 635 807
          823 747 824 825 826 827
          828 532 829 805 830 831
          803 715 832 793 807 780
          833 834 835 836 715 836
          780 626 837 838 839 840
          841 842 836 791 532 843
          844 787 791 810 810 779
          779 736 845 729 736 764
          846 562 764 798 847 818
          798 813 579 778 813 848
          626 849 850 851 852 853
          787 854 855 856 760 848
          857 802 858 859 860 861
          808 862 863 864 848 861
          865 812 802 866 778 840
          867 853 861 820 868 869
          870 871 872 731 873 874
          840 875 876 877 878 875
          879 880 881 708 853 816
          607 871 882 883 731 620
          820 815 884 864 793 785
          885 886 887 888 785 770
          337 862 875 886 889 890
          818 831 891 892 886 893
          894 654 895 896 897 890
          890 898 899 725 654 900
          562 901 902 893 893 898
          871 849 725 903 904 905
          906 907 770 892 815 769
          849 908 909 910 769 711
          862 911 711 664 912 913
          727 914 915 722 816 916
          917 744 744 918 664 908
          708 683 919 696 908 911
          898 903 920 921 911 856
          856 838 838 660 922 923
          924 925 926 859 660 843
          927 928 929 930 812 921
          921 866 903 931 932 751
          933 789 843 918 934 930
          620 931 918 595 864 935
          936 738 937 938 939 940
          941 942 943 944 892 763
          595 942 945 946 947 609
          942 928 928 948 930 658
          949 948 658 910 729 950
          951 952 683 914 931 896
          953 946 948 940 954 944
          955 880 956 957 958 959
          960 961 962 938 914 963
          940 874 696 743 910 964
          722 965 805 966 874 694
          944 963 967 968 896 964
          694 968 969 957 968 901
          970 971 964 971 972 973
          974 975 976 977 978 979
          980 981 982 923 880 983
          747 984 985 907 986 925
          831 987 988 989 957 990
          923 991 992 993 994 990
          995 996 997 998 925 999
          901 965 971 996 996 935
          1000 1001 789 1002 935 981
          1003 959 763 756 965 888
          859 1004 888 916 916 774
          774 989 738 822 981 977
          1005 1006 989 1002 1007 950
          866 1008 1009 1010 1011 1012
          1013 952 743 1014 907 1015
          977 900 1016 1017 1002 1014
          1018 1019 946 1020 1014 1021
          1022 1017 756 1021 1021 1008
          963 1023 950 825 952 1024
          1017 854 900 672 672 983
          1008 622 983 987 1025 1026
          990 1019 622 834 609 1024
          987 1027 938 973 834 1028
          1029 1006 1030 1031 822 1032
          1006 1033 1034 1035 1036 1028
          1037 1038 1039 984 1028 1032
          1040 1041 973 1042 1032 1023
          1043 961 1044 975 854 1027
          1045 1046 1047 1035 1023 1042
          959 1048 1019 1048 1035 1049
          1050 1051 1052 679 1053 1054
          1055 1056 1042 652 1057 1058
          1027 1041 1059 1060 1061 1062
          1063 1064 1065 1010 1066 1060
          1041 1067 825 1015 1024 1068
          961 1069 1070 1071 652 1058
          1015 1072 1058 1012 679 1073
          1060 1067 1012 1074 1067 1062
          1075 998 1062 991 1076 1077
          1078 1046 975 905 1079 1033
          991 1038 1080 1074 1074 1004
          1081 1072 984 1082 1083 1084
          1085 1086 1033 1087 1038 1088
          1010 966 1004 851 851 1069
          1089 1090 1069 1087 1091 1092
          1087 1088 1048 1093 1094 1068
          1095 1096 1046 1097 966 1098
          1088 1098 998 1099 1100 1101
          1098 1082 1072 1102 1082 869
          869 1049 1049 741 1103 1104
          1105 1106 741 1090 1090 1086
          1086 1020 1107 877 1020 1077
          1108 1109 1077 1096 1068 1110
          1096 1084 1084 1110 1110 1102
          1102 1101 1111 1112 1101 1112
          1113 1064 1112 1054 1114 1115
          1116 1117 1054 1117 751 1092
          1118 1119 1120 1093 905 1121
          1122 1123 877 993 1124 1125
          1117 1119 1119 1031 1031 1115
          1126 1001 1115 979 1092 1127
          1064 1056 979 1128 1129 1123
          1130 1128 1123 1099 1131 1132
          1133 1134 993 1109 1128 1132
          1056 1135 1132 1134 1099 842
          1136 1137 1138 1051 1139 1140
          1134 883 1109 1141 1142 1143
          1144 1145 1093 913 1146 1147
          1148 1149 842 1104 883 1121
          1150 1151 1152 1153 913 1147
          1154 1155 1147 1155 1001 1151
          1156 1157 1158 1159 1160 1161
          1162 1163 1164 1159 1159 1165
          1155 1166 1167 1168 1121 1125
          1125 1165 1169 1166 1166 1141
          1051 1170 1104 1171 1165 1106
          1106 1143 1172 1173 1151 1073
          1174 1175 1176 1177 1143 1127
          1178 1179 1180 999 1141 1026
          1127 1135 1026 1071 1135 1161
          1181 1182 1161 1179 1183 1184
          1179 1140 1140 1163 1163 1185
          1186 1187 1071 1185 1188 1189
          1190 1191 1192 1187 1185 1173
          1173 1182 999 1193 1182 1189
          1189 1191 1191 1171 1194 1195
          1171 1097 1196 1197 1198 1199
          1097 1175 1200 1201 1202 1203
          1204 1205 1206 1193 1175 1157
          1207 1208 1209 1177 1210 1195
          1177 1211 1073 1149 1187 1212
          1157 1208 1208 1201 1213 1214
          1215 1216 1217 1153 1149 1218
          1201 1216 1219 1220 1216 1199
          1199 1203 1221 1222 1223 1224
          1203 1205 1225 1226 1205 1220
          1220 1214 1153 1227 1214 1228
          1229 1230 1231 1232 1233 1234
          1235 1236 1237 1238 1239 1240
          1241 1238 1242 1228 1193 1224
          1243 1211 1228 827 827 1232
          1211 1244 1245 1234 1195 1246
          1232 1247 1248 1247 1249 1250
          1247 1250 1251 1252 1253 1254
          1224 1255 1250 1230 1230 1236
          1256 1197 1257 1258 1259 1260
          1261 1218 1197 1262 1263 1264
          1218 1265 1266 1267 1268 1269
          1270 1170 1236 1265 1271 1272
          1265 1254 1254 1227 1273 1274
          1275 1276 1227 1212 1238 1277
          1170 1260 1260 1267 1278 1279
          1234 1258 1267 1280 1281 1280
          1280 1252 1252 1282 1283 1284
          1212 1184 1285 1286 1287 1288
          1289 1290 1184 1226 1291 1282
          1226 1288 1292 1272 1293 1294
          1282 1290 1290 1168 1288 1286
          1286 1244 1168 1295 1244 1294
          1296 1297 1298 1299 1300 1301
          1294 1264 1302 1240 1264 1301
          1301 1295 1303 1304 1272 1305
          1306 1307 1295 1276 1276 1255
          1308 1309 1255 1269 1269 1309
          1309 1284 1240 1310 1311 1312
          1284 1297 1297 1222 1222 1305
          1258 1313 1314 1315 1305 1315
          1316 1246 1315 1299 1299 1310
          1246 1279 1317 1318 1310 1318
          1279 1274 1318 1145 1274 1319
          1320 1321 1145 1319 1319 1262
          1322 1323 1324 1323 1262 1325
          1326 1327 1328 1329 1330 1331
          1332 1325 1333 1334 1325 1331
          1335 1336 1331 1304 1337 1338
          1339 1340 1323 1341 1342 1343
          1304 1343 1343 1344 1345 1340
          1346 1344 1347 1348 1349 1350
          1344 1351 1352 1351 1351 1329
          1329 1312 1353 1338 1338 1336
          1340 1354 1312 1277 1355 1321
          1277 1356 1357 1356 1358 1359
          1356 1360 1336 1361 1321 1362
          1363 1360 1360 1362 1362 1361
          1361 1359 1359 1313 1313 1307
          1307 1334 1334 1348 1348 1341
          1364 1365 1341 1327 1366 1367
          1327 1350 1368 1369 1350 1370
          1371 1370 1370 1354 1354 1365
          1365 1369 1369 1372 1373 1374
          1375 1376 1377 1372 1372 1378
          1379 1380 1381 1367 1367 1380
          1380 1378 1378 1376 1376 1382
          1383 1382 1384 1385 1382 1386
          1387 1388 1389 1390 1391 1388
          1388 1386 1386 1137 1392 1374
          1137 1390 1374 1393 1390 1385
          1394 1395 1385 1393 1396 1397
          1393 1397 1397 1398 1399 1398
          1398 1400 1401 1400 1402 1403
          1400 1395 1395 1403 1403 1404
        </DataArray>
        <DataArray type="Int64" Name="offsets" format="ascii" RangeMin="2" RangeMax="2808">
          2 4 6 8 10 12
          14 16 18 20 22 24
          26 28 30 32 34 36
          38 40 42 44 46 48
          50 52 54 56 58 60
          62 64 66 68 70 72
          74 76 78 80 82 84
          86 88 90 92 94 96
          98 100 102 104 106 108
          110 112 114 116 118 120
          122 124 126 128 130 132
          134 136 138 140 142 144
          146 148 150 152 154 156
          158 160 162 164 166 168
          170 172 174 176 178 180
          182 184 186 188 190 192
          194 196 198 200 202 204
          206 208 210 212 214 216
          218 220 222 224 226 228
          230 232 234 236 238 240
          242 244 246 248 250 252
          254 256 258 260 262 264
          266 268 270 272 274 276
          278 280 282 284 286 288
          290 292 294 296 298 300
          302 304 306 308 310 312
          314 316 318 320 322 324
          326 328 330 332 334 336
          338 340 342 344 346 348
          350 352 354 356 358 360
          362 364 366 368 370 372
          374 376 378 380 382 384
          386 388 390 392 394 396
          398 400 402 404 406 408
          410 412 414 416 418 420
          422 424 426 428 430 432
          434 436 438 440 442 444
          446 448 450 452 454 456
          458 460 462 464 466 468
          470 472 474 476 478 480
          482 484 486 488 490 492
          494 496 498 500 502 504
          506 508 510 512 514 516
          518 520 522 524 526 528
          530 532 534 536 538 540
          542 544 546 548 550 552
          554 556 558 560 562 564
          566 568 570 572 574 576
          578 580 582 584 586 588
          590 592 594 596 598 600
          602 604 606 608 610 612
          614 616 618 620 622 624
          626 628 630 632 634 636
          638 640 642 644 646 648
          650 652 654 656 658 660
          662 664 666 668 670 672
          674 676 678 680 682 684
          686 688 690 692 694 696
          698 700 702 704 706 708
          710 712 714 716 718 720
          722 724 726 728 730 732
          734 736 738 740 742 744
          746 748 750 752 754 756
          758 760 762 764 766 768
          770 772 774 776 778 780
          782 784 786 788 790 792
          794 796 798 800 802 804
          806 808 810 812 814 816
          818 820 822 824 826 828
          830 832 834 836 838 840
          842 844 846 848 850 852
          854 856 858 860 862 864
          866 868 870 872 874 876
          878 880 882 884 886 888
          890 892 894 896 898 900
          902 904 906 908 910 912
          914 916 918 920 922 924
          926 928 930 932 934 936
          938 940 942 944 946 948
          950 952 954 956 958 960
          962 964 966 968 970 972
          974 976 978 980 982 984
          986 988 990 992 994 996
          998 1000 1002 1004 1006 1008
          1010 1012 1014 1016 1018 1020
          1022 1024 1026 1028 1030 1032
          1034 1036 1038 1040 1042 1044
          1046 1048 1050 1052 1054 1056
          1058 1060 1062 1064 1066 1068
          1070 1072 1074 1076 1078 1080
          1082 1084 1086 1088 1090 1092
          1094 1096 1098 1100 1102 1104
          1106 1108 1110 1112 1114 1116
          1118 1120 1122 1124 1126 1128
          1130 1132 1134 1136 1138 1140
          1142 1144 1146 1148 1150 1152
          1154 1156 1158 1160 1162 1164
          1166 1168 1170 1172 1174 1176
          1178 1180 1182 1184 1186 1188
          1190 1192 1194 1196 1198 1200
          1202 1204 1206 1208 1210 1212
          1214 1216 1218 1220 1222 1224
          1226 1228 1230 1232 1234 1236
          1238 1240 1242 1244 1246 1248
          1250 1252 1254 1256 1258 1260
          1262 1264 1266 1268 1270 1272
          1274 1276 1278 1280 1282 1284
          1286 1288 1290 1292 1294 1296
          1298 1300 1302 1304 1306 1308
          1310 1312 1314 1316 1318 1320
          1322 1324 1326 1328 1330 1332
          1334 1336 1338 1340 1342 1344
          1346 1348 1350 1352 1354 1356
          1358 1360 1362 1364 1366 1368
          1370 1372 1374 1376 1378 1380
          1382 1384 1386 1388 1390 1392
          1394 1396 1398 1400 1402 1404
          1406 1408 1410 1412 1414 1416
          1418 1420 1422 1424 1426 1428
          1430 1432 1434 1436 1438 1440
          1442 1444 1446 1448 1450 1452
          1454 1456 1458 1460 1462 1464
          1466 1468 1470 1472 1474 1476
          1478 1480 1482 1484 1486 1488
          1490 1492 1494 1496 1498 1500
          1502 1504 1506 1508 1510 1512
          1514 1516 1518 1520 1522 1524
          1526 1528 1530 1532 1534 1536
          1538 1540 1542 1544 1546 1548
          1550 1552 1554 1556 1558 1560
          1562 1564 1566 1568 1570 1572
          1574 1576 1578 1580 1582 1584
          1586 1588 1590 1592 1594 1596
          1598 1600 1602 1604 1606 1608
          1610 1612 1614 1616 1618 1620
          1622 1624 1626 1628 1630 1632
          1634 1636 1638 1640 1642 1644
          1646 1648 1650 1652 1654 1656
          1658 1660 1662 1664 1666 1668
          1670 1672 1674 1676 1678 1680
          1682 1684 1686 1688 1690 1692
          1694 1696 1698 1700 1702 1704
          1706 1708 1710 1712 1714 1716
          1718 1720 1722 1724 1726 1728
          1730 1732 1734 1736 1738 1740
          1742 1744 1746 1748 1750 1752
          1754 1756 1758 1760 1762 1764
          1766 1768 1770 1772 1774 1776
          1778 1780 1782 1784 1786 1788
          1790 1792 1794 1796 1798 1800
          1802 1804 1806 1808 1810 1812
          1814 1816 1818 1820 1822 1824
          1826 1828 1830 1832 1834 1836
          1838 1840 1842 1844 1846 1848
          1850 1852 1854 1856 1858 1860
          1862 1864 1866 1868 1870 1872
          1874 1876 1878 1880 1882 1884
          1886 1888 1890 1892 1894 1896
          1898 1900 1902 1904 1906 1908
          1910 1912 1914 1916 1918 1920
          1922 1924 1926 1928 1930 1932
          1934 1936 1938 1940 1942 1944
          1946 1948 1950 1952 1954 1956
          1958 1960 1962 1964 1966 1968
          1970 1972 1974 1976 1978 1980
          1982 1984 1986 1988 1990 1992
          1994 1996 1998 2000 2002 2004
          2006 2008 2010 2012 2014 2016
          2018 2020 2022 2024 2026 2028
          2030 2032 2034 2036 2038 2040
          2042 2044 2046 2048 2050 2052
          2054 2056 2058 2060 2062 2064
          2066 2068 2070 2072 2074 2076
          2078 2080 2082 2084 2086 2088
          2090 2092 2094 2096 2098 2100
          2102 2104 2106 2108 2110 2112
          2114 2116 2118 2120 2122 2124
          2126 2128 2130 2132 2134 2136
          2138 2140 2142 2144 2146 2148
          2150 2152 2154 2156 2158 2160
          2162 2164 2166 2168 2170 2172
          2174 2176 2178 2180 2182 2184
          2186 2188 2190 2192 2194 2196
          2198 2200 2202 2204 2206 2208
          2210 2212 2214 2216 2218 2220
          2222 2224 2226 2228 2230 2232
          2234 2236 2238 2240 2242 2244
          2246 2248 2250 2252 2254 2256
          2258 2260 2262 2264 2266 2268
          2270 2272 2274 2276 2278 2280
          2282 2284 2286 2288 2290 2292
          2294 2296 2298 2300 2302 2304
          2306 2308 2310 2312 2314 2316
          2318 2320 2322 2324 2326 2328
          2330 2332 2334 2336 2338 2340
          2342 2344 2346 2348 2350 2352
          2354 2356 2358 2360 2362 2364
          2366 2368 2370 2372 2374 2376
          2378 2380 2382 2384 2386 2388
          2390 2392 2394 2396 2398 2400
          2402 2404 2406 2408 2410 2412
          2414 2416 2418 2420 2422 2424
          2426 2428 2430 2432 2434 2436
          2438 2440 2442 2444 2446 2448
          2450 2452 2454 2456 2458 2460
          2462 2464 2466 2468 2470 2472
          2474 2476 2478 2480 2482 2484
          2486 2488 2490 2492 2494 2496
          2498 2500 2502 2504 2506 2508
          2510 2512 2514 2516 2518 2520
          2522 2524 2526 2528 2530 2532
          2534 2536 2538 2540 2542 2544
          2546 2548 2550 2552 2554 2556
          2558 2560 2562 2564 2566 2568
          2570 2572 2574 2576 2578 2580
          2582 2584 2586 2588 2590 2592
          2594 2596 2598 2600 2602 2604
          2606 2608 2610 2612 2614 2616
          2618 2620 2622 2624 2626 2628
          2630 2632 2634 2636 2638 2640
          2642 2644 2646 2648 2650 2652
          2654 2656 2658 2660 2662 2664
          2666 2668 2670 2672 2674 2676
          2678 2680 2682 2684 2686 2688
          2690 2692 2694 2696 2698 2700
          2702 2704 2706 2708 2710 2712
          2714 2716 2718 2720 2722 2724
          2726 2728 2730 2732 2734 2736
          2738 2740 2742 2744 2746 2748
          2750 2752 2754 2756 2758 2760
          2762 2764 2766 2768 2770 2772
          2774 2776 2778 2780 2782 2784
          2786 2788 2790 2792 2794 2796
          2798 2800 2802 2804 2806 2808
        </DataArray>
        <DataArray type="UInt8" Name="types" format="ascii" RangeMin="3" RangeMax="3">
          3 3 3 3 3 3
          3 3 3 3 3 3
          3 3 3 3 3 3
          3 3 3 3 3 3
          3 3 3 3 3 3
          3 3 3 3 3 3
          3 3 3 3 3 3
          3 3 3 3 3 3
          3 3 3 3 3 3
          3 3 3 3 3 3
          3 3 3 3 3 3
          3 3 3 3 3 3
          3 3 3 3 3 3
          3 3 3 3 3 3
          3 3 3 3 3 3
          3 3 3 3 3 3
          3 3 3 3 3 3
          3 3 3 3 3 3
          3 3 3 3 3 3
          3 3 3 3 3 3
          3 3 3 3 3 3
          3 3 3 3 3 3
          3 3 3 3 3 3
          3 3 3 3 3 3
          3 3 3 3 3 3
          3 3 3 3 3 3
          3 3 3 3 3 3
          3 3 3 3 3 3
          3 3 3 3 3 3
          3 3 3 3 3 3
          3 3 3 3 3 3
          3 3 3 3 3 3
          3 3 3 3 3 3
          3 3 3 3 3 3
          3 3 3 3 3 3
          3 3 3 3 3 3
          3 3 3 3 3 3
          3 3 3 3 3 3
          3 3 3 3 3 3
          3 3 3 3 3 3
          3 3 3 3 3 3
          3 3 3 3 3 3
          3 3 3 3 3 3
          3 3 3 3 3 3
          3 3 3 3 3 3
          3 3 3 3 3 3
          3 3 3 3 3 3
          3 3 3 3 3 3
          3 3 3 3 3 3
          3 3 3 3 3 3
          3 3 3 3 3 3
          3 3 3 3 3 3
          3 3 3 3 3 3
          3 3 3 3 3 3
          3 3 3 3 3 3
          3 3 3 3 3 3
          3 3 3 3 3 3
          3 3 3 3 3 3
          3 3 3 3 3 3
          3 3 3 3 3 3
          3 3 3 3 3 3
          3 3 3 3 3 3
          3 3 3 3 3 3
          3 3 3 3 3 3
          3 3 3 3 3 3
          3 3 3 3 3 3
          3 3 3 3 3 3
          3 3 3 3 3 3
          3 3 3 3 3 3
          3 3 3 3 3 3
          3 3 3 3 3 3
          3 3 3 3 3 3
          3 3 3 3 3 3
          3 3 3 3 3 3
          3 3 3 3 3 3
          3 3 3 3 3 3
          3 3 3 3 3 3
          3 3 3 3 3 3
          3 3 3 3 3 3
          3 3 3 3 3 3
          3 3 3 3 3 3
          3 3 3 3 3 3
          3 3 3 3 3 3
          3 3 3 3 3 3
          3 3 3 3 3 3
          3 3 3 3 3 3
          3 3 3 3 3 3
          3 3 3 3 3 3
          3 3 3 3 3 3
          3 3 3 3 3 3
          3 3 3 3 3 3
          3 3 3 3 3 3
          3 3 3 3 3 3
          3 3 3 3 3 3
          3 3 3 3 3 3
          3 3 3 3 3 3
          3 3 3 3 3 3
          3 3 3 3 3 3
          3 3 3 3 3 3
          3 3 3 3 3 3
          3 3 3 3 3 3
          3 3 3 3 3 3
          3 3 3 3 3 3
          3 3 3 3 3 3
          3 3 3 3 3 3
          3 3 3 3 3 3
          3 3 3 3 3 3
          3 3 3 3 3 3
          3 3 3 3 3 3
          3 3 3 3 3 3
          3 3 3 3 3 3
          3 3 3 3 3 3
          3 3 3 3 3 3
          3 3 3 3 3 3
          3 3 3 3 3 3
          3 3 3 3 3 3
          3 3 3 3 3 3
          3 3 3 3 3 3
          3 3 3 3 3 3
          3 3 3 3 3 3
          3 3 3 3 3 3
          3 3 3 3 3 3
          3 3 3 3 3 3
          3 3 3 3 3 3
          3 3 3 3 3 3
          3 3 3 3 3 3
          3 3 3 3 3 3
          3 3 3 3 3 3
          3 3 3 3 3 3
          3 3 3 3 3 3
          3 3 3 3 3 3
          3 3 3 3 3 3
          3 3 3 3 3 3
          3 3 3 3 3 3
          3 3 3 3 3 3
          3 3 3 3 3 3
          3 3 3 3 3 3
          3 3 3 3 3 3
          3 3 3 3 3 3
          3 3 3 3 3 3
          3 3 3 3 3 3
          3 3 3 3 3 3
          3 3 3 3 3 3
          3 3 3 3 3 3
          3 3 3 3 3 3
          3 3 3 3 3 3
          3 3 3 3 3 3
          3 3 3 3 3 3
          3 3 3 3 3 3
          3 3 3 3 3 3
          3 3 3 3 3 3
          3 3 3 3 3 3
          3 3 3 3 3 3
          3 3 3 3 3 3
          3 3 3 3 3 3
          3 3 3 3 3 3
          3 3 3 3 3 3
          3 3 3 3 3 3
          3 3 3 3 3 3
          3 3 3 3 3 3
          3 3 3 3 3 3
          3 3 3 3 3 3
          3 3 3 3 3 3
          3 3 3 3 3 3
          3 3 3 3 3 3
          3 3 3 3 3 3
          3 3 3 3 3 3
          3 3 3 3 3 3
          3 3 3 3 3 3
          3 3 3 3 3 3
          3 3 3 3 3 3
          3 3 3 3 3 3
          3 3 3 3 3 3
          3 3 3 3 3 3
          3 3 3 3 3 3
          3 3 3 3 3 3
          3 3 3 3 3 3
          3 3 3 3 3 3
          3 3 3 3 3 3
          3 3 3 3 3 3
          3 3 3 3 3 3
          3 3 3 3 3 3
          3 3 3 3 3 3
          3 3 3 3 3 3
          3 3 3 3 3 3
          3 3 3 3 3 3
          3 3 3 3 3 3
          3 3 3 3 3 3
          3 3 3 3 3 3
          3 3 3 3 3 3
          3 3 3 3 3 3
          3 3 3 3 3 3
          3 3 3 3 3 3
          3 3 3 3 3 3
          3 3 3 3 3 3
          3 3 3 3 3 3
          3 3 3 3 3 3
          3 3 3 3 3 3
          3 3 3 3 3 3
          3 3 3 3 3 3
          3 3 3 3 3 3
          3 3 3 3 3 3
          3 3 3 3 3 3
          3 3 3 3 3 3
          3 3 3 3 3 3
          3 3 3 3 3 3
          3 3 3 3 3 3
          3 3 3 3 3 3
          3 3 3 3 3 3
          3 3 3 3 3 3
          3 3 3 3 3 3
          3 3 3 3 3 3
          3 3 3 3 3 3
          3 3 3 3 3 3
          3 3 3 3 3 3
          3 3 3 3 3 3
          3 3 3 3 3 3
          3 3 3 3 3 3
          3 3 3 3 3 3
          3 3 3 3 3 3
          3 3 3 3 3 3
          3 3 3 3 3 3
          3 3 3 3 3 3
          3 3 3 3 3 3
          3 3 3 3 3 3
          3 3 3 3 3 3
          3 3 3 3 3 3
          3 3 3 3 3 3
          3 3 3 3 3 3
          3 3 3 3 3 3
          3 3 3 3 3 3
          3 3 3 3 3 3
          3 3 3 3 3 3
          3 3 3 3 3 3
        </DataArray>
      </Cells>
    </Piece>
  </UnstructuredGrid>
</VTKFile>
