<VTKFile type="UnstructuredGrid" version="0.1" byte_order="LittleEndian" header_type="UInt32" compressor="vtkZLibDataCompressor">
  <UnstructuredGrid>
    <Piece NumberOfPoints="1369" NumberOfCells="1368">
      <PointData>
        <DataArray type="Float32" Name="Scalar" format="ascii" RangeMin="0.0335693359375" RangeMax="9.97650146484375">
          0.033569336 0.43336487 0.08850098 0.16480257 0.091552734 0.1617508
          0.106811516 0.21057893 0.109863274 0.146492 0.15564728 0.18921661
          0.32349396 0.20752716 0.53712463 0.20752716 0.69582367 0.9918518
          0.21668243 0.31739044 0.22888947 0.3723297 0.23194122 0.31739044
          0.23194122 0.23194122 0.25330353 0.43641666 0.25330353 0.8209458
          0.2624588 0.6195221 0.2624588 0.6866684 0.26856232 0.8880921
          0.27161407 0.27466583 0.28382108 0.41810608 0.2838211 0.33264923
          0.28992462 0.28992462 0.8026352 0.29297638 0.35095978 0.30213165
          0.4242096 0.3051834 0.5890045 0.41200256 0.3204422 0.68361664
          0.3723297 0.335701 0.6378403 0.3418045 0.44252014 0.34485626
          0.34485626 0.44557193 0.34790802 0.34790802 0.46998596 0.34790805
          0.35401154 0.43336487 0.36621857 0.44862366 0.3692703 0.4089508
          0.36927032 0.39369202 0.37538147 0.4089508 0.38453674 0.39674377
          0.3875885 0.41505432 0.3875885 0.3875885 0.50660706 0.39064026
          0.39369202 0.39369202 0.42115784 0.39674377 0.49745178 0.44252014
          0.41200256 0.61647034 0.44862366 0.47303772 0.52796936 0.59510803
          0.45167544 0.45472717 0.47303772 0.46388245 0.8423081 0.47303772
          0.49745178 0.48524475 0.49134827 0.49134827 0.49440005 0.5157623
          0.49745178 2.0386353 0.53712463 0.5035553 0.50660706 0.53712463
          0.63173676 0.52796936 1.2695694 0.54933167 0.53712463 2.0477905
          0.53712463 2.682579 0.6042633 0.57069397 0.57984924 1.1841202
          0.582901 0.65309906 0.86367035 0.5920563 0.6256332 0.5920563
          0.59510803 1.4069061 0.67446136 0.60121155 0.6134186 1.3367081
          0.6195221 0.62563324 0.6988754 0.6225815 0.65309906 0.628685
          0.69582367 0.76296234 0.6561508 0.9613342 0.66835785 0.8453598
          0.7629623 0.68361664 0.6866684 1.1719131 0.68972015 0.692772
          1.53508 0.71718603 1.1017151 0.72023773 0.74465173 2.954193
          0.92471313 0.82704926 0.76601416 0.84841156 0.77822113 0.7995834
          1.0010071 0.9277649 0.817894 0.8239975 0.8423081 0.830101
          0.8301011 0.939972 0.88198847 1.2268448 0.8972474 1.1688614
          0.9277649 1.2695694 1.0376282 0.9399719 0.9979553 0.9399719
          3.3234634 0.96743774 3.5431976 0.976593 4.1596756 0.9796447
          1.0254211 0.9979553 1.1810684 1.1566544 0.9979553 2.0081177
          1.0040588 1.9592896 1.0101624 1.1810684 1.0254211 1.904358
          1.4526825 1.1322403 1.0406799 1.4435272 1.0834045 1.2085341
          1.1261368 1.1261368 1.1261368 1.1261368 1.1841202 1.1505508
          1.312294 1.1566542 1.1658096 1.1597061 1.2665176 1.1688614
          1.1688614 2.0111694 1.5930634 1.2360001 1.199379 3.2136002
          1.2085341 1.324501 1.2298965 1.2451553 1.2604141 1.4526825
          1.2634659 1.3214493 1.5686493 1.2848282 1.3275528 1.28788
          1.3458633 1.2909317 1.3183975 1.2970352 1.324501 3.109833
          1.4282684 1.3733368 1.6174774 1.3733369 1.4740448 1.3763885
          1.5991669 1.3794403 1.9501344 1.3916473 1.4282684 1.5503387
          1.4740448 3.4821625 1.547287 1.4740448 1.7670212 1.5076143
          1.5228729 3.3845062 1.6724167 1.5381317 1.547287 1.8311081
          1.5533905 2.4414825 1.5625458 1.6205292 1.5686494 3.3387222
          1.9409791 1.7883835 1.6205292 1.6235884 1.6571579 1.7487106
          1.7578659 1.6754683 1.6754684 1.7029341 2.0905151 1.7029343
          1.7731247 1.7090378 1.7120895 3.613388 1.7304001 1.8341599
          1.7487105 1.8158493 1.7914352 1.7700729 1.9440309 1.7914352
          1.8189012 1.8799438 1.870781 1.9653931 1.8738403 2.1729202
          1.876892 2.0508423 1.8768922 2.859581 1.9226686 1.9013062
          1.9623413 1.9074097 2.301094 1.9104614 1.953186 1.9348756
          1.9379272 1.940979 1.940979 2.0874634 1.9440308 2.1576612
          1.953186 2.0569458 2.423172 1.9623413 2.0233765 1.965393
          2.0325317 1.9714966 2.6856308 1.9714966 2.990814 1.9745482
          4.0528564 1.9745483 2.0752563 1.9776001 2.548294 1.9898071
          1.9898071 2.835167 1.9959106 2.0874634 2.4445343 2.1790237
          2.053894 2.6245956 2.0447388 2.2064896 2.053894 2.0569458
          2.1485064 2.0905151 3.1434097 2.1057737 2.117981 2.3133008
          2.1362991 2.6154327 2.1454544 2.1668167 2.3590775 2.151558
          2.3102493 2.1546097 3.0976257 2.1668165 2.5269318 2.2095413
          2.1820755 2.3834991 2.2034378 2.243111 2.2034378 2.2431107
          2.2553174 2.2980423 2.5421906 2.706993 2.301094 2.365181
          2.3163528 2.3224564 2.8015976 2.325508 2.670372 2.3438187
          2.3560257 2.4140167 2.4079132 2.3743439 2.3804474 2.386551
          2.4567413 2.414017 2.5421906 2.459793 2.8168564 2.4628448
          2.4658966 2.4903107 2.587967 2.4994662 2.9633484 2.5208282
          2.832115 2.5635529 2.941986 2.6795273 2.600174 2.6154327
          4.0284424 2.6398544 3.2380142 2.6673203 4.318367 3.0274353
          2.6734238 2.682579 2.6917343 3.0335388 2.6886826 2.734459
          3.0549011 2.8321152 3.0487974 2.9267273 3.1403577 3.042694
          3.0213318 4.6113434 3.042694 3.0335386 3.094574 3.042694
          3.0884705 3.0518494 4.2359695 3.057953 3.2105484 3.082367
          3.0854187 3.2990494 3.4821625 3.1342545 3.6774826 3.329567
          3.2349625 3.2471695 3.4333344 3.241066 3.2441177 3.253273
          3.5340424 3.2837906 3.6256025 3.2837906 3.436386 3.4852142
          3.3814545 3.970459 3.424179 3.6835861 3.500473 3.836174
          3.4821625 3.500473 3.524887 3.51268 3.8514328 3.5340424
          3.7080002 3.7781906 3.5462492 3.8544843 3.5584564 3.5676117
          3.906372 3.5981293 3.7903974 3.6042328 3.6286545 3.610336
          4.055908 4.242073 3.6194916 3.622551 4.00708 3.634758
          3.6927414 3.6500168 3.6530685 3.6561203 3.9674072 4.2146072
          3.8819582 3.7080002 3.735466 4.0772705 3.7171555 3.723259
          3.723259 3.894165 3.7263107 4.2634354 3.7324142 4.168831
          3.7965012 3.7415698 4.0894775 3.747673 4.2878494 3.772087
          3.7751389 3.7842941 3.9490967 4.0742188 3.7903976 4.046753
          3.8728027 3.8026047 3.9063723 3.8056562 3.8331223 4.05896
          3.8850098 3.8544846 4.0009766 3.860588 3.8666916 3.982666
          3.8666916 3.9887695 3.9368896 3.994873 3.906372 4.1383133
          3.9094238 3.9094238 4.0620117 3.909424 4.452652 3.9124756
          3.933838 4.1138916 3.958252 3.9643555 4.071167 3.9857178
          4.1505203 4.0009766 4.0284424 4.095581 4.2115555 4.0650635
          4.055908 4.071167 4.2970047 4.345833 4.513687 4.086426
          4.3733063 4.086426 4.1962967 4.0925293 5.011139 4.1016846
          4.8432846 4.119995 4.3488846 4.1352615 4.4068756 4.141365
          4.2725906 4.342781 4.1840897 4.193245 4.452652 4.266487
          4.2085037 4.245125 4.2085037 4.3824615 4.217659 4.232918
          4.2970047 4.2359695 4.504532 4.2390213 4.480118 4.321419
          4.2481766 4.269539 4.25428 5.2400284 4.2634354 4.2725906
          5.2400284 4.266487 4.266487 4.2847977 4.2725906 4.5869293
          4.278694 4.3519363 4.3000565 4.635765 4.30616 4.345833
          4.4465485 4.330574 4.3519363 4.330574 4.3977203 4.330574
          4.4465485 4.342781 4.4679112 4.376358 4.3733063 4.3519363
          4.5930333 4.354988 4.425186 4.3610916 4.489273 4.3641434
          5.127113 4.370247 4.5228424 4.388565 4.6418686 4.400772
          4.947052 4.400772 5.6703415 4.428238 4.4068756 4.4099274
          4.4099274 4.412979 4.5747223 4.4496 4.425186 4.4465485
          4.428238 4.4312897 4.440445 4.6937485 4.4465485 4.538101
          4.513687 4.5228424 4.4557037 4.5075836 4.4557037 4.464859
          5.0050354 4.477066 4.5106354 4.480118 4.4862213 4.565567
          4.495376 4.4953766 4.580826 4.6113434 4.513687 4.6113434
          4.5747223 4.5442047 4.5319977 4.5960846 4.5350494 4.538101
          4.687645 4.541153 4.635765 4.5442047 4.5869293 4.5442047
          4.60524 4.5442047 4.6449203 4.550308 4.5564117 5.3132706
          4.5747223 4.7975082 4.5838776 4.623558 4.5869293 5.178993
          5.072174 4.614395 4.80056 4.6204987 4.8097153 4.62661
          4.974518 4.6296616 4.6571274 4.7120595 4.660179 4.6693344
          4.83413 4.687645 4.763939 4.7456284 4.751732 4.751732
          4.727318 4.7303696 4.9440002 4.736473 4.7822495 4.763939
          5.1271133 4.7700424 4.7822495 4.7853007 4.9012756 4.7914047
          4.840233 4.8097153 4.849388 4.934845 4.815819 4.828026
          4.85244 4.837181 5.5940404 4.837181 5.0782776 4.840233
          5.0386047 4.8463364 5.2735977 4.9134827 4.849388 5.310219
          4.849388 4.9165344 4.861595 4.864647 5.2522354 4.8799133
          4.8890686 4.8921204 5.3010635 4.898224 4.9501038 4.9012756
          4.956207 4.907379 5.517746 4.931793 4.931793 5.0569153
          5.026397 4.9378967 5.2613907 4.9409485 6.8361435 5.0019836
          4.9623113 5.020294 4.9684143 4.9806213 5.0416565 4.983673
          5.343788 4.983673 4.9989324 5.1759415 4.9989324 5.3804164
          5.0019836 5.566574 5.3498917 5.24308 5.0416565 5.4353485
          5.0813293 5.0538635 5.0782776 5.0538635 5.0538635 5.3956757
          5.059967 5.4231415 5.063019 5.0660706 5.169838 5.072174
          5.157631 5.2705455 5.307167 5.0813293 5.4353485 5.087433
          5.1148987 5.267494 5.121002 5.3620987 5.172889 5.139321
          5.142372 5.3041153 5.154579 5.194252 5.1606827 5.258339
          5.166786 5.2522354 5.1759415 5.270546 5.178993 5.182045
          5.5604706 5.182045 5.2919083 5.1850967 5.3529434 5.2156143
          5.648979 5.218666 5.218666 5.2858047 5.221718 5.429245
          5.7344284 5.246132 5.298012 5.2491837 5.2858047 5.255287
          5.2613907 5.514694 5.2644424 5.267494 5.267494 5.3254776
          5.3529434 5.2735977 5.429245 5.2735977 5.368202 5.2766495
          5.298012 5.2766495 5.377365 5.3956757 5.29496 5.728325
          5.298012 5.392624 5.4750214 5.3041153 5.34684 5.307167
          5.3163223 5.804619 5.3163223 5.3498917 5.3254776 5.502487
          5.3254776 5.3376846 5.3254776 6.027405 5.3285294 5.334633
          5.529953 5.334633 5.34684 5.3407364 5.3651505 5.34684
          5.4200897 5.34684 5.740532 5.3498917 5.456711 5.359047
          5.603195 5.3620987 5.4506073 5.4109344 5.3651505 5.6947556
          5.368202 5.627617 5.377365 5.371254 5.371254 5.377365
          5.3834686 5.6550827 5.3865204 5.404831 5.3865204 5.4231415
          5.389572 5.3956757 5.3956757 5.606247 5.4963837 5.3987274
          5.417038 5.401779 5.545212 5.4078827 5.7893596 5.417038
          5.413986 5.4200897 5.517746 5.4597626 5.426193 5.5207977
          5.426193 5.5482635 5.429245 5.4963837 5.4322968 5.4506073
          5.5757294 5.441452 5.5269012 5.4475555 5.4506073 5.664238
          5.456711 5.59404 5.456711 5.4628143 5.8198776 5.49028
          5.505539 5.493332 5.5391083 5.4994354 5.517746 5.505539
          5.8900757 5.5085907 5.5116425 5.813774 5.517746 5.517746
          5.5269012 5.529953 5.5330048 5.8442917 5.5391083 5.554367
          5.5848846 5.554367 5.5604706 5.6550827 5.578781 5.6550827
          5.5848846 5.664238 5.590988 5.6825485 5.652031 5.59404
          5.624565 5.5970917 5.7466354 5.603195 5.6215057 5.6581345
          5.6092987 5.627617 5.6092987 6.0579224 5.618454 5.6581345
          5.661186 5.6306686 5.8046193 5.639824 5.8473434 5.6459274
          5.688652 5.6459274 5.648979 5.6550827 5.648979 5.6672897
          5.648979 5.6550827 5.6550827 5.661186 5.664238 5.661186
          5.9297485 5.664238 5.6672897 5.664238 5.6672897 5.7832565
          5.676445 5.703911 5.688652 5.7893596 5.703911 5.8076706
          5.7191696 5.7954636 5.7313766 5.9144897 5.740532 5.740532
          5.752739 6.207466 5.7557907 5.78936 5.7710495 5.804619
          5.777153 5.8076706 5.780205 5.807671 5.780205 5.8076706
          5.7832565 5.7863083 5.792412 6.1036987 5.792412 5.804619
          5.7954636 5.829033 5.801567 6.1891556 5.8687057 6.668297
          5.902283 5.8076706 5.813774 5.8107224 5.813774 5.999939
          5.813774 5.887024 5.82293 5.8442917 5.829033 5.9663696
          5.829033 5.8717575 5.8717575 5.8900757 5.874817 5.923645
          5.896179 6.790367 5.9022827 5.9205933 5.935852 7.3305435
          5.951111 5.996887 5.951111 7.2328873 5.9541626 6.2044144
          6.012146 5.999939 6.4119415 6.0029907 6.0060425 6.0304565
          6.024353 6.012146 6.051819 6.0151978 6.0426636 6.0151978
          7.2267838 6.0182495 6.024353 6.1281204 6.027405 6.03656
          6.2135696 6.0426636 6.4027863 6.0457153 6.308174 6.08844
          6.0548706 6.08844 6.0548706 7.4495697 6.060974 6.936859
          6.0670776 6.445511 6.073181 6.0792847 6.6316757 6.0823364
          6.8086777 6.0823364 6.115906 6.0914917 6.567581 6.1067505
          6.195259 6.1403275 6.1250687 6.1281204 6.1494827 6.1372757
          6.1403275 6.1525345 6.295967 6.1555862 6.1677933 6.8391953
          6.1891556 6.323433 6.430252 6.219673 6.195259 6.2135696
          6.2776566 6.2288284 6.7201767 6.234932 6.244087 7.123024
          6.274605 6.3173294 6.274605 6.3661575 6.286812 6.4851837
          6.286812 6.421097 6.3264847 6.421097 6.329536 6.72628
          6.344795 6.8361435 6.3539505 6.3997345 6.3661575 6.5248566
          6.4027863 7.4251556 6.4149933 6.494339 6.491287 6.454666
          6.5370636 6.457718 6.5523224 6.4607697 6.4638214 6.689659
          6.4760284 6.714073 6.4851837 6.7598495 6.4851837 6.5858917
          6.506546 6.506546 7.0589294 6.53096 6.6042023 6.5370636
          6.625572 6.546219 6.58284 6.5492706 6.9551697 6.555374
          6.5736847 6.5889435 6.5767365 6.756798 6.9185486 6.595047
          6.9002385 6.610306 6.845299 6.6347275 6.7384872 6.6438828
          6.7354355 6.6438828 6.6469345 6.72628 6.653038 6.888031
          6.964325 6.6744003 7.1321793 6.680504 6.701866 7.3061295
          6.7079697 6.814781 6.729332 7.174904 7.345803 6.7476425
          6.7384872 6.7506943 6.7384872 6.741539 6.9399114 6.753746
          6.805626 6.7842636 6.790367 6.869713 6.9704285 6.793419
          6.857506 6.8147807 6.8514023 6.8330917 7.654045 6.9673767
          6.842247 6.8941345 7.409897 6.854454 6.8971863 6.8788757
          7.162697 6.8819275 7.003998 6.888031 6.891083 6.891083
          7.223732 6.8941345 6.936859 6.8941345 6.9917912 6.915497
          6.9185486 6.97348 6.9216003 6.9582214 7.028412 6.9582214
          7.013153 6.976532 7.3580093 7.1230245 6.9948425 7.061981
          7.0101013 7.0223083 7.089447 7.037567 7.089447 7.0467224
          7.101654 7.07724 7.065033 7.0711365 7.541122 7.0955505
          7.458725 7.1077576 7.101654 7.1199646 7.1321793 7.1535416
          7.2298355 7.284767 7.1688 7.3274913 7.223732 7.1901627
          7.443466 7.2145767 7.27256 7.238991 7.2298355 7.531967
          7.275612 7.32444 7.287819 7.5136566 7.293923 7.296974
          7.385483 7.3305435 7.312233 7.3274918 7.3152847 7.3580093
          7.376327 7.3305435 7.57164 7.351906 7.382431 7.364113
          7.3610606 7.3915863 7.9439697 7.394638 7.4007416 7.422104
          7.400742 7.431259 7.4160004 7.586899 7.419052 7.4648285
          7.431259 7.535019 7.4831395 7.736442 7.64489 7.5624847
          7.586899 7.5655365 7.6876144 7.5685883 7.593002 7.583847
          7.6235275 7.611313 7.6357346 7.7364426 7.641838 7.681511
          7.654045 8.154549 7.6754074 7.834099 7.7242355 7.7150803
          7.831047 7.7394943 8.001953 7.8005295 8.059937 8.005005
          8.01416 8.096558 8.035522 8.072144 8.053833 8.062988
          8.069092 8.136238 8.127083 8.188118 8.142342 8.169807
          9.976501
        </DataArray>
        <DataArray type="UInt8" Name="ttkMaskScalarField" format="ascii" RangeMin="0" RangeMax="0">
          0 0 0 0 0 0
          0 0 0 0 0 0
          0 0 0 0 0 0
          0 0 0 0 0 0
          0 0 0 0 0 0
          0 0 0 0 0 0
          0 0 0 0 0 0
          0 0 0 0 0 0
          0 0 0 0 0 0
          0 0 0 0 0 0
          0 0 0 0 0 0
          0 0 0 0 0 0
          0 0 0 0 0 0
          0 0 0 0 0 0
          0 0 0 0 0 0
          0 0 0 0 0 0
          0 0 0 0 0 0
          0 0 0 0 0 0
          0 0 0 0 0 0
          0 0 0 0 0 0
          0 0 0 0 0 0
          0 0 0 0 0 0
          0 0 0 0 0 0
          0 0 0 0 0 0
          0 0 0 0 0 0
          0 0 0 0 0 0
          0 0 0 0 0 0
          0 0 0 0 0 0
          0 0 0 0 0 0
          0 0 0 0 0 0
          0 0 0 0 0 0
          0 0 0 0 0 0
          0 0 0 0 0 0
          0 0 0 0 0 0
          0 0 0 0 0 0
          0 0 0 0 0 0
          0 0 0 0 0 0
          0 0 0 0 0 0
          0 0 0 0 0 0
          0 0 0 0 0 0
          0 0 0 0 0 0
          0 0 0 0 0 0
          0 0 0 0 0 0
          0 0 0 0 0 0
          0 0 0 0 0 0
          0 0 0 0 0 0
          0 0 0 0 0 0
          0 0 0 0 0 0
          0 0 0 0 0 0
          0 0 0 0 0 0
          0 0 0 0 0 0
          0 0 0 0 0 0
          0 0 0 0 0 0
          0 0 0 0 0 0
          0 0 0 0 0 0
          0 0 0 0 0 0
          0 0 0 0 0 0
          0 0 0 0 0 0
          0 0 0 0 0 0
          0 0 0 0 0 0
          0 0 0 0 0 0
          0 0 0 0 0 0
          0 0 0 0 0 0
          0 0 0 0 0 0
          0 0 0 0 0 0
          0 0 0 0 0 0
          0 0 0 0 0 0
          0 0 0 0 0 0
          0 0 0 0 0 0
          0 0 0 0 0 0
          0 0 0 0 0 0
          0 0 0 0 0 0
          0 0 0 0 0 0
          0 0 0 0 0 0
          0 0 0 0 0 0
          0 0 0 0 0 0
          0 0 0 0 0 0
          0 0 0 0 0 0
          0 0 0 0 0 0
          0 0 0 0 0 0
          0 0 0 0 0 0
          0 0 0 0 0 0
          0 0 0 0 0 0
          0 0 0 0 0 0
          0 0 0 0 0 0
          0 0 0 0 0 0
          0 0 0 0 0 0
          0 0 0 0 0 0
          0 0 0 0 0 0
          0 0 0 0 0 0
          0 0 0 0 0 0
          0 0 0 0 0 0
          0 0 0 0 0 0
          0 0 0 0 0 0
          0 0 0 0 0 0
          0 0 0 0 0 0
          0 0 0 0 0 0
          0 0 0 0 0 0
          0 0 0 0 0 0
          0 0 0 0 0 0
          0 0 0 0 0 0
          0 0 0 0 0 0
          0 0 0 0 0 0
          0 0 0 0 0 0
          0 0 0 0 0 0
          0 0 0 0 0 0
          0 0 0 0 0 0
          0 0 0 0 0 0
          0 0 0 0 0 0
          0 0 0 0 0 0
          0 0 0 0 0 0
          0 0 0 0 0 0
          0 0 0 0 0 0
          0 0 0 0 0 0
          0 0 0 0 0 0
          0 0 0 0 0 0
          0 0 0 0 0 0
          0 0 0 0 0 0
          0 0 0 0 0 0
          0 0 0 0 0 0
          0 0 0 0 0 0
          0 0 0 0 0 0
          0 0 0 0 0 0
          0 0 0 0 0 0
          0 0 0 0 0 0
          0 0 0 0 0 0
          0 0 0 0 0 0
          0 0 0 0 0 0
          0 0 0 0 0 0
          0 0 0 0 0 0
          0 0 0 0 0 0
          0 0 0 0 0 0
          0 0 0 0 0 0
          0 0 0 0 0 0
          0 0 0 0 0 0
          0 0 0 0 0 0
          0 0 0 0 0 0
          0 0 0 0 0 0
          0 0 0 0 0 0
          0 0 0 0 0 0
          0 0 0 0 0 0
          0 0 0 0 0 0
          0 0 0 0 0 0
          0 0 0 0 0 0
          0 0 0 0 0 0
          0 0 0 0 0 0
          0 0 0 0 0 0
          0 0 0 0 0 0
          0 0 0 0 0 0
          0 0 0 0 0 0
          0 0 0 0 0 0
          0 0 0 0 0 0
          0 0 0 0 0 0
          0 0 0 0 0 0
          0 0 0 0 0 0
          0 0 0 0 0 0
          0 0 0 0 0 0
          0 0 0 0 0 0
          0 0 0 0 0 0
          0 0 0 0 0 0
          0 0 0 0 0 0
          0 0 0 0 0 0
          0 0 0 0 0 0
          0 0 0 0 0 0
          0 0 0 0 0 0
          0 0 0 0 0 0
          0 0 0 0 0 0
          0 0 0 0 0 0
          0 0 0 0 0 0
          0 0 0 0 0 0
          0 0 0 0 0 0
          0 0 0 0 0 0
          0 0 0 0 0 0
          0 0 0 0 0 0
          0 0 0 0 0 0
          0 0 0 0 0 0
          0 0 0 0 0 0
          0 0 0 0 0 0
          0 0 0 0 0 0
          0 0 0 0 0 0
          0 0 0 0 0 0
          0 0 0 0 0 0
          0 0 0 0 0 0
          0 0 0 0 0 0
          0 0 0 0 0 0
          0 0 0 0 0 0
          0 0 0 0 0 0
          0 0 0 0 0 0
          0 0 0 0 0 0
          0 0 0 0 0 0
          0 0 0 0 0 0
          0 0 0 0 0 0
          0 0 0 0 0 0
          0 0 0 0 0 0
          0 0 0 0 0 0
          0 0 0 0 0 0
          0 0 0 0 0 0
          0 0 0 0 0 0
          0 0 0 0 0 0
          0 0 0 0 0 0
          0 0 0 0 0 0
          0 0 0 0 0 0
          0 0 0 0 0 0
          0 0 0 0 0 0
          0 0 0 0 0 0
          0 0 0 0 0 0
          0 0 0 0 0 0
          0 0 0 0 0 0
          0 0 0 0 0 0
          0 0 0 0 0 0
          0 0 0 0 0 0
          0 0 0 0 0 0
          0 0 0 0 0 0
          0 0 0 0 0 0
          0 0 0 0 0 0
          0 0 0 0 0 0
          0 0 0 0 0 0
          0 0 0 0 0 0
          0 0 0 0 0 0
          0 0 0 0 0 0
          0 0 0 0 0 0
          0 0 0 0 0 0
          0 0 0 0 0 0
          0 0 0 0 0 0
          0 0 0 0 0 0
          0 0 0 0 0 0
          0 0 0 0 0 0
          0 0 0 0 0 0
          0
        </DataArray>
      </PointData>
      <CellData Scalars="SegmentationId">
        <DataArray type="Int32" Name="SegmentationId" format="ascii" RangeMin="0" RangeMax="1367">
          0 1 2 3 4 5
          6 688 687 1243 7 8
          689 9 10 11 12 13
          14 15 16 17 18 19
          20 21 22 23 24 25
          26 27 694 692 28 702
          701 29 30 31 32 33
          34 35 704 36 37 38
          39 693 1248 40 41 42
          43 44 45 1245 46 47
          715 48 713 714 717 49
          716 700 1247 705 686 711
          695 1251 708 709 1246 712
          50 51 52 710 721 1254
          53 54 55 56 57 58
          719 723 59 60 718 725
          724 61 1253 1252 62 63
          690 1365 64 65 66 706
          67 68 69 727 70 731
          71 720 72 697 73 734
          738 74 735 707 739 733
          75 76 1255 741 77 78
          698 79 80 743 691 742
          81 82 83 1258 746 84
          85 86 703 87 696 88
          750 89 90 751 722 752
          748 1250 91 699 92 1261
          93 1249 94 95 1262 740
          96 97 98 1244 99 756
          100 749 101 102 103 760
          1364 104 105 745 106 107
          108 109 1260 110 111 768
          112 770 113 754 114 771
          761 764 732 1257 115 767
          116 753 117 1263 118 119
          120 775 755 728 121 122
          123 124 769 780 777 125
          774 778 737 779 126 127
          128 129 130 736 131 787
          766 776 1267 132 783 133
          134 135 744 136 137 790
          792 138 139 1264 140 786
          784 782 141 796 142 143
          1259 144 145 146 147 148
          149 150 151 797 803 789
          152 800 798 153 804 1271
          154 793 802 155 156 157
          158 805 159 765 160 161
          812 162 163 164 165 814
          166 1272 785 167 813 763
          168 810 169 806 170 171
          172 173 174 175 176 177
          762 772 818 1274 726 178
          729 808 826 179 817 180
          822 825 815 181 799 182
          183 184 185 1278 186 187
          816 188 830 807 1269 189
          190 191 1275 836 192 835
          193 194 811 195 831 828
          196 197 198 199 200 841
          838 201 202 834 203 844
          842 204 1268 794 843 1282
          205 206 207 208 209 210
          833 837 846 823 211 847
          212 829 213 850 214 215
          840 216 851 854 730 819
          217 855 1277 218 839 845
          1280 219 824 809 220 849
          747 848 820 221 1276 222
          1256 859 223 860 1281 224
          856 225 226 227 863 1284
          832 781 228 857 827 862
          773 229 852 230 231 866
          232 233 234 864 757 1265
          795 235 791 236 1270 869
          1285 788 237 872 238 1289
          239 873 240 867 758 241
          242 243 244 245 246 801
          247 248 868 879 249 250
          251 252 865 871 882 253
          875 254 255 256 257 258
          884 259 260 261 262 1287
          263 878 264 891 265 266
          267 885 874 876 268 269
          270 271 898 895 1294 886
          877 272 894 273 274 275
          276 277 901 892 278 279
          883 870 899 280 1297 904
          897 281 1288 282 881 893
          821 880 283 896 902 1292
          284 1296 1291 1290 285 286
          889 287 1293 288 905 289
          290 900 291 910 759 888
          292 293 908 294 295 1279
          1286 296 297 298 861 299
          1273 915 300 301 302 887
          303 304 922 919 913 921
          305 306 1302 890 917 906
          307 308 853 924 309 310
          311 312 1266 929 1283 911
          1299 926 313 314 315 316
          317 907 1300 934 916 318
          927 319 320 912 321 322
          323 324 931 325 326 938
          327 328 329 939 928 941
          943 914 903 330 331 332
          946 333 918 334 335 932
          336 337 945 944 947 1303
          338 1310 1306 1298 339 340
          341 953 342 343 344 345
          952 346 347 949 348 959
          940 1312 349 955 350 923
          930 951 956 960 950 858
          351 352 1315 353 354 925
          954 935 957 1307 355 356
          357 1314 942 964 358 359
          360 969 1311 967 966 361
          362 971 363 364 365 1309
          961 366 962 367 368 965
          369 370 974 371 948 372
          973 373 374 980 375 376
          377 378 379 380 972 381
          382 1318 981 383 384 983
          385 386 968 936 985 986
          387 388 963 389 390 391
          392 393 1316 394 1313 909
          991 995 977 395 993 396
          397 398 988 399 400 401
          402 992 1000 976 1003 403
          404 405 406 933 970 407
          408 409 1005 410 411 1004
          1317 412 996 413 1305 414
          415 416 1014 417 418 419
          420 920 1295 1321 421 422
          1012 982 423 1011 424 989
          425 426 427 1007 1009 1013
          428 978 429 430 431 1022
          1019 1016 432 433 1021 1027
          984 434 1010 435 1319 979
          958 1032 436 437 438 1024
          439 440 441 442 1037 443
          994 444 1031 1039 445 1033
          1301 446 1017 1324 447 1008
          448 1040 449 450 1026 451
          452 453 1028 1326 997 1048
          454 455 456 1030 457 1035
          1001 1051 458 459 1049 460
          1047 461 1053 1056 1041 462
          1050 1002 463 464 1025 465
          1020 466 999 1006 467 468
          1061 469 1044 470 471 1042
          1065 472 1325 473 474 1327
          1060 475 1034 1067 476 477
          478 1023 479 1071 987 480
          1057 1058 1062 481 1038 1072
          482 483 1068 1054 1074 484
          1075 1015 485 998 1323 486
          1331 487 488 1064 489 975
          490 491 1043 1052 492 493
          494 1082 1080 1046 1083 495
          496 497 498 499 500 501
          1018 1089 1090 1077 502 1092
          1076 1322 1085 1328 1332 1093
          503 1063 504 1329 505 1078
          1095 1091 1096 937 506 1079
          507 1088 1045 1097 508 509
          1029 510 1304 1366 511 1101
          1081 512 513 514 515 516
          517 518 1308 519 1335 1055
          1103 520 521 522 1099 523
          1104 1109 1059 1086 524 1105
          1107 1098 1106 1336 1337 1070
          525 526 1066 527 1110 528
          529 1114 1073 1087 1334 530
          1116 531 1113 1117 1069 532
          533 1330 1100 1120 1118 1094
          534 535 536 537 1115 1122
          1112 538 539 540 1125 541
          542 543 544 1130 545 546
          1036 1126 547 1128 548 549
          1127 550 551 1084 552 553
          554 555 556 557 1333 1135
          558 1108 559 1141 560 561
          1131 562 1343 563 1144 564
          565 566 567 1111 1143 568
          1341 1102 1132 569 1344 570
          571 572 573 574 1150 575
          576 1145 1134 1152 1147 577
          578 579 580 1153 581 1159
          1133 582 1124 583 1156 1155
          1338 1138 584 585 586 587
          588 589 1154 590 1165 1162
          591 592 1160 593 594 1163
          595 596 1164 597 1142 598
          599 1171 1168 1173 600 1169
          601 1170 1139 602 603 604
          605 606 1148 607 608 1166
          609 610 1167 1149 1178 1157
          611 1177 1176 612 613 614
          1185 1184 615 1174 1346 616
          617 1119 618 1186 1140 619
          1182 620 1158 990 1146 621
          1175 1188 622 1189 1187 623
          624 1179 625 626 627 628
          629 1352 1192 1351 1358 630
          1347 631 1194 1137 1345 1172
          632 633 1197 1320 1339 1367
          634 1195 635 1191 636 1199
          637 1196 638 639 1350 1357
          640 641 1202 1360 1200 642
          1201 643 1205 644 1151 1348
          1206 1180 645 1190 646 1183
          647 648 1210 1193 1129 1207
          649 1123 1211 1359 650 1356
          651 652 653 1181 654 655
          1212 1208 1215 656 1354 1121
          1353 657 1216 1198 658 1217
          1361 1362 1214 659 660 661
          662 1355 663 664 1219 1161
          1220 665 1209 1136 1204 1222
          666 1213 1342 1223 1203 667
          668 669 1340 670 1225 1221
          1227 671 1228 672 673 1363
          674 1349 675 1230 1226 676
          1233 1224 1229 677 678 1235
          1232 1218 1234 679 680 681
          682 1236 1239 683 1238 1237
          684 1240 685 1231 1242 1241
        </DataArray>
        <DataArray type="Int32" Name="upNodeId" format="ascii" RangeMin="7" RangeMax="1368">
          70 8 7 12 7 12
          8 9 9 35 102 136
          171 33 49 32 32 102
          72 148 117 132 159 49
          33 67 36 35 146 44
          69 107 36 64 70 129
          50 123 74 72 75 44
          81 67 50 71 77 62
          117 57 57 63 60 66
          64 94 77 62 62 60
          68 90 63 66 73 115
          73 68 69 74 71 75
          76 83 76 96 81 111
          115 82 154 82 83 90
          91 91 94 96 95 316
          98 98 111 95 99 99
          122 213 103 103 318 394
          107 113 113 200 125 157
          119 122 231 128 132 125
          224 123 120 137 119 120
          124 124 128 157 135 142
          167 129 155 141 137 135
          197 136 242 141 159 148
          183 142 408 161 150 156
          146 175 163 150 154 153
          156 155 153 166 163 175
          161 167 205 171 195 166
          212 180 173 442 173 183
          460 556 179 180 198 191
          312 179 299 199 285 236
          188 234 203 188 203 191
          316 200 201 218 193 193
          197 211 195 198 313 199
          251 205 201 207 432 212
          222 207 313 213 211 235
          220 234 249 218 223 225
          219 224 219 220 222 427
          223 225 231 233 253 238
          252 296 251 235 233 236
          246 242 238 451 245 269
          245 446 258 246 277 253
          249 369 252 255 444 293
          272 269 255 258 296 267
          268 272 369 328 271 267
          467 278 268 275 271 274
          285 275 295 274 318 277
          283 278 283 303 339 319
          405 288 301 328 350 288
          298 298 299 293 326 295
          336 326 350 322 301 368
          314 303 312 315 395 410
          534 324 381 314 404 325
          370 340 315 320 387 320
          319 344 322 394 325 324
          333 336 333 430 339 451
          353 385 338 359 352 426
          338 378 345 340 344 363
          347 345 352 347 442 363
          534 379 398 408 353 360
          360 400 390 359 366 368
          365 378 370 366 365 371
          371 427 380 410 385 379
          401 380 395 383 409 390
          381 383 401 402 407 392
          387 400 392 532 434 590
          412 393 393 397 414 432
          397 398 402 420 404 407
          405 409 418 412 429 417
          460 418 414 677 415 415
          426 425 417 424 420 568
          425 431 424 441 450 429
          444 430 476 431 443 434
          446 437 448 437 441 450
          459 470 449 453 443 556
          448 523 470 477 449 455
          499 467 453 455 457 457
          500 459 480 491 476 501
          477 510 493 471 535 570
          532 471 530 493 478 480
          478 522 564 491 507 486
          543 486 499 509 575 557
          495 546 585 495 509 500
          519 542 533 506 512 507
          537 508 501 510 528 506
          524 519 526 508 518 512
          527 553 524 518 538 632
          523 522 526 550 537 527
          533 530 541 575 555 528
          535 568 542 538 548 541
          563 539 550 539 543 546
          587 597 563 647 607 560
          548 755 553 555 718 599
          615 557 580 580 596 560
          599 631 578 571 610 564
          570 571 586 587 644 638
          585 591 579 799 581 800
          579 578 581 584 584 596
          671 591 586 590 600 600
          683 632 598 627 601 612
          628 597 598 601 607 636
          609 608 672 620 641 777
          609 608 610 650 612 685
          615 741 987 623 623 620
          627 666 630 629 629 628
          631 692 630 655 638 649
          641 647 651 645 644 636
          754 646 645 718 663 650
          671 646 667 649 675 666
          676 651 665 660 673 660
          655 691 684 669 674 686
          663 673 834 667 665 691
          707 672 669 680 675 790
          674 769 676 680 677 683
          708 710 685 746 692 684
          686 687 687 693 693 713
          700 697 698 699 699 740
          697 698 700 703 707 778
          703 708 777 730 710 716
          713 720 737 720 716 723
          947 771 730 758 800 817
          733 833 723 734 734 805
          755 737 828 742 733 743
          922 746 740 742 764 757
          809 1209 741 743 752 754
          756 769 752 760 846 757
          788 868 758 939 756 852
          764 801 760 896 772 770
          770 876 771 889 772 785
          782 814 832 778 782 897
          785 813 857 790 786 814
          830 799 794 807 804 786
          788 815 801 794 852 937
          823 854 807 966 830 822
          894 998 834 804 826 821
          805 809 826 815 919 813
          868 822 839 817 855 821
          892 823 862 827 866 827
          875 833 996 873 908 828
          832 848 857 835 846 835
          1022 839 851 914 875 844
          1074 844 928 849 849 859
          848 886 851 855 862 854
          999 905 859 866 950 896
          902 882 992 957 867 882
          892 869 867 869 973 873
          880 888 877 876 951 911
          877 880 884 933 884 1013
          885 885 886 888 889 924
          906 894 925 1022 934 912
          897 900 940 900 926 1013
          902 979 905 945 906 908
          911 1034 912 915 932 939
          915 914 921 919 1048 937
          1031 922 921 951 924 987
          925 926 928 929 929 932
          1040 934 933 936 942 936
          957 940 972 947 942 969
          945 983 989 967 956 950
          1002 955 955 975 958 1083
          974 956 958 966 976 1023
          1041 991 967 968 985 971
          969 968 971 972 977 974
          973 979 975 976 977 981
          1055 981 984 983 986 984
          985 986 989 1010 993 992
          991 1012 993 996 1027 1018
          998 1052 999 1001 1001 1002
          1010 1111 1014 1020 1025 1028
          1026 1026 1012 1020 1014 1023
          1018 1093 1021 1036 1021 1107
          1042 1025 1178 1051 1028 1027
          1030 1029 1029 1030 1031 1034
          1062 1046 1036 1039 1039 1060
          1044 1040 1041 1042 1044 1047
          1046 1054 1047 1048 1051 1201
          1053 1052 1053 1054 1055 1060
          1295 1061 1279 1061 1062 1110
          1066 1136 1066 1075 1071 1080
          1077 1276 1071 1074 1098 1080
          1075 1077 1112 1083 1134 1124
          1090 1091 1317 1090 1233 1141
          1209 1172 1204 1095 1091 1093
          1162 1095 1108 1100 1098 1102
          1100 1108 1102 1162 1110 1123
          1107 1210 1126 1140 1114 1136
          1111 1112 1114 1178 1120 1185
          1120 1264 1125 1131 1123 1148
          1139 1124 1125 1126 1131 1138
          1187 1208 1133 1133 1154 1134
          1138 1313 1148 1151 1139 1140
          1141 1150 1157 1160 1150 1181
          1184 1154 1198 1166 1151 1157
          1172 1166 1252 1169 1171 1160
          1165 1235 1165 1208 1198 1167
          1197 1167 1230 1171 1169 1227
          1212 1181 1201 1190 1189 1189
          1186 1219 1238 1267 1185 1184
          1287 1206 1186 1210 1187 1190
          1271 1296 1194 1195 1195 1194
          1197 1234 1203 1203 1212 1287
          1216 1240 1206 1204 1215 1213
          1240 1216 1339 1239 1230 1213
          1225 1309 1215 1219 1226 1269
          1245 1225 1295 1226 1275 1232
          1243 1227 1228 1228 1232 1243
          1241 1245 1233 1234 1235 1239
          1249 1238 1279 1241 1269 1247
          1299 1265 1247 1253 1249 1252
          1267 1257 1258 1260 1253 1256
          1256 1324 1257 1258 1260 1318
          1262 1262 1264 1266 1265 1266
          1271 1275 1277 1283 1291 1274
          1316 1274 1276 1281 1277 1280
          1280 1322 1281 1283 1290 1291
          1321 1290 1304 1294 1292 1298
          1302 1292 1294 1298 1296 1328
          1299 1313 1303 1301 1301 1302
          1303 1304 1309 1351 1313 1312
          1314 1312 1331 1319 1314 1322
          1316 1323 1317 1318 1319 1321
          1345 1323 1337 1324 1328 1330
          1342 1332 1330 1332 1331 1332
          1334 1334 1337 1346 1341 1339
          1365 1341 1350 1342 1344 1344
          1345 1346 1349 1352 1349 1350
          1351 1352 1357 1357 1361 1360
          1358 1358 1360 1363 1361 1363
          1367 1365 1366 1366 1367 1368
        </DataArray>
        <DataArray type="Int32" Name="downNodeId" format="ascii" RangeMin="0" RangeMax="1367">
          0 1 2 3 4 5
          6 7 8 9 10 11
          12 13 14 15 16 17
          18 19 20 21 22 23
          24 25 26 27 28 29
          30 31 32 33 34 35
          36 37 38 39 40 41
          42 43 44 45 46 47
          48 49 50 51 52 53
          54 55 56 57 58 59
          60 61 62 63 64 65
          66 67 68 69 70 71
          72 73 74 75 76 77
          78 79 80 81 82 83
          84 85 86 87 88 89
          90 91 92 93 94 95
          96 97 98 99 100 101
          102 103 104 105 106 107
          108 109 110 111 112 113
          114 115 116 117 118 119
          120 121 122 123 124 125
          126 127 128 129 130 131
          132 133 134 135 136 137
          138 139 140 141 142 143
          144 145 146 147 148 149
          150 151 152 153 154 155
          156 157 158 159 160 161
          162 163 164 165 166 167
          168 169 170 171 172 173
          174 175 176 177 178 179
          180 181 182 183 184 185
          186 187 188 189 190 191
          192 193 194 195 196 197
          198 199 200 201 202 203
          204 205 206 207 208 209
          210 211 212 213 214 215
          216 217 218 219 220 221
          222 223 224 225 226 227
          228 229 230 231 232 233
          234 235 236 237 238 239
          240 241 242 243 244 245
          246 247 248 249 250 251
          252 253 254 255 256 257
          258 259 260 261 262 263
          264 265 266 267 268 269
          270 271 272 273 274 275
          276 277 278 279 280 281
          282 283 284 285 286 287
          288 289 290 291 292 293
          294 295 296 297 298 299
          300 301 302 303 304 305
          306 307 308 309 310 311
          312 313 314 315 316 317
          318 319 320 321 322 323
          324 325 326 327 328 329
          330 331 332 333 334 335
          336 337 338 339 340 341
          342 343 344 345 346 347
          348 349 350 351 352 353
          354 355 356 357 358 359
          360 361 362 363 364 365
          366 367 368 369 370 371
          372 373 374 375 376 377
          378 379 380 381 382 383
          384 385 386 387 388 389
          390 391 392 393 394 395
          396 397 398 399 400 401
          402 403 404 405 406 407
          408 409 410 411 412 413
          414 415 416 417 418 419
          420 421 422 423 424 425
          426 427 428 429 430 431
          432 433 434 435 436 437
          438 439 440 441 442 443
          444 445 446 447 448 449
          450 451 452 453 454 455
          456 457 458 459 460 461
          462 463 464 465 466 467
          468 469 470 471 472 473
          474 475 476 477 478 479
          480 481 482 483 484 485
          486 487 488 489 490 491
          492 493 494 495 496 497
          498 499 500 501 502 503
          504 505 506 507 508 509
          510 511 512 513 514 515
          516 517 518 519 520 521
          522 523 524 525 526 527
          528 529 530 531 532 533
          534 535 536 537 538 539
          540 541 542 543 544 545
          546 547 548 549 550 551
          552 553 554 555 556 557
          558 559 560 561 562 563
          564 565 566 567 568 569
          570 571 572 573 574 575
          576 577 578 579 580 581
          582 583 584 585 586 587
          588 589 590 591 592 593
          594 595 596 597 598 599
          600 601 602 603 604 605
          606 607 608 609 610 611
          612 613 614 615 616 617
          618 619 620 621 622 623
          624 625 626 627 628 629
          630 631 632 633 634 635
          636 637 638 639 640 641
          642 643 644 645 646 647
          648 649 650 651 652 653
          654 655 656 657 658 659
          660 661 662 663 664 665
          666 667 668 669 670 671
          672 673 674 675 676 677
          678 679 680 681 682 683
          684 685 686 687 688 689
          690 691 692 693 694 695
          696 697 698 699 700 701
          702 703 704 705 706 707
          708 709 710 711 712 713
          714 715 716 717 718 719
          720 721 722 723 724 725
          726 727 728 729 730 731
          732 733 734 735 736 737
          738 739 740 741 742 743
          744 745 746 747 748 749
          750 751 752 753 754 755
          756 757 758 759 760 761
          762 763 764 765 766 767
          768 769 770 771 772 773
          774 775 776 777 778 779
          780 781 782 783 784 785
          786 787 788 789 790 791
          792 793 794 795 796 797
          798 799 800 801 802 803
          804 805 806 807 808 809
          810 811 812 813 814 815
          816 817 818 819 820 821
          822 823 824 825 826 827
          828 829 830 831 832 833
          834 835 836 837 838 839
          840 841 842 843 844 845
          846 847 848 849 850 851
          852 853 854 855 856 857
          858 859 860 861 862 863
          864 865 866 867 868 869
          870 871 872 873 874 875
          876 877 878 879 880 881
          882 883 884 885 886 887
          888 889 890 891 892 893
          894 895 896 897 898 899
          900 901 902 903 904 905
          906 907 908 909 910 911
          912 913 914 915 916 917
          918 919 920 921 922 923
          924 925 926 927 928 929
          930 931 932 933 934 935
          936 937 938 939 940 941
          942 943 944 945 946 947
          948 949 950 951 952 953
          954 955 956 957 958 959
          960 961 962 963 964 965
          966 967 968 969 970 971
          972 973 974 975 976 977
          978 979 980 981 982 983
          984 985 986 987 988 989
          990 991 992 993 994 995
          996 997 998 999 1000 1001
          1002 1003 1004 1005 1006 1007
          1008 1009 1010 1011 1012 1013
          1014 1015 1016 1017 1018 1019
          1020 1021 1022 1023 1024 1025
          1026 1027 1028 1029 1030 1031
          1032 1033 1034 1035 1036 1037
          1038 1039 1040 1041 1042 1043
          1044 1045 1046 1047 1048 1049
          1050 1051 1052 1053 1054 1055
          1056 1057 1058 1059 1060 1061
          1062 1063 1064 1065 1066 1067
          1068 1069 1070 1071 1072 1073
          1074 1075 1076 1077 1078 1079
          1080 1081 1082 1083 1084 1085
          1086 1087 1088 1089 1090 1091
          1092 1093 1094 1095 1096 1097
          1098 1099 1100 1101 1102 1103
          1104 1105 1106 1107 1108 1109
          1110 1111 1112 1113 1114 1115
          1116 1117 1118 1119 1120 1121
          1122 1123 1124 1125 1126 1127
          1128 1129 1130 1131 1132 1133
          1134 1135 1136 1137 1138 1139
          1140 1141 1142 1143 1144 1145
          1146 1147 1148 1149 1150 1151
          1152 1153 1154 1155 1156 1157
          1158 1159 1160 1161 1162 1163
          1164 1165 1166 1167 1168 1169
          1170 1171 1172 1173 1174 1175
          1176 1177 1178 1179 1180 1181
          1182 1183 1184 1185 1186 1187
          1188 1189 1190 1191 1192 1193
          1194 1195 1196 1197 1198 1199
          1200 1201 1202 1203 1204 1205
          1206 1207 1208 1209 1210 1211
          1212 1213 1214 1215 1216 1217
          1218 1219 1220 1221 1222 1223
          1224 1225 1226 1227 1228 1229
          1230 1231 1232 1233 1234 1235
          1236 1237 1238 1239 1240 1241
          1242 1243 1244 1245 1246 1247
          1248 1249 1250 1251 1252 1253
          1254 1255 1256 1257 1258 1259
          1260 1261 1262 1263 1264 1265
          1266 1267 1268 1269 1270 1271
          1272 1273 1274 1275 1276 1277
          1278 1279 1280 1281 1282 1283
          1284 1285 1286 1287 1288 1289
          1290 1291 1292 1293 1294 1295
          1296 1297 1298 1299 1300 1301
          1302 1303 1304 1305 1306 1307
          1308 1309 1310 1311 1312 1313
          1314 1315 1316 1317 1318 1319
          1320 1321 1322 1323 1324 1325
          1326 1327 1328 1329 1330 1331
          1332 1333 1334 1335 1336 1337
          1338 1339 1340 1341 1342 1343
          1344 1345 1346 1347 1348 1349
          1350 1351 1352 1353 1354 1355
          1356 1357 1358 1359 1360 1361
          1362 1363 1364 1365 1366 1367
        </DataArray>
        <DataArray type="Int32" Name="RegionSize" format="ascii" RangeMin="0" RangeMax="794">
          1 3 1 1 0 0
          0 0 1 15 3 2
          35 8 0 1 0 3
          0 6 5 4 2 0
          0 1 0 0 1 1
          0 1 0 6 1 88
          3 0 0 1 0 1
          1 1 0 1 0 0
          1 0 1 0 0 0
          1 1 1 5 0 0
          4 0 0 0 6 0
          7 0 0 6 0 0
          0 10 1 3 6 6
          0 0 1 1 0 19
          0 0 0 0 0 1
          30 7 1 1 0 0
          6 9 6 0 36 1
          0 45 0 8 1 15
          0 0 3 3 0 31
          3 0 0 1 0 1
          2 0 1 3 7 67
          2 0 27 41 0 0
          21 0 4 13 1 7
          3 0 0 119 43 2
          0 3 1 0 1 1
          16 2 1 7 3 34
          60 2 0 3 28 22
          9 15 1 1 79 8
          1 2 0 1 65 203
          2 9 23 4 1 114
          20 27 0 0 0 0
          0 0 15 0 1 17
          0 141 0 6 1 0
          226 9 1 15 1 2
          0 4 0 9 0 2
          0 267 18 19 0 2
          4 0 1 0 2 7
          1 10 2 59 4 3
          2 1 33 4 0 17
          178 9 18 1 58 1
          1 1 14 0 0 67
          24 1 0 78 1 216
          8 124 0 81 0 2
          116 0 0 5 1 1
          0 0 1 5 31 20
          3 67 19 0 208 20
          0 7 70 1 1 2
          1 72 0 7 0 0
          56 0 0 0 7 1
          0 107 4 3 11 26
          4 2 1 112 2 3
          0 2 1 0 1 1
          6 0 0 37 2 0
          3 132 0 1 56 1
          2 142 36 1 7 0
          3 0 0 164 0 0
          23 0 79 0 2 2
          1 0 71 50 1 241
          0 7 30 0 0 48
          0 2 0 0 1 47
          37 0 1 44 0 46
          82 1 95 0 2 193
          12 3 0 1 2 0
          0 116 176 1 5 230
          0 5 1 30 0 0
          2 0 1 27 0 1
          0 42 296 3 1 78
          61 0 4 329 0 61
          0 0 0 1 27 0
          0 98 0 28 1 15
          3 3 1 0 182 65
          2 0 0 123 1 37
          0 0 322 0 0 17
          2 0 10 2 0 13
          2 5 2 1 4 113
          162 0 0 1 0 44
          4 14 0 390 0 3
          0 4 1 0 0 0
          1 0 3 1 3 0
          0 1 3 2 12 1
          6 1 3 0 4 0
          2 1 8 0 0 119
          0 7 0 9 0 2
          3 34 1 102 2 0
          0 0 12 0 47 0
          132 3 0 0 0 6
          1 0 41 1 2 0
          0 1 1 3 124 18
          72 3 1 0 3 0
          1 18 0 0 0 43
          1 12 9 11 0 2
          16 8 74 2 16 0
          3 56 7 78 5 36
          6 6 103 0 3 0
          0 0 1 1 12 4
          4 2 0 10 0 14
          0 0 6 0 9 107
          2 0 9 1 39 1
          4 0 5 5 1 1
          3 0 2 1 37 4
          14 3 3 4 2 13
          0 0 15 130 27 1
          17 9 8 49 0 0
          0 2 1 0 0 33
          0 12 0 5 61 1
          4 3 2 0 0 0
          35 1 52 1 1 2
          2 0 2 13 3 2
          2 16 35 32 0 0
          0 8 1 1 2 4
          39 1 4 24 0 96
          19 22 0 4 0 7
          14 6 8 1 3 40
          1 8 1 14 0 1
          10 1 17 101 0 2
          2 51 4 72 0 5
          0 7 11 55 34 6
          0 35 4 1 0 47
          52 0 17 0 0 43
          15 5 69 9 9 12
          1 8 0 103 1 4
          0 2 16 2 8 1
          6 70 59 0 1 9
          3 15 3 12 10 98
          1 0 17 2 9 1
          0 4 52 16 30 5
          65 40 3 15 43 3
          0 5 49 3 1 0
          1 4 13 94 81 0
          0 1 8 1 91 0
          3 0 40 3 0 0
          8 3 132 0 10 15
          0 5 67 13 3 0
          2 17 4 14 0 2
          1 19 1 12 1 12
          2 0 0 12 6 20
          5 43 0 1 2 16
          5 33 1 12 3 3
          7 1 3 1 53 12
          21 22 0 4 0 18
          4 0 5 1 26 1
          1 0 4 18 0 3
          20 0 19 63 5 10
          0 74 5 5 0 3
          2 0 1 10 6 13
          0 1 0 8 3 7
          2 22 0 7 31 0
          8 0 4 13 14 2
          69 12 2 9 3 2
          18 0 27 36 1 3
          3 21 16 8 0 45
          43 2 41 0 0 110
          14 0 0 20 2 2
          18 4 0 9 4 1
          2 10 5 0 2 20
          1 0 14 18 3 0
          161 3 3 36 4 0
          7 0 5 27 1 18
          3 0 37 14 1 2
          1 3 4 57 46 0
          2 0 0 0 2 0
          11 0 1 1 0 1
          2 10 0 2 2 3
          1 2 0 9 0 9
          6 3 58 3 0 60
          0 1 50 119 0 0
          37 2 34 2 0 20
          183 2 0 0 0 0
          0 0 17 0 17 0
          30 1 1 0 46 3
          1 3 24 1 0 10
          1 5 0 21 10 31
          2 0 43 0 67 0
          1 17 25 86 15 0
          65 0 10 1 67 11
          1 38 15 15 31 136
          8 2 6 0 129 3
          27 5 0 0 47 0
          0 10 0 19 1 0
          12 39 2 63 13 5
          2 0 11 85 21 5
          2 6 12 1 3 52
          6 33 2 66 0 1
          0 0 22 10 172 0
          0 6 0 4 0 1
          8 14 18 1 168 3
          0 23 2 3 62 2
          1 31 24 14 125 2
          4 3 0 106 0 8
          47 7 2 0 0 21
          56 113 1 5 0 1
          1 0 9 0 11 97
          0 0 13 0 2 34
          1 6 71 4 9 0
          2 8 6 91 0 4
          2 142 2 0 1 3
          2 5 17 8 1 46
          12 0 13 0 4 19
          16 15 34 0 0 0
          19 9 0 100 9 5
          3 8 0 15 91 1
          3 2 15 5 3 0
          8 6 0 69 1 1
          6 17 7 0 6 0
          0 20 0 30 50 0
          1 3 3 6 42 32
          1 0 12 13 15 82
          13 2 0 9 0 95
          2 1 0 0 7 46
          0 11 28 1 36 37
          22 0 27 0 3 13
          111 5 1 14 8 123
          6 1 10 7 3 32
          0 19 76 35 1 103
          1 0 0 2 0 2
          0 6 11 2 41 11
          26 1 3 10 0 31
          21 8 68 4 0 2
          1 33 2 0 33 5
          32 7 25 22 20 124
          7 44 11 16 95 0
          0 0 28 0 6 11
          93 0 68 2 0 23
          19 70 1 18 86 0
          30 1 205 14 0 5
          197 104 100 2 1 1
          0 7 15 0 40 50
          0 25 0 22 30 794
        </DataArray>
        <DataArray type="Float64" Name="RegionSpan" format="ascii" RangeMin="1" RangeMax="174.62245178222656">
          2 2.2360680103302 1 1 1 1
          1 2.2360680103302 3.605551242828369 5.830951690673828 2.8284270763397217 1
          4.242640495300293 1.4142135381698608 1 1.4142135381698608 1 1
          1 2.8284270763397217 2.2360680103302 3 2.2360680103302 1
          1 1.4142135381698608 1 1 1.4142135381698608 1
          1 1 2.2360680103302 5.385164737701416 1 10.770329475402832
          3.605551242828369 1 1 1.4142135381698608 1 1
          1 1 3.1622776985168457 1.4142135381698608 1 1.4142135381698608
          1 1.4142135381698608 5.830951690673828 1.4142135381698608 1 1
          1 1.4142135381698608 1 9.219544410705566 1 1
          2.8284270763397217 1 1.4142135381698608 1 3 1
          1.4142135381698608 1.4142135381698608 2.2360680103302 1.4142135381698608 2.2360680103302 4.4721360206604
          2 9.848857879638672 5.830951690673828 7.211102485656738 7.211102485656738 2.8284270763397217
          1 1 1.4142135381698608 2.2360680103302 8 8.246211051940918
          1 1 1 1 1 1
          2.8284270763397217 3 1 1 1.4142135381698608 2
          2.2360680103302 4 5.830951690673828 4.123105525970459 5.099019527435303 1
          1 41.72529220581055 1 1.4142135381698608 1 6.4031243324279785
          1 1 1.4142135381698608 3.1622776985168457 1 20.124610900878906
          2 1.4142135381698608 1 2.2360680103302 1 1.4142135381698608
          3.605551242828369 1 2 3.1622776985168457 2.2360680103302 32.015621185302734
          2.2360680103302 1 9.899495124816895 4.123105525970459 1.4142135381698608 1
          5.830951690673828 1 1.4142135381698608 3 2.2360680103302 6.324555397033691
          1.4142135381698608 1 1 14.317821502685547 19.72308349609375 2
          1 3.1622776985168457 1.4142135381698608 1 4.242640495300293 1
          21.40093421936035 2.2360680103302 1.4142135381698608 3.1622776985168457 2.8284270763397217 2
          61.717098236083984 3.605551242828369 1.4142135381698608 3.605551242828369 3 65.85590362548828
          4.123105525970459 8.5440034866333 1 1.4142135381698608 56.56854248046875 9.05538558959961
          1 1 1 6.324555397033691 5.385164737701416 3.605551242828369
          1.4142135381698608 3.1622776985168457 4.242640495300293 2 1 11.313708305358887
          9.219544410705566 3.605551242828369 1 2.8284270763397217 1 1
          1 1 11 1 1.4142135381698608 7.211102485656738
          1 63.06346130371094 1 7.211102485656738 2.2360680103302 9.433980941772461
          7.071067810058594 3.605551242828369 1.4142135381698608 17.492855072021484 1 2
          1 2.2360680103302 1.4142135381698608 18 1 2.2360680103302
          1 27.312999725341797 5.830951690673828 13 1 2.2360680103302
          1 1.4142135381698608 20.02498435974121 13.45362377166748 2.2360680103302 3
          5.385164737701416 12.806248664855957 1 3.1622776985168457 2 2.2360680103302
          1 1 5.099019527435303 5.099019527435303 1 1.4142135381698608
          28.861740112304688 2.2360680103302 4.123105525970459 1.4142135381698608 17.464248657226562 2
          1 2 5 1 1.4142135381698608 12.041594505310059
          18.681541442871094 1.4142135381698608 1 22.56102752685547 1 28
          3.1622776985168457 27.459060668945312 1 27.073972702026367 1 1.4142135381698608
          18.11077117919922 1 1 2.2360680103302 1 1
          1 1 2.8284270763397217 4 97.98979187011719 61.61168670654297
          1.4142135381698608 102.41581726074219 8.062257766723633 1 43.96589660644531 27.784887313842773
          1 15.132745742797852 2 1 2 1
          2 94.3663101196289 1 3.605551242828369 1 1
          1.4142135381698608 1 1 1 1.4142135381698608 40.224369049072266
          1 41.34005355834961 1.4142135381698608 2.2360680103302 83.48652648925781 7
          2.2360680103302 4.123105525970459 1.4142135381698608 34.885528564453125 2 1.4142135381698608
          1 1.4142135381698608 1.4142135381698608 1 1.4142135381698608 1.4142135381698608
          4.123105525970459 1 4.4721360206604 110.72488403320312 1.4142135381698608 1
          14.317821502685547 21.40093421936035 110.72488403320312 1 12.041594505310059 2
          3.1622776985168457 29.73213768005371 5 1 5.385164737701416 1
          1 1.4142135381698608 1.4142135381698608 14.03566837310791 1 1
          16.401220321655273 1 33.241539001464844 7.280109882354736 8.246211051940918 1.4142135381698608
          1 1 11.401754379272461 46.04345703125 2 120.34117889404297
          1 1.4142135381698608 7.071067810058594 1 5.385164737701416 61.00819778442383
          1 1.4142135381698608 1 1 1.4142135381698608 37.013511657714844
          2.2360680103302 1 1 122.65398406982422 1 3.1622776985168457
          127.45587158203125 1 43.416587829589844 2 1 125.89678192138672
          3.1622776985168457 2 1 1 1 1
          1.4142135381698608 160.51480102539062 44.68780517578125 2.2360680103302 1.4142135381698608 44.92215347290039
          1 2.2360680103302 1.4142135381698608 2.2360680103302 1.4142135381698608 1
          2 1 145.03103637695312 1.4142135381698608 2.2360680103302 2.2360680103302
          1 42.48529052734375 13.601470947265625 2.2360680103302 6.7082037925720215 5.656854152679443
          5 1 2.2360680103302 2.2360680103302 1 58.728187561035156
          2 4 3.605551242828369 1 39.560081481933594 1
          4.242640495300293 148.0033721923828 1 1.4142135381698608 5 1.4142135381698608
          4.123105525970459 1 2 1 61.717098236083984 116.67475891113281
          1.4142135381698608 2.2360680103302 1 110.11357879638672 2.2360680103302 76.68767547607422
          5.385164737701416 1 1.4142135381698608 1 1 4.123105525970459
          2.2360680103302 1 3 1.4142135381698608 3 5.099019527435303
          12.041594505310059 2.2360680103302 3.1622776985168457 1.4142135381698608 77.82030487060547 78.29431915283203
          5.830951690673828 2.2360680103302 1 3.1622776985168457 1 77.17512512207031
          3 72.09021759033203 1 5.385164737701416 2.2360680103302 2.2360680103302
          1 4 1 1 1 3.605551242828369
          1 1 4.4721360206604 2 1.4142135381698608 1
          1 1.4142135381698608 2 2.2360680103302 2.2360680103302 1
          2.2360680103302 1 2.2360680103302 1 2 1
          2.2360680103302 1.4142135381698608 3.605551242828369 1 1 2.2360680103302
          1.4142135381698608 4.123105525970459 1 2.2360680103302 1 2
          3 7.6157732009887695 40.71854782104492 42.05948257446289 3 1
          1 1 11.704699516296387 4.242640495300293 53.600372314453125 1.4142135381698608
          9.848857879638672 3 2.8284270763397217 1 1 2.2360680103302
          1.4142135381698608 1 26.62705421447754 2.2360680103302 2 1
          2.2360680103302 3.605551242828369 1.4142135381698608 1 50.2493782043457 13.416407585144043
          50.80354309082031 1.4142135381698608 6.082762718200684 1 6.4031243324279785 1.4142135381698608
          1.4142135381698608 49.57822036743164 1 4 1.4142135381698608 48.10405349731445
          2 3.605551242828369 11.180339813232422 6.7082037925720215 1 1
          46.22769546508789 2.2360680103302 60.008331298828125 1 4.242640495300293 1
          1 125.68611907958984 3.1622776985168457 65 14.866068840026855 132.50282287597656
          3 3 93.86160278320312 1 2 12.649110794067383
          6.4031243324279785 1 1 1 4.123105525970459 3
          11.401754379272461 1.4142135381698608 1 6.4031243324279785 1.4142135381698608 5.099019527435303
          1 1 91.0494384765625 1.4142135381698608 42.20189666748047 103.61949920654297
          1.4142135381698608 1 48.82622146606445 15.264337539672852 2.2360680103302 3.1622776985168457
          4.242640495300293 1 2 3 1.4142135381698608 1
          3 1 45.221675872802734 2 46.75468063354492 4.242640495300293
          8.9442720413208 2.2360680103302 2 2.2360680103302 1.4142135381698608 3.1622776985168457
          1.4142135381698608 6.082762718200684 46.86149978637695 7.211102485656738 13 1.4142135381698608
          7.280109882354736 4 6.082762718200684 110.2587890625 1.4142135381698608 1
          1 2.2360680103302 2 1 1 97.08243560791016
          1 2.2360680103302 1 3.1622776985168457 2.2360680103302 1
          5.385164737701416 2.2360680103302 4 1 1 1.4142135381698608
          3.1622776985168457 1 95.63471984863281 2.2360680103302 2.2360680103302 2.2360680103302
          1.4142135381698608 1 2.2360680103302 7.071067810058594 2.8284270763397217 8.246211051940918
          2 36.013885498046875 14.317821502685547 33.105892181396484 1.4142135381698608 1
          1 2.2360680103302 1 1 2 2
          41.03656768798828 1 2.8284270763397217 58.30952072143555 1 20.880613327026367
          13.03840446472168 10 1 2.2360680103302 1 3
          111.15754699707031 4.242640495300293 17.464248657226562 2 105.0047607421875 19.72308349609375
          1.4142135381698608 3 4.4721360206604 4.123105525970459 1 14.317821502685547
          7.6157732009887695 2 124.20144653320312 66.70832061767578 1 2
          1.4142135381698608 66.24198150634766 2.8284270763397217 46.04345703125 1.4142135381698608 3.605551242828369
          1 27.784887313842773 50.6063232421875 59.00847244262695 20.51828384399414 2.2360680103302
          1 88.28363037109375 3.605551242828369 2.2360680103302 1 14.317821502685547
          133.25538635253906 1 2.2360680103302 1 1 149.62620544433594
          5.099019527435303 2 54.5710563659668 2.2360680103302 7.071067810058594 2.8284270763397217
          2.2360680103302 4 1.4142135381698608 86.12781524658203 1 2.2360680103302
          1 2 3.605551242828369 3 53.36665725708008 1.4142135381698608
          4 10.816654205322266 95.02104949951172 1 1 10.440306663513184
          2 5.099019527435303 56.58621597290039 75.66372680664062 2.2360680103302 104.3886947631836
          1 1 25.45584487915039 3 2.8284270763397217 1
          1 2.2360680103302 59.05929183959961 7.071067810058594 174.62245178222656 2.2360680103302
          85.42832946777344 6.4031243324279785 3.1622776985168457 2.8284270763397217 2.8284270763397217 2.2360680103302
          1 3 57.982757568359375 2.2360680103302 1 1
          1.4142135381698608 4.123105525970459 2.8284270763397217 6.4031243324279785 40.52159881591797 1.4142135381698608
          1 1 2.2360680103302 4.4721360206604 69.2603759765625 1
          2.2360680103302 1.4142135381698608 14.422204971313477 2.8284270763397217 1 1
          12.083045959472656 2.2360680103302 63.1347770690918 1 3.605551242828369 2.2360680103302
          1.4142135381698608 2.2360680103302 27.58622932434082 8.062257766723633 3.1622776985168457 1
          2 5.656854152679443 1 61.400325775146484 1 1.4142135381698608
          111.25196838378906 92.57429504394531 1 9.433980941772461 2.2360680103302 1.4142135381698608
          1 1 1 53.25410842895508 3.1622776985168457 46.22769546508789
          3.1622776985168457 26.925823211669922 1.4142135381698608 1 2 45.35416030883789
          3.605551242828369 102.9611587524414 2 4.123105525970459 2.2360680103302 18.439088821411133
          35.84689712524414 1 3 1.4142135381698608 33.30165100097656 87.28115844726562
          8.246211051940918 70.38465881347656 1 3 1 68.88395690917969
          3 1 1.4142135381698608 2 67.74215698242188 1
          56.22277069091797 1 52.009613037109375 124.06449890136719 1 34.20526123046875
          6.082762718200684 1 32.38827133178711 70.3420181274414 2.8284270763397217 5.385164737701416
          1 36.49657440185547 1.4142135381698608 1.4142135381698608 1.4142135381698608 2
          2 1.4142135381698608 23.853721618652344 30.08321762084961 2.2360680103302 111.36426544189453
          1 2 1 64.44377136230469 1 3
          50.11985778808594 110.72488403320312 1.4142135381698608 3.1622776985168457 1.4142135381698608 1.4142135381698608
          5 1 10.630146026611328 6.7082037925720215 144.2220458984375 2
          47.12748718261719 16.401220321655273 2 1.4142135381698608 5 1.4142135381698608
          79.88116455078125 1 4.242640495300293 109.77249145507812 2 1
          101.6513671875 2.2360680103302 55.226806640625 1 1 112.04016876220703
          22.472204208374023 2.2360680103302 65.0691909790039 1 1 33.0151481628418
          82.03657531738281 1 3.605551242828369 122.20065307617188 2.2360680103302 1
          2.2360680103302 48.166378021240234 1 5 44.55333709716797 1
          53.141319274902344 103.84603881835938 72.91776275634766 1 85.61541748046875 16.970561981201172
          2.2360680103302 1 82.56512451171875 84.92938232421875 2.2360680103302 1
          78 5 1.4142135381698608 94.2443618774414 11.661903381347656 1.4142135381698608
          2.2360680103302 1 3 22.203603744506836 1 33.37664031982422
          1.4142135381698608 1 19.235383987426758 8.602325439453125 2 1
          1 36.12478256225586 5 79.62411499023438 2.2360680103302 1
          2 1 1 1 3 1
          73.00685119628906 29.4108829498291 30.805843353271484 72.4706802368164 1 12.165525436401367
          132.51792907714844 141.2267608642578 3 1 12.041594505310059 29
          1.4142135381698608 20.39607810974121 1 37.10795211791992 1 56.56854248046875
          28.017850875854492 15.132745742797852 17.029386520385742 10.198039054870605 1 18.027755737304688
          1 2.2360680103302 4 87.09190368652344 1.4142135381698608 1.4142135381698608
          151.85519409179688 2 24.020824432373047 79.32212829589844 1 74.5184555053711
          95.02104949951172 1 1 1.4142135381698608 1 1
          1 1 114.52947235107422 1 118.00423431396484 2.8284270763397217
          10.198039054870605 1 2 1 104.8093490600586 3.1622776985168457
          2.2360680103302 101.212646484375 5.385164737701416 6.7082037925720215 1 104.8093490600586
          1.4142135381698608 112.89375305175781 2 21.189620971679688 46.22769546508789 83.00602722167969
          2.2360680103302 1 81.41252899169922 1 56.88584899902344 1
          1 121.49073791503906 65.29930877685547 98.67117309570312 68.94925689697266 1.4142135381698608
          2.2360680103302 1 60.926185607910156 87.09190368652344 143.19915771484375 5
          1 139.16896057128906 92.9139404296875 18.601076126098633 118.98319244384766 73.43023681640625
          5.099019527435303 3.1622776985168457 5.099019527435303 1 65.92420196533203 2.2360680103302
          110.67971801757812 3.605551242828369 1 1 71.61005401611328 1
          1 7 1 118.43141174316406 2.2360680103302 1.4142135381698608
          125.86500549316406 87.09190368652344 1 102.17631530761719 2.8284270763397217 2.2360680103302
          2.2360680103302 1 7.211102485656738 98.2903823852539 2.2360680103302 1.4142135381698608
          2.2360680103302 3.605551242828369 6.4031243324279785 1 120.42009735107422 14.764822959899902
          3 77.8331527709961 1 94.5568618774414 1 1.4142135381698608
          1.4142135381698608 1 13.34166431427002 2.2360680103302 73.16419982910156 1.4142135381698608
          1 2.8284270763397217 1.4142135381698608 4 2 2.2360680103302
          43.32435989379883 145.05516052246094 81.3449478149414 1 56.35601043701172 2
          1 2.8284270763397217 1 2 110.00454711914062 1.4142135381698608
          1.4142135381698608 36.12478256225586 114.49454498291016 31.14482307434082 55.217750549316406 2
          4 2.2360680103302 1 69.65629577636719 1 80.15609741210938
          81.4002456665039 4.123105525970459 5.830951690673828 1.4142135381698608 19.235383987426758 10.198039054870605
          14.317821502685547 109.45775604248047 1.4142135381698608 5 1 1.4142135381698608
          2.2360680103302 1.4142135381698608 11.313708305358887 1 125.06398010253906 5.385164737701416
          1 1 2.2360680103302 1 2.2360680103302 23.34523582458496
          1 3.1622776985168457 11.180339813232422 3 5.099019527435303 1.4142135381698608
          1 103.16007232666016 3 67.20118713378906 1.4142135381698608 3
          1.4142135381698608 101.53324890136719 5.656854152679443 1 1.4142135381698608 1.4142135381698608
          1.4142135381698608 2.2360680103302 3.605551242828369 4.242640495300293 2.2360680103302 53.00943374633789
          3.1622776985168457 1 109.17874908447266 2.8284270763397217 53.93514633178711 105.01904296875
          5.099019527435303 5.385164737701416 109.60382843017578 1.4142135381698608 1.4142135381698608 1
          69.97142028808594 5.385164737701416 1.4142135381698608 35.12833786010742 18.439088821411133 2.8284270763397217
          2 9.219544410705566 1.4142135381698608 109.98636627197266 94.20191192626953 1.4142135381698608
          3.1622776985168457 1.4142135381698608 6.082762718200684 12.165525436401367 3.1622776985168457 1.4142135381698608
          24.083189010620117 7.071067810058594 1.4142135381698608 121.40016174316406 1 2.8284270763397217
          2.2360680103302 124.00403594970703 3.1622776985168457 1 4.242640495300293 1
          1 134.76646423339844 2.2360680103302 77.10382843017578 8.062257766723633 1.4142135381698608
          4.4721360206604 1.4142135381698608 75.21302795410156 110.90987396240234 46.69047164916992 123.9758071899414
          2 1.4142135381698608 11.180339813232422 18.681541442871094 20.615528106689453 124.6795883178711
          7.071067810058594 3.1622776985168457 1 3.605551242828369 1 158.15182495117188
          1.4142135381698608 3 1 1 137.64083862304688 37.48332977294922
          1.4142135381698608 2.8284270763397217 83.73768615722656 120.5985107421875 44.94440841674805 5.099019527435303
          57.628116607666016 1 44.55333709716797 1.4142135381698608 145.52662658691406 5.385164737701416
          125.2397689819336 9.899495124816895 2.8284270763397217 18.384777069091797 4.4721360206604 121.03718566894531
          5.385164737701416 1 128.8177032470703 8.602325439453125 105.43718719482422 93.7229995727539
          1 9.05538558959961 39.11521530151367 17.262676239013672 2.2360680103302 134.2609405517578
          1 1 1.4142135381698608 1.4142135381698608 1 1
          3.605551242828369 141.15240478515625 8.062257766723633 2 25 12.165525436401367
          19.697715759277344 1 3.1622776985168457 102.41581726074219 1 53.823787689208984
          36.8917350769043 14.866068840026855 16.278820037841797 2.8284270763397217 1 1.4142135381698608
          2.2360680103302 23.323806762695312 2.8284270763397217 1 8.9442720413208 2.2360680103302
          7.8102498054504395 2.2360680103302 118.19052124023438 133.95895385742188 35.46829605102539 152.61061096191406
          2.2360680103302 144.89996337890625 3 8.602325439453125 110 1
          1.4142135381698608 1 84.07734680175781 1 78.49203491210938 89.14033508300781
          23.0867919921875 1 89.44271850585938 2 1 10.816654205322266
          5.830951690673828 130.08074951171875 1.4142135381698608 11.180339813232422 131.06105041503906 1
          133.01502990722656 17.11724281311035 129.00387573242188 5.656854152679443 1 35.44009017944336
          5.099019527435303 142.3516845703125 146.53668212890625 1 1 1
          1 131.0343475341797 12.649110794067383 1 18.027755737304688 164.17369079589844
          1 151.60804748535156 1.4142135381698608 14.560219764709473 6.4031243324279785 136.97079467773438
        </DataArray>
      </CellData>
      <Points>
        <DataArray type="Float32" Name="Points" NumberOfComponents="3" format="ascii" RangeMin="9.486832980505138" RangeMax="213.84573879317773">
          78 129 0 80 129 0
          12 30 0 10 29 0
          15 31 0 15 32 0
          118 159 0 118 158 0
          16 32 0 117 158 0
          9 29 0 13 31 0
          18 34 0 113 143 0
          111 145 0 114 153 0
          114 154 0 115 155 0
          43 87 0 44 88 0
          33 70 0 32 70 0
          35 73 0 36 74 0
          36 75 0 110 145 0
          53 88 0 53 89 0
          121 148 0 123 146 0
          122 143 0 124 142 0
          101 153 0 104 153 0
          111 153 0 113 152 0
          32 69 0 44 89 0
          50 85 0 51 86 0
          34 72 0 35 72 0
          18 35 0 118 147 0
          117 146 0 37 76 0
          37 77 0 49 84 0
          49 85 0 111 147 0
          111 146 0 42 83 0
          80 130 0 22 44 0
          38 74 0 113 138 0
          114 138 0 48 83 0
          48 84 0 54 90 0
          77 128 0 78 128 0
          38 77 0 47 82 0
          47 83 0 52 86 0
          83 131 0 82 130 0
          94 136 0 93 136 0
          40 77 0 39 78 0
          124 141 0 33 71 0
          41 78 0 40 79 0
          49 89 0 48 89 0
          41 80 0 41 79 0
          42 82 0 62 104 0
          61 103 0 93 135 0
          39 79 0 48 88 0
          50 87 0 55 91 0
          54 91 0 42 80 0
          115 140 0 115 139 0
          53 87 0 46 89 0
          84 132 0 91 134 0
          114 139 0 45 81 0
          46 81 0 119 144 0
          120 143 0 56 95 0
          56 96 0 57 96 0
          61 102 0 85 132 0
          60 101 0 60 100 0
          85 77 0 85 78 0
          56 93 0 90 134 0
          59 100 0 60 102 0
          86 133 0 107 137 0
          111 137 0 59 98 0
          116 131 0 117 136 0
          156 135 0 156 136 0
          30 68 0 30 67 0
          128 146 0 127 145 0
          38 86 0 39 86 0
          115 141 0 25 54 0
          24 54 0 87 133 0
          35 12 0 34 11 0
          88 133 0 105 153 0
          34 8 0 34 10 0
          26 55 0 25 55 0
          125 140 0 24 53 0
          23 52 0 22 52 0
          21 51 0 64 106 0
          110 140 0 112 139 0
          22 45 0 95 140 0
          21 48 0 126 139 0
          21 50 0 99 150 0
          115 154 0 36 16 0
          35 15 0 114 149 0
          113 148 0 64 107 0
          100 100 0 100 101 0
          24 62 0 47 96 0
          66 109 0 64 109 0
          116 146 0 100 139 0
          97 140 0 118 145 0
          47 97 0 72 112 0
          71 112 0 93 141 0
          70 111 0 68 111 0
          111 156 0 110 157 0
          140 0 0 137 0 0
          26 20 0 30 21 0
          121 153 0 28 72 0
          28 71 0 110 107 0
          111 108 0 99 99 0
          100 99 0 109 106 0
          110 106 0 99 137 0
          98 137 0 145 9 0
          143 4 0 30 74 0
          144 122 0 145 123 0
          113 8 0 110 5 0
          107 157 0 107 155 0
          121 121 0 122 121 0
          90 145 0 115 146 0
          13 51 0 16 49 0
          32 22 0 32 21 0
          31 21 0 30 75 0
          86 78 0 127 144 0
          126 146 0 117 149 0
          116 149 0 33 79 0
          34 80 0 98 150 0
          5 24 0 136 0 0
          116 122 0 118 121 0
          150 5 0 111 155 0
          96 96 0 96 95 0
          108 159 0 107 159 0
          119 120 0 5 23 0
          32 18 0 33 16 0
          104 158 0 105 158 0
          27 26 0 103 157 0
          102 157 0 91 151 0
          92 149 0 95 148 0
          96 148 0 33 11 0
          114 117 0 114 114 0
          91 146 0 96 154 0
          98 154 0 87 148 0
          89 149 0 122 3 0
          123 3 0 47 34 0
          46 34 0 155 6 0
          90 146 0 9 21 0
          104 103 0 103 102 0
          106 145 0 127 159 0
          125 159 0 105 145 0
          94 88 0 94 90 0
          32 19 0 9 20 0
          35 3 0 34 4 0
          154 134 0 153 133 0
          123 4 0 5 21 0
          159 139 0 159 138 0
          150 33 0 120 4 0
          5 20 0 46 33 0
          11 13 0 10 14 0
          14 21 0 120 5 0
          153 132 0 122 125 0
          124 124 0 55 111 0
          55 110 0 10 15 0
          105 104 0 104 104 0
          36 20 0 36 19 0
          16 19 0 10 18 0
          75 123 0 123 120 0
          127 0 0 75 122 0
          36 22 0 36 21 0
          10 42 0 10 41 0
          128 119 0 126 119 0
          104 141 0 104 142 0
          41 29 0 39 29 0
          57 113 0 11 44 0
          11 45 0 45 32 0
          45 33 0 57 114 0
          58 114 0 58 115 0
          110 4 0 151 33 0
          150 36 0 149 35 0
          36 0 0 36 1 0
          18 13 0 20 12 0
          117 5 0 24 11 0
          22 12 0 146 124 0
          26 10 0 95 91 0
          95 93 0 152 130 0
          153 131 0 91 84 0
          91 85 0 158 37 0
          157 36 0 37 25 0
          38 26 0 21 12 0
          141 121 0 142 122 0
          7 10 0 8 11 0
          146 127 0 119 121 0
          58 116 0 86 79 0
          59 116 0 121 129 0
          157 136 0 155 36 0
          154 35 0 112 112 0
          112 113 0 102 102 0
          127 125 0 126 125 0
          147 125 0 146 126 0
          25 15 0 26 14 0
          140 34 0 129 120 0
          128 120 0 158 138 0
          158 137 0 38 27 0
          39 27 0 35 46 0
          61 118 0 60 117 0
          9 7 0 9 8 0
          35 47 0 111 110 0
          92 85 0 3 9 0
          4 10 0 40 38 0
          101 101 0 65 124 0
          65 123 0 149 126 0
          148 125 0 42 30 0
          43 30 0 140 35 0
          11 4 0 10 5 0
          66 122 0 39 28 0
          146 128 0 66 121 0
          67 119 0 113 114 0
          144 39 0 107 11 0
          110 10 0 142 39 0
          95 94 0 118 124 0
          118 123 0 137 121 0
          136 121 0 43 31 0
          36 25 0 105 7 0
          106 6 0 75 136 0
          87 79 0 74 135 0
          87 81 0 150 128 0
          149 129 0 90 83 0
          91 83 0 41 30 0
          21 1 0 22 1 0
          21 0 0 155 134 0
          20 0 0 133 120 0
          135 121 0 136 120 0
          140 121 0 49 38 0
          48 38 0 149 46 0
          106 105 0 106 104 0
          4 44 0 4 43 0
          131 120 0 148 46 0
          148 45 0 118 101 0
          117 100 0 74 146 0
          74 145 0 146 45 0
          149 134 0 149 135 0
          101 5 0 97 98 0
          98 98 0 111 111 0
          97 7 0 97 6 0
          150 130 0 96 6 0
          150 135 0 15 65 0
          17 64 0 93 86 0
          93 87 0 83 96 0
          80 96 0 150 136 0
          102 86 0 100 87 0
          11 62 0 10 61 0
          149 133 0 98 10 0
          151 136 0 83 92 0
          83 93 0 10 64 0
          13 64 0 103 37 0
          103 38 0 12 62 0
          52 46 0 50 47 0
          9 61 0 9 67 0
          13 67 0 107 90 0
          107 89 0 105 88 0
          105 89 0 53 48 0
          53 47 0 101 102 0
          88 81 0 106 89 0
          97 89 0 91 10 0
          90 9 0 104 38 0
          90 8 0 58 54 0
          57 53 0 96 98 0
          88 10 0 121 25 0
          121 24 0 104 40 0
          120 24 0 97 12 0
          62 58 0 61 58 0
          11 157 0 13 157 0
          143 119 0 143 120 0
          122 26 0 54 50 0
          53 49 0 102 94 0
          104 91 0 122 27 0
          61 57 0 7 154 0
          6 155 0 103 88 0
          59 55 0 58 55 0
          123 28 0 63 59 0
          62 59 0 86 10 0
          13 84 0 16 84 0
          91 7 0 20 88 0
          23 88 0 123 29 0
          60 56 0 60 57 0
          5 155 0 119 17 0
          134 39 0 17 76 0
          19 86 0 22 86 0
          133 39 0 105 40 0
          105 41 0 104 130 0
          103 128 0 99 88 0
          56 53 0 4 154 0
          18 84 0 16 76 0
          59 56 0 14 157 0
          156 51 0 116 99 0
          106 41 0 82 85 0
          92 86 0 20 84 0
          3 154 0 91 17 0
          89 17 0 57 59 0
          101 34 0 55 52 0
          54 52 0 17 80 0
          17 79 0 129 109 0
          131 110 0 157 51 0
          1 157 0 59 0 0
          58 0 0 10 70 0
          10 69 0 99 21 0
          100 18 0 115 120 0
          55 0 0 96 33 0
          99 33 0 76 152 0
          96 28 0 95 28 0
          15 88 0 17 88 0
          95 27 0 93 15 0
          94 15 0 89 16 0
          113 101 0 11 80 0
          14 80 0 96 29 0
          132 42 0 133 42 0
          159 104 0 154 108 0
          18 82 0 19 81 0
          8 156 0 133 43 0
          76 151 0 134 43 0
          134 112 0 135 111 0
          97 29 0 92 16 0
          99 84 0 96 87 0
          102 128 0 89 83 0
          93 29 0 54 58 0
          55 59 0 11 76 0
          12 76 0 12 82 0
          15 82 0 56 59 0
          55 3 0 84 12 0
          53 58 0 123 102 0
          121 102 0 89 20 0
          88 22 0 85 18 0
          86 19 0 138 115 0
          139 112 0 83 13 0
          88 18 0 38 0 0
          39 1 0 14 90 0
          18 90 0 18 106 0
          12 107 0 79 155 0
          78 156 0 88 23 0
          92 29 0 101 43 0
          103 42 0 88 24 0
          105 95 0 105 96 0
          106 96 0 100 33 0
          121 43 0 123 44 0
          89 24 0 92 26 0
          104 96 0 103 132 0
          109 92 0 109 91 0
          112 101 0 54 4 0
          52 4 0 47 4 0
          47 5 0 0 159 0
          59 133 0 61 132 0
          136 110 0 48 5 0
          111 102 0 45 3 0
          5 69 0 7 69 0
          85 4 0 89 102 0
          126 107 0 127 106 0
          90 102 0 92 25 0
          91 24 0 110 93 0
          109 93 0 41 1 0
          42 1 0 9 86 0
          11 86 0 112 98 0
          112 100 0 127 105 0
          6 159 0 8 157 0
          84 4 0 96 31 0
          42 2 0 43 3 0
          44 3 0 135 114 0
          124 109 0 119 115 0
          118 116 0 100 117 0
          100 114 0 93 37 0
          97 36 0 123 45 0
          37 1 0 64 62 0
          65 62 0 49 0 0
          49 2 0 80 16 0
          81 17 0 149 56 0
          125 42 0 90 100 0
          91 99 0 56 131 0
          59 129 0 149 57 0
          31 101 0 63 144 0
          65 143 0 30 101 0
          141 109 0 154 59 0
          155 57 0 100 113 0
          102 44 0 104 48 0
          104 47 0 99 112 0
          103 47 0 102 45 0
          71 150 0 159 63 0
          158 58 0 59 138 0
          61 138 0 130 48 0
          131 46 0 97 105 0
          95 103 0 103 45 0
          15 93 0 19 93 0
          70 151 0 154 127 0
          155 127 0 159 128 0
          157 129 0 131 111 0
          99 110 0 115 49 0
          118 47 0 74 19 0
          77 19 0 94 99 0
          93 100 0 16 95 0
          20 95 0 77 20 0
          92 90 0 92 89 0
          102 122 0 64 146 0
          66 146 0 27 144 0
          22 145 0 79 18 0
          159 143 0 159 142 0
          124 110 0 125 47 0
          128 47 0 110 53 0
          112 51 0 102 123 0
          66 64 0 66 63 0
          149 115 0 148 117 0
          62 26 0 69 27 0
          132 112 0 97 118 0
          70 43 0 68 41 0
          126 45 0 84 29 0
          85 31 0 86 31 0
          1 63 0 4 63 0
          63 154 0 65 153 0
          127 45 0 73 74 0
          72 74 0 86 35 0
          87 34 0 123 113 0
          87 29 0 122 94 0
          121 95 0 72 73 0
          65 148 0 65 147 0
          67 38 0 66 36 0
          71 74 0 123 114 0
          65 35 0 63 36 0
          153 109 0 79 22 0
          96 44 0 98 42 0
          67 65 0 66 65 0
          108 46 0 106 47 0
          79 23 0 73 46 0
          75 47 0 121 112 0
          120 113 0 80 26 0
          82 27 0 12 102 0
          20 101 0 60 37 0
          98 51 0 99 51 0
          53 140 0 55 140 0
          150 112 0 50 24 0
          51 24 0 69 17 0
          70 18 0 51 25 0
          50 132 0 52 131 0
          148 118 0 99 52 0
          74 75 0 73 75 0
          122 116 0 55 32 0
          58 33 0 65 156 0
          66 155 0 114 30 0
          114 29 0 52 134 0
          54 134 0 96 49 0
          0 78 0 2 78 0
          48 19 0 47 15 0
          49 23 0 67 16 0
          68 16 0 47 11 0
          46 10 0 16 155 0
          109 49 0 109 48 0
          82 43 0 85 43 0
          96 48 0 41 14 0
          2 99 0 5 99 0
          41 15 0 52 27 0
          51 26 0 4 72 0
          6 72 0 115 32 0
          114 32 0 58 9 0
          57 9 0 67 155 0
          126 111 0 52 136 0
          52 135 0 123 55 0
          125 53 0 93 97 0
          93 98 0 78 26 0
          88 47 0 87 46 0
          55 30 0 54 29 0
          67 154 0 76 26 0
          60 33 0 55 127 0
          56 126 0 146 118 0
          67 3 0 66 3 0
          68 20 0 70 20 0
          28 106 0 28 107 0
          86 45 0 86 44 0
          96 46 0 66 1 0
          65 2 0 43 21 0
          42 18 0 147 110 0
          146 111 0 73 26 0
          72 26 0 50 126 0
          52 126 0 115 34 0
          104 108 0 102 108 0
          17 154 0 63 33 0
          1 67 0 2 68 0
          65 0 0 66 0 0
          71 44 0 0 80 0
          2 80 0 146 112 0
          54 12 0 55 10 0
          64 31 0 64 32 0
          116 34 0 9 96 0
          11 95 0 59 10 0
          59 9 0 17 97 0
          18 97 0 86 43 0
          82 41 0 2 91 0
          4 90 0 75 48 0
          83 54 0 82 52 0
          81 41 0 11 107 0
          30 110 0 30 109 0
          5 104 0 7 103 0
          64 33 0 24 101 0
          65 34 0 23 101 0
          14 99 0 15 98 0
          50 33 0 49 34 0
          68 67 0 68 66 0
          74 31 0 77 31 0
          77 50 0 79 33 0
          80 33 0 116 108 0
          117 107 0 117 36 0
          116 36 0 79 39 0
          75 37 0 77 37 0
          49 129 0 49 128 0
          77 39 0 76 39 0
          79 38 0 148 108 0
          148 109 0 55 145 0
          57 145 0 74 4 0
          74 3 0 78 50 0
          52 33 0 53 33 0
          73 33 0 76 33 0
          79 51 0 78 51 0
          81 50 0 80 50 0
          59 30 0 3 105 0
          4 104 0 60 11 0
          60 10 0 79 48 0
          78 48 0 22 105 0
          82 46 0 83 46 0
          73 3 0 76 4 0
          8 103 0 9 102 0
          113 126 0 112 127 0
          5 97 0 7 97 0
          60 155 0 59 155 0
          6 109 0 7 109 0
          110 118 0 110 117 0
          88 51 0 89 50 0
          61 12 0 61 11 0
          73 8 0 73 7 0
          54 18 0 54 17 0
          53 17 0 90 50 0
          1 95 0 2 95 0
          9 99 0 11 99 0
          83 58 0 83 57 0
          38 143 0 41 142 0
          87 51 0 11 153 0
          145 115 0 72 7 0
          53 16 0 73 9 0
          5 94 0 7 93 0
          109 113 0 109 114 0
          72 1 0 73 1 0
          69 68 0 68 68 0
          110 115 0 110 116 0
          86 57 0 85 58 0
          70 6 0 70 5 0
          20 135 0 24 132 0
          58 20 0 59 20 0
          30 148 0 25 149 0
          43 123 0 46 122 0
          30 152 0 25 153 0
          47 122 0 48 123 0
          112 58 0 18 128 0
          20 125 0 113 58 0
          125 58 0 124 58 0
          70 0 0 118 60 0
          118 61 0 42 26 0
          43 26 0 36 158 0
          43 158 0 69 0 0
          91 58 0 89 59 0
          117 62 0 153 113 0
          152 113 0 97 64 0
          95 62 0 21 112 0
          23 111 0 119 59 0
          8 108 0 9 108 0
          0 147 0 4 141 0
          19 120 0 20 118 0
          41 129 0 42 128 0
          20 146 0 25 130 0
          28 128 0 36 141 0
          41 137 0 58 148 0
          59 148 0 33 121 0
          30 121 0 94 53 0
          94 54 0 88 58 0
          88 59 0 74 56 0
          75 55 0 95 54 0
          28 122 0 46 139 0
          47 138 0 42 142 0
          49 153 0 51 155 0
          124 91 0 123 92 0
          45 142 0 96 54 0
          22 124 0 11 152 0
          46 28 0 47 157 0
          49 157 0 45 28 0
          13 112 0 15 114 0
          127 61 0 126 61 0
          78 62 0 78 60 0
          16 131 0 17 130 0
          54 143 0 55 144 0
          44 127 0 46 127 0
          159 76 0 159 72 0
          20 142 0 22 141 0
          33 114 0 34 114 0
          3 112 0 4 112 0
          40 150 0 36 151 0
          25 115 0 26 114 0
          151 118 0 30 117 0
          31 116 0 43 136 0
          47 133 0 152 118 0
          22 116 0 23 115 0
          52 159 0 54 158 0
          5 111 0 25 122 0
          50 150 0 50 149 0
          29 128 0 49 149 0
          3 110 0 158 81 0
          158 82 0 112 70 0
          113 68 0 51 143 0
          52 143 0 152 99 0
          151 102 0 25 141 0
          154 121 0 153 122 0
          89 69 0 90 69 0
          50 152 0 157 83 0
          158 79 0 10 135 0
          11 134 0 56 47 0
          57 47 0 6 131 0
          5 132 0 4 133 0
          107 63 0 106 62 0
          155 116 0 153 117 0
          14 151 0 8 124 0
          11 121 0 51 156 0
          29 134 0 26 135 0
          35 125 0 34 125 0
          38 145 0 43 146 0
          0 134 0 150 105 0
          118 72 0 117 73 0
          116 74 0 150 104 0
          119 68 0 124 67 0
          125 66 0 24 137 0
          81 71 0 81 69 0
          31 126 0 33 126 0
          56 44 0 131 84 0
          132 83 0 82 68 0
          28 140 0 34 143 0
          133 82 0 29 118 0
          127 88 0 55 45 0
          81 68 0 13 141 0
          15 139 0 132 64 0
          134 65 0 22 150 0
          80 68 0 1 131 0
          4 128 0 81 73 0
          81 74 0 157 89 0
          157 90 0 82 66 0
          156 91 0 52 148 0
          135 66 0 159 121 0
          159 119 0 15 150 0
          159 84 0 3 121 0
          8 116 0 158 87 0
          159 85 0 132 62 0
          158 119 0 12 120 0
          159 122 0 39 135 0
          39 134 0 0 110 0
          1 110 0 95 68 0
          94 69 0 127 83 0
          125 81 0 119 79 0
          120 74 0 46 146 0
          45 146 0 155 93 0
          156 92 0 102 74 0
          104 72 0 28 126 0
          151 81 0 153 77 0
          138 71 0 99 80 0
          104 78 0 138 72 0
          11 123 0 44 144 0
          43 144 0 34 152 0
          145 101 0 146 99 0
          0 139 0 0 138 0
          146 98 0 137 77 0
          138 76 0 25 134 0
          22 127 0 21 127 0
          127 73 0 127 72 0
          144 102 0 125 72 0
          37 147 0 36 152 0
          124 71 0 100 71 0
          100 72 0 12 147 0
          14 145 0 35 151 0
          106 77 0 107 76 0
          98 74 0 99 72 0
          29 139 0 31 137 0
          147 96 0 147 97 0
          131 76 0 130 74 0
          155 100 0 154 102 0
          34 149 0 75 71 0
          75 72 0 149 93 0
          148 94 0 96 77 0
          96 76 0 95 76 0
          74 69 0 74 70 0
          152 87 0 152 85 0
          153 103 0 153 104 0
          133 88 0 136 83 0
          8 145 0 9 144 0
          32 155 0 33 155 0
          43 154 0 140 91 0
          144 87 0 42 154 0
          1 119 0 1 118 0
          157 101 0 157 102 0
          143 92 0 142 92 0
          129 96 0 130 96 0
          0 151 0 0 150 0
          145 92 0 144 92 0
          141 96 0 140 97 0
          19 148 0
          <InformationKey name="L2_NORM_RANGE" location="vtkDataArray" length="2">
            <Value index="0">
              9.4868329805
            </Value>
            <Value index="1">
              213.84573879
            </Value>
          </InformationKey>
        </DataArray>
      </Points>
      <Cells>
        <DataArray type="Int64" Name="connectivity" format="ascii" RangeMin="0" RangeMax="1368">
          0 1 2 3 4 5
          6 7 8 5 9 7
          10 3 5 11 3 11
          11 12 13 14 15 16
          7 17 18 19 20 21
          22 23 24 23 25 14
          26 27 28 29 30 31
          32 33 34 35 36 21
          37 19 38 39 40 41
          42 12 43 44 45 46
          47 48 49 50 23 41
          19 51 52 1 12 53
          41 54 55 56 57 58
          59 27 60 61 62 46
          63 64 65 39 46 54
          66 67 68 69 70 71
          72 31 21 73 54 73
          74 75 76 77 78 79
          80 51 81 82 83 69
          73 71 84 71 85 77
          77 86 87 88 71 75
          75 79 51 89 90 91
          79 89 39 86 86 48
          48 58 1 67 67 61
          27 92 89 93 58 92
          61 94 92 64 69 95
          96 91 97 98 99 100
          64 98 98 93 93 88
          101 102 103 102 104 82
          105 94 106 107 108 109
          88 110 102 110 111 95
          112 107 82 113 107 113
          94 114 115 116 110 117
          113 117 118 119 120 121
          14 50 117 122 123 122
          124 125 126 127 50 128
          129 130 131 114 132 133
          95 134 135 33 122 127
          136 137 91 56 138 139
          31 140 141 130 130 139
          139 142 143 142 114 134
          56 128 142 144 127 145
          146 147 148 53 134 149
          53 150 151 140 152 144
          33 153 154 16 155 156
          144 150 16 35 140 29
          157 158 159 145 160 161
          150 162 145 163 164 165
          166 44 167 168 44 169
          170 163 29 100 171 172
          163 165 173 149 174 172
          172 175 100 169 149 168
          165 162 128 147 176 177
          35 17 178 179 162 175
          180 181 169 182 183 184
          185 186 175 184 147 158
          187 188 189 190 191 192
          17 182 193 194 184 195
          196 197 168 192 198 199
          200 201 202 203 192 204
          182 205 206 207 208 209
          158 205 210 209 211 195
          212 109 213 125 205 214
          215 216 217 218 195 218
          219 153 218 220 221 179
          179 194 222 223 153 201
          194 224 201 177 125 214
          214 225 226 227 209 181
          228 229 177 225 230 223
          225 116 231 220 232 233
          234 235 220 207 181 236
          116 216 237 238 239 240
          241 242 243 137 216 242
          242 235 235 229 244 245
          229 238 238 240 137 133
          240 246 247 248 249 250
          251 252 253 254 255 224
          133 233 256 246 246 204
          207 257 233 156 204 250
          258 259 250 260 261 262
          263 260 264 265 156 266
          267 257 268 269 260 248
          257 236 270 271 272 252
          236 273 274 275 224 276
          252 277 248 262 278 273
          273 266 279 254 280 281
          266 282 283 277 284 271
          285 286 287 288 289 281
          290 291 292 293 294 282
          281 295 282 288 262 296
          297 203 288 295 277 298
          299 296 296 119 295 269
          300 301 269 293 293 301
          302 303 304 305 306 307
          308 309 301 310 311 312
          203 286 313 314 315 310
          310 316 317 316 318 199
          319 276 320 321 276 298
          322 323 298 321 254 314
          324 325 316 312 199 326
          327 328 312 303 329 197
          303 330 331 332 333 334
          335 336 337 338 339 340
          341 328 342 343 344 345
          197 346 223 347 328 330
          330 348 109 349 350 348
          119 307 307 351 348 325
          352 121 325 345 353 338
          338 354 345 323 321 354
          355 356 286 305 357 259
          358 359 360 361 362 363
          354 364 365 366 367 368
          323 363 369 370 363 371
          305 347 347 351 372 373
          374 375 376 371 351 366
          371 375 377 186 375 373
          378 336 379 380 314 381
          382 161 366 359 359 383
          384 383 385 386 387 388
          389 364 390 391 364 326
          383 392 393 370 394 346
          373 391 395 392 392 396
          391 396 397 245 326 398
          271 334 346 361 396 380
          399 400 401 398 402 332
          403 404 405 406 407 388
          370 340 380 404 398 400
          340 408 409 410 404 411
          412 349 361 386 413 411
          349 414 415 416 417 418
          388 419 420 421 411 421
          421 422 121 423 332 227
          424 422 422 381 381 408
          425 426 386 343 400 410
          408 309 427 406 343 428
          309 419 429 430 410 431
          161 188 406 428 334 423
          432 433 419 434 435 434
          423 368 434 436 437 431
          431 438 428 426 439 440
          426 436 441 442 443 438
          444 445 438 446 436 430
          368 275 245 356 447 448
          430 442 356 449 442 416
          227 265 450 451 416 452
          453 451 454 445 451 446
          455 456 457 458 459 460
          445 461 186 449 449 190
          275 452 462 463 265 458
          464 465 452 460 460 466
          446 467 259 291 468 461
          461 466 469 470 466 470
          471 472 470 456 473 474
          456 475 188 448 476 477
          478 465 479 480 481 482
          483 484 485 486 291 487
          488 414 489 484 458 490
          484 482 491 492 493 474
          494 492 495 496 448 497
          465 475 492 498 499 500
          474 501 502 500 503 467
          504 505 506 507 508 509
          500 510 511 512 513 514
          515 510 516 505 475 472
          517 518 482 519 520 521
          510 522 523 524 525 498
          526 527 467 528 472 477
          477 480 529 530 531 522
          532 533 534 518 522 535
          498 528 528 536 505 524
          480 537 538 539 524 533
          540 536 541 542 543 544
          545 463 546 496 536 535
          518 547 548 527 549 537
          496 521 463 490 533 550
          551 507 535 552 537 530
          530 486 553 440 490 519
          554 542 414 555 521 550
          336 556 486 557 558 547
          527 557 542 501 557 512
          559 560 550 561 519 556
          501 562 563 564 565 566
          512 555 567 568 555 539
          569 552 547 570 571 572
          573 574 539 509 575 576
          552 576 190 577 509 566
          578 572 579 580 566 581
          582 583 584 585 556 497
          497 487 586 583 587 588
          589 560 440 590 591 592
          487 514 583 593 594 595
          596 597 598 599 507 600
          601 595 602 581 581 599
          595 603 576 603 599 577
          604 605 606 593 603 588
          514 418 588 607 560 607
          608 609 610 544 418 611
          593 612 613 614 615 616
          617 618 619 561 577 611
          561 614 611 564 572 620
          607 621 614 622 623 624
          625 626 627 628 629 630
          631 621 564 622 622 585
          621 632 585 616 633 634
          616 574 635 636 637 638
          574 639 640 639 641 626
          642 612 643 644 626 645
          646 647 648 647 639 618
          649 580 650 651 652 645
          612 653 618 592 647 654
          645 628 580 562 544 655
          656 657 658 590 659 620
          620 660 661 662 592 657
          663 570 664 665 628 632
          666 605 667 662 590 668
          657 654 662 669 562 644
          670 671 654 655 632 672
          655 673 674 675 676 673
          677 653 653 678 679 680
          681 682 683 684 685 686
          673 665 687 675 688 689
          665 668 690 672 672 678
          644 691 668 624 692 682
          682 693 694 669 605 695
          624 684 675 696 684 671
          669 693 671 433 433 609
          697 698 699 700 693 634
          701 702 703 651 609 680
          680 686 634 704 686 704
          704 705 706 705 707 708
          709 710 678 711 651 712
          705 713 714 713 715 716
          717 711 711 712 712 710
          713 718 710 691 719 720
          721 718 718 698 722 630
          723 724 725 700 691 726
          698 708 727 728 700 729
          730 728 731 726 708 732
          733 734 735 736 726 724
          737 738 570 600 739 740
          728 741 742 743 744 732
          732 745 746 745 747 748
          749 568 750 729 751 752
          753 754 724 741 755 756
          757 758 741 702 745 716
          759 754 760 761 729 762
          763 764 765 766 716 636
          636 756 754 767 756 660
          768 769 770 696 702 767
          771 772 773 774 775 762
          776 777 778 779 767 738
          780 781 660 769 568 782
          769 761 762 783 738 772
          784 785 772 786 787 788
          789 788 790 791 761 736
          792 793 794 786 795 796
          797 798 696 799 788 800
          736 720 786 798 801 802
          803 796 804 805 806 807
          630 695 720 808 809 799
          810 811 812 597 798 813
          814 815 816 817 796 808
          808 777 818 819 777 783
          820 813 695 782 821 822
          823 824 825 826 813 815
          827 828 829 811 830 831
          832 833 597 834 600 689
          783 817 835 836 837 838
          817 748 748 764 839 836
          815 819 840 841 764 805
          842 779 843 831 844 845
          805 740 799 846 819 838
          847 848 740 824 849 850
          851 852 853 854 838 852
          831 855 824 743 856 857
          858 859 836 860 852 752
          752 800 861 862 811 807
          863 864 800 774 743 864
          689 865 864 845 866 867
          868 869 870 855 845 871
          872 873 874 871 875 876
          877 878 871 878 879 880
          774 862 881 882 862 867
          878 846 883 850 867 826
          782 884 885 886 826 880
          846 854 887 888 807 785
          889 890 880 891 892 893
          894 895 850 896 897 891
          898 848 899 900 854 896
          896 900 779 901 900 859
          902 903 904 905 906 907
          859 791 908 909 855 910
          791 907 907 903 911 912
          913 914 903 912 915 916
          891 917 918 917 912 882
          917 905 882 793 919 920
          905 921 793 833 922 923
          924 865 848 925 926 927
          833 802 928 929 785 930
          802 929 931 932 933 916
          929 890 934 935 890 886
          936 937 938 921 886 860
          921 910 939 940 860 927
          941 942 943 944 910 781
          927 942 945 869 869 946
          942 841 947 948 949 822
          950 951 841 758 952 946
          946 909 758 920 953 638
          920 923 923 932 932 876
          954 955 876 955 955 944
          956 957 958 925 944 914
          914 959 925 960 961 959
          959 895 822 930 962 963
          781 734 930 960 964 965
          960 937 966 967 968 969
          937 970 971 972 734 888
          973 974 975 976 888 976
          909 977 978 979 980 981
          982 983 976 972 972 979
          895 828 979 984 985 986
          987 988 989 990 991 970
          992 993 994 995 996 997
          828 965 970 993 993 997
          965 963 998 999 997 983
          963 901 901 935 983 977
          977 984 984 999 999 1000
          1001 1002 935 1000 1003 1004
          1000 967 1005 1006 967 1004
          1004 995 995 1006 1006 969
          638 1007 1008 1009 969 893
          1010 990 990 1011 893 1009
          1009 857 1012 1013 1014 1015
          857 834 1016 1017 834 884
          884 1018 1019 1018 1018 974
          974 1007 1020 1021 1022 1023
          1024 1025 1026 1027 1028 1029
          1030 1031 1032 1031 1007 1011
          1033 1025 1011 1023 916 986
          1023 1015 1034 1035 1036 1037
          1038 1039 1015 1037 1040 1041
          1025 1042 1037 1027 865 1043
          986 1044 1045 1029 1027 1013
          1031 1046 1013 1047 1029 1047
          1047 1046 1046 951 951 940
          1048 1049 1050 1051 940 1039
          1052 1053 1039 1053 1054 1055
          1056 1057 1053 957 957 988
          988 1042 1042 1057 1058 1059
          1057 1051 1060 1061 1051 1059
          1059 948 948 1044 1062 1063
          1064 1065 1044 1017 1017 1065
          1065 1061 1061 1002 1002 1055
          1066 1067 1068 1069 1070 1071
          1072 1069 1055 1049 1069 1073
          1049 1074 1075 1076 1077 1074
          1078 1079 1074 1080 1081 1082
          1083 1084 1085 1086 1087 1080
          1080 873 1088 1089 1090 1082
          873 1079 1079 1084 1091 1092
          1084 981 1093 1094 1095 1096
          1082 1097 1098 1099 1100 1101
          981 1097 1102 1103 1104 1105
          1106 766 1107 1108 1109 1110
          1111 1112 1097 1099 1099 1035
          1113 1114 1035 1112 1115 1116
          1112 1117 1118 1089 1119 1120
          1089 1117 1121 1116 1117 1120
          1122 1114 1120 1073 1123 1124
          1125 1041 1126 1127 1128 1129
          1041 1130 1116 1131 1132 1076
          1073 1021 1021 1092 1092 1131
          1133 1043 1131 1134 1135 1136
          1137 1134 1138 1139 1140 1141
          1142 1143 1134 1124 1144 1145
          1146 1147 1124 1096 1096 1141
          1141 1129 1129 1143 1148 1149
          1150 1151 1152 1153 1154 1155
          1143 1155 1156 1157 1155 1094
          1094 1149 1158 1159 1076 1145
          1160 1161 1149 1147 1147 1130
          1130 1105 1105 1162 1163 1164
          1165 1166 1167 1162 1168 1169
          1170 1171 1172 1157 1145 1173
          1174 1175 1162 1161 1161 1164
          1176 1108 1177 1175 1157 1178
          1179 1180 1181 1182 1164 1166
          1183 1184 1185 1186 1166 1184
          1187 1153 1114 1173 1188 1189
          1190 1191 1184 1189 1175 1192
          1189 1182 1193 1180 1180 1194
          1195 1196 1182 1169 1108 1063
          1197 1198 1199 1200 1201 1200
          1202 1203 1204 1205 1043 1206
          1207 1208 1209 1136 1169 1171
          1210 1211 1212 1213 1171 1203
          1136 1127 1203 1151 1151 1198
          1214 1215 1200 1216 1198 1217
          1218 1219 1220 1219 1221 1217
          1217 1191 1219 1222 1223 1224
          1191 1224 1173 1196 1225 1211
          1226 1227 1063 1228 1229 1213
          1224 1110 1110 1230 1231 1232
          1213 1228 1233 1227 1153 1234
          766 1235 1127 1192 1236 1232
          1196 1237 1232 1238 1239 1230
          1230 1205 1227 1240 1241 1242
          1243 1244 1205 1237 1245 1067
          1246 1240 1247 1248 1249 1250
          1251 1252 1237 1194 1240 1253
          1194 1253 1253 1250 1254 1252
          1192 1255 1256 1244 1250 1103
          1103 1222 1222 1186 1186 1235
          1257 1258 1259 1206 1206 1071
          1235 1255 1228 1242 1255 1260
          1261 1262 1252 1263 1264 1260
          1244 1265 1266 1258 1260 1178
          1267 1208 1258 1268 1269 1270
          1271 1272 1178 1265 1265 1273
          1274 1273 1275 1276 1273 1268
          1268 1270 1270 1272 1277 1278
          1272 1279 1280 1279 1279 1139
          1281 1282 1139 1263 1263 1282
          1282 1215 1208 1248 1283 1284
          1242 1285 1286 1287 1215 1288
          1289 1290 1291 1288 1288 1086
          1248 1292 1086 1284 1284 1293
          1294 1293 1071 1295 1293 1292
          1292 1285 1296 1297 1285 1287
          1298 1299 1300 1297 1301 1302
          1211 1303 1304 1305 1306 1307
          1297 1308 1287 1305 1305 1303
          1309 1307 1303 1216 1067 1310
          1216 1262 1311 1159 1307 1312
          1262 1313 1314 1313 1313 1308
          1308 1312 1312 1302 1302 1238
          1315 1316 1317 1159 1318 1319
          1320 1321 1238 1319 1322 1323
          1324 1325 1319 1321 1159 1295
          1321 1290 1326 1327 1290 1101
          1101 1278 1278 1325 1325 1299
          1328 1329 1299 1327 1295 1330
          1327 1276 1276 1310 1331 1332
          1333 1334 1335 1336 1310 1332
          1337 1336 1332 1323 1323 1336
          1336 1338 1339 1338 1338 1330
          1340 1341 1342 1343 1330 1234
          1344 1345 1234 1343 1346 1347
          1343 1334 1334 1348 1349 1348
          1348 1329 1329 1341 1341 1350
          1351 1352 1353 1350 1350 1347
          1347 1316 1316 1352 1352 1354
          1355 1354 1356 1357 1358 1359
          1360 1361 1354 1361 1361 1359
          1362 1363 1359 1357 1357 1363
          1364 1365 1363 1345 1366 1367
          1345 1367 1367 1365 1365 1368
        </DataArray>
        <DataArray type="Int64" Name="offsets" format="ascii" RangeMin="2" RangeMax="2736">
          2 4 6 8 10 12
          14 16 18 20 22 24
          26 28 30 32 34 36
          38 40 42 44 46 48
          50 52 54 56 58 60
          62 64 66 68 70 72
          74 76 78 80 82 84
          86 88 90 92 94 96
          98 100 102 104 106 108
          110 112 114 116 118 120
          122 124 126 128 130 132
          134 136 138 140 142 144
          146 148 150 152 154 156
          158 160 162 164 166 168
          170 172 174 176 178 180
          182 184 186 188 190 192
          194 196 198 200 202 204
          206 208 210 212 214 216
          218 220 222 224 226 228
          230 232 234 236 238 240
          242 244 246 248 250 252
          254 256 258 260 262 264
          266 268 270 272 274 276
          278 280 282 284 286 288
          290 292 294 296 298 300
          302 304 306 308 310 312
          314 316 318 320 322 324
          326 328 330 332 334 336
          338 340 342 344 346 348
          350 352 354 356 358 360
          362 364 366 368 370 372
          374 376 378 380 382 384
          386 388 390 392 394 396
          398 400 402 404 406 408
          410 412 414 416 418 420
          422 424 426 428 430 432
          434 436 438 440 442 444
          446 448 450 452 454 456
          458 460 462 464 466 468
          470 472 474 476 478 480
          482 484 486 488 490 492
          494 496 498 500 502 504
          506 508 510 512 514 516
          518 520 522 524 526 528
          530 532 534 536 538 540
          542 544 546 548 550 552
          554 556 558 560 562 564
          566 568 570 572 574 576
          578 580 582 584 586 588
          590 592 594 596 598 600
          602 604 606 608 610 612
          614 616 618 620 622 624
          626 628 630 632 634 636
          638 640 642 644 646 648
          650 652 654 656 658 660
          662 664 666 668 670 672
          674 676 678 680 682 684
          686 688 690 692 694 696
          698 700 702 704 706 708
          710 712 714 716 718 720
          722 724 726 728 730 732
          734 736 738 740 742 744
          746 748 750 752 754 756
          758 760 762 764 766 768
          770 772 774 776 778 780
          782 784 786 788 790 792
          794 796 798 800 802 804
          806 808 810 812 814 816
          818 820 822 824 826 828
          830 832 834 836 838 840
          842 844 846 848 850 852
          854 856 858 860 862 864
          866 868 870 872 874 876
          878 880 882 884 886 888
          890 892 894 896 898 900
          902 904 906 908 910 912
          914 916 918 920 922 924
          926 928 930 932 934 936
          938 940 942 944 946 948
          950 952 954 956 958 960
          962 964 966 968 970 972
          974 976 978 980 982 984
          986 988 990 992 994 996
          998 1000 1002 1004 1006 1008
          1010 1012 1014 1016 1018 1020
          1022 1024 1026 1028 1030 1032
          1034 1036 1038 1040 1042 1044
          1046 1048 1050 1052 1054 1056
          1058 1060 1062 1064 1066 1068
          1070 1072 1074 1076 1078 1080
          1082 1084 1086 1088 1090 1092
          1094 1096 1098 1100 1102 1104
          1106 1108 1110 1112 1114 1116
          1118 1120 1122 1124 1126 1128
          1130 1132 1134 1136 1138 1140
          1142 1144 1146 1148 1150 1152
          1154 1156 1158 1160 1162 1164
          1166 1168 1170 1172 1174 1176
          1178 1180 1182 1184 1186 1188
          1190 1192 1194 1196 1198 1200
          1202 1204 1206 1208 1210 1212
          1214 1216 1218 1220 1222 1224
          1226 1228 1230 1232 1234 1236
          1238 1240 1242 1244 1246 1248
          1250 1252 1254 1256 1258 1260
          1262 1264 1266 1268 1270 1272
          1274 1276 1278 1280 1282 1284
          1286 1288 1290 1292 1294 1296
          1298 1300 1302 1304 1306 1308
          1310 1312 1314 1316 1318 1320
          1322 1324 1326 1328 1330 1332
          1334 1336 1338 1340 1342 1344
          1346 1348 1350 1352 1354 1356
          1358 1360 1362 1364 1366 1368
          1370 1372 1374 1376 1378 1380
          1382 1384 1386 1388 1390 1392
          1394 1396 1398 1400 1402 1404
          1406 1408 1410 1412 1414 1416
          1418 1420 1422 1424 1426 1428
          1430 1432 1434 1436 1438 1440
          1442 1444 1446 1448 1450 1452
          1454 1456 1458 1460 1462 1464
          1466 1468 1470 1472 1474 1476
          1478 1480 1482 1484 1486 1488
          1490 1492 1494 1496 1498 1500
          1502 1504 1506 1508 1510 1512
          1514 1516 1518 1520 1522 1524
          1526 1528 1530 1532 1534 1536
          1538 1540 1542 1544 1546 1548
          1550 1552 1554 1556 1558 1560
          1562 1564 1566 1568 1570 1572
          1574 1576 1578 1580 1582 1584
          1586 1588 1590 1592 1594 1596
          1598 1600 1602 1604 1606 1608
          1610 1612 1614 1616 1618 1620
          1622 1624 1626 1628 1630 1632
          1634 1636 1638 1640 1642 1644
          1646 1648 1650 1652 1654 1656
          1658 1660 1662 1664 1666 1668
          1670 1672 1674 1676 1678 1680
          1682 1684 1686 1688 1690 1692
          1694 1696 1698 1700 1702 1704
          1706 1708 1710 1712 1714 1716
          1718 1720 1722 1724 1726 1728
          1730 1732 1734 1736 1738 1740
          1742 1744 1746 1748 1750 1752
          1754 1756 1758 1760 1762 1764
          1766 1768 1770 1772 1774 1776
          1778 1780 1782 1784 1786 1788
          1790 1792 1794 1796 1798 1800
          1802 1804 1806 1808 1810 1812
          1814 1816 1818 1820 1822 1824
          1826 1828 1830 1832 1834 1836
          1838 1840 1842 1844 1846 1848
          1850 1852 1854 1856 1858 1860
          1862 1864 1866 1868 1870 1872
          1874 1876 1878 1880 1882 1884
          1886 1888 1890 1892 1894 1896
          1898 1900 1902 1904 1906 1908
          1910 1912 1914 1916 1918 1920
          1922 1924 1926 1928 1930 1932
          1934 1936 1938 1940 1942 1944
          1946 1948 1950 1952 1954 1956
          1958 1960 1962 1964 1966 1968
          1970 1972 1974 1976 1978 1980
          1982 1984 1986 1988 1990 1992
          1994 1996 1998 2000 2002 2004
          2006 2008 2010 2012 2014 2016
          2018 2020 2022 2024 2026 2028
          2030 2032 2034 2036 2038 2040
          2042 2044 2046 2048 2050 2052
          2054 2056 2058 2060 2062 2064
          2066 2068 2070 2072 2074 2076
          2078 2080 2082 2084 2086 2088
          2090 2092 2094 2096 2098 2100
          2102 2104 2106 2108 2110 2112
          2114 2116 2118 2120 2122 2124
          2126 2128 2130 2132 2134 2136
          2138 2140 2142 2144 2146 2148
          2150 2152 2154 2156 2158 2160
          2162 2164 2166 2168 2170 2172
          2174 2176 2178 2180 2182 2184
          2186 2188 2190 2192 2194 2196
          2198 2200 2202 2204 2206 2208
          2210 2212 2214 2216 2218 2220
          2222 2224 2226 2228 2230 2232
          2234 2236 2238 2240 2242 2244
          2246 2248 2250 2252 2254 2256
          2258 2260 2262 2264 2266 2268
          2270 2272 2274 2276 2278 2280
          2282 2284 2286 2288 2290 2292
          2294 2296 2298 2300 2302 2304
          2306 2308 2310 2312 2314 2316
          2318 2320 2322 2324 2326 2328
          2330 2332 2334 2336 2338 2340
          2342 2344 2346 2348 2350 2352
          2354 2356 2358 2360 2362 2364
          2366 2368 2370 2372 2374 2376
          2378 2380 2382 2384 2386 2388
          2390 2392 2394 2396 2398 2400
          2402 2404 2406 2408 2410 2412
          2414 2416 2418 2420 2422 2424
          2426 2428 2430 2432 2434 2436
          2438 2440 2442 2444 2446 2448
          2450 2452 2454 2456 2458 2460
          2462 2464 2466 2468 2470 2472
          2474 2476 2478 2480 2482 2484
          2486 2488 2490 2492 2494 2496
          2498 2500 2502 2504 2506 2508
          2510 2512 2514 2516 2518 2520
          2522 2524 2526 2528 2530 2532
          2534 2536 2538 2540 2542 2544
          2546 2548 2550 2552 2554 2556
          2558 2560 2562 2564 2566 2568
          2570 2572 2574 2576 2578 2580
          2582 2584 2586 2588 2590 2592
          2594 2596 2598 2600 2602 2604
          2606 2608 2610 2612 2614 2616
          2618 2620 2622 2624 2626 2628
          2630 2632 2634 2636 2638 2640
          2642 2644 2646 2648 2650 2652
          2654 2656 2658 2660 2662 2664
          2666 2668 2670 2672 2674 2676
          2678 2680 2682 2684 2686 2688
          2690 2692 2694 2696 2698 2700
          2702 2704 2706 2708 2710 2712
          2714 2716 2718 2720 2722 2724
          2726 2728 2730 2732 2734 2736
        </DataArray>
        <DataArray type="UInt8" Name="types" format="ascii" RangeMin="3" RangeMax="3">
          3 3 3 3 3 3
          3 3 3 3 3 3
          3 3 3 3 3 3
          3 3 3 3 3 3
          3 3 3 3 3 3
          3 3 3 3 3 3
          3 3 3 3 3 3
          3 3 3 3 3 3
          3 3 3 3 3 3
          3 3 3 3 3 3
          3 3 3 3 3 3
          3 3 3 3 3 3
          3 3 3 3 3 3
          3 3 3 3 3 3
          3 3 3 3 3 3
          3 3 3 3 3 3
          3 3 3 3 3 3
          3 3 3 3 3 3
          3 3 3 3 3 3
          3 3 3 3 3 3
          3 3 3 3 3 3
          3 3 3 3 3 3
          3 3 3 3 3 3
          3 3 3 3 3 3
          3 3 3 3 3 3
          3 3 3 3 3 3
          3 3 3 3 3 3
          3 3 3 3 3 3
          3 3 3 3 3 3
          3 3 3 3 3 3
          3 3 3 3 3 3
          3 3 3 3 3 3
          3 3 3 3 3 3
          3 3 3 3 3 3
          3 3 3 3 3 3
          3 3 3 3 3 3
          3 3 3 3 3 3
          3 3 3 3 3 3
          3 3 3 3 3 3
          3 3 3 3 3 3
          3 3 3 3 3 3
          3 3 3 3 3 3
          3 3 3 3 3 3
          3 3 3 3 3 3
          3 3 3 3 3 3
          3 3 3 3 3 3
          3 3 3 3 3 3
          3 3 3 3 3 3
          3 3 3 3 3 3
          3 3 3 3 3 3
          3 3 3 3 3 3
          3 3 3 3 3 3
          3 3 3 3 3 3
          3 3 3 3 3 3
          3 3 3 3 3 3
          3 3 3 3 3 3
          3 3 3 3 3 3
          3 3 3 3 3 3
          3 3 3 3 3 3
          3 3 3 3 3 3
          3 3 3 3 3 3
          3 3 3 3 3 3
          3 3 3 3 3 3
          3 3 3 3 3 3
          3 3 3 3 3 3
          3 3 3 3 3 3
          3 3 3 3 3 3
          3 3 3 3 3 3
          3 3 3 3 3 3
          3 3 3 3 3 3
          3 3 3 3 3 3
          3 3 3 3 3 3
          3 3 3 3 3 3
          3 3 3 3 3 3
          3 3 3 3 3 3
          3 3 3 3 3 3
          3 3 3 3 3 3
          3 3 3 3 3 3
          3 3 3 3 3 3
          3 3 3 3 3 3
          3 3 3 3 3 3
          3 3 3 3 3 3
          3 3 3 3 3 3
          3 3 3 3 3 3
          3 3 3 3 3 3
          3 3 3 3 3 3
          3 3 3 3 3 3
          3 3 3 3 3 3
          3 3 3 3 3 3
          3 3 3 3 3 3
          3 3 3 3 3 3
          3 3 3 3 3 3
          3 3 3 3 3 3
          3 3 3 3 3 3
          3 3 3 3 3 3
          3 3 3 3 3 3
          3 3 3 3 3 3
          3 3 3 3 3 3
          3 3 3 3 3 3
          3 3 3 3 3 3
          3 3 3 3 3 3
          3 3 3 3 3 3
          3 3 3 3 3 3
          3 3 3 3 3 3
          3 3 3 3 3 3
          3 3 3 3 3 3
          3 3 3 3 3 3
          3 3 3 3 3 3
          3 3 3 3 3 3
          3 3 3 3 3 3
          3 3 3 3 3 3
          3 3 3 3 3 3
          3 3 3 3 3 3
          3 3 3 3 3 3
          3 3 3 3 3 3
          3 3 3 3 3 3
          3 3 3 3 3 3
          3 3 3 3 3 3
          3 3 3 3 3 3
          3 3 3 3 3 3
          3 3 3 3 3 3
          3 3 3 3 3 3
          3 3 3 3 3 3
          3 3 3 3 3 3
          3 3 3 3 3 3
          3 3 3 3 3 3
          3 3 3 3 3 3
          3 3 3 3 3 3
          3 3 3 3 3 3
          3 3 3 3 3 3
          3 3 3 3 3 3
          3 3 3 3 3 3
          3 3 3 3 3 3
          3 3 3 3 3 3
          3 3 3 3 3 3
          3 3 3 3 3 3
          3 3 3 3 3 3
          3 3 3 3 3 3
          3 3 3 3 3 3
          3 3 3 3 3 3
          3 3 3 3 3 3
          3 3 3 3 3 3
          3 3 3 3 3 3
          3 3 3 3 3 3
          3 3 3 3 3 3
          3 3 3 3 3 3
          3 3 3 3 3 3
          3 3 3 3 3 3
          3 3 3 3 3 3
          3 3 3 3 3 3
          3 3 3 3 3 3
          3 3 3 3 3 3
          3 3 3 3 3 3
          3 3 3 3 3 3
          3 3 3 3 3 3
          3 3 3 3 3 3
          3 3 3 3 3 3
          3 3 3 3 3 3
          3 3 3 3 3 3
          3 3 3 3 3 3
          3 3 3 3 3 3
          3 3 3 3 3 3
          3 3 3 3 3 3
          3 3 3 3 3 3
          3 3 3 3 3 3
          3 3 3 3 3 3
          3 3 3 3 3 3
          3 3 3 3 3 3
          3 3 3 3 3 3
          3 3 3 3 3 3
          3 3 3 3 3 3
          3 3 3 3 3 3
          3 3 3 3 3 3
          3 3 3 3 3 3
          3 3 3 3 3 3
          3 3 3 3 3 3
          3 3 3 3 3 3
          3 3 3 3 3 3
          3 3 3 3 3 3
          3 3 3 3 3 3
          3 3 3 3 3 3
          3 3 3 3 3 3
          3 3 3 3 3 3
          3 3 3 3 3 3
          3 3 3 3 3 3
          3 3 3 3 3 3
          3 3 3 3 3 3
          3 3 3 3 3 3
          3 3 3 3 3 3
          3 3 3 3 3 3
          3 3 3 3 3 3
          3 3 3 3 3 3
          3 3 3 3 3 3
          3 3 3 3 3 3
          3 3 3 3 3 3
          3 3 3 3 3 3
          3 3 3 3 3 3
          3 3 3 3 3 3
          3 3 3 3 3 3
          3 3 3 3 3 3
          3 3 3 3 3 3
          3 3 3 3 3 3
          3 3 3 3 3 3
          3 3 3 3 3 3
          3 3 3 3 3 3
          3 3 3 3 3 3
          3 3 3 3 3 3
          3 3 3 3 3 3
          3 3 3 3 3 3
          3 3 3 3 3 3
          3 3 3 3 3 3
          3 3 3 3 3 3
          3 3 3 3 3 3
          3 3 3 3 3 3
          3 3 3 3 3 3
          3 3 3 3 3 3
          3 3 3 3 3 3
          3 3 3 3 3 3
          3 3 3 3 3 3
          3 3 3 3 3 3
          3 3 3 3 3 3
          3 3 3 3 3 3
          3 3 3 3 3 3
          3 3 3 3 3 3
          3 3 3 3 3 3
          3 3 3 3 3 3
          3 3 3 3 3 3
          3 3 3 3 3 3
        </DataArray>
      </Cells>
    </Piece>
  </UnstructuredGrid>
</VTKFile>
