sample_idx,wtk_time_index,timestamp,season,center_lat,center_lon,row_start,row_end,col_start,col_end,u_min,u_max,u_mean,u_std,v_min,v_max,v_mean,v_std,speed_min,speed_max,speed_mean,speed_std
0,336,20070115000000,winter_1,39.499794,-75.006409,720,1220,2102,2602,-7.587817192077637,17.920730590820312,2.937103351493828,4.011041612447315,-9.124238014221191,10.486748695373535,1.6829047999435522,4.803696386323648,0.021362304729929248,18.04864508406785,6.446256035749868,3.011391966076578
1,337,20070115010000,winter_1,39.499794,-75.006409,720,1220,2102,2602,-7.944179534912109,17.438989639282227,2.7893768880144165,4.193446125663404,-10.337348937988281,10.362006187438965,1.5476851307847272,4.853275267421246,0.06103515689244523,17.447433236066153,6.517934911699923,2.9718257695377486
2,338,20070115020000,winter_1,39.499794,-75.006409,720,1220,2102,2602,-8.764630317687988,17.51393699645996,2.590208528951567,4.3719551360408815,-11.20511531829834,10.201316833496094,1.444962693466234,4.861008519069368,0.061035159012523814,17.53898562707927,6.555896703455095,2.925869333481667
3,339,20070115030000,winter_1,39.499794,-75.006409,720,1220,2102,2602,-9.3219575881958,15.408759117126465,2.36399716907767,4.5309165993431995,-11.422816276550293,10.324049949645996,1.4148500349015505,4.851246563777214,0.10375976739643782,15.683463763920955,6.576100186299039,2.899825517025097
4,340,20070115040000,winter_1,39.499794,-75.006409,720,1220,2102,2602,-10.181527137756348,14.439441680908203,2.0921871469565336,4.690342781602253,-12.22607707977295,10.72026538848877,1.4596390571057547,4.882825997945202,0.07019043052847702,15.057830808264846,6.6371137074648,2.880593689543783
5,341,20070115050000,winter_1,39.499794,-75.006409,720,1220,2102,2602,-10.170186996459961,14.480440139770508,1.7561335750833171,4.858020869266325,-12.474424362182617,12.203892707824707,1.576704500100547,4.968159418139102,0.030517576437370807,15.83300031454431,6.762380381427398,2.8501207976732283
6,342,20070115060000,winter_1,39.499794,-75.006409,720,1220,2102,2602,-11.204171180725098,15.367609977722168,1.4201249709954165,5.0361676248637055,-11.941239356994629,12.56005859375,1.762506042767093,5.083420339790335,0.05187988114986692,17.651908570065217,6.944176020317497,2.8470596375211628
7,343,20070115070000,winter_1,39.499794,-75.006409,720,1220,2102,2602,-11.49911880493164,16.051132202148438,1.1009310582807241,5.25403579049558,-11.553403854370117,13.00851821899414,2.0484026280836742,5.169417309811414,0.04272460926304932,18.14020531289819,7.172266189247395,2.8799943824931784
8,344,20070115080000,winter_1,39.499794,-75.006409,720,1220,2102,2602,-12.392568588256836,16.79076385498047,0.8472384874184061,5.465317763227848,-9.839628219604492,14.459892272949219,2.4337806162373172,5.192702665070575,0.06408691276454212,18.433183143344266,7.419533970346628,2.902667053985494
9,345,20070115090000,winter_1,39.499794,-75.006409,720,1220,2102,2602,-13.727575302124023,20.481801986694336,0.6330577922185352,5.691488543927534,-9.478883743286133,14.191424369812012,2.889742595939999,5.178630579104268,0.048828122537391404,21.768852146656293,7.712294636052597,2.9125834591106834
10,346,20070115100000,winter_1,39.499794,-75.006409,720,1220,2102,2602,-14.398106575012207,21.42913818359375,0.5465256410867665,5.8952671635710665,-9.223332405090332,14.731834411621094,3.4307810950634674,5.114137154295147,0.09460449775323305,22.125921956246536,8.029763809938867,2.9155473102022476
11,347,20070115110000,winter_1,39.499794,-75.006409,720,1220,2102,2602,-15.108221054077148,22.188953399658203,0.6397889114718806,6.069503117301766,-8.759028434753418,15.647263526916504,4.02334698997193,5.045546698518568,0.027465819901661127,22.68746203911292,8.399754292844928,2.8874189600158866
12,348,20070115120000,winter_1,39.499794,-75.006409,720,1220,2102,2602,-15.285441398620605,22.4608154296875,0.8832547676942486,6.203178098079421,-9.319954872131348,16.746206283569336,4.585242300551387,5.006189344642935,0.13733672602725724,23.468736035873686,8.782775687318395,2.86509815478946
13,349,20070115130000,winter_1,39.499794,-75.006409,720,1220,2102,2602,-15.780037879943848,25.301525115966797,1.2465109526749356,6.263289992120333,-11.37401008605957,18.015666961669922,5.137388188404236,5.003712372601467,0.13733673264807342,25.940734414388082,9.150761098595302,2.9113669131609865
14,350,20070115140000,winter_1,39.499794,-75.006409,720,1220,2102,2602,-16.834627151489258,27.392850875854492,1.7634722788139272,6.215343449487796,-11.832342147827148,19.186147689819336,5.509168056747324,5.086260362276374,0.07629394578182773,27.820670907597197,9.424685190433022,3.022683391428445
15,351,20070115150000,winter_1,39.499794,-75.006409,720,1220,2102,2602,-16.468700408935547,28.427457809448242,2.3309847274775812,6.033985257111316,-11.669394493103027,18.872526168823242,5.757542406547901,5.228834305661474,0.09155273414395955,28.839989322421655,9.577839409893839,3.25537446084388
16,352,20070115160000,winter_1,39.499794,-75.006409,720,1220,2102,2602,-16.15127944946289,29.483434677124023,3.0011146331565106,5.860445444018757,-10.736371040344238,19.277603149414062,5.977687412809184,5.35458606028126,0.04577636581349431,29.734184588282773,9.783981196642731,3.4683656770334355
17,353,20070115170000,winter_1,39.499794,-75.006409,720,1220,2102,2602,-16.05855941772461,27.5345401763916,3.6847565681124004,5.648993177264761,-11.05223274230957,19.295488357543945,6.1602240613350014,5.446874261488796,0.08239746550926842,27.832876656462712,9.99360785090134,3.6377406053420285
18,354,20070115180000,winter_1,39.499794,-75.006409,720,1220,2102,2602,-16.191606521606445,26.891223907470703,4.341930881372421,5.385618700831649,-11.410541534423828,18.787364959716797,6.292850598502416,5.502915647755587,0.11901855295961024,27.256079865369546,10.16743714607596,3.7897920432846104
19,355,20070115190000,winter_1,39.499794,-75.006409,720,1220,2102,2602,-15.32680606842041,26.724821090698242,4.942964035544307,5.102092544866857,-12.4386568069458,17.48188591003418,6.409215069919417,5.494394014334396,0.10070800996815195,27.12485528352925,10.311690883048309,3.92424213355453
20,356,20070115200000,winter_1,39.499794,-75.006409,720,1220,2102,2602,-13.783271789550781,26.357221603393555,5.462989136207674,4.757203956118284,-12.678140640258789,18.74085807800293,6.504694356468728,5.436682989207295,0.04577636773838245,26.79524891384844,10.39569810340954,4.03401429365463
21,357,20070115210000,winter_1,39.499794,-75.006409,720,1220,2102,2602,-11.500057220458984,24.28775405883789,5.913076074502064,4.376680073171509,-13.347006797790527,18.18415069580078,6.566506644145462,5.41412747206425,0.05798339895222864,24.542983721857414,10.499380149219958,4.039133496095233
22,358,20070115220000,winter_1,39.499794,-75.006409,720,1220,2102,2602,-10.65516185760498,23.358858108520508,6.38178742190614,4.066921604335382,-12.476490020751953,17.821090698242188,6.705613368154854,5.557368038123855,0.2777175942924052,23.444321465540245,10.838254059735469,3.9558691997049897
23,359,20070115230000,winter_1,39.499794,-75.006409,720,1220,2102,2602,-11.178435325622559,23.701841354370117,6.804421425157554,3.8545840559329276,-12.007035255432129,16.929967880249023,6.691034073689909,5.7312048260065716,0.0915527360824449,25.275428988393333,11.111660852832136,3.9122382340488584
24,360,20070116000000,winter_1,39.499794,-75.006409,720,1220,2102,2602,-9.260676383972168,23.979827880859375,7.130766644041896,3.7592317367275414,-10.531103134155273,16.1569881439209,6.542133908752241,5.882270195083,0.10375976872648604,24.219489444479134,11.266568849970463,3.9299747148147075
25,361,20070116010000,winter_1,39.499794,-75.006409,720,1220,2102,2602,-6.04900598526001,23.823270797729492,7.374163333036477,3.7380847397544863,-9.957988739013672,15.636404991149902,6.33018241444428,6.010170182464988,0.11291503682345633,24.08825726558268,11.334298790961792,4.009811507218001
26,362,20070116020000,winter_1,39.499794,-75.006409,720,1220,2102,2602,-5.426278114318848,25.823801040649414,7.577873423943564,3.732833367883633,-9.436637878417969,15.334871292114258,5.996971096319997,6.180032401404299,0.11291503513691555,25.94378692855113,11.349818407643163,4.086110070436731
27,363,20070116030000,winter_1,39.499794,-75.006409,720,1220,2102,2602,-7.141839027404785,25.117521286010742,7.738050938993874,3.701530600342639,-10.245473861694336,15.321840286254883,5.557099990202371,6.383207671150583,0.05493164023228537,25.128944280309135,11.314448235617679,4.145928450589532
28,364,20070116040000,winter_1,39.499794,-75.006409,720,1220,2102,2602,-7.434591770172119,23.77481460571289,7.8917936736787775,3.6656008418748303,-11.364861488342285,15.316936492919922,5.039842983177211,6.611966920272129,0.10681152180101108,23.807487944900117,11.286266824980997,4.177959062156629
29,365,20070116050000,winter_1,39.499794,-75.006409,720,1220,2102,2602,-7.357080459594727,23.455673217773438,8.048784509115587,3.647977257210293,-11.762953758239746,16.062694549560547,4.384729010932087,6.8207739956916145,0.054931641477425165,23.471786860630267,11.229274570479713,4.212228527002379
30,366,20070116060000,winter_1,39.499794,-75.006409,720,1220,2102,2602,-8.216001510620117,23.277320861816406,8.229955633996024,3.6506905475327835,-13.424155235290527,17.01725959777832,3.5953328552302315,6.9356220411583696,0.07629394766326911,23.4107512485203,11.16478786706296,4.175702878866216
31,367,20070116070000,winter_1,39.499794,-75.006409,720,1220,2102,2602,-8.818224906921387,23.050090789794922,8.37586600827744,3.698815317911699,-12.816646575927734,16.927248001098633,2.7220345099556305,6.9309596596746745,0.11901855270689127,23.166603698115345,11.058800982877608,4.12152406800785
32,368,20070116080000,winter_1,39.499794,-75.006409,720,1220,2102,2602,-8.021312713623047,22.827333450317383,8.48638180937412,3.763209235800169,-13.354050636291504,16.793977737426758,1.7606808309177604,6.818618175339386,0.1098632794606826,23.288674287106453,10.934639899159059,4.0258689809824055
33,369,20070116090000,winter_1,39.499794,-75.006409,720,1220,2102,2602,-7.304775714874268,23.654312133789062,8.53833713153316,3.8511605726047633,-14.620335578918457,16.8565731048584,0.7069785200080555,6.59739409453456,0.15869903062302926,24.20117923624238,10.804953224937982,3.8746679858999418
34,370,20070116100000,winter_1,39.499794,-75.006409,720,1220,2102,2602,-5.844627857208252,25.205883026123047,8.500436534045033,3.911461370751113,-16.351438522338867,15.992757797241211,-0.38993984620156164,6.273907171780609,0.19837189077214198,25.43718014054935,10.65960997957984,3.66655569863918
35,371,20070116110000,winter_1,39.499794,-75.006409,720,1220,2102,2602,-5.8550920486450195,24.319976806640625,8.350356789890748,3.9312962050908657,-18.28451156616211,15.87405776977539,-1.535370231739332,5.896387670563493,0.14344024499967184,26.306954212474267,10.516924683103523,3.4209052735567935
36,372,20070116120000,winter_1,39.499794,-75.006409,720,1220,2102,2602,-5.7529754638671875,23.879159927368164,8.0383335290807,3.9006983189747615,-20.33988380432129,13.354533195495605,-2.609499582602329,5.497273222029247,0.09765624715613394,25.971252530395088,10.332431427678301,3.1781464789972773
37,373,20070116130000,winter_1,39.499794,-75.006409,720,1220,2102,2602,-5.8429856300354,25.304977416992188,7.6421706357737005,3.856355317156339,-21.9407901763916,12.666643142700195,-3.5876883907133643,5.099480223043421,0.08850097642300013,28.006834981205223,10.151361665463636,3.016672211140548
38,374,20070116140000,winter_1,39.499794,-75.006409,720,1220,2102,2602,-6.202874660491943,25.097957611083984,7.221836335346875,3.715465677146543,-22.377988815307617,12.321218490600586,-4.488045884869916,4.682386516512795,0.20752716034062407,28.65993537112712,10.000891887026519,2.830029341069832
39,375,20070116150000,winter_1,39.499794,-75.006409,720,1220,2102,2602,-5.432230472564697,24.092870712280273,6.883193316085173,3.551070702583905,-21.357465744018555,11.108344078063965,-5.136341171732167,4.281298184979277,0.10681152745578472,28.040403870106775,9.860036554775675,2.7348943820510856
40,376,20070116160000,winter_1,39.499794,-75.006409,720,1220,2102,2602,-3.78926157951355,23.930912017822266,6.664619716858605,3.289940108474868,-20.211925506591797,11.915616035461426,-5.598078562380864,3.957882284530533,0.25940704529556713,28.183846120236137,9.773184742282641,2.594038868192747
41,377,20070116170000,winter_1,39.499794,-75.006409,720,1220,2102,2602,-3.5955121517181396,23.150802612304688,6.510154808002062,2.9729336292752633,-20.08707618713379,11.071085929870605,-5.996312477612926,3.7586248926594568,0.07019042888716483,27.497176719844454,9.765278626039782,2.4377874716501644
42,378,20070116180000,winter_1,39.499794,-75.006409,720,1220,2102,2602,-3.615156888961792,21.251914978027344,6.44126265156646,2.7025727775009454,-19.5003604888916,11.021659851074219,-6.378228965041417,3.642245645453854,0.3967437765451891,25.763724857775944,9.867998446483307,2.3160589147683797
43,379,20070116190000,winter_1,39.499794,-75.006409,720,1220,2102,2602,-3.395782947540283,18.568078994750977,6.418917643127751,2.4960019429564135,-18.47418785095215,13.07961654663086,-6.803276313080378,3.497872066776042,0.37538145863134675,24.161505883743953,10.049283026113812,2.2280299946841784
44,380,20070116200000,winter_1,39.499794,-75.006409,720,1220,2102,2602,-3.153968095779419,18.61186408996582,6.392023874270039,2.3930672727413884,-18.552488327026367,11.985180854797363,-7.236846271211829,3.30952570326987,0.35706328719623587,24.29273102027811,10.25921640556742,2.1582685788837392
45,381,20070116210000,winter_1,39.499794,-75.006409,720,1220,2102,2602,-3.545452117919922,22.67348861694336,6.285415972817248,2.415293279371238,-20.473464965820312,10.018465995788574,-7.648396918936788,3.1816960228330835,0.35095978812281303,24.112671776642134,10.434006641035714,2.256715755884718
46,382,20070116220000,winter_1,39.499794,-75.006409,720,1220,2102,2602,-4.649234294891357,19.430057525634766,6.073390058900566,2.6006695784811007,-21.5208683013916,9.752490043640137,-8.085055948190893,3.0916972727209546,0.3326492346567925,25.611129426624053,10.596517479758077,2.5080047999750668
47,383,20070116230000,winter_1,39.499794,-75.006409,720,1220,2102,2602,-4.708282470703125,20.077608108520508,5.975923475643496,2.7090024518032862,-22.934141159057617,9.252837181091309,-8.752469831366108,3.0007705961175333,0.1281814582024822,26.740319085468943,11.011659687987173,2.721040041248744
48,384,20070117000000,winter_1,39.499794,-75.006409,720,1220,2102,2602,-4.34571647644043,21.371152877807617,5.7719469530641145,2.7581845915265673,-24.849361419677734,6.36128044128418,-9.349520047860764,2.9424290185156097,0.08544921737593772,27.661979702042498,11.328474505865437,2.9427933828644264
49,385,20070117010000,winter_1,39.499794,-75.006409,720,1220,2102,2602,-4.608503341674805,20.826936721801758,5.544653558854835,2.7297113164448783,-24.595230102539062,4.234105110168457,-9.799372244092867,3.028184495575258,0.13123321817063371,27.817619488242716,11.554632386275385,3.1436563257495
50,386,20070117020000,winter_1,39.499794,-75.006409,720,1220,2102,2602,-5.205001354217529,19.239038467407227,5.33548852792402,2.721956278706934,-25.071805953979492,3.608614206314087,-10.08666330348609,3.214121292762948,0.2166824418367919,27.442245900321566,11.69741089892115,3.3344286405749832
51,387,20070117030000,winter_1,39.499794,-75.006409,720,1220,2102,2602,-6.361218452453613,18.37559700012207,5.145116728297143,2.743087557914149,-25.234542846679688,4.3928751945495605,-10.252869244177521,3.4469506536071237,0.06408691485495746,27.445298144874013,11.764995207069788,3.5474554010466965
52,388,20070117040000,winter_1,39.499794,-75.006409,720,1220,2102,2602,-7.010879993438721,18.63323974609375,4.942896855666029,2.7983126759415176,-23.913793563842773,3.4463605880737305,-10.302438389789932,3.660188112220898,0.17090607218623094,25.71794788721225,11.73131939493564,3.7651218047170074
53,389,20070117050000,winter_1,39.499794,-75.006409,720,1220,2102,2602,-7.589522838592529,18.56940269470215,4.714551983819766,2.8809189458838027,-22.70189094543457,5.285681247711182,-10.275811034188653,3.890967456063434,0.1190185565710219,25.40971307462836,11.629502453247467,4.001660558480729
54,390,20070117060000,winter_1,39.499794,-75.006409,720,1220,2102,2602,-6.695840358734131,18.302783966064453,4.496303492893353,2.942848845011562,-21.598873138427734,5.018711566925049,-10.16604514760885,4.147465167235381,0.09155272876947385,24.79018452874529,11.469551320039095,4.228053712813093
55,391,20070117070000,winter_1,39.499794,-75.006409,720,1220,2102,2602,-6.7385969161987305,19.485366821289062,4.253958628296072,3.0134671143981646,-21.357675552368164,3.4492087364196777,-9.983109501602806,4.432477799187323,0.033569337184815376,25.025178187248436,11.253594746539099,4.454558126544328
56,392,20070117080000,winter_1,39.499794,-75.006409,720,1220,2102,2602,-7.097631931304932,19.36409568786621,3.98746074219828,3.1066759521168237,-21.294445037841797,3.893589973449707,-9.753598668255494,4.749053025712621,0.0488281248669043,25.85527780937074,11.01555424804582,4.67921306127629
57,393,20070117090000,winter_1,39.499794,-75.006409,720,1220,2102,2602,-9.074820518493652,21.771413803100586,3.6939897370216976,3.166622852824293,-22.32111358642578,3.9234814643859863,-9.532057424451706,5.061203540092333,0.03967285050310176,25.995665641725545,10.789367353295559,4.872218447707233
58,394,20070117100000,winter_1,39.499794,-75.006409,720,1220,2102,2602,-7.861400127410889,21.09067726135254,3.2894716758964706,3.213867751114874,-20.93797492980957,4.667312145233154,-9.258007645923275,5.318337043480842,0.042724609861715966,25.421921840533876,10.50018677336131,4.989094309866661
59,395,20070117110000,winter_1,39.499794,-75.006409,720,1220,2102,2602,-10.04403018951416,20.133892059326172,2.8819806598832614,3.2795748550474744,-20.6735897064209,5.431395053863525,-8.944334165655405,5.536634443143335,0.042724610491549644,24.207282927305975,10.196983970225917,5.073300334956348
60,396,20070117120000,winter_1,39.499794,-75.006409,720,1220,2102,2602,-11.033873558044434,19.041858673095703,2.496660931845801,3.338299808313419,-19.830551147460938,6.561666011810303,-8.585797256719092,5.694993967891422,0.03967285019927429,22.946869277407934,9.87700251465993,5.096199914838187
61,397,20070117130000,winter_1,39.499794,-75.006409,720,1220,2102,2602,-11.269903182983398,17.98572540283203,2.1348796072458844,3.3918621365788946,-19.609107971191406,7.230694770812988,-8.181741078436195,5.779620073071838,0.01831054625567145,21.964171989709683,9.538699723217137,5.041878870511905
62,398,20070117140000,winter_1,39.499794,-75.006409,720,1220,2102,2602,-11.111588478088379,15.931632995605469,1.7324073667871482,3.3350853015936317,-19.45761489868164,7.33441686630249,-7.836116646932774,5.748105214058058,0.012207031180442173,20.221565344567978,9.151371883949333,4.982154107540663
63,399,20070117150000,winter_1,39.499794,-75.006409,720,1220,2102,2602,-9.104516983032227,14.379372596740723,1.4547849223101768,3.3206759665771104,-19.582252502441406,6.5673112869262695,-7.446973389542513,5.61492578350152,0.015258788928316135,19.653922426533153,8.744840124812939,4.86372937728138
64,400,20070117160000,winter_1,39.499794,-75.006409,720,1220,2102,2602,-9.20507526397705,13.254623413085938,1.2958621037139069,3.3789256594704065,-18.41034698486328,5.852660655975342,-7.040921167836062,5.479445014502882,0.030517578521186178,18.445387816296595,8.418818902076625,4.6710570598900985
65,401,20070117170000,winter_1,39.499794,-75.006409,720,1220,2102,2602,-8.052281379699707,12.773804664611816,1.1691634909899769,3.450271527059781,-19.258649826049805,6.449866771697998,-6.579858839609217,5.4127129227136965,0.048828125458392574,19.41893056903687,8.116081613331126,4.471301785581815
66,402,20070117180000,winter_1,39.499794,-75.006409,720,1220,2102,2602,-8.880755424499512,12.820819854736328,1.06161418490829,3.519101885074319,-17.687097549438477,7.202515125274658,-6.109470204358461,5.382321909666427,0.03967285216578729,17.813651555418254,7.828984333853685,4.3026878079433954
67,403,20070117190000,winter_1,39.499794,-75.006409,720,1220,2102,2602,-9.93175983428955,12.702692031860352,0.9296600460565945,3.5819468586082306,-18.283411026000977,7.5911688804626465,-5.652276764263513,5.37727333599956,0.0396728510710785,18.283638259646455,7.559802813751222,4.172204892645072
68,404,20070117200000,winter_1,39.499794,-75.006409,720,1220,2102,2602,-10.700693130493164,12.96914291381836,0.7392428404584285,3.609697783115533,-17.311634063720703,8.867616653442383,-5.202034237076364,5.396105860784854,0.042724607147494306,17.535934291017707,7.281681958859798,4.090553089390883
69,405,20070117210000,winter_1,39.499794,-75.006409,720,1220,2102,2602,-12.030152320861816,14.601105690002441,0.41913639480643,3.6301080298923023,-15.84284496307373,9.113986015319824,-4.71745517317149,5.50239033269435,0.030517577283993493,16.635642686558064,7.057900915363555,4.008750051981403
70,406,20070117220000,winter_1,39.499794,-75.006409,720,1220,2102,2602,-12.324779510498047,14.299060821533203,0.00042271063736174256,3.808069513273044,-15.749723434448242,10.945587158203125,-4.246326292610466,5.774362582384193,0.033569335025752274,16.382338911272278,7.165560476403791,3.811913806968534
71,407,20070117230000,winter_1,39.499794,-75.006409,720,1220,2102,2602,-13.994163513183594,12.475799560546875,-0.4390167593814011,4.003827893070585,-16.56348991394043,13.00073528289795,-3.77279881317269,6.00406279028306,0.018310547377968753,17.194130880876983,7.300207083167498,3.634987060438832
72,408,20070118000000,winter_1,39.499794,-75.006409,720,1220,2102,2602,-15.233095169067383,10.449865341186523,-0.8662771853258573,4.101050604088894,-14.813204765319824,14.731945037841797,-3.289249085812354,6.15604192984481,0.024414061380945384,17.441329930407434,7.351039586111243,3.4996115517388837
73,409,20070118010000,winter_1,39.499794,-75.006409,720,1220,2102,2602,-15.611438751220703,11.552645683288574,-1.2887475581408887,4.116621864846609,-13.828207969665527,16.353227615356445,-2.7790947026284365,6.226411199036158,0.04272460883238328,19.470810149144572,7.336764792705464,3.357214918489007
74,410,20070118020000,winter_1,39.499794,-75.006409,720,1220,2102,2602,-15.899911880493164,11.351655960083008,-1.6803417226015134,4.089086700108198,-13.520339012145996,16.946924209594727,-2.21395918404571,6.242107646426426,0.0610351562129155,20.065916819878893,7.295102146090675,3.1923637264597553
75,411,20070118030000,winter_1,39.499794,-75.006409,720,1220,2102,2602,-15.836321830749512,11.993196487426758,-2.0010340275348106,4.014433070255413,-12.12210750579834,18.576316833496094,-1.6104738613739764,6.212374372442219,0.04882812557367245,20.31616907401861,7.226560966364004,3.013942278127156
76,412,20070118040000,winter_1,39.499794,-75.006409,720,1220,2102,2602,-15.05689525604248,11.827324867248535,-2.2407188388616377,3.9273730972487666,-11.51233959197998,19.549596786499023,-1.0066297439701875,6.135378642614864,0.03356933679204468,19.995727776089346,7.125046449292015,2.88703446203092
77,413,20070118050000,winter_1,39.499794,-75.006409,720,1220,2102,2602,-14.812799453735352,12.679869651794434,-2.4287556856776558,3.829134066539503,-11.52624797821045,19.5340518951416,-0.41309165529391323,6.0111124818964345,0.045776364467872255,20.050659617480406,7.0029061281922305,2.797238928954259
78,414,20070118060000,winter_1,39.499794,-75.006409,720,1220,2102,2602,-14.892231941223145,12.749991416931152,-2.5197287917337143,3.738229681624645,-11.098593711853027,19.16427230834961,0.150090882102223,5.873411174193408,0.05493164058411379,20.21546158807267,6.858488590385202,2.7935666603926856
79,415,20070118070000,winter_1,39.499794,-75.006409,720,1220,2102,2602,-15.71520709991455,14.364232063293457,-2.538394484794156,3.6682450574079613,-10.946639060974121,19.2276611328125,0.6956695725195946,5.729866931176386,0.048828127675625624,20.17273723390224,6.721338351405555,2.8352090453217884
80,416,20070118080000,winter_1,39.499794,-75.006409,720,1220,2102,2602,-14.303634643554688,17.010787963867188,-2.4794985860502905,3.603380802139822,-10.74389362335205,19.10089111328125,1.189390665303055,5.590104084326495,0.024414062975139355,19.541000037611333,6.586028672870433,2.901793685274257
81,417,20070118090000,winter_1,39.499794,-75.006409,720,1220,2102,2602,-13.735895156860352,16.788532257080078,-2.4232032147300666,3.5698436526286965,-10.481805801391602,18.838693618774414,1.6276239539597455,5.4690566396802485,0.07629394749237578,19.321265590224268,6.498097914224196,2.991682015987134
82,418,20070118100000,winter_1,39.499794,-75.006409,720,1220,2102,2602,-13.464852333068848,16.872859954833984,-2.3830632182570097,3.549160067262935,-10.98616886138916,18.396560668945312,2.0469726429461375,5.376500603685594,0.05493164287936336,18.51252675236125,6.455909948015515,3.1134562741074507
83,419,20070118110000,winter_1,39.499794,-75.006409,720,1220,2102,2602,-13.2326021194458,19.25504493713379,-2.325902179282842,3.5692739368336115,-10.209299087524414,18.803319931030273,2.479785325299534,5.283429396862175,0.01831054630116968,20.084229619049683,6.459600836522986,3.2383724102922815
84,420,20070118120000,winter_1,39.499794,-75.006409,720,1220,2102,2602,-12.934955596923828,19.467044830322266,-2.278276362046246,3.6140662710858895,-9.519706726074219,19.86011505126953,2.9172370534507257,5.1739698034498876,0.030517577971675793,20.972320589300253,6.522550404021469,3.314904217876566
85,421,20070118130000,winter_1,39.499794,-75.006409,720,1220,2102,2602,-13.572068214416504,18.526721954345703,-2.2094938640953723,3.67506783804133,-9.585530281066895,20.19698143005371,3.3182896927283108,5.054919798610249,0.030517577711308547,21.259193248632794,6.627338037341257,3.321089872878997
86,422,20070118140000,winter_1,39.499794,-75.006409,720,1220,2102,2602,-14.324026107788086,17.380544662475586,-2.0328462450722933,3.7482619302949396,-8.802040100097656,20.39398956298828,3.4047256754898485,4.595533200599261,0.030517577036021617,20.484023540407676,6.383550687722871,3.184853889054508
87,423,20070118150000,winter_1,39.499794,-75.006409,720,1220,2102,2602,-13.425980567932129,15.201066970825195,-1.8855770593638588,3.803420071939798,-8.452008247375488,19.789688110351562,3.508425771201197,4.143915393582067,0.027465820548060706,20.575575844405417,6.150184519688564,3.1109036702238293
88,424,20070118160000,winter_1,39.499794,-75.006409,720,1220,2102,2602,-12.818853378295898,13.693625450134277,-1.7415020319723944,3.884508833689037,-8.888721466064453,19.281492233276367,3.9219589141650415,3.9543370540078855,0.021362305188092536,20.07507279343328,6.307069267588147,3.0596827811581453
89,425,20070118170000,winter_1,39.499794,-75.006409,720,1220,2102,2602,-13.215815544128418,13.13409423828125,-1.5767833741438493,3.9656382167415916,-8.194353103637695,18.40681266784668,4.405643515826933,3.899936499930821,0.02136230515824524,20.206306211777754,6.589392961889781,3.0678383531235602
90,426,20070118180000,winter_1,39.499794,-75.006409,720,1220,2102,2602,-12.668806076049805,12.716975212097168,-1.3970064351907099,3.991522035798082,-8.517929077148438,18.10749626159668,4.840363079794958,3.935942809929421,0.015258788747802125,19.165626911239332,6.871682036573131,3.0959040162352096
91,427,20070118190000,winter_1,39.499794,-75.006409,720,1220,2102,2602,-12.1880521774292,12.325958251953125,-1.232928733892274,3.9603255875927785,-8.608476638793945,18.084030151367188,5.2031961367555,4.047387227706722,0.021362304722325955,19.849235018104952,7.113432078391407,3.1714301974444052
92,428,20070118200000,winter_1,39.499794,-75.006409,720,1220,2102,2602,-12.302075386047363,12.334392547607422,-1.1268517846189583,3.841119397485864,-8.330391883850098,20.558231353759766,5.449236158002152,4.231074336361655,0.03967285079721569,20.642722490386202,7.273925692933328,3.2726385271553897
93,429,20070118210000,winter_1,39.499794,-75.006409,720,1220,2102,2602,-11.389751434326172,12.224237442016602,-1.0436930479933269,3.7145763133902574,-8.876595497131348,18.57628631591797,5.809599654449562,4.543169454587373,0.024414062257813868,20.954011113753005,7.5894057563375625,3.417620439746932
94,430,20070118220000,winter_1,39.499794,-75.006409,720,1220,2102,2602,-11.183104515075684,14.283287048339844,-0.7715605824264086,3.7113281581061086,-9.165657043457031,18.59129524230957,6.328704000298541,4.91540698878769,0.030517577875654067,21.22867626786382,8.109668094518064,3.579981286973279
95,431,20070118230000,winter_1,39.499794,-75.006409,720,1220,2102,2602,-10.693848609924316,18.406665802001953,-0.28217614018601733,3.7396711485800287,-9.066739082336426,19.34886932373047,6.549458748215279,5.221288956280506,0.045776366294214,20.93264724008169,8.378616276540697,3.7444387060879882
96,432,20070119000000,winter_1,39.499794,-75.006409,720,1220,2102,2602,-10.626387596130371,20.499427795410156,0.21469093694026678,3.8080903244366864,-9.587610244750977,18.69969940185547,6.57362921733067,5.492655934723946,0.10375976218267116,20.773949055849595,8.52731048075762,3.9005756480852236
97,433,20070119010000,winter_1,39.499794,-75.006409,720,1220,2102,2602,-10.367294311523438,21.167573928833008,0.6858475829597979,3.9240680766086986,-8.900787353515625,20.194652557373047,6.478780882813415,5.759449360244054,0.07019043136313403,21.533859420571027,8.628574942434058,4.069674471064558
98,434,20070119020000,winter_1,39.499794,-75.006409,720,1220,2102,2602,-9.660759925842285,23.058650970458984,1.104687797691113,4.046303599760464,-9.889411926269531,21.38675308227539,6.28216582454241,6.026382128003781,0.03967285329326612,23.316137955563864,8.687419061127265,4.231376490923108
99,435,20070119030000,winter_1,39.499794,-75.006409,720,1220,2102,2602,-9.011080741882324,24.21177101135254,1.5465846130200052,4.127494525389216,-9.362726211547852,21.873016357421875,6.047931410624158,6.288952675376709,0.06103515455638102,24.21338697931168,8.739975953989582,4.3782822484136705
100,436,20070119040000,winter_1,39.499794,-75.006409,720,1220,2102,2602,-9.77204704284668,24.52518653869629,2.038519362122602,4.2109989766968345,-9.922283172607422,22.425424575805664,5.760241423780808,6.556918941254006,0.07019043472955953,24.567397313968645,8.815509445854191,4.510923857034388
101,437,20070119050000,winter_1,39.499794,-75.006409,720,1220,2102,2602,-9.541851043701172,25.580224990844727,2.521853980401749,4.326721420892973,-11.910694122314453,23.11522674560547,5.330341834106389,6.812374630449051,0.04272461035562124,25.608077475646542,8.85691021021938,4.632105293989379
102,438,20070119060000,winter_1,39.499794,-75.006409,720,1220,2102,2602,-10.99073314666748,24.590913772583008,3.032547328996059,4.410303570620375,-12.134828567504883,23.235931396484375,4.814430941558033,7.110882407564137,0.09460449625939131,24.67116558921365,8.937150496487634,4.745298283142515
103,439,20070119070000,winter_1,39.499794,-75.006409,720,1220,2102,2602,-10.497536659240723,25.08216667175293,3.60357177236783,4.422722698823711,-12.604410171508789,26.805397033691406,4.306782686644286,7.442704399328794,0.12207794179398834,27.21640871480141,9.089244698906358,4.88610911446588
104,440,20070119080000,winter_1,39.499794,-75.006409,720,1220,2102,2602,-11.37200927734375,26.172300338745117,4.28409937868114,4.257373576458746,-14.382237434387207,27.680572509765625,3.7547111922277714,7.745727160130847,0.08544922098303781,28.986481079405777,9.27629378838852,4.952096140391356
105,441,20070119090000,winter_1,39.499794,-75.006409,720,1220,2102,2602,-9.052433967590332,27.058666229248047,5.057988800878389,3.9861658947842726,-17.79938316345215,27.78582763671875,3.0619235271221146,7.883898947608621,0.021362305033806508,30.84505319447161,9.447864530124194,4.87256230057881
106,442,20070119100000,winter_1,39.499794,-75.006409,720,1220,2102,2602,-9.604186058044434,26.616334915161133,5.931412357281486,3.7873773201046936,-16.56024932861328,26.204559326171875,2.1174953963002574,7.728624501578934,0.06103515545961966,30.210273607881774,9.614911633307344,4.614626446464008
107,443,20070119110000,winter_1,39.499794,-75.006409,720,1220,2102,2602,-10.127277374267578,26.33159065246582,6.945818195319988,3.6267042589982506,-17.505428314208984,28.07591438293457,1.047939873938691,7.3783288269224645,0.07019043017053701,30.353705578617518,9.888007287811448,4.377510744526808
108,444,20070119120000,winter_1,39.499794,-75.006409,720,1220,2102,2602,-9.634544372558594,26.53648567199707,7.968897087712569,3.5961089435938094,-20.804040908813477,28.276567459106445,-0.12072004486246803,6.832250678949811,0.03356933676317247,30.20111798174609,10.261546078374343,4.2225839339664
109,445,20070119130000,winter_1,39.499794,-75.006409,720,1220,2102,2602,-8.254977226257324,27.165512084960938,8.901871001576088,3.5020176401314926,-19.844249725341797,33.52752685546875,-1.4108443108530082,5.936900536238076,0.039672853592837905,34.62325299532377,10.59155541417437,4.069847470804928
110,446,20070119140000,winter_1,39.499794,-75.006409,720,1220,2102,2602,-8.169539451599121,28.97137451171875,9.368350872232373,3.4030764876469495,-21.006643295288086,36.2430419921875,-2.91378475524279,4.346603206078227,0.05493164078126041,37.281411855337886,10.533951995722349,3.9706276618218057
111,447,20070119150000,winter_1,39.499794,-75.006409,720,1220,2102,2602,-5.839627265930176,29.005599975585938,9.848234951234353,3.3234245120438044,-22.140949249267578,8.350876808166504,-3.5725104043915348,3.6194193739003335,0.09460449244793975,32.08105431633721,10.904079010404008,3.8725921900563103
112,448,20070119160000,winter_1,39.499794,-75.006409,720,1220,2102,2602,-4.894298076629639,28.384906768798828,10.515736274840648,3.110621588322399,-23.32649040222168,7.9401164054870605,-3.849361857444307,3.372673889748972,0.10986328238252226,32.026122518198086,11.54821885370383,3.6177110513192994
113,449,20070119170000,winter_1,39.499794,-75.006409,720,1220,2102,2602,-5.0705976486206055,28.997215270996094,11.045783564268168,2.939243850895275,-23.228803634643555,7.287703037261963,-4.032112583479807,3.180712328903095,0.05493163838992787,31.119721302257307,12.062482652354584,3.3940925194254157
114,450,20070119180000,winter_1,39.499794,-75.006409,720,1220,2102,2602,-4.878572940826416,28.973987579345703,11.48279340330603,2.893405777205606,-22.354516983032227,6.835781097412109,-4.123115977318308,3.060418353198779,0.12512970356197758,30.37201634766382,12.480916165535177,3.289273303097719
115,451,20070119190000,winter_1,39.499794,-75.006409,720,1220,2102,2602,-3.9593160152435303,29.885299682617188,11.816345516191989,2.962812724312,-20.94284439086914,7.552646160125732,-4.129670792472323,2.9576482339354273,0.07629394460969087,31.055634381498308,12.777833620135407,3.306525745161103
116,452,20070119200000,winter_1,39.499794,-75.006409,720,1220,2102,2602,-5.290519714355469,32.227638244628906,11.941207340374783,3.14412223415717,-19.9278507232666,10.594057083129883,-4.001942327498941,2.911461041349857,0.12818146463651542,33.39030431776841,12.845807474445305,3.457645945806589
117,453,20070119210000,winter_1,39.499794,-75.006409,720,1220,2102,2602,-7.087798595428467,32.93777084350586,11.863919301754335,3.5190432307843413,-19.473190307617188,10.944727897644043,-3.7265569677734094,3.002611208825058,0.16785431097474754,34.02813665352669,12.717602469396688,3.781763450360936
118,454,20070119220000,winter_1,39.499794,-75.006409,720,1220,2102,2602,-9.121167182922363,32.28654098510742,12.201937539812526,3.660162689034952,-19.61040687561035,12.367899894714355,-3.6760134262986472,3.2082140759173634,0.11291504455800244,33.41777050663871,13.093402205128632,3.827871679884864
119,455,20070119230000,winter_1,39.499794,-75.006409,720,1220,2102,2602,-8.036674499511719,33.42131805419922,12.517152890169367,3.58395147100801,-20.68017578125,11.914410591125488,-3.9237896537484374,3.3030865281576767,0.21057891378085042,34.69649353605155,13.483026562948703,3.746775304791512
120,456,20070120000000,winter_1,39.499794,-75.006409,720,1220,2102,2602,-8.071683883666992,34.20476150512695,12.576839594018839,3.640274138491769,-21.14189910888672,12.119526863098145,-4.257351448378136,3.384358233125607,0.0976562495646116,35.48997627898701,13.669028406086438,3.7636517394395734
121,457,20070120010000,winter_1,39.499794,-75.006409,720,1220,2102,2602,-6.839728355407715,34.42293167114258,12.448573825070403,3.766905645253742,-22.043859481811523,11.56908130645752,-4.512454449171999,3.5039482717423276,0.09460449370410737,35.95996145616719,13.675338093163225,3.8446840056173044
122,458,20070120020000,winter_1,39.499794,-75.006409,720,1220,2102,2602,-6.933889389038086,34.18864059448242,12.22978744914558,3.881893169740979,-22.772886276245117,11.398666381835938,-4.700980035824607,3.623445847029883,0.11901855567218798,35.93554782200913,13.581404673100332,3.9256611980185596
123,459,20070120030000,winter_1,39.499794,-75.006409,720,1220,2102,2602,-7.687012195587158,33.66343688964844,11.996285722096555,3.9942973144974765,-23.052087783813477,11.08902359008789,-4.824656460865534,3.733817741762829,0.1007080098020778,35.44114738287317,13.450044202243257,4.022474116082836
124,460,20070120040000,winter_1,39.499794,-75.006409,720,1220,2102,2602,-7.385728359222412,32.78551483154297,11.769586996868558,4.00954106504448,-23.626476287841797,12.434806823730469,-4.9157876425384615,3.7933914703015583,0.12512969844040137,34.68123776258483,13.298729801823571,4.037099240880205
125,461,20070120050000,winter_1,39.499794,-75.006409,720,1220,2102,2602,-7.451597213745117,31.712427139282227,11.541037098282086,4.026910317369641,-23.405380249023438,11.619278907775879,-4.991798819496517,3.808621023383329,0.1098632835544383,33.716851413799354,13.135544847365283,4.036416123865472
126,462,20070120060000,winter_1,39.499794,-75.006409,720,1220,2102,2602,-8.665477752685547,30.456207275390625,11.393641165903706,4.04205465418245,-23.11126136779785,10.56788158416748,-5.079367511449097,3.7891292618499257,0.10375976819712214,32.44117604157321,13.036500766202707,4.044797584174238
127,463,20070120070000,winter_1,39.499794,-75.006409,720,1220,2102,2602,-9.04524040222168,29.23906707763672,11.29082347616974,4.045000455642194,-22.77674102783203,10.93899154663086,-5.168425538136447,3.7326456043738183,0.04272460858885755,31.614119425312012,12.95455441264129,4.082831024815932
128,464,20070120080000,winter_1,39.499794,-75.006409,720,1220,2102,2602,-9.481706619262695,30.07782554626465,11.244352984812934,4.062816514952272,-22.950576782226562,9.964688301086426,-5.311777847677044,3.616626340537416,0.07324218819189773,31.934569059959614,12.935786403754022,4.111247035612758
129,465,20070120090000,winter_1,39.499794,-75.006409,720,1220,2102,2602,-9.584827423095703,33.882972717285156,11.2117428675793,4.109684136842538,-23.018760681152344,11.238062858581543,-5.498531357822951,3.5110799059204423,0.03662109473971504,35.46861201011881,12.948823584468103,4.1811695505412985
130,466,20070120100000,winter_1,39.499794,-75.006409,720,1220,2102,2602,-8.876481056213379,32.70940399169922,11.167372149604683,4.187404966941801,-22.73674774169922,10.135551452636719,-5.699995648029452,3.430473811920607,0.04882812507019633,34.31195830667092,12.978559678445208,4.249664777344106
131,467,20070120110000,winter_1,39.499794,-75.006409,720,1220,2102,2602,-8.407727241516113,31.978879928588867,11.134975631482975,4.272406212425144,-22.514474868774414,10.469504356384277,-5.928858970284548,3.392007372215096,0.10681152207264806,33.76262819477334,13.04015742050505,4.341948215815203
132,468,20070120120000,winter_1,39.499794,-75.006409,720,1220,2102,2602,-9.740796089172363,31.14687728881836,11.086549990831971,4.358269660666266,-22.070781707763672,10.95249080657959,-6.173997600296855,3.3763665861219314,0.07324218578307164,33.133949029820265,13.09912107088072,4.453900537401023
133,469,20070120130000,winter_1,39.499794,-75.006409,720,1220,2102,2602,-9.768479347229004,30.434297561645508,11.036200721659933,4.437160471279828,-21.65444564819336,9.530597686767578,-6.539048354146635,3.3055911892213254,0.1342849730015356,32.74941217834642,13.193077129844005,4.595097577937603
134,470,20070120140000,winter_1,39.499794,-75.006409,720,1220,2102,2602,-7.680429458618164,31.059852600097656,10.963819929262447,4.510269156807589,-20.93223762512207,7.24765157699585,-7.025974966686418,2.965730688153947,0.08850097609248976,33.43302849451152,13.280232407800957,4.726857862269372
135,471,20070120150000,winter_1,39.499794,-75.006409,720,1220,2102,2602,-10.05341911315918,30.10504722595215,10.998173809752204,4.526472295612383,-21.113601684570312,7.011373519897461,-7.349341163986295,2.836676148635598,0.08850097559397645,32.789084832192444,13.446612232622178,4.764131103870132
136,472,20070120160000,winter_1,39.499794,-75.006409,720,1220,2102,2602,-8.53954792022705,28.979196548461914,11.034211560515736,4.55801643882317,-20.701908111572266,6.166384696960449,-7.521874577210989,2.8816522922717023,0.07324218785809242,31.757560495129884,13.556738583663916,4.860729850737154
137,473,20070120170000,winter_1,39.499794,-75.006409,720,1220,2102,2602,-6.418193340301514,27.885326385498047,11.052529111666077,4.591678271003008,-20.842599868774414,5.316624641418457,-7.723863821739299,2.9796808741317604,0.07629394401327264,30.851158815169715,13.673561384010195,4.981184461026547
138,474,20070120180000,winter_1,39.499794,-75.006409,720,1220,2102,2602,-7.136538505554199,25.982364654541016,11.029422563458052,4.620970137843761,-20.037546157836914,3.9163706302642822,-7.919389587024825,3.1146176455513994,0.15564727652214916,28.431045414142552,13.756093482678388,5.1175183148702
139,475,20070120190000,winter_1,39.499794,-75.006409,720,1220,2102,2602,-4.676541328430176,24.134143829345703,10.939160984782115,4.655971863466017,-19.159631729125977,5.866940498352051,-8.104973044292805,3.31585406715865,0.08850097695412215,26.120789014576395,13.783302089812812,5.296166234998079
140,476,20070120200000,winter_1,39.499794,-75.006409,720,1220,2102,2602,-4.168601036071777,22.08568572998047,10.726587976951786,4.73575633202419,-19.64763641357422,5.691831588745117,-8.253378187658848,3.6020796125611145,0.11596679524558309,26.932587900224373,13.704347446970928,5.547176557497197
141,477,20070120210000,winter_1,39.499794,-75.006409,720,1220,2102,2602,-4.477245807647705,22.58669662475586,10.248708905705977,4.913625870101399,-19.252227783203125,6.278029918670654,-8.240371927525866,4.0071522449137404,0.07629394056858713,26.981415553074918,13.339740545248729,5.9322908078201495
142,478,20070120220000,winter_1,39.499794,-75.006409,720,1220,2102,2602,-5.079122543334961,23.939224243164062,9.84430867179485,5.04533116531904,-20.923416137695312,7.371173858642578,-8.490207550981474,4.369010216295696,0.13428497128837538,27.50938443264743,13.271922813491408,6.115040405007985
143,479,20070120230000,winter_1,39.499794,-75.006409,720,1220,2102,2602,-6.629431247711182,25.37925910949707,9.425605966945458,5.0726153496523105,-21.918039321899414,7.970954418182373,-9.085551509611438,4.449463402620229,0.14038849434284997,28.33643329495465,13.407024465000243,6.096731922070259
144,480,20070121000000,winter_1,39.499794,-75.006409,720,1220,2102,2602,-6.398112773895264,24.45870590209961,8.707555453462398,5.168870398989113,-21.340662002563477,8.552032470703125,-9.51105019821581,4.53737551702233,0.051879882274156706,28.254035534537373,13.267170959688816,6.129336861236538
145,481,20070121010000,winter_1,39.499794,-75.006409,720,1220,2102,2602,-7.507274150848389,22.446002960205078,7.855565791070919,5.267253965887259,-22.845226287841797,8.7188081741333,-9.684715105111886,4.666722131455173,0.054931642813009,28.46766673124315,12.929312312198581,6.152947545040889
146,482,20070121020000,winter_1,39.499794,-75.006409,720,1220,2102,2602,-8.954115867614746,22.5474853515625,6.9724442323302185,5.328981003249044,-23.048664093017578,9.282357215881348,-9.676574748342063,4.81194792371566,0.027465821882110775,28.315070446350916,12.497209577263579,6.133817047214428
147,483,20070121030000,winter_1,39.499794,-75.006409,720,1220,2102,2602,-9.592610359191895,22.297521591186523,6.0956811419488535,5.351451079835929,-23.063365936279297,10.7921142578125,-9.475249673085697,4.957056240504864,0.03967285177535849,28.31507101967188,11.959376156923948,6.092736833330796
148,484,20070121040000,winter_1,39.499794,-75.006409,720,1220,2102,2602,-9.992563247680664,21.44432830810547,5.284896194097653,5.303482860088365,-22.523719787597656,11.780073165893555,-9.110403257692047,5.130834389775007,0.02441406159392967,27.164527826514345,11.366061122146764,6.016196626634345
149,485,20070121050000,winter_1,39.499794,-75.006409,720,1220,2102,2602,-10.579825401306152,19.975858688354492,4.599219925832607,5.177676950026941,-23.5670223236084,12.785221099853516,-8.648580565617399,5.300173324517927,0.021362305761529782,26.908172178570577,10.749406992145332,5.941480868616799
150,486,20070121060000,winter_1,39.499794,-75.006409,720,1220,2102,2602,-11.14293098449707,19.217945098876953,4.056178067386227,5.010467586935131,-24.10127830505371,14.013754844665527,-8.135909208120271,5.466183550918131,0.021362305152257066,27.433091558468156,10.157211262910753,5.8703157129557955
151,487,20070121070000,winter_1,39.499794,-75.006409,720,1220,2102,2602,-10.01612377166748,18.386083602905273,3.6702451537187266,4.798827917167284,-22.40192413330078,16.06920051574707,-7.620476489275409,5.597444156431281,0.01831054645307889,26.06585675637697,9.613510483270549,5.786441744543283
152,488,20070121080000,winter_1,39.499794,-75.006409,720,1220,2102,2602,-10.539022445678711,18.270627975463867,3.3866425738213115,4.583800032645561,-20.546363830566406,16.066749572753906,-7.157236163072347,5.702650866442483,0.02441406108722336,27.04245000324091,9.147473366266793,5.705309638754758
153,489,20070121090000,winter_1,39.499794,-75.006409,720,1220,2102,2602,-10.02380657196045,18.87004280090332,3.0823066712274336,4.369053436312491,-20.5727481842041,15.979947090148926,-6.729753100941368,5.758836319553151,0.03662109190895967,27.344581740545614,8.696700551065119,5.604499480326963
154,490,20070121100000,winter_1,39.499794,-75.006409,720,1220,2102,2602,-10.00212574005127,16.609708786010742,2.7075261938599473,4.23527827778385,-19.69058609008789,17.0284423828125,-6.313398750165734,5.811798205903183,0.024414063019474394,24.478897285778768,8.303592920130663,5.473082035032464
155,491,20070121110000,winter_1,39.499794,-75.006409,720,1220,2102,2602,-10.52263069152832,15.945014953613281,2.3439496814711003,4.129623687830057,-19.601261138916016,19.036598205566406,-5.869350531868233,5.853775800632949,0.015258788962524505,23.142188038947722,7.954256253481648,5.2909040963073135
156,492,20070121120000,winter_1,39.499794,-75.006409,720,1220,2102,2602,-11.546086311340332,16.74840545654297,1.9793053060586523,4.031274566838832,-19.76119041442871,19.502948760986328,-5.443256205313986,5.853979247953055,0.03662109302190766,22.867515931580936,7.6501980349020835,5.053850542583158
157,493,20070121130000,winter_1,39.499794,-75.006409,720,1220,2102,2602,-12.366401672363281,16.57054901123047,1.6034741156794172,3.9097767432119026,-18.82624053955078,21.5866756439209,-5.002595219561594,5.816420684607046,0.02136230473877565,22.385330824429474,7.323618489684604,4.804040398463525
158,494,20070121140000,winter_1,39.499794,-75.006409,720,1220,2102,2602,-12.464811325073242,16.450946807861328,1.2571541258119212,3.712642992867562,-16.838857650756836,22.84988784790039,-4.461639819254454,5.6880403202620515,0.00915527324939018,22.858361079302522,6.83804631481688,4.56785613243648
159,495,20070121150000,winter_1,39.499794,-75.006409,720,1220,2102,2602,-11.36050796508789,15.548195838928223,1.0776748916017482,3.551006641565166,-16.292844772338867,23.291479110717773,-3.9860321144143334,5.508644564234039,0.009155273575146006,23.30393272115712,6.4302885036562305,4.3192636007059
160,496,20070121160000,winter_1,39.499794,-75.006409,720,1220,2102,2602,-11.827544212341309,14.787397384643555,0.9779423316467765,3.4323044730122163,-15.786601066589355,22.108922958374023,-3.4500598638095066,5.348444155239321,0.009155273337619209,22.119811049879985,6.0634064011883355,4.059674366140422
161,497,20070121170000,winter_1,39.499794,-75.006409,720,1220,2102,2602,-11.115938186645508,13.439264297485352,0.93630530962722,3.3854151869514206,-15.380897521972656,22.702363967895508,-2.906404982804139,5.188518076406522,0.009155272899753757,23.05673267354188,5.768855001134397,3.798147620884432
162,498,20070121180000,winter_1,39.499794,-75.006409,720,1220,2102,2602,-10.403251647949219,13.004327774047852,0.9419445883399896,3.3848743989654344,-15.111419677734375,22.65993309020996,-2.371665989573913,5.041636096028308,0.024414062802892447,23.197120937859708,5.55478663170937,3.5400386821805547
163,499,20070121190000,winter_1,39.499794,-75.006409,720,1220,2102,2602,-11.466017723083496,15.301785469055176,0.9423920126297447,3.4319325752190597,-14.692866325378418,21.98043441772461,-1.8796517547132605,4.937781892521422,0.006103515807877004,22.586746377221516,5.436548874317013,3.3203886791442914
164,500,20070121200000,winter_1,39.499794,-75.006409,720,1220,2102,2602,-11.448930740356445,13.74385929107666,0.9301574161163904,3.509890880246529,-14.098093032836914,22.312501907348633,-1.4610321535186455,4.81714078003403,0.009155273654792162,22.928557890597524,5.362165482697912,3.125886817279113
165,501,20070121210000,winter_1,39.499794,-75.006409,720,1220,2102,2602,-11.335980415344238,13.564031600952148,0.8807838294982384,3.6197473692152227,-13.853328704833984,20.980918884277344,-1.160825515636978,4.67721580839183,0.021362304321260142,21.820731098592884,5.327815465899158,2.952388376991779
166,502,20070121220000,winter_1,39.499794,-75.006409,720,1220,2102,2602,-11.137738227844238,13.671558380126953,0.725562287597304,3.811990263432706,-13.567063331604004,21.356958389282227,-0.935649215009463,4.609250599831204,0.02441406213249979,21.369057470733832,5.392182635741743,2.8465254908548676
167,503,20070121230000,winter_1,39.499794,-75.006409,720,1220,2102,2602,-10.800668716430664,12.906912803649902,0.5431741179116687,3.8695017534811997,-13.336974143981934,21.053382873535156,-0.6565697053160833,4.5285523748644545,0.027465820254431686,21.408736112245503,5.340471659983468,2.7724203832222036
168,504,20070122000000,winter_2,39.499794,-75.006409,720,1220,2102,2602,-10.293840408325195,13.648076057434082,0.3404580826120921,3.8240324906987206,-12.889286994934082,20.09391212463379,-0.3564853478063743,4.4035369124289385,0.018310547077557852,22.284614506897405,5.192028245693307,2.7018878648424822
169,505,20070122010000,winter_2,39.499794,-75.006409,720,1220,2102,2602,-10.602181434631348,15.724787712097168,0.13688424328401777,3.698733059326963,-12.356531143188477,19.997093200683594,-0.049541902417350035,4.262613781844868,0.027465821090308356,21.18900265043186,4.9966749775095,2.6277239890477477
170,506,20070122020000,winter_2,39.499794,-75.006409,720,1220,2102,2602,-10.578309059143066,15.820972442626953,-0.050497139411250884,3.5144850461574664,-11.802326202392578,18.1326904296875,0.21696325406755357,4.084392975026159,0.024414063290286225,20.01708883814062,4.748462846066738,2.5564809266520183
171,507,20070122030000,winter_2,39.499794,-75.006409,720,1220,2102,2602,-10.5050630569458,15.772478103637695,-0.21502602154236541,3.3250664268041503,-11.02428150177002,16.969606399536133,0.47556629738302664,3.8999247183651686,0.018310547767021772,18.942840768769646,4.52934814250925,2.4541565656393445
172,508,20070122040000,winter_2,39.499794,-75.006409,720,1220,2102,2602,-9.563694953918457,15.949590682983398,-0.3256564727196938,3.1502668423432825,-10.2394380569458,14.17556381225586,0.7230369953232515,3.7280351499157036,0.015258788718507074,17.239906361079584,4.315635329288957,2.413825510760424
173,509,20070122050000,winter_2,39.499794,-75.006409,720,1220,2102,2602,-9.313413619995117,15.819835662841797,-0.415735715990529,3.0120874891376928,-9.223737716674805,13.806822776794434,0.9126742066017597,3.591701277572882,0.024414062402631668,16.812645317343794,4.146484117693836,2.4053001817231787
174,510,20070122060000,winter_2,39.499794,-75.006409,720,1220,2102,2602,-9.492447853088379,16.435304641723633,-0.43791883900834105,2.9250803273646424,-8.542803764343262,15.77872371673584,1.098341009595932,3.559825140677467,0.015258788943151183,16.791282143842636,4.055244781525735,2.4862754470416015
175,511,20070122070000,winter_2,39.499794,-75.006409,720,1220,2102,2602,-9.663070678710938,16.861562728881836,-0.395043268711588,2.947364884798872,-7.84112548828125,18.391643524169922,1.257017201173877,3.6300571724015134,0.015258788804628474,18.582718122434898,4.091102940054622,2.6197906407052662
176,512,20070122080000,winter_2,39.499794,-75.006409,720,1220,2102,2602,-9.710789680480957,17.33447265625,-0.29755636939840846,2.976081637636427,-9.422454833984375,18.86820411682129,1.3467211044008647,3.7725379626923345,0.021362304378038093,18.890960640120685,4.140724234389689,2.801018553058462
177,513,20070122090000,winter_2,39.499794,-75.006409,720,1220,2102,2602,-10.166215896606445,18.563974380493164,-0.17337621881000015,3.061181639144974,-9.629862785339355,21.473159790039062,1.3483913435691925,4.012909253917899,0.018310546441863397,21.549118763623923,4.239182918541489,3.0580746262682146
178,514,20070122100000,winter_2,39.499794,-75.006409,720,1220,2102,2602,-9.64959716796875,21.026567459106445,-0.04742969531250972,3.2989446013704264,-10.329970359802246,24.0023193359375,1.2240331427459041,4.322416447550879,0.018310546047725897,24.201180422689575,4.425355300694527,3.3886659029951804
179,515,20070122110000,winter_2,39.499794,-75.006409,720,1220,2102,2602,-9.199760437011719,21.48051643371582,0.07772629087745311,3.5537924398246377,-12.226306915283203,25.827415466308594,0.9976555307734118,4.682453848863209,0.015258788513419195,25.833916835449493,4.64922653804672,3.7337468157853295
180,516,20070122120000,winter_2,39.499794,-75.006409,720,1220,2102,2602,-10.73363208770752,21.839330673217773,0.15252812984727743,3.7799157424225425,-14.017626762390137,25.654203414916992,0.6782921150125041,5.006794081612439,0.018310546976932147,26.444290555440492,4.892971470010708,3.987220236308399
181,517,20070122130000,winter_2,39.499794,-75.006409,720,1220,2102,2602,-12.180031776428223,21.33457374572754,0.2233197553910095,3.980387837808535,-15.254348754882812,23.983558654785156,0.35830301849607205,5.262151245212126,0.01831054593632537,25.40361008969073,5.097122201665062,4.210857524823899
182,518,20070122140000,winter_2,39.499794,-75.006409,720,1220,2102,2602,-12.422914505004883,21.598743438720703,0.34526816125414744,3.898117863257757,-18.579120635986328,23.928234100341797,0.028539613919248863,5.324996400145352,0.02136230364300266,25.56840477916403,4.91935417569098,4.4125829900705975
183,519,20070122150000,winter_2,39.499794,-75.006409,720,1220,2102,2602,-12.569390296936035,21.415111541748047,0.5543511052598311,3.8239285577478195,-17.886112213134766,23.1581974029541,-0.24570036739268247,5.233451147308289,0.012207031654076588,25.952941487728317,4.73481576617038,4.467732535065841
184,520,20070122160000,winter_2,39.499794,-75.006409,720,1220,2102,2602,-11.627564430236816,22.317615509033203,0.8584573299843513,3.8988881488260665,-18.781221389770508,22.223674774169922,-0.6089138228496923,4.932031643406294,0.01831054666480948,26.65792023714449,4.696793665457704,4.309770205451216
185,521,20070122170000,winter_2,39.499794,-75.006409,720,1220,2102,2602,-13.386481285095215,22.44475746154785,1.1633119443708753,4.035833571804777,-19.996015548706055,21.292131423950195,-1.010520733945069,4.505577613883763,0.02136230446153322,27.283546215658426,4.717590714634804,4.0874156794822465
186,522,20070122180000,winter_2,39.499794,-75.006409,720,1220,2102,2602,-15.954325675964355,20.11187171936035,1.4367585114129378,4.115431874356231,-18.00383758544922,20.482181549072266,-1.399910261102018,4.070368381297753,0.01831054661545575,26.123847440052987,4.782594745221847,3.8282488861316666
187,523,20070122190000,winter_2,39.499794,-75.006409,720,1220,2102,2602,-16.51128578186035,22.01003074645996,1.7037599754855872,4.148423703626877,-17.900211334228516,21.05000877380371,-1.7514001296517892,3.648404729551313,0.015258789574193684,28.717918449118297,4.858253839307705,3.5899646790029314
188,524,20070122200000,winter_2,39.499794,-75.006409,720,1220,2102,2602,-15.24830150604248,20.554004669189453,1.9512002253680594,4.055789420323947,-17.786649703979492,15.42155933380127,-2.0393799341995,3.281666097307257,0.01525878920131447,21.842094483485198,4.895640528656804,3.349286020317219
189,525,20070122210000,winter_2,39.499794,-75.006409,720,1220,2102,2602,-12.412100791931152,21.48236083984375,2.16412591783964,3.8411489765249036,-16.93081283569336,8.277865409851074,-2.205129336399057,3.1301390979003387,0.024414062824715185,21.845145633447345,4.925679775932448,3.1362256544365152
190,526,20070122220000,winter_2,39.499794,-75.006409,720,1220,2102,2602,-8.54229736328125,21.78839683532715,2.5957120354764083,3.803300575981251,-17.03898048400879,7.821229934692383,-2.3556650262817627,3.045373200827745,0.015258788323583428,22.269355248425164,5.1857479148684655,3.022298869102896
191,527,20070122230000,winter_2,39.499794,-75.006409,720,1220,2102,2602,-8.639333724975586,24.390478134155273,3.0463104696506784,3.7169773696240793,-17.323627471923828,8.054335594177246,-2.558852465390369,2.9016472573266214,0.01220703122540784,25.64470613904752,5.390007499920273,3.0018377937839276
192,528,20070123000000,winter_2,39.499794,-75.006409,720,1220,2102,2602,-10.244891166687012,23.817392349243164,3.4544415037513505,3.621571432297223,-18.33950424194336,7.462277412414551,-2.7911447502079154,2.7592996577064235,0.03051757793111575,25.211341569185397,5.581885594984926,3.0488887425098046
193,529,20070123010000,winter_2,39.499794,-75.006409,720,1220,2102,2602,-9.109657287597656,24.78715705871582,3.7814238193424092,3.4952127174514067,-19.061603546142578,8.579852104187012,-3.075783731159307,2.6733288400317488,0.018310547094686866,27.161476725805738,5.805216698849342,3.0695715937138024
194,530,20070123020000,winter_2,39.499794,-75.006409,720,1220,2102,2602,-9.159157752990723,24.353586196899414,4.07572260357892,3.371329605704696,-20.290321350097656,8.808793067932129,-3.3483634208585142,2.6331346280025545,0.021362304375946335,27.982422197626548,6.052361557180907,3.080784510496198
195,531,20070123030000,winter_2,39.499794,-75.006409,720,1220,2102,2602,-8.320436477661133,23.696107864379883,4.35295245913218,3.248708545680954,-19.733816146850586,7.684345722198486,-3.5664170522365004,2.589672704197224,0.024414062521085002,27.60704075450843,6.288792863784112,3.062535215799294
196,532,20070123040000,winter_2,39.499794,-75.006409,720,1220,2102,2602,-8.446674346923828,23.968271255493164,4.619829613555985,3.1357445374230597,-20.755918502807617,6.973213195800781,-3.734117350904332,2.569421493802916,0.018310547701982354,27.872550311280822,6.5301554867979466,3.0130297017539136
197,533,20070123050000,winter_2,39.499794,-75.006409,720,1220,2102,2602,-8.348179817199707,23.57341194152832,4.870451498712307,3.022529546245954,-21.89150047302246,6.765531063079834,-3.9007336408064077,2.5917229747818724,0.018310547196366635,27.005829392313824,6.783872504335055,2.9612172191003783
198,534,20070123060000,winter_2,39.499794,-75.006409,720,1220,2102,2602,-8.18299388885498,23.18412208557129,5.111195004151943,2.9074603625606543,-20.79530906677246,5.672513008117676,-4.028294722044415,2.6712867112747625,0.04577636760889951,26.392409725488797,7.042034622964451,2.8896919491155213
199,535,20070123070000,winter_2,39.499794,-75.006409,720,1220,2102,2602,-8.831826210021973,22.15129280090332,5.369124443520028,2.8563134165860617,-19.81436538696289,5.983127593994141,-4.134076889329164,2.786531923373583,0.033569333871402686,25.617233871936552,7.336777163544147,2.830737777176911
200,536,20070123080000,winter_2,39.499794,-75.006409,720,1220,2102,2602,-8.570221900939941,22.1323299407959,5.618393439823971,2.857617487039612,-19.929990768432617,6.790063858032227,-4.234220510690498,2.953112664064576,0.04272460940275389,24.948882983540734,7.645291812266031,2.8162623088058223
201,537,20070123090000,winter_2,39.499794,-75.006409,720,1220,2102,2602,-9.7034912109375,22.35193634033203,5.788537858125397,2.882989526346069,-19.351703643798828,6.944284915924072,-4.349408280434225,3.163839617448122,0.03967285214092526,24.60707062314725,7.924642042045795,2.8188794164093713
202,538,20070123100000,winter_2,39.499794,-75.006409,720,1220,2102,2602,-10.753374099731445,22.00389862060547,5.859823975114671,2.920091223104704,-18.71002769470215,7.088598251342773,-4.459889498907631,3.450025847164705,0.04577636931448794,24.27747475275833,8.154754302367763,2.8561765924339113
203,539,20070123110000,winter_2,39.499794,-75.006409,720,1220,2102,2602,-11.687374114990234,21.450666427612305,5.883750157194883,2.951699005824398,-18.167009353637695,7.61140775680542,-4.495804558821722,3.7988307035994895,0.0305175771834095,23.68236507620403,8.340315715971869,2.9006120107523072
204,540,20070123120000,winter_2,39.499794,-75.006409,720,1220,2102,2602,-11.916089057922363,20.419031143188477,5.87140386336031,2.9687201634441394,-17.61353302001953,7.850162982940674,-4.447888413704527,4.171675067894726,0.03051757708749049,23.224587026851662,8.473154612281242,2.946000316490265
205,541,20070123130000,winter_2,39.499794,-75.006409,720,1220,2102,2602,-12.51228141784668,19.783607482910156,5.755431867148646,2.9750725568520995,-16.0284366607666,8.868485450744629,-4.233527157370658,4.447389336026783,0.01831054682655259,22.785118010587396,8.407929802691017,2.997464466402312
206,542,20070123140000,winter_2,39.499794,-75.006409,720,1220,2102,2602,-12.54259204864502,19.433738708496094,5.352361114714634,2.9962750916655843,-14.819911003112793,8.947124481201172,-3.8996616664696173,4.403802529169712,0.048828126282138146,22.449416437160046,7.833028250844739,3.296959232014744
207,543,20070123150000,winter_2,39.499794,-75.006409,720,1220,2102,2602,-12.120019912719727,18.8857479095459,5.388313341376806,2.937895351014857,-13.231348037719727,9.394125938415527,-3.8208581241014183,4.36039943242531,0.03356933481696797,21.457566025184377,7.778280069320681,3.282613126213539
208,544,20070123160000,winter_2,39.499794,-75.006409,720,1220,2102,2602,-11.39881706237793,18.387332916259766,5.641691891116635,2.8459382398546667,-16.281465530395508,9.698156356811523,-3.6444592051178857,4.399745957490751,0.009155273120085787,19.208351879423272,7.912968293591301,3.1548109344621182
209,545,20070123170000,winter_2,39.499794,-75.006409,720,1220,2102,2602,-12.794968605041504,18.14212989807129,5.8509729099337635,2.752482010586824,-16.499217987060547,9.956787109375,-3.3759969401423335,4.467777402145364,0.024414062176739023,18.283638347519762,7.979606120977896,3.0812850599070067
210,546,20070123180000,winter_2,39.499794,-75.006409,720,1220,2102,2602,-11.887085914611816,17.296756744384766,6.010929345737344,2.6796669501344383,-15.45090389251709,10.163650512695312,-3.043582922077986,4.547458342900729,0.0396728499685611,17.334510691735122,8.001137267341482,3.039155043137922
211,547,20070123190000,winter_2,39.499794,-75.006409,720,1220,2102,2602,-10.896958351135254,17.21164894104004,6.159662537056778,2.665554032691994,-16.885129928588867,10.08554744720459,-2.698958940708461,4.620097880763136,0.0518798817395414,17.410812407630278,8.03621118769918,3.0158936336983055
212,548,20070123200000,winter_2,39.499794,-75.006409,720,1220,2102,2602,-10.293306350708008,17.58680534362793,6.249895521237828,2.680901885666589,-15.849059104919434,9.753728866577148,-2.3839371604458424,4.655600278985646,0.06408691104573942,17.59696852596775,8.040459820423774,2.9928590287141916
213,549,20070123210000,winter_2,39.499794,-75.006409,720,1220,2102,2602,-10.746635437011719,16.368600845336914,6.186691080048128,2.741111805665626,-15.047544479370117,11.451397895812988,-2.0915711370638608,4.690009022069667,0.033569336254402934,17.471846678519174,7.9493623710514285,2.9945505160727603
214,550,20070123220000,winter_2,39.499794,-75.006409,720,1220,2102,2602,-11.9775972366333,18.557804107666016,6.488369511306351,2.8712583310756714,-15.17744255065918,11.958273887634277,-1.7901153213474275,4.842451158773972,0.04577636729546499,18.558303241632316,8.282075666554853,2.8989881098954906
215,551,20070123230000,winter_2,39.499794,-75.006409,720,1220,2102,2602,-10.66580581665039,19.531719207763672,6.838164395424618,2.951268018425321,-13.853728294372559,10.564657211303711,-1.664232864078483,4.790293564938562,0.054931641213409536,19.531845446555547,8.554705784750418,2.8291460930749928
216,552,20070124000000,winter_2,39.499794,-75.006409,720,1220,2102,2602,-10.913420677185059,20.73468780517578,7.068969163634249,2.9760028455678564,-12.898689270019531,10.249095916748047,-1.6887451845704846,4.559729277642689,0.09765624956923524,20.761740299497365,8.647477312351747,2.773273424926511
217,553,20070124010000,winter_2,39.499794,-75.006409,720,1220,2102,2602,-10.951828002929688,22.099817276000977,7.212668213922965,2.9720371756373987,-12.180682182312012,9.497851371765137,-1.813538724818886,4.28876713520949,0.09155273496879218,22.153389183453612,8.67428371770158,2.7008954013055417
218,554,20070124020000,winter_2,39.499794,-75.006409,720,1220,2102,2602,-10.241083145141602,22.619014739990234,7.271835565126386,2.9378540776253645,-13.283974647521973,10.826493263244629,-2.0248473593147667,4.020332468773385,0.07934570031608908,22.711875838547638,8.651929798908155,2.6301653579992936
219,555,20070124030000,winter_2,39.499794,-75.006409,720,1220,2102,2602,-10.9734525680542,22.757492065429688,7.242584542848863,2.850475092638941,-13.730095863342285,11.835009574890137,-2.2727521881359705,3.8073072820638005,0.03662109187658828,22.96212640055399,8.585931422864135,2.5540187870639035
220,556,20070124040000,winter_2,39.499794,-75.006409,720,1220,2102,2602,-10.964957237243652,22.54631233215332,7.149849330357319,2.7528267003607185,-15.273070335388184,11.486961364746094,-2.5203315257648637,3.653374665979324,0.10375976674818027,22.800375846591084,8.503951805057236,2.465851057156025
221,557,20070124050000,winter_2,39.499794,-75.006409,720,1220,2102,2602,-11.421648979187012,21.986526489257812,6.9321578065610705,2.6710516410754748,-15.377657890319824,10.869919776916504,-2.760803251500133,3.5515770434227236,0.11596679903011996,22.27851151024757,8.346593319404382,2.39988390837822
222,558,20070124060000,winter_2,39.499794,-75.006409,720,1220,2102,2602,-10.787142753601074,21.219205856323242,6.656763352256288,2.6008180974053374,-15.282768249511719,10.471014976501465,-2.957328810896569,3.464550077172574,0.033569336078649877,21.561326325892136,8.145514286881662,2.3401391067489183
223,559,20070124070000,winter_2,39.499794,-75.006409,720,1220,2102,2602,-9.239870071411133,20.17841148376465,6.340091122252305,2.5321238881903962,-14.362820625305176,9.45202350616455,-3.1235283613387397,3.3857632389072374,0.11901855469533028,20.969268706825602,7.915421056832399,2.2747172243345575
224,560,20070124080000,winter_2,39.499794,-75.006409,720,1220,2102,2602,-6.756089210510254,18.829965591430664,5.976491766232217,2.4806962494192706,-14.887289047241211,8.685073852539062,-3.242794616635981,3.3163071462896876,0.06713867201917031,20.310065271966533,7.649240615823576,2.2079483076319084
225,561,20070124090000,winter_2,39.499794,-75.006409,720,1220,2102,2602,-7.7453508377075195,17.879392623901367,5.5852634284266385,2.4886656652482086,-14.132780075073242,8.951936721801758,-3.3473235813214544,3.2315578012178516,0.07629394943431905,19.171730596499025,7.37357976902157,2.1602052515591734
226,562,20070124100000,winter_2,39.499794,-75.006409,720,1220,2102,2602,-5.2463698387146,17.02702522277832,5.183913866805004,2.523424436896093,-13.504820823669434,9.096844673156738,-3.3558116916486127,3.160202178018108,0.04272460666879295,18.01812730480344,7.07263004112821,2.113501380237131
227,563,20070124110000,winter_2,39.499794,-75.006409,720,1220,2102,2602,-4.614650249481201,15.936314582824707,4.886722283586109,2.5814278424557444,-12.747732162475586,8.913745880126953,-3.2671802198061486,3.071860527828706,0.05798339771819862,17.175819194718336,6.817111745289073,2.044897436564762
228,564,20070124120000,winter_2,39.499794,-75.006409,720,1220,2102,2602,-5.829554080963135,15.386741638183594,4.654983450786635,2.6467687410553666,-12.503424644470215,9.349359512329102,-3.165668228457276,2.980605563409321,0.05187988200643239,16.873687475535142,6.60439090643299,1.9904123462340457
229,565,20070124130000,winter_2,39.499794,-75.006409,720,1220,2102,2602,-6.319055557250977,15.1610107421875,4.431363827880449,2.6522749064484112,-11.789342880249023,9.184525489807129,-3.011147680041994,2.8551799457099074,0.02136230596243086,17.273475786707618,6.335354522646193,1.9374967097303533
230,566,20070124140000,winter_2,39.499794,-75.006409,720,1220,2102,2602,-5.245998382568359,14.871720314025879,3.9143442418289243,2.5033519307226535,-11.018211364746094,10.231172561645508,-2.6062705928643672,2.4269290820901364,0.0549316419656566,16.226692251101127,5.482509721740609,2.0527006738285642
231,567,20070124150000,winter_2,39.499794,-75.006409,720,1220,2102,2602,-4.574096202850342,15.009040832519531,3.8518901446157807,2.43370244026064,-10.964698791503906,6.390637397766113,-2.4403984769512665,2.15731555619908,0.009155273282461398,15.723136581622757,5.2122700586524005,2.049819803036134
232,568,20070124160000,winter_2,39.499794,-75.006409,720,1220,2102,2602,-4.004427909851074,14.808391571044922,4.030391447305349,2.3917636189263116,-10.217752456665039,4.706414699554443,-2.3838478746714253,1.968845523649512,0.03662109288327674,15.460677598421345,5.235965942874908,2.0269021826313796
233,569,20070124170000,winter_2,39.499794,-75.006409,720,1220,2102,2602,-4.560036659240723,14.671785354614258,4.232601204385232,2.355642507324276,-9.849040031433105,4.4716997146606445,-2.342618894177059,1.8995797810565767,0.030517577515270483,15.387436177585444,5.3235918605753465,2.0541667185616976
234,570,20070124180000,winter_2,39.499794,-75.006409,720,1220,2102,2602,-4.287026405334473,15.303914070129395,4.463610392085163,2.3398826270069164,-11.124893188476562,5.569622993469238,-2.3122353834846345,1.9115625961710805,0.07629394302804175,15.906250217928545,5.480799462810106,2.0881115192150435
235,571,20070124190000,winter_2,39.499794,-75.006409,720,1220,2102,2602,-3.6559016704559326,16.661466598510742,4.6811443355441,2.3486080861926,-9.832199096679688,5.233593940734863,-2.34093740514878,1.9492466008541602,0.0640869148083923,16.696678941836876,5.677526837562226,2.115256837183785
236,572,20070124200000,winter_2,39.499794,-75.006409,720,1220,2102,2602,-3.7327332496643066,18.595346450805664,4.81361478733445,2.3853804113831476,-10.378413200378418,5.578762054443359,-2.4306915416034527,2.0006290659399437,0.06408691260915886,18.802452363766236,5.84232397996995,2.1538234771748805
237,573,20070124210000,winter_2,39.499794,-75.006409,720,1220,2102,2602,-5.282196044921875,20.011960983276367,4.837449748285378,2.478363770683022,-9.843498229980469,5.862469673156738,-2.653725182476202,2.127404636681961,0.07934569981811045,20.126961066204917,6.018846606035623,2.210158458644571
238,574,20070124220000,winter_2,39.499794,-75.006409,720,1220,2102,2602,-6.228602409362793,19.976882934570312,4.94012830080501,2.647268342684517,-11.918376922607422,7.9229912757873535,-3.0682145431807992,2.4427165135969795,0.10681151926127824,20.395521948524305,6.473519724845151,2.210711226601186
239,575,20070124230000,winter_2,39.499794,-75.006409,720,1220,2102,2602,-6.35865592956543,21.55217742919922,4.910477805477755,2.825846903903259,-12.049105644226074,7.932482719421387,-3.4486164278743137,2.567783830875558,0.05493163961743346,22.156441110409844,6.746760699195855,2.2507536824108665
240,576,20070125000000,winter_2,39.499794,-75.006409,720,1220,2102,2602,-7.146335601806641,22.44425392150879,4.720360350795965,2.9928625717732666,-13.16972827911377,8.87895393371582,-3.731411137435495,2.6139155327173182,0.1434402480922284,23.911254368414625,6.83390199833237,2.300607567760145
241,577,20070125010000,winter_2,39.499794,-75.006409,720,1220,2102,2602,-8.755595207214355,22.52633285522461,4.458847487347072,3.180271566894409,-14.0086669921875,7.385464668273926,-3.973851002512209,2.639712637038106,0.13428497604027642,23.828849842378,6.872071795246827,2.3515212080475365
242,578,20070125020000,winter_2,39.499794,-75.006409,720,1220,2102,2602,-7.79926061630249,22.28818130493164,4.213529852026354,3.322724370948558,-14.964938163757324,7.515130996704102,-4.127610869266736,2.5930268853936753,0.09765624820953034,24.024169326969115,6.848669939878945,2.37718552710439
243,579,20070125030000,winter_2,39.499794,-75.006409,720,1220,2102,2602,-8.108628273010254,22.543235778808594,4.0116045015853246,3.431894122700968,-14.653324127197266,7.108729839324951,-4.166310380223435,2.5242228881882336,0.03051757641284264,24.533828641320408,6.777437938835276,2.38055588159913
244,580,20070125040000,winter_2,39.499794,-75.006409,720,1220,2102,2602,-8.241355895996094,22.494041442871094,3.943483900981419,3.5078348643203165,-14.740080833435059,6.8372063636779785,-4.099062743191351,2.454239237778356,0.07324218713510584,24.179817806507295,6.712570840210498,2.371280041805856
245,581,20070125050000,winter_2,39.499794,-75.006409,720,1220,2102,2602,-8.225542068481445,21.907249450683594,3.9575884643127224,3.5506593036847196,-15.36795425415039,6.748675346374512,-4.0438690080062445,2.3942374683642256,0.061035155251000554,23.74645321644194,6.6767710714050255,2.403261453230903
246,582,20070125060000,winter_2,39.499794,-75.006409,720,1220,2102,2602,-7.357116222381592,21.592182159423828,4.0488728073566636,3.5650677501865733,-15.730636596679688,7.691592216491699,-3.9897154516292543,2.3599268869657477,0.07019043097535407,24.06384186688818,6.677522036697095,2.4496658588040816
247,583,20070125070000,winter_2,39.499794,-75.006409,720,1220,2102,2602,-7.859450340270996,20.78003692626953,4.18550250532444,3.5260677990858724,-15.371481895446777,8.667896270751953,-3.9769932710194347,2.33036965330031,0.051879882532249504,24.118774474413424,6.709431988931513,2.48640421703448
248,584,20070125080000,winter_2,39.499794,-75.006409,720,1220,2102,2602,-6.622810363769531,20.692466735839844,4.335631494278063,3.4576505972583442,-15.82562255859375,7.651095390319824,-4.019337446316148,2.2995489828022615,0.04882812411842294,24.692528318299015,6.776048139914101,2.5062359713581643
249,585,20070125090000,winter_2,39.499794,-75.006409,720,1220,2102,2602,-5.915650844573975,21.559967041015625,4.4529586361870725,3.3675301212945454,-16.527414321899414,8.089760780334473,-4.112925037515764,2.267539978475637,0.027465821022588294,25.38530007226634,6.857906898587743,2.4891971842204677
250,586,20070125100000,winter_2,39.499794,-75.006409,720,1220,2102,2602,-5.870731353759766,21.968870162963867,4.511142211222547,3.285534466902339,-17.424026489257812,6.944542407989502,-4.236299431218491,2.2343317676617795,0.03356933431383302,25.36392925383767,6.934504471975464,2.4487261647955076
251,587,20070125110000,winter_2,39.499794,-75.006409,720,1220,2102,2602,-6.549726963043213,22.515697479248047,4.5714882409627435,3.2461140248723965,-19.126142501831055,6.9793267250061035,-4.360422378788248,2.188059989111346,0.04882812544675202,27.66197866362379,7.033696164139045,2.4007851023565
252,588,20070125120000,winter_2,39.499794,-75.006409,720,1220,2102,2602,-6.969074249267578,22.730958938598633,4.599453953807149,3.2306493536186935,-19.39158058166504,7.307249546051025,-4.507781942988154,2.141206908026427,0.1007080074865752,27.683342249325886,7.143141617668293,2.3393299933259595
253,589,20070125130000,winter_2,39.499794,-75.006409,720,1220,2102,2602,-7.238115310668945,22.244022369384766,4.5156291625602565,3.1833362270891263,-18.622060775756836,7.343769073486328,-4.515826231171808,2.0204184444508906,0.033569337106803,27.22251083953328,7.057541220113427,2.2782505208337556
254,590,20070125140000,winter_2,39.499794,-75.006409,720,1220,2102,2602,-7.375273704528809,22.021228790283203,4.238592200608751,3.122842516904894,-18.46725082397461,6.278934001922607,-4.175366577964731,1.836465712028677,0.06713866929422853,26.944793268219914,6.510103490529171,2.4784378432577276
255,591,20070125150000,winter_2,39.499794,-75.006409,720,1220,2102,2602,-7.082817077636719,21.222049713134766,4.520437334164484,3.115550877053377,-16.608352661132812,4.7651190757751465,-4.3152283037066885,1.6953763896713492,0.033569335950469445,25.385299177730587,6.743361575565001,2.4826562461557242
256,592,20070125160000,winter_2,39.499794,-75.006409,720,1220,2102,2602,-6.9363861083984375,20.430564880371094,5.013788170072771,3.0951887225196724,-15.574540138244629,5.279237747192383,-4.587507590073276,1.5988534397667638,0.11901855821084541,23.66710563805504,7.242894024920721,2.4208075918949583
257,593,20070125170000,winter_2,39.499794,-75.006409,720,1220,2102,2602,-7.460445880889893,20.6339054107666,5.5403797505543615,3.10683186449766,-14.659528732299805,7.70745849609375,-4.872056610446878,1.5955777534071676,0.08239746440279642,22.824791896078114,7.8000271499135785,2.406364988481353
258,594,20070125180000,winter_2,39.499794,-75.006409,720,1220,2102,2602,-10.489522933959961,21.705018997192383,6.086957432118171,3.1480757872707197,-14.741255760192871,7.512405872344971,-5.1598977822176595,1.6595223109324244,0.07629394349538632,22.815635219813352,8.392538134226708,2.4300812809012218
259,595,20070125190000,winter_2,39.499794,-75.006409,720,1220,2102,2602,-10.38380241394043,21.61618995666504,6.644748963207504,3.1845986281917225,-14.701347351074219,9.5548734664917,-5.545071481703643,1.7222964095352886,0.15564728103343045,22.861412176576106,9.052771943815763,2.4608535103681306
260,596,20070125200000,winter_2,39.499794,-75.006409,720,1220,2102,2602,-8.662306785583496,23.346860885620117,7.167864808830969,3.2327040727371346,-16.768165588378906,7.201214790344238,-6.0245254241633015,1.7647255288200747,0.06713867205556157,25.25406723009083,9.73886903303359,2.5282907814267297
261,597,20070125210000,winter_2,39.499794,-75.006409,720,1220,2102,2602,-9.253050804138184,22.217235565185547,7.463761271294741,3.269460971963812,-18.68862533569336,5.9323835372924805,-6.466947532771289,1.841426684029777,0.018310546359057978,24.353766473257828,10.226751783191887,2.650078857568015
262,598,20070125220000,winter_2,39.499794,-75.006409,720,1220,2102,2602,-7.444617748260498,22.220752716064453,7.717563707475073,3.433488375791159,-20.012012481689453,5.079557418823242,-7.032274426861478,2.0376141217018526,0.15564727173432846,25.251013542389813,10.803970525586811,2.86855500409694
263,599,20070125230000,winter_2,39.499794,-75.006409,720,1220,2102,2602,-8.599191665649414,22.52046012878418,8.048808631084079,3.5891446478767484,-19.29728889465332,6.387028694152832,-7.777290211446897,2.2595780185381464,0.1007080077475559,26.55415221737717,11.55341135914991,3.1266438083654755
264,600,20070126000000,winter_2,39.499794,-75.006409,720,1220,2102,2602,-7.783061504364014,22.044191360473633,8.162346461994293,3.6784994816854613,-20.705608367919922,8.245526313781738,-8.416804032716575,2.4177552143936225,0.2929763793232242,27.0149835259438,12.065821571090755,3.355493766776142
265,601,20070126010000,winter_2,39.499794,-75.006409,720,1220,2102,2602,-4.928630352020264,22.80923843383789,8.131872819068507,3.7391845537948165,-21.84951400756836,8.993640899658203,-8.881300331121638,2.5938629684964982,0.17395782587007327,28.153328389024864,12.363253902136927,3.5867018687169643
266,602,20070126020000,winter_2,39.499794,-75.006409,720,1220,2102,2602,-6.634400844573975,23.589963912963867,8.010546508692974,3.838306360208186,-22.44221305847168,7.835404396057129,-9.15898463822245,2.7419588449651897,0.213630675835935,28.37306283347991,12.474025663468302,3.834771536944496
267,603,20070126030000,winter_2,39.499794,-75.006409,720,1220,2102,2602,-6.581042289733887,25.072134017944336,7.930228405805814,3.927970780264583,-23.09193229675293,9.102725982666016,-9.240429591421679,2.988681075821792,0.34485624362775874,28.29981251909782,12.467128558207262,4.148003874032838
268,604,20070126040000,winter_2,39.499794,-75.006409,720,1220,2102,2602,-6.921237468719482,27.43706512451172,7.936813480831898,3.9938289730201677,-24.00354766845703,10.340028762817383,-9.185519055041304,3.3754783080374136,0.1525955213330786,30.08209363587307,12.424365754808953,4.510701475883643
269,605,20070126050000,winter_2,39.499794,-75.006409,720,1220,2102,2602,-7.3017897605896,25.37955093383789,7.981944459929578,4.024774641078641,-24.69251251220703,9.982240676879883,-9.023043941991224,3.8275447139396603,0.11291504299775003,29.023101029278354,12.35224353035847,4.837121928988301
270,606,20070126060000,winter_2,39.499794,-75.006409,720,1220,2102,2602,-7.8211989402771,25.30854034423828,8.1215141629457,4.125451558305438,-24.350040435791016,9.182459831237793,-8.76488323251292,4.286196869461089,0.12512970004920865,29.419844414169063,12.302931749779809,5.177921871028615
271,607,20070126070000,winter_2,39.499794,-75.006409,720,1220,2102,2602,-7.779786586761475,25.670005798339844,8.302127722374317,4.220075948550879,-22.234107971191406,8.281609535217285,-8.439396682239586,4.755750899974219,0.07629394633330093,30.99154647091286,12.259764293466873,5.502102160228452
272,608,20070126080000,winter_2,39.499794,-75.006409,720,1220,2102,2602,-6.898801326751709,27.77344512939453,8.50013237552411,4.313900324827568,-22.534048080444336,8.782605171203613,-8.107684406469515,5.1839045322690325,0.04577636831732357,32.37403819679098,12.248158189683203,5.783772126308679
273,609,20070126090000,winter_2,39.499794,-75.006409,720,1220,2102,2602,-6.157928466796875,25.386838912963867,8.682019921604866,4.372034825331506,-23.006900787353516,8.629992485046387,-7.819913159263252,5.50562665295904,0.04577636811764056,28.034302445721067,12.25009868995321,5.990843611683872
274,610,20070126100000,winter_2,39.499794,-75.006409,720,1220,2102,2602,-8.464704513549805,28.21044921875,8.74191500987332,4.350133781452909,-23.583688735961914,7.9437255859375,-7.561482750960173,5.790920625568645,0.0335693358508825,30.86641652818529,12.18650766390552,6.127361259030092
275,611,20070126110000,winter_2,39.499794,-75.006409,720,1220,2102,2602,-8.753393173217773,25.968795776367188,8.72296493491135,4.302109466449227,-22.544965744018555,8.950197219848633,-7.247307531612713,5.994672036616249,0.0671386733098488,30.671103677522463,12.033442699789182,6.184988212782192
276,612,20070126120000,winter_2,39.499794,-75.006409,720,1220,2102,2602,-8.236780166625977,25.911582946777344,8.64029347591979,4.23127408472407,-22.354555130004883,8.470057487487793,-6.940239700784685,6.153037668117012,0.07019042821517764,29.02004932249781,11.838192949091441,6.200188632596269
277,613,20070126130000,winter_2,39.499794,-75.006409,720,1220,2102,2602,-7.5331034660339355,25.721296310424805,8.529394500886898,4.153721853447499,-21.30599594116211,8.873270034790039,-6.688073997177114,6.176191412381782,0.04272460920311477,29.160438947511977,11.601396199633367,6.187669687434403
278,614,20070126140000,winter_2,39.499794,-75.006409,720,1220,2102,2602,-5.642362594604492,25.671123504638672,8.226594170616698,4.235461146289442,-22.947235107421875,8.696727752685547,-6.480478840953335,5.975522093780437,0.030517578092369605,27.99157927178066,11.110448822203216,6.314853920737781
279,615,20070126150000,winter_2,39.499794,-75.006409,720,1220,2102,2602,-3.5130574703216553,24.8548583984375,8.354114939384138,4.113374619605019,-22.109529495239258,8.526018142700195,-6.215890550369422,5.740005250276269,0.03356933553679947,28.446304777045324,11.009983513226983,6.089031600139137
280,616,20070126160000,winter_2,39.499794,-75.006409,720,1220,2102,2602,-2.919496536254883,24.621397018432617,8.656555551299874,3.9808525930841294,-20.53284454345703,7.604179859161377,-5.923715966560209,5.468716184096071,0.021362304224765413,27.628409359344367,11.07103209812878,5.763042357772687
281,617,20070126170000,winter_2,39.499794,-75.006409,720,1220,2102,2602,-3.027965545654297,23.578039169311523,8.896608104551992,4.00325854129133,-19.182613372802734,7.682552337646484,-5.623257371588236,5.247905553056894,0.10986327998580564,27.10043282200523,11.107972247206103,5.563290701610696
282,618,20070126180000,winter_2,39.499794,-75.006409,720,1220,2102,2602,-3.4658327102661133,23.687358856201172,9.044790976745933,4.1801440274194,-18.6197452545166,8.257906913757324,-5.291726949151832,5.167051161110632,0.10375976329839537,27.50938421010202,11.122402184020777,5.502254934642623
283,619,20070126190000,winter_2,39.499794,-75.006409,720,1220,2102,2602,-4.036285400390625,23.150060653686523,9.10583028810064,4.468169004133322,-17.97600555419922,8.486842155456543,-4.964389199338118,5.24107915843883,0.07019042899526093,26.58161853779809,11.132493199126765,5.573360344003601
284,620,20070126200000,winter_2,39.499794,-75.006409,720,1220,2102,2602,-4.37228536605835,24.34299659729004,9.001628343801508,4.855631820488317,-18.635225296020508,9.604710578918457,-4.631471393592934,5.471787379956927,0.13733673468410199,27.46360737390685,11.074590786409328,5.775023509109948
285,621,20070126210000,winter_2,39.499794,-75.006409,720,1220,2102,2602,-5.789845943450928,25.581594467163086,8.578651263733844,5.310529192165572,-18.588590621948242,11.21391487121582,-4.273512472667374,5.765371084681928,0.015258788966962242,26.834923279270964,10.78713831268686,6.077420293734699
286,622,20070126220000,winter_2,39.499794,-75.006409,720,1220,2102,2602,-6.449874401092529,25.73251724243164,8.117251866988866,5.705388192892181,-18.28860855102539,11.813366889953613,-3.744754578567275,6.380922268697064,0.018310546948034793,26.599929932314467,10.70778661839284,6.206761948999625
287,623,20070126230000,winter_2,39.499794,-75.006409,720,1220,2102,2602,-6.739589691162109,26.642452239990234,7.8556875855121495,5.912040107753969,-17.83568000793457,13.0800199508667,-3.3047683056752883,6.9730023751698695,0.015258789440543348,26.841027464720526,10.8478391409896,6.207470283972034
288,624,20070127000000,winter_2,39.499794,-75.006409,720,1220,2102,2602,-7.283568859100342,28.365068435668945,7.493766740028591,5.9809851204265145,-18.90984535217285,14.403453826904297,-2.921249154216552,7.327408809299452,0.057983400798348225,28.513443407477517,10.802457220621422,6.120478530390928
289,625,20070127010000,winter_2,39.499794,-75.006409,720,1220,2102,2602,-8.16942310333252,30.329221725463867,7.088234305245274,6.0080148186246305,-18.732864379882812,15.732562065124512,-2.5142864793157895,7.498194995069077,0.042724609825046604,30.45747247852029,10.65123495552487,5.9527360291905556
290,626,20070127020000,winter_2,39.499794,-75.006409,720,1220,2102,2602,-9.467134475708008,32.009090423583984,6.686893311513007,6.002123608894573,-17.877023696899414,16.546836853027344,-2.088455010770444,7.521747726095866,0.04272460944796409,32.10241597831388,10.442479482422375,5.712528811501543
291,627,20070127030000,winter_2,39.499794,-75.006409,720,1220,2102,2602,-10.835491180419922,33.455909729003906,6.299867760523737,6.01487624388196,-17.28904151916504,17.051416397094727,-1.6049606310799556,7.44255782764336,0.009155273393829391,33.64971149531829,10.209605151452187,5.440459385555126
292,628,20070127040000,winter_2,39.499794,-75.006409,720,1220,2102,2602,-10.996315956115723,34.86920928955078,5.963522691749721,6.044412076831632,-17.173004150390625,17.24699592590332,-1.039877513760607,7.260115747594017,0.036621091736018525,35.215308351413725,9.98513406942482,5.1172496301491135
293,629,20070127050000,winter_2,39.499794,-75.006409,720,1220,2102,2602,-11.844344139099121,35.088539123535156,5.688406901110595,6.0955796274430964,-15.57258415222168,17.51317024230957,-0.46147974864750074,7.009054641832634,0.024414062600465625,35.480820605034445,9.793732789549159,4.789224639189416
294,630,20070127060000,winter_2,39.499794,-75.006409,720,1220,2102,2602,-12.493727684020996,35.25886154174805,5.514271198792726,6.166512677710491,-14.303497314453125,17.506196975708008,0.148414545990389,6.705141345548272,0.018310546630185436,35.605941982988206,9.649663369624614,4.505331247795942
295,631,20070127070000,winter_2,39.499794,-75.006409,720,1220,2102,2602,-12.510993957519531,35.61181640625,5.431377063204389,6.245090161682002,-14.084794044494629,17.189359664916992,0.7554574985233189,6.374345396398531,0.05493164124234684,35.78600176248393,9.555092411274018,4.290013077709201
296,632,20070127080000,winter_2,39.499794,-75.006409,720,1220,2102,2602,-12.520529747009277,36.19462966918945,5.469346492548859,6.262376957596847,-12.935869216918945,17.215028762817383,1.3593162282130908,6.004605650981266,0.018310546409545072,36.34449285940386,9.470608141364291,4.164339957232176
297,633,20070127090000,winter_2,39.499794,-75.006409,720,1220,2102,2602,-12.784903526306152,37.11277770996094,5.601583579474596,6.208773521930437,-12.448251724243164,17.451873779296875,1.9285254293040297,5.5811462881415315,0.030517578198136847,37.23563327090851,9.3873527962871,4.083211841628218
298,634,20070127100000,winter_2,39.499794,-75.006409,720,1220,2102,2602,-13.384982109069824,37.12749099731445,5.750082704737799,6.148237661054208,-13.378104209899902,17.390708923339844,2.472497447694346,5.133574047173386,0.051879883441167514,37.311933844588346,9.326625564828284,4.042914684765035
299,635,20070127110000,winter_2,39.499794,-75.006409,720,1220,2102,2602,-13.362725257873535,37.107078552246094,5.948923674788449,6.067467694351089,-14.047582626342773,17.273151397705078,2.981005410531867,4.674228786535283,0.030517578050476914,37.32108566618244,9.31016672036723,4.032302165750289
300,636,20070127120000,winter_2,39.499794,-75.006409,720,1220,2102,2602,-13.571982383728027,37.01719284057617,6.166031388795646,5.980161828176847,-14.953579902648926,16.947866439819336,3.4286838404363094,4.241130638449296,0.027465819253913153,37.253942835326534,9.341255460636717,4.033148517967535
301,637,20070127130000,winter_2,39.499794,-75.006409,720,1220,2102,2602,-13.356806755065918,36.564208984375,6.3417483329772155,5.834750259327812,-14.586397171020508,16.345916748046875,3.7036551343800777,3.795853998894351,0.018310546287679353,36.841944110639254,9.288246551816131,4.014489685571896
302,638,20070127140000,winter_2,39.499794,-75.006409,720,1220,2102,2602,-13.31520938873291,36.500797271728516,6.405815107138351,5.588022186241323,-13.324187278747559,14.811895370483398,3.5162575155766813,3.17994908770139,0.015258789156796853,36.60695253810329,8.839064671075839,4.075234716863378
303,639,20070127150000,winter_2,39.499794,-75.006409,720,1220,2102,2602,-11.15378475189209,35.40583801269531,6.287816108165109,5.325098525966763,-12.22974681854248,14.088969230651855,3.4743239084609767,2.764908089604774,0.024414062032458966,35.48387242494053,8.424749486360353,4.078301751745506
304,640,20070127160000,winter_2,39.499794,-75.006409,720,1220,2102,2602,-9.328757286071777,33.66191101074219,6.44013293942003,5.143184596434207,-10.363874435424805,13.73154354095459,3.60526081170955,2.5456297868382842,0.01831054668115724,33.98236190511729,8.43994516194743,4.021582060061449
305,641,20070127170000,winter_2,39.499794,-75.006409,720,1220,2102,2602,-8.205077171325684,33.26063537597656,6.647074529238137,5.007594801975748,-10.152530670166016,12.901933670043945,3.726677052670756,2.4372566584917856,0.04577636485627323,33.28653797068048,8.561977534452712,3.9724662455222117
306,642,20070127180000,winter_2,39.499794,-75.006409,720,1220,2102,2602,-6.948013782501221,32.19650650024414,6.836800705400612,4.912345275892883,-9.68415641784668,12.997730255126953,3.8417130047601487,2.414877158648184,0.03356933669679723,32.21228816735495,8.694444569275285,3.9837173756501527
307,643,20070127190000,winter_2,39.499794,-75.006409,720,1220,2102,2602,-7.676504611968994,31.08275032043457,6.9422127121801,4.882868444879814,-8.385278701782227,13.030120849609375,3.92709009408074,2.4618295634078797,0.030517576817525056,31.089202552533905,8.779642516076478,4.054286655794874
308,644,20070127200000,winter_2,39.499794,-75.006409,720,1220,2102,2602,-7.100926876068115,30.24580955505371,6.9231812790386735,4.897720102431305,-8.126087188720703,13.14203929901123,3.955064836571392,2.5702621499003837,0.015258789005082377,30.24994653884946,8.763379109585554,4.167741976966044
309,645,20070127210000,winter_2,39.499794,-75.006409,720,1220,2102,2602,-6.4672322273254395,30.374671936035156,7.021396296396835,4.913311564463421,-7.598467826843262,13.034844398498535,4.163321844676085,2.807440857686718,0.04272460850269875,30.387282896815957,9.005093813461057,4.190930068979488
310,646,20070127220000,winter_2,39.499794,-75.006409,720,1220,2102,2602,-6.755232810974121,29.150558471679688,7.586720969969587,4.851463413222793,-7.060008525848389,13.09992504119873,4.419649278507836,3.234676714959142,0.051879882702102455,29.160437319386183,9.698216646982713,4.12747615250733
311,647,20070127230000,winter_2,39.499794,-75.006409,720,1220,2102,2602,-6.491260051727295,28.784652709960938,8.187433615643382,4.777276964660804,-7.252962589263916,12.450358390808105,4.277543108894406,3.495151766998597,0.061035156892981515,28.81862647048105,10.142913401486265,4.182249760643164
312,648,20070128000000,winter_2,39.499794,-75.006409,720,1220,2102,2602,-7.3329010009765625,28.28076934814453,8.546294552249174,4.735601774141232,-9.027771949768066,12.169807434082031,3.8003826252306148,3.547167459686328,0.04272460854294292,28.3730629160376,10.227781229316458,4.228814366640812
313,649,20070128010000,winter_2,39.499794,-75.006409,720,1220,2102,2602,-7.445335865020752,25.16083335876465,8.68082777792178,4.71877086277808,-11.645060539245605,11.329495429992676,3.2319645311845857,3.5281693393342555,0.048828124023959016,25.183875811887074,10.133814827179755,4.221722401061806
314,650,20070128020000,winter_2,39.499794,-75.006409,720,1220,2102,2602,-7.777078151702881,25.778478622436523,8.610866003500641,4.691004158686639,-12.735115051269531,11.279727935791016,2.660937834992595,3.4324520875597724,0.07324218742211845,25.788139195111878,9.876231474284968,4.180299356324848
315,651,20070128030000,winter_2,39.499794,-75.006409,720,1220,2102,2602,-7.993658542633057,25.196149826049805,8.400074045503374,4.656240318244968,-12.876255989074707,11.535558700561523,2.1974179885878855,3.311390184272113,0.033569336009865836,25.238807684145463,9.530209818138035,4.148598493770899
316,652,20070128040000,winter_2,39.499794,-75.006409,720,1220,2102,2602,-8.412169456481934,22.97777557373047,8.119701238037973,4.5825980070685235,-11.969474792480469,12.597794532775879,1.8099748346275173,3.2052454447467733,0.045776367137369864,24.738303791305317,9.144559793860198,4.105652947943134
317,653,20070128050000,winter_2,39.499794,-75.006409,720,1220,2102,2602,-9.06767463684082,21.09831428527832,7.780541255890774,4.51911259111262,-10.237582206726074,16.02165412902832,1.4758580334491656,3.170464558772411,0.02746581962577288,22.171699572446517,8.763302098006118,4.048918329403663
318,654,20070128060000,winter_2,39.499794,-75.006409,720,1220,2102,2602,-8.533576011657715,21.936185836791992,7.447621832359344,4.496664284909795,-10.313180923461914,15.579350471496582,1.166924115820189,3.208949431249222,0.06713866984640428,25.363930521321922,8.446639060474414,4.000052196594963
319,655,20070128070000,winter_2,39.499794,-75.006409,720,1220,2102,2602,-7.901448726654053,23.41581916809082,7.121808364563691,4.499943644121136,-10.933989524841309,15.960617065429688,0.8562410449253959,3.2695659159581876,0.024414061407125816,25.473801464039887,8.19314547662874,3.9070736346329613
320,656,20070128080000,winter_2,39.499794,-75.006409,720,1220,2102,2602,-8.005396842956543,22.89523696899414,6.789028641373344,4.494316838233429,-12.399820327758789,16.37442970275879,0.475840662600487,3.3776619848333698,0.0518798842170268,23.40769990901602,7.990736289556989,3.7513933553475423
321,657,20070128090000,winter_2,39.499794,-75.006409,720,1220,2102,2602,-7.887766361236572,24.20650863647461,6.427623600524565,4.482704244802676,-12.649392127990723,19.37120819091797,0.04561150916717091,3.51663641222639,0.033569334943017566,27.89392209668167,7.81699678604685,3.5598252497686653
322,658,20070128100000,winter_2,39.499794,-75.006409,720,1220,2102,2602,-8.08619499206543,24.087644577026367,6.053750356006854,4.4260649949571,-13.38102912902832,15.044364929199219,-0.37935240446212865,3.6170477594496746,0.03967285111506452,25.028228239706998,7.6369970435142065,3.3378381642470454
323,659,20070128110000,winter_2,39.499794,-75.006409,720,1220,2102,2602,-8.212845802307129,24.68631362915039,5.690890690654166,4.348983986808149,-15.50363826751709,19.02855682373047,-0.8523844444241852,3.7134017893128632,0.03051757742052232,25.64165550926781,7.479987922856683,3.140953889246768
324,660,20070128120000,winter_2,39.499794,-75.006409,720,1220,2102,2602,-8.537482261657715,21.847835540771484,5.239147556571901,4.218663804871598,-17.056514739990234,18.218509674072266,-1.4334533395933868,3.7613490426738005,0.0701904267939465,24.555192040434928,7.260034367487186,2.956387575840914
325,661,20070128130000,winter_2,39.499794,-75.006409,720,1220,2102,2602,-8.902555465698242,22.673215866088867,4.681932236118685,4.062118959135003,-17.9093074798584,20.841732025146484,-1.931644390839483,3.682561034722732,0.08239746480357257,25.92852771310442,6.9187806169139,2.8007642713923038
326,662,20070128140000,winter_2,39.499794,-75.006409,720,1220,2102,2602,-6.770925045013428,22.40797996520996,3.8724717952778125,3.6970141458664605,-17.419734954833984,18.14272689819336,-2.028636675781732,3.1413119198899393,0.048828125626263444,25.952942060737335,5.947302901729579,2.6975446123108284
327,663,20070128150000,winter_2,39.499794,-75.006409,720,1220,2102,2602,-6.662795066833496,20.617368698120117,3.440401247214069,3.438065928270378,-16.128345489501953,19.725282669067383,-2.1938840828878035,2.8620507357592255,0.01831054670792583,24.640648771980807,5.455299091790195,2.6269434084668113
328,664,20070128160000,winter_2,39.499794,-75.006409,720,1220,2102,2602,-6.789159774780273,21.352516174316406,3.3077350094186353,3.3599472188012314,-15.668492317199707,20.16386604309082,-2.4912646363537956,2.667827870167233,0.018310546413183904,24.320198738767083,5.419519775535744,2.486537078233273
329,665,20070128170000,winter_2,39.499794,-75.006409,720,1220,2102,2602,-6.694348335266113,20.573759078979492,3.2862084220288406,3.3417427870838936,-14.51915168762207,21.33181381225586,-2.752097299092491,2.5744770232787455,0.061035153746565984,22.9102484058583,5.517903641145987,2.3918866072894702
330,666,20070128180000,winter_2,39.499794,-75.006409,720,1220,2102,2602,-6.340497970581055,19.638845443725586,3.345379987361799,3.3742741878863995,-13.197846412658691,24.968381881713867,-3.0279806366086546,2.632698439634594,0.03967285170643873,27.268288422904984,5.726410253270657,2.4259610416998276
331,667,20070128190000,winter_2,39.499794,-75.006409,720,1220,2102,2602,-5.6944708824157715,19.07655143737793,3.4175366334693433,3.4880135592886568,-16.58183479309082,28.46625328063965,-3.3695019030514826,2.6061216836016956,0.05493164076333948,30.338445917851285,5.990415046783747,2.4710597124634353
332,668,20070128200000,winter_2,39.499794,-75.006409,720,1220,2102,2602,-5.986797332763672,19.81207275390625,3.517869858034991,3.706378966586065,-12.561178207397461,22.147846221923828,-3.763826185656122,2.3015028991194817,0.042724611500438374,25.290686911764084,6.309282551986295,2.40185557678019
333,669,20070128210000,winter_2,39.499794,-75.006409,720,1220,2102,2602,-6.806963920593262,21.096878051757812,3.6127161129513863,3.976068262144493,-12.954164505004883,5.493017196655273,-4.1780406906403496,2.2532542651550047,0.08544921839967076,23.975341446374053,6.754856030977026,2.4012362097199675
334,670,20070128220000,winter_2,39.499794,-75.006409,720,1220,2102,2602,-7.904632568359375,21.198400497436523,3.7204969489415403,4.287842511458432,-12.578001976013184,4.861147403717041,-4.742421574429244,2.431356717730823,0.030517577323267733,24.27136927029621,7.414733131906004,2.3772844615728217
335,671,20070128230000,winter_2,39.499794,-75.006409,720,1220,2102,2602,-7.5249247550964355,21.418123245239258,3.9637866135922213,4.733727984556613,-14.654022216796875,5.914151191711426,-5.259952019038869,2.667941473307283,0.054931641087419235,23.090300487803663,8.119412228113909,2.6419570336032603
336,672,20070129000000,winter_3,39.499794,-75.006409,720,1220,2102,2602,-7.9541473388671875,23.102924346923828,4.149665357200422,5.033410254239348,-15.924304962158203,9.715514183044434,-5.63868918091568,2.8038894305478146,0.10375976192698759,24.991608031738163,8.62884719733865,2.7846990909118583
337,673,20070129010000,winter_3,39.499794,-75.006409,720,1220,2102,2602,-8.560949325561523,24.206050872802734,4.3499370227730925,5.274321357574621,-17.166561126708984,11.069622039794922,-5.943820040531678,2.8781132030518677,0.06713866826166685,27.38121071640539,9.046441123888165,2.9180221316659565
338,674,20070129020000,winter_3,39.499794,-75.006409,720,1220,2102,2602,-8.093719482421875,25.588037490844727,4.545949061245266,5.4687595528286765,-18.653112411499023,8.15963363647461,-6.190924934221758,2.9531178632426864,0.07934570197810276,29.245888133088574,9.392638962017143,3.0659050700667327
339,675,20070129030000,winter_3,39.499794,-75.006409,720,1220,2102,2602,-7.387715816497803,24.903587341308594,4.787072776244812,5.605411245199087,-19.20663833618164,9.18189811706543,-6.3362198392122,3.149098409771025,0.0732421859821748,29.911193896069477,9.683345480132216,3.2609851196410293
340,676,20070129040000,winter_3,39.499794,-75.006409,720,1220,2102,2602,-7.671197414398193,26.586755752563477,5.057987231592644,5.713703507469711,-21.363059997558594,12.728897094726562,-6.4814552360644315,3.347319647874546,0.02136230538383788,31.470688577156157,9.96384520916017,3.4878707052119697
341,677,20070129050000,winter_3,39.499794,-75.006409,720,1220,2102,2602,-8.191614151000977,23.891170501708984,5.407184927713671,5.826188930788674,-22.013404846191406,14.195289611816406,-6.710131516549781,3.422822774101542,0.09155273050251889,31.03732310336724,10.306896089789007,3.700216210754888
342,678,20070129060000,winter_3,39.499794,-75.006409,720,1220,2102,2602,-8.301860809326172,27.76552963256836,5.783134804167095,5.923243399350231,-23.024709701538086,13.205848693847656,-7.005340091974626,3.3221508612765724,0.03356933500195866,32.57240303927045,10.637649176750392,3.9346355196897598
343,679,20070129070000,winter_3,39.499794,-75.006409,720,1220,2102,2602,-8.568124771118164,26.824064254760742,6.161916256648525,5.942566978146345,-23.386310577392578,9.833465576171875,-7.229689858650815,3.2425308598426428,0.07324218460153813,30.335395653748524,10.918771443146616,4.104408147996614
344,680,20070129080000,winter_3,39.499794,-75.006409,720,1220,2102,2602,-8.084826469421387,26.30591583251953,6.602186530686775,5.944320401601775,-21.622480392456055,10.023333549499512,-7.364862307046723,3.4493614288462715,0.057983398987149416,29.606003008607264,11.230049370572434,4.353055734303963
345,681,20070129090000,winter_3,39.499794,-75.006409,720,1220,2102,2602,-8.170095443725586,28.10789680480957,7.019609752581146,5.925424437901999,-18.982479095458984,8.399506568908691,-7.481436638348659,3.757713289999713,0.051879882778505526,28.199104117351958,11.521079309368716,4.662897247261701
346,682,20070129100000,winter_3,39.499794,-75.006409,720,1220,2102,2602,-7.433381080627441,31.04582977294922,7.388760348210817,5.81876525122764,-19.354135513305664,8.281293869018555,-7.464885683633985,4.200087048433196,0.05493163994243559,31.311988988867295,11.729965803302182,4.921885844845245
347,683,20070129110000,winter_3,39.499794,-75.006409,720,1220,2102,2602,-7.127288341522217,28.02155876159668,7.73041900926427,5.593831611147241,-20.280391693115234,7.678004741668701,-7.45789694142823,4.6297946238039485,0.09765625097620052,29.224526751112858,11.918295138209604,5.104879645864566
348,684,20070129120000,winter_3,39.499794,-75.006409,720,1220,2102,2602,-6.401938438415527,27.510805130004883,7.965315637543059,5.225808168018673,-21.569692611694336,8.504533767700195,-7.372256854494535,5.057695473828108,0.10986328249256429,28.391373770308594,12.005845247539689,5.15222852185055
349,685,20070129130000,winter_3,39.499794,-75.006409,720,1220,2102,2602,-5.946042537689209,28.31900405883789,8.09877963603309,4.855988134879837,-23.295686721801758,9.199384689331055,-7.2581424560233225,5.373426988032416,0.015258789500344528,28.7362281888543,11.997712677478628,5.174948538433019
350,686,20070129140000,winter_3,39.499794,-75.006409,720,1220,2102,2602,-5.398999214172363,26.8319091796875,7.951633333468427,4.460663557731358,-22.15343475341797,9.556900024414062,-7.197165561168053,5.429689068166849,0.05187988273061207,28.946807786290403,11.677363109029946,5.295837833327163
351,687,20070129150000,winter_3,39.499794,-75.006409,720,1220,2102,2602,-4.373012542724609,24.544464111328125,7.906323760331167,4.051635736620883,-22.556987762451172,8.864910125732422,-6.934950130202731,5.406074437836224,0.036621095218630224,29.657888889474503,11.35136427148956,5.2336804313232586
352,688,20070129160000,winter_3,39.499794,-75.006409,720,1220,2102,2602,-2.2173843383789062,25.845664978027344,8.049569144527176,3.5779246126431854,-22.760112762451172,8.282979011535645,-6.6222659896467215,5.307164814323205,0.045776367915728915,29.673147651086886,11.177677396652571,4.9675991350617235
353,689,20070129170000,winter_3,39.499794,-75.006409,720,1220,2102,2602,-2.264909267425537,24.325407028198242,8.257689753934166,3.1652948441044972,-23.016050338745117,6.846757888793945,-6.175142030258115,5.087672976123368,0.03967285104745818,28.489030318622344,11.000808701851458,4.605163931224313
354,690,20070129180000,winter_3,39.499794,-75.006409,720,1220,2102,2602,-1.735276222229004,21.931196212768555,8.483595185210145,2.8251444677232262,-21.065937042236328,6.330746650695801,-5.579197163875423,4.791305242416018,0.03356933500981648,26.770835564051243,10.803526501099721,4.161813377539021
355,691,20070129190000,winter_3,39.499794,-75.006409,720,1220,2102,2602,-0.7329285144805908,21.92959213256836,8.741511693415639,2.5913118029152127,-17.92157554626465,6.656212329864502,-5.00526081942687,4.581675077448301,0.2594070541150402,25.321204888435606,10.702861932178058,3.823879233525089
356,692,20070129200000,winter_3,39.499794,-75.006409,720,1220,2102,2602,-0.8908092975616455,21.303739547729492,8.938436610162078,2.519557206058795,-19.391347885131836,6.825619697570801,-4.44982348214011,4.4892325009693455,0.18921660884380093,23.084198878755537,10.62249197922951,3.655218074158955
357,693,20070129210000,winter_3,39.499794,-75.006409,720,1220,2102,2602,-2.5006449222564697,19.742204666137695,8.901376206379116,2.55509523224421,-17.472734451293945,7.400240898132324,-3.9136599510316863,4.469785365465679,0.3234939804498702,22.946869626534287,10.396685886808765,3.601062066946537
358,694,20070129220000,winter_3,39.499794,-75.006409,720,1220,2102,2602,-3.075291395187378,20.334308624267578,8.887970900596969,2.713767364549808,-17.193336486816406,8.224513053894043,-3.465465954261485,4.578913659034056,0.21363066477102144,22.30597701623035,10.322106467733063,3.5763924119944446
359,695,20070129230000,winter_3,39.499794,-75.006409,720,1220,2102,2602,-2.8291244506835938,20.961851119995117,9.03367622653044,2.7236745189090135,-15.848143577575684,9.023148536682129,-3.115826855857119,4.736675344866062,0.12512969985690578,21.31107274397602,10.468535323541047,3.4029321986856185
360,696,20070130000000,winter_3,39.499794,-75.006409,720,1220,2102,2602,-4.072972774505615,22.757596969604492,8.960045543151784,2.7879079262967985,-16.02085304260254,9.621938705444336,-2.8561806859159753,4.8219739388575995,0.14649199687131234,22.90414357312105,10.399695555845678,3.363090820095056
361,697,20070130010000,winter_3,39.499794,-75.006409,720,1220,2102,2602,-4.6936540603637695,23.59228515625,8.760823296130182,2.847372748249031,-15.219825744628906,9.604033470153809,-2.6336435550753223,4.841032245278076,0.08850097956384541,23.679313014648763,10.202141167510614,3.338793729280923
362,698,20070130020000,winter_3,39.499794,-75.006409,720,1220,2102,2602,-4.831108570098877,24.516170501708984,8.547778410113684,2.957911473642102,-14.297718048095703,9.529949188232422,-2.4456221808108367,4.739293129493045,0.1251296970405609,24.579604910953552,9.955517829705926,3.338171354986227
363,699,20070130030000,winter_3,39.499794,-75.006409,720,1220,2102,2602,-5.7288336753845215,25.10114288330078,8.321653088848308,3.0945693815563495,-14.385515213012695,10.403974533081055,-2.236432368801307,4.581000380807607,0.09765625390597019,25.14420361411309,9.681141470462164,3.330009586545356
364,700,20070130040000,winter_3,39.499794,-75.006409,720,1220,2102,2602,-6.734864234924316,25.225818634033203,8.075460589977023,3.256266497093428,-14.251280784606934,9.24304485321045,-1.9785300460510427,4.41362058399234,0.06408690931185156,25.345620329054928,9.39449568176569,3.3097452965777547
365,701,20070130050000,winter_3,39.499794,-75.006409,720,1220,2102,2602,-7.1428751945495605,25.453689575195312,7.818855019805044,3.4095304647203117,-12.779784202575684,9.32691478729248,-1.6874035077893985,4.259245808841637,0.07324218724956164,25.556198176213176,9.107641596102798,3.286146957419819
366,702,20070130060000,winter_3,39.499794,-75.006409,720,1220,2102,2602,-8.147053718566895,25.62331771850586,7.597262867122795,3.55923253941918,-12.478113174438477,10.170713424682617,-1.3584831475822479,4.159020307880708,0.03356933413370873,25.73626021787395,8.876393477788222,3.2770573008311894
367,703,20070130070000,winter_3,39.499794,-75.006409,720,1220,2102,2602,-8.030181884765625,24.6169490814209,7.392268471041398,3.7112395584955253,-11.779441833496094,11.26422119140625,-1.0017709474701724,4.075145940411083,0.033569337192800794,24.716941039062142,8.678999852545052,3.2717355080846553
368,704,20070130080000,winter_3,39.499794,-75.006409,720,1220,2102,2602,-7.266503810882568,22.82650375366211,7.2232383997107465,3.852764840435043,-13.33284854888916,11.826072692871094,-0.6397888094482913,4.00892368935314,0.0671386706658689,23.00180058984942,8.531540052013181,3.2730097927435686
369,705,20070130090000,winter_3,39.499794,-75.006409,720,1220,2102,2602,-8.440512657165527,21.739994049072266,7.069977940741817,3.9538247030299947,-11.228504180908203,11.77784252166748,-0.2703489288873393,3.927677766657628,0.03662109511388628,21.80547301606566,8.39394407526358,3.2647759353837373
370,706,20070130100000,winter_3,39.499794,-75.006409,720,1220,2102,2602,-7.27153205871582,21.240875244140625,6.863685777678374,4.06192767076392,-12.171714782714844,12.024174690246582,0.10479781985075187,3.872030979668931,0.03356933397390637,21.240882296819894,8.24730339298034,3.255001089388201
371,707,20070130110000,winter_3,39.499794,-75.006409,720,1220,2102,2602,-7.637988090515137,21.24220848083496,6.658116923153139,4.158585853642502,-10.449623107910156,12.326181411743164,0.48743213443542055,3.850992350110052,0.024414062059589833,21.271401273691364,8.14253795678491,3.2235330079118474
372,708,20070130120000,winter_3,39.499794,-75.006409,720,1220,2102,2602,-7.7628021240234375,20.427318572998047,6.424649129393281,4.24188714768021,-10.257122993469238,12.439888954162598,0.8643679803560695,3.8433904539749513,0.018310546599340206,20.63661957195709,8.054954621609575,3.147413420643933
373,709,20070130130000,winter_3,39.499794,-75.006409,720,1220,2102,2602,-8.822999000549316,20.31324577331543,6.093157164037822,4.2758974875399,-9.643609046936035,12.114850997924805,1.1550151550454055,3.7219307463810036,0.06103515815730722,20.68239631132499,7.820118251109815,3.0728557690714116
374,710,20070130140000,winter_3,39.499794,-75.006409,720,1220,2102,2602,-9.578141212463379,19.758296966552734,5.508793802121247,4.379239006893379,-9.92077922821045,11.528979301452637,1.0134894397755705,3.1282486744862266,0.012207030970886198,20.17578806113378,6.993661539967194,3.380287312068473
375,711,20070130150000,winter_3,39.499794,-75.006409,720,1220,2102,2602,-8.960909843444824,19.38410758972168,5.459115286988014,4.3087475732433695,-9.957135200500488,11.056739807128906,1.26629238645457,2.9031818095035207,0.04272460948805409,19.946899688872453,6.867992576951237,3.351101961523181
376,712,20070130160000,winter_3,39.499794,-75.006409,720,1220,2102,2602,-8.798025131225586,18.95509147644043,5.6618687000104435,4.148147593076121,-9.34546184539795,11.808985710144043,1.6534247526545012,2.8646862609876034,0.03051757804571008,19.660026120135125,7.0911905958372525,3.149466994618646
377,713,20070130170000,winter_3,39.499794,-75.006409,720,1220,2102,2602,-8.493319511413574,17.158222198486328,5.9130573157996125,3.9739503853766815,-8.138794898986816,11.682273864746094,1.9654423823506757,2.8751069033546797,0.033569336173360914,17.874693660248898,7.347034374814968,2.9844292326527144
378,714,20070130180000,winter_3,39.499794,-75.006409,720,1220,2102,2602,-8.046245574951172,17.427404403686523,6.190167644816588,3.851301369920871,-8.932364463806152,9.998763084411621,2.2049845258038747,2.914802904045161,0.018310547760411664,17.661064203231994,7.616407751717054,2.915315317583596
379,715,20070130190000,winter_3,39.499794,-75.006409,720,1220,2102,2602,-7.891843318939209,18.507871627807617,6.445634152130183,3.790465828422719,-8.08504581451416,10.820423126220703,2.3728983043680443,2.971822219671895,0.01831054717267951,18.69258755562064,7.852872717411875,2.9510327974937622
380,716,20070130200000,winter_3,39.499794,-75.006409,720,1220,2102,2602,-7.513692378997803,22.292720794677734,6.601537369750799,3.7932773807931888,-8.204854011535645,11.374876976013184,2.3996743817939525,3.064197888685755,0.015258788477390515,22.595901302063396,7.997167737176973,3.026929625044774
381,717,20070130210000,winter_3,39.499794,-75.006409,720,1220,2102,2602,-6.641933441162109,24.4361572265625,6.406698212343154,3.815782474075798,-7.502496719360352,13.146872520446777,2.1982885608014158,3.1177540879492747,0.018310546822280477,24.436172075986274,7.790025828678257,3.078041359615787
382,718,20070130220000,winter_3,39.499794,-75.006409,720,1220,2102,2602,-6.555343151092529,24.20964813232422,6.5283647939342275,3.8478448344722183,-8.633913040161133,13.258028984069824,2.177606301223551,3.5599272136755844,0.054931640429760197,24.402602827926746,8.067726287378596,3.1228673162001814
383,719,20070130230000,winter_3,39.499794,-75.006409,720,1220,2102,2602,-5.432112693786621,26.862924575805664,6.925056714104284,3.991651110334397,-10.322750091552734,14.506782531738281,1.8768145558759228,3.810410176857932,0.05798339850037136,27.201147967622568,8.396606544513709,3.3805837084554504
384,720,20070131000000,winter_3,39.499794,-75.006409,720,1220,2102,2602,-6.625986099243164,24.373538970947266,7.232412268483224,4.113012620165078,-12.210561752319336,17.274330139160156,1.2931878391148204,3.919479471050635,0.02136230420923157,25.751517980311224,8.55229454136667,3.621818910972156
385,721,20070131010000,winter_3,39.499794,-75.006409,720,1220,2102,2602,-6.257695198059082,25.38442039489746,7.44283078703755,4.324241743720097,-14.43187141418457,16.42194938659668,0.5174946014295129,3.9472155627533585,0.042724608447937504,27.335427006650026,8.660332652994912,3.865455533753624
386,722,20070131020000,winter_3,39.499794,-75.006409,720,1220,2102,2602,-6.9411773681640625,25.660446166992188,7.538960306877708,4.544902713211612,-16.548383712768555,15.512192726135254,-0.3814148514762163,3.8985017946565703,0.04577636806487153,27.616195684787147,8.727416899754893,4.0826524430786035
387,723,20070131030000,winter_3,39.499794,-75.006409,720,1220,2102,2602,-5.591933250427246,25.60967445373535,7.532964930323824,4.725695615969759,-17.956472396850586,14.623946189880371,-1.2809893233499146,3.750081478458374,0.02441406218033492,26.941741749239252,8.749584674644286,4.269259005861239
388,724,20070131040000,winter_3,39.499794,-75.006409,720,1220,2102,2602,-5.8915019035339355,23.08778190612793,7.421008478683427,4.812327670529091,-19.706073760986328,12.258602142333984,-2.079107403412813,3.5499617370148204,0.015258789330972375,26.075011141365326,8.715277688758627,4.381633848948652
389,725,20070131050000,winter_3,39.499794,-75.006409,720,1220,2102,2602,-6.150591850280762,25.591751098632812,7.205631173149096,4.783115316691857,-19.50811767578125,12.94832992553711,-2.7654820125249264,3.4643274808505513,0.018310547513889417,27.63451498539275,8.66729067755149,4.396230283235231
390,726,20070131060000,winter_3,39.499794,-75.006409,720,1220,2102,2602,-7.214317321777344,24.123830795288086,7.019788367719597,4.677160197749416,-19.808650970458984,10.80443000793457,-3.235035619365863,3.437349455322448,0.030517576841817617,28.278449248833418,8.667448327858898,4.278951093837149
391,727,20070131070000,winter_3,39.499794,-75.006409,720,1220,2102,2602,-8.280233383178711,25.763206481933594,6.903836488775596,4.542433224197635,-20.955013275146484,8.440967559814453,-3.501902439304772,3.5270391673554564,0.018310546465654713,28.791161696601336,8.746060761073831,4.062807527574578
392,728,20070131080000,winter_3,39.499794,-75.006409,720,1220,2102,2602,-7.364227294921875,25.19751739501953,6.868630066126901,4.410576875021399,-20.676637649536133,9.991045951843262,-3.6824049932316796,3.721652980395444,0.042724609862675206,28.214364170192244,8.895699722724668,3.8611657876289267
393,729,20070131090000,winter_3,39.499794,-75.006409,720,1220,2102,2602,-8.789080619812012,24.964601516723633,6.912428543989018,4.25207826095624,-20.012052536010742,9.916566848754883,-3.8343778371159405,3.993890172215723,0.042724607385323445,28.611099091166363,9.091453755123116,3.7230254682174557
394,730,20070131100000,winter_3,39.499794,-75.006409,720,1220,2102,2602,-9.934843063354492,25.262222290039062,7.027776436159468,4.069025935343952,-20.721349716186523,10.475213050842285,-3.9391532097030426,4.3351362151370925,0.03662109508969041,27.845084173146738,9.335639282854459,3.619777188290962
395,731,20070131110000,winter_3,39.499794,-75.006409,720,1220,2102,2602,-9.878225326538086,24.097023010253906,7.255585720562786,3.8787259580442184,-20.06698989868164,11.506451606750488,-4.062320089085535,4.679162710883261,0.05187988191823398,26.566361053047224,9.658392832083987,3.5777779819739504
396,732,20070131120000,winter_3,39.499794,-75.006409,720,1220,2102,2602,-10.262514114379883,23.05048179626465,7.480001507691083,3.706160305419595,-20.225566864013672,12.111127853393555,-4.209341519582601,5.01101366051077,0.027465820495861663,25.89801046590772,9.966942883068084,3.6297259214016018
397,733,20070131130000,winter_3,39.499794,-75.006409,720,1220,2102,2602,-12.0311918258667,22.126270294189453,7.584749685809646,3.63865082139402,-21.396345138549805,11.45838451385498,-4.453046771363411,5.235926084837578,0.057983399179824334,25.65691345650155,10.177820687500462,3.7979890946843438
398,734,20070131140000,winter_3,39.499794,-75.006409,720,1220,2102,2602,-9.81959342956543,23.00410270690918,7.317953653109219,3.609196148091914,-22.189279556274414,11.073357582092285,-4.782893842249257,5.161637711884935,0.05493163934291082,24.11877445378553,9.956061565942958,4.119970627879298
399,735,20070131150000,winter_3,39.499794,-75.006409,720,1220,2102,2602,-9.724799156188965,21.75358772277832,7.235239696376071,3.525472212587816,-20.430683135986328,11.24264907836914,-4.955156333281899,5.195109154033287,0.0640869170404855,22.68135782390848,9.931709686014427,4.204940416707032
400,736,20070131160000,winter_3,39.499794,-75.006409,720,1220,2102,2602,-6.670806884765625,20.438465118408203,7.289389321962086,3.3839481876173707,-17.761470794677734,11.244821548461914,-4.928446959870673,5.2948332495967,0.030517577254478272,21.23172707388113,9.988997282931157,4.13897135560286
401,737,20070131170000,winter_3,39.499794,-75.006409,720,1220,2102,2602,-3.6952946186065674,19.405975341796875,7.299134237896085,3.227494374161471,-17.809694290161133,10.548455238342285,-4.754454397914096,5.360559890367932,0.036621095059075966,21.582687809962675,9.930255545848444,4.052720606245041
402,738,20070131180000,winter_3,39.499794,-75.006409,720,1220,2102,2602,-2.467633008956909,19.5085391998291,7.235964846616849,3.1034149495745518,-19.0875186920166,9.834982872009277,-4.44593179892717,5.432057815155705,0.01831054543368689,24.57960636852693,9.754842575863085,4.0133501714592965
403,739,20070131190000,winter_3,39.499794,-75.006409,720,1220,2102,2602,-2.3729569911956787,19.103124618530273,7.139954066105915,3.0494447627334327,-18.889842987060547,8.843220710754395,-4.025121398607948,5.449342769918265,0.024414062944228543,21.9306027783589,9.507574576673074,3.9725334477706604
404,740,20070131200000,winter_3,39.499794,-75.006409,720,1220,2102,2602,-3.2257862091064453,19.450599670410156,6.936181306695196,2.994420398481448,-19.58728790283203,7.943367958068848,-3.506850423886196,5.400940981506071,0.027465820604298002,21.970275203696104,9.150882211424745,3.847945266768015
405,741,20070131210000,winter_3,39.499794,-75.006409,720,1220,2102,2602,-5.517744541168213,19.14852523803711,6.50598741779861,2.9915453192223795,-17.41370391845703,8.756244659423828,-2.9019086222963937,5.340298448049954,0.03356933607636863,20.06591772729326,8.626992525588815,3.7137685452048292
406,742,20070131220000,winter_3,39.499794,-75.006409,720,1220,2102,2602,-5.905440807342529,22.694847106933594,6.347029835420992,3.3248790314993393,-16.17046546936035,11.373040199279785,-2.215302655741818,5.492473265295519,0.0183105467492329,22.766808109480994,8.591699392423191,3.549244748194461
407,743,20070131230000,winter_3,39.499794,-75.006409,720,1220,2102,2602,-6.674699306488037,21.92240333557129,6.1313643321919225,3.579481280632522,-15.344844818115234,13.655621528625488,-1.6327696611625375,5.554242342925211,0.01220703076377741,22.031310973973575,8.490612489849179,3.439674276737152
408,744,20070201000000,winter_3,39.499794,-75.006409,720,1220,2102,2602,-5.439553260803223,21.78867530822754,5.763554412805063,3.4748821629806277,-12.871275901794434,13.35389232635498,-1.0341232766036466,5.10169757966165,0.03051757787235222,21.839042088395054,7.904664604623773,3.1474389827147915
409,745,20070201010000,winter_3,39.499794,-75.006409,720,1220,2102,2602,-5.164944648742676,21.371957778930664,5.321967338057465,3.5232456183254404,-12.717280387878418,14.870481491088867,-0.5357624167907133,4.948507880184944,0.02746581911529294,21.402634559496224,7.528809850631207,2.971260654156125
410,746,20070201020000,winter_3,39.499794,-75.006409,720,1220,2102,2602,-5.595073699951172,20.408767700195312,4.876499700088527,3.4995197963137357,-12.047122955322266,14.561816215515137,-0.04447227475008613,4.7513350544875665,0.03967284939545812,20.435195153541624,7.126188277115643,2.7966929313170272
411,747,20070201030000,winter_3,39.499794,-75.006409,720,1220,2102,2602,-5.75654411315918,18.632211685180664,4.451449649404895,3.394162929293497,-10.128880500793457,14.616491317749023,0.5195295643217261,4.536002598248906,0.0701904301131278,18.683433020653872,6.7193532403883784,2.65165392579509
412,748,20070201040000,winter_3,39.499794,-75.006409,720,1220,2102,2602,-5.666999340057373,17.206335067749023,4.074534005535723,3.228338555635453,-10.585424423217773,14.376296997070312,1.1178051302898484,4.271591353911887,0.07019043025893316,17.346717762894418,6.310577230050038,2.5877776604183906
413,749,20070201050000,winter_3,39.499794,-75.006409,720,1220,2102,2602,-4.45408296585083,16.83212661743164,3.738156623663045,3.031472960546435,-8.247733116149902,13.928789138793945,1.7028296842331387,3.976235123342305,0.012207031360624442,16.84926689889948,5.9249922081564,2.6015736154205826
414,750,20070201060000,winter_3,39.499794,-75.006409,720,1220,2102,2602,-4.346833229064941,16.0611572265625,3.47026225213558,2.8413298056477516,-7.466259002685547,14.08560848236084,2.2824159715705536,3.6408161862688813,0.027465821620824935,16.138190828685158,5.63015739512868,2.623388655654186
415,751,20070201070000,winter_3,39.499794,-75.006409,720,1220,2102,2602,-4.829780578613281,17.775371551513672,3.264128660598916,2.668108762867639,-6.77841329574585,13.392770767211914,2.857743153435091,3.332842223106318,0.024414063010000302,17.777030764326177,5.511609912449263,2.582640058457776
416,752,20070201080000,winter_3,39.499794,-75.006409,720,1220,2102,2602,-5.483145713806152,16.582002639770508,3.139746632404993,2.5035698386877248,-6.820508003234863,13.506422996520996,3.3849427827710166,3.0935738580645498,0.015258788972379108,17.334509989232732,5.572725115500121,2.469542973485887
417,753,20070201090000,winter_3,39.499794,-75.006409,720,1220,2102,2602,-4.115669250488281,19.05339813232422,3.057902100030303,2.36124319659651,-8.08059310913086,13.71442699432373,3.8514763458129764,2.9002932325811104,0.04577636891608939,19.602035318306154,5.700992218325521,2.3812797590261323
418,754,20070201100000,winter_3,39.499794,-75.006409,720,1220,2102,2602,-5.1468682289123535,19.074947357177734,2.9465489674893495,2.2268771780275656,-8.102568626403809,14.285904884338379,4.256481204007663,2.7809688184598236,0.04272460959530012,19.70885587218798,5.835468794919429,2.3323500030378197
419,755,20070201110000,winter_3,39.499794,-75.006409,720,1220,2102,2602,-4.437902450561523,18.09100341796875,2.8764966931288884,2.1308179014759596,-8.281417846679688,13.213150978088379,4.597328572235766,2.7329909221464854,0.03662109275468769,18.991669023026073,6.004988691998875,2.3150374393145206
420,756,20070201120000,winter_3,39.499794,-75.006409,720,1220,2102,2602,-5.545950889587402,18.099163055419922,2.8229233412625363,2.0643089772083574,-7.945555686950684,13.798687934875488,4.866994984569524,2.7775677214246834,0.02441406272934167,18.906219966370816,6.176530123688024,2.3416374617193556
421,757,20070201130000,winter_3,39.499794,-75.006409,720,1220,2102,2602,-4.829245090484619,16.21034049987793,2.8369762842594124,1.9905643085164983,-8.047861099243164,13.933531761169434,5.017182795058073,2.8708945677951934,0.03356933564093146,16.565444783243308,6.320453648515433,2.340257507023691
422,758,20070201140000,winter_3,39.499794,-75.006409,720,1220,2102,2602,-4.932826995849609,15.252497673034668,2.8834447104146705,1.9654773226676148,-8.106138229370117,15.808738708496094,4.7863303720129995,2.8745759617045077,0.02136230466423604,17.41691582638021,6.154994409363599,2.337850233506269
423,759,20070201150000,winter_3,39.499794,-75.006409,720,1220,2102,2602,-5.668781280517578,13.596837043762207,3.148265799860591,2.0400867374299985,-9.650979995727539,14.948652267456055,4.823048052313168,3.0756650339761644,0.045776367371042244,15.799431025010348,6.405438436268348,2.4011242779438047
424,760,20070201160000,winter_3,39.499794,-75.006409,720,1220,2102,2602,-6.973540782928467,13.48107624053955,3.25557245065088,2.1332502920978955,-11.372491836547852,15.583873748779297,4.790845508369731,3.3394893673254034,0.033569335091178994,17.303993713377317,6.600279417414121,2.3854161737059836
425,761,20070201170000,winter_3,39.499794,-75.006409,720,1220,2102,2602,-6.421658039093018,14.249199867248535,3.1451585674639793,2.2439893964596362,-12.250030517578125,14.753218650817871,4.668656756292295,3.6298254777009222,0.024414061795320154,15.396591079982493,6.644226208509134,2.3986991938790703
426,762,20070201180000,winter_3,39.499794,-75.006409,720,1220,2102,2602,-7.4593682289123535,13.522278785705566,2.9357294892764267,2.3613450044718394,-12.821737289428711,15.505630493164062,4.553465714757639,3.7733215762614045,0.02136230446831813,16.40980540290488,6.551480464919364,2.4989132268817267
427,763,20070201190000,winter_3,39.499794,-75.006409,720,1220,2102,2602,-10.147075653076172,14.029435157775879,2.6281462428648625,2.4955082375719684,-12.980112075805664,16.023542404174805,4.478093898231465,3.7971269105749763,0.03356933541322395,17.49320939463951,6.401552302801594,2.5741678050508656
428,764,20070201200000,winter_3,39.499794,-75.006409,720,1220,2102,2602,-9.838763236999512,14.63305950164795,2.232233010003373,2.607271736904361,-14.39987564086914,18.039592742919922,4.4231747627848135,3.7887771591447827,0.027465820343290013,20.279549014542916,6.22760211222762,2.630020797746814
429,765,20070201210000,winter_3,39.499794,-75.006409,720,1220,2102,2602,-12.314701080322266,14.130268096923828,1.6393184242889116,2.689015299458859,-14.500468254089355,19.089855194091797,4.288077845615236,3.752576310954975,0.027465819963477994,19.87670874348704,5.96080987857707,2.6184641200504473
430,766,20070201220000,winter_3,39.499794,-75.006409,720,1220,2102,2602,-11.19096565246582,14.705955505371094,1.063824324630835,2.8929015534469555,-16.932268142700195,19.159210205078125,4.543794969002891,3.890065215510416,0.05187988324608996,19.211403000368957,6.170492847699351,2.684082656954382
431,767,20070201230000,winter_3,39.499794,-75.006409,720,1220,2102,2602,-12.742945671081543,13.755022048950195,0.6823392836776142,3.080524733736351,-12.888535499572754,18.0458984375,4.723679120581231,3.954450906649786,0.039672853731914384,18.622390040044895,6.3227462562646695,2.815834817495621
432,768,20070202000000,winter_3,39.499794,-75.006409,720,1220,2102,2602,-14.396808624267578,13.318962097167969,0.4099617531370745,3.241366803609604,-9.699850082397461,17.907493591308594,4.68826626671736,3.885731044375953,0.024414062441195625,18.298896515491105,6.2287536033712385,2.9926413550464632
433,769,20070202010000,winter_3,39.499794,-75.006409,720,1220,2102,2602,-13.172463417053223,11.643967628479004,0.19735330940729437,3.3040746201945965,-6.478954315185547,18.575796127319336,4.505898724993579,3.8994636879985283,0.02136230588051992,19.263282103114115,6.051248799051804,3.1380225892176155
434,770,20070202020000,winter_3,39.499794,-75.006409,720,1220,2102,2602,-12.515922546386719,9.502813339233398,0.0451939400597784,3.243251804092164,-6.83001184463501,20.61334228515625,4.243107035124969,4.155920726651775,0.03356933820464496,21.17374263154152,5.862839692611415,3.3798624074725465
435,771,20070202030000,winter_3,39.499794,-75.006409,720,1220,2102,2602,-11.597870826721191,13.056471824645996,-0.026071056219889085,3.1155962646427042,-7.358521461486816,24.319223403930664,3.87852195334381,4.634240510396598,0.02441406262360545,24.335457803973615,5.706490564918058,3.6963093576566313
436,772,20070202040000,winter_3,39.499794,-75.006409,720,1220,2102,2602,-12.926515579223633,19.417505264282227,-0.035328641950409044,3.050225673687646,-9.311958312988281,26.673721313476562,3.40770471633287,5.136066481503727,0.027465820884420785,28.45240759989661,5.558248385338599,4.050016048905181
437,773,20070202050000,winter_3,39.499794,-75.006409,720,1220,2102,2602,-11.487828254699707,16.15938377380371,-0.08793957331032161,3.063981961470332,-10.345175743103027,24.728843688964844,2.8347996414588885,5.605371054510512,0.03967284985472239,25.73931174087729,5.472706149010114,4.347583225346721
438,774,20070202060000,winter_3,39.499794,-75.006409,720,1220,2102,2602,-13.027798652648926,17.38520622253418,-0.15983448255046043,3.2676687510612803,-11.33062744140625,30.047061920166016,2.253291531654359,6.034972339455595,0.021362305564981608,30.329292921355506,5.564641285723072,4.608273793333057
439,775,20070202070000,winter_3,39.499794,-75.006409,720,1220,2102,2602,-13.1357421875,20.836475372314453,-0.2580408244796058,3.555796600485896,-12.303388595581055,28.311622619628906,1.6496790402727333,6.254037628662915,0.021362305080516206,28.589737435498577,5.6614522872693795,4.742642736570436
440,776,20070202080000,winter_3,39.499794,-75.006409,720,1220,2102,2602,-12.65589427947998,21.08745002746582,-0.3267573878521018,3.727159428971616,-16.166324615478516,29.30051612854004,1.0816535710847648,6.208616851386324,0.027465820537836468,31.4645855357602,5.674730269218441,4.638191654757554
441,777,20070202090000,winter_3,39.499794,-75.006409,720,1220,2102,2602,-13.803783416748047,17.35960578918457,-0.4071356056506044,3.9395496311163867,-14.504546165466309,32.302757263183594,0.5664982898383961,6.077636287132522,0.018310548096515767,32.74025516338112,5.73655127022051,4.476200774385461
442,778,20070202100000,winter_3,39.499794,-75.006409,720,1220,2102,2602,-12.532085418701172,17.39858627319336,-0.4819018505420959,4.066672800777347,-13.372973442077637,25.54994010925293,0.11677722666796381,5.833060139034042,0.018310547414063943,26.39240988863513,5.730070632922978,4.239643276280202
443,779,20070202110000,winter_3,39.499794,-75.006409,720,1220,2102,2602,-13.261030197143555,18.462257385253906,-0.4698450031045163,4.255603712007144,-14.343759536743164,22.278528213500977,-0.12726599732077173,5.752399245784278,0.021362304490105725,27.228613691823693,5.8360631928408875,4.1686421538353065
444,780,20070202120000,winter_3,39.499794,-75.006409,720,1220,2102,2602,-13.70752239227295,22.143054962158203,-0.49115081700571683,4.402858446801695,-16.573144912719727,22.825870513916016,-0.3575285680456694,5.643590923054725,0.01525878886671765,27.167580438230143,5.898858452949113,4.099732401443258
445,781,20070202130000,winter_3,39.499794,-75.006409,720,1220,2102,2602,-14.169434547424316,20.720439910888672,-0.4146152894734874,4.478584297431455,-15.329776763916016,21.61644744873047,-0.5935229118300802,5.406664243665137,0.030517577683739656,27.304907913163273,5.786599482440427,4.040937671862725
446,782,20070202140000,winter_3,39.499794,-75.006409,720,1220,2102,2602,-14.405988693237305,19.15619468688965,-0.27305499973754865,4.129377323308953,-17.085079193115234,23.397424697875977,-0.8902501009503494,4.853166018941522,0.039672850677966116,26.13910641359325,5.148590978361624,3.8683449559629484
447,783,20070202150000,winter_3,39.499794,-75.006409,720,1220,2102,2602,-9.651144981384277,17.60283851623535,-0.1828014223905513,3.7950639323983832,-20.392303466796875,17.365543365478516,-0.8266624138850863,4.446732226834543,0.02441406241708555,24.347664348305585,4.820353158082668,3.4142232331938622
448,784,20070202160000,winter_3,39.499794,-75.006409,720,1220,2102,2602,-9.606746673583984,16.71651840209961,-0.010989378736199462,3.537843817839524,-19.86797523498535,13.897990226745605,-0.4597365410170896,4.112733866223069,0.018310546093695836,20.581681159298878,4.57245280180433,2.9555156170567916
449,785,20070202170000,winter_3,39.499794,-75.006409,720,1220,2102,2602,-9.298898696899414,15.972670555114746,0.23388345024102494,3.4335364081404744,-15.831038475036621,12.802546501159668,0.029104280607926834,3.7326718232621334,0.02746582088263647,20.05981440140234,4.368084983219775,2.5879322466049053
450,786,20070202180000,winter_3,39.499794,-75.006409,720,1220,2102,2602,-8.420994758605957,14.75723648071289,0.5227294488537139,3.346047323933876,-12.512282371520996,12.06974983215332,0.5499151507293419,3.3778080782127136,0.02136230494114518,18.65291591264302,4.204328137601564,2.3462518552611638
451,787,20070202190000,winter_3,39.499794,-75.006409,720,1220,2102,2602,-6.513391017913818,17.12139320373535,0.9035138401373304,3.3362140318614943,-9.367358207702637,11.761322975158691,1.0846197633675803,3.131736652099168,0.009155273629048406,20.11779856567481,4.182539884446791,2.331779562889664
452,788,20070202200000,winter_3,39.499794,-75.006409,720,1220,2102,2602,-6.975376605987549,15.544569969177246,1.3628297060598185,3.490865265602192,-7.422625541687012,12.63513469696045,1.5841978181236396,2.941385718999621,0.015258788713184944,18.439285115243294,4.387948004488846,2.439424131858156
453,789,20070202210000,winter_3,39.499794,-75.006409,720,1220,2102,2602,-6.8802618980407715,17.864370346069336,1.9504802525726948,3.7243724493657404,-7.690223217010498,12.691362380981445,2.093230166739397,2.853027216117453,0.027465820080045233,18.826866711007142,4.836259667916054,2.6090788812555794
454,790,20070202220000,winter_3,39.499794,-75.006409,720,1220,2102,2602,-6.413095951080322,19.55510139465332,2.7933709215044455,4.030001726344075,-9.325159072875977,12.859009742736816,2.6739706693538543,2.935013813664549,0.02136230515344568,19.736320305433313,5.603365303154353,2.9000961235474856
455,791,20070202230000,winter_3,39.499794,-75.006409,720,1220,2102,2602,-6.180373191833496,19.979074478149414,3.953715679847115,4.397561122282361,-10.898909568786621,12.844801902770996,3.047081331694733,3.0331765712102343,0.027465819867574636,20.819724993452812,6.554428622679584,3.239558872065463
456,792,20070203000000,winter_3,39.499794,-75.006409,720,1220,2102,2602,-6.293340682983398,20.767051696777344,5.204449788606183,4.710524209960371,-13.389260292053223,13.202821731567383,3.1217843697463814,3.2306973304847246,0.05187988270522794,22.971281561085984,7.554216990827963,3.5202392649684735
457,793,20070203010000,winter_3,39.499794,-75.006409,720,1220,2102,2602,-5.708455562591553,23.365863800048828,6.4704337831523775,4.954988684538527,-14.571380615234375,14.506608009338379,2.943108269566363,3.51338262161178,0.039672851041501644,24.561293938994723,8.5803784293322,3.7150068570257964
458,794,20070203020000,winter_3,39.499794,-75.006409,720,1220,2102,2602,-5.668726921081543,24.447978973388672,7.657049995439883,5.059199427888893,-15.069769859313965,17.350440979003906,2.544950000996652,3.792432631676811,0.054931637903945514,25.855277423519304,9.517785422147304,3.807491288914191
459,795,20070203030000,winter_3,39.499794,-75.006409,720,1220,2102,2602,-5.74398946762085,24.080780029296875,8.787423916365785,4.999370599763086,-15.349862098693848,18.814130783081055,1.9354949360086806,4.00413302503281,0.1403884918266833,26.163520634241298,10.360685305461129,3.827263697521822
460,796,20070203040000,winter_3,39.499794,-75.006409,720,1220,2102,2602,-5.906452655792236,24.617935180664062,9.788969478106221,4.8261746642149355,-14.713672637939453,17.717281341552734,1.1147657041098433,4.065676063880528,0.2197341958748825,26.252021491970144,11.058760257346846,3.8199648342362837
461,797,20070203050000,winter_3,39.499794,-75.006409,720,1220,2102,2602,-5.819977760314941,24.36586570739746,10.531748501930595,4.532601911629286,-14.187823295593262,16.144100189208984,0.15918555721977237,3.9358713134359333,0.11901855979087325,25.925476900865235,11.512812430955686,3.7991814334683034
462,798,20070203060000,winter_3,39.499794,-75.006409,720,1220,2102,2602,-4.657755374908447,23.115020751953125,10.990926267251465,4.238006196796386,-13.831890106201172,15.985695838928223,-0.7343371037282641,3.702612225768781,0.1342849810404779,25.022125226345484,11.774554944526448,3.790725639095373
463,799,20070203070000,winter_3,39.499794,-75.006409,720,1220,2102,2602,-5.0345892906188965,23.636985778808594,11.218852574323181,4.04412261333481,-12.502212524414062,10.880343437194824,-1.4193399532190185,3.469756167284619,0.012207031309637632,23.804436215610416,11.924263113218203,3.7527674809453586
464,800,20070203080000,winter_3,39.499794,-75.006409,720,1220,2102,2602,-5.099858283996582,24.834075927734375,11.272400574384353,3.9403155267009313,-13.01745319366455,9.533062934875488,-1.8486169240656718,3.304594270171396,0.018310546875373295,24.842063607832557,11.96551603286957,3.709077385128819
465,801,20070203090000,winter_3,39.499794,-75.006409,720,1220,2102,2602,-5.812074661254883,23.74945068359375,11.165773754307754,3.90295216315968,-12.429640769958496,9.1886625289917,-2.035192808062347,3.25957813732943,0.042724610337565826,24.42091504686725,11.874905799178903,3.6960804618234007
466,802,20070203100000,winter_3,39.499794,-75.006409,720,1220,2102,2602,-4.689727783203125,23.331466674804688,10.919448165031849,3.913051696359294,-12.624444007873535,9.633014678955078,-2.0643099095883883,3.275236767547974,0.07629394176186252,23.960083817572386,11.640400483180802,3.7464582854590596
467,803,20070203110000,winter_3,39.499794,-75.006409,720,1220,2102,2602,-4.180233955383301,23.482837677001953,10.61541732393109,3.8918723943789204,-11.171980857849121,10.30335521697998,-1.8680433328659636,3.430748187021306,0.04577636937358055,23.938721466439205,11.367546711462586,3.7245478214510954
468,804,20070203120000,winter_3,39.499794,-75.006409,720,1220,2102,2602,-4.740550994873047,24.904550552368164,10.312263959844124,3.9355692032821445,-11.31343936920166,10.665511131286621,-1.5159812558482286,3.629268310951206,0.09460448983732564,25.034332887243178,11.11465339748194,3.7102237703572394
469,805,20070203130000,winter_3,39.499794,-75.006409,720,1220,2102,2602,-4.537581443786621,25.192501068115234,10.000065665779282,3.887101584468186,-9.585367202758789,11.224693298339844,-1.214666042221691,3.658414368635986,0.17090606640042225,25.62639538507532,10.803324206591983,3.6412178487293394
470,806,20070203140000,winter_3,39.499794,-75.006409,720,1220,2102,2602,-2.9310100078582764,24.1630802154541,9.927978027675147,3.62328748525646,-8.349900245666504,10.905413627624512,-0.8802936570733859,3.5272268531045947,0.3051833977846136,24.76577023430592,10.646101858964133,3.401429305942247
471,807,20070203150000,winter_3,39.499794,-75.006409,720,1220,2102,2602,-1.7803224325180054,24.149269104003906,9.917658880754768,3.3747508893132143,-8.536650657653809,10.782835960388184,-0.28765677083242824,3.5034419953093736,0.23499296546876655,24.707786448785775,10.586028993346838,3.1688710330743106
472,808,20070203160000,winter_3,39.499794,-75.006409,720,1220,2102,2602,-1.3853044509887695,24.9262638092041,9.978381598277732,3.176957235949989,-8.562214851379395,11.86055850982666,0.3436844221912302,3.476886925593766,0.6317367478084555,25.84917402814704,10.629376219241578,2.9806676207095104
473,809,20070203170000,winter_3,39.499794,-75.006409,720,1220,2102,2602,0.5341789126396179,23.222332000732422,10.075967030621529,2.9933643767500135,-8.01076889038086,12.088462829589844,0.9384002879538723,3.4281381811126583,0.7141342042269062,24.082153112157638,10.733540147394143,2.8123272013904104
474,810,20070203180000,winter_3,39.499794,-75.006409,720,1220,2102,2602,1.947550654411316,24.742116928100586,10.239790648415088,2.809873860300837,-7.25272798538208,12.559880256652832,1.5023877972409645,3.366746862877439,1.953186083652393,25.41276422546029,10.923446095103793,2.649373996536992
475,811,20070203190000,winter_3,39.499794,-75.006409,720,1220,2102,2602,1.530169129371643,23.76101303100586,10.455807306484699,2.658345813210855,-6.562716484069824,12.829176902770996,2.004721433668266,3.301371305094784,1.5350798704076545,24.359869836038122,11.175512738896359,2.5330977944864026
476,812,20070203200000,winter_3,39.499794,-75.006409,720,1220,2102,2602,1.078447699546814,22.018110275268555,10.657067328245162,2.5828108889734103,-5.994175910949707,12.378378868103027,2.4116272149051263,3.2206833685827174,1.0803528051808213,22.443312875292797,11.414120336565237,2.4800403734000667
477,813,20070203210000,winter_3,39.499794,-75.006409,720,1220,2102,2602,-2.5364677906036377,21.900550842285156,10.620118930145793,2.7024599517907757,-5.745606422424316,12.275151252746582,2.630841115980947,3.018636415355726,0.24720001119997154,22.223578927230413,11.3840968402478,2.5546126514565004
478,814,20070203220000,winter_3,39.499794,-75.006409,720,1220,2102,2602,-5.591687202453613,23.147207260131836,10.046307214057043,3.2139223185950327,-5.055084705352783,11.966434478759766,2.675876506189149,2.797929906804692,0.1220779416527909,23.4107511845564,10.86892633154919,2.8482894073990592
479,815,20070203230000,winter_3,39.499794,-75.006409,720,1220,2102,2602,-4.6510820388793945,23.63433837890625,10.154770771599987,3.4547791520306803,-5.915937900543213,14.701604843139648,2.926596562741436,2.9265287869691003,0.24109649572232625,24.216438761316397,11.118908681063711,2.9247694502681854
480,816,20070204000000,winter_3,39.499794,-75.006409,720,1220,2102,2602,-5.141035556793213,24.294435501098633,10.433582909640625,3.5439807349250803,-6.653068542480469,12.383540153503418,2.955425982346602,3.029200897606662,0.6500472989717603,25.128944051857037,11.433104169564167,2.934992614121865
481,817,20070204010000,winter_3,39.499794,-75.006409,720,1220,2102,2602,-5.627762794494629,24.646493911743164,10.716294412447944,3.528656252856826,-7.2194905281066895,12.684492111206055,2.844563819986158,3.191142546338448,0.20142364568710294,25.617233786193168,11.709517135253932,2.90732238001031
482,818,20070204020000,winter_3,39.499794,-75.006409,720,1220,2102,2602,-4.597192764282227,25.93256187438965,11.01074325417325,3.4031233447780225,-10.356477737426758,12.365105628967285,2.5911959569433325,3.304803778096189,0.18616485383437847,25.96820056597209,11.930318228095755,2.849780164233613
483,819,20070204030000,winter_3,39.499794,-75.006409,720,1220,2102,2602,-4.267920017242432,25.909597396850586,11.259185989125909,3.292843072374092,-10.421063423156738,12.69957160949707,2.225567103229779,3.3869271485111665,0.20752715279157583,26.02008063281615,12.086057287927668,2.822007850847028
484,820,20070204040000,winter_3,39.499794,-75.006409,720,1220,2102,2602,-3.7982945442199707,24.778003692626953,11.45601009436544,3.2207100121584378,-8.568497657775879,12.542091369628906,1.8309300186977615,3.3418944031634368,0.23804473128966946,25.38530011029413,12.166568373867179,2.8475107030350446
485,821,20070204050000,winter_3,39.499794,-75.006409,720,1220,2102,2602,-5.3531012535095215,23.590938568115234,11.555297292081065,3.2351036345056152,-8.128905296325684,12.8222074508667,1.4393140651688907,3.18773813393752,0.3570632763732994,24.600968246733473,12.136970078805538,2.9863100524391304
486,822,20070204060000,winter_3,39.499794,-75.006409,720,1220,2102,2602,-5.582700252532959,24.520092010498047,11.57049924619023,3.2976172576263147,-8.123337745666504,11.088465690612793,1.0868042119733707,3.0651882584777232,0.28076934714709495,25.067902005236007,12.074603099497779,3.08726656260113
487,823,20070204070000,winter_3,39.499794,-75.006409,720,1220,2102,2602,-6.013669967651367,24.416292190551758,11.526418835112107,3.3670622752308765,-8.055261611938477,11.501852035522461,0.8270775390044087,2.92708232545104,0.1678543096993882,24.893951539730313,11.965731826543852,3.2044608873317677
488,824,20070204080000,winter_3,39.499794,-75.006409,720,1220,2102,2602,-5.521152496337891,24.0433349609375,11.413012765792317,3.4933347775515395,-8.120315551757812,12.627985954284668,0.5938461247213372,2.883192017616468,0.10986328538151931,24.47889677369781,11.83247709110443,3.3343940347493755
489,825,20070204090000,winter_3,39.499794,-75.006409,720,1220,2102,2602,-5.692203521728516,24.57501792907715,11.216349009292,3.6948259821193172,-7.929612159729004,10.81892204284668,0.4489883690079607,2.901075775577365,0.05493164209271187,24.67116650817475,11.650347597427533,3.5136101386821936
490,826,20070204100000,winter_3,39.499794,-75.006409,720,1220,2102,2602,-5.300193786621094,23.74506950378418,10.933207235350324,3.899832947168749,-8.268877983093262,9.842568397521973,0.32866065675032896,2.963120874331367,0.13123321584117822,23.822746568376456,11.410254100722925,3.6657771300324677
491,827,20070204110000,winter_3,39.499794,-75.006409,720,1220,2102,2602,-6.497854232788086,23.439090728759766,10.649616112272271,4.092334529284425,-8.672508239746094,10.597827911376953,0.32765417087516246,3.052276115428284,0.13428497831232086,23.55418407900614,11.18762792391647,3.797664205120438
492,828,20070204120000,winter_3,39.499794,-75.006409,720,1220,2102,2602,-5.8105244636535645,23.790342330932617,10.328322018251017,4.221192927178733,-7.718773365020752,11.316410064697266,0.4435137020280347,3.112150244716187,0.10681152643062623,23.88989143905226,10.921646383065019,3.8849104589435473
493,829,20070204130000,winter_3,39.499794,-75.006409,720,1220,2102,2602,-4.177195072174072,24.507078170776367,9.9630886909756,4.244456563907499,-7.293100357055664,11.452518463134766,0.4959039473496709,2.94520776859808,0.088500975258315,24.53077605517509,10.497075518047552,4.0012651600159534
494,830,20070204140000,winter_3,39.499794,-75.006409,720,1220,2102,2602,-3.01003098487854,21.609189987182617,9.858269202735194,4.174208646521363,-7.735909461975098,10.278372764587402,0.5410856911217047,2.6054698085068813,0.13428497419902732,21.610153531590992,10.252767759991105,4.070809428867354
495,831,20070204150000,winter_3,39.499794,-75.006409,720,1220,2102,2602,-2.9686574935913086,21.490278244018555,9.812322749302156,3.9436020197326878,-6.98392391204834,10.17861270904541,0.9071055876371874,2.400509330760689,0.1495437593612125,21.57963553880767,10.179864762195573,3.8456876685598123
496,832,20070204160000,winter_3,39.499794,-75.006409,720,1220,2102,2602,-2.1385915279388428,22.04561996459961,9.939672117324513,3.656096003904184,-5.892855167388916,10.285093307495117,1.377857237085505,2.2251558311282564,0.1892166224786144,22.119812607159975,10.317294408961672,3.5450479414365788
497,833,20070204170000,winter_3,39.499794,-75.006409,720,1220,2102,2602,-2.284627676010132,21.618894577026367,10.15742366981195,3.3614001718246316,-5.795229434967041,11.142777442932129,1.8014473729808866,2.068106763281167,0.21973419551948073,21.652885680632473,10.555266618013546,3.2528282413611453
498,834,20070204180000,winter_3,39.499794,-75.006409,720,1220,2102,2602,-1.2892132997512817,22.698400497436523,10.472846399615355,3.069860352703225,-6.541215896606445,11.636138916015625,2.169253346432829,1.9358083273233848,0.1434402453409861,22.702721467997144,10.895668686382352,2.973545380983289
499,835,20070204190000,winter_3,39.499794,-75.006409,720,1220,2102,2602,-0.752598762512207,22.8214111328125,10.847906079239497,2.8014902927712915,-5.720426559448242,10.877082824707031,2.4244474441559047,1.866736933852665,0.20447540226207464,22.824791217941254,11.290242204058224,2.7236918562640784
500,836,20070204200000,winter_3,39.499794,-75.006409,720,1220,2102,2602,0.7499680519104004,23.020395278930664,11.260671222555638,2.5745612929280486,-7.427343368530273,9.95689868927002,2.5270256130109328,1.9156104641241491,0.7568588050950048,23.026214667930823,11.706025602682152,2.5407614453075262
501,837,20070204210000,winter_3,39.499794,-75.006409,720,1220,2102,2602,-0.3059041500091553,24.71529197692871,11.507323272946655,2.5111419561004786,-9.045272827148438,9.859518051147461,2.356910260257258,2.0981632978138887,0.3601150388028253,24.716941544595336,11.922047331046056,2.558598340358378
502,838,20070204220000,winter_3,39.499794,-75.006409,720,1220,2102,2602,-5.813427925109863,25.28749656677246,11.313567980960713,2.918270979236217,-10.84365177154541,10.312827110290527,1.8933742151987358,2.44531435919786,0.17090606031442948,25.287634912116285,11.703434071785296,3.0178113144339376
503,839,20070204230000,winter_3,39.499794,-75.006409,720,1220,2102,2602,-6.3826799392700195,26.185518264770508,11.754135850016926,3.3575777823805897,-11.57585334777832,10.58098030090332,1.3515630311508473,2.7394222700015156,0.05798339648813306,26.221504594391362,12.132073860875051,3.4024959926817058
504,840,20070205000000,winter_4,39.499794,-75.006409,720,1220,2102,2602,-5.155332565307617,25.670835494995117,12.150691840672987,3.7392065388156848,-12.115901947021484,13.173299789428711,0.5761030432955064,2.9221895159772746,0.11291504003570535,25.800346845759663,12.510510050860285,3.738877144013246
505,841,20070205010000,winter_4,39.499794,-75.006409,720,1220,2102,2602,-5.425179958343506,27.036602020263672,12.384579937701817,4.003452314888253,-13.53877067565918,14.282137870788574,-0.33511304199810055,3.0627651166923955,0.07019042979672896,27.06991530051665,12.777613734759559,3.953589359953729
506,842,20070205020000,winter_4,39.499794,-75.006409,720,1220,2102,2602,-6.645509243011475,28.305070877075195,12.45824079941343,4.188121423404294,-13.84798526763916,15.261086463928223,-1.2848396347761033,3.216953658181851,0.03356933515133063,28.79421233172369,12.959665201475785,4.098146711012942
507,843,20070205030000,winter_4,39.499794,-75.006409,720,1220,2102,2602,-8.464838027954102,29.20525550842285,12.393692917786089,4.3169367825479945,-14.69481372833252,12.130162239074707,-2.1288758092842,3.2938962684989352,0.125129703356042,29.789116868850424,13.038631764623549,4.197083972287587
508,844,20070205040000,winter_4,39.499794,-75.006409,720,1220,2102,2602,-9.489346504211426,30.34908676147461,12.249169470338614,4.320242990674185,-15.133668899536133,12.242202758789062,-2.7640680600473835,3.2908106170572093,0.15564727696084882,30.793174166498023,13.01602759068411,4.2141647722894655
509,845,20070205050000,winter_4,39.499794,-75.006409,720,1220,2102,2602,-9.166850090026855,27.390199661254883,12.035551774425072,4.270786307604958,-15.67456340789795,10.201920509338379,-3.197175949917662,3.2735956465072475,0.21668243505977805,28.516493506611184,12.903076374682406,4.188448970772869
510,846,20070205060000,winter_4,39.499794,-75.006409,720,1220,2102,2602,-9.231644630432129,27.723222732543945,11.877942474923488,4.223379291871086,-15.028133392333984,10.82457447052002,-3.4132139854668577,3.300516032799761,0.0823974634142788,28.266243843412948,12.808463985157095,4.172425699144982
511,847,20070205070000,winter_4,39.499794,-75.006409,720,1220,2102,2602,-8.020777702331543,25.6083927154541,11.736706943445597,4.240527279136523,-13.96779727935791,9.760268211364746,-3.5111039092762413,3.35757049721799,0.07629394496562457,26.969208922888228,12.712027696563169,4.211631943648394
512,848,20070205080000,winter_4,39.499794,-75.006409,720,1220,2102,2602,-7.6627326011657715,25.545631408691406,11.565373411915552,4.27828269879893,-13.843207359313965,9.255123138427734,-3.511687345340491,3.5033366778453128,0.12207794183677217,27.04550180182059,12.585297909258907,4.275179228155183
513,849,20070205090000,winter_4,39.499794,-75.006409,720,1220,2102,2602,-7.828616142272949,25.408668518066406,11.414614007277935,4.293475045221626,-14.000617027282715,9.101532936096191,-3.4575495193787873,3.6402299079935,0.10375976670194498,27.234718558202445,12.465472657476534,4.306420182332223
514,850,20070205100000,winter_4,39.499794,-75.006409,720,1220,2102,2602,-7.927924633026123,25.23076057434082,11.302535480793717,4.3114380575794105,-14.176024436950684,8.992923736572266,-3.439065417520999,3.750213168570176,0.061035155194315044,27.402572409298248,12.38816446575766,4.331334360678039
515,851,20070205110000,winter_4,39.499794,-75.006409,720,1220,2102,2602,-8.407663345336914,25.010677337646484,11.261207765954515,4.345780827058649,-15.205907821655273,8.866284370422363,-3.421846055516098,3.8311740388873887,0.03662109277844583,27.536851445522103,12.374754337783516,4.35350334423079
516,852,20070205120000,winter_4,39.499794,-75.006409,720,1220,2102,2602,-8.038064956665039,25.440587997436523,11.221516998411033,4.3730591609538285,-15.80642318725586,9.363669395446777,-3.424860005858938,3.910437579577326,0.06103515850892454,28.058715018400047,12.378511867602668,4.340474886225294
517,853,20070205130000,winter_4,39.499794,-75.006409,720,1220,2102,2602,-7.776481628417969,24.679588317871094,11.311448348343108,4.2227668825309514,-15.369402885437012,9.358599662780762,-3.6113922648068817,3.8070906113348757,0.030517578295822956,26.746421161001464,12.49091440194945,4.158578398663074
518,854,20070205140000,winter_4,39.499794,-75.006409,720,1220,2102,2602,-6.291401386260986,24.754148483276367,11.582025778178062,3.959639101209923,-15.482268333435059,9.008499145507812,-3.8400647492668947,3.5374198185142802,0.10681152311747591,26.74031826860516,12.7351300680589,3.859787732351813
519,855,20070205150000,winter_4,39.499794,-75.006409,720,1220,2102,2602,-5.090259552001953,25.452024459838867,11.655089920650251,3.823752017089622,-13.860299110412598,9.315526008605957,-3.8030591163147127,3.3664918414684615,0.03356933585445157,25.452438574393657,12.729729603848911,3.769974896519977
520,856,20070205160000,winter_4,39.499794,-75.006409,720,1220,2102,2602,-4.031190872192383,26.096555709838867,11.825739733648637,3.691378180679827,-12.908743858337402,9.398286819458008,-3.731642605440176,3.238651282103772,0.27466583477347145,26.13605506355515,12.825700637988646,3.6592096041770628
521,857,20070205170000,winter_4,39.499794,-75.006409,720,1220,2102,2602,-4.11436128616333,25.17143440246582,12.025113257936008,3.599232719327077,-13.479804039001465,8.928648948669434,-3.703389486603383,3.0935686276940353,0.3265457011732177,25.55619863811654,12.965644792917537,3.568632886931709
522,858,20070205180000,winter_4,39.499794,-75.006409,720,1220,2102,2602,-3.310101270675659,24.606815338134766,12.220623616577804,3.542077172985231,-12.76047420501709,9.044482231140137,-3.71158736403459,2.9827883382334663,0.23499298259941007,25.080108348564785,13.126441436266752,3.5013418183982377
523,859,20070205190000,winter_4,39.499794,-75.006409,720,1220,2102,2602,-2.2059264183044434,23.960561752319336,12.37872723443753,3.5365946481999413,-12.467449188232422,8.997320175170898,-3.7365928457995716,2.9217631857385977,0.4577789223040533,24.454483732266354,13.267587645367605,3.494328824193383
524,860,20070205200000,winter_4,39.499794,-75.006409,720,1220,2102,2602,-1.3188245296478271,24.00739097595215,12.468681253387093,3.569108989965454,-12.782967567443848,8.755579948425293,-3.7553632204069585,2.943637950573545,0.28992461366416034,24.655906475341194,13.358779173520581,3.5379835323491626
525,861,20070205210000,winter_4,39.499794,-75.006409,720,1220,2102,2602,-1.9484367370605469,24.775062561035156,12.41357238670671,3.626137174859216,-12.371487617492676,8.475400924682617,-3.7761851971302964,3.0012052804441636,0.2136306710692778,24.826804885217463,13.321996896264679,3.6106587605601033
526,862,20070205220000,winter_4,39.499794,-75.006409,720,1220,2102,2602,-5.628163814544678,26.704795837402344,11.806153651096531,4.061809444911326,-13.405465126037598,8.80182933807373,-3.6385011115945467,3.249950073454584,0.09765625357999824,26.837974494348448,12.766264179082427,4.087410516325697
527,863,20070205230000,winter_4,39.499794,-75.006409,720,1220,2102,2602,-5.416203022003174,27.857131958007812,11.805720206864594,4.306180047488972,-13.097030639648438,8.329704284667969,-3.7730110105993804,3.5628178935458656,0.13123321406660696,27.96716181190269,12.924319117768261,4.220127364775583
528,864,20070206000000,winter_4,39.499794,-75.006409,720,1220,2102,2602,-5.466092109680176,29.26930046081543,11.7614342076844,4.48910189555921,-13.953276634216309,7.999605178833008,-4.031491249285723,3.7292825616971013,0.1709060661087358,29.856255952939005,13.033125375745307,4.333760896559854
529,865,20070206010000,winter_4,39.499794,-75.006409,720,1220,2102,2602,-7.095894813537598,29.16048812866211,11.578889660654657,4.58357359620193,-14.470102310180664,8.464877128601074,-4.289210262173668,3.8373773299640472,0.12207794488182316,29.862358501662214,12.988825414835372,4.415091898703749
530,866,20070206020000,winter_4,39.499794,-75.006409,720,1220,2102,2602,-6.466456890106201,28.370162963867188,11.30266795008313,4.607763283805103,-14.953598022460938,8.539039611816406,-4.5090417614495975,3.907304413677657,0.11596679964764386,30.643639128403883,12.834837275035966,4.455022197521292
531,867,20070206030000,winter_4,39.499794,-75.006409,720,1220,2102,2602,-6.7370758056640625,28.86722755432129,10.963179330276962,4.5481908557147515,-15.241720199584961,8.19775390625,-4.628001375901426,3.946370523662136,0.16785431173656504,29.343543084934108,12.573656774093713,4.446654187193046
532,868,20070206040000,winter_4,39.499794,-75.006409,720,1220,2102,2602,-6.4940972328186035,27.409265518188477,10.60764232218941,4.426221203173278,-14.677541732788086,8.025528907775879,-4.642217156717402,3.9634094493054266,0.11596679559526568,28.733176745421634,12.253883142378323,4.383452098612
533,869,20070206050000,winter_4,39.499794,-75.006409,720,1220,2102,2602,-5.9738969802856445,26.20487403869629,10.247074373184237,4.279210334639259,-15.056293487548828,8.071592330932617,-4.585082757905159,3.966634183960912,0.07019043063383962,29.218422380491695,11.903144035116677,4.287949046237061
534,870,20070206060000,winter_4,39.499794,-75.006409,720,1220,2102,2602,-5.029309272766113,26.183086395263672,9.947709405370937,4.1235302020588085,-15.958727836608887,8.252538681030273,-4.4452390292559665,3.950959912800121,0.051879885388026424,28.580581397233278,11.56481892068846,4.193521352331096
535,871,20070206070000,winter_4,39.499794,-75.006409,720,1220,2102,2602,-5.148869514465332,25.892290115356445,9.736727313515098,3.9833528358622985,-15.40733528137207,7.8893914222717285,-4.262762689172868,3.928441320138178,0.054931640848871616,28.41883780650007,11.289424739730709,4.101663636703124
536,872,20070206080000,winter_4,39.499794,-75.006409,720,1220,2102,2602,-5.4697585105896,25.63306999206543,9.593603200325433,3.8643835301650276,-15.09681510925293,8.931865692138672,-4.0621752627875365,3.926395809028588,0.05798339865062108,27.04245048655919,11.08855807499452,3.9915428302523837
537,873,20070206090000,winter_4,39.499794,-75.006409,720,1220,2102,2602,-5.263671875,25.67007064819336,9.506161438877164,3.7808604730376465,-15.260222434997559,9.321846961975098,-3.8415683443782305,3.9035820851695755,0.021362303808889854,26.31916009653905,10.93558391491438,3.8820891409942218
538,874,20070206100000,winter_4,39.499794,-75.006409,720,1220,2102,2602,-5.4158525466918945,25.508846282958984,9.440339456980706,3.727227321033873,-14.90672492980957,9.323899269104004,-3.599993674972297,3.9046559249930977,0.01525878899611289,26.587723543111604,10.802753639758325,3.8103856388560646
539,875,20070206110000,winter_4,39.499794,-75.006409,720,1220,2102,2602,-5.2507500648498535,25.19091033935547,9.433694493432977,3.7079301941599514,-14.113556861877441,9.593494415283203,-3.3341046717950737,3.924667256795581,0.07934570580406947,27.033294749299554,10.727961316570996,3.7647644215005216
540,876,20070206120000,winter_4,39.499794,-75.006409,720,1220,2102,2602,-4.387003421783447,24.93784523010254,9.455540316859887,3.709683476058119,-13.730663299560547,9.49850845336914,-3.0702105080617863,3.953578666290832,0.1007080070173737,27.41783143467907,10.684024886958152,3.7520105577574303
541,877,20070206130000,winter_4,39.499794,-75.006409,720,1220,2102,2602,-4.328625202178955,25.28037452697754,9.284953834968247,3.7669258733594413,-13.255980491638184,9.384915351867676,-2.9047358851391603,3.7901364366874692,0.024414062530513137,27.256081594239223,10.391003235361643,3.902534405575606
542,878,20070206140000,winter_4,39.499794,-75.006409,720,1220,2102,2602,-3.9314310550689697,25.058555603027344,8.985042000546859,3.8782892926465413,-12.927308082580566,9.32149887084961,-2.8246065469719768,3.490494669541008,0.05798339938870185,26.258125001731237,9.940535803908583,4.137609298079098
543,879,20070206150000,winter_4,39.499794,-75.006409,720,1220,2102,2602,-2.995889186859131,23.09733009338379,9.049692744891864,3.650114030647215,-11.920161247253418,8.601274490356445,-2.658414873904097,3.362966129964571,0.030517577437705078,23.770866632687,9.9052817864925,3.9347648947477714
544,880,20070206160000,winter_4,39.499794,-75.006409,720,1220,2102,2602,-3.704664468765259,20.77946662902832,9.151855303113342,3.477025043039735,-11.927633285522461,8.022943496704102,-2.406744548705778,3.27397708226215,0.048828123662664404,20.981475814793015,9.913531419752346,3.752252481714818
545,881,20070206170000,winter_4,39.499794,-75.006409,720,1220,2102,2602,-2.980091094970703,19.573047637939453,9.22988399846382,3.3722356219588665,-12.530105590820312,8.340819358825684,-2.1579554554927545,3.1987047189660434,0.06408691566631897,20.603043116100093,9.91338144781924,3.6298875481434156
546,882,20070206180000,winter_4,39.499794,-75.006409,720,1220,2102,2602,-3.00352144241333,20.45995330810547,9.277235052782897,3.3249568105183758,-11.280532836914062,9.066412925720215,-1.8951359726436598,3.158925247082202,0.07934570385803986,20.813621583203766,9.901748456973099,3.5564244098094453
547,883,20070206190000,winter_4,39.499794,-75.006409,720,1220,2102,2602,-2.188511371612549,20.48944091796875,9.289621727765574,3.2977008329151563,-11.857163429260254,9.375683784484863,-1.6315705005038883,3.159175264403209,0.10070800409246602,20.633567733717975,9.880766686630583,3.4906679822186613
548,884,20070206200000,winter_4,39.499794,-75.006409,720,1220,2102,2602,-2.430570125579834,18.035728454589844,9.215088026683821,3.3103604906243147,-11.893472671508789,8.891847610473633,-1.3551693837826224,3.2086948236443615,0.15259551713651331,19.238868213884466,9.805614687058986,3.443611629724664
549,885,20070206210000,winter_4,39.499794,-75.006409,720,1220,2102,2602,-2.551769495010376,18.21507453918457,8.971676397377253,3.411297362071319,-11.16482925415039,9.351826667785645,-1.0826987529557166,3.281802938520447,0.06408691635513222,18.811607711727074,9.592610279229753,3.4716310603921907
550,886,20070206220000,winter_4,39.499794,-75.006409,720,1220,2102,2602,-4.316181659698486,20.66990852355957,8.515531130685575,3.797313845671849,-10.735452651977539,10.330239295959473,-0.7781416581607564,3.4585521917426183,0.08544922065708596,22.62947788981863,9.264719946573388,3.6967438232780405
551,887,20070206230000,winter_4,39.499794,-75.006409,720,1220,2102,2602,-5.538322448730469,21.402944564819336,8.305329720339655,4.011958982379661,-10.66712760925293,12.69373607635498,-0.4678745298464973,3.7590728438459857,0.03662109393074955,23.9082030078642,9.268799035095755,3.6760326859103762
552,888,20070207000000,winter_4,39.499794,-75.006409,720,1220,2102,2602,-5.049035549163818,23.147510528564453,8.040563678056488,4.098899310551194,-9.877962112426758,13.168423652648926,-0.25468708509492194,3.9239928855000037,0.09155273618322855,25.351723996498677,9.147432581406948,3.638502805317284
553,889,20070207010000,winter_4,39.499794,-75.006409,720,1220,2102,2602,-6.932429313659668,26.18340301513672,7.727720605113482,4.120732753239976,-9.831503868103027,13.278488159179688,-0.12665922733184085,3.9389176933662973,0.05187988352860419,27.866446102398335,8.901199868211128,3.605254531300217
554,890,20070207020000,winter_4,39.499794,-75.006409,720,1220,2102,2602,-5.130756855010986,28.608190536499023,7.42283125456857,4.114114020151835,-9.334386825561523,12.736541748046875,-0.045939512838987166,3.8378854303650938,0.0640869121447717,29.59989835124545,8.598444138239499,3.580864619283064
555,891,20070207030000,winter_4,39.499794,-75.006409,720,1220,2102,2602,-3.6369307041168213,30.14300537109375,7.194418194957326,4.132104966376828,-9.127546310424805,13.297719955444336,0.026550398383047083,3.6818118331510776,0.0610351529426803,30.561232867638044,8.320324212094834,3.628028792761043
556,892,20070207040000,winter_4,39.499794,-75.006409,720,1220,2102,2602,-3.6179001331329346,31.35373306274414,7.065889409273281,4.1550374609590905,-8.928956031799316,12.975776672363281,0.06974934718142817,3.4955630195681997,0.012207031140457368,31.537826046654597,8.116344624219256,3.679661014572653
557,893,20070207050000,winter_4,39.499794,-75.006409,720,1220,2102,2602,-3.93407940864563,31.273054122924805,6.992526825258451,4.1991353077740445,-8.691638946533203,13.244606018066406,0.11154467153491504,3.388062685761748,0.06408691687538104,31.778923103309133,8.023364888341627,3.6939403866168936
558,894,20070207060000,winter_4,39.499794,-75.006409,720,1220,2102,2602,-3.652817487716675,32.47080993652344,6.975392320340544,4.241151444812255,-8.873353958129883,13.008692741394043,0.1251557402838437,3.4035193231397316,0.03356933604332737,33.23465782188921,8.027419051301386,3.7153216169820324
559,895,20070207070000,winter_4,39.499794,-75.006409,720,1220,2102,2602,-3.977080821990967,33.76115036010742,7.017499157565087,4.280007526794676,-10.051092147827148,15.576346397399902,0.10776649616398709,3.539263912552505,0.030517577111068662,34.93148650154319,8.111295880943322,3.7826763869024833
560,896,20070207080000,winter_4,39.499794,-75.006409,720,1220,2102,2602,-3.9093682765960693,33.406253814697266,7.17322418382895,4.268265120133658,-12.079681396484375,17.288267135620117,0.01747640767408919,3.6597253276237027,0.05187988155752583,35.227515612738735,8.267861329509143,3.835309148126264
561,897,20070207090000,winter_4,39.499794,-75.006409,720,1220,2102,2602,-4.592073440551758,32.358768463134766,7.433394298505783,4.282703440151366,-13.80692195892334,16.468582153320312,-0.20890616927598288,3.7643499761470607,0.06713867203800897,34.93759181864751,8.518560174415137,3.9044851950917825
562,898,20070207100000,winter_4,39.499794,-75.006409,720,1220,2102,2602,-6.348595142364502,30.591440200805664,7.800926135806767,4.427135885076759,-16.0573787689209,17.082256317138672,-0.5984629590359752,3.8062755667181842,0.05493164343810989,34.08001760229333,8.922359233645986,3.9612344073727335
563,899,20070207110000,winter_4,39.499794,-75.006409,720,1220,2102,2602,-8.497846603393555,30.219497680664062,8.2140014889344,4.678058698216089,-18.367351531982422,16.667593002319336,-1.2263111134594575,3.752355152921012,0.05493164247261635,33.915223756115466,9.420128068778306,4.024829058809066
564,900,20070207120000,winter_4,39.499794,-75.006409,720,1220,2102,2602,-7.202937602996826,30.981393814086914,8.477751400119569,4.877275147718912,-21.465803146362305,14.868212699890137,-2.039754337912678,3.759828015171699,0.10681151832890738,35.49912985981709,9.883781073464661,4.033343256321132
565,901,20070207130000,winter_4,39.499794,-75.006409,720,1220,2102,2602,-10.831958770751953,32.231449127197266,8.413756961792183,4.997077503903665,-22.592304229736328,14.311271667480469,-2.8882432235025983,3.6763662635251926,0.11901855758346544,37.68730782621335,10.022976071089474,4.14242179071484
566,902,20070207140000,winter_4,39.499794,-75.006409,720,1220,2102,2602,-7.796963691711426,31.102336883544922,8.191965319499666,4.94339844838554,-22.669898986816406,11.893285751342773,-3.6243192444095156,3.6266806558118088,0.05187988442529508,36.60084918866562,9.976670245389053,4.277854297985297
567,903,20070207150000,winter_4,39.499794,-75.006409,720,1220,2102,2602,-5.683937072753906,29.036069869995117,8.42081038637351,4.717614150531346,-21.98969841003418,8.919852256774902,-4.233415922254355,3.6792248725578975,0.0396728527209236,34.28449278363318,10.354213783526447,4.173091635134063
568,904,20070207160000,winter_4,39.499794,-75.006409,720,1220,2102,2602,-5.117673397064209,25.98398208618164,8.753113634686201,4.352482810065539,-20.713491439819336,8.08219051361084,-4.702799671579159,3.7335649118943697,0.09155273712055141,30.75655378027161,10.759866857381489,3.980226353789789
569,905,20070207170000,winter_4,39.499794,-75.006409,720,1220,2102,2602,-5.127769470214844,24.152732849121094,9.104261183004494,3.9400812981376987,-18.705463409423828,8.558815956115723,-5.032736866942102,3.7588193266197654,0.09460448893478135,27.240821695589407,11.122424065143752,3.763065019562708
570,906,20070207180000,winter_4,39.499794,-75.006409,720,1220,2102,2602,-3.668947696685791,22.6684513092041,9.42193530445151,3.611861303933382,-16.806909561157227,9.122143745422363,-5.215349569107249,3.8200116367335815,0.10070801091730533,25.684378585623733,11.421828594577214,3.6266511479582006
571,907,20070207190000,winter_4,39.499794,-75.006409,720,1220,2102,2602,-4.14345645904541,22.843429565429688,9.681559068499721,3.399517230304429,-16.178482055664062,10.103642463684082,-5.268592568738306,3.9184093400053874,0.094604494256508,24.59486362206607,11.645569222044506,3.5751951417736074
572,908,20070207200000,winter_4,39.499794,-75.006409,720,1220,2102,2602,-5.335104942321777,20.799654006958008,9.801953428412027,3.3285810225571337,-15.670037269592285,9.030797958374023,-5.168893351046885,4.047123416372068,0.06713866883757205,23.541976486658466,11.721081659127686,3.5875693440531826
573,909,20070207210000,winter_4,39.499794,-75.006409,720,1220,2102,2602,-5.474958419799805,20.743406295776367,9.65582974869803,3.356704754056649,-15.283037185668945,9.592320442199707,-4.908713855576972,4.193328930854681,0.10681152665161275,23.242896594729682,11.528886861347559,3.64235664347579
574,910,20070207220000,winter_4,39.499794,-75.006409,720,1220,2102,2602,-6.700191020965576,22.372865676879883,9.249689500455245,3.7053830436749795,-14.429615020751953,9.500713348388672,-4.515581100663781,4.481748031733364,0.18616485702085311,24.2042312638159,11.183321050736048,3.8335998393113297
575,911,20070207230000,winter_4,39.499794,-75.006409,720,1220,2102,2602,-5.318753242492676,24.60469627380371,9.371211901424239,3.9066269199244448,-14.02062702178955,9.500127792358398,-4.400907319382385,4.681348155017238,0.21057892139284862,25.864433607637313,11.450980950987466,3.6385969047522337
576,912,20070208000000,winter_4,39.499794,-75.006409,720,1220,2102,2602,-6.289627552032471,27.922985076904297,9.294825334136876,4.038676425632041,-13.932530403137207,9.682042121887207,-4.301437289365474,4.724428595378007,0.10681152452742187,28.278451025500896,11.446075364707566,3.5376026226347776
577,913,20070208010000,winter_4,39.499794,-75.006409,720,1220,2102,2602,-6.755028247833252,28.346784591674805,9.111484570135893,4.100756831185105,-14.701780319213867,9.527859687805176,-4.13907186307311,4.7040427347792,0.12512969771746968,28.57752960311707,11.260078368618398,3.507980434840001
578,914,20070208020000,winter_4,39.499794,-75.006409,720,1220,2102,2602,-6.535001754760742,29.009536743164062,8.935807823517782,4.095973695704159,-15.765214920043945,9.827369689941406,-3.9656513526099406,4.607373137999295,0.06713867202116805,29.38627587493398,11.016281383016155,3.4959239620117906
579,915,20070208030000,winter_4,39.499794,-75.006409,720,1220,2102,2602,-6.509317874908447,28.076099395751953,8.766079411153777,4.071678988029328,-16.714555740356445,10.4153470993042,-3.7611975120486867,4.489957921154892,0.15259551948867192,29.11160239754794,10.765839429011226,3.438858571000521
580,916,20070208040000,winter_4,39.499794,-75.006409,720,1220,2102,2602,-7.3322649002075195,27.359296798706055,8.622130446557014,4.021114569063746,-17.183265686035156,11.013423919677734,-3.5291702000365985,4.327566359421928,0.09155273143117328,29.691459859298845,10.510984340088502,3.3485186147643247
581,917,20070208050000,winter_4,39.499794,-75.006409,720,1220,2102,2602,-7.25293493270874,27.840898513793945,8.470197024899148,3.9587109439861075,-16.809528350830078,10.834391593933105,-3.2540995662455607,4.188559556915475,0.07934570262096932,29.898987761793055,10.245532615218368,3.252366301327387
582,918,20070208060000,winter_4,39.499794,-75.006409,720,1220,2102,2602,-7.5599365234375,28.5866641998291,8.394805099609204,3.892504883966535,-16.4097900390625,11.18648624420166,-2.9319437449354417,4.102736900621515,0.07019043290875696,30.58869849562742,10.054866743143224,3.154797284921477
583,919,20070208070000,winter_4,39.499794,-75.006409,720,1220,2102,2602,-7.144022464752197,29.42730140686035,8.375125902331392,3.850657058766365,-16.947233200073242,11.397348403930664,-2.565528669508569,4.053697631269513,0.07629394630843346,31.131935390418693,9.921440632537054,3.0902607137590574
584,920,20070208080000,winter_4,39.499794,-75.006409,720,1220,2102,2602,-7.552931785583496,29.68638801574707,8.456905665027028,3.85577926461761,-16.98372459411621,11.617095947265625,-2.2325948865117056,3.998364933859532,0.0701904319465128,31.522568009754444,9.891177189793694,3.0858229107196036
585,921,20070208090000,winter_4,39.499794,-75.006409,720,1220,2102,2602,-7.359504222869873,30.908727645874023,8.631300738868244,3.8979597928848513,-17.19264030456543,12.033395767211914,-1.9779003983336647,3.933373710103811,0.036621093771997175,32.898956738122315,9.955454085720719,3.1568806863588206
586,922,20070208100000,winter_4,39.499794,-75.006409,720,1220,2102,2602,-6.662813186645508,30.96143913269043,8.893860099468087,3.950239819491042,-17.518051147460938,11.77735424041748,-1.819274693198874,3.8602701155926855,0.05187988085199546,33.396408153981525,10.10617896759388,3.2835551693276073
587,923,20070208110000,winter_4,39.499794,-75.006409,720,1220,2102,2602,-6.816097259521484,31.146560668945312,9.24981867344281,3.9820691579540184,-17.589651107788086,11.87248706817627,-1.8191205487577118,3.76221248989426,0.05187988121682149,33.55204721342347,10.355844212686538,3.4111513163293705
588,924,20070208120000,winter_4,39.499794,-75.006409,720,1220,2102,2602,-8.28514289855957,31.803499221801758,9.629300269636397,3.983257444682737,-17.48926544189453,11.511125564575195,-1.9756026747666715,3.6639431448563524,0.11901855185812936,34.04950031712,10.66349135001421,3.4938805186922535
589,925,20070208130000,winter_4,39.499794,-75.006409,720,1220,2102,2602,-7.156561851501465,31.114696502685547,9.914536715507378,3.9719977640051147,-18.10309600830078,9.857223510742188,-2.4788434200355356,3.2832456265898706,0.12207793866777866,33.918275005739574,10.854937495230478,3.628980992044444
590,926,20070208140000,winter_4,39.499794,-75.006409,720,1220,2102,2602,-6.415736198425293,30.124826431274414,9.965576885986586,3.959936402007136,-17.708066940307617,9.893158912658691,-2.8951537459931718,2.9141624151262637,0.051879885919037055,33.054596413216956,10.84342753022204,3.77996774720987
591,927,20070208150000,winter_4,39.499794,-75.006409,720,1220,2102,2602,-4.046750545501709,26.678064346313477,10.400861049249805,3.8726828298839004,-16.762554168701172,9.033373832702637,-3.294964141239898,2.7121236826046755,0.1007080121680464,30.57649318254611,11.286649686040406,3.741593950856412
592,928,20070208160000,winter_4,39.499794,-75.006409,720,1220,2102,2602,-4.3284010887146,25.46546173095703,10.827040408375954,3.8508808207690284,-16.102933883666992,8.675374984741211,-3.647281067190813,2.6674609106330998,0.11291503722176216,29.48088129834448,11.761952298815519,3.7587992914765964
593,929,20070208170000,winter_4,39.499794,-75.006409,720,1220,2102,2602,-4.120770454406738,23.717784881591797,11.120952999432367,3.89410356390155,-15.447474479675293,8.185032844543457,-4.003980576542979,2.7503539705200595,0.30213165861494634,26.75557582254944,12.15678657999581,3.827334013500417
594,930,20070208180000,winter_4,39.499794,-75.006409,720,1220,2102,2602,-2.83278751373291,22.60995101928711,11.317968761092924,3.996269457755485,-14.293652534484863,8.487505912780762,-4.305569846998449,2.941769099559251,0.28076934719620394,24.158454799858408,12.46830797222924,3.974898729302833
595,931,20070208190000,winter_4,39.499794,-75.006409,720,1220,2102,2602,-4.966823101043701,22.74346160888672,11.383743516780887,4.113892005199106,-12.548307418823242,8.374855995178223,-4.543124756473058,3.240854074944358,0.29907989538017055,24.70473502700331,12.658815274232591,4.172677488988272
596,932,20070208200000,winter_4,39.499794,-75.006409,720,1220,2102,2602,-1.5115325450897217,23.663223266601562,11.221206988899112,4.17329416899408,-12.403075218200684,9.397843360900879,-4.606224965870302,3.6734741382892375,0.3753814848749551,24.39955064189009,12.6160677100602,4.344931153049647
597,933,20070208210000,winter_4,39.499794,-75.006409,720,1220,2102,2602,-3.8737776279449463,22.524290084838867,10.760428351016664,4.179306580133664,-13.07878589630127,10.11447525024414,-4.422968158735484,4.142522271156702,0.1678543067535411,24.19507610336851,12.242006654666898,4.48439883991381
598,934,20070208220000,winter_4,39.499794,-75.006409,720,1220,2102,2602,-4.704258441925049,23.02723503112793,10.132256798435375,4.3406208227072005,-14.41745662689209,10.150893211364746,-4.0055696067533795,4.715412943859546,0.06103515757540525,23.657950872596984,11.75061504765433,4.659009558206916
599,935,20070208230000,winter_4,39.499794,-75.006409,720,1220,2102,2602,-4.124996185302734,23.606060028076172,10.105460011511806,4.207185406514832,-14.444622993469238,10.154187202453613,-3.8069606866042083,5.098557187526917,0.21057892813635126,23.68236543435341,11.892628587679896,4.344462156399436
600,936,20070209000000,winter_4,39.499794,-75.006409,720,1220,2102,2602,-6.079634189605713,24.864524841308594,9.928368984938501,4.159652245855827,-14.968050003051758,10.870401382446289,-3.6383883801986836,5.219070092291473,0.10070800498850957,24.872582895943285,11.807462116475179,4.11529081705798
601,937,20070209010000,winter_4,39.499794,-75.006409,720,1220,2102,2602,-5.3694987297058105,24.228199005126953,9.655818965399382,4.169164079473948,-13.59045124053955,12.79112720489502,-3.385752306067901,5.1963737188676005,0.0610351575235005,24.320197696067524,11.553911920756486,3.9483549543734626
602,938,20070209020000,winter_4,39.499794,-75.006409,720,1220,2102,2602,-5.718872547149658,24.768102645874023,9.46783270332431,4.187940227453516,-13.512151718139648,11.562994956970215,-3.157867637459331,4.984873519658241,0.04882812462436029,24.76882207129159,11.295170244204092,3.797225384937018
603,939,20070209030000,winter_4,39.499794,-75.006409,720,1220,2102,2602,-5.678961753845215,24.716171264648438,9.36787362215579,4.1807117189361565,-13.56851863861084,11.228638648986816,-2.957086529471841,4.634173500158067,0.0762939444213531,24.933624174207395,11.03995714529727,3.6843829442503955
604,940,20070209040000,winter_4,39.499794,-75.006409,720,1220,2102,2602,-5.267510414123535,24.795307159423828,9.339153213946416,4.16617737484019,-14.019282341003418,10.791090965270996,-2.835511717275151,4.203609298414912,0.12207793666290054,25.894959489774784,10.818931163643189,3.6384066541648656
605,941,20070209050000,winter_4,39.499794,-75.006409,720,1220,2102,2602,-6.2143707275390625,24.99997329711914,9.354180229180981,4.129215839723677,-14.917253494262695,10.629150390625,-2.7630482256555995,3.800921835628289,0.04272460837195386,26.416823856812652,10.654151385982413,3.62237653391372
606,942,20070209060000,winter_4,39.499794,-75.006409,720,1220,2102,2602,-7.256326198577881,25.76217269897461,9.45395356734415,4.081218345033423,-14.861092567443848,10.28842544555664,-2.726686325190879,3.4798658305589467,0.10681152812268883,27.48497025965632,10.594599313819307,3.6513464814545715
607,943,20070209070000,winter_4,39.499794,-75.006409,720,1220,2102,2602,-5.882879257202148,25.45948028564453,9.594190446656388,4.025694730486239,-16.067676544189453,10.325967788696289,-2.729505004987406,3.281583827260041,0.061035158073960816,27.054656906698263,10.624873493146904,3.6858868175769635
608,944,20070209080000,winter_4,39.499794,-75.006409,720,1220,2102,2602,-6.18056058883667,25.643299102783203,9.795121762721571,3.967090142943953,-16.285499572753906,9.94800090789795,-2.7721182056852642,3.1589390479627757,0.08544921719913555,26.416824842564367,10.750689326503236,3.710583351554021
609,945,20070209090000,winter_4,39.499794,-75.006409,720,1220,2102,2602,-6.951678276062012,26.785541534423828,10.0108597754896,3.944771527144727,-17.615774154663086,8.72375774383545,-2.8809965780254805,3.0824260413262903,0.10681152020856177,27.368996175990958,10.937831972894333,3.73414771553816
610,946,20070209100000,winter_4,39.499794,-75.006409,720,1220,2102,2602,-6.4088592529296875,25.899415969848633,10.211965231657667,3.981489801655575,-18.130531311035156,9.254283905029297,-3.0740654799919036,3.0588414103308215,0.039672850714617826,29.1024476244459,11.167439082107864,3.772424767906541
611,947,20070209110000,winter_4,39.499794,-75.006409,720,1220,2102,2602,-7.152143478393555,25.025310516357422,10.36787429104061,4.055214862621083,-17.88694190979004,8.44114875793457,-3.330966483398526,3.1200060823735907,0.1190185595152401,27.906128306101074,11.402467390695774,3.840715814602246
612,948,20070209120000,winter_4,39.499794,-75.006409,720,1220,2102,2602,-7.296889305114746,24.664432525634766,10.446967325138738,4.147414123032595,-18.578105926513672,8.837786674499512,-3.627739642093856,3.2192373015606712,0.048828124291715076,28.568375271071368,11.593960637659459,3.9299148397170987
613,949,20070209130000,winter_4,39.499794,-75.006409,720,1220,2102,2602,-6.475531578063965,24.002283096313477,10.219907868603487,4.349337453144659,-20.167558670043945,8.554433822631836,-4.02800923258729,2.9974836657780677,0.10375976693491311,27.350685587097736,11.458827417674076,4.155513691524306
614,950,20070209140000,winter_4,39.499794,-75.006409,720,1220,2102,2602,-4.213898181915283,25.55645751953125,9.834729970691194,4.580072447178995,-18.74148178100586,7.304666996002197,-4.341021826943081,2.8009422365550405,0.05493163952822618,27.903076344143706,11.166549961623792,4.438117516120288
615,951,20070209150000,winter_4,39.499794,-75.006409,720,1220,2102,2602,-5.883678913116455,25.935943603515625,9.626832564039379,4.56534632016603,-18.098552703857422,8.31716537475586,-4.531504843053677,2.7389688578978824,0.03051757780206719,28.977324175776566,11.056065348515109,4.395247182539267
616,952,20070209160000,winter_4,39.499794,-75.006409,720,1220,2102,2602,-4.649263381958008,24.999195098876953,9.510059779574,4.425817123142083,-17.538942337036133,6.858165264129639,-4.6296342461154145,2.68750356802148,0.05798339855581485,28.653831084186198,10.97889738298805,4.260175483864447
617,953,20070209170000,winter_4,39.499794,-75.006409,720,1220,2102,2602,-5.0867486000061035,23.812780380249023,9.426592742802013,4.2491952771152075,-17.193490982055664,5.88448429107666,-4.697035940808538,2.62908393065166,0.10375976916797426,25.12894430114893,10.914770762309779,4.093692635212279
618,954,20070209180000,winter_4,39.499794,-75.006409,720,1220,2102,2602,-5.007676124572754,22.672283172607422,9.354735813249766,4.106964432767062,-15.07370376586914,5.940299987792969,-4.7137667671826815,2.594449450445281,0.10681152241878719,23.270363034004177,10.846243263538163,3.960809404929272
619,955,20070209190000,winter_4,39.499794,-75.006409,720,1220,2102,2602,-4.018258571624756,21.958927154541016,9.249103762298478,3.9948077431195257,-13.528290748596191,6.696466445922852,-4.722764903569998,2.586889786447465,0.07629394093815087,22.696617151720748,10.751691051844157,3.860318113519216
620,956,20070209200000,winter_4,39.499794,-75.006409,720,1220,2102,2602,-3.9200220108032227,22.63825035095215,9.073248451482382,3.886878285652971,-16.13813591003418,7.5925798416137695,-4.669640843425069,2.653920782958817,0.10681152634592904,23.163551679157422,10.585261042413064,3.7726317157369933
621,957,20070209210000,winter_4,39.499794,-75.006409,720,1220,2102,2602,-4.273664474487305,22.356712341308594,8.782311364580863,3.815937049279653,-15.000508308410645,8.358778953552246,-4.542134940581348,2.758518531989521,0.16175079655293223,23.633536671126194,10.301630102869597,3.7158040855165875
622,958,20070209220000,winter_4,39.499794,-75.006409,720,1220,2102,2602,-5.058576583862305,23.908039093017578,8.496075864049958,3.9043324764182943,-15.622238159179688,8.928997993469238,-4.335109302184554,2.9826909762442155,0.0427246082825007,24.50636331574096,10.049907065168762,3.7571403057689463
623,959,20070209230000,winter_4,39.499794,-75.006409,720,1220,2102,2602,-6.502411842346191,25.13739776611328,8.577194998979188,3.9825724155086344,-17.21564292907715,8.202266693115234,-4.557739672706746,3.079810558469608,0.09155273355740687,26.316108946438657,10.310374591212186,3.6583543956806497
624,960,20070210000000,winter_4,39.499794,-75.006409,720,1220,2102,2602,-6.980489253997803,24.344419479370117,8.334092815110834,4.0529389766337385,-19.495803833007812,7.871827125549316,-4.832613111587127,3.1391694117642914,0.03356933534209996,27.057709006972836,10.29098428671932,3.631472689107738
625,961,20070210010000,winter_4,39.499794,-75.006409,720,1220,2102,2602,-8.287226676940918,23.669775009155273,7.8947989420607785,4.053308445629801,-17.51377296447754,7.743610858917236,-5.038494065992695,3.190630392456741,0.12207794345280078,27.24997738537135,10.074112874485264,3.582729997839693
626,962,20070210020000,winter_4,39.499794,-75.006409,720,1220,2102,2602,-8.802870750427246,22.055313110351562,7.359904823330775,3.9843736776486423,-17.273075103759766,7.113852024078369,-5.159660270352863,3.3020081437941293,0.07324219155221191,26.148262353076102,9.760696783282679,3.5067909552157035
627,963,20070210030000,winter_4,39.499794,-75.006409,720,1220,2102,2602,-9.984359741210938,21.917444229125977,6.779183717737807,3.860002712590176,-17.995779037475586,7.717528343200684,-5.127386206796771,3.421247210320663,0.057983398809436544,25.290687020008416,9.347805406444133,3.386813943970859
628,964,20070210040000,winter_4,39.499794,-75.006409,720,1220,2102,2602,-10.794222831726074,22.04861068725586,6.250772204901268,3.7030928642326453,-18.789705276489258,7.660874366760254,-4.967507977023161,3.5132552649227904,0.048828128051458225,24.66506143150544,8.917348464850388,3.2070304540842547
629,965,20070210050000,winter_4,39.499794,-75.006409,720,1220,2102,2602,-11.2777099609375,21.528234481811523,5.783586491523363,3.5823093625762414,-18.832530975341797,7.920012950897217,-4.705221810977071,3.6265517531188856,0.021362303843231338,24.25306028663751,8.513142008598008,3.016656447811187
630,966,20070210060000,winter_4,39.499794,-75.006409,720,1220,2102,2602,-11.10505199432373,21.817893981933594,5.451944315373272,3.486848277902669,-19.643648147583008,8.367891311645508,-4.3730837388655175,3.7246476841540503,0.04272460769177039,22.849204918780593,8.176259897836847,2.833274355277457
631,967,20070210070000,winter_4,39.499794,-75.006409,720,1220,2102,2602,-11.011385917663574,21.923377990722656,5.245049630085047,3.400415720358269,-19.376304626464844,8.686089515686035,-4.009596941889366,3.7869384382001354,0.02441406267973278,21.927551434702576,7.901666141546765,2.6560902190954745
632,968,20070210080000,winter_4,39.499794,-75.006409,720,1220,2102,2602,-10.902015686035156,22.771879196166992,5.173013465156903,3.317836997633263,-19.386045455932617,9.536603927612305,-3.659607099879221,3.8241560104546295,0.024414062542625903,23.071990268133185,7.712567654538018,2.5102398581640224
633,969,20070210090000,winter_4,39.499794,-75.006409,720,1220,2102,2602,-10.106892585754395,25.389495849609375,5.204173831385888,3.250448000611393,-18.675518035888672,10.221908569335938,-3.3677344410144068,3.783213208405641,0.07934570286442157,25.49821360347823,7.582019968772352,2.4116691544544633
634,970,20070210100000,winter_4,39.499794,-75.006409,720,1220,2102,2602,-9.578633308410645,26.621883392333984,5.277600576540825,3.192760618626525,-17.464107513427734,10.246302604675293,-3.110790147183529,3.7020477479661604,0.06713867135283431,26.895966360849435,7.4695367266472745,2.3738117386725146
635,971,20070210110000,winter_4,39.499794,-75.006409,720,1220,2102,2602,-9.098784446716309,26.988265991210938,5.420949788172352,3.155586216693364,-17.640464782714844,9.916024208068848,-2.861864386565399,3.6337605493571794,0.057983401159938566,27.591780537003885,7.422711134559966,2.375345003763964
636,972,20070210120000,winter_4,39.499794,-75.006409,720,1220,2102,2602,-8.68641185760498,27.13443374633789,5.602989099667296,3.1297525505683472,-17.429733276367188,9.233011245727539,-2.678786164615243,3.572317498424774,0.06408691428735107,27.8267756893894,7.438002853010473,2.4087961853742557
637,973,20070210130000,winter_4,39.499794,-75.006409,720,1220,2102,2602,-5.465436935424805,26.856632232666016,5.611806037221223,2.8898239539284907,-18.23624610900879,8.502758979797363,-2.4674246474992465,3.2718771736587593,0.0457763647997667,27.555161811050514,7.125937757195687,2.420294443918011
638,974,20070210140000,winter_4,39.499794,-75.006409,720,1220,2102,2602,-3.5713987350463867,26.083850860595703,5.386353207690349,2.652067267582421,-17.577735900878906,7.939169406890869,-2.38186146725886,2.875860540925598,0.021362303929642133,26.709800896654457,6.60815376902879,2.5144389701709207
639,975,20070210150000,winter_4,39.499794,-75.006409,720,1220,2102,2602,-2.943776845932007,24.71662139892578,5.79533348842357,2.5387242772177667,-17.243911743164062,7.086729049682617,-2.426368801156947,2.686435881010415,0.042724608848966776,25.534835710536193,6.8679997927034035,2.442497358691014
640,976,20070210160000,winter_4,39.499794,-75.006409,720,1220,2102,2602,-2.655034065246582,23.704925537109375,6.248981089704921,2.375050331029336,-16.000404357910156,7.491054534912109,-2.486319431542747,2.586083725682517,0.05493163900554171,24.5429830973464,7.204153603987439,2.379162234164384
641,977,20070210170000,winter_4,39.499794,-75.006409,720,1220,2102,2602,-2.322479724884033,24.353458404541016,6.686876217374275,2.2833393980540295,-16.262767791748047,7.687567710876465,-2.6063027815003923,2.5225949127766447,0.0762939440677066,25.22354883808158,7.588473179046031,2.3450642735144256
642,978,20070210180000,winter_4,39.499794,-75.006409,720,1220,2102,2602,-2.3357656002044678,25.878759384155273,7.109556691578824,2.276668702634259,-16.2687931060791,7.174918174743652,-2.781982041876709,2.481237184872397,0.06408691160784086,26.749473380282286,8.004629564125462,2.3560314773733846
643,979,20070210190000,winter_4,39.499794,-75.006409,720,1220,2102,2602,-2.0241379737854004,26.28652000427246,7.485675508559964,2.2737768031474084,-16.16875457763672,7.151150226593018,-3.006169417366938,2.462107800201282,0.07324218194625189,27.329321980761552,8.41016913387506,2.3608225887019074
644,980,20070210200000,winter_4,39.499794,-75.006409,720,1220,2102,2602,-2.592862844467163,26.4407958984375,7.767402227533411,2.292247352787375,-16.04439926147461,7.223421573638916,-3.263686739086204,2.4998022092482075,0.033569335292136813,27.320167542818087,8.765559565870289,2.377511935633763
645,981,20070210210000,winter_4,39.499794,-75.006409,720,1220,2102,2602,-2.473898410797119,26.060012817382812,7.86137440703557,2.3175814283826774,-15.925520896911621,7.887880802154541,-3.5425234686891045,2.601474727918007,0.15869902811279965,26.64266160888546,8.979743278885937,2.419451420527001
646,982,20070210220000,winter_4,39.499794,-75.006409,720,1220,2102,2602,-4.290557384490967,24.82168960571289,7.898720863622013,2.565080582450938,-15.546765327453613,8.729288101196289,-3.7919695946549123,2.8606944900052054,0.10681152589926776,26.203194333089186,9.210181013412425,2.589324573705524
647,983,20070210230000,winter_4,39.499794,-75.006409,720,1220,2102,2602,-6.2116193771362305,25.450653076171875,8.199028355210288,2.7786049715699632,-15.80974292755127,8.413532257080078,-4.392735948463023,3.1220588018484814,0.07629394615408318,26.340521503903865,9.839281641993148,2.6789230302924283
648,984,20070211000000,winter_4,39.499794,-75.006409,720,1220,2102,2602,-5.767974853515625,25.239501953125,8.062612030998906,2.93295793325782,-17.09086036682129,7.845494270324707,-4.974201961098658,3.3385861232483824,0.04882812539502002,25.663016286857978,10.090782979027496,2.7699993362781967
649,985,20070211010000,winter_4,39.499794,-75.006409,720,1220,2102,2602,-5.774806499481201,25.081876754760742,7.714151821243152,3.072861545112598,-18.03912353515625,7.709979057312012,-5.449701886513813,3.586373170983538,0.07324218764051096,25.37003332506541,10.162134615369641,2.871055490433726
650,986,20070211020000,winter_4,39.499794,-75.006409,720,1220,2102,2602,-6.813330173492432,24.50044059753418,7.233865838044728,3.164311625060891,-18.717273712158203,7.652148246765137,-5.762156287358596,3.8476388835483553,0.07324218309188861,24.716941359911146,10.085100177651446,2.939252879253541
651,987,20070211030000,winter_4,39.499794,-75.006409,720,1220,2102,2602,-7.490460395812988,23.979799270629883,6.695800724054652,3.204574024936424,-18.859800338745117,7.615682601928711,-5.888275399062673,4.125157544291312,0.06408691194395855,24.686424759974365,9.894255162744901,2.982527239183925
652,988,20070211040000,winter_4,39.499794,-75.006409,720,1220,2102,2602,-7.643763542175293,23.543781280517578,6.133552375291362,3.2381005628317356,-17.869016647338867,7.818569660186768,-5.815804098579866,4.376396392571205,0.039672850481074405,23.633536164077764,9.60357500909921,2.975488151216073
653,989,20070211050000,winter_4,39.499794,-75.006409,720,1220,2102,2602,-8.131904602050781,22.863466262817383,5.5628461537196845,3.2543643512848393,-17.200939178466797,8.428864479064941,-5.584917874177133,4.613146261608644,0.07019043311025039,22.876678755545907,9.242911245059592,2.9286793045868764
654,990,20070211060000,winter_4,39.499794,-75.006409,720,1220,2102,2602,-9.430564880371094,22.561279296875,5.0612393834023495,3.293582713778936,-16.090789794921875,8.474967002868652,-5.240210598924563,4.794234131789938,0.05187988291136558,22.577591137570323,8.875714054585211,2.8513188599919705
655,991,20070211070000,winter_4,39.499794,-75.006409,720,1220,2102,2602,-9.580107688903809,21.903736114501953,4.66001355444179,3.3820868872269214,-15.77840805053711,9.450936317443848,-4.8345059808268145,4.910816835913206,0.05798339673421093,21.915345017015927,8.55447101313185,2.7320017936229894
656,992,20070211080000,winter_4,39.499794,-75.006409,720,1220,2102,2602,-10.581811904907227,21.581220626831055,4.379190961010797,3.460075797972986,-14.745182037353516,10.001461029052734,-4.378241436202648,5.019451492315133,0.06713867468709814,21.597945957910866,8.29101579954844,2.6023809040456887
657,993,20070211090000,winter_4,39.499794,-75.006409,720,1220,2102,2602,-9.870527267456055,20.979625701904297,4.179309570032778,3.502298521924954,-14.852240562438965,9.39291763305664,-3.902005444471512,5.100835213915912,0.054931641684836954,20.98147551843587,8.054434974360754,2.4704183918618834
658,994,20070211100000,winter_4,39.499794,-75.006409,720,1220,2102,2602,-9.62796401977539,20.642696380615234,4.017866693940611,3.489247117179646,-14.189040184020996,9.71752643585205,-3.393892934485795,5.160913972820821,0.05493164224219183,20.642722201705208,7.806352956433932,2.3521254261218165
659,995,20070211110000,winter_4,39.499794,-75.006409,720,1220,2102,2602,-10.270554542541504,20.029130935668945,3.889456195821481,3.425496360708429,-13.044885635375977,10.007088661193848,-2.863200835848906,5.215251956724788,0.05798339781832214,20.029297199136572,7.546525720844246,2.3040434804067047
660,996,20070211120000,winter_4,39.499794,-75.006409,720,1220,2102,2602,-10.049792289733887,20.32529640197754,3.7753595449139725,3.34099807399858,-12.229788780212402,11.572367668151855,-2.3344762003702937,5.21184752027858,0.03356933640202319,20.334481287363076,7.2662122386155685,2.2871163573281303
661,997,20070211130000,winter_4,39.499794,-75.006409,720,1220,2102,2602,-7.321687698364258,19.977161407470703,3.630842815419875,2.8969197904936093,-11.485896110534668,11.485330581665039,-1.801124387954581,4.877525353409758,0.018310547107941607,19.995727675573004,6.5942059082801645,2.26404834225826
662,998,20070211140000,winter_4,39.499794,-75.006409,720,1220,2102,2602,-3.8810017108917236,20.08448028564453,3.3327874154687382,2.488189758525996,-10.96638298034668,10.509256362915039,-1.5001147704504336,4.310844358037998,0.042724608114167784,20.093383482387356,5.658521166642433,2.47253348643686
663,999,20070211150000,winter_4,39.499794,-75.006409,720,1220,2102,2602,-3.0872583389282227,19.261720657348633,3.586032218872548,2.376673780552185,-10.00080680847168,9.714455604553223,-1.05418168948214,4.111038352602262,0.048828124456723854,19.309059682010773,5.5488808838603045,2.39375471627567
664,1000,20070211160000,winter_4,39.499794,-75.006409,720,1220,2102,2602,-2.665435314178467,19.506549835205078,3.9776692250430976,2.2824436965232473,-9.812512397766113,10.08682918548584,-0.5501050760551092,3.9493793606606173,0.048828125317559534,19.52574303213369,5.581548515744405,2.4037326779737294
665,1001,20070211170000,winter_4,39.499794,-75.006409,720,1220,2102,2602,-3.330721139907837,18.999507904052734,4.3883146919733695,2.212485614394683,-10.414900779724121,10.44312572479248,-0.08414440822175204,3.7983033138315627,0.015258788857723884,19.040496706525243,5.733561607498303,2.3901585863730963
666,1002,20070211180000,winter_4,39.499794,-75.006409,720,1220,2102,2602,-3.8465850353240967,18.320327758789062,4.806634885912828,2.172948425690163,-9.577484130859375,11.074251174926758,0.32597839535533507,3.653876417803618,0.015258789067800751,18.39656160385139,5.997411595059995,2.3051188120015293
667,1003,20070211190000,winter_4,39.499794,-75.006409,720,1220,2102,2602,-4.248687744140625,18.24620819091797,5.2330084961130074,2.1664513650251194,-9.196521759033203,10.771596908569336,0.7008691720986074,3.508800099282071,0.06713867127123556,18.3172076419474,6.314921567457394,2.2366382737026647
668,1004,20070211200000,winter_4,39.499794,-75.006409,720,1220,2102,2602,-5.087751865386963,17.836864471435547,5.637109049093706,2.1651089030427055,-8.825952529907227,11.519367218017578,1.034633010084526,3.382756048133189,0.04577636785243161,17.87774727953169,6.653591765927052,2.1697731569302108
669,1005,20070211210000,winter_4,39.499794,-75.006409,720,1220,2102,2602,-3.0260467529296875,18.243181228637695,5.913109792753741,2.1934600619970133,-7.913295269012451,11.354572296142578,1.2884016436602095,3.243439164629014,0.05493164220574614,18.25617218732205,6.890866901400227,2.114701922720707
670,1006,20070211220000,winter_4,39.499794,-75.006409,720,1220,2102,2602,-3.136216402053833,19.632644653320312,6.17950670608778,2.3454912230428238,-7.944133758544922,12.300119400024414,1.6948120289302528,3.3721641520510643,0.10681152360503854,20.255134222094426,7.306640642916224,2.1317864820437604
671,1007,20070211230000,winter_4,39.499794,-75.006409,720,1220,2102,2602,-3.2083613872528076,21.490196228027344,6.859666172023783,2.5531392661110677,-8.9913969039917,11.80803108215332,2.030606894380291,3.5355711847079503,0.28382109257255317,22.02520655473785,8.043983511855757,2.3433944026561693
672,2160,20070401000000,spring_1,39.499794,-75.006409,720,1220,2102,2602,-13.557130813598633,8.854386329650879,-3.087197804473291,4.054327729347252,-10.080583572387695,14.192645072937012,1.1475192826554736,3.7261282955890547,0.024414062071148872,15.466781793166964,5.896264105042385,2.5304675069526157
673,2161,20070401010000,spring_1,39.499794,-75.006409,720,1220,2102,2602,-13.337874412536621,9.356185913085938,-3.130596740565349,4.211316199196944,-9.478728294372559,13.549201965332031,1.6649557473321652,3.74636021422894,0.01220703103260547,16.437271299090185,6.080752484403453,2.714325293771943
674,2162,20070401020000,spring_1,39.499794,-75.006409,720,1220,2102,2602,-13.5880765914917,8.991434097290039,-3.0195612438139707,4.2773065540897015,-8.457045555114746,13.898497581481934,2.0440775921578327,3.641031395941511,0.027465820181648424,17.00796466978968,6.097429163393462,2.76944432859636
675,2163,20070401030000,spring_1,39.499794,-75.006409,720,1220,2102,2602,-14.558491706848145,10.09225082397461,-2.83930919693728,4.336318818006068,-7.024350643157959,15.299407005310059,2.3056162337876587,3.5150755837235383,0.02441406265265515,17.407760102360164,6.064104226357128,2.7863237636495772
676,2164,20070401040000,spring_1,39.499794,-75.006409,720,1220,2102,2602,-13.776323318481445,9.772191047668457,-2.641639605192973,4.376051252371039,-7.403214931488037,16.197595596313477,2.480360760264306,3.440168484826515,0.02441406322705382,17.94793683974566,6.0178372031561995,2.8108127771987754
677,2165,20070401050000,spring_1,39.499794,-75.006409,720,1220,2102,2602,-13.888826370239258,10.373027801513672,-2.523704100181262,4.409530410957123,-8.587457656860352,15.523689270019531,2.583850529805994,3.4436044779415274,0.021362304172179374,17.97845483264305,6.013342340781329,2.8613720631668267
678,2166,20070401060000,spring_1,39.499794,-75.006409,720,1220,2102,2602,-14.040924072265625,9.836119651794434,-2.442295186614233,4.421120161468862,-8.057136535644531,16.00722312927246,2.6908397575671157,3.4856611120062446,0.04882812605788205,17.55424480891165,6.03449868302519,2.9131403834915353
679,2167,20070401070000,spring_1,39.499794,-75.006409,720,1220,2102,2602,-14.10737419128418,9.298521995544434,-2.3730048404586084,4.424469004484118,-7.129744052886963,16.74603271484375,2.8017796807904096,3.54340680027604,0.04272461020765185,17.554245285178865,6.065389035899487,2.9704940531169997
680,2168,20070401080000,spring_1,39.499794,-75.006409,720,1220,2102,2602,-13.317658424377441,9.47742748260498,-2.295616552345474,4.385070770119421,-6.724361419677734,17.735727310180664,2.9093843657503906,3.5986802771860624,0.015258788461918374,19.50743113455423,6.072873914999062,3.0056481084722764
681,2169,20070401090000,spring_1,39.499794,-75.006409,720,1220,2102,2602,-13.705050468444824,9.425169944763184,-2.2782746816856623,4.328728122385916,-6.8057661056518555,18.508880615234375,3.0090638624042967,3.6126663221287663,0.030517578315834726,19.97131309246914,6.06983181222269,3.031730155727071
682,2170,20070401100000,spring_1,39.499794,-75.006409,720,1220,2102,2602,-13.777255058288574,12.451216697692871,-2.3484013254527594,4.295383928437506,-6.43068790435791,18.60194969177246,3.166596108150259,3.6094307359016247,0.015258789078844558,19.08017053788313,6.116261264080988,3.1003195282089298
683,2171,20070401110000,spring_1,39.499794,-75.006409,720,1220,2102,2602,-14.223342895507812,8.911144256591797,-2.437553885971954,4.282798558743928,-6.1326904296875,19.27613639831543,3.366786028110069,3.6081820871183066,0.03662109544520737,19.9102788956233,6.2022103140011335,3.1891763506542863
684,2172,20070401120000,spring_1,39.499794,-75.006409,720,1220,2102,2602,-14.166359901428223,8.551987648010254,-2.503578625958171,4.190815772765492,-6.948014736175537,19.69371223449707,3.5161485446753713,3.5324240536820617,0.027465820009220605,20.557267240578255,6.184165764991232,3.229281166448563
685,2173,20070401130000,spring_1,39.499794,-75.006409,720,1220,2102,2602,-14.234854698181152,7.959405422210693,-2.4734958640184477,4.051107976187728,-6.297769546508789,20.96369743347168,3.5728815587785134,3.4425541472433188,0.015258789747643177,21.13712227221033,6.003836350355878,3.3317065284858685
686,2174,20070401140000,spring_1,39.499794,-75.006409,720,1220,2102,2602,-14.23585033416748,8.140421867370605,-2.498079292764984,4.0170927660429765,-5.088913917541504,20.932666778564453,3.8574694133648006,3.3687864038163475,0.027465819992015826,21.106597465090463,6.1393817967873305,3.303667311760558
687,2175,20070401150000,spring_1,39.499794,-75.006409,720,1220,2102,2602,-15.771048545837402,9.17204761505127,-2.5219744439941776,4.071871440322353,-4.683821201324463,19.75806999206543,4.307267165622016,3.3345524065917513,0.0335693341143195,20.050658066977732,6.4708681176741285,3.277216519348916
688,2176,20070401160000,spring_1,39.499794,-75.006409,720,1220,2102,2602,-17.377511978149414,8.686624526977539,-2.4390215444673258,4.197643539320529,-5.273653030395508,18.51943588256836,4.7855924028583825,3.3252195780871205,0.015258788625156734,19.357886747583677,6.842315475314568,3.2727261117661013
689,2177,20070401170000,spring_1,39.499794,-75.006409,720,1220,2102,2602,-14.847861289978027,12.553767204284668,-2.2969340466357298,4.38486631916318,-5.33408260345459,18.75567626953125,5.226641483885437,3.3254066528059316,0.0183105466741348,19.263282436376834,7.2266386900490875,3.2641633694730676
690,2178,20070401180000,spring_1,39.499794,-75.006409,720,1220,2102,2602,-15.20465087890625,15.354796409606934,-2.1255531432189474,4.519123037453059,-5.398965835571289,18.643699645996094,5.624132519883205,3.2605284072248657,0.07629394493610425,18.99472082626055,7.553361068419842,3.1857648779993935
691,2179,20070401190000,spring_1,39.499794,-75.006409,720,1220,2102,2602,-16.071521759033203,15.747093200683594,-1.9162927443710494,4.660808178503558,-7.226381301879883,18.202133178710938,5.970749795623561,3.2100673380281384,0.219734191873169,20.606094114973633,7.852231063888984,3.1132239744106944
692,2180,20070401200000,spring_1,39.499794,-75.006409,720,1220,2102,2602,-16.80003547668457,21.490493774414062,-1.7129044284923498,4.7736105351459415,-7.094694137573242,17.954444885253906,6.23497817825962,3.2076343609520293,0.09155273387963864,21.66204037375512,8.092099835566009,3.0664622043278804
693,2181,20070401210000,spring_1,39.499794,-75.006409,720,1220,2102,2602,-14.533500671386719,24.39035987854004,-1.532918259875106,4.826695781059341,-9.681029319763184,18.834226608276367,6.396876980556181,3.275181184097189,0.04882812712627834,24.744408629249982,8.242548545527805,3.058442564771466
694,2182,20070401220000,spring_1,39.499794,-75.006409,720,1220,2102,2602,-14.500012397766113,17.15796661376953,-1.4440280846209963,4.819458472287219,-8.140053749084473,20.651844024658203,6.516306338168813,3.373691835362107,0.11596679290674436,20.651878291048483,8.34073037049703,3.09655596668165
695,2183,20070401230000,spring_1,39.499794,-75.006409,720,1220,2102,2602,-15.192394256591797,18.917673110961914,-1.3380056522709238,4.870318135585207,-9.464500427246094,20.968822479248047,6.832784450918035,3.4771245577254426,0.06408691412868371,21.143226745876497,8.631846297781184,3.127111430928708
696,2184,20070402000000,spring_1,39.499794,-75.006409,720,1220,2102,2602,-15.340863227844238,14.146092414855957,-1.0646226784436372,5.023529647055676,-9.406341552734375,21.305288314819336,7.152204529352532,3.5679721533113398,0.10070801252362298,21.87567059659649,8.985247854669776,3.0852953617039693
697,2185,20070402010000,spring_1,39.499794,-75.006409,720,1220,2102,2602,-14.996138572692871,15.284998893737793,-0.5221518235784085,5.190726508324426,-11.879008293151855,20.7712345123291,7.376267166144666,3.5405772227430403,0.20142364765117904,20.819725926079336,9.178803370518981,3.1481514056646374
698,2186,20070402020000,spring_1,39.499794,-75.006409,720,1220,2102,2602,-14.738165855407715,17.895984649658203,0.12529763952087122,5.387527563452584,-6.34615421295166,21.201791763305664,7.471820118330464,3.535766026015553,0.0823974568951286,21.207312751950294,9.318319608945478,3.246507305149137
699,2187,20070402030000,spring_1,39.499794,-75.006409,720,1220,2102,2602,-14.968223571777344,18.52442169189453,0.896919568066685,5.587008308294522,-8.157721519470215,20.153926849365234,7.419657374626197,3.576578680358556,0.09460449112712929,20.203255173701525,9.39685079598033,3.400228268845645
700,2188,20070402040000,spring_1,39.499794,-75.006409,720,1220,2102,2602,-14.568225860595703,18.52448844909668,1.6931329689935841,5.824596699408937,-6.412962913513184,19.47085952758789,7.205486534420263,3.5868922378313557,0.048828125690144934,19.754630918781913,9.426511569712433,3.566277851074237
701,2189,20070402050000,spring_1,39.499794,-75.006409,720,1220,2102,2602,-14.600164413452148,20.561229705810547,2.384155633497141,6.089543754859328,-7.041804313659668,18.856170654296875,6.864206530314076,3.6093565671369072,0.07324218930537917,21.835989982050204,9.447546957011344,3.6953191799476266
702,2190,20070402060000,spring_1,39.499794,-75.006409,720,1220,2102,2602,-14.336386680603027,19.6887264251709,2.9672082838132576,6.341789855544435,-5.366600036621094,17.694643020629883,6.475295612023818,3.6452908944833666,0.061035157798291245,19.998778781634194,9.478826453338865,3.7936883909195687
703,2191,20070402070000,spring_1,39.499794,-75.006409,720,1220,2102,2602,-16.25493621826172,21.149429321289062,3.500564110082168,6.636957714315723,-7.26404333114624,16.841053009033203,6.083638889531743,3.7122230734922903,0.08239745875818574,21.28665907147318,9.585945793408985,3.8992386849007468
704,2192,20070402080000,spring_1,39.499794,-75.006409,720,1220,2102,2602,-17.240398406982422,23.217082977294922,3.9766251985398755,6.8858538769774595,-8.102422714233398,15.995253562927246,5.613538181261538,3.744797419911805,0.09460448929152332,25.946838921353898,9.637824739984971,3.9844930034749337
705,2193,20070402090000,spring_1,39.499794,-75.006409,720,1220,2102,2602,-17.070598602294922,24.477602005004883,4.354731023084557,7.072104302631757,-7.913425445556641,16.265775680541992,5.166998999520136,3.773214102954412,0.07324218923898417,24.49415719257376,9.66321185766412,4.066411375204605
706,2194,20070402100000,spring_1,39.499794,-75.006409,720,1220,2102,2602,-17.226825714111328,24.95426368713379,4.5845136366023835,7.220384565762042,-7.46754264831543,16.55082130432129,4.716146257735796,3.7970259996682656,0.054931639923339264,25.06790221595293,9.650237709112325,4.084614141608303
707,2195,20070402110000,spring_1,39.499794,-75.006409,720,1220,2102,2602,-17.53822898864746,23.98923110961914,4.737863062596599,7.326221238198018,-8.1618013381958,17.400630950927734,4.2983628688211555,3.7876541337743292,0.06713867242412323,24.106567783508762,9.615385644903508,4.060476587776692
708,2196,20070402120000,spring_1,39.499794,-75.006409,720,1220,2102,2602,-19.13478660583496,24.177078247070312,4.731588261003477,7.242473644201963,-8.947768211364746,17.5862979888916,3.6785877658440396,3.702225535780864,0.09765625157219836,25.965149511283727,9.285938231336262,3.9813546678535077
709,2197,20070402130000,spring_1,39.499794,-75.006409,720,1220,2102,2602,-17.50025749206543,23.605680465698242,4.424788875761715,7.024822223584273,-8.446003913879395,15.813061714172363,2.856430070756943,3.5549533277974503,0.08239745724002163,23.6823654003389,8.543455699483872,4.090615417138029
710,2198,20070402140000,spring_1,39.499794,-75.006409,720,1220,2102,2602,-17.89984703063965,26.055871963500977,4.476320788012613,6.885618878496323,-8.031953811645508,17.25543212890625,2.4492382310084375,3.4059552750423046,0.05493164112699828,26.120789931127693,8.306243065469173,4.006846705611026
711,2199,20070402150000,spring_1,39.499794,-75.006409,720,1220,2102,2602,-17.92129898071289,21.024940490722656,4.760182114432084,6.765459700891591,-7.691040515899658,13.563339233398438,2.1150112811935533,3.209212808345344,0.0671386701078828,21.103545516081688,8.293260673387527,3.7980160214268324
712,2200,20070402160000,spring_1,39.499794,-75.006409,720,1220,2102,2602,-17.420692443847656,21.09059715270996,5.075419973394365,6.698304404019014,-6.784862518310547,12.550249099731445,1.7960422493515682,3.082882395329504,0.061035155651441214,21.463669492257168,8.374991792412912,3.6354661182764123
713,2201,20070402170000,spring_1,39.499794,-75.006409,720,1220,2102,2602,-17.336206436157227,20.379817962646484,5.256381277731038,6.651895041125711,-6.715942859649658,12.93442440032959,1.4640975907212486,3.002033286560254,0.039672851068752686,20.71596612743979,8.406421278354157,3.5164070689611875
714,2202,20070402180000,spring_1,39.499794,-75.006409,720,1220,2102,2602,-16.861265182495117,23.70580291748047,5.353404757125713,6.610008667914668,-6.299161434173584,12.143011093139648,1.1762327604742728,2.957532488459827,0.10375975910831832,24.533827904351075,8.413041866082951,3.420877894659068
715,2203,20070402190000,spring_1,39.499794,-75.006409,720,1220,2102,2602,-16.047056198120117,19.446117401123047,5.367379424011452,6.5656067882126194,-6.518171787261963,12.704448699951172,0.9390102777744683,2.9576829640934426,0.08239745865062371,19.733269241050188,8.41153998532749,3.28505377000387
716,2204,20070402200000,spring_1,39.499794,-75.006409,720,1220,2102,2602,-16.166248321533203,18.853744506835938,5.292222039691003,6.51361268820115,-7.684529781341553,12.247379302978516,0.7434426184901346,2.9963482768841785,0.10986328356493084,18.951994946366238,8.36581188913498,3.1589184428009993
717,2205,20070402210000,spring_1,39.499794,-75.006409,720,1220,2102,2602,-15.88019847869873,18.200592041015625,5.118021713043392,6.426606271406478,-8.182016372680664,12.377306938171387,0.5162659429467784,3.027953062282663,0.08544921814544133,18.57966640487084,8.227117993656645,3.040554918522185
718,2206,20070402220000,spring_1,39.499794,-75.006409,720,1220,2102,2602,-15.99081039428711,17.191852569580078,4.554727654888715,6.095434936411818,-6.489035129547119,12.993965148925781,0.3006806101729819,3.0668267992281075,0.08544922091275702,17.740409884963604,7.74027809475203,2.735653767554915
719,2207,20070402230000,spring_1,39.499794,-75.006409,720,1220,2102,2602,-15.29926872253418,17.66236114501953,4.1528096210316106,5.912306047195575,-6.912611961364746,12.960808753967285,0.16186708189243323,3.2198971613980705,0.12818146011658174,18.124947213233412,7.455095811442888,2.6489008415991155
720,2208,20070403000000,spring_1,39.499794,-75.006409,720,1220,2102,2602,-14.82182502746582,18.38383674621582,4.051095444657226,5.809287839378658,-8.067153930664062,12.954584121704102,-0.07267265861577381,3.427735660865452,0.0488281259955523,19.08017012973664,7.409589802814121,2.6479863165407918
721,2209,20070403010000,spring_1,39.499794,-75.006409,720,1220,2102,2602,-14.29916000366211,18.321365356445312,3.9037150129581835,5.584388024978106,-9.269603729248047,12.759477615356445,-0.3914531037489301,3.5179326316901287,0.05493164137780559,19.174782865890702,7.1950376028270755,2.680466366765918
722,2210,20070403020000,spring_1,39.499794,-75.006409,720,1220,2102,2602,-13.583992004394531,18.007211685180664,3.6707890402348187,5.2996471924424124,-10.773688316345215,12.127143859863281,-0.7319285831727644,3.5114310887450726,0.05187988499752436,18.84822817822344,6.8569953086435556,2.721844158173237
723,2211,20070403030000,spring_1,39.499794,-75.006409,720,1220,2102,2602,-13.434619903564453,16.824750900268555,3.4086981674494394,4.961337867460517,-10.60357666015625,12.520049095153809,-1.0362763919023559,3.4455879540130896,0.021362305436110944,17.96929888570289,6.463774634121802,2.7202314644913343
724,2212,20070403040000,spring_1,39.499794,-75.006409,720,1220,2102,2602,-13.811091423034668,16.128095626831055,3.1480984839399078,4.668838580473626,-10.832324981689453,11.164558410644531,-1.2818461365440026,3.3394056325874018,0.0579834000747031,16.47084105341506,6.109998523496427,2.677919956739645
725,2213,20070403050000,spring_1,39.499794,-75.006409,720,1220,2102,2602,-13.67790412902832,15.446024894714355,2.8519056321961442,4.421046329666194,-10.591994285583496,11.015769958496094,-1.521308974641304,3.1881420963624696,0.03662109213187796,15.643791159972682,5.769431599924635,2.621317687866302
726,2214,20070403060000,spring_1,39.499794,-75.006409,720,1220,2102,2602,-13.474820137023926,15.475713729858398,2.556862098337829,4.202180955004224,-10.767319679260254,10.690741539001465,-1.7314932517120603,3.0624165449347847,0.03662109163647257,15.637687454543016,5.477106685417292,2.5639100804218273
727,2215,20070403070000,spring_1,39.499794,-75.006409,720,1220,2102,2602,-13.072504997253418,15.183633804321289,2.2861586647085606,3.97753032159297,-11.210426330566406,10.818010330200195,-1.910360793886887,2.974014968785865,0.027465821441951314,15.323341661204182,5.215331182518514,2.518299615503697
728,2216,20070403080000,spring_1,39.499794,-75.006409,720,1220,2102,2602,-12.906173706054688,14.285642623901367,2.002556129780593,3.7249640212563686,-10.594622611999512,10.378068923950195,-2.058600129575438,2.8925118876339972,0.03356933547774682,14.331489248074735,4.944847281669513,2.457342647482007
729,2217,20070403090000,spring_1,39.499794,-75.006409,720,1220,2102,2602,-12.494406700134277,13.782065391540527,1.6799982574705306,3.46668047898895,-10.865803718566895,9.858474731445312,-2.1907734695214756,2.826019800212017,0.015258789021704274,13.830985420894276,4.702215704553989,2.3484700258471345
730,2218,20070403100000,spring_1,39.499794,-75.006409,720,1220,2102,2602,-12.308931350708008,13.372771263122559,1.321134512619588,3.2421442839195067,-9.905683517456055,9.983308792114258,-2.2891813812268347,2.7936973316781053,0.03662109084493307,13.385421869978018,4.513920492946539,2.2195751662705105
731,2219,20070403110000,spring_1,39.499794,-75.006409,720,1220,2102,2602,-12.683743476867676,12.97976303100586,0.9303676739163904,3.057150168308884,-9.677693367004395,10.422272682189941,-2.3411443475037403,2.8189666809006604,0.03051757925381279,13.040557549658198,4.374942654758686,2.1211218568742
732,2220,20070403120000,spring_1,39.499794,-75.006409,720,1220,2102,2602,-12.895286560058594,12.851197242736816,0.46102140353640375,2.8185371485850403,-9.16671085357666,10.513481140136719,-2.2974120849113393,2.883444288599271,0.018310546643876602,12.994781093923084,4.198290931094425,2.030615400245771
733,2221,20070403130000,spring_1,39.499794,-75.006409,720,1220,2102,2602,-13.116222381591797,13.044330596923828,0.04735684801554991,2.4533841837170116,-9.486004829406738,8.090378761291504,-2.1149289501593587,2.80398219785427,0.015258789205960993,13.397628826407804,3.7585549574805834,2.056657940852273
734,2222,20070403140000,spring_1,39.499794,-75.006409,720,1220,2102,2602,-12.789031028747559,12.02945327758789,-0.2389322560966744,2.2733079405429066,-9.091560363769531,8.575660705566406,-2.077412361529084,2.85587142822229,0.012207031029794917,13.12601470965101,3.586373521565863,2.1987692725068757
735,2223,20070403150000,spring_1,39.499794,-75.006409,720,1220,2102,2602,-12.572406768798828,10.193547248840332,-0.5445607735267595,2.3133410536269237,-9.536218643188477,9.166455268859863,-1.9611304938420644,3.158076064352127,0.021362305197923526,13.003936702127978,3.793700943831862,2.2528656545253805
736,2224,20070403160000,spring_1,39.499794,-75.006409,720,1220,2102,2602,-12.34305477142334,7.563076496124268,-0.8140708956555603,2.4381138055032783,-10.043036460876465,9.870546340942383,-1.7544037102187802,3.5497948196473303,0.021362304034462005,13.159583728729611,4.11835740113324,2.307643453459532
737,2225,20070403170000,spring_1,39.499794,-75.006409,720,1220,2102,2602,-12.210577011108398,7.373265743255615,-1.0634467358586752,2.6146793681108047,-10.144379615783691,10.27856159210205,-1.4831391086127241,3.9646444387339534,0.0152587896559145,13.42204274342412,4.472682516613213,2.42501245454449
738,2226,20070403180000,spring_1,39.499794,-75.006409,720,1220,2102,2602,-12.600412368774414,8.314967155456543,-1.2992374307819399,2.831371665686856,-10.94542407989502,9.8455810546875,-1.1748747641584627,4.361882820739853,0.018310547291352126,14.044617100525212,4.8811494550983685,2.5070731662865327
739,2227,20070403190000,spring_1,39.499794,-75.006409,720,1220,2102,2602,-12.494928359985352,7.6082916259765625,-1.5751690317177367,3.0866107150551563,-11.69401741027832,10.128104209899902,-0.8695250497620336,4.7302615652027455,0.027465819372963697,14.206367236202484,5.348183460114952,2.5566980950293585
740,2228,20070403200000,spring_1,39.499794,-75.006409,720,1220,2102,2602,-12.407028198242188,7.6604695320129395,-1.9594650783578789,3.3149703321588455,-11.71346664428711,10.024835586547852,-0.5747453654141885,5.047488349987665,0.030517578054131106,14.059875656039873,5.85844062251638,2.5129019175394727
741,2229,20070403210000,spring_1,39.499794,-75.006409,720,1220,2102,2602,-12.552927017211914,10.665499687194824,-2.487278143624265,3.501227098512406,-11.517266273498535,13.415897369384766,-0.263908880105176,5.3198645666559035,0.018310546702955423,15.161598173746954,6.416735424407605,2.375133081917831
742,2230,20070403220000,spring_1,39.499794,-75.006409,720,1220,2102,2602,-13.658520698547363,7.53433084487915,-3.223726760725732,3.544507130701784,-12.170498847961426,11.604557991027832,-0.02062408158053062,5.467658449914023,0.06408691511765258,14.661094502653874,6.94931418400646,2.1351092892493555
743,2231,20070403230000,spring_1,39.499794,-75.006409,720,1220,2102,2602,-14.193360328674316,6.801820278167725,-4.19473367820309,3.6464422458021026,-12.11582088470459,12.782052040100098,0.39857874068142485,5.778345813558402,0.10681152333820812,15.549178615022154,7.7616328444535165,2.048788086775454
744,2232,20070404000000,spring_1,39.499794,-75.006409,720,1220,2102,2602,-14.657235145568848,6.331873893737793,-4.8977106718198655,3.810361614866506,-12.579421997070312,14.461526870727539,1.0054030861710894,6.2195455410878235,0.137336720805143,18.558304338307348,8.5671343697828,2.1918522428166405
745,2233,20070404010000,spring_1,39.499794,-75.006409,720,1220,2102,2602,-15.501957893371582,8.292916297912598,-5.199393720221844,3.8744353753282694,-12.468871116638184,16.51105308532715,1.4175918516274122,6.362268012176864,0.1434402472915085,20.70680928686885,8.878528455805416,2.3884509439174852
746,2234,20070404020000,spring_1,39.499794,-75.006409,720,1220,2102,2602,-16.60904312133789,8.185315132141113,-5.386368987038363,3.9182919157926093,-12.002617835998535,20.688936233520508,1.773399071768447,6.351695421795987,0.15564728334280903,22.458572290801808,9.018737210356809,2.552908249709172
747,2235,20070404030000,spring_1,39.499794,-75.006409,720,1220,2102,2602,-17.947174072265625,12.168496131896973,-5.474374621865641,3.9319509139335906,-12.341028213500977,21.26457977294922,2.1132405645099905,6.320770166459519,0.10681152104001165,23.212380262673012,9.083258493878816,2.709492905357628
748,2236,20070404040000,spring_1,39.499794,-75.006409,720,1220,2102,2602,-18.40012550354004,15.867616653442383,-5.450621322864965,4.134677286984231,-11.162470817565918,22.164453506469727,2.367467898698399,6.160904308795428,0.20752714991365895,23.197120951293986,9.077548489298763,2.822160280831815
749,2237,20070404050000,spring_1,39.499794,-75.006409,720,1220,2102,2602,-20.81148910522461,18.238935470581055,-5.315392429648351,4.536776425414966,-10.260029792785645,23.53426170349121,2.515275487796534,5.834378690010184,0.09460448976669213,24.042479852429018,8.966774509051733,2.966357597650545
750,2238,20070404060000,spring_1,39.499794,-75.006409,720,1220,2102,2602,-20.69175148010254,18.72474479675293,-5.14796306799592,4.850499218509234,-13.336355209350586,24.03472328186035,2.6388563198990593,5.4415201474832005,0.1556472876062509,24.231697166230592,8.787737408945857,3.0623915233292758
751,2239,20070404070000,spring_1,39.499794,-75.006409,720,1220,2102,2602,-18.706146240234375,18.80516242980957,-4.98560702348277,4.797272204856634,-12.459296226501465,24.82870101928711,2.930493295330736,5.202557439150074,0.05493164014053293,24.866478584358358,8.604609170056134,3.0798041970733783
752,2240,20070404080000,spring_1,39.499794,-75.006409,720,1220,2102,2602,-19.255033493041992,21.523229598999023,-4.755138839506803,4.803446166602955,-13.046784400939941,24.628808975219727,3.3530747927466136,5.091875713355601,0.20447539707009457,24.961090997754408,8.576751297809414,3.048620422416772
753,2241,20070404090000,spring_1,39.499794,-75.006409,720,1220,2102,2602,-19.56338119506836,21.65654945373535,-4.471653778917336,5.046132812791846,-10.810766220092773,26.218341827392578,3.785780658334148,5.044628645806908,0.07324219018693957,26.480911270596337,8.682792461687503,3.138259440711603
754,2242,20070404100000,spring_1,39.499794,-75.006409,720,1220,2102,2602,-20.05459976196289,22.745359420776367,-4.208622094060938,5.441905254831751,-8.511239051818848,25.278566360473633,4.13832954191891,4.967141567004984,0.09765624692285789,25.63860321771266,8.838506275024965,3.317515079651503
755,2243,20070404110000,spring_1,39.499794,-75.006409,720,1220,2102,2602,-20.49964141845703,23.56756591796875,-3.9520229193348086,5.962412345888097,-8.101459503173828,24.368257522583008,4.45022825700783,4.852754167818992,0.1251296987889155,26.09637609888792,9.077447872033272,3.4817439338096894
756,2244,20070404120000,spring_1,39.499794,-75.006409,720,1220,2102,2602,-21.525571823120117,22.97513771057129,-3.6308303635185215,6.516387683922284,-11.408424377441406,25.565832138061523,4.617092580075107,4.749400035559944,0.10375977021584935,25.66301765664522,9.304025897918907,3.599400541400994
757,2245,20070404130000,spring_1,39.499794,-75.006409,720,1220,2102,2602,-22.28120231628418,25.212961196899414,-3.2809236169724243,7.016982549943139,-13.008951187133789,25.374465942382812,4.602982993191596,4.66628360571173,0.027465821238137775,26.06585736415951,9.462494989224492,3.6640616247629425
758,2246,20070404140000,spring_1,39.499794,-75.006409,720,1220,2102,2602,-21.372451782226562,26.075246810913086,-2.7444598489674252,7.622458997160277,-13.747223854064941,24.401132583618164,4.551744148107149,4.690310756913063,0.03662109413570705,27.048552716583863,9.762027371918489,3.6130530583068157
759,2247,20070404150000,spring_1,39.499794,-75.006409,720,1220,2102,2602,-20.64015007019043,25.203248977661133,-2.1598184384864925,8.093864363333525,-11.834014892578125,22.845645904541016,4.615746688408468,4.775796086786152,0.042724607200559754,26.285591788314715,10.069108905795318,3.5919141995064034
760,2248,20070404160000,spring_1,39.499794,-75.006409,720,1220,2102,2602,-20.935062408447266,24.26221466064453,-1.5714720310593033,8.421283081913144,-12.759984970092773,22.295475006103516,4.778014675033413,4.868123809235046,0.0427246087975003,24.97329675553042,10.331898089703028,3.628700678064385
761,2249,20070404170000,spring_1,39.499794,-75.006409,720,1220,2102,2602,-20.9989070892334,27.401674270629883,-0.9580396300308562,8.731087863709583,-16.025569915771484,23.258100509643555,4.8725747788529485,5.015937534543384,0.06713867040084219,27.414778546995787,10.599647727587177,3.7011913748869367
762,2250,20070404180000,spring_1,39.499794,-75.006409,720,1220,2102,2602,-20.297866821289062,27.78656005859375,-0.32437873655257,8.990032037808973,-11.484245300292969,24.0573787689209,4.833133306691617,5.279336632655094,0.08544921857586035,27.90307611135937,10.862717347586162,3.762690828802668
763,2251,20070404190000,spring_1,39.499794,-75.006409,720,1220,2102,2602,-20.85177993774414,26.81521224975586,0.31870607792043104,9.171071283175031,-11.790060043334961,22.98162269592285,4.64029443464822,5.635830011150686,0.04882812580949192,27.140114308146988,11.104389785725377,3.7679652183470407
764,2252,20070404200000,spring_1,39.499794,-75.006409,720,1220,2102,2602,-20.528898239135742,29.007593154907227,0.9312762661030791,9.315697360033896,-12.243860244750977,21.478574752807617,4.276759108125391,6.034395547271326,0.03967285107259105,29.474777785342013,11.285615619575232,3.8715592420380744
765,2253,20070404210000,spring_1,39.499794,-75.006409,720,1220,2102,2602,-20.167282104492188,28.815980911254883,1.543013059237265,9.39264700048196,-14.917242050170898,22.180770874023438,3.712881992858656,6.423422397411699,0.10681152383304096,29.569380751347904,11.399795885539334,3.96146547796952
766,2254,20070404220000,spring_1,39.499794,-75.006409,720,1220,2102,2602,-21.09380340576172,25.550397872924805,2.018617959673445,9.313740025342996,-15.00261402130127,23.48967170715332,2.9935702463147025,6.705679675642291,0.10070800892979082,26.273383350814125,11.327926985471874,4.052930380669429
767,2255,20070404230000,spring_1,39.499794,-75.006409,720,1220,2102,2602,-20.46275520324707,23.3713436126709,2.2423362857736953,9.068418678195368,-16.822044372558594,26.166826248168945,2.2393591953816996,6.886284110582333,0.09155273657886359,26.27643524666778,11.07432054114107,4.130296884147702
768,2256,20070405000000,spring_1,39.499794,-75.006409,720,1220,2102,2602,-20.071226119995117,25.822711944580078,2.699078606687231,8.950899745958518,-17.320148468017578,23.538015365600586,1.330051568749619,7.196385864500471,0.04882812613428199,28.528701768744643,11.127227337029684,4.140706469148919
769,2257,20070405010000,spring_1,39.499794,-75.006409,720,1220,2102,2602,-19.320913314819336,25.702219009399414,3.232678124487358,8.839061907258223,-22.65729522705078,23.46030616760254,0.3334365513355938,7.450603147103953,0.10986328073319852,29.435104606710865,11.300343104231455,4.062528298108585
770,2258,20070405020000,spring_1,39.499794,-75.006409,720,1220,2102,2602,-19.289968490600586,25.747072219848633,3.805728701263248,8.702597869567155,-19.069658279418945,26.345550537109375,-0.6490880146576401,7.489605422063483,0.06713866954138369,29.651786668541153,11.43074545524738,4.009032750343895
771,2259,20070405030000,spring_1,39.499794,-75.006409,720,1220,2102,2602,-19.8974666595459,26.02529525756836,4.378889611647629,8.475250892595637,-20.41962432861328,26.456378936767578,-1.5642264704896802,7.329825045109263,0.051879885634769654,30.637534453605245,11.46619141470283,3.962845695674431
772,2260,20070405040000,spring_1,39.499794,-75.006409,720,1220,2102,2602,-21.249902725219727,26.63953971862793,4.868330398591218,8.21090801824447,-21.63542366027832,23.736167907714844,-2.4050843919478138,7.024674861059972,0.07629394296451533,31.87047532331657,11.435184964929306,3.93531244093431
773,2261,20070405050000,spring_1,39.499794,-75.006409,720,1220,2102,2602,-21.19687271118164,25.758811950683594,5.252301405680768,7.87433410269898,-20.99506378173828,25.364578247070312,-3.0932556737754457,6.727209420636733,0.05187988068101954,31.27536779616577,11.363477733940147,3.909828469349822
774,2262,20070405060000,spring_1,39.499794,-75.006409,720,1220,2102,2602,-21.317272186279297,25.722278594970703,5.690731281377139,7.544042246711199,-21.541963577270508,22.112186431884766,-3.7221888512827572,6.401969137962328,0.07324218965559375,30.472731646819707,11.342371707962036,3.935415945419968
775,2263,20070405070000,spring_1,39.499794,-75.006409,720,1220,2102,2602,-23.032169342041016,24.196928024291992,6.172757617232738,7.1793033673422055,-22.052162170410156,23.85447883605957,-4.2850260498016715,6.112575023139059,0.08239745732950243,30.90914782977838,11.3821638921456,3.9770215280728958
776,2264,20070405080000,spring_1,39.499794,-75.006409,720,1220,2102,2602,-22.289649963378906,26.627046585083008,6.588618193531239,6.725657485072325,-21.517736434936523,23.246959686279297,-4.571682695276922,5.864176758643736,0.09155273510457247,30.487991567308665,11.351489863295775,3.882896845532386
777,2265,20070405090000,spring_1,39.499794,-75.006409,720,1220,2102,2602,-23.003393173217773,29.431846618652344,6.972213786860311,6.154382142214257,-22.273284912109375,24.485563278198242,-4.641618886774581,5.5595485081113845,0.08239746075399369,31.94677733509341,11.196330098423973,3.6855911972602464
778,2266,20070405100000,spring_1,39.499794,-75.006409,720,1220,2102,2602,-22.259828567504883,28.396251678466797,7.344640418634271,5.549537720543524,-22.737083435058594,20.547346115112305,-4.559821409247599,5.242614510454394,0.0823974607536647,31.769768648543124,10.994933639223829,3.48274665304492
779,2267,20070405110000,spring_1,39.499794,-75.006409,720,1220,2102,2602,-21.218446731567383,26.861919403076172,7.745813068233695,4.991511197376262,-22.200927734375,19.633005142211914,-4.3808509922577885,4.954946945448457,0.0885009759411416,31.03122012029135,10.848124148542047,3.3127573451652745
780,2268,20070405120000,spring_1,39.499794,-75.006409,720,1220,2102,2602,-20.52210235595703,29.693510055541992,8.153356396597314,4.53129854332443,-21.24641990661621,18.174880981445312,-4.257729108181684,4.4560331846795656,0.03662109504829913,32.480850404691395,10.704201700105045,3.2271414415485182
781,2269,20070405130000,spring_1,39.499794,-75.006409,720,1220,2102,2602,-18.96878433227539,27.307777404785156,8.747054241408208,4.064147861312615,-20.455406188964844,17.75762176513672,-4.183547202604288,3.9662606185140086,0.051879884108944854,30.25299842828642,10.817121465591207,3.0416162528807766
782,2270,20070405140000,spring_1,39.499794,-75.006409,720,1220,2102,2602,-14.93350887298584,26.826793670654297,9.151884545485798,3.544315582905234,-18.503141403198242,16.533327102661133,-3.8779389741299086,3.509175261677538,0.04577636616180885,29.23978499741003,10.744234075819083,2.869376154041162
783,2271,20070405150000,spring_1,39.499794,-75.006409,720,1220,2102,2602,-3.731661319732666,26.118183135986328,9.490622155368323,3.2322828534055192,-16.985593795776367,14.045212745666504,-3.5098943119290293,3.1099247129388483,0.10681152347550568,28.037354904561276,10.734521397554152,2.698258976988489
784,2272,20070405160000,spring_1,39.499794,-75.006409,720,1220,2102,2602,-1.3899461030960083,25.88471031188965,9.831065226280849,3.141215548727737,-16.697738647460938,9.923510551452637,-3.1455103105246973,2.838836783422796,0.13428498080605458,27.860344545087557,10.846266351157393,2.613200000619884
785,2273,20070405170000,spring_1,39.499794,-75.006409,720,1220,2102,2602,-2.9467403888702393,25.963165283203125,10.152393951559636,3.1447662775481846,-16.454296112060547,9.593524932861328,-2.8662213509290315,2.6381789756209812,0.8514632962637588,27.692497857535077,11.011168871999022,2.6248868738135673
786,2274,20070405180000,spring_1,39.499794,-75.006409,720,1220,2102,2602,-4.22507381439209,25.761032104492188,10.433649217150528,3.170805300916583,-15.55229377746582,9.075090408325195,-2.6575339874839936,2.5146572062088444,0.5676422294235967,27.280494998657517,11.185370428776533,2.681141244561474
787,2275,20070405190000,spring_1,39.499794,-75.006409,720,1220,2102,2602,-4.213698863983154,25.343591690063477,10.664601709233109,3.199041020294243,-14.356620788574219,10.703267097473145,-2.5281458604358686,2.4267257779789237,0.5462799069578725,26.65181777255961,11.342285966997258,2.7569297419605214
788,2276,20070405200000,spring_1,39.499794,-75.006409,720,1220,2102,2602,-5.069705963134766,25.118650436401367,10.831431152662136,3.2046269192354178,-13.820731163024902,9.690107345581055,-2.480904428543486,2.3594244109325184,0.32959748511170095,26.444290581078075,11.459597419275058,2.8264698528311625
789,2277,20070405210000,spring_1,39.499794,-75.006409,720,1220,2102,2602,-4.919077396392822,24.611295700073242,10.901042980540963,3.1939832810590514,-13.874287605285645,8.954170227050781,-2.541939455851441,2.3273832549357274,0.24414826147338195,25.901061585230362,11.52367549264647,2.849094490541646
790,2278,20070405220000,spring_1,39.499794,-75.006409,720,1220,2102,2602,-4.145514011383057,24.981260299682617,10.807113887738087,3.159966609564816,-13.922698974609375,7.676372528076172,-2.6989878619866796,2.3105238685441774,0.15259551684803932,26.563309003021658,11.459837379080989,2.841528255602594
791,2279,20070405230000,spring_1,39.499794,-75.006409,720,1220,2102,2602,-4.987053871154785,23.35894012451172,10.256507959185534,3.183302555374712,-13.43929672241211,6.689855575561523,-2.7558749071466204,2.241410122433574,0.08239746046437676,25.394454777941682,10.93731453214201,2.8850108044294425
792,2280,20070406000000,spring_1,39.499794,-75.006409,720,1220,2102,2602,-5.025833606719971,23.96687126159668,10.043553234186758,3.194395752973263,-14.611632347106934,7.280218601226807,-2.9680044090847626,2.4172698830302934,0.09765625303741236,26.236762135561307,10.826314896985975,2.9189510796874147
793,2281,20070406010000,spring_1,39.499794,-75.006409,720,1220,2102,2602,-5.743757724761963,23.79966926574707,9.941165791668357,3.2252297013773688,-15.974231719970703,8.449925422668457,-3.2373942705143177,2.5995922633872115,0.17090606724946472,26.276436171228212,10.856043358062822,2.934928982201372
794,2282,20070406020000,spring_1,39.499794,-75.006409,720,1220,2102,2602,-5.306812763214111,24.42771339416504,9.80408809284935,3.2980346342762843,-17.71404457092285,9.609367370605469,-3.4999409849631924,2.8280941960868837,0.0793457041642593,26.737266211289818,10.881731169765054,2.9720037366001764
795,2283,20070406030000,spring_1,39.499794,-75.006409,720,1220,2102,2602,-5.717123508453369,25.863500595092773,9.622054438223746,3.343328660353923,-21.37251091003418,8.331586837768555,-3.651884231809888,3.057452898690266,0.1892166141848486,28.867454387919963,10.844271057457027,2.97453190366759
796,2284,20070406040000,spring_1,39.499794,-75.006409,720,1220,2102,2602,-4.871840476989746,25.459693908691406,9.366711587504046,3.3766507426675387,-23.559511184692383,9.54473876953125,-3.666971615635527,3.2591546936646907,0.05798339825674493,29.166542595935802,10.696380889377725,2.9653435244349065
797,2285,20070406050000,spring_1,39.499794,-75.006409,720,1220,2102,2602,-3.5762252807617188,24.879993438720703,9.039876597150856,3.403960946825183,-23.471498489379883,8.28454303741455,-3.561406396016291,3.4166046853776786,0.05493164025884179,28.574477635783005,10.450792550569458,2.9058659944875496
798,2286,20070406060000,spring_1,39.499794,-75.006409,720,1220,2102,2602,-5.161116600036621,24.855060577392578,8.776299258602437,3.472552286260921,-23.04214859008789,8.185449600219727,-3.3662361093407664,3.463302284811563,0.14954376311629622,28.29676086579901,10.210048435314532,2.857090699593473
799,2287,20070406070000,spring_1,39.499794,-75.006409,720,1220,2102,2602,-4.455477237701416,23.898658752441406,8.563885626839106,3.5369292027393415,-21.297557830810547,7.446340560913086,-3.1031610816426993,3.4557969276925085,0.07019042889998238,26.56330769692554,9.964397115382885,2.8518303676396775
800,2288,20070406080000,spring_1,39.499794,-75.006409,720,1220,2102,2602,-3.8330602645874023,23.251056671142578,8.406333654055805,3.5853780388736434,-19.77173614501953,7.704555034637451,-2.841203745783812,3.415804760592927,0.14649200245873167,25.965149096807586,9.752640735143878,2.8543897357764942
801,2289,20070406090000,spring_1,39.499794,-75.006409,720,1220,2102,2602,-3.5966827869415283,21.915637969970703,8.26916942872132,3.590205359921918,-18.786441802978516,9.753750801086426,-2.6126065012636417,3.3693727087304164,0.146491999285458,28.27844932001461,9.554392910931224,2.856693692302501
802,2290,20070406100000,spring_1,39.499794,-75.006409,720,1220,2102,2602,-3.4576616287231445,20.767215728759766,8.112374245064819,3.5776154895035557,-19.605361938476562,8.792302131652832,-2.415045091495619,3.3320982639945833,0.07934570490113058,27.93054173154818,9.349966395437628,2.8501576310419416
803,2291,20070406110000,spring_1,39.499794,-75.006409,720,1220,2102,2602,-4.127147197723389,19.66552734375,7.965247089728754,3.5244491560434823,-17.6363468170166,8.890111923217773,-2.2118209634482224,3.279672692531405,0.10986327877564947,24.46058733358058,9.143873531420153,2.8115627042353406
804,2292,20070406120000,spring_1,39.499794,-75.006409,720,1220,2102,2602,-3.913003444671631,19.141225814819336,7.796683459219103,3.516490485889008,-17.075563430786133,7.829583168029785,-2.095237824193803,2.8592888081404584,0.048828125859814255,22.977387417900875,8.822419958125755,2.8079242175248735
805,2293,20070406130000,spring_1,39.499794,-75.006409,720,1220,2102,2602,-2.9750421047210693,18.794189453125,7.736137979775905,3.42057436861703,-15.682930946350098,7.549114227294922,-2.032759949923435,2.628509371244686,0.06408691481098404,21.222572310219753,8.672513390666012,2.7160349539031357
806,2294,20070406140000,spring_1,39.499794,-75.006409,720,1220,2102,2602,-2.5311663150787354,19.180809020996094,7.554694992695587,3.3098791394829683,-13.088061332702637,7.4596405029296875,-1.7463222116509434,2.488685141127258,0.05493163958070551,19.51658667456413,8.38377938455635,2.64275511167896
807,2295,20070406150000,spring_1,39.499794,-75.006409,720,1220,2102,2602,-2.6671295166015625,18.364927291870117,7.35851223471942,3.2138625525390494,-9.393876075744629,7.370669841766357,-1.3572909294706725,2.4205245708496514,0.09765624547345884,19.125952779210323,8.08132633761955,2.621060339888231
808,2296,20070406160000,spring_1,39.499794,-75.006409,720,1220,2102,2602,-3.458984851837158,18.560880661010742,7.2101535462661515,3.1483663845596594,-8.567625999450684,8.114035606384277,-0.9796963647056338,2.4269750470057483,0.07019043268382524,19.656973653803412,7.861848709012704,2.6343638272951058
809,2297,20070406170000,spring_1,39.499794,-75.006409,720,1220,2102,2602,-4.492800712585449,18.981643676757812,7.069754118833767,3.128045775365944,-9.1621675491333,10.461932182312012,-0.6657021920054791,2.470741072358209,0.14344023727190294,19.25717976468834,7.695339717470742,2.663749455438285
810,2298,20070406180000,spring_1,39.499794,-75.006409,720,1220,2102,2602,-5.367359161376953,18.232343673706055,6.97190676689587,3.1615817846947194,-8.462785720825195,12.50629997253418,-0.4169184106745917,2.5241663033015382,0.030517579623492982,18.387405615779688,7.600711954401573,2.716154933302089
811,2299,20070406190000,spring_1,39.499794,-75.006409,720,1220,2102,2602,-7.696183681488037,16.736337661743164,6.86745152262295,3.2181045442127365,-7.811183452606201,12.957237243652344,-0.2600104062248914,2.550781803136737,0.09460449348820393,16.84011091252817,7.525109917065788,2.732197142904557
812,2300,20070406200000,spring_1,39.499794,-75.006409,720,1220,2102,2602,-7.81320858001709,15.911197662353516,6.731606791833836,3.272538076638523,-8.645816802978516,12.090960502624512,-0.2059124742904636,2.5599389296191823,0.054931641785465994,16.318244869585612,7.430416601220051,2.7218802078111533
813,2301,20070406210000,spring_1,39.499794,-75.006409,720,1220,2102,2602,-6.852639675140381,15.820939064025879,6.534685927690406,3.3120693344837755,-7.6703314781188965,11.661391258239746,-0.2901001096777342,2.5500205695965077,0.03051757877638311,16.306037723560866,7.2854206613294545,2.679800779247789
814,2302,20070406220000,spring_1,39.499794,-75.006409,720,1220,2102,2602,-7.959202766418457,15.012362480163574,6.204330782601008,3.3352215243930394,-8.567967414855957,10.586336135864258,-0.5198935537991272,2.5754400263818344,0.024414062452737913,15.18906410385308,7.049422352660896,2.6127089786812308
815,2303,20070406230000,spring_1,39.499794,-75.006409,720,1220,2102,2602,-9.182751655578613,15.473601341247559,5.5812770102835625,3.307359145519117,-8.06755542755127,9.608248710632324,-0.8691941955585959,2.6726987882710445,0.02441406247188227,15.54612737875978,6.6211419972630825,2.4796317463417985
816,2304,20070407000000,spring_1,39.499794,-75.006409,720,1220,2102,2602,-9.293050765991211,17.67371940612793,5.1361610945703555,3.408485696734532,-10.730999946594238,9.1897611618042,-1.3749231854606232,2.885571112615864,0.021362304308326883,20.09033181640863,6.494494952864354,2.4569076607234974
817,2305,20070407010000,spring_1,39.499794,-75.006409,720,1220,2102,2602,-8.684029579162598,18.87654685974121,4.587257684256242,3.4038128005335317,-12.319911003112793,8.202659606933594,-1.8534266771801453,3.063348618553706,0.03967285257880632,21.512496453401337,6.307136717751147,2.3807974027449452
818,2306,20070407020000,spring_1,39.499794,-75.006409,720,1220,2102,2602,-7.443371772766113,19.579557418823242,4.0216817325471546,3.341487838854688,-14.55169677734375,7.9297919273376465,-2.1980463984070613,3.1275484306569727,0.030517578300680626,21.094390582768494,6.042627665247505,2.3321841672470667
819,2307,20070407030000,spring_1,39.499794,-75.006409,720,1220,2102,2602,-6.536042213439941,18.504003524780273,3.5262597142729817,3.2621254154782413,-14.833258628845215,8.844487190246582,-2.385016755729166,3.135903263109887,0.03051757640775113,20.331428925302962,5.773767057669194,2.2938565699013935
820,2308,20070407040000,spring_1,39.499794,-75.006409,720,1220,2102,2602,-6.4979143142700195,18.833415985107422,3.100405186366597,3.2257295218178217,-16.031166076660156,8.312033653259277,-2.459679129250828,3.143260872941768,0.030517577460378018,21.543014332768877,5.535963538331857,2.302403375621856
821,2309,20070407050000,spring_1,39.499794,-75.006409,720,1220,2102,2602,-7.785444259643555,17.935659408569336,2.7242723872018813,3.235105945350153,-16.44086456298828,7.893415927886963,-2.486438686780395,3.178662068914868,0.01831054762275112,21.07302805086307,5.365574855799051,2.320441095051523
822,2310,20070407060000,spring_1,39.499794,-75.006409,720,1220,2102,2602,-7.562796115875244,16.30927848815918,2.421792955017545,3.341758985774707,-15.913111686706543,6.743040561676025,-2.496099908587272,3.245124452400609,0.024414061997141457,20.844139035528034,5.2968213371379465,2.3953006958702563
823,2311,20070407070000,spring_1,39.499794,-75.006409,720,1220,2102,2602,-8.135906219482422,16.10249900817871,2.244647454676832,3.5152056043709154,-19.490833282470703,6.705628395080566,-2.466710130242578,3.3184771865786478,0.015258789047061704,24.997710318812686,5.330319122497298,2.4657170140978875
824,2312,20070407080000,spring_1,39.499794,-75.006409,720,1220,2102,2602,-8.307694435119629,16.362396240234375,2.232315395636386,3.71610164639124,-17.89031982421875,8.495376586914062,-2.4142029326350247,3.4032188688527203,0.03051757832705084,23.789176869712737,5.427095149264731,2.5979907971339897
825,2313,20070407090000,spring_1,39.499794,-75.006409,720,1220,2102,2602,-9.24025821685791,16.332746505737305,2.3121582890032903,3.9381944870866348,-17.699159622192383,9.182463645935059,-2.3731591085032573,3.5126987706865673,0.04272460967548458,23.02926660779372,5.5836624302395,2.7657010764927192
826,2314,20070407100000,spring_1,39.499794,-75.006409,720,1220,2102,2602,-11.344941139221191,17.758878707885742,2.474959810816432,4.136374969414907,-18.832836151123047,11.492533683776855,-2.3629108685764075,3.6686272792474233,0.012207031276588225,23.923462972854605,5.796357412304562,2.946088693243213
827,2315,20070407110000,spring_1,39.499794,-75.006409,720,1220,2102,2602,-12.44704818725586,19.852577209472656,2.774080176374983,4.3673208291797545,-19.11699676513672,12.074469566345215,-2.398875108409173,3.8562287404592235,0.02746582015467267,25.452437490985922,6.121749634377122,3.1493325242718386
828,2316,20070407120000,spring_1,39.499794,-75.006409,720,1220,2102,2602,-19.98302459716797,20.802349090576172,2.9853892663891153,4.535426997548941,-18.39472198486328,13.218889236450195,-2.6490556135101606,3.9172055192618327,0.027465820878510648,25.02517566119366,6.329333023569373,3.4328101203425723
829,2317,20070407130000,spring_1,39.499794,-75.006409,720,1220,2102,2602,-18.167919158935547,21.931150436401367,3.6718733614905954,4.8429099380111005,-18.655288696289062,13.524384498596191,-3.140529360092911,4.112610218459393,0.03356933677299627,25.30899863935875,7.123820948686292,3.6005684568067142
830,2318,20070407140000,spring_1,39.499794,-75.006409,720,1220,2102,2602,-15.035825729370117,21.29306411743164,4.311947098827816,5.145560079571347,-20.257728576660156,12.134419441223145,-3.518473775625426,4.375354661716682,0.06103516047340914,23.883789678738285,7.900184658450466,3.765653303680725
831,2319,20070407150000,spring_1,39.499794,-75.006409,720,1220,2102,2602,-14.545048713684082,22.908185958862305,4.973964545505423,5.496417321477026,-20.641128540039062,12.504350662231445,-3.700691763934075,4.728532459705449,0.06408691231431875,23.00485300978559,8.65740667829655,4.0067911141587516
832,2320,20070407160000,spring_1,39.499794,-75.006409,720,1220,2102,2602,-18.286365509033203,24.452930450439453,5.752415065628161,5.883150186123302,-21.218334197998047,15.084964752197266,-3.87027366391407,5.04266568816155,0.10986327883973847,24.45448227822094,9.461311315463107,4.311939107615845
833,2321,20070407170000,spring_1,39.499794,-75.006409,720,1220,2102,2602,-23.36872673034668,33.14635467529297,6.529233512142279,6.168168521550846,-23.41659927368164,19.1483097076416,-4.174116336262857,5.133402250946879,0.13123321454913048,33.61002986939324,10.195816993706998,4.527424748778392
834,2322,20070407180000,spring_1,39.499794,-75.006409,720,1220,2102,2602,-21.298851013183594,27.451566696166992,7.127390315599934,6.061513688753375,-24.409738540649414,13.382584571838379,-4.464729626870707,5.09605058335022,0.2594070443116239,29.9325555631405,10.614291670421075,4.5587273919596445
835,2323,20070407190000,spring_1,39.499794,-75.006409,720,1220,2102,2602,-11.751282691955566,27.952905654907227,7.608100306977708,5.746667293630734,-25.15574836730957,8.584850311279297,-4.66830136396206,5.018536829737283,0.21668243338825124,28.223518713606573,10.866970886961491,4.44916492646097
836,2324,20070407200000,spring_1,39.499794,-75.006409,720,1220,2102,2602,-9.811659812927246,28.225942611694336,8.070339338014193,5.281217750013106,-23.862226486206055,8.947784423828125,-4.737832661490579,4.897547552693902,0.08239746203102834,30.768761363488302,11.000239139147343,4.295277312876168
837,2325,20070407210000,spring_1,39.499794,-75.006409,720,1220,2102,2602,-6.846689224243164,28.695737838745117,8.498301307476453,4.70546841200311,-24.12103843688965,11.668867111206055,-4.832715457514946,4.697680513370154,0.08239746156442758,29.187904306388194,11.076958799422437,4.133628278391089
838,2326,20070407220000,spring_1,39.499794,-75.006409,720,1220,2102,2602,-6.046998023986816,28.900741577148438,8.747536049533206,4.0284522966248,-24.18915367126465,7.178555965423584,-4.8414101194908525,4.394217424017162,0.09155273318699679,31.360816706250297,10.976760606572851,3.873879211423541
839,2327,20070407230000,spring_1,39.499794,-75.006409,720,1220,2102,2602,-5.535459041595459,28.36419105529785,8.60338762183649,3.395191336350594,-22.163162231445312,7.307997703552246,-4.567760425606249,4.0329504684186555,0.10986328278212668,31.47679287458893,10.458069571241472,3.6473974847177746
840,2328,20070408000000,spring_2,39.499794,-75.006409,720,1220,2102,2602,-6.427176475524902,25.432260513305664,8.90947663099444,3.028025879374177,-22.480003356933594,8.611199378967285,-4.306407382802757,3.645261881667732,0.15869903646414332,26.541947292380684,10.42515816984799,3.420068775718608
841,2329,20070408010000,spring_2,39.499794,-75.006409,720,1220,2102,2602,-5.66165828704834,23.90145492553711,9.246829891137097,2.8655359484530223,-19.7175235748291,6.693660259246826,-4.0428172961841415,3.290757965762097,0.03356933632519296,26.41682566216097,10.490375893278525,3.29251159523793
842,2330,20070408020000,spring_2,39.499794,-75.006409,720,1220,2102,2602,-3.8363759517669678,22.97308921813965,9.542515334771014,2.8451501888924318,-16.12156867980957,6.557074546813965,-3.8443979332766243,3.0974528994321506,0.10681152492786096,25.21134214180978,10.627312735646877,3.2539687251162226
843,2331,20070408030000,spring_2,39.499794,-75.006409,720,1220,2102,2602,-4.528836727142334,23.836698532104492,9.765936900667153,2.923608553606109,-16.11608123779297,6.781989574432373,-3.6444092659328535,3.0372716957990757,0.22583770238184875,26.285590599243534,10.759610918095218,3.2647391420229583
844,2332,20070408040000,spring_2,39.499794,-75.006409,720,1220,2102,2602,-5.143833637237549,24.055496215820312,9.864519950008713,3.001752382333279,-16.540224075317383,7.692745208740234,-3.406989608819427,3.0302414579639216,0.08850097400195037,26.04754571218436,10.787625507362316,3.276636783355187
845,2333,20070408050000,spring_2,39.499794,-75.006409,720,1220,2102,2602,-3.7061100006103516,23.669811248779297,9.857833132770809,3.0424324287001547,-16.054113388061523,7.112263202667236,-3.1255113940042802,3.049130038250488,0.07934569982562042,24.900055243876498,10.713044588305161,3.275661806407643
846,2334,20070408060000,spring_2,39.499794,-75.006409,720,1220,2102,2602,-3.1486473083496094,23.34930992126465,9.83511811949831,3.0510777628220294,-15.391529083251953,7.778933048248291,-2.7836860058426356,3.02199976856178,0.17395781370915217,24.524673552705945,10.602700140525203,3.2407968232657636
847,2335,20070408070000,spring_2,39.499794,-75.006409,720,1220,2102,2602,-3.452273368835449,24.391672134399414,9.842603987220794,3.0432080440304805,-14.604534149169922,8.311983108520508,-2.4194337008145532,2.9838810479231777,0.0762939424253869,24.805443347206285,10.520059478084692,3.1974243645251836
848,2336,20070408080000,spring_2,39.499794,-75.006409,720,1220,2102,2602,-4.797634601593018,25.28795623779297,9.873577224910386,3.0258219540038422,-13.693090438842773,9.29407787322998,-2.0551124592536487,2.928428127298364,0.23804474566978062,26.08721825439509,10.46919732866715,3.136592342648481
849,2337,20070408090000,spring_2,39.499794,-75.006409,720,1220,2102,2602,-3.7715864181518555,25.70316505432129,9.88715468836005,3.0081812520969398,-13.054121971130371,8.029603004455566,-1.7131463446199449,2.8270002576198126,0.12818145536869266,26.627403088249842,10.409484766989813,3.0617658332246513
850,2338,20070408100000,spring_2,39.499794,-75.006409,720,1220,2102,2602,-4.381020545959473,25.795066833496094,9.88968298451208,3.0054844457539907,-13.660088539123535,9.184854507446289,-1.366778366306156,2.729832284648787,0.3204421991186463,27.610091988658546,10.350929315304793,3.0028479818822165
851,2339,20070408110000,spring_2,39.499794,-75.006409,720,1220,2102,2602,-4.0543389320373535,26.206300735473633,9.916692298542486,3.0036194491135824,-12.77713680267334,8.525450706481934,-1.0812667537280707,2.607457823295859,0.15564727348069113,28.620254468339283,10.32080695809263,2.968405930097233
852,2340,20070408120000,spring_2,39.499794,-75.006409,720,1220,2102,2602,-3.5827584266662598,25.171297073364258,9.724438461105619,3.156051632438324,-13.751477241516113,7.1785054206848145,-1.1080612281491977,2.1659138158614994,0.10375976674262614,27.137062458047264,10.023635534020167,3.157701428989495
853,2341,20070408130000,spring_2,39.499794,-75.006409,720,1220,2102,2602,-2.8413875102996826,24.320371627807617,10.08416710152396,2.86695536094597,-12.033563613891602,8.790848731994629,-1.3050464447616357,1.8186969339795092,0.2227859370199435,25.83696814914164,10.335605877932231,2.8453321545681
854,2342,20070408140000,spring_2,39.499794,-75.006409,720,1220,2102,2602,-1.8182803392410278,22.749046325683594,10.167697034964398,2.7772524213895906,-11.513554573059082,8.289411544799805,-1.215895690036569,1.63250357053486,0.0823974616515154,23.35886368552004,10.373002439888134,2.7639617627368755
855,2343,20070408150000,spring_2,39.499794,-75.006409,720,1220,2102,2602,-1.7912507057189941,20.916189193725586,10.270437543678545,2.7104409649605086,-8.972142219543457,8.008831977844238,-0.9595019119912006,1.582156006869294,0.1312332198233585,21.51249666417227,10.435989650582435,2.709678786362231
856,2344,20070408160000,spring_2,39.499794,-75.006409,720,1220,2102,2602,-1.6857645511627197,23.403066635131836,10.448114131331607,2.63392563179162,-8.426928520202637,7.86578893661499,-0.7140995162037175,1.6344022212873714,0.13733672653393306,23.407698592026644,10.596831145405785,2.6436776563888276
857,2345,20070408170000,spring_2,39.499794,-75.006409,720,1220,2102,2602,-1.1166359186172485,20.154434204101562,10.621238761647165,2.5738302351475926,-7.1302971839904785,9.897064208984375,-0.5876075760366665,1.7479671855486982,0.4242096006382094,20.160530531982293,10.776476619137075,2.5891192582881972
858,2346,20070408180000,spring_2,39.499794,-75.006409,720,1220,2102,2602,0.7252069115638733,20.50562286376953,10.779077979771614,2.557983831485092,-7.705850124359131,10.082968711853027,-0.5278926657539471,1.9083562053927643,0.7324447636724102,20.596938660363012,10.955374309458978,2.5752807980879515
859,2347,20070408190000,spring_2,39.499794,-75.006409,720,1220,2102,2602,1.0956610441207886,19.061851501464844,10.889816227486133,2.5690233268225553,-9.022523880004883,10.962906837463379,-0.5487830396354597,2.065698287552418,1.9745483908771555,19.06185783063609,11.094129052828595,2.5839023048776033
860,2348,20070408200000,spring_2,39.499794,-75.006409,720,1220,2102,2602,0.14556187391281128,19.140628814697266,10.93962198940003,2.6096488877354465,-8.423561096191406,10.006997108459473,-0.6385143067842657,2.2122533823498274,1.9592894740414006,19.39451594248177,11.17645969167556,2.6218525695128965
861,2349,20070408210000,spring_2,39.499794,-75.006409,720,1220,2102,2602,-1.6352245807647705,18.380264282226562,10.894139979253978,2.6636064719457653,-8.508200645446777,9.867562294006348,-0.8088769033945847,2.282439593243297,1.577804563458272,18.40876876266756,11.16008966603335,2.6633242973240603
862,2350,20070408220000,spring_2,39.499794,-75.006409,720,1220,2102,2602,-2.154954671859741,18.455869674682617,10.659761235878673,2.768340140142061,-8.82542896270752,8.954000473022461,-1.051128314234063,2.282172749381119,0.20142363963326895,18.78414191772176,10.959212130831089,2.739173123391506
863,2351,20070408230000,spring_2,39.499794,-75.006409,720,1220,2102,2602,-1.228895902633667,19.2525691986084,10.115292861523681,3.087630180645472,-9.884477615356445,8.332590103149414,-1.2097366157897034,2.22602809010585,0.2441482484629408,19.888916389620643,10.452616399133543,3.0023464085464626
864,2352,20070409000000,spring_2,39.499794,-75.006409,720,1220,2102,2602,-2.3842320442199707,20.00956153869629,10.260975139485073,3.0994848936704207,-9.591961860656738,8.571008682250977,-1.6509419628803501,2.411541449355266,0.32349395176907286,20.120850040284974,10.714537829084124,2.9384074011451937
865,2353,20070409010000,spring_2,39.499794,-75.006409,720,1220,2102,2602,-3.865449905395508,22.15892791748047,10.060773449646444,3.2604383057544206,-10.960962295532227,9.188276290893555,-2.203273997471445,2.5072207901912265,0.09155273503604046,23.679314066045126,10.668696569688912,3.028053211776581
866,2354,20070409020000,spring_2,39.499794,-75.006409,720,1220,2102,2602,-5.346836566925049,22.247404098510742,9.645018880312923,3.5227093704570316,-12.854843139648438,9.166882514953613,-2.772231713337636,2.5303539441780996,0.07324218870953861,23.79528033509179,10.445753068371335,3.2264644892144645
867,2355,20070409030000,spring_2,39.499794,-75.006409,720,1220,2102,2602,-4.7180070877075195,23.25291633605957,9.131251638059815,3.795403744710675,-13.383642196655273,8.966236114501953,-3.2158428276581468,2.513077600427935,0.10375977021921937,23.62743340719067,10.128705870199704,3.4425815278492515
868,2356,20070409040000,spring_2,39.499794,-75.006409,720,1220,2102,2602,-3.791499614715576,22.37864875793457,8.608373533524011,3.98394600115507,-14.515810012817383,8.716629028320312,-3.5143520024698605,2.4945071217458006,0.07324218675485904,23.035370405751117,9.78758965013963,3.5710285984545336
869,2357,20070409050000,spring_2,39.499794,-75.006409,720,1220,2102,2602,-4.756015300750732,21.628297805786133,8.06601466072857,4.088326559202566,-15.187481880187988,8.627338409423828,-3.652723348041495,2.4966226407078365,0.10070800538722686,22.345649395780185,9.398702642138888,3.607618005532637
870,2358,20070409060000,spring_2,39.499794,-75.006409,720,1220,2102,2602,-4.353844165802002,21.334716796875,7.623823603302204,4.157395387214028,-14.116899490356445,6.895780563354492,-3.620562498537005,2.5128003160677026,0.06713866974067066,22.330390476909983,9.04908659194469,3.597678810792538
871,2359,20070409070000,spring_2,39.499794,-75.006409,720,1220,2102,2602,-5.104476451873779,21.723867416381836,7.292575668613129,4.2195450941957775,-14.538283348083496,6.413110256195068,-3.474943608153483,2.524461407747493,0.07934570016896866,22.50129721064907,8.76193879872518,3.558481087605692
872,2360,20070409080000,spring_2,39.499794,-75.006409,720,1220,2102,2602,-5.417170524597168,20.6705322265625,7.064615118792086,4.258651029152899,-14.527265548706055,6.041160583496094,-3.2710144270145065,2.486921714377969,0.05187988247443323,22.45552062251162,8.522336352033353,3.5069920819362137
873,2361,20070409090000,spring_2,39.499794,-75.006409,720,1220,2102,2602,-6.061953544616699,19.05487632751465,6.897585596930126,4.259010843784232,-14.83172607421875,5.9230055809021,-3.0136404523642333,2.407315385884391,0.04577636621103943,21.991637471497814,8.289280400109103,3.4468662617018504
874,2362,20070409100000,spring_2,39.499794,-75.006409,720,1220,2102,2602,-6.8651251792907715,18.562604904174805,6.771506470418958,4.240411292914642,-15.17351245880127,5.997254371643066,-2.7558819721496235,2.318953190375175,0.06103515773782986,20.41078118226864,8.068139756209925,3.422270887851986
875,2363,20070409110000,spring_2,39.499794,-75.006409,720,1220,2102,2602,-7.0787882804870605,18.488502502441406,6.689489993385008,4.166244867843292,-13.55698013305664,6.671175479888916,-2.536199338850984,2.2304384099588317,0.03662109328264369,20.20020271453901,7.873744175446816,3.393845594168058
876,2364,20070409120000,spring_2,39.499794,-75.006409,720,1220,2102,2602,-4.7186150550842285,18.522172927856445,6.2086592580966435,4.053202846840519,-12.585482597351074,5.933218479156494,-2.2653431305717304,1.9896978619102865,0.05187988283629081,19.61118976623085,7.187660350817905,3.52194816301779
877,2365,20070409130000,spring_2,39.499794,-75.006409,720,1220,2102,2602,-3.2353272438049316,18.106061935424805,6.25218249178438,3.8801204064417063,-10.056756973266602,4.488557815551758,-2.265771063892915,1.685491425458015,0.02441406293666892,19.064909666073547,7.073659682056039,3.4760694528133738
878,2366,20070409140000,spring_2,39.499794,-75.006409,720,1220,2102,2602,-4.187183856964111,17.88523292541504,6.41633991935424,3.628075013461249,-9.614270210266113,5.589245319366455,-2.215615468452556,1.5147394348201575,0.03967285034846312,19.754631887031252,7.142799260488173,3.242861768225057
879,2367,20070409150000,spring_2,39.499794,-75.006409,720,1220,2102,2602,-3.678577184677124,17.376750946044922,6.523928865595139,3.4270549396154286,-7.434290409088135,6.144901752471924,-1.9693373486607153,1.493108556245833,0.045776367217517606,18.201241387066155,7.107506832327137,3.1460074355404175
880,2368,20070409160000,spring_2,39.499794,-75.006409,720,1220,2102,2602,-5.356204509735107,16.945798873901367,6.674880094770076,3.2648416652424137,-7.497575283050537,7.0896525382995605,-1.687238736884247,1.6136780211482151,0.08850097459769701,17.227699212168762,7.163478602166677,3.057535119363367
881,2369,20070409170000,spring_2,39.499794,-75.006409,720,1220,2102,2602,-6.610219955444336,16.761157989501953,6.821937338092072,3.146527146430473,-8.456731796264648,8.938072204589844,-1.481718172526497,1.8075186119258384,0.04882812642092405,17.697684915254317,7.289962439387919,2.959480027918003
882,2370,20070409180000,spring_2,39.499794,-75.006409,720,1220,2102,2602,-7.000351905822754,16.500778198242188,6.922576374070439,3.106219078893595,-7.808960914611816,9.823935508728027,-1.3709827730460824,2.0348304048224235,0.03662109375457822,16.50135884013421,7.437875254488843,2.87555227042776
883,2371,20070409190000,spring_2,39.499794,-75.006409,720,1220,2102,2602,-6.62014102935791,16.30855941772461,6.958180615486253,3.127743877959269,-7.520712852478027,10.483104705810547,-1.3446366924394322,2.2556741949272516,0.07629394742698929,16.333502975944924,7.550920672593726,2.8423177423279444
884,2372,20070409200000,spring_2,39.499794,-75.006409,720,1220,2102,2602,-6.997856616973877,15.292997360229492,6.927273535162158,3.1960251183975714,-8.843156814575195,10.552058219909668,-1.3729184366702838,2.432760146402377,0.07324218284977699,15.369117380780784,7.613450323331464,2.835541628370697
885,2373,20070409210000,spring_2,39.499794,-75.006409,720,1220,2102,2602,-7.210112571716309,14.51330852508545,6.798206026570491,3.2767704596661527,-9.303382873535156,10.524226188659668,-1.4708922641859246,2.5514414850741014,0.03967285030809569,15.225685091787255,7.594033171823253,2.820792036802302
886,2374,20070409220000,spring_2,39.499794,-75.006409,720,1220,2102,2602,-7.857639789581299,14.168614387512207,6.554250495302073,3.35789175713679,-9.692938804626465,9.328049659729004,-1.619725699612084,2.6402799316683923,0.04272461024652544,14.978485148964461,7.484320713568588,2.7952047373703324
887,2375,20070409230000,spring_2,39.499794,-75.006409,720,1220,2102,2602,-7.0982666015625,14.717567443847656,6.200216949767132,3.522858210850136,-9.36596393585205,7.804488182067871,-1.8349957782415707,2.7800625311812115,0.06408691085221577,14.902190635272202,7.352038996067101,2.810106756278944
888,2376,20070410000000,spring_2,39.499794,-75.006409,720,1220,2102,2602,-8.520467758178711,14.691670417785645,6.144085101728304,3.720173766921987,-10.349844932556152,7.389339447021484,-2.355737385743538,3.0812283820445883,0.03662109278480064,15.56138649971061,7.645897048966266,2.858880879450921
889,2377,20070410010000,spring_2,39.499794,-75.006409,720,1220,2102,2602,-8.362918853759766,15.235054969787598,5.791168528450658,3.783533552031954,-11.404937744140625,7.124377727508545,-2.830589523259538,3.144187741207683,0.05493163924206895,16.754661571864602,7.576784923390645,2.888467221572103
890,2378,20070410020000,spring_2,39.499794,-75.006409,720,1220,2102,2602,-8.627616882324219,17.464750289916992,5.3316014334256145,3.784462101316292,-12.275591850280762,6.67607307434082,-3.2452728807112976,3.0863475440779027,0.027465819574730647,18.323311502911928,7.372974431592086,2.905978751713557
891,2379,20070410030000,spring_2,39.499794,-75.006409,720,1220,2102,2602,-6.827438831329346,17.78854751586914,4.888303472885895,3.7370632094961715,-13.080985069274902,6.413064956665039,-3.596681437940783,2.9123535317269833,0.05798339918001273,20.05066010923916,7.13927414953223,2.882678850029848
892,2380,20070410040000,spring_2,39.499794,-75.006409,720,1220,2102,2602,-6.302828788757324,15.85957145690918,4.46808958031963,3.6237314186580467,-13.688315391540527,4.983436107635498,-3.919346524485752,2.789268516652453,0.0457763656443494,20.45655812971914,6.935543049574711,2.85215577008223
893,2381,20070410050000,spring_2,39.499794,-75.006409,720,1220,2102,2602,-6.1392741203308105,14.514376640319824,4.054908792858745,3.498344976033053,-13.95695972442627,4.717839241027832,-4.194842716882719,2.73092277416382,0.033569334378446475,19.525742106439665,6.766008181669345,2.820723452086885
894,2382,20070410060000,spring_2,39.499794,-75.006409,720,1220,2102,2602,-6.950385093688965,13.987711906433105,3.704673427534637,3.381920811107875,-13.434535026550293,4.962702751159668,-4.333554260239365,2.7366942589980283,0.03967285126379767,18.692589566409556,6.609191111103348,2.783841667169631
895,2383,20070410070000,spring_2,39.499794,-75.006409,720,1220,2102,2602,-7.71989631652832,14.246739387512207,3.4768578394685883,3.290429901306599,-13.330289840698242,4.313762187957764,-4.35479058319919,2.774781246286253,0.033569338372576696,18.424027210969832,6.486072188254769,2.7404286030285427
896,2384,20070410080000,spring_2,39.499794,-75.006409,720,1220,2102,2602,-8.02784538269043,14.289812088012695,3.3803298763588314,3.2159639381798155,-13.6768159866333,4.9332756996154785,-4.273852598382243,2.7971930230164097,0.021362304298570847,18.555251728285118,6.3765573460861935,2.6830347328094115
897,2385,20070410090000,spring_2,39.499794,-75.006409,720,1220,2102,2602,-8.531474113464355,14.963708877563477,3.3724380027699983,3.179358633950442,-13.710229873657227,4.869487285614014,-4.157345821408076,2.7935905829157974,0.03967285205588868,17.673271198891513,6.302560690589901,2.6166888945704803
898,2386,20070410100000,spring_2,39.499794,-75.006409,720,1220,2102,2602,-8.628854751586914,14.065232276916504,3.4168752543775756,3.193930702153699,-14.286506652832031,4.542479991912842,-4.00464963580585,2.759797227471231,0.04882812454520913,18.533889282289213,6.237975673709454,2.572467447931023
899,2387,20070410110000,spring_2,39.499794,-75.006409,720,1220,2102,2602,-9.20771312713623,13.223329544067383,3.5037057199346084,3.2221787849053665,-13.364824295043945,4.482309341430664,-3.823965327040935,2.7141142037844053,0.03662109504996824,17.947937029390033,6.184692173949662,2.5292487700655437
900,2388,20070410120000,spring_2,39.499794,-75.006409,720,1220,2102,2602,-7.979194164276123,12.085265159606934,3.28974019161456,2.972653983324638,-12.473588943481445,4.596014499664307,-3.403198738344445,2.640309160031957,0.0427246082278103,15.99169902173414,5.634443722271537,2.5426561479430894
901,2389,20070410130000,spring_2,39.499794,-75.006409,720,1220,2102,2602,-5.300230503082275,10.226574897766113,3.4614124217575117,2.853350174393651,-11.316537857055664,2.8964061737060547,-3.3429963656877546,2.4371245545273155,0.01525878877961648,13.36100042979737,5.47417721743473,2.696584461612421
902,2390,20070410140000,spring_2,39.499794,-75.006409,720,1220,2102,2602,-5.6540303230285645,11.756885528564453,3.7089383081751834,2.9184245717198474,-12.394552230834961,3.4142234325408936,-3.448068225918413,2.25697600100961,0.024414062508754455,14.194160445981142,5.713107060354013,2.5723429459001363
903,2391,20070410150000,spring_2,39.499794,-75.006409,720,1220,2102,2602,-5.253489017486572,10.825664520263672,4.016257321311673,2.8992972269709583,-11.758048057556152,4.316337585449219,-3.3450123965077903,2.219139191201478,0.006103515642108968,14.5329135609014,5.838467681681874,2.561684815504151
904,2392,20070410160000,spring_2,39.499794,-75.006409,720,1220,2102,2602,-6.542995929718018,11.444828987121582,4.294069509444276,2.8837131586189426,-11.491604804992676,6.234713077545166,-3.1617979529967504,2.324176372435013,0.02136230539576582,13.934753343277583,5.950770979955679,2.5965210153218465
905,2393,20070410170000,spring_2,39.499794,-75.006409,720,1220,2102,2602,-6.807329177856445,10.475650787353516,4.457681198538735,2.907595328902565,-11.675439834594727,8.376203536987305,-2.983899201698006,2.5080634417470753,0.027465819168167507,13.773002220899397,6.036680087961389,2.6603688567178816
906,2394,20070410180000,spring_2,39.499794,-75.006409,720,1220,2102,2602,-7.635445594787598,11.629509925842285,4.5122134013686015,2.9683673033367244,-11.00358772277832,9.458454132080078,-2.80656379546765,2.7045076274260826,0.015258789381419176,14.966277941686931,6.082094178747327,2.714878721544014
907,2395,20070410190000,spring_2,39.499794,-75.006409,720,1220,2102,2602,-7.770266056060791,11.798654556274414,4.457294607389245,3.0571682659061667,-10.83594799041748,9.132688522338867,-2.631012199975812,2.877836865099357,0.021362305219058332,14.133125411350285,6.075295458911332,2.740202242281175
908,2396,20070410200000,spring_2,39.499794,-75.006409,720,1220,2102,2602,-8.025003433227539,12.215614318847656,4.297850828963723,3.160070286298945,-11.159892082214355,10.1638822555542,-2.441152726116634,3.049789124124204,0.018310546444530375,14.575637456689094,6.020738472757406,2.732894900812217
909,2397,20070410210000,spring_2,39.499794,-75.006409,720,1220,2102,2602,-9.40404987335205,12.41856861114502,4.017814457770916,3.2675563322552867,-11.645965576171875,8.45566463470459,-2.2834260341049375,3.1884012168714206,0.015258789283192476,13.977477795320434,5.917345503896299,2.6804321222572005
910,2398,20070410220000,spring_2,39.499794,-75.006409,720,1220,2102,2602,-10.602208137512207,12.710661888122559,3.567631692494769,3.416575120543383,-10.31130599975586,9.769062995910645,-2.1340600218711403,3.3187838353860344,0.033569335835232486,13.742485192522548,5.762270888015022,2.6011062999639147
911,2399,20070410230000,spring_2,39.499794,-75.006409,720,1220,2102,2602,-10.333820343017578,12.806602478027344,2.9191890391764206,3.7665576672138608,-10.47057819366455,11.099238395690918,-2.1303271077427626,3.502215691606037,0.009155273100106116,12.88491862814451,5.78614545141242,2.4562065178868493
912,2400,20070411000000,spring_2,39.499794,-75.006409,720,1220,2102,2602,-11.031061172485352,12.52160358428955,2.192465048718981,4.338917082578459,-11.096575736999512,13.408576965332031,-2.2333740603110512,3.8842388582838625,0.03356933376099731,14.148383921670813,6.182242745513879,2.3427014910908084
913,2401,20070411010000,spring_2,39.499794,-75.006409,720,1220,2102,2602,-12.069024085998535,12.996271133422852,1.420838614499989,4.679051791053032,-12.284460067749023,15.162400245666504,-2.151953169164443,4.1105522057684585,0.07324218634160548,15.952026832803796,6.329867557877335,2.317892708942259
914,2402,20070411020000,spring_2,39.499794,-75.006409,720,1220,2102,2602,-12.094439506530762,15.214170455932617,0.728920825720539,4.855062095379623,-13.509909629821777,15.542739868164062,-1.9737220636622141,4.264149243804425,0.030517578824945706,17.508468228164396,6.349822600345017,2.4210026894519583
915,2403,20070411030000,spring_2,39.499794,-75.006409,720,1220,2102,2602,-12.391401290893555,14.567632675170898,0.1419687275259695,4.904123571466896,-12.69262981414795,16.869457244873047,-1.7497493658706755,4.393135478321534,0.03356933601803525,17.950988459894923,6.317789367169196,2.5529165301961267
916,2404,20070411040000,spring_2,39.499794,-75.006409,720,1220,2102,2602,-12.640673637390137,14.37582015991211,-0.36567544558119097,4.832736495370792,-12.549064636230469,17.86975860595703,-1.5506197981748069,4.458113754491314,0.045776366969510186,19.016083802074796,6.236540210235521,2.6217983861810508
917,2405,20070411050000,spring_2,39.499794,-75.006409,720,1220,2102,2602,-13.645515441894531,12.498124122619629,-0.8665330904577508,4.714890529839841,-11.885624885559082,19.403350830078125,-1.403049481175519,4.467566665593591,0.06713867081653718,20.157478907675454,6.1403649951953625,2.6841553213555005
918,2406,20070411060000,spring_2,39.499794,-75.006409,720,1220,2102,2602,-14.663898468017578,10.5242338180542,-1.3186747847677238,4.559019457630883,-10.340338706970215,20.86121368408203,-1.250033848355882,4.430292309365018,0.024414063258047,21.396529159531195,6.0228065905765655,2.7275331242719885
919,2407,20070411070000,spring_2,39.499794,-75.006409,720,1220,2102,2602,-15.301640510559082,8.635464668273926,-1.738218532326174,4.462369466218574,-9.981050491333008,21.33313751220703,-1.10211706503818,4.342066732875358,0.0061035152416915,21.970275845968136,5.936927490044434,2.7848235913443316
920,2408,20070411080000,spring_2,39.499794,-75.006409,720,1220,2102,2602,-16.086742401123047,7.413019180297852,-2.12226725732306,4.405167766226177,-8.711395263671875,20.91584587097168,-0.9553668566697737,4.210311994024742,0.03356933757338416,21.76274771157764,5.877942221467927,2.8282095960236138
921,2409,20070411090000,spring_2,39.499794,-75.006409,720,1220,2102,2602,-16.309402465820312,7.639491081237793,-2.5033843170408128,4.3421111389925064,-8.702585220336914,20.170480728149414,-0.8083660864015298,4.08759770242225,0.04272460827947204,22.150337164040984,5.858292048648435,2.8571291817842264
922,2410,20070411100000,spring_2,39.499794,-75.006409,720,1220,2102,2602,-16.389307022094727,7.68698787689209,-2.9163505784533887,4.3016763844820884,-9.362728118896484,21.302946090698242,-0.6321914505738131,3.990486400756437,0.03662109219727557,22.51655531234173,5.904812692314112,2.909700195336823
923,2411,20070411110000,spring_2,39.499794,-75.006409,720,1220,2102,2602,-16.459348678588867,7.136070728302002,-3.297229907594648,4.265001078791419,-7.869770526885986,22.11820411682129,-0.40431871600861463,3.9048543527390187,0.024414062787709127,23.279518056135313,5.968611622443734,2.9747261565189285
924,2412,20070411120000,spring_2,39.499794,-75.006409,720,1220,2102,2602,-16.75389289855957,6.742532730102539,-3.393971499833762,4.002427448847094,-6.997342586517334,21.612247467041016,-0.10956000181590672,3.665033347131182,0.027465821291725784,23.27036256261504,5.628318044332358,3.050406013368181
925,2413,20070411130000,spring_2,39.499794,-75.006409,720,1220,2102,2602,-16.755239486694336,6.379330158233643,-3.4436424715387375,3.8609817030094344,-6.038783550262451,22.66883087158203,0.10855683840429195,3.5283099696529017,0.012207031661180985,24.042480293767067,5.483598370160561,3.0260135370893306
926,2414,20070411140000,spring_2,39.499794,-75.006409,720,1220,2102,2602,-17.142032623291016,6.293649673461914,-3.798414619692106,3.931911418387988,-6.281259536743164,22.18634033203125,0.6330634465626941,3.7172867387654454,0.015258788691891477,23.319191416295876,5.824234202891828,3.191420843539886
927,2415,20070411150000,spring_2,39.499794,-75.006409,720,1220,2102,2602,-17.43297576904297,6.4253010749816895,-4.084118555564733,4.010411776631929,-6.355259895324707,20.94448471069336,1.1375875170581338,3.8933904603844023,0.02441406156928023,23.422958105081612,6.140579930512078,3.39253588736026
928,2416,20070411160000,spring_2,39.499794,-75.006409,720,1220,2102,2602,-16.387405395507812,6.439925670623779,-4.334881484945657,4.069824480958231,-6.953688621520996,21.6010684967041,1.5467417054598693,4.037586335650589,0.027465820381250537,24.146247536469453,6.4297298585684475,3.5647939718034505
929,2417,20070411170000,spring_2,39.499794,-75.006409,720,1220,2102,2602,-16.630563735961914,6.487827301025391,-4.604661252320867,4.137776065662961,-8.06653118133545,21.72933006286621,1.9499888214246666,4.177487367182582,0.01831054693609874,24.265267612769712,6.746401317258451,3.750202980018958
930,2418,20070411180000,spring_2,39.499794,-75.006409,720,1220,2102,2602,-17.258237838745117,6.535436153411865,-4.871484142941495,4.18950657321664,-8.641504287719727,21.737464904785156,2.3257977951171362,4.330469225780759,0.021362304027073335,25.116729765273973,7.080343242133714,3.9133568396880514
931,2419,20070411190000,spring_2,39.499794,-75.006409,720,1220,2102,2602,-18.613704681396484,6.449046611785889,-5.171644054374579,4.225656576713495,-9.195916175842285,23.409732818603516,2.646585687164558,4.444716742588089,0.02136230508059209,26.300850097440453,7.422395063486871,4.0336150005104425
932,2420,20070411200000,spring_2,39.499794,-75.006409,720,1220,2102,2602,-17.98914909362793,6.445114612579346,-5.491792553127294,4.205711155721907,-9.49106216430664,22.310428619384766,2.93434358401246,4.507447854509716,0.018310547573942498,25.916320397259717,7.727677201946807,4.130164072360686
933,2421,20070411210000,spring_2,39.499794,-75.006409,720,1220,2102,2602,-20.366987228393555,6.468012809753418,-5.829612812537953,4.138901215360393,-9.228569030761719,23.19333267211914,3.1375832707778746,4.4769968806257765,0.015258789399946508,27.75353295778616,7.987854335244946,4.146926787842418
934,2422,20070411220000,spring_2,39.499794,-75.006409,720,1220,2102,2602,-21.933229446411133,6.46068811416626,-6.2545156747915,4.0938122357215,-9.836710929870605,22.91498565673828,3.247594126209148,4.318226447509813,0.02136230486651708,27.900025746889995,8.252490279044883,4.119298047287515
935,2423,20070411230000,spring_2,39.499794,-75.006409,720,1220,2102,2602,-21.52541732788086,6.169031143188477,-6.75457369608638,4.095354366916882,-8.26192855834961,25.329004287719727,3.4672345511411953,4.304696047657275,0.027465819000404672,28.751486630070094,8.683905864993815,4.187850956010341
936,2424,20070412000000,spring_2,39.499794,-75.006409,720,1220,2102,2602,-21.197669982910156,8.626136779785156,-7.056703007970414,4.090951023183197,-8.230853080749512,24.75008201599121,3.8868024689464624,4.342513527162846,0.027465819660390082,29.377121738186162,9.108447656587343,4.187335199168025
937,2425,20070412010000,spring_2,39.499794,-75.006409,720,1220,2102,2602,-21.337188720703125,10.442737579345703,-7.073054441540725,4.171711646298929,-9.419066429138184,24.069120407104492,4.278423836347934,4.26979617184546,0.00915527341242798,30.100403281261713,9.319905561619182,4.136025554551285
938,2426,20070412020000,spring_2,39.499794,-75.006409,720,1220,2102,2602,-21.62059783935547,11.954619407653809,-7.0814063955689965,4.173587105030521,-11.236207008361816,23.369783401489258,4.6237521048821195,4.174929735557972,0.018310546888785854,29.749443087636784,9.465934627736338,4.095161695238987
939,2427,20070412030000,spring_2,39.499794,-75.006409,720,1220,2102,2602,-20.283641815185547,18.037233352661133,-6.926372775040539,4.338718228633411,-11.410635948181152,24.308589935302734,4.9494851460652125,4.192977174631774,0.024414062770726587,27.845084045790152,9.63314077500385,4.010009388188521
940,2428,20070412040000,spring_2,39.499794,-75.006409,720,1220,2102,2602,-18.228050231933594,16.610750198364258,-6.735450187465555,4.561358793983103,-12.186495780944824,24.357208251953125,5.183576857494319,4.222754924295091,0.08239746017731367,26.822716103733434,9.732887228336569,4.017999211544068
941,2429,20070412050000,spring_2,39.499794,-75.006409,720,1220,2102,2602,-18.841413497924805,17.89679718017578,-6.676875245500349,4.7321839577215234,-9.021989822387695,24.010398864746094,5.29678383211184,4.259984892200919,0.0579833973141479,26.258126395829617,9.823332472655919,4.084085874618399
942,2430,20070412060000,spring_2,39.499794,-75.006409,720,1220,2102,2602,-20.155202865600586,16.516721725463867,-6.614868529147946,4.951310481471395,-8.1765775680542,25.090280532836914,5.465489569902774,4.395538626625877,0.07019043000180122,27.1340111815905,10.027635681342423,4.112276722326057
943,2431,20070412070000,spring_2,39.499794,-75.006409,720,1220,2102,2602,-20.005334854125977,17.277118682861328,-6.46604984038871,5.253506720140288,-9.383186340332031,24.061737060546875,5.616537186399502,4.618459729968257,0.05187988498483153,25.88885514138392,10.245760749489632,4.16043030283102
944,2432,20070412080000,spring_2,39.499794,-75.006409,720,1220,2102,2602,-20.14244270324707,17.462472915649414,-6.213678789122006,5.685767783519648,-9.367857933044434,25.8533935546875,5.691750940957759,4.872765858916427,0.09765624830779243,27.375106977187176,10.463708429172538,4.1938575537890275
945,2433,20070412090000,spring_2,39.499794,-75.006409,720,1220,2102,2602,-23.61707305908203,17.383657455444336,-5.997146040990534,6.086789435142768,-10.545371055603027,23.712390899658203,5.739539111667284,5.146973788046362,0.07629394583393623,26.16352094904145,10.673666549827239,4.303633004454255
946,2434,20070412100000,spring_2,39.499794,-75.006409,720,1220,2102,2602,-25.00826644897461,17.772602081298828,-5.748157636678692,6.392537846289837,-8.740473747253418,22.405908584594727,5.822098761472436,5.361422992674266,0.0762939441654068,27.475815229237146,10.82650911204593,4.397072580007872
947,2435,20070412110000,spring_2,39.499794,-75.006409,720,1220,2102,2602,-26.550373077392578,17.428909301757812,-5.422422610837175,6.658405358509852,-9.61707878112793,25.311765670776367,5.969808983848399,5.536673984729373,0.06408691537687791,27.845083637317433,10.94450831118608,4.499793865494932
948,2436,20070412120000,spring_2,39.499794,-75.006409,720,1220,2102,2602,-23.908573150634766,19.38667869567871,-4.982229298631359,6.971347530718949,-9.278423309326172,25.499961853027344,6.026175247495777,5.65633358359128,0.04882812370866676,25.78203555492457,10.940891454793803,4.693408897061412
949,2437,20070412130000,spring_2,39.499794,-75.006409,720,1220,2102,2602,-25.26058578491211,18.60617446899414,-4.521565425768719,7.18392785117552,-12.761549949645996,26.482397079467773,5.909214991197439,5.7277979593481225,0.045776368426892665,27.774893719263947,10.701226526602019,5.026292408133129
950,2438,20070412140000,spring_2,39.499794,-75.006409,720,1220,2102,2602,-25.44717025756836,20.94131088256836,-3.837937094304234,7.627421241468253,-9.957942008972168,24.674030303955078,5.977512911536403,5.7658218134345445,0.08850097960670666,26.544998253375617,10.81224631448196,4.99780025225807
951,2439,20070412150000,spring_2,39.499794,-75.006409,720,1220,2102,2602,-28.68812370300293,21.072599411010742,-3.0361964415139244,8.145210005488977,-10.102058410644531,26.08817481994629,6.030973886179965,5.794121611672032,0.054931641334443254,28.8491442586699,11.033329064542125,4.875764133460433
952,2440,20070412160000,spring_2,39.499794,-75.006409,720,1220,2102,2602,-29.155990600585938,21.29362678527832,-2.07864930097841,8.669865251341232,-12.338007926940918,25.724197387695312,5.953873557631929,5.852457479779126,0.04882812252627912,29.31607808902575,11.255650020992965,4.743159062342796
953,2441,20070412170000,spring_2,39.499794,-75.006409,720,1220,2102,2602,-28.13160514831543,21.84786605834961,-1.0802955953429043,9.076705345886507,-11.867777824401855,29.193145751953125,5.803584607831792,5.922657589417527,0.04272460937711705,29.352700355193686,11.399511355507352,4.729083059829684
954,2442,20070412180000,spring_2,39.499794,-75.006409,720,1220,2102,2602,-26.79996681213379,22.08479881286621,-0.07568526722575725,9.35083873276351,-12.731203079223633,26.936315536499023,5.499453532333717,6.10203953702077,0.05187988361043768,27.90307668819643,11.507898333781561,4.7424745514167315
955,2443,20070412190000,spring_2,39.499794,-75.006409,720,1220,2102,2602,-24.568279266357422,22.67450523376465,0.9488874633118958,9.55136930200703,-12.259626388549805,25.72374153137207,5.091115211573095,6.284353862193453,0.09460449538525444,26.810507842291166,11.61970226025003,4.745958270704644
956,2444,20070412200000,spring_2,39.499794,-75.006409,720,1220,2102,2602,-26.880046844482422,23.993549346923828,1.9793801083758806,9.590193437776463,-11.88938045501709,25.7982234954834,4.580111886798058,6.398201236780936,0.06713867486045515,28.009889063116482,11.622821713442649,4.765939064535435
957,2445,20070412210000,spring_2,39.499794,-75.006409,720,1220,2102,2602,-23.804054260253906,26.368471145629883,2.9461632692516506,9.477218260427577,-12.732641220092773,28.632347106933594,3.9085167693900162,6.4708022627094275,0.02746582099423403,30.155341833527498,11.521872310158518,4.784536309085794
958,2446,20070412220000,spring_2,39.499794,-75.006409,720,1220,2102,2602,-22.676868438720703,25.81805992126465,3.7019562349445643,9.065755641756544,-13.900175094604492,29.793132781982422,3.0596157738203593,6.437903474704097,0.04577636754608393,33.69853960262087,11.1433473187124,4.74616325983927
959,2447,20070412230000,spring_2,39.499794,-75.006409,720,1220,2102,2602,-24.071895599365234,25.669118881225586,4.2448464721008845,8.430835143672777,-12.988274574279785,27.171005249023438,2.1881894645485915,6.266963312546355,0.06713867463315809,31.18991860198928,10.591396328041947,4.580723622682151
960,2448,20070413000000,spring_2,39.499794,-75.006409,720,1220,2102,2602,-23.598283767700195,25.228282928466797,5.192776186952768,8.060848995709698,-12.667350769042969,26.668352127075195,1.2487466744889584,5.970707479570321,0.10070800793084786,31.7026278449644,10.456780391260464,4.4504686238656515
961,2449,20070413010000,spring_2,39.499794,-75.006409,720,1220,2102,2602,-27.33833885192871,27.313112258911133,6.123324621333146,7.468560519923946,-14.267539978027344,26.361759185791016,0.26677252348110264,5.573436312499983,0.10375976331638309,31.81554338184235,10.295563090598101,4.290715699540501
962,2450,20070413020000,spring_2,39.499794,-75.006409,720,1220,2102,2602,-29.249401092529297,28.68401527404785,6.860347292769114,6.754260062540497,-16.4050350189209,24.292211532592773,-0.6151584851781581,5.169463365878472,0.05798340036264119,34.62325308295293,10.131990112919647,4.13871257453074
963,2451,20070413030000,spring_2,39.499794,-75.006409,720,1220,2102,2602,-24.142759323120117,31.206478118896484,7.405230264128411,5.967964267460802,-19.128507614135742,23.257307052612305,-1.2911107041878578,4.845482388771159,0.05493164168287158,32.758568636801435,9.997460323914144,3.9560695474896166
964,2452,20070413040000,spring_2,39.499794,-75.006409,720,1220,2102,2602,-20.116769790649414,32.0905647277832,7.831005648655756,5.0404522511714855,-21.41144561767578,20.173860549926758,-1.8088436090006599,4.724853585874658,0.03662109271322117,34.13190380647018,9.917350967840761,3.7380629684451705
965,2453,20070413050000,spring_2,39.499794,-75.006409,720,1220,2102,2602,-15.622218132019043,33.56044387817383,8.18079300316842,4.212676503231555,-21.89103889465332,16.602235794067383,-2.2329159682331876,4.659045952521656,0.09460448947218184,35.761588419245065,9.92900239572835,3.574849901197037
966,2454,20070413060000,spring_2,39.499794,-75.006409,720,1220,2102,2602,-9.406153678894043,33.51551055908203,8.524976652612676,3.6737478419698575,-22.739362716674805,15.324475288391113,-2.5175122854767076,4.455121415823418,0.015258789222296513,35.85619258314816,10.036755761883763,3.408982083777662
967,2455,20070413070000,spring_2,39.499794,-75.006409,720,1220,2102,2602,-9.47012710571289,33.03937530517578,8.82639228277681,3.471035200162027,-23.11505699157715,11.319157600402832,-2.670553932896337,4.177779781034491,0.13123321008199018,35.27024080887438,10.180003226027758,3.3025024777612213
968,2456,20070413080000,spring_2,39.499794,-75.006409,720,1220,2102,2602,-9.269972801208496,30.63397216796875,9.093574473627113,3.3643840687728095,-22.726764678955078,11.391862869262695,-2.7241625048170652,4.007267933840573,0.06408691343149658,33.47270324747678,10.336331436814367,3.263692225712466
969,2457,20070413090000,spring_2,39.499794,-75.006409,720,1220,2102,2602,-8.740134239196777,31.982280731201172,9.343750939441598,3.304532353980129,-22.988134384155273,10.854185104370117,-2.7382286267294993,3.9533057530490527,0.051879884579448754,34.56220890561768,10.538108568501254,3.209424541039923
970,2458,20070413100000,spring_2,39.499794,-75.006409,720,1220,2102,2602,-8.754820823669434,30.109338760375977,9.56510301379953,3.275103593621968,-23.40122413635254,10.267875671386719,-2.7052997117588102,3.926874985107979,0.17700958007153172,33.38420208599999,10.725247093523723,3.150486894992961
971,2459,20070413110000,spring_2,39.499794,-75.006409,720,1220,2102,2602,-8.434048652648926,29.70030403137207,9.782346169009797,3.269238624107646,-23.56340980529785,10.67049789428711,-2.6872976094365133,3.9042114206390237,0.1007080045649008,33.49101263023724,10.911328459752278,3.1288279361174927
972,2460,20070413120000,spring_2,39.499794,-75.006409,720,1220,2102,2602,-7.7863054275512695,31.909420013427734,9.565118284118734,3.368146203369051,-24.91130828857422,9.924251556396484,-2.8179262307490918,3.649230503432938,0.04577636720180836,34.42793326854704,10.643661447348423,3.287241874248066
973,2461,20070413130000,spring_2,39.499794,-75.006409,720,1220,2102,2602,-6.450917720794678,32.689910888671875,9.93656231665336,3.4830542586863706,-23.140888214111328,8.75047492980957,-3.079635839607343,3.3616574609034413,0.05187988169651215,35.505233394583854,10.977546350550211,3.3384594579315165
974,2462,20070413140000,spring_2,39.499794,-75.006409,720,1220,2102,2602,-5.662377834320068,32.09661865234375,10.242061878476886,3.438455987678298,-21.159387588500977,9.014732360839844,-3.2457803063211026,3.1151017438598467,0.0274658203736636,35.563217008034954,11.245270772618499,3.2412412782363105
975,2463,20070413150000,spring_2,39.499794,-75.006409,720,1220,2102,2602,-5.985635280609131,30.991456985473633,10.439053957324331,3.3975698140148047,-19.75198745727539,5.80133056640625,-3.2736097182260284,2.9534647723430703,0.05187988491735579,34.21735381935164,11.396186282236147,3.175490691899673
976,2464,20070413160000,spring_2,39.499794,-75.006409,720,1220,2102,2602,-6.06593656539917,29.516355514526367,10.64436406818762,3.4002457109675275,-17.2122859954834,6.452811241149902,-3.2973573585757565,2.8726954755471112,0.0366210945983327,33.00271651963848,11.578553238738113,3.150588366347861
977,2465,20070413170000,spring_2,39.499794,-75.006409,720,1220,2102,2602,-5.107481956481934,28.741788864135742,10.786426207408212,3.458042885081901,-16.543987274169922,7.764979839324951,-3.375962928863519,2.8170476478176534,0.23499298663860022,31.757561795393414,11.728708805286098,3.1741650604321707
978,2466,20070413180000,spring_2,39.499794,-75.006409,720,1220,2102,2602,-4.544684886932373,27.342683792114258,10.878124512144927,3.5375808961964568,-15.867379188537598,8.979631423950195,-3.5067490446142378,2.765568947502724,0.2105789113489407,31.165504878967536,11.845147204081476,3.238243301204747
979,2467,20070413190000,spring_2,39.499794,-75.006409,720,1220,2102,2602,-4.366157054901123,25.457202911376953,10.888094747399315,3.612495412419093,-15.15802001953125,9.324252128601074,-3.651367205164204,2.7159130036967656,0.27771758230603966,28.766747551378078,11.878473792843593,3.3483214595404864
980,2468,20070413200000,spring_2,39.499794,-75.006409,720,1220,2102,2602,-4.392662048339844,24.270774841308594,10.802353534281167,3.653889109819141,-14.081986427307129,9.013760566711426,-3.7948264943352745,2.691834181324816,0.12818145777941153,25.748466584550506,11.82937317124652,3.428462813521882
981,2469,20070413210000,spring_2,39.499794,-75.006409,720,1220,2102,2602,-4.006871223449707,22.515687942504883,10.61958609159112,3.647634539240145,-12.398740768432617,8.867032051086426,-3.9380457727639335,2.671675299785158,0.08239746435769349,24.378189523107736,11.688339930665139,3.4798864305689756
982,2470,20070413220000,spring_2,39.499794,-75.006409,720,1220,2102,2602,-5.001650333404541,20.66481590270996,10.281620645558204,3.598901103628206,-11.462935447692871,6.584413528442383,-4.053280211465014,2.609191760724818,0.08850097721916309,22.153389063585795,11.391909412487554,3.482122098294472
983,2471,20070413230000,spring_2,39.499794,-75.006409,720,1220,2102,2602,-5.09589958190918,20.180387496948242,9.643328627184795,3.7346130785528353,-11.439481735229492,7.204870700836182,-3.9938318850354353,2.5495361839550514,0.042724608824739066,21.8085249262744,10.776271779943693,3.641965988637267
984,2472,20070414000000,spring_2,39.499794,-75.006409,720,1220,2102,2602,-3.4065756797790527,21.594789505004883,9.613068742241268,3.7104928840076767,-12.676383972167969,7.4675421714782715,-4.3827197130742865,2.623975932696141,0.07934570285284841,23.541977197654756,10.92027941616087,3.608299784807168
985,2473,20070414010000,spring_2,39.499794,-75.006409,720,1220,2102,2602,-3.976369619369507,23.030012130737305,9.384112519312103,3.7412987095602106,-13.908507347106934,7.971968173980713,-4.9222449546532445,2.6855569952569307,0.0946044936685109,23.81053881687097,10.988273816091784,3.57175504762596
986,2474,20070414020000,spring_2,39.499794,-75.006409,720,1220,2102,2602,-3.8538765907287598,24.879911422729492,8.99988181623694,3.8487230450289993,-15.731295585632324,8.632792472839355,-5.447116364187604,2.8031676374942296,0.08544921788994837,25.90106269799306,10.966556401348772,3.615799768861831
987,2475,20070414030000,spring_2,39.499794,-75.006409,720,1220,2102,2602,-5.510711669921875,25.358829498291016,8.511710149088987,4.029231502767803,-16.24371910095215,7.719636917114258,-5.820164765844632,2.9063649483974565,0.09765625292116258,26.87154430992702,10.822515567681572,3.725365494437249
988,2476,20070414040000,spring_2,39.499794,-75.006409,720,1220,2102,2602,-5.210368633270264,23.28561019897461,7.994937476284953,4.129869586514144,-17.90723991394043,7.481156826019287,-6.070697560641374,2.999202863351038,0.1098632831464357,25.894957660263007,10.615248726471995,3.7603097232495393
989,2477,20070414050000,spring_2,39.499794,-75.006409,720,1220,2102,2602,-5.478077411651611,22.581554412841797,7.441916370900521,4.223026588553137,-18.017301559448242,7.229647636413574,-6.165617808506565,3.0875159248505506,0.08239746278629959,24.74135732887598,10.30900895987297,3.8063111605781526
990,2478,20070414060000,spring_2,39.499794,-75.006409,720,1220,2102,2602,-6.449432373046875,21.522872924804688,6.929626529527218,4.357551315427955,-18.605907440185547,7.087639808654785,-6.079965653233055,3.120612920546935,0.057983398310330864,24.063843021654698,9.95903474746397,3.811798991093135
991,2479,20070414070000,spring_2,39.499794,-75.006409,720,1220,2102,2602,-7.081696510314941,19.33856964111328,6.500118770280879,4.534596988047402,-16.53336524963379,6.673442840576172,-5.871806025681669,3.091463688043119,0.03356933468111418,22.299873234948635,9.621301036835863,3.778879988577074
992,2480,20070414080000,spring_2,39.499794,-75.006409,720,1220,2102,2602,-6.9187116622924805,17.511911392211914,6.11341309476066,4.711126410364597,-16.053449630737305,9.845439910888672,-5.605932782531098,3.057638133942328,0.045776365575615395,20.996734897161318,9.270463682885774,3.7950847350641603
993,2481,20070414090000,spring_2,39.499794,-75.006409,720,1220,2102,2602,-8.93683910369873,16.695032119750977,5.736016286329458,4.83428517659042,-16.212020874023438,11.061436653137207,-5.317806418563124,3.0128268035631462,0.02136230555598378,19.852286919120267,8.909431707977133,3.7749719336850713
994,2482,20070414100000,spring_2,39.499794,-75.006409,720,1220,2102,2602,-8.629769325256348,18.31536102294922,5.356582957224577,4.926539608522399,-15.624982833862305,14.969375610351562,-4.994563405623739,3.003852314475948,0.051879883453807445,19.6813888657831,8.554263586023154,3.709061920861588
995,2483,20070414110000,spring_2,39.499794,-75.006409,720,1220,2102,2602,-8.921893119812012,17.757944107055664,5.039193604417546,4.9221493703550525,-15.163002967834473,17.540163040161133,-4.657288705268771,3.0054641564175792,0.036621094898515776,19.415878675018263,8.182299380903089,3.6598027717210595
996,2484,20070414120000,spring_2,39.499794,-75.006409,720,1220,2102,2602,-9.292129516601562,15.93254280090332,4.4135313368545335,4.684237501630325,-14.847090721130371,18.572542190551758,-4.145870191427749,2.984604735859016,0.061035156472585755,18.729208916828984,7.328898314924478,3.7154669149455835
997,2485,20070414130000,spring_2,39.499794,-75.006409,720,1220,2102,2602,-10.996339797973633,13.898112297058105,4.200828043851627,4.47751665021988,-14.605148315429688,18.53653335571289,-3.8620269149272906,2.911201028472621,0.0366210936547913,19.229713571887167,6.853947885552314,3.756175356521892
998,2486,20070414140000,spring_2,39.499794,-75.006409,720,1220,2102,2602,-11.748957633972168,13.965523719787598,4.059415943389868,4.418182376691604,-13.183124542236328,19.008045196533203,-3.600175097058173,2.9775348530738213,0.030517578346198206,19.3823085611482,6.682932877807462,3.6283020817764546
999,2487,20070414150000,spring_2,39.499794,-75.006409,720,1220,2102,2602,-10.689425468444824,12.989757537841797,3.9346426029390997,4.344540860325527,-10.83583927154541,18.002302169799805,-3.1698709765991735,3.166884710739401,0.01525878899973992,18.262276026046994,6.484818382298358,3.5186388032742895
1000,2488,20070414160000,spring_2,39.499794,-75.006409,720,1220,2102,2602,-10.868181228637695,11.941277503967285,3.8099921213179995,4.2771750448306065,-11.161078453063965,17.745162963867188,-2.6314302839746,3.4353825152167765,0.015258788993973468,18.204291888708955,6.305358759210069,3.4320541387856323
1001,2489,20070414170000,spring_2,39.499794,-75.006409,720,1220,2102,2602,-10.993598937988281,11.445213317871094,3.603521938334882,4.248860900247791,-11.692832946777344,20.52196502685547,-2.0747441426319093,3.767863257817788,0.021362304133472936,20.563370632881643,6.187841910909287,3.354125606221155
1002,2490,20070414180000,spring_2,39.499794,-75.006409,720,1220,2102,2602,-10.339217185974121,11.723296165466309,3.298935633475941,4.209474756107856,-11.667186737060547,20.819520950317383,-1.4897390572057314,4.094317172981423,0.030517577545256764,20.87160531782641,6.089070979011196,3.2417008221341215
1003,2491,20070414190000,spring_2,39.499794,-75.006409,720,1220,2102,2602,-12.570722579956055,12.565631866455078,2.8985485031112304,4.161733960069267,-11.731703758239746,21.112932205200195,-0.9159075296116148,4.350197591863579,0.018310547226218474,21.118805977065296,5.997587937562372,3.0844217612939127
1004,2492,20070414200000,spring_2,39.499794,-75.006409,720,1220,2102,2602,-11.607760429382324,12.324577331542969,2.3738463681650313,4.05084133669655,-11.554742813110352,20.917001724243164,-0.3561316227192767,4.5544416452094945,0.030517578834371995,20.93569940359008,5.852607307035965,2.9429947768707057
1005,2493,20070414210000,spring_2,39.499794,-75.006409,720,1220,2102,2602,-12.345224380493164,12.253215789794922,1.7198693199453894,3.919652388293583,-10.11974811553955,20.277008056640625,0.18476250634527078,4.693710279835504,0.02746581995492036,20.58778444547035,5.703270615865202,2.8034591096960977
1006,2494,20070414220000,spring_2,39.499794,-75.006409,720,1220,2102,2602,-13.299867630004883,11.399784088134766,0.9399734342062864,3.869431267315101,-9.43890380859375,20.55376434326172,0.6404566461815422,4.77103212470575,0.021362304345399614,20.719017642933654,5.588914657860937,2.791596960030017
1007,2495,20070414230000,spring_2,39.499794,-75.006409,720,1220,2102,2602,-12.831793785095215,11.226518630981445,0.08400300840980059,3.8931774839899913,-9.905869483947754,21.326831817626953,0.8426130314887035,4.79462905447682,0.0305175788045538,22.38838147896398,5.580371105601486,2.7788145389544177
1008,2496,20070415000000,spring_3,39.499794,-75.006409,720,1220,2102,2602,-14.317473411560059,10.789701461791992,-0.864487216159284,3.9969293350013535,-11.012852668762207,21.9488525390625,1.1519916602888844,4.954678554059918,0.024414062240447516,24.09130815749894,5.813045770971503,2.9676936297272887
1009,2497,20070415010000,spring_3,39.499794,-75.006409,720,1220,2102,2602,-16.502628326416016,9.79772663116455,-1.5555559757050659,3.8520620746373835,-9.917671203613281,22.030467987060547,1.519852295459678,4.97665340723091,0.030517579015796107,23.416856277916054,5.876426919348011,3.130938105055819
1010,2498,20070415020000,spring_3,39.499794,-75.006409,720,1220,2102,2602,-16.842790603637695,9.16192626953125,-2.143138625113313,3.63862216413668,-9.360955238342285,26.816944122314453,1.9495521636288342,4.936880080473702,0.018310546669965906,26.844078208747703,5.925592478755536,3.300531284990797
1011,2499,20070415030000,spring_3,39.499794,-75.006409,720,1220,2102,2602,-17.83072280883789,9.228743553161621,-2.6108194685588484,3.457710151223345,-10.68056583404541,22.507810592651367,2.3720269789240733,4.881666523013736,0.015258789084324036,23.496200935845636,6.026163891114881,3.451762821423093
1012,2500,20070415040000,spring_3,39.499794,-75.006409,720,1220,2102,2602,-15.623055458068848,10.94655990600586,-3.0362266403349683,3.372691353310227,-9.6680269241333,21.408933639526367,2.761887142662379,4.757365878844601,0.02441406273918014,22.89804075111291,6.16190222031701,3.589600381299324
1013,2501,20070415050000,spring_3,39.499794,-75.006409,720,1220,2102,2602,-15.498370170593262,11.011494636535645,-3.4555936735346338,3.396687698746984,-13.912956237792969,19.75419044494629,3.128645354399768,4.710926506551351,0.024414062161446298,21.68340364402433,6.430801397361615,3.7556169467637295
1014,2502,20070415060000,spring_3,39.499794,-75.006409,720,1220,2102,2602,-15.572970390319824,14.037694931030273,-3.79180178607249,3.50731457474091,-11.272257804870605,19.521812438964844,3.4961265138568813,4.8643703335440645,0.01831054738351764,21.710867772253557,6.88912801667741,3.8863775966366907
1015,2503,20070415070000,spring_3,39.499794,-75.006409,720,1220,2102,2602,-15.735969543457031,14.687235832214355,-4.128842269164318,3.5505399964553996,-11.301458358764648,18.60752296447754,3.8214106664715324,5.092732413337331,0.048828124735096165,21.027252361642027,7.395212484284268,3.9374621240124505
1016,2504,20070415080000,spring_3,39.499794,-75.006409,720,1220,2102,2602,-16.305850982666016,15.485801696777344,-4.435509000847795,3.5986418923344994,-12.50840950012207,18.890928268432617,4.1172594908152425,5.409410026790519,0.1037597608570103,18.8909596108518,7.955350956720151,3.9433358053719427
1017,2505,20070415090000,spring_3,39.499794,-75.006409,720,1220,2102,2602,-19.08211898803711,13.369930267333984,-4.737437586313487,3.7189013825897,-13.494463920593262,19.60830307006836,4.403960618965115,5.877812543797472,0.09460448683505064,21.771904598791377,8.630487203866451,3.966331105059095
1018,2506,20070415100000,spring_3,39.499794,-75.006409,720,1220,2102,2602,-18.248504638671875,14.439356803894043,-5.034412123655959,3.952104633027442,-13.333969116210938,20.549903869628906,4.593770823919743,6.521531043239018,0.07934570461066486,21.38432314128348,9.371592114950387,4.095216138720551
1019,2507,20070415110000,spring_3,39.499794,-75.006409,720,1220,2102,2602,-18.735332489013672,13.529448509216309,-5.3216135075420175,4.100709636718589,-15.762939453125,20.85634422302246,4.679838232027993,7.197422069888082,0.05493164110405574,23.23984596449041,10.004263458535599,4.330574191790584
1020,2508,20070415120000,spring_3,39.499794,-75.006409,720,1220,2102,2602,-19.97381019592285,10.645203590393066,-5.533987630026384,4.244132155849229,-14.862436294555664,22.08292579650879,4.828139851087238,7.823415886194238,0.0732421900800915,23.08114671885394,10.571699118952155,4.6253243274345355
1021,2509,20070415130000,spring_3,39.499794,-75.006409,720,1220,2102,2602,-20.48575210571289,11.32596492767334,-5.591143441066973,4.509098660469464,-15.326828956604004,22.24695587158203,4.926264315281153,8.514204906803062,0.07019043401161178,24.304939778436697,11.103440394706606,5.006618859936633
1022,2510,20070415140000,spring_3,39.499794,-75.006409,720,1220,2102,2602,-20.698055267333984,13.108295440673828,-5.653909365734632,4.7508872283361985,-17.092422485351562,23.952882766723633,4.9295081251042365,9.162288453027399,0.04272460872608754,26.007874384058617,11.588736300741985,5.337264428161923
1023,2511,20070415150000,spring_3,39.499794,-75.006409,720,1220,2102,2602,-21.100738525390625,16.595712661743164,-5.739235343018419,4.94492517047214,-18.023496627807617,24.04641342163086,4.878946817797624,9.737748037251533,0.048828124325339665,24.32324905639784,12.013311903968916,5.6302134284566066
1024,2512,20070415160000,spring_3,39.499794,-75.006409,720,1220,2102,2602,-21.929397583007812,12.972087860107422,-5.778301335967912,5.1763348017699276,-16.14668083190918,29.330219268798828,4.784917530280557,10.264502766827182,0.061035154630567585,29.340491318501947,12.388738165438916,5.912514507318295
1025,2513,20070415170000,spring_3,39.499794,-75.006409,720,1220,2102,2602,-23.72325325012207,16.188663482666016,-5.849316070145538,5.563752336758512,-16.365066528320312,27.67036247253418,4.5518314415352625,10.730337166417725,0.17090607022557008,28.379165994877432,12.827429089929126,6.040381335084997
1026,2514,20070415180000,spring_3,39.499794,-75.006409,720,1220,2102,2602,-25.715316772460938,16.56242561340332,-5.829500820294627,5.990604168556845,-16.639373779296875,30.350353240966797,4.140607464549374,11.169199667849377,0.054931641928099996,30.353704986086704,13.177090465556669,6.174978249066999
1027,2515,20070415190000,spring_3,39.499794,-75.006409,720,1220,2102,2602,-26.7907772064209,19.720083236694336,-5.656275983440255,6.5304018496571015,-19.46536636352539,36.584136962890625,3.7745738527766632,11.727726962631076,0.11291503878002276,36.735131599233625,13.619414573519261,6.398291996583795
1028,2516,20070415200000,spring_3,39.499794,-75.006409,720,1220,2102,2602,-30.617212295532227,21.673751831054688,-5.321607372135023,7.162295517487531,-21.832048416137695,33.76803207397461,3.4188978196361353,12.189651897011801,0.1312332159969845,34.321115308517214,14.011230067297465,6.601506629223322
1029,2517,20070415210000,spring_3,39.499794,-75.006409,720,1220,2102,2602,-33.30438232421875,20.339643478393555,-4.838458694391104,7.826982166776914,-24.921483993530273,31.881752014160156,3.0323695188701216,12.593036334221603,0.13733672623379345,33.32620800003435,14.391840419855303,6.732539693146259
1030,2518,20070415220000,spring_3,39.499794,-75.006409,720,1220,2102,2602,-34.656097412109375,28.62797737121582,-4.2230648668775945,8.505992037951092,-28.238826751708984,36.824989318847656,2.595860484510601,12.899387119465873,0.18311308941571028,38.67610752184409,14.74065003824831,6.78469554087131
1031,2519,20070415230000,spring_3,39.499794,-75.006409,720,1220,2102,2602,-35.56120681762695,25.817514419555664,-3.4690812940122924,9.238005501886631,-30.232181549072266,38.16049575805664,2.1422319912680154,13.202413858443704,0.3112869257257684,39.042329171259084,15.176091603063226,6.778967762633629
1032,2520,20070416000000,spring_3,39.499794,-75.006409,720,1220,2102,2602,-37.50007247924805,26.21894073486328,-2.681632735755549,10.0269972777903,-33.20115661621094,34.29511642456055,1.543118842042312,13.563506194931186,0.1129150367429151,37.5133489264954,15.768537413686232,6.740546894137751
1033,2521,20070416010000,spring_3,39.499794,-75.006409,720,1220,2102,2602,-35.332008361816406,25.674848556518555,-2.006012107724923,10.768626502744542,-33.5405158996582,34.1815071105957,0.8847326452349045,13.732922056210704,0.15259552383676317,37.62016550360086,16.284028379818867,6.647835821732336
1034,2522,20070416020000,spring_3,39.499794,-75.006409,720,1220,2102,2602,-36.57365798950195,25.668970108032227,-1.1923299199387754,11.432665381483615,-35.01966094970703,35.65802001953125,0.32274335156535405,13.767938109373997,0.11901855322603781,39.576404628788545,16.695786713018027,6.560371746395041
1035,2523,20070416030000,spring_3,39.499794,-75.006409,720,1220,2102,2602,-36.939449310302734,25.26549530029297,-0.2019428352665212,11.98577583248711,-36.85245132446289,34.996612548828125,-0.20410612155417562,13.438001595157305,0.20752716435966176,41.05960092868076,16.83203399185446,6.4034194843622245
1036,2524,20070416040000,spring_3,39.499794,-75.006409,720,1220,2102,2602,-36.413333892822266,26.00046157836914,0.8936012270706194,12.326185764453715,-39.4608154296875,34.6604118347168,-0.7680042781999922,12.833002105331706,0.08544921900271123,44.34644419788052,16.76100492619586,6.089159722298569
1037,2525,20070416050000,spring_3,39.499794,-75.006409,720,1220,2102,2602,-35.98419952392578,25.283401489257812,1.9410061612181366,12.569166044193079,-36.080787658691406,35.17050552368164,-1.349772445322286,12.157341185164588,0.2868728611233719,42.146060041691506,16.693485130382932,5.718550910214696
1038,2526,20070416060000,spring_3,39.499794,-75.006409,720,1220,2102,2602,-36.901851654052734,28.31601333618164,2.8810118354372287,12.774615607975122,-32.60551834106445,32.69844436645508,-1.6009284744375993,11.749401329886155,0.3601150559872375,39.65880244829599,16.780704935157434,5.523620062751388
1039,2527,20070416070000,spring_3,39.499794,-75.006409,720,1220,2102,2602,-36.82951736450195,27.959863662719727,3.8126201969066438,13.053381761295244,-28.609834671020508,28.693510055541992,-1.765056724193695,11.426598792859584,0.3265457141403157,36.942657121016346,17.01293418330745,5.400879915256962
1040,2528,20070416080000,spring_3,39.499794,-75.006409,720,1220,2102,2602,-34.60826110839844,31.378807067871094,4.6783403163593045,13.361381399136315,-29.721923828125,25.61198616027832,-1.9442433923856324,11.125197811780051,0.26245879135629274,38.64558803553689,17.339763057429344,5.224567622410321
1041,2529,20070416090000,spring_3,39.499794,-75.006409,720,1220,2102,2602,-35.86585235595703,31.098134994506836,5.493585787070053,13.485894570148078,-29.640390396118164,27.204368591308594,-2.116960053645508,10.774342658862246,0.09460449283545139,36.045409952651035,17.537047043421687,5.00687504868775
1042,2530,20070416100000,spring_3,39.499794,-75.006409,720,1220,2102,2602,-35.48676681518555,32.17451095581055,6.305742544824799,13.428060022694284,-28.902042388916016,24.88475799560547,-2.3004898485592995,10.359883833913809,0.24414824805671814,38.312939440350114,17.607424994318823,4.76164012496154
1043,2531,20070416110000,spring_3,39.499794,-75.006409,720,1220,2102,2602,-34.73625564575195,32.24041748046875,7.044775780236874,13.25431875131066,-29.1917724609375,23.756498336791992,-2.5060253925149314,9.82238556137651,0.3051834171027105,40.15015034249466,17.53570805866344,4.534776248146182
1044,2532,20070416120000,spring_3,39.499794,-75.006409,720,1220,2102,2602,-36.30488967895508,33.37315368652344,7.546024995656425,12.976061230693203,-28.521909713745117,24.810997009277344,-2.7476455272331872,9.359582578780314,0.21668243671531254,39.808342198233376,17.379018938957348,4.294380165922082
1045,2533,20070416130000,spring_3,39.499794,-75.006409,720,1220,2102,2602,-36.56031799316406,35.23500442504883,8.285255989747743,12.803578785123394,-28.504344940185547,23.76374626159668,-2.8718823823161537,9.151988367596925,0.5096588288426824,39.7289957078792,17.545450487956288,4.091559995365388
1046,2534,20070416140000,spring_3,39.499794,-75.006409,720,1220,2102,2602,-34.55303192138672,36.0146484375,8.862232888677438,12.540191238134595,-26.66387176513672,23.409027099609375,-3.2254178661722777,9.209049775600205,0.03662109481293919,40.147098995559936,17.789420463414885,3.813398198311449
1047,2535,20070416150000,spring_3,39.499794,-75.006409,720,1220,2102,2602,-32.47679138183594,36.87995529174805,9.244285804971685,12.197176155106895,-25.175338745117188,20.79734230041504,-3.3990188280608553,9.125216578140726,0.5218658519718143,41.50517188373373,17.766814328077658,3.6593908544743026
1048,2536,20070416160000,spring_3,39.499794,-75.006409,720,1220,2102,2602,-32.3900146484375,37.0520133972168,9.602614209727081,11.766405901704688,-23.489213943481445,19.333724975585938,-3.435604740288849,9.02016603497294,0.3601150562392506,41.55094803034406,17.643280851435517,3.541175444942947
1049,2537,20070416170000,spring_3,39.499794,-75.006409,720,1220,2102,2602,-31.22725486755371,36.32692337036133,9.886353759038286,11.33766918046061,-24.066133499145508,19.035764694213867,-3.4831158595241587,8.82983706497013,0.8697738654686161,41.0229808048132,17.44288574918172,3.4823251600330316
1050,2538,20070416180000,spring_3,39.499794,-75.006409,720,1220,2102,2602,-33.15708541870117,34.50251007080078,10.125236397139824,10.976716157578997,-22.06438636779785,19.18395233154297,-3.580897273742216,8.640874105539622,1.208534209644128,37.760551895691954,17.249069623402168,3.600810661771206
1051,2539,20070416190000,spring_3,39.499794,-75.006409,720,1220,2102,2602,-32.15149688720703,34.076637268066406,10.323258453932095,10.563185942035481,-21.6417179107666,18.04252052307129,-3.752599350550898,8.441309380010876,0.3601150417543981,37.60185623311042,17.001218651552403,3.8008989265196065
1052,2540,20070416200000,spring_3,39.499794,-75.006409,720,1220,2102,2602,-30.348140716552734,35.04286193847656,10.407030283989195,10.174589735443211,-21.985492706298828,16.630939483642578,-4.007942666628006,8.13317313378947,0.2044754103346542,38.79817871765908,16.67229050332412,4.009413252883137
1053,2541,20070416210000,spring_3,39.499794,-75.006409,720,1220,2102,2602,-30.619386672973633,35.56865692138672,10.287455201342997,9.87001560933172,-22.55669403076172,14.497025489807129,-4.289830410245394,7.728728044182673,0.2136306744505247,39.756464373136474,16.237330867950472,4.21116504810671
1054,2542,20070416220000,spring_3,39.499794,-75.006409,720,1220,2102,2602,-29.762163162231445,35.10187911987305,9.90341548016198,9.631052708641539,-21.436054229736328,13.6075439453125,-4.524814057179177,7.235377742699122,0.29297638227535383,39.26511440860579,15.630279742282806,4.399295734423787
1055,2543,20070416230000,spring_3,39.499794,-75.006409,720,1220,2102,2602,-28.133787155151367,34.172550201416016,9.241065803969427,9.528916081710506,-21.57695770263672,14.540319442749023,-4.7156064005461875,6.807008164959525,0.44862365034661683,39.143039352585596,14.921083405933715,4.7043716648922995
1056,2544,20070417000000,spring_3,39.499794,-75.006409,720,1220,2102,2602,-28.69210433959961,34.30051803588867,8.795928768313326,9.663681590268105,-23.537656784057617,14.952347755432129,-5.002348286654761,6.488344205404786,0.1312332169010578,39.90600086908333,14.582268675090395,5.023409596241757
1057,2545,20070417010000,spring_3,39.499794,-75.006409,720,1220,2102,2602,-28.28128433227539,32.64421463012695,8.399061027811728,9.835610382432618,-24.72633934020996,12.157679557800293,-5.419260178415797,6.1757006739819476,0.07019043107126949,39.38413364123358,14.386404285191851,5.274702757778872
1058,2546,20070417020000,spring_3,39.499794,-75.006409,720,1220,2102,2602,-27.574695587158203,31.1239070892334,7.921571668233841,9.893890313021346,-26.348081588745117,12.671416282653809,-5.871075814446286,5.842489705445914,0.10375976679816847,37.934504939821686,14.127545102099093,5.445828659298443
1059,2547,20070417030000,spring_3,39.499794,-75.006409,720,1220,2102,2602,-25.930927276611328,29.457828521728516,7.426805638474229,9.796552036784949,-27.303773880004883,12.355637550354004,-6.245190624709593,5.47988049339164,0.13428497916325985,39.191871672428846,13.771477374143041,5.523384912840041
1060,2548,20070417040000,spring_3,39.499794,-75.006409,720,1220,2102,2602,-25.6544246673584,29.443819046020508,6.944493883868826,9.600475553331725,-29.402179718017578,12.217182159423828,-6.562146685576705,5.174068911470852,0.05493164136355049,39.579456537727175,13.398012988161602,5.542664733315477
1061,2549,20070417050000,spring_3,39.499794,-75.006409,720,1220,2102,2602,-24.05540657043457,29.002620697021484,6.488051837516613,9.309912028575297,-29.22369384765625,11.746048927307129,-6.871210645930282,4.884344433367311,0.06103515309010451,39.64354480944234,13.055399190197301,5.421825052067001
1062,2550,20070417060000,spring_3,39.499794,-75.006409,720,1220,2102,2602,-22.10223960876465,29.06780433654785,6.142385421535944,8.993706095257929,-29.164663314819336,13.349089622497559,-7.156135953880561,4.597180684530632,0.03051757829458404,40.467543997634415,12.767093161535568,5.287847599533498
1063,2551,20070417070000,spring_3,39.499794,-75.006409,720,1220,2102,2602,-21.386741638183594,27.743457794189453,5.89379049474346,8.661779091606425,-30.26160430908203,13.226967811584473,-7.462677405154781,4.381550384121857,0.06103515425499787,40.336313795240876,12.569415278412507,5.163576358352318
1064,2552,20070417080000,spring_3,39.499794,-75.006409,720,1220,2102,2602,-22.206491470336914,27.291906356811523,5.767721133125603,8.306115672514817,-30.62376594543457,13.135058403015137,-7.779995004494494,4.186551068892621,0.02136230451819409,39.799185340514406,12.430850569026962,5.078154279620427
1065,2553,20070417090000,spring_3,39.499794,-75.006409,720,1220,2102,2602,-22.768875122070312,28.758207321166992,5.710130712422893,7.897426606350322,-30.941146850585938,12.91878604888916,-8.144600546038031,4.021666612750022,0.04882812477400265,39.936522553676255,12.361382097687919,4.967845890246295
1066,2554,20070417100000,spring_3,39.499794,-75.006409,720,1220,2102,2602,-20.325958251953125,26.49732208251953,5.647478648814266,7.469455379282089,-31.34356117248535,11.668971061706543,-8.512989249349562,3.9116770388240965,0.17395782600785487,40.177615145419125,12.335462253351002,4.826525972545533
1067,2555,20070417110000,spring_3,39.499794,-75.006409,720,1220,2102,2602,-20.11121940612793,27.052204132080078,5.5669018506693355,7.098509883895075,-30.98727035522461,12.304980278015137,-8.867247271138226,3.828489459678174,0.10986328044391776,39.10336676597676,12.355543570846146,4.690968723626219
1068,2556,20070417120000,spring_3,39.499794,-75.006409,720,1220,2102,2602,-19.654312133789062,25.67363166809082,5.145361839044491,6.698238494321765,-30.81920051574707,9.182004928588867,-9.200578878236886,3.635098695483757,0.08850097487239829,38.343455392430286,12.151357069204371,4.642226080101289
1069,2557,20070417130000,spring_3,39.499794,-75.006409,720,1220,2102,2602,-20.402713775634766,26.77138900756836,4.984799177592227,6.31446933457764,-29.316974639892578,10.081658363342285,-9.671202516559616,3.542222395472891,0.15869903895172174,35.72802055097104,12.28517326262128,4.458111858278064
1070,2558,20070417140000,spring_3,39.499794,-75.006409,720,1220,2102,2602,-19.426544189453125,25.688739776611328,4.934311176157687,5.952684291178696,-28.885839462280273,10.90760612487793,-10.037843068031103,3.419564441458388,0.13428497058625663,34.495070405646786,12.424452683527603,4.226886205718186
1071,2559,20070417150000,spring_3,39.499794,-75.006409,720,1220,2102,2602,-20.481016159057617,25.282875061035156,4.948883503521286,5.645793344344039,-28.25438117980957,10.675698280334473,-10.235536802135256,3.3740800421172277,0.1525955191510989,31.68736998941636,12.490878607588652,4.061405149382135
1072,2560,20070417160000,spring_3,39.499794,-75.006409,720,1220,2102,2602,-21.183475494384766,25.489925384521484,5.017537752204806,5.468600096256635,-28.733789443969727,8.596159934997559,-10.336295633041791,3.404413597781612,0.2838211114032606,32.25806477369528,12.55389147008437,3.988749230438102
1073,2561,20070417170000,spring_3,39.499794,-75.006409,720,1220,2102,2602,-19.95445442199707,25.421308517456055,5.05809544019387,5.383134311911753,-27.326778411865234,7.388657569885254,-10.407027614097098,3.4720190773056565,0.08850097793997348,31.07699582669177,12.60956377590905,3.99030150705781
1074,2562,20070417180000,spring_3,39.499794,-75.006409,720,1220,2102,2602,-19.837995529174805,24.58439064025879,5.074016236817569,5.374328430375659,-23.972328186035156,6.605798721313477,-10.420705188094166,3.5294421887453202,0.0946044976982976,28.412734881570135,12.631755554114147,4.014456034260041
1075,2563,20070417190000,spring_3,39.499794,-75.006409,720,1220,2102,2602,-19.909404754638672,24.16280746459961,5.077999629124687,5.420538545012283,-23.343517303466797,6.843600273132324,-10.393977287494454,3.581336206947534,0.18616485441047906,27.408676896212242,12.650205043349366,4.000170445458112
1076,2564,20070417200000,spring_3,39.499794,-75.006409,720,1220,2102,2602,-19.90788459777832,23.256425857543945,5.039507962222667,5.493257357704214,-23.241291046142578,8.106328010559082,-10.34684908902927,3.6335977422247288,0.1434402513473815,26.413772512742337,12.635260881293748,4.022812198496418
1077,2565,20070417210000,spring_3,39.499794,-75.006409,720,1220,2102,2602,-20.43244743347168,21.813796997070312,4.890728509285433,5.593382874902673,-23.899200439453125,8.929414749145508,-10.242688719364516,3.6145809999565723,0.12207794448378312,25.574508023666603,12.536554930461175,4.002226357837044
1078,2566,20070417220000,spring_3,39.499794,-75.006409,720,1220,2102,2602,-20.419588088989258,20.447357177734375,4.585551571922389,5.720354119251118,-23.34370994567871,9.640119552612305,-10.108982500359572,3.5693686656740464,0.1281814575480236,25.446335222428356,12.353996307527808,4.007546576903905
1079,2567,20070417230000,spring_3,39.499794,-75.006409,720,1220,2102,2602,-19.330482482910156,20.701751708984375,4.124154499751345,5.819269206468591,-23.158872604370117,9.690512657165527,-9.844735721375232,3.6403214998466797,0.1190185595049618,24.689475816334262,11.983357139424655,4.1764169032964675
1080,2568,20070418000000,spring_3,39.499794,-75.006409,720,1220,2102,2602,-19.02211570739746,21.387910842895508,3.852500204371853,6.0066612484845505,-23.865285873413086,11.442384719848633,-10.092995630660491,3.5572093748698324,0.03662109437286839,26.14521019481434,12.187713212838887,4.11140890176557
1081,2569,20070418010000,spring_3,39.499794,-75.006409,720,1220,2102,2602,-16.957685470581055,20.457548141479492,3.383263147456509,6.171939580198791,-22.576215744018555,11.356547355651855,-10.329647687169572,3.418559692229542,0.14954375529739852,26.197090677565036,12.323807918919467,4.006399604947545
1082,2570,20070418020000,spring_3,39.499794,-75.006409,720,1220,2102,2602,-16.950777053833008,19.494979858398438,2.7923193028163324,6.291153599443043,-22.542213439941406,8.435819625854492,-10.468403622480654,3.3432656416552535,0.16175078944835022,25.974303720917185,12.355741285364186,3.933982402559954
1083,2571,20070418030000,spring_3,39.499794,-75.006409,720,1220,2102,2602,-18.117868423461914,18.443359375,2.2224509845899223,6.361038696032703,-22.248472213745117,6.690967559814453,-10.48039678515242,3.3008731951223584,0.18006133911800792,25.11062654631982,12.287185845304485,3.893795872768598
1084,2572,20070418040000,spring_3,39.499794,-75.006409,720,1220,2102,2602,-18.95433807373047,18.364017486572266,1.721674861047597,6.351021570637623,-21.122173309326172,6.076432228088379,-10.389649815904463,3.2963783743015322,0.18616485339985223,23.285622980072098,12.131822100713732,3.8638666537793416
1085,2573,20070418050000,spring_3,39.499794,-75.006409,720,1220,2102,2602,-19.26572036743164,18.30497169494629,1.2880663845686313,6.302424970765483,-20.768617630004883,4.312467098236084,-10.271068276398003,3.280321310775223,0.2044754042031882,23.18796568969926,11.958521395657215,3.824760514482982
1086,2574,20070418060000,spring_3,39.499794,-75.006409,720,1220,2102,2602,-18.83568000793457,20.89154815673828,0.9303912949182142,6.213679698401678,-19.498891830444336,4.201320648193359,-10.12837699332508,3.252048835702688,0.11291504226241203,23.764763434888767,11.761301143739175,3.7824702128345042
1087,2575,20070418070000,spring_3,39.499794,-75.006409,720,1220,2102,2602,-18.526691436767578,17.678131103515625,0.6557450059570051,6.0808114672198545,-19.32234001159668,5.487091541290283,-10.000189179176747,3.2492494872908178,0.19837188261838168,24.381240311021212,11.570360732841335,3.754254649676384
1088,2576,20070418080000,spring_3,39.499794,-75.006409,720,1220,2102,2602,-18.797264099121094,17.39737319946289,0.41882268490222796,5.899067673819946,-19.89409637451172,5.369651794433594,-9.87236845866097,3.330193637179073,0.16785431190467898,23.068939491006475,11.369670882768885,3.776088521722652
1089,2577,20070418090000,spring_3,39.499794,-75.006409,720,1220,2102,2602,-18.000713348388672,17.590044021606445,0.14870169012887544,5.651175932334724,-20.739734649658203,6.315563678741455,-9.775480114596963,3.4517891927663116,0.07019042896516312,22.138130035651095,11.171278638541462,3.825610447117245
1090,2578,20070418100000,spring_3,39.499794,-75.006409,720,1220,2102,2602,-18.698036193847656,17.155601501464844,-0.14957322698272463,5.3809251062585295,-20.416662216186523,5.439605236053467,-9.669234970720016,3.59184292727858,0.0701904268983478,22.07708727462083,10.980878038818854,3.8460999959979265
1091,2579,20070418110000,spring_3,39.499794,-75.006409,720,1220,2102,2602,-17.2918643951416,16.779634475708008,-0.43160819760515823,5.124268376488104,-18.115602493286133,5.277987003326416,-9.517893145519771,3.7117255931297892,0.03356933600421981,21.347694998210336,10.758870587388113,3.880504158299269
1092,2580,20070418120000,spring_3,39.499794,-75.006409,720,1220,2102,2602,-16.412017822265625,15.738024711608887,-0.8248183991429265,4.7579172140138235,-19.345354080200195,3.815229892730713,-8.780863961669164,4.035365815929962,0.06408691440744287,21.811576699178232,9.930562666128084,4.253207721566537
1093,2581,20070418130000,spring_3,39.499794,-75.006409,720,1220,2102,2602,-15.775894165039062,15.110185623168945,-1.0935017148185675,4.502958197114053,-17.519451141357422,3.021353244781494,-8.466821378165386,4.214488161279002,0.027465820800277794,20.480971616300664,9.54377671262909,4.4539509759387546
1094,2582,20070418140000,spring_3,39.499794,-75.006409,720,1220,2102,2602,-15.230144500732422,15.47631549835205,-1.2727576448292826,4.289864148541914,-17.726165771484375,2.912407636642456,-8.342852272558236,4.247761484435116,0.05798340044283143,20.880768345150873,9.369101361079734,4.459758714505868
1095,2583,20070418150000,spring_3,39.499794,-75.006409,720,1220,2102,2602,-14.373388290405273,13.80886459350586,-1.3557520903150984,4.1053838629301165,-18.36924934387207,1.9862972497940063,-8.253790744517426,4.294378587876528,0.06103515726208626,20.944854483968864,9.240206182680549,4.458427884831924
1096,2584,20070418160000,spring_3,39.499794,-75.006409,720,1220,2102,2602,-13.327861785888672,13.134430885314941,-1.3784202693627081,3.9273032379258264,-19.101844787597656,2.944490909576416,-8.20473261803012,4.367958334893688,0.14344024802631095,21.530807723522404,9.150246147206927,4.471403130547727
1097,2585,20070418170000,spring_3,39.499794,-75.006409,720,1220,2102,2602,-11.466072082519531,13.118414878845215,-1.4502768582805388,3.7596993649973283,-18.675548553466797,3.692073345184326,-8.212103767386274,4.442770799454986,0.0793457042186045,20.954010287633352,9.13148493650323,4.475654789865919
1098,2586,20070418180000,spring_3,39.499794,-75.006409,720,1220,2102,2602,-10.651987075805664,11.599624633789062,-1.5715262854374974,3.58893457709375,-18.906692504882812,4.003930568695068,-8.212847084404887,4.517612901449721,0.027465820838298856,20.87771668510792,9.121201336942763,4.473646833914857
1099,2587,20070418190000,spring_3,39.499794,-75.006409,720,1220,2102,2602,-11.005613327026367,11.359345436096191,-1.7440889760738554,3.430158887639189,-19.124486923217773,6.166672229766846,-8.190837991880663,4.5964286324214125,0.08544921776663483,21.38127119856873,9.116639773409931,4.462252657007626
1100,2588,20070418200000,spring_3,39.499794,-75.006409,720,1220,2102,2602,-10.792635917663574,10.453096389770508,-1.9632515356118985,3.3064055304989015,-19.320241928100586,7.030355930328369,-8.114711498111568,4.677766605055166,0.1495437562249586,21.195107223578386,9.096684650938247,4.446014574260203
1101,2589,20070418210000,spring_3,39.499794,-75.006409,720,1220,2102,2602,-10.929581642150879,10.451858520507812,-2.2217127931007874,3.206174911276974,-19.64845085144043,9.096055030822754,-7.980226693720596,4.748283376650363,0.039672851183928166,21.298865943733425,9.060800127765445,4.398599714631946
1102,2590,20070418220000,spring_3,39.499794,-75.006409,720,1220,2102,2602,-11.768470764160156,12.943737983703613,-2.5283259109056453,3.1169178182262525,-19.16375160217285,8.59016227722168,-7.792484599148631,4.847438967736901,0.05187988343634465,20.80446644577792,9.027952930708834,4.338681280313381
1103,2591,20070418230000,spring_3,39.499794,-75.006409,720,1220,2102,2602,-12.475247383117676,10.766044616699219,-2.897283038065832,3.0798745850876026,-18.99081802368164,8.583828926086426,-7.590211504767092,4.9696755296872785,0.14038849059123237,20.468765998518823,9.09313208365123,4.183755601045123
1104,2592,20070419000000,spring_3,39.499794,-75.006409,720,1220,2102,2602,-13.463373184204102,9.517038345336914,-3.483540918871776,3.2536160578655298,-18.950170516967773,8.369168281555176,-7.505738167118086,4.9916617005366675,0.06103515645325433,20.270393435126277,9.426925234414187,3.886765670343049
1105,2593,20070419010000,spring_3,39.499794,-75.006409,720,1220,2102,2602,-13.888686180114746,11.106438636779785,-3.9036019188705473,3.3983415573349998,-18.643932342529297,7.618141174316406,-7.200303244251626,5.076012815781593,0.07019042994835198,19.333474250619037,9.50898348129624,3.738494262255131
1106,2594,20070419020000,spring_3,39.499794,-75.006409,720,1220,2102,2602,-14.413787841796875,9.864632606506348,-4.115538139276503,3.451501081420515,-18.33669090270996,8.693665504455566,-6.809248047855333,5.167747649688541,0.1892166077978003,18.88790895638095,9.40156517284475,3.678662928255626
1107,2595,20070419030000,spring_3,39.499794,-75.006409,720,1220,2102,2602,-16.082168579101562,8.220033645629883,-4.117234405316019,3.3854232300858937,-17.54993438720703,10.207239151000977,-6.432849803524246,5.215891642501839,0.10375976732195907,18.185981882374747,9.149796293400463,3.6443133242657377
1108,2596,20070419040000,spring_3,39.499794,-75.006409,720,1220,2102,2602,-17.705533981323242,7.387269973754883,-3.9417070553345335,3.2499022786815233,-16.656307220458984,8.80782413482666,-6.1613978668358955,5.232718547130881,0.11291503698772656,19.10763484543208,8.840890731138504,3.6444118151026914
1109,2597,20070419050000,spring_3,39.499794,-75.006409,720,1220,2102,2602,-17.85927963256836,7.026515483856201,-3.6938117675035684,3.086584288250801,-16.508983612060547,9.371073722839355,-6.024986905211842,5.18269749664006,0.06713867257612305,19.455550944829533,8.535114986546116,3.672040394428383
1110,2598,20070419060000,spring_3,39.499794,-75.006409,720,1220,2102,2602,-16.96529197692871,6.916552543640137,-3.416145175927876,2.9918656488551534,-16.36103057861328,10.376684188842773,-6.004606530802925,5.098633851461668,0.04577636647667607,18.83907309572332,8.291121170794378,3.7322894309059125
1111,2599,20070419070000,spring_3,39.499794,-75.006409,720,1220,2102,2602,-14.863286972045898,7.2321271896362305,-3.1073661916404287,2.8948195904772476,-15.678098678588867,10.616143226623535,-6.0674883206789945,5.008232875222606,0.045776367694221824,18.079163017030194,8.09908869074056,3.7864598959867077
1112,2600,20070419080000,spring_3,39.499794,-75.006409,720,1220,2102,2602,-13.707056045532227,7.282105922698975,-2.816189358361865,2.801131449684642,-15.62940502166748,11.362197875976562,-6.195291167974587,4.93177843558032,0.0396728498256388,17.886901598480907,7.992139891073657,3.8219145798553806
1113,2601,20070419090000,spring_3,39.499794,-75.006409,720,1220,2102,2602,-13.611802101135254,6.978713035583496,-2.624019414810238,2.738544670508901,-15.942838668823242,11.67499828338623,-6.3274096225009195,4.868053936600952,0.045776367873824594,17.960143885416993,7.960342477837434,3.8408480961610563
1114,2602,20070419100000,spring_3,39.499794,-75.006409,720,1220,2102,2602,-12.86579418182373,7.5581464767456055,-2.513702576427171,2.6834557417878715,-16.310897827148438,11.716349601745605,-6.461107981403124,4.817504817113745,0.07019042867463064,18.71700252071982,7.985750401288202,3.834278928229076
1115,2603,20070419110000,spring_3,39.499794,-75.006409,720,1220,2102,2602,-12.597765922546387,7.788180351257324,-2.4674531283341774,2.6040397554416144,-16.800260543823242,11.728240013122559,-6.5494164810379765,4.755503939680982,0.030517579005446906,18.762779251448478,7.991498558216179,3.809852063386253
1116,2604,20070419120000,spring_3,39.499794,-75.006409,720,1220,2102,2602,-12.088165283203125,7.97343635559082,-2.2724456278400376,2.2954870179055016,-16.313249588012695,11.418612480163574,-6.327287635986651,4.712193182093106,0.051879882335875156,17.450484829332442,7.5890039212028455,3.8832489848970706
1117,2605,20070419130000,spring_3,39.499794,-75.006409,720,1220,2102,2602,-11.868303298950195,7.23779296875,-2.132436079923682,2.06266436979873,-16.42768096923828,10.092852592468262,-6.25959910405178,4.672603293905853,0.024414063298642204,16.44947822492884,7.343298540541065,3.9866824513059242
1118,2606,20070419140000,spring_3,39.499794,-75.006409,720,1220,2102,2602,-12.255073547363281,7.07297945022583,-2.14994657155607,1.9958393124134735,-16.469024658203125,8.529118537902832,-6.320775220604879,4.593012551036838,0.03662109203490403,16.91030885241552,7.363290278505807,3.9288121333778796
1119,2607,20070419150000,spring_3,39.499794,-75.006409,720,1220,2102,2602,-12.346638679504395,10.312139511108398,-2.2121576750375938,1.9794935101964546,-15.742783546447754,8.538878440856934,-6.398271561689494,4.506772065717284,0.06103515549458695,16.14124355252166,7.443070331361648,3.829048655736276
1120,2608,20070419160000,spring_3,39.499794,-75.006409,720,1220,2102,2602,-11.909969329833984,11.061644554138184,-2.2734057442052054,1.9658422725753335,-15.639457702636719,8.23884391784668,-6.45945677843517,4.434650944719349,0.036621093647846985,16.3762363088184,7.503485138777024,3.7578359682873326
1121,2609,20070419170000,spring_3,39.499794,-75.006409,720,1220,2102,2602,-11.252717018127441,10.908190727233887,-2.38068714883694,1.9595453848444597,-15.2156982421875,7.9550886154174805,-6.5278820175837,4.363979654214985,0.04882812643919008,15.61937028892358,7.588201867810137,3.68568092584807
1122,2610,20070419180000,spring_3,39.499794,-75.006409,720,1220,2102,2602,-11.005786895751953,15.533411979675293,-2.496673635870698,1.9693823229506255,-17.377073287963867,8.699082374572754,-6.560651757589031,4.331304930071603,0.03662109442465334,17.37724227194361,7.660779681582874,3.6368467839418
1123,2611,20070419190000,spring_3,39.499794,-75.006409,720,1220,2102,2602,-10.452454566955566,16.59673309326172,-2.6041151910305773,2.0065221933493276,-16.24306297302246,8.716444969177246,-6.570962968540026,4.309362661011737,0.02136230426225824,17.43827791968655,7.7237373665767395,3.591599812166207
1124,2612,20070419200000,spring_3,39.499794,-75.006409,720,1220,2102,2602,-10.167471885681152,9.262616157531738,-2.698375355574668,2.004043633754807,-16.319028854370117,6.778501033782959,-6.554781284228562,4.2698579897201965,0.05187988299502395,16.592910252965318,7.735849736054111,3.5568095595923945
1125,2613,20070419210000,spring_3,39.499794,-75.006409,720,1220,2102,2602,-10.652491569519043,8.82245922088623,-2.740028526078037,1.9753552943318144,-16.8995304107666,6.647014617919922,-6.526452942862324,4.21657545366551,0.033569336031200346,17.145301534737676,7.692976860038051,3.549927952133112
1126,2614,20070419220000,spring_3,39.499794,-75.006409,720,1220,2102,2602,-10.920377731323242,7.428650856018066,-2.7422218672638237,1.9375567796443736,-16.06875991821289,6.703152179718018,-6.435886496595858,4.174477082809062,0.04272460993526523,16.937775037961462,7.58161094657584,3.5552744493737936
1127,2615,20070419230000,spring_3,39.499794,-75.006409,720,1220,2102,2602,-9.843680381774902,5.480190753936768,-2.686767418105292,1.941368358175728,-16.546358108520508,5.864993572235107,-6.37356724316103,4.21369320554506,0.04882812666104173,17.548141646914207,7.519403102307359,3.5810301701717733
1128,2616,20070420000000,spring_3,39.499794,-75.006409,720,1220,2102,2602,-10.39738941192627,5.724593639373779,-2.856323595751558,2.088972712260456,-17.40715217590332,7.7702555656433105,-6.5713959913036435,4.298250564470178,0.04882812634117359,18.674277998730545,7.8641265648531915,3.5122796069897477
1129,2617,20070420010000,spring_3,39.499794,-75.006409,720,1220,2102,2602,-10.647921562194824,5.424686431884766,-2.9937055323840855,2.2021452429342445,-16.852245330810547,7.867264270782471,-6.5841428618485445,4.325330095791921,0.0732421856945442,18.97946248799903,7.975093586682491,3.502715579668907
1130,2618,20070420020000,spring_3,39.499794,-75.006409,720,1220,2102,2602,-12.35610294342041,6.067876815795898,-3.03442157471034,2.2812880073876096,-18.11128044128418,6.886929988861084,-6.519806628716432,4.318780857635386,0.051879881141711395,18.991668234410202,7.954410254374702,3.5070063220572134
1131,2619,20070420030000,spring_3,39.499794,-75.006409,720,1220,2102,2602,-12.957773208618164,6.091747283935547,-2.940360996725828,2.336321197693414,-16.628755569458008,7.206198692321777,-6.4690758143942,4.271318826349914,0.06713867144681403,18.982513738251097,7.8574693619994385,3.5295043793441354
1132,2620,20070420040000,spring_3,39.499794,-75.006409,720,1220,2102,2602,-13.277717590332031,6.223572731018066,-2.7205575528611083,2.3576031895674516,-16.362567901611328,7.279169082641602,-6.450144039090488,4.193767756170713,0.06408691599965334,18.20734388626912,7.715259249767061,3.553385290745113
1133,2621,20070420050000,spring_3,39.499794,-75.006409,720,1220,2102,2602,-14.369000434875488,7.843588829040527,-2.4518300596310887,2.354428156535605,-17.011741638183594,6.755725860595703,-6.482247291171545,4.107457165568928,0.03662109226507176,17.026276477377085,7.593790882476981,3.5748953732510924
1134,2622,20070420060000,spring_3,39.499794,-75.006409,720,1220,2102,2602,-13.726972579956055,8.692492485046387,-2.1648181200580465,2.3657391233737797,-16.685985565185547,5.759306907653809,-6.544957761395714,4.025154680396275,0.027465821198337025,16.718041434153665,7.520568806247428,3.57247060489812
1135,2623,20070420070000,spring_3,39.499794,-75.006409,720,1220,2102,2602,-11.6528902053833,8.696430206298828,-1.8495446328847116,2.3799012979663687,-15.489869117736816,4.439729690551758,-6.653076212505556,3.9732689039748035,0.06408691674028293,16.177863716607597,7.50977991314383,3.5690671142381896
1136,2624,20070420080000,spring_3,39.499794,-75.006409,720,1220,2102,2602,-10.146064758300781,7.9635910987854,-1.5080914335484095,2.3609380193215346,-15.928292274475098,4.602283954620361,-6.824357171798247,3.9197230571694477,0.07019042765886432,16.315193309002545,7.543697387813674,3.588464501328264
1137,2625,20070420090000,spring_3,39.499794,-75.006409,720,1220,2102,2602,-8.876254081726074,8.310853958129883,-1.2248131337581547,2.3374848822104193,-16.660459518432617,3.892720937728882,-7.033971822026981,3.8590651026445038,0.05187988221418601,17.108673784669335,7.640606743108054,3.599204696023644
1138,2626,20070420100000,spring_3,39.499794,-75.006409,720,1220,2102,2602,-8.704061508178711,7.8209452629089355,-1.0166369852161508,2.298817316655899,-16.74554443359375,3.9066014289855957,-7.247044756327698,3.8168437610392294,0.02136230403057223,17.36808014104575,7.776632073534212,3.595839179433121
1139,2627,20070420110000,spring_3,39.499794,-75.006409,720,1220,2102,2602,-8.053502082824707,7.877612113952637,-0.8482080538366863,2.2730212895340354,-16.5855770111084,3.816551685333252,-7.37963594849455,3.7618477150756733,0.027465820225467615,16.595961996494946,7.86733754838758,3.54987430041296
1140,2628,20070420120000,spring_3,39.499794,-75.006409,720,1220,2102,2602,-7.588160514831543,6.966033458709717,-0.6751815477296584,2.1453466273961195,-16.67929458618164,3.6380908489227295,-6.985396475698685,3.850421997897468,0.05493163891478124,16.910308569232033,7.4227093953323156,3.685550296918522
1141,2629,20070420130000,spring_3,39.499794,-75.006409,720,1220,2102,2602,-7.467648506164551,7.382200241088867,-0.5722238269329913,1.9308112230375492,-17.322484970092773,3.4789514541625977,-6.52683429744966,4.15575556526581,0.0427246086286312,17.697685662649324,6.870370874591794,4.089418833683013
1142,2630,20070420140000,spring_3,39.499794,-75.006409,720,1220,2102,2602,-7.407979488372803,7.328647136688232,-0.6327769386419518,1.8403194987205143,-17.90675926208496,2.856773853302002,-6.6773294759495085,4.077463288090682,0.033569337161705334,17.98150744987914,6.977681212860493,4.038760106672979
1143,2631,20070420150000,spring_3,39.499794,-75.006409,720,1220,2102,2602,-7.281556129455566,6.406175136566162,-0.7886656491588635,1.7490691709932646,-18.723745346069336,2.148251533508301,-6.958191265367562,3.9070371719007473,0.06103515701200217,18.900115451151123,7.238951897051488,3.86783880885806
1144,2632,20070420160000,spring_3,39.499794,-75.006409,720,1220,2102,2602,-7.886404991149902,6.036744117736816,-0.9320451881771923,1.6745121381905999,-18.792869567871094,2.0828559398651123,-7.195498734051983,3.7297465822776914,0.07629394636014221,19.733269221745402,7.477715896581306,3.6664254667895513
1145,2633,20070420170000,spring_3,39.499794,-75.006409,720,1220,2102,2602,-8.092561721801758,5.572886943817139,-1.0437779968619465,1.6389419776547247,-18.093387603759766,3.22312331199646,-7.310467299609256,3.6010607315427188,0.05187988220286596,18.268380472427314,7.6138810230838425,3.494994937062266
1146,2634,20070420180000,spring_3,39.499794,-75.006409,720,1220,2102,2602,-9.328246116638184,6.796561241149902,-1.1058930137038212,1.6628431207207188,-19.279306411743164,3.582169532775879,-7.262932191140481,3.579209811389376,0.1434402423771223,19.476913342343778,7.609106394807476,3.41327897503819
1147,2635,20070420190000,spring_3,39.499794,-75.006409,720,1220,2102,2602,-9.492390632629395,6.854397773742676,-1.1323889955858555,1.7292104541268323,-17.01711082458496,5.407871246337891,-7.095860874651144,3.6245378060334885,0.08239746123622255,17.130042543933744,7.509847217390875,3.3709322543182236
1148,2636,20070420200000,spring_3,39.499794,-75.006409,720,1220,2102,2602,-9.562002182006836,7.109062671661377,-1.1234326180217002,1.8244014414287342,-16.89826202392578,5.987018585205078,-6.834282684316702,3.711508432364859,0.13733673273094563,16.998810837710767,7.3496316642595065,3.325082031935892
1149,2637,20070420210000,spring_3,39.499794,-75.006409,720,1220,2102,2602,-9.389700889587402,7.554971218109131,-1.0723909232481854,1.911320042144215,-16.104719161987305,6.476790904998779,-6.53653750180509,3.8125779082213467,0.15564727469376868,16.1961737830056,7.165748578642051,3.2737267329785578
1150,2638,20070420220000,spring_3,39.499794,-75.006409,720,1220,2102,2602,-9.119627952575684,8.609148025512695,-1.0296075684022445,2.0431682778329,-15.840295791625977,5.601530075073242,-6.158082335628113,3.9129150889852715,0.09155273411889435,15.89404340566411,6.92792564067357,3.235947654047442
1151,2639,20070420230000,spring_3,39.499794,-75.006409,720,1220,2102,2602,-8.714914321899414,8.914233207702637,-0.9805951341373104,2.2983273176131584,-15.516504287719727,6.766624927520752,-5.871029407053471,4.026139484135578,0.07324218465499362,15.558334030031968,6.848997810165535,3.1644730551120976
1152,2640,20070421000000,spring_3,39.499794,-75.006409,720,1220,2102,2602,-8.108320236206055,9.97330379486084,-1.0045226763772441,2.565118130996921,-15.725919723510742,7.183382034301758,-5.756977106530718,4.1400630091776724,0.10681151890810325,15.750603072814538,6.956954576955925,3.0777568085502307
1153,2641,20070421010000,spring_3,39.499794,-75.006409,720,1220,2102,2602,-8.395645141601562,9.837943077087402,-0.9663874849164548,2.685606275714563,-15.709417343139648,7.592413425445557,-5.457168132099511,4.250702226758971,0.08239745729348114,15.747550907342811,6.801513405192349,3.1200888898756585
1154,2642,20070421020000,spring_3,39.499794,-75.006409,720,1220,2102,2602,-8.33283519744873,9.936722755432129,-0.8414891805403198,2.7073439414201053,-14.3467378616333,6.690804481506348,-5.13198756463418,4.269041512965605,0.07934570506552621,14.53901674439294,6.523160240785599,3.1698907763719633
1155,2643,20070421030000,spring_3,39.499794,-75.006409,720,1220,2102,2602,-7.9095025062561035,8.747469902038574,-0.6143069565292453,2.7151458394563015,-15.323219299316406,5.715505123138428,-4.854863082124636,4.214496698562709,0.06408691446113814,15.40269474657533,6.2345215422260765,3.1955921320232283
1156,2644,20070421040000,spring_3,39.499794,-75.006409,720,1220,2102,2602,-7.095533847808838,9.361532211303711,-0.29030645826019275,2.7525326343999215,-14.3452730178833,4.906360626220703,-4.639658083691091,4.0946764078979,0.05187988135351666,14.349800275176493,6.003268720680661,3.1486950359469654
1157,2645,20070421050000,spring_3,39.499794,-75.006409,720,1220,2102,2602,-7.271470069885254,9.468220710754395,0.05180736508568772,2.827813562377256,-14.602709770202637,4.658867835998535,-4.521979535539528,3.958813230442547,0.051879880878906874,14.691611858150589,5.877705389156857,3.0939124128332343
1158,2646,20070421060000,spring_3,39.499794,-75.006409,720,1220,2102,2602,-8.352447509765625,10.190873146057129,0.40253481102501043,2.9153527094289418,-14.120771408081055,4.763971328735352,-4.469040637034837,3.8339830503364483,0.024414062852731885,14.123970582416108,5.821952165259775,3.0721228695520204
1159,2647,20070421070000,spring_3,39.499794,-75.006409,720,1220,2102,2602,-7.774830341339111,10.528178215026855,0.7481336745577652,2.9863912749036996,-13.989482879638672,5.314753532409668,-4.466939129209159,3.7069515056439384,0.03051757776418947,14.035461687585322,5.824729065968251,3.040691171287973
1160,2648,20070421080000,spring_3,39.499794,-75.006409,720,1220,2102,2602,-7.860418796539307,11.019145965576172,1.0470095884907702,3.016300595130904,-13.92353630065918,5.468287944793701,-4.499634258748144,3.5845841746285365,0.0640869183329482,13.937805384798969,5.8590518962257825,2.9936201167497907
1161,2649,20070421090000,spring_3,39.499794,-75.006409,720,1220,2102,2602,-7.271053314208984,11.6671724319458,1.2765901261659338,3.0152067132423195,-13.782480239868164,5.1840949058532715,-4.547567704297057,3.4528885317769986,0.02136230449546612,13.794365619765113,5.889264091687493,2.9394784520742654
1162,2650,20070421100000,spring_3,39.499794,-75.006409,720,1220,2102,2602,-6.766909599304199,11.813154220581055,1.4301712284018917,2.991134718664802,-13.245895385742188,5.184162616729736,-4.5936154393333775,3.3428949725773727,0.04272460834867631,13.626518618220967,5.912916060040552,2.882004496323714
1163,2651,20070421110000,spring_3,39.499794,-75.006409,720,1220,2102,2602,-5.795888900756836,11.82981014251709,1.5480019878310682,2.9437479371986206,-12.68598461151123,5.687589645385742,-4.6122000387949065,3.2527307955735454,0.051879883391287046,12.875762456754718,5.906984948742339,2.832337853038332
1164,2652,20070421120000,spring_3,39.499794,-75.006409,720,1220,2102,2602,-5.061466693878174,10.76047420501709,1.5404991235568752,2.7658533804593963,-11.666136741638184,5.3143720626831055,-4.391888937675411,3.1091138109150562,0.03662109377631122,11.844230585029722,5.623959925995706,2.7109840192762
1165,2653,20070421130000,spring_3,39.499794,-75.006409,720,1220,2102,2602,-4.938210964202881,9.58836555480957,1.3666946102876214,2.44503094981101,-11.228949546813965,4.2782464027404785,-3.7826991532867043,3.1201854428801186,0.030517579046090815,11.490219201493288,4.79120853655776,2.9891004240031744
1166,2654,20070421140000,spring_3,39.499794,-75.006409,720,1220,2102,2602,-5.071796894073486,8.964874267578125,1.386197694056201,2.294435032036293,-10.967528343200684,3.7003657817840576,-3.666617646077913,3.0037801990450443,0.009155273120457828,11.340675506099998,4.596878716542128,2.919154445271632
1167,2655,20070421150000,spring_3,39.499794,-75.006409,720,1220,2102,2602,-4.400646686553955,8.705680847167969,1.4792584442177,2.2127723019100958,-10.612442016601562,3.9488587379455566,-3.7271220388562636,2.7940359778706254,0.027465820974875193,11.075164892839778,4.6535817301128155,2.66961038809292
1168,2656,20070421160000,spring_3,39.499794,-75.006409,720,1220,2102,2602,-5.025116920471191,8.539544105529785,1.5882743265085983,2.1939618553679026,-10.439445495605469,3.9104695320129395,-3.813721976098876,2.605340037487929,0.024414063213120646,11.618392638675939,4.785599913637257,2.4013307659645537
1169,2657,20070421170000,spring_3,39.499794,-75.006409,720,1220,2102,2602,-6.107531547546387,8.135212898254395,1.6909225532119232,2.187797359341652,-10.228068351745605,4.056483745574951,-3.81519500017605,2.520134620489776,0.033569334708938,11.618393356045395,4.857645278524682,2.226151412031398
1170,2658,20070421180000,spring_3,39.499794,-75.006409,720,1220,2102,2602,-7.282914638519287,8.599495887756348,1.7771441437303812,2.1996651870364863,-9.85854434967041,5.458339691162109,-3.6890853547232383,2.5445685823414714,0.03967285112363452,10.788291872108994,4.841216305726117,2.154895113108707
1171,2659,20070421190000,spring_3,39.499794,-75.006409,720,1220,2102,2602,-7.353416442871094,9.830329895019531,1.864709021698815,2.2215992316202153,-9.814910888671875,6.344690322875977,-3.471096325217101,2.6359302813118632,0.018310546736029682,10.794395536092662,4.787449059366671,2.1188705794319174
1172,2660,20070421200000,spring_3,39.499794,-75.006409,720,1220,2102,2602,-6.96143102645874,11.105658531188965,1.9450777120771383,2.25596305671214,-9.87294864654541,6.9775800704956055,-3.211962168764789,2.7424760088087874,0.02746582166250901,11.713005173230535,4.7170588815325365,2.1118541047838053
1173,2661,20070421210000,spring_3,39.499794,-75.006409,720,1220,2102,2602,-6.851914882659912,11.654010772705078,2.005881569923918,2.2873638512005696,-10.114774703979492,7.263556480407715,-2.948423236546571,2.8446609166652026,0.04577636576416142,12.070068610813406,4.6417538302343955,2.1201440876634137
1174,2662,20070421220000,spring_3,39.499794,-75.006409,720,1220,2102,2602,-6.365846157073975,12.542141914367676,1.9985869158544434,2.345258900851439,-10.246895790100098,7.904287338256836,-2.6601460528214154,2.8848332689461285,0.02441406261999262,12.961212175800151,4.530119357301954,2.090752877029079
1175,2663,20070421230000,spring_3,39.499794,-75.006409,720,1220,2102,2602,-6.835769176483154,13.177549362182617,2.0101301881449056,2.556162231156083,-10.741716384887695,9.196593284606934,-2.498833256798451,3.1123607810683303,0.012207030694450392,13.486129912433078,4.660917823060584,2.186639213215278
1176,2664,20070422000000,spring_4,39.499794,-75.006409,720,1220,2102,2602,-7.332085132598877,13.41978931427002,2.0024913575673495,2.733994423032455,-11.158990859985352,9.659077644348145,-2.3214013172894004,3.3831501398176025,0.03967285354775839,13.44950853420034,4.795572305952063,2.306901026301504
1177,2665,20070422010000,spring_4,39.499794,-75.006409,720,1220,2102,2602,-6.296319007873535,13.385354995727539,1.8997965707761137,2.7792794933779845,-11.666450500488281,9.690733909606934,-2.0839968706606613,3.503422278025793,0.030517578229002366,13.397629163782723,4.732603046824591,2.356501756613292
1178,2666,20070422020000,spring_4,39.499794,-75.006409,720,1220,2102,2602,-5.932302951812744,12.827560424804688,1.7871346839568956,2.7305624216644584,-12.440606117248535,10.244394302368164,-1.8664395251984898,3.525920458564335,0.030517577529302013,12.939850157150474,4.583048224495266,2.3582201064583175
1179,2667,20070422030000,spring_4,39.499794,-75.006409,720,1220,2102,2602,-6.410709381103516,11.430473327636719,1.733579265159768,2.69020496615598,-12.516130447387695,9.835281372070312,-1.6298875609741081,3.498823034699367,0.024414062021806245,12.524795651347064,4.444820440096643,2.320423921050263
1180,2668,20070422040000,spring_4,39.499794,-75.006409,720,1220,2102,2602,-7.958969593048096,11.120530128479004,1.709877632776958,2.680943653364634,-12.133087158203125,9.709505081176758,-1.4010185262383628,3.4360889684900093,0.03662109236794324,12.274543900599406,4.337849157138858,2.2502811805946825
1181,2669,20070422050000,spring_4,39.499794,-75.006409,720,1220,2102,2602,-8.882580757141113,10.559683799743652,1.6868278805583774,2.726351919183185,-11.400554656982422,9.69002628326416,-1.2153552088047437,3.3418079882288847,0.027465821365917166,11.43833892087861,4.267901503740152,2.1698315035953026
1182,2670,20070422060000,spring_4,39.499794,-75.006409,720,1220,2102,2602,-8.304685592651367,10.253769874572754,1.688821505450887,2.8171754222813776,-10.24657154083252,9.364957809448242,-1.037572912068336,3.242261208000047,0.018310547973555264,11.01718103242572,4.235975217030538,2.10568864902735
1183,2671,20070422070000,spring_4,39.499794,-75.006409,720,1220,2102,2602,-10.141183853149414,9.343483924865723,1.7107868425170398,2.909342948653009,-10.737486839294434,10.328855514526367,-0.8885267681103954,3.1426303313055017,0.03662109372118768,11.557357326038295,4.205985793203478,2.0895829099767624
1184,2672,20070422080000,spring_4,39.499794,-75.006409,720,1220,2102,2602,-9.891538619995117,9.642394065856934,1.766302781613756,2.9974684252499726,-10.546846389770508,10.093476295471191,-0.8032478045421974,3.0206603917626107,0.02441406304673304,11.664177536433325,4.185600100649291,2.086861402205954
1185,2673,20070422090000,spring_4,39.499794,-75.006409,720,1220,2102,2602,-9.92622184753418,10.747745513916016,1.7894795141143476,3.0555693668115986,-10.605974197387695,10.677266120910645,-0.7568650488201156,2.8909399815027155,0.018310547083884406,12.094482257611347,4.140035041363429,2.0806800863880204
1186,2674,20070422100000,spring_4,39.499794,-75.006409,720,1220,2102,2602,-9.2355318069458,10.723466873168945,1.776417637909339,3.047708039288952,-10.569321632385254,10.393171310424805,-0.7345938508293443,2.78561738637697,0.03356933737697203,12.573623894929046,4.065955071946549,2.0521904441098995
1187,2675,20070422110000,spring_4,39.499794,-75.006409,720,1220,2102,2602,-9.03726863861084,11.165533065795898,1.7704157307201116,3.019866087021084,-10.194500923156738,9.736038208007812,-0.6856620449119484,2.704288003676075,0.04577636775752595,11.920532647627569,4.002090131574019,2.005129339603378
1188,2676,20070422120000,spring_4,39.499794,-75.006409,720,1220,2102,2602,-10.081643104553223,11.444352149963379,1.6872728473796816,2.8508675188773602,-9.2330961227417,7.10989236831665,-0.5790432467422858,2.537985920192274,0.045776368177563226,11.44444273478349,3.7917008453515226,1.8368460969137606
1189,2677,20070422130000,spring_4,39.499794,-75.006409,720,1220,2102,2602,-9.423439979553223,9.383761405944824,1.2889181005338508,2.462235621218169,-6.690230846405029,6.6562180519104,-0.4726864889762129,2.1943540843554894,0.015258788740377465,9.851371896199693,3.0711178251498796,1.8250402167388973
1190,2678,20070422140000,spring_4,39.499794,-75.006409,720,1220,2102,2602,-8.294581413269043,8.410409927368164,1.1924589766543714,2.290172497323726,-6.459354400634766,6.5303497314453125,-0.33741093441809844,2.097466462920178,0.018310545954728648,8.893096720682031,2.8560790074924,1.7386411024712922
1191,2679,20070422150000,spring_4,39.499794,-75.006409,720,1220,2102,2602,-7.840338230133057,7.769564628601074,1.2876862871256523,2.207906423564072,-6.551750183105469,6.896653175354004,-0.0869241747163558,2.130947353745616,0.018310546375769073,9.012115755564434,2.892140809348669,1.6483327105753043
1192,2680,20070422160000,spring_4,39.499794,-75.006409,720,1220,2102,2602,-6.984996318817139,7.683210849761963,1.4660940369000468,2.130821481642168,-6.366119384765625,7.715950012207031,0.22663917778775683,2.1970470453976,0.012207031400608814,8.984649373713637,3.0317166097789388,1.541722201387374
1193,2681,20070422170000,spring_4,39.499794,-75.006409,720,1220,2102,2602,-6.296393871307373,7.841609001159668,1.5632281511859325,2.0629485894825126,-6.405583381652832,8.99736213684082,0.6038665653713522,2.271357568961221,0.009155273311388138,10.42512513370997,3.162223216738399,1.4911416759917733
1194,2682,20070422180000,spring_4,39.499794,-75.006409,720,1220,2102,2602,-5.554510593414307,7.999492645263672,1.593329649141439,2.066215837540905,-6.4104228019714355,10.115818977355957,1.0480341428045172,2.3598263711846887,0.024414061079549142,11.12400085884914,3.3259124467710666,1.5535152787063398
1195,2683,20070422190000,spring_4,39.499794,-75.006409,720,1220,2102,2602,-5.096521854400635,8.70978832244873,1.5989193990527018,2.0744747512015564,-6.11930513381958,10.198379516601562,1.5574260566334948,2.4443700620704085,0.030517578139968866,11.038543848148223,3.5316052497353816,1.6698125704127253
1196,2684,20070422200000,spring_4,39.499794,-75.006409,720,1220,2102,2602,-6.244621276855469,9.000604629516602,1.6078304672673274,2.1576951529012325,-5.554535388946533,10.828129768371582,2.1678902698609197,2.516662039585308,0.015258789064568113,11.28574303666623,3.8719066941600593,1.811751025856588
1197,2685,20070422210000,spring_4,39.499794,-75.006409,720,1220,2102,2602,-6.677713394165039,9.782732009887695,1.6369438077885023,2.173675246609818,-5.214041233062744,12.444487571716309,2.8250297760914864,2.604999296665919,0.015258789260268635,12.72621900722522,4.271025642672909,1.9823227887115853
1198,2686,20070422220000,spring_4,39.499794,-75.006409,720,1220,2102,2602,-7.502951622009277,11.199435234069824,1.6448537955523654,2.1123410967309435,-5.070455074310303,13.48681354522705,3.4681914642878615,2.6710185196706338,0.015258788789481057,14.288765032933961,4.699787440063569,2.059664754586267
1199,2687,20070422230000,spring_4,39.499794,-75.006409,720,1220,2102,2602,-6.9448018074035645,14.51055908203125,1.7260452059650644,2.2121608652700995,-4.803473949432373,13.850354194641113,4.409134870743525,2.8980124186248126,0.012207031214867572,16.107666118073766,5.482776911480568,2.377181392471619
1200,2688,20070423000000,spring_4,39.499794,-75.006409,720,1220,2102,2602,-6.417715072631836,16.254762649536133,2.0739811633673826,2.355141405736912,-4.227564811706543,16.163785934448242,5.504957141304045,3.227935484512804,0.021362303567303557,17.084258407450868,6.51441260098752,2.852128677126173
1201,2689,20070423010000,spring_4,39.499794,-75.006409,720,1220,2102,2602,-4.962059020996094,15.554314613342285,2.5402855138366363,2.3600155073951266,-4.021965980529785,16.582380294799805,6.231163964370993,3.3799167042095926,0.01525878852688219,18.65291622559825,7.236174281965997,3.1482926684535353
1202,2690,20070423020000,spring_4,39.499794,-75.006409,720,1220,2102,2602,-3.892252206802368,17.054664611816406,3.1233952174609056,2.375422586278415,-3.682682991027832,16.48249626159668,6.695174855725441,3.4103979514801646,0.027465820945998184,20.557265865090915,7.804481971727889,3.3082430135998067
1203,2691,20070423030000,spring_4,39.499794,-75.006409,720,1220,2102,2602,-4.501965522766113,18.47197914123535,3.7807984850548317,2.3506480623508983,-3.24960994720459,15.548752784729004,6.968862040010649,3.38115025275025,0.05798339969427531,20.065916989306388,8.276086378916915,3.3650546668230086
1204,2692,20070423040000,spring_4,39.499794,-75.006409,720,1220,2102,2602,-3.548398971557617,19.228622436523438,4.454109179608809,2.360350212738205,-3.0938501358032227,15.00344467163086,7.0750393358466726,3.3207162504200047,0.11901855486848181,20.523696892112316,8.665342187537627,3.3772066124403137
1205,2693,20070423050000,spring_4,39.499794,-75.006409,720,1220,2102,2602,-3.8674168586730957,19.905458450317383,5.090408528547224,2.4186374239845674,-2.7769711017608643,15.550762176513672,7.0563475575445,3.260822067130255,0.09155273486889966,21.43620395424771,8.978665574562271,3.4015631528347727
1206,2694,20070423060000,spring_4,39.499794,-75.006409,720,1220,2102,2602,-4.060060501098633,19.99906349182129,5.696922476457374,2.5270648443948622,-2.5281786918640137,15.518798828125,6.943864677133623,3.2123400241956523,0.09460449108099327,20.81972505613015,9.245700531896237,3.4488243200297486
1207,2695,20070423070000,spring_4,39.499794,-75.006409,720,1220,2102,2602,-3.6605019569396973,19.229455947875977,6.259763260836539,2.644963278389124,-2.5250298976898193,15.537735939025879,6.75345042671144,3.159149358257013,0.18006134018530298,19.885863222328176,9.462195195591365,3.4980917998386167
1208,2696,20070423080000,spring_4,39.499794,-75.006409,720,1220,2102,2602,-3.4630260467529297,19.679670333862305,6.7144592238343614,2.753941303307118,-3.227625846862793,14.43701171875,6.499947408071877,3.0985295203628893,0.1648025506611624,20.28259973156256,9.597585913202456,3.5220308779954785
1209,2697,20070423090000,spring_4,39.499794,-75.006409,720,1220,2102,2602,-3.991720676422119,18.709388732910156,6.969168440730037,2.852586557662987,-2.9191155433654785,13.774806022644043,6.24743122504575,3.0298770691453605,0.07629394578588128,19.318213910444804,9.618954514774673,3.5203444196175684
1210,2698,20070423100000,spring_4,39.499794,-75.006409,720,1220,2102,2602,-3.5740890502929688,19.908992767333984,7.084025393451304,2.9093563735633485,-3.826298236846924,14.75897216796875,6.073453742706267,3.034744270236718,0.10986328120939459,20.102539475292033,9.618843505918873,3.4960167394659707
1211,2699,20070423110000,spring_4,39.499794,-75.006409,720,1220,2102,2602,-4.007227420806885,21.724620819091797,7.064753521581147,2.90334055320873,-5.9996337890625,15.548837661743164,5.971091343647525,3.0461272829858066,0.0793457039828073,21.738334593705083,9.568888000033859,3.4218904701554216
1212,2700,20070423120000,spring_4,39.499794,-75.006409,720,1220,2102,2602,-3.307098865509033,22.00031852722168,6.508418607539211,2.6969861147080176,-7.893955230712891,16.386205673217773,5.411468453265186,2.808464705359441,0.12818145854739446,22.0007929938655,8.737042133663518,3.2355534998533
1213,2701,20070423130000,spring_4,39.499794,-75.006409,720,1220,2102,2602,-2.9892709255218506,21.368257522583008,5.642648950396691,2.7469971921704537,-5.326754570007324,16.29353904724121,4.974008284609709,2.738181184633938,0.09155273791753424,21.39347788700584,7.743838999518977,3.41421043815162
1214,2702,20070423140000,spring_4,39.499794,-75.006409,720,1220,2102,2602,-3.411184072494507,19.176740646362305,5.6389189998415725,2.5033852733691417,-4.277287483215332,16.25458335876465,5.307169397109287,2.669443639236075,0.13123321022705584,20.398574526238036,7.940272328573144,3.2106692471294327
1215,2703,20070423150000,spring_4,39.499794,-75.006409,720,1220,2102,2602,-4.078517436981201,18.843324661254883,5.889464854419507,2.258806418705584,-2.5837154388427734,16.06390380859375,5.851271635503918,2.6534004035585763,0.18616486209929406,19.656975079035792,8.471660671319592,3.04907881706959
1216,2704,20070423160000,spring_4,39.499794,-75.006409,720,1220,2102,2602,-3.2800543308258057,17.861907958984375,6.247454190711627,2.1119845933815573,-1.7766300439834595,14.792919158935547,6.488959250060913,2.6754983301349613,0.5096588028579365,18.878754132560086,9.15731402866275,2.98322745222079
1217,2705,20070423170000,spring_4,39.499794,-75.006409,720,1220,2102,2602,-2.906392812728882,14.846322059631348,6.648328360736275,2.0600954992273217,-1.6004080772399902,15.745567321777344,7.1893957336503735,2.7033264927492104,0.5279693967077053,19.8614428324465,9.92395148682119,2.99246311368351
1218,2706,20070423180000,spring_4,39.499794,-75.006409,720,1220,2102,2602,-1.3824878931045532,19.97184944152832,7.022039787510998,2.1247704779700523,-1.5644257068634033,16.069612503051758,7.879418736465257,2.7266082963444824,0.23499298502148777,24.454482661669573,10.6835618405175,3.033946470775851
1219,2707,20070423190000,spring_4,39.499794,-75.006409,720,1220,2102,2602,-1.3449385166168213,19.387910842895508,7.280971338482894,2.119577517871824,-5.753153324127197,17.684415817260742,8.518420839986081,2.8550975678453643,0.43031310648651744,23.032317495395535,11.344988533560452,3.084066048009456
1220,2708,20070423200000,spring_4,39.499794,-75.006409,720,1220,2102,2602,-1.0922081470489502,24.2081298828125,7.5018884441761,2.1382255037584685,-5.244923114776611,18.840923309326172,9.04665306985895,3.0939008636458896,0.36316680390638206,24.494155603892658,11.926602722435366,3.1655395046406416
1221,2709,20070423210000,spring_4,39.499794,-75.006409,720,1220,2102,2602,-0.9619763493537903,27.93993377685547,7.699071654845234,2.1725501584969034,-4.981332778930664,22.482168197631836,9.316640795783373,3.3979532592784496,1.7059859532357042,27.948852612324718,12.328252813116878,3.2180340556616387
1222,2710,20070423220000,spring_4,39.499794,-75.006409,720,1220,2102,2602,-0.5015528202056885,23.068435668945312,7.533205377907004,2.2933919369476015,-6.823947429656982,19.507217407226562,9.223973897945902,3.688669886791213,1.8555221461161482,23.694571808192222,12.224326688986025,3.355986717320981
1223,2711,20070423230000,spring_4,39.499794,-75.006409,720,1220,2102,2602,-1.8167462348937988,24.353485107421875,7.531988094848516,2.459030682572919,-12.129124641418457,19.35502052307129,9.342394840085976,3.9788448343471923,1.9379272472170839,24.42701757678251,12.420536650105745,3.408737808343606
1224,2712,20070424000000,spring_4,39.499794,-75.006409,720,1220,2102,2602,-5.852733612060547,26.120922088623047,8.005392114074851,2.4590165268057507,-8.768264770507812,18.900575637817383,9.610227125203515,4.193484636639438,1.6663131583986655,27.701651741112062,13.000894113944538,3.324394112154319
1225,2713,20070424010000,spring_4,39.499794,-75.006409,720,1220,2102,2602,-3.3673758506774902,22.238649368286133,8.597681935660168,2.398758657037011,-8.63405704498291,18.294511795043945,9.30931513482453,4.3728671092957905,0.5554351693180539,26.197089713837343,13.213533721663099,3.2957577858503657
1226,2714,20070424020000,spring_4,39.499794,-75.006409,720,1220,2102,2602,-5.288570404052734,22.577438354492188,9.064089386129625,2.403789435680081,-10.89880084991455,18.28839874267578,8.67651940717769,4.773060827721283,0.20447539753699057,26.80135278449176,13.226101679128432,3.3271989890070386
1227,2715,20070424030000,spring_4,39.499794,-75.006409,720,1220,2102,2602,-4.060500621795654,25.2894287109375,9.406138288264238,2.3988225607520417,-12.942951202392578,17.97157096862793,7.890770122476559,5.263352301943297,0.36316682522708077,28.10754401301724,13.140375461333848,3.3952099333088697
1228,2716,20070424040000,spring_4,39.499794,-75.006409,720,1220,2102,2602,-2.310892343521118,22.8927059173584,9.570874686808578,2.4309303847388564,-12.718207359313965,17.235708236694336,7.066780138816496,5.7173171275389585,0.3479080075130906,23.548081539953916,12.96174670300173,3.4829992650710144
1229,2717,20070424050000,spring_4,39.499794,-75.006409,720,1220,2102,2602,-5.467315673828125,23.121444702148438,9.55109744638975,2.6289821626768046,-13.164546966552734,16.932636260986328,6.272655403047014,6.085709159892395,0.10375976638321231,24.597915334706443,12.70668214141957,3.6134886720740798
1230,2718,20070424060000,spring_4,39.499794,-75.006409,720,1220,2102,2602,-6.261266231536865,22.21963119506836,9.397019263979413,2.8337237765814978,-14.332967758178711,15.851105690002441,5.5738773862397695,6.354323261502547,0.26856231402486663,24.00280704095838,12.39987430191556,3.74467782522943
1231,2719,20070424070000,spring_4,39.499794,-75.006409,720,1220,2102,2602,-4.317225456237793,24.002758026123047,9.242414595297754,3.0549754227900396,-17.266456604003906,16.161643981933594,4.951751192150954,6.571680937530971,0.19837189264224692,24.0699471035271,12.15405409268352,3.8393881948851507
1232,2720,20070424080000,spring_4,39.499794,-75.006409,720,1220,2102,2602,-8.491475105285645,22.804533004760742,9.065238521675465,3.3289832445252783,-17.27602195739746,16.459714889526367,4.377189361661569,6.720678985615547,0.14344023967279904,23.255104563416673,11.928944738388491,3.910021619020782
1233,2721,20070424090000,spring_4,39.499794,-75.006409,720,1220,2102,2602,-5.614415645599365,20.586902618408203,8.80265039188881,3.65306142348268,-15.728982925415039,17.07204246520996,3.8236993876722614,6.779826625433404,0.18006133553742823,21.362952386345707,11.650204254520405,3.9611839886242417
1234,2722,20070424100000,spring_4,39.499794,-75.006409,720,1220,2102,2602,-4.963115692138672,19.631677627563477,8.504709611953881,3.921676627199298,-16.421775817871094,17.50921058654785,3.268665360673204,6.763428657417105,0.13123322051154013,21.55522164320132,11.324189685447664,3.9875432993283715
1235,2723,20070424110000,spring_4,39.499794,-75.006409,720,1220,2102,2602,-5.141231536865234,20.096370697021484,8.157397645987945,4.115137687591957,-14.991782188415527,16.90678596496582,2.7214465121439857,6.679708172061549,0.14038849487749422,22.47383086974453,10.919713663565803,4.032631948332276
1236,2724,20070424120000,spring_4,39.499794,-75.006409,720,1220,2102,2602,-4.888753414154053,19.09144401550293,7.455854090840561,4.275941313472659,-15.093292236328125,15.971322059631348,2.123226994008979,6.368713529887979,0.14038848968874792,21.543014347561737,10.014364766195934,4.319089899921773
1237,2725,20070424130000,spring_4,39.499794,-75.006409,720,1220,2102,2602,-5.44739294052124,18.165626525878906,6.919482406477071,4.3044601167358945,-14.809854507446289,16.20852279663086,1.6345309297565391,6.173548133324683,0.05493163975047045,20.896026345563214,9.332751761067932,4.482381749829725
1238,2726,20070424140000,spring_4,39.499794,-75.006409,720,1220,2102,2602,-4.671396732330322,17.118608474731445,6.734389323311763,4.108843518087888,-14.644344329833984,13.848647117614746,1.3234644735850525,5.9996623765372545,0.11901855672992775,19.421981978293882,8.971383045365803,4.4154714032218285
1239,2727,20070424150000,spring_4,39.499794,-75.006409,720,1220,2102,2602,-6.411030292510986,15.898396492004395,6.688502391120986,3.857306957563597,-13.931947708129883,13.452727317810059,1.0805606983254956,5.840580005716836,0.13428497201689568,19.675285445764597,8.747604389093608,4.286523635623034
1240,2728,20070424160000,spring_4,39.499794,-75.006409,720,1220,2102,2602,-6.52535343170166,16.509227752685547,6.654050354823533,3.5886294403281656,-13.37173843383789,12.731900215148926,0.856290374112312,5.7097965674749975,0.10375976181793001,17.984557226562277,8.5844375475165,4.0984252370944665
1241,2729,20070424170000,spring_4,39.499794,-75.006409,720,1220,2102,2602,-3.6539433002471924,15.419681549072266,6.553553422345735,3.3598421060750496,-13.3235502243042,13.561464309692383,0.671484533293887,5.635618273291912,0.10070800198227947,18.231758518312038,8.441647351278739,3.8970856078174125
1242,2730,20070424180000,spring_4,39.499794,-75.006409,720,1220,2102,2602,-4.795660495758057,15.225432395935059,6.445990748565035,3.1990298329971267,-13.400585174560547,13.754323959350586,0.5389285691071363,5.597979727605157,0.13428496816781935,17.850273682456297,8.352350378634334,3.6946789831860523
1243,2731,20070424190000,spring_4,39.499794,-75.006409,720,1220,2102,2602,-5.099459171295166,19.647476196289062,6.290529825908715,3.1782921585782824,-13.681857109069824,14.258868217468262,0.43042833862389857,5.57045433612885,0.11901855410469883,19.87059769042208,8.264323426852082,3.548026902082116
1244,2732,20070424200000,spring_4,39.499794,-75.006409,720,1220,2102,2602,-7.475119590759277,19.125625610351562,6.046960747900995,3.2643229528476994,-12.599479675292969,14.75295352935791,0.31216213745226246,5.566243339830822,0.045776367915476415,19.147315967441973,8.155703791588875,3.4331537118626474
1245,2733,20070424210000,spring_4,39.499794,-75.006409,720,1220,2102,2602,-7.767590045928955,19.497596740722656,5.693087238354327,3.369792182601627,-14.248682022094727,14.823845863342285,0.15388573668151606,5.603061968652006,0.12512970192470363,19.58982810662795,8.000948173763032,3.3420883026488792
1246,2734,20070424220000,spring_4,39.499794,-75.006409,720,1220,2102,2602,-9.903057098388672,21.18958854675293,5.178011214158243,3.4901720262965243,-15.903305053710938,15.083235740661621,-0.05150860192077071,5.669690007090541,0.033569336385285684,21.40568514081776,7.783175630418569,3.250125524610393
1247,2735,20070424230000,spring_4,39.499794,-75.006409,720,1220,2102,2602,-8.956059455871582,17.88624382019043,4.5185819167779995,3.6845603766232347,-19.56642723083496,14.876825332641602,-0.2685587595319769,5.778957944198103,0.1007080069831869,19.721062406855193,7.54954899107805,3.2351748742624684
1248,2736,20070425000000,spring_4,39.499794,-75.006409,720,1220,2102,2602,-9.05871868133545,17.71660041809082,4.110640853199791,3.9608072720229437,-13.769479751586914,13.869446754455566,-0.8293765959559823,6.192293348599491,0.08544921811228474,17.75261707188086,7.837304543970378,3.1928642952990067
1249,2737,20070425010000,spring_4,39.499794,-75.006409,720,1220,2102,2602,-9.863067626953125,13.6553373336792,3.5129972412414863,4.330744542870598,-13.285518646240234,13.381624221801758,-1.1938341925829812,6.263425444275388,0.06713867495779878,17.007965010092146,7.796438725238036,3.311763803709294
1250,2738,20070425020000,spring_4,39.499794,-75.006409,720,1220,2102,2602,-10.644134521484375,13.957497596740723,2.856475073624209,4.6600820971116494,-13.98394775390625,12.851165771484375,-1.349025148153191,6.024249244868063,0.03967285275095302,16.657005035433894,7.495077363828399,3.4367249123151034
1251,2739,20070425030000,spring_4,39.499794,-75.006409,720,1220,2102,2602,-10.528938293457031,14.677324295043945,2.295994665639557,4.866036048871227,-13.807336807250977,12.0805082321167,-1.3382306487258449,5.657898117658427,0.042724607799002584,16.562393778754856,7.153859170397763,3.4021860152947845
1252,2740,20070425040000,spring_4,39.499794,-75.006409,720,1220,2102,2602,-10.80046272277832,13.645848274230957,1.8970100056302868,4.935866158760578,-13.282967567443848,10.773735046386719,-1.261482482830951,5.394726794883939,0.04272460804327642,16.27552016494801,6.879461250720297,3.365835682921155
1253,2741,20070425050000,spring_4,39.499794,-75.006409,720,1220,2102,2602,-10.862471580505371,13.031323432922363,1.570502364145142,4.976969831241644,-13.680977821350098,10.169878005981445,-1.1802396461099796,5.181599856140328,0.04882812460922608,15.588852265176792,6.647509056726677,3.3599512509878835
1254,2742,20070425060000,spring_4,39.499794,-75.006409,720,1220,2102,2602,-11.038461685180664,13.482834815979004,1.2931214115320993,5.018421502128131,-12.89228343963623,10.152714729309082,-1.0691755964320744,4.9761080207597574,0.024414062060135334,15.170753183141903,6.460268783744529,3.3206071869518388
1255,2743,20070425070000,spring_4,39.499794,-75.006409,720,1220,2102,2602,-10.322611808776855,13.415474891662598,1.0413947421915521,5.030243409879252,-12.332012176513672,9.757637023925781,-0.9317095336751644,4.783446253797102,0.05493163902514145,15.195167942366595,6.257673152455222,3.3134301270504687
1256,2744,20070425080000,spring_4,39.499794,-75.006409,720,1220,2102,2602,-10.322443962097168,14.365242958068848,0.828311046182022,5.014173699103996,-11.935845375061035,9.955950736999512,-0.8036875231522778,4.580553365528185,0.04577636963363506,15.40879843794333,6.05586453314189,3.283584108800896
1257,2745,20070425090000,spring_4,39.499794,-75.006409,720,1220,2102,2602,-10.29948902130127,13.06627082824707,0.5464661161234591,4.975081274729359,-11.339892387390137,10.163651466369629,-0.6549406507618427,4.415071710979914,0.03967285187555354,15.698722544562775,5.872487736815642,3.23817111288133
1258,2746,20070425100000,spring_4,39.499794,-75.006409,720,1220,2102,2602,-10.700531005859375,14.125602722167969,0.2163554872223977,4.949799779725828,-10.976401329040527,10.589731216430664,-0.44659588494406083,4.2707767257825155,0.03967285292269985,16.382339816392623,5.718657292320311,3.206753507077122
1259,2747,20070425110000,spring_4,39.499794,-75.006409,720,1220,2102,2602,-10.473475456237793,14.303318977355957,-0.05239323356812936,4.873811866722265,-10.455535888671875,11.042818069458008,-0.15850767881747055,4.1293124753546735,0.018310546968069278,16.180915863738537,5.564503859532604,3.1415649227315185
1260,2748,20070425120000,spring_4,39.499794,-75.006409,720,1220,2102,2602,-10.549633026123047,12.334200859069824,-0.14766963701275376,4.39249632340224,-9.64450740814209,11.269827842712402,0.30348701858018956,3.562184086334554,0.021362304061387116,14.047668538575415,4.7916941068808105,3.022707014294177
1261,2749,20070425130000,spring_4,39.499794,-75.006409,720,1220,2102,2602,-10.558066368103027,11.140786170959473,-0.2686295137379011,4.107171747313261,-11.303585052490234,12.312716484069824,0.5862958501817903,3.372385943996142,0.018310547278827416,13.962218990064681,4.387835210789999,3.06670075483963
1262,2750,20070425140000,spring_4,39.499794,-75.006409,720,1220,2102,2602,-10.734071731567383,10.973079681396484,-0.281133590406273,4.105017686211595,-11.677533149719238,12.389888763427734,0.9615415201116964,3.4348541239085932,0.021362305532385502,14.654991154407961,4.499574153416337,3.067054561807297
1263,2751,20070425150000,spring_4,39.499794,-75.006409,720,1220,2102,2602,-9.80882740020752,10.294998168945312,-0.18564444945161324,4.232039786322716,-11.314407348632812,12.662532806396484,1.4226378730422553,3.535931004228163,0.012207031348071702,15.009003052859562,4.773380566465843,3.1122611019631705
1264,2752,20070425160000,spring_4,39.499794,-75.006409,720,1220,2102,2602,-10.66003704071045,11.984800338745117,0.018747157083882252,4.4103283404840585,-12.239524841308594,12.825148582458496,1.8610506868220065,3.634260172251253,0.0061035154821380095,15.491196159499653,5.098072795809332,3.183136496277971
1265,2753,20070425170000,spring_4,39.499794,-75.006409,720,1220,2102,2602,-11.80006217956543,13.372220993041992,0.25302444710725175,4.654062427333048,-11.553089141845703,13.345489501953125,2.2043179633418077,3.806226040850177,0.03356933426023676,15.802482702347215,5.560985738628997,3.1852991100788963
1266,2754,20070425180000,spring_4,39.499794,-75.006409,720,1220,2102,2602,-10.67951488494873,14.031893730163574,0.5111659229303833,4.8703568774875805,-12.153929710388184,14.268425941467285,2.493432953262548,4.0176376513948915,0.02441406221568716,15.939819074100734,5.994131560618587,3.2265575679311036
1267,2755,20070425190000,spring_4,39.499794,-75.006409,720,1220,2102,2602,-11.812424659729004,15.631393432617188,0.7650939869735518,5.052405878553353,-12.029726028442383,15.44984245300293,2.6669130997446775,4.2958548674736,0.030517578017763596,16.76076523896609,6.375796158004248,3.3208721514247155
1268,2756,20070425200000,spring_4,39.499794,-75.006409,720,1220,2102,2602,-10.511343955993652,14.997105598449707,1.0163234288361427,5.178646738918099,-11.208903312683105,16.820262908935547,2.712639405722622,4.627421619960476,0.04577636602013507,17.74956491346643,6.709846502048544,3.405979840194605
1269,2757,20070425210000,spring_4,39.499794,-75.006409,720,1220,2102,2602,-9.57444953918457,13.646973609924316,1.2069755891087306,5.277917219150626,-10.053147315979004,17.22550392150879,2.5910672127417533,4.921784968824635,0.051879882563439964,18.753624213160233,6.941750184927456,3.4731687542162564
1270,2758,20070425220000,spring_4,39.499794,-75.006409,720,1220,2102,2602,-10.803817749023438,12.880208015441895,1.2963521147808768,5.36307190797063,-14.61552906036377,17.081405639648438,2.3116642717686995,5.169561615809884,0.012207031330465953,19.034394419728855,7.069650335502079,3.5399537051101007
1271,2759,20070425230000,spring_4,39.499794,-75.006409,720,1220,2102,2602,-12.876599311828613,12.68625259399414,1.2459289585197548,5.412020666219846,-19.65399742126465,16.160541534423828,1.9650417156855617,5.459898234633045,0.05187988045818668,21.375168352870396,7.191820630580832,3.5765766251758455
1272,2760,20070426000000,spring_4,39.499794,-75.006409,720,1220,2102,2602,-11.911247253417969,13.963860511779785,1.3231997770875585,5.724639532703805,-19.05392837524414,15.803640365600586,1.6952532914553429,5.931000849639913,0.03356933662758769,20.294807510429273,7.68396064756427,3.6782820714000493
1273,2761,20070426010000,spring_4,39.499794,-75.006409,720,1220,2102,2602,-12.29134464263916,14.003483772277832,1.2108661745275806,5.940731528227264,-20.950664520263672,15.194907188415527,1.2322810545189833,6.118914214780334,0.042724608435205834,22.63863394028673,7.829084179664962,3.797835785809539
1274,2762,20070426020000,spring_4,39.499794,-75.006409,720,1220,2102,2602,-13.227099418640137,14.114879608154297,0.9380102779552506,6.100075647190361,-14.193482398986816,14.1797513961792,0.7130150499752191,6.141105569902662,0.03967285023425691,19.540999074608198,7.83935923267696,3.8544521123264395
1275,2763,20070426030000,spring_4,39.499794,-75.006409,720,1220,2102,2602,-12.916441917419434,14.196975708007812,0.586332484643837,6.242702697701119,-19.472713470458984,13.590885162353516,0.2557256728774975,6.0331906023519375,0.0640869106323715,21.19205419092469,7.767954234637338,3.929223107319015
1276,2764,20070426040000,spring_4,39.499794,-75.006409,720,1220,2102,2602,-11.81316089630127,14.734929084777832,0.17965384155884548,6.33943639014012,-17.249237060546875,12.822078704833984,-0.06974977880002686,5.8775188501374975,0.03967285362732333,17.87163572013095,7.691445465275729,3.951264198642421
1277,2765,20070426050000,spring_4,39.499794,-75.006409,720,1220,2102,2602,-14.322907447814941,14.564421653747559,-0.327045952387474,6.433337672304225,-15.881942749023438,11.716866493225098,-0.31500654012698764,5.664358815586551,0.027465819700782067,17.950988477294953,7.627360878497201,3.937302198468899
1278,2766,20070426060000,spring_4,39.499794,-75.006409,720,1220,2102,2602,-14.311540603637695,16.005252838134766,-0.8589998791085791,6.440524270628037,-17.07115364074707,11.165081024169922,-0.4693625080037984,5.350398485505689,0.0274658189756281,17.911316076550428,7.506174886733847,3.8370089080225847
1279,2767,20070426070000,spring_4,39.499794,-75.006409,720,1220,2102,2602,-15.139144897460938,15.117440223693848,-1.3468913169682515,6.3264892817025755,-14.679231643676758,11.126090049743652,-0.5321336223761791,4.994694628315736,0.03662109147841451,18.43318162123182,7.326400082667231,3.659588132851141
1280,2768,20070426080000,spring_4,39.499794,-75.006409,720,1220,2102,2602,-14.54163932800293,14.482831954956055,-1.7748023857894912,6.106146067787457,-13.39176082611084,11.68657112121582,-0.48499029928490556,4.637930166197787,0.01525878846287443,17.621383459550902,7.093386736257696,3.4444766999606156
1281,2769,20070426090000,spring_4,39.499794,-75.006409,720,1220,2102,2602,-14.617473602294922,13.101570129394531,-2.1767139334592307,5.794676616766016,-11.753432273864746,12.602679252624512,-0.3859562825780282,4.313944038059782,0.03967285089087908,17.886901822185877,6.859284231036115,3.166331614730629
1282,2770,20070426100000,spring_4,39.499794,-75.006409,720,1220,2102,2602,-15.606319427490234,12.009634971618652,-2.5514020445076957,5.469237573387888,-9.521984100341797,13.242341041564941,-0.2250162762961557,4.092248951810692,0.05798339506388787,19.08017071508098,6.67316968817541,2.9475671574854205
1283,2771,20070426110000,spring_4,39.499794,-75.006409,720,1220,2102,2602,-15.808609962463379,11.510519981384277,-2.8598533319158848,5.19647122663181,-8.940675735473633,14.274136543273926,-0.013404465327327024,3.967183529865324,0.030517578687795886,20.072021478930928,6.546847558633213,2.8389410301424776
1284,2772,20070426120000,spring_4,39.499794,-75.006409,720,1220,2102,2602,-16.31400489807129,10.623011589050293,-3.0101065691170814,4.848963021812685,-8.362812042236328,15.040287971496582,0.1343392331914693,3.659264452792928,0.02746581978965701,21.06997637255356,6.138049568807647,2.8819775849678777
1285,2773,20070426130000,spring_4,39.499794,-75.006409,720,1220,2102,2602,-16.11412239074707,9.958234786987305,-3.1288951533689304,4.544924354459258,-7.539912700653076,16.18698501586914,0.28373958373493285,3.4167652813926757,0.033569334905932335,21.799370487237777,5.823010392191711,2.879872459062776
1286,2774,20070426140000,spring_4,39.499794,-75.006409,720,1220,2102,2602,-15.249014854431152,10.084310531616211,-3.3313380672566995,4.404431850210804,-6.605386734008789,15.5253324508667,0.6773866368007194,3.423304508839727,0.03051757675741052,20.70070593621139,5.876240910314325,2.853855711386234
1287,2775,20070426150000,spring_4,39.499794,-75.006409,720,1220,2102,2602,-13.79183578491211,9.298075675964355,-3.454991247168914,4.362693847758171,-6.441069602966309,15.014942169189453,1.1520678982905728,3.519343279258853,0.012207030888772147,19.736320475432695,6.047402522031512,2.8481612354892802
1288,2776,20070426160000,spring_4,39.499794,-75.006409,720,1220,2102,2602,-14.456175804138184,8.469502449035645,-3.4683950985320178,4.397796142287674,-7.137807369232178,15.116151809692383,1.6476758405366563,3.6391086482665003,0.018310547443039237,18.988616154257546,6.2704444069428495,2.830167810829704
1289,2777,20070426170000,spring_4,39.499794,-75.006409,720,1220,2102,2602,-14.915374755859375,12.287880897521973,-3.4810347779835604,4.451599440136541,-6.229145050048828,14.720877647399902,2.114390981550909,3.7459009812584543,0.061035158103696974,18.2531197775523,6.528357899782623,2.795944780849168
1290,2778,20070426180000,spring_4,39.499794,-75.006409,720,1220,2102,2602,-15.375364303588867,16.80989646911621,-3.522193449382939,4.500269338209868,-7.372123718261719,22.514646530151367,2.5706351239709577,3.8833577153314685,0.07629394584593392,22.632529922865995,6.8228172458115335,2.792143930276932
1291,2779,20070426190000,spring_4,39.499794,-75.006409,720,1220,2102,2602,-15.920623779296875,20.713533401489258,-3.5685995259825254,4.618443414992433,-8.171378135681152,18.540225982666016,2.997825547210508,4.011281941094463,0.09765625110648307,23.462631141236546,7.164268933428693,2.79562401375734
1292,2780,20070426200000,spring_4,39.499794,-75.006409,720,1220,2102,2602,-16.855636596679688,20.003528594970703,-3.590965999985714,4.752520437506884,-8.71352481842041,17.802940368652344,3.366524778720481,4.073620323074497,0.07629394662767298,21.048614911871784,7.467896930617498,2.764032267892747
1293,2781,20070426210000,spring_4,39.499794,-75.006409,720,1220,2102,2602,-15.962485313415527,17.33212661743164,-3.6461466406358625,4.741059749300493,-10.172189712524414,18.951168060302734,3.685776744191102,4.028732822779773,0.08239746251332192,19.75463142283807,7.648205234943406,2.6631988136458644
1294,2782,20070426220000,spring_4,39.499794,-75.006409,720,1220,2102,2602,-16.4470157623291,13.635183334350586,-3.754522427847353,4.672140122959496,-8.789762496948242,19.643009185791016,3.971865214050444,3.910477449162782,0.024414061790606716,19.66002680001714,7.776287226547299,2.553866895319469
1295,2783,20070426230000,spring_4,39.499794,-75.006409,720,1220,2102,2602,-17.251150131225586,11.709402084350586,-3.9024096094713943,4.600915723303193,-6.980478763580322,21.899280548095703,4.32068205252274,3.774725714974297,0.12818146364842087,21.979430698458394,7.9350398534589885,2.519765147653868
1296,2784,20070427000000,spring_4,39.499794,-75.006409,720,1220,2102,2602,-17.613615036010742,9.446436882019043,-3.988441820695701,4.613099542338607,-7.947125434875488,21.968170166015625,4.893570055539498,3.7634971223416014,0.19226836974539108,22.11981295341541,8.277057483101586,2.605688669887003
1297,2785,20070427010000,spring_4,39.499794,-75.006409,720,1220,2102,2602,-16.510997772216797,10.502882957458496,-3.832272048458587,4.5490486175914535,-8.568014144897461,21.248367309570312,5.346849988741418,3.6213035202951,0.21668243666097203,21.366005847221132,8.370661861360412,2.648549861637444
1298,2786,20070427020000,spring_4,39.499794,-75.006409,720,1220,2102,2602,-15.678877830505371,9.303839683532715,-3.5495582890189037,4.432256137168411,-6.611430644989014,22.80152130126953,5.722693408416391,3.5291862117242596,0.18616485709932115,23.499252119777978,8.373239014154544,2.708782399567587
1299,2787,20070427030000,spring_4,39.499794,-75.006409,720,1220,2102,2602,-14.625821113586426,10.564936637878418,-3.1873916718217945,4.306946296519569,-7.170373439788818,20.524625778198242,6.043415238061356,3.506117115360705,0.15564728088913335,21.25614167126546,8.350421402876545,2.792031416610735
1300,2788,20070427040000,spring_4,39.499794,-75.006409,720,1220,2102,2602,-13.333970069885254,10.815413475036621,-2.8402137445358,4.175917337421115,-7.395014762878418,20.620683670043945,6.320823721693658,3.538443911270499,0.1251296982560675,20.62135243718221,8.358307883946438,2.849067720275469
1301,2789,20070427050000,spring_4,39.499794,-75.006409,720,1220,2102,2602,-13.020974159240723,12.176627159118652,-2.5409529942101936,4.1243955950391,-6.706173896789551,20.60276985168457,6.557795336172413,3.5725873412077678,0.11596679698854036,20.63051605372338,8.400777300751042,2.9431414964340985
1302,2790,20070427060000,spring_4,39.499794,-75.006409,720,1220,2102,2602,-13.32345962524414,10.62987232208252,-2.209774971331664,4.209167905992126,-5.557861804962158,21.139490127563477,6.750941370871354,3.6557358178209904,0.14344024632967498,21.14017572049376,8.500613308233335,3.0462086322650337
1303,2791,20070427070000,spring_4,39.499794,-75.006409,720,1220,2102,2602,-13.262619018554688,10.980982780456543,-1.8427436369218106,4.330655017805223,-5.142959117889404,20.913854598999023,6.903300929985569,3.747664025176285,0.1129150347581658,20.93264780837918,8.595880034568056,3.1562117802061045
1304,2792,20070427080000,spring_4,39.499794,-75.006409,720,1220,2102,2602,-13.126227378845215,11.280942916870117,-1.466999967495677,4.489907767824277,-5.020905017852783,20.09850311279297,7.031253168670075,3.8471492337353896,0.07324218659941986,20.19104853717848,8.699930655660005,3.295701079204868
1305,2793,20070427090000,spring_4,39.499794,-75.006409,720,1220,2102,2602,-12.602134704589844,11.637974739074707,-1.0882212908426818,4.6674325657241535,-4.683351039886475,19.70281219482422,7.1631753713623265,3.9536486288068335,0.06408691526784047,19.803459237592737,8.83486842759231,3.4433517220168186
1306,2794,20070427100000,spring_4,39.499794,-75.006409,720,1220,2102,2602,-13.067877769470215,12.634908676147461,-0.7318075393798765,4.780105902424393,-5.893338203430176,19.28644561767578,7.351252160332812,4.040407797158975,0.08850097962843105,19.45860284778537,8.985729930311091,3.606579518704395
1307,2795,20070427110000,spring_4,39.499794,-75.006409,720,1220,2102,2602,-15.31147575378418,11.02798843383789,-0.30831902552191515,4.836741042734878,-4.555309295654297,18.523529052734375,7.56897818515892,4.148674338406971,0.06408691157192359,18.591872412633435,9.139977922764889,3.8014283685101096
1308,2796,20070427120000,spring_4,39.499794,-75.006409,720,1220,2102,2602,-15.153619766235352,13.75708293914795,0.2558955177616533,4.792033663044809,-5.15867280960083,17.775178909301758,7.611170073211458,4.303088194168525,0.0915527361254948,18.274481838407155,9.125681762782385,4.024609223058604
1309,2797,20070427130000,spring_4,39.499794,-75.006409,720,1220,2102,2602,-15.669486999511719,13.714696884155273,0.8291892497410628,4.660502717322929,-3.9278969764709473,17.518505096435547,7.5412560439647205,4.473315701742833,0.027465819052974964,19.748527710426735,9.006423575133297,4.263011947372082
1310,2798,20070427140000,spring_4,39.499794,-75.006409,720,1220,2102,2602,-15.357925415039062,14.701449394226074,1.4259541710824502,4.532893226833796,-10.849763870239258,17.73798942565918,7.502388249388011,4.643831401694096,0.027465820119858916,19.65697513535446,9.011843030294449,4.383851164575733
1311,2799,20070427150000,spring_4,39.499794,-75.006409,720,1220,2102,2602,-14.108525276184082,16.137142181396484,1.9851673823789233,4.438491712772083,-9.232536315917969,18.29998016357422,7.488115925274275,4.84353460505807,0.07629394062969992,19.43418872537432,9.12102586296904,4.469864987692445
1312,2800,20070427160000,spring_4,39.499794,-75.006409,720,1220,2102,2602,-14.139575004577637,17.31825828552246,2.5136741611336086,4.344811105972546,-4.756644248962402,19.252363204956055,7.499063130949108,5.0367154951151525,0.04882812515585034,21.356850181970877,9.28360303441109,4.540386201095634
1313,2801,20070427170000,spring_4,39.499794,-75.006409,720,1220,2102,2602,-14.082623481750488,16.956071853637695,2.960053925787865,4.187287196430186,-7.697110652923584,21.57046890258789,7.449568656138641,5.231465726270867,0.036621094544372984,21.616257747561264,9.36682814939034,4.628404750712614
1314,2802,20070427180000,spring_4,39.499794,-75.006409,720,1220,2102,2602,-14.308584213256836,22.86565589904785,3.3745823087162217,4.038662196412984,-10.258415222167969,21.52883529663086,7.347307475808427,5.423600557613063,0.042724608385981994,23.401595023188506,9.422659090933072,4.723395378718927
1315,2803,20070427190000,spring_4,39.499794,-75.006409,720,1220,2102,2602,-12.89909839630127,24.332416534423828,3.685307607418982,3.931697726556244,-14.358670234680176,20.678150177001953,7.205707201360939,5.623025651037532,0.02746581965021669,24.52162140623774,9.478169695720583,4.769137462623897
1316,2804,20070427200000,spring_4,39.499794,-75.006409,720,1220,2102,2602,-9.956732749938965,18.985017776489258,3.9475707412994554,3.8966732413623353,-13.774300575256348,22.2845516204834,7.027362834922163,5.773112192436649,0.03051757784274335,22.815635103630207,9.509155585722889,4.801665331333904
1317,2805,20070427210000,spring_4,39.499794,-75.006409,720,1220,2102,2602,-9.895849227905273,19.587915420532227,4.108973363599868,3.866780807152863,-14.809782981872559,27.911996841430664,6.8481492394305095,5.99326455554054,0.04272460970580633,29.117706741683108,9.571632886872793,4.799569546374482
1318,2806,20070427220000,spring_4,39.499794,-75.006409,720,1220,2102,2602,-9.494879722595215,23.479158401489258,4.185007467092709,3.8401894420617535,-11.74085807800293,23.0106201171875,6.659857081557126,6.2711626246441705,0.051879885806343444,24.75966534526267,9.612241743969799,4.852558924683897
1319,2807,20070427230000,spring_4,39.499794,-75.006409,720,1220,2102,2602,-11.146581649780273,26.342187881469727,4.1271575231346205,3.7333145722766883,-9.67664623260498,27.933589935302734,6.473668335973047,6.519283480765627,0.0366210931919807,29.358802925495755,9.505834313925469,5.00196158914689
1320,2808,20070428000000,spring_4,39.499794,-75.006409,720,1220,2102,2602,-11.540821075439453,18.565134048461914,4.409677524329877,3.8299828799983704,-10.198426246643066,25.771808624267578,6.394993574396635,6.65176835159325,0.07019042981447189,28.559219829761055,9.734056174302909,4.9501656684405955
1321,2809,20070428010000,spring_4,39.499794,-75.006409,720,1220,2102,2602,-9.367426872253418,20.965681076049805,4.796634963026451,3.8019148733832693,-12.208094596862793,23.206880569458008,6.149173861391735,6.828185798874804,0.06103515623506362,23.752554652878022,9.854287081158546,4.979131478146699
1322,2810,20070428020000,spring_4,39.499794,-75.006409,720,1220,2102,2602,-9.248291969299316,25.304067611694336,5.0756229495562275,3.645508295892327,-15.738739967346191,23.29408073425293,5.739316439982031,7.031914770479582,0.09460449325940405,28.061767784971337,9.812351831056557,5.015676339495962
1323,2811,20070428030000,spring_4,39.499794,-75.006409,720,1220,2102,2602,-7.032214641571045,20.74551010131836,5.376743579036478,3.396488472286177,-18.344127655029297,20.39541244506836,5.2439266849132355,7.121289300632117,0.05798340040515023,25.41886913650265,9.65283587179019,5.0477513280079505
1324,2812,20070428040000,spring_4,39.499794,-75.006409,720,1220,2102,2602,-5.969133377075195,23.246320724487305,5.660173781759975,3.171338017424805,-19.61492347717285,21.431324005126953,4.6982353208907774,7.175184680331005,0.05798339586733553,28.147224509102394,9.51917501523918,5.003693577454108
1325,2813,20070428050000,spring_4,39.499794,-75.006409,720,1220,2102,2602,-4.468398094177246,23.194992065429688,5.853632248649811,3.0475991299064074,-19.46829605102539,21.215816497802734,4.131293843619987,7.200122837760285,0.0793457071001193,28.809470483148633,9.393803509337909,4.9212482449232064
1326,2814,20070428060000,spring_4,39.499794,-75.006409,720,1220,2102,2602,-5.132027626037598,24.20046043395996,6.077842122960126,3.0196624363944937,-18.67840576171875,22.334999084472656,3.521991529886232,7.150585587423158,0.07934570430277431,28.098387668297683,9.306296435093815,4.794441713402584
1327,2815,20070428070000,spring_4,39.499794,-75.006409,720,1220,2102,2602,-4.970834255218506,22.831090927124023,6.265122236773651,3.0687403083999674,-20.38945960998535,24.500654220581055,2.895263311269417,7.01544432256275,0.11291504124940212,29.303870686862908,9.189271767947819,4.67174665210692
1328,2816,20070428080000,spring_4,39.499794,-75.006409,720,1220,2102,2602,-3.9052813053131104,25.77652931213379,6.353717847008669,3.1964434001794992,-20.084941864013672,26.325504302978516,2.2816111828686094,6.81542334143563,0.10070801322730065,29.98748613783289,9.002351948022765,4.604387603868181
1329,2817,20070428090000,spring_4,39.499794,-75.006409,720,1220,2102,2602,-3.2478458881378174,24.831022262573242,6.288965873963628,3.2300752887066384,-19.942033767700195,26.66057586669922,1.7194056986536879,6.589213226790788,0.08239746234865193,30.271308187789295,8.722767724368799,4.5024313727118335
1330,2818,20070428100000,spring_4,39.499794,-75.006409,720,1220,2102,2602,-3.8482038974761963,25.48940658569336,6.119212686867709,3.2094920050289373,-18.870744705200195,26.598617553710938,1.25376177937618,6.3597739903427195,0.04882812468599354,29.715874643942527,8.401745374807678,4.378917823164698
1331,2819,20070428110000,spring_4,39.499794,-75.006409,720,1220,2102,2602,-4.281367301940918,23.53009605407715,5.839996742689507,3.111151131852096,-17.014957427978516,25.89735221862793,0.9207654725861292,6.128146557557729,0.018310546458349695,29.355750902359333,8.014232257691209,4.237793520930875
1332,2820,20070428120000,spring_4,39.499794,-75.006409,720,1220,2102,2602,-4.399881839752197,27.24851417541504,5.19797056973483,2.902572487005739,-16.20263671875,22.46735382080078,0.8072202035954115,5.665569548443659,0.051879883004134014,28.68129811489656,7.167877302793963,4.100688091477814
1333,2821,20070428130000,spring_4,39.499794,-75.006409,720,1220,2102,2602,-2.3899998664855957,23.782011032104492,4.983366548381223,2.772222689326782,-14.036831855773926,21.42751121520996,0.5912966060848032,5.3213038552417435,0.03662109227729614,25.23575703268759,6.761593332459419,3.9326737466209405
1334,2822,20070428140000,spring_4,39.499794,-75.006409,720,1220,2102,2602,-2.2715835571289062,22.79612159729004,4.941011707486641,2.7400240451471234,-12.196571350097656,21.578393936157227,0.4585601054492754,5.027923319187258,0.07629394690055197,24.918366156573793,6.557137578568968,3.7967835744429554
1335,2823,20070428150000,spring_4,39.499794,-75.006409,720,1220,2102,2602,-3.4726526737213135,19.38675880432129,4.947317596607109,2.704977981952108,-12.002684593200684,22.18062973022461,0.48538734868310623,4.684920589605773,0.015258788594389948,24.875640576843686,6.3782337940432585,3.6462409084209297
1336,2824,20070428160000,spring_4,39.499794,-75.006409,720,1220,2102,2602,-3.0416104793548584,18.217041015625,5.0246014980865175,2.6965641344306084,-10.792333602905273,20.06983757019043,0.6003994254959961,4.405935530707313,0.0427246078174229,25.238808005293212,6.302053819076693,3.546116661647881
1337,2825,20070428170000,spring_4,39.499794,-75.006409,720,1220,2102,2602,-4.094462871551514,19.2066650390625,5.150638726022031,2.78574622486241,-9.860721588134766,18.922409057617188,0.7247081866392356,4.162204212057936,0.06713867205113203,23.871574257543532,6.350344718240609,3.436819624813232
1338,2826,20070428180000,spring_4,39.499794,-75.006409,720,1220,2102,2602,-6.456431865692139,19.05249786376953,5.309779273075474,2.9362212445014655,-8.878706932067871,18.0673885345459,0.8142674953250258,3.9897730553677078,0.061035156456644195,20.36499781562517,6.487881276461236,3.362122581832558
1339,2827,20070428190000,spring_4,39.499794,-75.006409,720,1220,2102,2602,-7.5091681480407715,18.96391487121582,5.477789250084363,3.1171850055822805,-9.719137191772461,18.047014236450195,0.8225426520171926,3.8638193803081635,0.03051757785084801,20.920441386501345,6.661660977739061,3.30922454104703
1340,2828,20070428200000,spring_4,39.499794,-75.006409,720,1220,2102,2602,-8.959341049194336,18.3004207611084,5.608567581807184,3.32680373526087,-8.52038860321045,16.158838272094727,0.7249456034991697,3.8062969094042653,0.05187987991565925,18.93673744323401,6.847062328058374,3.2641741955510346
1341,2829,20070428210000,spring_4,39.499794,-75.006409,720,1220,2102,2602,-9.88355827331543,18.456506729125977,5.666379686807437,3.500091555528059,-9.260344505310059,16.37922477722168,0.5196463455610285,3.74329580454694,0.07019043191144436,18.94284100173947,6.9469154483196975,3.2219809451381867
1342,2830,20070428220000,spring_4,39.499794,-75.006409,720,1220,2102,2602,-7.685490131378174,17.926807403564453,5.624939558022622,3.555722434785297,-10.015336036682129,16.011798858642578,0.2826070877578183,3.666545004156906,0.0518798828589185,18.735314086172796,6.923739403563604,3.141394398948153
1343,2831,20070428230000,spring_4,39.499794,-75.006409,720,1220,2102,2602,-7.683938503265381,19.306060791015625,5.39000884472637,3.3922085283772874,-10.183283805847168,16.300838470458984,0.1596250006424953,3.5625229964537093,0.0579833969243229,20.25208318888254,6.695494258571392,2.906317415691764
1344,4344,20070701000000,summer_1,39.499794,-75.006409,720,1220,2102,2602,-9.035687446594238,19.92103385925293,1.9989409715998638,3.742316003588933,-15.182116508483887,16.543397903442383,-0.8138738745501363,4.723962365617906,0.02746582020888107,21.65593703193056,5.737244481927555,2.8395300577207925
1345,4345,20070701010000,summer_1,39.499794,-75.006409,720,1220,2102,2602,-9.415386199951172,24.727001190185547,1.9918718191588385,3.7020961324062838,-13.67070484161377,11.17060661315918,-1.0960653399333302,5.152886619404917,0.02136230540608412,25.022124717078956,6.040960054352115,2.988891179200776
1346,4346,20070701020000,summer_1,39.499794,-75.006409,720,1220,2102,2602,-9.967788696289062,17.829750061035156,1.9316433835843991,3.600198032434661,-13.114978790283203,12.204180717468262,-1.2448671998455643,5.2804568228944095,0.01831054759811445,18.57661433239423,6.064801100297896,3.0567594363346107
1347,4347,20070701030000,summer_1,39.499794,-75.006409,720,1220,2102,2602,-8.710558891296387,18.709070205688477,1.943193426874747,3.5040188521170843,-13.559087753295898,13.144585609436035,-1.4314793934715582,5.19087387880901,0.018310547118360318,19.296852055718034,5.948871215376145,3.107955107903859
1348,4348,20070701040000,summer_1,39.499794,-75.006409,720,1220,2102,2602,-8.85969352722168,26.573591232299805,1.9521676801706016,3.4514803532595546,-13.053962707519531,13.143621444702148,-1.807628433637114,4.927915341998185,0.024414061995845053,26.575515031491914,5.808227709641452,3.0886949226796476
1349,4349,20070701050000,summer_1,39.499794,-75.006409,720,1220,2102,2602,-9.638635635375977,23.481101989746094,1.9139370230417643,3.394141604881379,-13.544384002685547,12.000650405883789,-2.297215216716065,4.590724677038503,0.012207031361231913,24.573501758597605,5.718147017013105,2.972893820213389
1350,4350,20070701060000,summer_1,39.499794,-75.006409,720,1220,2102,2602,-10.449591636657715,20.50045394897461,1.8405612426697027,3.341207003576108,-13.486465454101562,14.46827507019043,-2.828530839899892,4.256839758880401,0.024414062401759366,23.413802218158416,5.708806740304344,2.8429081898065762
1351,4351,20070701070000,summer_1,39.499794,-75.006409,720,1220,2102,2602,-9.886935234069824,20.9411563873291,1.7558524331748198,3.2526928994446833,-13.080900192260742,12.808690071105957,-3.316678179408199,3.981541931588661,0.04882812262760195,21.497237496987147,5.764589053832082,2.6991799133041114
1352,4352,20070701080000,summer_1,39.499794,-75.006409,720,1220,2102,2602,-8.770678520202637,17.892457962036133,1.6626634915831928,3.117221956822274,-13.249558448791504,11.48239803314209,-3.7965007142745293,3.7331885315930564,0.039672853882570414,17.950989384111793,5.856903783079291,2.5550567461398823
1353,4353,20070701090000,summer_1,39.499794,-75.006409,720,1220,2102,2602,-8.20396900177002,20.142894744873047,1.466334603197823,2.9580682032968895,-14.302739143371582,10.647087097167969,-4.264886438296634,3.5179014393365953,0.06713866982228366,20.432145175600358,5.95806633572272,2.442670070122464
1354,4354,20070701100000,summer_1,39.499794,-75.006409,720,1220,2102,2602,-8.02198314666748,20.908836364746094,1.21634184423446,2.7895449062975644,-14.613733291625977,10.484942436218262,-4.663142972656685,3.357811027726059,0.0854492194796724,21.366004696656898,6.0663314843022045,2.3410399121344208
1355,4355,20070701110000,summer_1,39.499794,-75.006409,720,1220,2102,2602,-7.409824371337891,20.341064453125,0.9238823443156742,2.5154215633108743,-14.2369384765625,12.470460891723633,-4.518162839449847,2.927798118316503,0.07019043051149217,21.95501752433763,5.6675295862010495,2.011419867219787
1356,4356,20070701120000,summer_1,39.499794,-75.006409,720,1220,2102,2602,-6.823252201080322,23.52765655517578,0.7859505647064137,2.2961470423982995,-13.243314743041992,14.920592308044434,-4.300692333114888,2.655852670286588,0.045776369755024124,27.787102608706792,5.267565525784854,1.9215282752073424
1357,4357,20070701130000,summer_1,39.499794,-75.006409,720,1220,2102,2602,-5.744730472564697,23.743715286254883,0.6795071812848813,2.2949097845413995,-13.063225746154785,18.81126594543457,-4.7016433938345665,2.5600965097593225,0.045776365599255145,24.912262171760062,5.560227165660056,1.863265825621137
1358,4358,20070701140000,summer_1,39.499794,-75.006409,720,1220,2102,2602,-7.33313512802124,13.303942680358887,0.6846249857239397,2.424749657268633,-12.457173347473145,13.781683921813965,-4.9782216257530925,2.436280768281487,0.07629394780683511,16.473892486700436,5.829409406899464,1.7562069283737283
1359,4359,20070701150000,summer_1,39.499794,-75.006409,720,1220,2102,2602,-7.129270553588867,9.953690528869629,0.8016182935033072,2.6296100447785835,-11.914463996887207,10.768428802490234,-5.115718520956987,2.3560025578335035,0.07019043476586516,13.25418902838449,6.025467024638418,1.7240974593261793
1360,4360,20070701160000,summer_1,39.499794,-75.006409,720,1220,2102,2602,-9.415802001953125,12.941131591796875,0.9733798141404595,2.789467437457528,-12.146513938903809,13.163105010986328,-5.19131692401951,2.2809683278604287,0.09155273660776067,16.135140207449375,6.152607171051062,1.7397154262283303
1361,4361,20070701170000,summer_1,39.499794,-75.006409,720,1220,2102,2602,-9.685759544372559,10.159628868103027,1.0851190011414504,2.942782666513411,-12.770332336425781,9.245004653930664,-5.186479285500917,2.27238417858891,0.03967285206859357,14.975433168243613,6.225201280099545,1.7741531290303802
1362,4362,20070701180000,summer_1,39.499794,-75.006409,720,1220,2102,2602,-9.492264747619629,11.55003833770752,1.1690485701154552,3.1171696858976126,-12.90302562713623,7.020339488983154,-5.124199937346611,2.345743514236726,0.04577636657972546,15.22568540844278,6.276731136167135,1.8563419099736764
1363,4363,20070701190000,summer_1,39.499794,-75.006409,720,1220,2102,2602,-10.208377838134766,12.156606674194336,1.2139213717572195,3.270031646872904,-14.254583358764648,7.459020614624023,-5.025566207990648,2.427969343530667,0.06103516017217841,14.896087370870795,6.302204534603156,1.897440622630625
1364,4364,20070701200000,summer_1,39.499794,-75.006409,720,1220,2102,2602,-10.372928619384766,12.623283386230469,1.1873832934423774,3.381279618664915,-12.204354286193848,8.009234428405762,-4.949866501070509,2.474135488773615,0.024414061569482857,13.895081671722487,6.3052936517465525,1.9258057289400974
1365,4365,20070701210000,summer_1,39.499794,-75.006409,720,1220,2102,2602,-10.977258682250977,12.503012657165527,1.104880704289485,3.4561045003479114,-12.282841682434082,6.936755180358887,-4.944826755195089,2.527410670286098,0.0823974611277566,13.544113068385961,6.338451908976919,1.9566715158125985
1366,4366,20070701220000,summer_1,39.499794,-75.006409,720,1220,2102,2602,-10.465882301330566,12.805583953857422,0.9280370721612791,3.4956512468834675,-14.014856338500977,6.496850490570068,-4.946246114800118,2.6530267120829354,0.06408691318764459,15.262306811602615,6.364381669814801,2.019746957237425
1367,4367,20070701230000,summer_1,39.499794,-75.006409,720,1220,2102,2602,-10.178519248962402,12.813241004943848,0.6809638592622163,3.507972764145596,-11.624678611755371,6.261927604675293,-4.856633983193783,2.748148406473466,0.051879884593772393,14.57258630217226,6.319804905565657,1.992200782529764
1368,4368,20070702000000,summer_1,39.499794,-75.006409,720,1220,2102,2602,-9.845287322998047,12.204967498779297,0.5277801146391251,3.7533746187684036,-11.608439445495605,7.272821426391602,-5.12648108980988,2.928764351391288,0.09155273424666925,15.778069120899197,6.707301996011146,2.0583832982918873
1369,4369,20070702010000,summer_1,39.499794,-75.006409,720,1220,2102,2602,-9.884526252746582,12.181123733520508,0.2368017346882145,4.074942341248862,-12.818978309631348,4.695525646209717,-5.560104295882358,3.2854351701000835,0.024414062833060534,17.365029248833313,7.27825960637627,2.323146849914063
1370,4370,20070702020000,summer_1,39.499794,-75.006409,720,1220,2102,2602,-10.312707901000977,11.397995948791504,-0.09342216025987757,4.206330394851094,-14.37260627746582,5.942831993103027,-5.6717105178290925,3.4252582052813407,0.03356933622296248,17.288734155813685,7.457833053313783,2.446091414987698
1371,4371,20070702030000,summer_1,39.499794,-75.006409,720,1220,2102,2602,-10.948504447937012,10.928942680358887,-0.3134729818999635,4.242274303730215,-14.684330940246582,6.775850772857666,-5.612307292280556,3.4687210874370606,0.030517577980386436,16.51051409994908,7.451876293635911,2.4687477409071414
1372,4372,20070702040000,summer_1,39.499794,-75.006409,720,1220,2102,2602,-11.294037818908691,10.586536407470703,-0.41604210603383046,4.165111032552857,-15.688468933105469,7.118008613586426,-5.52154356616257,3.55510560611413,0.024414062434828448,17.285683086857773,7.374525265550417,2.5027659257110955
1373,4373,20070702050000,summer_1,39.499794,-75.006409,720,1220,2102,2602,-11.151442527770996,11.135049819946289,-0.4221530453556406,4.034688433483404,-16.272422790527344,7.760482311248779,-5.434241872698029,3.640791510779327,0.042724607697641304,18.00897202058175,7.272057543397285,2.521993376369939
1374,4374,20070702060000,summer_1,39.499794,-75.006409,720,1220,2102,2602,-11.33970832824707,10.013643264770508,-0.37366435452571206,3.9111180998057056,-16.164630889892578,8.472368240356445,-5.391487320494522,3.646962188558959,0.03356933667830575,17.642753833798928,7.169789110040257,2.5296368691673923
1375,4375,20070702070000,summer_1,39.499794,-75.006409,720,1220,2102,2602,-10.69691276550293,10.718185424804688,-0.2662353580016007,3.8175912352510792,-16.22577667236328,9.41722297668457,-5.402630723273011,3.5566141191515266,0.021362304568429462,17.441329637823628,7.0831296124904375,2.5123856635832422
1376,4376,20070702080000,summer_1,39.499794,-75.006409,720,1220,2102,2602,-10.971080780029297,10.717488288879395,-0.16121410851548496,3.7694150101027573,-16.448406219482422,9.31437873840332,-5.461653369168864,3.376256197985705,0.027465821197552524,17.316200281378983,7.006534636868775,2.5242256889828694
1377,4377,20070702090000,summer_1,39.499794,-75.006409,720,1220,2102,2602,-11.074311256408691,10.224571228027344,-0.09950709409301192,3.7640199552602884,-15.43092155456543,8.215033531188965,-5.607744344115046,3.1604927615570793,0.07629394166587111,16.312141599571202,7.0269190774129475,2.4971318126345396
1378,4378,20070702100000,summer_1,39.499794,-75.006409,720,1220,2102,2602,-11.360703468322754,10.792906761169434,-0.06542708710801579,3.7433244832861337,-14.467262268066406,9.819149017333984,-5.738121387045131,2.994004047892174,0.0732421889824195,15.674308497972104,7.068252111000001,2.4385791513707984
1379,4379,20070702110000,summer_1,39.499794,-75.006409,720,1220,2102,2602,-11.876715660095215,11.21058177947998,-0.09972567960669869,3.447873278261557,-14.028396606445312,9.870577812194824,-5.457550179027249,2.73642888878969,0.08850097790354992,15.19821985776286,6.644532986721078,2.2407261685671718
1380,4380,20070702120000,summer_1,39.499794,-75.006409,720,1220,2102,2602,-11.318821907043457,10.450919151306152,0.15140529835834424,3.0313903859081353,-13.755508422851562,8.464115142822266,-5.123311801734747,2.7031912939737825,0.05187988104427816,15.158546233066893,6.061127461454881,2.4557182496685046
1381,4381,20070702130000,summer_1,39.499794,-75.006409,720,1220,2102,2602,-9.923388481140137,10.159377098083496,0.09890651648108172,3.0408986020423354,-13.86220932006836,7.921893119812012,-5.356328530274354,2.520788065857413,0.07324218858540935,15.27756512081422,6.286098912768865,2.1877922805860055
1382,4382,20070702140000,summer_1,39.499794,-75.006409,720,1220,2102,2602,-9.243598937988281,9.625783920288086,0.16829881249824166,3.054729074612619,-13.923806190490723,5.828680515289307,-5.381743652966466,2.430184068685055,0.06408691390468892,14.685508000384093,6.333928095972877,2.02731557448585
1383,4383,20070702150000,summer_1,39.499794,-75.006409,720,1220,2102,2602,-8.420723915100098,9.390375137329102,0.32792635618783766,3.0520667051310064,-12.8002290725708,6.212446212768555,-5.2342300515559295,2.4613769835904997,0.02746582089881289,13.727226492163878,6.234238622481051,2.003111717697665
1384,4384,20070702160000,summer_1,39.499794,-75.006409,720,1220,2102,2602,-8.846416473388672,9.419346809387207,0.5082757006433472,3.038649033948568,-11.989107131958008,6.827050685882568,-4.989638031466836,2.5588092754967002,0.0793457042336814,13.068023304852048,6.067169516555893,2.0310536157827466
1385,4385,20070702170000,summer_1,39.499794,-75.006409,720,1220,2102,2602,-9.443497657775879,9.651017189025879,0.6617851797519017,3.0665255634098907,-11.846917152404785,7.650913715362549,-4.713703274041396,2.7098450097517417,0.03967285004900044,13.156532296218842,5.926402009077423,2.0691922130565112
1386,4386,20070702180000,summer_1,39.499794,-75.006409,720,1220,2102,2602,-9.941275596618652,11.68996524810791,0.7920768451186014,3.1208397026553034,-11.39269733428955,8.428719520568848,-4.407347403260496,2.876913672149476,0.0427246091601415,13.034454285435467,5.799021188662204,2.1070649827940997
1387,4387,20070702190000,summer_1,39.499794,-75.006409,720,1220,2102,2602,-9.965843200683594,11.529086112976074,0.9027798638323884,3.2117008709406187,-10.942875862121582,9.432767868041992,-4.090411784635505,3.030206674388472,0.05798339949210756,12.747581626119954,5.694112193383794,2.1495909735327343
1388,4388,20070702200000,summer_1,39.499794,-75.006409,720,1220,2102,2602,-10.236067771911621,11.851205825805664,0.9921610115146956,3.300709915445834,-14.599980354309082,9.52813720703125,-3.7546107257107013,3.1835579445125135,0.012207031291594178,15.030365665934196,5.590615642967131,2.203685331210901
1389,4389,20070702210000,summer_1,39.499794,-75.006409,720,1220,2102,2602,-10.00542163848877,11.669999122619629,1.1021258396092606,3.408431418853082,-11.57809066772461,9.420750617980957,-3.432144641081253,3.3343802821961894,0.027465819962519306,13.013092128478617,5.534557856182774,2.2579778881836505
1390,4390,20070702220000,summer_1,39.499794,-75.006409,720,1220,2102,2602,-8.422076225280762,13.82132625579834,1.1558538017459137,3.5497797057667997,-11.655363082885742,9.979706764221191,-3.1443525982120466,3.4640831957474494,0.0213623037233483,15.350806671186358,5.5361223577098535,2.274886559785368
1391,4391,20070702230000,summer_1,39.499794,-75.006409,720,1220,2102,2602,-7.791418552398682,12.20388126373291,1.112873674331029,3.7464996723559123,-12.034238815307617,9.97307300567627,-2.827809298629962,3.559551635123873,0.02441406143061989,14.108703832944498,5.566420849899818,2.226346739462141
1392,4392,20070703000000,summer_1,39.499794,-75.006409,720,1220,2102,2602,-8.66096305847168,11.697831153869629,1.0158149260358906,4.22961789024103,-11.103293418884277,11.649252891540527,-2.729643990035414,3.719078307213684,0.036621091298709656,12.894073571687603,5.9379971871007475,2.223563948914391
1393,4393,20070703010000,summer_1,39.499794,-75.006409,720,1220,2102,2602,-9.889822959899902,12.561554908752441,0.871095248153016,4.662980775114253,-13.409299850463867,12.36249828338623,-2.607174400861508,3.8973280791684517,0.048828126587075193,13.528854323983348,6.242086244418016,2.350548972233867
1394,4394,20070703020000,summer_1,39.499794,-75.006409,720,1220,2102,2602,-10.481529235839844,13.830233573913574,0.7358103752534089,4.836960267157375,-16.229732513427734,12.973404884338379,-2.366970433181026,3.930919482681172,0.021362305090365404,16.342658753323768,6.230923542115432,2.4835197517992422
1395,4395,20070703030000,summer_1,39.499794,-75.006409,720,1220,2102,2602,-10.966169357299805,12.529483795166016,0.6891437165093413,4.821508955977878,-12.47540283203125,12.5253324508667,-2.099081272339953,3.9113556938232814,0.00915527390098654,14.499344404733204,6.083474578009328,2.5333871170402573
1396,4396,20070703040000,summer_1,39.499794,-75.006409,720,1220,2102,2602,-11.289172172546387,12.074190139770508,0.7223140459847196,4.691965747455106,-11.456814765930176,12.741067886352539,-1.8580664348027671,3.9193830547002046,0.021362304926080083,13.693656528826272,5.908052141842045,2.538734813092175
1397,4397,20070703050000,summer_1,39.499794,-75.006409,720,1220,2102,2602,-9.821891784667969,11.41680908203125,0.7939369828636443,4.537316951454794,-11.978289604187012,13.038400650024414,-1.6847916023314777,3.9259684751108725,0.05493163926858893,14.00799547295183,5.749716753200278,2.5318154592182958
1398,4398,20070703060000,summer_1,39.499794,-75.006409,720,1220,2102,2602,-9.36546802520752,11.048384666442871,0.8294912430374307,4.364500577452726,-11.353708267211914,13.245556831359863,-1.5551707277808413,3.902407668354837,0.03662109502533021,13.278603271738527,5.591167358852273,2.4744919035525035
1399,4399,20070703070000,summer_1,39.499794,-75.006409,720,1220,2102,2602,-9.403964042663574,11.200216293334961,0.8797214097538623,4.2233564799470775,-11.25244426727295,12.923741340637207,-1.4481061867079843,3.867154229447457,0.015258789429167446,13.565474624386681,5.444910634466505,2.4526498446535636
1400,4400,20070703080000,summer_1,39.499794,-75.006409,720,1220,2102,2602,-9.485132217407227,11.651873588562012,0.9205711530203421,4.083592433144957,-11.244181632995605,12.635122299194336,-1.365025489007053,3.80020473449673,0.042724608239755706,13.623466710420596,5.284832942643007,2.428697137540519
1401,4401,20070703090000,summer_1,39.499794,-75.006409,720,1220,2102,2602,-9.53136157989502,11.409175872802734,0.9133329068576596,3.930887184355135,-10.370253562927246,12.60883903503418,-1.2968697482599236,3.713349047530413,0.033569335772139185,13.24808483599454,5.105208362072101,2.386154003297434
1402,4402,20070703100000,summer_1,39.499794,-75.006409,720,1220,2102,2602,-8.84677791595459,10.941203117370605,0.8306558384061637,3.749019012169233,-9.808773040771484,12.088212013244629,-1.2335630258332468,3.638616305885513,0.01831054622035868,12.753684387436516,4.916186285581741,2.3102925012001037
1403,4403,20070703110000,summer_1,39.499794,-75.006409,720,1220,2102,2602,-8.740948677062988,9.379681587219238,0.6605727980619871,3.4079210558176123,-9.205475807189941,10.890157699584961,-1.0947357953598262,3.41160521158821,0.027465820597660756,11.963256773560488,4.5271260744894635,2.0959266283150355
1404,4404,20070703120000,summer_1,39.499794,-75.006409,720,1220,2102,2602,-7.945506572723389,8.487846374511719,0.5629697975296597,2.9123947657804226,-8.688901901245117,10.466593742370605,-1.1389964768331702,2.9011947621738132,0.015258788655049132,11.899169936265137,3.773203022429026,2.067888110733122
1405,4405,20070703130000,summer_1,39.499794,-75.006409,720,1220,2102,2602,-7.12116813659668,8.284293174743652,0.5091912773064157,2.7173448101970594,-8.334207534790039,9.765810012817383,-1.0329766796777131,2.8281813909601494,0.01220703098564379,11.053802439829992,3.6226632898475897,1.893462453737003
1406,4406,20070703140000,summer_1,39.499794,-75.006409,720,1220,2102,2602,-7.326517105102539,7.399552822113037,0.49472725193077094,2.5934900093001123,-8.735353469848633,9.832819938659668,-0.8194314680968495,2.8514733136963093,0.003051757766721246,10.754723275461478,3.5913041640765435,1.6958325014159035
1407,4407,20070703150000,summer_1,39.499794,-75.006409,720,1220,2102,2602,-7.438779830932617,8.246021270751953,0.4997620398235637,2.5213047824326438,-8.834699630737305,9.495573043823242,-0.5842654899108956,2.8731973769279673,0.01220703173291974,10.098571565448006,3.579122890793803,1.547012787422492
1408,4408,20070703160000,summer_1,39.499794,-75.006409,720,1220,2102,2602,-7.766232490539551,10.164207458496094,0.5020938190837424,2.5045580100691045,-10.544175148010254,9.792181968688965,-0.2703563059801443,2.903059905021228,0.00915527338420309,10.950042422725678,3.5890099897782872,1.4645018492853332
1409,4409,20070703170000,summer_1,39.499794,-75.006409,720,1220,2102,2602,-8.051986694335938,11.130083084106445,0.5055790326383792,2.5478079971003513,-11.367713928222656,9.806354522705078,0.07262983092155881,2.9416353206266903,0.02136230454070536,12.30506153200434,3.6423077587514636,1.4625400475778914
1410,4410,20070703180000,summer_1,39.499794,-75.006409,720,1220,2102,2602,-7.846013069152832,12.062361717224121,0.506976007648514,2.6320246291574105,-13.549290657043457,10.484195709228516,0.4283419077887229,2.988424948169803,0.02441406179877794,13.950012418126889,3.7450278304154434,1.507814753558275
1411,4411,20070703190000,summer_1,39.499794,-75.006409,720,1220,2102,2602,-10.481761932373047,11.40158462524414,0.48237643719561313,2.7500852375332894,-13.102778434753418,10.93724536895752,0.8023056490881164,3.0357501129967597,0.02136230430401734,14.926605268650118,3.8906383641935243,1.5868402764752791
1412,4412,20070703200000,summer_1,39.499794,-75.006409,720,1220,2102,2602,-10.122198104858398,13.120712280273438,0.4430454873472511,2.855701202434824,-13.465507507324219,12.49988842010498,1.2054870532776885,3.095542198644251,0.018310547839780016,14.014099502160503,4.069297221270775,1.681582387399387
1413,4413,20070703210000,summer_1,39.499794,-75.006409,720,1220,2102,2602,-12.094847679138184,14.780645370483398,0.4128787038069051,2.974914228279685,-13.736546516418457,12.316873550415039,1.6007152530272697,3.161436763331079,0.018310547320028635,17.081207159876563,4.278534909578382,1.8087825317082002
1414,4414,20070703220000,summer_1,39.499794,-75.006409,720,1220,2102,2602,-11.782954216003418,12.518280982971191,0.325814629762304,3.0590740840683575,-16.75058364868164,13.000250816345215,2.0147715755004514,3.2125907280749075,0.039672850802201995,16.88894620821313,4.486660740183858,1.9271763061111156
1415,4415,20070703230000,summer_1,39.499794,-75.006409,720,1220,2102,2602,-13.57241439819336,12.07289981842041,0.13368804202704992,3.098281086413757,-14.074384689331055,12.771951675415039,2.3981785375909896,3.2262372733432625,0.021362303890120806,14.752647926084759,4.647454559859471,2.0440771852166146
1416,4416,20070704000000,summer_1,39.499794,-75.006409,720,1220,2102,2602,-9.525749206542969,10.705770492553711,-0.10291456910425192,3.258546283717586,-10.698579788208008,13.455309867858887,3.0333231447868716,3.541728261536394,0.015258788811909795,13.81877892893775,5.136143514180224,2.448189835914147
1417,4417,20070704010000,summer_1,39.499794,-75.006409,720,1220,2102,2602,-9.85573959350586,10.004284858703613,-0.21990067960087245,3.2944496248258592,-10.324498176574707,14.327445983886719,3.719368803912438,3.7879439478138885,0.03051757716601905,14.569534429306543,5.55244322228718,2.8730389057543655
1418,4418,20070704020000,summer_1,39.499794,-75.006409,720,1220,2102,2602,-9.1932954788208,10.187273025512695,-0.14540257611162122,3.2114329310161898,-12.28549575805664,14.610295295715332,4.195297180153439,3.737280411330534,0.03051757703116925,16.08325252552373,5.71813544646891,3.0339996206508104
1419,4419,20070704030000,summer_1,39.499794,-75.006409,720,1220,2102,2602,-8.777569770812988,10.126692771911621,0.06516161283691542,3.1243691190313223,-10.73870849609375,15.663453102111816,4.5492110445011225,3.5621835430697737,0.030517576543487312,16.623436296293,5.841109616879943,3.0053019138290953
1420,4420,20070704040000,summer_1,39.499794,-75.006409,720,1220,2102,2602,-8.320918083190918,10.555827140808105,0.282783656252919,3.0573860958592625,-8.742897987365723,16.10444450378418,4.8397874216306835,3.337837731489961,0.027465818990127327,16.45252981966118,5.9697428985189145,2.8904063848035153
1421,4421,20070704050000,summer_1,39.499794,-75.006409,720,1220,2102,2602,-7.953106880187988,11.454927444458008,0.5293281333486543,3.02345395671179,-3.93882417678833,16.410337448120117,5.07079015062795,3.1382059542810463,0.024414062490357383,16.541030915953815,6.105033270373376,2.776919197948536
1422,4422,20070704060000,summer_1,39.499794,-75.006409,720,1220,2102,2602,-7.6922101974487305,12.598575592041016,0.7846887468998753,2.996349169827047,-2.282703399658203,16.082307815551758,5.248165274820265,2.992176901621788,0.0457763674648365,16.226691961691024,6.229105299511052,2.6997135601885804
1423,4423,20070704070000,summer_1,39.499794,-75.006409,720,1220,2102,2602,-7.13308048248291,13.7219820022583,1.0639760267946865,2.9929447953922863,-3.2591304779052734,16.84294891357422,5.389730315611926,2.9040360727768486,0.024414062906008095,17.441329678291474,6.376569276192833,2.6290200050187145
1424,4424,20070704080000,summer_1,39.499794,-75.006409,720,1220,2102,2602,-7.3456130027771,14.01912784576416,1.336689969047139,2.9706556796355637,-3.8311548233032227,17.934322357177734,5.494139841991138,2.843683780030807,0.045776367662050836,18.008972403473102,6.485252151490134,2.612498768623547
1425,4425,20070704090000,summer_1,39.499794,-75.006409,720,1220,2102,2602,-7.0389838218688965,14.789278030395508,1.5055803272820856,2.9716400508608856,-3.348597288131714,17.913846969604492,5.549776722445318,2.7810627280773033,0.024414061794210073,17.93878212267593,6.56042391035822,2.5676032397308104
1426,4426,20070704100000,summer_1,39.499794,-75.006409,720,1220,2102,2602,-7.369236946105957,15.922101020812988,1.5789748362483955,2.9942702466449833,-2.9299533367156982,17.652206420898438,5.599621501960903,2.714381138582374,0.03967285083346899,18.176826445142066,6.616943965291527,2.5295245273283515
1427,4427,20070704110000,summer_1,39.499794,-75.006409,720,1220,2102,2602,-7.307140350341797,15.467790603637695,1.5629632050036117,2.856227655224325,-2.595486640930176,16.901660919189453,5.384335266989363,2.5051590370498658,0.06103515723659676,17.462692540541525,6.360503852732566,2.3263209594326435
1428,4428,20070704120000,summer_1,39.499794,-75.006409,720,1220,2102,2602,-7.561354160308838,14.9256591796875,1.4262384931446588,2.648732345323938,-2.9201765060424805,16.773683547973633,4.964410151221501,2.2737866306495316,0.061035155479791,17.151405833050756,5.849665055043727,2.1556511340114173
1429,4429,20070704130000,summer_1,39.499794,-75.006409,720,1220,2102,2602,-7.66969108581543,13.340743064880371,1.4980596536340172,2.647031777805825,-2.6612112522125244,15.334129333496094,5.086530015132709,2.177160823675418,0.09155273497754668,15.509506480350037,5.972483329436551,2.0477352575846828
1430,4430,20070704140000,summer_1,39.499794,-75.006409,720,1220,2102,2602,-7.508076190948486,12.32732105255127,1.5796448985411078,2.6866003924876467,-3.0977940559387207,13.712437629699707,5.371849567094447,2.17555839913975,0.03662109358717856,14.145332274593297,6.264918798152383,2.0133837802363774
1431,4431,20070704150000,summer_1,39.499794,-75.006409,720,1220,2102,2602,-7.730237007141113,14.16137981414795,1.6074050978482473,2.72274344138509,-3.232612133026123,13.985816955566406,5.731894248377757,2.263518399006127,0.13123321211864436,14.230781365030108,6.61416472932645,2.0562186524670247
1432,4432,20070704160000,summer_1,39.499794,-75.006409,720,1220,2102,2602,-7.891003608703613,16.79524040222168,1.6439914588721483,2.8339803039196534,-8.272775650024414,17.310924530029297,6.139090493619435,2.387896820576899,0.08544921886607953,19.85228740619388,7.042285378546844,2.1285798649626013
1433,4433,20070704170000,summer_1,39.499794,-75.006409,720,1220,2102,2602,-9.901351928710938,14.851292610168457,1.6308928133997884,2.9764554195911987,-7.266059875488281,18.492477416992188,6.560768159139572,2.596270562143061,0.027465820437245853,21.097442821996047,7.492208393103659,2.2738098640278315
1434,4434,20070704180000,summer_1,39.499794,-75.006409,720,1220,2102,2602,-8.735652923583984,18.8678035736084,1.6565484906555568,3.167624400828307,-11.818979263305664,20.908283233642578,6.995363849264325,2.874030893083308,0.05798339726525927,23.862419403577114,7.990608404235362,2.4745390550101924
1435,4435,20070704190000,summer_1,39.499794,-75.006409,720,1220,2102,2602,-11.61545467376709,16.10736656188965,1.686055476572114,3.3124297947046117,-12.392461776733398,17.710739135742188,7.361447305850289,3.1763712256807315,0.07934570564034407,21.106597636179597,8.429429188347688,2.653288219116173
1436,4436,20070704200000,summer_1,39.499794,-75.006409,720,1220,2102,2602,-8.647262573242188,19.43688201904297,1.6591541066112552,3.308207099939723,-11.566210746765137,18.520740509033203,7.644349856932584,3.4497867934333364,0.10681151947684528,19.60813767967892,8.718060178999357,2.8336490495921645
1437,4437,20070704210000,summer_1,39.499794,-75.006409,720,1220,2102,2602,-10.457202911376953,22.01520538330078,1.6081281084360435,3.2736421518471586,-11.674543380737305,18.769418716430664,7.791729070464049,3.702461247888514,0.03967285009317862,22.925506475038866,8.866130405155445,3.0189073834587017
1438,4438,20070704220000,summer_1,39.499794,-75.006409,720,1220,2102,2602,-8.12743854522705,19.95528793334961,1.5128678581032897,3.2073401591460025,-11.14083194732666,19.280458450317383,7.845373056614306,3.858192017664641,0.07019042763241704,20.288704534444754,8.902711311701125,3.1229882157450466
1439,4439,20070704230000,summer_1,39.499794,-75.006409,720,1220,2102,2602,-9.748929023742676,19.91880989074707,1.3271976131765177,3.115300386574602,-12.373286247253418,19.541034698486328,7.883415955676374,4.041452385890865,0.07934570533894975,21.13407078898736,8.90183634037308,3.2719175249175105
1440,4440,20070705000000,summer_1,39.499794,-75.006409,720,1220,2102,2602,-10.06934928894043,20.197330474853516,1.187826075369773,3.0742699292963445,-11.02189826965332,19.792415618896484,7.678714569253327,4.615009218337103,0.0,21.576583638237683,8.638983494394637,4.060910992435178
1441,4441,20070705010000,summer_1,39.499794,-75.006409,720,1220,2102,2602,-7.852160930633545,22.68516731262207,1.3934536548512477,3.1441758459760765,-12.393646240234375,19.444778442382812,8.082535411160272,4.752700034456417,0.0,22.745444526268965,9.056690911686264,4.209446621469246
1442,4442,20070705020000,summer_1,39.499794,-75.006409,720,1220,2102,2602,-8.762868881225586,19.878259658813477,1.8020029351823812,3.3117570287126203,-9.471632957458496,18.255512237548828,8.167451262892826,4.870875444727851,0.0,20.853294766447235,9.27115860438355,4.323569712376638
1443,4443,20070705030000,summer_1,39.499794,-75.006409,720,1220,2102,2602,-9.209479331970215,20.45090103149414,2.270717995385361,3.3517773831247113,-8.151015281677246,18.71089744567871,8.125595590911866,4.93025972638762,0.0,21.79631809985549,9.345904749662187,4.401976934006031
1444,4444,20070705040000,summer_1,39.499794,-75.006409,720,1220,2102,2602,-7.296550750732422,20.979204177856445,2.7416454431375605,3.317702803077493,-5.052708625793457,18.834888458251953,8.02818966664525,5.00824365666541,0.0,21.063874280299768,9.388819606875964,4.461857445406074
1445,4445,20070705050000,summer_1,39.499794,-75.006409,720,1220,2102,2602,-7.634156227111816,24.256065368652344,3.175620581134058,3.294757726414012,-4.366717338562012,18.659563064575195,7.8860988805477845,5.123586618514058,0.0,24.25611222214209,9.425137771498305,4.533041796691972
1446,4446,20070705060000,summer_1,39.499794,-75.006409,720,1220,2102,2602,-6.4731831550598145,23.460193634033203,3.595830721786797,3.2324646366614616,-4.876023769378662,20.793291091918945,7.730175100878987,5.260018104313417,0.0,23.496200775254767,9.463330516214043,4.609511828367413
1447,4447,20070705070000,summer_1,39.499794,-75.006409,720,1220,2102,2602,-6.259687900543213,24.792726516723633,3.9763667587836173,3.162719669083089,-5.055304050445557,19.504453659057617,7.5512563291943,5.410207739487591,0.0,25.10757362866055,9.476488564158423,4.722528214055201
1448,4448,20070705080000,summer_1,39.499794,-75.006409,720,1220,2102,2602,-5.984407901763916,22.752901077270508,4.260331961493496,3.058032739525506,-4.346662521362305,20.7211971282959,7.3424062864210855,5.519400019487912,0.0,22.794273067104932,9.401377386608177,4.846731119291057
1449,4449,20070705090000,summer_1,39.499794,-75.006409,720,1220,2102,2602,-5.6192216873168945,21.161500930786133,4.421360838447552,2.9680102438840423,-5.591218948364258,21.897891998291016,7.1488910712976415,5.575063715976238,0.0,22.45857122758318,9.261771598352626,4.976452784663071
1450,4450,20070705100000,summer_1,39.499794,-75.006409,720,1220,2102,2602,-5.538818359375,21.364049911499023,4.488265576273946,2.880963604598695,-5.658576965332031,21.804927825927734,6.969597778471429,5.543126989439463,0.0,23.16355079183782,9.053748330865062,5.0769745272427915
1451,4451,20070705110000,summer_1,39.499794,-75.006409,720,1220,2102,2602,-5.504371166229248,18.196630477905273,4.441496311653315,2.8286438725795944,-6.532595157623291,21.115488052368164,6.639019385927962,5.48092441943911,0.0,22.60810725233872,8.646416129051623,5.204297711115231
1452,4452,20070705120000,summer_1,39.499794,-75.006409,720,1220,2102,2602,-5.153317451477051,18.612422943115234,4.2234332352512745,2.7634440495386827,-6.091548442840576,21.092138290405273,6.2194251671724325,5.462390410272531,0.0,21.628471160287933,8.093235556842359,5.3378373835583925
1453,4453,20070705130000,summer_1,39.499794,-75.006409,720,1220,2102,2602,-3.8941502571105957,18.242849349975586,4.224997492120586,2.6834152463948007,-6.519225120544434,21.42742156982422,6.076042003837792,5.442762148636159,0.0,21.860405317016124,7.972832960028586,5.294072347779048
1454,4454,20070705140000,summer_1,39.499794,-75.006409,720,1220,2102,2602,-4.727658748626709,16.637510299682617,4.266520538328414,2.6090860111812653,-6.181458473205566,21.89763069152832,6.016865183746482,5.40543499772115,0.0,23.07504386417935,7.956301199093071,5.20856916062361
1455,4455,20070705150000,summer_1,39.499794,-75.006409,720,1220,2102,2602,-4.806990623474121,15.607158660888672,4.294152847104348,2.5195631378275314,-5.022096157073975,21.77849769592285,6.019110810224308,5.384953081251288,0.0,22.693565122505536,7.996171100572802,5.106526162000436
1456,4456,20070705160000,summer_1,39.499794,-75.006409,720,1220,2102,2602,-5.086822509765625,19.545774459838867,4.38630985592904,2.5060522872200903,-7.660672187805176,21.081626892089844,6.0335242600875905,5.438209715631341,0.0,21.86955949677382,8.148915722611372,5.009263885296031
1457,4457,20070705170000,summer_1,39.499794,-75.006409,720,1220,2102,2602,-5.479857921600342,19.43363380432129,4.439321926212257,2.51647976970731,-11.444668769836426,20.838701248168945,6.049175688498557,5.610104899560807,0.0,22.0770879963207,8.348722186501416,4.94013066051013
1458,4458,20070705180000,summer_1,39.499794,-75.006409,720,1220,2102,2602,-5.699871063232422,21.774791717529297,4.430089338707631,2.60365914626747,-13.129059791564941,20.955076217651367,6.077474676867942,5.8901013721995605,0.0,22.47383141372956,8.577689496964325,4.945398671017275
1459,4459,20070705190000,summer_1,39.499794,-75.006409,720,1220,2102,2602,-7.635385990142822,22.32274055480957,4.365074203469865,2.666750164366655,-14.595296859741211,21.52483367919922,6.080022478223611,6.127633526023764,0.0,24.41175848544095,8.723802738568656,4.957344146258611
1460,4460,20070705200000,summer_1,39.499794,-75.006409,720,1220,2102,2602,-9.950861930847168,23.242170333862305,4.288608601081637,2.6865829699350483,-15.376849174499512,20.21172523498535,6.072699993191979,6.308214320540249,0.0,23.377181388307005,8.803151936234793,4.978519950383345
1461,4461,20070705210000,summer_1,39.499794,-75.006409,720,1220,2102,2602,-6.863007068634033,20.867053985595703,4.189739791910947,2.7797358224840205,-14.246499061584473,19.355100631713867,5.989884554746036,6.446644322301405,0.0,21.726127764692407,8.793233796026204,5.039625995308735
1462,4462,20070705220000,summer_1,39.499794,-75.006409,720,1220,2102,2602,-6.321842193603516,20.101030349731445,4.045032710994886,2.759245284551537,-14.309386253356934,19.653867721557617,5.906318963259263,6.497695786538655,0.0,21.225623662258503,8.68404801885326,5.066328888825469
1463,4463,20070705230000,summer_1,39.499794,-75.006409,720,1220,2102,2602,-6.307999610900879,19.46057891845703,3.8634976878474085,2.6515726244610316,-13.270606994628906,17.96664047241211,5.748803289036982,6.446279016433446,0.0,19.68444116607849,8.44054293579822,5.031693465374534
1464,4464,20070706000000,summer_1,39.499794,-75.006409,720,1220,2102,2602,-5.877385139465332,18.253616333007812,4.14859588662414,2.5402241461123762,-15.04089641571045,17.935720443725586,6.587546809373927,6.382152178691728,0.021362304710158538,19.537948980515832,9.318923611122795,4.576995594354153
1465,4465,20070706010000,summer_1,39.499794,-75.006409,720,1220,2102,2602,-6.350487232208252,18.11111831665039,4.399333299848832,2.5791162494425794,-12.525434494018555,17.939298629760742,6.500777570685578,6.345731251163742,0.02136230533522149,20.627465215577157,9.384609383756514,4.5236594656463245
1466,4466,20070706020000,summer_1,39.499794,-75.006409,720,1220,2102,2602,-6.023728847503662,19.229000091552734,4.606833683477935,2.445504628823157,-11.464301109313965,17.594079971313477,6.3086657566317035,6.309971431536237,0.06713867476765427,21.921447190734053,9.277183475141694,4.555466972888854
1467,4467,20070706030000,summer_1,39.499794,-75.006409,720,1220,2102,2602,-6.142242431640625,17.178117752075195,4.813962482458418,2.3756209708802807,-11.4738130569458,18.881916046142578,6.049433731847736,6.246144136202946,0.04882812492470183,20.65187912266976,9.152274744124433,4.545727866261364
1468,4468,20070706040000,summer_1,39.499794,-75.006409,720,1220,2102,2602,-3.512803077697754,17.899850845336914,5.018979580621864,2.3260155994011145,-11.430389404296875,19.920982360839844,5.751612530917179,6.201413614287317,0.07934570191413862,21.872621078081853,9.041224854426838,4.516119490483233
1469,4469,20070706050000,summer_1,39.499794,-75.006409,720,1220,2102,2602,-3.0074822902679443,17.918561935424805,5.223736394152066,2.3403760212974,-10.944448471069336,21.061067581176758,5.42604732260331,6.216799600125933,0.08544922105615639,22.611160715250055,8.976315165118045,4.503458083337848
1470,4470,20070706060000,summer_1,39.499794,-75.006409,720,1220,2102,2602,-2.3833982944488525,20.060495376586914,5.4531080545337405,2.3222110531965643,-10.600709915161133,22.777700424194336,5.056446439670095,6.21928454581875,0.07019042836012215,23.694572640191293,8.919423602659341,4.451975413841011
1471,4471,20070706070000,summer_1,39.499794,-75.006409,720,1220,2102,2602,-2.6547892093658447,20.184757232666016,5.687456074999537,2.313996816786744,-9.546296119689941,23.206390380859375,4.660991781846435,6.1370889228291,0.04882812667322878,24.259162010174077,8.836502135512097,4.359664289757884
1472,4472,20070706080000,summer_1,39.499794,-75.006409,720,1220,2102,2602,-2.2509007453918457,19.931461334228516,5.892553388741514,2.3710628148114266,-9.655916213989258,21.91608428955078,4.18911002887855,6.047806509081109,0.06408691513922327,23.42600980846635,8.731178832528133,4.270274805056221
1473,4473,20070706090000,summer_1,39.499794,-75.006409,720,1220,2102,2602,-2.731813907623291,22.484132766723633,5.968041152612229,2.4714979265763573,-10.138553619384766,23.12635612487793,3.6904135702584777,5.980295918415024,0.11901855824655187,25.775933647973215,8.570684327236856,4.201461526012128
1474,4474,20070706100000,summer_1,39.499794,-75.006409,720,1220,2102,2602,-2.652265787124634,19.834671020507812,5.998801200677615,2.5831071034616033,-11.109809875488281,22.927017211914062,3.1902952640743836,5.834056467136534,0.06713867247073195,27.509384265638527,8.358784384180613,4.123467049182811
1475,4475,20070706110000,summer_1,39.499794,-75.006409,720,1220,2102,2602,-2.266939878463745,22.41950225830078,5.7484426522913985,2.71216405456927,-10.460766792297363,22.004613876342773,2.731489400467666,5.476453975274119,0.07019042997274799,24.869528688965918,7.811683808075666,4.1025120787624685
1476,4476,20070706120000,summer_1,39.499794,-75.006409,720,1220,2102,2602,-3.000494956970215,20.152259826660156,5.258941900962884,2.9443424592832557,-11.050400733947754,23.962337493896484,2.362778775419946,5.0454717437474015,0.051879881681362094,27.451399626957034,7.047341618160983,4.207149535101627
1477,4477,20070706130000,summer_1,39.499794,-75.006409,720,1220,2102,2602,-2.453655242919922,18.456100463867188,5.217987756406067,2.8802742306923426,-10.927699089050293,20.87906837463379,1.7719549542072863,4.961126999444897,0.036621096131000695,24.832909015639927,6.9281456841105795,3.9085519971077294
1478,4478,20070706140000,summer_1,39.499794,-75.006409,720,1220,2102,2602,-2.7398743629455566,25.204307556152344,5.259399311531854,2.7753187853987686,-11.67009162902832,18.488506317138672,1.2207008072009795,4.988902397225293,0.02746582057104913,25.489058655450794,6.976843371775955,3.6147738012462622
1479,4479,20070706150000,summer_1,39.499794,-75.006409,720,1220,2102,2602,-3.454317569732666,24.441850662231445,5.358062734351485,2.6671250481507043,-11.151350021362305,18.234113693237305,0.7495395295301936,4.954197372696527,0.0549316406904002,25.73015628127152,7.060848494388849,3.327565467570434
1480,4480,20070706160000,summer_1,39.499794,-75.006409,720,1220,2102,2602,-7.1718363761901855,25.8167667388916,5.550074352083411,2.564628717155421,-12.047348022460938,18.674238204956055,0.3749465415799265,4.838962240608161,0.08850097716148743,25.93768273222374,7.182137550104113,3.0583797110514497
1481,4481,20070706170000,summer_1,39.499794,-75.006409,720,1220,2102,2602,-8.70302963256836,23.285104751586914,5.6903197503522245,2.5718837879265544,-19.1928768157959,16.002452850341797,0.16688078676639184,4.767587246751377,0.04882812725989094,23.667107377115546,7.311953428163653,2.8787843782735774
1482,4482,20070706180000,summer_1,39.499794,-75.006409,720,1220,2102,2602,-10.638603210449219,23.61609649658203,5.79499176391577,2.7955164949691516,-25.523746490478516,18.289844512939453,0.030571015262201486,4.7574789795821095,0.06713867353356133,26.096374579723385,7.473227476115695,2.8604639371726788
1483,4483,20070706190000,summer_1,39.499794,-75.006409,720,1220,2102,2602,-12.051061630249023,24.966938018798828,5.827287579798695,3.062759581906687,-17.751943588256836,16.51412582397461,-0.15867409525808435,4.782163618580216,0.06408691404136205,26.526687098740748,7.599018267478262,2.9132395212455893
1484,4484,20070706200000,summer_1,39.499794,-75.006409,720,1220,2102,2602,-12.315471649169922,22.328325271606445,5.710424398250602,3.244385063209161,-16.533681869506836,17.402667999267578,-0.3228988579924387,4.800968942264593,0.07324218565855894,22.385329104391126,7.589040973723153,2.948729353932574
1485,4485,20070706210000,summer_1,39.499794,-75.006409,720,1220,2102,2602,-8.88111686706543,24.968984603881836,5.6135910837481156,3.3191057935456367,-17.607807159423828,15.155418395996094,-0.43676807794960854,4.704272664356472,0.04272461104768016,24.982453011310668,7.502864333711258,2.925208124003387
1486,4486,20070706220000,summer_1,39.499794,-75.006409,720,1220,2102,2602,-7.8711395263671875,19.809566497802734,5.386626321256854,3.3959922053033447,-18.696571350097656,14.335880279541016,-0.576284684959032,4.548347149386366,0.05798339737873543,22.16254444337786,7.311796091335382,2.847052850145264
1487,4487,20070706230000,summer_1,39.499794,-75.006409,720,1220,2102,2602,-9.552146911621094,21.96269416809082,5.104114454349222,3.464457892809928,-14.919915199279785,13.612896919250488,-0.583209233092641,4.343476832680647,0.09155273332645325,22.153388390741707,7.028366358211689,2.804004849230089
1488,4488,20070707000000,summer_1,39.499794,-75.006409,720,1220,2102,2602,-8.928116798400879,18.81683921813965,5.068402531256681,3.557756285655493,-13.729100227355957,12.08213996887207,-0.8227748363770075,4.260748028155261,0.06103515803095889,20.816673163527575,7.024839466170127,2.798016560407221
1489,4489,20070707010000,summer_1,39.499794,-75.006409,720,1220,2102,2602,-8.584808349609375,19.39075469970703,5.0916147057616685,3.5619747127313706,-11.991239547729492,11.100403785705566,-1.1006873828984327,4.083315393168685,0.045776364931602774,19.43724181595876,7.004913961505545,2.7255021322558237
1490,4490,20070707020000,summer_1,39.499794,-75.006409,720,1220,2102,2602,-8.958375930786133,24.740753173828125,5.0218172771540805,3.486073995342792,-12.768692016601562,11.916119575500488,-1.2715255132584846,3.9012889146540206,0.04272461154315492,24.857323197779873,6.841809139962862,2.7198971827844365
1491,4491,20070707030000,summer_1,39.499794,-75.006409,720,1220,2102,2602,-9.17410659790039,18.109792709350586,4.920962953149295,3.352496711880946,-11.917637825012207,9.729016304016113,-1.351480422394178,3.601309324306875,0.030517577040136315,19.464706243236538,6.56624784751487,2.671222187670113
1492,4492,20070707040000,summer_1,39.499794,-75.006409,720,1220,2102,2602,-8.057793617248535,14.109583854675293,4.834694172592971,3.2061370876381465,-11.241724967956543,9.156205177307129,-1.354595125279078,3.405833916075899,0.06408691056343453,15.451523406872143,6.324993826711132,2.661328329353984
1493,4493,20070707050000,summer_1,39.499794,-75.006409,720,1220,2102,2602,-5.3689284324646,14.245497703552246,4.733140970676429,3.0947540368410893,-11.619007110595703,8.90848445892334,-1.374117440138034,3.2524634207573078,0.036621093965304316,14.920501831964016,6.1236415686613075,2.6358787866780093
1494,4494,20070707060000,summer_1,39.499794,-75.006409,720,1220,2102,2602,-4.95067024230957,18.158889770507812,4.6679896751963925,3.046553717314539,-11.701212882995605,10.440900802612305,-1.3630299487729134,3.1423338512946866,0.04882812331538955,18.213447265670574,5.969042761097669,2.678480604868187
1495,4495,20070707070000,summer_1,39.499794,-75.006409,720,1220,2102,2602,-5.072770118713379,16.450462341308594,4.626925567820892,3.025203543591517,-11.151216506958008,8.330963134765625,-1.312598861202092,2.983643495076782,0.015258789195600827,16.467789165790723,5.82150082243166,2.7010126139808897
1496,4496,20070707080000,summer_1,39.499794,-75.006409,720,1220,2102,2602,-5.405857563018799,17.588895797729492,4.589811279293448,2.988333864475655,-10.849858283996582,7.515480995178223,-1.248720738551889,2.849240200908721,0.012207030793469366,17.93573039585897,5.701644286293423,2.6767951925843825
1497,4497,20070707090000,summer_1,39.499794,-75.006409,720,1220,2102,2602,-5.912654876708984,17.22765350341797,4.479850947274398,2.9495704696503244,-10.57532787322998,8.010675430297852,-1.150139963037404,2.775150420258125,0.03051757813446585,17.50541755469577,5.566972079919101,2.6080901280945565
1498,4498,20070707100000,summer_1,39.499794,-75.006409,720,1220,2102,2602,-6.6018757820129395,13.678814888000488,4.322212103803528,2.9027020110465163,-9.236176490783691,8.793863296508789,-1.0143146970306591,2.6730109075714505,0.05493164078325215,14.43525643265663,5.373909936694168,2.530239127850813
1499,4499,20070707110000,summer_1,39.499794,-75.006409,720,1220,2102,2602,-6.561312675476074,13.334436416625977,3.9239300076520265,2.6984813467029767,-9.354020118713379,8.054742813110352,-0.7826659394985684,2.5298819235899996,0.021362304093323306,13.824882155638669,4.934472252364305,2.3114671518888827
1500,4500,20070707120000,summer_1,39.499794,-75.006409,720,1220,2102,2602,-5.695143699645996,12.979025840759277,3.375093397542338,2.5423021100119727,-8.841094970703125,8.715646743774414,-0.4331023571665924,2.148295653545293,0.03356933444370155,14.69771581870836,4.184895772428231,2.2680288140679314
1501,4501,20070707130000,summer_1,39.499794,-75.006409,720,1220,2102,2602,-6.116045951843262,12.277968406677246,3.376737176938144,2.516081075997255,-9.270862579345703,10.76909065246582,-0.22316914373399224,1.9322521613460404,0.024414061562313856,13.299964943333448,4.067644075990823,2.229504988984295
1502,4502,20070707140000,summer_1,39.499794,-75.006409,720,1220,2102,2602,-6.815351963043213,13.09883975982666,3.542076258772052,2.6220914458098226,-7.210057735443115,9.719491004943848,-0.050351378122647526,1.8258637919589862,0.02746581992533063,14.40473973650214,4.2473400565251,2.172115113305166
1503,4503,20070707150000,summer_1,39.499794,-75.006409,720,1220,2102,2602,-6.750593185424805,12.676680564880371,3.7858975851867767,2.755012117761683,-6.142662525177002,11.361342430114746,0.19992734141453583,1.8517808507679188,0.021362304952941304,13.595992820606405,4.530949139440222,2.2051474897290944
1504,4504,20070707160000,summer_1,39.499794,-75.006409,720,1220,2102,2602,-12.037266731262207,13.353824615478516,4.0715037272284755,2.888993107354439,-6.2245192527771,10.221407890319824,0.5053416146947453,1.96102118369941,0.021362304382427054,13.49528459881302,4.861329043223785,2.3220417608531214
1505,4505,20070707170000,summer_1,39.499794,-75.006409,720,1220,2102,2602,-10.128087997436523,15.781031608581543,4.314155839326364,3.0489444435163686,-11.047553062438965,14.51604175567627,0.838492943789607,2.255202984723445,0.030517578906393342,16.434219470182047,5.257084602211054,2.46172200500565
1506,4506,20070707180000,summer_1,39.499794,-75.006409,720,1220,2102,2602,-11.96264934539795,15.318819046020508,4.487815590421369,3.2493281416191677,-16.645889282226562,14.925909996032715,1.109416181828128,2.6051844850307275,0.045776364847645884,17.55424467183441,5.686509459047054,2.5258706980490264
1507,4507,20070707190000,summer_1,39.499794,-75.006409,720,1220,2102,2602,-11.39416790008545,15.395331382751465,4.590888514039921,3.4926515070119,-15.936931610107422,12.415436744689941,1.3561410525975552,2.9946869157189875,0.07019042644478998,16.922515773939338,6.0859825040491815,2.6538570300418085
1508,4508,20070707200000,summer_1,39.499794,-75.006409,720,1220,2102,2602,-13.269149780273438,17.012739181518555,4.618395574375037,3.6620675489786456,-14.514642715454102,17.472545623779297,1.6232296450274861,3.338547922880994,0.054931638902164626,18.305000079927982,6.3744826891605095,2.808391634753145
1509,4509,20070707210000,summer_1,39.499794,-75.006409,720,1220,2102,2602,-10.603113174438477,16.58565330505371,4.623595849776823,3.8282275713754244,-13.965584754943848,15.713531494140625,1.932842611137288,3.5962711641921126,0.02441406121495508,17.37113227052279,6.6490080092318635,2.914224469616347
1510,4510,20070707220000,summer_1,39.499794,-75.006409,720,1220,2102,2602,-11.145564079284668,16.77783966064453,4.561875414755903,3.867866600778405,-12.91638469696045,14.612722396850586,2.2562877013138047,3.810498343919916,0.039672851064153566,18.268379602038074,6.806779919226627,3.0082517003237843
1511,4511,20070707230000,summer_1,39.499794,-75.006409,720,1220,2102,2602,-12.532780647277832,22.317968368530273,4.295570830075082,3.7170971691259016,-9.546965599060059,15.419824600219727,2.6196965910772074,3.890444994503484,0.01831054621960504,25.366982948336723,6.700474219401369,3.0611693583681525
1512,4512,20070708000000,summer_2,39.499794,-75.006409,720,1220,2102,2602,-12.290986061096191,16.768207550048828,4.401031898218533,3.889250667503911,-10.069579124450684,13.274356842041016,2.976759972805173,3.879562707491869,0.027465819515328845,16.93472244940684,6.954714344969367,3.168502428711497
1513,4513,20070708010000,summer_2,39.499794,-75.006409,720,1220,2102,2602,-11.642010688781738,17.318923950195312,4.500575328060101,3.9559666568200167,-10.22839641571045,12.659852027893066,3.235251409835847,3.724405405336949,0.048828123829062965,17.50541669335157,7.042242150426914,3.2633913765151523
1514,4514,20070708020000,summer_2,39.499794,-75.006409,720,1220,2102,2602,-12.619989395141602,18.338977813720703,4.540550685347487,3.9545831828503517,-9.832664489746094,16.326671600341797,3.433197591212437,3.50090957173348,0.04577636685188933,22.42805453380901,7.014183056737579,3.3316329708762633
1515,4515,20070708030000,summer_2,39.499794,-75.006409,720,1220,2102,2602,-13.032682418823242,16.08315086364746,4.660580238915431,3.8622929952144043,-8.744985580444336,15.314160346984863,3.553569800013758,3.225350606924353,0.057983398270086556,16.974395790566366,6.977819043473811,3.313472740485818
1516,4516,20070708040000,summer_2,39.499794,-75.006409,720,1220,2102,2602,-13.155200958251953,16.972150802612305,4.79255360735676,3.704308425572398,-11.491209983825684,13.403399467468262,3.5580069878952614,2.891902196791226,0.054931640320902995,17.331457946451113,6.863157021857487,3.2573085095214185
1517,4517,20070708050000,summer_2,39.499794,-75.006409,720,1220,2102,2602,-8.83056640625,17.684629440307617,4.921433997522298,3.54279218604012,-14.831428527832031,10.655339241027832,3.4614882078670295,2.6094080811815172,0.051879881065902335,18.008971225685617,6.7340864289123195,3.196072618185024
1518,4518,20070708060000,summer_2,39.499794,-75.006409,720,1220,2102,2602,-7.1523356437683105,18.29302406311035,5.049895565931577,3.4734763448316537,-14.511080741882324,11.931746482849121,3.3594999082190555,2.456290461716581,0.051879883501314866,18.69563953614518,6.69404071368609,3.174256532493426
1519,4519,20070708070000,summer_2,39.499794,-75.006409,720,1220,2102,2602,-7.49206018447876,18.79889678955078,5.144326121003918,3.453835795662676,-9.541909217834473,12.314153671264648,3.2683718579500196,2.394141135246207,0.04882812432914239,18.83297032443232,6.671572757615066,3.2089494012542805
1520,4520,20070708080000,summer_2,39.499794,-75.006409,720,1220,2102,2602,-6.154984474182129,18.777313232421875,5.191472011959001,3.4097655246294787,-7.280738353729248,11.511079788208008,3.19134357482157,2.346794573242926,0.05798340152869362,19.24497274889897,6.605999388043357,3.260486658557821
1521,4521,20070708090000,summer_2,39.499794,-75.006409,720,1220,2102,2602,-6.764148235321045,18.33194923400879,5.139626507013415,3.3957254153167193,-7.240968704223633,12.870965003967285,3.2000188956091007,2.377411726682668,0.03662109453852972,18.344673685877865,6.562171486107662,3.28280742127252
1522,4522,20070708100000,summer_2,39.499794,-75.006409,720,1220,2102,2602,-6.103516101837158,16.913036346435547,5.062234299029777,3.444489191427298,-7.477423667907715,12.353224754333496,3.241723996070317,2.456909628752853,0.024414061953492373,16.91335975388215,6.565714373472136,3.3056460858160506
1523,4523,20070708110000,summer_2,39.499794,-75.006409,720,1220,2102,2602,-5.673121929168701,16.223079681396484,4.758727638077013,3.3207925250983688,-7.834537982940674,11.093334197998047,3.1386581604414334,2.4419690434684007,0.02746582112176563,16.27551993407686,6.271559624993155,3.186703540599049
1524,4524,20070708120000,summer_2,39.499794,-75.006409,720,1220,2102,2602,-4.637237071990967,15.160627365112305,4.136125181602052,3.2571862396804208,-7.155179977416992,10.990493774414062,2.8947825063134167,2.3059799694956506,0.012207031163789461,15.265358592616119,5.536987797327938,3.279614188995552
1525,4525,20070708130000,summer_2,39.499794,-75.006409,720,1220,2102,2602,-3.3392462730407715,19.9302978515625,4.136772553623945,3.315917346713889,-12.025482177734375,15.125960350036621,2.888133310250664,2.3260601045510354,0.021362304701522384,20.020142631769247,5.515801957314335,3.3817145660308525
1526,4526,20070708140000,summer_2,39.499794,-75.006409,720,1220,2102,2602,-5.126791954040527,18.608705520629883,4.348237023774282,3.474084393661298,-7.533658027648926,14.87218189239502,2.878074854244519,2.4825380483956754,0.009155273616115674,18.610184668590055,5.76828408024358,3.485632853181428
1527,4527,20070708150000,summer_2,39.499794,-75.006409,720,1220,2102,2602,-7.659794807434082,20.599016189575195,4.567760112531088,3.674380830595753,-14.748188972473145,12.704154014587402,2.883236586064397,2.7027639269485473,0.006103515656267629,21.268349907824312,6.102491674251753,3.56974625927421
1528,4528,20070708160000,summer_2,39.499794,-75.006409,720,1220,2102,2602,-6.2553839683532715,19.841707229614258,4.709533580878857,3.7413355652721214,-15.060708045959473,12.841535568237305,2.972718310550726,2.9791096812352467,0.0183105468599616,19.873657079989176,6.411000465048254,3.5761040316606985
1529,4529,20070708170000,summer_2,39.499794,-75.006409,720,1220,2102,2602,-8.444233894348145,16.714725494384766,4.742997073805971,3.7764844559118216,-18.347362518310547,14.41279125213623,3.0049919436900847,3.286611211712414,0.00610351594374767,20.783103876625393,6.601922962066659,3.6061418620748484
1530,4530,20070708180000,summer_2,39.499794,-75.006409,720,1220,2102,2602,-10.609691619873047,26.278165817260742,4.685140712055618,3.8808981190996317,-19.69740104675293,14.61118221282959,2.9496920421584174,3.718367410847362,0.04882812683399333,26.50532440004831,6.751471854771022,3.735837368308639
1531,4531,20070708190000,summer_2,39.499794,-75.006409,720,1220,2102,2602,-11.938335418701172,23.58198356628418,4.460170241261123,3.939234518051054,-21.320499420166016,15.121894836425781,2.88361157360633,3.9818267162840937,0.021362304539464975,25.186927177377154,6.721855487277059,3.794404522892841
1532,4532,20070708200000,summer_2,39.499794,-75.006409,720,1220,2102,2602,-11.764430046081543,23.632875442504883,4.223818266782072,3.936077724451537,-22.00918197631836,14.954649925231934,2.9228205370549887,4.238430015008949,0.05798339572252446,26.038391046046648,6.747885348680129,3.782401460547612
1533,4533,20070708210000,summer_2,39.499794,-75.006409,720,1220,2102,2602,-12.29416561126709,24.304805755615234,4.0182892573539934,3.886482232936704,-19.78553581237793,14.345306396484375,2.9235331108974276,4.409445328956531,0.03051757851615876,26.242865876324387,6.705464383572955,3.7786762315530433
1534,4534,20070708220000,summer_2,39.499794,-75.006409,720,1220,2102,2602,-12.060736656188965,19.82808494567871,3.7738548665258778,3.7689340188256075,-19.489402770996094,15.254647254943848,3.02717544470595,4.448222375948563,0.01831054715252295,21.735282621592,6.606139980594015,3.7089395017416313
1535,4535,20070708230000,summer_2,39.499794,-75.006409,720,1220,2102,2602,-11.69581127166748,23.190608978271484,3.446198262602469,3.6929040533414415,-18.714399337768555,13.316425323486328,3.143925423632729,4.29129396300186,0.021362305689572814,24.503311894848252,6.416932123528527,3.554753983138361
1536,4536,20070709000000,summer_2,39.499794,-75.006409,720,1220,2102,2602,-11.188234329223633,17.842254638671875,3.196628662557818,3.728387558690542,-16.193294525146484,12.409927368164062,3.3659398885800345,4.164935113870276,0.057983399344707684,17.98455867846319,6.458642417967378,3.3288860820401904
1537,4537,20070709010000,summer_2,39.499794,-75.006409,720,1220,2102,2602,-11.319405555725098,18.777624130249023,3.0400976417251595,3.5807909425716824,-15.186580657958984,12.32900619506836,3.578071254648608,4.030168694858749,0.03356933480624696,19.45860357134515,6.420667491931168,3.143905217408238
1538,4538,20070709020000,summer_2,39.499794,-75.006409,720,1220,2102,2602,-10.346196174621582,15.808557510375977,3.00730356614599,3.407463837761924,-14.780415534973145,13.721278190612793,3.7293669103433946,3.9998705349254045,0.027465819260687835,18.39045729250755,6.424190544990532,3.0482129575199535
1539,4539,20070709030000,summer_2,39.499794,-75.006409,720,1220,2102,2602,-9.370685577392578,26.871164321899414,3.1873484915433754,3.3583728783089604,-23.0847110748291,14.100558280944824,3.768161150071851,3.9430230742849326,0.0335693343363205,27.842033531217645,6.402302816592497,3.192937026972349
1540,4540,20070709040000,summer_2,39.499794,-75.006409,720,1220,2102,2602,-8.720250129699707,26.052505493164062,3.2683206658618102,3.408291513431942,-24.42780876159668,12.730414390563965,3.649855418797826,3.790793529297804,0.05493164102311374,29.438157785606897,6.319681496299644,3.170419051269632
1541,4541,20070709050000,summer_2,39.499794,-75.006409,720,1220,2102,2602,-9.278962135314941,21.402233123779297,3.3279945137524876,3.545401386467906,-17.66266441345215,13.0270357131958,3.5161287184613066,3.4237349457130524,0.042724611151459486,22.74239290405666,6.2013734756135035,3.045243444123575
1542,4542,20070709060000,summer_2,39.499794,-75.006409,720,1220,2102,2602,-9.80499267578125,19.058713912963867,3.325173732463166,3.7204215857312835,-15.87905502319336,13.597115516662598,3.4222959406393625,3.1497307467112265,0.027465820385991466,19.879761051702907,6.164911489875609,2.9197768289259227
1543,4543,20070709070000,summer_2,39.499794,-75.006409,720,1220,2102,2602,-9.62054443359375,18.541635513305664,3.3731254540580986,3.7060030186233344,-16.8512020111084,13.659491539001465,3.3570819536567824,3.048865723967136,0.04272460909165342,18.750572157721695,6.127826599437545,2.8509220116368157
1544,4544,20070709080000,summer_2,39.499794,-75.006409,720,1220,2102,2602,-8.949403762817383,16.50034523010254,3.3773655668703113,3.843446230639471,-15.062289237976074,13.202508926391602,3.2361766928269784,2.95127903480282,0.030517576832254437,19.38841270090803,6.141236249948395,2.765281531938652
1545,4545,20070709090000,summer_2,39.499794,-75.006409,720,1220,2102,2602,-10.246007919311523,18.461530685424805,3.2896370092819276,3.971912012455376,-14.000312805175781,12.846877098083496,3.16864676788512,2.865824295981249,0.054931640755482423,19.08932416991639,6.135837281736672,2.683760193206581
1546,4546,20070709100000,summer_2,39.499794,-75.006409,720,1220,2102,2602,-8.849318504333496,17.46863555908203,3.1824314373801013,3.937206985335802,-10.745563507080078,12.39262866973877,3.1447996381432444,2.854721563034663,0.027465820060448336,17.538986240445404,6.06305511724537,2.6283133966039665
1547,4547,20070709110000,summer_2,39.499794,-75.006409,720,1220,2102,2602,-8.79340934753418,21.171817779541016,3.0128437839521434,3.5793620543876803,-12.937032699584961,13.131003379821777,3.0424986640691047,2.798841651528801,0.04272461081471876,22.37617458866726,5.745097988054192,2.444017635316877
1548,4548,20070709120000,summer_2,39.499794,-75.006409,720,1220,2102,2602,-7.801833152770996,16.473731994628906,2.5138359111511885,3.1846734122197127,-12.761289596557617,15.405281066894531,2.881145453334403,2.6272867096568473,0.0396728530116051,17.413863677670665,5.041542933580812,2.499598999352268
1549,4549,20070709130000,summer_2,39.499794,-75.006409,720,1220,2102,2602,-7.54302453994751,14.872611045837402,2.4415239660797754,3.027779480119439,-8.951730728149414,14.808999061584473,2.9577062555641587,2.5112830459038267,0.03356933527033782,16.965240254639586,4.882705964480575,2.5183802636709633
1550,4550,20070709140000,summer_2,39.499794,-75.006409,720,1220,2102,2602,-8.32224178314209,14.183921813964844,2.5510231679898268,2.9393465713543567,-7.2454142570495605,15.41910457611084,3.107949561939666,2.403051659070618,0.01831054643297849,15.85741456296566,4.932299247699202,2.500781749178117
1551,4551,20070709150000,summer_2,39.499794,-75.006409,720,1220,2102,2602,-7.932736396789551,13.286171913146973,2.6668453579702067,2.8830590735477077,-5.988971710205078,12.061037063598633,3.330290198563096,2.200123010165202,0.018310547504351272,15.338599889008167,5.052210749842333,2.4146706588216946
1552,4552,20070709160000,summer_2,39.499794,-75.006409,720,1220,2102,2602,-7.898068904876709,13.86098861694336,2.7858681891646864,2.8317277605262303,-5.0578460693359375,11.014728546142578,3.6247282138818275,2.0912654349756914,0.012207031106322583,15.338600373677929,5.291887977734383,2.299502348831142
1553,4553,20070709170000,summer_2,39.499794,-75.006409,720,1220,2102,2602,-8.293237686157227,14.768166542053223,2.9407884665925756,2.9045057603256104,-7.556185245513916,11.341520309448242,3.9378517062180314,2.1826594903871275,0.0274658209058256,15.616317453641454,5.67269081029756,2.275005054701073
1554,4554,20070709180000,summer_2,39.499794,-75.006409,720,1220,2102,2602,-10.148944854736328,16.067914962768555,3.1034425416451894,3.0369932561045316,-11.425922393798828,12.675765991210938,4.219427722235178,2.502366299084178,0.07629394459932637,16.06799295170629,6.106811537156171,2.372118018677156
1555,4555,20070709190000,summer_2,39.499794,-75.006409,720,1220,2102,2602,-8.788846969604492,18.341693878173828,3.2639734026185585,3.1344201299629506,-14.163896560668945,13.789630889892578,4.4965602848094965,2.838373724760606,0.024414063995825498,19.27243861073653,6.526356396417961,2.481975807172614
1556,4556,20070709200000,summer_2,39.499794,-75.006409,720,1220,2102,2602,-10.423709869384766,24.402591705322266,3.4488376269759953,3.3189077465760355,-17.38375473022461,14.549919128417969,4.750979105017331,3.189379114283859,0.0640869126844087,24.979400487281293,6.9677840952961,2.665249706839473
1557,4557,20070709210000,summer_2,39.499794,-75.006409,720,1220,2102,2602,-12.809438705444336,19.311643600463867,3.6615415474923103,3.3291792879814928,-13.388372421264648,15.815450668334961,4.923212210459744,3.487946985391172,0.04882812701773968,20.120849086047734,7.313414061889491,2.721780416751816
1558,4558,20070709220000,summer_2,39.499794,-75.006409,720,1220,2102,2602,-16.352815628051758,23.56512451171875,3.746387846112006,3.2203008509354696,-16.604267120361328,15.731560707092285,5.073114888282721,3.626722907581321,0.021362304771294506,24.643698771989822,7.464026389733111,2.753848804035924
1559,4559,20070709230000,summer_2,39.499794,-75.006409,720,1220,2102,2602,-17.412837982177734,22.354616165161133,3.6375284386374123,3.128465515713507,-17.204286575317383,18.637340545654297,5.121238984607465,3.765001321605942,0.039672853555604286,23.029266830559326,7.432233431820923,2.860618731845556
1560,4560,20070710000000,summer_2,39.499794,-75.006409,720,1220,2102,2602,-16.307558059692383,18.52432632446289,3.721940379869609,3.2424506906582002,-20.01502227783203,14.896475791931152,5.286138241319611,4.027672821830838,0.08239746000373534,24.0882558748608,7.7518966848130635,2.9051386071398304
1561,4561,20070710010000,summer_2,39.499794,-75.006409,720,1220,2102,2602,-14.397453308105469,16.627344131469727,3.816325598787868,3.234825536247572,-18.588272094726562,13.800610542297363,5.151672274413439,4.126316088260448,0.03662109292329148,18.59492456984536,7.729080129227955,2.975898077067442
1562,4562,20070710020000,summer_2,39.499794,-75.006409,720,1220,2102,2602,-15.307090759277344,14.067374229431152,3.7500288632453254,3.110053559690195,-17.235586166381836,13.410249710083008,4.955832071975012,4.0890258086541476,0.036621094383861054,17.789237357904472,7.4750210075963235,3.0231794761085853
1563,4563,20070710030000,summer_2,39.499794,-75.006409,720,1220,2102,2602,-13.777116775512695,14.276535987854004,3.611538846316945,3.0172787075429652,-16.598182678222656,12.690027236938477,4.765967628615824,4.099857642374034,0.030517579400339202,17.621383684425297,7.234914108949121,3.053928879054675
1564,4564,20070710040000,summer_2,39.499794,-75.006409,720,1220,2102,2602,-11.250679016113281,13.341512680053711,3.448411854769619,3.01082758320706,-13.319005012512207,12.430354118347168,4.6093915120122,3.9253494406932252,0.033569335043928575,15.692619117647578,6.962072442088172,3.023414081728349
1565,4565,20070710050000,summer_2,39.499794,-75.006409,720,1220,2102,2602,-8.694222450256348,12.405409812927246,3.267400595929527,2.8681285257090052,-9.82470989227295,11.845003128051758,4.53952898987259,3.6858753882771036,0.03967285082830341,14.648887877556655,6.607557998658111,3.0716845567922664
1566,4566,20070710060000,summer_2,39.499794,-75.006409,720,1220,2102,2602,-5.904088973999023,12.46159839630127,3.1841898686401535,2.554373579985774,-9.741240501403809,13.467025756835938,4.571163072392796,3.5161986933588163,0.03967285156134201,14.764854678053204,6.381118777095644,3.0338750376149544
1567,4567,20070710070000,summer_2,39.499794,-75.006409,720,1220,2102,2602,-6.034887313842773,12.027727127075195,3.2242900178189995,2.424035766806954,-7.990551948547363,11.988234519958496,4.491557014147501,3.349489580256924,0.024414063640482316,15.414901483590214,6.234203550442914,2.966456888107243
1568,4568,20070710080000,summer_2,39.499794,-75.006409,720,1220,2102,2602,-7.8375396728515625,16.291418075561523,3.240635591641121,2.4683850658447883,-8.444329261779785,13.666584014892578,4.369974612734625,3.227993829758281,0.02746582128962572,16.64785026166594,6.096120752622237,2.9914173766707886
1569,4569,20070710090000,summer_2,39.499794,-75.006409,720,1220,2102,2602,-8.349530220031738,15.000351905822754,3.1590047371216925,2.5990755616092507,-9.412530899047852,12.791892051696777,4.194565347018413,3.1537170287048943,0.027465819389139355,18.40876856005142,5.9454513189882725,2.9877119782876123
1570,4570,20070710100000,summer_2,39.499794,-75.006409,720,1220,2102,2602,-8.560871124267578,14.746370315551758,3.028563358627976,2.6638110661054055,-9.654470443725586,12.368498802185059,4.017677692323065,3.145675055695837,0.03051757799129575,15.686516504904175,5.783424016800108,2.976087641593686
1571,4571,20070710110000,summer_2,39.499794,-75.006409,720,1220,2102,2602,-8.464991569519043,17.859960556030273,2.7655806291742273,2.607884468346656,-9.79728889465332,14.667017936706543,3.78511023842204,3.159252785151347,0.0335693357651974,20.728171461938928,5.438998913680511,3.0289810351310478
1572,4572,20070710120000,summer_2,39.499794,-75.006409,720,1220,2102,2602,-8.586525917053223,22.226884841918945,2.294402413982731,2.6099034752372354,-10.666160583496094,14.574491500854492,3.4942001910135616,3.184846330455941,0.01831054809948764,23.108612522835116,4.84669928219912,3.307274675434987
1573,4573,20070710130000,summer_2,39.499794,-75.006409,720,1220,2102,2602,-10.148362159729004,16.067514419555664,2.12271054026761,2.6280184140762346,-9.539491653442383,17.034610748291016,3.4812085495125697,3.122464474540069,0.01831054657818652,21.70781731091228,4.730748744528717,3.301665412877437
1574,4574,20070710140000,summer_2,39.499794,-75.006409,720,1220,2102,2602,-10.85580062866211,20.991195678710938,2.1088338215068942,2.681503768064284,-7.342622756958008,15.880997657775879,3.6185609317503085,3.0996978464787013,0.02136230396029693,24.924469441463636,4.902136051841595,3.210734282117345
1575,4575,20070710150000,summer_2,39.499794,-75.006409,720,1220,2102,2602,-9.386005401611328,18.747182846069336,2.1012547917554745,2.7509535445165296,-8.427785873413086,14.599509239196777,3.8228061224560346,3.0854372946120874,0.012207031451804119,19.425033448997148,5.151702543883943,3.094632119036706
1576,4576,20070710160000,summer_2,39.499794,-75.006409,720,1220,2102,2602,-10.746940612792969,14.840439796447754,2.081702883331286,2.8686608545393066,-12.92148208618164,14.445457458496094,4.11716154695224,3.1038250572765618,0.03051757811148133,16.171760164601586,5.502330997072885,2.978557500094113
1577,4577,20070710170000,summer_2,39.499794,-75.006409,720,1220,2102,2602,-11.515901565551758,17.68682861328125,2.0202239042452232,3.0705335294198797,-15.608572959899902,15.115471839904785,4.427518049665551,3.3389015979049996,0.015258789272513616,18.152412135922496,5.958530596680087,2.959150869355863
1578,4578,20070710180000,summer_2,39.499794,-75.006409,720,1220,2102,2602,-11.41260051727295,15.565652847290039,1.9083609766192136,3.2568404236091384,-14.923924446105957,18.49747657775879,4.689014938403999,3.624689776595089,0.0396728539574196,18.616287081134576,6.391454476951174,2.9194858965453485
1579,4579,20070710190000,summer_2,39.499794,-75.006409,720,1220,2102,2602,-11.930365562438965,19.149736404418945,1.8400743239523578,3.4118705039366866,-15.918168067932129,16.90716552734375,4.954017959444569,3.8411378620559624,0.04272460993456791,20.276497450579633,6.749518247888052,2.9609747200115133
1580,4580,20070710200000,summer_2,39.499794,-75.006409,720,1220,2102,2602,-13.092854499816895,18.584423065185547,1.7638418873664001,3.522260181340241,-15.706124305725098,16.241519927978516,5.242519243098506,4.064332218745336,0.03967285311166224,20.444351836757754,7.11003831953839,2.9945975492490624
1581,4581,20070710210000,summer_2,39.499794,-75.006409,720,1220,2102,2602,-11.3026762008667,22.01422882080078,1.7378741542617637,3.394697813855111,-16.763750076293945,17.65703010559082,5.496607421386633,4.235145680526762,0.033569335549122815,22.232734035828663,7.313379173550688,3.034438492941629
1582,4582,20070710220000,summer_2,39.499794,-75.006409,720,1220,2102,2602,-14.552729606628418,23.639568328857422,1.6830678235237295,3.3177526366512935,-17.320138931274414,18.2169189453125,5.6625019684023625,4.265949735308465,0.03662109219208179,24.23169680857103,7.350798049844967,3.1730464184001335
1583,4583,20070710230000,summer_2,39.499794,-75.006409,720,1220,2102,2602,-13.664013862609863,22.538286209106445,1.5395677747478271,3.2385826251534255,-16.553037643432617,22.076570510864258,5.819127166413293,4.149312041805142,0.015258789060703748,25.617233556292316,7.286090639595968,3.2940250369021205
1584,4584,20070711000000,summer_2,39.499794,-75.006409,720,1220,2102,2602,-14.544718742370605,16.87017059326172,1.5314506131873467,3.2575919121151755,-14.073749542236328,17.81483268737793,6.317596847311331,3.8122190978873176,0.05187988300294458,22.96517968834646,7.568364804132522,3.1815318030051256
1585,4585,20070711010000,summer_2,39.499794,-75.006409,720,1220,2102,2602,-13.118866920471191,22.0200138092041,1.8123568948442845,3.2945183702106076,-9.45859432220459,18.70164680480957,6.820016447024359,3.4490333469428642,0.03356933685160882,22.025207041982668,7.960178538910138,3.0302643120074357
1586,4586,20070711020000,summer_2,39.499794,-75.006409,720,1220,2102,2602,-11.365849494934082,19.446117401123047,2.1687016839341333,3.3110310589219885,-7.677249431610107,17.54337501525879,7.087996590195995,3.2426931312291516,0.018310546690587362,21.280555559861252,8.258897867963867,2.8655809322958365
1587,4587,20070711030000,summer_2,39.499794,-75.006409,720,1220,2102,2602,-9.529415130615234,22.322877883911133,2.629317220153917,3.314503418520249,-12.25278091430664,19.101633071899414,7.215945367492795,3.1767413099591106,0.08850097431826628,24.149299575632593,8.502358239895742,2.7875973907827434
1588,4588,20070711040000,summer_2,39.499794,-75.006409,720,1220,2102,2602,-7.858088493347168,28.094284057617188,3.0494052947589707,3.2996683169868284,-12.03105640411377,19.844501495361328,7.131129922986247,3.1217403969078585,0.131233217531169,28.458511427307034,8.570907825904152,2.706381306815794
1589,4589,20070711050000,summer_2,39.499794,-75.006409,720,1220,2102,2602,-8.650531768798828,28.720224380493164,3.317536497247573,3.395711044671148,-10.988914489746094,20.667787551879883,6.95260082994289,3.186834769082469,0.1525955230344689,29.471725797019108,8.565059401001927,2.7696991736893173
1590,4590,20070711060000,summer_2,39.499794,-75.006409,720,1220,2102,2602,-8.424260139465332,24.7554988861084,3.4485430903178984,3.5278516476442014,-7.682652950286865,22.292377471923828,6.78241933716394,3.225482671386783,0.06103515721667576,26.413772545097046,8.536639913573486,2.8051588561258045
1591,4591,20070711070000,summer_2,39.499794,-75.006409,720,1220,2102,2602,-9.037822723388672,19.102596282958984,3.525565409465803,3.5641432312514763,-8.552319526672363,24.007665634155273,6.637355876924464,3.2817807854684298,0.11901855152557074,24.03332389356764,8.492342347276717,2.7995406849627305
1592,4592,20070711080000,summer_2,39.499794,-75.006409,720,1220,2102,2602,-11.871926307678223,19.47484588623047,3.5568654328700506,3.6027765429746,-6.865540027618408,25.570999145507812,6.509967072217152,3.3586856042658004,0.09460448925260984,25.806451136733507,8.431596947646193,2.8635473993372536
1593,4593,20070711090000,summer_2,39.499794,-75.006409,720,1220,2102,2602,-9.038862228393555,18.595731735229492,3.593388607528715,3.7122312522203655,-7.745951175689697,22.50864601135254,6.442470566348533,3.3573252078351077,0.06713867379509718,23.960082395153627,8.430070327897134,2.8989785047183965
1594,4594,20070711100000,summer_2,39.499794,-75.006409,720,1220,2102,2602,-11.927122116088867,18.18886947631836,3.637830484476881,3.8842915336915644,-7.970700740814209,24.430225372314453,6.362956214675078,3.3944794139706156,0.0976562455917794,24.561293726127516,8.465605143958523,2.94359698002677
1595,4595,20070711110000,summer_2,39.499794,-75.006409,720,1220,2102,2602,-13.249395370483398,18.446887969970703,3.584851457366292,3.849021109458004,-8.448302268981934,19.874372482299805,6.03635366496908,3.4840913020046975,0.1678543127378968,20.236825418572504,8.196312757076358,3.010488071710684
1596,4596,20070711120000,summer_2,39.499794,-75.006409,720,1220,2102,2602,-7.040203094482422,18.63199234008789,3.313034316080456,3.6820301926961414,-6.31923770904541,20.804611206054688,5.7031664650292635,3.6922858836262837,0.12818145604389594,21.1218566686657,7.7374706331207115,3.2900111998757047
1597,4597,20070711130000,summer_2,39.499794,-75.006409,720,1220,2102,2602,-6.876514434814453,18.651819229125977,3.4832089764915453,3.7020540579413406,-8.919488906860352,19.113283157348633,5.657425892083092,3.797996984100281,0.10986327869956587,20.276496365421135,7.832447254265814,3.304840063697806
1598,4598,20070711140000,summer_2,39.499794,-75.006409,720,1220,2102,2602,-8.449225425720215,19.576637268066406,3.683061147679136,3.7922775663963195,-7.744415760040283,18.596195220947266,5.641381281848749,3.891177584977013,0.04577636500351971,20.908232999051602,8.0001035963455,3.30319493383256
1599,4599,20070711150000,summer_2,39.499794,-75.006409,720,1220,2102,2602,-6.42368745803833,19.573442459106445,3.8734677910979762,3.899251158101817,-10.095340728759766,16.65984344482422,5.625233208655989,4.000532731855521,0.17700958896412483,19.742424056746714,8.20661892952112,3.241423893703344
1600,4600,20070711160000,summer_2,39.499794,-75.006409,720,1220,2102,2602,-8.48539924621582,22.958852767944336,4.076529899317709,3.974263263560124,-12.58987808227539,16.33705711364746,5.640018396789755,4.14668142965242,0.19532013305580767,23.87157389339147,8.482312448221593,3.0770138826483913
1601,4601,20070711170000,summer_2,39.499794,-75.006409,720,1220,2102,2602,-9.968628883361816,26.44922637939453,4.3181259693933915,4.14255672728869,-13.049107551574707,16.765581130981445,5.6731799423090425,4.438375409716215,0.11901855358118615,26.465653225446754,8.876335605435077,2.983588658215323
1602,4602,20070711180000,summer_2,39.499794,-75.006409,720,1220,2102,2602,-8.453701972961426,25.828807830810547,4.6024702006314495,4.31201852881903,-13.440413475036621,19.482383728027344,5.613480905055338,4.959769657168548,0.08544922317792981,26.33747004173566,9.317466610868777,3.011898839522229
1603,4603,20070711190000,summer_2,39.499794,-75.006409,720,1220,2102,2602,-7.972311973571777,26.375322341918945,4.841425611115245,4.367302097380372,-13.683307647705078,18.60863494873047,5.37857620420752,5.473941147186211,0.06408691503817267,27.066864103074657,9.581177797162272,3.099495966159009
1604,4604,20070711200000,summer_2,39.499794,-75.006409,720,1220,2102,2602,-8.464164733886719,29.06440544128418,5.0259774128241235,4.393357318822733,-15.091188430786133,18.063413619995117,5.05821257479091,5.955010270693742,0.04882812589952553,29.42900105705732,9.751583090813106,3.2428886018302103
1605,4605,20070711210000,summer_2,39.499794,-75.006409,720,1220,2102,2602,-7.611443996429443,27.536706924438477,5.133702703899797,4.260957395225666,-16.287389755249023,19.18070411682129,4.676967001741499,6.493322692076715,0.045776366959671584,27.53684896914133,9.824168199529984,3.468953802246068
1606,4606,20070711220000,summer_2,39.499794,-75.006409,720,1220,2102,2602,-6.660185813903809,24.252580642700195,5.195485257571994,3.9720318391031677,-15.422337532043457,18.936710357666016,4.296153223880395,6.928374004768256,0.08239746171438236,24.274423045416523,9.78319344934785,3.6767551996483174
1607,4607,20070711230000,summer_2,39.499794,-75.006409,720,1220,2102,2602,-7.419358253479004,30.235666275024414,5.272176042465357,3.6395477178985787,-14.121221542358398,18.540485382080078,3.9880180603996696,7.135582857449965,0.08544922081438693,30.249946628562256,9.621777784200434,3.909523097601691
1608,4608,20070712000000,summer_2,39.499794,-75.006409,720,1220,2102,2602,-6.506719589233398,22.415571212768555,5.546561374939306,3.4009047911282564,-16.2801456451416,18.536901473999023,3.6075443580636266,7.190542221448156,0.05798339709553864,22.425002006939682,9.593421673497241,3.8749233298978196
1609,4609,20070712010000,summer_2,39.499794,-75.006409,720,1220,2102,2602,-5.392382621765137,26.773836135864258,5.9737235859373525,3.2903083265348902,-15.216132164001465,18.341407775878906,2.9378828333733105,7.296616879516177,0.13428497045713292,26.773887853982828,9.766573645190585,3.6051789174724416
1610,4610,20070712020000,summer_2,39.499794,-75.006409,720,1220,2102,2602,-5.662734031677246,27.58687400817871,6.157689076227369,3.237738527326536,-16.700220108032227,18.556589126586914,2.203572413046744,7.407778346309672,0.1464920023630489,28.235724381980802,9.80705116793118,3.4572741181455777
1611,4611,20070712030000,summer_2,39.499794,-75.006409,720,1220,2102,2602,-5.606398582458496,24.053068161010742,6.232079549838228,3.225010268425061,-17.43629264831543,20.081167221069336,1.4812296971345074,7.361830150787823,0.039672850434945534,24.909209951173274,9.694399541560031,3.4130204892853246
1612,4612,20070712040000,summer_2,39.499794,-75.006409,720,1220,2102,2602,-5.452559471130371,32.82307434082031,6.215120366355128,3.257874173847692,-16.7352237701416,20.077739715576172,0.8486504760632544,7.1221608241593435,0.1312332145560498,33.82061085061703,9.45466290343881,3.3609815707552775
1613,4613,20070712050000,summer_2,39.499794,-75.006409,720,1220,2102,2602,-5.380725860595703,26.60907554626465,6.170618808335747,3.255182176651488,-17.393457412719727,18.6231632232666,0.3071061832207611,6.789591837606778,0.05187988391312008,27.50022951873125,9.182289197806057,3.248258625463746
1614,4614,20070712060000,summer_2,39.499794,-75.006409,720,1220,2102,2602,-4.7397894859313965,27.396860122680664,6.082438778895603,3.283829062586243,-17.40125846862793,17.19905662536621,-0.21385180598100426,6.52043029532425,0.04577636828971131,29.79521959706343,8.9487437161225,3.2033302273666284
1615,4615,20070712070000,summer_2,39.499794,-75.006409,720,1220,2102,2602,-4.435354709625244,22.63798713684082,5.904209969117298,3.298819676688212,-18.420900344848633,18.01673126220703,-0.6553059441022717,6.311007547430698,0.06408691411497712,24.304940500965074,8.687442249423082,3.2447643867885456
1616,4616,20070712080000,summer_2,39.499794,-75.006409,720,1220,2102,2602,-4.762421131134033,24.17530059814453,5.704647833469983,3.2498879959884985,-18.70945167541504,15.738067626953125,-0.97306615905519,6.167701525484929,0.02441406244846002,25.77288157608514,8.460156530386183,3.2431358634993153
1617,4617,20070712090000,summer_2,39.499794,-75.006409,720,1220,2102,2602,-4.7084197998046875,23.940021514892578,5.416640066420844,3.0892558169188176,-17.8924560546875,13.943239212036133,-1.2107850492143721,6.0908199595759935,0.05493164047044173,24.298835408009563,8.215771378211203,3.1541528161866723
1618,4618,20070712100000,summer_2,39.499794,-75.006409,720,1220,2102,2602,-4.73239278793335,27.082712173461914,5.090113119431058,3.023782356693797,-16.215307235717773,17.98639488220215,-1.4091550250687181,6.042952090114659,0.0518798836079474,30.314033176108882,7.9869262042046785,3.1248214294489034
1619,4619,20070712110000,summer_2,39.499794,-75.006409,720,1220,2102,2602,-4.3369364738464355,21.8002872467041,4.509904587183174,2.926416216729135,-15.245847702026367,16.05103874206543,-1.28026371151831,5.825551315658413,0.05187988076744656,23.05368044158035,7.420011721208917,3.0696417736526658
1620,4620,20070712120000,summer_2,39.499794,-75.006409,720,1220,2102,2602,-2.859452486038208,31.095504760742188,3.8745122159849132,2.949152203518773,-13.698848724365234,21.623912811279297,-0.937650663545554,5.48970808563562,0.05798339715388811,34.28754370934622,6.541396570027887,3.454787718124497
1621,4621,20070712130000,summer_2,39.499794,-75.006409,720,1220,2102,2602,-2.9872002601623535,26.882946014404297,3.7908253768913345,2.8492669653098837,-12.264370918273926,24.722505569458008,-0.9597537656748304,5.393268271018583,0.024414062910286645,31.56224131460944,6.384673935800563,3.4253595351585022
1622,4622,20070712140000,summer_2,39.499794,-75.006409,720,1220,2102,2602,-3.24875545501709,27.790771484375,3.950758652610017,2.7789161114877796,-11.590465545654297,21.23457145690918,-0.9282773244280657,5.210226515871261,0.036621094473043084,32.55409354513266,6.331705298520811,3.353883694506723
1623,4623,20070712150000,summer_2,39.499794,-75.006409,720,1220,2102,2602,-5.502435684204102,28.503232955932617,4.23759405993755,2.7622451763318936,-10.255744934082031,18.858736038208008,-0.7827534979646036,4.9483899183222375,0.06103515585079387,30.71993271125145,6.299951425427818,3.3161845079195773
1624,4624,20070712160000,summer_2,39.499794,-75.006409,720,1220,2102,2602,-6.168752193450928,25.89650535583496,4.5399296565159,2.803986885397361,-9.042646408081055,16.747230529785156,-0.5969235838397464,4.649233994038133,0.039672850649398794,27.884764211287603,6.307318787372031,3.2653832777057947
1625,4625,20070712170000,summer_2,39.499794,-75.006409,720,1220,2102,2602,-5.766127109527588,20.42949104309082,4.731717573336996,2.8109264143650248,-8.443682670593262,22.55781364440918,-0.4065978419305463,4.379133357771752,0.036621094378665196,29.68840883808379,6.293846160361111,3.1654525396411732
1626,4626,20070712180000,summer_2,39.499794,-75.006409,720,1220,2102,2602,-6.79856014251709,19.305797576904297,4.9095099753604305,2.816757451444625,-8.728245735168457,15.74547290802002,-0.18804264856918726,4.2152365838144,0.05493164198299068,22.27850996803842,6.340370932359612,3.1049455186411765
1627,4627,20070712190000,summer_2,39.499794,-75.006409,720,1220,2102,2602,-6.8509697914123535,21.487934112548828,5.061257447205611,2.8214690503717432,-9.143677711486816,16.053565979003906,0.012193428487770958,4.048941623839708,0.03967284946442712,24.27442101593581,6.374788332486386,3.0550229488590337
1628,4628,20070712200000,summer_2,39.499794,-75.006409,720,1220,2102,2602,-7.148840427398682,21.415605545043945,5.178937390466383,2.8478821270258763,-9.460556983947754,16.25901985168457,0.18458807627970894,3.8285942559781128,0.07629394474067196,22.128975197942648,6.376211662734473,2.994654683035474
1629,4629,20070712210000,summer_2,39.499794,-75.006409,720,1220,2102,2602,-7.9713616371154785,22.123689651489258,5.234036777094221,2.821010828585204,-10.670145034790039,16.326040267944336,0.3700823258213801,3.6514232548589836,0.027465820216900295,22.516555351436438,6.353812506792547,2.9072602947632293
1630,4630,20070712220000,summer_2,39.499794,-75.006409,720,1220,2102,2602,-6.465939044952393,23.24662208557129,5.1923248120078105,2.7845520308018696,-9.982882499694824,14.498876571655273,0.5319364132775033,3.605914356167657,0.09155273498258036,23.691519852694622,6.3117264148589465,2.8568603958529613
1631,4631,20070712230000,summer_2,39.499794,-75.006409,720,1220,2102,2602,-6.437510013580322,21.252580642700195,4.903539991733513,2.7944280237834844,-10.025032997131348,16.219646453857422,0.6717550168379203,3.551564953884979,0.02746582080380158,24.655906008220267,6.072329453759242,2.8364089726193042
1632,4632,20070713000000,summer_2,39.499794,-75.006409,720,1220,2102,2602,-7.205010414123535,21.079652786254883,4.892167560037811,2.9902877798309553,-8.977167129516602,16.810148239135742,0.8285847683147592,3.588679203857138,0.015258788558381932,21.375167553088087,6.211707413744306,2.802674899842397
1633,4633,20070713010000,summer_2,39.499794,-75.006409,720,1220,2102,2602,-7.996241569519043,21.630958557128906,4.9176289714736345,3.1637597170715686,-11.60741138458252,15.326324462890625,0.9249657020273604,3.6317337390425526,0.03967285263698092,22.779014813436966,6.383661734915919,2.7361221836458336
1634,4634,20070713020000,summer_2,39.499794,-75.006409,720,1220,2102,2602,-8.145403861999512,22.978837966918945,4.85661964826668,3.2767899766655826,-10.842334747314453,13.982189178466797,0.9568756158090278,3.6435292491052818,0.061035157042372355,23.932616882129047,6.421226413304238,2.6986801665639426
1635,4635,20070713030000,summer_2,39.499794,-75.006409,720,1220,2102,2602,-7.198270797729492,21.179763793945312,4.773659587500618,3.285052235952827,-11.22552490234375,13.714162826538086,1.0106320840559173,3.6826717563290803,0.01525878881493696,21.900085024755285,6.415259705840392,2.6471277700713656
1636,4636,20070713040000,summer_2,39.499794,-75.006409,720,1220,2102,2602,-5.881631374359131,18.206012725830078,4.761414788179279,3.2109362147806255,-11.563765525817871,11.425498962402344,1.1006578690868674,3.7207593319871854,0.03051757680727785,19.147315797571565,6.425261968727287,2.598593570580321
1637,4637,20070713050000,summer_2,39.499794,-75.006409,720,1220,2102,2602,-4.960258483886719,17.739683151245117,4.765555933327511,3.0860431725992816,-12.421859741210938,12.582460403442383,1.1527614518790696,3.6952697252425444,0.051879882713131015,18.784141169431702,6.384945395751065,2.5397904278364023
1638,4638,20070713060000,summer_2,39.499794,-75.006409,720,1220,2102,2602,-4.8015947341918945,20.268207550048828,4.754959510048055,2.9443544033182607,-12.882380485534668,11.270099639892578,1.1800278031804852,3.661125747049246,0.02136230423704554,21.390426684542096,6.323841709078336,2.4666163433017156
1639,4639,20070713070000,summer_2,39.499794,-75.006409,720,1220,2102,2602,-3.854405164718628,18.20301628112793,4.764392022506226,2.849943231946228,-12.846664428710938,14.326661109924316,1.177194348008316,3.617447718241233,0.021362303877794316,18.778038243085334,6.2812635986242435,2.4164126098881633
1640,4640,20070713080000,summer_2,39.499794,-75.006409,720,1220,2102,2602,-4.192971706390381,21.27745819091797,4.730250420418498,2.8406939322948372,-12.882315635681152,14.65880298614502,1.0988735441070825,3.504992023128271,0.02746581971200449,21.27750339797397,6.173629980532112,2.4132128104359984
1641,4641,20070713090000,summer_2,39.499794,-75.006409,720,1220,2102,2602,-3.481891393661499,21.160598754882812,4.632364442565467,2.832119803275842,-12.987151145935059,10.913183212280273,1.0292285076145873,3.394198761078547,0.024414061276442058,21.500289637395543,6.029877957931332,2.3875031459454936
1642,4642,20070713100000,summer_2,39.499794,-75.006409,720,1220,2102,2602,-3.565549373626709,18.7888240814209,4.4932534940159865,2.785365860088969,-12.60426139831543,10.649616241455078,0.9899465697437695,3.2876051628760687,0.021362304695964573,18.83602019708007,5.863646653410702,2.31378040831414
1643,4643,20070713110000,summer_2,39.499794,-75.006409,720,1220,2102,2602,-4.755532741546631,16.12625503540039,4.123285698511964,2.600611260485731,-12.378801345825195,13.26472282409668,1.0012854041342518,3.037377890990391,0.012207031598527353,16.748557549069865,5.456029730922624,2.05539299605122
1644,4644,20070713120000,summer_2,39.499794,-75.006409,720,1220,2102,2602,-3.682323932647705,13.639749526977539,3.4057237913895166,2.3458310317067856,-9.00540542602539,10.072142601013184,1.1167567066493342,2.461374171391085,0.02136230445068285,14.57258579255539,4.566233013650464,1.8859751300165981
1645,4645,20070713130000,summer_2,39.499794,-75.006409,720,1220,2102,2602,-3.819380044937134,12.709343910217285,3.4790234755372245,2.2992046895902085,-7.538405418395996,8.718451499938965,1.2494808473905932,2.31523295152686,0.036621094197213135,13.733329559763725,4.58642610017941,1.8100133102818585
1646,4646,20070713140000,summer_2,39.499794,-75.006409,720,1220,2102,2602,-2.9840340614318848,17.471158981323242,3.7298687308297933,2.410979119663823,-6.649852752685547,13.596155166625977,1.2955011528003049,2.502103314070357,0.03356933551074327,22.138130712994762,4.943752399074559,1.7952430232450758
1647,4647,20070713150000,summer_2,39.499794,-75.006409,720,1220,2102,2602,-4.523664951324463,20.203582763671875,3.9814516396399338,2.567262175112504,-6.663320064544678,14.202717781066895,1.5577022517707035,2.618558993196154,0.015258789158247623,22.290719049331525,5.27449794067665,1.976297349685178
1648,4648,20070713160000,summer_2,39.499794,-75.006409,720,1220,2102,2602,-6.420438289642334,17.97492027282715,4.287624982112542,2.733000594551858,-10.582459449768066,14.523441314697266,1.9869420738474577,2.748677499407051,0.05187988313368942,20.206307012541455,5.6671514715775535,2.289013157634661
1649,4649,20070713170000,summer_2,39.499794,-75.006409,720,1220,2102,2602,-6.320091247558594,21.453975677490234,4.548094422897446,2.8562549095714904,-8.718252182006836,15.867074966430664,2.376779060053938,2.9306429018986258,0.021362304833003824,21.71392068115687,6.054790053761074,2.5338940213982393
1650,4650,20070713180000,summer_2,39.499794,-75.006409,720,1220,2102,2602,-6.521928787231445,18.575916290283203,4.759081140028863,2.963582080198602,-11.381171226501465,16.21390724182129,2.6253810341085666,3.1424939338859037,0.021362304541990753,19.92553836733981,6.406354622739984,2.6754786842577163
1651,4651,20070713190000,summer_2,39.499794,-75.006409,720,1220,2102,2602,-6.4923601150512695,19.720273971557617,4.875589108285163,3.044506738419689,-10.666111946105957,15.101287841796875,2.7634650584117035,3.4039440801978946,0.009155273481538504,21.03335437700571,6.675629130040652,2.77487667860054
1652,4652,20070713200000,summer_2,39.499794,-75.006409,720,1220,2102,2602,-7.843423366546631,19.589534759521484,4.886840970170447,3.071028229067523,-12.010494232177734,14.397439002990723,2.7959336264799433,3.642901281565254,0.033569336599776727,20.657982985723493,6.81018375853367,2.8322783792172217
1653,4653,20070713210000,summer_2,39.499794,-75.006409,720,1220,2102,2602,-8.582204818725586,23.646831512451172,4.795563573853961,3.022036601860646,-12.526040077209473,14.483805656433105,2.7767118760168463,3.8631782186888706,0.03662109403104618,23.68846934441795,6.82280352715857,2.8659661608989926
1654,4654,20070713220000,summer_2,39.499794,-75.006409,720,1220,2102,2602,-7.578574180603027,20.120529174804688,4.540023742952823,2.870221319497846,-14.223796844482422,15.42846393585205,2.697666404648469,4.104226333847081,0.04272460758491113,20.276496612376054,6.710364324334683,2.818346052986484
1655,4655,20070713230000,summer_2,39.499794,-75.006409,720,1220,2102,2602,-8.338086128234863,19.227548599243164,4.132811302328868,2.708794584508569,-12.522130966186523,14.957510948181152,2.6164862415689107,4.286234732047549,0.018310547320312943,19.229713234947493,6.471219706397877,2.7854660837601455
1656,4656,20070714000000,summer_2,39.499794,-75.006409,720,1220,2102,2602,-7.341853618621826,13.935907363891602,3.9547769303231264,2.7821472090247505,-12.429797172546387,13.882759094238281,2.543034653453825,4.5422813265435735,0.036621091095060794,16.306038317107546,6.54994691645333,2.7528428852873508
1657,4657,20070714010000,summer_2,39.499794,-75.006409,720,1220,2102,2602,-8.292244911193848,15.284972190856934,3.8605816041912506,2.8420105316723174,-11.651344299316406,12.196425437927246,2.4231479561926013,4.676232578820163,0.030517577295544118,15.96423392214676,6.579795658465256,2.7251055807835196
1658,4658,20070714020000,summer_2,39.499794,-75.006409,720,1220,2102,2602,-7.500244617462158,14.429727554321289,3.7063398817895687,2.7590677320839028,-12.609127044677734,11.92194938659668,2.2736704003532915,4.599764179722275,0.0396728510449634,15.033416868136444,6.341019470434148,2.732817180794279
1659,4659,20070714030000,summer_2,39.499794,-75.006409,720,1220,2102,2602,-5.812755107879639,14.712503433227539,3.546581998617458,2.601068938020991,-10.993325233459473,10.724872589111328,2.146432796688832,4.3902783843483455,0.06103515650826912,15.228736932892907,5.977912728520536,2.7368012251942897
1660,4660,20070714040000,summer_2,39.499794,-75.006409,720,1220,2102,2602,-5.573868274688721,13.787978172302246,3.4069102166890355,2.4752326885906037,-11.58802604675293,12.311600685119629,2.0582218477824648,4.141165474226475,0.04577636933915572,14.722129905231704,5.6099352190040985,2.7654962638628686
1661,4661,20070714050000,summer_2,39.499794,-75.006409,720,1220,2102,2602,-6.9432268142700195,14.49498176574707,3.247286914044386,2.414701522074924,-11.919500350952148,13.043516159057617,1.9494349963038122,3.871991427593876,0.02441406367375973,16.089355231722482,5.276148336627688,2.707494947901151
1662,4662,20070714060000,summer_2,39.499794,-75.006409,720,1220,2102,2602,-9.026162147521973,16.22694206237793,3.128468358054471,2.3540636669260335,-14.742084503173828,11.061914443969727,1.8736474149172218,3.6745664564547935,0.036621092477810584,17.734306129220908,5.03830332735924,2.637692718103991
1663,4663,20070714070000,summer_2,39.499794,-75.006409,720,1220,2102,2602,-10.366008758544922,19.3756103515625,3.0645808292673062,2.3216917657172913,-12.603585243225098,15.011822700500488,1.7986829696775777,3.5170922518223513,0.024414062485607957,20.157477894607496,4.866567001863778,2.589137358990389
1664,4664,20070714080000,summer_2,39.499794,-75.006409,720,1220,2102,2602,-7.031269550323486,19.712427139282227,2.963303306409635,2.337654229077283,-12.816045761108398,15.104161262512207,1.7627876484339822,3.3955771235352303,0.018310546054320732,21.485030992078002,4.740981750215791,2.5310571151139984
1665,4665,20070714090000,summer_2,39.499794,-75.006409,720,1220,2102,2602,-3.9154365062713623,20.65243911743164,2.7896478792272164,2.333197792911068,-10.692299842834473,16.82300567626953,1.8039215919283502,3.3176089457710565,0.03051757939023955,20.764794509356047,4.648030553784201,2.425370369427312
1666,4666,20070714100000,summer_2,39.499794,-75.006409,720,1220,2102,2602,-4.179408550262451,21.122224807739258,2.5342413691842016,2.207412577037082,-12.302130699157715,14.755332946777344,1.9080103526554513,3.2237343478300056,0.024414062812153643,23.79527949763504,4.478458877414696,2.295957825629847
1667,4667,20070714110000,summer_2,39.499794,-75.006409,720,1220,2102,2602,-3.8600635528564453,19.823415756225586,2.2341524056507147,2.0230769081355136,-8.960230827331543,10.595956802368164,2.078492381779984,3.057835836567679,0.051879884270101664,19.937743996080158,4.251139259801797,2.163927615747078
1668,4668,20070714120000,summer_2,39.499794,-75.006409,720,1220,2102,2602,-3.803945302963257,16.86191749572754,1.7723449654916699,1.8463835244757465,-8.084383964538574,9.912107467651367,2.2013281050313402,2.6099944834169864,0.024414062355397448,17.25821702957045,3.6384030805881804,2.2294121307630768
1669,4669,20070714130000,summer_2,39.499794,-75.006409,720,1220,2102,2602,-3.4343421459198,22.0695743560791,1.7078075874894825,1.7076202846967088,-6.713895320892334,19.741893768310547,2.5051473502108763,2.4648584965936142,0.01525878902660191,25.601973994632168,3.6494999178935794,2.205677854172584
1670,4670,20070714140000,summer_2,39.499794,-75.006409,720,1220,2102,2602,-3.6610984802246094,18.31848907470703,1.807934168902435,1.7018595609893763,-9.401580810546875,11.886336326599121,2.9516636015775966,2.328531833263444,0.015258788605723616,18.381301736064522,3.9316672567767705,2.2003006662282676
1671,4671,20070714150000,summer_2,39.499794,-75.006409,720,1220,2102,2602,-5.073229789733887,18.595848083496094,2.0450604000714607,1.8220819498835206,-10.2892427444458,11.508567810058594,3.4589957349306335,2.191885173341571,0.012207031121392048,18.65901957148334,4.420327583843643,2.1753093644182466
1672,4672,20070714160000,summer_2,39.499794,-75.006409,720,1220,2102,2602,-6.434777736663818,18.436206817626953,2.3560940059899953,2.036792268556459,-7.370988368988037,14.936331748962402,3.9720583885363125,2.172799600039161,0.03662109158391647,19.37315478503674,5.038469477927615,2.1935890622851852
1673,4673,20070714170000,summer_2,39.499794,-75.006409,720,1220,2102,2602,-6.758859157562256,16.668548583984375,2.6412273811689477,2.3475753348100543,-5.283943176269531,15.670234680175781,4.487962643868916,2.258936845985223,0.03662109228086594,18.692589274761996,5.69124017819665,2.3111861960122995
1674,4674,20070714180000,summer_2,39.499794,-75.006409,720,1220,2102,2602,-8.745197296142578,16.155675888061523,2.786611340362666,2.5487520532443324,-5.51511812210083,18.26424789428711,4.951819033625157,2.314019296789563,0.04272460931647304,19.629508789633906,6.201216687299128,2.383578913316002
1675,4675,20070714190000,summer_2,39.499794,-75.006409,720,1220,2102,2602,-8.92244815826416,15.205069541931152,2.862013164932203,2.7326883664445583,-5.400895118713379,20.484586715698242,5.417982854887996,2.347900873782262,0.048828126065755116,21.094390939519332,6.675192333904136,2.442885404332739
1676,4676,20070714200000,summer_2,39.499794,-75.006409,720,1220,2102,2602,-9.6639404296875,16.292545318603516,2.9348373784658097,2.8865279649905347,-4.201004981994629,17.586429595947266,5.909184748732348,2.352542662727105,0.07629394814827356,19.284645626906737,7.179064120500607,2.4205936997058006
1677,4677,20070714210000,summer_2,39.499794,-75.006409,720,1220,2102,2602,-9.797036170959473,16.49196434020996,3.092658004377759,2.949768955428732,-6.402750015258789,15.68261432647705,6.316877365810523,2.420973562790842,0.10986328072741976,20.136116045292503,7.6398256677257015,2.3796610757908256
1678,4678,20070714220000,summer_2,39.499794,-75.006409,720,1220,2102,2602,-9.402356147766113,15.069378852844238,3.1262066512097837,2.8292869641675735,-8.422009468078613,15.575910568237305,6.577912747085706,2.4724140639779275,0.07629394900492507,17.868582948467214,7.868508845802238,2.290495297361959
1679,4679,20070714230000,summer_2,39.499794,-75.006409,720,1220,2102,2602,-8.497774124145508,14.841383934020996,2.8398510865529034,2.593459475577669,-8.135295867919922,15.819975852966309,6.6158435337738135,2.5504234306076077,0.04577636817855106,18.924530272100768,7.7659889790551135,2.1804235279465485
1680,4680,20070715000000,summer_3,39.499794,-75.006409,720,1220,2102,2602,-7.6136932373046875,16.333133697509766,2.7069910252188207,2.5728852325238094,-9.174203872680664,16.81529998779297,7.187244431557575,2.6679276343827096,0.2044753993805367,18.82076164921929,8.252295691058169,2.1497616237516715
1681,4681,20070715010000,summer_3,39.499794,-75.006409,720,1220,2102,2602,-7.159571647644043,16.835935592651367,2.7660782815791762,2.4648707335321878,-7.238577365875244,16.24065589904785,7.667484519317444,2.736928533682748,0.09155273375468406,20.447402942770555,8.663029716026852,2.227058504966293
1682,4682,20070715020000,summer_3,39.499794,-75.006409,720,1220,2102,2602,-6.715850830078125,16.241352081298828,2.982525423909648,2.318527076510122,-6.401079177856445,16.90838623046875,7.916437538127399,2.665631021075376,0.09460449187035223,18.97946142494902,8.8792067130719,2.281728706684664
1683,4683,20070715030000,summer_3,39.499794,-75.006409,720,1220,2102,2602,-6.6335320472717285,14.925992012023926,3.279127391994596,2.1569001339985587,-5.325139045715332,15.31046199798584,8.036473797502527,2.5990444136491195,0.1403884891256515,18.231758485711367,9.030305619724981,2.2800039511810275
1684,4684,20070715040000,summer_3,39.499794,-75.006409,720,1220,2102,2602,-5.502329349517822,16.6579647064209,3.6247664179936323,2.07069418455145,-5.967057228088379,19.506250381469727,7.96772465608589,2.59329058256334,0.22583771951334927,20.288703532842234,9.09394009076514,2.2218802526992363
1685,4685,20070715050000,summer_3,39.499794,-75.006409,720,1220,2102,2602,-5.187495231628418,18.420047760009766,3.986687934488753,2.133240340595826,-5.163059234619141,20.446243286132812,7.770717489971086,2.6816957236532053,0.1373367405687795,22.989594152641484,9.10514176754875,2.261930744692525
1686,4686,20070715060000,summer_3,39.499794,-75.006409,720,1220,2102,2602,-5.755094528198242,19.867755889892578,4.320356015611424,2.238518783696512,-5.529754638671875,18.668033599853516,7.471238534394068,2.788394997184424,0.11901855685278374,21.64373015671815,9.05754931324017,2.287311693441098
1687,4687,20070715070000,summer_3,39.499794,-75.006409,720,1220,2102,2602,-5.80014705657959,20.37801742553711,4.594759348939818,2.361230230493071,-5.794912815093994,20.81568145751953,7.1692025442079705,2.918717822996795,0.18311309077615387,23.859366844662237,9.01241403619197,2.3194813572157416
1688,4688,20070715080000,summer_3,39.499794,-75.006409,720,1220,2102,2602,-7.004762649536133,19.583999633789062,4.776277208157031,2.3629947431684424,-8.178665161132812,18.329206466674805,6.857375460695103,3.036004610914414,0.07934570366227789,23.606063394943263,8.915642139213125,2.2691001690816113
1689,4689,20070715090000,summer_3,39.499794,-75.006409,720,1220,2102,2602,-6.03512716293335,22.799652099609375,4.891024109970374,2.387042259152177,-7.618649959564209,22.924352645874023,6.5867810508976925,3.236763097592637,0.13428497944908827,28.04345810729437,8.84042767150107,2.308516003550853
1690,4690,20070715100000,summer_3,39.499794,-75.006409,720,1220,2102,2602,-5.091956615447998,22.073667526245117,4.954863875632789,2.3467150489752973,-7.6892409324646,23.23583221435547,6.332149735187209,3.391247197426465,0.10681152253935189,29.981385122587085,8.726836210375163,2.3445159686611294
1691,4691,20070715110000,summer_3,39.499794,-75.006409,720,1220,2102,2602,-4.946320056915283,22.43218994140625,4.812357393378235,2.1900940616254387,-6.953078269958496,20.58004379272461,5.81719889889794,3.5319132052344147,0.10681151963043754,26.16962443483218,8.25812093087474,2.464335263324839
1692,4692,20070715120000,summer_3,39.499794,-75.006409,720,1220,2102,2602,-4.623814105987549,23.754905700683594,4.284456626520583,2.065981311786159,-7.799900054931641,19.637311935424805,5.274354772782622,3.7696634424491298,0.024414062992979164,26.276434738197338,7.486594651556267,2.9334158632875678
1693,4693,20070715130000,summer_3,39.499794,-75.006409,720,1220,2102,2602,-5.7611284255981445,22.53120994567871,4.360280403715746,1.9799877973176578,-8.531715393066406,20.48443031311035,5.194549405823495,3.8663154247120124,0.05187988369656115,27.552108710245673,7.496938742474282,2.9427954161051995
1694,4694,20070715140000,summer_3,39.499794,-75.006409,720,1220,2102,2602,-4.9097371101379395,22.999141693115234,4.4736476114854264,1.9891586337932006,-7.400829315185547,22.442771911621094,5.212677923145789,4.025236154645957,0.11291504114544391,28.397476779143584,7.67220779168158,2.9123941791117867
1695,4695,20070715150000,summer_3,39.499794,-75.006409,720,1220,2102,2602,-4.068804740905762,21.520164489746094,4.570860231711633,2.083623831911048,-6.834451198577881,19.52596092224121,5.328085700608955,4.215979969149352,0.09155273436939092,26.087219471227513,7.910819095158128,2.969204793835267
1696,4696,20070715160000,summer_3,39.499794,-75.006409,720,1220,2102,2602,-3.842996597290039,17.845321655273438,4.657487829925485,2.213523900390073,-6.980477809906006,19.980276107788086,5.5230187775550235,4.436524471455712,0.14649200100071041,23.700675826111382,8.19095313790366,3.112338901729538
1697,4697,20070715170000,summer_3,39.499794,-75.006409,720,1220,2102,2602,-5.297046661376953,22.01276969909668,4.693021967580422,2.428697798060771,-8.954973220825195,20.788972854614258,5.740360759349449,4.686720324942039,0.1251296963082423,25.022126410210504,8.501021961158719,3.2515754412436113
1698,4698,20070715180000,summer_3,39.499794,-75.006409,720,1220,2102,2602,-7.955365180969238,23.682815551757812,4.737733347789882,2.686147129385706,-13.027406692504883,21.596263885498047,5.9691838968630755,5.031949987757766,0.09765624748219179,27.106537455154783,8.901065230386331,3.3740507574338228
1699,4699,20070715190000,summer_3,39.499794,-75.006409,720,1220,2102,2602,-8.899513244628906,22.90401268005371,4.797210659997147,2.8635322817233546,-14.578313827514648,21.7071475982666,6.1156580421555935,5.468495267517259,0.13733673014902648,27.939698589203513,9.283489868112257,3.512203993642758
1700,4700,20070715200000,summer_3,39.499794,-75.006409,720,1220,2102,2602,-8.590339660644531,20.143077850341797,4.834123080428414,2.9664817978635725,-13.295342445373535,22.146238327026367,6.106406313212907,5.825785062778927,0.05798339647455194,27.591782237596263,9.503292147086672,3.6172044786895654
1701,4701,20070715210000,summer_3,39.499794,-75.006409,720,1220,2102,2602,-9.613481521606445,23.559417724609375,4.7629067897287465,2.948637273449512,-15.755983352661133,21.995220184326172,5.921193757196041,6.058128031688456,0.04577636482933753,25.992614294761744,9.458420442689846,3.6985776111788717
1702,4702,20070715220000,summer_3,39.499794,-75.006409,720,1220,2102,2602,-8.453665733337402,20.948904037475586,4.544615817049591,2.8625460261769002,-18.52199363708496,19.615907669067383,5.657738546656209,6.199496332625704,0.03051757753428697,24.118774436615873,9.204985665329001,3.8157177330359677
1703,4703,20070715230000,summer_3,39.499794,-75.006409,720,1220,2102,2602,-7.207752227783203,19.5396671295166,4.247699731602114,2.694799552185923,-15.709214210510254,19.903791427612305,5.4475234410856315,6.148530740818656,0.03967285351228676,24.78102979309237,8.790761739499471,3.937936971008523
1704,4704,20070716000000,summer_3,39.499794,-75.006409,720,1220,2102,2602,-8.36021614074707,25.806903839111328,4.313839335571772,2.8101665401185736,-17.5207576751709,23.63224983215332,5.233379355077734,6.20476110168793,0.07324218829598075,31.031219330566554,8.872083396764253,3.698608089587462
1705,4705,20070716010000,summer_3,39.499794,-75.006409,720,1220,2102,2602,-6.818357467651367,21.73621368408203,4.457716768835876,2.86693228674906,-13.273557662963867,18.023784637451172,4.887029086510861,6.208430800638805,0.07934570260997188,25.266273913426982,8.805807382065716,3.6022162867664496
1706,4706,20070716020000,summer_3,39.499794,-75.006409,720,1220,2102,2602,-7.943125247955322,16.778589248657227,4.443128190865189,2.820211627499656,-11.364226341247559,16.781208038330078,4.52185467558763,6.0601145252145585,0.07629394286897119,21.16764100674137,8.472269837293904,3.617704149633485
1707,4707,20070716030000,summer_3,39.499794,-75.006409,720,1220,2102,2602,-6.918054103851318,18.17927360534668,4.346520499586519,2.8291463102147967,-11.806020736694336,19.104663848876953,4.223730801559767,5.888321777539196,0.042724608244803765,23.688469113157666,8.139809429248373,3.626575105155572
1708,4708,20070716040000,summer_3,39.499794,-75.006409,720,1220,2102,2602,-7.824691295623779,26.212385177612305,4.251113352340195,2.8611085949398145,-12.525629043579102,20.281940460205078,4.007413316066404,5.71812065351063,0.03967285167999574,28.730125348429635,7.847980187611092,3.6637930338978655
1709,4709,20070716050000,summer_3,39.499794,-75.006409,720,1220,2102,2602,-8.888300895690918,20.124130249023438,4.190655665909812,2.957326245158866,-12.045931816101074,21.04245376586914,3.7394918697568866,5.578909419538953,0.05493163986204046,26.380201584397398,7.579449617425166,3.737291356429049
1710,4710,20070716060000,summer_3,39.499794,-75.006409,720,1220,2102,2602,-7.304860591888428,22.46845054626465,4.1303186570435155,3.091088291206771,-11.060166358947754,18.886524200439453,3.461149975568423,5.417451617829998,0.04272461048194781,24.372077459150372,7.321546761486434,3.7865093736885203
1711,4711,20070716070000,summer_3,39.499794,-75.006409,720,1220,2102,2602,-7.4185686111450195,19.642332077026367,4.088618620368607,3.2054964213858215,-10.645641326904297,18.98029136657715,3.163396743596742,5.27854195836707,0.045776366077498014,24.573502796898826,7.0973763452992635,3.806486924602369
1712,4712,20070716080000,summer_3,39.499794,-75.006409,720,1220,2102,2602,-7.110842227935791,22.371402740478516,4.019931125990198,3.250082527353362,-11.01152515411377,18.043249130249023,2.852015922442373,5.143969645460122,0.0183105460169743,25.44938761119575,6.868766447130651,3.759966585272345
1713,4713,20070716090000,summer_3,39.499794,-75.006409,720,1220,2102,2602,-7.949754238128662,23.205808639526367,3.85336293772416,3.222400454771439,-11.061684608459473,16.714725494384766,2.546509765624416,5.055058300658609,0.042724607835030064,26.273384349440917,6.641352277492986,3.628089987369952
1714,4714,20070716100000,summer_3,39.499794,-75.006409,720,1220,2102,2602,-7.807204723358154,22.73256492614746,3.623595557398944,3.1815604800517887,-10.716606140136719,16.53451919555664,2.2974090849192725,5.011324579692369,0.027465819989030943,23.249001699547446,6.412112502092961,3.539639481476948
1715,4715,20070716110000,summer_3,39.499794,-75.006409,720,1220,2102,2602,-6.235595703125,21.881200790405273,3.3068496512488696,3.098961641413633,-10.497754096984863,18.607017517089844,2.173753110649178,4.775176636372928,0.04272460677471872,22.35480493314522,5.987192173590805,3.4956919546821767
1716,4716,20070716120000,summer_3,39.499794,-75.006409,720,1220,2102,2602,-6.294095516204834,23.355876922607422,2.8665852967015497,3.028700010987713,-9.23433780670166,17.693349838256836,2.1462604785553836,4.399729385504231,0.024414062633513894,25.135049239948675,5.272305208001128,3.6820083542796174
1717,4717,20070716130000,summer_3,39.499794,-75.006409,720,1220,2102,2602,-5.614976406097412,24.51841926574707,2.7642690623227515,3.02495420750815,-8.503287315368652,17.5952091217041,2.0157959561993724,4.280168629273584,0.021362304347500447,24.518569400635943,5.084351038931934,3.650230506611217
1718,4718,20070716140000,summer_3,39.499794,-75.006409,720,1220,2102,2602,-6.936490535736084,19.425111770629883,2.7607381963273405,2.9970954076195517,-10.449108123779297,17.244640350341797,1.9694157526301275,4.1576323464012015,0.01831054649310575,20.529800823154165,5.017169329618499,3.5491933341985846
1719,4719,20070716150000,summer_3,39.499794,-75.006409,720,1220,2102,2602,-8.957114219665527,19.233095169067383,2.819519660578466,2.987772881090356,-9.314897537231445,17.507469177246094,2.008254789162944,4.069873509615807,0.009155273431110894,20.279549303717175,5.044331870518571,3.4681625636504534
1720,4720,20070716160000,summer_3,39.499794,-75.006409,720,1220,2102,2602,-11.318954467773438,18.095773696899414,2.907632557270185,2.975532152162226,-8.587442398071289,16.27499008178711,2.1481763291249028,4.06706786697011,0.021362304432491,21.787163301964867,5.151914333814353,3.452766998979266
1721,4721,20070716170000,summer_3,39.499794,-75.006409,720,1220,2102,2602,-12.557480812072754,20.00771713256836,2.9720781313943094,3.0367460290722272,-14.884685516357422,16.03400230407715,2.2979702053424154,4.161716564292333,0.012207031255658318,22.156440340902936,5.366348352348637,3.4435348192794484
1722,4722,20070716180000,summer_3,39.499794,-75.006409,720,1220,2102,2602,-9.990556716918945,19.272401809692383,3.087629726006587,3.066860808869694,-18.028629302978516,15.36392593383789,2.4416081109201686,4.333011340488219,0.009155273346289093,21.356850124795745,5.656117950131307,3.41816613467126
1723,4723,20070716190000,summer_3,39.499794,-75.006409,720,1220,2102,2602,-10.431228637695312,23.26478385925293,3.098164761737981,3.150279100202816,-17.05389976501465,16.900739669799805,2.5139350207630438,4.443373007305781,0.015258789320369209,23.38328619736233,5.844954860012366,3.379766109531836
1724,4724,20070716200000,summer_3,39.499794,-75.006409,720,1220,2102,2602,-10.967801094055176,23.840057373046875,3.054724193825947,3.2624934942475474,-17.993003845214844,16.463211059570312,2.5036650939961613,4.596873526137691,0.009155273519489538,27.57041938134498,6.010383040130699,3.3541145671343404
1725,4725,20070716210000,summer_3,39.499794,-75.006409,720,1220,2102,2602,-9.70427131652832,20.744356155395508,2.989616812972076,3.1835417368477827,-16.46536636352539,17.74857521057129,2.5036908809275666,4.60517609448797,0.03967285082712907,22.629479280302988,5.9942683553958,3.258467193427145
1726,4726,20070716220000,summer_3,39.499794,-75.006409,720,1220,2102,2602,-10.373933792114258,16.995452880859375,2.8906993295991104,3.176583455999215,-22.128572463989258,15.56533145904541,2.5129432214314082,4.558801009943481,0.03967285041960657,22.345648879744648,5.935799782941498,3.2110210660012943
1727,4727,20070716230000,summer_3,39.499794,-75.006409,720,1220,2102,2602,-10.817878723144531,16.189455032348633,2.762752335378906,3.1538786160766548,-16.127822875976562,15.891668319702148,2.4989005873131123,4.466663445846252,0.027465819989543436,17.706840702043262,5.806034123981111,3.1725864884171435
1728,4728,20070717000000,summer_3,39.499794,-75.006409,720,1220,2102,2602,-10.481002807617188,16.2341251373291,2.757639650263601,3.2127993456271744,-12.579325675964355,12.650253295898438,2.4830073641913506,4.407921914418936,0.03967285276611622,16.660056761977415,5.86119230378739,3.027900597482522
1729,4729,20070717010000,summer_3,39.499794,-75.006409,720,1220,2102,2602,-9.322294235229492,16.68683624267578,2.6855973482668483,3.2274905405170755,-11.271732330322266,13.530405044555664,2.574359215374613,4.442921614595947,0.04272460825249448,18.173774995763427,5.8960445039438385,3.0385301309822204
1730,4730,20070717020000,summer_3,39.499794,-75.006409,720,1220,2102,2602,-9.160265922546387,19.948341369628906,2.6870661968873004,3.144976546538191,-12.461446762084961,14.626266479492188,2.6733079487139277,4.472404823663287,0.0213623049086424,20.535904207920854,5.8501073560543695,3.168031951030786
1731,4731,20070717030000,summer_3,39.499794,-75.006409,720,1220,2102,2602,-9.180397033691406,21.140682220458984,2.7333216524705937,3.1602915777585916,-11.81109619140625,15.900282859802246,2.7380836175176353,4.310297063427098,0.027465820086812552,22.547072214724277,5.728859510414342,3.2732890941312127
1732,4732,20070717040000,summer_3,39.499794,-75.006409,720,1220,2102,2602,-6.524106502532959,19.39470672607422,2.841585920219045,3.108950217989928,-11.631181716918945,17.557132720947266,2.740190466764386,4.1694122982735236,0.039672851038396545,22.446366408451475,5.594864769609354,3.366053017534295
1733,4733,20070717050000,summer_3,39.499794,-75.006409,720,1220,2102,2602,-5.880296230316162,23.082874298095703,2.9777552909574645,3.055323683071769,-12.008235931396484,17.00075912475586,2.625795248502523,3.9270529790661093,0.018310547810171662,25.833915697040236,5.375314188779247,3.4094827379711647
1734,4734,20070717060000,summer_3,39.499794,-75.006409,720,1220,2102,2602,-5.486828804016113,24.11586570739746,3.101631934403672,3.0467391928470926,-13.821702003479004,20.208637237548828,2.435147103123419,3.7712909968713086,0.021362304729193836,26.1970902904879,5.222412227870513,3.4324521970254347
1735,4735,20070717070000,summer_3,39.499794,-75.006409,720,1220,2102,2602,-7.111825942993164,27.3055362701416,3.2382997871939727,3.0766527207014454,-12.626908302307129,14.272684097290039,2.172966376900925,3.6613099833958245,0.018310546884358913,28.18079447074715,5.1371188958516205,3.4189706923400527
1736,4736,20070717080000,summer_3,39.499794,-75.006409,720,1220,2102,2602,-8.145903587341309,26.641874313354492,3.3578562077776493,3.051590577421449,-14.199901580810547,19.06340789794922,1.8653350632289023,3.62650272516641,0.024414062210897567,26.746421063024982,5.068337039020151,3.3956383695802
1737,4737,20070717090000,summer_3,39.499794,-75.006409,720,1220,2102,2602,-6.860684394836426,23.39552879333496,3.3400704899113682,3.0563079922477336,-14.213115692138672,16.07750701904297,1.6105330894278023,3.5887867194961447,0.027465819929489804,24.576552746000385,4.988179463277322,3.3299192202463805
1738,4738,20070717100000,summer_3,39.499794,-75.006409,720,1220,2102,2602,-6.133219242095947,21.028257369995117,3.1783301460123923,3.0324662326440848,-16.971309661865234,13.123811721801758,1.4146177874879955,3.5140411500736883,0.015258788822156501,22.382278043496935,4.851723901956523,3.179314051403254
1739,4739,20070717110000,summer_3,39.499794,-75.006409,720,1220,2102,2602,-5.961483478546143,27.05826759338379,2.9373710601663645,3.00201660548176,-11.604202270507812,13.544116020202637,1.3083115424951328,3.411148376651005,0.027465820280041967,27.21335542521758,4.645037134595708,3.0678159662327817
1740,4740,20070717120000,summer_3,39.499794,-75.006409,720,1220,2102,2602,-3.604387044906616,19.29912567138672,2.4538100165512096,2.948148338988499,-10.087690353393555,14.682302474975586,1.2747592601935491,3.000491608121517,0.030517577652808592,20.34973775745862,3.9387695530199776,3.134775541576677
1741,4741,20070717130000,summer_3,39.499794,-75.006409,720,1220,2102,2602,-3.8342416286468506,22.262134552001953,2.298431393564167,2.8430964086511925,-8.225857734680176,15.026129722595215,1.1873212449357462,2.7554311033420174,0.012207031158088464,25.504318837027807,3.6478591968892427,3.0101893035850047
1742,4742,20070717140000,summer_3,39.499794,-75.006409,720,1220,2102,2602,-7.105241775512695,19.109201431274414,2.2504576012451953,2.7424214189319143,-6.281041622161865,13.033586502075195,1.1788113270075544,2.584645896499709,0.01831054581283332,20.18494352544742,3.573400814500671,2.808243548540413
1743,4743,20070717150000,summer_3,39.499794,-75.006409,720,1220,2102,2602,-10.398006439208984,14.72898006439209,2.207456962192141,2.6667502425004694,-9.400432586669922,14.34191608428955,1.238689083134098,2.459438763362193,0.02136230365719281,16.217537149385134,3.556026368552649,2.631024370348795
1744,4744,20070717160000,summer_3,39.499794,-75.006409,720,1220,2102,2602,-6.911715030670166,16.094005584716797,2.196836577363989,2.5618310230139105,-11.46430778503418,14.094611167907715,1.420077297349876,2.4144500893186045,0.012207031674985132,16.379287885252417,3.6165456617613096,2.481099630965154
1745,4745,20070717170000,summer_3,39.499794,-75.006409,720,1220,2102,2602,-8.334033966064453,13.391457557678223,2.1525783081022225,2.5753144688336542,-15.218121528625488,14.004554748535156,1.6861316512944065,2.4747261723176965,0.018310546802424336,16.254157815733837,3.792196892403244,2.419171405377132
1746,4746,20070717180000,summer_3,39.499794,-75.006409,720,1220,2102,2602,-10.285989761352539,13.236895561218262,2.0517592929991664,2.6968189346646367,-12.717416763305664,15.431344985961914,1.9851570464660817,2.5705669598733145,0.015258789098369476,16.013061371118056,4.024348186996037,2.415746929403436
1747,4747,20070717190000,summer_3,39.499794,-75.006409,720,1220,2102,2602,-17.99587059020996,16.551361083984375,1.8980914502895643,2.790019199198002,-12.907706260681152,19.48106575012207,2.264857494037334,2.6586184444612857,0.018310545800020075,19.50437795011719,4.239397651146691,2.3690287762149587
1748,4748,20070717200000,summer_3,39.499794,-75.006409,720,1220,2102,2602,-13.115202903747559,16.358064651489258,1.7397661466293768,2.9165297719125616,-13.338086128234863,18.20301055908203,2.604198576352421,2.8700935001935703,0.03356933627343143,20.178840366477267,4.536384171627305,2.4440617274832817
1749,4749,20070717210000,summer_3,39.499794,-75.006409,720,1220,2102,2602,-12.731695175170898,20.634138107299805,1.5882302457635797,2.9903628854042124,-17.08156394958496,17.43124008178711,2.964317634548189,3.032145354834353,0.024414062120991616,22.44026265939515,4.8000721120657355,2.5308373535782476
1750,4750,20070717220000,summer_3,39.499794,-75.006409,720,1220,2102,2602,-12.434821128845215,20.394718170166016,1.518041933983343,3.0497632318555725,-15.387577056884766,18.253753662109375,3.247677393077364,3.16863723734463,0.03356933639261787,20.49623168920146,5.039426789038741,2.6071737788305382
1751,4751,20070717230000,summer_3,39.499794,-75.006409,720,1220,2102,2602,-10.456268310546875,19.57107925415039,1.3457476078236998,2.857176286133093,-15.533036231994629,16.082372665405273,3.4323556041176118,3.0561434921102255,0.03356933546991824,19.580672354178347,5.039438816586523,2.387389244629119
1752,4752,20070718000000,summer_3,39.499794,-75.006409,720,1220,2102,2602,-14.51071834564209,17.82269859313965,1.1763578000030597,2.8512232227183363,-14.068702697753906,16.379621505737305,3.855975357377348,3.1362934836300203,0.030517577806061864,18.146309390811517,5.335324824430456,2.398433515729379
1753,4753,20070718010000,summer_3,39.499794,-75.006409,720,1220,2102,2602,-9.688148498535156,15.466084480285645,1.1945195356431142,2.9567200533345055,-14.05911636352539,16.559314727783203,4.29479812826337,3.3274897115445077,0.030517577995827765,17.929627568499022,5.7737120195896665,2.520079096504385
1754,4754,20070718020000,summer_3,39.499794,-75.006409,720,1220,2102,2602,-7.55502986907959,16.84572982788086,1.443197595318646,2.833504022139544,-10.196934700012207,13.087915420532227,4.508012962907496,3.257894527167986,0.030517577879041562,17.16361291533067,5.904113965974825,2.4877821936995703
1755,4755,20070718030000,summer_3,39.499794,-75.006409,720,1220,2102,2602,-7.148812770843506,17.194805145263672,1.7166509422313818,2.6729086300485396,-10.476218223571777,13.232861518859863,4.591001745661168,3.0195160234881326,0.039672853366808064,17.38334659151535,5.883918067466696,2.380254864958017
1756,4756,20070718040000,summer_3,39.499794,-75.006409,720,1220,2102,2602,-8.681366920471191,17.987337112426758,2.0082247129110473,2.6288347911447167,-11.44301700592041,14.463446617126465,4.612060860553138,2.8514328499348403,0.06408691510083296,17.987610434824685,5.9063980387722905,2.3366590986705926
1757,4757,20070718050000,summer_3,39.499794,-75.006409,720,1220,2102,2602,-8.315917015075684,14.687621116638184,2.2539439400605947,2.604853688191057,-12.88511848449707,14.457480430603027,4.525154465659717,2.743693419977911,0.07629394750614771,17.273475856438107,5.875171072232913,2.313604852762491
1758,4758,20070718060000,summer_3,39.499794,-75.006409,720,1220,2102,2602,-7.605322360992432,21.163972854614258,2.417356302891982,2.649152798416429,-14.723810195922852,16.891965866088867,4.422991827121579,2.57454078830762,0.06713867059131953,22.199166053036926,5.7971813360287126,2.3335439946856456
1759,4759,20070718070000,summer_3,39.499794,-75.006409,720,1220,2102,2602,-7.6342668533325195,21.81525993347168,2.5612296514782966,2.7602961799396195,-14.046539306640625,21.231203079223633,4.298668514703085,2.5042102482134765,0.027465819730047244,25.440230870415323,5.7718024117556235,2.369609506819614
1760,4760,20070718080000,summer_3,39.499794,-75.006409,720,1220,2102,2602,-9.101763725280762,26.107744216918945,2.7233111315969305,2.9270759365292967,-12.073742866516113,19.21700096130371,4.121505557278135,2.5311827333528756,0.030517578391353252,26.10858085858575,5.768595986693466,2.470059005022134
1761,4761,20070718090000,summer_3,39.499794,-75.006409,720,1220,2102,2602,-7.288977146148682,23.056427001953125,2.8144530618398593,2.9349827369838586,-13.891256332397461,19.117639541625977,3.901645336528545,2.5663471430252254,0.05187988402463199,25.30899853182434,5.675755487039623,2.4758924341742516
1762,4762,20070718100000,summer_3,39.499794,-75.006409,720,1220,2102,2602,-9.149192810058594,23.10104751586914,2.871751149196572,3.0225045967486874,-12.260994911193848,16.228315353393555,3.693096279007821,2.5857187403107,0.04882812281771662,23.401595902397446,5.596541939572609,2.5270750975978133
1763,4763,20070718110000,summer_3,39.499794,-75.006409,720,1220,2102,2602,-9.420207977294922,22.62624740600586,2.8365658788658945,3.002366492525481,-11.764101028442383,16.165828704833984,3.4287303886764264,2.599860942767726,0.04577636605362575,25.33036015618261,5.400409347585699,2.532066037657253
1764,4764,20070718120000,summer_3,39.499794,-75.006409,720,1220,2102,2602,-8.104552268981934,21.46673583984375,2.599099647674567,2.865322094118536,-10.942815780639648,14.776366233825684,3.0764584153318446,2.542350992508847,0.030517578142912966,21.506393438662748,4.929061243726562,2.5686358028252045
1765,4765,20070718130000,summer_3,39.499794,-75.006409,720,1220,2102,2602,-8.960565567016602,17.679275512695312,2.5979958697581935,2.8003808075001215,-10.219661712646484,17.057340621948242,2.9584186632927274,2.6328334522368664,0.03967285053185731,21.43009974567841,4.914397927069334,2.474764876760723
1766,4766,20070718140000,summer_3,39.499794,-75.006409,720,1220,2102,2602,-7.450512409210205,19.75389289855957,2.6191927554959396,2.798981146624977,-9.875391960144043,15.916059494018555,2.9425453456257515,2.7973404694212047,0.01831054641176945,20.09643614402715,5.038383172333522,2.406833598584726
1767,4767,20070718150000,summer_3,39.499794,-75.006409,720,1220,2102,2602,-9.066670417785645,22.28375244140625,2.6604531466861743,2.8196129331103426,-9.057221412658691,16.253419876098633,2.9934760643470977,3.01065341838315,0.021362304293423028,25.189980205365195,5.21562072238365,2.418772720194865
1768,4768,20070718160000,summer_3,39.499794,-75.006409,720,1220,2102,2602,-7.999114990234375,24.625652313232422,2.7691816268791167,2.914395811754522,-9.494014739990234,17.199073791503906,3.1246749882812743,3.3299902712372664,0.01525878854188513,25.29373926745726,5.558484440621359,2.473408486787583
1769,4769,20070718170000,summer_3,39.499794,-75.006409,720,1220,2102,2602,-9.505509376525879,22.591285705566406,2.930244681695836,3.057187026095703,-12.203289031982422,16.410388946533203,3.2150075703109593,3.68554956722874,0.036621093056493303,23.874633830575636,5.963179726490124,2.508538069547383
1770,4770,20070718180000,summer_3,39.499794,-75.006409,720,1220,2102,2602,-9.909140586853027,21.25347328186035,3.090867095108493,3.2590522360311005,-14.690935134887695,16.086322784423828,3.2689103019765624,4.007960599763657,0.03356933498375904,22.067932441672003,6.3525926335722245,2.563000280982037
1771,4771,20070718190000,summer_3,39.499794,-75.006409,720,1220,2102,2602,-12.341565132141113,27.010730743408203,3.154650481395164,3.335768792741012,-15.014932632446289,18.397981643676758,3.3640435127694266,4.393609256143952,0.036621093587715495,30.14008470986054,6.686592008294082,2.6437192484243015
1772,4772,20070718200000,summer_3,39.499794,-75.006409,720,1220,2102,2602,-12.038229942321777,19.080768585205078,3.120201046800083,3.2889219637892966,-17.567626953125,16.993824005126953,3.4810785489640637,4.686126417039291,0.02746581934535557,21.024200619713156,6.8336521076395025,2.8163007276626946
1773,4773,20070718210000,summer_3,39.499794,-75.006409,720,1220,2102,2602,-10.503321647644043,22.746356964111328,3.088395066583938,3.213563929748469,-15.720829010009766,16.581361770629883,3.620030387205099,4.909006663387262,0.03356933814292583,24.20728253721119,6.931767371614933,3.0031224998597494
1774,4774,20070718220000,summer_3,39.499794,-75.006409,720,1220,2102,2602,-12.397058486938477,21.582181930541992,3.079188997425845,3.1597284607744216,-17.521160125732422,18.303987503051758,3.734951030276037,4.98380648551558,0.01831054651149339,24.96414260502918,6.950161583947762,3.1541605964725714
1775,4775,20070718230000,summer_3,39.499794,-75.006409,720,1220,2102,2602,-10.766388893127441,19.675949096679688,2.9191410808577816,3.0693341807017314,-15.746055603027344,19.172388076782227,3.8447387940221045,4.858880012679167,0.024414062067706434,23.65489799939377,6.731403926941933,3.31980865517847
1776,4776,20070719000000,summer_3,39.499794,-75.006409,720,1220,2102,2602,-9.96245288848877,22.155296325683594,2.9465396075577095,3.048832590531945,-14.968632698059082,20.18032455444336,4.060650971049998,4.6874668257170535,0.05798339870298868,25.931579663847206,6.740985390601627,3.316296630064734
1777,4777,20070719010000,summer_3,39.499794,-75.006409,720,1220,2102,2602,-8.392278671264648,18.605022430419922,3.213910832466663,3.07386522153895,-17.191585540771484,17.599706649780273,4.255086671571163,4.439412800136555,0.0335693373381338,21.225623207658114,6.779438035379282,3.4104601971412616
1778,4778,20070719020000,summer_3,39.499794,-75.006409,720,1220,2102,2602,-8.17330551147461,17.72735595703125,3.549993636440783,2.9445984362062143,-11.41197395324707,17.0017147064209,4.348076163317342,4.208703016806401,0.009155273493385003,19.64476736159671,6.741368029442236,3.527891617747915
1779,4779,20070719030000,summer_3,39.499794,-75.006409,720,1220,2102,2602,-11.110814094543457,20.468420028686523,3.8838011424079775,2.8142361572078416,-12.434863090515137,17.755859375,4.382819896867849,4.018520164234316,0.02136230327492591,22.357855970505142,6.775268186682644,3.5294747512299955
1780,4780,20070719040000,summer_3,39.499794,-75.006409,720,1220,2102,2602,-11.25937271118164,27.424175262451172,4.204671249270659,2.7996341722018148,-11.796577453613281,19.325773239135742,4.353937599952536,3.8804618475608597,0.045776369778427355,28.431045010164766,6.875970515628014,3.500428267437219
1781,4781,20070719050000,summer_3,39.499794,-75.006409,720,1220,2102,2602,-8.77881145477295,19.038911819458008,4.405933447105652,2.781543202423848,-11.587727546691895,16.034454345703125,4.263459280573765,3.79409493344916,0.048828125168886204,19.68443964285829,6.9319268097272975,3.416118299033816
1782,4782,20070719060000,summer_3,39.499794,-75.006409,720,1220,2102,2602,-4.128219127655029,19.41689109802246,4.635649281370282,2.778782286971268,-13.579431533813477,17.685932159423828,4.144534991533472,3.660383775537364,0.045776364614071634,19.873656756045595,6.983426878191263,3.319368008442636
1783,4783,20070719070000,summer_3,39.499794,-75.006409,720,1220,2102,2602,-4.155341148376465,22.196163177490234,4.821244549355796,2.817084069555446,-12.263823509216309,17.614927291870117,4.005011715148256,3.5684032072766647,0.03967285117411253,22.63558173431185,7.021837410305686,3.2630938281092594
1784,4784,20070719080000,summer_3,39.499794,-75.006409,720,1220,2102,2602,-6.384503364562988,20.443458557128906,4.967510945388915,2.8980217484240725,-12.296616554260254,16.42955780029297,3.798573418178885,3.468080619604018,0.021362304689467187,21.09744296245207,6.998419003127527,3.24862581731558
1785,4785,20070719090000,summer_3,39.499794,-75.006409,720,1220,2102,2602,-7.538466930389404,23.5357723236084,4.9979688371495365,3.051130542170412,-12.147539138793945,16.92924690246582,3.5941557778532394,3.347972741175238,0.045776365617913914,24.25916327174085,6.904872196700064,3.276996683069678
1786,4786,20070719100000,summer_3,39.499794,-75.006409,720,1220,2102,2602,-8.522290229797363,23.55306625366211,4.934527953487441,3.2086814178959275,-11.346309661865234,17.329774856567383,3.3798730444438605,3.134492676207869,0.015258788965914675,24.240851481437325,6.730423452526949,3.2550251686790026
1787,4787,20070719110000,summer_3,39.499794,-75.006409,720,1220,2102,2602,-8.197230339050293,22.18140411376953,4.620595060311046,3.28993942222405,-11.126517295837402,18.88319969177246,3.2317189863630142,2.895177514382432,0.02441406178270326,26.83187031837368,6.395534435659667,3.1775461982748507
1788,4788,20070719120000,summer_3,39.499794,-75.006409,720,1220,2102,2602,-7.469189167022705,23.911609649658203,4.022342014360023,3.2111642437084518,-9.948101997375488,14.889205932617188,3.0822104613232333,2.6406993442859283,0.030517577383582867,24.002807987816606,5.759336113804957,3.1295643408599307
1789,4789,20070719130000,summer_3,39.499794,-75.006409,720,1220,2102,2602,-9.384574890136719,22.140836715698242,3.877353743277514,3.129532251497592,-8.119290351867676,15.222723007202148,3.2073870935570707,2.5526440243229103,0.03967285098666339,22.168647740501843,5.750768905001288,2.9257178004329054
1790,4790,20070719140000,summer_3,39.499794,-75.006409,720,1220,2102,2602,-7.156339645385742,21.206472396850586,3.9739759590386052,3.1597165690906555,-11.530531883239746,14.50322437286377,3.448821584251431,2.5459807115023585,0.006103515475258429,21.243934205635714,6.0709933799393285,2.701059274447024
1791,4791,20070719150000,summer_3,39.499794,-75.006409,720,1220,2102,2602,-7.559182643890381,20.164783477783203,4.148299109823076,3.2764682583298432,-19.727455139160156,13.483529090881348,3.717915801248462,2.7341965867961457,0.03356933563482476,20.28870421505234,6.533912171298535,2.559365228055479
1792,4792,20070719160000,summer_3,39.499794,-75.006409,720,1220,2102,2602,-8.653265953063965,19.340322494506836,4.344308760457778,3.4830271091534843,-21.212148666381836,13.512864112854004,3.9812857093190623,3.125915702349405,0.018310547194418325,22.35175287219167,7.091013577531513,2.518731381067615
1793,4793,20070719170000,summer_3,39.499794,-75.006409,720,1220,2102,2602,-10.375428199768066,24.0269832611084,4.518372602531258,3.7181548677991367,-25.797325134277344,15.167170524597168,4.254775179006733,3.618486951759375,0.057983397935440016,30.780967857629072,7.6730146818533305,2.5615955832744888
1794,4794,20070719180000,summer_3,39.499794,-75.006409,720,1220,2102,2602,-10.558213233947754,29.831829071044922,4.617838218007569,3.9164737654739743,-23.665891647338867,17.04538917541504,4.477154791675254,4.257736671142348,0.08239746449412881,29.834893887009404,8.240414504567317,2.632869526897376
1795,4795,20070719190000,summer_3,39.499794,-75.006409,720,1220,2102,2602,-11.44865608215332,31.072383880615234,4.525772785648604,4.037888004707429,-22.476327896118164,16.97190284729004,4.650607791499195,5.034976578996812,0.04272461032364231,31.073943416426786,8.688871678653419,2.8757276955879587
1796,4796,20070719200000,summer_3,39.499794,-75.006409,720,1220,2102,2602,-12.100842475891113,26.252079010009766,4.4312064295843365,4.174725207027203,-15.595440864562988,17.81610870361328,4.802785499357181,5.62622339569961,0.03356933373566731,26.99056920702448,9.05968141350077,3.115643097788932
1797,4797,20070719210000,summer_3,39.499794,-75.006409,720,1220,2102,2602,-11.478018760681152,31.659990310668945,4.383770296617801,4.0264998904349465,-18.451507568359375,18.07588005065918,4.921316625669124,6.1080161538220965,0.030517577500089935,32.12378598313137,9.231663838361449,3.4254554182049586
1798,4798,20070719220000,summer_3,39.499794,-75.006409,720,1220,2102,2602,-10.871077537536621,27.332448959350586,4.302223146115081,3.8256698816337833,-18.116811752319336,17.410539627075195,4.945336793512987,6.244733870562796,0.015258788837465778,27.805411993776758,9.091421914343854,3.7341637260602294
1799,4799,20070719230000,summer_3,39.499794,-75.006409,720,1220,2102,2602,-11.649945259094238,25.566146850585938,4.273801122081949,3.5254059992583873,-19.723636627197266,16.915237426757812,4.916138010183872,6.28861860585801,0.024414062658083324,25.83086468036017,8.929766436842698,3.8299179859719925
1800,4800,20070720000000,summer_3,39.499794,-75.006409,720,1220,2102,2602,-11.04974365234375,24.670217514038086,4.459987669611111,3.331160336598964,-22.59955596923828,17.132322311401367,5.003433136459086,6.326705416498231,0.061035156994842285,25.13199673775698,9.040497810854129,3.7840537933966854
1801,4801,20070720010000,summer_3,39.499794,-75.006409,720,1220,2102,2602,-9.570558547973633,23.0969181060791,4.7868072004000455,3.1228352786756584,-18.490089416503906,18.646869659423828,4.943709607822359,6.322384201197194,0.05187988101230477,23.25205200105568,9.136529686132231,3.6881235499899425
1802,4802,20070720020000,summer_3,39.499794,-75.006409,720,1220,2102,2602,-8.999499320983887,20.839881896972656,5.040251585747446,2.98703371165857,-14.424562454223633,18.06679916381836,4.665467515546439,6.424895796361038,0.05187988259200237,21.22562449941123,9.208048146780088,3.547425672443468
1803,4803,20070720030000,summer_3,39.499794,-75.006409,720,1220,2102,2602,-9.274506568908691,22.09781265258789,5.244327172599335,2.9296319125572636,-17.305788040161133,18.587427139282227,4.3641097213236,6.568309971292096,0.03356933543230778,23.496199698664412,9.252546352301831,3.5586860178400213
1804,4804,20070720040000,summer_3,39.499794,-75.006409,720,1220,2102,2602,-7.414584636688232,20.61842918395996,5.409226916966564,2.7911519126099624,-16.61269760131836,19.849580764770508,4.102092396531954,6.590466755984159,0.054931643104651984,22.90414513381667,9.168862418195298,3.6391813483426945
1805,4805,20070720050000,summer_3,39.499794,-75.006409,720,1220,2102,2602,-6.354604721069336,19.759395599365234,5.549954008532663,2.76535510094516,-12.356772422790527,20.09547996520996,3.82144897533669,6.617552552324686,0.07324218714545101,20.99368257985554,9.141107944446238,3.6448316741673934
1806,4806,20070720060000,summer_3,39.499794,-75.006409,720,1220,2102,2602,-6.19825553894043,17.135663986206055,5.712671766958831,2.687874790139342,-12.815962791442871,20.08262062072754,3.5359677974772286,6.616329672883378,0.04882812462220912,21.054718107577212,9.076783218709943,3.7081238666060923
1807,4807,20070720070000,summer_3,39.499794,-75.006409,720,1220,2102,2602,-7.363467216491699,16.834880828857422,5.855718629217097,2.5828641646862023,-13.625008583068848,20.82478141784668,3.2108456290686482,6.630364017246217,0.0823974657479605,22.516555153385134,9.042430904016797,3.669649568932292
1808,4808,20070720080000,summer_3,39.499794,-75.006409,720,1220,2102,2602,-10.480615615844727,17.466955184936523,5.950511386035002,2.5099298042456195,-15.425573348999023,19.59276580810547,2.8284104424678667,6.683063646381002,0.057983401199911334,21.066924899223572,9.048385059633,3.5352944039815957
1809,4809,20070720090000,summer_3,39.499794,-75.006409,720,1220,2102,2602,-8.245292663574219,21.510494232177734,5.985495041791899,2.4713577273179363,-14.914716720581055,20.542131423950195,2.375455432376312,6.720992137580507,0.04272460958502214,24.59486408541684,9.006230300304845,3.411172747631745
1810,4810,20070720100000,summer_3,39.499794,-75.006409,720,1220,2102,2602,-6.064108371734619,19.667695999145508,5.943682810887693,2.44358363223409,-15.787650108337402,20.539785385131836,1.8654328950088004,6.749503857463418,0.027465820421437824,22.336495302351373,8.92704503591097,3.262204079863177
1811,4811,20070720110000,summer_3,39.499794,-75.006409,720,1220,2102,2602,-8.481949806213379,18.64802360534668,5.631593746200571,2.4018628176101444,-14.133259773254395,19.883777618408203,1.3414892289521327,6.755915203291101,0.07019043378157021,21.38737430315688,8.646018371630644,3.1893797233542664
1812,4812,20070720120000,summer_3,39.499794,-75.006409,720,1220,2102,2602,-9.497106552124023,17.121320724487305,5.1915874591578435,2.4290391744528432,-14.75361156463623,19.68702507019043,0.9730510284261976,6.694680225275184,0.05798339597214475,21.378219969712543,8.236207020422587,3.2837900658332475
1813,4813,20070720130000,summer_3,39.499794,-75.006409,720,1220,2102,2602,-11.44180679321289,18.559675216674805,5.10345791297371,2.556843908296585,-14.063142776489258,18.30541229248047,0.5001181931446766,6.824002918681636,0.051879883469630794,21.82378352003306,8.35727899621356,3.091238467285362
1814,4814,20070720140000,summer_3,39.499794,-75.006409,720,1220,2102,2602,-14.228033065795898,21.676387786865234,5.042817486417107,2.7224126806580298,-13.476114273071289,17.52171516418457,0.12295357536005823,6.878493145094022,0.1403884933987557,22.72408266772062,8.44034832545995,2.988451886650754
1815,4815,20070720150000,summer_3,39.499794,-75.006409,720,1220,2102,2602,-15.410146713256836,24.8338623046875,4.976743507113474,2.815943231358306,-15.679132461547852,19.26526641845703,-0.15552275086639986,6.881074915773694,0.1159667932252001,26.69149116231331,8.443094523262737,2.9639578963957245
1816,4816,20070720160000,summer_3,39.499794,-75.006409,720,1220,2102,2602,-13.215896606445312,21.164562225341797,4.886017774546247,2.918215118247004,-14.498977661132812,19.207130432128906,-0.37783014472254994,6.875402498172071,0.039672851496183846,23.358863118721917,8.423638026381155,2.9741194831721938
1817,4817,20070720170000,summer_3,39.499794,-75.006409,720,1220,2102,2602,-12.703201293945312,16.1994571685791,4.745873241762957,3.0208647505917687,-16.882871627807617,18.633163452148438,-0.6079439442997546,6.900241731866897,0.08544922003894027,19.186989040654446,8.412186381828773,2.977748938918837
1818,4818,20070720180000,summer_3,39.499794,-75.006409,720,1220,2102,2602,-14.376956939697266,17.570377349853516,4.540814075875068,3.1578864318592386,-14.620306015014648,19.069866180419922,-0.8040188716479202,6.99354949252151,0.04272460683554475,19.223610425649625,8.441102382753694,2.982483965148783
1819,4819,20070720190000,summer_3,39.499794,-75.006409,720,1220,2102,2602,-14.134064674377441,18.85289192199707,4.266496590780347,3.321759892666718,-17.211780548095703,19.861112594604492,-1.0170127439510304,7.141597625790521,0.08239746077016982,21.24698573665603,8.532831562413271,2.909398398502524
1820,4820,20070720200000,summer_3,39.499794,-75.006409,720,1220,2102,2602,-12.565011024475098,16.824451446533203,3.9568012238638586,3.4610384399387524,-17.918195724487305,19.071931838989258,-1.2980489051102335,7.139715597470064,0.018310546322261503,19.88281211465213,8.504957986619912,2.8215638264178162
1821,4821,20070720210000,summer_3,39.499794,-75.006409,720,1220,2102,2602,-14.29636287689209,15.986703872680664,3.6360192856015106,3.5500199744525247,-17.08675193786621,16.954559326171875,-1.6092496605586666,7.061405653158508,0.07324218267192485,19.467758911233936,8.416382237197418,2.7278054128058593
1822,4822,20070720220000,summer_3,39.499794,-75.006409,720,1220,2102,2602,-12.500816345214844,17.55068016052246,3.3448033977815887,3.579084413435366,-17.404146194458008,19.638288497924805,-1.887200202120214,6.908309860957465,0.04577636584803758,20.587784370851335,8.259796619053335,2.65698787315017
1823,4823,20070720230000,summer_3,39.499794,-75.006409,720,1220,2102,2602,-9.740110397338867,16.724958419799805,2.9888959376037616,3.5328501480753935,-19.389570236206055,16.41301155090332,-1.999321804331222,6.538606889826945,0.05493164033702786,20.136115246240664,7.824666942693606,2.634346990710438
1824,4824,20070721000000,summer_3,39.499794,-75.006409,720,1220,2102,2602,-9.444665908813477,15.658413887023926,2.907724253593702,3.7997232290952048,-17.022451400756836,16.815898895263672,-2.6561598823087276,6.572645022429463,0.036621096141589406,18.4636994845986,8.125633629050387,2.668648157843458
1825,4825,20070721010000,summer_3,39.499794,-75.006409,720,1220,2102,2602,-9.555256843566895,15.44377613067627,2.724971163869132,3.9840264996597776,-17.605661392211914,17.09844398498535,-3.435080747320677,6.71642925629345,0.0061035155031504635,19.79735518847989,8.482486106625009,2.873250100536166
1826,4826,20070721020000,summer_3,39.499794,-75.006409,720,1220,2102,2602,-9.173808097839355,15.037912368774414,2.3851685837573937,4.0009520373844945,-21.243940353393555,18.113719940185547,-4.007854348176069,6.5636293253140545,0.04577636693817146,21.762748704583515,8.48158857853841,2.9838612499775583
1827,4827,20070721030000,summer_3,39.499794,-75.006409,720,1220,2102,2602,-9.683063507080078,15.171558380126953,2.0024908485276964,3.9379872288093707,-19.357147216796875,18.353069305419922,-4.492704532647369,6.1738096353702225,0.02136230405098858,20.682395760104665,8.311022441361029,2.957184205178408
1828,4828,20070721040000,summer_3,39.499794,-75.006409,720,1220,2102,2602,-9.274142265319824,14.99864387512207,1.598176353581734,3.906063533373954,-18.375267028808594,19.648529052734375,-4.913820919308994,5.728022789001458,0.03967285158546098,19.849235164583593,8.170163988927108,2.8312190795307646
1829,4829,20070721050000,summer_3,39.499794,-75.006409,720,1220,2102,2602,-8.769200325012207,17.9179744720459,1.1408801830054796,3.8038250296418306,-17.51883316040039,22.236909866333008,-5.182293172129648,5.326066010704826,0.042724609664486816,23.068938223946134,7.994378541508751,2.661530735395612
1830,4830,20070721060000,summer_3,39.499794,-75.006409,720,1220,2102,2602,-9.064074516296387,15.241447448730469,0.7300415407918172,3.6835278795098647,-18.25374412536621,19.909204483032227,-5.315925736993186,5.05639264875407,0.05798339917009996,21.817680114838925,7.818215176873903,2.608260492762835
1831,4831,20070721070000,summer_3,39.499794,-75.006409,720,1220,2102,2602,-9.860158920288086,17.666149139404297,0.42216551612295244,3.550643250712423,-16.51944351196289,17.644947052001953,-5.349702409125497,4.898921773112953,0.015258788914980287,22.68746132705387,7.647062045703186,2.631821363862323
1832,4832,20070721080000,summer_3,39.499794,-75.006409,720,1220,2102,2602,-8.489376068115234,11.421483993530273,0.278925860301822,3.4603626301309123,-16.162809371948242,21.255739212036133,-5.297373312442273,4.793554251381048,0.08544922065259827,21.262243909483107,7.489857197511891,2.6446691098774346
1833,4833,20070721090000,summer_3,39.499794,-75.006409,720,1220,2102,2602,-9.133001327514648,14.132709503173828,0.18169642031496658,3.3960024677741543,-16.147048950195312,15.980880737304688,-5.209114213081175,4.764796511968854,0.03051757737256875,18.23786144957749,7.381469743428016,2.6301915258275463
1834,4834,20070721100000,summer_3,39.499794,-75.006409,720,1220,2102,2602,-8.878479957580566,15.604901313781738,0.12598183960931655,3.3352245866166452,-15.6568021774292,15.300722122192383,-5.112147508886807,4.742149932681403,0.018310546980087612,20.70070677738824,7.2803727548911255,2.5995778798817195
1835,4835,20070721110000,summer_3,39.499794,-75.006409,720,1220,2102,2602,-10.039219856262207,17.628332138061523,0.10565812445539585,3.0808131710944204,-13.966850280761719,17.96316909790039,-4.7494368741127495,4.46247147598187,0.04272460996077403,24.018066224326493,6.781693350588123,2.445815002851774
1836,4836,20070721120000,summer_3,39.499794,-75.006409,720,1220,2102,2602,-9.43936824798584,17.413806915283203,0.15891200997724292,2.781084184732882,-13.297383308410645,15.686752319335938,-3.995302311446174,4.083592009503176,0.01525878913040097,20.92959650140102,5.819965351398253,2.5545742968125804
1837,4837,20070721130000,summer_3,39.499794,-75.006409,720,1220,2102,2602,-8.890687942504883,17.836044311523438,0.0892660665521645,2.7231881787577255,-15.44790267944336,18.098377227783203,-4.177281227316232,3.9213344665031054,0.018310547079511845,22.89193871488838,5.857308730238487,2.437662646165241
1838,4838,20070721140000,summer_3,39.499794,-75.006409,720,1220,2102,2602,-9.279178619384766,19.33793067932129,-0.015883209883543664,2.6238948117213754,-16.176799774169922,18.595182418823242,-4.407361314944613,3.8022710147230083,0.03967285164863182,23.89599686026879,5.946679546512461,2.324688637279834
1839,4839,20070721150000,summer_3,39.499794,-75.006409,720,1220,2102,2602,-10.59108829498291,31.317258834838867,-0.03627331159592816,2.4692436518651677,-18.309797286987305,18.970582962036133,-4.580337365082159,3.7626804493806936,0.08239745965543112,31.32419501235254,5.993176971799299,2.3059844518609873
1840,4840,20070721160000,summer_3,39.499794,-75.006409,720,1220,2102,2602,-10.293291091918945,25.048879623413086,0.0511319019987497,2.3259170508059834,-16.322776794433594,17.557279586791992,-4.744078419744171,3.683500717430899,0.07629394693493785,25.626397830773744,6.02378557533238,2.2805634235964294
1841,4841,20070721170000,summer_3,39.499794,-75.006409,720,1220,2102,2602,-12.200562477111816,26.599262237548828,0.10059833249979262,2.270902610630885,-19.272720336914062,16.008689880371094,-4.844272255078745,3.6635470652912865,0.061035157992839574,27.689445819680653,6.058099086785318,2.3141099643476113
1842,4842,20070721180000,summer_3,39.499794,-75.006409,720,1220,2102,2602,-13.231083869934082,21.396221160888672,0.06264629306145804,2.2466354359705596,-18.668437957763672,19.27825927734375,-4.908794497670742,3.6729150459185167,0.02441406140534672,23.068939464716003,6.088096381430293,2.360708822685579
1843,4843,20070721190000,summer_3,39.499794,-75.006409,720,1220,2102,2602,-9.614642143249512,15.229255676269531,-0.06947957384241209,2.3150867382386386,-18.95603370666504,19.404052734375,-4.932837345912604,3.659420646089623,0.033569334981483186,20.563369766820408,6.112602753275261,2.3926523658188525
1844,4844,20070721200000,summer_3,39.499794,-75.006409,720,1220,2102,2602,-8.820308685302734,13.369230270385742,-0.2752639956277092,2.4014656767977014,-16.06326675415039,17.480998992919922,-4.891520307188175,3.6573265315110914,0.045776367317692385,18.210396875283564,6.114704221550408,2.3992099159534264
1845,4845,20070721210000,summer_3,39.499794,-75.006409,720,1220,2102,2602,-9.388946533203125,14.316888809204102,-0.5120862942848956,2.460947962374412,-16.28313446044922,16.259798049926758,-4.85512832098204,3.5672320546083447,0.06713867035391156,19.208351025803893,6.078432127658822,2.380877077965472
1846,4846,20070721220000,summer_3,39.499794,-75.006409,720,1220,2102,2602,-9.888762474060059,14.852338790893555,-0.7624017261335689,2.5414171939654713,-15.09332275390625,16.6280460357666,-4.771397751897924,3.544430685278911,0.04577636633776341,18.408767848613145,6.067252469558323,2.357483956678496
1847,4847,20070721230000,summer_3,39.499794,-75.006409,720,1220,2102,2602,-10.430078506469727,15.54620361328125,-0.8978722113224245,2.6695106486392652,-13.283249855041504,17.493263244628906,-4.573442173940174,3.5000446209687706,0.04272460816533241,20.609147282726468,5.960260932313767,2.3610245439098514
1848,4848,20070722000000,summer_4,39.499794,-75.006409,720,1220,2102,2602,-9.682181358337402,17.69085121154785,-1.0890531985606176,2.909569987530156,-12.608376502990723,15.257929801940918,-4.93544161058468,3.7696391830577745,0.0366210928345246,20.032348246263023,6.470684614388561,2.520047313976803
1849,4849,20070722010000,summer_4,39.499794,-75.006409,720,1220,2102,2602,-11.005901336669922,15.366147994995117,-1.4159105429926704,3.0353749356381807,-13.416630744934082,17.027523040771484,-5.131094274049727,3.9818329525634253,0.06103515881919572,20.03234910101296,6.791802481284872,2.6968212458701846
1850,4850,20070722020000,summer_4,39.499794,-75.006409,720,1220,2102,2602,-11.207969665527344,11.256143569946289,-1.6836908172500544,3.092720649545709,-13.830480575561523,14.750619888305664,-5.113881535721511,4.011520108599328,0.0152587896480368,15.643791341033966,6.84713656471871,2.785773607348738
1851,4851,20070722030000,summer_4,39.499794,-75.006409,720,1220,2102,2602,-10.172911643981934,10.331241607666016,-1.840768388575123,3.0504119377681937,-15.634684562683105,17.153383255004883,-5.0315177467511605,3.961783020700852,0.033569337056317226,17.23380265576413,6.76898167047779,2.8082421430812037
1852,4852,20070722040000,summer_4,39.499794,-75.006409,720,1220,2102,2602,-11.00160026550293,11.319912910461426,-1.9038877188824574,2.9797520270721223,-13.658459663391113,17.58075714111328,-4.967624912131251,3.9227009476752634,0.027465819459257912,17.926574824301696,6.695137915244989,2.782753829809649
1853,4853,20070722050000,summer_4,39.499794,-75.006409,720,1220,2102,2602,-10.648547172546387,14.406015396118164,-1.9147431763623077,2.872353094586607,-14.235607147216797,16.88138198852539,-4.993590403408305,3.95280526255154,0.03662109238442139,18.448441012578723,6.688350307134132,2.782667508189347
1854,4854,20070722060000,summer_4,39.499794,-75.006409,720,1220,2102,2602,-11.074045181274414,10.036897659301758,-1.9285504680501475,2.7621561478866066,-14.701986312866211,16.1535587310791,-5.082726545216201,4.005680588801009,0.061035157586863516,17.178871045133864,6.733447889905106,2.808750455273535
1855,4855,20070722070000,summer_4,39.499794,-75.006409,720,1220,2102,2602,-11.264838218688965,12.452082633972168,-1.9302658670846762,2.6886968244307026,-15.342484474182129,20.874483108520508,-5.253799919034383,4.0561614157440165,0.07324218915079217,21.472823117263722,6.84800826506809,2.8486240104147136
1856,4856,20070722080000,summer_4,39.499794,-75.006409,720,1220,2102,2602,-11.474064826965332,20.647354125976562,-1.9578960506841456,2.6719900372279803,-16.802976608276367,20.2990779876709,-5.434722684684281,4.103477663806609,0.04882812635341691,21.021148795181762,6.996569540999239,2.897523418209679
1857,4857,20070722090000,summer_4,39.499794,-75.006409,720,1220,2102,2602,-11.318979263305664,13.626689910888672,-2.076820263547963,2.669560104019665,-16.443119049072266,20.157140731811523,-5.624595766221732,4.066015380523824,0.04577636610096265,22.095398105690204,7.153978597215188,2.9032537599561756
1858,4858,20070722100000,summer_4,39.499794,-75.006409,720,1220,2102,2602,-11.519793510437012,13.14486312866211,-2.282524432952577,2.6560721487365315,-17.00176429748535,18.62043571472168,-5.786480780206148,4.030544787145647,0.015258788514737394,19.0527041818193,7.302275452893025,2.9444967918606113
1859,4859,20070722110000,summer_4,39.499794,-75.006409,720,1220,2102,2602,-13.181468963623047,8.92905330657959,-2.4713705334735603,2.6331041213259563,-14.40128231048584,15.426944732666016,-5.66582472362094,3.857344943404151,0.03662109629017053,16.220588032711536,7.186369782742182,2.8944220121390543
1860,4860,20070722120000,summer_4,39.499794,-75.006409,720,1220,2102,2602,-13.204784393310547,12.208657264709473,-2.4978081386458597,2.505972311927418,-15.169596672058105,13.88214111328125,-4.8878472617604265,3.7576603573225666,0.036621092756138576,17.545089995919707,6.35176400093754,3.1914101925823837
1861,4861,20070722130000,summer_4,39.499794,-75.006409,720,1220,2102,2602,-16.107423782348633,12.972564697265625,-2.7865651055112104,2.4758816815135734,-16.040699005126953,14.599250793457031,-4.769263313298885,3.733005715988011,0.039672851779141996,20.35584265189606,6.295916531990066,3.307200392703651
1862,4862,20070722140000,summer_4,39.499794,-75.006409,720,1220,2102,2602,-12.611502647399902,11.596402168273926,-3.3462539054661478,2.389882432220456,-15.656730651855469,14.096378326416016,-4.86126544908084,3.6871651985933207,0.051879883200273307,18.860435549088386,6.641502931601418,3.166461908401559
1863,4863,20070722150000,summer_4,39.499794,-75.006409,720,1220,2102,2602,-13.407970428466797,17.56235694885254,-3.8498795294998858,2.263661958102194,-14.763371467590332,15.77525520324707,-4.844502664920681,3.6957084678121985,0.054931639785011026,18.74752081385635,6.919014347801911,3.0332236080801858
1864,4864,20070722160000,summer_4,39.499794,-75.006409,720,1220,2102,2602,-13.47900104522705,12.86281681060791,-4.087751552511674,2.234575079194634,-14.564502716064453,19.39802360534668,-4.755001366942629,3.7925718516264864,0.1159667975699674,20.197151534408782,7.058694869935142,2.9785070962054836
1865,4865,20070722170000,summer_4,39.499794,-75.006409,720,1220,2102,2602,-13.578692436218262,10.36882209777832,-4.182479899603734,2.3355051072780384,-13.979647636413574,17.63126564025879,-4.589148444755655,3.944967468047217,0.08544921853625805,19.208351178844577,7.117105840540167,2.9862314785050104
1866,4866,20070722180000,summer_4,39.499794,-75.006409,720,1220,2102,2602,-14.164566993713379,11.973977088928223,-4.243525991689576,2.422492751357083,-18.017471313476562,24.33209800720215,-4.403271236008893,4.106782767335563,0.13428498405221734,25.09536792272659,7.138614031788487,3.0283057893189644
1867,4867,20070722190000,summer_4,39.499794,-75.006409,720,1220,2102,2602,-15.099860191345215,9.634514808654785,-4.3085415726607,2.505012745185599,-15.049039840698242,18.539953231811523,-4.192334968368998,4.274731102319748,0.10070800360989197,18.552200034586054,7.14755651333447,3.0983953443237584
1868,4868,20070722200000,summer_4,39.499794,-75.006409,720,1220,2102,2602,-15.647875785827637,8.157133102416992,-4.402091788681388,2.493906210620136,-15.473677635192871,20.66936683654785,-3.968419983822191,4.454803023208941,0.027465819443234084,20.67934360811352,7.148401942131032,3.1767840846796513
1869,4869,20070722210000,summer_4,39.499794,-75.006409,720,1220,2102,2602,-14.296065330505371,15.054093360900879,-4.474961503613203,2.4967568807895786,-16.726320266723633,21.45473289489746,-3.745530724123724,4.576827365853058,0.045776367492875884,24.8603749640789,7.122660079137448,3.240854504575637
1870,4870,20070722220000,summer_4,39.499794,-75.006409,720,1220,2102,2602,-14.928390502929688,9.935612678527832,-4.53954959519876,2.5419318629919676,-15.452258110046387,20.601627349853516,-3.5592870393516796,4.6744685346361985,0.030517577719556824,20.868554297281545,7.13921481148942,3.258791234272893
1871,4871,20070722230000,summer_4,39.499794,-75.006409,720,1220,2102,2602,-16.41191864013672,11.923262596130371,-4.516297869299382,2.634521252758671,-16.17879295349121,22.692468643188477,-3.362162730962267,4.776671994972379,0.04272460997371386,22.89804111109495,7.119694776804294,3.281513147565611
1872,4872,20070723000000,summer_4,39.499794,-75.006409,720,1220,2102,2602,-17.19754409790039,16.59539222717285,-4.807220234028075,2.7538417257988743,-15.82246208190918,22.77106475830078,-3.3633427992651197,4.968644320545328,0.045776368549246875,23.145241190134225,7.5328533989486,3.1541451248482963
1873,4873,20070723010000,summer_4,39.499794,-75.006409,720,1220,2102,2602,-19.084762573242188,16.952999114990234,-5.032557528512166,2.801303932761737,-18.06003761291504,24.69075584411621,-3.221879661033176,5.095106166027972,0.06713867347778185,25.84307103697026,7.716767214218844,3.1569064218509086
1874,4874,20070723020000,summer_4,39.499794,-75.006409,720,1220,2102,2602,-16.329694747924805,13.815731048583984,-5.076936348886752,2.827476140862255,-16.307981491088867,22.36460304260254,-3.0123326306284786,5.098106007256866,0.054931638908787765,23.230689728815346,7.620425270325977,3.2808315189823047
1875,4875,20070723030000,summer_4,39.499794,-75.006409,720,1220,2102,2602,-16.851144790649414,12.101563453674316,-4.989169290206953,2.811467947526768,-18.30177879333496,21.40581512451172,-2.781367508881496,5.134876578803587,0.03356933737994022,22.81258490268837,7.431776965336178,3.4158185055445194
1876,4876,20070723040000,summer_4,39.499794,-75.006409,720,1220,2102,2602,-14.431756019592285,11.427549362182617,-4.814294797366039,2.8505758532222765,-20.66217041015625,25.93076515197754,-2.533638540058488,5.252058096986721,0.04272461177553844,26.743369967788503,7.282630287749733,3.502849081628175
1877,4877,20070723050000,summer_4,39.499794,-75.006409,720,1220,2102,2602,-14.991560935974121,20.778873443603516,-4.558853649668465,2.951003834953744,-18.581140518188477,22.20563316345215,-2.357830617038672,5.4631133992902505,0.03356933500942679,22.63252976113098,7.225948266116821,3.5612097832843475
1878,4878,20070723060000,summer_4,39.499794,-75.006409,720,1220,2102,2602,-15.522830963134766,15.914410591125488,-4.24067841844034,3.165117152800132,-16.169902801513672,27.657657623291016,-2.2417322308233594,5.717989996910445,0.06713867389582537,28.07702706565143,7.263811061585569,3.599880817560855
1879,4879,20070723070000,summer_4,39.499794,-75.006409,720,1220,2102,2602,-16.650114059448242,19.82748794555664,-3.875355849330362,3.425233811495559,-18.691343307495117,21.673254013061523,-2.2021600175974183,5.959844650650939,0.04577636572185078,22.296821165994114,7.335783550264929,3.6477590831922
1880,4880,20070723080000,summer_4,39.499794,-75.006409,720,1220,2102,2602,-17.400726318359375,14.282402992248535,-3.516791482916568,3.6552642072874146,-20.08149528503418,24.33637809753418,-2.1995219655628344,6.1229114409124,0.03967284965672451,24.33850844891645,7.3901526260629105,3.6663830014246783
1881,4881,20070723090000,summer_4,39.499794,-75.006409,720,1220,2102,2602,-16.354398727416992,18.366230010986328,-3.198124952131085,3.942124442276583,-17.25528907775879,23.041597366333008,-2.19313094466829,6.237726294656589,0.027465819755343856,23.24594917303376,7.442810214079145,3.7539282242137886
1882,4882,20070723100000,summer_4,39.499794,-75.006409,720,1220,2102,2602,-18.328901290893555,15.7131929397583,-2.9136956194753294,4.200743055906228,-20.968765258789062,19.424251556396484,-2.1756813064355747,6.281048886473919,0.03051757705597542,21.594894743570787,7.459551071098687,3.8309432864260717
1883,4883,20070723110000,summer_4,39.499794,-75.006409,720,1220,2102,2602,-17.286436080932617,13.544316291809082,-2.6214116965010654,4.367146792273295,-22.979116439819336,17.72718620300293,-2.0585877795755136,6.182965639431886,0.05187988227055902,22.99874942031547,7.309381095873195,3.870861160997653
1884,4884,20070723120000,summer_4,39.499794,-75.006409,720,1220,2102,2602,-16.150379180908203,11.421819686889648,-2.3356839378140863,4.328445285140237,-24.191747665405273,17.670873641967773,-1.7018712225351216,6.009189702058916,0.021362304180013097,24.23169761053699,6.7937451779009495,4.128269738641986
1885,4885,20070723130000,summer_4,39.499794,-75.006409,720,1220,2102,2602,-19.393152236938477,10.804732322692871,-2.117145772164211,4.372051804963032,-23.43107795715332,20.364023208618164,-1.4412342358897308,5.903270613164847,0.015258788953599634,23.43211227791378,6.426624228557735,4.38422219849135
1886,4886,20070723140000,summer_4,39.499794,-75.006409,720,1220,2102,2602,-16.846546173095703,10.588118553161621,-2.0541712705220676,4.473633763589251,-20.35609245300293,17.511648178100586,-1.365330874253177,5.849190241395873,0.01831054645750993,20.777000181736508,6.509709194938445,4.234838808376005
1887,4887,20070723150000,summer_4,39.499794,-75.006409,720,1220,2102,2602,-17.63874053955078,10.682273864746094,-1.9578310299737942,4.5242652765603495,-19.38230323791504,16.21919822692871,-1.2828903854476892,5.802405403856215,0.01831054707213089,19.721061409502287,6.592536923114507,4.019235221253391
1888,4888,20070723160000,summer_4,39.499794,-75.006409,720,1220,2102,2602,-16.119468688964844,11.0195951461792,-1.782114743782274,4.513556193061407,-16.998563766479492,17.31489372253418,-1.2018271417914477,5.727675615879914,0.015258789286663443,19.669182783110728,6.575851320264397,3.8153582166289572
1889,4889,20070723170000,summer_4,39.499794,-75.006409,720,1220,2102,2602,-16.29151725769043,13.427724838256836,-1.5574336523955328,4.517749047963383,-17.817331314086914,17.347423553466797,-1.06868923335583,5.616602737882685,0.015258789383802448,18.964203074819874,6.4980520458727105,3.646820347069424
1890,4890,20070723180000,summer_4,39.499794,-75.006409,720,1220,2102,2602,-18.430055618286133,14.37179946899414,-1.3137143701717948,4.54446394081487,-18.041561126708984,16.305152893066406,-0.8583776084681349,5.465498524867012,0.015258789306232328,20.487075797465568,6.36169270052225,3.537704083714097
1891,4891,20070723190000,summer_4,39.499794,-75.006409,720,1220,2102,2602,-18.713350296020508,14.139717102050781,-1.0632812924016206,4.5147541635271145,-16.226133346557617,17.196958541870117,-0.6039770622185198,5.263971023272343,0.021362305248120404,18.81160759914098,6.126007141613968,3.4727205459536097
1892,4892,20070723200000,summer_4,39.499794,-75.006409,720,1220,2102,2602,-17.452363967895508,12.985037803649902,-0.8691115502455687,4.46627438384226,-15.728734016418457,16.315853118896484,-0.3333475897240351,5.066851004585183,0.021362305173767544,18.21955145559433,5.889744559563799,3.4348173895951373
1893,4893,20070723210000,summer_4,39.499794,-75.006409,720,1220,2102,2602,-18.326635360717773,15.001338958740234,-0.6572745640976535,4.381517757621681,-14.264267921447754,14.24027156829834,-0.05669211465779287,4.885625371447387,0.012207031298345827,18.735312928662193,5.67196588709434,3.3661639821311113
1894,4894,20070723220000,summer_4,39.499794,-75.006409,720,1220,2102,2602,-18.016218185424805,15.43424129486084,-0.5014064588177414,4.252857220974181,-14.777393341064453,12.852782249450684,0.20114567439339778,4.6866065521305265,0.027465819668099127,18.210394826783304,5.478843007561321,3.213288476659505
1895,4895,20070723230000,summer_4,39.499794,-75.006409,720,1220,2102,2602,-17.687801361083984,11.013384819030762,-0.40947130840965806,4.1236956667786675,-13.832314491271973,13.355238914489746,0.5096860024407596,4.473009231190748,0.021362304348849365,18.005920924757202,5.330408154639657,3.004475497149646
1896,4896,20070724000000,summer_4,39.499794,-75.006409,720,1220,2102,2602,-18.821950912475586,10.963394165039062,-0.3694972443088964,4.160376356510031,-13.682625770568848,13.070695877075195,0.8513647118468887,4.376708356869222,0.03051757682572131,18.95504746441954,5.414574542804065,2.829848065788112
1897,4897,20070724010000,summer_4,39.499794,-75.006409,720,1220,2102,2602,-18.750408172607422,10.982490539550781,-0.278028722036811,4.152802354523506,-13.264415740966797,13.052038192749023,1.209921223305911,4.209771340525749,0.012207031064737988,19.40061948506465,5.41155619583529,2.6877892423789693
1898,4898,20070724020000,summer_4,39.499794,-75.006409,720,1220,2102,2602,-19.36748504638672,11.266980171203613,-0.08380747056906533,4.0696649954418085,-11.473138809204102,12.746665954589844,1.5323817381624212,3.9876818239929857,0.033569335453885504,20.77089752561579,5.306306404254306,2.5811062225865484
1899,4899,20070724030000,summer_4,39.499794,-75.006409,720,1220,2102,2602,-18.983287811279297,11.972517013549805,0.21415552558300438,3.933499707044707,-10.95683479309082,12.922757148742676,1.8071910749720619,3.8003107364629836,0.024414061407125816,20.76479419137198,5.172442165501183,2.544096274541995
1900,4900,20070724040000,summer_4,39.499794,-75.006409,720,1220,2102,2602,-17.615720748901367,11.54286003112793,0.5357398158752122,3.77322400529501,-9.184394836425781,12.455612182617188,1.9792156308391695,3.611694588191046,0.02441406411121557,19.449448843779933,5.021831978375917,2.503412158861606
1901,4901,20070724050000,summer_4,39.499794,-75.006409,720,1220,2102,2602,-15.940619468688965,13.119029998779297,0.8511160384931816,3.5971972256606497,-8.464141845703125,12.712004661560059,2.0277258515980687,3.394629884923436,0.01831054801306945,17.95098839962415,4.822890478705227,2.4574657691511965
1902,4902,20070724060000,summer_4,39.499794,-75.006409,720,1220,2102,2602,-13.396079063415527,12.12033748626709,1.1511717926160385,3.471037824708878,-8.198753356933594,12.862051963806152,2.0103661131689243,3.2006872292260886,0.03967285236972334,16.028320455832375,4.656260017061602,2.4450998708635505
1903,4903,20070724070000,summer_4,39.499794,-75.006409,720,1220,2102,2602,-11.725753784179688,11.81254768371582,1.4584703686201923,3.3785557401995,-9.490862846374512,11.976507186889648,1.9061772332757791,3.0641506193257086,0.030517576956296914,13.974426232453355,4.556082987598287,2.4096500116134294
1904,4904,20070724080000,summer_4,39.499794,-75.006409,720,1220,2102,2602,-9.896637916564941,13.04104995727539,1.6886084532570345,3.2840794099709614,-8.591235160827637,10.93083667755127,1.7561524072336834,2.956036682269465,0.033569336711987904,13.171791551812243,4.4462553424456495,2.385291104568829
1905,4905,20070724090000,summer_4,39.499794,-75.006409,720,1220,2102,2602,-8.937146186828613,12.937265396118164,1.7721689696176612,3.221716119258791,-9.12167739868164,10.224496841430664,1.576062901125751,2.844757544421925,0.030517578248259836,14.007995671932134,4.329103946522998,2.314198864621843
1906,4906,20070724100000,summer_4,39.499794,-75.006409,720,1220,2102,2602,-8.569971084594727,14.39448356628418,1.754551519984358,3.191819399840091,-6.9541144371032715,11.117844581604004,1.4267876262770014,2.7402789856156553,0.006103515685311756,15.689567255197558,4.212025808636664,2.2516333081471225
1907,4907,20070724110000,summer_4,39.499794,-75.006409,720,1220,2102,2602,-8.91411304473877,14.737320899963379,1.6163711796699534,3.157943374554359,-8.386459350585938,11.711418151855469,1.2596681845503517,2.6047062325400407,0.012207031054409968,15.814689333638983,4.059585041370359,2.1157244461986866
1908,4908,20070724120000,summer_4,39.499794,-75.006409,720,1220,2102,2602,-9.320245742797852,13.599345207214355,1.3551442746275388,3.0405074863154007,-8.899165153503418,14.404349327087402,1.0068984240414385,2.343584695198871,0.024414062215856968,14.55122434820897,3.658818130840594,2.0494841606451732
1909,4909,20070724130000,summer_4,39.499794,-75.006409,720,1220,2102,2602,-9.17680835723877,12.069402694702148,1.1379551649469224,3.028303874120988,-12.662123680114746,11.173614501953125,1.0112546261945046,2.325373607719509,0.015258788968671924,12.668235504853714,3.5972288152935388,1.9888462726781155
1910,4910,20070724140000,summer_4,39.499794,-75.006409,720,1220,2102,2602,-10.608409881591797,11.291950225830078,1.0031503538322792,3.0788267525294284,-11.637389183044434,10.168351173400879,1.184483551835,2.356247258043371,0.030517577920931443,12.149421491226194,3.71630406082716,1.9051171506153783
1911,4911,20070724150000,summer_4,39.499794,-75.006409,720,1220,2102,2602,-10.469284057617188,11.149319648742676,0.902615684827848,3.1498437593122457,-11.559845924377441,9.613566398620605,1.4213400064647264,2.399292060537642,0.015258789013690637,13.950011811426627,3.894964796187381,1.828193049098659
1912,4912,20070724160000,summer_4,39.499794,-75.006409,720,1220,2102,2602,-13.768807411193848,17.833751678466797,0.863829419502592,3.244572871528767,-13.122233390808105,10.817123413085938,1.719359425487785,2.509970148797294,0.018310547349524496,18.00591983270143,4.14732457017803,1.8246370258556728
1913,4913,20070724170000,summer_4,39.499794,-75.006409,720,1220,2102,2602,-10.960831642150879,21.7951602935791,0.8181521133916291,3.3759118783594273,-15.103341102600098,13.554327011108398,1.9782695041906908,2.643725255057314,0.0457763668473954,22.098449008673636,4.407732530631507,1.8817229564808367
1914,4914,20070724180000,summer_4,39.499794,-75.006409,720,1220,2102,2602,-10.371580123901367,18.917688369750977,0.7484195524669124,3.5088120834614784,-15.90681266784668,16.280723571777344,2.235950141035885,2.7491564853081947,0.024414061391968552,22.11981174421295,4.652981243197808,1.9439634842043556
1915,4915,20070724190000,summer_4,39.499794,-75.006409,720,1220,2102,2602,-11.329495429992676,23.36286735534668,0.623435429996172,3.650686719427064,-14.196795463562012,18.437055587768555,2.466318592146327,2.869258660250069,0.02136230388858979,24.597915960778245,4.870850319475327,2.075180734642028
1916,4916,20070724200000,summer_4,39.499794,-75.006409,720,1220,2102,2602,-12.179709434509277,21.602006912231445,0.5184799843881827,3.83856611190907,-13.19681453704834,20.56820297241211,2.610650051566895,3.0233248803800103,0.012207031540257814,22.782066421175116,5.087043745478023,2.254192592786128
1917,4917,20070724210000,summer_4,39.499794,-75.006409,720,1220,2102,2602,-11.586498260498047,21.317745208740234,0.42439691027768245,3.83363110061869,-12.183467864990234,19.08912467956543,2.693233253936978,3.1511967624013404,0.02746582136818901,21.43009926130043,5.171683395665095,2.305228275804094
1918,4918,20070724220000,summer_4,39.499794,-75.006409,720,1220,2102,2602,-10.990586280822754,20.935016632080078,0.36021502039148784,3.8067612248515377,-13.702579498291016,17.947566986083984,2.749110267989115,3.2050596537056877,0.02441406126379381,21.378219002369562,5.184410374249154,2.360739207261524
1919,4919,20070724230000,summer_4,39.499794,-75.006409,720,1220,2102,2602,-9.948319435119629,15.880768775939941,0.28920333898252437,3.646791953086602,-11.792344093322754,13.463033676147461,2.751944573634101,3.1008255195873446,0.03967284922804255,16.858421307475144,5.027721932289543,2.3006651497401425
1920,4920,20070725000000,summer_4,39.499794,-75.006409,720,1220,2102,2602,-10.179581642150879,14.746530532836914,0.23927278548362607,3.747455264882183,-10.640525817871094,15.037590026855469,2.9844825878130106,3.1703681232231475,0.03356933754692688,15.271462213530574,5.196823532473546,2.46009511080445
1921,4921,20070725010000,summer_4,39.499794,-75.006409,720,1220,2102,2602,-8.81055736541748,12.650076866149902,0.23921759793800557,3.675081175933828,-8.905624389648438,13.391443252563477,3.110571880620963,3.219402438457563,0.015258788472358918,13.602096632451081,5.175280678576362,2.611537112904375
1922,4922,20070725020000,summer_4,39.499794,-75.006409,720,1220,2102,2602,-9.05611801147461,13.147699356079102,0.30220995380107485,3.5521375623274265,-9.220674514770508,15.881394386291504,3.089192865361666,3.050530128202657,0.030517578424836867,15.964233765448308,4.984231152433272,2.5913893106712322
1923,4923,20070725030000,summer_4,39.499794,-75.006409,720,1220,2102,2602,-8.477919578552246,13.523987770080566,0.38152029180527675,3.5923460067966557,-8.55881404876709,13.198821067810059,3.098734220616484,2.73467549748932,0.015258789197677687,14.178901966091276,4.864601654523343,2.5429829246386872
1924,4924,20070725040000,summer_4,39.499794,-75.006409,720,1220,2102,2602,-8.349218368530273,14.223573684692383,0.4912070064398766,3.6220698154139677,-8.963133811950684,12.835972785949707,3.0979662088188085,2.4635081284983626,0.03662109386675719,14.41999845189582,4.785919179497421,2.4742511207207762
1925,4925,20070725050000,summer_4,39.499794,-75.006409,720,1220,2102,2602,-7.42855978012085,13.545616149902344,0.5797592386269453,3.5904800907612406,-7.384692192077637,12.726455688476562,2.9990827478386404,2.2965653615967607,0.03662109278016884,14.096497000575694,4.642454660462849,2.438030469650113
1926,4926,20070725060000,summer_4,39.499794,-75.006409,720,1220,2102,2602,-7.643581390380859,13.131348609924316,0.6313373514977473,3.539153789161474,-6.148829460144043,13.262325286865234,2.793179809074508,2.2052699920764045,0.009155273473444676,13.580733814477586,4.444176391748896,2.4163116060492156
1927,4927,20070725070000,summer_4,39.499794,-75.006409,720,1220,2102,2602,-8.101987838745117,13.169559478759766,0.6478387779153955,3.4876944954172973,-6.54911470413208,12.04903507232666,2.502853559127302,2.2355771020247084,0.03356933595575119,14.770957947492432,4.248634801542099,2.4072580285864142
1928,4928,20070725080000,summer_4,39.499794,-75.006409,720,1220,2102,2602,-9.329282760620117,13.751127243041992,0.6260496166671102,3.43452014728149,-5.715583801269531,12.380654335021973,2.200462550078725,2.2859532948387336,0.02136230495473301,13.757744277849778,4.062776714255679,2.3977760602684226
1929,4929,20070725090000,summer_4,39.499794,-75.006409,720,1220,2102,2602,-9.111220359802246,13.711896896362305,0.4966800328234673,3.341956326269674,-6.067987442016602,12.288267135620117,1.914983038308325,2.351469306867213,0.018310546636185636,13.72112272199543,3.876300444299127,2.3635198212354718
1930,4930,20070725100000,summer_4,39.499794,-75.006409,720,1220,2102,2602,-6.779967308044434,12.622594833374023,0.2948531465189126,3.2907394661772247,-5.580132007598877,12.428825378417969,1.652266344212722,2.4111384422987223,0.009155273180672809,12.894073722294602,3.7512885020009774,2.321058346352481
1931,4931,20070725110000,summer_4,39.499794,-75.006409,720,1220,2102,2602,-7.580580234527588,12.073017120361328,-0.008050064111170359,3.169167649670352,-6.25590181350708,11.288926124572754,1.3775998258273965,2.373426628717964,0.030517577758929805,12.109741454267944,3.6035603598837134,2.14218962044709
1932,4932,20070725120000,summer_4,39.499794,-75.006409,720,1220,2102,2602,-6.774364948272705,11.340536117553711,-0.28404505316193707,2.9179273216992736,-6.491540431976318,11.40919303894043,0.9553968721325691,2.064311678391586,0.02441406285971119,11.426131933345177,3.1648675469695173,1.937204363485845
1933,4933,20070725130000,summer_4,39.499794,-75.006409,720,1220,2102,2602,-8.174212455749512,10.678086280822754,-0.40133060478048566,2.855652832435384,-6.891401290893555,12.878955841064453,0.9436806296921326,2.1053545810930117,0.033569336950257794,13.541061654440309,3.225123571298597,1.7992910677734602
1934,4934,20070725140000,summer_4,39.499794,-75.006409,720,1220,2102,2602,-8.862009048461914,10.026755332946777,-0.5364144741110559,2.8155969385131114,-8.0642728805542,11.792695999145508,1.0617901722137206,2.238981329172801,0.027465820021461945,12.787254652605105,3.3914129866357885,1.6894023571880123
1935,4935,20070725150000,summer_4,39.499794,-75.006409,720,1220,2102,2602,-10.511117935180664,9.843667984008789,-0.668514539108464,2.797877370110325,-9.66603946685791,11.761149406433105,1.2899617354845299,2.4167230978078247,0.027465820764725764,12.781150570322849,3.6157242435067034,1.6450287148207634
1936,4936,20070725160000,summer_4,39.499794,-75.006409,720,1220,2102,2602,-9.725976943969727,9.528605461120605,-0.7544665691705053,2.8091280210150895,-8.568509101867676,13.545600891113281,1.5783263050146996,2.560028300255754,0.024414062472640784,13.672294306687286,3.8377093010285774,1.6665131822036487
1937,4937,20070725170000,summer_4,39.499794,-75.006409,720,1220,2102,2602,-10.979280471801758,10.689299583435059,-0.846090523027603,2.8470576601815423,-7.491158962249756,14.994494438171387,1.8678094957864368,2.6759462042168685,0.021362304828940235,16.50440994636425,4.074109742843083,1.6948854525422175
1938,4938,20070725180000,summer_4,39.499794,-75.006409,720,1220,2102,2602,-9.764338493347168,13.12297534942627,-0.9009752221628186,2.92184316064262,-9.60119915008545,15.14939022064209,2.126689656401031,2.7827123577075383,0.0396728502571547,15.152442251919911,4.296364834149938,1.7766457099282795
1939,4939,20070725190000,summer_4,39.499794,-75.006409,720,1220,2102,2602,-10.830392837524414,12.896958351135254,-0.9590448030244787,3.033582593086303,-8.186954498291016,16.909942626953125,2.2999481376073962,2.8251460181597587,0.009155273015396705,17.23380312346541,4.469973513384293,1.8474140122168146
1940,4940,20070725200000,summer_4,39.499794,-75.006409,720,1220,2102,2602,-10.859326362609863,15.574530601501465,-1.0475247265616319,3.0994567123484713,-9.896502494812012,15.870306015014648,2.4779814187242892,2.8290415560565734,0.033569335803711776,16.51966906168184,4.61895204427367,1.874323881995303
1941,4941,20070725210000,summer_4,39.499794,-75.006409,720,1220,2102,2602,-10.232717514038086,14.305354118347168,-1.1083010406677904,3.15501506507324,-8.68506145477295,17.11638641357422,2.6109711276209806,2.86459528699708,0.04272460850445985,17.984559026684057,4.728316596891437,1.9617721082484714
1942,4942,20070725220000,summer_4,39.499794,-75.006409,720,1220,2102,2602,-10.657879829406738,14.081123352050781,-1.1404883417894136,3.276027896069678,-8.927635192871094,21.568645477294922,2.6444186251917183,2.8429460974954366,0.036621092824623426,21.573532017233628,4.784029924041996,2.0546100598362718
1943,4943,20070725230000,summer_4,39.499794,-75.006409,720,1220,2102,2602,-9.325949668884277,12.118548393249512,-1.166974656387322,3.361712865576984,-7.956371784210205,16.844362258911133,2.6078292410522756,2.74791155610571,0.04272460952949753,16.925567592756586,4.776013787717464,2.050469899665782
1944,4944,20070726000000,summer_4,39.499794,-75.006409,720,1220,2102,2602,-10.451939582824707,11.691642761230469,-1.2531794468049915,3.5770091256753065,-9.107488632202148,15.016510009765625,2.83548311112323,2.9923207384385213,0.07019043027618943,16.59901425164233,5.094694458430667,2.324540656011217
1945,4945,20070726010000,summer_4,39.499794,-75.006409,720,1220,2102,2602,-10.429144859313965,11.917630195617676,-1.3166187328557757,3.6189319252380705,-6.365268230438232,16.088544845581055,3.0269506382626776,3.112578783692722,0.030517576916351777,16.180915670199326,5.219766497894622,2.536684396184098
1946,4946,20070726020000,summer_4,39.499794,-75.006409,720,1220,2102,2602,-10.028609275817871,12.57252311706543,-1.2421406936399157,3.715328355413956,-5.669713020324707,14.68588638305664,3.121508732612616,3.071059045468023,0.04882812438665582,14.68855978142782,5.265434564267974,2.607105208709298
1947,4947,20070726030000,summer_4,39.499794,-75.006409,720,1220,2102,2602,-10.488333702087402,13.035713195800781,-1.0962547215206362,3.7634757058837254,-5.712296009063721,13.047558784484863,3.1584151794811244,2.9963459444314604,0.018310547760961037,14.307075370684112,5.2403879651286305,2.618689222274371
1948,4948,20070726040000,summer_4,39.499794,-75.006409,720,1220,2102,2602,-9.592899322509766,13.188522338867188,-0.9065191758228108,3.7170590290117387,-5.122237205505371,12.800942420959473,3.130381011352771,2.9466710679867067,0.024414062595468255,13.870659164772842,5.127025629453059,2.614205174689151
1949,4949,20070726050000,summer_4,39.499794,-75.006409,720,1220,2102,2602,-8.659930229187012,12.932729721069336,-0.7074646580159568,3.6598737924341846,-5.800572395324707,13.684440612792969,3.044950217200192,2.9248143661616455,0.024414062840225695,14.044617081955739,5.0035454444318095,2.585725489321507
1950,4950,20070726060000,summer_4,39.499794,-75.006409,720,1220,2102,2602,-9.283086776733398,12.854730606079102,-0.4962535907779826,3.58073129080338,-6.779086589813232,13.323177337646484,2.8742437977787625,2.9317083383789706,0.06103515520396512,15.210427057180894,4.824059046645073,2.5792537114775627
1951,4951,20070726070000,summer_4,39.499794,-75.006409,720,1220,2102,2602,-9.450867652893066,12.609930992126465,-0.2967561027164294,3.4629189611197964,-8.623887062072754,13.120366096496582,2.6599686866739973,2.9635391347943454,0.024414061964364752,13.318276037493092,4.610094674837671,2.5855167031677833
1952,4952,20070726080000,summer_4,39.499794,-75.006409,720,1220,2102,2602,-8.566971778869629,12.927852630615234,-0.15640027700811018,3.3434844876148784,-6.560280799865723,13.644396781921387,2.4045348520550887,2.990079102960349,0.042724607370880505,14.062927264474057,4.377679986938591,2.6003131338811154
1953,4953,20070726090000,summer_4,39.499794,-75.006409,720,1220,2102,2602,-7.558948516845703,12.204221725463867,-0.09268628904653749,3.208416966823385,-6.969534873962402,13.510205268859863,2.141082665096624,3.0443466112815636,0.024414061620426704,13.675346063474276,4.18946370028925,2.569670281093451
1954,4954,20070726100000,summer_4,39.499794,-75.006409,720,1220,2102,2602,-7.6090168952941895,11.941631317138672,-0.07702138450014975,3.0542242287696637,-9.719515800476074,12.790778160095215,1.8922053754971873,3.1398134731867304,0.03967284956579598,13.043609119978509,4.045168495544862,2.5317384551708053
1955,4955,20070726110000,summer_4,39.499794,-75.006409,720,1220,2102,2602,-7.115842819213867,11.613948822021484,-0.13021694842766993,2.844078267838737,-7.474912166595459,12.972395896911621,1.6110409708905522,3.0475083693229843,0.02746581929998683,12.973419153026732,3.817307642833543,2.327371968164228
1956,4956,20070726120000,summer_4,39.499794,-75.006409,720,1220,2102,2602,-7.322358131408691,11.075143814086914,-0.20645057720501564,2.5476446539553326,-8.735468864440918,11.612615585327148,1.1365564697828685,2.621916969866285,0.021362305131597568,11.655021509948337,3.268810876062571,2.0035468015668148
1957,4957,20070726130000,summer_4,39.499794,-75.006409,720,1220,2102,2602,-7.926727294921875,10.423575401306152,-0.13195403245136503,2.4513770113560094,-9.806205749511719,10.64519214630127,1.1119861888590317,2.5921171074088467,0.0122070313401521,10.660117892767893,3.220217481628092,1.9006432785340257
1958,4958,20070726140000,summer_4,39.499794,-75.006409,720,1220,2102,2602,-7.790128707885742,10.123339653015137,-0.08292790314897348,2.428642881596927,-8.02001953125,10.812189102172852,1.228038932368075,2.6211966229690646,0.01525878830392538,11.40476986791598,3.3325440542469935,1.7827183640808977
1959,4959,20070726150000,summer_4,39.499794,-75.006409,720,1220,2102,2602,-8.994452476501465,9.87263011932373,-0.10660113863085914,2.418810097531991,-7.784210205078125,10.016573905944824,1.3920312380365398,2.6665699014027617,0.021362304764600222,10.419021694116944,3.4577595454050667,1.7187934790360762
1960,4960,20070726160000,summer_4,39.499794,-75.006409,720,1220,2102,2602,-8.519546508789062,9.567509651184082,-0.1344002582128397,2.434240103295295,-7.888206481933594,13.400612831115723,1.6029466002927515,2.772258094505326,0.021362305178254447,13.409835410264703,3.6375669786639944,1.7223668400118655
1961,4961,20070726170000,summer_4,39.499794,-75.006409,720,1220,2102,2602,-8.660429954528809,10.310091018676758,-0.17827566541450232,2.5228852544578984,-7.50700569152832,17.771053314208984,1.8150314264988918,2.8868846260004353,0.012207031048897081,17.795341638009862,3.832874800808316,1.82599148529914
1962,4962,20070726180000,summer_4,39.499794,-75.006409,720,1220,2102,2602,-9.731785774230957,15.454157829284668,-0.2178928885408694,2.6415103280524894,-7.908059597015381,18.816322326660156,2.037183935351231,2.975613853055986,0.012207031052709316,20.187995077246278,4.02396731544536,1.9588612399207683
1963,4963,20070726190000,summer_4,39.499794,-75.006409,720,1220,2102,2602,-10.900289535522461,18.104616165161133,-0.24405818307329494,2.8415362957374635,-8.183893203735352,20.86801528930664,2.2580518481945786,3.0527342324806073,0.02136230539820166,23.85936678995891,4.241371991790853,2.1360339386967673
1964,4964,20070726200000,summer_4,39.499794,-75.006409,720,1220,2102,2602,-9.151993751525879,18.280567169189453,-0.29946850364776245,3.0319698085164974,-9.966850280761719,18.814939498901367,2.486788278751836,3.152775636631699,0.018310546773158288,22.299873820555142,4.505726267320246,2.2594387061146164
1965,4965,20070726210000,summer_4,39.499794,-75.006409,720,1220,2102,2602,-11.475454330444336,19.89454460144043,-0.31496444352255104,3.1710400497301676,-8.294526100158691,19.309839248657227,2.6865683322789566,3.1255766572992147,0.054931642189472975,21.765801102271208,4.6717144024880275,2.305788581791482
1966,4966,20070726220000,summer_4,39.499794,-75.006409,720,1220,2102,2602,-9.529667854309082,20.266361236572266,-0.29126143756399403,3.373208366826634,-15.100641250610352,18.602039337158203,2.772920138515263,3.072979780190048,0.03051757730767189,21.662041847432235,4.805242071156339,2.3463391427222455
1967,4967,20070726230000,summer_4,39.499794,-75.006409,720,1220,2102,2602,-9.692602157592773,17.34958839416504,-0.3314679765612489,3.3715477770024043,-11.497106552124023,21.649755477905273,2.930884126381946,2.8987758191836273,0.05187988192572942,21.67119644843242,4.838338951240757,2.2495921046188196
1968,4968,20070727000000,summer_4,39.499794,-75.006409,720,1220,2102,2602,-9.208908081054688,17.49036407470703,-0.39663395778770677,3.5342343877584677,-11.349308967590332,16.93212127685547,3.46018303749377,2.9491198316626406,0.018310546532134514,19.17478245074677,5.273314687425371,2.3474364412980755
1969,4969,20070727010000,summer_4,39.499794,-75.006409,720,1220,2102,2602,-9.564958572387695,18.93688201904297,-0.34992341154285395,3.7406644716507014,-9.896596908569336,16.179767608642578,3.9050804978616043,2.8597356807392798,0.061035155020912966,18.95809901610559,5.6315949963131935,2.4141037134697005
1970,4970,20070727020000,summer_4,39.499794,-75.006409,720,1220,2102,2602,-8.983522415161133,17.67158317565918,-0.0752050589854879,3.762295067074347,-8.735346794128418,14.747051239013672,4.174329167306414,2.814510737802473,0.07324218763985793,17.737357202857634,5.775310762703044,2.480483875590776
1971,4971,20070727030000,summer_4,39.499794,-75.006409,720,1220,2102,2602,-7.766973495483398,14.27530574798584,0.3470538394630931,3.5411500182127447,-8.587512969970703,13.784743309020996,4.299978672758517,2.847897002934228,0.012207031050381883,14.627524837199653,5.717699321288308,2.5628964504664022
1972,4972,20070727040000,summer_4,39.499794,-75.006409,720,1220,2102,2602,-7.727241039276123,11.57096004486084,0.8191399671700572,3.2371962833900874,-7.414902687072754,14.053061485290527,4.269116998680926,2.807241120549993,0.00915527334177721,14.676353239205143,5.520486925401916,2.603961756019025
1973,4973,20070727050000,summer_4,39.499794,-75.006409,720,1220,2102,2602,-7.187220573425293,18.187528610229492,1.2174177683402676,3.008464298853649,-6.617526054382324,14.460604667663574,4.13731918783312,2.7602684878155435,0.021362303804325508,18.295844277836686,5.31115605695559,2.6572687078372677
1974,4974,20070727060000,summer_4,39.499794,-75.006409,720,1220,2102,2602,-6.555360794067383,15.80371379852295,1.579341949943333,2.847473043872069,-7.489102363586426,14.97671890258789,3.9273714899140177,2.6954603931983634,0.036621094220368106,16.022216205349743,5.11125426184532,2.677173351183567
1975,4975,20070727070000,summer_4,39.499794,-75.006409,720,1220,2102,2602,-8.378029823303223,17.309703826904297,1.827211126659587,2.71155259755743,-8.804224014282227,13.602300643920898,3.6614852780587617,2.640543983286085,0.012207030742776934,17.709890880295447,4.922580956316368,2.6150261353053166
1976,4976,20070727080000,summer_4,39.499794,-75.006409,720,1220,2102,2602,-6.649398326873779,15.475831031799316,1.974725746705954,2.555920925404808,-6.5728678703308105,13.079559326171875,3.3803053122546682,2.60575008465303,0.018310546745073857,16.75466173900696,4.701326848590337,2.5585536777788374
1977,4977,20070727090000,summer_4,39.499794,-75.006409,720,1220,2102,2602,-6.546627998352051,15.706558227539062,1.9902602039366333,2.404981811452696,-8.78438949584961,12.893671035766602,3.137659451398365,2.582806141850842,0.01831054648114141,15.979491703875944,4.491694933399647,2.466889583543625
1978,4978,20070727100000,summer_4,39.499794,-75.006409,720,1220,2102,2602,-7.414706230163574,13.810258865356445,1.9115612553158474,2.308284930589093,-6.656155109405518,12.491109848022461,2.9206031811816975,2.5824574550982593,0.02441406242379618,14.621413993781575,4.306861430468746,2.3732256154169855
1979,4979,20070727110000,summer_4,39.499794,-75.006409,720,1220,2102,2602,-5.615139007568359,13.75051212310791,1.7653906901379905,2.2722826157729896,-8.145196914672852,11.586111068725586,2.61874666126246,2.4199319135381554,0.015258788732819906,16.00085440647544,4.037185463847836,2.16677424926998
1980,4980,20070727120000,summer_4,39.499794,-75.006409,720,1220,2102,2602,-6.308233737945557,11.866570472717285,1.39755012054592,2.0789278882385394,-8.662128448486328,11.700631141662598,2.1560745479555345,2.072813354092322,0.018310546376233715,12.915435345543349,3.4296002369593674,1.8596081242636158
1981,4981,20070727130000,summer_4,39.499794,-75.006409,720,1220,2102,2602,-7.368063926696777,11.692008018493652,1.2622108102657357,2.0109016567389686,-7.194066047668457,12.781672477722168,2.1092453706783467,2.0292118653479356,0.027465819833578844,12.98562603696935,3.340724583022397,1.7444419426320648
1982,4982,20070727140000,summer_4,39.499794,-75.006409,720,1220,2102,2602,-5.829570293426514,17.076160430908203,1.2223537365051493,2.0481184814734,-10.772595405578613,11.380864143371582,2.203184555461781,2.0948371777077517,0.02441406257652062,18.35993246717818,3.446315903869684,1.7476297229584394
1983,4983,20070727150000,summer_4,39.499794,-75.006409,720,1220,2102,2602,-5.672334671020508,17.36363410949707,1.166253501071504,2.1220215966286857,-14.747634887695312,13.334770202636719,2.403439380742541,2.1573074745627254,0.009155273587359765,21.42704728884593,3.6197419634828063,1.7863614975222761
1984,4984,20070727160000,summer_4,39.499794,-75.006409,720,1220,2102,2602,-6.890871047973633,17.944833755493164,1.140797458855282,2.333227857930643,-12.717599868774414,12.619224548339844,2.6805277834741603,2.229022070160846,0.027465819264005892,20.035399960395,3.914682786308155,1.8906079310576127
1985,4985,20070727170000,summer_4,39.499794,-75.006409,720,1220,2102,2602,-7.167341232299805,20.823650360107422,1.1326042653289197,2.628836350512172,-15.571441650390625,18.91514778137207,2.9429508178588013,2.4630282523057545,0.012207031127100195,20.908234187900582,4.311918124653224,2.080481375522158
1986,4986,20070727180000,summer_4,39.499794,-75.006409,720,1220,2102,2602,-8.974146842956543,21.20832061767578,1.1325263387917326,2.966867508116327,-19.274511337280273,19.51321029663086,3.16584261692537,2.7340566181146855,0.027465820380804126,23.023162505498128,4.724751001638285,2.293310218328299
1987,4987,20070727190000,summer_4,39.499794,-75.006409,720,1220,2102,2602,-10.961322784423828,22.576553344726562,1.111567382701119,3.2823111658779123,-18.382736206054688,24.373579025268555,3.3921494891734967,2.9980619393648498,0.015258788797328837,24.39344804595582,5.0863949900322485,2.575420002732531
1988,4988,20070727200000,summer_4,39.499794,-75.006409,720,1220,2102,2602,-10.506951332092285,21.789836883544922,1.0537189727892171,3.4686085158602835,-16.767457962036133,17.23013687133789,3.628903093077219,3.159094919805483,0.009155273466320354,22.446365622728923,5.392285475957971,2.685822858450159
1989,4989,20070727210000,summer_4,39.499794,-75.006409,720,1220,2102,2602,-12.261127471923828,22.49176788330078,1.0492107108047644,3.4640291633159963,-13.042463302612305,21.082204818725586,3.7722355661797553,3.2055275142066573,0.021362304069988434,25.641656024225874,5.534589950420503,2.6407996992886367
1990,4990,20070727220000,summer_4,39.499794,-75.006409,720,1220,2102,2602,-9.367393493652344,23.778400421142578,1.0315594476750485,3.257864253700837,-14.638907432556152,17.515560150146484,3.820315683101045,3.1100405054174565,0.024414063159971452,23.914307311449235,5.407795401631354,2.5885724149826683
1991,4991,20070727230000,summer_4,39.499794,-75.006409,720,1220,2102,2602,-9.11300277709961,18.49113655090332,1.0227134699909202,3.1478655119879626,-12.601892471313477,14.452651023864746,3.8760546004507317,3.00660118600309,0.04272460976644039,18.842125332108193,5.368269781566757,2.490005950380798
1992,4992,20070728000000,summer_4,39.499794,-75.006409,720,1220,2102,2602,-8.742979049682617,20.13742446899414,1.1256424720920615,3.0260619726593356,-11.021766662597656,16.59465217590332,4.123973108301414,3.0919742945138697,0.033569336151798475,20.181891725104045,5.5860298949970435,2.4057953540314956
1993,4993,20070728010000,summer_4,39.499794,-75.006409,720,1220,2102,2602,-8.719827651977539,18.590328216552734,1.3794713280142357,2.766144484162603,-9.152759552001953,13.8405122756958,4.277147356942115,3.0200282591411804,0.048828125452580085,18.613234361343967,5.616567895930366,2.32878116650945
1994,4994,20070728020000,summer_4,39.499794,-75.006409,720,1220,2102,2602,-7.988009929656982,17.024221420288086,1.6865369690203773,2.660606216062979,-10.579634666442871,12.143207550048828,4.340460021331064,2.878351957373199,0.04577636913690002,18.274482773930384,5.635878639498633,2.298827425657662
1995,4995,20070728030000,summer_4,39.499794,-75.006409,720,1220,2102,2602,-7.322037220001221,17.658557891845703,1.9770685352908846,2.538575964195122,-10.015777587890625,13.453206062316895,4.324508280154197,2.839564473792741,0.04577636687918978,18.463698731366623,5.651761782507779,2.2749186664491963
1996,4996,20070728040000,summer_4,39.499794,-75.006409,720,1220,2102,2602,-6.8858561515808105,17.09203338623047,2.2290125592524346,2.413713963035328,-10.631136894226074,11.721543312072754,4.188567757612257,2.800252744557882,0.04272460978077747,17.157509838104538,5.596652669047369,2.203975108801068
1997,4997,20070728050000,summer_4,39.499794,-75.006409,720,1220,2102,2602,-6.722524166107178,15.61910629272461,2.428052292946613,2.320281723335751,-11.892207145690918,10.974720001220703,3.910009585895459,2.7373201589930556,0.021362304066398854,15.778069359645292,5.433593002050502,2.129861243278815
1998,4998,20070728060000,summer_4,39.499794,-75.006409,720,1220,2102,2602,-5.38016939163208,15.119585037231445,2.533128895849016,2.2678573888735185,-10.219277381896973,12.587956428527832,3.587937356783895,2.6987591036652785,0.021362304932337862,15.561386187336948,5.246955901429826,2.0459638519597108
1999,4999,20070728070000,summer_4,39.499794,-75.006409,720,1220,2102,2602,-5.275129318237305,13.879246711730957,2.578324737658683,2.1911949847215033,-8.709959983825684,13.792153358459473,3.272902066745526,2.7331520895442836,0.042724609750665,14.114807242861628,5.06937255219271,1.9830693694507968
2000,5000,20070728080000,summer_4,39.499794,-75.006409,720,1220,2102,2602,-4.481106758117676,13.32395076751709,2.5461432712671774,2.1065881518425242,-9.320488929748535,10.382384300231934,2.962907233318188,2.7286477884938316,0.02441406241090647,15.317237672030036,4.836468564404705,1.9373871713545108
2001,5001,20070728090000,summer_4,39.499794,-75.006409,720,1220,2102,2602,-4.492123126983643,18.282434463500977,2.406573436283858,2.009274615472491,-8.944660186767578,14.252582550048828,2.702584684005671,2.7099673273306135,0.03051757712104547,19.611191756978847,4.550089266401035,1.9425124817649868
2002,5002,20070728100000,summer_4,39.499794,-75.006409,720,1220,2102,2602,-5.165976524353027,12.690857887268066,2.235012929907584,1.9010692458262661,-9.864866256713867,14.953607559204102,2.5144981459784814,2.765764279813118,0.0579833960282802,17.27347566776604,4.3377447592386,1.9404820163036776
2003,5003,20070728110000,summer_4,39.499794,-75.006409,720,1220,2102,2602,-5.233677864074707,10.562536239624023,1.9314121181566635,1.6942014879254788,-8.840737342834473,16.242321014404297,2.3614248460492457,2.7783103318562303,0.018310545652887887,17.218543840514158,4.047207003801108,1.8751326683390583
2004,5004,20070728120000,summer_4,39.499794,-75.006409,720,1220,2102,2602,-5.738518238067627,8.974363327026367,1.4540611012006932,1.380344044211361,-8.298815727233887,10.733352661132812,2.2384147399821046,2.593814219396483,0.015258788946995337,10.834068290187224,3.460374984523223,1.945204638544025
2005,5005,20070728130000,summer_4,39.499794,-75.006409,720,1220,2102,2602,-8.543667793273926,8.30754566192627,1.2226253501784476,1.3163110020236473,-7.207914352416992,12.046192169189453,2.2355577760672958,2.6129215694013874,0.012207030873322105,12.73537473148467,3.3076059022175066,2.0278827122250798
2006,5006,20070728140000,summer_4,39.499794,-75.006409,720,1220,2102,2602,-6.693138599395752,13.712477684020996,1.067263548085161,1.3646537386594952,-7.121926784515381,14.497884750366211,2.3235998140804646,2.686228529353761,0.015258788905679794,14.618362587557256,3.3745999847885058,2.056294253768882
2007,5007,20070728150000,summer_4,39.499794,-75.006409,720,1220,2102,2602,-11.111449241638184,10.272201538085938,0.9472336015633049,1.5218626399137853,-7.622603893280029,15.559597969055176,2.444435069757545,2.8097639276651964,0.021362304149645128,15.60411042205566,3.5609540828456656,2.098323032812121
2008,5008,20070728160000,summer_4,39.499794,-75.006409,720,1220,2102,2602,-9.101646423339844,10.47481632232666,0.8573151245348181,1.6598680023365255,-8.881406784057617,15.665115356445312,2.6387657050339226,2.9955178923175976,0.015258788748879763,15.665153438000647,3.826036421119116,2.1881060763740097
2009,5009,20070728170000,summer_4,39.499794,-75.006409,720,1220,2102,2602,-10.368276596069336,12.236477851867676,0.8216507040737641,1.906893487061725,-9.054505348205566,16.811426162719727,2.8576130432184264,3.2569911956254125,0.012207031228978425,19.91943290052967,4.216853301409583,2.302920936126113
2010,5010,20070728180000,summer_4,39.499794,-75.006409,720,1220,2102,2602,-12.672325134277344,14.112236022949219,0.8626001521418384,2.197300360833013,-12.269201278686523,16.03266716003418,3.0691965703976067,3.5783156527623667,0.024414062251629093,16.0924075205935,4.688674001142955,2.410986210608164
2011,5011,20070728190000,summer_4,39.499794,-75.006409,720,1220,2102,2602,-14.934922218322754,14.878087043762207,0.9053855234711766,2.4454989810514727,-11.1203031539917,17.313777923583984,3.2132594871873903,3.9583139423471403,0.02746582073398037,17.780083295379605,5.1231498817151255,2.558673347673906
2012,5012,20070728200000,summer_4,39.499794,-75.006409,720,1220,2102,2602,-14.0895414352417,16.362905502319336,0.9708725129082538,2.6150033529819146,-12.369951248168945,17.946216583251953,3.270058807457842,4.302867776760813,0.027465820327625543,17.993713137404562,5.4631718394396085,2.6725540469185334
2013,5013,20070728210000,summer_4,39.499794,-75.006409,720,1220,2102,2602,-15.126011848449707,18.485977172851562,0.9702002310547378,2.7036746819521547,-11.754193305969238,16.21969985961914,3.2409325396892656,4.572227532059896,0.02136230472988148,18.689537491291958,5.688151492906122,2.7027737973535366
2014,5014,20070728220000,summer_4,39.499794,-75.006409,720,1220,2102,2602,-10.993587493896484,17.64241600036621,0.9068629500792591,2.559346875762251,-14.53213119506836,18.041473388671875,3.094364542730202,4.803785249715957,0.030517577303571318,18.216499257996706,5.735497715590051,2.6698628136771845
2015,5015,20070728230000,summer_4,39.499794,-75.006409,720,1220,2102,2602,-12.296591758728027,15.246315002441406,0.7772458465529863,2.616792058776546,-12.462128639221191,16.16817855834961,2.950153700781272,4.917551250516297,0.03662109577836204,17.841118105733017,5.76671451745881,2.6612840169131697
2016,6552,20071001000000,fall_1,39.499794,-75.006409,720,1220,2102,2602,-14.363286972045898,6.924033164978027,-5.276564890784536,3.143442032769879,-10.936630249023438,14.208358764648438,1.4036243430208524,5.623525173264961,0.1586990434461725,16.99270700185162,8.03218527896302,2.607980286566528
2017,6553,20071001010000,fall_1,39.499794,-75.006409,720,1220,2102,2602,-15.792389869689941,8.145791053771973,-5.347332044151547,3.2951345703663715,-10.061541557312012,15.587857246398926,1.8282892806214925,5.733419658467763,0.07324218769310961,17.981506557783238,8.280604448859739,2.664245570982128
2018,6554,20071001020000,fall_1,39.499794,-75.006409,720,1220,2102,2602,-15.208335876464844,8.951275825500488,-5.302102602439822,3.42533488666498,-10.848798751831055,16.697175979614258,2.153479995050482,5.7821250460760805,0.09155273476740272,17.001861527955107,8.398629764395482,2.7163717180747895
2019,6555,20071001030000,fall_1,39.499794,-75.006409,720,1220,2102,2602,-14.603158950805664,9.148553848266602,-5.151298870875032,3.551097233781968,-10.221999168395996,17.568832397460938,2.4216310729067008,5.810553281919537,0.09460449504573758,17.590867491689863,8.425834160877507,2.7889633933659193
2020,6556,20071001040000,fall_1,39.499794,-75.006409,720,1220,2102,2602,-15.610424041748047,9.610058784484863,-4.924025378312567,3.6729305526894063,-9.816361427307129,18.167444229125977,2.585713859832677,5.78707251037258,0.11291503891034683,18.16767002368255,8.359278223805608,2.8346140395820494
2021,6557,20071001050000,fall_1,39.499794,-75.006409,720,1220,2102,2602,-14.723475456237793,10.414376258850098,-4.688372535360276,3.790175775438345,-8.928240776062012,17.85091209411621,2.622188098059208,5.72554178513919,0.09460449401064389,18.21344631699348,8.227033414111796,2.8844219173183436
2022,6558,20071001060000,fall_1,39.499794,-75.006409,720,1220,2102,2602,-15.027287483215332,10.730509757995605,-4.429313662124104,3.8885726392946443,-9.008562088012695,17.75455093383789,2.582348282505512,5.640195714958191,0.08239746021868465,18.225654174828676,8.03865501629219,2.93260508299063
2023,6559,20071001070000,fall_1,39.499794,-75.006409,720,1220,2102,2602,-15.181464195251465,11.275375366210938,-4.1608250447484005,3.9394145439679797,-9.47400188446045,17.61648941040039,2.474840066408056,5.563705804110379,0.06103515792899598,17.831962367139532,7.801746495152155,3.007300992019784
2024,6560,20071001080000,fall_1,39.499794,-75.006409,720,1220,2102,2602,-14.447707176208496,12.246655464172363,-3.9375081995786942,3.9396093152366203,-9.604899406433105,17.57265853881836,2.3260539679786087,5.504975876230419,0.07934570170316534,17.801444551180623,7.56660547073803,3.0799773519417006
2025,6561,20071001090000,fall_1,39.499794,-75.006409,720,1220,2102,2602,-15.597893714904785,12.34970760345459,-3.7959978284498788,3.9163669354917947,-9.998260498046875,17.531238555908203,2.167986468023134,5.491759541732198,0.04882812505403792,17.542037749641914,7.390316137525308,3.1607507121221445
2026,6562,20071001100000,fall_1,39.499794,-75.006409,720,1220,2102,2602,-14.507743835449219,12.540397644042969,-3.737758329786075,3.856967982533469,-9.733817100524902,17.91229820251465,2.005447272066797,5.518692636581767,0.04882812569530941,18.002869213479872,7.284781669530159,3.2026212007592854
2027,6563,20071001110000,fall_1,39.499794,-75.006409,720,1220,2102,2602,-14.381448745727539,11.982784271240234,-3.742024278629448,3.7908922474413993,-10.040214538574219,18.66511344909668,1.8908603589407356,5.5565414094355985,0.07629394114857403,18.665123828845314,7.243325774623255,3.2184385636559854
2028,6564,20071001120000,fall_1,39.499794,-75.006409,720,1220,2102,2602,-14.56004810333252,11.85411262512207,-3.807684569820396,3.730201190350657,-9.407679557800293,18.97412872314453,1.7803255165384857,5.538051900440802,0.08239745833549937,18.9825124590835,7.22216902828127,3.176903370814193
2029,6565,20071001130000,fall_1,39.499794,-75.006409,720,1220,2102,2602,-14.566195487976074,10.597922325134277,-3.6382346274121824,3.7145783867592956,-10.337227821350098,18.162830352783203,1.3793518600245245,4.961464910383215,0.05798339824658773,18.173775389777948,6.638574656931157,3.0794343523687537
2030,6566,20071001140000,fall_1,39.499794,-75.006409,720,1220,2102,2602,-15.121119499206543,10.11715030670166,-3.652142865759534,3.708982459726951,-8.451306343078613,16.56717300415039,1.2315823403869366,4.550750533484417,0.030517577863289774,16.59290990302436,6.363185582194857,2.971648216762815
2031,6567,20071001150000,fall_1,39.499794,-75.006409,720,1220,2102,2602,-14.25749683380127,8.09292221069336,-3.7454740912431967,3.7057427409316617,-8.440082550048828,15.89757251739502,1.4594960415482068,4.536276410227789,0.03051757926765985,16.09545930786017,6.55334061462421,2.7427658638940624
2032,6568,20071001160000,fall_1,39.499794,-75.006409,720,1220,2102,2602,-14.550097465515137,7.433512210845947,-3.8007675567616452,3.710167692798645,-8.37031078338623,16.175737380981445,1.6727772121619895,4.587388737222373,0.10681152303953448,16.342659908677145,6.744296104177908,2.5628045997134694
2033,6569,20071001170000,fall_1,39.499794,-75.006409,720,1220,2102,2602,-14.509627342224121,5.3414998054504395,-3.8973888107472883,3.702523674707737,-8.331978797912598,16.026248931884766,1.8218985518618391,4.620316380329979,0.009155273424152103,16.211432597073966,6.884544203736804,2.4835478651165928
2034,6570,20071001180000,fall_1,39.499794,-75.006409,720,1220,2102,2602,-13.925827980041504,5.447198867797852,-4.0220738648533985,3.651476006241984,-8.048130989074707,14.589335441589355,1.9817640787529858,4.653086127571324,0.06103515780602175,15.024261791923609,7.02239327550533,2.403111994283156
2035,6571,20071001190000,fall_1,39.499794,-75.006409,720,1220,2102,2602,-14.655266761779785,5.463301658630371,-4.194770029194746,3.6092044840217827,-8.267413139343262,13.035272598266602,2.213795314938556,4.680711118777161,0.0732421846074019,15.713981383413422,7.215157491524667,2.3181676496096975
2036,6572,20071001200000,fall_1,39.499794,-75.006409,720,1220,2102,2602,-15.640739440917969,5.24005126953125,-4.3270205002234094,3.588120616019155,-7.794860363006592,12.761311531066895,2.4646499856643924,4.695207156995895,0.08239746263521543,15.67736070099951,7.390847378876017,2.256670287294493
2037,6573,20071001210000,fall_1,39.499794,-75.006409,720,1220,2102,2602,-14.777864456176758,5.209770679473877,-4.441640245342201,3.591918532051214,-7.843722820281982,13.316773414611816,2.6515909844050323,4.594063181283068,0.04882812607975992,15.192116396765961,7.482880489274899,2.1846962386941273
2038,6574,20071001220000,fall_1,39.499794,-75.006409,720,1220,2102,2602,-15.209012985229492,5.392317771911621,-4.655581637042338,3.486508162171849,-8.349898338317871,14.062122344970703,2.8492061428761355,4.525312800765205,0.28382111934482745,15.628532745914212,7.606090307146853,2.138691509534737
2039,6575,20071001230000,fall_1,39.499794,-75.006409,720,1220,2102,2602,-15.609703063964844,5.728234767913818,-5.090768846156679,3.4445173931278044,-7.478168964385986,15.812065124511719,3.489019789610654,4.956288322055528,0.2502517624896224,16.043578830566556,8.3375243150359,2.237044665710389
2040,6576,20071002000000,fall_1,39.499794,-75.006409,720,1220,2102,2602,-16.944974899291992,7.128827095031738,-5.221765498097316,3.5205943658359593,-8.173500061035156,16.174833297729492,3.805791693121424,5.054142813205149,0.10070801011589976,17.300940476065573,8.609119507085596,2.3606971229488405
2041,6577,20071002010000,fall_1,39.499794,-75.006409,720,1220,2102,2602,-14.769819259643555,8.165144920349121,-5.182338547454904,3.6281648550132495,-7.622822284698486,17.501432418823242,3.930233271794444,5.00419554555133,0.13733672189448068,17.810600317782114,8.624318042681535,2.4758953861388933
2042,6578,20071002020000,fall_1,39.499794,-75.006409,720,1220,2102,2602,-16.211284637451172,9.82564926147461,-5.058954600889019,3.7306842355566356,-7.679671764373779,17.802658081054688,3.9332528114737997,4.928996129825265,0.12818146086137472,17.9296271900954,8.520048531034092,2.5855908560539467
2043,6579,20071002030000,fall_1,39.499794,-75.006409,720,1220,2102,2602,-14.362044334411621,11.089776039123535,-4.870418351170452,3.819346477086769,-7.980349540710449,17.96523094177246,3.7853146800000816,4.860494256118195,0.11291504093461494,18.112733132052114,8.308001063393773,2.6904483638388275
2044,6580,20071002040000,fall_1,39.499794,-75.006409,720,1220,2102,2602,-14.118868827819824,11.377734184265137,-4.702113006646546,3.845545319606378,-7.966397285461426,17.558927536010742,3.5842656976848692,4.788189746646282,0.08544922028289752,17.871635220791333,8.058680354610955,2.780193899014529
2045,6581,20071002050000,fall_1,39.499794,-75.006409,720,1220,2102,2602,-14.006427764892578,11.559463500976562,-4.5810485603598545,3.8234401776708498,-8.269394874572754,18.03154754638672,3.3333686524189328,4.73246105410165,0.08239745851756337,18.28363841770767,7.801383555534626,2.872394388929703
2046,6582,20071002060000,fall_1,39.499794,-75.006409,720,1220,2102,2602,-14.31592082977295,10.661288261413574,-4.451723020688775,3.7929669711368152,-8.140539169311523,18.58930015563965,3.0655228911513364,4.683975898256444,0.0671386730440866,19.03439454242216,7.541722613167753,2.9434532669501383
2047,6583,20071002070000,fall_1,39.499794,-75.006409,720,1220,2102,2602,-13.538527488708496,9.936110496520996,-4.341665163439787,3.746277286506051,-8.063069343566895,18.66063690185547,2.8101035747355385,4.6517031949112475,0.09765624696768813,19.031342254335314,7.314272519970155,2.986819732879135
2048,6584,20071002080000,fall_1,39.499794,-75.006409,720,1220,2102,2602,-13.796684265136719,9.756148338317871,-4.24759388752215,3.6764804241565785,-8.468877792358398,18.239198684692383,2.5676450159759816,4.64710203215633,0.08850097413600173,18.683434155620088,7.109699687512024,3.033000283753907
2049,6585,20071002090000,fall_1,39.499794,-75.006409,720,1220,2102,2602,-13.803382873535156,8.987915992736816,-4.195534342321777,3.605071470600816,-8.542831420898438,17.659849166870117,2.331017800837052,4.655566382473187,0.03662109375679867,18.158516488437098,6.959854143481741,3.0442439712735068
2050,6586,20071002100000,fall_1,39.499794,-75.006409,720,1220,2102,2602,-13.19920825958252,8.537271499633789,-4.199661700429917,3.5638401621022484,-8.595641136169434,17.639522552490234,2.1649253235563495,4.683106035514103,0.015258788863021115,18.0700069426053,6.909871778385904,3.0348263379938376
2051,6587,20071002110000,fall_1,39.499794,-75.006409,720,1220,2102,2602,-13.920202255249023,8.709139823913574,-4.205964021663189,3.540002619134192,-8.299938201904297,17.61553192138672,2.0538040749528923,4.715610712013068,0.04272460964993485,17.746514206194036,6.9137216295642965,2.979479936069788
2052,6588,20071002120000,fall_1,39.499794,-75.006409,720,1220,2102,2602,-14.478899955749512,8.521910667419434,-4.22124801982329,3.5255645404033547,-7.500788688659668,17.824663162231445,1.98245254238639,4.699012772953815,0.04577636892430201,17.92047127993203,6.921569345300563,2.889854164971735
2053,6589,20071002130000,fall_1,39.499794,-75.006409,720,1220,2102,2602,-12.952507972717285,7.927803993225098,-4.040656794033239,3.5549046004931917,-7.129129886627197,16.887866973876953,1.766518171187719,4.283336741107627,0.042724610478877455,16.916411793174454,6.522850833702645,2.8078873079057614
2054,6590,20071002140000,fall_1,39.499794,-75.006409,720,1220,2102,2602,-14.112098693847656,6.744481086730957,-3.8803350469310733,3.601290147180017,-5.887890815734863,15.41209888458252,1.7556223900457795,3.973988576624584,0.036621091996943286,15.51866137805905,6.293040814190829,2.7016149420519993
2055,6591,20071002150000,fall_1,39.499794,-75.006409,720,1220,2102,2602,-12.590007781982422,6.445844650268555,-3.791942957429193,3.634179790084724,-5.718249797821045,14.799757957458496,1.9580259130462783,3.8563399897363704,0.02136230340659166,14.807578609868433,6.325420154609221,2.5060681553623354
2056,6592,20071002160000,fall_1,39.499794,-75.006409,720,1220,2102,2602,-12.202949523925781,6.267059803009033,-3.7065822330767353,3.6427627134328535,-6.7218403816223145,14.843958854675293,2.1419584828008977,3.793022179378579,0.021362303899501292,14.856407091124026,6.371784795683115,2.3203090203114844
2057,6593,20071002170000,fall_1,39.499794,-75.006409,720,1220,2102,2602,-12.054021835327148,6.543593406677246,-3.6893998533344954,3.600644029598585,-7.655336380004883,14.340551376342773,2.3104959018288884,3.7251201896562414,0.05187988120496943,14.404739200706647,6.407577104639357,2.1758161901968367
2058,6594,20071002180000,fall_1,39.499794,-75.006409,720,1220,2102,2602,-15.161407470703125,5.954736232757568,-3.6737941967291583,3.5507782144053603,-7.243232727050781,14.282322883605957,2.484591894888432,3.6888208742501862,0.07324218570833066,18.051697002694695,6.451948868254964,2.0634296342955962
2059,6595,20071002190000,fall_1,39.499794,-75.006409,720,1220,2102,2602,-12.49729061126709,6.465053558349609,-3.665167664840263,3.492813013343433,-6.738016128540039,14.208740234375,2.681745337800831,3.6834577387643903,0.039672852844152263,16.36402166035262,6.524296730901671,1.956110399440021
2060,6596,20071002200000,fall_1,39.499794,-75.006409,720,1220,2102,2602,-13.905522346496582,6.36229944229126,-3.6945970823178,3.4052904460788977,-6.0388898849487305,13.903674125671387,2.8911083180587145,3.6766431796168715,0.18311309576956905,16.943877476345676,6.604380563966431,1.8720097131429145
2061,6597,20071002210000,fall_1,39.499794,-75.006409,720,1220,2102,2602,-12.139314651489258,6.482289791107178,-3.7993479967969845,3.262267288867457,-5.847579002380371,13.636144638061523,3.062091010290182,3.643182571156786,0.21668243106508528,15.411849687532285,6.662899334300026,1.8254824370134775
2062,6598,20071002220000,fall_1,39.499794,-75.006409,720,1220,2102,2602,-11.82767391204834,5.803735733032227,-4.018386484931583,2.9753416563740274,-6.221498966217041,13.65733814239502,3.143593563842821,3.5154091163709555,0.06713867143805693,15.030365459063235,6.64658442155656,1.750224326095094
2063,6599,20071002230000,fall_1,39.499794,-75.006409,720,1220,2102,2602,-11.662010192871094,5.294777870178223,-4.400400127118636,2.7870158233864903,-6.471807479858398,15.025716781616211,3.675661860598741,3.9802969781551094,0.0671386743402641,15.027312538791481,7.258390300926609,1.9493596040078915
2064,6600,20071003000000,fall_1,39.499794,-75.006409,720,1220,2102,2602,-12.28090763092041,5.743802070617676,-4.566257974205946,2.6903419304126426,-6.0854172706604,16.400733947753906,4.057365064706952,4.160724378630044,0.21363067693614315,16.492201829438226,7.586032187357849,2.077162936588589
2065,6601,20071003010000,fall_1,39.499794,-75.006409,720,1220,2102,2602,-13.102462768554688,6.620401382446289,-4.506431832486029,2.7210195111983775,-5.817726135253906,18.10918617248535,4.3311175249506295,4.19823541017747,0.13123321851488556,18.10967967671464,7.687782901675612,2.2346428511223473
2066,6602,20071003020000,fall_1,39.499794,-75.006409,720,1220,2102,2602,-13.647963523864746,8.406689643859863,-4.37218158940924,2.7527540507040533,-5.876247882843018,18.3376522064209,4.535605543818315,4.164426355721018,0.11291504210053477,18.341621709582395,7.676113250124242,2.384339868190564
2067,6603,20071003030000,fall_1,39.499794,-75.006409,720,1220,2102,2602,-12.574588775634766,8.751847267150879,-4.114190979982373,2.754206055000365,-4.541171073913574,18.268993377685547,4.676010004808491,4.0975212361727875,0.10375976437580293,18.30194770864202,7.537185264859509,2.521469123806549
2068,6604,20071003040000,fall_1,39.499794,-75.006409,720,1220,2102,2602,-12.47664737701416,8.713724136352539,-3.809770907477454,2.703027110626396,-4.779862880706787,18.28146743774414,4.7798666867013555,4.024267889808981,0.0762939467997673,18.323309631554157,7.33184821349679,2.665814939952097
2069,6605,20071003050000,fall_1,39.499794,-75.006409,720,1220,2102,2602,-11.972356796264648,9.10560131072998,-3.49564804941957,2.6540757256954968,-4.147871494293213,18.669437408447266,4.8439598085513635,3.980088209192679,0.045776368537694165,18.726157557105775,7.119379864716733,2.8076952051136934
2070,6606,20071003060000,fall_1,39.499794,-75.006409,720,1220,2102,2602,-11.848342895507812,9.140229225158691,-3.1372482378109825,2.5847270440852133,-3.9665393829345703,18.33420753479004,4.891300795474373,3.962879081000143,0.04577636670476389,18.451491109655574,6.900456590863883,2.92165592055491
2071,6607,20071003070000,fall_1,39.499794,-75.006409,720,1220,2102,2602,-10.995274543762207,9.377833366394043,-2.746761316427517,2.5029322662475426,-4.331135272979736,18.47309112548828,4.914178262289994,3.9565225374713044,0.06408691408908886,18.60102844775884,6.663433971946814,3.035001473382289
2072,6608,20071003080000,fall_1,39.499794,-75.006409,720,1220,2102,2602,-10.837834358215332,8.690413475036621,-2.3475264348359564,2.3885749362358966,-3.707016944885254,18.273836135864258,4.889845538215928,3.966935416236659,0.048828125892411686,18.442337874759964,6.399672905868554,3.1476218436087247
2073,6609,20071003090000,fall_1,39.499794,-75.006409,720,1220,2102,2602,-10.230730056762695,9.039411544799805,-2.0390122381220284,2.306464249923639,-3.992290735244751,18.74068260192871,4.828824064762933,4.0569901635820145,0.0823974630120264,18.778038019421853,6.199857812025156,3.288741763941446
2074,6610,20071003100000,fall_1,39.499794,-75.006409,720,1220,2102,2602,-9.360858917236328,9.748252868652344,-1.7849816179113407,2.259746020880015,-4.329302787780762,19.470582962036133,4.7425757509674575,4.183539086994001,0.061035155385866596,19.647818970500598,6.047450255156096,3.4227154296914684
2075,6611,20071003110000,fall_1,39.499794,-75.006409,720,1220,2102,2602,-9.515669822692871,9.861970901489258,-1.5700176125869936,2.262751488301426,-3.9227864742279053,20.250465393066406,4.6394667289641776,4.3122277128817705,0.05493164096992334,20.477920238156432,5.935436650987967,3.5320745661244963
2076,6612,20071003120000,fall_1,39.499794,-75.006409,720,1220,2102,2602,-9.50561237335205,12.48285961151123,-1.4240919361247801,2.3061032532960133,-4.420221328735352,20.121002197265625,4.521759775890588,4.417983242259744,0.01831054687088435,20.294806689464313,5.860544471375264,3.600702147662441
2077,6613,20071003130000,fall_1,39.499794,-75.006409,720,1220,2102,2602,-9.285421371459961,13.891919136047363,-1.1152702873219187,2.444699673867279,-4.668806552886963,19.047548294067383,4.242926531005177,4.287269480761662,0.01831054780283561,19.116791332322883,5.58432480001069,3.5240326311419787
2078,6614,20071003140000,fall_1,39.499794,-75.006409,720,1220,2102,2602,-9.033245086669922,13.554195404052734,-0.8964821757415976,2.4722038269926396,-4.467690944671631,16.984630584716797,3.9710107854733363,4.052032017666191,0.030517577855620585,17.303993115445035,5.247341860823616,3.4012888115837923
2079,6615,20071003150000,fall_1,39.499794,-75.006409,720,1220,2102,2602,-8.727441787719727,11.068614959716797,-0.628399738308023,2.660099599379957,-4.284679889678955,16.00945281982422,4.001068775188993,3.9987885262573,0.012207031877836016,16.657005713473033,5.26093589779302,3.434010863488805
2080,6616,20071003160000,fall_1,39.499794,-75.006409,720,1220,2102,2602,-9.318167686462402,10.140787124633789,-0.34748890739520655,2.903779096928356,-5.54722785949707,16.430797576904297,4.0511892526058855,3.905562705275833,0.021362303617649743,17.206336408947227,5.328363795418905,3.4390078879613997
2081,6617,20071003170000,fall_1,39.499794,-75.006409,720,1220,2102,2602,-8.536425590515137,12.490790367126465,-0.08562408805811464,3.1882891431698113,-6.829787731170654,16.367385864257812,4.089164389121918,3.796639860584783,0.009155273149887384,16.510513676466026,5.439106446091763,3.424088177199495
2082,6618,20071003180000,fall_1,39.499794,-75.006409,720,1220,2102,2602,-9.107704162597656,14.85033130645752,0.15905222051693826,3.473941694058815,-7.045544147491455,15.628653526306152,4.117271460636485,3.676436132731284,0.021362304319976842,18.253120717826377,5.575143877109982,3.3881331394616914
2083,6619,20071003190000,fall_1,39.499794,-75.006409,720,1220,2102,2602,-8.886137962341309,16.78719139099121,0.34810543956112305,3.7103902401538784,-6.245477199554443,15.638383865356445,4.126510452576509,3.5233415899723277,0.024414063188559387,18.765830667203154,5.681515044873672,3.3242419287722207
2084,6620,20071003200000,fall_1,39.499794,-75.006409,720,1220,2102,2602,-9.35880184173584,20.129680633544922,0.4413504668970072,3.839091859119342,-6.38478946685791,15.02438735961914,4.11160814209534,3.379503966638999,0.05187988341425553,20.883819630821137,5.762693172166899,3.170355266452176
2085,6621,20071003210000,fall_1,39.499794,-75.006409,720,1220,2102,2602,-10.286245346069336,16.444305419921875,0.3973903894749221,3.8306312884692235,-7.0066914558410645,13.58542251586914,4.060498300306452,3.222416413964952,0.024414061925148615,16.446426179077566,5.769516925630102,2.901024582194454
2086,6622,20071003220000,fall_1,39.499794,-75.006409,720,1220,2102,2602,-9.915101051330566,15.576358795166016,0.27610081079925086,3.780656289795991,-7.068750381469727,14.987032890319824,4.151873902868954,3.2334528251755734,0.036621093523492534,15.649895095191237,5.8780099941770585,2.7407783977572477
2087,6623,20071003230000,fall_1,39.499794,-75.006409,720,1220,2102,2602,-9.178458213806152,15.226734161376953,0.35146827988947,3.961442251910726,-6.559961318969727,15.882706642150879,4.435569466273849,3.427635076835433,0.054931641493648785,17.389450156489108,6.292047848941295,2.7657995668013835
2088,6624,20071004000000,fall_1,39.499794,-75.006409,720,1220,2102,2602,-9.32798957824707,12.389372825622559,0.5151547772469081,4.045233806212848,-6.0745391845703125,14.79190731048584,4.401738607904838,3.4199521228440335,0.05798339749594132,16.776024458020437,6.343991282132868,2.730284032575219
2089,6625,20071004010000,fall_1,39.499794,-75.006409,720,1220,2102,2602,-9.813133239746094,13.75748062133789,0.6769325039356247,4.090765622406546,-7.6076273918151855,13.769851684570312,4.187709842678052,3.2823908922580567,0.039672852086718925,17.618332009929286,6.21702116507511,2.61768075238314
2090,6626,20071004020000,fall_1,39.499794,-75.006409,720,1220,2102,2602,-9.681468963623047,15.204169273376465,0.8053429204486114,4.083310523084739,-7.820868492126465,13.608650207519531,3.8962787582660336,3.158599697747551,0.024414062629763096,17.316200181281754,6.0215486694505715,2.494131889378615
2091,6627,20071004030000,fall_1,39.499794,-75.006409,720,1220,2102,2602,-9.960518836975098,14.914725303649902,0.9308718620505316,4.048238713249319,-7.77695894241333,12.952722549438477,3.5547973138749245,3.012477381240657,0.042724609292354256,16.574600690267747,5.74929874747304,2.4314454405829857
2092,6628,20071004040000,fall_1,39.499794,-75.006409,720,1220,2102,2602,-9.628745079040527,16.808670043945312,1.0371664051052218,3.9733458029872155,-7.252870559692383,12.016683578491211,3.1664383255480573,2.8177408689398904,0.033569335766302145,17.947937386334793,5.390452710085511,2.402541545180955
2093,6629,20071004050000,fall_1,39.499794,-75.006409,720,1220,2102,2602,-9.38043212890625,16.84101104736328,1.0864864798621334,3.861859061833574,-7.049872875213623,11.351913452148438,2.749992387608811,2.586084293078279,0.05187988419288297,17.496261395712803,4.978232447657094,2.3583680977099313
2094,6630,20071004060000,fall_1,39.499794,-75.006409,720,1220,2102,2602,-9.447491645812988,14.94334888458252,1.1003619361816668,3.7349549927308243,-6.309267997741699,11.795122146606445,2.327128248336047,2.396970150074197,0.03356933486285303,15.25009901723964,4.570795841824183,2.3301292550490524
2095,6631,20071004070000,fall_1,39.499794,-75.006409,720,1220,2102,2602,-9.285614967346191,14.466739654541016,1.0797203277879777,3.631243946201473,-6.18888521194458,12.28464126586914,1.9116855565139905,2.245912655302087,0.02136230560654454,14.575638288886447,4.221802773790949,2.2862141729297263
2096,6632,20071004080000,fall_1,39.499794,-75.006409,720,1220,2102,2602,-9.81755542755127,14.802135467529297,0.9980323851959824,3.5488965467934555,-5.7255988121032715,12.276789665222168,1.5430871051496577,2.1286302938390937,0.018310546456337794,14.825889810104677,3.9328018195578793,2.244101141159504
2097,6633,20071004090000,fall_1,39.499794,-75.006409,720,1220,2102,2602,-9.062954902648926,14.147443771362305,0.8395334307354879,3.494086445120605,-6.470483779907227,11.69926929473877,1.2204947115214635,2.0748276631732443,0.03356933595669861,14.639732279173199,3.7287728335122243,2.1918546475713363
2098,6634,20071004100000,fall_1,39.499794,-75.006409,720,1220,2102,2602,-9.486687660217285,13.929657936096191,0.6448590844919952,3.4961734880755264,-6.542130470275879,11.585108757019043,0.9442867986493836,2.034699260371038,0.03356933646389408,14.328438256430335,3.604151935604061,2.163524846382286
2099,6635,20071004110000,fall_1,39.499794,-75.006409,720,1220,2102,2602,-10.137192726135254,13.37912654876709,0.4305330908543378,3.5158551936112143,-5.923473834991455,10.706023216247559,0.7277714376702764,2.0084410146176275,0.03356933675922644,13.901184006208686,3.5445688342918715,2.132162010358793
2100,6636,20071004120000,fall_1,39.499794,-75.006409,720,1220,2102,2602,-9.651395797729492,12.068581581115723,0.1733461191378839,3.515504511474166,-6.157333850860596,10.017681121826172,0.5481699309405166,1.9528438049865418,0.018310546543989448,12.677391739870334,3.4955084532706953,2.0698624834008017
2101,6637,20071004130000,fall_1,39.499794,-75.006409,720,1220,2102,2602,-10.275078773498535,11.220452308654785,-0.12284621565879415,3.351674651369985,-6.349003314971924,9.194469451904297,0.3546048782257609,1.7852543579928228,0.009155273466158086,11.685539120661295,3.2687596265191745,1.9689851212667646
2102,6638,20071004140000,fall_1,39.499794,-75.006409,720,1220,2102,2602,-10.444051742553711,10.637679100036621,-0.27655919918538313,3.2315879523580873,-5.559027671813965,8.907423973083496,0.1565909756149314,1.5959842270451299,0.024414062590792672,11.380355639304623,3.034376091733467,1.9707597025048997
2103,6639,20071004150000,fall_1,39.499794,-75.006409,720,1220,2102,2602,-8.997718811035156,10.707612037658691,-0.3879456614137519,3.211400203166186,-5.586121082305908,8.539477348327637,0.12992172170491872,1.58780257169517,0.02136230404548776,10.974457049110928,3.031795458700281,1.9518724492554544
2104,6640,20071004160000,fall_1,39.499794,-75.006409,720,1220,2102,2602,-8.773838996887207,10.615934371948242,-0.46049201477711904,3.2596313727572555,-6.1810526847839355,9.364590644836426,0.17483214097414157,1.6567069259511242,0.018310546791017734,10.641807681058811,3.1585307438382357,1.906876303848141
2105,6641,20071004170000,fall_1,39.499794,-75.006409,720,1220,2102,2602,-10.62632942199707,10.465387344360352,-0.551326121041812,3.3215531287537705,-6.625861644744873,9.668749809265137,0.24510296678417917,1.7791136052460643,0.015258789248980775,11.911376912621506,3.335878293911289,1.8530818578213248
2106,6642,20071004180000,fall_1,39.499794,-75.006409,720,1220,2102,2602,-10.663925170898438,10.51274585723877,-0.6561122580054229,3.398907425469147,-6.786557197570801,12.998913764953613,0.35104536293026795,1.8830150708500537,0.018310546758848738,14.450516157774455,3.518485496015495,1.8089481474675138
2107,6643,20071004190000,fall_1,39.499794,-75.006409,720,1220,2102,2602,-10.190999984741211,9.879807472229004,-0.7946652865695315,3.4391831813123988,-6.389819622039795,13.006641387939453,0.4773822011707728,1.9864350264944648,0.015258789747318145,13.235878041073377,3.664201085423675,1.7907881388817013
2108,6644,20071004200000,fall_1,39.499794,-75.006409,720,1220,2102,2602,-10.408056259155273,8.872577667236328,-0.9436716468981111,3.4462929860041576,-5.94949197769165,13.255207061767578,0.6233463941595984,2.106974863834877,0.036621093828062876,13.534958232351073,3.7771888132761613,1.8243354941857721
2109,6645,20071004210000,fall_1,39.499794,-75.006409,720,1220,2102,2602,-12.326695442199707,8.891195297241211,-1.1045029057429503,3.4436284030035,-6.2018723487854,17.754310607910156,0.7625189426643618,2.264991518423978,0.018310547009741475,17.755668621216333,3.896879636079205,1.8985399824951779
2110,6646,20071004220000,fall_1,39.499794,-75.006409,720,1220,2102,2602,-10.91004467010498,9.151070594787598,-1.3292472251265894,3.4346249692714967,-6.101076602935791,13.178787231445312,0.8478150311450551,2.502880887023447,0.012207031560399583,13.855400587874112,4.101845245657076,1.9291489075219617
2111,6647,20071004230000,fall_1,39.499794,-75.006409,720,1220,2102,2602,-11.772276878356934,8.127789497375488,-1.6979903428484269,3.5354422035500237,-6.497870445251465,12.384407997131348,1.0841290846508962,2.8141339983545204,0.036621093108843795,13.116851716525407,4.479733724474687,2.0998082221322267
2112,6648,20071005000000,fall_1,39.499794,-75.006409,720,1220,2102,2602,-11.72054386138916,9.267545700073242,-1.921304034582072,3.594953522551813,-6.317208290100098,11.67537784576416,1.312112160915164,2.876258923487002,0.018310547130271002,13.19925708721935,4.663352527188696,2.2051637008466995
2113,6649,20071005010000,fall_1,39.499794,-75.006409,720,1220,2102,2602,-13.382131576538086,7.865128993988037,-1.9827274952786453,3.5977250465463237,-7.819962501525879,12.978469848632812,1.4819603725692985,2.8439792937811177,0.03662109309133976,17.00491386101075,4.709790346603165,2.2309490113953285
2114,6650,20071005020000,fall_1,39.499794,-75.006409,720,1220,2102,2602,-14.0409574508667,7.3867645263671875,-1.9812681501562708,3.551565829726954,-8.09187126159668,12.26059341430664,1.5947111836817962,2.7469044337190205,0.03051757658298864,16.418960450170932,4.6530960331434255,2.230768558008132
2115,6651,20071005030000,fall_1,39.499794,-75.006409,720,1220,2102,2602,-14.373838424682617,7.214698314666748,-1.9194652058822832,3.484344049498241,-7.423355579376221,12.294328689575195,1.6579096490605159,2.665633179116354,0.012207030835031463,17.166664061118503,4.566739641010769,2.196395645857385
2116,6652,20071005040000,fall_1,39.499794,-75.006409,720,1220,2102,2602,-12.667583465576172,7.702831745147705,-1.8265111695149647,3.4297561320416174,-6.800867557525635,12.154619216918945,1.6566780849212035,2.590202861101756,0.02136230471901586,15.53392072015109,4.463564153087275,2.1516733877687346
2117,6653,20071005050000,fall_1,39.499794,-75.006409,720,1220,2102,2602,-13.570255279541016,7.665925025939941,-1.731836271922314,3.372036844318767,-6.19229793548584,11.837538719177246,1.5840781284038177,2.528474008922658,0.02136230423626957,15.567488987788705,4.339842312078524,2.106689912912373
2118,6654,20071005060000,fall_1,39.499794,-75.006409,720,1220,2102,2602,-12.765732765197754,8.42891788482666,-1.6354678349704053,3.325736148221543,-5.970901012420654,12.555476188659668,1.4613494002054301,2.465995829855909,0.02441406185202332,15.86046578473123,4.191022447681049,2.094584520183252
2119,6655,20071005070000,fall_1,39.499794,-75.006409,720,1220,2102,2602,-13.128022193908691,9.907432556152344,-1.5434962046928944,3.3033832390846727,-5.852754592895508,13.026034355163574,1.3058669719987475,2.4469775607044317,0.033569338089271636,15.652947040764284,4.060995292017016,2.120383533121011
2120,6656,20071005080000,fall_1,39.499794,-75.006409,720,1220,2102,2602,-12.961853981018066,11.017044067382812,-1.477228518981757,3.3147900332362883,-5.512283802032471,12.893113136291504,1.1278013448044377,2.4183805905805604,0.00610351543407445,15.92761287713909,3.9502800091866166,2.1646767576235786
2121,6657,20071005090000,fall_1,39.499794,-75.006409,720,1220,2102,2602,-12.597189903259277,11.396860122680664,-1.4797178279834413,3.348052727138968,-5.618780612945557,12.221403121948242,0.932257382492406,2.3650755344439345,0.018310546663402937,15.201271340177353,3.8651387922520963,2.2186505226419904
2122,6658,20071005100000,fall_1,39.499794,-75.006409,720,1220,2102,2602,-12.587258338928223,12.673067092895508,-1.5379455159010533,3.3752976594225,-5.736998081207275,11.294412612915039,0.7468042923512039,2.312251862258537,0.024414062964324367,13.095490068689472,3.815797899251813,2.2587214120472825
2123,6659,20071005110000,fall_1,39.499794,-75.006409,720,1220,2102,2602,-13.638367652893066,13.117813110351562,-1.6391660763512557,3.40626997658366,-5.790060520172119,10.575618743896484,0.6288848000660224,2.2927304271779976,0.021362305430157807,13.638724977786476,3.811457057669422,2.3268959109164844
2124,6660,20071005120000,fall_1,39.499794,-75.006409,720,1220,2102,2602,-13.06048583984375,13.745501518249512,-1.7653476368169487,3.4413836042805888,-5.727463245391846,11.880277633666992,0.5714326752886588,2.27308546672045,0.03356933458598387,13.809624009145296,3.841198647142929,2.3870942975125744
2125,6661,20071005130000,fall_1,39.499794,-75.006409,720,1220,2102,2602,-12.943391799926758,14.160401344299316,-1.8855327846620924,3.3856091595557305,-6.154418468475342,10.990922927856445,0.48606978069594414,2.045317859839759,0.021362303964488405,14.194161030150209,3.697008610874927,2.401936629868736
2126,6662,20071005140000,fall_1,39.499794,-75.006409,720,1220,2102,2602,-12.941676139831543,12.456537246704102,-1.9549988151607882,3.3403356257188035,-6.76714563369751,9.665328025817871,0.39800563741295586,1.769868219121213,0.021362304149645128,12.942901093593653,3.49171930017197,2.465481857365953
2127,6663,20071005150000,fall_1,39.499794,-75.006409,720,1220,2102,2602,-12.523219108581543,11.630230903625488,-1.9223297009379645,3.4303717301674843,-6.286187648773193,8.503152847290039,0.5021086411527065,1.7675814067750533,0.018310546493550486,12.607193180792716,3.5790713726776917,2.455505429156413
2128,6664,20071005160000,fall_1,39.499794,-75.006409,720,1220,2102,2602,-12.314302444458008,9.414827346801758,-1.8797348609013262,3.544032429956313,-6.187242031097412,8.170527458190918,0.6382088181426183,1.8187026060082807,0.021362303820845505,13.235877502198312,3.7390006846639343,2.4142146873483963
2129,6665,20071005170000,fall_1,39.499794,-75.006409,720,1220,2102,2602,-12.397643089294434,8.397163391113281,-1.8520520235689046,3.65140593022507,-7.74983024597168,8.213562965393066,0.8018055897704346,1.8822071916751524,0.009155273212371685,13.171791183764565,3.9121794428715093,2.3755652144790367
2130,6666,20071005180000,fall_1,39.499794,-75.006409,720,1220,2102,2602,-13.296812057495117,8.169778823852539,-1.8019948650778599,3.7434596119887416,-7.883537769317627,9.775981903076172,1.0141736882842725,1.9739541754682366,0.01220703108035611,14.80757901664555,4.091613169462152,2.33332817852491
2131,6667,20071005190000,fall_1,39.499794,-75.006409,720,1220,2102,2602,-16.894765853881836,8.39794921875,-1.7399455039138365,3.8367804242288073,-7.2859206199646,12.654302597045898,1.2498158775972794,2.0448608716504038,0.021362304355196867,18.381301199759676,4.276414132505369,2.2812435775131115
2132,6668,20071005200000,fall_1,39.499794,-75.006409,720,1220,2102,2602,-12.986673355102539,10.41248607635498,-1.6586088001728716,3.9054698860290906,-8.194557189941406,14.101882934570312,1.4952319609717561,2.1101327469741054,0.0396728540118756,14.25824729064924,4.4337698254893985,2.24360026391392
2133,6669,20071005210000,fall_1,39.499794,-75.006409,720,1220,2102,2602,-14.769865989685059,9.692373275756836,-1.5550242602066982,3.90464953625848,-5.635506629943848,13.910707473754883,1.7115496396268444,2.172246069631057,0.04272460902202921,15.292823456536427,4.544565466241715,2.158557001751989
2134,6670,20071005220000,fall_1,39.499794,-75.006409,720,1220,2102,2602,-13.951600074768066,12.4854736328125,-1.4791428256136785,3.9492454918822846,-7.516774654388428,16.12283706665039,1.9843368224040514,2.4426857263335826,0.02746582018853317,17.514573022964374,4.796626812489788,2.1635805642044965
2135,6671,20071005230000,fall_1,39.499794,-75.006409,720,1220,2102,2602,-13.380373001098633,10.400622367858887,-1.4287511423695762,4.194906963472389,-7.3246917724609375,12.933547019958496,2.3240766034344156,2.856393206140749,0.05187988399630341,14.636680987562409,5.266221060554421,2.337905944879491
2136,6672,20071006000000,fall_1,39.499794,-75.006409,720,1220,2102,2602,-12.853326797485352,9.600991249084473,-1.2568059972932766,4.385088129079571,-5.312070846557617,12.02829360961914,2.458749331454356,2.924195106318302,0.030517577583432636,14.059875162320763,5.411981932816658,2.4729286419620244
2137,6673,20071006010000,fall_1,39.499794,-75.006409,720,1220,2102,2602,-11.46088695526123,10.297993659973145,-1.0443800380871129,4.501595883391393,-5.869568824768066,11.403977394104004,2.480561036630673,2.8326175378940133,0.04272460830411327,12.900177451966226,5.413191679074164,2.49586782089084
2138,6674,20071006020000,fall_1,39.499794,-75.006409,720,1220,2102,2602,-13.116822242736816,10.836113929748535,-0.8493314985792304,4.57996200199444,-6.1111345291137695,11.54427433013916,2.4409778180247246,2.7313509154736577,0.012207031296751509,13.605148465223577,5.394903397591043,2.4517511693481286
2139,6675,20071006030000,fall_1,39.499794,-75.006409,720,1220,2102,2602,-11.655851364135742,12.029032707214355,-0.659627079439515,4.61525206089212,-6.247799396514893,11.747177124023438,2.3879120924136745,2.6778468788847762,0.045776366394766524,13.333534194463168,5.361184886097522,2.4220537059336134
2140,6676,20071006040000,fall_1,39.499794,-75.006409,720,1220,2102,2602,-11.786067962646484,12.103331565856934,-0.44637279309226435,4.596161557910473,-6.402446269989014,12.050528526306152,2.3377389150092234,2.6275829859729303,0.054931642395806494,13.455611478357985,5.2846006958680745,2.401283158017936
2141,6677,20071006050000,fall_1,39.499794,-75.006409,720,1220,2102,2602,-11.620827674865723,12.154980659484863,-0.24074863308494748,4.5497188368391805,-6.231618881225586,12.441123962402344,2.2444227370124095,2.591724569183153,0.021362303980396787,13.534957899669637,5.171217856142596,2.402264962042983
2142,6678,20071006060000,fall_1,39.499794,-75.006409,720,1220,2102,2602,-14.1633882522583,13.463125228881836,-0.03708051187589089,4.471608839866722,-7.6185102462768555,12.197468757629395,2.169458497956276,2.567489770745322,0.03356933765791445,16.028320224078005,5.049742444035197,2.4073462001301738
2143,6679,20071006070000,fall_1,39.499794,-75.006409,720,1220,2102,2602,-13.171728134155273,11.952773094177246,0.18596408739669482,4.357832624857352,-9.378875732421875,12.65571117401123,2.107252804609109,2.5548785516635415,0.03662109440499387,13.989685312275181,4.9264005968848,2.392443057497677
2144,6680,20071006080000,fall_1,39.499794,-75.006409,720,1220,2102,2602,-10.961405754089355,12.710835456848145,0.3891609909999918,4.246451204754066,-8.058646202087402,12.417952537536621,2.0101068640102975,2.588294970872112,0.021362304764320352,13.052765016512476,4.816850264662286,2.39197577330528
2145,6681,20071006090000,fall_1,39.499794,-75.006409,720,1220,2102,2602,-10.975395202636719,12.991120338439941,0.543374701521747,4.162933810691105,-8.954609870910645,11.89543628692627,1.8787153756546568,2.672561923582508,0.02746582165961251,13.962219157554317,4.750990948148994,2.3928054010219046
2146,6682,20071006100000,fall_1,39.499794,-75.006409,720,1220,2102,2602,-10.540653228759766,12.738008499145508,0.6363613153401593,4.0887163833176645,-10.7929105758667,12.570101737976074,1.7349185627257475,2.7641403201841825,0.03662109443427292,14.218575016908815,4.694623339011539,2.394469298328586
2147,6683,20071006110000,fall_1,39.499794,-75.006409,720,1220,2102,2602,-11.252520561218262,12.508235931396484,0.6899288304605148,4.033252825261283,-10.037871360778809,13.237255096435547,1.5891640429758658,2.813382420785042,0.030517578143310884,14.102600183533328,4.631220206645902,2.3948888371285912
2148,6684,20071006120000,fall_1,39.499794,-75.006409,720,1220,2102,2602,-10.532517433166504,12.058653831481934,0.6826427155002509,4.0081788619282275,-7.964147567749023,10.90732479095459,1.4694390590505357,2.780886664658604,0.039672853438724745,12.250129612034897,4.5572132045836184,2.3782111899791176
2149,6685,20071006130000,fall_1,39.499794,-75.006409,720,1220,2102,2602,-10.934846878051758,11.885744094848633,0.6257397104866652,3.737745911468398,-7.485090732574463,9.855273246765137,1.223494584464394,2.4566690180983213,0.021362304181818767,11.905273609748923,4.139488894644193,2.181533414319828
2150,6686,20071006140000,fall_1,39.499794,-75.006409,720,1220,2102,2602,-9.793720245361328,11.487996101379395,0.5695929788828382,3.4872555041502427,-10.768582344055176,9.24173355102539,0.9521162161684933,2.1641094967990813,0.01831054709122879,11.502426131642137,3.7063268106804017,2.0828883523793147
2151,6687,20071006150000,fall_1,39.499794,-75.006409,720,1220,2102,2602,-9.578558921813965,11.724967956542969,0.7117918045668283,3.4659066327525037,-9.540290832519531,8.0479097366333,0.9220467718174776,2.1302777350849995,0.018310546187661838,11.999877929093026,3.7026862246243284,2.0487861186569587
2152,6688,20071006160000,fall_1,39.499794,-75.006409,720,1220,2102,2602,-9.777222633361816,11.385082244873047,0.8793389358095904,3.515526559322535,-8.717193603515625,8.059576034545898,0.9505038225058073,2.101096397064487,0.015258788607619657,11.810660945627967,3.789522914790108,2.0223114542446443
2153,6689,20071006170000,fall_1,39.499794,-75.006409,720,1220,2102,2602,-9.259848594665527,11.19599437713623,1.0050490950757045,3.6128846941260604,-11.219056129455566,7.779176712036133,1.0058336589790269,2.053347548707308,0.012207030964350519,12.240974638970515,3.889003936786141,2.041236238543249
2154,6690,20071006180000,fall_1,39.499794,-75.006409,720,1220,2102,2602,-9.869824409484863,13.609082221984863,1.1605660257503945,3.6977040342965797,-12.231546401977539,7.382159233093262,1.058309861367427,2.055177356496934,0.021362304859753423,15.417953702044247,4.0054502668391105,2.078477932185721
2155,6691,20071006190000,fall_1,39.499794,-75.006409,720,1220,2102,2602,-10.048298835754395,17.8629150390625,1.3186671974006743,3.7526039695806004,-15.311382293701172,8.172799110412598,1.121823637448251,2.134957072841294,0.018310547463749757,19.91638138897125,4.130461208043338,2.139331651538511
2156,6692,20071006200000,fall_1,39.499794,-75.006409,720,1220,2102,2602,-8.444936752319336,20.45749282836914,1.438420073807868,3.767909232040404,-14.550286293029785,8.582945823669434,1.2543094987822059,2.2260810483088926,0.018310546776897543,20.752587196384066,4.232222028695066,2.209800475570645
2157,6693,20071006210000,fall_1,39.499794,-75.006409,720,1220,2102,2602,-8.9171142578125,19.538616180419922,1.5045918953430693,3.7549161715724138,-17.846410751342773,8.428048133850098,1.3974600741286067,2.369546938692138,0.015258788574483076,19.663077620230997,4.342199805634559,2.2530291672466416
2158,6694,20071006220000,fall_1,39.499794,-75.006409,720,1220,2102,2602,-8.873706817626953,19.89828872680664,1.525658118104362,3.78470306811376,-15.321270942687988,10.859766960144043,1.6943911421248614,2.5913368946933226,0.015258788415406841,20.059814377147532,4.556860756775638,2.3393627967452244
2159,6695,20071006230000,fall_1,39.499794,-75.006409,720,1220,2102,2602,-8.732561111450195,16.241533279418945,1.696373105490548,4.040506236393398,-14.705873489379883,11.290124893188477,2.0988842587006515,2.7611160919049444,0.027465821437765537,17.99371365334011,4.97250542305963,2.55081151428442
2160,6696,20071007000000,fall_1,39.499794,-75.006409,720,1220,2102,2602,-8.294816017150879,15.266623497009277,1.8961016729063591,4.117525820181122,-13.539387702941895,10.280942916870117,2.261226904915246,2.747926289575817,0.012207031341984882,17.682426502407566,5.150526034680804,2.585642668348865
2161,6697,20071007010000,fall_1,39.499794,-75.006409,720,1220,2102,2602,-7.483974933624268,16.69952964782715,2.1669631588647653,4.106061123211697,-14.04399585723877,9.74708080291748,2.2010490484099714,2.6812128638120516,0.009155272905271739,17.053741724358026,5.208490224532256,2.541774221868903
2162,6698,20071007020000,fall_1,39.499794,-75.006409,720,1220,2102,2602,-7.998956203460693,14.17226791381836,2.408166555023124,4.109519445110265,-10.715397834777832,9.705333709716797,2.003023943747115,2.7249530083249267,0.024414063166307464,14.181953701137035,5.245226292173481,2.5714764605507625
2163,6699,20071007030000,fall_1,39.499794,-75.006409,720,1220,2102,2602,-8.07939624786377,15.061393737792969,2.563915022615489,4.1490327433304675,-11.707606315612793,9.129475593566895,1.7038381108974054,2.775861975252202,0.02441406221296537,15.158546126506447,5.250672914117077,2.612860675806596
2164,6700,20071007040000,fall_1,39.499794,-75.006409,720,1220,2102,2602,-8.291253089904785,15.370108604431152,2.678065159473178,4.201548556659801,-11.09722900390625,8.87552261352539,1.3855595692830829,2.841169684763888,0.015258789158194418,15.979491830974398,5.245893154019842,2.7014197723817674
2165,6701,20071007050000,fall_1,39.499794,-75.006409,720,1220,2102,2602,-9.93682861328125,13.402639389038086,2.7652744859536957,4.254400260551506,-12.378348350524902,8.234087944030762,1.0131494348451116,2.9013925615845353,0.018310548019273145,15.872680527805613,5.241889983951154,2.7773736748130973
2166,6702,20071007060000,fall_1,39.499794,-75.006409,720,1220,2102,2602,-9.904964447021484,12.682317733764648,2.8775550101226237,4.310033844660793,-13.378198623657227,8.779535293579102,0.6142783354972868,2.9068847647109513,0.012207031462701697,15.317237681010154,5.252503190038428,2.8452138277833203
2167,6703,20071007070000,fall_1,39.499794,-75.006409,720,1220,2102,2602,-9.167420387268066,14.07877254486084,3.0081864413854347,4.343880589599924,-14.050101280212402,8.70432186126709,0.1854070020743959,2.936383897816541,0.024414062617181376,14.523757611491792,5.290546487613866,2.9300730804894948
2168,6704,20071007080000,fall_1,39.499794,-75.006409,720,1220,2102,2602,-10.059826850891113,14.295697212219238,3.0556187094450453,4.39594351923646,-14.973723411560059,8.462047576904297,-0.2651075303623498,2.939361383705408,0.03356933575066937,15.363014214828503,5.305914937196043,3.0362014339863785
2169,6705,20071007090000,fall_1,39.499794,-75.006409,720,1220,2102,2602,-11.290579795837402,14.74450397491455,3.005249363167013,4.441923992012979,-15.373407363891602,8.822202682495117,-0.7552286182794511,2.956449106934819,0.015258789288524218,15.643791635641266,5.3417301174780745,3.0885422816318897
2170,6706,20071007100000,fall_1,39.499794,-75.006409,720,1220,2102,2602,-10.714110374450684,14.248738288879395,2.8977435293403615,4.473332768553925,-15.856511116027832,7.672088623046875,-1.2501926431108321,3.000383315855753,0.006103515360565373,16.10156209289491,5.4157993209752435,3.1051607079071393
2171,6707,20071007110000,fall_1,39.499794,-75.006409,720,1220,2102,2602,-10.214457511901855,13.785086631774902,2.734101754384991,4.466808320513455,-16.3675594329834,7.776731967926025,-1.7510837533322205,3.065072621852248,0.02136230428165074,16.547134075152385,5.506994117176048,3.0921948931689265
2172,6708,20071007120000,fall_1,39.499794,-75.006409,720,1220,2102,2602,-10.689875602722168,14.245166778564453,2.4619183266224747,4.4116220079789406,-16.13531494140625,7.1909589767456055,-2.208233408745318,3.1322147306514467,0.018310546936691215,16.3975977355912,5.557572927009576,3.053505797542039
2173,6709,20071007130000,fall_1,39.499794,-75.006409,720,1220,2102,2602,-9.465648651123047,12.835962295532227,2.019477425837294,4.187395680964192,-14.980856895446777,5.386236190795898,-2.4873220739708453,3.0882739088891396,0.015258788717543577,15.271461605823006,5.331948327104062,2.984477430892086
2174,6710,20071007140000,fall_1,39.499794,-75.006409,720,1220,2102,2602,-9.339259147644043,11.51495361328125,1.6198161420017783,3.979679302074163,-13.16742992401123,6.15248966217041,-2.7211378106300543,3.090346103149115,0.012207031218287803,13.330482388859458,5.073510891771152,3.1106219529245207
2175,6711,20071007150000,fall_1,39.499794,-75.006409,720,1220,2102,2602,-9.711965560913086,10.923843383789062,1.3649040890954918,3.821882495489341,-12.393641471862793,6.252441883087158,-2.9966056882562633,3.032007540477698,0.015258789349706892,12.68044269828367,5.0465814875155965,3.0289403506879604
2176,6712,20071007160000,fall_1,39.499794,-75.006409,720,1220,2102,2602,-9.210275650024414,10.675491333007812,1.1284196231058585,3.6571416486286417,-12.19809627532959,6.463712215423584,-3.2204591940355423,2.9329720607198273,0.024414063283201757,12.427139475437723,5.017242698585713,2.906711908126449
2177,6713,20071007170000,fall_1,39.499794,-75.006409,720,1220,2102,2602,-9.076590538024902,9.792783737182617,0.861216522275082,3.4988012638718047,-11.989606857299805,6.357540130615234,-3.388066613371007,2.8288744241492862,0.021362303978662657,12.323371428648494,4.970302614305981,2.785843137863094
2178,6714,20071007180000,fall_1,39.499794,-75.006409,720,1220,2102,2602,-9.53644847869873,8.808051109313965,0.6240696306713394,3.3805294249637514,-11.644495964050293,6.272368907928467,-3.4653293578470983,2.779498386703994,0.030517579487083165,11.862541431981123,4.936143500763866,2.680680562261333
2179,6715,20071007190000,fall_1,39.499794,-75.006409,720,1220,2102,2602,-9.490432739257812,8.844049453735352,0.39128366260673514,3.2706899541703454,-12.147284507751465,6.497256755828857,-3.425869790487522,2.8252666067058962,0.03356933696073302,12.36609578391772,4.869806388570439,2.618055889226733
2180,6716,20071007200000,fall_1,39.499794,-75.006409,720,1220,2102,2602,-11.274744033813477,7.951113700866699,0.14459624504087493,3.183460571167483,-11.694652557373047,6.703319549560547,-3.3142658181590434,2.920397450800681,0.033569334439688125,11.77098915581372,4.790530962550525,2.5921461307501947
2181,6717,20071007210000,fall_1,39.499794,-75.006409,720,1220,2102,2602,-10.64455795288086,9.372875213623047,-0.1320267520213581,3.1229651989172402,-11.370099067687988,7.962646961212158,-3.112818369926266,2.985499053650277,0.021362303512135528,11.511581795156232,4.668727646477423,2.564403958703074
2182,6718,20071007220000,fall_1,39.499794,-75.006409,720,1220,2102,2602,-11.409942626953125,8.120566368103027,-0.5057197110018076,3.113004052703084,-11.126327514648438,8.438817977905273,-2.8770856245543843,3.0878606483718967,0.018310546917486216,11.560409238396197,4.620775201355292,2.531301695089454
2183,6719,20071007230000,fall_1,39.499794,-75.006409,720,1220,2102,2602,-10.815084457397461,7.181391716003418,-0.8872498511591755,3.1441320720500423,-11.004817962646484,9.085314750671387,-2.701550555310619,3.262614844061005,0.021362305031817155,11.529892524344634,4.731129345685613,2.4964424533432443
2184,6720,20071008000000,fall_2,39.499794,-75.006409,720,1220,2102,2602,-9.948054313659668,7.76173734664917,-1.1771405303929299,3.032086447971792,-11.177628517150879,9.645613670349121,-2.3466802019463975,3.3533386126591624,0.03356933441839458,11.508529449539626,4.617101971041825,2.4522163988171406
2185,6721,20071008010000,fall_2,39.499794,-75.006409,720,1220,2102,2602,-9.248024940490723,8.696212768554688,-1.350906858709752,2.945257194655692,-10.903463363647461,9.830025672912598,-1.9338544015185546,3.3963859868878115,0.02746582023363399,11.423080764566045,4.465265768813813,2.4158065973169998
2186,6722,20071008020000,fall_2,39.499794,-75.006409,720,1220,2102,2602,-8.764910697937012,9.58313274383545,-1.362355858297186,2.895688860839825,-10.420775413513184,9.683999061584473,-1.4846189376391767,3.4012576347213157,0.021362305136548732,11.91137703673941,4.295083633468892,2.3592225271650578
2187,6723,20071008030000,fall_2,39.499794,-75.006409,720,1220,2102,2602,-8.825258255004883,10.07422924041748,-1.2224845816824101,2.894759658608129,-11.048730850219727,9.399943351745605,-1.0443635525007193,3.4144716765747907,0.02441406253321397,12.207404952497306,4.181070876199918,2.2676111707416906
2188,6724,20071008040000,fall_2,39.499794,-75.006409,720,1220,2102,2602,-8.45556354522705,10.62059211730957,-0.940494492269672,2.9046553488102695,-10.293445587158203,9.084432601928711,-0.6637509257046393,3.369251320921493,0.027465819448787038,12.414932519116109,4.0656409266881015,2.141153006094007
2189,6725,20071008050000,fall_2,39.499794,-75.006409,720,1220,2102,2602,-8.288434028625488,11.54998779296875,-0.5768628594208911,2.9685296914773334,-9.587615013122559,8.670485496520996,-0.34211416410750595,3.331651698726972,0.03356933650142624,12.372199912387421,4.041819647067199,2.0063844026648128
2190,6726,20071008060000,fall_2,39.499794,-75.006409,720,1220,2102,2602,-7.977472305297852,15.198943138122559,-0.13325396872603498,3.1083465982569614,-10.358236312866211,9.3898344039917,-0.06280484558099851,3.332281453448278,0.045776365451096784,15.216529399537784,4.1063173239076,1.9813574548972752
2191,6727,20071008070000,fall_2,39.499794,-75.006409,720,1220,2102,2602,-8.144811630249023,16.200258255004883,0.3534314600882336,3.2656935812974663,-9.81892204284668,11.028518676757812,0.21251913238709932,3.3449347053728418,0.015258789305923753,16.21753665383109,4.232111947402073,2.0279668126975037
2192,6728,20071008080000,fall_2,39.499794,-75.006409,720,1220,2102,2602,-8.136835098266602,15.254644393920898,0.8411946223199045,3.4281453813241347,-12.693806648254395,10.743202209472656,0.3735556473452805,3.355170566092998,0.015258789015138103,15.698722856895573,4.385344320765205,2.150641226631406
2193,6729,20071008090000,fall_2,39.499794,-75.006409,720,1220,2102,2602,-8.179283142089844,16.776142120361328,1.2282318159885564,3.5284391191798,-17.331703186035156,11.681282043457031,0.38855685775941656,3.359968476660041,0.018310547362422457,17.615281276393592,4.476041695109712,2.3159989963437626
2194,6730,20071008100000,fall_2,39.499794,-75.006409,720,1220,2102,2602,-8.394736289978027,17.63361358642578,1.5626014906384438,3.5489008746003687,-15.092668533325195,11.002711296081543,0.38239428774322043,3.3307905830785067,0.015258789434394689,17.999816393762508,4.5055814313540195,2.444697957078892
2195,6731,20071008110000,fall_2,39.499794,-75.006409,720,1220,2102,2602,-7.362156391143799,17.48860740661621,1.8385740601708556,3.5316255776594963,-15.322003364562988,11.629830360412598,0.36503129801479484,3.2751161303610696,0.02136230491748425,17.612228187616765,4.495605158659229,2.549882657855078
2196,6732,20071008120000,fall_2,39.499794,-75.006409,720,1220,2102,2602,-7.360492706298828,17.356367111206055,2.0593570305361815,3.443774267623704,-11.204947471618652,9.946049690246582,0.3730208198553843,3.1310616830847824,0.027465821810678054,17.374191902756877,4.415368768303426,2.5588558030463466
2197,6733,20071008130000,fall_2,39.499794,-75.006409,720,1220,2102,2602,-6.978476047515869,16.061208724975586,2.138054378432862,3.2508342435751865,-11.888982772827148,8.401944160461426,0.3881909853847394,2.832582653813007,0.021362305765367563,16.428115819308353,4.157134548613028,2.4559415467150796
2198,6734,20071008140000,fall_2,39.499794,-75.006409,720,1220,2102,2602,-6.423599720001221,15.98933219909668,2.166627004560616,3.1240605565651616,-10.964189529418945,8.067940711975098,0.45490751689318126,2.5043756924819887,0.015258789415375215,16.434218920620584,3.8246497511202104,2.5109599115187415
2199,6735,20071008150000,fall_2,39.499794,-75.006409,720,1220,2102,2602,-6.138028144836426,15.571022987365723,2.471737606019366,3.1872972352951123,-10.040771484375,9.072250366210938,0.4950457247639655,2.390592712943345,0.024414062138934243,17.17581917623005,3.953860427199263,2.568139787889822
2200,6736,20071008160000,fall_2,39.499794,-75.006409,720,1220,2102,2602,-5.637598514556885,15.550148010253906,2.9010761323594623,3.265667255548863,-8.601950645446777,7.979257106781006,0.5224487370096722,2.4123492195880845,0.030517578751565858,17.117828526092065,4.248456484691102,2.6690493227825804
2201,6737,20071008170000,fall_2,39.499794,-75.006409,720,1220,2102,2602,-5.40150260925293,16.378097534179688,3.3329148257991403,3.33319341566584,-8.651123046875,8.43154525756836,0.49957785133756344,2.505271570476054,0.01220703102995526,17.416915930384153,4.586247990928155,2.7768313991598226
2202,6738,20071008180000,fall_2,39.499794,-75.006409,720,1220,2102,2602,-5.464590549468994,15.756951332092285,3.7463214936863047,3.426091653311642,-14.114180564880371,8.46188735961914,0.47289663597424514,2.5895017384676415,0.021362305007326998,17.102569555058157,4.932582386502477,2.893408065440461
2203,6739,20071008190000,fall_2,39.499794,-75.006409,720,1220,2102,2602,-5.169365882873535,16.091537475585938,4.098287411706625,3.5393627244210473,-13.247676849365234,8.500782012939453,0.4681300537504915,2.661601984536772,0.01525878906340322,17.429122639516777,5.233912510492254,3.0384994500248577
2204,6740,20071008200000,fall_2,39.499794,-75.006409,720,1220,2102,2602,-6.163040637969971,15.912505149841309,4.349356846652007,3.6420444848861115,-14.055397033691406,8.628141403198242,0.4605598418233159,2.7147846681602212,0.01831054713017939,19.14426438551693,5.453475249383731,3.1659393355124803
2205,6741,20071008210000,fall_2,39.499794,-75.006409,720,1220,2102,2602,-4.809897422790527,16.796884536743164,4.478365368449381,3.7116862067827006,-14.114151000976562,8.884674072265625,0.4894873478010694,2.7485398983814795,0.033569337176232276,19.754630699519677,5.590655329473669,3.2204057655251446
2206,6742,20071008220000,fall_2,39.499794,-75.006409,720,1220,2102,2602,-6.33511209487915,18.155174255371094,4.537491460565213,3.8041889497395953,-14.129698753356934,8.793912887573242,0.6671910770416041,2.812661244166214,0.012207031419444013,19.595931212275282,5.738730469683133,3.237879263356195
2207,6743,20071008230000,fall_2,39.499794,-75.006409,720,1220,2102,2602,-5.782926559448242,18.34639549255371,4.862275902868681,3.9313558687779877,-15.130265235900879,8.587240219116211,0.8129049098810857,3.017665608511921,0.018310545849376532,19.138161062784633,6.151386249519706,3.3203694446728154
2208,6744,20071009000000,fall_2,39.499794,-75.006409,720,1220,2102,2602,-5.914855480194092,17.872900009155273,5.004587007942028,3.9566350557231957,-11.985339164733887,8.328827857971191,0.8816862044801691,3.115911630604816,0.015258789220305203,19.458603803621994,6.331047547001478,3.3324112733507882
2209,6745,20071009010000,fall_2,39.499794,-75.006409,720,1220,2102,2602,-7.356194496154785,19.829858779907227,5.089073685592819,3.938261372834328,-12.77369499206543,9.112300872802734,0.9194395336258172,3.22046582387831,0.009155273087016275,19.91943321883721,6.468851530638381,3.2831848366292045
2210,6746,20071009020000,fall_2,39.499794,-75.006409,720,1220,2102,2602,-7.682735919952393,17.06691551208496,5.207776906840684,3.9693296815931762,-14.10000228881836,9.64591121673584,0.9551868284193255,3.3260959053738963,0.02746581970031513,18.182929628281293,6.662127512259568,3.235408983718228
2211,6747,20071009030000,fall_2,39.499794,-75.006409,720,1220,2102,2602,-7.364892959594727,18.154220581054688,5.4053941392849705,4.015471266389095,-14.699594497680664,9.470423698425293,0.9180744330438262,3.453559180098409,0.018310546069952274,21.14322613836719,6.906149792692832,3.2275876453091445
2212,6748,20071009040000,fall_2,39.499794,-75.006409,720,1220,2102,2602,-8.704254150390625,16.329242706298828,5.56931911431756,4.097902401409613,-15.788040161132812,9.923148155212402,0.7195872080124831,3.609591489104886,0.012207031057510285,18.878753971332742,7.172960090813018,3.147335300272107
2213,6749,20071009050000,fall_2,39.499794,-75.006409,720,1220,2102,2602,-11.08794116973877,16.089900970458984,5.6229876428052865,4.220328771401519,-15.438139915466309,9.262147903442383,0.4148940137938466,3.735774858487247,0.02136230379786028,20.117797432884238,7.382380602348475,3.0096133386062696
2214,6750,20071009060000,fall_2,39.499794,-75.006409,720,1220,2102,2602,-12.045511245727539,17.342010498046875,5.624912714141176,4.415644275375769,-14.810739517211914,9.166836738586426,0.07774040963996737,3.864215376635388,0.06408691526827341,20.761741485126656,7.604163550540567,2.872709200965613
2215,6751,20071009070000,fall_2,39.499794,-75.006409,720,1220,2102,2602,-13.688182830810547,16.379966735839844,5.540841287809302,4.718362147159776,-14.555696487426758,12.003056526184082,-0.2780215214660384,3.9954552700688004,0.0823974598295388,18.98556480841673,7.817709917112198,2.8086000003287888
2216,6752,20071009080000,fall_2,39.499794,-75.006409,720,1220,2102,2602,-14.864432334899902,17.41126251220703,5.383085960642719,4.981906425373633,-15.966946601867676,10.308633804321289,-0.6661767407629483,4.084490148804458,0.05798339999705828,18.756675358314183,7.95061672860515,2.7769679420702693
2217,6753,20071009090000,fall_2,39.499794,-75.006409,720,1220,2102,2602,-13.69979476928711,19.034658432006836,5.143500022301512,5.1134912274029345,-14.68251895904541,8.268556594848633,-1.0649940628865946,4.128680137015296,0.03662109227671594,20.603043002992592,7.930370759094683,2.809415715626074
2218,6754,20071009100000,fall_2,39.499794,-75.006409,720,1220,2102,2602,-15.32524585723877,19.40812110900879,4.73987674101074,5.270811683912005,-13.2643404006958,9.43007755279541,-1.4275523640622325,4.13611872363825,0.0946044925363851,20.203254326696506,7.833320470778301,2.834142123728814
2219,6755,20071009110000,fall_2,39.499794,-75.006409,720,1220,2102,2602,-14.778679847717285,17.28337860107422,4.205352259090545,5.394198115895621,-14.350724220275879,9.007588386535645,-1.6453017621807315,4.089756171178165,0.06408691517791341,17.95709238385813,7.639484594175992,2.8024559765038926
2220,6756,20071009120000,fall_2,39.499794,-75.006409,720,1220,2102,2602,-13.366004943847656,15.598130226135254,3.6206336674442543,5.408056835586227,-12.860392570495605,10.16015338897705,-1.7222185074888683,3.941747003499962,0.07324219144493818,16.132087812835874,7.312690584973931,2.7173570480033504
2221,6757,20071009130000,fall_2,39.499794,-75.006409,720,1220,2102,2602,-12.960312843322754,14.499515533447266,2.759589534134444,5.178134838524269,-11.896566390991211,10.230813980102539,-1.6755853715398306,3.649910338385459,0.06103515476066887,14.883880876061026,6.561242985763358,2.7400615139419
2222,6758,20071009140000,fall_2,39.499794,-75.006409,720,1220,2102,2602,-12.713932037353516,14.241244316101074,1.9083341232478124,4.947451494126213,-12.274681091308594,8.783056259155273,-1.6040190814496171,3.3637857303385545,0.03356933685730283,14.255196229882008,5.814175816302963,2.8639669416886124
2223,6759,20071009150000,fall_2,39.499794,-75.006409,720,1220,2102,2602,-12.979405403137207,14.449695587158203,1.6287367554500827,4.858440847009346,-12.10216236114502,8.262505531311035,-1.4781725859358157,3.1516846801598692,0.021362305236585086,14.496291763728141,5.607666528485456,2.632378678061614
2224,6760,20071009160000,fall_2,39.499794,-75.006409,720,1220,2102,2602,-12.136402130126953,13.120743751525879,1.4441446803811215,4.7868738514516185,-10.962456703186035,9.212328910827637,-1.3125453226172505,3.0016313291604995,0.06103515667604483,13.763847628991265,5.455943339532066,2.4423274275826086
2225,6761,20071009170000,fall_2,39.499794,-75.006409,720,1220,2102,2602,-11.880680084228516,15.013298034667969,1.2429397769013941,4.752296494596328,-10.085165977478027,8.480352401733398,-1.07500961545418,2.8824028987939165,0.018310546865845486,15.027313192632798,5.3320594640831915,2.272059699332658
2226,6762,20071009180000,fall_2,39.499794,-75.006409,720,1220,2102,2602,-11.371511459350586,24.790077209472656,1.0550215268874472,4.777929692989981,-13.061248779296875,8.756613731384277,-0.7664532770599127,2.8295443465112107,0.030517578064346854,24.793236239525424,5.302704750525477,2.10161288940072
2227,6763,20071009190000,fall_2,39.499794,-75.006409,720,1220,2102,2602,-10.585060119628906,22.094310760498047,0.8673943350524809,4.902749503638525,-14.087591171264648,11.704927444458008,-0.45027633704549225,2.880891026229779,0.036621093545323904,22.09539857204686,5.383594927338401,2.0756958281404208
2228,6764,20071009200000,fall_2,39.499794,-75.006409,720,1220,2102,2602,-13.974255561828613,25.122642517089844,0.6650559409330721,5.109774431263625,-14.366961479187012,13.361837387084961,-0.15827495870537148,3.0165383830367616,0.04882812246586919,25.153358507579814,5.569216613092676,2.158813386632952
2229,6765,20071009210000,fall_2,39.499794,-75.006409,720,1220,2102,2602,-13.237874984741211,23.35015106201172,0.40024386738758977,5.287572645303986,-15.3056058883667,15.527151107788086,0.13014725050125492,3.203456669457469,0.051879882833958356,25.76677558048141,5.751237747961076,2.3067199524607553
2230,6766,20071009220000,fall_2,39.499794,-75.006409,720,1220,2102,2602,-12.802968978881836,19.39934730529785,0.1403775511710326,5.331006207192008,-14.345975875854492,14.32828140258789,0.47293622215238995,3.317621579062017,0.033569335821553685,20.609144829540796,5.845030399062745,2.3463235676493217
2231,6767,20071009230000,fall_2,39.499794,-75.006409,720,1220,2102,2602,-11.772119522094727,20.763681411743164,0.1738506125967363,5.49210063068228,-13.667879104614258,14.362060546875,0.8113423700020221,3.4701984240495847,0.03356933563785668,21.170693210393086,6.081434655782399,2.4310696090664505
2232,6768,20071010000000,fall_2,39.499794,-75.006409,720,1220,2102,2602,-11.302238464355469,20.044200897216797,0.23908633881125274,5.51195502737123,-13.945209503173828,15.36389446258545,1.0530873956868219,3.589576352793878,0.024414062997654622,20.07507185021918,6.223346419698759,2.3880580598225083
2233,6769,20071010010000,fall_2,39.499794,-75.006409,720,1220,2102,2602,-11.41327953338623,17.459753036499023,0.3466605561775898,5.421310742303436,-15.119603157043457,15.324505805969238,1.1997386708074564,3.68790500638549,0.02136230537567971,18.18292983377097,6.242044048033219,2.363828678773287
2234,6770,20071010020000,fall_2,39.499794,-75.006409,720,1220,2102,2602,-10.369678497314453,17.789785385131836,0.4249295624499433,5.246270625422634,-14.591325759887695,15.232429504394531,1.2753269383864263,3.7286920266585035,0.054931641106282486,18.66817500021831,6.135433874370084,2.3643127565720174
2235,6771,20071010030000,fall_2,39.499794,-75.006409,720,1220,2102,2602,-10.47851848602295,18.149887084960938,0.46537386093995403,5.014495056489923,-15.495109558105469,15.683271408081055,1.3793779757829898,3.7901567649386645,0.03051757695422592,19.44334490940172,5.994510902164024,2.3865339823120455
2236,6772,20071010040000,fall_2,39.499794,-75.006409,720,1220,2102,2602,-9.907678604125977,18.670467376708984,0.4352131618221288,4.76364965404536,-15.0287504196167,14.602612495422363,1.5605709853307974,3.8588121754895197,0.021362304770191663,21.793266847602812,5.893407536252495,2.3399421660191697
2237,6773,20071010050000,fall_2,39.499794,-75.006409,720,1220,2102,2602,-10.101344108581543,19.680028915405273,0.4244802692342571,4.556370011897759,-15.304925918579102,15.223990440368652,1.7137569748435568,4.0042866172030465,0.030517578883947457,20.572524286430543,5.873083492629153,2.3278435846150995
2238,6774,20071010060000,fall_2,39.499794,-75.006409,720,1220,2102,2602,-9.020103454589844,19.861995697021484,0.4649208735115684,4.381981776698554,-16.975711822509766,15.849674224853516,1.8421919494583014,4.127232158271876,0.027465819459641314,20.313118343000372,5.860601783422046,2.344990173330757
2239,6775,20071010070000,fall_2,39.499794,-75.006409,720,1220,2102,2602,-8.842750549316406,19.255956649780273,0.5421348138337766,4.263869641223676,-18.535585403442383,13.965576171875,2.0085542602410418,4.194872553831404,0.030517578440753878,19.9560552362899,5.877448558767354,2.3582491115197106
2240,6776,20071010080000,fall_2,39.499794,-75.006409,720,1220,2102,2602,-8.811887741088867,18.48316764831543,0.6497636223167275,4.191803914091307,-17.150959014892578,12.34937572479248,2.1889339525657245,4.196784076119495,0.030517577806061864,19.421981593773403,5.905410699706917,2.350311834018964
2241,6777,20071010090000,fall_2,39.499794,-75.006409,720,1220,2102,2602,-9.770127296447754,18.59380340576172,0.7787710246911974,4.180122091587387,-16.473424911499023,12.384827613830566,2.361929801086642,4.13662115974607,0.03967285359826322,19.339575737622276,5.929698675487708,2.3683170463252847
2242,6778,20071010100000,fall_2,39.499794,-75.006409,720,1220,2102,2602,-10.56154727935791,17.72205352783203,0.915718014918641,4.215409332787907,-15.881709098815918,12.822626113891602,2.4901259418492887,4.0781478038947006,0.021362303602958013,18.512527155344532,5.959583867952693,2.433843085188921
2243,6779,20071010110000,fall_2,39.499794,-75.006409,720,1220,2102,2602,-10.380603790283203,17.148603439331055,1.072897324612937,4.291893970750757,-14.956668853759766,14.65683364868164,2.557531637062359,3.988609626024274,0.03967285266872683,18.420974049063464,5.988100847111473,2.482757659043574
2244,6780,20071010120000,fall_2,39.499794,-75.006409,720,1220,2102,2602,-13.007824897766113,18.268054962158203,1.2180734384047638,4.41150167451757,-17.478490829467773,18.326820373535156,2.576495874904851,3.9014919440251483,0.05493163795817973,18.442337192192287,6.028149531613963,2.542918310291491
2245,6781,20071010130000,fall_2,39.499794,-75.006409,720,1220,2102,2602,-12.029349327087402,17.454978942871094,1.173096110229688,4.2841934517191635,-13.068636894226074,15.859085083007812,2.4895798848052806,3.619816168345986,0.03967285098070045,19.925537153631577,5.699382989981848,2.5590190785809015
2246,6782,20071010140000,fall_2,39.499794,-75.006409,720,1220,2102,2602,-15.765583038330078,18.09532356262207,1.1122623427554812,4.111769635527622,-11.122815132141113,19.5561466217041,2.3939391191714527,3.3517272232491218,0.01831054805733493,22.531813753710576,5.265850939081742,2.7165439123083335
2247,6783,20071010150000,fall_2,39.499794,-75.006409,720,1220,2102,2602,-11.284939765930176,21.080184936523438,1.441689273952147,4.158016185836012,-8.916799545288086,17.866098403930664,2.362547063993726,3.2131077141049116,0.0030517578032348515,22.7210315481121,5.251527794220506,2.7739344265606407
2248,6784,20071010160000,fall_2,39.499794,-75.006409,720,1220,2102,2602,-9.895377159118652,21.601245880126953,1.7767840636168228,4.243615708517791,-11.568746566772461,17.337146759033203,2.3820031775575536,3.102589726442,0.021362304662029357,22.525710696328684,5.340575752095104,2.8184195349438657
2249,6785,20071010170000,fall_2,39.499794,-75.006409,720,1220,2102,2602,-10.051762580871582,27.31525993347168,2.0811149826226143,4.322973205435308,-9.899911880493164,17.315166473388672,2.4201299227374973,2.993750118607582,0.024414062929311694,29.151282161157745,5.4618989911182805,2.8295520727177594
2250,6786,20071010180000,fall_2,39.499794,-75.006409,720,1220,2102,2602,-10.1161527633667,25.062997817993164,2.393565642774969,4.347960251491331,-9.313238143920898,17.682025909423828,2.4357954314273855,2.92945491763368,0.02136230483639283,25.110626455447026,5.608915662162836,2.7728659231517856
2251,6787,20071010190000,fall_2,39.499794,-75.006409,720,1220,2102,2602,-10.12297248840332,19.81171417236328,2.6351598502981157,4.391840777675563,-8.304217338562012,16.793014526367188,2.396925838733567,2.95883622036289,0.018310546900889905,20.27649643242812,5.754441788945779,2.7601988707394898
2252,6788,20071010200000,fall_2,39.499794,-75.006409,720,1220,2102,2602,-9.408721923828125,21.099849700927734,2.784437942995797,4.497944583509637,-8.253244400024414,20.334575653076172,2.2508825312612393,3.0999380216797228,0.027465820717403326,24.927521236233698,5.905375360488799,2.790560856573949
2253,6789,20071010210000,fall_2,39.499794,-75.006409,720,1220,2102,2602,-9.529330253601074,20.312671661376953,2.8398010498734108,4.595027931193245,-11.372542381286621,15.797978401184082,1.9692214015768286,3.3349942005062236,0.01525878893205487,23.703728545768243,6.00977705350372,2.839251786003963
2254,6790,20071010220000,fall_2,39.499794,-75.006409,720,1220,2102,2602,-8.79895305633545,19.937978744506836,2.682401380943382,4.570999603499178,-15.754950523376465,16.71109390258789,1.5831137022649113,3.6815363568766317,0.039672852187020144,20.749534282326735,6.004863914004388,2.8444477248260123
2255,6791,20071010230000,fall_2,39.499794,-75.006409,720,1220,2102,2602,-10.236784934997559,19.141630172729492,2.742250632739515,4.825716894677297,-18.509784698486328,16.51388931274414,1.1037490382621655,4.2191703083214795,0.03967285078424272,21.26529653557141,6.336623093024126,3.1103616971943544
2256,6792,20071011000000,fall_2,39.499794,-75.006409,720,1220,2102,2602,-10.392507553100586,22.830713272094727,2.6387275358091027,4.859376130869219,-12.950284004211426,18.878704071044922,0.627741438648582,4.669236491323121,0.024414062461634814,22.830893982733524,6.4989968208850994,3.245810905971585
2257,6793,20071011010000,fall_2,39.499794,-75.006409,720,1220,2102,2602,-10.064702033996582,20.714757919311523,2.4620250856494423,4.776134258984946,-15.634949684143066,19.737171173095703,0.2017687205204675,5.023136385076882,0.033569334852711186,22.296821910238616,6.563293291817252,3.326983154070247
2258,6794,20071011020000,fall_2,39.499794,-75.006409,720,1220,2102,2602,-11.325387001037598,20.787078857421875,2.285458227284938,4.652901041386832,-17.833200454711914,21.960987091064453,-0.1984069374800413,5.2117380511024685,0.018310546732018644,23.987548947913634,6.56458057059428,3.3137091254255737
2259,6795,20071011030000,fall_2,39.499794,-75.006409,720,1220,2102,2602,-10.22175407409668,19.246240615844727,2.1153781838677017,4.605708111324998,-19.663311004638672,19.119651794433594,-0.5124296973355231,5.27514892179067,0.01831054672183432,25.705742585813432,6.559861586729935,3.2780128694430046
2260,6796,20071011040000,fall_2,39.499794,-75.006409,720,1220,2102,2602,-10.33052921295166,23.85004425048828,1.8938350161501896,4.524164637959725,-21.20693016052246,21.594390869140625,-0.7715083383825214,5.284909960151345,0.027465819312218635,26.75863023203771,6.491445062334961,3.2313025462728695
2261,6797,20071011050000,fall_2,39.499794,-75.006409,720,1220,2102,2602,-10.993093490600586,27.40117645263672,1.6932616781498337,4.433239771670992,-21.89089584350586,17.638240814208984,-0.9645650968034365,5.288213868011488,0.030517577834319354,28.26929394684055,6.3963819486297595,3.2407776367501775
2262,6798,20071011060000,fall_2,39.499794,-75.006409,720,1220,2102,2602,-10.564475059509277,27.873327255249023,1.5365631142177978,4.419138774630025,-22.106388092041016,19.903852462768555,-1.0846175114995997,5.306467184727034,0.0427246111043205,28.559220326693794,6.3759203586770745,3.251529243610904
2263,6799,20071011070000,fall_2,39.499794,-75.006409,720,1220,2102,2602,-10.435604095458984,25.87845230102539,1.4040187876449945,4.494860887290173,-22.15664291381836,18.025188446044922,-1.181565136679458,5.360867603668155,0.036621092756294896,27.457505786451964,6.444476118606478,3.28310346244784
2264,6800,20071011080000,fall_2,39.499794,-75.006409,720,1220,2102,2602,-10.721713066101074,28.654739379882812,1.301133978141157,4.603414465043532,-22.273887634277344,19.95343589782715,-1.1861958802484076,5.377982165514728,0.04882812596773191,31.107513797180125,6.531383125724819,3.248870829989298
2265,6801,20071011090000,fall_2,39.499794,-75.006409,720,1220,2102,2602,-10.730344772338867,26.382369995117188,1.2240117002373985,4.686175474901426,-21.296463012695312,18.376750946044922,-1.1132396762273689,5.469062099668891,0.030517578417224973,26.630454527886155,6.681062194226099,3.157815068608342
2266,6802,20071011100000,fall_2,39.499794,-75.006409,720,1220,2102,2602,-11.499823570251465,23.063875198364258,1.2190139710485806,4.81009151542849,-21.33765983581543,19.79905128479004,-1.0073341502707926,5.603294699473318,0.04272460865067858,28.15637824377155,6.865720767147511,3.1458683022999763
2267,6803,20071011110000,fall_2,39.499794,-75.006409,720,1220,2102,2602,-11.987479209899902,23.289241790771484,1.2578721804571131,4.939078609331449,-20.68933868408203,19.961864471435547,-0.9006158631122243,5.710921779156391,0.05187988482893772,26.64266172305599,7.038790966750305,3.139728994427686
2268,6804,20071011120000,fall_2,39.499794,-75.006409,720,1220,2102,2602,-12.243860244750977,19.989614486694336,1.3019858681520886,5.040145197745944,-19.57073974609375,19.744644165039062,-0.8184183236166549,5.78993388613797,0.03967284984670117,26.91122492131293,7.189526476941117,3.0987227708964418
2269,6805,20071011130000,fall_2,39.499794,-75.006409,720,1220,2102,2602,-13.626982688903809,18.930273056030273,1.1773234812313211,4.93092298761133,-19.145427703857422,16.673494338989258,-0.5628351525161215,5.617025037503527,0.04577636725237217,24.829855590105034,6.95103845829794,3.04153088449301
2270,6806,20071011140000,fall_2,39.499794,-75.006409,720,1220,2102,2602,-13.587352752685547,18.768728256225586,1.3141349892807426,5.086314259002332,-18.534181594848633,14.914994239807129,-0.5328637016279621,5.652588948732904,0.05493164079541348,25.321204945493985,7.075818841031368,3.125065885407519
2271,6807,20071011150000,fall_2,39.499794,-75.006409,720,1220,2102,2602,-15.399755477905273,17.828439712524414,1.5557995259890944,5.284874235333963,-17.367921829223633,15.877738952636719,-0.47221777153752104,5.714514596887082,0.07629394251395166,23.422958932652588,7.3035412018147765,3.144417348818379
2272,6808,20071011160000,fall_2,39.499794,-75.006409,720,1220,2102,2602,-17.409305572509766,18.77054214477539,1.8059832135142568,5.4767666903915835,-16.915000915527344,19.36092185974121,-0.4940119005371778,5.7562144279138465,0.07324219092907244,22.785118689006726,7.530731848085429,3.150028393317397
2273,6809,20071011170000,fall_2,39.499794,-75.006409,720,1220,2102,2602,-20.47917938232422,20.699462890625,2.0468564894023498,5.651292676733725,-15.899296760559082,20.990869522094727,-0.5472410195763189,5.746173127475646,0.07019042913781606,24.503311227661452,7.723378371345242,3.129558320878433
2274,6810,20071011180000,fall_2,39.499794,-75.006409,720,1220,2102,2602,-14.740761756896973,20.71949005126953,2.334748365290532,5.832105477344319,-15.791766166687012,19.557373046875,-0.6257973252386835,5.766228924364913,0.10681152186194479,24.875640389044502,7.966736974331274,3.1042913056570294
2275,6811,20071011190000,fall_2,39.499794,-75.006409,720,1220,2102,2602,-15.007946968078613,20.219554901123047,2.6224677862984884,6.005252987075741,-15.577408790588379,19.588659286499023,-0.7546099500497345,5.736269390179128,0.03356933708455546,23.300879831954475,8.208851631785313,3.0048923956959097
2276,6812,20071011200000,fall_2,39.499794,-75.006409,720,1220,2102,2602,-17.50008773803711,20.12480354309082,2.9135036528551033,6.176088385719508,-15.89796257019043,21.760509490966797,-0.9580936334290693,5.716611093466131,0.07629394220285643,24.74135573710242,8.491673287740582,2.8498494455058156
2277,6813,20071011210000,fall_2,39.499794,-75.006409,720,1220,2102,2602,-18.001815795898438,19.408605575561523,3.219499904460783,6.325263810467731,-15.884110450744629,18.10533905029297,-1.1911226933544758,5.7366672463806,0.1861648662537304,21.961120709718216,8.802736552226447,2.6859068236355883
2278,6814,20071011220000,fall_2,39.499794,-75.006409,720,1220,2102,2602,-20.41282844543457,19.751554489135742,3.419986148253934,6.376006708580951,-15.951498985290527,19.9105224609375,-1.3438244077885306,5.677162177812942,0.2563552907121113,26.349677454312534,8.922042201479718,2.6044124460789675
2279,6815,20071011230000,fall_2,39.499794,-75.006409,720,1220,2102,2602,-21.57653045654297,21.956066131591797,3.9926616519237523,6.655299017031623,-17.831398010253906,20.83331871032715,-1.7180274802460187,5.726678823054953,0.20142364547909694,24.118774189174886,9.460536614231955,2.545401306067021
2280,6816,20071012000000,fall_2,39.499794,-75.006409,720,1220,2102,2602,-21.126123428344727,22.24652099609375,4.388395074902636,6.794105528474742,-18.870569229125977,19.048938751220703,-2.0473287629454777,5.73451862200969,0.0915527351427185,26.041443483138185,9.808840904833412,2.506148490993182
2281,6817,20071012010000,fall_2,39.499794,-75.006409,720,1220,2102,2602,-21.077974319458008,22.308935165405273,4.644285375910751,6.8510442258258015,-19.37317657470703,20.846782684326172,-2.268001882326277,5.701935454160992,0.2533035288612728,25.80644845179093,10.000494545478682,2.4803634702648525
2282,6818,20071012020000,fall_2,39.499794,-75.006409,720,1220,2102,2602,-21.735532760620117,20.973960876464844,4.851513937331827,6.7511634924673,-20.059900283813477,18.790496826171875,-2.413078656150294,5.659940925665238,0.2288894632335187,24.98855703290302,10.061116641331036,2.3973334766920344
2283,6819,20071012030000,fall_2,39.499794,-75.006409,720,1220,2102,2602,-21.22358512878418,20.74541664123535,5.05479025531736,6.604132676631143,-21.07016372680664,17.516937255859375,-2.446451435756623,5.658811039797711,0.14954376277632975,24.69557822548164,10.072317297689333,2.39189552491719
2284,6820,20071012040000,fall_2,39.499794,-75.006409,720,1220,2102,2602,-19.592443466186523,21.8809757232666,5.2867592181410235,6.476840338500469,-22.280704498291016,16.781883239746094,-2.424060648419787,5.686966011362883,0.20752715840435654,24.219490063569843,10.116795436781688,2.401538326355254
2285,6821,20071012050000,fall_2,39.499794,-75.006409,720,1220,2102,2602,-19.85194206237793,21.438016891479492,5.5692504407873695,6.315387068587366,-22.434574127197266,14.48209285736084,-2.3176355745402577,5.78215987825749,0.17090606862226163,24.320199035963157,10.184972198442232,2.44372934862985
2286,6822,20071012060000,fall_2,39.499794,-75.006409,720,1220,2102,2602,-19.787185668945312,20.784549713134766,5.906497890376415,6.153697955635275,-23.761449813842773,15.1072998046875,-2.1500764520610827,5.899955520340122,0.3112869136766016,24.729150178470956,10.283467786233691,2.537185456249546
2287,6823,20071012070000,fall_2,39.499794,-75.006409,720,1220,2102,2602,-18.0333251953125,21.238216400146484,6.295097685825882,6.018089870219585,-23.030418395996094,13.454461097717285,-2.024627536584356,6.00080386209872,0.20752716613329697,24.97940094425023,10.426008201152133,2.693098067823184
2288,6824,20071012080000,fall_2,39.499794,-75.006409,720,1220,2102,2602,-17.301307678222656,21.352142333984375,6.740033574506918,5.825513691198603,-22.514734268188477,13.261346817016602,-1.9732531874677781,6.035489529435555,0.16785430578046565,24.863425733025693,10.557778837371494,2.8668502532834657
2289,6825,20071012090000,fall_2,39.499794,-75.006409,720,1220,2102,2602,-17.296907424926758,21.022994995117188,7.1482995273704395,5.5619792796084155,-21.821414947509766,14.125900268554688,-2.00720172487749,6.059248533409187,0.21668244322330021,24.99771209177692,10.645999748869583,3.072432349269728
2290,6826,20071012100000,fall_2,39.499794,-75.006409,720,1220,2102,2602,-16.22711181640625,20.309112548828125,7.517451872522932,5.220412850558947,-20.663314819335938,14.353413581848145,-2.128560862946453,6.011655276375742,0.17700958034006503,23.59080495744095,10.670801575087756,3.251085547986682
2291,6827,20071012110000,fall_2,39.499794,-75.006409,720,1220,2102,2602,-14.866861343383789,21.723915100097656,7.838907411562527,4.819846165670558,-20.305156707763672,14.738357543945312,-2.3571197823705923,5.915184939907217,0.04882812524911149,23.895996000194433,10.657305192892052,3.4127201811873054
2292,6828,20071012120000,fall_2,39.499794,-75.006409,720,1220,2102,2602,-14.681716918945312,21.1710205078125,8.043568078260355,4.441828679820908,-19.448673248291016,16.838130950927734,-2.626893415549346,5.787029616846997,0.09460448859430882,23.709831470105115,10.608537929655768,3.5040024612525973
2293,6829,20071012130000,fall_2,39.499794,-75.006409,720,1220,2102,2602,-12.723367691040039,20.016496658325195,7.7284225116041645,4.288869318079156,-20.761089324951172,15.6122465133667,-2.7858942016159265,5.487165223512176,0.1251297034946753,24.34156085122415,10.05952476735282,3.846955249696132
2294,6830,20071012140000,fall_2,39.499794,-75.006409,720,1220,2102,2602,-9.429445266723633,20.154830932617188,7.619153737998215,4.22597219011375,-22.78990364074707,15.254337310791016,-3.1351958058342646,5.296849014978547,0.0549316405387487,24.67421729348219,9.879710060458242,4.023398561483452
2295,6831,20071012150000,fall_2,39.499794,-75.006409,720,1220,2102,2602,-7.8583550453186035,21.26825523376465,7.653511759032874,4.030393561751336,-21.091718673706055,14.101881980895996,-3.4701581165671422,4.986236654734102,0.0732421932035969,23.91735789335248,9.864811514548405,3.796098210226523
2296,6832,20071012160000,fall_2,39.499794,-75.006409,720,1220,2102,2602,-5.462740898132324,21.601028442382812,7.701249584885493,3.836600935915816,-18.368806838989258,13.204864501953125,-3.611352601009864,4.662705313995483,0.030517579304985068,22.99264477711741,9.786019433135236,3.611822811054142
2297,6833,20071012170000,fall_2,39.499794,-75.006409,720,1220,2102,2602,-3.747847318649292,21.548828125,7.761223332246976,3.6391916276066367,-16.84461784362793,11.992511749267578,-3.6867367813450875,4.334536359046006,0.04272460952627885,21.97332822504681,9.697716491791653,3.437270967366964
2298,6834,20071012180000,fall_2,39.499794,-75.006409,720,1220,2102,2602,-4.085509777069092,20.756620407104492,7.842656087479975,3.4594878712637946,-16.496868133544922,12.98116397857666,-3.733933459513589,4.001363661664766,0.10375976914905158,22.055725165035902,9.616908853264336,3.308102957720702
2299,6835,20071012190000,fall_2,39.499794,-75.006409,720,1220,2102,2602,-3.2443630695343018,19.174158096313477,7.910325391326595,3.3364020389106206,-15.492927551269531,11.874107360839844,-3.803682251924526,3.7058683515928013,0.2075271689523292,21.2164679254605,9.562451759629813,3.2350891208139325
2300,6836,20071012200000,fall_2,39.499794,-75.006409,720,1220,2102,2602,-2.3769326210021973,17.734092712402344,7.918229386525083,3.2160403527834687,-15.895315170288086,11.421270370483398,-3.8995538746750626,3.4116941950950217,0.1495437651329033,21.68340380155395,9.477730397915806,3.1717623453093133
2301,6837,20071012210000,fall_2,39.499794,-75.006409,720,1220,2102,2602,-2.244155168533325,17.894508361816406,7.824009420997913,3.113873712126701,-14.820809364318848,11.499133110046387,-4.020395459258201,3.089381293781283,0.11291503938879727,22.30597725419848,9.329113243829779,3.0962615241492943
2302,6838,20071012220000,fall_2,39.499794,-75.006409,720,1220,2102,2602,-5.129086017608643,18.993907928466797,7.462395195096738,3.200395830427956,-14.76016902923584,10.178827285766602,-4.057975893693583,2.793623908596934,0.11291503598378198,22.861412353123423,8.967263008273743,3.1288292628635883
2303,6839,20071012230000,fall_2,39.499794,-75.006409,720,1220,2102,2602,-4.082404136657715,21.44044303894043,7.51137225069401,3.259094704953577,-17.058732986450195,8.467765808105469,-4.5628997605881,2.748372993982474,0.06408691185584926,25.110625763654568,9.259521252745587,3.1108336332135056
2304,6840,20071013000000,fall_2,39.499794,-75.006409,720,1220,2102,2602,-3.7832586765289307,21.455949783325195,7.2292961650234915,3.3041543674802885,-17.171710968017578,7.93925142288208,-4.904794100111708,2.7006947988794936,0.042724607952745325,24.863426977998007,9.208084689749393,3.1212326144250437
2305,6841,20071013010000,fall_2,39.499794,-75.006409,720,1220,2102,2602,-5.413435459136963,20.868379592895508,6.8026114652036656,3.310119588410086,-17.398283004760742,7.922123432159424,-5.119423594446214,2.6383120966478595,0.05493164011935874,24.27136961239308,8.992687764697347,3.087583174823013
2306,6842,20071013020000,fall_2,39.499794,-75.006409,720,1220,2102,2602,-5.3694353103637695,21.630842208862305,6.325791126272388,3.307878721655407,-17.049421310424805,8.23092269897461,-5.164467578494036,2.6052979711101707,0.09460449317854762,24.732201444079813,8.665166738853182,3.0548131343613107
2307,6843,20071013030000,fall_2,39.499794,-75.006409,720,1220,2102,2602,-5.6616291999816895,22.466890335083008,5.870602807155055,3.2853771306964,-15.964229583740234,5.124495029449463,-5.013516556409517,2.629128659525606,0.04272460745808692,24.976348916419894,8.262444591562897,3.0062194449780257
2308,6844,20071013040000,fall_2,39.499794,-75.006409,720,1220,2102,2602,-4.489438056945801,22.26593017578125,5.472578572773368,3.24877005479093,-15.289854049682617,4.726186752319336,-4.71154884893945,2.674833751356843,0.06713867068022543,24.304939013216202,7.818732980651998,2.953720676484077
2309,6845,20071013050000,fall_2,39.499794,-75.006409,720,1220,2102,2602,-5.003065586090088,22.147951126098633,5.155303822782874,3.184036459288481,-13.964776039123535,5.462414741516113,-4.344283928476761,2.701322425008417,0.05493164215936769,23.783073573832578,7.399580303691166,2.8515614500793482
2310,6846,20071013060000,fall_2,39.499794,-75.006409,720,1220,2102,2602,-5.351332664489746,21.61799430847168,4.961411562913909,3.133792363774837,-13.334053993225098,5.634336471557617,-3.9003665172062854,2.765852160898575,0.04577636808821227,23.06283612572694,7.05612220073626,2.7404736650143917
2311,6847,20071013070000,fall_2,39.499794,-75.006409,720,1220,2102,2602,-5.073672294616699,20.432945251464844,4.877962309016161,3.1030778919350515,-12.949641227722168,6.270470142364502,-3.454312113123388,2.8515569171443773,0.05493164243390454,21.99163811443034,6.820546698528361,2.6395833859488405
2312,6848,20071013080000,fall_2,39.499794,-75.006409,720,1220,2102,2602,-5.44141960144043,18.953901290893555,4.877566099905086,3.0866577568248474,-12.706982612609863,6.713730335235596,-3.041228440920111,2.937449001428391,0.04577636648933942,20.02319420867318,6.679530135660764,2.5650850666915566
2313,6849,20071013090000,fall_2,39.499794,-75.006409,720,1220,2102,2602,-5.548690319061279,17.46988296508789,4.942396777832822,3.0758660377260827,-11.5078763961792,6.877895355224609,-2.6905153728872033,2.9898520834277442,0.03662109353753991,18.62850202123447,6.6070410583124115,2.5324562578379535
2314,6850,20071013100000,fall_2,39.499794,-75.006409,720,1220,2102,2602,-5.9527435302734375,16.510465621948242,5.01802611118194,3.0618317620068765,-10.681408882141113,8.663185119628906,-2.3803712337882788,3.0738379192575955,0.07934570564054075,18.198188539280167,6.571833240858411,2.5457915095700394
2315,6851,20071013110000,fall_2,39.499794,-75.006409,720,1220,2102,2602,-5.895350933074951,16.170202255249023,5.110050230525962,3.0559503069088207,-10.302518844604492,8.327723503112793,-2.110663726255266,3.1638040073561746,0.0457763689950989,17.87774653371919,6.572471491775546,2.5920303410425265
2316,6852,20071013120000,fall_2,39.499794,-75.006409,720,1220,2102,2602,-5.979051113128662,17.20566177368164,5.159429881634359,3.0641344963697716,-10.517698287963867,8.770177841186523,-1.8625027742855558,3.270504381051139,0.042724610530383074,17.2399057395351,6.578789127186293,2.6255068131803148
2317,6853,20071013130000,fall_2,39.499794,-75.006409,720,1220,2102,2602,-5.183202743530273,16.979164123535156,4.832145458280903,2.9084593124705673,-10.464479446411133,9.078638076782227,-1.6131418673224083,3.029983154815005,0.057983399251205756,17.09646584207561,6.069430708119988,2.5988075696716613
2318,6854,20071013140000,fall_2,39.499794,-75.006409,720,1220,2102,2602,-4.410654544830322,16.28581428527832,4.624626902834687,2.9332569122432726,-9.91168212890625,10.570245742797852,-1.4239131019781956,2.740765518194405,0.018310547058584464,16.290778921382262,5.645339351867849,2.76778573115879
2319,6855,20071013150000,fall_2,39.499794,-75.006409,720,1220,2102,2602,-3.0521492958068848,16.12517547607422,5.0091921764055325,3.015385194093243,-8.484374046325684,10.264089584350586,-1.3719233334050704,2.6058719993514496,0.00915527315541672,16.46473749994367,5.933299847754501,2.766450714417437
2320,6856,20071013160000,fall_2,39.499794,-75.006409,720,1220,2102,2602,-3.3697996139526367,17.383203506469727,5.378798685015241,3.0132161750401134,-7.897579669952393,9.439374923706055,-1.2337156620866607,2.4880113516153832,0.021362304533106904,18.21955160614342,6.165851851603284,2.775873335757657
2321,6857,20071013170000,fall_2,39.499794,-75.006409,720,1220,2102,2602,-4.133157730102539,18.561067581176758,5.598984621795803,2.9536956530642007,-8.188067436218262,10.967123985290527,-1.0194619829554616,2.424174962235208,0.0427246084977394,19.757683024884738,6.280984855243724,2.745560605132361
2322,6858,20071013180000,fall_2,39.499794,-75.006409,720,1220,2102,2602,-4.151251792907715,18.60068130493164,5.763693466588538,2.962250326033635,-8.420465469360352,10.324625968933105,-0.8120096510676765,2.3834520926438816,0.06103515427066091,20.352791987293816,6.392196404185642,2.7340662121743664
2323,6859,20071013190000,fall_2,39.499794,-75.006409,720,1220,2102,2602,-4.778905391693115,18.0428409576416,5.875928935388333,3.010445435134533,-8.327581405639648,11.023180961608887,-0.6498286648955439,2.2976317611816888,0.06408691532158865,19.528794261453143,6.456852568383213,2.7567673977922276
2324,6860,20071013200000,fall_2,39.499794,-75.006409,720,1220,2102,2602,-4.530290126800537,19.538982391357422,5.973573688851323,3.0578258064570414,-8.057867050170898,9.83771800994873,-0.5316440991560947,2.202811007992697,0.06713867183755218,20.053711631204916,6.514166800404349,2.7811030114655084
2325,6861,20071013210000,fall_2,39.499794,-75.006409,720,1220,2102,2602,-4.347471237182617,20.50857925415039,5.99594328751172,3.0588430197138954,-7.787936210632324,10.675944328308105,-0.4895584379991487,2.1016954845169846,0.024414061741368856,21.539961780302775,6.503377697436443,2.7696076300896455
2326,6862,20071013220000,fall_2,39.499794,-75.006409,720,1220,2102,2602,-4.211730480194092,21.136737823486328,5.844625124612331,3.014726888649465,-9.51418685913086,9.727521896362305,-0.44546006248415804,2.1658800085983243,0.05798339689279518,21.393479731209204,6.390349908866525,2.702058471158543
2327,6863,20071013230000,fall_2,39.499794,-75.006409,720,1220,2102,2602,-5.375661849975586,22.33964729309082,6.1228485551972645,3.2176733823289685,-9.18728256225586,10.05655574798584,-0.5140592478377531,2.359194826979896,0.042724608808947975,22.391433848742604,6.725293825136579,2.905714461667835
2328,6864,20071014000000,fall_2,39.499794,-75.006409,720,1220,2102,2602,-4.564842700958252,20.043903350830078,6.1816140776352535,3.279182640125294,-9.51914119720459,8.128750801086426,-0.726717270176172,2.473239456433229,0.036621092653671625,20.337531824994056,6.813857147803225,3.0301441485643528
2329,6865,20071014010000,fall_2,39.499794,-75.006409,720,1220,2102,2602,-4.073469161987305,18.357566833496094,6.090270017527588,3.296967767423733,-11.941571235656738,8.535843849182129,-0.9652410675489626,2.534543959624224,0.039672851228158466,18.964202664428623,6.774293594246875,3.070168569724304
2330,6866,20071014020000,fall_2,39.499794,-75.006409,720,1220,2102,2602,-3.5563039779663086,17.402450561523438,5.955362696525177,3.292588178948905,-12.226531028747559,8.788187980651855,-1.235337042121002,2.5310548019908348,0.027465818796538543,17.905211692535612,6.698654588614881,3.060686930096515
2331,6867,20071014030000,fall_2,39.499794,-75.006409,720,1220,2102,2602,-3.138046979904175,18.66853904724121,5.805794999185071,3.2753272030138403,-11.72507095336914,8.04928970336914,-1.486685911411258,2.4852909069097526,0.036621094330149234,18.683433232776675,6.61028500504664,3.0209372556505416
2332,6868,20071014040000,fall_2,39.499794,-75.006409,720,1220,2102,2602,-4.186831474304199,18.82218360900879,5.637050944663683,3.2664110479502764,-11.63544750213623,7.606939792633057,-1.715335558852987,2.416756617247691,0.03662109440292174,19.119842083972397,6.5115688013531825,2.971253078858348
2333,6869,20071014050000,fall_2,39.499794,-75.006409,720,1220,2102,2602,-4.372229099273682,17.959579467773438,5.453376982823316,3.248741743228452,-11.759220123291016,6.882696151733398,-1.9386927165430767,2.3855629946575982,0.009155273945147474,18.723105301867996,6.430266172223414,2.897371332086781
2334,6870,20071014060000,fall_2,39.499794,-75.006409,720,1220,2102,2602,-5.529023170471191,18.354511260986328,5.307164361270146,3.216180746045192,-11.3108491897583,6.600733757019043,-2.1156720089484193,2.3550456359082372,0.01831054739753971,19.421983002447842,6.3711373722202005,2.8179298660053798
2335,6871,20071014070000,fall_2,39.499794,-75.006409,720,1220,2102,2602,-5.899426460266113,19.218482971191406,5.199157688599389,3.1948985405777335,-12.195791244506836,6.292119979858398,-2.2576033641076947,2.3555181594592316,0.02136230415429484,19.251076181036034,6.354986537516448,2.7382480188370746
2336,6872,20071014080000,fall_2,39.499794,-75.006409,720,1220,2102,2602,-6.928225994110107,16.79398536682129,5.122716085561183,3.169485532042296,-11.552009582519531,6.093153953552246,-2.3823651686443883,2.371995923621593,0.02441406140885831,18.823815222469573,6.368142912988615,2.65266713503467
2337,6873,20071014090000,fall_2,39.499794,-75.006409,720,1220,2102,2602,-5.529656887054443,18.073598861694336,5.0573972525768465,3.1498154903894755,-12.178101539611816,6.745800018310547,-2.499576132665506,2.3696282967994033,0.033569335603566876,18.10967991498404,6.375563514058221,2.5911027729641294
2338,6874,20071014100000,fall_2,39.499794,-75.006409,720,1220,2102,2602,-5.4522504806518555,16.95037078857422,4.966558571394332,3.153625436826119,-12.252636909484863,6.51606559753418,-2.6327998537871653,2.340118767023049,0.036621092061974315,18.836020486465642,6.372148598185868,2.5328976677711057
2339,6875,20071014110000,fall_2,39.499794,-75.006409,720,1220,2102,2602,-4.5188212394714355,17.942840576171875,4.898279926997227,3.159910555771577,-12.208889961242676,6.560769557952881,-2.7418991859616746,2.3145058565191543,0.009155272795480281,19.031341273239924,6.381532901955106,2.4757155108783784
2340,6876,20071014120000,fall_2,39.499794,-75.006409,720,1220,2102,2602,-5.199087142944336,18.410995483398438,4.818953739636237,3.184001658340356,-12.596378326416016,6.256443977355957,-2.855004796223849,2.2969446775732596,0.03051757806046874,19.553207795659798,6.38755564025328,2.4466961164047376
2341,6877,20071014130000,fall_2,39.499794,-75.006409,720,1220,2102,2602,-4.5790324211120605,18.259357452392578,4.421421979102519,2.9834040275756464,-12.856210708618164,5.895837306976318,-2.800506835645606,2.1135637060679886,0.03967285177204818,19.019134936870387,5.942166824012036,2.3345910607131497
2342,6878,20071014140000,fall_2,39.499794,-75.006409,720,1220,2102,2602,-3.805785655975342,17.153478622436523,4.175947689650159,2.983364783463159,-12.473742485046387,5.789914608001709,-2.715511154483488,1.9070440906913921,0.027465820700713264,18.54609736196235,5.520005987877891,2.622852726643284
2343,6879,20071014150000,fall_2,39.499794,-75.006409,720,1220,2102,2602,-3.657273054122925,18.474512100219727,4.3579235238972975,3.0435038468459386,-11.490880012512207,3.143507480621338,-3.0440370046700087,1.6975215046036454,0.036621092657634746,20.416885137077507,5.8399090113243455,2.509505208153264
2344,6880,20071014160000,fall_2,39.499794,-75.006409,720,1220,2102,2602,-4.28193998336792,18.03510284423828,4.5352526284153125,3.0815612726957586,-11.62801456451416,2.8431267738342285,-3.305151829091029,1.5586591908090874,0.027465819776525926,19.840080286828698,6.1323175139794674,2.410946966464506
2345,6881,20071014170000,fall_2,39.499794,-75.006409,720,1220,2102,2602,-5.321979999542236,17.206981658935547,4.663507524134961,3.055932699555632,-11.181354522705078,3.4544718265533447,-3.44042890463526,1.5042886920181668,0.015258788971735583,18.930632847201064,6.282369656299409,2.391295487861908
2346,6882,20071014180000,fall_2,39.499794,-75.006409,720,1220,2102,2602,-5.817935466766357,17.354549407958984,4.7402599630655295,3.040475629265939,-11.76252269744873,3.614253520965576,-3.5141290816720376,1.521940023069087,0.030517578070218463,18.643761067615888,6.370907863435726,2.4065523475893116
2347,6883,20071014190000,fall_2,39.499794,-75.006409,720,1220,2102,2602,-7.225937843322754,14.084308624267578,4.765638566624061,3.0439658922471877,-12.098784446716309,3.965533494949341,-3.577321584898347,1.555846363776092,0.03662109215071914,16.281623436045923,6.426378244807894,2.4282894359967835
2348,6884,20071014200000,fall_2,39.499794,-75.006409,720,1220,2102,2602,-6.929157257080078,14.177422523498535,4.7161621059499925,3.0650712558868616,-10.807244300842285,5.254549980163574,-3.6437250286071654,1.6276166058440442,0.03662109437264624,15.372169511781319,6.43929249065447,2.469458833991983
2349,6885,20071014210000,fall_2,39.499794,-75.006409,720,1220,2102,2602,-6.440842151641846,13.512701988220215,4.553516701381016,3.0844106038284487,-11.392407417297363,5.20149040222168,-3.730580239523099,1.707597921302113,0.02136230387468408,15.189064441320994,6.3909581093652115,2.497374051170504
2350,6886,20071014220000,fall_2,39.499794,-75.006409,720,1220,2102,2602,-6.242150783538818,14.920116424560547,4.223448498353657,3.2041175879051145,-11.013117790222168,4.783935546875,-3.87528677023783,1.894427038270962,0.024414062276427798,16.00390702438629,6.357292655274881,2.509067194291362
2351,6887,20071014230000,fall_2,39.499794,-75.006409,720,1220,2102,2602,-7.690873146057129,17.02726936340332,3.978858020806863,3.4135677066994106,-10.893784523010254,5.525171279907227,-4.228162030226311,2.111336681191569,0.012207031611461895,18.14020500030933,6.571691495293043,2.5752132462857866
2352,6888,20071015000000,fall_3,39.499794,-75.006409,720,1220,2102,2602,-8.276177406311035,16.0179443359375,3.5497619301825987,3.477987043761573,-12.457261085510254,5.636940002441406,-4.462059186159562,2.3054982504528554,0.021362303611406386,18.408766953555446,6.544297048759403,2.6635829513604654
2353,6889,20071015010000,fall_3,39.499794,-75.006409,720,1220,2102,2602,-8.722261428833008,14.149334907531738,3.007663146511579,3.4413163543330745,-13.287923812866211,5.994568824768066,-4.543650276519929,2.5051563123764224,0.06408691378834473,18.109680408086998,6.354608321432855,2.7254751731431326
2354,6890,20071015020000,fall_3,39.499794,-75.006409,720,1220,2102,2602,-8.77149772644043,13.670358657836914,2.46883893633884,3.316260025158346,-12.447783470153809,6.922845363616943,-4.474156169989245,2.707752178945725,0.015258789407699761,17.37724307162993,6.07700352059504,2.740943223556367
2355,6891,20071015030000,fall_3,39.499794,-75.006409,720,1220,2102,2602,-9.14358139038086,12.234150886535645,2.0180687451010884,3.1931496827059855,-11.924165725708008,7.758857727050781,-4.243908490660992,2.8676830750044915,0.04577636693133324,16.309089795053044,5.742475775563812,2.7435640723252113
2356,6892,20071015040000,fall_3,39.499794,-75.006409,720,1220,2102,2602,-9.019091606140137,12.612988471984863,1.722932313648622,3.051272079073405,-12.874947547912598,8.318955421447754,-3.9169804178743286,3.0030313002328954,0.04882812498408455,15.237891907924906,5.421696332130651,2.6916349166070055
2357,6893,20071015050000,fall_3,39.499794,-75.006409,720,1220,2102,2602,-8.59796142578125,12.236612319946289,1.5442951046693287,2.950359060456604,-11.666842460632324,10.392809867858887,-3.57590968149572,3.08409026888055,0.021362304586640367,14.783165656462199,5.149368287393921,2.621490994362626
2358,6894,20071015060000,fall_3,39.499794,-75.006409,720,1220,2102,2602,-8.315999984741211,11.916548728942871,1.4928371725779757,2.8440909059561235,-11.72691535949707,11.172005653381348,-3.2262156333476444,3.108969178875568,0.039672850216292854,14.38642895842776,4.88664547170056,2.5519146943297875
2359,6895,20071015070000,fall_3,39.499794,-75.006409,720,1220,2102,2602,-8.337950706481934,12.839101791381836,1.5652475522898417,2.7981500609718233,-10.496049880981445,12.530466079711914,-2.9090616205241986,3.1009347475530045,0.03662109284663803,14.255195938435005,4.710429240193605,2.48393555821876
2360,6896,20071015080000,fall_3,39.499794,-75.006409,720,1220,2102,2602,-8.204438209533691,13.806429862976074,1.7184516484193364,2.800504682232226,-11.559272766113281,12.860994338989258,-2.673150018738892,3.0718456835771537,0.04272461091009568,14.850303262320928,4.627246249292904,2.4426341555705466
2361,6897,20071015090000,fall_3,39.499794,-75.006409,720,1220,2102,2602,-8.337325096130371,14.772122383117676,1.8907689488734272,2.8556171142889917,-10.506814002990723,12.752817153930664,-2.5287828436665083,2.999791941859354,0.024414063258665297,16.2785718128055,4.603481687501323,2.435365894306332
2362,6898,20071015100000,fall_3,39.499794,-75.006409,720,1220,2102,2602,-8.360651016235352,14.59508991241455,2.0190753090681666,2.940430164113341,-11.894453048706055,12.928816795349121,-2.4459742938349454,2.9518578217975997,0.04272461068155349,16.26331293708673,4.617109457448691,2.4700910424239857
2363,6899,20071015110000,fall_3,39.499794,-75.006409,720,1220,2102,2602,-8.241942405700684,15.129666328430176,2.121805754560865,3.037118736425097,-11.738678932189941,12.984817504882812,-2.405719881877248,2.924737994860089,0.015258789560056833,16.44337496934174,4.657837726170976,2.5243371574589775
2364,6900,20071015120000,fall_3,39.499794,-75.006409,720,1220,2102,2602,-8.391047477722168,14.220640182495117,2.169713417156226,3.1036411350070336,-11.492560386657715,12.139823913574219,-2.354239142489893,2.917501332705933,0.03967285202455479,16.559341047847376,4.66854503863674,2.56888843589756
2365,6901,20071015130000,fall_3,39.499794,-75.006409,720,1220,2102,2602,-8.478256225585938,13.931679725646973,2.0692476432813414,2.9960776348964226,-10.504708290100098,10.989654541015625,-2.268721962680796,2.863458494011292,0.027465820216222722,16.44642543789285,4.500641053139864,2.5197204220348834
2366,6902,20071015140000,fall_3,39.499794,-75.006409,720,1220,2102,2602,-6.780669212341309,13.671765327453613,2.0410232885623,2.882707001287114,-9.905950546264648,9.578063011169434,-2.2472882448611786,2.67704465518231,0.018310546268765805,16.528824047917322,4.114547053760621,2.7862431343019245
2367,6903,20071015150000,fall_3,39.499794,-75.006409,720,1220,2102,2602,-5.756186008453369,13.262063980102539,2.1632174527517485,2.979343664655712,-9.568769454956055,8.125937461853027,-2.250455653638699,2.6302424943171165,0.006103515846524146,15.314186207026099,4.191650531542628,2.8229046156996165
2368,6904,20071015160000,fall_3,39.499794,-75.006409,720,1220,2102,2602,-4.8460822105407715,13.864974975585938,2.316248343861764,3.043642853104599,-9.602945327758789,8.06477165222168,-2.150344647709917,2.6239571590431865,0.012207031280742235,15.283668327185755,4.321878509133592,2.7311659847792007
2369,6905,20071015170000,fall_3,39.499794,-75.006409,720,1220,2102,2602,-6.13175630569458,13.904756546020508,2.447270241352691,3.114559101203945,-9.403145790100098,7.4524455070495605,-2.042448333108735,2.624179719091614,0.012207031017682108,15.060882455323055,4.442185794423415,2.6484919838345737
2370,6906,20071015180000,fall_3,39.499794,-75.006409,720,1220,2102,2602,-7.218260765075684,13.589308738708496,2.558216252133082,3.2171410828561635,-9.238365173339844,6.910485744476318,-1.9252812021540162,2.626411592310672,0.01831054634203501,14.65804285892589,4.536704004567793,2.630119669180247
2371,6907,20071015190000,fall_3,39.499794,-75.006409,720,1220,2102,2602,-6.766599178314209,12.605716705322266,2.6105920512341965,3.344262931673629,-8.527326583862305,7.969614028930664,-1.7927941648795334,2.658399506668822,0.024414063133162918,14.081238007288103,4.616336146273214,2.640061524553542
2372,6908,20071015200000,fall_3,39.499794,-75.006409,720,1220,2102,2602,-6.621873378753662,12.291585922241211,2.62158323621549,3.4682548538273132,-8.440142631530762,7.737171173095703,-1.6381153930294736,2.7268169805717397,0.01220703114583685,13.476973948094846,4.69357545814836,2.6440107224791465
2373,6909,20071015210000,fall_3,39.499794,-75.006409,720,1220,2102,2602,-7.179653644561768,12.454872131347656,2.5315331410628388,3.568280175045447,-8.841164588928223,8.071666717529297,-1.477817763818212,2.818280755920232,0.015258789378646779,13.32437869665886,4.748419271646735,2.5923830031117547
2374,6910,20071015220000,fall_3,39.499794,-75.006409,720,1220,2102,2602,-8.116293907165527,12.114285469055176,2.3343925363919475,3.8058580092093854,-8.583155632019043,10.205222129821777,-1.4070221761656094,3.0594524881390552,0.012207031044025667,13.724174722867106,4.973901024396822,2.5562107172789874
2375,6911,20071015230000,fall_3,39.499794,-75.006409,720,1220,2102,2602,-8.776664733886719,13.802872657775879,2.1308312418819177,4.055045262344717,-10.280797958374023,12.5060396194458,-1.360931817966567,3.4997122184305107,0.05493164206271152,15.433212373157687,5.33376765961089,2.5758255840252358
2376,6912,20071016000000,fall_3,39.499794,-75.006409,720,1220,2102,2602,-8.773916244506836,14.440062522888184,1.893585294326361,4.0816646261209835,-11.346392631530762,13.808744430541992,-1.3710421195818032,3.7987889695756616,0.042724608407832536,16.57460035391319,5.479207186735505,2.556265659292765
2377,6913,20071016010000,fall_3,39.499794,-75.006409,720,1220,2102,2602,-8.64664077758789,14.710448265075684,1.637882118160994,3.9757487863447647,-12.314760208129883,13.790474891662598,-1.390557841909977,4.076336684478343,0.02441406139351192,16.77297223838703,5.52759126632083,2.5465943757356255
2378,6914,20071016020000,fall_3,39.499794,-75.006409,720,1220,2102,2602,-9.31227970123291,14.409997940063477,1.406240518136218,3.841823463115172,-13.483963012695312,15.137202262878418,-1.4405714609195055,4.329589584038866,0.033569337278981724,16.26636469558493,5.561592863115035,2.5741788674782846
2379,6915,20071016030000,fall_3,39.499794,-75.006409,720,1220,2102,2602,-9.665349960327148,13.909622192382812,1.2515139185337598,3.7062965066845184,-13.844340324401855,15.551164627075195,-1.493615280491332,4.547458848836271,0.018310547353336513,16.483046796640256,5.603166025518988,2.611076399148798
2380,6916,20071016040000,fall_3,39.499794,-75.006409,720,1220,2102,2602,-9.70395278930664,11.683345794677734,1.1716176782387175,3.58373585374672,-13.42478084564209,15.9359769821167,-1.5617849629350813,4.672531572962527,0.018310546214399696,16.42811562147545,5.609284071784265,2.6501898849328422
2381,6917,20071016050000,fall_3,39.499794,-75.006409,720,1220,2102,2602,-10.091353416442871,10.940155029296875,1.0848399151200592,3.509142039853898,-13.72042179107666,15.847359657287598,-1.6838375895897784,4.704463770315751,0.027465820513743387,16.187019320283838,5.604209807381751,2.655386285737516
2382,6918,20071016060000,fall_3,39.499794,-75.006409,720,1220,2102,2602,-10.503241539001465,10.904687881469727,1.0190427176171908,3.4749587904481407,-13.467137336730957,16.004695892333984,-1.7923801147853542,4.6636865532577625,0.05493164152679248,16.373185006845766,5.58419709489644,2.6254767574493654
2383,6919,20071016070000,fall_3,39.499794,-75.006409,720,1220,2102,2602,-10.704745292663574,10.789380073547363,0.9717331719533304,3.5294433113993193,-13.871575355529785,15.512802124023438,-1.9006487335449471,4.583990508473601,0.061035155409427964,15.982544290461473,5.595616424159479,2.591475809193409
2384,6920,20071016080000,fall_3,39.499794,-75.006409,720,1220,2102,2602,-11.068900108337402,11.153989791870117,0.8839649261591518,3.63112411955676,-13.34752368927002,15.481708526611328,-2.027119579989526,4.4728919678871994,0.021362305349037363,16.071044307480012,5.611416179313763,2.5679644025587427
2385,6921,20071016090000,fall_3,39.499794,-75.006409,720,1220,2102,2602,-11.417608261108398,11.060434341430664,0.7355975330730277,3.734113624567008,-13.17919635772705,14.39393424987793,-2.167567045292592,4.366921030008192,0.0427246074022794,16.44947829232761,5.617681414540012,2.587413765662166
2386,6922,20071016100000,fall_3,39.499794,-75.006409,720,1220,2102,2602,-11.546914100646973,11.365026473999023,0.5187388519111514,3.8194410110894155,-13.675446510314941,13.811738014221191,-2.2734611110487832,4.286515316640596,0.03356933748315327,17.291786535058865,5.619916942370238,2.610860428628728
2387,6923,20071016110000,fall_3,39.499794,-75.006409,720,1220,2102,2602,-11.619943618774414,11.71533203125,0.2730012988643548,3.871701501641359,-14.348355293273926,13.062630653381348,-2.3309945832998045,4.217996930751305,0.021362303497408214,18.094420788034096,5.590842459047841,2.651813847218904
2388,6924,20071016120000,fall_3,39.499794,-75.006409,720,1220,2102,2602,-11.935775756835938,11.052842140197754,-0.01627877244419814,3.888425833369814,-15.459040641784668,11.867454528808594,-2.3310305072789417,4.168851947361199,0.030517578229126756,19.00387478753955,5.544070330688378,2.6826170828713627
2389,6925,20071016130000,fall_3,39.499794,-75.006409,720,1220,2102,2602,-11.294663429260254,10.740718841552734,-0.20578096466793566,3.536119048774393,-14.65383529663086,11.56640911102295,-2.172720474819839,3.870891963530304,0.033569338008301086,18.14936036609986,5.07793773305864,2.5427447702687167
2390,6926,20071016140000,fall_3,39.499794,-75.006409,720,1220,2102,2602,-11.189554214477539,9.01500415802002,-0.23296161258441977,3.0564859279233136,-13.25240707397461,11.129364967346191,-2.1763709757017664,3.3996626971332975,0.027465819694343807,15.952026924495184,4.345911744424339,2.6083952017212573
2391,6927,20071016150000,fall_3,39.499794,-75.006409,720,1220,2102,2602,-10.929665565490723,9.119264602661133,-0.30215257507288296,2.977125996877739,-11.469807624816895,9.017486572265625,-1.9219248274914136,3.375172063307167,0.024414061208264847,13.599044468743617,4.224934780902773,2.487987736401354
2392,6928,20071016160000,fall_3,39.499794,-75.006409,720,1220,2102,2602,-10.8899507522583,9.698670387268066,-0.32515036630498173,2.933672560288981,-10.667693138122559,7.984181880950928,-1.610768988113825,3.376339143721451,0.0213623048091748,13.303016384187918,4.1394678599723385,2.360340237010701
2393,6929,20071016170000,fall_3,39.499794,-75.006409,720,1220,2102,2602,-10.861361503601074,8.725549697875977,-0.3489804372545013,2.9222926801097806,-10.912111282348633,7.633645057678223,-1.3173167203835625,3.3703774767527146,0.009155273861255175,12.817772260424297,4.0911908399524135,2.2402024556952678
2394,6930,20071016180000,fall_3,39.499794,-75.006409,720,1220,2102,2602,-11.496691703796387,8.667547225952148,-0.4043707670503473,2.9052985672006537,-9.95749568939209,7.962159633636475,-1.0161015061021745,3.366415520277092,0.027465819980995496,12.283698970690773,4.038815298086114,2.1581154268560874
2395,6931,20071016190000,fall_3,39.499794,-75.006409,720,1220,2102,2602,-12.168230056762695,8.08747673034668,-0.5153302283839112,2.9204188215617326,-9.978248596191406,9.49426555633545,-0.6980387974135429,3.3958800355104155,0.015258788315798586,13.336586404310765,4.05222676624093,2.095979234356002
2396,6932,20071016200000,fall_3,39.499794,-75.006409,720,1220,2102,2602,-12.312198638916016,8.26656723022461,-0.6357683253884936,2.9646094712377304,-9.095935821533203,10.380581855773926,-0.36724405654649134,3.4760402670889947,0.012207031768489062,13.516647563796344,4.147303817364708,2.0520004538217607
2397,6933,20071016210000,fall_3,39.499794,-75.006409,720,1220,2102,2602,-12.172480583190918,11.607161521911621,-0.7664753613161184,3.029133069034411,-9.208256721496582,10.708861351013184,-0.0793657110061217,3.5581384604484287,0.024414063128636483,13.147376952169264,4.282205570584871,2.0229916708875058
2398,6934,20071016220000,fall_3,39.499794,-75.006409,720,1220,2102,2602,-11.68334674835205,11.45001220703125,-1.0476234558913236,3.2892641820028548,-9.894282341003418,12.176433563232422,0.1358447262451302,3.7848728262061813,0.015258789121415078,13.409836000296412,4.677314635170989,2.09361354317325
2399,6935,20071016230000,fall_3,39.499794,-75.006409,720,1220,2102,2602,-11.37690544128418,11.095139503479004,-1.326589447341897,3.4671485858508633,-11.332201957702637,13.487192153930664,0.5583983996812534,4.135377892628965,0.027465821384467386,14.2216264730831,5.0863491311458064,2.3071997056756457
2400,6936,20071017000000,fall_3,39.499794,-75.006409,720,1220,2102,2602,-11.700932502746582,10.445077896118164,-1.373873774270248,3.4086488543029203,-11.078304290771484,13.202862739562988,0.9139721488632474,4.241157996283039,0.02136230431737049,13.821830494943848,5.172197285307495,2.3616853388542713
2401,6937,20071017010000,fall_3,39.499794,-75.006409,720,1220,2102,2602,-11.87600040435791,8.785703659057617,-1.317497870208288,3.2889584837539436,-11.149651527404785,12.019567489624023,1.1988079414917567,4.2348982551915695,0.04272460927268915,13.519698671243168,5.125398443689305,2.3779913901643894
2402,6938,20071017020000,fall_3,39.499794,-75.006409,720,1220,2102,2602,-11.898688316345215,9.979866981506348,-1.1971181965372986,3.129831742608076,-11.514861106872559,12.55711841583252,1.4269250533492654,4.151720677375192,0.030517577052676284,13.397629452587326,4.990376987107807,2.3660042119326716
2403,6939,20071017030000,fall_3,39.499794,-75.006409,720,1220,2102,2602,-11.379518508911133,9.778270721435547,-1.0276343389024025,2.9531848438623918,-10.889639854431152,12.511847496032715,1.5852007045336396,4.032151409009323,0.03662109370279747,12.799461648905412,4.827702807946655,2.2894813634279103
2404,6940,20071017040000,fall_3,39.499794,-75.006409,720,1220,2102,2602,-11.366893768310547,9.796467781066895,-0.8542169083689091,2.8069546122516082,-10.706341743469238,13.153554916381836,1.6858214703446335,3.899451148533189,0.015258788471401448,13.174843047095571,4.671647784090983,2.1982040380395675
2405,6941,20071017050000,fall_3,39.499794,-75.006409,720,1220,2102,2602,-11.483748435974121,10.239618301391602,-0.7045352405682412,2.7005238990535125,-10.11253547668457,12.486345291137695,1.7363010267253336,3.796071068384905,0.039672851823418814,12.897125623822234,4.536963956584625,2.151756050961652
2406,6942,20071017060000,fall_3,39.499794,-75.006409,720,1220,2102,2602,-11.810357093811035,10.730720520019531,-0.5195569749480906,2.6399658793825402,-9.66376781463623,11.749701499938965,1.7653316882357035,3.7120134238081905,0.0183105469458989,12.860496949118813,4.432399798851441,2.118638937073577
2407,6943,20071017070000,fall_3,39.499794,-75.006409,720,1220,2102,2602,-11.453990936279297,10.813060760498047,-0.32686510728316487,2.637935058983668,-9.226363182067871,12.638895034790039,1.7474245029845923,3.620969811279712,0.03356933535293158,12.668235122977501,4.341523656521361,2.093234167853604
2408,6944,20071017080000,fall_3,39.499794,-75.006409,720,1220,2102,2602,-10.570455551147461,10.965631484985352,-0.1558892813040152,2.637809875286214,-9.66370964050293,12.473536491394043,1.7041907849640352,3.5015111070664555,0.021362304354662697,12.891021829519882,4.230799575817627,2.0609521148999144
2409,6945,20071017090000,fall_3,39.499794,-75.006409,720,1220,2102,2602,-11.147141456604004,12.537332534790039,-0.04679271719467142,2.6476175405548195,-9.040206909179688,12.582210540771484,1.659819370398515,3.363192568935971,0.024414062521981143,12.659080010665305,4.135030271986007,1.9949078793998487
2410,6946,20071017100000,fall_3,39.499794,-75.006409,720,1220,2102,2602,-10.050436973571777,12.64963150024414,0.0014181265311696916,2.7174781151526894,-8.137282371520996,11.62917423248291,1.634692336316835,3.2381107206103166,0.015258789283702107,12.662132091742862,4.087741397941856,1.9577128630913918
2411,6947,20071017110000,fall_3,39.499794,-75.006409,720,1220,2102,2602,-9.61697006225586,11.967554092407227,0.02887882555643705,2.799289938536619,-7.704575061798096,10.686190605163574,1.642796599548566,3.0717781493706515,0.00915527303682101,12.399673329874032,4.047127343353337,1.8953152982232142
2412,6948,20071017120000,fall_3,39.499794,-75.006409,720,1220,2102,2602,-9.672188758850098,11.09886646270752,0.015231311859333596,2.824490799029627,-7.89716100692749,10.662178039550781,1.6977201109553317,2.926327953502614,0.02136230455234462,12.045654386829078,3.9949569374694107,1.8611685041989026
2413,6949,20071017130000,fall_3,39.499794,-75.006409,720,1220,2102,2602,-9.37717056274414,10.461347579956055,-0.018028583037505798,2.680220195538265,-7.360959053039551,10.333112716674805,1.6761379550874624,2.652687258615863,0.051879880775338824,12.387466110854568,3.7651180355617533,1.6893725584289687
2414,6950,20071017140000,fall_3,39.499794,-75.006409,720,1220,2102,2602,-9.074005126953125,8.88278865814209,-0.12618325538197056,2.4159870032666304,-6.1801438331604,9.469707489013672,1.476209928987503,2.2379528730206246,0.006103515824095297,10.681480151095787,3.2068737807469936,1.6602725031006516
2415,6951,20071017150000,fall_3,39.499794,-75.006409,720,1220,2102,2602,-8.15304183959961,10.052435874938965,0.03747368635162886,2.376998941215291,-5.067602634429932,10.180784225463867,1.6756830923923347,2.1103124051759403,0.015258788828256058,11.05075110773188,3.2142470368086595,1.6066973901899346
2416,6952,20071017160000,fall_3,39.499794,-75.006409,720,1220,2102,2602,-8.10242748260498,8.873848915100098,0.23470719286702876,2.395286322615301,-7.61720609664917,8.955531120300293,1.904584475704453,2.0453422233651786,0.021362304952424437,9.7293012123337,3.3476290200344008,1.5481378535808072
2417,6953,20071017170000,fall_3,39.499794,-75.006409,720,1220,2102,2602,-7.37966251373291,8.33476448059082,0.4162959193495992,2.4150440555354376,-7.262466907501221,9.247947692871094,2.1233346840216405,2.026954631378156,0.024414062340229137,9.860527235695285,3.508073162018656,1.521925763827936
2418,6954,20071017180000,fall_3,39.499794,-75.006409,720,1220,2102,2602,-8.353555679321289,7.787515640258789,0.5906986516967717,2.44080598395772,-9.36976146697998,10.588407516479492,2.328990311953443,2.039520866765743,0.0152587889488886,10.635704354642423,3.6729786862008282,1.5490408510754372
2419,6955,20071017190000,fall_3,39.499794,-75.006409,720,1220,2102,2602,-8.10315990447998,9.077897071838379,0.7037007318721692,2.468582337296302,-7.638223648071289,9.857272148132324,2.5197220548598716,2.0682987985425387,0.024414062368811097,10.199287688985633,3.822981690022377,1.612688323143104
2420,6956,20071017200000,fall_3,39.499794,-75.006409,720,1220,2102,2602,-9.485151290893555,12.119162559509277,0.738274549775849,2.507557925742385,-6.3503522872924805,10.814315795898438,2.709357801850821,2.132877211475239,0.027465820002717023,13.403732561838096,3.9778747780258246,1.7027017383636178
2421,6957,20071017210000,fall_3,39.499794,-75.006409,720,1220,2102,2602,-9.949034690856934,10.161293029785156,0.6295915956564804,2.544233300513769,-8.037699699401855,11.1444730758667,2.920491425220103,2.2505298108319085,0.015258789627080308,11.859489910803088,4.153477457862068,1.7922857657258169
2422,6958,20071017220000,fall_3,39.499794,-75.006409,720,1220,2102,2602,-9.219651222229004,9.48796272277832,0.41479403523114555,2.655434236375572,-6.876905918121338,12.611000061035156,3.273414522718171,2.4881092573173516,0.015258789336683348,12.732322664030177,4.501289909311453,1.9666480472113654
2423,6959,20071017230000,fall_3,39.499794,-75.006409,720,1220,2102,2602,-10.3428373336792,10.684565544128418,0.3046874431816789,2.8711621493664725,-7.812671184539795,14.818156242370605,3.835778682542399,2.7969689252212135,0.021362303888602763,15.0730889479404,5.057355701755174,2.3012590254057743
2424,6960,20071018000000,fall_3,39.499794,-75.006409,720,1220,2102,2602,-8.973919868469238,11.167716979980469,0.305126786500785,3.040615662940725,-5.8258256912231445,16.12990951538086,4.221436310532078,2.8453616127043877,0.030517578363004772,16.41896192707776,5.417553647054475,2.4300546655945663
2425,6961,20071018010000,fall_3,39.499794,-75.006409,720,1220,2102,2602,-9.123011589050293,10.075826644897461,0.3825814096788713,3.166078471395116,-4.518590450286865,17.289464950561523,4.525858456389995,2.809034388159656,0.033569334799656896,17.74956514467815,5.694936651530145,2.472283745499787
2426,6962,20071018020000,fall_3,39.499794,-75.006409,720,1220,2102,2602,-9.991756439208984,13.180129051208496,0.5104596411903247,3.2338897242499245,-4.772641181945801,18.87432861328125,4.7493529721650845,2.7456514862800483,0.039672850946587776,19.553208069279087,5.884777739155227,2.486555547934062
2427,6963,20071018030000,fall_3,39.499794,-75.006409,720,1220,2102,2602,-10.60787296295166,12.64001750946045,0.6756196442224163,3.2255873074079577,-3.6859278678894043,20.289899826049805,4.881592367129425,2.6765684306501853,0.05187988149647282,21.204262545129467,5.980065490923116,2.468532906082165
2428,6964,20071018040000,fall_3,39.499794,-75.006409,720,1220,2102,2602,-11.193753242492676,13.05599308013916,0.8502807024113628,3.1656673038778074,-3.6578805446624756,20.77033042907715,4.946852726651736,2.694787411033774,0.061035153920367166,21.301918192085477,6.028495635167756,2.4768726689810427
2429,6965,20071018050000,fall_3,39.499794,-75.006409,720,1220,2102,2602,-11.221761703491211,13.30166244506836,1.0228662694490906,3.0932962116179707,-3.7415482997894287,21.187076568603516,4.968752210746229,2.7465302624415893,0.02136230461803517,21.393478879206235,6.047993087695378,2.503685979406908
2430,6966,20071018060000,fall_3,39.499794,-75.006409,720,1220,2102,2602,-11.933080673217773,12.398240089416504,1.2243091670747048,3.0288480269213816,-3.5667474269866943,22.029735565185547,4.959086131469939,2.7827546926795135,0.027465821190248665,22.284615538134634,6.062261690874607,2.5016185634685013
2431,6967,20071018070000,fall_3,39.499794,-75.006409,720,1220,2102,2602,-10.21937370300293,12.4741792678833,1.4135635634063208,2.9950749384628272,-3.978278875350952,22.291828155517578,4.892915242283297,2.8310034087413665,0.027465819665486425,22.65694410623159,6.054153762233132,2.504208043775504
2432,6968,20071018080000,fall_3,39.499794,-75.006409,720,1220,2102,2602,-10.542981147766113,11.720139503479004,1.5245251592440887,2.957311716279917,-5.156196117401123,21.537046432495117,4.791681024056992,2.8394003981792837,0.03967285143785765,22.0099490522499,5.989179059100535,2.494394797127119
2433,6969,20071018090000,fall_3,39.499794,-75.006409,720,1220,2102,2602,-9.800637245178223,11.303267478942871,1.5489869350256011,2.948088921770915,-4.8674635887146,20.494022369384766,4.6625883517893065,2.8211080863061144,0.04882812408429598,20.517593593410343,5.890949389322931,2.4669181342004967
2434,6970,20071018100000,fall_3,39.499794,-75.006409,720,1220,2102,2602,-9.900135040283203,11.39256763458252,1.4769747993196387,2.964372393180938,-5.844051361083984,20.271263122558594,4.581852219816994,2.820510199167416,0.03662109341566373,20.307013811602772,5.829361675821452,2.436421195851
2435,6971,20071018110000,fall_3,39.499794,-75.006409,720,1220,2102,2602,-10.13193416595459,11.103605270385742,1.3726238115512177,3.000584331104162,-4.144551753997803,19.801712036132812,4.549035522966728,2.8298374994638333,0.021362304962208346,19.83397644089162,5.7990117853964565,2.44146866281816
2436,6972,20071018120000,fall_3,39.499794,-75.006409,720,1220,2102,2602,-9.165888786315918,10.747608184814453,1.2127554388184696,3.0493712878323946,-3.488237142562866,18.868284225463867,4.59001014170695,2.856506298480967,0.015258788857981527,19.12595410387532,5.8207002471128355,2.4731985308371502
2437,6973,20071018130000,fall_3,39.499794,-75.006409,720,1220,2102,2602,-9.457372665405273,10.398927688598633,1.1117522085737441,3.028588599028728,-3.7739832401275635,18.676166534423828,4.571838814635703,2.7463058063212595,0.042724608393022986,18.73531404228506,5.750735872249386,2.404430188610794
2438,6974,20071018140000,fall_3,39.499794,-75.006409,720,1220,2102,2602,-10.627732276916504,9.587120056152344,1.0432400004310076,2.9116014545850786,-3.4790074825286865,17.884319305419922,4.383855875381127,2.5084614967789136,0.05493164181812092,18.033385988215574,5.445082783284258,2.329681872908514
2439,6975,20071018150000,fall_3,39.499794,-75.006409,720,1220,2102,2602,-11.338374137878418,9.408110618591309,1.0082544744657558,2.8945617410889786,-3.1413440704345703,16.69390106201172,4.498788909825059,2.519149053792429,0.05187988062173895,16.751609649493144,5.501406175898454,2.3905665555325695
2440,6976,20071018160000,fall_3,39.499794,-75.006409,720,1220,2102,2602,-10.64272689819336,9.608804702758789,1.0065240494936687,2.9284285118232183,-2.5191385746002197,16.00785255432129,4.786129965964236,2.5563946475002073,0.021362305230649525,16.016113014160517,5.757621819501339,2.4250296574555312
2441,6977,20071018170000,fall_3,39.499794,-75.006409,720,1220,2102,2602,-11.424510955810547,9.555512428283691,0.9395719441736303,2.9716345504962183,-3.451904058456421,14.876611709594727,5.115555377254367,2.5064970772708772,0.048828124890307266,15.628532746219014,6.052522336509107,2.351981105826092
2442,6978,20071018180000,fall_3,39.499794,-75.006409,720,1220,2102,2602,-11.374922752380371,10.306425094604492,0.8400839504647749,3.00830253437808,-4.5480756759643555,14.912400245666504,5.4494891401129015,2.46859375122981,0.06713867576444144,15.009002130193164,6.35530299301637,2.2708227685027693
2443,6979,20071018190000,fall_3,39.499794,-75.006409,720,1220,2102,2602,-11.107033729553223,9.802342414855957,0.6730780496275466,3.0096502896845303,-3.754024028778076,14.85400390625,5.771572794720087,2.4724598134406865,0.13428497026214434,14.911346389558037,6.632663749968546,2.2232657422750837
2444,6980,20071018200000,fall_3,39.499794,-75.006409,720,1220,2102,2602,-9.208162307739258,9.55944538116455,0.44466056452163183,2.9758787485123346,-3.0430939197540283,16.181217193603516,6.141388019455569,2.4985917257038124,0.12818145522689847,16.193123943547473,6.9368898881894925,2.2119546649717634
2445,6981,20071018210000,fall_3,39.499794,-75.006409,720,1220,2102,2602,-8.881601333618164,9.835306167602539,0.11772655253299687,2.909986439292398,-3.8578872680664062,15.764128684997559,6.470710513931429,2.5179375748582533,0.07324218320987708,15.958130114804169,7.2032220507060885,2.1921626062508035
2446,6982,20071018220000,fall_3,39.499794,-75.006409,720,1220,2102,2602,-11.489042282104492,9.290383338928223,-0.32493501273081343,2.9425218055030946,-3.293227195739746,16.43596649169922,6.96149974796402,2.5529553634119964,0.1434402493457351,16.446425914674368,7.678208622307435,2.188421695917066
2447,6983,20071018230000,fall_3,39.499794,-75.006409,720,1220,2102,2602,-10.981740951538086,8.792749404907227,-0.5739330825030723,3.002121569340872,-3.209362745285034,16.766643524169922,7.671927546452237,2.6564359215718474,0.16480255940920768,16.81874763270059,8.377145153980427,2.254039984753011
2448,6984,20071019000000,fall_3,39.499794,-75.006409,720,1220,2102,2602,-9.362934112548828,9.697903633117676,-0.526486470010348,2.9730174425797906,-2.89923095703125,21.343416213989258,8.142723880913671,2.682461920557397,0.14344025099441496,21.369057513948338,8.7882844177343,2.3198344479808135
2449,6985,20071019010000,fall_3,39.499794,-75.006409,720,1220,2102,2602,-9.948522567749023,9.730521202087402,-0.32712070549262223,2.864429825328751,-2.1097989082336426,18.854345321655273,8.493615885434046,2.678430070542138,0.06713867184226036,18.866538082165995,9.05470761668537,2.3748125417844723
2450,6986,20071019020000,fall_3,39.499794,-75.006409,720,1220,2102,2602,-8.84861946105957,11.796953201293945,-0.031798732999368806,2.717529333137478,-1.3466001749038696,19.215877532958984,8.760873439724108,2.658000737546855,0.3265457196483276,19.367041702454923,9.2437800662743,2.3992453542511756
2451,6987,20071019030000,fall_3,39.499794,-75.006409,720,1220,2102,2602,-8.514484405517578,10.658278465270996,0.27672307996572776,2.6002217286309355,-2.3283798694610596,20.140380859375,8.925911650495324,2.638946548463834,0.2502517749193923,20.575577084995075,9.362237348852242,2.412919021203081
2452,6988,20071019040000,fall_3,39.499794,-75.006409,720,1220,2102,2602,-8.960653305053711,10.313767433166504,0.5408594443531335,2.490297759365932,-3.0338690280914307,20.049795150756836,8.986691084518363,2.679103699233988,0.13428497550790683,20.181891955863463,9.397859217153368,2.472360670134013
2453,6989,20071019050000,fall_3,39.499794,-75.006409,720,1220,2102,2602,-6.715460777282715,10.208566665649414,0.7028075499174391,2.4092770323643395,-2.875174045562744,21.212390899658203,8.97004656673774,2.7274788883872603,0.24109649299624425,21.234779916376862,9.365094723081693,2.5484174686750958
2454,6990,20071019060000,fall_3,39.499794,-75.006409,720,1220,2102,2602,-7.907590866088867,10.733577728271484,0.7608732321936517,2.406047923722436,-3.2001900672912598,21.789783477783203,8.934986298538771,2.763101572959354,0.192268376099288,22.138128748821703,9.327758004992731,2.6133571789133483
2455,6991,20071019070000,fall_3,39.499794,-75.006409,720,1220,2102,2602,-8.587793350219727,11.155600547790527,0.7691548318865609,2.4556961987193393,-3.4563074111938477,18.963594436645508,8.896377101853194,2.8037641534135926,0.09460448867129974,19.95605415012265,9.298170262832159,2.678188138564511
2456,6992,20071019080000,fall_3,39.499794,-75.006409,720,1220,2102,2602,-8.980406761169434,13.426161766052246,0.745843697565789,2.4691518415270637,-3.839423179626465,19.141071319580078,8.853198462224796,2.8245364956201415,0.17700958277365605,19.38536077896121,9.251275305343565,2.724707009769133
2457,6993,20071019090000,fall_3,39.499794,-75.006409,720,1220,2102,2602,-9.551046371459961,12.429426193237305,0.6246679796613522,2.45605727676664,-4.095489978790283,18.884414672851562,8.820827344124172,2.8781046352338016,0.14344025785041986,19.840080565891004,9.206140690094095,2.7856565387659304
2458,6994,20071019100000,fall_3,39.499794,-75.006409,720,1220,2102,2602,-9.494707107543945,10.571520805358887,0.44188798379714694,2.4149323788616557,-4.052527904510498,21.75111198425293,8.882479946101073,2.9170674850827565,0.131233219743931,21.759697254961438,9.24155018021851,2.8334866078061363
2459,6995,20071019110000,fall_3,39.499794,-75.006409,720,1220,2102,2602,-10.085711479187012,10.920856475830078,0.23841470424539818,2.305270683769523,-3.3181955814361572,22.089632034301758,9.012482872735493,2.9170915832701056,0.17090607820457565,22.269356620125823,9.330881322440867,2.8354962669183177
2460,6996,20071019120000,fall_3,39.499794,-75.006409,720,1220,2102,2602,-10.266521453857422,12.45159912109375,0.025878959273730018,2.162991935172419,-2.7554852962493896,25.825605392456055,9.191855952819624,2.9157282213194438,0.09460448869021885,26.978363168430548,9.468447584898792,2.831852941478857
2461,6997,20071019130000,fall_3,39.499794,-75.006409,720,1220,2102,2602,-9.148821830749512,11.749066352844238,-0.03221417137901872,2.0925382709339924,-3.6439290046691895,21.745922088623047,9.384457753255308,2.9700759866816817,0.3082351740811597,23.09945694444164,9.639971993749967,2.887921885573455
2462,6998,20071019140000,fall_3,39.499794,-75.006409,720,1220,2102,2602,-8.725881576538086,11.13901138305664,-0.0036676475452290616,2.062692620683788,-2.714406967163086,22.918106079101562,9.48847407691219,3.039847184956309,0.14954375935957573,22.919403936717497,9.734880735861436,2.9594970136388445
2463,6999,20071019150000,fall_3,39.499794,-75.006409,720,1220,2102,2602,-7.636419773101807,8.873946189880371,0.05263815321237393,2.1437169846714608,-2.689502000808716,22.459394454956055,9.713488929923468,3.0655123969496496,0.13428496502668383,22.46162532443348,9.969629088891068,2.9923272820794953
2464,7000,20071019160000,fall_3,39.499794,-75.006409,720,1220,2102,2602,-8.07582950592041,17.826126098632812,0.2016129949473576,2.382303164873773,-2.3301877975463867,22.122861862182617,10.002723675362382,3.055544304380031,0.2258377098558778,24.463637889452624,10.311926452648493,2.9615909450752858
2465,7001,20071019170000,fall_3,39.499794,-75.006409,720,1220,2102,2602,-8.474495887756348,17.119625091552734,0.44529987265263976,2.8015313796976424,-4.1312479972839355,25.63254737854004,10.308994224009693,3.027860185238233,0.29297636658812465,25.745414797845125,10.737805029388346,2.8617673579229828
2466,7002,20071019180000,fall_3,39.499794,-75.006409,720,1220,2102,2602,-8.093605995178223,16.25882911682129,0.8484106440818301,3.3208915919111717,-4.684396743774414,23.369474411010742,10.545298651416294,3.120017669811581,0.7904281594792829,23.615219096815252,11.174358089088548,2.796368500490914
2467,7003,20071019190000,fall_3,39.499794,-75.006409,720,1220,2102,2602,-9.133439064025879,22.057147979736328,1.2747360822353817,3.8323998120849065,-7.702027320861816,22.641738891601562,10.661857904666373,3.38486006827509,0.24414825460465797,26.59992899291056,11.551547790064292,2.8295716484977174
2468,7004,20071019200000,fall_3,39.499794,-75.006409,720,1220,2102,2602,-8.6427640914917,18.165054321289062,1.603273970173134,4.213349640542229,-4.664348602294922,24.721826553344727,10.646190838689387,3.817813684753066,0.3601150691511056,27.002777684884396,11.802133004883014,2.991578154958477
2469,7005,20071019210000,fall_3,39.499794,-75.006409,720,1220,2102,2602,-8.525521278381348,20.0380916595459,1.8912371279151599,4.409575838719929,-4.834479331970215,25.583702087402344,10.60227755064759,4.313632731953112,0.3601150391480967,25.879700547675434,11.998341216958687,3.1743757811577353
2470,7006,20071019220000,fall_3,39.499794,-75.006409,720,1220,2102,2602,-8.567227363586426,21.309415817260742,2.239862497097811,4.45680100292854,-6.586299419403076,23.45914649963379,10.576733761403247,4.762265024712035,0.3997955258494648,25.708794114558362,12.153293404745497,3.424030348723929
2471,7007,20071019230000,fall_3,39.499794,-75.006409,720,1220,2102,2602,-9.076644897460938,20.336835861206055,2.910557424300004,4.656176434673591,-6.32329797744751,24.872610092163086,10.610300990418255,5.148183926911686,0.21668243106829124,25.119781743377143,12.507866403104511,3.5758756138363297
2472,7008,20071020000000,fall_3,39.499794,-75.006409,720,1220,2102,2602,-6.473773002624512,23.02679443359375,3.613566247453156,4.707651218287151,-8.671772003173828,23.662324905395508,10.420452289245485,5.616120444284563,0.14038848254170766,24.60401895024781,12.689058530451744,3.7860625174045293
2473,7009,20071020010000,fall_3,39.499794,-75.006409,720,1220,2102,2602,-6.7177734375,23.24679183959961,4.284782649324972,4.664754505577569,-11.183832168579102,22.393625259399414,10.092093025768063,6.062386585754539,0.2685623120140716,23.383285110115946,12.76100081617634,3.9848497932421907
2474,7010,20071020020000,fall_3,39.499794,-75.006409,720,1220,2102,2602,-8.880454063415527,23.709209442138672,4.870499201044462,4.513924093391115,-12.101744651794434,24.462297439575195,9.686831686460861,6.479391059643953,0.1373367257037059,24.689476655216282,12.745543736245562,4.179187083792645
2475,7011,20071020030000,fall_3,39.499794,-75.006409,720,1220,2102,2602,-6.665052890777588,24.179027557373047,5.453726810393815,4.094273012851779,-13.935464859008789,23.5419979095459,9.22058652586183,6.816009086146406,0.20447539829788658,24.576552825108884,12.619603485077388,4.3277027680898374
2476,7012,20071020040000,fall_3,39.499794,-75.006409,720,1220,2102,2602,-5.578917026519775,24.44837760925293,5.9594748030566524,3.6422975925491294,-14.549093246459961,25.338708877563477,8.63809055851849,7.024118126667256,0.2197341915561046,25.632498622226276,12.355122385785245,4.481904334963702
2477,7013,20071020050000,fall_3,39.499794,-75.006409,720,1220,2102,2602,-6.079713344573975,23.34955596923828,6.328077565581549,3.2246408964662017,-14.071200370788574,26.61104965209961,8.055446044774095,7.120939776730919,0.11596679542268859,26.86849226269506,12.045455128404964,4.576885362433339
2478,7014,20071020060000,fall_3,39.499794,-75.006409,720,1220,2102,2602,-5.171756744384766,22.7274169921875,6.680049482334165,2.93403825567257,-14.244906425476074,25.870655059814453,7.452632399765473,7.0675761616148085,0.1617507990872779,25.93768387923774,11.751242181170479,4.542280402828824
2479,7015,20071020070000,fall_3,39.499794,-75.006409,720,1220,2102,2602,-5.203712463378906,22.91229248046875,6.993316236020791,2.682200429702685,-14.118847846984863,25.763507843017578,6.793553900990529,6.982690441731969,0.0823974608722681,25.769827825335746,11.454664357129131,4.4499074145787985
2480,7016,20071020080000,fall_3,39.499794,-75.006409,720,1220,2102,2602,-4.726995468139648,23.1343936920166,7.174716683087001,2.588483653739333,-13.253308296203613,24.91214370727539,6.146541606934993,6.839151472355746,0.09460449328310488,25.980408902675855,11.148532660180114,4.294297756414752
2481,7017,20071020090000,fall_3,39.499794,-75.006409,720,1220,2102,2602,-4.688388347625732,22.65265464782715,7.2886117920896965,2.5432372620083457,-13.526982307434082,22.955890655517578,5.530328795936772,6.684252931626211,0.04882812531443051,23.9509266823543,10.853824992087972,4.129185696103324
2482,7018,20071020100000,fall_3,39.499794,-75.006409,720,1220,2102,2602,-5.206685543060303,22.836708068847656,7.3236186955559965,2.458035917359611,-13.562603950500488,23.3852596282959,4.9731029794248185,6.506764141587754,0.14954376597318375,29.181800153069833,10.562775976212809,3.8954881444415923
2483,7019,20071020110000,fall_3,39.499794,-75.006409,720,1220,2102,2602,-4.968705177307129,23.71185302734375,7.3569800555626195,2.450253895114941,-12.660038948059082,20.999635696411133,4.452453016804747,6.34935046856682,0.19837187747696322,24.57655282639103,10.34037893831943,3.6529511822600926
2484,7020,20071020120000,fall_3,39.499794,-75.006409,720,1220,2102,2602,-5.316642761230469,25.19402313232422,7.361007084572333,2.472365822378015,-12.387252807617188,20.9103946685791,3.970467139075282,6.1898524419305545,0.21668244370169754,25.2021879702953,10.113799351466486,3.4766310262110607
2485,7021,20071020130000,fall_3,39.499794,-75.006409,720,1220,2102,2602,-4.076846122741699,23.34034538269043,7.07549706614255,2.4690819536063273,-12.842503547668457,22.072805404663086,3.4226212576044093,5.755565183884803,0.16785430851918148,29.73418431262958,9.41681584810938,3.5104801051088126
2486,7022,20071020140000,fall_3,39.499794,-75.006409,720,1220,2102,2602,-1.9652193784713745,21.835819244384766,6.670245949413397,2.516441693375567,-11.099015235900879,19.5395450592041,3.0429819916073986,5.309797976299957,0.14038849470953815,23.096404106890084,8.673178200454686,3.613078144096583
2487,7023,20071020150000,fall_3,39.499794,-75.006409,720,1220,2102,2602,-1.5964317321777344,20.415658950805664,7.226429736673737,2.4577818073105635,-10.225407600402832,19.249563217163086,2.6263459051437956,5.0731068993351345,0.3540115454622342,22.32428716312363,8.952051845687176,3.2797640660732523
2488,7024,20071020160000,fall_3,39.499794,-75.006409,720,1220,2102,2602,-0.49117881059646606,22.79562759399414,7.841524458753958,2.502557325782686,-10.199685096740723,19.66970443725586,2.189781323304264,4.852099078742332,0.12207794452342148,25.58366486703182,9.331893429807193,3.001011785150274
2489,7025,20071020170000,fall_3,39.499794,-75.006409,720,1220,2102,2602,-0.6061855554580688,25.653057098388672,8.263384185053349,2.530496949163124,-10.678832054138184,21.286161422729492,1.8500556296284543,4.599453438012887,1.8311080883281667,27.10958745588643,9.546769493670688,2.8502285865173898
2490,7026,20071020180000,fall_3,39.499794,-75.006409,720,1220,2102,2602,-0.7505298256874084,21.454416275024414,8.605644644679636,2.4873121420397037,-10.590835571289062,22.062332153320312,1.5162691051028512,4.3410862812017275,1.1780167152076002,24.524673606415114,9.701773228179727,2.6950955031953474
2491,7027,20071020190000,fall_3,39.499794,-75.006409,720,1220,2102,2602,-0.5502453446388245,20.662052154541016,8.872215368918758,2.4613308134462373,-9.535676002502441,21.840084075927734,1.1312158258960023,4.120820494466625,1.3214492267544862,23.664056104050573,9.820413891835532,2.568002474904491
2492,7028,20071020200000,fall_3,39.499794,-75.006409,720,1220,2102,2602,-0.3210621178150177,23.560827255249023,9.047401407774334,2.445691576373745,-10.400880813598633,20.624317169189453,0.72112259450691,3.8690933557054956,2.0935668507750402,25.394455730974204,9.856776274411985,2.4840978619620278
2493,7029,20071020210000,fall_3,39.499794,-75.006409,720,1220,2102,2602,-0.31860214471817017,21.733985900878906,8.959770946270062,2.368566865211292,-10.507697105407715,14.440384864807129,0.3212257704534285,3.581029417396726,2.041686957096385,23.703727541664882,9.651952806615506,2.3778917358309495
2494,7030,20071020220000,fall_3,39.499794,-75.006409,720,1220,2102,2602,-2.8431015014648438,21.0031795501709,8.808685444163816,2.4213020222569215,-11.80374813079834,14.45244026184082,0.08300349095419561,3.4279432243802104,0.6286849848846816,21.262245101428196,9.456639489510957,2.4052643579689224
2495,7031,20071020230000,fall_3,39.499794,-75.006409,720,1220,2102,2602,-2.2245185375213623,22.462234497070312,9.18463165850573,2.523104545461064,-9.759873390197754,11.570273399353027,-0.22399574808781547,3.4897492027142176,0.32349396474589437,22.82479109926602,9.863606626559205,2.3793493142570044
2496,7032,20071021000000,fall_3,39.499794,-75.006409,720,1220,2102,2602,-2.3960459232330322,23.67570686340332,9.284370334144466,2.7294455169458485,-12.55484676361084,11.131381034851074,-0.6086073607892268,3.5232796280455334,0.18616485294555005,24.0516348669537,10.012932350791777,2.48485277773002
2497,7033,20071021010000,fall_3,39.499794,-75.006409,720,1220,2102,2602,-2.4913039207458496,23.43395233154297,9.186449092080208,2.9574665522632384,-9.698991775512695,8.696197509765625,-0.9475866947119576,3.608914942342283,0.1312332194148347,23.86241939054817,10.003475546499388,2.6438834930424573
2498,7034,20071021020000,fall_3,39.499794,-75.006409,720,1220,2102,2602,-2.7101080417633057,22.199176788330078,8.911067618255801,3.164586776744929,-10.314067840576172,10.146286010742188,-1.2045546835549539,3.7766143704095523,0.13428498251714335,23.96008403632474,9.867168790984476,2.7882761167710863
2499,7035,20071021030000,fall_3,39.499794,-75.006409,720,1220,2102,2602,-2.7013843059539795,23.208589553833008,8.521202701065683,3.3478973529145555,-10.89733600616455,9.858320236206055,-1.3887101834136304,4.001727914750083,0.12818145537481831,23.413801926856696,9.66040116196889,2.9048758709002063
2500,7036,20071021040000,fall_3,39.499794,-75.006409,720,1220,2102,2602,-4.419258117675781,24.755510330200195,8.049230208065575,3.4711764251286805,-10.663713455200195,10.494940757751465,-1.5244778365526106,4.234877175808311,0.08544921573714293,24.979399738191166,9.393924042180426,2.9751606973189464
2501,7037,20071021050000,fall_3,39.499794,-75.006409,720,1220,2102,2602,-5.928317546844482,25.349557876586914,7.477914196969987,3.6104133172124517,-11.156702041625977,11.444206237792969,-1.5999093550658197,4.459531932544863,0.045776368409151606,25.766777516419396,9.060470408803425,3.051113900096527
2502,7038,20071021060000,fall_3,39.499794,-75.006409,720,1220,2102,2602,-6.063851356506348,25.87930679321289,6.924125394143015,3.7623964225921323,-11.250903129577637,11.711721420288086,-1.5672777322630254,4.640086779791445,0.0701904287493828,26.64876562406298,8.738655327592545,3.1179812690475743
2503,7039,20071021070000,fall_3,39.499794,-75.006409,720,1220,2102,2602,-5.8855390548706055,25.44910430908203,6.40907050036578,3.928152368579057,-11.553306579589844,12.165694236755371,-1.460820149229384,4.793316400495948,0.04882812452742517,26.5846709231793,8.459653746635343,3.1702841860200297
2504,7040,20071021080000,fall_3,39.499794,-75.006409,720,1220,2102,2602,-6.579136371612549,24.79826545715332,5.899444267942628,4.070354310272457,-11.51274585723877,12.336701393127441,-1.2996731260010894,4.898896221285552,0.057983398929127,25.772880561136688,8.160985221689609,3.23386479532676
2505,7041,20071021090000,fall_3,39.499794,-75.006409,720,1220,2102,2602,-6.9254913330078125,23.42970085144043,5.360002650716504,4.174266974019539,-11.461956024169922,13.067779541015625,-1.0830224808016393,4.96712186918179,0.0366210928350099,24.63759647224213,7.827628458849721,3.2753020095114693
2506,7042,20071021100000,fall_3,39.499794,-75.006409,720,1220,2102,2602,-7.690380573272705,21.576457977294922,4.7672214614161845,4.251717958913421,-10.94025993347168,13.599112510681152,-0.7978120487478215,5.0166697125654425,0.02746582190454115,22.797324025922645,7.473796576110776,3.2786201172669336
2507,7043,20071021110000,fall_3,39.499794,-75.006409,720,1220,2102,2602,-8.286319732666016,19.790897369384766,4.18840823519387,4.314442897689766,-10.582806587219238,14.396330833435059,-0.4446348885379459,5.041239068029647,0.04272460862912664,20.77394978125607,7.140761850087322,3.2830614961551583
2508,7044,20071021120000,fall_3,39.499794,-75.006409,720,1220,2102,2602,-9.84058952331543,17.826948165893555,3.6403495066286644,4.3570328576662245,-10.548959732055664,15.082119941711426,-0.03562571410753776,5.031311838992685,0.03967284932032492,18.497267645379026,6.840121179311434,3.2808520415013303
2509,7045,20071021130000,fall_3,39.499794,-75.006409,720,1220,2102,2602,-10.14271354675293,16.24155044555664,2.988675591447169,4.21909995713207,-9.767684936523438,14.593515396118164,0.3104586915694268,4.794169017454075,0.051879884954223555,17.319252681336323,6.327870590119682,3.125936851724596
2510,7046,20071021140000,fall_3,39.499794,-75.006409,720,1220,2102,2602,-9.584855079650879,14.79085922241211,2.2846662397076454,3.958807843311916,-9.167920112609863,14.777033805847168,0.43781217046283405,4.116162734444031,0.045776366543052525,16.51051302554339,5.3816208174609255,3.0107294626435914
2511,7047,20071021150000,fall_3,39.499794,-75.006409,720,1220,2102,2602,-8.494462013244629,13.761220932006836,1.9259945669495682,3.796171730645049,-8.726225852966309,15.144762992858887,0.7671343909537455,3.711315327722932,0.0152587888121106,15.698723198309565,4.942311843680508,2.838359588892573
2512,7048,20071021160000,fall_3,39.499794,-75.006409,720,1220,2102,2602,-8.463101387023926,13.32344913482666,1.7917127781131312,3.7430640800116257,-7.840242385864258,15.845044136047363,1.4118107758810214,3.5995007318728143,0.015258788385450812,15.857414135336418,5.049348000084563,2.583498276758836
2513,7049,20071021170000,fall_3,39.499794,-75.006409,720,1220,2102,2602,-8.0648775100708,13.122254371643066,1.7445115648878333,3.68807320299353,-6.998204708099365,14.731197357177734,2.1315589972319446,3.522299815488635,0.012207030458564267,14.911346908241654,5.298025379727708,2.350802283327791
2514,7050,20071021180000,fall_3,39.499794,-75.006409,720,1220,2102,2602,-8.045271873474121,13.750349998474121,1.8062825678003747,3.607583788476862,-6.222978115081787,14.322273254394531,2.775571850584758,3.45669134741887,0.02441406282394398,15.234840144476609,5.548110968413383,2.2689857551052808
2515,7051,20071021190000,fall_3,39.499794,-75.006409,720,1220,2102,2602,-7.849410057067871,14.767948150634766,1.8575872260919046,3.536467954218469,-5.559592247009277,13.59993839263916,3.3275450788061556,3.390186212102734,0.0244140626204468,16.08325201533527,5.771812226391524,2.2823974941385337
2516,7052,20071021200000,fall_3,39.499794,-75.006409,720,1220,2102,2602,-8.01008129119873,13.752058982849121,1.8585791910960925,3.466978062535882,-5.172412872314453,13.376422882080078,3.8192613307893857,3.319843579824035,0.012207031648549421,16.388443401987107,5.972545546537301,2.326171037903252
2517,7053,20071021210000,fall_3,39.499794,-75.006409,720,1220,2102,2602,-8.110023498535156,15.616561889648438,1.7474361668483624,3.445091091340052,-5.3798394203186035,14.721463203430176,4.254384196705443,3.2994023166828947,0.03967285187219414,18.204292144567827,6.143209127410621,2.483748767941034
2518,7054,20071021220000,fall_3,39.499794,-75.006409,720,1220,2102,2602,-9.088586807250977,16.507991790771484,1.748769918246148,3.6718439094636937,-5.064216136932373,16.54002571105957,5.244013096578425,3.8022139407611784,0.024414063663406392,19.348732622221483,7.009567646989185,3.0599182232725517
2519,7055,20071021230000,fall_3,39.499794,-75.006409,720,1220,2102,2602,-9.168806076049805,17.270410537719727,1.9892745571734143,3.8593231985731866,-4.805889129638672,18.671457290649414,6.006959658088134,4.15128997894167,0.03051757864536881,19.46775808641563,7.740875950752904,3.4996001418844735
2520,7056,20071022000000,fall_4,39.499794,-75.006409,720,1220,2102,2602,-9.091778755187988,17.25588035583496,2.3413578114345674,3.9482360370253344,-4.828938007354736,19.198999404907227,6.314379628272312,4.23385240565768,0.030517576819518555,19.595932242237524,8.07087130588942,3.705193227327786
2521,7057,20071022010000,fall_4,39.499794,-75.006409,720,1220,2102,2602,-9.639481544494629,18.2587890625,2.6613163212267876,3.9877718145915875,-4.48646354675293,19.34465217590332,6.390361557568451,4.2156765708186565,0.039672851302988726,20.203254313161594,8.205881197354174,3.7758564813809388
2522,7058,20071022020000,fall_4,39.499794,-75.006409,720,1220,2102,2602,-9.25908374786377,19.4263973236084,2.9579896864407287,4.038195788772669,-4.5902910232543945,19.446502685546875,6.321955420156759,4.141147196552316,0.015258789710082411,20.178840746147905,8.237534996980845,3.7836445162078016
2523,7059,20071022030000,fall_4,39.499794,-75.006409,720,1220,2102,2602,-9.313945770263672,19.56039047241211,3.237613131795755,4.071367694537654,-4.061557769775391,19.37689971923828,6.160440822251235,4.0484283497054365,0.015258789405276677,21.094390901750778,8.196468659500097,3.77052760715155
2524,7060,20071022040000,fall_4,39.499794,-75.006409,720,1220,2102,2602,-9.266494750976562,19.586166381835938,3.449540118841885,4.074281410902828,-4.3972954750061035,18.607603073120117,5.915111586256873,3.934408223442338,0.02136230503482289,20.859397880188965,8.07251778351393,3.7150593303661195
2525,7061,20071022050000,fall_4,39.499794,-75.006409,720,1220,2102,2602,-9.24710750579834,20.010250091552734,3.579963896566838,4.091434570124965,-5.349319934844971,18.425100326538086,5.6125151465916865,3.8114067082882324,0.02441406285541582,20.69765424979319,7.8921327200344695,3.646555475843284
2526,7062,20071022060000,fall_4,39.499794,-75.006409,720,1220,2102,2602,-9.427001953125,20.757410049438477,3.6648790787585925,4.0972158759398996,-5.746077537536621,17.97073745727539,5.297808901032531,3.6843527774814726,0.012207031675532278,21.24393479040839,7.691689006085749,3.5633792066563674
2527,7063,20071022070000,fall_4,39.499794,-75.006409,720,1220,2102,2602,-9.092448234558105,20.201271057128906,3.707587891336339,4.114425342820018,-5.170802116394043,17.837139129638672,4.983908464011727,3.5422323367667587,0.03662109301864669,21.14627778650147,7.4797779649016105,3.4805716448134802
2528,7064,20071022080000,fall_4,39.499794,-75.006409,720,1220,2102,2602,-8.4627685546875,19.150432586669922,3.6828153126639176,4.130486349719528,-5.601904392242432,17.929468154907227,4.685173498352785,3.400391400536762,0.021362304281392686,20.55421526647327,7.2535064067159185,3.39473169877296
2529,7065,20071022090000,fall_4,39.499794,-75.006409,720,1220,2102,2602,-7.962127685546875,18.477985382080078,3.557292695562723,4.148357659547564,-5.404372215270996,17.315879821777344,4.432639115379249,3.267086339437845,0.015258789661111502,19.275489140271105,7.030554183968777,3.2797336989825085
2530,7066,20071022100000,fall_4,39.499794,-75.006409,720,1220,2102,2602,-8.616414070129395,17.970365524291992,3.3363340014854264,4.170963835580354,-5.339357852935791,16.582931518554688,4.290922095793692,3.1376831889160695,0.030517577866281172,18.0120234183313,6.8412819240813425,3.159429339074048
2531,7067,20071022110000,fall_4,39.499794,-75.006409,720,1220,2102,2602,-8.713061332702637,17.969484329223633,3.0967994602891467,4.1907926689372275,-5.037308692932129,15.748693466186523,4.223430946202598,3.070730368970811,0.009155272969920532,17.978454993696644,6.710763407884855,3.0635467241287833
2532,7068,20071022120000,fall_4,39.499794,-75.006409,720,1220,2102,2602,-9.08152961730957,18.038253784179688,2.8289874591076787,4.204199244660667,-4.495230197906494,16.13311767578125,4.232710864241758,3.0045757950058625,0.03356933552452042,18.045594121503164,6.6126272320487836,2.9824384973987317
2533,7069,20071022130000,fall_4,39.499794,-75.006409,720,1220,2102,2602,-9.115815162658691,17.392484664916992,2.3807499933290885,4.093159620654028,-4.155735492706299,16.022951126098633,4.15285805210003,2.784159377995249,0.01831054703042175,17.392501466176785,6.3095528183645255,2.7584856146313887
2534,7070,20071022140000,fall_4,39.499794,-75.006409,720,1220,2102,2602,-9.849605560302734,15.96189022064209,1.7333187837978359,3.822907468632963,-4.183050155639648,15.735358238220215,3.633761130879531,2.3461829966243455,0.03662109434885039,16.79433428356038,5.431814584025686,2.612125658290972
2535,7071,20071022150000,fall_4,39.499794,-75.006409,720,1220,2102,2602,-9.581803321838379,14.302740097045898,1.365250021430175,3.684397337876802,-3.0621049404144287,14.154770851135254,3.6042947733530184,2.067185922562702,0.021362303296554894,15.558334223379603,5.147828000839327,2.490533414713529
2536,7072,20071022160000,fall_4,39.499794,-75.006409,720,1220,2102,2602,-9.681933403015137,14.16035270690918,1.3210644655267956,3.608347761728551,-3.5625102519989014,15.057376861572266,3.985664503567518,1.9457542143479625,0.027465820043300303,15.259254370471815,5.395472884153364,2.3077561061918552
2537,7073,20071022170000,fall_4,39.499794,-75.006409,720,1220,2102,2602,-9.171049118041992,13.599088668823242,1.3265470797461716,3.5639299552158206,-2.5059051513671875,14.660338401794434,4.415981655371358,1.9446667673176445,0.03356933626053231,15.457626512995445,5.725439393126479,2.2278443510688217
2538,7074,20071022180000,fall_4,39.499794,-75.006409,720,1220,2102,2602,-9.706319808959961,13.835796356201172,1.3056206973387747,3.548712604840706,-2.5018646717071533,15.414971351623535,4.846749609261083,1.965630367029404,0.015258789107329083,15.546127154660855,6.067720827326676,2.1989668104274345
2539,7075,20071022190000,fall_4,39.499794,-75.006409,720,1220,2102,2602,-9.092428207397461,13.6506929397583,1.234551634874181,3.545827410003855,-3.2938480377197266,14.844566345214844,5.260510570849829,2.026512398518135,0.024414062889833672,15.515610197280045,6.393614533347617,2.235716200022223
2540,7076,20071022200000,fall_4,39.499794,-75.006409,720,1220,2102,2602,-9.866472244262695,13.521438598632812,1.1220981781351138,3.5430853746620783,-1.9352761507034302,15.18535041809082,5.65324615621116,2.1207644919869453,0.04882812575545258,15.970336526011247,6.7104783463872,2.2888584030856665
2541,7077,20071022210000,fall_4,39.499794,-75.006409,720,1220,2102,2602,-10.932746887207031,13.501055717468262,0.928760772122193,3.546069767516377,-2.2913758754730225,16.618825912475586,6.034412020813961,2.1745830876187577,0.05187988150720272,17.011016037806996,7.010452429694489,2.331030703534139
2542,7078,20071022220000,fall_4,39.499794,-75.006409,720,1220,2102,2602,-10.921544075012207,13.44951057434082,0.778019980099752,3.654002355025253,-3.027146816253662,17.85944175720215,6.844120196460727,2.4922857840249435,0.1129150423308493,18.2439654589538,7.783777595711414,2.53442781181868
2543,7079,20071022230000,fall_4,39.499794,-75.006409,720,1220,2102,2602,-12.07315444946289,13.21410846710205,0.7487164869366961,3.7684494060512344,-2.554525136947632,19.362762451171875,7.62298421837628,2.726771862756176,0.07324218516575398,19.69054382385435,8.543340077938474,2.7052358125682074
2544,7080,20071023000000,fall_4,39.499794,-75.006409,720,1220,2102,2602,-11.77281379699707,13.235960006713867,0.8219873184947192,3.8132694464481354,-4.365815162658691,20.11647605895996,8.035425836421348,2.796064803930095,0.1312332176404865,20.46571310060931,8.940261761051472,2.7702803878427504
2545,7081,20071023010000,fall_4,39.499794,-75.006409,720,1220,2102,2602,-11.39394474029541,13.729517936706543,0.9683417374746106,3.784971564853606,-3.641770839691162,21.102054595947266,8.2616888222637,2.789016784755401,0.12818146107333067,21.311073063439732,9.14668952046447,2.7633101717099158
2546,7082,20071023020000,fall_4,39.499794,-75.006409,720,1220,2102,2602,-12.055832862854004,15.991071701049805,1.1439100928053683,3.790976334967432,-4.1520891189575195,20.995323181152344,8.373176472955986,2.7374100062859363,0.03662109324894255,21.146278141608168,9.261839890887241,2.738950802415576
2547,7083,20071023030000,fall_4,39.499794,-75.006409,720,1220,2102,2602,-10.633564949035645,16.349288940429688,1.262296842762182,3.7204006115597537,-5.157595634460449,21.551374435424805,8.41075717259562,2.6408751720209183,0.06408691267151988,21.933654459562966,9.276467290674676,2.6640169904393574
2548,7084,20071023040000,fall_4,39.499794,-75.006409,720,1220,2102,2602,-10.541716575622559,15.710140228271484,1.3205796239454481,3.59330842067763,-4.7182793617248535,21.340261459350586,8.45400501480674,2.6007247837936878,0.05798340158191031,21.610152797695186,9.282905203011445,2.59180190844361
2549,7085,20071023050000,fall_4,39.499794,-75.006409,720,1220,2102,2602,-10.724910736083984,15.877937316894531,1.348555007648918,3.4625288688504887,-4.715038776397705,22.161911010742188,8.537695642563092,2.585425974121107,0.19226836903577635,22.318183519594797,9.31771712459149,2.562133625530374
2550,7086,20071023060000,fall_4,39.499794,-75.006409,720,1220,2102,2602,-10.758256912231445,16.80402946472168,1.4263049477713718,3.3505484028690913,-5.694761753082275,22.195499420166016,8.638943610210594,2.6168644090246134,0.19532013702099613,22.27545859923007,9.387911879010536,2.570400161756296
2551,7087,20071023070000,fall_4,39.499794,-75.006409,720,1220,2102,2602,-10.565375328063965,16.69240379333496,1.508348690497178,3.2201629550421913,-5.099430561065674,22.49212646484375,8.723589548554708,2.737797109570841,0.10375976569463392,22.605055973930973,9.440860026464929,2.6666973609081674
2552,7088,20071023080000,fall_4,39.499794,-75.006409,720,1220,2102,2602,-11.448214530944824,15.210638046264648,1.5636593848550302,3.064888292088618,-5.337859153747559,22.871959686279297,8.809531684069015,2.88928792702402,0.10681152746269065,22.928557782901002,9.492284147181719,2.7732554519647707
2553,7089,20071023090000,fall_4,39.499794,-75.006409,720,1220,2102,2602,-12.193929672241211,14.619808197021484,1.5827151506502244,2.941808474594462,-7.013134002685547,22.699033737182617,8.947127791532408,3.0669079329912887,0.04577636765543164,22.891936843979053,9.615457911921766,2.8564336997051316
2554,7090,20071023100000,fall_4,39.499794,-75.006409,720,1220,2102,2602,-9.692594528198242,13.546241760253906,1.6483920326530195,2.873897274576646,-9.380789756774902,22.24474334716797,9.096819483851489,3.3583520432575704,0.07019042555546064,22.650841906041332,9.831738709881511,2.8886067484139826
2555,7091,20071023110000,fall_4,39.499794,-75.006409,720,1220,2102,2602,-9.905354499816895,13.692727088928223,1.8145242899988563,2.856868616522935,-11.877710342407227,22.44093132019043,9.225999495535932,3.7778638350258897,0.061035156860999105,22.68746216954095,10.116292915180559,2.9165281059785713
2556,7092,20071023120000,fall_4,39.499794,-75.006409,720,1220,2102,2602,-9.795112609863281,13.434164047241211,1.983547545056715,2.8642338799772373,-11.439565658569336,22.11237144470215,9.278163524770818,4.193559573032604,0.3662185666202746,22.708824420995192,10.357018623188612,2.9224513865238704
2557,7093,20071023130000,fall_4,39.499794,-75.006409,720,1220,2102,2602,-10.94473648071289,14.017094612121582,2.235566934151441,2.8756868290377815,-12.022047996520996,21.21381378173828,9.200022623163525,4.577260836346797,0.17700958873840666,22.785118250914685,10.482518141302455,2.9959774204276672
2558,7094,20071023140000,fall_4,39.499794,-75.006409,720,1220,2102,2602,-10.308835983276367,15.24990463256836,2.421567187407698,2.8544440478826987,-12.697257041931152,21.998950958251953,8.966122889237855,4.894365438275814,0.051879883381509444,24.024169113735848,10.398685755984072,3.1977094493121743
2559,7095,20071023150000,fall_4,39.499794,-75.006409,720,1220,2102,2602,-8.697492599487305,15.663688659667969,2.5987269369633768,2.7347341121773345,-11.35312557220459,21.417333602905273,8.99801036338744,5.020128685580539,0.21057891637128273,23.694572566420476,10.525895893939152,3.0989595845342404
2560,7096,20071023160000,fall_4,39.499794,-75.006409,720,1220,2102,2602,-8.744219779968262,14.212746620178223,2.8770184840728072,2.6141865992872884,-11.992242813110352,20.64006233215332,9.063399168174373,5.258272831558001,0.26551055020576436,23.3863364290805,10.758505746994324,3.0266150528676206
2561,7097,20071023170000,fall_4,39.499794,-75.006409,720,1220,2102,2602,-6.449483871459961,14.186171531677246,3.102296423540433,2.5640867903317153,-12.062026023864746,20.43111228942871,9.040718662711091,5.600979086116528,0.3143386934842779,23.017059637162564,10.959566050153962,3.031873483769636
2562,7098,20071023180000,fall_4,39.499794,-75.006409,720,1220,2102,2602,-7.465554237365723,14.890085220336914,3.280074446373809,2.489198355187998,-11.756869316101074,20.13559341430664,8.926167118083328,5.9693229402908345,0.35095979138464434,22.269355906432825,11.085850603164374,3.06074974719914
2563,7099,20071023190000,fall_4,39.499794,-75.006409,720,1220,2102,2602,-6.4735870361328125,15.01556396484375,3.4241555286623035,2.3772101900617053,-10.730829238891602,21.29368782043457,8.761236044798503,6.340088258942379,0.6317367552638635,23.368018198391024,11.136049774699803,3.2125287471812336
2564,7100,20071023200000,fall_4,39.499794,-75.006409,720,1220,2102,2602,-5.162112236022949,17.280908584594727,3.5837995361106314,2.2645380951539966,-10.563482284545898,21.105499267578125,8.615176433229385,6.652748291894955,0.1464920102007023,23.487046381925456,11.16753924333065,3.4260974824255293
2565,7101,20071023210000,fall_4,39.499794,-75.006409,720,1220,2102,2602,-4.468765735626221,17.661052703857422,3.6684420956962804,2.1554790808334214,-9.782350540161133,21.60643196105957,8.390931062964505,6.911854420130693,0.23499297830765808,24.39344831399868,11.079169191203848,3.6792693756463843
2566,7102,20071023220000,fall_4,39.499794,-75.006409,720,1220,2102,2602,-5.593605041503906,22.686195373535156,3.6933369528383633,2.1343115079536634,-10.395736694335938,20.899173736572266,8.146167388533772,7.137716355144649,0.198371880802035,24.3476626158672,10.939108091646133,3.9798210396922964
2567,7103,20071023230000,fall_4,39.499794,-75.006409,720,1220,2102,2602,-4.859205722808838,21.011871337890625,3.856407167277652,2.1869606395213887,-9.796064376831055,19.829927444458008,8.111298895829503,7.38342815060479,0.16785429771876428,23.032318288988108,11.056670497116139,4.208668629088775
2568,7104,20071024000000,fall_4,39.499794,-75.006409,720,1220,2102,2602,-5.635240077972412,18.142541885375977,4.130176962054895,2.1557598516403864,-10.12906551361084,20.27564811706543,7.918756534258003,7.56668289500504,0.09765625078922113,23.29172586937768,11.02855023292732,4.4763977837149405
2569,7105,20071024010000,fall_4,39.499794,-75.006409,720,1220,2102,2602,-5.760165691375732,16.36054039001465,4.3731245475800895,2.2420359076399587,-11.96961498260498,19.417255401611328,7.598697209076766,7.727753828279333,0.057983399788105364,22.434159036612247,10.94464056567129,4.671634051782502
2570,7106,20071024020000,fall_4,39.499794,-75.006409,720,1220,2102,2602,-5.202611923217773,18.372417449951172,4.5881141049733145,2.3674688610747374,-12.252049446105957,18.980913162231445,7.186442977339294,7.817298732874924,0.07324218403458115,22.046569325649326,10.737227923476519,4.911492493457249
2571,7107,20071024030000,fall_4,39.499794,-75.006409,720,1220,2102,2602,-5.792173385620117,17.995649337768555,4.710365517650367,2.55760898885459,-11.074790954589844,19.25930404663086,6.688733061879076,7.772305627735591,0.03967285205936877,20.862450572095533,10.400364051662315,5.0704259571198
2572,7108,20071024040000,fall_4,39.499794,-75.006409,720,1220,2102,2602,-5.172446250915527,17.58024787902832,4.730501478350244,2.7874637054269273,-10.73952865600586,19.03692626953125,6.165013695274108,7.625167940656665,0.06408691373206664,21.7200248334434,9.976901476206205,5.172969656392372
2573,7109,20071024050000,fall_4,39.499794,-75.006409,720,1220,2102,2602,-6.038599014282227,15.342561721801758,4.653240521945953,3.0142796306481823,-10.99777889251709,18.933744430541992,5.645578780046631,7.40676361234744,0.06103515608841431,21.970276221707117,9.512154741148159,5.195204346142692
2574,7110,20071024060000,fall_4,39.499794,-75.006409,720,1220,2102,2602,-6.456550598144531,16.145963668823242,4.535825844793293,3.2714964486719187,-10.044114112854004,19.04261016845703,5.117024704053715,7.139369001217156,0.009155273438649752,22.000793287034714,9.046653071952662,5.156452740124134
2575,7111,20071024070000,fall_4,39.499794,-75.006409,720,1220,2102,2602,-5.880157947540283,15.855091094970703,4.344752857850941,3.539969526256791,-10.809961318969727,18.09417152404785,4.568935572465317,6.878603938569095,0.03356933623525668,23.078093755177775,8.5817470640501,5.094334439388066
2576,7112,20071024080000,fall_4,39.499794,-75.006409,720,1220,2102,2602,-5.78018045425415,18.69671630859375,4.0462418065236925,3.74622503857155,-11.472199440002441,16.465192794799805,4.082891042329698,6.611608049490555,0.015258788945762979,23.410750365910644,8.108670423715157,5.00390837442813
2577,7113,20071024090000,fall_4,39.499794,-75.006409,720,1220,2102,2602,-6.816302299499512,17.45326805114746,3.6986456669979297,3.807383355522695,-11.110321998596191,16.04267120361328,3.668133009928265,6.46445012879095,0.03356933563115309,21.88177523194252,7.72521427642456,4.872527826025283
2578,7114,20071024100000,fall_4,39.499794,-75.006409,720,1220,2102,2602,-6.223278999328613,17.3323917388916,3.302104099017404,3.7472577324197633,-10.327229499816895,16.266597747802734,3.286508815671659,6.378048169645766,0.024414063462592832,20.6701883556053,7.405686135644958,4.6456736329678305
2579,7115,20071024110000,fall_4,39.499794,-75.006409,720,1220,2102,2602,-8.699089050292969,17.225860595703125,2.8885821334981023,3.618942528561906,-10.401451110839844,15.359478950500488,2.9624244733241434,6.3774171456210995,0.03662109247300443,20.37721258406374,7.187297071832843,4.385295973777977
2580,7116,20071024120000,fall_4,39.499794,-75.006409,720,1220,2102,2602,-7.568121910095215,17.14578628540039,2.483836653316925,3.483607474996053,-11.919861793518066,15.253843307495117,2.7555749821653945,6.425653831641894,0.03356933726375848,19.525741181071524,7.028127806533852,4.218128227266763
2581,7117,20071024130000,fall_4,39.499794,-75.006409,720,1220,2102,2602,-8.046310424804688,15.300004959106445,2.145693867482897,3.3151744235467757,-13.201422691345215,17.369680404663086,2.6607183249190007,6.452998972878568,0.027465820104084947,18.93673589955841,6.831781778006975,4.200209413554983
2582,7118,20071024140000,fall_4,39.499794,-75.006409,720,1220,2102,2602,-9.950722694396973,14.970274925231934,1.883409821057903,3.211706352799062,-19.857208251953125,15.990643501281738,2.5949024786699275,6.42335008531814,0.01831054589935972,19.88586381234822,6.603110850974182,4.272489032493604
2583,7119,20071024150000,fall_4,39.499794,-75.006409,720,1220,2102,2602,-9.997686386108398,13.860930442810059,1.7986374016473579,3.127209166626908,-17.658889770507812,16.197553634643555,2.478673750803872,6.43193715068729,0.03051757759445837,18.713951980133185,6.5111948902194925,4.258228956894539
2584,7120,20071024160000,fall_4,39.499794,-75.006409,720,1220,2102,2602,-8.280190467834473,13.816694259643555,1.7143397389364812,3.0596917522021077,-17.319744110107422,16.12918472290039,2.282578661023143,6.476203686763047,0.01220703122864311,18.890961070418726,6.490454701771406,4.162457406322057
2585,7121,20071024170000,fall_4,39.499794,-75.006409,720,1220,2102,2602,-8.04145336151123,12.702360153198242,1.5289179444914287,3.033082528656265,-17.279722213745117,15.700166702270508,2.0191882583256557,6.5448200813858275,0.018310545876268642,17.90521210265649,6.494165410332355,4.034202083453674
2586,7122,20071024180000,fall_4,39.499794,-75.006409,720,1220,2102,2602,-9.065423011779785,12.502439498901367,1.3220824631453194,3.0013622744461075,-17.00051498413086,15.865331649780273,1.7295121617324372,6.601641583275791,0.02441406361224961,17.38334607646807,6.490883812517999,3.89838284238901
2587,7123,20071024190000,fall_4,39.499794,-75.006409,720,1220,2102,2602,-9.21564769744873,14.355981826782227,1.049853243417962,3.0833348986121383,-13.302715301513672,15.669011116027832,1.375727084370316,6.64695241506312,0.024414062525180497,17.053741904209907,6.530066616073728,3.747262646004098
2588,7124,20071024200000,fall_4,39.499794,-75.006409,720,1220,2102,2602,-10.831405639648438,13.538846969604492,0.7395346596591863,3.2342762412079393,-13.246025085449219,26.442201614379883,1.0217775110403675,6.777189688954473,0.027465821448805355,27.8481372682087,6.6665541323438555,3.67951622906424
2589,7125,20071024210000,fall_4,39.499794,-75.006409,720,1220,2102,2602,-11.776145935058594,18.285768508911133,0.36723924688748444,3.334971300906957,-12.403643608093262,31.364656448364258,0.6441942031812067,6.879187076289293,0.03356933479126587,31.37303121345968,6.809256441511414,3.553748156251475
2590,7126,20071024220000,fall_4,39.499794,-75.006409,720,1220,2102,2602,-12.271941184997559,16.334754943847656,-0.06750940407730634,3.481326811562352,-16.041522979736328,23.787872314453125,0.14257037506282494,6.973772477826436,0.04882812736110987,25.35477421437043,7.025085164233768,3.380266440406644
2591,7127,20071024230000,fall_4,39.499794,-75.006409,720,1220,2102,2602,-15.046574592590332,16.738431930541992,-0.5068225462760826,3.5972297980959618,-16.391298294067383,20.869386672973633,-0.3708547161830815,7.009820913116924,0.033569337120536495,21.729180726317715,7.216186116823625,3.2247033500109543
2592,7128,20071025000000,fall_4,39.499794,-75.006409,720,1220,2102,2602,-16.661102294921875,15.5343017578125,-1.0017257575943321,3.640896346049291,-16.98366928100586,19.677993774414062,-0.7501852518002663,6.987071364762766,0.048828126432619155,20.563369178904594,7.354918025097077,3.0897743782534652
2593,7129,20071025010000,fall_4,39.499794,-75.006409,720,1220,2102,2602,-18.741910934448242,19.309537887573242,-1.4682673485394149,3.580789349502582,-15.662873268127441,17.944753646850586,-1.0288295764873019,6.951490833105502,0.030517577863390134,20.770896664579368,7.426789477366142,3.033541582274176
2594,7130,20071025020000,fall_4,39.499794,-75.006409,720,1220,2102,2602,-19.86707878112793,18.831022262573242,-1.8704975616974917,3.483397211865221,-16.78348159790039,20.193445205688477,-1.3068220670190742,6.936333950668266,0.08544922149209255,21.527755109803838,7.525769285097137,2.9691962753372234
2595,7131,20071025030000,fall_4,39.499794,-75.006409,720,1220,2102,2602,-19.285579681396484,13.935418128967285,-2.234833021124291,3.392850241365019,-17.309844970703125,18.607637405395508,-1.51355218506125,6.899398645541924,0.07324218975284975,20.83803546894415,7.596571289980953,2.9479752230784992
2596,7132,20071025040000,fall_4,39.499794,-75.006409,720,1220,2102,2602,-20.16334342956543,19.152820587158203,-2.556150858527163,3.314447258195537,-18.98356819152832,16.6679630279541,-1.7044163876078957,6.816810355050821,0.061035155458830696,21.185950999983607,7.6560811297052735,2.877121515222173
2597,7133,20071025050000,fall_4,39.499794,-75.006409,720,1220,2102,2602,-20.916580200195312,14.619474411010742,-2.857822090535574,3.2714566785096015,-17.786853790283203,19.9051570892334,-1.9365034184809267,6.7439244893356305,0.08544922228112131,21.927550719641108,7.763175740875468,2.7987928334283634
2598,7134,20071025060000,fall_4,39.499794,-75.006409,720,1220,2102,2602,-19.563753128051758,9.83327865600586,-3.1313709469438766,3.2728702287046985,-19.05080223083496,20.933467864990234,-2.1699436295455485,6.6733422655224395,0.09155273536601605,22.452469447599835,7.887579964237291,2.7468888214271936
2599,7135,20071025070000,fall_4,39.499794,-75.006409,720,1220,2102,2602,-20.70111656188965,11.147357940673828,-3.38153624465188,3.304732018112032,-17.259050369262695,18.29405975341797,-2.4058977221255313,6.587189647234858,0.0427246092728512,22.333443373743723,7.999889337159205,2.745400330844762
2600,7136,20071025080000,fall_4,39.499794,-75.006409,720,1220,2102,2602,-21.032024383544922,11.571023941040039,-3.6269962223503143,3.2976279959723165,-17.84610366821289,19.059600830078125,-2.603834885599698,6.509539683722805,0.07019042685697567,22.66915099711028,8.120187049418465,2.6918538750549716
2601,7137,20071025090000,fall_4,39.499794,-75.006409,720,1220,2102,2602,-20.871124267578125,12.831514358520508,-3.8987229324450614,3.293319303026492,-17.47552490234375,16.011322021484375,-2.7487050512947246,6.436730566273184,0.09460449657681641,21.704764807397165,8.239110120418369,2.6739365738715937
2602,7138,20071025100000,fall_4,39.499794,-75.006409,720,1220,2102,2602,-21.13814353942871,19.18617820739746,-4.183764980800327,3.364433469167495,-17.17168617248535,17.121232986450195,-2.8581284318040154,6.403404780704534,0.09460449394036069,23.197121929657527,8.416330569087782,2.676036743600558
2603,7139,20071025110000,fall_4,39.499794,-75.006409,720,1220,2102,2602,-21.342618942260742,22.411672592163086,-4.4321260283427515,3.5178435238223282,-15.987085342407227,17.107572555541992,-2.9948527471368327,6.368699853931872,0.12512970182129832,22.672204065901397,8.631095315025778,2.6556804511569054
2604,7140,20071025120000,fall_4,39.499794,-75.006409,720,1220,2102,2602,-23.082653045654297,17.923795700073242,-4.696056836092259,3.6710251379590195,-15.93816089630127,16.17027473449707,-3.0857929263464525,6.301355008783364,0.10986327879762438,23.12692901302501,8.810224078619685,2.6718008883251
2605,7141,20071025130000,fall_4,39.499794,-75.006409,720,1220,2102,2602,-23.00270652770996,18.313669204711914,-4.839401911700418,3.701224149346544,-16.506582260131836,15.207708358764648,-3.0813065381954385,6.161882397731967,0.09765624964255522,23.035369619557187,8.76473533769847,2.7859522954602776
2606,7142,20071025140000,fall_4,39.499794,-75.006409,720,1220,2102,2602,-23.455646514892578,12.07978630065918,-4.767469004569227,3.603662180735106,-16.145339965820312,17.624652862548828,-3.026346375150801,6.024175637576078,0.015258789376004014,23.46263090682408,8.460883202719376,3.0948443817231635
2607,7143,20071025150000,fall_4,39.499794,-75.006409,720,1220,2102,2602,-23.237173080444336,15.297992706298828,-4.978895548325373,3.5766366493764448,-17.486154556274414,13.975605010986328,-3.123494171270712,5.891767849212696,0.07629394190701581,23.24289797713668,8.494846522059131,3.144591769440889
2608,7144,20071025160000,fall_4,39.499794,-75.006409,720,1220,2102,2602,-23.33347511291504,13.05555534362793,-5.216848939001463,3.5569440776445918,-16.50895118713379,15.172490119934082,-3.2045745672908073,5.779761132081642,0.088500978445145,23.34665634742262,8.563317391039357,3.1956057618897953
2609,7145,20071025170000,fall_4,39.499794,-75.006409,720,1220,2102,2602,-22.11653709411621,15.723368644714355,-5.463920288643665,3.565694395493886,-16.156599044799805,11.766999244689941,-3.2307659594518254,5.679866346069354,0.04882812518038989,22.214423386429694,8.635707295154475,3.269845768394606
2610,7146,20071025180000,fall_4,39.499794,-75.006409,720,1220,2102,2602,-21.07011604309082,12.210847854614258,-5.694809047069533,3.6312989044934243,-15.872124671936035,12.26357650756836,-3.216301942237147,5.577221571002339,0.06103515597503838,21.933655117837393,8.719790729655132,3.321510211195023
2611,7147,20071025190000,fall_4,39.499794,-75.006409,720,1220,2102,2602,-21.70625114440918,16.09345817565918,-5.89650843688248,3.7468600818276854,-15.85708236694336,13.34365177154541,-3.180582182854629,5.45307768815448,0.033569337334785704,21.912291300280863,8.78063649728718,3.400052090258157
2612,7148,20071025200000,fall_4,39.499794,-75.006409,720,1220,2102,2602,-22.336933135986328,11.097525596618652,-6.122202598980553,3.8305765140784507,-15.905308723449707,15.092243194580078,-3.0867325410248836,5.313938245141881,0.051879882931916955,23.010956669062438,8.829130540957681,3.4593341031050313
2613,7149,20071025210000,fall_4,39.499794,-75.006409,720,1220,2102,2602,-23.22026824951172,10.92396354675293,-6.316713297797561,3.872646569905941,-15.475057601928711,14.36047077178955,-2.959630940176852,5.137309322760104,0.0671386731542411,23.966186178747247,8.809498866654934,3.5273716050555555
2614,7150,20071025220000,fall_4,39.499794,-75.006409,720,1220,2102,2602,-24.169017791748047,9.472433090209961,-6.749084679679001,3.901988020576206,-15.467658042907715,14.32712173461914,-2.9606826947647695,4.965977626431882,0.048828125207246845,25.138099430705108,9.073950376678306,3.4446559905278247
2615,7151,20071025230000,fall_4,39.499794,-75.006409,720,1220,2102,2602,-24.524099349975586,11.553528785705566,-7.30884400183552,3.984090688291761,-14.643573760986328,14.74525260925293,-2.796605874388922,4.768186594468839,0.06103516000577508,26.126899837138602,9.384451623242494,3.432324985059027
2616,7152,20071026000000,fall_4,39.499794,-75.006409,720,1220,2102,2602,-24.674453735351562,11.84743595123291,-7.622414885546678,3.9951394484867127,-14.278240203857422,14.580240249633789,-2.4868155269558354,4.5715906028318445,0.07934570367715861,26.935638599988284,9.437663563515477,3.4751325826736013
2617,7153,20071026010000,fall_4,39.499794,-75.006409,720,1220,2102,2602,-24.922197341918945,9.927438735961914,-7.794391992991675,3.9480498540819053,-15.17232894897461,16.09270477294922,-2.174050276044416,4.441824050162654,0.027465819354653715,27.39341726251579,9.402223544196772,3.5205300894968867
2618,7154,20071026020000,fall_4,39.499794,-75.006409,720,1220,2102,2602,-25.275583267211914,8.954719543457031,-7.879407243100192,3.8359692893290886,-14.347335815429688,16.969358444213867,-1.8922696772895455,4.383014244812657,0.12207793919403574,27.130957959338048,9.340371760009596,3.51406782489056
2619,7155,20071026030000,fall_4,39.499794,-75.006409,720,1220,2102,2602,-24.930530548095703,6.647747039794922,-7.8736783592735975,3.710345075118639,-14.145040512084961,16.590667724609375,-1.607448492457017,4.390786909941901,0.07019043023282522,26.77388740832483,9.242070273839182,3.494067669577698
2620,7156,20071026040000,fall_4,39.499794,-75.006409,720,1220,2102,2602,-24.771446228027344,4.410584449768066,-7.832095494791443,3.6217457061035225,-13.884716033935547,17.37662696838379,-1.3764116936251138,4.444708116902673,0.061035155164964855,26.676231394707344,9.179670821118881,3.4412708132198446
2621,7157,20071026050000,fall_4,39.499794,-75.006409,720,1220,2102,2602,-24.4862060546875,4.416216850280762,-7.783523682658555,3.5705781501651126,-14.16252326965332,15.846052169799805,-1.1679657376798915,4.468662943074709,0.05798339870769295,26.32221345008121,9.124946426516656,3.376494398240175
2622,7158,20071026060000,fall_4,39.499794,-75.006409,720,1220,2102,2602,-24.183897018432617,4.622584819793701,-7.70652136532397,3.5142288726241864,-13.811153411865234,16.472999572753906,-0.9734506527106992,4.4668342869194015,0.04272461024351112,26.21845119557123,9.032903431991144,3.3237247827948253
2623,7159,20071026070000,fall_4,39.499794,-75.006409,720,1220,2102,2602,-23.179214477539062,4.806230068206787,-7.629757294562557,3.4652852701815826,-14.26717758178711,16.973737716674805,-0.8034168117086011,4.451209301728515,0.10070800756696498,25.714897393350714,8.95027908366939,3.2515604750994034
2624,7160,20071026080000,fall_4,39.499794,-75.006409,720,1220,2102,2602,-22.676952362060547,4.725532054901123,-7.560304812570158,3.4345360225522685,-14.11364459991455,17.25998878479004,-0.6474925265740503,4.4052560879111535,0.11291503313135576,25.348670917971546,8.869060668281763,3.1811220007358463
2625,7161,20071026090000,fall_4,39.499794,-75.006409,720,1220,2102,2602,-21.654245376586914,3.8786518573760986,-7.516428215477008,3.433352403089627,-14.364958763122559,17.711950302124023,-0.47385980541644657,4.335398099223468,0.05187988116155978,24.549088652189152,8.806624758649066,3.1222078720849487
2626,7162,20071026100000,fall_4,39.499794,-75.006409,720,1220,2102,2602,-21.001327514648438,6.021201133728027,-7.523053387545099,3.41840441552211,-14.259504318237305,17.374971389770508,-0.3316779565353519,4.270399313705821,0.05798339758228706,23.694572525223617,8.787639168902132,3.0668451904917697
2627,7163,20071026110000,fall_4,39.499794,-75.006409,720,1220,2102,2602,-21.089141845703125,6.277200698852539,-7.5127203179434945,3.4007802047205153,-13.791226387023926,17.176536560058594,-0.17133245945793102,4.221447648593394,0.03051757876678294,23.23679400259809,8.765145454138878,3.0047417203026026
2628,7164,20071026120000,fall_4,39.499794,-75.006409,720,1220,2102,2602,-20.56920623779297,7.5630974769592285,-7.483466506752584,3.3758762497690853,-13.559536933898926,17.2038516998291,0.011289072187596116,4.170404035576271,0.08544921835390532,22.55317717872392,8.728213731791188,2.934193880219266
2629,7165,20071026130000,fall_4,39.499794,-75.006409,720,1220,2102,2602,-19.89005470275879,8.122888565063477,-7.325090517072567,3.364722902224882,-13.417082786560059,16.740060806274414,0.23625851529223585,4.065602345085767,0.042724609311407084,22.1320262124558,8.557631120850552,2.8862088292305192
2630,7166,20071026140000,fall_4,39.499794,-75.006409,720,1220,2102,2602,-20.84334945678711,7.894437313079834,-7.020575131857222,3.4232229058464116,-13.427452087402344,15.728717803955078,0.43772804596063386,3.9086398532884807,0.045776366440502037,22.901091664842994,8.227326647852411,2.9643039350978677
2631,7167,20071026150000,fall_4,39.499794,-75.006409,720,1220,2102,2602,-20.956804275512695,6.071289539337158,-6.81155393407995,3.4011245107868042,-12.786947250366211,15.054314613342285,0.6813497601857343,3.7884260682596915,0.042724607314124134,23.306984300687905,8.016016157305284,2.919727636432927
2632,7168,20071026160000,fall_4,39.499794,-75.006409,720,1220,2102,2602,-19.441511154174805,4.592519283294678,-6.614364855800664,3.361895340684198,-11.70748519897461,15.404233932495117,0.9390678714871736,3.7516957931392327,0.05187987997407997,22.305977003640365,7.863082042008738,2.860275042635378
2633,7169,20071026170000,fall_4,39.499794,-75.006409,720,1220,2102,2602,-18.354949951171875,5.131502151489258,-6.418979740941047,3.381174103873456,-11.191885948181152,15.170188903808594,1.187875703602665,3.7581634105619175,0.07019043359309564,21.69255888818882,7.753230789892202,2.8386427146929805
2634,7170,20071026180000,fall_4,39.499794,-75.006409,720,1220,2102,2602,-18.66782569885254,6.8147969245910645,-6.248966574080803,3.3999917425287363,-10.974225044250488,15.11004638671875,1.403394751037166,3.7849382135926617,0.05493164090304491,21.222571893299563,7.680120746268521,2.814346553630396
2635,7171,20071026190000,fall_4,39.499794,-75.006409,720,1220,2102,2602,-18.7591552734375,9.315223693847656,-6.118767066907508,3.4679753791083177,-10.684001922607422,16.581777572631836,1.6193130114266072,3.8188902879551945,0.04272461045635297,21.32022909713341,7.669104370923851,2.8030518114127134
2636,7172,20071026200000,fall_4,39.499794,-75.006409,720,1220,2102,2602,-18.844194412231445,9.490849494934082,-6.031426650127225,3.554675890649525,-10.071202278137207,15.255043029785156,1.839130918184063,3.853668353563466,0.01831054657045935,21.808524778571375,7.702442991463119,2.8141361729965535
2637,7173,20071026210000,fall_4,39.499794,-75.006409,720,1220,2102,2602,-18.39401626586914,10.381149291992188,-5.986363575812513,3.638729350144128,-9.730546951293945,16.634347915649414,2.112108116681463,3.879251089076662,0.027465818754220307,23.175758479982882,7.793419212048843,2.801625749335066
2638,7174,20071026220000,fall_4,39.499794,-75.006409,720,1220,2102,2602,-16.9415225982666,8.590245246887207,-5.98123855660742,3.7220108061518755,-9.468653678894043,15.787552833557129,2.507591513958468,3.876314097919028,0.12207794364390136,22.464676897124953,7.955739122707074,2.765613911989335
2639,7175,20071026230000,fall_4,39.499794,-75.006409,720,1220,2102,2602,-16.21721076965332,8.55935001373291,-5.833750147045538,3.7768505256570704,-8.687999725341797,15.937512397766113,2.968527255883232,3.7993844375702746,0.04272461025362466,20.874664785986674,7.980228573510208,2.8036884204943298
2640,7176,20071027000000,fall_4,39.499794,-75.006409,720,1220,2102,2602,-16.47202491760254,8.783525466918945,-5.594450371056828,3.7845019990151934,-7.131314277648926,16.90536117553711,3.4068955130656455,3.700413485758648,0.06103515563270329,20.04455556442255,7.904363512918297,2.9054026903245425
2641,7177,20071027010000,fall_4,39.499794,-75.006409,720,1220,2102,2602,-16.7414608001709,6.218747615814209,-5.320369317231699,3.7886486869414973,-6.803814888000488,18.731454849243164,3.82190264775465,3.649174038576282,0.04882812288390421,20.065918075297134,7.857546145725439,2.9736455951125804
2642,7178,20071027020000,fall_4,39.499794,-75.006409,720,1220,2102,2602,-16.56382179260254,7.0652265548706055,-4.991711972966815,3.781896148111985,-6.76702356338501,20.464092254638672,4.245006296802249,3.5931372306607505,0.0640869139210617,20.947906381778214,7.813372072558067,3.016928466202889
2643,7179,20071027030000,fall_4,39.499794,-75.006409,720,1220,2102,2602,-16.328523635864258,6.9818620681762695,-4.560744398691694,3.781741207564234,-6.852716445922852,21.248525619506836,4.673754419358805,3.5574525284427287,0.06713867399654766,21.47587629600351,7.7688056072453975,3.040898606106268
2644,7180,20071027040000,fall_4,39.499794,-75.006409,720,1220,2102,2602,-15.957042694091797,8.320944786071777,-4.062304576662088,3.793801935326965,-6.617893695831299,19.372121810913086,5.077359241662739,3.5240231151147334,0.03967285104848691,19.47996393615543,7.740044117989381,3.030723417667689
2645,7181,20071027050000,fall_4,39.499794,-75.006409,720,1220,2102,2602,-15.112998962402344,10.204169273376465,-3.5524178408213425,3.857565176949578,-6.468894958496094,19.37528419494629,5.438691503591903,3.484944230612303,0.051879881018746646,19.39756869966068,7.754204401731171,3.01612288676928
2646,7182,20071027060000,fall_4,39.499794,-75.006409,720,1220,2102,2602,-15.151008605957031,11.011771202087402,-2.990547977098702,3.9462094579821563,-6.042317867279053,18.80911636352539,5.750113981420424,3.502677290450054,0.08850097877783031,18.832969353749878,7.802252837753517,2.995556032813494
2647,7183,20071027070000,fall_4,39.499794,-75.006409,720,1220,2102,2602,-13.700294494628906,12.124604225158691,-2.3978275859016307,4.0485939321718165,-6.195124626159668,19.227859497070312,6.004319788785794,3.581566562943006,0.01831054761674076,19.321265834231177,7.882156260490804,2.9819084183339672
2648,7184,20071027080000,fall_4,39.499794,-75.006409,720,1220,2102,2602,-12.682791709899902,13.3428316116333,-1.764864672855591,4.141809355629722,-7.897409439086914,18.135669708251953,6.250957988568196,3.6651350389341304,0.13733673122155765,18.478958556906186,7.99840518207502,2.9669070129847834
2649,7185,20071027090000,fall_4,39.499794,-75.006409,720,1220,2102,2602,-12.262967109680176,16.99654197692871,-1.1293445270990432,4.229408040744058,-8.769488334655762,18.059473037719727,6.447545945117119,3.7835730617780787,0.09460449343258188,18.28974225858036,8.140782946526736,2.96264042397107
2650,7186,20071027100000,fall_4,39.499794,-75.006409,720,1220,2102,2602,-11.858074188232422,18.196561813354492,-0.4830257627711474,4.25437995450147,-9.730392456054688,18.304645538330078,6.62286800660184,3.9650591734037013,0.13428497091585428,18.909272571178466,8.310705406227545,2.9747795241207275
2651,7187,20071027110000,fall_4,39.499794,-75.006409,720,1220,2102,2602,-11.972269058227539,18.578887939453125,0.20168443575694098,4.280183213269456,-13.212928771972656,19.029054641723633,6.753395060552585,4.188843463615517,0.14344024669917974,19.394516311038767,8.523789725967301,2.9766437584711105
2652,7188,20071027120000,fall_4,39.499794,-75.006409,720,1220,2102,2602,-10.365209579467773,19.054338455200195,0.8527788490327005,4.259062410099311,-14.559426307678223,18.923736572265625,6.853290957560909,4.436434124697896,0.08850097678830952,19.15952179552994,8.759742701912614,2.963662745073618
2653,7189,20071027130000,fall_4,39.499794,-75.006409,720,1220,2102,2602,-9.908939361572266,20.495824813842773,1.440838452591287,4.1723307491113175,-15.176346778869629,18.437973022460938,6.899780511616975,4.676358196857864,0.09460449058744239,21.420944446219785,8.945671681671541,2.9890825656034417
2654,7190,20071027140000,fall_4,39.499794,-75.006409,720,1220,2102,2602,-8.81248664855957,21.78076934814453,1.9935463550476278,4.0442290477425535,-15.319925308227539,18.818368911743164,6.8457376708839135,4.956356289099265,0.18921662316729823,22.14423260962306,9.063359494535248,3.1008260602941022
2655,7191,20071027150000,fall_4,39.499794,-75.006409,720,1220,2102,2602,-9.159366607666016,22.244029998779297,2.685952704873822,4.063641495797302,-15.943902015686035,18.393245697021484,6.74507154858451,5.273730783684526,0.06408691074718233,22.901093036022733,9.341925712491724,3.1247679427081834
2656,7192,20071027160000,fall_4,39.499794,-75.006409,720,1220,2102,2602,-7.591830730438232,23.14177894592285,3.3876126202769736,4.126349682777984,-16.362167358398438,19.228944778442383,6.613675147378006,5.607917903024179,0.1922683721017613,23.456527126707396,9.686087365912702,3.1419475921206415
2657,7193,20071027170000,fall_4,39.499794,-75.006409,720,1220,2102,2602,-6.479032039642334,25.099103927612305,4.068317452818256,4.181303825687732,-15.726139068603516,19.141347885131836,6.435130986198871,5.875016103417855,0.13733673214958156,25.20523850473262,9.998202781340286,3.161830917011823
2658,7194,20071027180000,fall_4,39.499794,-75.006409,720,1220,2102,2602,-5.794588088989258,23.937082290649414,4.706703705695007,4.178750031973284,-15.123812675476074,19.292572021484375,6.253543519359649,6.0886747879738925,0.2685623289886398,24.02722131299441,10.277616212049129,3.1881630797339597
2659,7195,20071027190000,fall_4,39.499794,-75.006409,720,1220,2102,2602,-5.806904315948486,24.759225845336914,5.324937548159942,4.09607972411957,-15.18703556060791,20.40061378479004,6.029003474579642,6.255799988300007,0.1617507908792867,24.906157829597593,10.485066655388989,3.268045688221753
2660,7196,20071027200000,fall_4,39.499794,-75.006409,720,1220,2102,2602,-4.422914505004883,24.994449615478516,5.854161320636254,3.9550373434772,-16.618141174316406,21.208009719848633,5.62057787827142,6.375577083479335,0.6103668166317002,25.424972546543717,10.544727269970611,3.3107598510571354
2661,7197,20071027210000,fall_4,39.499794,-75.006409,720,1220,2102,2602,-3.5943596363067627,25.206050872802734,6.188404430253393,3.7543783222423195,-15.843751907348633,23.097612380981445,5.045464154998156,6.464515385306079,0.24109649518681384,27.2865975308506,10.41745085188207,3.3339303282694255
2662,7198,20071027220000,fall_4,39.499794,-75.006409,720,1220,2102,2602,-4.986109256744385,25.97765350341797,6.629052181757367,3.701440246794337,-15.217557907104492,19.211427688598633,4.406850542423055,6.50826940716125,0.06713867524611696,26.767783071288168,10.436410910223916,3.2410218174914642
2663,7199,20071027230000,fall_4,39.499794,-75.006409,720,1220,2102,2602,-3.9753479957580566,25.5481014251709,7.25328184316244,3.747223705491351,-16.194923400878906,19.95942497253418,3.3883517462987225,6.793566688604782,0.17090606400505068,26.38325427490534,10.719743188554704,3.061431834280723
2664,7200,20071028000000,fall_4,39.499794,-75.006409,720,1220,2102,2602,-3.4941155910491943,26.779033660888672,7.623476270339379,3.6586838066117062,-17.162965774536133,19.253135681152344,2.279946947353335,7.015415433145771,0.11596679573738536,28.205209201718088,10.819609135992716,2.975504590468472
2665,7201,20071028010000,fall_4,39.499794,-75.006409,720,1220,2102,2602,-3.98645281791687,26.394428253173828,7.863672736087534,3.582327443099696,-19.29343032836914,19.533735275268555,1.1927049811502626,7.100424466053401,0.21057891894339612,27.896972480761477,10.864477332240346,2.9106913057378088
2666,7202,20071028020000,fall_4,39.499794,-75.006409,720,1220,2102,2602,-4.522150993347168,24.557924270629883,8.02574202642965,3.5213785806855786,-22.206958770751953,18.718242645263672,0.01456402701181965,7.107942599958009,0.08544922100377718,26.54194630868621,10.899389065070979,2.922160212360381
2667,7203,20071028030000,fall_4,39.499794,-75.006409,720,1220,2102,2602,-5.235315799713135,24.596601486206055,8.006339690861816,3.5058666007716384,-22.516582489013672,19.898656845092773,-1.1582346582959977,6.986468838842745,0.09765624624726335,26.374099632815824,10.856924963708861,2.944827764075423
2668,7204,20071028040000,fall_4,39.499794,-75.006409,720,1220,2102,2602,-5.639665603637695,23.84869956970215,7.845317469344871,3.4970619287506417,-23.39815330505371,19.135576248168945,-2.293636619119847,6.669879214995718,0.12207794273552591,26.160468557776984,10.738451624509803,2.865687128698308
2669,7205,20071028050000,fall_4,39.499794,-75.006409,720,1220,2102,2602,-4.990333557128906,24.084299087524414,7.578200911882979,3.5419843046314305,-22.233760833740234,18.177942276000977,-3.368822300878878,6.1542365517303965,0.143440243332655,24.646751178121537,10.5669863604941,2.745391112720438
2670,7206,20071028060000,fall_4,39.499794,-75.006409,720,1220,2102,2602,-5.413566589355469,25.18584442138672,7.206949345879413,3.6058482861415304,-22.176963806152344,17.463237762451172,-4.316395744367767,5.550827156452255,0.1342849712660471,25.39750668776527,10.372831595784092,2.6056822072249637
2671,7207,20071028070000,fall_4,39.499794,-75.006409,720,1220,2102,2602,-4.589468955993652,23.886032104492188,6.792408489970719,3.722354977269595,-21.317289352416992,11.774937629699707,-5.112067760045506,4.9767952789789005,0.07019043036183308,26.20929546739188,10.229003710112552,2.502389018937103
2672,7208,20071028080000,fall_4,39.499794,-75.006409,720,1220,2102,2602,-5.133570671081543,23.337677001953125,6.381002463944899,3.850720448747192,-20.51608657836914,8.75113582611084,-5.733881623985299,4.5238312805176735,0.10986327849828333,24.719992415936176,10.14125440313109,2.4581797091977244
2673,7209,20071028090000,fall_4,39.499794,-75.006409,720,1220,2102,2602,-5.41847562789917,22.50583839416504,5.961578345975139,3.9075716850579227,-20.27077293395996,7.456775665283203,-6.347069226519854,4.146766786226624,0.19226836648057524,26.334420248485493,10.111236462750904,2.4603643203782335
2674,7210,20071028100000,fall_4,39.499794,-75.006409,720,1220,2102,2602,-5.644935131072998,20.421361923217773,5.59413821290946,3.944102399908412,-20.160247802734375,7.0036540031433105,-6.925508768771535,3.836593268806664,0.19226837586080794,26.39241144387194,10.176646493192301,2.443012864329219
2675,7211,20071028110000,fall_4,39.499794,-75.006409,720,1220,2102,2602,-5.913692951202393,19.51407814025879,5.215841032062825,3.95576570465115,-20.123363494873047,6.659818649291992,-7.461637869172328,3.620421590492327,0.0885009737818328,26.615189581545305,10.273668614767885,2.467449160438225
2676,7212,20071028120000,fall_4,39.499794,-75.006409,720,1220,2102,2602,-6.481896877288818,16.74113655090332,4.8586288706844005,4.012395811255846,-19.918495178222656,5.231327056884766,-7.908600115006095,3.432564425983781,0.11596679491492193,24.277473530691054,10.376245330595113,2.52340678570426
2677,7213,20071028130000,fall_4,39.499794,-75.006409,720,1220,2102,2602,-6.233015537261963,16.572914123535156,4.289969691438001,3.9391747795985914,-19.753503799438477,6.9555840492248535,-8.099328063833816,3.2232699721556792,0.18921662224444025,21.997741452142957,10.156118853076123,2.600533048988321
2678,7214,20071028140000,fall_4,39.499794,-75.006409,720,1220,2102,2602,-6.0718674659729,15.398606300354004,3.9112886254763772,3.7381469422338927,-18.70635414123535,6.384222030639648,-8.159527944599294,3.0930552714412367,0.0610351547298279,19.080170446928683,9.899023384731363,2.7250953181388597
2679,7215,20071028150000,fall_4,39.499794,-75.006409,720,1220,2102,2602,-5.89000940322876,13.818690299987793,3.781447301139054,3.599648970825629,-16.836116790771484,3.0047447681427,-8.353255355728068,2.8547938235467787,0.10375977184906855,17.859428525105756,9.953866228983902,2.470644918419504
2680,7216,20071028160000,fall_4,39.499794,-75.006409,720,1220,2102,2602,-6.717480182647705,14.197186470031738,3.774975119392748,3.463860608408806,-15.543512344360352,1.8874996900558472,-8.370708695830606,2.8304617183916885,0.4089507995061997,17.471848273455738,9.930249967187413,2.3914808519889674
2681,7217,20071028170000,fall_4,39.499794,-75.006409,720,1220,2102,2602,-7.398087978363037,14.103046417236328,3.821158101609407,3.389749541086078,-16.12547492980957,1.842708945274353,-8.387360718137016,2.8296131524877812,0.3295974799467086,16.464736802586664,9.950019994777383,2.3330845893791525
2682,7218,20071028180000,fall_4,39.499794,-75.006409,720,1220,2102,2602,-6.6483306884765625,14.395380020141602,3.9006165379734616,3.368798417568009,-16.24054527282715,1.2936242818832397,-8.44491418928253,2.8227117719163317,0.3112869066708553,16.41896028556597,10.028137835401058,2.2987694796083784
2683,7219,20071028190000,fall_4,39.499794,-75.006409,720,1220,2102,2602,-6.176780700683594,14.25256633758545,3.937429200078988,3.3702381258447964,-16.225933074951172,0.5552533268928528,-8.564192842228204,2.8211538232435203,2.2248001248707046,17.450485616750825,10.144133707416229,2.294060371888399
2684,7220,20071028200000,fall_4,39.499794,-75.006409,720,1220,2102,2602,-5.979755878448486,14.059001922607422,3.910888797940862,3.3665358053255683,-16.365156173706055,0.12607717514038086,-8.69913809233135,2.855111764765649,3.4455414262918977,16.834007394198373,10.247635141135254,2.3326498389860815
2685,7221,20071028210000,fall_4,39.499794,-75.006409,720,1220,2102,2602,-5.968362808227539,13.138750076293945,3.689987252474615,3.290735531730466,-17.093957901000977,-0.1446388214826584,-8.736528159462988,2.949775055169185,1.9898071113311502,17.102569422870967,10.179401081078723,2.4192637415007034
2686,7222,20071028220000,fall_4,39.499794,-75.006409,720,1220,2102,2602,-6.235556602478027,13.534626960754395,3.4437479966655915,3.3762446171510727,-18.158287048339844,0.8161075115203857,-8.845069808667976,3.1376588967830257,1.4465790046163927,18.247016144899938,10.2160100806389,2.6404032427710087
2687,7223,20071028230000,fall_4,39.499794,-75.006409,720,1220,2102,2602,-7.964636325836182,16.25056266784668,3.229884686354398,3.5874745424460777,-17.279603958129883,1.7074617147445679,-9.393901590627024,3.0304664082551427,0.5432281518073784,17.963195467592485,10.702451685504375,2.487723928662036
