method,field_kind,source_vtu,source_sha256,cell_index,pair_identifier,pair_type,is_finite,birth,death,persistence,birth_critical_type,death_critical_type,birth_vertex_id_raw,death_vertex_id_raw,birth_x_raw,birth_y_raw,death_x_raw,death_y_raw,coord_transform_to_canonical,birth_x_canonical,birth_y_canonical,death_x_canonical,death_y_canonical,pd_point0_x,pd_point0_y,pd_point1_x,pd_point1_y
pretrained_cnn,SR,/home/adadhwal/PhIRE/ttk_runs_fixed/cnn/pd/cnn_SR_s69_speed_p160_x0_y0_pd_port_0.vtu,7d082cd2ad67fcb13c0d7167ca3cc3201797e7359be0584ac3c93d4a832ac03d,0,0,0,0,0.06793790310621262,12.367745451629162,12.29980754852295,0,3,365,14713,45,2,153,91,identity,45,2,153,91,0.06793790310621262,0.06793790310621262,0.06793790310621262,12.367745399475098
pretrained_cnn,SR,/home/adadhwal/PhIRE/ttk_runs_fixed/cnn/pd/cnn_SR_s69_speed_p160_x0_y0_pd_port_0.vtu,7d082cd2ad67fcb13c0d7167ca3cc3201797e7359be0584ac3c93d4a832ac03d,1,1,0,1,0.1586475968360901,0.5649142861366272,0.4062666893005371,0,1,42,203,42,0,43,1,identity,42,0,43,1,0.1586475968360901,0.1586475968360901,0.1586475968360901,0.5649142861366272
pretrained_cnn,SR,/home/adadhwal/PhIRE/ttk_runs_fixed/cnn/pd/cnn_SR_s69_speed_p160_x0_y0_pd_port_0.vtu,7d082cd2ad67fcb13c0d7167ca3cc3201797e7359be0584ac3c93d4a832ac03d,2,2,0,1,0.17470698058605194,0.37786757946014404,0.2031605988740921,0,1,40,41,40,0,41,0,identity,40,0,41,0,0.17470698058605194,0.17470698058605194,0.17470698058605194,0.37786757946014404
pretrained_cnn,SR,/home/adadhwal/PhIRE/ttk_runs_fixed/cnn/pd/cnn_SR_s69_speed_p160_x0_y0_pd_port_0.vtu,7d082cd2ad67fcb13c0d7167ca3cc3201797e7359be0584ac3c93d4a832ac03d,3,3,0,1,0.19920550286769867,4.136289224028587,3.9370837211608887,0,1,10485,10654,85,65,94,66,identity,85,65,94,66,0.19920550286769867,0.19920550286769867,0.19920550286769867,4.136289119720459
pretrained_cnn,SR,/home/adadhwal/PhIRE/ttk_runs_fixed/cnn/pd/cnn_SR_s69_speed_p160_x0_y0_pd_port_0.vtu,7d082cd2ad67fcb13c0d7167ca3cc3201797e7359be0584ac3c93d4a832ac03d,4,4,0,1,0.2069220095872879,0.30115213990211487,0.09423013031482697,0,1,208,206,48,1,46,1,identity,48,1,46,1,0.2069220095872879,0.2069220095872879,0.2069220095872879,0.30115213990211487
pretrained_cnn,SR,/home/adadhwal/PhIRE/ttk_runs_fixed/cnn/pd/cnn_SR_s69_speed_p160_x0_y0_pd_port_0.vtu,7d082cd2ad67fcb13c0d7167ca3cc3201797e7359be0584ac3c93d4a832ac03d,5,5,0,1,0.22708077728748322,2.2009801417589188,1.9738993644714355,0,1,73,861,73,0,61,5,identity,73,0,61,5,0.22708077728748322,0.22708077728748322,0.22708077728748322,2.2009801864624023
pretrained_cnn,SR,/home/adadhwal/PhIRE/ttk_runs_fixed/cnn/pd/cnn_SR_s69_speed_p160_x0_y0_pd_port_0.vtu,7d082cd2ad67fcb13c0d7167ca3cc3201797e7359be0584ac3c93d4a832ac03d,6,6,0,1,0.27103957533836365,2.3138743340969086,2.042834758758545,0,1,6173,3461,93,38,101,21,identity,93,38,101,21,0.27103957533836365,0.27103957533836365,0.27103957533836365,2.3138742446899414
pretrained_cnn,SR,/home/adadhwal/PhIRE/ttk_runs_fixed/cnn/pd/cnn_SR_s69_speed_p160_x0_y0_pd_port_0.vtu,7d082cd2ad67fcb13c0d7167ca3cc3201797e7359be0584ac3c93d4a832ac03d,7,7,0,1,0.2946944832801819,0.6258481740951538,0.3311536908149719,0,1,6490,6172,90,40,92,38,identity,90,40,92,38,0.2946944832801819,0.2946944832801819,0.2946944832801819,0.6258481740951538
pretrained_cnn,SR,/home/adadhwal/PhIRE/ttk_runs_fixed/cnn/pd/cnn_SR_s69_speed_p160_x0_y0_pd_port_0.vtu,7d082cd2ad67fcb13c0d7167ca3cc3201797e7359be0584ac3c93d4a832ac03d,8,8,0,1,0.312212198972702,1.0836938321590424,0.7714816331863403,0,1,1494,846,54,9,46,5,identity,54,9,46,5,0.312212198972702,0.312212198972702,0.312212198972702,1.0836938619613647
pretrained_cnn,SR,/home/adadhwal/PhIRE/ttk_runs_fixed/cnn/pd/cnn_SR_s69_speed_p160_x0_y0_pd_port_0.vtu,7d082cd2ad67fcb13c0d7167ca3cc3201797e7359be0584ac3c93d4a832ac03d,9,9,0,1,0.3515321910381317,0.7835983633995056,0.4320661723613739,0,1,371,369,51,2,49,2,identity,51,2,49,2,0.3515321910381317,0.3515321910381317,0.3515321910381317,0.7835983633995056
pretrained_cnn,SR,/home/adadhwal/PhIRE/ttk_runs_fixed/cnn/pd/cnn_SR_s69_speed_p160_x0_y0_pd_port_0.vtu,7d082cd2ad67fcb13c0d7167ca3cc3201797e7359be0584ac3c93d4a832ac03d,10,10,0,1,0.3659399449825287,0.6052968502044678,0.2393569052219391,0,1,10961,10803,81,68,83,67,identity,81,68,83,67,0.3659399449825287,0.3659399449825287,0.3659399449825287,0.6052968502044678
pretrained_cnn,SR,/home/adadhwal/PhIRE/ttk_runs_fixed/cnn/pd/cnn_SR_s69_speed_p160_x0_y0_pd_port_0.vtu,7d082cd2ad67fcb13c0d7167ca3cc3201797e7359be0584ac3c93d4a832ac03d,11,11,0,1,0.37064847350120544,0.744917631149292,0.37426915764808655,0,1,6335,6174,95,39,94,38,identity,95,39,94,38,0.37064847350120544,0.37064847350120544,0.37064847350120544,0.744917631149292
pretrained_cnn,SR,/home/adadhwal/PhIRE/ttk_runs_fixed/cnn/pd/cnn_SR_s69_speed_p160_x0_y0_pd_port_0.vtu,7d082cd2ad67fcb13c0d7167ca3cc3201797e7359be0584ac3c93d4a832ac03d,12,12,0,1,0.39216122031211853,0.5860154032707214,0.1938541829586029,0,1,5852,5853,92,36,93,36,identity,92,36,93,36,0.39216122031211853,0.39216122031211853,0.39216122031211853,0.5860154032707214
pretrained_cnn,SR,/home/adadhwal/PhIRE/ttk_runs_fixed/cnn/pd/cnn_SR_s69_speed_p160_x0_y0_pd_port_0.vtu,7d082cd2ad67fcb13c0d7167ca3cc3201797e7359be0584ac3c93d4a832ac03d,13,13,0,1,0.3961888551712036,0.6273245811462402,0.23113572597503662,0,1,6018,6336,98,37,96,39,identity,98,37,96,39,0.3961888551712036,0.3961888551712036,0.3961888551712036,0.6273245811462402
pretrained_cnn,SR,/home/adadhwal/PhIRE/ttk_runs_fixed/cnn/pd/cnn_SR_s69_speed_p160_x0_y0_pd_port_0.vtu,7d082cd2ad67fcb13c0d7167ca3cc3201797e7359be0584ac3c93d4a832ac03d,14,14,0,1,0.4182932674884796,1.6443897783756256,1.226096510887146,0,1,2171,1526,91,13,86,9,identity,91,13,86,9,0.4182932674884796,0.4182932674884796,0.4182932674884796,1.6443897485733032
pretrained_cnn,SR,/home/adadhwal/PhIRE/ttk_runs_fixed/cnn/pd/cnn_SR_s69_speed_p160_x0_y0_pd_port_0.vtu,7d082cd2ad67fcb13c0d7167ca3cc3201797e7359be0584ac3c93d4a832ac03d,15,15,0,1,0.41892552375793457,0.5356847047805786,0.11675918102264404,0,1,10323,10483,83,64,83,65,identity,83,64,83,65,0.41892552375793457,0.41892552375793457,0.41892552375793457,0.5356847047805786
pretrained_cnn,SR,/home/adadhwal/PhIRE/ttk_runs_fixed/cnn/pd/cnn_SR_s69_speed_p160_x0_y0_pd_port_0.vtu,7d082cd2ad67fcb13c0d7167ca3cc3201797e7359be0584ac3c93d4a832ac03d,16,16,0,1,0.42600470781326294,0.5484899282455444,0.1224852204322815,0,1,1331,1332,51,8,52,8,identity,51,8,52,8,0.42600470781326294,0.42600470781326294,0.42600470781326294,0.5484899282455444
pretrained_cnn,SR,/home/adadhwal/PhIRE/ttk_runs_fixed/cnn/pd/cnn_SR_s69_speed_p160_x0_y0_pd_port_0.vtu,7d082cd2ad67fcb13c0d7167ca3cc3201797e7359be0584ac3c93d4a832ac03d,17,17,0,1,0.45061638951301575,0.6417228579521179,0.19110646843910217,0,1,6811,6652,91,42,92,41,identity,91,42,92,41,0.45061638951301575,0.45061638951301575,0.45061638951301575,0.6417228579521179
pretrained_cnn,SR,/home/adadhwal/PhIRE/ttk_runs_fixed/cnn/pd/cnn_SR_s69_speed_p160_x0_y0_pd_port_0.vtu,7d082cd2ad67fcb13c0d7167ca3cc3201797e7359be0584ac3c93d4a832ac03d,18,18,0,1,0.47065725922584534,2.9488774836063385,2.478220224380493,0,1,5202,4085,82,32,85,25,identity,82,32,85,25,0.47065725922584534,0.47065725922584534,0.47065725922584534,2.9488775730133057
pretrained_cnn,SR,/home/adadhwal/PhIRE/ttk_runs_fixed/cnn/pd/cnn_SR_s69_speed_p160_x0_y0_pd_port_0.vtu,7d082cd2ad67fcb13c0d7167ca3cc3201797e7359be0584ac3c93d4a832ac03d,19,19,0,1,0.49171602725982666,0.7182936668395996,0.22657763957977295,0,1,1035,392,75,6,72,2,identity,75,6,72,2,0.49171602725982666,0.49171602725982666,0.49171602725982666,0.7182936668395996
pretrained_cnn,SR,/home/adadhwal/PhIRE/ttk_runs_fixed/cnn/pd/cnn_SR_s69_speed_p160_x0_y0_pd_port_0.vtu,7d082cd2ad67fcb13c0d7167ca3cc3201797e7359be0584ac3c93d4a832ac03d,20,20,0,1,0.4927634596824646,1.6211175322532654,1.1283540725708008,0,1,8095,7294,95,50,94,45,identity,95,50,94,45,0.4927634596824646,0.4927634596824646,0.4927634596824646,1.6211175918579102
pretrained_cnn,SR,/home/adadhwal/PhIRE/ttk_runs_fixed/cnn/pd/cnn_SR_s69_speed_p160_x0_y0_pd_port_0.vtu,7d082cd2ad67fcb13c0d7167ca3cc3201797e7359be0584ac3c93d4a832ac03d,21,21,0,1,0.5057078003883362,0.6641256213188171,0.15841782093048096,0,1,7617,7937,97,47,97,49,identity,97,47,97,49,0.5057078003883362,0.5057078003883362,0.5057078003883362,0.6641256213188171
pretrained_cnn,SR,/home/adadhwal/PhIRE/ttk_runs_fixed/cnn/pd/cnn_SR_s69_speed_p160_x0_y0_pd_port_0.vtu,7d082cd2ad67fcb13c0d7167ca3cc3201797e7359be0584ac3c93d4a832ac03d,22,22,0,1,0.5069953799247742,0.9289391040802002,0.421943724155426,0,1,5850,6010,90,36,90,37,identity,90,36,90,37,0.5069953799247742,0.5069953799247742,0.5069953799247742,0.9289391040802002
pretrained_cnn,SR,/home/adadhwal/PhIRE/ttk_runs_fixed/cnn/pd/cnn_SR_s69_speed_p160_x0_y0_pd_port_0.vtu,7d082cd2ad67fcb13c0d7167ca3cc3201797e7359be0584ac3c93d4a832ac03d,23,23,0,1,0.5076776146888733,0.5317670106887817,0.024089395999908447,0,1,6179,6019,99,38,99,37,identity,99,38,99,37,0.5076776146888733,0.5076776146888733,0.5076776146888733,0.5317670106887817
pretrained_cnn,SR,/home/adadhwal/PhIRE/ttk_runs_fixed/cnn/pd/cnn_SR_s69_speed_p160_x0_y0_pd_port_0.vtu,7d082cd2ad67fcb13c0d7167ca3cc3201797e7359be0584ac3c93d4a832ac03d,24,24,0,1,0.5088685154914856,0.6301857829093933,0.12131726741790771,0,1,872,1033,72,5,73,6,identity,72,5,73,6,0.5088685154914856,0.5088685154914856,0.5088685154914856,0.6301857829093933
pretrained_cnn,SR,/home/adadhwal/PhIRE/ttk_runs_fixed/cnn/pd/cnn_SR_s69_speed_p160_x0_y0_pd_port_0.vtu,7d082cd2ad67fcb13c0d7167ca3cc3201797e7359be0584ac3c93d4a832ac03d,25,25,0,1,0.5538917779922485,0.5744320154190063,0.020540237426757812,0,1,6170,6330,90,38,90,39,identity,90,38,90,39,0.5538917779922485,0.5538917779922485,0.5538917779922485,0.5744320154190063
pretrained_cnn,SR,/home/adadhwal/PhIRE/ttk_runs_fixed/cnn/pd/cnn_SR_s69_speed_p160_x0_y0_pd_port_0.vtu,7d082cd2ad67fcb13c0d7167ca3cc3201797e7359be0584ac3c93d4a832ac03d,26,26,0,1,0.5628897547721863,0.5937002301216125,0.03081047534942627,0,1,1355,1194,75,8,74,7,identity,75,8,74,7,0.5628897547721863,0.5628897547721863,0.5628897547721863,0.5937002301216125
pretrained_cnn,SR,/home/adadhwal/PhIRE/ttk_runs_fixed/cnn/pd/cnn_SR_s69_speed_p160_x0_y0_pd_port_0.vtu,7d082cd2ad67fcb13c0d7167ca3cc3201797e7359be0584ac3c93d4a832ac03d,27,27,0,1,0.5647526383399963,0.5897178053855896,0.02496516704559326,0,1,1353,1354,73,8,74,8,identity,73,8,74,8,0.5647526383399963,0.5647526383399963,0.5647526383399963,0.5897178053855896
pretrained_cnn,SR,/home/adadhwal/PhIRE/ttk_runs_fixed/cnn/pd/cnn_SR_s69_speed_p160_x0_y0_pd_port_0.vtu,7d082cd2ad67fcb13c0d7167ca3cc3201797e7359be0584ac3c93d4a832ac03d,28,28,0,1,0.5702618956565857,0.6408777236938477,0.07061582803726196,0,1,6813,6653,93,42,93,41,identity,93,42,93,41,0.5702618956565857,0.5702618956565857,0.5702618956565857,0.6408777236938477
pretrained_cnn,SR,/home/adadhwal/PhIRE/ttk_runs_fixed/cnn/pd/cnn_SR_s69_speed_p160_x0_y0_pd_port_0.vtu,7d082cd2ad67fcb13c0d7167ca3cc3201797e7359be0584ac3c93d4a832ac03d,29,29,0,1,0.6449155211448669,0.6747362613677979,0.029820740222930908,0,1,78,77,78,0,77,0,identity,78,0,77,0,0.6449155211448669,0.6449155211448669,0.6449155211448669,0.6747362613677979
pretrained_cnn,SR,/home/adadhwal/PhIRE/ttk_runs_fixed/cnn/pd/cnn_SR_s69_speed_p160_x0_y0_pd_port_0.vtu,7d082cd2ad67fcb13c0d7167ca3cc3201797e7359be0584ac3c93d4a832ac03d,30,30,0,1,0.6460727453231812,0.712730348110199,0.06665760278701782,0,1,6340,6180,100,39,100,38,identity,100,39,100,38,0.6460727453231812,0.6460727453231812,0.6460727453231812,0.712730348110199
pretrained_cnn,SR,/home/adadhwal/PhIRE/ttk_runs_fixed/cnn/pd/cnn_SR_s69_speed_p160_x0_y0_pd_port_0.vtu,7d082cd2ad67fcb13c0d7167ca3cc3201797e7359be0584ac3c93d4a832ac03d,31,31,0,1,0.6461832523345947,0.9858419895172119,0.3396587371826172,0,1,2475,1996,75,15,76,12,identity,75,15,76,12,0.6461832523345947,0.6461832523345947,0.6461832523345947,0.9858419895172119
pretrained_cnn,SR,/home/adadhwal/PhIRE/ttk_runs_fixed/cnn/pd/cnn_SR_s69_speed_p160_x0_y0_pd_port_0.vtu,7d082cd2ad67fcb13c0d7167ca3cc3201797e7359be0584ac3c93d4a832ac03d,32,32,0,1,0.6637502312660217,2.4627650380134583,1.7990148067474365,0,1,10670,8739,110,66,99,54,identity,110,66,99,54,0.6637502312660217,0.6637502312660217,0.6637502312660217,2.4627649784088135
pretrained_cnn,SR,/home/adadhwal/PhIRE/ttk_runs_fixed/cnn/pd/cnn_SR_s69_speed_p160_x0_y0_pd_port_0.vtu,7d082cd2ad67fcb13c0d7167ca3cc3201797e7359be0584ac3c93d4a832ac03d,33,33,0,1,0.6925860047340393,0.9182148575782776,0.22562885284423828,0,1,10191,10510,111,63,110,65,identity,111,63,110,65,0.6925860047340393,0.6925860047340393,0.6925860047340393,0.9182148575782776
pretrained_cnn,SR,/home/adadhwal/PhIRE/ttk_runs_fixed/cnn/pd/cnn_SR_s69_speed_p160_x0_y0_pd_port_0.vtu,7d082cd2ad67fcb13c0d7167ca3cc3201797e7359be0584ac3c93d4a832ac03d,34,34,0,1,0.710815966129303,0.7564070820808411,0.045591115951538086,0,1,548,549,68,3,69,3,identity,68,3,69,3,0.710815966129303,0.710815966129303,0.710815966129303,0.7564070820808411
pretrained_cnn,SR,/home/adadhwal/PhIRE/ttk_runs_fixed/cnn/pd/cnn_SR_s69_speed_p160_x0_y0_pd_port_0.vtu,7d082cd2ad67fcb13c0d7167ca3cc3201797e7359be0584ac3c93d4a832ac03d,35,35,1,1,0.7139919996261597,0.8533042669296265,0.1393122673034668,2,3,44,204,44,0,44,1,identity,44,0,44,1,0.7139919996261597,0.7139919996261597,0.7139919996261597,0.8533042669296265
pretrained_cnn,SR,/home/adadhwal/PhIRE/ttk_runs_fixed/cnn/pd/cnn_SR_s69_speed_p160_x0_y0_pd_port_0.vtu,7d082cd2ad67fcb13c0d7167ca3cc3201797e7359be0584ac3c93d4a832ac03d,36,36,0,1,0.756540060043335,0.7608652114868164,0.004325151443481445,0,1,2955,2795,75,18,75,17,identity,75,18,75,17,0.756540060043335,0.756540060043335,0.756540060043335,0.7608652114868164
pretrained_cnn,SR,/home/adadhwal/PhIRE/ttk_runs_fixed/cnn/pd/cnn_SR_s69_speed_p160_x0_y0_pd_port_0.vtu,7d082cd2ad67fcb13c0d7167ca3cc3201797e7359be0584ac3c93d4a832ac03d,37,37,1,1,0.7977945804595947,1.0005545616149902,0.2027599811553955,2,3,6810,6492,90,42,92,40,identity,90,42,92,40,0.7977945804595947,0.7977945804595947,0.7977945804595947,1.0005545616149902
pretrained_cnn,SR,/home/adadhwal/PhIRE/ttk_runs_fixed/cnn/pd/cnn_SR_s69_speed_p160_x0_y0_pd_port_0.vtu,7d082cd2ad67fcb13c0d7167ca3cc3201797e7359be0584ac3c93d4a832ac03d,38,38,0,1,0.8365801572799683,0.8529161214828491,0.01633596420288086,0,1,70,71,70,0,71,0,identity,70,0,71,0,0.8365801572799683,0.8365801572799683,0.8365801572799683,0.8529161214828491
pretrained_cnn,SR,/home/adadhwal/PhIRE/ttk_runs_fixed/cnn/pd/cnn_SR_s69_speed_p160_x0_y0_pd_port_0.vtu,7d082cd2ad67fcb13c0d7167ca3cc3201797e7359be0584ac3c93d4a832ac03d,39,39,0,1,0.8392320871353149,1.258182406425476,0.41895031929016113,0,1,63,65,63,0,65,0,identity,63,0,65,0,0.8392320871353149,0.8392320871353149,0.8392320871353149,1.258182406425476
pretrained_cnn,SR,/home/adadhwal/PhIRE/ttk_runs_fixed/cnn/pd/cnn_SR_s69_speed_p160_x0_y0_pd_port_0.vtu,7d082cd2ad67fcb13c0d7167ca3cc3201797e7359be0584ac3c93d4a832ac03d,40,40,1,1,0.8468593955039978,1.0813230276107788,0.234463632106781,2,3,555,554,75,3,74,3,identity,75,3,74,3,0.8468593955039978,0.8468593955039978,0.8468593955039978,1.0813230276107788
pretrained_cnn,SR,/home/adadhwal/PhIRE/ttk_runs_fixed/cnn/pd/cnn_SR_s69_speed_p160_x0_y0_pd_port_0.vtu,7d082cd2ad67fcb13c0d7167ca3cc3201797e7359be0584ac3c93d4a832ac03d,41,41,0,1,0.86903315782547,0.8732680082321167,0.0042348504066467285,0,1,1168,1328,48,7,48,8,identity,48,7,48,8,0.86903315782547,0.86903315782547,0.86903315782547,0.8732680082321167
pretrained_cnn,SR,/home/adadhwal/PhIRE/ttk_runs_fixed/cnn/pd/cnn_SR_s69_speed_p160_x0_y0_pd_port_0.vtu,7d082cd2ad67fcb13c0d7167ca3cc3201797e7359be0584ac3c93d4a832ac03d,42,42,0,1,0.8926374912261963,0.9592940211296082,0.06665652990341187,0,1,68,228,68,0,68,1,identity,68,0,68,1,0.8926374912261963,0.8926374912261963,0.8926374912261963,0.9592940211296082
pretrained_cnn,SR,/home/adadhwal/PhIRE/ttk_runs_fixed/cnn/pd/cnn_SR_s69_speed_p160_x0_y0_pd_port_0.vtu,7d082cd2ad67fcb13c0d7167ca3cc3201797e7359be0584ac3c93d4a832ac03d,43,43,0,1,0.9128950238227844,1.0818202495574951,0.1689252257347107,0,1,1485,1166,45,9,46,7,identity,45,9,46,7,0.9128950238227844,0.9128950238227844,0.9128950238227844,1.0818202495574951
pretrained_cnn,SR,/home/adadhwal/PhIRE/ttk_runs_fixed/cnn/pd/cnn_SR_s69_speed_p160_x0_y0_pd_port_0.vtu,7d082cd2ad67fcb13c0d7167ca3cc3201797e7359be0584ac3c93d4a832ac03d,44,44,0,1,0.9362239241600037,0.9684694409370422,0.032245516777038574,0,1,56,55,56,0,55,0,identity,56,0,55,0,0.9362239241600037,0.9362239241600037,0.9362239241600037,0.9684694409370422
pretrained_cnn,SR,/home/adadhwal/PhIRE/ttk_runs_fixed/cnn/pd/cnn_SR_s69_speed_p160_x0_y0_pd_port_0.vtu,7d082cd2ad67fcb13c0d7167ca3cc3201797e7359be0584ac3c93d4a832ac03d,45,45,0,1,0.937787652015686,1.743207573890686,0.805419921875,0,1,5226,5864,106,32,104,36,identity,106,32,104,36,0.937787652015686,0.937787652015686,0.937787652015686,1.743207573890686
pretrained_cnn,SR,/home/adadhwal/PhIRE/ttk_runs_fixed/cnn/pd/cnn_SR_s69_speed_p160_x0_y0_pd_port_0.vtu,7d082cd2ad67fcb13c0d7167ca3cc3201797e7359be0584ac3c93d4a832ac03d,46,46,0,1,0.9496732354164124,1.7013148069381714,0.751641571521759,0,1,4414,5377,94,27,97,33,identity,94,27,97,33,0.9496732354164124,0.9496732354164124,0.9496732354164124,1.7013148069381714
pretrained_cnn,SR,/home/adadhwal/PhIRE/ttk_runs_fixed/cnn/pd/cnn_SR_s69_speed_p160_x0_y0_pd_port_0.vtu,7d082cd2ad67fcb13c0d7167ca3cc3201797e7359be0584ac3c93d4a832ac03d,47,47,1,1,0.9602321982383728,0.9640557765960693,0.003823578357696533,2,3,229,389,69,1,69,2,identity,69,1,69,2,0.9602321982383728,0.9602321982383728,0.9602321982383728,0.9640557765960693
pretrained_cnn,SR,/home/adadhwal/PhIRE/ttk_runs_fixed/cnn/pd/cnn_SR_s69_speed_p160_x0_y0_pd_port_0.vtu,7d082cd2ad67fcb13c0d7167ca3cc3201797e7359be0584ac3c93d4a832ac03d,48,48,0,1,1.0150091648101807,1.0417178869247437,0.02670872211456299,0,1,5856,5857,96,36,97,36,identity,96,36,97,36,1.0150091648101807,1.0150091648101807,1.0150091648101807,1.0417178869247437
pretrained_cnn,SR,/home/adadhwal/PhIRE/ttk_runs_fixed/cnn/pd/cnn_SR_s69_speed_p160_x0_y0_pd_port_0.vtu,7d082cd2ad67fcb13c0d7167ca3cc3201797e7359be0584ac3c93d4a832ac03d,49,49,1,1,1.0352052450180054,1.7905350923538208,0.7553298473358154,2,3,5851,6011,91,36,91,37,identity,91,36,91,37,1.0352052450180054,1.0352052450180054,1.0352052450180054,1.7905350923538208
pretrained_cnn,SR,/home/adadhwal/PhIRE/ttk_runs_fixed/cnn/pd/cnn_SR_s69_speed_p160_x0_y0_pd_port_0.vtu,7d082cd2ad67fcb13c0d7167ca3cc3201797e7359be0584ac3c93d4a832ac03d,50,50,1,1,1.048595666885376,1.1126290559768677,0.0640333890914917,2,3,10481,10482,81,65,82,65,identity,81,65,82,65,1.048595666885376,1.048595666885376,1.048595666885376,1.1126290559768677
pretrained_cnn,SR,/home/adadhwal/PhIRE/ttk_runs_fixed/cnn/pd/cnn_SR_s69_speed_p160_x0_y0_pd_port_0.vtu,7d082cd2ad67fcb13c0d7167ca3cc3201797e7359be0584ac3c93d4a832ac03d,51,51,0,1,1.0856215953826904,5.618862867355347,4.533241271972656,0,1,12000,3717,0,75,37,23,identity,0,75,37,23,1.0856215953826904,1.0856215953826904,1.0856215953826904,5.618862628936768
pretrained_cnn,SR,/home/adadhwal/PhIRE/ttk_runs_fixed/cnn/pd/cnn_SR_s69_speed_p160_x0_y0_pd_port_0.vtu,7d082cd2ad67fcb13c0d7167ca3cc3201797e7359be0584ac3c93d4a832ac03d,52,52,0,1,1.0872716903686523,1.1523358821868896,0.0650641918182373,0,1,565,564,85,3,84,3,identity,85,3,84,3,1.0872716903686523,1.0872716903686523,1.0872716903686523,1.1523358821868896
pretrained_cnn,SR,/home/adadhwal/PhIRE/ttk_runs_fixed/cnn/pd/cnn_SR_s69_speed_p160_x0_y0_pd_port_0.vtu,7d082cd2ad67fcb13c0d7167ca3cc3201797e7359be0584ac3c93d4a832ac03d,53,53,1,1,1.1218770742416382,1.4199466705322266,0.2980695962905884,2,3,5855,6015,95,36,95,37,identity,95,36,95,37,1.1218770742416382,1.1218770742416382,1.1218770742416382,1.4199466705322266
pretrained_cnn,SR,/home/adadhwal/PhIRE/ttk_runs_fixed/cnn/pd/cnn_SR_s69_speed_p160_x0_y0_pd_port_0.vtu,7d082cd2ad67fcb13c0d7167ca3cc3201797e7359be0584ac3c93d4a832ac03d,54,54,0,1,1.132195234298706,1.1667060852050781,0.03451085090637207,0,1,4907,5066,107,30,106,31,identity,107,30,106,31,1.132195234298706,1.132195234298706,1.132195234298706,1.1667060852050781
pretrained_cnn,SR,/home/adadhwal/PhIRE/ttk_runs_fixed/cnn/pd/cnn_SR_s69_speed_p160_x0_y0_pd_port_0.vtu,7d082cd2ad67fcb13c0d7167ca3cc3201797e7359be0584ac3c93d4a832ac03d,55,55,0,1,1.2292523384094238,1.2475640773773193,0.018311738967895508,0,1,1804,1644,44,11,44,10,identity,44,11,44,10,1.2292523384094238,1.2292523384094238,1.2292523384094238,1.2475640773773193
pretrained_cnn,SR,/home/adadhwal/PhIRE/ttk_runs_fixed/cnn/pd/cnn_SR_s69_speed_p160_x0_y0_pd_port_0.vtu,7d082cd2ad67fcb13c0d7167ca3cc3201797e7359be0584ac3c93d4a832ac03d,56,56,0,1,1.2467091083526611,1.272024154663086,0.025315046310424805,0,1,1520,1519,80,9,79,9,identity,80,9,79,9,1.2467091083526611,1.2467091083526611,1.2467091083526611,1.272024154663086
pretrained_cnn,SR,/home/adadhwal/PhIRE/ttk_runs_fixed/cnn/pd/cnn_SR_s69_speed_p160_x0_y0_pd_port_0.vtu,7d082cd2ad67fcb13c0d7167ca3cc3201797e7359be0584ac3c93d4a832ac03d,57,57,0,1,1.2488555908203125,1.3691703081130981,0.12031471729278564,0,1,10560,11040,0,66,0,69,identity,0,66,0,69,1.2488555908203125,1.2488555908203125,1.2488555908203125,1.3691703081130981
pretrained_cnn,SR,/home/adadhwal/PhIRE/ttk_runs_fixed/cnn/pd/cnn_SR_s69_speed_p160_x0_y0_pd_port_0.vtu,7d082cd2ad67fcb13c0d7167ca3cc3201797e7359be0584ac3c93d4a832ac03d,58,58,0,1,1.2738200426101685,1.2825292348861694,0.008709192276000977,0,1,6183,6182,103,38,102,38,identity,103,38,102,38,1.2738200426101685,1.2738200426101685,1.2738200426101685,1.2825292348861694
pretrained_cnn,SR,/home/adadhwal/PhIRE/ttk_runs_fixed/cnn/pd/cnn_SR_s69_speed_p160_x0_y0_pd_port_0.vtu,7d082cd2ad67fcb13c0d7167ca3cc3201797e7359be0584ac3c93d4a832ac03d,59,59,0,1,1.2847564220428467,1.5451334714889526,0.26037704944610596,0,1,7470,7460,110,46,100,46,identity,110,46,100,46,1.2847564220428467,1.2847564220428467,1.2847564220428467,1.5451334714889526
pretrained_cnn,SR,/home/adadhwal/PhIRE/ttk_runs_fixed/cnn/pd/cnn_SR_s69_speed_p160_x0_y0_pd_port_0.vtu,7d082cd2ad67fcb13c0d7167ca3cc3201797e7359be0584ac3c93d4a832ac03d,60,60,0,1,1.2928358316421509,1.371817946434021,0.07898211479187012,0,1,88,247,88,0,87,1,identity,88,0,87,1,1.2928358316421509,1.2928358316421509,1.2928358316421509,1.371817946434021
pretrained_cnn,SR,/home/adadhwal/PhIRE/ttk_runs_fixed/cnn/pd/cnn_SR_s69_speed_p160_x0_y0_pd_port_0.vtu,7d082cd2ad67fcb13c0d7167ca3cc3201797e7359be0584ac3c93d4a832ac03d,61,61,0,1,1.3292111158370972,1.3714025020599365,0.042191386222839355,0,1,569,568,89,3,88,3,identity,89,3,88,3,1.3292111158370972,1.3292111158370972,1.3292111158370972,1.3714025020599365
pretrained_cnn,SR,/home/adadhwal/PhIRE/ttk_runs_fixed/cnn/pd/cnn_SR_s69_speed_p160_x0_y0_pd_port_0.vtu,7d082cd2ad67fcb13c0d7167ca3cc3201797e7359be0584ac3c93d4a832ac03d,62,62,0,1,1.3445155620574951,1.4930601119995117,0.1485445499420166,0,1,6989,7150,109,43,110,44,identity,109,43,110,44,1.3445155620574951,1.3445155620574951,1.3445155620574951,1.4930601119995117
pretrained_cnn,SR,/home/adadhwal/PhIRE/ttk_runs_fixed/cnn/pd/cnn_SR_s69_speed_p160_x0_y0_pd_port_0.vtu,7d082cd2ad67fcb13c0d7167ca3cc3201797e7359be0584ac3c93d4a832ac03d,63,63,0,1,1.373789668083191,1.5381258726119995,0.1643362045288086,0,1,7625,7787,105,47,107,48,identity,105,47,107,48,1.373789668083191,1.373789668083191,1.373789668083191,1.5381258726119995
pretrained_cnn,SR,/home/adadhwal/PhIRE/ttk_runs_fixed/cnn/pd/cnn_SR_s69_speed_p160_x0_y0_pd_port_0.vtu,7d082cd2ad67fcb13c0d7167ca3cc3201797e7359be0584ac3c93d4a832ac03d,64,64,0,1,1.3830759525299072,1.5952062606811523,0.21213030815124512,0,1,841,681,41,5,41,4,identity,41,5,41,4,1.3830759525299072,1.3830759525299072,1.3830759525299072,1.5952062606811523
pretrained_cnn,SR,/home/adadhwal/PhIRE/ttk_runs_fixed/cnn/pd/cnn_SR_s69_speed_p160_x0_y0_pd_port_0.vtu,7d082cd2ad67fcb13c0d7167ca3cc3201797e7359be0584ac3c93d4a832ac03d,65,65,0,1,1.4202014207839966,3.974866032600403,2.5546646118164062,0,1,8201,9472,41,51,32,59,identity,41,51,32,59,1.4202014207839966,1.4202014207839966,1.4202014207839966,3.9748659133911133
pretrained_cnn,SR,/home/adadhwal/PhIRE/ttk_runs_fixed/cnn/pd/cnn_SR_s69_speed_p160_x0_y0_pd_port_0.vtu,7d082cd2ad67fcb13c0d7167ca3cc3201797e7359be0584ac3c93d4a832ac03d,66,66,0,1,1.4281178712844849,1.8949825763702393,0.4668647050857544,0,1,5872,5548,112,36,108,34,identity,112,36,108,34,1.4281178712844849,1.4281178712844849,1.4281178712844849,1.8949825763702393
pretrained_cnn,SR,/home/adadhwal/PhIRE/ttk_runs_fixed/cnn/pd/cnn_SR_s69_speed_p160_x0_y0_pd_port_0.vtu,7d082cd2ad67fcb13c0d7167ca3cc3201797e7359be0584ac3c93d4a832ac03d,67,67,0,1,1.4288681745529175,4.427185416221619,2.998317241668701,0,1,7281,8239,81,45,79,51,identity,81,45,79,51,1.4288681745529175,1.4288681745529175,1.4288681745529175,4.427185535430908
pretrained_cnn,SR,/home/adadhwal/PhIRE/ttk_runs_fixed/cnn/pd/cnn_SR_s69_speed_p160_x0_y0_pd_port_0.vtu,7d082cd2ad67fcb13c0d7167ca3cc3201797e7359be0584ac3c93d4a832ac03d,68,68,0,1,1.4439715147018433,1.471800446510315,0.02782893180847168,0,1,5217,5216,97,32,96,32,identity,97,32,96,32,1.4439715147018433,1.4439715147018433,1.4439715147018433,1.471800446510315
pretrained_cnn,SR,/home/adadhwal/PhIRE/ttk_runs_fixed/cnn/pd/cnn_SR_s69_speed_p160_x0_y0_pd_port_0.vtu,7d082cd2ad67fcb13c0d7167ca3cc3201797e7359be0584ac3c93d4a832ac03d,69,69,0,1,1.4453928470611572,1.7092887163162231,0.2638958692550659,0,1,6960,7121,80,43,81,44,identity,80,43,81,44,1.4453928470611572,1.4453928470611572,1.4453928470611572,1.7092887163162231
pretrained_cnn,SR,/home/adadhwal/PhIRE/ttk_runs_fixed/cnn/pd/cnn_SR_s69_speed_p160_x0_y0_pd_port_0.vtu,7d082cd2ad67fcb13c0d7167ca3cc3201797e7359be0584ac3c93d4a832ac03d,70,70,0,1,1.4784791469573975,1.5233566761016846,0.04487752914428711,0,1,7463,7464,103,46,104,46,identity,103,46,104,46,1.4784791469573975,1.4784791469573975,1.4784791469573975,1.5233566761016846
pretrained_cnn,SR,/home/adadhwal/PhIRE/ttk_runs_fixed/cnn/pd/cnn_SR_s69_speed_p160_x0_y0_pd_port_0.vtu,7d082cd2ad67fcb13c0d7167ca3cc3201797e7359be0584ac3c93d4a832ac03d,71,71,0,1,1.5127930641174316,3.0018701553344727,1.489077091217041,0,1,3098,1976,58,19,56,12,identity,58,19,56,12,1.5127930641174316,1.5127930641174316,1.5127930641174316,3.0018701553344727
pretrained_cnn,SR,/home/adadhwal/PhIRE/ttk_runs_fixed/cnn/pd/cnn_SR_s69_speed_p160_x0_y0_pd_port_0.vtu,7d082cd2ad67fcb13c0d7167ca3cc3201797e7359be0584ac3c93d4a832ac03d,72,72,0,1,1.5752915143966675,1.7555654048919678,0.1802738904953003,0,1,14560,14081,0,91,1,88,identity,0,91,1,88,1.5752915143966675,1.5752915143966675,1.5752915143966675,1.7555654048919678
pretrained_cnn,SR,/home/adadhwal/PhIRE/ttk_runs_fixed/cnn/pd/cnn_SR_s69_speed_p160_x0_y0_pd_port_0.vtu,7d082cd2ad67fcb13c0d7167ca3cc3201797e7359be0584ac3c93d4a832ac03d,73,73,0,1,1.5763286352157593,1.587435007095337,0.011106371879577637,0,1,8362,8361,42,52,41,52,identity,42,52,41,52,1.5763286352157593,1.5763286352157593,1.5763286352157593,1.587435007095337
pretrained_cnn,SR,/home/adadhwal/PhIRE/ttk_runs_fixed/cnn/pd/cnn_SR_s69_speed_p160_x0_y0_pd_port_0.vtu,7d082cd2ad67fcb13c0d7167ca3cc3201797e7359be0584ac3c93d4a832ac03d,74,74,0,1,1.5918340682983398,1.5934169292449951,0.0015828609466552734,0,1,1366,1206,86,8,86,7,identity,86,8,86,7,1.5918340682983398,1.5918340682983398,1.5918340682983398,1.5934169292449951
pretrained_cnn,SR,/home/adadhwal/PhIRE/ttk_runs_fixed/cnn/pd/cnn_SR_s69_speed_p160_x0_y0_pd_port_0.vtu,7d082cd2ad67fcb13c0d7167ca3cc3201797e7359be0584ac3c93d4a832ac03d,75,75,0,1,1.6047033071517944,2.6810696125030518,1.0763663053512573,0,1,23680,18560,0,148,0,116,identity,0,148,0,116,1.6047033071517944,1.6047033071517944,1.6047033071517944,2.6810696125030518
pretrained_cnn,SR,/home/adadhwal/PhIRE/ttk_runs_fixed/cnn/pd/cnn_SR_s69_speed_p160_x0_y0_pd_port_0.vtu,7d082cd2ad67fcb13c0d7167ca3cc3201797e7359be0584ac3c93d4a832ac03d,76,76,0,1,1.6261217594146729,1.6928901672363281,0.06676840782165527,0,1,14244,14402,4,89,2,90,identity,4,89,2,90,1.6261217594146729,1.6261217594146729,1.6261217594146729,1.6928901672363281
pretrained_cnn,SR,/home/adadhwal/PhIRE/ttk_runs_fixed/cnn/pd/cnn_SR_s69_speed_p160_x0_y0_pd_port_0.vtu,7d082cd2ad67fcb13c0d7167ca3cc3201797e7359be0584ac3c93d4a832ac03d,77,77,1,1,1.6381746530532837,1.7531384229660034,0.11496376991271973,2,3,1364,1201,84,8,81,7,identity,84,8,81,7,1.6381746530532837,1.6381746530532837,1.6381746530532837,1.7531384229660034
pretrained_cnn,SR,/home/adadhwal/PhIRE/ttk_runs_fixed/cnn/pd/cnn_SR_s69_speed_p160_x0_y0_pd_port_0.vtu,7d082cd2ad67fcb13c0d7167ca3cc3201797e7359be0584ac3c93d4a832ac03d,78,78,0,1,1.6423892974853516,1.7868775129318237,0.14448821544647217,0,1,5709,5870,109,35,110,36,identity,109,35,110,36,1.6423892974853516,1.6423892974853516,1.6423892974853516,1.7868775129318237
pretrained_cnn,SR,/home/adadhwal/PhIRE/ttk_runs_fixed/cnn/pd/cnn_SR_s69_speed_p160_x0_y0_pd_port_0.vtu,7d082cd2ad67fcb13c0d7167ca3cc3201797e7359be0584ac3c93d4a832ac03d,79,79,0,1,1.6433494091033936,1.6549491882324219,0.01159977912902832,0,1,23523,23682,3,147,2,148,identity,3,147,2,148,1.6433494091033936,1.6433494091033936,1.6433494091033936,1.6549491882324219
pretrained_cnn,SR,/home/adadhwal/PhIRE/ttk_runs_fixed/cnn/pd/cnn_SR_s69_speed_p160_x0_y0_pd_port_0.vtu,7d082cd2ad67fcb13c0d7167ca3cc3201797e7359be0584ac3c93d4a832ac03d,80,80,0,1,1.6497997045516968,1.6760711669921875,0.026271462440490723,0,1,412,411,92,2,91,2,identity,92,2,91,2,1.6497997045516968,1.6497997045516968,1.6497997045516968,1.6760711669921875
pretrained_cnn,SR,/home/adadhwal/PhIRE/ttk_runs_fixed/cnn/pd/cnn_SR_s69_speed_p160_x0_y0_pd_port_0.vtu,7d082cd2ad67fcb13c0d7167ca3cc3201797e7359be0584ac3c93d4a832ac03d,81,81,0,1,1.6514986753463745,1.6948941946029663,0.0433955192565918,0,1,13760,13600,0,86,0,85,identity,0,86,0,85,1.6514986753463745,1.6514986753463745,1.6514986753463745,1.6948941946029663
pretrained_cnn,SR,/home/adadhwal/PhIRE/ttk_runs_fixed/cnn/pd/cnn_SR_s69_speed_p160_x0_y0_pd_port_0.vtu,7d082cd2ad67fcb13c0d7167ca3cc3201797e7359be0584ac3c93d4a832ac03d,82,82,0,1,1.6569545269012451,1.7433048486709595,0.08635032176971436,0,1,24641,24323,1,154,3,152,identity,1,154,3,152,1.6569545269012451,1.6569545269012451,1.6569545269012451,1.7433048486709595
pretrained_cnn,SR,/home/adadhwal/PhIRE/ttk_runs_fixed/cnn/pd/cnn_SR_s69_speed_p160_x0_y0_pd_port_0.vtu,7d082cd2ad67fcb13c0d7167ca3cc3201797e7359be0584ac3c93d4a832ac03d,83,83,1,1,1.6571205854415894,1.7090272903442383,0.051906704902648926,2,3,1361,1363,81,8,83,8,identity,81,8,83,8,1.6571205854415894,1.6571205854415894,1.6571205854415894,1.7090272903442383
pretrained_cnn,SR,/home/adadhwal/PhIRE/ttk_runs_fixed/cnn/pd/cnn_SR_s69_speed_p160_x0_y0_pd_port_0.vtu,7d082cd2ad67fcb13c0d7167ca3cc3201797e7359be0584ac3c93d4a832ac03d,84,84,0,1,1.657773494720459,1.860202431678772,0.202428936958313,0,1,20642,22560,2,129,0,141,identity,2,129,0,141,1.657773494720459,1.657773494720459,1.657773494720459,1.860202431678772
pretrained_cnn,SR,/home/adadhwal/PhIRE/ttk_runs_fixed/cnn/pd/cnn_SR_s69_speed_p160_x0_y0_pd_port_0.vtu,7d082cd2ad67fcb13c0d7167ca3cc3201797e7359be0584ac3c93d4a832ac03d,85,85,1,1,1.66818368434906,1.7252907752990723,0.05710709095001221,2,3,7780,7620,100,48,100,47,identity,100,48,100,47,1.66818368434906,1.66818368434906,1.66818368434906,1.7252907752990723
pretrained_cnn,SR,/home/adadhwal/PhIRE/ttk_runs_fixed/cnn/pd/cnn_SR_s69_speed_p160_x0_y0_pd_port_0.vtu,7d082cd2ad67fcb13c0d7167ca3cc3201797e7359be0584ac3c93d4a832ac03d,86,86,0,1,1.684009313583374,1.7143089771270752,0.030299663543701172,0,1,24005,23844,5,150,4,149,identity,5,150,4,149,1.684009313583374,1.684009313583374,1.684009313583374,1.7143089771270752
pretrained_cnn,SR,/home/adadhwal/PhIRE/ttk_runs_fixed/cnn/pd/cnn_SR_s69_speed_p160_x0_y0_pd_port_0.vtu,7d082cd2ad67fcb13c0d7167ca3cc3201797e7359be0584ac3c93d4a832ac03d,87,87,0,1,1.6852036714553833,1.6949864625930786,0.009782791137695312,0,1,4425,4426,105,27,106,27,identity,105,27,106,27,1.6852036714553833,1.6852036714553833,1.6852036714553833,1.6949864625930786
pretrained_cnn,SR,/home/adadhwal/PhIRE/ttk_runs_fixed/cnn/pd/cnn_SR_s69_speed_p160_x0_y0_pd_port_0.vtu,7d082cd2ad67fcb13c0d7167ca3cc3201797e7359be0584ac3c93d4a832ac03d,88,88,1,1,1.6853320598602295,1.7481162548065186,0.06278419494628906,2,3,683,682,43,4,42,4,identity,43,4,42,4,1.6853320598602295,1.6853320598602295,1.6853320598602295,1.7481162548065186
pretrained_cnn,SR,/home/adadhwal/PhIRE/ttk_runs_fixed/cnn/pd/cnn_SR_s69_speed_p160_x0_y0_pd_port_0.vtu,7d082cd2ad67fcb13c0d7167ca3cc3201797e7359be0584ac3c93d4a832ac03d,89,89,0,1,1.695772647857666,2.2827486991882324,0.5869760513305664,0,1,9220,9545,100,57,105,59,identity,100,57,105,59,1.695772647857666,1.695772647857666,1.695772647857666,2.2827486991882324
pretrained_cnn,SR,/home/adadhwal/PhIRE/ttk_runs_fixed/cnn/pd/cnn_SR_s69_speed_p160_x0_y0_pd_port_0.vtu,7d082cd2ad67fcb13c0d7167ca3cc3201797e7359be0584ac3c93d4a832ac03d,90,90,0,1,1.6961311101913452,1.740233063697815,0.04410195350646973,0,1,24488,24327,8,153,7,152,identity,8,153,7,152,1.6961311101913452,1.6961311101913452,1.6961311101913452,1.740233063697815
pretrained_cnn,SR,/home/adadhwal/PhIRE/ttk_runs_fixed/cnn/pd/cnn_SR_s69_speed_p160_x0_y0_pd_port_0.vtu,7d082cd2ad67fcb13c0d7167ca3cc3201797e7359be0584ac3c93d4a832ac03d,91,91,1,1,1.726359486579895,1.7634905576705933,0.03713107109069824,2,3,1003,843,43,6,43,5,identity,43,6,43,5,1.726359486579895,1.726359486579895,1.726359486579895,1.7634905576705933
pretrained_cnn,SR,/home/adadhwal/PhIRE/ttk_runs_fixed/cnn/pd/cnn_SR_s69_speed_p160_x0_y0_pd_port_0.vtu,7d082cd2ad67fcb13c0d7167ca3cc3201797e7359be0584ac3c93d4a832ac03d,92,92,0,1,1.7317171096801758,1.8965330123901367,0.16481590270996094,0,1,6352,6193,112,39,113,38,identity,112,39,113,38,1.7317171096801758,1.7317171096801758,1.7317171096801758,1.8965330123901367
pretrained_cnn,SR,/home/adadhwal/PhIRE/ttk_runs_fixed/cnn/pd/cnn_SR_s69_speed_p160_x0_y0_pd_port_0.vtu,7d082cd2ad67fcb13c0d7167ca3cc3201797e7359be0584ac3c93d4a832ac03d,93,93,0,1,1.737370252609253,1.885516881942749,0.1481466293334961,0,1,3281,2960,81,20,80,18,identity,81,20,80,18,1.737370252609253,1.737370252609253,1.737370252609253,1.885516881942749
pretrained_cnn,SR,/home/adadhwal/PhIRE/ttk_runs_fixed/cnn/pd/cnn_SR_s69_speed_p160_x0_y0_pd_port_0.vtu,7d082cd2ad67fcb13c0d7167ca3cc3201797e7359be0584ac3c93d4a832ac03d,94,94,0,1,1.7453323602676392,1.7650796175003052,0.019747257232666016,0,1,25441,25123,1,159,3,157,identity,1,159,3,157,1.7453323602676392,1.7453323602676392,1.7453323602676392,1.7650796175003052
pretrained_cnn,SR,/home/adadhwal/PhIRE/ttk_runs_fixed/cnn/pd/cnn_SR_s69_speed_p160_x0_y0_pd_port_0.vtu,7d082cd2ad67fcb13c0d7167ca3cc3201797e7359be0584ac3c93d4a832ac03d,95,95,1,1,1.7462722063064575,3.0942156314849854,1.3479434251785278,2,3,7141,7138,101,44,98,44,identity,101,44,98,44,1.7462722063064575,1.7462722063064575,1.7462722063064575,3.0942156314849854
pretrained_cnn,SR,/home/adadhwal/PhIRE/ttk_runs_fixed/cnn/pd/cnn_SR_s69_speed_p160_x0_y0_pd_port_0.vtu,7d082cd2ad67fcb13c0d7167ca3cc3201797e7359be0584ac3c93d4a832ac03d,96,96,0,1,1.750203013420105,1.8401027917861938,0.08989977836608887,0,1,22080,21760,0,138,0,136,identity,0,138,0,136,1.750203013420105,1.750203013420105,1.750203013420105,1.8401027917861938
pretrained_cnn,SR,/home/adadhwal/PhIRE/ttk_runs_fixed/cnn/pd/cnn_SR_s69_speed_p160_x0_y0_pd_port_0.vtu,7d082cd2ad67fcb13c0d7167ca3cc3201797e7359be0584ac3c93d4a832ac03d,97,97,0,1,1.7559648752212524,1.7977951765060425,0.04183030128479004,0,1,25447,25128,7,159,8,157,identity,7,159,8,157,1.7559648752212524,1.7559648752212524,1.7559648752212524,1.7977951765060425
pretrained_cnn,SR,/home/adadhwal/PhIRE/ttk_runs_fixed/cnn/pd/cnn_SR_s69_speed_p160_x0_y0_pd_port_0.vtu,7d082cd2ad67fcb13c0d7167ca3cc3201797e7359be0584ac3c93d4a832ac03d,98,98,0,1,1.7565480470657349,1.7618075609207153,0.005259513854980469,0,1,20163,20322,3,126,2,127,identity,3,126,2,127,1.7565480470657349,1.7565480470657349,1.7565480470657349,1.7618075609207153
pretrained_cnn,SR,/home/adadhwal/PhIRE/ttk_runs_fixed/cnn/pd/cnn_SR_s69_speed_p160_x0_y0_pd_port_0.vtu,7d082cd2ad67fcb13c0d7167ca3cc3201797e7359be0584ac3c93d4a832ac03d,99,99,1,1,1.757973313331604,1.8157544136047363,0.057781100273132324,2,3,24805,24484,5,155,4,153,identity,5,155,4,153,1.757973313331604,1.757973313331604,1.757973313331604,1.8157544136047363
pretrained_cnn,SR,/home/adadhwal/PhIRE/ttk_runs_fixed/cnn/pd/cnn_SR_s69_speed_p160_x0_y0_pd_port_0.vtu,7d082cd2ad67fcb13c0d7167ca3cc3201797e7359be0584ac3c93d4a832ac03d,100,100,1,1,1.7632678747177124,1.767032265663147,0.0037643909454345703,2,3,13762,13921,2,86,1,87,identity,2,86,1,87,1.7632678747177124,1.7632678747177124,1.7632678747177124,1.767032265663147
pretrained_cnn,SR,/home/adadhwal/PhIRE/ttk_runs_fixed/cnn/pd/cnn_SR_s69_speed_p160_x0_y0_pd_port_0.vtu,7d082cd2ad67fcb13c0d7167ca3cc3201797e7359be0584ac3c93d4a832ac03d,101,101,0,1,1.7700741291046143,1.7842926979064941,0.014218568801879883,0,1,14248,14247,8,89,7,89,identity,8,89,7,89,1.7700741291046143,1.7700741291046143,1.7700741291046143,1.7842926979064941
pretrained_cnn,SR,/home/adadhwal/PhIRE/ttk_runs_fixed/cnn/pd/cnn_SR_s69_speed_p160_x0_y0_pd_port_0.vtu,7d082cd2ad67fcb13c0d7167ca3cc3201797e7359be0584ac3c93d4a832ac03d,102,102,1,1,1.7705128192901611,1.7848771810531616,0.014364361763000488,2,3,24321,24322,1,152,2,152,identity,1,152,2,152,1.7705128192901611,1.7705128192901611,1.7705128192901611,1.7848771810531616
pretrained_cnn,SR,/home/adadhwal/PhIRE/ttk_runs_fixed/cnn/pd/cnn_SR_s69_speed_p160_x0_y0_pd_port_0.vtu,7d082cd2ad67fcb13c0d7167ca3cc3201797e7359be0584ac3c93d4a832ac03d,103,103,1,1,1.7708901166915894,1.7711650133132935,0.00027489662170410156,2,3,25121,25122,1,157,2,157,identity,1,157,2,157,1.7708901166915894,1.7708901166915894,1.7708901166915894,1.7711650133132935
pretrained_cnn,SR,/home/adadhwal/PhIRE/ttk_runs_fixed/cnn/pd/cnn_SR_s69_speed_p160_x0_y0_pd_port_0.vtu,7d082cd2ad67fcb13c0d7167ca3cc3201797e7359be0584ac3c93d4a832ac03d,104,104,0,1,1.7776939868927002,1.8326687812805176,0.05497479438781738,0,1,6666,6665,106,41,105,41,identity,106,41,105,41,1.7776939868927002,1.7776939868927002,1.7776939868927002,1.8326687812805176
pretrained_cnn,SR,/home/adadhwal/PhIRE/ttk_runs_fixed/cnn/pd/cnn_SR_s69_speed_p160_x0_y0_pd_port_0.vtu,7d082cd2ad67fcb13c0d7167ca3cc3201797e7359be0584ac3c93d4a832ac03d,105,105,0,1,1.7880438566207886,1.7988675832748413,0.010823726654052734,0,1,22241,22240,1,139,0,139,identity,1,139,0,139,1.7880438566207886,1.7880438566207886,1.7880438566207886,1.7988675832748413
pretrained_cnn,SR,/home/adadhwal/PhIRE/ttk_runs_fixed/cnn/pd/cnn_SR_s69_speed_p160_x0_y0_pd_port_0.vtu,7d082cd2ad67fcb13c0d7167ca3cc3201797e7359be0584ac3c93d4a832ac03d,106,106,0,1,1.7897838354110718,2.0384981632232666,0.24871432781219482,0,1,15846,15047,6,99,7,94,identity,6,99,7,94,1.7897838354110718,1.7897838354110718,1.7897838354110718,2.0384981632232666
pretrained_cnn,SR,/home/adadhwal/PhIRE/ttk_runs_fixed/cnn/pd/cnn_SR_s69_speed_p160_x0_y0_pd_port_0.vtu,7d082cd2ad67fcb13c0d7167ca3cc3201797e7359be0584ac3c93d4a832ac03d,107,107,0,1,1.798939824104309,1.813299298286438,0.014359474182128906,0,1,21441,21281,1,134,1,133,identity,1,134,1,133,1.798939824104309,1.798939824104309,1.798939824104309,1.813299298286438
pretrained_cnn,SR,/home/adadhwal/PhIRE/ttk_runs_fixed/cnn/pd/cnn_SR_s69_speed_p160_x0_y0_pd_port_0.vtu,7d082cd2ad67fcb13c0d7167ca3cc3201797e7359be0584ac3c93d4a832ac03d,108,108,1,1,1.7996779680252075,1.8291974067687988,0.02951943874359131,2,3,25444,25126,4,159,6,157,identity,4,159,6,157,1.7996779680252075,1.7996779680252075,1.7996779680252075,1.8291974067687988
pretrained_cnn,SR,/home/adadhwal/PhIRE/ttk_runs_fixed/cnn/pd/cnn_SR_s69_speed_p160_x0_y0_pd_port_0.vtu,7d082cd2ad67fcb13c0d7167ca3cc3201797e7359be0584ac3c93d4a832ac03d,109,109,0,1,1.8251944780349731,1.8255292177200317,0.00033473968505859375,0,1,15844,15845,4,99,5,99,identity,4,99,5,99,1.8251944780349731,1.8251944780349731,1.8251944780349731,1.8255292177200317
pretrained_cnn,SR,/home/adadhwal/PhIRE/ttk_runs_fixed/cnn/pd/cnn_SR_s69_speed_p160_x0_y0_pd_port_0.vtu,7d082cd2ad67fcb13c0d7167ca3cc3201797e7359be0584ac3c93d4a832ac03d,110,110,0,1,1.8400288820266724,1.8675161600112915,0.02748727798461914,0,1,15849,15847,9,99,7,99,identity,9,99,7,99,1.8400288820266724,1.8400288820266724,1.8400288820266724,1.8675161600112915
pretrained_cnn,SR,/home/adadhwal/PhIRE/ttk_runs_fixed/cnn/pd/cnn_SR_s69_speed_p160_x0_y0_pd_port_0.vtu,7d082cd2ad67fcb13c0d7167ca3cc3201797e7359be0584ac3c93d4a832ac03d,111,111,0,1,1.8529882431030273,2.839747190475464,0.9867589473724365,0,1,2038,427,118,12,107,2,identity,118,12,107,2,1.8529882431030273,1.8529882431030273,1.8529882431030273,2.839747190475464
pretrained_cnn,SR,/home/adadhwal/PhIRE/ttk_runs_fixed/cnn/pd/cnn_SR_s69_speed_p160_x0_y0_pd_port_0.vtu,7d082cd2ad67fcb13c0d7167ca3cc3201797e7359be0584ac3c93d4a832ac03d,112,112,0,1,1.857086420059204,1.9516464471817017,0.09456002712249756,0,1,23374,23695,14,146,15,148,identity,14,146,15,148,1.857086420059204,1.857086420059204,1.857086420059204,1.9516464471817017
pretrained_cnn,SR,/home/adadhwal/PhIRE/ttk_runs_fixed/cnn/pd/cnn_SR_s69_speed_p160_x0_y0_pd_port_0.vtu,7d082cd2ad67fcb13c0d7167ca3cc3201797e7359be0584ac3c93d4a832ac03d,113,113,0,1,1.8595266342163086,1.9318307638168335,0.0723041296005249,0,1,15680,15681,0,98,1,98,identity,0,98,1,98,1.8595266342163086,1.8595266342163086,1.8595266342163086,1.9318307638168335
pretrained_cnn,SR,/home/adadhwal/PhIRE/ttk_runs_fixed/cnn/pd/cnn_SR_s69_speed_p160_x0_y0_pd_port_0.vtu,7d082cd2ad67fcb13c0d7167ca3cc3201797e7359be0584ac3c93d4a832ac03d,114,114,0,1,1.8653886318206787,1.9113413095474243,0.045952677726745605,0,1,16010,15850,10,100,10,99,identity,10,100,10,99,1.8653886318206787,1.8653886318206787,1.8653886318206787,1.9113413095474243
pretrained_cnn,SR,/home/adadhwal/PhIRE/ttk_runs_fixed/cnn/pd/cnn_SR_s69_speed_p160_x0_y0_pd_port_0.vtu,7d082cd2ad67fcb13c0d7167ca3cc3201797e7359be0584ac3c93d4a832ac03d,115,115,0,1,1.8820935487747192,2.1100759506225586,0.22798240184783936,0,1,895,893,95,5,93,5,identity,95,5,93,5,1.8820935487747192,1.8820935487747192,1.8820935487747192,2.1100759506225586
pretrained_cnn,SR,/home/adadhwal/PhIRE/ttk_runs_fixed/cnn/pd/cnn_SR_s69_speed_p160_x0_y0_pd_port_0.vtu,7d082cd2ad67fcb13c0d7167ca3cc3201797e7359be0584ac3c93d4a832ac03d,116,116,0,1,1.8849458694458008,1.938872218132019,0.05392634868621826,0,1,9063,9062,103,56,102,56,identity,103,56,102,56,1.8849458694458008,1.8849458694458008,1.8849458694458008,1.938872218132019
pretrained_cnn,SR,/home/adadhwal/PhIRE/ttk_runs_fixed/cnn/pd/cnn_SR_s69_speed_p160_x0_y0_pd_port_0.vtu,7d082cd2ad67fcb13c0d7167ca3cc3201797e7359be0584ac3c93d4a832ac03d,117,117,0,1,1.890604853630066,1.9558347463607788,0.06522989273071289,0,1,16493,16172,13,103,12,101,identity,13,103,12,101,1.890604853630066,1.890604853630066,1.890604853630066,1.9558347463607788
pretrained_cnn,SR,/home/adadhwal/PhIRE/ttk_runs_fixed/cnn/pd/cnn_SR_s69_speed_p160_x0_y0_pd_port_0.vtu,7d082cd2ad67fcb13c0d7167ca3cc3201797e7359be0584ac3c93d4a832ac03d,118,118,0,1,1.8930761814117432,1.9319934844970703,0.03891730308532715,0,1,1559,1719,119,9,119,10,identity,119,9,119,10,1.8930761814117432,1.8930761814117432,1.8930761814117432,1.9319934844970703
pretrained_cnn,SR,/home/adadhwal/PhIRE/ttk_runs_fixed/cnn/pd/cnn_SR_s69_speed_p160_x0_y0_pd_port_0.vtu,7d082cd2ad67fcb13c0d7167ca3cc3201797e7359be0584ac3c93d4a832ac03d,119,119,0,1,1.893298864364624,1.9124419689178467,0.019143104553222656,0,1,24497,24335,17,153,15,152,identity,17,153,15,152,1.893298864364624,1.893298864364624,1.893298864364624,1.9124419689178467
pretrained_cnn,SR,/home/adadhwal/PhIRE/ttk_runs_fixed/cnn/pd/cnn_SR_s69_speed_p160_x0_y0_pd_port_0.vtu,7d082cd2ad67fcb13c0d7167ca3cc3201797e7359be0584ac3c93d4a832ac03d,120,120,0,1,1.894445776939392,2.018165349960327,0.12371957302093506,0,1,3930,3931,90,24,91,24,identity,90,24,91,24,1.894445776939392,1.894445776939392,1.894445776939392,2.018165349960327
pretrained_cnn,SR,/home/adadhwal/PhIRE/ttk_runs_fixed/cnn/pd/cnn_SR_s69_speed_p160_x0_y0_pd_port_0.vtu,7d082cd2ad67fcb13c0d7167ca3cc3201797e7359be0584ac3c93d4a832ac03d,121,121,0,1,1.894516110420227,1.9948869943618774,0.10037088394165039,0,1,6834,6833,114,42,113,42,identity,114,42,113,42,1.894516110420227,1.894516110420227,1.894516110420227,1.9948869943618774
pretrained_cnn,SR,/home/adadhwal/PhIRE/ttk_runs_fixed/cnn/pd/cnn_SR_s69_speed_p160_x0_y0_pd_port_0.vtu,7d082cd2ad67fcb13c0d7167ca3cc3201797e7359be0584ac3c93d4a832ac03d,122,122,0,1,1.8993107080459595,1.9060184955596924,0.00670778751373291,0,1,24336,24496,16,152,16,153,identity,16,152,16,153,1.8993107080459595,1.8993107080459595,1.8993107080459595,1.9060184955596924
pretrained_cnn,SR,/home/adadhwal/PhIRE/ttk_runs_fixed/cnn/pd/cnn_SR_s69_speed_p160_x0_y0_pd_port_0.vtu,7d082cd2ad67fcb13c0d7167ca3cc3201797e7359be0584ac3c93d4a832ac03d,123,123,0,1,1.9003474712371826,1.9032578468322754,0.0029103755950927734,0,1,16654,16494,14,104,14,103,identity,14,104,14,103,1.9003474712371826,1.9003474712371826,1.9003474712371826,1.9032578468322754
pretrained_cnn,SR,/home/adadhwal/PhIRE/ttk_runs_fixed/cnn/pd/cnn_SR_s69_speed_p160_x0_y0_pd_port_0.vtu,7d082cd2ad67fcb13c0d7167ca3cc3201797e7359be0584ac3c93d4a832ac03d,124,124,1,1,1.9102716445922852,2.5443975925445557,0.6341259479522705,2,3,6671,6347,111,41,107,39,identity,111,41,107,39,1.9102716445922852,1.9102716445922852,1.9102716445922852,2.5443975925445557
pretrained_cnn,SR,/home/adadhwal/PhIRE/ttk_runs_fixed/cnn/pd/cnn_SR_s69_speed_p160_x0_y0_pd_port_0.vtu,7d082cd2ad67fcb13c0d7167ca3cc3201797e7359be0584ac3c93d4a832ac03d,125,125,0,1,1.919201374053955,2.108400344848633,0.18919897079467773,0,1,3786,4105,106,23,105,25,identity,106,23,105,25,1.919201374053955,1.919201374053955,1.919201374053955,2.108400344848633
pretrained_cnn,SR,/home/adadhwal/PhIRE/ttk_runs_fixed/cnn/pd/cnn_SR_s69_speed_p160_x0_y0_pd_port_0.vtu,7d082cd2ad67fcb13c0d7167ca3cc3201797e7359be0584ac3c93d4a832ac03d,126,126,0,1,1.9238102436065674,1.924525260925293,0.0007150173187255859,0,1,24659,24658,19,154,18,154,identity,19,154,18,154,1.9238102436065674,1.9238102436065674,1.9238102436065674,1.924525260925293
pretrained_cnn,SR,/home/adadhwal/PhIRE/ttk_runs_fixed/cnn/pd/cnn_SR_s69_speed_p160_x0_y0_pd_port_0.vtu,7d082cd2ad67fcb13c0d7167ca3cc3201797e7359be0584ac3c93d4a832ac03d,127,127,0,1,1.9459869861602783,4.805111885070801,2.8591248989105225,0,1,1938,2572,18,12,12,16,identity,18,12,12,16,1.9459869861602783,1.9459869861602783,1.9459869861602783,4.805111885070801
pretrained_cnn,SR,/home/adadhwal/PhIRE/ttk_runs_fixed/cnn/pd/cnn_SR_s69_speed_p160_x0_y0_pd_port_0.vtu,7d082cd2ad67fcb13c0d7167ca3cc3201797e7359be0584ac3c93d4a832ac03d,128,128,1,1,1.9555656909942627,2.4783101081848145,0.5227444171905518,2,3,6668,6986,108,41,106,43,identity,108,41,106,43,1.9555656909942627,1.9555656909942627,1.9555656909942627,2.4783101081848145
pretrained_cnn,SR,/home/adadhwal/PhIRE/ttk_runs_fixed/cnn/pd/cnn_SR_s69_speed_p160_x0_y0_pd_port_0.vtu,7d082cd2ad67fcb13c0d7167ca3cc3201797e7359be0584ac3c93d4a832ac03d,129,129,0,1,1.9574381113052368,2.024798631668091,0.067360520362854,0,1,1242,1241,122,7,121,7,identity,122,7,121,7,1.9574381113052368,1.9574381113052368,1.9574381113052368,2.024798631668091
pretrained_cnn,SR,/home/adadhwal/PhIRE/ttk_runs_fixed/cnn/pd/cnn_SR_s69_speed_p160_x0_y0_pd_port_0.vtu,7d082cd2ad67fcb13c0d7167ca3cc3201797e7359be0584ac3c93d4a832ac03d,130,130,1,1,1.9640469551086426,1.9659483432769775,0.001901388168334961,2,3,23694,23854,14,148,14,149,identity,14,148,14,149,1.9640469551086426,1.9640469551086426,1.9640469551086426,1.9659483432769775
pretrained_cnn,SR,/home/adadhwal/PhIRE/ttk_runs_fixed/cnn/pd/cnn_SR_s69_speed_p160_x0_y0_pd_port_0.vtu,7d082cd2ad67fcb13c0d7167ca3cc3201797e7359be0584ac3c93d4a832ac03d,131,131,1,1,1.9693793058395386,2.305647373199463,0.3362680673599243,2,3,535,693,55,3,53,4,identity,55,3,53,4,1.9693793058395386,1.9693793058395386,1.9693793058395386,2.305647373199463
pretrained_cnn,SR,/home/adadhwal/PhIRE/ttk_runs_fixed/cnn/pd/cnn_SR_s69_speed_p160_x0_y0_pd_port_0.vtu,7d082cd2ad67fcb13c0d7167ca3cc3201797e7359be0584ac3c93d4a832ac03d,132,132,1,1,1.9750936031341553,1.9779624938964844,0.0028688907623291016,2,3,21764,21763,4,136,3,136,identity,4,136,3,136,1.9750936031341553,1.9750936031341553,1.9750936031341553,1.9779624938964844
pretrained_cnn,SR,/home/adadhwal/PhIRE/ttk_runs_fixed/cnn/pd/cnn_SR_s69_speed_p160_x0_y0_pd_port_0.vtu,7d082cd2ad67fcb13c0d7167ca3cc3201797e7359be0584ac3c93d4a832ac03d,133,133,1,1,1.976947546005249,1.9931381940841675,0.016190648078918457,2,3,23691,23692,11,148,12,148,identity,11,148,12,148,1.976947546005249,1.976947546005249,1.976947546005249,1.9931381940841675
pretrained_cnn,SR,/home/adadhwal/PhIRE/ttk_runs_fixed/cnn/pd/cnn_SR_s69_speed_p160_x0_y0_pd_port_0.vtu,7d082cd2ad67fcb13c0d7167ca3cc3201797e7359be0584ac3c93d4a832ac03d,134,134,0,1,1.978273630142212,2.0258824825286865,0.04760885238647461,0,1,9224,9223,104,57,103,57,identity,104,57,103,57,1.978273630142212,1.978273630142212,1.978273630142212,2.0258824825286865
pretrained_cnn,SR,/home/adadhwal/PhIRE/ttk_runs_fixed/cnn/pd/cnn_SR_s69_speed_p160_x0_y0_pd_port_0.vtu,7d082cd2ad67fcb13c0d7167ca3cc3201797e7359be0584ac3c93d4a832ac03d,135,135,1,1,1.9882625341415405,2.025331497192383,0.037068963050842285,2,3,691,689,51,4,49,4,identity,51,4,49,4,1.9882625341415405,1.9882625341415405,1.9882625341415405,2.025331497192383
pretrained_cnn,SR,/home/adadhwal/PhIRE/ttk_runs_fixed/cnn/pd/cnn_SR_s69_speed_p160_x0_y0_pd_port_0.vtu,7d082cd2ad67fcb13c0d7167ca3cc3201797e7359be0584ac3c93d4a832ac03d,136,136,0,1,1.9945707321166992,2.0317800045013428,0.037209272384643555,0,1,2777,2937,57,17,57,18,identity,57,17,57,18,1.9945707321166992,1.9945707321166992,1.9945707321166992,2.0317800045013428
pretrained_cnn,SR,/home/adadhwal/PhIRE/ttk_runs_fixed/cnn/pd/cnn_SR_s69_speed_p160_x0_y0_pd_port_0.vtu,7d082cd2ad67fcb13c0d7167ca3cc3201797e7359be0584ac3c93d4a832ac03d,137,137,0,1,2.0072226524353027,2.056245803833008,0.04902315139770508,0,1,2818,2817,98,17,97,17,identity,98,17,97,17,2.0072226524353027,2.0072226524353027,2.0072226524353027,2.056245803833008
pretrained_cnn,SR,/home/adadhwal/PhIRE/ttk_runs_fixed/cnn/pd/cnn_SR_s69_speed_p160_x0_y0_pd_port_0.vtu,7d082cd2ad67fcb13c0d7167ca3cc3201797e7359be0584ac3c93d4a832ac03d,138,138,0,1,2.025888204574585,2.027749538421631,0.0018613338470458984,0,1,25455,25454,15,159,14,159,identity,15,159,14,159,2.025888204574585,2.025888204574585,2.025888204574585,2.027749538421631
pretrained_cnn,SR,/home/adadhwal/PhIRE/ttk_runs_fixed/cnn/pd/cnn_SR_s69_speed_p160_x0_y0_pd_port_0.vtu,7d082cd2ad67fcb13c0d7167ca3cc3201797e7359be0584ac3c93d4a832ac03d,139,139,0,1,2.0385403633117676,2.13378643989563,0.0952460765838623,0,1,9544,9384,104,59,104,58,identity,104,59,104,58,2.0385403633117676,2.0385403633117676,2.0385403633117676,2.13378643989563
pretrained_cnn,SR,/home/adadhwal/PhIRE/ttk_runs_fixed/cnn/pd/cnn_SR_s69_speed_p160_x0_y0_pd_port_0.vtu,7d082cd2ad67fcb13c0d7167ca3cc3201797e7359be0584ac3c93d4a832ac03d,140,140,1,1,2.038788318634033,2.0498573780059814,0.011069059371948242,2,3,1561,1401,121,9,121,8,identity,121,9,121,8,2.038788318634033,2.038788318634033,2.038788318634033,2.0498573780059814
pretrained_cnn,SR,/home/adadhwal/PhIRE/ttk_runs_fixed/cnn/pd/cnn_SR_s69_speed_p160_x0_y0_pd_port_0.vtu,7d082cd2ad67fcb13c0d7167ca3cc3201797e7359be0584ac3c93d4a832ac03d,141,141,0,1,2.0388152599334717,5.473734378814697,3.4349191188812256,0,1,10461,9838,61,65,78,61,identity,61,65,78,61,2.0388152599334717,2.0388152599334717,2.0388152599334717,5.473734378814697
pretrained_cnn,SR,/home/adadhwal/PhIRE/ttk_runs_fixed/cnn/pd/cnn_SR_s69_speed_p160_x0_y0_pd_port_0.vtu,7d082cd2ad67fcb13c0d7167ca3cc3201797e7359be0584ac3c93d4a832ac03d,142,142,0,1,2.03960919380188,2.2025089263916016,0.16289973258972168,0,1,2524,2202,124,15,122,13,identity,124,15,122,13,2.03960919380188,2.03960919380188,2.03960919380188,2.2025089263916016
pretrained_cnn,SR,/home/adadhwal/PhIRE/ttk_runs_fixed/cnn/pd/cnn_SR_s69_speed_p160_x0_y0_pd_port_0.vtu,7d082cd2ad67fcb13c0d7167ca3cc3201797e7359be0584ac3c93d4a832ac03d,143,143,0,1,2.0425100326538086,2.2530815601348877,0.2105715274810791,0,1,3328,3007,128,20,127,18,identity,128,20,127,18,2.0425100326538086,2.0425100326538086,2.0425100326538086,2.2530815601348877
pretrained_cnn,SR,/home/adadhwal/PhIRE/ttk_runs_fixed/cnn/pd/cnn_SR_s69_speed_p160_x0_y0_pd_port_0.vtu,7d082cd2ad67fcb13c0d7167ca3cc3201797e7359be0584ac3c93d4a832ac03d,144,144,1,1,2.0500917434692383,2.062666416168213,0.01257467269897461,2,3,25296,25295,16,158,15,158,identity,16,158,15,158,2.0500917434692383,2.0500917434692383,2.0500917434692383,2.062666416168213
pretrained_cnn,SR,/home/adadhwal/PhIRE/ttk_runs_fixed/cnn/pd/cnn_SR_s69_speed_p160_x0_y0_pd_port_0.vtu,7d082cd2ad67fcb13c0d7167ca3cc3201797e7359be0584ac3c93d4a832ac03d,145,145,0,1,2.0504980087280273,2.7037389278411865,0.6532409191131592,0,1,2989,3308,109,18,108,20,identity,109,18,108,20,2.0504980087280273,2.0504980087280273,2.0504980087280273,2.7037389278411865
pretrained_cnn,SR,/home/adadhwal/PhIRE/ttk_runs_fixed/cnn/pd/cnn_SR_s69_speed_p160_x0_y0_pd_port_0.vtu,7d082cd2ad67fcb13c0d7167ca3cc3201797e7359be0584ac3c93d4a832ac03d,146,146,0,1,2.054210662841797,2.071016311645508,0.016805648803710938,0,1,2041,1880,121,12,120,11,identity,121,12,120,11,2.054210662841797,2.054210662841797,2.054210662841797,2.071016311645508
pretrained_cnn,SR,/home/adadhwal/PhIRE/ttk_runs_fixed/cnn/pd/cnn_SR_s69_speed_p160_x0_y0_pd_port_0.vtu,7d082cd2ad67fcb13c0d7167ca3cc3201797e7359be0584ac3c93d4a832ac03d,147,147,0,1,2.054323673248291,2.061893939971924,0.0075702667236328125,0,1,3947,3946,107,24,106,24,identity,107,24,106,24,2.054323673248291,2.054323673248291,2.054323673248291,2.061893939971924
pretrained_cnn,SR,/home/adadhwal/PhIRE/ttk_runs_fixed/cnn/pd/cnn_SR_s69_speed_p160_x0_y0_pd_port_0.vtu,7d082cd2ad67fcb13c0d7167ca3cc3201797e7359be0584ac3c93d4a832ac03d,148,148,1,1,2.068185329437256,2.087980270385742,0.019794940948486328,2,3,5215,5375,95,32,95,33,identity,95,32,95,33,2.068185329437256,2.068185329437256,2.068185329437256,2.087980270385742
pretrained_cnn,SR,/home/adadhwal/PhIRE/ttk_runs_fixed/cnn/pd/cnn_SR_s69_speed_p160_x0_y0_pd_port_0.vtu,7d082cd2ad67fcb13c0d7167ca3cc3201797e7359be0584ac3c93d4a832ac03d,149,149,0,1,2.0738089084625244,2.341813564300537,0.2680046558380127,0,1,5525,5524,85,34,84,34,identity,85,34,84,34,2.0738089084625244,2.0738089084625244,2.0738089084625244,2.341813564300537
pretrained_cnn,SR,/home/adadhwal/PhIRE/ttk_runs_fixed/cnn/pd/cnn_SR_s69_speed_p160_x0_y0_pd_port_0.vtu,7d082cd2ad67fcb13c0d7167ca3cc3201797e7359be0584ac3c93d4a832ac03d,150,150,0,1,2.075916051864624,2.1017680168151855,0.025851964950561523,0,1,860,859,60,5,59,5,identity,60,5,59,5,2.075916051864624,2.075916051864624,2.075916051864624,2.1017680168151855
pretrained_cnn,SR,/home/adadhwal/PhIRE/ttk_runs_fixed/cnn/pd/cnn_SR_s69_speed_p160_x0_y0_pd_port_0.vtu,7d082cd2ad67fcb13c0d7167ca3cc3201797e7359be0584ac3c93d4a832ac03d,151,151,1,1,2.0834717750549316,2.1254258155822754,0.04195404052734375,2,3,12968,13127,8,81,7,82,identity,8,81,7,82,2.0834717750549316,2.0834717750549316,2.0834717750549316,2.1254258155822754
pretrained_cnn,SR,/home/adadhwal/PhIRE/ttk_runs_fixed/cnn/pd/cnn_SR_s69_speed_p160_x0_y0_pd_port_0.vtu,7d082cd2ad67fcb13c0d7167ca3cc3201797e7359be0584ac3c93d4a832ac03d,152,152,0,1,2.0898334980010986,2.2278969287872314,0.1380634307861328,0,1,3970,3809,130,24,129,23,identity,130,24,129,23,2.0898334980010986,2.0898334980010986,2.0898334980010986,2.2278969287872314
pretrained_cnn,SR,/home/adadhwal/PhIRE/ttk_runs_fixed/cnn/pd/cnn_SR_s69_speed_p160_x0_y0_pd_port_0.vtu,7d082cd2ad67fcb13c0d7167ca3cc3201797e7359be0584ac3c93d4a832ac03d,153,153,0,1,2.0939905643463135,2.0975730419158936,0.003582477569580078,0,1,21927,22087,7,137,7,138,identity,7,137,7,138,2.0939905643463135,2.0939905643463135,2.0939905643463135,2.0975730419158936
pretrained_cnn,SR,/home/adadhwal/PhIRE/ttk_runs_fixed/cnn/pd/cnn_SR_s69_speed_p160_x0_y0_pd_port_0.vtu,7d082cd2ad67fcb13c0d7167ca3cc3201797e7359be0584ac3c93d4a832ac03d,154,154,1,1,2.099738597869873,2.1208832263946533,0.021144628524780273,2,3,21926,22086,6,137,6,138,identity,6,137,6,138,2.099738597869873,2.099738597869873,2.099738597869873,2.1208832263946533
pretrained_cnn,SR,/home/adadhwal/PhIRE/ttk_runs_fixed/cnn/pd/cnn_SR_s69_speed_p160_x0_y0_pd_port_0.vtu,7d082cd2ad67fcb13c0d7167ca3cc3201797e7359be0584ac3c93d4a832ac03d,155,155,1,1,2.109611988067627,2.1118736267089844,0.002261638641357422,2,3,15363,15364,3,96,4,96,identity,3,96,4,96,2.109611988067627,2.109611988067627,2.109611988067627,2.1118736267089844
pretrained_cnn,SR,/home/adadhwal/PhIRE/ttk_runs_fixed/cnn/pd/cnn_SR_s69_speed_p160_x0_y0_pd_port_0.vtu,7d082cd2ad67fcb13c0d7167ca3cc3201797e7359be0584ac3c93d4a832ac03d,156,156,0,1,2.113675832748413,2.5558524131774902,0.44217658042907715,0,1,424,740,104,2,100,4,identity,104,2,100,4,2.113675832748413,2.113675832748413,2.113675832748413,2.5558524131774902
pretrained_cnn,SR,/home/adadhwal/PhIRE/ttk_runs_fixed/cnn/pd/cnn_SR_s69_speed_p160_x0_y0_pd_port_0.vtu,7d082cd2ad67fcb13c0d7167ca3cc3201797e7359be0584ac3c93d4a832ac03d,157,157,1,1,2.132927179336548,2.140828847885132,0.007901668548583984,2,3,7153,7152,113,44,112,44,identity,113,44,112,44,2.132927179336548,2.132927179336548,2.132927179336548,2.140828847885132
pretrained_cnn,SR,/home/adadhwal/PhIRE/ttk_runs_fixed/cnn/pd/cnn_SR_s69_speed_p160_x0_y0_pd_port_0.vtu,7d082cd2ad67fcb13c0d7167ca3cc3201797e7359be0584ac3c93d4a832ac03d,158,158,0,1,2.1433827877044678,2.2097511291503906,0.06636834144592285,0,1,3462,3623,102,21,103,22,identity,102,21,103,22,2.1433827877044678,2.1433827877044678,2.1433827877044678,2.2097511291503906
pretrained_cnn,SR,/home/adadhwal/PhIRE/ttk_runs_fixed/cnn/pd/cnn_SR_s69_speed_p160_x0_y0_pd_port_0.vtu,7d082cd2ad67fcb13c0d7167ca3cc3201797e7359be0584ac3c93d4a832ac03d,159,159,1,1,2.153571844100952,2.1926681995391846,0.03909635543823242,2,3,1179,1019,59,7,59,6,identity,59,7,59,6,2.153571844100952,2.153571844100952,2.153571844100952,2.1926681995391846
pretrained_cnn,SR,/home/adadhwal/PhIRE/ttk_runs_fixed/cnn/pd/cnn_SR_s69_speed_p160_x0_y0_pd_port_0.vtu,7d082cd2ad67fcb13c0d7167ca3cc3201797e7359be0584ac3c93d4a832ac03d,160,160,0,1,2.162386655807495,2.2833335399627686,0.12094688415527344,0,1,4563,4723,83,28,83,29,identity,83,28,83,29,2.162386655807495,2.162386655807495,2.162386655807495,2.2833335399627686
pretrained_cnn,SR,/home/adadhwal/PhIRE/ttk_runs_fixed/cnn/pd/cnn_SR_s69_speed_p160_x0_y0_pd_port_0.vtu,7d082cd2ad67fcb13c0d7167ca3cc3201797e7359be0584ac3c93d4a832ac03d,161,161,0,1,2.170128345489502,2.3106749057769775,0.14054656028747559,0,1,3141,2980,101,19,100,18,identity,101,19,100,18,2.170128345489502,2.170128345489502,2.170128345489502,2.3106749057769775
pretrained_cnn,SR,/home/adadhwal/PhIRE/ttk_runs_fixed/cnn/pd/cnn_SR_s69_speed_p160_x0_y0_pd_port_0.vtu,7d082cd2ad67fcb13c0d7167ca3cc3201797e7359be0584ac3c93d4a832ac03d,162,162,0,1,2.188507556915283,6.80988073348999,4.621373176574707,0,1,17574,16911,134,109,111,105,identity,134,109,111,105,2.188507556915283,2.188507556915283,2.188507556915283,6.80988073348999
pretrained_cnn,SR,/home/adadhwal/PhIRE/ttk_runs_fixed/cnn/pd/cnn_SR_s69_speed_p160_x0_y0_pd_port_0.vtu,7d082cd2ad67fcb13c0d7167ca3cc3201797e7359be0584ac3c93d4a832ac03d,163,163,0,1,2.194844961166382,2.6023101806640625,0.40746521949768066,0,1,437,441,117,2,121,2,identity,117,2,121,2,2.194844961166382,2.194844961166382,2.194844961166382,2.6023101806640625
pretrained_cnn,SR,/home/adadhwal/PhIRE/ttk_runs_fixed/cnn/pd/cnn_SR_s69_speed_p160_x0_y0_pd_port_0.vtu,7d082cd2ad67fcb13c0d7167ca3cc3201797e7359be0584ac3c93d4a832ac03d,164,164,0,1,2.201143741607666,2.5405585765838623,0.3394148349761963,0,1,2466,2310,66,15,70,14,identity,66,15,70,14,2.201143741607666,2.201143741607666,2.201143741607666,2.5405585765838623
pretrained_cnn,SR,/home/adadhwal/PhIRE/ttk_runs_fixed/cnn/pd/cnn_SR_s69_speed_p160_x0_y0_pd_port_0.vtu,7d082cd2ad67fcb13c0d7167ca3cc3201797e7359be0584ac3c93d4a832ac03d,165,165,0,1,2.2048096656799316,2.2063779830932617,0.0015683174133300781,0,1,22410,22250,10,140,10,139,identity,10,140,10,139,2.2048096656799316,2.2048096656799316,2.2048096656799316,2.2063779830932617
pretrained_cnn,SR,/home/adadhwal/PhIRE/ttk_runs_fixed/cnn/pd/cnn_SR_s69_speed_p160_x0_y0_pd_port_0.vtu,7d082cd2ad67fcb13c0d7167ca3cc3201797e7359be0584ac3c93d4a832ac03d,166,166,1,1,2.20623517036438,2.2265465259552,0.020311355590820312,2,3,6508,6510,108,40,110,40,identity,108,40,110,40,2.20623517036438,2.20623517036438,2.20623517036438,2.2265465259552
pretrained_cnn,SR,/home/adadhwal/PhIRE/ttk_runs_fixed/cnn/pd/cnn_SR_s69_speed_p160_x0_y0_pd_port_0.vtu,7d082cd2ad67fcb13c0d7167ca3cc3201797e7359be0584ac3c93d4a832ac03d,167,167,0,1,2.2264015674591064,2.2835545539855957,0.05715298652648926,0,1,3444,3443,84,21,83,21,identity,84,21,83,21,2.2264015674591064,2.2264015674591064,2.2264015674591064,2.2835545539855957
pretrained_cnn,SR,/home/adadhwal/PhIRE/ttk_runs_fixed/cnn/pd/cnn_SR_s69_speed_p160_x0_y0_pd_port_0.vtu,7d082cd2ad67fcb13c0d7167ca3cc3201797e7359be0584ac3c93d4a832ac03d,168,168,1,1,2.258289337158203,2.297647714614868,0.03935837745666504,2,3,22891,23210,11,143,10,145,identity,11,143,10,145,2.258289337158203,2.258289337158203,2.258289337158203,2.297647714614868
pretrained_cnn,SR,/home/adadhwal/PhIRE/ttk_runs_fixed/cnn/pd/cnn_SR_s69_speed_p160_x0_y0_pd_port_0.vtu,7d082cd2ad67fcb13c0d7167ca3cc3201797e7359be0584ac3c93d4a832ac03d,169,169,0,1,2.2614033222198486,2.798044443130493,0.5366411209106445,0,1,7484,7799,124,46,119,48,identity,124,46,119,48,2.2614033222198486,2.2614033222198486,2.2614033222198486,2.798044443130493
pretrained_cnn,SR,/home/adadhwal/PhIRE/ttk_runs_fixed/cnn/pd/cnn_SR_s69_speed_p160_x0_y0_pd_port_0.vtu,7d082cd2ad67fcb13c0d7167ca3cc3201797e7359be0584ac3c93d4a832ac03d,170,170,1,1,2.2622642517089844,2.286675214767456,0.02441096305847168,2,3,22890,22569,10,143,9,141,identity,10,143,9,141,2.2622642517089844,2.2622642517089844,2.2622642517089844,2.286675214767456
pretrained_cnn,SR,/home/adadhwal/PhIRE/ttk_runs_fixed/cnn/pd/cnn_SR_s69_speed_p160_x0_y0_pd_port_0.vtu,7d082cd2ad67fcb13c0d7167ca3cc3201797e7359be0584ac3c93d4a832ac03d,171,171,0,1,2.280024290084839,2.4200830459594727,0.1400587558746338,0,1,912,754,112,5,114,4,identity,112,5,114,4,2.280024290084839,2.280024290084839,2.280024290084839,2.4200830459594727
pretrained_cnn,SR,/home/adadhwal/PhIRE/ttk_runs_fixed/cnn/pd/cnn_SR_s69_speed_p160_x0_y0_pd_port_0.vtu,7d082cd2ad67fcb13c0d7167ca3cc3201797e7359be0584ac3c93d4a832ac03d,172,172,0,1,2.3024730682373047,2.306058645248413,0.0035855770111083984,0,1,22414,22574,14,140,14,141,identity,14,140,14,141,2.3024730682373047,2.3024730682373047,2.3024730682373047,2.306058645248413
pretrained_cnn,SR,/home/adadhwal/PhIRE/ttk_runs_fixed/cnn/pd/cnn_SR_s69_speed_p160_x0_y0_pd_port_0.vtu,7d082cd2ad67fcb13c0d7167ca3cc3201797e7359be0584ac3c93d4a832ac03d,173,173,1,1,2.3042986392974854,2.5048067569732666,0.20050811767578125,2,3,59,537,59,0,57,3,identity,59,0,57,3,2.3042986392974854,2.3042986392974854,2.3042986392974854,2.5048067569732666
pretrained_cnn,SR,/home/adadhwal/PhIRE/ttk_runs_fixed/cnn/pd/cnn_SR_s69_speed_p160_x0_y0_pd_port_0.vtu,7d082cd2ad67fcb13c0d7167ca3cc3201797e7359be0584ac3c93d4a832ac03d,174,174,1,1,2.311527729034424,2.332005023956299,0.020477294921875,2,3,22254,22573,14,139,13,141,identity,14,139,13,141,2.311527729034424,2.311527729034424,2.311527729034424,2.332005023956299
pretrained_cnn,SR,/home/adadhwal/PhIRE/ttk_runs_fixed/cnn/pd/cnn_SR_s69_speed_p160_x0_y0_pd_port_0.vtu,7d082cd2ad67fcb13c0d7167ca3cc3201797e7359be0584ac3c93d4a832ac03d,175,175,0,1,2.323004722595215,2.3645284175872803,0.04152369499206543,0,1,9002,8842,42,56,42,55,identity,42,56,42,55,2.323004722595215,2.323004722595215,2.323004722595215,2.3645284175872803
pretrained_cnn,SR,/home/adadhwal/PhIRE/ttk_runs_fixed/cnn/pd/cnn_SR_s69_speed_p160_x0_y0_pd_port_0.vtu,7d082cd2ad67fcb13c0d7167ca3cc3201797e7359be0584ac3c93d4a832ac03d,176,176,0,1,2.323284149169922,3.873980760574341,1.550696611404419,0,1,1607,3521,7,10,1,22,identity,7,10,1,22,2.323284149169922,2.323284149169922,2.323284149169922,3.873980760574341
pretrained_cnn,SR,/home/adadhwal/PhIRE/ttk_runs_fixed/cnn/pd/cnn_SR_s69_speed_p160_x0_y0_pd_port_0.vtu,7d082cd2ad67fcb13c0d7167ca3cc3201797e7359be0584ac3c93d4a832ac03d,177,177,0,1,2.3246734142303467,2.3419172763824463,0.01724386215209961,0,1,22741,22740,21,142,20,142,identity,21,142,20,142,2.3246734142303467,2.3246734142303467,2.3246734142303467,2.3419172763824463
pretrained_cnn,SR,/home/adadhwal/PhIRE/ttk_runs_fixed/cnn/pd/cnn_SR_s69_speed_p160_x0_y0_pd_port_0.vtu,7d082cd2ad67fcb13c0d7167ca3cc3201797e7359be0584ac3c93d4a832ac03d,178,178,1,1,2.331954002380371,2.488720655441284,0.15676665306091309,2,3,538,540,58,3,60,3,identity,58,3,60,3,2.331954002380371,2.331954002380371,2.331954002380371,2.488720655441284
pretrained_cnn,SR,/home/adadhwal/PhIRE/ttk_runs_fixed/cnn/pd/cnn_SR_s69_speed_p160_x0_y0_pd_port_0.vtu,7d082cd2ad67fcb13c0d7167ca3cc3201797e7359be0584ac3c93d4a832ac03d,179,179,1,1,2.345379590988159,2.3551764488220215,0.009796857833862305,2,3,15371,15211,11,96,11,95,identity,11,96,11,95,2.345379590988159,2.345379590988159,2.345379590988159,2.3551764488220215
pretrained_cnn,SR,/home/adadhwal/PhIRE/ttk_runs_fixed/cnn/pd/cnn_SR_s69_speed_p160_x0_y0_pd_port_0.vtu,7d082cd2ad67fcb13c0d7167ca3cc3201797e7359be0584ac3c93d4a832ac03d,180,180,0,1,2.364142656326294,2.3704276084899902,0.006284952163696289,0,1,9163,9162,43,57,42,57,identity,43,57,42,57,2.364142656326294,2.364142656326294,2.364142656326294,2.3704276084899902
pretrained_cnn,SR,/home/adadhwal/PhIRE/ttk_runs_fixed/cnn/pd/cnn_SR_s69_speed_p160_x0_y0_pd_port_0.vtu,7d082cd2ad67fcb13c0d7167ca3cc3201797e7359be0584ac3c93d4a832ac03d,181,181,0,1,2.3819992542266846,2.4729177951812744,0.09091854095458984,0,1,115,116,115,0,116,0,identity,115,0,116,0,2.3819992542266846,2.3819992542266846,2.3819992542266846,2.4729177951812744
pretrained_cnn,SR,/home/adadhwal/PhIRE/ttk_runs_fixed/cnn/pd/cnn_SR_s69_speed_p160_x0_y0_pd_port_0.vtu,7d082cd2ad67fcb13c0d7167ca3cc3201797e7359be0584ac3c93d4a832ac03d,182,182,0,1,2.396559715270996,2.4556424617767334,0.059082746505737305,0,1,8160,8162,0,51,2,51,identity,0,51,2,51,2.396559715270996,2.396559715270996,2.396559715270996,2.4556424617767334
pretrained_cnn,SR,/home/adadhwal/PhIRE/ttk_runs_fixed/cnn/pd/cnn_SR_s69_speed_p160_x0_y0_pd_port_0.vtu,7d082cd2ad67fcb13c0d7167ca3cc3201797e7359be0584ac3c93d4a832ac03d,183,183,0,1,2.3974769115448,2.5723090171813965,0.17483210563659668,0,1,6720,7041,0,42,1,44,identity,0,42,1,44,2.3974769115448,2.3974769115448,2.3974769115448,2.5723090171813965
pretrained_cnn,SR,/home/adadhwal/PhIRE/ttk_runs_fixed/cnn/pd/cnn_SR_s69_speed_p160_x0_y0_pd_port_0.vtu,7d082cd2ad67fcb13c0d7167ca3cc3201797e7359be0584ac3c93d4a832ac03d,184,184,0,1,2.4072110652923584,2.4243600368499756,0.017148971557617188,0,1,5076,5236,116,31,116,32,identity,116,31,116,32,2.4072110652923584,2.4072110652923584,2.4072110652923584,2.4243600368499756
pretrained_cnn,SR,/home/adadhwal/PhIRE/ttk_runs_fixed/cnn/pd/cnn_SR_s69_speed_p160_x0_y0_pd_port_0.vtu,7d082cd2ad67fcb13c0d7167ca3cc3201797e7359be0584ac3c93d4a832ac03d,185,185,0,1,2.4217212200164795,2.4358162879943848,0.014095067977905273,0,1,2309,2308,69,14,68,14,identity,69,14,68,14,2.4217212200164795,2.4217212200164795,2.4217212200164795,2.4358162879943848
pretrained_cnn,SR,/home/adadhwal/PhIRE/ttk_runs_fixed/cnn/pd/cnn_SR_s69_speed_p160_x0_y0_pd_port_0.vtu,7d082cd2ad67fcb13c0d7167ca3cc3201797e7359be0584ac3c93d4a832ac03d,186,186,0,1,2.423854351043701,2.595612049102783,0.17175769805908203,0,1,1540,1220,100,9,100,7,identity,100,9,100,7,2.423854351043701,2.423854351043701,2.423854351043701,2.595612049102783
pretrained_cnn,SR,/home/adadhwal/PhIRE/ttk_runs_fixed/cnn/pd/cnn_SR_s69_speed_p160_x0_y0_pd_port_0.vtu,7d082cd2ad67fcb13c0d7167ca3cc3201797e7359be0584ac3c93d4a832ac03d,187,187,0,1,2.425487756729126,2.793607234954834,0.368119478225708,0,1,5444,6243,4,34,3,39,identity,4,34,3,39,2.425487756729126,2.425487756729126,2.425487756729126,2.793607234954834
pretrained_cnn,SR,/home/adadhwal/PhIRE/ttk_runs_fixed/cnn/pd/cnn_SR_s69_speed_p160_x0_y0_pd_port_0.vtu,7d082cd2ad67fcb13c0d7167ca3cc3201797e7359be0584ac3c93d4a832ac03d,188,188,0,1,2.436885356903076,2.4496161937713623,0.012730836868286133,0,1,8322,8482,2,52,2,53,identity,2,52,2,53,2.436885356903076,2.436885356903076,2.436885356903076,2.4496161937713623
pretrained_cnn,SR,/home/adadhwal/PhIRE/ttk_runs_fixed/cnn/pd/cnn_SR_s69_speed_p160_x0_y0_pd_port_0.vtu,7d082cd2ad67fcb13c0d7167ca3cc3201797e7359be0584ac3c93d4a832ac03d,189,189,0,1,2.4503939151763916,2.4517903327941895,0.0013964176177978516,0,1,8002,8001,2,50,1,50,identity,2,50,1,50,2.4503939151763916,2.4503939151763916,2.4503939151763916,2.4517903327941895
pretrained_cnn,SR,/home/adadhwal/PhIRE/ttk_runs_fixed/cnn/pd/cnn_SR_s69_speed_p160_x0_y0_pd_port_0.vtu,7d082cd2ad67fcb13c0d7167ca3cc3201797e7359be0584ac3c93d4a832ac03d,190,190,1,1,2.461949110031128,2.469468832015991,0.007519721984863281,2,3,8321,8161,1,52,1,51,identity,1,52,1,51,2.461949110031128,2.461949110031128,2.461949110031128,2.469468832015991
pretrained_cnn,SR,/home/adadhwal/PhIRE/ttk_runs_fixed/cnn/pd/cnn_SR_s69_speed_p160_x0_y0_pd_port_0.vtu,7d082cd2ad67fcb13c0d7167ca3cc3201797e7359be0584ac3c93d4a832ac03d,191,191,0,1,2.4644229412078857,2.6341471672058105,0.1697242259979248,0,1,17442,16960,2,109,0,106,identity,2,109,0,106,2.4644229412078857,2.4644229412078857,2.4644229412078857,2.6341471672058105
pretrained_cnn,SR,/home/adadhwal/PhIRE/ttk_runs_fixed/cnn/pd/cnn_SR_s69_speed_p160_x0_y0_pd_port_0.vtu,7d082cd2ad67fcb13c0d7167ca3cc3201797e7359be0584ac3c93d4a832ac03d,192,192,0,1,2.4658992290496826,2.4719035625457764,0.00600433349609375,0,1,1219,1059,99,7,99,6,identity,99,7,99,6,2.4658992290496826,2.4658992290496826,2.4658992290496826,2.4719035625457764
pretrained_cnn,SR,/home/adadhwal/PhIRE/ttk_runs_fixed/cnn/pd/cnn_SR_s69_speed_p160_x0_y0_pd_port_0.vtu,7d082cd2ad67fcb13c0d7167ca3cc3201797e7359be0584ac3c93d4a832ac03d,193,193,0,1,2.483846664428711,2.4850430488586426,0.0011963844299316406,0,1,21938,22098,18,137,18,138,identity,18,137,18,138,2.483846664428711,2.483846664428711,2.483846664428711,2.4850430488586426
pretrained_cnn,SR,/home/adadhwal/PhIRE/ttk_runs_fixed/cnn/pd/cnn_SR_s69_speed_p160_x0_y0_pd_port_0.vtu,7d082cd2ad67fcb13c0d7167ca3cc3201797e7359be0584ac3c93d4a832ac03d,194,194,0,1,2.489295244216919,2.5698862075805664,0.08059096336364746,0,1,7360,7681,0,46,1,48,identity,0,46,1,48,2.489295244216919,2.489295244216919,2.489295244216919,2.5698862075805664
pretrained_cnn,SR,/home/adadhwal/PhIRE/ttk_runs_fixed/cnn/pd/cnn_SR_s69_speed_p160_x0_y0_pd_port_0.vtu,7d082cd2ad67fcb13c0d7167ca3cc3201797e7359be0584ac3c93d4a832ac03d,195,195,0,1,2.499285936355591,2.529604196548462,0.030318260192871094,0,1,23065,23064,25,144,24,144,identity,25,144,24,144,2.499285936355591,2.499285936355591,2.499285936355591,2.529604196548462
pretrained_cnn,SR,/home/adadhwal/PhIRE/ttk_runs_fixed/cnn/pd/cnn_SR_s69_speed_p160_x0_y0_pd_port_0.vtu,7d082cd2ad67fcb13c0d7167ca3cc3201797e7359be0584ac3c93d4a832ac03d,196,196,0,1,2.4996182918548584,2.539686679840088,0.04006838798522949,0,1,17280,17281,0,108,1,108,identity,0,108,1,108,2.4996182918548584,2.4996182918548584,2.4996182918548584,2.539686679840088
pretrained_cnn,SR,/home/adadhwal/PhIRE/ttk_runs_fixed/cnn/pd/cnn_SR_s69_speed_p160_x0_y0_pd_port_0.vtu,7d082cd2ad67fcb13c0d7167ca3cc3201797e7359be0584ac3c93d4a832ac03d,197,197,1,1,2.5072264671325684,2.517605781555176,0.010379314422607422,2,3,21779,21939,19,136,19,137,identity,19,136,19,137,2.5072264671325684,2.5072264671325684,2.5072264671325684,2.517605781555176
pretrained_cnn,SR,/home/adadhwal/PhIRE/ttk_runs_fixed/cnn/pd/cnn_SR_s69_speed_p160_x0_y0_pd_port_0.vtu,7d082cd2ad67fcb13c0d7167ca3cc3201797e7359be0584ac3c93d4a832ac03d,198,198,0,1,2.526712656021118,2.5890495777130127,0.06233692169189453,0,1,4451,4290,131,27,130,26,identity,131,27,130,26,2.526712656021118,2.526712656021118,2.526712656021118,2.5890495777130127
pretrained_cnn,SR,/home/adadhwal/PhIRE/ttk_runs_fixed/cnn/pd/cnn_SR_s69_speed_p160_x0_y0_pd_port_0.vtu,7d082cd2ad67fcb13c0d7167ca3cc3201797e7359be0584ac3c93d4a832ac03d,199,199,0,1,2.541186571121216,2.58251953125,0.04133296012878418,0,1,749,909,109,4,109,5,identity,109,4,109,5,2.541186571121216,2.541186571121216,2.541186571121216,2.58251953125
pretrained_cnn,SR,/home/adadhwal/PhIRE/ttk_runs_fixed/cnn/pd/cnn_SR_s69_speed_p160_x0_y0_pd_port_0.vtu,7d082cd2ad67fcb13c0d7167ca3cc3201797e7359be0584ac3c93d4a832ac03d,200,200,0,1,2.5539205074310303,2.558227300643921,0.004306793212890625,0,1,18577,18257,17,116,17,114,identity,17,116,17,114,2.5539205074310303,2.5539205074310303,2.5539205074310303,2.558227300643921
pretrained_cnn,SR,/home/adadhwal/PhIRE/ttk_runs_fixed/cnn/pd/cnn_SR_s69_speed_p160_x0_y0_pd_port_0.vtu,7d082cd2ad67fcb13c0d7167ca3cc3201797e7359be0584ac3c93d4a832ac03d,201,201,0,1,2.5566823482513428,2.637040138244629,0.08035778999328613,0,1,100,99,100,0,99,0,identity,100,0,99,0,2.5566823482513428,2.5566823482513428,2.5566823482513428,2.637040138244629
pretrained_cnn,SR,/home/adadhwal/PhIRE/ttk_runs_fixed/cnn/pd/cnn_SR_s69_speed_p160_x0_y0_pd_port_0.vtu,7d082cd2ad67fcb13c0d7167ca3cc3201797e7359be0584ac3c93d4a832ac03d,202,202,0,1,2.5585856437683105,2.6185691356658936,0.05998349189758301,0,1,7635,7475,115,47,115,46,identity,115,47,115,46,2.5585856437683105,2.5585856437683105,2.5585856437683105,2.6185691356658936
pretrained_cnn,SR,/home/adadhwal/PhIRE/ttk_runs_fixed/cnn/pd/cnn_SR_s69_speed_p160_x0_y0_pd_port_0.vtu,7d082cd2ad67fcb13c0d7167ca3cc3201797e7359be0584ac3c93d4a832ac03d,203,203,0,1,2.568507432937622,3.649395704269409,1.080888271331787,0,1,18059,17738,139,112,138,110,identity,139,112,138,110,2.568507432937622,2.568507432937622,2.568507432937622,3.649395704269409
pretrained_cnn,SR,/home/adadhwal/PhIRE/ttk_runs_fixed/cnn/pd/cnn_SR_s69_speed_p160_x0_y0_pd_port_0.vtu,7d082cd2ad67fcb13c0d7167ca3cc3201797e7359be0584ac3c93d4a832ac03d,204,204,0,1,2.5686960220336914,2.585704803466797,0.01700878143310547,0,1,18080,17761,0,113,1,111,identity,0,113,1,111,2.5686960220336914,2.5686960220336914,2.5686960220336914,2.585704803466797
pretrained_cnn,SR,/home/adadhwal/PhIRE/ttk_runs_fixed/cnn/pd/cnn_SR_s69_speed_p160_x0_y0_pd_port_0.vtu,7d082cd2ad67fcb13c0d7167ca3cc3201797e7359be0584ac3c93d4a832ac03d,205,205,0,1,2.616007089614868,3.0235493183135986,0.40754222869873047,0,1,6755,7555,35,42,35,47,identity,35,42,35,47,2.616007089614868,2.616007089614868,2.616007089614868,3.0235493183135986
pretrained_cnn,SR,/home/adadhwal/PhIRE/ttk_runs_fixed/cnn/pd/cnn_SR_s69_speed_p160_x0_y0_pd_port_0.vtu,7d082cd2ad67fcb13c0d7167ca3cc3201797e7359be0584ac3c93d4a832ac03d,206,206,0,1,2.6309738159179688,5.247663974761963,2.616690158843994,0,1,2273,1957,33,14,37,12,identity,33,14,37,12,2.6309738159179688,2.6309738159179688,2.6309738159179688,5.247663974761963
pretrained_cnn,SR,/home/adadhwal/PhIRE/ttk_runs_fixed/cnn/pd/cnn_SR_s69_speed_p160_x0_y0_pd_port_0.vtu,7d082cd2ad67fcb13c0d7167ca3cc3201797e7359be0584ac3c93d4a832ac03d,207,207,1,1,2.6344406604766846,2.6488656997680664,0.014425039291381836,2,3,16802,16961,2,105,1,106,identity,2,105,1,106,2.6344406604766846,2.6344406604766846,2.6344406604766846,2.6488656997680664
pretrained_cnn,SR,/home/adadhwal/PhIRE/ttk_runs_fixed/cnn/pd/cnn_SR_s69_speed_p160_x0_y0_pd_port_0.vtu,7d082cd2ad67fcb13c0d7167ca3cc3201797e7359be0584ac3c93d4a832ac03d,208,208,1,1,2.638112783432007,2.690826892852783,0.05271410942077637,2,3,23545,23543,25,147,23,147,identity,25,147,23,147,2.638112783432007,2.638112783432007,2.638112783432007,2.690826892852783
pretrained_cnn,SR,/home/adadhwal/PhIRE/ttk_runs_fixed/cnn/pd/cnn_SR_s69_speed_p160_x0_y0_pd_port_0.vtu,7d082cd2ad67fcb13c0d7167ca3cc3201797e7359be0584ac3c93d4a832ac03d,209,209,1,1,2.653557538986206,3.8971140384674072,1.2435564994812012,2,3,3607,3456,87,22,96,21,identity,87,22,96,21,2.653557538986206,2.653557538986206,2.653557538986206,3.8971140384674072
pretrained_cnn,SR,/home/adadhwal/PhIRE/ttk_runs_fixed/cnn/pd/cnn_SR_s69_speed_p160_x0_y0_pd_port_0.vtu,7d082cd2ad67fcb13c0d7167ca3cc3201797e7359be0584ac3c93d4a832ac03d,210,210,1,1,2.675436019897461,2.9342193603515625,0.25878334045410156,2,3,261,419,101,1,99,2,identity,101,1,99,2,2.675436019897461,2.675436019897461,2.675436019897461,2.9342193603515625
pretrained_cnn,SR,/home/adadhwal/PhIRE/ttk_runs_fixed/cnn/pd/cnn_SR_s69_speed_p160_x0_y0_pd_port_0.vtu,7d082cd2ad67fcb13c0d7167ca3cc3201797e7359be0584ac3c93d4a832ac03d,211,211,0,1,2.6764347553253174,3.171071767807007,0.49463701248168945,0,1,10016,10503,96,62,103,65,identity,96,62,103,65,2.6764347553253174,2.6764347553253174,2.6764347553253174,3.171071767807007
pretrained_cnn,SR,/home/adadhwal/PhIRE/ttk_runs_fixed/cnn/pd/cnn_SR_s69_speed_p160_x0_y0_pd_port_0.vtu,7d082cd2ad67fcb13c0d7167ca3cc3201797e7359be0584ac3c93d4a832ac03d,212,212,0,1,2.680795669555664,5.3692498207092285,2.6884541511535645,0,1,14828,13235,108,92,115,82,identity,108,92,115,82,2.680795669555664,2.680795669555664,2.680795669555664,5.3692498207092285
pretrained_cnn,SR,/home/adadhwal/PhIRE/ttk_runs_fixed/cnn/pd/cnn_SR_s69_speed_p160_x0_y0_pd_port_0.vtu,7d082cd2ad67fcb13c0d7167ca3cc3201797e7359be0584ac3c93d4a832ac03d,213,213,1,1,2.686556816101074,2.690054416656494,0.003497600555419922,2,3,759,600,119,4,120,3,identity,119,4,120,3,2.686556816101074,2.686556816101074,2.686556816101074,2.690054416656494
pretrained_cnn,SR,/home/adadhwal/PhIRE/ttk_runs_fixed/cnn/pd/cnn_SR_s69_speed_p160_x0_y0_pd_port_0.vtu,7d082cd2ad67fcb13c0d7167ca3cc3201797e7359be0584ac3c93d4a832ac03d,214,214,0,1,2.687969207763672,2.719977855682373,0.03200864791870117,0,1,23069,23068,29,144,28,144,identity,29,144,28,144,2.687969207763672,2.687969207763672,2.687969207763672,2.719977855682373
pretrained_cnn,SR,/home/adadhwal/PhIRE/ttk_runs_fixed/cnn/pd/cnn_SR_s69_speed_p160_x0_y0_pd_port_0.vtu,7d082cd2ad67fcb13c0d7167ca3cc3201797e7359be0584ac3c93d4a832ac03d,215,215,0,1,2.701932907104492,2.9085853099823,0.20665240287780762,0,1,10660,10499,100,66,99,65,identity,100,66,99,65,2.701932907104492,2.701932907104492,2.701932907104492,2.9085853099823
pretrained_cnn,SR,/home/adadhwal/PhIRE/ttk_runs_fixed/cnn/pd/cnn_SR_s69_speed_p160_x0_y0_pd_port_0.vtu,7d082cd2ad67fcb13c0d7167ca3cc3201797e7359be0584ac3c93d4a832ac03d,216,216,0,1,2.715906858444214,2.763913869857788,0.04800701141357422,0,1,20175,20494,15,126,14,128,identity,15,126,14,128,2.715906858444214,2.715906858444214,2.715906858444214,2.763913869857788
pretrained_cnn,SR,/home/adadhwal/PhIRE/ttk_runs_fixed/cnn/pd/cnn_SR_s69_speed_p160_x0_y0_pd_port_0.vtu,7d082cd2ad67fcb13c0d7167ca3cc3201797e7359be0584ac3c93d4a832ac03d,217,217,1,1,2.7167482376098633,2.7340073585510254,0.01725912094116211,2,3,16965,16804,5,106,4,105,identity,5,106,4,105,2.7167482376098633,2.7167482376098633,2.7167482376098633,2.7340073585510254
pretrained_cnn,SR,/home/adadhwal/PhIRE/ttk_runs_fixed/cnn/pd/cnn_SR_s69_speed_p160_x0_y0_pd_port_0.vtu,7d082cd2ad67fcb13c0d7167ca3cc3201797e7359be0584ac3c93d4a832ac03d,218,218,1,1,2.717054605484009,3.8204236030578613,1.1033689975738525,2,3,3619,4742,99,22,102,29,identity,99,22,102,29,2.717054605484009,2.717054605484009,2.717054605484009,3.8204236030578613
pretrained_cnn,SR,/home/adadhwal/PhIRE/ttk_runs_fixed/cnn/pd/cnn_SR_s69_speed_p160_x0_y0_pd_port_0.vtu,7d082cd2ad67fcb13c0d7167ca3cc3201797e7359be0584ac3c93d4a832ac03d,219,219,0,1,2.7180025577545166,3.545722723007202,0.8277201652526855,0,1,3731,3254,51,23,54,20,identity,51,23,54,20,2.7180025577545166,2.7180025577545166,2.7180025577545166,3.545722723007202
pretrained_cnn,SR,/home/adadhwal/PhIRE/ttk_runs_fixed/cnn/pd/cnn_SR_s69_speed_p160_x0_y0_pd_port_0.vtu,7d082cd2ad67fcb13c0d7167ca3cc3201797e7359be0584ac3c93d4a832ac03d,220,220,0,1,2.7301137447357178,2.8180999755859375,0.08798623085021973,0,1,2112,2113,32,13,33,13,identity,32,13,33,13,2.7301137447357178,2.7301137447357178,2.7301137447357178,2.8180999755859375
pretrained_cnn,SR,/home/adadhwal/PhIRE/ttk_runs_fixed/cnn/pd/cnn_SR_s69_speed_p160_x0_y0_pd_port_0.vtu,7d082cd2ad67fcb13c0d7167ca3cc3201797e7359be0584ac3c93d4a832ac03d,221,221,1,1,2.732858419418335,2.767910957336426,0.03505253791809082,2,3,17780,17939,20,111,19,112,identity,20,111,19,112,2.732858419418335,2.732858419418335,2.732858419418335,2.767910957336426
pretrained_cnn,SR,/home/adadhwal/PhIRE/ttk_runs_fixed/cnn/pd/cnn_SR_s69_speed_p160_x0_y0_pd_port_0.vtu,7d082cd2ad67fcb13c0d7167ca3cc3201797e7359be0584ac3c93d4a832ac03d,222,222,1,1,2.7368011474609375,2.8898191452026367,0.15301799774169922,2,3,6817,6816,97,42,96,42,identity,97,42,96,42,2.7368011474609375,2.7368011474609375,2.7368011474609375,2.8898191452026367
pretrained_cnn,SR,/home/adadhwal/PhIRE/ttk_runs_fixed/cnn/pd/cnn_SR_s69_speed_p160_x0_y0_pd_port_0.vtu,7d082cd2ad67fcb13c0d7167ca3cc3201797e7359be0584ac3c93d4a832ac03d,223,223,1,1,2.740694999694824,2.836749792098999,0.0960547924041748,2,3,1062,1061,102,6,101,6,identity,102,6,101,6,2.740694999694824,2.740694999694824,2.740694999694824,2.836749792098999
pretrained_cnn,SR,/home/adadhwal/PhIRE/ttk_runs_fixed/cnn/pd/cnn_SR_s69_speed_p160_x0_y0_pd_port_0.vtu,7d082cd2ad67fcb13c0d7167ca3cc3201797e7359be0584ac3c93d4a832ac03d,224,224,0,1,2.751976490020752,2.760749340057373,0.008772850036621094,0,1,19376,19217,16,121,17,120,identity,16,121,17,120,2.751976490020752,2.751976490020752,2.751976490020752,2.760749340057373
pretrained_cnn,SR,/home/adadhwal/PhIRE/ttk_runs_fixed/cnn/pd/cnn_SR_s69_speed_p160_x0_y0_pd_port_0.vtu,7d082cd2ad67fcb13c0d7167ca3cc3201797e7359be0584ac3c93d4a832ac03d,225,225,1,1,2.759378671646118,2.7734181880950928,0.01403951644897461,2,3,5383,5543,103,33,103,34,identity,103,33,103,34,2.759378671646118,2.759378671646118,2.759378671646118,2.7734181880950928
pretrained_cnn,SR,/home/adadhwal/PhIRE/ttk_runs_fixed/cnn/pd/cnn_SR_s69_speed_p160_x0_y0_pd_port_0.vtu,7d082cd2ad67fcb13c0d7167ca3cc3201797e7359be0584ac3c93d4a832ac03d,226,226,0,1,2.771317958831787,2.9028217792510986,0.13150382041931152,0,1,108,268,108,0,108,1,identity,108,0,108,1,2.771317958831787,2.771317958831787,2.771317958831787,2.9028217792510986
pretrained_cnn,SR,/home/adadhwal/PhIRE/ttk_runs_fixed/cnn/pd/cnn_SR_s69_speed_p160_x0_y0_pd_port_0.vtu,7d082cd2ad67fcb13c0d7167ca3cc3201797e7359be0584ac3c93d4a832ac03d,227,227,1,1,2.773693084716797,2.843402147293091,0.06970906257629395,2,3,2150,2151,70,13,71,13,identity,70,13,71,13,2.773693084716797,2.773693084716797,2.773693084716797,2.843402147293091
pretrained_cnn,SR,/home/adadhwal/PhIRE/ttk_runs_fixed/cnn/pd/cnn_SR_s69_speed_p160_x0_y0_pd_port_0.vtu,7d082cd2ad67fcb13c0d7167ca3cc3201797e7359be0584ac3c93d4a832ac03d,228,228,0,1,2.7948567867279053,3.2591214179992676,0.4642646312713623,0,1,4971,4491,11,31,11,28,identity,11,31,11,28,2.7948567867279053,2.7948567867279053,2.7948567867279053,3.2591214179992676
pretrained_cnn,SR,/home/adadhwal/PhIRE/ttk_runs_fixed/cnn/pd/cnn_SR_s69_speed_p160_x0_y0_pd_port_0.vtu,7d082cd2ad67fcb13c0d7167ca3cc3201797e7359be0584ac3c93d4a832ac03d,229,229,0,1,2.794940233230591,2.8405089378356934,0.04556870460510254,0,1,4596,4756,116,28,116,29,identity,116,28,116,29,2.794940233230591,2.794940233230591,2.794940233230591,2.8405089378356934
pretrained_cnn,SR,/home/adadhwal/PhIRE/ttk_runs_fixed/cnn/pd/cnn_SR_s69_speed_p160_x0_y0_pd_port_0.vtu,7d082cd2ad67fcb13c0d7167ca3cc3201797e7359be0584ac3c93d4a832ac03d,230,230,0,1,2.809994697570801,2.9100258350372314,0.10003113746643066,0,1,2024,1704,104,12,104,10,identity,104,12,104,10,2.809994697570801,2.809994697570801,2.809994697570801,2.9100258350372314
pretrained_cnn,SR,/home/adadhwal/PhIRE/ttk_runs_fixed/cnn/pd/cnn_SR_s69_speed_p160_x0_y0_pd_port_0.vtu,7d082cd2ad67fcb13c0d7167ca3cc3201797e7359be0584ac3c93d4a832ac03d,231,231,0,1,2.810849905014038,2.8477745056152344,0.03692460060119629,0,1,10339,10178,99,64,98,63,identity,99,64,98,63,2.810849905014038,2.810849905014038,2.810849905014038,2.8477745056152344
pretrained_cnn,SR,/home/adadhwal/PhIRE/ttk_runs_fixed/cnn/pd/cnn_SR_s69_speed_p160_x0_y0_pd_port_0.vtu,7d082cd2ad67fcb13c0d7167ca3cc3201797e7359be0584ac3c93d4a832ac03d,232,232,0,1,2.830254316329956,2.842663288116455,0.012408971786499023,0,1,4804,4964,4,30,4,31,identity,4,30,4,31,2.830254316329956,2.830254316329956,2.830254316329956,2.842663288116455
pretrained_cnn,SR,/home/adadhwal/PhIRE/ttk_runs_fixed/cnn/pd/cnn_SR_s69_speed_p160_x0_y0_pd_port_0.vtu,7d082cd2ad67fcb13c0d7167ca3cc3201797e7359be0584ac3c93d4a832ac03d,233,233,0,1,2.8360729217529297,2.842663288116455,0.006590366363525391,0,1,4965,4964,5,31,4,31,identity,5,31,4,31,2.8360729217529297,2.8360729217529297,2.8360729217529297,2.842663288116455
pretrained_cnn,SR,/home/adadhwal/PhIRE/ttk_runs_fixed/cnn/pd/cnn_SR_s69_speed_p160_x0_y0_pd_port_0.vtu,7d082cd2ad67fcb13c0d7167ca3cc3201797e7359be0584ac3c93d4a832ac03d,234,234,1,1,2.841015100479126,2.849804401397705,0.008789300918579102,2,3,1989,1990,69,12,70,12,identity,69,12,70,12,2.841015100479126,2.841015100479126,2.841015100479126,2.849804401397705
pretrained_cnn,SR,/home/adadhwal/PhIRE/ttk_runs_fixed/cnn/pd/cnn_SR_s69_speed_p160_x0_y0_pd_port_0.vtu,7d082cd2ad67fcb13c0d7167ca3cc3201797e7359be0584ac3c93d4a832ac03d,235,235,1,1,2.8565640449523926,3.4563591480255127,0.5997951030731201,2,3,19695,19690,15,123,10,123,identity,15,123,10,123,2.8565640449523926,2.8565640449523926,2.8565640449523926,3.4563591480255127
pretrained_cnn,SR,/home/adadhwal/PhIRE/ttk_runs_fixed/cnn/pd/cnn_SR_s69_speed_p160_x0_y0_pd_port_0.vtu,7d082cd2ad67fcb13c0d7167ca3cc3201797e7359be0584ac3c93d4a832ac03d,236,236,0,1,2.889665365219116,2.894973039627075,0.005307674407958984,0,1,1703,1702,103,10,102,10,identity,103,10,102,10,2.889665365219116,2.889665365219116,2.889665365219116,2.894973039627075
pretrained_cnn,SR,/home/adadhwal/PhIRE/ttk_runs_fixed/cnn/pd/cnn_SR_s69_speed_p160_x0_y0_pd_port_0.vtu,7d082cd2ad67fcb13c0d7167ca3cc3201797e7359be0584ac3c93d4a832ac03d,237,237,0,1,2.8978769779205322,2.996080160140991,0.09820318222045898,0,1,11317,11157,117,70,117,69,identity,117,70,117,69,2.8978769779205322,2.8978769779205322,2.8978769779205322,2.996080160140991
pretrained_cnn,SR,/home/adadhwal/PhIRE/ttk_runs_fixed/cnn/pd/cnn_SR_s69_speed_p160_x0_y0_pd_port_0.vtu,7d082cd2ad67fcb13c0d7167ca3cc3201797e7359be0584ac3c93d4a832ac03d,238,238,0,1,2.8998937606811523,3.660295009613037,0.7604012489318848,0,1,5145,5945,25,32,25,37,identity,25,32,25,37,2.8998937606811523,2.8998937606811523,2.8998937606811523,3.660295009613037
pretrained_cnn,SR,/home/adadhwal/PhIRE/ttk_runs_fixed/cnn/pd/cnn_SR_s69_speed_p160_x0_y0_pd_port_0.vtu,7d082cd2ad67fcb13c0d7167ca3cc3201797e7359be0584ac3c93d4a832ac03d,239,239,1,1,2.9178435802459717,2.929319381713867,0.011475801467895508,2,3,17606,17446,6,110,6,109,identity,6,110,6,109,2.9178435802459717,2.9178435802459717,2.9178435802459717,2.929319381713867
pretrained_cnn,SR,/home/adadhwal/PhIRE/ttk_runs_fixed/cnn/pd/cnn_SR_s69_speed_p160_x0_y0_pd_port_0.vtu,7d082cd2ad67fcb13c0d7167ca3cc3201797e7359be0584ac3c93d4a832ac03d,240,240,0,1,2.9261465072631836,3.1429543495178223,0.21680784225463867,0,1,10841,10998,121,67,118,68,identity,121,67,118,68,2.9261465072631836,2.9261465072631836,2.9261465072631836,3.1429543495178223
pretrained_cnn,SR,/home/adadhwal/PhIRE/ttk_runs_fixed/cnn/pd/cnn_SR_s69_speed_p160_x0_y0_pd_port_0.vtu,7d082cd2ad67fcb13c0d7167ca3cc3201797e7359be0584ac3c93d4a832ac03d,241,241,1,1,2.9327564239501953,4.352541446685791,1.4197850227355957,2,3,2514,2665,114,15,105,16,identity,114,15,105,16,2.9327564239501953,2.9327564239501953,2.9327564239501953,4.352541446685791
pretrained_cnn,SR,/home/adadhwal/PhIRE/ttk_runs_fixed/cnn/pd/cnn_SR_s69_speed_p160_x0_y0_pd_port_0.vtu,7d082cd2ad67fcb13c0d7167ca3cc3201797e7359be0584ac3c93d4a832ac03d,242,242,0,1,2.945422410964966,2.9710824489593506,0.025660037994384766,0,1,9682,9842,82,60,82,61,identity,82,60,82,61,2.945422410964966,2.945422410964966,2.945422410964966,2.9710824489593506
pretrained_cnn,SR,/home/adadhwal/PhIRE/ttk_runs_fixed/cnn/pd/cnn_SR_s69_speed_p160_x0_y0_pd_port_0.vtu,7d082cd2ad67fcb13c0d7167ca3cc3201797e7359be0584ac3c93d4a832ac03d,243,243,0,1,2.947171688079834,3.0345544815063477,0.08738279342651367,0,1,5047,5046,87,31,86,31,identity,87,31,86,31,2.947171688079834,2.947171688079834,2.947171688079834,3.0345544815063477
pretrained_cnn,SR,/home/adadhwal/PhIRE/ttk_runs_fixed/cnn/pd/cnn_SR_s69_speed_p160_x0_y0_pd_port_0.vtu,7d082cd2ad67fcb13c0d7167ca3cc3201797e7359be0584ac3c93d4a832ac03d,244,244,0,1,2.9581046104431152,3.0948917865753174,0.13678717613220215,0,1,3956,4276,116,24,116,26,identity,116,24,116,26,2.9581046104431152,2.9581046104431152,2.9581046104431152,3.0948917865753174
pretrained_cnn,SR,/home/adadhwal/PhIRE/ttk_runs_fixed/cnn/pd/cnn_SR_s69_speed_p160_x0_y0_pd_port_0.vtu,7d082cd2ad67fcb13c0d7167ca3cc3201797e7359be0584ac3c93d4a832ac03d,245,245,1,1,2.9703009128570557,3.6284494400024414,0.6581485271453857,2,3,2179,1697,99,13,97,10,identity,99,13,97,10,2.9703009128570557,2.9703009128570557,2.9703009128570557,3.6284494400024414
pretrained_cnn,SR,/home/adadhwal/PhIRE/ttk_runs_fixed/cnn/pd/cnn_SR_s69_speed_p160_x0_y0_pd_port_0.vtu,7d082cd2ad67fcb13c0d7167ca3cc3201797e7359be0584ac3c93d4a832ac03d,246,246,0,1,2.978186845779419,2.990353584289551,0.012166738510131836,0,1,2691,2851,131,16,131,17,identity,131,16,131,17,2.978186845779419,2.978186845779419,2.978186845779419,2.990353584289551
pretrained_cnn,SR,/home/adadhwal/PhIRE/ttk_runs_fixed/cnn/pd/cnn_SR_s69_speed_p160_x0_y0_pd_port_0.vtu,7d082cd2ad67fcb13c0d7167ca3cc3201797e7359be0584ac3c93d4a832ac03d,247,247,0,1,2.9812910556793213,3.4432692527770996,0.4619781970977783,0,1,1951,1952,31,12,32,12,identity,31,12,32,12,2.9812910556793213,2.9812910556793213,2.9812910556793213,3.4432692527770996
pretrained_cnn,SR,/home/adadhwal/PhIRE/ttk_runs_fixed/cnn/pd/cnn_SR_s69_speed_p160_x0_y0_pd_port_0.vtu,7d082cd2ad67fcb13c0d7167ca3cc3201797e7359be0584ac3c93d4a832ac03d,248,248,0,1,2.9823153018951416,2.985187530517578,0.0028722286224365234,0,1,1790,1791,30,11,31,11,identity,30,11,31,11,2.9823153018951416,2.9823153018951416,2.9823153018951416,2.985187530517578
pretrained_cnn,SR,/home/adadhwal/PhIRE/ttk_runs_fixed/cnn/pd/cnn_SR_s69_speed_p160_x0_y0_pd_port_0.vtu,7d082cd2ad67fcb13c0d7167ca3cc3201797e7359be0584ac3c93d4a832ac03d,249,249,1,1,2.9917356967926025,3.040234088897705,0.04849839210510254,2,3,2483,2482,83,15,82,15,identity,83,15,82,15,2.9917356967926025,2.9917356967926025,2.9917356967926025,3.040234088897705
pretrained_cnn,SR,/home/adadhwal/PhIRE/ttk_runs_fixed/cnn/pd/cnn_SR_s69_speed_p160_x0_y0_pd_port_0.vtu,7d082cd2ad67fcb13c0d7167ca3cc3201797e7359be0584ac3c93d4a832ac03d,250,250,1,1,3.0041072368621826,3.017152786254883,0.013045549392700195,2,3,18246,18086,6,114,6,113,identity,6,114,6,113,3.0041072368621826,3.0041072368621826,3.0041072368621826,3.017152786254883
pretrained_cnn,SR,/home/adadhwal/PhIRE/ttk_runs_fixed/cnn/pd/cnn_SR_s69_speed_p160_x0_y0_pd_port_0.vtu,7d082cd2ad67fcb13c0d7167ca3cc3201797e7359be0584ac3c93d4a832ac03d,251,251,0,1,3.0108232498168945,3.0415139198303223,0.030690670013427734,0,1,8336,8496,16,52,16,53,identity,16,52,16,53,3.0108232498168945,3.0108232498168945,3.0108232498168945,3.0415139198303223
pretrained_cnn,SR,/home/adadhwal/PhIRE/ttk_runs_fixed/cnn/pd/cnn_SR_s69_speed_p160_x0_y0_pd_port_0.vtu,7d082cd2ad67fcb13c0d7167ca3cc3201797e7359be0584ac3c93d4a832ac03d,252,252,0,1,3.0114011764526367,3.3890304565429688,0.37762928009033203,0,1,3852,4172,12,24,12,26,identity,12,24,12,26,3.0114011764526367,3.0114011764526367,3.0114011764526367,3.3890304565429688
pretrained_cnn,SR,/home/adadhwal/PhIRE/ttk_runs_fixed/cnn/pd/cnn_SR_s69_speed_p160_x0_y0_pd_port_0.vtu,7d082cd2ad67fcb13c0d7167ca3cc3201797e7359be0584ac3c93d4a832ac03d,253,253,0,1,3.0227842330932617,3.0454354286193848,0.022651195526123047,0,1,3636,3796,116,22,116,23,identity,116,22,116,23,3.0227842330932617,3.0227842330932617,3.0227842330932617,3.0454354286193848
pretrained_cnn,SR,/home/adadhwal/PhIRE/ttk_runs_fixed/cnn/pd/cnn_SR_s69_speed_p160_x0_y0_pd_port_0.vtu,7d082cd2ad67fcb13c0d7167ca3cc3201797e7359be0584ac3c93d4a832ac03d,254,254,0,1,3.023150682449341,3.36381196975708,0.34066128730773926,0,1,3843,4163,3,24,3,26,identity,3,24,3,26,3.023150682449341,3.023150682449341,3.023150682449341,3.36381196975708
pretrained_cnn,SR,/home/adadhwal/PhIRE/ttk_runs_fixed/cnn/pd/cnn_SR_s69_speed_p160_x0_y0_pd_port_0.vtu,7d082cd2ad67fcb13c0d7167ca3cc3201797e7359be0584ac3c93d4a832ac03d,255,255,1,1,3.0249125957489014,3.3973448276519775,0.37243223190307617,2,3,5370,5531,90,33,91,34,identity,90,33,91,34,3.0249125957489014,3.0249125957489014,3.0249125957489014,3.3973448276519775
pretrained_cnn,SR,/home/adadhwal/PhIRE/ttk_runs_fixed/cnn/pd/cnn_SR_s69_speed_p160_x0_y0_pd_port_0.vtu,7d082cd2ad67fcb13c0d7167ca3cc3201797e7359be0584ac3c93d4a832ac03d,256,256,1,1,3.0305023193359375,3.0478320121765137,0.017329692840576172,2,3,2690,2850,130,16,130,17,identity,130,16,130,17,3.0305023193359375,3.0305023193359375,3.0305023193359375,3.0478320121765137
pretrained_cnn,SR,/home/adadhwal/PhIRE/ttk_runs_fixed/cnn/pd/cnn_SR_s69_speed_p160_x0_y0_pd_port_0.vtu,7d082cd2ad67fcb13c0d7167ca3cc3201797e7359be0584ac3c93d4a832ac03d,257,257,0,1,3.0590226650238037,3.0928120613098145,0.03378939628601074,0,1,4648,4647,8,29,7,29,identity,8,29,7,29,3.0590226650238037,3.0590226650238037,3.0590226650238037,3.0928120613098145
pretrained_cnn,SR,/home/adadhwal/PhIRE/ttk_runs_fixed/cnn/pd/cnn_SR_s69_speed_p160_x0_y0_pd_port_0.vtu,7d082cd2ad67fcb13c0d7167ca3cc3201797e7359be0584ac3c93d4a832ac03d,258,258,1,1,3.0632054805755615,3.1098320484161377,0.04662656784057617,2,3,7236,7396,36,45,36,46,identity,36,45,36,46,3.0632054805755615,3.0632054805755615,3.0632054805755615,3.1098320484161377
pretrained_cnn,SR,/home/adadhwal/PhIRE/ttk_runs_fixed/cnn/pd/cnn_SR_s69_speed_p160_x0_y0_pd_port_0.vtu,7d082cd2ad67fcb13c0d7167ca3cc3201797e7359be0584ac3c93d4a832ac03d,259,259,1,1,3.0749642848968506,3.1206068992614746,0.04564261436462402,2,3,4260,4100,100,26,100,25,identity,100,26,100,25,3.0749642848968506,3.0749642848968506,3.0749642848968506,3.1206068992614746
pretrained_cnn,SR,/home/adadhwal/PhIRE/ttk_runs_fixed/cnn/pd/cnn_SR_s69_speed_p160_x0_y0_pd_port_0.vtu,7d082cd2ad67fcb13c0d7167ca3cc3201797e7359be0584ac3c93d4a832ac03d,260,260,0,1,3.079926013946533,3.0851378440856934,0.005211830139160156,0,1,4487,4488,7,28,8,28,identity,7,28,8,28,3.079926013946533,3.079926013946533,3.079926013946533,3.0851378440856934
pretrained_cnn,SR,/home/adadhwal/PhIRE/ttk_runs_fixed/cnn/pd/cnn_SR_s69_speed_p160_x0_y0_pd_port_0.vtu,7d082cd2ad67fcb13c0d7167ca3cc3201797e7359be0584ac3c93d4a832ac03d,261,261,1,1,3.080111265182495,3.089689016342163,0.009577751159667969,2,3,8175,8335,15,51,15,52,identity,15,51,15,52,3.080111265182495,3.080111265182495,3.080111265182495,3.089689016342163
pretrained_cnn,SR,/home/adadhwal/PhIRE/ttk_runs_fixed/cnn/pd/cnn_SR_s69_speed_p160_x0_y0_pd_port_0.vtu,7d082cd2ad67fcb13c0d7167ca3cc3201797e7359be0584ac3c93d4a832ac03d,262,262,0,1,3.0858333110809326,3.135282516479492,0.04944920539855957,0,1,2855,2853,135,17,133,17,identity,135,17,133,17,3.0858333110809326,3.0858333110809326,3.0858333110809326,3.135282516479492
pretrained_cnn,SR,/home/adadhwal/PhIRE/ttk_runs_fixed/cnn/pd/cnn_SR_s69_speed_p160_x0_y0_pd_port_0.vtu,7d082cd2ad67fcb13c0d7167ca3cc3201797e7359be0584ac3c93d4a832ac03d,263,263,1,1,3.1046245098114014,3.2075891494750977,0.10296463966369629,2,3,1535,1374,95,9,94,8,identity,95,9,94,8,3.1046245098114014,3.1046245098114014,3.1046245098114014,3.2075891494750977
pretrained_cnn,SR,/home/adadhwal/PhIRE/ttk_runs_fixed/cnn/pd/cnn_SR_s69_speed_p160_x0_y0_pd_port_0.vtu,7d082cd2ad67fcb13c0d7167ca3cc3201797e7359be0584ac3c93d4a832ac03d,264,264,0,1,3.115569829940796,3.4927186965942383,0.3771488666534424,0,1,2724,2405,4,17,5,15,identity,4,17,5,15,3.115569829940796,3.115569829940796,3.115569829940796,3.4927186965942383
pretrained_cnn,SR,/home/adadhwal/PhIRE/ttk_runs_fixed/cnn/pd/cnn_SR_s69_speed_p160_x0_y0_pd_port_0.vtu,7d082cd2ad67fcb13c0d7167ca3cc3201797e7359be0584ac3c93d4a832ac03d,265,265,1,1,3.141324758529663,3.801588535308838,0.6602637767791748,2,3,3293,2806,93,20,86,17,identity,93,20,86,17,3.141324758529663,3.141324758529663,3.141324758529663,3.801588535308838
pretrained_cnn,SR,/home/adadhwal/PhIRE/ttk_runs_fixed/cnn/pd/cnn_SR_s69_speed_p160_x0_y0_pd_port_0.vtu,7d082cd2ad67fcb13c0d7167ca3cc3201797e7359be0584ac3c93d4a832ac03d,266,266,1,1,3.146542549133301,3.873562812805176,0.727020263671875,2,3,5048,4729,88,31,89,29,identity,88,31,89,29,3.146542549133301,3.146542549133301,3.146542549133301,3.873562812805176
pretrained_cnn,SR,/home/adadhwal/PhIRE/ttk_runs_fixed/cnn/pd/cnn_SR_s69_speed_p160_x0_y0_pd_port_0.vtu,7d082cd2ad67fcb13c0d7167ca3cc3201797e7359be0584ac3c93d4a832ac03d,267,267,0,1,3.163874864578247,4.3887939453125,1.224919080734253,0,1,13886,14676,126,86,116,91,identity,126,86,116,91,3.163874864578247,3.163874864578247,3.163874864578247,4.3887939453125
pretrained_cnn,SR,/home/adadhwal/PhIRE/ttk_runs_fixed/cnn/pd/cnn_SR_s69_speed_p160_x0_y0_pd_port_0.vtu,7d082cd2ad67fcb13c0d7167ca3cc3201797e7359be0584ac3c93d4a832ac03d,268,268,1,1,3.178603410720825,3.307666540145874,0.12906312942504883,2,3,8422,8421,102,52,101,52,identity,102,52,101,52,3.178603410720825,3.178603410720825,3.178603410720825,3.307666540145874
pretrained_cnn,SR,/home/adadhwal/PhIRE/ttk_runs_fixed/cnn/pd/cnn_SR_s69_speed_p160_x0_y0_pd_port_0.vtu,7d082cd2ad67fcb13c0d7167ca3cc3201797e7359be0584ac3c93d4a832ac03d,269,269,0,1,3.1801390647888184,3.238156318664551,0.05801725387573242,0,1,4283,4123,123,26,123,25,identity,123,26,123,25,3.1801390647888184,3.1801390647888184,3.1801390647888184,3.238156318664551
pretrained_cnn,SR,/home/adadhwal/PhIRE/ttk_runs_fixed/cnn/pd/cnn_SR_s69_speed_p160_x0_y0_pd_port_0.vtu,7d082cd2ad67fcb13c0d7167ca3cc3201797e7359be0584ac3c93d4a832ac03d,270,270,0,1,3.1860392093658447,3.1887435913085938,0.0027043819427490234,0,1,6117,6276,37,38,36,39,identity,37,38,36,39,3.1860392093658447,3.1860392093658447,3.1860392093658447,3.1887435913085938
pretrained_cnn,SR,/home/adadhwal/PhIRE/ttk_runs_fixed/cnn/pd/cnn_SR_s69_speed_p160_x0_y0_pd_port_0.vtu,7d082cd2ad67fcb13c0d7167ca3cc3201797e7359be0584ac3c93d4a832ac03d,271,271,0,1,3.186948299407959,3.217679500579834,0.030731201171875,0,1,2563,2564,3,16,4,16,identity,3,16,4,16,3.186948299407959,3.186948299407959,3.186948299407959,3.217679500579834
pretrained_cnn,SR,/home/adadhwal/PhIRE/ttk_runs_fixed/cnn/pd/cnn_SR_s69_speed_p160_x0_y0_pd_port_0.vtu,7d082cd2ad67fcb13c0d7167ca3cc3201797e7359be0584ac3c93d4a832ac03d,272,272,0,1,3.1900525093078613,3.2238197326660156,0.0337672233581543,0,1,6730,6889,10,42,9,43,identity,10,42,9,43,3.1900525093078613,3.1900525093078613,3.1900525093078613,3.2238197326660156
pretrained_cnn,SR,/home/adadhwal/PhIRE/ttk_runs_fixed/cnn/pd/cnn_SR_s69_speed_p160_x0_y0_pd_port_0.vtu,7d082cd2ad67fcb13c0d7167ca3cc3201797e7359be0584ac3c93d4a832ac03d,273,273,1,1,3.1981990337371826,3.857663631439209,0.6594645977020264,2,3,9860,10181,100,61,101,63,identity,100,61,101,63,3.1981990337371826,3.1981990337371826,3.1981990337371826,3.857663631439209
pretrained_cnn,SR,/home/adadhwal/PhIRE/ttk_runs_fixed/cnn/pd/cnn_SR_s69_speed_p160_x0_y0_pd_port_0.vtu,7d082cd2ad67fcb13c0d7167ca3cc3201797e7359be0584ac3c93d4a832ac03d,274,274,0,1,3.2237706184387207,3.6762166023254395,0.45244598388671875,0,1,3584,3423,64,22,63,21,identity,64,22,63,21,3.2237706184387207,3.2237706184387207,3.2237706184387207,3.6762166023254395
pretrained_cnn,SR,/home/adadhwal/PhIRE/ttk_runs_fixed/cnn/pd/cnn_SR_s69_speed_p160_x0_y0_pd_port_0.vtu,7d082cd2ad67fcb13c0d7167ca3cc3201797e7359be0584ac3c93d4a832ac03d,275,275,0,1,3.225748300552368,3.442288398742676,0.21654009819030762,0,1,19551,19388,31,122,28,121,identity,31,122,28,121,3.225748300552368,3.225748300552368,3.225748300552368,3.442288398742676
pretrained_cnn,SR,/home/adadhwal/PhIRE/ttk_runs_fixed/cnn/pd/cnn_SR_s69_speed_p160_x0_y0_pd_port_0.vtu,7d082cd2ad67fcb13c0d7167ca3cc3201797e7359be0584ac3c93d4a832ac03d,276,276,1,1,3.2277443408966064,3.342576742172241,0.11483240127563477,2,3,19210,18890,10,120,10,118,identity,10,120,10,118,3.2277443408966064,3.2277443408966064,3.2277443408966064,3.342576742172241
pretrained_cnn,SR,/home/adadhwal/PhIRE/ttk_runs_fixed/cnn/pd/cnn_SR_s69_speed_p160_x0_y0_pd_port_0.vtu,7d082cd2ad67fcb13c0d7167ca3cc3201797e7359be0584ac3c93d4a832ac03d,277,277,0,1,3.237041473388672,3.579334259033203,0.34229278564453125,0,1,6264,6423,24,39,23,40,identity,24,39,23,40,3.237041473388672,3.237041473388672,3.237041473388672,3.579334259033203
pretrained_cnn,SR,/home/adadhwal/PhIRE/ttk_runs_fixed/cnn/pd/cnn_SR_s69_speed_p160_x0_y0_pd_port_0.vtu,7d082cd2ad67fcb13c0d7167ca3cc3201797e7359be0584ac3c93d4a832ac03d,278,278,1,1,3.253831624984741,4.061746120452881,0.8079144954681396,2,3,5687,5367,87,35,87,33,identity,87,35,87,33,3.253831624984741,3.253831624984741,3.253831624984741,4.061746120452881
pretrained_cnn,SR,/home/adadhwal/PhIRE/ttk_runs_fixed/cnn/pd/cnn_SR_s69_speed_p160_x0_y0_pd_port_0.vtu,7d082cd2ad67fcb13c0d7167ca3cc3201797e7359be0584ac3c93d4a832ac03d,279,279,0,1,3.2830657958984375,3.595770835876465,0.31270503997802734,0,1,5615,5454,15,35,14,34,identity,15,35,14,34,3.2830657958984375,3.2830657958984375,3.2830657958984375,3.595770835876465
pretrained_cnn,SR,/home/adadhwal/PhIRE/ttk_runs_fixed/cnn/pd/cnn_SR_s69_speed_p160_x0_y0_pd_port_0.vtu,7d082cd2ad67fcb13c0d7167ca3cc3201797e7359be0584ac3c93d4a832ac03d,280,280,1,1,3.2880938053131104,3.6298813819885254,0.34178757667541504,2,3,2968,3131,88,18,91,19,identity,88,18,91,19,3.2880938053131104,3.2880938053131104,3.2880938053131104,3.6298813819885254
pretrained_cnn,SR,/home/adadhwal/PhIRE/ttk_runs_fixed/cnn/pd/cnn_SR_s69_speed_p160_x0_y0_pd_port_0.vtu,7d082cd2ad67fcb13c0d7167ca3cc3201797e7359be0584ac3c93d4a832ac03d,281,281,0,1,3.291104555130005,3.291595935821533,0.0004913806915283203,0,1,23078,23077,38,144,37,144,identity,38,144,37,144,3.291104555130005,3.291104555130005,3.291104555130005,3.291595935821533
pretrained_cnn,SR,/home/adadhwal/PhIRE/ttk_runs_fixed/cnn/pd/cnn_SR_s69_speed_p160_x0_y0_pd_port_0.vtu,7d082cd2ad67fcb13c0d7167ca3cc3201797e7359be0584ac3c93d4a832ac03d,282,282,1,1,3.303666830062866,3.3876116275787354,0.08394479751586914,2,3,2052,2212,132,12,132,13,identity,132,12,132,13,3.303666830062866,3.303666830062866,3.303666830062866,3.3876116275787354
pretrained_cnn,SR,/home/adadhwal/PhIRE/ttk_runs_fixed/cnn/pd/cnn_SR_s69_speed_p160_x0_y0_pd_port_0.vtu,7d082cd2ad67fcb13c0d7167ca3cc3201797e7359be0584ac3c93d4a832ac03d,283,283,0,1,3.3131935596466064,3.3710882663726807,0.05789470672607422,0,1,127,286,127,0,126,1,identity,127,0,126,1,3.3131935596466064,3.3131935596466064,3.3131935596466064,3.3710882663726807
pretrained_cnn,SR,/home/adadhwal/PhIRE/ttk_runs_fixed/cnn/pd/cnn_SR_s69_speed_p160_x0_y0_pd_port_0.vtu,7d082cd2ad67fcb13c0d7167ca3cc3201797e7359be0584ac3c93d4a832ac03d,284,284,0,1,3.3173983097076416,3.4023661613464355,0.08496785163879395,0,1,2881,2722,1,18,2,17,identity,1,18,2,17,3.3173983097076416,3.3173983097076416,3.3173983097076416,3.4023661613464355
pretrained_cnn,SR,/home/adadhwal/PhIRE/ttk_runs_fixed/cnn/pd/cnn_SR_s69_speed_p160_x0_y0_pd_port_0.vtu,7d082cd2ad67fcb13c0d7167ca3cc3201797e7359be0584ac3c93d4a832ac03d,285,285,0,1,3.3267011642456055,3.394913911819458,0.06821274757385254,0,1,13883,13884,123,86,124,86,identity,123,86,124,86,3.3267011642456055,3.3267011642456055,3.3267011642456055,3.394913911819458
pretrained_cnn,SR,/home/adadhwal/PhIRE/ttk_runs_fixed/cnn/pd/cnn_SR_s69_speed_p160_x0_y0_pd_port_0.vtu,7d082cd2ad67fcb13c0d7167ca3cc3201797e7359be0584ac3c93d4a832ac03d,286,286,0,1,3.3304660320281982,3.330962896347046,0.0004968643188476562,0,1,23400,23240,40,146,40,145,identity,40,146,40,145,3.3304660320281982,3.3304660320281982,3.3304660320281982,3.330962896347046
pretrained_cnn,SR,/home/adadhwal/PhIRE/ttk_runs_fixed/cnn/pd/cnn_SR_s69_speed_p160_x0_y0_pd_port_0.vtu,7d082cd2ad67fcb13c0d7167ca3cc3201797e7359be0584ac3c93d4a832ac03d,287,287,0,1,3.331477642059326,3.3326523303985596,0.0011746883392333984,0,1,5776,5616,16,36,16,35,identity,16,36,16,35,3.331477642059326,3.331477642059326,3.331477642059326,3.3326523303985596
pretrained_cnn,SR,/home/adadhwal/PhIRE/ttk_runs_fixed/cnn/pd/cnn_SR_s69_speed_p160_x0_y0_pd_port_0.vtu,7d082cd2ad67fcb13c0d7167ca3cc3201797e7359be0584ac3c93d4a832ac03d,288,288,0,1,3.3476791381835938,3.361114978790283,0.013435840606689453,0,1,1868,1708,108,11,108,10,identity,108,11,108,10,3.3476791381835938,3.3476791381835938,3.3476791381835938,3.361114978790283
pretrained_cnn,SR,/home/adadhwal/PhIRE/ttk_runs_fixed/cnn/pd/cnn_SR_s69_speed_p160_x0_y0_pd_port_0.vtu,7d082cd2ad67fcb13c0d7167ca3cc3201797e7359be0584ac3c93d4a832ac03d,289,289,0,1,3.3637278079986572,3.3771185874938965,0.013390779495239258,0,1,18908,18748,28,118,28,117,identity,28,118,28,117,3.3637278079986572,3.3637278079986572,3.3637278079986572,3.3771185874938965
pretrained_cnn,SR,/home/adadhwal/PhIRE/ttk_runs_fixed/cnn/pd/cnn_SR_s69_speed_p160_x0_y0_pd_port_0.vtu,7d082cd2ad67fcb13c0d7167ca3cc3201797e7359be0584ac3c93d4a832ac03d,290,290,0,1,3.3648407459259033,3.367823600769043,0.0029828548431396484,0,1,21630,21629,30,135,29,135,identity,30,135,29,135,3.3648407459259033,3.3648407459259033,3.3648407459259033,3.367823600769043
pretrained_cnn,SR,/home/adadhwal/PhIRE/ttk_runs_fixed/cnn/pd/cnn_SR_s69_speed_p160_x0_y0_pd_port_0.vtu,7d082cd2ad67fcb13c0d7167ca3cc3201797e7359be0584ac3c93d4a832ac03d,291,291,1,1,3.3752870559692383,3.396517276763916,0.021230220794677734,2,3,2501,2340,101,15,100,14,identity,101,15,100,14,3.3752870559692383,3.3752870559692383,3.3752870559692383,3.396517276763916
pretrained_cnn,SR,/home/adadhwal/PhIRE/ttk_runs_fixed/cnn/pd/cnn_SR_s69_speed_p160_x0_y0_pd_port_0.vtu,7d082cd2ad67fcb13c0d7167ca3cc3201797e7359be0584ac3c93d4a832ac03d,292,292,0,1,3.3766844272613525,3.52229905128479,0.1456146240234375,0,1,931,129,131,5,129,0,identity,131,5,129,0,3.3766844272613525,3.3766844272613525,3.3766844272613525,3.52229905128479
pretrained_cnn,SR,/home/adadhwal/PhIRE/ttk_runs_fixed/cnn/pd/cnn_SR_s69_speed_p160_x0_y0_pd_port_0.vtu,7d082cd2ad67fcb13c0d7167ca3cc3201797e7359be0584ac3c93d4a832ac03d,293,293,0,1,3.3771233558654785,3.3892416954040527,0.012118339538574219,0,1,612,772,132,3,132,4,identity,132,3,132,4,3.3771233558654785,3.3771233558654785,3.3771233558654785,3.3892416954040527
pretrained_cnn,SR,/home/adadhwal/PhIRE/ttk_runs_fixed/cnn/pd/cnn_SR_s69_speed_p160_x0_y0_pd_port_0.vtu,7d082cd2ad67fcb13c0d7167ca3cc3201797e7359be0584ac3c93d4a832ac03d,294,294,0,1,3.378187417984009,3.385028839111328,0.006841421127319336,0,1,25472,25471,32,159,31,159,identity,32,159,31,159,3.378187417984009,3.378187417984009,3.378187417984009,3.385028839111328
pretrained_cnn,SR,/home/adadhwal/PhIRE/ttk_runs_fixed/cnn/pd/cnn_SR_s69_speed_p160_x0_y0_pd_port_0.vtu,7d082cd2ad67fcb13c0d7167ca3cc3201797e7359be0584ac3c93d4a832ac03d,295,295,1,1,3.38079571723938,3.383922815322876,0.0031270980834960938,2,3,20828,20987,28,130,27,131,identity,28,130,27,131,3.38079571723938,3.38079571723938,3.38079571723938,3.383922815322876
pretrained_cnn,SR,/home/adadhwal/PhIRE/ttk_runs_fixed/cnn/pd/cnn_SR_s69_speed_p160_x0_y0_pd_port_0.vtu,7d082cd2ad67fcb13c0d7167ca3cc3201797e7359be0584ac3c93d4a832ac03d,296,296,0,1,3.389519691467285,3.417987108230591,0.028467416763305664,0,1,3200,3041,0,20,1,19,identity,0,20,1,19,3.389519691467285,3.389519691467285,3.389519691467285,3.417987108230591
pretrained_cnn,SR,/home/adadhwal/PhIRE/ttk_runs_fixed/cnn/pd/cnn_SR_s69_speed_p160_x0_y0_pd_port_0.vtu,7d082cd2ad67fcb13c0d7167ca3cc3201797e7359be0584ac3c93d4a832ac03d,297,297,1,1,3.3949458599090576,4.463419437408447,1.0684735774993896,2,3,4441,4912,121,27,112,30,identity,121,27,112,30,3.3949458599090576,3.3949458599090576,3.3949458599090576,4.463419437408447
pretrained_cnn,SR,/home/adadhwal/PhIRE/ttk_runs_fixed/cnn/pd/cnn_SR_s69_speed_p160_x0_y0_pd_port_0.vtu,7d082cd2ad67fcb13c0d7167ca3cc3201797e7359be0584ac3c93d4a832ac03d,298,298,0,1,3.3974037170410156,3.5479965209960938,0.15059280395507812,0,1,7060,7378,20,44,18,46,identity,20,44,18,46,3.3974037170410156,3.3974037170410156,3.3974037170410156,3.5479965209960938
pretrained_cnn,SR,/home/adadhwal/PhIRE/ttk_runs_fixed/cnn/pd/cnn_SR_s69_speed_p160_x0_y0_pd_port_0.vtu,7d082cd2ad67fcb13c0d7167ca3cc3201797e7359be0584ac3c93d4a832ac03d,299,299,0,1,3.403754234313965,3.4272944927215576,0.023540258407592773,0,1,451,452,131,2,132,2,identity,131,2,132,2,3.403754234313965,3.403754234313965,3.403754234313965,3.4272944927215576
pretrained_cnn,SR,/home/adadhwal/PhIRE/ttk_runs_fixed/cnn/pd/cnn_SR_s69_speed_p160_x0_y0_pd_port_0.vtu,7d082cd2ad67fcb13c0d7167ca3cc3201797e7359be0584ac3c93d4a832ac03d,300,300,1,1,3.4083356857299805,4.292769432067871,0.8844337463378906,2,3,2027,1225,107,12,105,7,identity,107,12,105,7,3.4083356857299805,3.4083356857299805,3.4083356857299805,4.292769432067871
pretrained_cnn,SR,/home/adadhwal/PhIRE/ttk_runs_fixed/cnn/pd/cnn_SR_s69_speed_p160_x0_y0_pd_port_0.vtu,7d082cd2ad67fcb13c0d7167ca3cc3201797e7359be0584ac3c93d4a832ac03d,301,301,0,1,3.410731792449951,3.433011054992676,0.02227926254272461,0,1,21951,21791,31,137,31,136,identity,31,137,31,136,3.410731792449951,3.410731792449951,3.410731792449951,3.433011054992676
pretrained_cnn,SR,/home/adadhwal/PhIRE/ttk_runs_fixed/cnn/pd/cnn_SR_s69_speed_p160_x0_y0_pd_port_0.vtu,7d082cd2ad67fcb13c0d7167ca3cc3201797e7359be0584ac3c93d4a832ac03d,302,302,0,1,3.4121201038360596,3.4248127937316895,0.012692689895629883,0,1,21472,21471,32,134,31,134,identity,32,134,31,134,3.4121201038360596,3.4121201038360596,3.4121201038360596,3.4248127937316895
pretrained_cnn,SR,/home/adadhwal/PhIRE/ttk_runs_fixed/cnn/pd/cnn_SR_s69_speed_p160_x0_y0_pd_port_0.vtu,7d082cd2ad67fcb13c0d7167ca3cc3201797e7359be0584ac3c93d4a832ac03d,303,303,0,1,3.412672758102417,3.4434738159179688,0.030801057815551758,0,1,131,291,131,0,131,1,identity,131,0,131,1,3.412672758102417,3.412672758102417,3.412672758102417,3.4434738159179688
pretrained_cnn,SR,/home/adadhwal/PhIRE/ttk_runs_fixed/cnn/pd/cnn_SR_s69_speed_p160_x0_y0_pd_port_0.vtu,7d082cd2ad67fcb13c0d7167ca3cc3201797e7359be0584ac3c93d4a832ac03d,304,304,0,1,3.4409544467926025,3.7423739433288574,0.3014194965362549,0,1,14039,14041,119,87,121,87,identity,119,87,121,87,3.4409544467926025,3.4409544467926025,3.4409544467926025,3.7423739433288574
pretrained_cnn,SR,/home/adadhwal/PhIRE/ttk_runs_fixed/cnn/pd/cnn_SR_s69_speed_p160_x0_y0_pd_port_0.vtu,7d082cd2ad67fcb13c0d7167ca3cc3201797e7359be0584ac3c93d4a832ac03d,305,305,0,1,3.4439938068389893,3.4574668407440186,0.013473033905029297,0,1,22112,21952,32,138,32,137,identity,32,138,32,137,3.4439938068389893,3.4439938068389893,3.4439938068389893,3.4574668407440186
pretrained_cnn,SR,/home/adadhwal/PhIRE/ttk_runs_fixed/cnn/pd/cnn_SR_s69_speed_p160_x0_y0_pd_port_0.vtu,7d082cd2ad67fcb13c0d7167ca3cc3201797e7359be0584ac3c93d4a832ac03d,306,306,0,1,3.4471375942230225,3.550103187561035,0.1029655933380127,0,1,17737,17736,137,110,136,110,identity,137,110,136,110,3.4471375942230225,3.4471375942230225,3.4471375942230225,3.550103187561035
pretrained_cnn,SR,/home/adadhwal/PhIRE/ttk_runs_fixed/cnn/pd/cnn_SR_s69_speed_p160_x0_y0_pd_port_0.vtu,7d082cd2ad67fcb13c0d7167ca3cc3201797e7359be0584ac3c93d4a832ac03d,307,307,1,1,3.4586286544799805,3.5210728645324707,0.062444210052490234,2,3,22272,22110,32,139,30,138,identity,32,139,30,138,3.4586286544799805,3.4586286544799805,3.4586286544799805,3.5210728645324707
pretrained_cnn,SR,/home/adadhwal/PhIRE/ttk_runs_fixed/cnn/pd/cnn_SR_s69_speed_p160_x0_y0_pd_port_0.vtu,7d082cd2ad67fcb13c0d7167ca3cc3201797e7359be0584ac3c93d4a832ac03d,308,308,0,1,3.4607186317443848,3.5920357704162598,0.131317138671875,0,1,138,136,138,0,136,0,identity,138,0,136,0,3.4607186317443848,3.4607186317443848,3.4607186317443848,3.5920357704162598
pretrained_cnn,SR,/home/adadhwal/PhIRE/ttk_runs_fixed/cnn/pd/cnn_SR_s69_speed_p160_x0_y0_pd_port_0.vtu,7d082cd2ad67fcb13c0d7167ca3cc3201797e7359be0584ac3c93d4a832ac03d,309,309,0,1,3.462336301803589,4.270695686340332,0.8083593845367432,0,1,2891,3211,11,18,11,20,identity,11,18,11,20,3.462336301803589,3.462336301803589,3.462336301803589,4.270695686340332
pretrained_cnn,SR,/home/adadhwal/PhIRE/ttk_runs_fixed/cnn/pd/cnn_SR_s69_speed_p160_x0_y0_pd_port_0.vtu,7d082cd2ad67fcb13c0d7167ca3cc3201797e7359be0584ac3c93d4a832ac03d,310,310,0,1,3.4803595542907715,3.495706558227539,0.015347003936767578,0,1,21634,21793,34,135,33,136,identity,34,135,33,136,3.4803595542907715,3.4803595542907715,3.4803595542907715,3.495706558227539
pretrained_cnn,SR,/home/adadhwal/PhIRE/ttk_runs_fixed/cnn/pd/cnn_SR_s69_speed_p160_x0_y0_pd_port_0.vtu,7d082cd2ad67fcb13c0d7167ca3cc3201797e7359be0584ac3c93d4a832ac03d,311,311,1,1,3.481034994125366,3.5145881175994873,0.033553123474121094,2,3,8594,8434,114,53,114,52,identity,114,53,114,52,3.481034994125366,3.481034994125366,3.481034994125366,3.5145881175994873
pretrained_cnn,SR,/home/adadhwal/PhIRE/ttk_runs_fixed/cnn/pd/cnn_SR_s69_speed_p160_x0_y0_pd_port_0.vtu,7d082cd2ad67fcb13c0d7167ca3cc3201797e7359be0584ac3c93d4a832ac03d,312,312,0,1,3.4823431968688965,4.050105571746826,0.5677623748779297,0,1,9241,9077,121,57,117,56,identity,121,57,117,56,3.4823431968688965,3.4823431968688965,3.4823431968688965,4.050105571746826
pretrained_cnn,SR,/home/adadhwal/PhIRE/ttk_runs_fixed/cnn/pd/cnn_SR_s69_speed_p160_x0_y0_pd_port_0.vtu,7d082cd2ad67fcb13c0d7167ca3cc3201797e7359be0584ac3c93d4a832ac03d,313,313,0,1,3.4849724769592285,3.5255119800567627,0.04053950309753418,0,1,134,294,134,0,134,1,identity,134,0,134,1,3.4849724769592285,3.4849724769592285,3.4849724769592285,3.5255119800567627
pretrained_cnn,SR,/home/adadhwal/PhIRE/ttk_runs_fixed/cnn/pd/cnn_SR_s69_speed_p160_x0_y0_pd_port_0.vtu,7d082cd2ad67fcb13c0d7167ca3cc3201797e7359be0584ac3c93d4a832ac03d,314,314,1,1,3.4927918910980225,3.8410110473632812,0.3482191562652588,2,3,3478,3801,118,21,121,23,identity,118,21,121,23,3.4927918910980225,3.4927918910980225,3.4927918910980225,3.8410110473632812
pretrained_cnn,SR,/home/adadhwal/PhIRE/ttk_runs_fixed/cnn/pd/cnn_SR_s69_speed_p160_x0_y0_pd_port_0.vtu,7d082cd2ad67fcb13c0d7167ca3cc3201797e7359be0584ac3c93d4a832ac03d,315,315,1,1,3.4947285652160645,3.6877002716064453,0.19297170639038086,2,3,3314,2996,114,20,116,18,identity,114,20,116,18,3.4947285652160645,3.4947285652160645,3.4947285652160645,3.6877002716064453
pretrained_cnn,SR,/home/adadhwal/PhIRE/ttk_runs_fixed/cnn/pd/cnn_SR_s69_speed_p160_x0_y0_pd_port_0.vtu,7d082cd2ad67fcb13c0d7167ca3cc3201797e7359be0584ac3c93d4a832ac03d,316,316,0,1,3.497096300125122,4.639057159423828,1.141960859298706,0,1,4517,4840,37,28,40,30,identity,37,28,40,30,3.497096300125122,3.497096300125122,3.497096300125122,4.639057159423828
pretrained_cnn,SR,/home/adadhwal/PhIRE/ttk_runs_fixed/cnn/pd/cnn_SR_s69_speed_p160_x0_y0_pd_port_0.vtu,7d082cd2ad67fcb13c0d7167ca3cc3201797e7359be0584ac3c93d4a832ac03d,317,317,0,1,3.497997283935547,3.5460877418518066,0.048090457916259766,0,1,935,774,135,5,134,4,identity,135,5,134,4,3.497997283935547,3.497997283935547,3.497997283935547,3.5460877418518066
pretrained_cnn,SR,/home/adadhwal/PhIRE/ttk_runs_fixed/cnn/pd/cnn_SR_s69_speed_p160_x0_y0_pd_port_0.vtu,7d082cd2ad67fcb13c0d7167ca3cc3201797e7359be0584ac3c93d4a832ac03d,318,318,1,1,3.5042970180511475,3.660524606704712,0.15622758865356445,2,3,20349,19706,29,127,26,123,identity,29,127,26,123,3.5042970180511475,3.5042970180511475,3.5042970180511475,3.660524606704712
pretrained_cnn,SR,/home/adadhwal/PhIRE/ttk_runs_fixed/cnn/pd/cnn_SR_s69_speed_p160_x0_y0_pd_port_0.vtu,7d082cd2ad67fcb13c0d7167ca3cc3201797e7359be0584ac3c93d4a832ac03d,319,319,0,1,3.5049262046813965,3.5340559482574463,0.029129743576049805,0,1,24834,24833,34,155,33,155,identity,34,155,33,155,3.5049262046813965,3.5049262046813965,3.5049262046813965,3.5340559482574463
pretrained_cnn,SR,/home/adadhwal/PhIRE/ttk_runs_fixed/cnn/pd/cnn_SR_s69_speed_p160_x0_y0_pd_port_0.vtu,7d082cd2ad67fcb13c0d7167ca3cc3201797e7359be0584ac3c93d4a832ac03d,320,320,0,1,3.507681369781494,3.5662953853607178,0.05861401557922363,0,1,20513,20352,33,128,32,127,identity,33,128,32,127,3.507681369781494,3.507681369781494,3.507681369781494,3.5662953853607178
pretrained_cnn,SR,/home/adadhwal/PhIRE/ttk_runs_fixed/cnn/pd/cnn_SR_s69_speed_p160_x0_y0_pd_port_0.vtu,7d082cd2ad67fcb13c0d7167ca3cc3201797e7359be0584ac3c93d4a832ac03d,321,321,0,1,3.513442039489746,3.5637056827545166,0.05026364326477051,0,1,3690,3850,10,23,10,24,identity,10,23,10,24,3.513442039489746,3.513442039489746,3.513442039489746,3.5637056827545166
pretrained_cnn,SR,/home/adadhwal/PhIRE/ttk_runs_fixed/cnn/pd/cnn_SR_s69_speed_p160_x0_y0_pd_port_0.vtu,7d082cd2ad67fcb13c0d7167ca3cc3201797e7359be0584ac3c93d4a832ac03d,322,322,1,1,3.513582229614258,3.5373880863189697,0.023805856704711914,2,3,3317,3318,117,20,118,20,identity,117,20,118,20,3.513582229614258,3.513582229614258,3.513582229614258,3.5373880863189697
pretrained_cnn,SR,/home/adadhwal/PhIRE/ttk_runs_fixed/cnn/pd/cnn_SR_s69_speed_p160_x0_y0_pd_port_0.vtu,7d082cd2ad67fcb13c0d7167ca3cc3201797e7359be0584ac3c93d4a832ac03d,323,323,0,1,3.522800922393799,3.5563547611236572,0.0335538387298584,0,1,939,1098,139,5,138,6,identity,139,5,138,6,3.522800922393799,3.522800922393799,3.522800922393799,3.5563547611236572
pretrained_cnn,SR,/home/adadhwal/PhIRE/ttk_runs_fixed/cnn/pd/cnn_SR_s69_speed_p160_x0_y0_pd_port_0.vtu,7d082cd2ad67fcb13c0d7167ca3cc3201797e7359be0584ac3c93d4a832ac03d,324,324,1,1,3.53576397895813,3.557276487350464,0.021512508392333984,2,3,7214,7373,14,45,13,46,identity,14,45,13,46,3.53576397895813,3.53576397895813,3.53576397895813,3.557276487350464
pretrained_cnn,SR,/home/adadhwal/PhIRE/ttk_runs_fixed/cnn/pd/cnn_SR_s69_speed_p160_x0_y0_pd_port_0.vtu,7d082cd2ad67fcb13c0d7167ca3cc3201797e7359be0584ac3c93d4a832ac03d,325,325,1,1,3.543884038925171,3.6322784423828125,0.0883944034576416,2,3,769,289,129,4,129,1,identity,129,4,129,1,3.543884038925171,3.543884038925171,3.543884038925171,3.6322784423828125
pretrained_cnn,SR,/home/adadhwal/PhIRE/ttk_runs_fixed/cnn/pd/cnn_SR_s69_speed_p160_x0_y0_pd_port_0.vtu,7d082cd2ad67fcb13c0d7167ca3cc3201797e7359be0584ac3c93d4a832ac03d,326,326,1,1,3.544635772705078,3.597487449645996,0.05285167694091797,2,3,3480,3479,120,21,119,21,identity,120,21,119,21,3.544635772705078,3.544635772705078,3.544635772705078,3.597487449645996
pretrained_cnn,SR,/home/adadhwal/PhIRE/ttk_runs_fixed/cnn/pd/cnn_SR_s69_speed_p160_x0_y0_pd_port_0.vtu,7d082cd2ad67fcb13c0d7167ca3cc3201797e7359be0584ac3c93d4a832ac03d,327,327,1,1,3.5464813709259033,3.8801817893981934,0.33370041847229004,2,3,2029,1872,109,12,112,11,identity,109,12,112,11,3.5464813709259033,3.5464813709259033,3.5464813709259033,3.8801817893981934
pretrained_cnn,SR,/home/adadhwal/PhIRE/ttk_runs_fixed/cnn/pd/cnn_SR_s69_speed_p160_x0_y0_pd_port_0.vtu,7d082cd2ad67fcb13c0d7167ca3cc3201797e7359be0584ac3c93d4a832ac03d,328,328,1,1,3.549287796020508,3.5709052085876465,0.021617412567138672,2,3,25154,25153,34,157,33,157,identity,34,157,33,157,3.549287796020508,3.549287796020508,3.549287796020508,3.5709052085876465
pretrained_cnn,SR,/home/adadhwal/PhIRE/ttk_runs_fixed/cnn/pd/cnn_SR_s69_speed_p160_x0_y0_pd_port_0.vtu,7d082cd2ad67fcb13c0d7167ca3cc3201797e7359be0584ac3c93d4a832ac03d,329,329,1,1,3.5518689155578613,3.5990920066833496,0.04722309112548828,2,3,20186,20187,26,126,27,126,identity,26,126,27,126,3.5518689155578613,3.5518689155578613,3.5518689155578613,3.5990920066833496
pretrained_cnn,SR,/home/adadhwal/PhIRE/ttk_runs_fixed/cnn/pd/cnn_SR_s69_speed_p160_x0_y0_pd_port_0.vtu,7d082cd2ad67fcb13c0d7167ca3cc3201797e7359be0584ac3c93d4a832ac03d,330,330,0,1,3.5523974895477295,3.6543073654174805,0.10190987586975098,0,1,2730,2890,10,17,10,18,identity,10,17,10,18,3.5523974895477295,3.5523974895477295,3.5523974895477295,3.6543073654174805
pretrained_cnn,SR,/home/adadhwal/PhIRE/ttk_runs_fixed/cnn/pd/cnn_SR_s69_speed_p160_x0_y0_pd_port_0.vtu,7d082cd2ad67fcb13c0d7167ca3cc3201797e7359be0584ac3c93d4a832ac03d,331,331,0,1,3.554915428161621,3.641036033630371,0.08612060546875,0,1,20518,20356,38,128,36,127,identity,38,128,36,127,3.554915428161621,3.554915428161621,3.554915428161621,3.641036033630371
pretrained_cnn,SR,/home/adadhwal/PhIRE/ttk_runs_fixed/cnn/pd/cnn_SR_s69_speed_p160_x0_y0_pd_port_0.vtu,7d082cd2ad67fcb13c0d7167ca3cc3201797e7359be0584ac3c93d4a832ac03d,332,332,1,1,3.5640342235565186,3.876258373260498,0.3122241497039795,2,3,1416,1411,136,8,131,8,identity,136,8,131,8,3.5640342235565186,3.5640342235565186,3.5640342235565186,3.876258373260498
pretrained_cnn,SR,/home/adadhwal/PhIRE/ttk_runs_fixed/cnn/pd/cnn_SR_s69_speed_p160_x0_y0_pd_port_0.vtu,7d082cd2ad67fcb13c0d7167ca3cc3201797e7359be0584ac3c93d4a832ac03d,333,333,0,1,3.568869113922119,4.124503135681152,0.5556340217590332,0,1,8720,9200,80,54,80,57,identity,80,54,80,57,3.568869113922119,3.568869113922119,3.568869113922119,4.124503135681152
pretrained_cnn,SR,/home/adadhwal/PhIRE/ttk_runs_fixed/cnn/pd/cnn_SR_s69_speed_p160_x0_y0_pd_port_0.vtu,7d082cd2ad67fcb13c0d7167ca3cc3201797e7359be0584ac3c93d4a832ac03d,334,334,1,1,3.575112819671631,3.5890870094299316,0.013974189758300781,2,3,19703,19702,23,123,22,123,identity,23,123,22,123,3.575112819671631,3.575112819671631,3.575112819671631,3.5890870094299316
pretrained_cnn,SR,/home/adadhwal/PhIRE/ttk_runs_fixed/cnn/pd/cnn_SR_s69_speed_p160_x0_y0_pd_port_0.vtu,7d082cd2ad67fcb13c0d7167ca3cc3201797e7359be0584ac3c93d4a832ac03d,335,335,1,1,3.5805397033691406,3.644351005554199,0.0638113021850586,2,3,20991,20671,31,131,31,129,identity,31,131,31,129,3.5805397033691406,3.5805397033691406,3.5805397033691406,3.644351005554199
pretrained_cnn,SR,/home/adadhwal/PhIRE/ttk_runs_fixed/cnn/pd/cnn_SR_s69_speed_p160_x0_y0_pd_port_0.vtu,7d082cd2ad67fcb13c0d7167ca3cc3201797e7359be0584ac3c93d4a832ac03d,336,336,0,1,3.582587480545044,6.061883926391602,2.4792964458465576,0,1,1281,1284,1,8,4,8,identity,1,8,4,8,3.582587480545044,3.582587480545044,3.582587480545044,6.061883926391602
pretrained_cnn,SR,/home/adadhwal/PhIRE/ttk_runs_fixed/cnn/pd/cnn_SR_s69_speed_p160_x0_y0_pd_port_0.vtu,7d082cd2ad67fcb13c0d7167ca3cc3201797e7359be0584ac3c93d4a832ac03d,337,337,1,1,3.590808391571045,3.5960893630981445,0.005280971527099609,2,3,8586,8585,106,53,105,53,identity,106,53,105,53,3.590808391571045,3.590808391571045,3.590808391571045,3.5960893630981445
pretrained_cnn,SR,/home/adadhwal/PhIRE/ttk_runs_fixed/cnn/pd/cnn_SR_s69_speed_p160_x0_y0_pd_port_0.vtu,7d082cd2ad67fcb13c0d7167ca3cc3201797e7359be0584ac3c93d4a832ac03d,338,338,1,1,3.592474937438965,3.6282622814178467,0.035787343978881836,2,3,5128,4969,8,32,9,31,identity,8,32,9,31,3.592474937438965,3.592474937438965,3.592474937438965,3.6282622814178467
pretrained_cnn,SR,/home/adadhwal/PhIRE/ttk_runs_fixed/cnn/pd/cnn_SR_s69_speed_p160_x0_y0_pd_port_0.vtu,7d082cd2ad67fcb13c0d7167ca3cc3201797e7359be0584ac3c93d4a832ac03d,339,339,1,1,3.594048261642456,3.6136274337768555,0.019579172134399414,2,3,1737,1736,137,10,136,10,identity,137,10,136,10,3.594048261642456,3.594048261642456,3.594048261642456,3.6136274337768555
pretrained_cnn,SR,/home/adadhwal/PhIRE/ttk_runs_fixed/cnn/pd/cnn_SR_s69_speed_p160_x0_y0_pd_port_0.vtu,7d082cd2ad67fcb13c0d7167ca3cc3201797e7359be0584ac3c93d4a832ac03d,340,340,1,1,3.6047704219818115,3.6412339210510254,0.03646349906921387,2,3,6249,6408,9,39,8,40,identity,9,39,8,40,3.6047704219818115,3.6047704219818115,3.6047704219818115,3.6412339210510254
pretrained_cnn,SR,/home/adadhwal/PhIRE/ttk_runs_fixed/cnn/pd/cnn_SR_s69_speed_p160_x0_y0_pd_port_0.vtu,7d082cd2ad67fcb13c0d7167ca3cc3201797e7359be0584ac3c93d4a832ac03d,341,341,0,1,3.6067636013031006,3.950852394104004,0.3440887928009033,0,1,13875,14036,115,86,116,87,identity,115,86,116,87,3.6067636013031006,3.6067636013031006,3.6067636013031006,3.950852394104004
pretrained_cnn,SR,/home/adadhwal/PhIRE/ttk_runs_fixed/cnn/pd/cnn_SR_s69_speed_p160_x0_y0_pd_port_0.vtu,7d082cd2ad67fcb13c0d7167ca3cc3201797e7359be0584ac3c93d4a832ac03d,342,342,0,1,3.6125450134277344,4.731033802032471,1.1184887886047363,0,1,10850,11004,130,67,124,68,identity,130,67,124,68,3.6125450134277344,3.6125450134277344,3.6125450134277344,4.731033802032471
pretrained_cnn,SR,/home/adadhwal/PhIRE/ttk_runs_fixed/cnn/pd/cnn_SR_s69_speed_p160_x0_y0_pd_port_0.vtu,7d082cd2ad67fcb13c0d7167ca3cc3201797e7359be0584ac3c93d4a832ac03d,343,343,0,1,3.637807846069336,3.7363839149475098,0.09857606887817383,0,1,1120,1280,0,7,0,8,identity,0,7,0,8,3.637807846069336,3.637807846069336,3.637807846069336,3.7363839149475098
pretrained_cnn,SR,/home/adadhwal/PhIRE/ttk_runs_fixed/cnn/pd/cnn_SR_s69_speed_p160_x0_y0_pd_port_0.vtu,7d082cd2ad67fcb13c0d7167ca3cc3201797e7359be0584ac3c93d4a832ac03d,344,344,1,1,3.6500155925750732,3.681415319442749,0.03139972686767578,2,3,456,296,136,2,136,1,identity,136,2,136,1,3.6500155925750732,3.6500155925750732,3.6500155925750732,3.681415319442749
pretrained_cnn,SR,/home/adadhwal/PhIRE/ttk_runs_fixed/cnn/pd/cnn_SR_s69_speed_p160_x0_y0_pd_port_0.vtu,7d082cd2ad67fcb13c0d7167ca3cc3201797e7359be0584ac3c93d4a832ac03d,345,345,1,1,3.6516926288604736,3.6669962406158447,0.015303611755371094,2,3,4009,4010,9,25,10,25,identity,9,25,10,25,3.6516926288604736,3.6516926288604736,3.6516926288604736,3.6669962406158447
pretrained_cnn,SR,/home/adadhwal/PhIRE/ttk_runs_fixed/cnn/pd/cnn_SR_s69_speed_p160_x0_y0_pd_port_0.vtu,7d082cd2ad67fcb13c0d7167ca3cc3201797e7359be0584ac3c93d4a832ac03d,346,346,0,1,3.6528022289276123,3.687061309814453,0.03425908088684082,0,1,25477,25476,37,159,36,159,identity,37,159,36,159,3.6528022289276123,3.6528022289276123,3.6528022289276123,3.687061309814453
pretrained_cnn,SR,/home/adadhwal/PhIRE/ttk_runs_fixed/cnn/pd/cnn_SR_s69_speed_p160_x0_y0_pd_port_0.vtu,7d082cd2ad67fcb13c0d7167ca3cc3201797e7359be0584ac3c93d4a832ac03d,347,347,1,1,3.6552488803863525,3.659355878829956,0.004106998443603516,2,3,7058,7218,18,44,18,45,identity,18,44,18,45,3.6552488803863525,3.6552488803863525,3.6552488803863525,3.659355878829956
pretrained_cnn,SR,/home/adadhwal/PhIRE/ttk_runs_fixed/cnn/pd/cnn_SR_s69_speed_p160_x0_y0_pd_port_0.vtu,7d082cd2ad67fcb13c0d7167ca3cc3201797e7359be0584ac3c93d4a832ac03d,348,348,1,1,3.6599843502044678,5.246783256530762,1.586798906326294,2,3,2784,1504,64,17,64,9,identity,64,17,64,9,3.6599843502044678,3.6599843502044678,3.6599843502044678,5.246783256530762
pretrained_cnn,SR,/home/adadhwal/PhIRE/ttk_runs_fixed/cnn/pd/cnn_SR_s69_speed_p160_x0_y0_pd_port_0.vtu,7d082cd2ad67fcb13c0d7167ca3cc3201797e7359be0584ac3c93d4a832ac03d,349,349,1,1,3.6715810298919678,3.6882858276367188,0.016704797744750977,2,3,617,457,137,3,137,2,identity,137,3,137,2,3.6715810298919678,3.6715810298919678,3.6715810298919678,3.6882858276367188
pretrained_cnn,SR,/home/adadhwal/PhIRE/ttk_runs_fixed/cnn/pd/cnn_SR_s69_speed_p160_x0_y0_pd_port_0.vtu,7d082cd2ad67fcb13c0d7167ca3cc3201797e7359be0584ac3c93d4a832ac03d,350,350,0,1,3.6730077266693115,3.695706367492676,0.022698640823364258,0,1,7223,7382,23,45,22,46,identity,23,45,22,46,3.6730077266693115,3.6730077266693115,3.6730077266693115,3.695706367492676
pretrained_cnn,SR,/home/adadhwal/PhIRE/ttk_runs_fixed/cnn/pd/cnn_SR_s69_speed_p160_x0_y0_pd_port_0.vtu,7d082cd2ad67fcb13c0d7167ca3cc3201797e7359be0584ac3c93d4a832ac03d,351,351,1,1,3.6848549842834473,3.7114105224609375,0.026555538177490234,2,3,8747,8587,107,54,107,53,identity,107,54,107,53,3.6848549842834473,3.6848549842834473,3.6848549842834473,3.7114105224609375
pretrained_cnn,SR,/home/adadhwal/PhIRE/ttk_runs_fixed/cnn/pd/cnn_SR_s69_speed_p160_x0_y0_pd_port_0.vtu,7d082cd2ad67fcb13c0d7167ca3cc3201797e7359be0584ac3c93d4a832ac03d,352,352,1,1,3.691628932952881,3.7387940883636475,0.0471651554107666,2,3,4728,4726,88,29,86,29,identity,88,29,86,29,3.691628932952881,3.691628932952881,3.691628932952881,3.7387940883636475
pretrained_cnn,SR,/home/adadhwal/PhIRE/ttk_runs_fixed/cnn/pd/cnn_SR_s69_speed_p160_x0_y0_pd_port_0.vtu,7d082cd2ad67fcb13c0d7167ca3cc3201797e7359be0584ac3c93d4a832ac03d,353,353,0,1,3.6967735290527344,3.708333969116211,0.011560440063476562,0,1,4480,4481,0,28,1,28,identity,0,28,1,28,3.6967735290527344,3.6967735290527344,3.6967735290527344,3.708333969116211
pretrained_cnn,SR,/home/adadhwal/PhIRE/ttk_runs_fixed/cnn/pd/cnn_SR_s69_speed_p160_x0_y0_pd_port_0.vtu,7d082cd2ad67fcb13c0d7167ca3cc3201797e7359be0584ac3c93d4a832ac03d,354,354,0,1,3.702155828475952,4.113792419433594,0.4116365909576416,0,1,6048,5407,128,37,127,33,identity,128,37,127,33,3.702155828475952,3.702155828475952,3.702155828475952,4.113792419433594
pretrained_cnn,SR,/home/adadhwal/PhIRE/ttk_runs_fixed/cnn/pd/cnn_SR_s69_speed_p160_x0_y0_pd_port_0.vtu,7d082cd2ad67fcb13c0d7167ca3cc3201797e7359be0584ac3c93d4a832ac03d,355,355,1,1,3.709182024002075,3.860107660293579,0.1509256362915039,2,3,24356,23875,36,152,35,149,identity,36,152,35,149,3.709182024002075,3.709182024002075,3.709182024002075,3.860107660293579
pretrained_cnn,SR,/home/adadhwal/PhIRE/ttk_runs_fixed/cnn/pd/cnn_SR_s69_speed_p160_x0_y0_pd_port_0.vtu,7d082cd2ad67fcb13c0d7167ca3cc3201797e7359be0584ac3c93d4a832ac03d,356,356,0,1,3.709608554840088,3.7895724773406982,0.07996392250061035,0,1,15472,15471,112,96,111,96,identity,112,96,111,96,3.709608554840088,3.709608554840088,3.709608554840088,3.7895724773406982
pretrained_cnn,SR,/home/adadhwal/PhIRE/ttk_runs_fixed/cnn/pd/cnn_SR_s69_speed_p160_x0_y0_pd_port_0.vtu,7d082cd2ad67fcb13c0d7167ca3cc3201797e7359be0584ac3c93d4a832ac03d,357,357,1,1,3.710658550262451,3.7131240367889404,0.002465486526489258,2,3,24518,24357,38,153,37,152,identity,38,153,37,152,3.710658550262451,3.710658550262451,3.710658550262451,3.7131240367889404
pretrained_cnn,SR,/home/adadhwal/PhIRE/ttk_runs_fixed/cnn/pd/cnn_SR_s69_speed_p160_x0_y0_pd_port_0.vtu,7d082cd2ad67fcb13c0d7167ca3cc3201797e7359be0584ac3c93d4a832ac03d,358,358,1,1,3.7131998538970947,3.79860258102417,0.0854027271270752,2,3,4924,4765,124,30,125,29,identity,124,30,125,29,3.7131998538970947,3.7131998538970947,3.7131998538970947,3.79860258102417
pretrained_cnn,SR,/home/adadhwal/PhIRE/ttk_runs_fixed/cnn/pd/cnn_SR_s69_speed_p160_x0_y0_pd_port_0.vtu,7d082cd2ad67fcb13c0d7167ca3cc3201797e7359be0584ac3c93d4a832ac03d,359,359,0,1,3.7188897132873535,3.7422690391540527,0.02337932586669922,0,1,4185,4345,25,26,25,27,identity,25,26,25,27,3.7188897132873535,3.7188897132873535,3.7188897132873535,3.7422690391540527
pretrained_cnn,SR,/home/adadhwal/PhIRE/ttk_runs_fixed/cnn/pd/cnn_SR_s69_speed_p160_x0_y0_pd_port_0.vtu,7d082cd2ad67fcb13c0d7167ca3cc3201797e7359be0584ac3c93d4a832ac03d,360,360,1,1,3.721870183944702,3.7328763008117676,0.01100611686706543,2,3,24354,24515,34,152,35,153,identity,34,152,35,153,3.721870183944702,3.721870183944702,3.721870183944702,3.7328763008117676
pretrained_cnn,SR,/home/adadhwal/PhIRE/ttk_runs_fixed/cnn/pd/cnn_SR_s69_speed_p160_x0_y0_pd_port_0.vtu,7d082cd2ad67fcb13c0d7167ca3cc3201797e7359be0584ac3c93d4a832ac03d,361,361,0,1,3.727609157562256,3.7316668033599854,0.004057645797729492,0,1,6254,6413,14,39,13,40,identity,14,39,13,40,3.727609157562256,3.727609157562256,3.727609157562256,3.7316668033599854
pretrained_cnn,SR,/home/adadhwal/PhIRE/ttk_runs_fixed/cnn/pd/cnn_SR_s69_speed_p160_x0_y0_pd_port_0.vtu,7d082cd2ad67fcb13c0d7167ca3cc3201797e7359be0584ac3c93d4a832ac03d,362,362,0,1,3.7318320274353027,3.8038430213928223,0.07201099395751953,0,1,8881,8721,81,55,81,54,identity,81,55,81,54,3.7318320274353027,3.7318320274353027,3.7318320274353027,3.8038430213928223
pretrained_cnn,SR,/home/adadhwal/PhIRE/ttk_runs_fixed/cnn/pd/cnn_SR_s69_speed_p160_x0_y0_pd_port_0.vtu,7d082cd2ad67fcb13c0d7167ca3cc3201797e7359be0584ac3c93d4a832ac03d,363,363,0,1,3.7578823566436768,4.289278507232666,0.5313961505889893,0,1,10313,10789,73,64,69,67,identity,73,64,69,67,3.7578823566436768,3.7578823566436768,3.7578823566436768,4.289278507232666
pretrained_cnn,SR,/home/adadhwal/PhIRE/ttk_runs_fixed/cnn/pd/cnn_SR_s69_speed_p160_x0_y0_pd_port_0.vtu,7d082cd2ad67fcb13c0d7167ca3cc3201797e7359be0584ac3c93d4a832ac03d,364,364,0,1,3.7634990215301514,3.7736220359802246,0.010123014450073242,0,1,9154,8995,34,57,35,56,identity,34,57,35,56,3.7634990215301514,3.7634990215301514,3.7634990215301514,3.7736220359802246
pretrained_cnn,SR,/home/adadhwal/PhIRE/ttk_runs_fixed/cnn/pd/cnn_SR_s69_speed_p160_x0_y0_pd_port_0.vtu,7d082cd2ad67fcb13c0d7167ca3cc3201797e7359be0584ac3c93d4a832ac03d,365,365,0,1,3.7659177780151367,3.9152402877807617,0.149322509765625,0,1,33,193,33,0,33,1,identity,33,0,33,1,3.7659177780151367,3.7659177780151367,3.7659177780151367,3.9152402877807617
pretrained_cnn,SR,/home/adadhwal/PhIRE/ttk_runs_fixed/cnn/pd/cnn_SR_s69_speed_p160_x0_y0_pd_port_0.vtu,7d082cd2ad67fcb13c0d7167ca3cc3201797e7359be0584ac3c93d4a832ac03d,366,366,0,1,3.766003131866455,3.7808797359466553,0.014876604080200195,0,1,18757,18756,37,117,36,117,identity,37,117,36,117,3.766003131866455,3.766003131866455,3.766003131866455,3.7808797359466553
pretrained_cnn,SR,/home/adadhwal/PhIRE/ttk_runs_fixed/cnn/pd/cnn_SR_s69_speed_p160_x0_y0_pd_port_0.vtu,7d082cd2ad67fcb13c0d7167ca3cc3201797e7359be0584ac3c93d4a832ac03d,367,367,0,1,3.775623083114624,3.970383644104004,0.19476056098937988,0,1,10791,10472,71,67,72,65,identity,71,67,72,65,3.775623083114624,3.775623083114624,3.775623083114624,3.970383644104004
pretrained_cnn,SR,/home/adadhwal/PhIRE/ttk_runs_fixed/cnn/pd/cnn_SR_s69_speed_p160_x0_y0_pd_port_0.vtu,7d082cd2ad67fcb13c0d7167ca3cc3201797e7359be0584ac3c93d4a832ac03d,368,368,1,1,3.782355308532715,4.144242286682129,0.36188697814941406,2,3,6095,6092,15,38,12,38,identity,15,38,12,38,3.782355308532715,3.782355308532715,3.782355308532715,4.144242286682129
pretrained_cnn,SR,/home/adadhwal/PhIRE/ttk_runs_fixed/cnn/pd/cnn_SR_s69_speed_p160_x0_y0_pd_port_0.vtu,7d082cd2ad67fcb13c0d7167ca3cc3201797e7359be0584ac3c93d4a832ac03d,369,369,1,1,3.7987568378448486,3.8142805099487305,0.015523672103881836,2,3,18917,18916,37,118,36,118,identity,37,118,36,118,3.7987568378448486,3.7987568378448486,3.7987568378448486,3.8142805099487305
pretrained_cnn,SR,/home/adadhwal/PhIRE/ttk_runs_fixed/cnn/pd/cnn_SR_s69_speed_p160_x0_y0_pd_port_0.vtu,7d082cd2ad67fcb13c0d7167ca3cc3201797e7359be0584ac3c93d4a832ac03d,370,370,0,1,3.7988383769989014,3.827878475189209,0.029040098190307617,0,1,5891,5890,131,36,130,36,identity,131,36,130,36,3.7988383769989014,3.7988383769989014,3.7988383769989014,3.827878475189209
pretrained_cnn,SR,/home/adadhwal/PhIRE/ttk_runs_fixed/cnn/pd/cnn_SR_s69_speed_p160_x0_y0_pd_port_0.vtu,7d082cd2ad67fcb13c0d7167ca3cc3201797e7359be0584ac3c93d4a832ac03d,371,371,0,1,3.8003101348876953,3.830784559249878,0.030474424362182617,0,1,141,140,141,0,140,0,identity,141,0,140,0,3.8003101348876953,3.8003101348876953,3.8003101348876953,3.830784559249878
pretrained_cnn,SR,/home/adadhwal/PhIRE/ttk_runs_fixed/cnn/pd/cnn_SR_s69_speed_p160_x0_y0_pd_port_0.vtu,7d082cd2ad67fcb13c0d7167ca3cc3201797e7359be0584ac3c93d4a832ac03d,372,372,0,1,3.82255482673645,3.8572604656219482,0.03470563888549805,0,1,143,142,143,0,142,0,identity,143,0,142,0,3.82255482673645,3.82255482673645,3.82255482673645,3.8572604656219482
pretrained_cnn,SR,/home/adadhwal/PhIRE/ttk_runs_fixed/cnn/pd/cnn_SR_s69_speed_p160_x0_y0_pd_port_0.vtu,7d082cd2ad67fcb13c0d7167ca3cc3201797e7359be0584ac3c93d4a832ac03d,373,373,0,1,3.8267743587493896,3.8622348308563232,0.035460472106933594,0,1,5893,5892,133,36,132,36,identity,133,36,132,36,3.8267743587493896,3.8267743587493896,3.8267743587493896,3.8622348308563232
pretrained_cnn,SR,/home/adadhwal/PhIRE/ttk_runs_fixed/cnn/pd/cnn_SR_s69_speed_p160_x0_y0_pd_port_0.vtu,7d082cd2ad67fcb13c0d7167ca3cc3201797e7359be0584ac3c93d4a832ac03d,374,374,1,1,3.851917266845703,3.853449821472168,0.0015325546264648438,2,3,20997,20996,37,131,36,131,identity,37,131,36,131,3.851917266845703,3.851917266845703,3.851917266845703,3.853449821472168
pretrained_cnn,SR,/home/adadhwal/PhIRE/ttk_runs_fixed/cnn/pd/cnn_SR_s69_speed_p160_x0_y0_pd_port_0.vtu,7d082cd2ad67fcb13c0d7167ca3cc3201797e7359be0584ac3c93d4a832ac03d,375,375,0,1,3.8557746410369873,4.030569076538086,0.17479443550109863,0,1,20689,20526,49,129,46,128,identity,49,129,46,128,3.8557746410369873,3.8557746410369873,3.8557746410369873,4.030569076538086
pretrained_cnn,SR,/home/adadhwal/PhIRE/ttk_runs_fixed/cnn/pd/cnn_SR_s69_speed_p160_x0_y0_pd_port_0.vtu,7d082cd2ad67fcb13c0d7167ca3cc3201797e7359be0584ac3c93d4a832ac03d,376,376,0,1,3.8614892959594727,3.8951449394226074,0.033655643463134766,0,1,145,144,145,0,144,0,identity,145,0,144,0,3.8614892959594727,3.8614892959594727,3.8614892959594727,3.8951449394226074
pretrained_cnn,SR,/home/adadhwal/PhIRE/ttk_runs_fixed/cnn/pd/cnn_SR_s69_speed_p160_x0_y0_pd_port_0.vtu,7d082cd2ad67fcb13c0d7167ca3cc3201797e7359be0584ac3c93d4a832ac03d,377,377,1,1,3.8616135120391846,3.88004469871521,0.01843118667602539,2,3,5450,5449,10,34,9,34,identity,10,34,9,34,3.8616135120391846,3.8616135120391846,3.8616135120391846,3.88004469871521
pretrained_cnn,SR,/home/adadhwal/PhIRE/ttk_runs_fixed/cnn/pd/cnn_SR_s69_speed_p160_x0_y0_pd_port_0.vtu,7d082cd2ad67fcb13c0d7167ca3cc3201797e7359be0584ac3c93d4a832ac03d,378,378,0,1,3.8711795806884766,4.0248284339904785,0.15364885330200195,0,1,3665,3662,145,22,142,22,identity,145,22,142,22,3.8711795806884766,3.8711795806884766,3.8711795806884766,4.0248284339904785
pretrained_cnn,SR,/home/adadhwal/PhIRE/ttk_runs_fixed/cnn/pd/cnn_SR_s69_speed_p160_x0_y0_pd_port_0.vtu,7d082cd2ad67fcb13c0d7167ca3cc3201797e7359be0584ac3c93d4a832ac03d,379,379,0,1,3.8805699348449707,3.9081430435180664,0.027573108673095703,0,1,3501,3500,141,21,140,21,identity,141,21,140,21,3.8805699348449707,3.8805699348449707,3.8805699348449707,3.9081430435180664
pretrained_cnn,SR,/home/adadhwal/PhIRE/ttk_runs_fixed/cnn/pd/cnn_SR_s69_speed_p160_x0_y0_pd_port_0.vtu,7d082cd2ad67fcb13c0d7167ca3cc3201797e7359be0584ac3c93d4a832ac03d,380,380,0,1,3.8814499378204346,3.9343271255493164,0.052877187728881836,0,1,20694,20531,54,129,51,128,identity,54,129,51,128,3.8814499378204346,3.8814499378204346,3.8814499378204346,3.9343271255493164
pretrained_cnn,SR,/home/adadhwal/PhIRE/ttk_runs_fixed/cnn/pd/cnn_SR_s69_speed_p160_x0_y0_pd_port_0.vtu,7d082cd2ad67fcb13c0d7167ca3cc3201797e7359be0584ac3c93d4a832ac03d,381,381,1,1,3.8850417137145996,3.8907768726348877,0.005735158920288086,2,3,301,460,141,1,140,2,identity,141,1,140,2,3.8850417137145996,3.8850417137145996,3.8850417137145996,3.8907768726348877
pretrained_cnn,SR,/home/adadhwal/PhIRE/ttk_runs_fixed/cnn/pd/cnn_SR_s69_speed_p160_x0_y0_pd_port_0.vtu,7d082cd2ad67fcb13c0d7167ca3cc3201797e7359be0584ac3c93d4a832ac03d,382,382,1,1,3.8915326595306396,4.02128267288208,0.12975001335144043,2,3,3846,4006,6,24,6,25,identity,6,24,6,25,3.8915326595306396,3.8915326595306396,3.8915326595306396,4.02128267288208
pretrained_cnn,SR,/home/adadhwal/PhIRE/ttk_runs_fixed/cnn/pd/cnn_SR_s69_speed_p160_x0_y0_pd_port_0.vtu,7d082cd2ad67fcb13c0d7167ca3cc3201797e7359be0584ac3c93d4a832ac03d,383,383,0,1,3.8933939933776855,4.011417388916016,0.11802339553833008,0,1,7010,6851,130,43,131,42,identity,130,43,131,42,3.8933939933776855,3.8933939933776855,3.8933939933776855,4.011417388916016
pretrained_cnn,SR,/home/adadhwal/PhIRE/ttk_runs_fixed/cnn/pd/cnn_SR_s69_speed_p160_x0_y0_pd_port_0.vtu,7d082cd2ad67fcb13c0d7167ca3cc3201797e7359be0584ac3c93d4a832ac03d,384,384,0,1,3.8944265842437744,5.972785472869873,2.0783588886260986,0,1,9743,9256,143,60,136,57,identity,143,60,136,57,3.8944265842437744,3.8944265842437744,3.8944265842437744,5.972785472869873
pretrained_cnn,SR,/home/adadhwal/PhIRE/ttk_runs_fixed/cnn/pd/cnn_SR_s69_speed_p160_x0_y0_pd_port_0.vtu,7d082cd2ad67fcb13c0d7167ca3cc3201797e7359be0584ac3c93d4a832ac03d,385,385,0,1,3.8960089683532715,3.9751760959625244,0.07916712760925293,0,1,25484,25482,44,159,42,159,identity,44,159,42,159,3.8960089683532715,3.8960089683532715,3.8960089683532715,3.9751760959625244
pretrained_cnn,SR,/home/adadhwal/PhIRE/ttk_runs_fixed/cnn/pd/cnn_SR_s69_speed_p160_x0_y0_pd_port_0.vtu,7d082cd2ad67fcb13c0d7167ca3cc3201797e7359be0584ac3c93d4a832ac03d,386,386,0,1,3.89680814743042,3.9078736305236816,0.011065483093261719,0,1,15154,15153,114,94,113,94,identity,114,94,113,94,3.89680814743042,3.89680814743042,3.89680814743042,3.9078736305236816
pretrained_cnn,SR,/home/adadhwal/PhIRE/ttk_runs_fixed/cnn/pd/cnn_SR_s69_speed_p160_x0_y0_pd_port_0.vtu,7d082cd2ad67fcb13c0d7167ca3cc3201797e7359be0584ac3c93d4a832ac03d,387,387,1,1,3.920888662338257,3.9389145374298096,0.018025875091552734,2,3,15312,15311,112,95,111,95,identity,112,95,111,95,3.920888662338257,3.920888662338257,3.920888662338257,3.9389145374298096
pretrained_cnn,SR,/home/adadhwal/PhIRE/ttk_runs_fixed/cnn/pd/cnn_SR_s69_speed_p160_x0_y0_pd_port_0.vtu,7d082cd2ad67fcb13c0d7167ca3cc3201797e7359be0584ac3c93d4a832ac03d,388,388,1,1,3.9252865314483643,4.052447319030762,0.12716078758239746,2,3,6100,6576,20,38,16,41,identity,20,38,16,41,3.9252865314483643,3.9252865314483643,3.9252865314483643,4.052447319030762
pretrained_cnn,SR,/home/adadhwal/PhIRE/ttk_runs_fixed/cnn/pd/cnn_SR_s69_speed_p160_x0_y0_pd_port_0.vtu,7d082cd2ad67fcb13c0d7167ca3cc3201797e7359be0584ac3c93d4a832ac03d,389,389,1,1,3.9256019592285156,4.032703876495361,0.1071019172668457,2,3,6257,6260,17,39,20,39,identity,17,39,20,39,3.9256019592285156,3.9256019592285156,3.9256019592285156,4.032703876495361
pretrained_cnn,SR,/home/adadhwal/PhIRE/ttk_runs_fixed/cnn/pd/cnn_SR_s69_speed_p160_x0_y0_pd_port_0.vtu,7d082cd2ad67fcb13c0d7167ca3cc3201797e7359be0584ac3c93d4a832ac03d,390,390,0,1,3.939220666885376,3.9954817295074463,0.05626106262207031,0,1,6531,6371,131,40,131,39,identity,131,40,131,39,3.939220666885376,3.939220666885376,3.939220666885376,3.9954817295074463
pretrained_cnn,SR,/home/adadhwal/PhIRE/ttk_runs_fixed/cnn/pd/cnn_SR_s69_speed_p160_x0_y0_pd_port_0.vtu,7d082cd2ad67fcb13c0d7167ca3cc3201797e7359be0584ac3c93d4a832ac03d,391,391,1,1,3.9581551551818848,4.021269798278809,0.06311464309692383,2,3,5771,5611,11,36,11,35,identity,11,36,11,35,3.9581551551818848,3.9581551551818848,3.9581551551818848,4.021269798278809
pretrained_cnn,SR,/home/adadhwal/PhIRE/ttk_runs_fixed/cnn/pd/cnn_SR_s69_speed_p160_x0_y0_pd_port_0.vtu,7d082cd2ad67fcb13c0d7167ca3cc3201797e7359be0584ac3c93d4a832ac03d,392,392,0,1,3.9586355686187744,4.66215181350708,0.7035162448883057,0,1,12743,12265,103,79,105,76,identity,103,79,105,76,3.9586355686187744,3.9586355686187744,3.9586355686187744,4.66215181350708
pretrained_cnn,SR,/home/adadhwal/PhIRE/ttk_runs_fixed/cnn/pd/cnn_SR_s69_speed_p160_x0_y0_pd_port_0.vtu,7d082cd2ad67fcb13c0d7167ca3cc3201797e7359be0584ac3c93d4a832ac03d,393,393,1,1,3.961212396621704,4.125827789306641,0.16461539268493652,2,3,5460,5781,20,34,21,36,identity,20,34,21,36,3.961212396621704,3.961212396621704,3.961212396621704,4.125827789306641
pretrained_cnn,SR,/home/adadhwal/PhIRE/ttk_runs_fixed/cnn/pd/cnn_SR_s69_speed_p160_x0_y0_pd_port_0.vtu,7d082cd2ad67fcb13c0d7167ca3cc3201797e7359be0584ac3c93d4a832ac03d,394,394,0,1,3.962387800216675,3.9905807971954346,0.028192996978759766,0,1,20855,20695,55,130,55,129,identity,55,130,55,129,3.962387800216675,3.962387800216675,3.962387800216675,3.9905807971954346
pretrained_cnn,SR,/home/adadhwal/PhIRE/ttk_runs_fixed/cnn/pd/cnn_SR_s69_speed_p160_x0_y0_pd_port_0.vtu,7d082cd2ad67fcb13c0d7167ca3cc3201797e7359be0584ac3c93d4a832ac03d,395,395,0,1,3.967090606689453,4.013621807098389,0.04653120040893555,0,1,9076,9075,116,56,115,56,identity,116,56,115,56,3.967090606689453,3.967090606689453,3.967090606689453,4.013621807098389
pretrained_cnn,SR,/home/adadhwal/PhIRE/ttk_runs_fixed/cnn/pd/cnn_SR_s69_speed_p160_x0_y0_pd_port_0.vtu,7d082cd2ad67fcb13c0d7167ca3cc3201797e7359be0584ac3c93d4a832ac03d,396,396,0,1,3.9769539833068848,4.001972198486328,0.02501821517944336,0,1,10591,10590,31,66,30,66,identity,31,66,30,66,3.9769539833068848,3.9769539833068848,3.9769539833068848,4.001972198486328
pretrained_cnn,SR,/home/adadhwal/PhIRE/ttk_runs_fixed/cnn/pd/cnn_SR_s69_speed_p160_x0_y0_pd_port_0.vtu,7d082cd2ad67fcb13c0d7167ca3cc3201797e7359be0584ac3c93d4a832ac03d,397,397,1,1,3.9897162914276123,3.991213321685791,0.001497030258178711,2,3,465,464,145,2,144,2,identity,145,2,144,2,3.9897162914276123,3.9897162914276123,3.9897162914276123,3.991213321685791
pretrained_cnn,SR,/home/adadhwal/PhIRE/ttk_runs_fixed/cnn/pd/cnn_SR_s69_speed_p160_x0_y0_pd_port_0.vtu,7d082cd2ad67fcb13c0d7167ca3cc3201797e7359be0584ac3c93d4a832ac03d,398,398,0,1,3.995676279067993,4.317666530609131,0.3219902515411377,0,1,9967,9806,47,62,46,61,identity,47,62,46,61,3.995676279067993,3.995676279067993,3.995676279067993,4.317666530609131
pretrained_cnn,SR,/home/adadhwal/PhIRE/ttk_runs_fixed/cnn/pd/cnn_SR_s69_speed_p160_x0_y0_pd_port_0.vtu,7d082cd2ad67fcb13c0d7167ca3cc3201797e7359be0584ac3c93d4a832ac03d,399,399,0,1,4.013407230377197,4.371649742126465,0.3582425117492676,0,1,6479,6480,79,40,80,40,identity,79,40,80,40,4.013407230377197,4.013407230377197,4.013407230377197,4.371649742126465
pretrained_cnn,SR,/home/adadhwal/PhIRE/ttk_runs_fixed/cnn/pd/cnn_SR_s69_speed_p160_x0_y0_pd_port_0.vtu,7d082cd2ad67fcb13c0d7167ca3cc3201797e7359be0584ac3c93d4a832ac03d,400,400,0,1,4.014413833618164,4.084341526031494,0.06992769241333008,0,1,9581,9582,141,59,142,59,identity,141,59,142,59,4.014413833618164,4.014413833618164,4.014413833618164,4.084341526031494
pretrained_cnn,SR,/home/adadhwal/PhIRE/ttk_runs_fixed/cnn/pd/cnn_SR_s69_speed_p160_x0_y0_pd_port_0.vtu,7d082cd2ad67fcb13c0d7167ca3cc3201797e7359be0584ac3c93d4a832ac03d,401,401,1,1,4.020239353179932,4.040064334869385,0.019824981689453125,2,3,5400,5240,120,33,120,32,identity,120,33,120,32,4.020239353179932,4.020239353179932,4.020239353179932,4.040064334869385
pretrained_cnn,SR,/home/adadhwal/PhIRE/ttk_runs_fixed/cnn/pd/cnn_SR_s69_speed_p160_x0_y0_pd_port_0.vtu,7d082cd2ad67fcb13c0d7167ca3cc3201797e7359be0584ac3c93d4a832ac03d,402,402,0,1,4.0203118324279785,4.197820663452148,0.17750883102416992,0,1,10444,10283,44,65,43,64,identity,44,65,43,64,4.0203118324279785,4.0203118324279785,4.0203118324279785,4.197820663452148
pretrained_cnn,SR,/home/adadhwal/PhIRE/ttk_runs_fixed/cnn/pd/cnn_SR_s69_speed_p160_x0_y0_pd_port_0.vtu,7d082cd2ad67fcb13c0d7167ca3cc3201797e7359be0584ac3c93d4a832ac03d,403,403,1,1,4.020314693450928,4.024625778198242,0.004311084747314453,2,3,9792,9632,32,61,32,60,identity,32,61,32,60,4.020314693450928,4.020314693450928,4.020314693450928,4.024625778198242
pretrained_cnn,SR,/home/adadhwal/PhIRE/ttk_runs_fixed/cnn/pd/cnn_SR_s69_speed_p160_x0_y0_pd_port_0.vtu,7d082cd2ad67fcb13c0d7167ca3cc3201797e7359be0584ac3c93d4a832ac03d,404,404,0,1,4.021440029144287,4.626506805419922,0.6050667762756348,0,1,5158,5637,38,32,37,35,identity,38,32,37,35,4.021440029144287,4.021440029144287,4.021440029144287,4.626506805419922
pretrained_cnn,SR,/home/adadhwal/PhIRE/ttk_runs_fixed/cnn/pd/cnn_SR_s69_speed_p160_x0_y0_pd_port_0.vtu,7d082cd2ad67fcb13c0d7167ca3cc3201797e7359be0584ac3c93d4a832ac03d,405,405,0,1,4.035943984985352,4.2750349044799805,0.2390909194946289,0,1,2226,2224,146,13,144,13,identity,146,13,144,13,4.035943984985352,4.035943984985352,4.035943984985352,4.2750349044799805
pretrained_cnn,SR,/home/adadhwal/PhIRE/ttk_runs_fixed/cnn/pd/cnn_SR_s69_speed_p160_x0_y0_pd_port_0.vtu,7d082cd2ad67fcb13c0d7167ca3cc3201797e7359be0584ac3c93d4a832ac03d,406,406,1,1,4.052263259887695,5.283228397369385,1.2309651374816895,2,3,9234,9069,114,57,109,56,identity,114,57,109,56,4.052263259887695,4.052263259887695,4.052263259887695,5.283228397369385
pretrained_cnn,SR,/home/adadhwal/PhIRE/ttk_runs_fixed/cnn/pd/cnn_SR_s69_speed_p160_x0_y0_pd_port_0.vtu,7d082cd2ad67fcb13c0d7167ca3cc3201797e7359be0584ac3c93d4a832ac03d,407,407,0,1,4.063234806060791,4.094064235687256,0.030829429626464844,0,1,5726,5886,126,35,126,36,identity,126,35,126,36,4.063234806060791,4.063234806060791,4.063234806060791,4.094064235687256
pretrained_cnn,SR,/home/adadhwal/PhIRE/ttk_runs_fixed/cnn/pd/cnn_SR_s69_speed_p160_x0_y0_pd_port_0.vtu,7d082cd2ad67fcb13c0d7167ca3cc3201797e7359be0584ac3c93d4a832ac03d,408,408,0,1,4.087355136871338,4.101405143737793,0.014050006866455078,0,1,12029,12026,29,75,26,75,identity,29,75,26,75,4.087355136871338,4.087355136871338,4.087355136871338,4.101405143737793
pretrained_cnn,SR,/home/adadhwal/PhIRE/ttk_runs_fixed/cnn/pd/cnn_SR_s69_speed_p160_x0_y0_pd_port_0.vtu,7d082cd2ad67fcb13c0d7167ca3cc3201797e7359be0584ac3c93d4a832ac03d,409,409,0,1,4.091861248016357,4.1951470375061035,0.1032857894897461,0,1,5319,5159,39,33,39,32,identity,39,33,39,32,4.091861248016357,4.091861248016357,4.091861248016357,4.1951470375061035
pretrained_cnn,SR,/home/adadhwal/PhIRE/ttk_runs_fixed/cnn/pd/cnn_SR_s69_speed_p160_x0_y0_pd_port_0.vtu,7d082cd2ad67fcb13c0d7167ca3cc3201797e7359be0584ac3c93d4a832ac03d,410,410,0,1,4.104847431182861,4.204490661621094,0.09964323043823242,0,1,11232,11071,32,70,31,69,identity,32,70,31,69,4.104847431182861,4.104847431182861,4.104847431182861,4.204490661621094
pretrained_cnn,SR,/home/adadhwal/PhIRE/ttk_runs_fixed/cnn/pd/cnn_SR_s69_speed_p160_x0_y0_pd_port_0.vtu,7d082cd2ad67fcb13c0d7167ca3cc3201797e7359be0584ac3c93d4a832ac03d,411,411,1,1,4.104928016662598,4.292301654815674,0.18737363815307617,2,3,8029,8831,29,50,31,55,identity,29,50,31,55,4.104928016662598,4.104928016662598,4.104928016662598,4.292301654815674
pretrained_cnn,SR,/home/adadhwal/PhIRE/ttk_runs_fixed/cnn/pd/cnn_SR_s69_speed_p160_x0_y0_pd_port_0.vtu,7d082cd2ad67fcb13c0d7167ca3cc3201797e7359be0584ac3c93d4a832ac03d,412,412,0,1,4.151444911956787,4.394371032714844,0.24292612075805664,0,1,8606,8605,126,53,125,53,identity,126,53,125,53,4.151444911956787,4.151444911956787,4.151444911956787,4.394371032714844
pretrained_cnn,SR,/home/adadhwal/PhIRE/ttk_runs_fixed/cnn/pd/cnn_SR_s69_speed_p160_x0_y0_pd_port_0.vtu,7d082cd2ad67fcb13c0d7167ca3cc3201797e7359be0584ac3c93d4a832ac03d,413,413,0,1,4.15220832824707,5.251804351806641,1.0995960235595703,0,1,9268,9264,148,57,144,57,identity,148,57,144,57,4.15220832824707,4.15220832824707,4.15220832824707,5.251804351806641
pretrained_cnn,SR,/home/adadhwal/PhIRE/ttk_runs_fixed/cnn/pd/cnn_SR_s69_speed_p160_x0_y0_pd_port_0.vtu,7d082cd2ad67fcb13c0d7167ca3cc3201797e7359be0584ac3c93d4a832ac03d,414,414,0,1,4.1580095291137695,5.158141136169434,1.000131607055664,0,1,8958,8956,158,55,156,55,identity,158,55,156,55,4.1580095291137695,4.1580095291137695,4.1580095291137695,5.158141136169434
pretrained_cnn,SR,/home/adadhwal/PhIRE/ttk_runs_fixed/cnn/pd/cnn_SR_s69_speed_p160_x0_y0_pd_port_0.vtu,7d082cd2ad67fcb13c0d7167ca3cc3201797e7359be0584ac3c93d4a832ac03d,415,415,0,1,4.160791397094727,4.249875068664551,0.08908367156982422,0,1,10117,9959,37,63,39,62,identity,37,63,39,62,4.160791397094727,4.160791397094727,4.160791397094727,4.249875068664551
pretrained_cnn,SR,/home/adadhwal/PhIRE/ttk_runs_fixed/cnn/pd/cnn_SR_s69_speed_p160_x0_y0_pd_port_0.vtu,7d082cd2ad67fcb13c0d7167ca3cc3201797e7359be0584ac3c93d4a832ac03d,416,416,1,1,4.16849946975708,4.2093634605407715,0.040863990783691406,2,3,8510,8509,30,53,29,53,identity,30,53,29,53,4.16849946975708,4.16849946975708,4.16849946975708,4.2093634605407715
pretrained_cnn,SR,/home/adadhwal/PhIRE/ttk_runs_fixed/cnn/pd/cnn_SR_s69_speed_p160_x0_y0_pd_port_0.vtu,7d082cd2ad67fcb13c0d7167ca3cc3201797e7359be0584ac3c93d4a832ac03d,417,417,1,1,4.169679164886475,4.298867702484131,0.12918853759765625,2,3,8916,8915,116,55,115,55,identity,116,55,115,55,4.169679164886475,4.169679164886475,4.169679164886475,4.298867702484131
pretrained_cnn,SR,/home/adadhwal/PhIRE/ttk_runs_fixed/cnn/pd/cnn_SR_s69_speed_p160_x0_y0_pd_port_0.vtu,7d082cd2ad67fcb13c0d7167ca3cc3201797e7359be0584ac3c93d4a832ac03d,418,418,0,1,4.2064008712768555,4.604651927947998,0.3982510566711426,0,1,5271,4791,151,32,151,29,identity,151,32,151,29,4.2064008712768555,4.2064008712768555,4.2064008712768555,4.604651927947998
pretrained_cnn,SR,/home/adadhwal/PhIRE/ttk_runs_fixed/cnn/pd/cnn_SR_s69_speed_p160_x0_y0_pd_port_0.vtu,7d082cd2ad67fcb13c0d7167ca3cc3201797e7359be0584ac3c93d4a832ac03d,419,419,1,1,4.219381332397461,4.293471813201904,0.07409048080444336,2,3,11710,11549,30,73,29,72,identity,30,73,29,72,4.219381332397461,4.219381332397461,4.219381332397461,4.293471813201904
pretrained_cnn,SR,/home/adadhwal/PhIRE/ttk_runs_fixed/cnn/pd/cnn_SR_s69_speed_p160_x0_y0_pd_port_0.vtu,7d082cd2ad67fcb13c0d7167ca3cc3201797e7359be0584ac3c93d4a832ac03d,420,420,1,1,4.219906330108643,4.4742350578308105,0.25432872772216797,2,3,7229,7707,29,45,27,48,identity,29,45,27,48,4.219906330108643,4.219906330108643,4.219906330108643,4.4742350578308105
pretrained_cnn,SR,/home/adadhwal/PhIRE/ttk_runs_fixed/cnn/pd/cnn_SR_s69_speed_p160_x0_y0_pd_port_0.vtu,7d082cd2ad67fcb13c0d7167ca3cc3201797e7359be0584ac3c93d4a832ac03d,421,421,1,1,4.219906330108643,4.244929790496826,0.025023460388183594,2,3,7229,7230,29,45,30,45,identity,29,45,30,45,4.219906330108643,4.219906330108643,4.219906330108643,4.244929790496826
pretrained_cnn,SR,/home/adadhwal/PhIRE/ttk_runs_fixed/cnn/pd/cnn_SR_s69_speed_p160_x0_y0_pd_port_0.vtu,7d082cd2ad67fcb13c0d7167ca3cc3201797e7359be0584ac3c93d4a832ac03d,422,422,0,1,4.220139980316162,4.308794975280762,0.08865499496459961,0,1,9667,9826,67,60,66,61,identity,67,60,66,61,4.220139980316162,4.220139980316162,4.220139980316162,4.308794975280762
pretrained_cnn,SR,/home/adadhwal/PhIRE/ttk_runs_fixed/cnn/pd/cnn_SR_s69_speed_p160_x0_y0_pd_port_0.vtu,7d082cd2ad67fcb13c0d7167ca3cc3201797e7359be0584ac3c93d4a832ac03d,423,423,0,1,4.227054119110107,4.376816749572754,0.14976263046264648,0,1,21181,21179,61,132,59,132,identity,61,132,59,132,4.227054119110107,4.227054119110107,4.227054119110107,4.376816749572754
pretrained_cnn,SR,/home/adadhwal/PhIRE/ttk_runs_fixed/cnn/pd/cnn_SR_s69_speed_p160_x0_y0_pd_port_0.vtu,7d082cd2ad67fcb13c0d7167ca3cc3201797e7359be0584ac3c93d4a832ac03d,424,424,0,1,4.230651378631592,4.241056442260742,0.01040506362915039,0,1,18924,18923,44,118,43,118,identity,44,118,43,118,4.230651378631592,4.230651378631592,4.230651378631592,4.241056442260742
pretrained_cnn,SR,/home/adadhwal/PhIRE/ttk_runs_fixed/cnn/pd/cnn_SR_s69_speed_p160_x0_y0_pd_port_0.vtu,7d082cd2ad67fcb13c0d7167ca3cc3201797e7359be0584ac3c93d4a832ac03d,425,425,0,1,4.231023788452148,5.494078636169434,1.2630548477172852,0,1,17243,17407,123,107,127,108,identity,123,107,127,108,4.231023788452148,4.231023788452148,4.231023788452148,5.494078636169434
pretrained_cnn,SR,/home/adadhwal/PhIRE/ttk_runs_fixed/cnn/pd/cnn_SR_s69_speed_p160_x0_y0_pd_port_0.vtu,7d082cd2ad67fcb13c0d7167ca3cc3201797e7359be0584ac3c93d4a832ac03d,426,426,1,1,4.2353315353393555,4.2366042137146,0.0012726783752441406,2,3,18922,18921,42,118,41,118,identity,42,118,41,118,4.2353315353393555,4.2353315353393555,4.2353315353393555,4.2366042137146
pretrained_cnn,SR,/home/adadhwal/PhIRE/ttk_runs_fixed/cnn/pd/cnn_SR_s69_speed_p160_x0_y0_pd_port_0.vtu,7d082cd2ad67fcb13c0d7167ca3cc3201797e7359be0584ac3c93d4a832ac03d,427,427,0,1,4.239013195037842,4.334272861480713,0.0952596664428711,0,1,19088,19407,48,119,47,121,identity,48,119,47,121,4.239013195037842,4.239013195037842,4.239013195037842,4.334272861480713
pretrained_cnn,SR,/home/adadhwal/PhIRE/ttk_runs_fixed/cnn/pd/cnn_SR_s69_speed_p160_x0_y0_pd_port_0.vtu,7d082cd2ad67fcb13c0d7167ca3cc3201797e7359be0584ac3c93d4a832ac03d,428,428,0,1,4.241648197174072,4.304078578948975,0.062430381774902344,0,1,14515,14355,115,90,115,89,identity,115,90,115,89,4.241648197174072,4.241648197174072,4.241648197174072,4.304078578948975
pretrained_cnn,SR,/home/adadhwal/PhIRE/ttk_runs_fixed/cnn/pd/cnn_SR_s69_speed_p160_x0_y0_pd_port_0.vtu,7d082cd2ad67fcb13c0d7167ca3cc3201797e7359be0584ac3c93d4a832ac03d,429,429,0,1,4.274536609649658,4.31948184967041,0.04494524002075195,0,1,21343,21183,63,133,63,132,identity,63,133,63,132,4.274536609649658,4.274536609649658,4.274536609649658,4.31948184967041
pretrained_cnn,SR,/home/adadhwal/PhIRE/ttk_runs_fixed/cnn/pd/cnn_SR_s69_speed_p160_x0_y0_pd_port_0.vtu,7d082cd2ad67fcb13c0d7167ca3cc3201797e7359be0584ac3c93d4a832ac03d,430,430,1,1,4.275570392608643,4.371756553649902,0.09618616104125977,2,3,4272,4112,112,26,112,25,identity,112,26,112,25,4.275570392608643,4.275570392608643,4.275570392608643,4.371756553649902
pretrained_cnn,SR,/home/adadhwal/PhIRE/ttk_runs_fixed/cnn/pd/cnn_SR_s69_speed_p160_x0_y0_pd_port_0.vtu,7d082cd2ad67fcb13c0d7167ca3cc3201797e7359be0584ac3c93d4a832ac03d,431,431,1,1,4.2782769203186035,4.280766487121582,0.0024895668029785156,2,3,11548,11547,28,72,27,72,identity,28,72,27,72,4.2782769203186035,4.2782769203186035,4.2782769203186035,4.280766487121582
pretrained_cnn,SR,/home/adadhwal/PhIRE/ttk_runs_fixed/cnn/pd/cnn_SR_s69_speed_p160_x0_y0_pd_port_0.vtu,7d082cd2ad67fcb13c0d7167ca3cc3201797e7359be0584ac3c93d4a832ac03d,432,432,1,1,4.2784223556518555,4.409580230712891,0.13115787506103516,2,3,9231,9232,111,57,112,57,identity,111,57,112,57,4.2784223556518555,4.2784223556518555,4.2784223556518555,4.409580230712891
pretrained_cnn,SR,/home/adadhwal/PhIRE/ttk_runs_fixed/cnn/pd/cnn_SR_s69_speed_p160_x0_y0_pd_port_0.vtu,7d082cd2ad67fcb13c0d7167ca3cc3201797e7359be0584ac3c93d4a832ac03d,433,433,1,1,4.278947830200195,4.390946388244629,0.1119985580444336,2,3,5412,5570,132,33,130,34,identity,132,33,130,34,4.278947830200195,4.278947830200195,4.278947830200195,4.390946388244629
pretrained_cnn,SR,/home/adadhwal/PhIRE/ttk_runs_fixed/cnn/pd/cnn_SR_s69_speed_p160_x0_y0_pd_port_0.vtu,7d082cd2ad67fcb13c0d7167ca3cc3201797e7359be0584ac3c93d4a832ac03d,434,434,1,1,4.298635959625244,4.418362140655518,0.11972618103027344,2,3,10115,9797,35,63,37,61,identity,35,63,37,61,4.298635959625244,4.298635959625244,4.298635959625244,4.418362140655518
pretrained_cnn,SR,/home/adadhwal/PhIRE/ttk_runs_fixed/cnn/pd/cnn_SR_s69_speed_p160_x0_y0_pd_port_0.vtu,7d082cd2ad67fcb13c0d7167ca3cc3201797e7359be0584ac3c93d4a832ac03d,435,435,1,1,4.311184883117676,4.416118621826172,0.1049337387084961,2,3,4752,4432,112,29,112,27,identity,112,29,112,27,4.311184883117676,4.311184883117676,4.311184883117676,4.416118621826172
pretrained_cnn,SR,/home/adadhwal/PhIRE/ttk_runs_fixed/cnn/pd/cnn_SR_s69_speed_p160_x0_y0_pd_port_0.vtu,7d082cd2ad67fcb13c0d7167ca3cc3201797e7359be0584ac3c93d4a832ac03d,436,436,0,1,4.316576957702637,4.378344535827637,0.061767578125,0,1,19411,19249,51,121,49,120,identity,51,121,49,120,4.316576957702637,4.316576957702637,4.316576957702637,4.378344535827637
pretrained_cnn,SR,/home/adadhwal/PhIRE/ttk_runs_fixed/cnn/pd/cnn_SR_s69_speed_p160_x0_y0_pd_port_0.vtu,7d082cd2ad67fcb13c0d7167ca3cc3201797e7359be0584ac3c93d4a832ac03d,437,437,1,1,4.323306083679199,4.325423717498779,0.002117633819580078,2,3,21162,21002,42,132,42,131,identity,42,132,42,131,4.323306083679199,4.323306083679199,4.323306083679199,4.325423717498779
pretrained_cnn,SR,/home/adadhwal/PhIRE/ttk_runs_fixed/cnn/pd/cnn_SR_s69_speed_p160_x0_y0_pd_port_0.vtu,7d082cd2ad67fcb13c0d7167ca3cc3201797e7359be0584ac3c93d4a832ac03d,438,438,0,1,4.338037014007568,4.570570468902588,0.23253345489501953,0,1,4470,4149,150,27,149,25,identity,150,27,149,25,4.338037014007568,4.338037014007568,4.338037014007568,4.570570468902588
pretrained_cnn,SR,/home/adadhwal/PhIRE/ttk_runs_fixed/cnn/pd/cnn_SR_s69_speed_p160_x0_y0_pd_port_0.vtu,7d082cd2ad67fcb13c0d7167ca3cc3201797e7359be0584ac3c93d4a832ac03d,439,439,0,1,4.347543716430664,4.798518657684326,0.4509749412536621,0,1,12916,12279,116,80,119,76,identity,116,80,119,76,4.347543716430664,4.347543716430664,4.347543716430664,4.798518657684326
pretrained_cnn,SR,/home/adadhwal/PhIRE/ttk_runs_fixed/cnn/pd/cnn_SR_s69_speed_p160_x0_y0_pd_port_0.vtu,7d082cd2ad67fcb13c0d7167ca3cc3201797e7359be0584ac3c93d4a832ac03d,440,440,1,1,4.349516868591309,4.41459321975708,0.06507635116577148,2,3,1746,1905,146,10,145,11,identity,146,10,145,11,4.349516868591309,4.349516868591309,4.349516868591309,4.41459321975708
pretrained_cnn,SR,/home/adadhwal/PhIRE/ttk_runs_fixed/cnn/pd/cnn_SR_s69_speed_p160_x0_y0_pd_port_0.vtu,7d082cd2ad67fcb13c0d7167ca3cc3201797e7359be0584ac3c93d4a832ac03d,441,441,1,1,4.352612495422363,4.392281532287598,0.039669036865234375,2,3,18768,19086,48,117,46,119,identity,48,117,46,119,4.352612495422363,4.352612495422363,4.352612495422363,4.392281532287598
pretrained_cnn,SR,/home/adadhwal/PhIRE/ttk_runs_fixed/cnn/pd/cnn_SR_s69_speed_p160_x0_y0_pd_port_0.vtu,7d082cd2ad67fcb13c0d7167ca3cc3201797e7359be0584ac3c93d4a832ac03d,442,442,0,1,4.3538899421691895,4.375966548919678,0.02207660675048828,0,1,9665,9825,65,60,65,61,identity,65,60,65,61,4.3538899421691895,4.3538899421691895,4.3538899421691895,4.375966548919678
pretrained_cnn,SR,/home/adadhwal/PhIRE/ttk_runs_fixed/cnn/pd/cnn_SR_s69_speed_p160_x0_y0_pd_port_0.vtu,7d082cd2ad67fcb13c0d7167ca3cc3201797e7359be0584ac3c93d4a832ac03d,443,443,0,1,4.354366302490234,4.455296039581299,0.10092973709106445,0,1,19734,19094,54,123,54,119,identity,54,123,54,119,4.354366302490234,4.354366302490234,4.354366302490234,4.455296039581299
pretrained_cnn,SR,/home/adadhwal/PhIRE/ttk_runs_fixed/cnn/pd/cnn_SR_s69_speed_p160_x0_y0_pd_port_0.vtu,7d082cd2ad67fcb13c0d7167ca3cc3201797e7359be0584ac3c93d4a832ac03d,444,444,0,1,4.356704235076904,8.738683700561523,4.381979465484619,0,1,15839,15819,159,98,139,98,identity,159,98,139,98,4.356704235076904,4.356704235076904,4.356704235076904,8.738683700561523
pretrained_cnn,SR,/home/adadhwal/PhIRE/ttk_runs_fixed/cnn/pd/cnn_SR_s69_speed_p160_x0_y0_pd_port_0.vtu,7d082cd2ad67fcb13c0d7167ca3cc3201797e7359be0584ac3c93d4a832ac03d,445,445,0,1,4.3636016845703125,4.590095043182373,0.22649335861206055,0,1,4938,4777,138,30,137,29,identity,138,30,137,29,4.3636016845703125,4.3636016845703125,4.3636016845703125,4.590095043182373
pretrained_cnn,SR,/home/adadhwal/PhIRE/ttk_runs_fixed/cnn/pd/cnn_SR_s69_speed_p160_x0_y0_pd_port_0.vtu,7d082cd2ad67fcb13c0d7167ca3cc3201797e7359be0584ac3c93d4a832ac03d,446,446,1,1,4.370428562164307,4.638237476348877,0.2678089141845703,2,3,3045,3204,5,19,4,20,identity,5,19,4,20,4.370428562164307,4.370428562164307,4.370428562164307,4.638237476348877
pretrained_cnn,SR,/home/adadhwal/PhIRE/ttk_runs_fixed/cnn/pd/cnn_SR_s69_speed_p160_x0_y0_pd_port_0.vtu,7d082cd2ad67fcb13c0d7167ca3cc3201797e7359be0584ac3c93d4a832ac03d,447,447,0,1,4.3705668449401855,4.388821601867676,0.018254756927490234,0,1,19256,19575,56,120,55,122,identity,56,120,55,122,4.3705668449401855,4.3705668449401855,4.3705668449401855,4.388821601867676
pretrained_cnn,SR,/home/adadhwal/PhIRE/ttk_runs_fixed/cnn/pd/cnn_SR_s69_speed_p160_x0_y0_pd_port_0.vtu,7d082cd2ad67fcb13c0d7167ca3cc3201797e7359be0584ac3c93d4a832ac03d,448,448,0,1,4.3714518547058105,4.428924083709717,0.05747222900390625,0,1,9110,9269,150,56,149,57,identity,150,56,149,57,4.3714518547058105,4.3714518547058105,4.3714518547058105,4.428924083709717
pretrained_cnn,SR,/home/adadhwal/PhIRE/ttk_runs_fixed/cnn/pd/cnn_SR_s69_speed_p160_x0_y0_pd_port_0.vtu,7d082cd2ad67fcb13c0d7167ca3cc3201797e7359be0584ac3c93d4a832ac03d,449,449,0,1,4.3734002113342285,4.381109237670898,0.007709026336669922,0,1,19576,19416,56,122,56,121,identity,56,122,56,121,4.3734002113342285,4.3734002113342285,4.3734002113342285,4.381109237670898
pretrained_cnn,SR,/home/adadhwal/PhIRE/ttk_runs_fixed/cnn/pd/cnn_SR_s69_speed_p160_x0_y0_pd_port_0.vtu,7d082cd2ad67fcb13c0d7167ca3cc3201797e7359be0584ac3c93d4a832ac03d,450,450,0,1,4.376978397369385,4.965750694274902,0.5887722969055176,0,1,2900,2579,20,18,19,16,identity,20,18,19,16,4.376978397369385,4.376978397369385,4.376978397369385,4.965750694274902
pretrained_cnn,SR,/home/adadhwal/PhIRE/ttk_runs_fixed/cnn/pd/cnn_SR_s69_speed_p160_x0_y0_pd_port_0.vtu,7d082cd2ad67fcb13c0d7167ca3cc3201797e7359be0584ac3c93d4a832ac03d,451,451,0,1,4.3882856369018555,4.400549411773682,0.012263774871826172,0,1,5748,5589,148,35,149,34,identity,148,35,149,34,4.3882856369018555,4.3882856369018555,4.3882856369018555,4.400549411773682
pretrained_cnn,SR,/home/adadhwal/PhIRE/ttk_runs_fixed/cnn/pd/cnn_SR_s69_speed_p160_x0_y0_pd_port_0.vtu,7d082cd2ad67fcb13c0d7167ca3cc3201797e7359be0584ac3c93d4a832ac03d,452,452,0,1,4.390817642211914,6.03118371963501,1.6403660774230957,0,1,7892,8852,52,49,52,55,identity,52,49,52,55,4.390817642211914,4.390817642211914,4.390817642211914,6.03118371963501
pretrained_cnn,SR,/home/adadhwal/PhIRE/ttk_runs_fixed/cnn/pd/cnn_SR_s69_speed_p160_x0_y0_pd_port_0.vtu,7d082cd2ad67fcb13c0d7167ca3cc3201797e7359be0584ac3c93d4a832ac03d,453,453,0,1,4.400199890136719,4.425570487976074,0.02537059783935547,0,1,19738,19578,58,123,58,122,identity,58,123,58,122,4.400199890136719,4.400199890136719,4.400199890136719,4.425570487976074
pretrained_cnn,SR,/home/adadhwal/PhIRE/ttk_runs_fixed/cnn/pd/cnn_SR_s69_speed_p160_x0_y0_pd_port_0.vtu,7d082cd2ad67fcb13c0d7167ca3cc3201797e7359be0584ac3c93d4a832ac03d,454,454,1,1,4.42197847366333,5.740988731384277,1.3190102577209473,2,3,7168,6843,128,44,123,42,identity,128,44,123,42,4.42197847366333,4.42197847366333,4.42197847366333,5.740988731384277
pretrained_cnn,SR,/home/adadhwal/PhIRE/ttk_runs_fixed/cnn/pd/cnn_SR_s69_speed_p160_x0_y0_pd_port_0.vtu,7d082cd2ad67fcb13c0d7167ca3cc3201797e7359be0584ac3c93d4a832ac03d,455,455,0,1,4.435020923614502,6.381937026977539,1.946916103363037,0,1,18877,19193,157,117,153,119,identity,157,117,153,119,4.435020923614502,4.435020923614502,4.435020923614502,6.381937026977539
pretrained_cnn,SR,/home/adadhwal/PhIRE/ttk_runs_fixed/cnn/pd/cnn_SR_s69_speed_p160_x0_y0_pd_port_0.vtu,7d082cd2ad67fcb13c0d7167ca3cc3201797e7359be0584ac3c93d4a832ac03d,456,456,0,1,4.438138008117676,5.1623215675354,0.7241835594177246,0,1,22313,21987,73,139,67,137,identity,73,139,67,137,4.438138008117676,4.438138008117676,4.438138008117676,5.1623215675354
pretrained_cnn,SR,/home/adadhwal/PhIRE/ttk_runs_fixed/cnn/pd/cnn_SR_s69_speed_p160_x0_y0_pd_port_0.vtu,7d082cd2ad67fcb13c0d7167ca3cc3201797e7359be0584ac3c93d4a832ac03d,457,457,0,1,4.442378520965576,5.219668388366699,0.777289867401123,0,1,7349,6387,149,45,147,39,identity,149,45,147,39,4.442378520965576,4.442378520965576,4.442378520965576,5.219668388366699
pretrained_cnn,SR,/home/adadhwal/PhIRE/ttk_runs_fixed/cnn/pd/cnn_SR_s69_speed_p160_x0_y0_pd_port_0.vtu,7d082cd2ad67fcb13c0d7167ca3cc3201797e7359be0584ac3c93d4a832ac03d,458,458,1,1,4.455528736114502,4.556356430053711,0.10082769393920898,2,3,14191,14674,111,88,114,91,identity,111,88,114,91,4.455528736114502,4.455528736114502,4.455528736114502,4.556356430053711
pretrained_cnn,SR,/home/adadhwal/PhIRE/ttk_runs_fixed/cnn/pd/cnn_SR_s69_speed_p160_x0_y0_pd_port_0.vtu,7d082cd2ad67fcb13c0d7167ca3cc3201797e7359be0584ac3c93d4a832ac03d,459,459,1,1,4.456174850463867,4.493088245391846,0.036913394927978516,2,3,19414,19254,54,121,54,120,identity,54,121,54,120,4.456174850463867,4.456174850463867,4.456174850463867,4.493088245391846
pretrained_cnn,SR,/home/adadhwal/PhIRE/ttk_runs_fixed/cnn/pd/cnn_SR_s69_speed_p160_x0_y0_pd_port_0.vtu,7d082cd2ad67fcb13c0d7167ca3cc3201797e7359be0584ac3c93d4a832ac03d,460,460,1,1,4.464766502380371,4.513894557952881,0.049128055572509766,2,3,14673,14193,113,91,113,88,identity,113,91,113,88,4.464766502380371,4.464766502380371,4.464766502380371,4.513894557952881
pretrained_cnn,SR,/home/adadhwal/PhIRE/ttk_runs_fixed/cnn/pd/cnn_SR_s69_speed_p160_x0_y0_pd_port_0.vtu,7d082cd2ad67fcb13c0d7167ca3cc3201797e7359be0584ac3c93d4a832ac03d,461,461,0,1,4.4696149826049805,5.161082744598389,0.6914677619934082,0,1,7660,7016,140,47,136,43,identity,140,47,136,43,4.4696149826049805,4.4696149826049805,4.4696149826049805,5.161082744598389
pretrained_cnn,SR,/home/adadhwal/PhIRE/ttk_runs_fixed/cnn/pd/cnn_SR_s69_speed_p160_x0_y0_pd_port_0.vtu,7d082cd2ad67fcb13c0d7167ca3cc3201797e7359be0584ac3c93d4a832ac03d,462,462,0,1,4.473590850830078,4.565892696380615,0.09230184555053711,0,1,5435,5274,155,33,154,32,identity,155,33,154,32,4.473590850830078,4.473590850830078,4.473590850830078,4.565892696380615
pretrained_cnn,SR,/home/adadhwal/PhIRE/ttk_runs_fixed/cnn/pd/cnn_SR_s69_speed_p160_x0_y0_pd_port_0.vtu,7d082cd2ad67fcb13c0d7167ca3cc3201797e7359be0584ac3c93d4a832ac03d,463,463,0,1,4.4871320724487305,4.728544235229492,0.24141216278076172,0,1,5739,5897,139,35,137,36,identity,139,35,137,36,4.4871320724487305,4.4871320724487305,4.4871320724487305,4.728544235229492
pretrained_cnn,SR,/home/adadhwal/PhIRE/ttk_runs_fixed/cnn/pd/cnn_SR_s69_speed_p160_x0_y0_pd_port_0.vtu,7d082cd2ad67fcb13c0d7167ca3cc3201797e7359be0584ac3c93d4a832ac03d,464,464,0,1,4.495506763458252,4.555315971374512,0.059809207916259766,0,1,10693,10692,133,66,132,66,identity,133,66,132,66,4.495506763458252,4.495506763458252,4.495506763458252,4.555315971374512
pretrained_cnn,SR,/home/adadhwal/PhIRE/ttk_runs_fixed/cnn/pd/cnn_SR_s69_speed_p160_x0_y0_pd_port_0.vtu,7d082cd2ad67fcb13c0d7167ca3cc3201797e7359be0584ac3c93d4a832ac03d,465,465,1,1,4.5014238357543945,4.508018970489502,0.006595134735107422,2,3,14353,14513,113,89,113,90,identity,113,89,113,90,4.5014238357543945,4.5014238357543945,4.5014238357543945,4.508018970489502
pretrained_cnn,SR,/home/adadhwal/PhIRE/ttk_runs_fixed/cnn/pd/cnn_SR_s69_speed_p160_x0_y0_pd_port_0.vtu,7d082cd2ad67fcb13c0d7167ca3cc3201797e7359be0584ac3c93d4a832ac03d,466,466,0,1,4.502803325653076,4.871086120605469,0.3682827949523926,0,1,9114,9271,154,56,151,57,identity,154,56,151,57,4.502803325653076,4.502803325653076,4.502803325653076,4.871086120605469
pretrained_cnn,SR,/home/adadhwal/PhIRE/ttk_runs_fixed/cnn/pd/cnn_SR_s69_speed_p160_x0_y0_pd_port_0.vtu,7d082cd2ad67fcb13c0d7167ca3cc3201797e7359be0584ac3c93d4a832ac03d,467,467,1,1,4.504852771759033,4.520264148712158,0.015411376953125,2,3,21964,22123,44,137,43,138,identity,44,137,43,138,4.504852771759033,4.504852771759033,4.504852771759033,4.520264148712158
pretrained_cnn,SR,/home/adadhwal/PhIRE/ttk_runs_fixed/cnn/pd/cnn_SR_s69_speed_p160_x0_y0_pd_port_0.vtu,7d082cd2ad67fcb13c0d7167ca3cc3201797e7359be0584ac3c93d4a832ac03d,468,468,1,1,4.511321544647217,5.266589164733887,0.7552676200866699,2,3,2568,3048,8,16,8,19,identity,8,16,8,19,4.511321544647217,4.511321544647217,4.511321544647217,5.266589164733887
pretrained_cnn,SR,/home/adadhwal/PhIRE/ttk_runs_fixed/cnn/pd/cnn_SR_s69_speed_p160_x0_y0_pd_port_0.vtu,7d082cd2ad67fcb13c0d7167ca3cc3201797e7359be0584ac3c93d4a832ac03d,469,469,1,1,4.51547384262085,4.517855167388916,0.0023813247680664062,2,3,18772,18931,52,117,51,118,identity,52,117,51,118,4.51547384262085,4.51547384262085,4.51547384262085,4.517855167388916
pretrained_cnn,SR,/home/adadhwal/PhIRE/ttk_runs_fixed/cnn/pd/cnn_SR_s69_speed_p160_x0_y0_pd_port_0.vtu,7d082cd2ad67fcb13c0d7167ca3cc3201797e7359be0584ac3c93d4a832ac03d,470,470,1,1,4.5170416831970215,4.557433128356934,0.04039144515991211,2,3,11109,10949,69,69,69,68,identity,69,69,69,68,4.5170416831970215,4.5170416831970215,4.5170416831970215,4.557433128356934
pretrained_cnn,SR,/home/adadhwal/PhIRE/ttk_runs_fixed/cnn/pd/cnn_SR_s69_speed_p160_x0_y0_pd_port_0.vtu,7d082cd2ad67fcb13c0d7167ca3cc3201797e7359be0584ac3c93d4a832ac03d,471,471,1,1,4.52346134185791,4.552698612213135,0.02923727035522461,2,3,10125,9965,45,63,45,62,identity,45,63,45,62,4.52346134185791,4.52346134185791,4.52346134185791,4.552698612213135
pretrained_cnn,SR,/home/adadhwal/PhIRE/ttk_runs_fixed/cnn/pd/cnn_SR_s69_speed_p160_x0_y0_pd_port_0.vtu,7d082cd2ad67fcb13c0d7167ca3cc3201797e7359be0584ac3c93d4a832ac03d,472,472,0,1,4.531317710876465,5.444983959197998,0.9136662483215332,0,1,12129,11962,129,75,122,74,identity,129,75,122,74,4.531317710876465,4.531317710876465,4.531317710876465,5.444983959197998
pretrained_cnn,SR,/home/adadhwal/PhIRE/ttk_runs_fixed/cnn/pd/cnn_SR_s69_speed_p160_x0_y0_pd_port_0.vtu,7d082cd2ad67fcb13c0d7167ca3cc3201797e7359be0584ac3c93d4a832ac03d,473,473,1,1,4.5316290855407715,4.536795616149902,0.005166530609130859,2,3,3213,3212,13,20,12,20,identity,13,20,12,20,4.5316290855407715,4.5316290855407715,4.5316290855407715,4.536795616149902
pretrained_cnn,SR,/home/adadhwal/PhIRE/ttk_runs_fixed/cnn/pd/cnn_SR_s69_speed_p160_x0_y0_pd_port_0.vtu,7d082cd2ad67fcb13c0d7167ca3cc3201797e7359be0584ac3c93d4a832ac03d,474,474,0,1,4.531766891479492,4.613502502441406,0.08173561096191406,0,1,7575,7735,55,47,55,48,identity,55,47,55,48,4.531766891479492,4.531766891479492,4.531766891479492,4.613502502441406
pretrained_cnn,SR,/home/adadhwal/PhIRE/ttk_runs_fixed/cnn/pd/cnn_SR_s69_speed_p160_x0_y0_pd_port_0.vtu,7d082cd2ad67fcb13c0d7167ca3cc3201797e7359be0584ac3c93d4a832ac03d,475,475,1,1,4.532843589782715,4.636296272277832,0.10345268249511719,2,3,2462,2622,62,15,62,16,identity,62,15,62,16,4.532843589782715,4.532843589782715,4.532843589782715,4.636296272277832
pretrained_cnn,SR,/home/adadhwal/PhIRE/ttk_runs_fixed/cnn/pd/cnn_SR_s69_speed_p160_x0_y0_pd_port_0.vtu,7d082cd2ad67fcb13c0d7167ca3cc3201797e7359be0584ac3c93d4a832ac03d,476,476,0,1,4.535656929016113,4.574702739715576,0.03904581069946289,0,1,25497,25495,57,159,55,159,identity,57,159,55,159,4.535656929016113,4.535656929016113,4.535656929016113,4.574702739715576
pretrained_cnn,SR,/home/adadhwal/PhIRE/ttk_runs_fixed/cnn/pd/cnn_SR_s69_speed_p160_x0_y0_pd_port_0.vtu,7d082cd2ad67fcb13c0d7167ca3cc3201797e7359be0584ac3c93d4a832ac03d,477,477,0,1,4.542295455932617,4.665180683135986,0.12288522720336914,0,1,11239,11079,39,70,39,69,identity,39,70,39,69,4.542295455932617,4.542295455932617,4.542295455932617,4.665180683135986
pretrained_cnn,SR,/home/adadhwal/PhIRE/ttk_runs_fixed/cnn/pd/cnn_SR_s69_speed_p160_x0_y0_pd_port_0.vtu,7d082cd2ad67fcb13c0d7167ca3cc3201797e7359be0584ac3c93d4a832ac03d,478,478,0,1,4.547911643981934,4.7114739418029785,0.16356229782104492,0,1,5584,5425,144,34,145,33,identity,144,34,145,33,4.547911643981934,4.547911643981934,4.547911643981934,4.7114739418029785
pretrained_cnn,SR,/home/adadhwal/PhIRE/ttk_runs_fixed/cnn/pd/cnn_SR_s69_speed_p160_x0_y0_pd_port_0.vtu,7d082cd2ad67fcb13c0d7167ca3cc3201797e7359be0584ac3c93d4a832ac03d,479,479,1,1,4.550728797912598,4.633922100067139,0.08319330215454102,2,3,2863,2541,143,17,141,15,identity,143,17,141,15,4.550728797912598,4.550728797912598,4.550728797912598,4.633922100067139
pretrained_cnn,SR,/home/adadhwal/PhIRE/ttk_runs_fixed/cnn/pd/cnn_SR_s69_speed_p160_x0_y0_pd_port_0.vtu,7d082cd2ad67fcb13c0d7167ca3cc3201797e7359be0584ac3c93d4a832ac03d,480,480,0,1,4.553451061248779,4.639651775360107,0.08620071411132812,0,1,24699,25178,59,154,58,157,identity,59,154,58,157,4.553451061248779,4.553451061248779,4.553451061248779,4.639651775360107
pretrained_cnn,SR,/home/adadhwal/PhIRE/ttk_runs_fixed/cnn/pd/cnn_SR_s69_speed_p160_x0_y0_pd_port_0.vtu,7d082cd2ad67fcb13c0d7167ca3cc3201797e7359be0584ac3c93d4a832ac03d,481,481,0,1,4.5564398765563965,4.846932411193848,0.29049253463745117,0,1,11967,11968,127,74,128,74,identity,127,74,128,74,4.5564398765563965,4.5564398765563965,4.5564398765563965,4.846932411193848
pretrained_cnn,SR,/home/adadhwal/PhIRE/ttk_runs_fixed/cnn/pd/cnn_SR_s69_speed_p160_x0_y0_pd_port_0.vtu,7d082cd2ad67fcb13c0d7167ca3cc3201797e7359be0584ac3c93d4a832ac03d,482,482,1,1,4.569036960601807,8.603654861450195,4.034617900848389,2,3,6160,6967,80,38,87,43,identity,80,38,87,43,4.569036960601807,4.569036960601807,4.569036960601807,8.603654861450195
pretrained_cnn,SR,/home/adadhwal/PhIRE/ttk_runs_fixed/cnn/pd/cnn_SR_s69_speed_p160_x0_y0_pd_port_0.vtu,7d082cd2ad67fcb13c0d7167ca3cc3201797e7359be0584ac3c93d4a832ac03d,483,483,0,1,4.578069686889648,4.676222801208496,0.09815311431884766,0,1,15677,15679,157,97,159,97,identity,157,97,159,97,4.578069686889648,4.578069686889648,4.578069686889648,4.676222801208496
pretrained_cnn,SR,/home/adadhwal/PhIRE/ttk_runs_fixed/cnn/pd/cnn_SR_s69_speed_p160_x0_y0_pd_port_0.vtu,7d082cd2ad67fcb13c0d7167ca3cc3201797e7359be0584ac3c93d4a832ac03d,484,484,1,1,4.589903354644775,4.601509094238281,0.01160573959350586,2,3,5594,5434,154,34,154,33,identity,154,34,154,33,4.589903354644775,4.589903354644775,4.589903354644775,4.601509094238281
pretrained_cnn,SR,/home/adadhwal/PhIRE/ttk_runs_fixed/cnn/pd/cnn_SR_s69_speed_p160_x0_y0_pd_port_0.vtu,7d082cd2ad67fcb13c0d7167ca3cc3201797e7359be0584ac3c93d4a832ac03d,485,485,0,1,4.597409725189209,4.62681770324707,0.029407978057861328,0,1,9904,9903,144,61,143,61,identity,144,61,143,61,4.597409725189209,4.597409725189209,4.597409725189209,4.62681770324707
pretrained_cnn,SR,/home/adadhwal/PhIRE/ttk_runs_fixed/cnn/pd/cnn_SR_s69_speed_p160_x0_y0_pd_port_0.vtu,7d082cd2ad67fcb13c0d7167ca3cc3201797e7359be0584ac3c93d4a832ac03d,486,486,1,1,4.598600387573242,4.736105442047119,0.13750505447387695,2,3,20053,19731,53,125,51,123,identity,53,125,51,123,4.598600387573242,4.598600387573242,4.598600387573242,4.736105442047119
pretrained_cnn,SR,/home/adadhwal/PhIRE/ttk_runs_fixed/cnn/pd/cnn_SR_s69_speed_p160_x0_y0_pd_port_0.vtu,7d082cd2ad67fcb13c0d7167ca3cc3201797e7359be0584ac3c93d4a832ac03d,487,487,0,1,4.601801872253418,4.628258228302002,0.026456356048583984,0,1,25341,25500,61,158,60,159,identity,61,158,60,159,4.601801872253418,4.601801872253418,4.601801872253418,4.628258228302002
pretrained_cnn,SR,/home/adadhwal/PhIRE/ttk_runs_fixed/cnn/pd/cnn_SR_s69_speed_p160_x0_y0_pd_port_0.vtu,7d082cd2ad67fcb13c0d7167ca3cc3201797e7359be0584ac3c93d4a832ac03d,488,488,1,1,4.610374450683594,4.614668846130371,0.004294395446777344,2,3,2701,2702,141,16,142,16,identity,141,16,142,16,4.610374450683594,4.610374450683594,4.610374450683594,4.614668846130371
pretrained_cnn,SR,/home/adadhwal/PhIRE/ttk_runs_fixed/cnn/pd/cnn_SR_s69_speed_p160_x0_y0_pd_port_0.vtu,7d082cd2ad67fcb13c0d7167ca3cc3201797e7359be0584ac3c93d4a832ac03d,489,489,0,1,4.6179118156433105,4.656370639801025,0.038458824157714844,0,1,24862,24701,62,155,61,154,identity,62,155,61,154,4.6179118156433105,4.6179118156433105,4.6179118156433105,4.656370639801025
pretrained_cnn,SR,/home/adadhwal/PhIRE/ttk_runs_fixed/cnn/pd/cnn_SR_s69_speed_p160_x0_y0_pd_port_0.vtu,7d082cd2ad67fcb13c0d7167ca3cc3201797e7359be0584ac3c93d4a832ac03d,490,490,0,1,4.61857795715332,4.709057807922363,0.09047985076904297,0,1,4339,4180,19,27,20,26,identity,19,27,20,26,4.61857795715332,4.61857795715332,4.61857795715332,4.709057807922363
pretrained_cnn,SR,/home/adadhwal/PhIRE/ttk_runs_fixed/cnn/pd/cnn_SR_s69_speed_p160_x0_y0_pd_port_0.vtu,7d082cd2ad67fcb13c0d7167ca3cc3201797e7359be0584ac3c93d4a832ac03d,491,491,0,1,4.6198015213012695,4.904545307159424,0.2847437858581543,0,1,7177,7658,137,44,138,47,identity,137,44,138,47,4.6198015213012695,4.6198015213012695,4.6198015213012695,4.904545307159424
pretrained_cnn,SR,/home/adadhwal/PhIRE/ttk_runs_fixed/cnn/pd/cnn_SR_s69_speed_p160_x0_y0_pd_port_0.vtu,7d082cd2ad67fcb13c0d7167ca3cc3201797e7359be0584ac3c93d4a832ac03d,492,492,1,1,4.631556987762451,4.775010585784912,0.14345359802246094,2,3,8601,8600,121,53,120,53,identity,121,53,120,53,4.631556987762451,4.631556987762451,4.631556987762451,4.775010585784912
pretrained_cnn,SR,/home/adadhwal/PhIRE/ttk_runs_fixed/cnn/pd/cnn_SR_s69_speed_p160_x0_y0_pd_port_0.vtu,7d082cd2ad67fcb13c0d7167ca3cc3201797e7359be0584ac3c93d4a832ac03d,493,493,1,1,4.6343512535095215,4.675396919250488,0.0410456657409668,2,3,4789,4790,149,29,150,29,identity,149,29,150,29,4.6343512535095215,4.6343512535095215,4.6343512535095215,4.675396919250488
pretrained_cnn,SR,/home/adadhwal/PhIRE/ttk_runs_fixed/cnn/pd/cnn_SR_s69_speed_p160_x0_y0_pd_port_0.vtu,7d082cd2ad67fcb13c0d7167ca3cc3201797e7359be0584ac3c93d4a832ac03d,494,494,0,1,4.64810037612915,4.756049633026123,0.10794925689697266,0,1,7656,7337,136,47,137,45,identity,136,47,137,45,4.64810037612915,4.64810037612915,4.64810037612915,4.756049633026123
pretrained_cnn,SR,/home/adadhwal/PhIRE/ttk_runs_fixed/cnn/pd/cnn_SR_s69_speed_p160_x0_y0_pd_port_0.vtu,7d082cd2ad67fcb13c0d7167ca3cc3201797e7359be0584ac3c93d4a832ac03d,495,495,1,1,4.652239799499512,4.703721523284912,0.05148172378540039,2,3,21646,21486,46,135,46,134,identity,46,135,46,134,4.652239799499512,4.652239799499512,4.652239799499512,4.703721523284912
pretrained_cnn,SR,/home/adadhwal/PhIRE/ttk_runs_fixed/cnn/pd/cnn_SR_s69_speed_p160_x0_y0_pd_port_0.vtu,7d082cd2ad67fcb13c0d7167ca3cc3201797e7359be0584ac3c93d4a832ac03d,496,496,1,1,4.656008243560791,4.738239288330078,0.08223104476928711,2,3,4998,4999,38,31,39,31,identity,38,31,39,31,4.656008243560791,4.656008243560791,4.656008243560791,4.738239288330078
pretrained_cnn,SR,/home/adadhwal/PhIRE/ttk_runs_fixed/cnn/pd/cnn_SR_s69_speed_p160_x0_y0_pd_port_0.vtu,7d082cd2ad67fcb13c0d7167ca3cc3201797e7359be0584ac3c93d4a832ac03d,497,497,1,1,4.665101051330566,4.665774822235107,0.0006737709045410156,2,3,11946,12105,106,74,105,75,identity,106,74,105,75,4.665101051330566,4.665101051330566,4.665101051330566,4.665774822235107
pretrained_cnn,SR,/home/adadhwal/PhIRE/ttk_runs_fixed/cnn/pd/cnn_SR_s69_speed_p160_x0_y0_pd_port_0.vtu,7d082cd2ad67fcb13c0d7167ca3cc3201797e7359be0584ac3c93d4a832ac03d,498,498,1,1,4.667623519897461,4.685628414154053,0.018004894256591797,2,3,25182,25180,62,157,60,157,identity,62,157,60,157,4.667623519897461,4.667623519897461,4.667623519897461,4.685628414154053
pretrained_cnn,SR,/home/adadhwal/PhIRE/ttk_runs_fixed/cnn/pd/cnn_SR_s69_speed_p160_x0_y0_pd_port_0.vtu,7d082cd2ad67fcb13c0d7167ca3cc3201797e7359be0584ac3c93d4a832ac03d,499,499,0,1,4.677497863769531,4.8342695236206055,0.15677165985107422,0,1,15835,15676,155,98,156,97,identity,155,98,156,97,4.677497863769531,4.677497863769531,4.677497863769531,4.8342695236206055
pretrained_cnn,SR,/home/adadhwal/PhIRE/ttk_runs_fixed/cnn/pd/cnn_SR_s69_speed_p160_x0_y0_pd_port_0.vtu,7d082cd2ad67fcb13c0d7167ca3cc3201797e7359be0584ac3c93d4a832ac03d,500,500,0,1,4.686315536499023,4.722589015960693,0.03627347946166992,0,1,2551,2550,151,15,150,15,identity,151,15,150,15,4.686315536499023,4.686315536499023,4.686315536499023,4.722589015960693
pretrained_cnn,SR,/home/adadhwal/PhIRE/ttk_runs_fixed/cnn/pd/cnn_SR_s69_speed_p160_x0_y0_pd_port_0.vtu,7d082cd2ad67fcb13c0d7167ca3cc3201797e7359be0584ac3c93d4a832ac03d,501,501,1,1,4.695284843444824,4.788594722747803,0.09330987930297852,2,3,11237,11077,37,70,37,69,identity,37,70,37,69,4.695284843444824,4.695284843444824,4.695284843444824,4.788594722747803
pretrained_cnn,SR,/home/adadhwal/PhIRE/ttk_runs_fixed/cnn/pd/cnn_SR_s69_speed_p160_x0_y0_pd_port_0.vtu,7d082cd2ad67fcb13c0d7167ca3cc3201797e7359be0584ac3c93d4a832ac03d,502,502,0,1,4.697104454040527,4.825990676879883,0.12888622283935547,0,1,9419,9579,139,58,139,59,identity,139,58,139,59,4.697104454040527,4.697104454040527,4.697104454040527,4.825990676879883
pretrained_cnn,SR,/home/adadhwal/PhIRE/ttk_runs_fixed/cnn/pd/cnn_SR_s69_speed_p160_x0_y0_pd_port_0.vtu,7d082cd2ad67fcb13c0d7167ca3cc3201797e7359be0584ac3c93d4a832ac03d,503,503,1,1,4.707539081573486,4.716845989227295,0.009306907653808594,2,3,12426,12425,106,77,105,77,identity,106,77,105,77,4.707539081573486,4.707539081573486,4.707539081573486,4.716845989227295
pretrained_cnn,SR,/home/adadhwal/PhIRE/ttk_runs_fixed/cnn/pd/cnn_SR_s69_speed_p160_x0_y0_pd_port_0.vtu,7d082cd2ad67fcb13c0d7167ca3cc3201797e7359be0584ac3c93d4a832ac03d,504,504,1,1,4.708813667297363,4.71788215637207,0.009068489074707031,2,3,11557,11397,37,72,37,71,identity,37,72,37,71,4.708813667297363,4.708813667297363,4.708813667297363,4.71788215637207
pretrained_cnn,SR,/home/adadhwal/PhIRE/ttk_runs_fixed/cnn/pd/cnn_SR_s69_speed_p160_x0_y0_pd_port_0.vtu,7d082cd2ad67fcb13c0d7167ca3cc3201797e7359be0584ac3c93d4a832ac03d,505,505,0,1,4.710705280303955,4.72630500793457,0.015599727630615234,0,1,15674,15675,154,97,155,97,identity,154,97,155,97,4.710705280303955,4.710705280303955,4.710705280303955,4.72630500793457
pretrained_cnn,SR,/home/adadhwal/PhIRE/ttk_runs_fixed/cnn/pd/cnn_SR_s69_speed_p160_x0_y0_pd_port_0.vtu,7d082cd2ad67fcb13c0d7167ca3cc3201797e7359be0584ac3c93d4a832ac03d,506,506,1,1,4.711146831512451,4.713155269622803,0.0020084381103515625,2,3,11078,10919,38,69,39,68,identity,38,69,39,68,4.711146831512451,4.711146831512451,4.711146831512451,4.713155269622803
pretrained_cnn,SR,/home/adadhwal/PhIRE/ttk_runs_fixed/cnn/pd/cnn_SR_s69_speed_p160_x0_y0_pd_port_0.vtu,7d082cd2ad67fcb13c0d7167ca3cc3201797e7359be0584ac3c93d4a832ac03d,507,507,1,1,4.712435722351074,4.717755317687988,0.0053195953369140625,2,3,2887,2727,7,18,7,17,identity,7,18,7,17,4.712435722351074,4.712435722351074,4.712435722351074,4.717755317687988
pretrained_cnn,SR,/home/adadhwal/PhIRE/ttk_runs_fixed/cnn/pd/cnn_SR_s69_speed_p160_x0_y0_pd_port_0.vtu,7d082cd2ad67fcb13c0d7167ca3cc3201797e7359be0584ac3c93d4a832ac03d,508,508,0,1,4.7132344245910645,4.729310512542725,0.016076087951660156,0,1,25025,25024,65,156,64,156,identity,65,156,64,156,4.7132344245910645,4.7132344245910645,4.7132344245910645,4.729310512542725
pretrained_cnn,SR,/home/adadhwal/PhIRE/ttk_runs_fixed/cnn/pd/cnn_SR_s69_speed_p160_x0_y0_pd_port_0.vtu,7d082cd2ad67fcb13c0d7167ca3cc3201797e7359be0584ac3c93d4a832ac03d,509,509,1,1,4.715568542480469,4.727238178253174,0.011669635772705078,2,3,7574,7734,54,47,54,48,identity,54,47,54,48,4.715568542480469,4.715568542480469,4.715568542480469,4.727238178253174
pretrained_cnn,SR,/home/adadhwal/PhIRE/ttk_runs_fixed/cnn/pd/cnn_SR_s69_speed_p160_x0_y0_pd_port_0.vtu,7d082cd2ad67fcb13c0d7167ca3cc3201797e7359be0584ac3c93d4a832ac03d,510,510,0,1,4.716629505157471,4.7749342918396,0.058304786682128906,0,1,24052,24211,52,150,51,151,identity,52,150,51,151,4.716629505157471,4.716629505157471,4.716629505157471,4.7749342918396
pretrained_cnn,SR,/home/adadhwal/PhIRE/ttk_runs_fixed/cnn/pd/cnn_SR_s69_speed_p160_x0_y0_pd_port_0.vtu,7d082cd2ad67fcb13c0d7167ca3cc3201797e7359be0584ac3c93d4a832ac03d,511,511,0,1,4.722782135009766,4.819795608520508,0.09701347351074219,0,1,6867,7027,147,42,147,43,identity,147,42,147,43,4.722782135009766,4.722782135009766,4.722782135009766,4.819795608520508
pretrained_cnn,SR,/home/adadhwal/PhIRE/ttk_runs_fixed/cnn/pd/cnn_SR_s69_speed_p160_x0_y0_pd_port_0.vtu,7d082cd2ad67fcb13c0d7167ca3cc3201797e7359be0584ac3c93d4a832ac03d,512,512,0,1,4.726884365081787,5.601805210113525,0.8749208450317383,0,1,14657,13698,97,91,98,85,identity,97,91,98,85,4.726884365081787,4.726884365081787,4.726884365081787,5.601805210113525
pretrained_cnn,SR,/home/adadhwal/PhIRE/ttk_runs_fixed/cnn/pd/cnn_SR_s69_speed_p160_x0_y0_pd_port_0.vtu,7d082cd2ad67fcb13c0d7167ca3cc3201797e7359be0584ac3c93d4a832ac03d,513,513,1,1,4.740313529968262,4.744575023651123,0.004261493682861328,2,3,3026,3025,146,18,145,18,identity,146,18,145,18,4.740313529968262,4.740313529968262,4.740313529968262,4.744575023651123
pretrained_cnn,SR,/home/adadhwal/PhIRE/ttk_runs_fixed/cnn/pd/cnn_SR_s69_speed_p160_x0_y0_pd_port_0.vtu,7d082cd2ad67fcb13c0d7167ca3cc3201797e7359be0584ac3c93d4a832ac03d,514,514,0,1,4.747276306152344,4.819964408874512,0.07268810272216797,0,1,7019,7018,139,43,138,43,identity,139,43,138,43,4.747276306152344,4.747276306152344,4.747276306152344,4.819964408874512
pretrained_cnn,SR,/home/adadhwal/PhIRE/ttk_runs_fixed/cnn/pd/cnn_SR_s69_speed_p160_x0_y0_pd_port_0.vtu,7d082cd2ad67fcb13c0d7167ca3cc3201797e7359be0584ac3c93d4a832ac03d,515,515,0,1,4.757050514221191,4.797549247741699,0.04049873352050781,0,1,7028,7029,148,43,149,43,identity,148,43,149,43,4.757050514221191,4.757050514221191,4.757050514221191,4.797549247741699
pretrained_cnn,SR,/home/adadhwal/PhIRE/ttk_runs_fixed/cnn/pd/cnn_SR_s69_speed_p160_x0_y0_pd_port_0.vtu,7d082cd2ad67fcb13c0d7167ca3cc3201797e7359be0584ac3c93d4a832ac03d,516,516,1,1,4.759377479553223,4.762447357177734,0.0030698776245117188,2,3,6748,6907,28,42,27,43,identity,28,42,27,43,4.759377479553223,4.759377479553223,4.759377479553223,4.762447357177734
pretrained_cnn,SR,/home/adadhwal/PhIRE/ttk_runs_fixed/cnn/pd/cnn_SR_s69_speed_p160_x0_y0_pd_port_0.vtu,7d082cd2ad67fcb13c0d7167ca3cc3201797e7359be0584ac3c93d4a832ac03d,517,517,1,1,4.778261661529541,4.87485408782959,0.09659242630004883,2,3,6162,6321,82,38,81,39,identity,82,38,81,39,4.778261661529541,4.778261661529541,4.778261661529541,4.87485408782959
pretrained_cnn,SR,/home/adadhwal/PhIRE/ttk_runs_fixed/cnn/pd/cnn_SR_s69_speed_p160_x0_y0_pd_port_0.vtu,7d082cd2ad67fcb13c0d7167ca3cc3201797e7359be0584ac3c93d4a832ac03d,518,518,0,1,4.782592296600342,4.783221244812012,0.0006289482116699219,0,1,24694,24695,54,154,55,154,identity,54,154,55,154,4.782592296600342,4.782592296600342,4.782592296600342,4.783221244812012
pretrained_cnn,SR,/home/adadhwal/PhIRE/ttk_runs_fixed/cnn/pd/cnn_SR_s69_speed_p160_x0_y0_pd_port_0.vtu,7d082cd2ad67fcb13c0d7167ca3cc3201797e7359be0584ac3c93d4a832ac03d,519,519,0,1,4.817936897277832,6.253767967224121,1.435831069946289,0,1,11039,10225,159,68,145,63,identity,159,68,145,63,4.817936897277832,4.817936897277832,4.817936897277832,6.253767967224121
pretrained_cnn,SR,/home/adadhwal/PhIRE/ttk_runs_fixed/cnn/pd/cnn_SR_s69_speed_p160_x0_y0_pd_port_0.vtu,7d082cd2ad67fcb13c0d7167ca3cc3201797e7359be0584ac3c93d4a832ac03d,520,520,0,1,4.821702480316162,4.872299671173096,0.050597190856933594,0,1,25509,25187,69,159,67,157,identity,69,159,67,157,4.821702480316162,4.821702480316162,4.821702480316162,4.872299671173096
pretrained_cnn,SR,/home/adadhwal/PhIRE/ttk_runs_fixed/cnn/pd/cnn_SR_s69_speed_p160_x0_y0_pd_port_0.vtu,7d082cd2ad67fcb13c0d7167ca3cc3201797e7359be0584ac3c93d4a832ac03d,521,521,0,1,4.833110332489014,4.992353916168213,0.15924358367919922,0,1,29,189,29,0,29,1,identity,29,0,29,1,4.833110332489014,4.833110332489014,4.833110332489014,4.992353916168213
pretrained_cnn,SR,/home/adadhwal/PhIRE/ttk_runs_fixed/cnn/pd/cnn_SR_s69_speed_p160_x0_y0_pd_port_0.vtu,7d082cd2ad67fcb13c0d7167ca3cc3201797e7359be0584ac3c93d4a832ac03d,522,522,1,1,4.836889743804932,4.9054460525512695,0.06855630874633789,2,3,12277,12278,117,76,118,76,identity,117,76,118,76,4.836889743804932,4.836889743804932,4.836889743804932,4.9054460525512695
pretrained_cnn,SR,/home/adadhwal/PhIRE/ttk_runs_fixed/cnn/pd/cnn_SR_s69_speed_p160_x0_y0_pd_port_0.vtu,7d082cd2ad67fcb13c0d7167ca3cc3201797e7359be0584ac3c93d4a832ac03d,523,523,1,1,4.854190349578857,5.029644012451172,0.17545366287231445,2,3,8127,8125,127,50,125,50,identity,127,50,125,50,4.854190349578857,4.854190349578857,4.854190349578857,5.029644012451172
pretrained_cnn,SR,/home/adadhwal/PhIRE/ttk_runs_fixed/cnn/pd/cnn_SR_s69_speed_p160_x0_y0_pd_port_0.vtu,7d082cd2ad67fcb13c0d7167ca3cc3201797e7359be0584ac3c93d4a832ac03d,524,524,1,1,4.857635974884033,4.920708656311035,0.06307268142700195,2,3,24374,24531,54,152,51,153,identity,54,152,51,153,4.857635974884033,4.857635974884033,4.857635974884033,4.920708656311035
pretrained_cnn,SR,/home/adadhwal/PhIRE/ttk_runs_fixed/cnn/pd/cnn_SR_s69_speed_p160_x0_y0_pd_port_0.vtu,7d082cd2ad67fcb13c0d7167ca3cc3201797e7359be0584ac3c93d4a832ac03d,525,525,0,1,4.858454704284668,4.937487602233887,0.07903289794921875,0,1,14212,14211,132,88,131,88,identity,132,88,131,88,4.858454704284668,4.858454704284668,4.858454704284668,4.937487602233887
pretrained_cnn,SR,/home/adadhwal/PhIRE/ttk_runs_fixed/cnn/pd/cnn_SR_s69_speed_p160_x0_y0_pd_port_0.vtu,7d082cd2ad67fcb13c0d7167ca3cc3201797e7359be0584ac3c93d4a832ac03d,526,526,0,1,4.859216690063477,6.984070301055908,2.1248536109924316,0,1,497,660,17,3,20,4,identity,17,3,20,4,4.859216690063477,4.859216690063477,4.859216690063477,6.984070301055908
pretrained_cnn,SR,/home/adadhwal/PhIRE/ttk_runs_fixed/cnn/pd/cnn_SR_s69_speed_p160_x0_y0_pd_port_0.vtu,7d082cd2ad67fcb13c0d7167ca3cc3201797e7359be0584ac3c93d4a832ac03d,527,527,0,1,4.86181640625,6.040716648101807,1.1789002418518066,0,1,10550,11036,150,65,156,68,identity,150,65,156,68,4.86181640625,4.86181640625,4.86181640625,6.040716648101807
pretrained_cnn,SR,/home/adadhwal/PhIRE/ttk_runs_fixed/cnn/pd/cnn_SR_s69_speed_p160_x0_y0_pd_port_0.vtu,7d082cd2ad67fcb13c0d7167ca3cc3201797e7359be0584ac3c93d4a832ac03d,528,528,0,1,4.878321170806885,5.032088756561279,0.15376758575439453,0,1,12430,12429,110,77,109,77,identity,110,77,109,77,4.878321170806885,4.878321170806885,4.878321170806885,5.032088756561279
pretrained_cnn,SR,/home/adadhwal/PhIRE/ttk_runs_fixed/cnn/pd/cnn_SR_s69_speed_p160_x0_y0_pd_port_0.vtu,7d082cd2ad67fcb13c0d7167ca3cc3201797e7359be0584ac3c93d4a832ac03d,529,529,1,1,4.891465187072754,5.22613000869751,0.33466482162475586,2,3,4621,4458,141,28,138,27,identity,141,28,138,27,4.891465187072754,4.891465187072754,4.891465187072754,5.22613000869751
pretrained_cnn,SR,/home/adadhwal/PhIRE/ttk_runs_fixed/cnn/pd/cnn_SR_s69_speed_p160_x0_y0_pd_port_0.vtu,7d082cd2ad67fcb13c0d7167ca3cc3201797e7359be0584ac3c93d4a832ac03d,530,530,1,1,4.897308349609375,4.92390251159668,0.026594161987304688,2,3,23888,24048,48,149,48,150,identity,48,149,48,150,4.897308349609375,4.897308349609375,4.897308349609375,4.92390251159668
pretrained_cnn,SR,/home/adadhwal/PhIRE/ttk_runs_fixed/cnn/pd/cnn_SR_s69_speed_p160_x0_y0_pd_port_0.vtu,7d082cd2ad67fcb13c0d7167ca3cc3201797e7359be0584ac3c93d4a832ac03d,531,531,1,1,4.905633449554443,5.1655402183532715,0.2599067687988281,2,3,2734,2574,14,17,14,16,identity,14,17,14,16,4.905633449554443,4.905633449554443,4.905633449554443,5.1655402183532715
pretrained_cnn,SR,/home/adadhwal/PhIRE/ttk_runs_fixed/cnn/pd/cnn_SR_s69_speed_p160_x0_y0_pd_port_0.vtu,7d082cd2ad67fcb13c0d7167ca3cc3201797e7359be0584ac3c93d4a832ac03d,532,532,1,1,4.9091315269470215,4.91949462890625,0.010363101959228516,2,3,2869,2709,149,17,149,16,identity,149,17,149,16,4.9091315269470215,4.9091315269470215,4.9091315269470215,4.91949462890625
pretrained_cnn,SR,/home/adadhwal/PhIRE/ttk_runs_fixed/cnn/pd/cnn_SR_s69_speed_p160_x0_y0_pd_port_0.vtu,7d082cd2ad67fcb13c0d7167ca3cc3201797e7359be0584ac3c93d4a832ac03d,533,533,0,1,4.916639804840088,5.75813102722168,0.8414912223815918,0,1,8934,8451,134,55,131,52,identity,134,55,131,52,4.916639804840088,4.916639804840088,4.916639804840088,5.75813102722168
pretrained_cnn,SR,/home/adadhwal/PhIRE/ttk_runs_fixed/cnn/pd/cnn_SR_s69_speed_p160_x0_y0_pd_port_0.vtu,7d082cd2ad67fcb13c0d7167ca3cc3201797e7359be0584ac3c93d4a832ac03d,534,534,1,1,4.9273271560668945,5.057015895843506,0.12968873977661133,2,3,23410,23409,50,146,49,146,identity,50,146,49,146,4.9273271560668945,4.9273271560668945,4.9273271560668945,5.057015895843506
pretrained_cnn,SR,/home/adadhwal/PhIRE/ttk_runs_fixed/cnn/pd/cnn_SR_s69_speed_p160_x0_y0_pd_port_0.vtu,7d082cd2ad67fcb13c0d7167ca3cc3201797e7359be0584ac3c93d4a832ac03d,535,535,1,1,4.931878566741943,5.537617206573486,0.605738639831543,2,3,5581,5102,141,34,142,31,identity,141,34,142,31,4.931878566741943,4.931878566741943,4.931878566741943,5.537617206573486
pretrained_cnn,SR,/home/adadhwal/PhIRE/ttk_runs_fixed/cnn/pd/cnn_SR_s69_speed_p160_x0_y0_pd_port_0.vtu,7d082cd2ad67fcb13c0d7167ca3cc3201797e7359be0584ac3c93d4a832ac03d,536,536,0,1,4.94520902633667,4.996530532836914,0.05132150650024414,0,1,14766,14925,46,92,45,93,identity,46,92,45,93,4.94520902633667,4.94520902633667,4.94520902633667,4.996530532836914
pretrained_cnn,SR,/home/adadhwal/PhIRE/ttk_runs_fixed/cnn/pd/cnn_SR_s69_speed_p160_x0_y0_pd_port_0.vtu,7d082cd2ad67fcb13c0d7167ca3cc3201797e7359be0584ac3c93d4a832ac03d,537,537,1,1,4.952219486236572,4.974830627441406,0.022611141204833984,2,3,21974,22130,54,137,50,138,identity,54,137,50,138,4.952219486236572,4.952219486236572,4.952219486236572,4.974830627441406
pretrained_cnn,SR,/home/adadhwal/PhIRE/ttk_runs_fixed/cnn/pd/cnn_SR_s69_speed_p160_x0_y0_pd_port_0.vtu,7d082cd2ad67fcb13c0d7167ca3cc3201797e7359be0584ac3c93d4a832ac03d,538,538,1,1,4.954080581665039,4.973376274108887,0.019295692443847656,2,3,22131,21972,51,138,52,137,identity,51,138,52,137,4.954080581665039,4.954080581665039,4.954080581665039,4.973376274108887
pretrained_cnn,SR,/home/adadhwal/PhIRE/ttk_runs_fixed/cnn/pd/cnn_SR_s69_speed_p160_x0_y0_pd_port_0.vtu,7d082cd2ad67fcb13c0d7167ca3cc3201797e7359be0584ac3c93d4a832ac03d,539,539,0,1,4.954984188079834,4.99863338470459,0.04364919662475586,0,1,25513,25512,73,159,72,159,identity,73,159,72,159,4.954984188079834,4.954984188079834,4.954984188079834,4.99863338470459
pretrained_cnn,SR,/home/adadhwal/PhIRE/ttk_runs_fixed/cnn/pd/cnn_SR_s69_speed_p160_x0_y0_pd_port_0.vtu,7d082cd2ad67fcb13c0d7167ca3cc3201797e7359be0584ac3c93d4a832ac03d,540,540,1,1,4.967859268188477,4.97377347946167,0.005914211273193359,2,3,14520,14519,120,90,119,90,identity,120,90,119,90,4.967859268188477,4.967859268188477,4.967859268188477,4.97377347946167
pretrained_cnn,SR,/home/adadhwal/PhIRE/ttk_runs_fixed/cnn/pd/cnn_SR_s69_speed_p160_x0_y0_pd_port_0.vtu,7d082cd2ad67fcb13c0d7167ca3cc3201797e7359be0584ac3c93d4a832ac03d,541,541,1,1,4.977347373962402,4.988846778869629,0.011499404907226562,2,3,9718,9717,118,60,117,60,identity,118,60,117,60,4.977347373962402,4.977347373962402,4.977347373962402,4.988846778869629
pretrained_cnn,SR,/home/adadhwal/PhIRE/ttk_runs_fixed/cnn/pd/cnn_SR_s69_speed_p160_x0_y0_pd_port_0.vtu,7d082cd2ad67fcb13c0d7167ca3cc3201797e7359be0584ac3c93d4a832ac03d,542,542,0,1,4.981031894683838,5.94289493560791,0.9618630409240723,0,1,4232,4074,72,26,74,25,identity,72,26,74,25,4.981031894683838,4.981031894683838,4.981031894683838,5.94289493560791
pretrained_cnn,SR,/home/adadhwal/PhIRE/ttk_runs_fixed/cnn/pd/cnn_SR_s69_speed_p160_x0_y0_pd_port_0.vtu,7d082cd2ad67fcb13c0d7167ca3cc3201797e7359be0584ac3c93d4a832ac03d,543,543,1,1,4.989071846008301,5.006267547607422,0.017195701599121094,2,3,7339,7338,139,45,138,45,identity,139,45,138,45,4.989071846008301,4.989071846008301,4.989071846008301,5.006267547607422
pretrained_cnn,SR,/home/adadhwal/PhIRE/ttk_runs_fixed/cnn/pd/cnn_SR_s69_speed_p160_x0_y0_pd_port_0.vtu,7d082cd2ad67fcb13c0d7167ca3cc3201797e7359be0584ac3c93d4a832ac03d,544,544,1,1,4.989614009857178,5.144824981689453,0.1552109718322754,2,3,1664,1984,64,10,64,12,identity,64,10,64,12,4.989614009857178,4.989614009857178,4.989614009857178,5.144824981689453
pretrained_cnn,SR,/home/adadhwal/PhIRE/ttk_runs_fixed/cnn/pd/cnn_SR_s69_speed_p160_x0_y0_pd_port_0.vtu,7d082cd2ad67fcb13c0d7167ca3cc3201797e7359be0584ac3c93d4a832ac03d,545,545,0,1,4.990203380584717,5.049688816070557,0.059485435485839844,0,1,15454,15135,94,96,95,94,identity,94,96,95,94,4.990203380584717,4.990203380584717,4.990203380584717,5.049688816070557
pretrained_cnn,SR,/home/adadhwal/PhIRE/ttk_runs_fixed/cnn/pd/cnn_SR_s69_speed_p160_x0_y0_pd_port_0.vtu,7d082cd2ad67fcb13c0d7167ca3cc3201797e7359be0584ac3c93d4a832ac03d,546,546,0,1,5.0004472732543945,5.055743217468262,0.05529594421386719,0,1,10389,10390,149,64,150,64,identity,149,64,150,64,5.0004472732543945,5.0004472732543945,5.0004472732543945,5.055743217468262
pretrained_cnn,SR,/home/adadhwal/PhIRE/ttk_runs_fixed/cnn/pd/cnn_SR_s69_speed_p160_x0_y0_pd_port_0.vtu,7d082cd2ad67fcb13c0d7167ca3cc3201797e7359be0584ac3c93d4a832ac03d,547,547,0,1,5.012409687042236,5.2791428565979,0.26673316955566406,0,1,12611,12291,131,78,131,76,identity,131,78,131,76,5.012409687042236,5.012409687042236,5.012409687042236,5.2791428565979
pretrained_cnn,SR,/home/adadhwal/PhIRE/ttk_runs_fixed/cnn/pd/cnn_SR_s69_speed_p160_x0_y0_pd_port_0.vtu,7d082cd2ad67fcb13c0d7167ca3cc3201797e7359be0584ac3c93d4a832ac03d,548,548,0,1,5.018270015716553,5.289836406707764,0.27156639099121094,0,1,24397,22798,77,152,78,142,identity,77,152,78,142,5.018270015716553,5.018270015716553,5.018270015716553,5.289836406707764
pretrained_cnn,SR,/home/adadhwal/PhIRE/ttk_runs_fixed/cnn/pd/cnn_SR_s69_speed_p160_x0_y0_pd_port_0.vtu,7d082cd2ad67fcb13c0d7167ca3cc3201797e7359be0584ac3c93d4a832ac03d,549,549,0,1,5.037709712982178,5.541106224060059,0.5033965110778809,0,1,13047,13852,87,81,92,86,identity,87,81,92,86,5.037709712982178,5.037709712982178,5.037709712982178,5.541106224060059
pretrained_cnn,SR,/home/adadhwal/PhIRE/ttk_runs_fixed/cnn/pd/cnn_SR_s69_speed_p160_x0_y0_pd_port_0.vtu,7d082cd2ad67fcb13c0d7167ca3cc3201797e7359be0584ac3c93d4a832ac03d,550,550,0,1,5.042059898376465,5.363659858703613,0.32159996032714844,0,1,15668,15670,148,97,150,97,identity,148,97,150,97,5.042059898376465,5.042059898376465,5.042059898376465,5.363659858703613
pretrained_cnn,SR,/home/adadhwal/PhIRE/ttk_runs_fixed/cnn/pd/cnn_SR_s69_speed_p160_x0_y0_pd_port_0.vtu,7d082cd2ad67fcb13c0d7167ca3cc3201797e7359be0584ac3c93d4a832ac03d,551,551,0,1,5.044496536254883,5.287144184112549,0.24264764785766602,0,1,14015,14335,95,87,95,89,identity,95,87,95,89,5.044496536254883,5.044496536254883,5.044496536254883,5.287144184112549
pretrained_cnn,SR,/home/adadhwal/PhIRE/ttk_runs_fixed/cnn/pd/cnn_SR_s69_speed_p160_x0_y0_pd_port_0.vtu,7d082cd2ad67fcb13c0d7167ca3cc3201797e7359be0584ac3c93d4a832ac03d,552,552,0,1,5.047293186187744,5.068146705627441,0.020853519439697266,0,1,13208,13207,88,82,87,82,identity,88,82,87,82,5.047293186187744,5.047293186187744,5.047293186187744,5.068146705627441
pretrained_cnn,SR,/home/adadhwal/PhIRE/ttk_runs_fixed/cnn/pd/cnn_SR_s69_speed_p160_x0_y0_pd_port_0.vtu,7d082cd2ad67fcb13c0d7167ca3cc3201797e7359be0584ac3c93d4a832ac03d,553,553,1,1,5.048580646514893,5.066370964050293,0.01779031753540039,2,3,4619,4620,139,28,140,28,identity,139,28,140,28,5.048580646514893,5.048580646514893,5.048580646514893,5.066370964050293
pretrained_cnn,SR,/home/adadhwal/PhIRE/ttk_runs_fixed/cnn/pd/cnn_SR_s69_speed_p160_x0_y0_pd_port_0.vtu,7d082cd2ad67fcb13c0d7167ca3cc3201797e7359be0584ac3c93d4a832ac03d,554,554,0,1,5.0546875,5.111908912658691,0.057221412658691406,0,1,24077,24237,77,150,77,151,identity,77,150,77,151,5.0546875,5.0546875,5.0546875,5.111908912658691
pretrained_cnn,SR,/home/adadhwal/PhIRE/ttk_runs_fixed/cnn/pd/cnn_SR_s69_speed_p160_x0_y0_pd_port_0.vtu,7d082cd2ad67fcb13c0d7167ca3cc3201797e7359be0584ac3c93d4a832ac03d,555,555,0,1,5.073676586151123,5.123493194580078,0.04981660842895508,0,1,19907,20227,67,124,67,126,identity,67,124,67,126,5.073676586151123,5.073676586151123,5.073676586151123,5.123493194580078
pretrained_cnn,SR,/home/adadhwal/PhIRE/ttk_runs_fixed/cnn/pd/cnn_SR_s69_speed_p160_x0_y0_pd_port_0.vtu,7d082cd2ad67fcb13c0d7167ca3cc3201797e7359be0584ac3c93d4a832ac03d,556,556,1,1,5.086980819702148,5.444832801818848,0.3578519821166992,2,3,20062,20378,62,125,58,127,identity,62,125,58,127,5.086980819702148,5.086980819702148,5.086980819702148,5.444832801818848
pretrained_cnn,SR,/home/adadhwal/PhIRE/ttk_runs_fixed/cnn/pd/cnn_SR_s69_speed_p160_x0_y0_pd_port_0.vtu,7d082cd2ad67fcb13c0d7167ca3cc3201797e7359be0584ac3c93d4a832ac03d,557,557,0,1,5.0932464599609375,5.432417869567871,0.3391714096069336,0,1,2875,3033,155,17,153,18,identity,155,17,153,18,5.0932464599609375,5.0932464599609375,5.0932464599609375,5.432417869567871
pretrained_cnn,SR,/home/adadhwal/PhIRE/ttk_runs_fixed/cnn/pd/cnn_SR_s69_speed_p160_x0_y0_pd_port_0.vtu,7d082cd2ad67fcb13c0d7167ca3cc3201797e7359be0584ac3c93d4a832ac03d,558,558,0,1,5.1222076416015625,5.261529445648193,0.13932180404663086,0,1,25042,25360,82,156,80,158,identity,82,156,80,158,5.1222076416015625,5.1222076416015625,5.1222076416015625,5.261529445648193
pretrained_cnn,SR,/home/adadhwal/PhIRE/ttk_runs_fixed/cnn/pd/cnn_SR_s69_speed_p160_x0_y0_pd_port_0.vtu,7d082cd2ad67fcb13c0d7167ca3cc3201797e7359be0584ac3c93d4a832ac03d,559,559,0,1,5.133394718170166,5.156478404998779,0.02308368682861328,0,1,11015,10855,135,68,135,67,identity,135,68,135,67,5.133394718170166,5.133394718170166,5.133394718170166,5.156478404998779
pretrained_cnn,SR,/home/adadhwal/PhIRE/ttk_runs_fixed/cnn/pd/cnn_SR_s69_speed_p160_x0_y0_pd_port_0.vtu,7d082cd2ad67fcb13c0d7167ca3cc3201797e7359be0584ac3c93d4a832ac03d,560,560,1,1,5.137197494506836,5.141534328460693,0.004336833953857422,2,3,16850,17009,50,105,49,106,identity,50,105,49,106,5.137197494506836,5.137197494506836,5.137197494506836,5.141534328460693
pretrained_cnn,SR,/home/adadhwal/PhIRE/ttk_runs_fixed/cnn/pd/cnn_SR_s69_speed_p160_x0_y0_pd_port_0.vtu,7d082cd2ad67fcb13c0d7167ca3cc3201797e7359be0584ac3c93d4a832ac03d,561,561,1,1,5.1385650634765625,5.244378089904785,0.10581302642822266,2,3,6201,6200,121,38,120,38,identity,121,38,120,38,5.1385650634765625,5.1385650634765625,5.1385650634765625,5.244378089904785
pretrained_cnn,SR,/home/adadhwal/PhIRE/ttk_runs_fixed/cnn/pd/cnn_SR_s69_speed_p160_x0_y0_pd_port_0.vtu,7d082cd2ad67fcb13c0d7167ca3cc3201797e7359be0584ac3c93d4a832ac03d,562,562,0,1,5.139181613922119,5.346988201141357,0.20780658721923828,0,1,24088,23283,88,150,83,145,identity,88,150,83,145,5.139181613922119,5.139181613922119,5.139181613922119,5.346988201141357
pretrained_cnn,SR,/home/adadhwal/PhIRE/ttk_runs_fixed/cnn/pd/cnn_SR_s69_speed_p160_x0_y0_pd_port_0.vtu,7d082cd2ad67fcb13c0d7167ca3cc3201797e7359be0584ac3c93d4a832ac03d,563,563,0,1,5.1407084465026855,6.2272868156433105,1.086578369140625,0,1,5341,4701,61,33,61,29,identity,61,33,61,29,5.1407084465026855,5.1407084465026855,5.1407084465026855,6.2272868156433105
pretrained_cnn,SR,/home/adadhwal/PhIRE/ttk_runs_fixed/cnn/pd/cnn_SR_s69_speed_p160_x0_y0_pd_port_0.vtu,7d082cd2ad67fcb13c0d7167ca3cc3201797e7359be0584ac3c93d4a832ac03d,564,564,0,1,5.147809028625488,5.238326549530029,0.09051752090454102,0,1,5599,5598,159,34,158,34,identity,159,34,158,34,5.147809028625488,5.147809028625488,5.147809028625488,5.238326549530029
pretrained_cnn,SR,/home/adadhwal/PhIRE/ttk_runs_fixed/cnn/pd/cnn_SR_s69_speed_p160_x0_y0_pd_port_0.vtu,7d082cd2ad67fcb13c0d7167ca3cc3201797e7359be0584ac3c93d4a832ac03d,565,565,0,1,5.150634765625,5.151159763336182,0.0005249977111816406,0,1,4712,4552,72,29,72,28,identity,72,29,72,28,5.150634765625,5.150634765625,5.150634765625,5.151159763336182
pretrained_cnn,SR,/home/adadhwal/PhIRE/ttk_runs_fixed/cnn/pd/cnn_SR_s69_speed_p160_x0_y0_pd_port_0.vtu,7d082cd2ad67fcb13c0d7167ca3cc3201797e7359be0584ac3c93d4a832ac03d,566,566,0,1,5.152292728424072,5.217879772186279,0.06558704376220703,0,1,11455,11296,95,71,96,70,identity,95,71,96,70,5.152292728424072,5.152292728424072,5.152292728424072,5.217879772186279
pretrained_cnn,SR,/home/adadhwal/PhIRE/ttk_runs_fixed/cnn/pd/cnn_SR_s69_speed_p160_x0_y0_pd_port_0.vtu,7d082cd2ad67fcb13c0d7167ca3cc3201797e7359be0584ac3c93d4a832ac03d,567,567,0,1,5.156918048858643,5.200912952423096,0.043994903564453125,0,1,3556,3396,36,22,36,21,identity,36,22,36,21,5.156918048858643,5.156918048858643,5.156918048858643,5.200912952423096
pretrained_cnn,SR,/home/adadhwal/PhIRE/ttk_runs_fixed/cnn/pd/cnn_SR_s69_speed_p160_x0_y0_pd_port_0.vtu,7d082cd2ad67fcb13c0d7167ca3cc3201797e7359be0584ac3c93d4a832ac03d,568,568,1,1,5.161440849304199,5.412134170532227,0.25069332122802734,2,3,4177,4497,17,26,17,28,identity,17,26,17,28,5.161440849304199,5.161440849304199,5.161440849304199,5.412134170532227
pretrained_cnn,SR,/home/adadhwal/PhIRE/ttk_runs_fixed/cnn/pd/cnn_SR_s69_speed_p160_x0_y0_pd_port_0.vtu,7d082cd2ad67fcb13c0d7167ca3cc3201797e7359be0584ac3c93d4a832ac03d,569,569,0,1,5.1615400314331055,5.191082000732422,0.029541969299316406,0,1,11936,12097,96,74,97,75,identity,96,74,97,75,5.1615400314331055,5.1615400314331055,5.1615400314331055,5.191082000732422
pretrained_cnn,SR,/home/adadhwal/PhIRE/ttk_runs_fixed/cnn/pd/cnn_SR_s69_speed_p160_x0_y0_pd_port_0.vtu,7d082cd2ad67fcb13c0d7167ca3cc3201797e7359be0584ac3c93d4a832ac03d,570,570,1,1,5.1636881828308105,5.242659568786621,0.07897138595581055,2,3,19905,20224,65,124,64,126,identity,65,124,64,126,5.1636881828308105,5.1636881828308105,5.1636881828308105,5.242659568786621
pretrained_cnn,SR,/home/adadhwal/PhIRE/ttk_runs_fixed/cnn/pd/cnn_SR_s69_speed_p160_x0_y0_pd_port_0.vtu,7d082cd2ad67fcb13c0d7167ca3cc3201797e7359be0584ac3c93d4a832ac03d,571,571,1,1,5.177619934082031,5.740708351135254,0.5630884170532227,2,3,11619,11622,99,72,102,72,identity,99,72,102,72,5.177619934082031,5.177619934082031,5.177619934082031,5.740708351135254
pretrained_cnn,SR,/home/adadhwal/PhIRE/ttk_runs_fixed/cnn/pd/cnn_SR_s69_speed_p160_x0_y0_pd_port_0.vtu,7d082cd2ad67fcb13c0d7167ca3cc3201797e7359be0584ac3c93d4a832ac03d,572,572,0,1,5.180507659912109,5.198470115661621,0.01796245574951172,0,1,18305,18304,65,114,64,114,identity,65,114,64,114,5.180507659912109,5.180507659912109,5.180507659912109,5.198470115661621
pretrained_cnn,SR,/home/adadhwal/PhIRE/ttk_runs_fixed/cnn/pd/cnn_SR_s69_speed_p160_x0_y0_pd_port_0.vtu,7d082cd2ad67fcb13c0d7167ca3cc3201797e7359be0584ac3c93d4a832ac03d,573,573,0,1,5.186224937438965,5.199391841888428,0.01316690444946289,0,1,23448,23768,88,146,88,148,identity,88,146,88,148,5.186224937438965,5.186224937438965,5.186224937438965,5.199391841888428
pretrained_cnn,SR,/home/adadhwal/PhIRE/ttk_runs_fixed/cnn/pd/cnn_SR_s69_speed_p160_x0_y0_pd_port_0.vtu,7d082cd2ad67fcb13c0d7167ca3cc3201797e7359be0584ac3c93d4a832ac03d,574,574,0,1,5.186244010925293,5.248601913452148,0.06235790252685547,0,1,23118,23597,78,144,77,147,identity,78,144,77,147,5.186244010925293,5.186244010925293,5.186244010925293,5.248601913452148
pretrained_cnn,SR,/home/adadhwal/PhIRE/ttk_runs_fixed/cnn/pd/cnn_SR_s69_speed_p160_x0_y0_pd_port_0.vtu,7d082cd2ad67fcb13c0d7167ca3cc3201797e7359be0584ac3c93d4a832ac03d,575,575,0,1,5.186901569366455,5.1959147453308105,0.009013175964355469,0,1,17984,17983,64,112,63,112,identity,64,112,63,112,5.186901569366455,5.186901569366455,5.186901569366455,5.1959147453308105
pretrained_cnn,SR,/home/adadhwal/PhIRE/ttk_runs_fixed/cnn/pd/cnn_SR_s69_speed_p160_x0_y0_pd_port_0.vtu,7d082cd2ad67fcb13c0d7167ca3cc3201797e7359be0584ac3c93d4a832ac03d,576,576,1,1,5.189651012420654,5.204891681671143,0.015240669250488281,2,3,19588,19746,68,122,66,123,identity,68,122,66,123,5.189651012420654,5.189651012420654,5.189651012420654,5.204891681671143
pretrained_cnn,SR,/home/adadhwal/PhIRE/ttk_runs_fixed/cnn/pd/cnn_SR_s69_speed_p160_x0_y0_pd_port_0.vtu,7d082cd2ad67fcb13c0d7167ca3cc3201797e7359be0584ac3c93d4a832ac03d,577,577,0,1,5.208844184875488,5.3386430740356445,0.12979888916015625,0,1,10537,10696,137,65,136,66,identity,137,65,136,66,5.208844184875488,5.208844184875488,5.208844184875488,5.3386430740356445
pretrained_cnn,SR,/home/adadhwal/PhIRE/ttk_runs_fixed/cnn/pd/cnn_SR_s69_speed_p160_x0_y0_pd_port_0.vtu,7d082cd2ad67fcb13c0d7167ca3cc3201797e7359be0584ac3c93d4a832ac03d,578,578,1,1,5.213293075561523,5.224306106567383,0.011013031005859375,2,3,18144,18143,64,113,63,113,identity,64,113,63,113,5.213293075561523,5.213293075561523,5.213293075561523,5.224306106567383
pretrained_cnn,SR,/home/adadhwal/PhIRE/ttk_runs_fixed/cnn/pd/cnn_SR_s69_speed_p160_x0_y0_pd_port_0.vtu,7d082cd2ad67fcb13c0d7167ca3cc3201797e7359be0584ac3c93d4a832ac03d,579,579,1,1,5.224304676055908,5.2519073486328125,0.027602672576904297,2,3,22456,22296,56,140,56,139,identity,56,140,56,139,5.224304676055908,5.224304676055908,5.224304676055908,5.2519073486328125
pretrained_cnn,SR,/home/adadhwal/PhIRE/ttk_runs_fixed/cnn/pd/cnn_SR_s69_speed_p160_x0_y0_pd_port_0.vtu,7d082cd2ad67fcb13c0d7167ca3cc3201797e7359be0584ac3c93d4a832ac03d,580,580,0,1,5.228644847869873,5.232740879058838,0.004096031188964844,0,1,23264,23424,64,145,64,146,identity,64,145,64,146,5.228644847869873,5.228644847869873,5.228644847869873,5.232740879058838
pretrained_cnn,SR,/home/adadhwal/PhIRE/ttk_runs_fixed/cnn/pd/cnn_SR_s69_speed_p160_x0_y0_pd_port_0.vtu,7d082cd2ad67fcb13c0d7167ca3cc3201797e7359be0584ac3c93d4a832ac03d,581,581,0,1,5.2324957847595215,5.339041233062744,0.10654544830322266,0,1,1115,794,155,6,154,4,identity,155,6,154,4,5.2324957847595215,5.2324957847595215,5.2324957847595215,5.339041233062744
pretrained_cnn,SR,/home/adadhwal/PhIRE/ttk_runs_fixed/cnn/pd/cnn_SR_s69_speed_p160_x0_y0_pd_port_0.vtu,7d082cd2ad67fcb13c0d7167ca3cc3201797e7359be0584ac3c93d4a832ac03d,582,582,1,1,5.241443157196045,5.281925201416016,0.0404820442199707,2,3,9276,9116,156,57,156,56,identity,156,57,156,56,5.241443157196045,5.241443157196045,5.241443157196045,5.281925201416016
pretrained_cnn,SR,/home/adadhwal/PhIRE/ttk_runs_fixed/cnn/pd/cnn_SR_s69_speed_p160_x0_y0_pd_port_0.vtu,7d082cd2ad67fcb13c0d7167ca3cc3201797e7359be0584ac3c93d4a832ac03d,583,583,0,1,5.259269714355469,5.311440467834473,0.052170753479003906,0,1,18149,18148,69,113,68,113,identity,69,113,68,113,5.259269714355469,5.259269714355469,5.259269714355469,5.311440467834473
pretrained_cnn,SR,/home/adadhwal/PhIRE/ttk_runs_fixed/cnn/pd/cnn_SR_s69_speed_p160_x0_y0_pd_port_0.vtu,7d082cd2ad67fcb13c0d7167ca3cc3201797e7359be0584ac3c93d4a832ac03d,584,584,1,1,5.261970520019531,5.559942245483398,0.2979717254638672,2,3,3699,3857,19,23,17,24,identity,19,23,17,24,5.261970520019531,5.261970520019531,5.261970520019531,5.559942245483398
pretrained_cnn,SR,/home/adadhwal/PhIRE/ttk_runs_fixed/cnn/pd/cnn_SR_s69_speed_p160_x0_y0_pd_port_0.vtu,7d082cd2ad67fcb13c0d7167ca3cc3201797e7359be0584ac3c93d4a832ac03d,585,585,1,1,5.266824722290039,5.323790550231934,0.05696582794189453,2,3,6362,6202,122,39,122,38,identity,122,39,122,38,5.266824722290039,5.266824722290039,5.266824722290039,5.323790550231934
pretrained_cnn,SR,/home/adadhwal/PhIRE/ttk_runs_fixed/cnn/pd/cnn_SR_s69_speed_p160_x0_y0_pd_port_0.vtu,7d082cd2ad67fcb13c0d7167ca3cc3201797e7359be0584ac3c93d4a832ac03d,586,586,0,1,5.279707431793213,5.28157377243042,0.0018663406372070312,0,1,13529,13528,89,84,88,84,identity,89,84,88,84,5.279707431793213,5.279707431793213,5.279707431793213,5.28157377243042
pretrained_cnn,SR,/home/adadhwal/PhIRE/ttk_runs_fixed/cnn/pd/cnn_SR_s69_speed_p160_x0_y0_pd_port_0.vtu,7d082cd2ad67fcb13c0d7167ca3cc3201797e7359be0584ac3c93d4a832ac03d,587,587,1,1,5.286485195159912,5.351006984710693,0.06452178955078125,2,3,4817,4977,17,30,17,31,identity,17,30,17,31,5.286485195159912,5.286485195159912,5.286485195159912,5.351006984710693
pretrained_cnn,SR,/home/adadhwal/PhIRE/ttk_runs_fixed/cnn/pd/cnn_SR_s69_speed_p160_x0_y0_pd_port_0.vtu,7d082cd2ad67fcb13c0d7167ca3cc3201797e7359be0584ac3c93d4a832ac03d,588,588,1,1,5.301319599151611,5.326464653015137,0.02514505386352539,2,3,23115,22956,75,144,76,143,identity,75,144,76,143,5.301319599151611,5.301319599151611,5.301319599151611,5.326464653015137
pretrained_cnn,SR,/home/adadhwal/PhIRE/ttk_runs_fixed/cnn/pd/cnn_SR_s69_speed_p160_x0_y0_pd_port_0.vtu,7d082cd2ad67fcb13c0d7167ca3cc3201797e7359be0584ac3c93d4a832ac03d,589,589,1,1,5.307624340057373,5.608975410461426,0.30135107040405273,2,3,23106,23099,66,144,59,144,identity,66,144,59,144,5.307624340057373,5.307624340057373,5.307624340057373,5.608975410461426
pretrained_cnn,SR,/home/adadhwal/PhIRE/ttk_runs_fixed/cnn/pd/cnn_SR_s69_speed_p160_x0_y0_pd_port_0.vtu,7d082cd2ad67fcb13c0d7167ca3cc3201797e7359be0584ac3c93d4a832ac03d,590,590,0,1,5.30976676940918,5.313010215759277,0.0032434463500976562,0,1,178,338,18,1,18,2,identity,18,1,18,2,5.30976676940918,5.30976676940918,5.30976676940918,5.313010215759277
pretrained_cnn,SR,/home/adadhwal/PhIRE/ttk_runs_fixed/cnn/pd/cnn_SR_s69_speed_p160_x0_y0_pd_port_0.vtu,7d082cd2ad67fcb13c0d7167ca3cc3201797e7359be0584ac3c93d4a832ac03d,591,591,0,1,5.312778949737549,5.337954044342041,0.025175094604492188,0,1,25522,25362,82,159,82,158,identity,82,159,82,158,5.312778949737549,5.312778949737549,5.312778949737549,5.337954044342041
pretrained_cnn,SR,/home/adadhwal/PhIRE/ttk_runs_fixed/cnn/pd/cnn_SR_s69_speed_p160_x0_y0_pd_port_0.vtu,7d082cd2ad67fcb13c0d7167ca3cc3201797e7359be0584ac3c93d4a832ac03d,592,592,1,1,5.312938213348389,5.4078569412231445,0.09491872787475586,2,3,23748,23426,68,148,66,146,identity,68,148,66,146,5.312938213348389,5.312938213348389,5.312938213348389,5.4078569412231445
pretrained_cnn,SR,/home/adadhwal/PhIRE/ttk_runs_fixed/cnn/pd/cnn_SR_s69_speed_p160_x0_y0_pd_port_0.vtu,7d082cd2ad67fcb13c0d7167ca3cc3201797e7359be0584ac3c93d4a832ac03d,593,593,0,1,5.313025951385498,5.365505218505859,0.05247926712036133,0,1,19345,19184,145,120,144,119,identity,145,120,144,119,5.313025951385498,5.313025951385498,5.313025951385498,5.365505218505859
pretrained_cnn,SR,/home/adadhwal/PhIRE/ttk_runs_fixed/cnn/pd/cnn_SR_s69_speed_p160_x0_y0_pd_port_0.vtu,7d082cd2ad67fcb13c0d7167ca3cc3201797e7359be0584ac3c93d4a832ac03d,594,594,1,1,5.3231282234191895,5.346384525299072,0.023256301879882812,2,3,18468,18308,68,115,68,114,identity,68,115,68,114,5.3231282234191895,5.3231282234191895,5.3231282234191895,5.346384525299072
pretrained_cnn,SR,/home/adadhwal/PhIRE/ttk_runs_fixed/cnn/pd/cnn_SR_s69_speed_p160_x0_y0_pd_port_0.vtu,7d082cd2ad67fcb13c0d7167ca3cc3201797e7359be0584ac3c93d4a832ac03d,595,595,1,1,5.329809188842773,5.365842342376709,0.03603315353393555,2,3,6165,6164,85,38,84,38,identity,85,38,84,38,5.329809188842773,5.329809188842773,5.329809188842773,5.365842342376709
pretrained_cnn,SR,/home/adadhwal/PhIRE/ttk_runs_fixed/cnn/pd/cnn_SR_s69_speed_p160_x0_y0_pd_port_0.vtu,7d082cd2ad67fcb13c0d7167ca3cc3201797e7359be0584ac3c93d4a832ac03d,596,596,0,1,5.330028057098389,5.336425304412842,0.006397247314453125,0,1,23282,23281,82,145,81,145,identity,82,145,81,145,5.330028057098389,5.330028057098389,5.330028057098389,5.336425304412842
pretrained_cnn,SR,/home/adadhwal/PhIRE/ttk_runs_fixed/cnn/pd/cnn_SR_s69_speed_p160_x0_y0_pd_port_0.vtu,7d082cd2ad67fcb13c0d7167ca3cc3201797e7359be0584ac3c93d4a832ac03d,597,597,0,1,5.3355817794799805,5.341170787811279,0.005589008331298828,0,1,8773,8774,133,54,134,54,identity,133,54,134,54,5.3355817794799805,5.3355817794799805,5.3355817794799805,5.341170787811279
pretrained_cnn,SR,/home/adadhwal/PhIRE/ttk_runs_fixed/cnn/pd/cnn_SR_s69_speed_p160_x0_y0_pd_port_0.vtu,7d082cd2ad67fcb13c0d7167ca3cc3201797e7359be0584ac3c93d4a832ac03d,598,598,1,1,5.335626602172852,5.539069652557373,0.20344305038452148,2,3,11776,11617,96,73,97,72,identity,96,73,97,72,5.335626602172852,5.335626602172852,5.335626602172852,5.539069652557373
pretrained_cnn,SR,/home/adadhwal/PhIRE/ttk_runs_fixed/cnn/pd/cnn_SR_s69_speed_p160_x0_y0_pd_port_0.vtu,7d082cd2ad67fcb13c0d7167ca3cc3201797e7359be0584ac3c93d4a832ac03d,599,599,0,1,5.338599681854248,5.344931125640869,0.006331443786621094,0,1,23284,23444,84,145,84,146,identity,84,145,84,146,5.338599681854248,5.338599681854248,5.338599681854248,5.344931125640869
pretrained_cnn,SR,/home/adadhwal/PhIRE/ttk_runs_fixed/cnn/pd/cnn_SR_s69_speed_p160_x0_y0_pd_port_0.vtu,7d082cd2ad67fcb13c0d7167ca3cc3201797e7359be0584ac3c93d4a832ac03d,600,600,1,1,5.342935085296631,5.371783256530762,0.02884817123413086,2,3,23270,23111,70,145,71,144,identity,70,145,71,144,5.342935085296631,5.342935085296631,5.342935085296631,5.371783256530762
pretrained_cnn,SR,/home/adadhwal/PhIRE/ttk_runs_fixed/cnn/pd/cnn_SR_s69_speed_p160_x0_y0_pd_port_0.vtu,7d082cd2ad67fcb13c0d7167ca3cc3201797e7359be0584ac3c93d4a832ac03d,601,601,0,1,5.346735954284668,5.381739616394043,0.035003662109375,0,1,2878,2877,158,17,157,17,identity,158,17,157,17,5.346735954284668,5.346735954284668,5.346735954284668,5.381739616394043
pretrained_cnn,SR,/home/adadhwal/PhIRE/ttk_runs_fixed/cnn/pd/cnn_SR_s69_speed_p160_x0_y0_pd_port_0.vtu,7d082cd2ad67fcb13c0d7167ca3cc3201797e7359be0584ac3c93d4a832ac03d,602,602,0,1,5.364084243774414,5.638522624969482,0.27443838119506836,0,1,7036,7035,156,43,155,43,identity,156,43,155,43,5.364084243774414,5.364084243774414,5.364084243774414,5.638522624969482
pretrained_cnn,SR,/home/adadhwal/PhIRE/ttk_runs_fixed/cnn/pd/cnn_SR_s69_speed_p160_x0_y0_pd_port_0.vtu,7d082cd2ad67fcb13c0d7167ca3cc3201797e7359be0584ac3c93d4a832ac03d,603,603,0,1,5.365584373474121,5.682249069213867,0.3166646957397461,0,1,9014,8853,54,56,53,55,identity,54,56,53,55,5.365584373474121,5.365584373474121,5.365584373474121,5.682249069213867
pretrained_cnn,SR,/home/adadhwal/PhIRE/ttk_runs_fixed/cnn/pd/cnn_SR_s69_speed_p160_x0_y0_pd_port_0.vtu,7d082cd2ad67fcb13c0d7167ca3cc3201797e7359be0584ac3c93d4a832ac03d,604,604,1,1,5.379054069519043,5.388964653015137,0.00991058349609375,2,3,9991,10150,71,62,70,63,identity,71,62,70,63,5.379054069519043,5.379054069519043,5.379054069519043,5.388964653015137
pretrained_cnn,SR,/home/adadhwal/PhIRE/ttk_runs_fixed/cnn/pd/cnn_SR_s69_speed_p160_x0_y0_pd_port_0.vtu,7d082cd2ad67fcb13c0d7167ca3cc3201797e7359be0584ac3c93d4a832ac03d,605,605,0,1,5.384828090667725,6.232551097869873,0.8477230072021484,0,1,11823,11659,143,73,139,72,identity,143,73,139,72,5.384828090667725,5.384828090667725,5.384828090667725,6.232551097869873
pretrained_cnn,SR,/home/adadhwal/PhIRE/ttk_runs_fixed/cnn/pd/cnn_SR_s69_speed_p160_x0_y0_pd_port_0.vtu,7d082cd2ad67fcb13c0d7167ca3cc3201797e7359be0584ac3c93d4a832ac03d,606,606,0,1,5.389183521270752,5.495092391967773,0.10590887069702148,0,1,1130,1290,10,7,10,8,identity,10,7,10,8,5.389183521270752,5.389183521270752,5.389183521270752,5.495092391967773
pretrained_cnn,SR,/home/adadhwal/PhIRE/ttk_runs_fixed/cnn/pd/cnn_SR_s69_speed_p160_x0_y0_pd_port_0.vtu,7d082cd2ad67fcb13c0d7167ca3cc3201797e7359be0584ac3c93d4a832ac03d,607,607,1,1,5.392168045043945,5.916003704071045,0.5238356590270996,2,3,24878,24711,78,155,71,154,identity,78,155,71,154,5.392168045043945,5.392168045043945,5.392168045043945,5.916003704071045
pretrained_cnn,SR,/home/adadhwal/PhIRE/ttk_runs_fixed/cnn/pd/cnn_SR_s69_speed_p160_x0_y0_pd_port_0.vtu,7d082cd2ad67fcb13c0d7167ca3cc3201797e7359be0584ac3c93d4a832ac03d,608,608,0,1,5.3942646980285645,5.5737528800964355,0.1794881820678711,0,1,15804,15642,124,98,122,97,identity,124,98,122,97,5.3942646980285645,5.3942646980285645,5.3942646980285645,5.5737528800964355
pretrained_cnn,SR,/home/adadhwal/PhIRE/ttk_runs_fixed/cnn/pd/cnn_SR_s69_speed_p160_x0_y0_pd_port_0.vtu,7d082cd2ad67fcb13c0d7167ca3cc3201797e7359be0584ac3c93d4a832ac03d,609,609,1,1,5.401035308837891,5.533200263977051,0.13216495513916016,2,3,2277,2276,37,14,36,14,identity,37,14,36,14,5.401035308837891,5.401035308837891,5.401035308837891,5.533200263977051
pretrained_cnn,SR,/home/adadhwal/PhIRE/ttk_runs_fixed/cnn/pd/cnn_SR_s69_speed_p160_x0_y0_pd_port_0.vtu,7d082cd2ad67fcb13c0d7167ca3cc3201797e7359be0584ac3c93d4a832ac03d,610,610,1,1,5.408025741577148,6.706906318664551,1.2988805770874023,2,3,7183,6380,143,44,140,39,identity,143,44,140,39,5.408025741577148,5.408025741577148,5.408025741577148,6.706906318664551
pretrained_cnn,SR,/home/adadhwal/PhIRE/ttk_runs_fixed/cnn/pd/cnn_SR_s69_speed_p160_x0_y0_pd_port_0.vtu,7d082cd2ad67fcb13c0d7167ca3cc3201797e7359be0584ac3c93d4a832ac03d,611,611,0,1,5.428102970123291,5.605803489685059,0.17770051956176758,0,1,3240,3401,40,20,41,21,identity,40,20,41,21,5.428102970123291,5.428102970123291,5.428102970123291,5.605803489685059
pretrained_cnn,SR,/home/adadhwal/PhIRE/ttk_runs_fixed/cnn/pd/cnn_SR_s69_speed_p160_x0_y0_pd_port_0.vtu,7d082cd2ad67fcb13c0d7167ca3cc3201797e7359be0584ac3c93d4a832ac03d,612,612,0,1,5.429771900177002,5.44584846496582,0.01607656478881836,0,1,3242,3241,42,20,41,20,identity,42,20,41,20,5.429771900177002,5.429771900177002,5.429771900177002,5.44584846496582
pretrained_cnn,SR,/home/adadhwal/PhIRE/ttk_runs_fixed/cnn/pd/cnn_SR_s69_speed_p160_x0_y0_pd_port_0.vtu,7d082cd2ad67fcb13c0d7167ca3cc3201797e7359be0584ac3c93d4a832ac03d,613,613,1,1,5.437738418579102,5.869309425354004,0.43157100677490234,2,3,24405,24401,85,152,81,152,identity,85,152,81,152,5.437738418579102,5.437738418579102,5.437738418579102,5.869309425354004
pretrained_cnn,SR,/home/adadhwal/PhIRE/ttk_runs_fixed/cnn/pd/cnn_SR_s69_speed_p160_x0_y0_pd_port_0.vtu,7d082cd2ad67fcb13c0d7167ca3cc3201797e7359be0584ac3c93d4a832ac03d,614,614,0,1,5.4471306800842285,6.0916242599487305,0.644493579864502,0,1,17204,16089,84,107,89,100,identity,84,107,89,100,5.4471306800842285,5.4471306800842285,5.4471306800842285,6.0916242599487305
pretrained_cnn,SR,/home/adadhwal/PhIRE/ttk_runs_fixed/cnn/pd/cnn_SR_s69_speed_p160_x0_y0_pd_port_0.vtu,7d082cd2ad67fcb13c0d7167ca3cc3201797e7359be0584ac3c93d4a832ac03d,615,615,1,1,5.46823787689209,6.236763000488281,0.7685251235961914,2,3,8888,9850,88,55,90,61,identity,88,55,90,61,5.46823787689209,5.46823787689209,5.46823787689209,6.236763000488281
pretrained_cnn,SR,/home/adadhwal/PhIRE/ttk_runs_fixed/cnn/pd/cnn_SR_s69_speed_p160_x0_y0_pd_port_0.vtu,7d082cd2ad67fcb13c0d7167ca3cc3201797e7359be0584ac3c93d4a832ac03d,616,616,0,1,5.475548267364502,7.228522777557373,1.752974510192871,0,1,13598,12790,158,84,150,79,identity,158,84,150,79,5.475548267364502,5.475548267364502,5.475548267364502,7.228522777557373
pretrained_cnn,SR,/home/adadhwal/PhIRE/ttk_runs_fixed/cnn/pd/cnn_SR_s69_speed_p160_x0_y0_pd_port_0.vtu,7d082cd2ad67fcb13c0d7167ca3cc3201797e7359be0584ac3c93d4a832ac03d,617,617,1,1,5.4835028648376465,5.534463405609131,0.050960540771484375,2,3,24875,24876,75,155,76,155,identity,75,155,76,155,5.4835028648376465,5.4835028648376465,5.4835028648376465,5.534463405609131
pretrained_cnn,SR,/home/adadhwal/PhIRE/ttk_runs_fixed/cnn/pd/cnn_SR_s69_speed_p160_x0_y0_pd_port_0.vtu,7d082cd2ad67fcb13c0d7167ca3cc3201797e7359be0584ac3c93d4a832ac03d,618,618,1,1,5.486569404602051,6.835423946380615,1.3488545417785645,2,3,13089,12765,129,81,125,79,identity,129,81,125,79,5.486569404602051,5.486569404602051,5.486569404602051,6.835423946380615
pretrained_cnn,SR,/home/adadhwal/PhIRE/ttk_runs_fixed/cnn/pd/cnn_SR_s69_speed_p160_x0_y0_pd_port_0.vtu,7d082cd2ad67fcb13c0d7167ca3cc3201797e7359be0584ac3c93d4a832ac03d,619,619,0,1,5.4956536293029785,6.316044330596924,0.8203907012939453,0,1,327,807,7,2,7,5,identity,7,2,7,5,5.4956536293029785,5.4956536293029785,5.4956536293029785,6.316044330596924
pretrained_cnn,SR,/home/adadhwal/PhIRE/ttk_runs_fixed/cnn/pd/cnn_SR_s69_speed_p160_x0_y0_pd_port_0.vtu,7d082cd2ad67fcb13c0d7167ca3cc3201797e7359be0584ac3c93d4a832ac03d,620,620,1,1,5.500095367431641,6.4785966873168945,0.9785013198852539,2,3,3219,3057,19,20,17,19,identity,19,20,17,19,5.500095367431641,5.500095367431641,5.500095367431641,6.4785966873168945
pretrained_cnn,SR,/home/adadhwal/PhIRE/ttk_runs_fixed/cnn/pd/cnn_SR_s69_speed_p160_x0_y0_pd_port_0.vtu,7d082cd2ad67fcb13c0d7167ca3cc3201797e7359be0584ac3c93d4a832ac03d,621,621,0,1,5.507468223571777,5.968840599060059,0.46137237548828125,0,1,10875,10715,155,67,155,66,identity,155,67,155,66,5.507468223571777,5.507468223571777,5.507468223571777,5.968840599060059
pretrained_cnn,SR,/home/adadhwal/PhIRE/ttk_runs_fixed/cnn/pd/cnn_SR_s69_speed_p160_x0_y0_pd_port_0.vtu,7d082cd2ad67fcb13c0d7167ca3cc3201797e7359be0584ac3c93d4a832ac03d,622,622,1,1,5.508415699005127,5.670124530792236,0.16170883178710938,2,3,6862,7022,142,42,142,43,identity,142,42,142,43,5.508415699005127,5.508415699005127,5.508415699005127,5.670124530792236
pretrained_cnn,SR,/home/adadhwal/PhIRE/ttk_runs_fixed/cnn/pd/cnn_SR_s69_speed_p160_x0_y0_pd_port_0.vtu,7d082cd2ad67fcb13c0d7167ca3cc3201797e7359be0584ac3c93d4a832ac03d,623,623,1,1,5.5231404304504395,5.536369800567627,0.0132293701171875,2,3,3380,3379,20,21,19,21,identity,20,21,19,21,5.5231404304504395,5.5231404304504395,5.5231404304504395,5.536369800567627
pretrained_cnn,SR,/home/adadhwal/PhIRE/ttk_runs_fixed/cnn/pd/cnn_SR_s69_speed_p160_x0_y0_pd_port_0.vtu,7d082cd2ad67fcb13c0d7167ca3cc3201797e7359be0584ac3c93d4a832ac03d,624,624,1,1,5.526602745056152,5.5302863121032715,0.0036835670471191406,2,3,5261,5260,141,32,140,32,identity,141,32,140,32,5.526602745056152,5.526602745056152,5.526602745056152,5.5302863121032715
pretrained_cnn,SR,/home/adadhwal/PhIRE/ttk_runs_fixed/cnn/pd/cnn_SR_s69_speed_p160_x0_y0_pd_port_0.vtu,7d082cd2ad67fcb13c0d7167ca3cc3201797e7359be0584ac3c93d4a832ac03d,625,625,1,1,5.536369323730469,5.5377116203308105,0.0013422966003417969,2,3,22778,22619,58,142,59,141,identity,58,142,59,141,5.536369323730469,5.536369323730469,5.536369323730469,5.5377116203308105
pretrained_cnn,SR,/home/adadhwal/PhIRE/ttk_runs_fixed/cnn/pd/cnn_SR_s69_speed_p160_x0_y0_pd_port_0.vtu,7d082cd2ad67fcb13c0d7167ca3cc3201797e7359be0584ac3c93d4a832ac03d,626,626,0,1,5.536390781402588,5.545187473297119,0.00879669189453125,0,1,5502,5342,62,34,62,33,identity,62,34,62,33,5.536390781402588,5.536390781402588,5.536390781402588,5.545187473297119
pretrained_cnn,SR,/home/adadhwal/PhIRE/ttk_runs_fixed/cnn/pd/cnn_SR_s69_speed_p160_x0_y0_pd_port_0.vtu,7d082cd2ad67fcb13c0d7167ca3cc3201797e7359be0584ac3c93d4a832ac03d,627,627,1,1,5.537460803985596,5.719954013824463,0.1824932098388672,2,3,12271,12111,111,76,111,75,identity,111,76,111,75,5.537460803985596,5.537460803985596,5.537460803985596,5.719954013824463
pretrained_cnn,SR,/home/adadhwal/PhIRE/ttk_runs_fixed/cnn/pd/cnn_SR_s69_speed_p160_x0_y0_pd_port_0.vtu,7d082cd2ad67fcb13c0d7167ca3cc3201797e7359be0584ac3c93d4a832ac03d,628,628,0,1,5.538033962249756,5.885970592498779,0.34793663024902344,0,1,5352,5192,72,33,72,32,identity,72,33,72,32,5.538033962249756,5.538033962249756,5.538033962249756,5.885970592498779
pretrained_cnn,SR,/home/adadhwal/PhIRE/ttk_runs_fixed/cnn/pd/cnn_SR_s69_speed_p160_x0_y0_pd_port_0.vtu,7d082cd2ad67fcb13c0d7167ca3cc3201797e7359be0584ac3c93d4a832ac03d,629,629,0,1,5.545353412628174,5.596407413482666,0.05105400085449219,0,1,8612,8772,132,53,132,54,identity,132,53,132,54,5.545353412628174,5.545353412628174,5.545353412628174,5.596407413482666
pretrained_cnn,SR,/home/adadhwal/PhIRE/ttk_runs_fixed/cnn/pd/cnn_SR_s69_speed_p160_x0_y0_pd_port_0.vtu,7d082cd2ad67fcb13c0d7167ca3cc3201797e7359be0584ac3c93d4a832ac03d,630,630,1,1,5.550167560577393,6.775129318237305,1.224961757659912,2,3,991,1316,31,6,36,8,identity,31,6,36,8,5.550167560577393,5.550167560577393,5.550167560577393,6.775129318237305
pretrained_cnn,SR,/home/adadhwal/PhIRE/ttk_runs_fixed/cnn/pd/cnn_SR_s69_speed_p160_x0_y0_pd_port_0.vtu,7d082cd2ad67fcb13c0d7167ca3cc3201797e7359be0584ac3c93d4a832ac03d,631,631,1,1,5.555963516235352,5.6034722328186035,0.04750871658325195,2,3,14683,14682,123,91,122,91,identity,123,91,122,91,5.555963516235352,5.555963516235352,5.555963516235352,5.6034722328186035
pretrained_cnn,SR,/home/adadhwal/PhIRE/ttk_runs_fixed/cnn/pd/cnn_SR_s69_speed_p160_x0_y0_pd_port_0.vtu,7d082cd2ad67fcb13c0d7167ca3cc3201797e7359be0584ac3c93d4a832ac03d,632,632,1,1,5.5593581199646,5.5669331550598145,0.007575035095214844,2,3,6844,7004,124,42,124,43,identity,124,42,124,43,5.5593581199646,5.5593581199646,5.5593581199646,5.5669331550598145
pretrained_cnn,SR,/home/adadhwal/PhIRE/ttk_runs_fixed/cnn/pd/cnn_SR_s69_speed_p160_x0_y0_pd_port_0.vtu,7d082cd2ad67fcb13c0d7167ca3cc3201797e7359be0584ac3c93d4a832ac03d,633,633,1,1,5.572776794433594,5.716877460479736,0.14410066604614258,2,3,3223,3383,23,20,23,21,identity,23,20,23,21,5.572776794433594,5.572776794433594,5.572776794433594,5.716877460479736
pretrained_cnn,SR,/home/adadhwal/PhIRE/ttk_runs_fixed/cnn/pd/cnn_SR_s69_speed_p160_x0_y0_pd_port_0.vtu,7d082cd2ad67fcb13c0d7167ca3cc3201797e7359be0584ac3c93d4a832ac03d,634,634,1,1,5.582681655883789,5.713629245758057,0.13094758987426758,2,3,3382,3540,22,21,20,22,identity,22,21,20,22,5.582681655883789,5.582681655883789,5.582681655883789,5.713629245758057
pretrained_cnn,SR,/home/adadhwal/PhIRE/ttk_runs_fixed/cnn/pd/cnn_SR_s69_speed_p160_x0_y0_pd_port_0.vtu,7d082cd2ad67fcb13c0d7167ca3cc3201797e7359be0584ac3c93d4a832ac03d,635,635,1,1,5.585363864898682,5.593995094299316,0.008631229400634766,2,3,23098,22938,58,144,58,143,identity,58,144,58,143,5.585363864898682,5.585363864898682,5.585363864898682,5.593995094299316
pretrained_cnn,SR,/home/adadhwal/PhIRE/ttk_runs_fixed/cnn/pd/cnn_SR_s69_speed_p160_x0_y0_pd_port_0.vtu,7d082cd2ad67fcb13c0d7167ca3cc3201797e7359be0584ac3c93d4a832ac03d,636,636,1,1,5.5854387283325195,5.658109188079834,0.07267045974731445,2,3,24072,23752,72,150,72,148,identity,72,150,72,148,5.5854387283325195,5.5854387283325195,5.5854387283325195,5.658109188079834
pretrained_cnn,SR,/home/adadhwal/PhIRE/ttk_runs_fixed/cnn/pd/cnn_SR_s69_speed_p160_x0_y0_pd_port_0.vtu,7d082cd2ad67fcb13c0d7167ca3cc3201797e7359be0584ac3c93d4a832ac03d,637,637,1,1,5.595931529998779,5.650763511657715,0.05483198165893555,2,3,23762,23761,82,148,81,148,identity,82,148,81,148,5.595931529998779,5.595931529998779,5.595931529998779,5.650763511657715
pretrained_cnn,SR,/home/adadhwal/PhIRE/ttk_runs_fixed/cnn/pd/cnn_SR_s69_speed_p160_x0_y0_pd_port_0.vtu,7d082cd2ad67fcb13c0d7167ca3cc3201797e7359be0584ac3c93d4a832ac03d,638,638,0,1,5.613147735595703,5.81150484085083,0.19835710525512695,0,1,13435,13437,155,83,157,83,identity,155,83,157,83,5.613147735595703,5.613147735595703,5.613147735595703,5.81150484085083
pretrained_cnn,SR,/home/adadhwal/PhIRE/ttk_runs_fixed/cnn/pd/cnn_SR_s69_speed_p160_x0_y0_pd_port_0.vtu,7d082cd2ad67fcb13c0d7167ca3cc3201797e7359be0584ac3c93d4a832ac03d,639,639,0,1,5.647100925445557,5.650269031524658,0.0031681060791015625,0,1,10713,10553,153,66,153,65,identity,153,66,153,65,5.647100925445557,5.647100925445557,5.647100925445557,5.650269031524658
pretrained_cnn,SR,/home/adadhwal/PhIRE/ttk_runs_fixed/cnn/pd/cnn_SR_s69_speed_p160_x0_y0_pd_port_0.vtu,7d082cd2ad67fcb13c0d7167ca3cc3201797e7359be0584ac3c93d4a832ac03d,640,640,1,1,5.6850152015686035,5.838421821594238,0.15340662002563477,2,3,6697,6696,137,41,136,41,identity,137,41,136,41,5.6850152015686035,5.6850152015686035,5.6850152015686035,5.838421821594238
pretrained_cnn,SR,/home/adadhwal/PhIRE/ttk_runs_fixed/cnn/pd/cnn_SR_s69_speed_p160_x0_y0_pd_port_0.vtu,7d082cd2ad67fcb13c0d7167ca3cc3201797e7359be0584ac3c93d4a832ac03d,641,641,0,1,5.69870662689209,5.69957971572876,0.0008730888366699219,0,1,3359,3199,159,20,159,19,identity,159,20,159,19,5.69870662689209,5.69870662689209,5.69870662689209,5.69957971572876
pretrained_cnn,SR,/home/adadhwal/PhIRE/ttk_runs_fixed/cnn/pd/cnn_SR_s69_speed_p160_x0_y0_pd_port_0.vtu,7d082cd2ad67fcb13c0d7167ca3cc3201797e7359be0584ac3c93d4a832ac03d,642,642,0,1,5.704963684082031,6.059970378875732,0.35500669479370117,0,1,10866,10546,146,67,146,65,identity,146,67,146,65,5.704963684082031,5.704963684082031,5.704963684082031,6.059970378875732
pretrained_cnn,SR,/home/adadhwal/PhIRE/ttk_runs_fixed/cnn/pd/cnn_SR_s69_speed_p160_x0_y0_pd_port_0.vtu,7d082cd2ad67fcb13c0d7167ca3cc3201797e7359be0584ac3c93d4a832ac03d,643,643,0,1,5.707017421722412,5.767557621002197,0.060540199279785156,0,1,2080,2081,0,13,1,13,identity,0,13,1,13,5.707017421722412,5.707017421722412,5.707017421722412,5.767557621002197
pretrained_cnn,SR,/home/adadhwal/PhIRE/ttk_runs_fixed/cnn/pd/cnn_SR_s69_speed_p160_x0_y0_pd_port_0.vtu,7d082cd2ad67fcb13c0d7167ca3cc3201797e7359be0584ac3c93d4a832ac03d,644,644,1,1,5.7082014083862305,5.728982925415039,0.020781517028808594,2,3,1153,993,33,7,33,6,identity,33,7,33,6,5.7082014083862305,5.7082014083862305,5.7082014083862305,5.728982925415039
pretrained_cnn,SR,/home/adadhwal/PhIRE/ttk_runs_fixed/cnn/pd/cnn_SR_s69_speed_p160_x0_y0_pd_port_0.vtu,7d082cd2ad67fcb13c0d7167ca3cc3201797e7359be0584ac3c93d4a832ac03d,645,645,0,1,5.710834980010986,5.813779354095459,0.10294437408447266,0,1,12405,12566,85,77,86,78,identity,85,77,86,78,5.710834980010986,5.710834980010986,5.710834980010986,5.813779354095459
pretrained_cnn,SR,/home/adadhwal/PhIRE/ttk_runs_fixed/cnn/pd/cnn_SR_s69_speed_p160_x0_y0_pd_port_0.vtu,7d082cd2ad67fcb13c0d7167ca3cc3201797e7359be0584ac3c93d4a832ac03d,646,646,0,1,5.711017608642578,5.904439926147461,0.1934223175048828,0,1,25377,25054,97,158,94,156,identity,97,158,94,156,5.711017608642578,5.711017608642578,5.711017608642578,5.904439926147461
pretrained_cnn,SR,/home/adadhwal/PhIRE/ttk_runs_fixed/cnn/pd/cnn_SR_s69_speed_p160_x0_y0_pd_port_0.vtu,7d082cd2ad67fcb13c0d7167ca3cc3201797e7359be0584ac3c93d4a832ac03d,647,647,0,1,5.711043834686279,6.097744941711426,0.3867011070251465,0,1,18527,18208,127,115,128,113,identity,127,115,128,113,5.711043834686279,5.711043834686279,5.711043834686279,6.097744941711426
pretrained_cnn,SR,/home/adadhwal/PhIRE/ttk_runs_fixed/cnn/pd/cnn_SR_s69_speed_p160_x0_y0_pd_port_0.vtu,7d082cd2ad67fcb13c0d7167ca3cc3201797e7359be0584ac3c93d4a832ac03d,648,648,0,1,5.7254743576049805,5.885841369628906,0.16036701202392578,0,1,7,167,7,0,7,1,identity,7,0,7,1,5.7254743576049805,5.7254743576049805,5.7254743576049805,5.885841369628906
pretrained_cnn,SR,/home/adadhwal/PhIRE/ttk_runs_fixed/cnn/pd/cnn_SR_s69_speed_p160_x0_y0_pd_port_0.vtu,7d082cd2ad67fcb13c0d7167ca3cc3201797e7359be0584ac3c93d4a832ac03d,649,649,0,1,5.7295241355896,5.742711067199707,0.013186931610107422,0,1,16433,16273,113,102,113,101,identity,113,102,113,101,5.7295241355896,5.7295241355896,5.7295241355896,5.742711067199707
pretrained_cnn,SR,/home/adadhwal/PhIRE/ttk_runs_fixed/cnn/pd/cnn_SR_s69_speed_p160_x0_y0_pd_port_0.vtu,7d082cd2ad67fcb13c0d7167ca3cc3201797e7359be0584ac3c93d4a832ac03d,650,650,0,1,5.747315406799316,5.886019229888916,0.1387038230895996,0,1,10545,10705,145,65,145,66,identity,145,65,145,66,5.747315406799316,5.747315406799316,5.747315406799316,5.886019229888916
pretrained_cnn,SR,/home/adadhwal/PhIRE/ttk_runs_fixed/cnn/pd/cnn_SR_s69_speed_p160_x0_y0_pd_port_0.vtu,7d082cd2ad67fcb13c0d7167ca3cc3201797e7359be0584ac3c93d4a832ac03d,651,651,1,1,5.761669635772705,7.762401580810547,2.000731945037842,2,3,11647,11484,127,72,124,71,identity,127,72,124,71,5.761669635772705,5.761669635772705,5.761669635772705,7.762401580810547
pretrained_cnn,SR,/home/adadhwal/PhIRE/ttk_runs_fixed/cnn/pd/cnn_SR_s69_speed_p160_x0_y0_pd_port_0.vtu,7d082cd2ad67fcb13c0d7167ca3cc3201797e7359be0584ac3c93d4a832ac03d,652,652,0,1,5.7644734382629395,5.891210556030273,0.12673711776733398,0,1,13739,13738,139,85,138,85,identity,139,85,138,85,5.7644734382629395,5.7644734382629395,5.7644734382629395,5.891210556030273
pretrained_cnn,SR,/home/adadhwal/PhIRE/ttk_runs_fixed/cnn/pd/cnn_SR_s69_speed_p160_x0_y0_pd_port_0.vtu,7d082cd2ad67fcb13c0d7167ca3cc3201797e7359be0584ac3c93d4a832ac03d,653,653,0,1,5.766834259033203,5.812893390655518,0.04605913162231445,0,1,11031,10871,151,68,151,67,identity,151,68,151,67,5.766834259033203,5.766834259033203,5.766834259033203,5.812893390655518
pretrained_cnn,SR,/home/adadhwal/PhIRE/ttk_runs_fixed/cnn/pd/cnn_SR_s69_speed_p160_x0_y0_pd_port_0.vtu,7d082cd2ad67fcb13c0d7167ca3cc3201797e7359be0584ac3c93d4a832ac03d,654,654,0,1,5.768740653991699,5.778491497039795,0.009750843048095703,0,1,13741,13740,141,85,140,85,identity,141,85,140,85,5.768740653991699,5.768740653991699,5.768740653991699,5.778491497039795
pretrained_cnn,SR,/home/adadhwal/PhIRE/ttk_runs_fixed/cnn/pd/cnn_SR_s69_speed_p160_x0_y0_pd_port_0.vtu,7d082cd2ad67fcb13c0d7167ca3cc3201797e7359be0584ac3c93d4a832ac03d,655,655,1,1,5.773874282836914,5.8030290603637695,0.02915477752685547,2,3,9518,9678,78,59,78,60,identity,78,59,78,60,5.773874282836914,5.773874282836914,5.773874282836914,5.8030290603637695
pretrained_cnn,SR,/home/adadhwal/PhIRE/ttk_runs_fixed/cnn/pd/cnn_SR_s69_speed_p160_x0_y0_pd_port_0.vtu,7d082cd2ad67fcb13c0d7167ca3cc3201797e7359be0584ac3c93d4a832ac03d,656,656,0,1,5.775007247924805,5.8005757331848145,0.025568485260009766,0,1,3677,3676,157,22,156,22,identity,157,22,156,22,5.775007247924805,5.775007247924805,5.775007247924805,5.8005757331848145
pretrained_cnn,SR,/home/adadhwal/PhIRE/ttk_runs_fixed/cnn/pd/cnn_SR_s69_speed_p160_x0_y0_pd_port_0.vtu,7d082cd2ad67fcb13c0d7167ca3cc3201797e7359be0584ac3c93d4a832ac03d,657,657,1,1,5.818010330200195,6.094456672668457,0.2764463424682617,2,3,3239,3399,39,20,39,21,identity,39,20,39,21,5.818010330200195,5.818010330200195,5.818010330200195,6.094456672668457
pretrained_cnn,SR,/home/adadhwal/PhIRE/ttk_runs_fixed/cnn/pd/cnn_SR_s69_speed_p160_x0_y0_pd_port_0.vtu,7d082cd2ad67fcb13c0d7167ca3cc3201797e7359be0584ac3c93d4a832ac03d,658,658,1,1,5.821225166320801,6.4683308601379395,0.6471056938171387,2,3,6717,6713,157,41,153,41,identity,157,41,153,41,5.821225166320801,5.821225166320801,5.821225166320801,6.4683308601379395
pretrained_cnn,SR,/home/adadhwal/PhIRE/ttk_runs_fixed/cnn/pd/cnn_SR_s69_speed_p160_x0_y0_pd_port_0.vtu,7d082cd2ad67fcb13c0d7167ca3cc3201797e7359be0584ac3c93d4a832ac03d,659,659,1,1,5.83958101272583,5.8399481773376465,0.00036716461181640625,2,3,25050,25049,90,156,89,156,identity,90,156,89,156,5.83958101272583,5.83958101272583,5.83958101272583,5.8399481773376465
pretrained_cnn,SR,/home/adadhwal/PhIRE/ttk_runs_fixed/cnn/pd/cnn_SR_s69_speed_p160_x0_y0_pd_port_0.vtu,7d082cd2ad67fcb13c0d7167ca3cc3201797e7359be0584ac3c93d4a832ac03d,660,660,1,1,5.840301513671875,5.905534267425537,0.06523275375366211,2,3,3836,3674,156,23,154,22,identity,156,23,154,22,5.840301513671875,5.840301513671875,5.840301513671875,5.905534267425537
pretrained_cnn,SR,/home/adadhwal/PhIRE/ttk_runs_fixed/cnn/pd/cnn_SR_s69_speed_p160_x0_y0_pd_port_0.vtu,7d082cd2ad67fcb13c0d7167ca3cc3201797e7359be0584ac3c93d4a832ac03d,661,661,0,1,5.840992450714111,5.911998271942139,0.07100582122802734,0,1,18320,18001,80,114,81,112,identity,80,114,81,112,5.840992450714111,5.840992450714111,5.840992450714111,5.911998271942139
pretrained_cnn,SR,/home/adadhwal/PhIRE/ttk_runs_fixed/cnn/pd/cnn_SR_s69_speed_p160_x0_y0_pd_port_0.vtu,7d082cd2ad67fcb13c0d7167ca3cc3201797e7359be0584ac3c93d4a832ac03d,662,662,0,1,5.854660987854004,5.872236728668213,0.017575740814208984,0,1,25374,25375,94,158,95,158,identity,94,158,95,158,5.854660987854004,5.854660987854004,5.854660987854004,5.872236728668213
pretrained_cnn,SR,/home/adadhwal/PhIRE/ttk_runs_fixed/cnn/pd/cnn_SR_s69_speed_p160_x0_y0_pd_port_0.vtu,7d082cd2ad67fcb13c0d7167ca3cc3201797e7359be0584ac3c93d4a832ac03d,663,663,1,1,5.8945159912109375,5.8964457511901855,0.0019297599792480469,2,3,3675,3835,155,22,155,23,identity,155,22,155,23,5.8945159912109375,5.8945159912109375,5.8945159912109375,5.8964457511901855
pretrained_cnn,SR,/home/adadhwal/PhIRE/ttk_runs_fixed/cnn/pd/cnn_SR_s69_speed_p160_x0_y0_pd_port_0.vtu,7d082cd2ad67fcb13c0d7167ca3cc3201797e7359be0584ac3c93d4a832ac03d,664,664,1,1,5.900174140930176,5.9015631675720215,0.0013890266418457031,2,3,3519,3518,159,21,158,21,identity,159,21,158,21,5.900174140930176,5.900174140930176,5.900174140930176,5.9015631675720215
pretrained_cnn,SR,/home/adadhwal/PhIRE/ttk_runs_fixed/cnn/pd/cnn_SR_s69_speed_p160_x0_y0_pd_port_0.vtu,7d082cd2ad67fcb13c0d7167ca3cc3201797e7359be0584ac3c93d4a832ac03d,665,665,0,1,5.906807899475098,5.924536228179932,0.017728328704833984,0,1,11566,11565,46,72,45,72,identity,46,72,45,72,5.906807899475098,5.906807899475098,5.906807899475098,5.924536228179932
pretrained_cnn,SR,/home/adadhwal/PhIRE/ttk_runs_fixed/cnn/pd/cnn_SR_s69_speed_p160_x0_y0_pd_port_0.vtu,7d082cd2ad67fcb13c0d7167ca3cc3201797e7359be0584ac3c93d4a832ac03d,666,666,0,1,5.909421920776367,6.0221662521362305,0.11274433135986328,0,1,9413,9254,133,58,134,57,identity,133,58,134,57,5.909421920776367,5.909421920776367,5.909421920776367,6.0221662521362305
pretrained_cnn,SR,/home/adadhwal/PhIRE/ttk_runs_fixed/cnn/pd/cnn_SR_s69_speed_p160_x0_y0_pd_port_0.vtu,7d082cd2ad67fcb13c0d7167ca3cc3201797e7359be0584ac3c93d4a832ac03d,667,667,0,1,5.914021015167236,6.003298759460449,0.08927774429321289,0,1,11499,11179,139,71,139,69,identity,139,71,139,69,5.914021015167236,5.914021015167236,5.914021015167236,6.003298759460449
pretrained_cnn,SR,/home/adadhwal/PhIRE/ttk_runs_fixed/cnn/pd/cnn_SR_s69_speed_p160_x0_y0_pd_port_0.vtu,7d082cd2ad67fcb13c0d7167ca3cc3201797e7359be0584ac3c93d4a832ac03d,668,668,0,1,5.922299385070801,5.989225387573242,0.0669260025024414,0,1,7099,7098,59,44,58,44,identity,59,44,58,44,5.922299385070801,5.922299385070801,5.922299385070801,5.989225387573242
pretrained_cnn,SR,/home/adadhwal/PhIRE/ttk_runs_fixed/cnn/pd/cnn_SR_s69_speed_p160_x0_y0_pd_port_0.vtu,7d082cd2ad67fcb13c0d7167ca3cc3201797e7359be0584ac3c93d4a832ac03d,669,669,0,1,5.936089038848877,6.347663879394531,0.4115748405456543,0,1,8071,8073,71,50,73,50,identity,71,50,73,50,5.936089038848877,5.936089038848877,5.936089038848877,6.347663879394531
pretrained_cnn,SR,/home/adadhwal/PhIRE/ttk_runs_fixed/cnn/pd/cnn_SR_s69_speed_p160_x0_y0_pd_port_0.vtu,7d082cd2ad67fcb13c0d7167ca3cc3201797e7359be0584ac3c93d4a832ac03d,670,670,0,1,5.9508867263793945,5.974924087524414,0.02403736114501953,0,1,16247,16566,87,101,86,103,identity,87,101,86,103,5.9508867263793945,5.9508867263793945,5.9508867263793945,5.974924087524414
pretrained_cnn,SR,/home/adadhwal/PhIRE/ttk_runs_fixed/cnn/pd/cnn_SR_s69_speed_p160_x0_y0_pd_port_0.vtu,7d082cd2ad67fcb13c0d7167ca3cc3201797e7359be0584ac3c93d4a832ac03d,671,671,0,1,5.953826904296875,6.241359710693359,0.2875328063964844,0,1,966,1126,6,6,6,7,identity,6,6,6,7,5.953826904296875,5.953826904296875,5.953826904296875,6.241359710693359
pretrained_cnn,SR,/home/adadhwal/PhIRE/ttk_runs_fixed/cnn/pd/cnn_SR_s69_speed_p160_x0_y0_pd_port_0.vtu,7d082cd2ad67fcb13c0d7167ca3cc3201797e7359be0584ac3c93d4a832ac03d,672,672,1,1,5.954494953155518,5.969674110412598,0.015179157257080078,2,3,11885,11725,45,74,45,73,identity,45,74,45,73,5.954494953155518,5.954494953155518,5.954494953155518,5.969674110412598
pretrained_cnn,SR,/home/adadhwal/PhIRE/ttk_runs_fixed/cnn/pd/cnn_SR_s69_speed_p160_x0_y0_pd_port_0.vtu,7d082cd2ad67fcb13c0d7167ca3cc3201797e7359be0584ac3c93d4a832ac03d,673,673,1,1,5.954683780670166,5.957046031951904,0.0023622512817382812,2,3,13331,13491,51,83,51,84,identity,51,83,51,84,5.954683780670166,5.954683780670166,5.954683780670166,5.957046031951904
pretrained_cnn,SR,/home/adadhwal/PhIRE/ttk_runs_fixed/cnn/pd/cnn_SR_s69_speed_p160_x0_y0_pd_port_0.vtu,7d082cd2ad67fcb13c0d7167ca3cc3201797e7359be0584ac3c93d4a832ac03d,674,674,1,1,5.954723358154297,6.053083419799805,0.09836006164550781,2,3,12046,12205,46,75,45,76,identity,46,75,45,76,5.954723358154297,5.954723358154297,5.954723358154297,6.053083419799805
pretrained_cnn,SR,/home/adadhwal/PhIRE/ttk_runs_fixed/cnn/pd/cnn_SR_s69_speed_p160_x0_y0_pd_port_0.vtu,7d082cd2ad67fcb13c0d7167ca3cc3201797e7359be0584ac3c93d4a832ac03d,675,675,0,1,5.9640092849731445,5.966245174407959,0.002235889434814453,0,1,16249,16248,89,101,88,101,identity,89,101,88,101,5.9640092849731445,5.9640092849731445,5.9640092849731445,5.966245174407959
pretrained_cnn,SR,/home/adadhwal/PhIRE/ttk_runs_fixed/cnn/pd/cnn_SR_s69_speed_p160_x0_y0_pd_port_0.vtu,7d082cd2ad67fcb13c0d7167ca3cc3201797e7359be0584ac3c93d4a832ac03d,676,676,0,1,5.9650492668151855,6.0915021896362305,0.12645292282104492,0,1,9410,9568,130,58,128,59,identity,130,58,128,59,5.9650492668151855,5.9650492668151855,5.9650492668151855,6.0915021896362305
pretrained_cnn,SR,/home/adadhwal/PhIRE/ttk_runs_fixed/cnn/pd/cnn_SR_s69_speed_p160_x0_y0_pd_port_0.vtu,7d082cd2ad67fcb13c0d7167ca3cc3201797e7359be0584ac3c93d4a832ac03d,677,677,1,1,5.965453624725342,5.994168281555176,0.028714656829833984,2,3,15165,15005,125,94,125,93,identity,125,94,125,93,5.965453624725342,5.965453624725342,5.965453624725342,5.994168281555176
pretrained_cnn,SR,/home/adadhwal/PhIRE/ttk_runs_fixed/cnn/pd/cnn_SR_s69_speed_p160_x0_y0_pd_port_0.vtu,7d082cd2ad67fcb13c0d7167ca3cc3201797e7359be0584ac3c93d4a832ac03d,678,678,0,1,5.965572834014893,5.966560363769531,0.0009875297546386719,0,1,9730,9570,130,60,130,59,identity,130,60,130,59,5.965572834014893,5.965572834014893,5.965572834014893,5.966560363769531
pretrained_cnn,SR,/home/adadhwal/PhIRE/ttk_runs_fixed/cnn/pd/cnn_SR_s69_speed_p160_x0_y0_pd_port_0.vtu,7d082cd2ad67fcb13c0d7167ca3cc3201797e7359be0584ac3c93d4a832ac03d,679,679,0,1,5.967055320739746,6.054375171661377,0.08731985092163086,0,1,13260,13420,140,82,140,83,identity,140,82,140,83,5.967055320739746,5.967055320739746,5.967055320739746,6.054375171661377
pretrained_cnn,SR,/home/adadhwal/PhIRE/ttk_runs_fixed/cnn/pd/cnn_SR_s69_speed_p160_x0_y0_pd_port_0.vtu,7d082cd2ad67fcb13c0d7167ca3cc3201797e7359be0584ac3c93d4a832ac03d,680,680,0,1,5.96754264831543,6.664673328399658,0.6971306800842285,0,1,6951,7429,71,43,69,46,identity,71,43,69,46,5.96754264831543,5.96754264831543,5.96754264831543,6.664673328399658
pretrained_cnn,SR,/home/adadhwal/PhIRE/ttk_runs_fixed/cnn/pd/cnn_SR_s69_speed_p160_x0_y0_pd_port_0.vtu,7d082cd2ad67fcb13c0d7167ca3cc3201797e7359be0584ac3c93d4a832ac03d,681,681,0,1,5.971048355102539,5.98264217376709,0.011593818664550781,0,1,23457,23456,97,146,96,146,identity,97,146,96,146,5.971048355102539,5.971048355102539,5.971048355102539,5.98264217376709
pretrained_cnn,SR,/home/adadhwal/PhIRE/ttk_runs_fixed/cnn/pd/cnn_SR_s69_speed_p160_x0_y0_pd_port_0.vtu,7d082cd2ad67fcb13c0d7167ca3cc3201797e7359be0584ac3c93d4a832ac03d,682,682,0,1,5.973053455352783,6.045897960662842,0.0728445053100586,0,1,15282,15922,82,95,82,99,identity,82,95,82,99,5.973053455352783,5.973053455352783,5.973053455352783,6.045897960662842
pretrained_cnn,SR,/home/adadhwal/PhIRE/ttk_runs_fixed/cnn/pd/cnn_SR_s69_speed_p160_x0_y0_pd_port_0.vtu,7d082cd2ad67fcb13c0d7167ca3cc3201797e7359be0584ac3c93d4a832ac03d,683,683,0,1,5.975174903869629,5.992056846618652,0.016881942749023438,0,1,15601,15441,81,97,81,96,identity,81,97,81,96,5.975174903869629,5.975174903869629,5.975174903869629,5.992056846618652
pretrained_cnn,SR,/home/adadhwal/PhIRE/ttk_runs_fixed/cnn/pd/cnn_SR_s69_speed_p160_x0_y0_pd_port_0.vtu,7d082cd2ad67fcb13c0d7167ca3cc3201797e7359be0584ac3c93d4a832ac03d,684,684,1,1,5.975778102874756,6.115324974060059,0.13954687118530273,2,3,12564,12724,84,78,84,79,identity,84,78,84,79,5.975778102874756,5.975778102874756,5.975778102874756,6.115324974060059
pretrained_cnn,SR,/home/adadhwal/PhIRE/ttk_runs_fixed/cnn/pd/cnn_SR_s69_speed_p160_x0_y0_pd_port_0.vtu,7d082cd2ad67fcb13c0d7167ca3cc3201797e7359be0584ac3c93d4a832ac03d,685,685,0,1,5.989180564880371,6.034655570983887,0.045475006103515625,0,1,8709,8869,69,54,69,55,identity,69,54,69,55,5.989180564880371,5.989180564880371,5.989180564880371,6.034655570983887
pretrained_cnn,SR,/home/adadhwal/PhIRE/ttk_runs_fixed/cnn/pd/cnn_SR_s69_speed_p160_x0_y0_pd_port_0.vtu,7d082cd2ad67fcb13c0d7167ca3cc3201797e7359be0584ac3c93d4a832ac03d,686,686,0,1,6.0069146156311035,6.095197677612305,0.08828306198120117,0,1,14965,15285,85,93,85,95,identity,85,93,85,95,6.0069146156311035,6.0069146156311035,6.0069146156311035,6.095197677612305
pretrained_cnn,SR,/home/adadhwal/PhIRE/ttk_runs_fixed/cnn/pd/cnn_SR_s69_speed_p160_x0_y0_pd_port_0.vtu,7d082cd2ad67fcb13c0d7167ca3cc3201797e7359be0584ac3c93d4a832ac03d,687,687,0,1,6.018432140350342,6.033392429351807,0.014960289001464844,0,1,12782,12941,142,79,141,80,identity,142,79,141,80,6.018432140350342,6.018432140350342,6.018432140350342,6.033392429351807
pretrained_cnn,SR,/home/adadhwal/PhIRE/ttk_runs_fixed/cnn/pd/cnn_SR_s69_speed_p160_x0_y0_pd_port_0.vtu,7d082cd2ad67fcb13c0d7167ca3cc3201797e7359be0584ac3c93d4a832ac03d,688,688,0,1,6.029019832611084,6.041665554046631,0.012645721435546875,0,1,19191,19190,151,119,150,119,identity,151,119,150,119,6.029019832611084,6.029019832611084,6.029019832611084,6.041665554046631
pretrained_cnn,SR,/home/adadhwal/PhIRE/ttk_runs_fixed/cnn/pd/cnn_SR_s69_speed_p160_x0_y0_pd_port_0.vtu,7d082cd2ad67fcb13c0d7167ca3cc3201797e7359be0584ac3c93d4a832ac03d,689,689,0,1,6.035245895385742,6.241858005523682,0.20661211013793945,0,1,17876,17718,116,111,118,110,identity,116,111,118,110,6.035245895385742,6.035245895385742,6.035245895385742,6.241858005523682
pretrained_cnn,SR,/home/adadhwal/PhIRE/ttk_runs_fixed/cnn/pd/cnn_SR_s69_speed_p160_x0_y0_pd_port_0.vtu,7d082cd2ad67fcb13c0d7167ca3cc3201797e7359be0584ac3c93d4a832ac03d,690,690,0,1,6.036976337432861,6.053112030029297,0.016135692596435547,0,1,15444,15443,84,96,83,96,identity,84,96,83,96,6.036976337432861,6.036976337432861,6.036976337432861,6.053112030029297
pretrained_cnn,SR,/home/adadhwal/PhIRE/ttk_runs_fixed/cnn/pd/cnn_SR_s69_speed_p160_x0_y0_pd_port_0.vtu,7d082cd2ad67fcb13c0d7167ca3cc3201797e7359be0584ac3c93d4a832ac03d,691,691,1,1,6.051968097686768,6.843472480773926,0.7915043830871582,2,3,4070,3752,70,25,72,23,identity,70,25,72,23,6.051968097686768,6.051968097686768,6.051968097686768,6.843472480773926
pretrained_cnn,SR,/home/adadhwal/PhIRE/ttk_runs_fixed/cnn/pd/cnn_SR_s69_speed_p160_x0_y0_pd_port_0.vtu,7d082cd2ad67fcb13c0d7167ca3cc3201797e7359be0584ac3c93d4a832ac03d,692,692,1,1,6.054574012756348,6.782444000244141,0.727869987487793,2,3,14501,13069,101,90,109,81,identity,101,90,109,81,6.054574012756348,6.054574012756348,6.054574012756348,6.782444000244141
pretrained_cnn,SR,/home/adadhwal/PhIRE/ttk_runs_fixed/cnn/pd/cnn_SR_s69_speed_p160_x0_y0_pd_port_0.vtu,7d082cd2ad67fcb13c0d7167ca3cc3201797e7359be0584ac3c93d4a832ac03d,693,693,0,1,6.072880744934082,6.188759803771973,0.11587905883789062,0,1,9732,9573,132,60,133,59,identity,132,60,133,59,6.072880744934082,6.072880744934082,6.072880744934082,6.188759803771973
pretrained_cnn,SR,/home/adadhwal/PhIRE/ttk_runs_fixed/cnn/pd/cnn_SR_s69_speed_p160_x0_y0_pd_port_0.vtu,7d082cd2ad67fcb13c0d7167ca3cc3201797e7359be0584ac3c93d4a832ac03d,694,694,1,1,6.0732197761535645,6.251558780670166,0.17833900451660156,2,3,1919,1916,159,11,156,11,identity,159,11,156,11,6.0732197761535645,6.0732197761535645,6.0732197761535645,6.251558780670166
pretrained_cnn,SR,/home/adadhwal/PhIRE/ttk_runs_fixed/cnn/pd/cnn_SR_s69_speed_p160_x0_y0_pd_port_0.vtu,7d082cd2ad67fcb13c0d7167ca3cc3201797e7359be0584ac3c93d4a832ac03d,695,695,0,1,6.082365989685059,6.082427501678467,6.151199340820312e-05,0,1,4318,4317,158,26,157,26,identity,158,26,157,26,6.082365989685059,6.082365989685059,6.082365989685059,6.082427501678467
pretrained_cnn,SR,/home/adadhwal/PhIRE/ttk_runs_fixed/cnn/pd/cnn_SR_s69_speed_p160_x0_y0_pd_port_0.vtu,7d082cd2ad67fcb13c0d7167ca3cc3201797e7359be0584ac3c93d4a832ac03d,696,696,1,1,6.085285186767578,6.08638334274292,0.0010981559753417969,2,3,14181,14341,101,88,101,89,identity,101,88,101,89,6.085285186767578,6.085285186767578,6.085285186767578,6.08638334274292
pretrained_cnn,SR,/home/adadhwal/PhIRE/ttk_runs_fixed/cnn/pd/cnn_SR_s69_speed_p160_x0_y0_pd_port_0.vtu,7d082cd2ad67fcb13c0d7167ca3cc3201797e7359be0584ac3c93d4a832ac03d,697,697,1,1,6.088486194610596,8.00880241394043,1.920316219329834,2,3,1760,1603,0,11,3,10,identity,0,11,3,10,6.088486194610596,6.088486194610596,6.088486194610596,8.00880241394043
pretrained_cnn,SR,/home/adadhwal/PhIRE/ttk_runs_fixed/cnn/pd/cnn_SR_s69_speed_p160_x0_y0_pd_port_0.vtu,7d082cd2ad67fcb13c0d7167ca3cc3201797e7359be0584ac3c93d4a832ac03d,698,698,1,1,6.089681625366211,8.057389259338379,1.967707633972168,2,3,10218,10207,138,63,127,63,identity,138,63,127,63,6.089681625366211,6.089681625366211,6.089681625366211,8.057389259338379
pretrained_cnn,SR,/home/adadhwal/PhIRE/ttk_runs_fixed/cnn/pd/cnn_SR_s69_speed_p160_x0_y0_pd_port_0.vtu,7d082cd2ad67fcb13c0d7167ca3cc3201797e7359be0584ac3c93d4a832ac03d,699,699,0,1,6.0927324295043945,6.115464210510254,0.022731781005859375,0,1,20400,20559,80,127,79,128,identity,80,127,79,128,6.0927324295043945,6.0927324295043945,6.0927324295043945,6.115464210510254
pretrained_cnn,SR,/home/adadhwal/PhIRE/ttk_runs_fixed/cnn/pd/cnn_SR_s69_speed_p160_x0_y0_pd_port_0.vtu,7d082cd2ad67fcb13c0d7167ca3cc3201797e7359be0584ac3c93d4a832ac03d,700,700,1,1,6.100571155548096,6.1012468338012695,0.0006756782531738281,2,3,15124,15284,84,94,84,95,identity,84,94,84,95,6.100571155548096,6.100571155548096,6.100571155548096,6.1012468338012695
pretrained_cnn,SR,/home/adadhwal/PhIRE/ttk_runs_fixed/cnn/pd/cnn_SR_s69_speed_p160_x0_y0_pd_port_0.vtu,7d082cd2ad67fcb13c0d7167ca3cc3201797e7359be0584ac3c93d4a832ac03d,701,701,0,1,6.107924461364746,6.59434175491333,0.486417293548584,0,1,5012,4692,52,31,52,29,identity,52,31,52,29,6.107924461364746,6.107924461364746,6.107924461364746,6.59434175491333
pretrained_cnn,SR,/home/adadhwal/PhIRE/ttk_runs_fixed/cnn/pd/cnn_SR_s69_speed_p160_x0_y0_pd_port_0.vtu,7d082cd2ad67fcb13c0d7167ca3cc3201797e7359be0584ac3c93d4a832ac03d,702,702,0,1,6.110259532928467,6.352631092071533,0.2423715591430664,0,1,18517,18037,117,115,117,112,identity,117,115,117,112,6.110259532928467,6.110259532928467,6.110259532928467,6.352631092071533
pretrained_cnn,SR,/home/adadhwal/PhIRE/ttk_runs_fixed/cnn/pd/cnn_SR_s69_speed_p160_x0_y0_pd_port_0.vtu,7d082cd2ad67fcb13c0d7167ca3cc3201797e7359be0584ac3c93d4a832ac03d,703,703,1,1,6.114049434661865,6.124337673187256,0.010288238525390625,2,3,15763,15603,83,98,83,97,identity,83,98,83,97,6.114049434661865,6.114049434661865,6.114049434661865,6.124337673187256
pretrained_cnn,SR,/home/adadhwal/PhIRE/ttk_runs_fixed/cnn/pd/cnn_SR_s69_speed_p160_x0_y0_pd_port_0.vtu,7d082cd2ad67fcb13c0d7167ca3cc3201797e7359be0584ac3c93d4a832ac03d,704,704,1,1,6.12347936630249,6.180943965911865,0.057464599609375,2,3,9531,9532,91,59,92,59,identity,91,59,92,59,6.12347936630249,6.12347936630249,6.12347936630249,6.180943965911865
pretrained_cnn,SR,/home/adadhwal/PhIRE/ttk_runs_fixed/cnn/pd/cnn_SR_s69_speed_p160_x0_y0_pd_port_0.vtu,7d082cd2ad67fcb13c0d7167ca3cc3201797e7359be0584ac3c93d4a832ac03d,705,705,0,1,6.124390125274658,6.201595306396484,0.07720518112182617,0,1,18514,18676,114,115,116,116,identity,114,115,116,116,6.124390125274658,6.124390125274658,6.124390125274658,6.201595306396484
pretrained_cnn,SR,/home/adadhwal/PhIRE/ttk_runs_fixed/cnn/pd/cnn_SR_s69_speed_p160_x0_y0_pd_port_0.vtu,7d082cd2ad67fcb13c0d7167ca3cc3201797e7359be0584ac3c93d4a832ac03d,706,706,0,1,6.128577709197998,6.143855571746826,0.015277862548828125,0,1,14642,14643,82,91,83,91,identity,82,91,83,91,6.128577709197998,6.128577709197998,6.128577709197998,6.143855571746826
pretrained_cnn,SR,/home/adadhwal/PhIRE/ttk_runs_fixed/cnn/pd/cnn_SR_s69_speed_p160_x0_y0_pd_port_0.vtu,7d082cd2ad67fcb13c0d7167ca3cc3201797e7359be0584ac3c93d4a832ac03d,707,707,1,1,6.1288838386535645,6.691012382507324,0.5621285438537598,2,3,14646,15767,86,91,87,98,identity,86,91,87,98,6.1288838386535645,6.1288838386535645,6.1288838386535645,6.691012382507324
pretrained_cnn,SR,/home/adadhwal/PhIRE/ttk_runs_fixed/cnn/pd/cnn_SR_s69_speed_p160_x0_y0_pd_port_0.vtu,7d082cd2ad67fcb13c0d7167ca3cc3201797e7359be0584ac3c93d4a832ac03d,708,708,1,1,6.135860443115234,6.744086742401123,0.6082262992858887,2,3,12090,12573,90,75,93,78,identity,90,75,93,78,6.135860443115234,6.135860443115234,6.135860443115234,6.744086742401123
pretrained_cnn,SR,/home/adadhwal/PhIRE/ttk_runs_fixed/cnn/pd/cnn_SR_s69_speed_p160_x0_y0_pd_port_0.vtu,7d082cd2ad67fcb13c0d7167ca3cc3201797e7359be0584ac3c93d4a832ac03d,709,709,1,1,6.1401801109313965,6.152281284332275,0.012101173400878906,2,3,4159,4158,159,25,158,25,identity,159,25,158,25,6.1401801109313965,6.1401801109313965,6.1401801109313965,6.152281284332275
pretrained_cnn,SR,/home/adadhwal/PhIRE/ttk_runs_fixed/cnn/pd/cnn_SR_s69_speed_p160_x0_y0_pd_port_0.vtu,7d082cd2ad67fcb13c0d7167ca3cc3201797e7359be0584ac3c93d4a832ac03d,710,710,1,1,6.146397113800049,6.1910200119018555,0.04462289810180664,2,3,16116,16115,116,100,115,100,identity,116,100,115,100,6.146397113800049,6.146397113800049,6.146397113800049,6.1910200119018555
pretrained_cnn,SR,/home/adadhwal/PhIRE/ttk_runs_fixed/cnn/pd/cnn_SR_s69_speed_p160_x0_y0_pd_port_0.vtu,7d082cd2ad67fcb13c0d7167ca3cc3201797e7359be0584ac3c93d4a832ac03d,711,711,1,1,6.156058311462402,6.168100357055664,0.012042045593261719,2,3,13216,13217,96,82,97,82,identity,96,82,97,82,6.156058311462402,6.156058311462402,6.156058311462402,6.168100357055664
pretrained_cnn,SR,/home/adadhwal/PhIRE/ttk_runs_fixed/cnn/pd/cnn_SR_s69_speed_p160_x0_y0_pd_port_0.vtu,7d082cd2ad67fcb13c0d7167ca3cc3201797e7359be0584ac3c93d4a832ac03d,712,712,0,1,6.161446571350098,6.2979912757873535,0.13654470443725586,0,1,12465,12464,145,77,144,77,identity,145,77,144,77,6.161446571350098,6.161446571350098,6.161446571350098,6.2979912757873535
pretrained_cnn,SR,/home/adadhwal/PhIRE/ttk_runs_fixed/cnn/pd/cnn_SR_s69_speed_p160_x0_y0_pd_port_0.vtu,7d082cd2ad67fcb13c0d7167ca3cc3201797e7359be0584ac3c93d4a832ac03d,713,713,0,1,6.164737224578857,6.1654276847839355,0.000690460205078125,0,1,18803,18802,83,117,82,117,identity,83,117,82,117,6.164737224578857,6.164737224578857,6.164737224578857,6.1654276847839355
pretrained_cnn,SR,/home/adadhwal/PhIRE/ttk_runs_fixed/cnn/pd/cnn_SR_s69_speed_p160_x0_y0_pd_port_0.vtu,7d082cd2ad67fcb13c0d7167ca3cc3201797e7359be0584ac3c93d4a832ac03d,714,714,1,1,6.164933204650879,6.203186988830566,0.0382537841796875,2,3,11929,11769,89,74,89,73,identity,89,74,89,73,6.164933204650879,6.164933204650879,6.164933204650879,6.203186988830566
pretrained_cnn,SR,/home/adadhwal/PhIRE/ttk_runs_fixed/cnn/pd/cnn_SR_s69_speed_p160_x0_y0_pd_port_0.vtu,7d082cd2ad67fcb13c0d7167ca3cc3201797e7359be0584ac3c93d4a832ac03d,715,715,1,1,6.1691484451293945,6.773367881774902,0.6042194366455078,2,3,9412,9089,132,58,129,56,identity,132,58,129,56,6.1691484451293945,6.1691484451293945,6.1691484451293945,6.773367881774902
pretrained_cnn,SR,/home/adadhwal/PhIRE/ttk_runs_fixed/cnn/pd/cnn_SR_s69_speed_p160_x0_y0_pd_port_0.vtu,7d082cd2ad67fcb13c0d7167ca3cc3201797e7359be0584ac3c93d4a832ac03d,716,716,1,1,6.1725029945373535,6.317234992980957,0.14473199844360352,2,3,12087,12248,87,75,88,76,identity,87,75,88,76,6.1725029945373535,6.1725029945373535,6.1725029945373535,6.317234992980957
pretrained_cnn,SR,/home/adadhwal/PhIRE/ttk_runs_fixed/cnn/pd/cnn_SR_s69_speed_p160_x0_y0_pd_port_0.vtu,7d082cd2ad67fcb13c0d7167ca3cc3201797e7359be0584ac3c93d4a832ac03d,717,717,0,1,6.175118923187256,6.1874098777771,0.01229095458984375,0,1,13257,13097,137,82,137,81,identity,137,82,137,81,6.175118923187256,6.175118923187256,6.175118923187256,6.1874098777771
pretrained_cnn,SR,/home/adadhwal/PhIRE/ttk_runs_fixed/cnn/pd/cnn_SR_s69_speed_p160_x0_y0_pd_port_0.vtu,7d082cd2ad67fcb13c0d7167ca3cc3201797e7359be0584ac3c93d4a832ac03d,718,718,0,1,6.176563262939453,6.294259071350098,0.11769580841064453,0,1,17554,17555,114,109,115,109,identity,114,109,115,109,6.176563262939453,6.176563262939453,6.176563262939453,6.294259071350098
pretrained_cnn,SR,/home/adadhwal/PhIRE/ttk_runs_fixed/cnn/pd/cnn_SR_s69_speed_p160_x0_y0_pd_port_0.vtu,7d082cd2ad67fcb13c0d7167ca3cc3201797e7359be0584ac3c93d4a832ac03d,719,719,1,1,6.1928300857543945,6.462723255157471,0.26989316940307617,2,3,3750,3589,70,23,69,22,identity,70,23,69,22,6.1928300857543945,6.1928300857543945,6.1928300857543945,6.462723255157471
pretrained_cnn,SR,/home/adadhwal/PhIRE/ttk_runs_fixed/cnn/pd/cnn_SR_s69_speed_p160_x0_y0_pd_port_0.vtu,7d082cd2ad67fcb13c0d7167ca3cc3201797e7359be0584ac3c93d4a832ac03d,720,720,0,1,6.193419456481934,6.232551097869873,0.03913164138793945,0,1,11818,11659,138,73,139,72,identity,138,73,139,72,6.193419456481934,6.193419456481934,6.193419456481934,6.232551097869873
pretrained_cnn,SR,/home/adadhwal/PhIRE/ttk_runs_fixed/cnn/pd/cnn_SR_s69_speed_p160_x0_y0_pd_port_0.vtu,7d082cd2ad67fcb13c0d7167ca3cc3201797e7359be0584ac3c93d4a832ac03d,721,721,1,1,6.203857898712158,6.309402942657471,0.1055450439453125,2,3,9731,9572,131,60,132,59,identity,131,60,132,59,6.203857898712158,6.203857898712158,6.203857898712158,6.309402942657471
pretrained_cnn,SR,/home/adadhwal/PhIRE/ttk_runs_fixed/cnn/pd/cnn_SR_s69_speed_p160_x0_y0_pd_port_0.vtu,7d082cd2ad67fcb13c0d7167ca3cc3201797e7359be0584ac3c93d4a832ac03d,722,722,0,1,6.205965042114258,6.206493854522705,0.0005288124084472656,0,1,14160,14000,80,88,80,87,identity,80,88,80,87,6.205965042114258,6.205965042114258,6.205965042114258,6.206493854522705
pretrained_cnn,SR,/home/adadhwal/PhIRE/ttk_runs_fixed/cnn/pd/cnn_SR_s69_speed_p160_x0_y0_pd_port_0.vtu,7d082cd2ad67fcb13c0d7167ca3cc3201797e7359be0584ac3c93d4a832ac03d,723,723,1,1,6.21205997467041,6.987484931945801,0.7754249572753906,2,3,13417,13414,137,83,134,83,identity,137,83,134,83,6.21205997467041,6.21205997467041,6.21205997467041,6.987484931945801
pretrained_cnn,SR,/home/adadhwal/PhIRE/ttk_runs_fixed/cnn/pd/cnn_SR_s69_speed_p160_x0_y0_pd_port_0.vtu,7d082cd2ad67fcb13c0d7167ca3cc3201797e7359be0584ac3c93d4a832ac03d,724,724,0,1,6.218538284301758,6.646411895751953,0.4278736114501953,0,1,6946,6145,66,43,65,38,identity,66,43,65,38,6.218538284301758,6.218538284301758,6.218538284301758,6.646411895751953
pretrained_cnn,SR,/home/adadhwal/PhIRE/ttk_runs_fixed/cnn/pd/cnn_SR_s69_speed_p160_x0_y0_pd_port_0.vtu,7d082cd2ad67fcb13c0d7167ca3cc3201797e7359be0584ac3c93d4a832ac03d,725,725,0,1,6.222054958343506,6.277010917663574,0.05495595932006836,0,1,14959,15119,79,93,79,94,identity,79,93,79,94,6.222054958343506,6.222054958343506,6.222054958343506,6.277010917663574
pretrained_cnn,SR,/home/adadhwal/PhIRE/ttk_runs_fixed/cnn/pd/cnn_SR_s69_speed_p160_x0_y0_pd_port_0.vtu,7d082cd2ad67fcb13c0d7167ca3cc3201797e7359be0584ac3c93d4a832ac03d,726,726,1,1,6.226261138916016,6.386493682861328,0.1602325439453125,2,3,12251,12091,91,76,91,75,identity,91,76,91,75,6.226261138916016,6.226261138916016,6.226261138916016,6.386493682861328
pretrained_cnn,SR,/home/adadhwal/PhIRE/ttk_runs_fixed/cnn/pd/cnn_SR_s69_speed_p160_x0_y0_pd_port_0.vtu,7d082cd2ad67fcb13c0d7167ca3cc3201797e7359be0584ac3c93d4a832ac03d,727,727,1,1,6.245304107666016,6.263688564300537,0.018384456634521484,2,3,14803,14963,83,92,83,93,identity,83,92,83,93,6.245304107666016,6.245304107666016,6.245304107666016,6.263688564300537
pretrained_cnn,SR,/home/adadhwal/PhIRE/ttk_runs_fixed/cnn/pd/cnn_SR_s69_speed_p160_x0_y0_pd_port_0.vtu,7d082cd2ad67fcb13c0d7167ca3cc3201797e7359be0584ac3c93d4a832ac03d,728,728,0,1,6.245433330535889,6.3241705894470215,0.07873725891113281,0,1,17551,17553,111,109,113,109,identity,111,109,113,109,6.245433330535889,6.245433330535889,6.245433330535889,6.3241705894470215
pretrained_cnn,SR,/home/adadhwal/PhIRE/ttk_runs_fixed/cnn/pd/cnn_SR_s69_speed_p160_x0_y0_pd_port_0.vtu,7d082cd2ad67fcb13c0d7167ca3cc3201797e7359be0584ac3c93d4a832ac03d,729,729,0,1,6.24578332901001,6.393918037414551,0.14813470840454102,0,1,10862,10863,142,67,143,67,identity,142,67,143,67,6.24578332901001,6.24578332901001,6.24578332901001,6.393918037414551
pretrained_cnn,SR,/home/adadhwal/PhIRE/ttk_runs_fixed/cnn/pd/cnn_SR_s69_speed_p160_x0_y0_pd_port_0.vtu,7d082cd2ad67fcb13c0d7167ca3cc3201797e7359be0584ac3c93d4a832ac03d,730,730,0,1,6.246758937835693,6.8068060874938965,0.5600471496582031,0,1,19995,19834,155,124,154,123,identity,155,124,154,123,6.246758937835693,6.246758937835693,6.246758937835693,6.8068060874938965
pretrained_cnn,SR,/home/adadhwal/PhIRE/ttk_runs_fixed/cnn/pd/cnn_SR_s69_speed_p160_x0_y0_pd_port_0.vtu,7d082cd2ad67fcb13c0d7167ca3cc3201797e7359be0584ac3c93d4a832ac03d,731,731,0,1,6.2468109130859375,6.967152118682861,0.7203412055969238,0,1,12476,12478,156,77,158,77,identity,156,77,158,77,6.2468109130859375,6.2468109130859375,6.2468109130859375,6.967152118682861
pretrained_cnn,SR,/home/adadhwal/PhIRE/ttk_runs_fixed/cnn/pd/cnn_SR_s69_speed_p160_x0_y0_pd_port_0.vtu,7d082cd2ad67fcb13c0d7167ca3cc3201797e7359be0584ac3c93d4a832ac03d,732,732,1,1,6.248692035675049,6.41874885559082,0.17005681991577148,2,3,13545,13864,105,84,104,86,identity,105,84,104,86,6.248692035675049,6.248692035675049,6.248692035675049,6.41874885559082
pretrained_cnn,SR,/home/adadhwal/PhIRE/ttk_runs_fixed/cnn/pd/cnn_SR_s69_speed_p160_x0_y0_pd_port_0.vtu,7d082cd2ad67fcb13c0d7167ca3cc3201797e7359be0584ac3c93d4a832ac03d,733,733,0,1,6.253386974334717,6.426926136016846,0.1735391616821289,0,1,13427,13585,147,83,145,84,identity,147,83,145,84,6.253386974334717,6.253386974334717,6.253386974334717,6.426926136016846
pretrained_cnn,SR,/home/adadhwal/PhIRE/ttk_runs_fixed/cnn/pd/cnn_SR_s69_speed_p160_x0_y0_pd_port_0.vtu,7d082cd2ad67fcb13c0d7167ca3cc3201797e7359be0584ac3c93d4a832ac03d,734,734,1,1,6.253476619720459,6.816234111785889,0.5627574920654297,2,3,9892,9897,132,61,137,61,identity,132,61,137,61,6.253476619720459,6.253476619720459,6.253476619720459,6.816234111785889
pretrained_cnn,SR,/home/adadhwal/PhIRE/ttk_runs_fixed/cnn/pd/cnn_SR_s69_speed_p160_x0_y0_pd_port_0.vtu,7d082cd2ad67fcb13c0d7167ca3cc3201797e7359be0584ac3c93d4a832ac03d,735,735,1,1,6.272033214569092,6.349761486053467,0.077728271484375,2,3,13098,13418,138,81,138,83,identity,138,81,138,83,6.272033214569092,6.272033214569092,6.272033214569092,6.349761486053467
pretrained_cnn,SR,/home/adadhwal/PhIRE/ttk_runs_fixed/cnn/pd/cnn_SR_s69_speed_p160_x0_y0_pd_port_0.vtu,7d082cd2ad67fcb13c0d7167ca3cc3201797e7359be0584ac3c93d4a832ac03d,736,736,0,1,6.289008140563965,6.68063497543335,0.39162683486938477,0,1,12639,12959,159,78,159,80,identity,159,78,159,80,6.289008140563965,6.289008140563965,6.289008140563965,6.68063497543335
pretrained_cnn,SR,/home/adadhwal/PhIRE/ttk_runs_fixed/cnn/pd/cnn_SR_s69_speed_p160_x0_y0_pd_port_0.vtu,7d082cd2ad67fcb13c0d7167ca3cc3201797e7359be0584ac3c93d4a832ac03d,737,737,1,1,6.28963041305542,6.372832775115967,0.08320236206054688,2,3,10226,10386,146,63,146,64,identity,146,63,146,64,6.28963041305542,6.28963041305542,6.28963041305542,6.372832775115967
pretrained_cnn,SR,/home/adadhwal/PhIRE/ttk_runs_fixed/cnn/pd/cnn_SR_s69_speed_p160_x0_y0_pd_port_0.vtu,7d082cd2ad67fcb13c0d7167ca3cc3201797e7359be0584ac3c93d4a832ac03d,738,738,1,1,6.292095184326172,6.453470706939697,0.1613755226135254,2,3,15287,14807,87,95,87,92,identity,87,95,87,92,6.292095184326172,6.292095184326172,6.292095184326172,6.453470706939697
pretrained_cnn,SR,/home/adadhwal/PhIRE/ttk_runs_fixed/cnn/pd/cnn_SR_s69_speed_p160_x0_y0_pd_port_0.vtu,7d082cd2ad67fcb13c0d7167ca3cc3201797e7359be0584ac3c93d4a832ac03d,739,739,1,1,6.29644775390625,6.303977966308594,0.00753021240234375,2,3,20397,20556,77,127,76,128,identity,77,127,76,128,6.29644775390625,6.29644775390625,6.29644775390625,6.303977966308594
pretrained_cnn,SR,/home/adadhwal/PhIRE/ttk_runs_fixed/cnn/pd/cnn_SR_s69_speed_p160_x0_y0_pd_port_0.vtu,7d082cd2ad67fcb13c0d7167ca3cc3201797e7359be0584ac3c93d4a832ac03d,740,740,1,1,6.311558246612549,11.233925819396973,4.922367572784424,2,3,18796,9182,76,117,62,57,identity,76,117,62,57,6.311558246612549,6.311558246612549,6.311558246612549,11.233925819396973
pretrained_cnn,SR,/home/adadhwal/PhIRE/ttk_runs_fixed/cnn/pd/cnn_SR_s69_speed_p160_x0_y0_pd_port_0.vtu,7d082cd2ad67fcb13c0d7167ca3cc3201797e7359be0584ac3c93d4a832ac03d,741,741,0,1,6.312480449676514,6.392797946929932,0.08031749725341797,0,1,10056,10057,136,62,137,62,identity,136,62,137,62,6.312480449676514,6.312480449676514,6.312480449676514,6.392797946929932
pretrained_cnn,SR,/home/adadhwal/PhIRE/ttk_runs_fixed/cnn/pd/cnn_SR_s69_speed_p160_x0_y0_pd_port_0.vtu,7d082cd2ad67fcb13c0d7167ca3cc3201797e7359be0584ac3c93d4a832ac03d,742,742,1,1,6.313462734222412,6.328455448150635,0.014992713928222656,2,3,4639,4638,159,28,158,28,identity,159,28,158,28,6.313462734222412,6.313462734222412,6.313462734222412,6.328455448150635
pretrained_cnn,SR,/home/adadhwal/PhIRE/ttk_runs_fixed/cnn/pd/cnn_SR_s69_speed_p160_x0_y0_pd_port_0.vtu,7d082cd2ad67fcb13c0d7167ca3cc3201797e7359be0584ac3c93d4a832ac03d,743,743,1,1,6.31516170501709,6.321017265319824,0.005855560302734375,2,3,12085,12086,85,75,86,75,identity,85,75,86,75,6.31516170501709,6.31516170501709,6.31516170501709,6.321017265319824
pretrained_cnn,SR,/home/adadhwal/PhIRE/ttk_runs_fixed/cnn/pd/cnn_SR_s69_speed_p160_x0_y0_pd_port_0.vtu,7d082cd2ad67fcb13c0d7167ca3cc3201797e7359be0584ac3c93d4a832ac03d,744,744,1,1,6.3309326171875,6.540556907653809,0.2096242904663086,2,3,14321,14162,81,89,82,88,identity,81,89,82,88,6.3309326171875,6.3309326171875,6.3309326171875,6.540556907653809
pretrained_cnn,SR,/home/adadhwal/PhIRE/ttk_runs_fixed/cnn/pd/cnn_SR_s69_speed_p160_x0_y0_pd_port_0.vtu,7d082cd2ad67fcb13c0d7167ca3cc3201797e7359be0584ac3c93d4a832ac03d,745,745,1,1,6.338913917541504,6.4409685134887695,0.10205459594726562,2,3,19278,19276,78,120,76,120,identity,78,120,76,120,6.338913917541504,6.338913917541504,6.338913917541504,6.4409685134887695
pretrained_cnn,SR,/home/adadhwal/PhIRE/ttk_runs_fixed/cnn/pd/cnn_SR_s69_speed_p160_x0_y0_pd_port_0.vtu,7d082cd2ad67fcb13c0d7167ca3cc3201797e7359be0584ac3c93d4a832ac03d,746,746,1,1,6.340538501739502,6.446127414703369,0.10558891296386719,2,3,24420,24258,100,152,98,151,identity,100,152,98,151,6.340538501739502,6.340538501739502,6.340538501739502,6.446127414703369
pretrained_cnn,SR,/home/adadhwal/PhIRE/ttk_runs_fixed/cnn/pd/cnn_SR_s69_speed_p160_x0_y0_pd_port_0.vtu,7d082cd2ad67fcb13c0d7167ca3cc3201797e7359be0584ac3c93d4a832ac03d,747,747,0,1,6.342206001281738,6.579026222229004,0.23682022094726562,0,1,6465,6466,65,40,66,40,identity,65,40,66,40,6.342206001281738,6.342206001281738,6.342206001281738,6.579026222229004
pretrained_cnn,SR,/home/adadhwal/PhIRE/ttk_runs_fixed/cnn/pd/cnn_SR_s69_speed_p160_x0_y0_pd_port_0.vtu,7d082cd2ad67fcb13c0d7167ca3cc3201797e7359be0584ac3c93d4a832ac03d,748,748,1,1,6.363262176513672,6.370788097381592,0.007525920867919922,2,3,18477,18636,77,115,76,116,identity,77,115,76,116,6.363262176513672,6.363262176513672,6.363262176513672,6.370788097381592
pretrained_cnn,SR,/home/adadhwal/PhIRE/ttk_runs_fixed/cnn/pd/cnn_SR_s69_speed_p160_x0_y0_pd_port_0.vtu,7d082cd2ad67fcb13c0d7167ca3cc3201797e7359be0584ac3c93d4a832ac03d,749,749,0,1,6.381286144256592,6.508670330047607,0.12738418579101562,0,1,6138,6139,58,38,59,38,identity,58,38,59,38,6.381286144256592,6.381286144256592,6.381286144256592,6.508670330047607
pretrained_cnn,SR,/home/adadhwal/PhIRE/ttk_runs_fixed/cnn/pd/cnn_SR_s69_speed_p160_x0_y0_pd_port_0.vtu,7d082cd2ad67fcb13c0d7167ca3cc3201797e7359be0584ac3c93d4a832ac03d,750,750,0,1,6.385494709014893,6.407886505126953,0.022391796112060547,0,1,10540,10539,140,65,139,65,identity,140,65,139,65,6.385494709014893,6.385494709014893,6.385494709014893,6.407886505126953
pretrained_cnn,SR,/home/adadhwal/PhIRE/ttk_runs_fixed/cnn/pd/cnn_SR_s69_speed_p160_x0_y0_pd_port_0.vtu,7d082cd2ad67fcb13c0d7167ca3cc3201797e7359be0584ac3c93d4a832ac03d,751,751,1,1,6.4042863845825195,6.859904766082764,0.45561838150024414,2,3,645,805,5,4,5,5,identity,5,4,5,5,6.4042863845825195,6.4042863845825195,6.4042863845825195,6.859904766082764
pretrained_cnn,SR,/home/adadhwal/PhIRE/ttk_runs_fixed/cnn/pd/cnn_SR_s69_speed_p160_x0_y0_pd_port_0.vtu,7d082cd2ad67fcb13c0d7167ca3cc3201797e7359be0584ac3c93d4a832ac03d,752,752,1,1,6.412047863006592,6.426575660705566,0.01452779769897461,2,3,9586,9585,146,59,145,59,identity,146,59,145,59,6.412047863006592,6.412047863006592,6.412047863006592,6.426575660705566
pretrained_cnn,SR,/home/adadhwal/PhIRE/ttk_runs_fixed/cnn/pd/cnn_SR_s69_speed_p160_x0_y0_pd_port_0.vtu,7d082cd2ad67fcb13c0d7167ca3cc3201797e7359be0584ac3c93d4a832ac03d,753,753,1,1,6.413003444671631,6.424208641052246,0.011205196380615234,2,3,13227,13386,107,82,106,83,identity,107,82,106,83,6.413003444671631,6.413003444671631,6.413003444671631,6.424208641052246
pretrained_cnn,SR,/home/adadhwal/PhIRE/ttk_runs_fixed/cnn/pd/cnn_SR_s69_speed_p160_x0_y0_pd_port_0.vtu,7d082cd2ad67fcb13c0d7167ca3cc3201797e7359be0584ac3c93d4a832ac03d,754,754,1,1,6.413536071777344,6.535607814788818,0.12207174301147461,2,3,14982,14662,102,93,102,91,identity,102,93,102,91,6.413536071777344,6.413536071777344,6.413536071777344,6.535607814788818
pretrained_cnn,SR,/home/adadhwal/PhIRE/ttk_runs_fixed/cnn/pd/cnn_SR_s69_speed_p160_x0_y0_pd_port_0.vtu,7d082cd2ad67fcb13c0d7167ca3cc3201797e7359be0584ac3c93d4a832ac03d,755,755,1,1,6.414819717407227,6.6203742027282715,0.20555448532104492,2,3,10055,10215,135,62,135,63,identity,135,62,135,63,6.414819717407227,6.414819717407227,6.414819717407227,6.6203742027282715
pretrained_cnn,SR,/home/adadhwal/PhIRE/ttk_runs_fixed/cnn/pd/cnn_SR_s69_speed_p160_x0_y0_pd_port_0.vtu,7d082cd2ad67fcb13c0d7167ca3cc3201797e7359be0584ac3c93d4a832ac03d,756,756,1,1,6.416312217712402,6.688608646392822,0.2722964286804199,2,3,9091,9092,131,56,132,56,identity,131,56,132,56,6.416312217712402,6.416312217712402,6.416312217712402,6.688608646392822
pretrained_cnn,SR,/home/adadhwal/PhIRE/ttk_runs_fixed/cnn/pd/cnn_SR_s69_speed_p160_x0_y0_pd_port_0.vtu,7d082cd2ad67fcb13c0d7167ca3cc3201797e7359be0584ac3c93d4a832ac03d,757,757,0,1,6.4270195960998535,6.455572605133057,0.028553009033203125,0,1,16394,16554,74,102,74,103,identity,74,102,74,103,6.4270195960998535,6.4270195960998535,6.4270195960998535,6.455572605133057
pretrained_cnn,SR,/home/adadhwal/PhIRE/ttk_runs_fixed/cnn/pd/cnn_SR_s69_speed_p160_x0_y0_pd_port_0.vtu,7d082cd2ad67fcb13c0d7167ca3cc3201797e7359be0584ac3c93d4a832ac03d,758,758,0,1,6.428561210632324,6.6569318771362305,0.22837066650390625,0,1,16899,16580,99,105,100,103,identity,99,105,100,103,6.428561210632324,6.428561210632324,6.428561210632324,6.6569318771362305
pretrained_cnn,SR,/home/adadhwal/PhIRE/ttk_runs_fixed/cnn/pd/cnn_SR_s69_speed_p160_x0_y0_pd_port_0.vtu,7d082cd2ad67fcb13c0d7167ca3cc3201797e7359be0584ac3c93d4a832ac03d,759,759,1,1,6.432956218719482,6.467844009399414,0.03488779067993164,2,3,19601,19599,81,122,79,122,identity,81,122,79,122,6.432956218719482,6.432956218719482,6.432956218719482,6.467844009399414
pretrained_cnn,SR,/home/adadhwal/PhIRE/ttk_runs_fixed/cnn/pd/cnn_SR_s69_speed_p160_x0_y0_pd_port_0.vtu,7d082cd2ad67fcb13c0d7167ca3cc3201797e7359be0584ac3c93d4a832ac03d,760,760,0,1,6.438232898712158,6.5101189613342285,0.07188606262207031,0,1,7589,7749,69,47,69,48,identity,69,47,69,48,6.438232898712158,6.438232898712158,6.438232898712158,6.5101189613342285
pretrained_cnn,SR,/home/adadhwal/PhIRE/ttk_runs_fixed/cnn/pd/cnn_SR_s69_speed_p160_x0_y0_pd_port_0.vtu,7d082cd2ad67fcb13c0d7167ca3cc3201797e7359be0584ac3c93d4a832ac03d,761,761,1,1,6.440148830413818,6.450355529785156,0.01020669937133789,2,3,14808,14968,88,92,88,93,identity,88,92,88,93,6.440148830413818,6.440148830413818,6.440148830413818,6.450355529785156
pretrained_cnn,SR,/home/adadhwal/PhIRE/ttk_runs_fixed/cnn/pd/cnn_SR_s69_speed_p160_x0_y0_pd_port_0.vtu,7d082cd2ad67fcb13c0d7167ca3cc3201797e7359be0584ac3c93d4a832ac03d,762,762,1,1,6.454258918762207,6.458136081695557,0.0038771629333496094,2,3,13402,13401,122,83,121,83,identity,122,83,121,83,6.454258918762207,6.454258918762207,6.454258918762207,6.458136081695557
pretrained_cnn,SR,/home/adadhwal/PhIRE/ttk_runs_fixed/cnn/pd/cnn_SR_s69_speed_p160_x0_y0_pd_port_0.vtu,7d082cd2ad67fcb13c0d7167ca3cc3201797e7359be0584ac3c93d4a832ac03d,763,763,1,1,6.457950592041016,6.462279319763184,0.004328727722167969,2,3,18195,18196,115,113,116,113,identity,115,113,116,113,6.457950592041016,6.457950592041016,6.457950592041016,6.462279319763184
pretrained_cnn,SR,/home/adadhwal/PhIRE/ttk_runs_fixed/cnn/pd/cnn_SR_s69_speed_p160_x0_y0_pd_port_0.vtu,7d082cd2ad67fcb13c0d7167ca3cc3201797e7359be0584ac3c93d4a832ac03d,764,764,1,1,6.460444450378418,6.901908874511719,0.4414644241333008,2,3,11976,11815,136,74,135,73,identity,136,74,135,73,6.460444450378418,6.460444450378418,6.460444450378418,6.901908874511719
pretrained_cnn,SR,/home/adadhwal/PhIRE/ttk_runs_fixed/cnn/pd/cnn_SR_s69_speed_p160_x0_y0_pd_port_0.vtu,7d082cd2ad67fcb13c0d7167ca3cc3201797e7359be0584ac3c93d4a832ac03d,765,765,0,1,6.461737632751465,6.643884658813477,0.18214702606201172,0,1,15943,15464,103,99,104,96,identity,103,99,104,96,6.461737632751465,6.461737632751465,6.461737632751465,6.643884658813477
pretrained_cnn,SR,/home/adadhwal/PhIRE/ttk_runs_fixed/cnn/pd/cnn_SR_s69_speed_p160_x0_y0_pd_port_0.vtu,7d082cd2ad67fcb13c0d7167ca3cc3201797e7359be0584ac3c93d4a832ac03d,766,766,1,1,6.4629106521606445,6.529755115509033,0.06684446334838867,2,3,13084,13243,124,81,123,82,identity,124,81,123,82,6.4629106521606445,6.4629106521606445,6.4629106521606445,6.529755115509033
pretrained_cnn,SR,/home/adadhwal/PhIRE/ttk_runs_fixed/cnn/pd/cnn_SR_s69_speed_p160_x0_y0_pd_port_0.vtu,7d082cd2ad67fcb13c0d7167ca3cc3201797e7359be0584ac3c93d4a832ac03d,767,767,1,1,6.469618797302246,6.48634147644043,0.016722679138183594,2,3,19443,19602,83,121,82,122,identity,83,121,82,122,6.469618797302246,6.469618797302246,6.469618797302246,6.48634147644043
pretrained_cnn,SR,/home/adadhwal/PhIRE/ttk_runs_fixed/cnn/pd/cnn_SR_s69_speed_p160_x0_y0_pd_port_0.vtu,7d082cd2ad67fcb13c0d7167ca3cc3201797e7359be0584ac3c93d4a832ac03d,768,768,1,1,6.472059726715088,6.495440483093262,0.023380756378173828,2,3,17677,17837,77,110,77,111,identity,77,110,77,111,6.472059726715088,6.472059726715088,6.472059726715088,6.495440483093262
pretrained_cnn,SR,/home/adadhwal/PhIRE/ttk_runs_fixed/cnn/pd/cnn_SR_s69_speed_p160_x0_y0_pd_port_0.vtu,7d082cd2ad67fcb13c0d7167ca3cc3201797e7359be0584ac3c93d4a832ac03d,769,769,1,1,6.472670555114746,9.84971809387207,3.377047538757324,2,3,11275,10796,75,70,76,67,identity,75,70,76,67,6.472670555114746,6.472670555114746,6.472670555114746,9.84971809387207
pretrained_cnn,SR,/home/adadhwal/PhIRE/ttk_runs_fixed/cnn/pd/cnn_SR_s69_speed_p160_x0_y0_pd_port_0.vtu,7d082cd2ad67fcb13c0d7167ca3cc3201797e7359be0584ac3c93d4a832ac03d,770,770,1,1,6.480421543121338,6.496850967407227,0.016429424285888672,2,3,13103,13102,143,81,142,81,identity,143,81,142,81,6.480421543121338,6.480421543121338,6.480421543121338,6.496850967407227
pretrained_cnn,SR,/home/adadhwal/PhIRE/ttk_runs_fixed/cnn/pd/cnn_SR_s69_speed_p160_x0_y0_pd_port_0.vtu,7d082cd2ad67fcb13c0d7167ca3cc3201797e7359be0584ac3c93d4a832ac03d,771,771,0,1,6.5003252029418945,6.601381778717041,0.10105657577514648,0,1,16420,16098,100,102,98,100,identity,100,102,98,100,6.5003252029418945,6.5003252029418945,6.5003252029418945,6.601381778717041
pretrained_cnn,SR,/home/adadhwal/PhIRE/ttk_runs_fixed/cnn/pd/cnn_SR_s69_speed_p160_x0_y0_pd_port_0.vtu,7d082cd2ad67fcb13c0d7167ca3cc3201797e7359be0584ac3c93d4a832ac03d,772,772,1,1,6.5041046142578125,6.528043270111084,0.023938655853271484,2,3,12618,12778,138,78,138,79,identity,138,78,138,79,6.5041046142578125,6.5041046142578125,6.5041046142578125,6.528043270111084
pretrained_cnn,SR,/home/adadhwal/PhIRE/ttk_runs_fixed/cnn/pd/cnn_SR_s69_speed_p160_x0_y0_pd_port_0.vtu,7d082cd2ad67fcb13c0d7167ca3cc3201797e7359be0584ac3c93d4a832ac03d,773,773,1,1,6.50571346282959,7.1409807205200195,0.6352672576904297,2,3,12302,12298,142,76,138,76,identity,142,76,138,76,6.50571346282959,6.50571346282959,6.50571346282959,7.1409807205200195
pretrained_cnn,SR,/home/adadhwal/PhIRE/ttk_runs_fixed/cnn/pd/cnn_SR_s69_speed_p160_x0_y0_pd_port_0.vtu,7d082cd2ad67fcb13c0d7167ca3cc3201797e7359be0584ac3c93d4a832ac03d,774,774,1,1,6.511501312255859,6.720043182373047,0.2085418701171875,2,3,8566,8885,86,53,85,55,identity,86,53,85,55,6.511501312255859,6.511501312255859,6.511501312255859,6.720043182373047
pretrained_cnn,SR,/home/adadhwal/PhIRE/ttk_runs_fixed/cnn/pd/cnn_SR_s69_speed_p160_x0_y0_pd_port_0.vtu,7d082cd2ad67fcb13c0d7167ca3cc3201797e7359be0584ac3c93d4a832ac03d,775,775,1,1,6.514835357666016,6.5336151123046875,0.018779754638671875,2,3,5978,5979,58,37,59,37,identity,58,37,59,37,6.514835357666016,6.514835357666016,6.514835357666016,6.5336151123046875
pretrained_cnn,SR,/home/adadhwal/PhIRE/ttk_runs_fixed/cnn/pd/cnn_SR_s69_speed_p160_x0_y0_pd_port_0.vtu,7d082cd2ad67fcb13c0d7167ca3cc3201797e7359be0584ac3c93d4a832ac03d,776,776,1,1,6.5349860191345215,7.724834442138672,1.1898484230041504,2,3,8230,8873,70,51,73,55,identity,70,51,73,55,6.5349860191345215,6.5349860191345215,6.5349860191345215,7.724834442138672
pretrained_cnn,SR,/home/adadhwal/PhIRE/ttk_runs_fixed/cnn/pd/cnn_SR_s69_speed_p160_x0_y0_pd_port_0.vtu,7d082cd2ad67fcb13c0d7167ca3cc3201797e7359be0584ac3c93d4a832ac03d,777,777,0,1,6.541741847991943,7.2079176902771,0.6661758422851562,0,1,12472,12474,152,77,154,77,identity,152,77,154,77,6.541741847991943,6.541741847991943,6.541741847991943,7.2079176902771
pretrained_cnn,SR,/home/adadhwal/PhIRE/ttk_runs_fixed/cnn/pd/cnn_SR_s69_speed_p160_x0_y0_pd_port_0.vtu,7d082cd2ad67fcb13c0d7167ca3cc3201797e7359be0584ac3c93d4a832ac03d,778,778,0,1,6.5549726486206055,6.558704376220703,0.0037317276000976562,0,1,17867,17708,107,111,108,110,identity,107,111,108,110,6.5549726486206055,6.5549726486206055,6.5549726486206055,6.558704376220703
pretrained_cnn,SR,/home/adadhwal/PhIRE/ttk_runs_fixed/cnn/pd/cnn_SR_s69_speed_p160_x0_y0_pd_port_0.vtu,7d082cd2ad67fcb13c0d7167ca3cc3201797e7359be0584ac3c93d4a832ac03d,779,779,1,1,6.566743850708008,6.817684650421143,0.25094079971313477,2,3,10861,10223,141,67,143,63,identity,141,67,143,63,6.566743850708008,6.566743850708008,6.566743850708008,6.817684650421143
pretrained_cnn,SR,/home/adadhwal/PhIRE/ttk_runs_fixed/cnn/pd/cnn_SR_s69_speed_p160_x0_y0_pd_port_0.vtu,7d082cd2ad67fcb13c0d7167ca3cc3201797e7359be0584ac3c93d4a832ac03d,780,780,0,1,6.578941822052002,6.590246200561523,0.011304378509521484,0,1,16077,15918,77,100,78,99,identity,77,100,78,99,6.578941822052002,6.578941822052002,6.578941822052002,6.590246200561523
pretrained_cnn,SR,/home/adadhwal/PhIRE/ttk_runs_fixed/cnn/pd/cnn_SR_s69_speed_p160_x0_y0_pd_port_0.vtu,7d082cd2ad67fcb13c0d7167ca3cc3201797e7359be0584ac3c93d4a832ac03d,781,781,0,1,6.580371856689453,6.6248884201049805,0.044516563415527344,0,1,5985,5664,65,37,64,35,identity,65,37,64,35,6.580371856689453,6.580371856689453,6.580371856689453,6.6248884201049805
pretrained_cnn,SR,/home/adadhwal/PhIRE/ttk_runs_fixed/cnn/pd/cnn_SR_s69_speed_p160_x0_y0_pd_port_0.vtu,7d082cd2ad67fcb13c0d7167ca3cc3201797e7359be0584ac3c93d4a832ac03d,782,782,1,1,6.598668098449707,6.784622669219971,0.18595457077026367,2,3,10541,10859,141,65,139,67,identity,141,65,139,67,6.598668098449707,6.598668098449707,6.598668098449707,6.784622669219971
pretrained_cnn,SR,/home/adadhwal/PhIRE/ttk_runs_fixed/cnn/pd/cnn_SR_s69_speed_p160_x0_y0_pd_port_0.vtu,7d082cd2ad67fcb13c0d7167ca3cc3201797e7359be0584ac3c93d4a832ac03d,783,783,0,1,6.603836536407471,6.892724990844727,0.28888845443725586,0,1,6149,6470,69,38,70,40,identity,69,38,70,40,6.603836536407471,6.603836536407471,6.603836536407471,6.892724990844727
pretrained_cnn,SR,/home/adadhwal/PhIRE/ttk_runs_fixed/cnn/pd/cnn_SR_s69_speed_p160_x0_y0_pd_port_0.vtu,7d082cd2ad67fcb13c0d7167ca3cc3201797e7359be0584ac3c93d4a832ac03d,784,784,0,1,6.603923797607422,6.985706806182861,0.38178300857543945,0,1,334,494,14,2,14,3,identity,14,2,14,3,6.603923797607422,6.603923797607422,6.603923797607422,6.985706806182861
pretrained_cnn,SR,/home/adadhwal/PhIRE/ttk_runs_fixed/cnn/pd/cnn_SR_s69_speed_p160_x0_y0_pd_port_0.vtu,7d082cd2ad67fcb13c0d7167ca3cc3201797e7359be0584ac3c93d4a832ac03d,785,785,1,1,6.607159614562988,6.630532741546631,0.023373126983642578,2,3,15757,15758,77,98,78,98,identity,77,98,78,98,6.607159614562988,6.607159614562988,6.607159614562988,6.630532741546631
pretrained_cnn,SR,/home/adadhwal/PhIRE/ttk_runs_fixed/cnn/pd/cnn_SR_s69_speed_p160_x0_y0_pd_port_0.vtu,7d082cd2ad67fcb13c0d7167ca3cc3201797e7359be0584ac3c93d4a832ac03d,786,786,0,1,6.607532024383545,6.613463401794434,0.005931377410888672,0,1,6461,6620,61,40,60,41,identity,61,40,60,41,6.607532024383545,6.607532024383545,6.607532024383545,6.613463401794434
pretrained_cnn,SR,/home/adadhwal/PhIRE/ttk_runs_fixed/cnn/pd/cnn_SR_s69_speed_p160_x0_y0_pd_port_0.vtu,7d082cd2ad67fcb13c0d7167ca3cc3201797e7359be0584ac3c93d4a832ac03d,787,787,0,1,6.608133792877197,6.621194362640381,0.013060569763183594,0,1,5824,5984,64,36,64,37,identity,64,36,64,37,6.608133792877197,6.608133792877197,6.608133792877197,6.621194362640381
pretrained_cnn,SR,/home/adadhwal/PhIRE/ttk_runs_fixed/cnn/pd/cnn_SR_s69_speed_p160_x0_y0_pd_port_0.vtu,7d082cd2ad67fcb13c0d7167ca3cc3201797e7359be0584ac3c93d4a832ac03d,788,788,0,1,6.608476638793945,6.618404865264893,0.009928226470947266,0,1,6310,6150,70,39,70,38,identity,70,39,70,38,6.608476638793945,6.608476638793945,6.608476638793945,6.618404865264893
pretrained_cnn,SR,/home/adadhwal/PhIRE/ttk_runs_fixed/cnn/pd/cnn_SR_s69_speed_p160_x0_y0_pd_port_0.vtu,7d082cd2ad67fcb13c0d7167ca3cc3201797e7359be0584ac3c93d4a832ac03d,789,789,1,1,6.609426498413086,6.734949588775635,0.12552309036254883,2,3,965,1125,5,6,5,7,identity,5,6,5,7,6.609426498413086,6.609426498413086,6.609426498413086,6.734949588775635
pretrained_cnn,SR,/home/adadhwal/PhIRE/ttk_runs_fixed/cnn/pd/cnn_SR_s69_speed_p160_x0_y0_pd_port_0.vtu,7d082cd2ad67fcb13c0d7167ca3cc3201797e7359be0584ac3c93d4a832ac03d,790,790,1,1,6.615412712097168,7.042079448699951,0.4266667366027832,2,3,16236,16717,76,101,77,104,identity,76,101,77,104,6.615412712097168,6.615412712097168,6.615412712097168,7.042079448699951
pretrained_cnn,SR,/home/adadhwal/PhIRE/ttk_runs_fixed/cnn/pd/cnn_SR_s69_speed_p160_x0_y0_pd_port_0.vtu,7d082cd2ad67fcb13c0d7167ca3cc3201797e7359be0584ac3c93d4a832ac03d,791,791,0,1,6.618494510650635,6.658950328826904,0.04045581817626953,0,1,25224,25222,104,157,102,157,identity,104,157,102,157,6.618494510650635,6.618494510650635,6.618494510650635,6.658950328826904
pretrained_cnn,SR,/home/adadhwal/PhIRE/ttk_runs_fixed/cnn/pd/cnn_SR_s69_speed_p160_x0_y0_pd_port_0.vtu,7d082cd2ad67fcb13c0d7167ca3cc3201797e7359be0584ac3c93d4a832ac03d,792,792,0,1,6.618921279907227,6.735318183898926,0.11639690399169922,0,1,25388,25227,108,158,107,157,identity,108,158,107,157,6.618921279907227,6.618921279907227,6.618921279907227,6.735318183898926
pretrained_cnn,SR,/home/adadhwal/PhIRE/ttk_runs_fixed/cnn/pd/cnn_SR_s69_speed_p160_x0_y0_pd_port_0.vtu,7d082cd2ad67fcb13c0d7167ca3cc3201797e7359be0584ac3c93d4a832ac03d,793,793,1,1,6.62267541885376,10.135034561157227,3.512359142303467,2,3,6297,3246,57,39,46,20,identity,57,39,46,20,6.62267541885376,6.62267541885376,6.62267541885376,10.135034561157227
pretrained_cnn,SR,/home/adadhwal/PhIRE/ttk_runs_fixed/cnn/pd/cnn_SR_s69_speed_p160_x0_y0_pd_port_0.vtu,7d082cd2ad67fcb13c0d7167ca3cc3201797e7359be0584ac3c93d4a832ac03d,794,794,0,1,6.628288269042969,6.700111389160156,0.0718231201171875,0,1,18666,18510,106,116,110,115,identity,106,116,110,115,6.628288269042969,6.628288269042969,6.628288269042969,6.700111389160156
pretrained_cnn,SR,/home/adadhwal/PhIRE/ttk_runs_fixed/cnn/pd/cnn_SR_s69_speed_p160_x0_y0_pd_port_0.vtu,7d082cd2ad67fcb13c0d7167ca3cc3201797e7359be0584ac3c93d4a832ac03d,795,795,0,1,6.643686771392822,6.749365329742432,0.10567855834960938,0,1,5993,5833,73,37,73,36,identity,73,37,73,36,6.643686771392822,6.643686771392822,6.643686771392822,6.749365329742432
pretrained_cnn,SR,/home/adadhwal/PhIRE/ttk_runs_fixed/cnn/pd/cnn_SR_s69_speed_p160_x0_y0_pd_port_0.vtu,7d082cd2ad67fcb13c0d7167ca3cc3201797e7359be0584ac3c93d4a832ac03d,796,796,0,1,6.649024486541748,6.716188430786133,0.06716394424438477,0,1,15621,15620,101,97,100,97,identity,101,97,100,97,6.649024486541748,6.649024486541748,6.649024486541748,6.716188430786133
pretrained_cnn,SR,/home/adadhwal/PhIRE/ttk_runs_fixed/cnn/pd/cnn_SR_s69_speed_p160_x0_y0_pd_port_0.vtu,7d082cd2ad67fcb13c0d7167ca3cc3201797e7359be0584ac3c93d4a832ac03d,797,797,1,1,6.651239395141602,6.755924224853516,0.10468482971191406,2,3,9736,9735,136,60,135,60,identity,136,60,135,60,6.651239395141602,6.651239395141602,6.651239395141602,6.755924224853516
pretrained_cnn,SR,/home/adadhwal/PhIRE/ttk_runs_fixed/cnn/pd/cnn_SR_s69_speed_p160_x0_y0_pd_port_0.vtu,7d082cd2ad67fcb13c0d7167ca3cc3201797e7359be0584ac3c93d4a832ac03d,798,798,1,1,6.6625471115112305,6.849071025848389,0.1865239143371582,2,3,11594,11434,74,72,74,71,identity,74,72,74,71,6.6625471115112305,6.6625471115112305,6.6625471115112305,6.849071025848389
pretrained_cnn,SR,/home/adadhwal/PhIRE/ttk_runs_fixed/cnn/pd/cnn_SR_s69_speed_p160_x0_y0_pd_port_0.vtu,7d082cd2ad67fcb13c0d7167ca3cc3201797e7359be0584ac3c93d4a832ac03d,799,799,0,1,6.662692070007324,6.680952548980713,0.018260478973388672,0,1,18669,18668,109,116,108,116,identity,109,116,108,116,6.662692070007324,6.662692070007324,6.662692070007324,6.680952548980713
pretrained_cnn,SR,/home/adadhwal/PhIRE/ttk_runs_fixed/cnn/pd/cnn_SR_s69_speed_p160_x0_y0_pd_port_0.vtu,7d082cd2ad67fcb13c0d7167ca3cc3201797e7359be0584ac3c93d4a832ac03d,800,800,0,1,6.667934894561768,6.80922269821167,0.14128780364990234,0,1,7427,7267,67,46,67,45,identity,67,46,67,45,6.667934894561768,6.667934894561768,6.667934894561768,6.80922269821167
pretrained_cnn,SR,/home/adadhwal/PhIRE/ttk_runs_fixed/cnn/pd/cnn_SR_s69_speed_p160_x0_y0_pd_port_0.vtu,7d082cd2ad67fcb13c0d7167ca3cc3201797e7359be0584ac3c93d4a832ac03d,801,801,0,1,6.6722636222839355,6.766989231109619,0.0947256088256836,0,1,21062,21382,102,131,102,133,identity,102,131,102,133,6.6722636222839355,6.6722636222839355,6.6722636222839355,6.766989231109619
pretrained_cnn,SR,/home/adadhwal/PhIRE/ttk_runs_fixed/cnn/pd/cnn_SR_s69_speed_p160_x0_y0_pd_port_0.vtu,7d082cd2ad67fcb13c0d7167ca3cc3201797e7359be0584ac3c93d4a832ac03d,802,802,1,1,6.6779022216796875,6.708666801452637,0.03076457977294922,2,3,10044,10043,124,62,123,62,identity,124,62,123,62,6.6779022216796875,6.6779022216796875,6.6779022216796875,6.708666801452637
pretrained_cnn,SR,/home/adadhwal/PhIRE/ttk_runs_fixed/cnn/pd/cnn_SR_s69_speed_p160_x0_y0_pd_port_0.vtu,7d082cd2ad67fcb13c0d7167ca3cc3201797e7359be0584ac3c93d4a832ac03d,803,803,0,1,6.688002586364746,6.755159854888916,0.06715726852416992,0,1,14238,14078,158,88,158,87,identity,158,88,158,87,6.688002586364746,6.688002586364746,6.688002586364746,6.755159854888916
pretrained_cnn,SR,/home/adadhwal/PhIRE/ttk_runs_fixed/cnn/pd/cnn_SR_s69_speed_p160_x0_y0_pd_port_0.vtu,7d082cd2ad67fcb13c0d7167ca3cc3201797e7359be0584ac3c93d4a832ac03d,804,804,1,1,6.697320461273193,6.727235317230225,0.02991485595703125,2,3,4850,4691,50,30,51,29,identity,50,30,51,29,6.697320461273193,6.697320461273193,6.697320461273193,6.727235317230225
pretrained_cnn,SR,/home/adadhwal/PhIRE/ttk_runs_fixed/cnn/pd/cnn_SR_s69_speed_p160_x0_y0_pd_port_0.vtu,7d082cd2ad67fcb13c0d7167ca3cc3201797e7359be0584ac3c93d4a832ac03d,805,805,1,1,6.7122721672058105,10.442231178283691,3.729959011077881,2,3,6948,5187,68,43,67,32,identity,68,43,67,32,6.7122721672058105,6.7122721672058105,6.7122721672058105,10.442231178283691
pretrained_cnn,SR,/home/adadhwal/PhIRE/ttk_runs_fixed/cnn/pd/cnn_SR_s69_speed_p160_x0_y0_pd_port_0.vtu,7d082cd2ad67fcb13c0d7167ca3cc3201797e7359be0584ac3c93d4a832ac03d,806,806,0,1,6.722806453704834,6.945967197418213,0.2231607437133789,0,1,20159,20157,159,125,157,125,identity,159,125,157,125,6.722806453704834,6.722806453704834,6.722806453704834,6.945967197418213
pretrained_cnn,SR,/home/adadhwal/PhIRE/ttk_runs_fixed/cnn/pd/cnn_SR_s69_speed_p160_x0_y0_pd_port_0.vtu,7d082cd2ad67fcb13c0d7167ca3cc3201797e7359be0584ac3c93d4a832ac03d,807,807,1,1,6.73427677154541,7.309418201446533,0.575141429901123,2,3,16102,15940,102,100,100,99,identity,102,100,100,99,6.73427677154541,6.73427677154541,6.73427677154541,7.309418201446533
pretrained_cnn,SR,/home/adadhwal/PhIRE/ttk_runs_fixed/cnn/pd/cnn_SR_s69_speed_p160_x0_y0_pd_port_0.vtu,7d082cd2ad67fcb13c0d7167ca3cc3201797e7359be0584ac3c93d4a832ac03d,808,808,0,1,6.739576816558838,6.762393951416016,0.022817134857177734,0,1,20250,20409,90,126,89,127,identity,90,126,89,127,6.739576816558838,6.739576816558838,6.739576816558838,6.762393951416016
pretrained_cnn,SR,/home/adadhwal/PhIRE/ttk_runs_fixed/cnn/pd/cnn_SR_s69_speed_p160_x0_y0_pd_port_0.vtu,7d082cd2ad67fcb13c0d7167ca3cc3201797e7359be0584ac3c93d4a832ac03d,809,809,1,1,6.753662586212158,6.77324104309082,0.01957845687866211,2,3,12764,12763,124,79,123,79,identity,124,79,123,79,6.753662586212158,6.753662586212158,6.753662586212158,6.77324104309082
pretrained_cnn,SR,/home/adadhwal/PhIRE/ttk_runs_fixed/cnn/pd/cnn_SR_s69_speed_p160_x0_y0_pd_port_0.vtu,7d082cd2ad67fcb13c0d7167ca3cc3201797e7359be0584ac3c93d4a832ac03d,810,810,1,1,6.760331153869629,7.001082420349121,0.2407512664794922,2,3,8407,8409,87,52,89,52,identity,87,52,89,52,6.760331153869629,6.760331153869629,6.760331153869629,7.001082420349121
pretrained_cnn,SR,/home/adadhwal/PhIRE/ttk_runs_fixed/cnn/pd/cnn_SR_s69_speed_p160_x0_y0_pd_port_0.vtu,7d082cd2ad67fcb13c0d7167ca3cc3201797e7359be0584ac3c93d4a832ac03d,811,811,1,1,6.760354995727539,6.9059553146362305,0.1456003189086914,2,3,18187,18189,107,113,109,113,identity,107,113,109,113,6.760354995727539,6.760354995727539,6.760354995727539,6.9059553146362305
pretrained_cnn,SR,/home/adadhwal/PhIRE/ttk_runs_fixed/cnn/pd/cnn_SR_s69_speed_p160_x0_y0_pd_port_0.vtu,7d082cd2ad67fcb13c0d7167ca3cc3201797e7359be0584ac3c93d4a832ac03d,812,812,0,1,6.777777194976807,6.8704376220703125,0.09266042709350586,0,1,480,640,0,3,0,4,identity,0,3,0,4,6.777777194976807,6.777777194976807,6.777777194976807,6.8704376220703125
pretrained_cnn,SR,/home/adadhwal/PhIRE/ttk_runs_fixed/cnn/pd/cnn_SR_s69_speed_p160_x0_y0_pd_port_0.vtu,7d082cd2ad67fcb13c0d7167ca3cc3201797e7359be0584ac3c93d4a832ac03d,813,813,1,1,6.779135704040527,7.016730308532715,0.2375946044921875,2,3,11827,12146,147,73,146,75,identity,147,73,146,75,6.779135704040527,6.779135704040527,6.779135704040527,7.016730308532715
pretrained_cnn,SR,/home/adadhwal/PhIRE/ttk_runs_fixed/cnn/pd/cnn_SR_s69_speed_p160_x0_y0_pd_port_0.vtu,7d082cd2ad67fcb13c0d7167ca3cc3201797e7359be0584ac3c93d4a832ac03d,814,814,0,1,6.797484874725342,6.8619232177734375,0.0644383430480957,0,1,324,484,4,2,4,3,identity,4,2,4,3,6.797484874725342,6.797484874725342,6.797484874725342,6.8619232177734375
pretrained_cnn,SR,/home/adadhwal/PhIRE/ttk_runs_fixed/cnn/pd/cnn_SR_s69_speed_p160_x0_y0_pd_port_0.vtu,7d082cd2ad67fcb13c0d7167ca3cc3201797e7359be0584ac3c93d4a832ac03d,815,815,0,1,6.808150291442871,6.931922435760498,0.12377214431762695,0,1,13910,13751,150,86,151,85,identity,150,86,151,85,6.808150291442871,6.808150291442871,6.808150291442871,6.931922435760498
pretrained_cnn,SR,/home/adadhwal/PhIRE/ttk_runs_fixed/cnn/pd/cnn_SR_s69_speed_p160_x0_y0_pd_port_0.vtu,7d082cd2ad67fcb13c0d7167ca3cc3201797e7359be0584ac3c93d4a832ac03d,816,816,1,1,6.81702184677124,7.373476505279541,0.5564546585083008,2,3,9035,9197,75,56,77,57,identity,75,56,77,57,6.81702184677124,6.81702184677124,6.81702184677124,7.373476505279541
pretrained_cnn,SR,/home/adadhwal/PhIRE/ttk_runs_fixed/cnn/pd/cnn_SR_s69_speed_p160_x0_y0_pd_port_0.vtu,7d082cd2ad67fcb13c0d7167ca3cc3201797e7359be0584ac3c93d4a832ac03d,817,817,1,1,6.821256637573242,7.119573593139648,0.29831695556640625,2,3,15622,15462,102,97,102,96,identity,102,97,102,96,6.821256637573242,6.821256637573242,6.821256637573242,7.119573593139648
pretrained_cnn,SR,/home/adadhwal/PhIRE/ttk_runs_fixed/cnn/pd/cnn_SR_s69_speed_p160_x0_y0_pd_port_0.vtu,7d082cd2ad67fcb13c0d7167ca3cc3201797e7359be0584ac3c93d4a832ac03d,818,818,1,1,6.832789897918701,6.938064098358154,0.10527420043945312,2,3,7428,7268,68,46,68,45,identity,68,46,68,45,6.832789897918701,6.832789897918701,6.832789897918701,6.938064098358154
pretrained_cnn,SR,/home/adadhwal/PhIRE/ttk_runs_fixed/cnn/pd/cnn_SR_s69_speed_p160_x0_y0_pd_port_0.vtu,7d082cd2ad67fcb13c0d7167ca3cc3201797e7359be0584ac3c93d4a832ac03d,819,819,0,1,6.855073928833008,7.045134544372559,0.19006061553955078,0,1,6605,6924,45,41,44,43,identity,45,41,44,43,6.855073928833008,6.855073928833008,6.855073928833008,7.045134544372559
pretrained_cnn,SR,/home/adadhwal/PhIRE/ttk_runs_fixed/cnn/pd/cnn_SR_s69_speed_p160_x0_y0_pd_port_0.vtu,7d082cd2ad67fcb13c0d7167ca3cc3201797e7359be0584ac3c93d4a832ac03d,820,820,1,1,6.8589067459106445,6.955904483795166,0.09699773788452148,2,3,17074,17073,114,106,113,106,identity,114,106,113,106,6.8589067459106445,6.8589067459106445,6.8589067459106445,6.955904483795166
pretrained_cnn,SR,/home/adadhwal/PhIRE/ttk_runs_fixed/cnn/pd/cnn_SR_s69_speed_p160_x0_y0_pd_port_0.vtu,7d082cd2ad67fcb13c0d7167ca3cc3201797e7359be0584ac3c93d4a832ac03d,821,821,0,1,6.876906871795654,7.127475738525391,0.25056886672973633,0,1,19655,19496,135,122,136,121,identity,135,122,136,121,6.876906871795654,6.876906871795654,6.876906871795654,7.127475738525391
pretrained_cnn,SR,/home/adadhwal/PhIRE/ttk_runs_fixed/cnn/pd/cnn_SR_s69_speed_p160_x0_y0_pd_port_0.vtu,7d082cd2ad67fcb13c0d7167ca3cc3201797e7359be0584ac3c93d4a832ac03d,822,822,1,1,6.885319232940674,7.137002944946289,0.25168371200561523,2,3,6462,6143,62,40,63,38,identity,62,40,63,38,6.885319232940674,6.885319232940674,6.885319232940674,7.137002944946289
pretrained_cnn,SR,/home/adadhwal/PhIRE/ttk_runs_fixed/cnn/pd/cnn_SR_s69_speed_p160_x0_y0_pd_port_0.vtu,7d082cd2ad67fcb13c0d7167ca3cc3201797e7359be0584ac3c93d4a832ac03d,823,823,0,1,6.889313697814941,6.9676194190979,0.07830572128295898,0,1,19305,19145,105,120,105,119,identity,105,120,105,119,6.889313697814941,6.889313697814941,6.889313697814941,6.9676194190979
pretrained_cnn,SR,/home/adadhwal/PhIRE/ttk_runs_fixed/cnn/pd/cnn_SR_s69_speed_p160_x0_y0_pd_port_0.vtu,7d082cd2ad67fcb13c0d7167ca3cc3201797e7359be0584ac3c93d4a832ac03d,824,824,1,1,6.891356468200684,7.096878528594971,0.2055220603942871,2,3,7811,7810,131,48,130,48,identity,131,48,130,48,6.891356468200684,6.891356468200684,6.891356468200684,7.096878528594971
pretrained_cnn,SR,/home/adadhwal/PhIRE/ttk_runs_fixed/cnn/pd/cnn_SR_s69_speed_p160_x0_y0_pd_port_0.vtu,7d082cd2ad67fcb13c0d7167ca3cc3201797e7359be0584ac3c93d4a832ac03d,825,825,1,1,6.913064479827881,6.917689323425293,0.004624843597412109,2,3,21689,21688,89,135,88,135,identity,89,135,88,135,6.913064479827881,6.913064479827881,6.913064479827881,6.917689323425293
pretrained_cnn,SR,/home/adadhwal/PhIRE/ttk_runs_fixed/cnn/pd/cnn_SR_s69_speed_p160_x0_y0_pd_port_0.vtu,7d082cd2ad67fcb13c0d7167ca3cc3201797e7359be0584ac3c93d4a832ac03d,826,826,0,1,6.916956424713135,7.137716293334961,0.22075986862182617,0,1,12950,13109,150,80,149,81,identity,150,80,149,81,6.916956424713135,6.916956424713135,6.916956424713135,7.137716293334961
pretrained_cnn,SR,/home/adadhwal/PhIRE/ttk_runs_fixed/cnn/pd/cnn_SR_s69_speed_p160_x0_y0_pd_port_0.vtu,7d082cd2ad67fcb13c0d7167ca3cc3201797e7359be0584ac3c93d4a832ac03d,827,827,1,1,6.954274654388428,9.31017017364502,2.355895519256592,2,3,4845,6291,45,30,51,39,identity,45,30,51,39,6.954274654388428,6.954274654388428,6.954274654388428,9.31017017364502
pretrained_cnn,SR,/home/adadhwal/PhIRE/ttk_runs_fixed/cnn/pd/cnn_SR_s69_speed_p160_x0_y0_pd_port_0.vtu,7d082cd2ad67fcb13c0d7167ca3cc3201797e7359be0584ac3c93d4a832ac03d,828,828,0,1,6.961945056915283,6.993038177490234,0.031093120574951172,0,1,7273,7113,73,45,73,44,identity,73,45,73,44,6.961945056915283,6.961945056915283,6.961945056915283,6.993038177490234
pretrained_cnn,SR,/home/adadhwal/PhIRE/ttk_runs_fixed/cnn/pd/cnn_SR_s69_speed_p160_x0_y0_pd_port_0.vtu,7d082cd2ad67fcb13c0d7167ca3cc3201797e7359be0584ac3c93d4a832ac03d,829,829,0,1,6.962629318237305,6.964371681213379,0.0017423629760742188,0,1,22,21,22,0,21,0,identity,22,0,21,0,6.962629318237305,6.962629318237305,6.962629318237305,6.964371681213379
pretrained_cnn,SR,/home/adadhwal/PhIRE/ttk_runs_fixed/cnn/pd/cnn_SR_s69_speed_p160_x0_y0_pd_port_0.vtu,7d082cd2ad67fcb13c0d7167ca3cc3201797e7359be0584ac3c93d4a832ac03d,830,830,1,1,6.967517375946045,7.0691819190979,0.10166454315185547,2,3,15945,15785,105,99,105,98,identity,105,99,105,98,6.967517375946045,6.967517375946045,6.967517375946045,7.0691819190979
pretrained_cnn,SR,/home/adadhwal/PhIRE/ttk_runs_fixed/cnn/pd/cnn_SR_s69_speed_p160_x0_y0_pd_port_0.vtu,7d082cd2ad67fcb13c0d7167ca3cc3201797e7359be0584ac3c93d4a832ac03d,831,831,1,1,6.967635631561279,7.448085784912109,0.4804501533508301,2,3,6941,6623,61,43,63,41,identity,61,43,63,41,6.967635631561279,6.967635631561279,6.967635631561279,7.448085784912109
pretrained_cnn,SR,/home/adadhwal/PhIRE/ttk_runs_fixed/cnn/pd/cnn_SR_s69_speed_p160_x0_y0_pd_port_0.vtu,7d082cd2ad67fcb13c0d7167ca3cc3201797e7359be0584ac3c93d4a832ac03d,832,832,0,1,6.972241401672363,7.696417331695557,0.7241759300231934,0,1,25244,25079,124,157,119,156,identity,124,157,119,156,6.972241401672363,6.972241401672363,6.972241401672363,7.696417331695557
pretrained_cnn,SR,/home/adadhwal/PhIRE/ttk_runs_fixed/cnn/pd/cnn_SR_s69_speed_p160_x0_y0_pd_port_0.vtu,7d082cd2ad67fcb13c0d7167ca3cc3201797e7359be0584ac3c93d4a832ac03d,833,833,0,1,6.974898338317871,7.06953763961792,0.09463930130004883,0,1,5168,5009,48,32,49,31,identity,48,32,49,31,6.974898338317871,6.974898338317871,6.974898338317871,7.06953763961792
pretrained_cnn,SR,/home/adadhwal/PhIRE/ttk_runs_fixed/cnn/pd/cnn_SR_s69_speed_p160_x0_y0_pd_port_0.vtu,7d082cd2ad67fcb13c0d7167ca3cc3201797e7359be0584ac3c93d4a832ac03d,834,834,1,1,6.976938724517822,6.991694450378418,0.014755725860595703,2,3,19147,19146,107,119,106,119,identity,107,119,106,119,6.976938724517822,6.976938724517822,6.976938724517822,6.991694450378418
pretrained_cnn,SR,/home/adadhwal/PhIRE/ttk_runs_fixed/cnn/pd/cnn_SR_s69_speed_p160_x0_y0_pd_port_0.vtu,7d082cd2ad67fcb13c0d7167ca3cc3201797e7359be0584ac3c93d4a832ac03d,835,835,0,1,6.981815814971924,8.00014877319336,1.0183329582214355,0,1,21433,20636,153,133,156,128,identity,153,133,156,128,6.981815814971924,6.981815814971924,6.981815814971924,8.00014877319336
pretrained_cnn,SR,/home/adadhwal/PhIRE/ttk_runs_fixed/cnn/pd/cnn_SR_s69_speed_p160_x0_y0_pd_port_0.vtu,7d082cd2ad67fcb13c0d7167ca3cc3201797e7359be0584ac3c93d4a832ac03d,836,836,0,1,6.981985569000244,7.167053699493408,0.18506813049316406,0,1,11508,11507,148,71,147,71,identity,148,71,147,71,6.981985569000244,6.981985569000244,6.981985569000244,7.167053699493408
pretrained_cnn,SR,/home/adadhwal/PhIRE/ttk_runs_fixed/cnn/pd/cnn_SR_s69_speed_p160_x0_y0_pd_port_0.vtu,7d082cd2ad67fcb13c0d7167ca3cc3201797e7359be0584ac3c93d4a832ac03d,837,837,1,1,7.017733573913574,7.441282749176025,0.42354917526245117,2,3,6307,6629,67,39,69,41,identity,67,39,69,41,7.017733573913574,7.017733573913574,7.017733573913574,7.441282749176025
pretrained_cnn,SR,/home/adadhwal/PhIRE/ttk_runs_fixed/cnn/pd/cnn_SR_s69_speed_p160_x0_y0_pd_port_0.vtu,7d082cd2ad67fcb13c0d7167ca3cc3201797e7359be0584ac3c93d4a832ac03d,838,838,1,1,7.037412166595459,7.098136901855469,0.060724735260009766,2,3,6301,6300,61,39,60,39,identity,61,39,60,39,7.037412166595459,7.037412166595459,7.037412166595459,7.098136901855469
pretrained_cnn,SR,/home/adadhwal/PhIRE/ttk_runs_fixed/cnn/pd/cnn_SR_s69_speed_p160_x0_y0_pd_port_0.vtu,7d082cd2ad67fcb13c0d7167ca3cc3201797e7359be0584ac3c93d4a832ac03d,839,839,0,1,7.039521217346191,7.049993991851807,0.010472774505615234,0,1,25072,25071,112,156,111,156,identity,112,156,111,156,7.039521217346191,7.039521217346191,7.039521217346191,7.049993991851807
pretrained_cnn,SR,/home/adadhwal/PhIRE/ttk_runs_fixed/cnn/pd/cnn_SR_s69_speed_p160_x0_y0_pd_port_0.vtu,7d082cd2ad67fcb13c0d7167ca3cc3201797e7359be0584ac3c93d4a832ac03d,840,840,1,1,7.044748306274414,9.588573455810547,2.543825149536133,2,3,5995,5196,75,37,76,32,identity,75,37,76,32,7.044748306274414,7.044748306274414,7.044748306274414,9.588573455810547
pretrained_cnn,SR,/home/adadhwal/PhIRE/ttk_runs_fixed/cnn/pd/cnn_SR_s69_speed_p160_x0_y0_pd_port_0.vtu,7d082cd2ad67fcb13c0d7167ca3cc3201797e7359be0584ac3c93d4a832ac03d,841,841,0,1,7.053614616394043,7.1576104164123535,0.10399580001831055,0,1,12078,12079,78,75,79,75,identity,78,75,79,75,7.053614616394043,7.053614616394043,7.053614616394043,7.1576104164123535
pretrained_cnn,SR,/home/adadhwal/PhIRE/ttk_runs_fixed/cnn/pd/cnn_SR_s69_speed_p160_x0_y0_pd_port_0.vtu,7d082cd2ad67fcb13c0d7167ca3cc3201797e7359be0584ac3c93d4a832ac03d,842,842,1,1,7.064765453338623,7.351501941680908,0.28673648834228516,2,3,11343,11342,143,70,142,70,identity,143,70,142,70,7.064765453338623,7.064765453338623,7.064765453338623,7.351501941680908
pretrained_cnn,SR,/home/adadhwal/PhIRE/ttk_runs_fixed/cnn/pd/cnn_SR_s69_speed_p160_x0_y0_pd_port_0.vtu,7d082cd2ad67fcb13c0d7167ca3cc3201797e7359be0584ac3c93d4a832ac03d,843,843,1,1,7.083057880401611,7.203258991241455,0.12020111083984375,2,3,18489,18966,89,115,86,118,identity,89,115,86,118,7.083057880401611,7.083057880401611,7.083057880401611,7.203258991241455
pretrained_cnn,SR,/home/adadhwal/PhIRE/ttk_runs_fixed/cnn/pd/cnn_SR_s69_speed_p160_x0_y0_pd_port_0.vtu,7d082cd2ad67fcb13c0d7167ca3cc3201797e7359be0584ac3c93d4a832ac03d,844,844,0,1,7.083289623260498,7.691878318786621,0.608588695526123,0,1,17115,16638,155,106,158,103,identity,155,106,158,103,7.083289623260498,7.083289623260498,7.083289623260498,7.691878318786621
pretrained_cnn,SR,/home/adadhwal/PhIRE/ttk_runs_fixed/cnn/pd/cnn_SR_s69_speed_p160_x0_y0_pd_port_0.vtu,7d082cd2ad67fcb13c0d7167ca3cc3201797e7359be0584ac3c93d4a832ac03d,845,845,1,1,7.085592746734619,7.099225044250488,0.01363229751586914,2,3,5007,5008,47,31,48,31,identity,47,31,48,31,7.085592746734619,7.085592746734619,7.085592746734619,7.099225044250488
pretrained_cnn,SR,/home/adadhwal/PhIRE/ttk_runs_fixed/cnn/pd/cnn_SR_s69_speed_p160_x0_y0_pd_port_0.vtu,7d082cd2ad67fcb13c0d7167ca3cc3201797e7359be0584ac3c93d4a832ac03d,846,846,1,1,7.101489543914795,7.118560791015625,0.017071247100830078,2,3,8369,8370,49,52,50,52,identity,49,52,50,52,7.101489543914795,7.101489543914795,7.101489543914795,7.118560791015625
pretrained_cnn,SR,/home/adadhwal/PhIRE/ttk_runs_fixed/cnn/pd/cnn_SR_s69_speed_p160_x0_y0_pd_port_0.vtu,7d082cd2ad67fcb13c0d7167ca3cc3201797e7359be0584ac3c93d4a832ac03d,847,847,0,1,7.123622417449951,7.161937236785889,0.0383148193359375,0,1,17852,18169,92,111,89,113,identity,92,111,89,113,7.123622417449951,7.123622417449951,7.123622417449951,7.161937236785889
pretrained_cnn,SR,/home/adadhwal/PhIRE/ttk_runs_fixed/cnn/pd/cnn_SR_s69_speed_p160_x0_y0_pd_port_0.vtu,7d082cd2ad67fcb13c0d7167ca3cc3201797e7359be0584ac3c93d4a832ac03d,848,848,1,1,7.126649379730225,8.451738357543945,1.3250889778137207,2,3,6151,6955,71,38,75,43,identity,71,38,75,43,7.126649379730225,7.126649379730225,7.126649379730225,8.451738357543945
pretrained_cnn,SR,/home/adadhwal/PhIRE/ttk_runs_fixed/cnn/pd/cnn_SR_s69_speed_p160_x0_y0_pd_port_0.vtu,7d082cd2ad67fcb13c0d7167ca3cc3201797e7359be0584ac3c93d4a832ac03d,849,849,0,1,7.140692710876465,7.145384311676025,0.004691600799560547,0,1,25562,25403,122,159,123,158,identity,122,159,123,158,7.140692710876465,7.140692710876465,7.140692710876465,7.145384311676025
pretrained_cnn,SR,/home/adadhwal/PhIRE/ttk_runs_fixed/cnn/pd/cnn_SR_s69_speed_p160_x0_y0_pd_port_0.vtu,7d082cd2ad67fcb13c0d7167ca3cc3201797e7359be0584ac3c93d4a832ac03d,850,850,0,1,7.161708354949951,7.207342624664307,0.04563426971435547,0,1,5655,5654,55,35,54,35,identity,55,35,54,35,7.161708354949951,7.161708354949951,7.161708354949951,7.207342624664307
pretrained_cnn,SR,/home/adadhwal/PhIRE/ttk_runs_fixed/cnn/pd/cnn_SR_s69_speed_p160_x0_y0_pd_port_0.vtu,7d082cd2ad67fcb13c0d7167ca3cc3201797e7359be0584ac3c93d4a832ac03d,851,851,1,1,7.167600631713867,7.541703701019287,0.3741030693054199,2,3,11349,11188,149,70,148,69,identity,149,70,148,69,7.167600631713867,7.167600631713867,7.167600631713867,7.541703701019287
pretrained_cnn,SR,/home/adadhwal/PhIRE/ttk_runs_fixed/cnn/pd/cnn_SR_s69_speed_p160_x0_y0_pd_port_0.vtu,7d082cd2ad67fcb13c0d7167ca3cc3201797e7359be0584ac3c93d4a832ac03d,852,852,0,1,7.17235803604126,7.188844203948975,0.016486167907714844,0,1,24433,24592,113,152,112,153,identity,113,152,112,153,7.17235803604126,7.17235803604126,7.17235803604126,7.188844203948975
pretrained_cnn,SR,/home/adadhwal/PhIRE/ttk_runs_fixed/cnn/pd/cnn_SR_s69_speed_p160_x0_y0_pd_port_0.vtu,7d082cd2ad67fcb13c0d7167ca3cc3201797e7359be0584ac3c93d4a832ac03d,853,853,0,1,7.178347587585449,7.179283142089844,0.0009355545043945312,0,1,14789,14948,69,92,68,93,identity,69,92,68,93,7.178347587585449,7.178347587585449,7.178347587585449,7.179283142089844
pretrained_cnn,SR,/home/adadhwal/PhIRE/ttk_runs_fixed/cnn/pd/cnn_SR_s69_speed_p160_x0_y0_pd_port_0.vtu,7d082cd2ad67fcb13c0d7167ca3cc3201797e7359be0584ac3c93d4a832ac03d,854,854,1,1,7.186097621917725,7.1942925453186035,0.008194923400878906,2,3,18167,18327,87,113,87,114,identity,87,113,87,114,7.186097621917725,7.186097621917725,7.186097621917725,7.1942925453186035
pretrained_cnn,SR,/home/adadhwal/PhIRE/ttk_runs_fixed/cnn/pd/cnn_SR_s69_speed_p160_x0_y0_pd_port_0.vtu,7d082cd2ad67fcb13c0d7167ca3cc3201797e7359be0584ac3c93d4a832ac03d,855,855,1,1,7.187254905700684,7.264728546142578,0.07747364044189453,2,3,14791,14953,71,92,73,93,identity,71,92,73,93,7.187254905700684,7.187254905700684,7.187254905700684,7.264728546142578
pretrained_cnn,SR,/home/adadhwal/PhIRE/ttk_runs_fixed/cnn/pd/cnn_SR_s69_speed_p160_x0_y0_pd_port_0.vtu,7d082cd2ad67fcb13c0d7167ca3cc3201797e7359be0584ac3c93d4a832ac03d,856,856,1,1,7.187254905700684,7.205172061920166,0.017917156219482422,2,3,14791,14950,71,92,70,93,identity,71,92,70,93,7.187254905700684,7.187254905700684,7.187254905700684,7.205172061920166
pretrained_cnn,SR,/home/adadhwal/PhIRE/ttk_runs_fixed/cnn/pd/cnn_SR_s69_speed_p160_x0_y0_pd_port_0.vtu,7d082cd2ad67fcb13c0d7167ca3cc3201797e7359be0584ac3c93d4a832ac03d,857,857,1,1,7.196532726287842,7.6545538902282715,0.4580211639404297,2,3,7593,7592,73,47,72,47,identity,73,47,72,47,7.196532726287842,7.196532726287842,7.196532726287842,7.6545538902282715
pretrained_cnn,SR,/home/adadhwal/PhIRE/ttk_runs_fixed/cnn/pd/cnn_SR_s69_speed_p160_x0_y0_pd_port_0.vtu,7d082cd2ad67fcb13c0d7167ca3cc3201797e7359be0584ac3c93d4a832ac03d,858,858,1,1,7.200589179992676,7.459227085113525,0.2586379051208496,2,3,2763,2602,43,17,42,16,identity,43,17,42,16,7.200589179992676,7.200589179992676,7.200589179992676,7.459227085113525
pretrained_cnn,SR,/home/adadhwal/PhIRE/ttk_runs_fixed/cnn/pd/cnn_SR_s69_speed_p160_x0_y0_pd_port_0.vtu,7d082cd2ad67fcb13c0d7167ca3cc3201797e7359be0584ac3c93d4a832ac03d,859,859,1,1,7.226387023925781,7.365374565124512,0.13898754119873047,2,3,2441,2440,41,15,40,15,identity,41,15,40,15,7.226387023925781,7.226387023925781,7.226387023925781,7.365374565124512
pretrained_cnn,SR,/home/adadhwal/PhIRE/ttk_runs_fixed/cnn/pd/cnn_SR_s69_speed_p160_x0_y0_pd_port_0.vtu,7d082cd2ad67fcb13c0d7167ca3cc3201797e7359be0584ac3c93d4a832ac03d,860,860,1,1,7.258679389953613,8.701510429382324,1.442831039428711,2,3,13908,12794,148,86,154,79,identity,148,86,154,79,7.258679389953613,7.258679389953613,7.258679389953613,8.701510429382324
pretrained_cnn,SR,/home/adadhwal/PhIRE/ttk_runs_fixed/cnn/pd/cnn_SR_s69_speed_p160_x0_y0_pd_port_0.vtu,7d082cd2ad67fcb13c0d7167ca3cc3201797e7359be0584ac3c93d4a832ac03d,861,861,1,1,7.265669345855713,7.304103851318359,0.038434505462646484,2,3,7767,7927,87,48,87,49,identity,87,48,87,49,7.265669345855713,7.265669345855713,7.265669345855713,7.304103851318359
pretrained_cnn,SR,/home/adadhwal/PhIRE/ttk_runs_fixed/cnn/pd/cnn_SR_s69_speed_p160_x0_y0_pd_port_0.vtu,7d082cd2ad67fcb13c0d7167ca3cc3201797e7359be0584ac3c93d4a832ac03d,862,862,1,1,7.279500961303711,7.562643527984619,0.2831425666809082,2,3,17695,17053,95,110,93,106,identity,95,110,93,106,7.279500961303711,7.279500961303711,7.279500961303711,7.562643527984619
pretrained_cnn,SR,/home/adadhwal/PhIRE/ttk_runs_fixed/cnn/pd/cnn_SR_s69_speed_p160_x0_y0_pd_port_0.vtu,7d082cd2ad67fcb13c0d7167ca3cc3201797e7359be0584ac3c93d4a832ac03d,863,863,1,1,7.283120155334473,7.969425678253174,0.6863055229187012,2,3,5656,5017,56,35,57,31,identity,56,35,57,31,7.283120155334473,7.283120155334473,7.283120155334473,7.969425678253174
pretrained_cnn,SR,/home/adadhwal/PhIRE/ttk_runs_fixed/cnn/pd/cnn_SR_s69_speed_p160_x0_y0_pd_port_0.vtu,7d082cd2ad67fcb13c0d7167ca3cc3201797e7359be0584ac3c93d4a832ac03d,864,864,1,1,7.293590545654297,7.644672393798828,0.35108184814453125,2,3,6473,6314,73,40,74,39,identity,73,40,74,39,7.293590545654297,7.293590545654297,7.293590545654297,7.644672393798828
pretrained_cnn,SR,/home/adadhwal/PhIRE/ttk_runs_fixed/cnn/pd/cnn_SR_s69_speed_p160_x0_y0_pd_port_0.vtu,7d082cd2ad67fcb13c0d7167ca3cc3201797e7359be0584ac3c93d4a832ac03d,865,865,1,1,7.312504291534424,11.216571807861328,3.9040675163269043,2,3,2749,4993,29,17,33,31,identity,29,17,33,31,7.312504291534424,7.312504291534424,7.312504291534424,11.216571807861328
pretrained_cnn,SR,/home/adadhwal/PhIRE/ttk_runs_fixed/cnn/pd/cnn_SR_s69_speed_p160_x0_y0_pd_port_0.vtu,7d082cd2ad67fcb13c0d7167ca3cc3201797e7359be0584ac3c93d4a832ac03d,866,866,0,1,7.315827369689941,7.564975261688232,0.24914789199829102,0,1,14,174,14,0,14,1,identity,14,0,14,1,7.315827369689941,7.315827369689941,7.315827369689941,7.564975261688232
pretrained_cnn,SR,/home/adadhwal/PhIRE/ttk_runs_fixed/cnn/pd/cnn_SR_s69_speed_p160_x0_y0_pd_port_0.vtu,7d082cd2ad67fcb13c0d7167ca3cc3201797e7359be0584ac3c93d4a832ac03d,867,867,1,1,7.318051815032959,7.364057540893555,0.0460057258605957,2,3,24267,24427,107,151,107,152,identity,107,151,107,152,7.318051815032959,7.318051815032959,7.318051815032959,7.364057540893555
pretrained_cnn,SR,/home/adadhwal/PhIRE/ttk_runs_fixed/cnn/pd/cnn_SR_s69_speed_p160_x0_y0_pd_port_0.vtu,7d082cd2ad67fcb13c0d7167ca3cc3201797e7359be0584ac3c93d4a832ac03d,868,868,1,1,7.320394992828369,7.352778911590576,0.03238391876220703,2,3,6628,6468,68,41,68,40,identity,68,41,68,40,7.320394992828369,7.320394992828369,7.320394992828369,7.352778911590576
pretrained_cnn,SR,/home/adadhwal/PhIRE/ttk_runs_fixed/cnn/pd/cnn_SR_s69_speed_p160_x0_y0_pd_port_0.vtu,7d082cd2ad67fcb13c0d7167ca3cc3201797e7359be0584ac3c93d4a832ac03d,869,869,1,1,7.32453727722168,7.365533828735352,0.040996551513671875,2,3,21707,22026,107,135,106,137,identity,107,135,106,137,7.32453727722168,7.32453727722168,7.32453727722168,7.365533828735352
pretrained_cnn,SR,/home/adadhwal/PhIRE/ttk_runs_fixed/cnn/pd/cnn_SR_s69_speed_p160_x0_y0_pd_port_0.vtu,7d082cd2ad67fcb13c0d7167ca3cc3201797e7359be0584ac3c93d4a832ac03d,870,870,1,1,7.360755443572998,7.378213882446289,0.017458438873291016,2,3,17371,17530,91,108,90,109,identity,91,108,90,109,7.360755443572998,7.360755443572998,7.360755443572998,7.378213882446289
pretrained_cnn,SR,/home/adadhwal/PhIRE/ttk_runs_fixed/cnn/pd/cnn_SR_s69_speed_p160_x0_y0_pd_port_0.vtu,7d082cd2ad67fcb13c0d7167ca3cc3201797e7359be0584ac3c93d4a832ac03d,871,871,0,1,7.374125957489014,7.4316020011901855,0.057476043701171875,0,1,20259,20578,99,126,98,128,identity,99,126,98,128,7.374125957489014,7.374125957489014,7.374125957489014,7.4316020011901855
pretrained_cnn,SR,/home/adadhwal/PhIRE/ttk_runs_fixed/cnn/pd/cnn_SR_s69_speed_p160_x0_y0_pd_port_0.vtu,7d082cd2ad67fcb13c0d7167ca3cc3201797e7359be0584ac3c93d4a832ac03d,872,872,1,1,7.381521224975586,7.495550632476807,0.1140294075012207,2,3,12076,11919,76,75,79,74,identity,76,75,79,74,7.381521224975586,7.381521224975586,7.381521224975586,7.495550632476807
pretrained_cnn,SR,/home/adadhwal/PhIRE/ttk_runs_fixed/cnn/pd/cnn_SR_s69_speed_p160_x0_y0_pd_port_0.vtu,7d082cd2ad67fcb13c0d7167ca3cc3201797e7359be0584ac3c93d4a832ac03d,873,873,1,1,7.386634349822998,7.795011043548584,0.40837669372558594,2,3,8134,7972,134,50,132,49,identity,134,50,132,49,7.386634349822998,7.386634349822998,7.386634349822998,7.795011043548584
pretrained_cnn,SR,/home/adadhwal/PhIRE/ttk_runs_fixed/cnn/pd/cnn_SR_s69_speed_p160_x0_y0_pd_port_0.vtu,7d082cd2ad67fcb13c0d7167ca3cc3201797e7359be0584ac3c93d4a832ac03d,874,874,1,1,7.387377738952637,7.809067726135254,0.4216899871826172,2,3,19783,19618,103,123,98,122,identity,103,123,98,122,7.387377738952637,7.387377738952637,7.387377738952637,7.809067726135254
pretrained_cnn,SR,/home/adadhwal/PhIRE/ttk_runs_fixed/cnn/pd/cnn_SR_s69_speed_p160_x0_y0_pd_port_0.vtu,7d082cd2ad67fcb13c0d7167ca3cc3201797e7359be0584ac3c93d4a832ac03d,875,875,1,1,7.4033660888671875,7.627804756164551,0.22443866729736328,2,3,5828,5830,68,36,70,36,identity,68,36,70,36,7.4033660888671875,7.4033660888671875,7.4033660888671875,7.627804756164551
pretrained_cnn,SR,/home/adadhwal/PhIRE/ttk_runs_fixed/cnn/pd/cnn_SR_s69_speed_p160_x0_y0_pd_port_0.vtu,7d082cd2ad67fcb13c0d7167ca3cc3201797e7359be0584ac3c93d4a832ac03d,876,876,0,1,7.416540622711182,7.499321937561035,0.08278131484985352,0,1,20112,20270,112,125,110,126,identity,112,125,110,126,7.416540622711182,7.416540622711182,7.416540622711182,7.499321937561035
pretrained_cnn,SR,/home/adadhwal/PhIRE/ttk_runs_fixed/cnn/pd/cnn_SR_s69_speed_p160_x0_y0_pd_port_0.vtu,7d082cd2ad67fcb13c0d7167ca3cc3201797e7359be0584ac3c93d4a832ac03d,877,877,0,1,7.433026313781738,7.9228644371032715,0.4898381233215332,0,1,21243,22354,123,132,114,139,identity,123,132,114,139,7.433026313781738,7.433026313781738,7.433026313781738,7.9228644371032715
pretrained_cnn,SR,/home/adadhwal/PhIRE/ttk_runs_fixed/cnn/pd/cnn_SR_s69_speed_p160_x0_y0_pd_port_0.vtu,7d082cd2ad67fcb13c0d7167ca3cc3201797e7359be0584ac3c93d4a832ac03d,878,878,1,1,7.4447126388549805,9.306787490844727,1.862074851989746,2,3,12060,13024,60,75,64,81,identity,60,75,64,81,7.4447126388549805,7.4447126388549805,7.4447126388549805,9.306787490844727
pretrained_cnn,SR,/home/adadhwal/PhIRE/ttk_runs_fixed/cnn/pd/cnn_SR_s69_speed_p160_x0_y0_pd_port_0.vtu,7d082cd2ad67fcb13c0d7167ca3cc3201797e7359be0584ac3c93d4a832ac03d,879,879,1,1,7.446529388427734,7.643218517303467,0.19668912887573242,2,3,17861,17223,101,111,103,107,identity,101,111,103,107,7.446529388427734,7.446529388427734,7.446529388427734,7.643218517303467
pretrained_cnn,SR,/home/adadhwal/PhIRE/ttk_runs_fixed/cnn/pd/cnn_SR_s69_speed_p160_x0_y0_pd_port_0.vtu,7d082cd2ad67fcb13c0d7167ca3cc3201797e7359be0584ac3c93d4a832ac03d,880,880,1,1,7.448801040649414,7.608827590942383,0.16002655029296875,2,3,20257,20576,97,126,96,128,identity,97,126,96,128,7.448801040649414,7.448801040649414,7.448801040649414,7.608827590942383
pretrained_cnn,SR,/home/adadhwal/PhIRE/ttk_runs_fixed/cnn/pd/cnn_SR_s69_speed_p160_x0_y0_pd_port_0.vtu,7d082cd2ad67fcb13c0d7167ca3cc3201797e7359be0584ac3c93d4a832ac03d,881,881,1,1,7.461016654968262,7.464290618896484,0.0032739639282226562,2,3,16586,16427,106,103,107,102,identity,106,103,107,102,7.461016654968262,7.461016654968262,7.461016654968262,7.464290618896484
pretrained_cnn,SR,/home/adadhwal/PhIRE/ttk_runs_fixed/cnn/pd/cnn_SR_s69_speed_p160_x0_y0_pd_port_0.vtu,7d082cd2ad67fcb13c0d7167ca3cc3201797e7359be0584ac3c93d4a832ac03d,882,882,0,1,7.463659286499023,7.570518970489502,0.10685968399047852,0,1,4865,5024,65,30,64,31,identity,65,30,64,31,7.463659286499023,7.463659286499023,7.463659286499023,7.570518970489502
pretrained_cnn,SR,/home/adadhwal/PhIRE/ttk_runs_fixed/cnn/pd/cnn_SR_s69_speed_p160_x0_y0_pd_port_0.vtu,7d082cd2ad67fcb13c0d7167ca3cc3201797e7359be0584ac3c93d4a832ac03d,883,883,1,1,7.471376895904541,7.494945526123047,0.02356863021850586,2,3,17213,17373,93,107,93,108,identity,93,107,93,108,7.471376895904541,7.471376895904541,7.471376895904541,7.494945526123047
pretrained_cnn,SR,/home/adadhwal/PhIRE/ttk_runs_fixed/cnn/pd/cnn_SR_s69_speed_p160_x0_y0_pd_port_0.vtu,7d082cd2ad67fcb13c0d7167ca3cc3201797e7359be0584ac3c93d4a832ac03d,884,884,1,1,7.478882789611816,7.732937335968018,0.25405454635620117,2,3,18980,18178,100,118,98,113,identity,100,118,98,113,7.478882789611816,7.478882789611816,7.478882789611816,7.732937335968018
pretrained_cnn,SR,/home/adadhwal/PhIRE/ttk_runs_fixed/cnn/pd/cnn_SR_s69_speed_p160_x0_y0_pd_port_0.vtu,7d082cd2ad67fcb13c0d7167ca3cc3201797e7359be0584ac3c93d4a832ac03d,885,885,1,1,7.491356372833252,7.932819366455078,0.44146299362182617,2,3,12310,12629,150,76,149,78,identity,150,76,149,78,7.491356372833252,7.491356372833252,7.491356372833252,7.932819366455078
pretrained_cnn,SR,/home/adadhwal/PhIRE/ttk_runs_fixed/cnn/pd/cnn_SR_s69_speed_p160_x0_y0_pd_port_0.vtu,7d082cd2ad67fcb13c0d7167ca3cc3201797e7359be0584ac3c93d4a832ac03d,886,886,1,1,7.500213146209717,7.588116645812988,0.08790349960327148,2,3,16904,16745,104,105,105,104,identity,104,105,105,104,7.500213146209717,7.500213146209717,7.500213146209717,7.588116645812988
pretrained_cnn,SR,/home/adadhwal/PhIRE/ttk_runs_fixed/cnn/pd/cnn_SR_s69_speed_p160_x0_y0_pd_port_0.vtu,7d082cd2ad67fcb13c0d7167ca3cc3201797e7359be0584ac3c93d4a832ac03d,887,887,0,1,7.501213550567627,7.580107688903809,0.07889413833618164,0,1,5965,6126,45,37,46,38,identity,45,37,46,38,7.501213550567627,7.501213550567627,7.501213550567627,7.580107688903809
pretrained_cnn,SR,/home/adadhwal/PhIRE/ttk_runs_fixed/cnn/pd/cnn_SR_s69_speed_p160_x0_y0_pd_port_0.vtu,7d082cd2ad67fcb13c0d7167ca3cc3201797e7359be0584ac3c93d4a832ac03d,888,888,1,1,7.501647472381592,7.681826114654541,0.18017864227294922,2,3,7447,7607,87,46,87,47,identity,87,46,87,47,7.501647472381592,7.501647472381592,7.501647472381592,7.681826114654541
pretrained_cnn,SR,/home/adadhwal/PhIRE/ttk_runs_fixed/cnn/pd/cnn_SR_s69_speed_p160_x0_y0_pd_port_0.vtu,7d082cd2ad67fcb13c0d7167ca3cc3201797e7359be0584ac3c93d4a832ac03d,889,889,0,1,7.5100507736206055,8.312541007995605,0.802490234375,0,1,24310,23653,150,151,133,147,identity,150,151,133,147,7.5100507736206055,7.5100507736206055,7.5100507736206055,8.312541007995605
pretrained_cnn,SR,/home/adadhwal/PhIRE/ttk_runs_fixed/cnn/pd/cnn_SR_s69_speed_p160_x0_y0_pd_port_0.vtu,7d082cd2ad67fcb13c0d7167ca3cc3201797e7359be0584ac3c93d4a832ac03d,890,890,1,1,7.524059772491455,7.573622226715088,0.04956245422363281,2,3,4704,4544,64,29,64,28,identity,64,29,64,28,7.524059772491455,7.524059772491455,7.524059772491455,7.573622226715088
pretrained_cnn,SR,/home/adadhwal/PhIRE/ttk_runs_fixed/cnn/pd/cnn_SR_s69_speed_p160_x0_y0_pd_port_0.vtu,7d082cd2ad67fcb13c0d7167ca3cc3201797e7359be0584ac3c93d4a832ac03d,891,891,1,1,7.533691883087158,7.568743705749512,0.035051822662353516,2,3,16746,16748,106,104,108,104,identity,106,104,108,104,7.533691883087158,7.533691883087158,7.533691883087158,7.568743705749512
pretrained_cnn,SR,/home/adadhwal/PhIRE/ttk_runs_fixed/cnn/pd/cnn_SR_s69_speed_p160_x0_y0_pd_port_0.vtu,7d082cd2ad67fcb13c0d7167ca3cc3201797e7359be0584ac3c93d4a832ac03d,892,892,0,1,7.546248435974121,7.564252853393555,0.018004417419433594,0,1,21561,21402,121,134,122,133,identity,121,134,122,133,7.546248435974121,7.546248435974121,7.546248435974121,7.564252853393555
pretrained_cnn,SR,/home/adadhwal/PhIRE/ttk_runs_fixed/cnn/pd/cnn_SR_s69_speed_p160_x0_y0_pd_port_0.vtu,7d082cd2ad67fcb13c0d7167ca3cc3201797e7359be0584ac3c93d4a832ac03d,893,893,1,1,7.558463096618652,7.7024407386779785,0.14397764205932617,2,3,5,165,5,0,5,1,identity,5,0,5,1,7.558463096618652,7.558463096618652,7.558463096618652,7.7024407386779785
pretrained_cnn,SR,/home/adadhwal/PhIRE/ttk_runs_fixed/cnn/pd/cnn_SR_s69_speed_p160_x0_y0_pd_port_0.vtu,7d082cd2ad67fcb13c0d7167ca3cc3201797e7359be0584ac3c93d4a832ac03d,894,894,1,1,7.577381134033203,7.596295356750488,0.018914222717285156,2,3,4705,4864,65,29,64,30,identity,65,29,64,30,7.577381134033203,7.577381134033203,7.577381134033203,7.596295356750488
pretrained_cnn,SR,/home/adadhwal/PhIRE/ttk_runs_fixed/cnn/pd/cnn_SR_s69_speed_p160_x0_y0_pd_port_0.vtu,7d082cd2ad67fcb13c0d7167ca3cc3201797e7359be0584ac3c93d4a832ac03d,895,895,0,1,7.585605144500732,7.742683410644531,0.15707826614379883,0,1,25570,25409,130,159,129,158,identity,130,159,129,158,7.585605144500732,7.585605144500732,7.585605144500732,7.742683410644531
pretrained_cnn,SR,/home/adadhwal/PhIRE/ttk_runs_fixed/cnn/pd/cnn_SR_s69_speed_p160_x0_y0_pd_port_0.vtu,7d082cd2ad67fcb13c0d7167ca3cc3201797e7359be0584ac3c93d4a832ac03d,896,896,1,1,7.591211318969727,7.776713848114014,0.1855025291442871,2,3,8132,8133,132,50,133,50,identity,132,50,133,50,7.591211318969727,7.591211318969727,7.591211318969727,7.776713848114014
pretrained_cnn,SR,/home/adadhwal/PhIRE/ttk_runs_fixed/cnn/pd/cnn_SR_s69_speed_p160_x0_y0_pd_port_0.vtu,7d082cd2ad67fcb13c0d7167ca3cc3201797e7359be0584ac3c93d4a832ac03d,897,897,0,1,7.598486423492432,7.645435810089111,0.04694938659667969,0,1,21725,21723,125,135,123,135,identity,125,135,123,135,7.598486423492432,7.598486423492432,7.598486423492432,7.645435810089111
pretrained_cnn,SR,/home/adadhwal/PhIRE/ttk_runs_fixed/cnn/pd/cnn_SR_s69_speed_p160_x0_y0_pd_port_0.vtu,7d082cd2ad67fcb13c0d7167ca3cc3201797e7359be0584ac3c93d4a832ac03d,898,898,0,1,7.633054733276367,7.733994007110596,0.10093927383422852,0,1,25586,25427,146,159,147,158,identity,146,159,147,158,7.633054733276367,7.633054733276367,7.633054733276367,7.733994007110596
pretrained_cnn,SR,/home/adadhwal/PhIRE/ttk_runs_fixed/cnn/pd/cnn_SR_s69_speed_p160_x0_y0_pd_port_0.vtu,7d082cd2ad67fcb13c0d7167ca3cc3201797e7359be0584ac3c93d4a832ac03d,899,899,0,1,7.642219543457031,7.814208030700684,0.17198848724365234,0,1,23641,23799,121,147,119,148,identity,121,147,119,148,7.642219543457031,7.642219543457031,7.642219543457031,7.814208030700684
pretrained_cnn,SR,/home/adadhwal/PhIRE/ttk_runs_fixed/cnn/pd/cnn_SR_s69_speed_p160_x0_y0_pd_port_0.vtu,7d082cd2ad67fcb13c0d7167ca3cc3201797e7359be0584ac3c93d4a832ac03d,900,900,0,1,7.646566867828369,7.740273475646973,0.09370660781860352,0,1,20286,20606,126,126,126,128,identity,126,126,126,128,7.646566867828369,7.646566867828369,7.646566867828369,7.740273475646973
pretrained_cnn,SR,/home/adadhwal/PhIRE/ttk_runs_fixed/cnn/pd/cnn_SR_s69_speed_p160_x0_y0_pd_port_0.vtu,7d082cd2ad67fcb13c0d7167ca3cc3201797e7359be0584ac3c93d4a832ac03d,901,901,1,1,7.646667957305908,7.663527011871338,0.016859054565429688,2,3,5176,5336,56,32,56,33,identity,56,32,56,33,7.646667957305908,7.646667957305908,7.646667957305908,7.663527011871338
pretrained_cnn,SR,/home/adadhwal/PhIRE/ttk_runs_fixed/cnn/pd/cnn_SR_s69_speed_p160_x0_y0_pd_port_0.vtu,7d082cd2ad67fcb13c0d7167ca3cc3201797e7359be0584ac3c93d4a832ac03d,902,902,0,1,7.6531267166137695,7.697184085845947,0.044057369232177734,0,1,25108,24949,148,156,149,155,identity,148,156,149,155,7.6531267166137695,7.6531267166137695,7.6531267166137695,7.697184085845947
pretrained_cnn,SR,/home/adadhwal/PhIRE/ttk_runs_fixed/cnn/pd/cnn_SR_s69_speed_p160_x0_y0_pd_port_0.vtu,7d082cd2ad67fcb13c0d7167ca3cc3201797e7359be0584ac3c93d4a832ac03d,903,903,0,1,7.67296838760376,7.685819625854492,0.012851238250732422,0,1,505,345,25,3,25,2,identity,25,3,25,2,7.67296838760376,7.67296838760376,7.67296838760376,7.685819625854492
pretrained_cnn,SR,/home/adadhwal/PhIRE/ttk_runs_fixed/cnn/pd/cnn_SR_s69_speed_p160_x0_y0_pd_port_0.vtu,7d082cd2ad67fcb13c0d7167ca3cc3201797e7359be0584ac3c93d4a832ac03d,904,904,1,1,7.684800148010254,7.709105014801025,0.024304866790771484,2,3,19789,19787,109,123,107,123,identity,109,123,107,123,7.684800148010254,7.684800148010254,7.684800148010254,7.709105014801025
pretrained_cnn,SR,/home/adadhwal/PhIRE/ttk_runs_fixed/cnn/pd/cnn_SR_s69_speed_p160_x0_y0_pd_port_0.vtu,7d082cd2ad67fcb13c0d7167ca3cc3201797e7359be0584ac3c93d4a832ac03d,905,905,1,1,7.693464756011963,7.724198818206787,0.03073406219482422,2,3,21566,21564,126,134,124,134,identity,126,134,124,134,7.693464756011963,7.693464756011963,7.693464756011963,7.724198818206787
pretrained_cnn,SR,/home/adadhwal/PhIRE/ttk_runs_fixed/cnn/pd/cnn_SR_s69_speed_p160_x0_y0_pd_port_0.vtu,7d082cd2ad67fcb13c0d7167ca3cc3201797e7359be0584ac3c93d4a832ac03d,906,906,1,1,7.704807758331299,8.18413257598877,0.4793248176574707,2,3,16954,16476,154,105,156,102,identity,154,105,156,102,7.704807758331299,7.704807758331299,7.704807758331299,8.18413257598877
pretrained_cnn,SR,/home/adadhwal/PhIRE/ttk_runs_fixed/cnn/pd/cnn_SR_s69_speed_p160_x0_y0_pd_port_0.vtu,7d082cd2ad67fcb13c0d7167ca3cc3201797e7359be0584ac3c93d4a832ac03d,907,907,1,1,7.713273525238037,7.721728324890137,0.00845479965209961,2,3,18177,18017,97,113,97,112,identity,97,113,97,112,7.713273525238037,7.713273525238037,7.713273525238037,7.721728324890137
pretrained_cnn,SR,/home/adadhwal/PhIRE/ttk_runs_fixed/cnn/pd/cnn_SR_s69_speed_p160_x0_y0_pd_port_0.vtu,7d082cd2ad67fcb13c0d7167ca3cc3201797e7359be0584ac3c93d4a832ac03d,908,908,0,1,7.721214294433594,8.094717979431152,0.3735036849975586,0,1,21759,21916,159,135,156,136,identity,159,135,156,136,7.721214294433594,7.721214294433594,7.721214294433594,8.094717979431152
pretrained_cnn,SR,/home/adadhwal/PhIRE/ttk_runs_fixed/cnn/pd/cnn_SR_s69_speed_p160_x0_y0_pd_port_0.vtu,7d082cd2ad67fcb13c0d7167ca3cc3201797e7359be0584ac3c93d4a832ac03d,909,909,0,1,7.7488813400268555,7.755260944366455,0.006379604339599609,0,1,22200,22041,120,138,121,137,identity,120,138,121,137,7.7488813400268555,7.7488813400268555,7.7488813400268555,7.755260944366455
pretrained_cnn,SR,/home/adadhwal/PhIRE/ttk_runs_fixed/cnn/pd/cnn_SR_s69_speed_p160_x0_y0_pd_port_0.vtu,7d082cd2ad67fcb13c0d7167ca3cc3201797e7359be0584ac3c93d4a832ac03d,910,910,1,1,7.756638526916504,8.623932838439941,0.8672943115234375,2,3,5646,5803,46,35,43,36,identity,46,35,43,36,7.756638526916504,7.756638526916504,7.756638526916504,8.623932838439941
pretrained_cnn,SR,/home/adadhwal/PhIRE/ttk_runs_fixed/cnn/pd/cnn_SR_s69_speed_p160_x0_y0_pd_port_0.vtu,7d082cd2ad67fcb13c0d7167ca3cc3201797e7359be0584ac3c93d4a832ac03d,911,911,0,1,7.776278495788574,7.827017784118652,0.050739288330078125,0,1,20918,21079,118,130,119,131,identity,118,130,119,131,7.776278495788574,7.776278495788574,7.776278495788574,7.827017784118652
pretrained_cnn,SR,/home/adadhwal/PhIRE/ttk_runs_fixed/cnn/pd/cnn_SR_s69_speed_p160_x0_y0_pd_port_0.vtu,7d082cd2ad67fcb13c0d7167ca3cc3201797e7359be0584ac3c93d4a832ac03d,912,912,1,1,7.77715539932251,7.802371501922607,0.025216102600097656,2,3,12713,12554,73,79,74,78,identity,73,79,74,78,7.77715539932251,7.77715539932251,7.77715539932251,7.802371501922607
pretrained_cnn,SR,/home/adadhwal/PhIRE/ttk_runs_fixed/cnn/pd/cnn_SR_s69_speed_p160_x0_y0_pd_port_0.vtu,7d082cd2ad67fcb13c0d7167ca3cc3201797e7359be0584ac3c93d4a832ac03d,913,913,0,1,7.794743061065674,7.825736045837402,0.030992984771728516,0,1,22357,22358,117,139,118,139,identity,117,139,118,139,7.794743061065674,7.794743061065674,7.794743061065674,7.825736045837402
pretrained_cnn,SR,/home/adadhwal/PhIRE/ttk_runs_fixed/cnn/pd/cnn_SR_s69_speed_p160_x0_y0_pd_port_0.vtu,7d082cd2ad67fcb13c0d7167ca3cc3201797e7359be0584ac3c93d4a832ac03d,914,914,0,1,7.798002243041992,7.8202924728393555,0.02229022979736328,0,1,20278,20276,118,126,116,126,identity,118,126,116,126,7.798002243041992,7.798002243041992,7.798002243041992,7.8202924728393555
pretrained_cnn,SR,/home/adadhwal/PhIRE/ttk_runs_fixed/cnn/pd/cnn_SR_s69_speed_p160_x0_y0_pd_port_0.vtu,7d082cd2ad67fcb13c0d7167ca3cc3201797e7359be0584ac3c93d4a832ac03d,915,915,0,1,7.809580326080322,7.809584617614746,4.291534423828125e-06,0,1,20117,20277,117,125,117,126,identity,117,125,117,126,7.809580326080322,7.809580326080322,7.809580326080322,7.809584617614746
pretrained_cnn,SR,/home/adadhwal/PhIRE/ttk_runs_fixed/cnn/pd/cnn_SR_s69_speed_p160_x0_y0_pd_port_0.vtu,7d082cd2ad67fcb13c0d7167ca3cc3201797e7359be0584ac3c93d4a832ac03d,916,916,1,1,7.820842266082764,7.828213691711426,0.007371425628662109,2,3,11897,12057,57,74,57,75,identity,57,74,57,75,7.820842266082764,7.820842266082764,7.820842266082764,7.828213691711426
pretrained_cnn,SR,/home/adadhwal/PhIRE/ttk_runs_fixed/cnn/pd/cnn_SR_s69_speed_p160_x0_y0_pd_port_0.vtu,7d082cd2ad67fcb13c0d7167ca3cc3201797e7359be0584ac3c93d4a832ac03d,917,917,0,1,7.823812484741211,7.849925994873047,0.026113510131835938,0,1,1,2,1,0,2,0,identity,1,0,2,0,7.823812484741211,7.823812484741211,7.823812484741211,7.849925994873047
pretrained_cnn,SR,/home/adadhwal/PhIRE/ttk_runs_fixed/cnn/pd/cnn_SR_s69_speed_p160_x0_y0_pd_port_0.vtu,7d082cd2ad67fcb13c0d7167ca3cc3201797e7359be0584ac3c93d4a832ac03d,918,918,1,1,7.844608306884766,8.447982788085938,0.6033744812011719,2,3,3710,3071,30,23,31,19,identity,30,23,31,19,7.844608306884766,7.844608306884766,7.844608306884766,8.447982788085938
pretrained_cnn,SR,/home/adadhwal/PhIRE/ttk_runs_fixed/cnn/pd/cnn_SR_s69_speed_p160_x0_y0_pd_port_0.vtu,7d082cd2ad67fcb13c0d7167ca3cc3201797e7359be0584ac3c93d4a832ac03d,919,919,1,1,7.849004745483398,10.81128978729248,2.962285041809082,2,3,972,1453,12,6,13,9,identity,12,6,13,9,7.849004745483398,7.849004745483398,7.849004745483398,10.81128978729248
pretrained_cnn,SR,/home/adadhwal/PhIRE/ttk_runs_fixed/cnn/pd/cnn_SR_s69_speed_p160_x0_y0_pd_port_0.vtu,7d082cd2ad67fcb13c0d7167ca3cc3201797e7359be0584ac3c93d4a832ac03d,920,920,0,1,7.855778217315674,7.871850967407227,0.016072750091552734,0,1,19322,19323,122,120,123,120,identity,122,120,123,120,7.855778217315674,7.855778217315674,7.855778217315674,7.871850967407227
pretrained_cnn,SR,/home/adadhwal/PhIRE/ttk_runs_fixed/cnn/pd/cnn_SR_s69_speed_p160_x0_y0_pd_port_0.vtu,7d082cd2ad67fcb13c0d7167ca3cc3201797e7359be0584ac3c93d4a832ac03d,921,921,0,1,7.858833312988281,8.168481826782227,0.3096485137939453,0,1,23187,23508,147,144,148,146,identity,147,144,148,146,7.858833312988281,7.858833312988281,7.858833312988281,8.168481826782227
pretrained_cnn,SR,/home/adadhwal/PhIRE/ttk_runs_fixed/cnn/pd/cnn_SR_s69_speed_p160_x0_y0_pd_port_0.vtu,7d082cd2ad67fcb13c0d7167ca3cc3201797e7359be0584ac3c93d4a832ac03d,922,922,1,1,7.8609747886657715,8.02759075164795,0.16661596298217773,2,3,161,162,1,1,2,1,identity,1,1,2,1,7.8609747886657715,7.8609747886657715,7.8609747886657715,8.02759075164795
pretrained_cnn,SR,/home/adadhwal/PhIRE/ttk_runs_fixed/cnn/pd/cnn_SR_s69_speed_p160_x0_y0_pd_port_0.vtu,7d082cd2ad67fcb13c0d7167ca3cc3201797e7359be0584ac3c93d4a832ac03d,923,923,1,1,7.903824806213379,7.9287428855896,0.024918079376220703,2,3,3072,2913,32,19,33,18,identity,32,19,33,18,7.903824806213379,7.903824806213379,7.903824806213379,7.9287428855896
pretrained_cnn,SR,/home/adadhwal/PhIRE/ttk_runs_fixed/cnn/pd/cnn_SR_s69_speed_p160_x0_y0_pd_port_0.vtu,7d082cd2ad67fcb13c0d7167ca3cc3201797e7359be0584ac3c93d4a832ac03d,924,924,1,1,7.91058349609375,8.054956436157227,0.14437294006347656,2,3,2610,2451,50,16,51,15,identity,50,16,51,15,7.91058349609375,7.91058349609375,7.91058349609375,8.054956436157227
pretrained_cnn,SR,/home/adadhwal/PhIRE/ttk_runs_fixed/cnn/pd/cnn_SR_s69_speed_p160_x0_y0_pd_port_0.vtu,7d082cd2ad67fcb13c0d7167ca3cc3201797e7359be0584ac3c93d4a832ac03d,925,925,0,1,7.91672420501709,7.9608473777771,0.044123172760009766,0,1,20914,20754,114,130,114,129,identity,114,130,114,129,7.91672420501709,7.91672420501709,7.91672420501709,7.9608473777771
pretrained_cnn,SR,/home/adadhwal/PhIRE/ttk_runs_fixed/cnn/pd/cnn_SR_s69_speed_p160_x0_y0_pd_port_0.vtu,7d082cd2ad67fcb13c0d7167ca3cc3201797e7359be0584ac3c93d4a832ac03d,926,926,0,1,7.947835445404053,8.008304595947266,0.06046915054321289,0,1,20441,20440,121,127,120,127,identity,121,127,120,127,7.947835445404053,7.947835445404053,7.947835445404053,8.008304595947266
pretrained_cnn,SR,/home/adadhwal/PhIRE/ttk_runs_fixed/cnn/pd/cnn_SR_s69_speed_p160_x0_y0_pd_port_0.vtu,7d082cd2ad67fcb13c0d7167ca3cc3201797e7359be0584ac3c93d4a832ac03d,927,927,1,1,7.9688849449157715,8.095734596252441,0.12684965133666992,2,3,21233,21072,113,132,112,131,identity,113,132,112,131,7.9688849449157715,7.9688849449157715,7.9688849449157715,8.095734596252441
pretrained_cnn,SR,/home/adadhwal/PhIRE/ttk_runs_fixed/cnn/pd/cnn_SR_s69_speed_p160_x0_y0_pd_port_0.vtu,7d082cd2ad67fcb13c0d7167ca3cc3201797e7359be0584ac3c93d4a832ac03d,928,928,1,1,7.9785237312316895,9.660581588745117,1.6820578575134277,2,3,20128,19012,128,125,132,118,identity,128,125,132,118,7.9785237312316895,7.9785237312316895,7.9785237312316895,9.660581588745117
pretrained_cnn,SR,/home/adadhwal/PhIRE/ttk_runs_fixed/cnn/pd/cnn_SR_s69_speed_p160_x0_y0_pd_port_0.vtu,7d082cd2ad67fcb13c0d7167ca3cc3201797e7359be0584ac3c93d4a832ac03d,929,929,1,1,7.984100341796875,8.711658477783203,0.7275581359863281,2,3,19320,18522,120,120,122,115,identity,120,120,122,115,7.984100341796875,7.984100341796875,7.984100341796875,8.711658477783203
pretrained_cnn,SR,/home/adadhwal/PhIRE/ttk_runs_fixed/cnn/pd/cnn_SR_s69_speed_p160_x0_y0_pd_port_0.vtu,7d082cd2ad67fcb13c0d7167ca3cc3201797e7359be0584ac3c93d4a832ac03d,930,930,0,1,7.994101524353027,8.02100658416748,0.026905059814453125,0,1,21915,21914,155,136,154,136,identity,155,136,154,136,7.994101524353027,7.994101524353027,7.994101524353027,8.02100658416748
pretrained_cnn,SR,/home/adadhwal/PhIRE/ttk_runs_fixed/cnn/pd/cnn_SR_s69_speed_p160_x0_y0_pd_port_0.vtu,7d082cd2ad67fcb13c0d7167ca3cc3201797e7359be0584ac3c93d4a832ac03d,931,931,0,1,7.997067928314209,8.012758255004883,0.015690326690673828,0,1,22706,23026,146,141,146,143,identity,146,141,146,143,7.997067928314209,7.997067928314209,7.997067928314209,8.012758255004883
pretrained_cnn,SR,/home/adadhwal/PhIRE/ttk_runs_fixed/cnn/pd/cnn_SR_s69_speed_p160_x0_y0_pd_port_0.vtu,7d082cd2ad67fcb13c0d7167ca3cc3201797e7359be0584ac3c93d4a832ac03d,932,932,1,1,8.013440132141113,8.33314323425293,0.3197031021118164,2,3,20599,21556,119,128,116,134,identity,119,128,116,134,8.013440132141113,8.013440132141113,8.013440132141113,8.33314323425293
pretrained_cnn,SR,/home/adadhwal/PhIRE/ttk_runs_fixed/cnn/pd/cnn_SR_s69_speed_p160_x0_y0_pd_port_0.vtu,7d082cd2ad67fcb13c0d7167ca3cc3201797e7359be0584ac3c93d4a832ac03d,933,933,1,1,8.022464752197266,8.155492782592773,0.1330280303955078,2,3,20916,20597,116,130,117,128,identity,116,130,117,128,8.022464752197266,8.022464752197266,8.022464752197266,8.155492782592773
pretrained_cnn,SR,/home/adadhwal/PhIRE/ttk_runs_fixed/cnn/pd/cnn_SR_s69_speed_p160_x0_y0_pd_port_0.vtu,7d082cd2ad67fcb13c0d7167ca3cc3201797e7359be0584ac3c93d4a832ac03d,934,934,1,1,8.025447845458984,8.088457107543945,0.06300926208496094,2,3,19635,19634,115,122,114,122,identity,115,122,114,122,8.025447845458984,8.025447845458984,8.025447845458984,8.088457107543945
pretrained_cnn,SR,/home/adadhwal/PhIRE/ttk_runs_fixed/cnn/pd/cnn_SR_s69_speed_p160_x0_y0_pd_port_0.vtu,7d082cd2ad67fcb13c0d7167ca3cc3201797e7359be0584ac3c93d4a832ac03d,935,935,1,1,8.034172058105469,8.06163501739502,0.02746295928955078,2,3,20601,20600,121,128,120,128,identity,121,128,120,128,8.034172058105469,8.034172058105469,8.034172058105469,8.06163501739502
pretrained_cnn,SR,/home/adadhwal/PhIRE/ttk_runs_fixed/cnn/pd/cnn_SR_s69_speed_p160_x0_y0_pd_port_0.vtu,7d082cd2ad67fcb13c0d7167ca3cc3201797e7359be0584ac3c93d4a832ac03d,936,936,1,1,8.060202598571777,8.075915336608887,0.015712738037109375,2,3,20450,20449,130,127,129,127,identity,130,127,129,127,8.060202598571777,8.060202598571777,8.060202598571777,8.075915336608887
pretrained_cnn,SR,/home/adadhwal/PhIRE/ttk_runs_fixed/cnn/pd/cnn_SR_s69_speed_p160_x0_y0_pd_port_0.vtu,7d082cd2ad67fcb13c0d7167ca3cc3201797e7359be0584ac3c93d4a832ac03d,937,937,0,1,8.06493091583252,8.089573860168457,0.0246429443359375,0,1,22719,22559,159,141,159,140,identity,159,141,159,140,8.06493091583252,8.06493091583252,8.06493091583252,8.089573860168457
pretrained_cnn,SR,/home/adadhwal/PhIRE/ttk_runs_fixed/cnn/pd/cnn_SR_s69_speed_p160_x0_y0_pd_port_0.vtu,7d082cd2ad67fcb13c0d7167ca3cc3201797e7359be0584ac3c93d4a832ac03d,938,938,1,1,8.082074165344238,8.576797485351562,0.4947233200073242,2,3,22839,23154,119,142,114,144,identity,119,142,114,144,8.082074165344238,8.082074165344238,8.082074165344238,8.576797485351562
pretrained_cnn,SR,/home/adadhwal/PhIRE/ttk_runs_fixed/cnn/pd/cnn_SR_s69_speed_p160_x0_y0_pd_port_0.vtu,7d082cd2ad67fcb13c0d7167ca3cc3201797e7359be0584ac3c93d4a832ac03d,939,939,1,1,8.093903541564941,8.186923027038574,0.09301948547363281,2,3,11578,11579,58,72,59,72,identity,58,72,59,72,8.093903541564941,8.093903541564941,8.093903541564941,8.186923027038574
pretrained_cnn,SR,/home/adadhwal/PhIRE/ttk_runs_fixed/cnn/pd/cnn_SR_s69_speed_p160_x0_y0_pd_port_0.vtu,7d082cd2ad67fcb13c0d7167ca3cc3201797e7359be0584ac3c93d4a832ac03d,940,940,1,1,8.0958890914917,8.132903099060059,0.037014007568359375,2,3,23963,24121,123,149,121,150,identity,123,149,121,150,8.0958890914917,8.0958890914917,8.0958890914917,8.132903099060059
pretrained_cnn,SR,/home/adadhwal/PhIRE/ttk_runs_fixed/cnn/pd/cnn_SR_s69_speed_p160_x0_y0_pd_port_0.vtu,7d082cd2ad67fcb13c0d7167ca3cc3201797e7359be0584ac3c93d4a832ac03d,941,941,1,1,8.109609603881836,8.140925407409668,0.03131580352783203,2,3,25558,25398,118,159,118,158,identity,118,159,118,158,8.109609603881836,8.109609603881836,8.109609603881836,8.140925407409668
pretrained_cnn,SR,/home/adadhwal/PhIRE/ttk_runs_fixed/cnn/pd/cnn_SR_s69_speed_p160_x0_y0_pd_port_0.vtu,7d082cd2ad67fcb13c0d7167ca3cc3201797e7359be0584ac3c93d4a832ac03d,942,942,1,1,8.110865592956543,8.21342945098877,0.10256385803222656,2,3,21437,21756,157,133,156,135,identity,157,133,156,135,8.110865592956543,8.110865592956543,8.110865592956543,8.21342945098877
pretrained_cnn,SR,/home/adadhwal/PhIRE/ttk_runs_fixed/cnn/pd/cnn_SR_s69_speed_p160_x0_y0_pd_port_0.vtu,7d082cd2ad67fcb13c0d7167ca3cc3201797e7359be0584ac3c93d4a832ac03d,943,943,0,1,8.115572929382324,8.468884468078613,0.35331153869628906,0,1,21737,22218,137,135,138,138,identity,137,135,138,138,8.115572929382324,8.115572929382324,8.115572929382324,8.468884468078613
pretrained_cnn,SR,/home/adadhwal/PhIRE/ttk_runs_fixed/cnn/pd/cnn_SR_s69_speed_p160_x0_y0_pd_port_0.vtu,7d082cd2ad67fcb13c0d7167ca3cc3201797e7359be0584ac3c93d4a832ac03d,944,944,0,1,8.121013641357422,8.390228271484375,0.2692146301269531,0,1,15501,15502,141,96,142,96,identity,141,96,142,96,8.121013641357422,8.121013641357422,8.121013641357422,8.390228271484375
pretrained_cnn,SR,/home/adadhwal/PhIRE/ttk_runs_fixed/cnn/pd/cnn_SR_s69_speed_p160_x0_y0_pd_port_0.vtu,7d082cd2ad67fcb13c0d7167ca3cc3201797e7359be0584ac3c93d4a832ac03d,945,945,1,1,8.133979797363281,8.308000564575195,0.17402076721191406,2,3,2588,2429,28,16,29,15,identity,28,16,29,15,8.133979797363281,8.133979797363281,8.133979797363281,8.308000564575195
pretrained_cnn,SR,/home/adadhwal/PhIRE/ttk_runs_fixed/cnn/pd/cnn_SR_s69_speed_p160_x0_y0_pd_port_0.vtu,7d082cd2ad67fcb13c0d7167ca3cc3201797e7359be0584ac3c93d4a832ac03d,946,946,0,1,8.135302543640137,8.25389289855957,0.1185903549194336,0,1,22850,23166,130,142,126,144,identity,130,142,126,144,8.135302543640137,8.135302543640137,8.135302543640137,8.25389289855957
pretrained_cnn,SR,/home/adadhwal/PhIRE/ttk_runs_fixed/cnn/pd/cnn_SR_s69_speed_p160_x0_y0_pd_port_0.vtu,7d082cd2ad67fcb13c0d7167ca3cc3201797e7359be0584ac3c93d4a832ac03d,947,947,1,1,8.141987800598145,8.290071487426758,0.14808368682861328,2,3,20122,20283,122,125,123,126,identity,122,125,123,126,8.141987800598145,8.141987800598145,8.141987800598145,8.290071487426758
pretrained_cnn,SR,/home/adadhwal/PhIRE/ttk_runs_fixed/cnn/pd/cnn_SR_s69_speed_p160_x0_y0_pd_port_0.vtu,7d082cd2ad67fcb13c0d7167ca3cc3201797e7359be0584ac3c93d4a832ac03d,948,948,1,1,8.146707534790039,8.246522903442383,0.09981536865234375,2,3,19799,19638,119,123,118,122,identity,119,123,118,122,8.146707534790039,8.146707534790039,8.146707534790039,8.246522903442383
pretrained_cnn,SR,/home/adadhwal/PhIRE/ttk_runs_fixed/cnn/pd/cnn_SR_s69_speed_p160_x0_y0_pd_port_0.vtu,7d082cd2ad67fcb13c0d7167ca3cc3201797e7359be0584ac3c93d4a832ac03d,949,949,0,1,8.15390396118164,8.180033683776855,0.026129722595214844,0,1,21419,21579,139,133,139,134,identity,139,133,139,134,8.15390396118164,8.15390396118164,8.15390396118164,8.180033683776855
pretrained_cnn,SR,/home/adadhwal/PhIRE/ttk_runs_fixed/cnn/pd/cnn_SR_s69_speed_p160_x0_y0_pd_port_0.vtu,7d082cd2ad67fcb13c0d7167ca3cc3201797e7359be0584ac3c93d4a832ac03d,950,950,0,1,8.158209800720215,8.175359725952148,0.017149925231933594,0,1,13666,13667,66,85,67,85,identity,66,85,67,85,8.158209800720215,8.158209800720215,8.158209800720215,8.175359725952148
pretrained_cnn,SR,/home/adadhwal/PhIRE/ttk_runs_fixed/cnn/pd/cnn_SR_s69_speed_p160_x0_y0_pd_port_0.vtu,7d082cd2ad67fcb13c0d7167ca3cc3201797e7359be0584ac3c93d4a832ac03d,951,951,0,1,8.166271209716797,8.254871368408203,0.08860015869140625,0,1,22717,22398,157,141,158,139,identity,157,141,158,139,8.166271209716797,8.166271209716797,8.166271209716797,8.254871368408203
pretrained_cnn,SR,/home/adadhwal/PhIRE/ttk_runs_fixed/cnn/pd/cnn_SR_s69_speed_p160_x0_y0_pd_port_0.vtu,7d082cd2ad67fcb13c0d7167ca3cc3201797e7359be0584ac3c93d4a832ac03d,952,952,1,1,8.167157173156738,8.220978736877441,0.053821563720703125,2,3,19802,19960,122,123,120,124,identity,122,123,120,124,8.167157173156738,8.167157173156738,8.167157173156738,8.220978736877441
pretrained_cnn,SR,/home/adadhwal/PhIRE/ttk_runs_fixed/cnn/pd/cnn_SR_s69_speed_p160_x0_y0_pd_port_0.vtu,7d082cd2ad67fcb13c0d7167ca3cc3201797e7359be0584ac3c93d4a832ac03d,953,953,1,1,8.173788070678711,9.488455772399902,1.3146677017211914,2,3,663,2266,23,4,26,14,identity,23,4,26,14,8.173788070678711,8.173788070678711,8.173788070678711,9.488455772399902
pretrained_cnn,SR,/home/adadhwal/PhIRE/ttk_runs_fixed/cnn/pd/cnn_SR_s69_speed_p160_x0_y0_pd_port_0.vtu,7d082cd2ad67fcb13c0d7167ca3cc3201797e7359be0584ac3c93d4a832ac03d,954,954,1,1,8.193634033203125,8.21147632598877,0.01784229278564453,2,3,23350,23509,150,145,149,146,identity,150,145,149,146,8.193634033203125,8.193634033203125,8.193634033203125,8.21147632598877
pretrained_cnn,SR,/home/adadhwal/PhIRE/ttk_runs_fixed/cnn/pd/cnn_SR_s69_speed_p160_x0_y0_pd_port_0.vtu,7d082cd2ad67fcb13c0d7167ca3cc3201797e7359be0584ac3c93d4a832ac03d,955,955,0,1,8.207193374633789,8.23971176147461,0.03251838684082031,0,1,23182,23023,142,144,143,143,identity,142,144,143,143,8.207193374633789,8.207193374633789,8.207193374633789,8.23971176147461
pretrained_cnn,SR,/home/adadhwal/PhIRE/ttk_runs_fixed/cnn/pd/cnn_SR_s69_speed_p160_x0_y0_pd_port_0.vtu,7d082cd2ad67fcb13c0d7167ca3cc3201797e7359be0584ac3c93d4a832ac03d,956,956,0,1,8.21809196472168,8.30950927734375,0.09141731262207031,0,1,23495,23178,135,146,138,144,identity,135,146,138,144,8.21809196472168,8.21809196472168,8.21809196472168,8.30950927734375
pretrained_cnn,SR,/home/adadhwal/PhIRE/ttk_runs_fixed/cnn/pd/cnn_SR_s69_speed_p160_x0_y0_pd_port_0.vtu,7d082cd2ad67fcb13c0d7167ca3cc3201797e7359be0584ac3c93d4a832ac03d,957,957,1,1,8.219381332397461,8.227673530578613,0.008292198181152344,2,3,5809,5808,49,36,48,36,identity,49,36,48,36,8.219381332397461,8.219381332397461,8.219381332397461,8.227673530578613
pretrained_cnn,SR,/home/adadhwal/PhIRE/ttk_runs_fixed/cnn/pd/cnn_SR_s69_speed_p160_x0_y0_pd_port_0.vtu,7d082cd2ad67fcb13c0d7167ca3cc3201797e7359be0584ac3c93d4a832ac03d,958,958,1,1,8.220787048339844,8.312328338623047,0.09154129028320312,2,3,5963,6123,43,37,43,38,identity,43,37,43,38,8.220787048339844,8.220787048339844,8.220787048339844,8.312328338623047
pretrained_cnn,SR,/home/adadhwal/PhIRE/ttk_runs_fixed/cnn/pd/cnn_SR_s69_speed_p160_x0_y0_pd_port_0.vtu,7d082cd2ad67fcb13c0d7167ca3cc3201797e7359be0584ac3c93d4a832ac03d,959,959,0,1,8.230122566223145,8.239153861999512,0.009031295776367188,0,1,23656,23496,136,147,136,146,identity,136,147,136,146,8.230122566223145,8.230122566223145,8.230122566223145,8.239153861999512
pretrained_cnn,SR,/home/adadhwal/PhIRE/ttk_runs_fixed/cnn/pd/cnn_SR_s69_speed_p160_x0_y0_pd_port_0.vtu,7d082cd2ad67fcb13c0d7167ca3cc3201797e7359be0584ac3c93d4a832ac03d,960,960,0,1,8.23083209991455,8.241767883300781,0.010935783386230469,0,1,13189,13029,69,82,69,81,identity,69,82,69,81,8.23083209991455,8.23083209991455,8.23083209991455,8.241767883300781
pretrained_cnn,SR,/home/adadhwal/PhIRE/ttk_runs_fixed/cnn/pd/cnn_SR_s69_speed_p160_x0_y0_pd_port_0.vtu,7d082cd2ad67fcb13c0d7167ca3cc3201797e7359be0584ac3c93d4a832ac03d,961,961,0,1,8.240715026855469,8.275350570678711,0.03463554382324219,0,1,23490,23650,130,146,130,147,identity,130,146,130,147,8.240715026855469,8.240715026855469,8.240715026855469,8.275350570678711
pretrained_cnn,SR,/home/adadhwal/PhIRE/ttk_runs_fixed/cnn/pd/cnn_SR_s69_speed_p160_x0_y0_pd_port_0.vtu,7d082cd2ad67fcb13c0d7167ca3cc3201797e7359be0584ac3c93d4a832ac03d,962,962,0,1,8.240860939025879,8.244294166564941,0.0034332275390625,0,1,23167,23008,127,144,128,143,identity,127,144,128,143,8.240860939025879,8.240860939025879,8.240860939025879,8.244294166564941
pretrained_cnn,SR,/home/adadhwal/PhIRE/ttk_runs_fixed/cnn/pd/cnn_SR_s69_speed_p160_x0_y0_pd_port_0.vtu,7d082cd2ad67fcb13c0d7167ca3cc3201797e7359be0584ac3c93d4a832ac03d,963,963,1,1,8.245223999023438,8.382676124572754,0.1374521255493164,2,3,11416,11417,56,71,57,71,identity,56,71,57,71,8.245223999023438,8.245223999023438,8.245223999023438,8.382676124572754
pretrained_cnn,SR,/home/adadhwal/PhIRE/ttk_runs_fixed/cnn/pd/cnn_SR_s69_speed_p160_x0_y0_pd_port_0.vtu,7d082cd2ad67fcb13c0d7167ca3cc3201797e7359be0584ac3c93d4a832ac03d,964,964,0,1,8.245344161987305,8.274688720703125,0.029344558715820312,0,1,23340,23181,140,145,141,144,identity,140,145,141,144,8.245344161987305,8.245344161987305,8.245344161987305,8.274688720703125
pretrained_cnn,SR,/home/adadhwal/PhIRE/ttk_runs_fixed/cnn/pd/cnn_SR_s69_speed_p160_x0_y0_pd_port_0.vtu,7d082cd2ad67fcb13c0d7167ca3cc3201797e7359be0584ac3c93d4a832ac03d,965,965,1,1,8.253440856933594,8.338430404663086,0.08498954772949219,2,3,3231,3390,31,20,30,21,identity,31,20,30,21,8.253440856933594,8.253440856933594,8.253440856933594,8.338430404663086
pretrained_cnn,SR,/home/adadhwal/PhIRE/ttk_runs_fixed/cnn/pd/cnn_SR_s69_speed_p160_x0_y0_pd_port_0.vtu,7d082cd2ad67fcb13c0d7167ca3cc3201797e7359be0584ac3c93d4a832ac03d,966,966,1,1,8.270112991333008,8.289909362792969,0.019796371459960938,2,3,22718,22558,158,141,158,140,identity,158,141,158,140,8.270112991333008,8.270112991333008,8.270112991333008,8.289909362792969
pretrained_cnn,SR,/home/adadhwal/PhIRE/ttk_runs_fixed/cnn/pd/cnn_SR_s69_speed_p160_x0_y0_pd_port_0.vtu,7d082cd2ad67fcb13c0d7167ca3cc3201797e7359be0584ac3c93d4a832ac03d,967,967,0,1,8.27304458618164,8.35840892791748,0.08536434173583984,0,1,20936,21416,136,130,136,133,identity,136,130,136,133,8.27304458618164,8.27304458618164,8.27304458618164,8.35840892791748
pretrained_cnn,SR,/home/adadhwal/PhIRE/ttk_runs_fixed/cnn/pd/cnn_SR_s69_speed_p160_x0_y0_pd_port_0.vtu,7d082cd2ad67fcb13c0d7167ca3cc3201797e7359be0584ac3c93d4a832ac03d,968,968,1,1,8.278403282165527,8.444225311279297,0.16582202911376953,2,3,19519,19518,159,121,158,121,identity,159,121,158,121,8.278403282165527,8.278403282165527,8.278403282165527,8.444225311279297
pretrained_cnn,SR,/home/adadhwal/PhIRE/ttk_runs_fixed/cnn/pd/cnn_SR_s69_speed_p160_x0_y0_pd_port_0.vtu,7d082cd2ad67fcb13c0d7167ca3cc3201797e7359be0584ac3c93d4a832ac03d,969,969,1,1,8.286930084228516,8.562789916992188,0.2758598327636719,2,3,23330,23648,130,145,128,147,identity,130,145,128,147,8.286930084228516,8.286930084228516,8.286930084228516,8.562789916992188
pretrained_cnn,SR,/home/adadhwal/PhIRE/ttk_runs_fixed/cnn/pd/cnn_SR_s69_speed_p160_x0_y0_pd_port_0.vtu,7d082cd2ad67fcb13c0d7167ca3cc3201797e7359be0584ac3c93d4a832ac03d,970,970,1,1,8.287193298339844,8.3516845703125,0.06449127197265625,2,3,13350,12871,70,83,71,80,identity,70,83,71,80,8.287193298339844,8.287193298339844,8.287193298339844,8.3516845703125
pretrained_cnn,SR,/home/adadhwal/PhIRE/ttk_runs_fixed/cnn/pd/cnn_SR_s69_speed_p160_x0_y0_pd_port_0.vtu,7d082cd2ad67fcb13c0d7167ca3cc3201797e7359be0584ac3c93d4a832ac03d,971,971,0,1,8.291498184204102,8.303492546081543,0.011994361877441406,0,1,23332,23331,132,145,131,145,identity,132,145,131,145,8.291498184204102,8.291498184204102,8.291498184204102,8.303492546081543
pretrained_cnn,SR,/home/adadhwal/PhIRE/ttk_runs_fixed/cnn/pd/cnn_SR_s69_speed_p160_x0_y0_pd_port_0.vtu,7d082cd2ad67fcb13c0d7167ca3cc3201797e7359be0584ac3c93d4a832ac03d,972,972,1,1,8.297636032104492,8.351388931274414,0.053752899169921875,2,3,13031,13192,71,81,72,82,identity,71,81,72,82,8.297636032104492,8.297636032104492,8.297636032104492,8.351388931274414
pretrained_cnn,SR,/home/adadhwal/PhIRE/ttk_runs_fixed/cnn/pd/cnn_SR_s69_speed_p160_x0_y0_pd_port_0.vtu,7d082cd2ad67fcb13c0d7167ca3cc3201797e7359be0584ac3c93d4a832ac03d,973,973,1,1,8.312877655029297,8.575262069702148,0.26238441467285156,2,3,15,175,15,0,15,1,identity,15,0,15,1,8.312877655029297,8.312877655029297,8.312877655029297,8.575262069702148
pretrained_cnn,SR,/home/adadhwal/PhIRE/ttk_runs_fixed/cnn/pd/cnn_SR_s69_speed_p160_x0_y0_pd_port_0.vtu,7d082cd2ad67fcb13c0d7167ca3cc3201797e7359be0584ac3c93d4a832ac03d,974,974,1,1,8.321154594421387,8.327811241149902,0.006656646728515625,2,3,23333,23492,133,145,132,146,identity,133,145,132,146,8.321154594421387,8.321154594421387,8.321154594421387,8.327811241149902
pretrained_cnn,SR,/home/adadhwal/PhIRE/ttk_runs_fixed/cnn/pd/cnn_SR_s69_speed_p160_x0_y0_pd_port_0.vtu,7d082cd2ad67fcb13c0d7167ca3cc3201797e7359be0584ac3c93d4a832ac03d,975,975,1,1,8.32164192199707,8.349930763244629,0.028288841247558594,2,3,13986,13987,66,87,67,87,identity,66,87,67,87,8.32164192199707,8.32164192199707,8.32164192199707,8.349930763244629
pretrained_cnn,SR,/home/adadhwal/PhIRE/ttk_runs_fixed/cnn/pd/cnn_SR_s69_speed_p160_x0_y0_pd_port_0.vtu,7d082cd2ad67fcb13c0d7167ca3cc3201797e7359be0584ac3c93d4a832ac03d,976,976,1,1,8.32795524597168,8.33668041229248,0.008725166320800781,2,3,19645,19644,125,122,124,122,identity,125,122,124,122,8.32795524597168,8.32795524597168,8.32795524597168,8.33668041229248
pretrained_cnn,SR,/home/adadhwal/PhIRE/ttk_runs_fixed/cnn/pd/cnn_SR_s69_speed_p160_x0_y0_pd_port_0.vtu,7d082cd2ad67fcb13c0d7167ca3cc3201797e7359be0584ac3c93d4a832ac03d,977,977,1,1,8.341557502746582,8.368245124816895,0.0266876220703125,2,3,13824,13985,64,86,65,87,identity,64,86,65,87,8.341557502746582,8.341557502746582,8.341557502746582,8.368245124816895
pretrained_cnn,SR,/home/adadhwal/PhIRE/ttk_runs_fixed/cnn/pd/cnn_SR_s69_speed_p160_x0_y0_pd_port_0.vtu,7d082cd2ad67fcb13c0d7167ca3cc3201797e7359be0584ac3c93d4a832ac03d,978,978,1,1,8.368535995483398,8.371864318847656,0.0033283233642578125,2,3,23813,23812,133,148,132,148,identity,133,148,132,148,8.368535995483398,8.368535995483398,8.368535995483398,8.371864318847656
pretrained_cnn,SR,/home/adadhwal/PhIRE/ttk_runs_fixed/cnn/pd/cnn_SR_s69_speed_p160_x0_y0_pd_port_0.vtu,7d082cd2ad67fcb13c0d7167ca3cc3201797e7359be0584ac3c93d4a832ac03d,979,979,1,1,8.373658180236816,8.420978546142578,0.04732036590576172,2,3,22684,22682,124,141,122,141,identity,124,141,122,141,8.373658180236816,8.373658180236816,8.373658180236816,8.420978546142578
pretrained_cnn,SR,/home/adadhwal/PhIRE/ttk_runs_fixed/cnn/pd/cnn_SR_s69_speed_p160_x0_y0_pd_port_0.vtu,7d082cd2ad67fcb13c0d7167ca3cc3201797e7359be0584ac3c93d4a832ac03d,980,980,1,1,8.40153694152832,10.390615463256836,1.9890785217285156,2,3,8630,8623,150,53,143,53,identity,150,53,143,53,8.40153694152832,8.40153694152832,8.40153694152832,10.390615463256836
pretrained_cnn,SR,/home/adadhwal/PhIRE/ttk_runs_fixed/cnn/pd/cnn_SR_s69_speed_p160_x0_y0_pd_port_0.vtu,7d082cd2ad67fcb13c0d7167ca3cc3201797e7359be0584ac3c93d4a832ac03d,981,981,1,1,8.410259246826172,8.474918365478516,0.06465911865234375,2,3,22367,22685,127,139,125,141,identity,127,139,125,141,8.410259246826172,8.410259246826172,8.410259246826172,8.474918365478516
pretrained_cnn,SR,/home/adadhwal/PhIRE/ttk_runs_fixed/cnn/pd/cnn_SR_s69_speed_p160_x0_y0_pd_port_0.vtu,7d082cd2ad67fcb13c0d7167ca3cc3201797e7359be0584ac3c93d4a832ac03d,982,982,0,1,8.417534828186035,8.642830848693848,0.2252960205078125,0,1,23839,23359,159,148,159,145,identity,159,148,159,145,8.417534828186035,8.417534828186035,8.417534828186035,8.642830848693848
pretrained_cnn,SR,/home/adadhwal/PhIRE/ttk_runs_fixed/cnn/pd/cnn_SR_s69_speed_p160_x0_y0_pd_port_0.vtu,7d082cd2ad67fcb13c0d7167ca3cc3201797e7359be0584ac3c93d4a832ac03d,983,983,0,1,8.417722702026367,8.728791236877441,0.3110685348510742,0,1,16940,17260,140,105,140,107,identity,140,105,140,107,8.417722702026367,8.417722702026367,8.417722702026367,8.728791236877441
pretrained_cnn,SR,/home/adadhwal/PhIRE/ttk_runs_fixed/cnn/pd/cnn_SR_s69_speed_p160_x0_y0_pd_port_0.vtu,7d082cd2ad67fcb13c0d7167ca3cc3201797e7359be0584ac3c93d4a832ac03d,984,984,1,1,8.421398162841797,8.759462356567383,0.33806419372558594,2,3,10070,9909,150,62,149,61,identity,150,62,149,61,8.421398162841797,8.421398162841797,8.421398162841797,8.759462356567383
pretrained_cnn,SR,/home/adadhwal/PhIRE/ttk_runs_fixed/cnn/pd/cnn_SR_s69_speed_p160_x0_y0_pd_port_0.vtu,7d082cd2ad67fcb13c0d7167ca3cc3201797e7359be0584ac3c93d4a832ac03d,985,985,1,1,8.422155380249023,8.758886337280273,0.33673095703125,2,3,24,343,24,0,23,2,identity,24,0,23,2,8.422155380249023,8.422155380249023,8.422155380249023,8.758886337280273
pretrained_cnn,SR,/home/adadhwal/PhIRE/ttk_runs_fixed/cnn/pd/cnn_SR_s69_speed_p160_x0_y0_pd_port_0.vtu,7d082cd2ad67fcb13c0d7167ca3cc3201797e7359be0584ac3c93d4a832ac03d,986,986,0,1,8.424530029296875,8.456352233886719,0.03182220458984375,0,1,22538,22539,138,140,139,140,identity,138,140,139,140,8.424530029296875,8.424530029296875,8.424530029296875,8.456352233886719
pretrained_cnn,SR,/home/adadhwal/PhIRE/ttk_runs_fixed/cnn/pd/cnn_SR_s69_speed_p160_x0_y0_pd_port_0.vtu,7d082cd2ad67fcb13c0d7167ca3cc3201797e7359be0584ac3c93d4a832ac03d,987,987,1,1,8.42478084564209,9.026124000549316,0.6013431549072266,2,3,10236,10073,156,63,153,62,identity,156,63,153,62,8.42478084564209,8.42478084564209,8.42478084564209,9.026124000549316
pretrained_cnn,SR,/home/adadhwal/PhIRE/ttk_runs_fixed/cnn/pd/cnn_SR_s69_speed_p160_x0_y0_pd_port_0.vtu,7d082cd2ad67fcb13c0d7167ca3cc3201797e7359be0584ac3c93d4a832ac03d,988,988,1,1,8.44962215423584,8.49189567565918,0.042273521423339844,2,3,6807,6647,87,42,87,41,identity,87,42,87,41,8.44962215423584,8.44962215423584,8.44962215423584,8.49189567565918
pretrained_cnn,SR,/home/adadhwal/PhIRE/ttk_runs_fixed/cnn/pd/cnn_SR_s69_speed_p160_x0_y0_pd_port_0.vtu,7d082cd2ad67fcb13c0d7167ca3cc3201797e7359be0584ac3c93d4a832ac03d,989,989,0,1,8.461864471435547,8.470419883728027,0.008555412292480469,0,1,24296,24295,136,151,135,151,identity,136,151,135,151,8.461864471435547,8.461864471435547,8.461864471435547,8.470419883728027
pretrained_cnn,SR,/home/adadhwal/PhIRE/ttk_runs_fixed/cnn/pd/cnn_SR_s69_speed_p160_x0_y0_pd_port_0.vtu,7d082cd2ad67fcb13c0d7167ca3cc3201797e7359be0584ac3c93d4a832ac03d,990,990,1,1,8.467360496520996,9.445938110351562,0.9785776138305664,2,3,22229,20629,149,138,149,128,identity,149,138,149,128,8.467360496520996,8.467360496520996,8.467360496520996,9.445938110351562
pretrained_cnn,SR,/home/adadhwal/PhIRE/ttk_runs_fixed/cnn/pd/cnn_SR_s69_speed_p160_x0_y0_pd_port_0.vtu,7d082cd2ad67fcb13c0d7167ca3cc3201797e7359be0584ac3c93d4a832ac03d,991,991,1,1,8.468574523925781,8.541515350341797,0.07294082641601562,2,3,19648,19647,128,122,127,122,identity,128,122,127,122,8.468574523925781,8.468574523925781,8.468574523925781,8.541515350341797
pretrained_cnn,SR,/home/adadhwal/PhIRE/ttk_runs_fixed/cnn/pd/cnn_SR_s69_speed_p160_x0_y0_pd_port_0.vtu,7d082cd2ad67fcb13c0d7167ca3cc3201797e7359be0584ac3c93d4a832ac03d,992,992,0,1,8.4890718460083,8.861278533935547,0.3722066879272461,0,1,25599,25594,159,159,154,159,identity,159,159,154,159,8.4890718460083,8.4890718460083,8.4890718460083,8.861278533935547
pretrained_cnn,SR,/home/adadhwal/PhIRE/ttk_runs_fixed/cnn/pd/cnn_SR_s69_speed_p160_x0_y0_pd_port_0.vtu,7d082cd2ad67fcb13c0d7167ca3cc3201797e7359be0584ac3c93d4a832ac03d,993,993,1,1,8.500836372375488,8.83331298828125,0.3324766159057617,2,3,21100,20457,140,131,137,127,identity,140,131,137,127,8.500836372375488,8.500836372375488,8.500836372375488,8.83331298828125
pretrained_cnn,SR,/home/adadhwal/PhIRE/ttk_runs_fixed/cnn/pd/cnn_SR_s69_speed_p160_x0_y0_pd_port_0.vtu,7d082cd2ad67fcb13c0d7167ca3cc3201797e7359be0584ac3c93d4a832ac03d,994,994,1,1,8.531967163085938,9.240572929382324,0.7086057662963867,2,3,7089,7568,49,44,48,47,identity,49,44,48,47,8.531967163085938,8.531967163085938,8.531967163085938,9.240572929382324
pretrained_cnn,SR,/home/adadhwal/PhIRE/ttk_runs_fixed/cnn/pd/cnn_SR_s69_speed_p160_x0_y0_pd_port_0.vtu,7d082cd2ad67fcb13c0d7167ca3cc3201797e7359be0584ac3c93d4a832ac03d,995,995,1,1,8.533207893371582,8.585176467895508,0.05196857452392578,2,3,22211,22049,131,138,129,137,identity,131,138,129,137,8.533207893371582,8.533207893371582,8.533207893371582,8.585176467895508
pretrained_cnn,SR,/home/adadhwal/PhIRE/ttk_runs_fixed/cnn/pd/cnn_SR_s69_speed_p160_x0_y0_pd_port_0.vtu,7d082cd2ad67fcb13c0d7167ca3cc3201797e7359be0584ac3c93d4a832ac03d,996,996,1,1,8.562188148498535,8.608981132507324,0.04679298400878906,2,3,23977,23975,137,149,135,149,identity,137,149,135,149,8.562188148498535,8.562188148498535,8.562188148498535,8.608981132507324
pretrained_cnn,SR,/home/adadhwal/PhIRE/ttk_runs_fixed/cnn/pd/cnn_SR_s69_speed_p160_x0_y0_pd_port_0.vtu,7d082cd2ad67fcb13c0d7167ca3cc3201797e7359be0584ac3c93d4a832ac03d,997,997,1,1,8.562882423400879,8.566338539123535,0.00345611572265625,2,3,23155,23156,115,144,116,144,identity,115,144,116,144,8.562882423400879,8.562882423400879,8.562882423400879,8.566338539123535
pretrained_cnn,SR,/home/adadhwal/PhIRE/ttk_runs_fixed/cnn/pd/cnn_SR_s69_speed_p160_x0_y0_pd_port_0.vtu,7d082cd2ad67fcb13c0d7167ca3cc3201797e7359be0584ac3c93d4a832ac03d,998,998,1,1,8.564521789550781,9.20120906829834,0.6366872787475586,2,3,23036,22873,156,143,153,142,identity,156,143,153,142,8.564521789550781,8.564521789550781,8.564521789550781,9.20120906829834
pretrained_cnn,SR,/home/adadhwal/PhIRE/ttk_runs_fixed/cnn/pd/cnn_SR_s69_speed_p160_x0_y0_pd_port_0.vtu,7d082cd2ad67fcb13c0d7167ca3cc3201797e7359be0584ac3c93d4a832ac03d,999,999,1,1,8.574556350708008,8.78561782836914,0.2110614776611328,2,3,21573,22376,133,134,136,139,identity,133,134,136,139,8.574556350708008,8.574556350708008,8.574556350708008,8.78561782836914
pretrained_cnn,SR,/home/adadhwal/PhIRE/ttk_runs_fixed/cnn/pd/cnn_SR_s69_speed_p160_x0_y0_pd_port_0.vtu,7d082cd2ad67fcb13c0d7167ca3cc3201797e7359be0584ac3c93d4a832ac03d,1000,1000,0,1,8.581624984741211,8.619617462158203,0.03799247741699219,0,1,24777,24617,137,154,137,153,identity,137,154,137,153,8.581624984741211,8.581624984741211,8.581624984741211,8.619617462158203
pretrained_cnn,SR,/home/adadhwal/PhIRE/ttk_runs_fixed/cnn/pd/cnn_SR_s69_speed_p160_x0_y0_pd_port_0.vtu,7d082cd2ad67fcb13c0d7167ca3cc3201797e7359be0584ac3c93d4a832ac03d,1001,1001,1,1,8.590483665466309,8.664215087890625,0.0737314224243164,2,3,22214,21893,134,138,133,136,identity,134,138,133,136,8.590483665466309,8.590483665466309,8.590483665466309,8.664215087890625
pretrained_cnn,SR,/home/adadhwal/PhIRE/ttk_runs_fixed/cnn/pd/cnn_SR_s69_speed_p160_x0_y0_pd_port_0.vtu,7d082cd2ad67fcb13c0d7167ca3cc3201797e7359be0584ac3c93d4a832ac03d,1002,1002,1,1,8.634404182434082,8.680334091186523,0.045929908752441406,2,3,7582,7423,62,47,63,46,identity,62,47,63,46,8.634404182434082,8.634404182434082,8.634404182434082,8.680334091186523
pretrained_cnn,SR,/home/adadhwal/PhIRE/ttk_runs_fixed/cnn/pd/cnn_SR_s69_speed_p160_x0_y0_pd_port_0.vtu,7d082cd2ad67fcb13c0d7167ca3cc3201797e7359be0584ac3c93d4a832ac03d,1003,1003,1,1,8.651556015014648,8.78882884979248,0.13727283477783203,2,3,8456,8455,136,52,135,52,identity,136,52,135,52,8.651556015014648,8.651556015014648,8.651556015014648,8.78882884979248
pretrained_cnn,SR,/home/adadhwal/PhIRE/ttk_runs_fixed/cnn/pd/cnn_SR_s69_speed_p160_x0_y0_pd_port_0.vtu,7d082cd2ad67fcb13c0d7167ca3cc3201797e7359be0584ac3c93d4a832ac03d,1004,1004,0,1,8.653461456298828,8.687776565551758,0.03431510925292969,0,1,15978,16136,138,99,136,100,identity,138,99,136,100,8.653461456298828,8.653461456298828,8.653461456298828,8.687776565551758
pretrained_cnn,SR,/home/adadhwal/PhIRE/ttk_runs_fixed/cnn/pd/cnn_SR_s69_speed_p160_x0_y0_pd_port_0.vtu,7d082cd2ad67fcb13c0d7167ca3cc3201797e7359be0584ac3c93d4a832ac03d,1005,1005,1,1,8.655428886413574,8.694990158081055,0.03956127166748047,2,3,24775,24615,135,154,135,153,identity,135,154,135,153,8.655428886413574,8.655428886413574,8.655428886413574,8.694990158081055
pretrained_cnn,SR,/home/adadhwal/PhIRE/ttk_runs_fixed/cnn/pd/cnn_SR_s69_speed_p160_x0_y0_pd_port_0.vtu,7d082cd2ad67fcb13c0d7167ca3cc3201797e7359be0584ac3c93d4a832ac03d,1006,1006,1,1,8.68254280090332,8.711844444274902,0.02930164337158203,2,3,6931,6930,51,43,50,43,identity,51,43,50,43,8.68254280090332,8.68254280090332,8.68254280090332,8.711844444274902
pretrained_cnn,SR,/home/adadhwal/PhIRE/ttk_runs_fixed/cnn/pd/cnn_SR_s69_speed_p160_x0_y0_pd_port_0.vtu,7d082cd2ad67fcb13c0d7167ca3cc3201797e7359be0584ac3c93d4a832ac03d,1007,1007,1,1,8.687434196472168,8.769286155700684,0.08185195922851562,2,3,20615,20773,135,128,133,129,identity,135,128,133,129,8.687434196472168,8.687434196472168,8.687434196472168,8.769286155700684
pretrained_cnn,SR,/home/adadhwal/PhIRE/ttk_runs_fixed/cnn/pd/cnn_SR_s69_speed_p160_x0_y0_pd_port_0.vtu,7d082cd2ad67fcb13c0d7167ca3cc3201797e7359be0584ac3c93d4a832ac03d,1008,1008,1,1,8.687447547912598,8.705072402954102,0.017624855041503906,2,3,24943,24944,143,155,144,155,identity,143,155,144,155,8.687447547912598,8.687447547912598,8.687447547912598,8.705072402954102
pretrained_cnn,SR,/home/adadhwal/PhIRE/ttk_runs_fixed/cnn/pd/cnn_SR_s69_speed_p160_x0_y0_pd_port_0.vtu,7d082cd2ad67fcb13c0d7167ca3cc3201797e7359be0584ac3c93d4a832ac03d,1009,1009,1,1,8.688722610473633,8.71877384185791,0.030051231384277344,2,3,24937,24936,137,155,136,155,identity,137,155,136,155,8.688722610473633,8.688722610473633,8.688722610473633,8.71877384185791
pretrained_cnn,SR,/home/adadhwal/PhIRE/ttk_runs_fixed/cnn/pd/cnn_SR_s69_speed_p160_x0_y0_pd_port_0.vtu,7d082cd2ad67fcb13c0d7167ca3cc3201797e7359be0584ac3c93d4a832ac03d,1010,1010,1,1,8.693169593811035,8.694169044494629,0.00099945068359375,2,3,22221,22380,141,138,140,139,identity,141,138,140,139,8.693169593811035,8.693169593811035,8.693169593811035,8.694169044494629
pretrained_cnn,SR,/home/adadhwal/PhIRE/ttk_runs_fixed/cnn/pd/cnn_SR_s69_speed_p160_x0_y0_pd_port_0.vtu,7d082cd2ad67fcb13c0d7167ca3cc3201797e7359be0584ac3c93d4a832ac03d,1011,1011,0,1,8.700509071350098,8.72718620300293,0.02667713165283203,0,1,6132,5973,52,38,53,37,identity,52,38,53,37,8.700509071350098,8.700509071350098,8.700509071350098,8.72718620300293
pretrained_cnn,SR,/home/adadhwal/PhIRE/ttk_runs_fixed/cnn/pd/cnn_SR_s69_speed_p160_x0_y0_pd_port_0.vtu,7d082cd2ad67fcb13c0d7167ca3cc3201797e7359be0584ac3c93d4a832ac03d,1012,1012,0,1,8.702201843261719,8.770611763000488,0.06840991973876953,0,1,25596,25598,156,159,158,159,identity,156,159,158,159,8.702201843261719,8.702201843261719,8.702201843261719,8.770611763000488
pretrained_cnn,SR,/home/adadhwal/PhIRE/ttk_runs_fixed/cnn/pd/cnn_SR_s69_speed_p160_x0_y0_pd_port_0.vtu,7d082cd2ad67fcb13c0d7167ca3cc3201797e7359be0584ac3c93d4a832ac03d,1013,1013,1,1,8.725266456604004,8.731230735778809,0.0059642791748046875,2,3,20933,21093,133,130,133,131,identity,133,130,133,131,8.725266456604004,8.725266456604004,8.725266456604004,8.731230735778809
pretrained_cnn,SR,/home/adadhwal/PhIRE/ttk_runs_fixed/cnn/pd/cnn_SR_s69_speed_p160_x0_y0_pd_port_0.vtu,7d082cd2ad67fcb13c0d7167ca3cc3201797e7359be0584ac3c93d4a832ac03d,1014,1014,1,1,8.738038063049316,8.835375785827637,0.09733772277832031,2,3,23837,23517,157,148,157,146,identity,157,148,157,146,8.738038063049316,8.738038063049316,8.738038063049316,8.835375785827637
pretrained_cnn,SR,/home/adadhwal/PhIRE/ttk_runs_fixed/cnn/pd/cnn_SR_s69_speed_p160_x0_y0_pd_port_0.vtu,7d082cd2ad67fcb13c0d7167ca3cc3201797e7359be0584ac3c93d4a832ac03d,1015,1015,1,1,8.754444122314453,9.205960273742676,0.45151615142822266,2,3,24940,24141,140,155,141,150,identity,140,155,141,150,8.754444122314453,8.754444122314453,8.754444122314453,9.205960273742676
pretrained_cnn,SR,/home/adadhwal/PhIRE/ttk_runs_fixed/cnn/pd/cnn_SR_s69_speed_p160_x0_y0_pd_port_0.vtu,7d082cd2ad67fcb13c0d7167ca3cc3201797e7359be0584ac3c93d4a832ac03d,1016,1016,1,1,8.763993263244629,8.770503044128418,0.0065097808837890625,2,3,24157,23997,157,150,157,149,identity,157,150,157,149,8.763993263244629,8.763993263244629,8.763993263244629,8.770503044128418
pretrained_cnn,SR,/home/adadhwal/PhIRE/ttk_runs_fixed/cnn/pd/cnn_SR_s69_speed_p160_x0_y0_pd_port_0.vtu,7d082cd2ad67fcb13c0d7167ca3cc3201797e7359be0584ac3c93d4a832ac03d,1017,1017,1,1,8.774582862854004,9.406830787658691,0.6322479248046875,2,3,1624,1144,24,10,24,7,identity,24,10,24,7,8.774582862854004,8.774582862854004,8.774582862854004,9.406830787658691
pretrained_cnn,SR,/home/adadhwal/PhIRE/ttk_runs_fixed/cnn/pd/cnn_SR_s69_speed_p160_x0_y0_pd_port_0.vtu,7d082cd2ad67fcb13c0d7167ca3cc3201797e7359be0584ac3c93d4a832ac03d,1018,1018,1,1,8.790647506713867,8.832113265991211,0.04146575927734375,2,3,16135,16294,135,100,134,101,identity,135,100,134,101,8.790647506713867,8.790647506713867,8.790647506713867,8.832113265991211
pretrained_cnn,SR,/home/adadhwal/PhIRE/ttk_runs_fixed/cnn/pd/cnn_SR_s69_speed_p160_x0_y0_pd_port_0.vtu,7d082cd2ad67fcb13c0d7167ca3cc3201797e7359be0584ac3c93d4a832ac03d,1019,1019,1,1,8.857693672180176,9.114264488220215,0.25657081604003906,2,3,2104,1943,24,13,23,12,identity,24,13,23,12,8.857693672180176,8.857693672180176,8.857693672180176,9.114264488220215
pretrained_cnn,SR,/home/adadhwal/PhIRE/ttk_runs_fixed/cnn/pd/cnn_SR_s69_speed_p160_x0_y0_pd_port_0.vtu,7d082cd2ad67fcb13c0d7167ca3cc3201797e7359be0584ac3c93d4a832ac03d,1020,1020,1,1,8.858162879943848,8.87117862701416,0.0130157470703125,2,3,22551,22391,151,140,151,139,identity,151,140,151,139,8.858162879943848,8.858162879943848,8.858162879943848,8.87117862701416
pretrained_cnn,SR,/home/adadhwal/PhIRE/ttk_runs_fixed/cnn/pd/cnn_SR_s69_speed_p160_x0_y0_pd_port_0.vtu,7d082cd2ad67fcb13c0d7167ca3cc3201797e7359be0584ac3c93d4a832ac03d,1021,1021,1,1,8.867269515991211,8.877562522888184,0.010293006896972656,2,3,6292,6133,52,39,53,38,identity,52,39,53,38,8.867269515991211,8.867269515991211,8.867269515991211,8.877562522888184
pretrained_cnn,SR,/home/adadhwal/PhIRE/ttk_runs_fixed/cnn/pd/cnn_SR_s69_speed_p160_x0_y0_pd_port_0.vtu,7d082cd2ad67fcb13c0d7167ca3cc3201797e7359be0584ac3c93d4a832ac03d,1022,1022,1,1,8.892200469970703,8.953041076660156,0.060840606689453125,2,3,25578,25418,138,159,138,158,identity,138,159,138,158,8.892200469970703,8.892200469970703,8.892200469970703,8.953041076660156
pretrained_cnn,SR,/home/adadhwal/PhIRE/ttk_runs_fixed/cnn/pd/cnn_SR_s69_speed_p160_x0_y0_pd_port_0.vtu,7d082cd2ad67fcb13c0d7167ca3cc3201797e7359be0584ac3c93d4a832ac03d,1023,1023,1,1,8.910419464111328,8.978842735290527,0.06842327117919922,2,3,17098,17099,138,106,139,106,identity,138,106,139,106,8.910419464111328,8.910419464111328,8.910419464111328,8.978842735290527
pretrained_cnn,SR,/home/adadhwal/PhIRE/ttk_runs_fixed/cnn/pd/cnn_SR_s69_speed_p160_x0_y0_pd_port_0.vtu,7d082cd2ad67fcb13c0d7167ca3cc3201797e7359be0584ac3c93d4a832ac03d,1024,1024,1,1,8.92039680480957,9.651358604431152,0.730961799621582,2,3,15972,16928,132,99,128,105,identity,132,99,128,105,8.92039680480957,8.92039680480957,8.92039680480957,9.651358604431152
pretrained_cnn,SR,/home/adadhwal/PhIRE/ttk_runs_fixed/cnn/pd/cnn_SR_s69_speed_p160_x0_y0_pd_port_0.vtu,7d082cd2ad67fcb13c0d7167ca3cc3201797e7359be0584ac3c93d4a832ac03d,1025,1025,0,1,8.96005916595459,9.025090217590332,0.06503105163574219,0,1,17109,17269,149,106,149,107,identity,149,106,149,107,8.96005916595459,8.96005916595459,8.96005916595459,9.025090217590332
pretrained_cnn,SR,/home/adadhwal/PhIRE/ttk_runs_fixed/cnn/pd/cnn_SR_s69_speed_p160_x0_y0_pd_port_0.vtu,7d082cd2ad67fcb13c0d7167ca3cc3201797e7359be0584ac3c93d4a832ac03d,1026,1026,1,1,8.962377548217773,9.592524528503418,0.6301469802856445,2,3,16765,16601,125,104,121,103,identity,125,104,121,103,8.962377548217773,8.962377548217773,8.962377548217773,9.592524528503418
pretrained_cnn,SR,/home/adadhwal/PhIRE/ttk_runs_fixed/cnn/pd/cnn_SR_s69_speed_p160_x0_y0_pd_port_0.vtu,7d082cd2ad67fcb13c0d7167ca3cc3201797e7359be0584ac3c93d4a832ac03d,1027,1027,1,1,8.999300956726074,9.004956245422363,0.0056552886962890625,2,3,21906,22065,146,136,145,137,identity,146,136,145,137,8.999300956726074,8.999300956726074,8.999300956726074,9.004956245422363
pretrained_cnn,SR,/home/adadhwal/PhIRE/ttk_runs_fixed/cnn/pd/cnn_SR_s69_speed_p160_x0_y0_pd_port_0.vtu,7d082cd2ad67fcb13c0d7167ca3cc3201797e7359be0584ac3c93d4a832ac03d,1028,1028,1,1,9.058816909790039,9.147567749023438,0.08875083923339844,2,3,16450,16290,130,102,130,101,identity,130,102,130,101,9.058816909790039,9.058816909790039,9.058816909790039,9.147567749023438
pretrained_cnn,SR,/home/adadhwal/PhIRE/ttk_runs_fixed/cnn/pd/cnn_SR_s69_speed_p160_x0_y0_pd_port_0.vtu,7d082cd2ad67fcb13c0d7167ca3cc3201797e7359be0584ac3c93d4a832ac03d,1029,1029,1,1,9.060812950134277,9.11757755279541,0.05676460266113281,2,3,16949,16791,149,105,151,104,identity,149,105,151,104,9.060812950134277,9.060812950134277,9.060812950134277,9.11757755279541
pretrained_cnn,SR,/home/adadhwal/PhIRE/ttk_runs_fixed/cnn/pd/cnn_SR_s69_speed_p160_x0_y0_pd_port_0.vtu,7d082cd2ad67fcb13c0d7167ca3cc3201797e7359be0584ac3c93d4a832ac03d,1030,1030,1,1,9.064813613891602,9.426552772521973,0.3617391586303711,2,3,20947,21265,147,130,145,132,identity,147,130,145,132,9.064813613891602,9.064813613891602,9.064813613891602,9.426552772521973
pretrained_cnn,SR,/home/adadhwal/PhIRE/ttk_runs_fixed/cnn/pd/cnn_SR_s69_speed_p160_x0_y0_pd_port_0.vtu,7d082cd2ad67fcb13c0d7167ca3cc3201797e7359be0584ac3c93d4a832ac03d,1031,1031,1,1,9.091776847839355,9.24055004119873,0.148773193359375,2,3,12864,12543,64,80,63,78,identity,64,80,63,78,9.091776847839355,9.091776847839355,9.091776847839355,9.24055004119873
pretrained_cnn,SR,/home/adadhwal/PhIRE/ttk_runs_fixed/cnn/pd/cnn_SR_s69_speed_p160_x0_y0_pd_port_0.vtu,7d082cd2ad67fcb13c0d7167ca3cc3201797e7359be0584ac3c93d4a832ac03d,1032,1032,0,1,9.102334022521973,9.189608573913574,0.08727455139160156,0,1,16786,16627,146,104,147,103,identity,146,104,147,103,9.102334022521973,9.102334022521973,9.102334022521973,9.189608573913574
pretrained_cnn,SR,/home/adadhwal/PhIRE/ttk_runs_fixed/cnn/pd/cnn_SR_s69_speed_p160_x0_y0_pd_port_0.vtu,7d082cd2ad67fcb13c0d7167ca3cc3201797e7359be0584ac3c93d4a832ac03d,1033,1033,1,1,9.189939498901367,9.389760971069336,0.19982147216796875,2,3,16603,16604,123,103,124,103,identity,123,103,124,103,9.189939498901367,9.189939498901367,9.189939498901367,9.389760971069336
pretrained_cnn,SR,/home/adadhwal/PhIRE/ttk_runs_fixed/cnn/pd/cnn_SR_s69_speed_p160_x0_y0_pd_port_0.vtu,7d082cd2ad67fcb13c0d7167ca3cc3201797e7359be0584ac3c93d4a832ac03d,1034,1034,1,1,9.230914115905762,9.277491569519043,0.04657745361328125,2,3,10773,10932,53,67,52,68,identity,53,67,52,68,9.230914115905762,9.230914115905762,9.230914115905762,9.277491569519043
pretrained_cnn,SR,/home/adadhwal/PhIRE/ttk_runs_fixed/cnn/pd/cnn_SR_s69_speed_p160_x0_y0_pd_port_0.vtu,7d082cd2ad67fcb13c0d7167ca3cc3201797e7359be0584ac3c93d4a832ac03d,1035,1035,1,1,9.258898735046387,9.642681121826172,0.38378238677978516,2,3,8620,8619,140,53,139,53,identity,140,53,139,53,9.258898735046387,9.258898735046387,9.258898735046387,9.642681121826172
pretrained_cnn,SR,/home/adadhwal/PhIRE/ttk_runs_fixed/cnn/pd/cnn_SR_s69_speed_p160_x0_y0_pd_port_0.vtu,7d082cd2ad67fcb13c0d7167ca3cc3201797e7359be0584ac3c93d4a832ac03d,1036,1036,0,1,9.269257545471191,9.414999961853027,0.14574241638183594,0,1,8318,8479,158,51,159,52,identity,158,51,159,52,9.269257545471191,9.269257545471191,9.269257545471191,9.414999961853027
pretrained_cnn,SR,/home/adadhwal/PhIRE/ttk_runs_fixed/cnn/pd/cnn_SR_s69_speed_p160_x0_y0_pd_port_0.vtu,7d082cd2ad67fcb13c0d7167ca3cc3201797e7359be0584ac3c93d4a832ac03d,1037,1037,1,1,9.38998031616211,10.821627616882324,1.4316473007202148,2,3,16943,16143,143,105,143,100,identity,143,105,143,100,9.38998031616211,9.38998031616211,9.38998031616211,10.821627616882324
pretrained_cnn,SR,/home/adadhwal/PhIRE/ttk_runs_fixed/cnn/pd/cnn_SR_s69_speed_p160_x0_y0_pd_port_0.vtu,7d082cd2ad67fcb13c0d7167ca3cc3201797e7359be0584ac3c93d4a832ac03d,1038,1038,1,1,9.42906379699707,10.6620512008667,1.232987403869629,2,3,8159,8476,159,50,156,52,identity,159,50,156,52,9.42906379699707,9.42906379699707,9.42906379699707,10.6620512008667
pretrained_cnn,SR,/home/adadhwal/PhIRE/ttk_runs_fixed/cnn/pd/cnn_SR_s69_speed_p160_x0_y0_pd_port_0.vtu,7d082cd2ad67fcb13c0d7167ca3cc3201797e7359be0584ac3c93d4a832ac03d,1039,1039,0,1,9.45621395111084,9.535584449768066,0.07937049865722656,0,1,14545,14544,145,90,144,90,identity,145,90,144,90,9.45621395111084,9.45621395111084,9.45621395111084,9.535584449768066
pretrained_cnn,SR,/home/adadhwal/PhIRE/ttk_runs_fixed/cnn/pd/cnn_SR_s69_speed_p160_x0_y0_pd_port_0.vtu,7d082cd2ad67fcb13c0d7167ca3cc3201797e7359be0584ac3c93d4a832ac03d,1040,1040,1,1,9.502504348754883,9.666621208190918,0.16411685943603516,2,3,17107,17423,147,106,143,108,identity,147,106,143,108,9.502504348754883,9.502504348754883,9.502504348754883,9.666621208190918
pretrained_cnn,SR,/home/adadhwal/PhIRE/ttk_runs_fixed/cnn/pd/cnn_SR_s69_speed_p160_x0_y0_pd_port_0.vtu,7d082cd2ad67fcb13c0d7167ca3cc3201797e7359be0584ac3c93d4a832ac03d,1041,1041,1,1,9.503290176391602,9.543553352355957,0.04026317596435547,2,3,17105,17106,145,106,146,106,identity,145,106,146,106,9.503290176391602,9.503290176391602,9.503290176391602,9.543553352355957
pretrained_cnn,SR,/home/adadhwal/PhIRE/ttk_runs_fixed/cnn/pd/cnn_SR_s69_speed_p160_x0_y0_pd_port_0.vtu,7d082cd2ad67fcb13c0d7167ca3cc3201797e7359be0584ac3c93d4a832ac03d,1042,1042,1,1,9.508467674255371,9.510246276855469,0.0017786026000976562,2,3,17264,17104,144,107,144,106,identity,144,107,144,106,9.508467674255371,9.508467674255371,9.508467674255371,9.510246276855469
pretrained_cnn,SR,/home/adadhwal/PhIRE/ttk_runs_fixed/cnn/pd/cnn_SR_s69_speed_p160_x0_y0_pd_port_0.vtu,7d082cd2ad67fcb13c0d7167ca3cc3201797e7359be0584ac3c93d4a832ac03d,1043,1043,1,1,9.658641815185547,9.716846466064453,0.05820465087890625,2,3,8382,8222,62,52,62,51,identity,62,52,62,51,9.658641815185547,9.658641815185547,9.658641815185547,9.716846466064453
pretrained_cnn,SR,/home/adadhwal/PhIRE/ttk_runs_fixed/cnn/pd/cnn_SR_s69_speed_p160_x0_y0_pd_port_0.vtu,7d082cd2ad67fcb13c0d7167ca3cc3201797e7359be0584ac3c93d4a832ac03d,1044,1044,1,1,9.662628173828125,10.540799140930176,0.8781709671020508,2,3,11998,11996,158,74,156,74,identity,158,74,156,74,9.662628173828125,9.662628173828125,9.662628173828125,10.540799140930176
pretrained_cnn,SR,/home/adadhwal/PhIRE/ttk_runs_fixed/cnn/pd/cnn_SR_s69_speed_p160_x0_y0_pd_port_0.vtu,7d082cd2ad67fcb13c0d7167ca3cc3201797e7359be0584ac3c93d4a832ac03d,1045,1045,1,1,9.695517539978027,10.229713439941406,0.5341958999633789,2,3,11833,11991,153,73,151,74,identity,153,73,151,74,9.695517539978027,9.695517539978027,9.695517539978027,10.229713439941406
pretrained_cnn,SR,/home/adadhwal/PhIRE/ttk_runs_fixed/cnn/pd/cnn_SR_s69_speed_p160_x0_y0_pd_port_0.vtu,7d082cd2ad67fcb13c0d7167ca3cc3201797e7359be0584ac3c93d4a832ac03d,1046,1046,1,1,9.886772155761719,11.109891891479492,1.2231197357177734,2,3,9657,9975,57,60,55,62,identity,57,60,55,62,9.886772155761719,9.886772155761719,9.886772155761719,11.109891891479492
pretrained_cnn,SR,/home/adadhwal/PhIRE/ttk_runs_fixed/cnn/pd/cnn_SR_s69_speed_p160_x0_y0_pd_port_0.vtu,7d082cd2ad67fcb13c0d7167ca3cc3201797e7359be0584ac3c93d4a832ac03d,1047,1047,1,1,9.913432121276855,9.966350555419922,0.052918434143066406,2,3,14386,14385,146,89,145,89,identity,146,89,145,89,9.913432121276855,9.913432121276855,9.913432121276855,9.966350555419922
pretrained_cnn,SR,/home/adadhwal/PhIRE/ttk_runs_fixed/cnn/pd/cnn_SR_s69_speed_p160_x0_y0_pd_port_0.vtu,7d082cd2ad67fcb13c0d7167ca3cc3201797e7359be0584ac3c93d4a832ac03d,1048,1048,1,1,10.029540061950684,10.327077865600586,0.29753780364990234,2,3,15018,15337,138,93,137,95,identity,138,93,137,95,10.029540061950684,10.029540061950684,10.029540061950684,10.327077865600586
pretrained_cnn,SR,/home/adadhwal/PhIRE/ttk_runs_fixed/cnn/pd/cnn_SR_s69_speed_p160_x0_y0_pd_port_0.vtu,7d082cd2ad67fcb13c0d7167ca3cc3201797e7359be0584ac3c93d4a832ac03d,1049,1049,1,1,10.128172874450684,10.132745742797852,0.004572868347167969,2,3,8475,8474,155,52,154,52,identity,155,52,154,52,10.128172874450684,10.128172874450684,10.128172874450684,10.132745742797852
pretrained_cnn,SR,/home/adadhwal/PhIRE/ttk_runs_fixed/cnn/pd/cnn_SR_s69_speed_p160_x0_y0_pd_port_0.vtu,7d082cd2ad67fcb13c0d7167ca3cc3201797e7359be0584ac3c93d4a832ac03d,1050,1050,1,1,10.136931419372559,10.744853973388672,0.6079225540161133,2,3,18393,18069,153,114,149,112,identity,153,114,149,112,10.136931419372559,10.136931419372559,10.136931419372559,10.744853973388672
pretrained_cnn,SR,/home/adadhwal/PhIRE/ttk_runs_fixed/cnn/pd/cnn_SR_s69_speed_p160_x0_y0_pd_port_0.vtu,7d082cd2ad67fcb13c0d7167ca3cc3201797e7359be0584ac3c93d4a832ac03d,1051,1051,1,1,10.191743850708008,10.226191520690918,0.034447669982910156,2,3,9499,9498,59,59,58,59,identity,59,59,58,59,10.191743850708008,10.191743850708008,10.191743850708008,10.226191520690918
pretrained_cnn,SR,/home/adadhwal/PhIRE/ttk_runs_fixed/cnn/pd/cnn_SR_s69_speed_p160_x0_y0_pd_port_0.vtu,7d082cd2ad67fcb13c0d7167ca3cc3201797e7359be0584ac3c93d4a832ac03d,1052,1052,1,1,10.197335243225098,11.077957153320312,0.8806219100952148,2,3,15024,15022,144,93,142,93,identity,144,93,142,93,10.197335243225098,10.197335243225098,10.197335243225098,11.077957153320312
pretrained_cnn,SR,/home/adadhwal/PhIRE/ttk_runs_fixed/cnn/pd/cnn_SR_s69_speed_p160_x0_y0_pd_port_0.vtu,7d082cd2ad67fcb13c0d7167ca3cc3201797e7359be0584ac3c93d4a832ac03d,1053,1053,1,1,10.200075149536133,10.372264862060547,0.17218971252441406,2,3,18076,18235,156,112,155,113,identity,156,112,155,113,10.200075149536133,10.200075149536133,10.200075149536133,10.372264862060547
pretrained_cnn,SR,/home/adadhwal/PhIRE/ttk_runs_fixed/cnn/pd/cnn_SR_s69_speed_p160_x0_y0_pd_port_0.vtu,7d082cd2ad67fcb13c0d7167ca3cc3201797e7359be0584ac3c93d4a832ac03d,1054,1054,1,1,10.363317489624023,10.416573524475098,0.05325603485107422,2,3,18391,18392,151,114,152,114,identity,151,114,152,114,10.363317489624023,10.363317489624023,10.363317489624023,10.416573524475098
pretrained_cnn,SR,/home/adadhwal/PhIRE/ttk_runs_fixed/cnn/pd/cnn_SR_s69_speed_p160_x0_y0_pd_port_0.vtu,7d082cd2ad67fcb13c0d7167ca3cc3201797e7359be0584ac3c93d4a832ac03d,1055,1055,1,1,10.387269973754883,12.367745399475098,1.9804754257202148,2,3,15037,14713,157,93,153,91,identity,157,93,153,91,10.387269973754883,10.387269973754883,10.387269973754883,12.367745399475098
pretrained_cnn,SR,/home/adadhwal/PhIRE/ttk_runs_fixed/cnn/pd/cnn_SR_s69_speed_p160_x0_y0_pd_port_0.vtu,7d082cd2ad67fcb13c0d7167ca3cc3201797e7359be0584ac3c93d4a832ac03d,1056,1056,1,1,10.420845985412598,10.594095230102539,0.1732492446899414,2,3,10134,10293,54,63,53,64,identity,54,63,53,64,10.420845985412598,10.420845985412598,10.420845985412598,10.594095230102539
pretrained_cnn,SR,/home/adadhwal/PhIRE/ttk_runs_fixed/cnn/pd/cnn_SR_s69_speed_p160_x0_y0_pd_port_0.vtu,7d082cd2ad67fcb13c0d7167ca3cc3201797e7359be0584ac3c93d4a832ac03d,1057,1057,1,1,10.478240966796875,10.55977725982666,0.08153629302978516,2,3,17919,17918,159,111,158,111,identity,159,111,158,111,10.478240966796875,10.478240966796875,10.478240966796875,10.55977725982666
pretrained_cnn,SR,/home/adadhwal/PhIRE/ttk_runs_fixed/cnn/pd/cnn_SR_s69_speed_p160_x0_y0_pd_port_0.vtu,7d082cd2ad67fcb13c0d7167ca3cc3201797e7359be0584ac3c93d4a832ac03d,1058,1058,1,1,10.545937538146973,10.592419624328613,0.046482086181640625,2,3,18230,18231,150,113,151,113,identity,150,113,151,113,10.545937538146973,10.545937538146973,10.545937538146973,10.592419624328613
pretrained_cnn,SR,/home/adadhwal/PhIRE/ttk_runs_fixed/cnn/pd/cnn_SR_s69_speed_p160_x0_y0_pd_port_0.vtu,7d082cd2ad67fcb13c0d7167ca3cc3201797e7359be0584ac3c93d4a832ac03d,1059,1059,1,1,10.678621292114258,10.847911834716797,0.16929054260253906,2,3,14708,14866,148,91,146,92,identity,148,91,146,92,10.678621292114258,10.678621292114258,10.678621292114258,10.847911834716797
pretrained_cnn,SR,/home/adadhwal/PhIRE/ttk_runs_fixed/cnn/pd/cnn_SR_s69_speed_p160_x0_y0_pd_port_0.vtu,7d082cd2ad67fcb13c0d7167ca3cc3201797e7359be0584ac3c93d4a832ac03d,1060,1060,1,1,10.71534538269043,11.198657035827637,0.48331165313720703,2,3,11,171,11,0,11,1,identity,11,0,11,1,10.71534538269043,10.71534538269043,10.71534538269043,11.198657035827637
pretrained_cnn,SR,/home/adadhwal/PhIRE/ttk_runs_fixed/cnn/pd/cnn_SR_s69_speed_p160_x0_y0_pd_port_0.vtu,7d082cd2ad67fcb13c0d7167ca3cc3201797e7359be0584ac3c93d4a832ac03d,1061,1061,1,1,10.728976249694824,11.095621109008789,0.36664485931396484,2,3,8863,8544,63,55,64,53,identity,63,55,64,53,10.728976249694824,10.728976249694824,10.728976249694824,11.095621109008789
pretrained_cnn,SR,/home/adadhwal/PhIRE/ttk_runs_fixed/cnn/pd/cnn_SR_s69_speed_p160_x0_y0_pd_port_0.vtu,7d082cd2ad67fcb13c0d7167ca3cc3201797e7359be0584ac3c93d4a832ac03d,1062,1062,1,1,10.778512954711914,10.863724708557129,0.08521175384521484,2,3,4833,4832,33,30,32,30,identity,33,30,32,30,10.778512954711914,10.778512954711914,10.778512954711914,10.863724708557129
pretrained_cnn,SR,/home/adadhwal/PhIRE/ttk_runs_fixed/cnn/pd/cnn_SR_s69_speed_p160_x0_y0_pd_port_0.vtu,7d082cd2ad67fcb13c0d7167ca3cc3201797e7359be0584ac3c93d4a832ac03d,1063,1063,1,1,10.942192077636719,11.008193016052246,0.06600093841552734,2,3,15021,14860,141,93,140,92,identity,141,93,140,92,10.942192077636719,10.942192077636719,10.942192077636719,11.008193016052246
pretrained_cnn,SR,/home/adadhwal/PhIRE/ttk_runs_fixed/cnn/pd/cnn_SR_s69_speed_p160_x0_y0_pd_port_0.vtu,7d082cd2ad67fcb13c0d7167ca3cc3201797e7359be0584ac3c93d4a832ac03d,1064,1064,1,1,11.225132942199707,11.496000289916992,0.27086734771728516,2,3,14711,14551,151,91,151,90,identity,151,91,151,90,11.225132942199707,11.225132942199707,11.225132942199707,11.496000289916992
pretrained_cnn,SR,/home/adadhwal/PhIRE/ttk_runs_fixed/cnn/pd/cnn_SR_s69_speed_p160_x0_y0_pd_port_0.vtu,7d082cd2ad67fcb13c0d7167ca3cc3201797e7359be0584ac3c93d4a832ac03d,1065,-1,-1,0,0.0,24.5996150970459,24.5996150970459,0,2,365,14711,45,2,151,91,identity,45,2,151,91,0.06793790310621262,0.06793790310621262,11.225132942199707,11.225132942199707
